"# mode=unfixed d_value=0 d=[0,2] p=0.50 dr=0 seed=1 n_agents=5 obs_dim=34 n_episodes=4000"
episode,sum_reward,success,fail,mean_delay
1,8.425683023657871,14,11,0.8780000000000001
2,2.7287071378565066,13,12,0.9333333333333333
3,43.454762826420456,17,8,0.9039999999999999
4,2.0955486287495457,13,12,0.9400000000000001
5,-26.659406462921922,10,15,0.8360000000000001
6,-9.852508633990517,12,13,0.9019999999999999
7,53.71458977718851,18,7,0.9339999999999999
8,-8.81366015175324,12,13,0.9179999999999999
9,22.382478273116327,15,10,0.9400000000000002
10,-5.857763922505065,12,13,0.93
11,64.09084168070748,19,6,0.9259999999999999
12,28.683389528116784,16,9,0.85
13,10.65764022161093,14,11,0.9259999999999999
14,43.60589605405554,17,8,0.8859999999999999
15,44.56889548540004,17,8,0.9377777777777779
16,-16.41387033061351,11,14,0.8680000000000001
17,-27.24780203293972,10,15,0.908
18,32.56981684249065,16,9,0.924
19,33.582599185359584,16,9,0.8480000000000001
20,33.509940843980445,16,9,0.7660000000000001
21,14.673069424601453,14,11,0.922222222222222
22,11.94404249073653,14,11,0.9039999999999999
23,2.5852213809802436,13,12,0.9059999999999999
24,-28.077717806766856,10,15,0.8900000000000002
25,3.1330067639015637,13,12,0.8760000000000001
26,11.318258255968324,14,11,0.916
27,32.850275399051526,16,9,0.9044444444444443
28,43.48055014924528,17,8,0.852
29,5.004750520632616,13,12,0.8959999999999999
30,0.8397053870944529,13,12,0.8459999999999999
31,-17.1451614824977,11,14,0.9177777777777778
32,13.055231983422821,14,11,0.954
33,30.608410223745395,16,9,0.86
34,64.00705795738551,19,6,0.8999999999999999
35,-7.9078359587627105,12,13,0.911111111111111
36,35.12671451558594,16,9,0.908
37,19.86854346862407,15,10,0.882
38,-16.241525532005234,11,14,0.898
39,2.295873977467145,13,12,0.8859999999999999
40,32.98954097647072,16,9,0.95
41,-5.948867780192204,12,13,0.8688888888888889
42,4.339256121174625,13,12,0.8960000000000001
43,31.965036230334768,16,9,0.8644444444444445
44,33.86145137638217,16,9,0.9480000000000002
45,-8.56384966394027,12,13,0.876
46,11.636127918506501,14,11,0.9400000000000001
47,33.46665115852524,16,9,0.8360000000000001
48,4.279306731172949,13,12,0.9200000000000002
49,12.60320284363599,14,11,0.908
50,13.75894443517114,14,11,0.8800000000000001
51,54.06727555848386,18,7,0.8933333333333334
52,-15.625928108633612,11,14,0.8699999999999999
53,13.191440221065843,14,11,0.8822222222222221
54,15.117853448821776,14,11,0.876
55,51.524876893043746,18,7,0.8360000000000001
56,3.967646264336828,13,12,0.87
57,33.38258304952776,16,9,0.8733333333333335
58,-20.206482457255788,11,14,0.8920000000000001
59,33.295878118898926,16,9,0.9400000000000001
60,22.631260531322127,15,10,0.8400000000000001
61,9.285033924753476,14,11,0.8400000000000001
62,42.3899004306346,17,8,0.8799999999999999
63,52.431507227887934,18,7,0.9360000000000002
64,52.685195733552966,18,7,0.8539999999999999
65,-0.5296501214884168,13,12,0.8759999999999998
66,-9.92609270128108,12,13,0.882
67,-16.679267376815684,11,14,0.9240000000000002
68,-18.84661273035108,11,14,0.8619999999999999
69,33.73680637427415,16,9,0.9259999999999999
70,8.896587288412363,14,11,0.9222222222222223
71,33.2819373717777,16,9,0.8879999999999999
72,21.8532766398999,15,10,0.914
73,12.000722338075093,14,11,0.916
74,1.5931174397323034,13,12,0.9
75,-5.777455583257802,12,13,0.8400000000000001
76,-1.1757215952210922,13,12,0.8780000000000001
77,19.773807518070285,15,10,0.844
78,0.9330875435229178,13,12,0.9400000000000001
79,-21.1351065112363,11,14,0.8899999999999999
80,44.45768025921617,17,8,0.8822222222222221
81,-37.22428207085749,9,16,0.8560000000000001
82,31.666853305778723,16,9,0.8980000000000002
83,21.462140274082927,15,10,0.85
84,23.84266600606459,15,10,0.852
85,42.51288653058441,17,8,0.8540000000000001
86,-27.851000344311156,10,15,0.9244444444444445
87,20.700713316814863,15,10,0.9222222222222223
88,1.6860337570110193,13,12,0.9299999999999999
89,53.14262659902153,18,7,0.852
90,3.7789435958382516,13,12,0.8799999999999999
91,-9.170579390137874,12,13,0.8360000000000001
92,22.183608350996124,15,10,0.9400000000000001
93,20.579080563901762,15,10,0.874
94,-8.417607672093679,12,13,0.836
95,32.89630989368574,16,9,0.96
96,-9.130771519920113,12,13,0.9180000000000001
97,105.88192135566638,23,2,0.9199999999999999
98,2.5891610159582488,13,12,0.9040000000000001
99,-9.874929333461385,12,13,0.8560000000000001
100,73.99135047132029,20,5,0.8733333333333334
101,12.55575140826588,14,11,0.9380000000000001
102,24.651992972701528,15,10,0.9020000000000001
103,4.392482533777248,13,12,0.8860000000000001
104,-5.76283868764775,12,13,0.8760000000000001
105,2.6020225939943646,13,12,0.882
106,43.733022589032736,17,8,0.8619999999999999
107,33.70309623679776,16,9,0.93
108,-17.096318684171592,11,14,0.9088888888888889
109,23.300700028675656,15,10,0.8460000000000001
110,1.8020550598203036,13,12,0.898
111,-8.057670210639387,12,13,0.8640000000000001
112,2.10711361204815,13,12,0.8780000000000001
113,-12.191106641105337,12,13,0.866
114,54.26630173228643,18,7,0.8719999999999999
115,9.86750697832872,14,11,0.89
116,2.232114984800747,13,12,0.9080000000000001
117,42.66437191366067,17,8,0.874
118,43.42380500693048,17,8,0.9
119,-9.079045488507099,12,13,0.9444444444444444
120,-17.978899165115287,11,14,0.842
121,-17.6413322839252,11,14,0.8539999999999999
122,22.41602326411116,15,10,0.8844444444444446
123,35.29364341622105,16,9,0.8380000000000001
124,5.359700727077367,13,12,0.8644444444444443
125,2.151704173947737,13,12,0.85
126,26.231072123096716,15,10,0.9019999999999999
127,-15.995197814925639,11,14,0.8240000000000001
128,44.10013082041729,17,8,0.9199999999999999
129,54.21123427513115,18,7,0.8399999999999999
130,-19.133542706012392,11,14,0.876
131,-6.714620658033273,12,13,0.876
132,-7.359569251080388,12,13,0.8400000000000001
133,-6.431427347708168,12,13,0.852
134,33.0387559475026,16,9,0.868
135,14.836251968717123,14,11,0.8755555555555556
136,54.60643033506945,18,7,0.8560000000000001
137,-5.7531078647560845,12,13,0.916
138,-15.869458413168422,11,14,0.916
139,43.570136145432805,17,8,0.9339999999999999
140,-9.989590645887072,12,13,0.8720000000000001
141,2.5433220159522563,13,12,0.89
142,14.467271529942034,14,11,0.9099999999999999
143,45.203714258948416,17,8,0.9159999999999998
144,14.845983714926561,14,11,0.8719999999999999
145,-9.047892041305998,12,13,0.868
146,14.987260253730355,14,11,0.8540000000000001
147,3.8454778340886238,13,12,0.8920000000000001
148,15.336156569576067,14,11,0.8979999999999999
149,23.72538047690353,15,10,0.8333333333333334
150,-9.024035332551154,12,13,0.9000000000000001
151,14.323153722101944,14,11,0.876
152,-15.682102556548712,11,14,0.842
153,14.069974428827635,14,11,0.9420000000000002
154,3.394201724027244,13,12,0.866
155,43.27127121777165,17,8,0.9720000000000001
156,-5.7764500339122105,12,13,0.858
157,3.830417076411643,13,12,0.9222222222222223
158,22.696586313544337,15,10,0.9780000000000001
159,43.92893496089214,17,8,0.8780000000000001
160,3.334450568809199,13,12,0.93
161,13.392478154292625,14,11,0.986
162,13.002885852614522,14,11,0.8720000000000001
163,-17.378091270189884,11,14,0.952
164,36.376039689088664,16,9,0.8300000000000001
165,75.90793916890665,20,5,0.8640000000000001
166,46.08345753443428,17,8,0.876
167,-7.271916766886178,12,13,0.8940000000000001
168,12.980582846291732,14,11,0.8666666666666667
169,34.60540906965051,16,9,0.9280000000000002
170,3.2803557781588393,13,12,0.914
171,-6.703411961057478,12,13,0.8900000000000002
172,1.1854132423374493,13,12,0.8540000000000001
173,32.90121239255914,16,9,0.826
174,54.03569965004592,18,7,0.8622222222222222
175,35.462081633055526,16,9,0.9040000000000001
176,21.202904915639067,15,10,0.8733333333333334
177,85.64623042857276,21,4,0.8555555555555555
178,35.01421379279745,16,9,0.9419999999999998
179,33.22597189069007,16,9,0.9620000000000001
180,53.656670112400604,18,7,0.8300000000000001
181,15.07738843305216,14,11,0.9860000000000001
182,33.33434623963715,16,9,0.9019999999999999
183,-16.55893709571842,11,14,0.868
184,14.003100473535518,14,11,0.804
185,-14.461297144080243,11,14,0.8955555555555557
186,1.371930097239395,13,12,0.911111111111111
187,34.50280827469016,16,9,0.94
188,-39.39131706169212,9,16,0.9179999999999999
189,33.50874907614332,16,9,0.9380000000000001
190,-5.641476562714551,12,13,0.808
191,15.420422692825467,14,11,0.9019999999999999
192,-19.298787439980387,11,14,0.9100000000000001
193,4.181433879963586,13,12,0.8960000000000001
194,-57.1176009234287,7,18,0.804
195,4.8639743605129,13,12,0.8900000000000002
196,6.428239207851203,13,12,0.9279999999999999
197,24.82619748018248,15,10,0.8600000000000001
198,13.914351779951966,14,11,0.8859999999999999
199,22.39041068141683,15,10,0.8959999999999999
200,11.789176379174938,14,11,0.9066666666666667
201,14.632976907516849,14,11,0.8999999999999998
202,1.2530269690384657,13,12,0.8959999999999999
203,-27.265081501092602,10,15,0.8560000000000001
204,6.135445065850176,13,12,0.8977777777777778
205,13.721835930993318,14,11,0.9199999999999999
206,13.598229422414216,14,11,0.8779999999999999
207,33.09615159589947,16,9,0.9040000000000001
208,-17.46847317899398,11,14,0.8840000000000001
209,-26.323818965781832,10,15,0.9640000000000001
210,22.683795249609787,15,10,0.9279999999999999
211,13.085193303658938,14,11,0.89
212,65.25591692740234,19,6,0.8479999999999999
213,-4.330912937937067,12,13,0.8377777777777777
214,3.97124971187092,13,12,0.898
215,13.031476181186804,14,11,0.866
216,44.08693037308732,17,8,0.9039999999999999
217,55.928889795499934,18,7,0.9040000000000001
218,-67.03615814230626,6,19,0.8979999999999999
219,15.473777744434239,14,11,0.952
220,15.372354175861211,14,11,0.8579999999999999
221,-27.335496118021183,10,15,0.8300000000000001
222,23.312257819769094,15,10,0.8160000000000001
223,15.296280949761769,14,11,0.944
224,24.416459665379403,15,10,0.8600000000000001
225,-37.65069656958408,9,16,0.852
226,-37.64683777021223,9,16,0.9199999999999999
227,24.572936769302654,15,10,0.8559999999999999
228,13.097262057932864,14,11,0.9099999999999999
229,-17.622476002316283,11,14,0.9099999999999999
230,-36.06238177377347,9,16,0.8560000000000002
231,3.606262605761403,13,12,0.8699999999999999
232,43.95068592778134,17,8,0.8540000000000001
233,34.565013319745866,16,9,0.808888888888889
234,-15.949022678857474,11,14,0.9355555555555556
235,12.035809765330178,14,11,0.85
236,34.9526180177898,16,9,0.876
237,-15.499027889073366,11,14,0.8460000000000001
238,3.5026439432096357,13,12,0.9600000000000001
239,2.165981415922376,13,12,0.93
240,43.71059033733999,17,8,0.922222222222222
241,33.252949213976024,16,9,0.9740000000000002
242,-18.481584927650555,11,14,0.8520000000000001
243,23.9131948812696,15,10,0.9139999999999999
244,-8.6792914519181,12,13,0.984
245,35.40947494371171,16,9,0.9288888888888889
246,13.087920673914153,14,11,0.868
247,-9.327219930872321,12,13,0.8460000000000001
248,-19.8988798397604,11,14,0.966
249,24.5156219987833,15,10,0.874
250,3.7391770979944368,13,12,0.851111111111111
251,-29.009708078629068,10,15,0.9639999999999999
252,45.481659784494866,17,8,0.8400000000000001
253,2.7002981470432346,13,12,0.89
254,11.72402518866647,14,11,0.8880000000000001
255,42.058845243406694,17,8,0.8460000000000001
256,11.8975592092063,14,11,0.8859999999999999
257,23.45043008603301,15,10,0.9140000000000003
258,25.917457079148384,15,10,0.93
259,-37.94418183624306,9,16,0.874
260,-8.48581286469513,12,13,0.866
261,54.940139696816786,18,7,0.8999999999999999
262,55.385548141471645,18,7,0.8844444444444444
263,24.10092324360188,15,10,0.882
264,55.55717563905903,18,7,0.842
265,30.890343585440963,16,9,0.9080000000000001
266,31.5553055748904,16,9,0.9088888888888889
267,33.00179343134312,16,9,0.8800000000000001
268,74.70095208162654,20,5,0.9299999999999999
269,14.091278405373007,14,11,0.8719999999999999
270,35.71676983668482,16,9,0.8560000000000001
271,25.953430024024627,15,10,0.914
272,23.972841200544732,15,10,0.9888888888888889
273,65.02755755042529,19,6,0.8699999999999999
274,23.51515321372536,15,10,0.868
275,31.96689520235105,16,9,0.8979999999999999
276,3.428176859664722,13,12,0.8859999999999999
277,-7.98926582543282,12,13,0.874
278,-7.6865672296306,12,13,0.9639999999999999
279,-5.711937891871582,12,13,0.8380000000000001
280,11.318304308444503,14,11,0.8688888888888889
281,3.1036966571093956,13,12,0.95
282,12.993478593198788,14,11,0.8666666666666667
283,33.758133122590685,16,9,0.892
284,-38.11147022472441,9,16,0.8560000000000001
285,23.262469572353382,15,10,0.9399999999999998
286,14.230462500208738,14,11,0.865
287,43.14112431775206,17,8,0.9100000000000001
288,-17.006051015158462,11,14,0.8680000000000001
289,4.75894350954421,13,12,0.884
290,2.874258141887556,13,12,0.85
291,-7.075781001403721,12,13,0.9179999999999999
292,12.645015049342696,14,11,0.9039999999999999
293,21.147833556803768,15,10,0.8240000000000001
294,34.40735091147384,16,9,0.9440000000000002
295,3.7883251223962446,13,12,0.9179999999999999
296,-28.24280487837621,10,15,0.9155555555555558
297,43.953356012223395,17,8,0.914
298,3.0698519403850337,13,12,0.868
299,46.382772109864,17,8,0.8559999999999999
300,-5.120082278948904,12,13,0.8560000000000001
301,45.02817427137977,17,8,0.955
302,2.73117520420496,13,12,0.8879999999999999
303,32.279102764536326,16,9,0.882
304,24.413710292268824,15,10,0.8955555555555557
305,-27.8509974842714,10,15,0.9019999999999999
306,54.09005211840524,18,7,0.8733333333333333
307,53.940936091549155,18,7,0.8800000000000001
308,24.30217235468905,15,10,0.9520000000000002
309,34.354655721730914,16,9,0.9019999999999999
310,22.270212151768646,15,10,0.9244444444444445
311,34.88783597076158,16,9,0.8999999999999999
312,4.128239855550479,13,12,0.9133333333333334
313,-7.968925749542081,12,13,0.882
314,33.83744319468323,16,9,0.8622222222222222
315,-15.038021749733671,11,14,0.892
316,12.879545710264043,14,11,0.834
317,2.5516021643239406,13,12,0.8880000000000001
318,24.09693160614956,15,10,0.908
319,21.9015459189212,15,10,0.8800000000000001
320,2.7615019576273516,13,12,0.866
321,43.611575375482374,17,8,0.89
322,12.482552846949533,14,11,0.994
323,23.24828267888868,15,10,0.9133333333333334
324,14.160019524791391,14,11,0.898
325,12.444081959741247,14,11,0.906
326,43.14770051158548,17,8,0.874
327,54.79325281302955,18,7,0.9311111111111112
328,23.628770750611427,15,10,0.898
329,-4.946061861619507,12,13,0.8219999999999998
330,49.99581843284981,17,7,0.882
331,12.047527156380525,13,11,0.951111111111111
332,32.84912284337354,16,9,0.86
333,14.329268963967618,14,11,0.8977777777777778
334,-19.000012840184766,11,14,0.8619999999999999
335,-15.765622793023825,11,14,0.9000000000000001
336,4.665948220113504,13,12,0.95
337,15.373120989013238,14,11,0.876
338,33.41302207391809,16,9,0.85
339,56.5241629433319,18,7,1.008888888888889
340,33.89368506337208,16,9,0.962
341,22.44235655753906,15,10,0.8888888888888888
342,23.407720580433725,15,10,0.9040000000000001
343,-22.01442680643832,11,14,0.8939999999999999
344,9.04169337923274,14,11,0.9244444444444445
345,-9.855148040113502,12,13,0.8733333333333334
346,74.76619993968694,20,5,0.916
347,23.727467362538874,15,10,0.9019999999999999
348,5.201220559840727,13,12,0.9266666666666666
349,0.45122578076482805,13,12,0.874
350,44.13236349428805,17,8,0.842
351,33.59394635600798,16,9,0.858
352,34.98008119378648,16,9,0.9059999999999999
353,33.430432457502796,16,9,0.8759999999999998
354,-8.54570314972114,12,13,0.9066666666666667
355,25.042438655700085,15,10,0.8180000000000002
356,22.89019708831627,15,10,0.866
357,12.433854083888564,14,11,0.922
358,32.61500621731072,16,9,0.776
359,13.311643425893557,14,11,0.86
360,33.26233754642827,16,9,0.9380000000000001
361,22.259561055870343,15,10,0.8859999999999999
362,-41.354646313850054,9,16,0.9179999999999999
363,11.727502671893207,14,11,0.8879999999999999
364,2.4224667679634546,13,12,0.9179999999999999
365,-20.800753112873174,11,14,0.884
366,42.10482324548734,17,8,0.931111111111111
367,-9.643252977959225,12,13,0.8940000000000001
368,-16.134390376940313,11,14,0.8739999999999999
369,22.11521467813292,15,10,0.8822222222222221
370,-2.6837439052716956,13,12,0.8959999999999999
371,54.38293900029597,18,7,0.845
372,41.870703902612426,17,8,0.9079999999999998
373,10.013227696152569,14,11,0.9339999999999999
374,54.917788309432815,18,7,0.8222222222222223
375,-7.995245265171663,12,13,0.911111111111111
376,13.64856593256166,14,11,0.906
377,30.00759533696375,16,9,0.8977777777777778
378,12.6586143585555,14,11,0.8822222222222222
379,12.245777141046457,14,11,0.9159999999999998
380,3.819933773597878,13,12,0.9022222222222221
381,31.33360990207151,16,9,0.86
382,35.35975179842949,16,9,0.908
383,11.654720901249686,14,11,0.866
384,13.399036121399773,14,11,0.8977777777777778
385,-7.732337608722303,12,13,0.8733333333333333
386,21.823966798306593,15,10,0.834
387,33.75727471340291,16,9,0.914
388,-0.3727953691926057,13,12,0.932
389,62.77235378508817,19,6,0.8622222222222223
390,42.47538453737319,17,8,0.9244444444444445
391,42.6817948381014,17,8,0.8699999999999999
392,-9.686535669566346,12,13,0.8799999999999999
393,22.510962049346528,15,10,0.9040000000000001
394,51.983221921595906,18,7,0.876
395,42.67006673671094,17,8,0.8240000000000001
396,33.885495654994,16,9,0.898
397,32.562214651502465,16,9,0.8560000000000001
398,0.8699547483874364,13,12,0.8959999999999999
399,-18.44787784355925,11,14,0.868
400,-40.59330152126723,9,16,0.884
401,32.96367363859346,16,9,0.9422222222222223
402,32.14418496055486,16,9,0.8939999999999999
403,1.7905812365623643,13,12,0.898
404,-23.9409019676255,10,15,0.874
405,32.86085513263829,16,9,0.8400000000000001
406,33.23023236268456,16,9,0.8155555555555556
407,14.800167573960572,14,11,0.876
408,45.33631132837064,17,8,0.7977777777777777
409,34.455185199288,16,9,0.7699999999999999
410,22.031516971354954,15,10,0.9199999999999999
411,34.16270773577207,16,9,0.851111111111111
412,65.94646229756174,19,6,0.8975000000000001
413,41.62919306117832,17,8,0.8920000000000001
414,25.38069879766777,15,10,0.876
415,12.421639793743564,14,11,0.8533333333333333
416,11.785256066888428,14,11,0.8955555555555554
417,44.26304543736346,17,8,0.8577777777777779
418,53.291838849565444,18,7,0.8560000000000001
419,-28.20856648585105,10,15,0.9340000000000002
420,22.676827767737493,15,10,0.8844444444444446
421,21.853996328560186,15,10,0.8939999999999999
422,23.826551235977853,15,10,0.922
423,0.9306862890490083,13,12,0.874
424,-27.32959476595556,10,15,0.8666666666666667
425,-29.86348216853269,10,15,0.8520000000000001
426,-28.327332687742214,10,15,0.906
427,44.28218283149981,17,8,0.9280000000000002
428,-36.430806579481086,9,16,0.8760000000000001
429,53.53205719550072,18,7,0.9399999999999998
430,11.90949261814378,14,11,0.884
431,10.463766405799232,14,11,0.8639999999999999
432,3.241061029597562,13,12,0.874
433,44.042403553634024,17,8,0.8859999999999999
434,42.5632379763243,17,8,0.8844444444444445
435,-8.946749033024357,12,13,0.93
436,1.8686781144959903,13,12,0.8960000000000001
437,2.916241149343485,13,12,0.922
438,-20.48647940562391,11,14,0.792
439,44.17638855665241,17,8,0.8440000000000001
440,-27.784812937936305,10,15,0.8680000000000001
441,11.984112905745858,14,11,0.826
442,-8.657429597621238,12,13,0.876
443,42.924236227217314,17,8,0.8719999999999999
444,-7.475721385040594,12,13,0.8619999999999999
445,20.174581071697855,15,10,0.9400000000000001
446,31.3767519189967,16,9,0.7939999999999999
447,43.94731433020438,17,8,0.8780000000000001
448,-18.145127471766457,11,14,0.908
449,23.280919812463686,15,10,0.868
450,37.54391813869096,16,9,0.9380000000000001
451,13.93198417247402,14,11,0.852
452,14.152632852557689,14,11,0.8899999999999999
453,52.82482538902641,18,7,0.866
454,2.7700566407758096,13,12,0.8960000000000001
455,12.013568004834609,14,11,0.968
456,20.02799587276638,15,10,0.8911111111111113
457,3.057729475818859,13,12,0.9044444444444445
458,21.97124248260723,15,10,0.8533333333333333
459,-39.081790216102895,9,16,0.874
460,33.501845921072714,16,9,0.8222222222222221
461,43.99930391456135,17,8,0.874
462,-5.6974044672141,12,13,0.8819999999999999
463,24.177239311977928,15,10,0.9279999999999999
464,11.879111152462121,14,11,0.922
465,-19.110648571965704,11,14,0.906
466,33.9434740829127,16,9,0.8940000000000001
467,22.346426350187116,15,10,0.9239999999999998
468,65.79175314888016,19,6,0.8666666666666667
469,31.311137340030264,16,9,0.8560000000000002
470,-7.681225967736459,12,13,0.8440000000000001
471,22.427089423141812,15,10,0.966
472,-37.724286350309114,9,16,0.916
473,-32.34211992657978,10,15,0.978
474,10.107337943623632,14,11,0.8220000000000001
475,-30.172065796224757,10,15,0.8720000000000001
476,-10.738369289672681,12,13,0.8619999999999999
477,44.017040445582,17,8,0.8200000000000001
478,-43.04187345188868,9,16,0.9099999999999999
479,32.96764724176579,16,9,0.8320000000000001
480,40.41283834153238,17,8,0.93
481,44.13458790606961,17,8,0.8466666666666667
482,10.699249373323884,14,11,0.874
483,24.604106010977922,15,10,0.924
484,20.79636939407283,15,10,0.908
485,21.965586941241636,15,10,0.8866666666666667
486,52.13182852983061,18,7,0.8644444444444445
487,53.14939881021593,18,7,0.892
488,12.32980998204617,14,11,0.9199999999999999
489,22.160484874169168,15,10,0.898
490,12.418499425530024,14,11,0.9620000000000001
491,10.767992850267946,14,11,0.8822222222222221
492,34.656663493203006,16,9,0.79
493,-16.416490010533387,11,14,1.0259999999999998
494,43.75183064182488,17,8,0.8755555555555556
495,35.82968061547708,16,9,0.898
496,42.165575499543834,17,8,0.8860000000000001
497,44.72007873839451,17,8,0.9400000000000001
498,-27.578376921232366,10,15,0.8639999999999999
499,55.16214966884504,18,7,0.8675
500,24.888694696835426,15,10,0.8911111111111111
501,-6.4286644570972875,12,13,0.8719999999999999
502,2.1424102258441797,13,12,0.9360000000000002
503,-30.94402674992987,10,15,0.9020000000000001
504,-42.06114058722517,9,16,0.866
505,12.94934115389227,14,11,0.8600000000000001
506,23.653164738656695,15,10,0.95
507,0.9184541272574567,13,12,0.8688888888888889
508,42.22753529373699,17,8,0.932
509,35.52939743355621,16,9,0.874
510,11.918131083928841,14,11,0.8711111111111112
511,12.57857423853196,14,11,0.9179999999999999
512,-5.557406441569421,12,13,0.8533333333333334
513,52.73647541811994,18,7,0.9044444444444445
514,-16.159628964304872,11,14,0.8799999999999999
515,33.253377127754476,16,9,0.9159999999999998
516,44.84739871441536,17,8,0.8911111111111113
517,-8.292540053134255,12,13,0.9
518,10.779097910111217,14,11,0.9179999999999999
519,-9.359801738070228,12,13,0.842
520,-26.989959505396556,10,15,0.8960000000000001
521,1.4761070365567095,13,12,0.8480000000000001
522,54.1038863682453,18,7,0.8533333333333333
523,4.808970463581554,13,12,0.9266666666666666
524,20.353343179675377,15,10,0.9099999999999999
525,3.2223774045843347,13,12,0.8800000000000001
526,3.263557018361475,13,12,0.8859999999999999
527,22.890515216959482,15,10,0.8719999999999999
528,-0.5444917159988165,13,12,0.9160000000000001
529,12.228264478299469,14,11,0.8640000000000001
530,-5.353552594164326,12,13,0.9179999999999999
531,0.559102836236443,13,12,0.906
532,32.80479836199842,16,9,0.8879999999999999
533,45.367661207313546,17,8,0.8720000000000001
534,62.859831528921596,19,6,0.8799999999999999
535,61.57242497711364,19,6,0.836
536,45.60107054134019,17,8,0.874
537,34.28174425759881,16,9,0.9066666666666667
538,44.38116782897705,17,8,0.9039999999999999
539,33.00653642884322,16,9,0.858
540,-11.3556544367209,12,13,0.916
541,2.1132995925956592,13,12,0.82
542,-18.235453972365992,11,14,0.8480000000000001
543,45.60767357076448,17,8,0.84
544,53.470083904785454,18,7,0.9120000000000001
545,20.884259669869216,15,10,0.898
546,2.106551097516422,13,12,0.8640000000000001
547,15.210937713505444,14,11,0.8619999999999999
548,13.75014968682288,14,11,0.9139999999999999
549,-0.1451076391357602,13,12,0.876
550,-6.573746070184995,12,13,0.8959999999999999
551,42.486452744166414,17,8,0.8959999999999999
552,22.58076923171175,15,10,0.834
553,13.711941089920927,14,11,0.8666666666666667
554,2.0472223698341168,13,12,0.8466666666666668
555,2.859587892649211,13,12,0.9919999999999998
556,52.31921655903474,18,7,0.8577777777777778
557,13.310501878803496,14,11,0.892
558,34.51876858667009,16,9,0.9199999999999999
559,-8.896898128453172,12,13,0.8480000000000001
560,11.161679209402564,14,11,0.9279999999999999
561,-19.048578386010828,11,14,0.868
562,3.286352074544288,13,12,0.8088888888888889
563,12.839446506087627,14,11,0.8699999999999999
564,13.950312185978976,14,11,0.924
565,23.108131165369198,15,10,0.9200000000000002
566,43.34061331015712,17,8,0.8600000000000001
567,31.146785867251086,16,9,0.8560000000000001
568,11.579798322580718,14,11,0.9179999999999999
569,1.9945236850903498,13,12,0.9475
570,54.72260389348786,18,7,0.9100000000000001
571,0.905805633957149,13,12,0.8600000000000001
572,34.65935879649842,16,9,0.9400000000000001
573,-8.548936883627183,12,13,0.9380000000000001
574,2.200015326981248,13,12,0.9419999999999998
575,63.82722981417826,19,6,0.852
576,-15.980306129214132,11,14,0.932
577,61.966082606113574,19,6,0.876
578,2.222027903138258,13,12,0.9219999999999999
579,2.288084148688391,13,12,0.9520000000000002
580,33.725779274149055,16,9,0.9022222222222224
581,13.186200797533875,14,11,0.9440000000000002
582,36.07788975723595,16,9,0.9644444444444444
583,54.04367436545472,18,7,0.7859999999999999
584,65.77974506320595,19,6,0.9222222222222223
585,22.885803593514517,15,10,0.8640000000000001
586,43.36869143582692,17,8,0.852
587,2.9049507679619504,13,12,0.818
588,45.770426279744115,17,8,0.85
589,0.7921981023971361,13,12,0.8719999999999999
590,-17.89253979970631,11,14,0.9000000000000001
591,-19.227079583452138,11,14,0.8460000000000001
592,42.902413583492596,17,8,0.8360000000000001
593,54.431395566321456,18,7,0.884
594,45.34733781866099,17,8,0.9019999999999999
595,-29.29741781719871,10,15,0.8580000000000002
596,21.57339738761798,15,10,0.874
597,-6.986051405275626,12,13,0.9200000000000002
598,12.394820460038211,14,11,0.8022222222222223
599,13.100581584440544,14,11,0.8733333333333334
600,52.322500646652934,18,7,0.8755555555555555
601,52.49712228505717,18,7,0.9499999999999998
602,22.83412115549782,15,10,0.8488888888888888
603,53.79515546721269,18,7,0.884
604,2.966916446234075,13,12,0.852
605,12.707754912976602,14,11,0.8955555555555557
606,22.486870672032772,15,10,0.931111111111111
607,32.8739626581899,16,9,0.9520000000000002
608,1.236873619149863,13,12,0.9039999999999999
609,-9.479095243656783,12,13,0.9044444444444445
610,1.8898057871549303,13,12,0.8859999999999999
611,32.88748640916492,16,9,0.86
612,42.182201059158054,17,8,0.9888888888888889
613,1.426678331285288,13,12,0.8866666666666667
614,19.23320195643038,15,10,0.9260000000000002
615,-9.18204694072095,12,13,0.914
616,93.84159528025458,22,3,0.8755555555555555
617,21.075766497455756,15,10,0.8960000000000001
618,64.12178835688478,19,6,0.884
619,0.651386994931145,13,12,0.8800000000000001
620,30.38438388257483,16,9,0.8480000000000001
621,-0.03655822153797139,13,12,0.876
622,-0.6492580035645603,13,12,0.978
623,63.244080418124476,19,6,0.9259999999999999
624,39.49116939497833,17,8,0.868
625,30.331619273342014,16,9,0.9359999999999999
626,31.839871694635892,16,9,0.8860000000000001
627,50.927987355627195,18,7,0.8960000000000001
628,10.546687894805316,14,11,1.0
629,-18.811241108650115,11,14,0.9019999999999999
630,34.32511375226625,16,9,0.9622222222222222
631,51.65981166350438,18,7,0.9377777777777777
632,23.128544429880336,15,10,0.9260000000000002
633,82.07379741127565,21,4,0.9019999999999999
634,0.2780479079766529,13,12,0.932
635,22.08155845984098,15,10,0.9066666666666667
636,63.32483091420334,19,6,0.8844444444444446
637,43.724311556224556,17,8,0.876
638,47.62848839753347,18,7,0.9059999999999999
639,2.553877903182789,13,12,0.8977777777777778
640,93.2181719244179,22,3,0.8933333333333334
641,71.73088641494346,20,5,0.9355555555555556
642,39.82748179283546,17,8,0.916
643,19.90395198479886,15,10,0.8911111111111111
644,94.85685511136984,22,3,0.9739999999999999
645,-11.222675643359006,12,13,0.8779999999999999
646,39.75971907386106,17,8,0.9066666666666667
647,69.53277919514113,20,5,0.85
648,18.8729251456549,15,10,0.8840000000000001
649,38.99854257070382,17,8,0.9240000000000002
650,9.763572948494653,14,11,0.8320000000000001
651,30.70986953204801,16,9,0.8644444444444443
652,20.06641625845239,15,10,0.924
653,46.24727590731973,17,7,0.7999999999999998
654,30.990114601528973,16,9,0.8377777777777778
655,53.809451405272945,18,7,0.8955555555555557
656,28.572954995395712,16,9,0.8
657,74.68635048168684,20,5,0.8699999999999999
658,17.233858993860448,15,10,0.8760000000000001
659,62.55917496010906,19,6,0.938
660,54.90330664995894,18,7,0.8700000000000001
661,22.022762027399992,15,10,0.9479999999999998
662,20.741455425933637,15,10,0.906
663,11.469462355489725,14,11,0.938
664,33.43329231824438,16,9,0.8540000000000001
665,40.731860629532946,17,8,0.9299999999999999
666,22.41084655722848,15,10,0.8820000000000002
667,53.72402053807681,18,7,0.9019999999999999
668,48.568431148240954,18,7,0.8800000000000001
669,12.042246202598626,14,11,0.898
670,33.285169366993124,16,9,0.8480000000000001
671,60.20634499620468,19,6,0.916
672,-21.7370241355175,11,14,0.8940000000000001
673,20.93641388464563,15,10,0.876
674,-7.725005845514964,12,13,0.834
675,0.5985505847927008,13,12,0.9179999999999999
676,13.38371451982139,14,11,0.8320000000000001
677,53.81975518161075,18,7,0.9488888888888888
678,53.914417737056354,18,7,0.868
679,51.637588493550204,18,7,0.8044444444444445
680,54.81334457719014,18,7,0.8174999999999999
681,30.349285745924767,16,9,0.8844444444444444
682,-0.8049726988885331,13,12,0.9120000000000001
683,38.89998692998113,17,8,0.9019999999999999
684,42.095443967347016,17,8,0.8955555555555557
685,60.273874862214,19,6,0.938
686,12.146348777704667,14,11,0.9177777777777778
687,11.65746851587705,14,11,0.9199999999999999
688,1.0160986718456915,13,12,0.8560000000000002
689,82.43046940291269,21,4,0.8977777777777778
690,10.476008089992707,14,11,0.9099999999999999
691,30.591779934312886,16,9,0.908
692,-0.5461454778233623,13,12,0.8880000000000001
693,-7.871429085282967,12,13,0.9620000000000001
694,29.837400912021835,16,9,0.8699999999999999
695,19.391382195061933,15,10,0.8688888888888888
696,6.74480268884969,14,11,0.9600000000000002
697,31.78757281549003,16,9,0.9039999999999999
698,34.1329661523745,16,9,0.954
699,67.04087445022682,19,6,0.8844444444444445
700,9.906423934305977,14,11,0.8640000000000001
701,31.529686385746526,16,9,0.8666666666666667
702,0.7349931784937906,13,12,0.9080000000000001
703,19.01114821889142,15,10,0.9039999999999999
704,-30.38100706998972,10,15,0.836
705,32.37882531514519,16,9,0.9039999999999999
706,21.77003021879281,15,10,0.7999999999999999
707,30.877254569473543,16,9,0.9179999999999999
708,53.649961124149684,18,7,0.9133333333333334
709,10.010376192748712,14,11,0.8640000000000001
710,43.77490994353012,17,8,0.8288888888888889
711,0.39658036695516685,13,12,0.8955555555555557
712,-10.288662628683136,12,13,0.9400000000000001
713,82.24314909020116,21,4,0.8133333333333334
714,53.32894604287859,18,7,0.86
715,31.432338873335226,16,9,0.892
716,0.6046648809171646,13,12,0.914
717,64.46853651993358,19,6,0.9511111111111111
718,1.4393231247223959,13,12,0.8822222222222221
719,-32.716808156387934,10,15,0.924
720,7.839644591910256,14,11,0.98
721,52.73281974979048,18,7,0.9120000000000001
722,62.884338032805566,19,6,0.8644444444444445
723,21.879686396154696,15,10,0.86
724,33.12183476674933,16,9,0.8822222222222222
725,74.33025606933182,20,5,0.9000000000000001
726,20.915962084923144,15,10,0.9019999999999999
727,29.32585121476525,16,9,0.9279999999999999
728,-19.580375562312575,11,14,0.8560000000000001
729,61.5114940927892,19,6,0.908
730,-0.38763293994567194,13,12,0.9355555555555557
731,34.959096745355055,16,9,0.9533333333333334
732,-10.638774682600808,12,13,0.8560000000000001
733,40.99132318234328,17,8,0.944
734,-0.05838156774679426,13,12,0.868
735,31.480790800807725,16,9,0.914
736,31.554735467776965,16,9,0.9299999999999999
737,63.8057582680857,19,6,0.8699999999999999
738,13.078818702534003,14,11,0.8780000000000001
739,51.12094827075191,18,7,0.892
740,32.556454236410985,16,9,0.884
741,31.261173203851406,16,9,0.8639999999999999
742,50.99337678458632,18,7,0.9039999999999999
743,29.242816200917012,16,9,0.9199999999999999
744,8.97818828720153,14,11,0.8320000000000001
745,13.07893359244886,14,11,0.9311111111111112
746,54.20652580709421,18,7,0.8800000000000001
747,0.1947677367422962,13,12,0.8619999999999999
748,28.58075694771972,16,9,0.942
749,-0.5782066800334951,13,12,0.9088888888888891
750,52.27742008924342,18,7,0.8940000000000001
751,12.235443813884867,14,11,0.8799999999999999
752,22.14012428894943,15,10,0.8866666666666667
753,54.101757849526905,18,7,0.8460000000000001
754,2.580456039484428,13,12,0.914
755,33.85286568401945,16,9,0.8666666666666667
756,-6.5151408252958465,12,13,0.9099999999999999
757,43.98293261139531,17,8,0.9622222222222222
758,10.665701805337113,14,11,0.8299999999999998
759,62.989393339443424,19,6,0.8879999999999999
760,-20.188368351979975,11,14,0.8379999999999999
761,33.48171834510965,16,9,0.9460000000000001
762,11.136062424262562,14,11,0.834
763,65.3207575193524,19,6,0.8620000000000001
764,13.366116146584098,14,11,0.8979999999999999
765,41.73491006528602,17,8,0.882
766,20.533365606479652,15,10,0.8879999999999999
767,52.754295573653046,18,7,0.9511111111111111
768,30.937945835986806,16,9,0.8939999999999999
769,42.90238924697957,17,8,0.874
770,60.24258291876569,19,6,0.8760000000000001
771,51.53495769964673,18,7,0.866
772,42.16045310917361,17,8,0.8911111111111111
773,44.30794589541999,17,8,0.95
774,11.730047833005253,14,11,0.9700000000000001
775,-1.19858507010591,13,12,0.9300000000000003
776,12.039511184944164,14,11,0.8777777777777778
777,22.769719724361636,15,10,0.89
778,72.46885809657121,20,5,0.866
779,41.47861075775225,17,8,0.884
780,56.16925719883138,18,7,0.9422222222222223
781,-0.23733856304688478,13,12,0.906
782,54.32185967995938,18,7,0.9160000000000001
783,40.967918250936066,17,8,0.9159999999999998
784,11.5358221197726,14,11,0.86
785,41.706055735800994,17,8,0.8200000000000001
786,12.680968891237,14,11,0.9240000000000002
787,52.90310872719676,18,7,0.8880000000000001
788,43.36644689215543,17,8,0.884
789,34.409738982598,16,9,1.0
790,29.5560384908285,16,9,0.8219999999999998
791,9.294543688596272,14,11,0.8939999999999999
792,42.69821015941683,17,8,0.8800000000000001
793,41.74860876902165,17,8,0.974
794,10.057621484713975,14,11,0.884
795,62.24361606524721,19,6,0.8540000000000001
796,43.95538408668337,17,8,0.8288888888888889
797,22.007456883007112,15,10,0.9444444444444444
798,43.581743865658495,17,8,0.898
799,12.31894713849222,14,11,0.882
800,22.89320177384017,15,10,0.9059999999999999
801,11.885852818834824,14,11,0.9359999999999999
802,42.437647705849955,17,8,0.8459999999999999
803,30.856113536975506,16,9,0.8479999999999999
804,-8.166237291026132,12,13,0.8511111111111112
805,53.81322358645247,18,7,0.8779999999999999
806,63.139586096582384,19,6,0.954
807,0.925949057582427,13,12,0.8711111111111111
808,61.80240386259073,19,6,0.8755555555555556
809,64.56517169903279,19,6,0.915
810,33.86109060397593,16,9,0.8760000000000001
811,9.529254624910855,14,11,0.884
812,22.728023983268105,15,10,0.9099999999999999
813,2.108786606666026,13,12,0.8800000000000001
814,41.4476630093215,17,8,0.8755555555555554
815,43.69877335260657,17,8,0.8511111111111112
816,63.624324061828304,19,6,0.8019999999999999
817,52.44093446585504,18,7,0.86
818,-6.171236011159761,12,13,0.8739999999999999
819,75.18972990907821,20,5,0.8866666666666667
820,-32.44369190615294,10,15,0.876
821,40.149355526261616,17,8,0.8779999999999999
822,23.387923690541772,15,10,0.9
823,54.36863349361968,18,7,0.9780000000000001
824,34.44660093503495,16,9,0.8520000000000001
825,20.742300820738,15,10,0.922
826,12.839326949313733,14,11,0.962
827,53.04607900131156,18,7,0.8422222222222221
828,64.23732936424135,19,6,0.9177777777777778
829,35.45773595799287,16,9,0.8888888888888888
830,-19.675839840874662,11,14,0.876
831,-7.1178352895179176,12,13,0.8480000000000001
832,14.79862283023606,14,11,0.8533333333333334
833,54.078292842547825,18,7,0.834
834,63.76080671519791,19,6,0.9240000000000002
835,1.0438974303251705,13,12,0.8875000000000001
836,-17.98380246396294,11,14,0.8560000000000001
837,42.70903200255787,17,8,0.906
838,55.25211145871686,18,7,0.8844444444444446
839,23.861780423932824,15,10,0.86
840,83.91050722761362,21,4,0.9359999999999999
841,13.544532145208564,14,11,0.8160000000000001
842,45.33503360531303,17,8,0.9022222222222221
843,-7.35726205374627,12,13,0.882
844,44.08158400655274,17,8,0.9599999999999999
845,11.607294508816095,14,11,0.8780000000000001
846,31.46148041639092,16,9,0.8511111111111112
847,23.873133147478576,15,10,0.9100000000000001
848,63.781114507018756,19,6,0.93
849,65.2411315945254,19,6,0.8622222222222222
850,25.99926866789721,15,10,0.828
851,13.35503179843834,14,11,0.8688888888888889
852,61.965114437201514,19,6,0.8711111111111111
853,-7.969792415273682,12,13,0.9100000000000001
854,21.329822873277468,15,10,0.9339999999999999
855,86.54412590085535,21,4,0.874
856,64.24314534163942,19,6,0.8466666666666667
857,-8.753059036096225,12,13,0.836
858,-16.256074366986596,11,14,0.9740000000000002
859,64.62253293201387,19,6,0.9179999999999999
860,45.583661742134375,17,8,0.95
861,3.4472143122212193,13,12,0.914
862,96.89810186888461,22,3,0.8459999999999999
863,12.774246222973034,14,11,0.9844444444444443
864,42.452362744064054,17,8,0.8560000000000001
865,47.36052047050288,17,8,0.9
866,32.532194865681475,16,9,0.868
867,33.01933742197336,16,9,0.9019999999999999
868,53.99082528083051,18,7,0.8844444444444445
869,56.251002910336965,18,7,0.9174999999999999
870,31.58695352848568,16,9,0.884
871,14.517404151272405,14,11,0.8920000000000001
872,45.542010195074255,17,8,0.874
873,53.35217966056233,18,7,0.82
874,55.49923921891309,18,7,0.89
875,52.95342146605091,18,7,0.868
876,64.90031334860564,19,6,0.93
877,2.128635645960946,13,12,0.8939999999999999
878,54.04334868734808,18,7,0.868
879,41.36814389102656,17,8,0.8422222222222221
880,33.483742341407996,16,9,0.8940000000000001
881,64.73866034038092,19,6,0.9039999999999999
882,31.098190260498214,16,9,0.8999999999999999
883,2.836664871522279,13,12,0.884
884,72.42615647493804,20,5,0.9355555555555556
885,21.856779839070086,15,10,0.9777777777777776
886,33.34334539741637,16,9,0.874
887,61.52781766756695,19,6,0.8320000000000001
888,0.37075661000934357,13,12,0.8960000000000001
889,31.115734065910697,16,9,0.9177777777777778
890,19.903687680311105,15,10,0.922
891,23.001888225259204,15,10,0.8400000000000001
892,23.762723156572363,15,10,0.8244444444444445
893,64.04575824590574,19,6,0.9440000000000002
894,13.764862626535546,14,11,0.8533333333333334
895,34.14120257960025,16,9,0.7955555555555557
896,30.404408296048253,16,9,0.8880000000000001
897,1.2109261528461093,13,12,0.9339999999999999
898,74.89872419282142,20,5,0.9311111111111112
899,14.604373374271344,14,11,0.8777777777777778
900,34.36008465222063,16,9,0.898
901,21.96033367974126,15,10,0.9088888888888889
902,-9.404580882757397,12,13,0.9100000000000001
903,13.270105209135526,14,11,0.8979999999999999
904,75.25165905419975,20,5,0.89
905,43.21329876533064,17,8,0.9419999999999998
906,50.99781974004602,18,7,0.8622222222222222
907,41.694889244174675,17,8,0.9380000000000001
908,-29.823423950882542,10,15,0.898
909,73.48364881372798,20,5,0.8999999999999999
910,43.83717898736648,17,8,0.974
911,22.953335646195164,15,10,0.8859999999999999
912,1.28622211270834,13,12,0.9119999999999999
913,53.076423199916455,18,7,0.884
914,21.64695918601663,15,10,0.826
915,1.2221694782770562,13,12,0.9179999999999999
916,11.581402856288522,14,11,0.9419999999999998
917,10.145576769772429,14,11,0.8859999999999999
918,105.37011479898229,23,2,0.8222222222222221
919,0.40685219878811907,13,12,0.9279999999999999
920,63.17489906305464,19,6,0.89
921,52.06118199513226,18,7,0.9019999999999999
922,24.065563075881563,15,10,0.978
923,2.9577055775746617,13,12,0.8939999999999999
924,14.847225062808086,14,11,0.9155555555555556
925,-10.101636648430114,12,13,0.9775
926,62.9284460885056,19,6,0.8866666666666667
927,-8.873529356216679,12,13,0.9377777777777777
928,-22.00526746764889,11,14,0.8933333333333334
929,22.129986459103606,15,10,0.8720000000000001
930,-29.800862747383594,10,15,0.932
931,20.432211215781322,15,10,0.9488888888888888
932,22.446934332739346,15,10,0.8560000000000002
933,40.663415816640146,17,8,0.8955555555555557
934,52.86125888957117,18,7,0.9133333333333332
935,-8.382915661987683,12,13,0.8940000000000001
936,53.393888744718886,18,7,0.828888888888889
937,-61.014935905277625,7,18,0.9019999999999999
938,43.832796488287016,17,8,0.8840000000000001
939,64.62069041351408,19,6,0.88
940,2.680897686069782,13,12,0.8460000000000001
941,54.78298908288561,18,7,0.85
942,20.68939073642921,15,10,0.8355555555555556
943,13.447774511348634,14,11,0.9680000000000002
944,14.618829157182734,14,11,0.892
945,12.822364971437533,14,11,0.8919999999999998
946,44.5399140290519,17,8,0.8840000000000001
947,83.91954121550023,21,4,0.9260000000000002
948,-14.198737416829726,12,13,0.8760000000000001
949,13.184848112911501,14,11,0.8911111111111111
950,9.713441200697135,14,11,0.916
951,30.21451348996344,16,9,0.9720000000000001
952,44.08362286827104,17,8,0.858
953,62.0760549410523,19,6,0.8577777777777778
954,-8.727992179551443,12,13,0.9040000000000001
955,24.082312903384384,15,10,0.8999999999999999
956,12.301074124110489,14,11,0.9039999999999999
957,22.748996976599784,15,10,0.9155555555555556
958,32.70152125181636,16,9,0.932
959,41.62561392758084,17,8,0.874
960,2.6178467693712832,13,12,0.8119999999999999
961,35.35958885382645,16,9,0.9039999999999999
962,21.950121030622498,15,10,0.9199999999999999
963,44.32799840143886,17,8,0.8511111111111112
964,-8.044456646136512,12,13,0.986
965,33.47359936215238,16,9,0.9311111111111112
966,42.507450524420584,17,8,0.798
967,34.79283368768417,16,9,0.8555555555555555
968,31.4438346873753,16,9,0.9339999999999999
969,73.77125206246916,20,5,0.8959999999999999
970,42.239538398449916,17,8,0.9040000000000001
971,-20.489672865977198,11,14,0.9360000000000002
972,11.333837164073511,14,11,0.8540000000000001
973,54.425914587628185,18,7,0.9
974,2.8821573758999097,13,12,0.8440000000000001
975,13.799051533357588,14,11,0.8300000000000001
976,20.8803744614862,15,10,0.8959999999999999
977,24.83441833620485,15,10,0.8999999999999999
978,32.11867625213441,16,9,0.7866666666666666
979,44.35253022151653,17,8,0.8288888888888889
980,21.383265731748224,15,10,0.9099999999999999
981,-18.928592321850008,11,14,0.784
982,24.206043308593426,15,10,0.865
983,24.608580230135157,15,10,0.9219999999999999
984,12.815474389416316,14,11,0.8644444444444445
985,41.16587483486225,17,8,0.9280000000000002
986,12.91705500646981,14,11,0.8119999999999999
987,52.992963206305156,18,7,0.8400000000000001
988,13.155140792830661,14,11,0.8220000000000001
989,23.359662428655888,15,10,0.8960000000000001
990,46.72797492364657,17,8,0.9019999999999999
991,-8.023900270724674,12,13,0.908
992,55.075425826441275,18,7,0.86
993,31.13975497182029,16,9,0.8577777777777778
994,11.570408702476417,14,11,0.9540000000000001
995,14.263871172287878,14,11,0.9088888888888889
996,12.634771266611594,14,11,0.8124999999999999
997,55.66084818097333,18,7,0.8320000000000001
998,45.59636743511802,17,8,0.9177777777777778
999,41.417182607352146,17,8,0.906
1000,11.322694881616506,14,11,0.8859999999999999
1001,55.957263286290164,18,7,0.9179999999999999
1002,-6.799648242281347,12,13,0.7979999999999999
1003,35.192670929249054,16,9,0.9420000000000002
1004,12.834002352802106,14,11,0.806
1005,2.170745377305069,13,12,0.9239999999999998
1006,34.96012691691331,16,9,0.8888888888888888
1007,13.01125914665576,14,11,0.9199999999999999
1008,-19.10188477728044,11,14,0.8620000000000001
1009,33.06159580789268,16,9,0.8799999999999999
1010,32.59482431359708,16,9,0.8880000000000001
1011,1.251358842151721,13,12,0.8139999999999998
1012,24.56225900265109,15,10,0.9060000000000002
1013,42.94625000812748,17,8,0.8880000000000001
1014,54.43761546388971,18,7,0.9020000000000001
1015,24.659332260058004,15,10,0.9199999999999999
1016,-6.293997818688853,12,13,0.8466666666666668
1017,0.025414918527221275,13,12,0.842
1018,33.78597327859124,16,9,0.9480000000000001
1019,82.92119232764108,21,4,0.9400000000000001
1020,35.36252331985016,16,9,0.9022222222222221
1021,32.76910065183655,16,9,0.85
1022,66.38412382088003,19,6,0.8777777777777778
1023,10.570216594593594,14,11,0.8440000000000001
1024,64.21012992957158,19,6,0.9022222222222224
1025,-7.445556400210901,12,13,0.9099999999999999
1026,24.104472527780143,15,10,0.8777777777777778
1027,6.5923275304042495,13,11,0.944
1028,22.463362153450287,15,10,0.852
1029,44.209611965552256,17,8,0.8379999999999999
1030,-5.762294717306331,12,13,0.882
1031,25.569000761456607,15,10,0.8300000000000001
1032,2.6725472035083104,13,12,0.8540000000000001
1033,23.487191370524776,15,10,0.8539999999999999
1034,33.3445999632483,16,9,0.8940000000000001
1035,-9.103674780126177,12,13,0.8844444444444446
1036,23.49025026367942,15,10,0.806
1037,15.036230085381888,14,11,0.8755555555555555
1038,32.2735427270233,16,9,0.8577777777777779
1039,25.668203593680378,15,10,0.8539999999999999
1040,9.802650875023435,14,11,0.9120000000000001
1041,35.53469018837115,16,9,0.982
1042,2.4324151630109174,13,12,0.9120000000000001
1043,44.26604323730331,17,8,0.914
1044,67.10566916458978,19,6,0.866
1045,21.50445768386258,15,10,0.8133333333333331
1046,2.700149677821667,13,12,0.8800000000000001
1047,32.715669201900546,16,9,0.8911111111111113
1048,25.451446978760284,15,10,0.906
1049,32.31006691402434,16,9,0.8720000000000001
1050,56.92476405828749,18,7,0.89
1051,44.926281730566934,17,8,0.9100000000000001
1052,-17.11271491677801,11,14,0.8559999999999999
1053,31.604601349590887,16,9,0.9666666666666666
1054,45.211863271164724,17,8,0.8666666666666667
1055,53.26256338270486,18,7,0.8822222222222224
1056,55.25642484475248,18,7,0.9311111111111112
1057,2.6916456635166384,13,12,0.946
1058,23.73487779959682,15,10,0.8755555555555556
1059,54.748688006958645,18,7,0.9400000000000001
1060,14.263348036139929,14,11,0.9155555555555556
1061,45.23425515978177,17,8,0.8533333333333333
1062,31.64038862877931,16,9,0.858
1063,13.727697374718451,14,11,0.8688888888888889
1064,62.756142371367716,19,6,0.8280000000000001
1065,34.58168637998639,16,9,0.8822222222222221
1066,44.01669304237758,17,8,0.8800000000000001
1067,14.637495710708926,14,11,0.858
1068,64.36715580711416,19,6,0.7919999999999999
1069,45.89954388185224,17,8,0.8459999999999999
1070,54.327181881559895,18,7,0.9199999999999999
1071,56.664394702148094,18,7,0.9119999999999999
1072,24.927145168432,15,10,0.8280000000000001
1073,54.67505643508526,18,7,0.9299999999999999
1074,43.95724813884934,17,8,0.9088888888888889
1075,76.576207649087,20,5,0.8039999999999999
1076,85.41407523356162,21,4,0.9444444444444444
1077,63.93291335665887,19,6,0.834
1078,11.801836493939465,14,11,0.9355555555555556
1079,33.11094286161432,16,9,0.9444444444444444
1080,22.1027238909522,15,10,0.8619999999999999
1081,24.906899139765507,15,10,0.882
1082,22.191426593750442,15,10,0.866
1083,14.590201088724559,14,11,0.9139999999999999
1084,11.100736466173926,14,11,0.966
1085,9.779240705559971,14,11,0.8866666666666667
1086,64.90254145246959,19,6,0.8822222222222222
1087,12.967023282006117,14,11,0.938
1088,22.641102126826368,15,10,0.85
1089,44.71794678012581,17,8,0.9040000000000001
1090,-6.952669629441638,12,13,0.87
1091,12.482214470744703,14,11,0.9059999999999999
1092,22.830497353680425,15,10,0.9066666666666667
1093,34.74122511897443,16,9,0.8860000000000001
1094,-6.688340981224562,12,13,0.9466666666666667
1095,46.04652091664002,17,8,0.7999999999999999
1096,22.101841245880202,15,10,0.922
1097,42.75614965905867,17,8,0.9200000000000002
1098,53.91054878624087,18,7,0.8800000000000001
1099,64.57140571447484,19,6,0.8780000000000001
1100,-6.080572942395175,12,13,0.8620000000000001
1101,10.6917638095215,14,11,0.946
1102,35.76792150400503,16,9,0.8700000000000001
1103,43.46260209381946,17,8,0.9400000000000001
1104,5.059350736500749,13,12,0.9440000000000002
1105,44.63188763654726,17,8,0.8720000000000001
1106,65.34200492189903,19,6,0.892
1107,33.78233994051449,16,9,0.8711111111111112
1108,12.578286804494574,14,11,0.884
1109,13.927121007515648,14,11,0.9339999999999999
1110,54.48044994614291,18,7,0.8755555555555554
1111,23.03099880818356,15,10,0.8700000000000001
1112,0.032108948988108565,13,12,0.8933333333333332
1113,75.50937685432478,20,5,0.8780000000000001
1114,45.31696634388122,17,8,0.9222222222222223
1115,44.65260543651982,17,8,0.7999999999999999
1116,32.19727502435839,16,9,0.868
1117,2.3863487531386305,13,12,0.792
1118,32.34926586729741,16,9,0.884
1119,44.846787806147354,17,8,0.8999999999999998
1120,26.0082378818906,15,10,0.8933333333333332
1121,13.102348415430534,14,11,0.8888888888888888
1122,14.922731232262429,14,11,0.89
1123,13.714192762542115,14,11,0.922
1124,22.262574448150293,15,10,0.8800000000000001
1125,44.78350307259602,17,8,0.8666666666666667
1126,66.72031919599294,19,6,0.9
1127,24.67193360411968,15,10,0.9066666666666667
1128,55.70020907178322,18,7,0.8711111111111112
1129,4.746661193448222,13,12,0.8100000000000002
1130,45.495449796791995,17,8,0.9039999999999999
1131,-16.111596974140326,11,14,0.9020000000000001
1132,12.897973043466017,14,11,0.866
1133,22.78748696237062,15,10,0.906
1134,35.4653027654681,16,9,0.9377777777777779
1135,11.940785641694506,14,11,0.97
1136,66.76885362205232,19,6,0.8777777777777778
1137,15.298323617047135,14,11,0.866
1138,-7.945578705005692,12,13,0.9444444444444444
1139,57.45657550455524,18,7,0.884
1140,36.853750694500974,16,9,0.9311111111111112
1141,35.677467848586716,16,9,0.876
1142,54.8110797403618,18,7,0.9380000000000001
1143,3.6086531136924567,13,12,1.002
1144,34.12320875398094,16,9,0.876
1145,44.13902875351184,17,8,0.884
1146,65.26096564701665,19,6,0.882
1147,15.24550606206751,14,11,0.82
1148,33.88651046331185,16,9,0.9199999999999999
1149,27.00619670117282,15,10,0.9177777777777779
1150,13.735461841810862,14,11,0.8959999999999999
1151,34.300946750498596,16,9,0.8379999999999999
1152,4.8548391156522595,13,12,0.8700000000000001
1153,25.290008586231814,15,10,0.8822222222222224
1154,42.33770222790787,17,8,0.952
1155,-28.026719725632077,10,15,0.8580000000000002
1156,-16.45009349583259,11,14,0.8733333333333333
1157,1.6876525496112667,13,12,0.8560000000000001
1158,44.55950923633999,17,8,0.8540000000000001
1159,24.06194174514222,15,10,0.8800000000000001
1160,70.70781538327651,19,5,0.85
1161,22.6796293731583,15,10,0.95
1162,23.678708556789093,15,10,0.9179999999999999
1163,-19.670889935013218,11,14,0.866
1164,75.93382107617576,20,5,0.9200000000000002
1165,22.653750561268406,15,10,0.892
1166,11.730471284570395,14,11,0.8577777777777779
1167,53.58251869882214,18,7,0.8240000000000001
1168,36.17480762385257,16,9,0.8377777777777777
1169,44.21260698039897,17,8,0.9400000000000001
1170,33.07598877498598,16,9,0.9199999999999999
1171,-16.545996182074646,11,14,0.8740000000000002
1172,46.39173685390338,17,8,0.8111111111111111
1173,43.34217976194755,17,8,0.8711111111111111
1174,22.512077811581573,15,10,0.898
1175,46.00441547545286,17,8,0.858
1176,14.683574484024842,14,11,0.8719999999999999
1177,3.6654954521599565,13,12,0.8160000000000001
1178,46.25254295337252,17,8,0.8560000000000001
1179,4.4437643355055165,13,12,0.8280000000000001
1180,15.077396275951902,14,11,0.8640000000000001
1181,4.155673517454943,13,12,0.916
1182,23.909666225453567,15,10,0.924
1183,13.585117326049208,14,11,0.89
1184,12.603230789051263,14,11,0.882
1185,25.307948057968666,15,10,0.9511111111111111
1186,44.13233739902667,17,8,0.9480000000000001
1187,34.378852117117894,16,9,0.892
1188,28.2579651155389,15,10,0.8880000000000001
1189,33.16129329368799,16,9,0.8799999999999999
1190,12.870602455552596,14,11,0.9100000000000001
1191,24.68322941315064,15,10,0.898
1192,41.854333585701376,17,8,0.8760000000000001
1193,35.58023898672494,16,9,0.8780000000000001
1194,34.486278294052724,16,9,0.8933333333333334
1195,35.451342188610774,16,9,0.8699999999999999
1196,-5.964929206487541,12,13,0.8933333333333332
1197,65.70525915999059,19,6,0.9099999999999999
1198,-28.439516016581674,10,15,0.8880000000000001
1199,34.648158703555026,16,9,0.8620000000000001
1200,-4.727693963464785,12,13,0.8622222222222222
1201,24.502821941284385,15,10,0.9244444444444445
1202,53.97769873594792,18,7,0.9480000000000001
1203,2.693674134949646,13,12,0.908
1204,2.7518299320647257,13,12,0.874
1205,-18.937762360836537,11,14,0.93
1206,55.241034617400445,18,7,0.778
1207,34.09017759061141,16,9,0.8779999999999999
1208,33.532016866881115,16,9,0.9059999999999999
1209,34.81471733874255,16,9,0.9222222222222223
1210,4.87338219176322,13,12,0.866
1211,4.1569294549048195,13,12,0.962
1212,44.71616159144923,17,8,0.874
1213,14.407301050456232,14,11,0.8444444444444446
1214,-16.69968756750796,11,14,0.882
1215,24.290220543631243,15,10,0.8959999999999999
1216,27.490669067533755,15,10,0.8133333333333334
1217,34.5698118321305,16,9,0.9480000000000002
1218,35.75639783985734,16,9,0.8711111111111111
1219,59.15938533894413,18,7,0.9099999999999999
1220,65.5837128033328,19,6,0.9044444444444445
1221,4.317921632717534,13,12,0.8822222222222222
1222,26.508076958771696,15,10,0.9179999999999999
1223,-15.424602382090345,11,14,0.8844444444444445
1224,3.3983479075977456,13,12,0.8355555555555555
1225,15.130539956140447,14,11,0.8940000000000001
1226,3.767835080167938,13,12,0.8666666666666667
1227,13.929651982879552,14,11,0.8100000000000002
1228,46.77849020738603,17,8,0.8600000000000001
1229,16.65158009101687,14,11,0.884
1230,3.2086647084380138,13,12,0.9560000000000001
1231,3.5162229377198937,13,12,0.89
1232,22.739668039510093,15,10,0.8777777777777778
1233,26.593172916264674,15,10,0.9777777777777779
1234,54.54857344050655,18,7,0.8480000000000001
1235,-27.15049855489046,10,15,0.882
1236,12.950672145198011,14,11,0.8755555555555554
1237,46.66886932282624,17,8,0.8779999999999999
1238,24.9327344302411,15,10,0.8780000000000001
1239,-5.848744401284555,12,13,0.8620000000000001
1240,26.42646328985697,15,10,0.897777777777778
1241,33.74980608187787,16,9,0.834
1242,-7.370305393532731,12,13,0.8619999999999999
1243,14.712542601542943,14,11,0.8466666666666666
1244,26.129466996323558,15,10,0.8800000000000001
1245,20.23880722153966,15,10,0.8320000000000001
1246,35.71339893081542,16,9,0.9039999999999999
1247,15.878760002027805,14,11,0.8160000000000001
1248,25.438036971201804,15,10,0.8555555555555555
1249,45.482922809349716,17,8,0.8539999999999999
1250,-33.749401430966756,9,15,0.8880000000000001
1251,25.459789529683817,15,10,0.8933333333333334
1252,24.232688029892266,15,10,0.9460000000000001
1253,-27.231716507454504,10,15,0.8880000000000001
1254,48.43722380998153,17,8,0.932
1255,66.7675085105594,19,6,0.8799999999999999
1256,35.696926029900105,16,9,0.8933333333333334
1257,13.573409571981756,14,11,0.882
1258,22.52733194967246,15,10,0.844
1259,2.258124092901938,13,12,0.8140000000000001
1260,15.528278907247078,14,11,0.8800000000000001
1261,64.13228943882359,19,6,0.946
1262,45.56318988969772,17,8,0.9139999999999999
1263,32.687564803277205,16,9,0.924
1264,75.00563735862862,20,5,0.9440000000000002
1265,15.606429788671335,14,11,0.8444444444444446
1266,3.265742783281059,13,12,0.85
1267,24.907358388171765,15,10,0.9460000000000001
1268,5.0146312226299345,13,12,0.9020000000000001
1269,46.62172906683973,17,8,0.852
1270,31.419815306723407,16,9,0.93
1271,31.744802645340556,16,9,0.82
1272,14.252947146079784,14,11,0.9200000000000002
1273,17.46219749172133,14,11,0.9600000000000001
1274,88.47157205294684,21,4,0.8860000000000001
1275,13.326302394077377,14,11,0.8400000000000001
1276,25.501805354508267,15,10,0.89
1277,25.011288131200473,15,10,0.8755555555555556
1278,46.0504063041422,17,8,0.842
1279,25.22316651569758,15,10,0.8822222222222221
1280,43.59897543653159,17,8,0.9040000000000001
1281,47.683804559235966,17,8,0.9044444444444447
1282,25.075358687596392,15,10,0.844
1283,57.43523196566723,18,7,0.8822222222222221
1284,65.80956764318492,19,6,0.9244444444444445
1285,35.40928500062348,16,9,0.9020000000000001
1286,44.725018914668695,17,8,0.8320000000000001
1287,14.613789652575363,14,11,0.932
1288,44.20302456293257,17,8,0.8699999999999999
1289,13.589042333189997,14,11,0.9460000000000001
1290,36.828925946328546,16,9,0.8280000000000001
1291,16.490968166862334,14,11,0.8822222222222224
1292,0.29629377427110004,13,12,0.9100000000000001
1293,13.893034003365837,14,11,0.852
1294,-7.170536269084645,12,13,0.8999999999999999
1295,43.81493914476075,17,8,0.8780000000000001
1296,14.663795713308524,14,11,0.8977777777777778
1297,-39.58329042855584,9,16,0.818
1298,45.921026405088966,17,8,0.931111111111111
1299,13.988506517270766,14,11,0.8560000000000001
1300,25.878632995388408,15,10,0.938
1301,35.49075820565136,16,9,0.9111111111111112
1302,-0.6158526958616459,12,12,0.8240000000000001
1303,4.99131249588765,13,12,0.8300000000000001
1304,4.302448898050958,13,12,0.892
1305,26.34287000369821,15,10,0.9120000000000001
1306,14.697641696530736,14,11,0.8999999999999999
1307,55.656817233848,18,7,0.8711111111111113
1308,45.304047915053644,17,8,0.834
1309,25.517411304111604,15,10,0.9088888888888889
1310,15.295173881514438,14,11,0.8540000000000001
1311,24.256858312851303,15,10,0.8155555555555556
1312,45.73957853306396,17,8,0.8888888888888888
1313,45.56190300402176,17,8,0.8460000000000001
1314,34.238556071517564,16,9,0.914
1315,25.094746389335228,15,10,0.9560000000000001
1316,-26.892057304124567,10,15,0.9719999999999999
1317,55.12513567661371,18,7,0.9179999999999999
1318,45.52685968039682,17,8,0.9120000000000001
1319,4.1855168987837175,13,12,0.8488888888888888
1320,67.35043104843625,19,6,0.9511111111111111
1321,12.444665749103454,14,11,0.8840000000000001
1322,57.73233277108791,18,7,0.9380000000000001
1323,2.762257593216864,13,12,0.9355555555555556
1324,14.460436152442977,14,11,0.8699999999999999
1325,54.09659550094753,18,7,0.868
1326,4.1713970910992835,13,12,0.9
1327,44.63271522510789,17,8,0.9299999999999999
1328,65.87689447642266,19,6,0.8644444444444446
1329,34.23919235528941,16,9,0.8720000000000001
1330,35.73046806142491,16,9,0.8660000000000002
1331,36.57630023319706,16,9,0.8460000000000001
1332,45.281888278101405,17,8,0.9100000000000001
1333,23.277216576799198,15,10,0.9039999999999999
1334,86.5570169589864,21,4,0.9288888888888889
1335,4.28273964026015,13,12,0.9059999999999999
1336,24.32830213293829,15,10,0.8720000000000001
1337,34.76158590775569,16,9,0.9059999999999999
1338,22.435755629517725,15,10,0.8319999999999999
1339,3.731931615421199,13,12,0.8840000000000001
1340,46.30079512005622,17,8,0.898
1341,-20.31508695078775,11,14,0.8699999999999999
1342,4.0205173618601595,13,12,0.8039999999999999
1343,26.787410807166182,15,10,0.8039999999999999
1344,24.66606505889845,15,10,0.9019999999999999
1345,37.416667161720945,16,9,0.9199999999999999
1346,44.24680647025498,17,8,0.8680000000000001
1347,45.82797462586706,17,8,0.9219999999999999
1348,24.35828965706991,15,10,0.9422222222222223
1349,25.22489566123244,15,10,0.8239999999999998
1350,46.259914684616604,17,8,0.9088888888888889
1351,-16.11112751455472,11,14,0.9339999999999999
1352,14.129972855491697,14,11,0.866
1353,45.938363437044885,17,8,0.9480000000000001
1354,35.64370257959496,16,9,0.8644444444444445
1355,56.10543844696532,18,7,0.8866666666666667
1356,66.64236097584686,19,6,0.892
1357,23.265292166362606,15,10,0.8619999999999999
1358,44.850875795211266,17,8,0.8600000000000001
1359,53.3178007133064,18,7,0.8711111111111111
1360,34.41755902229454,16,9,0.898
1361,6.339100380126902,13,12,0.916
1362,4.1536880523071495,13,12,0.906
1363,36.78522228884505,16,9,0.8720000000000001
1364,25.754421945581193,15,10,0.9100000000000001
1365,3.083634799436359,13,12,0.9044444444444445
1366,9.922777834476557,14,11,0.9099999999999999
1367,33.782113062855586,16,9,0.8960000000000001
1368,-17.088366235371097,11,14,0.834
1369,25.4815544688552,15,10,1.0074999999999998
1370,43.531730233564254,17,8,0.8400000000000001
1371,14.949129554197814,14,11,0.9019999999999999
1372,34.11158482997913,16,9,0.834
1373,15.478041008674797,14,11,0.8879999999999999
1374,34.269932128276785,16,9,0.8288888888888888
1375,11.959236660871658,14,11,0.8260000000000002
1376,13.423461117919649,14,11,0.9260000000000002
1377,3.8458775596111625,13,12,0.86
1378,34.03601842457114,16,9,0.9540000000000001
1379,36.296292133974745,16,9,0.858
1380,32.91168079410216,16,9,0.96
1381,45.022506474328424,17,8,0.882
1382,23.100379657137466,15,10,0.858
1383,55.205995653676794,18,7,0.8800000000000001
1384,33.61707955364753,16,9,0.8399999999999999
1385,54.64767487140949,18,7,0.906
1386,45.99977160400742,17,8,0.8644444444444443
1387,75.46073640354021,20,5,0.8720000000000001
1388,32.60356948367081,16,9,0.916
1389,44.75337269176201,17,8,0.9466666666666668
1390,26.403961198148657,15,10,0.89
1391,34.41810353089685,16,9,0.82
1392,35.64837986684586,16,9,0.9240000000000002
1393,-39.79431054466653,9,16,0.8399999999999999
1394,24.231879224312372,15,10,0.842
1395,55.31899167048771,18,7,0.9533333333333336
1396,36.602407274816414,16,9,0.9039999999999999
1397,73.64691441767647,20,5,0.93
1398,23.35313204571041,15,10,0.9279999999999999
1399,-15.63133518439029,11,14,0.9199999999999999
1400,-5.829236016100945,12,13,0.8699999999999999
1401,-7.473559049042266,12,13,0.8800000000000001
1402,86.29017101142237,21,4,0.8888888888888888
1403,14.039091444907324,14,11,0.9780000000000001
1404,23.861480409607875,15,10,0.9311111111111112
1405,2.7861353669920916,13,12,0.944
1406,-8.134789928991871,12,13,0.9444444444444444
1407,33.42560712707794,16,9,0.892
1408,13.013699872877993,14,11,0.858
1409,14.055962719888488,14,11,0.892
1410,43.51599057160643,17,8,0.9159999999999998
1411,25.645914959815283,15,10,0.8700000000000001
1412,24.700387194485277,15,10,0.834
1413,31.952852230427105,16,9,0.9179999999999999
1414,32.52062632282734,16,9,0.8960000000000001
1415,64.82806913571125,19,6,0.8959999999999999
1416,24.772181512371912,15,10,0.8222222222222223
1417,22.789646878628695,15,10,0.932
1418,5.49307525337968,13,12,0.858
1419,23.994139759479147,15,10,0.8440000000000001
1420,-6.943003702124263,12,13,0.8320000000000001
1421,83.45781126760588,21,4,0.9420000000000002
1422,46.652395962927926,17,8,0.8379999999999999
1423,33.55438083933867,16,9,0.8879999999999999
1424,24.690556983990998,15,10,0.9260000000000002
1425,1.6906729530183,13,12,0.9019999999999999
1426,26.260852418111252,15,10,0.9244444444444445
1427,77.1131286839198,20,5,1.0044444444444443
1428,32.041175080705194,16,9,0.9059999999999999
1429,-5.27843275209155,12,13,0.876
1430,45.76536203741225,17,8,0.8666666666666666
1431,63.816536003004785,19,6,0.8333333333333334
1432,10.590883299399682,14,11,0.82
1433,54.87694654317433,18,7,0.9199999999999999
1434,52.669145681818634,18,7,0.852
1435,34.197007934327885,16,9,0.9380000000000001
1436,4.2094522549082,13,12,0.8400000000000001
1437,32.80356577394236,16,9,0.9460000000000001
1438,23.130115677772046,15,10,0.8674999999999999
1439,35.95094297233802,16,9,0.9800000000000002
1440,14.22968777775446,14,11,0.8820000000000002
1441,55.01322992016272,18,7,0.9933333333333333
1442,57.84951980483534,18,7,0.9039999999999999
1443,6.866422091859814,13,12,0.928888888888889
1444,25.49461694479502,15,10,0.89
1445,13.73227021051472,14,11,0.906
1446,2.37441689926563,13,12,0.924
1447,53.18244017126719,18,7,0.9040000000000001
1448,46.14731777602605,17,8,0.868
1449,25.838369581626466,15,10,0.8320000000000001
1450,54.8211301936381,18,7,0.916
1451,65.62062295585429,19,6,0.9020000000000001
1452,15.52468886678057,14,11,0.8700000000000001
1453,55.65650910230963,18,7,0.8280000000000001
1454,3.737471929898631,13,12,0.8200000000000001
1455,3.1060882729804966,13,12,0.905
1456,4.248839462971601,13,12,0.914
1457,54.000141160417456,18,7,0.9066666666666667
1458,44.369785926564745,17,8,0.9020000000000001
1459,35.25531206899967,16,9,0.89
1460,35.866896914031315,16,9,0.8866666666666666
1461,54.01831885971145,18,7,0.9022222222222224
1462,56.65203915243475,18,7,0.8960000000000001
1463,4.88155862497468,13,12,0.8100000000000002
1464,55.530121989217776,18,7,0.9733333333333333
1465,33.47661864441024,16,9,0.8822222222222222
1466,96.89856611329695,22,3,0.9466666666666667
1467,11.937330769373137,14,11,0.882
1468,15.08542618895455,14,11,0.8759999999999998
1469,13.833612184162504,14,11,0.8059999999999998
1470,22.734086259118996,15,10,0.8400000000000001
1471,16.12369731593605,14,11,0.9359999999999999
1472,43.409154992093846,17,8,0.8377777777777777
1473,46.757184909563755,17,8,0.9119999999999999
1474,54.79360717636995,18,7,0.9044444444444445
1475,28.252235469530405,15,10,0.8844444444444445
1476,55.34677809710797,18,7,0.8680000000000001
1477,54.8915012005029,18,7,0.8733333333333333
1478,33.416156633037104,16,9,0.932
1479,34.13161733820559,16,9,0.9266666666666666
1480,37.11337013850355,16,9,0.8559999999999999
1481,35.95259762968041,16,9,0.9440000000000002
1482,45.56077614242775,17,8,0.8360000000000001
1483,-15.102665594263236,11,14,0.908
1484,4.548300739494001,13,12,0.882
1485,25.772842903952707,15,10,0.9200000000000002
1486,62.69782604772016,19,6,0.922
1487,45.95844173628569,17,8,0.906
1488,33.93418622051553,16,9,0.9155555555555556
1489,35.00082228719563,16,9,0.868
1490,65.45940997256409,19,6,0.931111111111111
1491,54.49124487991375,18,7,0.8333333333333334
1492,-19.155933793064577,11,14,0.8859999999999999
1493,53.90831585385448,18,7,0.8300000000000001
1494,33.70979631397068,16,9,0.944
1495,56.33053887214584,18,7,0.9119999999999999
1496,53.82017994754508,18,7,0.9555555555555555
1497,12.909126259448342,14,11,0.892
1498,12.781176693462074,14,11,0.8560000000000001
1499,-6.147084745731313,12,13,0.9359999999999999
1500,36.55900442411748,16,9,0.852
1501,64.58870531160224,19,6,0.9160000000000001
1502,55.41510675733743,18,7,0.8540000000000001
1503,36.48961972110296,16,9,0.8422222222222222
1504,25.057197587839433,15,10,0.8299999999999998
1505,64.66961533152264,19,6,0.8733333333333334
1506,13.154967794853697,14,11,0.851111111111111
1507,32.181556530468995,16,9,0.8560000000000001
1508,-6.322889639714488,12,13,0.884
1509,63.0187822814016,19,6,0.876
1510,25.624404612057024,15,10,0.8619999999999999
1511,35.36916269770967,16,9,0.93
1512,15.225183004026425,14,11,0.922
1513,43.71731707495391,17,8,0.8955555555555557
1514,22.882705249884665,15,10,0.9111111111111112
1515,42.87238534374682,17,8,0.884
1516,42.56784032293741,17,8,0.836
1517,43.61977459838073,17,8,0.884
1518,26.072743678935307,15,10,0.8266666666666667
1519,74.89740952366192,20,5,0.96
1520,64.84660088648387,19,6,0.8999999999999998
1521,32.08651290640113,16,9,0.8699999999999999
1522,14.622573031543439,14,11,0.774
1523,21.728455789022053,15,10,0.9
1524,34.42289112097623,16,9,0.8240000000000001
1525,-18.68981348616069,11,14,0.842
1526,45.461385548992475,17,8,0.844
1527,13.809994293632347,14,11,0.8720000000000001
1528,45.5261119160753,17,8,0.9311111111111112
1529,43.925401459709896,17,8,0.86
1530,43.23074324005971,17,8,0.8859999999999999
1531,46.63682503204711,17,8,0.9040000000000001
1532,64.15570659629867,19,6,0.85
1533,10.470258808755721,14,11,0.9
1534,43.96499647248335,17,8,0.9244444444444445
1535,54.413611442470476,18,7,0.8844444444444446
1536,43.16868947140907,17,8,0.89
1537,-19.568440116635266,11,14,0.9299999999999999
1538,44.94915348594047,17,8,0.8619999999999999
1539,24.206223616087808,15,10,0.884
1540,42.5734343503592,17,8,0.8733333333333334
1541,22.83671700489123,15,10,0.9480000000000001
1542,22.02473518366328,15,10,0.9
1543,35.3757337011028,16,9,0.8400000000000001
1544,53.125591360167064,18,7,0.8620000000000001
1545,63.71282190740472,19,6,0.9111111111111112
1546,52.31990951439512,18,7,0.8780000000000001
1547,53.914977967909074,18,7,0.8320000000000001
1548,63.91552828762522,19,6,0.9099999999999999
1549,51.9351932778321,18,7,0.9244444444444445
1550,20.957004019053322,15,10,0.898
1551,-6.9528573315814475,12,13,0.8720000000000001
1552,31.25203948649265,16,9,0.9359999999999999
1553,10.628359241958075,14,11,0.8440000000000001
1554,34.05128882995706,16,9,0.9533333333333334
1555,13.243315337056538,14,11,0.9733333333333333
1556,32.247728732179525,16,9,0.8959999999999999
1557,44.8757648028596,17,8,0.9100000000000001
1558,32.629077767662814,16,9,0.8333333333333334
1559,53.23564433592493,18,7,0.8880000000000001
1560,56.579550632853554,18,7,0.8780000000000001
1561,54.57947152856841,18,7,0.8422222222222223
1562,64.98188649138206,19,6,0.826
1563,24.866533939914543,15,10,0.8959999999999999
1564,23.63868602516582,15,10,0.8711111111111112
1565,52.83280460499439,18,7,0.908
1566,-16.085994232256063,11,14,0.858
1567,54.77649476535444,18,7,0.8488888888888889
1568,23.343127620747516,15,10,0.9449999999999998
1569,11.627904344336919,14,11,0.8459999999999999
1570,1.8255987172744357,13,12,0.8940000000000001
1571,44.55089221132626,17,8,0.8860000000000001
1572,13.385648094314876,14,11,0.8619999999999999
1573,53.7353617219624,18,7,0.924
1574,45.686956973153464,17,8,0.9066666666666667
1575,13.89938709194572,14,11,0.8879999999999999
1576,45.87382119507095,17,8,0.8880000000000001
1577,33.717705892881696,16,9,0.85
1578,13.547995136929263,14,11,0.9260000000000002
1579,-0.3099072108447931,13,12,0.8720000000000001
1580,13.598036047848002,14,11,0.906
1581,33.86665157631136,16,9,0.7933333333333333
1582,23.51359575561237,15,10,0.9044444444444445
1583,44.935066363620734,17,8,0.8899999999999999
1584,21.945909372576356,15,10,0.8555555555555556
1585,32.532387305614776,16,9,0.9120000000000001
1586,-6.711331209847147,12,13,0.9199999999999999
1587,53.22169984523333,18,7,0.8820000000000002
1588,34.502044674623285,16,9,0.9288888888888889
1589,64.03894969244688,19,6,0.9120000000000001
1590,12.41720284207736,14,11,0.8720000000000001
1591,-16.03670599722179,11,14,0.8979999999999999
1592,31.382169815109293,16,9,0.942
1593,20.58959480807374,15,10,0.8800000000000001
1594,61.20715440882766,19,6,0.8699999999999999
1595,-20.088683956791968,11,14,0.7939999999999999
1596,33.03912076016515,16,9,0.9025000000000001
1597,74.43764649793141,20,5,0.8619999999999999
1598,20.799379931875905,15,10,0.9039999999999999
1599,11.270635901482638,14,11,0.924
1600,30.3828527702166,16,9,0.8488888888888889
1601,53.309234249587,18,7,0.8644444444444445
1602,10.008189212068684,14,11,0.8640000000000001
1603,31.992150672525586,16,9,0.8
1604,53.75083461661771,18,7,0.8888888888888888
1605,32.15859622109861,16,9,0.94
1606,52.161181774637214,18,7,0.8375
1607,63.1038452733222,19,6,0.9460000000000001
1608,12.561366583299167,14,11,0.834
1609,51.957807778618765,18,7,0.9288888888888889
1610,42.91141112730932,17,8,0.9555555555555555
1611,11.136339956289154,14,11,0.8533333333333334
1612,62.23492376086744,19,6,0.85
1613,41.105794317359624,17,8,0.9
1614,59.31743710606676,19,6,0.9179999999999999
1615,30.201138646172478,16,9,0.8440000000000001
1616,73.40635001311244,20,5,0.8711111111111112
1617,41.91722698597669,17,8,0.8866666666666667
1618,12.791252329528996,14,11,0.8755555555555554
1619,11.798327831949631,14,11,0.9099999999999999
1620,30.96154370873727,16,9,0.884
1621,-6.82666799723694,12,13,0.8779999999999999
1622,2.1534292172130565,13,12,0.906
1623,33.31749345451087,16,9,0.9179999999999999
1624,11.038126805620669,14,11,0.874
1625,44.58485069719274,17,8,0.8599999999999999
1626,31.39321590151534,16,9,0.8800000000000001
1627,31.956554604243486,16,9,0.9222222222222223
1628,-0.6905541558126489,13,12,0.8822222222222221
1629,-0.5180875425438959,13,12,0.9
1630,21.61954992079757,15,10,0.8460000000000001
1631,73.46426419751147,20,5,0.882
1632,23.03872891552242,15,10,0.911111111111111
1633,-7.628920240194018,12,13,0.9222222222222223
1634,22.90712818186097,15,10,0.876
1635,-28.802481728678593,10,15,0.8520000000000001
1636,-0.056601885557608256,13,12,0.908
1637,32.02815838459375,16,9,0.9119999999999997
1638,20.147693960405007,15,10,0.8640000000000001
1639,21.412681069221133,15,10,0.842
1640,30.24242047339764,16,9,0.9044444444444445
1641,50.976456608487865,18,7,0.89
1642,21.321683128987235,15,10,0.892
1643,20.813300169118644,15,10,0.8777777777777778
1644,70.69813224388517,20,5,0.8960000000000001
1645,52.82542894817098,18,7,0.922
1646,-10.907615960374118,12,13,0.9644444444444444
1647,24.60764940362265,15,10,0.914
1648,32.64926105616267,16,9,0.9740000000000002
1649,-22.628857054405103,11,14,0.8940000000000001
1650,53.75945066739087,18,7,0.868
1651,1.51610586410653,13,12,0.914
1652,-36.83862178408903,9,16,0.9
1653,-22.064585343190117,11,14,0.9039999999999999
1654,50.8243177443445,18,7,0.922
1655,45.80390016061424,17,8,0.8979999999999999
1656,32.786500312786366,16,9,0.916
1657,20.8068195583296,15,10,0.8780000000000001
1658,23.726777845507968,15,10,0.8733333333333335
1659,-5.965124516367769,12,13,0.9175
1660,42.98867457067106,17,8,0.8533333333333333
1661,32.2704192788863,16,9,0.9422222222222223
1662,31.603477903486848,16,9,0.892
1663,24.01075347667441,15,10,0.8160000000000001
1664,20.638656811662244,15,10,0.8866666666666666
1665,11.332670567409213,14,11,0.8620000000000001
1666,44.29853126315258,17,8,0.8460000000000001
1667,14.033463920857036,14,11,0.8700000000000001
1668,32.09176666016711,16,9,0.884
1669,-19.482282140924546,11,14,0.892
1670,43.02671680529808,17,8,0.7977777777777778
1671,0.19951166500437356,13,12,0.8955555555555554
1672,1.675070530438652,13,12,0.866
1673,26.243407566169818,15,10,0.9400000000000001
1674,32.5903878523732,16,9,0.892
1675,-7.822051575983938,12,13,0.916
1676,33.74138197667793,16,9,0.8640000000000001
1677,11.544983065589967,14,11,0.882
1678,31.424555380810396,16,9,0.8540000000000001
1679,30.096134059119013,16,9,0.8859999999999999
1680,21.80351639991473,15,10,0.874
1681,3.6200006700933614,13,12,0.9377777777777779
1682,61.18160433078491,19,6,0.8059999999999998
1683,72.25273210056274,20,5,0.884
1684,42.009415569821684,17,8,0.7933333333333334
1685,31.850327282117615,16,9,0.8219999999999998
1686,83.31986248243261,21,4,0.8688888888888889
1687,63.319379296202996,19,6,0.82
1688,-16.48259467374574,11,14,0.866
1689,21.491061341649463,15,10,0.9260000000000002
1690,75.98473935882424,20,5,0.8955555555555554
1691,84.03114202271288,21,4,0.89
1692,22.692696222450806,15,10,0.834
1693,63.036797763083385,19,6,0.8755555555555556
1694,0.15784215810753288,13,12,0.9266666666666666
1695,2.614581086556255,13,12,0.9177777777777778
1696,42.77043227778829,17,8,0.93
1697,12.535377283188446,14,11,0.868
1698,0.14775864598404276,13,12,0.998
1699,-7.899485390807009,12,13,0.952
1700,0.5680348316169441,13,12,0.858
1701,63.39497755544511,19,6,0.89
1702,44.074696646704574,17,8,0.8919999999999998
1703,33.44689970127176,16,9,0.804
1704,43.615719137427284,17,8,0.8800000000000001
1705,33.59163585210205,16,9,0.9022222222222224
1706,34.588382362488474,16,9,0.826
1707,54.15076070390198,18,7,0.9059999999999999
1708,-9.132667787868165,12,13,0.914
1709,53.723412115802056,18,7,0.8866666666666666
1710,11.470663225170673,14,11,0.8620000000000001
1711,51.11010812082241,18,7,0.8720000000000001
1712,72.31843789116067,20,5,0.8640000000000001
1713,-50.0955337432696,8,17,0.85
1714,-16.12351807657351,11,14,0.8777777777777778
1715,20.671712734499245,15,10,0.876
1716,43.53933109565739,17,8,0.858
1717,11.512220667874491,14,11,0.8400000000000001
1718,34.47744739656301,16,9,0.8859999999999999
1719,31.00034905957439,16,9,0.831111111111111
1720,52.64127410316348,18,7,0.842
1721,43.02865207232229,17,8,0.9422222222222223
1722,21.157973979848066,15,10,0.898
1723,75.07023193019,20,5,0.8933333333333334
1724,-33.01533624153217,10,15,0.8139999999999998
1725,8.427267460862732,14,11,0.8866666666666666
1726,72.63303656432169,20,5,0.8444444444444444
1727,74.92393377805803,20,5,0.8320000000000001
1728,25.448785584462428,15,10,0.9119999999999999
1729,0.8302218713873097,13,12,0.96
1730,64.69155507369166,19,6,0.9200000000000002
1731,52.163236269251954,18,7,0.8620000000000001
1732,30.76309900010219,16,9,0.9380000000000001
1733,-0.898095686727328,13,12,0.8780000000000001
1734,-19.466963153708,11,14,0.9039999999999999
1735,49.99426259105635,18,7,0.842
1736,1.4681347684222434,13,12,0.9299999999999999
1737,23.177715412010198,15,10,0.8920000000000001
1738,75.06467073358321,20,5,0.8999999999999998
1739,30.596166456850224,16,9,0.9259999999999999
1740,33.25350928616055,16,9,0.8733333333333334
1741,21.969747642642403,15,10,0.8644444444444445
1742,-19.10899687639264,11,14,0.906
1743,-6.774645567015501,12,13,0.8880000000000001
1744,15.43224160845039,14,11,0.9200000000000002
1745,42.00324506242206,17,8,0.8300000000000001
1746,-9.064293582550167,12,13,0.8777777777777778
1747,64.92019086269252,19,6,0.922
1748,11.041457971777845,14,11,0.898
1749,32.36404562473944,16,9,0.8960000000000001
1750,41.55205752352775,17,8,0.882
1751,26.48342635581217,15,10,0.8977777777777778
1752,52.997602957055435,18,7,0.868
1753,42.86278933457559,17,8,0.9039999999999999
1754,44.52988917450549,17,8,0.9039999999999999
1755,52.91748817926067,18,7,0.9319999999999998
1756,13.127038911287276,14,11,0.8399999999999999
1757,63.115971878707384,19,6,0.9359999999999999
1758,-44.39497334343115,9,16,0.8639999999999999
1759,2.0386971504490923,13,12,0.9020000000000001
1760,10.35738414840512,14,11,0.8460000000000001
1761,-19.713019152324065,11,14,0.9219999999999999
1762,1.6640503520245016,13,12,0.8539999999999999
1763,53.977103880046464,18,7,0.9949999999999999
1764,52.65743549619683,18,7,0.842
1765,0.5743979792389879,13,12,0.8880000000000001
1766,-1.4823193893519937,13,12,0.9100000000000001
1767,33.71742878564583,16,9,0.8888888888888888
1768,42.547091657251855,17,8,0.8440000000000001
1769,23.289599221188496,15,10,0.9039999999999999
1770,21.2423508785645,15,10,0.924
1771,-9.855224071420187,12,13,0.8619999999999999
1772,46.029861333599605,17,8,0.9719999999999999
1773,-0.602709782125233,13,12,0.9099999999999999
1774,20.305700849394135,15,10,0.8739999999999999
1775,53.45432029118307,18,7,0.8639999999999999
1776,43.059480353909514,17,8,0.8780000000000001
1777,11.325153930422339,14,11,0.818
1778,62.74177897049706,19,6,0.922
1779,21.158555700080257,15,10,0.9040000000000001
1780,13.727035835075009,14,11,0.946
1781,32.519466955626,16,9,0.8488888888888888
1782,22.51764855476299,15,10,0.8933333333333332
1783,56.540231076747666,18,7,0.9066666666666667
1784,63.941015772338595,19,6,0.884
1785,32.47780808547474,16,9,0.884
1786,21.296496578069913,15,10,0.942
1787,73.09147224446622,20,5,0.8960000000000001
1788,54.415421314637605,18,7,0.9019999999999999
1789,3.326551128723203,13,12,0.8777777777777777
1790,21.900908559879113,15,10,0.8099999999999999
1791,-17.797795632864606,11,14,0.9659999999999999
1792,43.66694839571065,17,8,0.9279999999999999
1793,31.615629042621357,16,9,0.858
1794,74.27830177347298,20,5,0.8960000000000001
1795,3.2474995006979794,13,12,0.9040000000000001
1796,84.09151825372172,21,4,0.9080000000000001
1797,31.936715768989203,16,9,0.8555555555555556
1798,32.33384115439647,16,9,0.8940000000000001
1799,21.29769273228122,15,10,0.884
1800,13.645860607020602,14,11,0.8919999999999998
1801,53.28515380629223,18,7,0.9240000000000002
1802,83.1417696444684,21,4,0.922222222222222
1803,32.12780078221907,16,9,0.9120000000000001
1804,65.04607548345577,19,6,0.898
1805,10.660762653161635,14,11,0.8280000000000001
1806,3.4520269461799584,13,12,0.8955555555555557
1807,-7.411977213965368,12,13,0.8422222222222222
1808,-8.652529831827461,12,13,0.8479999999999999
1809,54.55403451553149,18,7,0.8422222222222222
1810,36.26624331563949,16,9,0.9100000000000001
1811,32.939288287311044,16,9,0.89
1812,14.206585165195719,14,11,0.9079999999999998
1813,33.526146784359696,16,9,0.9377777777777779
1814,77.4087637346188,20,5,0.8844444444444445
1815,14.633156804121924,14,11,0.8799999999999999
1816,22.32789132208879,15,10,0.9280000000000002
1817,-18.32690156664718,11,14,0.852
1818,42.44939551788531,17,8,0.9088888888888889
1819,43.21118550859268,17,8,0.8733333333333334
1820,65.858568515551,19,6,0.8999999999999999
1821,65.5779172653154,19,6,0.9100000000000001
1822,-26.200152930376163,10,15,0.876
1823,64.85200851193466,19,6,0.8940000000000001
1824,43.18616832722668,17,8,0.8459999999999999
1825,76.43259211080242,20,5,0.9333333333333336
1826,-15.470847327387668,11,14,0.8733333333333334
1827,53.67507427175702,18,7,0.8933333333333332
1828,46.336104917591285,17,8,0.9
1829,5.455855631146705,13,12,0.8911111111111111
1830,3.6146836773372684,13,12,0.9280000000000002
1831,45.77007048810247,17,8,0.916
1832,25.30992212980937,15,10,0.89
1833,45.26043047706644,17,8,0.884
1834,35.6835449506952,16,9,0.9119999999999999
1835,96.99807595493782,22,3,0.9399999999999998
1836,-16.88453965625582,11,14,0.8720000000000001
1837,34.0464669412285,16,9,0.9480000000000001
1838,22.683035048885465,15,10,0.944
1839,42.41751084043528,17,8,0.8777777777777778
1840,12.683065808651376,14,11,0.8379999999999999
1841,73.04969975728913,20,5,0.9039999999999999
1842,45.648174423687664,17,8,0.8724999999999999
1843,-17.795365930441456,11,14,0.9059999999999999
1844,22.89162645068039,15,10,0.9540000000000001
1845,15.995184713778883,14,11,0.8688888888888888
1846,31.535676123211818,16,9,0.8560000000000001
1847,22.623749751988694,15,10,0.8400000000000001
1848,23.414581749800355,15,10,0.842
1849,23.875950701581527,15,10,0.9120000000000001
1850,35.725476196662896,16,9,0.866
1851,21.136188864501193,15,10,0.9120000000000001
1852,43.38857830718269,17,8,0.9120000000000001
1853,34.31981193395721,16,9,0.8025
1854,13.496628843128093,14,11,0.9219999999999999
1855,54.64164435479987,18,7,0.8733333333333333
1856,93.94465021426615,22,3,0.85
1857,-6.338795663621303,12,13,0.8959999999999999
1858,-48.43073963130729,8,17,0.8800000000000001
1859,13.323592391226594,14,11,0.8619999999999999
1860,66.79766217245277,19,6,0.93
1861,43.10457863847948,17,8,0.89
1862,9.564630218214713,14,11,0.9139999999999999
1863,46.006017912243806,17,8,0.842
1864,27.319744708731236,15,10,0.852
1865,24.656249458342195,15,10,0.84
1866,23.42924811359928,15,10,0.9299999999999999
1867,34.385330561704144,16,9,0.8380000000000001
1868,35.074936032144514,16,9,0.8933333333333332
1869,35.48944245954877,16,9,0.884
1870,49.727468455402786,17,7,0.9177777777777778
1871,1.2681850470001192,13,12,0.9139999999999999
1872,-8.84987944768591,12,13,0.9333333333333333
1873,43.08729714865451,17,8,0.8880000000000001
1874,54.29042602995452,18,7,0.9155555555555553
1875,25.82454695201589,15,10,0.8619999999999999
1876,65.89132950734682,19,6,0.8999999999999999
1877,22.40712104435144,15,10,0.8755555555555555
1878,21.264376372679216,15,10,0.866
1879,11.699266365473054,14,11,0.9420000000000002
1880,33.9339292918495,16,9,0.9239999999999998
1881,13.526592423420803,14,11,0.9219999999999999
1882,0.6739429088310649,13,12,0.916
1883,65.14628936778871,19,6,0.9120000000000001
1884,42.63302203073361,17,8,0.844
1885,25.202955855290387,15,10,0.8280000000000001
1886,12.553859220127393,14,11,0.868
1887,53.542291787504304,18,7,0.8620000000000001
1888,41.59611739135692,17,8,0.9488888888888888
1889,-6.3207212268859045,12,13,0.916
1890,32.25427561435641,16,9,0.852
1891,24.498936334940552,15,10,0.9140000000000003
1892,2.75741316185682,13,12,0.914
1893,45.24177356932209,17,8,0.8955555555555557
1894,108.51408764063699,23,2,0.8844444444444445
1895,24.432119141592352,15,10,0.85
1896,12.959792405642595,14,11,0.916
1897,54.04405663716188,18,7,0.8620000000000001
1898,43.82626624105025,17,8,0.9644444444444444
1899,12.189720542515854,14,11,0.908
1900,22.187603339586975,15,10,0.8955555555555554
1901,58.49739995156692,18,7,0.868
1902,33.78503062536099,16,9,0.882
1903,23.149358482439954,15,10,0.8777777777777779
1904,41.34967621985484,17,8,0.8459999999999999
1905,76.16632260407708,20,5,0.906
1906,14.72055584150429,14,11,0.8580000000000002
1907,14.441431989010034,14,11,0.8859999999999999
1908,54.146037656796935,18,7,0.954
1909,33.12789416255313,16,9,0.836
1910,34.431405182263234,16,9,0.8600000000000001
1911,14.190005327659215,14,11,0.8560000000000001
1912,-8.731044411161387,12,13,0.8720000000000001
1913,45.7874056787862,17,8,0.858
1914,-5.652384343467553,12,13,0.8577777777777779
1915,65.00213781250835,19,6,0.8620000000000001
1916,45.86811341382205,17,8,0.866
1917,45.12764597037684,17,8,0.9179999999999999
1918,67.06794744710443,19,6,0.9360000000000002
1919,22.498680358218373,15,10,0.962
1920,25.649999506721976,15,10,0.7859999999999999
1921,32.170764919779465,16,9,0.9279999999999999
1922,24.97497258114778,15,10,0.874
1923,3.073038247144428,13,12,0.8380000000000001
1924,32.947902685907415,16,9,0.9120000000000001
1925,24.64189629883782,15,10,0.8577777777777779
1926,32.52037371688022,16,9,0.9666666666666666
1927,34.22616494227586,16,9,0.8800000000000001
1928,54.47198982651236,18,7,0.95
1929,75.20903146834112,20,5,0.89
1930,4.924579184689249,13,12,0.82
1931,44.62832281221844,17,8,0.9266666666666666
1932,54.72797629552098,18,7,0.8720000000000001
1933,77.13767028901925,20,5,0.8555555555555556
1934,15.178086525304082,14,11,0.8960000000000001
1935,25.80020372861215,15,10,0.95
1936,33.33116559888322,16,9,0.9299999999999999
1937,14.386616538847242,14,11,0.8577777777777779
1938,44.10137996180546,17,8,0.9120000000000001
1939,75.71741547298508,20,5,0.8720000000000001
1940,23.117277609902544,15,10,0.958
1941,-6.696312114980893,12,13,0.8777777777777779
1942,65.19392179546011,19,6,0.9020000000000001
1943,21.939272700499444,15,10,0.858
1944,35.965838756770665,16,9,0.8720000000000001
1945,32.52329695553452,16,9,0.9066666666666668
1946,45.9502579050426,17,8,0.8711111111111112
1947,11.924656154414391,14,11,0.9420000000000002
1948,56.61272153305359,18,7,0.8799999999999999
1949,23.6528652470036,15,10,0.8240000000000001
1950,35.163258544256806,16,9,0.86
1951,24.954075358366353,15,10,0.9
1952,15.197723821678586,14,11,0.8888888888888891
1953,25.431280991137307,15,10,0.882
1954,2.6054678942817855,13,12,0.8560000000000001
1955,25.715910400940082,15,10,0.9066666666666667
1956,13.979409709266749,14,11,0.884
1957,-15.762892676651305,11,14,0.8800000000000001
1958,44.736076873234765,17,8,0.8880000000000001
1959,24.259258143697334,15,10,0.9466666666666667
1960,55.770552321156785,18,7,0.8680000000000001
1961,45.224535705502625,17,8,0.922222222222222
1962,24.759187285843723,15,10,0.8688888888888888
1963,84.26158454116676,21,4,0.88
1964,34.83969165022287,16,9,0.866
1965,52.60481755868206,18,7,0.9019999999999999
1966,14.01093864802656,14,11,0.8911111111111111
1967,66.01175030281047,19,6,0.9019999999999999
1968,43.672523159611934,17,8,0.8480000000000001
1969,44.29824695031797,17,8,0.9755555555555557
1970,45.25837947079182,17,8,0.8960000000000001
1971,45.13311346608923,17,8,0.9044444444444443
1972,13.110021559081591,14,11,0.7844444444444444
1973,77.86816176211539,20,5,0.876
1974,11.947472113535422,14,11,0.8240000000000001
1975,35.09852686768649,16,9,0.915
1976,3.270205415266684,13,12,0.8866666666666665
1977,1.3758708582535748,13,12,0.898
1978,3.777879781194539,13,12,0.8880000000000001
1979,45.13226553455057,17,8,0.852
1980,24.227676720030697,15,10,0.9088888888888889
1981,11.901920646159091,14,11,0.9079999999999998
1982,36.08450015591926,16,9,0.9066666666666665
1983,44.44078279739211,17,8,0.9
1984,42.101310075398175,17,8,0.942
1985,35.14504761963019,16,9,0.8400000000000002
1986,54.32734614182297,18,7,0.8711111111111112
1987,34.44221473128882,16,9,0.8511111111111112
1988,44.60827843632425,17,8,0.8911111111111111
1989,12.111049893932593,14,11,0.9400000000000001
1990,3.0483197504347634,13,12,0.8640000000000001
1991,55.13890481956034,18,7,0.8311111111111111
1992,22.32963755953827,15,10,0.7888888888888889
1993,21.93203528949675,15,10,0.8400000000000001
1994,11.934879732116318,14,11,1.002
1995,24.073456671409524,15,10,0.8859999999999999
1996,53.963952529490456,18,7,0.8639999999999999
1997,43.46990087127709,17,8,0.8720000000000001
1998,-28.13627610967742,10,15,0.8920000000000001
1999,72.39233344561299,20,5,0.9040000000000001
2000,24.093431054667366,15,10,0.8859999999999999
2001,54.01663650566476,18,7,0.884
2002,1.7376997000029286,13,12,0.9359999999999999
2003,56.12074913946935,18,7,0.9
2004,43.787546957541096,17,8,0.8511111111111112
2005,62.94728508509688,19,6,0.8399999999999999
2006,43.833859683002395,17,8,0.924
2007,-17.333254937187036,11,14,0.9199999999999999
2008,32.52355442438117,16,9,0.858
2009,21.82877228888914,15,10,0.906
2010,-19.457545380564774,11,14,0.8739999999999999
2011,12.443886488244175,14,11,0.884
2012,45.554129589646955,17,8,0.8955555555555557
2013,44.93913079436758,17,8,0.8960000000000001
2014,12.924600199019643,14,11,0.9019999999999999
2015,36.81153038796833,16,9,0.892
2016,34.22473501618538,16,9,0.884
2017,21.89249962449438,15,10,0.8939999999999999
2018,31.067856226523567,16,9,0.8940000000000001
2019,43.22255966271277,17,8,0.842
2020,66.40531208188091,19,6,0.906
2021,-10.244735636058985,12,13,0.9359999999999999
2022,24.702314810128165,15,10,0.8955555555555557
2023,42.631718251955746,17,8,0.876
2024,45.111235092867595,17,8,0.9339999999999999
2025,24.7325841471485,15,10,0.8555555555555556
2026,53.15046600678542,18,7,0.8480000000000001
2027,14.579437477465728,14,11,0.8560000000000001
2028,32.642019737870136,16,9,0.8879999999999999
2029,4.646642218667174,13,12,0.8266666666666667
2030,-7.833949245508756,12,13,0.9380000000000001
2031,54.30337456962933,18,7,0.9340000000000002
2032,-28.654876584352564,10,15,0.874
2033,24.005886181010695,15,10,0.9120000000000001
2034,0.14858546749263013,13,12,0.8560000000000001
2035,63.925347156760516,19,6,0.9
2036,25.20270835695432,15,10,0.868
2037,1.0517148622085486,13,12,0.8560000000000001
2038,93.99574111214766,22,3,0.8466666666666666
2039,53.640819977511285,18,7,0.9222222222222223
2040,-6.012295782942056,12,13,0.96
2041,44.72777961795033,17,8,0.8933333333333332
2042,31.91499442333002,16,9,0.8800000000000001
2043,33.34051495947807,16,9,0.8620000000000001
2044,24.580030205242558,15,10,0.8666666666666667
2045,25.104331178530124,15,10,0.8866666666666666
2046,54.567447897625385,18,7,0.8160000000000001
2047,2.9026443335029057,13,12,0.8644444444444445
2048,11.409405519199698,14,11,0.924
2049,13.19016710685651,14,11,0.8779999999999999
2050,24.821836253458844,15,10,0.882
2051,76.8930237875692,20,5,0.9
2052,63.753286444138936,19,6,0.806
2053,34.933154468774816,16,9,0.8880000000000001
2054,64.65609606296863,19,6,0.9260000000000002
2055,-50.5729490996144,8,17,0.8800000000000001
2056,44.274858773845544,17,8,0.8733333333333333
2057,23.32430507834984,15,10,0.8888888888888888
2058,34.255265343575275,16,9,0.914
2059,61.15331817396302,19,6,0.9580000000000002
2060,24.725682042902793,15,10,0.8879999999999999
2061,31.94738604173361,16,9,0.9119999999999999
2062,4.690618544996941,13,12,0.9200000000000002
2063,34.79625042854834,16,9,0.932
2064,34.36053548822835,16,9,0.9
2065,32.79954231482321,16,9,0.8459999999999999
2066,74.14525922153393,20,5,0.8660000000000002
2067,2.3213063772284235,13,12,0.8959999999999999
2068,13.947313629878813,14,11,0.89
2069,23.534518516797274,15,10,0.9359999999999999
2070,34.37084322488128,16,9,0.906
2071,63.78497698286137,19,6,0.9666666666666668
2072,63.80660343676712,19,6,0.8560000000000001
2073,52.22633222356944,18,7,0.8400000000000001
2074,97.8039617729677,22,3,0.8640000000000001
2075,87.67360698569955,21,4,0.8955555555555557
2076,33.261106746233054,16,9,0.9239999999999998
2077,35.30234705891017,16,9,0.8560000000000001
2078,43.17229203134801,17,8,0.868
2079,13.544018425611199,14,11,0.8220000000000001
2080,35.007238849424084,16,9,0.8379999999999999
2081,25.73435414064921,15,10,0.932
2082,-18.514989015293033,11,14,0.8779999999999999
2083,85.62905640131936,21,4,0.9200000000000002
2084,62.555674287161324,19,6,0.8739999999999999
2085,34.30337250035862,16,9,0.942
2086,43.05345830623278,17,8,0.8360000000000001
2087,95.64303660940429,22,3,0.868
2088,34.54924801419134,16,9,0.8540000000000001
2089,30.353409931362716,16,9,0.8699999999999999
2090,55.69343962457743,18,7,0.8640000000000001
2091,13.790284146838777,14,11,0.882
2092,64.91434040996242,19,6,0.9577777777777778
2093,16.037739391088817,14,11,0.8888888888888891
2094,105.19674761906646,23,2,0.9044444444444445
2095,11.301658682870347,14,11,0.8955555555555554
2096,65.18428381734867,19,6,0.954
2097,35.68172095590726,16,9,0.8955555555555557
2098,3.8888150504733705,13,12,0.9311111111111112
2099,31.05784375868278,16,9,0.9466666666666667
2100,24.004832510163695,15,10,0.8360000000000001
2101,65.01799872922406,19,6,0.8820000000000002
2102,64.98435499594036,19,6,0.8666666666666667
2103,43.925709573080226,17,8,0.8779999999999999
2104,41.78066472865989,17,8,0.876
2105,24.456513885546094,15,10,0.9
2106,4.338318798725653,13,12,0.812
2107,20.645430774916964,15,10,0.9360000000000002
2108,23.408416994199623,15,10,0.944
2109,56.13998670462973,18,7,0.8699999999999999
2110,64.41901700367973,19,6,0.9119999999999999
2111,32.840166700863655,16,9,0.89
2112,42.339567873518156,17,8,0.874
2113,12.264895612022894,14,11,0.8733333333333334
2114,43.36847872752716,17,8,0.8979999999999999
2115,31.680532874926683,16,9,0.9520000000000002
2116,33.76217073754151,16,9,0.8879999999999999
2117,43.211522692996134,17,8,0.9360000000000002
2118,22.441393724878708,15,10,0.9422222222222223
2119,44.14080502314748,17,8,0.94
2120,33.2344171129952,16,9,0.9119999999999999
2121,32.05914880799103,16,9,0.9022222222222224
2122,22.105157411583313,15,10,0.9020000000000001
2123,43.51734394960754,17,8,0.8622222222222222
2124,53.00403331710422,18,7,0.9179999999999999
2125,1.599127430469946,13,12,0.858
2126,21.98049943318011,15,10,0.9377777777777779
2127,52.92753709095991,18,7,0.914
2128,12.297711878160762,14,11,0.8540000000000001
2129,75.92632780993623,20,5,0.9339999999999999
2130,-40.530572975671525,9,16,0.8740000000000002
2131,45.78720002299268,17,8,0.8860000000000001
2132,35.33733525763135,16,9,0.9422222222222223
2133,43.909279056873864,17,8,0.9155555555555556
2134,22.86937791224182,15,10,0.9180000000000001
2135,23.21562348778853,15,10,0.85
2136,64.2406070192692,19,6,0.8959999999999999
2137,24.871105211993324,15,10,0.82
2138,74.74684706030841,20,5,0.8539999999999999
2139,53.00813799433885,18,7,0.8088888888888889
2140,65.26582401137804,19,6,0.8466666666666667
2141,64.31441876988205,19,6,0.874
2142,52.053423778909526,18,7,0.8619999999999999
2143,-7.492648015492991,12,13,0.8888888888888888
2144,54.97823681313136,18,7,0.86
2145,56.04951488155434,18,7,0.9100000000000001
2146,53.56657350251979,18,7,0.8999999999999999
2147,-6.5376143076124436,12,13,0.9044444444444443
2148,53.65875317305684,18,7,0.9199999999999999
2149,1.7961301986093812,13,12,0.8760000000000001
2150,46.002195187266985,17,8,0.8800000000000001
2151,95.5210618917367,22,3,0.897777777777778
2152,44.044139653382175,17,8,0.8760000000000001
2153,14.485711832576118,14,11,0.8474999999999999
2154,35.04365379365341,16,9,0.85
2155,11.619034348994582,14,11,0.9260000000000002
2156,70.982725355449,20,5,0.8640000000000001
2157,56.51257688177051,18,7,0.8724999999999999
2158,15.212752653859706,14,11,0.8019999999999999
2159,23.905271024300376,15,10,0.882
2160,65.6504389053866,19,6,0.8866666666666667
2161,45.666303538815,17,8,0.9088888888888889
2162,34.127411632596285,16,9,0.8639999999999999
2163,10.775728917105083,14,11,0.8911111111111111
2164,33.87414033788727,16,9,0.8460000000000001
2165,13.037097464691023,14,11,0.932
2166,25.72216219955523,15,10,0.884
2167,54.919965578489354,18,7,0.9111111111111112
2168,22.671838608691115,15,10,0.9111111111111112
2169,35.46366223425128,16,9,0.9
2170,34.815314340016066,16,9,0.844
2171,22.550723854645465,15,10,0.9755555555555557
2172,33.390568297167185,16,9,0.8466666666666667
2173,34.535101296585,16,9,0.9533333333333334
2174,13.69975505337834,14,11,0.9280000000000002
2175,65.86791932771705,19,6,0.8479999999999999
2176,11.439689768136617,14,11,0.9059999999999999
2177,54.19395610266153,18,7,0.766
2178,45.48321340313768,17,8,0.9039999999999999
2179,40.56496174003511,17,8,0.9359999999999999
2180,10.190186242428922,14,11,0.884
2181,23.31508742902487,15,10,0.8977777777777776
2182,75.96956404194292,20,5,0.976
2183,22.82968351292698,15,10,0.8320000000000001
2184,32.060106350609075,16,9,0.9177777777777779
2185,32.08984792194264,16,9,0.892
2186,33.53968613420911,16,9,0.8400000000000001
2187,12.93489701068426,14,11,0.8719999999999999
2188,44.413421309557435,17,8,0.922
2189,13.49071181884823,14,11,0.8459999999999999
2190,10.387958907779906,14,11,0.9100000000000001
2191,54.86916204765758,18,7,0.8177777777777778
2192,54.59673349636083,18,7,0.9022222222222221
2193,60.51713056706105,18,6,0.89
2194,2.9964791366027486,13,12,0.85
2195,23.019603765832898,15,10,0.8244444444444444
2196,27.37925160020465,15,10,0.9020000000000001
2197,31.72204243089523,16,9,0.942
2198,64.6130798231778,19,6,0.8780000000000001
2199,66.19826881550844,19,6,0.9079999999999998
2200,14.826879640771422,14,11,0.8300000000000001
2201,72.29138360877351,20,5,0.946
2202,65.14589254214187,19,6,0.8999999999999999
2203,5.516788414400223,13,12,0.911111111111111
2204,24.2285166190521,15,10,0.8219999999999998
2205,-48.01667617731594,8,17,0.8899999999999999
2206,55.03051115592477,18,7,0.8460000000000001
2207,44.334867568620936,17,8,0.95
2208,25.423920563116635,15,10,0.922
2209,-8.07188340467042,12,13,0.876
2210,68.30116094146197,19,6,0.9044444444444443
2211,76.82853920396298,20,5,0.8466666666666666
2212,53.77785592456277,18,7,0.9260000000000002
2213,9.634309247002296,14,11,0.892
2214,67.14082931973259,19,6,0.858
2215,53.37705458151119,18,7,0.8066666666666666
2216,53.704844172628945,18,7,0.9180000000000001
2217,12.068061879150497,14,11,0.9199999999999999
2218,34.781487576513136,16,9,0.9079999999999998
2219,-38.36162508516841,9,16,0.8859999999999999
2220,31.128498925629692,16,9,0.8620000000000001
2221,3.5593365411544173,13,12,0.9400000000000001
2222,14.341045765118679,14,11,0.89
2223,23.549250263784412,15,10,0.8539999999999999
2224,32.455230626152215,16,9,0.858
2225,45.395303263586726,17,8,0.932
2226,53.87814536489375,18,7,0.8977777777777778
2227,54.29512081834705,18,7,0.8244444444444444
2228,14.3425590133279,14,11,0.8539999999999999
2229,43.6181157214512,17,8,0.8799999999999999
2230,24.1842142285837,15,10,0.8777777777777779
2231,-7.656434878536615,12,13,0.8666666666666667
2232,-18.585122872112244,11,14,0.922
2233,3.401500574344531,13,12,0.9359999999999999
2234,13.794338887676826,14,11,0.9260000000000002
2235,31.64297647397629,16,9,0.9266666666666666
2236,53.61682945284661,18,7,0.9199999999999999
2237,65.57069490986532,19,6,0.9333333333333333
2238,32.142003736619415,16,9,0.9059999999999999
2239,35.46918289333063,16,9,0.9279999999999999
2240,46.658447330139055,17,8,0.9039999999999999
2241,46.658988148248895,17,8,0.9340000000000002
2242,42.87406233167567,17,8,0.8533333333333333
2243,63.75969541621953,19,6,0.8860000000000001
2244,34.567704047711274,16,9,0.82
2245,13.077710697025022,14,11,0.9266666666666666
2246,31.3607261062875,16,9,0.8975
2247,55.47577604808002,18,7,0.8822222222222222
2248,34.66593361194068,16,9,0.8822222222222221
2249,66.66517335142798,19,6,0.898
2250,56.34796244468177,18,7,0.8911111111111111
2251,22.713624245052323,15,10,0.9119999999999999
2252,13.642730269625497,14,11,0.9719999999999999
2253,13.652627938227068,14,11,0.874
2254,22.347571647637128,15,10,0.9259999999999998
2255,26.33224189132828,15,10,0.8959999999999999
2256,53.51264004216603,18,7,0.9199999999999999
2257,56.88573247357972,18,7,0.9199999999999999
2258,37.07026501736786,16,9,0.9066666666666667
2259,13.052401699842825,14,11,0.8780000000000001
2260,56.36905566704548,18,7,0.892
2261,44.04817626330987,17,8,0.8460000000000001
2262,35.7067050825053,16,9,0.8488888888888889
2263,44.72878222014427,17,8,0.826
2264,54.820214237555604,18,7,0.874
2265,26.54436191008086,15,10,0.924
2266,14.437529702027303,14,11,0.9099999999999999
2267,35.10525741485045,16,9,0.9
2268,36.83328161850331,16,9,0.9179999999999998
2269,34.612537765049,16,9,0.911111111111111
2270,54.28418815947028,18,7,0.9333333333333333
2271,56.276732971674605,18,7,0.9088888888888889
2272,65.38866709089811,19,6,0.8244444444444444
2273,14.170774513076744,14,11,0.8960000000000001
2274,1.6220729536594787,13,12,0.8860000000000001
2275,66.46135859983721,19,6,0.908
2276,23.427940978631668,15,10,0.89
2277,-16.50931022847804,11,14,0.8779999999999999
2278,33.9805513188082,16,9,0.9555555555555555
2279,45.77078707332011,17,8,0.9259999999999999
2280,-25.47292647531627,10,15,0.882
2281,12.154686202464216,14,11,0.976
2282,65.9436507973909,19,6,0.9339999999999999
2283,-14.919571577989853,11,14,0.9777777777777779
2284,33.37769975371712,16,9,0.876
2285,84.29271545062264,21,4,0.8733333333333333
2286,3.2422079431133595,13,12,0.85
2287,33.98600086309709,16,9,0.8200000000000001
2288,14.946310096156726,14,11,0.86
2289,52.32316584094424,18,7,0.8539999999999999
2290,44.97871358631017,17,8,0.8733333333333333
2291,32.634681149141336,16,9,0.8822222222222221
2292,-27.754476826174347,10,15,0.8640000000000001
2293,25.239526557526542,15,10,0.9179999999999999
2294,53.90966971815692,18,7,0.8779999999999999
2295,76.67340052133895,20,5,0.9179999999999999
2296,76.50561468435065,20,5,0.8620000000000001
2297,34.011903019530415,16,9,0.8539999999999999
2298,77.57756413876795,20,5,0.8622222222222224
2299,64.4585132099347,19,6,0.8377777777777778
2300,34.09580633680604,16,9,0.914
2301,13.885522298675237,14,11,0.8844444444444444
2302,32.500066310099584,16,9,0.9244444444444443
2303,33.657097116813205,16,9,0.9533333333333334
2304,21.77366575886297,15,10,0.89
2305,32.76995780288615,16,9,0.89
2306,44.182498500749375,17,8,0.8560000000000001
2307,-31.037837699692236,10,15,0.8800000000000002
2308,22.92438751742596,15,10,0.8100000000000002
2309,34.74981927028891,16,9,0.9311111111111112
2310,3.2192394477958377,13,12,0.9125000000000001
2311,24.575446535410844,15,10,0.9555555555555555
2312,-5.837985815852752,12,13,0.852
2313,65.08653557730025,19,6,0.8822222222222224
2314,23.162948225080424,15,10,0.88
2315,66.34733829086359,19,6,0.8955555555555557
2316,41.55270024436372,17,8,0.9099999999999999
2317,34.07587666710653,16,9,0.8399999999999999
2318,22.75543856592921,15,10,0.8511111111111112
2319,10.860503164530769,14,11,1.004
2320,33.41507514268854,16,9,0.8640000000000001
2321,43.91162492917143,17,8,0.8911111111111111
2322,56.37552218340351,18,7,0.8720000000000001
2323,2.2198305602522623,13,12,0.9133333333333332
2324,44.31382830054881,17,8,0.9099999999999999
2325,2.0283944745422096,13,12,0.8600000000000001
2326,10.79291916028546,14,11,0.954
2327,41.60747472163362,17,8,0.8400000000000001
2328,35.34106917113857,16,9,0.9200000000000002
2329,35.66153235322232,16,9,0.954
2330,64.53188071790093,19,6,0.9244444444444443
2331,13.910329506067473,14,11,0.9219999999999999
2332,32.11994840600349,16,9,0.8319999999999999
2333,14.583994068046911,14,11,0.9240000000000002
2334,20.922949297361615,15,10,0.8939999999999999
2335,11.172594353432032,14,11,0.8960000000000001
2336,12.571974138608027,14,11,0.892
2337,75.14133975910549,20,5,0.968
2338,86.65196496418058,21,4,0.908
2339,32.14973601693829,16,9,0.8260000000000002
2340,33.72861953459187,16,9,0.9339999999999999
2341,56.355329284787196,18,7,0.8960000000000001
2342,12.326207591707275,14,11,0.882
2343,22.27178592894449,15,10,0.8666666666666667
2344,63.99624008881352,19,6,0.884
2345,24.209594448976024,15,10,0.9333333333333333
2346,53.47004443442255,18,7,0.8822222222222224
2347,23.87346962673753,15,10,0.8600000000000001
2348,43.64276778224404,17,8,0.8540000000000001
2349,24.260775632044947,15,10,0.9200000000000002
2350,42.260454877620795,17,8,0.8533333333333334
2351,41.92932519066654,17,8,0.8480000000000001
2352,-8.707982057268605,12,13,0.8520000000000001
2353,84.31669148988749,21,4,0.89
2354,32.66422915532246,16,9,0.874
2355,75.8249735940118,20,5,0.8879999999999999
2356,-8.433359564885855,12,13,0.858
2357,14.057287485071669,14,11,0.8577777777777778
2358,-2.735185495328544,13,12,0.8880000000000001
2359,44.27435358597569,17,8,0.866
2360,-20.91402063892804,11,14,0.8880000000000001
2361,12.005023206784006,14,11,0.9380000000000003
2362,52.94983897328784,18,7,0.9019999999999999
2363,11.805934146670333,14,11,0.9040000000000001
2364,34.037806461631575,16,9,0.868
2365,30.910694289040734,16,9,0.9111111111111112
2366,33.40223160935919,16,9,0.9119999999999999
2367,54.47809831846212,18,7,0.9577777777777777
2368,53.339269504211146,18,7,0.9149999999999999
2369,12.398139125128733,14,11,0.9420000000000002
2370,20.136200965909477,15,10,0.9559999999999998
2371,10.587804656895885,14,11,0.8520000000000001
2372,42.68915663309305,17,8,0.9422222222222223
2373,43.48293278000726,17,8,0.8755555555555556
2374,41.2348717560618,17,8,0.906
2375,20.05999428832733,15,10,0.8859999999999999
2376,14.510346665986784,14,11,0.8711111111111112
2377,1.0883188243764588,13,12,0.922
2378,-1.3020941981336058,13,12,0.8820000000000002
2379,33.634621925648666,16,9,0.9133333333333334
2380,32.84708776458751,16,9,0.8700000000000001
2381,20.959388726249202,15,10,0.9400000000000001
2382,22.61288063803248,15,10,0.9259999999999999
2383,44.06063384796731,17,8,0.8511111111111112
2384,42.51994970748383,17,8,0.892
2385,40.537201413855186,17,8,0.922
2386,52.11292347220344,18,7,0.9019999999999999
2387,31.332635936641257,16,9,0.8879999999999999
2388,21.10161244891679,15,10,0.882
2389,11.39856598764591,14,11,0.9280000000000002
2390,31.64336802975562,16,9,0.8979999999999999
2391,31.149222268131503,16,9,0.868
2392,33.6496758177615,16,9,0.8533333333333333
2393,33.318632763746194,16,9,0.866
2394,40.10473061083517,17,8,0.9020000000000001
2395,22.289051279878766,15,10,0.8699999999999999
2396,31.992534373445057,16,9,0.9139999999999999
2397,-9.396016071798003,12,13,0.9177777777777778
2398,45.19006710031038,17,8,0.9179999999999999
2399,20.16998478087302,15,10,0.8866666666666666
2400,12.233221206431285,14,11,0.8599999999999998
2401,8.752555661932355,14,11,0.8700000000000001
2402,20.082871351694084,15,10,0.826
2403,63.58850528733062,19,6,0.9675
2404,52.14854721627027,18,7,0.8480000000000001
2405,9.713498886271998,14,11,0.842
2406,30.348108671000205,16,9,0.8777777777777778
2407,41.88459742813047,17,8,0.9700000000000001
2408,23.693038679402488,15,10,0.9200000000000002
2409,-12.318348232252681,12,13,0.9000000000000001
2410,29.504829115215276,16,9,0.8779999999999999
2411,40.358081271723705,17,8,0.9019999999999999
2412,11.006959845992146,14,11,0.8899999999999999
2413,62.071840528783554,19,6,0.8620000000000001
2414,31.517607083430864,16,9,0.8733333333333333
2415,30.67691812034649,16,9,0.8480000000000001
2416,19.896081710720644,15,10,0.892
2417,23.078420241859508,15,10,0.9339999999999999
2418,87.53270758919646,21,4,0.8860000000000001
2419,20.511064574031998,15,10,0.9100000000000001
2420,50.481513698776716,18,7,0.8800000000000001
2421,-8.476742481023972,12,13,0.9
2422,10.887845977263158,14,11,0.8480000000000001
2423,21.967791934004364,15,10,0.9400000000000001
2424,15.35638688434992,14,11,0.868
2425,20.793445464929555,15,10,0.8800000000000001
2426,20.71720327288966,15,10,0.8779999999999999
2427,52.75477698179181,18,7,0.908
2428,75.14728946413324,20,5,0.836
2429,11.262461866396347,14,11,0.834
2430,29.633161040018646,16,9,0.852
2431,35.23869050340639,16,9,0.8644444444444443
2432,62.68548537531565,19,6,0.9422222222222221
2433,42.405267977342255,17,8,0.9520000000000002
2434,41.40523732201078,17,8,0.8620000000000001
2435,34.09485969233489,16,9,0.9422222222222223
2436,43.53293993509482,17,8,0.8666666666666667
2437,43.34935833123961,17,8,0.9299999999999999
2438,45.21163057308834,17,8,0.9199999999999999
2439,11.629316155064638,14,11,0.9739999999999999
2440,32.80476877242914,16,9,0.8700000000000001
2441,43.916681033668006,17,8,0.8160000000000001
2442,31.091295733537354,16,9,0.8400000000000001
2443,30.85463355614535,16,9,0.8755555555555555
2444,0.48169887198148587,13,12,0.911111111111111
2445,29.4050719172294,16,9,0.8755555555555556
2446,1.7402604519815816,13,12,0.9280000000000002
2447,33.49761821081258,16,9,0.8839999999999998
2448,22.867457006488824,15,10,0.84
2449,32.65500704076101,16,9,0.8666666666666667
2450,32.63239618944242,16,9,0.8719999999999999
2451,45.07346992026942,17,8,0.834
2452,19.824199048921194,15,10,0.9400000000000001
2453,10.419758459106966,14,11,0.82
2454,-36.85368332236837,9,16,0.8479999999999999
2455,21.261200830555033,15,10,0.9
2456,11.946836846564757,14,11,0.8980000000000002
2457,31.74776638967753,16,9,0.8955555555555554
2458,11.058900845115268,14,11,0.8540000000000001
2459,12.368782708209588,14,11,0.96
2460,32.95178583611598,16,9,0.866
2461,84.18929634562349,21,4,0.852
2462,53.175280738543925,18,7,0.78
2463,54.1434843309833,18,7,0.9466666666666667
2464,31.23426900575138,16,9,0.8960000000000001
2465,22.510951604260026,15,10,0.908
2466,72.94914471618443,20,5,0.8288888888888889
2467,41.94916545339126,17,8,0.8600000000000001
2468,54.01007210917606,18,7,0.89
2469,52.07941887024126,18,7,0.7977777777777777
2470,43.09817665875098,17,8,0.8888888888888888
2471,23.506614256576512,15,10,0.9039999999999999
2472,10.323890779038095,14,11,0.966
2473,52.940964698200574,18,7,0.9111111111111112
2474,18.019671600379027,15,10,0.858
2475,22.7096733285537,15,10,0.9339999999999999
2476,82.6519054346126,21,4,0.9259999999999999
2477,13.564600024299477,14,11,0.9680000000000002
2478,12.568538298784379,14,11,0.9377777777777777
2479,10.35015143420664,14,11,0.9311111111111112
2480,-9.92625409083642,12,13,0.9000000000000001
2481,21.309068434763624,15,10,0.9199999999999999
2482,15.02845841096873,14,11,0.9480000000000001
2483,11.023756851344503,14,11,0.8666666666666666
2484,0.3708515412512181,13,12,0.884
2485,12.30063559547308,14,11,0.8140000000000001
2486,22.468445515429423,15,10,0.8319999999999999
2487,1.2140138151987987,13,12,0.9
2488,42.53141053157714,17,8,0.8577777777777779
2489,64.90211054551489,19,6,0.89
2490,11.383649008411687,14,11,0.9039999999999999
2491,23.602916412744023,15,10,0.858
2492,33.031304851018525,16,9,0.914
2493,3.7051105411256646,13,12,0.9400000000000001
2494,-8.443446072146212,12,13,0.8400000000000001
2495,-9.01105450968168,12,13,0.8880000000000001
2496,19.558951110806017,15,10,0.93
2497,22.29027202914113,15,10,0.8719999999999999
2498,31.669079843763978,16,9,0.9133333333333334
2499,29.332353147009215,16,9,0.8479999999999999
2500,42.41015507442283,17,8,0.8680000000000001
2501,31.544717479838052,16,9,0.834
2502,31.793391159871575,16,9,0.8540000000000001
2503,31.72872360580022,16,9,0.8911111111111111
2504,62.13894005691172,19,6,0.8719999999999999
2505,63.915658740375136,19,6,0.876
2506,11.679430155542263,14,11,0.9199999999999999
2507,9.558797453380254,14,11,0.8622222222222223
2508,61.209218777167216,19,6,0.95
2509,73.33277782419351,20,5,0.8844444444444445
2510,21.565367731417364,15,10,0.9179999999999999
2511,53.06422660747996,18,7,0.8799999999999999
2512,52.366438991619454,18,7,0.8555555555555556
2513,55.057871094483204,18,7,0.844
2514,-9.756234703667007,12,13,0.914
2515,23.800675712502798,15,10,0.9
2516,32.88396919735388,16,9,0.8377777777777777
2517,53.14488703310014,18,7,0.8480000000000001
2518,42.65620951178724,17,8,0.9200000000000002
2519,-8.369239695803039,12,13,0.8680000000000001
2520,31.283019880468544,16,9,0.868
2521,40.71377188556748,17,8,0.9279999999999999
2522,30.320341989517278,16,9,0.8879999999999999
2523,32.33958545932352,16,9,0.9480000000000001
2524,1.457749709043659,13,12,0.8459999999999999
2525,56.069559532973905,18,7,0.8999999999999998
2526,41.5187490355672,17,8,0.8019999999999999
2527,62.80740654116439,19,6,0.9400000000000001
2528,40.960077176792936,17,8,0.8800000000000001
2529,55.29593976408262,18,7,0.8700000000000001
2530,-20.278871910389057,11,14,0.858
2531,13.115025947844995,14,11,0.9044444444444445
2532,21.10290644265779,15,10,0.9359999999999999
2533,31.38464555838041,16,9,0.8555555555555556
2534,53.31038300664482,18,7,0.8399999999999999
2535,22.437870133129778,15,10,0.9555555555555557
2536,-19.40969117129697,11,14,0.874
2537,52.166260376078505,18,7,0.922
2538,31.738114244889253,16,9,0.8511111111111112
2539,-30.387716751146186,10,15,0.8780000000000001
2540,-8.973929274878358,12,13,0.8779999999999999
2541,45.75424687525104,17,8,0.8622222222222222
2542,32.591165379451205,16,9,0.898
2543,23.440583814263434,15,10,0.9339999999999999
2544,42.08184950586637,17,8,0.9600000000000002
2545,44.47597628505086,17,8,0.9377777777777777
2546,63.59385635694628,19,6,0.9259999999999999
2547,21.191118840958776,15,10,0.9100000000000001
2548,-32.60378195608739,10,15,0.9560000000000001
2549,50.81751949591437,18,7,0.8711111111111111
2550,42.46672169603488,17,8,0.9279999999999997
2551,-0.9468885764609105,13,12,0.9400000000000001
2552,-7.782425846457554,12,13,0.9
2553,0.35792964410139505,13,12,0.9288888888888889
2554,33.025255491771816,16,9,0.9280000000000002
2555,65.12911483336009,19,6,0.9133333333333332
2556,-2.7130129240906955,13,12,0.8720000000000001
2557,2.8920766063761523,13,12,0.8800000000000001
2558,41.298064226502014,17,8,0.9040000000000002
2559,23.7682472746126,15,10,0.9279999999999999
2560,32.68448162572906,16,9,0.8480000000000001
2561,31.864030320226778,16,9,0.8479999999999999
2562,42.57466912560101,17,8,0.8644444444444445
2563,-10.970138763810919,12,13,0.9355555555555556
2564,30.87497884968142,16,9,0.914
2565,11.884587917391725,14,11,0.8444444444444444
2566,34.581636385377834,16,9,0.8119999999999999
2567,24.16181697108252,15,10,0.911111111111111
2568,11.269570915205776,14,11,0.8019999999999999
2569,24.019467673093317,15,10,0.8711111111111111
2570,-9.909303516415475,12,13,0.9219999999999999
2571,54.49537277116232,18,7,0.8099999999999999
2572,10.736735283847116,14,11,0.8888888888888888
2573,23.249653140305313,15,10,0.8733333333333335
2574,20.623845214737216,15,10,0.8880000000000001
2575,-19.546659726373637,11,14,0.914
2576,53.02898348983095,18,7,0.9600000000000002
2577,45.3300175794909,17,8,0.8859999999999999
2578,21.866965460374654,15,10,0.8711111111111112
2579,64.25351128650901,19,6,0.85
2580,10.94154779550994,14,11,0.812
2581,12.612978791903746,14,11,0.8959999999999999
2582,21.305741244426713,15,10,0.8639999999999999
2583,52.2799527185834,18,7,0.958
2584,13.016527547108403,14,11,0.9440000000000002
2585,31.970871913201428,16,9,0.874
2586,24.599621562970913,15,10,0.8220000000000001
2587,56.55162168736736,18,7,0.8888888888888888
2588,52.96672882367214,18,7,0.8620000000000001
2589,23.473484941452092,15,10,0.9475
2590,53.45002710484276,18,7,0.9500000000000002
2591,33.38572475410945,16,9,0.8940000000000001
2592,63.71167816925845,19,6,0.916
2593,44.67434513495079,17,8,0.8860000000000001
2594,33.26397325106886,16,9,0.9280000000000002
2595,-22.091337754038467,11,14,0.8780000000000001
2596,13.938344119044935,14,11,0.9133333333333332
2597,11.435497315470544,14,11,0.8880000000000001
2598,33.11197930798197,16,9,0.8533333333333334
2599,10.555971317681257,14,11,0.9279999999999999
2600,64.30703658680858,19,6,0.9179999999999999
2601,-8.123519908751632,12,13,0.99
2602,53.72940487485842,18,7,0.8699999999999999
2603,64.34463037763538,19,6,0.9020000000000001
2604,33.2855961965522,16,9,0.8822222222222221
2605,33.813971786498016,16,9,0.9155555555555556
2606,63.127695609961705,19,6,0.9225
2607,-7.062911360712442,12,13,0.8280000000000001
2608,-10.731242152787646,12,13,0.8620000000000001
2609,22.089454276810233,15,10,0.82
2610,32.36993769596419,16,9,0.8480000000000001
2611,3.1376517605019347,13,12,0.8859999999999999
2612,36.038346074729944,16,9,0.828888888888889
2613,32.3143557061626,16,9,0.9355555555555556
2614,21.083040572498472,15,10,0.8859999999999999
2615,62.178227310977285,19,6,0.9100000000000001
2616,11.5969503013521,14,11,0.892
2617,52.239017552417664,18,7,0.8939999999999999
2618,-19.815424605379732,11,14,0.8440000000000001
2619,33.936660823607994,16,9,0.8620000000000001
2620,21.941469915572792,15,10,0.9555555555555555
2621,43.83521462432307,17,8,0.8
2622,12.559374767222383,14,11,0.9420000000000002
2623,31.628239470032806,16,9,0.8977777777777778
2624,63.206562651978324,19,6,0.932
2625,44.46126146315529,17,8,0.9179999999999999
2626,12.63752234675928,14,11,0.8955555555555557
2627,23.809080039978248,15,10,0.9666666666666666
2628,45.54573029613083,17,8,0.874
2629,1.1343455451779558,13,12,0.9155555555555556
2630,-16.7751932073134,11,14,0.9
2631,30.788205189635995,16,9,0.962
2632,-31.182512645350716,10,15,0.892
2633,24.597181917931398,15,10,0.8711111111111112
2634,65.41353084265255,19,6,0.86
2635,1.3020157944717603,13,12,0.8939999999999999
2636,31.83282531759771,16,9,0.9119999999999999
2637,25.56226842411794,15,10,0.8659999999999999
2638,-27.990156375292486,10,15,0.8422222222222222
2639,51.11067516782261,18,7,0.8844444444444444
2640,12.225744806434616,14,11,0.842
2641,0.09272698713896954,13,12,0.8879999999999999
2642,55.40766854472538,18,7,0.8879999999999999
2643,22.886898305557754,15,10,0.9039999999999999
2644,34.5706766345239,16,9,0.8488888888888889
2645,33.934925992161915,16,9,0.8240000000000002
2646,40.40104374720295,17,8,0.8919999999999998
2647,-18.868048782860107,11,14,0.916
2648,66.12868645523282,19,6,0.8699999999999999
2649,31.509369472574846,16,9,0.8960000000000001
2650,33.708910458503986,16,9,0.8779999999999999
2651,82.3864200076767,21,4,0.8688888888888888
2652,34.17610444787445,16,9,0.8555555555555556
2653,13.355300857529752,14,11,0.8960000000000001
2654,0.22517554133401774,13,12,0.8780000000000001
2655,21.402632980519613,15,10,0.866
2656,11.247868171019038,14,11,0.8979999999999999
2657,-16.64248290469539,11,14,0.9133333333333332
2658,11.186761772112193,14,11,0.8022222222222223
2659,14.4565274485246,14,11,0.884
2660,-1.8037812089965986,13,12,0.8155555555555556
2661,13.572662414067445,14,11,0.9
2662,-9.49822626135851,12,13,0.9066666666666667
2663,-4.54712479739901,12,13,0.9079999999999998
2664,15.539601775428808,14,11,0.9120000000000001
2665,45.2104853020672,17,8,0.9339999999999999
2666,45.3768609752721,17,8,0.8620000000000001
2667,51.72923195840326,18,7,0.9099999999999999
2668,12.079959031546991,14,11,0.9733333333333333
2669,20.678050189914416,15,10,0.9720000000000001
2670,21.458551049099427,15,10,0.8977777777777778
2671,74.419999839962,20,5,0.842
2672,22.32582400687472,15,10,0.8888888888888888
2673,23.208382746127494,15,10,0.8920000000000001
2674,23.169240710560864,15,10,0.9511111111111111
2675,-8.161514406330113,12,13,0.9022222222222224
2676,22.762847955090606,15,10,0.8777777777777778
2677,-7.7620359633296925,12,13,0.84
2678,-8.622436556367763,12,13,0.9199999999999999
2679,2.7132359957155106,13,12,0.9540000000000001
2680,33.41218458250229,16,9,0.8480000000000001
2681,22.91821549471552,15,10,0.851111111111111
2682,10.413089303594175,14,11,0.911111111111111
2683,-41.66235521340486,9,16,0.852
2684,10.95537180552746,14,11,0.8466666666666667
2685,42.86842347383181,17,8,0.9
2686,22.646807235210147,15,10,0.8622222222222222
2687,43.592811984431805,17,8,0.9339999999999999
2688,13.466279243009089,14,11,0.8150000000000001
2689,42.79066420095213,17,8,0.922
2690,23.849849739486856,15,10,0.874
2691,74.42749297540696,20,5,0.8720000000000001
2692,11.084803075459064,14,11,0.852
2693,42.61010009829832,17,8,0.8680000000000001
2694,1.3664517032162813,13,12,0.938
2695,33.38551362941696,16,9,0.806
2696,23.05596696568113,15,10,0.8820000000000002
2697,30.935600178486393,16,9,0.94
2698,72.12958067800633,20,5,0.8620000000000001
2699,71.6009392676114,20,5,0.8399999999999999
2700,82.87932969009032,21,4,0.9120000000000001
2701,33.06164003047917,16,9,0.86
2702,74.41717470521368,20,5,0.8699999999999999
2703,43.510695671556704,17,8,0.8422222222222222
2704,32.09124539540533,16,9,0.8755555555555555
2705,22.57683587293924,15,10,0.9440000000000002
2706,64.66574398011534,19,6,0.8400000000000001
2707,51.57387613643935,18,7,0.9259999999999999
2708,0.6983989626311597,13,12,0.8480000000000001
2709,40.16846102832992,17,8,0.868
2710,22.26904733318311,15,10,0.8400000000000001
2711,50.79562888043732,18,7,0.968
2712,45.24137489569604,17,8,0.924
2713,-6.275630074821282,12,13,0.944
2714,22.37578591708712,15,10,0.868
2715,74.00227890456065,20,5,0.8844444444444445
2716,20.835365971891612,15,10,0.9219999999999999
2717,29.721565090544196,16,9,0.884
2718,33.45926673788366,16,9,0.9179999999999999
2719,25.072803448642006,15,10,0.952
2720,20.559754899442428,15,10,0.8680000000000001
2721,55.94158280710754,18,7,0.9377777777777777
2722,43.04613482262836,17,8,0.9180000000000001
2723,20.238827546828173,15,10,0.8440000000000001
2724,41.76228732974127,17,8,0.898
2725,53.229872441094834,18,7,0.8880000000000001
2726,42.36799097368346,17,8,0.9339999999999999
2727,64.20776293177514,19,6,0.8533333333333334
2728,3.1362744231910593,13,12,0.882
2729,20.95070858277824,15,10,0.882
2730,-11.14293347014086,12,13,0.842
2731,31.22545992917308,16,9,0.944
2732,-10.194732266686314,12,13,0.8622222222222223
2733,82.71710912439627,21,4,0.85
2734,12.93687058162909,14,11,0.8540000000000001
2735,-30.56768207690847,10,15,0.906
2736,-20.998211036146323,11,14,0.8959999999999999
2737,50.52575642302098,18,7,0.8888888888888888
2738,-50.486119417205984,8,17,0.852
2739,33.37426403981287,16,9,0.874
2740,-9.832002551169353,12,13,0.868888888888889
2741,19.467068576537525,15,10,0.8888888888888888
2742,1.3759000410304427,13,12,0.8220000000000001
2743,-11.333584691249541,12,13,0.844
2744,31.625181871657922,16,9,0.8919999999999998
2745,21.931287068867174,15,10,0.9044444444444445
2746,32.67359744616918,16,9,0.9355555555555556
2747,54.11447472036595,18,7,0.8899999999999999
2748,44.269274312076135,17,8,0.898
2749,13.855397923883068,14,11,0.951111111111111
2750,42.432016958358176,17,8,0.932
2751,30.89658462662386,16,9,0.89
2752,53.38706699747736,18,7,0.984
2753,23.155306231490844,15,10,0.8699999999999999
2754,44.77997902050037,17,8,0.871111111111111
2755,45.14423424392545,17,8,0.8939999999999999
2756,43.28308963865665,17,8,0.8720000000000002
2757,75.83053913516373,20,5,0.9244444444444445
2758,14.083205399547246,14,11,0.8377777777777777
2759,31.045546215539208,16,9,0.868
2760,-1.176128315860391,13,12,0.882
2761,32.09729769512275,16,9,0.8859999999999999
2762,-2.6329982565305827,13,12,0.9639999999999999
2763,9.425597965765895,14,11,0.9200000000000002
2764,31.054524644731984,16,9,0.906
2765,32.56710541495151,16,9,0.8700000000000001
2766,9.94782804748468,14,11,0.8555555555555555
2767,0.587240906521604,13,12,0.8760000000000001
2768,86.39071461857415,21,4,0.93
2769,53.9458172879476,18,7,0.9324999999999999
2770,-10.365882788102612,12,13,0.96
2771,32.44190665246177,16,9,0.8899999999999999
2772,31.2793974830809,16,9,0.86
2773,12.48803350064984,14,11,0.834
2774,-2.0614954651670807,13,12,0.8540000000000001
2775,71.92141928145438,20,5,0.9066666666666665
2776,70.77706905989923,20,5,0.8720000000000001
2777,31.452834075532813,16,9,0.8422222222222223
2778,53.376655470859816,18,7,0.898
2779,13.114767595280325,14,11,0.86
2780,22.001234100917728,15,10,0.922
2781,33.43025322056012,16,9,0.9733333333333335
2782,9.771806108923721,14,11,0.9179999999999999
2783,41.18841547947788,17,8,0.8760000000000001
2784,18.64244736023858,15,10,0.8620000000000001
2785,-2.2777807141938977,13,12,0.8480000000000001
2786,52.814269109817914,18,7,0.9
2787,-0.15178552740113838,13,12,0.9133333333333334
2788,22.026354311002724,15,10,0.8899999999999999
2789,12.429115370497302,14,11,0.9000000000000001
2790,55.24406359912405,18,7,0.9039999999999999
2791,10.743429800570237,14,11,0.9244444444444445
2792,52.00891422195926,18,7,0.93
2793,34.11374154360923,16,9,0.9
2794,85.05819654855829,21,4,0.9044444444444445
2795,-9.298614938153266,12,13,0.8400000000000001
2796,20.830904946574627,15,10,0.9533333333333334
2797,32.27581581238959,16,9,0.858
2798,42.938244840076464,17,8,0.7959999999999999
2799,-9.553045749963303,12,13,0.9159999999999998
2800,20.06612190869713,15,10,0.85
2801,72.51021107977438,20,5,0.9199999999999999
2802,44.14195020980372,17,8,0.916
2803,2.80292044788903,13,12,0.8155555555555556
2804,-9.512494355570308,12,13,0.8139999999999998
2805,35.06768489501949,16,9,0.982
2806,73.10769802831882,20,5,0.8720000000000001
2807,25.0918805229273,15,10,0.8640000000000001
2808,42.81928052935366,17,8,0.9466666666666667
2809,0.08390217408253453,13,12,0.924
2810,13.427168817372745,14,11,0.8720000000000001
2811,12.178321238216123,14,11,0.8719999999999999
2812,62.102825572806566,19,6,0.898
2813,42.634939551506015,17,8,0.9533333333333334
2814,50.29304094542246,18,7,0.8140000000000001
2815,51.16468797036353,18,7,0.922
2816,31.870645591359775,16,9,0.8700000000000001
2817,-10.856442362747567,12,13,0.858
2818,8.092166895617453,14,11,0.8959999999999999
2819,-10.525765416449348,12,13,0.9040000000000001
2820,41.04791643470525,17,8,0.908
2821,12.753287038201762,14,11,0.884
2822,40.69988832618571,17,8,0.806
2823,31.466749115161146,16,9,0.946
2824,54.05204297711045,18,7,0.8560000000000001
2825,51.69951682162176,18,7,0.882
2826,40.58094008098344,17,8,0.8533333333333333
2827,-8.424347699087278,12,13,0.8888888888888891
2828,-10.770220870091729,12,13,0.9059999999999999
2829,60.70571888275739,19,6,0.906
2830,0.4738120697571855,13,12,0.958
2831,53.71452839960495,18,7,0.9533333333333334
2832,33.89305802583144,16,9,0.882
2833,40.524839216915474,17,8,0.922
2834,22.38109426257983,15,10,0.8719999999999999
2835,32.966995949841746,16,9,0.884
2836,32.05823527702072,16,9,0.8688888888888889
2837,42.90060949571398,17,8,0.9200000000000002
2838,31.60100663139022,16,9,0.892
2839,34.19968290024517,16,9,0.8866666666666667
2840,39.91257538023693,17,8,0.8644444444444446
2841,11.496461073912013,14,11,0.8840000000000001
2842,19.632963136776247,15,10,0.9319999999999998
2843,63.417840984003725,19,6,0.8975000000000001
2844,35.80140355002231,16,9,0.8500000000000002
2845,8.550702477450553,14,11,0.8999999999999999
2846,22.399044890687435,15,10,0.8666666666666667
2847,33.46151856166366,16,9,0.834
2848,52.23038283864153,18,7,0.932
2849,54.73667478067261,18,7,0.89
2850,-16.543060716670787,11,14,0.8500000000000002
2851,62.620773887854476,19,6,0.8555555555555556
2852,21.5636981385766,15,10,0.8240000000000001
2853,71.50826217470279,20,5,0.914
2854,41.55351123830289,17,8,0.8700000000000001
2855,31.728723315536385,16,9,0.8480000000000002
2856,21.427526598425956,15,10,0.8222222222222223
2857,42.86419135508257,17,8,0.897777777777778
2858,54.36574923410101,18,7,0.876
2859,54.04440031995817,18,7,0.8640000000000001
2860,31.511815085762173,16,9,0.8859999999999999
2861,0.708463663558561,13,12,0.9555555555555555
2862,31.660190852413095,16,9,0.8288888888888889
2863,31.784717813063555,16,9,0.8480000000000001
2864,30.21635803921906,16,9,0.892
2865,52.28421567659174,18,7,0.8244444444444444
2866,8.265197393493205,14,11,0.858
2867,71.52147842154531,20,5,0.866
2868,52.49579648315715,18,7,0.808
2869,19.959751851713445,15,10,0.922
2870,13.927943043517196,14,11,0.9380000000000001
2871,21.67095897864717,15,10,0.89
2872,20.89881655299178,15,10,0.8920000000000001
2873,-39.938136983122895,9,16,0.866
2874,-0.19773786688447714,13,12,0.9444444444444444
2875,39.67491877431639,17,8,0.9111111111111112
2876,0.49212078274758664,13,12,0.938
2877,31.786417629081853,16,9,0.9520000000000002
2878,-19.2937956716696,11,14,0.866
2879,62.418144976201994,19,6,0.8539999999999999
2880,44.338599248738674,17,8,0.9377777777777777
2881,53.16871291182785,18,7,0.8600000000000001
2882,42.42925119743611,17,8,0.8755555555555555
2883,40.9993095072386,17,8,0.884
2884,32.11067025316756,16,9,0.8780000000000001
2885,73.75815340733818,20,5,0.9279999999999999
2886,64.26008472258603,19,6,0.9333333333333333
2887,47.11369586144217,18,7,0.9540000000000001
2888,-3.556381407173541,13,12,0.8880000000000001
2889,20.5401345671147,15,10,0.8311111111111111
2890,20.590715344636983,15,10,0.8940000000000001
2891,-2.02960639895565,13,12,0.93
2892,9.958118985216904,14,11,0.834
2893,61.38228653173526,19,6,0.946
2894,31.339249126025862,16,9,0.9120000000000001
2895,20.23562221186591,15,10,0.8639999999999999
2896,54.970253970534934,18,6,0.9
2897,-31.13170599373236,10,15,0.8266666666666667
2898,-41.883938247287674,9,16,0.8940000000000001
2899,33.87333289308875,16,8,0.89
2900,73.02801920195773,20,5,0.8711111111111111
2901,62.16318245573547,19,6,0.906
2902,-5.186510074933738,12,12,0.8955555555555557
2903,72.82853948601078,20,5,0.9219999999999999
2904,13.841451011415872,14,11,0.9333333333333333
2905,29.013829830384097,16,9,0.9520000000000002
2906,-0.7751078777306741,13,12,0.9339999999999999
2907,62.05329535621013,19,6,0.968
2908,52.23957351964685,18,7,0.9199999999999999
2909,52.71176250320193,18,7,0.8479999999999999
2910,19.878317961953115,15,10,0.8320000000000001
2911,51.681915713175336,18,7,0.8560000000000001
2912,40.60504943972276,17,8,0.8360000000000001
2913,11.348528661465004,14,11,0.8644444444444445
2914,29.244065443632522,16,9,0.9133333333333334
2915,33.21204156742333,16,9,0.882
2916,19.84701116039591,15,10,0.9620000000000001
2917,30.98665032558066,16,9,0.8679999999999998
2918,52.732003020784454,18,7,0.916
2919,-7.817014485724739,12,13,0.982
2920,31.017183809048365,16,9,0.831111111111111
2921,12.390708983408208,14,11,0.914
2922,40.41940060256263,17,8,0.946
2923,50.48080753134663,18,7,0.9099999999999999
2924,38.13925818571519,17,8,0.9520000000000002
2925,43.008860182720554,17,8,0.898
2926,82.17976899052763,21,4,0.8480000000000001
2927,-1.2753319967325636,13,12,0.9400000000000001
2928,32.32179110785982,16,9,0.8960000000000001
2929,20.97441820072125,15,10,0.876
2930,19.67377688440497,15,10,0.908
2931,10.307496520842838,14,11,0.844
2932,-9.080706310040961,12,13,0.9200000000000002
2933,-10.72535258400428,12,13,0.924
2934,2.2730088919764633,13,12,0.8577777777777779
2935,39.539448513661384,17,8,0.8939999999999999
2936,51.28386267720469,18,7,0.892
2937,41.754518561728396,17,8,0.8720000000000001
2938,52.73049858294012,18,7,0.892
2939,-0.15685366818946989,13,12,0.804
2940,50.75156995734144,18,7,0.9039999999999999
2941,40.88468774858856,17,8,0.8540000000000001
2942,29.339193823534224,16,9,0.8840000000000001
2943,29.15707089570849,16,9,0.8533333333333333
2944,11.069056999573057,14,11,0.9339999999999999
2945,12.778575158924774,14,11,0.8640000000000001
2946,-8.920752935736662,12,13,0.8639999999999999
2947,-11.799653087753226,12,13,0.9040000000000001
2948,-44.73765812058167,9,16,0.8959999999999999
2949,-7.201940352273646,12,13,0.9460000000000001
2950,18.77841314073781,15,10,0.8777777777777778
2951,51.95615841603571,18,7,0.8459999999999999
2952,-8.540021342715475,12,13,0.8860000000000001
2953,-20.690527700416148,11,14,0.8779999999999999
2954,22.965656713048258,15,10,0.9244444444444445
2955,23.31308487070472,15,10,0.9019999999999999
2956,30.525512123596656,16,9,0.916
2957,0.7570397569382319,13,12,0.8133333333333334
2958,9.735641783033316,14,11,0.8480000000000001
2959,61.78673418740504,19,6,0.8400000000000001
2960,-9.623669277477356,12,13,0.8733333333333333
2961,50.297089459951856,18,7,0.866
2962,-20.307892589499858,11,14,0.8540000000000001
2963,-18.7269623562153,11,14,0.8380000000000001
2964,7.625040627546367,14,11,0.868
2965,-17.549952447628996,11,14,0.8320000000000001
2966,-1.1321386372671487,13,12,0.9480000000000001
2967,42.00155815998107,17,8,0.9
2968,62.27107495694585,19,6,0.9022222222222224
2969,19.719283265222813,15,10,0.8959999999999999
2970,21.251799371461253,15,10,0.8800000000000001
2971,32.04204028339308,16,9,0.874
2972,9.382078651118782,14,11,0.8619999999999999
2973,28.06204872800306,16,9,0.9280000000000002
2974,17.790137662049656,15,10,0.842
2975,63.60655944464996,19,6,0.9100000000000001
2976,62.576383671059354,19,6,0.8640000000000001
2977,19.746402547367914,15,10,0.8644444444444443
2978,73.21487256989482,20,5,0.8622222222222222
2979,51.4214683074396,18,7,0.9099999999999999
2980,61.78252079696702,19,6,0.8940000000000001
2981,10.63879877618298,14,11,0.8844444444444445
2982,43.57556008882279,17,8,0.8640000000000001
2983,50.676070750364055,18,7,0.8959999999999999
2984,19.384460063099002,15,10,0.9139999999999999
2985,10.767473280863388,14,11,0.8533333333333333
2986,1.3116594112238875,13,12,0.8640000000000001
2987,-42.39073006773584,9,16,0.9155555555555556
2988,2.4091291072768897,13,12,0.8377777777777778
2989,31.7824252182345,16,9,0.9159999999999998
2990,23.312786640396542,15,10,0.8960000000000001
2991,-20.47842803958053,11,14,0.9022222222222224
2992,31.764775874291256,16,9,0.88
2993,31.423846283078568,16,9,0.868
2994,-13.371585708557538,12,13,0.8220000000000001
2995,23.052971057684292,15,10,0.9279999999999999
2996,12.448987350789668,14,11,0.8859999999999999
2997,19.809735356450787,15,10,0.882
2998,31.863924593915193,16,9,0.8999999999999998
2999,21.92701123525579,15,10,0.89
3000,-31.850422349126543,10,15,0.866
3001,43.82311591590795,17,8,0.9244444444444445
3002,-1.1335287211347511,13,12,0.9120000000000001
3003,54.09570067989492,18,7,0.874
3004,17.490260936875995,15,10,1.0
3005,-29.337329878506083,10,15,0.868
3006,54.60555880944806,18,7,0.942
3007,-1.351906684719113,13,12,0.9259999999999999
3008,21.72164128757639,15,10,0.8560000000000001
3009,-41.79558752080408,9,16,0.8960000000000001
3010,21.917692876547598,15,10,0.9222222222222223
3011,-10.257671758828662,12,13,0.9079999999999998
3012,44.82106441447223,17,8,0.8680000000000001
3013,55.702312983948005,18,7,0.9039999999999999
3014,23.31502807127012,15,10,0.8511111111111112
3015,66.55459533171825,19,6,0.8825
3016,10.762205640505456,14,11,0.8755555555555556
3017,33.803101115881276,16,9,0.9
3018,0.9199837229371344,13,12,0.9260000000000002
3019,10.404779590153037,14,11,0.9440000000000002
3020,12.612791937121125,14,11,0.9239999999999998
3021,11.759681567510363,14,11,0.8460000000000001
3022,74.1554389368493,20,5,0.86
3023,-0.8032087838105273,13,12,0.9533333333333334
3024,0.9089680187866307,13,12,0.8959999999999999
3025,-7.6495859209567625,12,13,0.9019999999999999
3026,51.25220973617435,18,7,0.884
3027,54.87750223403114,18,7,0.884
3028,-14.783408015944662,11,14,0.9
3029,51.53731333309902,18,7,0.898
3030,42.579290495592986,17,8,0.8460000000000001
3031,32.973639683718766,16,9,0.9800000000000001
3032,32.63619801273003,16,9,0.8699999999999999
3033,44.09146399170144,17,8,0.8844444444444445
3034,1.1239554124812239,13,12,0.9579999999999999
3035,40.989873985347565,17,8,0.866
3036,43.20161575875667,17,8,0.9460000000000001
3037,20.02655591316143,15,10,0.9040000000000001
3038,-20.1401101631169,11,14,0.898
3039,10.230685660788648,14,11,0.8177777777777777
3040,41.227484007182994,17,8,0.8133333333333334
3041,11.457758709856943,14,11,0.8859999999999999
3042,44.34578409920964,17,8,0.9359999999999999
3043,64.53230525738029,19,6,0.9019999999999999
3044,12.97868364567921,14,11,0.8400000000000001
3045,-39.42266979121868,9,16,0.8244444444444443
3046,-19.33657957900286,11,14,0.8540000000000001
3047,20.5451263190348,15,10,0.8688888888888889
3048,50.18865435710934,18,7,0.8577777777777776
3049,39.95681802388322,17,8,0.8880000000000001
3050,-32.21735361380695,10,15,0.8979999999999999
3051,54.172984202206365,18,7,0.9240000000000002
3052,30.245712359856476,16,9,0.93
3053,0.5464549901065183,13,12,0.8720000000000001
3054,43.09915899026425,17,8,0.8540000000000001
3055,-7.66621313800133,12,13,0.8680000000000001
3056,10.398166725591963,14,11,0.898
3057,59.21900853025142,19,6,0.8539999999999999
3058,31.829706083987677,16,9,0.8400000000000001
3059,44.299401893626346,17,8,0.82
3060,32.06137785810583,16,9,0.8840000000000001
3061,34.226725457692474,16,9,0.966
3062,11.48584396301516,14,11,0.89
3063,-29.01917006672776,10,15,0.8559999999999999
3064,44.49548301193895,17,8,0.8933333333333332
3065,33.08677359473128,16,9,0.8133333333333335
3066,-7.8949779239448095,12,13,0.8879999999999999
3067,-39.322238303631025,9,16,0.766
3068,20.663783772908676,15,10,0.9059999999999999
3069,42.78352865635832,17,8,0.9019999999999999
3070,15.7363325885561,14,11,0.9159999999999998
3071,31.678465537705094,16,9,0.9600000000000001
3072,74.93408113655306,20,5,0.9420000000000002
3073,33.22371297897628,16,9,0.8319999999999999
3074,55.178017805189,18,7,0.9199999999999999
3075,52.7246548457216,18,7,0.9339999999999999
3076,34.52233264115046,16,9,0.8780000000000001
3077,15.629566366197821,14,11,0.8920000000000001
3078,-8.528624068838356,12,13,0.89
3079,22.659751239747173,15,10,0.9133333333333334
3080,12.87633506384442,14,11,0.84
3081,46.0091307117812,17,8,0.9299999999999999
3082,12.710598934007493,14,11,0.9279999999999999
3083,-28.685252965851323,10,15,0.8240000000000001
3084,43.74402149655237,17,8,0.9044444444444445
3085,25.90477738864775,15,10,0.9311111111111112
3086,11.364804850081075,14,11,0.804
3087,55.09712886147667,18,7,0.8559999999999999
3088,14.00800346304154,14,11,0.8300000000000001
3089,53.841813014963314,18,7,0.89
3090,44.03987113187998,17,8,0.8020000000000002
3091,33.784724789678734,16,9,0.8939999999999999
3092,32.69766390246572,16,9,0.8933333333333334
3093,43.08968748039085,17,8,0.908
3094,2.0360549044274263,13,12,0.9822222222222222
3095,55.29040973082832,18,7,0.8999999999999999
3096,23.36926639080258,15,10,0.8920000000000001
3097,23.26158226083296,15,10,0.906
3098,1.685282419391113,13,12,0.8244444444444444
3099,-37.99149947227782,9,16,0.8377777777777778
3100,3.150354445195495,13,12,0.932
3101,-7.95286113310329,12,13,0.834
3102,53.75258052808004,18,7,0.914
3103,53.28597388716493,18,7,0.9079999999999998
3104,21.882173967382506,15,10,0.9100000000000001
3105,32.78253464785322,16,9,0.966
3106,37.0056119957957,16,8,0.9100000000000001
3107,33.001980422242276,16,9,0.8800000000000001
3108,31.070263397258998,16,9,0.8780000000000001
3109,22.587901134516922,15,10,0.8779999999999999
3110,22.554728449865706,15,10,0.8355555555555555
3111,41.21433040933869,17,8,0.89
3112,31.297015769967015,16,9,0.8160000000000001
3113,32.70537197014127,16,9,0.9066666666666665
3114,34.241526112435636,16,9,0.8822222222222222
3115,76.44375422784398,20,5,0.9444444444444444
3116,32.57008674725311,16,9,0.8619999999999999
3117,45.332958782327886,17,8,0.8760000000000001
3118,33.2452761703797,16,9,0.8700000000000001
3119,54.1174274710812,18,7,0.898
3120,0.3691089233918152,13,12,0.8859999999999999
3121,64.47196529207453,19,6,0.852
3122,33.19974250206121,16,9,0.8559999999999999
3123,62.38818866375978,19,6,0.8480000000000001
3124,54.272228134889275,18,7,0.842
3125,4.053936060355503,13,12,0.9244444444444443
3126,35.73969120027056,16,9,0.8779999999999999
3127,13.887797693598142,14,11,0.93
3128,21.96449721376125,15,10,0.932
3129,11.35629403689283,14,11,0.8711111111111111
3130,22.0003690714236,15,10,0.834
3131,8.861367691488862,14,11,0.9560000000000002
3132,22.53152922671625,15,10,0.8644444444444443
3133,54.8327199190765,18,7,0.842
3134,66.9324622583142,19,6,0.8140000000000001
3135,63.29969780338751,19,6,0.8533333333333333
3136,45.45684319736999,17,8,0.8555555555555556
3137,54.36812085909451,18,7,0.8160000000000001
3138,53.96141475735472,18,7,0.9177777777777778
3139,55.24993619126954,18,7,0.942
3140,44.1651246437235,17,8,0.882
3141,41.85652568366645,17,8,0.858
3142,34.07927712294949,16,9,0.89
3143,20.08997998824132,15,10,0.8688888888888889
3144,76.07241732951829,20,5,0.8666666666666667
3145,-7.316855314785304,12,13,0.868
3146,46.18827896584068,17,8,0.9039999999999999
3147,43.921615963238146,17,8,0.874
3148,10.813373842278308,14,11,0.9099999999999999
3149,13.124827208620975,14,11,0.9019999999999999
3150,72.50621830944856,20,5,0.8819999999999999
3151,31.340327618347803,16,9,0.798
3152,-17.696849484608098,11,14,0.8911111111111113
3153,23.776132479278,15,10,0.8720000000000001
3154,0.9950526347108948,13,12,0.9359999999999997
3155,-6.0742779328514365,12,13,0.85
3156,32.31841623212897,16,9,0.9066666666666667
3157,-6.919025853790079,12,13,0.884
3158,56.987024194144624,18,7,0.898
3159,23.610641531780857,15,10,0.866
3160,36.68393762678984,16,9,0.9479999999999998
3161,34.277644809839494,16,9,0.866
3162,44.582812069177955,17,8,0.9040000000000001
3163,32.76353094511749,16,9,0.9279999999999999
3164,33.59327299647691,16,9,0.8720000000000001
3165,63.37411443397784,19,6,0.866
3166,3.5185752607618017,13,12,0.9039999999999999
3167,23.887341238569043,15,10,0.8379999999999999
3168,-27.689926237545393,10,15,0.8860000000000001
3169,34.51337460184872,16,9,0.8480000000000001
3170,3.578361849882646,13,12,0.898
3171,-0.12916502940139996,13,12,0.9040000000000001
3172,33.67074550614083,16,9,0.9119999999999999
3173,104.56682340947542,23,2,0.9355555555555554
3174,34.347979167761494,16,9,0.8688888888888889
3175,44.27196154764911,17,8,0.8720000000000001
3176,23.455912264142754,15,10,0.866
3177,13.036169509886989,14,11,0.8560000000000001
3178,23.76475535003886,15,10,0.9644444444444444
3179,12.21472443961783,14,11,0.9380000000000001
3180,43.976928412440316,17,8,0.8280000000000001
3181,-38.77372887746429,9,16,0.9444444444444444
3182,21.91139922499329,15,10,0.7980000000000002
3183,32.24007377603772,16,9,0.8888888888888888
3184,12.757942181617242,14,11,0.9199999999999999
3185,-17.63473465084412,11,14,0.9139999999999999
3186,-8.20789456891715,12,13,0.8200000000000001
3187,32.02703689357482,16,9,0.9199999999999999
3188,-2.8984173532444304,13,12,0.9199999999999999
3189,33.08649892866042,16,9,0.8960000000000001
3190,62.40051571028829,19,6,0.9019999999999999
3191,10.69118199086962,14,11,0.8940000000000001
3192,43.57631591736224,17,8,0.932
3193,11.48825709226748,14,11,0.8880000000000001
3194,13.355404216630173,14,11,0.8720000000000001
3195,62.0333693533689,19,6,0.9266666666666666
3196,0.5281419447591258,13,12,0.8720000000000001
3197,64.24897374621744,19,6,0.8720000000000001
3198,24.89477580539296,15,10,0.892
3199,23.08308393239279,15,10,0.8180000000000002
3200,-27.046147605005853,10,15,0.874
3201,74.29002508328719,20,5,0.8280000000000001
3202,12.613037500927357,14,11,0.8860000000000001
3203,45.21375435374498,17,8,0.8400000000000001
3204,22.721191694238343,15,10,0.9239999999999998
3205,2.1213577180448837,13,12,0.8755555555555556
3206,4.737948273992931,13,12,0.9
3207,-17.373514256394955,11,14,0.9425
3208,32.23969715728443,16,9,0.9039999999999999
3209,-20.913824561413445,11,14,0.9400000000000001
3210,22.587383340789728,15,10,0.8940000000000001
3211,52.57941451849955,18,7,0.9120000000000001
3212,32.042172650844066,16,9,0.882
3213,13.97336618399955,14,11,0.842
3214,22.196332699583394,15,10,0.842
3215,3.2501534589960848,13,12,0.8440000000000001
3216,13.656381377209252,14,11,0.8800000000000002
3217,32.72800980283832,16,9,0.866
3218,23.932304473829156,15,10,0.9219999999999999
3219,25.60129501358083,15,10,0.88
3220,55.22767072585373,18,7,0.9000000000000001
3221,12.952680033994168,14,11,0.8640000000000001
3222,12.702401595055969,14,11,0.826
3223,-8.238211975562542,12,13,0.8822222222222221
3224,55.115608455268976,18,7,0.892
3225,34.323640266647146,16,9,0.8699999999999999
3226,-8.531077741821921,12,13,0.8999999999999998
3227,-5.026455095948918,12,13,0.898
3228,12.96280785266924,14,11,0.924
3229,10.555929690724453,14,11,0.932
3230,-19.76476370884965,11,14,0.8639999999999999
3231,33.88774541092388,16,9,0.9239999999999998
3232,23.664751361019654,15,10,0.866
3233,54.904820361560574,18,7,0.9088888888888889
3234,54.1668664035123,18,7,0.876
3235,55.05474543077348,18,7,0.8977777777777778
3236,34.25462806542215,16,9,0.866
3237,33.57744412781567,16,9,0.8720000000000001
3238,44.09806311389982,17,8,0.8940000000000001
3239,11.79070119886214,14,11,0.8700000000000001
3240,-8.086090307157079,12,13,0.8819999999999999
3241,-9.012515564810977,12,13,0.85
3242,1.3319957244537797,13,12,0.8866666666666666
3243,63.21770934289292,19,6,0.8900000000000002
3244,31.270279445540247,16,9,0.8779999999999998
3245,33.72381129473638,16,9,0.9259999999999999
3246,42.78076919578538,17,8,0.8800000000000001
3247,-18.83092700153446,11,14,0.8960000000000001
3248,44.52683795485802,17,8,0.8688888888888889
3249,22.8671497366175,15,10,0.8799999999999999
3250,-38.205137657331605,9,16,0.9200000000000002
3251,22.409013850514793,15,10,0.9022222222222224
3252,57.76933859331224,18,7,0.8640000000000001
3253,54.2258173932363,18,7,0.882
3254,1.9582991127420897,13,12,0.9060000000000002
3255,23.9266222962482,15,10,0.8700000000000001
3256,32.86872585280186,16,9,0.866
3257,44.4399100688514,17,8,0.9099999999999999
3258,1.3255513232892842,13,12,0.8899999999999999
3259,31.994655675611398,16,9,0.8640000000000001
3260,-42.242271467440915,9,16,0.8960000000000001
3261,-19.662971267018566,11,14,0.908
3262,-0.3139901231804174,13,12,0.898
3263,23.849657373518482,15,10,0.9380000000000001
3264,43.78419576193191,17,8,0.8899999999999999
3265,-9.696102602521947,12,13,0.914
3266,12.06766569544812,14,11,0.8377777777777777
3267,53.822537010228366,18,7,0.924
3268,45.19071120887442,17,8,0.9377777777777777
3269,12.110591688616896,14,11,0.8760000000000001
3270,2.2082128905783307,13,12,0.9200000000000002
3271,33.690679452085035,16,9,0.8700000000000001
3272,-9.146120362891835,12,13,0.916
3273,54.974823967336135,18,7,0.9711111111111109
3274,31.044979110872678,16,9,0.898
3275,-17.104244269915235,11,14,0.8899999999999999
3276,44.681559340826524,17,8,0.866
3277,23.801717643791847,15,10,0.852
3278,54.38912036663427,18,7,0.868
3279,-8.022708718401931,12,13,0.9180000000000001
3280,33.9005357597095,16,9,0.88
3281,55.80292177892275,18,7,0.86
3282,12.735044399130494,14,11,0.9133333333333334
3283,12.56505803072465,14,11,0.946
3284,45.32718310936466,17,8,0.8688888888888888
3285,45.87438069921256,17,8,0.9019999999999999
3286,33.55074227956809,16,9,0.876
3287,-11.003869607850731,12,13,0.8975000000000001
3288,-19.903966052378102,11,14,0.892
3289,23.612440795038584,15,10,0.9100000000000001
3290,-18.197970822430975,11,14,0.9139999999999999
3291,31.835330162283693,16,9,0.9219999999999999
3292,31.996343672965086,16,9,0.8960000000000001
3293,33.0891709269184,16,9,0.882
3294,32.601486777846546,16,9,0.858
3295,33.24300816278484,16,9,0.9333333333333333
3296,42.69893522645962,17,8,0.7955555555555556
3297,65.2671540877745,19,6,0.8424999999999999
3298,10.810730808630739,14,11,0.8560000000000001
3299,41.97111656986293,17,8,0.9600000000000001
3300,32.91687725574661,16,9,0.9088888888888889
3301,20.968903132883973,15,10,0.9355555555555556
3302,3.278600692408526,13,12,0.946
3303,53.742870101099484,18,7,0.8520000000000001
3304,13.915427669030748,14,11,0.9466666666666668
3305,41.909143704334625,17,8,0.9088888888888889
3306,22.687038419073247,15,10,0.9019999999999999
3307,41.44852508682014,17,8,0.8639999999999999
3308,71.90311067760368,20,5,0.8959999999999999
3309,44.06590861982556,17,8,0.8940000000000001
3310,-19.26225267321796,11,14,0.9260000000000002
3311,41.62446738548942,17,8,0.9460000000000001
3312,11.727370285266062,14,11,0.8844444444444445
3313,43.69516275135411,17,8,0.9259999999999999
3314,22.336408177202433,15,10,0.914
3315,-0.25787794577772516,13,12,0.892
3316,14.705409286321348,14,11,0.908
3317,22.91674245355582,15,10,0.8480000000000001
3318,33.17794356528308,16,9,0.9533333333333334
3319,52.94297028732989,18,7,0.9066666666666667
3320,3.14165210206324,13,12,0.8480000000000001
3321,-8.968967295888195,12,13,0.9340000000000002
3322,35.331257352375985,16,9,0.792
3323,33.280703182875904,16,9,0.924
3324,43.50621875086939,17,8,0.8866666666666666
3325,24.033459378405638,15,10,0.9280000000000002
3326,29.812144092000157,16,9,0.8460000000000001
3327,-9.432785749729646,12,13,0.8844444444444446
3328,-6.218596178412836,12,13,0.876
3329,31.454557702131872,16,9,0.8780000000000001
3330,33.55391861841031,16,9,0.89
3331,23.2616977694002,15,10,0.8733333333333333
3332,10.816288238273742,14,11,0.8939999999999999
3333,14.020281064689055,14,11,0.9460000000000001
3334,1.872061757208968,13,12,0.9
3335,24.683447562042364,15,10,0.9639999999999999
3336,-48.89504470045877,8,17,0.9180000000000001
3337,22.368626221679005,15,10,0.8820000000000002
3338,44.816445496174566,17,8,0.9355555555555556
3339,-0.021772493176515084,13,12,0.8
3340,52.518174765463606,18,7,0.8559999999999999
3341,-0.12263554269520682,13,12,1.0666666666666667
3342,15.694423607255963,14,11,0.9288888888888889
3343,10.66368939230656,14,11,0.922222222222222
3344,25.86506807186222,15,10,0.9355555555555556
3345,30.42127971705406,16,9,0.882
3346,64.0694447631926,19,6,0.8719999999999999
3347,24.20179488608469,15,10,0.8500000000000002
3348,1.9306207478981943,13,12,0.8480000000000001
3349,22.617500354610296,15,10,0.9260000000000002
3350,22.792298693345593,15,10,0.9155555555555556
3351,31.316438354358695,16,9,0.9019999999999999
3352,74.25009204437258,20,5,0.8779999999999999
3353,15.601728976091417,14,11,0.8733333333333333
3354,41.80605832123978,17,8,0.8799999999999998
3355,10.218305754264872,14,11,0.9280000000000002
3356,20.875916485851466,15,10,0.882
3357,1.9769584600468333,13,12,0.8200000000000001
3358,-21.257698176576596,11,14,0.96
3359,22.62404967018314,15,10,0.8619999999999999
3360,46.24564593461225,17,8,0.8140000000000001
3361,3.3796438797177513,13,12,0.8539999999999999
3362,75.70308627150158,20,5,0.88
3363,1.9007861353216455,13,12,0.908
3364,22.98500230960212,15,10,0.94
3365,1.3753933041560957,13,12,0.882
3366,33.605400844780014,16,9,0.922
3367,-17.43196815315151,11,14,0.808
3368,13.374372178424,14,11,0.884
3369,52.71666579030803,18,7,0.8920000000000001
3370,-30.81988100771895,10,15,0.9099999999999999
3371,24.00250588383956,15,10,0.866
3372,33.56137320236448,16,9,0.842
3373,86.28165017727996,21,4,0.8999999999999999
3374,8.117654273987135,14,11,0.9120000000000001
3375,13.578551915337943,14,11,0.96
3376,-10.395794530004721,12,13,0.922
3377,23.31531777113276,15,10,0.9280000000000002
3378,1.8125260912801568,13,12,0.8779999999999999
3379,43.462923271398424,17,8,0.8733333333333333
3380,44.520637294991865,17,8,0.9355555555555556
3381,-16.403496745911063,11,14,0.9339999999999999
3382,32.9521633941686,16,9,0.8700000000000001
3383,52.990163657252324,18,7,0.8219999999999998
3384,44.5414418010236,17,8,0.868
3385,21.874994216599887,15,10,0.898
3386,-9.066636002776402,12,13,0.9420000000000002
3387,40.697428515844905,16,8,0.806
3388,-8.459338936829695,12,13,0.876
3389,33.94432570795876,16,9,0.908
3390,66.61321253323835,19,6,0.8622222222222223
3391,13.80398489402118,14,11,0.97
3392,11.332093639851852,14,11,0.9080000000000001
3393,-10.462606956368365,12,13,0.8700000000000001
3394,43.778018178562505,17,8,0.8959999999999999
3395,-7.983220570521309,12,13,0.9533333333333334
3396,65.80409609715328,19,6,0.8800000000000001
3397,24.53748826267418,15,10,0.9280000000000002
3398,74.38418165615919,20,5,0.9
3399,53.530336622111285,18,7,0.976
3400,44.62373790548581,17,8,0.93
3401,42.09833340628826,17,8,0.8780000000000001
3402,21.199500221222365,15,10,0.8600000000000001
3403,55.804066878982105,18,7,0.8977777777777778
3404,12.461918420207729,14,11,0.9600000000000001
3405,14.149018099543808,14,11,0.9100000000000001
3406,-8.933181145893014,12,13,0.9740000000000002
3407,34.116493555997494,16,9,0.8900000000000002
3408,-18.93162722553235,11,14,0.9
3409,-9.938579576568474,12,13,0.914
3410,10.108331134973087,14,11,0.836
3411,-28.88726097946485,10,15,0.8560000000000001
3412,65.56000516458666,19,6,0.8622222222222223
3413,22.08405126799338,15,10,0.874
3414,52.22504942762829,18,7,0.8380000000000001
3415,22.426597804514678,15,10,0.8320000000000001
3416,57.843157423783246,18,6,0.9520000000000002
3417,45.02083615022297,17,8,0.866
3418,2.0475497023032947,13,12,0.908
3419,55.98507599833272,18,7,0.932
3420,41.85422078333265,17,8,0.946
3421,11.065336839523319,14,11,0.9044444444444445
3422,12.808534311033094,14,11,0.9440000000000002
3423,43.18730470563935,17,8,0.844
3424,14.113237209500753,14,11,0.8799999999999999
3425,-17.443192957289988,11,14,0.8888888888888888
3426,45.2683881020699,17,8,0.922
3427,53.78716621194779,18,7,0.906
3428,1.6828716605953744,13,12,0.898
3429,13.655520529086544,14,11,0.8622222222222222
3430,62.46968579464442,19,6,0.8960000000000001
3431,14.537879847942495,14,11,0.8859999999999999
3432,10.988701861247801,14,11,0.898
3433,35.52800160325469,16,9,0.9133333333333332
3434,12.237424409079148,14,11,0.8139999999999998
3435,11.468538182339447,14,11,0.818
3436,65.22558013401552,19,6,0.892
3437,34.95239717500166,16,9,0.8844444444444444
3438,31.75869324202805,16,9,0.8920000000000001
3439,-9.031293321460424,12,13,0.9120000000000001
3440,2.3065605679063323,13,12,0.916
3441,12.463351810304452,14,11,0.868
3442,55.78793036331739,18,7,0.9266666666666666
3443,51.09415277977938,18,7,0.9279999999999999
3444,55.12961185503114,18,7,0.905
3445,32.39941804526456,16,9,0.9179999999999999
3446,52.66977361859105,18,7,0.8960000000000001
3447,31.55390113395085,16,9,0.8560000000000001
3448,0.4647244518053748,13,12,0.8580000000000002
3449,43.56888706820838,17,8,0.9139999999999999
3450,35.599586410167184,16,9,0.788888888888889
3451,52.71217861615594,18,7,0.82
3452,23.564243184739276,15,10,0.93
3453,-18.72707305569225,11,14,0.85
3454,35.61860945331661,16,9,0.8422222222222222
3455,19.265591596552067,14,10,0.8777777777777778
3456,74.23016642790611,20,5,0.8666666666666666
3457,15.970791097805952,14,11,0.9059999999999999
3458,22.41843480465707,15,10,0.8422222222222222
3459,63.15465306681624,19,6,0.8579999999999999
3460,52.57110365062212,18,7,0.82
3461,42.240589283708914,17,8,0.858
3462,25.190255149871504,15,10,0.9159999999999998
3463,54.77738736264624,18,7,0.9044444444444443
3464,35.481477374959546,16,9,0.792
3465,44.377567381846966,17,8,0.906
3466,19.85882749020442,15,10,0.8719999999999999
3467,23.723894499571152,15,10,0.932
3468,20.244442265839552,15,10,0.876
3469,31.97182811652724,16,9,0.8888888888888891
3470,13.90262028407059,14,11,0.8959999999999999
3471,-19.762578614160624,11,14,0.8622222222222222
3472,13.897219504147248,14,11,0.882
3473,-7.640753243955384,12,13,0.924
3474,1.5765947813719086,13,12,0.9044444444444445
3475,1.788480269541342,13,12,0.85
3476,-17.22442536504482,11,14,0.868
3477,-9.285307229674018,12,13,0.9540000000000001
3478,23.43745201355838,15,10,0.944
3479,13.539681307045697,14,11,0.8622222222222223
3480,54.66789638709404,18,7,0.892
3481,44.127171425155225,17,8,0.908
3482,16.183456838967956,14,11,0.944
3483,-20.635608706901493,11,14,0.958
3484,25.681137224156394,15,10,0.9339999999999999
3485,66.26458797298861,19,6,0.884
3486,52.81733223443671,18,7,0.8111111111111112
3487,34.37304502352538,16,9,0.9755555555555555
3488,13.124473935453327,14,11,0.882
3489,63.14576060342177,19,6,0.8155555555555556
3490,12.31822376195897,14,11,0.932
3491,-13.267931564603385,11,14,0.9200000000000002
3492,14.240119770384839,14,11,0.8620000000000001
3493,3.8646429849872135,13,12,0.9020000000000001
3494,15.36003693466201,14,11,0.9199999999999999
3495,-6.204798912945158,12,13,0.9133333333333334
3496,4.44662964218558,13,12,0.906
3497,-16.96856066971158,11,14,0.932
3498,3.331518234621381,13,12,0.9800000000000001
3499,23.32951241858237,15,10,0.8422222222222222
3500,14.069399741895591,14,11,0.9440000000000002
3501,24.67696833117131,15,10,0.842
3502,65.48735625405408,19,6,0.8777777777777778
3503,66.36077178572725,19,6,0.9359999999999999
3504,54.91330499022951,18,7,0.9088888888888889
3505,36.506656390250505,16,9,0.9019999999999999
3506,54.0206908019864,18,7,0.9460000000000001
3507,24.173243935709518,15,10,0.9044444444444445
3508,12.568757237161378,14,11,0.866
3509,95.45651859269576,22,3,0.8822222222222221
3510,46.11359986058443,17,8,0.858
3511,2.023459859387417,13,12,0.908
3512,11.597073794799494,14,11,0.8933333333333334
3513,46.62122983079469,17,8,0.9099999999999999
3514,4.205313890199122,13,12,0.8380000000000001
3515,43.88219469861496,17,8,0.8644444444444443
3516,14.465105452497692,14,11,0.858
3517,6.138176982194297,13,12,0.8719999999999999
3518,5.357060705037654,13,12,0.858
3519,13.91053261893391,14,11,0.9200000000000002
3520,44.310934673521814,17,8,0.8540000000000001
3521,34.026783034573576,16,9,0.911111111111111
3522,-6.429658574624937,12,13,0.9577777777777778
3523,25.44272161886638,15,10,0.8911111111111113
3524,-7.281276573011319,12,13,0.842
3525,54.54521201175815,18,7,0.9133333333333334
3526,45.41101261817741,17,8,0.89
3527,-4.280086981680899,12,13,0.88
3528,2.9221658441687666,13,12,0.884
3529,27.720577814137236,15,10,0.8555555555555556
3530,36.481220423659735,16,9,0.8155555555555556
3531,4.010781628510914,13,12,0.8480000000000001
3532,4.680052763919456,13,12,0.8622222222222222
3533,14.354657800050912,14,11,0.9480000000000001
3534,13.684100740783341,14,11,0.86
3535,33.509090608628966,16,9,0.8720000000000001
3536,24.89759266109939,15,10,0.9219999999999999
3537,23.317666790812076,15,10,0.8719999999999999
3538,4.159620714555546,13,12,0.8780000000000001
3539,-39.17220755903289,9,16,0.858
3540,22.798951204777673,15,10,0.866
3541,3.160983682279098,13,12,0.8980000000000002
3542,12.509571537533603,14,11,0.8820000000000002
3543,16.16669964969514,14,11,0.866
3544,36.397833696400866,16,9,0.9155555555555553
3545,56.14787865581315,18,7,0.9140000000000003
3546,-26.915337285828407,10,15,0.866
3547,6.1699326857320305,13,12,0.8555555555555556
3548,34.01077975065092,16,9,0.8440000000000001
3549,-13.941113061109043,11,14,0.9260000000000002
3550,44.98784128991274,17,8,0.8699999999999999
3551,-20.40732410229891,11,14,0.8866666666666667
3552,0.35095296933205766,13,12,0.826
3553,56.04689638762333,18,7,0.916
3554,43.37929085140712,17,8,0.9339999999999999
3555,5.337494180663302,13,12,0.8688888888888889
3556,3.057382345498084,13,12,0.9088888888888889
3557,76.02842115626179,20,5,0.8860000000000001
3558,9.392630156093755,14,11,0.8577777777777779
3559,34.56033439113908,16,9,0.916
3560,53.84686987018617,18,7,0.952
3561,-8.274840331771998,12,13,0.9177777777777778
3562,44.86747918804442,17,8,0.914
3563,3.7160636712033948,13,12,0.9177777777777778
3564,23.95524628445657,15,10,0.9177777777777779
3565,67.95255885033036,19,6,0.9000000000000001
3566,23.5725540520254,15,10,0.8977777777777778
3567,9.911122457296281,13,11,0.8960000000000001
3568,-58.05159552154309,7,18,0.8939999999999999
3569,46.086135822042685,17,8,0.8822222222222222
3570,22.979455542408285,15,10,0.924
3571,-26.60216435055141,10,15,0.8880000000000001
3572,-7.498155338307784,12,13,0.884
3573,23.536180058642813,15,10,0.9179999999999999
3574,13.084635664307473,14,11,0.868
3575,25.045452437453154,15,10,0.8719999999999999
3576,55.291114136478214,18,7,0.89
3577,44.34217727470323,17,8,0.9133333333333334
3578,24.82349040461689,15,10,0.8800000000000001
3579,22.845624576944797,15,10,0.8679999999999998
3580,4.168879652465757,13,12,0.8420000000000002
3581,0.68226457536754,13,12,0.8066666666666665
3582,34.607270028910655,16,9,0.8920000000000001
3583,5.099956985929812,13,12,0.8599999999999999
3584,42.82043463314579,17,8,0.9460000000000001
3585,-7.8449072950026775,12,13,0.8780000000000001
3586,34.61791614371637,16,9,0.8160000000000001
3587,11.436202550243436,14,11,0.9088888888888891
3588,34.28275773229782,16,9,0.8777777777777778
3589,23.726756478878613,15,10,0.86
3590,24.273594958662564,15,10,0.8240000000000001
3591,55.29099323886267,18,7,0.9059999999999999
3592,-7.929229363213346,12,13,0.9360000000000002
3593,54.782296676854685,18,7,0.8779999999999999
3594,65.11074984044525,19,6,0.8622222222222222
3595,33.22951751705419,16,9,0.8960000000000001
3596,33.66485955345355,16,9,0.8640000000000001
3597,-39.2357817792102,9,16,0.922
3598,14.22014432145098,14,11,0.8720000000000001
3599,34.91024155579038,16,9,0.9
3600,25.68773387560214,15,10,0.9260000000000002
3601,33.43082409705173,16,9,0.9280000000000002
3602,34.57772285751108,16,9,0.8533333333333333
3603,22.72597865558281,15,10,0.8699999999999999
3604,13.54754548026776,14,11,0.9444444444444444
3605,34.00258572223068,16,9,0.8644444444444446
3606,35.522695960451244,16,9,0.9199999999999999
3607,2.8888409675602906,13,12,0.8700000000000001
3608,35.4970074023462,16,9,0.8959999999999999
3609,12.77168680513493,14,11,0.834
3610,21.29097614917946,15,10,0.8577777777777779
3611,24.057338223232307,15,10,0.9533333333333334
3612,52.903557163339116,18,7,0.8880000000000001
3613,32.65633604045981,16,9,0.9019999999999999
3614,34.799145845379144,16,9,0.8400000000000001
3615,43.19443930143289,17,8,0.8480000000000001
3616,3.547536454882753,13,12,0.9180000000000001
3617,45.589983122611166,17,8,0.8622222222222222
3618,45.380099695405434,17,8,0.8699999999999999
3619,35.779083512087546,16,9,0.868
3620,36.58760837917426,16,9,0.8960000000000001
3621,-6.144049138692776,12,13,0.8280000000000001
3622,22.561230457383523,15,10,0.9120000000000001
3623,44.61612026481806,17,8,0.8700000000000001
3624,-18.142517309726593,11,14,0.932
3625,-17.217353455022668,11,14,0.858
3626,33.67044193247293,16,9,0.874
3627,14.074824363187613,14,11,0.914
3628,64.84941537515431,19,6,0.9000000000000001
3629,25.420607819664824,15,10,0.9259999999999999
3630,23.250816480318615,15,10,0.8600000000000001
3631,15.071480386230794,14,11,0.8959999999999999
3632,3.6461323186870747,13,12,0.9420000000000002
3633,3.3463267346074534,13,12,0.8422222222222222
3634,25.15581669241859,15,10,0.8700000000000001
3635,35.206294010220724,16,9,0.8577777777777779
3636,-6.58792650747114,12,13,0.9320000000000002
3637,45.561619600808484,17,8,0.804
3638,12.320796590124596,14,11,0.9039999999999999
3639,52.32911727556701,18,7,0.866
3640,43.868416136676025,17,8,0.8859999999999999
3641,34.77135427118152,16,9,0.9279999999999999
3642,-6.395796557169609,12,13,0.882
3643,14.215884295179066,14,11,0.8819999999999999
3644,34.038610037253044,16,9,0.8720000000000001
3645,-7.704627126784141,12,13,0.8619999999999999
3646,5.16393595235722,13,12,0.906
3647,34.165338039951806,16,9,0.9039999999999999
3648,4.151065603030997,13,12,0.8644444444444445
3649,54.797914664550746,18,7,0.8939999999999999
3650,35.267095158556195,16,9,0.9377777777777779
3651,-39.155048630922764,9,16,0.8622222222222221
3652,-7.509767578376659,12,13,0.8880000000000001
3653,24.21091438087246,15,10,0.8955555555555554
3654,34.50150585660437,16,9,0.9199999999999999
3655,25.44556031998389,15,10,0.8720000000000001
3656,-18.138884459375284,11,14,0.86
3657,23.4967679427895,15,10,0.892
3658,14.889312804571182,14,11,0.8780000000000001
3659,25.255337967697315,15,10,0.8260000000000002
3660,25.599803576244753,15,10,0.8800000000000002
3661,3.894500317589511,13,12,0.9040000000000001
3662,76.4780132131883,20,5,0.9040000000000001
3663,15.141424055439067,14,11,0.9160000000000001
3664,34.44836933430598,16,9,0.86
3665,22.82728405097941,15,10,0.9200000000000002
3666,77.94316696760038,20,5,0.8680000000000001
3667,76.38057977417537,20,5,0.892
3668,56.933131037698416,18,7,0.86
3669,-27.048955661025907,10,15,0.892
3670,35.02519061726961,16,9,0.9059999999999999
3671,23.19961747676187,15,10,0.876
3672,-19.155391937120474,11,14,0.826
3673,75.9354199265172,20,5,0.8620000000000001
3674,3.301641173395322,13,12,0.89
3675,25.536288617527934,15,10,0.9339999999999999
3676,74.348494222402,20,5,0.908
3677,-9.41380557904585,12,13,0.8859999999999999
3678,14.277470975641997,14,11,0.8800000000000001
3679,7.429454024962502,13,12,0.898
3680,46.57057334847916,17,8,0.914
3681,10.656533915838105,14,11,0.8760000000000001
3682,-25.97988753731221,10,15,0.9480000000000001
3683,34.794785807072905,16,9,0.8719999999999999
3684,22.802831841680455,15,10,0.911111111111111
3685,45.25538033928069,17,8,0.8320000000000001
3686,24.7478625294718,15,10,0.9219999999999999
3687,53.56925736092529,18,7,0.93
3688,2.469152068882435,13,12,0.9066666666666667
3689,44.53287397870279,17,8,0.9179999999999999
3690,12.299972455328529,14,11,0.884
3691,5.169038920272809,13,12,0.858
3692,33.93391572972848,16,9,0.8540000000000001
3693,-6.533970478689785,12,13,0.8979999999999999
3694,44.28417239378795,17,8,0.8960000000000001
3695,54.719229672679184,18,7,0.8822222222222222
3696,14.660863531193092,14,11,0.8640000000000001
3697,22.065932446142874,15,10,0.9059999999999999
3698,1.2127207387904289,13,12,0.9219999999999999
3699,33.56826516050933,16,9,0.89
3700,36.2554175234542,16,9,0.9280000000000002
3701,24.405409327271947,15,10,0.8480000000000001
3702,13.237946301115034,14,11,0.906
3703,-5.0867704866623455,12,13,0.866
3704,45.54265074506351,17,8,0.8680000000000001
3705,-36.94603214190673,9,16,0.93
3706,44.66714012031352,17,8,0.9099999999999999
3707,33.533138133290514,16,9,0.8699999999999999
3708,45.40413370791613,17,8,0.874
3709,33.86714454998237,16,9,0.914
3710,12.91610329638106,14,11,0.911111111111111
3711,44.593881710467144,17,8,0.8780000000000001
3712,34.837521298520095,16,9,0.8444444444444446
3713,-18.704715453657485,11,14,0.874
3714,45.650795338863524,17,8,0.978
3715,12.854064877170224,14,11,0.8960000000000001
3716,-7.187140415207777,12,13,0.9540000000000001
3717,56.22987010665197,18,7,0.9019999999999999
3718,14.196693943172875,14,11,0.8619999999999999
3719,35.4881346714237,16,9,0.914
3720,45.57687630290947,17,8,0.8979999999999999
3721,45.739840363681374,17,8,0.8720000000000001
3722,43.95755259354981,17,8,0.9520000000000002
3723,-6.424415533843216,12,13,0.8840000000000001
3724,55.358240093704815,18,7,0.8560000000000001
3725,34.82848311116298,16,9,0.86
3726,43.33889894086059,17,8,0.9420000000000002
3727,33.93630273155662,16,9,0.9380000000000001
3728,25.829937805554138,15,10,0.8825000000000001
3729,43.499829989194694,17,8,0.914
3730,22.26837827607737,15,10,0.798
3731,22.06358589433111,15,10,0.8939999999999999
3732,22.352907076614393,15,10,0.911111111111111
3733,24.934295874176666,15,10,0.9059999999999999
3734,12.61214759872623,14,11,0.796
3735,14.771491465243018,14,11,0.874
3736,75.862720293152,20,5,0.9240000000000002
3737,12.229416917857707,14,11,0.8700000000000001
3738,36.25672460998062,16,9,0.892
3739,12.685985415949467,14,11,0.9059999999999999
3740,33.40289855936732,16,9,0.8540000000000001
3741,14.783750283390091,14,11,0.8955555555555557
3742,-8.285622518290392,12,13,0.8960000000000001
3743,12.157453247347116,14,11,0.884
3744,2.343084657278201,13,12,0.944
3745,6.449872947969954,13,12,0.9288888888888889
3746,3.496447894818365,13,12,0.9533333333333334
3747,0.3958359446515559,13,12,0.8540000000000001
3748,34.35823924282572,16,9,0.9022222222222221
3749,63.262977637263326,19,6,0.8640000000000001
3750,33.2851854255973,16,9,0.9300000000000003
3751,24.044751408201247,15,10,0.884
3752,45.96014073970373,17,8,0.876
3753,53.22900087948959,18,7,0.8879999999999999
3754,12.503175281872569,14,11,0.8866666666666667
3755,53.25384373225722,18,7,0.9339999999999999
3756,26.294742511512286,15,10,0.8680000000000001
3757,32.180306019126895,16,9,0.8779999999999999
3758,25.33075818772193,15,10,0.9199999999999999
3759,44.22923461325599,17,8,0.922
3760,2.4797508656929796,13,12,0.9059999999999999
3761,67.50454135757279,19,6,0.898
3762,-5.60830617579519,12,13,0.882
3763,45.02914168114844,17,8,0.9555555555555557
3764,-7.211335190228372,12,13,0.866
3765,34.12521684261298,16,9,0.8644444444444445
3766,14.729400191427523,14,11,0.8460000000000001
3767,55.883782512768974,18,7,0.88
3768,37.853232295635095,16,9,0.96
3769,-6.398018263975548,12,13,0.791111111111111
3770,4.926535349250547,13,12,0.8888888888888888
3771,64.17277466026583,19,6,0.9199999999999999
3772,54.99440877520266,18,7,0.8859999999999999
3773,43.96390398151748,17,8,0.85
3774,24.69918661236429,15,10,0.9019999999999999
3775,19.80516778761117,14,10,0.9133333333333334
3776,34.63635003576645,16,9,0.8000000000000002
3777,-4.797497973198612,12,13,0.908
3778,-24.780644835558952,10,15,0.8699999999999999
3779,34.581047904437995,16,9,0.8977777777777778
3780,22.972937494286512,15,10,0.8979999999999999
3781,2.250069229139233,13,12,0.9
3782,35.18735411215941,16,9,0.8139999999999998
3783,34.92902092676001,16,9,0.9259999999999999
3784,4.001138699455241,13,12,0.8660000000000002
3785,35.009046865291026,16,9,0.8600000000000001
3786,4.3766926709877865,13,12,0.914
3787,35.8395733044254,16,9,0.8779999999999999
3788,53.637439878373414,18,7,0.9040000000000001
3789,32.68112993872841,16,9,0.866
3790,44.9029565542164,17,8,0.9000000000000001
3791,36.31998305972979,16,9,0.8800000000000001
3792,-8.43870324500781,12,13,0.8800000000000001
3793,14.411749845815077,14,11,0.8700000000000001
3794,31.565003186003633,16,9,0.8822222222222221
3795,2.9454165952049784,13,12,0.9020000000000001
3796,24.349800584593517,15,10,0.8620000000000001
3797,14.099564499758761,14,11,0.911111111111111
3798,75.67160563559332,20,5,0.925
3799,25.3865009001527,15,10,0.8640000000000001
3800,23.607555449328814,15,10,0.9179999999999999
3801,27.907004384972993,16,9,0.868
3802,1.9061724868000196,13,12,0.8819999999999999
3803,75.06494937174624,20,5,0.9199999999999999
3804,47.12013998684638,17,8,0.916
3805,63.23508970898091,19,6,0.916
3806,64.13868691349971,19,6,0.8955555555555557
3807,0.9739463189534732,13,12,0.836
3808,32.566320870649356,16,9,0.882
3809,55.00139615273878,18,7,0.8888888888888888
3810,11.81740832587308,14,11,0.8540000000000001
3811,-7.833462163107772,12,13,0.8719999999999999
3812,25.051400855214872,15,10,0.882
3813,33.70285157599193,16,9,0.8488888888888888
3814,5.064415167846583,13,12,0.9040000000000001
3815,22.187607068884795,15,10,0.818
3816,67.12123783485562,19,6,0.8800000000000001
3817,1.4904343497076908,13,12,0.7955555555555555
3818,5.03110689652544,13,12,0.8459999999999999
3819,-1.9375704263828162,13,12,0.842
3820,53.56479222641817,18,7,0.806
3821,57.00296563127374,18,7,0.9179999999999999
3822,45.55486098895607,17,8,0.9020000000000001
3823,12.77473049544449,14,11,0.858
3824,15.430252186125454,14,11,0.9755555555555557
3825,46.41288617149881,17,8,0.882
3826,-10.236105917917714,12,13,0.844
3827,34.13830318388154,16,9,0.8866666666666667
3828,25.793200236855206,15,10,0.8999999999999998
3829,40.215032547202576,17,8,0.8640000000000001
3830,23.554817383651372,15,10,0.86
3831,73.36082275066605,20,5,0.866
3832,25.08024001171976,15,10,0.9260000000000002
3833,22.830265393225105,15,10,0.8400000000000001
3834,22.76851937420005,15,10,0.9179999999999999
3835,2.1635606360756228,13,12,0.8759999999999998
3836,35.700910240333634,16,9,0.8333333333333334
3837,43.504922039570054,17,8,0.9000000000000001
3838,-6.67503483732639,12,13,0.916
3839,45.98842504899472,17,8,0.852
3840,64.81353520121272,19,6,0.984
3841,43.862022136565976,17,8,0.8244444444444445
3842,44.951769718941456,17,8,0.828
3843,-30.106841924006915,10,15,0.8799999999999999
3844,-18.05707331516814,11,14,0.8599999999999999
3845,11.626337383191707,14,11,0.8666666666666667
3846,35.96811584452718,16,9,0.86
3847,34.2065268888468,16,9,0.8619999999999999
3848,33.6631958372616,16,9,0.8859999999999999
3849,35.974486727071685,16,9,0.9
3850,20.617934074708838,15,10,0.9
3851,-5.346746666318504,12,13,0.9819999999999999
3852,31.518998996318444,16,9,0.9460000000000001
3853,24.343094500496,15,10,0.876
3854,53.39633588219379,18,7,0.8911111111111111
3855,43.96028248599414,17,8,0.922
3856,53.81755494799248,18,7,0.874
3857,11.969489950133095,14,11,0.868
3858,23.863163541637107,15,10,0.9244444444444445
3859,3.30410379663912,13,12,0.7866666666666666
3860,13.128142477490208,14,11,0.916
3861,23.6084408269675,15,10,0.8555555555555556
3862,43.70916569512296,17,8,0.94
3863,55.64006052332309,18,7,0.9339999999999999
3864,12.908246270486375,14,11,0.8640000000000001
3865,0.6213013820889195,13,12,0.9040000000000001
3866,40.89194270941609,17,8,0.9259999999999999
3867,-5.987124715851733,12,13,0.898
3868,54.75177255081102,18,7,0.884
3869,33.14566726956061,16,9,0.8844444444444446
3870,12.2954445407142,14,11,0.938
3871,13.108765429238147,14,11,0.86
3872,-7.507377290072192,12,13,0.9666666666666668
3873,13.416184746211815,14,11,0.95
3874,-28.342334110438262,10,15,0.868
3875,-8.466575967580228,12,13,0.9239999999999998
3876,33.23258714453654,16,9,0.836
3877,33.920487585816545,16,9,0.914
3878,44.75143875170339,17,8,0.9400000000000001
3879,0.6677677337251495,13,12,0.874
3880,54.77829009682918,18,7,0.85
3881,23.485930236348903,15,10,0.8720000000000001
3882,41.47425330629756,17,8,0.8779999999999999
3883,33.64336542469428,16,9,0.9079999999999998
3884,75.68827998678302,20,5,0.8311111111111111
3885,23.138293955603327,15,10,0.9640000000000001
3886,45.91790850904577,17,8,0.8400000000000001
3887,-17.68990486940457,11,14,0.884
3888,33.0645121638128,16,9,0.9155555555555553
3889,23.432987416059536,15,10,0.892
3890,54.42511059987604,18,7,0.8620000000000001
3891,33.844887494546704,16,9,0.938
3892,75.54538204548072,20,5,0.9533333333333336
3893,44.80925456706815,17,8,0.8879999999999999
3894,21.971643246225675,15,10,0.942
3895,-18.54076405671506,11,14,0.8680000000000001
3896,21.984872602182737,15,10,0.85
3897,2.980923356673083,13,12,0.8688888888888889
3898,44.3996739071611,17,8,0.93
3899,55.77678253939886,18,7,0.8579999999999999
3900,44.37294380737637,17,8,0.8666666666666667
3901,23.455363346092504,15,10,0.8777777777777778
3902,11.179488515177697,14,11,0.9466666666666667
3903,33.97459810495265,16,9,0.868
3904,56.794048758348026,18,7,0.9079999999999998
3905,72.9608786070909,20,5,0.9259999999999999
3906,5.145608963654899,13,12,0.962
3907,-0.7657045060246499,13,12,0.8739999999999999
3908,52.962935001023936,18,7,0.8755555555555556
3909,-5.251565357351286,12,13,0.9179999999999999
3910,42.96891881924508,17,8,0.8666666666666667
3911,22.92280417303288,15,10,0.9019999999999999
3912,34.169326094148474,16,9,0.8311111111111111
3913,34.169541699579796,16,9,0.86
3914,21.040275533715246,15,10,0.8799999999999999
3915,1.4659520365778675,13,12,0.868
3916,-5.610809994304486,12,13,0.9019999999999999
3917,34.60160548863303,16,9,0.8559999999999999
3918,64.32286139978865,19,6,0.884
3919,12.796700276592508,14,11,0.9
3920,65.46595507806518,19,6,0.866
3921,-15.809355547108465,11,14,0.8888888888888888
3922,-8.885407624863479,12,13,0.884
3923,75.46006110893859,20,5,0.8755555555555556
3924,44.46981651689963,17,8,0.85
3925,22.512335870108103,15,10,0.8320000000000001
3926,45.09753423303813,17,8,0.8720000000000001
3927,24.374261737103772,15,10,0.9240000000000002
3928,65.57372637008997,19,6,0.876
3929,-6.923941922080877,12,13,0.8939999999999999
3930,53.03125328809264,18,7,0.962
3931,3.1633496275117667,13,12,0.8540000000000001
3932,43.041344661617586,17,8,0.9733333333333333
3933,22.67026645264003,15,10,0.9420000000000002
3934,2.2209082648674716,13,12,0.868
3935,23.273497892538508,15,10,0.868
3936,64.76839017157242,19,6,0.8880000000000001
3937,0.9733374209106698,13,12,0.892
3938,32.968394889390005,16,9,0.8860000000000001
3939,56.18768828000905,18,7,0.8939999999999999
3940,56.18137572238742,18,7,0.8539999999999999
3941,-16.810311826429388,11,14,0.9359999999999999
3942,30.099341961935107,16,9,0.898
3943,20.957998911175054,15,10,0.9200000000000002
3944,33.574075671608114,16,9,0.9280000000000002
3945,65.34491192421146,19,6,0.884
3946,34.38123192064312,16,9,0.8955555555555557
3947,34.65817949915495,16,9,0.898
3948,-17.02661529915051,11,14,0.882
3949,53.4404851898835,18,7,0.8860000000000001
3950,-4.603279516367275,12,13,0.8022222222222222
3951,31.876235744511426,16,9,0.85
3952,4.366598646937961,13,12,0.9100000000000001
3953,20.29713416982335,15,10,0.9399999999999998
3954,54.252661847305966,18,7,0.8780000000000001
3955,15.313806768157662,14,11,0.9177777777777779
3956,33.04426832332592,16,9,0.86
3957,92.98291621753877,22,3,0.9377777777777779
3958,1.3430975410350787,13,12,0.8999999999999999
3959,64.39837690868002,19,6,0.9444444444444444
3960,24.618725545594174,15,10,0.9355555555555554
3961,62.88417310004735,19,6,0.868
3962,45.91407858025182,17,8,0.8911111111111111
3963,54.81172948274217,18,7,0.9199999999999999
3964,71.72311858817378,20,5,0.8800000000000001
3965,41.79913388544627,17,8,0.8220000000000001
3966,23.786550168981883,15,10,0.8740000000000002
3967,1.6891990573979339,13,12,0.868
3968,-29.28778728996183,10,15,0.8939999999999999
3969,-9.065438164829098,12,13,0.9120000000000001
3970,73.94311985594912,20,5,0.9119999999999999
3971,43.5855033197861,17,8,0.8779999999999999
3972,13.611405357671448,14,11,0.8400000000000001
3973,35.095804942570524,16,9,0.876
3974,23.31932084316585,15,10,0.8620000000000001
3975,-5.674959432314217,12,13,0.944
3976,10.814632607572275,14,11,0.866
3977,5.764222370670799,13,12,0.9222222222222223
3978,-40.372376559261525,9,16,0.892
3979,33.72495607446459,16,9,0.9711111111111111
3980,-15.893989499902492,11,14,0.8160000000000001
3981,23.542806433105156,15,10,0.868
3982,3.710024549144295,13,12,0.7980000000000002
3983,34.300479068849924,16,9,0.8644444444444443
3984,52.57240906497503,18,7,0.898
3985,44.24121689982317,17,8,0.9159999999999998
3986,14.310280400515925,14,11,0.8640000000000001
3987,32.712178555974674,16,9,0.9460000000000001
3988,54.945924625747736,18,7,0.9555555555555555
3989,24.310307996410813,15,10,0.9177777777777778
3990,23.753322313507045,15,10,0.922
3991,65.96845831412125,19,6,0.948888888888889
3992,23.687163523226744,15,10,0.916
3993,44.85168508141534,17,8,0.8800000000000001
3994,67.07922736896755,19,6,0.9066666666666667
3995,2.6795430245016423,13,12,0.914
3996,73.68152932016453,20,5,0.8299999999999998
3997,-4.973721906904647,12,13,0.9511111111111111
3998,35.346014971825625,16,9,0.9280000000000002
3999,42.462136241911494,17,8,0.89
4000,11.894495652900934,14,11,0.8977777777777778
