"# mode=none d_value=0 d=[0,0] p=0.50 dr=0 seed=1 n_agents=5 obs_dim=34 n_episodes=4000"
episode,sum_reward,success,fail,mean_delay
1,19.064121004517528,15,10,0.0
2,10.300416885870284,14,11,0.0
3,53.63032275413846,18,7,0.0
4,-8.892943066728787,12,13,0.0
5,-19.315448285092994,11,14,0.0
6,-10.633224798969769,12,13,0.0
7,63.7889923502851,19,6,0.0
8,-8.610520389739582,12,13,0.0
9,43.81620011756223,17,8,0.0
10,12.894675757607047,14,11,0.0
11,71.07900260962467,20,5,0.0
12,39.46916378013178,17,8,0.0
13,21.809366744806127,15,10,0.0
14,33.47504223972195,16,9,0.0
15,54.84290349616672,18,7,0.0
16,-7.934553913354081,12,13,0.0
17,10.458894705814542,14,11,0.0
18,29.35823697998599,16,9,0.0
19,42.50291839049007,17,8,0.0
20,19.916555755294805,15,10,0.0
21,-6.32451073540663,12,13,0.0
22,-6.10488642088804,12,13,0.0
23,-9.516521555183068,12,13,0.0
24,-29.41720787656708,10,15,0.0
25,32.86762714219214,16,9,0.0
26,-10.261353465290872,12,13,0.0
27,22.37114955995708,15,10,0.0
28,43.065681584994195,17,8,0.0
29,13.597359025883819,14,11,0.0
30,-8.844785913406142,12,13,0.0
31,-8.15588490457463,12,13,0.0
32,19.791036638311198,15,10,0.0
33,11.673944342736062,14,11,0.0
34,38.62672477946232,17,8,0.0
35,2.068415058552733,13,12,0.0
36,45.040161841215784,17,8,0.0
37,11.70031323491358,14,11,0.0
38,3.8303840230690875,13,12,0.0
39,20.86874137192904,15,10,0.0
40,10.107204178731225,14,11,0.0
41,1.3828847954996348,13,12,0.0
42,-7.924651846875404,12,13,0.0
43,39.37383194869913,17,8,0.0
44,50.942798460030325,18,7,0.0
45,10.337295961533513,14,11,0.0
46,18.56653766931966,15,10,0.0
47,53.34138051621264,18,7,0.0
48,11.1471284980335,14,11,0.0
49,11.634261843368591,14,11,0.0
50,-18.808414617009554,11,14,0.0
51,33.28717232713532,16,9,0.0
52,-26.429328532724323,10,15,0.0
53,-0.7554534209277932,13,12,0.0
54,14.161310373287547,14,11,0.0
55,42.014320173645764,17,8,0.0
56,-16.940809613006515,11,14,0.0
57,23.275893523195467,15,10,0.0
58,12.099455083994666,14,11,0.0
59,-18.78703880923293,11,14,0.0
60,25.135830076583414,15,10,0.0
61,10.611248606841773,14,11,0.0
62,42.68427541863343,17,8,0.0
63,53.01148092606443,18,7,0.0
64,12.69137345725036,14,11,0.0
65,41.41234854386019,17,8,0.0
66,-6.591040529427277,12,13,0.0
67,3.2164398737979134,13,12,0.0
68,-17.010200449300655,11,14,0.0
69,53.23333280647901,18,7,0.0
70,-10.758055755117773,12,13,0.0
71,72.31317218896947,20,5,0.0
72,2.3450022700461988,13,12,0.0
73,-9.73712164060144,12,13,0.0
74,60.9130093506829,19,6,0.0
75,-7.036205519120348,12,13,0.0
76,-8.683789732647448,12,13,0.0
77,1.9109816974153393,13,12,0.0
78,32.594377139676865,16,9,0.0
79,-20.30137657776886,11,14,0.0
80,43.136882144012205,17,8,0.0
81,11.686613665678685,14,11,0.0
82,20.2234934067612,15,10,0.0
83,1.269588782226518,13,12,0.0
84,11.298646595966396,14,11,0.0
85,19.551853226161978,15,10,0.0
86,-8.781721990349649,12,13,0.0
87,31.694086469505173,16,9,0.0
88,51.30544757366196,18,7,0.0
89,72.86253473685784,20,5,0.0
90,31.626397021413005,16,9,0.0
91,30.164487766052012,16,9,0.0
92,10.524726826238018,14,11,0.0
93,-10.09132863683264,12,13,0.0
94,-11.092836092900033,12,13,0.0
95,32.27086364794818,16,9,0.0
96,-11.03941859104479,12,13,0.0
97,64.09415809150553,19,6,0.0
98,-7.968921132120764,12,13,0.0
99,-11.842579401497346,12,13,0.0
100,33.045320502726995,16,9,0.0
101,1.9433490176628272,13,12,0.0
102,42.58743432629216,17,8,0.0
103,9.525858613973178,14,11,0.0
104,-0.8007784553834165,13,12,0.0
105,2.2069573393405175,13,12,0.0
106,1.976256637161843,13,12,0.0
107,52.698792171663094,18,7,0.0
108,-0.7435812778846635,13,12,0.0
109,29.69906315641031,16,9,0.0
110,1.9308318089131395,13,12,0.0
111,-7.284681710199818,12,13,0.0
112,-0.6876258373883157,13,12,0.0
113,-9.777562867804923,12,13,0.0
114,33.48839734094116,16,9,0.0
115,24.071139574833005,15,10,0.0
116,-0.847911038084938,13,12,0.0
117,43.01822304177507,17,8,0.0
118,21.725056051040195,15,10,0.0
119,10.3991227780385,14,11,0.0
120,-8.456409602200075,12,13,0.0
121,41.19629188380119,17,8,0.0
122,22.204846708578486,15,10,0.0
123,23.153934963580117,15,10,0.0
124,14.753412080123468,14,11,0.0
125,21.473204210976984,15,10,0.0
126,43.049313604905095,17,8,0.0
127,12.175731850592914,14,11,0.0
128,41.0757436202401,17,8,0.0
129,21.82366569320495,15,10,0.0
130,-0.24985039024003353,13,12,0.0
131,-17.712297952457966,11,14,0.0
132,-19.62585447334123,11,14,0.0
133,13.352151907881641,14,11,0.0
134,42.60660711658418,17,8,0.0
135,28.740378561991655,16,9,0.0
136,41.724567171494684,17,8,0.0
137,2.712090814583479,13,12,0.0
138,-8.85472227793758,12,13,0.0
139,49.586273249445064,18,7,0.0
140,-3.0146811633621944,13,12,0.0
141,-29.004503887385894,10,15,0.0
142,-10.391798420491693,12,13,0.0
143,49.449256328239905,18,7,0.0
144,62.87869597686066,19,6,0.0
145,-9.807709466485214,12,13,0.0
146,2.172297135912915,13,12,0.0
147,1.7583915791401399,13,12,0.0
148,41.724762016298754,17,8,0.0
149,20.118640047721133,15,10,0.0
150,20.810809736391953,15,10,0.0
151,50.64576733241785,18,7,0.0
152,21.757224747759906,15,10,0.0
153,-10.333879725934818,12,13,0.0
154,-0.3291459725766641,13,12,0.0
155,40.29957858676729,17,8,0.0
156,30.98704254614576,16,9,0.0
157,-0.3850814165515972,13,12,0.0
158,49.77742465435423,18,7,0.0
159,40.805531232621604,17,8,0.0
160,41.64291880416369,17,8,0.0
161,-11.341632836654686,12,13,0.0
162,-10.92972417995608,12,13,0.0
163,10.634057585940349,14,11,0.0
164,61.3149144740098,19,6,0.0
165,62.50954272750985,19,6,0.0
166,22.911665678568802,15,10,0.0
167,20.942288447614754,15,10,0.0
168,51.3626488166843,18,7,0.0
169,22.56901460873373,15,10,0.0
170,9.657718739963807,14,11,0.0
171,10.139009292889407,14,11,0.0
172,21.052156375861358,15,10,0.0
173,22.015705245016996,15,10,0.0
174,52.29135885213834,18,7,0.0
175,52.56011181108051,18,7,0.0
176,50.54541281066323,18,7,0.0
177,64.9543006887271,19,6,0.0
178,40.52908231072028,17,8,0.0
179,-11.815650889646443,12,13,0.0
180,30.67563341633448,16,9,0.0
181,40.9455944546743,17,8,0.0
182,19.490105128805475,15,10,0.0
183,18.425064445272966,15,10,0.0
184,30.008215836939364,16,9,0.0
185,11.953101131926728,14,11,0.0
186,-11.054756562428684,12,13,0.0
187,81.53373445655782,21,4,0.0
188,-23.06052923166547,11,14,0.0
189,79.18761730918999,21,4,0.0
190,-1.3175873113227201,13,12,0.0
191,-9.566623526784387,12,13,0.0
192,-11.629135343115593,12,13,0.0
193,20.071736467671723,15,10,0.0
194,-22.467858563137902,11,14,0.0
195,1.2111924698775542,13,12,0.0
196,33.96192637605144,16,9,0.0
197,51.73107794130744,18,7,0.0
198,49.64472679877797,18,7,0.0
199,-0.014159420569523462,13,12,0.0
200,61.319055819855784,19,6,0.0
201,9.36643864095964,14,11,0.0
202,-0.5618202863904784,13,12,0.0
203,-20.901609251862947,11,14,0.0
204,-1.081493925225745,13,12,0.0
205,52.87024783078802,18,7,0.0
206,6.097368760063264,14,11,0.0
207,29.73552020742092,16,9,0.0
208,-12.32649505603519,12,13,0.0
209,-12.217657452139973,12,13,0.0
210,48.62098445786907,18,7,0.0
211,-30.117152162819316,10,15,0.0
212,42.26803886407118,17,8,0.0
213,30.90859825826282,16,9,0.0
214,50.95458006094459,18,7,0.0
215,8.618000329603893,14,11,0.0
216,51.980561569169986,18,7,0.0
217,53.41825347409682,18,7,0.0
218,-30.6723593755081,10,15,0.0
219,8.917553407177463,14,11,0.0
220,52.28049692303092,18,7,0.0
221,-8.155852182036575,12,13,0.0
222,30.47301012943193,16,9,0.0
223,21.676355138257147,15,10,0.0
224,62.08572886823568,19,6,0.0
225,-30.401614461874342,10,15,0.0
226,-29.319239620007405,10,15,0.0
227,10.05789006312595,14,11,0.0
228,39.83662518832998,17,8,0.0
229,8.391249618157815,14,11,0.0
230,-11.038822585959336,12,13,0.0
231,30.856856946159628,16,9,0.0
232,58.335663232186164,19,6,0.0
233,30.010933872588765,16,9,0.0
234,1.049918141577419,13,12,0.0
235,20.509057149297927,15,10,0.0
236,43.09475208423127,17,8,0.0
237,-11.319481364871024,12,13,0.0
238,-8.397377035063718,12,13,0.0
239,-38.5281630576445,9,16,0.0
240,41.312815309940845,17,8,0.0
241,40.061520347764116,17,8,0.0
242,1.0215881537745435,13,12,0.0
243,22.407863859254842,15,10,0.0
244,49.2922053492262,18,7,0.0
245,12.713846151924457,14,11,0.0
246,38.04219553237498,17,8,0.0
247,10.112769972745125,14,11,0.0
248,-19.49254147593684,11,14,0.0
249,21.20973564253584,15,10,0.0
250,30.408189119159015,16,9,0.0
251,-21.662101812735656,11,14,0.0
252,44.044822357081785,17,8,0.0
253,-40.89289816926086,9,16,0.0
254,19.908036071044933,15,10,0.0
255,0.7213963372534025,13,12,0.0
256,11.982772857777874,14,11,0.0
257,30.45952028517435,16,9,0.0
258,21.282156297943345,15,10,0.0
259,-20.013847907844152,11,14,0.0
260,-20.093653597324312,11,14,0.0
261,30.71427289204042,16,9,0.0
262,42.87121578611389,17,8,0.0
263,21.511544668188183,15,10,0.0
264,73.87566272328498,20,5,0.0
265,-19.569201472749132,11,14,0.0
266,22.893168950777948,15,10,0.0
267,3.5230536921330513,13,12,0.0
268,63.991609324878354,19,6,0.0
269,33.02932289376855,16,9,0.0
270,20.610271295911065,15,10,0.0
271,42.72121200732527,17,8,0.0
272,22.33907544758295,15,10,0.0
273,85.38465895101807,21,4,0.0
274,-11.84655736267754,12,13,0.0
275,-8.433432632387671,12,13,0.0
276,12.327239167935463,14,11,0.0
277,9.565543348465049,14,11,0.0
278,50.9485866580013,18,7,0.0
279,41.518400302447716,17,8,0.0
280,21.49917532790951,15,10,0.0
281,-12.173796309184244,12,13,0.0
282,11.793175179952566,14,11,0.0
283,32.40450955595831,16,9,0.0
284,-22.482975285447175,11,14,0.0
285,13.758557100777772,14,11,0.0
286,3.950464265690054,13,12,0.0
287,51.542242947915305,18,7,0.0
288,-18.29103037463009,11,14,0.0
289,-17.746349824735802,11,14,0.0
290,-5.869167379720462,12,12,0.0
291,-28.410434279630188,10,15,0.0
292,-17.224893685702952,11,14,0.0
293,20.7863660113599,15,10,0.0
294,11.936432305857814,14,11,0.0
295,0.004083036490417413,13,12,0.0
296,-20.6672073528042,11,14,0.0
297,2.927495960565329,13,12,0.0
298,20.953075043207345,15,10,0.0
299,32.51800866242908,16,9,0.0
300,-18.63416223221626,11,14,0.0
301,73.63271707873399,20,5,0.0
302,9.11498794067287,14,11,0.0
303,50.931827423801096,18,7,0.0
304,71.12994706660571,20,5,0.0
305,-41.028580532086764,9,16,0.0
306,31.169512230471923,16,9,0.0
307,30.81041068143746,16,9,0.0
308,44.53426758979723,17,8,0.0
309,31.554227846283375,16,9,0.0
310,10.523081139864539,14,11,0.0
311,21.48101793276227,15,10,0.0
312,8.52814314990695,14,11,0.0
313,-28.685038968126797,10,15,0.0
314,30.871978573599986,16,9,0.0
315,-9.332737480501944,12,13,0.0
316,12.009453127686813,14,11,0.0
317,10.875678685060366,14,11,0.0
318,-10.560514577657237,12,13,0.0
319,18.765306144223455,15,10,0.0
320,12.569950565276988,14,11,0.0
321,39.648537604134496,17,8,0.0
322,23.787334425709176,15,10,0.0
323,60.68599047072577,19,6,0.0
324,39.463237112959625,17,8,0.0
325,-8.106918814753508,12,13,0.0
326,42.738032288490984,17,8,0.0
327,82.23801937202322,21,4,0.0
328,39.413395930088406,17,8,0.0
329,13.108988927498084,14,11,0.0
330,13.926598394559289,14,11,0.0
331,11.743787587252305,14,11,0.0
332,19.65638993565306,15,10,0.0
333,20.934072570975335,15,10,0.0
334,-63.90890185804028,7,18,0.0
335,1.709694399381152,13,12,0.0
336,41.5208281837273,17,8,0.0
337,13.864501304345549,14,11,0.0
338,1.5147525671191282,13,12,0.0
339,33.01589635018645,16,9,0.0
340,49.786187280816456,18,7,0.0
341,32.4577948426953,16,9,0.0
342,2.6849699555399047,13,12,0.0
343,-21.540789118547334,11,14,0.0
344,21.504382878227,15,10,0.0
345,20.080165702491737,15,10,0.0
346,60.28708032782417,19,6,0.0
347,-11.380835987111734,12,13,0.0
348,30.959683880004615,16,9,0.0
349,23.670836489327563,15,9,0.0
350,63.4150748800693,19,6,0.0
351,32.2955834023084,16,9,0.0
352,42.34393877893065,17,8,0.0
353,21.06194570507219,15,10,0.0
354,36.578205828896756,17,8,0.0
355,32.95026028234307,16,9,0.0
356,52.114624997708674,18,7,0.0
357,10.64805410193216,14,11,0.0
358,30.53599033971017,16,9,0.0
359,41.65557420143922,17,8,0.0
360,33.42980388347907,16,9,0.0
361,30.048552664087303,16,9,0.0
362,-20.307897094625478,11,14,0.0
363,10.075384380597942,14,11,0.0
364,-1.4762738445366796,13,12,0.0
365,11.279797725963405,14,11,0.0
366,18.61195167792841,15,10,0.0
367,10.482072250774559,14,11,0.0
368,-1.4791979019230475,13,12,0.0
369,-2.647426069138718,13,12,0.0
370,19.22983822640424,15,10,0.0
371,73.45013600662855,20,5,0.0
372,72.55143831686657,20,5,0.0
373,8.184236636941746,14,11,0.0
374,55.16287773331481,18,7,0.0
375,31.421860005766504,16,9,0.0
376,50.29179945564121,18,7,0.0
377,19.401367364357974,15,10,0.0
378,39.6114823453337,17,8,0.0
379,37.72847312720872,17,8,0.0
380,49.762442873757976,18,7,0.0
381,10.471771094291116,14,11,0.0
382,34.297280717271185,16,9,0.0
383,7.39169990078205,14,11,0.0
384,21.220097220874408,15,10,0.0
385,-12.650275908182696,12,13,0.0
386,11.645445906321106,14,11,0.0
387,42.309133070534976,17,8,0.0
388,-32.42768514340273,10,15,0.0
389,31.293121010840032,16,9,0.0
390,71.3087747308174,20,5,0.0
391,49.91091746238403,18,7,0.0
392,-11.10677959619576,12,13,0.0
393,10.185754108720547,14,11,0.0
394,30.952403340388162,16,9,0.0
395,51.04547583224298,18,7,0.0
396,51.918330433337,18,7,0.0
397,32.4334013451933,16,9,0.0
398,31.03270746835331,16,9,0.0
399,19.83620767042,15,10,0.0
400,-23.111344146914163,11,14,0.0
401,29.53206888928341,16,9,0.0
402,20.686062604430884,15,10,0.0
403,20.651621965018634,15,10,0.0
404,-7.762462918095766,12,13,0.0
405,50.15063125012486,18,7,0.0
406,42.05831764202074,17,8,0.0
407,52.51565194970941,18,7,0.0
408,33.28563713029936,16,9,0.0
409,94.46444369609361,22,3,0.0
410,-8.509496551299335,12,13,0.0
411,0.2747569932003069,13,12,0.0
412,83.50411785202613,21,4,0.0
413,27.048643413052453,16,9,0.0
414,12.47284088665228,14,11,0.0
415,20.856360110004708,15,10,0.0
416,0.14730125945613537,13,12,0.0
417,70.02364178936537,20,5,0.0
418,1.8881075710835145,13,12,0.0
419,-21.479038559357903,11,14,0.0
420,19.983913844552063,15,10,0.0
421,20.5028391276112,15,10,0.0
422,0.4536300466720409,13,12,0.0
423,-9.979062071444508,12,13,0.0
424,19.718349759192016,15,10,0.0
425,-23.97210175898758,11,14,0.0
426,-43.61670636404425,9,16,0.0
427,39.702139215016715,17,8,0.0
428,-8.460577309954301,12,13,0.0
429,50.758660640004436,18,7,0.0
430,17.317405944362303,15,10,0.0
431,18.62427677729935,15,10,0.0
432,-9.353753993964116,12,13,0.0
433,39.118422982928315,17,8,0.0
434,19.743136645778616,15,10,0.0
435,-0.322814457672413,13,12,0.0
436,10.322719505812778,14,11,0.0
437,0.0806106182739903,13,12,0.0
438,-22.470075436544526,11,14,0.0
439,43.242567767919724,17,8,0.0
440,0.9764835289584424,13,12,0.0
441,9.856039914585558,14,11,0.0
442,40.599804413071595,17,8,0.0
443,41.52697589348688,17,8,0.0
444,29.765786341770045,16,9,0.0
445,38.20751405614398,17,8,0.0
446,61.191340435673,19,6,0.0
447,61.90229040271393,19,6,0.0
448,-31.974446604797272,10,15,0.0
449,29.668193663674444,16,9,0.0
450,53.10873418119138,18,7,0.0
451,-11.84633255592787,12,13,0.0
452,-2.1085637402300477,13,12,0.0
453,18.85721099804845,15,10,0.0
454,17.950352112791805,15,10,0.0
455,9.460688379483784,14,11,0.0
456,-11.541865977948136,12,13,0.0
457,-21.662047278841584,11,14,0.0
458,7.976147987193303,14,11,0.0
459,-21.903132035118322,11,14,0.0
460,9.208163130414999,14,11,0.0
461,-1.2939605250474004,13,12,0.0
462,-0.24568863930744556,13,12,0.0
463,19.538312946911468,15,10,0.0
464,0.5546155322840214,13,12,0.0
465,30.679423464991803,16,9,0.0
466,31.718703348729107,16,9,0.0
467,10.798139541624623,14,11,0.0
468,62.125343390909855,19,6,0.0
469,17.944323660486496,15,10,0.0
470,-11.124528701952558,12,13,0.0
471,7.076927066062242,14,11,0.0
472,-30.55105337753244,10,15,0.0
473,-54.59467300992914,8,17,0.0
474,11.5481014715846,14,11,0.0
475,-13.079592166750588,12,13,0.0
476,-12.674671106948027,12,13,0.0
477,21.281529254556084,15,10,0.0
478,-14.51132884960373,12,13,0.0
479,51.63682101457647,18,7,0.0
480,-11.224326622182472,12,13,0.0
481,64.29782355444149,19,6,0.0
482,7.715642425934341,14,11,0.0
483,19.02798377537418,15,10,0.0
484,1.1171468296704514,13,12,0.0
485,11.265282139018957,14,11,0.0
486,40.81297205044096,17,8,0.0
487,41.1356296839882,17,8,0.0
488,-20.524223926900877,11,14,0.0
489,11.76057136474592,14,11,0.0
490,19.0330699463094,15,10,0.0
491,60.93144590368794,19,6,0.0
492,21.18999203022405,15,10,0.0
493,-18.824869548386236,11,14,0.0
494,41.670168250565915,17,8,0.0
495,10.828652849796674,14,11,0.0
496,50.60909055420813,18,7,0.0
497,34.36397861623965,16,9,0.0
498,-18.930957923933875,11,14,0.0
499,33.041503942758624,16,9,0.0
500,22.68620802960399,15,10,0.0
501,-1.4137004200751209,13,12,0.0
502,10.511016204730106,14,11,0.0
503,-34.20285925648703,10,15,0.0
504,-49.2195365075727,8,17,0.0
505,20.60270349381716,15,10,0.0
506,32.65427667891679,16,9,0.0
507,-11.962071423391766,12,13,0.0
508,1.4597888296712718,13,12,0.0
509,13.63754841436189,14,11,0.0
510,32.016813356285574,16,9,0.0
511,0.09234748268175963,13,12,0.0
512,-8.549841277281365,12,13,0.0
513,26.538082950916014,15,10,0.0
514,22.475030709190392,15,10,0.0
515,31.196608682886374,16,9,0.0
516,22.58764669932235,15,10,0.0
517,52.09877627646901,18,7,0.0
518,10.011441159405415,14,11,0.0
519,0.23649744454263288,13,12,0.0
520,-7.935315901993095,12,13,0.0
521,1.0378564490312945,13,12,0.0
522,34.64403509625201,16,9,0.0
523,2.569839473603782,13,12,0.0
524,41.95852137577363,17,8,0.0
525,-19.98387255534645,11,14,0.0
526,21.689037854824434,15,10,0.0
527,52.00572365769999,18,7,0.0
528,-3.1995295525633987,13,12,0.0
529,14.568334008012261,14,11,0.0
530,-36.11362615143815,9,16,0.0
531,8.326821934437802,14,11,0.0
532,52.834733341342925,18,7,0.0
533,53.67397480711855,18,7,0.0
534,44.772545587643044,17,8,0.0
535,21.673939395219712,15,10,0.0
536,55.34624187358227,18,7,0.0
537,53.379548433034984,18,7,0.0
538,32.08019383081194,16,9,0.0
539,11.780807778125737,14,11,0.0
540,-0.6730132306675074,13,12,0.0
541,40.45423994315439,17,8,0.0
542,-20.618834508194723,11,14,0.0
543,23.759962452948976,15,10,0.0
544,64.06281317435379,19,6,0.0
545,29.735663120550086,16,9,0.0
546,18.362365559108632,15,10,0.0
547,22.874069552449193,15,10,0.0
548,19.59963847579663,15,10,0.0
549,-21.273011073785092,11,14,0.0
550,23.016954392224893,15,10,0.0
551,8.752424750305451,14,11,0.0
552,10.711389116867151,14,11,0.0
553,41.5334651500763,17,8,0.0
554,2.9309335067773015,13,12,0.0
555,-22.42509393976666,11,14,0.0
556,51.01331081854454,18,7,0.0
557,0.562258967354814,13,12,0.0
558,23.16522447947098,15,10,0.0
559,20.637905280345667,15,10,0.0
560,-0.275680632531933,13,12,0.0
561,18.83775654583051,15,10,0.0
562,-9.732978993543604,12,13,0.0
563,7.0207431918772745,13,11,0.0
564,1.215164363767674,13,12,0.0
565,32.71732989622184,16,9,0.0
566,21.306454740464144,15,10,0.0
567,30.967598356768008,16,9,0.0
568,-9.295091648009887,12,13,0.0
569,52.30508833258769,18,7,0.0
570,51.74664900809841,18,7,0.0
571,30.119918039408677,16,9,0.0
572,11.296939763968663,14,11,0.0
573,0.7510805260158833,13,12,0.0
574,-11.115172262965228,12,13,0.0
575,40.78920815383025,17,8,0.0
576,-8.46300863956707,12,13,0.0
577,32.60573312824896,16,9,0.0
578,19.87866045041028,15,10,0.0
579,12.239591340422212,14,11,0.0
580,-6.474648647507823,12,13,0.0
581,17.688552213020344,15,10,0.0
582,-6.094430524748782,12,13,0.0
583,84.47584004393096,21,4,0.0
584,43.850327117111746,17,8,0.0
585,41.20072891344771,17,8,0.0
586,51.50497746001349,18,7,0.0
587,-9.971618148491162,12,13,0.0
588,-1.333139276992724,13,12,0.0
589,40.671372369195055,17,8,0.0
590,9.775801743526204,14,11,0.0
591,-12.021025256044725,12,13,0.0
592,38.89447683957821,17,8,0.0
593,42.96988183840733,17,8,0.0
594,53.327920141908976,18,7,0.0
595,-29.741071100947593,10,15,0.0
596,-1.2236841689710811,13,12,0.0
597,-1.7609957627880544,13,12,0.0
598,1.0595264185214823,13,12,0.0
599,32.972239060667825,16,9,0.0
600,10.460966103902312,14,11,0.0
601,41.351283980949304,17,8,0.0
602,9.658456048377566,14,11,0.0
603,60.24500291621075,19,6,0.0
604,8.975489581671953,14,11,0.0
605,-12.714565575049296,12,13,0.0
606,1.4762026747974577,13,12,0.0
607,21.700598633678542,15,10,0.0
608,-1.0776226680533014,13,12,0.0
609,-21.56125012024585,11,14,0.0
610,18.236609790539163,15,10,0.0
611,40.53870133127857,17,8,0.0
612,33.70002774719498,16,9,0.0
613,43.359053282604336,17,8,0.0
614,40.18605752191847,17,8,0.0
615,11.402007044983717,14,11,0.0
616,93.38130034528791,22,3,0.0
617,2.8922554221860803,13,12,0.0
618,54.73784191834232,18,7,0.0
619,19.009478043562687,15,10,0.0
620,50.775475073569744,18,7,0.0
621,-0.7968176339560165,13,12,0.0
622,-2.260583824364396,13,12,0.0
623,34.74752078102266,16,9,0.0
624,24.103832632460758,15,10,0.0
625,-13.7032891950553,12,13,0.0
626,19.01319564574439,15,10,0.0
627,29.42065052807783,16,9,0.0
628,-29.479527766966775,10,15,0.0
629,-8.996034985004307,12,13,0.0
630,51.46159312583687,18,7,0.0
631,53.133982438945466,18,7,0.0
632,30.19037070625426,16,9,0.0
633,9.04936998806438,14,11,0.0
634,-11.179007003160773,12,13,0.0
635,30.418546126815144,16,9,0.0
636,82.43879819167657,21,4,0.0
637,21.972862002423405,15,10,0.0
638,18.713158303322757,15,10,0.0
639,-0.21752780515638648,13,12,0.0
640,91.69566701000792,22,3,0.0
641,95.69877500689275,22,3,0.0
642,26.313816759950388,16,9,0.0
643,8.645917781590878,14,11,0.0
644,72.4030682676334,20,5,0.0
645,18.92454849688566,15,10,0.0
646,38.83584342575195,17,8,0.0
647,37.23183880838505,17,8,0.0
648,19.40815554928304,15,10,0.0
649,8.588481545271964,14,11,0.0
650,20.341996732734838,15,10,0.0
651,29.464581257139493,16,9,0.0
652,42.54977858280775,17,8,0.0
653,27.58742897317352,15,9,0.0
654,58.28188144446615,19,6,0.0
655,12.30481167428275,14,11,0.0
656,29.306244797083647,16,9,0.0
657,22.61610882868651,15,10,0.0
658,8.581221487413568,14,11,0.0
659,71.94997847941772,20,5,0.0
660,42.66959997674408,17,8,0.0
661,61.829049974349246,19,6,0.0
662,41.20354145090961,17,8,0.0
663,21.16442358383335,15,10,0.0
664,11.444620021973185,14,11,0.0
665,61.07147540412844,19,6,0.0
666,20.07723836070312,15,10,0.0
667,52.04930287766149,18,7,0.0
668,-0.36002394483194067,13,12,0.0
669,32.69719952407803,16,9,0.0
670,31.051086307073334,16,9,0.0
671,7.012816541379504,14,11,0.0
672,-38.57005030220955,9,16,0.0
673,0.7729336068388069,13,12,0.0
674,-28.341223132276646,10,15,0.0
675,8.113747115152467,14,11,0.0
676,1.826425124257739,13,12,0.0
677,31.714938450081423,16,9,0.0
678,52.597364069409025,18,7,0.0
679,44.21611767027781,17,8,0.0
680,53.564778063348484,18,7,0.0
681,32.44198943369315,16,9,0.0
682,19.4704771592205,15,10,0.0
683,18.776444492851603,15,10,0.0
684,1.6408136607509238,13,12,0.0
685,59.30987389649627,19,6,0.0
686,19.376171592502672,15,10,0.0
687,13.356169622273026,14,11,0.0
688,33.34100655538155,16,9,0.0
689,61.80576334577678,19,6,0.0
690,-11.282094416151349,12,13,0.0
691,41.08657440539741,17,8,0.0
692,-1.3360263275262065,13,12,0.0
693,31.248853205241193,16,9,0.0
694,39.7111713276751,17,8,0.0
695,38.88026010421828,17,8,0.0
696,-20.98258221537206,11,14,0.0
697,42.806701738269794,17,8,0.0
698,42.39789548811385,17,8,0.0
699,74.0727953103685,20,5,0.0
700,2.1741496971183736,13,12,0.0
701,40.29388440947042,17,8,0.0
702,0.8331628936069081,13,12,0.0
703,12.750097823062116,14,11,0.0
704,-1.4064791831014416,13,12,0.0
705,1.8296150432168918,13,12,0.0
706,0.0631115173177248,13,12,0.0
707,31.0464533230802,16,9,0.0
708,40.86250528167143,17,8,0.0
709,22.26630003221032,15,10,0.0
710,42.1655736780167,17,8,0.0
711,-0.25776815261863234,13,12,0.0
712,-19.739212483640614,11,14,0.0
713,50.2861575107353,18,7,0.0
714,40.63559468408234,17,8,0.0
715,30.999835137226516,16,9,0.0
716,2.8180813860568934,13,12,0.0
717,60.70831779328827,19,6,0.0
718,10.446403452694163,14,11,0.0
719,-33.959910968489005,10,15,0.0
720,40.35646349526559,17,8,0.0
721,59.05014505451632,19,6,0.0
722,72.09747485889912,20,5,0.0
723,-3.563052114923728,13,12,0.0
724,33.01336401531246,16,9,0.0
725,43.52856505029244,17,8,0.0
726,30.510441255628994,16,9,0.0
727,0.05448177271860288,13,12,0.0
728,16.873382683107568,15,10,0.0
729,40.34986514168625,17,8,0.0
730,-11.82752051658617,12,13,0.0
731,42.748684547850054,17,8,0.0
732,19.35268135835115,15,10,0.0
733,61.95120275996689,19,6,0.0
734,42.22290928933674,17,8,0.0
735,42.43321462064386,17,8,0.0
736,1.3768738256020758,13,12,0.0
737,24.108961184149944,15,10,0.0
738,0.5645415133922809,13,12,0.0
739,39.73102639864764,17,8,0.0
740,9.823703536452118,14,11,0.0
741,43.11251886714281,17,8,0.0
742,51.70206727207394,18,7,0.0
743,21.621473447141263,15,10,0.0
744,-9.071215521299239,12,13,0.0
745,12.736279366272438,14,11,0.0
746,52.451448956303096,18,7,0.0
747,1.0342227896878153,13,12,0.0
748,-9.689160511335707,12,13,0.0
749,-48.30679712769801,8,17,0.0
750,28.882649127259526,16,9,0.0
751,41.48383965693796,17,8,0.0
752,23.351176737220584,15,10,0.0
753,54.89927870073499,18,7,0.0
754,-3.1113465119593835,13,12,0.0
755,22.03759023631244,15,10,0.0
756,-9.726274926288172,12,13,0.0
757,53.07664431982773,18,7,0.0
758,20.597663371223433,15,10,0.0
759,54.160895798615236,18,7,0.0
760,-41.37417658369183,9,16,0.0
761,28.321399503535737,16,9,0.0
762,5.651544468104732,14,11,0.0
763,74.72660563709346,20,5,0.0
764,-17.983992293014023,11,14,0.0
765,31.218911122886546,16,9,0.0
766,18.232056946671936,15,10,0.0
767,61.78912004156251,19,6,0.0
768,-2.933400014306325,13,12,0.0
769,20.853075473083152,15,10,0.0
770,72.45107888996105,20,5,0.0
771,19.75063327363803,15,10,0.0
772,28.92629791671356,16,9,0.0
773,63.5142195017242,19,6,0.0
774,-2.1211374262668024,13,12,0.0
775,9.862487600099076,14,11,0.0
776,-6.068991986856883,12,13,0.0
777,13.957630448897943,14,11,0.0
778,33.70833280999649,16,9,0.0
779,60.443975532407975,19,6,0.0
780,33.720836358791075,16,9,0.0
781,34.60554403165317,16,9,0.0
782,31.861844769330663,16,9,0.0
783,4.082059482744748,13,12,0.0
784,-18.31918543399079,11,14,0.0
785,60.72506852658683,19,6,0.0
786,33.00575182134674,16,9,0.0
787,65.35302793325947,19,6,0.0
788,52.041846999913645,18,7,0.0
789,50.13848851072183,18,7,0.0
790,19.12996141858404,15,10,0.0
791,-10.066025222995265,12,13,0.0
792,61.106739474526734,19,6,0.0
793,30.996987872057446,16,9,0.0
794,-9.5875463342797,12,13,0.0
795,70.70756222473446,20,5,0.0
796,21.27226336505684,15,10,0.0
797,8.791154796711696,14,11,0.0
798,20.168905163303588,15,10,0.0
799,11.344139582529266,14,11,0.0
800,43.39604927309786,17,8,0.0
801,20.42561402009085,15,10,0.0
802,10.506898722082877,14,11,0.0
803,-6.35981301178997,12,13,0.0
804,10.868145092116297,14,11,0.0
805,51.88566739992116,18,7,0.0
806,71.17009104507153,20,5,0.0
807,-12.207906985340061,12,13,0.0
808,50.70835580149734,18,7,0.0
809,62.434995574834666,19,6,0.0
810,32.936254599096195,16,9,0.0
811,-0.7041851551412011,13,12,0.0
812,41.70483184781002,17,8,0.0
813,30.465332675335294,16,9,0.0
814,20.981365146842766,15,10,0.0
815,41.66248815319204,17,8,0.0
816,48.62253408987597,18,7,0.0
817,47.76489777998407,18,7,0.0
818,-0.7133050601804429,13,12,0.0
819,61.77507596542905,19,6,0.0
820,-33.855519566083764,10,15,0.0
821,37.71668243291525,17,8,0.0
822,8.860814228668087,14,11,0.0
823,63.27964135465484,19,6,0.0
824,55.0150652193097,18,7,0.0
825,61.42882537588891,19,6,0.0
826,18.764456712083383,15,10,0.0
827,22.890388292920697,15,10,0.0
828,71.53003545890476,20,5,0.0
829,12.662575322534135,14,11,0.0
830,-0.05353405134167666,13,12,0.0
831,20.381234584504476,15,10,0.0
832,19.975619536403325,15,10,0.0
833,59.79306679668695,19,6,0.0
834,62.107953291286925,19,6,0.0
835,-8.607999033922276,12,13,0.0
836,-21.08808093784026,11,14,0.0
837,40.57283175649717,17,8,0.0
838,50.55959045295053,18,7,0.0
839,0.4489916557050453,13,12,0.0
840,24.019931985138182,15,10,0.0
841,11.403337381309388,14,11,0.0
842,71.66204576815542,20,5,0.0
843,-9.943507071654398,12,13,0.0
844,20.853006632178484,15,10,0.0
845,10.148535011942649,14,11,0.0
846,29.06156923133372,16,9,0.0
847,62.68003237073983,19,6,0.0
848,30.992455172265494,16,9,0.0
849,32.60819309529576,16,9,0.0
850,22.17133350188806,15,10,0.0
851,9.914729113803574,14,11,0.0
852,40.39116402386182,17,8,0.0
853,0.458426734199902,13,12,0.0
854,12.1050397956619,14,11,0.0
855,50.04453056443361,18,7,0.0
856,60.490064907079386,19,6,0.0
857,-2.443107891836962,13,12,0.0
858,-19.741230270633018,11,14,0.0
859,33.256380646761386,16,9,0.0
860,13.503591523545094,14,11,0.0
861,32.33981617739908,16,9,0.0
862,64.84893452261532,19,6,0.0
863,8.765711738904232,14,11,0.0
864,62.522703065917526,19,6,0.0
865,34.75994209061559,16,9,0.0
866,48.89044781498797,18,7,0.0
867,29.60059399110056,16,9,0.0
868,60.89664737588618,19,6,0.0
869,65.6927733113835,19,6,0.0
870,28.033240606586762,16,9,0.0
871,25.16191652450999,15,10,0.0
872,32.85757283820976,16,9,0.0
873,51.23809345383604,18,7,0.0
874,52.850947316964906,18,7,0.0
875,37.33594461346766,17,8,0.0
876,61.798773287848576,19,6,0.0
877,10.596302588064024,14,11,0.0
878,41.460460238793864,17,8,0.0
879,20.84006291432983,15,10,0.0
880,32.5592357776966,16,9,0.0
881,61.05807524431772,19,6,0.0
882,50.35044201448168,18,7,0.0
883,9.387550856942042,14,11,0.0
884,29.460676614076082,16,9,0.0
885,18.906082269480784,15,10,0.0
886,-1.5150868745622308,13,12,0.0
887,51.21473610999386,18,7,0.0
888,11.703474009091481,14,11,0.0
889,21.640755152393133,15,10,0.0
890,27.839678117557767,16,9,0.0
891,20.490497030986152,15,10,0.0
892,31.304591049227806,16,9,0.0
893,29.97696429907083,16,9,0.0
894,10.468833993516242,14,11,0.0
895,10.518265370637877,14,11,0.0
896,27.29277070237594,16,9,0.0
897,8.860133856127513,14,11,0.0
898,52.36266077323785,18,7,0.0
899,11.367876291748328,14,11,0.0
900,30.00325575997379,16,9,0.0
901,10.12359362752302,14,11,0.0
902,-33.014975515652104,10,15,0.0
903,26.423456306488287,16,9,0.0
904,50.68781338122386,18,7,0.0
905,42.68905700891663,17,8,0.0
906,20.392333499399435,15,10,0.0
907,12.916918389059074,14,11,0.0
908,-38.66894957580706,9,16,0.0
909,50.32864230399332,18,7,0.0
910,34.724097722181654,16,9,0.0
911,-19.549470376440297,11,14,0.0
912,19.038702315786914,15,10,0.0
913,29.724562626414393,16,9,0.0
914,1.0629964465391586,13,12,0.0
915,21.758695180348255,15,10,0.0
916,-19.12059571095568,11,14,0.0
917,2.879603457965499,13,12,0.0
918,74.1916700843017,20,5,0.0
919,-0.8360360505985671,13,12,0.0
920,23.284688026522552,15,10,0.0
921,70.16766414916214,20,5,0.0
922,11.797463493332245,14,11,0.0
923,12.919555512940342,14,11,0.0
924,33.5697461811077,16,9,0.0
925,-29.77114713616743,10,15,0.0
926,51.4524993369324,18,7,0.0
927,8.45058205271609,14,11,0.0
928,-5.242235954527234,13,12,0.0
929,-9.02682699643921,12,13,0.0
930,-0.4343057087369484,13,12,0.0
931,10.758170173772557,14,11,0.0
932,30.927636428029025,16,9,0.0
933,10.875693950092195,14,11,0.0
934,43.42158121184755,17,8,0.0
935,8.116064487260514,14,11,0.0
936,32.910362395800455,16,9,0.0
937,-31.39004310463248,10,15,0.0
938,30.095417086911258,16,9,0.0
939,53.40118082684653,18,7,0.0
940,-0.35627862508366626,13,12,0.0
941,62.090158029203245,19,6,0.0
942,0.27817754980448495,13,12,0.0
943,31.72680131523235,16,9,0.0
944,-17.239124511738897,11,14,0.0
945,12.711439471770507,14,11,0.0
946,9.593574453525559,14,11,0.0
947,68.86376957124514,20,5,0.0
948,-13.200421139185776,12,13,0.0
949,0.09764845233521524,13,12,0.0
950,-29.48446549032122,10,15,0.0
951,34.18677874035076,16,8,0.0
952,39.8167131847197,17,8,0.0
953,51.900215008473204,18,7,0.0
954,19.735405927688372,15,10,0.0
955,-17.65331841813923,11,14,0.0
956,-9.229617692993392,12,13,0.0
957,41.72578670539349,17,8,0.0
958,-10.441687839418488,12,13,0.0
959,53.25626366590393,18,7,0.0
960,-21.9679289576263,11,14,0.0
961,49.64525805084121,18,7,0.0
962,10.667440292354666,14,11,0.0
963,33.35054791763723,16,9,0.0
964,-7.88681496850385,12,13,0.0
965,28.724876578179792,16,9,0.0
966,0.1854115313060598,13,12,0.0
967,51.74923210447824,18,7,0.0
968,20.83806369140509,15,10,0.0
969,31.048590578563786,16,9,0.0
970,59.76411306927264,19,6,0.0
971,-4.794530385399817,13,12,0.0
972,-10.504083077436768,12,13,0.0
973,43.89567570717681,17,8,0.0
974,33.210864750191455,16,9,0.0
975,21.492524059406584,15,10,0.0
976,31.898054877863768,16,9,0.0
977,20.310974977340084,15,10,0.0
978,-2.788544036218192,13,12,0.0
979,62.72813537295984,19,6,0.0
980,39.62002775926497,17,8,0.0
981,-21.275265814263143,11,14,0.0
982,12.587853059404438,14,11,0.0
983,41.86411131435182,17,8,0.0
984,10.8630175229119,14,11,0.0
985,20.44032337470788,15,10,0.0
986,27.293845162193517,16,9,0.0
987,41.499604558183115,17,8,0.0
988,1.2918877961142385,13,12,0.0
989,41.18090070380471,17,8,0.0
990,70.01629236131957,20,5,0.0
991,19.77777246826937,15,10,0.0
992,38.999884795466095,17,8,0.0
993,10.683225178989137,14,11,0.0
994,23.87768836748692,15,10,0.0
995,10.29679935347032,14,11,0.0
996,-1.3376601319999892,13,12,0.0
997,50.150345261433145,18,7,0.0
998,52.749816285710615,18,7,0.0
999,22.15871995921473,15,10,0.0
1000,-9.980397044181485,12,13,0.0
1001,8.811384728582777,14,11,0.0
1002,1.6484564152936256,13,12,0.0
1003,-18.568744554447953,11,14,0.0
1004,26.89136064876784,16,9,0.0
1005,0.9361403992941391,13,12,0.0
1006,-12.227810620155154,12,13,0.0
1007,10.040834047283482,14,11,0.0
1008,20.84399799471037,15,10,0.0
1009,31.672091568055713,16,9,0.0
1010,10.425894228126115,14,11,0.0
1011,1.1696955384895134,13,12,0.0
1012,29.98000585382485,16,9,0.0
1013,10.527426670365417,14,11,0.0
1014,59.929580153667644,19,6,0.0
1015,41.26522114562594,17,8,0.0
1016,21.087468244236156,15,10,0.0
1017,0.14874409993676174,13,12,0.0
1018,19.29852243574299,15,10,0.0
1019,61.983430124582064,19,6,0.0
1020,49.72946918259917,18,7,0.0
1021,50.4415017404254,18,7,0.0
1022,32.21444553208306,16,9,0.0
1023,-0.4877055632128702,13,12,0.0
1024,51.52101128948521,18,7,0.0
1025,9.004383749807602,14,11,0.0
1026,30.39107572425054,16,9,0.0
1027,30.763981172869787,16,9,0.0
1028,19.081211252895507,15,10,0.0
1029,30.12932401718382,16,9,0.0
1030,-30.434286809552614,10,15,0.0
1031,52.78197759416147,18,7,0.0
1032,42.56839044125275,17,8,0.0
1033,-10.613558182810433,12,13,0.0
1034,61.484652898092605,19,6,0.0
1035,7.979928209248487,14,11,0.0
1036,58.67190013875138,19,6,0.0
1037,-7.356405664810388,12,13,0.0
1038,49.69082255448918,18,7,0.0
1039,39.21237819822996,17,8,0.0
1040,19.731522809164392,15,10,0.0
1041,31.4029357964998,16,9,0.0
1042,-9.201478333483838,12,13,0.0
1043,20.59519722248845,15,10,0.0
1044,54.91889158928256,18,7,0.0
1045,40.04762809021943,17,8,0.0
1046,52.36652645116503,18,7,0.0
1047,1.087599517220312,13,12,0.0
1048,10.024407698153416,14,11,0.0
1049,30.71743156492213,16,9,0.0
1050,24.119747570259403,15,10,0.0
1051,32.344310534942906,16,9,0.0
1052,14.025262645417497,14,11,0.0
1053,47.83238282398611,18,7,0.0
1054,19.76540895782443,15,10,0.0
1055,52.9048184896989,18,7,0.0
1056,72.47659877903949,20,5,0.0
1057,33.26511015033319,16,9,0.0
1058,54.49110517449244,18,7,0.0
1059,51.63296774521543,18,7,0.0
1060,22.557289745914865,15,10,0.0
1061,53.56150033064162,18,7,0.0
1062,21.053903239252037,15,10,0.0
1063,9.948405653728212,14,11,0.0
1064,41.02416844732905,17,8,0.0
1065,63.069859912573804,19,6,0.0
1066,45.793106226186666,17,8,0.0
1067,1.9834382293484243,13,12,0.0
1068,54.48600066527472,18,7,0.0
1069,61.96358377043838,19,6,0.0
1070,32.720031385019084,16,9,0.0
1071,71.75623342838294,20,5,0.0
1072,1.2897497079920415,13,12,0.0
1073,50.63686641164616,18,7,0.0
1074,21.52758631004575,15,10,0.0
1075,43.63297865781447,17,8,0.0
1076,71.14392301251293,20,5,0.0
1077,53.579533418558185,18,7,0.0
1078,22.294538445792035,15,10,0.0
1079,42.23017234518544,17,8,0.0
1080,40.30617344429148,17,8,0.0
1081,2.544374382302607,13,12,0.0
1082,21.71832627837611,15,10,0.0
1083,32.28627601665901,16,9,0.0
1084,-0.2726141794255543,13,12,0.0
1085,20.885321925237626,15,10,0.0
1086,73.70167470118774,20,5,0.0
1087,1.2118641200246612,13,12,0.0
1088,-1.4361061350071482,13,12,0.0
1089,51.933098325594635,18,7,0.0
1090,-29.874000144731642,10,15,0.0
1091,30.85014723410881,16,9,0.0
1092,0.585457198976771,13,12,0.0
1093,44.4208016697835,17,8,0.0
1094,33.0588476596326,16,9,0.0
1095,43.154663773152535,17,8,0.0
1096,40.80035882099521,17,8,0.0
1097,56.5421595393953,19,6,0.0
1098,10.076660500286302,14,11,0.0
1099,13.41384748410551,14,11,0.0
1100,0.31036791933700847,13,12,0.0
1101,39.887466226405756,17,8,0.0
1102,42.60307050473728,17,8,0.0
1103,41.48546383728048,17,8,0.0
1104,44.60325538153292,17,8,0.0
1105,44.57082786512909,17,8,0.0
1106,33.11019656579883,16,9,0.0
1107,60.856375124114905,19,6,0.0
1108,22.13872270290636,15,10,0.0
1109,23.349203756708757,15,10,0.0
1110,14.353618991895658,14,11,0.0
1111,11.349938161717713,14,11,0.0
1112,40.04000093180848,17,8,0.0
1113,60.30238567993937,19,6,0.0
1114,53.324091978552865,18,7,0.0
1115,31.548433228841777,16,9,0.0
1116,30.487633005355853,16,9,0.0
1117,21.724208505473964,15,10,0.0
1118,42.19787884739876,17,8,0.0
1119,50.88063484400928,18,7,0.0
1120,-10.384248385635289,12,13,0.0
1121,13.272896482400348,14,11,0.0
1122,-5.448152895882656,12,13,0.0
1123,11.901572757339935,14,11,0.0
1124,40.515428777050296,17,8,0.0
1125,-8.159329239620305,12,13,0.0
1126,42.25369157201747,17,8,0.0
1127,44.61615963792825,17,8,0.0
1128,22.085657356313032,15,10,0.0
1129,2.2908348196467925,13,12,0.0
1130,11.816935149702768,14,11,0.0
1131,-25.53498230827883,10,15,0.0
1132,1.4181942559824272,13,12,0.0
1133,22.677758272292934,15,10,0.0
1134,43.82241412096261,17,8,0.0
1135,0.9252606405642503,13,12,0.0
1136,39.009679852271184,17,8,0.0
1137,12.751714240032172,14,11,0.0
1138,2.709037337214646,13,12,0.0
1139,13.356975594028299,14,11,0.0
1140,33.15567267793051,16,9,0.0
1141,46.63247946692801,17,8,0.0
1142,-9.497220732211886,12,13,0.0
1143,12.06211940816819,14,11,0.0
1144,31.94006051537905,16,9,0.0
1145,21.905578290822756,15,10,0.0
1146,54.33399925362285,18,7,0.0
1147,3.064410990342648,13,12,0.0
1148,-8.196303965735872,12,13,0.0
1149,3.191077152222506,13,12,0.0
1150,9.727415956162691,14,11,0.0
1151,33.44778349305561,16,9,0.0
1152,-29.027242700328223,10,15,0.0
1153,-6.472449449500827,12,13,0.0
1154,21.34123983120021,15,10,0.0
1155,-18.68318454970706,11,14,0.0
1156,-18.210840758288192,11,14,0.0
1157,-8.931797242361078,12,13,0.0
1158,0.6873051777614445,13,12,0.0
1159,9.808959888192199,14,11,0.0
1160,60.859030801485886,19,6,0.0
1161,-20.80125757947897,11,14,0.0
1162,23.73567080313359,15,10,0.0
1163,-20.240564477471853,11,14,0.0
1164,11.145284091365957,14,11,0.0
1165,20.814046188874325,15,10,0.0
1166,1.3617075956050817,13,12,0.0
1167,52.288099973649395,18,7,0.0
1168,-6.892164640047396,12,13,0.0
1169,30.860491835343048,16,9,0.0
1170,34.37444303441486,16,9,0.0
1171,-4.700037858981554,12,13,0.0
1172,33.61051876223241,16,9,0.0
1173,11.989312991222173,14,11,0.0
1174,14.965122093599613,14,11,0.0
1175,23.35503496607373,15,10,0.0
1176,52.09583521683025,18,7,0.0
1177,-27.584021707256262,10,15,0.0
1178,-6.18175563417976,12,13,0.0
1179,-0.14508441716841392,13,12,0.0
1180,24.401618907992418,15,10,0.0
1181,42.688484852908566,17,8,0.0
1182,23.18342139014024,15,10,0.0
1183,22.16393200546395,15,10,0.0
1184,0.9372488348615721,13,12,0.0
1185,35.31467545491438,16,9,0.0
1186,-5.592027854427756,12,13,0.0
1187,34.49695457572374,16,9,0.0
1188,13.383858100431132,14,11,0.0
1189,11.335865436381656,14,11,0.0
1190,32.24032964563189,16,9,0.0
1191,11.780513096006135,14,11,0.0
1192,20.909626664158715,15,10,0.0
1193,21.001444069726638,15,10,0.0
1194,61.23323121729277,19,6,0.0
1195,46.46970354616606,17,8,0.0
1196,-19.63328812773633,11,14,0.0
1197,52.1412165211059,18,7,0.0
1198,-29.462080484052745,10,15,0.0
1199,43.46307310886513,17,8,0.0
1200,10.6119891311389,14,11,0.0
1201,12.80113707384587,14,11,0.0
1202,11.688400841137536,14,11,0.0
1203,0.70337115866643,13,12,0.0
1204,9.708717170288873,14,11,0.0
1205,-27.5838052026897,10,15,0.0
1206,23.180180073154304,15,10,0.0
1207,44.48170171580318,17,8,0.0
1208,10.311473484467193,14,11,0.0
1209,43.8183407735662,17,8,0.0
1210,-15.657014030360248,11,14,0.0
1211,33.988426415472624,16,9,0.0
1212,42.82885993117056,17,8,0.0
1213,1.53507322809928,13,12,0.0
1214,-17.963115514900224,11,14,0.0
1215,25.873600932085253,15,10,0.0
1216,16.434431618482716,14,11,0.0
1217,-7.944162395127347,12,13,0.0
1218,32.980156564016156,16,9,0.0
1219,64.13586458971663,19,6,0.0
1220,41.93614926342612,17,8,0.0
1221,-6.057798021295753,12,13,0.0
1222,25.138289380478675,15,10,0.0
1223,13.249982152661634,14,11,0.0
1224,20.713708878287623,15,10,0.0
1225,31.179529870126064,16,9,0.0
1226,-17.907995535070928,11,14,0.0
1227,-17.02569872913144,11,14,0.0
1228,54.63358071661039,18,7,0.0
1229,32.643740454600646,16,9,0.0
1230,24.404865295637517,15,10,0.0
1231,34.64508456922055,16,9,0.0
1232,23.05274207846527,15,10,0.0
1233,21.289989694119658,15,10,0.0
1234,43.17098204198011,17,8,0.0
1235,-19.893719100505454,11,14,0.0
1236,25.36667665229396,15,10,0.0
1237,45.666033581623864,17,8,0.0
1238,32.38900749698074,16,9,0.0
1239,12.400699264599679,14,11,0.0
1240,44.33383680356431,17,8,0.0
1241,21.140039657745273,15,10,0.0
1242,-16.760678034065172,11,14,0.0
1243,14.594036660076004,14,11,0.0
1244,21.443166261390502,15,10,0.0
1245,32.136018656223015,16,9,0.0
1246,44.52381782734462,17,8,0.0
1247,21.512631658248125,15,10,0.0
1248,3.6147608865778205,13,12,0.0
1249,22.476430871839682,15,10,0.0
1250,-19.219017951053353,11,14,0.0
1251,4.926023295239655,13,12,0.0
1252,13.251711859865027,14,11,0.0
1253,-17.441571551718468,11,14,0.0
1254,63.52536828875283,19,6,0.0
1255,23.530105171713817,15,10,0.0
1256,55.395569028874135,18,7,0.0
1257,11.452162854610012,14,11,0.0
1258,10.978279105657933,14,11,0.0
1259,12.704892836707836,14,11,0.0
1260,-6.430593293257638,12,13,0.0
1261,53.45862707613856,18,7,0.0
1262,43.36364778492538,17,8,0.0
1263,33.51453246713859,16,9,0.0
1264,70.54416125010425,20,5,0.0
1265,2.5893125153150436,13,12,0.0
1266,-27.511967719315386,10,15,0.0
1267,3.0178593041052437,13,12,0.0
1268,31.806406506796066,16,9,0.0
1269,42.1248978216846,17,8,0.0
1270,-20.261241502472316,11,14,0.0
1271,42.772240351229975,17,8,0.0
1272,4.393114171798393,13,12,0.0
1273,3.7284739049309463,13,12,0.0
1274,54.856599964892276,18,7,0.0
1275,12.622771940940115,14,11,0.0
1276,13.148635207501435,14,11,0.0
1277,-8.06832586778415,12,13,0.0
1278,-7.863685581352441,12,13,0.0
1279,53.404467025740374,18,7,0.0
1280,21.999761985054782,15,10,0.0
1281,44.29471000111359,17,8,0.0
1282,-7.2690052246214085,12,13,0.0
1283,43.10589202572898,17,8,0.0
1284,24.51372663379837,15,10,0.0
1285,12.96433076456278,14,11,0.0
1286,33.77033708410375,16,9,0.0
1287,3.5885515056490136,13,12,0.0
1288,64.30977946866658,19,6,0.0
1289,-10.51756407824864,12,13,0.0
1290,44.45805608435913,17,8,0.0
1291,13.924001003733155,14,11,0.0
1292,-18.247863153002733,11,14,0.0
1293,-19.30936733842958,11,14,0.0
1294,2.2964426135998552,13,12,0.0
1295,21.923164778669236,15,10,0.0
1296,-7.633881483743333,12,13,0.0
1297,-29.309563390557372,10,15,0.0
1298,-17.850891125525145,11,14,0.0
1299,-12.10295932854568,12,13,0.0
1300,32.336535499141775,16,9,0.0
1301,34.547983146476575,16,9,0.0
1302,-18.51068806117663,11,14,0.0
1303,11.406731300949815,14,11,0.0
1304,12.902999402847952,14,11,0.0
1305,12.666055844241594,14,11,0.0
1306,22.786471289875447,15,10,0.0
1307,52.50702130105851,18,7,0.0
1308,2.5438594373015486,13,12,0.0
1309,64.20428411062254,19,6,0.0
1310,43.894666354374706,17,8,0.0
1311,23.73140902022125,15,10,0.0
1312,12.872115454974695,14,11,0.0
1313,53.12624346518271,18,7,0.0
1314,13.513501348851726,14,11,0.0
1315,2.581312711434517,13,12,0.0
1316,23.440667875692572,15,10,0.0
1317,53.23892547879253,18,7,0.0
1318,53.27421216751802,18,7,0.0
1319,-6.150752934756086,12,13,0.0
1320,3.328106397115712,13,12,0.0
1321,-9.549529641155875,12,13,0.0
1322,23.85237912092327,15,10,0.0
1323,2.328680349275915,13,12,0.0
1324,23.13330310244589,15,10,0.0
1325,23.585340290821463,15,10,0.0
1326,23.443268509769887,15,10,0.0
1327,71.87123860771128,20,5,0.0
1328,63.85373303856992,19,6,0.0
1329,11.488269119199973,14,11,0.0
1330,24.85702407052669,15,10,0.0
1331,53.74523075474231,18,7,0.0
1332,33.601068031723266,16,9,0.0
1333,1.9655594884028629,13,12,0.0
1334,52.69452885778851,18,7,0.0
1335,-4.411664027609753,12,13,0.0
1336,2.2478326823245993,13,12,0.0
1337,22.17322811614968,15,10,0.0
1338,49.83735420891067,18,7,0.0
1339,-41.1670380798889,9,16,0.0
1340,51.94849975997997,18,7,0.0
1341,-30.650283318480817,10,15,0.0
1342,11.492412881346834,14,11,0.0
1343,-7.348045477096371,12,13,0.0
1344,33.81576317131599,16,9,0.0
1345,1.4352446088749762,13,12,0.0
1346,20.88309261810871,15,10,0.0
1347,12.450262358970287,14,11,0.0
1348,2.4953314407086564,13,12,0.0
1349,-12.415871182074527,12,13,0.0
1350,33.624117487896676,16,9,0.0
1351,11.708702359848363,14,11,0.0
1352,21.696515110103014,15,10,0.0
1353,52.1111101281501,18,7,0.0
1354,15.73178160577814,14,11,0.0
1355,44.28317912843393,17,8,0.0
1356,33.050708710519174,16,9,0.0
1357,-1.3553632261090662,13,12,0.0
1358,52.42227730346777,18,7,0.0
1359,51.86467260153855,18,7,0.0
1360,40.459163049748234,17,8,0.0
1361,-19.494329798550012,11,14,0.0
1362,-7.564101297413403,12,13,0.0
1363,54.42893268022618,18,7,0.0
1364,21.78171566618395,15,10,0.0
1365,1.5301618489245477,13,12,0.0
1366,11.448078913215323,14,11,0.0
1367,11.58955258201152,14,11,0.0
1368,-1.3779554819240092,13,12,0.0
1369,20.0194700688276,15,10,0.0
1370,29.10353322334074,16,9,0.0
1371,4.2532077471876715,13,12,0.0
1372,11.754281226056378,14,11,0.0
1373,-19.26919438844679,11,14,0.0
1374,41.44662750261481,17,8,0.0
1375,-9.334343793302976,12,13,0.0
1376,29.44018036436878,16,9,0.0
1377,-0.6820921092752243,13,12,0.0
1378,22.136996608500954,15,10,0.0
1379,2.5522005004200743,13,12,0.0
1380,-11.162746694077239,12,13,0.0
1381,20.56621769828182,15,10,0.0
1382,10.450198100715905,14,11,0.0
1383,64.88726354427516,19,6,0.0
1384,-8.799259293629252,12,13,0.0
1385,53.556154965021115,18,7,0.0
1386,32.49199504583361,16,9,0.0
1387,32.26262420323825,16,9,0.0
1388,40.57481567617095,17,8,0.0
1389,-8.479403707528846,12,13,0.0
1390,12.301639571843406,14,11,0.0
1391,51.737938059609235,18,7,0.0
1392,32.615144204437975,16,9,0.0
1393,-52.82686690793402,8,17,0.0
1394,13.81827874598461,14,11,0.0
1395,44.109711472075006,17,8,0.0
1396,3.3591288911611006,13,12,0.0
1397,52.166208932410655,18,7,0.0
1398,23.486865357457507,15,10,0.0
1399,18.581371186373758,15,10,0.0
1400,11.925576391474404,14,11,0.0
1401,-18.256884163567356,11,14,0.0
1402,42.13820254842433,17,8,0.0
1403,30.375622582836307,16,9,0.0
1404,-8.647528334968458,12,13,0.0
1405,-8.704173431192403,12,13,0.0
1406,-20.208530586264047,11,14,0.0
1407,22.433001003461463,15,10,0.0
1408,10.425039335140749,14,11,0.0
1409,3.3714506436671403,13,12,0.0
1410,22.384752875392827,15,10,0.0
1411,22.96269450994358,15,10,0.0
1412,20.91587753173334,15,10,0.0
1413,20.563030278670034,15,10,0.0
1414,-29.39418365522367,10,15,0.0
1415,13.160291080351712,14,11,0.0
1416,31.576146760740606,16,9,0.0
1417,33.31930141958203,16,9,0.0
1418,11.631939769575899,14,11,0.0
1419,29.601676697332636,16,9,0.0
1420,-49.964546008622406,8,17,0.0
1421,42.921650305863,17,8,0.0
1422,41.83929615880212,17,8,0.0
1423,30.002304838850385,16,9,0.0
1424,20.41062454450458,15,10,0.0
1425,0.9259206731742458,13,12,0.0
1426,53.57360502341125,18,7,0.0
1427,21.786581592676846,15,10,0.0
1428,22.746812794533724,15,10,0.0
1429,22.980802004846396,15,10,0.0
1430,62.105289920554384,19,6,0.0
1431,60.70338023346963,19,6,0.0
1432,9.549758119356468,14,11,0.0
1433,52.25524374707684,18,7,0.0
1434,44.41377723263116,17,8,0.0
1435,20.67498161338425,15,10,0.0
1436,0.3736893504907053,13,12,0.0
1437,-0.6872033625137384,13,12,0.0
1438,20.009600235899896,15,10,0.0
1439,0.8780566962790255,13,12,0.0
1440,-1.701707763547427,13,12,0.0
1441,42.483459357052496,17,8,0.0
1442,13.398014652722585,14,11,0.0
1443,-6.9561195942700085,12,13,0.0
1444,11.564213712344653,14,11,0.0
1445,11.598189631451385,14,11,0.0
1446,-31.805860679014174,10,15,0.0
1447,21.04350662170324,15,10,0.0
1448,41.06640206752611,17,8,0.0
1449,11.99442920627016,14,11,0.0
1450,28.878612102570997,16,9,0.0
1451,62.238971322996235,19,6,0.0
1452,29.746344143092706,16,9,0.0
1453,14.19930302355969,14,11,0.0
1454,-33.26098499495033,10,15,0.0
1455,-20.2499339492175,11,14,0.0
1456,31.348461520550888,16,9,0.0
1457,31.29414351997711,16,9,0.0
1458,32.1883764344291,16,9,0.0
1459,54.82481878801253,18,7,0.0
1460,41.90613284328955,17,8,0.0
1461,43.982198530422664,17,8,0.0
1462,3.9628732413279524,13,12,0.0
1463,-7.464291214551345,12,13,0.0
1464,52.615779626509266,18,7,0.0
1465,29.800543072587434,16,9,0.0
1466,81.62616217025518,21,4,0.0
1467,-0.3771673043913051,13,12,0.0
1468,-1.1861240386509744,13,12,0.0
1469,30.924034528487823,16,9,0.0
1470,20.901540832699393,15,10,0.0
1471,21.447607647746892,15,10,0.0
1472,40.5054084394092,17,8,0.0
1473,32.276468760135806,16,9,0.0
1474,31.137407670230697,16,9,0.0
1475,14.068667548771423,14,11,0.0
1476,20.97236135806133,15,10,0.0
1477,30.49407132965866,16,9,0.0
1478,9.499167725116418,14,11,0.0
1479,29.30070247918547,16,9,0.0
1480,41.17772004836882,17,8,0.0
1481,20.887535020134443,15,10,0.0
1482,20.22976454172028,15,10,0.0
1483,-31.233140384185173,10,15,0.0
1484,1.361275931357028,13,12,0.0
1485,30.54304487492499,16,9,0.0
1486,69.55865260440615,20,5,0.0
1487,62.31936961386125,19,6,0.0
1488,32.305604535231275,16,9,0.0
1489,-32.08141180422217,10,15,0.0
1490,84.55738565879943,21,4,0.0
1491,52.25101263148675,18,7,0.0
1492,-41.93827816369969,9,16,0.0
1493,21.029825690629675,15,10,0.0
1494,10.648832212443526,14,11,0.0
1495,33.908077763188885,16,9,0.0
1496,31.182913766956524,16,9,0.0
1497,-15.517055351781046,11,14,0.0
1498,9.272606566424544,14,11,0.0
1499,-20.530144255483172,11,14,0.0
1500,52.312265074494945,18,7,0.0
1501,42.05668705169419,17,8,0.0
1502,30.832255330052913,16,9,0.0
1503,52.32110231807749,18,7,0.0
1504,21.56732616041267,15,10,0.0
1505,71.0194028936689,20,5,0.0
1506,32.84190428446938,16,9,0.0
1507,1.5589616677691385,13,12,0.0
1508,51.76229395270283,18,7,0.0
1509,62.09275026018148,19,6,0.0
1510,-18.875234239491824,11,14,0.0
1511,33.52370022881309,16,9,0.0
1512,-7.534896742918225,12,13,0.0
1513,18.088501998019755,15,10,0.0
1514,2.205473553455805,13,12,0.0
1515,20.017460672354105,15,10,0.0
1516,37.8793166836783,17,8,0.0
1517,10.06369500901058,14,11,0.0
1518,12.935368582582438,14,11,0.0
1519,52.82163198512234,18,7,0.0
1520,62.07935218112769,19,6,0.0
1521,23.116620425519635,15,10,0.0
1522,12.060364006915972,14,11,0.0
1523,38.50494659632002,17,8,0.0
1524,1.857563807156703,13,12,0.0
1525,-0.9043108801084259,13,12,0.0
1526,21.140928601372497,15,10,0.0
1527,12.635162007695337,14,11,0.0
1528,21.746775803436673,15,10,0.0
1529,61.47731979379162,19,6,0.0
1530,20.39568914180819,15,10,0.0
1531,62.89979405889794,19,6,0.0
1532,41.038785717175664,17,8,0.0
1533,-40.675253771667855,9,16,0.0
1534,20.751241560525855,15,10,0.0
1535,19.8017442574355,15,10,0.0
1536,41.24542706313991,17,8,0.0
1537,-12.3369507349559,12,13,0.0
1538,11.53598027498512,14,11,0.0
1539,43.14991131321486,17,8,0.0
1540,1.5376884603585719,13,12,0.0
1541,7.898363837589958,14,11,0.0
1542,21.26285511107659,15,10,0.0
1543,40.274501632044206,17,8,0.0
1544,14.413302441043587,14,11,0.0
1545,70.37204166773535,20,5,0.0
1546,32.17640182954636,16,9,0.0
1547,42.731635186368486,17,8,0.0
1548,60.27018019538667,19,6,0.0
1549,12.080595934227517,14,11,0.0
1550,20.26704355642431,15,10,0.0
1551,-27.7553350472578,10,15,0.0
1552,20.62491917155033,15,10,0.0
1553,31.20885376752517,16,9,0.0
1554,53.387982525825585,18,7,0.0
1555,10.216027130538183,14,11,0.0
1556,11.773033107554113,14,11,0.0
1557,31.46932274289325,16,9,0.0
1558,0.5395662008317803,13,12,0.0
1559,31.64179795917866,16,9,0.0
1560,51.467822078138596,18,7,0.0
1561,31.215730987216464,16,9,0.0
1562,42.39212067073776,17,8,0.0
1563,42.231824180772364,17,8,0.0
1564,31.21064990683767,16,9,0.0
1565,40.35931576547227,17,8,0.0
1566,2.523318101220469,13,12,0.0
1567,53.20407919943265,18,7,0.0
1568,22.919546374851148,15,10,0.0
1569,31.568097595617072,16,9,0.0
1570,-51.961166264274325,8,17,0.0
1571,44.7521162617981,17,8,0.0
1572,-28.533273987960307,10,15,0.0
1573,40.58697407547492,17,8,0.0
1574,24.24420528116527,15,10,0.0
1575,21.348188374388627,15,10,0.0
1576,-17.05752124293963,11,14,0.0
1577,53.089255430657325,18,7,0.0
1578,-6.930279763913053,12,13,0.0
1579,-32.416021624494256,10,15,0.0
1580,2.5700481726292805,13,12,0.0
1581,31.676338735675653,16,9,0.0
1582,-16.421263689196948,11,14,0.0
1583,31.093806924520372,16,9,0.0
1584,31.851175699296,16,9,0.0
1585,13.691139434056138,14,11,0.0
1586,22.996704648734465,15,10,0.0
1587,40.34608822427932,17,8,0.0
1588,-9.370838918179583,12,13,0.0
1589,39.69641212901254,17,8,0.0
1590,12.073357267776702,14,11,0.0
1591,-19.994064573988965,11,14,0.0
1592,1.6514874274694034,13,12,0.0
1593,-11.111145714651355,12,13,0.0
1594,41.295646931468156,17,8,0.0
1595,-19.97637336211742,11,14,0.0
1596,34.60584952501438,16,9,0.0
1597,44.40173173975399,17,8,0.0
1598,19.403079852874626,15,10,0.0
1599,1.139816941093649,13,12,0.0
1600,-0.8616725435275479,13,12,0.0
1601,43.200383935327906,17,8,0.0
1602,-31.315215780968245,10,15,0.0
1603,1.551350174722999,13,12,0.0
1604,73.56569421721507,20,5,0.0
1605,40.50867050989475,17,8,0.0
1606,30.275279890007575,16,9,0.0
1607,31.53691471000471,16,9,0.0
1608,33.64998154018075,16,9,0.0
1609,62.16686699949142,19,6,0.0
1610,37.631160320494025,16,8,0.0
1611,22.739665296293232,15,10,0.0
1612,61.61307925923859,19,6,0.0
1613,40.58904019447394,17,8,0.0
1614,48.81847288093033,18,7,0.0
1615,28.746944616044427,16,9,0.0
1616,43.182072078177825,17,8,0.0
1617,18.834606627806107,15,10,0.0
1618,31.931230512418498,16,9,0.0
1619,51.87324582921549,18,7,0.0
1620,20.43352863290238,15,10,0.0
1621,9.818647468779421,14,11,0.0
1622,1.586048091233132,13,12,0.0
1623,9.146560559417868,14,11,0.0
1624,-10.075450923621458,12,13,0.0
1625,20.91724152235173,15,10,0.0
1626,41.64768238517787,17,8,0.0
1627,22.39592887270233,15,10,0.0
1628,-21.405728597456804,11,14,0.0
1629,1.6991615513102483,13,12,0.0
1630,17.706043695258355,15,10,0.0
1631,40.21631734830029,17,8,0.0
1632,0.4966217248305087,13,12,0.0
1633,-0.4985408311930559,13,12,0.0
1634,32.01936025827776,16,9,0.0
1635,-16.546371540731442,11,14,0.0
1636,24.12286628017158,15,10,0.0
1637,30.141761786822833,16,9,0.0
1638,21.467312279977204,15,10,0.0
1639,31.263142528589256,16,9,0.0
1640,19.87971213208956,15,10,0.0
1641,32.48706309820491,16,9,0.0
1642,10.206942775100886,14,11,0.0
1643,0.9902950404766457,13,12,0.0
1644,31.36488517918895,16,9,0.0
1645,24.197394018780123,15,10,0.0
1646,20.439103031654874,15,10,0.0
1647,34.518277809143974,16,9,0.0
1648,32.75983220551698,16,9,0.0
1649,-22.68303198029352,11,14,0.0
1650,29.17080509979445,16,9,0.0
1651,12.250303775745003,14,11,0.0
1652,-0.2351446856782351,13,12,0.0
1653,22.538046910056583,15,10,0.0
1654,41.40116222978885,17,8,0.0
1655,41.2521110822854,17,8,0.0
1656,21.622924468082104,15,10,0.0
1657,18.84360255996541,15,10,0.0
1658,11.678912458939388,14,11,0.0
1659,34.01895426739105,16,9,0.0
1660,30.14074770336199,16,9,0.0
1661,-8.995843606085533,12,13,0.0
1662,-0.09926322604415372,13,12,0.0
1663,13.012090225084972,14,11,0.0
1664,14.029453966883327,14,11,0.0
1665,11.074137131230419,14,11,0.0
1666,1.6793648680605102,13,12,0.0
1667,20.57253220423845,15,10,0.0
1668,10.20122581605305,14,11,0.0
1669,-18.687728067164123,11,14,0.0
1670,44.69733536956704,17,8,0.0
1671,-28.793786989162715,10,15,0.0
1672,-0.2311618690220376,13,12,0.0
1673,2.3619919249780708,13,12,0.0
1674,30.67385182002148,16,9,0.0
1675,11.923250522325088,14,11,0.0
1676,-9.027705318068909,12,13,0.0
1677,3.078231541264543,13,12,0.0
1678,11.393480434921479,14,11,0.0
1679,-10.082365956779304,12,13,0.0
1680,-8.973648685865935,12,13,0.0
1681,24.484592510627674,15,10,0.0
1682,52.097276591389345,18,7,0.0
1683,52.05517661414254,18,7,0.0
1684,2.773536431453981,13,12,0.0
1685,-10.31995691211409,12,13,0.0
1686,43.33074428747932,17,8,0.0
1687,63.12907396718428,19,6,0.0
1688,-7.836062069261561,12,13,0.0
1689,0.14988665849704663,13,12,0.0
1690,53.87800812519652,18,7,0.0
1691,32.10576070516365,16,9,0.0
1692,23.893404641165148,15,10,0.0
1693,34.22518693293644,16,9,0.0
1694,12.476507327424118,14,11,0.0
1695,1.2277197988990736,13,12,0.0
1696,53.20953170670258,18,7,0.0
1697,-1.5443297668158944,13,12,0.0
1698,-10.602071784570136,12,13,0.0
1699,20.68805848367338,15,10,0.0
1700,12.409326235736255,14,11,0.0
1701,22.140939178137614,15,10,0.0
1702,34.46573842999864,16,9,0.0
1703,33.03381744179122,16,9,0.0
1704,31.327550916319893,16,9,0.0
1705,43.46528391262791,17,8,0.0
1706,21.494435749382426,15,10,0.0
1707,32.5728605616886,16,9,0.0
1708,11.829247132467652,14,11,0.0
1709,33.516702177006565,16,9,0.0
1710,24.70385376265384,15,10,0.0
1711,30.825640037083513,16,9,0.0
1712,51.44800065103533,18,7,0.0
1713,-8.535339981050962,12,13,0.0
1714,-29.828824011773214,10,15,0.0
1715,-20.214365701151067,11,14,0.0
1716,34.08287038372068,16,9,0.0
1717,12.159651530663474,14,11,0.0
1718,33.463740753921584,16,9,0.0
1719,32.12257448798411,16,9,0.0
1720,54.95352685039523,18,7,0.0
1721,9.516868696391155,14,11,0.0
1722,21.36699171748205,15,10,0.0
1723,42.634874171643744,17,8,0.0
1724,-20.24202925982307,11,14,0.0
1725,8.761574087127938,14,11,0.0
1726,40.65198342402665,17,8,0.0
1727,34.20238305886799,16,9,0.0
1728,-7.531067646256911,12,13,0.0
1729,11.013122640626383,14,11,0.0
1730,43.277096078756514,17,8,0.0
1731,35.52197835646243,16,9,0.0
1732,42.89447460215541,17,8,0.0
1733,22.29784041898025,15,10,0.0
1734,0.2974614129700779,13,12,0.0
1735,38.76895271415758,17,8,0.0
1736,10.00549369667106,14,11,0.0
1737,-8.261197550816895,12,13,0.0
1738,63.74641198519822,19,6,0.0
1739,10.856252580409674,14,11,0.0
1740,34.163743195469586,16,9,0.0
1741,-6.337318343366027,12,13,0.0
1742,22.479776717614666,15,10,0.0
1743,5.114809497585234,13,12,0.0
1744,5.8999358335216705,13,12,0.0
1745,41.28578815634948,17,8,0.0
1746,30.37157101703182,16,9,0.0
1747,63.26936670704928,19,6,0.0
1748,-18.661930260678194,11,14,0.0
1749,13.419992293471125,14,11,0.0
1750,2.0494282731612206,13,12,0.0
1751,3.417091005359027,13,12,0.0
1752,3.2664932406227987,13,12,0.0
1753,10.73039315827299,14,11,0.0
1754,9.687760618336934,14,11,0.0
1755,39.90132246540133,17,8,0.0
1756,32.36226482043468,16,9,0.0
1757,33.77509458371267,16,9,0.0
1758,-52.79000047834528,8,17,0.0
1759,22.956746429332416,15,10,0.0
1760,4.252561556765357,13,12,0.0
1761,-8.266219359512972,12,13,0.0
1762,1.1814078547380085,13,12,0.0
1763,34.329177930404626,16,9,0.0
1764,32.50967439775708,16,9,0.0
1765,-9.836868688845529,12,13,0.0
1766,10.907695791857046,14,11,0.0
1767,20.908346959012455,15,10,0.0
1768,12.238674168190357,14,11,0.0
1769,3.5610065940194797,13,12,0.0
1770,31.37894842657937,16,9,0.0
1771,-39.69894323329821,9,16,0.0
1772,53.85834100967306,18,7,0.0
1773,-41.75563521390286,9,16,0.0
1774,10.48298815917794,14,11,0.0
1775,31.039348525234537,16,9,0.0
1776,11.402081222135141,14,11,0.0
1777,11.95006978182225,14,11,0.0
1778,31.94474874298954,16,9,0.0
1779,32.30405564478454,16,9,0.0
1780,-8.373316801864666,12,13,0.0
1781,21.255282884903103,15,10,0.0
1782,-9.05424973234988,12,13,0.0
1783,36.43976589745417,16,9,0.0
1784,33.39845346354392,16,9,0.0
1785,22.69846736930959,15,10,0.0
1786,7.8687105503479025,14,11,0.0
1787,44.60100474393193,17,8,0.0
1788,23.057229192580095,15,10,0.0
1789,3.150727962396042,13,12,0.0
1790,11.209182860335595,14,11,0.0
1791,-17.671896766059177,11,14,0.0
1792,24.76501165325723,15,10,0.0
1793,21.510390231634272,15,10,0.0
1794,0.23006820319940852,13,12,0.0
1795,-9.507437845915474,12,13,0.0
1796,30.008074459307156,16,9,0.0
1797,41.39566583873446,17,8,0.0
1798,-5.486788821558102,12,13,0.0
1799,0.5556316305094509,13,12,0.0
1800,32.90931632630596,16,9,0.0
1801,12.896895553484946,14,11,0.0
1802,73.79602612254958,20,5,0.0
1803,20.697493482989664,15,10,0.0
1804,53.06158977737964,18,7,0.0
1805,9.297961610461675,14,11,0.0
1806,-7.699198242879335,12,13,0.0
1807,-10.436096909011516,12,13,0.0
1808,8.810836603810717,14,11,0.0
1809,23.64809546521039,15,10,0.0
1810,51.691417548079265,18,7,0.0
1811,9.983150067377146,14,11,0.0
1812,2.8750447382140223,13,12,0.0
1813,32.159410325929265,16,9,0.0
1814,72.79138704859163,20,5,0.0
1815,12.689264498140638,14,11,0.0
1816,0.8390776093616452,13,12,0.0
1817,-10.144585395822098,12,13,0.0
1818,40.60230867707573,17,8,0.0
1819,23.141051280392794,15,10,0.0
1820,21.753453668168323,15,10,0.0
1821,82.38997271754573,21,4,0.0
1822,1.9944398359187714,13,12,0.0
1823,51.79762137558041,18,7,0.0
1824,21.474453243564856,15,10,0.0
1825,34.10762500503832,16,9,0.0
1826,3.0595222310193826,13,12,0.0
1827,12.739120767165058,14,11,0.0
1828,22.245115980983858,15,10,0.0
1829,42.556514392388316,17,8,0.0
1830,-3.102738868108129,13,12,0.0
1831,52.02238217567481,18,7,0.0
1832,10.965368193290589,14,11,0.0
1833,20.7729357045639,15,10,0.0
1834,23.093507428991398,15,10,0.0
1835,43.735419099536514,17,8,0.0
1836,-11.242548109196186,12,13,0.0
1837,20.78136998901781,15,10,0.0
1838,12.428440798775462,14,11,0.0
1839,52.70241951598497,18,7,0.0
1840,-27.761694627484502,10,15,0.0
1841,40.75328757580539,17,8,0.0
1842,20.857590022473197,15,10,0.0
1843,-31.606345464514806,10,15,0.0
1844,21.58628106048792,15,10,0.0
1845,20.8858255241904,15,10,0.0
1846,7.697160336591825,14,11,0.0
1847,30.691813297336715,16,9,0.0
1848,1.3212323027285704,13,12,0.0
1849,33.360198692151286,16,9,0.0
1850,4.329985564204513,13,12,0.0
1851,-9.43745944197326,12,13,0.0
1852,43.73864560543306,17,8,0.0
1853,24.24250903161724,15,10,0.0
1854,21.0444155055539,15,10,0.0
1855,22.965627908705645,15,10,0.0
1856,20.686548452925187,15,10,0.0
1857,2.519163850881121,13,12,0.0
1858,-28.479558490439832,10,15,0.0
1859,52.87520302423344,18,7,0.0
1860,55.03082176727268,18,7,0.0
1861,50.596226313692135,18,7,0.0
1862,19.35073318413955,15,10,0.0
1863,51.37250183776072,18,7,0.0
1864,34.593595355366574,16,9,0.0
1865,53.99710940421566,18,7,0.0
1866,-7.466740515434615,12,13,0.0
1867,11.529098236006275,14,11,0.0
1868,-18.041908327347564,11,14,0.0
1869,51.161396014470945,18,7,0.0
1870,32.516915097014994,16,9,0.0
1871,-11.801894060073119,12,13,0.0
1872,-9.324996702622869,12,13,0.0
1873,31.71145343302925,16,9,0.0
1874,54.08275462803373,18,7,0.0
1875,13.899492736793611,14,11,0.0
1876,73.91066491383916,20,5,0.0
1877,1.3755812765022124,13,12,0.0
1878,10.236948860837568,14,11,0.0
1879,-19.032098334227417,11,14,0.0
1880,43.51046361913626,17,8,0.0
1881,12.892326372811,14,11,0.0
1882,-19.645430458758092,11,14,0.0
1883,29.626368014046832,16,9,0.0
1884,13.004490164949043,14,11,0.0
1885,33.952133296899596,16,9,0.0
1886,-8.006473940725531,12,13,0.0
1887,29.840382571830567,16,9,0.0
1888,59.675239631000586,19,6,0.0
1889,11.92958266081742,14,11,0.0
1890,-9.473666059324195,12,13,0.0
1891,-8.270049258973685,12,13,0.0
1892,9.919818968500397,14,11,0.0
1893,64.32429930339973,19,6,0.0
1894,86.2189939330558,21,4,0.0
1895,32.663957755708495,16,9,0.0
1896,2.2561943072946367,13,12,0.0
1897,43.09285935497032,17,8,0.0
1898,-31.344564797304322,10,15,0.0
1899,-19.6778131195942,11,14,0.0
1900,18.612200161267378,15,10,0.0
1901,63.19103719578027,19,6,0.0
1902,22.37948849139685,15,10,0.0
1903,-11.33957123327168,12,13,0.0
1904,19.818950783349425,15,10,0.0
1905,72.60370296783185,20,5,0.0
1906,2.6877029129083745,13,12,0.0
1907,33.2721057019763,16,9,0.0
1908,20.876886236324985,15,10,0.0
1909,9.393098533101096,14,11,0.0
1910,24.124785925500102,15,10,0.0
1911,50.85587180526601,18,7,0.0
1912,-23.160428543468548,11,14,0.0
1913,61.314487842212394,19,6,0.0
1914,1.7253083772290925,13,12,0.0
1915,53.08491597891878,18,7,0.0
1916,43.69785040397776,17,8,0.0
1917,10.688849741269816,14,11,0.0
1918,63.83533095155794,19,6,0.0
1919,30.3290395187405,16,9,0.0
1920,23.53834620498273,15,10,0.0
1921,29.33784634144865,16,9,0.0
1922,22.81239612218952,15,10,0.0
1923,-10.825409601806102,12,13,0.0
1924,32.726118818149956,16,9,0.0
1925,22.025384555954304,15,10,0.0
1926,52.433646934022576,18,7,0.0
1927,52.810044709201506,18,7,0.0
1928,22.813435306237487,15,10,0.0
1929,39.58272478035663,17,8,0.0
1930,30.252859017284113,16,9,0.0
1931,23.79214214517818,15,10,0.0
1932,22.323884012170094,15,10,0.0
1933,82.93928408233349,21,4,0.0
1934,3.375254169568599,13,12,0.0
1935,32.76736882044916,16,9,0.0
1936,8.369763534394467,14,11,0.0
1937,2.9395448234975787,13,12,0.0
1938,21.951555536147616,15,10,0.0
1939,42.22564599385413,17,8,0.0
1940,0.4814427081294328,13,12,0.0
1941,-18.50338183952595,11,14,0.0
1942,30.89016397791561,16,9,0.0
1943,19.422677102032054,15,10,0.0
1944,34.443339083029656,16,9,0.0
1945,43.051288696929845,17,8,0.0
1946,1.5117484245442832,13,12,0.0
1947,1.514143316058239,13,12,0.0
1948,43.726943934467364,17,8,0.0
1949,22.62252972885283,15,10,0.0
1950,22.22254653987361,15,10,0.0
1951,11.348313691739534,14,11,0.0
1952,1.809084827284818,13,12,0.0
1953,21.21278856634276,15,10,0.0
1954,-11.95006913204087,12,13,0.0
1955,21.67860703729687,15,10,0.0
1956,18.918012700888497,15,10,0.0
1957,11.256396712469032,14,11,0.0
1958,-7.451281872465146,12,13,0.0
1959,23.858937064695294,15,10,0.0
1960,10.246294640177805,14,11,0.0
1961,51.44913302820056,18,7,0.0
1962,12.38677667852835,14,11,0.0
1963,62.24450397162346,19,6,0.0
1964,22.87806902963792,15,10,0.0
1965,37.13416548552672,17,8,0.0
1966,11.100877644802587,14,11,0.0
1967,43.88578631469438,17,8,0.0
1968,41.61838584648663,17,8,0.0
1969,41.00939091792719,17,8,0.0
1970,37.427657760756205,16,8,0.0
1971,41.18100400808935,17,8,0.0
1972,-10.292422007531925,12,13,0.0
1973,53.549147000314775,18,7,0.0
1974,10.545835802952467,14,11,0.0
1975,41.03846431565054,17,8,0.0
1976,-9.36451100731674,12,13,0.0
1977,-27.70164429753763,10,15,0.0
1978,20.83002418605161,15,10,0.0
1979,33.928578724433166,16,9,0.0
1980,33.475445813671634,16,9,0.0
1981,26.999504424487903,16,9,0.0
1982,13.30884852199826,14,11,0.0
1983,32.15126881550308,16,9,0.0
1984,29.249386516827023,16,9,0.0
1985,52.53372161367923,18,7,0.0
1986,41.59089101027592,17,8,0.0
1987,45.575607616446064,17,8,0.0
1988,54.46830726954882,18,7,0.0
1989,-8.25950159777793,12,13,0.0
1990,12.073848881464158,14,11,0.0
1991,82.66848652136774,21,4,0.0
1992,-9.175957173492192,12,13,0.0
1993,20.354750080900452,15,10,0.0
1994,0.2408090547246715,13,12,0.0
1995,9.883341265805933,14,11,0.0
1996,64.69847805998974,19,6,0.0
1997,72.66732018206142,20,5,0.0
1998,1.7178736292380723,13,12,0.0
1999,70.70049883053649,20,5,0.0
2000,0.9197709571579571,13,12,0.0
2001,32.00928702768703,16,9,0.0
2002,-1.4291182517136598,13,12,0.0
2003,32.83929162325351,16,9,0.0
2004,20.048455001418326,15,10,0.0
2005,41.272942696212056,17,8,0.0
2006,-20.356920811091832,11,14,0.0
2007,20.799162707132904,15,10,0.0
2008,54.00515134305613,18,7,0.0
2009,21.462993134730162,15,10,0.0
2010,8.763646975842802,14,11,0.0
2011,29.31470264937386,16,9,0.0
2012,51.49733681320993,18,7,0.0
2013,52.68445134328364,18,7,0.0
2014,1.1368020614175947,13,12,0.0
2015,52.98963954082095,18,7,0.0
2016,50.41141305804621,18,7,0.0
2017,-0.33074666189860835,13,12,0.0
2018,33.01557588098442,16,9,0.0
2019,32.45060559982839,16,9,0.0
2020,43.55322765713096,17,8,0.0
2021,1.5974666168237377,13,12,0.0
2022,55.075231808326166,18,7,0.0
2023,3.2132923612503674,13,12,0.0
2024,-7.854807332917479,12,13,0.0
2025,42.60791548717867,17,8,0.0
2026,19.25963265453727,15,10,0.0
2027,22.729641294429513,15,10,0.0
2028,1.3851754347830685,13,12,0.0
2029,24.07686036108188,15,10,0.0
2030,-51.17743602826907,8,17,0.0
2031,61.176505733401726,19,6,0.0
2032,-29.779676066866436,10,15,0.0
2033,21.3630399828482,15,10,0.0
2034,10.236448793763632,14,11,0.0
2035,60.506850857545444,19,6,0.0
2036,4.870615314919816,13,12,0.0
2037,-9.739521820529813,12,13,0.0
2038,82.65596764916668,21,4,0.0
2039,52.00704071806473,18,7,0.0
2040,10.723978869953028,14,11,0.0
2041,42.90170577855429,17,8,0.0
2042,12.83768518315729,14,11,0.0
2043,-19.580352581477165,11,14,0.0
2044,44.77099811097901,17,8,0.0
2045,32.713011757808594,16,9,0.0
2046,64.7269369295231,19,6,0.0
2047,11.461455770420226,14,11,0.0
2048,-20.916488937705513,11,14,0.0
2049,-0.5947299238202355,13,12,0.0
2050,10.404067996194861,14,11,0.0
2051,20.941832742625966,15,10,0.0
2052,60.76902669910545,19,6,0.0
2053,51.83081657980291,18,7,0.0
2054,61.050556729240085,19,6,0.0
2055,-5.623458784075156,12,13,0.0
2056,2.669324709274794,13,12,0.0
2057,31.976064409192915,16,9,0.0
2058,33.524414977645,16,9,0.0
2059,67.05909732182924,20,5,0.0
2060,21.990584928098432,15,10,0.0
2061,0.491618426191085,13,12,0.0
2062,2.4210649714833528,13,12,0.0
2063,13.02476170140867,14,11,0.0
2064,23.2060399353316,15,10,0.0
2065,22.04650076381042,15,10,0.0
2066,41.058519396694855,17,8,0.0
2067,-32.69903528897507,10,15,0.0
2068,19.395965858142883,15,10,0.0
2069,2.2755262522410318,13,12,0.0
2070,31.48110566268617,16,9,0.0
2071,52.63101419858258,18,7,0.0
2072,41.40039248290326,17,8,0.0
2073,40.708568587133556,17,8,0.0
2074,96.0551675778942,22,3,0.0
2075,52.60452302567286,18,7,0.0
2076,-22.058171055887165,11,14,0.0
2077,2.6076554967955765,13,12,0.0
2078,31.820668590000118,16,9,0.0
2079,3.559277831944663,13,12,0.0
2080,22.300537553519252,15,10,0.0
2081,53.311656461908015,18,7,0.0
2082,-10.607434073350761,12,13,0.0
2083,64.48503776896136,19,6,0.0
2084,21.493879999829026,15,10,0.0
2085,-10.920283747540038,12,13,0.0
2086,32.624477423381954,16,9,0.0
2087,82.64181682919049,21,4,0.0
2088,21.78574860572491,15,10,0.0
2089,40.42042008982213,17,8,0.0
2090,65.12400216473534,19,6,0.0
2091,20.68124894600678,15,10,0.0
2092,53.219787239384644,18,7,0.0
2093,2.48801575396745,13,12,0.0
2094,72.504602950189,20,5,0.0
2095,-31.073763998838494,10,15,0.0
2096,41.122922279991464,17,8,0.0
2097,41.57837891811311,17,8,0.0
2098,-9.247005391566148,12,13,0.0
2099,41.45332566806289,17,8,0.0
2100,22.5104414592856,15,10,0.0
2101,62.50796967774859,19,6,0.0
2102,50.2323009930595,18,7,0.0
2103,31.0098964087168,16,9,0.0
2104,40.55811651538299,17,8,0.0
2105,10.283682704307239,14,11,0.0
2106,2.7326357509578987,13,12,0.0
2107,1.2241543722790154,13,12,0.0
2108,0.4622895459781109,13,12,0.0
2109,11.368657697196852,14,11,0.0
2110,62.021097647666465,19,6,0.0
2111,12.525355799140447,14,11,0.0
2112,-7.462939155351358,12,13,0.0
2113,21.817018129620305,15,10,0.0
2114,20.489223745595375,15,10,0.0
2115,21.186430498454087,15,10,0.0
2116,12.515529102315746,14,11,0.0
2117,22.463829035236596,15,10,0.0
2118,-9.554406383510049,12,13,0.0
2119,39.95800427763231,17,8,0.0
2120,50.6359062535638,18,7,0.0
2121,33.25085262806448,16,9,0.0
2122,2.3900430716253522,13,12,0.0
2123,22.14771759043289,15,10,0.0
2124,22.579930737966794,15,10,0.0
2125,-29.237376760871786,10,15,0.0
2126,-8.13486152448148,12,13,0.0
2127,9.327798802696718,14,11,0.0
2128,-18.57394962473748,11,14,0.0
2129,44.91665650175056,17,8,0.0
2130,-51.03973905017469,8,17,0.0
2131,41.53204113096243,17,8,0.0
2132,31.67889991365964,16,9,0.0
2133,32.99329644962601,16,9,0.0
2134,23.472043130921225,15,10,0.0
2135,11.51148691497325,14,11,0.0
2136,33.21114571161528,16,9,0.0
2137,33.27367063976709,16,9,0.0
2138,41.89318404739228,17,8,0.0
2139,52.630006346388065,18,7,0.0
2140,84.61110919199886,21,4,0.0
2141,81.5433497134796,21,4,0.0
2142,60.71593834113753,19,6,0.0
2143,5.48402992263822,13,12,0.0
2144,29.91864707236416,16,9,0.0
2145,65.26954930582373,19,6,0.0
2146,42.17578231324438,17,8,0.0
2147,1.4522993006114318,13,12,0.0
2148,29.225999315074027,16,9,0.0
2149,-19.724684094889398,11,14,0.0
2150,14.944806902798637,14,11,0.0
2151,82.85429933585154,21,4,0.0
2152,19.36455946403719,15,10,0.0
2153,1.708538449989019,13,12,0.0
2154,33.606618488818995,16,9,0.0
2155,11.268184277960929,14,11,0.0
2156,42.6454321270607,17,8,0.0
2157,41.71591138197436,17,8,0.0
2158,-18.144370743383046,11,14,0.0
2159,13.442784304190791,14,11,0.0
2160,63.80453501530606,19,6,0.0
2161,32.72922056109642,16,9,0.0
2162,13.689734540404753,14,11,0.0
2163,-1.500158095320982,13,12,0.0
2164,31.547768884393683,16,9,0.0
2165,33.047506504360896,16,9,0.0
2166,22.138347646185245,15,10,0.0
2167,11.671638560901844,14,11,0.0
2168,43.26150346407014,17,8,0.0
2169,31.185748159015937,16,9,0.0
2170,-0.057165713412417496,13,12,0.0
2171,-20.486839175831346,11,14,0.0
2172,10.271650829066928,14,11,0.0
2173,9.993175760493926,14,11,0.0
2174,21.00010390513028,15,10,0.0
2175,63.18797738342521,19,6,0.0
2176,2.8813830330889205,13,12,0.0
2177,50.72963423013075,18,7,0.0
2178,43.33106678038682,17,8,0.0
2179,30.225209894923147,16,9,0.0
2180,20.32275304932293,15,10,0.0
2181,-18.676179515224252,11,14,0.0
2182,52.120573531133644,18,7,0.0
2183,19.864635837063354,15,10,0.0
2184,19.82015910859112,15,10,0.0
2185,20.878550383048637,15,10,0.0
2186,34.63111897416877,16,9,0.0
2187,29.97410732128686,16,9,0.0
2188,49.23525384977835,18,7,0.0
2189,18.75227761306032,15,10,0.0
2190,-10.677127739486517,12,13,0.0
2191,43.64527229954878,17,8,0.0
2192,62.840298423225775,19,6,0.0
2193,30.46631219173013,16,9,0.0
2194,-22.22809456433805,11,14,0.0
2195,-20.02943530485836,11,14,0.0
2196,36.81538048968326,16,9,0.0
2197,-10.3019261176971,12,13,0.0
2198,23.724381288641602,15,10,0.0
2199,54.80003202442357,18,7,0.0
2200,12.326275507253335,14,11,0.0
2201,49.44537294114171,18,7,0.0
2202,63.38025513024701,19,6,0.0
2203,11.359463095209573,14,11,0.0
2204,0.326685497887631,13,12,0.0
2205,-8.923766212175957,12,13,0.0
2206,42.309593421258796,17,8,0.0
2207,72.35009376353685,20,5,0.0
2208,0.844944931553715,13,12,0.0
2209,18.991937982290473,15,10,0.0
2210,64.59944777408425,19,6,0.0
2211,24.860135434010296,15,10,0.0
2212,62.31637217032901,19,6,0.0
2213,29.631405389177537,16,9,0.0
2214,53.10525471403436,18,7,0.0
2215,11.222910099767535,14,11,0.0
2216,41.30324035285459,17,8,0.0
2217,51.02888431924778,18,7,0.0
2218,32.93158287420587,16,9,0.0
2219,-28.31533942694735,10,15,0.0
2220,13.780339467645227,14,11,0.0
2221,-10.493250324637387,12,13,0.0
2222,33.71682609991557,16,9,0.0
2223,31.07498508562451,16,9,0.0
2224,-7.456514900606277,12,13,0.0
2225,-7.274508244988429,12,13,0.0
2226,42.61050653125989,17,8,0.0
2227,40.710870046632564,17,8,0.0
2228,24.17155934830128,15,10,0.0
2229,63.38642535629909,19,6,0.0
2230,22.218135092019605,15,10,0.0
2231,-8.634177707570046,12,13,0.0
2232,-8.166028152257606,12,13,0.0
2233,-8.587151903309945,12,13,0.0
2234,-9.071842454512893,12,13,0.0
2235,19.473947658989477,15,10,0.0
2236,10.597713536214814,14,11,0.0
2237,51.43939335478424,18,7,0.0
2238,-0.7264565302842039,13,12,0.0
2239,23.549870475504587,15,10,0.0
2240,44.96899066676451,17,8,0.0
2241,33.38296507579071,16,9,0.0
2242,22.9915023481013,15,10,0.0
2243,50.9301947470834,18,7,0.0
2244,-20.964185759805552,11,14,0.0
2245,0.2917590166148978,13,12,0.0
2246,-26.306426022277613,10,15,0.0
2247,2.4474592083169453,13,12,0.0
2248,0.228107706433617,13,12,0.0
2249,52.329899055326784,18,7,0.0
2250,43.88576391684533,17,8,0.0
2251,30.64386848282539,16,9,0.0
2252,9.446075799286263,14,11,0.0
2253,-39.18726110090524,9,16,0.0
2254,40.48124203907956,17,8,0.0
2255,41.39171630699407,17,8,0.0
2256,11.620205262453382,14,11,0.0
2257,43.11660798752647,17,8,0.0
2258,14.197341023470369,14,11,0.0
2259,11.342952130941322,14,11,0.0
2260,23.803516608533346,15,10,0.0
2261,20.198164961167905,15,10,0.0
2262,54.85354882843084,18,7,0.0
2263,19.4221846661724,15,10,0.0
2264,61.367103285553235,19,6,0.0
2265,36.65235866750898,16,9,0.0
2266,34.258036244822435,16,9,0.0
2267,11.290432468933385,14,11,0.0
2268,33.829706760279755,16,9,0.0
2269,42.06199004666381,17,8,0.0
2270,44.62223127459832,17,8,0.0
2271,33.62230048128319,16,9,0.0
2272,41.6666348922286,17,8,0.0
2273,43.579978747225525,17,8,0.0
2274,12.898192882851301,14,11,0.0
2275,54.77260146197553,18,7,0.0
2276,33.57237742253821,16,9,0.0
2277,-2.2063089582275266,13,12,0.0
2278,2.894825387429454,13,12,0.0
2279,51.39848541053975,18,7,0.0
2280,-18.20501957785367,11,14,0.0
2281,23.990551928201,15,10,0.0
2282,54.868130432197916,18,7,0.0
2283,-8.55156386233277,12,13,0.0
2284,41.72067346507072,17,8,0.0
2285,62.68799491974301,19,6,0.0
2286,3.765700053954851,13,12,0.0
2287,-28.56841489560785,10,15,0.0
2288,30.102329637287134,16,9,0.0
2289,20.562782135914752,15,10,0.0
2290,53.18949078661188,18,7,0.0
2291,19.498724688210395,15,10,0.0
2292,-19.191102360383127,11,14,0.0
2293,23.318645411261343,15,10,0.0
2294,22.135851157206975,15,10,0.0
2295,24.097978275934036,15,10,0.0
2296,53.901564262522506,18,7,0.0
2297,1.0319930114947793,13,12,0.0
2298,74.09539712625221,20,5,0.0
2299,32.38588653240647,16,9,0.0
2300,41.11717218174493,17,8,0.0
2301,20.27975385610992,15,10,0.0
2302,11.384417613685745,14,11,0.0
2303,21.56379350806558,15,10,0.0
2304,12.373148321720272,14,11,0.0
2305,33.86025873021424,16,9,0.0
2306,38.34422380533551,17,8,0.0
2307,12.206028932697988,14,11,0.0
2308,9.840976257174937,14,11,0.0
2309,-6.206859571575033,12,13,0.0
2310,-10.761680682771019,12,13,0.0
2311,31.86720549415806,16,9,0.0
2312,-58.5962801100483,7,18,0.0
2313,21.791141379782243,15,10,0.0
2314,11.906347513579698,14,11,0.0
2315,55.18387195056672,18,7,0.0
2316,12.726866996508473,14,11,0.0
2317,30.299490304218985,16,9,0.0
2318,42.11598941196855,17,8,0.0
2319,-11.269714248356314,12,13,0.0
2320,2.0025616924220024,13,12,0.0
2321,59.80373521696296,19,6,0.0
2322,72.38892905366636,20,5,0.0
2323,-21.288760702778035,11,14,0.0
2324,51.643689134418935,18,7,0.0
2325,0.7115252502129074,13,12,0.0
2326,20.879039459971214,15,10,0.0
2327,10.652397849264643,14,11,0.0
2328,53.44820400300236,18,7,0.0
2329,43.053348570453736,17,8,0.0
2330,-0.6450318466313396,13,12,0.0
2331,10.611513302808781,14,11,0.0
2332,32.18756626165269,16,9,0.0
2333,30.9937686446808,16,9,0.0
2334,18.36309980237997,15,10,0.0
2335,49.02849317708714,18,7,0.0
2336,20.57078972935411,15,10,0.0
2337,42.5396637557112,17,8,0.0
2338,42.01597142969828,17,8,0.0
2339,63.73689043943946,19,6,0.0
2340,21.360481726705395,15,10,0.0
2341,62.565106751862054,19,6,0.0
2342,20.771966157248983,15,10,0.0
2343,-11.427010817725915,12,13,0.0
2344,52.623329270859635,18,7,0.0
2345,12.628078099650203,14,11,0.0
2346,31.43072178928579,16,9,0.0
2347,1.5114781052898412,13,12,0.0
2348,50.74670181583903,18,7,0.0
2349,12.04688604508027,14,11,0.0
2350,0.5745178383357956,13,12,0.0
2351,31.581461938211092,16,9,0.0
2352,3.535354593988737,13,12,0.0
2353,42.37966211576983,17,8,0.0
2354,7.44384553571453,14,11,0.0
2355,32.24037952354739,16,9,0.0
2356,-20.097083689396165,11,14,0.0
2357,1.9400327540900992,13,12,0.0
2358,10.216905271605842,14,11,0.0
2359,43.56286086952383,17,8,0.0
2360,39.23347817998077,17,8,0.0
2361,28.687100507937785,16,9,0.0
2362,-0.7293114568444818,13,12,0.0
2363,-7.839041140702334,12,13,0.0
2364,33.558167144892046,16,9,0.0
2365,30.331340498922312,16,9,0.0
2366,52.58053926105725,18,7,0.0
2367,63.0269982331313,19,6,0.0
2368,42.77967880829831,17,8,0.0
2369,13.794337850381591,14,11,0.0
2370,31.554452943238488,16,9,0.0
2371,-20.536421535319,11,14,0.0
2372,42.63191647631331,17,8,0.0
2373,63.194243823473855,19,6,0.0
2374,50.350218358847904,18,7,0.0
2375,28.76822023444855,16,9,0.0
2376,12.26526001229296,14,11,0.0
2377,-16.609689540917213,11,14,0.0
2378,30.85008308408064,16,9,0.0
2379,29.44217975654557,16,9,0.0
2380,0.3001519903140233,13,12,0.0
2381,-10.36018500203807,12,13,0.0
2382,50.13092142053074,18,7,0.0
2383,41.10805781603708,17,8,0.0
2384,13.958101104549357,14,11,0.0
2385,30.03958480100092,16,9,0.0
2386,68.6392548902915,20,5,0.0
2387,21.115677943202158,15,10,0.0
2388,32.01543225155881,16,9,0.0
2389,10.388394603892317,14,11,0.0
2390,43.752610511883155,17,8,0.0
2391,18.962429768581437,15,10,0.0
2392,40.36954464649414,17,8,0.0
2393,41.822152010983295,17,8,0.0
2394,20.334321303165826,15,10,0.0
2395,-7.969329826759952,12,13,0.0
2396,71.72428181854835,20,5,0.0
2397,-8.436612426033651,12,13,0.0
2398,43.73115486345296,17,8,0.0
2399,1.669685099104095,13,12,0.0
2400,-9.566862339846468,12,13,0.0
2401,19.765820316961108,15,10,0.0
2402,10.32090651482188,14,11,0.0
2403,72.26790958483478,20,5,0.0
2404,32.03575087384101,16,9,0.0
2405,32.91686287950042,16,9,0.0
2406,11.717741248752944,14,11,0.0
2407,31.63174282193146,16,9,0.0
2408,11.249326652708291,14,11,0.0
2409,-21.358811955304027,11,14,0.0
2410,20.411812277453315,15,10,0.0
2411,51.858653276057126,18,7,0.0
2412,-5.944549932963799,12,13,0.0
2413,53.505768335360756,18,7,0.0
2414,10.896285349058385,14,11,0.0
2415,2.1066599512051782,13,12,0.0
2416,50.37074703700505,18,7,0.0
2417,41.90596305603995,17,8,0.0
2418,33.46273386120667,16,9,0.0
2419,31.576164023187403,16,9,0.0
2420,12.358991115207505,14,11,0.0
2421,21.805526087521763,15,10,0.0
2422,32.571340469328575,16,9,0.0
2423,12.808372864472702,14,11,0.0
2424,-4.267383544109982,12,13,0.0
2425,30.146953703603636,16,9,0.0
2426,42.95998527556304,17,8,0.0
2427,21.179576521592782,15,10,0.0
2428,55.06032631527928,18,7,0.0
2429,42.13787716404395,17,8,0.0
2430,21.720151106763044,15,10,0.0
2431,64.86384852439839,19,6,0.0
2432,12.750922660136652,14,11,0.0
2433,22.483494337601368,15,10,0.0
2434,9.565039921095352,14,11,0.0
2435,9.034109198958436,14,11,0.0
2436,71.07422262733711,20,5,0.0
2437,23.650543930774827,15,10,0.0
2438,83.73196116312279,21,4,0.0
2439,23.00442214446467,15,10,0.0
2440,40.47308993022191,17,8,0.0
2441,2.2945980732422786,13,12,0.0
2442,21.02924052794289,15,10,0.0
2443,21.620427164751046,15,10,0.0
2444,-2.343063753799061,13,12,0.0
2445,21.214109410623067,15,10,0.0
2446,41.89647445540753,17,8,0.0
2447,32.12610026627091,16,9,0.0
2448,21.95810888708843,15,10,0.0
2449,31.121813575928115,16,9,0.0
2450,22.969230666653996,15,10,0.0
2451,21.699093509499527,15,10,0.0
2452,-19.475127153186733,11,14,0.0
2453,19.78475572641213,15,10,0.0
2454,14.12613138182892,14,11,0.0
2455,-10.127707942297427,12,13,0.0
2456,32.613400480152265,16,9,0.0
2457,28.41313883542402,16,9,0.0
2458,-0.7781646969706952,13,12,0.0
2459,40.22306237203736,17,8,0.0
2460,42.30271074020168,17,8,0.0
2461,70.68819354577866,20,5,0.0
2462,44.28679064255438,17,8,0.0
2463,33.383292542659326,16,9,0.0
2464,50.181879138562586,18,7,0.0
2465,20.315132085818345,15,10,0.0
2466,62.83599904149951,19,6,0.0
2467,30.43312435665848,16,9,0.0
2468,54.33662785390552,18,7,0.0
2469,43.61298871683798,17,8,0.0
2470,41.31114908044421,17,8,0.0
2471,43.44613391800438,17,8,0.0
2472,10.11035875686564,14,11,0.0
2473,63.57391562528037,19,6,0.0
2474,9.13176319308287,14,11,0.0
2475,18.319787550392086,15,10,0.0
2476,29.990990174477254,16,9,0.0
2477,19.98422120874957,15,10,0.0
2478,-9.58055486349205,12,13,0.0
2479,-1.0859707469584636,13,12,0.0
2480,-9.89194082998397,12,13,0.0
2481,21.90476052944867,15,10,0.0
2482,12.143812907726472,14,11,0.0
2483,20.74173804236952,15,10,0.0
2484,11.38983100027087,14,11,0.0
2485,19.616376367792615,15,10,0.0
2486,-7.19941143650585,12,13,0.0
2487,19.90971195577243,15,10,0.0
2488,52.04298831073611,18,7,0.0
2489,34.41943808665167,16,9,0.0
2490,13.763004503555948,14,11,0.0
2491,5.65721331074802,13,12,0.0
2492,9.336720932735687,14,11,0.0
2493,2.587082426407181,13,12,0.0
2494,31.883049374460192,16,9,0.0
2495,0.5815880369326578,13,12,0.0
2496,-38.64904499060027,9,16,0.0
2497,-1.323001769109637,13,12,0.0
2498,23.664816301621233,15,10,0.0
2499,9.67347225241109,14,11,0.0
2500,40.77099533767386,17,8,0.0
2501,21.252117148828955,15,10,0.0
2502,11.214933370017846,14,11,0.0
2503,9.649813155471808,14,11,0.0
2504,52.178831088508375,18,7,0.0
2505,45.10983083762771,17,8,0.0
2506,9.12335117161499,14,11,0.0
2507,22.698550125644093,15,10,0.0
2508,1.9165375713963133,13,12,0.0
2509,54.200336074120244,18,7,0.0
2510,31.895837105993582,16,9,0.0
2511,31.004552195107017,16,9,0.0
2512,52.684809494044615,18,7,0.0
2513,22.743273570902534,15,10,0.0
2514,12.020319952210691,14,11,0.0
2515,12.802794613360904,14,11,0.0
2516,23.28814562135908,15,10,0.0
2517,41.12491670430359,17,8,0.0
2518,41.26243276622056,17,8,0.0
2519,-7.372013160918373,12,13,0.0
2520,42.08442290955668,17,8,0.0
2521,12.951548450851202,14,11,0.0
2522,22.130850804725032,15,10,0.0
2523,24.112773763381274,15,10,0.0
2524,-17.846252154985585,11,14,0.0
2525,26.581860108443397,15,10,0.0
2526,2.4518347999798973,13,12,0.0
2527,20.618209759770494,15,10,0.0
2528,54.733174846423736,18,7,0.0
2529,43.243661383760895,17,8,0.0
2530,13.096617217709788,14,11,0.0
2531,13.159479690464813,14,11,0.0
2532,24.946540759173946,15,10,0.0
2533,32.18416496928373,16,9,0.0
2534,63.034825039605686,19,6,0.0
2535,12.851450528147074,14,11,0.0
2536,31.608943444913965,16,9,0.0
2537,30.791170432393308,16,9,0.0
2538,-19.052835540433602,11,14,0.0
2539,13.125097565517637,14,11,0.0
2540,-10.023022851778954,12,13,0.0
2541,22.99962160451971,15,10,0.0
2542,31.537410568254785,16,9,0.0
2543,12.312073059189972,14,11,0.0
2544,20.290952137995856,15,10,0.0
2545,53.74081508627102,18,7,0.0
2546,42.063926640852614,17,8,0.0
2547,30.396719244872344,16,9,0.0
2548,-30.53072398080873,10,15,0.0
2549,11.785055283177089,14,11,0.0
2550,11.562195381246905,14,11,0.0
2551,9.039391647962432,14,11,0.0
2552,-9.046511861015986,12,13,0.0
2553,21.18644959832389,15,10,0.0
2554,33.130329164242156,16,9,0.0
2555,41.017635840102365,17,8,0.0
2556,-10.201805557783143,12,13,0.0
2557,1.6483775041971302,13,12,0.0
2558,72.95737081516963,20,5,0.0
2559,22.545921112290962,15,10,0.0
2560,42.71102272453601,17,8,0.0
2561,0.5956303724457328,13,12,0.0
2562,40.256152159012935,17,8,0.0
2563,2.7345525357494864,13,12,0.0
2564,9.958797835511781,14,11,0.0
2565,13.132710427390533,14,11,0.0
2566,24.96987276095956,15,10,0.0
2567,33.094410873966986,16,9,0.0
2568,0.8066228907669561,13,12,0.0
2569,25.87346283419494,15,10,0.0
2570,9.037303613223724,14,11,0.0
2571,22.856595460595575,15,10,0.0
2572,2.6416736635403,13,12,0.0
2573,12.776415665886592,14,11,0.0
2574,13.766956030368425,14,11,0.0
2575,-26.736340883279155,10,15,0.0
2576,34.68483760252169,16,9,0.0
2577,13.351712229729381,14,11,0.0
2578,33.323744564282094,16,9,0.0
2579,50.56263792978205,18,7,0.0
2580,22.483451194707627,15,10,0.0
2581,33.36155623083066,16,9,0.0
2582,-6.246624967949761,12,13,0.0
2583,10.072976793053858,14,11,0.0
2584,33.29945993683829,16,9,0.0
2585,40.559694576043505,17,8,0.0
2586,30.53836367727738,16,9,0.0
2587,34.51910829842797,16,9,0.0
2588,31.209843870667132,16,9,0.0
2589,32.161598825873895,16,9,0.0
2590,31.154890684452898,16,9,0.0
2591,-1.4998108129242365,13,12,0.0
2592,51.70101214989034,18,7,0.0
2593,42.91956835858428,17,8,0.0
2594,3.0378825397044853,13,12,0.0
2595,-0.9046900357317114,13,12,0.0
2596,20.253929263503686,15,10,0.0
2597,41.16353116671405,17,8,0.0
2598,23.554003575155505,15,10,0.0
2599,31.037440028273277,16,9,0.0
2600,20.772389411704438,15,10,0.0
2601,-19.977330973048247,11,14,0.0
2602,38.47974431406368,17,8,0.0
2603,32.891572356081966,16,9,0.0
2604,40.44689584860265,17,8,0.0
2605,63.40423324240646,19,6,0.0
2606,31.593818671486225,16,9,0.0
2607,12.000811722540414,14,11,0.0
2608,-11.19827646534547,12,13,0.0
2609,21.982073614890417,15,10,0.0
2610,30.336046780027484,16,9,0.0
2611,-5.327160539257917,12,13,0.0
2612,22.700565017126127,15,10,0.0
2613,10.934260669357181,14,11,0.0
2614,-20.717172030682256,11,14,0.0
2615,60.34340599950121,19,6,0.0
2616,10.358630719504118,14,11,0.0
2617,60.52605604076288,19,6,0.0
2618,10.784233869027217,14,11,0.0
2619,42.23416820875069,17,8,0.0
2620,-1.8693143042327662,13,12,0.0
2621,2.360538749235257,13,12,0.0
2622,19.280987370650106,15,10,0.0
2623,31.624882453814273,16,9,0.0
2624,71.66264871767291,20,5,0.0
2625,53.522796114386225,18,7,0.0
2626,-6.85305023388973,12,13,0.0
2627,19.71774592839091,15,10,0.0
2628,44.040506163445485,17,8,0.0
2629,9.265873387728499,14,11,0.0
2630,1.8240855361905872,13,12,0.0
2631,31.808115880377247,16,9,0.0
2632,1.696494681048053,13,12,0.0
2633,31.98286135597746,16,9,0.0
2634,75.15359629632374,20,5,0.0
2635,0.31695811542005714,13,12,0.0
2636,31.85331894610669,16,9,0.0
2637,11.728522480249735,14,11,0.0
2638,-8.524260375608467,12,13,0.0
2639,32.88367080861384,16,9,0.0
2640,-19.655460645215552,11,14,0.0
2641,18.80715354177923,15,10,0.0
2642,64.32627910852199,19,6,0.0
2643,61.62458894045129,19,6,0.0
2644,23.674736406193375,15,10,0.0
2645,9.889851349025768,14,11,0.0
2646,50.02827600187914,18,7,0.0
2647,-24.173138244421637,11,14,0.0
2648,74.34589163568047,20,5,0.0
2649,41.535621378106434,17,8,0.0
2650,11.313298408063172,14,11,0.0
2651,82.72890727058522,21,4,0.0
2652,32.523208339559915,16,9,0.0
2653,22.865581971251864,15,10,0.0
2654,-29.494361267153145,10,15,0.0
2655,33.48613031326211,16,9,0.0
2656,31.934915077578015,16,9,0.0
2657,21.950888279915866,15,10,0.0
2658,-19.996369843731216,11,14,0.0
2659,20.07190423255848,15,10,0.0
2660,-12.26039237186098,12,13,0.0
2661,-11.190162554185864,12,13,0.0
2662,18.404764705027848,15,10,0.0
2663,12.677902146389695,14,11,0.0
2664,1.920738059413039,13,12,0.0
2665,32.89818954654935,16,9,0.0
2666,22.980013491905993,15,10,0.0
2667,20.488512433163173,15,10,0.0
2668,39.297809643458336,17,8,0.0
2669,43.3369875410786,17,8,0.0
2670,40.9745920257222,17,8,0.0
2671,53.766345897734894,18,7,0.0
2672,20.578700721239052,15,10,0.0
2673,31.646961223416227,16,9,0.0
2674,-8.466554893753653,12,13,0.0
2675,-48.659386524873256,8,17,0.0
2676,-9.043828588131948,12,13,0.0
2677,23.549195014197995,15,10,0.0
2678,13.137970937677625,14,11,0.0
2679,-8.93769692750679,12,13,0.0
2680,54.030901913467375,18,7,0.0
2681,13.45252366426396,14,11,0.0
2682,0.04957528854116333,13,12,0.0
2683,11.812083069643897,14,11,0.0
2684,-6.807150838033702,12,13,0.0
2685,11.588073762260962,14,11,0.0
2686,13.11632740320966,14,11,0.0
2687,24.686908825234205,15,10,0.0
2688,34.57847172527269,16,9,0.0
2689,41.72342853144163,17,8,0.0
2690,32.222544960859395,16,9,0.0
2691,72.79640955537162,20,5,0.0
2692,31.66760376394607,16,9,0.0
2693,63.29359304564187,19,6,0.0
2694,-42.779090753451584,9,16,0.0
2695,12.281321702630333,14,11,0.0
2696,40.98669010536085,17,8,0.0
2697,42.21216782848206,17,8,0.0
2698,44.10892740429821,17,8,0.0
2699,51.51431487819661,18,7,0.0
2700,10.259468446651145,14,11,0.0
2701,41.28825949182737,17,8,0.0
2702,53.000483147775476,18,7,0.0
2703,13.247108465409934,14,11,0.0
2704,10.503715304424391,14,11,0.0
2705,2.3231829779951987,13,12,0.0
2706,42.18576304226101,17,8,0.0
2707,22.6577752394737,15,10,0.0
2708,32.83858546867237,16,9,0.0
2709,8.009683950836322,14,11,0.0
2710,2.1655574145432137,13,12,0.0
2711,50.95040803150944,18,7,0.0
2712,23.860389781308616,15,10,0.0
2713,42.619039838882905,17,8,0.0
2714,20.952849390341406,15,10,0.0
2715,44.637362164343784,17,8,0.0
2716,11.670685524886814,14,11,0.0
2717,33.33529063052039,16,9,0.0
2718,41.80776771633346,17,8,0.0
2719,57.82184849304193,18,7,0.0
2720,9.82073634717882,14,11,0.0
2721,43.310253401760804,17,8,0.0
2722,30.791355261346652,16,9,0.0
2723,32.544177767910526,16,9,0.0
2724,52.13432017705185,18,7,0.0
2725,54.59478636038662,18,7,0.0
2726,12.277504406261684,14,11,0.0
2727,63.82989971388751,19,6,0.0
2728,-26.676046674391063,10,15,0.0
2729,10.740947145064373,14,11,0.0
2730,1.3893864634434054,13,12,0.0
2731,12.681311764865907,14,11,0.0
2732,-9.61447301163484,12,13,0.0
2733,54.74845200126431,18,7,0.0
2734,22.151260481903975,15,10,0.0
2735,-11.183400971197003,12,13,0.0
2736,-28.5953576737622,10,15,0.0
2737,-6.451696400067172,12,13,0.0
2738,1.3038478473492567,13,12,0.0
2739,43.1284985486989,17,8,0.0
2740,-39.9166211166727,9,16,0.0
2741,22.06713778816207,15,10,0.0
2742,21.83258098810572,15,10,0.0
2743,-21.44584089918671,11,14,0.0
2744,28.88667248300242,16,9,0.0
2745,-9.723387853515064,12,13,0.0
2746,-9.4353990640682,12,13,0.0
2747,44.95485678938815,17,8,0.0
2748,34.41404481280015,16,9,0.0
2749,-7.608681301435539,12,13,0.0
2750,-6.548871260670848,12,13,0.0
2751,20.173919238745196,15,10,0.0
2752,1.0112791808807264,13,12,0.0
2753,54.62099133821771,18,7,0.0
2754,24.139845587766107,15,10,0.0
2755,42.23895876705066,17,8,0.0
2756,56.2577838398474,18,7,0.0
2757,61.53961582080045,19,6,0.0
2758,21.932618890049568,15,10,0.0
2759,42.81112682675205,17,8,0.0
2760,12.46908691592093,14,11,0.0
2761,1.653208424074517,13,12,0.0
2762,-0.105562692775516,13,12,0.0
2763,31.391153106062525,16,9,0.0
2764,19.04857796969012,15,10,0.0
2765,33.307930434017564,16,9,0.0
2766,-17.49408137140493,11,14,0.0
2767,29.67213167039951,16,9,0.0
2768,63.274838245013164,19,6,0.0
2769,12.95715770054845,14,11,0.0
2770,3.437332322916741,13,12,0.0
2771,21.777901223289053,15,10,0.0
2772,12.003425770700929,14,11,0.0
2773,32.304083585582674,16,9,0.0
2774,-10.256790156686318,12,13,0.0
2775,43.74627007272611,17,8,0.0
2776,33.408266088713006,16,9,0.0
2777,31.183032166474487,16,9,0.0
2778,22.08933831954011,15,10,0.0
2779,-14.6475956125519,11,14,0.0
2780,40.92608832796179,17,8,0.0
2781,14.041284570188829,14,11,0.0
2782,0.4547369945365812,13,12,0.0
2783,52.191788964232636,18,7,0.0
2784,-0.7082603885513171,13,12,0.0
2785,-8.387354599900576,12,13,0.0
2786,42.41030754311561,17,8,0.0
2787,-7.536819777502709,12,13,0.0
2788,0.23901768838250348,13,12,0.0
2789,3.0188142032599554,13,12,0.0
2790,3.8478044500010338,13,12,0.0
2791,-8.4274964526154,12,13,0.0
2792,33.23061371332941,16,9,0.0
2793,33.39816596207123,16,9,0.0
2794,54.682889602764746,18,7,0.0
2795,13.3401515264393,14,11,0.0
2796,-7.242452865207826,12,13,0.0
2797,0.4536192784120736,13,12,0.0
2798,10.46231500955327,14,11,0.0
2799,-7.684121339486374,12,13,0.0
2800,0.9793126785053285,13,12,0.0
2801,42.6521630804,17,8,0.0
2802,31.623159565887033,16,9,0.0
2803,15.129903788071546,14,11,0.0
2804,2.6869432030681653,13,12,0.0
2805,44.77533657532809,17,8,0.0
2806,81.39519702824083,21,4,0.0
2807,33.70655195837378,16,9,0.0
2808,22.195142759894225,15,10,0.0
2809,11.572602164381966,14,11,0.0
2810,34.7847289833058,16,9,0.0
2811,-8.259873472237864,12,13,0.0
2812,52.788516141464626,18,7,0.0
2813,52.082144260615465,18,7,0.0
2814,39.26794471147095,17,8,0.0
2815,2.877513398178511,13,12,0.0
2816,20.777639515475364,15,10,0.0
2817,2.1344805974636456,13,12,0.0
2818,-6.729293586650847,12,13,0.0
2819,-7.627408352089779,12,13,0.0
2820,43.64616170644372,17,8,0.0
2821,22.040251155753758,15,10,0.0
2822,22.038713104075235,15,10,0.0
2823,24.393246135708992,15,10,0.0
2824,53.251999526173066,18,7,0.0
2825,30.503202360137237,16,9,0.0
2826,32.39841961221661,16,9,0.0
2827,1.4756614133535235,13,12,0.0
2828,-28.16870300940774,10,15,0.0
2829,20.62190768309598,15,10,0.0
2830,-14.20481952729595,11,14,0.0
2831,23.772175508407425,15,10,0.0
2832,-16.370106066603334,11,14,0.0
2833,27.046540765806164,16,9,0.0
2834,23.72562746583016,15,10,0.0
2835,40.92621996694561,17,8,0.0
2836,42.214413665099094,17,8,0.0
2837,31.60933779132791,16,9,0.0
2838,19.26624182005699,15,10,0.0
2839,23.303949494886453,15,10,0.0
2840,21.386254442746303,15,10,0.0
2841,12.201594621633756,14,11,0.0
2842,10.226000008441208,14,11,0.0
2843,34.82148019817657,16,9,0.0
2844,34.68626681635005,16,9,0.0
2845,-9.807362125028028,12,13,0.0
2846,-8.723154442268136,12,13,0.0
2847,34.21493854625235,16,9,0.0
2848,31.38929025112508,16,9,0.0
2849,1.7499577510586999,13,12,0.0
2850,-25.618979978537425,10,15,0.0
2851,91.37451177170728,22,3,0.0
2852,12.42114465514156,14,11,0.0
2853,62.12637203132917,19,6,0.0
2854,-8.912322036572716,12,13,0.0
2855,41.99456263414218,17,8,0.0
2856,0.760392635332928,13,12,0.0
2857,33.8447498237447,16,9,0.0
2858,32.25749668386611,16,9,0.0
2859,43.182491513694565,17,8,0.0
2860,39.449550049647264,17,8,0.0
2861,-9.36490670118396,12,13,0.0
2862,12.06733551160881,14,11,0.0
2863,43.16095074383803,17,8,0.0
2864,2.0004101267317402,13,12,0.0
2865,71.87769416786857,20,5,0.0
2866,12.534891809527432,14,11,0.0
2867,74.01964509454753,20,5,0.0
2868,40.87382551011287,17,8,0.0
2869,22.67194277885833,15,10,0.0
2870,12.509608690705495,14,11,0.0
2871,33.01253973163148,16,9,0.0
2872,20.152433548017093,15,10,0.0
2873,-12.210917939879685,12,13,0.0
2874,-27.945386268034632,10,15,0.0
2875,-10.523141850766162,12,13,0.0
2876,12.097300527666464,14,11,0.0
2877,21.96984796815107,15,10,0.0
2878,-31.172916461397463,10,15,0.0
2879,11.348002213530203,14,11,0.0
2880,2.0503075862227824,13,12,0.0
2881,23.559150497058692,15,10,0.0
2882,1.4468548631729137,13,12,0.0
2883,21.121441880065888,15,10,0.0
2884,40.29098140642908,17,8,0.0
2885,53.208072268085616,18,7,0.0
2886,20.934227465224826,15,10,0.0
2887,20.436902432833712,15,10,0.0
2888,31.77294088613366,16,9,0.0
2889,2.137640184104205,13,12,0.0
2890,2.4618068406604836,13,12,0.0
2891,19.37110828069078,15,10,0.0
2892,32.529385523313834,16,9,0.0
2893,52.3359954808562,18,7,0.0
2894,34.96787417477289,16,9,0.0
2895,-7.887164771376158,12,13,0.0
2896,21.162021227168754,15,10,0.0
2897,-61.305163908284925,7,18,0.0
2898,-52.737761325526634,8,17,0.0
2899,31.86075736955474,16,9,0.0
2900,71.4601732516528,20,5,0.0
2901,41.5462096078595,17,8,0.0
2902,2.1791372061656986,13,12,0.0
2903,33.05718862243165,16,9,0.0
2904,50.4195466939156,18,7,0.0
2905,41.49919009482415,17,8,0.0
2906,-17.58668208205334,11,14,0.0
2907,31.678812553834412,16,9,0.0
2908,13.848175197961838,14,11,0.0
2909,34.90859012100174,16,9,0.0
2910,4.215152364680277,13,12,0.0
2911,22.7367413155321,15,10,0.0
2912,-17.880377067177093,11,14,0.0
2913,-0.16944166044356201,13,12,0.0
2914,43.8387768427498,17,8,0.0
2915,4.241133334913103,13,12,0.0
2916,34.202770870894064,16,9,0.0
2917,-5.052001245941048,12,13,0.0
2918,62.993329034130525,19,6,0.0
2919,1.486041931163065,13,12,0.0
2920,30.32575556387487,16,9,0.0
2921,22.498996362645656,15,10,0.0
2922,13.091603757135763,14,11,0.0
2923,32.40920157913035,16,9,0.0
2924,-10.162113309396629,12,13,0.0
2925,33.516502718777375,16,9,0.0
2926,55.485442595646326,18,7,0.0
2927,-18.22189800683001,11,14,0.0
2928,43.05788828321812,17,8,0.0
2929,9.740062295300879,14,11,0.0
2930,21.242076457119353,15,10,0.0
2931,31.857886866254404,16,9,0.0
2932,-5.171743127882048,12,13,0.0
2933,-7.319662197621449,12,13,0.0
2934,-10.065447048622495,12,13,0.0
2935,52.02146914764954,18,7,0.0
2936,33.93848994792031,16,9,0.0
2937,11.47030466046386,14,11,0.0
2938,22.193744358528512,15,10,0.0
2939,-0.8645384566478507,13,12,0.0
2940,63.71252730624019,19,6,0.0
2941,51.12186941789884,18,7,0.0
2942,9.565877754617617,14,11,0.0
2943,22.490228539775174,15,10,0.0
2944,1.1931368735588963,13,12,0.0
2945,31.907608347325283,16,9,0.0
2946,-19.445284405925882,11,14,0.0
2947,32.611205162057715,16,9,0.0
2948,-54.37435798426769,8,17,0.0
2949,12.046274105799382,14,11,0.0
2950,-2.211628604540949,13,12,0.0
2951,13.118161845240179,14,11,0.0
2952,-0.05006447337173725,13,12,0.0
2953,11.703221487967333,14,11,0.0
2954,5.0421813878833515,13,12,0.0
2955,35.14518805865183,16,9,0.0
2956,32.52320839793424,16,9,0.0
2957,-27.911005784014684,10,15,0.0
2958,41.83457811400318,17,8,0.0
2959,33.749405718476154,16,9,0.0
2960,-29.996436223446715,10,15,0.0
2961,33.87340105960732,16,9,0.0
2962,-10.178737665645588,12,13,0.0
2963,-46.651214736494346,8,17,0.0
2964,-20.523803686816894,11,14,0.0
2965,11.189521721882144,14,11,0.0
2966,31.052933563314294,16,9,0.0
2967,11.07211265733164,14,11,0.0
2968,74.82352566904208,20,5,0.0
2969,-17.315992013265298,11,14,0.0
2970,21.291674727768175,15,10,0.0
2971,-5.473794954301625,12,13,0.0
2972,-8.314703607601508,12,13,0.0
2973,23.265766783073207,15,10,0.0
2974,20.744193765941873,15,10,0.0
2975,63.24106517612192,19,6,0.0
2976,28.89807967716619,15,9,0.0
2977,1.867703977857565,13,12,0.0
2978,53.922115794291194,18,7,0.0
2979,63.92110638866303,19,6,0.0
2980,51.70689831963998,18,7,0.0
2981,11.47159306681737,14,11,0.0
2982,5.486665937892471,13,12,0.0
2983,21.845503909142295,15,10,0.0
2984,22.508981183962476,15,10,0.0
2985,32.99913140723971,16,9,0.0
2986,-9.234362689049336,12,13,0.0
2987,0.6958391071722578,13,12,0.0
2988,3.2605487886088422,13,12,0.0
2989,32.80078784711638,16,9,0.0
2990,15.840578939472088,14,11,0.0
2991,1.466665062742985,13,12,0.0
2992,4.569122719950044,13,12,0.0
2993,30.78648109070054,16,9,0.0
2994,-18.172059057325484,11,14,0.0
2995,23.955032189488914,15,10,0.0
2996,32.89258145127452,16,9,0.0
2997,11.070293123691041,14,11,0.0
2998,23.230641132046276,15,10,0.0
2999,11.792289510725976,14,11,0.0
3000,-28.82911789539256,10,15,0.0
3001,12.3195686855009,14,11,0.0
3002,-11.647523491015692,12,13,0.0
3003,54.330904626902765,18,7,0.0
3004,10.07851007756765,14,11,0.0
3005,-7.847555949024349,12,13,0.0
3006,51.495822021457215,18,7,0.0
3007,8.061669334794514,14,11,0.0
3008,40.45353055138349,17,8,0.0
3009,-38.15461892892026,9,16,0.0
3010,10.981183822517828,14,11,0.0
3011,21.225680218788554,15,10,0.0
3012,33.70089920247963,16,9,0.0
3013,54.83833097326236,18,7,0.0
3014,30.532848488823298,16,9,0.0
3015,63.36932762194504,19,6,0.0
3016,21.87372172663681,15,10,0.0
3017,31.906983069148843,16,9,0.0
3018,1.2380658458397802,13,12,0.0
3019,42.345548725025075,17,8,0.0
3020,2.5322551537328906,13,12,0.0
3021,-8.972799279539048,12,13,0.0
3022,75.29865054109902,20,5,0.0
3023,-17.759020563319616,11,14,0.0
3024,-9.217791930162345,12,13,0.0
3025,22.546405669276787,15,10,0.0
3026,31.004181134754244,16,9,0.0
3027,14.06863566857141,14,11,0.0
3028,2.648324071885822,13,12,0.0
3029,43.95003655783874,17,8,0.0
3030,31.326098337067208,16,9,0.0
3031,13.048557857654956,14,11,0.0
3032,20.27775874330517,15,10,0.0
3033,34.18155782243645,16,9,0.0
3034,-7.637937470915833,12,13,0.0
3035,4.1834471969788956,13,12,0.0
3036,43.135063597668264,17,8,0.0
3037,52.318377306783944,18,7,0.0
3038,-38.76323188693568,9,16,0.0
3039,20.881736899625768,15,10,0.0
3040,-9.56340331059932,12,13,0.0
3041,12.310080898481658,14,11,0.0
3042,25.618569663812824,15,10,0.0
3043,53.21196716951527,18,7,0.0
3044,1.3813110587725692,13,12,0.0
3045,-48.95029280960286,8,17,0.0
3046,-9.588482748331288,12,13,0.0
3047,12.704340654815915,14,11,0.0
3048,41.994202443802514,17,8,0.0
3049,20.090119399604703,15,10,0.0
3050,-30.98344772324436,10,15,0.0
3051,22.50284590334413,15,10,0.0
3052,1.0413920141291466,13,12,0.0
3053,11.078278421311797,14,11,0.0
3054,41.10371850746509,17,8,0.0
3055,1.6217872442159855,13,12,0.0
3056,0.4377966690336166,13,12,0.0
3057,18.9737722840546,15,10,0.0
3058,63.82712969364227,19,6,0.0
3059,15.52446975925081,14,11,0.0
3060,22.468014656824145,15,10,0.0
3061,24.433038034054633,15,10,0.0
3062,22.56825621639628,15,10,0.0
3063,-40.11846619162888,9,16,0.0
3064,23.726091060892884,15,10,0.0
3065,3.4853796274111923,13,12,0.0
3066,-19.449069423553603,11,14,0.0
3067,-20.927302836731577,11,14,0.0
3068,11.52414495107054,14,11,0.0
3069,42.04216991446002,17,8,0.0
3070,13.665502797965626,14,11,0.0
3071,41.40156723371594,17,8,0.0
3072,43.827488288727615,17,8,0.0
3073,13.730403991307028,14,11,0.0
3074,55.74394646445591,18,7,0.0
3075,53.3566647952223,18,7,0.0
3076,43.34040012541554,17,8,0.0
3077,34.56205270235666,16,9,0.0
3078,-0.6785077319593844,13,12,0.0
3079,52.40273263669269,18,7,0.0
3080,1.4247887148030873,13,12,0.0
3081,23.184652870667342,15,10,0.0
3082,-16.206721155144447,11,14,0.0
3083,-28.386396530715956,10,15,0.0
3084,32.30136748812572,16,9,0.0
3085,34.08786194338986,16,9,0.0
3086,1.698760318952606,13,12,0.0
3087,42.365499358151006,17,8,0.0
3088,2.055182799130484,13,12,0.0
3089,61.55213321511572,19,6,0.0
3090,42.88411542774598,17,8,0.0
3091,42.90351954958109,17,8,0.0
3092,1.4414544692942126,13,12,0.0
3093,53.54813645598346,18,7,0.0
3094,-7.509171935677979,12,13,0.0
3095,35.08054788685348,16,9,0.0
3096,15.115738959676975,14,11,0.0
3097,63.71992449311206,19,6,0.0
3098,11.716161279118047,14,11,0.0
3099,-49.419034345032706,8,17,0.0
3100,14.612049946016207,14,11,0.0
3101,34.57515411083433,16,9,0.0
3102,23.501426324759787,15,10,0.0
3103,24.458007807307915,15,10,0.0
3104,-19.336239283543417,11,14,0.0
3105,13.298279234913881,14,11,0.0
3106,27.532351423762435,15,9,0.0
3107,34.29911427971257,16,9,0.0
3108,25.13892936351837,15,10,0.0
3109,31.950307724898632,16,9,0.0
3110,23.626236344579024,15,10,0.0
3111,33.4492977963274,16,9,0.0
3112,0.7626929504340865,13,12,0.0
3113,13.798059179545922,14,11,0.0
3114,21.714105179253743,15,10,0.0
3115,45.43115402318823,17,8,0.0
3116,55.734413484347115,18,7,0.0
3117,33.33157751916566,16,9,0.0
3118,41.69575969871144,17,8,0.0
3119,21.78033790345254,15,10,0.0
3120,11.524031526076488,14,11,0.0
3121,57.286477996494604,18,7,0.0
3122,42.66057574614044,17,8,0.0
3123,44.676485818437136,17,8,0.0
3124,42.513415779610426,17,8,0.0
3125,66.22355673025646,19,6,0.0
3126,33.84511500363163,16,9,0.0
3127,24.651884174206796,15,10,0.0
3128,23.61636785906119,15,10,0.0
3129,11.28761896256624,14,11,0.0
3130,2.545968731240217,13,12,0.0
3131,9.209716399987,14,11,0.0
3132,-7.083527411237071,12,13,0.0
3133,4.337077317597146,13,12,0.0
3134,43.7300715500566,17,8,0.0
3135,114.98583452075437,24,1,0.0
3136,23.30229778550813,15,10,0.0
3137,52.56189004750383,18,7,0.0
3138,4.15266809057421,13,12,0.0
3139,44.79363646986266,17,8,0.0
3140,94.04519046413375,22,3,0.0
3141,41.09941005781346,17,8,0.0
3142,44.40150416351159,17,8,0.0
3143,52.09377246421312,18,7,0.0
3144,65.15113769929414,19,6,0.0
3145,-15.95258807201754,11,14,0.0
3146,35.748583597690235,16,9,0.0
3147,54.00763004225688,18,7,0.0
3148,-12.762539830947398,12,13,0.0
3149,-8.31723085320098,12,13,0.0
3150,51.441786966603274,18,7,0.0
3151,43.19605944770507,17,8,0.0
3152,-6.9113095107965705,12,13,0.0
3153,-0.2365976078289691,13,12,0.0
3154,-20.1400318483091,11,14,0.0
3155,-36.406224254194676,9,16,0.0
3156,53.2029010110826,18,7,0.0
3157,31.55862880258528,16,9,0.0
3158,64.41582217526606,19,6,0.0
3159,32.88542689692964,16,9,0.0
3160,15.331492710310616,14,11,0.0
3161,23.587006574528925,15,10,0.0
3162,23.55410942662771,15,10,0.0
3163,41.9223396586856,17,8,0.0
3164,14.296111501046568,14,11,0.0
3165,63.48857661512042,19,6,0.0
3166,24.221953438127112,15,10,0.0
3167,63.281720948344315,19,6,0.0
3168,-19.48257659135331,11,14,0.0
3169,64.24441026069015,19,6,0.0
3170,21.80277410796797,15,10,0.0
3171,12.034000008530363,14,11,0.0
3172,65.44972320302129,19,6,0.0
3173,63.61953348195272,19,6,0.0
3174,21.042611173736905,15,10,0.0
3175,42.47618039662745,17,8,0.0
3176,43.23741821342305,17,8,0.0
3177,-27.948833254485166,10,15,0.0
3178,23.5486844259647,15,10,0.0
3179,10.738858681274182,14,11,0.0
3180,50.82688681733316,18,7,0.0
3181,10.438734084403407,14,11,0.0
3182,32.751961487981546,16,9,0.0
3183,31.698730623876845,16,9,0.0
3184,10.755309429420901,14,11,0.0
3185,-0.19299258221546367,13,12,0.0
3186,-38.34111097761191,9,16,0.0
3187,42.39586091077236,17,8,0.0
3188,-41.60356356862153,9,16,0.0
3189,29.327227031121566,16,9,0.0
3190,73.07606325254397,20,5,0.0
3191,-20.369491576463652,11,14,0.0
3192,12.083079563319131,14,11,0.0
3193,13.983563666875144,14,11,0.0
3194,4.9999514219542185,13,12,0.0
3195,33.443571702783856,16,9,0.0
3196,-11.856177211101937,12,13,0.0
3197,32.41101932583097,16,9,0.0
3198,42.844239608529335,17,8,0.0
3199,42.46808913739013,17,8,0.0
3200,25.263494857759827,15,10,0.0
3201,22.25433018696987,15,10,0.0
3202,51.95804930942292,18,7,0.0
3203,22.020946153649394,15,10,0.0
3204,1.159968214930458,13,12,0.0
3205,0.9731636755856545,13,12,0.0
3206,-29.880130945033727,10,15,0.0
3207,-6.652760480913402,12,13,0.0
3208,40.59519599957506,17,8,0.0
3209,-20.508556734818313,11,14,0.0
3210,21.90370519748281,15,10,0.0
3211,30.432046459940253,16,9,0.0
3212,32.02836998807006,16,9,0.0
3213,2.944949962962083,13,12,0.0
3214,20.967563668499963,15,10,0.0
3215,20.973147580262072,15,10,0.0
3216,20.153500942018038,15,10,0.0
3217,11.584602119489755,14,11,0.0
3218,41.81762088333678,17,8,0.0
3219,14.963251061336077,14,11,0.0
3220,31.55312007319555,16,9,0.0
3221,23.978261941170125,15,10,0.0
3222,19.484092676841048,15,10,0.0
3223,10.86062705821889,14,11,0.0
3224,34.0062345017044,16,9,0.0
3225,32.0806933266936,16,9,0.0
3226,-9.945661267200776,12,13,0.0
3227,-8.073522514305438,12,13,0.0
3228,30.66817656978441,16,9,0.0
3229,-20.36867384710059,11,14,0.0
3230,-0.34439244751903964,13,12,0.0
3231,40.475971472017086,17,8,0.0
3232,-5.697304436189624,12,13,0.0
3233,42.74750131701951,17,8,0.0
3234,31.009579943329218,16,9,0.0
3235,53.926363700403606,18,7,0.0
3236,1.2669524572973772,13,12,0.0
3237,2.593683978455001,13,12,0.0
3238,39.66571354803679,17,8,0.0
3239,31.77018233906646,16,9,0.0
3240,-0.4524473636928601,13,12,0.0
3241,34.15898552578838,16,9,0.0
3242,2.212352195008136,13,12,0.0
3243,72.51967827507647,20,5,0.0
3244,10.577917253972586,14,11,0.0
3245,56.02384913703759,18,7,0.0
3246,22.46281122044468,15,10,0.0
3247,29.555565202401944,16,9,0.0
3248,74.06888107720127,20,5,0.0
3249,31.83081886524015,16,9,0.0
3250,-57.88843720013703,7,18,0.0
3251,41.4344635034592,17,8,0.0
3252,76.23917336036291,20,5,0.0
3253,32.881795582982484,16,9,0.0
3254,12.143710387078169,14,11,0.0
3255,42.95219768865905,17,8,0.0
3256,42.95745946203817,17,8,0.0
3257,52.25669189566502,18,7,0.0
3258,10.2361780506032,14,11,0.0
3259,21.94378809279602,15,10,0.0
3260,-30.679843930188277,10,15,0.0
3261,10.978667696451744,14,11,0.0
3262,-10.163940238736805,12,13,0.0
3263,22.242086746079107,15,10,0.0
3264,11.947163267905196,14,11,0.0
3265,10.058192467377475,14,11,0.0
3266,22.256299285556576,15,10,0.0
3267,11.791907576931713,14,11,0.0
3268,23.185271934188847,15,10,0.0
3269,55.615912882182144,18,7,0.0
3270,1.6875957541378361,13,12,0.0
3271,35.346225765036564,16,9,0.0
3272,0.9286604149871032,13,12,0.0
3273,44.193323444040324,17,8,0.0
3274,20.57376841296127,15,10,0.0
3275,-28.202371984802365,10,15,0.0
3276,23.160152687598547,15,10,0.0
3277,19.44621903214826,15,10,0.0
3278,61.20723092870319,19,6,0.0
3279,11.180609243868377,14,11,0.0
3280,42.74918780350174,17,8,0.0
3281,55.02403206303525,18,7,0.0
3282,32.482841200614544,16,9,0.0
3283,-27.114697482701075,10,15,0.0
3284,52.636251380187545,18,7,0.0
3285,64.28799338697654,19,6,0.0
3286,13.458056057999084,14,11,0.0
3287,0.7403574445396348,13,12,0.0
3288,30.6062071601851,16,9,0.0
3289,12.333071620932238,14,11,0.0
3290,53.217309680149654,18,7,0.0
3291,41.23873788160208,17,8,0.0
3292,52.69564176578842,18,7,0.0
3293,32.38981881737332,16,9,0.0
3294,26.82831074301375,15,9,0.0
3295,43.36173650800799,17,8,0.0
3296,-8.778072359839944,12,13,0.0
3297,64.50357882880533,19,6,0.0
3298,8.05934244198418,14,11,0.0
3299,20.793881879828035,15,10,0.0
3300,21.302479707267118,15,10,0.0
3301,38.81110789911834,17,8,0.0
3302,21.79179055551914,15,10,0.0
3303,51.292918677277456,18,7,0.0
3304,-5.877551282871577,12,13,0.0
3305,60.718595504832265,19,6,0.0
3306,2.738611684659194,13,12,0.0
3307,9.127711231032592,14,11,0.0
3308,33.146232777485736,16,9,0.0
3309,13.708957201565491,14,11,0.0
3310,33.729796331594144,16,9,0.0
3311,21.208594824271582,15,10,0.0
3312,-8.736825399969453,12,13,0.0
3313,52.78713176277752,18,7,0.0
3314,2.5651494676915805,13,12,0.0
3315,27.848548873350367,16,9,0.0
3316,14.37669475285151,14,11,0.0
3317,52.79743180871425,18,7,0.0
3318,20.860833851726674,15,10,0.0
3319,1.6907324719917618,13,12,0.0
3320,-19.841546929009617,11,14,0.0
3321,-0.04397402337904183,13,12,0.0
3322,23.482067457484867,15,10,0.0
3323,43.34549713427302,17,8,0.0
3324,55.98851245329329,18,7,0.0
3325,23.01108716866468,15,10,0.0
3326,12.084538350582521,14,11,0.0
3327,-0.7388736590165683,13,12,0.0
3328,23.912498496133562,15,10,0.0
3329,14.099558037788272,14,11,0.0
3330,41.98937724146673,17,8,0.0
3331,34.29112322881074,16,9,0.0
3332,21.978791011459283,15,10,0.0
3333,-7.708349997162312,12,13,0.0
3334,1.546036069569789,13,12,0.0
3335,2.228058693762656,13,12,0.0
3336,-8.659326494321935,12,13,0.0
3337,48.5379856370308,18,7,0.0
3338,23.26233348403957,15,10,0.0
3339,-29.326618809600966,10,15,0.0
3340,21.31238987113555,15,10,0.0
3341,30.554282942359883,16,9,0.0
3342,22.632122196729824,15,10,0.0
3343,20.615896973419478,15,10,0.0
3344,35.33984081160801,16,9,0.0
3345,20.80694519470952,15,10,0.0
3346,54.41439562291832,18,7,0.0
3347,55.06820090157517,18,7,0.0
3348,0.7607820037291262,13,12,0.0
3349,5.419728876854826,13,12,0.0
3350,-5.32812309073055,12,13,0.0
3351,22.875342850755892,15,10,0.0
3352,33.20232401094144,16,9,0.0
3353,55.7536687280817,18,7,0.0
3354,73.49166855050271,20,5,0.0
3355,32.39251803971434,16,9,0.0
3356,20.59945898749745,15,10,0.0
3357,-7.392816084061062,12,13,0.0
3358,-21.423892453968303,11,14,0.0
3359,34.31727899001921,16,9,0.0
3360,24.40652019922582,15,10,0.0
3361,22.27292315769553,15,10,0.0
3362,22.79627779294053,15,10,0.0
3363,-3.697639572921873,12,12,0.0
3364,43.04654175828935,17,8,0.0
3365,51.98329964117079,18,7,0.0
3366,31.423006118494058,16,9,0.0
3367,20.041438062098933,15,10,0.0
3368,30.754772592748726,16,9,0.0
3369,43.99111588590069,17,8,0.0
3370,0.4041030336535716,13,12,0.0
3371,13.906527821055843,14,11,0.0
3372,34.10991850236233,16,9,0.0
3373,54.6037366056215,18,7,0.0
3374,8.263071603619466,14,11,0.0
3375,32.73167432140949,16,9,0.0
3376,11.985056156291487,14,11,0.0
3377,30.083655112243534,16,9,0.0
3378,21.896747595871,15,10,0.0
3379,53.535633684166214,18,7,0.0
3380,44.597054682989004,17,8,0.0
3381,32.46923554667976,16,9,0.0
3382,2.167217158957589,13,12,0.0
3383,32.31855624119383,16,9,0.0
3384,51.10478581016789,18,7,0.0
3385,10.748062005063321,14,11,0.0
3386,11.80578737300226,14,11,0.0
3387,19.64771028633617,14,10,0.0
3388,19.860282531149693,15,10,0.0
3389,23.379000346311003,15,10,0.0
3390,53.76001779793341,18,7,0.0
3391,1.8319014552476238,13,12,0.0
3392,29.4093404162342,16,9,0.0
3393,29.745062031866535,16,9,0.0
3394,41.72935558947398,17,8,0.0
3395,21.07290144761999,15,10,0.0
3396,12.531927921585005,14,11,0.0
3397,-17.847003050571026,11,14,0.0
3398,53.28886145050809,18,7,0.0
3399,30.810937326156225,16,9,0.0
3400,63.74777947837592,19,6,0.0
3401,31.133584019380205,16,9,0.0
3402,32.064200150277216,16,9,0.0
3403,44.01365076175841,17,8,0.0
3404,28.91270250738441,16,9,0.0
3405,33.19713944311613,16,9,0.0
3406,12.041512512832098,14,11,0.0
3407,30.885858120601704,16,9,0.0
3408,-40.03364983164263,9,16,0.0
3409,-38.29735624401472,9,16,0.0
3410,2.8401140884483986,13,12,0.0
3411,-7.369465463079895,12,13,0.0
3412,34.702184801766435,16,9,0.0
3413,10.51562541178224,14,11,0.0
3414,19.567390366244027,15,10,0.0
3415,34.12537309135525,16,9,0.0
3416,24.85802714236402,15,9,0.0
3417,32.90434541121359,16,9,0.0
3418,21.14192519416192,15,10,0.0
3419,33.29756342982548,16,9,0.0
3420,63.953440760425345,19,6,0.0
3421,22.429650192755453,15,10,0.0
3422,21.36440959403758,15,10,0.0
3423,21.922334941096686,15,10,0.0
3424,2.728297142865973,13,12,0.0
3425,-19.170856325567378,11,14,0.0
3426,32.2301166682999,16,9,0.0
3427,-6.6585309561458885,12,13,0.0
3428,-20.469655063393347,11,14,0.0
3429,12.692588087953428,14,11,0.0
3430,40.78833495776608,17,8,0.0
3431,14.067644095704637,14,11,0.0
3432,-10.541363651679085,12,13,0.0
3433,32.58363173102294,16,9,0.0
3434,13.409177659736272,14,11,0.0
3435,-29.662475736813217,10,15,0.0
3436,73.63009768764331,20,5,0.0
3437,14.811323829810757,14,11,0.0
3438,12.871777799621935,14,11,0.0
3439,-47.65042464632724,8,17,0.0
3440,12.58648414014239,14,11,0.0
3441,31.714716244014156,16,9,0.0
3442,63.94808199232003,19,6,0.0
3443,-10.019659951417712,12,13,0.0
3444,45.14279939353861,17,8,0.0
3445,29.575707087882677,16,9,0.0
3446,30.310935370271316,16,9,0.0
3447,3.2664643390683223,13,12,0.0
3448,9.92692582492496,14,11,0.0
3449,42.78172026899553,17,8,0.0
3450,51.594317968702335,18,7,0.0
3451,53.08178865599052,18,7,0.0
3452,2.1067347140454373,13,12,0.0
3453,-11.241558240916511,12,13,0.0
3454,24.075314477502893,15,10,0.0
3455,34.868028300706875,16,9,0.0
3456,41.48533184539323,17,8,0.0
3457,54.602130282616926,18,7,0.0
3458,71.85873031202354,20,5,0.0
3459,72.49513038700273,20,5,0.0
3460,30.396709295758882,16,9,0.0
3461,19.8234539183915,15,10,0.0
3462,62.78301121808782,19,6,0.0
3463,43.112098124116784,17,8,0.0
3464,31.926630381187117,16,9,0.0
3465,2.911275942285526,13,12,0.0
3466,2.375895538967142,13,12,0.0
3467,11.031868078329158,14,11,0.0
3468,32.33785864667542,16,9,0.0
3469,-20.017640845488735,11,14,0.0
3470,34.63629174119905,16,9,0.0
3471,-9.398215370767184,12,13,0.0
3472,2.062334875604843,13,12,0.0
3473,19.76684130092821,15,10,0.0
3474,24.301032785339345,15,10,0.0
3475,-29.871688634893154,10,15,0.0
3476,33.01763431321001,16,9,0.0
3477,31.64829328073523,16,9,0.0
3478,23.861545525201755,15,10,0.0
3479,2.475905615475214,13,12,0.0
3480,43.367140372837795,17,8,0.0
3481,1.4963843273949458,13,12,0.0
3482,3.2092536483162175,13,12,0.0
3483,-40.30787372124896,9,16,0.0
3484,23.207634607052796,15,10,0.0
3485,73.0091544735389,20,5,0.0
3486,62.393744612653535,19,6,0.0
3487,23.533467379212077,15,10,0.0
3488,22.278610072233995,15,10,0.0
3489,32.072535057001915,16,9,0.0
3490,-7.712213503643058,12,13,0.0
3491,-8.614086905617565,12,13,0.0
3492,-0.21196287885842047,13,12,0.0
3493,-6.84898171824512,12,13,0.0
3494,-9.151895003386805,12,13,0.0
3495,2.863744107131776,13,12,0.0
3496,1.978487089243771,13,12,0.0
3497,-38.7768097935199,9,16,0.0
3498,52.40808036634986,18,7,0.0
3499,0.6452653633486648,13,12,0.0
3500,-7.987446513713582,12,13,0.0
3501,32.95274107954959,16,9,0.0
3502,53.94067080617548,18,7,0.0
3503,53.661822982393765,18,7,0.0
3504,42.907504008389736,17,8,0.0
3505,54.03946495970006,18,7,0.0
3506,11.5473766094868,14,11,0.0
3507,43.883818635011544,17,8,0.0
3508,21.594648833267854,15,10,0.0
3509,94.56503166456173,22,3,0.0
3510,22.901161313816214,15,10,0.0
3511,40.79449873964426,17,8,0.0
3512,8.234371366758593,14,11,0.0
3513,34.36392024684163,16,9,0.0
3514,40.29804700818213,17,8,0.0
3515,39.899672873942144,17,8,0.0
3516,18.603093823420245,15,10,0.0
3517,43.9080396340215,17,8,0.0
3518,-16.64907947544698,11,14,0.0
3519,-6.6418346441283145,12,13,0.0
3520,32.65421213628929,16,9,0.0
3521,3.6668724748294004,13,12,0.0
3522,30.823578374212943,16,9,0.0
3523,12.114677903769095,14,11,0.0
3524,33.103224049037934,16,9,0.0
3525,22.39706774041604,15,10,0.0
3526,-6.383488752495675,12,13,0.0
3527,-7.129878499642476,12,13,0.0
3528,2.4090252060542667,13,12,0.0
3529,74.83047255400604,20,5,0.0
3530,23.126264601777976,15,10,0.0
3531,22.76700065027869,15,10,0.0
3532,11.025268850694157,14,11,0.0
3533,13.652055849878174,14,11,0.0
3534,-9.195913763041283,12,13,0.0
3535,21.935699282663116,15,10,0.0
3536,-10.34595033515491,12,13,0.0
3537,41.007636479785745,17,8,0.0
3538,44.429537855971375,17,8,0.0
3539,30.276217123548765,16,9,0.0
3540,3.0328216900471725,13,12,0.0
3541,13.092973052033926,14,11,0.0
3542,17.82030802711202,15,10,0.0
3543,53.07803815506582,18,7,0.0
3544,3.551400263555635,13,12,0.0
3545,44.20067518261477,17,8,0.0
3546,-31.64501258726279,10,15,0.0
3547,32.87697448653079,16,9,0.0
3548,72.01615169324216,20,5,0.0
3549,22.252655085376908,15,10,0.0
3550,53.8181045760271,18,7,0.0
3551,-20.760681218364212,11,14,0.0
3552,-10.838680409980826,12,13,0.0
3553,33.55195592349839,16,9,0.0
3554,73.34795237421515,20,5,0.0
3555,-6.419861652648198,12,13,0.0
3556,13.065090627900895,14,11,0.0
3557,64.57740105867471,19,6,0.0
3558,47.971530655411385,18,7,0.0
3559,-0.01951306168435174,13,12,0.0
3560,33.23685154216971,16,9,0.0
3561,12.692168106995561,14,11,0.0
3562,63.13773122096785,19,6,0.0
3563,29.751916197521105,16,9,0.0
3564,2.5734510586845705,13,12,0.0
3565,82.19396933977688,21,4,0.0
3566,53.461448457952905,18,7,0.0
3567,33.29442332027892,16,9,0.0
3568,-39.29130933893877,9,16,0.0
3569,75.08470709735954,20,5,0.0
3570,13.015822133758828,14,11,0.0
3571,-18.595857018055703,11,14,0.0
3572,41.57779408406628,17,8,0.0
3573,-6.1845357367808305,12,13,0.0
3574,-8.519645636351228,12,13,0.0
3575,0.954312282984696,13,12,0.0
3576,23.05431803587437,15,10,0.0
3577,42.13794665094642,17,8,0.0
3578,4.482446075161087,13,12,0.0
3579,53.05487769185963,18,7,0.0
3580,12.272045565755874,14,11,0.0
3581,0.9253875570957604,13,12,0.0
3582,13.023432117145903,14,11,0.0
3583,-6.050675712087191,12,13,0.0
3584,31.921007588635536,16,9,0.0
3585,-19.990613320007583,11,14,0.0
3586,34.65347694594345,16,9,0.0
3587,-0.3010540896632481,13,12,0.0
3588,13.068312962348795,14,11,0.0
3589,42.85248045744529,17,8,0.0
3590,31.858869431379425,16,9,0.0
3591,73.2773815541834,20,5,0.0
3592,2.0509903672630188,13,12,0.0
3593,23.56747677645339,15,10,0.0
3594,31.601599617348423,16,9,0.0
3595,8.265156309564402,14,11,0.0
3596,35.41190997879091,16,9,0.0
3597,-29.86313217780664,10,15,0.0
3598,32.122910873197114,16,9,0.0
3599,11.283538203365413,14,11,0.0
3600,32.90089021012227,16,9,0.0
3601,33.87289933526907,16,9,0.0
3602,12.396500196099215,14,11,0.0
3603,-5.848121301429686,12,13,0.0
3604,53.111367073655465,18,7,0.0
3605,0.4933607742363728,13,12,0.0
3606,13.11049441008771,14,11,0.0
3607,40.12355565304023,17,8,0.0
3608,72.26001491047221,20,5,0.0
3609,-2.973665854089587,13,12,0.0
3610,21.40701637079945,15,10,0.0
3611,11.141552411694978,14,11,0.0
3612,51.92574502000885,18,7,0.0
3613,53.848817611253395,18,7,0.0
3614,41.8656240505242,17,8,0.0
3615,51.39353676472977,18,7,0.0
3616,-7.106085166964213,12,13,0.0
3617,21.547363967034403,15,10,0.0
3618,-10.611298546393812,12,13,0.0
3619,22.574980379023412,15,10,0.0
3620,47.02887529665121,17,8,0.0
3621,1.5450241835406358,13,12,0.0
3622,11.740069272144199,14,11,0.0
3623,35.7074980042892,16,9,0.0
3624,10.526176213453857,14,11,0.0
3625,-51.09579716888128,8,17,0.0
3626,11.393670508602577,14,11,0.0
3627,23.913879097297936,15,10,0.0
3628,43.130114767678194,17,8,0.0
3629,63.041152779333586,19,6,0.0
3630,12.719264966655498,14,11,0.0
3631,23.632860086282058,15,10,0.0
3632,39.34580225846393,17,8,0.0
3633,22.866998532362555,15,10,0.0
3634,43.42092733078234,17,8,0.0
3635,33.02232142418913,16,9,0.0
3636,-38.82008210236265,9,16,0.0
3637,62.646218666197505,19,6,0.0
3638,-22.04993430526978,11,14,0.0
3639,33.11159875106246,16,9,0.0
3640,41.638539566768785,17,8,0.0
3641,2.5265925219801044,13,12,0.0
3642,-18.68400485619258,11,14,0.0
3643,32.13305000956502,16,9,0.0
3644,1.4456661551907133,13,12,0.0
3645,10.348903353072101,14,11,0.0
3646,-7.321443788525589,12,13,0.0
3647,30.881384939143345,16,9,0.0
3648,21.37006198774137,15,10,0.0
3649,11.146103472035133,14,11,0.0
3650,22.717548122587214,15,10,0.0
3651,-29.024217567304554,10,15,0.0
3652,1.6330704309941604,13,12,0.0
3653,33.151078163801444,16,9,0.0
3654,22.80156463716002,15,10,0.0
3655,20.739116570765674,15,10,0.0
3656,13.256363976645753,14,11,0.0
3657,3.0111374211735127,13,12,0.0
3658,0.2920987749798911,13,12,0.0
3659,51.6261147838287,18,7,0.0
3660,11.493556646758888,14,11,0.0
3661,23.055997408063753,15,10,0.0
3662,61.19905814760351,19,6,0.0
3663,21.062212003588627,15,10,0.0
3664,42.881089773612246,17,8,0.0
3665,22.17590348722509,15,10,0.0
3666,74.67321904460599,20,5,0.0
3667,73.47584385329634,20,5,0.0
3668,22.444824329964767,15,10,0.0
3669,-30.63651559244882,10,15,0.0
3670,20.925714846198254,15,10,0.0
3671,2.4799721988514083,13,12,0.0
3672,-9.970978084131236,12,13,0.0
3673,43.924946843383125,17,8,0.0
3674,13.945856106260011,14,11,0.0
3675,19.18918288227528,15,10,0.0
3676,50.332929216542894,18,7,0.0
3677,0.41658500254431896,13,12,0.0
3678,12.806293177714382,14,11,0.0
3679,12.803915139894393,14,11,0.0
3680,43.25822498873438,17,8,0.0
3681,-40.90377240306174,9,16,0.0
3682,-17.931413213170355,11,14,0.0
3683,41.05292441400626,17,8,0.0
3684,13.09239104251828,14,11,0.0
3685,33.464717066964944,16,9,0.0
3686,11.8718471272715,14,11,0.0
3687,-28.294427823425675,10,15,0.0
3688,12.214881550527256,14,11,0.0
3689,42.28667520319078,17,8,0.0
3690,-16.93838225589583,11,14,0.0
3691,-0.42407092836600757,13,12,0.0
3692,43.88264504239774,17,8,0.0
3693,1.7253534818292473,13,12,0.0
3694,42.18512864799318,17,8,0.0
3695,23.38800724479067,15,10,0.0
3696,-17.34702214624147,11,14,0.0
3697,-8.897070761839846,12,13,0.0
3698,-10.569605980802384,12,13,0.0
3699,39.303209015440515,17,8,0.0
3700,34.94916383569856,16,9,0.0
3701,44.2041596216066,17,8,0.0
3702,-18.02474488515849,11,14,0.0
3703,22.83583440760426,15,10,0.0
3704,24.103009422209507,15,10,0.0
3705,-38.10565593448318,9,16,0.0
3706,43.192884917004555,17,8,0.0
3707,30.88187745004371,16,9,0.0
3708,23.655536345691836,15,10,0.0
3709,13.118040074945709,14,11,0.0
3710,11.310773544212438,14,11,0.0
3711,23.801837912713214,15,10,0.0
3712,-7.363458763947021,12,13,0.0
3713,-22.476754369281526,11,14,0.0
3714,63.009889237013546,19,6,0.0
3715,23.25768286032953,15,10,0.0
3716,-18.88025951856291,11,14,0.0
3717,33.614200400700724,16,9,0.0
3718,4.336608438059514,13,12,0.0
3719,13.4694765545979,14,11,0.0
3720,62.440633142041555,19,6,0.0
3721,24.11195483478762,15,10,0.0
3722,10.294816850054373,14,11,0.0
3723,12.695119045133204,14,11,0.0
3724,14.113455216638712,14,11,0.0
3725,23.488361197678437,15,10,0.0
3726,42.501512339554154,17,8,0.0
3727,21.21642678771948,15,10,0.0
3728,13.149555998702278,14,11,0.0
3729,13.903423636059872,14,11,0.0
3730,22.46795401922478,15,10,0.0
3731,12.516875974809777,14,11,0.0
3732,40.472746349335075,17,8,0.0
3733,32.99025977136284,16,9,0.0
3734,-6.783534916858967,12,13,0.0
3735,-6.793981527555712,12,13,0.0
3736,22.19278108688032,15,10,0.0
3737,-7.425632842340018,12,13,0.0
3738,22.74487391638887,15,10,0.0
3739,22.187143227722377,15,10,0.0
3740,2.5445283409277835,13,12,0.0
3741,-25.85764894581102,10,15,0.0
3742,-35.79079212307114,9,16,0.0
3743,18.060343175309296,14,10,0.0
3744,-28.317644263745645,10,15,0.0
3745,4.122297878010689,13,12,0.0
3746,-9.226717241178129,12,13,0.0
3747,-7.498716385826618,12,13,0.0
3748,42.72414776207687,17,8,0.0
3749,64.21306041626268,19,6,0.0
3750,32.563318225018676,16,9,0.0
3751,-29.347032457325895,10,15,0.0
3752,21.36319621269758,15,10,0.0
3753,31.328250165153484,16,9,0.0
3754,31.659674933404034,16,9,0.0
3755,42.98626326650799,17,8,0.0
3756,53.19850941684088,18,7,0.0
3757,31.329837384406083,16,9,0.0
3758,12.822309311439792,14,11,0.0
3759,53.58910003207123,18,7,0.0
3760,23.958042635990605,15,10,0.0
3761,55.569703680078874,18,7,0.0
3762,10.551833087165727,14,11,0.0
3763,74.45624962955432,20,5,0.0
3764,-30.6986721538133,10,15,0.0
3765,23.612374403485994,15,10,0.0
3766,24.26955354822823,15,10,0.0
3767,44.781118115978494,17,8,0.0
3768,43.78042008222191,17,8,0.0
3769,-7.780619636514625,12,13,0.0
3770,-8.138935464968139,12,13,0.0
3771,30.98444363948988,16,9,0.0
3772,73.82369422266585,20,5,0.0
3773,62.715221649287884,19,6,0.0
3774,22.885821550182623,15,10,0.0
3775,-3.7690028410271337,12,12,0.0
3776,35.288781613921074,16,9,0.0
3777,12.575129957481828,14,11,0.0
3778,-8.392125128894861,12,13,0.0
3779,11.695108684339704,14,11,0.0
3780,33.58834733480933,16,9,0.0
3781,-29.659323927602905,10,15,0.0
3782,43.83228609922983,17,8,0.0
3783,-7.469019846691262,12,13,0.0
3784,43.115417178569615,17,8,0.0
3785,12.839925729098098,14,11,0.0
3786,13.888829948035742,14,11,0.0
3787,44.148021222897555,17,8,0.0
3788,33.54135541759734,16,9,0.0
3789,11.425237761962064,14,11,0.0
3790,33.46850327948307,16,9,0.0
3791,34.75420933190425,16,9,0.0
3792,-26.25284654868415,10,15,0.0
3793,-6.225067455320639,12,13,0.0
3794,2.9980958223514262,13,12,0.0
3795,1.8887911789448655,13,12,0.0
3796,1.2458374896297242,13,12,0.0
3797,-7.948998381420956,12,13,0.0
3798,55.94536386869991,18,7,0.0
3799,-7.998428713704724,12,13,0.0
3800,52.90195832576311,18,7,0.0
3801,29.983974931834027,16,9,0.0
3802,1.0829429838741556,13,12,0.0
3803,62.54735281089416,19,6,0.0
3804,46.39877217531898,17,8,0.0
3805,80.59960467448836,21,4,0.0
3806,31.408295504571864,16,9,0.0
3807,12.543171332736094,14,11,0.0
3808,34.41932750453104,16,9,0.0
3809,23.82875244070008,15,10,0.0
3810,31.92126461848035,16,9,0.0
3811,12.571810575304882,14,11,0.0
3812,53.68289815297592,18,7,0.0
3813,63.759500509499716,19,6,0.0
3814,22.70056578943621,15,10,0.0
3815,31.972300201594294,16,9,0.0
3816,75.15079628089816,20,5,0.0
3817,42.949063991944584,17,8,0.0
3818,44.033936338417014,17,8,0.0
3819,2.412177052109606,13,12,0.0
3820,34.70536968352489,16,9,0.0
3821,3.2389370807931077,13,12,0.0
3822,63.8660223742966,19,6,0.0
3823,-17.55543102234022,11,14,0.0
3824,23.5550811953985,15,10,0.0
3825,64.86994884321805,19,6,0.0
3826,-30.10528189346994,10,15,0.0
3827,13.136714271800267,14,11,0.0
3828,33.50986786791981,16,9,0.0
3829,52.78980601202259,18,7,0.0
3830,51.320376562982716,18,7,0.0
3831,62.596074789645435,19,6,0.0
3832,34.70217362708789,16,9,0.0
3833,11.319948837578798,14,11,0.0
3834,23.354850531491508,15,10,0.0
3835,53.989626428041895,18,7,0.0
3836,63.765202676969494,19,6,0.0
3837,9.61120722124716,14,11,0.0
3838,41.17517914000217,17,8,0.0
3839,64.72771305695683,19,6,0.0
3840,42.28885674369352,17,8,0.0
3841,13.04030922738335,14,11,0.0
3842,33.50836887633646,16,9,0.0
3843,10.453936048069234,14,11,0.0
3844,-20.31137232921008,11,14,0.0
3845,33.99847422115486,16,9,0.0
3846,13.363608093405885,14,11,0.0
3847,20.99717086328883,15,10,0.0
3848,-8.266669157672835,12,13,0.0
3849,44.26291174782402,17,8,0.0
3850,41.750970664399716,17,8,0.0
3851,15.272779677614773,14,11,0.0
3852,32.4914950778373,16,9,0.0
3853,13.569411221367899,14,11,0.0
3854,33.18560301830153,16,9,0.0
3855,84.74169922990869,21,4,0.0
3856,63.48441572656042,19,6,0.0
3857,31.633387240657388,16,9,0.0
3858,25.710249549567585,15,10,0.0
3859,53.464233199461994,18,7,0.0
3860,-29.00427080549739,10,15,0.0
3861,1.8059293451883267,13,12,0.0
3862,55.34780167491728,18,7,0.0
3863,42.60185575394185,17,8,0.0
3864,42.98412465516547,17,8,0.0
3865,3.5960273974386996,13,12,0.0
3866,22.80788461377498,15,10,0.0
3867,-17.75489478807303,11,14,0.0
3868,54.498487794719296,18,7,0.0
3869,43.8821870111563,17,8,0.0
3870,23.775409922351137,15,10,0.0
3871,-8.10251182079902,12,13,0.0
3872,11.492127197598117,14,11,0.0
3873,-0.012473203829467039,13,12,0.0
3874,-17.366832428288184,11,14,0.0
3875,31.538565180030783,16,9,0.0
3876,1.5039149092687083,13,12,0.0
3877,42.60058697268131,17,8,0.0
3878,3.706330095741224,13,12,0.0
3879,-10.325940743737283,12,13,0.0
3880,44.86327412274276,17,8,0.0
3881,-7.090280468702029,12,13,0.0
3882,21.64355030312175,15,10,0.0
3883,34.51174547585257,16,9,0.0
3884,63.95982343742811,19,6,0.0
3885,-5.093978350371754,12,13,0.0
3886,22.16333808736332,15,10,0.0
3887,3.9490920696945064,13,12,0.0
3888,20.23582144929218,15,10,0.0
3889,22.73406588100136,15,10,0.0
3890,33.41599927570572,16,9,0.0
3891,32.14511082348337,16,9,0.0
3892,24.160529130648086,15,10,0.0
3893,11.728467991571032,14,11,0.0
3894,42.128196131030464,17,8,0.0
3895,-8.292143096950877,12,13,0.0
3896,2.668640675862475,13,12,0.0
3897,10.88651041045376,14,11,0.0
3898,4.700059775943373,13,12,0.0
3899,3.5072519787776635,13,12,0.0
3900,53.02428136745246,18,7,0.0
3901,32.078675535321295,16,9,0.0
3902,22.392706298497238,15,10,0.0
3903,-28.263608826615293,10,15,0.0
3904,42.34304815089123,17,8,0.0
3905,103.61700584199362,23,2,0.0
3906,25.187592988263813,15,10,0.0
3907,-12.20685106012786,12,13,0.0
3908,33.41194654072318,16,9,0.0
3909,23.864096327628424,15,10,0.0
3910,52.921050338219295,18,7,0.0
3911,54.313340820188465,18,7,0.0
3912,32.65709116150924,16,9,0.0
3913,22.48641549125522,15,10,0.0
3914,23.417872462837884,15,10,0.0
3915,10.686931979689229,14,11,0.0
3916,23.25498987507006,15,10,0.0
3917,32.71675037689026,16,9,0.0
3918,22.71147855570475,15,10,0.0
3919,-17.269063290038318,11,14,0.0
3920,24.847983332083423,15,10,0.0
3921,-7.776537045875704,12,13,0.0
3922,4.418047035834121,13,12,0.0
3923,16.122817499862368,14,11,0.0
3924,42.18324907327569,17,8,0.0
3925,2.3714075530690506,13,12,0.0
3926,23.88306951400522,15,10,0.0
3927,54.91554515402734,18,7,0.0
3928,36.89689811685687,16,9,0.0
3929,2.849280690298473,13,12,0.0
3930,44.765913476754264,17,8,0.0
3931,22.144340054799784,15,10,0.0
3932,42.79133056615683,17,8,0.0
3933,-4.8397338552189515,12,13,0.0
3934,-18.19806083791493,11,14,0.0
3935,24.768363913016046,15,10,0.0
3936,54.97941343030277,18,7,0.0
3937,14.627866282896028,14,11,0.0
3938,-0.3813717440375992,13,12,0.0
3939,45.83317405262352,17,8,0.0
3940,56.34013891639,18,7,0.0
3941,2.5555917900957947,13,12,0.0
3942,4.406034982375843,13,12,0.0
3943,2.6022321405429336,13,12,0.0
3944,1.7814209372535892,13,12,0.0
3945,43.79712009209093,17,8,0.0
3946,23.246428632641035,15,10,0.0
3947,46.451581504798654,17,8,0.0
3948,1.994885310680063,13,12,0.0
3949,33.443741340514116,16,9,0.0
3950,24.12713689801805,15,10,0.0
3951,-8.093349953076316,12,13,0.0
3952,2.331012536632425,13,12,0.0
3953,-17.070243982006843,11,14,0.0
3954,12.579651139692931,14,11,0.0
3955,-5.810768840424564,12,13,0.0
3956,21.947577463036787,15,10,0.0
3957,23.163886502716377,15,10,0.0
3958,13.32947493156723,14,11,0.0
3959,45.176480848598786,17,8,0.0
3960,33.25039864342516,16,9,0.0
3961,13.259036031473626,14,11,0.0
3962,13.836913644221273,14,11,0.0
3963,44.08568420812944,17,8,0.0
3964,56.67548379466691,18,6,0.0
3965,52.56302918636933,18,7,0.0
3966,42.985844191963075,17,8,0.0
3967,-15.905131314356018,11,14,0.0
3968,-21.84151179002987,11,14,0.0
3969,1.4577224717759414,13,12,0.0
3970,55.268784156184616,18,7,0.0
3971,44.87965294571985,17,8,0.0
3972,13.713565950344423,14,11,0.0
3973,44.51302647767754,17,8,0.0
3974,25.643979800657124,15,10,0.0
3975,5.283049679603375,13,12,0.0
3976,19.086481529709815,15,10,0.0
3977,15.092364178096414,14,11,0.0
3978,10.326346409372563,14,11,0.0
3979,31.1775524371712,16,9,0.0
3980,-20.359797127798007,11,14,0.0
3981,-28.06225640845373,10,15,0.0
3982,-7.600172173831689,12,13,0.0
3983,12.293873847869332,14,11,0.0
3984,22.26281322090303,15,10,0.0
3985,45.52054597524693,17,8,0.0
3986,41.721267851783246,17,8,0.0
3987,21.444709599513974,15,10,0.0
3988,44.23142831774586,17,8,0.0
3989,15.377332147839965,14,11,0.0
3990,2.128849139695931,13,12,0.0
3991,62.253303942872584,19,6,0.0
3992,13.115636579339778,14,11,0.0
3993,83.90369024225252,21,4,0.0
3994,43.10827136978927,17,8,0.0
3995,31.944135067354665,16,9,0.0
3996,42.566095126223516,17,8,0.0
3997,13.120552692053167,14,11,0.0
3998,44.25353060205413,17,8,0.0
3999,31.9432094737705,16,9,0.0
4000,11.905400520255988,14,11,0.0
