"# mode=none d_value=0 d=[0,0] p=0.50 dr=0 seed=7 topology=fixed ch=3 n_agents=5 obs_dim=34 n_episodes=4000"
episode,sum_reward,success,fail,mean_delay
1,-45.807628562605146,8,17,0.0
2,-25.163694975679,10,15,0.0
3,-45.70950170389934,8,17,0.0
4,-46.126457246592686,8,17,0.0
5,-45.85191275381162,8,17,0.0
6,-26.150049346964337,10,15,0.0
7,-36.23352328323155,9,16,0.0
8,-43.92694151193418,8,17,0.0
9,-35.432374294433444,9,16,0.0
10,-55.40297294744485,7,18,0.0
11,-25.393959139233978,10,15,0.0
12,-26.1651577383655,10,15,0.0
13,-35.86533564413416,9,16,0.0
14,-26.044947830273642,10,15,0.0
15,-15.824728746929546,11,14,0.0
16,-25.421064451471647,10,15,0.0
17,-16.464856773578397,11,14,0.0
18,-26.555153080291777,10,15,0.0
19,-65.55378794184726,6,19,0.0
20,-15.784294210400255,11,14,0.0
21,-26.617229153988273,10,15,0.0
22,-25.876552829543826,10,15,0.0
23,-27.120969054931553,10,15,0.0
24,-34.49624247871298,9,16,0.0
25,-26.172712179016173,10,15,0.0
26,-45.36723070938903,8,17,0.0
27,-55.966016184695434,7,18,0.0
28,-35.51142906588421,9,16,0.0
29,-35.593801389132,9,16,0.0
30,-46.543253444337026,8,17,0.0
31,-36.02445785933962,9,16,0.0
32,-35.13341915246734,9,16,0.0
33,-35.18485023853557,9,16,0.0
34,-24.406713159021795,10,15,0.0
35,-25.127537542848124,10,15,0.0
36,-37.02186643824945,9,16,0.0
37,-16.06618098642147,11,14,0.0
38,-17.08465095790187,11,14,0.0
39,-26.67661815242773,10,15,0.0
40,-17.088368697956692,11,14,0.0
41,2.8838061653886937,13,12,0.0
42,-15.308319894257998,11,14,0.0
43,3.1554611209571766,13,12,0.0
44,-25.73312108139938,10,15,0.0
45,-56.55568188764069,7,18,0.0
46,-26.461269746048018,10,15,0.0
47,-26.580834307418737,10,15,0.0
48,-45.39935113359914,8,17,0.0
49,-6.327010572145264,12,13,0.0
50,-16.566574160813975,11,14,0.0
51,-28.238296555834136,10,15,0.0
52,-16.704334013808907,11,14,0.0
53,-37.563035120271124,9,16,0.0
54,-47.068907564256335,8,17,0.0
55,-27.494573829975852,10,15,0.0
56,-38.453238198583065,9,16,0.0
57,-17.454827885868802,11,14,0.0
58,-17.752601962440046,11,14,0.0
59,-38.77742925618615,9,16,0.0
60,-26.392640941517367,10,15,0.0
61,-28.119990809637756,10,15,0.0
62,-16.952586874325743,11,14,0.0
63,-35.40763918667698,9,16,0.0
64,-6.624596741884818,12,13,0.0
65,-47.56270190742818,8,17,0.0
66,-16.36025213468863,11,14,0.0
67,-35.24969835173078,9,16,0.0
68,-37.079162162893745,9,16,0.0
69,-46.01444208586341,8,17,0.0
70,-46.65978568562066,8,17,0.0
71,-26.972247730442557,10,15,0.0
72,-37.311016514791056,9,16,0.0
73,-26.08677016151316,10,15,0.0
74,-55.79125610627917,7,18,0.0
75,-36.088180520182924,9,16,0.0
76,-27.84223227628003,10,15,0.0
77,-26.81841691411133,10,15,0.0
78,-66.02312240889297,6,19,0.0
79,-26.333963538473647,10,15,0.0
80,-57.788283022408386,7,18,0.0
81,-67.6730851759182,6,19,0.0
82,-36.63780871283939,9,16,0.0
83,-55.60231600972817,7,18,0.0
84,-16.428585964213738,11,14,0.0
85,-47.44154827674135,8,17,0.0
86,-54.919170927006526,7,18,0.0
87,-27.812584909377485,10,15,0.0
88,-55.82583216102248,7,18,0.0
89,-26.709932938512946,10,15,0.0
90,-26.277596239490958,10,15,0.0
91,-46.85258661305744,8,17,0.0
92,-56.80631095497403,7,18,0.0
93,-36.423055230217884,9,16,0.0
94,-26.88185941909714,10,15,0.0
95,-37.587571863731206,9,16,0.0
96,-36.11114640333757,9,16,0.0
97,-16.647300372674465,11,14,0.0
98,-36.568344457701905,9,16,0.0
99,-36.27866136653718,9,16,0.0
100,-37.13944013420347,9,16,0.0
101,-36.954659770223344,9,16,0.0
102,-38.105867390115236,9,16,0.0
103,-36.3966784435745,9,16,0.0
104,-27.608006642944794,10,15,0.0
105,-47.73161464351919,8,17,0.0
106,-27.65532819930019,10,15,0.0
107,-47.78113206093059,8,17,0.0
108,-37.58533300239844,9,16,0.0
109,-37.93374038492124,9,16,0.0
110,-16.883613402273994,11,14,0.0
111,-56.44434073941005,7,18,0.0
112,-57.968598916457736,7,18,0.0
113,-46.799992242309216,8,17,0.0
114,-57.06831897786837,7,18,0.0
115,-67.66675740710545,6,19,0.0
116,-25.62301752495202,10,15,0.0
117,-26.55052720058094,10,15,0.0
118,-47.37084400867664,8,17,0.0
119,-87.54107744692556,4,21,0.0
120,-37.51080961276013,9,16,0.0
121,-17.016219372587972,11,14,0.0
122,-27.497122167696997,10,15,0.0
123,-26.817064766766748,10,15,0.0
124,-37.10335651500295,9,16,0.0
125,-46.56146840019694,8,17,0.0
126,-28.30323048743513,10,15,0.0
127,-56.76331409879447,7,18,0.0
128,-17.231577854658596,11,14,0.0
129,-36.36837717188059,9,16,0.0
130,-47.08244467688096,8,17,0.0
131,-37.14127012816612,9,16,0.0
132,-16.594836081188035,11,14,0.0
133,-36.46308508535663,9,16,0.0
134,-25.948085947169346,10,15,0.0
135,-25.91550863845613,10,15,0.0
136,-35.55659185542247,9,16,0.0
137,-56.291228098862675,7,18,0.0
138,-27.058800596586877,10,15,0.0
139,-16.217609555858854,11,14,0.0
140,-27.149177664445936,10,15,0.0
141,-26.349324991781522,10,15,0.0
142,-16.319542512816582,11,14,0.0
143,-15.722233599950844,11,14,0.0
144,-6.5311927667822784,12,13,0.0
145,-36.893694087551545,9,16,0.0
146,-46.608845035499904,8,17,0.0
147,-47.5690108542624,8,17,0.0
148,-67.08692097684795,6,19,0.0
149,-17.16554754089347,11,14,0.0
150,-26.373511804253766,10,15,0.0
151,-36.65483405711481,9,16,0.0
152,-26.03607649517524,10,15,0.0
153,-36.06845408178448,9,16,0.0
154,-45.72811490202151,8,17,0.0
155,-38.01929484524769,9,16,0.0
156,-47.04917946426606,8,17,0.0
157,-66.5643389503116,6,19,0.0
158,-56.104442640911195,7,18,0.0
159,-6.332595144289822,12,13,0.0
160,-5.608374636729386,12,13,0.0
161,-36.614492439986435,9,16,0.0
162,-26.741968748176518,10,15,0.0
163,-36.40321406574781,9,16,0.0
164,-16.26738092272311,11,14,0.0
165,-25.62179764725072,10,15,0.0
166,-25.542714106423347,10,15,0.0
167,-66.94354514189737,6,19,0.0
168,-16.1824886201073,11,14,0.0
169,-35.31522569672509,9,16,0.0
170,-26.528091875854265,10,15,0.0
171,-27.27611494923381,10,15,0.0
172,-17.54455804949739,11,14,0.0
173,-57.125527960273565,7,18,0.0
174,-25.47545835407075,10,15,0.0
175,-26.012645037406624,10,15,0.0
176,-27.077443423992925,10,15,0.0
177,-45.98142777301998,8,17,0.0
178,-45.491892269006925,8,17,0.0
179,-37.649987943664634,9,16,0.0
180,-56.60504334173822,7,18,0.0
181,-45.53637859184819,8,17,0.0
182,-36.79550207538833,9,16,0.0
183,-25.750612754372888,10,15,0.0
184,-35.652689534427736,9,16,0.0
185,-26.722935240534426,10,15,0.0
186,-25.978109433644747,10,15,0.0
187,-36.30854867432383,9,16,0.0
188,-45.5392511249628,8,17,0.0
189,-56.816353366485416,7,18,0.0
190,-36.487094179993434,9,16,0.0
191,-5.9574585614044455,12,13,0.0
192,-6.5104323831073,12,13,0.0
193,-57.043129528068555,7,18,0.0
194,-16.71316467701864,11,14,0.0
195,-36.35003077666012,9,16,0.0
196,-16.039959556800472,11,14,0.0
197,-35.17975919578324,9,16,0.0
198,-36.06568814012341,9,16,0.0
199,-47.438727461441786,8,17,0.0
200,-36.150607368431,9,16,0.0
201,-16.107883086123824,11,14,0.0
202,-15.756980781161701,11,14,0.0
203,-34.92642128663644,9,16,0.0
204,-15.572358679035437,11,14,0.0
205,-16.448218728089824,11,14,0.0
206,-25.377724660799252,10,15,0.0
207,-26.21069959009532,10,15,0.0
208,-15.327532322642806,11,14,0.0
209,-6.8248967689732165,12,13,0.0
210,-15.238266446440239,11,14,0.0
211,-14.977227820770796,11,14,0.0
212,-55.52025950608052,7,18,0.0
213,-36.34820934747629,9,16,0.0
214,-5.8457165825755535,12,13,0.0
215,-15.80435266973461,11,14,0.0
216,-16.597948565207624,11,14,0.0
217,-25.761604578083823,10,15,0.0
218,-26.317110828044672,10,15,0.0
219,-26.38284076085688,10,15,0.0
220,-36.70934447922499,9,16,0.0
221,-16.705862155171754,11,14,0.0
222,3.424058135861217,13,12,0.0
223,-6.229288682198181,12,13,0.0
224,3.8060161088399678,13,12,0.0
225,-16.47453430243972,11,14,0.0
226,-5.361066704424507,12,13,0.0
227,-15.004418697593858,11,14,0.0
228,-5.9282025133767,12,13,0.0
229,-15.6859791389352,11,14,0.0
230,-26.241844623196624,10,15,0.0
231,-7.413265294275431,12,13,0.0
232,-36.906649015796106,9,16,0.0
233,-35.2675601561458,9,16,0.0
234,-16.687584122446925,11,14,0.0
235,-5.549670806332672,12,13,0.0
236,-5.526772363507818,12,13,0.0
237,-16.459393348268115,11,14,0.0
238,3.825249043258074,13,12,0.0
239,-17.255605100096016,11,14,0.0
240,-16.053975393606194,11,14,0.0
241,-35.208999047418146,9,16,0.0
242,-7.417306739654626,12,13,0.0
243,-6.860826545896728,12,13,0.0
244,-6.719938700652735,12,13,0.0
245,-16.1428956760977,11,14,0.0
246,-6.365142988159292,12,13,0.0
247,-16.048723276910764,11,14,0.0
248,-7.191372168717116,12,13,0.0
249,-37.65351521921784,9,16,0.0
250,3.252980218921072,13,12,0.0
251,-7.057394370282514,12,13,0.0
252,3.1051291316359393,13,12,0.0
253,3.378837151360246,13,12,0.0
254,-7.047190860253478,12,13,0.0
255,-16.35743671791738,11,14,0.0
256,3.8405072260710926,13,12,0.0
257,-6.790189959940935,12,13,0.0
258,-7.6893335580988005,12,13,0.0
259,11.82399639782771,14,11,0.0
260,-7.066062101755841,12,13,0.0
261,13.85235444934089,14,11,0.0
262,3.686329672767042,13,12,0.0
263,-17.714668689270525,11,14,0.0
264,-16.637566066756374,11,14,0.0
265,-26.447795659262894,10,15,0.0
266,-25.502189416346898,10,15,0.0
267,-7.450448854562997,12,13,0.0
268,-7.19613260901452,12,13,0.0
269,2.7544021940354706,13,12,0.0
270,3.0456232989975334,13,12,0.0
271,-15.56413436018131,11,14,0.0
272,2.3745924502552374,13,12,0.0
273,-6.7145978142820475,12,13,0.0
274,2.4558512253092757,13,12,0.0
275,2.643163971285129,13,12,0.0
276,2.0432366233482036,13,12,0.0
277,-7.138112808446216,12,13,0.0
278,-6.0708845365647806,12,13,0.0
279,2.7993991128184224,13,12,0.0
280,-7.811557164443288,12,13,0.0
281,12.580338674356415,14,11,0.0
282,-16.07322107680959,11,14,0.0
283,-6.996585069151925,12,13,0.0
284,-16.144974413605805,11,14,0.0
285,-16.163338236695783,11,14,0.0
286,-28.39302060991485,10,15,0.0
287,-7.693141550168712,12,13,0.0
288,3.8085467466330263,13,12,0.0
289,-6.208784166252813,12,13,0.0
290,-27.415810104616167,10,15,0.0
291,-27.525918399792133,10,15,0.0
292,-27.731434156023486,10,15,0.0
293,-6.5120636171688195,12,13,0.0
294,-16.1620556509899,11,14,0.0
295,-16.599531264614523,11,14,0.0
296,3.9480342222899827,13,12,0.0
297,-7.315285272654723,12,13,0.0
298,-27.528807587243662,10,15,0.0
299,-27.026739806676616,10,15,0.0
300,13.15666738818609,14,11,0.0
301,-26.304383144018544,10,15,0.0
302,-36.58762891891198,9,16,0.0
303,-26.859944578741093,10,15,0.0
304,-15.939339176022814,11,14,0.0
305,23.347002747422053,15,10,0.0
306,-6.411518719417191,12,13,0.0
307,-26.131461345805945,10,15,0.0
308,-7.19736563068732,12,13,0.0
309,-15.962689278741438,11,14,0.0
310,23.095204516712457,15,10,0.0
311,-6.108255646032205,12,13,0.0
312,-5.869019866951528,12,13,0.0
313,-16.50970555940938,11,14,0.0
314,-26.21333361113233,10,15,0.0
315,-14.700373651595292,11,14,0.0
316,-37.35070098639987,9,16,0.0
317,-6.334319196637306,12,13,0.0
318,-5.6560740642433736,12,13,0.0
319,4.1547059216277,13,12,0.0
320,-15.909711149972896,11,14,0.0
321,3.660015535142068,13,12,0.0
322,-6.805887761808055,12,13,0.0
323,-5.6501441255366025,12,13,0.0
324,13.25140020630767,14,11,0.0
325,14.22557227648552,14,11,0.0
326,4.091584785331351,13,12,0.0
327,13.39715895986946,14,11,0.0
328,-5.196657747960148,12,13,0.0
329,-5.7754251052857555,12,13,0.0
330,13.303751604273105,14,11,0.0
331,3.316395389942154,13,12,0.0
332,23.88015355024845,15,10,0.0
333,-26.648982672819198,10,15,0.0
334,3.807279948793786,13,12,0.0
335,13.33199641617652,14,11,0.0
336,3.668510023728671,13,12,0.0
337,2.967505617441098,13,12,0.0
338,13.971298592525264,14,11,0.0
339,13.69370286345129,14,11,0.0
340,-6.146692076684154,12,13,0.0
341,3.2760655287793243,13,12,0.0
342,-16.44056903528532,11,14,0.0
343,-25.756041426000237,10,15,0.0
344,-26.733832924735644,10,15,0.0
345,-15.738959235716777,11,14,0.0
346,4.56265103942918,13,12,0.0
347,3.8464598666635554,13,12,0.0
348,-6.926676939167415,12,13,0.0
349,13.877608959973507,14,11,0.0
350,-6.739760116097823,12,13,0.0
351,-4.804190786774992,12,13,0.0
352,2.754592029547208,13,12,0.0
353,-16.96310381011265,11,14,0.0
354,-25.584407923733302,10,15,0.0
355,3.709575845361142,13,12,0.0
356,4.4694105752698325,13,12,0.0
357,-15.645565785843662,11,14,0.0
358,-16.338713642490116,11,14,0.0
359,14.462919612807912,14,11,0.0
360,-16.636225120960447,11,14,0.0
361,-5.922601602421042,12,13,0.0
362,-16.733041005083525,11,14,0.0
363,14.034048943188116,14,11,0.0
364,-6.118442470386045,12,13,0.0
365,4.0175569796826665,13,12,0.0
366,3.449233729717954,13,12,0.0
367,4.431858917945256,13,12,0.0
368,-26.59149126168758,10,15,0.0
369,14.724504488854002,14,11,0.0
370,-16.60694208850785,11,14,0.0
371,13.680607264583488,14,11,0.0
372,-5.573784979583414,12,13,0.0
373,-34.77817132339857,9,16,0.0
374,-15.091051593832807,11,14,0.0
375,-26.08357297599706,10,15,0.0
376,-4.835226484072468,12,13,0.0
377,14.842793954935903,14,11,0.0
378,-25.884693440146318,10,15,0.0
379,14.083159754991717,14,11,0.0
380,4.557379935274496,13,12,0.0
381,15.518504388974058,14,11,0.0
382,-5.367598050370113,12,13,0.0
383,-35.217518678689345,9,16,0.0
384,-6.049845996699606,12,13,0.0
385,14.94924758197256,14,11,0.0
386,5.737799014015215,13,12,0.0
387,14.564383453912228,14,11,0.0
388,3.345643101914614,13,12,0.0
389,-15.57882098578372,11,14,0.0
390,3.5518765342476666,13,12,0.0
391,-15.23183117621267,11,14,0.0
392,-5.763531348132631,12,13,0.0
393,13.875957294416729,14,11,0.0
394,15.201155094848373,14,11,0.0
395,-5.662403587884142,12,13,0.0
396,-16.17820470039284,11,14,0.0
397,-5.324163208936311,12,13,0.0
398,3.317453797925907,13,12,0.0
399,3.4604667639550595,13,12,0.0
400,-5.990376968341562,12,13,0.0
401,24.90652728922835,15,10,0.0
402,13.584738078135661,14,11,0.0
403,4.053152258706331,13,12,0.0
404,4.132002150964885,13,12,0.0
405,14.899100082585404,14,11,0.0
406,5.227115808385289,13,12,0.0
407,-5.4088869699252005,12,13,0.0
408,3.608708906640854,13,12,0.0
409,-6.819452323236504,12,13,0.0
410,-5.419469273223413,12,13,0.0
411,14.475622526260288,14,11,0.0
412,-5.732437705201228,12,13,0.0
413,24.983047863138363,15,10,0.0
414,4.8949950068583785,13,12,0.0
415,5.373490900398388,13,12,0.0
416,13.92424210286546,14,11,0.0
417,-5.76875727959199,12,13,0.0
418,5.6574509575357785,13,12,0.0
419,23.968388901505914,15,10,0.0
420,3.6570750294222494,13,12,0.0
421,13.896482275539473,14,11,0.0
422,-5.745609170883235,12,13,0.0
423,4.028528180748143,13,12,0.0
424,-6.299581943266125,12,13,0.0
425,-15.70194357483473,11,14,0.0
426,13.650904851570068,14,11,0.0
427,14.306167334363947,14,11,0.0
428,4.006745550095971,13,12,0.0
429,4.670882998917254,13,12,0.0
430,13.700824974207599,14,11,0.0
431,-5.740879060051902,12,13,0.0
432,-5.171594890145556,12,13,0.0
433,3.332276705411754,13,12,0.0
434,13.080587575097992,14,11,0.0
435,13.69436489258203,14,11,0.0
436,-15.287794443432784,11,14,0.0
437,23.556538128636287,15,10,0.0
438,4.248684164236266,13,12,0.0
439,13.893554303367402,14,11,0.0
440,-6.816127694938476,12,13,0.0
441,-6.213281690636617,12,13,0.0
442,-15.748459511400165,11,14,0.0
443,-7.155728566474183,12,13,0.0
444,13.989356729786337,14,11,0.0
445,-6.905269371520958,12,13,0.0
446,-6.345850004728869,12,13,0.0
447,3.584403576716541,13,12,0.0
448,13.209076752543357,14,11,0.0
449,21.676762349368516,15,10,0.0
450,3.6504035776432433,13,12,0.0
451,-15.801769785428178,11,14,0.0
452,13.348009421207841,14,11,0.0
453,13.396853658012041,14,11,0.0
454,12.06990021292319,14,11,0.0
455,23.2687997833214,15,10,0.0
456,3.5922476170057114,13,12,0.0
457,-7.206111157424375,12,13,0.0
458,23.82837582786804,15,10,0.0
459,23.935943559033575,15,10,0.0
460,13.563318023181285,14,11,0.0
461,3.2913747813358842,13,12,0.0
462,13.80348084232726,14,11,0.0
463,2.99353755706373,13,12,0.0
464,3.1376371248364467,13,12,0.0
465,3.8656857103011717,13,12,0.0
466,24.11710002628428,15,10,0.0
467,-6.950619030328701,12,13,0.0
468,-7.260181962652019,12,13,0.0
469,-4.901229703511886,12,13,0.0
470,4.28033939345308,13,12,0.0
471,-14.929092658418476,11,14,0.0
472,14.576905654544493,14,11,0.0
473,2.4365169026482887,13,12,0.0
474,14.157847316626423,14,11,0.0
475,3.0461777811545585,13,12,0.0
476,13.208036272770556,14,11,0.0
477,14.120499935890713,14,11,0.0
478,-6.1400302930992545,12,13,0.0
479,12.819222565398318,14,11,0.0
480,3.261131774010373,13,12,0.0
481,24.274995850433786,15,10,0.0
482,3.485540395522883,13,12,0.0
483,24.44459766775799,15,10,0.0
484,14.496352523731018,14,11,0.0
485,14.490751908689322,14,11,0.0
486,13.0633795602261,14,11,0.0
487,14.178674215487364,14,11,0.0
488,-5.720657103565565,12,13,0.0
489,3.0219653454449436,13,12,0.0
490,13.625917369374653,14,11,0.0
491,-5.70152831477769,12,13,0.0
492,-6.587633890301572,12,13,0.0
493,3.0528016341216895,13,12,0.0
494,3.9240196771322653,13,12,0.0
495,24.37451218122992,15,10,0.0
496,23.930135282837085,15,10,0.0
497,-7.8962246175879365,12,13,0.0
498,12.761618290585119,14,11,0.0
499,13.547376579489137,14,11,0.0
500,2.947771968816679,13,12,0.0
501,2.8210646373482584,13,12,0.0
502,22.856819881919698,15,10,0.0
503,24.060091398577747,15,10,0.0
504,3.1601535171369624,13,12,0.0
505,-16.34554913462028,11,14,0.0
506,23.873892793349683,15,10,0.0
507,3.8279152332265767,13,12,0.0
508,-6.037598291782872,12,13,0.0
509,3.7390180820111762,13,12,0.0
510,-7.176468242229919,12,13,0.0
511,23.935558526382714,15,10,0.0
512,-6.861313990584864,12,13,0.0
513,-6.550041165804378,12,13,0.0
514,4.239367498137801,13,12,0.0
515,3.8040891905938903,13,12,0.0
516,24.350379600572975,15,10,0.0
517,13.545207243157185,14,11,0.0
518,-27.112275519431243,10,15,0.0
519,4.275745139034019,13,12,0.0
520,-5.721518059905536,12,13,0.0
521,13.02149958720878,14,11,0.0
522,14.187843325281563,14,11,0.0
523,3.934647911469931,13,12,0.0
524,3.3997743011200763,13,12,0.0
525,3.604109976769513,13,12,0.0
526,13.553749581390015,14,11,0.0
527,24.67250903429212,15,10,0.0
528,-6.189237874329574,12,13,0.0
529,4.97269731766639,13,12,0.0
530,13.875161881277055,14,11,0.0
531,-6.953646017219071,12,13,0.0
532,3.510440536332396,13,12,0.0
533,4.368067678052213,13,12,0.0
534,-5.422665863916248,12,13,0.0
535,-8.128294828502312,12,13,0.0
536,4.011092597978242,13,12,0.0
537,5.495041638958775,13,12,0.0
538,4.516871321041396,13,12,0.0
539,-15.937344105242213,11,14,0.0
540,4.344731523835609,13,12,0.0
541,3.8538647426452224,13,12,0.0
542,24.653177943390226,15,10,0.0
543,3.266962806306665,13,12,0.0
544,13.77230442900453,14,11,0.0
545,14.77372090225014,14,11,0.0
546,3.842370625836199,13,12,0.0
547,14.002595959520953,14,11,0.0
548,4.861996273708806,13,12,0.0
549,15.095310676422386,14,11,0.0
550,13.519454779593158,14,11,0.0
551,14.397687578511654,14,11,0.0
552,24.555457376627043,15,10,0.0
553,3.3791502154179494,13,12,0.0
554,23.698599559340344,15,10,0.0
555,13.553670718255297,14,11,0.0
556,4.517559488673404,13,12,0.0
557,14.57924701438533,14,11,0.0
558,14.28179692393709,14,11,0.0
559,24.825242362818365,15,10,0.0
560,4.875400554429561,13,12,0.0
561,14.388929466516249,14,11,0.0
562,-5.490300032146065,12,13,0.0
563,13.927447404599526,14,11,0.0
564,5.156931197898526,13,12,0.0
565,13.817835644051438,14,11,0.0
566,14.188492557529061,14,11,0.0
567,14.764758419279257,14,11,0.0
568,23.622174720659714,15,10,0.0
569,13.633234100768522,14,11,0.0
570,13.530989944024535,14,11,0.0
571,13.38018016416505,14,11,0.0
572,13.528602700712764,14,11,0.0
573,14.113751739313386,14,11,0.0
574,14.314531404154188,14,11,0.0
575,23.387393326099634,15,10,0.0
576,15.115268720118232,14,11,0.0
577,23.380155669572716,15,10,0.0
578,13.83990007534923,14,11,0.0
579,4.373486872877976,13,12,0.0
580,14.072902186959443,14,11,0.0
581,12.801003067475788,14,11,0.0
582,33.86976672908067,16,9,0.0
583,24.149489516524728,15,10,0.0
584,-5.761321773197161,12,13,0.0
585,23.964809738358316,15,10,0.0
586,14.127767934780877,14,11,0.0
587,4.038255704878295,13,12,0.0
588,23.222430256157914,15,10,0.0
589,13.246395246818576,14,11,0.0
590,14.237370684441517,14,11,0.0
591,4.205754909029719,13,12,0.0
592,3.199875804579337,13,12,0.0
593,13.16899816131404,14,11,0.0
594,24.284388281427663,15,10,0.0
595,13.97746209347723,14,11,0.0
596,23.41466967240492,15,10,0.0
597,13.702409316618006,14,11,0.0
598,24.34518369088013,15,10,0.0
599,3.4125296405532755,13,12,0.0
600,13.147336066111496,14,11,0.0
601,23.944648199915882,15,10,0.0
602,14.121620808908924,14,11,0.0
603,13.222180760568026,14,11,0.0
604,14.124513127938073,14,11,0.0
605,13.358430155454288,14,11,0.0
606,23.97836332972681,15,10,0.0
607,14.249017034959195,14,11,0.0
608,14.573548649252123,14,11,0.0
609,23.36048031796787,15,10,0.0
610,13.338075110471763,14,11,0.0
611,23.480386396769784,15,10,0.0
612,14.273114962930627,14,11,0.0
613,3.0933779201730527,13,12,0.0
614,24.586039097132257,15,10,0.0
615,13.798842590902213,14,11,0.0
616,14.772060325487288,14,11,0.0
617,4.104362221859171,13,12,0.0
618,12.873915359778726,14,11,0.0
619,3.6824072247805564,13,12,0.0
620,13.27406619256484,14,11,0.0
621,23.802335432376307,15,10,0.0
622,23.36528866065438,15,10,0.0
623,3.5913137989255883,13,12,0.0
624,4.086686040220513,13,12,0.0
625,3.163771564673387,13,12,0.0
626,13.817791684095052,14,11,0.0
627,14.391396053830466,14,11,0.0
628,24.258223646955567,15,10,0.0
629,-15.819109055639535,11,14,0.0
630,-15.003565961561417,11,14,0.0
631,4.12787333263106,13,12,0.0
632,-15.980377926669874,11,14,0.0
633,14.11909228903936,14,11,0.0
634,3.403135200758679,13,12,0.0
635,4.444866237061547,13,12,0.0
636,-4.790969498695032,12,13,0.0
637,14.687060290953603,14,11,0.0
638,3.4734214242563244,13,12,0.0
639,3.918941634403949,13,12,0.0
640,-5.472073465240959,12,13,0.0
641,13.970505375429891,14,11,0.0
642,3.89966249471211,13,12,0.0
643,4.0812742921280085,13,12,0.0
644,3.9558724955488866,13,12,0.0
645,23.436412221711077,15,10,0.0
646,-5.871444563682402,12,13,0.0
647,3.5094884212120117,13,12,0.0
648,-5.9044439228218835,12,13,0.0
649,3.5098037264976414,13,12,0.0
650,-15.432864373164632,11,14,0.0
651,24.119004356591866,15,10,0.0
652,23.869833533210983,15,10,0.0
653,24.24236532624773,15,10,0.0
654,2.9299875870136636,13,12,0.0
655,3.6711884110470976,13,12,0.0
656,23.3710398538489,15,10,0.0
657,13.34515294396961,14,11,0.0
658,13.23417610228958,14,11,0.0
659,13.426881052133025,14,11,0.0
660,13.303650988716283,14,11,0.0
661,-5.668017675661266,12,13,0.0
662,14.084536339664815,14,11,0.0
663,-7.374824088106967,12,13,0.0
664,3.533196040182916,13,12,0.0
665,3.6115259839541047,13,12,0.0
666,12.84486207601498,14,11,0.0
667,-6.116090231762039,12,13,0.0
668,13.800167168343872,14,11,0.0
669,22.856716763068036,15,10,0.0
670,12.90977799386108,14,11,0.0
671,14.12869316397032,14,11,0.0
672,3.955243620717189,13,12,0.0
673,13.429059434179054,14,11,0.0
674,14.362500839510083,14,11,0.0
675,-6.652474009036082,12,13,0.0
676,13.393675605483688,14,11,0.0
677,-5.967374478642033,12,13,0.0
678,23.6890146490128,15,10,0.0
679,3.8086788473496807,13,12,0.0
680,13.639250629995084,14,11,0.0
681,4.075270128842837,13,12,0.0
682,3.2756311675628,13,12,0.0
683,13.243736975368769,14,11,0.0
684,-6.400350460009255,12,13,0.0
685,13.745205325425495,14,11,0.0
686,3.648849639209006,13,12,0.0
687,13.41731080719835,14,11,0.0
688,23.361832879944252,15,10,0.0
689,4.648570033027942,13,12,0.0
690,-5.4861656205173395,12,13,0.0
691,3.2948602258402104,13,12,0.0
692,14.121410575299013,14,11,0.0
693,-6.065962763400807,12,13,0.0
694,-5.767460766252498,12,13,0.0
695,23.4902883220279,15,10,0.0
696,4.2252976142975065,13,12,0.0
697,14.15942414375684,14,11,0.0
698,4.072151135024373,13,12,0.0
699,13.762923489584518,14,11,0.0
700,14.800869611967572,14,11,0.0
701,4.521234574346805,13,12,0.0
702,-6.01145074109034,12,13,0.0
703,14.63071297326307,14,11,0.0
704,4.247001326128471,13,12,0.0
705,24.4616694555747,15,10,0.0
706,-6.0249565864450005,12,13,0.0
707,13.772032860284195,14,11,0.0
708,-5.212153930258865,12,13,0.0
709,13.883221625688675,14,11,0.0
710,4.025775088059045,13,12,0.0
711,13.949876031904726,14,11,0.0
712,15.228729603257676,14,11,0.0
713,4.090220986289072,13,12,0.0
714,23.964384427652217,15,10,0.0
715,14.652389780495593,14,11,0.0
716,3.5825883522965043,13,12,0.0
717,-7.1659956001649245,12,13,0.0
718,3.922856743936043,13,12,0.0
719,-6.262561023604645,12,13,0.0
720,3.1556550541341277,13,12,0.0
721,4.470735330794859,13,12,0.0
722,24.519051223388807,15,10,0.0
723,4.6381919639284055,13,12,0.0
724,24.54960971776973,15,10,0.0
725,-6.89487870164751,12,13,0.0
726,23.600022647891223,15,10,0.0
727,4.380826676401219,13,12,0.0
728,4.9201681196538765,13,12,0.0
729,13.895223174969823,14,11,0.0
730,14.310082091895882,14,11,0.0
731,3.930386578791052,13,12,0.0
732,-5.606526861004829,12,13,0.0
733,14.85897581199753,14,11,0.0
734,13.423610384004103,14,11,0.0
735,14.97508688806581,14,11,0.0
736,3.8307705227401474,13,12,0.0
737,-5.532315097599773,12,13,0.0
738,-15.999770313077645,11,14,0.0
739,13.540190991101271,14,11,0.0
740,-6.131417953187883,12,13,0.0
741,-5.843685331637627,12,13,0.0
742,13.530395659503121,14,11,0.0
743,3.603332529350128,13,12,0.0
744,4.1777665389764085,13,12,0.0
745,2.867080799455821,13,12,0.0
746,-6.403752090917404,12,13,0.0
747,-5.889671123187654,12,13,0.0
748,14.09702400478105,14,11,0.0
749,4.631403268492022,13,12,0.0
750,-5.827350066781545,12,13,0.0
751,4.293345204260922,13,12,0.0
752,24.16684244908221,15,10,0.0
753,4.434194716902942,13,12,0.0
754,4.304480771563711,13,12,0.0
755,-5.3257708227790586,12,13,0.0
756,-6.432936696029221,12,13,0.0
757,14.359174072927456,14,11,0.0
758,-5.682181656482703,12,13,0.0
759,14.620690018380522,14,11,0.0
760,3.5910916078266393,13,12,0.0
761,-5.995314430206166,12,13,0.0
762,-5.851918707112944,12,13,0.0
763,4.0596642136925185,13,12,0.0
764,14.695375997963101,14,11,0.0
765,14.201380116142476,14,11,0.0
766,-15.10146462566525,11,14,0.0
767,3.819283944292037,13,12,0.0
768,3.655969950474586,13,12,0.0
769,14.887037042209837,14,11,0.0
770,14.921838250156068,14,11,0.0
771,3.571223071889496,13,12,0.0
772,4.640278744786903,13,12,0.0
773,14.711588083077224,14,11,0.0
774,-5.396649843120507,12,13,0.0
775,14.277228687677647,14,11,0.0
776,-5.894419284649476,12,13,0.0
777,4.551706083152778,13,12,0.0
778,13.974995803734206,14,11,0.0
779,-25.663103210496175,10,15,0.0
780,14.858073373707255,14,11,0.0
781,4.805665548133586,13,12,0.0
782,-5.3714493434492745,12,13,0.0
783,4.809954846639608,13,12,0.0
784,15.134468801340926,14,11,0.0
785,-25.76866197637348,10,15,0.0
786,-4.971574558583017,12,13,0.0
787,-5.255554470234426,12,13,0.0
788,-5.134397816858855,12,13,0.0
789,4.201298594363099,13,12,0.0
790,3.8251884608824147,13,12,0.0
791,14.177919698592323,14,11,0.0
792,4.153738077217922,13,12,0.0
793,13.969423208318183,14,11,0.0
794,14.213158663349766,14,11,0.0
795,4.34897401598555,13,12,0.0
796,25.491491144346092,15,10,0.0
797,4.8915309577581825,13,12,0.0
798,4.292168655637656,13,12,0.0
799,-6.170925789458745,12,13,0.0
800,4.373318357441814,13,12,0.0
801,-5.312626588738041,12,13,0.0
802,14.828035322898826,14,11,0.0
803,-6.222743452107851,12,13,0.0
804,-15.899133680134613,11,14,0.0
805,3.8724241682432456,13,12,0.0
806,5.648654167516679,13,12,0.0
807,-15.554264523796675,11,14,0.0
808,13.58078069488976,14,11,0.0
809,4.524255395072493,13,12,0.0
810,4.079795596707584,13,12,0.0
811,13.871439265062067,14,11,0.0
812,-15.764054953247864,11,14,0.0
813,4.790441265749948,13,12,0.0
814,-14.654747760774836,11,14,0.0
815,-4.676972266967329,12,13,0.0
816,-16.07491421965369,11,14,0.0
817,4.748704335851235,13,12,0.0
818,5.181130982413343,13,12,0.0
819,13.810956177639389,14,11,0.0
820,14.748729721632028,14,11,0.0
821,-5.597064355028825,12,13,0.0
822,4.659778990817994,13,12,0.0
823,14.140911663158075,14,11,0.0
824,13.426280383479142,14,11,0.0
825,14.735972465208938,14,11,0.0
826,4.704848012903046,13,12,0.0
827,3.4839936114373895,13,12,0.0
828,4.421200883897265,13,12,0.0
829,4.048726578797634,13,12,0.0
830,13.799962233224688,14,11,0.0
831,14.51744202458909,14,11,0.0
832,4.497812900096969,13,12,0.0
833,4.751689198125515,13,12,0.0
834,-5.186570998252171,12,13,0.0
835,15.805669676176175,14,11,0.0
836,4.2690720844468935,13,12,0.0
837,13.290929707255938,14,11,0.0
838,-6.106852479011055,12,13,0.0
839,-5.7744346261307395,12,13,0.0
840,4.517117648877566,13,12,0.0
841,14.611046578823268,14,11,0.0
842,23.01279949465151,15,10,0.0
843,4.226951247804799,13,12,0.0
844,14.12078421831762,14,11,0.0
845,4.433655486104353,13,12,0.0
846,4.553690298747647,13,12,0.0
847,4.560722942245011,13,12,0.0
848,4.327822198176812,13,12,0.0
849,3.795694423140123,13,12,0.0
850,14.215828236867102,14,11,0.0
851,4.169433323317958,13,12,0.0
852,4.832460008767667,13,12,0.0
853,4.556707278180109,13,12,0.0
854,4.4797675194278135,13,12,0.0
855,-5.840938983070178,12,13,0.0
856,13.62555684505069,14,11,0.0
857,-5.978421551988256,12,13,0.0
858,14.69881953738788,14,11,0.0
859,-6.3577359123135935,12,13,0.0
860,14.479797499996096,14,11,0.0
861,4.41103008558575,13,12,0.0
862,4.385587740793931,13,12,0.0
863,-6.581550961041824,12,13,0.0
864,4.230846645849079,13,12,0.0
865,4.715025710983609,13,12,0.0
866,-5.57392857592227,12,13,0.0
867,4.8205944862569705,13,12,0.0
868,15.017903895676636,14,11,0.0
869,3.851092453855239,13,12,0.0
870,14.255492014077653,14,11,0.0
871,13.983625450117241,14,11,0.0
872,4.0871211443436195,13,12,0.0
873,14.34839435077224,14,11,0.0
874,4.746756580778612,13,12,0.0
875,24.693273428002428,15,10,0.0
876,4.0079203929755876,13,12,0.0
877,14.292588221749716,14,11,0.0
878,-16.459245691319317,11,14,0.0
879,4.626795436590587,13,12,0.0
880,14.616390987399926,14,11,0.0
881,-5.782950571836584,12,13,0.0
882,3.8880732162849725,13,12,0.0
883,5.126947627104952,13,12,0.0
884,-15.73853185994279,11,14,0.0
885,5.030789752397118,13,12,0.0
886,4.211658204828952,13,12,0.0
887,-16.151734756653106,11,14,0.0
888,5.023530648287444,13,12,0.0
889,4.828427462287976,13,12,0.0
890,-15.64096603629215,11,14,0.0
891,-15.837817872836403,11,14,0.0
892,4.811444037526876,13,12,0.0
893,-5.271571258185787,12,13,0.0
894,-14.630712608104558,11,14,0.0
895,-5.610468635759292,12,13,0.0
896,-15.969153418989164,11,14,0.0
897,-15.521234461641033,11,14,0.0
898,4.910794191025328,13,12,0.0
899,-4.538478924874731,12,13,0.0
900,5.40185433852556,13,12,0.0
901,-4.541997541340708,12,13,0.0
902,-4.323997503590013,12,13,0.0
903,-5.671908152625839,12,13,0.0
904,-6.239217439811259,12,13,0.0
905,-4.562127011718888,12,13,0.0
906,5.953575547038335,13,12,0.0
907,-4.1125852116458095,12,13,0.0
908,-3.9853015156553737,12,13,0.0
909,4.692458989343464,13,12,0.0
910,-5.640358659554037,12,13,0.0
911,-15.572364776392764,11,14,0.0
912,5.593278912287767,13,12,0.0
913,5.698652457041643,13,12,0.0
914,5.042033378363673,13,12,0.0
915,-4.822735734458148,12,13,0.0
916,-14.401882983333568,11,14,0.0
917,-4.0262950478668325,12,13,0.0
918,-4.682827399188247,12,13,0.0
919,15.767673520547874,14,11,0.0
920,15.396792562325857,14,11,0.0
921,-4.735913539460965,12,13,0.0
922,5.824995219672786,13,12,0.0
923,15.319969279462887,14,11,0.0
924,15.402185833007936,14,11,0.0
925,-14.847642173821399,11,14,0.0
926,-4.831440454319088,12,13,0.0
927,14.72314716518846,14,11,0.0
928,15.32266022685457,14,11,0.0
929,-4.706629481744407,12,13,0.0
930,5.64398120217329,13,12,0.0
931,5.460458571842775,13,12,0.0
932,16.04092399216909,14,11,0.0
933,-4.0950592064500615,12,13,0.0
934,5.800133725803229,13,12,0.0
935,6.27239644679234,13,12,0.0
936,5.2738483250700625,13,12,0.0
937,5.620702328160096,13,12,0.0
938,5.87396202071033,13,12,0.0
939,-4.62559208479503,12,13,0.0
940,5.503926742766924,13,12,0.0
941,-4.673679163066797,12,13,0.0
942,-3.6977768389037093,12,13,0.0
943,25.209118773792717,15,10,0.0
944,14.98189205495322,14,11,0.0
945,-14.472574250310291,11,14,0.0
946,-4.582470347676593,12,13,0.0
947,5.336350831606499,13,12,0.0
948,5.460052302576912,13,12,0.0
949,4.865349030005673,13,12,0.0
950,5.818279097012017,13,12,0.0
951,-4.660319545575071,12,13,0.0
952,-4.053501632265312,12,13,0.0
953,-4.597063535950202,12,13,0.0
954,-3.8773108037019464,12,13,0.0
955,-4.048708761871049,12,13,0.0
956,5.859645224131137,13,12,0.0
957,5.2289336162873195,13,12,0.0
958,15.053690095092168,14,11,0.0
959,-4.809884265534755,12,13,0.0
960,-4.59711120998058,12,13,0.0
961,4.311891518199086,13,12,0.0
962,-14.647510419269283,11,14,0.0
963,-4.960210968598347,12,13,0.0
964,5.60349904836353,13,12,0.0
965,-4.277212953027323,12,13,0.0
966,5.1208022152786,13,12,0.0
967,-4.521583621657879,12,13,0.0
968,5.597673245318944,13,12,0.0
969,5.456503490988352,13,12,0.0
970,5.017044519338279,13,12,0.0
971,5.511588313277745,13,12,0.0
972,5.511310645933548,13,12,0.0
973,15.015690484198332,14,11,0.0
974,5.97014221368229,13,12,0.0
975,4.788670826173975,13,12,0.0
976,15.910111546844593,14,11,0.0
977,5.676673265693182,13,12,0.0
978,5.261294581578696,13,12,0.0
979,-4.355179996514131,12,13,0.0
980,15.391220514685456,14,11,0.0
981,-4.358226140284298,12,13,0.0
982,5.041153120725101,13,12,0.0
983,5.174520267805201,13,12,0.0
984,6.472793249812735,13,12,0.0
985,26.12047131357074,15,10,0.0
986,4.828603272204256,13,12,0.0
987,-3.661555577082474,12,13,0.0
988,5.6153479257983765,13,12,0.0
989,4.68916394545699,13,12,0.0
990,15.089552632410278,14,11,0.0
991,5.422643791426008,13,12,0.0
992,-4.323568862511692,12,13,0.0
993,-3.8896288033930313,12,13,0.0
994,13.993742415304874,14,11,0.0
995,4.693819112085681,13,12,0.0
996,-14.387577491905514,11,14,0.0
997,5.588689844537658,13,12,0.0
998,15.106031679862113,14,11,0.0
999,14.953695220275627,14,11,0.0
1000,-14.194442577838773,11,14,0.0
1001,-13.92502653803965,11,14,0.0
1002,-3.65790593169962,12,13,0.0
1003,5.2360036439890525,13,12,0.0
1004,-14.52684102126798,11,14,0.0
1005,5.537236766705142,13,12,0.0
1006,-5.174248534483969,12,13,0.0
1007,-5.705972842218333,12,13,0.0
1008,5.320190314913686,13,12,0.0
1009,-4.273165723671193,12,13,0.0
1010,5.643613468495147,13,12,0.0
1011,5.564358342523888,13,12,0.0
1012,-4.576125518947355,12,13,0.0
1013,4.923818309675286,13,12,0.0
1014,5.150612470228516,13,12,0.0
1015,-4.50507866859426,12,13,0.0
1016,-14.895908173970856,11,14,0.0
1017,15.202213990528044,14,11,0.0
1018,5.832770972744898,13,12,0.0
1019,5.770394969990945,13,12,0.0
1020,-4.718210234425197,12,13,0.0
1021,5.129291243714613,13,12,0.0
1022,-5.542678327079465,12,13,0.0
1023,5.264086050656015,13,12,0.0
1024,-4.0537926701899405,12,13,0.0
1025,5.388646235656223,13,12,0.0
1026,-3.532924631571767,12,13,0.0
1027,5.497839394232209,13,12,0.0
1028,-24.780235173923664,10,15,0.0
1029,4.5873090746384815,13,12,0.0
1030,-5.358968245723004,12,13,0.0
1031,-5.003228287736196,12,13,0.0
1032,-4.563367791187707,12,13,0.0
1033,5.3933745376861815,13,12,0.0
1034,-4.5346434104549465,12,13,0.0
1035,-4.554078957281945,12,13,0.0
1036,-5.523373552695322,12,13,0.0
1037,5.225480708482554,13,12,0.0
1038,-4.420751860173036,12,13,0.0
1039,-4.297541734479651,12,13,0.0
1040,-5.062935644997668,12,13,0.0
1041,-4.708794755762183,12,13,0.0
1042,5.485319143323732,13,12,0.0
1043,6.425149335537295,13,12,0.0
1044,4.924726146815486,13,12,0.0
1045,4.831081512591336,13,12,0.0
1046,14.511529710436673,14,11,0.0
1047,-5.236977593556601,12,13,0.0
1048,-4.8558660400341065,12,13,0.0
1049,-25.185358549296186,10,15,0.0
1050,4.38270803420323,13,12,0.0
1051,5.016228334564179,13,12,0.0
1052,-4.581116734043108,12,13,0.0
1053,-6.04105476720207,12,13,0.0
1054,-5.996320116380965,12,13,0.0
1055,-5.258566467093948,12,13,0.0
1056,-15.309393024449529,11,14,0.0
1057,14.699656903618424,14,11,0.0
1058,-5.932926628717945,12,13,0.0
1059,3.9963727657901353,13,12,0.0
1060,-14.83178555137307,11,14,0.0
1061,13.668577529417202,14,11,0.0
1062,-4.652960414859263,12,13,0.0
1063,-4.981565532195143,12,13,0.0
1064,4.322388556679542,13,12,0.0
1065,-5.5821541269299075,12,13,0.0
1066,24.141482096042935,15,10,0.0
1067,4.962967252868884,13,12,0.0
1068,4.759080793439722,13,12,0.0
1069,-16.244847137254563,11,14,0.0
1070,13.410105323332596,14,11,0.0
1071,14.205011573717595,14,11,0.0
1072,-5.292113230306565,12,13,0.0
1073,-6.131890274811576,12,13,0.0
1074,5.365649787125355,13,12,0.0
1075,25.108181509083032,15,10,0.0
1076,3.2985132129917876,13,12,0.0
1077,4.953555049482223,13,12,0.0
1078,-15.177009924736165,11,14,0.0
1079,4.848223329527251,13,12,0.0
1080,4.260181677671387,13,12,0.0
1081,-16.609268692741736,11,14,0.0
1082,5.3225352596876725,13,12,0.0
1083,5.1099845128897545,13,12,0.0
1084,3.676903914865269,13,12,0.0
1085,-5.636242100522637,12,13,0.0
1086,-5.969612867250738,12,13,0.0
1087,4.957857593785203,13,12,0.0
1088,13.63530513642072,14,11,0.0
1089,-6.395254017213894,12,13,0.0
1090,-4.9381319548912845,12,13,0.0
1091,-25.136521386704878,10,15,0.0
1092,4.186050793225315,13,12,0.0
1093,-6.10165557884587,12,13,0.0
1094,5.0672721021019544,13,12,0.0
1095,-5.819895408735492,12,13,0.0
1096,-4.546198270761607,12,13,0.0
1097,13.200625002668431,14,11,0.0
1098,4.268987242798095,13,12,0.0
1099,4.197523051389263,13,12,0.0
1100,-5.444634683092371,12,13,0.0
1101,4.125965501191889,13,12,0.0
1102,15.047543203126892,14,11,0.0
1103,14.953110209641247,14,11,0.0
1104,-4.754079542471588,12,13,0.0
1105,-5.704439765257223,12,13,0.0
1106,4.7630456383356465,13,12,0.0
1107,4.4554391080574725,13,12,0.0
1108,3.873117333198893,13,12,0.0
1109,4.564871096341996,13,12,0.0
1110,-15.947769826716785,11,14,0.0
1111,4.266384440875424,13,12,0.0
1112,4.790392607086936,13,12,0.0
1113,-5.883941573065578,12,13,0.0
1114,4.512472277784003,13,12,0.0
1115,4.236030671443812,13,12,0.0
1116,-16.31432554930089,11,14,0.0
1117,14.971477528531468,14,11,0.0
1118,-5.96526768204037,12,13,0.0
1119,14.000936183581114,14,11,0.0
1120,-5.59933065264336,12,13,0.0
1121,-6.012003441013357,12,13,0.0
1122,-5.594346792716497,12,13,0.0
1123,-6.106640193927632,12,13,0.0
1124,4.49695619066223,13,12,0.0
1125,-14.991145066004496,11,14,0.0
1126,4.987789343518401,13,12,0.0
1127,-5.055701547793625,12,13,0.0
1128,-15.413979648974149,11,14,0.0
1129,4.007470099095974,13,12,0.0
1130,-5.31309227146636,12,13,0.0
1131,4.783843253400146,13,12,0.0
1132,4.413771975903215,13,12,0.0
1133,4.597464155517029,13,12,0.0
1134,14.995478251340987,14,11,0.0
1135,5.226493296125256,13,12,0.0
1136,5.103670264502085,13,12,0.0
1137,4.112679007935494,13,12,0.0
1138,-4.4919500072586995,12,13,0.0
1139,4.078296255291248,13,12,0.0
1140,3.628593776421276,13,12,0.0
1141,14.905248858098052,14,11,0.0
1142,3.102531642762276,13,12,0.0
1143,-15.604113848550568,11,14,0.0
1144,24.284453762953685,15,10,0.0
1145,14.800821419968365,14,11,0.0
1146,4.213634289948256,13,12,0.0
1147,4.618737736332115,13,12,0.0
1148,24.098126770130165,15,10,0.0
1149,4.465286688480326,13,12,0.0
1150,23.864405806588536,15,10,0.0
1151,3.7241158945585067,13,12,0.0
1152,15.359904540502766,14,11,0.0
1153,14.540748361479375,14,11,0.0
1154,3.4807929363745735,13,12,0.0
1155,14.941246762096277,14,11,0.0
1156,13.894941773137937,14,11,0.0
1157,3.6991924322709853,13,12,0.0
1158,-6.134154188194593,12,13,0.0
1159,14.148943886830907,14,11,0.0
1160,4.5402367864508895,13,12,0.0
1161,14.424387303272141,14,11,0.0
1162,4.558325163554206,13,12,0.0
1163,4.2748041966244195,13,12,0.0
1164,4.249208420130042,13,12,0.0
1165,14.537941577761567,14,11,0.0
1166,25.256643139942092,15,10,0.0
1167,3.7258547622538085,13,12,0.0
1168,14.196297273621116,14,11,0.0
1169,4.168626083590903,13,12,0.0
1170,4.352091593770423,13,12,0.0
1171,3.6687576863223104,13,12,0.0
1172,14.220486734816411,14,11,0.0
1173,3.7545460532268278,13,12,0.0
1174,13.595518766381588,14,11,0.0
1175,13.212545741095434,14,11,0.0
1176,-6.35476330846496,12,13,0.0
1177,23.63752429441029,15,10,0.0
1178,13.688209043387538,14,11,0.0
1179,15.353766464618584,14,11,0.0
1180,14.310569705056658,14,11,0.0
1181,-5.737931055949067,12,13,0.0
1182,-4.892685870503431,12,13,0.0
1183,4.449229766313758,13,12,0.0
1184,5.537055393359012,13,12,0.0
1185,4.06605768331408,13,12,0.0
1186,4.5578561219567035,13,12,0.0
1187,-6.2354862896622105,12,13,0.0
1188,-6.858928629122854,12,13,0.0
1189,14.79233343242435,14,11,0.0
1190,14.494195469185113,14,11,0.0
1191,4.744321674459106,13,12,0.0
1192,14.175797638339715,14,11,0.0
1193,-6.226670883315883,12,13,0.0
1194,4.5619597581730815,13,12,0.0
1195,14.38582914236747,14,11,0.0
1196,15.182607061458974,14,11,0.0
1197,-6.055352468430121,12,13,0.0
1198,-5.177530046220907,12,13,0.0
1199,3.969255920915151,13,12,0.0
1200,14.545693566232124,14,11,0.0
1201,14.199563399472714,14,11,0.0
1202,14.619748619606288,14,11,0.0
1203,-6.088237317113099,12,13,0.0
1204,4.598118140357526,13,12,0.0
1205,4.0154390611703406,13,12,0.0
1206,3.7541525154868296,13,12,0.0
1207,4.132832703870006,13,12,0.0
1208,-6.446957909625283,12,13,0.0
1209,15.113773794219926,14,11,0.0
1210,4.773722221163947,13,12,0.0
1211,3.99938221098885,13,12,0.0
1212,3.49193420965355,13,12,0.0
1213,-15.913449977093533,11,14,0.0
1214,-6.011107144785045,12,13,0.0
1215,-7.014039929055031,12,13,0.0
1216,4.278421684044567,13,12,0.0
1217,-16.37477282517344,11,14,0.0
1218,4.170889862671723,13,12,0.0
1219,-15.597743701267376,11,14,0.0
1220,-6.571816617681044,12,13,0.0
1221,14.054637896416834,14,11,0.0
1222,-16.810895039382924,11,14,0.0
1223,4.233140379308923,13,12,0.0
1224,-15.599042973584002,11,14,0.0
1225,-15.722356066227679,11,14,0.0
1226,-6.168615907675843,12,13,0.0
1227,3.8558422330376594,13,12,0.0
1228,-16.55412604473747,11,14,0.0
1229,-7.298870325635602,12,13,0.0
1230,-6.179472219678111,12,13,0.0
1231,-5.764811551604696,12,13,0.0
1232,3.393542685611214,13,12,0.0
1233,-6.004590554977787,12,13,0.0
1234,2.965112345142483,13,12,0.0
1235,-6.739677598655074,12,13,0.0
1236,-5.796141953374033,12,13,0.0
1237,3.7818448482971405,13,12,0.0
1238,3.2643288984127103,13,12,0.0
1239,4.45540985174331,13,12,0.0
1240,-15.8409424402251,11,14,0.0
1241,3.859336097502748,13,12,0.0
1242,-27.859950124663364,10,15,0.0
1243,4.749984575135608,13,12,0.0
1244,-6.256182819792571,12,13,0.0
1245,3.9737322248473905,13,12,0.0
1246,-6.167694855907553,12,13,0.0
1247,3.7343688910675814,13,12,0.0
1248,2.4141531039317243,13,12,0.0
1249,-15.49246363526251,11,14,0.0
1250,-26.37440388501787,10,15,0.0
1251,-6.530638579686511,12,13,0.0
1252,-7.243226101106855,12,13,0.0
1253,-6.209179839169757,12,13,0.0
1254,-6.425450468512082,12,13,0.0
1255,-5.394090921223189,12,13,0.0
1256,-7.123171302817028,12,13,0.0
1257,4.783017076188759,13,12,0.0
1258,-5.45136320405272,12,13,0.0
1259,-7.236723673127038,12,13,0.0
1260,13.948092328758023,14,11,0.0
1261,14.404800103977642,14,11,0.0
1262,-6.521726502572957,12,13,0.0
1263,2.767398142747002,13,12,0.0
1264,-6.519828288259434,12,13,0.0
1265,-5.999257005902072,12,13,0.0
1266,-6.727657403438695,12,13,0.0
1267,-5.871735113727601,12,13,0.0
1268,13.761963520851086,14,11,0.0
1269,3.744782950645078,13,12,0.0
1270,2.833792097255257,13,12,0.0
1271,2.3758297451184713,13,12,0.0
1272,4.08059186622293,13,12,0.0
1273,-16.12868800580276,11,14,0.0
1274,4.415308251231735,13,12,0.0
1275,-17.191801671787154,11,14,0.0
1276,-5.849278246133061,12,13,0.0
1277,3.995072648943852,13,12,0.0
1278,-16.945713566874208,11,14,0.0
1279,4.409226726540698,13,12,0.0
1280,-6.048519251891401,12,13,0.0
1281,3.727725621348153,13,12,0.0
1282,-6.68532306193787,12,13,0.0
1283,4.168713581752919,13,12,0.0
1284,12.876088124128811,14,11,0.0
1285,3.9462176686145494,13,12,0.0
1286,4.1676179218611615,13,12,0.0
1287,13.593181703341688,14,11,0.0
1288,-6.397572617945309,12,13,0.0
1289,-6.73719844811902,12,13,0.0
1290,11.506580590161553,14,11,0.0
1291,13.451349295388589,14,11,0.0
1292,13.926282584760884,14,11,0.0
1293,3.9380187422132265,13,12,0.0
1294,12.574679206699892,14,11,0.0
1295,2.014457934792553,13,12,0.0
1296,13.351960021482178,14,11,0.0
1297,12.803271666166495,14,11,0.0
1298,3.3440913717366447,13,12,0.0
1299,13.151295481719115,14,11,0.0
1300,11.814720336241495,14,11,0.0
1301,3.116297362209205,13,12,0.0
1302,2.9833701612154435,13,12,0.0
1303,3.3025000233332715,13,12,0.0
1304,3.155223105093036,13,12,0.0
1305,1.6839547506272297,13,12,0.0
1306,13.134266576679892,14,11,0.0
1307,3.073404296902016,13,12,0.0
1308,13.254999929370582,14,11,0.0
1309,3.37889931535722,13,12,0.0
1310,3.0003206109535903,13,12,0.0
1311,2.7423588622613693,13,12,0.0
1312,12.269408200148114,14,11,0.0
1313,13.456109509412578,14,11,0.0
1314,2.1704708663375456,13,12,0.0
1315,12.624411996510243,14,11,0.0
1316,2.4129827848666006,13,12,0.0
1317,-7.017007428310002,12,13,0.0
1318,12.990167260860956,14,11,0.0
1319,4.044606355400925,13,12,0.0
1320,13.083554602930729,14,11,0.0
1321,13.096293864857321,14,11,0.0
1322,13.365924479976181,14,11,0.0
1323,12.314166652884516,14,11,0.0
1324,13.799683739136299,14,11,0.0
1325,3.594070054300756,13,12,0.0
1326,33.620411455439694,16,9,0.0
1327,22.31901196051718,15,10,0.0
1328,12.840160414238682,14,11,0.0
1329,13.281340424339351,14,11,0.0
1330,2.9743316907219572,13,12,0.0
1331,-7.130469145637665,12,13,0.0
1332,2.791707112585387,13,12,0.0
1333,12.972882922268745,14,11,0.0
1334,-6.763235173830935,12,13,0.0
1335,2.9438205234677994,13,12,0.0
1336,3.3701411549958493,13,12,0.0
1337,3.8401038089328274,13,12,0.0
1338,2.2186605878693184,13,12,0.0
1339,12.504528239774118,14,11,0.0
1340,12.803431679379932,14,11,0.0
1341,-6.660980750919062,12,13,0.0
1342,-6.715459560406247,12,13,0.0
1343,3.468638813470683,13,12,0.0
1344,3.0450040246339682,13,12,0.0
1345,11.769724644328436,14,11,0.0
1346,1.988831161809376,13,12,0.0
1347,3.849078250195367,13,12,0.0
1348,1.6289046730391483,13,12,0.0
1349,21.485875713251986,15,10,0.0
1350,13.561094868499806,14,11,0.0
1351,23.00366320222917,15,10,0.0
1352,12.998818409141283,14,11,0.0
1353,11.959971990620064,14,11,0.0
1354,13.675994282758186,14,11,0.0
1355,12.484917576006554,14,11,0.0
1356,23.641894804205023,15,10,0.0
1357,2.901590769848127,13,12,0.0
1358,13.429554245108774,14,11,0.0
1359,12.983032846909202,14,11,0.0
1360,13.930733652120137,14,11,0.0
1361,2.6029588473831335,13,12,0.0
1362,14.546464221846175,14,11,0.0
1363,13.223541212725646,14,11,0.0
1364,2.7292649998860803,13,12,0.0
1365,22.88130749426583,15,10,0.0
1366,3.0383881047415002,13,12,0.0
1367,12.416261238431087,14,11,0.0
1368,3.486376413444672,13,12,0.0
1369,12.714348140618188,14,11,0.0
1370,12.461292182539731,14,11,0.0
1371,12.870441623163952,14,11,0.0
1372,12.531031878177087,14,11,0.0
1373,13.3728845136347,14,11,0.0
1374,13.576546036249463,14,11,0.0
1375,13.178351380430232,14,11,0.0
1376,12.287322609011547,14,11,0.0
1377,3.5261944117960446,13,12,0.0
1378,13.116840059416619,14,11,0.0
1379,23.330479046668028,15,10,0.0
1380,13.81518760189097,14,11,0.0
1381,-7.5092561468665,12,13,0.0
1382,13.503467822665467,14,11,0.0
1383,13.611250852387526,14,11,0.0
1384,-7.191122680740881,12,13,0.0
1385,12.693609914162849,14,11,0.0
1386,33.60935314693528,16,9,0.0
1387,13.101148792869475,14,11,0.0
1388,12.20699910350702,14,11,0.0
1389,12.744106191554936,14,11,0.0
1390,3.766779286490708,13,12,0.0
1391,23.43024046003484,15,10,0.0
1392,3.431395076453038,13,12,0.0
1393,12.693044946199336,14,11,0.0
1394,2.912095910905826,13,12,0.0
1395,12.334282243035489,14,11,0.0
1396,13.246846607807583,14,11,0.0
1397,12.838013767880827,14,11,0.0
1398,13.67934351421284,14,11,0.0
1399,-7.028367667520018,12,13,0.0
1400,2.3505749175529074,13,12,0.0
1401,-7.308232477336253,12,13,0.0
1402,14.185106806617851,14,11,0.0
1403,12.598547968819986,14,11,0.0
1404,24.103742661464622,15,10,0.0
1405,14.092471193510377,14,11,0.0
1406,14.220275043507755,14,11,0.0
1407,3.3992824246004307,13,12,0.0
1408,23.277459587308265,15,10,0.0
1409,24.41907701766577,15,10,0.0
1410,-7.57617113026134,12,13,0.0
1411,4.106847844404472,13,12,0.0
1412,-6.704103839953838,12,13,0.0
1413,-6.442425042006995,12,13,0.0
1414,13.210365340214103,14,11,0.0
1415,3.707983848697449,13,12,0.0
1416,2.546726497087583,13,12,0.0
1417,-6.2053834921261215,12,13,0.0
1418,4.0864817308608075,13,12,0.0
1419,13.831344321488674,14,11,0.0
1420,2.8796341182647662,13,12,0.0
1421,3.384211264659882,13,12,0.0
1422,4.030755608422647,13,12,0.0
1423,14.514586864105455,14,11,0.0
1424,22.907582778142032,15,10,0.0
1425,1.745144016993697,13,12,0.0
1426,14.459172864063726,14,11,0.0
1427,23.66713904724174,15,10,0.0
1428,12.483870841014433,14,11,0.0
1429,13.726385477642047,14,11,0.0
1430,14.690284969967571,14,11,0.0
1431,12.321674629124843,14,11,0.0
1432,-6.942891422823007,12,13,0.0
1433,3.717439915526974,13,12,0.0
1434,14.133541831546395,14,11,0.0
1435,13.823574447619219,14,11,0.0
1436,14.762060502153759,14,11,0.0
1437,2.9836795946346726,13,12,0.0
1438,-5.5044892490208035,12,13,0.0
1439,3.6356208257838976,13,12,0.0
1440,-14.758425966064006,11,14,0.0
1441,-5.689763832108049,12,13,0.0
1442,14.116214573397496,14,11,0.0
1443,-5.976534160719621,12,13,0.0
1444,-5.146429878355992,12,13,0.0
1445,14.043051161784884,14,11,0.0
1446,15.048055644053292,14,11,0.0
1447,5.037307491500821,13,12,0.0
1448,13.274841768175376,14,11,0.0
1449,-5.111796059841024,12,13,0.0
1450,2.9356447866041204,13,12,0.0
1451,2.9980147768729175,13,12,0.0
1452,2.3236716244983935,13,12,0.0
1453,13.602430201442962,14,11,0.0
1454,4.227996368463696,13,12,0.0
1455,4.081771339535493,13,12,0.0
1456,3.7339429835414304,13,12,0.0
1457,2.767222817056406,13,12,0.0
1458,-14.84740800461369,11,14,0.0
1459,13.828929341253758,14,11,0.0
1460,14.246761768596768,14,11,0.0
1461,3.3806696887200136,13,12,0.0
1462,-6.0445710493128395,12,13,0.0
1463,14.375046080819585,14,11,0.0
1464,4.177522851651725,13,12,0.0
1465,-6.037593031108145,12,13,0.0
1466,23.187414273601252,15,10,0.0
1467,-15.562346437811494,11,14,0.0
1468,3.0108398685252418,13,12,0.0
1469,4.013733884984507,13,12,0.0
1470,4.455368055236974,13,12,0.0
1471,13.816304242124309,14,11,0.0
1472,-7.121569207510451,12,13,0.0
1473,3.9410728521071885,13,12,0.0
1474,3.742539485118744,13,12,0.0
1475,24.200993924595984,15,10,0.0
1476,-7.025882599716878,12,13,0.0
1477,4.183616991914285,13,12,0.0
1478,13.232647682291782,14,11,0.0
1479,22.860007027536888,15,10,0.0
1480,3.901711973257541,13,12,0.0
1481,13.653540353269836,14,11,0.0
1482,4.601191380526777,13,12,0.0
1483,4.433008329048404,13,12,0.0
1484,4.035784630662693,13,12,0.0
1485,-6.144356672351606,12,13,0.0
1486,24.980937454256292,15,10,0.0
1487,14.282508436137398,14,11,0.0
1488,13.292251037759332,14,11,0.0
1489,14.782364999548868,14,11,0.0
1490,4.069811915680509,13,12,0.0
1491,-5.146919803116122,12,13,0.0
1492,4.370963597557889,13,12,0.0
1493,4.812534278085831,13,12,0.0
1494,4.759335618041952,13,12,0.0
1495,14.711164710560345,14,11,0.0
1496,14.644699734080405,14,11,0.0
1497,4.670080725254472,13,12,0.0
1498,14.028342144741142,14,11,0.0
1499,34.12057894752704,16,9,0.0
1500,4.722849889315677,13,12,0.0
1501,4.200004236825119,13,12,0.0
1502,14.497510026687692,14,11,0.0
1503,5.372487774585542,13,12,0.0
1504,14.203120122308476,14,11,0.0
1505,14.389027347324026,14,11,0.0
1506,4.48697379591592,13,12,0.0
1507,14.139883722256894,14,11,0.0
1508,13.97492563680535,14,11,0.0
1509,4.356834552905127,13,12,0.0
1510,14.734374267335063,14,11,0.0
1511,14.42241522340959,14,11,0.0
1512,24.441978796593602,15,10,0.0
1513,-5.164896409055634,12,13,0.0
1514,24.176032145773302,15,10,0.0
1515,14.974539752436947,14,11,0.0
1516,4.508749459710494,13,12,0.0
1517,14.458631725868056,14,11,0.0
1518,14.541274507637683,14,11,0.0
1519,5.139977085807807,13,12,0.0
1520,5.338995500721637,13,12,0.0
1521,5.62789053625691,13,12,0.0
1522,16.213227549154574,14,11,0.0
1523,3.980904342613389,13,12,0.0
1524,5.223827585475236,13,12,0.0
1525,5.353848647620239,13,12,0.0
1526,-4.400926186678081,12,13,0.0
1527,14.988117863233152,14,11,0.0
1528,5.029321921605529,13,12,0.0
1529,13.92410644923617,14,11,0.0
1530,14.974100785949638,14,11,0.0
1531,4.972829061878777,13,12,0.0
1532,4.2732300661597336,13,12,0.0
1533,14.65977741132727,14,11,0.0
1534,14.886704032422056,14,11,0.0
1535,5.153959862358182,13,12,0.0
1536,14.436359414014653,14,11,0.0
1537,-4.823503055473834,12,13,0.0
1538,14.50424475184667,14,11,0.0
1539,5.0545734043748425,13,12,0.0
1540,4.835105577492801,13,12,0.0
1541,-5.324030751408499,12,13,0.0
1542,14.744775696872967,14,11,0.0
1543,-5.952941472709339,12,13,0.0
1544,3.9868650113813424,13,12,0.0
1545,14.82462948129395,14,11,0.0
1546,-4.663434976056989,12,13,0.0
1547,14.350758926987046,14,11,0.0
1548,4.894990871438145,13,12,0.0
1549,14.889466545885217,14,11,0.0
1550,14.813128165606017,14,11,0.0
1551,5.129747789344968,13,12,0.0
1552,-5.269313356520243,12,13,0.0
1553,4.80692296141703,13,12,0.0
1554,4.655357195577169,13,12,0.0
1555,5.333473349081272,13,12,0.0
1556,14.403893632324875,14,11,0.0
1557,13.77046929914823,14,11,0.0
1558,14.069730893410506,14,11,0.0
1559,24.57128849055388,15,10,0.0
1560,14.086107908489307,14,11,0.0
1561,23.820538986369918,15,10,0.0
1562,34.34138729232847,16,9,0.0
1563,-5.695002369892049,12,13,0.0
1564,-15.255091896450558,11,14,0.0
1565,14.47262994487253,14,11,0.0
1566,14.540198984047333,14,11,0.0
1567,24.42415573436485,15,10,0.0
1568,5.005104254693116,13,12,0.0
1569,14.68366867878458,14,11,0.0
1570,14.321278973661537,14,11,0.0
1571,4.614581279333315,13,12,0.0
1572,14.568549760585075,14,11,0.0
1573,14.046621147216305,14,11,0.0
1574,34.47722573552495,16,9,0.0
1575,24.244340079112384,15,10,0.0
1576,23.612021093238603,15,10,0.0
1577,14.695540373336256,14,11,0.0
1578,4.140512678509321,13,12,0.0
1579,14.294506341337803,14,11,0.0
1580,5.0489104653331385,13,12,0.0
1581,35.20308296742746,16,9,0.0
1582,-6.062047092461043,12,13,0.0
1583,5.14031422212317,13,12,0.0
1584,3.9951744651634735,13,12,0.0
1585,4.062416485990738,13,12,0.0
1586,4.190792673976013,13,12,0.0
1587,13.89561808144382,14,11,0.0
1588,-5.49694625426414,12,13,0.0
1589,14.112989035567983,14,11,0.0
1590,14.386041640748747,14,11,0.0
1591,4.568169333626039,13,12,0.0
1592,-6.168047819624056,12,13,0.0
1593,4.147801884860597,13,12,0.0
1594,5.997383169232603,13,12,0.0
1595,-5.164610720162005,12,13,0.0
1596,5.31506697208755,13,12,0.0
1597,5.078715845663627,13,12,0.0
1598,3.8386737897489,13,12,0.0
1599,5.27519957897964,13,12,0.0
1600,5.266362365339722,13,12,0.0
1601,5.385551304615026,13,12,0.0
1602,-5.857638052057647,12,13,0.0
1603,-5.914107158192788,12,13,0.0
1604,5.3634195360310795,13,12,0.0
1605,-15.219338047652574,11,14,0.0
1606,-5.130522268967096,12,13,0.0
1607,-5.446991176447915,12,13,0.0
1608,5.055732607284599,13,12,0.0
1609,-15.222315182874576,11,14,0.0
1610,4.705835497566556,13,12,0.0
1611,4.693007557051059,13,12,0.0
1612,4.602903651893063,13,12,0.0
1613,-4.960545023215738,12,13,0.0
1614,14.295899701579406,14,11,0.0
1615,14.215515239003416,14,11,0.0
1616,4.893097849232229,13,12,0.0
1617,4.030169042779021,13,12,0.0
1618,-5.188006287417719,12,13,0.0
1619,-26.223633745664074,10,15,0.0
1620,4.861068925455847,13,12,0.0
1621,4.578635646027721,13,12,0.0
1622,4.742994882907106,13,12,0.0
1623,4.40585541320039,13,12,0.0
1624,-6.065299449077858,12,13,0.0
1625,4.488787909088997,13,12,0.0
1626,3.577129035429697,13,12,0.0
1627,-15.099810886805923,11,14,0.0
1628,3.6468782501856998,13,12,0.0
1629,4.278525411991236,13,12,0.0
1630,-15.542612980473688,11,14,0.0
1631,4.112972127319881,13,12,0.0
1632,4.1513547980598595,13,12,0.0
1633,4.747577339178197,13,12,0.0
1634,-4.917845686298145,12,13,0.0
1635,-15.119794035418801,11,14,0.0
1636,-4.969187942042592,12,13,0.0
1637,14.725782024277027,14,11,0.0
1638,-4.587128266415543,12,13,0.0
1639,4.822986339636774,13,12,0.0
1640,-5.744384125495962,12,13,0.0
1641,5.0824202463832355,13,12,0.0
1642,4.709878879078883,13,12,0.0
1643,4.8186031207708115,13,12,0.0
1644,13.690753329471432,14,11,0.0
1645,-5.4387689353101925,12,13,0.0
1646,4.231067982878513,13,12,0.0
1647,-5.602591055060767,12,13,0.0
1648,4.744468822483615,13,12,0.0
1649,13.95030091543726,14,11,0.0
1650,3.9649531859079725,13,12,0.0
1651,3.7914868137691418,13,12,0.0
1652,4.444146662191497,13,12,0.0
1653,-5.7808465788202374,12,13,0.0
1654,14.573451488898456,14,11,0.0
1655,14.714877601290482,14,11,0.0
1656,3.373329947029969,13,12,0.0
1657,3.3855786299279376,13,12,0.0
1658,3.4096052770794962,13,12,0.0
1659,14.147648425273186,14,11,0.0
1660,-15.573649716610419,11,14,0.0
1661,-16.06223643967632,11,14,0.0
1662,4.475786795834691,13,12,0.0
1663,13.980900509411253,14,11,0.0
1664,14.5204847748971,14,11,0.0
1665,14.514619526271082,14,11,0.0
1666,-4.76474380663203,12,13,0.0
1667,4.731831429329426,13,12,0.0
1668,14.399187347008993,14,11,0.0
1669,5.686845067612997,13,12,0.0
1670,4.298400048231763,13,12,0.0
1671,34.55148145992317,16,9,0.0
1672,5.442620355348717,13,12,0.0
1673,14.545064261916876,14,11,0.0
1674,15.086749616091932,14,11,0.0
1675,-14.651508223185658,11,14,0.0
1676,5.409029063663767,13,12,0.0
1677,5.106581117203853,13,12,0.0
1678,-5.163117907150007,12,13,0.0
1679,3.9133497186168897,13,12,0.0
1680,14.788639885696849,14,11,0.0
1681,14.774482407989941,14,11,0.0
1682,5.368278764016994,13,12,0.0
1683,3.7398580133788313,13,12,0.0
1684,-15.798453130018489,11,14,0.0
1685,-5.197631673363199,12,13,0.0
1686,-15.411144348600669,11,14,0.0
1687,4.747736016962865,13,12,0.0
1688,-5.775815056933906,12,13,0.0
1689,-5.256545956547514,12,13,0.0
1690,4.265029988997979,13,12,0.0
1691,-5.316868201561535,12,13,0.0
1692,3.900554844730557,13,12,0.0
1693,-5.822920982291046,12,13,0.0
1694,4.207984992356333,13,12,0.0
1695,-5.259945903529999,12,13,0.0
1696,-5.636282668831567,12,13,0.0
1697,4.679426727089431,13,12,0.0
1698,-15.717522252211438,11,14,0.0
1699,-6.53201538424125,12,13,0.0
1700,-15.136170074269117,11,14,0.0
1701,4.535852701624714,13,12,0.0
1702,4.831280002972623,13,12,0.0
1703,-5.681173189306233,12,13,0.0
1704,3.8185716089296626,13,12,0.0
1705,-5.636551902526623,12,13,0.0
1706,-5.468495859837078,12,13,0.0
1707,-4.711220161089306,12,13,0.0
1708,-4.766722115582441,12,13,0.0
1709,-5.5120006195233575,12,13,0.0
1710,3.3431697018918918,13,12,0.0
1711,4.795724094193161,13,12,0.0
1712,4.894453238389369,13,12,0.0
1713,3.47376905105779,13,12,0.0
1714,14.434918719082535,14,11,0.0
1715,25.6765748647153,15,10,0.0
1716,24.20324529831681,15,10,0.0
1717,5.103455713562372,13,12,0.0
1718,-15.267670972931814,11,14,0.0
1719,-5.457920521702036,12,13,0.0
1720,-6.0038088323388035,12,13,0.0
1721,4.4956844003334435,13,12,0.0
1722,-15.458557563079097,11,14,0.0
1723,-15.488112818182312,11,14,0.0
1724,2.8237607408666117,13,12,0.0
1725,4.93350032582434,13,12,0.0
1726,-5.54953275486476,12,13,0.0
1727,-5.492255364448755,12,13,0.0
1728,4.794415700613315,13,12,0.0
1729,-6.037440697652704,12,13,0.0
1730,-4.9472800854042465,12,13,0.0
1731,-5.975338997954802,12,13,0.0
1732,5.060716418734153,13,12,0.0
1733,3.806115845429927,13,12,0.0
1734,4.054353664315485,13,12,0.0
1735,14.075846861997597,14,11,0.0
1736,-5.864580660768367,12,13,0.0
1737,4.551088165604148,13,12,0.0
1738,-5.310439543752954,12,13,0.0
1739,-6.033459270741584,12,13,0.0
1740,3.941613259493735,13,12,0.0
1741,-5.575832842159861,12,13,0.0
1742,4.321847700030783,13,12,0.0
1743,4.611099636121525,13,12,0.0
1744,-6.306403322797863,12,13,0.0
1745,3.9867366860732805,13,12,0.0
1746,-5.077330973966051,12,13,0.0
1747,5.080622085305357,13,12,0.0
1748,4.600661907704124,13,12,0.0
1749,13.892319435794292,14,11,0.0
1750,-6.664463997351188,12,13,0.0
1751,4.388334614201584,13,12,0.0
1752,4.5177747251532985,13,12,0.0
1753,14.080235500993597,14,11,0.0
1754,-6.170475463749219,12,13,0.0
1755,4.401311262404269,13,12,0.0
1756,13.914011749317016,14,11,0.0
1757,-5.458897614978857,12,13,0.0
1758,14.388492721367133,14,11,0.0
1759,3.8529975262255967,13,12,0.0
1760,3.8354599042778252,13,12,0.0
1761,4.532566813621084,13,12,0.0
1762,4.144321915466234,13,12,0.0
1763,13.949277534669955,14,11,0.0
1764,4.155742519643514,13,12,0.0
1765,14.258806011420836,14,11,0.0
1766,14.185953806764406,14,11,0.0
1767,5.134432203133624,13,12,0.0
1768,-5.504191436468357,12,13,0.0
1769,-15.683619186637634,11,14,0.0
1770,3.9778239041281704,13,12,0.0
1771,14.842288081162465,14,11,0.0
1772,-4.764182814230203,12,13,0.0
1773,4.097411792498322,13,12,0.0
1774,3.774835147995187,13,12,0.0
1775,-5.0971552319066395,12,13,0.0
1776,-5.732454379746389,12,13,0.0
1777,4.855730027711456,13,12,0.0
1778,4.736978231940196,13,12,0.0
1779,4.700837891416001,13,12,0.0
1780,4.246386495645416,13,12,0.0
1781,-15.709364191130014,11,14,0.0
1782,4.567947816389783,13,12,0.0
1783,-5.573717944136695,12,13,0.0
1784,-5.608473407319353,12,13,0.0
1785,4.057553770188832,13,12,0.0
1786,4.308442684213569,13,12,0.0
1787,-14.870680884200343,11,14,0.0
1788,-5.206387364884616,12,13,0.0
1789,4.544407042095589,13,12,0.0
1790,4.931772045345751,13,12,0.0
1791,14.02573650848489,14,11,0.0
1792,5.107298861225461,13,12,0.0
1793,-4.608232791125919,12,13,0.0
1794,-5.529251156854675,12,13,0.0
1795,14.811403165164167,14,11,0.0
1796,14.04973439143351,14,11,0.0
1797,35.48104624237679,16,9,0.0
1798,4.011407856599894,13,12,0.0
1799,4.155994398127326,13,12,0.0
1800,13.597210523587375,14,11,0.0
1801,13.774591103837194,14,11,0.0
1802,35.0663581410204,16,9,0.0
1803,15.038873457565735,14,11,0.0
1804,-6.114988673441488,12,13,0.0
1805,23.865819372842903,15,10,0.0
1806,24.70470424932125,15,10,0.0
1807,14.281650655972228,14,11,0.0
1808,5.213748064273055,13,12,0.0
1809,4.772822320460071,13,12,0.0
1810,25.185550163208674,15,10,0.0
1811,25.09124718378324,15,10,0.0
1812,14.606955113693765,14,11,0.0
1813,-15.542744887708158,11,14,0.0
1814,-15.577385636829275,11,14,0.0
1815,14.879047638705506,14,11,0.0
1816,14.70804655252938,14,11,0.0
1817,14.74876683754314,14,11,0.0
1818,4.177886982991502,13,12,0.0
1819,4.860031412943257,13,12,0.0
1820,14.832195573377637,14,11,0.0
1821,25.259410484393072,15,10,0.0
1822,14.916720174215241,14,11,0.0
1823,24.853892997519832,15,10,0.0
1824,23.94420622497875,15,10,0.0
1825,13.688668759132538,14,11,0.0
1826,15.523063966636514,14,11,0.0
1827,15.007430250722045,14,11,0.0
1828,24.895854213978836,15,10,0.0
1829,25.033917966922306,15,10,0.0
1830,4.471853364204881,13,12,0.0
1831,24.078236028461788,15,10,0.0
1832,3.1571207730207718,13,12,0.0
1833,14.291613634474661,14,11,0.0
1834,4.356270680652104,13,12,0.0
1835,13.488577747231492,14,11,0.0
1836,14.615214370648346,14,11,0.0
1837,14.832091889949476,14,11,0.0
1838,24.259790958377256,15,10,0.0
1839,25.474858149166838,15,10,0.0
1840,25.248280059002226,15,10,0.0
1841,-4.965302763005974,12,13,0.0
1842,15.085793286832207,14,11,0.0
1843,4.616842183124346,13,12,0.0
1844,15.551814963547134,14,11,0.0
1845,14.933367418382389,14,11,0.0
1846,15.075070375753256,14,11,0.0
1847,34.3658354267598,16,9,0.0
1848,14.259464893101857,14,11,0.0
1849,24.601877514251072,15,10,0.0
1850,13.266337262158517,14,11,0.0
1851,4.840986260723242,13,12,0.0
1852,34.78010563598188,16,9,0.0
1853,24.804174394639418,15,10,0.0
1854,15.685206407295533,14,11,0.0
1855,24.991032347950238,15,10,0.0
1856,25.450818941092642,15,10,0.0
1857,14.753804528739822,14,11,0.0
1858,24.373143591510274,15,10,0.0
1859,5.380870017515754,13,12,0.0
1860,34.57701914129902,16,9,0.0
1861,34.71526746104367,16,9,0.0
1862,25.051595439835065,15,10,0.0
1863,15.218184107527101,14,11,0.0
1864,33.808745338337545,16,9,0.0
1865,24.292804223618425,15,10,0.0
1866,34.953489126435265,16,9,0.0
1867,34.481892728471685,16,9,0.0
1868,25.615261505385757,15,10,0.0
1869,5.230213698917576,13,12,0.0
1870,14.718654096268939,14,11,0.0
1871,4.932016124712291,13,12,0.0
1872,34.26115047434996,16,9,0.0
1873,-5.620527571711076,12,13,0.0
1874,14.32869700384597,14,11,0.0
1875,14.175658439062046,14,11,0.0
1876,4.900825493427645,13,12,0.0
1877,4.7053835384881495,13,12,0.0
1878,14.319797774781854,14,11,0.0
1879,14.36663694917916,14,11,0.0
1880,14.46422925903219,14,11,0.0
1881,14.524506360598698,14,11,0.0
1882,14.445761578791867,14,11,0.0
1883,13.611542118878655,14,11,0.0
1884,4.196751733920495,13,12,0.0
1885,14.210603836830096,14,11,0.0
1886,4.539146965145629,13,12,0.0
1887,24.46959044349412,15,10,0.0
1888,13.808460185509439,14,11,0.0
1889,4.209458783590065,13,12,0.0
1890,14.714633000750357,14,11,0.0
1891,23.871765049704777,15,10,0.0
1892,4.227159810216996,13,12,0.0
1893,15.032267623237189,14,11,0.0
1894,5.00944894100787,13,12,0.0
1895,14.289236118439264,14,11,0.0
1896,14.945975134665076,14,11,0.0
1897,4.506960713519188,13,12,0.0
1898,-5.716577541702954,12,13,0.0
1899,4.91486012931419,13,12,0.0
1900,-6.375934529485894,12,13,0.0
1901,3.5024206428069,13,12,0.0
1902,14.786619654248613,14,11,0.0
1903,34.55259246091718,16,9,0.0
1904,34.70978604329804,16,9,0.0
1905,23.574154323021325,15,10,0.0
1906,24.095917384981142,15,10,0.0
1907,24.12346633025124,15,10,0.0
1908,14.355082304213663,14,11,0.0
1909,-5.7119724594096155,12,13,0.0
1910,13.840325998815263,14,11,0.0
1911,13.184017684369088,14,11,0.0
1912,15.200670084974021,14,11,0.0
1913,4.7313059287939385,13,12,0.0
1914,23.128982384918217,15,10,0.0
1915,13.798857851826519,14,11,0.0
1916,-4.91497918859441,12,13,0.0
1917,24.530420623605806,15,10,0.0
1918,-6.341169529797332,12,13,0.0
1919,14.915345727695899,14,11,0.0
1920,25.26223298162174,15,10,0.0
1921,25.05701370030772,15,10,0.0
1922,5.0214711431505705,13,12,0.0
1923,13.816623873545506,14,11,0.0
1924,14.33261837773466,14,11,0.0
1925,-16.50935292811053,11,14,0.0
1926,-6.012554881673312,12,13,0.0
1927,13.9255665425259,14,11,0.0
1928,25.02159562715721,15,10,0.0
1929,15.106989399559648,14,11,0.0
1930,44.579761252726804,17,8,0.0
1931,14.832065862824072,14,11,0.0
1932,3.928312899619613,13,12,0.0
1933,4.040175644583423,13,12,0.0
1934,4.392275961874111,13,12,0.0
1935,14.019240170226642,14,11,0.0
1936,14.420502919553957,14,11,0.0
1937,24.638180377025733,15,10,0.0
1938,24.168595000271864,15,10,0.0
1939,13.869772472354404,14,11,0.0
1940,24.687504033123858,15,10,0.0
1941,24.42866475959626,15,10,0.0
1942,14.25091267774678,14,11,0.0
1943,13.999105093467223,14,11,0.0
1944,4.820325072332545,13,12,0.0
1945,23.41197835026147,15,10,0.0
1946,3.7279510421072484,13,12,0.0
1947,5.001738656310742,13,12,0.0
1948,3.3231088866342606,13,12,0.0
1949,15.101276598995142,14,11,0.0
1950,13.734562963116407,14,11,0.0
1951,4.147847502877222,13,12,0.0
1952,14.456810304364534,14,11,0.0
1953,13.575578196606916,14,11,0.0
1954,-16.105681804935955,11,14,0.0
1955,25.266888251722477,15,10,0.0
1956,34.91058408735699,16,9,0.0
1957,23.99531329271205,15,10,0.0
1958,24.294455260461767,15,10,0.0
1959,5.647824521956807,13,12,0.0
1960,24.262797652133994,15,10,0.0
1961,34.18780918899763,16,9,0.0
1962,25.22283651269252,15,10,0.0
1963,25.207177877709096,15,10,0.0
1964,24.73729757343961,15,10,0.0
1965,24.31207441393287,15,10,0.0
1966,15.423152660335615,14,11,0.0
1967,14.752230061319608,14,11,0.0
1968,3.9820452445165477,13,12,0.0
1969,24.397175032796444,15,10,0.0
1970,4.343168261991942,13,12,0.0
1971,24.273371629152816,15,10,0.0
1972,15.064135057266892,14,11,0.0
1973,24.16227834348119,15,10,0.0
1974,14.451837549732861,14,11,0.0
1975,14.280563722899842,14,11,0.0
1976,25.39536896891805,15,10,0.0
1977,24.67753596258924,15,10,0.0
1978,-5.814437271146979,12,13,0.0
1979,5.05751954627377,13,12,0.0
1980,23.994678761086583,15,10,0.0
1981,15.180802592005337,14,11,0.0
1982,35.85405711656777,16,9,0.0
1983,5.1940254538883,13,12,0.0
1984,14.047746331939853,14,11,0.0
1985,13.935111895060311,14,11,0.0
1986,13.075815083846233,14,11,0.0
1987,33.46454544162516,16,9,0.0
1988,-6.202117075111207,12,13,0.0
1989,24.303631060040882,15,10,0.0
1990,25.04291483858686,15,10,0.0
1991,33.86942020515851,16,9,0.0
1992,25.701700323455906,15,10,0.0
1993,14.606741282489663,14,11,0.0
1994,4.517669186612513,13,12,0.0
1995,24.451603814370078,15,10,0.0
1996,-15.577194202043092,11,14,0.0
1997,34.35419173009173,16,9,0.0
1998,14.724125177561913,14,11,0.0
1999,35.25303060582549,16,9,0.0
2000,34.021191264107664,16,9,0.0
2001,23.115972989622747,15,10,0.0
2002,33.923234637275996,16,9,0.0
2003,13.717991176770651,14,11,0.0
2004,34.16035228010169,16,9,0.0
2005,24.618577859724056,15,10,0.0
2006,34.631714655906094,16,9,0.0
2007,14.38160997751498,14,11,0.0
2008,24.506740664856064,15,10,0.0
2009,24.162558920571826,15,10,0.0
2010,-4.329167521285593,12,13,0.0
2011,24.672353037410645,15,10,0.0
2012,25.491282072273805,15,10,0.0
2013,4.03360565097959,13,12,0.0
2014,24.380125903671892,15,10,0.0
2015,24.05977238789363,15,10,0.0
2016,14.719145234019749,14,11,0.0
2017,15.048207229891133,14,11,0.0
2018,15.09011480912701,14,11,0.0
2019,-4.911896889311704,12,13,0.0
2020,4.6583363055867775,13,12,0.0
2021,24.643364696843307,15,10,0.0
2022,4.096122562307662,13,12,0.0
2023,4.452498105638748,13,12,0.0
2024,25.34094723700798,15,10,0.0
2025,4.058850400899818,13,12,0.0
2026,14.572588772631278,14,11,0.0
2027,34.131115502618044,16,9,0.0
2028,33.84986859314208,16,9,0.0
2029,33.66792708019922,16,9,0.0
2030,13.8589701778732,14,11,0.0
2031,14.693733031417024,14,11,0.0
2032,35.002176642953195,16,9,0.0
2033,24.51816156529524,15,10,0.0
2034,14.270110235887074,14,11,0.0
2035,4.1126340389778875,13,12,0.0
2036,25.308435595150545,15,10,0.0
2037,14.454413942129266,14,11,0.0
2038,13.816078764597243,14,11,0.0
2039,14.897982320607788,14,11,0.0
2040,-5.693331523592609,12,13,0.0
2041,24.70368827724748,15,10,0.0
2042,3.2839889249192273,13,12,0.0
2043,4.973069794848856,13,12,0.0
2044,24.06938363763028,15,10,0.0
2045,3.904394659720648,13,12,0.0
2046,13.225340433444137,14,11,0.0
2047,4.26476940482353,13,12,0.0
2048,14.042402128971052,14,11,0.0
2049,4.722123736638108,13,12,0.0
2050,-5.42015396958301,12,13,0.0
2051,-4.389835514900125,12,13,0.0
2052,4.354503913902695,13,12,0.0
2053,4.901030286438639,13,12,0.0
2054,4.392797885792934,13,12,0.0
2055,14.369872496911235,14,11,0.0
2056,14.98286229738845,14,11,0.0
2057,4.0838829768930704,13,12,0.0
2058,4.919281799841716,13,12,0.0
2059,14.846931608693705,14,11,0.0
2060,4.126035090783608,13,12,0.0
2061,15.291507544105027,14,11,0.0
2062,15.56882444835474,14,11,0.0
2063,14.38362090291863,14,11,0.0
2064,3.57522485582646,13,12,0.0
2065,14.46915455153695,14,11,0.0
2066,14.268877586382693,14,11,0.0
2067,24.478992728216475,15,10,0.0
2068,24.76116885262744,15,10,0.0
2069,14.817923475735855,14,11,0.0
2070,23.93163876673032,15,10,0.0
2071,25.63402511086657,15,10,0.0
2072,3.949179844460073,13,12,0.0
2073,14.653671313991982,14,11,0.0
2074,15.032722898366675,14,11,0.0
2075,3.7635721260857204,13,12,0.0
2076,14.551748278726391,14,11,0.0
2077,4.269759612785203,13,12,0.0
2078,14.24593788781913,14,11,0.0
2079,14.874519689774381,14,11,0.0
2080,-5.503048586624503,12,13,0.0
2081,15.069925310025349,14,11,0.0
2082,14.095690588086043,14,11,0.0
2083,-6.023915457648313,12,13,0.0
2084,4.472670142754366,13,12,0.0
2085,14.704073324342724,14,11,0.0
2086,24.961266613456097,15,10,0.0
2087,-6.024823658026202,12,13,0.0
2088,4.092293321078785,13,12,0.0
2089,24.663264567224875,15,10,0.0
2090,24.531233623152758,15,10,0.0
2091,34.06093838528854,16,9,0.0
2092,4.095217595037448,13,12,0.0
2093,25.535435677476336,15,10,0.0
2094,3.968897197310916,13,12,0.0
2095,4.393937441671022,13,12,0.0
2096,24.133141928798555,15,10,0.0
2097,3.812335826518874,13,12,0.0
2098,13.825058072026923,14,11,0.0
2099,4.087692492407498,13,12,0.0
2100,13.931015831361625,14,11,0.0
2101,-5.143564866235559,12,13,0.0
2102,13.348014954802581,14,11,0.0
2103,-15.30804585535701,11,14,0.0
2104,25.006832185249117,15,10,0.0
2105,24.52224870453997,15,10,0.0
2106,4.431465574074454,13,12,0.0
2107,13.380262626619428,14,11,0.0
2108,34.04417331160872,16,9,0.0
2109,24.237790663101244,15,10,0.0
2110,14.237765669615975,14,11,0.0
2111,4.401556973065466,13,12,0.0
2112,14.399288259953051,14,11,0.0
2113,-16.113997906383943,11,14,0.0
2114,4.0058296743418245,13,12,0.0
2115,4.5755885823643485,13,12,0.0
2116,3.63715547661005,13,12,0.0
2117,4.039565821916655,13,12,0.0
2118,14.30762833794141,14,11,0.0
2119,-5.661330859695694,12,13,0.0
2120,-5.546380685363841,12,13,0.0
2121,5.2260866452194,13,12,0.0
2122,-6.0766686243166586,12,13,0.0
2123,3.9479675138098744,13,12,0.0
2124,-6.116756127011972,12,13,0.0
2125,-5.276325081743459,12,13,0.0
2126,3.8098302041892693,13,12,0.0
2127,14.805198860695036,14,11,0.0
2128,-5.939781452940371,12,13,0.0
2129,3.643278697795836,13,12,0.0
2130,-15.86257746442002,11,14,0.0
2131,-6.450700024561191,12,13,0.0
2132,-15.366391134116325,11,14,0.0
2133,-15.91506036323527,11,14,0.0
2134,-5.828753973473354,12,13,0.0
2135,-6.3056441642297525,12,13,0.0
2136,13.974916285856544,14,11,0.0
2137,-6.507428095271262,12,13,0.0
2138,-6.053843747426104,12,13,0.0
2139,-6.009614168820763,12,13,0.0
2140,-15.935100782656212,11,14,0.0
2141,-5.2429984145291595,12,13,0.0
2142,-17.096321351054357,11,14,0.0
2143,13.44226041243682,14,11,0.0
2144,13.965970382821826,14,11,0.0
2145,14.473913598112448,14,11,0.0
2146,-6.35549036272759,12,13,0.0
2147,-6.055507044706668,12,13,0.0
2148,-27.083506869396366,10,15,0.0
2149,3.9094705916019548,13,12,0.0
2150,4.08277008453247,13,12,0.0
2151,4.004373906810971,13,12,0.0
2152,4.098282692851517,13,12,0.0
2153,13.8335546627718,14,11,0.0
2154,-6.168840508777032,12,13,0.0
2155,-6.205504176414681,12,13,0.0
2156,13.157480185372417,14,11,0.0
2157,3.7022548815071508,13,12,0.0
2158,4.10450554084204,13,12,0.0
2159,24.200640083235264,15,10,0.0
2160,13.34514689373552,14,11,0.0
2161,3.460646067266178,13,12,0.0
2162,23.725663094651367,15,10,0.0
2163,14.322436698049065,14,11,0.0
2164,12.363844095908815,14,11,0.0
2165,3.7748431797085455,13,12,0.0
2166,-6.561237135100283,12,13,0.0
2167,23.15593788592256,15,10,0.0
2168,3.4476035890078585,13,12,0.0
2169,23.06815196975709,15,10,0.0
2170,14.19124786616529,14,11,0.0
2171,13.511657785086191,14,11,0.0
2172,3.872360769983838,13,12,0.0
2173,23.421743936613886,15,10,0.0
2174,13.885443517005085,14,11,0.0
2175,13.141602568341902,14,11,0.0
2176,-5.251148168839224,12,13,0.0
2177,14.31563254305429,14,11,0.0
2178,15.803272782773776,14,11,0.0
2179,14.140245583241255,14,11,0.0
2180,-6.457034010022214,12,13,0.0
2181,3.2778857284002596,13,12,0.0
2182,14.280984537641014,14,11,0.0
2183,13.820068200937703,14,11,0.0
2184,-15.913205001360087,11,14,0.0
2185,24.0734294975623,15,10,0.0
2186,23.646709819945652,15,10,0.0
2187,24.196433701523254,15,10,0.0
2188,13.995766986775893,14,11,0.0
2189,4.107380617242033,13,12,0.0
2190,14.09087002109521,14,11,0.0
2191,3.5668103007862992,13,12,0.0
2192,25.223386338190444,15,10,0.0
2193,4.373210384780542,13,12,0.0
2194,3.4397994213226983,13,12,0.0
2195,4.000869248676208,13,12,0.0
2196,14.166055083975763,14,11,0.0
2197,4.063686698020209,13,12,0.0
2198,-6.913519430378425,12,13,0.0
2199,4.769021193800243,13,12,0.0
2200,13.783880463021198,14,11,0.0
2201,5.613582176988077,13,12,0.0
2202,24.048074250006195,15,10,0.0
2203,14.328707620208645,14,11,0.0
2204,13.874887408333585,14,11,0.0
2205,3.7428958731550788,13,12,0.0
2206,14.452809629525413,14,11,0.0
2207,3.8901406174558204,13,12,0.0
2208,14.140923661916123,14,11,0.0
2209,24.611065812299636,15,10,0.0
2210,13.670154377864666,14,11,0.0
2211,12.674954513704527,14,11,0.0
2212,14.377526993035222,14,11,0.0
2213,-6.655548625411741,12,13,0.0
2214,14.06354622154334,14,11,0.0
2215,14.021632789413976,14,11,0.0
2216,24.52238109145391,15,10,0.0
2217,13.707925270394961,14,11,0.0
2218,24.334540528408397,15,10,0.0
2219,4.399229121761407,13,12,0.0
2220,24.034746736123378,15,10,0.0
2221,13.65916993550561,14,11,0.0
2222,4.180316827178411,13,12,0.0
2223,13.974925644871385,14,11,0.0
2224,14.46523612259495,14,11,0.0
2225,24.264851719100818,15,10,0.0
2226,13.526259505134998,14,11,0.0
2227,13.842235781981213,14,11,0.0
2228,12.781546125591655,14,11,0.0
2229,25.24616122696691,15,10,0.0
2230,4.672798275811494,13,12,0.0
2231,5.209948361375188,13,12,0.0
2232,4.931421186422349,13,12,0.0
2233,14.475191435963653,14,11,0.0
2234,-5.4449757522688955,12,13,0.0
2235,15.165637821541692,14,11,0.0
2236,14.536340288773921,14,11,0.0
2237,23.52584968669176,15,10,0.0
2238,-4.957540978435046,12,13,0.0
2239,4.738811053904429,13,12,0.0
2240,15.22241932839457,14,11,0.0
2241,5.19270343417481,13,12,0.0
2242,14.337410643498941,14,11,0.0
2243,-5.142504718012898,12,13,0.0
2244,25.465779090944558,15,10,0.0
2245,25.019127783550754,15,10,0.0
2246,25.173085393949847,15,10,0.0
2247,4.8447573112459805,13,12,0.0
2248,25.8874911652337,15,10,0.0
2249,24.46615113970237,15,10,0.0
2250,4.695627556181751,13,12,0.0
2251,4.5238939273074745,13,12,0.0
2252,4.395371009882237,13,12,0.0
2253,-6.091023870286595,12,13,0.0
2254,5.223222374196969,13,12,0.0
2255,14.820526057241652,14,11,0.0
2256,15.142781017968353,14,11,0.0
2257,5.128167743790492,13,12,0.0
2258,25.00073145911054,15,10,0.0
2259,3.0342603911175052,13,12,0.0
2260,3.9435179037320887,13,12,0.0
2261,3.959557248119302,13,12,0.0
2262,14.182295356148678,14,11,0.0
2263,4.1351746558746285,13,12,0.0
2264,13.89290364405576,14,11,0.0
2265,13.70331420144357,14,11,0.0
2266,14.401770786266447,14,11,0.0
2267,14.76303742543406,14,11,0.0
2268,4.779541874222,13,12,0.0
2269,5.2148608691178495,13,12,0.0
2270,3.838242712182674,13,12,0.0
2271,4.582711185339881,13,12,0.0
2272,4.951921025619116,13,12,0.0
2273,13.861850282180557,14,11,0.0
2274,24.17794122644521,15,10,0.0
2275,14.761488808353509,14,11,0.0
2276,-5.35613729400495,12,13,0.0
2277,14.842148779707246,14,11,0.0
2278,-5.1164762902623755,12,13,0.0
2279,15.468873676533729,14,11,0.0
2280,14.374934341314841,14,11,0.0
2281,4.322593560803375,13,12,0.0
2282,4.949539669903871,13,12,0.0
2283,13.96644697864322,14,11,0.0
2284,14.624944941638272,14,11,0.0
2285,-5.386304827947564,12,13,0.0
2286,3.942159747810777,13,12,0.0
2287,-4.347326512323653,12,13,0.0
2288,4.438335284211154,13,12,0.0
2289,14.29735989094034,14,11,0.0
2290,-5.444655144686182,12,13,0.0
2291,13.310948811933777,14,11,0.0
2292,13.480792808468786,14,11,0.0
2293,4.043246736120224,13,12,0.0
2294,4.489710036248948,13,12,0.0
2295,13.930655909883045,14,11,0.0
2296,3.6059041045823053,13,12,0.0
2297,24.29201273102151,15,10,0.0
2298,3.6117380379553046,13,12,0.0
2299,4.158173785076045,13,12,0.0
2300,-5.047512836945467,12,13,0.0
2301,3.6104351620117088,13,12,0.0
2302,3.928004981097023,13,12,0.0
2303,-6.163290183294697,12,13,0.0
2304,13.823435869910544,14,11,0.0
2305,4.196060276162222,13,12,0.0
2306,3.9789614858060203,13,12,0.0
2307,-6.535659386958386,12,13,0.0
2308,14.289423351159593,14,11,0.0
2309,-16.603844414309492,11,14,0.0
2310,5.0937697029311115,13,12,0.0
2311,3.8464324586124725,13,12,0.0
2312,-6.341049342582831,12,13,0.0
2313,4.420337104564758,13,12,0.0
2314,-6.020043941979992,12,13,0.0
2315,-6.149572522407905,12,13,0.0
2316,4.619498007891349,13,12,0.0
2317,-4.530884183275752,12,13,0.0
2318,14.06627591113501,14,11,0.0
2319,14.70124156972782,14,11,0.0
2320,-15.274429148584488,11,14,0.0
2321,4.806795955347693,13,12,0.0
2322,4.61841181020313,13,12,0.0
2323,14.035265896235057,14,11,0.0
2324,4.631113221896175,13,12,0.0
2325,14.684870271716134,14,11,0.0
2326,4.774743340404966,13,12,0.0
2327,14.81182409912545,14,11,0.0
2328,-4.39099860728629,12,13,0.0
2329,15.277684135414354,14,11,0.0
2330,-4.633779935630224,12,13,0.0
2331,-5.8621841955433975,12,13,0.0
2332,-5.337276475438454,12,13,0.0
2333,-6.107429153215266,12,13,0.0
2334,5.308980462951769,13,12,0.0
2335,14.7827401024278,14,11,0.0
2336,-5.2735742736520566,12,13,0.0
2337,-14.540465191458333,11,14,0.0
2338,4.172810160552023,13,12,0.0
2339,5.933610573380833,13,12,0.0
2340,5.086623646296879,13,12,0.0
2341,-5.245860641007131,12,13,0.0
2342,14.518458474475498,14,11,0.0
2343,4.771116468273916,13,12,0.0
2344,-5.953126003176944,12,13,0.0
2345,3.9618115951802926,13,12,0.0
2346,5.296049152668489,13,12,0.0
2347,-14.489599980700993,11,14,0.0
2348,-4.054461489299216,12,13,0.0
2349,-5.183947589494546,12,13,0.0
2350,4.217259766651702,13,12,0.0
2351,4.952812467910189,13,12,0.0
2352,14.445965313800059,14,11,0.0
2353,5.258417984322168,13,12,0.0
2354,-5.72886735926722,12,13,0.0
2355,5.689255953571943,13,12,0.0
2356,15.076522704403978,14,11,0.0
2357,-4.344918658784889,12,13,0.0
2358,-5.1266454746164065,12,13,0.0
2359,4.765191056316203,13,12,0.0
2360,15.385491020866526,14,11,0.0
2361,14.945287730191884,14,11,0.0
2362,-4.659747981005456,12,13,0.0
2363,5.133939684284622,13,12,0.0
2364,-15.147146219576967,11,14,0.0
2365,-5.675556691771089,12,13,0.0
2366,4.963331598053561,13,12,0.0
2367,4.889288276893372,13,12,0.0
2368,-4.027552704616188,12,13,0.0
2369,15.254885417437265,14,11,0.0
2370,-5.53906913060797,12,13,0.0
2371,3.9939814718393527,13,12,0.0
2372,4.799032905312229,13,12,0.0
2373,-6.691742616060965,12,13,0.0
2374,14.251268018970586,14,11,0.0
2375,5.667407026687227,13,12,0.0
2376,-6.3938129779791195,12,13,0.0
2377,-15.59888832431151,11,14,0.0
2378,14.507114907965745,14,11,0.0
2379,-15.181667123678091,11,14,0.0
2380,4.533154406213468,13,12,0.0
2381,-15.275844053732548,11,14,0.0
2382,3.928202250929086,13,12,0.0
2383,-6.441951038875239,12,13,0.0
2384,-16.025511227017272,11,14,0.0
2385,5.260701179092573,13,12,0.0
2386,-6.20094696418057,12,13,0.0
2387,-4.688258748688866,12,13,0.0
2388,-6.1220914715934605,12,13,0.0
2389,4.6578722421715115,13,12,0.0
2390,5.060286403741255,13,12,0.0
2391,-5.235953708999775,12,13,0.0
2392,4.633940588444759,13,12,0.0
2393,-4.5783169817947424,12,13,0.0
2394,-5.792670253647673,12,13,0.0
2395,-5.010105457012487,12,13,0.0
2396,4.647602630215296,13,12,0.0
2397,-25.275113200234102,10,15,0.0
2398,4.693970963825597,13,12,0.0
2399,-5.596530660581404,12,13,0.0
2400,-5.7691180533917565,12,13,0.0
2401,-5.214035603295461,12,13,0.0
2402,-4.53346998474262,12,13,0.0
2403,5.012404696088698,13,12,0.0
2404,-5.2048134230405445,12,13,0.0
2405,4.565214555356858,13,12,0.0
2406,-5.823898195359872,12,13,0.0
2407,-14.507189454080926,11,14,0.0
2408,3.78228507113566,13,12,0.0
2409,5.06605475771725,13,12,0.0
2410,5.183798279443957,13,12,0.0
2411,4.8670274962223505,13,12,0.0
2412,4.0057764580502635,13,12,0.0
2413,-4.575833225019444,12,13,0.0
2414,-5.072966365703626,12,13,0.0
2415,-14.792795990738954,11,14,0.0
2416,-14.76058699709455,11,14,0.0
2417,-24.862261033281374,10,15,0.0
2418,15.017761041638556,14,11,0.0
2419,-5.617846421548729,12,13,0.0
2420,-4.347925056448109,12,13,0.0
2421,5.2881401281620874,13,12,0.0
2422,15.687075242650028,14,11,0.0
2423,-5.136987081653804,12,13,0.0
2424,5.1316901904295396,13,12,0.0
2425,14.856317173298583,14,11,0.0
2426,-14.590611270519403,11,14,0.0
2427,4.896278901275304,13,12,0.0
2428,-4.763980512766009,12,13,0.0
2429,-4.990912354301521,12,13,0.0
2430,-5.075464150609857,12,13,0.0
2431,5.295103143509355,13,12,0.0
2432,5.426256882525282,13,12,0.0
2433,-5.994798829017741,12,13,0.0
2434,4.943546320729915,13,12,0.0
2435,5.656849207797011,13,12,0.0
2436,-5.776298888536739,12,13,0.0
2437,5.236635659655807,13,12,0.0
2438,4.689156709074702,13,12,0.0
2439,5.721730026199349,13,12,0.0
2440,15.043851278560224,14,11,0.0
2441,5.415276365434364,13,12,0.0
2442,-5.204227611416725,12,13,0.0
2443,-4.635551623537342,12,13,0.0
2444,4.956067760658952,13,12,0.0
2445,-4.53015588858459,12,13,0.0
2446,5.108451448403694,13,12,0.0
2447,-4.867153609884194,12,13,0.0
2448,-5.17444383600313,12,13,0.0
2449,-4.415149588164031,12,13,0.0
2450,5.149434310868498,13,12,0.0
2451,-5.381502863587187,12,13,0.0
2452,-14.87605979801284,11,14,0.0
2453,5.771126435035548,13,12,0.0
2454,5.386045830953214,13,12,0.0
2455,14.88694635717483,14,11,0.0
2456,4.971293000068412,13,12,0.0
2457,5.4977058108535175,13,12,0.0
2458,5.55985535035841,13,12,0.0
2459,4.732154315374388,13,12,0.0
2460,-4.919628409947319,12,13,0.0
2461,15.51212649286689,14,11,0.0
2462,15.206514435926703,14,11,0.0
2463,5.804064923181858,13,12,0.0
2464,4.551103024930146,13,12,0.0
2465,-4.411657077076333,12,13,0.0
2466,5.753187724772044,13,12,0.0
2467,4.776616855095238,13,12,0.0
2468,14.970768831248325,14,11,0.0
2469,-4.917548042480676,12,13,0.0
2470,5.377085149516917,13,12,0.0
2471,-4.434310539313544,12,13,0.0
2472,6.267706573443571,13,12,0.0
2473,5.25577572663982,13,12,0.0
2474,16.36995585184244,14,11,0.0
2475,5.65957862095791,13,12,0.0
2476,-4.813587746758175,12,13,0.0
2477,5.579591056221684,13,12,0.0
2478,-4.036715219001984,12,13,0.0
2479,5.40380044879983,13,12,0.0
2480,-4.68405145557257,12,13,0.0
2481,16.052102677176006,14,11,0.0
2482,-4.190955942044894,12,13,0.0
2483,-3.843463266811181,12,13,0.0
2484,5.321461074992534,13,12,0.0
2485,-4.526541120435652,12,13,0.0
2486,5.667932324729705,13,12,0.0
2487,-14.8253099743356,11,14,0.0
2488,-13.749402852168762,11,14,0.0
2489,5.151675069990809,13,12,0.0
2490,-4.376247165153348,12,13,0.0
2491,15.558297114858938,14,11,0.0
2492,4.874997790009205,13,12,0.0
2493,5.2730826755540505,13,12,0.0
2494,-3.7992621675325466,12,13,0.0
2495,15.868327842275288,14,11,0.0
2496,5.65417547901597,13,12,0.0
2497,6.045842339746784,13,12,0.0
2498,16.198253918619244,14,11,0.0
2499,15.637446409573194,14,11,0.0
2500,-4.0348528724372255,12,13,0.0
2501,5.380214478212052,13,12,0.0
2502,5.280517800400583,13,12,0.0
2503,5.3789246855589,13,12,0.0
2504,5.902270823454831,13,12,0.0
2505,15.228250137923366,14,11,0.0
2506,-4.007899472570912,12,13,0.0
2507,-3.6086397682536884,12,13,0.0
2508,-4.141244151445534,12,13,0.0
2509,-3.858891628936931,12,13,0.0
2510,-3.80773398825533,12,13,0.0
2511,-4.136105683539492,12,13,0.0
2512,-4.011293375881571,12,13,0.0
2513,-4.0552319951435365,12,13,0.0
2514,15.714198219109889,14,11,0.0
2515,-4.138834527107596,12,13,0.0
2516,5.4954602755422695,13,12,0.0
2517,-13.871686477991894,11,14,0.0
2518,-14.323103226625232,11,14,0.0
2519,5.365672763816615,13,12,0.0
2520,-4.547714462382764,12,13,0.0
2521,6.239416201871897,13,12,0.0
2522,5.602828946628248,13,12,0.0
2523,-4.717933435548538,12,13,0.0
2524,5.347316093638339,13,12,0.0
2525,6.145500602993389,13,12,0.0
2526,5.67452065978444,13,12,0.0
2527,5.8015243165976536,13,12,0.0
2528,5.315835423643936,13,12,0.0
2529,5.610256287322468,13,12,0.0
2530,-13.74561593058557,11,14,0.0
2531,-3.7910756687080642,12,13,0.0
2532,5.316152738672132,13,12,0.0
2533,16.29644251755103,14,11,0.0
2534,5.201112453252305,13,12,0.0
2535,16.18110196472923,14,11,0.0
2536,5.868964785913459,13,12,0.0
2537,4.417686680118777,13,12,0.0
2538,-4.3944801513566105,12,13,0.0
2539,5.676887044804268,13,12,0.0
2540,15.665464876607714,14,11,0.0
2541,-4.347570147425614,12,13,0.0
2542,-4.30694303860027,12,13,0.0
2543,4.96919170013758,13,12,0.0
2544,-4.2748337852205935,12,13,0.0
2545,5.360905210267838,13,12,0.0
2546,-4.811183057915635,12,13,0.0
2547,5.36363818423974,13,12,0.0
2548,5.055815545652425,13,12,0.0
2549,5.548490077057526,13,12,0.0
2550,5.012105401765117,13,12,0.0
2551,-4.794462351590572,12,13,0.0
2552,5.995507656663037,13,12,0.0
2553,-4.935675059204672,12,13,0.0
2554,25.520627525152847,15,10,0.0
2555,5.587219979808173,13,12,0.0
2556,4.677682243691207,13,12,0.0
2557,5.6408600768291075,13,12,0.0
2558,4.991577729451212,13,12,0.0
2559,-4.830193123479827,12,13,0.0
2560,5.5072322197859,13,12,0.0
2561,4.715095696284603,13,12,0.0
2562,-4.721127184808092,12,13,0.0
2563,15.225344091041787,14,11,0.0
2564,-14.529495203379835,11,14,0.0
2565,5.072848001798654,13,12,0.0
2566,-14.151309508856553,11,14,0.0
2567,5.51337531194028,13,12,0.0
2568,4.674341934150503,13,12,0.0
2569,5.588668916204714,13,12,0.0
2570,5.345641230281755,13,12,0.0
2571,15.23377060328311,14,11,0.0
2572,-5.256455684366855,12,13,0.0
2573,-5.035665169041737,12,13,0.0
2574,-5.452799901576105,12,13,0.0
2575,5.025028065534348,13,12,0.0
2576,4.235478474244006,13,12,0.0
2577,-5.201884964245734,12,13,0.0
2578,-3.9093953871065583,12,13,0.0
2579,-4.230035777265776,12,13,0.0
2580,-15.788879535107284,11,14,0.0
2581,25.43850739997822,15,10,0.0
2582,5.4309437253794695,13,12,0.0
2583,6.030674773865211,13,12,0.0
2584,4.691207898904544,13,12,0.0
2585,-15.480707638872342,11,14,0.0
2586,-4.458170146613231,12,13,0.0
2587,-14.707303929267319,11,14,0.0
2588,5.526284676214967,13,12,0.0
2589,-15.355522954312578,11,14,0.0
2590,-4.308142627069734,12,13,0.0
2591,4.79375469615413,13,12,0.0
2592,15.385534546575233,14,11,0.0
2593,-5.036650954089749,12,13,0.0
2594,15.199860699066972,14,11,0.0
2595,15.519581156421038,14,11,0.0
2596,15.665034597230923,14,11,0.0
2597,-4.381249392835112,12,13,0.0
2598,14.904292070194757,14,11,0.0
2599,5.599099140078545,13,12,0.0
2600,5.02708017123645,13,12,0.0
2601,5.550155414964639,13,12,0.0
2602,-15.927290676930625,11,14,0.0
2603,14.079590930492632,14,11,0.0
2604,4.142323721920823,13,12,0.0
2605,4.535999798460522,13,12,0.0
2606,5.139846460107915,13,12,0.0
2607,-5.490490795542163,12,13,0.0
2608,4.72817645908119,13,12,0.0
2609,6.146105408684381,13,12,0.0
2610,-5.1422677395905865,12,13,0.0
2611,-6.035218889267716,12,13,0.0
2612,-5.036148819847458,12,13,0.0
2613,-4.6413074584851035,12,13,0.0
2614,4.700643268425333,13,12,0.0
2615,-3.951242893317737,12,13,0.0
2616,-15.57551325626832,11,14,0.0
2617,5.175988458486168,13,12,0.0
2618,5.594156401005666,13,12,0.0
2619,5.869812864306635,13,12,0.0
2620,4.821956339833906,13,12,0.0
2621,5.923780804057566,13,12,0.0
2622,5.735505421729368,13,12,0.0
2623,4.35632351760599,13,12,0.0
2624,-5.674152234025586,12,13,0.0
2625,4.79358941803717,13,12,0.0
2626,4.285281200334634,13,12,0.0
2627,-4.575937649357384,12,13,0.0
2628,4.931263929951147,13,12,0.0
2629,-5.364932328594129,12,13,0.0
2630,24.688212682077108,15,10,0.0
2631,14.100384747330912,14,11,0.0
2632,15.401200161582281,14,11,0.0
2633,4.209777711125265,13,12,0.0
2634,14.550591188243327,14,11,0.0
2635,25.7154314001265,15,10,0.0
2636,14.685865975193755,14,11,0.0
2637,-5.627277450627846,12,13,0.0
2638,5.137586944466047,13,12,0.0
2639,-4.769559145130491,12,13,0.0
2640,-5.781498236118919,12,13,0.0
2641,3.9038541029126677,13,12,0.0
2642,3.853211547301381,13,12,0.0
2643,4.2786822547732495,13,12,0.0
2644,-4.802919984839573,12,13,0.0
2645,4.532544518222487,13,12,0.0
2646,4.84615664550076,13,12,0.0
2647,4.7459148471593355,13,12,0.0
2648,4.846843780519556,13,12,0.0
2649,24.32025314629473,15,10,0.0
2650,4.300389116729631,13,12,0.0
2651,15.553172297832429,14,11,0.0
2652,-5.591676597540896,12,13,0.0
2653,14.504830101042918,14,11,0.0
2654,-14.655252827653921,11,14,0.0
2655,4.809014983359065,13,12,0.0
2656,15.343037545897868,14,11,0.0
2657,6.196550781763232,13,12,0.0
2658,-4.858498345584195,12,13,0.0
2659,4.636436041885879,13,12,0.0
2660,4.509292836245965,13,12,0.0
2661,4.809515208698127,13,12,0.0
2662,-5.011426181562246,12,13,0.0
2663,4.4852913811440995,13,12,0.0
2664,-15.277220003325493,11,14,0.0
2665,-4.211569433862955,12,13,0.0
2666,4.473576320574898,13,12,0.0
2667,-14.234576009701687,11,14,0.0
2668,-15.432566801630697,11,14,0.0
2669,5.430264585801407,13,12,0.0
2670,-34.18657080874431,9,16,0.0
2671,-4.397332088265614,12,13,0.0
2672,5.2422937896620425,13,12,0.0
2673,-4.548801781634978,12,13,0.0
2674,4.54023191054276,13,12,0.0
2675,15.734621699546693,14,11,0.0
2676,4.865147067085992,13,12,0.0
2677,-23.98650529875228,10,15,0.0
2678,-5.343132405733218,12,13,0.0
2679,16.04441444312512,14,11,0.0
2680,-5.512990377607736,12,13,0.0
2681,15.192479975014676,14,11,0.0
2682,-4.390096879977076,12,13,0.0
2683,5.770182420337656,13,12,0.0
2684,-24.545328966928928,10,15,0.0
2685,-14.805570579893022,11,14,0.0
2686,-4.062528167996549,12,13,0.0
2687,-5.741283138312624,12,13,0.0
2688,5.563237336132881,13,12,0.0
2689,-4.991963611196329,12,13,0.0
2690,15.106143786219713,14,11,0.0
2691,15.523835726321002,14,11,0.0
2692,-4.765182025596882,12,13,0.0
2693,5.465613764948204,13,12,0.0
2694,4.745234472051365,13,12,0.0
2695,-3.8099439723300508,12,13,0.0
2696,15.427915164336468,14,11,0.0
2697,5.6243404456547275,13,12,0.0
2698,15.874815137408277,14,11,0.0
2699,5.53889710515228,13,12,0.0
2700,4.63374114329959,13,12,0.0
2701,-4.2647702286355536,12,13,0.0
2702,6.012092604310286,13,12,0.0
2703,5.073122342399501,13,12,0.0
2704,4.6655484932219995,13,12,0.0
2705,15.302222285171233,14,11,0.0
2706,4.624594621492214,13,12,0.0
2707,5.548382328040519,13,12,0.0
2708,25.695156495249087,15,10,0.0
2709,-3.4514479055174707,12,13,0.0
2710,-4.86573145543162,12,13,0.0
2711,5.75545687789693,13,12,0.0
2712,5.027127745169947,13,12,0.0
2713,15.73795454471305,14,11,0.0
2714,-4.771479897493174,12,13,0.0
2715,4.754431059306373,13,12,0.0
2716,-4.686301132954916,12,13,0.0
2717,-3.5283352182283707,12,13,0.0
2718,15.79477019419144,14,11,0.0
2719,15.08792982859127,14,11,0.0
2720,6.163667520602544,13,12,0.0
2721,4.455774864285847,13,12,0.0
2722,14.78098357333385,14,11,0.0
2723,15.990503812747859,14,11,0.0
2724,5.969799964563339,13,12,0.0
2725,-15.184484399011561,11,14,0.0
2726,5.3536829688595375,13,12,0.0
2727,15.185146982997978,14,11,0.0
2728,14.329386142805632,14,11,0.0
2729,15.796429043166661,14,11,0.0
2730,5.094712996556828,13,12,0.0
2731,5.623659969649481,13,12,0.0
2732,-14.676718087434587,11,14,0.0
2733,14.727475602107848,14,11,0.0
2734,-4.454136851896919,12,13,0.0
2735,15.914782354810399,14,11,0.0
2736,15.754838431481344,14,11,0.0
2737,14.810328418517138,14,11,0.0
2738,25.384837781527672,15,10,0.0
2739,6.084179219260321,13,12,0.0
2740,15.785078343874158,14,11,0.0
2741,-15.540167114992144,11,14,0.0
2742,4.715860772862374,13,12,0.0
2743,-4.335373848574157,12,13,0.0
2744,-4.168884222138917,12,13,0.0
2745,-5.0334560338903405,12,13,0.0
2746,15.028337545650373,14,11,0.0
2747,-4.491525396457039,12,13,0.0
2748,-3.414648305596696,12,13,0.0
2749,5.005730153856752,13,12,0.0
2750,5.246128547438879,13,12,0.0
2751,4.958933003493789,13,12,0.0
2752,5.12307083488456,13,12,0.0
2753,-15.550345689713756,11,14,0.0
2754,4.9606200046271205,13,12,0.0
2755,-16.056114963005367,11,14,0.0
2756,4.400370517649718,13,12,0.0
2757,4.8363073866845365,13,12,0.0
2758,5.0389703576437235,13,12,0.0
2759,-4.826398517684668,12,13,0.0
2760,-4.825637742958804,12,13,0.0
2761,15.156600756376154,14,11,0.0
2762,4.721722226136402,13,12,0.0
2763,15.332239280796596,14,11,0.0
2764,-4.448476176166399,12,13,0.0
2765,5.027980433866099,13,12,0.0
2766,15.258051552632761,14,11,0.0
2767,5.40156956744339,13,12,0.0
2768,4.504286122232289,13,12,0.0
2769,-5.968676812679753,12,13,0.0
2770,25.237785260404102,15,10,0.0
2771,-5.113229684870102,12,13,0.0
2772,14.656461314122582,14,11,0.0
2773,-5.140533721070398,12,13,0.0
2774,4.596504493467119,13,12,0.0
2775,4.993318316480892,13,12,0.0
2776,5.122527290507673,13,12,0.0
2777,4.928616999085155,13,12,0.0
2778,4.915938003811888,13,12,0.0
2779,4.806622704446922,13,12,0.0
2780,5.161283717714559,13,12,0.0
2781,-5.147665666211253,12,13,0.0
2782,5.509579079872021,13,12,0.0
2783,4.7297365860515175,13,12,0.0
2784,5.7384122432743165,13,12,0.0
2785,-5.7155311107226465,12,13,0.0
2786,-4.823424511745335,12,13,0.0
2787,-4.859337019280002,12,13,0.0
2788,23.60546501386862,15,10,0.0
2789,-4.87120981376585,12,13,0.0
2790,15.415930508456437,14,11,0.0
2791,5.223864948495288,13,12,0.0
2792,-5.255335546972092,12,13,0.0
2793,5.55062018998907,13,12,0.0
2794,-4.7689344079005815,12,13,0.0
2795,-4.212692647342472,12,13,0.0
2796,-4.773677848783419,12,13,0.0
2797,5.29689362501324,13,12,0.0
2798,-4.2690615199991555,12,13,0.0
2799,-4.427433759229158,12,13,0.0
2800,5.427304672843595,13,12,0.0
2801,2.6952910353412047,13,12,0.0
2802,5.941743669902193,13,12,0.0
2803,-5.60134885348608,12,13,0.0
2804,4.307052168081387,13,12,0.0
2805,-5.279079706904907,12,13,0.0
2806,-14.713176244509253,11,14,0.0
2807,15.950755577676645,14,11,0.0
2808,5.260998697910345,13,12,0.0
2809,-4.786471063718692,12,13,0.0
2810,-4.585771857928558,12,13,0.0
2811,4.749062082482603,13,12,0.0
2812,4.946633561605108,13,12,0.0
2813,-4.620703100243993,12,13,0.0
2814,-5.097114116794559,12,13,0.0
2815,6.111711430644235,13,12,0.0
2816,-5.083577268637273,12,13,0.0
2817,-3.6927984961267164,12,13,0.0
2818,5.896634799446033,13,12,0.0
2819,6.326517027583234,13,12,0.0
2820,15.581089955112834,14,11,0.0
2821,14.421166685431114,14,11,0.0
2822,-4.940560911510506,12,13,0.0
2823,15.392041829867129,14,11,0.0
2824,-4.0045608032875695,12,13,0.0
2825,-4.6291260742415705,12,13,0.0
2826,5.6427063386032525,13,12,0.0
2827,16.578966524126074,14,11,0.0
2828,-5.383114224351866,12,13,0.0
2829,15.742713017683274,14,11,0.0
2830,-5.5636646285309865,12,13,0.0
2831,-14.307691144701808,11,14,0.0
2832,5.019314897544772,13,12,0.0
2833,-4.766160080163354,12,13,0.0
2834,-25.501716157035762,10,15,0.0
2835,-4.961805213579831,12,13,0.0
2836,6.273161645567166,13,12,0.0
2837,4.907757033428279,13,12,0.0
2838,-4.457248181004148,12,13,0.0
2839,4.494723049377658,13,12,0.0
2840,-14.130116359379537,11,14,0.0
2841,3.689682007432989,13,12,0.0
2842,-4.604750826105244,12,13,0.0
2843,-14.927383676660387,11,14,0.0
2844,4.841471329883918,13,12,0.0
2845,5.455820469291851,13,12,0.0
2846,5.48263088358409,13,12,0.0
2847,14.076954660408823,14,11,0.0
2848,5.502064126583706,13,12,0.0
2849,-4.4299607009458395,12,13,0.0
2850,16.0161175384967,14,11,0.0
2851,14.977874798020641,14,11,0.0
2852,4.80297406277138,13,12,0.0
2853,14.78781351336706,14,11,0.0
2854,5.399045737889115,13,12,0.0
2855,4.209754191408912,13,12,0.0
2856,5.807366985560987,13,12,0.0
2857,5.087591272410373,13,12,0.0
2858,-5.404363819406092,12,13,0.0
2859,-5.820403678161032,12,13,0.0
2860,5.821429396488327,13,12,0.0
2861,15.217346484989715,14,11,0.0
2862,4.749798220382285,13,12,0.0
2863,14.981605811254777,14,11,0.0
2864,3.7940454268744777,13,12,0.0
2865,14.183290039848558,14,11,0.0
2866,14.122482179317304,14,11,0.0
2867,24.948691915133164,15,10,0.0
2868,-15.398696482912625,11,14,0.0
2869,14.207976966311648,14,11,0.0
2870,-25.38118951118954,10,15,0.0
2871,14.729788636288921,14,11,0.0
2872,-14.839961663767609,11,14,0.0
2873,3.673627263381446,13,12,0.0
2874,14.612345168372077,14,11,0.0
2875,5.356696426301935,13,12,0.0
2876,-5.662859033773696,12,13,0.0
2877,15.096099842601229,14,11,0.0
2878,4.566931291205922,13,12,0.0
2879,4.165184410552616,13,12,0.0
2880,4.480267846504077,13,12,0.0
2881,5.2140485532929475,13,12,0.0
2882,14.463910954806376,14,11,0.0
2883,3.9044042105431735,13,12,0.0
2884,5.606412928163385,13,12,0.0
2885,15.54563574638742,14,11,0.0
2886,-5.4426463525575635,12,13,0.0
2887,4.851017095890475,13,12,0.0
2888,14.490014644968745,14,11,0.0
2889,-26.112061105139816,10,15,0.0
2890,13.781951638563601,14,11,0.0
2891,4.691596955474683,13,12,0.0
2892,13.979321816492396,14,11,0.0
2893,14.14156403062588,14,11,0.0
2894,13.116862365892214,14,11,0.0
2895,5.80784631517651,13,12,0.0
2896,4.931171734989712,13,12,0.0
2897,14.97304301051425,14,11,0.0
2898,4.596229708508233,13,12,0.0
2899,4.232914672872678,13,12,0.0
2900,4.527232004451301,13,12,0.0
2901,24.746912579783157,15,10,0.0
2902,4.7457730515805565,13,12,0.0
2903,4.304941521943258,13,12,0.0
2904,4.458547280327524,13,12,0.0
2905,-4.565632904052782,12,13,0.0
2906,4.971373053279979,13,12,0.0
2907,-5.154874063515695,12,13,0.0
2908,-6.168949345133537,12,13,0.0
2909,-5.310875303788418,12,13,0.0
2910,4.742599298250024,13,12,0.0
2911,4.070219586587992,13,12,0.0
2912,-5.419161209516983,12,13,0.0
2913,4.585910368062452,13,12,0.0
2914,14.365419728366993,14,11,0.0
2915,-5.594708233392787,12,13,0.0
2916,14.803207033548993,14,11,0.0
2917,6.014438901734168,13,12,0.0
2918,6.117325132301616,13,12,0.0
2919,-3.959847022120913,12,13,0.0
2920,15.25915409049331,14,11,0.0
2921,-5.808370766265966,12,13,0.0
2922,14.827251645003482,14,11,0.0
2923,15.115734570070892,14,11,0.0
2924,16.451686952724224,14,11,0.0
2925,-4.947495240854494,12,13,0.0
2926,-6.1310509398142745,12,13,0.0
2927,5.473725558494365,13,12,0.0
2928,3.432713803765747,13,12,0.0
2929,5.153231831921765,13,12,0.0
2930,5.309980256635871,13,12,0.0
2931,2.776666761087169,13,12,0.0
2932,2.4099257955469344,13,12,0.0
2933,4.7866726450277,13,12,0.0
2934,4.11748648858352,13,12,0.0
2935,14.339992187600226,14,11,0.0
2936,3.8579698614121405,13,12,0.0
2937,-5.847587601403784,12,13,0.0
2938,4.26197336379823,13,12,0.0
2939,15.906047199465277,14,11,0.0
2940,-5.794823120857149,12,13,0.0
2941,4.754844286143856,13,12,0.0
2942,25.125708470766877,15,10,0.0
2943,15.394607275879032,14,11,0.0
2944,5.05792856528536,13,12,0.0
2945,2.4495544056726786,13,12,0.0
2946,14.379140097967262,14,11,0.0
2947,14.719453500763269,14,11,0.0
2948,5.149760613258014,13,12,0.0
2949,4.0300773223156465,13,12,0.0
2950,3.7911711977527114,13,12,0.0
2951,3.996191691338568,13,12,0.0
2952,4.400933420646561,13,12,0.0
2953,4.971254998008231,13,12,0.0
2954,5.563083723551532,13,12,0.0
2955,4.161888603822021,13,12,0.0
2956,4.432598196237098,13,12,0.0
2957,-6.0004834653924695,12,13,0.0
2958,4.64011491684134,13,12,0.0
2959,14.184598074242247,14,11,0.0
2960,13.437225387841762,14,11,0.0
2961,-5.810941000177412,12,13,0.0
2962,5.0467654975461755,13,12,0.0
2963,3.6232133559738076,13,12,0.0
2964,12.548499629644915,14,11,0.0
2965,5.80558145277841,13,12,0.0
2966,5.344507215103995,13,12,0.0
2967,15.141910910897778,14,11,0.0
2968,14.497220512720233,14,11,0.0
2969,-7.187012075706088,12,13,0.0
2970,14.56257889868177,14,11,0.0
2971,-25.453919551108978,10,15,0.0
2972,-5.234616461754657,12,13,0.0
2973,-5.423207335493441,12,13,0.0
2974,-5.974388576216402,12,13,0.0
2975,-6.356407485115781,12,13,0.0
2976,-5.510689572479945,12,13,0.0
2977,-6.474802320606917,12,13,0.0
2978,4.132176940407735,13,12,0.0
2979,-15.935071962604047,11,14,0.0
2980,14.822162417453976,14,11,0.0
2981,3.5718983250639287,13,12,0.0
2982,-5.28468184303089,12,13,0.0
2983,-6.179128229740742,12,13,0.0
2984,1.9175437113729146,13,12,0.0
2985,-6.757363916288522,12,13,0.0
2986,-5.379785155595227,12,13,0.0
2987,-5.747317476880172,12,13,0.0
2988,13.854578470025508,14,11,0.0
2989,14.372097767568066,14,11,0.0
2990,5.029870667688667,13,12,0.0
2991,-14.428081951932377,11,14,0.0
2992,-5.487877574225752,12,13,0.0
2993,-5.463285243082687,12,13,0.0
2994,4.404969667908407,13,12,0.0
2995,-5.809378303560184,12,13,0.0
2996,3.7164733033574926,13,12,0.0
2997,4.853987902346553,13,12,0.0
2998,6.011381430514707,13,12,0.0
2999,4.793166862592102,13,12,0.0
3000,-5.3110149821202,12,13,0.0
3001,3.623603132193523,13,12,0.0
3002,5.586270162090582,13,12,0.0
3003,-4.519608784033085,12,13,0.0
3004,6.052793991226023,13,12,0.0
3005,5.4872234696187,13,12,0.0
3006,5.164816135745756,13,12,0.0
3007,-4.836640015999908,12,13,0.0
3008,4.553900361753918,13,12,0.0
3009,26.05659076399641,15,10,0.0
3010,-15.483008948726312,11,14,0.0
3011,15.536752903580126,14,11,0.0
3012,-4.483533295586728,12,13,0.0
3013,5.175233458660484,13,12,0.0
3014,-5.121959661146999,12,13,0.0
3015,-15.086079236420595,11,14,0.0
3016,-14.887519531978896,11,14,0.0
3017,-15.023856460867696,11,14,0.0
3018,-4.8812447167386015,12,13,0.0
3019,-14.8172251353765,11,14,0.0
3020,-5.565484022029079,12,13,0.0
3021,-14.401327748854222,11,14,0.0
3022,-14.407782248460551,11,14,0.0
3023,-4.1729195990076295,12,13,0.0
3024,-4.069244900407835,12,13,0.0
3025,-14.336207912427799,11,14,0.0
3026,-14.602067945545649,11,14,0.0
3027,-4.987169683762639,12,13,0.0
3028,-4.247434458760829,12,13,0.0
3029,-15.20317002794679,11,14,0.0
3030,-4.681508874540798,12,13,0.0
3031,-14.278857747861831,11,14,0.0
3032,5.398456491280724,13,12,0.0
3033,-24.275020868801196,10,15,0.0
3034,-4.3570775302415505,12,13,0.0
3035,6.02217107578015,13,12,0.0
3036,-4.889190304687034,12,13,0.0
3037,-14.747292112928733,11,14,0.0
3038,-4.894353456882408,12,13,0.0
3039,-6.091131207829617,12,13,0.0
3040,-4.11722347157972,12,13,0.0
3041,-14.282355075854415,11,14,0.0
3042,-3.8944376637186373,12,13,0.0
3043,-4.7987097380084975,12,13,0.0
3044,-15.933115008563561,11,14,0.0
3045,-14.152343390281573,11,14,0.0
3046,-3.9548266564895194,12,13,0.0
3047,-4.204309406711481,12,13,0.0
3048,5.142430311198861,13,12,0.0
3049,-4.414149531830841,12,13,0.0
3050,5.870330032052763,13,12,0.0
3051,5.288085428326106,13,12,0.0
3052,4.6401578402297385,13,12,0.0
3053,5.815039399994387,13,12,0.0
3054,-4.769906515119596,12,13,0.0
3055,-24.503267596821424,10,15,0.0
3056,5.82278277275088,13,12,0.0
3057,-15.155774745362482,11,14,0.0
3058,-14.448029179714931,11,14,0.0
3059,-13.896439927934795,11,14,0.0
3060,-15.360555412371571,11,14,0.0
3061,-4.457943650928636,12,13,0.0
3062,-4.673590412255491,12,13,0.0
3063,-4.595214891132601,12,13,0.0
3064,-4.238655940957241,12,13,0.0
3065,-4.501837912929421,12,13,0.0
3066,-3.7304131980851416,12,13,0.0
3067,-5.11955490623115,12,13,0.0
3068,-15.842846708003432,11,14,0.0
3069,5.411392722567889,13,12,0.0
3070,-24.708885924674895,10,15,0.0
3071,-5.2780198881151,12,13,0.0
3072,-14.956564539219599,11,14,0.0
3073,5.896198053924908,13,12,0.0
3074,-14.987672951878844,11,14,0.0
3075,-4.320001210394907,12,13,0.0
3076,-4.5884212486669735,12,13,0.0
3077,-15.115677282963652,11,14,0.0
3078,-24.263060246679814,10,15,0.0
3079,-24.55683840485545,10,15,0.0
3080,-15.686249079840517,11,14,0.0
3081,-14.234763467472789,11,14,0.0
3082,-4.140151655319247,12,13,0.0
3083,-15.320339743308665,11,14,0.0
3084,-14.107902914362263,11,14,0.0
3085,5.071574509757054,13,12,0.0
3086,-14.862977442652877,11,14,0.0
3087,-14.422947228639812,11,14,0.0
3088,-4.225061303453657,12,13,0.0
3089,-3.922304961241376,12,13,0.0
3090,-4.1933656476929855,12,13,0.0
3091,-4.311306359638085,12,13,0.0
3092,5.138764188589153,13,12,0.0
3093,15.217725946486883,14,11,0.0
3094,5.619859874802945,13,12,0.0
3095,5.707383483974468,13,12,0.0
3096,-4.387252854883069,12,13,0.0
3097,5.3641078718823,13,12,0.0
3098,-5.271105530385174,12,13,0.0
3099,-5.019448753762567,12,13,0.0
3100,-14.874716815076388,11,14,0.0
3101,5.941493958314485,13,12,0.0
3102,-5.099460657503233,12,13,0.0
3103,-14.5611014378386,11,14,0.0
3104,-23.90427823880929,10,15,0.0
3105,15.431293024225063,14,11,0.0
3106,-4.8008033702397,12,13,0.0
3107,-4.068901064148509,12,13,0.0
3108,-4.565872177950571,12,13,0.0
3109,-4.553922506218713,12,13,0.0
3110,-24.04798771423239,10,15,0.0
3111,-14.906078748324234,11,14,0.0
3112,-15.273552418682925,11,14,0.0
3113,5.320001042173105,13,12,0.0
3114,-15.009168277893712,11,14,0.0
3115,-5.531850776132565,12,13,0.0
3116,-4.239533815479593,12,13,0.0
3117,-15.039080851023035,11,14,0.0
3118,-14.774591338946795,11,14,0.0
3119,-15.880903412294776,11,14,0.0
3120,4.6667144878477735,13,12,0.0
3121,5.694067562967051,13,12,0.0
3122,-16.419775647101346,11,14,0.0
3123,-34.905512288362786,9,16,0.0
3124,-14.710034629907438,11,14,0.0
3125,4.96499318314895,13,12,0.0
3126,-4.496435598077891,12,13,0.0
3127,-14.92740842012292,11,14,0.0
3128,-4.18330691932843,12,13,0.0
3129,-25.186839487812883,10,15,0.0
3130,-15.288855313807842,11,14,0.0
3131,-4.756735624972203,12,13,0.0
3132,-5.586662211268173,12,13,0.0
3133,-4.1559952496639845,12,13,0.0
3134,-15.831288947906724,11,14,0.0
3135,-3.9897142037275337,12,13,0.0
3136,5.487302720828412,13,12,0.0
3137,-24.72864010169683,10,15,0.0
3138,-5.856568591549314,12,13,0.0
3139,-25.088285299754,10,15,0.0
3140,15.497912681182886,14,11,0.0
3141,-5.543143777579324,12,13,0.0
3142,6.014413350430545,13,12,0.0
3143,-5.251858876463764,12,13,0.0
3144,5.179672018131548,13,12,0.0
3145,-4.398623276477284,12,13,0.0
3146,-5.981811970663001,12,13,0.0
3147,-4.997433450677349,12,13,0.0
3148,5.8280610164253055,13,12,0.0
3149,-5.01135827792309,12,13,0.0
3150,-4.742843536652478,12,13,0.0
3151,-4.043321308594125,12,13,0.0
3152,-5.167409233405795,12,13,0.0
3153,-14.665698707474329,11,14,0.0
3154,-36.111597958694134,9,16,0.0
3155,-14.044176524522527,11,14,0.0
3156,-5.366202283617052,12,13,0.0
3157,-15.47715646368633,11,14,0.0
3158,-14.36986953783886,11,14,0.0
3159,-14.75136519758589,11,14,0.0
3160,-14.52577189777574,11,14,0.0
3161,-14.66128946146052,11,14,0.0
3162,-4.020482879953309,12,13,0.0
3163,4.7893982426698685,13,12,0.0
3164,-23.819174175938215,10,15,0.0
3165,-14.53901652125021,11,14,0.0
3166,-14.282158405743203,11,14,0.0
3167,-4.509850010147034,12,13,0.0
3168,-4.392824270731387,12,13,0.0
3169,-4.500773081396437,12,13,0.0
3170,-4.448859786989523,12,13,0.0
3171,-24.256236946055665,10,15,0.0
3172,-14.070441077693642,11,14,0.0
3173,-5.102596261157391,12,13,0.0
3174,-14.201492421277937,11,14,0.0
3175,-15.06563170328894,11,14,0.0
3176,-14.622127935776286,11,14,0.0
3177,-24.87086226042579,10,15,0.0
3178,-3.68948268506284,12,13,0.0
3179,-14.478636400475,11,14,0.0
3180,-4.632685380498609,12,13,0.0
3181,-34.283784657735296,9,16,0.0
3182,-24.525089485205598,10,15,0.0
3183,-4.3721632820840455,12,13,0.0
3184,-14.740427554769898,11,14,0.0
3185,-24.106119951387775,10,15,0.0
3186,-14.546088444270527,11,14,0.0
3187,-14.145275523318938,11,14,0.0
3188,16.176019490585396,14,11,0.0
3189,-14.535494036937596,11,14,0.0
3190,-14.024983891477762,11,14,0.0
3191,-25.266854121106523,10,15,0.0
3192,-14.16013028987317,11,14,0.0
3193,-24.573292303909668,10,15,0.0
3194,-14.683937036040502,11,14,0.0
3195,-24.128967743166097,10,15,0.0
3196,5.445495799504151,13,12,0.0
3197,-14.088319045912849,11,14,0.0
3198,-23.60546973861883,10,15,0.0
3199,-3.6453546167986604,12,13,0.0
3200,-24.34703000240693,10,15,0.0
3201,-4.2140287961774,12,13,0.0
3202,5.51319522704045,13,12,0.0
3203,-4.171829017573636,12,13,0.0
3204,-14.10684807799165,11,14,0.0
3205,-4.7735777161139445,12,13,0.0
3206,-14.475904811899232,11,14,0.0
3207,-4.280235602788864,12,13,0.0
3208,-4.3880402366500775,12,13,0.0
3209,-3.7179192867751567,12,13,0.0
3210,-4.356859478457119,12,13,0.0
3211,-14.97155485972345,11,14,0.0
3212,-4.439276882135403,12,13,0.0
3213,-4.568970051408074,12,13,0.0
3214,5.695916205972294,13,12,0.0
3215,-3.301541544481939,12,13,0.0
3216,-14.89666029646034,11,14,0.0
3217,-14.781236593249048,11,14,0.0
3218,-4.787349683212293,12,13,0.0
3219,-4.128377419947386,12,13,0.0
3220,-14.900514784958741,11,14,0.0
3221,-14.42586599732671,11,14,0.0
3222,-33.18566751068684,9,16,0.0
3223,6.0695288785525925,13,12,0.0
3224,-14.46101193176493,11,14,0.0
3225,6.118096434900776,13,12,0.0
3226,-13.618409470126226,11,14,0.0
3227,-14.060754135186976,11,14,0.0
3228,-24.295633653243826,10,15,0.0
3229,-5.364305168417229,12,13,0.0
3230,-14.263329921255094,11,14,0.0
3231,-4.271189288541915,12,13,0.0
3232,-3.389911088856116,12,13,0.0
3233,-4.585731934525484,12,13,0.0
3234,-24.53668739321314,10,15,0.0
3235,-3.758914695026909,12,13,0.0
3236,-13.914181918643738,11,14,0.0
3237,-24.341278620421885,10,15,0.0
3238,-13.976841533125214,11,14,0.0
3239,-4.172470816313804,12,13,0.0
3240,-14.372880922015996,11,14,0.0
3241,-14.413918537415046,11,14,0.0
3242,-15.594849952767923,11,14,0.0
3243,-4.095571501452593,12,13,0.0
3244,-23.68908949724623,10,15,0.0
3245,5.624409421613084,13,12,0.0
3246,-24.25746144815619,10,15,0.0
3247,-14.77072507245194,11,14,0.0
3248,-24.23125050241216,10,15,0.0
3249,-5.023162161405985,12,13,0.0
3250,-14.715600767223943,11,14,0.0
3251,-4.478461384587923,12,13,0.0
3252,-24.665284867452343,10,15,0.0
3253,-15.153733769095023,11,14,0.0
3254,-34.57452011852648,9,16,0.0
3255,-14.593546872722136,11,14,0.0
3256,-24.6480040508318,10,15,0.0
3257,5.808053942210652,13,12,0.0
3258,-14.713354068924836,11,14,0.0
3259,-24.213996522626065,10,15,0.0
3260,-15.072015444477536,11,14,0.0
3261,-25.079308282681595,10,15,0.0
3262,5.657916567969638,13,12,0.0
3263,-24.498580049193464,10,15,0.0
3264,-4.117536667858834,12,13,0.0
3265,-35.578798299547465,9,16,0.0
3266,-24.657303708753666,10,15,0.0
3267,-14.327540938343136,11,14,0.0
3268,-34.53198906652854,9,16,0.0
3269,-14.16454338766321,11,14,0.0
3270,-25.747808177548798,10,15,0.0
3271,-35.28234772055313,9,16,0.0
3272,-15.175225624312134,11,14,0.0
3273,-35.40477905684813,9,16,0.0
3274,-15.319653694318566,11,14,0.0
3275,-14.626835561419178,11,14,0.0
3276,-24.431454593101765,10,15,0.0
3277,-14.885582996861363,11,14,0.0
3278,-15.12234144811087,11,14,0.0
3279,-4.789558936167796,12,13,0.0
3280,-5.044103499102194,12,13,0.0
3281,-5.4987296906159955,12,13,0.0
3282,-14.561023981277394,11,14,0.0
3283,-25.92629067038725,10,15,0.0
3284,-14.182200616111071,11,14,0.0
3285,-5.014522477342124,12,13,0.0
3286,-25.67812627092525,10,15,0.0
3287,-4.855423311102232,12,13,0.0
3288,-24.89878374407089,10,15,0.0
3289,-15.694325576300683,11,14,0.0
3290,-15.03685237548876,11,14,0.0
3291,-4.942576714603755,12,13,0.0
3292,-35.54640305990736,9,16,0.0
3293,-5.443192533836615,12,13,0.0
3294,-26.33409047670723,10,15,0.0
3295,-5.0425918425273375,12,13,0.0
3296,-4.952694341139111,12,13,0.0
3297,-14.964572557401864,11,14,0.0
3298,-5.279802774735822,12,13,0.0
3299,-4.941438864608985,12,13,0.0
3300,-25.952269775945883,10,15,0.0
3301,-15.039388628906412,11,14,0.0
3302,-35.70570999729178,9,16,0.0
3303,-15.165739124117657,11,14,0.0
3304,-16.164036183730147,11,14,0.0
3305,-15.237266878745173,11,14,0.0
3306,-15.479235485582794,11,14,0.0
3307,-6.192807362632724,12,13,0.0
3308,-27.056870509735216,10,15,0.0
3309,-6.180081481747079,12,13,0.0
3310,4.093300185479929,13,12,0.0
3311,-15.817417631529729,11,14,0.0
3312,4.82652172932594,13,12,0.0
3313,-15.70723684759924,11,14,0.0
3314,-6.353360731851427,12,13,0.0
3315,-15.85238811077184,11,14,0.0
3316,-5.714620063839261,12,13,0.0
3317,-5.804407681986156,12,13,0.0
3318,-36.15000953691816,9,16,0.0
3319,4.914784350720193,13,12,0.0
3320,-16.071417512531806,11,14,0.0
3321,-25.778497887066916,10,15,0.0
3322,-5.049693180963619,12,13,0.0
3323,-6.590126245548248,12,13,0.0
3324,4.25432646354459,13,12,0.0
3325,-15.797486896312263,11,14,0.0
3326,4.862283455944752,13,12,0.0
3327,-6.197670117775367,12,13,0.0
3328,-6.721811953661621,12,13,0.0
3329,-6.7106091306057465,12,13,0.0
3330,-16.34878681262446,11,14,0.0
3331,-5.16544921179775,12,13,0.0
3332,-6.015785038767687,12,13,0.0
3333,-5.105010065844404,12,13,0.0
3334,3.8914040938424357,13,12,0.0
3335,5.332233651793871,13,12,0.0
3336,-6.6312577676810465,12,13,0.0
3337,-5.58286138721415,12,13,0.0
3338,14.677863077669567,14,11,0.0
3339,-25.735167906566836,10,15,0.0
3340,-5.050604771720238,12,13,0.0
3341,-15.441339902292498,11,14,0.0
3342,-16.76125157535993,11,14,0.0
3343,-5.550711000578463,12,13,0.0
3344,5.154976337529867,13,12,0.0
3345,5.420904991042745,13,12,0.0
3346,4.90946067885659,13,12,0.0
3347,-15.192068981338494,11,14,0.0
3348,-5.296263173528931,12,13,0.0
3349,-14.356091861896397,11,14,0.0
3350,-4.891500632040463,12,13,0.0
3351,-4.583425624847218,12,13,0.0
3352,-15.570487239357771,11,14,0.0
3353,4.997628883810062,13,12,0.0
3354,-15.507980918799033,11,14,0.0
3355,-14.453249509774977,11,14,0.0
3356,-15.988142573217546,11,14,0.0
3357,-15.4348007612185,11,14,0.0
3358,-24.822668760287435,10,15,0.0
3359,-25.16484583728158,10,15,0.0
3360,-5.329702972335552,12,13,0.0
3361,-15.989537952363124,11,14,0.0
3362,4.6025372346811295,13,12,0.0
3363,-14.838472379424275,11,14,0.0
3364,-16.23216404759615,11,14,0.0
3365,-16.143835813856704,11,14,0.0
3366,-6.263769644451978,12,13,0.0
3367,-15.605753243654428,11,14,0.0
3368,-16.142411515385646,11,14,0.0
3369,-5.640220805134295,12,13,0.0
3370,-15.631534372878878,11,14,0.0
3371,-15.588880936338494,11,14,0.0
3372,4.242012072122975,13,12,0.0
3373,-16.138515263378615,11,14,0.0
3374,-15.605199093901485,11,14,0.0
3375,-15.559652008802654,11,14,0.0
3376,-15.83638946178725,11,14,0.0
3377,-15.341774798928052,11,14,0.0
3378,-5.9709709230050585,12,13,0.0
3379,-5.707009860243476,12,13,0.0
3380,-6.247015216588302,12,13,0.0
3381,-15.95692826481399,11,14,0.0
3382,-5.801986619828924,12,13,0.0
3383,-6.259229255604097,12,13,0.0
3384,-16.04161381061945,11,14,0.0
3385,3.3209818835339284,13,12,0.0
3386,-6.100436229623531,12,13,0.0
3387,-6.410221745943463,12,13,0.0
3388,-5.664538287181642,12,13,0.0
3389,-5.420562714828932,12,13,0.0
3390,4.27612640715396,13,12,0.0
3391,-6.5642903244881925,12,13,0.0
3392,-6.447510891836249,12,13,0.0
3393,-25.930658030636764,10,15,0.0
3394,-15.810698173230254,11,14,0.0
3395,-6.154682995024649,12,13,0.0
3396,-5.448401249674296,12,13,0.0
3397,4.9496890107845815,13,12,0.0
3398,-26.41147022575481,10,15,0.0
3399,-5.627596904802896,12,13,0.0
3400,-6.128094942388977,12,13,0.0
3401,-16.145935485275437,11,14,0.0
3402,-15.908443578223386,11,14,0.0
3403,-6.093583089514711,12,13,0.0
3404,-25.70612997449841,10,15,0.0
3405,-4.650085245533095,12,13,0.0
3406,-6.149560640217743,12,13,0.0
3407,-16.741374922873362,11,14,0.0
3408,-6.248055389007007,12,13,0.0
3409,-15.885837946559556,11,14,0.0
3410,-25.350709889963607,10,15,0.0
3411,-6.638285796190375,12,13,0.0
3412,-24.697719946572082,10,15,0.0
3413,-14.945733678308471,11,14,0.0
3414,-15.877207039087871,11,14,0.0
3415,-25.165672700957277,10,15,0.0
3416,4.138975475343491,13,12,0.0
3417,-45.01315663968124,8,17,0.0
3418,-4.916328424994671,12,13,0.0
3419,-25.509912070615187,10,15,0.0
3420,-5.262184742773112,12,13,0.0
3421,-5.115554463806492,12,13,0.0
3422,-15.988224074962954,11,14,0.0
3423,-34.90180191347538,9,16,0.0
3424,-14.379879985203171,11,14,0.0
3425,-25.127326246035942,10,15,0.0
3426,-14.707308423218164,11,14,0.0
3427,-4.982753837684561,12,13,0.0
3428,-14.947905596502896,11,14,0.0
3429,-25.26788313308373,10,15,0.0
3430,-15.083903876100198,11,14,0.0
3431,-26.094214848038668,10,15,0.0
3432,-25.33983817034937,10,15,0.0
3433,-15.233307259392753,11,14,0.0
3434,-4.849505085631619,12,13,0.0
3435,-4.9492869890633635,12,13,0.0
3436,-25.099507497059903,10,15,0.0
3437,-14.848020012178809,11,14,0.0
3438,5.068215225767546,13,12,0.0
3439,-4.434431579728889,12,13,0.0
3440,-15.297338137457906,11,14,0.0
3441,-4.779405432144728,12,13,0.0
3442,-14.471087586143843,11,14,0.0
3443,-14.90365432793257,11,14,0.0
3444,-15.570233780102543,11,14,0.0
3445,-25.830981573168593,10,15,0.0
3446,4.210125537144071,13,12,0.0
3447,-15.44716186100647,11,14,0.0
3448,-5.382644414343545,12,13,0.0
3449,4.87940737670995,13,12,0.0
3450,-35.20487439333756,9,16,0.0
3451,-6.655471151328267,12,13,0.0
3452,-14.557509700044564,11,14,0.0
3453,-15.507733332398114,11,14,0.0
3454,-4.327663288861689,12,13,0.0
3455,-15.104203580729003,11,14,0.0
3456,-25.258807765233374,10,15,0.0
3457,-25.916848009109344,10,15,0.0
3458,-26.13050165095489,10,15,0.0
3459,-15.706929948458729,11,14,0.0
3460,-15.141583655827166,11,14,0.0
3461,-15.915220377322616,11,14,0.0
3462,-24.738508981445904,10,15,0.0
3463,-15.072385722049084,11,14,0.0
3464,4.450685352554644,13,12,0.0
3465,-34.969659428097046,9,16,0.0
3466,-24.99630369841831,10,15,0.0
3467,-25.505143281511018,10,15,0.0
3468,-25.716375332200464,10,15,0.0
3469,-24.914034865308977,10,15,0.0
3470,-15.062917477737141,11,14,0.0
3471,-36.74645872988246,9,16,0.0
3472,-24.924263219247603,10,15,0.0
3473,-26.136072828636696,10,15,0.0
3474,-24.74196576137016,10,15,0.0
3475,-5.544505687922914,12,13,0.0
3476,-35.902075715091925,9,16,0.0
3477,-14.201170555006538,11,14,0.0
3478,-14.971104167627619,11,14,0.0
3479,-15.45479230265157,11,14,0.0
3480,-5.730499073137722,12,13,0.0
3481,-15.369070290650717,11,14,0.0
3482,-24.610960226876834,10,15,0.0
3483,-14.807073634444484,11,14,0.0
3484,-15.02694062118421,11,14,0.0
3485,-4.490266874772783,12,13,0.0
3486,-25.700758935632756,10,15,0.0
3487,-25.54747237364527,10,15,0.0
3488,-3.754762411915225,12,13,0.0
3489,-14.627801589448287,11,14,0.0
3490,-25.42450916232581,10,15,0.0
3491,-5.336899940161701,12,13,0.0
3492,-14.693716723884174,11,14,0.0
3493,-14.914098261188993,11,14,0.0
3494,-4.874086701067902,12,13,0.0
3495,-25.495022569471324,10,15,0.0
3496,-14.778967223834186,11,14,0.0
3497,-24.076707237729288,10,15,0.0
3498,-25.496978730798755,10,15,0.0
3499,-14.917926864516339,11,14,0.0
3500,-5.412146378342994,12,13,0.0
3501,-24.963758775555313,10,15,0.0
3502,-25.309257053666194,10,15,0.0
3503,-5.540716069348349,12,13,0.0
3504,-4.794902771264642,12,13,0.0
3505,-24.942825350677314,10,15,0.0
3506,-34.665624234510744,9,16,0.0
3507,-25.4421858194762,10,15,0.0
3508,-25.793888098164693,10,15,0.0
3509,-25.271253877160454,10,15,0.0
3510,-14.896692429630773,11,14,0.0
3511,-13.912297048375681,11,14,0.0
3512,-25.717807392141818,10,15,0.0
3513,-5.901650248724053,12,13,0.0
3514,-5.635247554143756,12,13,0.0
3515,-5.4202531218670655,12,13,0.0
3516,-4.40236208753657,12,13,0.0
3517,-3.955346227540443,12,13,0.0
3518,-25.170533021648332,10,15,0.0
3519,-25.71497537096302,10,15,0.0
3520,-14.938020072771453,11,14,0.0
3521,-15.406465875881162,11,14,0.0
3522,-5.04278531548242,12,13,0.0
3523,-5.608592627599702,12,13,0.0
3524,-34.5276418645559,9,16,0.0
3525,-15.551694236090384,11,14,0.0
3526,4.550116339078995,13,12,0.0
3527,-15.30789329094711,11,14,0.0
3528,-4.3359764656565325,12,13,0.0
3529,-5.80499042867114,12,13,0.0
3530,-15.163677146329013,11,14,0.0
3531,-15.07155394562349,11,14,0.0
3532,-15.276048277367392,11,14,0.0
3533,-4.476943782706877,12,13,0.0
3534,5.637861365497599,13,12,0.0
3535,-14.721186030567644,11,14,0.0
3536,-4.483925540119936,12,13,0.0
3537,-15.515765405964856,11,14,0.0
3538,-5.189737420778412,12,13,0.0
3539,-4.907850749179872,12,13,0.0
3540,-24.69207914755208,10,15,0.0
3541,-4.972230974031987,12,13,0.0
3542,-4.755847107828997,12,13,0.0
3543,-15.628594767565625,11,14,0.0
3544,-5.82663400171532,12,13,0.0
3545,-25.080055406953136,10,15,0.0
3546,-15.589498466044574,11,14,0.0
3547,-6.766932846518236,12,13,0.0
3548,-14.729468804508736,11,14,0.0
3549,-14.476240183445524,11,14,0.0
3550,-14.350196252995953,11,14,0.0
3551,-14.766171059334741,11,14,0.0
3552,-15.291458009905478,11,14,0.0
3553,-35.48893751464675,9,16,0.0
3554,-15.073715010431682,11,14,0.0
3555,-25.0670870188907,10,15,0.0
3556,-15.920345532554059,11,14,0.0
3557,-15.935274246247495,11,14,0.0
3558,-14.820180990826666,11,14,0.0
3559,-34.60577713605567,9,16,0.0
3560,-14.656050971631458,11,14,0.0
3561,-25.781100152223367,10,15,0.0
3562,-24.741195818394306,10,15,0.0
3563,-15.540982979692217,11,14,0.0
3564,-24.294360577082315,10,15,0.0
3565,-25.33854550149503,10,15,0.0
3566,-24.643434652819238,10,15,0.0
3567,-24.552378514303022,10,15,0.0
3568,-25.426322116769747,10,15,0.0
3569,-5.549958805037421,12,13,0.0
3570,-4.043423645825825,12,13,0.0
3571,-15.452152969222043,11,14,0.0
3572,-24.687824486875407,10,15,0.0
3573,-24.820577929651996,10,15,0.0
3574,-25.55529757309491,10,15,0.0
3575,-35.02539537055506,9,16,0.0
3576,-34.32745104514703,9,16,0.0
3577,-14.49522097449557,11,14,0.0
3578,-24.421229319495794,10,15,0.0
3579,-35.6782861350841,9,16,0.0
3580,-25.80979872397196,10,15,0.0
3581,-16.00197753767224,11,14,0.0
3582,-25.403103733434293,10,15,0.0
3583,-15.709159971981382,11,14,0.0
3584,-25.246617777078967,10,15,0.0
3585,-26.021603712355052,10,15,0.0
3586,-4.6191072317353505,12,13,0.0
3587,-25.05600181856204,10,15,0.0
3588,-25.95364530875009,10,15,0.0
3589,-15.004550059069107,11,14,0.0
3590,-5.291199075403942,12,13,0.0
3591,-25.553104071022616,10,15,0.0
3592,-4.908510873017172,12,13,0.0
3593,-5.072225338460967,12,13,0.0
3594,-14.80733027000397,11,14,0.0
3595,-4.922503264982776,12,13,0.0
3596,-15.320658850441237,11,14,0.0
3597,-5.354652830977978,12,13,0.0
3598,-15.04398386380422,11,14,0.0
3599,-35.39813532230929,9,16,0.0
3600,14.40420189583109,14,11,0.0
3601,-5.056989151943795,12,13,0.0
3602,5.123936893873779,13,12,0.0
3603,-16.066958527072845,11,14,0.0
3604,4.547270086068837,13,12,0.0
3605,-5.153716777139016,12,13,0.0
3606,-16.127264293583877,11,14,0.0
3607,5.027769677962649,13,12,0.0
3608,14.47162272697555,14,11,0.0
3609,2.952415901549576,13,12,0.0
3610,4.582029716811717,13,12,0.0
3611,-5.826275594726602,12,13,0.0
3612,4.622507669305769,13,12,0.0
3613,-5.927339442358155,12,13,0.0
3614,-26.437215533744144,10,15,0.0
3615,-5.661165533822008,12,13,0.0
3616,-15.933418131030265,11,14,0.0
3617,3.941460870723289,13,12,0.0
3618,-25.992200137506167,10,15,0.0
3619,3.4478988678934206,13,12,0.0
3620,3.6599864069001056,13,12,0.0
3621,-5.688499296853218,12,13,0.0
3622,2.9970946190245398,13,12,0.0
3623,12.24402034779692,14,11,0.0
3624,3.6120979930296917,13,12,0.0
3625,-5.405654618887944,12,13,0.0
3626,2.3731478752270343,13,12,0.0
3627,2.2495848608154896,13,12,0.0
3628,4.903666977886098,13,12,0.0
3629,3.0924532825805677,13,12,0.0
3630,-16.13353892101035,11,14,0.0
3631,4.010934562831695,13,12,0.0
3632,-15.841371390210963,11,14,0.0
3633,3.2775424768865715,13,12,0.0
3634,-17.813978725061155,11,14,0.0
3635,4.206008191645166,13,12,0.0
3636,3.4859394733430733,13,12,0.0
3637,-6.580591239580675,12,13,0.0
3638,-6.236171937710249,12,13,0.0
3639,3.4899482303373137,13,12,0.0
3640,-6.358700053536532,12,13,0.0
3641,23.164654791368008,15,10,0.0
3642,3.5189029209225877,13,12,0.0
3643,-5.626085740232641,12,13,0.0
3644,4.708203050986356,13,12,0.0
3645,-6.039176764227635,12,13,0.0
3646,13.980140958858456,14,11,0.0
3647,14.718056749959134,14,11,0.0
3648,13.06156226888067,14,11,0.0
3649,4.268447897077376,13,12,0.0
3650,-5.736135572905976,12,13,0.0
3651,4.743261825230926,13,12,0.0
3652,-5.762293181573683,12,13,0.0
3653,4.19866829544817,13,12,0.0
3654,-5.799303830087369,12,13,0.0
3655,14.311082764836009,14,11,0.0
3656,-6.559429962061312,12,13,0.0
3657,3.701487192493925,13,12,0.0
3658,3.398327540875809,13,12,0.0
3659,-16.977802591665682,11,14,0.0
3660,-5.892497349238033,12,13,0.0
3661,4.53423415541059,13,12,0.0
3662,4.579819453287413,13,12,0.0
3663,-7.055636416400152,12,13,0.0
3664,14.445433675075515,14,11,0.0
3665,-5.724492517654612,12,13,0.0
3666,-15.735493526578074,11,14,0.0
3667,4.617057286489564,13,12,0.0
3668,-25.696267547356115,10,15,0.0
3669,-6.083863978693577,12,13,0.0
3670,-5.576070028957902,12,13,0.0
3671,-5.410823311458288,12,13,0.0
3672,-5.512435415378732,12,13,0.0
3673,-5.575866494117696,12,13,0.0
3674,-5.641622693104921,12,13,0.0
3675,-15.62924664347012,11,14,0.0
3676,3.8930393986690257,13,12,0.0
3677,-25.808396261932792,10,15,0.0
3678,14.719458376618181,14,11,0.0
3679,-14.759583728791064,11,14,0.0
3680,-5.877663416782046,12,13,0.0
3681,-15.467220317325467,11,14,0.0
3682,14.992787212443655,14,11,0.0
3683,3.3741755703653675,13,12,0.0
3684,-15.548487198219446,11,14,0.0
3685,4.125946158287549,13,12,0.0
3686,3.6678368077733117,13,12,0.0
3687,-6.566814867740448,12,13,0.0
3688,4.058917356501668,13,12,0.0
3689,-5.469754225443837,12,13,0.0
3690,-16.438820841969758,11,14,0.0
3691,-25.700659656225092,10,15,0.0
3692,-16.07227029669813,11,14,0.0
3693,3.4338570264477344,13,12,0.0
3694,-34.312454002855176,9,16,0.0
3695,-24.624133510718302,10,15,0.0
3696,-6.227848878321591,12,13,0.0
3697,-35.8460764594523,9,16,0.0
3698,-5.626326265939943,12,13,0.0
3699,5.044244346781736,13,12,0.0
3700,-25.184557536457707,10,15,0.0
3701,-26.73674286233927,10,15,0.0
3702,4.6710702132600606,13,12,0.0
3703,-15.356676984376257,11,14,0.0
3704,-16.439272574042572,11,14,0.0
3705,-17.011969939141487,11,14,0.0
3706,-15.590161083066498,11,14,0.0
3707,3.253544824083937,13,12,0.0
3708,-15.555986184785018,11,14,0.0
3709,-15.940762261820998,11,14,0.0
3710,-6.450203833020538,12,13,0.0
3711,-15.926373994786584,11,14,0.0
3712,-16.43642187404247,11,14,0.0
3713,-5.718307809305429,12,13,0.0
3714,-26.284272885322178,10,15,0.0
3715,-25.684720486219422,10,15,0.0
3716,-25.250131359282317,10,15,0.0
3717,5.617775213377905,13,12,0.0
3718,-6.177285575552171,12,13,0.0
3719,-15.66693134454092,11,14,0.0
3720,4.832262641844141,13,12,0.0
3721,-25.45787113300748,10,15,0.0
3722,-16.053626690796502,11,14,0.0
3723,4.6409054471233055,13,12,0.0
3724,4.279175160441941,13,12,0.0
3725,-6.404530416111978,12,13,0.0
3726,-7.3329941188696655,12,13,0.0
3727,-6.767033445336333,12,13,0.0
3728,-5.879644665194818,12,13,0.0
3729,3.4733551864034276,13,12,0.0
3730,-15.512286101740589,11,14,0.0
3731,-6.575932437427513,12,13,0.0
3732,3.713895385269474,13,12,0.0
3733,4.1713223031309425,13,12,0.0
3734,-14.928933024596805,11,14,0.0
3735,3.661254365634699,13,12,0.0
3736,-15.722212159962712,11,14,0.0
3737,3.39850061532848,13,12,0.0
3738,-15.043370579131327,11,14,0.0
3739,-6.159960761433869,12,13,0.0
3740,-7.473611677896908,12,13,0.0
3741,-5.489005999038355,12,13,0.0
3742,-4.407482860471435,12,13,0.0
3743,14.175039550881383,14,11,0.0
3744,-25.211722216660824,10,15,0.0
3745,-6.082183630744375,12,13,0.0
3746,4.273299589860431,13,12,0.0
3747,-26.581986599658038,10,15,0.0
3748,-6.994617397123339,12,13,0.0
3749,-15.107147926973163,11,14,0.0
3750,-25.99275458997632,10,15,0.0
3751,-4.572888334171079,12,13,0.0
3752,-5.993711296542028,12,13,0.0
3753,5.429150561450068,13,12,0.0
3754,-6.434171726108753,12,13,0.0
3755,-15.20498553566639,11,14,0.0
3756,-5.58570652518434,12,13,0.0
3757,-16.732177345261682,11,14,0.0
3758,4.848394438241781,13,12,0.0
3759,-25.955729075533156,10,15,0.0
3760,-5.970991842105507,12,13,0.0
3761,-15.812266266250873,11,14,0.0
3762,-15.405717053124425,11,14,0.0
3763,3.616924219127702,13,12,0.0
3764,-15.740249978263282,11,14,0.0
3765,-6.111212437537571,12,13,0.0
3766,-35.40696876014032,9,16,0.0
3767,-17.32350243373227,11,14,0.0
3768,-16.128325569261854,11,14,0.0
3769,-6.572671160514686,12,13,0.0
3770,-26.3532036385252,10,15,0.0
3771,-15.150218950320372,11,14,0.0
3772,-17.476210402902566,11,14,0.0
3773,-26.15509058282897,10,15,0.0
3774,-16.530416487191836,11,14,0.0
3775,-5.8269946238724195,12,13,0.0
3776,-16.31555687936159,11,14,0.0
3777,-17.101325121109532,11,14,0.0
3778,-28.13315099727419,10,15,0.0
3779,-7.039639849991618,12,13,0.0
3780,-26.54128236567545,10,15,0.0
3781,-6.287628765314068,12,13,0.0
3782,-16.391527105138316,11,14,0.0
3783,-15.72158709754808,11,14,0.0
3784,3.6992372239836193,13,12,0.0
3785,-6.323255433488224,12,13,0.0
3786,-16.587442867648708,11,14,0.0
3787,3.690098492641799,13,12,0.0
3788,-6.531742766453342,12,13,0.0
3789,3.3827936899809714,13,12,0.0
3790,-17.688379184135616,11,14,0.0
3791,-26.9589713557858,10,15,0.0
3792,-7.260556939282595,12,13,0.0
3793,-6.927582805575453,12,13,0.0
3794,-6.908201520664183,12,13,0.0
3795,-6.555923744677036,12,13,0.0
3796,3.2021575311933477,13,12,0.0
3797,-7.357620958269441,12,13,0.0
3798,-27.296865716462364,10,15,0.0
3799,-16.882300671778708,11,14,0.0
3800,-45.74103603642558,8,17,0.0
3801,-15.156564201638494,11,14,0.0
3802,-15.67191500233226,11,14,0.0
3803,-36.41877637989339,9,16,0.0
3804,-28.29564492129351,10,15,0.0
3805,-26.696313293097617,10,15,0.0
3806,-26.03806860161547,10,15,0.0
3807,2.7360958839216893,13,12,0.0
3808,-6.406137096790442,12,13,0.0
3809,-6.801137600401637,12,13,0.0
3810,-5.291717704520721,12,13,0.0
3811,-16.457196262980805,11,14,0.0
3812,-8.013598267732322,12,13,0.0
3813,-18.262792320234745,11,14,0.0
3814,2.366470471250688,13,12,0.0
3815,3.659315654076499,13,12,0.0
3816,-5.4755084012662065,12,13,0.0
3817,14.074254581366143,14,11,0.0
3818,-27.89413825933609,10,15,0.0
3819,-6.386323043643902,12,13,0.0
3820,-5.951446833617725,12,13,0.0
3821,-16.11445453015514,11,14,0.0
3822,-14.50156773846583,11,14,0.0
3823,-27.605492880614367,10,15,0.0
3824,-8.05087465604184,12,13,0.0
3825,-26.88815858553227,10,15,0.0
3826,3.470321688446612,13,12,0.0
3827,-26.456749873374115,10,15,0.0
3828,-7.262389550377095,12,13,0.0
3829,4.566014408342008,13,12,0.0
3830,-6.2275791801432305,12,13,0.0
3831,-37.02729242506022,9,16,0.0
3832,-15.568970702212823,11,14,0.0
3833,-7.151935164470995,12,13,0.0
3834,-26.401094917143332,10,15,0.0
3835,3.389721746344622,13,12,0.0
3836,-5.840770904950543,12,13,0.0
3837,-27.233732585686205,10,15,0.0
3838,3.382623350664086,13,12,0.0
3839,-6.3156998559989646,12,13,0.0
3840,-6.444454965960203,12,13,0.0
3841,4.923551857991122,13,12,0.0
3842,-16.676991113401446,11,14,0.0
3843,-6.889574492781397,12,13,0.0
3844,2.6911456978779515,13,12,0.0
3845,3.6296868950206465,13,12,0.0
3846,2.6771917293944254,13,12,0.0
3847,-16.37524940998222,11,14,0.0
3848,-16.94362874568693,11,14,0.0
3849,2.786404220341585,13,12,0.0
3850,-7.31120194485897,12,13,0.0
3851,13.748285938423193,14,11,0.0
3852,-8.069620074208851,12,13,0.0
3853,4.443541475740888,13,12,0.0
3854,-7.185086125389459,12,13,0.0
3855,-7.664145171547386,12,13,0.0
3856,-16.70273743043741,11,14,0.0
3857,-7.582934601726183,12,13,0.0
3858,-7.562920485484419,12,13,0.0
3859,-7.163361961223089,12,13,0.0
3860,-7.6283267092538845,12,13,0.0
3861,2.2372216244756844,13,12,0.0
3862,-7.649217863374421,12,13,0.0
3863,-6.743894878258006,12,13,0.0
3864,2.694937448151375,13,12,0.0
3865,13.566167859580798,14,11,0.0
3866,3.077478117215782,13,12,0.0
3867,2.2481020687538678,13,12,0.0
3868,-7.263997872704849,12,13,0.0
3869,-6.525711784597449,12,13,0.0
3870,3.3318902166178392,13,12,0.0
3871,2.263713711901616,13,12,0.0
3872,-16.786762886732753,11,14,0.0
3873,-6.192532466925192,12,13,0.0
3874,-5.765023076000777,12,13,0.0
3875,-27.120743060368792,10,15,0.0
3876,4.073551344869582,13,12,0.0
3877,13.223962094956622,14,11,0.0
3878,3.6158973421703022,13,12,0.0
3879,3.8432418494554166,13,12,0.0
3880,13.19785290220066,14,11,0.0
3881,-16.60589302301404,11,14,0.0
3882,3.5766216386784357,13,12,0.0
3883,2.345931773268143,13,12,0.0
3884,3.6955283418004248,13,12,0.0
3885,-16.601977306480194,11,14,0.0
3886,-6.994677727570091,12,13,0.0
3887,4.516043519967665,13,12,0.0
3888,3.0368462810354107,13,12,0.0
3889,11.724327459174349,14,11,0.0
3890,-17.582544282022106,11,14,0.0
3891,-7.200594125964436,12,13,0.0
3892,12.895469004237398,14,11,0.0
3893,-16.0420872401142,11,14,0.0
3894,3.1376602060445666,13,12,0.0
3895,-16.541641662899554,11,14,0.0
3896,2.4945492684574155,13,12,0.0
3897,-26.603349702540466,10,15,0.0
3898,-6.81553681802737,12,13,0.0
3899,3.726081857189285,13,12,0.0
3900,-7.437350189666993,12,13,0.0
3901,-17.358951493998767,11,14,0.0
3902,-16.386673076057214,11,14,0.0
3903,-7.420880830890244,12,13,0.0
3904,-7.079823476556754,12,13,0.0
3905,3.684817458451854,13,12,0.0
3906,-6.00394368515161,12,13,0.0
3907,-5.6144295923889365,12,13,0.0
3908,-26.502558941996796,10,15,0.0
3909,-16.69865448879694,11,14,0.0
3910,-6.400927465655155,12,13,0.0
3911,-6.197829846179626,12,13,0.0
3912,-5.9986511650752,12,13,0.0
3913,-16.593238851500356,11,14,0.0
3914,-8.074113876197716,12,13,0.0
3915,-18.21707424621652,11,14,0.0
3916,-6.263348914350022,12,13,0.0
3917,-16.725503342928825,11,14,0.0
3918,-6.838316688475405,12,13,0.0
3919,-5.980245299508329,12,13,0.0
3920,3.9895520706264396,13,12,0.0
3921,-6.909800963786094,12,13,0.0
3922,-7.142534550008686,12,13,0.0
3923,-6.592106132252033,12,13,0.0
3924,-5.393371682355222,12,13,0.0
3925,-7.058819145920598,12,13,0.0
3926,3.444487257152854,13,12,0.0
3927,-6.177783736030389,12,13,0.0
3928,-5.7965747268705385,12,13,0.0
3929,3.62270796790758,13,12,0.0
3930,-16.678979455776286,11,14,0.0
3931,-5.213695809881658,12,13,0.0
3932,-5.848482856898617,12,13,0.0
3933,-6.892761237599531,12,13,0.0
3934,-5.217534769070564,12,13,0.0
3935,-6.542495051558447,12,13,0.0
3936,14.134186806874755,14,11,0.0
3937,4.319901219288337,13,12,0.0
3938,2.0465269422625028,13,12,0.0
3939,-15.644221680997632,11,14,0.0
3940,-7.35859541337417,12,13,0.0
3941,12.83261739774597,14,11,0.0
3942,-6.80399932648548,12,13,0.0
3943,3.2582324029003003,13,12,0.0
3944,-16.441809224193157,11,14,0.0
3945,-16.753267637674693,11,14,0.0
3946,-16.84783553806092,11,14,0.0
3947,-6.985904969026878,12,13,0.0
3948,-6.4642788923866,12,13,0.0
3949,-15.834230415701228,11,14,0.0
3950,-6.321423356540919,12,13,0.0
3951,3.16376433504653,13,12,0.0
3952,-17.021172494632253,11,14,0.0
3953,-5.426203902574109,12,13,0.0
3954,5.229320208162601,13,12,0.0
3955,4.412298699633927,13,12,0.0
3956,3.613626500302608,13,12,0.0
3957,-16.41041839110644,11,14,0.0
3958,-5.15425631375585,12,13,0.0
3959,-15.70747060010322,11,14,0.0
3960,-5.850193099422556,12,13,0.0
3961,-16.383274898240273,11,14,0.0
3962,5.18659511454698,13,12,0.0
3963,-15.112559885371219,11,14,0.0
3964,-14.774054461382521,11,14,0.0
3965,-5.796714715565517,12,13,0.0
3966,-4.07759646647351,12,13,0.0
3967,4.693132715268515,13,12,0.0
3968,-15.652355385500979,11,14,0.0
3969,-16.281834533136806,11,14,0.0
3970,-15.434741893278627,11,14,0.0
3971,4.76763372611699,13,12,0.0
3972,-15.886783369297673,11,14,0.0
3973,4.750006827938595,13,12,0.0
3974,4.159897875246913,13,12,0.0
3975,-6.7471589315374985,12,13,0.0
3976,14.59761855810972,14,11,0.0
3977,-6.094033343920639,12,13,0.0
3978,3.9658812217100543,13,12,0.0
3979,-6.807098475782231,12,13,0.0
3980,13.898267284918711,14,11,0.0
3981,13.195302825472211,14,11,0.0
3982,3.5992880586368434,13,12,0.0
3983,-5.5769774534611365,12,13,0.0
3984,-14.737098831940099,11,14,0.0
3985,-5.698865072211422,12,13,0.0
3986,-6.4110472910490035,12,13,0.0
3987,-5.633394751857069,12,13,0.0
3988,-5.140158781140887,12,13,0.0
3989,14.563408993081119,14,11,0.0
3990,4.4983043249749555,13,12,0.0
3991,3.9810353559604383,13,12,0.0
3992,13.162089257448786,14,11,0.0
3993,4.891049433467025,13,12,0.0
3994,-6.085629837882438,12,13,0.0
3995,6.692935303473686,13,12,0.0
3996,-4.625986134922213,12,13,0.0
3997,-5.488363421188217,12,13,0.0
3998,5.593305940673429,13,12,0.0
3999,3.5199456157254527,13,12,0.0
4000,14.400327914797565,14,11,0.0
