"# mode=unfixed d_value=0 d=[1,4] p=0.50 dr=0 seed=6 topology=fixed ch=3 n_agents=5 obs_dim=34 n_episodes=4000"
episode,sum_reward,success,fail,mean_delay
1,-14.992770678866833,11,14,2.23
2,-46.478934146559396,8,17,2.2239999999999998
3,-95.51835240258318,3,22,2.2279999999999998
4,-15.660185131209897,11,14,2.25
5,-65.34274853589343,6,19,2.2359999999999998
6,-55.671047914004,7,18,2.19
7,-46.40037298771876,8,17,2.2
8,-45.65294185299939,8,17,2.228
9,-17.041046526861823,11,14,2.2060000000000004
10,-16.424274208524327,11,14,2.2619999999999996
11,-55.79865157961197,7,18,2.212
12,-54.6688036242944,7,18,2.266
13,-25.221391416198173,10,15,2.23
14,-15.666024479624843,11,14,2.214
15,-25.095447755845413,10,15,2.262
16,-34.15395798942513,9,16,2.2459999999999996
17,-15.30154578198219,11,14,2.3179999999999996
18,-45.08882737532966,8,17,2.25
19,-36.022985951533556,9,16,2.052
20,-35.81835307127548,9,16,2.2979999999999996
21,-43.608823010617265,8,17,2.2079999999999997
22,-44.766550352035,8,17,2.246
23,-25.180241368719386,10,15,2.238
24,-25.31660832426144,10,15,2.242
25,-25.217428396840617,10,15,2.22
26,-13.810048645626674,11,14,2.2
27,-25.646601089328666,10,15,2.276
28,-56.025649331191076,7,18,2.23
29,-55.72387086163097,7,18,2.28
30,-65.3571830137882,6,19,2.172
31,-55.534612667882904,7,18,2.206
32,-55.00924195211889,7,18,2.25
33,-54.61071614579944,7,18,2.186
34,-55.96684271524316,7,18,2.2340000000000004
35,-74.61750715675231,5,20,2.218
36,-54.08359046736075,7,18,2.232
37,-54.6974333927333,7,18,2.1420000000000003
38,-44.70165530272864,8,17,2.1740000000000004
39,-24.770695651671904,10,15,2.21
40,-35.058280972537545,9,16,2.1760000000000006
41,-34.745780701577985,9,16,2.332
42,-44.29348708821673,8,17,2.22
43,-54.43659119796207,7,18,2.166
44,-35.05276806477396,9,16,2.2239999999999998
45,-15.438925902328858,11,14,2.186
46,-54.287442815287505,7,18,2.228
47,-54.77335382708435,7,18,2.3120000000000003
48,-75.94737943893075,5,20,2.2439999999999998
49,-35.003462820169865,9,16,2.168
50,-33.601773735517206,9,16,2.23
51,-54.5172855728448,7,18,2.178
52,-26.113778589625127,10,15,2.2
53,-54.49128388452584,7,18,2.252
54,-34.725146254224406,9,16,2.244
55,-24.766030452227465,10,15,2.2619999999999996
56,-24.40266223430686,10,15,2.222
57,-34.437197492724415,9,16,2.174
58,-24.230294501587583,10,15,2.214
59,-54.98393616414167,7,18,2.2039999999999997
60,-15.019959677398248,11,14,2.212
61,-24.933260980384798,10,15,2.2
62,-4.275667681493321,12,13,2.232
63,-64.76201491573808,6,19,2.236
64,-55.28957055843911,7,18,2.152
65,-44.65720561644308,8,17,2.218
66,-25.274435735014144,10,15,2.216
67,-14.126408817023243,11,14,2.304
68,-54.84500557747735,7,18,2.25
69,-34.3227354894198,9,16,2.21
70,-33.94921607144981,9,16,2.246
71,-45.42260342346526,8,17,2.2079999999999997
72,-34.54148813983363,9,16,2.182
73,-24.803435884405662,10,15,2.234
74,-63.42652769859054,6,19,2.226
75,-56.41441000711998,7,18,2.204
76,-33.792469394971626,9,16,2.2680000000000002
77,-64.14546842131907,6,19,2.18
78,-24.460646665818956,10,15,2.266
79,-45.9750189972773,8,17,2.0959999999999996
80,-35.30741079197653,9,16,2.2260000000000004
81,-55.45931388582299,7,18,2.224
82,-43.87367970832644,8,17,2.1879999999999997
83,-74.67876348691341,5,20,2.114
84,-45.22953634835997,8,17,2.192
85,-26.16678516240934,10,15,2.2439999999999998
86,-64.83399063575249,6,19,2.254
87,-13.797202877354641,11,14,2.2359999999999998
88,-35.08187005144839,9,16,2.148
89,-75.54994987250575,5,20,2.152
90,-25.416657729714906,10,15,2.2520000000000002
91,-3.8368943576848586,12,13,2.39
92,-64.35102935927151,6,19,2.2640000000000002
93,-15.462740177572556,11,14,2.23
94,-3.652213454040212,12,13,2.226
95,-36.130842108179515,9,16,2.2380000000000004
96,-5.081761108524781,12,13,2.316
97,-35.52509843257361,9,16,2.232
98,-5.096418121196519,12,13,2.246
99,-35.21382124635003,9,16,2.2619999999999996
100,-25.523346974143855,10,15,2.168
101,-24.72586581442948,10,15,2.208
102,-15.625277250059055,11,14,2.234
103,-35.634011137112914,9,16,2.2220000000000004
104,-6.400631954089508,12,13,2.1500000000000004
105,-14.473807434277568,11,14,2.184
106,-26.747122094814614,10,15,2.146
107,-36.87319946123489,9,16,2.178
108,-15.732707943224572,11,14,2.164
109,-36.405219432241395,9,16,2.1919999999999997
110,-35.33930535818835,9,16,2.152
111,-16.819887982852666,11,14,2.256
112,-25.178776002155182,10,15,2.1760000000000006
113,-35.26929957637526,9,16,2.2039999999999997
114,-15.051439509269352,11,14,2.2819999999999996
115,-16.09517904033472,11,14,2.154
116,-35.003855310814416,9,16,2.1659999999999995
117,4.038407051891514,13,12,2.1719999999999997
118,-36.05301716171094,9,16,2.2759999999999994
119,-15.282461724394475,11,14,2.286
120,-35.596871056870896,9,16,2.206
121,-35.16977622857544,9,16,2.13
122,-44.43925966459085,8,17,2.214
123,-14.825214866278323,11,14,2.2060000000000004
124,-36.351773799722935,9,16,2.2800000000000002
125,-26.32449939342845,10,15,2.118
126,-25.498739246361758,10,15,2.228
127,-15.733225476146975,11,14,2.1600000000000006
128,-16.120451193484268,11,14,2.2500000000000004
129,3.7947494392275507,13,12,2.184
130,-16.43752444897743,11,14,2.3499999999999996
131,-26.058492468764,10,15,2.274
132,-45.5590324763851,8,17,2.218
133,-25.66412219599999,10,15,2.258
134,-15.043284742008188,11,14,2.206
135,-25.72265470719458,10,15,2.2900000000000005
136,-5.879388379993396,12,13,2.17
137,-6.619795129398332,12,13,2.1539999999999995
138,-15.443874099911042,11,14,2.2700000000000005
139,-27.05846709419034,10,15,2.2640000000000002
140,-46.49693290268562,8,17,2.294
141,-25.39181457141956,10,15,2.34
142,-15.809157588795117,11,14,2.2060000000000004
143,4.165967024838627,13,12,2.322
144,-35.73247420482398,9,16,2.1319999999999997
145,-45.10343038769742,8,17,2.2
146,-16.605375653165446,11,14,2.2199999999999998
147,1.739058060311715,13,12,2.2880000000000007
148,4.14592331411637,13,12,2.162
149,4.1291609698879075,13,12,2.164
150,-25.902413503273728,10,15,2.3000000000000003
151,-26.94466183532679,10,15,2.212
152,-35.77776878937353,9,16,2.2560000000000002
153,-16.01076151758552,11,14,2.202
154,-35.346028421167816,9,16,2.2619999999999996
155,-27.07009838408927,10,15,2.242
156,-16.069842662245925,11,14,2.194
157,-37.8066830755389,9,16,2.2479999999999998
158,-37.01885512891231,9,16,2.196
159,-6.583431861953483,12,13,2.2899999999999996
160,-37.26004315155021,9,16,2.278
161,-27.18622164629398,10,15,2.2119999999999997
162,-16.101673814050656,11,14,2.224
163,-36.19135215863567,9,16,2.2199999999999998
164,-24.934709066243844,10,15,2.204
165,-16.631960684054437,11,14,2.252
166,-35.33574126810247,9,16,2.238
167,-25.639563495679177,10,15,2.2600000000000002
168,-45.73827850969454,8,17,2.1599999999999993
169,-44.911853047547616,8,17,2.242
170,-5.428636293765269,12,13,2.2499999999999996
171,-34.70916495992576,9,16,2.222
172,-15.170641964309029,11,14,2.2399999999999998
173,-35.85525821862303,9,16,2.2219999999999995
174,-26.129762464680702,10,15,2.1860000000000004
175,-35.48972438443708,9,16,2.26
176,-26.323550073982446,10,15,2.184
177,-5.537932199923715,12,13,2.236
178,-5.843538523219372,12,13,2.1659999999999995
179,-5.896087720970336,12,13,2.176
180,-34.86026416903337,9,16,2.122
181,5.892465402683456,13,12,2.242
182,14.701573632824914,14,11,2.23
183,6.246108193791194,13,12,2.242
184,-16.242662991447986,11,14,2.1919999999999997
185,-24.510440862448963,10,15,2.208
186,-4.088186739102477,12,13,2.2619999999999996
187,-14.354103005629698,11,14,2.1759999999999997
188,-14.92137358141815,11,14,2.254
189,-14.833164412052776,11,14,2.2620000000000005
190,-15.721816716178736,11,14,2.1799999999999997
191,4.4535237910784575,13,12,2.2440000000000007
192,-26.08508002674261,10,15,2.3259999999999996
193,-4.8846875682130975,12,13,2.3280000000000003
194,13.727132653606102,14,11,2.216
195,-14.817168902176386,11,14,2.1239999999999997
196,4.739034720708707,13,12,2.2719999999999994
197,-25.788258838124506,10,15,2.284
198,-14.501645367934401,11,14,2.238
199,-25.795907276947865,10,15,2.21
200,-15.326285308866174,11,14,2.306
201,-25.030252300742347,10,15,2.188
202,-5.7167168804112345,12,13,2.1740000000000004
203,-16.67300567657839,11,14,2.31
204,-16.073634801434345,11,14,2.2279999999999998
205,-16.010098935694064,11,14,2.244
206,-26.103656282502683,10,15,2.144
207,-15.954864292533227,11,14,2.2619999999999996
208,4.041522046991655,13,12,2.1639999999999993
209,-15.535488967050844,11,14,2.1740000000000004
210,-5.192639491625266,12,13,2.192
211,4.024205627281972,13,12,2.218
212,-5.667126493524545,12,13,2.146
213,-14.936859215340974,11,14,2.158
214,-5.78832638367032,12,13,2.334
215,-16.442595117507505,11,14,2.15
216,-16.452194657157843,11,14,2.2580000000000005
217,-5.4502865695458365,12,13,2.2359999999999998
218,-25.917558590636194,10,15,2.314
219,-5.438434963210236,12,13,2.192
220,4.552404105234452,13,12,2.132
221,4.124068078165196,13,12,2.196
222,-16.078135832991016,11,14,2.194
223,-5.252497606732884,12,13,2.25
224,-5.755750443130033,12,13,2.228
225,-4.744671693885664,12,13,2.246
226,-25.819901583641112,10,15,2.192
227,-36.17289134254935,9,16,2.2760000000000002
228,-26.298299318399273,10,15,2.222
229,-5.69099901230823,12,13,2.184
230,-26.4094000272993,10,15,2.2640000000000002
231,-16.62292452965942,11,14,2.2180000000000004
232,-15.597925122127453,11,14,2.2239999999999998
233,4.838587290328449,13,12,2.294
234,-16.26573904820744,11,14,2.228
235,25.175930701438443,15,10,2.198
236,-5.909933801544601,12,13,2.184
237,-26.28484771803765,10,15,2.1420000000000003
238,-14.799588152685663,11,14,2.24
239,-15.709052283854048,11,14,2.134
240,-14.939371844239956,11,14,2.182
241,-16.157096778728565,11,14,2.2540000000000004
242,-5.274984069736192,12,13,2.2220000000000004
243,-16.459586994322205,11,14,2.184
244,4.5753636585814075,13,12,2.228
245,3.8593976592726116,13,12,2.1719999999999997
246,-14.998021402522536,11,14,2.274
247,-14.87637464161601,11,14,2.278
248,-5.456339933948154,12,13,2.314
249,-15.95411905615287,11,14,2.214
250,-5.369094182221698,12,13,2.2039999999999997
251,-5.4915480462490525,12,13,2.25
252,-15.64530912992813,11,14,2.2979999999999996
253,-25.13148928056968,10,15,2.144
254,2.772749655056094,13,12,2.152
255,-4.937825130287502,12,13,2.146
256,-5.732385112557662,12,13,2.308
257,-15.007622184870634,11,14,2.294
258,5.493508280281953,13,12,2.248
259,3.10606377704884,13,12,2.228
260,-5.1016706540607135,12,13,2.196
261,-15.016110378423049,11,14,2.258
262,-16.005468328701856,11,14,2.1599999999999997
263,-16.087899423768036,11,14,2.1959999999999997
264,-15.552449024235093,11,14,2.2340000000000004
265,3.635966926922256,13,12,2.172
266,13.384463614057976,14,11,2.194
267,4.035124339472485,13,12,2.2059999999999995
268,4.357395041397719,13,12,2.236
269,23.73295356979751,15,10,2.164
270,-15.862176218614533,11,14,2.202
271,23.952250331138103,15,10,2.2760000000000007
272,-5.923758907999911,12,13,2.29
273,14.203205437691167,14,11,2.1479999999999997
274,-16.42466453274112,11,14,2.284
275,-6.241150850600567,12,13,2.1580000000000004
276,-16.394653419990213,11,14,2.258
277,-6.173238939716207,12,13,2.288
278,23.477066647063022,15,10,2.178
279,-6.142644820524795,12,13,2.134
280,-6.096629501013549,12,13,2.178
281,4.868816462295772,13,12,2.2479999999999998
282,3.8116093357927703,13,12,2.1620000000000004
283,-6.378555931646953,12,13,2.2039999999999997
284,4.372419731531387,13,12,2.1959999999999997
285,-5.993963354945024,12,13,2.21
286,-16.16927580633926,11,14,2.1719999999999997
287,13.166713373986335,14,11,2.166
288,14.400914979794132,14,11,2.276
289,-4.654251102309473,12,13,2.1780000000000004
290,-15.379286323918363,11,14,2.268
291,4.044972093520979,13,12,2.3000000000000003
292,-4.692207965581792,12,13,2.182
293,-6.068614378121331,12,13,2.2860000000000005
294,-16.543421401633495,11,14,2.22
295,-5.766175257915247,12,13,2.27
296,-5.755888544554408,12,13,2.208
297,4.047667563289581,13,12,2.242
298,24.877714823361025,15,10,2.1879999999999997
299,-5.527006267071995,12,13,2.224
300,-6.087278671983013,12,13,2.3279999999999994
301,-26.61596834082405,10,15,2.162
302,13.307861086915175,14,11,2.2359999999999998
303,-16.448154674922133,11,14,2.21
304,3.6406382020174206,13,12,2.172
305,4.817741925204405,13,12,2.2659999999999996
306,4.2936517655302175,13,12,2.154
307,-4.933050794079831,12,13,2.24
308,-5.732817875808022,12,13,2.1639999999999997
309,-6.51108777492597,12,13,2.328
310,14.20180172596741,14,11,2.1599999999999997
311,13.572795054759293,14,11,2.2079999999999997
312,-5.214770343608047,12,13,2.206
313,13.60884079937782,14,11,2.162
314,3.651995718822615,13,12,2.26
315,-6.1637607504071035,12,13,2.2380000000000004
316,4.332409964673447,13,12,2.298
317,12.307295972770653,14,11,2.224
318,3.719753556923873,13,12,2.2299999999999995
319,-6.642103725333477,12,13,2.252
320,-6.257442798875092,12,13,2.252
321,-7.246712621546967,12,13,2.186
322,3.0698465561404014,13,12,2.184
323,-6.245378797634225,12,13,2.2879999999999994
324,-15.863443371797525,11,14,2.2359999999999998
325,13.085675767154894,14,11,2.3059999999999996
326,3.318822546431729,13,12,2.1559999999999997
327,2.9810719311155154,13,12,2.2799999999999994
328,4.628359447883172,13,12,2.172
329,3.5458121066341235,13,12,2.192
330,3.576826817466147,13,12,2.284
331,-5.3994194620417835,12,13,2.246
332,-6.863333193330337,12,13,2.1780000000000004
333,-17.08692746239165,11,14,2.168
334,-5.207757981870014,12,13,2.314
335,-6.952187215849399,12,13,2.156
336,13.038713929506478,14,11,2.1760000000000006
337,3.7597594564087338,13,12,2.188
338,-6.123164377513561,12,13,2.2939999999999996
339,14.23345584077666,14,11,2.2119999999999997
340,-6.584941659303341,12,13,2.232
341,-5.176551366393253,12,13,2.1979999999999995
342,3.082778851203475,13,12,2.238
343,-16.129124987423555,11,14,2.2380000000000004
344,-15.354559247311943,11,14,2.29
345,3.8641186525929854,13,12,2.2140000000000004
346,-6.137955722845483,12,13,2.244
347,-26.113416148098498,10,15,2.1860000000000004
348,4.119957615552801,13,12,2.2
349,-5.920906267344997,12,13,2.2560000000000002
350,2.6392211618817107,13,12,2.326
351,-5.624089321436509,12,13,2.2020000000000004
352,-6.543867202836925,12,13,2.208
353,4.395834427144587,13,12,2.2239999999999998
354,-6.110667346499104,12,13,2.2299999999999995
355,2.902367128913527,13,12,2.338
356,23.021753201302058,15,10,2.254
357,-16.58798637246239,11,14,2.202
358,2.504601168980626,13,12,2.19
359,-14.95929171629031,11,14,2.2700000000000005
360,13.003590280030808,14,11,2.274
361,-15.367623279701123,11,14,2.188
362,3.7004852318065558,13,12,2.258
363,-16.16876244743142,11,14,2.214
364,-6.4264223593124505,12,13,2.2860000000000005
365,4.006454906878307,13,12,2.2939999999999996
366,3.0446437827298345,13,12,2.25
367,13.454086885707493,14,11,2.17
368,13.252072348556148,14,11,2.1919999999999997
369,3.134776870581856,13,12,2.2680000000000002
370,4.607366460823791,13,12,2.1479999999999997
371,-6.098251148933828,12,13,2.234
372,3.420799949311217,13,12,2.2019999999999995
373,4.701969695682411,13,12,2.2079999999999997
374,4.075293141961614,13,12,2.23
375,3.783029870189628,13,12,2.2020000000000004
376,14.047058848612677,14,11,2.186
377,4.361834620425727,13,12,2.1879999999999997
378,4.6389052428302175,13,12,2.166
379,3.199177641785356,13,12,2.21
380,3.994176142698427,13,12,2.166
381,-7.131362909531489,12,13,2.298
382,4.020309642668623,13,12,2.234
383,-17.27239328887532,11,14,2.1719999999999997
384,3.5115502668390204,13,12,2.0900000000000003
385,2.841455850588101,13,12,2.242
386,-6.23916894842829,12,13,2.178
387,-6.275944855881415,12,13,2.1480000000000006
388,13.825455949321812,14,11,2.216
389,13.324416191167009,14,11,2.154
390,2.783405565883351,13,12,2.238
391,14.10355938263982,14,11,2.342
392,-5.714466601971454,12,13,2.2059999999999995
393,-16.399820103564565,11,14,2.1699999999999995
394,-4.789752584761217,12,13,2.21
395,-15.557154984824145,11,14,2.26
396,3.8745076200780524,13,12,2.2479999999999998
397,13.151836445938525,14,11,2.1759999999999997
398,-6.162149552428919,12,13,2.234
399,14.358860631434881,14,11,2.266
400,13.529000800005093,14,11,2.304
401,4.101348228750225,13,12,2.202
402,3.439726971858555,13,12,2.144
403,-6.4830330353393055,12,13,2.194
404,-6.369512070400653,12,13,2.234
405,2.533393096086092,13,12,2.222
406,3.7058794868644576,13,12,2.21
407,-6.768049540623262,12,13,2.1940000000000004
408,-6.957423939459309,12,13,2.254
409,3.0450205609120546,13,12,2.244
410,12.339182980147012,14,11,2.212
411,-16.250025815636295,11,14,2.1879999999999997
412,14.605330175617063,14,11,2.274
413,-7.063962230822534,12,13,2.258
414,-7.1847409796002575,12,13,2.258
415,-7.3319693355807924,12,13,2.2619999999999996
416,3.1918630554704954,13,12,2.27
417,-6.590110714755861,12,13,2.232
418,5.201606152301295,13,12,2.2659999999999996
419,13.84010048903429,14,11,2.22
420,2.768378231752969,13,12,2.2199999999999998
421,-6.967527701260898,12,13,2.3259999999999996
422,3.454287488267493,13,12,2.1260000000000003
423,2.565251392412746,13,12,2.3779999999999997
424,4.136112372387149,13,12,2.2359999999999998
425,3.2757153762382654,13,12,2.226
426,3.361607045976463,13,12,2.226
427,12.62815231019145,14,11,2.1820000000000004
428,-6.9516264123018034,12,13,2.176
429,4.193135021271587,13,12,2.2
430,2.9156407050021187,13,12,2.304
431,14.015963645362055,14,11,2.2120000000000006
432,3.8879190642570123,13,12,2.258
433,-6.498477808134968,12,13,2.178
434,3.8198940315958954,13,12,2.232
435,3.3156000888486217,13,12,2.2380000000000004
436,-6.405722503732309,12,13,2.1260000000000003
437,-6.98201369009989,12,13,2.2279999999999998
438,12.509354387929598,14,11,2.196
439,-6.746066021334555,12,13,2.2779999999999996
440,2.5753012936229194,13,12,2.0900000000000003
441,-6.163339905989804,12,13,2.168
442,4.219311464596137,13,12,2.246
443,-7.169438685786403,12,13,2.168
444,-16.331446784768914,11,14,2.2779999999999996
445,4.6911297677699135,13,12,2.2680000000000002
446,-26.67563364973474,10,15,2.2060000000000004
447,-6.442026840604141,12,13,2.1719999999999997
448,3.7658251372837324,13,12,2.2119999999999997
449,3.2481084731312313,13,12,2.216
450,-6.628309543338469,12,13,2.166
451,-6.311211769394321,12,13,2.208
452,4.411912718965677,13,12,2.232
453,-5.791215596003505,12,13,2.246
454,-15.864937641532748,11,14,2.3
455,4.228660713792065,13,12,2.134
456,4.101731245762161,13,12,2.2319999999999998
457,13.904992206971649,14,11,2.268
458,3.0084484603659156,13,12,2.1940000000000004
459,4.011249201943499,13,12,2.228
460,5.109561890775339,13,12,2.296
461,-6.0378391540350975,12,13,2.2019999999999995
462,-5.600463987220435,12,13,2.264
463,-15.9552413339472,11,14,2.1979999999999995
464,3.425985639112012,13,12,2.1740000000000004
465,4.0552510357300875,13,12,2.136
466,3.986112277744381,13,12,2.276
467,-5.936763721983115,12,13,2.302
468,-6.075453471039745,12,13,2.252
469,2.8309127156288856,13,12,2.186
470,-16.150602148720438,11,14,2.1519999999999997
471,-5.50391836980782,12,13,2.226
472,-16.076164975177782,11,14,2.172
473,14.024064238591393,14,11,2.3399999999999994
474,3.5550049612035712,13,12,2.29
475,3.6280190722335424,13,12,2.228
476,-6.476019262208979,12,13,2.2039999999999997
477,-6.889755033817918,12,13,2.262
478,12.190008253784223,14,11,2.248
479,-5.99407584058218,12,13,2.2640000000000002
480,-6.417385372861655,12,13,2.1740000000000004
481,4.415685449767794,13,12,2.1879999999999997
482,1.7267970026465145,13,12,2.2280000000000006
483,13.708892781320968,14,11,2.244
484,-6.516068306156794,12,13,2.2399999999999998
485,-5.198667747915135,12,13,2.238
486,3.5433454285213006,13,12,2.2199999999999998
487,3.5142109215194903,13,12,2.268
488,13.697532421546592,14,11,2.088
489,3.768868392832726,13,12,2.33
490,14.60167473314088,14,11,2.198
491,3.1353149591870775,13,12,2.196
492,3.194484087360614,13,12,2.2459999999999996
493,-5.965109728631968,12,13,2.194
494,14.179352914450574,14,11,2.17
495,-6.40159629420574,12,13,2.2719999999999994
496,3.450638712162841,13,12,2.1699999999999995
497,3.604200581116711,13,12,2.198
498,3.6109833346258435,13,12,2.226
499,-6.710962039360245,12,13,2.1719999999999997
500,2.9182757993779784,13,12,2.186
501,3.5866484257510676,13,12,2.2239999999999998
502,13.362669868847354,14,11,2.2540000000000004
503,-26.685422932476666,10,15,2.18
504,24.089233562358444,15,10,2.108
505,-7.525602505333109,12,13,2.1839999999999997
506,-16.368262501647497,11,14,2.2960000000000003
507,3.242991036328963,13,12,2.212
508,-6.253770472497937,12,13,2.16
509,2.893757130772066,13,12,2.372
510,-6.30316022069951,12,13,2.19
511,23.560848735018936,15,10,2.218000000000001
512,-16.577777252080686,11,14,2.2439999999999998
513,2.7294586989241507,13,12,2.3659999999999997
514,-16.305028436321642,11,14,2.2880000000000003
515,3.455456259847601,13,12,2.236
516,1.7853851054417786,13,12,2.2300000000000004
517,14.324233928175817,14,11,2.2380000000000004
518,14.159243353714864,14,11,2.194
519,3.819328838611014,13,12,2.1700000000000004
520,5.0475944219028825,13,12,2.2380000000000004
521,2.797136337724849,13,12,2.1700000000000004
522,-6.6538787608750125,12,13,2.2840000000000003
523,2.4833429609054267,13,12,2.1879999999999997
524,13.2172416180311,14,11,2.2979999999999996
525,3.069582221301803,13,12,2.2560000000000002
526,2.0475611462675385,13,12,2.27
527,3.1419379219837493,13,12,2.178
528,-16.842351592130626,11,14,2.1879999999999997
529,3.803425577003013,13,12,2.284
530,13.765490863541482,14,11,2.2800000000000002
531,3.7539377090234405,13,12,2.214
532,3.8765794648855882,13,12,2.298
533,-5.938669020101016,12,13,2.2399999999999998
534,2.917417430721086,13,12,2.1160000000000005
535,-5.519293823286423,12,13,2.318
536,13.390427748409643,14,11,2.2339999999999995
537,-16.14159481501456,11,14,2.1620000000000004
538,-4.513913125429665,12,13,2.1700000000000004
539,13.53205144397156,14,11,2.178
540,-6.440273409561331,12,13,2.192
541,-4.821301400618094,12,13,2.264
542,-5.864658293903512,12,13,2.2520000000000002
543,24.614594688241688,15,10,2.202
544,-5.276848697471518,12,13,2.1300000000000003
545,-5.036233906039776,12,13,2.198
546,3.5448057224416782,13,12,2.196
547,-16.569872638135543,11,14,2.158
548,-5.33858859955372,12,13,2.098
549,4.523198768372119,13,12,2.152
550,-15.35493476779418,11,14,2.1900000000000004
551,-15.379544202671468,11,14,2.212
552,-4.525628233514762,12,13,2.228
553,5.209970118703563,13,12,2.1599999999999997
554,-6.320588901772009,12,13,2.2039999999999997
555,24.006240818098938,15,10,2.236
556,-5.997315473690687,12,13,2.2
557,24.308395557204857,15,10,2.218
558,4.2025205917490815,13,12,2.276
559,-5.961350594124343,12,13,2.246
560,14.565579038991947,14,11,2.232
561,-15.380668633705103,11,14,2.186
562,-5.868767863439609,12,13,2.3320000000000003
563,-5.945627360683881,12,13,2.274
564,3.464923409514558,13,12,2.2720000000000002
565,-5.613326209660681,12,13,2.244
566,4.310337027984164,13,12,2.252
567,-5.2086884286851785,12,13,2.1740000000000004
568,-15.991393595702855,11,14,2.2019999999999995
569,5.267063780500002,13,12,2.194
570,-25.852614015116483,10,15,2.21
571,-5.593584906888129,12,13,2.278
572,-15.451525066979617,11,14,2.212
573,15.203967148165884,14,11,2.194
574,-4.721701789161039,12,13,2.238
575,-6.291464005872542,12,13,2.1340000000000003
576,-6.009992989041729,12,13,2.274
577,4.2918821481767395,13,12,2.176
578,5.558231801257237,13,12,2.176
579,4.683765536165525,13,12,2.196
580,-5.994888088250468,12,13,2.18
581,-15.823715629105608,11,14,2.2339999999999995
582,-6.342395798941485,12,13,2.2920000000000003
583,-15.717162566678835,11,14,2.232
584,14.65182660650958,14,11,2.2039999999999997
585,-5.572422266353229,12,13,2.21
586,-5.967196847139654,12,13,2.2199999999999998
587,4.240001655205331,13,12,2.336
588,-5.7231959745579015,12,13,2.2399999999999998
589,-15.760958625975992,11,14,2.2119999999999997
590,5.359455290570961,13,12,2.198
591,5.209779836359754,13,12,2.3019999999999996
592,-26.323534899038137,10,15,2.2300000000000004
593,4.40672051623501,13,12,2.12
594,-14.82177823409114,11,14,2.2220000000000004
595,14.909530846442248,14,11,2.2060000000000004
596,-16.45509753838878,11,14,2.2199999999999998
597,-5.702680345097627,12,13,2.2439999999999998
598,4.520259054462936,13,12,2.1820000000000004
599,4.528499467625823,13,12,2.1540000000000004
600,-4.714499084597106,12,13,2.2079999999999997
601,-24.583586958799636,10,15,2.252
602,-5.401737005610763,12,13,2.1959999999999997
603,4.489714240024245,13,12,2.3139999999999996
604,-24.8877165781178,10,15,2.1700000000000004
605,4.808049977358609,13,12,2.224
606,4.9313660134748005,13,12,2.182
607,-15.630430545198935,11,14,2.226
608,-5.567863358828082,12,13,2.2299999999999995
609,-14.54479777750458,11,14,2.2220000000000004
610,-15.861273074882597,11,14,2.3480000000000003
611,3.7035653723729265,13,12,2.118
612,-6.260657651318635,12,13,2.272
613,-14.420819252900728,11,14,2.218
614,-15.756884534342849,11,14,2.214
615,-5.410224752022861,12,13,2.2520000000000002
616,-4.629330968643178,12,13,2.2180000000000004
617,-4.718096126348164,12,13,2.25
618,-14.992997801058607,11,14,2.186
619,-26.0188370121961,10,15,2.2460000000000004
620,-44.48892408201358,8,17,2.268
621,-4.628165721451172,12,13,2.208
622,-14.957027132787065,11,14,2.206
623,-5.716448466583193,12,13,2.2939999999999996
624,-15.032950817798344,11,14,2.216
625,14.603010302469201,14,11,2.148
626,-5.077288388731615,12,13,2.29
627,-5.266499577111594,12,13,2.1739999999999995
628,-35.00714673416982,9,16,2.216
629,-15.345629906046895,11,14,2.1819999999999995
630,-25.411030183897257,10,15,2.282
631,4.915162355570322,13,12,2.2779999999999996
632,15.298488480859188,14,11,2.2159999999999997
633,-4.963737778059234,12,13,2.2020000000000004
634,-15.704462818162002,11,14,2.1740000000000004
635,-5.948481934636866,12,13,2.268
636,-6.558753913591737,12,13,2.12
637,14.684755281475478,14,11,2.242
638,15.178672011426613,14,11,2.188
639,-5.441272234024684,12,13,2.288
640,-14.77634653248279,11,14,2.164
641,-6.044854241788235,12,13,2.2380000000000004
642,-25.023487532883355,10,15,2.2919999999999994
643,3.985326184881284,13,12,2.2319999999999993
644,14.63726284050437,14,11,2.164
645,-6.326398848780521,12,13,2.222
646,4.52695175712776,13,12,2.1799999999999997
647,-6.3740660554002595,12,13,2.1639999999999997
648,-14.792204883199924,11,14,2.21
649,-5.2026521444634914,12,13,2.17
650,-15.746121598790968,11,14,2.2239999999999998
651,5.095554152720137,13,12,2.2339999999999995
652,-5.833488744136627,12,13,2.178
653,-14.660327935635646,11,14,2.304
654,-5.057703065552476,12,13,2.2239999999999998
655,5.259095513969201,13,12,2.2380000000000004
656,4.811619655401683,13,12,2.324
657,-5.235059147793231,12,13,2.1799999999999997
658,5.175481433780435,13,12,2.2299999999999995
659,-5.829286139363546,12,13,2.194
660,-15.763859670382207,11,14,2.1480000000000006
661,-25.707542024850753,10,15,2.246
662,4.934403060860877,13,12,2.1620000000000004
663,5.080593206011709,13,12,2.23
664,3.389356661238761,13,12,2.2599999999999993
665,4.060970122934121,13,12,2.2680000000000002
666,-15.591445371485133,11,14,2.2879999999999994
667,3.7743991463368545,13,12,2.272
668,14.187382143982807,14,11,2.236
669,4.542353159213173,13,12,2.1740000000000004
670,4.293213232360353,13,12,2.114
671,-15.255148634731608,11,14,2.2359999999999998
672,14.347055555950455,14,11,2.1660000000000004
673,-4.771531247591751,12,13,2.332
674,24.844825241677736,15,10,2.186
675,5.076793435376118,13,12,2.2199999999999998
676,-14.88717821758021,11,14,2.2460000000000004
677,-25.298498180653002,10,15,2.0780000000000003
678,-5.15748233251011,12,13,2.2299999999999995
679,-16.32786479731989,11,14,2.226
680,4.148902147567508,13,12,2.152
681,-5.5089721577016775,12,13,2.18
682,-25.671973084286435,10,15,2.222
683,-5.597868174261325,12,13,2.1640000000000006
684,-25.598929524735638,10,15,2.228
685,3.5402837057416576,13,12,2.2340000000000004
686,14.318900205671369,14,11,2.2479999999999998
687,-6.412748388943498,12,13,2.1979999999999995
688,4.243812241491307,13,12,2.282
689,4.394561051443157,13,12,2.2700000000000005
690,-5.798745050663011,12,13,2.208
691,3.664054600301812,13,12,2.22
692,-6.2965533253813,12,13,2.3240000000000003
693,3.3805988331837367,13,12,2.262
694,-26.33773506483627,10,15,2.224
695,-26.712202779075046,10,15,2.12
696,-6.038920700241491,12,13,2.242
697,-15.661730281225106,11,14,2.228
698,24.430292673998352,15,10,2.2560000000000002
699,-6.433721861585415,12,13,2.2079999999999997
700,-15.827667728626924,11,14,2.2439999999999998
701,-6.551500217832732,12,13,2.2500000000000004
702,-5.468218962690779,12,13,2.2020000000000004
703,-24.572552484710727,10,15,2.1700000000000004
704,3.868741118014805,13,12,2.2060000000000004
705,-26.529724989652514,10,15,2.2720000000000002
706,-6.046505162964213,12,13,2.116
707,2.984671929379516,13,12,2.1260000000000003
708,2.5308287038841275,13,12,2.2159999999999997
709,-7.21859578808839,12,13,2.2919999999999994
710,-6.295152579592414,12,13,2.2920000000000007
711,3.738686036058734,13,12,2.162
712,-6.084246832036653,12,13,2.134
713,13.604691977553811,14,11,2.268
714,3.771271027229975,13,12,2.258
715,4.025232411398922,13,12,2.156
716,-16.17894652498079,11,14,2.2239999999999998
717,-16.519123619223606,11,14,2.31
718,-7.447772068235366,12,13,2.184
719,-16.43726001462195,11,14,2.21
720,-6.6630095023118745,12,13,2.214
721,13.871178683953595,14,11,2.242
722,13.81805474399181,14,11,2.258
723,-7.393144129242,12,13,2.21
724,-6.1806278593991,12,13,2.182
725,2.906791729703297,13,12,2.194
726,3.7873587352680866,13,12,2.364
727,-15.793491049922604,11,14,2.234
728,-5.8168095367113075,12,13,2.2439999999999998
729,-16.305450806307704,11,14,2.2399999999999998
730,-6.557355561589201,12,13,2.254
731,3.2993510961640258,13,12,2.1580000000000004
732,3.618352918014006,13,12,2.184
733,-7.189686912939934,12,13,2.254
734,-15.451501522603719,11,14,2.304
735,13.784833211505077,14,11,2.294
736,-5.02426350659857,12,13,2.2399999999999998
737,-5.92710190813467,12,13,2.1699999999999995
738,-6.547318477250183,12,13,2.2060000000000004
739,14.305466039094892,14,11,2.274
740,-6.125044361406932,12,13,2.314
741,2.9666113949875363,13,12,2.2760000000000007
742,-6.0944031326175505,12,13,2.1959999999999997
743,-5.6334553866693415,12,13,2.2
744,3.863740837763709,13,12,2.256
745,-15.743597105981346,11,14,2.21
746,-7.071607371573124,12,13,2.186
747,3.7997862179997934,13,12,2.278
748,4.489803386921408,13,12,2.216
749,14.167708805337337,14,11,2.186
750,-7.257560793843458,12,13,2.1760000000000006
751,-25.29428019501832,10,15,2.2220000000000004
752,-5.336492037289181,12,13,2.21
753,-17.426919035406435,11,14,2.1759999999999997
754,4.2081050133788525,13,12,2.152
755,-6.210708766879348,12,13,2.1700000000000004
756,-6.386400808592702,12,13,2.156
757,4.272284975609846,13,12,2.25
758,3.5694718948347575,13,12,2.206
759,4.142136251920968,13,12,2.2600000000000002
760,14.115331413477808,14,11,2.1740000000000004
761,-4.9080049739413045,12,13,2.2380000000000004
762,14.048020300068782,14,11,2.294
763,13.698038782080047,14,11,2.242
764,-16.45580285063778,11,14,2.174
765,13.756356742464508,14,11,2.202
766,3.8783488017734236,13,12,2.214
767,3.8090814121905847,13,12,2.218
768,3.88756087289949,13,12,2.25
769,4.343921991752337,13,12,2.24
770,14.338152122412264,14,11,2.236
771,-5.5475683341404185,12,13,2.156
772,13.439837702799938,14,11,2.1799999999999997
773,-6.045595510102456,12,13,2.234
774,13.845935673180993,14,11,2.206
775,14.39264521773279,14,11,2.216
776,14.005227504389135,14,11,2.254
777,14.12701456915758,14,11,2.252
778,3.577827357954453,13,12,2.2640000000000002
779,-6.141179754058517,12,13,2.2
780,3.243912781321411,13,12,2.2340000000000004
781,14.815541863784752,14,11,2.22
782,14.429597955098993,14,11,2.2
783,4.476374092036192,13,12,2.232
784,4.226864905029279,13,12,2.238
785,-6.28208925073169,12,13,2.268
786,-6.427326815316675,12,13,2.264
787,3.956891300514828,13,12,2.212
788,5.30970760431401,13,12,2.192
789,-5.8176953426410964,12,13,2.2980000000000005
790,3.239401231073348,13,12,2.21
791,-6.145819748652447,12,13,2.2039999999999997
792,3.1079036807163742,13,12,2.2399999999999998
793,13.897035473252512,14,11,2.232
794,23.38062007102335,15,10,2.182
795,-5.697602137559139,12,13,2.214
796,3.435927633460933,13,12,2.248
797,3.6308506655407236,13,12,2.258
798,13.4360937268507,14,11,2.29
799,3.10242324045738,13,12,2.184
800,4.109053192790668,13,12,2.1380000000000003
801,-6.441755288590942,12,13,2.222
802,3.6465789701689175,13,12,2.226
803,3.7098078965764305,13,12,2.1759999999999997
804,3.7278172327869283,13,12,2.22
805,3.2882066464365263,13,12,2.2640000000000002
806,13.934374066720459,14,11,2.15
807,14.04000748619656,14,11,2.1879999999999997
808,-5.559517271130221,12,13,2.216
809,14.737234493481992,14,11,2.136
810,-5.835795387645806,12,13,2.202
811,4.259850584951162,13,12,2.198
812,4.005572995513873,13,12,2.148
813,-6.714801580661934,12,13,2.2060000000000004
814,-6.028659886501865,12,13,2.2540000000000004
815,2.4423777292310547,13,12,2.226
816,-15.465277074084545,11,14,2.278
817,-5.084968893797102,12,13,2.27
818,-26.1281246578145,10,15,2.2060000000000004
819,3.5119910177014653,13,12,2.27
820,3.478622235900504,13,12,2.1700000000000004
821,-6.3529768132077,12,13,2.29
822,-16.024110694456354,11,14,2.1160000000000005
823,4.749416987617327,13,12,2.144
824,3.46860748065256,13,12,2.174
825,3.419861319457757,13,12,2.296
826,-6.364915857595468,12,13,2.198
827,3.3609179629148738,13,12,2.25
828,-25.74769563912933,10,15,2.1959999999999997
829,13.512467296145175,14,11,2.2619999999999996
830,-6.0774988320644105,12,13,2.196
831,13.94500367890962,14,11,2.232
832,13.090839499765107,14,11,2.2479999999999998
833,4.472454942795485,13,12,2.17
834,3.3454733416285336,13,12,2.256
835,13.564578814658574,14,11,2.1100000000000003
836,-7.042583789450343,12,13,2.2299999999999995
837,-6.059267907960814,12,13,2.196
838,-5.5214682274315745,12,13,2.222
839,4.041870125505358,13,12,2.182
840,3.300502880221168,13,12,2.214
841,14.256692526423876,14,11,2.2600000000000002
842,3.9591533553245135,13,12,2.2619999999999996
843,-6.146511162207325,12,13,2.2399999999999993
844,-27.117062067900527,10,15,2.29
845,14.459364097042563,14,11,2.276
846,2.7892525645489705,13,12,2.1499999999999995
847,4.730318882867554,13,12,2.238
848,4.975809899273397,13,12,2.2500000000000004
849,-25.43509949748741,10,15,2.214
850,3.53713561125857,13,12,2.2920000000000003
851,-5.616488050544747,12,13,2.2380000000000004
852,4.117986685892912,13,12,2.258
853,13.846295152386947,14,11,2.2359999999999998
854,3.2121181575341513,13,12,2.308
855,3.937595451425917,13,12,2.2119999999999997
856,-15.128596594190913,11,14,2.226
857,4.6420561708192825,13,12,2.218
858,-4.872883000315037,12,13,2.212
859,4.871938686298195,13,12,2.2239999999999998
860,-6.074966153802588,12,13,2.162
861,-25.382003079947303,10,15,2.226
862,14.303046442097132,14,11,2.29
863,4.469912851475568,13,12,2.1879999999999997
864,3.8574298948166827,13,12,2.156
865,13.569760228484268,14,11,2.2220000000000004
866,5.685576986744804,13,12,2.258
867,13.904910260280655,14,11,2.2060000000000004
868,-5.972403028981301,12,13,2.198
869,4.2280848747350195,13,12,2.236
870,-15.925910061559996,11,14,2.232
871,3.7559065935907228,13,12,2.242
872,-15.60490644051727,11,14,2.186
873,-5.676062692674075,12,13,2.23
874,-5.737020098778547,12,13,2.232
875,-5.864149152139342,12,13,2.2199999999999998
876,-6.21476146942901,12,13,2.152
877,3.785535902613553,13,12,2.196
878,-15.172122213979797,11,14,2.33
879,-15.389930103352512,11,14,2.196
880,3.7698180555775878,13,12,2.2299999999999995
881,-5.604293413440864,12,13,2.274
882,4.443539583394081,13,12,2.21
883,4.464340591353076,13,12,2.192
884,-16.612659431666515,11,14,2.2399999999999998
885,3.6180182772374856,13,12,2.2
886,-16.615266194239,11,14,2.232
887,-15.718575087724519,11,14,2.242
888,15.020599388390028,14,11,2.1660000000000004
889,13.976408808225095,14,11,2.2960000000000003
890,-5.79409599675272,12,13,2.1100000000000003
891,14.39658842995348,14,11,2.332
892,3.3106370488824397,13,12,2.196
893,14.53073113057432,14,11,2.3419999999999996
894,3.797772151129335,13,12,2.2159999999999997
895,3.860697610947641,13,12,2.1540000000000004
896,24.014003580858528,15,10,2.33
897,3.2769578114742437,13,12,2.1900000000000004
898,23.921872098155884,15,10,2.2039999999999997
899,12.85297178160593,14,11,2.214
900,4.2921814778212735,13,12,2.2800000000000002
901,-16.115373862407978,11,14,2.274
902,24.844527912775206,15,10,2.232
903,-6.634606247995005,12,13,2.188
904,4.014905840668558,13,12,2.178
905,-6.363712430382391,12,13,2.2760000000000002
906,-6.062484841782112,12,13,2.262
907,5.119296925323812,13,12,2.2560000000000002
908,-4.5169057785434985,12,13,2.1979999999999995
909,2.68573688881942,13,12,2.3280000000000003
910,15.279856386431327,14,11,2.2
911,4.212949619152916,13,12,2.2359999999999998
912,3.1209086442160574,13,12,2.214
913,13.662996546217293,14,11,2.262
914,14.53295678313886,14,11,2.182
915,-5.148590801788622,12,13,2.308
916,5.496049943727012,13,12,2.268
917,14.523949471738685,14,11,2.2600000000000002
918,-5.295992634106286,12,13,2.21
919,-4.698117572374299,12,13,2.19
920,3.5706133457043605,13,12,2.196
921,14.735125662196868,14,11,2.2199999999999998
922,15.333792255179238,14,11,2.162
923,-5.5222034317622395,12,13,2.242
924,-5.758207308969499,12,13,2.226
925,4.302736323836379,13,12,2.288
926,24.227077886808264,15,10,2.2299999999999995
927,24.75559462578467,15,10,2.1760000000000006
928,-6.263178633778878,12,13,2.2199999999999998
929,-6.0923735629116464,12,13,2.1700000000000004
930,3.6585728881139534,13,12,2.2560000000000002
931,15.040268105450725,14,11,2.2080000000000006
932,14.243558850745812,14,11,2.2359999999999998
933,-5.1802150489211165,12,13,2.134
934,4.862304217218152,13,12,2.174
935,4.150810767375329,13,12,2.168
936,-5.816106941385062,12,13,2.2479999999999998
937,4.025383503047598,13,12,2.1100000000000003
938,4.071552429195036,13,12,2.162
939,5.188103726921774,13,12,2.168
940,3.5666508319690573,13,12,2.2419999999999995
941,3.995740903285558,13,12,2.3039999999999994
942,4.459230496672497,13,12,2.3240000000000003
943,4.726483076495593,13,12,2.298
944,-5.650155249039199,12,13,2.1919999999999993
945,-15.92388891493375,11,14,2.2800000000000002
946,14.361563856876465,14,11,2.2720000000000002
947,4.797832737196483,13,12,2.1719999999999997
948,24.46535241036098,15,10,2.2939999999999996
949,-15.89134655550954,11,14,2.0919999999999996
950,-5.483591294531287,12,13,2.188
951,3.294116736702282,13,12,2.2339999999999995
952,3.5698128809818517,13,12,2.246
953,-4.718778321559693,12,13,2.226000000000001
954,15.865372143385002,14,11,2.24
955,13.792176096105662,14,11,2.286
956,3.4906825219967583,13,12,2.216
957,3.8713103037167187,13,12,2.2220000000000004
958,3.7950100077011095,13,12,2.3020000000000005
959,14.170405995113919,14,11,2.1380000000000003
960,4.647061627584699,13,12,2.19
961,4.274182803565013,13,12,2.274
962,4.322036236717278,13,12,2.192
963,3.605590939420164,13,12,2.188
964,-15.860643995992016,11,14,2.2079999999999997
965,3.846160013706898,13,12,2.244
966,14.843139499649965,14,11,2.222
967,13.198844015106092,14,11,2.1719999999999997
968,-5.406844216065009,12,13,2.3059999999999996
969,5.002342799722619,13,12,2.282
970,-5.275918119985209,12,13,2.242
971,3.8904668477740536,13,12,2.322
972,3.974074923712573,13,12,2.124
973,3.0677554718993605,13,12,2.27
974,-6.41436022314281,12,13,2.308
975,14.012085571143434,14,11,2.202
976,4.235191915014113,13,12,2.1500000000000004
977,3.2250829208665923,13,12,2.1399999999999997
978,4.423267555410179,13,12,2.262
979,4.852161004932707,13,12,2.114
980,4.32424257113974,13,12,2.226
981,3.383819743038943,13,12,2.25
982,-5.515792996145441,12,13,2.3139999999999996
983,4.108456005333089,13,12,2.2179999999999995
984,-16.602597794007153,11,14,2.114
985,4.27567638662452,13,12,2.104
986,14.41895106505795,14,11,2.1260000000000003
987,-6.108521532159013,12,13,2.2299999999999995
988,5.197278704996929,13,12,2.1980000000000004
989,-16.431188247959312,11,14,2.1380000000000003
990,-5.089163145299931,12,13,2.2380000000000004
991,14.10368312599099,14,11,2.232
992,4.226195211976493,13,12,2.222
993,13.858549125273115,14,11,2.272
994,-5.705847257452811,12,13,2.0919999999999996
995,3.3500120589899627,13,12,2.212
996,-5.2819066655796085,12,13,2.238
997,14.132253430617979,14,11,2.1759999999999997
998,-6.264937768638836,12,13,2.19
999,4.5527668535555765,13,12,2.276
1000,-25.46665291740184,10,15,2.142
1001,4.899728141457169,13,12,2.2039999999999997
1002,-15.533321738570397,11,14,2.158
1003,4.161050014883949,13,12,2.248
1004,4.332723026975497,13,12,2.3059999999999996
1005,-5.960130798790868,12,13,2.1740000000000004
1006,-5.8572493968988635,12,13,2.1720000000000006
1007,15.173508663951953,14,11,2.1959999999999997
1008,-15.38404144882665,11,14,2.242
1009,5.011882967338834,13,12,2.1559999999999997
1010,24.866185222539883,15,10,2.222
1011,3.738541369185585,13,12,2.2099999999999995
1012,14.724956237248211,14,11,2.138
1013,14.724854382793803,14,11,2.2299999999999995
1014,14.696572196396565,14,11,2.2359999999999998
1015,13.92888306698956,14,11,2.1660000000000004
1016,13.934884119035688,14,11,2.25
1017,3.7110814365770928,13,12,2.2459999999999996
1018,24.182916908622374,15,10,2.3920000000000003
1019,14.246570696686351,14,11,2.2300000000000004
1020,3.6446659319847203,13,12,2.272
1021,-6.870739795626171,12,13,2.228
1022,3.982382259746453,13,12,2.196
1023,4.48050091404059,13,12,2.302
1024,-7.13185349910864,12,13,2.204
1025,-15.18997239731604,11,14,2.258
1026,4.620939822607546,13,12,2.21
1027,14.622110664856985,14,11,2.24
1028,-25.997863341960727,10,15,2.2619999999999996
1029,2.7397332306392377,13,12,2.242
1030,-6.690550447790377,12,13,2.194
1031,4.031681217415494,13,12,2.124
1032,23.79072136411792,15,10,2.216
1033,3.5460542376132818,13,12,2.22
1034,4.423015510290762,13,12,2.172
1035,-26.498352370984797,10,15,2.194
1036,3.5167434221840033,13,12,2.216
1037,24.64348849101557,15,10,2.21
1038,-16.059395962096172,11,14,2.092
1039,4.417479167080625,13,12,2.136
1040,4.449099414974482,13,12,2.3
1041,3.6117032835874348,13,12,2.184
1042,12.967143173033792,14,11,2.19
1043,3.734513458528068,13,12,2.23
1044,14.36529386418872,14,11,2.1399999999999997
1045,-6.5627417473888885,12,13,2.2299999999999995
1046,5.083585024122998,13,12,2.254
1047,-5.572665896293179,12,13,2.2619999999999996
1048,15.930766543209218,14,11,2.254
1049,-15.072229955180166,11,14,2.284
1050,-4.696364064032039,12,13,2.2520000000000002
1051,4.3057762731249305,13,12,2.232
1052,14.572111839959447,14,11,2.2640000000000002
1053,13.392328675060568,14,11,2.18
1054,4.8510955403527145,13,12,2.2180000000000004
1055,4.91124143242031,13,12,2.1740000000000004
1056,4.1327616187934595,13,12,2.17
1057,3.406980012104695,13,12,2.1740000000000004
1058,-5.426777079493106,12,13,2.202
1059,-4.254710350278292,12,13,2.23
1060,15.589453412525728,14,11,2.2380000000000004
1061,5.942845138689954,13,12,2.26
1062,14.70680388840888,14,11,2.202
1063,-5.485652672932385,12,13,2.2240000000000006
1064,14.633693234475667,14,11,2.2640000000000002
1065,5.296288929109402,13,12,2.116
1066,4.820528365304046,13,12,2.186
1067,4.193557289019784,13,12,2.242
1068,4.570991790739331,13,12,2.1759999999999997
1069,-6.054539085105729,12,13,2.1799999999999997
1070,3.255761031201902,13,12,2.1719999999999997
1071,3.065682470805088,13,12,2.228
1072,-5.418613354472879,12,13,2.2
1073,-5.066558506261088,12,13,2.21
1074,14.337391538057252,14,11,2.154
1075,3.9828670027563984,13,12,2.188
1076,14.499597694348756,14,11,2.228
1077,14.32079889956341,14,11,2.2619999999999996
1078,14.758378489853213,14,11,2.162
1079,4.395023802435386,13,12,2.234
1080,4.248857171072753,13,12,2.188
1081,-4.556620114994971,12,13,2.206
1082,-4.979316963555321,12,13,2.284
1083,-4.602803361357797,12,13,2.192
1084,-16.118330329999885,11,14,2.1919999999999997
1085,14.035077006522561,14,11,2.176
1086,4.8538988459541965,13,12,2.1599999999999997
1087,3.0004742307712595,13,12,2.2439999999999998
1088,-6.294601506288219,12,13,2.1940000000000004
1089,-4.4724747189526575,12,13,2.254
1090,14.332993101833598,14,11,2.182
1091,4.812909176539936,13,12,2.2840000000000003
1092,-6.900091235289089,12,13,2.274
1093,-4.829593880982035,12,13,2.1759999999999997
1094,4.254732948387137,13,12,2.186
1095,4.723582648891538,13,12,2.142
1096,4.917035285780159,13,12,2.266
1097,-5.969429032505169,12,13,2.1460000000000004
1098,-4.68058400620782,12,13,2.2500000000000004
1099,-5.126927932039169,12,13,2.138
1100,-15.441311667148494,11,14,2.238
1101,4.425004008687313,13,12,2.302
1102,15.59778863490683,14,11,2.258
1103,5.058697932970318,13,12,2.186
1104,-5.192842431869209,12,13,2.134
1105,-4.939051122279523,12,13,2.232
1106,-14.921155530068642,11,14,2.1580000000000004
1107,-6.196217509896247,12,13,2.1980000000000004
1108,-5.788830418452646,12,13,2.2319999999999998
1109,-4.601125364482879,12,13,2.096
1110,-4.843020466010712,12,13,2.166
1111,-4.979675862743932,12,13,2.2039999999999997
1112,-6.412807179818042,12,13,2.1380000000000003
1113,-5.536611302956153,12,13,2.242
1114,-5.567238536650715,12,13,2.228
1115,5.858555031488189,13,12,2.31
1116,4.619900271833606,13,12,2.21
1117,5.3228094680206155,13,12,2.222
1118,-4.6522821197973565,12,13,2.246
1119,-5.760737089701486,12,13,2.274
1120,-5.664182576775332,12,13,2.158
1121,-5.262478779918766,12,13,2.218
1122,-15.423441460977438,11,14,2.124
1123,-15.510320253462243,11,14,2.1559999999999997
1124,-5.045577604877255,12,13,2.2079999999999997
1125,-15.322409851985007,11,14,2.2359999999999998
1126,5.428362703362673,13,12,2.2560000000000002
1127,-5.996805206609966,12,13,2.152
1128,5.171971217661236,13,12,2.1380000000000003
1129,-5.805018526804776,12,13,2.2240000000000006
1130,4.527309067088768,13,12,2.2560000000000002
1131,-15.363402371238934,11,14,2.2199999999999998
1132,-4.6462002958969535,12,13,2.15
1133,-15.396903209590935,11,14,2.2379999999999995
1134,4.927353676808878,13,12,2.184
1135,-5.852399900318369,12,13,2.3400000000000003
1136,-15.59021911012535,11,14,2.2020000000000004
1137,-4.640724806369221,12,13,2.244
1138,-14.271197670296521,11,14,2.27
1139,-5.126337703502762,12,13,2.208
1140,-5.355774159516471,12,13,2.218
1141,14.817723082815068,14,11,2.202
1142,-4.702525726883067,12,13,2.1799999999999997
1143,4.722031832622084,13,12,2.34
1144,5.76304688800648,13,12,2.2199999999999998
1145,-14.909259649230105,11,14,2.336
1146,5.398107350570054,13,12,2.2600000000000002
1147,-14.84553432380446,11,14,2.194
1148,6.217636735275715,13,12,2.258
1149,5.451179125974422,13,12,2.186
1150,-4.7753695994838665,12,13,2.234000000000001
1151,-5.351570621043105,12,13,2.192
1152,-14.620449672321513,11,14,2.3
1153,5.0489412330219725,13,12,2.1859999999999995
1154,-15.242152622454729,11,14,2.152
1155,-4.721288455293394,12,13,2.154
1156,-4.26151260724555,12,13,2.21
1157,-14.267313188857301,11,14,2.264
1158,-4.446513022271054,12,13,2.2279999999999998
1159,5.22016310612649,13,12,2.2340000000000004
1160,4.830773046737857,13,12,2.2240000000000006
1161,5.17063477034171,13,12,2.2600000000000002
1162,-25.828748753502925,10,15,2.2
1163,-6.03084934445844,12,13,2.2060000000000004
1164,-14.78559712265739,11,14,2.17
1165,4.847535350708883,13,12,2.1279999999999997
1166,-24.77608171985732,10,15,2.31
1167,5.411763342233723,13,12,2.228
1168,-4.591819554509879,12,13,2.1819999999999995
1169,-14.456560369097819,11,14,2.274
1170,5.075233862945566,13,12,2.276
1171,-4.2531200803250755,12,13,2.238
1172,5.770859664295047,13,12,2.2039999999999997
1173,4.9837471309490855,13,12,2.2680000000000002
1174,-4.442730517363895,12,13,2.15
1175,4.1393354830497735,13,12,2.076
1176,5.154312704029444,13,12,2.2
1177,25.384323209594047,15,10,2.182
1178,5.505988188458861,13,12,2.3
1179,-4.3165295726316675,12,13,2.3019999999999996
1180,-4.474169669445696,12,13,2.258
1181,-4.80822598411491,12,13,2.2900000000000005
1182,-4.567983565126903,12,13,2.276
1183,4.732498489495159,13,12,2.1919999999999997
1184,-14.500271614687083,11,14,2.23
1185,-4.62350499619143,12,13,2.19
1186,5.529174610922702,13,12,2.242
1187,-4.002193982062231,12,13,2.212
1188,-4.905662969723776,12,13,2.172
1189,26.06706692397742,15,10,2.2520000000000002
1190,5.5210721953625885,13,12,2.2539999999999996
1191,4.834081126251164,13,12,2.3280000000000003
1192,5.862161035139591,13,12,2.15
1193,-4.695197079827251,12,13,2.2119999999999997
1194,-14.694754921552398,11,14,2.194
1195,4.8993363163046215,13,12,2.152
1196,-15.004160025215533,11,14,2.2859999999999996
1197,5.437022749318233,13,12,2.2660000000000005
1198,15.246958915874709,14,11,2.202
1199,-4.32027446775556,12,13,2.2659999999999996
1200,4.54217194808882,13,12,2.338
1201,-15.122153406452604,11,14,2.2399999999999998
1202,6.135676396541698,13,12,2.1559999999999997
1203,5.348791203141186,13,12,2.254
1204,-4.704685128105002,12,13,2.1580000000000004
1205,-4.825648500966826,12,13,2.24
1206,-4.311918891295024,12,13,2.16
1207,4.571491037644394,13,12,2.25
1208,-3.932368085579421,12,13,2.2640000000000002
1209,-14.672757178624238,11,14,2.278
1210,-14.510170718430956,11,14,2.284
1211,-4.646344208483916,12,13,2.25
1212,-14.556041986684708,11,14,2.248
1213,-4.738826569898389,12,13,2.218
1214,5.426799703503967,13,12,2.278
1215,4.956087636105982,13,12,2.226
1216,-4.678470958397769,12,13,2.3080000000000003
1217,-14.59088852434654,11,14,2.22
1218,-4.581725986532201,12,13,2.2279999999999998
1219,-4.813412115582594,12,13,2.2619999999999996
1220,-5.515058719094937,12,13,2.2120000000000006
1221,5.4256254655594365,13,12,2.176
1222,4.754162469857923,13,12,2.176
1223,-14.083037004671784,11,14,2.2700000000000005
1224,-14.444357273806315,11,14,2.25
1225,-24.087008495992826,10,15,2.2439999999999998
1226,-4.457410342902205,12,13,2.2560000000000002
1227,5.364990538926175,13,12,2.1879999999999997
1228,15.151252481345633,14,11,2.1879999999999997
1229,-5.225957720205842,12,13,2.1959999999999997
1230,5.490848705898006,13,12,2.218
1231,-5.042984367487326,12,13,2.1980000000000004
1232,-14.458387503138345,11,14,2.2800000000000002
1233,-15.5067859617957,11,14,2.218
1234,4.93198340058132,13,12,2.26
1235,15.792172004356441,14,11,2.214
1236,-14.16705487967746,11,14,2.22
1237,-4.940065238169183,12,13,2.282
1238,5.38541113877468,13,12,2.182
1239,4.94653811822913,13,12,2.322
1240,-15.522831988893065,11,14,2.2340000000000004
1241,4.974558799922198,13,12,2.21
1242,-14.346339353670649,11,14,2.1559999999999997
1243,-25.284880906691054,10,15,2.21
1244,-5.45914099223619,12,13,2.3
1245,-14.997728253566436,11,14,2.2
1246,3.8106157356557837,13,12,2.2720000000000002
1247,-23.982740889446944,10,15,2.212
1248,5.53269388007493,13,12,2.228
1249,5.055649252616664,13,12,2.242
1250,-3.7615884640418322,12,13,2.3
1251,5.735671434884937,13,12,2.184
1252,-5.23578121692674,12,13,2.1980000000000004
1253,-3.6782493983603226,12,13,2.222
1254,-5.7810242397743705,12,13,2.232
1255,6.166605707932209,13,12,2.244
1256,-13.943915424557831,11,14,2.2079999999999997
1257,5.300237264948077,13,12,2.1919999999999997
1258,-4.807343431119952,12,13,2.146
1259,5.018282850789481,13,12,2.166
1260,-14.670328933951723,11,14,2.234
1261,-5.805873847371142,12,13,2.336
1262,5.731265012192944,13,12,2.214
1263,-5.086852625201197,12,13,2.2039999999999997
1264,4.467110213195708,13,12,2.18
1265,-15.245794227229872,11,14,2.3139999999999996
1266,-15.883432424716315,11,14,2.208
1267,3.807934150399606,13,12,2.25
1268,-5.035511437896405,12,13,2.2159999999999997
1269,-16.24221151831186,11,14,2.2239999999999993
1270,-16.00130183482464,11,14,2.1420000000000003
1271,-5.142529091243853,12,13,2.118
1272,-25.287927939096036,10,15,2.194
1273,-5.935889992584517,12,13,2.2239999999999998
1274,-15.261134570938824,11,14,2.2860000000000005
1275,4.194960367135379,13,12,2.22
1276,4.462281154812512,13,12,2.12
1277,-5.234448213174498,12,13,2.202
1278,3.9303792604920016,13,12,2.196
1279,-6.242626054759315,12,13,2.3120000000000003
1280,-5.738756300416194,12,13,2.276
1281,-14.944455949437739,11,14,2.21
1282,-3.9480885407858723,12,13,2.212
1283,-5.089339865928881,12,13,2.1000000000000005
1284,-4.9708919685350965,12,13,2.124
1285,-5.8030622271735055,12,13,2.234
1286,-4.9030102090762,12,13,2.228
1287,-14.90139201045403,11,14,2.2039999999999997
1288,-15.671688787494066,11,14,2.2079999999999997
1289,-15.244503639285279,11,14,2.2720000000000002
1290,-5.349573958674116,12,13,2.198
1291,-4.982667978132483,12,13,2.2380000000000004
1292,-15.237516424719422,11,14,2.09
1293,-16.03044639440685,11,14,2.28
1294,4.549372332395222,13,12,2.2619999999999996
1295,-14.606256481616054,11,14,2.2180000000000004
1296,5.005868159164162,13,12,2.288
1297,-15.502068375749326,11,14,2.186
1298,-14.727189419923425,11,14,2.158
1299,-26.19427219316097,10,15,2.216
1300,3.4697316287013678,13,12,2.2800000000000002
1301,14.586254208682846,14,11,2.184
1302,-24.509132114982698,10,15,2.2760000000000002
1303,14.702551670992925,14,11,2.2300000000000004
1304,-5.0354267563415,12,13,2.2380000000000004
1305,-5.518142191369771,12,13,2.1919999999999997
1306,-16.918597345752595,11,14,2.3120000000000003
1307,-15.185224227719615,11,14,2.164
1308,-5.249297223464417,12,13,2.154
1309,-14.647045043019236,11,14,2.144
1310,-15.086235951104882,11,14,2.234
1311,-34.91293240998765,9,16,2.1439999999999997
1312,4.125826825074149,13,12,2.1160000000000005
1313,-5.214896422215129,12,13,2.208
1314,-4.951295207791473,12,13,2.224
1315,-15.69050957934114,11,14,2.21
1316,-4.6289933295808305,12,13,2.2359999999999998
1317,-14.658637653868686,11,14,2.232
1318,-24.945542460552847,10,15,2.23
1319,-26.497465733396552,10,15,2.228
1320,-14.523307494407657,11,14,2.2659999999999996
1321,4.572543853813291,13,12,2.1719999999999997
1322,-25.842066590755614,10,15,2.3240000000000003
1323,-15.086565291203764,11,14,2.2720000000000002
1324,5.019670550586296,13,12,2.2540000000000004
1325,-4.811544934980418,12,13,2.284
1326,-4.419944805114577,12,13,2.1700000000000004
1327,-5.092878243642987,12,13,2.2220000000000004
1328,-4.9077991462868695,12,13,2.168
1329,-14.487496050098317,11,14,2.1479999999999997
1330,-35.06257948756096,9,16,2.172
1331,4.421323512249082,13,12,2.26
1332,-15.126978022410318,11,14,2.152
1333,-25.150310446327403,10,15,2.162
1334,-14.535412062306026,11,14,2.202
1335,-24.23613775264278,10,15,2.2039999999999997
1336,-4.319629014982366,12,13,2.316
1337,-24.649533826581173,10,15,2.1439999999999997
1338,4.180825135374324,13,12,2.188
1339,4.66851024133972,13,12,2.222
1340,-14.771582230034637,11,14,2.19
1341,-33.98284206072266,9,16,2.186
1342,-24.41384872354314,10,15,2.2
1343,5.871599398863074,13,12,2.2500000000000004
1344,5.373156700404689,13,12,2.2119999999999997
1345,-34.04881454187904,9,16,2.164
1346,4.442230849805959,13,12,2.168
1347,-23.980101643665066,10,15,2.1879999999999997
1348,4.84960642816649,13,12,2.1759999999999997
1349,-14.367665031020703,11,14,2.168
1350,-14.456462616534775,11,14,2.2560000000000002
1351,-14.537149542582299,11,14,2.21
1352,-5.377825016127827,12,13,2.2599999999999993
1353,-23.137131865649216,10,15,2.258
1354,-34.95511223991413,9,16,2.246
1355,-4.232043972565501,12,13,2.1659999999999995
1356,-13.873664325754774,11,14,2.2540000000000004
1357,-24.358446686299434,10,15,2.318
1358,-14.168170525968694,11,14,2.118
1359,-24.975567306076275,10,15,2.2039999999999997
1360,-13.588192408028455,11,14,2.3139999999999996
1361,-4.276812450370022,12,13,2.2020000000000004
1362,-13.915334844248179,11,14,2.216
1363,-33.831463379210916,9,16,2.2060000000000004
1364,-14.093475795914594,11,14,2.282
1365,-4.319908440907147,12,13,2.186
1366,-23.934403947479225,10,15,2.1420000000000003
1367,-4.451855980475771,12,13,2.286
1368,-4.0001734790068415,12,13,2.2
1369,-4.908690269277056,12,13,2.244
1370,-4.700790881589919,12,13,2.212
1371,4.900775345332221,13,12,2.1319999999999997
1372,14.773863299360897,14,11,2.2460000000000004
1373,-14.557666699888495,11,14,2.17
1374,-4.56503223668418,12,13,2.226
1375,-14.879114880741191,11,14,2.226
1376,-14.675007112043179,11,14,2.2380000000000004
1377,5.9520127638631255,13,12,2.1979999999999995
1378,-4.107007719197254,12,13,2.2139999999999995
1379,-24.676443438070212,10,15,2.17
1380,-4.552947931948054,12,13,2.194
1381,5.746946906156984,13,12,2.2359999999999998
1382,-4.541380341581441,12,13,2.178
1383,5.816712203433491,13,12,2.148
1384,-13.619684195506796,11,14,2.212
1385,-13.823150068393673,11,14,2.286
1386,6.137285231174005,13,12,2.1280000000000006
1387,-3.982413940505623,12,13,2.184
1388,-3.3634039563779385,12,13,2.226
1389,-13.758416243006184,11,14,2.1759999999999997
1390,-14.563020658154052,11,14,2.22
1391,5.761094432942983,13,12,2.182
1392,-15.474578252865243,11,14,2.194
1393,-3.9990459625926285,12,13,2.2859999999999996
1394,16.274259256988202,14,11,2.178
1395,-13.502241795975909,11,14,2.218
1396,-14.165262043064299,11,14,2.28
1397,-14.150361462059486,11,14,2.178
1398,-3.372543567609771,12,13,2.268
1399,-13.777939923846198,11,14,2.168
1400,-13.859982993183042,11,14,2.2080000000000006
1401,-4.160538471115348,12,13,2.2779999999999996
1402,-15.583619824999726,11,14,2.188
1403,-15.406490150120765,11,14,2.2939999999999996
1404,-4.449041418072728,12,13,2.274
1405,-34.457729176960086,9,16,2.2239999999999993
1406,-34.175463234732305,9,16,2.25
1407,15.166701372766628,14,11,2.192
1408,-24.23747046337737,10,15,2.23
1409,-24.681106814120383,10,15,2.272
1410,-14.309403432359236,11,14,2.16
1411,-5.0183149562391485,12,13,2.2640000000000002
1412,5.5224501613221655,13,12,2.332
1413,-4.519682719729905,12,13,2.232
1414,-13.881551774782226,11,14,2.262
1415,-5.069333231621879,12,13,2.2960000000000003
1416,-4.980513419922264,12,13,2.226
1417,-24.63777503733923,10,15,2.162
1418,-14.564881506035823,11,14,2.228
1419,-24.730145447272204,10,15,2.244
1420,-15.253694860426496,11,14,2.2119999999999997
1421,-15.099398508742182,11,14,2.168
1422,-4.0343616749944715,12,13,2.218
1423,-14.509812679268538,11,14,2.35
1424,-4.9457337116795586,12,13,2.2159999999999997
1425,-14.182316683316952,11,14,2.106
1426,-15.313004255467822,11,14,2.2139999999999995
1427,-24.347073239027562,10,15,2.22
1428,-25.098996840971445,10,15,2.232
1429,-4.653355722751675,12,13,2.2600000000000002
1430,-4.288402733533406,12,13,2.188
1431,-24.70447483084783,10,15,2.1699999999999995
1432,5.531974327110428,13,12,2.192
1433,-14.595042122160349,11,14,2.264
1434,-15.229749739310996,11,14,2.222
1435,4.561750945720025,13,12,2.2319999999999998
1436,-14.75722054941255,11,14,2.2539999999999996
1437,-14.413708248836508,11,14,2.328
1438,-15.367111966708197,11,14,2.274
1439,-15.586116749718578,11,14,2.2479999999999998
1440,-5.553844939541424,12,13,2.322
1441,4.9814142945598165,13,12,2.304
1442,-4.224805302226697,12,13,2.214
1443,-14.506258041303797,11,14,2.2820000000000005
1444,-15.341934989748967,11,14,2.2640000000000002
1445,4.0768537365012625,13,12,2.1759999999999997
1446,-5.448509945272269,12,13,2.332
1447,-25.41602409930312,10,15,2.1620000000000004
1448,-14.751849867377548,11,14,2.184
1449,4.6680087057675035,13,12,2.302
1450,-14.889020482840454,11,14,2.156
1451,4.7367535204145845,13,12,2.2039999999999997
1452,15.202419148074734,14,11,2.21
1453,-16.206309342584433,11,14,2.2640000000000002
1454,-15.68681985442568,11,14,2.244
1455,-5.265529570493893,12,13,2.2159999999999997
1456,5.321078796966358,13,12,2.198
1457,-5.329702441869333,12,13,2.124
1458,-14.566956605922137,11,14,2.222
1459,-15.335273447990419,11,14,2.216
1460,13.90786035502658,14,11,2.226
1461,-5.03547532460148,12,13,2.246
1462,4.0201840689984,13,12,2.258
1463,-5.625473053740173,12,13,2.256
1464,5.248869576448948,13,12,2.21
1465,5.460958423094439,13,12,2.184
1466,-14.65538177830068,11,14,2.1860000000000004
1467,-5.525034012641839,12,13,2.2039999999999997
1468,4.6454380838813965,13,12,2.2619999999999996
1469,-15.004814945297866,11,14,2.2059999999999995
1470,-14.740423948269704,11,14,2.206
1471,4.250608394078057,13,12,2.2279999999999998
1472,-5.135673118829511,12,13,2.2980000000000005
1473,-5.121554947810914,12,13,2.2539999999999996
1474,-15.011715494298524,11,14,2.218
1475,-4.862345196241968,12,13,2.2399999999999993
1476,-14.967592026538712,11,14,2.152
1477,-5.466093704480473,12,13,2.202000000000001
1478,-25.009621757836673,10,15,2.2039999999999997
1479,-6.371138680909336,12,13,2.238
1480,-4.837264096476583,12,13,2.216
1481,-15.478669789893871,11,14,2.2619999999999996
1482,-4.583581815043809,12,13,2.1699999999999995
1483,-5.297970056066674,12,13,2.196
1484,-14.326656448959529,11,14,2.1719999999999997
1485,-14.83023305728872,11,14,2.122
1486,-25.336812740968412,10,15,2.3579999999999997
1487,5.693823139592738,13,12,2.19
1488,-5.044378006002917,12,13,2.18
1489,-14.819169630629592,11,14,2.254
1490,-5.4506610540429605,12,13,2.252
1491,-4.646011344803684,12,13,2.2800000000000002
1492,3.5102163047899975,13,12,2.274
1493,15.66422022150031,14,11,2.214
1494,5.39319028177858,13,12,2.24
1495,5.945749983219951,13,12,2.226
1496,4.66340298868734,13,12,2.242
1497,-5.756584950433023,12,13,2.21
1498,4.564892452078082,13,12,2.252
1499,-5.534116189347486,12,13,2.2199999999999998
1500,-15.310822107398243,11,14,2.268
1501,-15.665393957689396,11,14,2.2659999999999996
1502,-4.048751468813906,12,13,2.236
1503,4.782906890121577,13,12,2.2640000000000002
1504,14.05025918669087,14,11,2.188
1505,-5.557545575851069,12,13,2.1919999999999997
1506,-4.9545072845005365,12,13,2.22
1507,-14.33192852082432,11,14,2.3079999999999994
1508,-14.070376955941102,11,14,2.222
1509,-5.282121232350164,12,13,2.248
1510,-5.445113452730677,12,13,2.196
1511,-4.42457135481345,12,13,2.178
1512,5.169720162290645,13,12,2.084
1513,25.391392077512503,15,10,2.274
1514,-5.722711260648445,12,13,2.2
1515,14.297223476601745,14,11,2.2079999999999997
1516,-4.943091124777649,12,13,2.2340000000000004
1517,4.1915844106875495,13,12,2.2399999999999998
1518,-4.927204991793986,12,13,2.238
1519,-16.022217236277232,11,14,2.266
1520,4.636066471511485,13,12,2.284
1521,-14.533588256140947,11,14,2.182
1522,-5.3866168314864815,12,13,2.286
1523,-13.989630766271892,11,14,2.248
1524,6.342824032382621,13,12,2.2399999999999998
1525,4.95958756639342,13,12,2.162
1526,-15.348340351603078,11,14,2.2199999999999998
1527,-14.581425195013962,11,14,2.2079999999999997
1528,4.421384896629688,13,12,2.244
1529,-5.353491485389778,12,13,2.178
1530,-4.721833877831722,12,13,2.1719999999999997
1531,-5.908457253064009,12,13,2.238
1532,5.334012496904606,13,12,2.29
1533,-4.1994629110520645,12,13,2.2380000000000004
1534,5.162370028546876,13,12,2.218
1535,4.126327478100471,13,12,2.2359999999999998
1536,-14.271514312774965,11,14,2.172
1537,-15.60365977268594,11,14,2.226
1538,-24.684910821168035,10,15,2.2439999999999998
1539,-4.683436082057579,12,13,2.1799999999999997
1540,15.851499500072531,14,11,2.22
1541,-5.089504717221053,12,13,2.2439999999999998
1542,-5.2480018660932135,12,13,2.168
1543,-14.111840029030326,11,14,2.178
1544,-25.05482003038018,10,15,2.264
1545,-4.60772729246418,12,13,2.214
1546,5.95006438037414,13,12,2.124
1547,-14.338250735163935,11,14,2.2
1548,-4.34196260325813,12,13,2.2379999999999995
1549,-4.86115761840804,12,13,2.218000000000001
1550,16.02659564444447,14,11,2.1879999999999997
1551,-14.895510827948565,11,14,2.166
1552,-3.8539881969050995,12,13,2.1319999999999997
1553,4.926091184470165,13,12,2.2580000000000005
1554,-5.650463547458273,12,13,2.178
1555,-5.255693933611456,12,13,2.27
1556,4.729729627226233,13,12,2.0460000000000003
1557,-24.18410556281378,10,15,2.2520000000000002
1558,-5.316840904030212,12,13,2.298
1559,4.502235382750175,13,12,2.156
1560,-5.326428937295432,12,13,2.2640000000000002
1561,5.485229634017291,13,12,2.3020000000000005
1562,-4.244912710860273,12,13,2.2139999999999995
1563,-14.661389943829299,11,14,2.234000000000001
1564,-4.964241624596975,12,13,2.2439999999999998
1565,-5.316828554846979,12,13,2.204
1566,-25.05940494660259,10,15,2.294
1567,-5.148911267018107,12,13,2.234
1568,-25.63632054432761,10,15,2.2199999999999998
1569,-15.514781790601788,11,14,2.1480000000000006
1570,-23.98842559542046,10,15,2.232
1571,-6.300555658913954,12,13,2.2060000000000004
1572,4.980649830651165,13,12,2.194
1573,-24.90897896402877,10,15,2.2840000000000003
1574,-4.908573288863948,12,13,2.298
1575,-14.954883367772755,11,14,2.3120000000000003
1576,-14.181750276727598,11,14,2.216
1577,-26.009093878624025,10,15,2.224
1578,4.768649187600898,13,12,2.252
1579,4.495527153820545,13,12,2.2359999999999998
1580,-15.52079287144718,11,14,2.2120000000000006
1581,-25.60502092762629,10,15,2.19
1582,3.7448852618043524,13,12,2.132
1583,4.473067088653041,13,12,2.2119999999999997
1584,-4.962707590843355,12,13,2.22
1585,-16.321692539710025,11,14,2.2640000000000002
1586,5.061391816759713,13,12,2.21
1587,3.6848548734596056,13,12,2.262
1588,-15.28502176730516,11,14,2.262
1589,3.561741069786181,13,12,2.164
1590,3.4729120870638734,13,12,2.164
1591,-16.163392321121737,11,14,2.188
1592,-5.960802826139016,12,13,2.244
1593,5.120776139387305,13,12,2.14
1594,-25.033358078551583,10,15,2.2640000000000002
1595,-16.358975848450985,11,14,2.338
1596,4.595189052483722,13,12,2.14
1597,-6.364160448284647,12,13,2.2660000000000005
1598,3.075896745315678,13,12,2.176
1599,3.510136479275589,13,12,2.2399999999999998
1600,-4.9313175612683136,12,13,2.1979999999999995
1601,3.135468517847151,13,12,2.12
1602,13.043470749203433,14,11,2.154
1603,4.0988819983108655,13,12,2.2479999999999998
1604,13.653849671751576,14,11,2.124
1605,4.607419754909801,13,12,2.1420000000000003
1606,3.3367190625928767,13,12,2.2359999999999998
1607,3.557376337417459,13,12,2.258
1608,-5.611286980785348,12,13,2.234
1609,3.9107905175986275,13,12,2.178
1610,-5.579379481254172,12,13,2.2860000000000005
1611,12.780845407849487,14,11,2.2039999999999997
1612,3.5518880664016432,13,12,2.222
1613,13.793780834865732,14,11,2.1999999999999997
1614,13.347264965848904,14,11,2.1760000000000006
1615,3.7767542187885335,13,12,2.1399999999999997
1616,13.52605652608106,14,11,2.216
1617,2.988745319953253,13,12,2.19
1618,23.57979294927371,15,10,2.2239999999999998
1619,4.370001280083475,13,12,2.246
1620,-6.174051454930044,12,13,2.2359999999999998
1621,23.874152905316294,15,10,2.152
1622,13.788849622736818,14,11,2.286
1623,3.5274223645436216,13,12,2.2459999999999996
1624,3.8920797757270176,13,12,2.18
1625,13.7794921424732,14,11,2.196
1626,3.44595899702421,13,12,2.248
1627,4.139459821726952,13,12,2.102
1628,13.661729536576331,14,11,2.244
1629,3.9652845821172225,13,12,2.116
1630,13.49968577743972,14,11,2.2060000000000004
1631,-7.733551336216844,12,13,2.1420000000000003
1632,13.657797142825176,14,11,2.256
1633,3.759949249028111,13,12,2.162
1634,-6.376169899737814,12,13,2.206
1635,3.445570055440898,13,12,2.194
1636,14.77429910356352,14,11,2.2399999999999998
1637,2.8993478907211205,13,12,2.246
1638,13.400012725965862,14,11,2.224
1639,-6.835391056196077,12,13,2.1759999999999997
1640,2.596707671385408,13,12,2.242
1641,-6.318745797419254,12,13,2.2840000000000003
1642,14.474568249199788,14,11,2.218
1643,2.9161780222475233,13,12,2.2700000000000005
1644,13.09987213073677,14,11,2.1359999999999997
1645,2.8896037307555993,13,12,2.182
1646,3.8666410591725597,13,12,2.29
1647,13.7347952598661,14,11,2.316
1648,4.311060288831648,13,12,2.146
1649,15.05403184044108,14,11,2.292
1650,4.0063379117699505,13,12,2.1480000000000006
1651,13.483962249813162,14,11,2.156
1652,4.092322944399463,13,12,2.242
1653,-7.10065917690087,12,13,2.332
1654,-6.157140827331439,12,13,2.206
1655,2.6604700372438996,13,12,2.16
1656,23.989359634850423,15,10,2.09
1657,13.200101209020056,14,11,2.152
1658,2.4913243830087053,13,12,2.19
1659,-5.174673255047162,12,13,2.196
1660,13.950104062291254,14,11,2.204
1661,13.735610190243627,14,11,2.258
1662,-6.116745767850709,12,13,2.268
1663,2.5416752412124843,13,12,2.2660000000000005
1664,-5.771124946214806,12,13,2.2
1665,33.94330845790143,16,9,2.234
1666,-7.027206934336824,12,13,2.1799999999999997
1667,13.929463853878481,14,11,2.2279999999999998
1668,-16.697024944160503,11,14,2.22
1669,-5.495069966081361,12,13,2.27
1670,-6.480017205130932,12,13,2.234
1671,-5.656130198645137,12,13,2.17
1672,14.21831654157215,14,11,2.274
1673,3.0177757355585424,13,12,2.166
1674,-6.041146998498464,12,13,2.31
1675,-5.776262898494755,12,13,2.252
1676,-17.403869131177093,11,14,2.1919999999999997
1677,-5.756392548855903,12,13,2.2120000000000006
1678,3.055754081362256,13,12,2.318
1679,14.041982009075701,14,11,2.218
1680,-17.08204186283133,11,14,2.218
1681,13.671229489638492,14,11,2.258
1682,13.650231666501716,14,11,2.212
1683,13.112852280154382,14,11,2.302
1684,23.266821819576677,15,10,2.226
1685,3.712250706190055,13,12,2.328
1686,3.201859432682671,13,12,2.2119999999999997
1687,-6.947550906349573,12,13,2.1979999999999995
1688,4.270913708303771,13,12,2.238
1689,4.333087468387328,13,12,2.188
1690,13.344207216852217,14,11,2.2680000000000002
1691,-7.5136550454663436,12,13,2.1340000000000003
1692,2.9679404597393306,13,12,2.1660000000000004
1693,3.548135764240918,13,12,2.196
1694,13.686689552102001,14,11,2.254
1695,-5.818181650177426,12,13,2.218
1696,3.499188549265895,13,12,2.118
1697,14.213388803835324,14,11,2.276
1698,2.981590700528727,13,12,2.1180000000000003
1699,14.16537674709942,14,11,2.154
1700,23.67643067522655,15,10,2.3100000000000005
1701,4.108516854150448,13,12,2.2960000000000003
1702,13.328830813568104,14,11,2.31
1703,3.923882044220347,13,12,2.138
1704,4.299303636245305,13,12,2.228
1705,-6.748123169927084,12,13,2.154
1706,13.269017268773272,14,11,2.1979999999999995
1707,13.760467198959892,14,11,2.216
1708,2.3651600409063676,13,12,2.196
1709,13.436219102583172,14,11,2.15
1710,-6.3330481734132995,12,13,2.308
1711,3.483860405932658,13,12,2.2539999999999996
1712,14.242976962819851,14,11,2.28
1713,3.5383092913334453,13,12,2.338
1714,22.899155639497284,15,10,2.202
1715,3.505261914884519,13,12,2.192
1716,3.064473902710672,13,12,2.218
1717,23.32315828835425,15,10,2.274
1718,3.165809712032134,13,12,2.2119999999999997
1719,13.747245640546131,14,11,2.2199999999999998
1720,4.34999461212149,13,12,2.236
1721,13.302185484914176,14,11,2.1759999999999997
1722,12.845749494012939,14,11,2.216
1723,3.4493928891488093,13,12,2.2520000000000002
1724,3.8866837684001183,13,12,2.278
1725,-6.501993535181125,12,13,2.23
1726,-16.451465331410667,11,14,2.29
1727,-27.082218432259033,10,15,2.17
1728,-16.902768684840883,11,14,2.2079999999999997
1729,3.9292538895457447,13,12,2.306
1730,12.657131551655683,14,11,2.324
1731,23.712925163043167,15,10,2.222
1732,12.821583371182259,14,11,2.1860000000000004
1733,2.527574167965785,13,12,2.168
1734,3.187052078492039,13,12,2.242
1735,-6.214053758973803,12,13,2.2840000000000003
1736,24.43111650950363,15,10,2.2079999999999997
1737,22.947724044224103,15,10,2.2039999999999997
1738,-7.228999922540256,12,13,2.114
1739,-5.950228903957144,12,13,2.2960000000000003
1740,2.7693557689673796,13,12,2.1399999999999997
1741,13.778010280177172,14,11,2.166
1742,-6.35074028112745,12,13,2.2140000000000004
1743,2.1443371081216362,13,12,2.2479999999999998
1744,23.268334289808926,15,10,2.2220000000000004
1745,23.367258355636856,15,10,2.1639999999999997
1746,2.919267144583463,13,12,2.2299999999999995
1747,22.7460188598917,15,10,2.1540000000000004
1748,-5.954676528210586,12,13,2.166
1749,3.2533165350861726,13,12,2.252
1750,3.5805028955729865,13,12,2.19
1751,-6.4543118680758305,12,13,2.21
1752,-7.39650198506071,12,13,2.28
1753,3.6483233376139435,13,12,2.1979999999999995
1754,4.211313297411152,13,12,2.258
1755,-6.85218275105067,12,13,2.226
1756,2.8165197346097504,13,12,2.226
1757,3.8542981392532685,13,12,2.3020000000000005
1758,3.1987619848727835,13,12,2.3080000000000007
1759,-6.334060239318312,12,13,2.1719999999999997
1760,15.029948048975328,14,11,2.256
1761,3.3309945535200587,13,12,2.1599999999999997
1762,3.727851971451898,13,12,2.172
1763,-5.4840069206823765,12,13,2.2100000000000004
1764,3.9712452672921064,13,12,2.2800000000000002
1765,-16.284695471413805,11,14,2.15
1766,-7.717396482243405,12,13,2.272
1767,-6.952457999775593,12,13,2.2479999999999998
1768,3.454923240246906,13,12,2.19
1769,2.8796817130963817,13,12,2.1879999999999997
1770,-6.837715477970088,12,13,2.2139999999999995
1771,3.7644761458608453,13,12,2.3120000000000003
1772,-6.698587872971704,12,13,2.208
1773,-6.051373328770513,12,13,2.2979999999999996
1774,22.644744264558266,15,10,2.19
1775,-7.211182830167804,12,13,2.252
1776,-16.12046951343971,11,14,2.3019999999999996
1777,-5.195625777288967,12,13,2.256
1778,3.7325907102805997,13,12,2.248
1779,-5.161394670416253,12,13,2.2840000000000003
1780,4.229558553062674,13,12,2.3339999999999996
1781,24.256494660545197,15,10,2.2560000000000002
1782,-5.636751938603281,12,13,2.256
1783,-5.5509886860315945,12,13,2.1919999999999997
1784,2.6019828611633775,13,12,2.322
1785,-5.921830876173038,12,13,2.286
1786,14.18480476861702,14,11,2.272
1787,13.923451438934142,14,11,2.2479999999999998
1788,-25.901093453109482,10,15,2.262
1789,-6.489735566446129,12,13,2.162
1790,-5.401212129603332,12,13,2.172
1791,3.405968410723286,13,12,2.286
1792,-6.521739503299548,12,13,2.1439999999999997
1793,3.4244864468333596,13,12,2.3240000000000003
1794,13.470220919124435,14,11,2.272
1795,-16.033643005516893,11,14,2.16
1796,2.8313755723789935,13,12,2.184
1797,13.446879759811635,14,11,2.198
1798,-6.943591396804564,12,13,2.222
1799,-15.696865809846305,11,14,2.116
1800,-6.002790492037877,12,13,2.282
1801,13.299288998650843,14,11,2.2399999999999998
1802,-6.203584299906859,12,13,2.182
1803,-6.645092881405208,12,13,2.198
1804,3.713081151777219,13,12,2.152
1805,-6.6624450778719,12,13,2.21
1806,-6.4845494819171945,12,13,2.186
1807,-5.86961124882405,12,13,2.2359999999999998
1808,-16.799116478025237,11,14,2.1719999999999997
1809,4.248354631255111,13,12,2.326
1810,3.4056257855114787,13,12,2.252
1811,3.715345682945781,13,12,2.1639999999999997
1812,24.11978329334559,15,10,2.252
1813,-6.329739031212796,12,13,2.152
1814,-4.893801929452149,12,13,2.194
1815,-5.62277424549268,12,13,2.2779999999999996
1816,-16.273102187787597,11,14,2.2439999999999998
1817,4.121095192351579,13,12,2.2039999999999997
1818,-6.892363421107952,12,13,2.322
1819,-5.12898584208844,12,13,2.178
1820,4.205739026579901,13,12,2.2359999999999998
1821,-6.080973864875229,12,13,2.1879999999999997
1822,12.560439934400858,14,11,2.2479999999999998
1823,5.168913346817586,13,12,2.28
1824,4.6367047323751684,13,12,2.2639999999999993
1825,14.161139224041749,14,11,2.1439999999999997
1826,14.432936183285594,14,11,2.182
1827,-26.254845137813753,10,15,2.288
1828,13.58482008535745,14,11,2.184
1829,4.405998482913828,13,12,2.306
1830,-4.79861329049443,12,13,2.2619999999999996
1831,12.869025825095772,14,11,2.222
1832,-5.550030633480448,12,13,2.188
1833,-5.478171167755946,12,13,2.316
1834,-15.737812211539536,11,14,2.214
1835,3.5329367977150277,13,12,2.222
1836,12.867118805777338,14,11,2.226
1837,4.44232388348155,13,12,2.1959999999999997
1838,3.848161724486822,13,12,2.12
1839,13.679199761185727,14,11,2.178
1840,3.579851719863793,13,12,2.23
1841,24.05735072313757,15,10,2.2720000000000002
1842,3.101199380790371,13,12,2.1879999999999997
1843,13.709622788974894,14,11,2.3280000000000003
1844,-6.324053687787412,12,13,2.25
1845,-7.469049103070784,12,13,2.184
1846,-7.142443314589613,12,13,2.19
1847,-6.610840230105023,12,13,2.194
1848,-5.7127195770832415,12,13,2.2800000000000002
1849,-5.834651277361981,12,13,2.218
1850,-5.950587422766318,12,13,2.192
1851,13.747397132238042,14,11,2.194
1852,-6.3580453861048785,12,13,2.194
1853,14.233651774346123,14,11,2.198
1854,-15.743354520828031,11,14,2.156
1855,-6.992772873902043,12,13,2.188
1856,-5.682995549719001,12,13,2.2300000000000004
1857,-6.187204812151496,12,13,2.162
1858,-15.735209444271165,11,14,2.1700000000000004
1859,4.573079939626206,13,12,2.2139999999999995
1860,-5.906471430003008,12,13,2.06
1861,4.3380667831360995,13,12,2.242
1862,-15.7117709052519,11,14,2.25
1863,4.532525162701995,13,12,2.1919999999999997
1864,-5.704098096730668,12,13,2.1439999999999997
1865,4.620210003050005,13,12,2.244
1866,4.40924292058873,13,12,2.248
1867,5.256787338713055,13,12,2.2279999999999998
1868,-5.216485703057484,12,13,2.2159999999999997
1869,4.136800589801863,13,12,2.3159999999999994
1870,-5.49328000736149,12,13,2.3239999999999994
1871,13.588325768726872,14,11,2.19
1872,14.053308220603835,14,11,2.2260000000000004
1873,-5.656622254767788,12,13,2.2539999999999996
1874,-5.746420143741991,12,13,2.168
1875,4.32191666968985,13,12,2.216
1876,13.920136847061794,14,11,2.21
1877,-15.99744296238763,11,14,2.184
1878,4.401000237069194,13,12,2.228
1879,14.209309490281882,14,11,2.23
1880,14.693632750835413,14,11,2.224
1881,3.9752285966723107,13,12,2.316
1882,5.254410037349136,13,12,2.226
1883,4.658583504096095,13,12,2.278
1884,-6.291058947655213,12,13,2.1599999999999997
1885,4.332709665453331,13,12,2.3019999999999996
1886,-5.253109571814305,12,13,2.282
1887,4.154426615925715,13,12,2.198
1888,4.5596003846471165,13,12,2.216
1889,4.859477584370746,13,12,2.2479999999999998
1890,3.017722555347966,13,12,2.3179999999999996
1891,4.618475179422131,13,12,2.136
1892,14.730330079425627,14,11,2.2980000000000005
1893,13.910317098006798,14,11,2.168
1894,-5.520500428926766,12,13,2.2000000000000006
1895,14.52280322932545,14,11,2.2120000000000006
1896,4.906397240928111,13,12,2.19
1897,-5.638318711608834,12,13,2.178
1898,4.606427653743287,13,12,2.258
1899,-15.770763877546798,11,14,2.3020000000000005
1900,4.966509413040644,13,12,2.236
1901,13.642223664008654,14,11,2.216
1902,-5.319189927536862,12,13,2.2039999999999997
1903,-4.879000405453969,12,13,2.246
1904,3.6088170902697794,13,12,2.224
1905,3.7957275590893413,13,12,2.226
1906,-5.4667210891093205,12,13,2.232
1907,-6.344748319627554,12,13,2.2560000000000002
1908,4.321248843790662,13,12,2.218
1909,-5.954849433140653,12,13,2.228
1910,14.123157928921877,14,11,2.272
1911,-6.090097557758845,12,13,2.182
1912,12.883541820811747,14,11,2.1940000000000004
1913,14.708457605935815,14,11,2.14
1914,4.746266453062006,13,12,2.1740000000000004
1915,-15.481606308524869,11,14,2.1959999999999997
1916,-5.463773232358926,12,13,2.238
1917,-16.378221921221296,11,14,2.3200000000000003
1918,3.902010201917614,13,12,2.2260000000000004
1919,4.6505456454458916,13,12,2.258
1920,3.434967967366233,13,12,2.202
1921,15.593027672262991,14,11,2.194
1922,13.71381042210833,14,11,2.22
1923,12.625164251449585,14,11,2.1639999999999997
1924,4.063193858520234,13,12,2.186
1925,13.178532875077916,14,11,2.21
1926,14.000609160400098,14,11,2.2100000000000004
1927,13.481478807450637,14,11,2.25
1928,-5.504560561739217,12,13,2.192
1929,15.164011183319346,14,11,2.25
1930,4.051898829738679,13,12,2.266
1931,4.481339114454396,13,12,2.198
1932,4.238911576046128,13,12,2.254
1933,4.720676082244079,13,12,2.0940000000000003
1934,-5.010603973421171,12,13,2.2560000000000002
1935,5.30662121134235,13,12,2.284
1936,4.1525148952157585,13,12,2.15
1937,-5.507255423079727,12,13,2.2339999999999995
1938,-15.240267277117564,11,14,2.242
1939,4.789001596136249,13,12,2.152
1940,-5.413238794951459,12,13,2.194
1941,-5.370813988829733,12,13,2.186
1942,14.544908951561254,14,11,2.176
1943,14.541248051171905,14,11,2.262
1944,15.305197758873511,14,11,2.2640000000000002
1945,-6.082962177195486,12,13,2.2199999999999998
1946,4.574158038911213,13,12,2.206
1947,-15.541608850142556,11,14,2.2579999999999996
1948,5.007164869904203,13,12,2.168
1949,-5.3779974570376545,12,13,2.274
1950,14.383423553626981,14,11,2.3280000000000003
1951,5.002836163341692,13,12,2.194
1952,-5.363291779505884,12,13,2.274
1953,-5.1445293713396865,12,13,2.234
1954,-15.010895275211219,11,14,2.198
1955,14.941701271436187,14,11,2.2080000000000006
1956,-25.74903574619264,10,15,2.1480000000000006
1957,-15.31390116862775,11,14,2.254
1958,14.92193408228546,14,11,2.188
1959,3.991971715425155,13,12,2.3100000000000005
1960,4.580828869213525,13,12,2.24
1961,5.293354096453694,13,12,2.2039999999999997
1962,4.433182224909752,13,12,2.262
1963,-4.695476220209484,12,13,2.2640000000000002
1964,-6.160636134834698,12,13,2.2540000000000004
1965,-14.882039005527634,11,14,2.288
1966,-14.822434952487134,11,14,2.2
1967,-3.963763809395868,12,13,2.2920000000000003
1968,-15.71233281483872,11,14,2.2600000000000002
1969,-4.8996412546526,12,13,2.13
1970,-5.199615679424859,12,13,2.266
1971,-14.762217000617692,11,14,2.232
1972,-5.555007735614895,12,13,2.23
1973,5.664092416339944,13,12,2.3299999999999996
1974,-14.413961870615427,11,14,2.254
1975,-3.550564504729266,12,13,2.292
1976,-5.799176185301805,12,13,2.152
1977,5.1440119863231,13,12,2.1660000000000004
1978,-4.087361549470874,12,13,2.196
1979,-14.746663500626429,11,14,2.1860000000000004
1980,-4.470499143789372,12,13,2.306
1981,5.873383722248729,13,12,2.2039999999999997
1982,-14.302576908346097,11,14,2.182
1983,-14.47746175592063,11,14,2.2879999999999994
1984,-15.017642707947585,11,14,2.2720000000000002
1985,-24.561685939315506,10,15,2.25
1986,-14.255405342338545,11,14,2.27
1987,-4.329395468470391,12,13,2.2039999999999997
1988,-14.626741912001354,11,14,2.24
1989,-25.78055188095404,10,15,2.128
1990,-4.6161115057545565,12,13,2.134
1991,-4.521284746113828,12,13,2.184
1992,-14.64853004752018,11,14,2.1819999999999995
1993,-4.829437845022419,12,13,2.23
1994,-4.094052441769366,12,13,2.0460000000000003
1995,-14.60267509081434,11,14,2.2920000000000003
1996,-4.03564578407433,12,13,2.212
1997,-13.695451497170193,11,14,2.2399999999999998
1998,-15.292530440466038,11,14,2.2680000000000002
1999,-4.682972945011802,12,13,2.2700000000000005
2000,-4.019726531594117,12,13,2.278
2001,4.972817108052022,13,12,2.1999999999999997
2002,-15.154978930145553,11,14,2.268
2003,-24.612854569520493,10,15,2.178
2004,-14.766890555510908,11,14,2.2140000000000004
2005,-14.226028641295688,11,14,2.222
2006,-4.708788198529016,12,13,2.224
2007,-5.066181299695046,12,13,2.26
2008,-15.088365239799762,11,14,2.248
2009,-15.317829731990027,11,14,2.1979999999999995
2010,-4.91090694605424,12,13,2.286
2011,-13.94784293455068,11,14,2.258
2012,5.244745365164572,13,12,2.18
2013,4.979304026223012,13,12,2.226
2014,-4.388054185544423,12,13,2.2
2015,-14.598606076341106,11,14,2.2620000000000005
2016,-3.9304270259544474,12,13,2.17
2017,-5.182180509465049,12,13,2.19
2018,5.466911794838072,13,12,2.172
2019,4.807460954440426,13,12,2.2540000000000004
2020,-4.614001946310479,12,13,2.2239999999999998
2021,-5.0219729762550465,12,13,2.128
2022,4.954385549679205,13,12,2.232
2023,15.268536627129212,14,11,2.1719999999999997
2024,-4.112212022273853,12,13,2.1959999999999997
2025,4.210331552650866,13,12,2.2140000000000004
2026,-15.32789646781218,11,14,2.2979999999999996
2027,-4.7017905719735165,12,13,2.184
2028,-5.144066070192832,12,13,2.274
2029,-4.368378688325446,12,13,2.206
2030,-14.489402580919048,11,14,2.25
2031,-4.599838818625503,12,13,2.2199999999999998
2032,-4.819317695699535,12,13,2.228
2033,-4.964463355070912,12,13,2.302
2034,5.832133803903373,13,12,2.242
2035,-5.422613436888783,12,13,2.2139999999999995
2036,5.417652641414696,13,12,2.1420000000000003
2037,-3.987096457161792,12,13,2.126
2038,5.979116370620698,13,12,2.1639999999999997
2039,5.449372377574496,13,12,2.208
2040,4.679060382221472,13,12,2.088
2041,-4.745177158760248,12,13,2.248
2042,-5.5044494221889435,12,13,2.238
2043,6.160508757331451,13,12,2.146
2044,14.740560707364482,14,11,2.216
2045,-14.694101934608316,11,14,2.126
2046,4.88642228121398,13,12,2.054
2047,5.034511941544707,13,12,2.214
2048,-15.641809893875307,11,14,2.1879999999999997
2049,-14.569756438638295,11,14,2.154
2050,-14.525968753699818,11,14,2.132
2051,-5.095051878852073,12,13,2.158
2052,4.7922946286462835,13,12,2.2520000000000002
2053,-4.773425879221724,12,13,2.252
2054,-5.467874278207656,12,13,2.1420000000000003
2055,-4.68343677657602,12,13,2.1480000000000006
2056,14.86586912875387,14,11,2.2020000000000004
2057,-4.7264446390392205,12,13,2.2
2058,-4.961738616708045,12,13,2.154
2059,-5.369138796602295,12,13,2.256
2060,5.127563826709583,13,12,2.1380000000000003
2061,-5.0926202615963785,12,13,2.354
2062,4.547229311155039,13,12,2.194
2063,-5.206222106330067,12,13,2.256
2064,-14.878044069285643,11,14,2.232
2065,-5.50350842193911,12,13,2.23
2066,5.821569056849073,13,12,2.124
2067,4.771461688585063,13,12,2.2060000000000004
2068,14.642478832046825,14,11,2.252
2069,-25.666154997823867,10,15,2.2439999999999998
2070,4.370936957890338,13,12,2.2039999999999997
2071,14.580253686321567,14,11,2.1759999999999997
2072,-15.080751983288753,11,14,2.22
2073,15.040801625024503,14,11,2.27
2074,3.8879945963766485,13,12,2.232
2075,-5.649648935004857,12,13,2.2640000000000002
2076,6.236574135142284,13,12,2.2979999999999996
2077,4.988813621631554,13,12,2.1380000000000003
2078,-3.9109254496896675,12,13,2.05
2079,5.245534612126066,13,12,2.274
2080,15.987224598442124,14,11,2.1380000000000003
2081,4.659121224257465,13,12,2.234
2082,15.0871214549278,14,11,2.222
2083,-4.872275116832238,12,13,2.19
2084,5.109302626580206,13,12,2.156
2085,-15.460104494422728,11,14,2.1500000000000004
2086,-3.8653027707889525,12,13,2.2199999999999998
2087,5.757918072448558,13,12,2.2
2088,5.61635216104729,13,12,2.258
2089,-15.062272281859572,11,14,2.274
2090,-14.856032183108244,11,14,2.276
2091,-13.988955643295716,11,14,2.282
2092,5.350589817034566,13,12,2.218
2093,5.592350591156508,13,12,2.222
2094,-5.174481619864519,12,13,2.202
2095,-4.218644542468451,12,13,2.134
2096,-4.633997889207253,12,13,2.2219999999999995
2097,4.454953601877351,13,12,2.268
2098,5.354318561459161,13,12,2.104
2099,26.206537401246038,15,10,2.1879999999999997
2100,-3.959259595270197,12,13,2.168
2101,-14.587124446638239,11,14,2.194
2102,15.034530538952097,14,11,2.152
2103,4.9546709413999,13,12,2.1780000000000004
2104,-14.688049609181512,11,14,2.284
2105,5.330715945049153,13,12,2.2299999999999995
2106,-4.728607901865386,12,13,2.254
2107,-15.153273342099205,11,14,2.2439999999999998
2108,-4.509184669294507,12,13,2.152
2109,5.057093477035588,13,12,2.1900000000000004
2110,5.60224820668552,13,12,2.238
2111,-4.784610588221163,12,13,2.3000000000000003
2112,5.621649504705683,13,12,2.2760000000000002
2113,-25.255383898877252,10,15,2.1120000000000005
2114,5.3492633371584635,13,12,2.186
2115,-4.51780665049597,12,13,2.294
2116,5.244168498035934,13,12,2.184
2117,15.063601071141136,14,11,2.27
2118,4.9093344751707715,13,12,2.244
2119,15.41735145388785,14,11,2.2159999999999997
2120,-5.059606225212001,12,13,2.17
2121,16.09824182858469,14,11,2.206
2122,5.101454843513574,13,12,2.2020000000000004
2123,5.547267761743777,13,12,2.208
2124,-5.213586449731681,12,13,2.17
2125,-4.882198002626971,12,13,2.2199999999999998
2126,-4.586658123022017,12,13,2.156
2127,-4.3835015193989815,12,13,2.23
2128,3.8773446774964375,13,12,2.196
2129,-4.785250141209085,12,13,2.2000000000000006
2130,4.232625500910471,13,12,2.268
2131,-5.122492444921836,12,13,2.1960000000000006
2132,-4.677285892225523,12,13,2.226
2133,-5.747865680133007,12,13,2.2359999999999998
2134,-5.688207526887567,12,13,2.1060000000000003
2135,5.255957975006899,13,12,2.278
2136,-5.3884693971369,12,13,2.238
2137,-4.911697298329978,12,13,2.37
2138,-4.943645414068868,12,13,2.2379999999999995
2139,6.078531877021529,13,12,2.226
2140,-3.84830632708632,12,13,2.2039999999999997
2141,-5.118388048931699,12,13,2.264
2142,-4.107578233155557,12,13,2.2119999999999997
2143,5.646700017131847,13,12,2.2020000000000004
2144,5.721841117249403,13,12,2.2119999999999997
2145,-4.771532983343654,12,13,2.1319999999999997
2146,5.9892555437953146,13,12,2.156
2147,5.722540093713938,13,12,2.246
2148,-4.744312624586245,12,13,2.2179999999999995
2149,-4.496306809942542,12,13,2.216
2150,4.98068896751302,13,12,2.1480000000000006
2151,15.75545267851612,14,11,2.2359999999999998
2152,15.82611020962255,14,11,2.184
2153,26.17813269301739,15,10,2.218
2154,-4.422146227152766,12,13,2.226
2155,15.5163144881575,14,11,2.1879999999999997
2156,5.236991973442974,13,12,2.2439999999999998
2157,-14.281183742737536,11,14,2.194
2158,6.78231629014717,13,12,2.186
2159,-5.033059501586791,12,13,2.34
2160,-14.471601718279771,11,14,2.154
2161,5.409813090711326,13,12,2.278
2162,-4.33675212955689,12,13,2.268
2163,5.944830990225469,13,12,2.2779999999999996
2164,-4.205432692214149,12,13,2.232
2165,-14.561916239073499,11,14,2.242
2166,-3.8818566268905546,12,13,2.242
2167,-4.356624485972985,12,13,2.184
2168,-4.01444438405216,12,13,2.1420000000000003
2169,-14.533231258191384,11,14,2.152
2170,-3.5446392740929866,12,13,2.18
2171,15.653937277252119,14,11,2.24
2172,5.5821207018339365,13,12,2.262
2173,16.305874272424145,14,11,2.144
2174,-4.244670258698232,12,13,2.23
2175,6.688033468549903,13,12,2.182
2176,-14.384682616090966,11,14,2.2640000000000002
2177,-4.3730020395836355,12,13,2.288
2178,5.787793215239347,13,12,2.1660000000000004
2179,-4.1588757922346975,12,13,2.18
2180,15.276958197667014,14,11,2.19
2181,6.243251693319383,13,12,2.212
2182,6.286453521801544,13,12,2.2939999999999996
2183,-4.550420764889555,12,13,2.186
2184,-5.077076535299584,12,13,2.2079999999999997
2185,5.450210641232108,13,12,2.2199999999999998
2186,5.256579280677304,13,12,2.2119999999999997
2187,-4.299639234100173,12,13,2.108
2188,-5.118891193428451,12,13,2.1719999999999997
2189,5.508652609453399,13,12,2.316
2190,5.729898314378495,13,12,2.358
2191,5.659177443240381,13,12,2.3280000000000003
2192,5.1627941337328025,13,12,2.278
2193,5.34350767440397,13,12,2.2199999999999998
2194,5.393233874712216,13,12,2.29
2195,4.5439986723887635,13,12,2.204
2196,-4.6939815052621725,12,13,2.1979999999999995
2197,5.95582788276929,13,12,2.128
2198,6.253480434223032,13,12,2.252
2199,-4.888369662308801,12,13,2.21
2200,16.068978345098166,14,11,2.2340000000000004
2201,-4.0589264511450445,12,13,2.2
2202,-4.732123862488393,12,13,2.18
2203,-3.6704143089962322,12,13,2.178
2204,4.995099891239754,13,12,2.188
2205,-4.699744919309989,12,13,2.2399999999999998
2206,-4.146101907284937,12,13,2.27
2207,6.346462601812149,13,12,2.366
2208,-4.48985449030071,12,13,2.3440000000000003
2209,-4.225407758941001,12,13,2.15
2210,-14.08840768374401,11,14,2.2319999999999998
2211,5.430924156176758,13,12,2.2879999999999994
2212,15.221418840823686,14,11,2.3
2213,6.031910411498075,13,12,2.2239999999999998
2214,5.7016867966658324,13,12,2.282
2215,5.114491913230378,13,12,2.1420000000000003
2216,-5.1980102258023555,12,13,2.274
2217,-14.636405493169708,11,14,2.2399999999999998
2218,15.713839263434302,14,11,2.2180000000000004
2219,5.1238821922937205,13,12,2.2239999999999998
2220,-4.045856601308692,12,13,2.216
2221,-4.384334959852426,12,13,2.2859999999999996
2222,-4.62608770582186,12,13,2.208
2223,-14.022806273139004,11,14,2.3259999999999996
2224,6.0123457045812,13,12,2.2079999999999997
2225,-15.743378219551053,11,14,2.2500000000000004
2226,-4.290294418032674,12,13,2.344
2227,5.412772775804534,13,12,2.1260000000000003
2228,4.412370228348724,13,12,2.214
2229,-14.722415688664807,11,14,2.284
2230,5.171090956682546,13,12,2.228
2231,-4.933481456258347,12,13,2.256
2232,3.4670498069647264,13,12,2.16
2233,-5.08088935463065,12,13,2.1940000000000004
2234,14.800427580140537,14,11,2.2800000000000002
2235,15.098704607981377,14,11,2.14
2236,5.193702255909299,13,12,2.27
2237,14.802526968855151,14,11,2.25
2238,-4.544301064760859,12,13,2.274
2239,-4.940510479034713,12,13,2.2860000000000005
2240,-5.265850070753333,12,13,2.31
2241,15.649203509979424,14,11,2.2139999999999995
2242,-4.703207586735279,12,13,2.256
2243,4.707548363129966,13,12,2.2
2244,-5.031457499902697,12,13,2.122
2245,-24.28884611262999,10,15,2.22
2246,4.899698928489698,13,12,2.246
2247,4.901030388706966,13,12,2.2219999999999995
2248,4.511772342310344,13,12,2.2400000000000007
2249,5.350230965495214,13,12,2.2500000000000004
2250,-4.1145029830002855,12,13,2.3559999999999994
2251,-14.426136067561771,11,14,2.294
2252,4.028375366979096,13,12,2.138
2253,-5.129606406880333,12,13,2.2079999999999997
2254,-4.870096598052468,12,13,2.146
2255,-3.957451560576713,12,13,2.128
2256,-4.8154051372072235,12,13,2.234
2257,-14.76834055583204,11,14,2.218
2258,5.15161960090254,13,12,2.2280000000000006
2259,-4.568888076807019,12,13,2.1719999999999997
2260,-4.911131049558321,12,13,2.2640000000000002
2261,15.57941771388083,14,11,2.2479999999999998
2262,-15.063978598857759,11,14,2.278
2263,-14.589176396498019,11,14,2.156
2264,15.185416201027614,14,11,2.1979999999999995
2265,-5.558708766892856,12,13,2.326
2266,-4.416399387434943,12,13,2.2220000000000004
2267,-5.13337615258526,12,13,2.178
2268,4.37989762247329,13,12,2.22
2269,-5.144890972673661,12,13,2.2060000000000004
2270,14.855754341213714,14,11,2.226
2271,-6.096368026879543,12,13,2.286
2272,4.443501330242869,13,12,2.1719999999999997
2273,-14.926877324205044,11,14,2.1340000000000003
2274,5.328112589516019,13,12,2.148
2275,-6.264985697955021,12,13,2.1399999999999997
2276,-6.481867635611383,12,13,2.242
2277,15.10089637399863,14,11,2.196
2278,4.223992453610229,13,12,2.1320000000000006
2279,-5.327421581076434,12,13,2.3040000000000003
2280,13.623102255566646,14,11,2.2019999999999995
2281,5.545325367542606,13,12,2.162
2282,14.601922844390538,14,11,2.18
2283,14.62199936493708,14,11,2.228
2284,4.33846455887954,13,12,2.226
2285,4.227419533848039,13,12,2.2
2286,15.590240747898147,14,11,2.2340000000000004
2287,14.13306495275744,14,11,2.208
2288,5.039774509679818,13,12,2.22
2289,4.6640815642247375,13,12,2.182
2290,-5.855215546698229,12,13,2.262
2291,4.462555815230463,13,12,2.212
2292,4.40600677241656,13,12,2.186000000000001
2293,5.923088865310927,13,12,2.2319999999999998
2294,4.69097821697831,13,12,2.1940000000000004
2295,4.415887023427437,13,12,2.276
2296,-15.919204605801319,11,14,2.162
2297,5.274570822148863,13,12,2.2600000000000007
2298,24.578903653649867,15,10,2.1719999999999997
2299,14.540645879833324,14,11,2.206
2300,25.711609204365264,15,10,2.3520000000000003
2301,5.698599417567003,13,12,2.1239999999999997
2302,-4.0341915212012065,12,13,2.212
2303,15.154256510600902,14,11,2.17
2304,3.457704840702327,13,12,2.2040000000000006
2305,4.749364738476974,13,12,2.2660000000000005
2306,5.0048246972621815,13,12,2.2479999999999998
2307,14.52871817656008,14,11,2.2319999999999998
2308,-5.934555142610993,12,13,2.184
2309,-4.758098577466772,12,13,2.304
2310,16.034961146524708,14,11,2.242
2311,4.290795023130649,13,12,2.2800000000000002
2312,5.990549632280441,13,12,2.2380000000000004
2313,4.733636745992211,13,12,2.128
2314,-5.701977027243078,12,13,2.248
2315,15.702766359881426,14,11,2.268
2316,4.201719703508958,13,12,2.216
2317,15.013267613336708,14,11,2.23
2318,24.152815097258333,15,10,2.334
2319,14.644800282764026,14,11,2.206
2320,4.529760975646974,13,12,2.198
2321,5.731365702691377,13,12,2.22
2322,24.70243958341635,15,10,2.294
2323,-5.4042055634977935,12,13,2.1999999999999997
2324,24.887413861215496,15,10,2.2380000000000004
2325,-5.640022588739875,12,13,2.3240000000000003
2326,14.43092804804374,14,11,2.3019999999999996
2327,15.494180843731831,14,11,2.2319999999999998
2328,-5.299297639454682,12,13,2.2600000000000007
2329,5.174378808476469,13,12,2.27
2330,5.309959247315894,13,12,2.196
2331,4.389246661159916,13,12,2.2940000000000005
2332,4.90672557212209,13,12,2.186
2333,14.193328378561755,14,11,2.316
2334,5.099801847567498,13,12,2.162
2335,-4.467647149676521,12,13,2.214
2336,-4.284349749587086,12,13,2.16
2337,5.036847335787066,13,12,2.206
2338,-15.143617185738734,11,14,2.196
2339,5.062852080663497,13,12,2.162
2340,14.600011166452273,14,11,2.324
2341,-5.361484554214789,12,13,2.184
2342,-4.784148517675671,12,13,2.2600000000000002
2343,-4.90940198221822,12,13,2.1700000000000004
2344,-4.831981841998122,12,13,2.232
2345,5.110051141120689,13,12,2.258
2346,5.018984051135201,13,12,2.1799999999999997
2347,-4.466264476452173,12,13,2.2620000000000005
2348,5.0766288869646115,13,12,2.15
2349,14.120701758369092,14,11,2.29
2350,-5.328390805096028,12,13,2.2520000000000002
2351,-6.017201069161063,12,13,2.1260000000000003
2352,14.271674392171407,14,11,2.284
2353,5.411499426326063,13,12,2.186
2354,15.01943643841837,14,11,2.25
2355,15.523151520451297,14,11,2.2439999999999998
2356,4.5282828538722555,13,12,2.252
2357,14.896588972525258,14,11,2.2640000000000002
2358,14.880966836685065,14,11,2.198
2359,4.4266119027880535,13,12,2.1260000000000003
2360,14.412594383283459,14,11,2.322
2361,4.153971712839581,13,12,2.226
2362,-4.648282371016332,12,13,2.2359999999999998
2363,5.050532680794976,13,12,2.274
2364,14.859633449109184,14,11,2.258
2365,4.461822332163125,13,12,2.1479999999999997
2366,15.000649139278176,14,11,2.19
2367,-5.75688539780775,12,13,2.178
2368,4.915205691798333,13,12,2.21
2369,5.099258116831027,13,12,2.134
2370,15.2625087325263,14,11,2.246
2371,5.89375492433191,13,12,2.286
2372,5.504576464986436,13,12,2.274
2373,15.09848230936495,14,11,2.228
2374,15.140918335053563,14,11,2.2619999999999996
2375,5.295886857806671,13,12,2.2039999999999997
2376,24.894232825334768,15,10,2.2359999999999998
2377,24.613004257902226,15,10,2.292
2378,5.03040498435924,13,12,2.22
2379,-5.242371888137003,12,13,2.096
2380,15.471216277148358,14,11,2.152
2381,-4.838569269793112,12,13,2.312
2382,5.242365807165431,13,12,2.232
2383,5.514750165501116,13,12,2.306
2384,15.181692560419636,14,11,2.314
2385,14.362411644841934,14,11,2.196
2386,-4.323265374846617,12,13,2.136
2387,26.041563059041316,15,10,2.194
2388,5.682550722340359,13,12,2.12
2389,4.739587939871725,13,12,2.312
2390,5.288346507572532,13,12,2.2360000000000007
2391,-14.412321887393698,11,14,2.244
2392,5.133801574785675,13,12,2.2459999999999996
2393,5.782814937381062,13,12,2.2880000000000003
2394,15.666005813138302,14,11,2.2760000000000007
2395,6.028448148836933,13,12,2.162
2396,4.427192774867677,13,12,2.308
2397,-4.229881125206905,12,13,2.194
2398,15.247223352610671,14,11,2.202
2399,5.297149568714976,13,12,2.222
2400,-14.634775337136018,11,14,2.2359999999999998
2401,3.960928283400051,13,12,2.25
2402,24.393276620632832,15,10,2.1900000000000004
2403,5.9667117035848545,13,12,2.174
2404,5.44699775998269,13,12,2.192
2405,-4.6841948628692744,12,13,2.114
2406,4.964907567978275,13,12,2.322
2407,5.38225282404334,13,12,2.268
2408,15.930771127074781,14,11,2.202
2409,5.233695767890141,13,12,2.29
2410,-4.238586771386963,12,13,2.146
2411,5.2399198705478955,13,12,2.15
2412,5.382841059379173,13,12,2.164
2413,5.972065533096078,13,12,2.274
2414,5.253595174085206,13,12,2.232
2415,4.91387098037236,13,12,2.196
2416,5.000554572583587,13,12,2.212
2417,4.875988023384087,13,12,2.286
2418,5.436119240487443,13,12,2.258
2419,5.608421666939863,13,12,2.238
2420,-5.040063664182782,12,13,2.2159999999999997
2421,5.533283293420686,13,12,2.188
2422,5.032694806427617,13,12,2.154
2423,15.262035144536238,14,11,2.286
2424,4.901723303713917,13,12,2.222
2425,15.268288672511185,14,11,2.2619999999999996
2426,-4.519034375715896,12,13,2.254
2427,-5.558591620480621,12,13,2.1900000000000004
2428,-4.746953161871211,12,13,2.226
2429,-14.582549310829167,11,14,2.222
2430,5.324321518486389,13,12,2.258
2431,5.6902237272395375,13,12,2.31
2432,4.737365422451626,13,12,2.22
2433,-4.500977795425724,12,13,2.2399999999999998
2434,-4.544408926422843,12,13,2.2660000000000005
2435,-3.8842382573042897,12,13,2.3080000000000007
2436,-14.44493852027685,11,14,2.2359999999999998
2437,5.542973853938486,13,12,2.274
2438,-24.426735761737227,10,15,2.2279999999999998
2439,5.579185082783463,13,12,2.2440000000000007
2440,-4.95419544298899,12,13,2.294
2441,-14.423184547905777,11,14,2.306
2442,5.590816003925562,13,12,2.2399999999999998
2443,5.598989596375423,13,12,2.198
2444,5.145050405843547,13,12,2.272
2445,15.440045193801774,14,11,2.274
2446,5.150508530522686,13,12,2.2619999999999996
2447,4.710600163086271,13,12,2.236
2448,5.441255511336353,13,12,2.192
2449,6.12890290778158,13,12,2.19
2450,16.149486596562774,14,11,2.1920000000000006
2451,5.511601390162124,13,12,2.2520000000000002
2452,5.662678603534427,13,12,2.168
2453,24.968333301414965,15,10,2.194
2454,-4.918815372431803,12,13,2.232
2455,15.50428171310694,14,11,2.156
2456,-5.646758122497891,12,13,2.2399999999999998
2457,-25.055105626509118,10,15,2.2880000000000003
2458,4.933049693703209,13,12,2.338
2459,6.245834559308896,13,12,2.174
2460,-5.132181881390333,12,13,2.246
2461,-4.411275021647599,12,13,2.194
2462,-4.278001699417587,12,13,2.126
2463,-4.133677996165122,12,13,2.252
2464,-5.220552411395124,12,13,2.162
2465,14.888304932337677,14,11,2.222
2466,-5.59878546330404,12,13,2.1700000000000004
2467,24.799732544034274,15,10,2.198
2468,4.9674825333866846,13,12,2.1399999999999997
2469,4.6779715224958025,13,12,2.162
2470,5.1885984449087506,13,12,2.1719999999999997
2471,5.1794711291045346,13,12,2.238
2472,-5.115957226231355,12,13,2.2060000000000004
2473,-5.778967818926915,12,13,2.214
2474,15.661006318455014,14,11,2.214
2475,5.3330692188996895,13,12,2.152
2476,4.424131139814744,13,12,2.202
2477,-5.396577906585717,12,13,2.194
2478,-4.312679817396045,12,13,2.232
2479,5.630574115570994,13,12,2.2920000000000003
2480,15.361841840213526,14,11,2.282
2481,4.341083037192624,13,12,2.3440000000000003
2482,15.266928939191914,14,11,2.2400000000000007
2483,15.587887377883318,14,11,2.1740000000000004
2484,5.612850212013036,13,12,2.2199999999999998
2485,4.962484267122193,13,12,2.232
2486,4.952202614956558,13,12,2.168
2487,4.727982222721863,13,12,2.224
2488,-15.27884701853398,11,14,2.258
2489,14.84747251952454,14,11,2.254
2490,5.601834642642197,13,12,2.2340000000000004
2491,-5.752112468666269,12,13,2.186
2492,-14.945590809932302,11,14,2.2359999999999998
2493,5.43124483021651,13,12,2.166
2494,5.0836857306029195,13,12,2.3300000000000005
2495,-15.136008176211408,11,14,2.1900000000000004
2496,-15.39764505214199,11,14,2.154
2497,15.839565098288535,14,11,2.1819999999999995
2498,15.795005318146863,14,11,2.198
2499,14.841661811977136,14,11,2.2199999999999998
2500,-4.833281768584188,12,13,2.1800000000000006
2501,5.240695756405822,13,12,2.25
2502,4.715084333725896,13,12,2.3120000000000003
2503,14.428227259763196,14,11,2.1940000000000004
2504,5.4483761819180305,13,12,2.232
2505,6.109574270287148,13,12,2.228
2506,-15.251783274205785,11,14,2.228
2507,-14.562967078378405,11,14,2.2899999999999996
2508,5.064017249755274,13,12,2.1900000000000004
2509,-4.831335027595323,12,13,2.206
2510,-5.024594465702611,12,13,2.248
2511,4.563017572076406,13,12,2.232
2512,-15.03643847524886,11,14,2.228
2513,5.284667452774004,13,12,2.17
2514,-14.519880788289942,11,14,2.178
2515,5.284130492245492,13,12,2.158
2516,14.743227942384912,14,11,2.118
2517,-4.764225169466249,12,13,2.254
2518,4.58630462899991,13,12,2.286
2519,15.588622002032597,14,11,2.334
2520,4.603092813977943,13,12,2.18
2521,-4.291052212239292,12,13,2.242
2522,-14.7121267825467,11,14,2.1900000000000004
2523,15.088821436875403,14,11,2.276
2524,-5.505997687265356,12,13,2.174
2525,4.479266043953402,13,12,2.228
2526,4.876085442559027,13,12,2.2860000000000005
2527,5.110576354503753,13,12,2.24
2528,4.651040964567633,13,12,2.2020000000000004
2529,-4.497676376243152,12,13,2.132
2530,5.121511732763151,13,12,2.2119999999999997
2531,4.91070163064586,13,12,2.194
2532,-13.989978984075838,11,14,2.1380000000000003
2533,4.870587672095852,13,12,2.1900000000000004
2534,4.937636793214807,13,12,2.168
2535,-15.220716617722264,11,14,2.1739999999999995
2536,4.769959635641506,13,12,2.21
2537,-4.321330230205287,12,13,2.21
2538,-4.611996044902721,12,13,2.226
2539,-4.609008758660042,12,13,2.276
2540,4.347557714947746,13,12,2.266
2541,-4.828944865036787,12,13,2.238
2542,15.374852588533273,14,11,2.2239999999999998
2543,4.076488088339536,13,12,2.3020000000000005
2544,-4.223953362732415,12,13,2.252
2545,-4.177581682536754,12,13,2.2960000000000003
2546,-4.810978603581844,12,13,2.198
2547,-15.552747677465456,11,14,2.3120000000000003
2548,4.42623747763705,13,12,2.2180000000000004
2549,4.920891600869478,13,12,2.1599999999999993
2550,14.600695081048238,14,11,2.1960000000000006
2551,-15.191693284289975,11,14,2.2159999999999997
2552,25.35786654157477,15,10,2.1959999999999997
2553,15.273649146385408,14,11,2.2060000000000004
2554,-5.2280880946943125,12,13,2.2699999999999996
2555,4.573820393213243,13,12,2.144
2556,14.84035365700134,14,11,2.116
2557,4.9440369480761035,13,12,2.214
2558,-5.5740686276538245,12,13,2.202
2559,15.421053969933915,14,11,2.196
2560,14.777482681036979,14,11,2.112
2561,25.815501864159966,15,10,2.194
2562,25.487360118710324,15,10,2.206
2563,-6.130231160878736,12,13,2.136
2564,14.904698143192968,14,11,2.2279999999999998
2565,4.742219110436322,13,12,2.3
2566,24.56826855858852,15,10,2.222
2567,4.858175986676866,13,12,2.1960000000000006
2568,5.301732530585335,13,12,2.184
2569,14.944469736060434,14,11,2.1660000000000004
2570,4.85544265072955,13,12,2.2779999999999996
2571,13.782304980073668,14,11,2.272
2572,15.034851157939503,14,11,2.158
2573,14.807956185343123,14,11,2.09
2574,4.325890260710505,13,12,2.212
2575,-4.632519751456385,12,13,2.214
2576,14.497572192287654,14,11,2.2800000000000002
2577,14.295984775439067,14,11,2.286
2578,-5.561143824664989,12,13,2.3
2579,3.8183836488123983,13,12,2.2960000000000003
2580,-5.438853351509643,12,13,2.218
2581,14.310009630029846,14,11,2.2379999999999995
2582,3.9700486991292827,13,12,2.2560000000000002
2583,14.7187354067716,14,11,2.2779999999999996
2584,4.489951293468252,13,12,2.31
2585,24.634066566278886,15,10,2.166
2586,-5.425750879589032,12,13,2.1919999999999997
2587,5.779022414686759,13,12,2.182
2588,-5.141403224868625,12,13,2.2540000000000004
2589,14.809649458529458,14,11,2.268
2590,4.450329093255457,13,12,2.224
2591,-6.023428161639281,12,13,2.228
2592,-15.606718414173884,11,14,2.15
2593,34.9315006742356,16,9,2.194
2594,-6.432584160864375,12,13,2.284
2595,-4.962237519046959,12,13,2.1340000000000003
2596,4.7633151176981645,13,12,2.24
2597,-5.826236617826407,12,13,2.332
2598,5.171792469792019,13,12,2.226
2599,14.596131896844946,14,11,2.258
2600,-5.706257306866463,12,13,2.258
2601,4.421342313868797,13,12,2.174
2602,4.954703406412889,13,12,2.242
2603,4.8456416897480725,13,12,2.2180000000000004
2604,14.263615477927608,14,11,2.238
2605,-15.466528362987559,11,14,2.2020000000000004
2606,15.376946857997526,14,11,2.2460000000000004
2607,-6.307801143204101,12,13,2.2359999999999998
2608,-4.459692488235357,12,13,2.176
2609,5.1621227530062175,13,12,2.2920000000000003
2610,14.945764447728859,14,11,2.2540000000000004
2611,4.061426704200162,13,12,2.2939999999999996
2612,15.541144970517735,14,11,2.1820000000000004
2613,14.619389832506489,14,11,2.206
2614,5.365566087491535,13,12,2.226
2615,5.368281334211227,13,12,2.214
2616,15.619043124267645,14,11,2.2800000000000002
2617,25.039781647596246,15,10,2.244
2618,4.436859485906213,13,12,2.164
2619,5.793590715485616,13,12,2.216
2620,14.22717335617875,14,11,2.1900000000000004
2621,15.66019656858903,14,11,2.206
2622,-3.9713888704838816,12,13,2.148
2623,24.712931469410155,15,10,2.2660000000000005
2624,-4.449176639857501,12,13,2.21
2625,15.464898869740345,14,11,2.26
2626,4.456982854783339,13,12,2.302
2627,15.401396835979357,14,11,2.1919999999999997
2628,4.483975932142348,13,12,2.2439999999999998
2629,-5.086779462913463,12,13,2.246
2630,14.645523341530172,14,11,2.24
2631,25.565127831109677,15,10,2.2239999999999998
2632,-4.29227154649888,12,13,2.2399999999999998
2633,15.134715700931055,14,11,2.25
2634,4.874767942926805,13,12,2.2299999999999995
2635,5.510796238350036,13,12,2.336
2636,-15.604048490253295,11,14,2.296
2637,5.4421804750371345,13,12,2.216
2638,4.983342207445325,13,12,2.228
2639,13.813658177941909,14,11,2.226
2640,4.547806972076986,13,12,2.324
2641,4.579136065387912,13,12,2.204
2642,-4.688719675737206,12,13,2.162
2643,16.530812029292893,14,11,2.2179999999999995
2644,5.993877579529576,13,12,2.254
2645,5.1967358355840325,13,12,2.2379999999999995
2646,-14.761887630666138,11,14,2.2659999999999996
2647,-4.46557440339383,12,13,2.266
2648,14.465401128101167,14,11,2.186
2649,4.978622111776783,13,12,2.13
2650,-4.887459859559154,12,13,2.2560000000000002
2651,-14.233581653124023,11,14,2.2339999999999995
2652,5.7066173929997905,13,12,2.1239999999999997
2653,-14.834863199036405,11,14,2.1079999999999997
2654,5.349204589193992,13,12,2.1860000000000004
2655,25.787139987043076,15,10,2.25
2656,5.589962322050354,13,12,2.186
2657,-5.725732804048034,12,13,2.292
2658,5.852971463510858,13,12,2.182
2659,5.8154337165887515,13,12,2.186
2660,-4.947773692870278,12,13,2.262
2661,5.320131318363602,13,12,2.128
2662,-15.2188071316574,11,14,2.23
2663,4.986458084643113,13,12,2.2359999999999998
2664,5.302893157561478,13,12,2.1700000000000004
2665,-15.169506183156223,11,14,2.1719999999999997
2666,14.256607943753632,14,11,2.192
2667,4.814832961989454,13,12,2.29
2668,4.716079393313329,13,12,2.198
2669,4.899548048575149,13,12,2.2060000000000004
2670,5.15017169713843,13,12,2.2339999999999995
2671,5.059278989446861,13,12,2.1900000000000004
2672,4.37710693913073,13,12,2.268
2673,-5.2484809432833694,12,13,2.234
2674,4.809141210276064,13,12,2.1879999999999997
2675,14.93250080646851,14,11,2.3499999999999996
2676,-5.183301806939683,12,13,2.352
2677,5.157313064284894,13,12,2.154
2678,5.068975710403684,13,12,2.2899999999999996
2679,14.829524679077053,14,11,2.412
2680,3.794041242970742,13,12,2.2399999999999998
2681,14.12524314949337,14,11,2.312
2682,4.112399418402344,13,12,2.2700000000000005
2683,15.808884703770232,14,11,2.206
2684,4.761536535458593,13,12,2.288
2685,14.863830175850863,14,11,2.274
2686,4.927776318294065,13,12,2.266
2687,23.985088213299672,15,10,2.184
2688,34.967016569791056,16,9,2.11
2689,14.43270800328234,14,11,2.1580000000000004
2690,5.790027585097533,13,12,2.242
2691,-15.16623429374056,11,14,2.162
2692,5.644736690831548,13,12,2.308
2693,4.781196291868831,13,12,2.2559999999999993
2694,-5.750034386744322,12,13,2.2180000000000004
2695,5.068138152841289,13,12,2.2079999999999997
2696,5.210745218105831,13,12,2.22
2697,-15.768800341036581,11,14,2.216
2698,-4.785717394196679,12,13,2.202
2699,15.277404412575487,14,11,2.27
2700,14.143288525250886,14,11,2.1899999999999995
2701,-5.09581705346074,12,13,2.212
2702,14.194406246736447,14,11,2.162
2703,5.586133512664144,13,12,2.154
2704,4.782273467334406,13,12,2.286
2705,4.340519375440524,13,12,2.294
2706,4.468032067690137,13,12,2.1660000000000004
2707,16.04758410165813,14,11,2.1540000000000004
2708,25.495951433764656,15,10,2.242
2709,4.264065385388008,13,12,2.226
2710,25.28194532059566,15,10,2.216
2711,4.973673692739322,13,12,2.27
2712,5.083996484247068,13,12,2.2380000000000004
2713,5.171521533877327,13,12,2.244
2714,5.50948976508767,13,12,2.178
2715,13.941419669541702,14,11,2.162
2716,-6.110647302901708,12,13,2.162
2717,14.193599563325915,14,11,2.266
2718,13.70068930860107,14,11,2.2379999999999995
2719,24.335835469186073,15,10,2.198
2720,5.0607515839425865,13,12,2.194
2721,3.3004575851675835,13,12,2.1639999999999997
2722,14.818846936398767,14,11,2.194
2723,5.078780940348789,13,12,2.268
2724,15.007540139299348,14,11,2.2339999999999995
2725,5.487711979021429,13,12,2.2920000000000007
2726,-5.791495061265733,12,13,2.2399999999999998
2727,14.82581202050359,14,11,2.1980000000000004
2728,-5.298520608232128,12,13,2.142
2729,4.902135702874627,13,12,2.2739999999999996
2730,4.397703534994045,13,12,2.2019999999999995
2731,3.9998296229298345,13,12,2.158
2732,-5.064207356078191,12,13,2.246
2733,-5.111940403294318,12,13,2.284
2734,-4.615710989241613,12,13,2.262
2735,-5.720994231537741,12,13,2.25
2736,3.967035516616976,13,12,2.1640000000000006
2737,-5.662976412429114,12,13,2.2840000000000003
2738,4.079124658801289,13,12,2.1919999999999997
2739,4.242254254723953,13,12,2.26
2740,14.145582706464968,14,11,2.23
2741,14.940019134047866,14,11,2.156
2742,-4.719082589702525,12,13,2.2
2743,-4.445621421054863,12,13,2.266
2744,-5.708878494504042,12,13,2.268
2745,3.819430817009344,13,12,2.274
2746,5.506461280869145,13,12,2.292
2747,-16.542144119769695,11,14,2.1979999999999995
2748,14.994316435757584,14,11,2.1719999999999997
2749,4.1898775617533,13,12,2.218
2750,-6.020958228830235,12,13,2.294
2751,4.242266747823196,13,12,2.314
2752,25.223307448605322,15,10,2.16
2753,24.590991052565524,15,10,2.1699999999999995
2754,5.344004767013676,13,12,2.332
2755,3.776701471751519,13,12,2.1559999999999997
2756,24.553465453253196,15,10,2.2640000000000002
2757,25.54676921685497,15,10,2.254
2758,5.016978367960647,13,12,2.266
2759,4.909835267912973,13,12,2.116
2760,5.2643707312126615,13,12,2.2560000000000002
2761,15.356723284396915,14,11,2.1879999999999997
2762,5.26961387096071,13,12,2.2239999999999998
2763,5.306454459089647,13,12,2.3180000000000005
2764,-25.273268020978385,10,15,2.266
2765,4.911577307384754,13,12,2.228
2766,5.517595140932194,13,12,2.2359999999999998
2767,4.8049463890432715,13,12,2.1719999999999997
2768,34.00214987830275,16,9,2.1819999999999995
2769,3.9349193442799226,13,12,2.294
2770,5.608724294638034,13,12,2.2199999999999998
2771,-7.4392127552634655,12,13,2.2300000000000004
2772,3.9351981005738565,13,12,2.196
2773,-7.118686526973396,12,13,2.2780000000000005
2774,4.0837418448447425,13,12,2.218
2775,-5.723932940338747,12,13,2.2300000000000004
2776,-16.016945757185212,11,14,2.1819999999999995
2777,14.98339860268497,14,11,2.2239999999999998
2778,4.868327887070009,13,12,2.254
2779,15.78686497109326,14,11,2.174
2780,15.257254197765693,14,11,2.22
2781,4.52232485382862,13,12,2.218
2782,24.097969666188067,15,10,2.226
2783,-5.115219332270137,12,13,2.21
2784,4.468825400232127,13,12,2.254
2785,14.094776983381967,14,11,2.266
2786,13.63385248270319,14,11,2.286
2787,14.636935280532164,14,11,2.1640000000000006
2788,14.548964129540646,14,11,2.172
2789,4.095322962839168,13,12,2.232
2790,14.012072033141141,14,11,2.294
2791,3.2358274338142223,13,12,2.1439999999999997
2792,4.143690711201218,13,12,2.3120000000000003
2793,14.571706966207602,14,11,2.2640000000000002
2794,-5.071563433080932,12,13,2.164
2795,3.0944322209031725,13,12,2.2760000000000007
2796,-15.969352783868803,11,14,2.226
2797,4.509641862203679,13,12,2.0900000000000003
2798,5.51799496270408,13,12,2.3340000000000005
2799,-5.626235508287863,12,13,2.2039999999999997
2800,5.08912941962515,13,12,2.258
2801,13.572539634587251,14,11,2.176
2802,4.26828201811518,13,12,2.212
2803,3.3199825110753327,13,12,2.1719999999999997
2804,4.486351005678881,13,12,2.2840000000000003
2805,14.229317635503357,14,11,2.148
2806,14.659516847528929,14,11,2.216
2807,4.390209516598102,13,12,2.266
2808,14.421106944969042,14,11,2.218
2809,-15.0398072182804,11,14,2.2039999999999997
2810,14.064393694505615,14,11,2.252
2811,4.30843448963229,13,12,2.206
2812,-16.247002283640576,11,14,2.1559999999999997
2813,-5.075701318308619,12,13,2.1759999999999997
2814,5.280775478788602,13,12,2.256
2815,13.365434088917105,14,11,2.1160000000000005
2816,3.483250089270289,13,12,2.306
2817,24.166478527549557,15,10,2.226
2818,4.043349641375869,13,12,2.1060000000000003
2819,4.435133920145475,13,12,2.1740000000000004
2820,-7.866579481134322,12,13,2.2739999999999996
2821,14.350250178316129,14,11,2.2039999999999997
2822,4.825390096166997,13,12,2.346
2823,2.8755450151038717,13,12,2.182
2824,-6.175476458741246,12,13,2.258
2825,3.9536552653130492,13,12,2.1340000000000003
2826,3.4842603987309566,13,12,2.224
2827,-6.199174977899663,12,13,2.256
2828,15.046639490573023,14,11,2.184
2829,13.818155927443785,14,11,2.276
2830,-5.3852147349210036,12,13,2.2119999999999997
2831,4.029754806916424,13,12,2.2300000000000004
2832,3.7566632359255134,13,12,2.2439999999999998
2833,3.230293646519062,13,12,2.184
2834,-6.050736018887845,12,13,2.0980000000000003
2835,4.56680174123875,13,12,2.2479999999999998
2836,15.149955268235317,14,11,2.2560000000000002
2837,14.699782721963512,14,11,2.318
2838,4.016274183446375,13,12,2.2600000000000002
2839,14.177437798170372,14,11,2.2
2840,14.404424841753961,14,11,2.1479999999999997
2841,-5.6220623597029515,12,13,2.18
2842,4.770064561946668,13,12,2.2039999999999997
2843,-6.3546370287733085,12,13,2.236
2844,-6.872413059392588,12,13,2.198
2845,4.8592340577976625,13,12,2.234
2846,-6.00770458187432,12,13,2.1799999999999997
2847,4.6578180396770925,13,12,2.2760000000000002
2848,14.326432013161263,14,11,2.278
2849,-5.808723986340053,12,13,2.2220000000000004
2850,4.112830051781838,13,12,2.2460000000000004
2851,4.798776092516476,13,12,2.0860000000000003
2852,5.434169702398224,13,12,2.1479999999999997
2853,15.383606863295382,14,11,2.2640000000000002
2854,4.82400803910345,13,12,2.274
2855,14.915180153615617,14,11,2.214
2856,3.976051356366627,13,12,2.2560000000000002
2857,-5.642371012553685,12,13,2.1800000000000006
2858,-15.50667782912102,11,14,2.3120000000000003
2859,14.054380600486372,14,11,2.222
2860,14.54169598448792,14,11,2.208
2861,14.432078809571475,14,11,2.268
2862,14.721978467542627,14,11,2.286
2863,4.443032339637799,13,12,2.152
2864,14.733380879710051,14,11,2.154
2865,4.172782161506343,13,12,2.306
2866,15.380639102327692,14,11,2.2939999999999996
2867,-15.9112429359933,11,14,2.164
2868,-15.946736658220095,11,14,2.3160000000000003
2869,15.045185979919374,14,11,2.214
2870,-7.012360969619428,12,13,2.322
2871,14.313652941026707,14,11,2.1759999999999997
2872,-5.35351336483369,12,13,2.188
2873,3.8646590099198104,13,12,2.272
2874,14.592289162914057,14,11,2.1979999999999995
2875,14.871861733881477,14,11,2.256
2876,15.31933560400454,14,11,2.234
2877,-5.6209056937698065,12,13,2.238
2878,5.1299054406512425,13,12,2.2600000000000002
2879,14.34180929005068,14,11,2.2039999999999997
2880,3.926766344313174,13,12,2.266
2881,-24.79050068099152,10,15,2.258
2882,4.349140894355468,13,12,2.184
2883,5.14823201373375,13,12,2.1980000000000004
2884,14.676501811793099,14,11,2.2
2885,24.62226998168684,15,10,2.1839999999999997
2886,14.087663779638778,14,11,2.302
2887,5.462401415505813,13,12,2.164
2888,-5.5498786368755555,12,13,2.2559999999999993
2889,4.844223811447852,13,12,2.3099999999999996
2890,-4.768351528885336,12,13,2.28
2891,3.8221439294371677,13,12,2.1800000000000006
2892,4.623686085180669,13,12,2.262
2893,-5.633510427486435,12,13,2.256
2894,-6.1443980850050774,12,13,2.2239999999999998
2895,4.073669188725585,13,12,2.168
2896,-5.209311290760541,12,13,2.188
2897,3.655916968312786,13,12,2.2359999999999998
2898,-26.18531910602447,10,15,2.212
2899,-26.038460390686787,10,15,2.212
2900,4.554238799569813,13,12,2.2239999999999998
2901,4.5196194303191,13,12,2.218
2902,-15.172761315083102,11,14,2.2699999999999996
2903,14.708039354788463,14,11,2.276
2904,3.987269211737642,13,12,2.27
2905,-5.373313073492357,12,13,2.2299999999999995
2906,14.395278018914416,14,11,2.2880000000000003
2907,-15.331154392555863,11,14,2.2700000000000005
2908,4.268745226720924,13,12,2.268
2909,3.6902235340563188,13,12,2.1439999999999997
2910,4.279005558285315,13,12,2.242
2911,3.959797010376514,13,12,2.2659999999999996
2912,-5.522410224480467,12,13,2.142
2913,-4.170667463064749,12,13,2.108
2914,-5.473140536442733,12,13,2.3080000000000003
2915,4.261913909570222,13,12,2.254
2916,4.798555315826222,13,12,2.286
2917,4.730145563636356,13,12,2.232
2918,-4.676989571942504,12,13,2.248
2919,-5.204249303520678,12,13,2.2659999999999996
2920,15.498775427282892,14,11,2.206
2921,-5.99132471771976,12,13,2.2
2922,5.788824895914424,13,12,2.284
2923,-5.035316641749828,12,13,2.248
2924,5.56906749984142,13,12,2.2540000000000004
2925,4.762217876915763,13,12,2.2860000000000005
2926,-25.32174214535242,10,15,2.248
2927,-15.309469931453366,11,14,2.1860000000000004
2928,5.106354041289244,13,12,2.1600000000000006
2929,-5.556212178048149,12,13,2.178
2930,-15.616202006867347,11,14,2.332
2931,14.595041179567067,14,11,2.2079999999999997
2932,-25.23744326238402,10,15,2.246
2933,-5.579227570994313,12,13,2.306
2934,3.9306622096638755,13,12,2.242
2935,-4.75568584349346,12,13,2.2439999999999998
2936,14.359875078421133,14,11,2.194
2937,-4.407063635971792,12,13,2.192
2938,4.419834788464179,13,12,2.1580000000000004
2939,-25.87956044427671,10,15,2.2079999999999997
2940,14.124770302494527,14,11,2.188
2941,-5.838044043505816,12,13,2.1639999999999993
2942,-5.182747544440968,12,13,2.176
2943,-15.012604572415434,11,14,2.2560000000000002
2944,-24.970286880707448,10,15,2.2880000000000003
2945,-5.195650253203755,12,13,2.2640000000000002
2946,-5.938224158000095,12,13,2.22
2947,-5.26041994205665,12,13,2.28
2948,-14.539412217947472,11,14,2.182
2949,-15.690768947379883,11,14,2.2
2950,-25.509597702412904,10,15,2.2660000000000005
2951,-6.333865730083858,12,13,2.2979999999999996
2952,4.873676262870518,13,12,2.21
2953,4.887301559941163,13,12,2.208
2954,14.897577867651608,14,11,2.234
2955,4.8837240074883335,13,12,2.13
2956,-5.070193476137986,12,13,2.318
2957,-5.292789521902329,12,13,2.2359999999999998
2958,-5.593031416740724,12,13,2.184
2959,-5.074290698926312,12,13,2.2520000000000002
2960,15.278213956493289,14,11,2.1300000000000003
2961,-15.50161186367956,11,14,2.1979999999999995
2962,4.485071545407173,13,12,2.2439999999999998
2963,-5.572961195904984,12,13,2.1480000000000006
2964,-4.666532704426599,12,13,2.154
2965,4.723498792672593,13,12,2.2060000000000004
2966,5.071781521881695,13,12,2.312
2967,-6.789164591667235,12,13,2.296
2968,-4.282152222575094,12,13,2.354
2969,-4.591584031951108,12,13,2.1260000000000003
2970,14.404308828179845,14,11,2.234
2971,4.687723552941414,13,12,2.12
2972,5.217501990799757,13,12,2.1580000000000004
2973,-5.718205376771776,12,13,2.1660000000000004
2974,-25.152027546999626,10,15,2.2020000000000004
2975,5.071870105347385,13,12,2.226
2976,14.040550616756423,14,11,2.188
2977,4.740847053309367,13,12,2.2079999999999997
2978,-35.82860451705912,9,16,2.158
2979,-4.635399087687862,12,13,2.1859999999999995
2980,-6.185469289706168,12,13,2.18
2981,-34.67817661947397,9,16,2.136
2982,-24.78706900002966,10,15,2.184
2983,-14.947274475288546,11,14,2.29
2984,-34.71270998047436,9,16,2.158
2985,4.638410922104673,13,12,2.23
2986,14.451704206232344,14,11,2.1759999999999997
2987,34.61753494306428,16,9,2.2199999999999998
2988,-4.905593502790943,12,13,2.1499999999999995
2989,-15.546177421782959,11,14,2.2179999999999995
2990,4.156805106501835,13,12,2.316
2991,-5.603910512827039,12,13,2.182
2992,-16.666732491482865,11,14,2.26
2993,-15.963457604194346,11,14,2.176
2994,-5.910008109209027,12,13,2.198
2995,-5.817048049976908,12,13,2.1439999999999997
2996,14.7886810193672,14,11,2.1999999999999997
2997,-14.4748432539844,11,14,2.176
2998,-5.5887982257234565,12,13,2.2680000000000002
2999,-15.341367067288635,11,14,2.2779999999999996
3000,14.651322793694305,14,11,2.184
3001,-5.9959362920990245,12,13,2.194
3002,-15.538248450621381,11,14,2.1099999999999994
3003,-5.602271787026875,12,13,2.182
3004,-15.554920143339034,11,14,2.254
3005,-15.625253674032818,11,14,2.284
3006,-15.683277341452229,11,14,2.128
3007,-5.689003445019662,12,13,2.1379999999999995
3008,14.997123428449266,14,11,2.1819999999999995
3009,14.91534701183074,14,11,2.2660000000000005
3010,-5.501399619932289,12,13,2.224
3011,-5.435073584883376,12,13,2.194
3012,4.884835434933109,13,12,2.1620000000000004
3013,-5.233748798619478,12,13,2.3059999999999996
3014,4.666054125982136,13,12,2.1879999999999997
3015,-16.065725895092466,11,14,2.2380000000000004
3016,5.543311618456604,13,12,2.1340000000000003
3017,4.372050670364881,13,12,2.168
3018,-6.033769183643907,12,13,2.156
3019,-5.879449177202115,12,13,2.2520000000000002
3020,13.978084832187594,14,11,2.2399999999999998
3021,5.518959809451115,13,12,2.246
3022,4.0956879566628075,13,12,2.2199999999999998
3023,-5.245842282195247,12,13,2.282
3024,-14.585445306276188,11,14,2.0839999999999996
3025,4.993439667800686,13,12,2.2759999999999994
3026,-15.587476153036388,11,14,2.2440000000000007
3027,15.138934586087432,14,11,2.1580000000000004
3028,4.81490233245281,13,12,2.254
3029,-5.703082561556412,12,13,2.2700000000000005
3030,15.596518305989326,14,11,2.1580000000000004
3031,-6.300448038782768,12,13,2.178
3032,4.991810577102964,13,12,2.1839999999999997
3033,-6.807388463641454,12,13,2.2340000000000004
3034,3.9316402830363106,13,12,2.148
3035,23.6753055910972,15,10,2.208
3036,4.610733793991969,13,12,2.234
3037,14.004565288490037,14,11,2.246
3038,-6.57171070829887,12,13,2.284
3039,-14.729346880259195,11,14,2.252
3040,4.185624290264986,13,12,2.2600000000000002
3041,-5.494667219299689,12,13,2.186
3042,-25.55578068662626,10,15,2.228
3043,13.856260410940758,14,11,2.2
3044,3.65859436319521,13,12,2.414
3045,-16.360599700093015,11,14,2.13
3046,3.177173225054677,13,12,2.274
3047,4.246542235495589,13,12,2.184
3048,-15.5897469086762,11,14,2.0940000000000003
3049,4.056628098749734,13,12,2.1860000000000004
3050,-5.970389866555472,12,13,2.184
3051,3.72309224503703,13,12,2.258
3052,25.40426823593407,15,10,2.204
3053,-5.744423018601377,12,13,2.3099999999999996
3054,4.5157267513586365,13,12,2.126
3055,4.6657784568618315,13,12,2.1639999999999993
3056,4.854865958011118,13,12,2.3120000000000003
3057,-24.78025050336539,10,15,2.15
3058,-16.633693338110714,11,14,2.158
3059,14.725286786034056,14,11,2.17
3060,3.4843605777307847,13,12,2.2
3061,-25.37477583899951,10,15,2.244
3062,14.973810881294776,14,11,2.302
3063,4.280467128473223,13,12,2.248
3064,-5.588180636050752,12,13,2.148
3065,-5.569798605850755,12,13,2.282
3066,-5.563103613275727,12,13,2.198
3067,-6.652508350373421,12,13,2.2920000000000003
3068,14.417678899451756,14,11,2.172
3069,4.175464835449352,13,12,2.2139999999999995
3070,-16.470699051482722,11,14,2.196
3071,4.194091065543745,13,12,2.268
3072,-5.5380549368175025,12,13,2.226
3073,-15.893773743451579,11,14,2.3280000000000003
3074,4.0204568055869725,13,12,2.228
3075,-5.52974791424108,12,13,2.25
3076,4.642311201048564,13,12,2.2079999999999997
3077,-14.97997807692753,11,14,2.2779999999999996
3078,14.517485050325838,14,11,2.1980000000000004
3079,2.899641006825883,13,12,2.226
3080,-25.571694633541135,10,15,2.368
3081,-5.293398164791565,12,13,2.2079999999999997
3082,-5.961556048081999,12,13,2.2479999999999998
3083,15.051057525018251,14,11,2.278
3084,4.567835697486877,13,12,2.2359999999999998
3085,-6.811753436025732,12,13,2.278
3086,13.98130997563529,14,11,2.162
3087,-5.376266332953005,12,13,2.212
3088,-5.9038120190769625,12,13,2.176
3089,-5.05875545830644,12,13,2.224
3090,2.648012751125523,13,12,2.196
3091,-5.0874465550238295,12,13,2.248
3092,-15.361564274272851,11,14,2.202
3093,4.382237989757913,13,12,2.1760000000000006
3094,-4.86653742322949,12,13,2.274
3095,-5.512786488033425,12,13,2.2020000000000004
3096,-5.376472574372816,12,13,2.174
3097,-4.829030179806264,12,13,2.2179999999999995
3098,-16.214066804074587,11,14,2.3339999999999996
3099,-4.7478856371698885,12,13,2.21
3100,-4.9721088813930905,12,13,2.2800000000000002
3101,-5.301809353167777,12,13,2.1979999999999995
3102,4.624930678757324,13,12,2.1699999999999995
3103,-25.766371932534483,10,15,2.284
3104,15.207011712968463,14,11,2.2199999999999998
3105,-5.050769415779655,12,13,2.26
3106,-5.561683506228302,12,13,2.1599999999999997
3107,-15.931070803278475,11,14,2.156
3108,-4.2604859850452,12,13,2.186
3109,-5.818086518639076,12,13,2.252
3110,-25.634413836487205,10,15,2.226
3111,4.508371685037671,13,12,2.1960000000000006
3112,14.150084055765557,14,11,2.2700000000000005
3113,15.067047623010724,14,11,2.136
3114,-5.164935462975716,12,13,2.2119999999999997
3115,-15.730729304209504,11,14,2.176
3116,-15.768990659581272,11,14,2.212
3117,-15.76447652710349,11,14,2.214
3118,-5.160836403723162,12,13,2.04
3119,14.843367979944368,14,11,2.2819999999999996
3120,4.538810893559727,13,12,2.1020000000000003
3121,25.968551440677036,15,10,2.104
3122,-15.881703755045905,11,14,2.16
3123,24.335263267389763,15,10,2.124
3124,-5.207406620472648,12,13,2.198
3125,4.461407657244338,13,12,2.3139999999999996
3126,4.6888940344739005,13,12,2.31
3127,14.203172288157804,14,11,2.154
3128,4.177967926934718,13,12,2.248
3129,-5.100952654159215,12,13,2.1799999999999997
3130,5.646622770189866,13,12,2.2920000000000003
3131,-5.235668348453334,12,13,2.2760000000000002
3132,-4.294320761732351,12,13,2.1900000000000004
3133,5.194593431222156,13,12,2.3440000000000003
3134,-5.2317352746242065,12,13,2.284
3135,3.7064325277659598,13,12,2.168
3136,4.945025874164763,13,12,2.2980000000000005
3137,4.7806928430311615,13,12,2.2739999999999996
3138,14.50356973382384,14,11,2.172
3139,13.893629392517695,14,11,2.218
3140,14.22540017016873,14,11,2.212
3141,3.943431857860986,13,12,2.2039999999999997
3142,4.938659954215158,13,12,2.252
3143,-14.721629724934981,11,14,2.222
3144,4.456724299555054,13,12,2.166
3145,-5.386247401067369,12,13,2.1660000000000004
3146,14.762872770839572,14,11,2.1460000000000004
3147,-15.783922672006629,11,14,2.238
3148,15.00071185164437,14,11,2.266
3149,-5.251840744992876,12,13,2.266
3150,4.181581201582899,13,12,2.246
3151,-5.356205513316864,12,13,2.266
3152,3.846198863524357,13,12,2.262
3153,5.451333526024113,13,12,2.3000000000000003
3154,3.8641679115310232,13,12,2.274
3155,-5.441267596884263,12,13,2.1919999999999997
3156,15.28053752099799,14,11,2.2180000000000004
3157,4.50571951760579,13,12,2.24
3158,15.063666731308356,14,11,2.188
3159,14.528557938437682,14,11,2.178
3160,4.925697416613442,13,12,2.318
3161,-6.19065187092108,12,13,2.172
3162,4.409373957434077,13,12,2.262
3163,5.175707342234869,13,12,2.186
3164,5.003012577951707,13,12,2.2020000000000004
3165,15.281391666045309,14,11,2.204
3166,-16.115082003417275,11,14,2.1979999999999995
3167,14.558567295399932,14,11,2.2220000000000004
3168,-5.910765806043867,12,13,2.2279999999999998
3169,4.3664961710369585,13,12,2.138
3170,-5.125826470682497,12,13,2.2199999999999998
3171,-5.315575519910242,12,13,2.1979999999999995
3172,-5.2815988819928075,12,13,2.1940000000000004
3173,4.377603589589821,13,12,2.258
3174,25.13652179337494,15,10,2.2800000000000002
3175,14.315060478603977,14,11,2.1879999999999997
3176,3.681545483262372,13,12,2.1879999999999997
3177,5.9757006545825,13,12,2.2640000000000002
3178,-15.402603739327878,11,14,2.324
3179,-5.1852657609644535,12,13,2.272
3180,-4.790132725030602,12,13,2.126
3181,-4.765161172614964,12,13,2.206
3182,4.718061692691649,13,12,2.202
3183,4.9470858875324275,13,12,2.2159999999999997
3184,4.46980726367223,13,12,2.242
3185,5.307716500513951,13,12,2.218
3186,-4.924773057324284,12,13,2.194
3187,5.486049271478658,13,12,2.244
3188,4.944192679004919,13,12,2.216
3189,15.792443055775236,14,11,2.234
3190,3.8869071439232386,13,12,2.2180000000000004
3191,15.998223813360177,14,11,2.194
3192,-15.280922572879213,11,14,2.166
3193,5.3435095862662685,13,12,2.2560000000000002
3194,15.30874235418187,14,11,2.17
3195,-15.085901542270967,11,14,2.1879999999999997
3196,-15.974605642662048,11,14,2.1439999999999997
3197,-4.488949030722029,12,13,2.2119999999999997
3198,15.079068787189104,14,11,2.2119999999999997
3199,-5.298800150886315,12,13,2.112
3200,-13.934584664334075,11,14,2.2039999999999997
3201,15.190831626501627,14,11,2.29
3202,4.499785376233529,13,12,2.164
3203,-4.225314565378531,12,13,2.124
3204,5.297959250325178,13,12,2.2039999999999997
3205,-14.748349382829401,11,14,2.312
3206,-5.039012097058819,12,13,2.2
3207,5.678632843734604,13,12,2.278
3208,-5.106180257884764,12,13,2.2660000000000005
3209,-4.559760082591051,12,13,2.304
3210,-14.678345784959092,11,14,2.306
3211,5.50656472873526,13,12,2.3179999999999996
3212,5.759102121199005,13,12,2.138
3213,5.239566265578276,13,12,2.1719999999999997
3214,-4.961795120483991,12,13,2.2020000000000004
3215,14.968935239070202,14,11,2.274
3216,-4.668856211235189,12,13,2.266
3217,-4.885804660406201,12,13,2.25
3218,15.241034488328228,14,11,2.192
3219,-14.402178921710552,11,14,2.2079999999999997
3220,25.084061946506164,15,10,2.226
3221,-15.007545418693612,11,14,2.144
3222,-14.968439606043635,11,14,2.216
3223,-4.91786093737662,12,13,2.2520000000000002
3224,-5.369240674061803,12,13,2.2399999999999998
3225,-5.435657185872391,12,13,2.228
3226,-4.871402751531506,12,13,2.188
3227,-16.241839330878626,11,14,2.2779999999999996
3228,-4.700421893325736,12,13,2.178
3229,-5.308367137003319,12,13,2.236
3230,-15.254015386781639,11,14,2.128
3231,4.96141632774528,13,12,2.1599999999999997
3232,-15.721924434268097,11,14,2.2939999999999996
3233,-4.6048344027956105,12,13,2.262
3234,-15.113759288039676,11,14,2.2299999999999995
3235,-14.676594888485342,11,14,2.258
3236,-5.114205683455619,12,13,2.1479999999999997
3237,-14.814639319058987,11,14,2.206
3238,4.406163166869852,13,12,2.228
3239,-25.152646677862588,10,15,2.2760000000000002
3240,-15.067238070652802,11,14,2.248
3241,-15.600284366283766,11,14,2.146
3242,-15.530872321790044,11,14,2.254
3243,-14.890155841868351,11,14,2.25
3244,-5.934752334722131,12,13,2.254
3245,-5.043301821822997,12,13,2.2700000000000005
3246,-24.080873301959052,10,15,2.226
3247,5.5622399423301125,13,12,2.2319999999999998
3248,-16.324953359372486,11,14,2.276
3249,5.4632145093886955,13,12,2.34
3250,-15.116311749982296,11,14,2.2239999999999993
3251,-4.462538299492908,12,13,2.18
3252,-6.081350975224491,12,13,2.216
3253,-25.893605455603247,10,15,2.1720000000000006
3254,-24.732045741381576,10,15,2.288
3255,-4.99676229538571,12,13,2.1079999999999997
3256,4.529281340885172,13,12,2.1979999999999995
3257,-5.100834248756476,12,13,2.29
3258,24.60919625956649,15,10,2.1780000000000004
3259,14.653926839038107,14,11,2.2420000000000004
3260,5.655025622727582,13,12,2.2760000000000002
3261,-4.608488022190407,12,13,2.186
3262,24.37672799950299,15,10,2.1740000000000004
3263,5.18673309118489,13,12,2.1959999999999997
3264,4.663093382093525,13,12,2.2199999999999998
3265,-5.492473784147132,12,13,2.1639999999999997
3266,-15.476819642045678,11,14,2.194
3267,15.069360619554011,14,11,2.244
3268,14.56952492869635,14,11,2.2039999999999997
3269,-5.1600401018960405,12,13,2.21
3270,4.248733539213051,13,12,2.422
3271,-15.432497915124355,11,14,2.25
3272,14.674914557380042,14,11,2.284
3273,-4.941067465681575,12,13,2.212
3274,16.210287586636166,14,11,2.242
3275,4.568483787196527,13,12,2.144
3276,5.46716003596028,13,12,2.178
3277,15.678075756713717,14,11,2.212
3278,-5.6819923419243175,12,13,2.242
3279,4.923151476185835,13,12,2.2060000000000004
3280,-5.989250541939256,12,13,2.254
3281,15.293236846284032,14,11,2.1919999999999997
3282,15.097410699354826,14,11,2.2359999999999998
3283,4.611095935438927,13,12,2.2359999999999998
3284,-14.635813791121432,11,14,2.2379999999999995
3285,15.42330527579228,14,11,2.234
3286,-5.85620089817904,12,13,2.2220000000000004
3287,-25.969136503601867,10,15,2.2659999999999996
3288,5.298170594345574,13,12,2.136
3289,14.732328108837212,14,11,2.248
3290,15.107311176255342,14,11,2.2359999999999998
3291,-15.535934696949342,11,14,2.136
3292,15.4159223539482,14,11,2.176
3293,-15.058646048483553,11,14,2.24
3294,5.7448777823958075,13,12,2.172
3295,4.626734016788713,13,12,2.252
3296,-4.682500593993986,12,13,2.232
3297,-25.969481584813355,10,15,2.2039999999999997
3298,5.413980727775051,13,12,2.244
3299,-15.20266237153889,11,14,2.258
3300,-16.8426768543697,11,14,2.2560000000000002
3301,5.0971283345253156,13,12,2.284
3302,-15.543391241187393,11,14,2.1879999999999997
3303,13.564091683748075,14,11,2.1759999999999997
3304,14.930625890345437,14,11,2.274
3305,4.475569860808637,13,12,2.226
3306,-6.014076931665624,12,13,2.2399999999999998
3307,-5.030579006569127,12,13,2.2380000000000004
3308,-5.368338531590609,12,13,2.3
3309,-25.257864981186252,10,15,2.2960000000000003
3310,-5.846736946840034,12,13,2.084
3311,4.930820336502691,13,12,2.3039999999999994
3312,15.03958799422959,14,11,2.17
3313,-5.301962906367535,12,13,2.1639999999999997
3314,-4.229075170082167,12,13,2.2479999999999998
3315,-5.829653475826216,12,13,2.252
3316,-15.574072778856952,11,14,2.262
3317,-4.251389759792673,12,13,2.202
3318,-5.620684796345037,12,13,2.258
3319,-5.53787353110474,12,13,2.334
3320,4.778597639535441,13,12,2.3679999999999994
3321,-5.50943459075155,12,13,2.2379999999999995
3322,-14.851129181896141,11,14,2.206
3323,-6.509344768437949,12,13,2.2479999999999998
3324,-5.811988410029083,12,13,2.2439999999999998
3325,3.5867549026196652,13,12,2.232
3326,4.19207058189317,13,12,2.232
3327,-4.596747582781826,12,13,2.208
3328,4.563518883191344,13,12,2.3240000000000003
3329,5.043601535074351,13,12,2.194
3330,-5.209265875556403,12,13,2.234
3331,5.2269242807243685,13,12,2.24
3332,-5.287869842265115,12,13,2.368
3333,14.280323547545613,14,11,2.194
3334,-6.270118282135446,12,13,2.254
3335,-15.004499179762059,11,14,2.178
3336,4.3122376208611275,13,12,2.1540000000000004
3337,4.780398607555377,13,12,2.2379999999999995
3338,-5.259337943945649,12,13,2.16
3339,4.815055058210001,13,12,2.17
3340,15.057401554466836,14,11,2.232
3341,4.989246493181302,13,12,2.272
3342,-15.499207130989138,11,14,2.3200000000000003
3343,-15.105846803040997,11,14,2.2380000000000004
3344,4.733794265514323,13,12,2.218
3345,-4.844508418672079,12,13,2.138
3346,-5.356263574508791,12,13,2.154
3347,-24.737474896819833,10,15,2.2199999999999998
3348,-5.880179112400867,12,13,2.216
3349,-4.842811593354961,12,13,2.186
3350,-14.965418872070998,11,14,2.2359999999999998
3351,-15.728226240769903,11,14,2.2779999999999996
3352,14.946528322232258,14,11,2.208
3353,4.885245969450727,13,12,2.2100000000000004
3354,5.350728914361681,13,12,2.1800000000000006
3355,4.912560217601937,13,12,2.246
3356,4.9429996939597505,13,12,2.204
3357,5.182208972847691,13,12,2.136
3358,5.110960333925123,13,12,2.266
3359,5.544980964244374,13,12,2.21
3360,-15.69492960956348,11,14,2.238
3361,4.909237860143662,13,12,2.178
3362,-4.944549749166873,12,13,2.212
3363,-5.009487866676357,12,13,2.19
3364,-5.2156605595486205,12,13,2.268
3365,-5.4364410465617174,12,13,2.2
3366,-4.511960145529895,12,13,2.1879999999999997
3367,-5.702401146424037,12,13,2.2379999999999995
3368,5.495554546675976,13,12,2.3339999999999996
3369,25.148966516214337,15,10,2.1700000000000004
3370,-15.534772290416477,11,14,2.2960000000000003
3371,4.5782318775018815,13,12,2.288
3372,25.33205224481903,15,10,2.242
3373,-14.648338716718177,11,14,2.1919999999999997
3374,-15.323082339721243,11,14,2.1660000000000004
3375,4.662068287442382,13,12,2.25
3376,5.16296651852949,13,12,2.2800000000000002
3377,-5.34593916952652,12,13,2.1599999999999997
3378,14.562465403300937,14,11,2.348
3379,-5.2649915908017615,12,13,2.2919999999999994
3380,4.996997036513168,13,12,2.1900000000000004
3381,-5.23274235040142,12,13,2.166
3382,24.962301445926933,15,10,2.158
3383,4.094354396041737,13,12,2.2399999999999998
3384,-15.432557346588082,11,14,2.232
3385,-15.105909513770667,11,14,2.186
3386,-5.456667014233796,12,13,2.164
3387,14.812856210342428,14,11,2.278
3388,-5.46238338388461,12,13,2.13
3389,4.2359262112967535,13,12,2.35
3390,-15.41247923000712,11,14,2.096
3391,-16.126922624942708,11,14,2.2220000000000004
3392,-4.786289773498073,12,13,2.296
3393,-5.30798402037116,12,13,2.272
3394,4.893209689713089,13,12,2.1879999999999997
3395,13.34024657961652,14,11,2.184
3396,-26.529243306546483,10,15,2.3120000000000003
3397,-5.283657310786044,12,13,2.132
3398,-24.84425157881415,10,15,2.278
3399,4.6068943232137,13,12,2.1420000000000003
3400,4.526100115379249,13,12,2.292
3401,-5.59226421450712,12,13,2.3020000000000005
3402,4.838769193848293,13,12,2.226
3403,-14.96321380852942,11,14,2.194
3404,-15.728362993274022,11,14,2.25
3405,-4.99575441792474,12,13,2.226
3406,-5.765645129211734,12,13,2.1119999999999997
3407,-4.73789679778916,12,13,2.2
3408,4.386673240783532,13,12,2.21
3409,-14.504065849646242,11,14,2.286
3410,3.977272692469489,13,12,2.21
3411,3.7856147733784127,13,12,2.1799999999999997
3412,4.813849603227039,13,12,2.206
3413,-5.418823180339507,12,13,2.1620000000000004
3414,-4.71117524317015,12,13,2.246
3415,-5.379455733876821,12,13,2.104
3416,-5.888076467901023,12,13,2.2640000000000002
3417,4.611485358631658,13,12,2.2119999999999997
3418,-5.276513338174119,12,13,2.2600000000000002
3419,-4.9692638823933075,12,13,2.254
3420,5.005855728223189,13,12,2.174
3421,4.870081345009275,13,12,2.2619999999999996
3422,4.656780638649103,13,12,2.25
3423,-5.057041690315437,12,13,2.246
3424,-4.802542880157603,12,13,2.2299999999999995
3425,-5.218125852183775,12,13,2.16
3426,3.5813734784118907,13,12,2.2019999999999995
3427,4.767712114316657,13,12,2.112
3428,-16.34273353469988,11,14,2.162
3429,-36.052105747274155,9,16,2.132
3430,5.191387581755912,13,12,2.312
3431,4.852493622595148,13,12,2.234
3432,4.572585243383168,13,12,2.216
3433,-15.130202273127248,11,14,2.1860000000000004
3434,4.605876692123644,13,12,2.258
3435,-5.083793260943436,12,13,2.2859999999999996
3436,-15.135923566600475,11,14,2.226
3437,5.228856886516379,13,12,2.146
3438,4.272110494646009,13,12,2.302
3439,-5.715701088372388,12,13,2.2039999999999997
3440,-4.827071644583955,12,13,2.1900000000000004
3441,-4.647387749186784,12,13,2.2920000000000003
3442,4.859553212570648,13,12,2.2319999999999998
3443,4.91242366209875,13,12,2.36
3444,14.802127776393213,14,11,2.288
3445,-6.416641265978106,12,13,2.24
3446,-15.705755839607349,11,14,2.278
3447,-5.8820431077709845,12,13,2.216
3448,-15.541241172605531,11,14,2.2079999999999997
3449,-5.100718206620964,12,13,2.25
3450,5.251545637933056,13,12,2.064
3451,4.697626930395481,13,12,2.1639999999999997
3452,14.530474620467487,14,11,2.17
3453,24.78553415537404,15,10,2.328
3454,-4.588886209275382,12,13,2.252
3455,4.499976851166059,13,12,2.24
3456,-4.825385213688989,12,13,2.186
3457,-14.985400357673718,11,14,2.29
3458,5.892195347426766,13,12,2.104
3459,4.939737762411921,13,12,2.2139999999999995
3460,5.117313678707458,13,12,2.4080000000000004
3461,5.080348724543473,13,12,2.1479999999999997
3462,5.27311346908207,13,12,2.186
3463,-5.300853914126222,12,13,2.216
3464,-4.695241331381942,12,13,2.2159999999999997
3465,-5.531832191260742,12,13,2.228
3466,-5.127284777270198,12,13,2.1899999999999995
3467,-3.935227754756532,12,13,2.122
3468,-5.531393113043276,12,13,2.2920000000000003
3469,-4.509911377371548,12,13,2.282
3470,-25.17860802353666,10,15,2.162
3471,5.092543790956192,13,12,2.224
3472,24.44470495930667,15,10,2.228
3473,5.13499442849125,13,12,2.2260000000000004
3474,-4.796097725787117,12,13,2.136
3475,5.8840667744853175,13,12,2.2439999999999998
3476,-5.47359673635181,12,13,2.196
3477,4.514798957991488,13,12,2.24
3478,-6.151536962242075,12,13,2.2819999999999996
3479,-24.766681817395426,10,15,2.222
3480,-5.523040561579759,12,13,2.2060000000000004
3481,4.945401242653954,13,12,2.216
3482,4.636662075461214,13,12,2.170000000000001
3483,15.346537978971803,14,11,2.2180000000000004
3484,5.298691611605289,13,12,2.2059999999999995
3485,-16.005647708202105,11,14,2.168
3486,-15.73887016047107,11,14,2.24
3487,5.444659981152789,13,12,2.15
3488,14.463401985247483,14,11,2.194
3489,4.697975682459603,13,12,2.12
3490,-14.919450499988233,11,14,2.216
3491,-5.937271607005127,12,13,2.184
3492,3.232572234601358,13,12,2.336
3493,-15.813906733104059,11,14,2.132
3494,4.5926569661958325,13,12,2.126
3495,-15.558752353802882,11,14,2.156
3496,4.143765545632467,13,12,2.168
3497,4.9766618287531585,13,12,2.3299999999999996
3498,25.51298490825381,15,10,2.332
3499,-34.47110722216904,9,16,2.258
3500,-14.84113511896939,11,14,2.3400000000000003
3501,5.366103585906503,13,12,2.182
3502,-5.329347631952414,12,13,2.178
3503,5.459616458293176,13,12,2.194
3504,-4.9233322966898765,12,13,2.206
3505,-24.74359266718982,10,15,2.35
3506,-4.6958728494764195,12,13,2.194
3507,15.05637104574192,14,11,2.314
3508,-14.74433232232212,11,14,2.248
3509,-15.791881819382512,11,14,2.21
3510,4.74681442398111,13,12,2.2620000000000005
3511,-5.013599375273158,12,13,2.2
3512,14.926761485199904,14,11,2.18
3513,-5.218639198270699,12,13,2.2659999999999996
3514,-14.626738164881749,11,14,2.322
3515,4.3646669646417635,13,12,2.128
3516,-5.3698463721024225,12,13,2.3200000000000003
3517,-15.776590533259608,11,14,2.1759999999999997
3518,-5.392411964603506,12,13,2.1719999999999997
3519,15.11340491202008,14,11,2.3280000000000003
3520,5.2206435529062105,13,12,2.218
3521,-5.6649195577313325,12,13,2.192
3522,-15.126501393693696,11,14,2.276
3523,-4.952663397658984,12,13,2.256
3524,-24.86471380036441,10,15,2.242
3525,-4.685436973961238,12,13,2.294
3526,-5.477980733140086,12,13,2.2060000000000004
3527,15.330709550295438,14,11,2.2039999999999997
3528,4.851896391667685,13,12,2.224
3529,-15.128381275198281,11,14,2.1320000000000006
3530,4.491470243783455,13,12,2.1979999999999995
3531,-5.430546166148261,12,13,2.202
3532,4.67794324223966,13,12,2.332
3533,5.117659144422479,13,12,2.212
3534,5.871126465696282,13,12,2.2619999999999996
3535,-4.805330410767917,12,13,2.226
3536,-5.838528886768033,12,13,2.164
3537,4.981657123189553,13,12,2.166
3538,-15.24350095536115,11,14,2.154
3539,-5.096298733320836,12,13,2.2800000000000002
3540,-4.801996171144811,12,13,2.244
3541,-15.525689364371447,11,14,2.188
3542,5.194006563396982,13,12,2.2039999999999997
3543,-4.203288393315417,12,13,2.152
3544,23.66720412379201,15,10,2.188
3545,5.335922179261079,13,12,2.1580000000000004
3546,-5.78384869338516,12,13,2.2359999999999998
3547,-6.188140983171321,12,13,2.294
3548,4.302657216965166,13,12,2.1919999999999997
3549,4.8911400797758215,13,12,2.21
3550,5.517798477256562,13,12,2.2980000000000005
3551,-5.748560769999319,12,13,2.2180000000000004
3552,-5.230047414066725,12,13,2.214
3553,5.070073945677262,13,12,2.184
3554,-6.238601581718208,12,13,2.2119999999999997
3555,4.440973498161858,13,12,2.2359999999999998
3556,-14.745594421547656,11,14,2.248
3557,4.857359729046824,13,12,2.322
3558,4.763602771409541,13,12,2.32
3559,-5.393792762049674,12,13,2.232
3560,-25.378964398765113,10,15,2.224
3561,4.981148898760047,13,12,2.232
3562,4.397478510727964,13,12,2.2340000000000004
3563,3.9825617965048012,13,12,2.2939999999999996
3564,14.813225749535995,14,11,2.2520000000000002
3565,-5.134280301437007,12,13,2.244
3566,-4.807390542655364,12,13,2.2119999999999997
3567,14.656875133148255,14,11,2.284
3568,15.153487040640309,14,11,2.13
3569,-4.810137883860043,12,13,2.1740000000000004
3570,-5.388254051666246,12,13,2.2080000000000006
3571,-15.834934856353449,11,14,2.222
3572,-4.920217797517573,12,13,2.2860000000000005
3573,4.8341537857346815,13,12,2.304
3574,-5.177085813911651,12,13,2.1900000000000004
3575,-14.759515145995282,11,14,2.222
3576,3.8876055653964006,13,12,2.192
3577,15.317428237844027,14,11,2.234
3578,-5.00485722066758,12,13,2.2760000000000002
3579,-4.996305325067443,12,13,2.2500000000000004
3580,-24.75378115886177,10,15,2.194
3581,-5.361071661047486,12,13,2.19
3582,14.812476772870413,14,11,2.194
3583,-5.200963037420639,12,13,2.1559999999999997
3584,-24.66305586377421,10,15,2.25
3585,4.001164587910374,13,12,2.106
3586,-5.496747869659161,12,13,2.136
3587,-5.74247519039336,12,13,2.2120000000000006
3588,-5.939288098290934,12,13,2.22
3589,-5.531375935257678,12,13,2.3280000000000003
3590,4.607339071340107,13,12,2.136
3591,24.95717963578565,15,10,2.3139999999999996
3592,14.962273406334608,14,11,2.096
3593,3.865759986087781,13,12,2.2220000000000004
3594,3.7578178208879276,13,12,2.21
3595,-5.439702439418674,12,13,2.2680000000000002
3596,-15.984200553817157,11,14,2.1639999999999997
3597,-5.785966293365496,12,13,2.2079999999999997
3598,3.4657795105702593,13,12,2.2020000000000004
3599,3.9433437448792983,13,12,2.168
3600,15.072329345575767,14,11,2.104
3601,3.9775480682506092,13,12,2.162
3602,5.338551715025181,13,12,2.1659999999999995
3603,4.26352939184415,13,12,2.2640000000000002
3604,4.962437219442677,13,12,2.2199999999999998
3605,4.626014394754348,13,12,2.202
3606,4.541720646442078,13,12,2.194
3607,-5.19194991349174,12,13,2.164
3608,-14.924783507309357,11,14,2.25
3609,-5.115512746465463,12,13,2.276
3610,4.864457090604757,13,12,2.14
3611,14.14246076280829,14,11,2.1340000000000003
3612,13.973609623731072,14,11,2.198
3613,14.82721815899266,14,11,2.264
3614,4.490195943891509,13,12,2.2379999999999995
3615,-5.566529253235027,12,13,2.22
3616,3.3116177158325844,13,12,2.2340000000000004
3617,14.58875085564105,14,11,2.242
3618,24.945702758688455,15,10,2.248
3619,4.392558199246056,13,12,2.238
3620,14.765464254216555,14,11,2.354
3621,-5.784599361064188,12,13,2.19
3622,14.468992582554803,14,11,2.146
3623,15.317232857109852,14,11,2.196
3624,4.534818353056025,13,12,2.2120000000000006
3625,14.18969946055048,14,11,2.2479999999999998
3626,4.822615130674857,13,12,2.1759999999999997
3627,4.725540900461894,13,12,2.2139999999999995
3628,4.069480839502225,13,12,2.1
3629,5.710301192091144,13,12,2.2039999999999997
3630,-15.403012685195776,11,14,2.2800000000000002
3631,4.4682609801973,13,12,2.2600000000000002
3632,-15.497250773364438,11,14,2.314
3633,5.13372902776149,13,12,2.112
3634,4.918691710962129,13,12,2.3120000000000003
3635,23.6706567265675,15,10,2.1640000000000006
3636,4.36787544082744,13,12,2.286
3637,3.3999304259781233,13,12,2.278
3638,14.845807784952852,14,11,2.148
3639,-5.211575684805503,12,13,2.136
3640,14.49523304350463,14,11,2.222
3641,-6.338224067640934,12,13,2.2359999999999998
3642,-15.609716401581327,11,14,2.246
3643,14.54047588868071,14,11,2.1959999999999993
3644,-14.353040050751314,11,14,2.266
3645,-15.352018030104208,11,14,2.184
3646,4.627073232651483,13,12,2.242
3647,-15.559931654987023,11,14,2.2760000000000002
3648,-5.562999202780116,12,13,2.1379999999999995
3649,-5.6828001393710785,12,13,2.2239999999999998
3650,4.748627734175294,13,12,2.228
3651,-5.792591503560809,12,13,2.242
3652,4.729033628326768,13,12,2.1980000000000004
3653,13.808380222233897,14,11,2.304
3654,-5.325591797481788,12,13,2.234
3655,-5.869914905123906,12,13,2.2039999999999997
3656,-14.80675070887396,11,14,2.258
3657,4.065589752228548,13,12,2.2379999999999995
3658,4.190098151469725,13,12,2.248
3659,-4.925516585084576,12,13,2.114
3660,4.4927091893496645,13,12,2.216
3661,-5.110313082679966,12,13,2.1860000000000004
3662,-4.420418229275594,12,13,2.2760000000000007
3663,14.540160425312425,14,11,2.2800000000000002
3664,4.9163195129093,13,12,2.304
3665,3.808841340519102,13,12,2.164
3666,3.978943927104547,13,12,2.304
3667,-14.931419926888491,11,14,2.2039999999999997
3668,14.244484660593493,14,11,2.274
3669,4.695408493528996,13,12,2.298
3670,-15.115515995127275,11,14,2.226
3671,4.661950538561861,13,12,2.304
3672,4.686930095017786,13,12,2.3440000000000003
3673,24.83201193515884,15,10,2.286
3674,-5.638111431049209,12,13,2.2119999999999997
3675,3.9032790382135847,13,12,2.2020000000000004
3676,14.841256672575504,14,11,2.246
3677,14.217531964792755,14,11,2.3020000000000005
3678,4.797449133161681,13,12,2.3199999999999994
3679,-25.539617433174232,10,15,2.2
3680,14.994881604026947,14,11,2.2459999999999996
3681,4.796914226408939,13,12,2.1700000000000004
3682,-5.175423713754757,12,13,2.208
3683,14.521210317529365,14,11,2.1720000000000006
3684,-6.7752627435745225,12,13,2.166
3685,-5.66500716218272,12,13,2.2779999999999996
3686,4.658307648584746,13,12,2.2139999999999995
3687,14.651098155831365,14,11,2.188
3688,-5.431461929198868,12,13,2.1780000000000004
3689,-4.699541461830782,12,13,2.2960000000000003
3690,4.15572177344003,13,12,2.254
3691,-15.35595221858474,11,14,2.1340000000000003
3692,-5.487064208212622,12,13,2.2439999999999998
3693,-4.795847405699876,12,13,2.2039999999999997
3694,-5.316113430152296,12,13,2.258
3695,14.504781950434722,14,11,2.19
3696,-5.041259853360689,12,13,2.2479999999999998
3697,15.508957760520884,14,11,2.226
3698,-16.429637380215418,11,14,2.318
3699,-14.813426801935108,11,14,2.2860000000000005
3700,-5.894627872212682,12,13,2.274
3701,4.219119640504992,13,12,2.282
3702,15.007935336507934,14,11,2.0900000000000003
3703,-6.0245504288875065,12,13,2.17
3704,14.186136584224347,14,11,2.19
3705,14.316941571623605,14,11,2.25
3706,3.6513945543695616,13,12,2.188
3707,4.616296994236571,13,12,2.292
3708,24.78736606285598,15,10,2.146
3709,3.168127639117415,13,12,2.1639999999999997
3710,-4.82074843724002,12,13,2.2800000000000002
3711,-5.155727552582901,12,13,2.2319999999999998
3712,-4.7760925855832514,12,13,2.246
3713,-24.737921899443418,10,15,2.2079999999999997
3714,5.651845769955449,13,12,2.2299999999999995
3715,-4.708535743077764,12,13,2.1879999999999997
3716,14.830974642063566,14,11,2.226
3717,-4.7220189106894495,12,13,2.186
3718,4.467868857867966,13,12,2.288
3719,-4.710807214467076,12,13,2.3199999999999994
3720,-4.6101665529055875,12,13,2.202
3721,-5.036856817964768,12,13,2.1420000000000003
3722,15.634267065455301,14,11,2.174
3723,14.999911767200341,14,11,2.196
3724,13.90242295308767,14,11,2.2199999999999998
3725,5.143518140749487,13,12,2.162
3726,5.006651641114081,13,12,2.146
3727,5.301478473867183,13,12,2.2060000000000004
3728,-5.304830249346761,12,13,2.258
3729,-25.07053873064759,10,15,2.1779999999999995
3730,-5.5726144279578556,12,13,2.1860000000000004
3731,-14.746331116721224,11,14,2.2439999999999998
3732,5.15431352753504,13,12,2.2479999999999998
3733,-5.022805124862375,12,13,2.2939999999999996
3734,4.804447681839299,13,12,2.1900000000000004
3735,5.4613964961020915,13,12,2.1700000000000004
3736,15.35709572838067,14,11,2.188
3737,4.799720553842786,13,12,2.288
3738,15.577674062415637,14,11,2.256
3739,-4.7753363758652565,12,13,2.1740000000000004
3740,-5.263801083972472,12,13,2.28
3741,-4.684569812634171,12,13,2.1900000000000004
3742,-5.2099848916241704,12,13,2.286
3743,-4.502795081679136,12,13,2.186
3744,3.415882817378554,13,12,2.2079999999999997
3745,-15.553949583840325,11,14,2.084
3746,-14.79788987823926,11,14,2.14
3747,4.952675473979017,13,12,2.262
3748,4.270183218880727,13,12,2.302
3749,-15.88078346755459,11,14,2.228
3750,-5.167140226376485,12,13,2.2380000000000004
3751,5.107378959292161,13,12,2.264
3752,5.3919237128535435,13,12,2.25
3753,-15.25256932391717,11,14,2.232
3754,-5.0796831944660354,12,13,2.232
3755,4.361784351118644,13,12,2.2120000000000006
3756,4.053094826824104,13,12,2.2700000000000005
3757,15.03917095774252,14,11,2.3120000000000003
3758,-4.811530949481677,12,13,2.192
3759,14.922606021503894,14,11,2.2800000000000002
3760,14.595655033962748,14,11,2.142
3761,-5.618538148499207,12,13,2.1079999999999997
3762,-5.660397090293117,12,13,2.16
3763,15.003281950846885,14,11,2.226
3764,24.91754503635011,15,10,2.194
3765,5.049308329288589,13,12,2.2239999999999998
3766,13.596406882349886,14,11,2.258
3767,14.557925920541777,14,11,2.2399999999999998
3768,4.196379631105922,13,12,2.25
3769,-5.222883242670543,12,13,2.144
3770,-5.372964472275318,12,13,2.1740000000000004
3771,-4.966513179206949,12,13,2.2860000000000005
3772,4.122235816300222,13,12,2.22
3773,14.611806072019641,14,11,2.132
3774,-5.929755013988752,12,13,2.218
3775,5.333205174498388,13,12,2.242
3776,4.875771387179281,13,12,2.19
3777,-5.359014270223195,12,13,2.2139999999999995
3778,4.704620145025444,13,12,2.276
3779,5.241251933314066,13,12,2.1979999999999995
3780,5.9225466992159745,13,12,2.178
3781,15.373567306816877,14,11,2.192
3782,-4.8374701939481675,12,13,2.258
3783,-4.814541748875096,12,13,2.29
3784,5.044424074653408,13,12,2.252
3785,5.022520404216497,13,12,2.236
3786,-4.8563929804851025,12,13,2.21
3787,4.421347501323195,13,12,2.2399999999999998
3788,4.387077241875037,13,12,2.1999999999999997
3789,4.056830472728649,13,12,2.136
3790,4.599478634856927,13,12,2.152
3791,4.639875522483335,13,12,2.27
3792,-15.236145958120463,11,14,2.2720000000000002
3793,-14.518391260937754,11,14,2.186
3794,5.213472505021221,13,12,2.24
3795,-5.487290633246985,12,13,2.232
3796,5.1696350260680415,13,12,2.2199999999999998
3797,-5.7884151690205154,12,13,2.276
3798,5.442096507796746,13,12,2.182
3799,13.76308997078113,14,11,2.2220000000000004
3800,-15.13609600443639,11,14,2.104
3801,-5.378258242235454,12,13,2.306
3802,4.8329601117481005,13,12,2.272
3803,4.691706187134052,13,12,2.164
3804,-4.367711966426343,12,13,2.206
3805,14.552087912929721,14,11,2.1719999999999997
3806,-4.832167067569273,12,13,2.178
3807,5.270121470986837,13,12,2.226
3808,5.546099122600168,13,12,2.114
3809,5.035067044903883,13,12,2.1100000000000003
3810,4.95909000120435,13,12,2.318
3811,4.970346690992402,13,12,2.192
3812,15.71614041457256,14,11,2.21
3813,-5.495963329199828,12,13,2.126
3814,-5.009523749054509,12,13,2.242
3815,14.785324992971908,14,11,2.2340000000000004
3816,-4.109578508778942,12,13,2.17
3817,3.788410942018915,13,12,2.262
3818,-14.85097122016252,11,14,2.264
3819,6.19132114520737,13,12,2.3020000000000005
3820,-15.31310314077008,11,14,2.2700000000000005
3821,14.852049125768536,14,11,2.2380000000000004
3822,-4.512745037015861,12,13,2.1879999999999997
3823,4.509129962157568,13,12,2.2760000000000002
3824,25.187897412538383,15,10,2.316
3825,5.3299423175196345,13,12,2.274
3826,-5.731693873101119,12,13,2.3099999999999996
3827,5.296388142707162,13,12,2.2600000000000007
3828,4.803192568924464,13,12,2.288
3829,-24.871160754824864,10,15,2.196
3830,5.785152233407668,13,12,2.214
3831,-5.487383120780352,12,13,2.1960000000000006
3832,4.917303955537607,13,12,2.242
3833,4.85105953461337,13,12,2.2079999999999997
3834,5.189885134162317,13,12,2.318
3835,4.460928555882761,13,12,2.214
3836,-14.527261784078066,11,14,2.2199999999999998
3837,-4.164010377704458,12,13,2.316
3838,-5.017608188264643,12,13,2.226
3839,16.27194836290215,14,11,2.254
3840,5.3704535172340755,13,12,2.184
3841,4.870131449691611,13,12,2.3179999999999996
3842,5.293811239758193,13,12,2.2579999999999996
3843,-24.67932474727529,10,15,2.202
3844,-5.731499698738554,12,13,2.214
3845,-15.431191361578886,11,14,2.1540000000000004
3846,5.061652468642154,13,12,2.1539999999999995
3847,-5.000850487865687,12,13,2.192
3848,-4.505808580251793,12,13,2.412
3849,5.420021848027963,13,12,2.2079999999999997
3850,5.075076388522444,13,12,2.226
3851,-15.111112061191331,11,14,2.1800000000000006
3852,-5.300971589008515,12,13,2.268
3853,4.836327587124968,13,12,2.2520000000000002
3854,-5.124974676703117,12,13,2.2
3855,-15.734919335121548,11,14,2.274
3856,15.150383014178846,14,11,2.1559999999999997
3857,5.102890182666695,13,12,2.272
3858,4.855653572533441,13,12,2.1540000000000004
3859,-5.3933443361087665,12,13,2.194
3860,3.820437829151187,13,12,2.2720000000000007
3861,-4.989196991892931,12,13,2.1420000000000003
3862,-14.009497482606715,11,14,2.1900000000000004
3863,-16.21016368080985,11,14,2.116
3864,-4.48099356869762,12,13,2.198
3865,15.342279551102271,14,11,2.2840000000000003
3866,-15.325715195375011,11,14,2.178
3867,-5.305687039953319,12,13,2.196
3868,-5.700133049071596,12,13,2.2
3869,-4.7143395896091915,12,13,2.2459999999999996
3870,5.59006057008135,13,12,2.25
3871,-5.26502964443422,12,13,2.2699999999999996
3872,5.323226618413843,13,12,2.2359999999999998
3873,-14.319695735115852,11,14,2.1479999999999997
3874,5.65047736882855,13,12,2.186
3875,4.932563441801161,13,12,2.232
3876,5.3556612772174965,13,12,2.232
3877,-34.718391908110576,9,16,2.18
3878,4.942230906414246,13,12,2.04
3879,-15.865672896563492,11,14,2.23
3880,4.760676512092246,13,12,2.2220000000000004
3881,14.408342612767555,14,11,2.226
3882,-5.203736220177104,12,13,2.284
3883,5.666509106805281,13,12,2.252
3884,-15.493373418642928,11,14,2.19
3885,-15.04318770722483,11,14,2.256
3886,-5.337658487883982,12,13,2.164
3887,5.307148778163535,13,12,2.2599999999999993
3888,4.796190655697603,13,12,2.1740000000000004
3889,5.2630525798632135,13,12,2.2060000000000004
3890,4.0561644850476934,13,12,2.242
3891,-4.69340524901992,12,13,2.2140000000000004
3892,4.395090697849849,13,12,2.2039999999999997
3893,-15.053137087776364,11,14,2.1599999999999997
3894,-5.693660642606428,12,13,2.164
3895,-14.877849971643062,11,14,2.25
3896,-15.070560071539726,11,14,2.164
3897,-14.804316294487673,11,14,2.1979999999999995
3898,4.454214845086524,13,12,2.214
3899,-15.646444313598469,11,14,2.1759999999999997
3900,-14.566252184763215,11,14,2.318
3901,-14.55852446118321,11,14,2.232
3902,-14.97155433721323,11,14,2.2120000000000006
3903,-5.116756530953079,12,13,2.29
3904,-4.741647833249614,12,13,2.2620000000000005
3905,-5.713761593110339,12,13,2.264
3906,-4.810241067656893,12,13,2.16
3907,-15.710055045487014,11,14,2.144
3908,3.8938987113786485,13,12,2.1900000000000004
3909,-4.532421217250835,12,13,2.19
3910,-15.679606551577265,11,14,2.284
3911,-14.891385605587796,11,14,2.3
3912,4.762080416106757,13,12,2.266
3913,-26.539198190490847,10,15,2.286
3914,-5.547207259332573,12,13,2.316
3915,3.912217056306064,13,12,2.252
3916,24.588902714087133,15,10,2.168
3917,-15.335428373540918,11,14,2.178
3918,4.941101307412305,13,12,2.2359999999999998
3919,4.313858499817185,13,12,2.25
3920,-15.371318228548784,11,14,2.206
3921,-4.454704668461316,12,13,2.2199999999999998
3922,-14.849018255038473,11,14,2.3280000000000003
3923,-5.125378605054217,12,13,2.2
3924,-15.692429227917753,11,14,2.272
3925,4.52055196647229,13,12,2.2299999999999995
3926,14.865804245159973,14,11,2.202
3927,-5.350610074089517,12,13,2.1220000000000008
3928,14.590375545221395,14,11,2.13
3929,5.086960679882152,13,12,2.344
3930,-5.63129564958796,12,13,2.2159999999999997
3931,6.008623997468851,13,12,2.1860000000000004
3932,-5.84443335147278,12,13,2.268
3933,-4.245121546532722,12,13,2.25
3934,-5.422518603126872,12,13,2.11
3935,-4.246547838134713,12,13,2.2239999999999998
3936,-4.622308209435627,12,13,2.258
3937,-5.520115711905142,12,13,2.216
3938,-5.584177999661926,12,13,2.3
3939,-15.179066001825866,11,14,2.254
3940,-4.7483709584489775,12,13,2.236
3941,-5.351749731426635,12,13,2.278
3942,4.553919933168798,13,12,2.2079999999999997
3943,-26.263777212811846,10,15,2.294
3944,-5.6225431890751585,12,13,2.2119999999999997
3945,-5.197845621337188,12,13,2.136
3946,-4.744986339848436,12,13,2.2199999999999998
3947,-25.175042763184273,10,15,2.284
3948,-4.594034660570847,12,13,2.192
3949,-14.962500714618837,11,14,2.3199999999999994
3950,5.5610151475369545,13,12,2.28
3951,5.516281899135365,13,12,2.248
3952,5.4793291361594125,13,12,2.2019999999999995
3953,-5.336735820811912,12,13,2.198
3954,-15.49413629659539,11,14,2.3040000000000003
3955,4.169452961306238,13,12,2.158
3956,-5.124369172437223,12,13,2.2479999999999998
3957,-25.096841611373137,10,15,2.2619999999999996
3958,-15.091833213198587,11,14,2.28
3959,-15.881670873659981,11,14,2.196
3960,4.958218123017124,13,12,2.274
3961,4.906488904263824,13,12,2.212
3962,-5.159073314735605,12,13,2.2500000000000004
3963,-4.928251697563944,12,13,2.2359999999999998
3964,-6.760510329872496,12,13,2.184
3965,-15.415310104922375,11,14,2.114
3966,-24.33546048874594,10,15,2.1740000000000004
3967,-4.728773105186725,12,13,2.2180000000000004
3968,-15.09198768663308,11,14,2.2619999999999996
3969,-5.930795625499357,12,13,2.1799999999999997
3970,14.598303010069639,14,11,2.288
3971,-16.261810742752772,11,14,2.1839999999999997
3972,-5.784317264352003,12,13,2.3
3973,-14.998727075844153,11,14,2.268
3974,-4.7061378339747595,12,13,2.1719999999999997
3975,-15.2008984533017,11,14,2.216
3976,-6.814436983134575,12,13,2.288
3977,5.308583193454224,13,12,2.166
3978,-5.438431150279079,12,13,2.2380000000000004
3979,-5.290765717788183,12,13,2.2659999999999996
3980,4.742742803112974,13,12,2.1919999999999997
3981,4.8304668396504375,13,12,2.322
3982,-24.501956545542846,10,15,2.216
3983,-15.063626318392101,11,14,2.1879999999999997
3984,-14.83368476234317,11,14,2.184
3985,-5.218034965789628,12,13,2.1879999999999997
3986,-15.094162573850294,11,14,2.366
3987,-5.868861112314804,12,13,2.2960000000000003
3988,-4.487481675180582,12,13,2.1660000000000004
3989,5.405147626431951,13,12,2.232
3990,5.4231759226352105,13,12,2.202
3991,-14.73971920597646,11,14,2.296
3992,-5.343085475623472,12,13,2.274
3993,-5.22718911640403,12,13,2.2159999999999997
3994,5.397365030239168,13,12,2.1719999999999997
3995,-4.642472725160889,12,13,2.2
3996,5.2303912715124365,13,12,2.2079999999999997
3997,5.184336291547922,13,12,2.154
3998,-4.113481006492701,12,13,2.258
3999,-4.52835252301864,12,13,2.212
4000,-15.203974494174883,11,14,2.256
