"# mode=unfixed d_value=0 d=[1,4] p=0.50 dr=0 seed=10 topology=fixed ch=3 n_agents=5 obs_dim=34 n_episodes=4000"
episode,sum_reward,success,fail,mean_delay
1,-46.69903819042749,8,17,2.182
2,-35.713220916260624,9,16,2.2380000000000004
3,-26.16054821888267,10,15,2.1700000000000004
4,-46.26690697883978,8,17,2.2779999999999996
5,-46.21626887078914,8,17,2.28
6,-66.25846728135505,6,19,2.2299999999999995
7,-24.845496672838685,10,15,2.304
8,-16.91401350708209,11,14,2.23
9,-26.605963358720302,10,15,2.222
10,-36.10255041711104,9,16,2.134
11,-47.39013007388317,8,17,2.316
12,-45.12609036844439,8,17,2.2520000000000002
13,-45.962929937556275,8,17,2.1559999999999997
14,-35.17264848016341,9,16,2.2960000000000003
15,-35.012898350094595,9,16,2.266
16,-56.982556011167624,7,18,2.2520000000000002
17,-35.59731672769697,9,16,2.2439999999999998
18,-55.58163629954687,7,18,2.29
19,-57.84891610869289,7,18,2.21
20,-56.46439949151751,7,18,2.226
21,-46.30330039663484,8,17,2.334
22,-35.48426527704058,9,16,2.258
23,-25.404179844997046,10,15,2.312
24,-35.177714237066205,9,16,2.234
25,-36.816887422177174,9,16,2.1759999999999997
26,-15.850189948990776,11,14,2.2340000000000004
27,-47.50389081077918,8,17,2.2659999999999996
28,-36.86214311085741,9,16,2.282
29,-46.38850381207708,8,17,2.1439999999999997
30,-14.86228931045344,11,14,2.18
31,-47.23440763597576,8,17,2.28
32,-16.398115051590526,11,14,2.2760000000000007
33,-36.78494119859755,9,16,2.188
34,-47.19793425262441,8,17,2.206
35,-37.1143889289602,9,16,2.2319999999999998
36,-56.641223938396216,7,18,2.2960000000000003
37,-25.10653630971855,10,15,2.35
38,-46.32656922284994,8,17,2.1659999999999995
39,-15.67138795866315,11,14,2.2279999999999998
40,-35.8688859378368,9,16,2.17
41,-25.334567467958568,10,15,2.238
42,-35.048355591597726,9,16,2.2239999999999998
43,-46.878023148490065,8,17,2.21
44,-74.42496374160103,5,20,2.28
45,-36.87700921343662,9,16,2.234
46,-56.09694227933724,7,18,2.16
47,-56.03978170409305,7,18,2.2600000000000002
48,-55.44015058422019,7,18,2.2819999999999996
49,-5.9450990882947465,12,13,2.136
50,-44.38238275190236,8,17,2.274
51,-65.81421774403765,6,19,2.21
52,-34.97505452137375,9,16,2.1740000000000004
53,-55.688258672981945,7,18,2.258
54,-6.6317236220303055,12,13,2.202
55,-5.458138472515987,12,13,2.226
56,-25.985942969996966,10,15,2.1900000000000004
57,-45.562639289027956,8,17,2.2239999999999998
58,-35.72464642628265,9,16,2.2140000000000004
59,-46.08761226346182,8,17,2.092
60,-66.79185816830139,6,19,2.1660000000000004
61,-43.673029121476205,8,17,2.2299999999999995
62,-26.431942609573298,10,15,2.212
63,-15.390608021322107,11,14,2.184
64,-46.03404314048868,8,17,2.194
65,-36.53944326222855,9,16,2.148
66,-36.20114100426581,9,16,2.2079999999999997
67,-25.836669344801315,10,15,2.2220000000000004
68,-46.37646207114655,8,17,2.3099999999999996
69,-35.847881534122166,9,16,2.2939999999999996
70,-35.717504868801086,9,16,2.182
71,-45.94087603273685,8,17,2.164
72,-56.48309980735611,7,18,2.178
73,-27.084145406681458,10,15,2.24
74,-46.61463621932374,8,17,2.2199999999999998
75,-15.110644979980584,11,14,2.228
76,-34.983733927240884,9,16,2.1839999999999997
77,-65.25278737537175,6,19,2.292
78,-46.60296721302649,8,17,2.2
79,-65.25450066858298,6,19,2.182
80,4.361848308680791,13,12,2.202
81,-25.075211444877873,10,15,2.2499999999999996
82,-66.00984527336077,6,19,2.128
83,-25.42287319536335,10,15,2.2359999999999998
84,-27.50770403217005,10,15,2.3419999999999996
85,-54.78476161570025,7,18,2.1919999999999997
86,-56.98359648332786,7,18,2.118
87,-46.03661754949672,8,17,2.34
88,-45.7558540764288,8,17,2.2380000000000004
89,-27.86930338295461,10,15,2.246
90,-26.066894650522165,10,15,2.2079999999999997
91,-57.31264508705163,7,18,2.2600000000000002
92,-56.34472391405094,7,18,2.2700000000000005
93,-46.5483938625852,8,17,2.2619999999999996
94,-15.363679016450565,11,14,2.29
95,-35.56500413166221,9,16,2.252
96,-16.075856359633256,11,14,2.1940000000000004
97,-45.49315173325489,8,17,2.2080000000000006
98,-35.15201793552556,9,16,2.2359999999999998
99,-46.703635047231636,8,17,2.21
100,-57.696510544956915,7,18,2.246
101,-36.69861783922355,9,16,2.2180000000000004
102,-56.13127508102338,7,18,2.216
103,-15.519919387967912,11,14,2.148
104,-54.541100021837,7,18,2.136
105,-36.78104309965625,9,16,2.2299999999999995
106,-45.11674896750796,8,17,2.25
107,-15.721582565295517,11,14,2.178
108,-16.494304760297787,11,14,2.168
109,-26.21530622325328,10,15,2.3039999999999994
110,-36.49095810658137,9,16,2.1980000000000004
111,-27.327774395704417,10,15,2.2579999999999996
112,3.0942954901097934,13,12,2.2399999999999998
113,-66.05032530415045,6,19,2.2279999999999998
114,-36.83915902237883,9,16,2.2700000000000005
115,-6.015996510344538,12,13,2.226
116,-45.5874301100715,8,17,2.2020000000000004
117,-46.52642726086451,8,17,2.1719999999999997
118,-26.57835495658661,10,15,2.2600000000000002
119,-47.11143627457342,8,17,2.142
120,-35.54766206453632,9,16,2.254
121,-46.745239232233025,8,17,2.18
122,-26.23247159220564,10,15,2.214
123,-16.493913945201264,11,14,2.1999999999999997
124,-26.179993697423576,10,15,2.1740000000000004
125,-26.582988500265017,10,15,2.352
126,-36.254309912433285,9,16,2.1260000000000003
127,-45.71926137833309,8,17,2.2239999999999998
128,-16.06502434953193,11,14,2.254
129,-6.219183699019153,12,13,2.182
130,-56.84386462949644,7,18,2.16
131,-27.795478184526026,10,15,2.222
132,-34.911123183758484,9,16,2.1359999999999997
133,-16.920972239436,11,14,2.258
134,-35.002336222513584,9,16,2.104
135,-26.591673813403496,10,15,2.2279999999999998
136,-37.5298355349371,9,16,2.228
137,-17.126266125668323,11,14,2.1079999999999997
138,-26.087903052380987,10,15,2.16
139,-15.980208499315625,11,14,2.2400000000000007
140,-5.6760208971248325,12,13,2.232
141,-5.935443759981504,12,13,2.218
142,-16.95248494706649,11,14,2.264
143,-46.791690967335455,8,17,2.2279999999999998
144,-36.365875254519516,9,16,2.1819999999999995
145,-26.763368332564298,10,15,2.308
146,-7.63817596608903,12,13,2.252
147,-6.544467253473092,12,13,2.142
148,-26.087664520744045,10,15,2.228
149,-7.219266354308454,12,13,2.2560000000000002
150,-6.609815379510074,12,13,2.288
151,-35.898838554106845,9,16,2.1700000000000004
152,4.495648051806878,13,12,2.2279999999999998
153,-16.27901830285297,11,14,2.364
154,-16.223246603967482,11,14,2.1380000000000003
155,-45.4569268772697,8,17,2.218
156,-7.09293604546772,12,13,2.1959999999999997
157,-16.172829445663616,11,14,2.15
158,-14.984949930427202,11,14,2.17
159,-25.8024912513664,10,15,2.1559999999999997
160,-26.165214598867628,10,15,2.29
161,-6.372135480253426,12,13,2.1979999999999995
162,-35.52783752234241,9,16,2.1879999999999997
163,-15.314651763982273,11,14,2.15
164,-15.234996604625938,11,14,2.218
165,-35.66179309257915,9,16,2.2660000000000005
166,-25.14817617378205,10,15,2.196
167,-15.910556754203471,11,14,2.2800000000000002
168,-15.865465544827751,11,14,2.2220000000000004
169,-34.67206596333118,9,16,2.222
170,-16.064605294129628,11,14,2.252
171,-24.769767919119538,10,15,2.15
172,-15.36339486662794,11,14,2.1740000000000004
173,-5.51071245824122,12,13,2.2600000000000002
174,-44.80719065167782,8,17,2.226
175,-26.002324587829243,10,15,2.216
176,-6.1221220455446606,12,13,2.3200000000000007
177,-35.018765107042015,9,16,2.22
178,5.114028074909148,13,12,2.2800000000000002
179,-5.94991768858659,12,13,2.212
180,-25.3397476815014,10,15,2.194
181,-5.305440195875013,12,13,2.2460000000000004
182,-25.31654901000718,10,15,2.1700000000000004
183,-5.708253504592774,12,13,2.222
184,4.475148979718367,13,12,2.2600000000000002
185,-15.757407090003023,11,14,2.324
186,5.651131527738668,13,12,2.2
187,4.051755132395631,13,12,2.2139999999999995
188,5.230510085641049,13,12,2.266
189,-4.240477510515789,12,13,2.188
190,5.077306957395689,13,12,2.2640000000000002
191,-5.668579379615463,12,13,2.184
192,-15.370126460558476,11,14,2.2939999999999996
193,-15.306402781246234,11,14,2.21
194,-14.98834211791177,11,14,2.17
195,-15.623610232785662,11,14,2.2
196,-36.06336967323112,9,16,2.228
197,-5.652080807524461,12,13,2.278
198,-5.265043447395903,12,13,2.248
199,-5.784828814140678,12,13,2.188
200,-15.73249770561361,11,14,2.2039999999999997
201,4.125348353105705,13,12,2.2180000000000004
202,-14.789028001422004,11,14,2.2079999999999997
203,-16.218688218621214,11,14,2.206
204,-15.029622391296868,11,14,2.18
205,-4.760383748101977,12,13,2.25
206,4.245041760070302,13,12,2.154
207,-5.367283096594059,12,13,2.218
208,5.314034616519716,13,12,2.146
209,-24.562874134718747,10,15,2.25
210,-4.760385295923473,12,13,2.1719999999999997
211,-15.312467219997922,11,14,2.266
212,-4.590655202986782,12,13,2.1320000000000006
213,-25.94780849465571,10,15,2.2399999999999998
214,-6.072993277930405,12,13,2.27
215,-5.34889639936192,12,13,2.128
216,-15.450022147747598,11,14,2.314
217,-6.0948662776037335,12,13,2.2680000000000002
218,-5.828952683849473,12,13,2.18
219,-24.935981062097625,10,15,2.222
220,4.594853216511146,13,12,2.242
221,4.3181656098200065,13,12,2.254
222,4.736548629938854,13,12,2.184
223,-4.128742609089729,12,13,2.136
224,5.381199337446126,13,12,2.274
225,-35.1113394418651,9,16,2.2060000000000004
226,4.772184452163415,13,12,2.194
227,-5.795475257030242,12,13,2.214
228,-15.841013495841272,11,14,2.232
229,14.463484857759582,14,11,2.232
230,5.279642388016891,13,12,2.29
231,-5.882155057816989,12,13,2.232
232,4.120022602470312,13,12,2.3
233,-4.803067566595966,12,13,2.2660000000000005
234,5.200019269869575,13,12,2.248
235,3.8689518992989296,13,12,2.2300000000000004
236,-4.9747430194586535,12,13,2.2459999999999996
237,14.589535535044764,14,11,2.114
238,4.39096735187481,13,12,2.222
239,14.503955968308802,14,11,2.112
240,-15.141414918683923,11,14,2.168
241,15.047337705877847,14,11,2.176
242,-5.25597896169085,12,13,2.222
243,3.980024160574982,13,12,2.194
244,-5.610482094711577,12,13,2.2039999999999997
245,-14.872838571272286,11,14,2.226
246,15.13873796853061,14,11,2.204
247,-5.244650012353091,12,13,2.2560000000000002
248,4.779008464761777,13,12,2.1660000000000004
249,23.92560566522913,15,10,2.3320000000000003
250,4.035300092398535,13,12,2.088
251,-5.925831700315454,12,13,2.2960000000000003
252,-6.171014302369166,12,13,2.114
253,-15.130618654725547,11,14,2.1800000000000006
254,3.715957285983139,13,12,2.2660000000000005
255,-5.489094232216736,12,13,2.2
256,-6.128214659676626,12,13,2.2380000000000004
257,-6.11887879673383,12,13,2.1540000000000004
258,4.9050136797548305,13,12,2.29
259,-15.640508268211004,11,14,2.198
260,13.441092855465039,14,11,2.188
261,-24.898172752784745,10,15,2.2299999999999995
262,-16.078393832079875,11,14,2.294
263,5.322663425027555,13,12,2.226
264,5.132705185732746,13,12,2.128
265,-5.317446822553579,12,13,2.1859999999999995
266,4.229814515958681,13,12,2.2960000000000003
267,13.335116383121893,14,11,2.238
268,14.455627572159909,14,11,2.188
269,14.726749834966178,14,11,2.228
270,-5.998650869704175,12,13,2.1599999999999997
271,24.2391800573738,15,10,2.2440000000000007
272,-5.748582383129828,12,13,2.2220000000000004
273,14.32698300896517,14,11,2.1220000000000003
274,-16.505310288099867,11,14,2.2380000000000004
275,-6.626459607375256,12,13,2.238
276,4.093678429259439,13,12,2.21
277,13.859186050518272,14,11,2.184
278,23.03956077234831,15,10,2.206
279,4.116670461285885,13,12,2.178
280,-6.157647963225449,12,13,2.2819999999999996
281,13.898257606490013,14,11,2.184
282,-7.376464324765822,12,13,2.2979999999999996
283,-15.313994926686552,11,14,2.226
284,23.140430501490897,15,10,2.268
285,-6.961830465880203,12,13,2.324
286,-6.280355490185142,12,13,2.166
287,4.208103231343813,13,12,2.104
288,-5.2479731836426495,12,13,2.0959999999999996
289,-15.81516932962494,11,14,2.2220000000000004
290,-15.737470617985906,11,14,2.1860000000000004
291,-16.51353590161869,11,14,2.242
292,-26.692616433261733,10,15,2.2680000000000002
293,3.7713661370373517,13,12,2.18
294,-15.777078007365812,11,14,2.104
295,3.5233839207193345,13,12,2.184
296,3.9383336025203004,13,12,2.298
297,3.137609900602949,13,12,2.196
298,-5.9863123035893535,12,13,2.28
299,-16.120819708742278,11,14,2.2459999999999996
300,-6.5964666783637895,12,13,2.184
301,14.178195465070258,14,11,2.194
302,-7.393488088282298,12,13,2.258
303,4.316518215360386,13,12,2.274
304,-5.812518838635042,12,13,2.194
305,-16.48539458283843,11,14,2.3080000000000003
306,-16.441623757384995,11,14,2.13
307,-5.876911636553483,12,13,2.2039999999999997
308,-5.856495623486695,12,13,2.186
309,-16.322175114879077,11,14,2.2619999999999996
310,3.180386038391127,13,12,2.18
311,3.572894461936098,13,12,2.21
312,-25.581493278676597,10,15,2.292
313,-15.951833453256214,11,14,2.2
314,-6.187025194118117,12,13,2.146
315,-6.644103427555331,12,13,2.194
316,-5.6510217477471745,12,13,2.1140000000000003
317,13.82290583040331,14,11,2.204
318,-6.165345378741193,12,13,2.2520000000000002
319,-15.59310626637356,11,14,2.136
320,14.012664849802443,14,11,2.2359999999999998
321,2.9212841205313738,13,12,2.192
322,-6.152483376914584,12,13,2.13
323,-6.187267692539558,12,13,2.1919999999999997
324,-26.38360055322702,10,15,2.194
325,14.305926670028896,14,11,2.372
326,-26.32692778433707,10,15,2.274
327,4.066342727700368,13,12,2.194
328,14.16995991947379,14,11,2.1759999999999997
329,4.3050823004563545,13,12,2.1559999999999997
330,-6.288940520343894,12,13,2.2439999999999998
331,34.11982275278568,16,9,2.2380000000000004
332,3.812302728301713,13,12,2.29
333,-6.187519529259913,12,13,2.1060000000000003
334,2.8744501799354882,13,12,2.1559999999999997
335,-6.987139217676449,12,13,2.232
336,14.133296700651252,14,11,2.2500000000000004
337,-5.419729937290192,12,13,2.298
338,3.701151481343457,13,12,2.226
339,-16.36864159287205,11,14,2.31
340,-15.999622823462108,11,14,2.234
341,3.4337050535222495,13,12,2.2619999999999996
342,4.169905348830163,13,12,2.286
343,3.440605978902645,13,12,2.224
344,4.151121251858635,13,12,2.224
345,3.5190642388369398,13,12,2.26
346,13.85534572346803,14,11,2.258
347,-16.364635664933413,11,14,2.282
348,-26.147394612341223,10,15,2.2819999999999996
349,4.9236540297247124,13,12,2.264
350,-6.81937558255893,12,13,2.2640000000000002
351,13.444663428051701,14,11,2.244
352,-15.412722437631276,11,14,2.152
353,22.924020857680667,15,10,2.1740000000000004
354,-6.460359313251785,12,13,2.196
355,4.398971459559979,13,12,2.2700000000000005
356,3.9889493896845165,13,12,2.2279999999999998
357,-15.360910833777677,11,14,2.2060000000000004
358,-6.217528119757975,12,13,2.1759999999999997
359,4.941569392348519,13,12,2.2
360,13.961578170619875,14,11,2.278
361,3.8595290569437095,13,12,2.2080000000000006
362,-16.16022876105458,11,14,2.2340000000000004
363,-6.147193201154373,12,13,2.254
364,13.529050734002938,14,11,2.188
365,13.737411478026205,14,11,2.274
366,2.71044473752346,13,12,2.106
367,14.171563423261208,14,11,2.316
368,2.7820836300360074,13,12,2.1319999999999997
369,13.55619539019104,14,11,2.208
370,2.995408383396601,13,12,2.2459999999999996
371,-6.2319405826339445,12,13,2.238
372,-7.343043722413327,12,13,2.2199999999999998
373,-7.073498456610526,12,13,2.194
374,3.4354952032373385,13,12,2.1759999999999997
375,-26.953356673473223,10,15,2.15
376,-7.2144981613974135,12,13,2.0919999999999996
377,-8.411553281720671,12,13,2.274
378,-16.071225561083953,11,14,2.246
379,-6.67467076058462,12,13,2.1660000000000004
380,-16.907903548134854,11,14,2.21
381,12.762916007708853,14,11,2.18
382,-17.63920635624814,11,14,2.2119999999999997
383,12.282604923603465,14,11,2.328
384,-16.863035518050793,11,14,2.296
385,-6.569442344296657,12,13,2.1879999999999997
386,3.299807041479284,13,12,2.2899999999999996
387,-7.6145613245416035,12,13,2.292
388,-6.919524342331694,12,13,2.29
389,-7.360545648281349,12,13,2.266
390,2.9682119285147355,13,12,2.2359999999999998
391,3.1376681870695178,13,12,2.13
392,12.442084197409185,14,11,2.262
393,2.713761642004799,13,12,2.1659999999999995
394,3.2907581722139243,13,12,2.164
395,1.8045333453153614,13,12,2.258
396,12.585577917904073,14,11,2.2279999999999998
397,-15.59601444290967,11,14,2.27
398,3.533480248661027,13,12,2.2680000000000002
399,-6.202789293689936,12,13,2.262
400,1.834489747737969,13,12,2.1820000000000004
401,-5.861848826684906,12,13,2.194
402,-7.528858140586885,12,13,2.2199999999999998
403,2.9076225181189774,13,12,2.286
404,-16.577887322344036,11,14,2.1980000000000004
405,2.502296286972353,13,12,2.146
406,-6.285612002171302,12,13,2.214
407,-16.476112173395606,11,14,2.222
408,-16.58317739359886,11,14,2.17
409,-7.336140234139129,12,13,2.2820000000000005
410,2.184611202671464,13,12,2.332
411,2.5717233500675047,13,12,2.236
412,-6.074322148103049,12,13,2.206
413,-5.77402675272448,12,13,2.2060000000000004
414,-6.438126904122033,12,13,2.218
415,-17.998847780556464,11,14,2.2699999999999996
416,-16.784585560308397,11,14,2.226
417,-16.592278193976686,11,14,2.18
418,-16.86082618360449,11,14,2.268
419,-6.678102706641871,12,13,2.182
420,-17.00216243309876,11,14,2.2779999999999996
421,3.264158400196028,13,12,2.1480000000000006
422,2.6167979570052466,13,12,2.1980000000000004
423,-6.865901420833903,12,13,2.252
424,3.878749551068918,13,12,2.2
425,-6.658093735600786,12,13,2.21
426,12.550045911219037,14,11,2.206
427,1.8611293359294443,13,12,2.238
428,3.5323157185593996,13,12,2.1999999999999997
429,-7.3313904734162065,12,13,2.232
430,-16.760966060547375,11,14,2.224
431,-8.14613535072616,12,13,2.278
432,-27.948038162902616,10,15,2.2439999999999998
433,2.8794419352280176,13,12,2.214
434,-17.621966566625947,11,14,2.272
435,-16.764365365291003,11,14,2.266
436,-16.71567860923116,11,14,2.1819999999999995
437,-16.94166697406322,11,14,2.152
438,-36.454670086993026,9,16,2.266
439,11.659675410743837,14,11,2.158
440,-27.026726723834145,10,15,2.2019999999999995
441,-17.6954935587102,11,14,2.1859999999999995
442,-7.624239635891322,12,13,2.1879999999999997
443,-27.11551722008715,10,15,2.2560000000000002
444,-37.571351123722124,9,16,2.3560000000000003
445,-27.472771531477292,10,15,2.232
446,2.385649857635361,13,12,2.2
447,-26.77115390370463,10,15,2.216
448,-7.6929757652129105,12,13,2.2540000000000004
449,-6.5129479586609005,12,13,2.17
450,-6.550606924008383,12,13,2.2939999999999996
451,12.81512928820188,14,11,2.25
452,-28.561035785902376,10,15,2.116
453,3.2243998312780278,13,12,2.252
454,23.707232031063757,15,10,2.182
455,-16.42434046892967,11,14,2.242
456,-17.359930386794847,11,14,2.2119999999999997
457,3.3318562821794533,13,12,2.2359999999999998
458,3.4600203164084533,13,12,2.1460000000000004
459,-18.5205610645024,11,14,2.2219999999999995
460,-7.526993000961367,12,13,2.2600000000000002
461,-7.043212806989736,12,13,2.1439999999999997
462,-7.666121961940073,12,13,2.202
463,-6.549497355801995,12,13,2.21
464,3.1799261000180348,13,12,2.204
465,2.1653250116881826,13,12,2.0919999999999996
466,2.6547524489428733,13,12,2.318
467,11.676851218886192,14,11,2.18
468,-7.715478551937149,12,13,2.222
469,-7.273320037182076,12,13,2.226
470,2.9322875116465053,13,12,2.196
471,-17.93556437619469,11,14,2.146
472,-7.233761895284069,12,13,2.2079999999999997
473,-7.509037587846623,12,13,2.29
474,-8.092350688018879,12,13,2.1799999999999997
475,1.9703476001237732,13,12,2.3240000000000003
476,12.93729867553044,14,11,2.178
477,-7.804856296723669,12,13,2.248
478,12.759437646931104,14,11,2.3
479,-6.455823171710159,12,13,2.2979999999999996
480,-6.886552143341137,12,13,2.2640000000000002
481,-27.564970915005993,10,15,2.252
482,-8.526082615300288,12,13,2.3459999999999996
483,-27.523104436171188,10,15,2.244
484,1.5267188561819802,13,12,2.328
485,-7.37388442393789,12,13,2.26
486,-9.01327162885401,12,13,2.216
487,1.6151933942895482,13,12,2.2960000000000003
488,-8.645945150512855,12,13,2.302
489,-6.059807123035418,12,13,2.244
490,-8.795221934569081,12,13,2.152
491,-18.74944001112668,11,14,2.336
492,2.041781944730919,13,12,2.2039999999999997
493,2.83435908775909,13,12,2.182
494,2.9043657449605744,13,12,2.1980000000000004
495,2.1577980288414986,13,12,2.2119999999999997
496,13.800824610186854,14,11,2.2920000000000003
497,2.565860081668176,13,12,2.2380000000000004
498,-7.7181150171380395,12,13,2.318
499,-7.200577529438582,12,13,2.224
500,-7.408753633584879,12,13,2.2359999999999998
501,1.987614909091664,13,12,2.31
502,-5.983424860502934,12,13,2.1780000000000004
503,3.2910597115577684,13,12,2.1740000000000004
504,3.9048887485072488,13,12,2.2319999999999998
505,13.73908536440334,14,11,2.07
506,-16.586972455884652,11,14,2.252
507,-7.415720872508205,12,13,2.1879999999999997
508,-18.512128637724693,11,14,2.2239999999999998
509,-28.300462235505854,10,15,2.1700000000000004
510,-16.94437045913068,11,14,2.2920000000000003
511,-6.411316851858135,12,13,2.282
512,4.800924937895407,13,12,2.2859999999999996
513,2.614543316116673,13,12,2.21
514,-17.078698986008582,11,14,2.2939999999999996
515,3.498650234495682,13,12,2.246
516,-7.119150851702173,12,13,2.1260000000000003
517,11.380847549610067,14,11,2.2540000000000004
518,12.419480999033267,14,11,2.2300000000000004
519,-18.70495545108031,11,14,2.166
520,-8.793307047375468,12,13,2.3520000000000003
521,-6.490072255692498,12,13,2.214
522,-7.666466013456319,12,13,2.262
523,-8.246121701697987,12,13,2.34
524,23.727410589279984,15,10,2.316
525,-8.370907207439263,12,13,2.1900000000000004
526,33.962333548523254,16,9,2.272
527,2.2396477036596725,13,12,2.236
528,-17.196134502945533,11,14,2.222
529,12.510858209535607,14,11,2.2439999999999998
530,2.4763722877756655,13,12,2.2399999999999998
531,12.869371502621743,14,11,2.224
532,22.05706611005031,15,10,2.2060000000000004
533,12.549322286738205,14,11,2.29
534,2.818128003695639,13,12,2.098
535,2.3986494910171254,13,12,2.226
536,-8.225021681717296,12,13,2.22
537,-6.9542775103555075,12,13,2.2339999999999995
538,2.9853407287214324,13,12,2.2939999999999996
539,22.9687092198695,15,10,2.2079999999999997
540,-7.062630743347069,12,13,2.27
541,12.223641977492424,14,11,2.2
542,11.996347387186905,14,11,2.258
543,-7.44538048843982,12,13,2.198
544,-7.940758400665037,12,13,2.128
545,11.801594517167128,14,11,2.288
546,-7.087380084053383,12,13,2.314
547,13.198985703597982,14,11,2.1060000000000003
548,2.916520593343584,13,12,2.1959999999999997
549,-16.700154723150035,11,14,2.28
550,2.770908440045007,13,12,2.1939999999999995
551,22.17640327085347,15,10,2.202
552,3.107486979247433,13,12,2.2919999999999994
553,1.814977137085049,13,12,2.252
554,11.96282117410388,14,11,2.278
555,2.725903626362478,13,12,2.21
556,22.29185600355164,15,10,2.2199999999999998
557,2.7143846676960397,13,12,2.144
558,-17.790581200725565,11,14,2.188
559,13.0406564232497,14,11,2.2719999999999994
560,-8.423324530564901,12,13,2.19
561,-7.807259433093921,12,13,2.208
562,21.437697079568856,15,10,2.206
563,22.315651099873662,15,10,2.264
564,-6.768776375828794,12,13,2.268
565,11.946504881351112,14,11,2.216
566,11.491812472865737,14,11,2.226
567,1.0647183920602945,13,12,2.2240000000000006
568,12.006648996326287,14,11,2.262
569,12.78071486639354,14,11,2.232
570,-7.738142013930725,12,13,2.2020000000000004
571,0.6662540277704988,13,12,2.1699999999999995
572,1.5980794231640552,13,12,2.182000000000001
573,-8.066647249797175,12,13,2.256
574,1.7220283004490753,13,12,2.15
575,-7.356616437727853,12,13,2.2119999999999997
576,-28.726962567407906,10,15,2.228
577,2.7943592134878363,13,12,2.2879999999999994
578,2.7338336177284903,13,12,2.136
579,-6.4954197651674574,12,13,2.312
580,1.7419587780943342,13,12,2.196
581,-7.4329360825873385,12,13,2.2359999999999998
582,-7.725210972653516,12,13,2.2459999999999996
583,-7.829958759978965,12,13,2.24
584,-6.928468456019417,12,13,2.214
585,-7.687391108586938,12,13,2.122
586,2.6702795115137716,13,12,2.306
587,-6.4908109383048975,12,13,2.2800000000000002
588,1.5407220611031436,13,12,2.278
589,-36.62519889684236,9,16,2.314
590,-16.63676068360645,11,14,2.1740000000000004
591,-6.662993595444724,12,13,2.2239999999999998
592,-27.906723914157197,10,15,2.176
593,-16.940543192597186,11,14,2.196
594,-7.038542681099433,12,13,2.1499999999999995
595,3.1286816018621693,13,12,2.226
596,-8.394801769902765,12,13,2.254
597,-6.904043903526317,12,13,2.166
598,-8.011256363920223,12,13,2.192
599,-16.82160235951938,11,14,2.26
600,4.19437745230562,13,12,2.2359999999999998
601,-27.49053912761055,10,15,2.2239999999999998
602,-27.914288513274464,10,15,2.172
603,-26.52095151147345,10,15,2.244
604,-7.410040491594728,12,13,2.2979999999999996
605,-17.574370804288996,11,14,2.2
606,-17.338708385652595,11,14,2.2299999999999995
607,-17.551573357975258,11,14,2.21
608,-15.898898300309344,11,14,2.2939999999999996
609,3.442097223208025,13,12,2.1919999999999997
610,-8.194133659395902,12,13,2.206
611,-16.68307803935125,11,14,2.1839999999999997
612,14.321358195785361,14,11,2.2220000000000004
613,12.511809708188336,14,11,2.304
614,-17.220577621519187,11,14,2.1380000000000003
615,-16.801152891520655,11,14,2.182
616,-6.344321757547739,12,13,2.1339999999999995
617,12.517644780991112,14,11,2.242
618,3.1270151984800982,13,12,2.264
619,-6.631120976623107,12,13,2.2239999999999998
620,3.375376989259534,13,12,2.346
621,2.1991942259971657,13,12,2.154
622,13.717416661918678,14,11,2.2439999999999998
623,-6.900104828044888,12,13,2.192
624,4.103368374814389,13,12,2.15
625,-17.848690021106346,11,14,2.196
626,3.6753352095620073,13,12,2.2959999999999994
627,12.267134600314039,14,11,2.2199999999999998
628,-16.93058576479617,11,14,2.14
629,14.03254958576101,14,11,2.232
630,-15.602724288514196,11,14,2.2279999999999998
631,-7.05302238031898,12,13,2.132
632,2.9336256005775008,13,12,2.226
633,3.210624569758357,13,12,2.136
634,14.511316619300363,14,11,2.2179999999999995
635,23.371898381879944,15,10,2.2020000000000004
636,14.172538212849355,14,11,2.218
637,3.0150620979179035,13,12,2.214
638,-6.261711361927035,12,13,2.226
639,-6.312334282947406,12,13,2.1620000000000004
640,-6.9329789601963006,12,13,2.232
641,-6.619014529061653,12,13,2.2700000000000005
642,-16.40484495388762,11,14,2.114
643,2.0617505905123856,13,12,2.2960000000000003
644,-6.5078373896031705,12,13,2.182
645,3.3533812460964283,13,12,2.2140000000000004
646,3.71439483985532,13,12,2.13
647,3.2099473497486164,13,12,2.222
648,-6.224494425574411,12,13,2.21
649,-16.558332922879732,11,14,2.2399999999999998
650,3.8136617305011162,13,12,2.1420000000000003
651,-6.289388353508029,12,13,2.2020000000000004
652,12.366810903866792,14,11,2.244
653,13.5370411407417,14,11,2.234
654,-6.802803479349438,12,13,2.2280000000000006
655,13.694900968150296,14,11,2.2079999999999997
656,3.2960025096133485,13,12,2.184
657,13.596515067484324,14,11,2.18
658,13.124051600769683,14,11,2.2920000000000003
659,-6.291449657430449,12,13,2.186
660,13.319155667164146,14,11,2.0860000000000003
661,-16.604398571185925,11,14,2.256
662,4.363803640553221,13,12,2.2619999999999996
663,3.2843706766894023,13,12,2.258
664,3.6798102123263368,13,12,2.1919999999999997
665,2.985234372303095,13,12,2.178
666,3.066861886906328,13,12,2.3120000000000003
667,3.513038771092134,13,12,2.1400000000000006
668,4.034172771567912,13,12,2.254
669,2.601325252533763,13,12,2.2079999999999997
670,-6.819112088818965,12,13,2.2920000000000003
671,13.574015746041166,14,11,2.2640000000000002
672,-6.438964502693118,12,13,2.158
673,-6.531883763721659,12,13,2.21
674,13.436457871111433,14,11,2.23
675,23.30613347755571,15,10,2.24
676,14.114664649594115,14,11,2.246
677,3.592111396399515,13,12,2.2159999999999997
678,-17.427348029978727,11,14,2.2199999999999998
679,3.153328350892604,13,12,2.276
680,-7.130173906966512,12,13,2.184
681,-6.442158921349115,12,13,2.184
682,14.59517462036403,14,11,2.2979999999999996
683,-15.639098296499036,11,14,2.252
684,-27.405863417058836,10,15,2.29
685,-6.382567843205375,12,13,2.306
686,-16.23213435703026,11,14,2.194
687,-6.715924156987147,12,13,2.1800000000000006
688,2.933003201549898,13,12,2.238
689,-16.321857958207225,11,14,2.2540000000000004
690,-16.597198570567844,11,14,2.25
691,-16.22726932541252,11,14,2.1420000000000003
692,4.589880663662676,13,12,2.1700000000000004
693,4.214917087917337,13,12,2.21
694,-16.72034790842784,11,14,2.146
695,-26.330030133023328,10,15,2.2039999999999997
696,2.794998780538516,13,12,2.1719999999999997
697,4.339141743946076,13,12,2.268
698,-16.393120938234805,11,14,2.1540000000000004
699,12.91052961465845,14,11,2.23
700,2.940153138526771,13,12,2.2359999999999998
701,3.5186705228592725,13,12,2.244
702,3.7585280625455537,13,12,2.216
703,13.271550706945987,14,11,2.2319999999999998
704,4.231519495427394,13,12,2.21
705,3.598318302863442,13,12,2.166
706,-15.494888998482073,11,14,2.2339999999999995
707,-7.1528786993452,12,13,2.2199999999999998
708,-26.70565216546057,10,15,2.1079999999999997
709,-17.73255707574957,11,14,2.2199999999999998
710,-16.643610589208883,11,14,2.332
711,-17.056887596800756,11,14,2.144
712,-6.831025969769837,12,13,2.21
713,3.6280314381315506,13,12,2.2619999999999996
714,-17.40692384925585,11,14,2.2939999999999996
715,3.2246796020389183,13,12,2.266
716,-6.740989750232529,12,13,2.1559999999999997
717,23.711393888988454,15,10,2.344
718,-6.854902363806776,12,13,2.2059999999999995
719,13.43329494366379,14,11,2.1740000000000004
720,-6.855560992400902,12,13,2.1399999999999997
721,-7.8038773281500555,12,13,2.152
722,12.874105991257242,14,11,2.1740000000000004
723,2.7276200272979447,13,12,2.232
724,14.2880397182845,14,11,2.224
725,3.8636596162134174,13,12,2.3020000000000005
726,24.12255368450778,15,10,2.178
727,-6.569756247738451,12,13,2.316
728,3.1020115824568593,13,12,2.152
729,-16.650486352542874,11,14,2.232
730,-5.45730232569695,12,13,2.234
731,-15.851013355779894,11,14,2.1160000000000005
732,-6.667217976911136,12,13,2.2619999999999996
733,-6.749389253853808,12,13,2.216
734,34.22294413947081,16,9,2.29
735,2.9325122679576943,13,12,2.3080000000000003
736,22.93699677415577,15,10,2.1900000000000004
737,12.887620146947196,14,11,2.2960000000000003
738,14.034713790005405,14,11,2.336
739,3.5010992196872177,13,12,2.1719999999999997
740,-6.519072773850164,12,13,2.2359999999999998
741,24.75598889842292,15,10,2.3099999999999996
742,3.307195953508346,13,12,2.1559999999999997
743,-5.813962444070822,12,13,2.2
744,13.800354263901168,14,11,2.2300000000000004
745,2.442632991825027,13,12,2.242
746,13.84127483830292,14,11,2.152
747,2.8404652704245397,13,12,2.238
748,4.484051012660224,13,12,2.2640000000000002
749,2.8955769780559173,13,12,2.3
750,-15.782752867148716,11,14,2.2
751,3.6346318909633677,13,12,2.1859999999999995
752,13.392188118750484,14,11,2.1759999999999997
753,13.614024379947157,14,11,2.252
754,-6.0934215390598165,12,13,2.13
755,4.251205074060877,13,12,2.238
756,3.217057871617744,13,12,2.154
757,24.588766674916627,15,10,2.232
758,-16.77120618659204,11,14,2.2979999999999996
759,-5.940712829472396,12,13,2.3
760,13.237321968460236,14,11,2.1719999999999997
761,3.6103002240578093,13,12,2.198
762,2.8258728658919843,13,12,2.2880000000000003
763,-26.3477258934836,10,15,2.256
764,3.5367290366914688,13,12,2.21
765,2.789001951416922,13,12,2.206
766,4.375684547794458,13,12,2.242
767,13.892714374806502,14,11,2.2060000000000004
768,13.386084341504475,14,11,2.1160000000000005
769,3.296992497699218,13,12,2.232
770,24.32290009019983,15,10,2.2600000000000002
771,23.762896685022312,15,10,2.168
772,23.732783555209753,15,10,2.258
773,-6.73624291567314,12,13,2.2359999999999998
774,-6.326278801410021,12,13,2.2279999999999998
775,13.851922714759102,14,11,2.258
776,13.402468468374611,14,11,2.242
777,13.900443086245795,14,11,2.228
778,14.186700399584392,14,11,2.164
779,3.7669794941211263,13,12,2.258
780,14.474988822635517,14,11,2.2920000000000003
781,4.340035780192878,13,12,2.1960000000000006
782,-5.479991302714938,12,13,2.222
783,4.532622126022593,13,12,2.252
784,-15.70406600203518,11,14,2.254
785,13.642720749213542,14,11,2.256
786,-5.9581655126148165,12,13,2.226
787,-16.10534940945959,11,14,2.286
788,-15.79889482034445,11,14,2.282
789,14.143439289673376,14,11,2.2079999999999997
790,4.845583320182348,13,12,2.21
791,14.417329524555795,14,11,2.322
792,14.101714872248628,14,11,2.2399999999999998
793,4.365522386637878,13,12,2.184
794,-5.8647281880307975,12,13,2.182
795,14.297914467041016,14,11,2.256
796,-16.15489546255628,11,14,2.0740000000000003
797,-25.145099361243545,10,15,2.268
798,4.440509666151721,13,12,2.2979999999999996
799,-15.032482899502188,11,14,2.306
800,-15.8260808956919,11,14,2.2779999999999996
801,-15.087469963753408,11,14,2.158
802,4.12935508777492,13,12,2.3099999999999996
803,-15.12351544989528,11,14,2.1980000000000004
804,5.51835985836961,13,12,2.1959999999999997
805,14.20487182040388,14,11,2.2460000000000004
806,-5.271181252421158,12,13,2.21
807,14.716319202900896,14,11,2.214
808,5.278764434667945,13,12,2.2460000000000004
809,4.8714601095162635,13,12,2.226
810,-5.498775887120668,12,13,2.288
811,-15.626959958042121,11,14,2.276
812,-6.218820080452524,12,13,2.2299999999999995
813,-15.316183732091812,11,14,2.276
814,-4.565067302600175,12,13,2.164
815,3.9623162202814903,13,12,2.242
816,-3.934125708161652,12,13,2.332
817,4.644053254255025,13,12,2.222
818,14.88466498819476,14,11,2.202
819,4.531952746020357,13,12,2.154
820,15.000561461801937,14,11,2.2619999999999996
821,4.844198027729453,13,12,2.13
822,24.052410425127036,15,10,2.1100000000000003
823,-25.71176644607573,10,15,2.2760000000000007
824,3.633742751403802,13,12,2.246
825,25.16066410753059,15,10,2.262
826,4.256632537985374,13,12,2.2159999999999997
827,25.1190136620066,15,10,2.2079999999999993
828,-14.727152065844304,11,14,2.2439999999999998
829,-4.725249915269551,12,13,2.1879999999999997
830,5.538113986697713,13,12,2.186
831,14.468270636238165,14,11,2.134
832,-5.979529551250453,12,13,2.178
833,-6.229890198139309,12,13,2.2120000000000006
834,4.164888681172296,13,12,2.2619999999999996
835,14.213306735217085,14,11,2.184
836,-5.23055080525656,12,13,2.1860000000000004
837,5.899326397659541,13,12,2.302
838,14.95949836363375,14,11,2.1999999999999997
839,24.222862349203993,15,10,2.2540000000000004
840,-5.407380789548196,12,13,2.076
841,5.00123890175858,13,12,2.214
842,14.332675766287846,14,11,2.2319999999999998
843,-25.02501638787001,10,15,2.3039999999999994
844,14.718232833115458,14,11,2.2179999999999995
845,4.781176333469077,13,12,2.216
846,-26.075685745084343,10,15,2.126
847,-5.582943236656969,12,13,2.152
848,-6.344360893365124,12,13,2.22
849,24.618464514561975,15,10,2.162
850,-15.410724427851036,11,14,2.186
851,-14.665155708622873,11,14,2.274
852,5.360932072087312,13,12,2.1180000000000003
853,4.832296468476116,13,12,2.304
854,24.68650554793123,15,10,2.2439999999999998
855,4.54510135908329,13,12,2.232
856,15.016145093120175,14,11,2.2600000000000002
857,-5.090093907258419,12,13,2.208
858,15.517980762054727,14,11,2.0940000000000003
859,14.881856433077026,14,11,2.246
860,-5.950486320970038,12,13,2.228
861,-6.255266752388618,12,13,2.208
862,4.1926254218894865,13,12,2.232
863,5.43697485635737,13,12,2.3
864,-5.98289140528037,12,13,2.162
865,-15.172733114412054,11,14,2.218
866,15.017016789913802,14,11,2.192
867,-5.471773741897115,12,13,2.2619999999999996
868,4.227523290831275,13,12,2.268
869,-5.410771351564561,12,13,2.2180000000000004
870,-25.335244798802684,10,15,2.2180000000000004
871,5.5778442245508995,13,12,2.2359999999999998
872,14.028347395784948,14,11,2.2039999999999997
873,5.190306111036257,13,12,2.316
874,5.146679443173181,13,12,2.2159999999999997
875,-5.147268752663207,12,13,2.2479999999999998
876,5.185695713287499,13,12,2.2659999999999996
877,-5.889910947248534,12,13,2.2079999999999997
878,4.526793262521142,13,12,2.154
879,14.308930906208671,14,11,2.3339999999999996
880,4.852513253256081,13,12,2.192
881,-5.258711321364501,12,13,2.2399999999999998
882,23.653989338513455,15,10,2.2619999999999996
883,4.819992515413915,13,12,2.2659999999999996
884,5.074918890811588,13,12,2.226
885,25.66872268405772,15,10,2.246
886,24.181185921362886,15,10,2.1740000000000004
887,14.625613456659437,14,11,2.274
888,4.812190185091641,13,12,2.1260000000000003
889,14.654849811843238,14,11,2.3059999999999996
890,-15.43227783670828,11,14,2.2779999999999996
891,25.717923501189283,15,10,2.2840000000000003
892,-5.3663317574441365,12,13,2.252
893,34.03975954215115,16,9,2.186
894,4.769059051720557,13,12,2.2079999999999997
895,4.456685915790866,13,12,2.268
896,5.192953541401414,13,12,2.192
897,14.68467922923164,14,11,2.128
898,-16.164396618448983,11,14,2.2079999999999997
899,4.222233796627599,13,12,2.2039999999999997
900,-15.015999448679924,11,14,2.2039999999999997
901,4.681932062272445,13,12,2.286
902,14.616495503237804,14,11,2.1860000000000004
903,-5.209177755532785,12,13,2.242
904,-5.13136821503563,12,13,2.24
905,-15.972616741250812,11,14,2.25
906,5.429108443472721,13,12,2.2359999999999998
907,-4.774337509912794,12,13,2.328
908,-5.764347876749712,12,13,2.238
909,4.873283351853505,13,12,2.21
910,4.639691845300927,13,12,2.214
911,-14.590288616909419,11,14,2.238
912,-14.855189664462582,11,14,2.2760000000000002
913,-15.340124473171365,11,14,2.2939999999999996
914,14.523358949707532,14,11,2.302
915,3.9353607338144947,13,12,2.226
916,4.1763670717172765,13,12,2.2700000000000005
917,4.153161658177776,13,12,2.13
918,4.5674358837305675,13,12,2.1639999999999993
919,-5.280120344499064,12,13,2.212
920,-4.69590094597087,12,13,2.278
921,-5.245821632095936,12,13,2.232
922,-14.893143328576159,11,14,2.2060000000000004
923,-5.0477823358514,12,13,2.264
924,4.181977878619103,13,12,2.1879999999999997
925,-5.2298561344085055,12,13,2.242
926,34.223277980076716,16,9,2.21
927,-5.3307536805044435,12,13,2.1440000000000006
928,-6.173524795128185,12,13,2.212
929,4.706118968466754,13,12,2.2239999999999998
930,5.458411076771437,13,12,2.164
931,-6.044703995213057,12,13,2.208
932,-6.305857238107134,12,13,2.242
933,-24.94017940181587,10,15,2.248
934,4.66459010634347,13,12,2.152
935,4.1274824188949815,13,12,2.3259999999999996
936,-25.891946301375416,10,15,2.24
937,4.156383819370909,13,12,2.2979999999999996
938,13.479149429390663,14,11,2.224
939,-16.566575658732894,11,14,2.284
940,5.26119287650959,13,12,2.1919999999999997
941,25.40921904113897,15,10,2.242
942,3.9281668636464504,13,12,2.1420000000000003
943,-5.272403357995547,12,13,2.248
944,-16.206967634880314,11,14,2.2199999999999998
945,-6.304297381473267,12,13,2.1860000000000004
946,-5.010833599148825,12,13,2.3040000000000003
947,-5.874507476124263,12,13,2.2819999999999996
948,4.862459020460502,13,12,2.2779999999999996
949,13.705273492863004,14,11,2.1599999999999997
950,-17.165658018976647,11,14,2.2199999999999998
951,-15.008343748583185,11,14,2.136
952,3.9553447758065516,13,12,2.2
953,-16.444603542349487,11,14,2.24
954,-5.630166496267515,12,13,2.248
955,4.561967875793098,13,12,2.284
956,-6.728352535666216,12,13,2.238
957,-16.572203141757754,11,14,2.2819999999999996
958,4.153926849910603,13,12,2.2920000000000003
959,-5.669614589594612,12,13,2.24
960,3.987047205785478,13,12,2.162
961,14.844898433800052,14,11,2.1980000000000004
962,-6.993286782758442,12,13,2.178
963,13.510818575343581,14,11,2.228
964,2.0809814787093455,13,12,2.192
965,13.68164563430855,14,11,2.1580000000000004
966,13.62618442974958,14,11,2.1639999999999997
967,-16.966471115779083,11,14,2.2139999999999995
968,-15.82623894904523,11,14,2.16
969,-6.09856723852009,12,13,2.258
970,-27.056779858830524,10,15,2.1279999999999997
971,3.7946627882970247,13,12,2.196
972,-15.546626122447403,11,14,2.178
973,-16.784478816422286,11,14,2.196
974,2.2960823078684944,13,12,2.2859999999999996
975,3.1917993966554636,13,12,2.1759999999999997
976,-15.818635666052467,11,14,2.2600000000000002
977,-7.18614932969602,12,13,2.3139999999999996
978,-17.20337148647301,11,14,2.2459999999999996
979,-16.415217722334383,11,14,2.136
980,-7.3086042710217445,12,13,2.306
981,-6.735634711099465,12,13,2.176
982,-27.55317801336317,10,15,2.226
983,-6.759618081889645,12,13,2.2020000000000004
984,13.111578694012085,14,11,2.244
985,-6.775686061830973,12,13,2.2
986,-16.198515523556978,11,14,2.3360000000000003
987,12.709407353917651,14,11,2.2439999999999998
988,-16.9493769351611,11,14,2.242
989,3.6727703438327026,13,12,2.1719999999999997
990,13.14880031868306,14,11,2.2600000000000002
991,3.5284621831050766,13,12,2.248
992,-28.09119689657787,10,15,2.254
993,4.834451524183851,13,12,2.1820000000000004
994,-6.167117512028856,12,13,2.2380000000000004
995,2.667552691286396,13,12,2.192
996,-7.2150282156819205,12,13,2.1740000000000004
997,-6.255351355757129,12,13,2.182
998,3.4409631772312874,13,12,2.2600000000000002
999,-17.25340462888671,11,14,2.144
1000,3.0316533152685494,13,12,2.2760000000000002
1001,-7.566150031098647,12,13,2.208
1002,-18.083484121894323,11,14,2.2359999999999998
1003,-6.830988684910325,12,13,2.2020000000000004
1004,-7.96414275462058,12,13,2.212
1005,4.169615715672407,13,12,2.246
1006,23.76835075822958,15,10,2.21
1007,23.608027637764472,15,10,2.224
1008,3.949899659542063,13,12,2.2960000000000003
1009,-7.476713179609408,12,13,2.1819999999999995
1010,-7.489641110652251,12,13,2.24
1011,4.551827628361167,13,12,2.2319999999999998
1012,5.077218502027403,13,12,2.2019999999999995
1013,-15.831062525414186,11,14,2.2139999999999995
1014,3.770792946723816,13,12,2.2279999999999998
1015,-6.34918969959196,12,13,2.162
1016,-6.498991570269354,12,13,2.3139999999999996
1017,-4.783781618296253,12,13,2.258
1018,-6.630362214777451,12,13,2.288
1019,5.050906434013358,13,12,2.1719999999999997
1020,-15.75009261570677,11,14,2.1960000000000006
1021,23.48581604078127,15,10,2.258
1022,12.791853481058816,14,11,2.1399999999999997
1023,3.622039758987576,13,12,2.2800000000000002
1024,-6.149310573474622,12,13,2.26
1025,23.034692964350043,15,10,2.214
1026,3.433248395515312,13,12,2.342
1027,14.24379175220913,14,11,2.196
1028,4.020545649966854,13,12,2.202
1029,-16.904122174049988,11,14,2.304
1030,13.049808859630494,14,11,2.158
1031,13.731474732192066,14,11,2.246
1032,4.054572595002313,13,12,2.224
1033,14.685827156083656,14,11,2.272
1034,4.472910214277503,13,12,2.1719999999999997
1035,14.574744832733103,14,11,2.222
1036,-6.816621875607321,12,13,2.2439999999999998
1037,4.537408051275785,13,12,2.168
1038,3.6919874323758535,13,12,2.284
1039,3.395378169677519,13,12,2.2199999999999998
1040,4.088229875937909,13,12,2.316
1041,-5.041513302761468,12,13,2.224
1042,-6.111867359624714,12,13,2.196
1043,3.190249708983904,13,12,2.254
1044,23.27045595282856,15,10,2.288
1045,13.199215735678864,14,11,2.218
1046,4.397255580158081,13,12,2.1960000000000006
1047,4.206388229016149,13,12,2.2939999999999996
1048,14.466880948098048,14,11,2.218
1049,-37.126945603747856,9,16,2.2659999999999996
1050,2.880912882940823,13,12,2.26
1051,-6.59149638145841,12,13,2.2039999999999997
1052,14.47231959682219,14,11,2.3
1053,13.62697079979502,14,11,2.1979999999999995
1054,-6.825659231090208,12,13,2.198
1055,-6.777184377281618,12,13,2.178
1056,-16.2293253990421,11,14,2.2880000000000003
1057,-17.188464800318556,11,14,2.1940000000000004
1058,2.1279614934654063,13,12,2.2
1059,23.323893348554794,15,10,2.252
1060,-16.779646466001203,11,14,2.3539999999999996
1061,-6.843755033243274,12,13,2.256
1062,23.265528303558014,15,10,2.2139999999999995
1063,12.745603997691596,14,11,2.202
1064,-7.442198064356807,12,13,2.1900000000000004
1065,-7.8382854405863736,12,13,2.1820000000000004
1066,-26.902155257013924,10,15,2.246
1067,2.85690769589427,13,12,2.226
1068,14.322415746748923,14,11,2.3
1069,-17.318838786620326,11,14,2.2439999999999998
1070,-17.248296784094613,11,14,2.3160000000000003
1071,-17.70141499350353,11,14,2.1639999999999997
1072,-16.914732144773343,11,14,2.1580000000000004
1073,-16.992904653593836,11,14,2.2339999999999995
1074,3.138761091060392,13,12,2.216
1075,3.535283966595385,13,12,2.2619999999999996
1076,-6.695424787088177,12,13,2.178
1077,-16.865902868635935,11,14,2.242
1078,3.476291410565679,13,12,2.286
1079,-17.217061796550734,11,14,2.1940000000000004
1080,13.562428025327431,14,11,2.2980000000000005
1081,2.860968727375001,13,12,2.226
1082,3.5534687853574702,13,12,2.2520000000000002
1083,-6.977825579221578,12,13,2.24
1084,-7.247156903302434,12,13,2.15
1085,-7.371458128141444,12,13,2.254
1086,-8.37127406203334,12,13,2.184
1087,3.3881391028152326,13,12,2.146
1088,13.670782783426677,14,11,2.24
1089,-5.795685934913742,12,13,2.248
1090,-5.160713008654085,12,13,2.192
1091,3.633726246633966,13,12,2.3280000000000003
1092,23.533626159963156,15,10,2.13
1093,-27.403843438058825,10,15,2.344
1094,23.607193294464338,15,10,2.1399999999999997
1095,24.31190541466154,15,10,2.168
1096,4.883302876389433,13,12,2.2279999999999998
1097,4.057700004257137,13,12,2.1700000000000004
1098,24.395793530067234,15,10,2.146
1099,-5.450368572246171,12,13,2.3180000000000005
1100,13.465400935149678,14,11,2.21
1101,-5.16848287413325,12,13,2.1719999999999997
1102,3.9891703224925195,13,12,2.1879999999999997
1103,13.59408960669736,14,11,2.26
1104,-6.431338020084869,12,13,2.278
1105,-5.274323321944795,12,13,2.2439999999999998
1106,13.481782224647933,14,11,2.136
1107,14.144200914136928,14,11,2.3000000000000003
1108,3.940173091668637,13,12,2.184
1109,4.459664800181187,13,12,2.2120000000000006
1110,3.7935028003246085,13,12,2.2279999999999998
1111,-5.261180534107989,12,13,2.176
1112,3.4440465000254328,13,12,2.1719999999999997
1113,-5.39225165622566,12,13,2.15
1114,4.955104807823965,13,12,2.2239999999999998
1115,13.927397667389613,14,11,2.3600000000000003
1116,3.529773775005866,13,12,2.2079999999999997
1117,-5.706663650629256,12,13,2.1700000000000004
1118,-15.400451366397888,11,14,2.1700000000000004
1119,24.82639289897462,15,10,2.2600000000000002
1120,24.02370042247677,15,10,2.1979999999999995
1121,4.51814840112668,13,12,2.2840000000000003
1122,4.620933649969242,13,12,2.276
1123,-5.756689084496229,12,13,2.1919999999999997
1124,23.542147622355504,15,10,2.16
1125,-6.326435146731098,12,13,2.3200000000000003
1126,-5.4369800709084295,12,13,2.206
1127,13.986616432544288,14,11,2.244
1128,4.498731491013558,13,12,2.272
1129,14.856556313849065,14,11,2.1759999999999997
1130,3.881235504512812,13,12,2.1519999999999997
1131,24.421819491309236,15,10,2.2159999999999997
1132,14.408010232406241,14,11,2.2300000000000004
1133,4.524816071904283,13,12,2.242
1134,-5.842427195845737,12,13,2.248
1135,4.052405605427396,13,12,2.224
1136,3.9801803131543387,13,12,2.2340000000000004
1137,-6.3082863905355815,12,13,2.2039999999999997
1138,-25.801191166452913,10,15,2.1399999999999997
1139,3.770533429455158,13,12,2.1659999999999995
1140,3.739289908193758,13,12,2.178
1141,-5.664149624592305,12,13,2.1
1142,5.116012031872426,13,12,2.128
1143,25.112894984414645,15,10,2.0940000000000003
1144,-5.622205262239969,12,13,2.3080000000000003
1145,15.265270530448232,14,11,2.1440000000000006
1146,4.0227539351975174,13,12,2.182
1147,13.83027600436908,14,11,2.272
1148,15.161908232108335,14,11,2.178
1149,4.587441312968162,13,12,2.202
1150,13.911173126084186,14,11,2.25
1151,-6.145571129040404,12,13,2.11
1152,14.448260166793393,14,11,2.2019999999999995
1153,3.7846871314666526,13,12,2.234
1154,5.2616062461524535,13,12,2.374
1155,-5.638776328003717,12,13,2.142
1156,14.21140458976013,14,11,2.246
1157,13.852942046374357,14,11,2.1820000000000004
1158,5.120413883857815,13,12,2.182
1159,14.386059670146365,14,11,2.14
1160,-4.915176066532748,12,13,2.3259999999999996
1161,14.37387705263482,14,11,2.216
1162,4.215336152909913,13,12,2.1879999999999997
1163,15.191093502021339,14,11,2.2359999999999998
1164,4.129139096893407,13,12,2.2860000000000005
1165,5.71092507073122,13,12,2.184
1166,15.648025098489347,14,11,2.2500000000000004
1167,-5.413579103977225,12,13,2.1879999999999997
1168,4.639112909208535,13,12,2.232
1169,4.899372313453005,13,12,2.142
1170,-15.95144611955265,11,14,2.1340000000000003
1171,-5.768524686242172,12,13,2.276
1172,4.9481694993938525,13,12,2.2279999999999998
1173,5.4325057193655475,13,12,2.222
1174,14.90691926550441,14,11,2.2399999999999998
1175,-5.014328376504292,12,13,2.3280000000000003
1176,-6.011720328754102,12,13,2.226
1177,-6.031714565755632,12,13,2.2020000000000004
1178,14.586248456461634,14,11,2.186
1179,5.012262982212047,13,12,2.1740000000000004
1180,4.741539481939505,13,12,2.1640000000000006
1181,14.62307300784867,14,11,2.1339999999999995
1182,-5.939951541636368,12,13,2.234
1183,13.811787817448751,14,11,2.258
1184,5.1787536224019135,13,12,2.156
1185,14.891504315302992,14,11,2.1940000000000004
1186,14.447567748094052,14,11,2.1380000000000003
1187,-5.748473547383313,12,13,2.262
1188,13.705971976071396,14,11,2.1759999999999993
1189,4.864599657271629,13,12,2.2840000000000003
1190,4.711199127388106,13,12,2.248
1191,-6.047753481255322,12,13,2.3000000000000003
1192,24.149193679702872,15,10,2.1919999999999997
1193,4.574760166823914,13,12,2.178
1194,4.760755908177547,13,12,2.196
1195,14.30811266021459,14,11,2.246
1196,-15.820464374292762,11,14,2.1719999999999997
1197,4.05280700383423,13,12,2.2020000000000004
1198,4.248331117990926,13,12,2.2179999999999995
1199,-6.076145457040722,12,13,2.168
1200,-6.4352951332323105,12,13,2.3199999999999994
1201,4.019176485460104,13,12,2.17
1202,14.897182653022496,14,11,2.27
1203,24.903990422245585,15,10,2.1700000000000004
1204,14.80241004770836,14,11,2.1759999999999997
1205,5.915823703053903,13,12,2.226
1206,3.5945245853678145,13,12,2.2079999999999997
1207,4.278212153848523,13,12,2.282
1208,4.730949350591985,13,12,2.192
1209,-15.556513592315662,11,14,2.2540000000000004
1210,-5.437363746065365,12,13,2.1399999999999997
1211,14.731729669946285,14,11,2.2199999999999998
1212,4.186608869409543,13,12,2.238
1213,-25.153168485819542,10,15,2.176
1214,14.31117836072659,14,11,2.274
1215,-5.835978899017173,12,13,2.182
1216,4.545645359120509,13,12,2.276
1217,-15.13404092817214,11,14,2.2020000000000004
1218,-6.754000788970565,12,13,2.234
1219,-5.723763128031752,12,13,2.334
1220,4.618012378946851,13,12,2.194
1221,4.934929442909702,13,12,2.1760000000000006
1222,13.113073707957405,14,11,2.218
1223,4.409797949781947,13,12,2.1900000000000004
1224,14.27006970001951,14,11,2.1480000000000006
1225,14.302019323830725,14,11,2.136
1226,-6.614438849906588,12,13,2.216
1227,-6.964277564190931,12,13,2.2979999999999996
1228,3.632904420337205,13,12,2.268
1229,5.196285158132325,13,12,2.28
1230,-5.873032802635828,12,13,2.298
1231,3.9574494513140213,13,12,2.214
1232,-6.393942601162433,12,13,2.214
1233,4.411434104256701,13,12,2.168
1234,-6.100978717800032,12,13,2.1759999999999997
1235,-16.09945210533072,11,14,2.2500000000000004
1236,4.0067668225135495,13,12,2.294
1237,24.44771970530273,15,10,2.242
1238,4.543432669561376,13,12,2.226
1239,-16.104707800280693,11,14,2.2440000000000007
1240,-4.6496547599446,12,13,2.2279999999999998
1241,4.8361799764801106,13,12,2.198
1242,4.354586925406638,13,12,2.1640000000000006
1243,5.24196181106824,13,12,2.218
1244,4.741713415193583,13,12,2.214
1245,-5.845396494939386,12,13,2.2039999999999997
1246,4.141379233921857,13,12,2.248
1247,4.622841462995318,13,12,2.1839999999999997
1248,15.479378821358047,14,11,2.236
1249,5.086296540236388,13,12,2.246
1250,14.988481348719965,14,11,2.252
1251,5.03053007216282,13,12,2.198
1252,4.428983691667263,13,12,2.1900000000000004
1253,3.513026443091128,13,12,2.2319999999999998
1254,5.249004133606427,13,12,2.228
1255,-5.945933832765178,12,13,2.2140000000000004
1256,4.618720847392732,13,12,2.2359999999999998
1257,4.333654287437813,13,12,2.1580000000000004
1258,5.4774060959514,13,12,2.1700000000000004
1259,14.698991776171994,14,11,2.1160000000000005
1260,-15.202172026930196,11,14,2.242
1261,15.112435117510834,14,11,2.184
1262,-5.526729791374418,12,13,2.13
1263,4.8457929552647006,13,12,2.254
1264,-4.9913732171612075,12,13,2.2700000000000005
1265,-4.836374689392416,12,13,2.176
1266,5.17388893908319,13,12,2.226
1267,15.371452104325058,14,11,2.232
1268,14.725499988665621,14,11,2.2560000000000002
1269,-15.95111050147752,11,14,2.2719999999999994
1270,-5.7030968111934275,12,13,2.278
1271,4.501240455490429,13,12,2.132
1272,-14.722397678494762,11,14,2.25
1273,-25.422813965626574,10,15,2.1819999999999995
1274,-6.747743057913805,12,13,2.2239999999999998
1275,4.885446575485435,13,12,2.18
1276,-14.461054636731632,11,14,2.274
1277,-15.446445744259904,11,14,2.1599999999999997
1278,-5.68604758925939,12,13,2.3199999999999994
1279,14.318456204201455,14,11,2.2459999999999996
1280,-5.708143308018979,12,13,2.1919999999999997
1281,-6.210183849750809,12,13,2.2399999999999998
1282,-6.014985720087754,12,13,2.244
1283,14.978357400194739,14,11,2.1740000000000004
1284,-5.795680502117971,12,13,2.206
1285,3.8215731019877133,13,12,2.228
1286,5.157337311591309,13,12,2.28
1287,-5.585553143719608,12,13,2.226
1288,2.901588937059783,13,12,2.206
1289,4.43986864947108,13,12,2.2139999999999995
1290,-5.045575369509585,12,13,2.146
1291,3.634062802621269,13,12,2.288
1292,15.36517048155629,14,11,2.182
1293,14.551243593725117,14,11,2.2640000000000002
1294,-16.468715440156867,11,14,2.178
1295,5.014197444418471,13,12,2.3019999999999996
1296,-4.332819809282475,12,13,2.2520000000000002
1297,14.737133230067744,14,11,2.228
1298,-5.892454890267792,12,13,2.2359999999999998
1299,4.344967725504587,13,12,2.266
1300,-26.822099228756905,10,15,2.2039999999999997
1301,5.341535643517844,13,12,2.224
1302,14.11835574801551,14,11,2.248
1303,5.330237588743504,13,12,2.182
1304,4.556672426342381,13,12,2.306
1305,-5.225585856176008,12,13,2.1100000000000003
1306,-5.036817781713005,12,13,2.2220000000000004
1307,-14.512322150486625,11,14,2.258
1308,5.444925198292406,13,12,2.202
1309,-4.629697107577359,12,13,2.284
1310,-4.492913870573856,12,13,2.2239999999999998
1311,-6.337839590832555,12,13,2.204
1312,4.894673376938346,13,12,2.204
1313,-15.698013759722189,11,14,2.228
1314,4.357704834189654,13,12,2.1799999999999997
1315,-5.988325633927056,12,13,2.242
1316,5.177736488517505,13,12,2.234
1317,14.927063231428743,14,11,2.182000000000001
1318,4.567085351364694,13,12,2.1799999999999997
1319,4.490774331516636,13,12,2.206
1320,14.778026334591498,14,11,2.21
1321,-15.370920327005818,11,14,2.212
1322,4.702574038977771,13,12,2.2779999999999996
1323,-14.429993175943286,11,14,2.1800000000000006
1324,-5.228148612351518,12,13,2.194
1325,4.877865125376708,13,12,2.174
1326,-5.420879952942466,12,13,2.348
1327,4.018002318850641,13,12,2.2960000000000003
1328,4.39608887134078,13,12,2.216
1329,15.033587502118397,14,11,2.184
1330,-5.2087843221919385,12,13,2.322
1331,-35.62226399365927,9,16,2.306
1332,4.541326974317236,13,12,2.162
1333,5.608194169014087,13,12,2.266
1334,-5.398387806215174,12,13,2.318
1335,-15.290537145781618,11,14,2.136
1336,5.088081013065249,13,12,2.194
1337,-5.630680785307876,12,13,2.2079999999999997
1338,15.009762567932714,14,11,2.2359999999999998
1339,-4.717349881866916,12,13,2.254
1340,-5.362294084569465,12,13,2.1700000000000004
1341,-25.8794649616916,10,15,2.2
1342,-5.1769176960844945,12,13,2.1519999999999997
1343,4.289565755025281,13,12,2.19
1344,-5.275489244827323,12,13,2.2399999999999998
1345,4.277116486548495,13,12,2.252
1346,14.08156448685324,14,11,2.254
1347,-4.391036171268976,12,13,2.2359999999999998
1348,3.807569542651702,13,12,2.2940000000000005
1349,-15.011077897359453,11,14,2.214
1350,-15.574922028269242,11,14,2.196
1351,-5.226097875712416,12,13,2.21
1352,15.471493834770454,14,11,2.256
1353,5.80651105480438,13,12,2.2660000000000005
1354,-4.4997517917327805,12,13,2.192
1355,-5.18814733972819,12,13,2.224
1356,-4.80003389162783,12,13,2.156
1357,-14.593332006575237,11,14,2.146
1358,-15.856337007369358,11,14,2.2399999999999998
1359,4.807936088022469,13,12,2.244
1360,5.483966644952947,13,12,2.266
1361,-25.187906708886217,10,15,2.13
1362,5.742454254515353,13,12,2.2939999999999996
1363,-5.2700625358145,12,13,2.242
1364,3.787709094225038,13,12,2.2199999999999998
1365,3.5640199282203895,13,12,2.186
1366,-15.96809188098272,11,14,2.144
1367,-4.587654852784549,12,13,2.2560000000000002
1368,-5.456454111692852,12,13,2.2640000000000002
1369,-5.365044933497273,12,13,2.184
1370,-14.758881994807496,11,14,2.15
1371,-5.187529258384593,12,13,2.228
1372,-4.538032187728762,12,13,2.146
1373,15.523562915944119,14,11,2.212
1374,3.8605004267351317,13,12,2.232
1375,-5.4628312139011275,12,13,2.2
1376,-5.172684562880214,12,13,2.23
1377,-4.580825723082572,12,13,2.186
1378,4.607775944187406,13,12,2.2479999999999998
1379,4.900636099871923,13,12,2.216
1380,-14.95958463077615,11,14,2.184
1381,14.919710953114635,14,11,2.2600000000000002
1382,-5.860375795341254,12,13,2.2640000000000002
1383,14.471816850481968,14,11,2.2439999999999998
1384,-6.0760146583158665,12,13,2.186
1385,4.673977578393961,13,12,2.234
1386,-14.56600158686518,11,14,2.302
1387,-25.512224468222673,10,15,2.256
1388,-5.293880256707448,12,13,2.2339999999999995
1389,5.24896412135218,13,12,2.12
1390,4.955637602784488,13,12,2.196
1391,5.573769885262664,13,12,2.158
1392,-4.9067237228767455,12,13,2.1320000000000006
1393,15.16706085936952,14,11,2.1719999999999997
1394,15.420577546863141,14,11,2.2479999999999998
1395,-6.063584979780037,12,13,2.254
1396,-15.225589127488128,11,14,2.322
1397,4.161607048404977,13,12,2.202
1398,14.338347146727424,14,11,2.228
1399,-14.241005768633379,11,14,2.214
1400,-5.580252092252401,12,13,2.2500000000000004
1401,-5.294149834347104,12,13,2.2
1402,-4.815094023173932,12,13,2.2779999999999996
1403,14.500081863578473,14,11,2.238
1404,-15.17264864769444,11,14,2.2359999999999998
1405,5.33706274167724,13,12,2.3120000000000003
1406,24.80058404783683,15,10,2.242
1407,-15.940901101419998,11,14,2.172
1408,4.701550007452173,13,12,2.306
1409,3.955871318831353,13,12,2.278
1410,-14.159300230688212,11,14,2.1719999999999997
1411,15.595067390239143,14,11,2.2239999999999998
1412,4.564011049717754,13,12,2.342
1413,-4.35979981795467,12,13,2.2060000000000004
1414,14.585626678953398,14,11,2.1540000000000004
1415,-15.49020997793732,11,14,2.154
1416,5.46373447527591,13,12,2.2819999999999996
1417,3.933520936407631,13,12,2.2499999999999996
1418,-5.478369176496711,12,13,2.1839999999999997
1419,5.181883640788804,13,12,2.254
1420,-14.996317071094778,11,14,2.118
1421,14.599050333200227,14,11,2.2380000000000004
1422,-4.472180779055028,12,13,2.216
1423,-4.561709149424978,12,13,2.266
1424,-14.670435164692382,11,14,2.18
1425,-5.880631091672501,12,13,2.278
1426,5.414042600181945,13,12,2.162
1427,-15.512616006039703,11,14,2.2659999999999996
1428,4.538407624156736,13,12,2.232
1429,4.590947101409715,13,12,2.1740000000000004
1430,4.975485552738274,13,12,2.1060000000000003
1431,-4.926362690262261,12,13,2.318
1432,-15.337656181802824,11,14,2.246
1433,-3.7635546235842128,12,13,2.168
1434,-15.557286927254813,11,14,2.228
1435,-13.813840358881572,11,14,2.1020000000000003
1436,-5.041858624743179,12,13,2.114
1437,5.222551982405683,13,12,2.1420000000000003
1438,14.957221649018527,14,11,2.154
1439,-15.798085573330688,11,14,2.19
1440,-5.838602664266203,12,13,2.152
1441,-25.525678185030856,10,15,2.27
1442,-14.690063313719335,11,14,2.24
1443,14.118214556868214,14,11,2.158
1444,-27.57856066406225,10,15,2.2079999999999997
1445,-25.929486364313867,10,15,2.18
1446,5.65540510910737,13,12,2.2380000000000004
1447,4.198313712078697,13,12,2.226
1448,-25.46997675239057,10,15,2.2199999999999998
1449,-15.720840756291864,11,14,2.2260000000000004
1450,-15.831375954027717,11,14,2.2260000000000004
1451,-5.366360806269687,12,13,2.19
1452,-14.57608961124151,11,14,2.226
1453,4.231517734505777,13,12,2.2060000000000004
1454,-5.167441628858652,12,13,2.276
1455,4.988415157786285,13,12,2.156
1456,-6.174146774455714,12,13,2.292
1457,4.922721028640467,13,12,2.2039999999999997
1458,4.709852892535064,13,12,2.2300000000000004
1459,4.223532811908168,13,12,2.246
1460,-5.601621252087822,12,13,2.252
1461,12.827780958432532,14,11,2.246
1462,4.303633913099112,13,12,2.244
1463,-5.52927513273503,12,13,2.316
1464,15.091060761745666,14,11,2.2020000000000004
1465,-5.420263051958669,12,13,2.2019999999999995
1466,4.878076501121754,13,12,2.2139999999999995
1467,-15.429547998601656,11,14,2.154
1468,-5.456346320249893,12,13,2.1719999999999997
1469,-5.11822618353127,12,13,2.1879999999999997
1470,-15.718813799474018,11,14,2.1740000000000004
1471,-5.602678568144059,12,13,2.238
1472,-5.648659890636087,12,13,2.188
1473,-5.06634362897238,12,13,2.2020000000000004
1474,5.584308127095419,13,12,2.274
1475,-5.1018727535725095,12,13,2.274
1476,4.683731596004602,13,12,2.1860000000000004
1477,13.683718664693206,14,11,2.2340000000000004
1478,4.40000098332629,13,12,2.274
1479,14.218347077732174,14,11,2.132
1480,3.412689354580488,13,12,2.2399999999999998
1481,-5.7151898311754215,12,13,2.2920000000000003
1482,-16.622139534270744,11,14,2.1759999999999997
1483,5.058622539529956,13,12,2.2700000000000005
1484,-5.484438547189585,12,13,2.2399999999999998
1485,5.277117496719423,13,12,2.2119999999999997
1486,-5.625216545739425,12,13,2.274
1487,-5.858755219691485,12,13,2.242
1488,-5.841663123800172,12,13,2.244
1489,14.48517466408504,14,11,2.176
1490,-5.467201721102305,12,13,2.2300000000000004
1491,4.2793273676214305,13,12,2.2939999999999996
1492,-15.253750379138658,11,14,2.2920000000000003
1493,4.057232541741623,13,12,2.256
1494,14.321984943400627,14,11,2.1940000000000004
1495,4.029071866939308,13,12,2.2079999999999997
1496,3.764688176044194,13,12,2.154
1497,4.263665168835367,13,12,2.2339999999999995
1498,4.03777058173956,13,12,2.1919999999999997
1499,-5.542952838534592,12,13,2.2440000000000007
1500,-4.858622536285175,12,13,2.252
1501,-5.873665394280109,12,13,2.2060000000000004
1502,-4.78155391912078,12,13,2.286
1503,-5.302546049712538,12,13,2.1759999999999997
1504,-5.357956738062695,12,13,2.1759999999999997
1505,-5.973302704339682,12,13,2.07
1506,5.030054281381915,13,12,2.214
1507,5.872011245267682,13,12,2.24
1508,-4.913524843931015,12,13,2.238
1509,-4.213296125792407,12,13,2.1180000000000003
1510,-4.969315690655702,12,13,2.234
1511,14.738050138794907,14,11,2.2399999999999998
1512,15.022678670059427,14,11,2.176
1513,4.471165745143246,13,12,2.2399999999999998
1514,-15.166585991894445,11,14,2.2
1515,4.2837714594240985,13,12,2.248
1516,4.959668552082897,13,12,2.1580000000000004
1517,4.465223992770707,13,12,2.2
1518,-4.300810711570609,12,13,2.3139999999999996
1519,-25.874805456290016,10,15,2.2020000000000004
1520,-15.453130054863731,11,14,2.224
1521,-5.660861136732564,12,13,2.194
1522,4.714064577525749,13,12,2.2039999999999997
1523,-16.20809661363401,11,14,2.1239999999999997
1524,4.580016829370681,13,12,2.16
1525,4.786950745117714,13,12,2.258
1526,14.73332254012535,14,11,2.2079999999999997
1527,4.096125395295353,13,12,2.194
1528,-5.241928863642217,12,13,2.1640000000000006
1529,-25.87477351374966,10,15,2.2239999999999998
1530,14.262109691501703,14,11,2.1799999999999997
1531,-5.042654813841697,12,13,2.1580000000000004
1532,-15.499343223436519,11,14,2.248
1533,-15.387829949531913,11,14,2.182
1534,-5.690363692219908,12,13,2.164
1535,-5.549547756683367,12,13,2.222
1536,14.674597881488257,14,11,2.252
1537,4.698587376390252,13,12,2.2800000000000002
1538,-5.208414957262409,12,13,2.242
1539,5.128679388155289,13,12,2.16
1540,-15.319092277652608,11,14,2.214
1541,-5.412074183444716,12,13,2.3280000000000003
1542,14.778155418067362,14,11,2.268
1543,-5.804398280134549,12,13,2.19
1544,4.865846745296821,13,12,2.298
1545,4.229671936007785,13,12,2.2880000000000003
1546,-5.084229220539165,12,13,2.118
1547,5.573566272201248,13,12,2.2300000000000004
1548,14.82573570961257,14,11,2.2619999999999996
1549,4.365212595172643,13,12,2.1900000000000004
1550,-4.845930274087767,12,13,2.1679999999999997
1551,-5.3493753593793665,12,13,2.25
1552,4.102177537557704,13,12,2.2299999999999995
1553,5.022974114524201,13,12,2.168
1554,-5.616204706566093,12,13,2.274
1555,-5.256593405732858,12,13,2.262
1556,5.166013793920101,13,12,2.228
1557,-15.960293523221129,11,14,2.192
1558,-15.386664419927357,11,14,2.238
1559,-5.506185171017766,12,13,2.2060000000000004
1560,-5.7669497198128905,12,13,2.2300000000000004
1561,4.967869237140048,13,12,2.29
1562,4.744430487768302,13,12,2.2060000000000004
1563,-4.37594529765574,12,13,2.2779999999999996
1564,-15.051855496873786,11,14,2.2559999999999993
1565,-25.719097495618225,10,15,2.162
1566,14.812443520548511,14,11,2.274
1567,-4.915490643304611,12,13,2.2300000000000004
1568,15.067157492193418,14,11,2.226
1569,-5.512007804764394,12,13,2.216
1570,-15.05896321554049,11,14,2.17
1571,-15.64944552792047,11,14,2.214
1572,-15.685362278620783,11,14,2.272
1573,14.886658023413354,14,11,2.16
1574,-4.892169634430886,12,13,2.296
1575,3.6989270746929206,13,12,2.272
1576,5.254220295013749,13,12,2.1759999999999997
1577,-16.053295476016483,11,14,2.2379999999999995
1578,4.76932823626526,13,12,2.25
1579,25.36268766907828,15,10,2.2060000000000004
1580,-15.702370784630826,11,14,2.162
1581,13.730571111947576,14,11,2.278
1582,5.522834720244983,13,12,2.2619999999999996
1583,-15.125080821548337,11,14,2.1340000000000003
1584,4.587265289647377,13,12,2.316
1585,24.888117911783937,15,10,2.182
1586,-4.8258943004772,12,13,2.184
1587,-5.615646109710386,12,13,2.168
1588,5.728373282628349,13,12,2.238
1589,4.8174773135427,13,12,2.164
1590,14.631412474744602,14,11,2.168
1591,-4.867798940608276,12,13,2.2700000000000005
1592,-14.705140529323195,11,14,2.252
1593,5.39647872115053,13,12,2.214
1594,5.154341028595052,13,12,2.164
1595,-4.725947595337165,12,13,2.164
1596,-5.65532158181588,12,13,2.166
1597,15.154242855701192,14,11,2.1979999999999995
1598,14.767901685787198,14,11,2.3440000000000003
1599,-14.46367879115535,11,14,2.228
1600,-4.791112816083174,12,13,2.196
1601,-15.279918101761947,11,14,2.1559999999999997
1602,-4.373962982624189,12,13,2.2040000000000006
1603,4.040297504315966,13,12,2.228
1604,14.612192771389584,14,11,2.232
1605,4.717533930677131,13,12,2.2920000000000003
1606,4.9855768515806105,13,12,2.2060000000000004
1607,14.932657671558042,14,11,2.158
1608,5.4768025979261274,13,12,2.126
1609,25.75971256080248,15,10,2.132
1610,5.8798114787301525,13,12,2.25
1611,-5.598625655992315,12,13,2.23
1612,14.899104893103807,14,11,2.188
1613,15.890208214719534,14,11,2.216
1614,4.992264707897409,13,12,2.23
1615,15.391065857897479,14,11,2.1540000000000004
1616,14.90752291260591,14,11,2.2279999999999998
1617,-15.166952928738995,11,14,2.21
1618,14.758689539594164,14,11,2.092
1619,5.450823938714695,13,12,2.238
1620,-15.508620116486739,11,14,2.14
1621,-14.747684009204765,11,14,2.234
1622,15.853967311935191,14,11,2.234
1623,4.7998638171451855,13,12,2.254
1624,-5.5875433515095345,12,13,2.332
1625,5.0651095862557,13,12,2.2419999999999995
1626,-15.617574127870245,11,14,2.13
1627,-4.99132179791796,12,13,2.1819999999999995
1628,4.9583219744827325,13,12,2.1839999999999997
1629,15.661663026795246,14,11,2.1740000000000004
1630,5.0050315106848515,13,12,2.208
1631,24.544330364460823,15,10,2.252
1632,5.631358845891586,13,12,2.19
1633,4.662543356652424,13,12,2.182
1634,4.439332737633336,13,12,2.2400000000000007
1635,-5.9809038474079745,12,13,2.282
1636,-3.902090731295435,12,13,2.2299999999999995
1637,-4.404602911994086,12,13,2.2540000000000004
1638,4.193920772493411,13,12,2.2220000000000004
1639,-5.888782654246356,12,13,2.252
1640,25.45309557738313,15,10,2.21
1641,14.57916860853533,14,11,2.21
1642,5.617467857969601,13,12,2.274
1643,14.996469598366973,14,11,2.178
1644,4.02351830566657,13,12,2.198
1645,-3.8149383766419778,12,13,2.162
1646,14.126948054837193,14,11,2.1420000000000003
1647,-15.734540187748053,11,14,2.1719999999999997
1648,15.035502885811725,14,11,2.2039999999999997
1649,4.349944226097525,13,12,2.26
1650,5.019539833985641,13,12,2.1740000000000004
1651,-4.4701487910867606,12,13,2.2020000000000004
1652,-16.07518710538468,11,14,2.196
1653,15.369690885363227,14,11,2.242
1654,15.428952912096243,14,11,2.324
1655,4.822485276598037,13,12,2.278
1656,4.540097814352489,13,12,2.2520000000000002
1657,4.545523298724655,13,12,2.256
1658,4.294305311412831,13,12,2.3099999999999996
1659,-5.531126533364066,12,13,2.148
1660,4.4711408153223395,13,12,2.166
1661,-4.42454711815204,12,13,2.234
1662,5.262580520229921,13,12,2.114
1663,4.88476848835605,13,12,2.27
1664,-4.846200388653278,12,13,2.224
1665,14.32730807032725,14,11,2.232
1666,4.510774747860921,13,12,2.2979999999999996
1667,-4.632036968868151,12,13,2.216
1668,5.602380062843951,13,12,2.168
1669,-5.051893467137944,12,13,2.2559999999999993
1670,5.17581430667348,13,12,2.232
1671,5.5302908420430015,13,12,2.1900000000000004
1672,4.999147051373569,13,12,2.132
1673,-5.182270397444708,12,13,2.214
1674,15.692051779902046,14,11,2.242
1675,5.619969883071175,13,12,2.2359999999999998
1676,15.69200957016687,14,11,2.308
1677,5.096431203315344,13,12,2.2380000000000004
1678,15.541751064936971,14,11,2.118
1679,-15.83420181019362,11,14,2.166
1680,4.29691121807987,13,12,2.266
1681,14.84411195700404,14,11,2.308
1682,6.050722961448756,13,12,2.21
1683,4.8131903240627345,13,12,2.098
1684,14.568370515636687,14,11,2.238
1685,25.452996516096693,15,10,2.214
1686,5.162337231850163,13,12,2.234
1687,-4.177589747232137,12,13,2.162
1688,25.39223484597233,15,10,2.3040000000000003
1689,5.553886491642169,13,12,2.13
1690,4.384781090522825,13,12,2.1359999999999997
1691,-4.617059620181088,12,13,2.2399999999999998
1692,5.089587909290081,13,12,2.21
1693,4.478774248641825,13,12,2.2640000000000002
1694,15.331170111243061,14,11,2.2640000000000002
1695,5.309963726504709,13,12,2.278
1696,15.80835660086985,14,11,2.1439999999999997
1697,-5.076396116758788,12,13,2.172
1698,5.091518711794384,13,12,2.228
1699,4.67278653625538,13,12,2.268
1700,15.78729331396877,14,11,2.2339999999999995
1701,-5.291871213454911,12,13,2.2300000000000004
1702,5.418079128446376,13,12,2.102
1703,-4.360385756972928,12,13,2.262
1704,4.737110503025754,13,12,2.252
1705,-5.169090528829713,12,13,2.246
1706,-4.622359436931735,12,13,2.2640000000000002
1707,5.942324018592009,13,12,2.144
1708,-4.47934517750749,12,13,2.224
1709,6.364118729074805,13,12,2.182
1710,14.895062049699916,14,11,2.254
1711,16.071881454347654,14,11,2.11
1712,-4.5626194714573245,12,13,2.2
1713,15.301073418764183,14,11,2.2399999999999998
1714,25.84828593500841,15,10,2.294
1715,14.687272630808334,14,11,2.12
1716,5.030201341717451,13,12,2.3240000000000003
1717,25.430260776012005,15,10,2.166
1718,4.3972219112671524,13,12,2.216
1719,5.426759002070247,13,12,2.23
1720,4.668469482204254,13,12,2.188
1721,-4.762056613990076,12,13,2.15
1722,5.719978204038117,13,12,2.222
1723,-5.558116047339395,12,13,2.142
1724,15.585757489512371,14,11,2.2520000000000002
1725,4.9816295063489004,13,12,2.2280000000000006
1726,-4.878993954011495,12,13,2.266
1727,-4.819820086847759,12,13,2.19
1728,-5.446658351357199,12,13,2.2540000000000004
1729,25.12759252677269,15,10,2.284
1730,-5.625230268405337,12,13,2.2600000000000002
1731,15.226028411401705,14,11,2.16
1732,5.154684402944337,13,12,2.226
1733,-5.570821664531458,12,13,2.258
1734,15.242415714462513,14,11,2.174
1735,15.53894068084087,14,11,2.174
1736,5.4720189396480166,13,12,2.3080000000000003
1737,4.837658875994382,13,12,2.1799999999999997
1738,-4.561916458412593,12,13,2.166
1739,5.426278680016376,13,12,2.2319999999999998
1740,14.666806208411447,14,11,2.162
1741,4.866970558958954,13,12,2.192
1742,15.131936327944768,14,11,2.164
1743,3.9704141687130132,13,12,2.2039999999999997
1744,4.5672289923186185,13,12,2.2399999999999998
1745,15.30599817912213,14,11,2.228
1746,-16.312342571650298,11,14,2.2199999999999998
1747,4.429658052648737,13,12,2.2600000000000002
1748,5.406933393055439,13,12,2.3120000000000003
1749,5.0383400083969185,13,12,2.2600000000000002
1750,4.855393662065259,13,12,2.1399999999999997
1751,-4.554637214114601,12,13,2.1879999999999997
1752,-4.332389842774102,12,13,2.224
1753,-4.026961310715212,12,13,2.23
1754,-4.165379726538513,12,13,2.2399999999999998
1755,15.840450426113827,14,11,2.2880000000000003
1756,15.30351257462764,14,11,2.2399999999999998
1757,25.259652933623766,15,10,2.1800000000000006
1758,15.19735183835855,14,11,2.302
1759,-5.524999203564779,12,13,2.2860000000000005
1760,-14.5404366127199,11,14,2.1260000000000003
1761,5.682040653313244,13,12,2.22
1762,5.120988124136026,13,12,2.242
1763,15.522472081801459,14,11,2.096
1764,-15.522619507891699,11,14,2.2680000000000002
1765,-4.585257589668494,12,13,2.208
1766,5.686557192282731,13,12,2.2119999999999997
1767,5.293019339915714,13,12,2.2039999999999997
1768,-4.441735520758584,12,13,2.292
1769,5.650301995799211,13,12,2.252
1770,-4.760926449598401,12,13,2.2640000000000002
1771,5.155914483414374,13,12,2.126
1772,15.463153870507576,14,11,2.242
1773,-4.556268514340058,12,13,2.322
1774,-5.399657096147889,12,13,2.1959999999999997
1775,-5.666476377341402,12,13,2.206
1776,4.49280388791167,13,12,2.206
1777,15.554736217544209,14,11,2.188
1778,15.253034427076049,14,11,2.2100000000000004
1779,15.535591778281475,14,11,2.2080000000000006
1780,5.183816215762327,13,12,2.3
1781,-4.981412172736709,12,13,2.2819999999999996
1782,5.702414568546349,13,12,2.262
1783,15.331525117934003,14,11,2.2319999999999993
1784,14.876700964864792,14,11,2.2439999999999998
1785,16.22493683296653,14,11,2.35
1786,-15.425375754935336,11,14,2.148
1787,4.996860912822601,13,12,2.206
1788,5.428189406535239,13,12,2.2299999999999995
1789,5.5766017865101745,13,12,2.156
1790,15.762351837896588,14,11,2.272
1791,-5.52264615508116,12,13,2.2520000000000002
1792,6.179730996016534,13,12,2.238
1793,15.529842435039557,14,11,2.21
1794,15.278942006700191,14,11,2.2119999999999997
1795,5.078648243198753,13,12,2.3099999999999996
1796,5.966062612711793,13,12,2.2279999999999998
1797,5.6923776307741605,13,12,2.182
1798,5.043855043176016,13,12,2.2880000000000003
1799,-4.707271648942017,12,13,2.282
1800,4.3765123236053025,13,12,2.182
1801,16.06306146090182,14,11,2.2159999999999997
1802,-5.605879369124301,12,13,2.2659999999999996
1803,-4.928740651676449,12,13,2.172
1804,5.454088201845957,13,12,2.174
1805,-5.428519327027384,12,13,2.3200000000000003
1806,5.69432416176307,13,12,2.202
1807,15.35935604615563,14,11,2.1719999999999997
1808,15.369089589117054,14,11,2.228
1809,-25.15050230920123,10,15,2.1919999999999997
1810,5.71287577700636,13,12,2.1439999999999997
1811,5.808385500110827,13,12,2.154
1812,5.20520449088829,13,12,2.204
1813,-4.188006003442657,12,13,2.2399999999999998
1814,5.477726723960497,13,12,2.268
1815,6.075778602304066,13,12,2.282
1816,-4.507791225408482,12,13,2.198
1817,4.872762665263018,13,12,2.2619999999999996
1818,25.81894690885043,15,10,2.268
1819,5.040241380403673,13,12,2.314
1820,5.1069592132066735,13,12,2.308
1821,-3.824101726753547,12,13,2.152
1822,5.34573718566217,13,12,2.3259999999999996
1823,-5.447370278931539,12,13,2.2399999999999998
1824,15.957790066204806,14,11,2.2
1825,5.658129544599653,13,12,2.186
1826,15.215270854676561,14,11,2.2600000000000002
1827,15.17106891684417,14,11,2.1740000000000004
1828,6.150127322632702,13,12,2.254
1829,15.773868886376876,14,11,2.22
1830,6.19749668268296,13,12,2.1420000000000003
1831,5.641146139468782,13,12,2.154
1832,-13.76843096513814,11,14,2.2720000000000002
1833,15.303875659552691,14,11,2.154
1834,-5.2872325313604875,12,13,2.288
1835,5.857736418668882,13,12,2.286
1836,5.26281455268658,13,12,2.21
1837,5.282140972932709,13,12,2.342
1838,5.414500376067888,13,12,2.232
1839,5.437700561291225,13,12,2.2
1840,5.89729739013838,13,12,2.2640000000000002
1841,-5.072619225994009,12,13,2.118
1842,-4.429913143559601,12,13,2.1860000000000004
1843,-4.603607870381097,12,13,2.2319999999999998
1844,-4.5913797432267955,12,13,2.3160000000000003
1845,14.649539433636802,14,11,2.25
1846,4.936373700490234,13,12,2.18
1847,-15.292484755273836,11,14,2.186
1848,-4.197827032066341,12,13,2.1080000000000005
1849,5.435337014367732,13,12,2.276
1850,4.7252002114622655,13,12,2.258
1851,15.657683834508761,14,11,2.18
1852,5.37469248550847,13,12,2.15
1853,-3.943309104019752,12,13,2.198
1854,-4.68554528737722,12,13,2.232
1855,15.703859304073385,14,11,2.204
1856,-13.908218483396183,11,14,2.22
1857,25.576447033774983,15,10,2.296
1858,-3.89893850611916,12,13,2.1959999999999997
1859,6.1191107773356705,13,12,2.184
1860,15.659951302599465,14,11,2.2939999999999996
1861,-4.436430748460362,12,13,2.2459999999999996
1862,26.176973184434683,15,10,2.168
1863,5.712639423821564,13,12,2.196
1864,25.69408137838731,15,10,2.2399999999999998
1865,25.617123059658304,15,10,2.182
1866,-15.309119420843075,11,14,2.228
1867,5.296452048760001,13,12,2.1720000000000006
1868,5.920866902096229,13,12,2.18
1869,4.317988657642426,13,12,2.248
1870,16.021261768857215,14,11,2.214
1871,15.439474573337977,14,11,2.2079999999999997
1872,5.458342745091915,13,12,2.2359999999999998
1873,5.4136111904626,13,12,2.0740000000000003
1874,5.6189105420733,13,12,2.286
1875,15.714758389550916,14,11,2.236
1876,15.470887656268747,14,11,2.1400000000000006
1877,15.558163370712453,14,11,2.212
1878,15.613512980214502,14,11,2.1860000000000004
1879,26.28451592817104,15,10,2.2479999999999998
1880,5.250995549276386,13,12,2.284
1881,26.524519429042833,15,10,2.204
1882,26.287375004611505,15,10,2.252
1883,15.80006663711978,14,11,2.1420000000000003
1884,15.655750169520882,14,11,2.214
1885,-4.5821670015670435,12,13,2.226
1886,6.121569282675127,13,12,2.262
1887,5.822313288148859,13,12,2.2039999999999997
1888,15.805183534851711,14,11,2.2800000000000002
1889,6.395983692616117,13,12,2.212
1890,5.850083884220291,13,12,2.2600000000000002
1891,5.913189923820028,13,12,2.3300000000000005
1892,15.842610771108689,14,11,2.1879999999999997
1893,-4.23740942916703,12,13,2.25
1894,5.357824132641653,13,12,2.262
1895,-4.787487740770176,12,13,2.1399999999999997
1896,15.855162363865913,14,11,2.346
1897,-14.255869071981024,11,14,2.124
1898,15.357735208171796,14,11,2.2020000000000004
1899,5.878143497280224,13,12,2.206
1900,-5.275627826545634,12,13,2.2239999999999998
1901,5.655216537109705,13,12,2.2399999999999998
1902,5.356306164408359,13,12,2.3259999999999996
1903,-4.085333355378948,12,13,2.2800000000000002
1904,15.712693951934764,14,11,2.1380000000000003
1905,15.964351397301025,14,11,2.3419999999999996
1906,26.03418205171681,15,10,2.2079999999999997
1907,26.111991751544267,15,10,2.176
1908,6.130803411966216,13,12,2.2640000000000002
1909,-4.687978643575696,12,13,2.316
1910,16.087763205689,14,11,2.238
1911,16.265675732810095,14,11,2.232
1912,15.57836098458699,14,11,2.1799999999999997
1913,6.261484337047888,13,12,2.178
1914,36.023916841742526,16,9,2.218
1915,16.149686977981695,14,11,2.19
1916,36.03928028567762,16,9,2.278
1917,5.943358174268933,13,12,2.1900000000000004
1918,15.610143195973944,14,11,2.2039999999999997
1919,5.14296039554463,13,12,2.184
1920,5.760107859022163,13,12,2.2059999999999995
1921,5.243582229608734,13,12,2.2199999999999998
1922,16.996881066815156,14,11,2.242
1923,15.898325340419284,14,11,2.248
1924,16.04645293058621,14,11,2.214
1925,5.5136783163686545,13,12,2.0860000000000003
1926,15.37383217481663,14,11,2.1879999999999997
1927,5.965009193713609,13,12,2.22
1928,25.770369143994735,15,10,2.208
1929,5.848508552100366,13,12,2.13
1930,15.842914373137715,14,11,2.2340000000000004
1931,5.436023004678177,13,12,2.184
1932,14.921421278500354,14,11,2.29
1933,5.665342993572793,13,12,2.2119999999999997
1934,-14.762068593243313,11,14,2.2339999999999995
1935,5.937220331234585,13,12,2.1000000000000005
1936,15.450638028120462,14,11,2.224
1937,-4.983217144044012,12,13,2.224
1938,15.580300133588352,14,11,2.222
1939,5.748390501478934,13,12,2.21
1940,5.712193422038435,13,12,2.162
1941,15.61810718335704,14,11,2.188
1942,15.600119551538048,14,11,2.2279999999999998
1943,6.240219679369371,13,12,2.254
1944,-4.33393780416905,12,13,2.1659999999999995
1945,6.282341341631659,13,12,2.196
1946,15.357555620898058,14,11,2.232
1947,-14.114505155510127,11,14,2.224
1948,16.11410162994087,14,11,2.232
1949,6.100226778733891,13,12,2.2399999999999998
1950,16.142133079809113,14,11,2.284
1951,-3.8006430080991684,12,13,2.262
1952,6.352749057726037,13,12,2.3
1953,5.77544213341929,13,12,2.2620000000000005
1954,26.11461766131269,15,10,2.268
1955,14.716766445341,14,11,2.28
1956,5.737239295736089,13,12,2.2560000000000002
1957,15.32149551316816,14,11,2.2220000000000004
1958,-4.332172699798038,12,13,2.2300000000000004
1959,-4.385209806358347,12,13,2.174
1960,-5.165349821063858,12,13,2.286
1961,25.679746819617034,15,10,2.24
1962,5.8847466324913285,13,12,2.2520000000000002
1963,6.805340393055673,13,12,2.278
1964,5.567440477169104,13,12,2.2319999999999998
1965,-14.300798161484186,11,14,2.2600000000000002
1966,-13.917258483169636,11,14,2.212
1967,16.143149561819513,14,11,2.2559999999999993
1968,16.160888442027744,14,11,2.2159999999999997
1969,4.910426428538901,13,12,2.288
1970,5.5243928391136805,13,12,2.162
1971,6.1798690534667315,13,12,2.2199999999999998
1972,15.523311740432455,14,11,2.216
1973,-3.424793303358607,12,13,2.174
1974,-4.163182226217941,12,13,2.274
1975,-4.673202311320356,12,13,2.28
1976,-14.33730888516851,11,14,2.148
1977,7.128838274945384,13,12,2.2039999999999997
1978,-3.8617466078808214,12,13,2.2380000000000004
1979,-14.519348867330507,11,14,2.1439999999999997
1980,16.009178569199563,14,11,2.3180000000000005
1981,6.53538856337466,13,12,2.25
1982,5.492395327611138,13,12,2.3259999999999996
1983,-3.608569885787105,12,13,2.1900000000000004
1984,5.83011832380997,13,12,2.142
1985,25.917444974480922,15,10,2.1919999999999997
1986,6.060886818196121,13,12,2.1839999999999997
1987,15.797108856725636,14,11,2.1679999999999997
1988,-4.045061147505212,12,13,2.2079999999999997
1989,5.731982213704658,13,12,2.2279999999999998
1990,16.65167632762669,14,11,2.2419999999999995
1991,-4.2629181982760755,12,13,2.212
1992,-14.061943563179526,11,14,2.08
1993,16.600061287826566,14,11,2.18
1994,-3.545028689360201,12,13,2.1719999999999997
1995,6.004735856273287,13,12,2.274
1996,6.48191656741529,13,12,2.2
1997,5.804789040926835,13,12,2.182
1998,15.887075105511393,14,11,2.198
1999,-13.671873657891382,11,14,2.2299999999999995
2000,26.171436773325134,15,10,2.2499999999999996
2001,-3.6728382314728663,12,13,2.2119999999999997
2002,26.353623586809036,15,10,2.29
2003,26.52859394114146,15,10,2.2840000000000003
2004,-4.2220858743005,12,13,2.174
2005,15.696859051000136,14,11,2.1260000000000003
2006,-14.70603549635107,11,14,2.244
2007,5.960875264174346,13,12,2.2860000000000005
2008,15.243901893863242,14,11,2.3800000000000003
2009,5.289482639174473,13,12,2.214
2010,-14.191892853157315,11,14,2.3
2011,15.717157717289073,14,11,2.2159999999999997
2012,5.702152288922992,13,12,2.186
2013,4.8002306853415675,13,12,2.1900000000000004
2014,6.120256598709698,13,12,2.2560000000000002
2015,6.41565112295204,13,12,2.15
2016,5.275540676434952,13,12,2.2960000000000003
2017,-14.445118408631517,11,14,2.316
2018,15.5522282165158,14,11,2.29
2019,5.600022425093176,13,12,2.2399999999999998
2020,5.875447374311019,13,12,2.0740000000000003
2021,15.954846451718703,14,11,2.2039999999999997
2022,26.288926715237544,15,10,2.2560000000000002
2023,25.362129012585438,15,10,2.252
2024,14.978157236358022,14,11,2.2459999999999996
2025,-14.355052200754221,11,14,2.192
2026,5.72870030772393,13,12,2.2960000000000003
2027,-4.4611295790295955,12,13,2.27
2028,5.4748009448483455,13,12,2.214
2029,5.770885175880348,13,12,2.186
2030,5.658670593984519,13,12,2.216
2031,16.378835462692223,14,11,2.3
2032,-4.411936099599812,12,13,2.1759999999999997
2033,6.091692435092421,13,12,2.234
2034,6.1814193247458675,13,12,2.2079999999999997
2035,6.13440978009131,13,12,2.276
2036,15.418595524283262,14,11,2.2779999999999996
2037,5.174813305482672,13,12,2.226
2038,15.647712137847087,14,11,2.2399999999999998
2039,24.97734956580894,15,10,2.1660000000000004
2040,5.697908357093674,13,12,2.1740000000000004
2041,-5.153754666821463,12,13,2.252
2042,-3.8191074457592933,12,13,2.194
2043,-4.717711194032439,12,13,2.196
2044,5.4595251889529735,13,12,2.1759999999999993
2045,-4.267135059241838,12,13,2.186
2046,5.31134964165426,13,12,2.296
2047,-4.666034670165288,12,13,2.1639999999999997
2048,5.1953799567837535,13,12,2.2199999999999998
2049,-15.649167045642159,11,14,2.184
2050,14.661705361364774,14,11,2.306
2051,5.34931120105464,13,12,2.12
2052,-4.303312599962936,12,13,2.2640000000000002
2053,15.233892181108793,14,11,2.222
2054,-5.148498476897986,12,13,2.2800000000000002
2055,15.368035430659297,14,11,2.216
2056,5.945105934333689,13,12,2.152
2057,15.55201282866506,14,11,2.216
2058,15.63886612541108,14,11,2.1479999999999997
2059,15.29965529604496,14,11,2.268
2060,15.926796522698865,14,11,2.2939999999999996
2061,-4.476873565865686,12,13,2.2239999999999998
2062,-14.036013841561239,11,14,2.1940000000000004
2063,5.229708355426691,13,12,2.196
2064,-4.939514482023519,12,13,2.284
2065,14.62832280669521,14,11,2.184
2066,-15.00711325272971,11,14,2.258
2067,4.9346359494722645,13,12,2.164
2068,-4.526948789875281,12,13,2.2240000000000006
2069,5.867261186882814,13,12,2.1260000000000003
2070,-5.234717789999227,12,13,2.218
2071,-4.277862423919309,12,13,2.2700000000000005
2072,24.942769280712465,15,10,2.2439999999999998
2073,15.108405625679172,14,11,2.2180000000000004
2074,4.1806536659974505,13,12,2.252
2075,5.202707886195519,13,12,2.2220000000000004
2076,-4.134939345856985,12,13,2.296
2077,-15.390742809118546,11,14,2.2960000000000003
2078,5.726339901997388,13,12,2.288
2079,4.992362382242064,13,12,2.2840000000000003
2080,5.316435487923396,13,12,2.2060000000000004
2081,15.773360511180247,14,11,2.208
2082,5.083571470523799,13,12,2.2359999999999998
2083,-4.594245390715955,12,13,2.1260000000000003
2084,-14.620510119913138,11,14,2.1740000000000004
2085,5.725997328074506,13,12,2.1719999999999997
2086,-13.82805892823527,11,14,2.146
2087,15.159436680926873,14,11,2.1980000000000004
2088,4.978119652137359,13,12,2.2939999999999996
2089,-4.7904308951257395,12,13,2.25
2090,15.899655947517708,14,11,2.128
2091,-4.170823531589463,12,13,2.3059999999999996
2092,15.221509431884801,14,11,2.2060000000000004
2093,-4.5985900582267405,12,13,2.214
2094,5.812580790341972,13,12,2.194
2095,-14.15405623156252,11,14,2.34
2096,-3.9274268336416274,12,13,2.2079999999999997
2097,-4.8945176834014426,12,13,2.154
2098,5.1757017717843645,13,12,2.1380000000000003
2099,4.812476416901372,13,12,2.1879999999999997
2100,5.6797797116871145,13,12,2.214
2101,5.8489629723049745,13,12,2.19
2102,16.088616005303223,14,11,2.2060000000000004
2103,-4.331848196626815,12,13,2.174
2104,25.75869384132264,15,10,2.2399999999999998
2105,15.523783129151639,14,11,2.244
2106,-5.973757138110075,12,13,2.2359999999999998
2107,25.44879905219376,15,10,2.174
2108,5.782542102963504,13,12,2.2619999999999996
2109,15.315845575762971,14,11,2.218
2110,6.217438264563121,13,12,2.294
2111,5.32408718720113,13,12,2.2
2112,5.491581601943995,13,12,2.2060000000000004
2113,5.297508159462719,13,12,2.2399999999999998
2114,5.062233746683891,13,12,2.186000000000001
2115,5.909103355084778,13,12,2.232
2116,14.873318211393606,14,11,2.286
2117,-4.590116850617873,12,13,2.2560000000000002
2118,15.565595865383134,14,11,2.274
2119,15.620818596040998,14,11,2.148
2120,25.24991394372575,15,10,2.28
2121,25.77574766531246,15,10,2.168
2122,25.559990255345863,15,10,2.1580000000000004
2123,5.570627379799792,13,12,2.2719999999999994
2124,15.68827429747918,14,11,2.248
2125,6.563554028580299,13,12,2.132
2126,-4.741028730330939,12,13,2.202
2127,-4.1130624164635865,12,13,2.208
2128,-3.9977749344661824,12,13,2.1700000000000004
2129,15.739538445196352,14,11,2.2699999999999996
2130,-4.127995512738028,12,13,2.242
2131,6.378826769447503,13,12,2.2399999999999998
2132,16.151022716859558,14,11,2.256
2133,15.61388094827087,14,11,2.2720000000000002
2134,5.749468465522327,13,12,2.224
2135,4.911791899346827,13,12,2.1420000000000003
2136,5.735224538270134,13,12,2.3
2137,-4.001359996014438,12,13,2.23
2138,26.298614492334554,15,10,2.2819999999999996
2139,15.983799113446205,14,11,2.214
2140,6.095175637003408,13,12,2.13
2141,25.48440787176027,15,10,2.208
2142,5.194379487590089,13,12,2.176
2143,5.917756072934829,13,12,2.274
2144,25.989389003436884,15,10,2.29
2145,15.927962631681234,14,11,2.214
2146,6.1779252001351175,13,12,2.2640000000000002
2147,25.97056690330279,15,10,2.1740000000000004
2148,-4.543330299661182,12,13,2.214
2149,15.804912371829266,14,11,2.204
2150,16.150937110266206,14,11,2.152
2151,5.87481739316544,13,12,2.11
2152,6.01246555570507,13,12,2.1719999999999997
2153,-3.9243783336948432,12,13,2.1759999999999997
2154,6.334847505009794,13,12,2.286
2155,-4.081068494475986,12,13,2.1940000000000004
2156,6.181781512248127,13,12,2.2800000000000002
2157,14.78409726559947,14,11,2.2020000000000004
2158,-14.569443518616687,11,14,2.276
2159,5.983396726842869,13,12,2.252
2160,5.973635818466997,13,12,2.1540000000000004
2161,15.53840311307045,14,11,2.092
2162,-3.9571130439706153,12,13,2.1800000000000006
2163,5.589688805964361,13,12,2.346
2164,5.516000475610742,13,12,2.228
2165,-4.560848483910725,12,13,2.2960000000000003
2166,5.943797967476424,13,12,2.174
2167,4.957643285482487,13,12,2.2980000000000005
2168,-4.717692390476657,12,13,2.2120000000000006
2169,16.122700502651245,14,11,2.152
2170,5.995432079915158,13,12,2.2060000000000004
2171,26.066709438036277,15,10,2.2980000000000005
2172,-13.69021071073667,11,14,2.204
2173,5.823860272449217,13,12,2.112
2174,25.451405105410423,15,10,2.3020000000000005
2175,15.506868690402044,14,11,2.306
2176,26.139667615268717,15,10,2.2520000000000002
2177,6.015862064462194,13,12,2.2459999999999996
2178,5.8030115742605695,13,12,2.2
2179,6.10598224147709,13,12,2.222
2180,26.787039940960355,15,10,2.2399999999999998
2181,26.059400990617256,15,10,2.2880000000000003
2182,5.522565812043407,13,12,2.212
2183,-4.143781643283656,12,13,2.2760000000000002
2184,15.769934876301093,14,11,2.2800000000000002
2185,35.281906230720985,16,9,2.278
2186,25.280714810818953,15,10,2.268
2187,15.340912260117069,14,11,2.2640000000000002
2188,26.189920925023934,15,10,2.28
2189,25.532547063240756,15,10,2.172
2190,16.160994218600667,14,11,2.242
2191,5.656159264789423,13,12,2.23
2192,16.358188104897526,14,11,2.2119999999999997
2193,-4.378515586858185,12,13,2.256
2194,-4.452044746763562,12,13,2.2880000000000003
2195,-4.621174952470852,12,13,2.1860000000000004
2196,15.879215172434975,14,11,2.1539999999999995
2197,-4.350826989898227,12,13,2.25
2198,16.749967584031374,14,11,2.27
2199,16.012459813730235,14,11,2.228
2200,16.021544193860716,14,11,2.2459999999999996
2201,16.270562539773152,14,11,2.2800000000000002
2202,16.44653613902841,14,11,2.232
2203,26.310259633375285,15,10,2.18
2204,15.537700589135502,14,11,2.2079999999999997
2205,-4.1482882630450675,12,13,2.1979999999999995
2206,16.109748688936826,14,11,2.134
2207,-3.913363441247526,12,13,2.2239999999999998
2208,15.55706237809514,14,11,2.246
2209,6.264480635099247,13,12,2.2140000000000004
2210,-4.570509556999905,12,13,2.154
2211,26.241879216726964,15,10,2.14
2212,16.44879513664792,14,11,2.262
2213,6.658376414573397,13,12,2.208
2214,-4.5379198275080554,12,13,2.1740000000000004
2215,16.215726022280776,14,11,2.1700000000000004
2216,25.78868730945105,15,10,2.2
2217,5.275583395394449,13,12,2.282
2218,16.466808289059998,14,11,2.2459999999999996
2219,-4.492926347055931,12,13,2.3299999999999996
2220,5.343755350463471,13,12,2.1919999999999997
2221,15.700244222792392,14,11,2.2220000000000004
2222,-3.9325509114313846,12,13,2.182
2223,26.87064033828901,15,10,2.246
2224,5.406693563060191,13,12,2.1820000000000004
2225,-4.896728503690985,12,13,2.1759999999999997
2226,36.2096738493806,16,9,2.2440000000000007
2227,16.68104204527998,14,11,2.1739999999999995
2228,15.129870963300043,14,11,2.25
2229,15.915690939301188,14,11,2.2239999999999998
2230,-6.3357869123854975,12,13,2.2760000000000007
2231,5.647713326140607,13,12,2.329999999999999
2232,15.789839013705686,14,11,2.226
2233,5.16997249414462,13,12,2.336
2234,15.646946314667485,14,11,2.184
2235,15.113693254886398,14,11,2.2560000000000002
2236,15.563699892370957,14,11,2.286
2237,15.595229558424718,14,11,2.2220000000000004
2238,-5.140143156023065,12,13,2.2819999999999996
2239,5.210920183584566,13,12,2.272
2240,15.690304776559097,14,11,2.2939999999999996
2241,6.245269959030065,13,12,2.16
2242,25.452496962343922,15,10,2.2060000000000004
2243,6.599713533686533,13,12,2.1960000000000006
2244,6.188371273294614,13,12,2.238
2245,15.104868571812817,14,11,2.2719999999999994
2246,5.9134540492099,13,12,2.2380000000000004
2247,6.736166241744581,13,12,2.272
2248,5.581616430342255,13,12,2.254
2249,15.433650628424786,14,11,2.2439999999999998
2250,5.399435918358597,13,12,2.246
2251,16.11916272244101,14,11,2.2640000000000002
2252,5.269765789094002,13,12,2.158
2253,-3.518917819403228,12,13,2.2339999999999995
2254,-24.445953480829314,10,15,2.2340000000000004
2255,5.646858267383195,13,12,2.22
2256,15.585590236979469,14,11,2.168
2257,-4.78820842535394,12,13,2.254
2258,14.669855912104666,14,11,2.2760000000000002
2259,-4.073131134894233,12,13,2.2199999999999998
2260,-14.645742281706273,11,14,2.2560000000000002
2261,15.961586838596514,14,11,2.352
2262,-3.70631216059936,12,13,2.222
2263,16.26191089234633,14,11,2.226
2264,15.965686913440155,14,11,2.2800000000000002
2265,6.768281882546159,13,12,2.232
2266,25.94946924898187,15,10,2.304
2267,5.1280572163614195,13,12,2.226
2268,16.418942990046947,14,11,2.176
2269,6.0228117289794145,13,12,2.2479999999999998
2270,26.415063474965432,15,10,2.268
2271,6.8319059302498175,13,12,2.188
2272,5.93084255330721,13,12,2.1719999999999997
2273,25.748542065997917,15,10,2.178
2274,35.52300600351128,16,9,2.2059999999999995
2275,-4.561252412282624,12,13,2.274
2276,17.058952333093856,14,11,2.3359999999999994
2277,15.07207746806287,14,11,2.250000000000001
2278,25.84852944455716,15,10,2.222
2279,4.933228983249887,13,12,2.298
2280,6.431725374578708,13,12,2.248
2281,5.460259987968726,13,12,2.2499999999999996
2282,-4.543106665526361,12,13,2.246
2283,-4.244011519690314,12,13,2.242
2284,5.299346237662826,13,12,2.256
2285,-14.285830631601506,11,14,2.2640000000000002
2286,6.719515734148988,13,12,2.166
2287,25.95331763694573,15,10,2.2660000000000005
2288,6.088246530480756,13,12,2.254
2289,6.231349494488008,13,12,2.16
2290,-14.356073674528771,11,14,2.25
2291,5.655759826399283,13,12,2.252
2292,16.347137114670854,14,11,2.1439999999999997
2293,-14.077401307592257,11,14,2.174
2294,-4.121744008381565,12,13,2.164
2295,15.816333603828532,14,11,2.19
2296,-3.6252646833036266,12,13,2.27
2297,-3.4045265455302207,12,13,2.1559999999999997
2298,6.655372964767256,13,12,2.22
2299,6.132739497738285,13,12,2.158
2300,6.006797067594487,13,12,2.2659999999999996
2301,-3.7500033563688255,12,13,2.1879999999999997
2302,-4.3518141757617315,12,13,2.182
2303,-4.191436671803668,12,13,2.154
2304,5.656185700832662,13,12,2.2439999999999998
2305,5.773411994757428,13,12,2.2920000000000003
2306,16.61779256206585,14,11,2.268
2307,-3.796924445197856,12,13,2.22
2308,-4.1836536727406735,12,13,2.284
2309,5.915478605105957,13,12,2.1100000000000003
2310,-3.586804688477212,12,13,2.166
2311,-4.368206202721309,12,13,2.3340000000000005
2312,6.924716320941773,13,12,2.16
2313,6.043678340451795,13,12,2.174
2314,6.317103694544228,13,12,2.304
2315,5.894003341058731,13,12,2.246
2316,-3.891391397025785,12,13,2.232
2317,-14.703356972820606,11,14,2.198
2318,16.236392184229945,14,11,2.246
2319,5.545233760917178,13,12,2.274
2320,-4.290890992994623,12,13,2.282
2321,-3.6773408383590365,12,13,2.242
2322,16.451048665204517,14,11,2.148
2323,5.626239348021656,13,12,2.242
2324,24.854388909204516,15,10,2.2939999999999996
2325,15.143102544622277,14,11,2.2619999999999996
2326,26.152645066460586,15,10,2.234
2327,-4.462143335414201,12,13,2.198
2328,-13.807673192483772,11,14,2.1000000000000005
2329,15.58268473805818,14,11,2.1620000000000004
2330,-3.8723606046855004,12,13,2.25
2331,-5.029170284355752,12,13,2.2279999999999998
2332,-3.9883231601213076,12,13,2.158
2333,15.687635339749683,14,11,2.244
2334,15.325914528584516,14,11,2.1900000000000004
2335,5.51127898183676,13,12,2.1320000000000006
2336,16.097599048587618,14,11,2.184
2337,-5.0816028242805995,12,13,2.146
2338,15.963701063098256,14,11,2.218
2339,-14.547495808678944,11,14,2.198
2340,-4.730541732131428,12,13,2.178
2341,4.734820628711454,13,12,2.212
2342,-3.9526629147305385,12,13,2.2280000000000006
2343,5.427232537049914,13,12,2.1879999999999997
2344,-4.825770161183822,12,13,2.192
2345,-3.6240536077736643,12,13,2.208
2346,-13.735683211397628,11,14,2.186
2347,-4.019825167191115,12,13,2.1640000000000006
2348,5.109359687798541,13,12,2.13
2349,-14.46124689154949,11,14,2.23
2350,5.819845278315057,13,12,2.216
2351,-4.887294169201073,12,13,2.244
2352,6.068161152498977,13,12,2.2800000000000002
2353,5.7812749470654055,13,12,2.196
2354,-3.9286114810189954,12,13,2.2060000000000004
2355,-13.948293748345693,11,14,2.1599999999999997
2356,-4.428178085301077,12,13,2.228
2357,-14.861899069553719,11,14,2.2139999999999995
2358,-4.031488538169512,12,13,2.136
2359,6.161185160379519,13,12,2.2879999999999994
2360,7.060983169897117,13,12,2.288
2361,6.741962439656755,13,12,2.1319999999999997
2362,-4.19754547205574,12,13,2.2239999999999998
2363,16.133118129372782,14,11,2.2439999999999998
2364,-3.2923810863991534,12,13,2.196
2365,17.20293643343037,14,11,2.1799999999999997
2366,16.45703684587611,14,11,2.2380000000000004
2367,5.704754134435765,13,12,2.1239999999999997
2368,6.608809530928276,13,12,2.15
2369,5.469217408925644,13,12,2.224
2370,15.938236652684981,14,11,2.166
2371,-3.7845061212945623,12,13,2.216
2372,6.334167934216524,13,12,2.1119999999999997
2373,-3.719451501089793,12,13,2.256
2374,-4.623761780715718,12,13,2.218
2375,5.979437819642847,13,12,2.15
2376,16.349379398262165,14,11,2.278
2377,6.0843255788952035,13,12,2.218
2378,5.467708893418131,13,12,2.294
2379,16.285897485221525,14,11,2.296
2380,16.574644028397564,14,11,2.252
2381,26.092695113400083,15,10,2.294
2382,16.604758576488685,14,11,2.15
2383,5.978787163081563,13,12,2.288
2384,16.45049057762636,14,11,2.1340000000000003
2385,16.464479529414938,14,11,2.246
2386,6.376003208902759,13,12,2.182
2387,16.12865940753604,14,11,2.2199999999999998
2388,6.484987547007796,13,12,2.2079999999999997
2389,16.245213561353296,14,11,2.198
2390,-4.128187459235008,12,13,2.258
2391,15.390851231079843,14,11,2.198
2392,6.059048311416504,13,12,2.146
2393,6.0793822942877505,13,12,2.2700000000000005
2394,6.386999648613255,13,12,2.186
2395,5.990735804154259,13,12,2.1420000000000003
2396,16.871498982137087,14,11,2.182
2397,6.738287348916174,13,12,2.2039999999999997
2398,6.106076042398691,13,12,2.1979999999999995
2399,-13.654987169476552,11,14,2.2459999999999996
2400,5.518519191602593,13,12,2.296
2401,16.790772715694892,14,11,2.292
2402,16.309905407481615,14,11,2.23
2403,-3.7220164523006467,12,13,2.214
2404,6.309684332197712,13,12,2.2359999999999998
2405,-3.7780059841642384,12,13,2.2340000000000004
2406,6.90975689987858,13,12,2.242
2407,-3.599985114601843,12,13,2.2399999999999998
2408,26.494739204164667,15,10,2.202
2409,16.4656548547902,14,11,2.242
2410,15.912693256533426,14,11,2.2899999999999996
2411,25.65209183934288,15,10,2.162
2412,16.01303786936228,14,11,2.228
2413,6.3603713839265925,13,12,2.2079999999999997
2414,5.688847814215414,13,12,2.1220000000000003
2415,5.498321686237965,13,12,2.0980000000000003
2416,-4.360689969609879,12,13,2.088
2417,16.655648441964306,14,11,2.234
2418,16.380373325562473,14,11,2.2339999999999995
2419,15.916505447736586,14,11,2.226
2420,-3.7680077142182142,12,13,2.158
2421,15.035009843398147,14,11,2.246
2422,5.708099261542117,13,12,2.262
2423,16.002598534822702,14,11,2.21
2424,6.0740334335926,13,12,2.228
2425,15.211678101607893,14,11,2.172
2426,7.0947574334422825,13,12,2.2560000000000002
2427,26.024271224262506,15,10,2.2439999999999998
2428,-4.991427292196452,12,13,2.2
2429,-4.245548837303582,12,13,2.232
2430,5.5000523592290484,13,12,2.2239999999999998
2431,-14.702556899475,11,14,2.198
2432,-3.748588885046434,12,13,2.18
2433,6.012961720676325,13,12,2.3019999999999996
2434,6.42110869937091,13,12,2.2720000000000002
2435,26.53573694823191,15,10,2.272
2436,25.039305126173016,15,10,2.2319999999999998
2437,6.266090896476406,13,12,2.098
2438,15.947285791038377,14,11,2.2779999999999996
2439,6.850415209615512,13,12,2.2939999999999996
2440,15.848876697039668,14,11,2.2159999999999997
2441,-4.887819236670563,12,13,2.154
2442,5.435811168514245,13,12,2.174
2443,15.911568435457076,14,11,2.28
2444,25.376531310509016,15,10,2.226
2445,6.811589726709336,13,12,2.158
2446,16.022282828444805,14,11,2.2920000000000003
2447,16.397430621432527,14,11,2.2199999999999998
2448,-4.8526184373408405,12,13,2.31
2449,15.803890127342875,14,11,2.2039999999999997
2450,16.752813295805495,14,11,2.2359999999999998
2451,15.832781393267709,14,11,2.2
2452,5.362533934593298,13,12,2.2600000000000002
2453,6.005949070584926,13,12,2.304
2454,7.127188196682972,13,12,2.2779999999999996
2455,-14.25156306681195,11,14,2.178
2456,15.941865736188616,14,11,2.1759999999999997
2457,5.437694083700965,13,12,2.3259999999999996
2458,24.816503998828367,15,10,2.274
2459,16.137964168365386,14,11,2.2960000000000003
2460,15.560511141394837,14,11,2.318
2461,14.896948613694498,14,11,2.136
2462,15.442252880442023,14,11,2.2239999999999998
2463,6.0705510103172635,13,12,2.2239999999999993
2464,-15.543019783117465,11,14,2.2359999999999998
2465,-5.272770453774179,12,13,2.212
2466,15.329637561271724,14,11,2.294
2467,5.584533359011358,13,12,2.2499999999999996
2468,16.224816475166417,14,11,2.2079999999999997
2469,25.84212288729875,15,10,2.308
2470,5.645170726804496,13,12,2.286
2471,5.788128243890043,13,12,2.228
2472,14.956475622305025,14,11,2.3259999999999996
2473,15.158844401849915,14,11,2.2140000000000004
2474,6.570537783881006,13,12,2.258
2475,6.275597226535169,13,12,2.1740000000000004
2476,34.92576902516897,16,9,2.19
2477,5.410412472984667,13,12,2.2220000000000004
2478,16.015926998927682,14,11,2.28
2479,5.055412791610875,13,12,2.2540000000000004
2480,17.39461447374525,14,11,2.234
2481,16.28467869686989,14,11,2.21
2482,25.55009749316999,15,10,2.2439999999999998
2483,15.923653940771914,14,11,2.244
2484,5.823822640778067,13,12,2.3419999999999996
2485,5.54971296255955,13,12,2.216
2486,-4.527148886335011,12,13,2.1879999999999997
2487,6.101527689421594,13,12,2.3020000000000005
2488,15.368590421612426,14,11,2.2420000000000004
2489,16.099679344842716,14,11,2.32
2490,6.3824945563700375,13,12,2.15
2491,16.238086930175708,14,11,2.1719999999999997
2492,5.5657755937357205,13,12,2.226
2493,25.386216494199644,15,10,2.308
2494,6.129473266128025,13,12,2.284
2495,4.970258308445047,13,12,2.2359999999999998
2496,24.928322332209284,15,10,2.1820000000000004
2497,14.471088908223678,14,11,2.344
2498,6.463393329782221,13,12,2.2119999999999997
2499,15.517677833811527,14,11,2.194
2500,25.14889785343815,15,10,2.162
2501,25.969477809679983,15,10,2.2440000000000007
2502,15.875574065045207,14,11,2.242
2503,25.99153452153133,15,10,2.1639999999999997
2504,16.804405613524036,14,11,2.2660000000000005
2505,15.814078673332158,14,11,2.1380000000000003
2506,25.640800027519717,15,10,2.244
2507,26.310458254742283,15,10,2.208
2508,15.106764478313885,14,11,2.3
2509,5.336051315275622,13,12,2.182
2510,-4.738643139551254,12,13,2.206
2511,26.18544851234055,15,10,2.2199999999999998
2512,26.260002916261325,15,10,2.254
2513,6.324978742515302,13,12,2.218
2514,16.62751355572922,14,11,2.166
2515,26.171832370513275,15,10,2.192
2516,25.935794970878362,15,10,2.2399999999999998
2517,26.410070580265124,15,10,2.342
2518,5.632204414231808,13,12,2.2760000000000002
2519,-3.939363155755016,12,13,2.202
2520,6.39426657702041,13,12,2.17
2521,15.456264229261789,14,11,2.152
2522,6.130198112545827,13,12,2.132
2523,25.593003298257486,15,10,2.198
2524,15.127301987271451,14,11,2.284
2525,-3.9347758170619116,12,13,2.228
2526,15.72287181373903,14,11,2.174
2527,-14.993655442075678,11,14,2.2600000000000002
2528,25.578286397758358,15,10,2.2079999999999997
2529,15.522297003830289,14,11,2.186
2530,26.007509711274587,15,10,2.2700000000000005
2531,15.986225309063936,14,11,2.266
2532,5.809231281637125,13,12,2.178
2533,-14.480865283703277,11,14,2.244
2534,5.807891340851347,13,12,2.218
2535,-4.448565750307214,12,13,2.16
2536,-4.585886052755164,12,13,2.25
2537,-4.786746782256383,12,13,2.2560000000000002
2538,-4.4334182135291655,12,13,2.2840000000000003
2539,5.614561229890352,13,12,2.1719999999999997
2540,-4.640343112268493,12,13,2.2279999999999998
2541,16.012747262344035,14,11,2.226
2542,25.131563195198233,15,10,2.2219999999999995
2543,25.48965535125974,15,10,2.196
2544,5.368121212319078,13,12,2.218
2545,6.2391425706533,13,12,2.24
2546,25.189832763892642,15,10,2.304
2547,-4.039954644792601,12,13,2.2359999999999998
2548,5.744833928626537,13,12,2.218
2549,-3.779233481619123,12,13,2.214
2550,5.6907718955981785,13,12,2.2659999999999996
2551,5.792732131750483,13,12,2.2239999999999998
2552,35.7779728919307,16,9,2.216
2553,15.661507835486908,14,11,2.1519999999999997
2554,5.921361385278022,13,12,2.226
2555,-4.85437260935003,12,13,2.178
2556,15.401225040419613,14,11,2.218
2557,16.758749308071312,14,11,2.2920000000000003
2558,26.733308681352227,15,10,2.272
2559,4.80801075848494,13,12,2.2299999999999995
2560,16.284364901988663,14,11,2.268
2561,5.320850100217228,13,12,2.196
2562,25.118216290266307,15,10,2.198
2563,15.592294408799061,14,11,2.1660000000000004
2564,5.925111365122342,13,12,2.082
2565,-14.947510696346683,11,14,2.2439999999999998
2566,25.351499628258296,15,10,2.19
2567,-3.259289940332348,12,13,2.318
2568,5.781382225192884,13,12,2.1919999999999997
2569,-13.764484954524432,11,14,2.256
2570,-3.7493661710601067,12,13,2.204
2571,5.816812784951484,13,12,2.2439999999999998
2572,26.773553219999297,15,10,2.21
2573,6.097423358609582,13,12,2.2379999999999995
2574,6.215287633627241,13,12,2.122
2575,15.716494779697372,14,11,2.156
2576,15.645568594155367,14,11,2.256
2577,26.587051274198462,15,10,2.346
2578,7.137458229822798,13,12,2.1919999999999997
2579,-4.057067247555999,12,13,2.2199999999999998
2580,16.783800962614983,14,11,2.172
2581,5.48131009452878,13,12,2.2840000000000003
2582,16.815418008319867,14,11,2.35
2583,16.14429842065372,14,11,2.144
2584,6.297666335184001,13,12,2.1420000000000003
2585,-3.9557035531924587,12,13,2.2939999999999996
2586,-3.5930496925384823,12,13,2.2619999999999996
2587,26.85742180678449,15,10,2.2359999999999998
2588,15.53919287008459,14,11,2.2020000000000004
2589,26.466681631476273,15,10,2.228
2590,15.280539752410043,14,11,2.2700000000000005
2591,14.7845794972037,14,11,2.2379999999999995
2592,-4.396614842442553,12,13,2.184
2593,15.259519806937856,14,11,2.2760000000000002
2594,15.281386880451524,14,11,2.2659999999999996
2595,5.897233526741488,13,12,2.246
2596,26.309976130393842,15,10,2.1979999999999995
2597,16.39203309883286,14,11,2.248
2598,5.749027728913692,13,12,2.2020000000000004
2599,-4.694044539045713,12,13,2.1919999999999997
2600,5.402268360798772,13,12,2.21
2601,15.684040283718634,14,11,2.2220000000000004
2602,16.169041282940256,14,11,2.186
2603,25.215549005187984,15,10,2.216
2604,16.16231968857175,14,11,2.252
2605,5.342675792797962,13,12,2.2460000000000004
2606,15.808607065375146,14,11,2.288
2607,26.333851229282416,15,10,2.24
2608,-3.5946829742152744,12,13,2.124
2609,36.00747238587039,16,9,2.202
2610,24.95852265521392,15,10,2.1580000000000004
2611,5.4486717736697585,13,12,2.192
2612,-5.033833040514864,12,13,2.226
2613,14.766675342989489,14,11,2.2060000000000004
2614,15.221826831771132,14,11,2.25
2615,15.720810388783763,14,11,2.222
2616,6.01227500579742,13,12,2.278
2617,25.94239242337673,15,10,2.2079999999999997
2618,5.886756472094458,13,12,2.1279999999999997
2619,15.265174573788217,14,11,2.2340000000000004
2620,14.559430899087502,14,11,2.26
2621,16.030217793368166,14,11,2.202
2622,-4.33155717131303,12,13,2.224
2623,5.442923497090309,13,12,2.306
2624,25.58084430271171,15,10,2.178
2625,6.177866652042038,13,12,2.162
2626,25.046126972579554,15,10,2.2079999999999997
2627,15.33652692160384,14,11,2.24
2628,25.821501097017396,15,10,2.306
2629,25.9954719440679,15,10,2.244
2630,35.73979109121299,16,9,2.182
2631,26.106728968206866,15,10,2.2279999999999998
2632,15.936941173815075,14,11,2.2399999999999998
2633,26.435892530844114,15,10,2.21
2634,25.961974499601766,15,10,2.232
2635,5.918687935168842,13,12,2.214
2636,34.90411178964453,16,9,2.3100000000000005
2637,5.534839980969984,13,12,2.212
2638,35.55358013281374,16,9,2.2399999999999998
2639,6.184361148563303,13,12,2.224
2640,25.957202644286415,15,10,2.168
2641,16.525545061027515,14,11,2.2760000000000002
2642,25.773805929838595,15,10,2.1839999999999997
2643,6.37487626054936,13,12,2.182
2644,35.54635089236684,16,9,2.18
2645,5.850922459591903,13,12,2.246
2646,5.597804864565019,13,12,2.2060000000000004
2647,-4.038600921540919,12,13,2.3780000000000006
2648,25.649590046851714,15,10,2.23
2649,6.4488917693890775,13,12,2.138
2650,-4.651717360720177,12,13,2.298
2651,16.311259513062183,14,11,2.1580000000000004
2652,6.066401341094851,13,12,2.24
2653,25.26907125896097,15,10,2.274
2654,15.427836086264552,14,11,2.252
2655,-4.5090929923948995,12,13,2.204
2656,15.8631237948242,14,11,2.2540000000000004
2657,6.241890736564843,13,12,2.2600000000000002
2658,5.714548383129216,13,12,2.1640000000000006
2659,15.951511663907407,14,11,2.1740000000000004
2660,-5.059088194089096,12,13,2.216
2661,4.94958736001978,13,12,2.25
2662,-5.09797769777574,12,13,2.272
2663,15.413512478367762,14,11,2.2139999999999995
2664,25.96396099294518,15,10,2.12
2665,-4.286735505053654,12,13,2.242
2666,14.832486207290824,14,11,2.132
2667,15.476266601150567,14,11,2.254
2668,25.170937738074564,15,10,2.29
2669,-3.993003491169363,12,13,2.2399999999999998
2670,-3.4950430695780375,12,13,2.2319999999999998
2671,5.265436735769832,13,12,2.2380000000000004
2672,15.157536054221486,14,11,2.2319999999999998
2673,7.153384835778956,13,12,2.27
2674,46.37647709885498,17,8,2.256
2675,6.129029858222207,13,12,2.218
2676,5.5558591721843875,13,12,2.2079999999999997
2677,26.443731374960596,15,10,2.13
2678,5.140280967709712,13,12,2.246
2679,45.01570457413903,17,8,2.2239999999999998
2680,16.519260804088532,14,11,2.218
2681,-14.591014932266113,11,14,2.252
2682,15.734713081131623,14,11,2.1759999999999997
2683,-4.059727872717382,12,13,2.1540000000000004
2684,16.219412249669986,14,11,2.262
2685,6.6327174823027315,13,12,2.2199999999999998
2686,6.11198500368322,13,12,2.1879999999999997
2687,-4.05916659895815,12,13,2.25
2688,16.660540178953067,14,11,2.214
2689,16.08102454950399,14,11,2.2939999999999996
2690,-3.967676650766869,12,13,2.2359999999999998
2691,15.740671155669602,14,11,2.2459999999999996
2692,26.37356085672182,15,10,2.194
2693,15.006903494383266,14,11,2.224
2694,-4.235855170413515,12,13,2.164
2695,46.20178576818389,17,8,2.306
2696,25.52928544359749,15,10,2.268
2697,15.524675330765458,14,11,2.172
2698,-4.2334605177018645,12,13,2.1940000000000004
2699,25.931475359615348,15,10,2.208
2700,26.062219236777384,15,10,2.132
2701,5.278447217978826,13,12,2.1820000000000004
2702,-15.708494544370463,11,14,2.232
2703,15.685583922149105,14,11,2.132
2704,-3.752769831638286,12,13,2.148
2705,6.735575185888845,13,12,2.134
2706,6.605902407589689,13,12,2.1739999999999995
2707,5.279211820601525,13,12,2.2360000000000007
2708,6.1879461826564395,13,12,2.224
2709,5.362286018598656,13,12,2.2039999999999997
2710,25.92079456171977,15,10,2.266
2711,15.950292719656288,14,11,2.246
2712,25.7804648588165,15,10,2.1820000000000004
2713,15.867410042345647,14,11,2.284
2714,-4.519936451129578,12,13,2.284
2715,4.651566012129997,13,12,2.1119999999999997
2716,15.880873653838496,14,11,2.222
2717,-13.843155341360388,11,14,2.168
2718,15.231700173743977,14,11,2.25
2719,4.780184666229614,13,12,2.2640000000000002
2720,-14.53829545280296,11,14,2.2120000000000006
2721,14.861071242547396,14,11,2.186
2722,-4.737805290692831,12,13,2.2760000000000002
2723,15.309653734447853,14,11,2.17
2724,-4.457828894435897,12,13,2.2939999999999996
2725,34.97224102923907,16,9,2.208
2726,16.023806370635555,14,11,2.1980000000000004
2727,5.4675227370078545,13,12,2.174
2728,5.646092925805036,13,12,2.368
2729,5.4518460829396425,13,12,2.238
2730,35.62193334787741,16,9,2.26
2731,5.461053457551566,13,12,2.258
2732,35.365772134521094,16,9,2.192
2733,14.74645315939761,14,11,2.262
2734,16.20381033759042,14,11,2.162
2735,-14.49841019230716,11,14,2.1780000000000004
2736,14.961241177294687,14,11,2.2600000000000002
2737,5.849069294366313,13,12,2.166
2738,4.996910705855033,13,12,2.202
2739,-4.393195909788989,12,13,2.232
2740,15.478039045549576,14,11,2.2399999999999998
2741,16.494690387548687,14,11,2.3039999999999994
2742,15.330821211672884,14,11,2.282
2743,-4.308249757933467,12,13,2.222
2744,15.865009604084927,14,11,2.23
2745,36.223472784533826,16,9,2.2459999999999996
2746,5.725165908858235,13,12,2.3019999999999996
2747,5.7101647206623305,13,12,2.194
2748,-15.28401755537996,11,14,2.222
2749,-24.73898751001183,10,15,2.2039999999999997
2750,5.2167998891990415,13,12,2.1979999999999995
2751,25.852924377191513,15,10,2.196
2752,-14.39088747701671,11,14,2.194
2753,16.00629408598195,14,11,2.2399999999999998
2754,-14.92943462616219,11,14,2.256
2755,16.376188276140173,14,11,2.192
2756,-4.310955112759604,12,13,2.21
2757,-24.81887052594178,10,15,2.216
2758,5.928648882453258,13,12,2.2039999999999997
2759,25.146884209127627,15,10,2.32
2760,5.679404163664415,13,12,2.162
2761,-4.001596716890086,12,13,2.216
2762,-14.419884347289372,11,14,2.3219999999999996
2763,5.513500450315689,13,12,2.254
2764,5.432647955414318,13,12,2.3019999999999996
2765,-13.886323498982904,11,14,2.208
2766,-15.296241008183157,11,14,2.1699999999999995
2767,5.178917290067538,13,12,2.2060000000000004
2768,-25.56838048477386,10,15,2.282
2769,5.925300949620098,13,12,2.1660000000000004
2770,-24.45913709169892,10,15,2.212
2771,6.117255246724731,13,12,2.278
2772,-3.8853969972852695,12,13,2.16
2773,-15.103792332438587,11,14,2.318
2774,6.705340187957056,13,12,2.216
2775,6.228617478611117,13,12,2.162
2776,-4.861221817093593,12,13,2.1900000000000004
2777,5.614095874002302,13,12,2.2199999999999998
2778,5.665147186898814,13,12,2.232
2779,14.553033308732319,14,11,2.2199999999999998
2780,6.041936350815146,13,12,2.184
2781,5.540469624869555,13,12,2.22
2782,14.720569451099443,14,11,2.136
2783,-16.17827982844143,11,14,2.2020000000000004
2784,4.905009926582878,13,12,2.226
2785,-4.687367092956599,12,13,2.2700000000000005
2786,15.997419061607495,14,11,2.178
2787,-4.545845149195435,12,13,2.178
2788,15.446247189379442,14,11,2.2660000000000005
2789,15.507177184010017,14,11,2.258
2790,15.511622879584468,14,11,2.2079999999999997
2791,15.092687847740823,14,11,2.2459999999999996
2792,-4.101047453043609,12,13,2.276
2793,15.24555267329113,14,11,2.182
2794,-13.898112500714934,11,14,2.16
2795,4.316931245581857,13,12,2.27
2796,-14.53959546436377,11,14,2.2880000000000003
2797,15.958165317119299,14,11,2.186
2798,5.9218933630018675,13,12,2.2100000000000004
2799,-4.828457942975172,12,13,2.132
2800,5.230211917236488,13,12,2.258
2801,26.35963376502017,15,10,2.12
2802,-15.780206097624433,11,14,2.254
2803,-4.303819897677013,12,13,2.23
2804,14.979791598346953,14,11,2.276
2805,5.358684627395851,13,12,2.222
2806,16.164714458778057,14,11,2.1740000000000004
2807,25.270570448141957,15,10,2.1999999999999997
2808,4.682012994670874,13,12,2.28
2809,14.981230560502581,14,11,2.196
2810,-3.9197009399131684,12,13,2.1900000000000004
2811,35.63001633734332,16,9,2.272
2812,-4.386322951777048,12,13,2.112
2813,5.65030725749677,13,12,2.2359999999999998
2814,4.4026887222778335,13,12,2.186
2815,-3.6853735270613415,12,13,2.194
2816,-4.346394263360029,12,13,2.212
2817,16.192184749384772,14,11,2.1740000000000004
2818,5.209767792616416,13,12,2.284
2819,5.362108033550486,13,12,2.1799999999999997
2820,4.982870072818564,13,12,2.178
2821,5.128900916173688,13,12,2.258
2822,-4.017487629397685,12,13,2.1740000000000004
2823,5.900685936709415,13,12,2.274
2824,5.396210095758834,13,12,2.2560000000000002
2825,15.038219063798959,14,11,2.1159999999999997
2826,-4.306165968517796,12,13,2.222
2827,25.919752062442065,15,10,2.2059999999999995
2828,15.958218092052968,14,11,2.262
2829,16.813197979358897,14,11,2.248
2830,16.760266660622154,14,11,2.226
2831,-4.003229179184521,12,13,2.238
2832,4.844973494106707,13,12,2.182
2833,5.819722414426494,13,12,2.324
2834,5.155174605367275,13,12,2.1919999999999997
2835,-3.6454950396663257,12,13,2.1759999999999997
2836,15.656983787003114,14,11,2.2640000000000002
2837,25.540707115967944,15,10,2.1919999999999997
2838,-4.125360589048978,12,13,2.2020000000000004
2839,15.064205750488457,14,11,2.1399999999999997
2840,15.89992160982122,14,11,2.204
2841,-14.729955978351501,11,14,2.168
2842,-13.60970497292941,11,14,2.1399999999999997
2843,5.5394520450798765,13,12,2.3259999999999996
2844,16.17434095460214,14,11,2.1700000000000004
2845,26.26214820327357,15,10,2.1839999999999997
2846,15.331316554435494,14,11,2.248
2847,15.971120159846835,14,11,2.2079999999999997
2848,6.285125596412287,13,12,2.2619999999999996
2849,26.589962507574562,15,10,2.2660000000000005
2850,25.349926559672845,15,10,2.314
2851,6.455485045447009,13,12,2.3019999999999996
2852,-24.338201884034692,10,15,2.248
2853,26.22058162612676,15,10,2.2880000000000003
2854,15.43656832439265,14,11,2.1940000000000004
2855,15.73110777880474,14,11,2.252
2856,5.406035606118504,13,12,2.2560000000000002
2857,6.641936530698331,13,12,2.2340000000000004
2858,26.48592614291872,15,10,2.206
2859,-3.828025420930029,12,13,2.3080000000000003
2860,15.460403867902274,14,11,2.3180000000000005
2861,5.8998943138556115,13,12,2.232
2862,26.65288434832067,15,10,2.14
2863,15.80911721758716,14,11,2.288
2864,15.92080353169499,14,11,2.2600000000000002
2865,15.296047785191167,14,11,2.1800000000000006
2866,6.022312078776496,13,12,2.22
2867,15.78818128378104,14,11,2.226
2868,15.00459971382223,14,11,2.242
2869,5.59292329787959,13,12,2.3099999999999996
2870,16.429759973152727,14,11,2.3
2871,26.217833763502494,15,10,2.272
2872,25.27453266114199,15,10,2.1740000000000004
2873,5.098572965278855,13,12,2.214
2874,25.92423955518361,15,10,2.1300000000000003
2875,25.432848671252167,15,10,2.3539999999999996
2876,15.945625924863608,14,11,2.258
2877,25.72691230242583,15,10,2.214
2878,15.951710292838374,14,11,2.3139999999999996
2879,5.432397572658342,13,12,2.212
2880,15.744583744832653,14,11,2.246
2881,-14.921852517325021,11,14,2.224
2882,5.322595852081662,13,12,2.224
2883,14.191709511489938,14,11,2.27
2884,4.071536078748808,13,12,2.194
2885,16.018098526383664,14,11,2.2359999999999998
2886,25.534968045542467,15,10,2.2700000000000005
2887,4.816609788465758,13,12,2.142
2888,16.490810120021205,14,11,2.3660000000000005
2889,5.734285613213462,13,12,2.156
2890,35.33645566432873,16,9,2.1799999999999997
2891,-3.6993489909410116,12,13,2.1279999999999997
2892,-24.101640071278535,10,15,2.2640000000000002
2893,15.295595503916164,14,11,2.2659999999999996
2894,15.129900498089969,14,11,2.342
2895,25.932509507467195,15,10,2.178
2896,24.908739697376483,15,10,2.246
2897,16.106227723948273,14,11,2.326
2898,15.271846092585964,14,11,2.274
2899,15.378175462350896,14,11,2.2560000000000002
2900,5.007945913007621,13,12,2.182
2901,16.325836139910592,14,11,2.272
2902,36.17872381008578,16,9,2.124
2903,5.450064571803843,13,12,2.252
2904,15.829627624964353,14,11,2.138
2905,15.846667700057097,14,11,2.186
2906,25.17036600116699,15,10,2.146
2907,25.456197657095057,15,10,2.2039999999999997
2908,-4.112328069880384,12,13,2.102
2909,5.762383603195911,13,12,2.2439999999999998
2910,4.755849107598904,13,12,2.3200000000000003
2911,4.751202343103786,13,12,2.332
2912,25.73487058175825,15,10,2.216
2913,26.03012219466521,15,10,2.194
2914,25.760724099763983,15,10,2.184
2915,25.870119819784655,15,10,2.268
2916,14.97400709334925,14,11,2.166
2917,5.677574513262041,13,12,2.2020000000000004
2918,26.197155491581427,15,10,2.2439999999999998
2919,25.628744508258485,15,10,2.2239999999999998
2920,15.746130893865185,14,11,2.2760000000000002
2921,5.6629408799011625,13,12,2.2560000000000002
2922,15.81186973617981,14,11,2.2220000000000004
2923,6.212548308974316,13,12,2.16
2924,15.789007597403671,14,11,2.2399999999999998
2925,6.073086990160974,13,12,2.266
2926,15.93633668894256,14,11,2.2700000000000005
2927,16.15593771944448,14,11,2.1219999999999994
2928,-4.122415239178199,12,13,2.228
2929,5.453719294633233,13,12,2.232
2930,-14.40071870766936,11,14,2.2439999999999998
2931,-4.777599761114926,12,13,2.222
2932,26.123585847057182,15,10,2.182
2933,-3.8911555752179083,12,13,2.232
2934,-13.518407027947559,11,14,2.196
2935,15.993912990181055,14,11,2.2159999999999997
2936,5.8405338518285035,13,12,2.2020000000000004
2937,-4.640881313816858,12,13,2.27
2938,15.816546763085384,14,11,2.1220000000000003
2939,15.581293420130326,14,11,2.218
2940,17.023982409857005,14,11,2.2479999999999998
2941,25.763807247064914,15,10,2.154
2942,26.260309734183203,15,10,2.162
2943,6.236942562555512,13,12,2.2339999999999995
2944,-3.03008462278002,12,13,2.292
2945,25.820778920007264,15,10,2.196
2946,15.946909454097563,14,11,2.2399999999999998
2947,16.31812089880009,14,11,2.218
2948,15.598068305751514,14,11,2.306
2949,35.59470848801118,16,9,2.2720000000000002
2950,-4.072421866828101,12,13,2.13
2951,25.258166249955412,15,10,2.318
2952,5.588751820730124,13,12,2.1540000000000004
2953,25.315701889045354,15,10,2.314
2954,5.584478269932089,13,12,2.246
2955,25.875727195141714,15,10,2.2960000000000003
2956,24.858656246971563,15,10,2.162
2957,5.689127948915534,13,12,2.25
2958,-4.694596919060768,12,13,2.194
2959,-3.6844428320622367,12,13,2.24
2960,25.74097442796238,15,10,2.258
2961,25.418006127649164,15,10,2.2459999999999996
2962,-23.99563007778714,10,15,2.246
2963,-4.212965196530622,12,13,2.258
2964,-23.870025080312903,10,15,2.3
2965,26.03222443002715,15,10,2.262
2966,-14.937702285439915,11,14,2.2199999999999998
2967,25.821491091468996,15,10,2.2260000000000004
2968,6.412854465961374,13,12,2.214
2969,-14.071982838136378,11,14,2.198
2970,26.262246997202915,15,10,2.2960000000000003
2971,6.41942238258215,13,12,2.028
2972,-23.678362809682532,10,15,2.2619999999999996
2973,-4.115907471314117,12,13,2.178
2974,-13.695215378105388,11,14,2.148
2975,-3.3227750650517613,12,13,2.262
2976,-4.3232865017230715,12,13,2.298
2977,-4.911003813544379,12,13,2.304
2978,6.252485676098292,13,12,2.198
2979,5.677168793174072,13,12,2.1879999999999997
2980,6.155608226560801,13,12,2.1780000000000004
2981,-4.065642953580328,12,13,2.242
2982,16.246224880190617,14,11,2.268
2983,16.056793639731307,14,11,2.242
2984,16.116812291005047,14,11,2.194
2985,16.75317856633473,14,11,2.332
2986,16.109273684130393,14,11,2.2639999999999993
2987,16.30930555944812,14,11,2.154
2988,26.24479518897222,15,10,2.232
2989,6.245984442450528,13,12,2.194
2990,-4.410921007848511,12,13,2.16
2991,6.543421830061533,13,12,2.274
2992,15.92485803286793,14,11,2.176
2993,16.815309919520296,14,11,2.182
2994,15.103841253227937,14,11,2.2779999999999996
2995,15.530391491645672,14,11,2.214
2996,26.5368988371389,15,10,2.216
2997,16.017134846355503,14,11,2.3
2998,-3.754456858893551,12,13,2.1060000000000003
2999,16.45749754009205,14,11,2.228
3000,6.312051145220288,13,12,2.16
3001,6.044620899190285,13,12,2.216
3002,16.725317031348535,14,11,2.168
3003,16.10966952282667,14,11,2.2939999999999996
3004,6.240591930648996,13,12,2.2079999999999997
3005,16.465948647670253,14,11,2.2520000000000002
3006,-4.131309917341115,12,13,2.226
3007,25.856412629160033,15,10,2.2239999999999998
3008,6.4052552832529415,13,12,2.316
3009,16.572656146888903,14,11,2.146
3010,16.05815547073287,14,11,2.244
3011,35.772190020146155,16,9,2.3160000000000003
3012,26.04244060964468,15,10,2.0940000000000003
3013,26.030610810048984,15,10,2.1979999999999995
3014,6.315229877807493,13,12,2.2619999999999996
3015,16.155660057998467,14,11,2.2199999999999998
3016,16.565491892138986,14,11,2.29
3017,5.5273706179147375,13,12,2.274
3018,15.940914828814893,14,11,2.2939999999999996
3019,25.64991916234399,15,10,2.1540000000000004
3020,25.91962495995026,15,10,2.2619999999999996
3021,15.460321147120581,14,11,2.23
3022,15.811599903620092,14,11,2.236
3023,-4.120002383828247,12,13,2.164
3024,15.416235601693126,14,11,2.1639999999999997
3025,6.35962539198492,13,12,2.162
3026,15.81098289122891,14,11,2.0999999999999996
3027,5.802333579874759,13,12,2.278
3028,36.196741753153646,16,9,2.214
3029,26.656751337315324,15,10,2.234
3030,36.01454055370372,16,9,2.168
3031,-4.1541829231981975,12,13,2.284
3032,5.811881784779558,13,12,2.258
3033,5.491811705850829,13,12,2.22
3034,16.326296144771646,14,11,2.23
3035,16.582029042013865,14,11,2.254
3036,5.746157002039894,13,12,2.19
3037,25.68729215929801,15,10,2.21
3038,6.0943382182309165,13,12,2.2060000000000004
3039,5.862972552227696,13,12,2.262
3040,15.578941587965751,14,11,2.2499999999999996
3041,25.936571194937116,15,10,2.144
3042,25.50948262065929,15,10,2.2299999999999995
3043,5.705572445153834,13,12,2.146
3044,-3.819632674616397,12,13,2.2700000000000005
3045,16.020615854187966,14,11,2.2199999999999998
3046,26.380150439948416,15,10,2.2119999999999997
3047,5.655011592415121,13,12,2.318
3048,15.468361146717141,14,11,2.236
3049,16.145874814001903,14,11,2.25
3050,26.479255806909766,15,10,2.26
3051,15.639346498436485,14,11,2.244
3052,-3.8720196606425503,12,13,2.222
3053,15.771405801636195,14,11,2.3
3054,4.946969894518052,13,12,2.3040000000000003
3055,15.467899042585913,14,11,2.2720000000000002
3056,5.92972517180587,13,12,2.2199999999999998
3057,15.820141474567876,14,11,2.226
3058,-4.212971287215762,12,13,2.15
3059,25.755777255918794,15,10,2.2659999999999996
3060,35.4426316061927,16,9,2.2840000000000003
3061,-4.678515884919388,12,13,2.136
3062,5.797184927680139,13,12,2.198
3063,15.92155953563579,14,11,2.252
3064,5.809352577533437,13,12,2.2299999999999995
3065,6.129857484844916,13,12,2.248
3066,26.405189334697976,15,10,2.262
3067,5.592423033290892,13,12,2.2880000000000003
3068,16.551461027186512,14,11,2.198
3069,5.8965789529384836,13,12,2.1800000000000006
3070,35.758463084070954,16,9,2.2420000000000004
3071,26.176503932566114,15,10,2.196
3072,26.230987870993488,15,10,2.24
3073,5.933882666470312,13,12,2.226
3074,35.27804414665317,16,9,2.228
3075,16.799252931164652,14,11,2.186
3076,15.909015664721693,14,11,2.138000000000001
3077,15.753462761241517,14,11,2.178
3078,15.693457601328484,14,11,2.218
3079,36.64670295561194,16,9,2.242
3080,15.442191414353642,14,11,2.226
3081,26.104314783335226,15,10,2.2979999999999996
3082,15.009133960509265,14,11,2.3
3083,25.717625558011697,15,10,2.2
3084,16.41707793904118,14,11,2.128
3085,5.175457400994002,13,12,2.228
3086,15.996637781284257,14,11,2.178
3087,-4.039377988355662,12,13,2.2960000000000003
3088,15.34272710594582,14,11,2.258
3089,5.229597890551524,13,12,2.2399999999999998
3090,15.129034005734677,14,11,2.2019999999999995
3091,5.263733743024902,13,12,2.218
3092,6.163761419161968,13,12,2.18
3093,15.514921137249871,14,11,2.2399999999999998
3094,5.3101101857653425,13,12,2.1719999999999997
3095,25.204925658656627,15,10,2.168
3096,25.68861475061561,15,10,2.286
3097,5.023509430401337,13,12,2.2459999999999996
3098,24.745319342623063,15,10,2.2
3099,5.1766409747020745,13,12,2.212
3100,25.239880514766348,15,10,2.2079999999999997
3101,5.340146685135544,13,12,2.1799999999999997
3102,15.563630955786413,14,11,2.2359999999999998
3103,-3.6672500886200794,12,13,2.282
3104,35.617739025825074,16,9,2.15
3105,16.511212415142953,14,11,2.21
3106,15.588477443613778,14,11,2.188
3107,5.64708590717715,13,12,2.2640000000000002
3108,5.845762295938542,13,12,2.272
3109,4.998151354079194,13,12,2.168
3110,15.268744185114775,14,11,2.1900000000000004
3111,15.491227784991223,14,11,2.2120000000000006
3112,15.103821478287742,14,11,2.2700000000000005
3113,25.608922749288823,15,10,2.194
3114,14.919419979738802,14,11,2.218
3115,35.80266460262077,16,9,2.2540000000000004
3116,35.49465203941873,16,9,2.1580000000000004
3117,-3.779484702503975,12,13,2.23
3118,25.85535875800397,15,10,2.188
3119,26.13760300490219,15,10,2.3720000000000008
3120,6.6242202158966315,13,12,2.2159999999999997
3121,35.40163799847323,16,9,2.218
3122,25.50781385158605,15,10,2.168
3123,26.06786166743236,15,10,2.1760000000000006
3124,-4.860376660391012,12,13,2.216
3125,5.848607285954785,13,12,2.162
3126,35.377786489032,16,9,2.2399999999999998
3127,-4.74949501546271,12,13,2.21
3128,26.034818146383493,15,10,2.232
3129,15.240459641968503,14,11,2.2239999999999993
3130,25.098844451751294,15,10,2.0740000000000003
3131,5.755444131295937,13,12,2.254
3132,25.688109848268283,15,10,2.192
3133,25.522689870183875,15,10,2.332
3134,4.785479940277302,13,12,2.302
3135,25.209142664744384,15,10,2.168
3136,16.22494605681921,14,11,2.2039999999999997
3137,4.901597610502023,13,12,2.1879999999999997
3138,4.534416050937576,13,12,2.2520000000000002
3139,35.28385195912735,16,9,2.2380000000000004
3140,-5.226112020301446,12,13,2.2079999999999997
3141,25.418205128210815,15,10,2.22
3142,34.811446155098665,16,9,2.2879999999999994
3143,5.317050255332624,13,12,2.349999999999999
3144,25.88051305457702,15,10,2.2199999999999998
3145,5.200201397303882,13,12,2.176
3146,15.396012866678728,14,11,2.2800000000000002
3147,5.385410938213791,13,12,2.23
3148,15.923445552115847,14,11,2.212
3149,24.987679733319318,15,10,2.1599999999999997
3150,15.479225696715815,14,11,2.246
3151,5.7837283679208795,13,12,2.21
3152,25.557249226906578,15,10,2.2239999999999998
3153,25.52800994924058,15,10,2.2180000000000004
3154,25.98960654852052,15,10,2.1799999999999997
3155,6.500420074943101,13,12,2.258
3156,5.239091609995349,13,12,2.2199999999999998
3157,14.942916585285818,14,11,2.244
3158,25.966821295152265,15,10,2.21
3159,26.194552301907557,15,10,2.122
3160,25.58001546089206,15,10,2.2979999999999996
3161,15.123921363762292,14,11,2.3139999999999996
3162,16.400691261640482,14,11,2.194
3163,5.359814113498274,13,12,2.258
3164,16.179544972506918,14,11,2.2120000000000006
3165,-4.570093952873977,12,13,2.21
3166,4.514951518596316,13,12,2.25
3167,15.77296374915824,14,11,2.232
3168,5.787901390151802,13,12,2.2279999999999998
3169,14.96166157607825,14,11,2.1959999999999997
3170,15.631635078123345,14,11,2.242
3171,16.138173272081833,14,11,2.134
3172,-14.557655880579368,11,14,2.1719999999999997
3173,5.499377062809,13,12,2.2380000000000004
3174,5.478293443260231,13,12,2.2399999999999998
3175,15.503999641014046,14,11,2.2220000000000004
3176,26.567544544612446,15,10,2.27
3177,15.293444144773773,14,11,2.168
3178,26.340471265079366,15,10,2.242
3179,16.31304714109911,14,11,2.194
3180,5.639353410225718,13,12,2.282
3181,4.928110494533138,13,12,2.276
3182,5.644166764914413,13,12,2.196
3183,25.605097900673172,15,10,2.152
3184,-4.336132852349742,12,13,2.2580000000000005
3185,15.065379860503032,14,11,2.136
3186,-5.0348532140967635,12,13,2.2359999999999998
3187,5.819649975713309,13,12,2.21
3188,16.131439663752932,14,11,2.196
3189,26.336453633572138,15,10,2.26
3190,15.182689060701078,14,11,2.214
3191,6.065630704993067,13,12,2.206
3192,15.417623701208058,14,11,2.274
3193,25.558109278574996,15,10,2.304
3194,16.999273452114878,14,11,2.2279999999999998
3195,-14.285780864422794,11,14,2.16
3196,25.80958256766391,15,10,2.228
3197,25.193601497298786,15,10,2.196
3198,-4.144542691719302,12,13,2.2619999999999996
3199,-4.73851389499009,12,13,2.258
3200,-15.39095962273884,11,14,2.184
3201,15.857928579606302,14,11,2.146
3202,-4.511761785850982,12,13,2.368
3203,-3.7530696475326195,12,13,2.218
3204,4.888147614113777,13,12,2.2399999999999998
3205,26.404859899333964,15,10,2.218
3206,5.643163939335178,13,12,2.1919999999999997
3207,-4.346715307316238,12,13,2.286
3208,15.125134660804353,14,11,2.314
3209,-4.584230972126242,12,13,2.302
3210,25.177012464389076,15,10,2.158
3211,15.541959444461478,14,11,2.3459999999999996
3212,15.177291756648664,14,11,2.17
3213,5.064665113645745,13,12,2.232
3214,15.83315818670798,14,11,2.23
3215,6.459328696619949,13,12,2.2139999999999995
3216,15.867370195882817,14,11,2.268
3217,35.53560903314076,16,9,2.3020000000000005
3218,35.740528643217836,16,9,2.3440000000000003
3219,24.8195309069304,15,10,2.2079999999999997
3220,-13.767836932075912,11,14,2.228
3221,24.627984005678826,15,10,2.2439999999999998
3222,5.588950939282011,13,12,2.234
3223,15.341158991933796,14,11,2.1900000000000004
3224,25.365573618677637,15,10,2.2800000000000002
3225,16.421281119742638,14,11,2.1820000000000004
3226,25.727594156985248,15,10,2.1699999999999995
3227,25.859779508252416,15,10,2.22
3228,5.190595323903292,13,12,2.258
3229,16.122048204570934,14,11,2.29
3230,25.281684655415436,15,10,2.18
3231,35.52681043751602,16,9,2.212
3232,-14.724890781145735,11,14,2.2980000000000005
3233,-13.845177210639847,11,14,2.2
3234,26.082618137790647,15,10,2.194
3235,35.705997240813396,16,9,2.162
3236,25.025598876827146,15,10,2.3360000000000003
3237,16.57369580230095,14,11,2.172
3238,15.620885348310097,14,11,2.238
3239,25.750127099099437,15,10,2.194
3240,26.57187835489658,15,10,2.226
3241,15.323896718128186,14,11,2.184
3242,5.257499457696195,13,12,2.2039999999999997
3243,26.48950312315215,15,10,2.194
3244,5.73086351843245,13,12,2.248
3245,6.004634884102721,13,12,2.2
3246,-13.979210357116216,11,14,2.276
3247,-5.136969743409917,12,13,2.242
3248,-4.626239717658388,12,13,2.1919999999999997
3249,16.334284830647135,14,11,2.166
3250,5.642951131945967,13,12,2.116
3251,-14.164476278474552,11,14,2.294
3252,-4.559191793856169,12,13,2.166
3253,-4.839196593553531,12,13,2.186
3254,-4.313431034776963,12,13,2.2539999999999996
3255,15.401589279298037,14,11,2.35
3256,5.251247205729193,13,12,2.1900000000000004
3257,5.790874013827473,13,12,2.1920000000000006
3258,4.798112659432871,13,12,2.3120000000000003
3259,15.436209283934026,14,11,2.2980000000000005
3260,4.882799947443594,13,12,2.2340000000000004
3261,5.008488464943721,13,12,2.302
3262,5.835571426246268,13,12,2.248
3263,16.05528987045878,14,11,2.2039999999999997
3264,14.879373176110962,14,11,2.29
3265,25.9875986008921,15,10,2.192
3266,25.294805994029808,15,10,2.23
3267,25.542741662524584,15,10,2.308
3268,5.334639654366402,13,12,2.25
3269,4.945832372589486,13,12,2.208
3270,5.047027112484045,13,12,2.1640000000000006
3271,25.06171120456517,15,10,2.218
3272,4.743056173728274,13,12,2.2379999999999995
3273,25.028961003088313,15,10,2.1760000000000006
3274,5.675015284041116,13,12,2.25
3275,25.147870953166336,15,10,2.224
3276,24.889968289960606,15,10,2.124
3277,5.2319324462572965,13,12,2.202
3278,-4.458435086456115,12,13,2.214
3279,15.32931130134785,14,11,2.184
3280,5.5520239383392,13,12,2.162
3281,15.661511675283307,14,11,2.2239999999999998
3282,15.920634666084364,14,11,2.2019999999999995
3283,6.198816483123336,13,12,2.3660000000000005
3284,-4.045373711688356,12,13,2.372
3285,-4.0804907072819425,12,13,2.256
3286,5.445591848802113,13,12,2.2060000000000004
3287,15.801924268810222,14,11,2.232
3288,-5.314858109974434,12,13,2.27
3289,-4.6111970005428375,12,13,2.2
3290,5.806077808272473,13,12,2.212
3291,-15.16589938549964,11,14,2.262
3292,-4.43127604837705,12,13,2.178
3293,5.7808169207839235,13,12,2.1799999999999997
3294,25.537027537813223,15,10,2.272
3295,-14.168334884297849,11,14,2.224
3296,-24.952890662685217,10,15,2.1580000000000004
3297,-4.523157992682387,12,13,2.234
3298,15.033631535208542,14,11,2.2079999999999997
3299,15.774398998622758,14,11,2.3280000000000003
3300,-3.7889892080690224,12,13,2.2600000000000002
3301,26.29257742000133,15,10,2.232
3302,-14.435808603194845,11,14,2.2939999999999996
3303,-4.300025980472405,12,13,2.152
3304,15.388646757740634,14,11,2.281999999999999
3305,25.72200499571504,15,10,2.232
3306,6.011819085027529,13,12,2.242
3307,6.466779599624509,13,12,2.288
3308,5.812806261083683,13,12,2.2
3309,15.937201370293211,14,11,2.2940000000000005
3310,5.39480147851733,13,12,2.154
3311,25.23451732067364,15,10,2.118
3312,-4.698663240173527,12,13,2.27
3313,-3.6170139477598937,12,13,2.228
3314,15.122453238210994,14,11,2.2919999999999994
3315,5.745068635676041,13,12,2.194
3316,5.275515999110262,13,12,2.1759999999999997
3317,6.237558161518798,13,12,2.2039999999999997
3318,25.12505884272448,15,10,2.2079999999999997
3319,-14.893364612269385,11,14,2.138
3320,24.950167127505615,15,10,2.186
3321,4.610539802546388,13,12,2.254
3322,16.06028379001066,14,11,2.256
3323,6.188768816639229,13,12,2.252
3324,5.550100637619767,13,12,2.3
3325,-4.98627235713332,12,13,2.124
3326,-4.11540704093089,12,13,2.216
3327,15.791927626719511,14,11,2.29
3328,-4.317537606852785,12,13,2.2479999999999998
3329,5.778492583642894,13,12,2.2039999999999997
3330,-14.26811321815893,11,14,2.222
3331,4.5883401154261225,13,12,2.226
3332,5.361048378583352,13,12,2.168
3333,15.918640940334843,14,11,2.168
3334,5.349509012934693,13,12,2.118
3335,-14.252972808034166,11,14,2.2439999999999998
3336,16.239923633645976,14,11,2.172
3337,5.9337833209795185,13,12,2.2620000000000005
3338,-4.087468380747556,12,13,2.262
3339,14.967462398315153,14,11,2.1699999999999995
3340,5.701804348400337,13,12,2.2960000000000003
3341,15.361121952089285,14,11,2.2319999999999998
3342,-3.8159302290507213,12,13,2.3400000000000007
3343,15.983825413917485,14,11,2.3600000000000003
3344,5.949147604558878,13,12,2.2540000000000004
3345,15.133442677298959,14,11,2.218
3346,-5.871792929162776,12,13,2.2239999999999993
3347,14.67787263617395,14,11,2.1899999999999995
3348,14.777126310417122,14,11,2.198
3349,24.864029082772973,15,10,2.1759999999999997
3350,5.812990892472863,13,12,2.146
3351,-3.7755286486334434,12,13,2.178
3352,5.932537064608113,13,12,2.202
3353,25.573710880577593,15,10,2.216
3354,-14.87077696613708,11,14,2.2039999999999997
3355,-4.5002380080347635,12,13,2.174
3356,15.618392180924918,14,11,2.164
3357,5.603622040732656,13,12,2.216
3358,5.668532092792802,13,12,2.29
3359,4.6378983248721894,13,12,2.1860000000000004
3360,-14.556052094452218,11,14,2.306
3361,-4.473273399533854,12,13,2.2720000000000002
3362,15.279752387102658,14,11,2.316
3363,5.317118275000741,13,12,2.224
3364,15.82574415998365,14,11,2.308
3365,24.974376998007855,15,10,2.1839999999999997
3366,25.329862840671634,15,10,2.188
3367,5.82277793125218,13,12,2.338
3368,25.406073162218846,15,10,2.178
3369,15.285474635596204,14,11,2.228
3370,5.016731751372294,13,12,2.244
3371,-5.792584569717057,12,13,2.3099999999999996
3372,-25.544354900905894,10,15,2.2120000000000006
3373,-15.40895623931064,11,14,2.136
3374,4.985655647812637,13,12,2.258
3375,5.501606361843738,13,12,2.2619999999999996
3376,4.989181895276899,13,12,2.214
3377,-5.51467532481044,12,13,2.316
3378,-4.8541774517025775,12,13,2.2359999999999998
3379,-4.574414241568535,12,13,2.232
3380,15.40426088181355,14,11,2.136
3381,-4.136354635027924,12,13,2.162
3382,-4.418815597310015,12,13,2.408
3383,-4.616808201203652,12,13,2.232
3384,14.259532302279592,14,11,2.16
3385,4.5671913736529035,13,12,2.304
3386,5.11517501827462,13,12,2.266
3387,-14.688435671651007,11,14,2.166
3388,-15.498867343067,11,14,2.3280000000000003
3389,5.192615426381243,13,12,2.232
3390,4.476776485074772,13,12,2.2540000000000004
3391,-5.325239237468424,12,13,2.1979999999999995
3392,15.517189031903175,14,11,2.1580000000000004
3393,14.442750650734475,14,11,2.146
3394,-14.131829367451367,11,14,2.25
3395,-25.01809990453857,10,15,2.184
3396,-5.291126236436321,12,13,2.232
3397,-14.896731783659959,11,14,2.224
3398,5.087728348200777,13,12,2.168
3399,-4.757672032614426,12,13,2.174
3400,-5.591131488170689,12,13,2.25
3401,5.3889903107721615,13,12,2.2199999999999998
3402,-5.330367771190279,12,13,2.2020000000000004
3403,-4.807753089088466,12,13,2.2439999999999998
3404,14.831771770929958,14,11,2.266
3405,-25.436845534671548,10,15,2.2
3406,4.21040595013012,13,12,2.2500000000000004
3407,-4.918289736567367,12,13,2.198
3408,-5.5463012253034165,12,13,2.2359999999999998
3409,-4.978201286520761,12,13,2.154
3410,-5.385814971844468,12,13,2.2659999999999996
3411,24.8645959477501,15,10,2.1879999999999997
3412,-5.30929303283706,12,13,2.2039999999999997
3413,-15.53714917796209,11,14,2.1740000000000004
3414,25.15160561543828,15,10,2.288
3415,4.994523287006366,13,12,2.218
3416,14.040609198856508,14,11,2.2920000000000003
3417,24.80166059679746,15,10,2.1260000000000003
3418,25.587790174516687,15,10,2.216
3419,14.370040230132995,14,11,2.2239999999999993
3420,-15.44307039530806,11,14,2.16
3421,-5.696845684790812,12,13,2.3
3422,5.469271321247039,13,12,2.2060000000000004
3423,15.03138436757489,14,11,2.176
3424,-15.306999599611931,11,14,2.2640000000000002
3425,5.106024056888739,13,12,2.216
3426,5.1942419565081455,13,12,2.182
3427,-5.230421185925488,12,13,2.2220000000000004
3428,5.0005039341767095,13,12,2.2339999999999995
3429,15.381502575302179,14,11,2.2180000000000004
3430,-4.8598644486090805,12,13,2.174
3431,-5.094579446825501,12,13,2.152
3432,-5.520663131259875,12,13,2.1740000000000004
3433,14.636185761042668,14,11,2.242
3434,5.513166931237176,13,12,2.13
3435,14.463673339242588,14,11,2.186
3436,5.7421618399408345,13,12,2.194
3437,5.064532171937746,13,12,2.152
3438,15.329555756660046,14,11,2.184
3439,4.7033487172513375,13,12,2.216
3440,4.48503218820111,13,12,2.146
3441,-5.401107299243947,12,13,2.1799999999999997
3442,4.610522300129901,13,12,2.1759999999999997
3443,15.295969375601386,14,11,2.256
3444,-4.160105916401907,12,13,2.21
3445,4.735887763594281,13,12,2.258
3446,-24.934813336138237,10,15,2.1519999999999997
3447,15.679958851500572,14,11,2.19
3448,5.012349129333515,13,12,2.17
3449,4.814850820118387,13,12,2.15
3450,-5.863283020106904,12,13,2.196
3451,15.786066677368682,14,11,2.212
3452,25.482242657135064,15,10,2.1719999999999997
3453,24.704825304247414,15,10,2.3099999999999996
3454,25.3942700080083,15,10,2.266
3455,-4.839257010511734,12,13,2.2319999999999998
3456,4.115287370733341,13,12,2.1919999999999997
3457,-5.684514750940428,12,13,2.202
3458,-15.178973568513955,11,14,2.2300000000000004
3459,4.921732594439767,13,12,2.16
3460,5.011862970961683,13,12,2.2399999999999998
3461,-15.625607735717622,11,14,2.1740000000000004
3462,-5.331663213945156,12,13,2.26
3463,4.783910822885414,13,12,2.186
3464,4.8573900204797305,13,12,2.27
3465,-15.502729786353846,11,14,2.236
3466,15.275425473986465,14,11,2.182
3467,-3.8649885604182828,12,13,2.234
3468,-14.960707795114594,11,14,2.2399999999999998
3469,4.861068182063761,13,12,2.308
3470,-5.204632073252487,12,13,2.1680000000000006
3471,15.084821444410256,14,11,2.2119999999999997
3472,-4.4134118645546945,12,13,2.174
3473,15.528013111571985,14,11,2.2340000000000004
3474,15.077925805578836,14,11,2.276
3475,-4.338056368340009,12,13,2.2520000000000002
3476,14.77344021814865,14,11,2.254
3477,-15.542327803100303,11,14,2.254
3478,4.8010837406099895,13,12,2.232
3479,4.249742240700298,13,12,2.242
3480,4.576498195089069,13,12,2.168
3481,4.879821162686085,13,12,2.1599999999999997
3482,14.606387823244418,14,11,2.306
3483,15.50546098787203,14,11,2.226
3484,34.33438438847967,16,9,2.1979999999999995
3485,5.49471518142219,13,12,2.1740000000000004
3486,4.693983150818706,13,12,2.168
3487,-4.829383239746324,12,13,2.3099999999999996
3488,16.298098221565283,14,11,2.23
3489,15.940988819388853,14,11,2.146
3490,5.792810591294563,13,12,2.2600000000000002
3491,-5.337868211035268,12,13,2.174
3492,-14.615614141274214,11,14,2.2079999999999997
3493,4.206803722782109,13,12,2.2640000000000002
3494,-5.674071743361278,12,13,2.148
3495,5.376213752688251,13,12,2.186
3496,14.543358097953563,14,11,2.2039999999999997
3497,-15.35222699809505,11,14,2.158
3498,5.01967836154089,13,12,2.2359999999999998
3499,4.745934195701251,13,12,2.126
3500,-3.8588093134652937,12,13,2.136
3501,15.220149915110309,14,11,2.2500000000000004
3502,25.87376860405879,15,10,2.2459999999999996
3503,-4.747654202632297,12,13,2.2640000000000002
3504,-14.498270337137226,11,14,2.29
3505,14.528486504990731,14,11,2.092
3506,-24.98365150172874,10,15,2.242
3507,-5.130379972183352,12,13,2.2700000000000005
3508,5.381218897964981,13,12,2.092
3509,-14.680201055670285,11,14,2.2980000000000005
3510,15.38480056864559,14,11,2.216
3511,-4.3064634811597955,12,13,2.1720000000000006
3512,15.451267457601842,14,11,2.1919999999999997
3513,4.898255267620369,13,12,2.194
3514,13.744927870285634,14,11,2.124
3515,15.06974590930976,14,11,2.282
3516,15.171430482298671,14,11,2.172
3517,24.556880613124044,15,10,2.192
3518,-4.366764409714472,12,13,2.2659999999999996
3519,4.6257399880769725,13,12,2.316
3520,34.09300111530048,16,9,2.1699999999999995
3521,15.580315888783936,14,11,2.258
3522,-5.4792137649898365,12,13,2.2119999999999997
3523,15.285015824339006,14,11,2.296
3524,25.572417159610165,15,10,2.2920000000000003
3525,-4.833108193511741,12,13,2.2640000000000002
3526,4.769348066842423,13,12,2.278
3527,15.647659985623402,14,11,2.14
3528,34.90451827731812,16,9,2.1920000000000006
3529,4.66129898955894,13,12,2.206
3530,-4.435651744274933,12,13,2.158
3531,5.399152908605686,13,12,2.25
3532,5.3050943395271695,13,12,2.1660000000000004
3533,5.379958574747395,13,12,2.21
3534,14.307318010914296,14,11,2.196
3535,24.703777305404437,15,10,2.0460000000000003
3536,14.536562954205035,14,11,2.164
3537,25.58335098672817,15,10,2.2439999999999998
3538,5.8210421987839585,13,12,2.1980000000000004
3539,-5.099408347091959,12,13,2.19
3540,-4.478684583675545,12,13,2.3
3541,15.425798296630596,14,11,2.266
3542,14.888093771188176,14,11,2.218
3543,25.639430728415654,15,10,2.1900000000000004
3544,4.494933804193785,13,12,2.2
3545,5.342827017522266,13,12,2.1919999999999997
3546,16.14209978139857,14,11,2.276
3547,4.785194302169073,13,12,2.162
3548,13.791282427538928,14,11,2.2640000000000002
3549,5.106616595558371,13,12,2.2
3550,-4.926189317934702,12,13,2.1999999999999997
3551,25.3501213788953,15,10,2.136
3552,-4.649348959923337,12,13,2.31
3553,5.385494817735374,13,12,2.2640000000000002
3554,5.247048053945588,13,12,2.194
3555,5.29604328162921,13,12,2.19
3556,15.610282956320546,14,11,2.1599999999999997
3557,-4.352772706464908,12,13,2.1580000000000004
3558,-14.247151500657203,11,14,2.214
3559,-4.519678809696799,12,13,2.328
3560,4.941594303576439,13,12,2.2439999999999998
3561,5.650928539499073,13,12,2.2439999999999998
3562,-4.787960940739513,12,13,2.158
3563,5.840137840483919,13,12,2.1079999999999997
3564,5.562876628553175,13,12,2.1479999999999997
3565,35.759168437540396,16,9,2.3259999999999996
3566,15.834023875473132,14,11,2.24
3567,14.0568265917916,14,11,2.2760000000000002
3568,4.4498146402803584,13,12,2.308
3569,-6.129887092734492,12,13,2.106
3570,25.557715439702335,15,10,2.28
3571,-13.639774594366374,11,14,2.22
3572,-4.948878695204254,12,13,2.174
3573,4.65864251011803,13,12,2.182
3574,25.750623910763643,15,10,2.202
3575,-5.1327593595373,12,13,2.198
3576,5.4737426187510145,13,12,2.202
3577,16.279851429384212,14,11,2.276
3578,16.016507617066015,14,11,2.26
3579,4.4604849148661625,13,12,2.234
3580,4.607979949323738,13,12,2.158
3581,14.58011693259999,14,11,2.19
3582,4.152195805562513,13,12,2.2299999999999995
3583,-4.898361299931784,12,13,2.246
3584,-15.038487226079603,11,14,2.2739999999999996
3585,15.876285836308819,14,11,2.19
3586,14.931281967528196,14,11,2.228
3587,5.507393573759897,13,12,2.216
3588,26.293828396314723,15,10,2.2340000000000004
3589,25.002254998292084,15,10,2.2659999999999996
3590,4.748066656880184,13,12,2.2359999999999998
3591,25.032466723941845,15,10,2.2459999999999996
3592,6.484875154067193,13,12,2.2440000000000007
3593,5.259729504527778,13,12,2.268
3594,14.747918257435922,14,11,2.216
3595,4.575931472226472,13,12,2.298
3596,-4.065623566312034,12,13,2.2520000000000002
3597,4.72441095556707,13,12,2.148
3598,5.357348198812735,13,12,2.1800000000000006
3599,24.894435389791298,15,10,2.226
3600,5.209294443506643,13,12,2.288
3601,-4.412629685705738,12,13,2.322
3602,6.322119438457371,13,12,2.268
3603,5.672615283054299,13,12,2.2239999999999998
3604,14.463439275864904,14,11,2.226
3605,15.597169909295673,14,11,2.1399999999999997
3606,-4.836295677583893,12,13,2.134
3607,-15.087738345095344,11,14,2.2180000000000004
3608,-4.697655618433071,12,13,2.248
3609,15.69801099817045,14,11,2.212
3610,-15.018441726546436,11,14,2.122
3611,16.333569442845373,14,11,2.2640000000000002
3612,24.360054012755377,15,10,2.234
3613,-4.04270653422326,12,13,2.154
3614,-4.746625544303976,12,13,2.242
3615,5.852076026090961,13,12,2.17
3616,5.837926816533312,13,12,2.268
3617,15.478681579137675,14,11,2.276
3618,15.3196070114968,14,11,2.1740000000000004
3619,-4.334949125490239,12,13,2.2500000000000004
3620,15.730566420979494,14,11,2.168
3621,-4.701705765162224,12,13,2.252
3622,5.980393426850025,13,12,2.3299999999999996
3623,15.263447468070861,14,11,2.1900000000000004
3624,6.020194494243663,13,12,2.2279999999999998
3625,-4.264132121762813,12,13,2.2640000000000002
3626,-5.116408906127262,12,13,2.1719999999999997
3627,5.709388310312484,13,12,2.186
3628,15.001170379092402,14,11,2.296
3629,-5.548183395730534,12,13,2.2539999999999996
3630,15.147907694433496,14,11,2.144
3631,14.846539295687801,14,11,2.2460000000000004
3632,15.206409771808023,14,11,2.21
3633,-15.220518952144811,11,14,2.294
3634,4.788331929622867,13,12,2.22
3635,15.741394454553994,14,11,2.1900000000000004
3636,5.15982248060781,13,12,2.1279999999999997
3637,5.186065811868108,13,12,2.296
3638,5.563935765934133,13,12,2.1860000000000004
3639,-13.548231399014307,11,14,2.254
3640,6.047639957979673,13,12,2.1980000000000004
3641,5.139270818542087,13,12,2.172
3642,6.087603346952934,13,12,2.2560000000000002
3643,-5.237764346376151,12,13,2.2760000000000002
3644,15.35592052238579,14,11,2.3140000000000005
3645,-4.199285521061281,12,13,2.224
3646,4.583324280939937,13,12,2.1499999999999995
3647,15.309193734162026,14,11,2.184
3648,5.563995794416103,13,12,2.21
3649,25.576269550111903,15,10,2.2720000000000002
3650,25.59320992840229,15,10,2.1439999999999997
3651,14.563535003230847,14,11,2.2960000000000003
3652,5.658093490857031,13,12,2.204
3653,4.794137060587833,13,12,2.26
3654,15.43367111915908,14,11,2.2119999999999997
3655,15.589066899828042,14,11,2.202
3656,14.927544115171994,14,11,2.192
3657,5.436438954421373,13,12,2.144
3658,15.828041509723633,14,11,2.238
3659,24.314098392292234,15,10,2.21
3660,5.472709701086702,13,12,2.2199999999999998
3661,14.977861590432916,14,11,2.27
3662,-13.947903721753036,11,14,2.2220000000000004
3663,15.315671971256005,14,11,2.1699999999999995
3664,24.960815342063427,15,10,2.186
3665,25.3878308269844,15,10,2.2060000000000004
3666,5.713323047240779,13,12,2.0740000000000003
3667,5.901317669510739,13,12,2.2359999999999998
3668,25.98407119028046,15,10,2.16
3669,5.093851519971064,13,12,2.24
3670,5.833268237507561,13,12,2.212
3671,6.385743195034433,13,12,2.194
3672,15.143555503445333,14,11,2.244
3673,35.771417281835916,16,9,2.1980000000000004
3674,5.742715706702571,13,12,2.218
3675,-4.860747975591584,12,13,2.1980000000000004
3676,15.461978575299334,14,11,2.182
3677,14.86490268404597,14,11,2.2760000000000002
3678,25.39514461442754,15,10,2.2359999999999998
3679,15.600524692328335,14,11,2.2399999999999998
3680,24.855083919721295,15,10,2.22
3681,5.266241510880924,13,12,2.1960000000000006
3682,5.05439846824035,13,12,2.158
3683,4.509718047356337,13,12,2.218
3684,-5.442378636921045,12,13,2.29
3685,5.071364545783769,13,12,2.2439999999999998
3686,24.96223611871379,15,10,2.2400000000000007
3687,4.6271551965725095,13,12,2.194
3688,4.849122635052719,13,12,2.25
3689,15.494998208403034,14,11,2.194
3690,-4.760723791165649,12,13,2.196
3691,16.29682204037401,14,11,2.192
3692,14.36133295406721,14,11,2.2039999999999997
3693,14.536375764840113,14,11,2.3
3694,24.624442537402416,15,10,2.23
3695,-16.10625643546826,11,14,2.1479999999999997
3696,5.724659810915913,13,12,2.214
3697,4.292273640492116,13,12,2.19
3698,24.901725338643754,15,10,2.27
3699,4.984107831818383,13,12,2.194
3700,15.048866932980093,14,11,2.226
3701,13.750947602153962,14,11,2.164
3702,15.212637501267476,14,11,2.2640000000000002
3703,5.403365352918023,13,12,2.194
3704,15.325699770630596,14,11,2.314
3705,4.9678248821255515,13,12,2.1740000000000004
3706,-6.116732911543409,12,13,2.2880000000000003
3707,25.286964361904317,15,10,2.0780000000000003
3708,13.873261614835599,14,11,2.354
3709,14.832606993878212,14,11,2.2840000000000003
3710,24.154306042223396,15,10,2.1759999999999997
3711,24.26846113536007,15,10,2.196
3712,14.310594660097633,14,11,2.3199999999999994
3713,25.958068056081764,15,10,2.1239999999999997
3714,25.13876406757633,15,10,2.21
3715,25.371670439074336,15,10,2.1260000000000003
3716,25.104088209066653,15,10,2.242
3717,13.940421987586396,14,11,2.1699999999999995
3718,34.972829257094546,16,9,2.178
3719,23.98494455225611,15,10,2.142
3720,15.829481557564216,14,11,2.1699999999999995
3721,5.303981399439426,13,12,2.216
3722,15.526862970292287,14,11,2.1380000000000003
3723,25.427467341691283,15,10,2.1900000000000004
3724,15.144604894180059,14,11,2.242
3725,15.017739327018695,14,11,2.3020000000000005
3726,5.789767966364948,13,12,2.272
3727,24.089512192904294,15,10,2.16
3728,25.057338037667172,15,10,2.228
3729,15.008585439453524,14,11,2.2700000000000005
3730,15.017783305243427,14,11,2.2720000000000002
3731,4.944305904252257,13,12,2.22
3732,5.150198645712621,13,12,2.1220000000000003
3733,14.520677549486114,14,11,2.124
3734,15.184315749228196,14,11,2.154
3735,4.89469959424439,13,12,2.218
3736,15.40677155253534,14,11,2.234
3737,25.572955388998782,15,10,2.2560000000000002
3738,5.177524915005293,13,12,2.2220000000000004
3739,35.407770336644234,16,9,2.21
3740,15.569820137218155,14,11,2.2020000000000004
3741,15.936705140291458,14,11,2.232
3742,15.368486695158044,14,11,2.1700000000000004
3743,24.884236159905193,15,10,2.2800000000000002
3744,24.967582543755977,15,10,2.218
3745,35.64305302900689,16,9,2.2039999999999997
3746,24.239975690464682,15,10,2.246
3747,34.6890123134609,16,9,2.2680000000000002
3748,25.034449928617068,15,10,2.156
3749,4.775504424803222,13,12,2.2960000000000003
3750,4.198245436277938,13,12,2.278
3751,35.14417412105195,16,9,2.186000000000001
3752,25.445063144844795,15,10,2.26
3753,15.660231831661841,14,11,2.2080000000000006
3754,35.65235799412778,16,9,2.2459999999999996
3755,15.086227281263554,14,11,2.2579999999999996
3756,4.968503173873685,13,12,2.248
3757,14.96790975294438,14,11,2.21
3758,24.666334180707878,15,10,2.242
3759,4.883977832429846,13,12,2.2039999999999997
3760,-5.093071642858204,12,13,2.2299999999999995
3761,4.927156927073941,13,12,2.246
3762,25.20720981137465,15,10,2.1979999999999995
3763,24.936369210444557,15,10,2.2299999999999995
3764,15.078799810711619,14,11,2.226
3765,15.495503675418801,14,11,2.3200000000000003
3766,15.218185125220996,14,11,2.232
3767,15.567284401505812,14,11,2.228
3768,26.217606874364783,15,10,2.25
3769,-13.668500412822702,11,14,2.172
3770,-4.683544766101264,12,13,2.2079999999999997
3771,15.881764029249673,14,11,2.2640000000000002
3772,5.186685737683131,13,12,2.29
3773,16.03877109658849,14,11,2.258
3774,15.302967069631071,14,11,2.1620000000000004
3775,5.806443756383137,13,12,2.2340000000000004
3776,5.578199596632416,13,12,2.216
3777,5.809483570260399,13,12,2.272
3778,5.419004256691874,13,12,2.136
3779,15.239863908096792,14,11,2.2479999999999998
3780,15.369109004540688,14,11,2.3
3781,45.110819186543466,17,8,2.172
3782,25.381376641547416,15,10,2.072
3783,6.365980898863134,13,12,2.142
3784,-4.476406171645005,12,13,2.2720000000000002
3785,35.89769390898472,16,9,2.124
3786,15.8731645968742,14,11,2.2279999999999998
3787,5.328353129087773,13,12,2.248
3788,15.04508514133272,14,11,2.274
3789,25.186360548383117,15,10,2.178
3790,24.541332463245293,15,10,2.274
3791,5.614455911490049,13,12,2.252
3792,25.62272272583597,15,10,2.1900000000000004
3793,15.994088039423287,14,11,2.18
3794,6.263276146254226,13,12,2.1959999999999997
3795,25.331508748167693,15,10,2.192
3796,-4.230189670994218,12,13,2.1420000000000003
3797,-4.060736644309754,12,13,2.274
3798,5.055277284250797,13,12,2.226
3799,14.981355861033153,14,11,2.2220000000000004
3800,34.87141369395815,16,9,2.286
3801,4.68171530517747,13,12,2.2379999999999995
3802,35.516135307816924,16,9,2.222
3803,5.06190971231854,13,12,2.202
3804,6.099341813330664,13,12,2.278
3805,24.84644101505656,15,10,2.2640000000000002
3806,15.031647542574694,14,11,2.2199999999999998
3807,16.011392964265138,14,11,2.178
3808,-24.328153594055827,10,15,2.3
3809,35.19465322946127,16,9,2.1799999999999997
3810,-4.6763911889152645,12,13,2.176
3811,15.817594922715546,14,11,2.26
3812,14.496334011489507,14,11,2.2560000000000002
3813,15.815148772618066,14,11,2.218
3814,25.802613805709864,15,10,2.33
3815,15.463180976868683,14,11,2.2739999999999996
3816,4.028516275193925,13,12,2.0739999999999994
3817,15.151230876341383,14,11,2.258
3818,25.868251986250463,15,10,2.11
3819,15.580678651042255,14,11,2.232
3820,5.326082457293662,13,12,2.242
3821,5.277567625609155,13,12,2.184
3822,4.515956846575998,13,12,2.2640000000000002
3823,4.8805702530524675,13,12,2.198
3824,15.670960005028794,14,11,2.202
3825,15.536260867406229,14,11,2.25
3826,34.92989502811276,16,9,2.166
3827,25.027457807396665,15,10,2.246
3828,5.811619690067175,13,12,2.1700000000000004
3829,15.571249322208597,14,11,2.258
3830,34.82400313710621,16,9,2.2020000000000004
3831,-4.120942277456621,12,13,2.1279999999999997
3832,15.655220289684,14,11,2.2939999999999996
3833,25.10575931630534,15,10,2.1719999999999997
3834,24.88032528312167,15,10,2.2180000000000004
3835,14.436374041466147,14,11,2.164
3836,6.042389398107705,13,12,2.202
3837,15.252014916536957,14,11,2.2600000000000002
3838,-5.665689178838019,12,13,2.162
3839,15.391241452173013,14,11,2.202
3840,4.825883832509225,13,12,2.22
3841,24.163735470742687,15,10,2.184
3842,14.916704453491331,14,11,2.2119999999999997
3843,25.64779151547919,15,10,2.284
3844,34.536777751644216,16,9,2.3080000000000003
3845,14.704152572295811,14,11,2.1239999999999997
3846,34.740420909212354,16,9,2.15
3847,34.543258608146694,16,9,2.258
3848,25.05048850785095,15,10,2.242
3849,13.927925685499899,14,11,2.1999999999999997
3850,24.722879845400662,15,10,2.1879999999999997
3851,5.1665470365109325,13,12,2.242
3852,-6.012492481032709,12,13,2.214
3853,45.091749572509464,17,8,2.2600000000000002
3854,-5.527140618880374,12,13,2.2260000000000004
3855,24.911426204105652,15,10,2.228
3856,25.447550716176742,15,10,2.216
3857,4.469778299233141,13,12,2.186
3858,-15.725415548654121,11,14,2.2339999999999995
3859,34.556774312976664,16,9,2.28
3860,-5.272192897910735,12,13,2.096
3861,15.178228007265233,14,11,2.162
3862,15.28378977783897,14,11,2.182
3863,35.386188995618454,16,9,2.284
3864,5.374792693738969,13,12,2.182
3865,24.491437803591467,15,10,2.274
3866,5.281490731024165,13,12,2.2399999999999998
3867,13.984722157381624,14,11,2.1759999999999997
3868,5.413647438281389,13,12,2.098
3869,5.4179379037091735,13,12,2.198
3870,4.625847356875758,13,12,2.174
3871,15.272786229902195,14,11,2.2300000000000004
3872,15.29733039673852,14,11,2.2340000000000004
3873,15.137623993039657,14,11,2.2500000000000004
3874,5.00109138188159,13,12,2.212
3875,24.82854788263648,15,10,2.0959999999999996
3876,35.59737741868014,16,9,2.1700000000000004
3877,-5.195285140239983,12,13,2.232
3878,5.0685685029579375,13,12,2.226
3879,15.13802334545055,14,11,2.306
3880,14.850885264370731,14,11,2.2439999999999998
3881,5.234844188979798,13,12,2.3340000000000005
3882,15.374297649867735,14,11,2.258
3883,24.901237388675426,15,10,2.192
3884,-5.4335528954401155,12,13,2.2379999999999995
3885,-4.8282019877179785,12,13,2.2400000000000007
3886,34.71816598881893,16,9,2.232
3887,15.590165263663833,14,11,2.202
3888,15.37486089944504,14,11,2.1559999999999997
3889,14.562789051957234,14,11,2.1300000000000003
3890,15.20203237135778,14,11,2.2179999999999995
3891,15.201368025004081,14,11,2.254
3892,5.345408248967184,13,12,2.314
3893,5.9357290443356945,13,12,2.2720000000000002
3894,5.599710704610644,13,12,2.2440000000000007
3895,24.56081939828568,15,10,2.13
3896,5.5022398499461005,13,12,2.1700000000000004
3897,4.860939792326567,13,12,2.2819999999999996
3898,-5.174185846879787,12,13,2.2060000000000004
3899,35.190468967019015,16,9,2.228
3900,5.345674441033129,13,12,2.258
3901,5.1495972376582735,13,12,2.19
3902,4.951932717999309,13,12,2.1399999999999997
3903,4.487978651853586,13,12,2.2
3904,24.357872133234178,15,10,2.18
3905,5.023340994194413,13,12,2.184
3906,25.615622684641412,15,10,2.254
3907,-4.341288357741604,12,13,2.338
3908,5.849612928928815,13,12,2.1719999999999997
3909,24.711684989148495,15,10,2.2460000000000004
3910,24.636877478996702,15,10,2.2779999999999996
3911,35.085445594778726,16,9,2.218
3912,35.85833101355916,16,9,2.238
3913,5.893170747339706,13,12,2.2299999999999995
3914,5.979915750179227,13,12,2.2400000000000007
3915,15.271327620210084,14,11,2.1820000000000004
3916,15.379029290016032,14,11,2.14
3917,25.6539010478065,15,10,2.2039999999999997
3918,5.8146636533226665,13,12,2.328
3919,15.337456688557308,14,11,2.2600000000000002
3920,15.332535130975801,14,11,2.168
3921,5.326546412942129,13,12,2.2939999999999996
3922,-5.122923664713575,12,13,2.1559999999999997
3923,24.526884770269888,15,10,2.2120000000000006
3924,25.89282041975887,15,10,2.22
3925,16.16440023617588,14,11,2.194
3926,45.22321402771588,17,8,2.224
3927,5.4445425178951705,13,12,2.3280000000000003
3928,15.510062350521173,14,11,2.212
3929,16.095979219240906,14,11,2.184
3930,14.929195234992374,14,11,2.322
3931,15.250253700809317,14,11,2.2439999999999998
3932,5.0221439901353175,13,12,2.282
3933,15.070494642260638,14,11,2.228
3934,15.638026206157024,14,11,2.208
3935,5.758661461335915,13,12,2.33
3936,25.136426929035423,15,10,2.182
3937,5.374714164013756,13,12,2.1839999999999997
3938,15.567828732663294,14,11,2.2
3939,-3.7252703617598044,12,13,2.21
3940,5.63308873720512,13,12,2.2719999999999994
3941,16.038565044429028,14,11,2.2159999999999997
3942,26.285200055217004,15,10,2.222
3943,-4.550689965181434,12,13,2.246
3944,6.13745508745459,13,12,2.16
3945,24.438176739824726,15,10,2.28
3946,15.881965289914092,14,11,2.2940000000000005
3947,4.630270338491233,13,12,2.2560000000000002
3948,15.798252586428564,14,11,2.2299999999999995
3949,-4.6623689567985505,12,13,2.208
3950,-4.774058144020362,12,13,2.234
3951,15.48405429823944,14,11,2.1759999999999997
3952,34.3403981654347,16,9,2.206
3953,-3.983121851538362,12,13,2.25
3954,26.090250962030638,15,10,2.2139999999999995
3955,-4.145527791005236,12,13,2.2699999999999996
3956,13.817094810736387,14,11,2.2399999999999998
3957,4.612649542296792,13,12,2.2300000000000004
3958,4.992669862703142,13,12,2.176
3959,15.30466833784822,14,11,2.2459999999999996
3960,-4.645221798609134,12,13,2.12
3961,5.260356385474321,13,12,2.236
3962,5.711572041946555,13,12,2.2379999999999995
3963,-4.515001894671265,12,13,2.1580000000000004
3964,25.4238088571371,15,10,2.228
3965,6.192236120477517,13,12,2.29
3966,26.34861072683523,15,10,2.286
3967,5.77267110183174,13,12,2.188
3968,5.698659978591828,13,12,2.248
3969,5.221459695415193,13,12,2.21
3970,14.70286943276702,14,11,2.2399999999999998
3971,6.163890879374648,13,12,2.2060000000000004
3972,5.891474576298499,13,12,2.2239999999999998
3973,5.5339475665884645,13,12,2.2560000000000002
3974,-14.765999443673552,11,14,2.232
3975,-4.343150362460609,12,13,2.136
3976,5.271411877441192,13,12,2.214
3977,15.451518642894294,14,11,2.192
3978,35.08456195667979,16,9,2.178
3979,5.241333635302546,13,12,2.18
3980,-4.680028978512128,12,13,2.18
3981,25.080132854983994,15,10,2.268
3982,-5.237369570626429,12,13,2.252
3983,25.62937890860067,15,10,2.226
3984,14.291170843174083,14,11,2.2800000000000002
3985,15.259427833537266,14,11,2.1260000000000003
3986,5.61448399170655,13,12,2.2399999999999993
3987,34.85290205136182,16,9,2.1919999999999997
3988,5.430787477905422,13,12,2.252
3989,24.96302023958309,15,10,2.1900000000000004
3990,15.146530422086972,14,11,2.244
3991,5.107522028989827,13,12,2.18
3992,5.784452673457036,13,12,2.2279999999999998
3993,4.992760881672229,13,12,2.2060000000000004
3994,25.442484637324025,15,10,2.282
3995,4.985383422867647,13,12,2.2960000000000003
3996,25.89886429604303,15,10,2.254
3997,5.507332315908936,13,12,2.208
3998,-4.562927073440511,12,13,2.2660000000000005
3999,34.61670196318225,16,9,2.118
4000,5.937688267518439,13,12,2.256
