"# mode=none d_value=0 d=[0,0] p=0.50 dr=0 seed=6 topology=fixed ch=3 n_agents=5 obs_dim=34 n_episodes=4000"
episode,sum_reward,success,fail,mean_delay
1,-34.25282059336041,9,16,0.0
2,-36.039974201917424,9,16,0.0
3,-45.56855674552899,8,17,0.0
4,-57.153828847737415,7,18,0.0
5,-16.98014215089102,11,14,0.0
6,-35.8940888863221,9,16,0.0
7,-35.627069589656145,9,16,0.0
8,-35.24267936455778,9,16,0.0
9,-54.81049422097598,7,18,0.0
10,-35.902801037351914,9,16,0.0
11,-34.826669693086316,9,16,0.0
12,-45.85772564979244,8,17,0.0
13,-34.85556075627766,9,16,0.0
14,-15.779913960567992,11,14,0.0
15,-56.16596273360728,7,18,0.0
16,-35.01709227293621,9,16,0.0
17,-56.92639689186489,7,18,0.0
18,-57.1846741983504,7,18,0.0
19,-56.47490783839789,7,18,0.0
20,-45.59311512815882,8,17,0.0
21,-56.00055283008935,7,18,0.0
22,-56.76341338748238,7,18,0.0
23,-6.135633390152088,12,13,0.0
24,-25.417503046057856,10,15,0.0
25,-6.6971124026314,12,13,0.0
26,-56.72822316192728,7,18,0.0
27,-46.00569019801027,8,17,0.0
28,-65.82005555285573,6,19,0.0
29,-26.516146065849547,10,15,0.0
30,-46.06636597136419,8,17,0.0
31,-38.41149369721324,9,16,0.0
32,-47.52910288638718,8,17,0.0
33,-47.69400039165618,8,17,0.0
34,-56.88190787074174,7,18,0.0
35,-37.65926533334719,9,16,0.0
36,-38.35425915905973,9,16,0.0
37,-46.304105552050515,8,17,0.0
38,-17.70309108454753,11,14,0.0
39,-46.62634228435362,8,17,0.0
40,-55.59361812594558,7,18,0.0
41,-36.318354604453035,9,16,0.0
42,-47.26082365874205,8,17,0.0
43,-17.346324128800227,11,14,0.0
44,-7.526069967664773,12,13,0.0
45,-46.96096011405294,8,17,0.0
46,-26.527745047843,10,15,0.0
47,-27.57852426537172,10,15,0.0
48,-37.083564965336414,9,16,0.0
49,-55.842533387763666,7,18,0.0
50,-57.54314567616702,7,18,0.0
51,-38.801522449271765,9,16,0.0
52,-26.72419849472353,10,15,0.0
53,-36.37037651572456,9,16,0.0
54,-37.60427904735783,9,16,0.0
55,-37.87529639848587,9,16,0.0
56,-37.35583199012437,9,16,0.0
57,-47.3915184356608,8,17,0.0
58,-38.16733048067533,9,16,0.0
59,-17.35809152442545,11,14,0.0
60,-56.37508961235615,7,18,0.0
61,-36.49591784134434,9,16,0.0
62,-35.210413098930964,9,16,0.0
63,-46.802958436889334,8,17,0.0
64,-15.55645980008347,11,14,0.0
65,-25.772368336629313,10,15,0.0
66,-37.636398061133164,9,16,0.0
67,-26.887014985207475,10,15,0.0
68,-36.116891579784145,9,16,0.0
69,-45.34183495344337,8,17,0.0
70,-27.83197435942634,10,15,0.0
71,-26.397746103548187,10,15,0.0
72,-35.85390915376239,9,16,0.0
73,4.806232372227134,13,12,0.0
74,-36.04562114829663,9,16,0.0
75,-25.260809116608726,10,15,0.0
76,-37.056023269356096,9,16,0.0
77,-46.89628538906026,8,17,0.0
78,-37.356149259998844,9,16,0.0
79,-36.05004389677147,9,16,0.0
80,-25.646355792101293,10,15,0.0
81,-15.827535356628768,11,14,0.0
82,-55.67082923501425,7,18,0.0
83,-55.70416687614241,7,18,0.0
84,-27.425053008045438,10,15,0.0
85,-36.79937093215971,9,16,0.0
86,-26.867640273944282,10,15,0.0
87,-56.40390582872503,7,18,0.0
88,-36.008988962193264,9,16,0.0
89,-55.64017640562588,7,18,0.0
90,-55.78234874286009,7,18,0.0
91,-26.2861251233394,10,15,0.0
92,-36.00829986135079,9,16,0.0
93,-55.57247977560143,7,18,0.0
94,-16.193143501486766,11,14,0.0
95,-26.454845848968276,10,15,0.0
96,-45.92854314294037,8,17,0.0
97,-47.42602426545538,8,17,0.0
98,-26.3170512670376,10,15,0.0
99,-35.661356584872905,9,16,0.0
100,-26.615936591975565,10,15,0.0
101,-56.02680104078551,7,18,0.0
102,-35.3633764654872,9,16,0.0
103,-55.64369265714726,7,18,0.0
104,-55.73697938209301,7,18,0.0
105,-45.55450769547423,8,17,0.0
106,-46.76147835044765,8,17,0.0
107,-46.29344284768287,8,17,0.0
108,-25.81893989400001,10,15,0.0
109,-34.773495298149484,9,16,0.0
110,-16.540682917248176,11,14,0.0
111,-35.713773538910935,9,16,0.0
112,-56.20855451563679,7,18,0.0
113,-45.21556093642455,8,17,0.0
114,-35.243039114111355,9,16,0.0
115,-35.70803288617425,9,16,0.0
116,-5.824086215275681,12,13,0.0
117,-25.143280174285575,10,15,0.0
118,-45.10770283164695,8,17,0.0
119,-35.2475989982026,9,16,0.0
120,-56.740509751437905,7,18,0.0
121,-35.01999699243199,9,16,0.0
122,-24.81920660496187,10,15,0.0
123,-36.061289903971385,9,16,0.0
124,-25.272911213479897,10,15,0.0
125,-34.63002655270035,9,16,0.0
126,-26.187994571461452,10,15,0.0
127,-24.70454671778631,10,15,0.0
128,-54.98962329109618,7,18,0.0
129,-35.45603001487753,9,16,0.0
130,-14.43611969704472,11,14,0.0
131,-35.23788998821246,9,16,0.0
132,-34.99918709156681,9,16,0.0
133,-44.507647603096814,8,17,0.0
134,-46.453792864478956,8,17,0.0
135,-24.92141319033861,10,15,0.0
136,-25.71915679379915,10,15,0.0
137,-14.379987323854749,11,14,0.0
138,-34.84158035991817,9,16,0.0
139,-45.994495456232286,8,17,0.0
140,-26.542903544412784,10,15,0.0
141,-45.317945067558256,8,17,0.0
142,-26.032558786780466,10,15,0.0
143,-35.767618740725055,9,16,0.0
144,-36.26558989789977,9,16,0.0
145,-25.988179729029333,10,15,0.0
146,-16.05336775290072,11,14,0.0
147,-45.74790018460244,8,17,0.0
148,-35.164122877839006,9,16,0.0
149,-45.174605238670985,8,17,0.0
150,-45.13713241861756,8,17,0.0
151,-65.26111920526516,6,19,0.0
152,-65.22589583902693,6,19,0.0
153,-45.850326083968724,8,17,0.0
154,-14.285540310104588,11,14,0.0
155,-46.65086381757054,8,17,0.0
156,-44.79042051510254,8,17,0.0
157,-45.32398009639488,8,17,0.0
158,-64.37461362205858,6,19,0.0
159,-56.46242901907439,7,18,0.0
160,-56.03447313542764,7,18,0.0
161,-46.07249419147021,8,17,0.0
162,-34.1363992562673,9,16,0.0
163,-45.85227635094897,8,17,0.0
164,-24.70565108849319,10,15,0.0
165,-47.10902683346781,8,17,0.0
166,-45.67958474280894,8,17,0.0
167,-55.47986149220287,7,18,0.0
168,-44.96253637365227,8,17,0.0
169,-54.73291241465559,7,18,0.0
170,-74.60795284686931,5,20,0.0
171,-54.61729543007893,7,18,0.0
172,-54.777495095539095,7,18,0.0
173,-45.50334063155977,8,17,0.0
174,-45.68102740148212,8,17,0.0
175,-35.4188256798096,9,16,0.0
176,-55.9001586670679,7,18,0.0
177,-25.08744773307091,10,15,0.0
178,-64.26427547108352,6,19,0.0
179,-45.14160192533572,8,17,0.0
180,-55.7728315368528,7,18,0.0
181,-24.858373853572502,10,15,0.0
182,-55.3706211185618,7,18,0.0
183,-45.617793202072654,8,17,0.0
184,-35.05557897961735,9,16,0.0
185,-45.523723086804466,8,17,0.0
186,-45.51562072339499,8,17,0.0
187,-35.31005792690697,9,16,0.0
188,-35.92700665514601,9,16,0.0
189,-35.643086506163826,9,16,0.0
190,-35.28397746342311,9,16,0.0
191,-56.30735342736995,7,18,0.0
192,-36.02476747902992,9,16,0.0
193,-45.31053246839011,8,17,0.0
194,-45.827432116884474,8,17,0.0
195,-25.590618872459153,10,15,0.0
196,-75.17850406203631,5,20,0.0
197,-45.518343182555036,8,17,0.0
198,-45.921684194095185,8,17,0.0
199,-45.281241937137125,8,17,0.0
200,-34.80356350383902,9,16,0.0
201,-25.562305562227138,10,15,0.0
202,-35.90866927099552,9,16,0.0
203,-65.23133452413536,6,19,0.0
204,-55.74187997679749,7,18,0.0
205,-35.30047361051821,9,16,0.0
206,-16.10965595216875,11,14,0.0
207,-46.445987577333824,8,17,0.0
208,-26.329548661173032,10,15,0.0
209,-25.456511447182457,10,15,0.0
210,-34.449124878594176,9,16,0.0
211,-6.149409707434183,12,13,0.0
212,-35.57366389231507,9,16,0.0
213,-56.019546710280416,7,18,0.0
214,-34.5451775912485,9,16,0.0
215,-45.521832426362415,8,17,0.0
216,-34.987408982860174,9,16,0.0
217,-25.385335092615282,10,15,0.0
218,-34.821161378820435,9,16,0.0
219,-45.73037483783568,8,17,0.0
220,-26.15504072024278,10,15,0.0
221,-44.35647232528757,8,17,0.0
222,-45.208561161469994,8,17,0.0
223,-35.82001982707584,9,16,0.0
224,-45.04078222830657,8,17,0.0
225,-17.48158428172727,11,14,0.0
226,-25.11670043773955,10,15,0.0
227,-25.09654087034035,10,15,0.0
228,-14.905155439515632,11,14,0.0
229,-45.69310961046226,8,17,0.0
230,-54.723156546969705,7,18,0.0
231,-34.97460606985837,9,16,0.0
232,-35.950070815476025,9,16,0.0
233,-35.38867642814003,9,16,0.0
234,-36.26265533374181,9,16,0.0
235,-14.929204020992447,11,14,0.0
236,-36.12071018795762,9,16,0.0
237,-23.967651634765893,10,15,0.0
238,-35.915339532078306,9,16,0.0
239,-26.39302388608011,10,15,0.0
240,-16.519511551338226,11,14,0.0
241,-46.658091415080044,8,17,0.0
242,-25.186813088991553,10,15,0.0
243,-14.56672043583163,11,14,0.0
244,-24.70643109921085,10,15,0.0
245,-36.04520226326194,9,16,0.0
246,-16.537428726739186,11,14,0.0
247,-25.98018225522305,10,15,0.0
248,-15.163590467349714,11,14,0.0
249,-55.79604828983735,7,18,0.0
250,-26.28067959197694,10,15,0.0
251,-45.44835353420261,8,17,0.0
252,-15.533040074116311,11,14,0.0
253,-15.631869454448376,11,14,0.0
254,-16.217912125063553,11,14,0.0
255,-45.41388442928988,8,17,0.0
256,-34.4841747829704,9,16,0.0
257,-25.66926960677901,10,15,0.0
258,-35.369315143703545,9,16,0.0
259,-14.912194418498965,11,14,0.0
260,-35.18081986301087,9,16,0.0
261,-34.669883515128234,9,16,0.0
262,-45.259943371168475,8,17,0.0
263,-35.131650676437516,9,16,0.0
264,-25.971125307818866,10,15,0.0
265,14.63468384451054,14,11,0.0
266,-25.962838443073053,10,15,0.0
267,-36.268395979476544,9,16,0.0
268,-16.140302316036575,11,14,0.0
269,-26.42776712662961,10,15,0.0
270,-55.54817789235443,7,18,0.0
271,-26.253973920540155,10,15,0.0
272,-35.54418870960815,9,16,0.0
273,-45.38394855646193,8,17,0.0
274,-24.84175584286181,10,15,0.0
275,-35.86083562524538,9,16,0.0
276,-46.072254078742134,8,17,0.0
277,-46.28147792532236,8,17,0.0
278,-35.38572535530911,9,16,0.0
279,-46.670514774048314,8,17,0.0
280,-45.71024682107,8,17,0.0
281,-45.551603575696,8,17,0.0
282,-45.594309966795336,8,17,0.0
283,-55.25752310910305,7,18,0.0
284,-15.47368674780404,11,14,0.0
285,-46.56371762661133,8,17,0.0
286,-45.82270552933654,8,17,0.0
287,-45.51440412189367,8,17,0.0
288,-35.371952593415195,9,16,0.0
289,-35.91142493270078,9,16,0.0
290,-45.484059102635456,8,17,0.0
291,-56.08476429159492,7,18,0.0
292,-46.24337444502541,8,17,0.0
293,-36.52692954020898,9,16,0.0
294,-35.50610388213075,9,16,0.0
295,-25.74365581456627,10,15,0.0
296,-55.42163192558331,7,18,0.0
297,-55.75542072638183,7,18,0.0
298,-25.327150609009944,10,15,0.0
299,-34.88275715538338,9,16,0.0
300,-3.933360395799955,12,13,0.0
301,-46.0224318365577,8,17,0.0
302,-25.941266484485034,10,15,0.0
303,-25.174134103440085,10,15,0.0
304,-33.929060960977075,9,16,0.0
305,-45.69116910646776,8,17,0.0
306,-54.573697736542016,7,18,0.0
307,-16.29173961535656,11,14,0.0
308,-44.74782776867754,8,17,0.0
309,-55.89118647772375,7,18,0.0
310,-35.129586894668506,9,16,0.0
311,-34.81453973088409,9,16,0.0
312,-25.918367003980777,10,15,0.0
313,-25.05004603693868,10,15,0.0
314,-27.16764977212362,10,15,0.0
315,-25.86321375140043,10,15,0.0
316,-26.01435634053713,10,15,0.0
317,-26.14928996141504,10,15,0.0
318,-54.77742810893567,7,18,0.0
319,-35.79090146989783,9,16,0.0
320,-25.540384461926156,10,15,0.0
321,-45.36673654555479,8,17,0.0
322,-35.720896360700536,9,16,0.0
323,-44.78064003767693,8,17,0.0
324,-25.750704946747653,10,15,0.0
325,-35.91432742788617,9,16,0.0
326,-26.163162178982112,10,15,0.0
327,-4.448418961309117,12,13,0.0
328,-54.924585383471104,7,18,0.0
329,-36.15864801993915,9,16,0.0
330,-45.486872047785994,8,17,0.0
331,-35.60260322574385,9,16,0.0
332,-25.47213857337567,10,15,0.0
333,-45.534170241607775,8,17,0.0
334,-56.300266342884115,7,18,0.0
335,-45.71874166960135,8,17,0.0
336,-37.26517826245811,9,16,0.0
337,-25.179229627616007,10,15,0.0
338,-25.389124961690733,10,15,0.0
339,-34.89088501670528,9,16,0.0
340,-45.22871045868003,8,17,0.0
341,-35.378947426483535,9,16,0.0
342,-26.013837914157257,10,15,0.0
343,-26.61950449182019,10,15,0.0
344,-26.374101480152724,10,15,0.0
345,-36.43052040876443,9,16,0.0
346,-35.25983058110224,9,16,0.0
347,-27.297196113010344,10,15,0.0
348,-26.34015181766602,10,15,0.0
349,-35.493218137930945,9,16,0.0
350,-16.253214181170698,11,14,0.0
351,-46.3964875261576,8,17,0.0
352,-44.24574057401418,8,17,0.0
353,-36.83860016444851,9,16,0.0
354,-35.747252116910126,9,16,0.0
355,-46.25859200155517,8,17,0.0
356,-47.823353408893105,8,17,0.0
357,-45.447573031208904,8,17,0.0
358,-46.24508212914756,8,17,0.0
359,-36.41528607217453,9,16,0.0
360,-36.24698118311966,9,16,0.0
361,-45.84442419519536,8,17,0.0
362,-35.84518146323319,9,16,0.0
363,-25.52756435174456,10,15,0.0
364,-25.786678466831496,10,15,0.0
365,-36.995703298462715,9,16,0.0
366,-25.50295325947967,10,15,0.0
367,-35.82812680071082,9,16,0.0
368,-65.50677574474693,6,19,0.0
369,-44.86798048340377,8,17,0.0
370,-25.68096332436034,10,15,0.0
371,-35.380614789208224,9,16,0.0
372,-55.14504988084256,7,18,0.0
373,-35.54681589207517,9,16,0.0
374,-24.45274036812674,10,15,0.0
375,-35.17472634396963,9,16,0.0
376,-46.869494800630136,8,17,0.0
377,-46.279428338156855,8,17,0.0
378,-45.581660633628324,8,17,0.0
379,-35.50635773402283,9,16,0.0
380,-46.039187501889984,8,17,0.0
381,-14.926611150631615,11,14,0.0
382,-46.295352642888176,8,17,0.0
383,-54.64817978650514,7,18,0.0
384,-45.05591015102183,8,17,0.0
385,-66.43247231443269,6,19,0.0
386,-65.78245447459481,6,19,0.0
387,-24.650614224585503,10,15,0.0
388,-36.69201500868441,9,16,0.0
389,-25.225427948133035,10,15,0.0
390,-46.493740147641624,8,17,0.0
391,-36.50967055813817,9,16,0.0
392,-46.6300913087139,8,17,0.0
393,-46.00326084766561,8,17,0.0
394,-36.05713709931693,9,16,0.0
395,-26.869410224041676,10,15,0.0
396,-47.008214928540994,8,17,0.0
397,-45.66380138726624,8,17,0.0
398,-55.80279572368593,7,18,0.0
399,-25.31203613290748,10,15,0.0
400,-35.4668804354833,9,16,0.0
401,-64.65955596108324,6,19,0.0
402,-24.213957961460064,10,15,0.0
403,-35.513147057354445,9,16,0.0
404,-45.12269998955016,8,17,0.0
405,-45.102468135339834,8,17,0.0
406,-35.49084766702284,9,16,0.0
407,-25.3232964887763,10,15,0.0
408,-25.48777389375742,10,15,0.0
409,-64.04261121630921,6,19,0.0
410,-45.988349893076936,8,17,0.0
411,-34.81055777131478,9,16,0.0
412,-24.56793544795719,10,15,0.0
413,-35.06424373437718,9,16,0.0
414,-66.06806193481088,6,19,0.0
415,-55.78501876899853,7,18,0.0
416,-55.58439182262893,7,18,0.0
417,-55.45088727746041,7,18,0.0
418,-36.410484534196655,9,16,0.0
419,-25.95367790905824,10,15,0.0
420,-56.385477554656674,7,18,0.0
421,-55.51325371916131,7,18,0.0
422,-45.295960424327475,8,17,0.0
423,-34.95336119258502,9,16,0.0
424,-45.624684062785825,8,17,0.0
425,-45.01084452032542,8,17,0.0
426,-34.89084600461299,9,16,0.0
427,-46.269504411565514,8,17,0.0
428,-25.74587762265422,10,15,0.0
429,-55.12723185175342,7,18,0.0
430,-55.604978598522735,7,18,0.0
431,-35.36089246690137,9,16,0.0
432,-55.89444685659589,7,18,0.0
433,-46.10659261208275,8,17,0.0
434,-45.022753538860506,8,17,0.0
435,-54.53947372633682,7,18,0.0
436,-34.884228492006244,9,16,0.0
437,-55.42292742278023,7,18,0.0
438,-25.295404493357406,10,15,0.0
439,-45.503466678942374,8,17,0.0
440,-35.05567876137709,9,16,0.0
441,-35.86807605869094,9,16,0.0
442,-24.504658534014922,10,15,0.0
443,-55.51541592165453,7,18,0.0
444,-15.378738456454395,11,14,0.0
445,-45.752461056279685,8,17,0.0
446,-23.88349673637694,10,15,0.0
447,-64.44850672248857,6,19,0.0
448,-35.551582618312366,9,16,0.0
449,-36.10850491543283,9,16,0.0
450,-45.21370808457277,8,17,0.0
451,-55.90109980189188,7,18,0.0
452,-54.62549586358426,7,18,0.0
453,-43.62838030075186,8,17,0.0
454,-54.424021370935954,7,18,0.0
455,-35.11406831106492,9,16,0.0
456,-44.492402490845805,8,17,0.0
457,-54.10816531807948,7,18,0.0
458,-55.4281789881921,7,18,0.0
459,-64.47719968647309,6,19,0.0
460,-35.087783452244196,9,16,0.0
461,-55.766263927569184,7,18,0.0
462,-43.6244519221428,8,17,0.0
463,-45.46295094399027,8,17,0.0
464,-24.609225628989265,10,15,0.0
465,-64.3199594595672,6,19,0.0
466,-45.081465559101076,8,17,0.0
467,-14.53772511324954,11,14,0.0
468,-14.465837185375126,11,14,0.0
469,-54.25429788781534,7,18,0.0
470,-44.52513931047685,8,17,0.0
471,-24.435448219390448,10,15,0.0
472,-34.96653795765872,9,16,0.0
473,-34.11902566369766,9,16,0.0
474,-34.807131221273764,9,16,0.0
475,-44.2443985163813,8,17,0.0
476,-25.080977506776307,10,15,0.0
477,-24.6652716618537,10,15,0.0
478,-54.85314086984502,7,18,0.0
479,-24.759869740932118,10,15,0.0
480,-35.32084049327721,9,16,0.0
481,-44.803168581745275,8,17,0.0
482,-44.844378058757016,8,17,0.0
483,-25.571332646678677,10,15,0.0
484,-45.65388716431822,8,17,0.0
485,-34.6532448778745,9,16,0.0
486,-45.34830316453207,8,17,0.0
487,-33.92396947975976,9,16,0.0
488,-54.51414165687138,7,18,0.0
489,-33.78927549892947,9,16,0.0
490,-44.62939414278525,8,17,0.0
491,-34.530904825003745,9,16,0.0
492,-43.588394543683314,8,17,0.0
493,-55.31733483715965,7,18,0.0
494,-25.18289722948642,10,15,0.0
495,-34.630091703680606,9,16,0.0
496,-25.62105285658899,10,15,0.0
497,-24.031201903546627,10,15,0.0
498,-33.70690420371794,9,16,0.0
499,-44.31972105196729,8,17,0.0
500,-25.035061728829284,10,15,0.0
501,-44.90745212970718,8,17,0.0
502,-54.45864670866783,7,18,0.0
503,-54.5346227398075,7,18,0.0
504,-45.21804028907243,8,17,0.0
505,-44.995970034345916,8,17,0.0
506,-35.74309967280474,9,16,0.0
507,-34.46953858365892,9,16,0.0
508,-35.3907493326309,9,16,0.0
509,-24.95720964333475,10,15,0.0
510,-35.87589595559911,9,16,0.0
511,-23.98955793884924,10,15,0.0
512,-55.851802774709995,7,18,0.0
513,-24.98581474782919,10,15,0.0
514,-53.95401250934159,7,18,0.0
515,-44.65764205881419,8,17,0.0
516,-44.74861655480165,8,17,0.0
517,-43.95592489815314,8,17,0.0
518,-54.01955426043548,7,18,0.0
519,-34.319849878173386,9,16,0.0
520,-45.019190110577476,8,17,0.0
521,-34.6781625688773,9,16,0.0
522,-26.158526861479675,10,15,0.0
523,-34.292329847126354,9,16,0.0
524,-25.024442260485202,10,15,0.0
525,-33.98986015133143,9,16,0.0
526,-54.359415075408535,7,18,0.0
527,-34.799435022358125,9,16,0.0
528,-64.65229206210438,6,19,0.0
529,-54.53920644740744,7,18,0.0
530,-33.16157871889028,9,16,0.0
531,-74.87872975844485,5,20,0.0
532,-45.66014608249381,8,17,0.0
533,-45.088115399613386,8,17,0.0
534,-45.147258530019855,8,17,0.0
535,-55.45319858774921,7,18,0.0
536,-54.72641784608366,7,18,0.0
537,-54.64552266359558,7,18,0.0
538,-55.41083750001325,7,18,0.0
539,-55.383037676526016,7,18,0.0
540,-44.319512131855035,8,17,0.0
541,-34.354627662353366,9,16,0.0
542,-44.42457107869957,8,17,0.0
543,-54.04839604649561,7,18,0.0
544,-44.563595329561416,8,17,0.0
545,-54.49216176879323,7,18,0.0
546,-44.47705558653222,8,17,0.0
547,-65.09025678341281,6,19,0.0
548,-34.80906578801523,9,16,0.0
549,-54.81477331972775,7,18,0.0
550,-44.985708281426355,8,17,0.0
551,-73.8693613016614,5,20,0.0
552,-54.92031015515769,7,18,0.0
553,-33.2979703505074,9,16,0.0
554,-54.26140812708917,7,18,0.0
555,-64.0848762553378,6,19,0.0
556,-33.97450001947101,9,16,0.0
557,-43.72515546696036,8,17,0.0
558,-34.80209617681609,9,16,0.0
559,-44.986772503729014,8,17,0.0
560,-53.4635136266581,7,18,0.0
561,-43.944307011792645,8,17,0.0
562,-65.53098197065782,6,19,0.0
563,-55.5099087983216,7,18,0.0
564,-33.15359759929685,9,16,0.0
565,-43.58924818635961,8,17,0.0
566,-54.47766861867113,7,18,0.0
567,-53.2513251962366,7,18,0.0
568,-34.13026950958985,9,16,0.0
569,-44.530429594120356,8,17,0.0
570,-34.28204447362729,9,16,0.0
571,-64.865929488548,6,19,0.0
572,-54.5522740639278,7,18,0.0
573,-25.675995315727658,10,15,0.0
574,-65.41637930383942,6,19,0.0
575,-44.74929309074669,8,17,0.0
576,-65.03689553152185,6,19,0.0
577,-33.14982859976782,9,16,0.0
578,-44.075451751466176,8,17,0.0
579,-44.64136159241307,8,17,0.0
580,-33.80437650809927,9,16,0.0
581,-14.632928667522748,11,14,0.0
582,-34.57913492027627,9,16,0.0
583,-34.44596158667005,9,16,0.0
584,-43.998371047038916,8,17,0.0
585,-25.203305981143046,10,15,0.0
586,-44.32551755263994,8,17,0.0
587,-44.770560307790646,8,17,0.0
588,-34.59494192555026,9,16,0.0
589,-54.661544532670206,7,18,0.0
590,-64.21741132795572,6,19,0.0
591,-44.3284724184084,8,17,0.0
592,-44.5046986877169,8,17,0.0
593,-44.69302642384969,8,17,0.0
594,-35.66146065077614,9,16,0.0
595,-35.280661970286125,9,16,0.0
596,-35.04092565896548,9,16,0.0
597,-65.10312380017459,6,19,0.0
598,-55.85825054757625,7,18,0.0
599,-45.34925657170568,8,17,0.0
600,-44.95350097267861,8,17,0.0
601,-54.90193448339589,7,18,0.0
602,-35.08901157776601,9,16,0.0
603,-55.13422148363264,7,18,0.0
604,-45.031662347972144,8,17,0.0
605,-44.28757602226163,8,17,0.0
606,-35.052922066266206,9,16,0.0
607,-33.920578621174464,9,16,0.0
608,-44.96049770414266,8,17,0.0
609,-33.72276730452401,9,16,0.0
610,-45.52691438297292,8,17,0.0
611,-55.03901209026238,7,18,0.0
612,-45.31808158102663,8,17,0.0
613,-45.55819353880169,8,17,0.0
614,-35.131488141842866,9,16,0.0
615,-65.58564092515753,6,19,0.0
616,-55.77571679972381,7,18,0.0
617,-45.752919753012435,8,17,0.0
618,-65.90675173785684,6,19,0.0
619,-34.970345469864355,9,16,0.0
620,-85.52557260980868,4,21,0.0
621,-44.58709509342547,8,17,0.0
622,-35.79173067979247,9,16,0.0
623,-25.080202876649423,10,15,0.0
624,-45.559036073936944,8,17,0.0
625,-55.32890284490156,7,18,0.0
626,-56.03257987481069,7,18,0.0
627,-34.07717502341154,9,16,0.0
628,-46.663131151440794,8,17,0.0
629,-65.13301693361649,6,19,0.0
630,-55.45992733363877,7,18,0.0
631,-34.4069365845851,9,16,0.0
632,-54.98882851901347,7,18,0.0
633,-55.35648022923921,7,18,0.0
634,-25.118662839977183,10,15,0.0
635,-55.488924347225534,7,18,0.0
636,-44.185401596369516,8,17,0.0
637,-44.75171965219426,8,17,0.0
638,-55.115001859881765,7,18,0.0
639,-75.03903545657589,5,20,0.0
640,-54.931834441173706,7,18,0.0
641,-65.31749492890812,6,19,0.0
642,-55.00819117999948,7,18,0.0
643,-54.89693591169794,7,18,0.0
644,-45.00332600946463,8,17,0.0
645,-64.62227072773885,6,19,0.0
646,-34.652413967602186,9,16,0.0
647,-64.03169350861268,6,19,0.0
648,-43.863902007966296,8,17,0.0
649,-53.64782538438978,7,18,0.0
650,-55.36706671612354,7,18,0.0
651,-33.40338401252179,9,16,0.0
652,-52.827661208158375,7,18,0.0
653,-54.18985673079702,7,18,0.0
654,-45.25991464395926,8,17,0.0
655,-13.78815612994373,11,14,0.0
656,-64.01318758859617,6,19,0.0
657,-54.169292137165115,7,18,0.0
658,-63.996201795567686,6,19,0.0
659,-34.89056241977939,9,16,0.0
660,-33.0287892191825,9,16,0.0
661,-43.97739756464706,8,17,0.0
662,-53.37415135526541,7,18,0.0
663,-54.292316873303726,7,18,0.0
664,-54.78198474855327,7,18,0.0
665,-44.26414472230558,8,17,0.0
666,-35.47973678021605,9,16,0.0
667,-24.11004978723669,10,15,0.0
668,-35.04086448806227,9,16,0.0
669,-54.3601111472135,7,18,0.0
670,-44.68719584039103,8,17,0.0
671,-54.485732894797316,7,18,0.0
672,-65.36245158128165,6,19,0.0
673,-43.15230364985207,8,17,0.0
674,-45.23578259963574,8,17,0.0
675,-45.33374675096795,8,17,0.0
676,-54.57284269044195,7,18,0.0
677,-35.048688743792006,9,16,0.0
678,-55.00708752051233,7,18,0.0
679,-64.74714677308236,6,19,0.0
680,-74.8844002116484,5,20,0.0
681,-35.11398325054506,9,16,0.0
682,-23.292889682010603,10,15,0.0
683,-55.02741227733358,7,18,0.0
684,-34.16052510621327,9,16,0.0
685,-54.29053181912544,7,18,0.0
686,-44.12593545993818,8,17,0.0
687,-64.47165505594396,6,19,0.0
688,-63.87480161079075,6,19,0.0
689,-45.42104513120353,8,17,0.0
690,-43.14575544168608,8,17,0.0
691,-34.91481613144098,9,16,0.0
692,-54.660214159409946,7,18,0.0
693,-34.27707576848532,9,16,0.0
694,-44.18996151483456,8,17,0.0
695,-44.37758883854489,8,17,0.0
696,-75.17012456568554,5,20,0.0
697,-45.972877435783374,8,17,0.0
698,-63.257602290922904,6,19,0.0
699,-34.0246539018078,9,16,0.0
700,-64.70381233642586,6,19,0.0
701,-64.95420796911696,6,19,0.0
702,-45.285722728261895,8,17,0.0
703,-34.31304019831337,9,16,0.0
704,-45.577578588452354,8,17,0.0
705,-55.2806065284677,7,18,0.0
706,-44.48795764585258,8,17,0.0
707,-74.187732021025,5,20,0.0
708,-54.64937707314734,7,18,0.0
709,-55.169055262028394,7,18,0.0
710,-74.78135725386667,5,20,0.0
711,-54.94049905156973,7,18,0.0
712,-44.31853778306836,8,17,0.0
713,-44.23442683443389,8,17,0.0
714,-35.20150830805209,9,16,0.0
715,-55.77428076123479,7,18,0.0
716,-52.933239180858095,7,18,0.0
717,-44.76251858263227,8,17,0.0
718,-44.43110927188969,8,17,0.0
719,-43.748415140414,8,17,0.0
720,-54.78212240239884,7,18,0.0
721,-53.76738497648854,7,18,0.0
722,-44.50872022405517,8,17,0.0
723,-44.60686408824862,8,17,0.0
724,-54.562733252444964,7,18,0.0
725,-34.60461276848189,9,16,0.0
726,-55.92630410431615,7,18,0.0
727,-24.513337145977093,10,15,0.0
728,-34.21717417160842,9,16,0.0
729,-44.60904493062501,8,17,0.0
730,-65.20844449203986,6,19,0.0
731,-53.44493631954483,7,18,0.0
732,-44.941044215659076,8,17,0.0
733,-64.3953686839418,6,19,0.0
734,-54.820139382394615,7,18,0.0
735,-34.03323671809052,9,16,0.0
736,-43.87828175056775,8,17,0.0
737,-44.74767938131359,8,17,0.0
738,-33.954675938468625,9,16,0.0
739,-53.90518576595188,7,18,0.0
740,-54.14895747528627,7,18,0.0
741,-53.930140283010424,7,18,0.0
742,-23.558972791686937,10,15,0.0
743,-53.7630642110867,7,18,0.0
744,-23.98017692408048,10,15,0.0
745,-34.582388232674035,9,16,0.0
746,-34.14864225574549,9,16,0.0
747,-34.787432975710225,9,16,0.0
748,-43.925100054380366,8,17,0.0
749,-33.634383152281856,9,16,0.0
750,-54.75656689101845,7,18,0.0
751,-43.9100468248141,8,17,0.0
752,-43.31780288644523,8,17,0.0
753,-44.31905974805026,8,17,0.0
754,-24.240693060444332,10,15,0.0
755,-34.155983019475435,9,16,0.0
756,-44.208256603710765,8,17,0.0
757,-34.09901133204569,9,16,0.0
758,-54.08665302183571,7,18,0.0
759,-63.69216733070553,6,19,0.0
760,-52.80595858472531,7,18,0.0
761,-43.9681953538381,8,17,0.0
762,-63.31806369910717,6,19,0.0
763,-64.76991461873337,6,19,0.0
764,-53.85145533917955,7,18,0.0
765,-53.77370117839609,7,18,0.0
766,-65.13723119676868,6,19,0.0
767,-65.20470029801643,6,19,0.0
768,-74.76927354972902,5,20,0.0
769,-32.97802300916681,9,16,0.0
770,-43.980700524829885,8,17,0.0
771,-33.158852265252705,9,16,0.0
772,-34.69464044419563,9,16,0.0
773,-53.1498692342665,7,18,0.0
774,-33.59469829929634,9,16,0.0
775,-64.2587405565449,6,19,0.0
776,-43.85506295918236,8,17,0.0
777,-43.26118827656134,8,17,0.0
778,-54.314170839961584,7,18,0.0
779,-33.95288101902563,9,16,0.0
780,-54.94565407804189,7,18,0.0
781,-74.76205903587979,5,20,0.0
782,-44.56792955068525,8,17,0.0
783,-54.33618466298757,7,18,0.0
784,-44.91197249959522,8,17,0.0
785,-54.38023337563318,7,18,0.0
786,-53.94078950376602,7,18,0.0
787,-54.93403233646838,7,18,0.0
788,-55.55315705140105,7,18,0.0
789,-33.392796755464815,9,16,0.0
790,-54.57365150600164,7,18,0.0
791,-44.17825048215654,8,17,0.0
792,-54.81420420583386,7,18,0.0
793,-55.02229873286511,7,18,0.0
794,-34.476776277109295,9,16,0.0
795,-33.41720546066566,9,16,0.0
796,-42.84752225420969,8,17,0.0
797,-54.19863591425728,7,18,0.0
798,-54.32267625506336,7,18,0.0
799,-53.80381226080465,7,18,0.0
800,-44.30516958906862,8,17,0.0
801,-65.26262406856617,6,19,0.0
802,-34.87600184249883,9,16,0.0
803,-65.00070224799379,6,19,0.0
804,-54.519812752224425,7,18,0.0
805,-44.33247879760876,8,17,0.0
806,-65.06512878703226,6,19,0.0
807,-54.0014460446807,7,18,0.0
808,-64.37985299632649,6,19,0.0
809,-34.13936740147521,9,16,0.0
810,-44.0120149349106,8,17,0.0
811,-54.37613483258151,7,18,0.0
812,-34.965508298057664,9,16,0.0
813,-44.290411057288544,8,17,0.0
814,-33.783042459829204,9,16,0.0
815,-35.25480826027602,9,16,0.0
816,-43.84424126719246,8,17,0.0
817,-44.829558952039285,8,17,0.0
818,-55.98024282823033,7,18,0.0
819,-54.723986238778764,7,18,0.0
820,-53.898465268124646,7,18,0.0
821,-34.51098890645894,9,16,0.0
822,-13.99690726472164,11,14,0.0
823,-14.521259575319046,11,14,0.0
824,-55.33610539969392,7,18,0.0
825,-14.98122336733142,11,14,0.0
826,-35.0093867789474,9,16,0.0
827,-44.654775048633724,8,17,0.0
828,-45.466188576818816,8,17,0.0
829,-25.55777324089701,10,15,0.0
830,-44.091539038209916,8,17,0.0
831,-34.7952495179165,9,16,0.0
832,-54.27927877367249,7,18,0.0
833,-24.847053191922193,10,15,0.0
834,-23.529276281989134,10,15,0.0
835,-34.56041952936503,9,16,0.0
836,-24.263493208805965,10,15,0.0
837,-35.69539186834,9,16,0.0
838,-34.37621041258332,9,16,0.0
839,-23.86670664105832,10,15,0.0
840,-35.36557566859307,9,16,0.0
841,-43.73468191042515,8,17,0.0
842,-23.357776273233398,10,15,0.0
843,-44.25374712171558,8,17,0.0
844,-24.382909567952918,10,15,0.0
845,-4.352081387456501,12,13,0.0
846,-44.15248691275926,8,17,0.0
847,-54.99903568822674,7,18,0.0
848,-23.86140741777118,10,15,0.0
849,-34.05912922466328,9,16,0.0
850,-23.573353805399776,10,15,0.0
851,-24.323537877131194,10,15,0.0
852,-13.197765575942938,11,14,0.0
853,-33.825491218283666,9,16,0.0
854,-24.657858886631182,10,15,0.0
855,-22.929343916126058,10,15,0.0
856,-13.331139849606313,11,14,0.0
857,-23.819651674901912,10,15,0.0
858,-12.57165814176992,11,14,0.0
859,-23.41466914553167,10,15,0.0
860,-43.337565674591474,8,17,0.0
861,-33.47961054672463,9,16,0.0
862,-23.406837540101648,10,15,0.0
863,-22.905805108421596,10,15,0.0
864,-12.889831629595523,11,14,0.0
865,-14.049517451446203,11,14,0.0
866,-14.193414022948932,11,14,0.0
867,-33.634756846411165,9,16,0.0
868,-34.044157700315786,9,16,0.0
869,-13.62327207145752,11,14,0.0
870,-33.997639784911854,9,16,0.0
871,-43.40505699517143,8,17,0.0
872,-14.159928471740926,11,14,0.0
873,-33.69217780442967,9,16,0.0
874,-24.33694728446172,10,15,0.0
875,-24.215849079982043,10,15,0.0
876,-4.101847244046278,12,13,0.0
877,-24.347892150836557,10,15,0.0
878,-14.951723741680217,11,14,0.0
879,-24.869758965124205,10,15,0.0
880,-13.907259232103193,11,14,0.0
881,-23.972208731462658,10,15,0.0
882,-25.43132026045283,10,15,0.0
883,-24.541976657098672,10,15,0.0
884,-25.449915238571755,10,15,0.0
885,-14.74919761461594,11,14,0.0
886,-14.526314736805649,11,14,0.0
887,-4.838536877086241,12,13,0.0
888,-14.20116516867282,11,14,0.0
889,-33.95379713995804,9,16,0.0
890,-14.912813929232925,11,14,0.0
891,-34.32636239254838,9,16,0.0
892,-23.92599651407024,10,15,0.0
893,-4.896040243623354,12,13,0.0
894,-24.067044363455807,10,15,0.0
895,-14.578419586222008,11,14,0.0
896,-23.859755375198684,10,15,0.0
897,-23.674219553930932,10,15,0.0
898,-24.723236335040802,10,15,0.0
899,-13.916750711366202,11,14,0.0
900,-14.953723180867357,11,14,0.0
901,-13.710704337403786,11,14,0.0
902,-44.16908367324797,8,17,0.0
903,-34.750059470928235,9,16,0.0
904,-34.14609645834378,9,16,0.0
905,-25.114162442150928,10,15,0.0
906,-34.49681650966085,9,16,0.0
907,-14.624008439851469,11,14,0.0
908,-24.541600687261987,10,15,0.0
909,-15.787436007432452,11,14,0.0
910,-15.123289460244504,11,14,0.0
911,-4.33020602275746,12,13,0.0
912,-15.578899838651637,11,14,0.0
913,-6.31381235560456,12,13,0.0
914,-24.900030820238907,10,15,0.0
915,-14.853598957647371,11,14,0.0
916,-4.966465146316803,12,13,0.0
917,-15.207280348650702,11,14,0.0
918,-14.056868321433992,11,14,0.0
919,-4.619204877950594,12,13,0.0
920,-14.515679079136564,11,14,0.0
921,-24.36463502790471,10,15,0.0
922,-4.165171504631047,12,13,0.0
923,-14.692606990926702,11,14,0.0
924,-25.09366100038224,10,15,0.0
925,-26.039217247803116,10,15,0.0
926,-25.24656620364794,10,15,0.0
927,-14.362945895592496,11,14,0.0
928,-14.766071472602707,11,14,0.0
929,-25.79679266808691,10,15,0.0
930,-34.95829817210068,9,16,0.0
931,-45.53334821321778,8,17,0.0
932,-4.915662124277805,12,13,0.0
933,-24.253395323456044,10,15,0.0
934,-15.209944996564797,11,14,0.0
935,-5.756480235966955,12,13,0.0
936,-24.248858389652476,10,15,0.0
937,-15.147010206731329,11,14,0.0
938,-45.843959482997874,8,17,0.0
939,-34.767096415350686,9,16,0.0
940,-24.93741394446334,10,15,0.0
941,-25.320898110818455,10,15,0.0
942,-34.88433516277627,9,16,0.0
943,-5.353773253104863,12,13,0.0
944,-24.365389013390534,10,15,0.0
945,-34.9074336691019,9,16,0.0
946,-25.188578626866327,10,15,0.0
947,-25.478011436177923,10,15,0.0
948,-4.4415492417213525,12,13,0.0
949,-24.88013349992928,10,15,0.0
950,-24.729471474311822,10,15,0.0
951,-15.11841046916075,11,14,0.0
952,-26.15589120479239,10,15,0.0
953,-15.430642157226945,11,14,0.0
954,-34.2793293840598,9,16,0.0
955,-15.946608104472762,11,14,0.0
956,-26.136980430508004,10,15,0.0
957,-15.48081120700825,11,14,0.0
958,-25.111270595406168,10,15,0.0
959,-26.10602661839892,10,15,0.0
960,-34.818434162841015,9,16,0.0
961,-25.14205061613005,10,15,0.0
962,-25.85483167925468,10,15,0.0
963,-24.426965717242567,10,15,0.0
964,-15.108115178049182,11,14,0.0
965,-24.54584940854382,10,15,0.0
966,-14.783201709101466,11,14,0.0
967,-15.899044534089018,11,14,0.0
968,-16.101246256898875,11,14,0.0
969,-14.820538100937778,11,14,0.0
970,-35.60398297212832,9,16,0.0
971,-24.91694051559335,10,15,0.0
972,-5.740780143156843,12,13,0.0
973,-24.91599585751133,10,15,0.0
974,-24.75861689273487,10,15,0.0
975,-26.612077805940558,10,15,0.0
976,-5.304901066508,12,13,0.0
977,-25.391358033597623,10,15,0.0
978,-36.182793439289824,9,16,0.0
979,-5.370637228156586,12,13,0.0
980,-44.26587744518322,8,17,0.0
981,-5.458257915401635,12,13,0.0
982,-14.975991903391694,11,14,0.0
983,-25.730368381225453,10,15,0.0
984,-26.779079740116437,10,15,0.0
985,-15.49943653133142,11,14,0.0
986,-5.405821696427537,12,13,0.0
987,-26.061795884054312,10,15,0.0
988,-25.685787383511897,10,15,0.0
989,-26.8470758612255,10,15,0.0
990,-15.523997338484486,11,14,0.0
991,-26.47256160916944,10,15,0.0
992,-16.33021524416168,11,14,0.0
993,-37.069209381599876,9,16,0.0
994,-16.891241456235946,11,14,0.0
995,-16.676634155239928,11,14,0.0
996,-25.629015696474845,10,15,0.0
997,-25.89372238089083,10,15,0.0
998,-16.133748033379973,11,14,0.0
999,-27.331988904912954,10,15,0.0
1000,-14.716852733453498,11,14,0.0
1001,-16.04687274305707,11,14,0.0
1002,-15.766456549696397,11,14,0.0
1003,-46.85950988420622,8,17,0.0
1004,-25.46558449784725,10,15,0.0
1005,-26.698712645947957,10,15,0.0
1006,-26.543168636932762,10,15,0.0
1007,-36.59968776450202,9,16,0.0
1008,-15.216389826736128,11,14,0.0
1009,-15.313837263271825,11,14,0.0
1010,-25.533678414578148,10,15,0.0
1011,-16.576299538919812,11,14,0.0
1012,-25.9827109788499,10,15,0.0
1013,-16.5642470113061,11,14,0.0
1014,-15.516041397351223,11,14,0.0
1015,-16.402864337837105,11,14,0.0
1016,-16.123432350240428,11,14,0.0
1017,-16.81646746332425,11,14,0.0
1018,-26.512337207223045,10,15,0.0
1019,-15.686227703063102,11,14,0.0
1020,-26.931646188057613,10,15,0.0
1021,-27.594488934607035,10,15,0.0
1022,-16.38459015365475,11,14,0.0
1023,-26.06623815397505,10,15,0.0
1024,-6.777824121764411,12,13,0.0
1025,-16.11654214963934,11,14,0.0
1026,-16.743539431929914,11,14,0.0
1027,-46.62343204057265,8,17,0.0
1028,-25.945470584889073,10,15,0.0
1029,-26.744227052021618,10,15,0.0
1030,-25.622969796889063,10,15,0.0
1031,-35.52039228084928,9,16,0.0
1032,-25.701831914695028,10,15,0.0
1033,-15.81129197457523,11,14,0.0
1034,-16.612588131266865,11,14,0.0
1035,-16.73591442251683,11,14,0.0
1036,-36.59726221834843,9,16,0.0
1037,-25.830666717693813,10,15,0.0
1038,-26.602073457770242,10,15,0.0
1039,-34.266376095634,9,16,0.0
1040,-5.396083818894285,12,13,0.0
1041,-15.604511798435354,11,14,0.0
1042,-36.46408020105628,9,16,0.0
1043,-36.911053046366554,9,16,0.0
1044,-5.370834147574868,12,13,0.0
1045,-16.469779731829867,11,14,0.0
1046,-35.31059026783909,9,16,0.0
1047,-15.478070187976972,11,14,0.0
1048,-25.91926171590233,10,15,0.0
1049,-6.438362415985194,12,13,0.0
1050,-26.148245982601715,10,15,0.0
1051,-16.161182966676883,11,14,0.0
1052,-26.865257271270195,10,15,0.0
1053,-15.551633307025565,11,14,0.0
1054,-25.812947642267517,10,15,0.0
1055,-26.311837912799092,10,15,0.0
1056,-16.076393294435025,11,14,0.0
1057,-26.157538992110794,10,15,0.0
1058,-25.844686791186145,10,15,0.0
1059,-16.51455088501144,11,14,0.0
1060,-27.30915580961926,10,15,0.0
1061,-25.91365246376521,10,15,0.0
1062,-15.49554108102384,11,14,0.0
1063,-15.677200266448768,11,14,0.0
1064,-5.1806645620530265,12,13,0.0
1065,-15.705496783874267,11,14,0.0
1066,-26.43211132712935,10,15,0.0
1067,-35.71053158957391,9,16,0.0
1068,-25.96217546957098,10,15,0.0
1069,-36.608921295942714,9,16,0.0
1070,-16.257328722097373,11,14,0.0
1071,-26.636678924687914,10,15,0.0
1072,-26.65216749372594,10,15,0.0
1073,-35.77838767487248,9,16,0.0
1074,-26.2692614913339,10,15,0.0
1075,-25.237023243037992,10,15,0.0
1076,-36.33363874816806,9,16,0.0
1077,-16.63039596825562,11,14,0.0
1078,-16.268323280542948,11,14,0.0
1079,-5.945744079763241,12,13,0.0
1080,-26.94023809600483,10,15,0.0
1081,-15.812672673225025,11,14,0.0
1082,-35.97379275245265,9,16,0.0
1083,-15.046597843204058,11,14,0.0
1084,-26.462956948226115,10,15,0.0
1085,-26.353519647835036,10,15,0.0
1086,-54.43242798789451,7,18,0.0
1087,-15.46793297962444,11,14,0.0
1088,-26.4001201463379,10,15,0.0
1089,-26.081037505702128,10,15,0.0
1090,-36.048641269064845,9,16,0.0
1091,-25.15605541511279,10,15,0.0
1092,-36.38471236233076,9,16,0.0
1093,-27.135121211448627,10,15,0.0
1094,-14.99814146884178,11,14,0.0
1095,-25.645413294713933,10,15,0.0
1096,-5.748592398502405,12,13,0.0
1097,-25.02436302500516,10,15,0.0
1098,-26.97023535247201,10,15,0.0
1099,-17.509188346049353,11,14,0.0
1100,-25.23477629293853,10,15,0.0
1101,-14.897628213840266,11,14,0.0
1102,-25.878312903084442,10,15,0.0
1103,-15.642570160867766,11,14,0.0
1104,-25.446235593693284,10,15,0.0
1105,-35.52473354752528,9,16,0.0
1106,-25.30175022481297,10,15,0.0
1107,-25.14477651879922,10,15,0.0
1108,-25.494773831046487,10,15,0.0
1109,-35.745521922189084,9,16,0.0
1110,-26.20945975330173,10,15,0.0
1111,-25.68764520035881,10,15,0.0
1112,-15.532886417876302,11,14,0.0
1113,-5.045525508548668,12,13,0.0
1114,-16.255273541830178,11,14,0.0
1115,-36.90833685367915,9,16,0.0
1116,-34.837937755062704,9,16,0.0
1117,-36.73458018196425,9,16,0.0
1118,-17.821510640358646,11,14,0.0
1119,-24.861627413506568,10,15,0.0
1120,-25.04260598359477,10,15,0.0
1121,-16.86838564252591,11,14,0.0
1122,-14.873836963349001,11,14,0.0
1123,-5.037997478077202,12,13,0.0
1124,-25.562756151891342,10,15,0.0
1125,-15.381731752559002,11,14,0.0
1126,-17.59640687248569,11,14,0.0
1127,-16.427266126925097,11,14,0.0
1128,-16.346963644693602,11,14,0.0
1129,-16.260819737907383,11,14,0.0
1130,-25.91219005890362,10,15,0.0
1131,-5.535557313495164,12,13,0.0
1132,-15.489405467359296,11,14,0.0
1133,-15.458151509431302,11,14,0.0
1134,-25.14478223500211,10,15,0.0
1135,-15.815987064214564,11,14,0.0
1136,-16.11502605793016,11,14,0.0
1137,-25.95477489128328,10,15,0.0
1138,5.248465364667343,13,12,0.0
1139,-26.034611734751763,10,15,0.0
1140,-15.037074481875134,11,14,0.0
1141,-15.864686277494785,11,14,0.0
1142,-5.044683548679452,12,13,0.0
1143,-25.196166317446394,10,15,0.0
1144,-25.848496984196462,10,15,0.0
1145,-16.19537689288939,11,14,0.0
1146,-15.70840066470323,11,14,0.0
1147,-4.723346067951845,12,13,0.0
1148,-5.358076432847483,12,13,0.0
1149,-15.935429487831486,11,14,0.0
1150,-15.587156609261466,11,14,0.0
1151,-25.615731150086436,10,15,0.0
1152,-45.85036081306719,8,17,0.0
1153,-37.14930487047711,9,16,0.0
1154,-24.984161012011246,10,15,0.0
1155,-24.00458202233871,10,15,0.0
1156,-14.107085918458985,11,14,0.0
1157,-35.41242180926098,9,16,0.0
1158,-15.725922589425899,11,14,0.0
1159,4.18937365393794,13,12,0.0
1160,-26.29329840924387,10,15,0.0
1161,-16.011525984050284,11,14,0.0
1162,-25.95325433063065,10,15,0.0
1163,-25.38409569698367,10,15,0.0
1164,-34.68005823128375,9,16,0.0
1165,-16.453457605848634,11,14,0.0
1166,-14.938831491537682,11,14,0.0
1167,-15.109738023926184,11,14,0.0
1168,-35.37267115432867,9,16,0.0
1169,-5.747785929698986,12,13,0.0
1170,-3.6669810543616954,12,13,0.0
1171,-25.324010423775164,10,15,0.0
1172,-34.46362499230804,9,16,0.0
1173,-5.701078771805761,12,13,0.0
1174,4.997864802100455,13,12,0.0
1175,-15.51136328393226,11,14,0.0
1176,-34.42898284163992,9,16,0.0
1177,-14.818845772950183,11,14,0.0
1178,-15.468481066448641,11,14,0.0
1179,-25.033550359859003,10,15,0.0
1180,-14.314296659004599,11,14,0.0
1181,-14.63132344763185,11,14,0.0
1182,-15.261506691014796,11,14,0.0
1183,-26.441050123194564,10,15,0.0
1184,-24.93781728787029,10,15,0.0
1185,-15.981962535506534,11,14,0.0
1186,-35.712296513779386,9,16,0.0
1187,-25.154761878075433,10,15,0.0
1188,-36.178510250928525,9,16,0.0
1189,-44.809433483146435,8,17,0.0
1190,5.37084656519418,13,12,0.0
1191,-13.716620566491752,11,14,0.0
1192,-14.862171527040363,11,14,0.0
1193,-36.98105608364703,9,16,0.0
1194,-24.71278730780103,10,15,0.0
1195,-14.435260888542288,11,14,0.0
1196,-15.359102365753937,11,14,0.0
1197,-5.023383379487508,12,13,0.0
1198,-14.743032176024407,11,14,0.0
1199,-25.207499302961455,10,15,0.0
1200,-15.565543910388003,11,14,0.0
1201,-14.86044184738629,11,14,0.0
1202,-5.73483108001168,12,13,0.0
1203,-5.623391530069105,12,13,0.0
1204,-35.296689871734905,9,16,0.0
1205,-24.832220287516236,10,15,0.0
1206,-24.41098538750208,10,15,0.0
1207,-15.059814275260484,11,14,0.0
1208,-7.1811409023302915,12,13,0.0
1209,-5.925047500289759,12,13,0.0
1210,-25.384767732564498,10,15,0.0
1211,2.7974501913672984,13,12,0.0
1212,-4.686460957259378,12,13,0.0
1213,-16.327084625890773,11,14,0.0
1214,-14.470250596675783,11,14,0.0
1215,-15.527405792384023,11,14,0.0
1216,4.6602660991448674,13,12,0.0
1217,-6.60858636558295,12,13,0.0
1218,-15.766422474437285,11,14,0.0
1219,-17.2600563412135,11,14,0.0
1220,-15.1879255027643,11,14,0.0
1221,-25.542128006773638,10,15,0.0
1222,-7.130949550753768,12,13,0.0
1223,-17.216538776300926,11,14,0.0
1224,3.5273350327578425,13,12,0.0
1225,-6.504487446789683,12,13,0.0
1226,-16.558364627051677,11,14,0.0
1227,-6.701978734618933,12,13,0.0
1228,3.689544023633034,13,12,0.0
1229,4.205780400515375,13,12,0.0
1230,-5.2170526489790845,12,13,0.0
1231,-5.635691646524545,12,13,0.0
1232,-6.4729458061892755,12,13,0.0
1233,4.951721947034022,13,12,0.0
1234,-15.774283143927377,11,14,0.0
1235,4.2240252944253935,13,12,0.0
1236,-7.090868702917759,12,13,0.0
1237,4.895533319286811,13,12,0.0
1238,-26.214864951506822,10,15,0.0
1239,-5.75778750209152,12,13,0.0
1240,-5.880157102712741,12,13,0.0
1241,-4.6705061971103765,12,13,0.0
1242,-17.15440360265781,11,14,0.0
1243,-16.192393587611093,11,14,0.0
1244,-5.748007564527948,12,13,0.0
1245,-27.04180543841269,10,15,0.0
1246,-14.922392271366558,11,14,0.0
1247,-16.172276703741417,11,14,0.0
1248,-5.673566814694984,12,13,0.0
1249,-15.44709108552066,11,14,0.0
1250,-36.990225874067605,9,16,0.0
1251,-35.86571612047756,9,16,0.0
1252,-24.824217428437567,10,15,0.0
1253,-33.917509598220015,9,16,0.0
1254,-7.11679080137514,12,13,0.0
1255,-35.83615820337571,9,16,0.0
1256,-15.258706140443957,11,14,0.0
1257,5.733081588772125,13,12,0.0
1258,-37.18584043998975,9,16,0.0
1259,-36.41474985765758,9,16,0.0
1260,4.295749193836718,13,12,0.0
1261,-15.571952387237438,11,14,0.0
1262,-16.151829326133992,11,14,0.0
1263,-34.965013463878684,9,16,0.0
1264,-24.837044698143572,10,15,0.0
1265,-15.292978310987248,11,14,0.0
1266,-26.2154989144221,10,15,0.0
1267,-6.751358695525244,12,13,0.0
1268,-17.385342748771944,11,14,0.0
1269,-35.92763621371233,9,16,0.0
1270,-6.590144758362465,12,13,0.0
1271,-45.16613993833064,8,17,0.0
1272,4.428468101691042,13,12,0.0
1273,-36.30548928547353,9,16,0.0
1274,4.803481792224757,13,12,0.0
1275,-35.83202290073109,9,16,0.0
1276,-5.644102472620515,12,13,0.0
1277,-27.183824709703348,10,15,0.0
1278,-15.79178129881118,11,14,0.0
1279,-26.96540225609603,10,15,0.0
1280,-16.636723375597015,11,14,0.0
1281,-26.435454829194356,10,15,0.0
1282,-36.07932450660917,9,16,0.0
1283,-25.437579940096832,10,15,0.0
1284,-26.563314754188777,10,15,0.0
1285,3.822540662320221,13,12,0.0
1286,-15.461880186418579,11,14,0.0
1287,3.1853117677130953,13,12,0.0
1288,-16.281707718765702,11,14,0.0
1289,-26.256517426579975,10,15,0.0
1290,-26.425071333464345,10,15,0.0
1291,-36.113487459834445,9,16,0.0
1292,-25.031891742058512,10,15,0.0
1293,-26.407245397874345,10,15,0.0
1294,-5.978497901279693,12,13,0.0
1295,-15.536402878892307,11,14,0.0
1296,-24.692740497642845,10,15,0.0
1297,-25.942799012105837,10,15,0.0
1298,-3.9636271625539177,12,13,0.0
1299,-36.16300624022749,9,16,0.0
1300,-25.822707023468652,10,15,0.0
1301,-25.952730092467753,10,15,0.0
1302,-16.684015987856064,11,14,0.0
1303,-35.94314744159682,9,16,0.0
1304,-35.2482513285691,9,16,0.0
1305,-6.071462080127844,12,13,0.0
1306,-15.61266987017262,11,14,0.0
1307,-5.04558820751025,12,13,0.0
1308,-3.7724739938763765,12,13,0.0
1309,-15.261885848841894,11,14,0.0
1310,-6.8509434863316,12,13,0.0
1311,-35.930992706760904,9,16,0.0
1312,-16.136488478985477,11,14,0.0
1313,-15.649010420921826,11,14,0.0
1314,-25.73978184636406,10,15,0.0
1315,-25.037055447158345,10,15,0.0
1316,-24.960432463611692,10,15,0.0
1317,-34.953685990497476,9,16,0.0
1318,3.978783946657991,13,12,0.0
1319,-15.229420111228137,11,14,0.0
1320,-14.510944236630422,11,14,0.0
1321,5.065511622726608,13,12,0.0
1322,-5.68074921738709,12,13,0.0
1323,-6.502550704724254,12,13,0.0
1324,-16.224110441525205,11,14,0.0
1325,-4.794646368733111,12,13,0.0
1326,-14.258536399397576,11,14,0.0
1327,-16.3314954505091,11,14,0.0
1328,-16.742583726301785,11,14,0.0
1329,4.454658676639225,13,12,0.0
1330,-35.734986956702386,9,16,0.0
1331,-14.829541876335085,11,14,0.0
1332,-4.766907899775731,12,13,0.0
1333,-16.02366839407825,11,14,0.0
1334,-15.724787840858173,11,14,0.0
1335,-4.179531634197851,12,13,0.0
1336,-26.55580609686268,10,15,0.0
1337,-15.694032527261593,11,14,0.0
1338,-15.785557972123929,11,14,0.0
1339,-5.543806454663951,12,13,0.0
1340,-15.701422629679385,11,14,0.0
1341,-4.638776629651646,12,13,0.0
1342,-26.62158505376078,10,15,0.0
1343,-26.780215120593112,10,15,0.0
1344,-15.767298722962146,11,14,0.0
1345,-4.147232029097045,12,13,0.0
1346,-34.86244686717973,9,16,0.0
1347,-35.5979069477768,9,16,0.0
1348,-34.67644222257446,9,16,0.0
1349,4.339071906694599,13,12,0.0
1350,-14.98730077588537,11,14,0.0
1351,-25.71004840466498,10,15,0.0
1352,-5.917961645891439,12,13,0.0
1353,-6.094807565393215,12,13,0.0
1354,-4.655170538870913,12,13,0.0
1355,-15.15825962262064,11,14,0.0
1356,-14.24213249969374,11,14,0.0
1357,-4.614241348281924,12,13,0.0
1358,-25.722484947757593,10,15,0.0
1359,-6.423984512462949,12,13,0.0
1360,-45.15575118600425,8,17,0.0
1361,-5.3433444974048445,12,13,0.0
1362,-24.94785458410179,10,15,0.0
1363,3.9930716142813907,13,12,0.0
1364,-5.272596487713483,12,13,0.0
1365,-6.389682270886717,12,13,0.0
1366,-25.330585104021434,10,15,0.0
1367,-15.275208245948374,11,14,0.0
1368,-24.13830082196283,10,15,0.0
1369,-4.685723576662479,12,13,0.0
1370,-45.16920954689367,8,17,0.0
1371,4.437763715752887,13,12,0.0
1372,-14.047988120981506,11,14,0.0
1373,-15.563802279855842,11,14,0.0
1374,-15.445058708785794,11,14,0.0
1375,-24.809178098527596,10,15,0.0
1376,-24.347012168676585,10,15,0.0
1377,-6.678779467415292,12,13,0.0
1378,-15.411575699250147,11,14,0.0
1379,-15.018195874102162,11,14,0.0
1380,-34.630256876362004,9,16,0.0
1381,-14.819367876544884,11,14,0.0
1382,-25.021716270224335,10,15,0.0
1383,-14.190291417592247,11,14,0.0
1384,-14.710668004662699,11,14,0.0
1385,-15.946832802130924,11,14,0.0
1386,-14.965544970348038,11,14,0.0
1387,-24.75129659714905,10,15,0.0
1388,-23.879719079434274,10,15,0.0
1389,4.101873571942018,13,12,0.0
1390,-33.78900029421567,9,16,0.0
1391,-14.566154141456408,11,14,0.0
1392,-3.892075899391858,12,13,0.0
1393,-14.40814627551939,11,14,0.0
1394,-25.4184554353643,10,15,0.0
1395,-23.936276460901404,10,15,0.0
1396,-15.342885003144945,11,14,0.0
1397,-12.856072560609345,11,14,0.0
1398,-14.252193540149854,11,14,0.0
1399,-33.77781364597421,9,16,0.0
1400,-14.087352554477231,11,14,0.0
1401,-13.890487118269768,11,14,0.0
1402,-24.418905269224645,10,15,0.0
1403,-35.06944364610044,9,16,0.0
1404,-24.290030265270907,10,15,0.0
1405,-14.669304463819353,11,14,0.0
1406,-14.238571476267493,11,14,0.0
1407,-14.16608198672301,11,14,0.0
1408,-4.875399011661333,12,13,0.0
1409,-4.607164411141579,12,13,0.0
1410,-5.9427626411513055,12,13,0.0
1411,-5.928027447472315,12,13,0.0
1412,-14.663725552923848,11,14,0.0
1413,-5.939360575010624,12,13,0.0
1414,-5.032935237308797,12,13,0.0
1415,-34.690486859022734,9,16,0.0
1416,-14.70403191316479,11,14,0.0
1417,-14.512131404189613,11,14,0.0
1418,-14.132535962638595,11,14,0.0
1419,-24.755915661461152,10,15,0.0
1420,-15.342355136727086,11,14,0.0
1421,-14.709047946259641,11,14,0.0
1422,-25.574810676588474,10,15,0.0
1423,-14.633474749180598,11,14,0.0
1424,-24.774377159464166,10,15,0.0
1425,-34.81820971787393,9,16,0.0
1426,-24.70277124530626,10,15,0.0
1427,-14.704829602242155,11,14,0.0
1428,-4.530663877779801,12,13,0.0
1429,-15.370337921708341,11,14,0.0
1430,-34.97701315686305,9,16,0.0
1431,-4.086862491783577,12,13,0.0
1432,-25.17669931231864,10,15,0.0
1433,-4.1591371817049145,12,13,0.0
1434,-35.25881101543854,9,16,0.0
1435,-24.847069884802295,10,15,0.0
1436,-16.016379229579996,11,14,0.0
1437,-25.083623951768356,10,15,0.0
1438,-14.851905076202154,11,14,0.0
1439,15.366064829933503,14,11,0.0
1440,-14.793024094245041,11,14,0.0
1441,-24.696451684166213,10,15,0.0
1442,5.37198062291084,13,12,0.0
1443,-16.153425240738052,11,14,0.0
1444,-4.717787150918771,12,13,0.0
1445,-14.11411638227531,11,14,0.0
1446,-24.154117566171138,10,15,0.0
1447,-15.706817030020014,11,14,0.0
1448,-14.103602785632962,11,14,0.0
1449,-14.226519179176384,11,14,0.0
1450,-15.421141059477947,11,14,0.0
1451,-14.124576502000844,11,14,0.0
1452,-15.956807735631703,11,14,0.0
1453,-24.8281197044178,10,15,0.0
1454,-14.32714626084676,11,14,0.0
1455,-14.191064740446615,11,14,0.0
1456,5.07091444128754,13,12,0.0
1457,-15.350916838733312,11,14,0.0
1458,-34.15560612496205,9,16,0.0
1459,-24.68410861049138,10,15,0.0
1460,-14.235278254234302,11,14,0.0
1461,-24.608764897866937,10,15,0.0
1462,-24.305355131943887,10,15,0.0
1463,-24.41470619407074,10,15,0.0
1464,-13.901288499223654,11,14,0.0
1465,-4.354741048937773,12,13,0.0
1466,-3.613539826879361,12,13,0.0
1467,-23.235098427612723,10,15,0.0
1468,-24.511353477415096,10,15,0.0
1469,-23.768092309081798,10,15,0.0
1470,-14.080327202604696,11,14,0.0
1471,-14.883978856334828,11,14,0.0
1472,-24.821470894306685,10,15,0.0
1473,-24.20095634717714,10,15,0.0
1474,-14.401935607228632,11,14,0.0
1475,-13.48813553688153,11,14,0.0
1476,-24.816874293263094,10,15,0.0
1477,-4.540679501938516,12,13,0.0
1478,-24.701115533716383,10,15,0.0
1479,-24.3050350979204,10,15,0.0
1480,-23.630250868591204,10,15,0.0
1481,-23.588511248019095,10,15,0.0
1482,-24.211235033723703,10,15,0.0
1483,-24.507525430288595,10,15,0.0
1484,-13.585276330029123,11,14,0.0
1485,-13.490818331939273,11,14,0.0
1486,-14.772642628203522,11,14,0.0
1487,-24.156318928551734,10,15,0.0
1488,-13.47718067344643,11,14,0.0
1489,-22.855681150662573,10,15,0.0
1490,-4.0202932362992705,12,13,0.0
1491,-15.322952370462414,11,14,0.0
1492,-4.0450392978358805,12,13,0.0
1493,-14.18316437303063,11,14,0.0
1494,-25.221323471970496,10,15,0.0
1495,-34.63807880980967,9,16,0.0
1496,-14.473748151959175,11,14,0.0
1497,-15.029868493633876,11,14,0.0
1498,-23.823858135994076,10,15,0.0
1499,-4.578683459899414,12,13,0.0
1500,-4.304266743107302,12,13,0.0
1501,-3.3808239196981162,12,13,0.0
1502,-13.721230877662416,11,14,0.0
1503,-34.17494728010239,9,16,0.0
1504,-24.052225800247633,10,15,0.0
1505,-23.654158647533485,10,15,0.0
1506,-25.25580180944267,10,15,0.0
1507,-12.97397358724283,11,14,0.0
1508,-14.62538690301603,11,14,0.0
1509,-4.538520120634319,12,13,0.0
1510,-14.548141559101074,11,14,0.0
1511,-4.529359526597434,12,13,0.0
1512,-23.882641069701435,10,15,0.0
1513,-14.80912440603839,11,14,0.0
1514,5.260100601311395,13,12,0.0
1515,-4.1226789048551815,12,13,0.0
1516,-25.207846340839925,10,15,0.0
1517,-14.199107483626317,11,14,0.0
1518,-13.507163263305506,11,14,0.0
1519,-23.94802108326744,10,15,0.0
1520,-24.71320490783306,10,15,0.0
1521,-4.0300539848079,12,13,0.0
1522,-23.18120722340096,10,15,0.0
1523,6.060834433680592,13,12,0.0
1524,-24.917538467578865,10,15,0.0
1525,-23.78408424014529,10,15,0.0
1526,-24.590428477626048,10,15,0.0
1527,-13.79164905980764,11,14,0.0
1528,7.256819314290391,13,12,0.0
1529,-14.652101736044834,11,14,0.0
1530,-13.828602894734104,11,14,0.0
1531,-4.248064770993857,12,13,0.0
1532,-4.125476875323469,12,13,0.0
1533,-3.5016617794364358,12,13,0.0
1534,-33.55464767884813,9,16,0.0
1535,-13.909304014836644,11,14,0.0
1536,-15.35978353587894,11,14,0.0
1537,-25.31071096835808,10,15,0.0
1538,-23.953247322344243,10,15,0.0
1539,6.037386669265546,13,12,0.0
1540,-14.808165475612258,11,14,0.0
1541,-3.9092970187807152,12,13,0.0
1542,-24.933659554135268,10,15,0.0
1543,-35.636072003343344,9,16,0.0
1544,-24.404200638362404,10,15,0.0
1545,-4.635861507323526,12,13,0.0
1546,-24.914177696852793,10,15,0.0
1547,15.695567652983364,14,11,0.0
1548,-25.679857403991395,10,15,0.0
1549,-5.437075946943953,12,13,0.0
1550,-14.060197643814838,11,14,0.0
1551,-5.767345689142912,12,13,0.0
1552,-24.75647924249993,10,15,0.0
1553,-15.164710691537,11,14,0.0
1554,-15.703165192842103,11,14,0.0
1555,-24.673418978650787,10,15,0.0
1556,-14.919484078232948,11,14,0.0
1557,-14.992101893572064,11,14,0.0
1558,-15.440064131012928,11,14,0.0
1559,-34.62792193200764,9,16,0.0
1560,-14.934181482960632,11,14,0.0
1561,-5.120579591822526,12,13,0.0
1562,-24.539009522528794,10,15,0.0
1563,-3.9877142514497113,12,13,0.0
1564,-26.035973193110365,10,15,0.0
1565,-24.93267526021483,10,15,0.0
1566,-35.04371068389431,9,16,0.0
1567,4.853910506943377,13,12,0.0
1568,5.509600878161456,13,12,0.0
1569,-4.247646222219881,12,13,0.0
1570,-4.292871540682544,12,13,0.0
1571,-5.473435285104211,12,13,0.0
1572,5.074737974401291,13,12,0.0
1573,-14.900609362029869,11,14,0.0
1574,-16.357864534809647,11,14,0.0
1575,-5.255509108177115,12,13,0.0
1576,-4.411011023168719,12,13,0.0
1577,14.615557590088812,14,11,0.0
1578,-14.611766103682983,11,14,0.0
1579,-25.144688639398815,10,15,0.0
1580,-5.6111928024980555,12,13,0.0
1581,-5.598926643389525,12,13,0.0
1582,-14.244435658032984,11,14,0.0
1583,-5.2715188621728135,12,13,0.0
1584,-14.589270869129214,11,14,0.0
1585,-4.626445260910529,12,13,0.0
1586,-4.167994704606816,12,13,0.0
1587,-4.3561141764222935,12,13,0.0
1588,-14.98872898188924,11,14,0.0
1589,-14.782389632690201,11,14,0.0
1590,-15.671090060617328,11,14,0.0
1591,-15.788236352639897,11,14,0.0
1592,-5.943205950297808,12,13,0.0
1593,-4.458686655287691,12,13,0.0
1594,-25.386386355672418,10,15,0.0
1595,-14.525924073744932,11,14,0.0
1596,-24.292527657394995,10,15,0.0
1597,-14.150958958388646,11,14,0.0
1598,-24.622075716899527,10,15,0.0
1599,5.649081005626304,13,12,0.0
1600,-14.022295833649288,11,14,0.0
1601,-34.58975658079949,9,16,0.0
1602,5.115355656326992,13,12,0.0
1603,-23.873930860046634,10,15,0.0
1604,-4.099586908453688,12,13,0.0
1605,-13.405459964168921,11,14,0.0
1606,-33.97109322793803,9,16,0.0
1607,-13.813543902578333,11,14,0.0
1608,-14.710791058127297,11,14,0.0
1609,-14.789056003440034,11,14,0.0
1610,-14.4074033209658,11,14,0.0
1611,5.755145077382739,13,12,0.0
1612,-14.756936364391,11,14,0.0
1613,4.499414152790983,13,12,0.0
1614,-34.34754314274596,9,16,0.0
1615,3.9128412724470216,13,12,0.0
1616,-24.623287846483414,10,15,0.0
1617,6.105972904906658,13,12,0.0
1618,-15.391209354062184,11,14,0.0
1619,-14.857721258421625,11,14,0.0
1620,-14.618024469780849,11,14,0.0
1621,-5.327311043162213,12,13,0.0
1622,-14.078392194351462,11,14,0.0
1623,-4.488630720782515,12,13,0.0
1624,-4.69299078864406,12,13,0.0
1625,-15.253667056872597,11,14,0.0
1626,4.825075839241913,13,12,0.0
1627,-4.712449911358792,12,13,0.0
1628,-14.574573801262344,11,14,0.0
1629,-4.280858435753899,12,13,0.0
1630,4.632454988952679,13,12,0.0
1631,4.585930181048468,13,12,0.0
1632,-4.107807817467924,12,13,0.0
1633,-14.821447184330435,11,14,0.0
1634,-4.97236430697388,12,13,0.0
1635,-15.055118708616675,11,14,0.0
1636,-15.208278915569341,11,14,0.0
1637,-14.56221031147176,11,14,0.0
1638,-25.971758049784356,10,15,0.0
1639,-4.617935071592198,12,13,0.0
1640,5.175220872181207,13,12,0.0
1641,5.681373529165164,13,12,0.0
1642,-15.134411627365084,11,14,0.0
1643,-3.5642236249637964,12,13,0.0
1644,-5.392541244200414,12,13,0.0
1645,4.982457938192685,13,12,0.0
1646,-4.615579828618438,12,13,0.0
1647,-15.568784836041932,11,14,0.0
1648,-14.236700726093165,11,14,0.0
1649,-25.70159913186616,10,15,0.0
1650,-25.2372859748312,10,15,0.0
1651,-16.137204911185076,11,14,0.0
1652,-14.719415729731596,11,14,0.0
1653,-25.588218632151822,10,15,0.0
1654,-15.467776322788904,11,14,0.0
1655,-4.952143860142262,12,13,0.0
1656,-25.241214093211852,10,15,0.0
1657,-14.168598276133219,11,14,0.0
1658,-15.32485228369486,11,14,0.0
1659,-15.393502654577475,11,14,0.0
1660,-14.439005113624273,11,14,0.0
1661,4.51369803225756,13,12,0.0
1662,5.371756121485495,13,12,0.0
1663,-25.689543372241026,10,15,0.0
1664,-15.652094954247028,11,14,0.0
1665,-14.724156015694648,11,14,0.0
1666,-15.06312974885422,11,14,0.0
1667,-4.883574461218619,12,13,0.0
1668,-15.574213775210989,11,14,0.0
1669,-15.867604183074182,11,14,0.0
1670,-15.18977173688148,11,14,0.0
1671,-5.686814833440507,12,13,0.0
1672,-6.137576685011216,12,13,0.0
1673,-7.069766896436459,12,13,0.0
1674,-15.02489884051594,11,14,0.0
1675,-16.036944543689362,11,14,0.0
1676,-16.050415060855453,11,14,0.0
1677,-24.801568913101868,10,15,0.0
1678,-14.818500556617536,11,14,0.0
1679,-4.293882705846125,12,13,0.0
1680,-15.66292572471746,11,14,0.0
1681,-15.545567309032808,11,14,0.0
1682,-14.053434837246886,11,14,0.0
1683,-15.201690213309496,11,14,0.0
1684,-14.890647119740446,11,14,0.0
1685,-16.05930523749358,11,14,0.0
1686,5.452162541145246,13,12,0.0
1687,-15.010181074625276,11,14,0.0
1688,-24.32004993874082,10,15,0.0
1689,-15.543100560965332,11,14,0.0
1690,-5.003158301561516,12,13,0.0
1691,-36.2677884895797,9,16,0.0
1692,-14.660757639485533,11,14,0.0
1693,-14.621131814082391,11,14,0.0
1694,-24.726596636741785,10,15,0.0
1695,-14.435155227149941,11,14,0.0
1696,-15.485283176790382,11,14,0.0
1697,-15.769351481483707,11,14,0.0
1698,-16.31420510895973,11,14,0.0
1699,-4.80021602717415,12,13,0.0
1700,-24.0513174572787,10,15,0.0
1701,5.404960231385427,13,12,0.0
1702,6.088559150360366,13,12,0.0
1703,5.233942454637692,13,12,0.0
1704,-4.488724136526725,12,13,0.0
1705,-23.889161420408243,10,15,0.0
1706,-14.811570036999669,11,14,0.0
1707,-15.868489905151481,11,14,0.0
1708,-15.261411023705532,11,14,0.0
1709,-5.159181308020664,12,13,0.0
1710,-14.704685565976716,11,14,0.0
1711,-4.954924984426652,12,13,0.0
1712,-13.959906818197972,11,14,0.0
1713,-24.349749158896437,10,15,0.0
1714,-15.403361447115554,11,14,0.0
1715,-5.262259796531941,12,13,0.0
1716,-15.25471618094482,11,14,0.0
1717,-24.777239370232664,10,15,0.0
1718,-15.537464120013407,11,14,0.0
1719,-24.43961184867134,10,15,0.0
1720,-15.704069925423253,11,14,0.0
1721,-4.663139656203391,12,13,0.0
1722,-4.368895482625918,12,13,0.0
1723,-25.557000259591405,10,15,0.0
1724,-5.04836632887803,12,13,0.0
1725,-4.9875792289164345,12,13,0.0
1726,-5.960089427526222,12,13,0.0
1727,-4.529861218761859,12,13,0.0
1728,-5.549577668932102,12,13,0.0
1729,-5.9940192639361225,12,13,0.0
1730,-14.775291945018216,11,14,0.0
1731,5.215059173813787,13,12,0.0
1732,-25.280331569130944,10,15,0.0
1733,-24.348134707519428,10,15,0.0
1734,-5.659414346916443,12,13,0.0
1735,-25.120514300454587,10,15,0.0
1736,-15.109092184575381,11,14,0.0
1737,-15.707029198804022,11,14,0.0
1738,-24.775145104753165,10,15,0.0
1739,-5.748032095400903,12,13,0.0
1740,3.921536053675206,13,12,0.0
1741,-14.965127308563245,11,14,0.0
1742,-14.778819749919329,11,14,0.0
1743,-16.652167376952235,11,14,0.0
1744,14.335413569141352,14,11,0.0
1745,-15.405014323620938,11,14,0.0
1746,-4.8837459829971195,12,13,0.0
1747,-5.237571344218635,12,13,0.0
1748,-26.52422281595404,10,15,0.0
1749,14.011495308266014,14,11,0.0
1750,-5.927405030805369,12,13,0.0
1751,-6.817785352145172,12,13,0.0
1752,-15.138477122455177,11,14,0.0
1753,-15.612800360755989,11,14,0.0
1754,-5.353143118866596,12,13,0.0
1755,3.773183712388798,13,12,0.0
1756,-4.686561774007233,12,13,0.0
1757,-5.860915174741804,12,13,0.0
1758,4.311062855503591,13,12,0.0
1759,-6.121934221018153,12,13,0.0
1760,-4.961205248505314,12,13,0.0
1761,-5.599216908762488,12,13,0.0
1762,-4.688015504438635,12,13,0.0
1763,-15.561768755162475,11,14,0.0
1764,-26.40859758321255,10,15,0.0
1765,-26.393251995718504,10,15,0.0
1766,-5.020563193182271,12,13,0.0
1767,-5.765206928153713,12,13,0.0
1768,-15.238110474401704,11,14,0.0
1769,-5.303873587087933,12,13,0.0
1770,-35.374660962135984,9,16,0.0
1771,-6.585982414362705,12,13,0.0
1772,-24.87084674527493,10,15,0.0
1773,-5.110212402474222,12,13,0.0
1774,-6.328000132346707,12,13,0.0
1775,-25.10266655569395,10,15,0.0
1776,-24.823774713958308,10,15,0.0
1777,-4.478776747445401,12,13,0.0
1778,-5.27664929894911,12,13,0.0
1779,-26.19811857406529,10,15,0.0
1780,-5.531000708946983,12,13,0.0
1781,-25.973227694692454,10,15,0.0
1782,-15.97287608361561,11,14,0.0
1783,-5.668926011702403,12,13,0.0
1784,-5.810948958163168,12,13,0.0
1785,-4.688838942972938,12,13,0.0
1786,13.837249474254776,14,11,0.0
1787,5.5251755009117645,13,12,0.0
1788,4.531493257353979,13,12,0.0
1789,-15.597312471065065,11,14,0.0
1790,-15.292822858991624,11,14,0.0
1791,-5.858175797442745,12,13,0.0
1792,-16.635933702671537,11,14,0.0
1793,4.7506338739270815,13,12,0.0
1794,-5.709210823216377,12,13,0.0
1795,-7.556960298477641,12,13,0.0
1796,-5.787246507001566,12,13,0.0
1797,-14.973916943584875,11,14,0.0
1798,-6.023712510251354,12,13,0.0
1799,4.241796723780579,13,12,0.0
1800,-16.770251708884235,11,14,0.0
1801,-16.621254713235924,11,14,0.0
1802,-5.255919326835873,12,13,0.0
1803,-5.586288936974377,12,13,0.0
1804,4.2438913568132435,13,12,0.0
1805,3.6242850957669592,13,12,0.0
1806,3.3277973623811423,13,12,0.0
1807,-4.3250621274708685,12,13,0.0
1808,4.810332517705433,13,12,0.0
1809,-25.963615167746447,10,15,0.0
1810,-25.11441051386835,10,15,0.0
1811,13.850690328662461,14,11,0.0
1812,-16.459130660283794,11,14,0.0
1813,-5.177630411732829,12,13,0.0
1814,-4.8820797055151886,12,13,0.0
1815,-5.021023855910476,12,13,0.0
1816,-35.80400225893348,9,16,0.0
1817,4.478455314812886,13,12,0.0
1818,4.8830061189860965,13,12,0.0
1819,4.271759426865378,13,12,0.0
1820,-15.363335450644133,11,14,0.0
1821,-5.83628146523903,12,13,0.0
1822,-14.77621203315876,11,14,0.0
1823,-5.299686849163558,12,13,0.0
1824,-15.12224315787621,11,14,0.0
1825,-15.215408657665785,11,14,0.0
1826,-15.062831798868118,11,14,0.0
1827,-5.344393096409215,12,13,0.0
1828,-6.031529117080549,12,13,0.0
1829,-15.70012220338126,11,14,0.0
1830,-5.098010265371752,12,13,0.0
1831,3.459810995983185,13,12,0.0
1832,-14.532109279336591,11,14,0.0
1833,-14.344734973800533,11,14,0.0
1834,-24.683559622881805,10,15,0.0
1835,-5.38038920007455,12,13,0.0
1836,-35.199720937239846,9,16,0.0
1837,-5.7044607128382605,12,13,0.0
1838,14.521368679415922,14,11,0.0
1839,4.2707950605230725,13,12,0.0
1840,-15.532797743039687,11,14,0.0
1841,-5.739428161448458,12,13,0.0
1842,14.745197307345684,14,11,0.0
1843,-26.17055276863077,10,15,0.0
1844,-5.540272960484382,12,13,0.0
1845,14.014386409669552,14,11,0.0
1846,-4.641062448277575,12,13,0.0
1847,-6.049728875405513,12,13,0.0
1848,-25.635446576929994,10,15,0.0
1849,3.862857335505751,13,12,0.0
1850,-5.280718390624749,12,13,0.0
1851,-15.458509265984144,11,14,0.0
1852,-14.820510060268305,11,14,0.0
1853,-5.446319140268568,12,13,0.0
1854,-5.823063500388534,12,13,0.0
1855,-25.12217856874211,10,15,0.0
1856,-16.920309739317446,11,14,0.0
1857,4.489704266044267,13,12,0.0
1858,-6.218823367310176,12,13,0.0
1859,4.551195364625508,13,12,0.0
1860,-15.273938653725473,11,14,0.0
1861,-5.29563183634524,12,13,0.0
1862,3.1291961966255366,13,12,0.0
1863,-16.554949325219663,11,14,0.0
1864,-16.530786796706636,11,14,0.0
1865,-5.349485982600099,12,13,0.0
1866,-15.949729431372223,11,14,0.0
1867,24.52545115173362,15,10,0.0
1868,-26.125386809661194,10,15,0.0
1869,23.606836546278497,15,10,0.0
1870,-5.180032648160578,12,13,0.0
1871,13.98901901993858,14,11,0.0
1872,-5.877474049023029,12,13,0.0
1873,5.386224927945405,13,12,0.0
1874,4.597405085076328,13,12,0.0
1875,13.912519896794638,14,11,0.0
1876,-7.263343314663898,12,13,0.0
1877,-46.385838651355385,8,17,0.0
1878,-16.366315375122156,11,14,0.0
1879,3.4705937691919555,13,12,0.0
1880,3.8899914880405504,13,12,0.0
1881,-5.277566644658252,12,13,0.0
1882,3.7605594970207363,13,12,0.0
1883,-15.87032804313796,11,14,0.0
1884,24.14655495424694,15,10,0.0
1885,-17.0709965365414,11,14,0.0
1886,4.19728057843943,13,12,0.0
1887,-7.768707046316683,12,13,0.0
1888,2.448714223841849,13,12,0.0
1889,3.3674591773159204,13,12,0.0
1890,-16.84881093276647,11,14,0.0
1891,-6.435048575363041,12,13,0.0
1892,3.4564208698743464,13,12,0.0
1893,-6.043498754922741,12,13,0.0
1894,4.044098047817357,13,12,0.0
1895,3.7931370120477155,13,12,0.0
1896,-15.550237319077391,11,14,0.0
1897,-6.074459625316197,12,13,0.0
1898,-35.78192593586792,9,16,0.0
1899,3.7546150413435964,13,12,0.0
1900,-6.552051267103704,12,13,0.0
1901,-26.010210735227858,10,15,0.0
1902,-15.982158915476898,11,14,0.0
1903,-6.375420880147928,12,13,0.0
1904,-6.091582584905756,12,13,0.0
1905,-6.311149444858929,12,13,0.0
1906,14.681981214968726,14,11,0.0
1907,-16.472700462858512,11,14,0.0
1908,4.791496703372216,13,12,0.0
1909,-6.295103904783589,12,13,0.0
1910,15.216609931442363,14,11,0.0
1911,-5.751073398132683,12,13,0.0
1912,-5.464746126829755,12,13,0.0
1913,-15.717862226726737,11,14,0.0
1914,13.531321477816261,14,11,0.0
1915,-5.553723227799973,12,13,0.0
1916,-15.548426016185342,11,14,0.0
1917,-14.690525430809071,11,14,0.0
1918,-5.195577140722061,12,13,0.0
1919,-5.157915245971765,12,13,0.0
1920,-15.132809769455363,11,14,0.0
1921,-5.9631229328296325,12,13,0.0
1922,4.451744130836006,13,12,0.0
1923,-15.563510727701331,11,14,0.0
1924,-7.115818383801223,12,13,0.0
1925,3.613988817497259,13,12,0.0
1926,-15.57335885726734,11,14,0.0
1927,-15.30165463466453,11,14,0.0
1928,-6.233544161108431,12,13,0.0
1929,4.200720057740417,13,12,0.0
1930,-6.7437529780219805,12,13,0.0
1931,13.58178947785967,14,11,0.0
1932,-5.274483648690447,12,13,0.0
1933,-4.738968268869871,12,13,0.0
1934,-16.02139640469035,11,14,0.0
1935,-5.27721819490597,12,13,0.0
1936,-25.61413282536287,10,15,0.0
1937,-16.159070347570367,11,14,0.0
1938,15.315133146446826,14,11,0.0
1939,4.59680337383231,13,12,0.0
1940,-15.18433128972627,11,14,0.0
1941,-5.155165431342442,12,13,0.0
1942,-4.391337717859227,12,13,0.0
1943,-5.084569752255725,12,13,0.0
1944,-4.614621620525978,12,13,0.0
1945,-15.751347635711838,11,14,0.0
1946,-15.037938726869143,11,14,0.0
1947,-15.113260897675872,11,14,0.0
1948,-4.743198264964018,12,13,0.0
1949,-25.198273557360455,10,15,0.0
1950,-26.22016398713248,10,15,0.0
1951,-5.462023217641844,12,13,0.0
1952,-15.229996695251241,11,14,0.0
1953,-15.169070715552309,11,14,0.0
1954,-5.619943757617102,12,13,0.0
1955,5.99603436955477,13,12,0.0
1956,5.053468512929213,13,12,0.0
1957,4.179871856918847,13,12,0.0
1958,-26.041132266556893,10,15,0.0
1959,-5.3109673011705665,12,13,0.0
1960,-5.399883903089414,12,13,0.0
1961,-6.061004775405374,12,13,0.0
1962,-6.134381654462606,12,13,0.0
1963,-14.930158291369226,11,14,0.0
1964,-25.756030978644624,10,15,0.0
1965,-25.912018616663637,10,15,0.0
1966,-16.978023895381092,11,14,0.0
1967,-14.749908775050095,11,14,0.0
1968,-25.97073585767508,10,15,0.0
1969,-16.090673624108728,11,14,0.0
1970,-35.57905975782104,9,16,0.0
1971,4.288518654678519,13,12,0.0
1972,-15.721448351892967,11,14,0.0
1973,-14.881354976106074,11,14,0.0
1974,-16.105954947690186,11,14,0.0
1975,-24.983819142828267,10,15,0.0
1976,-6.930798958140092,12,13,0.0
1977,-17.048951427636684,11,14,0.0
1978,4.039730198472169,13,12,0.0
1979,-16.187429427768404,11,14,0.0
1980,-15.859993593147113,11,14,0.0
1981,-25.748190802452754,10,15,0.0
1982,-16.087024401810208,11,14,0.0
1983,-26.22266740367465,10,15,0.0
1984,-15.416135980478089,11,14,0.0
1985,-5.988754501750709,12,13,0.0
1986,-36.05425367616301,9,16,0.0
1987,-25.71677638565689,10,15,0.0
1988,-4.96483669216618,12,13,0.0
1989,4.938979958305955,13,12,0.0
1990,-26.346757855655756,10,15,0.0
1991,-6.2613589788183805,12,13,0.0
1992,-26.05256440167507,10,15,0.0
1993,-25.796013167864558,10,15,0.0
1994,-25.136897850015956,10,15,0.0
1995,-5.68398983565606,12,13,0.0
1996,-34.406201959996764,9,16,0.0
1997,-26.138058136036754,10,15,0.0
1998,-14.840462254282373,11,14,0.0
1999,-14.664862091465238,11,14,0.0
2000,-15.089450462275307,11,14,0.0
2001,-14.702241370203827,11,14,0.0
2002,-4.8163847291113004,12,13,0.0
2003,-15.271865475631689,11,14,0.0
2004,-15.468503701265082,11,14,0.0
2005,-4.541537729192786,12,13,0.0
2006,4.766547929459165,13,12,0.0
2007,-14.760292174285293,11,14,0.0
2008,-5.458259821054136,12,13,0.0
2009,-14.751574097875515,11,14,0.0
2010,-15.850164054238356,11,14,0.0
2011,-24.850641908187683,10,15,0.0
2012,-14.605682784911474,11,14,0.0
2013,-5.250624313716735,12,13,0.0
2014,-5.361506699299491,12,13,0.0
2015,-45.023848827662164,8,17,0.0
2016,-5.830035566775287,12,13,0.0
2017,-25.59079624221998,10,15,0.0
2018,-15.76159696703172,11,14,0.0
2019,-15.612917448019143,11,14,0.0
2020,-4.1407198600517425,12,13,0.0
2021,-15.101414439178257,11,14,0.0
2022,-15.43957183678302,11,14,0.0
2023,-5.522993150735042,12,13,0.0
2024,-4.735240529289467,12,13,0.0
2025,-25.472313870535245,10,15,0.0
2026,4.5097174348133535,13,12,0.0
2027,-4.3970956577854095,12,13,0.0
2028,-14.942087885858006,11,14,0.0
2029,-14.418404951174466,11,14,0.0
2030,-4.888508710854289,12,13,0.0
2031,-25.237620376387,10,15,0.0
2032,-13.93262039546361,11,14,0.0
2033,-4.358432130068822,12,13,0.0
2034,-15.459113786240358,11,14,0.0
2035,-14.665999468628485,11,14,0.0
2036,-4.760604384924664,12,13,0.0
2037,-5.254730778947943,12,13,0.0
2038,-24.376580136461282,10,15,0.0
2039,-4.7993643275463125,12,13,0.0
2040,5.458477739672595,13,12,0.0
2041,-25.450007251725353,10,15,0.0
2042,-5.191091937801152,12,13,0.0
2043,-4.8198015156438405,12,13,0.0
2044,15.72251341649225,14,11,0.0
2045,6.158463728864728,13,12,0.0
2046,-15.005942022317964,11,14,0.0
2047,-5.15209259494724,12,13,0.0
2048,-13.922848469088477,11,14,0.0
2049,-14.78998371938971,11,14,0.0
2050,-15.299373744664324,11,14,0.0
2051,-14.633950392488714,11,14,0.0
2052,5.728335257891338,13,12,0.0
2053,-14.782133105845267,11,14,0.0
2054,-4.703238443908736,12,13,0.0
2055,5.814598477116338,13,12,0.0
2056,-3.7404777205034474,12,13,0.0
2057,15.521193566924127,14,11,0.0
2058,14.118429567907715,14,11,0.0
2059,-14.494386524945462,11,14,0.0
2060,-4.84550088767774,12,13,0.0
2061,-4.1096180634404895,12,13,0.0
2062,15.434676196097064,14,11,0.0
2063,5.551385351902709,13,12,0.0
2064,-14.596566809164866,11,14,0.0
2065,-4.654542217600699,12,13,0.0
2066,5.502049018708716,13,12,0.0
2067,5.8539256950906235,13,12,0.0
2068,14.985896415760054,14,11,0.0
2069,-4.983149999782542,12,13,0.0
2070,-34.76323851901469,9,16,0.0
2071,-5.5196537427519345,12,13,0.0
2072,-5.3347718358623215,12,13,0.0
2073,-4.8031146520501835,12,13,0.0
2074,4.85898509473135,13,12,0.0
2075,-4.499363952914698,12,13,0.0
2076,14.04757129945213,14,11,0.0
2077,4.382876894948593,13,12,0.0
2078,4.510953639955115,13,12,0.0
2079,4.703779945126149,13,12,0.0
2080,5.470583517061966,13,12,0.0
2081,5.7417257188314785,13,12,0.0
2082,-24.85904060398565,10,15,0.0
2083,5.042679531411604,13,12,0.0
2084,6.091432447005719,13,12,0.0
2085,-3.6828189430013856,12,13,0.0
2086,-24.898658089945357,10,15,0.0
2087,5.187696054292815,13,12,0.0
2088,-5.350290464729366,12,13,0.0
2089,-5.0771503920312,12,13,0.0
2090,5.260976116588552,13,12,0.0
2091,-5.005894567985219,12,13,0.0
2092,15.055700904730083,14,11,0.0
2093,4.557179579769047,13,12,0.0
2094,-4.003592757773888,12,13,0.0
2095,5.751916603074539,13,12,0.0
2096,-5.551956691235765,12,13,0.0
2097,-15.949342134325587,11,14,0.0
2098,4.94703846890493,13,12,0.0
2099,-4.570715609602996,12,13,0.0
2100,4.411870606868455,13,12,0.0
2101,-24.58436759532094,10,15,0.0
2102,-14.676912190904831,11,14,0.0
2103,-24.249395786928698,10,15,0.0
2104,4.358926524205451,13,12,0.0
2105,-6.211967879744116,12,13,0.0
2106,-6.457714162627146,12,13,0.0
2107,14.825410032444914,14,11,0.0
2108,-5.280852838088195,12,13,0.0
2109,-5.036263014089284,12,13,0.0
2110,6.113475332512671,13,12,0.0
2111,15.400351350393107,14,11,0.0
2112,-5.310135789548933,12,13,0.0
2113,-14.718759072336907,11,14,0.0
2114,-13.933991324930217,11,14,0.0
2115,-14.327049766616632,11,14,0.0
2116,-14.78816323439951,11,14,0.0
2117,-14.451071662779219,11,14,0.0
2118,-4.412215293182896,12,13,0.0
2119,-15.229541227131422,11,14,0.0
2120,-3.7176009882714744,12,13,0.0
2121,4.952430177899615,13,12,0.0
2122,-4.5773273214764885,12,13,0.0
2123,-4.664518486645249,12,13,0.0
2124,-4.231232970401557,12,13,0.0
2125,-14.207922744067583,11,14,0.0
2126,6.421883507994698,13,12,0.0
2127,-14.081398353238093,11,14,0.0
2128,-14.939820273025488,11,14,0.0
2129,-5.437470399551476,12,13,0.0
2130,-33.820432522526716,9,16,0.0
2131,-4.381642916376749,12,13,0.0
2132,5.1682689732999885,13,12,0.0
2133,-5.1542391388389435,12,13,0.0
2134,-13.456589390870349,11,14,0.0
2135,-24.17016534291924,10,15,0.0
2136,-14.147371290169819,11,14,0.0
2137,-15.114228503329901,11,14,0.0
2138,6.206774533522388,13,12,0.0
2139,-13.963211212463307,11,14,0.0
2140,-4.4629179259598315,12,13,0.0
2141,6.068037973303072,13,12,0.0
2142,-14.636081933067965,11,14,0.0
2143,-14.961865005824663,11,14,0.0
2144,-13.834671695030071,11,14,0.0
2145,-5.305550392327955,12,13,0.0
2146,-15.869965501849448,11,14,0.0
2147,-23.75459032644352,10,15,0.0
2148,-24.20759219772051,10,15,0.0
2149,-33.577728128787584,9,16,0.0
2150,-5.107137011654024,12,13,0.0
2151,-14.308129252485307,11,14,0.0
2152,-24.144213003832856,10,15,0.0
2153,-14.434892264593424,11,14,0.0
2154,-5.069573451549082,12,13,0.0
2155,-4.107405874326876,12,13,0.0
2156,-15.083339733366138,11,14,0.0
2157,-24.032343233045882,10,15,0.0
2158,-13.56602449623608,11,14,0.0
2159,-14.146682528367485,11,14,0.0
2160,-4.868340745968904,12,13,0.0
2161,-13.867325554008932,11,14,0.0
2162,-14.379647357840708,11,14,0.0
2163,-24.549948325589927,10,15,0.0
2164,-14.569358592412545,11,14,0.0
2165,-14.753369052606827,11,14,0.0
2166,4.7602403998983505,13,12,0.0
2167,-14.882774543651529,11,14,0.0
2168,4.683720365662182,13,12,0.0
2169,-4.466165679065358,12,13,0.0
2170,-24.397574971438836,10,15,0.0
2171,-14.318895983311782,11,14,0.0
2172,-4.181760611351589,12,13,0.0
2173,6.5175611116386385,13,12,0.0
2174,6.18960711982367,13,12,0.0
2175,-5.251290434569969,12,13,0.0
2176,-4.584404517170473,12,13,0.0
2177,-4.672943172456941,12,13,0.0
2178,5.285196775285595,13,12,0.0
2179,16.03742344139722,14,11,0.0
2180,5.0520395772901345,13,12,0.0
2181,-14.179146579832793,11,14,0.0
2182,-4.253107145878706,12,13,0.0
2183,-4.129030644679787,12,13,0.0
2184,14.825224784961717,14,11,0.0
2185,5.6532030685231405,13,12,0.0
2186,-14.365361402558671,11,14,0.0
2187,5.465058965017647,13,12,0.0
2188,-15.068985655311362,11,14,0.0
2189,-3.715917552382038,12,13,0.0
2190,-14.09263042103549,11,14,0.0
2191,-4.379949441634525,12,13,0.0
2192,-4.748992985073347,12,13,0.0
2193,-3.429823085128434,12,13,0.0
2194,-5.070275204993128,12,13,0.0
2195,-14.564049980886178,11,14,0.0
2196,-4.561777264331511,12,13,0.0
2197,-14.416172920877472,11,14,0.0
2198,5.127769369539848,13,12,0.0
2199,-22.860033948472797,10,15,0.0
2200,-24.495432728065374,10,15,0.0
2201,-25.107964843219108,10,15,0.0
2202,-14.362240296638959,11,14,0.0
2203,-14.145466009459145,11,14,0.0
2204,5.6201944545100115,13,12,0.0
2205,-4.795042983905622,12,13,0.0
2206,-13.923600732816622,11,14,0.0
2207,-4.35922084169075,12,13,0.0
2208,-4.599915903463803,12,13,0.0
2209,-5.08142418961498,12,13,0.0
2210,-4.221380378042221,12,13,0.0
2211,-13.965230115999098,11,14,0.0
2212,-6.268563018575522,12,13,0.0
2213,-5.385854299122204,12,13,0.0
2214,-14.9008357992837,11,14,0.0
2215,-3.822818846352317,12,13,0.0
2216,15.723689147680862,14,11,0.0
2217,-24.949644956793286,10,15,0.0
2218,-25.44177139394589,10,15,0.0
2219,-3.8443683776318416,12,13,0.0
2220,-4.1541757456604955,12,13,0.0
2221,-13.698118563430949,11,14,0.0
2222,-13.882547235152312,11,14,0.0
2223,-3.8087504845833893,12,13,0.0
2224,-4.306336292299182,12,13,0.0
2225,6.210317526478012,13,12,0.0
2226,-3.740263756262877,12,13,0.0
2227,5.9802430137545475,13,12,0.0
2228,-4.342338048364674,12,13,0.0
2229,15.484112316254942,14,11,0.0
2230,-4.111769586992132,12,13,0.0
2231,-4.1757720472914315,12,13,0.0
2232,-3.983220805757057,12,13,0.0
2233,-3.8272244268587823,12,13,0.0
2234,-3.486744462617894,12,13,0.0
2235,4.905463678450797,13,12,0.0
2236,5.73033315175593,13,12,0.0
2237,5.564513215243724,13,12,0.0
2238,15.897933408900967,14,11,0.0
2239,5.760935295976707,13,12,0.0
2240,4.846077515114393,13,12,0.0
2241,-5.511955990474427,12,13,0.0
2242,-14.063524416183293,11,14,0.0
2243,16.68225950175223,14,11,0.0
2244,-3.915481493217783,12,13,0.0
2245,5.683261346220682,13,12,0.0
2246,-3.2437604884932876,12,13,0.0
2247,-4.069610817928348,12,13,0.0
2248,5.9817794106224795,13,12,0.0
2249,5.948344492914595,13,12,0.0
2250,-4.909406501101181,12,13,0.0
2251,5.880987487065671,13,12,0.0
2252,-3.8465547286027806,12,13,0.0
2253,6.0760040386699,13,12,0.0
2254,-3.512353789083879,12,13,0.0
2255,6.488759583301432,13,12,0.0
2256,16.886169434819195,14,11,0.0
2257,-4.271211321791466,12,13,0.0
2258,-4.612956345659991,12,13,0.0
2259,5.592864269541323,13,12,0.0
2260,-3.762089762953091,12,13,0.0
2261,-4.684797491637194,12,13,0.0
2262,-15.18682095967781,11,14,0.0
2263,5.832864634186336,13,12,0.0
2264,4.4991158093788925,13,12,0.0
2265,-4.5168734314347585,12,13,0.0
2266,5.2369676769738085,13,12,0.0
2267,6.063638618073078,13,12,0.0
2268,-4.9551847074181,12,13,0.0
2269,5.453820713763818,13,12,0.0
2270,14.539001021878155,14,11,0.0
2271,14.72595138282325,14,11,0.0
2272,5.678690379525698,13,12,0.0
2273,24.594979939768884,15,10,0.0
2274,-3.3380346141653936,12,13,0.0
2275,15.217579792477798,14,11,0.0
2276,5.052484880335619,13,12,0.0
2277,3.874172376209863,13,12,0.0
2278,25.4928131946496,15,10,0.0
2279,-5.602537626079846,12,13,0.0
2280,5.306291628709989,13,12,0.0
2281,5.325814717724528,13,12,0.0
2282,4.6041628947111395,13,12,0.0
2283,4.775898342288274,13,12,0.0
2284,4.981357975534216,13,12,0.0
2285,15.387798445775992,14,11,0.0
2286,15.259057825444751,14,11,0.0
2287,6.124208020760762,13,12,0.0
2288,-5.029148311418149,12,13,0.0
2289,-5.422028355376392,12,13,0.0
2290,-5.291772369383457,12,13,0.0
2291,15.797878665569009,14,11,0.0
2292,14.903301864943796,14,11,0.0
2293,14.84406808106754,14,11,0.0
2294,24.267664589128913,15,10,0.0
2295,5.042226880806275,13,12,0.0
2296,15.000172229930541,14,11,0.0
2297,14.791620235756914,14,11,0.0
2298,15.32749128048948,14,11,0.0
2299,-15.277674379649564,11,14,0.0
2300,-4.425383000911149,12,13,0.0
2301,-4.586209661192397,12,13,0.0
2302,14.91816256299815,14,11,0.0
2303,15.014224014986503,14,11,0.0
2304,15.041620903937805,14,11,0.0
2305,4.6430399204998825,13,12,0.0
2306,15.598717746068523,14,11,0.0
2307,-4.789956522215222,12,13,0.0
2308,-6.126080777150311,12,13,0.0
2309,5.222673013860019,13,12,0.0
2310,14.753077594562384,14,11,0.0
2311,15.758425721601164,14,11,0.0
2312,24.659120931546624,15,10,0.0
2313,4.783181108345602,13,12,0.0
2314,6.112975167002729,13,12,0.0
2315,5.322193756361415,13,12,0.0
2316,-14.66795981637089,11,14,0.0
2317,-15.171355466094976,11,14,0.0
2318,14.898979297724633,14,11,0.0
2319,5.894256623832225,13,12,0.0
2320,5.851740570132674,13,12,0.0
2321,6.208293579449639,13,12,0.0
2322,-15.317237692633473,11,14,0.0
2323,25.49172808737405,15,10,0.0
2324,15.665836780452167,14,11,0.0
2325,5.158201696854345,13,12,0.0
2326,-15.132397089992518,11,14,0.0
2327,4.98902718720775,13,12,0.0
2328,5.342313243645698,13,12,0.0
2329,-4.9119708526494446,12,13,0.0
2330,14.476885183247617,14,11,0.0
2331,4.891149886425083,13,12,0.0
2332,4.791573799618291,13,12,0.0
2333,4.373126326607629,13,12,0.0
2334,-15.347269997591479,11,14,0.0
2335,25.93101227962263,15,10,0.0
2336,5.095319875621497,13,12,0.0
2337,16.012459245520493,14,11,0.0
2338,-4.939970778758745,12,13,0.0
2339,-5.119567323982282,12,13,0.0
2340,5.236135533302978,13,12,0.0
2341,5.236960044269555,13,12,0.0
2342,5.2951084239447646,13,12,0.0
2343,4.834833651038287,13,12,0.0
2344,15.708730110076019,14,11,0.0
2345,5.0353767399660985,13,12,0.0
2346,24.676204101450878,15,10,0.0
2347,4.911321468081152,13,12,0.0
2348,5.384148933963939,13,12,0.0
2349,14.037687775073609,14,11,0.0
2350,-5.652813541624667,12,13,0.0
2351,14.522553449111767,14,11,0.0
2352,-4.610753036102793,12,13,0.0
2353,14.932674136649348,14,11,0.0
2354,5.138781522361899,13,12,0.0
2355,-3.881644343964707,12,13,0.0
2356,5.199647894522748,13,12,0.0
2357,-3.5455847273855063,12,13,0.0
2358,-14.678891689468664,11,14,0.0
2359,-4.259906849398547,12,13,0.0
2360,4.779483519264521,13,12,0.0
2361,-5.3868605770123175,12,13,0.0
2362,-4.262584417002843,12,13,0.0
2363,6.231933157128904,13,12,0.0
2364,5.740868353023833,13,12,0.0
2365,5.265998953447886,13,12,0.0
2366,-13.492397853030244,11,14,0.0
2367,5.827829366935758,13,12,0.0
2368,6.194012603911506,13,12,0.0
2369,-3.4773334850248343,12,13,0.0
2370,-3.6347955587700076,12,13,0.0
2371,-4.0898662808988,12,13,0.0
2372,5.578334412169898,13,12,0.0
2373,-15.387649933340388,11,14,0.0
2374,5.317938828654608,13,12,0.0
2375,-13.704315703879786,11,14,0.0
2376,5.483392087555313,13,12,0.0
2377,6.2175273314139154,13,12,0.0
2378,-14.364289612871701,11,14,0.0
2379,-3.868967998635256,12,13,0.0
2380,-13.339381212058488,11,14,0.0
2381,-3.6750672429389795,12,13,0.0
2382,-4.581068847695001,12,13,0.0
2383,5.153743132801649,13,12,0.0
2384,4.759833930302538,13,12,0.0
2385,-3.917372838198694,12,13,0.0
2386,-4.787410664568954,12,13,0.0
2387,-15.000768794189238,11,14,0.0
2388,5.291150899793316,13,12,0.0
2389,-24.494089360709165,10,15,0.0
2390,15.969455327009332,14,11,0.0
2391,4.530273485736584,13,12,0.0
2392,25.37525937088535,15,10,0.0
2393,-24.89863941777731,10,15,0.0
2394,-13.731866979533736,11,14,0.0
2395,15.750220845471066,14,11,0.0
2396,4.560828520017738,13,12,0.0
2397,5.08078503805203,13,12,0.0
2398,-14.439011866462032,11,14,0.0
2399,5.345334438026718,13,12,0.0
2400,4.782244634299552,13,12,0.0
2401,-4.452455454822126,12,13,0.0
2402,4.670009764544947,13,12,0.0
2403,-5.254180305026961,12,13,0.0
2404,-16.00094456283207,11,14,0.0
2405,4.731328733881446,13,12,0.0
2406,14.086606829776173,14,11,0.0
2407,4.59124875615052,13,12,0.0
2408,4.191664835248094,13,12,0.0
2409,-24.10305341317091,10,15,0.0
2410,-5.995714837639074,12,13,0.0
2411,5.015906719206512,13,12,0.0
2412,-4.197230379282492,12,13,0.0
2413,-4.960911381946599,12,13,0.0
2414,5.973214623715901,13,12,0.0
2415,13.933385120799278,14,11,0.0
2416,4.960665498556114,13,12,0.0
2417,-4.866798144539871,12,13,0.0
2418,-5.085277660167136,12,13,0.0
2419,-5.362703010750009,12,13,0.0
2420,4.762243805527081,13,12,0.0
2421,4.619291326546625,13,12,0.0
2422,14.92920694900296,14,11,0.0
2423,-5.372923283308335,12,13,0.0
2424,-14.29520535984393,11,14,0.0
2425,5.814855152519744,13,12,0.0
2426,-4.649819380138373,12,13,0.0
2427,-15.342326535768137,11,14,0.0
2428,14.315656479037093,14,11,0.0
2429,14.87320017751094,14,11,0.0
2430,5.3187298561301715,13,12,0.0
2431,-4.233814736036313,12,13,0.0
2432,4.501424278144441,13,12,0.0
2433,-5.732051674793247,12,13,0.0
2434,15.14032785452004,14,11,0.0
2435,13.86679952235037,14,11,0.0
2436,-4.645124823148864,12,13,0.0
2437,4.500995013245564,13,12,0.0
2438,5.306550741580994,13,12,0.0
2439,-4.733579860574358,12,13,0.0
2440,4.590692769041538,13,12,0.0
2441,-6.319759013422976,12,13,0.0
2442,4.9264839337231034,13,12,0.0
2443,5.188386962588334,13,12,0.0
2444,-14.589448473992977,11,14,0.0
2445,14.158016684750297,14,11,0.0
2446,-6.397570724046146,12,13,0.0
2447,15.079125170786346,14,11,0.0
2448,4.7407920649105915,13,12,0.0
2449,-4.7703575630888,12,13,0.0
2450,-14.719574980697182,11,14,0.0
2451,4.975953949780129,13,12,0.0
2452,15.246978845564737,14,11,0.0
2453,-5.38454064021256,12,13,0.0
2454,14.428584439542817,14,11,0.0
2455,5.120569592575144,13,12,0.0
2456,3.6329330201989176,13,12,0.0
2457,15.62309096998413,14,11,0.0
2458,-4.661800980911102,12,13,0.0
2459,-5.217218251433911,12,13,0.0
2460,-15.430399895541068,11,14,0.0
2461,5.701999456040747,13,12,0.0
2462,4.665206840940494,13,12,0.0
2463,14.463100627150414,14,11,0.0
2464,4.901161461206533,13,12,0.0
2465,4.748654306915272,13,12,0.0
2466,14.324840760448238,14,11,0.0
2467,14.167988354923239,14,11,0.0
2468,-14.492769270967736,11,14,0.0
2469,-4.576442585833044,12,13,0.0
2470,14.294203889043953,14,11,0.0
2471,4.858142997463249,13,12,0.0
2472,14.671939057437624,14,11,0.0
2473,3.805519863557894,13,12,0.0
2474,15.330116845031842,14,11,0.0
2475,5.096974325235831,13,12,0.0
2476,5.046348489989651,13,12,0.0
2477,13.937252485161357,14,11,0.0
2478,5.602599597700978,13,12,0.0
2479,4.747074779173207,13,12,0.0
2480,-5.500958153736654,12,13,0.0
2481,4.8847819847611955,13,12,0.0
2482,4.516529983127266,13,12,0.0
2483,14.558326742350948,14,11,0.0
2484,14.684605091897296,14,11,0.0
2485,-5.328321318237356,12,13,0.0
2486,5.191865796011185,13,12,0.0
2487,4.150682845423447,13,12,0.0
2488,-6.234942495458123,12,13,0.0
2489,-5.763353314691398,12,13,0.0
2490,13.742290577834776,14,11,0.0
2491,5.210827618666833,13,12,0.0
2492,-14.395709730010632,11,14,0.0
2493,13.797527774690167,14,11,0.0
2494,4.436532015576361,13,12,0.0
2495,13.4976766349551,14,11,0.0
2496,14.570932899286582,14,11,0.0
2497,-5.627118541000651,12,13,0.0
2498,2.8389544572699332,13,12,0.0
2499,-5.628624100282431,12,13,0.0
2500,3.78047130686946,13,12,0.0
2501,14.031982606602737,14,11,0.0
2502,3.5540271772099246,13,12,0.0
2503,-6.448531952522632,12,13,0.0
2504,5.440632780133109,13,12,0.0
2505,-5.495768611654686,12,13,0.0
2506,3.4526780011971265,13,12,0.0
2507,14.24246967974501,14,11,0.0
2508,-5.813947588045679,12,13,0.0
2509,14.677711019583315,14,11,0.0
2510,4.158884047239016,13,12,0.0
2511,-6.364471391803185,12,13,0.0
2512,-5.784866745957664,12,13,0.0
2513,-5.065281048757244,12,13,0.0
2514,4.534245245789108,13,12,0.0
2515,4.554258315391416,13,12,0.0
2516,-6.143792308852639,12,13,0.0
2517,14.163658050878919,14,11,0.0
2518,-16.225916524712993,11,14,0.0
2519,14.945054886788187,14,11,0.0
2520,4.088141700488968,13,12,0.0
2521,-5.064546242631339,12,13,0.0
2522,4.4697698459346125,13,12,0.0
2523,4.976739325109398,13,12,0.0
2524,-15.772865544299716,11,14,0.0
2525,-14.5514011953931,11,14,0.0
2526,-15.412425427170561,11,14,0.0
2527,-5.286322511979943,12,13,0.0
2528,3.6074694944396413,13,12,0.0
2529,-4.8418379289826685,12,13,0.0
2530,-6.34542830691865,12,13,0.0
2531,5.386528669634895,13,12,0.0
2532,-5.540812000419745,12,13,0.0
2533,4.600669375079689,13,12,0.0
2534,-6.082869153747169,12,13,0.0
2535,-4.4120096150923365,12,13,0.0
2536,-5.574868198723453,12,13,0.0
2537,5.235919164511401,13,12,0.0
2538,4.558332191080632,13,12,0.0
2539,-25.329543381482445,10,15,0.0
2540,-16.27925673083961,11,14,0.0
2541,4.285080298678928,13,12,0.0
2542,4.708804050827849,13,12,0.0
2543,-6.829885650659138,12,13,0.0
2544,-5.852051365083739,12,13,0.0
2545,4.809785718884349,13,12,0.0
2546,-26.722062273998446,10,15,0.0
2547,-14.998991927151136,11,14,0.0
2548,14.047460876857981,14,11,0.0
2549,-15.286079122785377,11,14,0.0
2550,-16.063645289493394,11,14,0.0
2551,-15.228874626928508,11,14,0.0
2552,-14.495236599975296,11,14,0.0
2553,-6.12062194811908,12,13,0.0
2554,-5.0076409754659625,12,13,0.0
2555,5.016061388143518,13,12,0.0
2556,-6.358534145152258,12,13,0.0
2557,-14.842597586696275,11,14,0.0
2558,4.37086632328071,13,12,0.0
2559,-5.402204226835549,12,13,0.0
2560,-15.550252688099263,11,14,0.0
2561,-6.474608766254683,12,13,0.0
2562,-5.223432084116791,12,13,0.0
2563,-14.897414055029287,11,14,0.0
2564,-6.658212574206449,12,13,0.0
2565,-6.17762367448594,12,13,0.0
2566,4.884183635241551,13,12,0.0
2567,-5.605790484515526,12,13,0.0
2568,-6.334827912560391,12,13,0.0
2569,-5.556364002146198,12,13,0.0
2570,-15.885627492509432,11,14,0.0
2571,-4.738448458293358,12,13,0.0
2572,-6.106857323038288,12,13,0.0
2573,-5.5308558470745215,12,13,0.0
2574,-5.616453210068492,12,13,0.0
2575,-15.80167298833293,11,14,0.0
2576,-6.604878030426086,12,13,0.0
2577,-16.059229856466345,11,14,0.0
2578,-4.901470129332816,12,13,0.0
2579,4.648335806699788,13,12,0.0
2580,4.156679994671916,13,12,0.0
2581,-5.239076374998913,12,13,0.0
2582,-5.839004667037301,12,13,0.0
2583,4.924055536789977,13,12,0.0
2584,-5.644595378257422,12,13,0.0
2585,5.089604127921703,13,12,0.0
2586,4.062577499620413,13,12,0.0
2587,4.61094252670722,13,12,0.0
2588,-5.1584228624841675,12,13,0.0
2589,4.047419679399012,13,12,0.0
2590,-5.802773219726204,12,13,0.0
2591,4.309290771461207,13,12,0.0
2592,-4.84159464139924,12,13,0.0
2593,-5.252311259397204,12,13,0.0
2594,-5.015078311169613,12,13,0.0
2595,4.601798907920948,13,12,0.0
2596,-5.893464901190722,12,13,0.0
2597,-5.775926796811307,12,13,0.0
2598,4.56164569697664,13,12,0.0
2599,3.737783772476483,13,12,0.0
2600,4.066511818819737,13,12,0.0
2601,-5.73429933542919,12,13,0.0
2602,-5.927909315465342,12,13,0.0
2603,4.445369317236317,13,12,0.0
2604,-6.140634360334532,12,13,0.0
2605,13.35394003733062,14,11,0.0
2606,-16.04716282323478,11,14,0.0
2607,-5.960443311458512,12,13,0.0
2608,-7.089527076247779,12,13,0.0
2609,13.143180746968952,14,11,0.0
2610,-5.859385137184388,12,13,0.0
2611,-6.20788156733629,12,13,0.0
2612,3.709061612429947,13,12,0.0
2613,4.139623634665991,13,12,0.0
2614,3.6273481322212184,13,12,0.0
2615,4.938448592445944,13,12,0.0
2616,3.4059490851115175,13,12,0.0
2617,3.378888826044614,13,12,0.0
2618,12.950418524000494,14,11,0.0
2619,-6.0394000439251325,12,13,0.0
2620,-15.414531509016292,11,14,0.0
2621,3.8485054490808466,13,12,0.0
2622,-5.9195370451756775,12,13,0.0
2623,-6.44089982280337,12,13,0.0
2624,3.978265528764852,13,12,0.0
2625,3.108035894456849,13,12,0.0
2626,-6.923752157047328,12,13,0.0
2627,3.9625815544932514,13,12,0.0
2628,-6.656367167225799,12,13,0.0
2629,-5.692667814061872,12,13,0.0
2630,-15.507237809602126,11,14,0.0
2631,3.312407511821874,13,12,0.0
2632,-16.964284575393812,11,14,0.0
2633,-6.701558157373517,12,13,0.0
2634,3.8320925645236406,13,12,0.0
2635,-6.725825278662701,12,13,0.0
2636,-6.690788653211829,12,13,0.0
2637,3.658084801430972,13,12,0.0
2638,14.224426434981016,14,11,0.0
2639,-15.324364876431043,11,14,0.0
2640,-5.561556814045025,12,13,0.0
2641,-6.428662952680522,12,13,0.0
2642,14.090452331870388,14,11,0.0
2643,-6.260444116765684,12,13,0.0
2644,-15.69053711840672,11,14,0.0
2645,-6.185114858287996,12,13,0.0
2646,-5.1884658357983575,12,13,0.0
2647,4.1515382747295995,13,12,0.0
2648,4.644897005869796,13,12,0.0
2649,-16.101575382288434,11,14,0.0
2650,-5.657113541662642,12,13,0.0
2651,4.203025193936483,13,12,0.0
2652,-5.236597461723153,12,13,0.0
2653,4.5152202204983585,13,12,0.0
2654,4.428409246778806,13,12,0.0
2655,-6.232813676230275,12,13,0.0
2656,-25.983479416146437,10,15,0.0
2657,-6.19905095032002,12,13,0.0
2658,3.9396080466039187,13,12,0.0
2659,-5.939436562151999,12,13,0.0
2660,-6.224857902353179,12,13,0.0
2661,-6.146735766781009,12,13,0.0
2662,3.363466409311779,13,12,0.0
2663,3.2470507697212385,13,12,0.0
2664,-6.351037240689427,12,13,0.0
2665,-25.331236568844396,10,15,0.0
2666,-16.343718833351254,11,14,0.0
2667,5.019464399230266,13,12,0.0
2668,3.7079711158226347,13,12,0.0
2669,-15.487062646722038,11,14,0.0
2670,-16.16169913915851,11,14,0.0
2671,-16.136996716552478,11,14,0.0
2672,-4.978758240610155,12,13,0.0
2673,-15.92715786452279,11,14,0.0
2674,-15.705840760543042,11,14,0.0
2675,5.090822502500496,13,12,0.0
2676,4.177475452524305,13,12,0.0
2677,-5.39030641435299,12,13,0.0
2678,-5.249054131213935,12,13,0.0
2679,3.338818972953966,13,12,0.0
2680,5.514785933299869,13,12,0.0
2681,-6.531498486202521,12,13,0.0
2682,13.5961029711433,14,11,0.0
2683,-6.3664066865105005,12,13,0.0
2684,-16.52904101104967,11,14,0.0
2685,-16.505027293839028,11,14,0.0
2686,14.614532422609702,14,11,0.0
2687,-5.964606116122493,12,13,0.0
2688,-5.857176558084825,12,13,0.0
2689,-16.292177996954294,11,14,0.0
2690,3.1553666351099077,13,12,0.0
2691,-15.601004956521047,11,14,0.0
2692,-16.620113239401647,11,14,0.0
2693,2.710750223674212,13,12,0.0
2694,-6.170726320050573,12,13,0.0
2695,4.1320000137326165,13,12,0.0
2696,-5.454296107290091,12,13,0.0
2697,-6.166116602667019,12,13,0.0
2698,4.4970922636911626,13,12,0.0
2699,-15.897210725401752,11,14,0.0
2700,-16.803382512397093,11,14,0.0
2701,14.453387735333669,14,11,0.0
2702,-5.935880668665055,12,13,0.0
2703,4.0397679828551665,13,12,0.0
2704,-16.10417844234129,11,14,0.0
2705,-16.76349913503575,11,14,0.0
2706,-16.14144596189749,11,14,0.0
2707,-6.451333085349218,12,13,0.0
2708,-25.986830023210178,10,15,0.0
2709,-26.64446137245926,10,15,0.0
2710,-5.796113860864535,12,13,0.0
2711,-7.130177652400413,12,13,0.0
2712,-5.91562066807839,12,13,0.0
2713,-6.918082880338974,12,13,0.0
2714,-6.7346296887503065,12,13,0.0
2715,-16.413110151814422,11,14,0.0
2716,13.4047895603394,14,11,0.0
2717,14.083464738059876,14,11,0.0
2718,2.7815521936746155,13,12,0.0
2719,-6.5127468670112805,12,13,0.0
2720,-16.646151109673507,11,14,0.0
2721,-7.4952587774395925,12,13,0.0
2722,4.472705893627241,13,12,0.0
2723,3.455342442862552,13,12,0.0
2724,-16.403086162973718,11,14,0.0
2725,13.745192114438842,14,11,0.0
2726,4.134717531486887,13,12,0.0
2727,3.770002962332965,13,12,0.0
2728,4.117259847898341,13,12,0.0
2729,3.528570708240885,13,12,0.0
2730,3.870802875430339,13,12,0.0
2731,3.367917709769795,13,12,0.0
2732,4.21098698194751,13,12,0.0
2733,-6.284860922805613,12,13,0.0
2734,4.082595576981481,13,12,0.0
2735,-6.2978683734723875,12,13,0.0
2736,-27.079693407269215,10,15,0.0
2737,3.757227537320805,13,12,0.0
2738,-4.80116977643191,12,13,0.0
2739,-6.76855685087372,12,13,0.0
2740,-16.13511696928497,11,14,0.0
2741,-6.315775893914497,12,13,0.0
2742,3.8580233947840537,13,12,0.0
2743,-6.3156076632552764,12,13,0.0
2744,13.78792308398645,14,11,0.0
2745,-7.549084832775753,12,13,0.0
2746,3.7872619724950383,13,12,0.0
2747,-6.276262073571619,12,13,0.0
2748,3.810289107533368,13,12,0.0
2749,4.2905375673303965,13,12,0.0
2750,-6.519419866480876,12,13,0.0
2751,3.122987480159438,13,12,0.0
2752,-16.15950846249326,11,14,0.0
2753,-16.59924468136737,11,14,0.0
2754,-7.005088195020785,12,13,0.0
2755,-6.5235512288499935,12,13,0.0
2756,13.486437000355458,14,11,0.0
2757,13.672180071011597,14,11,0.0
2758,-6.395107961746085,12,13,0.0
2759,3.3874262488929894,13,12,0.0
2760,3.5441294862486554,13,12,0.0
2761,4.41594117032679,13,12,0.0
2762,-15.071393103338817,11,14,0.0
2763,-5.1805738210734935,12,13,0.0
2764,13.337059176596263,14,11,0.0
2765,4.168913413772472,13,12,0.0
2766,12.4362407848934,14,11,0.0
2767,2.444362181365608,13,12,0.0
2768,-6.275579067885782,12,13,0.0
2769,13.283274271637978,14,11,0.0
2770,2.3730088190341414,13,12,0.0
2771,-6.59853045177514,12,13,0.0
2772,-7.342028342542116,12,13,0.0
2773,-6.649874121448741,12,13,0.0
2774,-6.80917638858676,12,13,0.0
2775,-6.513311090323134,12,13,0.0
2776,-16.748359602931004,11,14,0.0
2777,2.8888583002891934,13,12,0.0
2778,2.503944947646005,13,12,0.0
2779,-16.645799345294282,11,14,0.0
2780,-17.41558727311262,11,14,0.0
2781,3.2799352976718446,13,12,0.0
2782,-6.694248421389907,12,13,0.0
2783,-6.79900868744866,12,13,0.0
2784,4.954368025948078,13,12,0.0
2785,-7.404313624135277,12,13,0.0
2786,-7.59331594652277,12,13,0.0
2787,3.072470458647407,13,12,0.0
2788,-16.723320707193885,11,14,0.0
2789,13.684826377115298,14,11,0.0
2790,-27.045592965525657,10,15,0.0
2791,-16.50585159139489,11,14,0.0
2792,-16.00908512840223,11,14,0.0
2793,2.8869336040286893,13,12,0.0
2794,-6.802558909965831,12,13,0.0
2795,-17.237036134853735,11,14,0.0
2796,-5.9385912395855485,12,13,0.0
2797,-7.420261808930093,12,13,0.0
2798,2.8146273621130007,13,12,0.0
2799,-26.925669626557372,10,15,0.0
2800,-26.464273615258033,10,15,0.0
2801,3.801508062105264,13,12,0.0
2802,3.726623465905137,13,12,0.0
2803,-16.469171644365836,11,14,0.0
2804,-6.075337906777229,12,13,0.0
2805,4.168327437539741,13,12,0.0
2806,-6.076140941207013,12,13,0.0
2807,-5.42483351833423,12,13,0.0
2808,-5.757449669661172,12,13,0.0
2809,4.3800095733105735,13,12,0.0
2810,-4.998945868965205,12,13,0.0
2811,-16.531131967595766,11,14,0.0
2812,-16.282978868253736,11,14,0.0
2813,3.1386844746567153,13,12,0.0
2814,-6.288545300173936,12,13,0.0
2815,-26.25426630611889,10,15,0.0
2816,-5.9622674241742715,12,13,0.0
2817,-5.907645402063294,12,13,0.0
2818,-6.7112628830021,12,13,0.0
2819,-5.5758311105279486,12,13,0.0
2820,-4.557009587932734,12,13,0.0
2821,4.511788169804563,13,12,0.0
2822,-6.268733030869922,12,13,0.0
2823,-15.534019013031731,11,14,0.0
2824,-15.539027417953866,11,14,0.0
2825,-24.26460980891398,10,15,0.0
2826,-15.57992986167442,11,14,0.0
2827,-35.34026182327021,9,16,0.0
2828,-5.236413969854621,12,13,0.0
2829,-25.27850914988942,10,15,0.0
2830,-35.312383970362234,9,16,0.0
2831,-25.108845648709774,10,15,0.0
2832,-15.53636206957174,11,14,0.0
2833,4.989978541716612,13,12,0.0
2834,-25.963888550890175,10,15,0.0
2835,-5.342072977912615,12,13,0.0
2836,-25.13996575703223,10,15,0.0
2837,4.810709733062843,13,12,0.0
2838,-16.2042028413222,11,14,0.0
2839,-5.66874359863282,12,13,0.0
2840,-4.626593442465371,12,13,0.0
2841,-15.802220743004238,11,14,0.0
2842,-25.932105823383967,10,15,0.0
2843,-6.2674149211672905,12,13,0.0
2844,-14.804882955399199,11,14,0.0
2845,-15.259042149410014,11,14,0.0
2846,4.738937162365183,13,12,0.0
2847,-25.45511117110547,10,15,0.0
2848,-4.89162349083402,12,13,0.0
2849,-5.660430510145156,12,13,0.0
2850,-25.07773505986598,10,15,0.0
2851,-15.618544184810172,11,14,0.0
2852,-4.601625007658589,12,13,0.0
2853,-14.855682297787588,11,14,0.0
2854,-15.059496477475856,11,14,0.0
2855,-24.810508415150096,10,15,0.0
2856,-15.134254453153652,11,14,0.0
2857,-5.679564070316296,12,13,0.0
2858,-4.934218539150796,12,13,0.0
2859,-26.427227371855686,10,15,0.0
2860,-15.705184132872791,11,14,0.0
2861,5.845633921617125,13,12,0.0
2862,-14.531827351686243,11,14,0.0
2863,-5.84307669491809,12,13,0.0
2864,4.829869537136459,13,12,0.0
2865,-15.291766971455846,11,14,0.0
2866,-26.64557119600358,10,15,0.0
2867,-16.173867422027982,11,14,0.0
2868,-14.996907621357135,11,14,0.0
2869,-26.067121649694972,10,15,0.0
2870,-16.00464851911814,11,14,0.0
2871,-5.608725075087477,12,13,0.0
2872,-5.461596677719074,12,13,0.0
2873,-4.969018987589101,12,13,0.0
2874,-6.143198442397256,12,13,0.0
2875,-24.89855556280056,10,15,0.0
2876,-34.98939404357252,9,16,0.0
2877,4.0240765108139325,13,12,0.0
2878,-15.5114386863921,11,14,0.0
2879,-25.11778432361841,10,15,0.0
2880,-15.91794418514242,11,14,0.0
2881,-25.203960073921444,10,15,0.0
2882,-5.0779204349024685,12,13,0.0
2883,-25.164795972804498,10,15,0.0
2884,-25.292146445392856,10,15,0.0
2885,-15.827433795478237,11,14,0.0
2886,-5.045118031249496,12,13,0.0
2887,-14.961929565643262,11,14,0.0
2888,-5.296248177996789,12,13,0.0
2889,-36.42411898822282,9,16,0.0
2890,4.84318404147504,13,12,0.0
2891,-15.371726815866708,11,14,0.0
2892,-5.675959509930655,12,13,0.0
2893,-15.031947846486522,11,14,0.0
2894,-25.84651131393478,10,15,0.0
2895,4.406264842170547,13,12,0.0
2896,-15.008111965363808,11,14,0.0
2897,-25.525900982232766,10,15,0.0
2898,-6.318911036150833,12,13,0.0
2899,-4.932741542034325,12,13,0.0
2900,-4.976568420853672,12,13,0.0
2901,-25.03827169777755,10,15,0.0
2902,-14.595316693601733,11,14,0.0
2903,-15.18698703267897,11,14,0.0
2904,-5.426157551036578,12,13,0.0
2905,-33.9889149860154,9,16,0.0
2906,-6.3609643032206336,12,13,0.0
2907,-15.087363868842408,11,14,0.0
2908,-24.929191669823858,10,15,0.0
2909,-6.059301469687114,12,13,0.0
2910,-6.328160778203721,12,13,0.0
2911,-5.669712717832185,12,13,0.0
2912,-25.749332812988694,10,15,0.0
2913,4.336306130723516,13,12,0.0
2914,-6.078270167787897,12,13,0.0
2915,-25.722088678230833,10,15,0.0
2916,-16.135979067814407,11,14,0.0
2917,-14.820707896295815,11,14,0.0
2918,-25.18885946866604,10,15,0.0
2919,-15.966042807993748,11,14,0.0
2920,-25.02622368522907,10,15,0.0
2921,-16.53619935750735,11,14,0.0
2922,-15.62041283614187,11,14,0.0
2923,-26.7044144925991,10,15,0.0
2924,-26.428712453455045,10,15,0.0
2925,-25.64924362305988,10,15,0.0
2926,-16.959542060681866,11,14,0.0
2927,-15.200379757142404,11,14,0.0
2928,-5.601146497963502,12,13,0.0
2929,-14.723415069187656,11,14,0.0
2930,-26.100367051788318,10,15,0.0
2931,-25.40044540050274,10,15,0.0
2932,-14.7341972345721,11,14,0.0
2933,-25.90403733875903,10,15,0.0
2934,-25.92366471896161,10,15,0.0
2935,4.974306820189643,13,12,0.0
2936,-5.523304839963809,12,13,0.0
2937,-15.512338487406353,11,14,0.0
2938,-15.973338280835906,11,14,0.0
2939,-6.391402161438368,12,13,0.0
2940,-6.292997964774214,12,13,0.0
2941,-5.13556618499157,12,13,0.0
2942,-15.706674052717398,11,14,0.0
2943,-15.052275216603638,11,14,0.0
2944,-15.214420461076976,11,14,0.0
2945,-35.61025314617919,9,16,0.0
2946,-25.014955108825543,10,15,0.0
2947,-16.62087976920511,11,14,0.0
2948,-15.415176200111969,11,14,0.0
2949,-5.306702106533239,12,13,0.0
2950,-25.184548774244536,10,15,0.0
2951,-25.49636843011232,10,15,0.0
2952,-25.874579773982,10,15,0.0
2953,-6.882450714750905,12,13,0.0
2954,-5.635141557433435,12,13,0.0
2955,4.37172667218996,13,12,0.0
2956,-5.9918140691824355,12,13,0.0
2957,4.420269192826957,13,12,0.0
2958,-17.07030295133717,11,14,0.0
2959,-5.80509553481997,12,13,0.0
2960,-16.02055457740878,11,14,0.0
2961,-15.546300069234206,11,14,0.0
2962,-25.89131917259868,10,15,0.0
2963,4.617595215743579,13,12,0.0
2964,-25.422215457270426,10,15,0.0
2965,-16.204290275159515,11,14,0.0
2966,-14.981454885489796,11,14,0.0
2967,3.264501816499614,13,12,0.0
2968,-15.126450938714589,11,14,0.0
2969,-15.206114374510385,11,14,0.0
2970,-5.59413477718325,12,13,0.0
2971,-26.009741571301674,10,15,0.0
2972,4.4682834469156045,13,12,0.0
2973,-15.867170820396117,11,14,0.0
2974,3.929347256489116,13,12,0.0
2975,-25.737146927897076,10,15,0.0
2976,-15.333370667072938,11,14,0.0
2977,-15.879255013075166,11,14,0.0
2978,-5.853328757947834,12,13,0.0
2979,-15.972516620232296,11,14,0.0
2980,-5.604173274961724,12,13,0.0
2981,4.327095394802024,13,12,0.0
2982,4.68831245785265,13,12,0.0
2983,-5.854825803506782,12,13,0.0
2984,-6.158360404348997,12,13,0.0
2985,-15.341954095680732,11,14,0.0
2986,-5.081753506601297,12,13,0.0
2987,-25.073155224081365,10,15,0.0
2988,-6.149797592108914,12,13,0.0
2989,3.94146856608754,13,12,0.0
2990,-6.230927597538928,12,13,0.0
2991,-15.924960947055595,11,14,0.0
2992,4.22057605388946,13,12,0.0
2993,-6.441383332268893,12,13,0.0
2994,14.268471944964105,14,11,0.0
2995,-15.866386185981327,11,14,0.0
2996,-5.621385611952907,12,13,0.0
2997,-26.598895423328713,10,15,0.0
2998,5.0084480780232425,13,12,0.0
2999,-36.62064560097049,9,16,0.0
3000,-5.191171777399404,12,13,0.0
3001,-15.705045524791647,11,14,0.0
3002,-26.37198057798202,10,15,0.0
3003,-5.6829960678679505,12,13,0.0
3004,-25.328976839899646,10,15,0.0
3005,-15.672839658666527,11,14,0.0
3006,-6.308434201636047,12,13,0.0
3007,-25.205731049394753,10,15,0.0
3008,-16.54091973626757,11,14,0.0
3009,-15.849277376630749,11,14,0.0
3010,-15.179335962222513,11,14,0.0
3011,-25.85023214660339,10,15,0.0
3012,-5.907609926752117,12,13,0.0
3013,-15.766746185857293,11,14,0.0
3014,-16.07439156896719,11,14,0.0
3015,-15.766940933269263,11,14,0.0
3016,-14.988703532694043,11,14,0.0
3017,4.4463770521572,13,12,0.0
3018,-25.444698650037488,10,15,0.0
3019,-6.030187645104278,12,13,0.0
3020,-26.504724271756267,10,15,0.0
3021,4.636575686774408,13,12,0.0
3022,-27.07110150164314,10,15,0.0
3023,-15.756485824922397,11,14,0.0
3024,-15.298310396781659,11,14,0.0
3025,4.086492914050286,13,12,0.0
3026,14.912855756232197,14,11,0.0
3027,-15.699848685389004,11,14,0.0
3028,-5.408404724213069,12,13,0.0
3029,-15.783088955963855,11,14,0.0
3030,-16.554514580855244,11,14,0.0
3031,-26.343606262157582,10,15,0.0
3032,-26.674227235979124,10,15,0.0
3033,-5.936483841219362,12,13,0.0
3034,-15.940164744306715,11,14,0.0
3035,-16.37349020123986,11,14,0.0
3036,-5.509386305342316,12,13,0.0
3037,3.9590177898329557,13,12,0.0
3038,3.8153626005846233,13,12,0.0
3039,-16.27796736341596,11,14,0.0
3040,-15.731597258456082,11,14,0.0
3041,-5.074345265933609,12,13,0.0
3042,3.5912786066856244,13,12,0.0
3043,-26.271137478470337,10,15,0.0
3044,-6.713673860639847,12,13,0.0
3045,-7.310839969684729,12,13,0.0
3046,-15.995873813358148,11,14,0.0
3047,-16.17079347551452,11,14,0.0
3048,-26.255532239179207,10,15,0.0
3049,-15.897916490236213,11,14,0.0
3050,-17.65688004404538,11,14,0.0
3051,-6.657722790488053,12,13,0.0
3052,-16.758607328699785,11,14,0.0
3053,-6.522060628892804,12,13,0.0
3054,-16.566545786014196,11,14,0.0
3055,-17.167103805318725,11,14,0.0
3056,-26.73648275895438,10,15,0.0
3057,-16.451480472213703,11,14,0.0
3058,-5.618678224141261,12,13,0.0
3059,3.3431255605626493,13,12,0.0
3060,4.35360781036837,13,12,0.0
3061,-7.592790303122852,12,13,0.0
3062,-26.909897694682908,10,15,0.0
3063,-7.562106033042079,12,13,0.0
3064,-16.70260996167952,11,14,0.0
3065,3.4871765911431414,13,12,0.0
3066,-6.745220049742692,12,13,0.0
3067,3.608328197542958,13,12,0.0
3068,-16.029595564793038,11,14,0.0
3069,3.5993200982066007,13,12,0.0
3070,-6.8493765375292455,12,13,0.0
3071,-15.827401272137553,11,14,0.0
3072,3.3456153977670535,13,12,0.0
3073,-5.496618119180668,12,13,0.0
3074,-5.9108548462319455,12,13,0.0
3075,-16.259260038708128,11,14,0.0
3076,3.368559820729497,13,12,0.0
3077,3.8258649910790083,13,12,0.0
3078,2.521957524170527,13,12,0.0
3079,-16.06941526213015,11,14,0.0
3080,-6.6891852718204206,12,13,0.0
3081,-6.302260382951079,12,13,0.0
3082,4.14957857175807,13,12,0.0
3083,-26.046468959329587,10,15,0.0
3084,-6.282212072790775,12,13,0.0
3085,-6.778759034582206,12,13,0.0
3086,-17.10300553196179,11,14,0.0
3087,-6.684084184010526,12,13,0.0
3088,-6.563416494891808,12,13,0.0
3089,-7.2823454802057315,12,13,0.0
3090,-6.215827767561143,12,13,0.0
3091,-17.67499897381114,11,14,0.0
3092,-5.712142229296113,12,13,0.0
3093,-15.967749686412514,11,14,0.0
3094,-16.009213915267164,11,14,0.0
3095,-6.713786987932583,12,13,0.0
3096,-6.274307003718028,12,13,0.0
3097,-26.078499848888818,10,15,0.0
3098,-16.248908097468078,11,14,0.0
3099,-6.158995306718533,12,13,0.0
3100,-16.154369752643152,11,14,0.0
3101,-16.08601262036016,11,14,0.0
3102,-16.31808388929888,11,14,0.0
3103,-26.233634550628928,10,15,0.0
3104,-25.45762028185866,10,15,0.0
3105,-6.1662076922355045,12,13,0.0
3106,-6.739801962449501,12,13,0.0
3107,13.817107723518124,14,11,0.0
3108,-6.7325092982118475,12,13,0.0
3109,-16.201732379867284,11,14,0.0
3110,-5.693690007297759,12,13,0.0
3111,3.9454275868539117,13,12,0.0
3112,-15.941721393459352,11,14,0.0
3113,3.4348523824840704,13,12,0.0
3114,-4.886006882696478,12,13,0.0
3115,-6.281506358888898,12,13,0.0
3116,-15.780649100104483,11,14,0.0
3117,3.875946855580975,13,12,0.0
3118,2.872775973251648,13,12,0.0
3119,-14.948539997886678,11,14,0.0
3120,-6.657233774480354,12,13,0.0
3121,-16.005319127200288,11,14,0.0
3122,-16.358640473250713,11,14,0.0
3123,-5.167041212031345,12,13,0.0
3124,-25.94425499819647,10,15,0.0
3125,-6.733137006037539,12,13,0.0
3126,3.5853113509481958,13,12,0.0
3127,-6.092913972918521,12,13,0.0
3128,-26.21829800507159,10,15,0.0
3129,-6.121681144075049,12,13,0.0
3130,-16.10715816487006,11,14,0.0
3131,-6.528109116971094,12,13,0.0
3132,-24.925868141847324,10,15,0.0
3133,3.769387829098661,13,12,0.0
3134,-6.758401181613524,12,13,0.0
3135,-25.695274095287207,10,15,0.0
3136,-17.290763863762464,11,14,0.0
3137,-6.100303097913979,12,13,0.0
3138,-6.608527361637038,12,13,0.0
3139,-35.699835752220245,9,16,0.0
3140,-15.619460238705173,11,14,0.0
3141,-25.97465886679857,10,15,0.0
3142,-5.575080890037668,12,13,0.0
3143,-15.476672187604777,11,14,0.0
3144,-5.459921416149883,12,13,0.0
3145,-16.27576341477901,11,14,0.0
3146,-25.392154966553733,10,15,0.0
3147,-6.038230274609001,12,13,0.0
3148,-6.382721099154825,12,13,0.0
3149,-25.531152855960755,10,15,0.0
3150,-15.589711838927165,11,14,0.0
3151,-15.798003453229859,11,14,0.0
3152,-16.154213533039652,11,14,0.0
3153,-16.02586839799106,11,14,0.0
3154,-16.082700323508156,11,14,0.0
3155,-25.533645424371052,10,15,0.0
3156,-5.903017977275581,12,13,0.0
3157,-16.36835391152087,11,14,0.0
3158,-16.68045464724029,11,14,0.0
3159,-5.339359625464855,12,13,0.0
3160,-17.471917777580696,11,14,0.0
3161,-6.492366643010635,12,13,0.0
3162,-5.82335422392423,12,13,0.0
3163,-15.799290082816057,11,14,0.0
3164,-16.154419178481554,11,14,0.0
3165,-16.449912281046515,11,14,0.0
3166,-26.16687449982013,10,15,0.0
3167,4.0320851999769385,13,12,0.0
3168,-25.307894889105462,10,15,0.0
3169,-6.924410696040639,12,13,0.0
3170,-16.117969247506448,11,14,0.0
3171,-16.60527935226883,11,14,0.0
3172,-5.309519096665385,12,13,0.0
3173,-15.564557006820477,11,14,0.0
3174,-15.515011451942424,11,14,0.0
3175,-15.217609519752578,11,14,0.0
3176,-15.603966706848661,11,14,0.0
3177,-17.037818719587733,11,14,0.0
3178,-15.46632514979877,11,14,0.0
3179,-16.808015274744477,11,14,0.0
3180,-6.380735790364302,12,13,0.0
3181,-15.651785209535415,11,14,0.0
3182,-16.835939655240107,11,14,0.0
3183,-15.94209564700854,11,14,0.0
3184,-15.394779267275819,11,14,0.0
3185,-15.329849368427357,11,14,0.0
3186,-6.0574400539732824,12,13,0.0
3187,-6.156321369609822,12,13,0.0
3188,-16.09872371599156,11,14,0.0
3189,-15.927943239755196,11,14,0.0
3190,-15.269145016547945,11,14,0.0
3191,-6.112108144143825,12,13,0.0
3192,-16.026592754463728,11,14,0.0
3193,-6.410291333163273,12,13,0.0
3194,-16.225854257722066,11,14,0.0
3195,3.045066492075918,13,12,0.0
3196,-16.844574901393855,11,14,0.0
3197,-5.361560841658,12,13,0.0
3198,-16.578981775706037,11,14,0.0
3199,-17.101047431254187,11,14,0.0
3200,-27.269763372802597,10,15,0.0
3201,-6.260825873196321,12,13,0.0
3202,-16.77677887841557,11,14,0.0
3203,3.012818541673526,13,12,0.0
3204,-17.29041123303287,11,14,0.0
3205,-17.85662959342459,11,14,0.0
3206,-16.415681701374726,11,14,0.0
3207,-17.461162985021645,11,14,0.0
3208,-26.874171027850334,10,15,0.0
3209,-27.296999778895486,10,15,0.0
3210,-6.647873655009931,12,13,0.0
3211,-16.45263545384615,11,14,0.0
3212,-16.47981955528415,11,14,0.0
3213,-16.330493444146505,11,14,0.0
3214,-6.9554955544865535,12,13,0.0
3215,4.1655774222362085,13,12,0.0
3216,-6.819244983889062,12,13,0.0
3217,-17.57157638190784,11,14,0.0
3218,3.5058782961939574,13,12,0.0
3219,-7.641512160730022,12,13,0.0
3220,-7.177069799468727,12,13,0.0
3221,-7.787899261365553,12,13,0.0
3222,-6.982788042980982,12,13,0.0
3223,-6.36621899639626,12,13,0.0
3224,2.7250579077103483,13,12,0.0
3225,-6.627625769091093,12,13,0.0
3226,-7.020113798667105,12,13,0.0
3227,-8.0310952442049,12,13,0.0
3228,-16.63552937134729,11,14,0.0
3229,-17.16541253777889,11,14,0.0
3230,4.033385441988321,13,12,0.0
3231,-17.258836806297705,11,14,0.0
3232,-15.95192517049706,11,14,0.0
3233,2.8768381586604113,13,12,0.0
3234,-6.449414620947445,12,13,0.0
3235,-27.849426009427262,10,15,0.0
3236,-16.28569400009819,11,14,0.0
3237,-6.996720564357726,12,13,0.0
3238,-7.1223556434898265,12,13,0.0
3239,-7.415402469525864,12,13,0.0
3240,-18.245694583180185,11,14,0.0
3241,-7.611983766699065,12,13,0.0
3242,-8.071303214732469,12,13,0.0
3243,-37.84266541325192,9,16,0.0
3244,-17.886031447659455,11,14,0.0
3245,-7.935162994745619,12,13,0.0
3246,-6.809472229516304,12,13,0.0
3247,-7.107062038621652,12,13,0.0
3248,-18.967521371977814,11,14,0.0
3249,-6.838870839789671,12,13,0.0
3250,-7.437054910664043,12,13,0.0
3251,-36.70700121207705,9,16,0.0
3252,-6.736376039374216,12,13,0.0
3253,-17.774930899269265,11,14,0.0
3254,-16.64775235840981,11,14,0.0
3255,-27.349434018767987,10,15,0.0
3256,-17.31489732983701,11,14,0.0
3257,3.2939564877549246,13,12,0.0
3258,-26.766965821351796,10,15,0.0
3259,-18.560871868811798,11,14,0.0
3260,-27.50339506030624,10,15,0.0
3261,-16.840633206910013,11,14,0.0
3262,-16.473818823699908,11,14,0.0
3263,-17.033241018954623,11,14,0.0
3264,2.6100014599031844,13,12,0.0
3265,-16.770285627036213,11,14,0.0
3266,-37.067932174370384,9,16,0.0
3267,-16.601569460448474,11,14,0.0
3268,-17.425323584330947,11,14,0.0
3269,-17.36989100722346,11,14,0.0
3270,-6.816140478484056,12,13,0.0
3271,-15.563034329511655,11,14,0.0
3272,-27.557455245406718,10,15,0.0
3273,-26.759372871320707,10,15,0.0
3274,4.293688995842499,13,12,0.0
3275,3.376963439180596,13,12,0.0
3276,-6.407906473498071,12,13,0.0
3277,-26.05989079282316,10,15,0.0
3278,-17.387648245379683,11,14,0.0
3279,-26.822820168022446,10,15,0.0
3280,-26.544460037195837,10,15,0.0
3281,3.700305599112701,13,12,0.0
3282,-26.68259099051435,10,15,0.0
3283,-16.194022862667477,11,14,0.0
3284,-5.881488572874451,12,13,0.0
3285,-36.9583556162731,9,16,0.0
3286,-6.474021333811128,12,13,0.0
3287,-26.76445691362503,10,15,0.0
3288,-16.549489445234897,11,14,0.0
3289,-16.599647430855494,11,14,0.0
3290,-36.037968945676575,9,16,0.0
3291,-5.753174006322361,12,13,0.0
3292,3.8779615542879053,13,12,0.0
3293,-7.017385506086336,12,13,0.0
3294,-6.987872645143769,12,13,0.0
3295,-7.0177453206788885,12,13,0.0
3296,4.422870451086856,13,12,0.0
3297,-6.453280009692051,12,13,0.0
3298,-16.91684315053819,11,14,0.0
3299,3.7125168484909814,13,12,0.0
3300,-6.83685386171606,12,13,0.0
3301,3.087795987308696,13,12,0.0
3302,3.4404102146836655,13,12,0.0
3303,-16.966865403685997,11,14,0.0
3304,3.4635703457996296,13,12,0.0
3305,-16.87271932434233,11,14,0.0
3306,4.320008488376463,13,12,0.0
3307,4.767290171843614,13,12,0.0
3308,-6.195060545929329,12,13,0.0
3309,-16.74442856494754,11,14,0.0
3310,-5.66087578274705,12,13,0.0
3311,-15.517776320168409,11,14,0.0
3312,-6.674639005181247,12,13,0.0
3313,13.736546919886308,14,11,0.0
3314,-6.055846251967519,12,13,0.0
3315,3.8295798601106608,13,12,0.0
3316,-35.36388589386252,9,16,0.0
3317,4.553919661373621,13,12,0.0
3318,-16.24476845233105,11,14,0.0
3319,-36.61633744552408,9,16,0.0
3320,-17.01376727235936,11,14,0.0
3321,-6.779787428438968,12,13,0.0
3322,4.726013139052711,13,12,0.0
3323,-5.507595306696896,12,13,0.0
3324,5.044391129560372,13,12,0.0
3325,-5.465486595726407,12,13,0.0
3326,-6.57504155514288,12,13,0.0
3327,-15.885563960556963,11,14,0.0
3328,-6.356075551898629,12,13,0.0
3329,-16.90005106649804,11,14,0.0
3330,-5.402813456660481,12,13,0.0
3331,-5.677522546518409,12,13,0.0
3332,-6.6741659266040445,12,13,0.0
3333,-6.97738233821222,12,13,0.0
3334,-26.503695003085845,10,15,0.0
3335,-5.532226802553163,12,13,0.0
3336,-6.2979198690106415,12,13,0.0
3337,-5.605216718209047,12,13,0.0
3338,-5.833852550810947,12,13,0.0
3339,4.490273148285528,13,12,0.0
3340,-6.496876805210757,12,13,0.0
3341,-6.010084265814356,12,13,0.0
3342,3.517954290999395,13,12,0.0
3343,4.0954429894487525,13,12,0.0
3344,14.982247879658729,14,11,0.0
3345,3.77613806637522,13,12,0.0
3346,-5.909420773814213,12,13,0.0
3347,-14.79604190057513,11,14,0.0
3348,-5.417388728449482,12,13,0.0
3349,24.208074698665357,15,10,0.0
3350,23.753381118835883,15,10,0.0
3351,4.60065874664626,13,12,0.0
3352,-5.4839289278378365,12,13,0.0
3353,14.525695531950955,14,11,0.0
3354,-15.585461977883359,11,14,0.0
3355,4.310616117075778,13,12,0.0
3356,-5.944944803986903,12,13,0.0
3357,-15.582167296258936,11,14,0.0
3358,3.68330949706319,13,12,0.0
3359,14.02031473953648,14,11,0.0
3360,4.1696813249222116,13,12,0.0
3361,14.258397430900711,14,11,0.0
3362,-16.24333354682421,11,14,0.0
3363,-5.848645321778695,12,13,0.0
3364,3.880436760029631,13,12,0.0
3365,4.334887164718079,13,12,0.0
3366,-5.783022807463195,12,13,0.0
3367,14.204435518900084,14,11,0.0
3368,-5.922520843312967,12,13,0.0
3369,-5.204459322415362,12,13,0.0
3370,4.465151145136019,13,12,0.0
3371,14.208976696609806,14,11,0.0
3372,-26.1227288781311,10,15,0.0
3373,-4.836308640883608,12,13,0.0
3374,-5.6717053804858715,12,13,0.0
3375,-5.6692285100503215,12,13,0.0
3376,-5.710896198228041,12,13,0.0
3377,-4.599063108888085,12,13,0.0
3378,-6.109150311277937,12,13,0.0
3379,-5.334849186534694,12,13,0.0
3380,-15.711916987768344,11,14,0.0
3381,-6.272532734325207,12,13,0.0
3382,-5.636901425893221,12,13,0.0
3383,-6.441541109214592,12,13,0.0
3384,-5.83496219556449,12,13,0.0
3385,-14.863101128498702,11,14,0.0
3386,15.510678478487225,14,11,0.0
3387,-5.2434896313304415,12,13,0.0
3388,-5.827694528280565,12,13,0.0
3389,4.5281038628671695,13,12,0.0
3390,14.414744791801095,14,11,0.0
3391,-4.794554356308831,12,13,0.0
3392,-5.701323714651513,12,13,0.0
3393,14.577927046828421,14,11,0.0
3394,4.362341282163264,13,12,0.0
3395,-4.926630199516003,12,13,0.0
3396,4.235792597856573,13,12,0.0
3397,4.610508203110319,13,12,0.0
3398,13.919201067309992,14,11,0.0
3399,-6.022928833949271,12,13,0.0
3400,-5.20944322967379,12,13,0.0
3401,14.333136624396722,14,11,0.0
3402,-5.535302429567569,12,13,0.0
3403,-6.116467776470357,12,13,0.0
3404,-15.957290647237702,11,14,0.0
3405,-5.518201549727861,12,13,0.0
3406,3.739603659447817,13,12,0.0
3407,4.145017037801212,13,12,0.0
3408,-16.511610452153448,11,14,0.0
3409,-5.792444924893765,12,13,0.0
3410,-5.787829754263729,12,13,0.0
3411,-5.449357429646618,12,13,0.0
3412,4.525969246241145,13,12,0.0
3413,-6.145247656761792,12,13,0.0
3414,3.8873540603110603,13,12,0.0
3415,23.924557637930256,15,10,0.0
3416,13.966593532311295,14,11,0.0
3417,-6.284468659388218,12,13,0.0
3418,-15.750108482896415,11,14,0.0
3419,-16.17576265970368,11,14,0.0
3420,14.065895005645627,14,11,0.0
3421,-5.942241597392255,12,13,0.0
3422,3.8700902318452215,13,12,0.0
3423,-16.334753736822478,11,14,0.0
3424,14.271573902167201,14,11,0.0
3425,4.355232823384085,13,12,0.0
3426,24.40902486414486,15,10,0.0
3427,-5.465880111842547,12,13,0.0
3428,14.44386224606341,14,11,0.0
3429,-5.881197186692348,12,13,0.0
3430,4.173213530696916,13,12,0.0
3431,-5.487262715135325,12,13,0.0
3432,-5.622759363149533,12,13,0.0
3433,-5.777273390263248,12,13,0.0
3434,3.5901025119707555,13,12,0.0
3435,15.297261413078719,14,11,0.0
3436,4.006745611595001,13,12,0.0
3437,-5.999240864143569,12,13,0.0
3438,-5.457902131509595,12,13,0.0
3439,-15.63085066236427,11,14,0.0
3440,-15.271794591689304,11,14,0.0
3441,4.5507723560785,13,12,0.0
3442,4.590295851997604,13,12,0.0
3443,-4.968867809028631,12,13,0.0
3444,4.753959550414718,13,12,0.0
3445,24.95019634175906,15,10,0.0
3446,-15.991571945391586,11,14,0.0
3447,5.14049667529817,13,12,0.0
3448,4.313048202235121,13,12,0.0
3449,5.109577262110797,13,12,0.0
3450,-5.79087475389039,12,13,0.0
3451,4.008971244685112,13,12,0.0
3452,-5.605314125118748,12,13,0.0
3453,14.00591795408108,14,11,0.0
3454,3.934199687324419,13,12,0.0
3455,14.342449089068474,14,11,0.0
3456,-5.527917834074157,12,13,0.0
3457,13.828835140873423,14,11,0.0
3458,-5.433599617569564,12,13,0.0
3459,14.58485468065621,14,11,0.0
3460,3.861128697367599,13,12,0.0
3461,-5.5146616656101735,12,13,0.0
3462,4.333921466773521,13,12,0.0
3463,-6.415922363733064,12,13,0.0
3464,-5.941608588687335,12,13,0.0
3465,-6.382090774664495,12,13,0.0
3466,3.878700734721235,13,12,0.0
3467,4.029379764036957,13,12,0.0
3468,13.7944822524651,14,11,0.0
3469,23.081583586458965,15,10,0.0
3470,-6.990474066392687,12,13,0.0
3471,3.5032057130758023,13,12,0.0
3472,3.548805778096998,13,12,0.0
3473,-6.0909539827367185,12,13,0.0
3474,3.9325763929973894,13,12,0.0
3475,-5.825178908617848,12,13,0.0
3476,-6.434889414732227,12,13,0.0
3477,24.217647460238535,15,10,0.0
3478,2.8926879693697725,13,12,0.0
3479,-16.39131673100027,11,14,0.0
3480,-6.169027847788246,12,13,0.0
3481,-5.758801364910787,12,13,0.0
3482,13.515380353234978,14,11,0.0
3483,24.457873202062576,15,10,0.0
3484,-6.128963672778389,12,13,0.0
3485,14.201071855906315,14,11,0.0
3486,13.826530825358986,14,11,0.0
3487,3.839405207480141,13,12,0.0
3488,4.146582762956548,13,12,0.0
3489,4.011678589775652,13,12,0.0
3490,13.909117840365939,14,11,0.0
3491,-6.742345641863965,12,13,0.0
3492,3.67724150484381,13,12,0.0
3493,4.504421304063394,13,12,0.0
3494,-6.732940944956015,12,13,0.0
3495,13.064190110958162,14,11,0.0
3496,4.435991777138227,13,12,0.0
3497,4.727886516348121,13,12,0.0
3498,4.685160167532562,13,12,0.0
3499,-5.834523767480405,12,13,0.0
3500,-5.922014878976326,12,13,0.0
3501,13.964967522392797,14,11,0.0
3502,13.901777879754597,14,11,0.0
3503,3.3904581794102624,13,12,0.0
3504,3.764497847437603,13,12,0.0
3505,3.9669897774008565,13,12,0.0
3506,14.480979782292735,14,11,0.0
3507,14.073248836825737,14,11,0.0
3508,14.316184977438892,14,11,0.0
3509,-5.972111214539334,12,13,0.0
3510,14.708183565046049,14,11,0.0
3511,-6.535441186468518,12,13,0.0
3512,14.757396861319506,14,11,0.0
3513,13.608016825345778,14,11,0.0
3514,13.31854243493224,14,11,0.0
3515,-5.331646150400942,12,13,0.0
3516,4.665096664143106,13,12,0.0
3517,14.247207356382447,14,11,0.0
3518,4.3749936515297305,13,12,0.0
3519,-6.485514034003046,12,13,0.0
3520,14.076522943635108,14,11,0.0
3521,-15.983816396695437,11,14,0.0
3522,14.366344419559452,14,11,0.0
3523,4.500100086190061,13,12,0.0
3524,-5.870523241581339,12,13,0.0
3525,13.307504322591846,14,11,0.0
3526,-6.0330275553702775,12,13,0.0
3527,-6.227284012079622,12,13,0.0
3528,13.732244673896657,14,11,0.0
3529,-6.122064302774538,12,13,0.0
3530,13.374832638821232,14,11,0.0
3531,-6.029639695462259,12,13,0.0
3532,-6.475024282055999,12,13,0.0
3533,3.2914327362566445,13,12,0.0
3534,4.184797646929186,13,12,0.0
3535,15.112446987004951,14,11,0.0
3536,13.307100940758893,14,11,0.0
3537,24.171583650312925,15,10,0.0
3538,-5.6481066716191,12,13,0.0
3539,4.133341302762798,13,12,0.0
3540,13.93282533087822,14,11,0.0
3541,4.0914698427219625,13,12,0.0
3542,-5.944651559484391,12,13,0.0
3543,-6.619655913087417,12,13,0.0
3544,-5.555757047378794,12,13,0.0
3545,-6.5106638519335664,12,13,0.0
3546,4.086465589607537,13,12,0.0
3547,-15.76634184873826,11,14,0.0
3548,14.679988093211907,14,11,0.0
3549,3.9494159607224155,13,12,0.0
3550,-6.0421984901129715,12,13,0.0
3551,-5.53627445479586,12,13,0.0
3552,-16.37053830610172,11,14,0.0
3553,3.919235601046349,13,12,0.0
3554,-5.689173612142568,12,13,0.0
3555,3.671760073402277,13,12,0.0
3556,-15.586471886547612,11,14,0.0
3557,14.5487736027885,14,11,0.0
3558,-5.745857910187492,12,13,0.0
3559,14.645616886712233,14,11,0.0
3560,4.126030169298661,13,12,0.0
3561,4.292918721889014,13,12,0.0
3562,14.247782419693221,14,11,0.0
3563,3.9532154204954706,13,12,0.0
3564,15.251714546965223,14,11,0.0
3565,-16.298071602582027,11,14,0.0
3566,4.603747834209834,13,12,0.0
3567,14.67684794732753,14,11,0.0
3568,14.10542950559567,14,11,0.0
3569,14.110312092812816,14,11,0.0
3570,23.876853328841932,15,10,0.0
3571,4.05060826476412,13,12,0.0
3572,4.428728381109064,13,12,0.0
3573,-5.853713945224452,12,13,0.0
3574,-5.8599879126583865,12,13,0.0
3575,4.60189304413775,13,12,0.0
3576,14.379279285143102,14,11,0.0
3577,-14.993507476080786,11,14,0.0
3578,-5.409793004538927,12,13,0.0
3579,4.715043666515141,13,12,0.0
3580,3.9562294518514776,13,12,0.0
3581,4.0097940999110175,13,12,0.0
3582,-5.358186285246253,12,13,0.0
3583,-6.175321236406928,12,13,0.0
3584,-6.0593563093014415,12,13,0.0
3585,14.330401213949212,14,11,0.0
3586,-6.130073132189364,12,13,0.0
3587,-5.390492719000507,12,13,0.0
3588,-5.806910436980337,12,13,0.0
3589,3.471526252400116,13,12,0.0
3590,-15.926125327514512,11,14,0.0
3591,-16.697377670940774,11,14,0.0
3592,-5.375447603165147,12,13,0.0
3593,-5.486894627009649,12,13,0.0
3594,23.938742057928245,15,10,0.0
3595,5.14647391217124,13,12,0.0
3596,4.1898290631842015,13,12,0.0
3597,3.7926519221320243,13,12,0.0
3598,4.23431931975963,13,12,0.0
3599,-6.233872290162192,12,13,0.0
3600,4.303084119422087,13,12,0.0
3601,3.485113184815326,13,12,0.0
3602,4.275896211783284,13,12,0.0
3603,4.459450217058153,13,12,0.0
3604,24.290485512325223,15,10,0.0
3605,4.266366145543721,13,12,0.0
3606,-5.408891467598405,12,13,0.0
3607,4.1245078923261875,13,12,0.0
3608,-7.016888690024785,12,13,0.0
3609,3.996151331335387,13,12,0.0
3610,4.439577373598967,13,12,0.0
3611,4.867552166935072,13,12,0.0
3612,3.7423670883589226,13,12,0.0
3613,-6.542564260816643,12,13,0.0
3614,3.779425938139969,13,12,0.0
3615,-16.295441515749992,11,14,0.0
3616,14.901947535243968,14,11,0.0
3617,-16.968361295245185,11,14,0.0
3618,-5.463958980786666,12,13,0.0
3619,-5.5227613734696535,12,13,0.0
3620,-16.511655435884325,11,14,0.0
3621,3.8940373976431912,13,12,0.0
3622,3.5537346735403625,13,12,0.0
3623,4.434950892769784,13,12,0.0
3624,-6.612522895406187,12,13,0.0
3625,-26.44173029105136,10,15,0.0
3626,3.766619040447278,13,12,0.0
3627,14.014818514618113,14,11,0.0
3628,-4.90387812030974,12,13,0.0
3629,-16.303664180114193,11,14,0.0
3630,14.099081171326745,14,11,0.0
3631,3.8621081066106484,13,12,0.0
3632,-5.692165338522406,12,13,0.0
3633,13.317462618312028,14,11,0.0
3634,-5.439213671046909,12,13,0.0
3635,3.8412211158401313,13,12,0.0
3636,-16.093987456519223,11,14,0.0
3637,3.9048010286351555,13,12,0.0
3638,3.903275656682439,13,12,0.0
3639,-6.573940476336221,12,13,0.0
3640,-6.320127251729833,12,13,0.0
3641,-16.45775103105483,11,14,0.0
3642,-6.552924040916162,12,13,0.0
3643,3.4852807192705892,13,12,0.0
3644,-5.9735812366595376,12,13,0.0
3645,13.936442570099803,14,11,0.0
3646,-26.897509215537937,10,15,0.0
3647,-17.167335640459342,11,14,0.0
3648,-7.167924735978634,12,13,0.0
3649,23.79135406219004,15,10,0.0
3650,-6.59871753417439,12,13,0.0
3651,3.2329204986897486,13,12,0.0
3652,-17.50281830803613,11,14,0.0
3653,3.057792503018188,13,12,0.0
3654,13.102837515743975,14,11,0.0
3655,-6.131230776822772,12,13,0.0
3656,14.361469535637983,14,11,0.0
3657,-6.343448567140672,12,13,0.0
3658,-15.964579098259875,11,14,0.0
3659,13.611447764979243,14,11,0.0
3660,-6.296067033253219,12,13,0.0
3661,-6.7069952231743635,12,13,0.0
3662,-5.875059257823664,12,13,0.0
3663,3.364809226264505,13,12,0.0
3664,-5.435050858488546,12,13,0.0
3665,13.408781982710568,14,11,0.0
3666,4.436943037476297,13,12,0.0
3667,-6.5025023360558745,12,13,0.0
3668,3.9575292089426224,13,12,0.0
3669,13.63065626398004,14,11,0.0
3670,-16.181728434096854,11,14,0.0
3671,4.130063254837621,13,12,0.0
3672,-5.788721762032498,12,13,0.0
3673,-6.674594729484656,12,13,0.0
3674,-6.394163935139191,12,13,0.0
3675,4.069833690452376,13,12,0.0
3676,-6.409087815677782,12,13,0.0
3677,4.001833229751572,13,12,0.0
3678,-5.6074321826704585,12,13,0.0
3679,14.336479564122865,14,11,0.0
3680,-5.983064288939368,12,13,0.0
3681,3.8622166064233685,13,12,0.0
3682,-6.938798064260947,12,13,0.0
3683,4.078083131304792,13,12,0.0
3684,-17.18553428482818,11,14,0.0
3685,3.8484872941601793,13,12,0.0
3686,-16.37822442165635,11,14,0.0
3687,-5.719960446761534,12,13,0.0
3688,-16.044610177268183,11,14,0.0
3689,4.708071862478908,13,12,0.0
3690,-26.24304406181998,10,15,0.0
3691,3.859467449231647,13,12,0.0
3692,-17.12523038385591,11,14,0.0
3693,-6.448567952917003,12,13,0.0
3694,3.7449449517235633,13,12,0.0
3695,-5.739241799100794,12,13,0.0
3696,-15.928469322179502,11,14,0.0
3697,-16.24160303207045,11,14,0.0
3698,4.445855794727937,13,12,0.0
3699,-15.157270271116673,11,14,0.0
3700,3.7465565491099895,13,12,0.0
3701,-26.015608058392548,10,15,0.0
3702,3.6388244361840423,13,12,0.0
3703,-15.812877132059183,11,14,0.0
3704,15.193149274599186,14,11,0.0
3705,3.938995558635378,13,12,0.0
3706,-15.772793281687367,11,14,0.0
3707,4.046146039450324,13,12,0.0
3708,-6.014518887133711,12,13,0.0
3709,14.15381984437762,14,11,0.0
3710,-6.241854598277257,12,13,0.0
3711,24.246253658695053,15,10,0.0
3712,14.164665369111864,14,11,0.0
3713,14.533049886325163,14,11,0.0
3714,-5.992401796271777,12,13,0.0
3715,14.859449827629334,14,11,0.0
3716,-6.290073770700743,12,13,0.0
3717,14.411241649077137,14,11,0.0
3718,14.502623669488344,14,11,0.0
3719,14.700589047807856,14,11,0.0
3720,24.207535121341564,15,10,0.0
3721,14.10076502713396,14,11,0.0
3722,-5.977209214948217,12,13,0.0
3723,5.098994571848705,13,12,0.0
3724,-15.69785463083403,11,14,0.0
3725,3.454688516129166,13,12,0.0
3726,13.82415724525318,14,11,0.0
3727,-16.10128601218858,11,14,0.0
3728,-16.38176643451577,11,14,0.0
3729,14.648774229931373,14,11,0.0
3730,13.932425992784903,14,11,0.0
3731,-16.310445688999536,11,14,0.0
3732,13.989390690837528,14,11,0.0
3733,-5.093413776970464,12,13,0.0
3734,-15.157698188013526,11,14,0.0
3735,-15.391409195608803,11,14,0.0
3736,-6.464597385639313,12,13,0.0
3737,14.087318691150541,14,11,0.0
3738,-6.585438650964553,12,13,0.0
3739,-6.19157980105215,12,13,0.0
3740,-5.4324785923904155,12,13,0.0
3741,-4.929666128958264,12,13,0.0
3742,-15.6923188530853,11,14,0.0
3743,14.509890391103388,14,11,0.0
3744,-25.424360201632407,10,15,0.0
3745,-6.2382943797811645,12,13,0.0
3746,4.614028966123643,13,12,0.0
3747,4.374126610487192,13,12,0.0
3748,14.056494934811834,14,11,0.0
3749,-15.305108513878714,11,14,0.0
3750,-16.54463442897635,11,14,0.0
3751,13.509522085732748,14,11,0.0
3752,13.89814263841471,14,11,0.0
3753,4.824989052423614,13,12,0.0
3754,14.853039130315754,14,11,0.0
3755,-5.760427138645528,12,13,0.0
3756,-6.0136049164910785,12,13,0.0
3757,4.03949799024951,13,12,0.0
3758,4.3736888113431664,13,12,0.0
3759,-16.018531887371438,11,14,0.0
3760,-15.107568281644493,11,14,0.0
3761,15.112524983785464,14,11,0.0
3762,4.395591704119527,13,12,0.0
3763,5.44967003582698,13,12,0.0
3764,-5.735895208777598,12,13,0.0
3765,4.636392512930806,13,12,0.0
3766,4.170293854901965,13,12,0.0
3767,5.432322817967062,13,12,0.0
3768,-16.35869108761611,11,14,0.0
3769,5.317239713844138,13,12,0.0
3770,-15.673116839851698,11,14,0.0
3771,3.8044124950498093,13,12,0.0
3772,13.96386428955488,14,11,0.0
3773,-5.772647360696938,12,13,0.0
3774,14.373995191784669,14,11,0.0
3775,-25.44787299816916,10,15,0.0
3776,-26.322250399419403,10,15,0.0
3777,-5.47660452614518,12,13,0.0
3778,-15.442380795826283,11,14,0.0
3779,-5.41416120384881,12,13,0.0
3780,14.36555766179903,14,11,0.0
3781,-15.77810380850662,11,14,0.0
3782,4.328069135614852,13,12,0.0
3783,-4.564496154110373,12,13,0.0
3784,-5.73799852704825,12,13,0.0
3785,-6.241699513037467,12,13,0.0
3786,-5.612008803227759,12,13,0.0
3787,-5.5397535778382725,12,13,0.0
3788,-5.673983082962728,12,13,0.0
3789,-5.5617044926946475,12,13,0.0
3790,-25.012111329647396,10,15,0.0
3791,-4.6380135944184175,12,13,0.0
3792,-16.27826575686041,11,14,0.0
3793,-5.443303488959791,12,13,0.0
3794,4.393352798313599,13,12,0.0
3795,13.472546165673073,14,11,0.0
3796,13.70153394614775,14,11,0.0
3797,3.5460695831296123,13,12,0.0
3798,-15.998879146323523,11,14,0.0
3799,-16.180843843302533,11,14,0.0
3800,-6.9850021635487165,12,13,0.0
3801,-26.39422989163955,10,15,0.0
3802,4.071213251180536,13,12,0.0
3803,-17.211703822768726,11,14,0.0
3804,-6.491320780220337,12,13,0.0
3805,3.178445607314213,13,12,0.0
3806,3.4950986011469594,13,12,0.0
3807,-7.035605357450426,12,13,0.0
3808,3.102468095653631,13,12,0.0
3809,-7.542277062895129,12,13,0.0
3810,-5.74578274915315,12,13,0.0
3811,4.4685668705905535,13,12,0.0
3812,3.2220625766086055,13,12,0.0
3813,-6.6621064882391305,12,13,0.0
3814,3.173435027677516,13,12,0.0
3815,-7.007990192906273,12,13,0.0
3816,4.045613586531484,13,12,0.0
3817,-17.19278972582427,11,14,0.0
3818,-6.3324592304714855,12,13,0.0
3819,4.56770805312315,13,12,0.0
3820,-17.17651893789762,11,14,0.0
3821,4.203929710693744,13,12,0.0
3822,3.8495674490923353,13,12,0.0
3823,-17.6604484530121,11,14,0.0
3824,-16.80240456204146,11,14,0.0
3825,3.7166252420770407,13,12,0.0
3826,-6.543274742008015,12,13,0.0
3827,-6.769985608398246,12,13,0.0
3828,-7.476913579330583,12,13,0.0
3829,2.969946713058392,13,12,0.0
3830,-6.9292962410603955,12,13,0.0
3831,-17.651998042683992,11,14,0.0
3832,-7.418320858819396,12,13,0.0
3833,3.625032413544451,13,12,0.0
3834,3.485345833922949,13,12,0.0
3835,4.541256403464043,13,12,0.0
3836,-6.160690511522899,12,13,0.0
3837,-7.591044059856637,12,13,0.0
3838,-6.7666150915403005,12,13,0.0
3839,-7.190319610054957,12,13,0.0
3840,3.349359670215122,13,12,0.0
3841,-16.61521624224889,11,14,0.0
3842,-7.279039780635417,12,13,0.0
3843,3.585086613565,13,12,0.0
3844,3.8657355691914863,13,12,0.0
3845,-6.6148541529928835,12,13,0.0
3846,-5.880043521721955,12,13,0.0
3847,-6.617551855464776,12,13,0.0
3848,-16.703839563761502,11,14,0.0
3849,14.276138448868247,14,11,0.0
3850,3.796492132862106,13,12,0.0
3851,-26.81863318041045,10,15,0.0
3852,-17.11134890848034,11,14,0.0
3853,-6.638883838424778,12,13,0.0
3854,4.0471729873971825,13,12,0.0
3855,-7.17586477769315,12,13,0.0
3856,-6.9695253072721925,12,13,0.0
3857,3.818345621411491,13,12,0.0
3858,-6.0201407773061995,12,13,0.0
3859,-6.13058002279303,12,13,0.0
3860,-27.122214921871468,10,15,0.0
3861,-16.626498093745784,11,14,0.0
3862,-6.559644082702456,12,13,0.0
3863,-7.042431763495564,12,13,0.0
3864,3.2109142411200144,13,12,0.0
3865,-7.8322494614424,12,13,0.0
3866,-6.347611707076702,12,13,0.0
3867,-6.881663948848389,12,13,0.0
3868,-17.064931838879573,11,14,0.0
3869,-17.70578328552643,11,14,0.0
3870,-6.741161907001638,12,13,0.0
3871,3.4929524687378226,13,12,0.0
3872,-7.637981619316521,12,13,0.0
3873,-26.93355328508092,10,15,0.0
3874,3.0987705243870014,13,12,0.0
3875,-17.80383307107506,11,14,0.0
3876,-17.761530384437584,11,14,0.0
3877,-8.141471749525968,12,13,0.0
3878,-16.293873339584433,11,14,0.0
3879,-16.33884766062812,11,14,0.0
3880,-6.291811272934008,12,13,0.0
3881,-7.602953725942486,12,13,0.0
3882,4.4601971182366995,13,12,0.0
3883,4.066729726300445,13,12,0.0
3884,14.084422691002175,14,11,0.0
3885,-6.840879976422173,12,13,0.0
3886,3.677126598125845,13,12,0.0
3887,-6.476489610726263,12,13,0.0
3888,2.253280647152012,13,12,0.0
3889,-16.590190211659447,11,14,0.0
3890,-5.788531343302182,12,13,0.0
3891,-6.476645524388393,12,13,0.0
3892,13.017012271702786,14,11,0.0
3893,3.040792736400924,13,12,0.0
3894,-17.568560770617204,11,14,0.0
3895,3.5559955971138146,13,12,0.0
3896,-7.054285177538738,12,13,0.0
3897,3.2247548589972226,13,12,0.0
3898,-6.426220608559058,12,13,0.0
3899,-16.50219705555504,11,14,0.0
3900,-7.141632668982499,12,13,0.0
3901,-16.05695420976063,11,14,0.0
3902,3.235208754820153,13,12,0.0
3903,-18.209010818028638,11,14,0.0
3904,13.585618653669375,14,11,0.0
3905,-6.944453999689156,12,13,0.0
3906,-7.091934430555756,12,13,0.0
3907,-16.04489236725377,11,14,0.0
3908,-8.436428713059495,12,13,0.0
3909,2.133988326139983,13,12,0.0
3910,-6.91799822219736,12,13,0.0
3911,3.344912314430667,13,12,0.0
3912,4.315734330661446,13,12,0.0
3913,-6.811952512300531,12,13,0.0
3914,-16.94813306787184,11,14,0.0
3915,-7.4809173690806094,12,13,0.0
3916,-6.963536271657555,12,13,0.0
3917,2.8975672796991585,13,12,0.0
3918,-7.23940212880741,12,13,0.0
3919,13.220827064735087,14,11,0.0
3920,-5.386161477984592,12,13,0.0
3921,-16.93799758912004,11,14,0.0
3922,-6.381801803984173,12,13,0.0
3923,-6.915391763130747,12,13,0.0
3924,-17.16469867967147,11,14,0.0
3925,3.299819941264049,13,12,0.0
3926,3.3995967233627757,13,12,0.0
3927,-6.968786831138343,12,13,0.0
3928,-6.335770899109478,12,13,0.0
3929,-17.171001320906786,11,14,0.0
3930,2.284390328641347,13,12,0.0
3931,-16.050251233951194,11,14,0.0
3932,-27.45078113426522,10,15,0.0
3933,-6.024585181475117,12,13,0.0
3934,-7.164232397397731,12,13,0.0
3935,-6.9029589800798,12,13,0.0
3936,-6.5859762694678174,12,13,0.0
3937,-16.20309962174791,11,14,0.0
3938,-17.637920031289333,11,14,0.0
3939,3.974136804868732,13,12,0.0
3940,-17.274667119497213,11,14,0.0
3941,3.7870493108530088,13,12,0.0
3942,-6.408932157500912,12,13,0.0
3943,-6.002249415540348,12,13,0.0
3944,-6.470690118557819,12,13,0.0
3945,-5.893266901058073,12,13,0.0
3946,-7.175697544246974,12,13,0.0
3947,-6.918034520606468,12,13,0.0
3948,-6.0556727413407065,12,13,0.0
3949,3.173295447289579,13,12,0.0
3950,2.95767860199875,13,12,0.0
3951,3.511941801064925,13,12,0.0
3952,-16.761226247074845,11,14,0.0
3953,-16.777379023100288,11,14,0.0
3954,-27.380869911850183,10,15,0.0
3955,-17.315338416346137,11,14,0.0
3956,-7.150284514539565,12,13,0.0
3957,-16.038494523522008,11,14,0.0
3958,-16.10037161435853,11,14,0.0
3959,-16.773352119172692,11,14,0.0
3960,-15.988975730419732,11,14,0.0
3961,13.579462813533791,14,11,0.0
3962,-5.816757872146846,12,13,0.0
3963,-6.088354227483229,12,13,0.0
3964,-16.001208796161272,11,14,0.0
3965,-6.446597600723217,12,13,0.0
3966,-15.88758638895526,11,14,0.0
3967,-16.14019357271667,11,14,0.0
3968,-16.82676711211046,11,14,0.0
3969,-6.336835522603559,12,13,0.0
3970,3.5805982875216973,13,12,0.0
3971,-6.967139839683031,12,13,0.0
3972,-15.954180275993911,11,14,0.0
3973,-7.515388029357138,12,13,0.0
3974,3.642913437486513,13,12,0.0
3975,-5.989898150985989,12,13,0.0
3976,-16.336207241959354,11,14,0.0
3977,-6.212007895874117,12,13,0.0
3978,-6.977271866374044,12,13,0.0
3979,-5.7937019815678505,12,13,0.0
3980,-16.070141853002262,11,14,0.0
3981,-5.812738891709984,12,13,0.0
3982,-6.878452819473407,12,13,0.0
3983,3.0722550182240305,13,12,0.0
3984,-6.258321897129473,12,13,0.0
3985,-5.746878785736651,12,13,0.0
3986,4.204574057988271,13,12,0.0
3987,13.880803196356146,14,11,0.0
3988,4.378302808531815,13,12,0.0
3989,-6.564858715105735,12,13,0.0
3990,-6.186376564425931,12,13,0.0
3991,3.125717506519196,13,12,0.0
3992,-26.26994591157787,10,15,0.0
3993,3.7093078634697374,13,12,0.0
3994,-5.418852312536846,12,13,0.0
3995,-15.875888448505009,11,14,0.0
3996,-6.527644884960084,12,13,0.0
3997,-4.550900536107717,12,13,0.0
3998,13.44183893796234,14,11,0.0
3999,-7.007136784301619,12,13,0.0
4000,-15.536008209737556,11,14,0.0
