"# mode=none d_value=0 d=[0,0] p=0.50 dr=0 seed=9 topology=fixed ch=3 n_agents=5 obs_dim=34 n_episodes=4000"
episode,sum_reward,success,fail,mean_delay
1,-35.160430822855155,9,16,0.0
2,-25.246851265545136,10,15,0.0
3,-44.89277296728042,8,17,0.0
4,-55.63833967199355,7,18,0.0
5,-54.94811760810195,7,18,0.0
6,-55.54517723845189,7,18,0.0
7,-75.33701190789837,5,20,0.0
8,-45.20077160575411,8,17,0.0
9,-45.37627284717582,8,17,0.0
10,-45.14352288857427,8,17,0.0
11,-63.761764727307,6,19,0.0
12,-56.586378799182306,7,18,0.0
13,-55.45552190876171,7,18,0.0
14,-55.8301990979496,7,18,0.0
15,-86.36321227505432,4,21,0.0
16,-64.8295372687242,6,19,0.0
17,-74.68092798060297,5,20,0.0
18,-35.00350615590519,9,16,0.0
19,-55.722177145669214,7,18,0.0
20,-34.438599651557126,9,16,0.0
21,-44.232165036113635,8,17,0.0
22,-54.17547762336535,7,18,0.0
23,-55.06639465159679,7,18,0.0
24,-35.16798712781848,9,16,0.0
25,-65.58148089103763,6,19,0.0
26,-25.354773057975258,10,15,0.0
27,-25.255796019541364,10,15,0.0
28,-65.83024473192829,6,19,0.0
29,-14.827598303549397,11,14,0.0
30,-44.55820739325624,8,17,0.0
31,-55.055285694498764,7,18,0.0
32,-65.96199075037224,6,19,0.0
33,-34.591323354162824,9,16,0.0
34,-55.38316325568623,7,18,0.0
35,-35.57037195919759,9,16,0.0
36,-14.563728745343287,11,14,0.0
37,-65.70262141178148,6,19,0.0
38,-45.00486444369171,8,17,0.0
39,-66.2485487249328,6,19,0.0
40,-46.047527741112575,8,17,0.0
41,-45.70029606515265,8,17,0.0
42,-46.21168984188126,8,17,0.0
43,-76.1969363453495,5,20,0.0
44,-46.743168414446494,8,17,0.0
45,-27.46695211277074,10,15,0.0
46,-36.15278883619733,9,16,0.0
47,-66.86611143938092,6,19,0.0
48,-55.84827175881479,7,18,0.0
49,-75.20107441375627,5,20,0.0
50,-26.25855823364506,10,15,0.0
51,-75.39765434562179,5,20,0.0
52,-76.47356098059356,5,20,0.0
53,-47.35863472057045,8,17,0.0
54,-45.69742012446125,8,17,0.0
55,-67.92139611183799,6,19,0.0
56,-56.25680076284395,7,18,0.0
57,-66.82096366316759,6,19,0.0
58,-37.6592280441408,9,16,0.0
59,-57.55086033056274,7,18,0.0
60,-47.92378342390193,8,17,0.0
61,-36.40850586471224,9,16,0.0
62,-56.29624170961404,7,18,0.0
63,-36.77968249255402,9,16,0.0
64,-47.079057334155216,8,17,0.0
65,-35.84264931771511,9,16,0.0
66,-35.930697835418414,9,16,0.0
67,-35.50005220815758,9,16,0.0
68,-58.085302363799606,7,18,0.0
69,-36.703663212559704,9,16,0.0
70,-56.94025305923153,7,18,0.0
71,-45.047805489369026,8,17,0.0
72,-46.546902689267824,8,17,0.0
73,-35.45709213403428,9,16,0.0
74,-25.508317963806928,10,15,0.0
75,-37.129142073276064,9,16,0.0
76,-46.31657656211071,8,17,0.0
77,-56.19654891319531,7,18,0.0
78,-57.51029517696057,7,18,0.0
79,-36.84297045430017,9,16,0.0
80,-46.21397896671349,8,17,0.0
81,-56.60815802972484,7,18,0.0
82,-25.700712152988576,10,15,0.0
83,-24.998669292291844,10,15,0.0
84,-43.59608526034686,8,17,0.0
85,-65.68499021078482,6,19,0.0
86,-54.76837328570725,7,18,0.0
87,-76.41345111736803,5,20,0.0
88,-55.29500519264748,7,18,0.0
89,-35.68167885495835,9,16,0.0
90,-36.28684564898818,9,16,0.0
91,-54.55554246589291,7,18,0.0
92,-56.657034179197254,7,18,0.0
93,-36.50981815614361,9,16,0.0
94,-25.96468290188485,10,15,0.0
95,-16.19530256476454,11,14,0.0
96,-25.301374212529492,10,15,0.0
97,-35.66943027935636,9,16,0.0
98,-35.65411565394408,9,16,0.0
99,-35.53676451195611,9,16,0.0
100,-45.41572633053768,8,17,0.0
101,-36.34068759699693,9,16,0.0
102,-45.56962439711092,8,17,0.0
103,-46.21628943387205,8,17,0.0
104,-55.64629852624404,7,18,0.0
105,-45.52753620668177,8,17,0.0
106,-55.914135981503016,7,18,0.0
107,-56.19406764055459,7,18,0.0
108,-34.96410193462476,9,16,0.0
109,-36.39497645375797,9,16,0.0
110,-45.95342829532057,8,17,0.0
111,-55.418972014597884,7,18,0.0
112,-66.80213562007242,6,19,0.0
113,-26.190137552515797,10,15,0.0
114,-75.71760608719197,5,20,0.0
115,-45.280885345265844,8,17,0.0
116,-44.424232086913015,8,17,0.0
117,-46.05715926270983,8,17,0.0
118,-35.55395731319413,9,16,0.0
119,-54.71842285247776,7,18,0.0
120,-76.66392742931178,5,20,0.0
121,-55.458918322264616,7,18,0.0
122,-55.030210597932516,7,18,0.0
123,-45.91746253144247,8,17,0.0
124,-66.14880394591275,6,19,0.0
125,-45.851094753572916,8,17,0.0
126,-55.8492385636284,7,18,0.0
127,-45.79899494752619,8,17,0.0
128,-36.07782906022152,9,16,0.0
129,-45.00372065622626,8,17,0.0
130,-65.51485533477734,6,19,0.0
131,-55.67121307517691,7,18,0.0
132,-64.8553415190803,6,19,0.0
133,-46.67518351800674,8,17,0.0
134,-55.10037526290276,7,18,0.0
135,-65.47773853334922,6,19,0.0
136,-54.91020973669267,7,18,0.0
137,-55.84091296027915,7,18,0.0
138,-54.7239976553657,7,18,0.0
139,-45.68176649953537,8,17,0.0
140,-76.19157532196898,5,20,0.0
141,-45.22933769325124,8,17,0.0
142,-45.233941193292424,8,17,0.0
143,-45.29307531246643,8,17,0.0
144,-55.803435951048634,7,18,0.0
145,-44.88993815242175,8,17,0.0
146,-54.55226083852854,7,18,0.0
147,-54.54034569499734,7,18,0.0
148,-45.744248152432164,8,17,0.0
149,-54.597427381489496,7,18,0.0
150,-23.987597432126464,10,15,0.0
151,-44.465392809613384,8,17,0.0
152,-45.95909641511534,8,17,0.0
153,-64.96125191535441,6,19,0.0
154,-54.56685533237493,7,18,0.0
155,-44.66445955288281,8,17,0.0
156,-64.67185609252945,6,19,0.0
157,-55.54435400481585,7,18,0.0
158,-55.23068960441864,7,18,0.0
159,-64.56319902914097,6,19,0.0
160,-86.13064651701306,4,21,0.0
161,-74.08611905765679,5,20,0.0
162,-44.99231575691901,8,17,0.0
163,-54.653035039965296,7,18,0.0
164,-44.48141988152534,8,17,0.0
165,-64.28853687535997,6,19,0.0
166,-75.2926606598942,5,20,0.0
167,-65.6725341256196,6,19,0.0
168,-34.97008552118933,9,16,0.0
169,-54.55740123434974,7,18,0.0
170,-25.081657477620112,10,15,0.0
171,-34.700908599743144,9,16,0.0
172,-54.8129105039349,7,18,0.0
173,-64.90587516438342,6,19,0.0
174,-55.30567238965553,7,18,0.0
175,-34.072843773512005,9,16,0.0
176,-54.26501510308998,7,18,0.0
177,-44.53915395406424,8,17,0.0
178,-54.01771352663107,7,18,0.0
179,-64.17861147312301,6,19,0.0
180,-33.0463594431732,9,16,0.0
181,-94.57571443301431,3,22,0.0
182,-64.62676326320806,6,19,0.0
183,-54.7580107167431,7,18,0.0
184,-24.747046249502397,10,15,0.0
185,-54.574105170904346,7,18,0.0
186,-33.62809884266274,9,16,0.0
187,-34.74721203960889,9,16,0.0
188,-44.11940385513213,8,17,0.0
189,-64.0398032736209,6,19,0.0
190,-54.171600323577735,7,18,0.0
191,-65.19646126172262,6,19,0.0
192,-74.82235646649232,5,20,0.0
193,-34.089757314856925,9,16,0.0
194,-14.297575230136593,11,14,0.0
195,-34.40485629055867,9,16,0.0
196,-53.93175845754359,7,18,0.0
197,-84.05106134187406,4,21,0.0
198,-24.97652683688986,10,15,0.0
199,-53.92441951917391,7,18,0.0
200,-34.23083019285874,9,16,0.0
201,-54.086461952449994,7,18,0.0
202,-84.20774335811407,4,21,0.0
203,-54.851786983949324,7,18,0.0
204,-44.65208493229174,8,17,0.0
205,-55.00897329377791,7,18,0.0
206,-23.34619503586899,10,15,0.0
207,-63.426798460792924,6,19,0.0
208,-45.317300165396134,8,17,0.0
209,-44.352966631105055,8,17,0.0
210,-34.572502409825475,9,16,0.0
211,-33.31343402358014,9,16,0.0
212,-73.74877350892196,5,20,0.0
213,-53.57309892666724,7,18,0.0
214,-54.85745554743414,7,18,0.0
215,-45.76428609262399,8,17,0.0
216,-44.60995037631244,8,17,0.0
217,-63.42773578599211,6,19,0.0
218,-54.44042199325262,7,18,0.0
219,-53.65658881090368,7,18,0.0
220,-34.34887910882409,9,16,0.0
221,-53.72683613168208,7,18,0.0
222,-43.10056623481118,8,17,0.0
223,-25.206571760834457,10,15,0.0
224,-34.97248110781482,9,16,0.0
225,-54.850033583675426,7,18,0.0
226,-35.47135380808248,9,16,0.0
227,-44.99177430039462,8,17,0.0
228,-35.44394800169109,9,16,0.0
229,-14.83542754683662,11,14,0.0
230,-35.04708283318968,9,16,0.0
231,-45.25276358787433,8,17,0.0
232,-75.32871618564587,5,20,0.0
233,-34.42024239276911,9,16,0.0
234,-35.50651229840109,9,16,0.0
235,-54.76107758827714,7,18,0.0
236,-24.775764837289444,10,15,0.0
237,-54.782373304533465,7,18,0.0
238,-15.083313238667479,11,14,0.0
239,-34.98913340579175,9,16,0.0
240,-24.56628345180507,10,15,0.0
241,-64.86730559057975,6,19,0.0
242,-45.36496727394375,8,17,0.0
243,-55.8241695034076,7,18,0.0
244,-24.526452584832924,10,15,0.0
245,-64.48688620026536,6,19,0.0
246,-14.388907818939634,11,14,0.0
247,-54.633086288437,7,18,0.0
248,-24.957314951627627,10,15,0.0
249,-15.453844632716702,11,14,0.0
250,-35.285349691728726,9,16,0.0
251,-46.16427429764302,8,17,0.0
252,-44.83968072040822,8,17,0.0
253,-35.63290950902328,9,16,0.0
254,-53.99339480273174,7,18,0.0
255,-25.299437866370717,10,15,0.0
256,-25.04442875713222,10,15,0.0
257,-44.99371699464062,8,17,0.0
258,-26.092979535089313,10,15,0.0
259,-55.26714394668625,7,18,0.0
260,-25.446125246687018,10,15,0.0
261,-65.03941628281885,6,19,0.0
262,-65.25416637105624,6,19,0.0
263,-34.519183385410116,9,16,0.0
264,-45.21931094721295,8,17,0.0
265,-34.74831360511874,9,16,0.0
266,-34.17527068200566,9,16,0.0
267,-55.70885748985718,7,18,0.0
268,-54.526857420886465,7,18,0.0
269,-55.629212754107485,7,18,0.0
270,-44.75205875606703,8,17,0.0
271,-43.93325710513933,8,17,0.0
272,-33.962460075673256,9,16,0.0
273,-33.91459160482473,9,16,0.0
274,-23.989981078043495,10,15,0.0
275,-63.84836676276159,6,19,0.0
276,-45.29411810719381,8,17,0.0
277,-43.4211317483193,8,17,0.0
278,-24.868383996584285,10,15,0.0
279,-64.4567572778956,6,19,0.0
280,-34.0538468924152,9,16,0.0
281,-55.65161107586095,7,18,0.0
282,-56.06332132534512,7,18,0.0
283,-64.20179349612593,6,19,0.0
284,-45.8037361329047,8,17,0.0
285,-44.64787610617459,8,17,0.0
286,-45.41087346247678,8,17,0.0
287,-44.28337557502161,8,17,0.0
288,-34.38676646490751,9,16,0.0
289,-64.1785353361019,6,19,0.0
290,-55.024469212777134,7,18,0.0
291,-64.44624394613285,6,19,0.0
292,-33.90200006650761,9,16,0.0
293,-65.29434811803962,6,19,0.0
294,-43.404292905943606,8,17,0.0
295,-64.4051195843146,6,19,0.0
296,-64.97756719911794,6,19,0.0
297,-64.91374392028564,6,19,0.0
298,-24.38789956910719,10,15,0.0
299,-64.7599045617248,6,19,0.0
300,-45.6777286189499,8,17,0.0
301,-53.809236763346284,7,18,0.0
302,-94.70200674012045,3,22,0.0
303,-54.48349851108672,7,18,0.0
304,-44.97974025644949,8,17,0.0
305,-63.62632062544551,6,19,0.0
306,-63.61359847247598,6,19,0.0
307,-44.57382162830479,8,17,0.0
308,-64.76765588415421,6,19,0.0
309,-63.90884463906481,6,19,0.0
310,-55.20177802107529,7,18,0.0
311,-34.908032014719154,9,16,0.0
312,-44.422647366820726,8,17,0.0
313,-44.07617265564306,8,17,0.0
314,-33.687415880228514,9,16,0.0
315,-72.31705372059434,5,20,0.0
316,-43.864967121750745,8,17,0.0
317,-53.18862832456139,7,18,0.0
318,-45.05534375954424,8,17,0.0
319,-34.21798173567191,9,16,0.0
320,-74.81634440605298,5,20,0.0
321,-34.992628449400186,9,16,0.0
322,-14.884246699859316,11,14,0.0
323,-63.23141599362879,6,19,0.0
324,-54.36194951312957,7,18,0.0
325,-33.691549885614066,9,16,0.0
326,-23.849818478399534,10,15,0.0
327,-33.7876761325287,9,16,0.0
328,-13.767782236935492,11,14,0.0
329,-43.42762264908645,8,17,0.0
330,-53.23632651771561,7,18,0.0
331,-44.02588266235957,8,17,0.0
332,-44.57468684982523,8,17,0.0
333,-34.38942320212072,9,16,0.0
334,-33.99275675302547,9,16,0.0
335,-23.014469975464802,10,15,0.0
336,-33.933835236041666,9,16,0.0
337,-33.68786445603451,9,16,0.0
338,-43.6862494696006,8,17,0.0
339,-55.12697299076776,7,18,0.0
340,-43.60626690501602,8,17,0.0
341,-44.11708458882521,8,17,0.0
342,-43.451931390230015,8,17,0.0
343,-13.931877236268464,11,14,0.0
344,-23.62883300871075,10,15,0.0
345,-23.723604153842967,10,15,0.0
346,-34.51287069439945,9,16,0.0
347,-23.51584982046411,10,15,0.0
348,-23.77440701740958,10,15,0.0
349,-23.61442892245941,10,15,0.0
350,-23.952546636882914,10,15,0.0
351,-33.64675844565146,9,16,0.0
352,-23.412627908591144,10,15,0.0
353,-53.907946935164645,7,18,0.0
354,-33.09139639761044,9,16,0.0
355,-24.313542950139794,10,15,0.0
356,-33.58174368570103,9,16,0.0
357,-33.90972860020733,9,16,0.0
358,-43.71268802208344,8,17,0.0
359,-33.629230442849945,9,16,0.0
360,-33.015328103592026,9,16,0.0
361,-23.49307576886123,10,15,0.0
362,-33.50664317905414,9,16,0.0
363,-23.506344215160276,10,15,0.0
364,-23.459301963334376,10,15,0.0
365,-33.71293239393796,9,16,0.0
366,-33.58442006069933,9,16,0.0
367,-22.791421026906114,10,15,0.0
368,-24.16727152646373,10,15,0.0
369,-13.29876092463749,11,14,0.0
370,-23.1154242983688,10,15,0.0
371,-13.933032798620886,11,14,0.0
372,-22.918095296431986,10,15,0.0
373,-3.6592908174905965,12,13,0.0
374,-43.21461483693566,8,17,0.0
375,-22.77649800953952,10,15,0.0
376,-22.95259607684193,10,15,0.0
377,-33.096102179986794,9,16,0.0
378,-22.58159062118977,10,15,0.0
379,-23.682237481687544,10,15,0.0
380,-13.184494296371508,11,14,0.0
381,-23.520988915654073,10,15,0.0
382,-33.17833613092294,9,16,0.0
383,-23.77572585421138,10,15,0.0
384,-22.825193677685434,10,15,0.0
385,-23.43483671213475,10,15,0.0
386,-32.955274333681466,9,16,0.0
387,-22.91523304937049,10,15,0.0
388,-23.229817451717715,10,15,0.0
389,-13.457986189415436,11,14,0.0
390,-22.94083292341998,10,15,0.0
391,7.399688402354204,13,12,0.0
392,-33.07640410771608,9,16,0.0
393,-12.897289631488547,11,14,0.0
394,-3.043000009204114,12,13,0.0
395,-13.518760163351882,11,14,0.0
396,-3.315627821758355,12,13,0.0
397,-3.057712366932435,12,13,0.0
398,-2.5640919878417314,12,13,0.0
399,-23.464575432754028,10,15,0.0
400,-13.035654760861034,11,14,0.0
401,-23.842583757714188,10,15,0.0
402,-13.350665487309119,11,14,0.0
403,-22.950064350966585,10,15,0.0
404,-13.107606768141096,11,14,0.0
405,-3.5385192934683616,12,13,0.0
406,-2.9059050849708257,12,13,0.0
407,-13.783826049201743,11,14,0.0
408,-22.734209986289105,10,15,0.0
409,-23.102252916355575,10,15,0.0
410,-23.36748606765676,10,15,0.0
411,-23.32478858880684,10,15,0.0
412,6.720366843074711,13,12,0.0
413,-23.29625632592619,10,15,0.0
414,-22.99256337945049,10,15,0.0
415,-32.86168202186302,9,16,0.0
416,-24.193278679532067,10,15,0.0
417,-13.908178368936465,11,14,0.0
418,-13.804090091828755,11,14,0.0
419,-23.294315439494465,10,15,0.0
420,-22.35817851540126,10,15,0.0
421,-3.948028907541495,12,13,0.0
422,-23.20215050463856,10,15,0.0
423,-22.919830064901568,10,15,0.0
424,-3.062670112604792,12,13,0.0
425,-33.18986234023547,9,16,0.0
426,-23.138760865761924,10,15,0.0
427,-14.138338733712068,11,14,0.0
428,-13.395484163175208,11,14,0.0
429,-23.498337246941926,10,15,0.0
430,-33.359916411092044,9,16,0.0
431,-13.080178384139337,11,14,0.0
432,-23.804248128508007,10,15,0.0
433,-12.35916821967709,11,14,0.0
434,-33.14910573702115,9,16,0.0
435,6.7624260766254505,13,12,0.0
436,-2.5869158281472053,12,13,0.0
437,-3.452882319386738,12,13,0.0
438,-13.224519618195405,11,14,0.0
439,-2.7839590873576494,12,13,0.0
440,-32.578606688064696,9,16,0.0
441,-23.16068284774788,10,15,0.0
442,-22.7530140470068,10,15,0.0
443,-3.109605754269136,12,13,0.0
444,-14.215840148241881,11,14,0.0
445,-3.5787176826364266,12,13,0.0
446,-23.416462467220597,10,15,0.0
447,-2.344280969583018,12,13,0.0
448,-13.648173031636805,11,14,0.0
449,-22.941582083468862,10,15,0.0
450,-13.604793715549809,11,14,0.0
451,-3.1557138480504783,12,13,0.0
452,-12.793049704799,11,14,0.0
453,-33.81675692669613,9,16,0.0
454,-3.13502169294237,12,13,0.0
455,-13.723212982673909,11,14,0.0
456,-13.785828562519892,11,14,0.0
457,7.031187181174204,13,12,0.0
458,-13.266382032674285,11,14,0.0
459,-23.64934822686687,10,15,0.0
460,-33.35130463005015,9,16,0.0
461,-23.518984429836184,10,15,0.0
462,-23.523135407792616,10,15,0.0
463,-14.18634540367659,11,14,0.0
464,-13.966679357331099,11,14,0.0
465,-3.6325089838341,12,13,0.0
466,-4.1737359877198,12,13,0.0
467,-13.437433188953058,11,14,0.0
468,-12.656651111633819,11,14,0.0
469,-33.58022500946607,9,16,0.0
470,-14.05198473969197,11,14,0.0
471,-33.85592699854804,9,16,0.0
472,-13.649583081865718,11,14,0.0
473,-13.238621308140136,11,14,0.0
474,-34.182369193566736,9,16,0.0
475,-3.907011427907644,12,13,0.0
476,-23.478990791866345,10,15,0.0
477,-14.365666723023818,11,14,0.0
478,-13.298555898706336,11,14,0.0
479,-13.144146994855861,11,14,0.0
480,-23.772111504740327,10,15,0.0
481,-4.15405220292892,12,13,0.0
482,-24.17481358395658,10,15,0.0
483,-3.513391304923079,12,13,0.0
484,-23.982175057003115,10,15,0.0
485,-24.128893351400347,10,15,0.0
486,-13.545763056539634,11,14,0.0
487,-13.992400259749235,11,14,0.0
488,-13.857860741102309,11,14,0.0
489,-4.348400855512274,12,13,0.0
490,-3.792078432580748,12,13,0.0
491,5.665279832663994,13,12,0.0
492,-14.135739457893166,11,14,0.0
493,-13.573953762771055,11,14,0.0
494,-3.3397773918581066,12,13,0.0
495,-3.550227973932655,12,13,0.0
496,-13.626765975393884,11,14,0.0
497,6.072433717223618,13,12,0.0
498,-23.283482783370513,10,15,0.0
499,-23.31517969955958,10,15,0.0
500,-4.812352374609317,12,13,0.0
501,-23.31969074791948,10,15,0.0
502,-13.28308685414562,11,14,0.0
503,-13.505332371465338,11,14,0.0
504,-23.831708570288367,10,15,0.0
505,-12.28167042385303,11,14,0.0
506,-4.188687046017485,12,13,0.0
507,-34.12806350450848,9,16,0.0
508,-13.725446545927278,11,14,0.0
509,-23.478367317481876,10,15,0.0
510,-33.16463999063743,9,16,0.0
511,-33.74035896414432,9,16,0.0
512,-23.68651382235682,10,15,0.0
513,-33.752976363637174,9,16,0.0
514,-23.314443943723965,10,15,0.0
515,-12.437141286007908,11,14,0.0
516,-24.30720148180679,10,15,0.0
517,-24.0482390585384,10,15,0.0
518,-3.0695988588967893,12,13,0.0
519,-33.278311406170616,9,16,0.0
520,-22.654718266426617,10,15,0.0
521,-23.19822713814997,10,15,0.0
522,-2.9068365569715695,12,13,0.0
523,-12.986200722344902,11,14,0.0
524,-33.997801470691265,9,16,0.0
525,-33.20877284743493,9,16,0.0
526,-13.217533041569432,11,14,0.0
527,-23.319427630044153,10,15,0.0
528,-23.563326724420136,10,15,0.0
529,-33.73870063478426,9,16,0.0
530,-13.247604856077336,11,14,0.0
531,6.594002825759356,13,12,0.0
532,-22.778810485983442,10,15,0.0
533,-23.388093647143787,10,15,0.0
534,6.509458698043309,13,12,0.0
535,-23.638759380978613,10,15,0.0
536,-23.998873110875977,10,15,0.0
537,-13.404981907589942,11,14,0.0
538,-42.78718076411708,8,17,0.0
539,-32.996914586840674,9,16,0.0
540,-34.37964096956198,9,16,0.0
541,-14.413940899952191,11,14,0.0
542,-24.388353196900358,10,15,0.0
543,-33.433439135338496,9,16,0.0
544,-24.122743400366232,10,15,0.0
545,-23.557752731716636,10,15,0.0
546,-13.932343411602208,11,14,0.0
547,-24.364638999667854,10,15,0.0
548,-13.825425894660693,11,14,0.0
549,-4.140121653413502,12,13,0.0
550,-13.817539193789358,11,14,0.0
551,-3.341254315153005,12,13,0.0
552,-13.852895241600361,11,14,0.0
553,6.631330357219966,13,12,0.0
554,6.1077010118291994,13,12,0.0
555,-24.30494801085426,10,15,0.0
556,-23.891130249837154,10,15,0.0
557,-22.876993945604298,10,15,0.0
558,-4.2963630932885835,12,13,0.0
559,-22.641622258569527,10,15,0.0
560,-3.541792375413946,12,13,0.0
561,-24.06746268906113,10,15,0.0
562,-42.57162782133525,8,17,0.0
563,-13.340289999989817,11,14,0.0
564,-23.818781922779234,10,15,0.0
565,-13.054970705236094,11,14,0.0
566,-33.83556596909243,9,16,0.0
567,-23.047971715582623,10,15,0.0
568,-3.6529071061751637,12,13,0.0
569,-12.998255000840938,11,14,0.0
570,-12.959995405800917,11,14,0.0
571,-3.017490750034149,12,13,0.0
572,-3.638943117522423,12,13,0.0
573,-22.93827581296006,10,15,0.0
574,-32.99232266751978,9,16,0.0
575,-33.26245819113052,9,16,0.0
576,-13.430526415720378,11,14,0.0
577,-3.5517048325487792,12,13,0.0
578,-12.799543060021831,11,14,0.0
579,-23.728193649543748,10,15,0.0
580,-3.9553944452428844,12,13,0.0
581,-13.621047014463105,11,14,0.0
582,-23.583282357980632,10,15,0.0
583,-23.68575173194,10,15,0.0
584,-54.007007036250236,7,18,0.0
585,-23.765795873788043,10,15,0.0
586,-23.626326343446966,10,15,0.0
587,-3.8655531504767886,12,13,0.0
588,-24.163271480879303,10,15,0.0
589,-33.381877399329916,9,16,0.0
590,-13.914839646161,11,14,0.0
591,-24.04333880035383,10,15,0.0
592,-3.9325517273531823,12,13,0.0
593,-33.60236409534036,9,16,0.0
594,-13.18908206866053,11,14,0.0
595,-43.603059910274794,8,17,0.0
596,-3.594584052769256,12,13,0.0
597,-24.257740723791017,10,15,0.0
598,-33.29622084285823,9,16,0.0
599,-23.461270702524452,10,15,0.0
600,-24.244505832184828,10,15,0.0
601,-43.30225842825102,8,17,0.0
602,-23.89277253785238,10,15,0.0
603,-3.3717626942995373,12,13,0.0
604,-14.23952790564973,11,14,0.0
605,-24.04279915854164,10,15,0.0
606,-23.655201312457766,10,15,0.0
607,-13.521858869280209,11,14,0.0
608,-23.388502595540352,10,15,0.0
609,-3.6535341456222454,12,13,0.0
610,-33.260003465862575,9,16,0.0
611,-44.011652799314966,8,17,0.0
612,-3.150211789976609,12,13,0.0
613,-4.611617560764126,12,13,0.0
614,-33.7348393153581,9,16,0.0
615,-24.091554147519076,10,15,0.0
616,-24.32495981642829,10,15,0.0
617,-4.342543458479255,12,13,0.0
618,-4.272292676446441,12,13,0.0
619,-23.985467981924913,10,15,0.0
620,-13.492060055924972,11,14,0.0
621,-14.495210607112968,11,14,0.0
622,5.969879990904197,13,12,0.0
623,-33.97321789725355,9,16,0.0
624,-3.739428978793825,12,13,0.0
625,-14.35983298803228,11,14,0.0
626,-24.620146078175573,10,15,0.0
627,-13.625740193057993,11,14,0.0
628,-4.725675675469058,12,13,0.0
629,-3.8375429380465143,12,13,0.0
630,-13.921116845550163,11,14,0.0
631,-34.43029752351528,9,16,0.0
632,-3.815915367888733,12,13,0.0
633,-23.634612016077305,10,15,0.0
634,-14.013737428186626,11,14,0.0
635,-22.945869960517534,10,15,0.0
636,-24.18674719576359,10,15,0.0
637,-24.500784800207324,10,15,0.0
638,-3.124507248149408,12,13,0.0
639,-23.857769084228853,10,15,0.0
640,-3.679929865540192,12,13,0.0
641,-13.41967772309069,11,14,0.0
642,-23.8773589374864,10,15,0.0
643,-34.53463364793499,9,16,0.0
644,-23.578284338812708,10,15,0.0
645,-23.33871206402627,10,15,0.0
646,-24.203222623284038,10,15,0.0
647,-3.120381199262373,12,13,0.0
648,-23.338432454006693,10,15,0.0
649,-42.748374247567604,8,17,0.0
650,-13.14192277075064,11,14,0.0
651,-24.198195805136816,10,15,0.0
652,-23.673010535028883,10,15,0.0
653,-3.400319836064199,12,13,0.0
654,-23.861081222049137,10,15,0.0
655,-24.557639009297283,10,15,0.0
656,5.124516759552986,13,12,0.0
657,-33.39419605019455,9,16,0.0
658,-15.199003526095744,11,14,0.0
659,-24.686796136172077,10,15,0.0
660,-4.407673821758461,12,13,0.0
661,-3.6116113222239896,12,13,0.0
662,-33.89979979432196,9,16,0.0
663,6.531206344999957,13,12,0.0
664,-23.93810856937597,10,15,0.0
665,-14.30456612403369,11,14,0.0
666,-3.583549911999576,12,13,0.0
667,-13.848940580082024,11,14,0.0
668,-3.2693805521132475,12,13,0.0
669,-23.788974190884918,10,15,0.0
670,-23.49496306716943,10,15,0.0
671,15.507692627028465,14,11,0.0
672,-34.974106868235324,9,16,0.0
673,-13.518849911985088,11,14,0.0
674,-24.297026770234687,10,15,0.0
675,-13.64363000994089,11,14,0.0
676,-13.352560940218739,11,14,0.0
677,-3.409977432181508,12,13,0.0
678,-24.061831196875175,10,15,0.0
679,-24.333904774820013,10,15,0.0
680,-3.1671519836556072,12,13,0.0
681,-13.256465407211818,11,14,0.0
682,-2.7952480039672993,12,13,0.0
683,-23.49503525070267,10,15,0.0
684,-13.759606557793287,11,14,0.0
685,-3.239764181025631,12,13,0.0
686,-4.273355524202791,12,13,0.0
687,-13.445679644471692,11,14,0.0
688,-23.718327909276834,10,15,0.0
689,-43.77368841261937,8,17,0.0
690,-23.083133652469304,10,15,0.0
691,-4.082368369691848,12,13,0.0
692,-24.13151049979198,10,15,0.0
693,-13.029036705265248,11,14,0.0
694,-23.315368001495692,10,15,0.0
695,-3.752665255070764,12,13,0.0
696,-14.43314268297511,11,14,0.0
697,-33.43589889815621,9,16,0.0
698,-34.19331154624968,9,16,0.0
699,-3.5989774031625705,12,13,0.0
700,-23.68196119424639,10,15,0.0
701,-2.6161132569937546,12,13,0.0
702,-3.611524036632078,12,13,0.0
703,-34.236955065279304,9,16,0.0
704,-23.232482896528623,10,15,0.0
705,6.039099000676637,13,12,0.0
706,-13.089864535976824,11,14,0.0
707,16.482892663703815,14,11,0.0
708,-14.042513846195703,11,14,0.0
709,15.694974174999961,14,11,0.0
710,-23.825022883256707,10,15,0.0
711,-14.171500871095787,11,14,0.0
712,-42.833618370127155,8,17,0.0
713,-22.951325104271938,10,15,0.0
714,-4.312904103065188,12,13,0.0
715,16.291824505156264,14,11,0.0
716,5.255873542514683,13,12,0.0
717,-13.732530915578206,11,14,0.0
718,-4.308329934794719,12,13,0.0
719,-43.940418003183225,8,17,0.0
720,-24.5204481206672,10,15,0.0
721,-13.788383953918363,11,14,0.0
722,-44.47758437286353,8,17,0.0
723,-14.151065650619385,11,14,0.0
724,-4.331657328080525,12,13,0.0
725,-4.549146355689629,12,13,0.0
726,5.961273830851866,13,12,0.0
727,-3.6784676146559288,12,13,0.0
728,-14.7264208849341,11,14,0.0
729,16.142903264941417,14,11,0.0
730,6.615870102967706,13,12,0.0
731,6.191005701078572,13,12,0.0
732,-13.352645451214316,11,14,0.0
733,6.425063631884207,13,12,0.0
734,-13.956755156314793,11,14,0.0
735,-4.183849994671913,12,13,0.0
736,-4.704646516194878,12,13,0.0
737,-4.694398732351118,12,13,0.0
738,5.852176722803126,13,12,0.0
739,6.6051214486150105,13,12,0.0
740,5.2867365405957685,13,12,0.0
741,-3.748889252964833,12,13,0.0
742,15.46505307347501,14,11,0.0
743,16.533313479104457,14,11,0.0
744,6.5416819581555465,13,12,0.0
745,16.710311585631356,14,11,0.0
746,25.8694623324417,15,10,0.0
747,-3.9577116642956955,12,13,0.0
748,7.149088965948108,13,12,0.0
749,-34.59200144337787,9,16,0.0
750,6.480488959191057,13,12,0.0
751,-12.958556607241105,11,14,0.0
752,-13.962582045471315,11,14,0.0
753,6.526751133475033,13,12,0.0
754,6.531232312040421,13,12,0.0
755,26.603781815622455,15,10,0.0
756,-3.007019098846019,12,13,0.0
757,26.48067038312007,15,10,0.0
758,5.954675421294102,13,12,0.0
759,16.163512663101454,14,11,0.0
760,-2.907881310165063,12,13,0.0
761,6.213437481580957,13,12,0.0
762,6.400062948362429,13,12,0.0
763,7.613972897213576,13,12,0.0
764,6.089921214294517,13,12,0.0
765,6.625377825758591,13,12,0.0
766,26.714116052229855,15,10,0.0
767,16.234990957243994,14,11,0.0
768,16.7576571490368,14,11,0.0
769,6.3427735330400115,13,12,0.0
770,-12.972536695755732,11,14,0.0
771,5.928435750319817,13,12,0.0
772,15.930660533581268,14,11,0.0
773,-13.75375243423494,11,14,0.0
774,27.230157150022524,15,10,0.0
775,16.828817373967624,14,11,0.0
776,-13.29544963287735,11,14,0.0
777,-3.81657621080058,12,13,0.0
778,-3.410187355669856,12,13,0.0
779,6.264121475188881,13,12,0.0
780,6.207945380672715,13,12,0.0
781,-3.9492955980485913,12,13,0.0
782,17.14829562424286,14,11,0.0
783,6.539075612172288,13,12,0.0
784,15.829306905604309,14,11,0.0
785,4.9829958918731805,13,12,0.0
786,-3.504824654553179,12,13,0.0
787,16.692601456601203,14,11,0.0
788,5.668737018654099,13,12,0.0
789,-3.6899975125450197,12,13,0.0
790,6.88224913756927,13,12,0.0
791,-23.470173603187817,10,15,0.0
792,16.125410762718833,14,11,0.0
793,15.053635951606314,14,11,0.0
794,-13.37832343460049,11,14,0.0
795,6.397571222080696,13,12,0.0
796,-23.652500537265954,10,15,0.0
797,-3.2657439764556813,12,13,0.0
798,6.650795642068282,13,12,0.0
799,-3.2782038210667546,12,13,0.0
800,16.097753953503457,14,11,0.0
801,-4.0271323007037445,12,13,0.0
802,-3.993320448521578,12,13,0.0
803,15.105779715560924,14,11,0.0
804,16.34391559543027,14,11,0.0
805,6.210050594706775,13,12,0.0
806,-15.18369802162178,11,14,0.0
807,-13.379148556693147,11,14,0.0
808,-3.26264619247063,12,13,0.0
809,-5.274533143838664,12,13,0.0
810,16.66159769913047,14,11,0.0
811,-13.577816789665835,11,14,0.0
812,26.2544896619783,15,10,0.0
813,16.656454454243146,14,11,0.0
814,5.540357313427471,13,12,0.0
815,-24.592331538788947,10,15,0.0
816,-3.169444509136323,12,13,0.0
817,15.97494001951414,14,11,0.0
818,-35.77665962276902,9,16,0.0
819,-24.962573496195347,10,15,0.0
820,6.04076401290088,13,12,0.0
821,-4.110675196884049,12,13,0.0
822,-24.14466150476395,10,15,0.0
823,-13.17117098899623,11,14,0.0
824,-14.48225237041681,11,14,0.0
825,-13.578435568356905,11,14,0.0
826,-2.9643792416366352,12,13,0.0
827,-2.9390362946407667,12,13,0.0
828,-4.313859683893968,12,13,0.0
829,-13.802471407908534,11,14,0.0
830,-3.6312969317351147,12,13,0.0
831,-14.80241617931833,11,14,0.0
832,-4.0157508282498515,12,13,0.0
833,-4.540547694216807,12,13,0.0
834,16.563893924236623,14,11,0.0
835,5.744783328681532,13,12,0.0
836,-33.467462253907236,9,16,0.0
837,-25.560357540669266,10,15,0.0
838,-13.925080025719016,11,14,0.0
839,-14.398529904375241,11,14,0.0
840,16.280761124075656,14,11,0.0
841,7.42848510440089,13,12,0.0
842,6.619264406871594,13,12,0.0
843,-13.281491107288137,11,14,0.0
844,-24.223771465710826,10,15,0.0
845,-13.256807293345805,11,14,0.0
846,6.563066872642846,13,12,0.0
847,6.504582280582262,13,12,0.0
848,-24.234723963298723,10,15,0.0
849,-3.722260415181143,12,13,0.0
850,-3.8540454735318583,12,13,0.0
851,6.565933904819174,13,12,0.0
852,-4.169220760851182,12,13,0.0
853,-3.0277207069667558,12,13,0.0
854,7.084865637441077,13,12,0.0
855,-13.305637752700424,11,14,0.0
856,-3.523318738091298,12,13,0.0
857,16.534879446852173,14,11,0.0
858,-13.197325593405973,11,14,0.0
859,-3.600692863790883,12,13,0.0
860,6.719065453387007,13,12,0.0
861,5.1458565383219135,13,12,0.0
862,17.14616108218694,14,11,0.0
863,-22.8158447748656,10,15,0.0
864,-4.0112367720887825,12,13,0.0
865,16.379092524946337,14,11,0.0
866,-2.8846320836397012,12,13,0.0
867,16.56307590851461,14,11,0.0
868,6.563404491341835,13,12,0.0
869,6.268990100104812,13,12,0.0
870,-33.74930208884681,9,16,0.0
871,-3.141755414040354,12,13,0.0
872,-13.165298597058555,11,14,0.0
873,-14.256179730424412,11,14,0.0
874,-3.375750393279862,12,13,0.0
875,-4.405400119982726,12,13,0.0
876,-3.573657063589401,12,13,0.0
877,6.271083580475754,13,12,0.0
878,5.999432156117635,13,12,0.0
879,-14.265045655734617,11,14,0.0
880,-3.8318531499359523,12,13,0.0
881,-3.398800768456441,12,13,0.0
882,17.85019435183746,14,11,0.0
883,-13.766516352587182,11,14,0.0
884,6.960205677713338,13,12,0.0
885,16.863306414098773,14,11,0.0
886,-3.8696640532685933,12,13,0.0
887,-14.06005919436986,11,14,0.0
888,6.556428206093312,13,12,0.0
889,-14.463120175485738,11,14,0.0
890,26.686109848717376,15,10,0.0
891,-13.550545648128338,11,14,0.0
892,-3.614186563383779,12,13,0.0
893,6.632506400074728,13,12,0.0
894,-3.8068145651341965,12,13,0.0
895,15.388604951508938,14,11,0.0
896,6.498159090876783,13,12,0.0
897,6.685183606808484,13,12,0.0
898,15.793793549790445,14,11,0.0
899,17.306723826729453,14,11,0.0
900,7.005033391110244,13,12,0.0
901,-3.0071665391666436,12,13,0.0
902,6.695198831936409,13,12,0.0
903,-13.395367683379918,11,14,0.0
904,6.922658386020863,13,12,0.0
905,6.801402244347887,13,12,0.0
906,7.457454589178187,13,12,0.0
907,26.577913395295788,15,10,0.0
908,6.55153291754182,13,12,0.0
909,-3.028596526827603,12,13,0.0
910,-14.26504849236636,11,14,0.0
911,5.963782462869325,13,12,0.0
912,-3.599521951483135,12,13,0.0
913,6.42772010239211,13,12,0.0
914,6.116502705775286,13,12,0.0
915,6.0837222190725875,13,12,0.0
916,6.008090249911163,13,12,0.0
917,7.280739552725855,13,12,0.0
918,-14.311332704940419,11,14,0.0
919,-3.077608524527575,12,13,0.0
920,-4.131206136711983,12,13,0.0
921,-3.5031329784360956,12,13,0.0
922,-13.606488232187465,11,14,0.0
923,-2.876084561744406,12,13,0.0
924,-13.858494640121584,11,14,0.0
925,6.3689956741380875,13,12,0.0
926,-23.775111265615728,10,15,0.0
927,7.189568832914414,13,12,0.0
928,-3.401097796033806,12,13,0.0
929,-13.828528709027104,11,14,0.0
930,6.256853019518175,13,12,0.0
931,-13.192863274774345,11,14,0.0
932,26.584834579193604,15,10,0.0
933,7.318715159822789,13,12,0.0
934,-3.5542039352102464,12,13,0.0
935,-13.52701765820618,11,14,0.0
936,6.732609228711141,13,12,0.0
937,6.117990927193258,13,12,0.0
938,-3.3898897285533263,12,13,0.0
939,5.395596325980446,13,12,0.0
940,-4.201484804247933,12,13,0.0
941,-13.77625605194477,11,14,0.0
942,-3.566127074392238,12,13,0.0
943,-2.994651805331692,12,13,0.0
944,-3.357306254418255,12,13,0.0
945,-2.4280814592523843,12,13,0.0
946,-23.668096701347338,10,15,0.0
947,6.087785727187391,13,12,0.0
948,-13.37470073828079,11,14,0.0
949,-2.9862430145440886,12,13,0.0
950,6.593665830210069,13,12,0.0
951,-3.2230125050654106,12,13,0.0
952,16.121271333115686,14,11,0.0
953,16.788968117775138,14,11,0.0
954,6.8962942961703035,13,12,0.0
955,-22.77827211409243,10,15,0.0
956,16.8023652918752,14,11,0.0
957,15.469029152629611,14,11,0.0
958,16.241240406332384,14,11,0.0
959,-12.950548516728267,11,14,0.0
960,16.371239086904573,14,11,0.0
961,-3.3159865661490464,12,13,0.0
962,7.068482447176898,13,12,0.0
963,6.602778792615281,13,12,0.0
964,16.541221728018243,14,11,0.0
965,-3.7416521848156954,12,13,0.0
966,7.4299231886109425,13,12,0.0
967,16.81298794183638,14,11,0.0
968,26.527556400894085,15,10,0.0
969,16.602455895185585,14,11,0.0
970,-3.5422436108251993,12,13,0.0
971,-24.681238216745598,10,15,0.0
972,-3.9998130513692214,12,13,0.0
973,5.828474175267068,13,12,0.0
974,-3.418087443181742,12,13,0.0
975,-24.17395135510855,10,15,0.0
976,46.620701561042125,17,8,0.0
977,-14.349236210847813,11,14,0.0
978,16.191427872717036,14,11,0.0
979,-3.2197889499224424,12,13,0.0
980,-3.205169503189225,12,13,0.0
981,7.536161119545223,13,12,0.0
982,16.226432336328784,14,11,0.0
983,16.24015836287605,14,11,0.0
984,26.091207866341467,15,10,0.0
985,6.620018617430439,13,12,0.0
986,-3.418131842894862,12,13,0.0
987,16.463003323571286,14,11,0.0
988,15.83887689575583,14,11,0.0
989,-4.048303566438695,12,13,0.0
990,-4.525473042505875,12,13,0.0
991,-12.692351293743958,11,14,0.0
992,-3.1472979101268805,12,13,0.0
993,-3.3051025507108696,12,13,0.0
994,-4.322286776184663,12,13,0.0
995,5.670465188717955,13,12,0.0
996,26.367313897458114,15,10,0.0
997,26.585733743941034,15,10,0.0
998,-13.865852151361803,11,14,0.0
999,-4.513401830017198,12,13,0.0
1000,-3.450082373619498,12,13,0.0
1001,5.628406887999253,13,12,0.0
1002,5.932036536109042,13,12,0.0
1003,16.430194811088693,14,11,0.0
1004,-4.192148728642282,12,13,0.0
1005,16.436122792587447,14,11,0.0
1006,16.2497807254855,14,11,0.0
1007,-13.4422402132269,11,14,0.0
1008,6.562942766257656,13,12,0.0
1009,-13.939754450720354,11,14,0.0
1010,16.511436802940178,14,11,0.0
1011,16.739030098230636,14,11,0.0
1012,27.284565046549744,15,10,0.0
1013,25.96920981519302,15,10,0.0
1014,6.3002967643529075,13,12,0.0
1015,16.067272004127776,14,11,0.0
1016,17.01254480339278,14,11,0.0
1017,26.26614344653959,15,10,0.0
1018,-14.089362429746739,11,14,0.0
1019,6.306690414466978,13,12,0.0
1020,4.607921646907737,13,12,0.0
1021,16.510508087553283,14,11,0.0
1022,-4.021921815850783,12,13,0.0
1023,6.347739655540954,13,12,0.0
1024,5.931536771604581,13,12,0.0
1025,-4.278651064250907,12,13,0.0
1026,-3.550749770486963,12,13,0.0
1027,-14.335403460509154,11,14,0.0
1028,-4.415845713186682,12,13,0.0
1029,-13.673270224641218,11,14,0.0
1030,5.787472427019038,13,12,0.0
1031,6.682876077867316,13,12,0.0
1032,-5.994831908181734,12,13,0.0
1033,6.1658235603779925,13,12,0.0
1034,25.87053160403645,15,10,0.0
1035,6.444966079980418,13,12,0.0
1036,6.785872166556281,13,12,0.0
1037,16.334716632605772,14,11,0.0
1038,-4.991922670056905,12,13,0.0
1039,6.323518514377984,13,12,0.0
1040,16.380075530198944,14,11,0.0
1041,6.663173967302278,13,12,0.0
1042,-3.7875685722497607,12,13,0.0
1043,5.310779056644339,13,12,0.0
1044,6.183485975501444,13,12,0.0
1045,5.543492285965028,13,12,0.0
1046,6.181968822183723,13,12,0.0
1047,16.716618282010028,14,11,0.0
1048,5.584485346505211,13,12,0.0
1049,-3.224115740113028,12,13,0.0
1050,-4.374648430719686,12,13,0.0
1051,6.048419629884327,13,12,0.0
1052,-23.845033270732976,10,15,0.0
1053,-14.918863744370025,11,14,0.0
1054,-5.215552679935561,12,13,0.0
1055,6.566813259333285,13,12,0.0
1056,6.326143236835726,13,12,0.0
1057,-14.139674890875419,11,14,0.0
1058,-14.358134935417159,11,14,0.0
1059,-4.957743083801102,12,13,0.0
1060,-14.422617311546755,11,14,0.0
1061,6.494062645699858,13,12,0.0
1062,-14.631727869466971,11,14,0.0
1063,4.64169095650967,13,12,0.0
1064,-4.54031569303292,12,13,0.0
1065,5.82549636066346,13,12,0.0
1066,16.438505293531442,14,11,0.0
1067,-3.4711329164456703,12,13,0.0
1068,16.117962192593478,14,11,0.0
1069,6.467676311966397,13,12,0.0
1070,6.385133182763657,13,12,0.0
1071,-4.8195698039692605,12,13,0.0
1072,-4.952603292042953,12,13,0.0
1073,-4.372799747599882,12,13,0.0
1074,5.537191043663087,13,12,0.0
1075,6.242248728735509,13,12,0.0
1076,5.488591304209096,13,12,0.0
1077,-14.471540890974815,11,14,0.0
1078,15.786180069430337,14,11,0.0
1079,15.24442698429452,14,11,0.0
1080,16.013637411182224,14,11,0.0
1081,-4.9530154640413055,12,13,0.0
1082,15.253611028496152,14,11,0.0
1083,15.60656134780726,14,11,0.0
1084,-4.765963959171981,12,13,0.0
1085,15.424787077029178,14,11,0.0
1086,15.933130599013346,14,11,0.0
1087,6.37507905799713,13,12,0.0
1088,5.365671913522721,13,12,0.0
1089,-4.647303508843693,12,13,0.0
1090,-4.5590288346941445,12,13,0.0
1091,16.221723702023333,14,11,0.0
1092,6.034125637156866,13,12,0.0
1093,-4.204091850749924,12,13,0.0
1094,-4.529170380320593,12,13,0.0
1095,-3.705422154323254,12,13,0.0
1096,5.02994907559039,13,12,0.0
1097,-3.7064200968710885,12,13,0.0
1098,5.327889414645616,13,12,0.0
1099,15.373303882434435,14,11,0.0
1100,-4.978648213008351,12,13,0.0
1101,4.8129251534855335,13,12,0.0
1102,14.776819489775697,14,11,0.0
1103,5.2716291251505,13,12,0.0
1104,-5.56448978570752,12,13,0.0
1105,25.29662689223248,15,10,0.0
1106,-3.4996811354005626,12,13,0.0
1107,6.095644966708418,13,12,0.0
1108,26.745303004736247,15,10,0.0
1109,5.381601850460223,13,12,0.0
1110,5.327716634895099,13,12,0.0
1111,15.842610505124675,14,11,0.0
1112,16.60779189362223,14,11,0.0
1113,5.124859610049991,13,12,0.0
1114,5.527551023826888,13,12,0.0
1115,-13.912075507632277,11,14,0.0
1116,5.1649015392674364,13,12,0.0
1117,15.848817032943156,14,11,0.0
1118,6.114609925132299,13,12,0.0
1119,-15.016726697192572,11,14,0.0
1120,-14.618931177958718,11,14,0.0
1121,-4.136938474592953,12,13,0.0
1122,15.34494210317277,14,11,0.0
1123,5.516914315609753,13,12,0.0
1124,5.752946315148424,13,12,0.0
1125,15.960620913414257,14,11,0.0
1126,-14.998851606499642,11,14,0.0
1127,-5.537900511208383,12,13,0.0
1128,16.321740218279192,14,11,0.0
1129,-4.6915159115120275,12,13,0.0
1130,-4.437370399941695,12,13,0.0
1131,15.023787132777835,14,11,0.0
1132,5.713495504426413,13,12,0.0
1133,-14.229675236067656,11,14,0.0
1134,-4.719967151309868,12,13,0.0
1135,4.879600871914405,13,12,0.0
1136,6.923023499552976,13,12,0.0
1137,5.679013671549889,13,12,0.0
1138,-14.056637268242898,11,14,0.0
1139,-14.360079262232636,11,14,0.0
1140,4.708864840642175,13,12,0.0
1141,-4.9826631061941615,12,13,0.0
1142,-4.008201926252983,12,13,0.0
1143,5.343597951950651,13,12,0.0
1144,-15.079364468441764,11,14,0.0
1145,5.178271031378928,13,12,0.0
1146,-4.230057868134859,12,13,0.0
1147,-5.266395412508037,12,13,0.0
1148,-24.86632013526534,10,15,0.0
1149,-15.142058498632107,11,14,0.0
1150,-4.769521916804455,12,13,0.0
1151,-14.775244171669453,11,14,0.0
1152,-5.237964862894955,12,13,0.0
1153,5.669749916790819,13,12,0.0
1154,-5.00723615992823,12,13,0.0
1155,4.208139168384968,13,12,0.0
1156,-4.705921913362033,12,13,0.0
1157,5.477952623139027,13,12,0.0
1158,5.272888895440141,13,12,0.0
1159,5.372390054021865,13,12,0.0
1160,15.588980067961225,14,11,0.0
1161,5.308872254674346,13,12,0.0
1162,4.638558202607141,13,12,0.0
1163,-4.573276005228479,12,13,0.0
1164,16.441076608897774,14,11,0.0
1165,4.929297072691824,13,12,0.0
1166,-14.333711833042178,11,14,0.0
1167,16.623168042056882,14,11,0.0
1168,5.2162931050867,13,12,0.0
1169,15.537346623251636,14,11,0.0
1170,16.022264008401393,14,11,0.0
1171,5.485758524511919,13,12,0.0
1172,5.596674461228243,13,12,0.0
1173,-14.87790231178505,11,14,0.0
1174,5.538437639554381,13,12,0.0
1175,26.35921758813701,15,10,0.0
1176,-3.5767919532758015,12,13,0.0
1177,-5.793212445889251,12,13,0.0
1178,-14.676505038898616,11,14,0.0
1179,-14.157017848875677,11,14,0.0
1180,16.298191644212075,14,11,0.0
1181,-13.8995062387166,11,14,0.0
1182,-4.272060853855754,12,13,0.0
1183,5.582206960689653,13,12,0.0
1184,15.6815972099615,14,11,0.0
1185,5.112224965279173,13,12,0.0
1186,6.240792553881342,13,12,0.0
1187,5.892638419594068,13,12,0.0
1188,6.1150556964157365,13,12,0.0
1189,16.16142479952869,14,11,0.0
1190,5.434345160711974,13,12,0.0
1191,5.273622433633635,13,12,0.0
1192,-3.774178107195482,12,13,0.0
1193,6.225796783018708,13,12,0.0
1194,-13.89072804108129,11,14,0.0
1195,-24.74332607677136,10,15,0.0
1196,-5.113067617896534,12,13,0.0
1197,27.13861374273376,15,10,0.0
1198,-3.784387842862426,12,13,0.0
1199,6.033475588597122,13,12,0.0
1200,5.496587104435356,13,12,0.0
1201,25.854681125760152,15,10,0.0
1202,5.64190927055844,13,12,0.0
1203,5.831777885958346,13,12,0.0
1204,5.154000793670099,13,12,0.0
1205,5.165775964300298,13,12,0.0
1206,5.809577772975503,13,12,0.0
1207,-3.896385046318544,12,13,0.0
1208,5.420478038310016,13,12,0.0
1209,6.224814555463102,13,12,0.0
1210,-4.496150646028873,12,13,0.0
1211,5.3480604503044695,13,12,0.0
1212,6.012580633826731,13,12,0.0
1213,5.564451095570119,13,12,0.0
1214,15.477324362441903,14,11,0.0
1215,15.414925869723799,14,11,0.0
1216,5.53166509860225,13,12,0.0
1217,-14.460012963461233,11,14,0.0
1218,5.734591490091317,13,12,0.0
1219,4.796715339524466,13,12,0.0
1220,-3.9750189042399775,12,13,0.0
1221,-4.291017138396747,12,13,0.0
1222,-4.7798301412975075,12,13,0.0
1223,-4.020684228375078,12,13,0.0
1224,-14.58914673883218,11,14,0.0
1225,-14.496352215369226,11,14,0.0
1226,14.910711607221483,14,11,0.0
1227,16.44655876186639,14,11,0.0
1228,16.016542605649782,14,11,0.0
1229,-4.729209704347699,12,13,0.0
1230,-4.15009678988234,12,13,0.0
1231,6.08868211844592,13,12,0.0
1232,26.209120696368302,15,10,0.0
1233,15.71597772285886,14,11,0.0
1234,16.2777689318307,14,11,0.0
1235,-3.963004854287022,12,13,0.0
1236,15.2944773995065,14,11,0.0
1237,-4.079653441531068,12,13,0.0
1238,6.348091949988341,13,12,0.0
1239,6.4418642331064735,13,12,0.0
1240,-14.213353727686105,11,14,0.0
1241,-2.9677464289475015,12,13,0.0
1242,16.125955830587095,14,11,0.0
1243,16.123205535292954,14,11,0.0
1244,16.634401271466672,14,11,0.0
1245,-3.2362256680051296,12,13,0.0
1246,5.982750619768504,13,12,0.0
1247,-4.498088176267402,12,13,0.0
1248,7.359797516490431,13,12,0.0
1249,5.794199174555568,13,12,0.0
1250,25.86470331395162,15,10,0.0
1251,16.408579887071514,14,11,0.0
1252,26.19193348221459,15,10,0.0
1253,6.19006173081573,13,12,0.0
1254,15.87445130941225,14,11,0.0
1255,6.480131313703911,13,12,0.0
1256,-24.209849343295087,10,15,0.0
1257,6.793767259130842,13,12,0.0
1258,6.200889053413424,13,12,0.0
1259,5.892286979019968,13,12,0.0
1260,5.796663572658113,13,12,0.0
1261,6.107190116617913,13,12,0.0
1262,6.110464353145128,13,12,0.0
1263,26.020059068433703,15,10,0.0
1264,6.346419534309307,13,12,0.0
1265,-3.2629674926489614,12,13,0.0
1266,-3.207451356367434,12,13,0.0
1267,-3.236718617256578,12,13,0.0
1268,-3.4194124919128903,12,13,0.0
1269,6.27646264534739,13,12,0.0
1270,-23.520572008026463,10,15,0.0
1271,6.577108168914268,13,12,0.0
1272,6.833336786121395,13,12,0.0
1273,17.029056224311926,14,11,0.0
1274,-4.25926774543062,12,13,0.0
1275,-13.739251674676677,11,14,0.0
1276,-13.301009850815298,11,14,0.0
1277,15.451111936393538,14,11,0.0
1278,15.063990365652224,14,11,0.0
1279,17.110029530480386,14,11,0.0
1280,36.34050823083604,16,9,0.0
1281,6.487478965401712,13,12,0.0
1282,-3.0252109827585727,12,13,0.0
1283,-22.575766135431007,10,15,0.0
1284,15.772609576689716,14,11,0.0
1285,5.906455951723862,13,12,0.0
1286,-14.657195378359049,11,14,0.0
1287,27.227192032545982,15,10,0.0
1288,6.715371210046243,13,12,0.0
1289,5.800138585733082,13,12,0.0
1290,16.440288101443382,14,11,0.0
1291,27.027772357315936,15,10,0.0
1292,27.01249190478468,15,10,0.0
1293,26.349103706020895,15,10,0.0
1294,6.204212436798841,13,12,0.0
1295,6.392601285459648,13,12,0.0
1296,16.741106430226992,14,11,0.0
1297,15.769326370713674,14,11,0.0
1298,35.979335921566175,16,9,0.0
1299,-3.3255908990803675,12,13,0.0
1300,7.064148574314148,13,12,0.0
1301,-3.620132840151701,12,13,0.0
1302,-4.043545139598112,12,13,0.0
1303,26.444868228856865,15,10,0.0
1304,6.3791332690852105,13,12,0.0
1305,16.26728101083941,14,11,0.0
1306,17.116692605482488,14,11,0.0
1307,-13.73928995697211,11,14,0.0
1308,-4.4692550365304395,12,13,0.0
1309,-4.085938474572771,12,13,0.0
1310,-13.968584364580192,11,14,0.0
1311,16.436699024131826,14,11,0.0
1312,-3.979712182592152,12,13,0.0
1313,6.481987132263622,13,12,0.0
1314,6.240536172745246,13,12,0.0
1315,-3.4791781582472048,12,13,0.0
1316,-3.9004232870930657,12,13,0.0
1317,-14.19591293573395,11,14,0.0
1318,15.885387811545645,14,11,0.0
1319,15.488606986025799,14,11,0.0
1320,5.789443477001875,13,12,0.0
1321,6.045491307097603,13,12,0.0
1322,-4.439160359860892,12,13,0.0
1323,-14.173887012807883,11,14,0.0
1324,6.089793983309445,13,12,0.0
1325,-3.502884852077223,12,13,0.0
1326,6.474324096721874,13,12,0.0
1327,-3.8109194101344155,12,13,0.0
1328,-14.508011444491686,11,14,0.0
1329,-13.683735007541902,11,14,0.0
1330,6.395403283242285,13,12,0.0
1331,6.566203529355047,13,12,0.0
1332,-14.199774217267295,11,14,0.0
1333,5.604417802317505,13,12,0.0
1334,-13.89571066444955,11,14,0.0
1335,16.424349822771795,14,11,0.0
1336,16.20435423443223,14,11,0.0
1337,-3.9861445762091634,12,13,0.0
1338,-4.180847901856548,12,13,0.0
1339,-4.288780904871533,12,13,0.0
1340,-14.205689494867613,11,14,0.0
1341,-13.59783631820471,11,14,0.0
1342,-4.084573273999798,12,13,0.0
1343,-14.453096823517658,11,14,0.0
1344,-5.014195290367612,12,13,0.0
1345,-4.312736549070651,12,13,0.0
1346,-3.5613854698431116,12,13,0.0
1347,-24.12931777836655,10,15,0.0
1348,5.892396422081163,13,12,0.0
1349,-4.030738095877343,12,13,0.0
1350,-3.8091771979728577,12,13,0.0
1351,15.871462809925971,14,11,0.0
1352,7.096498410691362,13,12,0.0
1353,15.834781562313013,14,11,0.0
1354,15.987668464887081,14,11,0.0
1355,5.542338951366792,13,12,0.0
1356,6.507844599791701,13,12,0.0
1357,-24.207810388635718,10,15,0.0
1358,15.937596704721063,14,11,0.0
1359,15.835397272936664,14,11,0.0
1360,5.864379132317321,13,12,0.0
1361,15.785217122548708,14,11,0.0
1362,5.770330522310497,13,12,0.0
1363,26.870665997042025,15,10,0.0
1364,5.9950242827278295,13,12,0.0
1365,26.42659613852318,15,10,0.0
1366,16.21455003761849,14,11,0.0
1367,15.508181932421378,14,11,0.0
1368,7.044276803161246,13,12,0.0
1369,-3.173901430878413,12,13,0.0
1370,-3.4672972733388647,12,13,0.0
1371,5.98085761938059,13,12,0.0
1372,5.891927398003308,13,12,0.0
1373,16.08003561181046,14,11,0.0
1374,-3.6634828650778353,12,13,0.0
1375,16.633153625480873,14,11,0.0
1376,-13.833786823832401,11,14,0.0
1377,6.6919210832847185,13,12,0.0
1378,26.421931310294347,15,10,0.0
1379,6.212164304093376,13,12,0.0
1380,-3.9225000341790768,12,13,0.0
1381,5.917635623865781,13,12,0.0
1382,16.48946386362703,14,11,0.0
1383,7.40236422461048,13,12,0.0
1384,-3.488665013787493,12,13,0.0
1385,-4.061871879226008,12,13,0.0
1386,5.83799531527575,13,12,0.0
1387,-4.637598870366691,12,13,0.0
1388,-3.9107897991095566,12,13,0.0
1389,17.093519077036753,14,11,0.0
1390,16.634535418745607,14,11,0.0
1391,-3.986648356774026,12,13,0.0
1392,6.4352277118544965,13,12,0.0
1393,-13.907335421777503,11,14,0.0
1394,16.558377023058576,14,11,0.0
1395,5.641331881934537,13,12,0.0
1396,15.754100766024312,14,11,0.0
1397,6.382093370920169,13,12,0.0
1398,6.385360413912206,13,12,0.0
1399,16.057351569826213,14,11,0.0
1400,-3.9167086092076175,12,13,0.0
1401,-3.405079377048523,12,13,0.0
1402,-3.3203284052553492,12,13,0.0
1403,-3.238775664748438,12,13,0.0
1404,7.093164478105603,13,12,0.0
1405,17.17115784298986,14,11,0.0
1406,6.316242024473652,13,12,0.0
1407,6.60473640895955,13,12,0.0
1408,6.736493696306436,13,12,0.0
1409,6.259289807420792,13,12,0.0
1410,-3.2971386980284514,12,13,0.0
1411,6.0089242756409185,13,12,0.0
1412,15.968471409999538,14,11,0.0
1413,16.103390562253836,14,11,0.0
1414,-3.931852065746142,12,13,0.0
1415,-3.9259936799660267,12,13,0.0
1416,6.437940710576015,13,12,0.0
1417,-3.711940782970917,12,13,0.0
1418,-3.6389981460235177,12,13,0.0
1419,-4.089050337389178,12,13,0.0
1420,-13.553992071244476,11,14,0.0
1421,-3.7238337120566314,12,13,0.0
1422,6.587402856998288,13,12,0.0
1423,6.468166689367177,13,12,0.0
1424,5.514258839745668,13,12,0.0
1425,6.261955929235377,13,12,0.0
1426,15.653200940948796,14,11,0.0
1427,6.675252081375675,13,12,0.0
1428,16.361420319614183,14,11,0.0
1429,6.178345164817927,13,12,0.0
1430,-13.642660502799904,11,14,0.0
1431,-24.209687273321542,10,15,0.0
1432,-4.800209937791619,12,13,0.0
1433,-14.417217487385617,11,14,0.0
1434,6.0952936997221006,13,12,0.0
1435,-3.3039231356560954,12,13,0.0
1436,15.51323521852818,14,11,0.0
1437,-3.7757648982889336,12,13,0.0
1438,5.799152766070932,13,12,0.0
1439,6.232741941481347,13,12,0.0
1440,7.143573610785362,13,12,0.0
1441,-3.4026856871377262,12,13,0.0
1442,-3.445209527992441,12,13,0.0
1443,15.592328033800127,14,11,0.0
1444,-14.022477428156133,11,14,0.0
1445,7.049481403111848,13,12,0.0
1446,6.283637930004716,13,12,0.0
1447,-13.465575066105355,11,14,0.0
1448,6.0979475657925395,13,12,0.0
1449,16.34380415026956,14,11,0.0
1450,6.707795118339185,13,12,0.0
1451,16.52705751558404,14,11,0.0
1452,16.076095876915083,14,11,0.0
1453,5.793855273417371,13,12,0.0
1454,-3.6164250793144763,12,13,0.0
1455,-14.127864385091938,11,14,0.0
1456,15.303859085293888,14,11,0.0
1457,6.257204391721036,13,12,0.0
1458,6.299094149658687,13,12,0.0
1459,15.890117044008992,14,11,0.0
1460,15.82194367780402,14,11,0.0
1461,16.31652768769782,14,11,0.0
1462,6.206225817070337,13,12,0.0
1463,5.932745302232732,13,12,0.0
1464,6.443391099092489,13,12,0.0
1465,6.5286865774912215,13,12,0.0
1466,-4.540163998896398,12,13,0.0
1467,5.875684712684473,13,12,0.0
1468,-13.561844546623483,11,14,0.0
1469,6.3268864490555,13,12,0.0
1470,6.332811895043275,13,12,0.0
1471,5.217907291508019,13,12,0.0
1472,15.746418156339349,14,11,0.0
1473,-3.3398105441299926,12,13,0.0
1474,16.27296107088982,14,11,0.0
1475,-4.035511063497761,12,13,0.0
1476,6.0881843164770615,13,12,0.0
1477,-14.230108227791076,11,14,0.0
1478,5.857505782927582,13,12,0.0
1479,5.976154828530971,13,12,0.0
1480,-3.1995223392498584,12,13,0.0
1481,5.321444840023322,13,12,0.0
1482,15.470524043523112,14,11,0.0
1483,5.996438823163796,13,12,0.0
1484,-4.039117818650567,12,13,0.0
1485,4.906394280329565,13,12,0.0
1486,-4.301094132378132,12,13,0.0
1487,-4.956582392574074,12,13,0.0
1488,-5.122776460769012,12,13,0.0
1489,5.738615704069744,13,12,0.0
1490,4.930746625326233,13,12,0.0
1491,5.022698103695536,13,12,0.0
1492,4.586736551333239,13,12,0.0
1493,-14.710324816821228,11,14,0.0
1494,-24.63483605149793,10,15,0.0
1495,5.6764232650432085,13,12,0.0
1496,-4.056492316270987,12,13,0.0
1497,-4.211750029367021,12,13,0.0
1498,-4.624868950806494,12,13,0.0
1499,-4.155547883761372,12,13,0.0
1500,5.740215538214869,13,12,0.0
1501,5.126475344697607,13,12,0.0
1502,15.056931749930172,14,11,0.0
1503,-4.6397324785293605,12,13,0.0
1504,-4.429975960606379,12,13,0.0
1505,5.258507320183645,13,12,0.0
1506,-4.665447799712897,12,13,0.0
1507,-3.824298352120138,12,13,0.0
1508,-4.241433745463791,12,13,0.0
1509,5.013581598176918,13,12,0.0
1510,-14.277473484933878,11,14,0.0
1511,-13.59858962819263,11,14,0.0
1512,-14.207480132031613,11,14,0.0
1513,-4.461046877981287,12,13,0.0
1514,5.302381070511522,13,12,0.0
1515,-14.565067569780492,11,14,0.0
1516,5.296018122177973,13,12,0.0
1517,-14.125682845850058,11,14,0.0
1518,5.795372272222174,13,12,0.0
1519,5.510239107895355,13,12,0.0
1520,-4.56346212363006,12,13,0.0
1521,-14.029460236206887,11,14,0.0
1522,4.555120379713621,13,12,0.0
1523,5.021359377463577,13,12,0.0
1524,14.465311622615431,14,11,0.0
1525,5.806721550083765,13,12,0.0
1526,-4.625203590466654,12,13,0.0
1527,-14.979688560995198,11,14,0.0
1528,15.797660101310564,14,11,0.0
1529,-14.064143630445052,11,14,0.0
1530,5.261191269091935,13,12,0.0
1531,-4.410005681305382,12,13,0.0
1532,5.682031384392747,13,12,0.0
1533,-4.98956443684812,12,13,0.0
1534,-3.978434437302454,12,13,0.0
1535,15.863698975355703,14,11,0.0
1536,-4.908067412254759,12,13,0.0
1537,-15.158486548763245,11,14,0.0
1538,25.389955207130882,15,10,0.0
1539,-4.224050830781557,12,13,0.0
1540,-13.975631062159323,11,14,0.0
1541,-4.2826222826976075,12,13,0.0
1542,-14.333327248537866,11,14,0.0
1543,6.42787464938446,13,12,0.0
1544,5.513267093537419,13,12,0.0
1545,15.507854734120258,14,11,0.0
1546,-14.430728494404454,11,14,0.0
1547,5.942278670931813,13,12,0.0
1548,-34.01345168420366,9,16,0.0
1549,-4.510201134387151,12,13,0.0
1550,-4.369120809535147,12,13,0.0
1551,-15.299548983065808,11,14,0.0
1552,-3.64260560873894,12,13,0.0
1553,-4.107703027473288,12,13,0.0
1554,5.195251550759853,13,12,0.0
1555,6.269413483369728,13,12,0.0
1556,-15.58169630226498,11,14,0.0
1557,6.060660726982178,13,12,0.0
1558,-14.897565571790139,11,14,0.0
1559,5.9007245777360575,13,12,0.0
1560,-4.211944958688806,12,13,0.0
1561,16.15504210202618,14,11,0.0
1562,6.606737443783178,13,12,0.0
1563,6.339225725136657,13,12,0.0
1564,25.90307376303342,15,10,0.0
1565,5.654252396943114,13,12,0.0
1566,5.632308400716493,13,12,0.0
1567,-3.9464626026779843,12,13,0.0
1568,-13.942075562616957,11,14,0.0
1569,-14.03972907043913,11,14,0.0
1570,-3.6538641469099957,12,13,0.0
1571,6.331310540013154,13,12,0.0
1572,16.217108682013276,14,11,0.0
1573,-13.733678434438847,11,14,0.0
1574,-23.866302320105156,10,15,0.0
1575,-3.9329175746700766,12,13,0.0
1576,6.614717691015807,13,12,0.0
1577,6.162265398931602,13,12,0.0
1578,5.997572731812301,13,12,0.0
1579,6.1662104937899045,13,12,0.0
1580,-3.0658744147114625,12,13,0.0
1581,15.98560050560674,14,11,0.0
1582,6.212442511701376,13,12,0.0
1583,-13.548295043687354,11,14,0.0
1584,6.875787215616706,13,12,0.0
1585,-33.66934745888563,9,16,0.0
1586,-3.782687469612611,12,13,0.0
1587,-3.4911321892398632,12,13,0.0
1588,-3.4576186295986986,12,13,0.0
1589,-3.5892325391561624,12,13,0.0
1590,-4.35901022691433,12,13,0.0
1591,-4.231087893360344,12,13,0.0
1592,5.598187406141401,13,12,0.0
1593,5.825197901575759,13,12,0.0
1594,-3.540667642233114,12,13,0.0
1595,-3.8367677762940353,12,13,0.0
1596,16.139080749038467,14,11,0.0
1597,6.202514657266615,13,12,0.0
1598,6.828837454765207,13,12,0.0
1599,-4.345827937202166,12,13,0.0
1600,5.544585397442413,13,12,0.0
1601,-14.651936819558731,11,14,0.0
1602,6.42025651195957,13,12,0.0
1603,15.862323060152985,14,11,0.0
1604,6.697435104371955,13,12,0.0
1605,16.683762683476786,14,11,0.0
1606,16.366254985877738,14,11,0.0
1607,16.608886098902392,14,11,0.0
1608,6.594457647760802,13,12,0.0
1609,26.03979791653194,15,10,0.0
1610,-4.14935246508158,12,13,0.0
1611,-3.0669562717001,12,13,0.0
1612,-14.201766109444545,11,14,0.0
1613,5.393598435208734,13,12,0.0
1614,-23.846534499142667,10,15,0.0
1615,16.394872852147273,14,11,0.0
1616,15.685151840603682,14,11,0.0
1617,15.923465574447821,14,11,0.0
1618,-3.974929937396997,12,13,0.0
1619,15.886813288769327,14,11,0.0
1620,16.06284658777007,14,11,0.0
1621,-3.8105856926327224,12,13,0.0
1622,-23.978300615579908,10,15,0.0
1623,5.652587662859645,13,12,0.0
1624,5.54816314657783,13,12,0.0
1625,16.21140967574332,14,11,0.0
1626,15.889277684829503,14,11,0.0
1627,16.244654960202475,14,11,0.0
1628,15.485512821835293,14,11,0.0
1629,16.026291732729774,14,11,0.0
1630,-3.9270700383541346,12,13,0.0
1631,6.846775948202746,13,12,0.0
1632,-3.277306550695503,12,13,0.0
1633,16.18490076392245,14,11,0.0
1634,5.475667619383639,13,12,0.0
1635,16.41774612217207,14,11,0.0
1636,6.469786770522489,13,12,0.0
1637,6.8619823097337855,13,12,0.0
1638,-4.5054532804716025,12,13,0.0
1639,26.373801551540495,15,10,0.0
1640,5.337604003196809,13,12,0.0
1641,5.990442932137961,13,12,0.0
1642,-3.566443056599997,12,13,0.0
1643,-3.9253708968320637,12,13,0.0
1644,-3.4827899690550073,12,13,0.0
1645,-3.1851614634381153,12,13,0.0
1646,6.063747731519719,13,12,0.0
1647,-3.829414845363239,12,13,0.0
1648,25.95475146757697,15,10,0.0
1649,16.910550605235315,14,11,0.0
1650,16.069193038385393,14,11,0.0
1651,16.77046224436661,14,11,0.0
1652,6.7623971748441924,13,12,0.0
1653,16.552243483928457,14,11,0.0
1654,-3.8405098255269188,12,13,0.0
1655,-4.282646039013853,12,13,0.0
1656,6.7371047550494865,13,12,0.0
1657,27.187615851459917,15,10,0.0
1658,16.628886691573697,14,11,0.0
1659,-4.373661955779685,12,13,0.0
1660,16.72738088203606,14,11,0.0
1661,-3.8089675994297707,12,13,0.0
1662,16.46406303155114,14,11,0.0
1663,-4.686293332717325,12,13,0.0
1664,16.002314466872043,14,11,0.0
1665,16.60421269384283,14,11,0.0
1666,-3.980515752829948,12,13,0.0
1667,-3.479446833498714,12,13,0.0
1668,5.902768169464872,13,12,0.0
1669,6.641044240491826,13,12,0.0
1670,-3.6277754206795123,12,13,0.0
1671,5.765736695485698,13,12,0.0
1672,26.16840778493909,15,10,0.0
1673,6.61771020479198,13,12,0.0
1674,6.3577240115817695,13,12,0.0
1675,5.74213306641456,13,12,0.0
1676,14.694600787112208,14,11,0.0
1677,16.523384322710214,14,11,0.0
1678,6.3137026222515455,13,12,0.0
1679,16.46003271434735,14,11,0.0
1680,16.66369005162747,14,11,0.0
1681,15.155067403559057,14,11,0.0
1682,15.420486435641774,14,11,0.0
1683,6.458847198589773,13,12,0.0
1684,-3.8724890216978842,12,13,0.0
1685,15.89132134424215,14,11,0.0
1686,6.415536273658066,13,12,0.0
1687,6.180889695988343,13,12,0.0
1688,5.448802474060075,13,12,0.0
1689,16.456370714486944,14,11,0.0
1690,6.389714740946761,13,12,0.0
1691,5.680895731615909,13,12,0.0
1692,-14.223877029265909,11,14,0.0
1693,-13.421848045203024,11,14,0.0
1694,6.667140939938925,13,12,0.0
1695,16.654657668103965,14,11,0.0
1696,6.047374224691513,13,12,0.0
1697,-4.049958122150919,12,13,0.0
1698,-4.067249468262185,12,13,0.0
1699,5.71640285038062,13,12,0.0
1700,-3.7959238252612995,12,13,0.0
1701,5.751697652419548,13,12,0.0
1702,5.635679143977969,13,12,0.0
1703,16.051846404252224,14,11,0.0
1704,16.10157736752018,14,11,0.0
1705,15.696831333412543,14,11,0.0
1706,5.302519894594001,13,12,0.0
1707,-4.125946169210874,12,13,0.0
1708,25.724956731832172,15,10,0.0
1709,5.9316034965040725,13,12,0.0
1710,6.179222008040938,13,12,0.0
1711,6.114528247981905,13,12,0.0
1712,16.14880440388404,14,11,0.0
1713,6.508967236557545,13,12,0.0
1714,5.344861725202708,13,12,0.0
1715,5.467296635617345,13,12,0.0
1716,6.459395300643511,13,12,0.0
1717,26.72999432042358,15,10,0.0
1718,16.5591643212343,14,11,0.0
1719,-12.844929046558207,11,14,0.0
1720,-4.032101020905278,12,13,0.0
1721,-3.64607912942952,12,13,0.0
1722,-4.314020032363267,12,13,0.0
1723,16.05733619555765,14,11,0.0
1724,16.497200148937136,14,11,0.0
1725,16.525977242254307,14,11,0.0
1726,-13.938831688688817,11,14,0.0
1727,16.228355205927187,14,11,0.0
1728,-3.5451752878197578,12,13,0.0
1729,-3.9431294295606136,12,13,0.0
1730,6.298965446139442,13,12,0.0
1731,6.333143201775222,13,12,0.0
1732,5.716636259508215,13,12,0.0
1733,6.401106477144513,13,12,0.0
1734,5.226999700902072,13,12,0.0
1735,5.853768064434298,13,12,0.0
1736,-5.001962902446672,12,13,0.0
1737,-4.044261822702335,12,13,0.0
1738,-3.785839354076181,12,13,0.0
1739,-3.56376105036619,12,13,0.0
1740,-14.597277601501514,11,14,0.0
1741,-4.285357231932032,12,13,0.0
1742,25.92619767298911,15,10,0.0
1743,6.320172587014859,13,12,0.0
1744,-3.924937150653262,12,13,0.0
1745,-13.791477420231976,11,14,0.0
1746,-3.4377454462769563,12,13,0.0
1747,15.786176757321535,14,11,0.0
1748,-14.357172924284805,11,14,0.0
1749,-4.021047491763389,12,13,0.0
1750,-14.22800422020541,11,14,0.0
1751,15.819139536390583,14,11,0.0
1752,6.066821608248791,13,12,0.0
1753,-13.642040973548962,11,14,0.0
1754,-13.697455671021213,11,14,0.0
1755,6.448872085310599,13,12,0.0
1756,26.773762561089256,15,10,0.0
1757,6.797936170314484,13,12,0.0
1758,-4.268566444036006,12,13,0.0
1759,-14.571367962743395,11,14,0.0
1760,5.205200174461673,13,12,0.0
1761,6.91512218506847,13,12,0.0
1762,15.656221672337768,14,11,0.0
1763,5.291150196013428,13,12,0.0
1764,-5.339948683203355,12,13,0.0
1765,-3.517014109506208,12,13,0.0
1766,-3.5411112941707508,12,13,0.0
1767,-3.743932614318327,12,13,0.0
1768,-13.659143318279309,11,14,0.0
1769,5.339014942675627,13,12,0.0
1770,5.009527900455213,13,12,0.0
1771,-13.508863631718603,11,14,0.0
1772,-24.065196294263572,10,15,0.0
1773,-3.938626629178099,12,13,0.0
1774,-15.107829393061758,11,14,0.0
1775,-24.486543018474492,10,15,0.0
1776,-14.35186835888706,11,14,0.0
1777,-34.495747850036096,9,16,0.0
1778,-3.7474397630945813,12,13,0.0
1779,6.030331541397457,13,12,0.0
1780,-14.639362992474544,11,14,0.0
1781,-14.30426348512815,11,14,0.0
1782,-4.425596861946705,12,13,0.0
1783,-14.882629565466855,11,14,0.0
1784,-13.252035202028882,11,14,0.0
1785,-14.553700202875863,11,14,0.0
1786,-15.24208403250371,11,14,0.0
1787,-4.835511969412369,12,13,0.0
1788,-13.615898316565335,11,14,0.0
1789,5.327603961564675,13,12,0.0
1790,-4.524892004876833,12,13,0.0
1791,-14.251224494487326,11,14,0.0
1792,-3.9791341439253607,12,13,0.0
1793,-23.606280139785753,10,15,0.0
1794,-23.910287965377083,10,15,0.0
1795,-4.505565696744191,12,13,0.0
1796,-24.873816159059647,10,15,0.0
1797,5.947671542057627,13,12,0.0
1798,-3.8907503075161243,12,13,0.0
1799,15.632796007488372,14,11,0.0
1800,-34.20983098282437,9,16,0.0
1801,5.274165096103163,13,12,0.0
1802,-4.537087931116065,12,13,0.0
1803,-14.580222218216491,11,14,0.0
1804,15.882775446285367,14,11,0.0
1805,5.76451873687577,13,12,0.0
1806,-3.7725821524470904,12,13,0.0
1807,-4.356017559246382,12,13,0.0
1808,-14.798239356098534,11,14,0.0
1809,-4.626566020469308,12,13,0.0
1810,5.940004694552784,13,12,0.0
1811,-14.589926449422332,11,14,0.0
1812,15.80184002602274,14,11,0.0
1813,-4.4024627578167586,12,13,0.0
1814,-5.007936474741276,12,13,0.0
1815,5.5503148059639535,13,12,0.0
1816,-13.574227618926393,11,14,0.0
1817,5.642538417209053,13,12,0.0
1818,-5.01558369377414,12,13,0.0
1819,-4.280516588087127,12,13,0.0
1820,-14.618952379181687,11,14,0.0
1821,-3.7686712685784407,12,13,0.0
1822,-23.706381529777005,10,15,0.0
1823,5.4678579633910775,13,12,0.0
1824,5.562796672994528,13,12,0.0
1825,-24.03226432445355,10,15,0.0
1826,-4.43410889482128,12,13,0.0
1827,-34.54421505870513,9,16,0.0
1828,16.157066421684977,14,11,0.0
1829,-4.490338308241282,12,13,0.0
1830,-14.500095136486365,11,14,0.0
1831,-14.850568819157049,11,14,0.0
1832,25.876190034643635,15,10,0.0
1833,-13.235195374061881,11,14,0.0
1834,-4.080338952166438,12,13,0.0
1835,-3.74109642965416,12,13,0.0
1836,-14.340821162549897,11,14,0.0
1837,5.665631765084361,13,12,0.0
1838,6.083034769791752,13,12,0.0
1839,-4.034174920075753,12,13,0.0
1840,-14.926082245529441,11,14,0.0
1841,-3.8905350693726692,12,13,0.0
1842,14.983466025576778,14,11,0.0
1843,-14.984797899357082,11,14,0.0
1844,5.553127883399377,13,12,0.0
1845,-4.43572708424926,12,13,0.0
1846,-14.146160435248618,11,14,0.0
1847,-4.40930075651816,12,13,0.0
1848,5.926221118908138,13,12,0.0
1849,-14.043922296726077,11,14,0.0
1850,-14.111755123726667,11,14,0.0
1851,-4.754098317250268,12,13,0.0
1852,-4.006034931805882,12,13,0.0
1853,15.747418215293935,14,11,0.0
1854,-4.710564675039809,12,13,0.0
1855,4.700080651419171,13,12,0.0
1856,4.85614534988559,13,12,0.0
1857,-4.003389919480663,12,13,0.0
1858,5.713087405122179,13,12,0.0
1859,-14.941575473950845,11,14,0.0
1860,15.056159409008774,14,11,0.0
1861,-4.465622561200329,12,13,0.0
1862,25.98849153701372,15,10,0.0
1863,-25.66563391168743,10,15,0.0
1864,-4.23449642954499,12,13,0.0
1865,-14.625567396884147,11,14,0.0
1866,5.939708150561016,13,12,0.0
1867,-4.431000820307066,12,13,0.0
1868,-24.235076690240433,10,15,0.0
1869,-6.221139764612003,12,13,0.0
1870,-4.990702307682345,12,13,0.0
1871,-24.618285892142186,10,15,0.0
1872,-4.018992521040813,12,13,0.0
1873,-24.337967864190677,10,15,0.0
1874,-4.290854651326957,12,13,0.0
1875,-4.644047766698116,12,13,0.0
1876,-14.677853760272649,11,14,0.0
1877,15.567462855121128,14,11,0.0
1878,-4.21508394742005,12,13,0.0
1879,-3.8206889875598993,12,13,0.0
1880,6.545973254226522,13,12,0.0
1881,-13.900417171270146,11,14,0.0
1882,-3.9238382050068736,12,13,0.0
1883,-33.86336095772896,9,16,0.0
1884,-24.55274284668849,10,15,0.0
1885,-14.496982458145453,11,14,0.0
1886,-4.585973993847626,12,13,0.0
1887,-4.06770448363411,12,13,0.0
1888,-4.138344318260874,12,13,0.0
1889,-5.549256857285319,12,13,0.0
1890,5.23812476951011,13,12,0.0
1891,-4.34281389851072,12,13,0.0
1892,-3.938007430462438,12,13,0.0
1893,-14.741138377215059,11,14,0.0
1894,-14.18167955805089,11,14,0.0
1895,-13.880897834462232,11,14,0.0
1896,5.461299707084262,13,12,0.0
1897,-15.242245912645398,11,14,0.0
1898,-25.00163320909747,10,15,0.0
1899,-4.655661043683221,12,13,0.0
1900,-4.732288887941317,12,13,0.0
1901,-4.25900724187675,12,13,0.0
1902,-15.785836524691227,11,14,0.0
1903,-3.675567480433161,12,13,0.0
1904,-4.353351218411224,12,13,0.0
1905,-14.585659419099876,11,14,0.0
1906,-15.262546572094735,11,14,0.0
1907,-25.600942742472967,10,15,0.0
1908,-24.728917585194463,10,15,0.0
1909,-4.932616417339096,12,13,0.0
1910,-4.615178037479324,12,13,0.0
1911,5.124276572673637,13,12,0.0
1912,15.714952635846016,14,11,0.0
1913,5.383650867107204,13,12,0.0
1914,4.588421954428306,13,12,0.0
1915,4.584655382255629,13,12,0.0
1916,-4.15293307277574,12,13,0.0
1917,25.687419211163622,15,10,0.0
1918,15.4248078527423,14,11,0.0
1919,-14.5613609696697,11,14,0.0
1920,-14.437240585814207,11,14,0.0
1921,24.977620894176162,15,10,0.0
1922,5.442741460456409,13,12,0.0
1923,-14.458144151586293,11,14,0.0
1924,-4.740829299358197,12,13,0.0
1925,25.17759767633107,15,10,0.0
1926,5.841911129212614,13,12,0.0
1927,15.819531770817786,14,11,0.0
1928,-4.114103059205711,12,13,0.0
1929,-3.982600277389242,12,13,0.0
1930,5.936891580798704,13,12,0.0
1931,4.651302826101018,13,12,0.0
1932,-14.041438819675458,11,14,0.0
1933,-14.640645060950288,11,14,0.0
1934,-3.7244840015953873,12,13,0.0
1935,15.551745908314523,14,11,0.0
1936,-5.221807029746176,12,13,0.0
1937,-4.134263912893074,12,13,0.0
1938,-4.159373839160468,12,13,0.0
1939,6.037168781912672,13,12,0.0
1940,-4.419395810620719,12,13,0.0
1941,25.881108756033264,15,10,0.0
1942,16.474028817438374,14,11,0.0
1943,6.037366520546499,13,12,0.0
1944,5.307390951098348,13,12,0.0
1945,-14.875942809398556,11,14,0.0
1946,5.491739207282114,13,12,0.0
1947,-4.967200700161406,12,13,0.0
1948,5.384993848019828,13,12,0.0
1949,-4.668486148002483,12,13,0.0
1950,-3.894499301367011,12,13,0.0
1951,5.604423211950401,13,12,0.0
1952,-4.036979728617226,12,13,0.0
1953,5.05258313739509,13,12,0.0
1954,-4.05166096410249,12,13,0.0
1955,-13.658651495438157,11,14,0.0
1956,-4.098531205905092,12,13,0.0
1957,-4.579498926141605,12,13,0.0
1958,-3.8403281416570394,12,13,0.0
1959,-14.220570513828616,11,14,0.0
1960,5.4137731615467395,13,12,0.0
1961,-4.745377401447991,12,13,0.0
1962,-4.502293913532952,12,13,0.0
1963,5.0926405161193635,13,12,0.0
1964,-3.919250314658047,12,13,0.0
1965,-3.871157750014813,12,13,0.0
1966,-4.464908433356851,12,13,0.0
1967,-3.9453709482996118,12,13,0.0
1968,6.015204260930826,13,12,0.0
1969,6.610773301151727,13,12,0.0
1970,-5.249130914453193,12,13,0.0
1971,-4.069166028671917,12,13,0.0
1972,-14.245824579463502,11,14,0.0
1973,6.473481688260009,13,12,0.0
1974,16.274979151745313,14,11,0.0
1975,-4.28949867691678,12,13,0.0
1976,-13.75385028909677,11,14,0.0
1977,15.502181923620174,14,11,0.0
1978,-4.338596143129737,12,13,0.0
1979,6.335924084695055,13,12,0.0
1980,5.4947652729419225,13,12,0.0
1981,-15.297942549907951,11,14,0.0
1982,5.996393108019664,13,12,0.0
1983,-15.602210497823165,11,14,0.0
1984,-4.257138546569896,12,13,0.0
1985,-14.17237864434251,11,14,0.0
1986,5.0783152593762395,13,12,0.0
1987,-14.512141592245765,11,14,0.0
1988,-14.330275353877608,11,14,0.0
1989,5.413273195105441,13,12,0.0
1990,15.812092469531153,14,11,0.0
1991,-4.609360404531361,12,13,0.0
1992,5.9323587185013915,13,12,0.0
1993,5.451707704121601,13,12,0.0
1994,5.666415881699208,13,12,0.0
1995,5.166061694817623,13,12,0.0
1996,4.986922624636967,13,12,0.0
1997,4.63830946103281,13,12,0.0
1998,5.501609377056255,13,12,0.0
1999,-14.836597287755964,11,14,0.0
2000,-14.707134969926383,11,14,0.0
2001,-15.119835339415268,11,14,0.0
2002,-14.422848457407541,11,14,0.0
2003,-24.09090842927028,10,15,0.0
2004,-4.306625354116693,12,13,0.0
2005,16.041603823857884,14,11,0.0
2006,-14.275778638102173,11,14,0.0
2007,-14.798141808301644,11,14,0.0
2008,15.209848788691929,14,11,0.0
2009,5.643309869042511,13,12,0.0
2010,4.904902110068514,13,12,0.0
2011,6.509106717732874,13,12,0.0
2012,5.554355130989882,13,12,0.0
2013,6.1975955194495524,13,12,0.0
2014,6.1315078065379005,13,12,0.0
2015,4.589947401927014,13,12,0.0
2016,15.432708716020958,14,11,0.0
2017,-3.631085173349791,12,13,0.0
2018,-5.226314256859452,12,13,0.0
2019,5.395392776944432,13,12,0.0
2020,-14.149172921807233,11,14,0.0
2021,14.8180152128558,14,11,0.0
2022,-4.522055252367453,12,13,0.0
2023,15.982034952406893,14,11,0.0
2024,-4.1927581355271535,12,13,0.0
2025,5.565100937546414,13,12,0.0
2026,-14.445715048523363,11,14,0.0
2027,16.20110022424727,14,11,0.0
2028,6.218320480800566,13,12,0.0
2029,26.288043180838496,15,10,0.0
2030,-4.381151368544673,12,13,0.0
2031,-5.309189584265511,12,13,0.0
2032,4.688268462566499,13,12,0.0
2033,5.014273870972052,13,12,0.0
2034,15.07318741827827,14,11,0.0
2035,14.624329738893646,14,11,0.0
2036,15.481172014473959,14,11,0.0
2037,4.966739733588203,13,12,0.0
2038,-15.080885293911212,11,14,0.0
2039,14.925763021265716,14,11,0.0
2040,-4.863870603130224,12,13,0.0
2041,15.400094418940533,14,11,0.0
2042,-5.334168471539577,12,13,0.0
2043,-15.07062487688735,11,14,0.0
2044,4.41336578351675,13,12,0.0
2045,15.826944037865031,14,11,0.0
2046,5.302150240414425,13,12,0.0
2047,-5.629679149633821,12,13,0.0
2048,4.900955456005852,13,12,0.0
2049,15.025279542654934,14,11,0.0
2050,5.532739785017363,13,12,0.0
2051,25.17102182046348,15,10,0.0
2052,5.294226257038837,13,12,0.0
2053,5.302382765802301,13,12,0.0
2054,25.243404896452027,15,10,0.0
2055,25.582134234114644,15,10,0.0
2056,15.130651856069624,14,11,0.0
2057,15.418452569438047,14,11,0.0
2058,26.21580732427212,15,10,0.0
2059,15.105591461814212,14,11,0.0
2060,5.108809410699678,13,12,0.0
2061,-4.924741440232742,12,13,0.0
2062,5.019794909564438,13,12,0.0
2063,14.919034698732421,14,11,0.0
2064,5.114341286913062,13,12,0.0
2065,15.009191760057279,14,11,0.0
2066,5.776026858247632,13,12,0.0
2067,34.3306940945805,16,9,0.0
2068,4.2646366215877825,13,12,0.0
2069,25.94951897721722,15,10,0.0
2070,14.537537839979635,14,11,0.0
2071,16.196351030922106,14,11,0.0
2072,15.422560741903254,14,11,0.0
2073,5.1073229964047915,13,12,0.0
2074,25.31592684187786,15,10,0.0
2075,14.46781311260964,14,11,0.0
2076,5.595912736337458,13,12,0.0
2077,5.54160031052958,13,12,0.0
2078,15.233068871056307,14,11,0.0
2079,14.189277495364344,14,11,0.0
2080,26.262989341210844,15,10,0.0
2081,4.704551622510036,13,12,0.0
2082,15.174113616442881,14,11,0.0
2083,15.716467215369319,14,11,0.0
2084,15.294159627400312,14,11,0.0
2085,25.02850702946643,15,10,0.0
2086,5.512121800985392,13,12,0.0
2087,15.529009173366834,14,11,0.0
2088,15.829204739852166,14,11,0.0
2089,15.997507476620864,14,11,0.0
2090,25.31658953205851,15,10,0.0
2091,5.630143801515087,13,12,0.0
2092,5.569368522481152,13,12,0.0
2093,4.4176666707812835,13,12,0.0
2094,14.663013340252013,14,11,0.0
2095,16.072415871757098,14,11,0.0
2096,15.938048689451753,14,11,0.0
2097,15.32152819558507,14,11,0.0
2098,6.1216050679472,13,12,0.0
2099,-4.798891729925098,12,13,0.0
2100,26.78112551025705,15,10,0.0
2101,6.360995737382385,13,12,0.0
2102,-3.995458998973831,12,13,0.0
2103,5.460717522186413,13,12,0.0
2104,-14.209631291979079,11,14,0.0
2105,25.199353988351383,15,10,0.0
2106,5.639368812103543,13,12,0.0
2107,14.989371439194013,14,11,0.0
2108,26.076585829739983,15,10,0.0
2109,25.016335368735575,15,10,0.0
2110,14.916550001549535,14,11,0.0
2111,-14.680370172387667,11,14,0.0
2112,26.79931057498002,15,10,0.0
2113,15.456349919539,14,11,0.0
2114,15.142162116995808,14,11,0.0
2115,15.62344533470571,14,11,0.0
2116,26.04407183113955,15,10,0.0
2117,16.766304325162253,14,11,0.0
2118,26.1944035974666,15,10,0.0
2119,26.404881253329197,15,10,0.0
2120,35.69704739918054,16,9,0.0
2121,26.504483116042792,15,10,0.0
2122,26.329631752441912,15,10,0.0
2123,-4.421956884118497,12,13,0.0
2124,-3.731278500367245,12,13,0.0
2125,17.143284163072366,14,11,0.0
2126,-14.31544197902187,11,14,0.0
2127,-5.4203093637447335,12,13,0.0
2128,15.423078167609948,14,11,0.0
2129,5.993726466985322,13,12,0.0
2130,5.307240817316178,13,12,0.0
2131,-5.3093834897007195,12,13,0.0
2132,5.252911604424317,13,12,0.0
2133,25.39290984029353,15,10,0.0
2134,15.393375643347737,14,11,0.0
2135,5.755524561900103,13,12,0.0
2136,5.425453499307146,13,12,0.0
2137,14.753667938763964,14,11,0.0
2138,16.310274513322756,14,11,0.0
2139,15.647105175443336,14,11,0.0
2140,16.42180093606585,14,11,0.0
2141,15.662810855912866,14,11,0.0
2142,15.107794249790366,14,11,0.0
2143,6.241625642046028,13,12,0.0
2144,15.998838469718283,14,11,0.0
2145,5.8387027880828075,13,12,0.0
2146,5.730276120181121,13,12,0.0
2147,-14.885049910986384,11,14,0.0
2148,15.54672471414841,14,11,0.0
2149,25.871789646426777,15,10,0.0
2150,6.263655734791707,13,12,0.0
2151,15.439983995447701,14,11,0.0
2152,25.471347093423947,15,10,0.0
2153,26.597238864843533,15,10,0.0
2154,15.64277039417486,14,11,0.0
2155,25.39035470182473,15,10,0.0
2156,5.222336701141433,13,12,0.0
2157,25.01019344065454,15,10,0.0
2158,6.327011801572741,13,12,0.0
2159,35.78806981863977,16,9,0.0
2160,15.823777847448191,14,11,0.0
2161,36.17982804062003,16,9,0.0
2162,5.430724371867564,13,12,0.0
2163,25.000301623757004,15,10,0.0
2164,25.981673159834596,15,10,0.0
2165,15.386438247104037,14,11,0.0
2166,15.98264601524655,14,11,0.0
2167,6.515096948741965,13,12,0.0
2168,15.701374417246868,14,11,0.0
2169,15.259096578381234,14,11,0.0
2170,36.079359099630736,16,9,0.0
2171,6.279039461146551,13,12,0.0
2172,25.25629946578305,15,10,0.0
2173,15.624958191599852,14,11,0.0
2174,-4.023426193177607,12,13,0.0
2175,26.073902696166797,15,10,0.0
2176,36.55674135012818,16,9,0.0
2177,15.330073765159229,14,11,0.0
2178,7.0392764897093425,13,12,0.0
2179,16.346960174477438,14,11,0.0
2180,16.117559940632724,14,11,0.0
2181,5.585493292367072,13,12,0.0
2182,16.30278736098086,14,11,0.0
2183,26.501173762072522,15,10,0.0
2184,15.902493072748067,14,11,0.0
2185,36.007960091640086,16,9,0.0
2186,15.70527263287248,14,11,0.0
2187,15.20042164773839,14,11,0.0
2188,25.09909444569423,15,10,0.0
2189,15.290633187178457,14,11,0.0
2190,25.402462598732104,15,10,0.0
2191,35.76121775552911,16,9,0.0
2192,-5.039529599266755,12,13,0.0
2193,15.260080238117059,14,11,0.0
2194,24.643347815696945,15,10,0.0
2195,15.092265926871086,14,11,0.0
2196,24.810122769648533,15,10,0.0
2197,14.769514994236197,14,11,0.0
2198,36.31428807862577,16,9,0.0
2199,5.5197718220553185,13,12,0.0
2200,15.588399184661569,14,11,0.0
2201,6.113218491015559,13,12,0.0
2202,35.535193070625645,16,9,0.0
2203,26.139754616381193,15,10,0.0
2204,15.646763493379384,14,11,0.0
2205,25.234441769087987,15,10,0.0
2206,25.862212181769443,15,10,0.0
2207,25.325633244599373,15,10,0.0
2208,36.58676690604132,16,9,0.0
2209,15.997877906980687,14,11,0.0
2210,4.821237574340275,13,12,0.0
2211,26.381632147236083,15,10,0.0
2212,15.548255170294153,14,11,0.0
2213,15.541361664182954,14,11,0.0
2214,26.479356869145,15,10,0.0
2215,14.837929390405119,14,11,0.0
2216,26.37788017945249,15,10,0.0
2217,15.223124059736124,14,11,0.0
2218,26.93047027920743,15,10,0.0
2219,15.47958615830077,14,11,0.0
2220,36.43828965766374,16,9,0.0
2221,25.910739036379468,15,10,0.0
2222,15.582629655790502,14,11,0.0
2223,16.861845614703753,14,11,0.0
2224,5.842852620007356,13,12,0.0
2225,-3.6524093504154633,12,13,0.0
2226,-2.998382640214656,12,13,0.0
2227,6.583554929490646,13,12,0.0
2228,34.91032506838758,16,9,0.0
2229,25.569655112904826,15,10,0.0
2230,15.576076082970589,14,11,0.0
2231,26.348832596715106,15,10,0.0
2232,6.436858379137885,13,12,0.0
2233,26.559455692061043,15,10,0.0
2234,16.62568025673799,14,11,0.0
2235,-4.475833076345276,12,13,0.0
2236,36.79877130755625,16,9,0.0
2237,-3.1211930175395377,12,13,0.0
2238,6.907264146419099,13,12,0.0
2239,5.82845570594783,13,12,0.0
2240,26.86193187565761,15,10,0.0
2241,16.534981744867522,14,11,0.0
2242,15.86705687537614,14,11,0.0
2243,16.44581537830626,14,11,0.0
2244,15.780544833141281,14,11,0.0
2245,6.297766859705596,13,12,0.0
2246,-4.15693698367528,12,13,0.0
2247,15.876131941456055,14,11,0.0
2248,6.571922136353086,13,12,0.0
2249,25.49104045638584,15,10,0.0
2250,6.1451145044282,13,12,0.0
2251,16.450260271106416,14,11,0.0
2252,26.732661194998883,15,10,0.0
2253,15.669644394966967,14,11,0.0
2254,-3.0566866756639213,12,13,0.0
2255,16.56294693444155,14,11,0.0
2256,15.932543138150114,14,11,0.0
2257,16.97336216090804,14,11,0.0
2258,5.941723316755638,13,12,0.0
2259,26.002250355081745,15,10,0.0
2260,36.9470208518582,16,9,0.0
2261,25.180651978222897,15,10,0.0
2262,26.15869274939361,15,10,0.0
2263,26.163240686090276,15,10,0.0
2264,25.926785955845453,15,10,0.0
2265,16.28659128827569,14,11,0.0
2266,26.872935282507417,15,10,0.0
2267,36.384703526536576,16,9,0.0
2268,16.13274082882571,14,11,0.0
2269,16.2915412018427,14,11,0.0
2270,6.529126514943876,13,12,0.0
2271,6.3494238906512965,13,12,0.0
2272,16.38727494585869,14,11,0.0
2273,16.265211610889153,14,11,0.0
2274,15.750672408373829,14,11,0.0
2275,25.577855551354723,15,10,0.0
2276,37.15362662093192,16,9,0.0
2277,5.404216602357781,13,12,0.0
2278,5.179445783735018,13,12,0.0
2279,5.720242900275721,13,12,0.0
2280,26.53539692133856,15,10,0.0
2281,5.741158489269573,13,12,0.0
2282,15.389408808959367,14,11,0.0
2283,25.53229443498978,15,10,0.0
2284,34.65437805908108,16,9,0.0
2285,26.306426300682073,15,10,0.0
2286,16.070803173087924,14,11,0.0
2287,26.934111373487347,15,10,0.0
2288,16.840486998764266,14,11,0.0
2289,36.15708096474076,16,9,0.0
2290,5.715699384537283,13,12,0.0
2291,26.087271912925857,15,10,0.0
2292,5.822738060375302,13,12,0.0
2293,15.986620024024276,14,11,0.0
2294,15.963820933020052,14,11,0.0
2295,26.051526366916757,15,10,0.0
2296,15.467709316275116,14,11,0.0
2297,25.68082642104848,15,10,0.0
2298,16.476859165021057,14,11,0.0
2299,16.800641472767396,14,11,0.0
2300,6.357137164559543,13,12,0.0
2301,26.881597755363412,15,10,0.0
2302,6.640324723255543,13,12,0.0
2303,37.02286522710023,16,9,0.0
2304,16.500046270822242,14,11,0.0
2305,26.650965925010922,15,10,0.0
2306,16.08223979657103,14,11,0.0
2307,27.24834979889262,15,10,0.0
2308,6.23740008527417,13,12,0.0
2309,14.742797900526181,14,11,0.0
2310,26.49723513898791,15,10,0.0
2311,16.05883359605938,14,11,0.0
2312,6.098336122842689,13,12,0.0
2313,35.93908008717031,16,9,0.0
2314,26.166320615832863,15,10,0.0
2315,15.566045126856253,14,11,0.0
2316,15.130342066393236,14,11,0.0
2317,16.46864291688079,14,11,0.0
2318,-14.667179578766175,11,14,0.0
2319,15.906851678269083,14,11,0.0
2320,26.121281460851243,15,10,0.0
2321,16.14753534848601,14,11,0.0
2322,5.296831026820887,13,12,0.0
2323,16.21009658040004,14,11,0.0
2324,36.206852021880394,16,9,0.0
2325,14.995563203155495,14,11,0.0
2326,24.914674072529504,15,10,0.0
2327,15.692766891605789,14,11,0.0
2328,5.303720640012893,13,12,0.0
2329,25.079962775495385,15,10,0.0
2330,-4.70156984970617,12,13,0.0
2331,6.557614313000343,13,12,0.0
2332,-2.8756525214459674,12,13,0.0
2333,15.219418997448983,14,11,0.0
2334,5.395947900596555,13,12,0.0
2335,6.018643449459314,13,12,0.0
2336,15.99465964947091,14,11,0.0
2337,26.712607498306507,15,10,0.0
2338,26.4521014896353,15,10,0.0
2339,15.659555389877521,14,11,0.0
2340,15.710176456626339,14,11,0.0
2341,15.440814807615519,14,11,0.0
2342,6.320291164306329,13,12,0.0
2343,-14.390514168048934,11,14,0.0
2344,15.445461340892564,14,11,0.0
2345,-4.233349778748873,12,13,0.0
2346,14.979881046116262,14,11,0.0
2347,5.093068056286007,13,12,0.0
2348,25.088135401646245,15,10,0.0
2349,15.99380828544407,14,11,0.0
2350,15.237762084776739,14,11,0.0
2351,15.094375761609065,14,11,0.0
2352,15.704185310355342,14,11,0.0
2353,6.307978955114203,13,12,0.0
2354,5.340074311209975,13,12,0.0
2355,15.828030592115065,14,11,0.0
2356,15.78653101968082,14,11,0.0
2357,25.90420110953182,15,10,0.0
2358,15.43710241786474,14,11,0.0
2359,25.55791775084789,15,10,0.0
2360,5.841586405281458,13,12,0.0
2361,35.85664502178706,16,9,0.0
2362,15.636920968848017,14,11,0.0
2363,16.76514912271376,14,11,0.0
2364,15.959922226570106,14,11,0.0
2365,5.761894519766596,13,12,0.0
2366,6.095071577608856,13,12,0.0
2367,25.449717574936116,15,10,0.0
2368,25.63246523120285,15,10,0.0
2369,25.072905817716062,15,10,0.0
2370,26.38546822415278,15,10,0.0
2371,24.81283295966319,15,10,0.0
2372,36.16561811154922,16,9,0.0
2373,35.3872827899177,16,9,0.0
2374,15.735108158060115,14,11,0.0
2375,5.004974460868322,13,12,0.0
2376,15.471906884382099,14,11,0.0
2377,15.900748154089431,14,11,0.0
2378,15.554019075425565,14,11,0.0
2379,15.710780558973497,14,11,0.0
2380,5.176678457798097,13,12,0.0
2381,5.468246194311806,13,12,0.0
2382,15.955663211829037,14,11,0.0
2383,25.43236835098719,15,10,0.0
2384,5.265329345238869,13,12,0.0
2385,15.065185387122808,14,11,0.0
2386,16.339125463417734,14,11,0.0
2387,25.600344545105084,15,10,0.0
2388,24.58792314439375,15,10,0.0
2389,26.249190847646844,15,10,0.0
2390,15.16288270310105,14,11,0.0
2391,6.006520861271068,13,12,0.0
2392,14.841771936722287,14,11,0.0
2393,-4.288619222204513,12,13,0.0
2394,25.391783494235202,15,10,0.0
2395,25.58157065922051,15,10,0.0
2396,26.046158324786695,15,10,0.0
2397,25.772259655936164,15,10,0.0
2398,25.88536291647166,15,10,0.0
2399,16.041575377163554,14,11,0.0
2400,16.091561605932046,14,11,0.0
2401,17.03640079889811,14,11,0.0
2402,15.682869256174659,14,11,0.0
2403,7.3274753125556735,13,12,0.0
2404,17.025125072515202,14,11,0.0
2405,5.841137985097845,13,12,0.0
2406,26.470361554360927,15,10,0.0
2407,16.12390627155682,14,11,0.0
2408,16.032378039497463,14,11,0.0
2409,6.176239169075803,13,12,0.0
2410,15.001877932818308,14,11,0.0
2411,26.593389202495395,15,10,0.0
2412,5.890465923934324,13,12,0.0
2413,5.556727746411344,13,12,0.0
2414,6.174329593335335,13,12,0.0
2415,24.879806775033142,15,10,0.0
2416,4.884305914446868,13,12,0.0
2417,16.57593226909887,14,11,0.0
2418,26.465380197895954,15,10,0.0
2419,26.599955958280546,15,10,0.0
2420,25.65402665670817,15,10,0.0
2421,-3.1506633233338093,12,13,0.0
2422,6.338675111551107,13,12,0.0
2423,-4.390397233143896,12,13,0.0
2424,5.1366857543305295,13,12,0.0
2425,26.5449729025709,15,10,0.0
2426,-4.532598091640288,12,13,0.0
2427,6.737606440067187,13,12,0.0
2428,15.041226107787622,14,11,0.0
2429,25.50955878560029,15,10,0.0
2430,5.150925140262572,13,12,0.0
2431,5.594350059715861,13,12,0.0
2432,15.59590350879148,14,11,0.0
2433,15.54587227447992,14,11,0.0
2434,15.474164185001776,14,11,0.0
2435,26.094352115094583,15,10,0.0
2436,25.579877260697234,15,10,0.0
2437,5.213570195967895,13,12,0.0
2438,16.572096864102267,14,11,0.0
2439,15.958573474617406,14,11,0.0
2440,25.839486976665967,15,10,0.0
2441,15.525101008983437,14,11,0.0
2442,25.674395203285677,15,10,0.0
2443,5.780722006912813,13,12,0.0
2444,15.989442255905598,14,11,0.0
2445,25.434357189090193,15,10,0.0
2446,25.255919517869987,15,10,0.0
2447,15.565007420560763,14,11,0.0
2448,35.717347123604796,16,9,0.0
2449,25.79326111033482,15,10,0.0
2450,15.732974572687514,14,11,0.0
2451,14.658811036938726,14,11,0.0
2452,34.8675235280278,16,9,0.0
2453,26.706952432565483,15,10,0.0
2454,16.275460381865432,14,11,0.0
2455,25.3654692169469,15,10,0.0
2456,5.57413309056119,13,12,0.0
2457,5.046863617925569,13,12,0.0
2458,5.940486232100032,13,12,0.0
2459,14.37180377883112,14,11,0.0
2460,14.741438659717463,14,11,0.0
2461,15.827695997676363,14,11,0.0
2462,15.222576486338083,14,11,0.0
2463,26.23779192022601,15,10,0.0
2464,4.70845575754292,13,12,0.0
2465,6.057093026642157,13,12,0.0
2466,25.515043503054393,15,10,0.0
2467,14.994740501083657,14,11,0.0
2468,15.586874842746434,14,11,0.0
2469,16.119347668440387,14,11,0.0
2470,24.328315085679034,15,10,0.0
2471,24.704315774910693,15,10,0.0
2472,15.774749581608365,14,11,0.0
2473,4.826939630205819,13,12,0.0
2474,24.977052028250682,15,10,0.0
2475,25.810827589472606,15,10,0.0
2476,35.811751103226655,16,9,0.0
2477,15.367779025713736,14,11,0.0
2478,35.109339115427375,16,9,0.0
2479,15.349333586447905,14,11,0.0
2480,35.727374150179024,16,9,0.0
2481,4.995265362167078,13,12,0.0
2482,15.091729393762824,14,11,0.0
2483,35.57824781704088,16,9,0.0
2484,14.582857881578938,14,11,0.0
2485,-5.279464887756718,12,13,0.0
2486,-5.403380124030276,12,13,0.0
2487,25.471840151599558,15,10,0.0
2488,14.87263298968914,14,11,0.0
2489,24.728345958183738,15,10,0.0
2490,14.299989484036379,14,11,0.0
2491,15.899822622234307,14,11,0.0
2492,24.922075607743743,15,10,0.0
2493,25.003018873654828,15,10,0.0
2494,35.998436761040985,16,9,0.0
2495,15.4427412096919,14,11,0.0
2496,14.930546737104084,14,11,0.0
2497,13.965043262870422,14,11,0.0
2498,24.857707940333636,15,10,0.0
2499,15.020663751992874,14,11,0.0
2500,35.34132794326653,16,9,0.0
2501,14.452937698868086,14,11,0.0
2502,34.508629025253754,16,9,0.0
2503,14.657483165982487,14,11,0.0
2504,24.41506035941091,15,10,0.0
2505,-5.192662832737222,12,13,0.0
2506,14.815933116587459,14,11,0.0
2507,14.499734341508432,14,11,0.0
2508,24.448313864070222,15,10,0.0
2509,24.52235737490326,15,10,0.0
2510,4.817149214083502,13,12,0.0
2511,-5.606406220211387,12,13,0.0
2512,24.628365055224624,15,10,0.0
2513,24.6409194068906,15,10,0.0
2514,24.751483334223465,15,10,0.0
2515,25.1403684356731,15,10,0.0
2516,23.941269101037932,15,10,0.0
2517,4.404681266268273,13,12,0.0
2518,14.331321780695035,14,11,0.0
2519,26.298700577888702,15,10,0.0
2520,25.65774171388135,15,10,0.0
2521,14.483956731126673,14,11,0.0
2522,25.063340758476716,15,10,0.0
2523,14.425491517555178,14,11,0.0
2524,24.789579721575745,15,10,0.0
2525,14.86120072387771,14,11,0.0
2526,25.06835943399477,15,10,0.0
2527,24.80498640438943,15,10,0.0
2528,5.341257571751045,13,12,0.0
2529,3.314584454162695,13,12,0.0
2530,25.32080968259686,15,10,0.0
2531,24.40916011400042,15,10,0.0
2532,14.67789125453873,14,11,0.0
2533,36.10374194352798,16,9,0.0
2534,14.859220961106404,14,11,0.0
2535,15.536330375213913,14,11,0.0
2536,35.24334739468639,16,9,0.0
2537,5.550144495735703,13,12,0.0
2538,4.753634985459213,13,12,0.0
2539,4.675131563088366,13,12,0.0
2540,25.082712440500075,15,10,0.0
2541,24.892397485061526,15,10,0.0
2542,25.4512692419506,15,10,0.0
2543,35.21682656745092,16,9,0.0
2544,14.483027475287415,14,11,0.0
2545,35.04011795545884,16,9,0.0
2546,6.182841212303195,13,12,0.0
2547,5.458359401972753,13,12,0.0
2548,14.987228518048422,14,11,0.0
2549,16.06575672589113,14,11,0.0
2550,34.19000022313314,16,9,0.0
2551,24.351538801692108,15,10,0.0
2552,25.182285874737424,15,10,0.0
2553,35.40151793115346,16,9,0.0
2554,4.656212196874099,13,12,0.0
2555,24.784674183694623,15,10,0.0
2556,5.256792191301534,13,12,0.0
2557,4.64965532206292,13,12,0.0
2558,4.709307510772252,13,12,0.0
2559,25.230805943733028,15,10,0.0
2560,15.182940287324131,14,11,0.0
2561,25.67743109775965,15,10,0.0
2562,35.18016837621175,16,9,0.0
2563,34.67228302632941,16,9,0.0
2564,24.35817178384728,15,10,0.0
2565,34.76243328102215,16,9,0.0
2566,24.94999467261391,15,10,0.0
2567,4.5863495566336425,13,12,0.0
2568,6.317053161369884,13,12,0.0
2569,13.761210752304931,14,11,0.0
2570,14.234317059606774,14,11,0.0
2571,25.589103826919896,15,10,0.0
2572,5.195962788976416,13,12,0.0
2573,25.273089337510633,15,10,0.0
2574,24.216879974989332,15,10,0.0
2575,15.072349247279442,14,11,0.0
2576,5.355573790745807,13,12,0.0
2577,24.583977812130986,15,10,0.0
2578,5.123081395243118,13,12,0.0
2579,14.960629628885115,14,11,0.0
2580,23.937712666728196,15,10,0.0
2581,5.227192216407875,13,12,0.0
2582,4.216262458499664,13,12,0.0
2583,3.2937439401702164,13,12,0.0
2584,25.30352617210012,15,10,0.0
2585,14.64535285411892,14,11,0.0
2586,14.931135541611523,14,11,0.0
2587,4.6115050282886765,13,12,0.0
2588,16.403609265139792,14,11,0.0
2589,15.0754726596822,14,11,0.0
2590,-4.516067643523808,12,13,0.0
2591,14.824289642934756,14,11,0.0
2592,4.561742602243212,13,12,0.0
2593,4.018015692455625,13,12,0.0
2594,4.8929760993027305,13,12,0.0
2595,14.615189325608934,14,11,0.0
2596,-5.83688983949058,12,13,0.0
2597,5.15997709172148,13,12,0.0
2598,4.928433170415684,13,12,0.0
2599,5.025769891858907,13,12,0.0
2600,25.600174883609117,15,10,0.0
2601,25.85313346513614,15,10,0.0
2602,5.21077983492709,13,12,0.0
2603,4.5860173619933775,13,12,0.0
2604,26.31588433212992,15,10,0.0
2605,14.697453216669192,14,11,0.0
2606,-4.642231534818157,12,13,0.0
2607,15.47830821493239,14,11,0.0
2608,25.236916554468735,15,10,0.0
2609,15.35242236463659,14,11,0.0
2610,35.67821952124564,16,9,0.0
2611,4.942203333552698,13,12,0.0
2612,15.328979495182256,14,11,0.0
2613,15.081421103213835,14,11,0.0
2614,24.236886833942638,15,10,0.0
2615,24.67902303530731,15,10,0.0
2616,15.10042042677042,14,11,0.0
2617,15.085540230439806,14,11,0.0
2618,14.339793938864329,14,11,0.0
2619,15.889473669055526,14,11,0.0
2620,15.086928117334363,14,11,0.0
2621,25.357699829725608,15,10,0.0
2622,15.469045340929968,14,11,0.0
2623,24.954829952147016,15,10,0.0
2624,16.60416601270326,14,11,0.0
2625,26.21013280783257,15,10,0.0
2626,23.868519325491892,15,10,0.0
2627,4.9523418681937095,13,12,0.0
2628,5.011775303371028,13,12,0.0
2629,23.982496938676086,15,10,0.0
2630,5.7664568990983405,13,12,0.0
2631,-4.4795198935343805,12,13,0.0
2632,14.630640424955917,14,11,0.0
2633,5.788473251383988,13,12,0.0
2634,5.036201880284465,13,12,0.0
2635,4.92829270313388,13,12,0.0
2636,16.323891213027956,14,11,0.0
2637,14.758946167530613,14,11,0.0
2638,-4.317502615685789,12,13,0.0
2639,26.001448713110655,15,10,0.0
2640,25.69963949654604,15,10,0.0
2641,15.078695915588014,14,11,0.0
2642,15.679939493092949,14,11,0.0
2643,14.953207111067037,14,11,0.0
2644,15.439199191296009,14,11,0.0
2645,-4.218438207495453,12,13,0.0
2646,5.304263700776103,13,12,0.0
2647,5.33300952168588,13,12,0.0
2648,25.66682468084728,15,10,0.0
2649,4.448482786940172,13,12,0.0
2650,25.24051960163201,15,10,0.0
2651,6.543083433997838,13,12,0.0
2652,15.615584477821374,14,11,0.0
2653,24.43036563881846,15,10,0.0
2654,15.15582152337106,14,11,0.0
2655,5.894611085358109,13,12,0.0
2656,25.265397646987022,15,10,0.0
2657,4.905957665313779,13,12,0.0
2658,-5.947423270160653,12,13,0.0
2659,4.985993217249751,13,12,0.0
2660,4.25039742076902,13,12,0.0
2661,-3.5180151198579956,12,13,0.0
2662,7.409382772163748,13,12,0.0
2663,24.926904557212765,15,10,0.0
2664,25.93329220819819,15,10,0.0
2665,6.404561745746834,13,12,0.0
2666,-3.472693109379094,12,13,0.0
2667,5.299374035545763,13,12,0.0
2668,14.610189326317379,14,11,0.0
2669,15.343974017278606,14,11,0.0
2670,6.646017095820543,13,12,0.0
2671,-4.784442565312222,12,13,0.0
2672,14.664404562542533,14,11,0.0
2673,15.223503997803201,14,11,0.0
2674,6.009487422367006,13,12,0.0
2675,26.106048209121393,15,10,0.0
2676,14.725806234092413,14,11,0.0
2677,15.286812838656846,14,11,0.0
2678,25.52625366485067,15,10,0.0
2679,15.518181122640529,14,11,0.0
2680,5.034004476241866,13,12,0.0
2681,5.3421730529058244,13,12,0.0
2682,-4.268725123279268,12,13,0.0
2683,15.965698433977156,14,11,0.0
2684,-3.656422659398988,12,13,0.0
2685,15.10367882272056,14,11,0.0
2686,16.332846232711134,14,11,0.0
2687,15.439512224183066,14,11,0.0
2688,5.520429865526016,13,12,0.0
2689,16.238106214060917,14,11,0.0
2690,14.951624214132728,14,11,0.0
2691,14.87806599225361,14,11,0.0
2692,15.069212436375569,14,11,0.0
2693,5.557687093058176,13,12,0.0
2694,6.326229409950311,13,12,0.0
2695,5.423156552488412,13,12,0.0
2696,25.755295904374265,15,10,0.0
2697,15.305663784129592,14,11,0.0
2698,4.148223555508432,13,12,0.0
2699,5.036320001076944,13,12,0.0
2700,15.99981450338291,14,11,0.0
2701,14.717160515472884,14,11,0.0
2702,15.501998379445945,14,11,0.0
2703,5.132933969862965,13,12,0.0
2704,5.317453881780569,13,12,0.0
2705,14.633535619087148,14,11,0.0
2706,15.628679697683815,14,11,0.0
2707,15.232999122531885,14,11,0.0
2708,14.223599516971541,14,11,0.0
2709,-4.630314061841767,12,13,0.0
2710,5.7195470266212425,13,12,0.0
2711,-5.21165507991444,12,13,0.0
2712,-5.546048489081963,12,13,0.0
2713,-4.502576780580498,12,13,0.0
2714,-4.456959416407534,12,13,0.0
2715,5.492221163939757,13,12,0.0
2716,-4.380826731624314,12,13,0.0
2717,15.057500003108979,14,11,0.0
2718,15.613987073130318,14,11,0.0
2719,4.806164923475203,13,12,0.0
2720,16.12152451672047,14,11,0.0
2721,15.409928577869843,14,11,0.0
2722,4.050823274941739,13,12,0.0
2723,-14.333252798853861,11,14,0.0
2724,-25.15262308016536,10,15,0.0
2725,5.8290528989757995,13,12,0.0
2726,7.16361187114097,13,12,0.0
2727,16.445461837774374,14,11,0.0
2728,15.046318186587516,14,11,0.0
2729,14.234368281314627,14,11,0.0
2730,16.004376409795658,14,11,0.0
2731,-4.4822629368805895,12,13,0.0
2732,4.073804076840208,13,12,0.0
2733,4.310164101697748,13,12,0.0
2734,15.518445539875097,14,11,0.0
2735,5.733622907644522,13,12,0.0
2736,25.877790177665634,15,10,0.0
2737,15.082329717082924,14,11,0.0
2738,3.946745007457059,13,12,0.0
2739,13.70765446985438,14,11,0.0
2740,13.156438521128363,14,11,0.0
2741,-5.559859125545176,12,13,0.0
2742,14.974153519225988,14,11,0.0
2743,13.43872606724847,14,11,0.0
2744,4.5438031615005,13,12,0.0
2745,4.89968837871499,13,12,0.0
2746,4.126343948888684,13,12,0.0
2747,14.956723373358837,14,11,0.0
2748,14.462074791142069,14,11,0.0
2749,14.514696552844358,14,11,0.0
2750,24.78547769361341,15,10,0.0
2751,4.885543569669583,13,12,0.0
2752,15.445215286736637,14,11,0.0
2753,25.302453285031902,15,10,0.0
2754,14.924979376028297,14,11,0.0
2755,-15.860738560287913,11,14,0.0
2756,5.359536791797693,13,12,0.0
2757,15.174133692797266,14,11,0.0
2758,35.22294998934008,16,9,0.0
2759,5.275156849390399,13,12,0.0
2760,15.209518891016263,14,11,0.0
2761,14.452531251035472,14,11,0.0
2762,-5.080312035074651,12,13,0.0
2763,4.604076051854121,13,12,0.0
2764,4.440082671184394,13,12,0.0
2765,16.07964280122061,14,11,0.0
2766,-5.1002496504461305,12,13,0.0
2767,15.448081766260119,14,11,0.0
2768,15.318569953327078,14,11,0.0
2769,14.623928323851274,14,11,0.0
2770,14.634148804512732,14,11,0.0
2771,13.904543223742344,14,11,0.0
2772,-15.03275025817916,11,14,0.0
2773,4.374488308279447,13,12,0.0
2774,15.947550973143281,14,11,0.0
2775,14.118001775290644,14,11,0.0
2776,25.21937515605371,15,10,0.0
2777,26.03160372851513,15,10,0.0
2778,15.717631602557352,14,11,0.0
2779,4.195964471598241,13,12,0.0
2780,4.8085827627632,13,12,0.0
2781,34.82130686114667,16,9,0.0
2782,15.089727939797326,14,11,0.0
2783,24.502880738230232,15,10,0.0
2784,3.816505965605992,13,12,0.0
2785,14.686666127500033,14,11,0.0
2786,14.437949128521646,14,11,0.0
2787,15.214750327841745,14,11,0.0
2788,4.361215514975426,13,12,0.0
2789,25.08122947980716,15,10,0.0
2790,5.662014665033228,13,12,0.0
2791,25.24333962968718,15,10,0.0
2792,15.413981524508769,14,11,0.0
2793,16.1040060604508,14,11,0.0
2794,5.12464969122089,13,12,0.0
2795,4.9814072719593225,13,12,0.0
2796,25.113550765432542,15,10,0.0
2797,6.113954318723558,13,12,0.0
2798,5.079250690181979,13,12,0.0
2799,35.02975566343695,16,9,0.0
2800,15.626511945702301,14,11,0.0
2801,5.122825165802032,13,12,0.0
2802,3.5912268666435168,13,12,0.0
2803,24.244381376394696,15,10,0.0
2804,15.18589964237443,14,11,0.0
2805,14.297891353395158,14,11,0.0
2806,4.180619986490253,13,12,0.0
2807,14.941322331663867,14,11,0.0
2808,4.426512735101339,13,12,0.0
2809,4.302047617602446,13,12,0.0
2810,4.357597397876676,13,12,0.0
2811,14.96308289475223,14,11,0.0
2812,15.05254682448287,14,11,0.0
2813,25.11772141472926,15,10,0.0
2814,24.767870606876766,15,10,0.0
2815,5.532759635661769,13,12,0.0
2816,-5.029064908166642,12,13,0.0
2817,24.513918880068104,15,10,0.0
2818,15.182347603615867,14,11,0.0
2819,15.009305003373287,14,11,0.0
2820,35.54140853752288,16,9,0.0
2821,5.562470563910358,13,12,0.0
2822,16.08776035746571,14,11,0.0
2823,24.84110548649592,15,10,0.0
2824,15.509125332587065,14,11,0.0
2825,25.207237842262042,15,10,0.0
2826,23.69822789666364,15,10,0.0
2827,25.268578396183642,15,10,0.0
2828,15.013071645398892,14,11,0.0
2829,15.020008598386664,14,11,0.0
2830,4.624491125620562,13,12,0.0
2831,14.6304917477019,14,11,0.0
2832,24.9067242415128,15,10,0.0
2833,14.589787133445856,14,11,0.0
2834,15.609500245822296,14,11,0.0
2835,14.707224857995168,14,11,0.0
2836,5.12350042440857,13,12,0.0
2837,6.196692575267162,13,12,0.0
2838,35.58429121722226,16,9,0.0
2839,25.24719847357286,15,10,0.0
2840,14.648210567182339,14,11,0.0
2841,14.979504070161958,14,11,0.0
2842,14.413571686008197,14,11,0.0
2843,15.877467136086418,14,11,0.0
2844,25.678478073776276,15,10,0.0
2845,15.236841273659248,14,11,0.0
2846,15.065963571271867,14,11,0.0
2847,5.596432665715046,13,12,0.0
2848,14.587736869252048,14,11,0.0
2849,24.9666430243865,15,10,0.0
2850,5.1177240089335045,13,12,0.0
2851,5.862118786754631,13,12,0.0
2852,25.978916946488972,15,10,0.0
2853,4.706121475934109,13,12,0.0
2854,6.176942977999706,13,12,0.0
2855,15.70888453199932,14,11,0.0
2856,15.50048926858087,14,11,0.0
2857,15.242935180199604,14,11,0.0
2858,5.816099394919085,13,12,0.0
2859,15.574173256393673,14,11,0.0
2860,5.230047998835162,13,12,0.0
2861,15.725494822800707,14,11,0.0
2862,25.34359716616959,15,10,0.0
2863,-5.364294457754958,12,13,0.0
2864,24.513675748933274,15,10,0.0
2865,15.419599715388763,14,11,0.0
2866,16.75143812344648,14,11,0.0
2867,5.606112186122684,13,12,0.0
2868,-4.172204235134908,12,13,0.0
2869,15.201410245566596,14,11,0.0
2870,5.2049961019529,13,12,0.0
2871,15.789853099931856,14,11,0.0
2872,14.63215444788572,14,11,0.0
2873,-4.870217059374177,12,13,0.0
2874,-4.442978240288502,12,13,0.0
2875,-3.72335191148132,12,13,0.0
2876,5.466935861607423,13,12,0.0
2877,5.0967819272718335,13,12,0.0
2878,5.595350137482081,13,12,0.0
2879,6.5548826308619,13,12,0.0
2880,25.927052379004092,15,10,0.0
2881,5.231517006432139,13,12,0.0
2882,15.301951706731266,14,11,0.0
2883,15.467966383349058,14,11,0.0
2884,15.424528796473918,14,11,0.0
2885,-5.038081334481508,12,13,0.0
2886,15.775306587076198,14,11,0.0
2887,5.643575290865384,13,12,0.0
2888,-3.9327162069871875,12,13,0.0
2889,-4.531727746551789,12,13,0.0
2890,5.946928637668323,13,12,0.0
2891,5.282460581235513,13,12,0.0
2892,5.787968747180873,13,12,0.0
2893,14.830153362273837,14,11,0.0
2894,16.70609730710362,14,11,0.0
2895,15.550715118146174,14,11,0.0
2896,15.72567437425258,14,11,0.0
2897,5.80441465399478,13,12,0.0
2898,15.817057776199205,14,11,0.0
2899,5.757437136855199,13,12,0.0
2900,16.23391757464246,14,11,0.0
2901,24.917301773545965,15,10,0.0
2902,6.17761916720665,13,12,0.0
2903,5.861928459351205,13,12,0.0
2904,15.093208292800444,14,11,0.0
2905,16.7474840644313,14,11,0.0
2906,16.09203658418531,14,11,0.0
2907,6.1239726306913,13,12,0.0
2908,14.993525725351658,14,11,0.0
2909,15.629934126837332,14,11,0.0
2910,25.22096313711627,15,10,0.0
2911,5.242603153660065,13,12,0.0
2912,15.284782145924733,14,11,0.0
2913,16.382052707173198,14,11,0.0
2914,5.134930523360668,13,12,0.0
2915,15.485316517037361,14,11,0.0
2916,25.064946059983157,15,10,0.0
2917,15.54717364074164,14,11,0.0
2918,15.409231852182362,14,11,0.0
2919,4.6302713587719255,13,12,0.0
2920,5.079253777830294,13,12,0.0
2921,5.714195934861596,13,12,0.0
2922,15.390177443603452,14,11,0.0
2923,4.949696977759647,13,12,0.0
2924,15.716703765860055,14,11,0.0
2925,15.778762179579285,14,11,0.0
2926,26.269135221093457,15,10,0.0
2927,25.231863388628383,15,10,0.0
2928,26.839618023939938,15,10,0.0
2929,25.948593434840816,15,10,0.0
2930,5.4213058288153935,13,12,0.0
2931,5.942123863751019,13,12,0.0
2932,15.811863297897737,14,11,0.0
2933,5.777116357389895,13,12,0.0
2934,5.146759041392974,13,12,0.0
2935,15.489223712808705,14,11,0.0
2936,5.213737466819795,13,12,0.0
2937,6.4153902277268156,13,12,0.0
2938,15.023914995185716,14,11,0.0
2939,15.612561789720198,14,11,0.0
2940,15.549224031484734,14,11,0.0
2941,24.828617426706522,15,10,0.0
2942,25.802435537314217,15,10,0.0
2943,14.275660072385634,14,11,0.0
2944,14.676022290698384,14,11,0.0
2945,25.325343610894784,15,10,0.0
2946,15.698136733856973,14,11,0.0
2947,15.677781950212662,14,11,0.0
2948,25.595154390658593,15,10,0.0
2949,15.827555478448428,14,11,0.0
2950,25.0842778231357,15,10,0.0
2951,15.994430931265605,14,11,0.0
2952,-14.883678844575917,11,14,0.0
2953,5.9107572597144,13,12,0.0
2954,25.599235326595945,15,10,0.0
2955,25.503319055232033,15,10,0.0
2956,16.010476977595324,14,11,0.0
2957,35.8220084819136,16,9,0.0
2958,16.248271775637665,14,11,0.0
2959,25.85977229447536,15,10,0.0
2960,25.483393208810135,15,10,0.0
2961,5.433180372821626,13,12,0.0
2962,14.975033478031818,14,11,0.0
2963,15.224054741704368,14,11,0.0
2964,25.389029399249498,15,10,0.0
2965,14.485111440781164,14,11,0.0
2966,-4.981274773766419,12,13,0.0
2967,4.827829290355353,13,12,0.0
2968,15.918433549129348,14,11,0.0
2969,15.963568619287788,14,11,0.0
2970,4.974609878391714,13,12,0.0
2971,5.6269394217715085,13,12,0.0
2972,5.763701723029679,13,12,0.0
2973,-3.720654056479855,12,13,0.0
2974,15.262562587458337,14,11,0.0
2975,4.955065669073857,13,12,0.0
2976,4.853894532688875,13,12,0.0
2977,14.551675396425022,14,11,0.0
2978,16.02451873835394,14,11,0.0
2979,24.651216145007176,15,10,0.0
2980,4.946482636659253,13,12,0.0
2981,-5.027624902982879,12,13,0.0
2982,15.405598216824576,14,11,0.0
2983,15.110788729450519,14,11,0.0
2984,-4.210445322444633,12,13,0.0
2985,5.285887037725811,13,12,0.0
2986,15.100453598073484,14,11,0.0
2987,25.039939309524797,15,10,0.0
2988,5.0554421384779555,13,12,0.0
2989,4.865762510878123,13,12,0.0
2990,5.347845252408396,13,12,0.0
2991,24.529359710041785,15,10,0.0
2992,34.605183852070056,16,9,0.0
2993,4.968680383697705,13,12,0.0
2994,-3.5709162104104415,12,13,0.0
2995,-5.053052929681895,12,13,0.0
2996,6.074225024557159,13,12,0.0
2997,-4.79227225835103,12,13,0.0
2998,-4.678819199827473,12,13,0.0
2999,-5.438377932527038,12,13,0.0
3000,25.14511864197846,15,10,0.0
3001,26.02698045565482,15,10,0.0
3002,14.86016782522488,14,11,0.0
3003,5.118869585492966,13,12,0.0
3004,-4.166827080396107,12,13,0.0
3005,5.648990019560536,13,12,0.0
3006,15.624971973536347,14,11,0.0
3007,5.180477219510893,13,12,0.0
3008,15.330319452455148,14,11,0.0
3009,14.84503715488071,14,11,0.0
3010,6.404058875539196,13,12,0.0
3011,5.222010470369588,13,12,0.0
3012,15.419874436623704,14,11,0.0
3013,15.333091258041724,14,11,0.0
3014,4.833802150618721,13,12,0.0
3015,5.186116609093772,13,12,0.0
3016,5.087426679254955,13,12,0.0
3017,-4.409752942604872,12,13,0.0
3018,34.90273740684145,16,9,0.0
3019,15.3537884163115,14,11,0.0
3020,15.492915725561705,14,11,0.0
3021,5.479998930570334,13,12,0.0
3022,5.909698828120083,13,12,0.0
3023,5.106161295751076,13,12,0.0
3024,25.211391279743,15,10,0.0
3025,-5.202097106566514,12,13,0.0
3026,15.688351301259154,14,11,0.0
3027,5.359299423355919,13,12,0.0
3028,25.880106789456814,15,10,0.0
3029,15.169381045710097,14,11,0.0
3030,25.28858628836576,15,10,0.0
3031,25.26555364978371,15,10,0.0
3032,25.386335981512396,15,10,0.0
3033,-4.9498991865959425,12,13,0.0
3034,16.11696672837977,14,11,0.0
3035,15.283241114572863,14,11,0.0
3036,-4.685149557320173,12,13,0.0
3037,15.137029487969528,14,11,0.0
3038,14.992213065801213,14,11,0.0
3039,16.3176241625036,14,11,0.0
3040,15.342191273245941,14,11,0.0
3041,25.69743362563949,15,10,0.0
3042,14.810463133788629,14,11,0.0
3043,5.462655881674868,13,12,0.0
3044,15.665410628121856,14,11,0.0
3045,25.425490802007765,15,10,0.0
3046,15.652653568847981,14,11,0.0
3047,5.039619903608033,13,12,0.0
3048,15.21037356100664,14,11,0.0
3049,15.560944840934466,14,11,0.0
3050,25.432263804379716,15,10,0.0
3051,25.527212149708664,15,10,0.0
3052,5.044922164518216,13,12,0.0
3053,-4.4434677058298355,12,13,0.0
3054,25.82777824466486,15,10,0.0
3055,15.461681463766478,14,11,0.0
3056,24.8985251222284,15,10,0.0
3057,14.780785356715427,14,11,0.0
3058,5.053932595454025,13,12,0.0
3059,35.39431611363649,16,9,0.0
3060,25.445779649141592,15,10,0.0
3061,5.223836715886364,13,12,0.0
3062,5.991232815629198,13,12,0.0
3063,5.195980490081806,13,12,0.0
3064,14.838743287632376,14,11,0.0
3065,15.549039641868056,14,11,0.0
3066,25.106835553041876,15,10,0.0
3067,5.41945284367886,13,12,0.0
3068,4.92530494211044,13,12,0.0
3069,15.332513666188426,14,11,0.0
3070,5.134115865686374,13,12,0.0
3071,15.888207863103453,14,11,0.0
3072,15.352150070089184,14,11,0.0
3073,4.829373575936529,13,12,0.0
3074,4.7703614905672,13,12,0.0
3075,15.78205323990071,14,11,0.0
3076,25.763922446128362,15,10,0.0
3077,5.85200237841845,13,12,0.0
3078,25.977165741307083,15,10,0.0
3079,35.93796957501029,16,9,0.0
3080,15.728073573068862,14,11,0.0
3081,25.287825914589856,15,10,0.0
3082,5.633964076681705,13,12,0.0
3083,5.614899685446195,13,12,0.0
3084,25.775204519234954,15,10,0.0
3085,5.171059157329127,13,12,0.0
3086,15.838805815441349,14,11,0.0
3087,15.5198348524757,14,11,0.0
3088,15.060599624291253,14,11,0.0
3089,5.5031517709866336,13,12,0.0
3090,15.487573710830816,14,11,0.0
3091,4.632781077010026,13,12,0.0
3092,-5.356265594428449,12,13,0.0
3093,24.79786965201194,15,10,0.0
3094,25.712010834625907,15,10,0.0
3095,4.473730328103813,13,12,0.0
3096,25.474552397147438,15,10,0.0
3097,15.427851727761627,14,11,0.0
3098,-4.293054019988169,12,13,0.0
3099,-4.056866220829649,12,13,0.0
3100,4.923759280746669,13,12,0.0
3101,5.457357684872047,13,12,0.0
3102,4.850018878967047,13,12,0.0
3103,15.534111097224285,14,11,0.0
3104,4.737905647156529,13,12,0.0
3105,5.427942591574217,13,12,0.0
3106,15.772679752505734,14,11,0.0
3107,-14.379319020683203,11,14,0.0
3108,-4.9157429240671675,12,13,0.0
3109,5.69151663933966,13,12,0.0
3110,4.923005009499336,13,12,0.0
3111,5.658301644913886,13,12,0.0
3112,15.13604059121077,14,11,0.0
3113,15.56410315693552,14,11,0.0
3114,24.68021054219492,15,10,0.0
3115,6.195019092492718,13,12,0.0
3116,15.568308506533445,14,11,0.0
3117,5.556703146181244,13,12,0.0
3118,14.919058765486232,14,11,0.0
3119,15.18500664015546,14,11,0.0
3120,-5.1176223125114255,12,13,0.0
3121,-4.429192187748742,12,13,0.0
3122,5.266340482865225,13,12,0.0
3123,5.3447657105221875,13,12,0.0
3124,14.310273019786617,14,11,0.0
3125,-4.68275405874492,12,13,0.0
3126,-4.897332208350463,12,13,0.0
3127,5.648035075694448,13,12,0.0
3128,6.108687213838609,13,12,0.0
3129,5.281233541747502,13,12,0.0
3130,6.170004942090236,13,12,0.0
3131,-14.24296010801094,11,14,0.0
3132,5.177213384670496,13,12,0.0
3133,15.890365357391188,14,11,0.0
3134,6.255916824055085,13,12,0.0
3135,5.264532693763051,13,12,0.0
3136,-5.450443968098389,12,13,0.0
3137,-4.037509634762683,12,13,0.0
3138,5.533530228084734,13,12,0.0
3139,15.221221536697154,14,11,0.0
3140,-4.83317288668529,12,13,0.0
3141,-4.323484468897258,12,13,0.0
3142,15.580814283165697,14,11,0.0
3143,-14.555986355228555,11,14,0.0
3144,5.85831040882457,13,12,0.0
3145,16.024463524082726,14,11,0.0
3146,-4.7285430479175545,12,13,0.0
3147,5.739779446557653,13,12,0.0
3148,15.3786047950049,14,11,0.0
3149,-4.732048646515402,12,13,0.0
3150,-4.933419946486916,12,13,0.0
3151,16.2011145718653,14,11,0.0
3152,25.47183344382412,15,10,0.0
3153,-4.688501322910222,12,13,0.0
3154,-4.045789044046869,12,13,0.0
3155,4.72764233867205,13,12,0.0
3156,15.855069616121103,14,11,0.0
3157,5.792867449582993,13,12,0.0
3158,15.272401613571096,14,11,0.0
3159,6.001079653659432,13,12,0.0
3160,5.239551099441108,13,12,0.0
3161,25.844067149878274,15,10,0.0
3162,4.121386513672983,13,12,0.0
3163,5.958451199896409,13,12,0.0
3164,14.725178948528951,14,11,0.0
3165,15.668473730505896,14,11,0.0
3166,-3.8716791566329842,12,13,0.0
3167,15.493041978275324,14,11,0.0
3168,24.88458725790811,15,10,0.0
3169,-4.816588158343771,12,13,0.0
3170,4.828941093201091,13,12,0.0
3171,5.542339397197967,13,12,0.0
3172,15.14191839004299,14,11,0.0
3173,25.527871357854195,15,10,0.0
3174,-4.183139035445419,12,13,0.0
3175,-4.007743733263071,12,13,0.0
3176,5.342472608912996,13,12,0.0
3177,14.994756410935931,14,11,0.0
3178,4.3420168386879325,13,12,0.0
3179,25.4549680693379,15,10,0.0
3180,-5.141140392720416,12,13,0.0
3181,-4.620869267555976,12,13,0.0
3182,15.142025487390217,14,11,0.0
3183,5.706221703726358,13,12,0.0
3184,5.3091277459784365,13,12,0.0
3185,14.911431056928741,14,11,0.0
3186,24.91667826895293,15,10,0.0
3187,5.44526453060046,13,12,0.0
3188,-4.739614840693118,12,13,0.0
3189,14.853302248076945,14,11,0.0
3190,5.224056494928842,13,12,0.0
3191,14.915164461134005,14,11,0.0
3192,15.661676995996801,14,11,0.0
3193,5.307574879628879,13,12,0.0
3194,5.372740593373343,13,12,0.0
3195,24.672717292095857,15,10,0.0
3196,-3.897215851519036,12,13,0.0
3197,16.333860220995003,14,11,0.0
3198,-4.774745051341236,12,13,0.0
3199,15.465417171033376,14,11,0.0
3200,15.279536413506733,14,11,0.0
3201,15.790744644771712,14,11,0.0
3202,15.898790219223212,14,11,0.0
3203,16.098117721859587,14,11,0.0
3204,15.60420112715297,14,11,0.0
3205,5.318973337079283,13,12,0.0
3206,-4.262718546280388,12,13,0.0
3207,5.690007970921867,13,12,0.0
3208,6.182409335423916,13,12,0.0
3209,25.45404263543403,15,10,0.0
3210,-5.145554845660929,12,13,0.0
3211,-4.724371866657561,12,13,0.0
3212,5.186535020553476,13,12,0.0
3213,5.259051208712494,13,12,0.0
3214,15.663626314530644,14,11,0.0
3215,16.498946233383425,14,11,0.0
3216,15.541855370512359,14,11,0.0
3217,5.365436810248467,13,12,0.0
3218,15.08616346518928,14,11,0.0
3219,14.864844563532913,14,11,0.0
3220,-4.955348702620331,12,13,0.0
3221,24.52901884164869,15,10,0.0
3222,15.113590857088834,14,11,0.0
3223,35.222261756320776,16,9,0.0
3224,15.900008615819356,14,11,0.0
3225,5.568279451235257,13,12,0.0
3226,15.214392788848516,14,11,0.0
3227,14.383923498855129,14,11,0.0
3228,15.729722575200569,14,11,0.0
3229,-5.3346329629235125,12,13,0.0
3230,-4.921699208174162,12,13,0.0
3231,-4.959275677968927,12,13,0.0
3232,14.323657538683069,14,11,0.0
3233,5.132109204393222,13,12,0.0
3234,14.685454793905066,14,11,0.0
3235,15.273871913319974,14,11,0.0
3236,5.731299750524764,13,12,0.0
3237,15.16626896052074,14,11,0.0
3238,-15.41929314024798,11,14,0.0
3239,25.08474625220602,15,10,0.0
3240,15.764897627926175,14,11,0.0
3241,14.695447578915838,14,11,0.0
3242,16.19092292938929,14,11,0.0
3243,-4.876687607109563,12,13,0.0
3244,5.29756618552569,13,12,0.0
3245,5.293606060030166,13,12,0.0
3246,5.425609101816361,13,12,0.0
3247,14.751598544855778,14,11,0.0
3248,-4.589982477660081,12,13,0.0
3249,-14.155624945199227,11,14,0.0
3250,5.377402104131885,13,12,0.0
3251,-4.33953724676367,12,13,0.0
3252,24.884264503622774,15,10,0.0
3253,5.520743711848292,13,12,0.0
3254,6.2913050364535845,13,12,0.0
3255,16.33784623086189,14,11,0.0
3256,15.355360961098354,14,11,0.0
3257,5.447763370202628,13,12,0.0
3258,-3.6465550002383074,12,13,0.0
3259,16.046347404051907,14,11,0.0
3260,-13.293813960822119,11,14,0.0
3261,-5.194576296260353,12,13,0.0
3262,-14.483241828955729,11,14,0.0
3263,4.899053018568647,13,12,0.0
3264,15.865285439839369,14,11,0.0
3265,-13.734328695461063,11,14,0.0
3266,5.116825950323268,13,12,0.0
3267,5.477582521698043,13,12,0.0
3268,5.440515944765108,13,12,0.0
3269,-13.584265246374049,11,14,0.0
3270,5.978521754078317,13,12,0.0
3271,25.806533887958583,15,10,0.0
3272,-3.9017375210221363,12,13,0.0
3273,16.402768711870642,14,11,0.0
3274,6.130739058503227,13,12,0.0
3275,5.008131708081965,13,12,0.0
3276,5.401016993718914,13,12,0.0
3277,6.104349141889345,13,12,0.0
3278,-5.154132244337201,12,13,0.0
3279,-3.825816910041869,12,13,0.0
3280,-4.1995362279993635,12,13,0.0
3281,-4.592231293962568,12,13,0.0
3282,-4.308950022933274,12,13,0.0
3283,15.717472592159464,14,11,0.0
3284,4.915619454596666,13,12,0.0
3285,6.055723459920875,13,12,0.0
3286,15.690630855852659,14,11,0.0
3287,5.057379990333637,13,12,0.0
3288,-14.967854282012173,11,14,0.0
3289,15.692323104540824,14,11,0.0
3290,15.170330198515954,14,11,0.0
3291,-5.413885801941758,12,13,0.0
3292,5.124717502956468,13,12,0.0
3293,4.956509051519385,13,12,0.0
3294,16.143119224290597,14,11,0.0
3295,-4.746985709050234,12,13,0.0
3296,5.39388364701695,13,12,0.0
3297,-4.084704913608672,12,13,0.0
3298,-13.554691771001586,11,14,0.0
3299,15.93000206311483,14,11,0.0
3300,14.555179275375014,14,11,0.0
3301,-4.522240779958229,12,13,0.0
3302,5.677734554849158,13,12,0.0
3303,5.780287760345811,13,12,0.0
3304,5.650036531740728,13,12,0.0
3305,4.842999324688311,13,12,0.0
3306,5.202687870463338,13,12,0.0
3307,-4.6968431529963475,12,13,0.0
3308,5.463061525103951,13,12,0.0
3309,-3.996457928799421,12,13,0.0
3310,-4.22719055124915,12,13,0.0
3311,26.09086431331547,15,10,0.0
3312,15.447126001536766,14,11,0.0
3313,-4.820212968935142,12,13,0.0
3314,-4.907044045231423,12,13,0.0
3315,4.83875648671,13,12,0.0
3316,-4.928011211871457,12,13,0.0
3317,-4.628889641614556,12,13,0.0
3318,15.256942556155527,14,11,0.0
3319,-4.957500675797759,12,13,0.0
3320,-5.320813139633394,12,13,0.0
3321,5.021742177452838,13,12,0.0
3322,-14.712112946911326,11,14,0.0
3323,-14.97730393406022,11,14,0.0
3324,5.385780349999988,13,12,0.0
3325,5.257004957669138,13,12,0.0
3326,-4.91330203251284,12,13,0.0
3327,6.0916648767840265,13,12,0.0
3328,5.180588461143255,13,12,0.0
3329,-4.444851498124126,12,13,0.0
3330,-4.2915114711093985,12,13,0.0
3331,5.67457499889998,13,12,0.0
3332,5.673981300809453,13,12,0.0
3333,-5.0888382840028346,12,13,0.0
3334,15.50564761988682,14,11,0.0
3335,-4.630945266854555,12,13,0.0
3336,15.210923591148086,14,11,0.0
3337,5.318552322730321,13,12,0.0
3338,-5.064817704546032,12,13,0.0
3339,-4.63662299793662,12,13,0.0
3340,-4.112258503720772,12,13,0.0
3341,5.6317515553249375,13,12,0.0
3342,25.7768819892663,15,10,0.0
3343,15.718963949382747,14,11,0.0
3344,5.288587934015625,13,12,0.0
3345,5.3764471679719925,13,12,0.0
3346,15.253578371777714,14,11,0.0
3347,15.842885288127937,14,11,0.0
3348,5.224218873618378,13,12,0.0
3349,6.138244257002732,13,12,0.0
3350,15.671976481402016,14,11,0.0
3351,-4.553215885603944,12,13,0.0
3352,4.621336920091591,13,12,0.0
3353,15.520415472788866,14,11,0.0
3354,-4.022275524053958,12,13,0.0
3355,5.6116578949816525,13,12,0.0
3356,25.650812384422938,15,10,0.0
3357,15.591069873126388,14,11,0.0
3358,5.426613069712536,13,12,0.0
3359,-4.158079006209869,12,13,0.0
3360,-5.127693422319387,12,13,0.0
3361,-4.305628123154511,12,13,0.0
3362,15.384015487307943,14,11,0.0
3363,15.630492786071203,14,11,0.0
3364,14.617869327509197,14,11,0.0
3365,15.263377852769528,14,11,0.0
3366,5.7939928845222575,13,12,0.0
3367,24.9743500985519,15,10,0.0
3368,14.730802714922444,14,11,0.0
3369,5.716056317460962,13,12,0.0
3370,4.963361649651279,13,12,0.0
3371,15.244418150539678,14,11,0.0
3372,-14.684666390510579,11,14,0.0
3373,-14.911663744826262,11,14,0.0
3374,5.596853243009602,13,12,0.0
3375,5.735592723974759,13,12,0.0
3376,4.959382844146134,13,12,0.0
3377,15.092658505674443,14,11,0.0
3378,15.69873936525494,14,11,0.0
3379,14.958697876485566,14,11,0.0
3380,15.559054198170763,14,11,0.0
3381,-4.417151890571279,12,13,0.0
3382,-15.370433047504592,11,14,0.0
3383,5.049679743500281,13,12,0.0
3384,24.9378019725174,15,10,0.0
3385,15.028963955599266,14,11,0.0
3386,4.893687833383707,13,12,0.0
3387,5.454724878196711,13,12,0.0
3388,14.790841715166959,14,11,0.0
3389,14.742479781665788,14,11,0.0
3390,5.6247926613298,13,12,0.0
3391,14.954259925612012,14,11,0.0
3392,15.125909162258292,14,11,0.0
3393,15.70757576677648,14,11,0.0
3394,26.279300709474693,15,10,0.0
3395,24.770481834590193,15,10,0.0
3396,15.332147418040268,14,11,0.0
3397,15.208994206827018,14,11,0.0
3398,4.891255228886907,13,12,0.0
3399,15.276963039093966,14,11,0.0
3400,-4.500490554443879,12,13,0.0
3401,14.342686418045659,14,11,0.0
3402,15.423810048252152,14,11,0.0
3403,-14.12472698014334,11,14,0.0
3404,-4.830184612176085,12,13,0.0
3405,5.369588998700942,13,12,0.0
3406,15.878200517171308,14,11,0.0
3407,-14.734549681944847,11,14,0.0
3408,5.1008495232545545,13,12,0.0
3409,5.6274114279532865,13,12,0.0
3410,14.511263261979913,14,11,0.0
3411,25.37952564579732,15,10,0.0
3412,5.795186713034521,13,12,0.0
3413,15.750004349321001,14,11,0.0
3414,-4.565947432402787,12,13,0.0
3415,15.789907514678632,14,11,0.0
3416,-5.185669965100308,12,13,0.0
3417,16.00843986708162,14,11,0.0
3418,15.666338761056156,14,11,0.0
3419,-4.918534922121798,12,13,0.0
3420,15.944024351190041,14,11,0.0
3421,-3.926422381381517,12,13,0.0
3422,4.9360946931351215,13,12,0.0
3423,5.135045267817846,13,12,0.0
3424,5.449184628862179,13,12,0.0
3425,-4.0083675936056595,12,13,0.0
3426,-4.75067373916534,12,13,0.0
3427,5.811255463506566,13,12,0.0
3428,-5.109224421126241,12,13,0.0
3429,5.693904394074887,13,12,0.0
3430,16.09673023500295,14,11,0.0
3431,4.6424577604467245,13,12,0.0
3432,26.009165735390955,15,10,0.0
3433,5.679593796934465,13,12,0.0
3434,16.29099553894605,14,11,0.0
3435,5.344001209808123,13,12,0.0
3436,25.95770187062191,15,10,0.0
3437,16.08563754339717,14,11,0.0
3438,25.47358431078498,15,10,0.0
3439,5.863802129930921,13,12,0.0
3440,-4.295163698210512,12,13,0.0
3441,5.937797769708164,13,12,0.0
3442,15.359039898125154,14,11,0.0
3443,15.161549101663987,14,11,0.0
3444,15.911481170676302,14,11,0.0
3445,4.962447231817148,13,12,0.0
3446,6.1945341915598835,13,12,0.0
3447,5.633653926492837,13,12,0.0
3448,5.52581900126921,13,12,0.0
3449,14.915510776331129,14,11,0.0
3450,15.214947514086436,14,11,0.0
3451,-4.158366880893526,12,13,0.0
3452,15.715113557614789,14,11,0.0
3453,5.129385039881072,13,12,0.0
3454,5.2591050853421475,13,12,0.0
3455,-4.341301825425276,12,13,0.0
3456,15.09046227132073,14,11,0.0
3457,15.600624633518908,14,11,0.0
3458,-4.524987750260603,12,13,0.0
3459,15.58077879475836,14,11,0.0
3460,5.735799117528572,13,12,0.0
3461,4.642583540275037,13,12,0.0
3462,5.599306877057633,13,12,0.0
3463,5.191973321509801,13,12,0.0
3464,5.94748130347525,13,12,0.0
3465,15.500579616593956,14,11,0.0
3466,5.852352139951414,13,12,0.0
3467,5.240399098990382,13,12,0.0
3468,15.436009571587565,14,11,0.0
3469,24.814894369441777,15,10,0.0
3470,16.002862591812193,14,11,0.0
3471,5.427449183008672,13,12,0.0
3472,5.237689307210477,13,12,0.0
3473,5.2745321148369815,13,12,0.0
3474,14.8644890528719,14,11,0.0
3475,5.77981531958293,13,12,0.0
3476,5.266783525772081,13,12,0.0
3477,25.547749216518767,15,10,0.0
3478,15.82028028690312,14,11,0.0
3479,25.561537607798524,15,10,0.0
3480,15.471178489275252,14,11,0.0
3481,15.459832098930711,14,11,0.0
3482,14.702815489887712,14,11,0.0
3483,15.61734425670652,14,11,0.0
3484,14.92477650189716,14,11,0.0
3485,5.051398445837879,13,12,0.0
3486,-4.5342059798458365,12,13,0.0
3487,16.005376717616898,14,11,0.0
3488,16.19573209358667,14,11,0.0
3489,16.13268001040847,14,11,0.0
3490,4.378650723277415,13,12,0.0
3491,5.5950173052554,13,12,0.0
3492,24.59935487585004,15,10,0.0
3493,14.824768343726266,14,11,0.0
3494,25.730962086859456,15,10,0.0
3495,-4.836137780071352,12,13,0.0
3496,5.3518598272488065,13,12,0.0
3497,35.74271195222502,16,9,0.0
3498,15.274612794185112,14,11,0.0
3499,4.963094745612902,13,12,0.0
3500,35.24874639248854,16,9,0.0
3501,5.5723260138263875,13,12,0.0
3502,5.003452084882147,13,12,0.0
3503,24.8990214560493,15,10,0.0
3504,5.091648263848711,13,12,0.0
3505,5.332332244822254,13,12,0.0
3506,15.536193809588429,14,11,0.0
3507,15.06133341379013,14,11,0.0
3508,4.985827673716042,13,12,0.0
3509,14.883909545724897,14,11,0.0
3510,-5.043114744417037,12,13,0.0
3511,15.985429183680253,14,11,0.0
3512,-4.492557569593692,12,13,0.0
3513,-4.388979774745033,12,13,0.0
3514,15.402724166344074,14,11,0.0
3515,4.557089700106408,13,12,0.0
3516,-15.508794091456622,11,14,0.0
3517,14.901609804371368,14,11,0.0
3518,14.460383971941793,14,11,0.0
3519,15.910777448017182,14,11,0.0
3520,15.264702521638927,14,11,0.0
3521,14.771328358805953,14,11,0.0
3522,4.669894148842165,13,12,0.0
3523,4.719454439777246,13,12,0.0
3524,4.925209701959323,13,12,0.0
3525,15.284715736823062,14,11,0.0
3526,4.891929314886074,13,12,0.0
3527,-4.756261521580811,12,13,0.0
3528,15.123527124454553,14,11,0.0
3529,24.275534990756903,15,10,0.0
3530,25.08051231257848,15,10,0.0
3531,5.052950410737885,13,12,0.0
3532,15.306630727620822,14,11,0.0
3533,14.910316972704347,14,11,0.0
3534,14.786093231060491,14,11,0.0
3535,-6.045690852294576,12,13,0.0
3536,14.679025657926775,14,11,0.0
3537,25.18561445483925,15,10,0.0
3538,5.307166692509066,13,12,0.0
3539,15.06856324601333,14,11,0.0
3540,5.535759598526862,13,12,0.0
3541,24.64454528882318,15,10,0.0
3542,-5.053000450667499,12,13,0.0
3543,14.65877859208547,14,11,0.0
3544,5.577241424158789,13,12,0.0
3545,4.888452675676018,13,12,0.0
3546,-15.512208488665337,11,14,0.0
3547,5.412784989322541,13,12,0.0
3548,24.64359227798885,15,10,0.0
3549,5.127167154147822,13,12,0.0
3550,-4.282948443147354,12,13,0.0
3551,14.068347843336173,14,11,0.0
3552,5.055525613033831,13,12,0.0
3553,-5.377558942718263,12,13,0.0
3554,-4.851526312297867,12,13,0.0
3555,15.07810174646532,14,11,0.0
3556,5.291077023565589,13,12,0.0
3557,14.44885214710802,14,11,0.0
3558,5.3798395773133105,13,12,0.0
3559,14.413325662369456,14,11,0.0
3560,15.439136973534055,14,11,0.0
3561,24.700254474898408,15,10,0.0
3562,15.626200544340016,14,11,0.0
3563,25.64568369220776,15,10,0.0
3564,25.25440035093916,15,10,0.0
3565,-4.066982361913551,12,13,0.0
3566,24.648733105927807,15,10,0.0
3567,6.054559904048681,13,12,0.0
3568,15.250859611661156,14,11,0.0
3569,5.652640776928633,13,12,0.0
3570,25.01390450441238,15,10,0.0
3571,4.709193736709338,13,12,0.0
3572,15.979024584569869,14,11,0.0
3573,4.9821310203237505,13,12,0.0
3574,25.006289828660236,15,10,0.0
3575,5.381073700295762,13,12,0.0
3576,14.69531368065297,14,11,0.0
3577,25.21049407166518,15,10,0.0
3578,14.872698110917314,14,11,0.0
3579,4.036017987658521,13,12,0.0
3580,24.93675847916581,15,10,0.0
3581,24.020920575356957,15,10,0.0
3582,-5.613151133702541,12,13,0.0
3583,-4.355709005712616,12,13,0.0
3584,-5.620606211824046,12,13,0.0
3585,-4.8467689305441715,12,13,0.0
3586,5.683269895471917,13,12,0.0
3587,-5.796126481566021,12,13,0.0
3588,15.067370829443348,14,11,0.0
3589,-4.41305143553439,12,13,0.0
3590,3.8400076094601605,13,12,0.0
3591,14.39354380875713,14,11,0.0
3592,5.177829000491991,13,12,0.0
3593,4.83845715135511,13,12,0.0
3594,5.732551542507945,13,12,0.0
3595,5.004013946323032,13,12,0.0
3596,24.895150978096737,15,10,0.0
3597,-4.315593462271411,12,13,0.0
3598,5.268064403326028,13,12,0.0
3599,4.702011340179206,13,12,0.0
3600,14.481052747853951,14,11,0.0
3601,14.886809572325319,14,11,0.0
3602,-5.135735249541879,12,13,0.0
3603,-14.981228855452827,11,14,0.0
3604,-6.098834107238007,12,13,0.0
3605,-4.876739690981295,12,13,0.0
3606,-5.124065991417627,12,13,0.0
3607,5.1190496761925015,13,12,0.0
3608,24.9494905778297,15,10,0.0
3609,4.65260681654178,13,12,0.0
3610,-15.233922361758733,11,14,0.0
3611,5.21067203334188,13,12,0.0
3612,4.35023560818835,13,12,0.0
3613,5.426906681003529,13,12,0.0
3614,15.175790537474175,14,11,0.0
3615,14.582069051564293,14,11,0.0
3616,-5.096010660497932,12,13,0.0
3617,14.749937640335887,14,11,0.0
3618,-4.868965037938233,12,13,0.0
3619,14.10739945225292,14,11,0.0
3620,5.113948547577035,13,12,0.0
3621,4.653048594352748,13,12,0.0
3622,-5.162470182168962,12,13,0.0
3623,25.586429672057925,15,10,0.0
3624,-24.267523314064533,10,15,0.0
3625,25.009276348611284,15,10,0.0
3626,14.68023781486841,14,11,0.0
3627,-4.468355066370298,12,13,0.0
3628,5.835960476628532,13,12,0.0
3629,-5.52679989139696,12,13,0.0
3630,-5.032082709145737,12,13,0.0
3631,25.24459373758566,15,10,0.0
3632,-4.414618145222105,12,13,0.0
3633,5.1112681897242584,13,12,0.0
3634,4.772622282085176,13,12,0.0
3635,25.76502090975069,15,10,0.0
3636,5.342050360210786,13,12,0.0
3637,-15.075314962309225,11,14,0.0
3638,3.8754449268346454,13,12,0.0
3639,5.3040585556810464,13,12,0.0
3640,14.96406003491515,14,11,0.0
3641,-5.454373244885856,12,13,0.0
3642,15.057157136060198,14,11,0.0
3643,-4.433128028148419,12,13,0.0
3644,-4.9192746803961,12,13,0.0
3645,-3.62658631635715,12,13,0.0
3646,14.537427604303144,14,11,0.0
3647,-4.391984210677036,12,13,0.0
3648,14.281914921938808,14,11,0.0
3649,13.959235512440566,14,11,0.0
3650,-4.263347480564985,12,13,0.0
3651,-5.188438130028517,12,13,0.0
3652,24.85161690305877,15,10,0.0
3653,15.020458460096178,14,11,0.0
3654,4.50815383388527,13,12,0.0
3655,5.497459859507793,13,12,0.0
3656,-4.701610161829041,12,13,0.0
3657,14.68780645626858,14,11,0.0
3658,15.284111779375431,14,11,0.0
3659,-14.533363776414992,11,14,0.0
3660,4.638789381468171,13,12,0.0
3661,5.109088183541282,13,12,0.0
3662,-5.269891155383591,12,13,0.0
3663,-4.769745368291035,12,13,0.0
3664,14.723080068746455,14,11,0.0
3665,15.028165545698068,14,11,0.0
3666,14.254199870472693,14,11,0.0
3667,5.055841714307411,13,12,0.0
3668,5.080026735752648,13,12,0.0
3669,15.471674444080875,14,11,0.0
3670,4.647366485310265,13,12,0.0
3671,5.438710688134863,13,12,0.0
3672,-15.153891243334625,11,14,0.0
3673,-4.41226107773679,12,13,0.0
3674,4.955003336449478,13,12,0.0
3675,5.189346104453414,13,12,0.0
3676,-14.675687274314765,11,14,0.0
3677,-5.5844939778876475,12,13,0.0
3678,4.531269320987766,13,12,0.0
3679,15.695121421257706,14,11,0.0
3680,-4.688233142226965,12,13,0.0
3681,4.985862300078649,13,12,0.0
3682,4.468378239741826,13,12,0.0
3683,-3.5862983689825327,12,13,0.0
3684,5.509701292664934,13,12,0.0
3685,-4.492349054368374,12,13,0.0
3686,4.902182620806734,13,12,0.0
3687,5.256060642458057,13,12,0.0
3688,5.455523496333747,13,12,0.0
3689,-14.309903564704827,11,14,0.0
3690,5.196226539785069,13,12,0.0
3691,5.222319939144504,13,12,0.0
3692,15.352859793467402,14,11,0.0
3693,6.4832050259662,13,12,0.0
3694,-4.155115723339757,12,13,0.0
3695,6.102653480709066,13,12,0.0
3696,-4.390642588823701,12,13,0.0
3697,5.421268578935212,13,12,0.0
3698,14.922231144413459,14,11,0.0
3699,-14.674233840353097,11,14,0.0
3700,5.505477268091862,13,12,0.0
3701,6.222316614940247,13,12,0.0
3702,-24.67691652121162,10,15,0.0
3703,5.401175819468877,13,12,0.0
3704,4.824839956099007,13,12,0.0
3705,-3.547756941987993,12,13,0.0
3706,14.699499690321128,14,11,0.0
3707,15.21438672795864,14,11,0.0
3708,-15.478474628563156,11,14,0.0
3709,5.677004127720934,13,12,0.0
3710,6.03330910513867,13,12,0.0
3711,-14.280695998775553,11,14,0.0
3712,-5.037197121746937,12,13,0.0
3713,5.511409681281053,13,12,0.0
3714,15.72108607620795,14,11,0.0
3715,15.218086430704195,14,11,0.0
3716,4.927586056557865,13,12,0.0
3717,-4.14124473778854,12,13,0.0
3718,15.29490422765573,14,11,0.0
3719,5.101720955520204,13,12,0.0
3720,15.891145336214441,14,11,0.0
3721,15.299088625735713,14,11,0.0
3722,-4.858475459220958,12,13,0.0
3723,5.628151071439191,13,12,0.0
3724,-4.671469547940532,12,13,0.0
3725,-5.001134167924928,12,13,0.0
3726,-15.146187814712027,11,14,0.0
3727,25.159621755310997,15,10,0.0
3728,-14.44255482992761,11,14,0.0
3729,-4.629413495753832,12,13,0.0
3730,16.330450556149202,14,11,0.0
3731,-5.174387233454321,12,13,0.0
3732,-4.887202864983514,12,13,0.0
3733,5.363833649153644,13,12,0.0
3734,15.666437850297333,14,11,0.0
3735,5.050483410851543,13,12,0.0
3736,4.702464889037559,13,12,0.0
3737,5.289117622194965,13,12,0.0
3738,-5.211216340059272,12,13,0.0
3739,-4.039229222016576,12,13,0.0
3740,5.756867641949074,13,12,0.0
3741,-24.164292164353,10,15,0.0
3742,4.955222290728335,13,12,0.0
3743,-3.990629434055717,12,13,0.0
3744,-4.997831145051576,12,13,0.0
3745,5.269684026255083,13,12,0.0
3746,15.268831869150079,14,11,0.0
3747,26.36248773088811,15,10,0.0
3748,5.7740651720396565,13,12,0.0
3749,-14.165137148130299,11,14,0.0
3750,-3.9300585381676196,12,13,0.0
3751,5.712318331947785,13,12,0.0
3752,5.288061878797107,13,12,0.0
3753,-4.334361165336356,12,13,0.0
3754,5.611827813026959,13,12,0.0
3755,-4.545457093436948,12,13,0.0
3756,-5.070990234594475,12,13,0.0
3757,5.514578151547036,13,12,0.0
3758,-14.016961212149152,11,14,0.0
3759,-3.6283696719962313,12,13,0.0
3760,-14.175901562775497,11,14,0.0
3761,-4.309994237222602,12,13,0.0
3762,-34.35260471228226,9,16,0.0
3763,6.421271384054526,13,12,0.0
3764,6.086948013841019,13,12,0.0
3765,-14.965706890019494,11,14,0.0
3766,-24.41864298886994,10,15,0.0
3767,-6.161289370891494,12,13,0.0
3768,-14.988495083910372,11,14,0.0
3769,-15.02719732067072,11,14,0.0
3770,-4.601844059822071,12,13,0.0
3771,6.436018270560632,13,12,0.0
3772,-14.491426061577016,11,14,0.0
3773,-14.134533411009595,11,14,0.0
3774,6.641489447577458,13,12,0.0
3775,-13.843630658428374,11,14,0.0
3776,16.06255633111836,14,11,0.0
3777,5.7254030664277655,13,12,0.0
3778,6.104651312858357,13,12,0.0
3779,-13.953480209975192,11,14,0.0
3780,-14.178469846880063,11,14,0.0
3781,6.0318359926048934,13,12,0.0
3782,16.373766165442273,14,11,0.0
3783,-14.356904655464719,11,14,0.0
3784,-23.837958349185374,10,15,0.0
3785,-13.838819299428728,11,14,0.0
3786,-15.277832392508502,11,14,0.0
3787,25.757727397453138,15,10,0.0
3788,5.575974686748886,13,12,0.0
3789,-23.53482855139644,10,15,0.0
3790,5.687798841572038,13,12,0.0
3791,-4.1485267225610745,12,13,0.0
3792,15.0913495825766,14,11,0.0
3793,15.508642544990861,14,11,0.0
3794,5.6545200097313915,13,12,0.0
3795,-24.10935818666766,10,15,0.0
3796,-4.89287386290799,12,13,0.0
3797,-4.319326378417954,12,13,0.0
3798,5.597246018812575,13,12,0.0
3799,-4.022346875427178,12,13,0.0
3800,7.0222639125081034,13,12,0.0
3801,-14.235546235449828,11,14,0.0
3802,-14.231538920621222,11,14,0.0
3803,-14.92962549413508,11,14,0.0
3804,-4.517433402133723,12,13,0.0
3805,5.596932540299393,13,12,0.0
3806,6.340814085302787,13,12,0.0
3807,-4.010032209748415,12,13,0.0
3808,5.174219413692905,13,12,0.0
3809,-4.596178434042769,12,13,0.0
3810,17.03050133933938,14,11,0.0
3811,-24.08210983095482,10,15,0.0
3812,-4.455579202439161,12,13,0.0
3813,-14.180673659305551,11,14,0.0
3814,-24.285194179603174,10,15,0.0
3815,-14.594357891423115,11,14,0.0
3816,-4.654333724084605,12,13,0.0
3817,-14.13143868774767,11,14,0.0
3818,-3.573087778905686,12,13,0.0
3819,-4.350823237968995,12,13,0.0
3820,6.000292919764194,13,12,0.0
3821,-4.487184959334672,12,13,0.0
3822,6.262815784067923,13,12,0.0
3823,-13.471592889442938,11,14,0.0
3824,5.954155675955912,13,12,0.0
3825,-14.40671958320032,11,14,0.0
3826,-4.072099778212966,12,13,0.0
3827,-4.218624529655334,12,13,0.0
3828,-3.8139431897019094,12,13,0.0
3829,5.45761964285467,13,12,0.0
3830,5.61618237724867,13,12,0.0
3831,-4.800651476694209,12,13,0.0
3832,-13.36765708469378,11,14,0.0
3833,-4.18819893325297,12,13,0.0
3834,5.685515509568484,13,12,0.0
3835,4.878788842288447,13,12,0.0
3836,5.245822583310861,13,12,0.0
3837,15.8165100180151,14,11,0.0
3838,5.985127840206339,13,12,0.0
3839,5.162892613453973,13,12,0.0
3840,-4.174228549821386,12,13,0.0
3841,-4.952763109191766,12,13,0.0
3842,14.846155062165098,14,11,0.0
3843,5.94177065403944,13,12,0.0
3844,-14.36152197294241,11,14,0.0
3845,-13.581200151425884,11,14,0.0
3846,5.813439636241276,13,12,0.0
3847,-4.764019639601928,12,13,0.0
3848,-23.291106868875406,10,15,0.0
3849,-5.193841200860202,12,13,0.0
3850,-4.5225420688635865,12,13,0.0
3851,25.390644853990747,15,10,0.0
3852,-4.750757840367569,12,13,0.0
3853,15.383889938586032,14,11,0.0
3854,6.623937573169119,13,12,0.0
3855,-4.427836853630541,12,13,0.0
3856,-23.51349282249639,10,15,0.0
3857,-3.657585271103832,12,13,0.0
3858,-4.145649949749885,12,13,0.0
3859,-4.124868621115994,12,13,0.0
3860,-13.79883191535761,11,14,0.0
3861,-14.167848651112504,11,14,0.0
3862,-14.075055791932218,11,14,0.0
3863,5.438067379376666,13,12,0.0
3864,15.942441527813049,14,11,0.0
3865,-13.408071840884668,11,14,0.0
3866,-14.993256383968589,11,14,0.0
3867,-13.637553768658913,11,14,0.0
3868,-3.5833290175962826,12,13,0.0
3869,-13.703409072311398,11,14,0.0
3870,15.833349430187935,14,11,0.0
3871,-4.25716099759468,12,13,0.0
3872,-3.4661441388507725,12,13,0.0
3873,5.6917734594756375,13,12,0.0
3874,-23.32876848320515,10,15,0.0
3875,-13.475916838755769,11,14,0.0
3876,-3.753278679099944,12,13,0.0
3877,-13.321707697843184,11,14,0.0
3878,-4.469678360027656,12,13,0.0
3879,-13.630115425105561,11,14,0.0
3880,-14.750550751715897,11,14,0.0
3881,-4.280161112299346,12,13,0.0
3882,6.626055289097451,13,12,0.0
3883,5.518963155764082,13,12,0.0
3884,5.696415620151319,13,12,0.0
3885,-4.051179259460763,12,13,0.0
3886,-23.35804201598898,10,15,0.0
3887,5.894572974959168,13,12,0.0
3888,-14.041448176760582,11,14,0.0
3889,6.450687429410657,13,12,0.0
3890,-33.677655100380875,9,16,0.0
3891,-24.344639782848326,10,15,0.0
3892,-3.4136718413834988,12,13,0.0
3893,-23.615458387129124,10,15,0.0
3894,-4.78340119376513,12,13,0.0
3895,15.61110226769911,14,11,0.0
3896,-24.449559700885594,10,15,0.0
3897,-24.086683494580615,10,15,0.0
3898,5.657153913914479,13,12,0.0
3899,-14.449845109042109,11,14,0.0
3900,-14.108997009282772,11,14,0.0
3901,-24.570622283469444,10,15,0.0
3902,-14.074852829658107,11,14,0.0
3903,6.007059854864841,13,12,0.0
3904,-14.654432065441364,11,14,0.0
3905,-14.284778154510429,11,14,0.0
3906,-14.948413492596242,11,14,0.0
3907,-34.659892620736656,9,16,0.0
3908,-2.911217449010886,12,13,0.0
3909,-13.912041113167996,11,14,0.0
3910,5.926866394368201,13,12,0.0
3911,-14.541046820561117,11,14,0.0
3912,-4.025442698523974,12,13,0.0
3913,5.27256877400179,13,12,0.0
3914,-13.575599339686988,11,14,0.0
3915,-14.480220359690886,11,14,0.0
3916,-23.991750659076654,10,15,0.0
3917,-24.70800622286435,10,15,0.0
3918,-23.966679144916004,10,15,0.0
3919,-15.212548225061257,11,14,0.0
3920,-4.669268846959312,12,13,0.0
3921,-13.596223470605391,11,14,0.0
3922,-3.5513287984672592,12,13,0.0
3923,5.8464578333346235,13,12,0.0
3924,-25.021957184970695,10,15,0.0
3925,-14.304411955361774,11,14,0.0
3926,-3.986913299183037,12,13,0.0
3927,-4.143016964789842,12,13,0.0
3928,-14.356277629854725,11,14,0.0
3929,-24.035957873898546,10,15,0.0
3930,-3.5706158572713065,12,13,0.0
3931,-4.415785800748934,12,13,0.0
3932,-3.9427713210798636,12,13,0.0
3933,-23.272126443568204,10,15,0.0
3934,-3.9362961364675337,12,13,0.0
3935,-14.017604589334958,11,14,0.0
3936,6.323532667021148,13,12,0.0
3937,-24.15026657088979,10,15,0.0
3938,5.479154870322813,13,12,0.0
3939,5.286107359325978,13,12,0.0
3940,-24.02680449632914,10,15,0.0
3941,-13.999759005077578,11,14,0.0
3942,-13.217122145682424,11,14,0.0
3943,-23.92143521086253,10,15,0.0
3944,-3.252760584424683,12,13,0.0
3945,-13.832478774226031,11,14,0.0
3946,-24.1583383853481,10,15,0.0
3947,-13.85545800857842,11,14,0.0
3948,-14.152178975799949,11,14,0.0
3949,-14.84172852863539,11,14,0.0
3950,-14.296475830196261,11,14,0.0
3951,-24.030103128760395,10,15,0.0
3952,-24.519409093056513,10,15,0.0
3953,-23.512975912126574,10,15,0.0
3954,26.50895919650712,15,10,0.0
3955,-4.19770542414817,12,13,0.0
3956,6.224964495659971,13,12,0.0
3957,-3.832392685605882,12,13,0.0
3958,6.431936921645093,13,12,0.0
3959,-24.055971785296837,10,15,0.0
3960,-13.268027879031749,11,14,0.0
3961,-24.3593930544822,10,15,0.0
3962,-13.798771099736275,11,14,0.0
3963,-13.355115528037102,11,14,0.0
3964,6.157811981981137,13,12,0.0
3965,-3.757450169297135,12,13,0.0
3966,-14.565722412797705,11,14,0.0
3967,-34.42444877216377,9,16,0.0
3968,5.9425097315984114,13,12,0.0
3969,-13.589464905580764,11,14,0.0
3970,-43.2291774070955,8,17,0.0
3971,-4.081331159039532,12,13,0.0
3972,6.640762452058564,13,12,0.0
3973,-13.536611708947394,11,14,0.0
3974,-23.695936715412348,10,15,0.0
3975,-23.074358387871328,10,15,0.0
3976,-4.003491712293373,12,13,0.0
3977,6.353291937427731,13,12,0.0
3978,-23.343689637304667,10,15,0.0
3979,-14.831173945847947,11,14,0.0
3980,-33.735190242968045,9,16,0.0
3981,-23.68238588152243,10,15,0.0
3982,-33.977354255664274,9,16,0.0
3983,-14.567939969657157,11,14,0.0
3984,-13.531285147642016,11,14,0.0
3985,-4.301599316223826,12,13,0.0
3986,5.688130793967915,13,12,0.0
3987,-33.8155052183647,9,16,0.0
3988,-14.424289111112373,11,14,0.0
3989,-13.833950869613359,11,14,0.0
3990,-13.691866069079392,11,14,0.0
3991,-13.793546384784994,11,14,0.0
3992,-13.651241258701337,11,14,0.0
3993,-13.453005472958035,11,14,0.0
3994,-23.14318978400507,10,15,0.0
3995,-23.938604105910905,10,15,0.0
3996,-23.76609886713082,10,15,0.0
3997,-13.413088423020785,11,14,0.0
3998,-4.097222571154838,12,13,0.0
3999,-23.57162923810352,10,15,0.0
4000,-24.134574486707216,10,15,0.0
