"# mode=none d_value=0 d=[0,0] p=0.50 dr=0 seed=10 topology=fixed ch=3 n_agents=5 obs_dim=34 n_episodes=4000"
episode,sum_reward,success,fail,mean_delay
1,-66.96439390714266,6,19,0.0
2,-85.86584163832244,4,21,0.0
3,-56.6976626639944,7,18,0.0
4,-66.9641929759028,6,19,0.0
5,-65.72662051140298,6,19,0.0
6,-46.25008011812638,8,17,0.0
7,-44.722460729474456,8,17,0.0
8,-55.61255893105027,7,18,0.0
9,-15.085594351981374,11,14,0.0
10,-65.84858669279834,6,19,0.0
11,-14.713185252684816,11,14,0.0
12,-46.31917947243153,8,17,0.0
13,-36.40178974494861,9,16,0.0
14,-44.94268304900933,8,17,0.0
15,-46.65895441911781,8,17,0.0
16,-25.904948293069587,10,15,0.0
17,-35.45403100893985,9,16,0.0
18,-36.40148003546479,9,16,0.0
19,-25.6056760406333,10,15,0.0
20,-54.551533823877925,7,18,0.0
21,-35.35076964788945,9,16,0.0
22,-46.306461129737635,8,17,0.0
23,-56.420987508546204,7,18,0.0
24,-25.348845294970868,10,15,0.0
25,-25.956276298049097,10,15,0.0
26,-56.41457763718188,7,18,0.0
27,-36.24072692649377,9,16,0.0
28,-35.50234126454593,9,16,0.0
29,-5.749475952971612,12,13,0.0
30,-25.835187440927076,10,15,0.0
31,-24.441533792587137,10,15,0.0
32,-47.50379138904059,8,17,0.0
33,-45.93349096234401,8,17,0.0
34,-57.71871350481244,7,18,0.0
35,-35.61728534843827,9,16,0.0
36,-45.56451960716078,8,17,0.0
37,-36.28703938181858,9,16,0.0
38,-36.48619652452849,9,16,0.0
39,-55.00411916126278,7,18,0.0
40,-15.36021253161771,11,14,0.0
41,-36.02754034591819,9,16,0.0
42,-56.43581675648252,7,18,0.0
43,-15.961596868329718,11,14,0.0
44,-5.532775891369112,12,13,0.0
45,-56.22874937974538,7,18,0.0
46,-47.12151407813718,8,17,0.0
47,-45.26450767129991,8,17,0.0
48,-16.328308320022362,11,14,0.0
49,-46.97181647736927,8,17,0.0
50,-45.44564712039069,8,17,0.0
51,-45.640369160774185,8,17,0.0
52,-36.52685532006581,9,16,0.0
53,-56.08434914411963,7,18,0.0
54,-45.4268664996465,8,17,0.0
55,-56.91044844533251,7,18,0.0
56,-55.45772966175544,7,18,0.0
57,-46.153565634747636,8,17,0.0
58,-35.73314899625021,9,16,0.0
59,-36.65310088245531,9,16,0.0
60,-37.141230101873774,9,16,0.0
61,-26.45712147445032,10,15,0.0
62,-25.978160955851845,10,15,0.0
63,-56.71393535598286,7,18,0.0
64,-16.206883817385286,11,14,0.0
65,-36.81879236519574,9,16,0.0
66,-26.348428481746108,10,15,0.0
67,-36.73663745869142,9,16,0.0
68,-26.076933206798458,10,15,0.0
69,-45.16092665727423,8,17,0.0
70,-6.8863463115243935,12,13,0.0
71,-25.324694411795942,10,15,0.0
72,-35.93267541915072,9,16,0.0
73,-46.65994936861751,8,17,0.0
74,-36.8324337883155,9,16,0.0
75,-26.349679945080545,10,15,0.0
76,-15.206181002795695,11,14,0.0
77,-55.12860821721321,7,18,0.0
78,-5.124903584712651,12,13,0.0
79,-27.423662379336825,10,15,0.0
80,-26.521649836589205,10,15,0.0
81,-36.71582103455812,9,16,0.0
82,-35.6297842427108,9,16,0.0
83,-25.99000736690792,10,15,0.0
84,-35.55062389152256,9,16,0.0
85,-15.720024381260977,11,14,0.0
86,-25.53816708490864,10,15,0.0
87,-15.548051082287586,11,14,0.0
88,-16.532572441115647,11,14,0.0
89,-45.49955721432915,8,17,0.0
90,-56.10426776418186,7,18,0.0
91,-45.96862736845067,8,17,0.0
92,-36.3874393201382,9,16,0.0
93,-36.51776045591776,9,16,0.0
94,-45.26349520867262,8,17,0.0
95,-6.119511789131482,12,13,0.0
96,-35.74289315828362,9,16,0.0
97,-35.08234324648846,9,16,0.0
98,-6.036768920207491,12,13,0.0
99,-24.524595299209373,10,15,0.0
100,-14.804601149590844,11,14,0.0
101,-26.50684050285146,10,15,0.0
102,-56.57583152053479,7,18,0.0
103,-35.96384730095745,9,16,0.0
104,-14.280461424706099,11,14,0.0
105,-4.659950669399489,12,13,0.0
106,-25.35566449661226,10,15,0.0
107,-25.74257321835897,10,15,0.0
108,-15.29145085600336,11,14,0.0
109,-34.47414472587967,9,16,0.0
110,-4.749857660338582,12,13,0.0
111,-26.45349283945586,10,15,0.0
112,-15.188427705953625,11,14,0.0
113,-45.27383392844007,8,17,0.0
114,-5.4215673749378,12,13,0.0
115,-26.051860018712127,10,15,0.0
116,-44.59999772461131,8,17,0.0
117,-14.256396211160093,11,14,0.0
118,-24.585405057228638,10,15,0.0
119,-14.686522552326789,11,14,0.0
120,-25.009656482996956,10,15,0.0
121,-14.626128821058815,11,14,0.0
122,-5.636467815676296,12,13,0.0
123,-14.812342668299578,11,14,0.0
124,-6.023484895074366,12,13,0.0
125,-45.421421270460925,8,17,0.0
126,-35.24830908194318,9,16,0.0
127,-14.187012418006233,11,14,0.0
128,-4.846485676756607,12,13,0.0
129,5.637674887508787,13,12,0.0
130,-3.7614381230413434,12,13,0.0
131,-25.39702609314078,10,15,0.0
132,-25.222113195603633,10,15,0.0
133,-23.457399916209667,10,15,0.0
134,-4.534050594437714,12,13,0.0
135,-33.51581487676552,9,16,0.0
136,-24.612226442477635,10,15,0.0
137,-14.867435107461816,11,14,0.0
138,-14.385494105188716,11,14,0.0
139,-14.116897007943235,11,14,0.0
140,-5.616275530615029,12,13,0.0
141,-24.744928940524424,10,15,0.0
142,-14.233449830390057,11,14,0.0
143,-14.533150064767195,11,14,0.0
144,-3.913793438110684,12,13,0.0
145,6.020486710766212,13,12,0.0
146,-24.28967745025451,10,15,0.0
147,-15.333877550711001,11,14,0.0
148,-13.950044643011452,11,14,0.0
149,-13.783844209534937,11,14,0.0
150,-24.228255342005355,10,15,0.0
151,-24.36633954987516,10,15,0.0
152,-14.607266203636762,11,14,0.0
153,-22.634480906130268,10,15,0.0
154,-4.964601831965961,12,13,0.0
155,-13.655165576573221,11,14,0.0
156,-14.506200477490372,11,14,0.0
157,-4.085238058291466,12,13,0.0
158,-14.295491934431466,11,14,0.0
159,-3.913777826927835,12,13,0.0
160,-24.604430083102493,10,15,0.0
161,-4.22603922366691,12,13,0.0
162,-14.991882831471546,11,14,0.0
163,-24.59291080104363,10,15,0.0
164,-24.70435930403461,10,15,0.0
165,-24.699661949493716,10,15,0.0
166,-3.9429805584459467,12,13,0.0
167,-5.463588540522253,12,13,0.0
168,-5.277919477052853,12,13,0.0
169,-3.7361467797515076,12,13,0.0
170,-3.603272291808537,12,13,0.0
171,-25.49713942805276,10,15,0.0
172,-24.416116309146332,10,15,0.0
173,-23.509085505015197,10,15,0.0
174,-25.43757839108256,10,15,0.0
175,-4.305195956298457,12,13,0.0
176,-15.172430888602452,11,14,0.0
177,-4.863065796524918,12,13,0.0
178,-23.529095790520163,10,15,0.0
179,5.011502302113156,13,12,0.0
180,-35.25382004429861,9,16,0.0
181,-13.311734895995126,11,14,0.0
182,-24.6269174162526,10,15,0.0
183,-24.97237732906772,10,15,0.0
184,-15.61182605617964,11,14,0.0
185,-14.204240716621534,11,14,0.0
186,-25.124395860631388,10,15,0.0
187,-4.359567707251394,12,13,0.0
188,-24.865834813596017,10,15,0.0
189,-45.27868207504198,8,17,0.0
190,-14.605081408063828,11,14,0.0
191,-14.56031100104282,11,14,0.0
192,-35.897367809379986,9,16,0.0
193,-44.027573441946004,8,17,0.0
194,-24.61021977689733,10,15,0.0
195,-34.67661677035808,9,16,0.0
196,-34.91354328048117,9,16,0.0
197,-25.604367672410163,10,15,0.0
198,-25.583121700937593,10,15,0.0
199,-24.461840252041256,10,15,0.0
200,-34.438900597166295,9,16,0.0
201,-54.719923759990856,7,18,0.0
202,-24.716067130193494,10,15,0.0
203,-24.549824102863475,10,15,0.0
204,-15.354944542959045,11,14,0.0
205,-24.73458628242584,10,15,0.0
206,-5.271696295385905,12,13,0.0
207,-35.410413926011095,9,16,0.0
208,-15.179823714469782,11,14,0.0
209,-15.344010800710567,11,14,0.0
210,-24.600107604157415,10,15,0.0
211,-44.059382728771666,8,17,0.0
212,-13.822651097850365,11,14,0.0
213,-26.17453175495954,10,15,0.0
214,-34.57579499311306,9,16,0.0
215,-16.394043874771864,11,14,0.0
216,-15.780318484364372,11,14,0.0
217,-24.767470490874693,10,15,0.0
218,-14.840699164017595,11,14,0.0
219,-25.015370566499207,10,15,0.0
220,-24.63800800864506,10,15,0.0
221,-35.83508242511292,9,16,0.0
222,-14.885673697837099,11,14,0.0
223,-24.90895262534349,10,15,0.0
224,-4.667705316577157,12,13,0.0
225,-35.7952427019885,9,16,0.0
226,-14.120506922041015,11,14,0.0
227,-4.712287798137467,12,13,0.0
228,-45.049440026125126,8,17,0.0
229,-34.829893821819546,9,16,0.0
230,-24.09447377526636,10,15,0.0
231,-25.08085475636939,10,15,0.0
232,-24.336529049154777,10,15,0.0
233,-24.683026133483764,10,15,0.0
234,-24.640891768661014,10,15,0.0
235,-35.160106013691475,9,16,0.0
236,-25.576935660799016,10,15,0.0
237,-4.511692597162847,12,13,0.0
238,-44.85333738901064,8,17,0.0
239,-34.94429630403655,9,16,0.0
240,-15.461932085024147,11,14,0.0
241,-24.4465606225732,10,15,0.0
242,-14.393604718786019,11,14,0.0
243,-14.734713850762152,11,14,0.0
244,-25.539799146319517,10,15,0.0
245,-15.235139089797004,11,14,0.0
246,-35.33151215068732,9,16,0.0
247,-14.258678088194682,11,14,0.0
248,-15.20191495229855,11,14,0.0
249,-34.50603564178875,9,16,0.0
250,-25.53702103772567,10,15,0.0
251,5.19978425178388,13,12,0.0
252,-34.32435994218691,9,16,0.0
253,-25.921584673116286,10,15,0.0
254,-5.122501805124352,12,13,0.0
255,-35.70014461333069,9,16,0.0
256,-25.339163257290608,10,15,0.0
257,-5.55734231714108,12,13,0.0
258,-13.916428289897755,11,14,0.0
259,-44.44492234873438,8,17,0.0
260,-35.3671256459011,9,16,0.0
261,-35.196161701232086,9,16,0.0
262,-15.858121318534248,11,14,0.0
263,-25.676205484889195,10,15,0.0
264,-4.5845046913795695,12,13,0.0
265,-14.385098267055847,11,14,0.0
266,-6.176080243980574,12,13,0.0
267,-15.012785598883529,11,14,0.0
268,-45.49542242446619,8,17,0.0
269,-14.944726165056702,11,14,0.0
270,-15.642258102377594,11,14,0.0
271,-35.1020999303951,9,16,0.0
272,-45.564743601147605,8,17,0.0
273,-44.78390199741632,8,17,0.0
274,-25.804789081021255,10,15,0.0
275,-25.44243603956498,10,15,0.0
276,-14.872010527625168,11,14,0.0
277,-26.735616625956503,10,15,0.0
278,-16.013790795776863,11,14,0.0
279,-25.99659542209375,10,15,0.0
280,-15.49384390128538,11,14,0.0
281,-34.763868109655675,9,16,0.0
282,-5.206216201910508,12,13,0.0
283,-25.925206033586225,10,15,0.0
284,-25.289453447061874,10,15,0.0
285,-35.6746840488042,9,16,0.0
286,-25.440601369738488,10,15,0.0
287,-45.982867221679825,8,17,0.0
288,-14.914589467943348,11,14,0.0
289,-6.013410685007415,12,13,0.0
290,-25.305772332311776,10,15,0.0
291,-25.501260813774003,10,15,0.0
292,-14.614589645153949,11,14,0.0
293,-15.315502363410744,11,14,0.0
294,-44.477573579793855,8,17,0.0
295,-14.83334190102757,11,14,0.0
296,-3.7035335949803727,12,13,0.0
297,-25.558969200629367,10,15,0.0
298,-25.17899214444762,10,15,0.0
299,-14.843841100660196,11,14,0.0
300,-25.023417382323757,10,15,0.0
301,-15.243721848397733,11,14,0.0
302,-24.56571351181819,10,15,0.0
303,-35.16516355011511,9,16,0.0
304,-55.59531922982765,7,18,0.0
305,-24.93400059841577,10,15,0.0
306,-25.520206040596147,10,15,0.0
307,-24.07096401153949,10,15,0.0
308,-5.760971004833293,12,13,0.0
309,-14.092482987000974,11,14,0.0
310,-4.058443806678686,12,13,0.0
311,-4.458272439636318,12,13,0.0
312,-23.977204407979094,10,15,0.0
313,-14.126590557558766,11,14,0.0
314,-5.008373875861892,12,13,0.0
315,-14.746580559886098,11,14,0.0
316,-23.058604625092087,10,15,0.0
317,-44.71376395990015,8,17,0.0
318,-23.708552548164867,10,15,0.0
319,-5.178937000836534,12,13,0.0
320,-34.556261144050126,9,16,0.0
321,-35.08469354073212,9,16,0.0
322,-34.726221894377375,9,16,0.0
323,-45.76680927557883,8,17,0.0
324,-13.998127249924096,11,14,0.0
325,-34.54381195569108,9,16,0.0
326,-34.069426772282725,9,16,0.0
327,-4.637900896618204,12,13,0.0
328,-15.126097850906561,11,14,0.0
329,-24.199347013089675,10,15,0.0
330,-35.522551510592706,9,16,0.0
331,-24.26020860192665,10,15,0.0
332,-55.31012534136367,7,18,0.0
333,-54.82589632954601,7,18,0.0
334,-65.32784761878669,6,19,0.0
335,-13.252916725431556,11,14,0.0
336,-25.64093264745221,10,15,0.0
337,-43.51686723342864,8,17,0.0
338,-25.917404899785296,10,15,0.0
339,-14.434553810840576,11,14,0.0
340,-34.84767730928187,9,16,0.0
341,-43.875244449417025,8,17,0.0
342,-23.770179483050327,10,15,0.0
343,-44.14450696832529,8,17,0.0
344,-25.092543915427036,10,15,0.0
345,-46.41469360451556,8,17,0.0
346,-26.444603845506407,10,15,0.0
347,-35.67452978691345,9,16,0.0
348,-45.34305070323495,8,17,0.0
349,-45.3576844390402,8,17,0.0
350,-24.57373954973392,10,15,0.0
351,-46.37683239367523,8,17,0.0
352,-35.52524584827317,9,16,0.0
353,-44.80539379762492,8,17,0.0
354,-35.72285151522725,9,16,0.0
355,-46.19810064374025,8,17,0.0
356,-55.75372161283862,7,18,0.0
357,-35.7318758923265,9,16,0.0
358,-55.391343410702326,7,18,0.0
359,-55.86154887287292,7,18,0.0
360,-36.83475771648425,9,16,0.0
361,-55.859672160782935,7,18,0.0
362,-15.343551622407432,11,14,0.0
363,-35.23987934615674,9,16,0.0
364,-35.84124247341916,9,16,0.0
365,-45.253917210298944,8,17,0.0
366,-34.46904178288095,9,16,0.0
367,-34.94656515439205,9,16,0.0
368,-35.607748855140755,9,16,0.0
369,-5.920072194331141,12,13,0.0
370,-34.52020754512998,9,16,0.0
371,-45.951879461531654,8,17,0.0
372,-35.66302774289457,9,16,0.0
373,-36.011886123739686,9,16,0.0
374,-35.95205474264806,9,16,0.0
375,-35.778254906857384,9,16,0.0
376,-26.455686228330887,10,15,0.0
377,-36.897386112708915,9,16,0.0
378,-45.767944758738665,8,17,0.0
379,-36.189796327012715,9,16,0.0
380,-45.283992391492816,8,17,0.0
381,-35.72478668457637,9,16,0.0
382,-35.47020892218091,9,16,0.0
383,-25.666790057389527,10,15,0.0
384,-35.77112501009444,9,16,0.0
385,-26.543299090695573,10,15,0.0
386,-45.82380478565325,8,17,0.0
387,-36.37991060399805,9,16,0.0
388,-36.17951401028343,9,16,0.0
389,-26.407212984276228,10,15,0.0
390,-46.29273809179344,8,17,0.0
391,-37.202161735599105,9,16,0.0
392,-36.46616787083214,9,16,0.0
393,-35.37639136414049,9,16,0.0
394,-26.524932824584415,10,15,0.0
395,-46.03263847823496,8,17,0.0
396,-47.22495659216401,8,17,0.0
397,-26.15534216199941,10,15,0.0
398,-27.805288849189616,10,15,0.0
399,-25.682493674567286,10,15,0.0
400,-36.505903306587626,9,16,0.0
401,-26.56767441911682,10,15,0.0
402,-34.89482524152381,9,16,0.0
403,-37.33902816827148,9,16,0.0
404,-26.62059977738781,10,15,0.0
405,-36.22365268684587,9,16,0.0
406,-46.86862858111947,8,17,0.0
407,-46.8174374468743,8,17,0.0
408,-36.11206753969823,9,16,0.0
409,-36.56586532580333,9,16,0.0
410,-46.60277646238051,8,17,0.0
411,-36.89410590432846,9,16,0.0
412,-35.4987014250097,9,16,0.0
413,-55.621118167242855,7,18,0.0
414,-46.101959166079375,8,17,0.0
415,-46.21834029710136,8,17,0.0
416,-46.86474157492546,8,17,0.0
417,-36.645743014191375,9,16,0.0
418,-15.251022844424858,11,14,0.0
419,-36.05103633008701,9,16,0.0
420,-26.60260590643032,10,15,0.0
421,-56.57789531846049,7,18,0.0
422,-46.142501314355485,8,17,0.0
423,-46.13804644126605,8,17,0.0
424,-26.993936919335958,10,15,0.0
425,-36.45322828240312,9,16,0.0
426,-46.46145421346111,8,17,0.0
427,-46.561040080242066,8,17,0.0
428,-16.39795607302422,11,14,0.0
429,-16.099107411813712,11,14,0.0
430,-25.85718463481865,10,15,0.0
431,-47.0625122785525,8,17,0.0
432,-26.235299102171066,10,15,0.0
433,-27.733044203662935,10,15,0.0
434,-36.111703651094444,9,16,0.0
435,-25.581806312260447,10,15,0.0
436,-56.17359148682025,7,18,0.0
437,-55.73984531989322,7,18,0.0
438,-57.10242331484285,7,18,0.0
439,-25.389463070740618,10,15,0.0
440,-36.22594683857322,9,16,0.0
441,-36.08044460596092,9,16,0.0
442,-35.88303162407563,9,16,0.0
443,-35.69891672754941,9,16,0.0
444,-26.299520078067225,10,15,0.0
445,-26.730688503349146,10,15,0.0
446,-35.71537269907532,9,16,0.0
447,-15.42218910858261,11,14,0.0
448,-25.126481700264268,10,15,0.0
449,-65.64531058718582,6,19,0.0
450,-26.28818190983263,10,15,0.0
451,-15.177650465310206,11,14,0.0
452,-47.5940076669857,8,17,0.0
453,-46.233509083989716,8,17,0.0
454,-16.356125738183874,11,14,0.0
455,-36.591659956846655,9,16,0.0
456,-36.58637194602153,9,16,0.0
457,-26.00265327428592,10,15,0.0
458,-36.2900014658483,9,16,0.0
459,-46.51271253833549,8,17,0.0
460,-14.986156940368177,11,14,0.0
461,-46.426588118654124,8,17,0.0
462,-15.996068800079257,11,14,0.0
463,-25.8949681488749,10,15,0.0
464,-16.29156227274545,11,14,0.0
465,-27.145468458096524,10,15,0.0
466,-35.87606597427782,9,16,0.0
467,-26.329814966886435,10,15,0.0
468,-16.986772051801374,11,14,0.0
469,-26.172402109451532,10,15,0.0
470,-26.998277349547347,10,15,0.0
471,-6.573964165718637,12,13,0.0
472,-26.750192802815114,10,15,0.0
473,-6.498715674113281,12,13,0.0
474,-27.192717591363518,10,15,0.0
475,-47.639187204655855,8,17,0.0
476,-27.454815365774305,10,15,0.0
477,-16.73302033619454,11,14,0.0
478,-15.431038211664841,11,14,0.0
479,-35.98901404053605,9,16,0.0
480,-25.789086683472306,10,15,0.0
481,-36.30095916363715,9,16,0.0
482,-26.50667704629547,10,15,0.0
483,-56.10269253891302,7,18,0.0
484,-35.626774116598575,9,16,0.0
485,-46.299423432500234,8,17,0.0
486,-26.236257567736374,10,15,0.0
487,-47.78271326975393,8,17,0.0
488,-56.24414251628039,7,18,0.0
489,-26.421760577940034,10,15,0.0
490,-46.62572878784778,8,17,0.0
491,-55.47417356400461,7,18,0.0
492,-56.087741244572605,7,18,0.0
493,-46.62610814745941,8,17,0.0
494,-46.139261843185054,8,17,0.0
495,-64.7517100780884,6,19,0.0
496,-36.24164723286496,9,16,0.0
497,-35.23014907970494,9,16,0.0
498,-26.04256454533357,10,15,0.0
499,-36.103225159549126,9,16,0.0
500,-37.14519038554449,9,16,0.0
501,-37.07771342413784,9,16,0.0
502,-37.30841163170756,9,16,0.0
503,-55.57633811112953,7,18,0.0
504,-56.0942732862698,7,18,0.0
505,-26.457328475971757,10,15,0.0
506,-46.335271243302195,8,17,0.0
507,-45.53974310023443,8,17,0.0
508,-34.91118374227155,9,16,0.0
509,-35.761361512060745,9,16,0.0
510,-47.40949964645486,8,17,0.0
511,-36.2259781729214,9,16,0.0
512,-56.71101717593209,7,18,0.0
513,-55.972657170217104,7,18,0.0
514,-55.970922386889036,7,18,0.0
515,-55.80488510652966,7,18,0.0
516,-35.922571721678366,9,16,0.0
517,-36.23652038053818,9,16,0.0
518,-36.603070841164524,9,16,0.0
519,-55.48920860015648,7,18,0.0
520,-35.05852947583658,9,16,0.0
521,-45.99178747375443,8,17,0.0
522,-46.55973207101135,8,17,0.0
523,-47.35842580126224,8,17,0.0
524,-55.87933860016791,7,18,0.0
525,-36.53848557527433,9,16,0.0
526,-26.636013262670406,10,15,0.0
527,-46.318273589676515,8,17,0.0
528,-45.37913964158207,8,17,0.0
529,-56.61933621401059,7,18,0.0
530,-55.46582126506899,7,18,0.0
531,-34.481617231695985,9,16,0.0
532,-36.05271479648052,9,16,0.0
533,-45.44301942450092,8,17,0.0
534,-35.75899632520688,9,16,0.0
535,-45.40160109050426,8,17,0.0
536,-45.70797608302693,8,17,0.0
537,-56.47952234459986,7,18,0.0
538,-56.00084484387323,7,18,0.0
539,-36.62441510901402,9,16,0.0
540,-54.744650822247586,7,18,0.0
541,-55.4057241907898,7,18,0.0
542,-35.46101402052612,9,16,0.0
543,-46.196833323645194,8,17,0.0
544,-65.40789603588617,6,19,0.0
545,-26.11117551406774,10,15,0.0
546,-54.95691498649789,7,18,0.0
547,-44.338069395414514,8,17,0.0
548,-45.04370753494765,8,17,0.0
549,-34.85528068968465,9,16,0.0
550,-47.22216783072936,8,17,0.0
551,-45.428191434025294,8,17,0.0
552,-34.4720206606699,9,16,0.0
553,-45.12956347330938,8,17,0.0
554,-34.64441660986581,9,16,0.0
555,-45.33503173017515,8,17,0.0
556,-65.80678434551774,6,19,0.0
557,-65.22557383184567,6,19,0.0
558,-35.457709009343816,9,16,0.0
559,-45.98103093787326,8,17,0.0
560,-45.34365986047384,8,17,0.0
561,-55.34883327509508,7,18,0.0
562,-55.72209667694039,7,18,0.0
563,-46.078593089567704,8,17,0.0
564,-54.97476192602933,7,18,0.0
565,-35.54759352147832,9,16,0.0
566,-45.95373805190361,8,17,0.0
567,-45.67841385868267,8,17,0.0
568,-35.48863485094337,9,16,0.0
569,-46.02198307767005,8,17,0.0
570,-56.72423934056788,7,18,0.0
571,-44.06612293218721,8,17,0.0
572,-26.002275781816063,10,15,0.0
573,-25.506582257235763,10,15,0.0
574,-46.21329063686785,8,17,0.0
575,-47.13551746562977,8,17,0.0
576,-56.337682057547646,7,18,0.0
577,-36.38063843317059,9,16,0.0
578,-16.142268612737368,11,14,0.0
579,-36.6844251065513,9,16,0.0
580,-37.20903586339401,9,16,0.0
581,-46.23705929386908,8,17,0.0
582,-45.414754878115616,8,17,0.0
583,-35.85481881649635,9,16,0.0
584,-25.43345292737464,10,15,0.0
585,-35.95658688493607,9,16,0.0
586,-26.761539545307947,10,15,0.0
587,-36.237758307049454,9,16,0.0
588,-36.68835944583172,9,16,0.0
589,-35.32147694708213,9,16,0.0
590,-46.24370286916228,8,17,0.0
591,-46.59076013854549,8,17,0.0
592,-56.03144347995145,7,18,0.0
593,-24.22749515441524,10,15,0.0
594,-24.782593751519833,10,15,0.0
595,-26.098102615609932,10,15,0.0
596,-45.56824807510772,8,17,0.0
597,-35.02072003138554,9,16,0.0
598,-44.7803681813696,8,17,0.0
599,-44.56319596932157,8,17,0.0
600,-44.83287762993851,8,17,0.0
601,-34.823091673396135,9,16,0.0
602,-25.64148031482064,10,15,0.0
603,-55.5007675303485,7,18,0.0
604,-24.913367286696673,10,15,0.0
605,-26.11828469933144,10,15,0.0
606,-36.26661679167765,9,16,0.0
607,-34.430186181003606,9,16,0.0
608,-26.029958078037218,10,15,0.0
609,-45.06649497297266,8,17,0.0
610,-46.500513951983,8,17,0.0
611,-45.12581953838546,8,17,0.0
612,-16.105192623271158,11,14,0.0
613,-34.860614430879934,9,16,0.0
614,-45.53848377292313,8,17,0.0
615,-35.47212630089507,9,16,0.0
616,-15.801386784951948,11,14,0.0
617,-35.19279317803679,9,16,0.0
618,-34.25358740896939,9,16,0.0
619,-45.95113178270554,8,17,0.0
620,-15.421787025238896,11,14,0.0
621,-24.842992623230742,10,15,0.0
622,-24.72406692084258,10,15,0.0
623,-36.443748016055494,9,16,0.0
624,-46.93806153463744,8,17,0.0
625,-35.96783381521891,9,16,0.0
626,-35.319397921164295,9,16,0.0
627,-35.154705510175496,9,16,0.0
628,-56.56437730342663,7,18,0.0
629,-35.79468752850038,9,16,0.0
630,-25.779780245600403,10,15,0.0
631,-36.31925862087904,9,16,0.0
632,-24.75422658841034,10,15,0.0
633,-35.64794423337449,9,16,0.0
634,-55.446579264719865,7,18,0.0
635,-35.19026263918711,9,16,0.0
636,-35.045460721280854,9,16,0.0
637,-45.943328629872575,8,17,0.0
638,-36.15236939386186,9,16,0.0
639,-45.51853015030855,8,17,0.0
640,-35.33192918692605,9,16,0.0
641,-35.54517056926139,9,16,0.0
642,-24.63561465845749,10,15,0.0
643,-26.144381593824484,10,15,0.0
644,-33.55115587786447,9,16,0.0
645,-47.37673223066608,8,17,0.0
646,-45.91733948971148,8,17,0.0
647,-55.415077385090775,7,18,0.0
648,-34.380419691633776,9,16,0.0
649,-25.207559549752023,10,15,0.0
650,-45.29698526445129,8,17,0.0
651,-25.087881454862465,10,15,0.0
652,-44.73235588708601,8,17,0.0
653,-25.601006887253533,10,15,0.0
654,-24.688258670793882,10,15,0.0
655,-24.924725193166108,10,15,0.0
656,-24.901223892156704,10,15,0.0
657,-25.79740015746492,10,15,0.0
658,-25.493942357595515,10,15,0.0
659,-25.758222584342953,10,15,0.0
660,-35.694978960789854,9,16,0.0
661,-46.24888558224369,8,17,0.0
662,-35.260358150369456,9,16,0.0
663,-36.58767742896062,9,16,0.0
664,-35.453080357831865,9,16,0.0
665,-37.35149648494151,9,16,0.0
666,-16.123962997999847,11,14,0.0
667,-45.33382458786949,8,17,0.0
668,-46.361336172711134,8,17,0.0
669,-25.61886152548597,10,15,0.0
670,-27.23685095233507,10,15,0.0
671,-35.74856550298644,9,16,0.0
672,-36.61982649457602,9,16,0.0
673,-26.554585722041452,10,15,0.0
674,-46.621530919812415,8,17,0.0
675,-35.30237665120511,9,16,0.0
676,-56.10847002110145,7,18,0.0
677,-26.981975753334062,10,15,0.0
678,-25.697297904357065,10,15,0.0
679,-36.04400568449794,9,16,0.0
680,-25.501304363281207,10,15,0.0
681,-27.029708022199667,10,15,0.0
682,-25.932441773120978,10,15,0.0
683,-26.436109343429244,10,15,0.0
684,-36.637520138649,9,16,0.0
685,-45.011861365359636,8,17,0.0
686,-34.942725634470804,9,16,0.0
687,-25.257965701082444,10,15,0.0
688,-35.12276849444407,9,16,0.0
689,-46.12100768996103,8,17,0.0
690,-35.490001614056986,9,16,0.0
691,-35.73877644741531,9,16,0.0
692,-16.04379388919768,11,14,0.0
693,-16.31178535087654,11,14,0.0
694,-16.18167266350855,11,14,0.0
695,-25.522254859082505,10,15,0.0
696,-36.71037662654683,9,16,0.0
697,-55.81304320755124,7,18,0.0
698,-25.120815030873384,10,15,0.0
699,-15.41617254554142,11,14,0.0
700,-25.882829947078577,10,15,0.0
701,-36.61566256057635,9,16,0.0
702,-25.358604427824005,10,15,0.0
703,-15.799470691773074,11,14,0.0
704,-34.89964811360004,9,16,0.0
705,-15.300597995966317,11,14,0.0
706,-15.97359619565305,11,14,0.0
707,-36.69204391985384,9,16,0.0
708,-16.535490480567226,11,14,0.0
709,-6.006413428918018,12,13,0.0
710,-16.294263289822148,11,14,0.0
711,-25.82431594499018,10,15,0.0
712,-36.13527495367068,9,16,0.0
713,-36.96885528159848,9,16,0.0
714,-25.474672593697864,10,15,0.0
715,-36.0263469165298,9,16,0.0
716,-45.47607439572559,8,17,0.0
717,-15.713984403550903,11,14,0.0
718,-34.74639228825143,9,16,0.0
719,-5.3578896310926325,12,13,0.0
720,-26.108225954612415,10,15,0.0
721,-25.419861022555267,10,15,0.0
722,-15.137105438606323,11,14,0.0
723,-15.171084604586536,11,14,0.0
724,-26.62518591410148,10,15,0.0
725,-35.60667877073029,9,16,0.0
726,-25.55945674946532,10,15,0.0
727,-34.859372036083485,9,16,0.0
728,-45.24236060659292,8,17,0.0
729,-25.586462493489044,10,15,0.0
730,-35.322859466159166,9,16,0.0
731,-15.347128727280651,11,14,0.0
732,-25.252692698729035,10,15,0.0
733,-44.782496370671964,8,17,0.0
734,-24.157081830694512,10,15,0.0
735,-25.159494823215123,10,15,0.0
736,-24.87566786956473,10,15,0.0
737,-54.409520942804626,7,18,0.0
738,-24.562186235712204,10,15,0.0
739,-34.73986640579528,9,16,0.0
740,-35.20404261833082,9,16,0.0
741,-5.017675260037045,12,13,0.0
742,-25.30079360365612,10,15,0.0
743,-46.1432759537215,8,17,0.0
744,-35.095966788106665,9,16,0.0
745,-45.96015045180678,8,17,0.0
746,-6.286422776695396,12,13,0.0
747,-35.091597102338895,9,16,0.0
748,-16.218195018949835,11,14,0.0
749,-14.569606986892211,11,14,0.0
750,-5.080098282571424,12,13,0.0
751,-4.761703005212148,12,13,0.0
752,-45.30421803551651,8,17,0.0
753,-25.576289538257292,10,15,0.0
754,-24.846359255427448,10,15,0.0
755,-24.76920986723207,10,15,0.0
756,-15.636265293385494,11,14,0.0
757,-35.663231309542425,9,16,0.0
758,-15.543044335235855,11,14,0.0
759,-25.391408411017938,10,15,0.0
760,-4.79505989968329,12,13,0.0
761,-16.015527261298082,11,14,0.0
762,-24.34517805814149,10,15,0.0
763,-24.450710099467578,10,15,0.0
764,5.509125940202704,13,12,0.0
765,-14.452003019318731,11,14,0.0
766,-24.880718999509504,10,15,0.0
767,-14.558954823790636,11,14,0.0
768,-15.0817334659769,11,14,0.0
769,-15.531575926230392,11,14,0.0
770,-24.723433461778832,10,15,0.0
771,-14.619835441708016,11,14,0.0
772,-26.17630132352727,10,15,0.0
773,-5.438572721807013,12,13,0.0
774,-16.05794627627765,11,14,0.0
775,-24.687443984416372,10,15,0.0
776,-25.4796966781405,10,15,0.0
777,-35.45902249066745,9,16,0.0
778,-24.9903320452546,10,15,0.0
779,-44.96489746432534,8,17,0.0
780,-35.31400658644092,9,16,0.0
781,-5.398199539298435,12,13,0.0
782,-15.576375176321648,11,14,0.0
783,-16.965009538186163,11,14,0.0
784,-15.245623666133671,11,14,0.0
785,-15.831141676400454,11,14,0.0
786,-5.231502282979083,12,13,0.0
787,-26.00203843553636,10,15,0.0
788,-15.585007668852542,11,14,0.0
789,-44.909696147640965,8,17,0.0
790,-25.332689572683503,10,15,0.0
791,-14.759817418926566,11,14,0.0
792,-35.96192816520257,9,16,0.0
793,-34.68482853338698,9,16,0.0
794,-25.54283759844286,10,15,0.0
795,-24.794401045056706,10,15,0.0
796,-15.330986833111975,11,14,0.0
797,-25.764577008078273,10,15,0.0
798,-36.446958069114146,9,16,0.0
799,-25.229051032583108,10,15,0.0
800,-24.610993730664685,10,15,0.0
801,-15.319534200971045,11,14,0.0
802,-34.45349175665912,9,16,0.0
803,-5.292042317486544,12,13,0.0
804,-4.884633983330373,12,13,0.0
805,-14.891435498988093,11,14,0.0
806,-25.738362580615366,10,15,0.0
807,-15.133549899474062,11,14,0.0
808,-25.74253550437858,10,15,0.0
809,-25.56288718558417,10,15,0.0
810,-25.31148718455827,10,15,0.0
811,-46.72613641681204,8,17,0.0
812,-26.676648450362094,10,15,0.0
813,-25.06622712531578,10,15,0.0
814,-5.490551323631969,12,13,0.0
815,-14.53160162478289,11,14,0.0
816,-16.13348117217018,11,14,0.0
817,-5.587986306167499,12,13,0.0
818,-15.467516417563889,11,14,0.0
819,-15.77189347217917,11,14,0.0
820,-5.623055625734924,12,13,0.0
821,-14.708782781817806,11,14,0.0
822,-16.49654080533842,11,14,0.0
823,-15.574148362934006,11,14,0.0
824,-16.018629476353013,11,14,0.0
825,4.518013552507551,13,12,0.0
826,-16.231993868278547,11,14,0.0
827,-15.738301555306226,11,14,0.0
828,-14.485415360168524,11,14,0.0
829,-14.912781310587679,11,14,0.0
830,-35.30991882524988,9,16,0.0
831,-16.147083504448343,11,14,0.0
832,-5.568894125820684,12,13,0.0
833,-15.721957411020053,11,14,0.0
834,-5.173092567533626,12,13,0.0
835,-15.29955721793328,11,14,0.0
836,-5.5095906694328285,12,13,0.0
837,-24.79489712655598,10,15,0.0
838,-4.614639870393296,12,13,0.0
839,-15.374758391812163,11,14,0.0
840,-5.2439960052909225,12,13,0.0
841,-14.949850436580384,11,14,0.0
842,-25.580190514845075,10,15,0.0
843,-14.99622314904409,11,14,0.0
844,-15.771589333411594,11,14,0.0
845,-5.773241779671846,12,13,0.0
846,-14.693135400812032,11,14,0.0
847,-5.340396590237155,12,13,0.0
848,-25.0084305515943,10,15,0.0
849,-15.520198146353652,11,14,0.0
850,-14.984327808433324,11,14,0.0
851,-14.309813579231161,11,14,0.0
852,-34.992048500161935,9,16,0.0
853,-15.219106125194932,11,14,0.0
854,-4.776049064479983,12,13,0.0
855,-24.77580558997655,10,15,0.0
856,-24.583590391508793,10,15,0.0
857,4.375188412273626,13,12,0.0
858,-4.27953614806302,12,13,0.0
859,-5.047819052067885,12,13,0.0
860,-26.094003314692685,10,15,0.0
861,-14.1212116287053,11,14,0.0
862,-24.469318486863134,10,15,0.0
863,-25.624740000061607,10,15,0.0
864,-16.06165716665536,11,14,0.0
865,-4.8032974562753665,12,13,0.0
866,-14.7373068737379,11,14,0.0
867,-14.71750428355623,11,14,0.0
868,-24.653373329752135,10,15,0.0
869,4.4693488300731365,13,12,0.0
870,-5.3832719658567125,12,13,0.0
871,-4.698816958921835,12,13,0.0
872,-5.752362042929016,12,13,0.0
873,4.9604689307892595,13,12,0.0
874,-15.032612062513198,11,14,0.0
875,-25.671130017442408,10,15,0.0
876,-15.925490426717609,11,14,0.0
877,-15.71391255585219,11,14,0.0
878,-4.724126674090673,12,13,0.0
879,-5.056521559183501,12,13,0.0
880,14.364427402062262,14,11,0.0
881,-6.125615413727749,12,13,0.0
882,-5.57895101201127,12,13,0.0
883,-14.507281898196121,11,14,0.0
884,-6.647755769236861,12,13,0.0
885,5.2669830676362395,13,12,0.0
886,-15.000072632746743,11,14,0.0
887,3.098905609909269,13,12,0.0
888,5.032284453139213,13,12,0.0
889,3.5451257863240393,13,12,0.0
890,3.387872452803748,13,12,0.0
891,-7.182068642607763,12,13,0.0
892,-15.152434041228844,11,14,0.0
893,-5.744455683738579,12,13,0.0
894,4.837640878717147,13,12,0.0
895,4.9905760619910176,13,12,0.0
896,-16.6907671352346,11,14,0.0
897,-4.8065778314095144,12,13,0.0
898,4.402038288647477,13,12,0.0
899,4.2951346770224195,13,12,0.0
900,-6.201632806562648,12,13,0.0
901,-16.49002463913905,11,14,0.0
902,3.9805182298035486,13,12,0.0
903,-6.710034830966775,12,13,0.0
904,3.613544634565958,13,12,0.0
905,-5.739657513694878,12,13,0.0
906,-6.649969774091039,12,13,0.0
907,-6.29923900278048,12,13,0.0
908,4.214254848243693,13,12,0.0
909,-5.848169837734874,12,13,0.0
910,-5.566384232313396,12,13,0.0
911,-6.829551590840927,12,13,0.0
912,-6.368205567269397,12,13,0.0
913,3.619995935201307,13,12,0.0
914,4.081402570778442,13,12,0.0
915,-5.449578737718857,12,13,0.0
916,4.275415378894433,13,12,0.0
917,-6.725776393283841,12,13,0.0
918,-15.422571370895422,11,14,0.0
919,3.0763125016882746,13,12,0.0
920,3.159831753601596,13,12,0.0
921,-6.807286512066714,12,13,0.0
922,3.398698453660737,13,12,0.0
923,4.403289320798443,13,12,0.0
924,-5.403238946152596,12,13,0.0
925,-6.755891573158431,12,13,0.0
926,5.175175469619997,13,12,0.0
927,-6.29553028904655,12,13,0.0
928,-6.152423350218367,12,13,0.0
929,-6.209378272847829,12,13,0.0
930,-16.224111095980998,11,14,0.0
931,4.000235094483683,13,12,0.0
932,-15.774632384072092,11,14,0.0
933,4.690680097073201,13,12,0.0
934,4.225449202086887,13,12,0.0
935,3.1104464077632556,13,12,0.0
936,-25.562329652783824,10,15,0.0
937,-5.570326388275944,12,13,0.0
938,13.249529074835628,14,11,0.0
939,3.351715066940656,13,12,0.0
940,-6.725282684217305,12,13,0.0
941,13.556932359717704,14,11,0.0
942,4.313417517363172,13,12,0.0
943,4.011186991771359,13,12,0.0
944,-7.022368052448616,12,13,0.0
945,-5.917228667712804,12,13,0.0
946,-16.501654613128167,11,14,0.0
947,3.6854581436499263,13,12,0.0
948,-6.210822916687631,12,13,0.0
949,-6.293629930983187,12,13,0.0
950,13.937317175853638,14,11,0.0
951,-7.001454085207676,12,13,0.0
952,-16.614319747600746,11,14,0.0
953,-6.834145650929704,12,13,0.0
954,-15.803250677760012,11,14,0.0
955,-16.201425206902712,11,14,0.0
956,3.9764947367831827,13,12,0.0
957,-6.782487558709704,12,13,0.0
958,2.2377768445407042,13,12,0.0
959,-27.01102667267054,10,15,0.0
960,-6.861819807221767,12,13,0.0
961,-16.06432271097884,11,14,0.0
962,-15.96363242287501,11,14,0.0
963,-26.145381458920923,10,15,0.0
964,-6.131915782105855,12,13,0.0
965,2.207378749934021,13,12,0.0
966,-16.303254013305,11,14,0.0
967,3.641720386127842,13,12,0.0
968,-7.509048352071115,12,13,0.0
969,-7.017920593634093,12,13,0.0
970,-17.04348898642116,11,14,0.0
971,-8.591007968131022,12,13,0.0
972,-7.573457176277351,12,13,0.0
973,3.134307348587434,13,12,0.0
974,-6.829816831418409,12,13,0.0
975,-6.858166365206749,12,13,0.0
976,-6.618102151744527,12,13,0.0
977,12.833557078219393,14,11,0.0
978,3.4569699207151103,13,12,0.0
979,12.784210257456138,14,11,0.0
980,3.3867164254323576,13,12,0.0
981,3.205394682986931,13,12,0.0
982,-7.230240720008988,12,13,0.0
983,-6.889333103679716,12,13,0.0
984,-6.75059426110789,12,13,0.0
985,14.141496465407588,14,11,0.0
986,22.69373186098308,15,10,0.0
987,-6.208865201758777,12,13,0.0
988,3.8820126742331773,13,12,0.0
989,2.8816860477506427,13,12,0.0
990,-7.275941552022369,12,13,0.0
991,-6.453378024529034,12,13,0.0
992,2.3264851722479474,13,12,0.0
993,2.3864649922177046,13,12,0.0
994,3.434116338653391,13,12,0.0
995,3.092678921873614,13,12,0.0
996,-7.792667210379985,12,13,0.0
997,3.0167061413220235,13,12,0.0
998,-6.142346151329596,12,13,0.0
999,3.64810262199728,13,12,0.0
1000,13.344337311151925,14,11,0.0
1001,3.3745880523272636,13,12,0.0
1002,13.332481746703902,14,11,0.0
1003,-6.562599018993326,12,13,0.0
1004,12.540629269374243,14,11,0.0
1005,-6.181501304912135,12,13,0.0
1006,2.6904731962265895,13,12,0.0
1007,-7.958883053608735,12,13,0.0
1008,3.1694834620834733,13,12,0.0
1009,13.436564329061095,14,11,0.0
1010,12.950114319789323,14,11,0.0
1011,-6.661879599558383,12,13,0.0
1012,-7.043827382868062,12,13,0.0
1013,4.292773765571468,13,12,0.0
1014,13.865836387905043,14,11,0.0
1015,-5.515498215076718,12,13,0.0
1016,-6.8795802973422955,12,13,0.0
1017,-16.816105003141423,11,14,0.0
1018,3.6086898020138474,13,12,0.0
1019,13.141293003860216,14,11,0.0
1020,3.3307121862806444,13,12,0.0
1021,3.4193493199850877,13,12,0.0
1022,3.832094172094159,13,12,0.0
1023,3.7958211097347814,13,12,0.0
1024,3.0866561694319863,13,12,0.0
1025,12.755399570871708,14,11,0.0
1026,-6.8175328676686355,12,13,0.0
1027,-15.95814928291683,11,14,0.0
1028,2.424258920246677,13,12,0.0
1029,2.992654133401146,13,12,0.0
1030,-16.39784428954205,11,14,0.0
1031,13.155876806722494,14,11,0.0
1032,4.08357069963362,13,12,0.0
1033,-6.233681840354128,12,13,0.0
1034,-6.496459192640064,12,13,0.0
1035,14.292212172577628,14,11,0.0
1036,4.420218691767165,13,12,0.0
1037,4.228570034327522,13,12,0.0
1038,-17.183444232458154,11,14,0.0
1039,-5.8815954988912225,12,13,0.0
1040,4.573906257029092,13,12,0.0
1041,3.2696167908637506,13,12,0.0
1042,-6.86793974669842,12,13,0.0
1043,3.299481581704148,13,12,0.0
1044,13.140956333334733,14,11,0.0
1045,14.041377974491898,14,11,0.0
1046,4.1135469405877565,13,12,0.0
1047,3.9017906175915673,13,12,0.0
1048,-6.208162299937139,12,13,0.0
1049,-5.851568293575379,12,13,0.0
1050,4.4918543507294935,13,12,0.0
1051,14.509582105128157,14,11,0.0
1052,14.159326591808844,14,11,0.0
1053,13.477484394572386,14,11,0.0
1054,2.9018325107052796,13,12,0.0
1055,13.684428408834982,14,11,0.0
1056,3.343294084703256,13,12,0.0
1057,3.99104660960408,13,12,0.0
1058,4.458065084719639,13,12,0.0
1059,-6.370183139534987,12,13,0.0
1060,13.697969259813325,14,11,0.0
1061,-5.883490596594456,12,13,0.0
1062,-6.932565884576729,12,13,0.0
1063,-6.591664554041154,12,13,0.0
1064,3.8161211135819073,13,12,0.0
1065,-6.919869201061406,12,13,0.0
1066,3.3151801709017654,13,12,0.0
1067,13.19677269992592,14,11,0.0
1068,-6.296851346217908,12,13,0.0
1069,3.0928978677192784,13,12,0.0
1070,-6.14086613385345,12,13,0.0
1071,-7.467106385263449,12,13,0.0
1072,4.3452533197988075,13,12,0.0
1073,2.4954718640536075,13,12,0.0
1074,13.514049317810352,14,11,0.0
1075,-6.185836795459435,12,13,0.0
1076,4.00945468500411,13,12,0.0
1077,-6.444661817714211,12,13,0.0
1078,-16.887551025152625,11,14,0.0
1079,-7.011834022983333,12,13,0.0
1080,4.155453295528895,13,12,0.0
1081,3.6067140531826745,13,12,0.0
1082,-16.719836209692172,11,14,0.0
1083,3.5410351404710116,13,12,0.0
1084,4.381791589233533,13,12,0.0
1085,4.154827149966014,13,12,0.0
1086,-5.682892846719957,12,13,0.0
1087,13.840121920414976,14,11,0.0
1088,-7.123212294421048,12,13,0.0
1089,3.035873309159536,13,12,0.0
1090,14.73694404225838,14,11,0.0
1091,3.912687847441589,13,12,0.0
1092,-6.440202671990358,12,13,0.0
1093,3.2926287187845755,13,12,0.0
1094,-16.40651335758482,11,14,0.0
1095,3.7114125639193674,13,12,0.0
1096,3.071240027225489,13,12,0.0
1097,2.8774200905692986,13,12,0.0
1098,-6.111615194875286,12,13,0.0
1099,13.82653506937818,14,11,0.0
1100,-6.995598945833896,12,13,0.0
1101,3.817304705859291,13,12,0.0
1102,3.0881024747884744,13,12,0.0
1103,13.741674120908137,14,11,0.0
1104,13.898984138440902,14,11,0.0
1105,13.824210455205693,14,11,0.0
1106,3.770199294406396,13,12,0.0
1107,-6.610474764254706,12,13,0.0
1108,3.069103447567068,13,12,0.0
1109,-6.432776198822678,12,13,0.0
1110,3.436873642052772,13,12,0.0
1111,-6.96067924278309,12,13,0.0
1112,-6.373138867746537,12,13,0.0
1113,14.368068299273212,14,11,0.0
1114,13.32169129947692,14,11,0.0
1115,2.8663643867752384,13,12,0.0
1116,4.038291842197911,13,12,0.0
1117,4.479446477177131,13,12,0.0
1118,12.790766739597387,14,11,0.0
1119,3.1841464212074673,13,12,0.0
1120,4.553864437469746,13,12,0.0
1121,14.52156062805614,14,11,0.0
1122,-5.195581588685558,12,13,0.0
1123,3.714578606532612,13,12,0.0
1124,12.934538302552143,14,11,0.0
1125,4.090078358825494,13,12,0.0
1126,13.03513366079871,14,11,0.0
1127,3.0323210804665948,13,12,0.0
1128,-16.37536707886226,11,14,0.0
1129,-6.440740639601564,12,13,0.0
1130,3.5802253340055668,13,12,0.0
1131,2.78703408430518,13,12,0.0
1132,13.249264825806414,14,11,0.0
1133,-5.016363487678436,12,13,0.0
1134,13.707068465950385,14,11,0.0
1135,-16.952142971153457,11,14,0.0
1136,13.152874664876279,14,11,0.0
1137,24.637818132704076,15,10,0.0
1138,14.145683054170787,14,11,0.0
1139,4.1064238611286825,13,12,0.0
1140,-17.124939941954974,11,14,0.0
1141,-5.84062034811871,12,13,0.0
1142,13.479585734281242,14,11,0.0
1143,3.5143150629965323,13,12,0.0
1144,23.426173832714568,15,10,0.0
1145,2.998773717969131,13,12,0.0
1146,13.681843109436068,14,11,0.0
1147,-5.736305121910231,12,13,0.0
1148,14.17003820189067,14,11,0.0
1149,13.255479323238358,14,11,0.0
1150,3.4079096449756037,13,12,0.0
1151,13.08553843261049,14,11,0.0
1152,4.300979846362932,13,12,0.0
1153,4.127514097180205,13,12,0.0
1154,13.490209825322875,14,11,0.0
1155,13.621394007542234,14,11,0.0
1156,3.090812856551393,13,12,0.0
1157,3.9975755058918097,13,12,0.0
1158,3.663687939034613,13,12,0.0
1159,3.8803778317416437,13,12,0.0
1160,3.7876539553388753,13,12,0.0
1161,3.3457351073343258,13,12,0.0
1162,-6.068710544961981,12,13,0.0
1163,3.6987471496854596,13,12,0.0
1164,-5.618224305441261,12,13,0.0
1165,15.399355990740755,14,11,0.0
1166,-6.631115210002326,12,13,0.0
1167,-5.857784028674244,12,13,0.0
1168,-16.20862589557926,11,14,0.0
1169,-15.939066631236017,11,14,0.0
1170,-6.056265080664566,12,13,0.0
1171,3.4763817636725083,13,12,0.0
1172,-6.055540798133248,12,13,0.0
1173,-5.413007314157973,12,13,0.0
1174,-5.835710314399545,12,13,0.0
1175,-5.794018375426173,12,13,0.0
1176,5.309091065889451,13,12,0.0
1177,-5.358969745452628,12,13,0.0
1178,24.25324077131919,15,10,0.0
1179,3.881150460063669,13,12,0.0
1180,-6.05120488945083,12,13,0.0
1181,-6.073858560741556,12,13,0.0
1182,-14.75733699552666,11,14,0.0
1183,14.381877038881198,14,11,0.0
1184,4.394816807419831,13,12,0.0
1185,23.401748946833017,15,10,0.0
1186,-6.035435162170843,12,13,0.0
1187,4.475342125104923,13,12,0.0
1188,3.994611165910463,13,12,0.0
1189,3.7853534999404967,13,12,0.0
1190,13.85601286676175,14,11,0.0
1191,-6.570305928055539,12,13,0.0
1192,-6.122675958288976,12,13,0.0
1193,3.904654910502506,13,12,0.0
1194,2.568022245340682,13,12,0.0
1195,-26.605712680805865,10,15,0.0
1196,2.2867549106478933,13,12,0.0
1197,13.41876803952174,14,11,0.0
1198,3.4713760244534697,13,12,0.0
1199,4.091120400067787,13,12,0.0
1200,13.216256689510438,14,11,0.0
1201,-15.868102681193065,11,14,0.0
1202,3.374994193979301,13,12,0.0
1203,13.414708825752063,14,11,0.0
1204,12.727575390943917,14,11,0.0
1205,-7.223448342795848,12,13,0.0
1206,23.922900672230273,15,10,0.0
1207,14.080370245381854,14,11,0.0
1208,14.321637119061798,14,11,0.0
1209,-6.685663721012819,12,13,0.0
1210,-6.321342838830487,12,13,0.0
1211,3.5148056201806526,13,12,0.0
1212,13.791661062544673,14,11,0.0
1213,13.815224421218591,14,11,0.0
1214,3.657023568527091,13,12,0.0
1215,13.660703682042648,14,11,0.0
1216,2.9235067853175583,13,12,0.0
1217,3.313249331475369,13,12,0.0
1218,12.970684546751245,14,11,0.0
1219,-6.105557597535627,12,13,0.0
1220,-6.435033126051499,12,13,0.0
1221,-6.799357349917453,12,13,0.0
1222,3.609146921671071,13,12,0.0
1223,3.2151186304832287,13,12,0.0
1224,12.994810386715514,14,11,0.0
1225,-16.033084258845832,11,14,0.0
1226,13.392447693168663,14,11,0.0
1227,3.4889786847841213,13,12,0.0
1228,13.773459809149324,14,11,0.0
1229,4.231688721823378,13,12,0.0
1230,13.22368469554476,14,11,0.0
1231,12.87171055096914,14,11,0.0
1232,3.631523713232003,13,12,0.0
1233,13.675073483603125,14,11,0.0
1234,3.6747711618414733,13,12,0.0
1235,13.874405002743707,14,11,0.0
1236,24.111939772050963,15,10,0.0
1237,3.881597850569465,13,12,0.0
1238,3.977430387064759,13,12,0.0
1239,14.810457434153488,14,11,0.0
1240,-6.446063944250468,12,13,0.0
1241,-7.012523877342625,12,13,0.0
1242,-6.187021526468744,12,13,0.0
1243,23.318430011401635,15,10,0.0
1244,13.892249943934587,14,11,0.0
1245,4.3288257195548745,13,12,0.0
1246,3.5872691369545837,13,12,0.0
1247,13.502904950452667,14,11,0.0
1248,4.02191406790091,13,12,0.0
1249,-16.49031574013879,11,14,0.0
1250,13.893962058215624,14,11,0.0
1251,13.825484958533279,14,11,0.0
1252,4.151200707624884,13,12,0.0
1253,4.461382357738275,13,12,0.0
1254,-6.334828631053645,12,13,0.0
1255,14.250155850092286,14,11,0.0
1256,-5.684443090836594,12,13,0.0
1257,13.359274711194207,14,11,0.0
1258,14.390403510167648,14,11,0.0
1259,14.253079593338267,14,11,0.0
1260,3.5982095615382015,13,12,0.0
1261,13.300144098603953,14,11,0.0
1262,-6.223407537121343,12,13,0.0
1263,-16.04908591508073,11,14,0.0
1264,-6.481531667681917,12,13,0.0
1265,4.176981833725765,13,12,0.0
1266,-7.075561179211206,12,13,0.0
1267,-5.864270561849255,12,13,0.0
1268,23.31904164285441,15,10,0.0
1269,4.177115739983864,13,12,0.0
1270,-5.950904844100103,12,13,0.0
1271,-7.18499838846033,12,13,0.0
1272,-6.2256281086418,12,13,0.0
1273,14.27352491356292,14,11,0.0
1274,-5.954250646208388,12,13,0.0
1275,3.5055874152020046,13,12,0.0
1276,14.59427031781635,14,11,0.0
1277,13.414092706892028,14,11,0.0
1278,-5.998370229398479,12,13,0.0
1279,-16.144164698820592,11,14,0.0
1280,-15.602788764623648,11,14,0.0
1281,4.143039565007527,13,12,0.0
1282,4.140100536725994,13,12,0.0
1283,2.7292500447326846,13,12,0.0
1284,13.701804811273766,14,11,0.0
1285,14.447825340697438,14,11,0.0
1286,-6.274138892094808,12,13,0.0
1287,4.51580516603131,13,12,0.0
1288,13.824471707137723,14,11,0.0
1289,3.4464376806296517,13,12,0.0
1290,4.0049950741208225,13,12,0.0
1291,15.06111933254736,14,11,0.0
1292,4.100697358157685,13,12,0.0
1293,-15.861697391542254,11,14,0.0
1294,-5.990783245728447,12,13,0.0
1295,-6.198228701724792,12,13,0.0
1296,4.480143260484427,13,12,0.0
1297,14.454268623499472,14,11,0.0
1298,-5.120348903278908,12,13,0.0
1299,4.050333840207349,13,12,0.0
1300,4.238529440328754,13,12,0.0
1301,-16.122999339294722,11,14,0.0
1302,5.121787361029771,13,12,0.0
1303,4.341194563812206,13,12,0.0
1304,3.394209650262688,13,12,0.0
1305,4.0805832119528365,13,12,0.0
1306,13.622397991475031,14,11,0.0
1307,3.4007530025261303,13,12,0.0
1308,3.720470290329949,13,12,0.0
1309,-5.997042246732201,12,13,0.0
1310,-5.318335035135217,12,13,0.0
1311,-16.78731528579214,11,14,0.0
1312,-7.511965548469586,12,13,0.0
1313,3.3921646542646027,13,12,0.0
1314,3.6092807258163724,13,12,0.0
1315,3.66616901774187,13,12,0.0
1316,-6.90344262728806,12,13,0.0
1317,-5.645148529868942,12,13,0.0
1318,13.211779465570487,14,11,0.0
1319,-16.461870964837516,11,14,0.0
1320,-5.601924239319883,12,13,0.0
1321,3.9693115395445364,13,12,0.0
1322,3.1836352609243352,13,12,0.0
1323,14.153991536122795,14,11,0.0
1324,-26.517091095982707,10,15,0.0
1325,3.4493382639403594,13,12,0.0
1326,-5.736367059582037,12,13,0.0
1327,-6.753495729061218,12,13,0.0
1328,-6.627374857383554,12,13,0.0
1329,-6.489208843718744,12,13,0.0
1330,-15.849994974932056,11,14,0.0
1331,-26.6162929480805,10,15,0.0
1332,3.590134351434312,13,12,0.0
1333,3.248977592456842,13,12,0.0
1334,-5.813751197109124,12,13,0.0
1335,-15.495362820386616,11,14,0.0
1336,-6.762990298758384,12,13,0.0
1337,3.3943671351650213,13,12,0.0
1338,4.0540233810328115,13,12,0.0
1339,-5.4318793001979255,12,13,0.0
1340,13.788372428627406,14,11,0.0
1341,-5.985969930915692,12,13,0.0
1342,23.933350643750764,15,10,0.0
1343,3.7133841592698262,13,12,0.0
1344,23.17659447977106,15,10,0.0
1345,-5.850635414347726,12,13,0.0
1346,14.470425869099007,14,11,0.0
1347,4.898704236431914,13,12,0.0
1348,14.195938526602475,14,11,0.0
1349,3.1452493409068047,13,12,0.0
1350,14.077222890646802,14,11,0.0
1351,-5.0274995480455456,12,13,0.0
1352,-5.309810871907812,12,13,0.0
1353,14.009243553916736,14,11,0.0
1354,4.625195635458454,13,12,0.0
1355,4.316070629775783,13,12,0.0
1356,14.120619230911498,14,11,0.0
1357,23.811195305911625,15,10,0.0
1358,3.3025597746755793,13,12,0.0
1359,13.767298794285015,14,11,0.0
1360,14.503804949681973,14,11,0.0
1361,4.314137766167201,13,12,0.0
1362,23.977220521089546,15,10,0.0
1363,-6.248269093610016,12,13,0.0
1364,3.2473214431073885,13,12,0.0
1365,24.4813625800165,15,10,0.0
1366,3.3678855006278408,13,12,0.0
1367,13.824826678173856,14,11,0.0
1368,-6.021880650631232,12,13,0.0
1369,-5.887545322748448,12,13,0.0
1370,13.103560456056375,14,11,0.0
1371,-6.32571373888865,12,13,0.0
1372,14.460705169649614,14,11,0.0
1373,3.6272627923787173,13,12,0.0
1374,13.627369170180948,14,11,0.0
1375,13.949447794344477,14,11,0.0
1376,3.593369428286495,13,12,0.0
1377,4.233757889832416,13,12,0.0
1378,13.560097810893716,14,11,0.0
1379,4.617331102532335,13,12,0.0
1380,23.6858009678741,15,10,0.0
1381,13.98620367112282,14,11,0.0
1382,4.300674311310203,13,12,0.0
1383,24.165040790621315,15,10,0.0
1384,-6.571908607028799,12,13,0.0
1385,3.9469027009216635,13,12,0.0
1386,3.635910027246098,13,12,0.0
1387,-6.39395217157805,12,13,0.0
1388,14.018662873956849,14,11,0.0
1389,14.164406078570455,14,11,0.0
1390,13.957762906597713,14,11,0.0
1391,13.856145021021813,14,11,0.0
1392,3.3295626275419394,13,12,0.0
1393,14.29332815715476,14,11,0.0
1394,14.39684033155805,14,11,0.0
1395,13.442997117699583,14,11,0.0
1396,3.137508369809595,13,12,0.0
1397,24.064148928135594,15,10,0.0
1398,14.21932423130265,14,11,0.0
1399,13.332390299862256,14,11,0.0
1400,13.63025671762723,14,11,0.0
1401,-6.144315602401409,12,13,0.0
1402,13.8888526089846,14,11,0.0
1403,3.0845380986248987,13,12,0.0
1404,13.975515599929945,14,11,0.0
1405,23.987110974315165,15,10,0.0
1406,13.285408746332704,14,11,0.0
1407,4.033912781673847,13,12,0.0
1408,13.471138407830626,14,11,0.0
1409,14.078422386689123,14,11,0.0
1410,13.40351955462009,14,11,0.0
1411,23.41145354821912,15,10,0.0
1412,3.3546904643555955,13,12,0.0
1413,-5.910390802237568,12,13,0.0
1414,3.198231357995751,13,12,0.0
1415,13.96809112537348,14,11,0.0
1416,3.613763128148088,13,12,0.0
1417,13.902960639573022,14,11,0.0
1418,24.383683080183143,15,10,0.0
1419,14.00736151541311,14,11,0.0
1420,3.8985315983487308,13,12,0.0
1421,13.55089945221889,14,11,0.0
1422,23.428518281536412,15,10,0.0
1423,-5.813001361812713,12,13,0.0
1424,14.755790718038357,14,11,0.0
1425,4.039106303701477,13,12,0.0
1426,13.941938891594011,14,11,0.0
1427,14.393969255914758,14,11,0.0
1428,23.256377709225674,15,10,0.0
1429,13.340078054999918,14,11,0.0
1430,13.533322324665857,14,11,0.0
1431,13.479056145406442,14,11,0.0
1432,3.566606914994985,13,12,0.0
1433,-5.558918281287853,12,13,0.0
1434,13.556915967739624,14,11,0.0
1435,13.51421482137743,14,11,0.0
1436,2.556435777714233,13,12,0.0
1437,13.58285892574285,14,11,0.0
1438,3.4618448152617907,13,12,0.0
1439,3.31285165347834,13,12,0.0
1440,23.92755434994112,15,10,0.0
1441,-5.9319712190184735,12,13,0.0
1442,13.788869229441119,14,11,0.0
1443,12.814749671785723,14,11,0.0
1444,3.40556209319485,13,12,0.0
1445,23.668327819128017,15,10,0.0
1446,13.738451799147803,14,11,0.0
1447,23.15050310331228,15,10,0.0
1448,4.0857810070013105,13,12,0.0
1449,14.124632906188054,14,11,0.0
1450,12.838400971099887,14,11,0.0
1451,-5.564792864036782,12,13,0.0
1452,3.51542445273674,13,12,0.0
1453,-15.989028765756517,11,14,0.0
1454,14.290354286790286,14,11,0.0
1455,14.47285029774,14,11,0.0
1456,13.268942817108336,14,11,0.0
1457,13.68794207888431,14,11,0.0
1458,3.740616918815924,13,12,0.0
1459,3.1720182092970273,13,12,0.0
1460,-6.079623039842884,12,13,0.0
1461,13.602398333371351,14,11,0.0
1462,3.6147311037313603,13,12,0.0
1463,3.3389746793038726,13,12,0.0
1464,24.140755349352588,15,10,0.0
1465,13.563893332646648,14,11,0.0
1466,3.0448354709092262,13,12,0.0
1467,-6.7229837761905955,12,13,0.0
1468,3.1764969834788763,13,12,0.0
1469,13.133238955593665,14,11,0.0
1470,13.74384274030168,14,11,0.0
1471,3.7830575124630315,13,12,0.0
1472,-15.933193799404734,11,14,0.0
1473,3.91646817477422,13,12,0.0
1474,3.634866050712713,13,12,0.0
1475,14.262948162732094,14,11,0.0
1476,3.3019906002900967,13,12,0.0
1477,12.201762765767363,14,11,0.0
1478,13.458239992412544,14,11,0.0
1479,23.54976475003643,15,10,0.0
1480,3.9247908367896116,13,12,0.0
1481,-16.397023437572265,11,14,0.0
1482,13.165846556520036,14,11,0.0
1483,3.8465452005004597,13,12,0.0
1484,13.518680686627555,14,11,0.0
1485,14.344874414622428,14,11,0.0
1486,14.129964968145043,14,11,0.0
1487,4.031906349022922,13,12,0.0
1488,3.750223541602457,13,12,0.0
1489,23.705894562804147,15,10,0.0
1490,4.308418190630086,13,12,0.0
1491,13.556338426979869,14,11,0.0
1492,13.740566364419596,14,11,0.0
1493,24.29432788030708,15,10,0.0
1494,13.300514009035016,14,11,0.0
1495,14.308383155757124,14,11,0.0
1496,4.049415501969053,13,12,0.0
1497,4.509545355782864,13,12,0.0
1498,12.944968431669121,14,11,0.0
1499,23.4557234822973,15,10,0.0
1500,14.180276340092748,14,11,0.0
1501,4.007853584878962,13,12,0.0
1502,4.197469535882975,13,12,0.0
1503,14.678365231102411,14,11,0.0
1504,4.251033275994665,13,12,0.0
1505,3.745872036517616,13,12,0.0
1506,14.125416451451738,14,11,0.0
1507,4.092569148603761,13,12,0.0
1508,33.7223628158787,16,9,0.0
1509,4.843410759940326,13,12,0.0
1510,3.2648644099727786,13,12,0.0
1511,4.307149767979713,13,12,0.0
1512,13.346972464136538,14,11,0.0
1513,4.475801667779473,13,12,0.0
1514,-5.066640426165264,12,13,0.0
1515,3.9428266401952996,13,12,0.0
1516,-4.907968859324789,12,13,0.0
1517,-16.16018564407644,11,14,0.0
1518,14.661231608080012,14,11,0.0
1519,3.8167707624798908,13,12,0.0
1520,4.656262118791592,13,12,0.0
1521,3.7370057084893684,13,12,0.0
1522,14.322297318437741,14,11,0.0
1523,14.524736190952888,14,11,0.0
1524,4.445159039476531,13,12,0.0
1525,-15.341208672149367,11,14,0.0
1526,-5.85487478682882,12,13,0.0
1527,4.838962321202736,13,12,0.0
1528,-5.487155826675551,12,13,0.0
1529,14.511833140282807,14,11,0.0
1530,-5.078313781740879,12,13,0.0
1531,4.129244021154777,13,12,0.0
1532,4.951715386236298,13,12,0.0
1533,-4.6441737401694585,12,13,0.0
1534,-5.824061975200397,12,13,0.0
1535,13.779706615407537,14,11,0.0
1536,14.71741965896254,14,11,0.0
1537,14.283542625126424,14,11,0.0
1538,-5.387738334444304,12,13,0.0
1539,24.87417755463848,15,10,0.0
1540,4.668008528587009,13,12,0.0
1541,-5.575322207129728,12,13,0.0
1542,5.095939122079404,13,12,0.0
1543,14.431229532014253,14,11,0.0
1544,-5.522490379343392,12,13,0.0
1545,15.39703328786603,14,11,0.0
1546,5.360540619000954,13,12,0.0
1547,5.09317752592059,13,12,0.0
1548,-5.2761348932728644,12,13,0.0
1549,3.9864871487043185,13,12,0.0
1550,4.290427029055249,13,12,0.0
1551,5.139087613500646,13,12,0.0
1552,15.00338450049113,14,11,0.0
1553,-5.013007771321851,12,13,0.0
1554,14.04645943697478,14,11,0.0
1555,-15.48783623838662,11,14,0.0
1556,14.695681277353007,14,11,0.0
1557,14.144141496509823,14,11,0.0
1558,-4.929871887935157,12,13,0.0
1559,3.9781661145727423,13,12,0.0
1560,14.433786730542998,14,11,0.0
1561,14.544328264742845,14,11,0.0
1562,4.693753945241324,13,12,0.0
1563,4.466584002434518,13,12,0.0
1564,14.627007765064898,14,11,0.0
1565,4.603866338380502,13,12,0.0
1566,3.5832420593394936,13,12,0.0
1567,14.717238239694748,14,11,0.0
1568,3.8437640222481155,13,12,0.0
1569,14.235993915255614,14,11,0.0
1570,-6.259450854741832,12,13,0.0
1571,13.795703099303505,14,11,0.0
1572,4.255659092321384,13,12,0.0
1573,-6.098223140045574,12,13,0.0
1574,4.313171380476977,13,12,0.0
1575,3.702439364929692,13,12,0.0
1576,-6.137973503466304,12,13,0.0
1577,13.948139661325596,14,11,0.0
1578,24.31901377432594,15,10,0.0
1579,14.77359452849134,14,11,0.0
1580,-6.0918260744118164,12,13,0.0
1581,4.391653097452183,13,12,0.0
1582,4.48468010902619,13,12,0.0
1583,-5.688078044678987,12,13,0.0
1584,3.7365230986386706,13,12,0.0
1585,-6.004073927137085,12,13,0.0
1586,-6.2085968362564525,12,13,0.0
1587,4.297465958423192,13,12,0.0
1588,4.237663571729013,13,12,0.0
1589,24.265434613009447,15,10,0.0
1590,-5.490631843196308,12,13,0.0
1591,14.013075233410321,14,11,0.0
1592,-5.5809475349616715,12,13,0.0
1593,-5.285802036504608,12,13,0.0
1594,14.026233317682756,14,11,0.0
1595,4.321059860877443,13,12,0.0
1596,-4.574186509910975,12,13,0.0
1597,-15.856673117330557,11,14,0.0
1598,-5.444729365956631,12,13,0.0
1599,4.436593263264214,13,12,0.0
1600,14.093107416141377,14,11,0.0
1601,4.668922813824727,13,12,0.0
1602,4.359043721681008,13,12,0.0
1603,-5.050352275181936,12,13,0.0
1604,-5.777478527608777,12,13,0.0
1605,15.188115648890737,14,11,0.0
1606,-25.513602860164436,10,15,0.0
1607,5.148116050754847,13,12,0.0
1608,-5.2099151528397805,12,13,0.0
1609,-15.493751901764442,11,14,0.0
1610,-5.106558474140666,12,13,0.0
1611,-5.152700565230139,12,13,0.0
1612,-14.957372086283316,11,14,0.0
1613,5.194856327280942,13,12,0.0
1614,5.316805089253851,13,12,0.0
1615,-4.358530332569337,12,13,0.0
1616,5.138788365916902,13,12,0.0
1617,4.650179175124114,13,12,0.0
1618,-14.891006020302731,11,14,0.0
1619,3.869105669694447,13,12,0.0
1620,-14.784340855003752,11,14,0.0
1621,-15.025366288758097,11,14,0.0
1622,-5.927772920387714,12,13,0.0
1623,4.721678106956903,13,12,0.0
1624,-25.305242513436205,10,15,0.0
1625,-14.942497275478827,11,14,0.0
1626,-5.106540149587207,12,13,0.0
1627,-15.390207005421924,11,14,0.0
1628,-6.227816851207049,12,13,0.0
1629,-15.91890082353482,11,14,0.0
1630,-4.6468331718635305,12,13,0.0
1631,-25.356986059691227,10,15,0.0
1632,5.2976826385000155,13,12,0.0
1633,5.036231331348853,13,12,0.0
1634,14.309873606832488,14,11,0.0
1635,-25.517309672348535,10,15,0.0
1636,-5.607813179193805,12,13,0.0
1637,-5.969485717963767,12,13,0.0
1638,-5.977107250090821,12,13,0.0
1639,-25.7447886034534,10,15,0.0
1640,-24.882577715014477,10,15,0.0
1641,-4.793530089231665,12,13,0.0
1642,14.632603942256253,14,11,0.0
1643,-4.620982470445383,12,13,0.0
1644,-15.091622850834503,11,14,0.0
1645,5.085882037717404,13,12,0.0
1646,-4.920444127545627,12,13,0.0
1647,-5.295269017854087,12,13,0.0
1648,-15.79256299704572,11,14,0.0
1649,5.0149737083601895,13,12,0.0
1650,-24.938649775082162,10,15,0.0
1651,-15.49491496466668,11,14,0.0
1652,14.183533568763616,14,11,0.0
1653,-5.470863058299033,12,13,0.0
1654,-15.845207525335441,11,14,0.0
1655,-15.528696284197519,11,14,0.0
1656,4.823505273386115,13,12,0.0
1657,24.027406836473002,15,10,0.0
1658,-5.843171687579357,12,13,0.0
1659,-5.635822379137965,12,13,0.0
1660,14.320318599250713,14,11,0.0
1661,-25.469251917958225,10,15,0.0
1662,-15.813023748367101,11,14,0.0
1663,3.857731020045854,13,12,0.0
1664,-5.207547009146184,12,13,0.0
1665,-5.582857229408235,12,13,0.0
1666,-16.2174698645139,11,14,0.0
1667,-5.0956011258108,12,13,0.0
1668,4.565429816098106,13,12,0.0
1669,3.7196838558380545,13,12,0.0
1670,4.636770698181362,13,12,0.0
1671,4.3812834216013155,13,12,0.0
1672,-5.2348960362531045,12,13,0.0
1673,-5.452348139520842,12,13,0.0
1674,-6.575109766388708,12,13,0.0
1675,-16.148056232592523,11,14,0.0
1676,3.450766822607836,13,12,0.0
1677,-16.03196988136969,11,14,0.0
1678,4.289696942651066,13,12,0.0
1679,-5.1844351195772544,12,13,0.0
1680,3.9738260612261236,13,12,0.0
1681,-5.837589611605802,12,13,0.0
1682,-6.032769990402796,12,13,0.0
1683,14.778020395521128,14,11,0.0
1684,14.182774006446865,14,11,0.0
1685,3.4508942035771977,13,12,0.0
1686,3.5726288303219293,13,12,0.0
1687,3.693583922912037,13,12,0.0
1688,14.454558457191636,14,11,0.0
1689,4.069391385054651,13,12,0.0
1690,-5.776579612170627,12,13,0.0
1691,4.775657427265157,13,12,0.0
1692,3.625593086324276,13,12,0.0
1693,3.783714272490066,13,12,0.0
1694,23.782473689228368,15,10,0.0
1695,14.411029587601735,14,11,0.0
1696,-15.221825353912088,11,14,0.0
1697,3.5866752560717554,13,12,0.0
1698,4.404001425469287,13,12,0.0
1699,14.060339427267715,14,11,0.0
1700,13.912259831843624,14,11,0.0
1701,4.9284290287301,13,12,0.0
1702,4.4911140935744704,13,12,0.0
1703,-5.603580241161217,12,13,0.0
1704,-5.5828618514565385,12,13,0.0
1705,14.006271284962956,14,11,0.0
1706,4.638287052841839,13,12,0.0
1707,4.077663215543604,13,12,0.0
1708,15.45986750721431,14,11,0.0
1709,-6.178231396893501,12,13,0.0
1710,4.371227878936237,13,12,0.0
1711,4.834819882083062,13,12,0.0
1712,24.332790872073915,15,10,0.0
1713,24.19053348388788,15,10,0.0
1714,14.783192004342666,14,11,0.0
1715,4.38415141792025,13,12,0.0
1716,4.561555553500881,13,12,0.0
1717,14.605960826735888,14,11,0.0
1718,5.214470801849529,13,12,0.0
1719,-5.23466121325421,12,13,0.0
1720,-15.687865274604954,11,14,0.0
1721,-5.654426486832687,12,13,0.0
1722,-5.937827754040772,12,13,0.0
1723,-15.062600932219658,11,14,0.0
1724,-15.426232841726481,11,14,0.0
1725,-16.137634781656708,11,14,0.0
1726,-5.360099659826254,12,13,0.0
1727,4.27592352937567,13,12,0.0
1728,-5.44840142244837,12,13,0.0
1729,24.172612263052812,15,10,0.0
1730,4.407495235842356,13,12,0.0
1731,4.827252031027489,13,12,0.0
1732,-25.352818452076264,10,15,0.0
1733,4.20033474756403,13,12,0.0
1734,4.266508666885546,13,12,0.0
1735,4.180677749416624,13,12,0.0
1736,3.5747405303965785,13,12,0.0
1737,14.124358009857037,14,11,0.0
1738,4.23466261710041,13,12,0.0
1739,-5.81995775283452,12,13,0.0
1740,14.028181209747503,14,11,0.0
1741,13.671145020372215,14,11,0.0
1742,-16.045605780207843,11,14,0.0
1743,-25.34919020687924,10,15,0.0
1744,-14.886151042043416,11,14,0.0
1745,4.3583046377954044,13,12,0.0
1746,14.424034941270737,14,11,0.0
1747,-5.534998424933056,12,13,0.0
1748,-5.35251519433387,12,13,0.0
1749,4.92976835500372,13,12,0.0
1750,-5.5606780758889,12,13,0.0
1751,14.119817463643432,14,11,0.0
1752,4.190188526759458,13,12,0.0
1753,5.163382074307882,13,12,0.0
1754,3.57076206769362,13,12,0.0
1755,4.307723977847473,13,12,0.0
1756,-5.66627826800624,12,13,0.0
1757,-6.218612144770432,12,13,0.0
1758,4.412271926860889,13,12,0.0
1759,-15.819842486778983,11,14,0.0
1760,3.994922450329561,13,12,0.0
1761,-5.412788693496164,12,13,0.0
1762,-15.613515572373817,11,14,0.0
1763,-5.818950048918961,12,13,0.0
1764,-15.189291414225199,11,14,0.0
1765,4.793027050279996,13,12,0.0
1766,-6.039690529061646,12,13,0.0
1767,-5.651932256492671,12,13,0.0
1768,3.875653675438649,13,12,0.0
1769,-5.874788744625931,12,13,0.0
1770,-25.368220109422754,10,15,0.0
1771,-5.914813290110834,12,13,0.0
1772,-15.938110799451408,11,14,0.0
1773,-5.794095830324566,12,13,0.0
1774,-5.856622813428618,12,13,0.0
1775,3.969149406399291,13,12,0.0
1776,14.720087853200553,14,11,0.0
1777,-5.746301435488594,12,13,0.0
1778,14.118352599471997,14,11,0.0
1779,13.507018064304102,14,11,0.0
1780,4.113708011187972,13,12,0.0
1781,14.129610826347351,14,11,0.0
1782,14.105917917791825,14,11,0.0
1783,-5.249540695581094,12,13,0.0
1784,3.7322802642614343,13,12,0.0
1785,14.640810390361743,14,11,0.0
1786,-5.662210484174716,12,13,0.0
1787,4.363392298133421,13,12,0.0
1788,-5.634730478627569,12,13,0.0
1789,3.7524947354563167,13,12,0.0
1790,-4.9086665997291545,12,13,0.0
1791,-5.734887162323387,12,13,0.0
1792,-5.623647355012725,12,13,0.0
1793,4.283410239096538,13,12,0.0
1794,-6.770122733947826,12,13,0.0
1795,-6.208379396343924,12,13,0.0
1796,-15.717802383938103,11,14,0.0
1797,-6.269799074217508,12,13,0.0
1798,-5.44161786046131,12,13,0.0
1799,3.5315358990050036,13,12,0.0
1800,4.5525989249774295,13,12,0.0
1801,-5.771150856917512,12,13,0.0
1802,24.3089709810343,15,10,0.0
1803,-16.337708821976175,11,14,0.0
1804,-15.365676572825038,11,14,0.0
1805,13.487310152157498,14,11,0.0
1806,3.917429203253203,13,12,0.0
1807,4.62747226855536,13,12,0.0
1808,4.513228137072478,13,12,0.0
1809,14.075576591519392,14,11,0.0
1810,4.845488150812871,13,12,0.0
1811,-6.705847088526114,12,13,0.0
1812,14.294673488051073,14,11,0.0
1813,4.401905900984852,13,12,0.0
1814,3.5346885062483206,13,12,0.0
1815,13.04994069769474,14,11,0.0
1816,-6.365418960172919,12,13,0.0
1817,-15.634479205267763,11,14,0.0
1818,14.442748547194986,14,11,0.0
1819,13.602844480242895,14,11,0.0
1820,4.022645029389972,13,12,0.0
1821,-6.339382235537384,12,13,0.0
1822,3.8029122092214287,13,12,0.0
1823,23.274097193882028,15,10,0.0
1824,13.769325019230681,14,11,0.0
1825,4.216361429550883,13,12,0.0
1826,14.348619561887102,14,11,0.0
1827,13.625203994146027,14,11,0.0
1828,-6.865315256413991,12,13,0.0
1829,4.967391221554344,13,12,0.0
1830,3.741831458388365,13,12,0.0
1831,4.164226751533935,13,12,0.0
1832,24.57628701784461,15,10,0.0
1833,13.994936751773459,14,11,0.0
1834,-5.949246198992048,12,13,0.0
1835,2.9422521744825225,13,12,0.0
1836,3.7150198466122344,13,12,0.0
1837,3.8698120173574573,13,12,0.0
1838,-5.5840155684211314,12,13,0.0
1839,14.416293286602848,14,11,0.0
1840,14.006257507867225,14,11,0.0
1841,14.447136759407847,14,11,0.0
1842,-5.933742667589496,12,13,0.0
1843,24.240437952631567,15,10,0.0
1844,-6.188928263034789,12,13,0.0
1845,-15.933809006668458,11,14,0.0
1846,13.952218553328215,14,11,0.0
1847,14.010021938213166,14,11,0.0
1848,14.508952333897462,14,11,0.0
1849,3.4041482670008545,13,12,0.0
1850,25.05705084367206,15,10,0.0
1851,24.095736503781623,15,10,0.0
1852,14.284394703357467,14,11,0.0
1853,3.868467701263798,13,12,0.0
1854,23.196020986043983,15,10,0.0
1855,4.231426796457352,13,12,0.0
1856,3.7088894943665682,13,12,0.0
1857,-15.613906443646865,11,14,0.0
1858,3.832234231166959,13,12,0.0
1859,3.604507102468151,13,12,0.0
1860,-6.162918007828612,12,13,0.0
1861,14.082829839999967,14,11,0.0
1862,-5.531009797146735,12,13,0.0
1863,13.337565955034725,14,11,0.0
1864,24.56258567762361,15,10,0.0
1865,13.986788169102471,14,11,0.0
1866,-6.248678635825218,12,13,0.0
1867,4.739989348531896,13,12,0.0
1868,14.348822824269103,14,11,0.0
1869,4.343861747677613,13,12,0.0
1870,24.08998138752673,15,10,0.0
1871,-16.401474352626337,11,14,0.0
1872,-16.76796198653117,11,14,0.0
1873,-35.66529886299628,9,16,0.0
1874,4.675493425293059,13,12,0.0
1875,3.5053059448279456,13,12,0.0
1876,-5.311365744684282,12,13,0.0
1877,4.1131840912279145,13,12,0.0
1878,24.407027207043825,15,10,0.0
1879,3.1477526167848477,13,12,0.0
1880,-6.914981608882695,12,13,0.0
1881,-6.700032715061573,12,13,0.0
1882,4.0987814339026265,13,12,0.0
1883,-5.231478299418795,12,13,0.0
1884,4.608567564753459,13,12,0.0
1885,-5.172634671470449,12,13,0.0
1886,-6.228420197428973,12,13,0.0
1887,-5.825819516815807,12,13,0.0
1888,4.0384105581074685,13,12,0.0
1889,4.9710748734070584,13,12,0.0
1890,13.516234656077451,14,11,0.0
1891,5.233603503111958,13,12,0.0
1892,25.322393628208275,15,10,0.0
1893,-6.154422078959756,12,13,0.0
1894,3.978121286558716,13,12,0.0
1895,24.427466530234213,15,10,0.0
1896,14.58035557176032,14,11,0.0
1897,-5.949827173595738,12,13,0.0
1898,-15.564967686533546,11,14,0.0
1899,-6.0740194711164275,12,13,0.0
1900,-5.8615732301199515,12,13,0.0
1901,24.018614002348205,15,10,0.0
1902,3.8976120232753537,13,12,0.0
1903,-16.417997223577146,11,14,0.0
1904,-6.4622272494079205,12,13,0.0
1905,4.830780342812467,13,12,0.0
1906,-6.219544250207878,12,13,0.0
1907,4.033902606845743,13,12,0.0
1908,4.913601853434406,13,12,0.0
1909,12.972549439091885,14,11,0.0
1910,4.259645137287238,13,12,0.0
1911,3.445349166298575,13,12,0.0
1912,-6.048275284478223,12,13,0.0
1913,-16.194704568019333,11,14,0.0
1914,-5.4409943884719025,12,13,0.0
1915,4.562853013332354,13,12,0.0
1916,23.89642662845028,15,10,0.0
1917,3.464160093601812,13,12,0.0
1918,14.769442937268353,14,11,0.0
1919,-5.793074378566541,12,13,0.0
1920,24.116198153443285,15,10,0.0
1921,3.27655206845977,13,12,0.0
1922,4.017170245511508,13,12,0.0
1923,4.917186977320224,13,12,0.0
1924,3.5811244923331635,13,12,0.0
1925,14.809985529697324,14,11,0.0
1926,-5.618846524603709,12,13,0.0
1927,-5.328094657976953,12,13,0.0
1928,-5.868196155360616,12,13,0.0
1929,4.340268892201891,13,12,0.0
1930,-15.66771889575441,11,14,0.0
1931,14.872874617555883,14,11,0.0
1932,4.258198891749117,13,12,0.0
1933,14.003431078256988,14,11,0.0
1934,14.01645036215988,14,11,0.0
1935,4.297721840761977,13,12,0.0
1936,13.870663683306972,14,11,0.0
1937,14.392561877751591,14,11,0.0
1938,14.567154510276744,14,11,0.0
1939,13.823684726383462,14,11,0.0
1940,-5.385321853772682,12,13,0.0
1941,23.48266165610886,15,10,0.0
1942,13.779508417527836,14,11,0.0
1943,14.037385394595884,14,11,0.0
1944,23.82357589726465,15,10,0.0
1945,14.12537431485502,14,11,0.0
1946,-5.5112636704979,12,13,0.0
1947,3.45681377885491,13,12,0.0
1948,2.9732740054401496,13,12,0.0
1949,13.589905604268928,14,11,0.0
1950,14.973344498918477,14,11,0.0
1951,4.038111904166579,13,12,0.0
1952,-6.806608007498294,12,13,0.0
1953,-15.39976774194443,11,14,0.0
1954,-6.0817143732438765,12,13,0.0
1955,23.420844199008457,15,10,0.0
1956,-6.062428000731927,12,13,0.0
1957,14.58420199910752,14,11,0.0
1958,13.94252308727059,14,11,0.0
1959,24.182515232317883,15,10,0.0
1960,3.7263933220372927,13,12,0.0
1961,-7.314594441883568,12,13,0.0
1962,13.559403098516981,14,11,0.0
1963,-26.516928471770214,10,15,0.0
1964,23.536954259464878,15,10,0.0
1965,24.627199309246503,15,10,0.0
1966,14.371298417965233,14,11,0.0
1967,3.955977185302162,13,12,0.0
1968,4.697129323201139,13,12,0.0
1969,14.526562834889095,14,11,0.0
1970,-6.541246713834337,12,13,0.0
1971,13.830832744738414,14,11,0.0
1972,14.332634827114465,14,11,0.0
1973,3.559105365087486,13,12,0.0
1974,4.574671085577977,13,12,0.0
1975,35.123016411832566,16,9,0.0
1976,-6.345779271541749,12,13,0.0
1977,14.316438658281958,14,11,0.0
1978,-5.836954848946407,12,13,0.0
1979,24.256537624193072,15,10,0.0
1980,12.764432647726892,14,11,0.0
1981,14.267240096573332,14,11,0.0
1982,4.03401581739999,13,12,0.0
1983,-15.43207897213483,11,14,0.0
1984,4.224554356268142,13,12,0.0
1985,22.84674280246806,15,10,0.0
1986,13.398843300817964,14,11,0.0
1987,14.615824292961012,14,11,0.0
1988,-6.707017604598342,12,13,0.0
1989,4.090300089093523,13,12,0.0
1990,24.16839768117021,15,10,0.0
1991,-5.0749845273464995,12,13,0.0
1992,3.7422184447913427,13,12,0.0
1993,3.320236109650695,13,12,0.0
1994,4.561470398440072,13,12,0.0
1995,5.155093067475487,13,12,0.0
1996,14.41138535558114,14,11,0.0
1997,14.022135053472404,14,11,0.0
1998,23.688159869096737,15,10,0.0
1999,-6.412808976146655,12,13,0.0
2000,14.256389126522281,14,11,0.0
2001,25.152253844405717,15,10,0.0
2002,-5.521755509968744,12,13,0.0
2003,23.78285352736643,15,10,0.0
2004,3.746017344229676,13,12,0.0
2005,3.300412989024313,13,12,0.0
2006,23.39679313306994,15,10,0.0
2007,34.17537383341972,16,9,0.0
2008,23.975689678777034,15,10,0.0
2009,13.860491547800923,14,11,0.0
2010,13.580434342954906,14,11,0.0
2011,13.779041546891284,14,11,0.0
2012,24.270934361061595,15,10,0.0
2013,23.474670376533222,15,10,0.0
2014,33.292950404750506,16,9,0.0
2015,-5.922196561520641,12,13,0.0
2016,14.715831942614813,14,11,0.0
2017,14.25248201936925,14,11,0.0
2018,14.323439103839904,14,11,0.0
2019,-6.185168890939842,12,13,0.0
2020,24.068198992778782,15,10,0.0
2021,24.380230220654855,15,10,0.0
2022,13.402690176745333,14,11,0.0
2023,14.40614555840532,14,11,0.0
2024,24.32624779729911,15,10,0.0
2025,4.82361830361976,13,12,0.0
2026,14.627284702051535,14,11,0.0
2027,25.130810773347413,15,10,0.0
2028,3.855227917287202,13,12,0.0
2029,13.575717531942137,14,11,0.0
2030,4.188292978611058,13,12,0.0
2031,4.381743167514696,13,12,0.0
2032,25.02565226084183,15,10,0.0
2033,5.766840629100468,13,12,0.0
2034,4.962676747859082,13,12,0.0
2035,23.698963710267975,15,10,0.0
2036,24.581058486053927,15,10,0.0
2037,4.335117557149198,13,12,0.0
2038,4.6190927332451714,13,12,0.0
2039,4.182293668472287,13,12,0.0
2040,4.461702554127225,13,12,0.0
2041,-15.908198126148097,11,14,0.0
2042,-14.220525513829191,11,14,0.0
2043,5.300123329771624,13,12,0.0
2044,24.42881485375426,15,10,0.0
2045,-5.823269977701603,12,13,0.0
2046,14.20920693457597,14,11,0.0
2047,24.96522532508284,15,10,0.0
2048,14.198863657839183,14,11,0.0
2049,14.61075074469516,14,11,0.0
2050,14.30740870276764,14,11,0.0
2051,14.189254679922326,14,11,0.0
2052,33.66700042721123,16,9,0.0
2053,13.231732102315451,14,11,0.0
2054,24.690114059201782,15,10,0.0
2055,34.26136050376772,16,9,0.0
2056,13.71929697134192,14,11,0.0
2057,3.727115198851659,13,12,0.0
2058,14.30074269804729,14,11,0.0
2059,14.012877056611895,14,11,0.0
2060,14.460817350428075,14,11,0.0
2061,14.74007467697923,14,11,0.0
2062,24.935990391163315,15,10,0.0
2063,-5.365370772421036,12,13,0.0
2064,15.087399250935476,14,11,0.0
2065,15.025509397941384,14,11,0.0
2066,-5.236178641638222,12,13,0.0
2067,14.76656345840457,14,11,0.0
2068,5.076403607003778,13,12,0.0
2069,3.990671974772697,13,12,0.0
2070,3.6040084834389745,13,12,0.0
2071,-15.400747387612437,11,14,0.0
2072,3.8554686490195937,13,12,0.0
2073,13.945907690250223,14,11,0.0
2074,15.749598511377148,14,11,0.0
2075,4.919042227318316,13,12,0.0
2076,13.946546382288876,14,11,0.0
2077,-5.106225180942525,12,13,0.0
2078,-5.510444653189512,12,13,0.0
2079,-15.460645415965903,11,14,0.0
2080,15.077837565530704,14,11,0.0
2081,24.76107390424051,15,10,0.0
2082,24.636860908379642,15,10,0.0
2083,14.387394873383563,14,11,0.0
2084,14.305079225658929,14,11,0.0
2085,4.5049131042998045,13,12,0.0
2086,13.824286733671146,14,11,0.0
2087,-5.792678753607303,12,13,0.0
2088,4.399779348145508,13,12,0.0
2089,-4.9178370705833085,12,13,0.0
2090,13.950904127346096,14,11,0.0
2091,4.429166395482817,13,12,0.0
2092,13.892128714720165,14,11,0.0
2093,-5.73226882630072,12,13,0.0
2094,15.082479558087446,14,11,0.0
2095,4.513523940534003,13,12,0.0
2096,4.788288974930955,13,12,0.0
2097,14.55150232675111,14,11,0.0
2098,14.00996885019894,14,11,0.0
2099,-5.361759875297333,12,13,0.0
2100,13.975869202150314,14,11,0.0
2101,14.453075338815063,14,11,0.0
2102,4.741494937905747,13,12,0.0
2103,-15.110067809318323,11,14,0.0
2104,15.082460400756466,14,11,0.0
2105,23.843033457135036,15,10,0.0
2106,14.310186058025135,14,11,0.0
2107,23.961529458451786,15,10,0.0
2108,4.519608951202359,13,12,0.0
2109,4.151800681421962,13,12,0.0
2110,4.179505333330916,13,12,0.0
2111,14.822303382050512,14,11,0.0
2112,4.733624432548101,13,12,0.0
2113,-15.55636664302645,11,14,0.0
2114,-5.807092647477585,12,13,0.0
2115,-15.117120649369504,11,14,0.0
2116,4.577468279235148,13,12,0.0
2117,-5.6716124411041005,12,13,0.0
2118,-6.093571182192013,12,13,0.0
2119,-15.46202749406676,11,14,0.0
2120,4.497992142504973,13,12,0.0
2121,-5.096414627591344,12,13,0.0
2122,14.515648800558154,14,11,0.0
2123,13.800169732716025,14,11,0.0
2124,-5.837126603871438,12,13,0.0
2125,34.89391340574224,16,9,0.0
2126,-4.9028681440437785,12,13,0.0
2127,-5.465461205444764,12,13,0.0
2128,4.839586455474426,13,12,0.0
2129,4.533298804818088,13,12,0.0
2130,-25.11746795420638,10,15,0.0
2131,14.497972534149081,14,11,0.0
2132,4.899266683989607,13,12,0.0
2133,-5.495681869516735,12,13,0.0
2134,15.282309093154751,14,11,0.0
2135,-5.022108420797686,12,13,0.0
2136,14.86015216444219,14,11,0.0
2137,4.238788099147179,13,12,0.0
2138,23.87659865342786,15,10,0.0
2139,24.653869196529314,15,10,0.0
2140,24.926355837958774,15,10,0.0
2141,5.333166629689586,13,12,0.0
2142,-4.746194643121712,12,13,0.0
2143,4.675981613243891,13,12,0.0
2144,4.902317637204988,13,12,0.0
2145,4.533873103758843,13,12,0.0
2146,15.018210951240322,14,11,0.0
2147,4.672582581521979,13,12,0.0
2148,24.492103464896175,15,10,0.0
2149,5.243471180262105,13,12,0.0
2150,14.350279386549385,14,11,0.0
2151,14.051566250332018,14,11,0.0
2152,-6.042759112511392,12,13,0.0
2153,-5.05435651083685,12,13,0.0
2154,-5.1802131059997825,12,13,0.0
2155,-4.967420655535754,12,13,0.0
2156,-4.944827753352502,12,13,0.0
2157,4.019365482006876,13,12,0.0
2158,13.87360499957459,14,11,0.0
2159,-5.200630531119577,12,13,0.0
2160,14.52197321162854,14,11,0.0
2161,4.44742433505305,13,12,0.0
2162,-6.121731014124526,12,13,0.0
2163,4.745261659731597,13,12,0.0
2164,14.09605068173945,14,11,0.0
2165,-4.972257066702356,12,13,0.0
2166,4.882984400404004,13,12,0.0
2167,-14.869322734938885,11,14,0.0
2168,-6.069628757374369,12,13,0.0
2169,13.715714099224481,14,11,0.0
2170,4.881992796729866,13,12,0.0
2171,-5.2469129269185,12,13,0.0
2172,3.925929837295161,13,12,0.0
2173,-5.113561806733941,12,13,0.0
2174,4.927268341474811,13,12,0.0
2175,-5.388298807139803,12,13,0.0
2176,4.5215234579831325,13,12,0.0
2177,4.424063278979233,13,12,0.0
2178,23.92588974581524,15,10,0.0
2179,5.081307078402357,13,12,0.0
2180,-5.461624422405594,12,13,0.0
2181,-5.663422624903693,12,13,0.0
2182,4.493098342581039,13,12,0.0
2183,24.445306191594344,15,10,0.0
2184,4.754128832581545,13,12,0.0
2185,14.771731972256854,14,11,0.0
2186,-25.631832035922372,10,15,0.0
2187,-16.13768341746396,11,14,0.0
2188,4.972973109736177,13,12,0.0
2189,15.010889076622597,14,11,0.0
2190,15.273518900287426,14,11,0.0
2191,-4.857840170219926,12,13,0.0
2192,-5.748512659599269,12,13,0.0
2193,24.5195488138477,15,10,0.0
2194,-5.796586747782939,12,13,0.0
2195,-16.50547642817951,11,14,0.0
2196,-5.465013573489202,12,13,0.0
2197,4.3122581899000085,13,12,0.0
2198,4.347348695601745,13,12,0.0
2199,4.365284351211306,13,12,0.0
2200,25.29985546346851,15,10,0.0
2201,-15.424882423109965,11,14,0.0
2202,4.014043971481437,13,12,0.0
2203,13.867519351439343,14,11,0.0
2204,34.87076813086462,16,9,0.0
2205,-4.865816783237161,12,13,0.0
2206,-4.602941295825314,12,13,0.0
2207,4.771360572148225,13,12,0.0
2208,-5.443271731318603,12,13,0.0
2209,-15.187865605031785,11,14,0.0
2210,4.582401327495342,13,12,0.0
2211,-5.266981665272565,12,13,0.0
2212,-15.458690895037634,11,14,0.0
2213,3.6378139164588266,13,12,0.0
2214,5.107677269065732,13,12,0.0
2215,14.360100722111232,14,11,0.0
2216,4.499542355005353,13,12,0.0
2217,-5.14952015740489,12,13,0.0
2218,4.953588498624665,13,12,0.0
2219,-5.54812712530234,12,13,0.0
2220,-5.786827342092231,12,13,0.0
2221,4.982631710561279,13,12,0.0
2222,25.350368576496184,15,10,0.0
2223,-5.055703531888671,12,13,0.0
2224,4.624177873254853,13,12,0.0
2225,14.9261505926101,14,11,0.0
2226,-6.292322102470189,12,13,0.0
2227,14.400894725023122,14,11,0.0
2228,4.760318550210991,13,12,0.0
2229,-14.903999538890636,11,14,0.0
2230,-4.908409122023863,12,13,0.0
2231,4.080023639320501,13,12,0.0
2232,-15.766832180212791,11,14,0.0
2233,-5.079875014720367,12,13,0.0
2234,4.78434158016036,13,12,0.0
2235,-5.885175441808869,12,13,0.0
2236,-5.952384235034586,12,13,0.0
2237,-4.557235536389737,12,13,0.0
2238,-5.774792660971292,12,13,0.0
2239,-15.75610594277651,11,14,0.0
2240,-15.39749594875686,11,14,0.0
2241,24.47817444769554,15,10,0.0
2242,3.8988629983624694,13,12,0.0
2243,-15.673934709622309,11,14,0.0
2244,15.178872859260837,14,11,0.0
2245,25.40259083533845,15,10,0.0
2246,-15.820077473051086,11,14,0.0
2247,-4.978603818969061,12,13,0.0
2248,-15.125912413362268,11,14,0.0
2249,5.150214204471048,13,12,0.0
2250,-15.981636199478316,11,14,0.0
2251,-25.798446542635507,10,15,0.0
2252,-5.86241670430104,12,13,0.0
2253,3.939740853105313,13,12,0.0
2254,13.979449215008186,14,11,0.0
2255,-15.145164810014268,11,14,0.0
2256,4.054079031953369,13,12,0.0
2257,-5.142383288177614,12,13,0.0
2258,-16.02473884152146,11,14,0.0
2259,-6.137107007184683,12,13,0.0
2260,-5.294272992006114,12,13,0.0
2261,4.308814603303741,13,12,0.0
2262,5.738144967056997,13,12,0.0
2263,-6.106949870081333,12,13,0.0
2264,-6.205394783539404,12,13,0.0
2265,-15.994022740033756,11,14,0.0
2266,4.2771043148860155,13,12,0.0
2267,-15.732226927400838,11,14,0.0
2268,-15.79162587492935,11,14,0.0
2269,-16.23162603745106,11,14,0.0
2270,-14.802213802629138,11,14,0.0
2271,-6.1398676113333375,12,13,0.0
2272,-5.617464396511949,12,13,0.0
2273,4.992638001456264,13,12,0.0
2274,15.084127493711861,14,11,0.0
2275,4.667040374307385,13,12,0.0
2276,14.358663683211308,14,11,0.0
2277,13.616118282707394,14,11,0.0
2278,4.041146246571641,13,12,0.0
2279,3.7434390411124046,13,12,0.0
2280,-15.708205899964913,11,14,0.0
2281,4.725991555960231,13,12,0.0
2282,4.6753504115587425,13,12,0.0
2283,-15.500806347785002,11,14,0.0
2284,-6.595373801826163,12,13,0.0
2285,14.678804676174323,14,11,0.0
2286,-6.091791466254584,12,13,0.0
2287,4.005483561364427,13,12,0.0
2288,-5.975960181679589,12,13,0.0
2289,-5.546718988190094,12,13,0.0
2290,-15.541623101442143,11,14,0.0
2291,-5.967634820353544,12,13,0.0
2292,-5.778697397660907,12,13,0.0
2293,3.2958794908491083,13,12,0.0
2294,-6.400626005795004,12,13,0.0
2295,3.584507754288131,13,12,0.0
2296,-6.413818376767253,12,13,0.0
2297,-16.42279830062052,11,14,0.0
2298,4.191695196557653,13,12,0.0
2299,-5.843664099417773,12,13,0.0
2300,-5.259471854815793,12,13,0.0
2301,3.9892757340792526,13,12,0.0
2302,-6.307899192562182,12,13,0.0
2303,-7.231103973414024,12,13,0.0
2304,3.8164827210344168,13,12,0.0
2305,-5.819879211457003,12,13,0.0
2306,3.73522850449584,13,12,0.0
2307,3.401874464425388,13,12,0.0
2308,-15.808251808378463,11,14,0.0
2309,-6.628283270086589,12,13,0.0
2310,4.490094852166084,13,12,0.0
2311,-5.505307097300273,12,13,0.0
2312,-6.388407739148015,12,13,0.0
2313,-6.254410060926762,12,13,0.0
2314,3.7199085925623248,13,12,0.0
2315,3.877625682701728,13,12,0.0
2316,-26.26278166297481,10,15,0.0
2317,-15.838704866848044,11,14,0.0
2318,3.6713835981942955,13,12,0.0
2319,14.831713688561658,14,11,0.0
2320,14.01537268363656,14,11,0.0
2321,4.0853485665940035,13,12,0.0
2322,-25.44143353631944,10,15,0.0
2323,4.465073451325685,13,12,0.0
2324,-6.066108328503197,12,13,0.0
2325,5.107055125717951,13,12,0.0
2326,-6.14196338855934,12,13,0.0
2327,4.405284597823131,13,12,0.0
2328,-5.808967461966569,12,13,0.0
2329,-15.760892433225713,11,14,0.0
2330,5.243045956625277,13,12,0.0
2331,-16.000490487780628,11,14,0.0
2332,-15.582739363326702,11,14,0.0
2333,-5.613269221855515,12,13,0.0
2334,24.492054883474133,15,10,0.0
2335,-16.37496691434493,11,14,0.0
2336,14.298132348876479,14,11,0.0
2337,-5.322282624872819,12,13,0.0
2338,5.176544407606624,13,12,0.0
2339,-5.619108969001694,12,13,0.0
2340,-4.429610190714276,12,13,0.0
2341,-4.860568604302351,12,13,0.0
2342,-15.015496846235498,11,14,0.0
2343,3.125262554594393,13,12,0.0
2344,-4.933084960458558,12,13,0.0
2345,-5.4373016945289665,12,13,0.0
2346,4.125551545544404,13,12,0.0
2347,4.900670401704069,13,12,0.0
2348,-5.028168089035656,12,13,0.0
2349,4.6910324231235005,13,12,0.0
2350,15.752283863660725,14,11,0.0
2351,5.023690342450614,13,12,0.0
2352,-4.892747380845295,12,13,0.0
2353,-14.727084444076617,11,14,0.0
2354,-5.4334900074942984,12,13,0.0
2355,24.272665896585696,15,10,0.0
2356,14.44686629353912,14,11,0.0
2357,15.0547096107111,14,11,0.0
2358,24.498834934209242,15,10,0.0
2359,25.232803769186273,15,10,0.0
2360,-4.90280986318615,12,13,0.0
2361,15.16683206475231,14,11,0.0
2362,-6.212497656336621,12,13,0.0
2363,4.175978811223807,13,12,0.0
2364,-14.843172780837001,11,14,0.0
2365,3.9292982582454172,13,12,0.0
2366,-5.731010738880451,12,13,0.0
2367,-5.385399681722271,12,13,0.0
2368,-5.367007434728704,12,13,0.0
2369,-5.299258690707331,12,13,0.0
2370,5.036964200576463,13,12,0.0
2371,-4.761240855810303,12,13,0.0
2372,-5.171397187785711,12,13,0.0
2373,4.307162851354869,13,12,0.0
2374,-16.593926349798455,11,14,0.0
2375,-6.151402675195065,12,13,0.0
2376,-15.57405977928997,11,14,0.0
2377,4.826557477522508,13,12,0.0
2378,-5.9185958381635775,12,13,0.0
2379,-4.969857724745131,12,13,0.0
2380,14.462749536983313,14,11,0.0
2381,-5.17666733300649,12,13,0.0
2382,-4.894537936317734,12,13,0.0
2383,4.095637936067465,13,12,0.0
2384,4.865102632921102,13,12,0.0
2385,5.039692153429144,13,12,0.0
2386,5.154406635335232,13,12,0.0
2387,-5.269464129095712,12,13,0.0
2388,-4.885275736642193,12,13,0.0
2389,-4.661667377295319,12,13,0.0
2390,4.148914030271697,13,12,0.0
2391,-6.123052896345393,12,13,0.0
2392,-15.977657496461745,11,14,0.0
2393,14.398317934417047,14,11,0.0
2394,-5.120866050672722,12,13,0.0
2395,4.198460368317475,13,12,0.0
2396,-15.996206611001137,11,14,0.0
2397,-15.069440132499203,11,14,0.0
2398,4.896236830092995,13,12,0.0
2399,4.143386267893698,13,12,0.0
2400,4.641020835541653,13,12,0.0
2401,-15.081975637164108,11,14,0.0
2402,5.052035276469293,13,12,0.0
2403,-5.211693007540543,12,13,0.0
2404,5.1721609796411085,13,12,0.0
2405,14.811586639910729,14,11,0.0
2406,15.167664170260407,14,11,0.0
2407,-5.9441168450315,12,13,0.0
2408,-14.632759108795334,11,14,0.0
2409,-25.402193801440344,10,15,0.0
2410,4.581637346795201,13,12,0.0
2411,-15.491412518277354,11,14,0.0
2412,4.047041407057609,13,12,0.0
2413,-15.369998665977416,11,14,0.0
2414,-15.15092798322457,11,14,0.0
2415,4.369886465303823,13,12,0.0
2416,14.877707509337542,14,11,0.0
2417,-5.660666749707893,12,13,0.0
2418,15.141786731692768,14,11,0.0
2419,5.27475581024534,13,12,0.0
2420,-4.522459387042915,12,13,0.0
2421,5.602289016933902,13,12,0.0
2422,-15.02778047591692,11,14,0.0
2423,14.992733599375036,14,11,0.0
2424,4.575403310199535,13,12,0.0
2425,15.083696877150938,14,11,0.0
2426,3.8465192509448585,13,12,0.0
2427,-6.126386140592269,12,13,0.0
2428,5.2715358066726985,13,12,0.0
2429,-5.362947334621706,12,13,0.0
2430,14.988187200772888,14,11,0.0
2431,4.715884680256934,13,12,0.0
2432,4.710746337054992,13,12,0.0
2433,4.657727513152297,13,12,0.0
2434,4.448143807361484,13,12,0.0
2435,-4.345632751313029,12,13,0.0
2436,-5.992425394438269,12,13,0.0
2437,5.226895907863399,13,12,0.0
2438,23.613250464239634,15,10,0.0
2439,14.35457564837613,14,11,0.0
2440,-6.2979633716766745,12,13,0.0
2441,4.471544820101968,13,12,0.0
2442,-6.073785475592592,12,13,0.0
2443,-17.05770226342053,11,14,0.0
2444,-6.750614841837638,12,13,0.0
2445,4.97069585913971,13,12,0.0
2446,14.005831284182069,14,11,0.0
2447,-6.1905765058288065,12,13,0.0
2448,13.27198531040004,14,11,0.0
2449,14.523694067635692,14,11,0.0
2450,14.22731271151932,14,11,0.0
2451,-16.144426899824264,11,14,0.0
2452,3.7793945364415276,13,12,0.0
2453,23.98713031255658,15,10,0.0
2454,-6.239648152746325,12,13,0.0
2455,13.421831574954155,14,11,0.0
2456,-15.68005953460219,11,14,0.0
2457,-26.046366982775464,10,15,0.0
2458,-5.6632901162276745,12,13,0.0
2459,-15.219694757734857,11,14,0.0
2460,-15.615052667334137,11,14,0.0
2461,4.435286631325829,13,12,0.0
2462,-5.549855671555757,12,13,0.0
2463,-16.006840656116125,11,14,0.0
2464,4.238084789504349,13,12,0.0
2465,-15.848039306816489,11,14,0.0
2466,-5.996364212838431,12,13,0.0
2467,-26.133634848450892,10,15,0.0
2468,24.256428329234605,15,10,0.0
2469,-6.525694157101523,12,13,0.0
2470,-5.200766226147817,12,13,0.0
2471,23.85355061813512,15,10,0.0
2472,23.629077524350944,15,10,0.0
2473,-25.640063632652986,10,15,0.0
2474,4.2804280759942035,13,12,0.0
2475,-5.450182038543595,12,13,0.0
2476,-5.988400564290496,12,13,0.0
2477,-6.926709063856203,12,13,0.0
2478,-6.429513426548599,12,13,0.0
2479,14.074138509147073,14,11,0.0
2480,14.257180950160937,14,11,0.0
2481,-16.04259163045066,11,14,0.0
2482,14.414066464740793,14,11,0.0
2483,14.294248793277198,14,11,0.0
2484,13.63108969574552,14,11,0.0
2485,4.445311504663429,13,12,0.0
2486,14.181929851518737,14,11,0.0
2487,-6.241848833581109,12,13,0.0
2488,14.206815504073514,14,11,0.0
2489,3.8793618340426157,13,12,0.0
2490,3.2964032362439664,13,12,0.0
2491,13.536874460284624,14,11,0.0
2492,15.050301695567988,14,11,0.0
2493,13.603443801997896,14,11,0.0
2494,13.857629734476363,14,11,0.0
2495,14.485505077068291,14,11,0.0
2496,-5.793231468134295,12,13,0.0
2497,4.090660391967356,13,12,0.0
2498,4.274764367303348,13,12,0.0
2499,-6.668280575271187,12,13,0.0
2500,4.273453525093011,13,12,0.0
2501,-16.253610678821758,11,14,0.0
2502,4.153034828602459,13,12,0.0
2503,23.528938144835866,15,10,0.0
2504,3.6215945526655524,13,12,0.0
2505,-5.288948875060451,12,13,0.0
2506,14.02132163644718,14,11,0.0
2507,4.184941050451556,13,12,0.0
2508,13.031039251518639,14,11,0.0
2509,3.7174594116143567,13,12,0.0
2510,-5.843055134411116,12,13,0.0
2511,4.428406985564979,13,12,0.0
2512,14.343180332314159,14,11,0.0
2513,-15.952306125790567,11,14,0.0
2514,4.391769599950017,13,12,0.0
2515,23.412748635801485,15,10,0.0
2516,14.333493707753078,14,11,0.0
2517,3.870956067153447,13,12,0.0
2518,-5.293507349415502,12,13,0.0
2519,3.727153815722909,13,12,0.0
2520,4.006472947869447,13,12,0.0
2521,3.891905109781142,13,12,0.0
2522,13.054705484790894,14,11,0.0
2523,13.430560154740935,14,11,0.0
2524,4.7752165047740665,13,12,0.0
2525,4.444893910003614,13,12,0.0
2526,3.542605876111063,13,12,0.0
2527,4.170202404774567,13,12,0.0
2528,14.17060987551069,14,11,0.0
2529,4.8588075498340615,13,12,0.0
2530,4.355071131880544,13,12,0.0
2531,22.59315179000471,15,10,0.0
2532,-17.033824386272528,11,14,0.0
2533,-6.45020738234372,12,13,0.0
2534,-5.6413044006877975,12,13,0.0
2535,14.228323134474476,14,11,0.0
2536,3.7402277067331386,13,12,0.0
2537,14.888920258357313,14,11,0.0
2538,13.579855724901863,14,11,0.0
2539,4.145108171172097,13,12,0.0
2540,4.263307105073199,13,12,0.0
2541,2.8628959665037197,13,12,0.0
2542,14.122041840604503,14,11,0.0
2543,-6.879092661536923,12,13,0.0
2544,3.95571488388436,13,12,0.0
2545,-6.798943950860673,12,13,0.0
2546,4.032140911226924,13,12,0.0
2547,14.214282133282856,14,11,0.0
2548,13.8487639944173,14,11,0.0
2549,13.65486296433109,14,11,0.0
2550,15.054474068874349,14,11,0.0
2551,14.715626163531208,14,11,0.0
2552,3.4924801522304634,13,12,0.0
2553,-5.6910487532839795,12,13,0.0
2554,13.773808733895033,14,11,0.0
2555,13.878785701937886,14,11,0.0
2556,3.234030201400495,13,12,0.0
2557,-6.167863412215445,12,13,0.0
2558,-5.598650939548994,12,13,0.0
2559,13.756001019777278,14,11,0.0
2560,14.319435733753348,14,11,0.0
2561,-4.902948583597568,12,13,0.0
2562,-5.791310198315008,12,13,0.0
2563,-15.680785863039153,11,14,0.0
2564,14.00104763999186,14,11,0.0
2565,34.697780197551424,16,9,0.0
2566,-5.347490994723912,12,13,0.0
2567,-5.942983958077166,12,13,0.0
2568,4.290839980846806,13,12,0.0
2569,4.430729718557495,13,12,0.0
2570,-5.77749322331492,12,13,0.0
2571,3.910234058155625,13,12,0.0
2572,4.536184407264927,13,12,0.0
2573,5.503401795004894,13,12,0.0
2574,-16.28493102364561,11,14,0.0
2575,4.5398470917726375,13,12,0.0
2576,4.469653632678805,13,12,0.0
2577,-6.335562819565228,12,13,0.0
2578,15.279960720674904,14,11,0.0
2579,-6.294567036957238,12,13,0.0
2580,-5.309060741583481,12,13,0.0
2581,-5.818095459510767,12,13,0.0
2582,-5.489830292774505,12,13,0.0
2583,-15.303676679617466,11,14,0.0
2584,3.6477919948499675,13,12,0.0
2585,4.958365564127721,13,12,0.0
2586,-15.499185917637327,11,14,0.0
2587,13.807513370430682,14,11,0.0
2588,-15.948054620382836,11,14,0.0
2589,-14.673297853225518,11,14,0.0
2590,-6.0037911162475375,12,13,0.0
2591,-14.632262741382846,11,14,0.0
2592,4.79863156112262,13,12,0.0
2593,4.100228526320876,13,12,0.0
2594,-6.0437136295146425,12,13,0.0
2595,3.9384740361966224,13,12,0.0
2596,4.645139648931831,13,12,0.0
2597,14.908922006820024,14,11,0.0
2598,4.633034459591405,13,12,0.0
2599,-4.978816837940027,12,13,0.0
2600,14.58104753818595,14,11,0.0
2601,15.08204864360122,14,11,0.0
2602,3.245483523328085,13,12,0.0
2603,4.916050459087119,13,12,0.0
2604,13.786473903162321,14,11,0.0
2605,3.417185210107448,13,12,0.0
2606,14.497387769605771,14,11,0.0
2607,-5.705849654253255,12,13,0.0
2608,15.056019814326895,14,11,0.0
2609,14.486488309807132,14,11,0.0
2610,14.502411945517906,14,11,0.0
2611,-5.952477609898793,12,13,0.0
2612,13.773148079649431,14,11,0.0
2613,4.261151965029166,13,12,0.0
2614,4.771868163098292,13,12,0.0
2615,15.487767024332,14,11,0.0
2616,4.95467636997026,13,12,0.0
2617,-5.175558210076545,12,13,0.0
2618,15.02134964596887,14,11,0.0
2619,15.372506472157605,14,11,0.0
2620,5.118744300863952,13,12,0.0
2621,4.328436015964851,13,12,0.0
2622,-14.797467547222407,11,14,0.0
2623,-5.246776637032269,12,13,0.0
2624,5.228347590375863,13,12,0.0
2625,-5.469271937576648,12,13,0.0
2626,5.081560381803731,13,12,0.0
2627,4.918102382552222,13,12,0.0
2628,-5.152502132155592,12,13,0.0
2629,-5.59103825321686,12,13,0.0
2630,-5.274498579806325,12,13,0.0
2631,3.948033326458079,13,12,0.0
2632,-5.052182828889647,12,13,0.0
2633,-15.642992121017297,11,14,0.0
2634,-14.653550667227135,11,14,0.0
2635,-5.6425022858280975,12,13,0.0
2636,24.466894781660592,15,10,0.0
2637,-5.270868985540812,12,13,0.0
2638,4.516476962789209,13,12,0.0
2639,-15.355199179655187,11,14,0.0
2640,4.442247896299559,13,12,0.0
2641,4.51157467368844,13,12,0.0
2642,-15.192474218776017,11,14,0.0
2643,4.971664542365168,13,12,0.0
2644,14.154372354989984,14,11,0.0
2645,-6.0406968238277905,12,13,0.0
2646,4.474460019464688,13,12,0.0
2647,14.061847990450373,14,11,0.0
2648,-15.766874664467412,11,14,0.0
2649,-5.057072315202005,12,13,0.0
2650,-5.6146305081992,12,13,0.0
2651,4.011541592522509,13,12,0.0
2652,-5.328792437282997,12,13,0.0
2653,-4.872562264349913,12,13,0.0
2654,23.204857339256442,15,10,0.0
2655,-4.679186308582816,12,13,0.0
2656,-5.90945724909999,12,13,0.0
2657,4.956022180124868,13,12,0.0
2658,13.80489776932816,14,11,0.0
2659,-5.347842069410683,12,13,0.0
2660,15.338646205171967,14,11,0.0
2661,5.043750273403523,13,12,0.0
2662,-6.078691324100371,12,13,0.0
2663,4.361000828470035,13,12,0.0
2664,14.744357958438018,14,11,0.0
2665,5.380548106592059,13,12,0.0
2666,4.039681428678993,13,12,0.0
2667,-5.998649116904035,12,13,0.0
2668,-5.306161649489446,12,13,0.0
2669,-14.850283113956253,11,14,0.0
2670,24.244259186283713,15,10,0.0
2671,4.000524736189412,13,12,0.0
2672,-5.229189327105102,12,13,0.0
2673,12.964008296517973,14,11,0.0
2674,-6.070047414177058,12,13,0.0
2675,-5.907406727963401,12,13,0.0
2676,-16.13489480999577,11,14,0.0
2677,-5.0167847734707856,12,13,0.0
2678,-15.36008682801306,11,14,0.0
2679,4.160707865406922,13,12,0.0
2680,14.223414817829035,14,11,0.0
2681,-14.804045537856906,11,14,0.0
2682,-14.88509722204633,11,14,0.0
2683,14.511221735918632,14,11,0.0
2684,3.826829017722437,13,12,0.0
2685,-5.46322696239195,12,13,0.0
2686,4.337864439921642,13,12,0.0
2687,-5.993003352229616,12,13,0.0
2688,-25.49524705007981,10,15,0.0
2689,5.204201610788762,13,12,0.0
2690,4.3214807605827215,13,12,0.0
2691,-4.89130419048724,12,13,0.0
2692,-5.129467860797821,12,13,0.0
2693,13.315629384608613,14,11,0.0
2694,14.375082922957802,14,11,0.0
2695,3.1152857443771644,13,12,0.0
2696,-15.227743083430212,11,14,0.0
2697,-6.369849362136263,12,13,0.0
2698,14.773943332042007,14,11,0.0
2699,4.151536369436853,13,12,0.0
2700,4.055519787949709,13,12,0.0
2701,-6.502894165110819,12,13,0.0
2702,3.6834996821788106,13,12,0.0
2703,13.645427372909252,14,11,0.0
2704,4.41272423990266,13,12,0.0
2705,22.988837694193236,15,10,0.0
2706,4.0134454496899075,13,12,0.0
2707,4.25940219106057,13,12,0.0
2708,3.876057055621107,13,12,0.0
2709,-5.4933427193307125,12,13,0.0
2710,4.365169430319462,13,12,0.0
2711,3.3392506241816378,13,12,0.0
2712,13.805813435047625,14,11,0.0
2713,14.1200642738068,14,11,0.0
2714,3.8290446850062345,13,12,0.0
2715,3.981100226670055,13,12,0.0
2716,-5.713662521449603,12,13,0.0
2717,-5.827107541031653,12,13,0.0
2718,-15.955369757657689,11,14,0.0
2719,-16.0565868986437,11,14,0.0
2720,-25.03311687629009,10,15,0.0
2721,-16.07300458992446,11,14,0.0
2722,-6.0974411883915,12,13,0.0
2723,13.890240992864394,14,11,0.0
2724,-16.344050158313067,11,14,0.0
2725,4.015681361599197,13,12,0.0
2726,13.020445758052784,14,11,0.0
2727,-5.732664045488885,12,13,0.0
2728,13.531960340318463,14,11,0.0
2729,-5.640217407013882,12,13,0.0
2730,-6.500446441459683,12,13,0.0
2731,-5.583202315649016,12,13,0.0
2732,-5.866297704840914,12,13,0.0
2733,4.166965450283916,13,12,0.0
2734,5.01656284083346,13,12,0.0
2735,4.412839419086001,13,12,0.0
2736,4.411159938556418,13,12,0.0
2737,-5.4172125013845935,12,13,0.0
2738,14.452554303362778,14,11,0.0
2739,14.259714700240774,14,11,0.0
2740,-25.59099873896324,10,15,0.0
2741,3.720837971191786,13,12,0.0
2742,13.544161834118274,14,11,0.0
2743,14.047734238529195,14,11,0.0
2744,14.373330980300619,14,11,0.0
2745,-15.376603650353491,11,14,0.0
2746,14.152415534230489,14,11,0.0
2747,13.90906628687421,14,11,0.0
2748,4.42734262638346,13,12,0.0
2749,3.0996960702529712,13,12,0.0
2750,3.991630299824454,13,12,0.0
2751,13.21407718576178,14,11,0.0
2752,14.059723675293226,14,11,0.0
2753,-6.353104464419492,12,13,0.0
2754,13.251300857071485,14,11,0.0
2755,3.493635423763825,13,12,0.0
2756,-6.424056276780574,12,13,0.0
2757,13.256528010218359,14,11,0.0
2758,4.768912992898529,13,12,0.0
2759,4.133906258428884,13,12,0.0
2760,-5.516240782838389,12,13,0.0
2761,23.645420894808716,15,10,0.0
2762,-6.613253536795071,12,13,0.0
2763,13.210355380271249,14,11,0.0
2764,3.67459017953792,13,12,0.0
2765,-15.964456877762139,11,14,0.0
2766,4.360122646497349,13,12,0.0
2767,3.0735935696193,13,12,0.0
2768,13.287460525307134,14,11,0.0
2769,13.48199743617227,14,11,0.0
2770,13.214269245183413,14,11,0.0
2771,3.7194891244946273,13,12,0.0
2772,3.4811823842573997,13,12,0.0
2773,13.608873818177136,14,11,0.0
2774,3.8625210773317433,13,12,0.0
2775,-17.222801835430502,11,14,0.0
2776,-5.515129413832574,12,13,0.0
2777,4.017675763897845,13,12,0.0
2778,23.27372357764103,15,10,0.0
2779,4.628796383672168,13,12,0.0
2780,-26.533381661724725,10,15,0.0
2781,13.77592541850988,14,11,0.0
2782,3.023097626075165,13,12,0.0
2783,3.741706518211519,13,12,0.0
2784,12.657445847800824,14,11,0.0
2785,-6.461765840265528,12,13,0.0
2786,-6.078151450928626,12,13,0.0
2787,13.833335957016583,14,11,0.0
2788,-6.033194737019048,12,13,0.0
2789,4.889312048844346,13,12,0.0
2790,14.428295372315038,14,11,0.0
2791,4.281075067832487,13,12,0.0
2792,3.9106470304774295,13,12,0.0
2793,4.667970886715189,13,12,0.0
2794,-15.790796276776923,11,14,0.0
2795,-5.240109399473255,12,13,0.0
2796,14.115902780554,14,11,0.0
2797,23.007152744629014,15,10,0.0
2798,2.8871308775091498,13,12,0.0
2799,3.2417197483459574,13,12,0.0
2800,14.245476731645208,14,11,0.0
2801,14.110344218359465,14,11,0.0
2802,-5.6307817269655835,12,13,0.0
2803,14.172998148065027,14,11,0.0
2804,3.872696803756133,13,12,0.0
2805,3.952577065623613,13,12,0.0
2806,-15.305601104058915,11,14,0.0
2807,-6.460647775115358,12,13,0.0
2808,3.733650755100278,13,12,0.0
2809,-6.459987037035736,12,13,0.0
2810,13.662684117602113,14,11,0.0
2811,-5.920731329107836,12,13,0.0
2812,-26.030306896057503,10,15,0.0
2813,3.706313113097724,13,12,0.0
2814,3.5159305135959134,13,12,0.0
2815,13.546435881782598,14,11,0.0
2816,13.895511488773185,14,11,0.0
2817,-5.923929161737389,12,13,0.0
2818,3.4673736605389323,13,12,0.0
2819,2.497635929523357,13,12,0.0
2820,-5.6465328158985635,12,13,0.0
2821,-7.1435731820455235,12,13,0.0
2822,-6.2021164933137145,12,13,0.0
2823,15.498868405240428,14,11,0.0
2824,-15.153705479896203,11,14,0.0
2825,15.153443892504049,14,11,0.0
2826,-7.1680747712713035,12,13,0.0
2827,3.209159826787131,13,12,0.0
2828,5.060342280136755,13,12,0.0
2829,-16.672486202590736,11,14,0.0
2830,-15.707958815337268,11,14,0.0
2831,-15.288301425978629,11,14,0.0
2832,-16.212313904853122,11,14,0.0
2833,-15.094382037051043,11,14,0.0
2834,-6.798636724908884,12,13,0.0
2835,-5.55296805722751,12,13,0.0
2836,-15.361176567434072,11,14,0.0
2837,14.78104512191872,14,11,0.0
2838,-5.830910850234277,12,13,0.0
2839,-5.164315145409866,12,13,0.0
2840,-15.341873261617035,11,14,0.0
2841,5.232711313579517,13,12,0.0
2842,-6.472349101215649,12,13,0.0
2843,-5.33054198023056,12,13,0.0
2844,3.9580538770536213,13,12,0.0
2845,-5.644703805545962,12,13,0.0
2846,14.834801371246101,14,11,0.0
2847,-5.428979336719723,12,13,0.0
2848,-6.174018413415657,12,13,0.0
2849,-6.059059622655582,12,13,0.0
2850,-5.5063722561238215,12,13,0.0
2851,14.368433649020435,14,11,0.0
2852,4.766353959380405,13,12,0.0
2853,3.448545756962446,13,12,0.0
2854,-15.543102811881203,11,14,0.0
2855,-15.740159832642505,11,14,0.0
2856,-15.556305124792093,11,14,0.0
2857,-6.498423584545246,12,13,0.0
2858,34.17807071860747,16,9,0.0
2859,-35.91443252339063,9,16,0.0
2860,3.9675970640764913,13,12,0.0
2861,3.949125817755399,13,12,0.0
2862,3.6866939342751426,13,12,0.0
2863,-25.896855065038963,10,15,0.0
2864,-5.975742682838053,12,13,0.0
2865,-15.467258972838739,11,14,0.0
2866,-25.246325645581507,10,15,0.0
2867,4.286654454277702,13,12,0.0
2868,-16.138341211101892,11,14,0.0
2869,-16.026912002476315,11,14,0.0
2870,-6.485162355189488,12,13,0.0
2871,4.249530165250222,13,12,0.0
2872,34.23710581675428,16,9,0.0
2873,-25.339304898742192,10,15,0.0
2874,-6.058020758169399,12,13,0.0
2875,-6.2872094471017,12,13,0.0
2876,-5.758706895705467,12,13,0.0
2877,14.656027702855525,14,11,0.0
2878,-6.269757528478589,12,13,0.0
2879,-15.766787394409915,11,14,0.0
2880,-16.05626064317015,11,14,0.0
2881,4.090947519553103,13,12,0.0
2882,-6.212040160433875,12,13,0.0
2883,-5.517605805609758,12,13,0.0
2884,-5.828238320630403,12,13,0.0
2885,-15.64873227145916,11,14,0.0
2886,-5.080843839720316,12,13,0.0
2887,-16.223038774708602,11,14,0.0
2888,23.635575252098956,15,10,0.0
2889,4.189975890092905,13,12,0.0
2890,3.9551773286685386,13,12,0.0
2891,-15.945582175796815,11,14,0.0
2892,3.8783962688375784,13,12,0.0
2893,4.033825549367263,13,12,0.0
2894,4.733438321986119,13,12,0.0
2895,-16.416770659990178,11,14,0.0
2896,-16.592169595590303,11,14,0.0
2897,-16.416912891411823,11,14,0.0
2898,14.316806327603212,14,11,0.0
2899,-5.911323632831742,12,13,0.0
2900,-6.836931116966019,12,13,0.0
2901,-15.64408549548058,11,14,0.0
2902,-25.32416525456606,10,15,0.0
2903,-6.96753478285126,12,13,0.0
2904,-5.450547871776882,12,13,0.0
2905,-15.72928665819317,11,14,0.0
2906,3.9165175825107568,13,12,0.0
2907,-15.967584141404753,11,14,0.0
2908,-6.43673017409499,12,13,0.0
2909,14.388115289624357,14,11,0.0
2910,-6.350153659705986,12,13,0.0
2911,-16.211681406917773,11,14,0.0
2912,-6.230384417245041,12,13,0.0
2913,-15.745480788336403,11,14,0.0
2914,-25.694888529875243,10,15,0.0
2915,-5.7985536922530185,12,13,0.0
2916,-16.024413255915263,11,14,0.0
2917,-15.026251201771457,11,14,0.0
2918,-5.52982801583747,12,13,0.0
2919,-5.996456574871438,12,13,0.0
2920,-16.03184704868645,11,14,0.0
2921,-5.519054802174859,12,13,0.0
2922,-15.474070940200903,11,14,0.0
2923,-16.57629645529636,11,14,0.0
2924,-16.050943205201243,11,14,0.0
2925,4.059303144718313,13,12,0.0
2926,14.164881613004301,14,11,0.0
2927,-15.641043489582612,11,14,0.0
2928,-5.647771603579937,12,13,0.0
2929,3.5195062318613903,13,12,0.0
2930,-16.62833082152401,11,14,0.0
2931,3.9055139895213262,13,12,0.0
2932,-26.720591369027012,10,15,0.0
2933,-5.675265981966085,12,13,0.0
2934,4.662664009055769,13,12,0.0
2935,-5.5630358920005545,12,13,0.0
2936,3.749241386748153,13,12,0.0
2937,-16.277852041506073,11,14,0.0
2938,23.773410941384512,15,10,0.0
2939,4.306533208101284,13,12,0.0
2940,5.389437282405728,13,12,0.0
2941,-6.4159964012510695,12,13,0.0
2942,-6.418647211336511,12,13,0.0
2943,4.079462109459733,13,12,0.0
2944,-6.098292291356111,12,13,0.0
2945,4.089219739467257,13,12,0.0
2946,13.558713721044754,14,11,0.0
2947,4.796080757948707,13,12,0.0
2948,13.322951990410871,14,11,0.0
2949,13.391684742441829,14,11,0.0
2950,13.88862159218415,14,11,0.0
2951,-5.932256416235095,12,13,0.0
2952,14.709206683999774,14,11,0.0
2953,13.397710502881816,14,11,0.0
2954,3.4987326310975564,13,12,0.0
2955,-5.738743787987542,12,13,0.0
2956,-5.905108393578689,12,13,0.0
2957,-5.554915936025312,12,13,0.0
2958,-15.88198168354472,11,14,0.0
2959,4.337316860409177,13,12,0.0
2960,3.7363233947544314,13,12,0.0
2961,24.279419074574236,15,10,0.0
2962,-25.93758989502419,10,15,0.0
2963,14.24962938411744,14,11,0.0
2964,33.0772346887879,16,9,0.0
2965,3.6440807506088437,13,12,0.0
2966,3.5156997510443313,13,12,0.0
2967,-15.893247077948685,11,14,0.0
2968,3.175803419148817,13,12,0.0
2969,4.442261680105121,13,12,0.0
2970,14.115308042712037,14,11,0.0
2971,-6.047638999567578,12,13,0.0
2972,-5.338347871027853,12,13,0.0
2973,-15.898637275195702,11,14,0.0
2974,-15.482170250042998,11,14,0.0
2975,-5.878365615694303,12,13,0.0
2976,-6.984565265581699,12,13,0.0
2977,3.97847657520326,13,12,0.0
2978,4.391047005216873,13,12,0.0
2979,-15.969330242075486,11,14,0.0
2980,-5.4517062730847785,12,13,0.0
2981,4.00361496425727,13,12,0.0
2982,-6.0763727832224514,12,13,0.0
2983,-26.239228079306294,10,15,0.0
2984,-6.546250614227974,12,13,0.0
2985,4.324960450770305,13,12,0.0
2986,-6.176432873644588,12,13,0.0
2987,-17.005889582864096,11,14,0.0
2988,-6.429558703421836,12,13,0.0
2989,13.780633043077213,14,11,0.0
2990,-6.26222573686252,12,13,0.0
2991,23.09231995618611,15,10,0.0
2992,-6.697614043081511,12,13,0.0
2993,3.7348505090428645,13,12,0.0
2994,-6.111681250068694,12,13,0.0
2995,-15.767969857642683,11,14,0.0
2996,3.8256494858485963,13,12,0.0
2997,-15.205435317416317,11,14,0.0
2998,3.6058788281686915,13,12,0.0
2999,4.194982025723707,13,12,0.0
3000,-16.241527924614342,11,14,0.0
3001,14.095976994066461,14,11,0.0
3002,-16.032562974994846,11,14,0.0
3003,3.498949674506836,13,12,0.0
3004,-5.1969277769262145,12,13,0.0
3005,5.05762748640584,13,12,0.0
3006,3.355360334433966,13,12,0.0
3007,-16.156696519266916,11,14,0.0
3008,-6.009230843246339,12,13,0.0
3009,4.491972887150239,13,12,0.0
3010,13.374753368013,14,11,0.0
3011,-26.40758221758915,10,15,0.0
3012,3.993172466744232,13,12,0.0
3013,-5.518572077168267,12,13,0.0
3014,-15.119368449555497,11,14,0.0
3015,24.59386002954139,15,10,0.0
3016,14.565624163846003,14,11,0.0
3017,-5.550983997110443,12,13,0.0
3018,14.137284733287036,14,11,0.0
3019,-5.976128611047843,12,13,0.0
3020,3.682905145983163,13,12,0.0
3021,3.861929094276425,13,12,0.0
3022,3.7601762392665723,13,12,0.0
3023,-6.8883910643796735,12,13,0.0
3024,-5.737775275997901,12,13,0.0
3025,14.164081950613145,14,11,0.0
3026,3.928547915120326,13,12,0.0
3027,4.152301025859703,13,12,0.0
3028,3.717852838447728,13,12,0.0
3029,3.78302147309412,13,12,0.0
3030,4.638164021032866,13,12,0.0
3031,13.84431180732101,14,11,0.0
3032,-6.411552970854935,12,13,0.0
3033,-6.050765863073218,12,13,0.0
3034,-17.02791998796814,11,14,0.0
3035,-8.174958771556497,12,13,0.0
3036,3.3610895691040756,13,12,0.0
3037,14.641810169972807,14,11,0.0
3038,3.420119746544138,13,12,0.0
3039,3.388494429944391,13,12,0.0
3040,13.720143052254471,14,11,0.0
3041,-15.608101471900795,11,14,0.0
3042,12.93278735527068,14,11,0.0
3043,-5.747995535118008,12,13,0.0
3044,-5.927692281674603,12,13,0.0
3045,13.194966804023046,14,11,0.0
3046,14.551438280603895,14,11,0.0
3047,3.5237350085872485,13,12,0.0
3048,3.546827725275218,13,12,0.0
3049,-26.874897065206177,10,15,0.0
3050,13.252801125086542,14,11,0.0
3051,3.412039683938901,13,12,0.0
3052,23.17351146622738,15,10,0.0
3053,-16.039365399282627,11,14,0.0
3054,3.957909119327507,13,12,0.0
3055,-6.022855056053055,12,13,0.0
3056,3.924918248391439,13,12,0.0
3057,4.259385275827823,13,12,0.0
3058,-5.648331676188423,12,13,0.0
3059,-5.843841398846642,12,13,0.0
3060,4.425876429292845,13,12,0.0
3061,4.128817646987173,13,12,0.0
3062,-5.855247338668766,12,13,0.0
3063,-5.9346765672390855,12,13,0.0
3064,13.351808351742964,14,11,0.0
3065,3.565823312560914,13,12,0.0
3066,4.1677489121371725,13,12,0.0
3067,-7.375121103251621,12,13,0.0
3068,13.54263125425321,14,11,0.0
3069,14.210587016826342,14,11,0.0
3070,3.1555179907983852,13,12,0.0
3071,3.947643210826822,13,12,0.0
3072,14.335038763850463,14,11,0.0
3073,-5.159094645435628,12,13,0.0
3074,3.2568223620834083,13,12,0.0
3075,33.34949170997346,16,9,0.0
3076,-5.255200595933688,12,13,0.0
3077,14.725578311785167,14,11,0.0
3078,-5.59998381546714,12,13,0.0
3079,5.000506993840265,13,12,0.0
3080,14.681539006063675,14,11,0.0
3081,-5.175605107106101,12,13,0.0
3082,24.14620077748804,15,10,0.0
3083,4.370100587240955,13,12,0.0
3084,14.238138314785058,14,11,0.0
3085,-4.65527052495279,12,13,0.0
3086,5.153975298124382,13,12,0.0
3087,4.446628506769477,13,12,0.0
3088,15.44062321135246,14,11,0.0
3089,-5.545473168481962,12,13,0.0
3090,25.323164861402148,15,10,0.0
3091,-15.496156508193074,11,14,0.0
3092,-6.0088312391036585,12,13,0.0
3093,4.189426060443351,13,12,0.0
3094,-4.892434662718911,12,13,0.0
3095,-5.5373013458493325,12,13,0.0
3096,-6.337021487437758,12,13,0.0
3097,-15.79021282547744,11,14,0.0
3098,4.672122838747352,13,12,0.0
3099,-15.559113682594337,11,14,0.0
3100,14.546236744289029,14,11,0.0
3101,-15.292091381468152,11,14,0.0
3102,13.611086420923474,14,11,0.0
3103,-5.294974523688854,12,13,0.0
3104,-5.8166914689487506,12,13,0.0
3105,3.7145480933096984,13,12,0.0
3106,-5.530172792194515,12,13,0.0
3107,4.0825452572264425,13,12,0.0
3108,4.550651711242918,13,12,0.0
3109,-5.053677301978103,12,13,0.0
3110,-15.436789872274641,11,14,0.0
3111,14.29962020934979,14,11,0.0
3112,24.25570598936261,15,10,0.0
3113,-7.314998358436375,12,13,0.0
3114,-16.178306971544014,11,14,0.0
3115,3.9241138596674396,13,12,0.0
3116,-6.1945842533204605,12,13,0.0
3117,-15.335518931436418,11,14,0.0
3118,-6.037271222885867,12,13,0.0
3119,4.807602269564569,13,12,0.0
3120,-6.604987240885061,12,13,0.0
3121,-15.482584873596686,11,14,0.0
3122,13.447584258966517,14,11,0.0
3123,-15.994727603719564,11,14,0.0
3124,-15.583354651358645,11,14,0.0
3125,-16.616944135388454,11,14,0.0
3126,-5.451749092626941,12,13,0.0
3127,-15.447912207460117,11,14,0.0
3128,14.16493787663741,14,11,0.0
3129,4.156134233861788,13,12,0.0
3130,-6.392324313941345,12,13,0.0
3131,3.620365451789745,13,12,0.0
3132,4.347679616211944,13,12,0.0
3133,13.784855701024883,14,11,0.0
3134,-15.592831372035679,11,14,0.0
3135,14.208220929334278,14,11,0.0
3136,14.588465812774734,14,11,0.0
3137,-14.89363617226396,11,14,0.0
3138,-4.7597765844212745,12,13,0.0
3139,5.020688570971073,13,12,0.0
3140,15.512300832127995,14,11,0.0
3141,-5.982653240994229,12,13,0.0
3142,4.31049234259873,13,12,0.0
3143,3.0265286406491967,13,12,0.0
3144,-5.593365022194332,12,13,0.0
3145,14.749708893510082,14,11,0.0
3146,-15.482570798753489,11,14,0.0
3147,-16.079943860394273,11,14,0.0
3148,4.019054815787658,13,12,0.0
3149,-5.082734917734099,12,13,0.0
3150,-5.03192052226219,12,13,0.0
3151,-15.083684140157,11,14,0.0
3152,5.014844468180623,13,12,0.0
3153,4.820693263923975,13,12,0.0
3154,14.766650209397719,14,11,0.0
3155,3.8207705557194416,13,12,0.0
3156,4.127874541032702,13,12,0.0
3157,3.9150316351284746,13,12,0.0
3158,-14.703414104558469,11,14,0.0
3159,-16.223093543269986,11,14,0.0
3160,3.413406035012807,13,12,0.0
3161,-6.171151315531734,12,13,0.0
3162,-6.533735574216102,12,13,0.0
3163,13.942776233224112,14,11,0.0
3164,4.076527759162869,13,12,0.0
3165,13.909031316826692,14,11,0.0
3166,3.2825234587890044,13,12,0.0
3167,13.495931504636546,14,11,0.0
3168,24.338760649198385,15,10,0.0
3169,-6.413904650602037,12,13,0.0
3170,14.47290239026981,14,11,0.0
3171,-6.58941761447824,12,13,0.0
3172,-5.908991859889266,12,13,0.0
3173,3.938765541545374,13,12,0.0
3174,-16.783655596319644,11,14,0.0
3175,4.414562961637175,13,12,0.0
3176,3.4768670282917684,13,12,0.0
3177,-16.681363332368154,11,14,0.0
3178,33.687595631246666,16,9,0.0
3179,-16.5151065368542,11,14,0.0
3180,-15.16826242896125,11,14,0.0
3181,-6.321467280262441,12,13,0.0
3182,13.118109542972153,14,11,0.0
3183,4.660042484857553,13,12,0.0
3184,-6.782774418415881,12,13,0.0
3185,-36.26785693178437,9,16,0.0
3186,3.401221908237071,13,12,0.0
3187,-16.02429837741102,11,14,0.0
3188,13.23845697041234,14,11,0.0
3189,-26.198982747434016,10,15,0.0
3190,-6.427154448484018,12,13,0.0
3191,3.98731398964623,13,12,0.0
3192,-6.284418140907742,12,13,0.0
3193,-5.676592272723477,12,13,0.0
3194,13.564132936861112,14,11,0.0
3195,-15.325625717509702,11,14,0.0
3196,3.766573586172605,13,12,0.0
3197,3.8528158254752576,13,12,0.0
3198,4.370727053331695,13,12,0.0
3199,-5.948112595468765,12,13,0.0
3200,4.162042992359796,13,12,0.0
3201,-6.016614413282374,12,13,0.0
3202,4.255641534562249,13,12,0.0
3203,2.779278590176732,13,12,0.0
3204,-16.913001579720525,11,14,0.0
3205,4.238171621397532,13,12,0.0
3206,3.167941358491489,13,12,0.0
3207,22.948917880827842,15,10,0.0
3208,-6.654855898878875,12,13,0.0
3209,-6.252275323924341,12,13,0.0
3210,12.885979921866635,14,11,0.0
3211,13.636509131847497,14,11,0.0
3212,-6.539136989963734,12,13,0.0
3213,13.317364035327452,14,11,0.0
3214,-7.1646312314995,12,13,0.0
3215,4.393414481635892,13,12,0.0
3216,2.694757184786562,13,12,0.0
3217,3.953282588163903,13,12,0.0
3218,-6.147493486552541,12,13,0.0
3219,13.371421022784487,14,11,0.0
3220,24.346284450515697,15,10,0.0
3221,3.1720685791073855,13,12,0.0
3222,13.72283439317502,14,11,0.0
3223,2.8545618710092695,13,12,0.0
3224,-15.711633042577862,11,14,0.0
3225,-6.470139643473062,12,13,0.0
3226,-5.788838643064487,12,13,0.0
3227,3.450304520556136,13,12,0.0
3228,23.050861417476682,15,10,0.0
3229,-6.832840049211766,12,13,0.0
3230,-6.798134489443433,12,13,0.0
3231,-5.775311110703923,12,13,0.0
3232,-15.79905763054321,11,14,0.0
3233,-5.984134937421289,12,13,0.0
3234,-16.327846662845356,11,14,0.0
3235,3.2653962401813503,13,12,0.0
3236,3.964764238985442,13,12,0.0
3237,14.489565010575294,14,11,0.0
3238,24.02954122981751,15,10,0.0
3239,3.242260105223817,13,12,0.0
3240,12.865406754618679,14,11,0.0
3241,-16.97613966514022,11,14,0.0
3242,-6.474494681103573,12,13,0.0
3243,-25.701891382814573,10,15,0.0
3244,4.000633236941221,13,12,0.0
3245,12.902462176109331,14,11,0.0
3246,12.997994636793404,14,11,0.0
3247,3.4379542973965544,13,12,0.0
3248,13.640949634069145,14,11,0.0
3249,-6.8969049288088815,12,13,0.0
3250,-6.632015684909231,12,13,0.0
3251,-26.93103984951476,10,15,0.0
3252,23.83615769132396,15,10,0.0
3253,3.6336948143853487,13,12,0.0
3254,13.347466409644824,14,11,0.0
3255,4.11728021387315,13,12,0.0
3256,-26.044065966976508,10,15,0.0
3257,-15.911116700629249,11,14,0.0
3258,-6.148272130311209,12,13,0.0
3259,-25.8615527557332,10,15,0.0
3260,-16.82727840595,11,14,0.0
3261,4.795264112236527,13,12,0.0
3262,3.566480623950266,13,12,0.0
3263,-7.5768975731454,12,13,0.0
3264,-5.870406319379787,12,13,0.0
3265,-5.721452298442126,12,13,0.0
3266,-15.996073679850586,11,14,0.0
3267,-16.94609135628917,11,14,0.0
3268,13.721685735477589,14,11,0.0
3269,3.34647612583859,13,12,0.0
3270,13.831072139543139,14,11,0.0
3271,3.643395371095833,13,12,0.0
3272,5.21995534735764,13,12,0.0
3273,3.855428794802699,13,12,0.0
3274,14.084796319632957,14,11,0.0
3275,14.54417890206406,14,11,0.0
3276,4.046459153642804,13,12,0.0
3277,13.991494693960085,14,11,0.0
3278,4.352375139363259,13,12,0.0
3279,3.511284552451867,13,12,0.0
3280,3.130060993698834,13,12,0.0
3281,13.895283949080127,14,11,0.0
3282,14.210804717978233,14,11,0.0
3283,-6.001065403826113,12,13,0.0
3284,4.245403290212959,13,12,0.0
3285,3.5783980989040485,13,12,0.0
3286,3.8903659718225843,13,12,0.0
3287,23.942546833719415,15,10,0.0
3288,13.604672891131301,14,11,0.0
3289,-6.679251783463692,12,13,0.0
3290,4.565461199930859,13,12,0.0
3291,3.6657563030909337,13,12,0.0
3292,-5.693898614889616,12,13,0.0
3293,-5.890465510657613,12,13,0.0
3294,-15.645907116300362,11,14,0.0
3295,-6.785142229109241,12,13,0.0
3296,-15.024938617249326,11,14,0.0
3297,14.020358392195405,14,11,0.0
3298,-6.4522260788991455,12,13,0.0
3299,-6.890034235640435,12,13,0.0
3300,-6.675304424852109,12,13,0.0
3301,-16.37004398467596,11,14,0.0
3302,14.25834314597897,14,11,0.0
3303,4.055638676008838,13,12,0.0
3304,-5.420726982973026,12,13,0.0
3305,-16.00919967269523,11,14,0.0
3306,13.038501408159668,14,11,0.0
3307,5.027623933160138,13,12,0.0
3308,4.23357414527818,13,12,0.0
3309,4.991596907999137,13,12,0.0
3310,4.531663839972357,13,12,0.0
3311,4.05557803046683,13,12,0.0
3312,-15.824135052709863,11,14,0.0
3313,3.5712986164133707,13,12,0.0
3314,-5.313617810370683,12,13,0.0
3315,-15.163713844718787,11,14,0.0
3316,13.374609816233379,14,11,0.0
3317,-15.155592728954664,11,14,0.0
3318,15.11795964500283,14,11,0.0
3319,13.787330748124969,14,11,0.0
3320,3.825016492461833,13,12,0.0
3321,-5.055076701230396,12,13,0.0
3322,-5.747321506067948,12,13,0.0
3323,-5.115567472686392,12,13,0.0
3324,-5.84049240005314,12,13,0.0
3325,23.89729725363819,15,10,0.0
3326,4.382576287233737,13,12,0.0
3327,4.244257017323061,13,12,0.0
3328,4.675919692018819,13,12,0.0
3329,-6.327159080323469,12,13,0.0
3330,3.7203036424056624,13,12,0.0
3331,-5.95304782617724,12,13,0.0
3332,13.94160695024462,14,11,0.0
3333,3.9403815789798236,13,12,0.0
3334,4.383369632177376,13,12,0.0
3335,25.186591256014008,15,10,0.0
3336,-15.535047501417733,11,14,0.0
3337,-5.0946123096932805,12,13,0.0
3338,15.594426950101031,14,11,0.0
3339,14.391998783531472,14,11,0.0
3340,-5.565517950004837,12,13,0.0
3341,15.037313137244203,14,11,0.0
3342,4.906574591597503,13,12,0.0
3343,4.591801302222116,13,12,0.0
3344,14.13887774111176,14,11,0.0
3345,-15.058277440908844,11,14,0.0
3346,13.661790696760185,14,11,0.0
3347,14.477367589416001,14,11,0.0
3348,-15.91987525106467,11,14,0.0
3349,14.174914941009312,14,11,0.0
3350,-5.878257716321093,12,13,0.0
3351,-15.987239592984828,11,14,0.0
3352,-35.61410792046746,9,16,0.0
3353,-6.267349631988951,12,13,0.0
3354,4.110916294812741,13,12,0.0
3355,-6.334677679001848,12,13,0.0
3356,-6.038334544922456,12,13,0.0
3357,4.858373058075836,13,12,0.0
3358,3.780703629308251,13,12,0.0
3359,-16.001177615803684,11,14,0.0
3360,-15.805964990521208,11,14,0.0
3361,3.1991474337419548,13,12,0.0
3362,-5.859966946891731,12,13,0.0
3363,4.0040083260818,13,12,0.0
3364,3.9558582486979104,13,12,0.0
3365,3.944699858055703,13,12,0.0
3366,-4.7589371205687705,12,13,0.0
3367,-6.721521585275218,12,13,0.0
3368,14.506262260676706,14,11,0.0
3369,-6.110073817818126,12,13,0.0
3370,-4.247429023834313,12,13,0.0
3371,-16.1421049834654,11,14,0.0
3372,-15.74882885379969,11,14,0.0
3373,-4.926751562952038,12,13,0.0
3374,-5.657115741733891,12,13,0.0
3375,2.565833945901491,13,12,0.0
3376,4.9031051294981385,13,12,0.0
3377,-5.336133985325462,12,13,0.0
3378,-6.324350706830838,12,13,0.0
3379,-16.464529035393607,11,14,0.0
3380,14.613984172820544,14,11,0.0
3381,3.11918642323585,13,12,0.0
3382,-16.489142500428947,11,14,0.0
3383,-25.935847681801093,10,15,0.0
3384,-15.066033680596902,11,14,0.0
3385,-16.452258341379626,11,14,0.0
3386,-25.724021672703223,10,15,0.0
3387,-26.631112982801614,10,15,0.0
3388,-16.015889450595996,11,14,0.0
3389,-5.873363025846675,12,13,0.0
3390,-4.881984346513397,12,13,0.0
3391,-6.174127590170697,12,13,0.0
3392,-5.947291454556465,12,13,0.0
3393,-15.11650157226215,11,14,0.0
3394,-26.94728375235558,10,15,0.0
3395,-16.13790674038761,11,14,0.0
3396,-5.785205270587614,12,13,0.0
3397,-5.905035828440546,12,13,0.0
3398,-6.1267534753709745,12,13,0.0
3399,-5.912060641505427,12,13,0.0
3400,4.1952104326159505,13,12,0.0
3401,3.9070275749656727,13,12,0.0
3402,-6.003578355593346,12,13,0.0
3403,-6.234626530655898,12,13,0.0
3404,-5.56487519221911,12,13,0.0
3405,4.653653256383416,13,12,0.0
3406,-5.982503643903111,12,13,0.0
3407,-15.624472111060825,11,14,0.0
3408,-36.44465161108094,9,16,0.0
3409,4.5646519093704745,13,12,0.0
3410,-16.255426626444944,11,14,0.0
3411,14.66624637371344,14,11,0.0
3412,5.045909986795975,13,12,0.0
3413,4.465297454385869,13,12,0.0
3414,-6.840774487645181,12,13,0.0
3415,-5.208730413803429,12,13,0.0
3416,-6.9747617672581255,12,13,0.0
3417,-15.110927056905211,11,14,0.0
3418,-6.127891639317479,12,13,0.0
3419,4.935557355485806,13,12,0.0
3420,-5.481797522913418,12,13,0.0
3421,-5.260977509526218,12,13,0.0
3422,4.6496312034501805,13,12,0.0
3423,14.966701452887001,14,11,0.0
3424,-16.583895454135547,11,14,0.0
3425,-35.8708295381401,9,16,0.0
3426,-15.131671080738396,11,14,0.0
3427,14.585242148396148,14,11,0.0
3428,-25.93198989099204,10,15,0.0
3429,-15.203819412049318,11,14,0.0
3430,-45.08644960709593,8,17,0.0
3431,-15.343647136205753,11,14,0.0
3432,-14.648343732407223,11,14,0.0
3433,-5.061188923915475,12,13,0.0
3434,-5.0375448299837995,12,13,0.0
3435,4.396461618792596,13,12,0.0
3436,-24.993398411393024,10,15,0.0
3437,-4.8527174147836005,12,13,0.0
3438,-4.932241680721247,12,13,0.0
3439,-24.253733683270664,10,15,0.0
3440,-5.3808007797818735,12,13,0.0
3441,-15.608138533012877,11,14,0.0
3442,-15.168411108478171,11,14,0.0
3443,-5.515744531102422,12,13,0.0
3444,-15.478260748923372,11,14,0.0
3445,-15.277470802820652,11,14,0.0
3446,-5.02186179824877,12,13,0.0
3447,-14.833813333639664,11,14,0.0
3448,-5.364272458421381,12,13,0.0
3449,-15.034906100708668,11,14,0.0
3450,-15.051197511091077,11,14,0.0
3451,14.870455695131518,14,11,0.0
3452,-15.734816945549833,11,14,0.0
3453,-4.9238644236125495,12,13,0.0
3454,5.1793897726272995,13,12,0.0
3455,-15.14654509610821,11,14,0.0
3456,4.823555685091812,13,12,0.0
3457,-14.76172885578987,11,14,0.0
3458,-5.559564962295637,12,13,0.0
3459,-4.84834976756885,12,13,0.0
3460,-5.237864226305003,12,13,0.0
3461,-15.572107613454705,11,14,0.0
3462,-15.075748458658106,11,14,0.0
3463,-15.126564130630316,11,14,0.0
3464,-14.977965402064434,11,14,0.0
3465,-25.059114252781427,10,15,0.0
3466,5.408601968070874,13,12,0.0
3467,-14.55469544411083,11,14,0.0
3468,-25.274631278032725,10,15,0.0
3469,-15.496064997112526,11,14,0.0
3470,-15.665420987702172,11,14,0.0
3471,-14.08546892519222,11,14,0.0
3472,-25.047105571917292,10,15,0.0
3473,-5.309476538983049,12,13,0.0
3474,-5.118205707316317,12,13,0.0
3475,-5.594703856673691,12,13,0.0
3476,-15.642379594726782,11,14,0.0
3477,-16.347107733532084,11,14,0.0
3478,-35.74552323158237,9,16,0.0
3479,-16.420184366881692,11,14,0.0
3480,-15.0297303408976,11,14,0.0
3481,-14.877780003974614,11,14,0.0
3482,-25.105878137047615,10,15,0.0
3483,-4.323612694015365,12,13,0.0
3484,-5.3075099727066375,12,13,0.0
3485,-14.524492481106812,11,14,0.0
3486,-15.423463565959473,11,14,0.0
3487,-15.750522530166286,11,14,0.0
3488,-5.811093890357676,12,13,0.0
3489,-15.470200494159464,11,14,0.0
3490,-5.700854217740585,12,13,0.0
3491,-35.842062907240475,9,16,0.0
3492,-26.036576106378625,10,15,0.0
3493,-5.662512054289142,12,13,0.0
3494,-34.19275935028375,9,16,0.0
3495,-4.594289245976676,12,13,0.0
3496,-5.587799119079055,12,13,0.0
3497,-5.36509282349815,12,13,0.0
3498,-4.519901824851274,12,13,0.0
3499,-35.533063238182166,9,16,0.0
3500,-25.28073497852717,10,15,0.0
3501,-6.189779678070294,12,13,0.0
3502,-15.995645439690826,11,14,0.0
3503,-26.23683577689772,10,15,0.0
3504,-4.93881483787035,12,13,0.0
3505,-5.473660303621679,12,13,0.0
3506,-15.853873598351923,11,14,0.0
3507,-15.061550735340095,11,14,0.0
3508,-5.357025739091549,12,13,0.0
3509,-26.370095624204055,10,15,0.0
3510,-15.714158170509105,11,14,0.0
3511,-4.760490587150044,12,13,0.0
3512,-15.595167857610988,11,14,0.0
3513,-4.260298073391572,12,13,0.0
3514,-25.80128678874322,10,15,0.0
3515,-25.886213960084348,10,15,0.0
3516,-16.213364046521775,11,14,0.0
3517,-15.254319216300775,11,14,0.0
3518,-15.46008685608643,11,14,0.0
3519,-16.022339607433945,11,14,0.0
3520,-16.412182170792406,11,14,0.0
3521,-15.528974304852603,11,14,0.0
3522,-16.125776218573527,11,14,0.0
3523,-6.588891945342169,12,13,0.0
3524,-15.528510210843857,11,14,0.0
3525,5.32079257082763,13,12,0.0
3526,-6.239827277410663,12,13,0.0
3527,4.7618696047232,13,12,0.0
3528,-15.489360244476732,11,14,0.0
3529,-25.344396908460286,10,15,0.0
3530,-15.42757268139453,11,14,0.0
3531,-24.818525261582195,10,15,0.0
3532,-15.575071029056504,11,14,0.0
3533,-15.576078708195963,11,14,0.0
3534,-25.767732248656905,10,15,0.0
3535,-25.17616639445328,10,15,0.0
3536,-25.277395579798586,10,15,0.0
3537,-4.947722658604427,12,13,0.0
3538,-15.688298990232758,11,14,0.0
3539,-6.0213143960456765,12,13,0.0
3540,-6.027438064757531,12,13,0.0
3541,-34.95796422288022,9,16,0.0
3542,-15.253586788879188,11,14,0.0
3543,-5.871644656457533,12,13,0.0
3544,4.292853219953372,13,12,0.0
3545,-25.01128938331904,10,15,0.0
3546,-25.382182172766473,10,15,0.0
3547,-14.271930834354677,11,14,0.0
3548,-5.225505112780079,12,13,0.0
3549,-25.846164716949872,10,15,0.0
3550,-15.102249678497076,11,14,0.0
3551,-5.057791959517454,12,13,0.0
3552,-25.801911114885456,10,15,0.0
3553,-16.19105210984742,11,14,0.0
3554,-35.70648103772055,9,16,0.0
3555,-15.580310743075506,11,14,0.0
3556,-14.987530584940554,11,14,0.0
3557,-14.997925915607883,11,14,0.0
3558,4.930390893526615,13,12,0.0
3559,-15.109415100300886,11,14,0.0
3560,-15.200014927440908,11,14,0.0
3561,-25.54500950556197,10,15,0.0
3562,-15.258659505959741,11,14,0.0
3563,-15.871264948263674,11,14,0.0
3564,-35.741597949646525,9,16,0.0
3565,-24.854057478052347,10,15,0.0
3566,-4.861340157106021,12,13,0.0
3567,-24.88054514506381,10,15,0.0
3568,-15.155775581222452,11,14,0.0
3569,-34.69583514524672,9,16,0.0
3570,-5.028025675488293,12,13,0.0
3571,-34.78816439504875,9,16,0.0
3572,-24.461014146357087,10,15,0.0
3573,-24.82929767700106,10,15,0.0
3574,-5.930753811024311,12,13,0.0
3575,-25.20400540944822,10,15,0.0
3576,6.044384826751719,13,12,0.0
3577,6.127067799460603,13,12,0.0
3578,4.956797250257669,13,12,0.0
3579,-14.925897686471593,11,14,0.0
3580,-4.879072137159228,12,13,0.0
3581,5.017469917733532,13,12,0.0
3582,-24.888697343438658,10,15,0.0
3583,-24.376215434797718,10,15,0.0
3584,-15.412637425043114,11,14,0.0
3585,-15.768179544404845,11,14,0.0
3586,-15.06218473595205,11,14,0.0
3587,-4.746729905160403,12,13,0.0
3588,-24.22888736173134,10,15,0.0
3589,-24.55204477348128,10,15,0.0
3590,-24.507678246634583,10,15,0.0
3591,-14.479445830464137,11,14,0.0
3592,-4.269484413619201,12,13,0.0
3593,-24.71298127558858,10,15,0.0
3594,-14.107410326750776,11,14,0.0
3595,-24.136521020818396,10,15,0.0
3596,-14.855369153257348,11,14,0.0
3597,-4.543156051994824,12,13,0.0
3598,-4.468151488195115,12,13,0.0
3599,-4.106134169993978,12,13,0.0
3600,-4.233666940999125,12,13,0.0
3601,-25.16620182785755,10,15,0.0
3602,-4.366198157185111,12,13,0.0
3603,-24.65308136239614,10,15,0.0
3604,-3.660754449210806,12,13,0.0
3605,-14.451836028495453,11,14,0.0
3606,5.730281268767538,13,12,0.0
3607,-14.451233581893197,11,14,0.0
3608,-14.912998613884398,11,14,0.0
3609,-24.439371390937374,10,15,0.0
3610,-4.320222720557297,12,13,0.0
3611,-35.3979126195527,9,16,0.0
3612,-14.14367505881244,11,14,0.0
3613,-14.201637903460458,11,14,0.0
3614,6.015454199133803,13,12,0.0
3615,-13.484855110116621,11,14,0.0
3616,-4.133602351778607,12,13,0.0
3617,-4.469988195520628,12,13,0.0
3618,-14.580562490913449,11,14,0.0
3619,-13.571363123872837,11,14,0.0
3620,-3.9444095427873442,12,13,0.0
3621,-3.833101511533663,12,13,0.0
3622,-24.657969828889208,10,15,0.0
3623,4.852406394956033,13,12,0.0
3624,-14.91011806641554,11,14,0.0
3625,-4.0344666238169244,12,13,0.0
3626,-4.116254699234984,12,13,0.0
3627,-24.638128950886767,10,15,0.0
3628,-14.513578038316002,11,14,0.0
3629,-14.82903480330041,11,14,0.0
3630,4.01608968171094,13,12,0.0
3631,-5.053388884492616,12,13,0.0
3632,-14.337637053820451,11,14,0.0
3633,5.241800364359114,13,12,0.0
3634,-24.77255561504895,10,15,0.0
3635,-5.03364197572129,12,13,0.0
3636,4.946807741484613,13,12,0.0
3637,-14.617032661283197,11,14,0.0
3638,-4.611148632461161,12,13,0.0
3639,-14.732303589799905,11,14,0.0
3640,5.348197292771938,13,12,0.0
3641,-5.272577855998389,12,13,0.0
3642,-4.632465318904007,12,13,0.0
3643,-24.77631682505499,10,15,0.0
3644,-25.080742106214977,10,15,0.0
3645,-3.901056165529617,12,13,0.0
3646,-24.525721875795195,10,15,0.0
3647,-25.061936678003374,10,15,0.0
3648,15.306693531270131,14,11,0.0
3649,-4.111626209929537,12,13,0.0
3650,-4.222300086268328,12,13,0.0
3651,5.750522042176062,13,12,0.0
3652,-3.976527111140665,12,13,0.0
3653,5.6640350399457,13,12,0.0
3654,-5.287527543428794,12,13,0.0
3655,-15.715524062036229,11,14,0.0
3656,-4.703351943119205,12,13,0.0
3657,-4.169257181765294,12,13,0.0
3658,-14.774092013588298,11,14,0.0
3659,5.349880675886905,13,12,0.0
3660,-4.537548100505873,12,13,0.0
3661,-4.725738076980651,12,13,0.0
3662,-24.951016809300476,10,15,0.0
3663,-14.861555878509241,11,14,0.0
3664,-24.459774822221924,10,15,0.0
3665,-5.3224739844511815,12,13,0.0
3666,-14.830539629875316,11,14,0.0
3667,-4.963351169798366,12,13,0.0
3668,-5.56076276324964,12,13,0.0
3669,-5.072053548092677,12,13,0.0
3670,-14.258757578712057,11,14,0.0
3671,-24.914578404129628,10,15,0.0
3672,4.0152927964795495,13,12,0.0
3673,4.386373267981748,13,12,0.0
3674,-5.091185414874299,12,13,0.0
3675,-14.522824486080356,11,14,0.0
3676,6.280619359907886,13,12,0.0
3677,-15.007656895612858,11,14,0.0
3678,5.817063871933392,13,12,0.0
3679,5.416223352603385,13,12,0.0
3680,4.668456466731369,13,12,0.0
3681,-14.92904418128472,11,14,0.0
3682,-26.797096373734675,10,15,0.0
3683,-5.1886180255922865,12,13,0.0
3684,-14.507334750456609,11,14,0.0
3685,-14.38615286473152,11,14,0.0
3686,-13.764901322874042,11,14,0.0
3687,5.3794677858905935,13,12,0.0
3688,-5.799634400959906,12,13,0.0
3689,26.230228469429846,15,10,0.0
3690,-5.659680041983333,12,13,0.0
3691,6.259043154430946,13,12,0.0
3692,-14.589038414461957,11,14,0.0
3693,4.977462706437161,13,12,0.0
3694,5.208968255373277,13,12,0.0
3695,-36.063366767835575,9,16,0.0
3696,-4.832573303780474,12,13,0.0
3697,-4.673315146566683,12,13,0.0
3698,-25.104338858243455,10,15,0.0
3699,-15.639661193080043,11,14,0.0
3700,-15.612725956865264,11,14,0.0
3701,-14.770700557062408,11,14,0.0
3702,-5.436862445053284,12,13,0.0
3703,4.272770038776777,13,12,0.0
3704,-5.226863466069067,12,13,0.0
3705,-5.046090841673029,12,13,0.0
3706,-15.315042840355025,11,14,0.0
3707,-14.548637781426883,11,14,0.0
3708,-4.732061048763591,12,13,0.0
3709,-4.299072835178483,12,13,0.0
3710,-4.939576389827489,12,13,0.0
3711,5.1521182048269765,13,12,0.0
3712,-4.747121503998538,12,13,0.0
3713,-13.907481397415891,11,14,0.0
3714,-24.495161950755932,10,15,0.0
3715,-15.654103955770012,11,14,0.0
3716,-4.6860158306934325,12,13,0.0
3717,-25.850710877649426,10,15,0.0
3718,5.32559453513751,13,12,0.0
3719,-25.47716900083839,10,15,0.0
3720,-5.6455511157193445,12,13,0.0
3721,-15.623959260627942,11,14,0.0
3722,-5.5391978921730844,12,13,0.0
3723,-15.609141029174246,11,14,0.0
3724,-5.488749587340645,12,13,0.0
3725,4.39059190048042,13,12,0.0
3726,-4.789106436466645,12,13,0.0
3727,-5.750314454329202,12,13,0.0
3728,-25.85695874284974,10,15,0.0
3729,-15.187417613664866,11,14,0.0
3730,-15.842158705043474,11,14,0.0
3731,-5.284812846228011,12,13,0.0
3732,-14.437289158546008,11,14,0.0
3733,-15.500431969336594,11,14,0.0
3734,-25.61030161838017,10,15,0.0
3735,-34.69610486801274,9,16,0.0
3736,4.40644940419641,13,12,0.0
3737,-5.653552077122319,12,13,0.0
3738,-15.776795016459758,11,14,0.0
3739,-14.253632323212992,11,14,0.0
3740,3.889655833907744,13,12,0.0
3741,-15.686021410086724,11,14,0.0
3742,-5.086923164965007,12,13,0.0
3743,-15.541163769573167,11,14,0.0
3744,-15.250047329958964,11,14,0.0
3745,-14.984351114579045,11,14,0.0
3746,-15.46566763890651,11,14,0.0
3747,-15.033328784080577,11,14,0.0
3748,-4.945648739823177,12,13,0.0
3749,-14.87454583534673,11,14,0.0
3750,-5.3775949824502485,12,13,0.0
3751,-16.076737669323492,11,14,0.0
3752,-15.00243601946708,11,14,0.0
3753,-15.703414420460136,11,14,0.0
3754,-15.937229510884466,11,14,0.0
3755,4.1120300084433135,13,12,0.0
3756,-16.197501914086878,11,14,0.0
3757,-14.944302408809198,11,14,0.0
3758,-25.291935477620857,10,15,0.0
3759,3.2438121369077217,13,12,0.0
3760,-5.4108965334236485,12,13,0.0
3761,4.671144703166394,13,12,0.0
3762,-4.981122774087121,12,13,0.0
3763,-5.121111636662645,12,13,0.0
3764,-5.632592827883439,12,13,0.0
3765,-15.499675204447131,11,14,0.0
3766,-5.054476424901774,12,13,0.0
3767,14.281610632794651,14,11,0.0
3768,-15.617181756358022,11,14,0.0
3769,-5.987349076305417,12,13,0.0
3770,-5.452675124725625,12,13,0.0
3771,-6.462031532496241,12,13,0.0
3772,4.943624599232692,13,12,0.0
3773,-4.597344368611985,12,13,0.0
3774,-4.724354815484122,12,13,0.0
3775,-5.457252609058254,12,13,0.0
3776,-16.009373214516984,11,14,0.0
3777,4.973394099382292,13,12,0.0
3778,5.139665423435726,13,12,0.0
3779,-25.71089813563785,10,15,0.0
3780,-5.8100366364525255,12,13,0.0
3781,-15.695235965621087,11,14,0.0
3782,5.1503548919928,13,12,0.0
3783,-5.60540919760463,12,13,0.0
3784,-16.102842743816836,11,14,0.0
3785,-6.482066772651416,12,13,0.0
3786,-6.047725842767896,12,13,0.0
3787,-5.68535655023433,12,13,0.0
3788,-4.207460955357077,12,13,0.0
3789,-5.194206675949287,12,13,0.0
3790,-4.900006599214047,12,13,0.0
3791,-15.4352799266383,11,14,0.0
3792,-35.700207800745915,9,16,0.0
3793,-16.432983026865003,11,14,0.0
3794,-6.348293444816256,12,13,0.0
3795,-14.820006406630398,11,14,0.0
3796,-6.752551951951452,12,13,0.0
3797,-5.322513430190566,12,13,0.0
3798,-16.222687878043185,11,14,0.0
3799,5.549402337641532,13,12,0.0
3800,-15.434963872110409,11,14,0.0
3801,-15.653001922039413,11,14,0.0
3802,-15.820687797298541,11,14,0.0
3803,-16.036601084958356,11,14,0.0
3804,-6.444874319180557,12,13,0.0
3805,-5.21088237325498,12,13,0.0
3806,-16.025417652044137,11,14,0.0
3807,-15.878839089331853,11,14,0.0
3808,-5.540625814264072,12,13,0.0
3809,4.012719323212058,13,12,0.0
3810,-14.967095712110927,11,14,0.0
3811,14.273476704459759,14,11,0.0
3812,-16.247802014683117,11,14,0.0
3813,-5.610014932951746,12,13,0.0
3814,-6.15822339366996,12,13,0.0
3815,-25.592014961117915,10,15,0.0
3816,-25.552740519037833,10,15,0.0
3817,-25.212572042334493,10,15,0.0
3818,-17.139454357856604,11,14,0.0
3819,-15.971378246076817,11,14,0.0
3820,3.491194716530007,13,12,0.0
3821,4.779468856163706,13,12,0.0
3822,3.868032621193696,13,12,0.0
3823,-6.734872927861787,12,13,0.0
3824,3.7884433923308736,13,12,0.0
3825,-5.633123817537163,12,13,0.0
3826,-25.247904376325565,10,15,0.0
3827,-6.524400514031365,12,13,0.0
3828,-6.703922239416243,12,13,0.0
3829,-5.7333027646671155,12,13,0.0
3830,-26.040783506682175,10,15,0.0
3831,-16.117568189294083,11,14,0.0
3832,-15.714693397955559,11,14,0.0
3833,-6.624862334744688,12,13,0.0
3834,4.085570754118221,13,12,0.0
3835,2.9305046938533055,13,12,0.0
3836,-6.732261507880082,12,13,0.0
3837,-16.03006927894024,11,14,0.0
3838,-16.506940921747294,11,14,0.0
3839,-6.054252010640836,12,13,0.0
3840,-6.867657627185918,12,13,0.0
3841,-6.103924545046542,12,13,0.0
3842,-6.329787230728325,12,13,0.0
3843,-16.94131737136327,11,14,0.0
3844,-14.926311900655959,11,14,0.0
3845,-6.280061627568482,12,13,0.0
3846,-16.124078487539922,11,14,0.0
3847,4.611036067890277,13,12,0.0
3848,2.656492406783479,13,12,0.0
3849,-5.9867698920878025,12,13,0.0
3850,3.327482530013768,13,12,0.0
3851,-16.024464584275748,11,14,0.0
3852,-7.066660399522817,12,13,0.0
3853,-17.29284878166318,11,14,0.0
3854,-5.811028095310252,12,13,0.0
3855,-6.985324272294012,12,13,0.0
3856,3.5247431194556507,13,12,0.0
3857,3.9446660085418763,13,12,0.0
3858,3.7504179061988143,13,12,0.0
3859,-5.674469472761612,12,13,0.0
3860,4.957031517982673,13,12,0.0
3861,-26.449837471506562,10,15,0.0
3862,-6.69522553406492,12,13,0.0
3863,-6.73726247027099,12,13,0.0
3864,-6.719548278345424,12,13,0.0
3865,3.3996569661431373,13,12,0.0
3866,-6.572840471144801,12,13,0.0
3867,-16.004257227790912,11,14,0.0
3868,-6.165985741110088,12,13,0.0
3869,13.939138668217153,14,11,0.0
3870,-6.550994500996983,12,13,0.0
3871,-16.053164641080265,11,14,0.0
3872,3.932502315413201,13,12,0.0
3873,-5.908977397433246,12,13,0.0
3874,-26.625689233524156,10,15,0.0
3875,-6.5691678662801065,12,13,0.0
3876,-26.19874393446935,10,15,0.0
3877,-5.988580654380759,12,13,0.0
3878,-5.950483221546982,12,13,0.0
3879,-6.096488288374276,12,13,0.0
3880,-6.630614450131883,12,13,0.0
3881,-16.792316776059373,11,14,0.0
3882,3.4649333546921657,13,12,0.0
3883,4.388503495537996,13,12,0.0
3884,-5.278668498525405,12,13,0.0
3885,13.812189349415654,14,11,0.0
3886,-5.1454295629214375,12,13,0.0
3887,-15.78216307098958,11,14,0.0
3888,-15.974699288676746,11,14,0.0
3889,-26.483193670410028,10,15,0.0
3890,4.0420548242241825,13,12,0.0
3891,4.600863658149059,13,12,0.0
3892,3.8064211195747104,13,12,0.0
3893,-5.291442388199536,12,13,0.0
3894,4.01156145113846,13,12,0.0
3895,-6.128431854571301,12,13,0.0
3896,-15.787339013307474,11,14,0.0
3897,3.3142422036945645,13,12,0.0
3898,-6.555230908189857,12,13,0.0
3899,-5.90685467238852,12,13,0.0
3900,14.20513888350263,14,11,0.0
3901,-5.97946586213464,12,13,0.0
3902,4.100164068921626,13,12,0.0
3903,-5.554581430724454,12,13,0.0
3904,-15.180250828710616,11,14,0.0
3905,-15.848166658752799,11,14,0.0
3906,-5.724370294224059,12,13,0.0
3907,3.833268569981543,13,12,0.0
3908,-25.725340477136335,10,15,0.0
3909,-4.9145667536364295,12,13,0.0
3910,-15.774396118005416,11,14,0.0
3911,-5.533698215391869,12,13,0.0
3912,-15.467055802480584,11,14,0.0
3913,-15.954398054776547,11,14,0.0
3914,-15.662960422388782,11,14,0.0
3915,-6.5750477559805525,12,13,0.0
3916,-15.5607120612142,11,14,0.0
3917,-16.64220233196555,11,14,0.0
3918,-5.145981941071614,12,13,0.0
3919,-17.877483101175354,11,14,0.0
3920,-16.30821455636844,11,14,0.0
3921,-5.80866260660015,12,13,0.0
3922,-5.145812554337198,12,13,0.0
3923,3.487736245027445,13,12,0.0
3924,-4.2538433006010505,12,13,0.0
3925,-5.1720048134655165,12,13,0.0
3926,4.061834095960974,13,12,0.0
3927,-5.657820148611007,12,13,0.0
3928,-6.341042514362805,12,13,0.0
3929,-5.226270227834892,12,13,0.0
3930,-5.4309058240607175,12,13,0.0
3931,5.14654109549452,13,12,0.0
3932,-5.755559510838125,12,13,0.0
3933,-5.907446697378768,12,13,0.0
3934,-15.837255606862056,11,14,0.0
3935,3.9332336424726027,13,12,0.0
3936,-15.969886000438072,11,14,0.0
3937,-25.51728946779329,10,15,0.0
3938,-5.468452108935363,12,13,0.0
3939,-5.828112140140069,12,13,0.0
3940,14.191455365026806,14,11,0.0
3941,-6.04802995916708,12,13,0.0
3942,-5.801943231424518,12,13,0.0
3943,3.6005813609696977,13,12,0.0
3944,4.117174049954945,13,12,0.0
3945,4.868586253379629,13,12,0.0
3946,3.663680241946075,13,12,0.0
3947,-5.433624226747641,12,13,0.0
3948,14.06951182371403,14,11,0.0
3949,-15.89499342496929,11,14,0.0
3950,4.9581603223552975,13,12,0.0
3951,-6.234762286606461,12,13,0.0
3952,3.788998322484294,13,12,0.0
3953,-16.14014208997928,11,14,0.0
3954,-16.709801905206827,11,14,0.0
3955,-15.744102470558609,11,14,0.0
3956,14.376444994329827,14,11,0.0
3957,4.860469007877645,13,12,0.0
3958,5.000408659142954,13,12,0.0
3959,-5.510843024207267,12,13,0.0
3960,4.166935877789174,13,12,0.0
3961,-16.16177967123787,11,14,0.0
3962,-5.693347301555368,12,13,0.0
3963,-6.504910739243375,12,13,0.0
3964,4.365093217342278,13,12,0.0
3965,-5.445146929574573,12,13,0.0
3966,-4.9964225244404625,12,13,0.0
3967,-26.188001456529797,10,15,0.0
3968,-5.963322831754271,12,13,0.0
3969,-5.0708789029325905,12,13,0.0
3970,-5.446653976130596,12,13,0.0
3971,4.717401309580918,13,12,0.0
3972,-15.898352206073119,11,14,0.0
3973,15.209606088602767,14,11,0.0
3974,-14.730674569311109,11,14,0.0
3975,-4.9465222994695655,12,13,0.0
3976,-5.526365647988889,12,13,0.0
3977,4.88301507599234,13,12,0.0
3978,-6.055027993092898,12,13,0.0
3979,-15.019486173193414,11,14,0.0
3980,5.25093095309458,13,12,0.0
3981,-5.576896634565473,12,13,0.0
3982,14.248397080320888,14,11,0.0
3983,-25.126197717235748,10,15,0.0
3984,-14.672793297953344,11,14,0.0
3985,4.071886298671983,13,12,0.0
3986,5.592874843523057,13,12,0.0
3987,-14.877896527955038,11,14,0.0
3988,-4.963706264178694,12,13,0.0
3989,-5.276118035508967,12,13,0.0
3990,-5.433508988474056,12,13,0.0
3991,5.627434445487698,13,12,0.0
3992,5.251973448430716,13,12,0.0
3993,4.239010280596445,13,12,0.0
3994,-15.750547559806632,11,14,0.0
3995,-5.4679537969263485,12,13,0.0
3996,-5.289145334695574,12,13,0.0
3997,4.982932608415273,13,12,0.0
3998,-25.47146613872841,10,15,0.0
3999,-15.107155863260918,11,14,0.0
4000,-5.66530854434421,12,13,0.0
