"# mode=unfixed d_value=0 d=[1,2] p=0.50 dr=0 seed=3 topology=fixed ch=3 n_agents=5 obs_dim=34 n_episodes=4000"
episode,sum_reward,success,fail,mean_delay
1,-45.499551804001,8,17,1.468
2,-14.080144226889473,11,14,1.496
3,-35.9552318270361,9,16,1.464
4,-15.992897921166083,11,14,1.4919999999999998
5,-46.43436662579775,8,17,1.504
6,-44.99985021039639,8,17,1.5459999999999998
7,-67.15597263925719,6,19,1.51
8,-24.168249487087287,10,15,1.484
9,-45.706027077944036,8,17,1.4839999999999995
10,-44.640471971823125,8,17,1.56
11,-35.44770305580799,9,16,1.472
12,-76.54838378098107,5,20,1.4759999999999998
13,-26.01632059584128,10,15,1.4979999999999998
14,-64.84839361889921,6,19,1.5079999999999998
15,-46.06778701574288,8,17,1.508
16,-45.81957364937692,8,17,1.496
17,-35.88043323807919,9,16,1.504
18,-35.10132783008703,9,16,1.494
19,-45.722185847328426,8,17,1.5099999999999998
20,-55.12663770142127,7,18,1.5100000000000002
21,-85.80761758398529,4,21,1.526
22,-34.33352526988782,9,16,1.498
23,-24.47285923527629,10,15,1.516
24,-86.18078225939087,4,21,1.5059999999999998
25,-56.41515410262566,7,18,1.472
26,-55.35245565934166,7,18,1.5059999999999998
27,-57.734891337931366,7,18,1.5060000000000002
28,-66.1965814312354,6,19,1.5100000000000002
29,-46.28547639520547,8,17,1.536
30,-25.579280565682843,10,15,1.508
31,-35.89754919516743,9,16,1.5239999999999998
32,-45.47132114312254,8,17,1.534
33,-66.09246446278715,6,19,1.5100000000000002
34,-36.58286158158555,9,16,1.512
35,-66.27296214407431,6,19,1.472
36,-37.88524293723392,9,16,1.4980000000000004
37,-56.71227108414534,7,18,1.4700000000000002
38,-27.0588140580498,10,15,1.484
39,-67.6009924165389,6,19,1.5100000000000002
40,-66.19082893228044,6,19,1.4659999999999997
41,-26.074979691356628,10,15,1.48
42,-34.9186337881227,9,16,1.482
43,-36.91709397948855,9,16,1.5180000000000002
44,-67.13831463524546,6,19,1.4979999999999998
45,-39.062594082717425,9,16,1.532
46,-55.81119494103753,7,18,1.5279999999999998
47,-57.543279597538586,7,18,1.466
48,-38.80450270839915,9,16,1.508
49,-66.29468200629185,6,19,1.5779999999999998
50,-57.16485781383878,7,18,1.512
51,-46.38532399143411,8,17,1.504
52,-66.59219750336328,6,19,1.5
53,-36.97707808357161,9,16,1.5060000000000002
54,-37.57823454531611,9,16,1.49
55,-47.19249457998961,8,17,1.512
56,-46.1746505081982,8,17,1.5020000000000002
57,-15.722962128417638,11,14,1.47
58,-47.24443330778832,8,17,1.502
59,-17.964516097905914,11,14,1.52
60,-46.74408806115791,8,17,1.48
61,-17.373810065299384,11,14,1.5079999999999998
62,-56.56743143923955,7,18,1.4919999999999998
63,-17.23857824076364,11,14,1.4860000000000002
64,-7.93220940014071,12,13,1.4939999999999998
65,-27.684088109971512,10,15,1.5220000000000002
66,-37.2463980850908,9,16,1.518
67,-28.04383462509123,10,15,1.4620000000000002
68,-6.861159581762312,12,13,1.526
69,-16.431048404409143,11,14,1.488
70,-15.514293238225234,11,14,1.5099999999999998
71,-37.314234901495695,9,16,1.4779999999999998
72,3.8688900048090353,13,12,1.546
73,-17.045915771346657,11,14,1.496
74,-57.67867628433003,7,18,1.49
75,-17.6158108251504,11,14,1.4979999999999998
76,-37.652760996746515,9,16,1.54
77,-17.397643858933687,11,14,1.526
78,-27.89429647407526,10,15,1.4819999999999998
79,-46.46460432699312,8,17,1.482
80,-16.934122844900514,11,14,1.514
81,-6.605452832493039,12,13,1.5080000000000002
82,-17.289616369190945,11,14,1.508
83,2.4309333068469376,13,12,1.5200000000000002
84,-5.939445793634467,12,13,1.4860000000000002
85,-26.563432301211222,10,15,1.4919999999999998
86,-26.67132033041839,10,15,1.47
87,-37.44311840581123,9,16,1.5
88,-26.96868619381919,10,15,1.502
89,-36.92647054079202,9,16,1.502
90,-6.437367221704362,12,13,1.4840000000000002
91,-16.62738950343798,11,14,1.5240000000000002
92,-36.958189791298054,9,16,1.512
93,-27.84773715115907,10,15,1.5019999999999998
94,-26.6578760338857,10,15,1.5079999999999998
95,-27.11843096385865,10,15,1.4780000000000002
96,-37.14241224481317,9,16,1.4839999999999998
97,-16.444597267049282,11,14,1.5239999999999998
98,-15.259210767617994,11,14,1.502
99,-36.14724124251029,9,16,1.518
100,-26.706832274510575,10,15,1.554
101,3.1276646891039803,13,12,1.4600000000000002
102,-5.408356788599678,12,13,1.4819999999999998
103,-6.456837583745007,12,13,1.4160000000000001
104,-27.546176509738864,10,15,1.5319999999999998
105,13.946803584241739,14,11,1.464
106,-27.57698691590874,10,15,1.496
107,-6.995678091115785,12,13,1.48
108,12.710064640578503,14,11,1.4919999999999998
109,-45.70685217771581,8,17,1.4940000000000002
110,-26.075060124347445,10,15,1.492
111,13.639946622861235,14,11,1.46
112,-6.734936750877976,12,13,1.544
113,-16.692121919207874,11,14,1.484
114,3.7404300058816187,13,12,1.514
115,-6.937702721857258,12,13,1.5200000000000002
116,-7.501018276196571,12,13,1.5059999999999998
117,-37.170918258966104,9,16,1.514
118,2.9198549564230953,13,12,1.4819999999999998
119,-17.631328701620696,11,14,1.534
120,-6.596853645755708,12,13,1.4860000000000002
121,-25.765064100707818,10,15,1.4780000000000002
122,-7.483225571942315,12,13,1.468
123,-16.897462436289743,11,14,1.528
124,-26.494266689943196,10,15,1.4860000000000002
125,-7.628120798835999,12,13,1.546
126,-26.824492712985407,10,15,1.5359999999999998
127,-7.128619321040238,12,13,1.502
128,-25.980982374575955,10,15,1.486
129,-17.55623981607463,11,14,1.54
130,-15.297050975944156,11,14,1.4899999999999998
131,-26.184414403930372,10,15,1.484
132,-27.206120991976515,10,15,1.494
133,-7.001079731003532,12,13,1.46
134,-16.520569946749784,11,14,1.488
135,-26.679863405987852,10,15,1.504
136,-26.877099718926537,10,15,1.498
137,-26.902886430976633,10,15,1.474
138,-25.776298135980632,10,15,1.5419999999999998
139,-27.744322408574007,10,15,1.512
140,3.900083485178172,13,12,1.518
141,14.14184223659524,14,11,1.5120000000000002
142,-5.114533920277657,12,13,1.4980000000000002
143,-7.002949929446577,12,13,1.492
144,-26.851712855092803,10,15,1.544
145,-37.68569421195345,9,16,1.472
146,-36.65770416828148,9,16,1.504
147,-26.53786748415899,10,15,1.4619999999999997
148,-35.77333579532952,9,16,1.528
149,-26.507842060590644,10,15,1.5
150,-7.542662566865762,12,13,1.524
151,-17.542898998561856,11,14,1.53
152,-16.17589083924583,11,14,1.5139999999999998
153,-17.161872973312967,11,14,1.5340000000000003
154,-35.958181536785474,9,16,1.492
155,-16.265058068320727,11,14,1.4620000000000002
156,-7.17895634354844,12,13,1.4700000000000002
157,-8.453354233606056,12,13,1.504
158,-17.035978971653705,11,14,1.4659999999999997
159,-25.66797146440053,10,15,1.532
160,-5.785390234411641,12,13,1.5340000000000003
161,-7.077582068443578,12,13,1.496
162,-15.588761194529756,11,14,1.476
163,-16.67179709249836,11,14,1.5
164,-35.55567707183638,9,16,1.496
165,-5.950483771714608,12,13,1.466
166,-36.04247267791864,9,16,1.5199999999999998
167,-26.07462338903385,10,15,1.524
168,-26.89644703169486,10,15,1.516
169,-26.024002841835934,10,15,1.5220000000000002
170,-24.8970426894984,10,15,1.5339999999999998
171,-25.773799315737715,10,15,1.5299999999999998
172,-25.62616568400043,10,15,1.4899999999999998
173,14.22055867536519,14,11,1.5439999999999998
174,-15.950912256002425,11,14,1.5239999999999998
175,-25.269828048809885,10,15,1.466
176,-16.713593190815562,11,14,1.488
177,-26.16204237962156,10,15,1.504
178,4.249281522513321,13,12,1.5539999999999998
179,-5.872216833185953,12,13,1.424
180,-27.079605708134878,10,15,1.47
181,-37.188732873435264,9,16,1.5219999999999998
182,-36.49753075323388,9,16,1.484
183,-26.950024591196254,10,15,1.5459999999999998
184,-16.505038212649723,11,14,1.4720000000000002
185,-15.596070008389312,11,14,1.486
186,3.049346959028159,13,12,1.5099999999999998
187,-26.207172771010264,10,15,1.4639999999999997
188,-16.65905124173801,11,14,1.4780000000000002
189,-36.71341781267263,9,16,1.468
190,-15.679701170947256,11,14,1.5400000000000003
191,-15.637243951968028,11,14,1.468
192,-25.493684954674936,10,15,1.5080000000000002
193,-16.41029703253548,11,14,1.4899999999999998
194,-5.881935548315467,12,13,1.478
195,-35.95374442469823,9,16,1.488
196,-5.707045714716753,12,13,1.4799999999999998
197,-5.185222188833197,12,13,1.516
198,-25.758016820284666,10,15,1.504
199,-25.354852896792984,10,15,1.5
200,-16.696672207449417,11,14,1.526
201,-25.6994279488056,10,15,1.51
202,-35.97850941908141,9,16,1.4660000000000002
203,-5.995951916812006,12,13,1.4939999999999998
204,-6.2672453928262275,12,13,1.5100000000000002
205,-15.239533892153204,11,14,1.508
206,-14.366468498825535,11,14,1.4919999999999998
207,-6.134804783777824,12,13,1.5080000000000002
208,-25.93636314518399,10,15,1.5240000000000002
209,-16.535457764139927,11,14,1.4920000000000002
210,-35.35047880421456,9,16,1.516
211,-27.705963736243472,10,15,1.5259999999999998
212,-15.829506282728271,11,14,1.4600000000000002
213,-6.783164074973628,12,13,1.5239999999999998
214,-5.900489327326259,12,13,1.49
215,4.6020800043959085,13,12,1.524
216,-15.220974934865598,11,14,1.498
217,-16.851831544908432,11,14,1.4860000000000002
218,-14.740540249062377,11,14,1.516
219,-26.677746474084064,10,15,1.468
220,-15.693032301769147,11,14,1.482
221,-35.69652847840554,9,16,1.5100000000000002
222,-15.447060877251488,11,14,1.5139999999999998
223,-24.569195367016622,10,15,1.48
224,-25.388888814193635,10,15,1.4879999999999998
225,-16.177093273463825,11,14,1.496
226,-5.284483698897176,12,13,1.4900000000000002
227,-14.362332112622422,11,14,1.514
228,-15.13432529957037,11,14,1.5099999999999998
229,-35.70567857134787,9,16,1.528
230,-45.91669640710949,8,17,1.5139999999999998
231,5.426872924191322,13,12,1.516
232,-25.486151837070494,10,15,1.5079999999999998
233,4.34934665517539,13,12,1.492
234,-25.128410973919472,10,15,1.482
235,-25.541493910778936,10,15,1.4579999999999997
236,-34.812836055312374,9,16,1.5299999999999998
237,-5.440019927550387,12,13,1.5279999999999998
238,-24.578846772255915,10,15,1.474
239,-14.077459082526877,11,14,1.4899999999999998
240,-25.978471753285362,10,15,1.452
241,-24.450121546510395,10,15,1.512
242,-24.20954838484151,10,15,1.5319999999999998
243,3.888923887789936,13,12,1.522
244,-3.781006012495302,12,13,1.486
245,-34.578308293358305,9,16,1.5100000000000002
246,-25.630081666201917,10,15,1.49
247,5.459764409573932,13,12,1.5239999999999998
248,-24.15070194948419,10,15,1.488
249,-24.740039909130665,10,15,1.514
250,-16.39199598389458,11,14,1.486
251,-35.04853073756459,9,16,1.53
252,-35.07773257709213,9,16,1.5000000000000002
253,-13.04635558472601,11,14,1.512
254,-16.168311191066,11,14,1.508
255,-44.43755008746162,8,17,1.5059999999999998
256,-15.592364995794231,11,14,1.534
257,-15.073065210629743,11,14,1.5039999999999998
258,-15.125254650484221,11,14,1.526
259,-14.588423155290247,11,14,1.478
260,-24.134377960755124,10,15,1.488
261,-54.08715856656344,7,18,1.5320000000000003
262,-24.856311447508084,10,15,1.464
263,-14.15208827727253,11,14,1.506
264,-24.86084258895037,10,15,1.4880000000000002
265,-14.796938206912266,11,14,1.49
266,-15.341082231700456,11,14,1.53
267,-4.098783989768494,12,13,1.512
268,-4.759468613030378,12,13,1.4759999999999998
269,-44.43392925614346,8,17,1.508
270,-15.621341925466522,11,14,1.484
271,-54.419405355593064,7,18,1.5239999999999998
272,-6.394284015804949,12,13,1.48
273,-34.56034575500311,9,16,1.536
274,-14.751099281290518,11,14,1.5160000000000002
275,-25.0623430088725,10,15,1.4959999999999998
276,-14.06743126021265,11,14,1.4739999999999998
277,-23.836289266128773,10,15,1.488
278,-44.9334089458571,8,17,1.488
279,-5.51816454706613,12,13,1.496
280,-24.555768011852003,10,15,1.53
281,-54.247545430901205,7,18,1.486
282,-24.602582475122777,10,15,1.52
283,-16.10407546347914,11,14,1.502
284,-16.845344290691983,11,14,1.488
285,-44.09399959896539,8,17,1.514
286,-14.109567955370732,11,14,1.484
287,-24.846851128396047,10,15,1.522
288,-34.706854436813025,9,16,1.4940000000000002
289,-14.606204412525528,11,14,1.488
290,-44.29210211948556,8,17,1.494
291,-34.898593938041934,9,16,1.5060000000000002
292,-24.7759984538987,10,15,1.4919999999999998
293,-35.462825707846086,9,16,1.484
294,-24.75914325593129,10,15,1.484
295,-24.527136471997615,10,15,1.534
296,-35.395633720264975,9,16,1.448
297,-34.6125946933364,9,16,1.4979999999999998
298,-5.160498771477886,12,13,1.4840000000000004
299,-25.094369187044048,10,15,1.5039999999999998
300,-35.41518365460888,9,16,1.502
301,-44.560754806188484,8,17,1.504
302,-13.93456126920818,11,14,1.516
303,-24.615259150170196,10,15,1.4420000000000002
304,-24.744559844533846,10,15,1.514
305,-64.93705614817306,6,19,1.5080000000000002
306,-14.298038076560143,11,14,1.5080000000000002
307,-34.05679453599277,9,16,1.4580000000000002
308,-24.99590410132003,10,15,1.48
309,-25.65476270057292,10,15,1.498
310,-33.50087190803214,9,16,1.512
311,-13.138446385086336,11,14,1.502
312,-14.362472304334126,11,14,1.5279999999999998
313,-13.685377785553673,11,14,1.518
314,-23.95910578033049,10,15,1.48
315,-35.13021546876199,9,16,1.488
316,-24.617828804150342,10,15,1.486
317,-14.817433902711347,11,14,1.4579999999999997
318,-14.692210959796618,11,14,1.522
319,-44.36006583633156,8,17,1.4939999999999998
320,-54.42211177743961,7,18,1.522
321,-25.004324909456532,10,15,1.4759999999999998
322,-34.42439929539763,9,16,1.5100000000000002
323,-33.84340923473338,9,16,1.526
324,-34.2654050207876,9,16,1.532
325,-73.97341490059704,5,20,1.5159999999999998
326,-15.329606413793533,11,14,1.4999999999999998
327,-34.67834416584035,9,16,1.514
328,-33.981604227112115,9,16,1.528
329,-33.78831615720738,9,16,1.532
330,-53.902610270725354,7,18,1.502
331,-24.71334376739081,10,15,1.5080000000000002
332,-33.06158535382468,9,16,1.478
333,-44.650191772382506,8,17,1.502
334,14.75078502303176,14,11,1.502
335,-54.98859001430752,7,18,1.496
336,-14.619638242953862,11,14,1.472
337,-25.413608275445647,10,15,1.53
338,-34.4891327257413,9,16,1.4940000000000002
339,-43.860102832795846,8,17,1.466
340,-25.217987332607247,10,15,1.4979999999999998
341,-25.50335821657376,10,15,1.522
342,-24.917338218578294,10,15,1.488
343,-15.489631528589094,11,14,1.51
344,-35.373509091599175,9,16,1.472
345,-24.56379995487503,10,15,1.5059999999999998
346,-15.06690192758829,11,14,1.53
347,-34.55942057559477,9,16,1.53
348,-5.429915445613984,12,13,1.468
349,-4.92963832166308,12,13,1.4920000000000002
350,-36.159239677117036,9,16,1.496
351,-14.595854580680738,11,14,1.508
352,-4.608308135610745,12,13,1.484
353,-24.76774462385628,10,15,1.496
354,-15.471043087540565,11,14,1.4920000000000002
355,-16.529782041268,11,14,1.506
356,-26.266501816205317,10,15,1.488
357,-34.29191555331538,9,16,1.4940000000000002
358,-55.52929564095666,7,18,1.4599999999999997
359,-35.1881781122778,9,16,1.52
360,-35.02868468125304,9,16,1.5019999999999998
361,-24.213316255148058,10,15,1.5000000000000002
362,14.201738685150504,14,11,1.432
363,-25.774792196335085,10,15,1.4940000000000002
364,-35.53948087034324,9,16,1.4899999999999998
365,-66.16783182033004,6,19,1.514
366,-13.958941036381956,11,14,1.486
367,-24.369512086452364,10,15,1.5
368,-24.821281904215244,10,15,1.5439999999999996
369,-14.556569579874651,11,14,1.504
370,-25.24383318871339,10,15,1.496
371,-4.8429941376529895,12,13,1.488
372,-24.66449417233606,10,15,1.52
373,-25.61992854466485,10,15,1.5219999999999998
374,-55.31011896188737,7,18,1.5179999999999998
375,-34.295810073822864,9,16,1.472
376,-24.340325650309097,10,15,1.5059999999999998
377,-25.788317445308678,10,15,1.496
378,-15.404275000635002,11,14,1.4819999999999998
379,-4.229992495719906,12,13,1.526
380,5.689482096326538,13,12,1.4540000000000002
381,-35.69898033399586,9,16,1.5059999999999998
382,-35.38587056281124,9,16,1.5100000000000002
383,-14.669618010579706,11,14,1.456
384,-24.288488825316737,10,15,1.5539999999999998
385,-24.179181647201816,10,15,1.502
386,-24.793026185237757,10,15,1.5079999999999998
387,-25.396336921569592,10,15,1.4980000000000002
388,-24.604921853746553,10,15,1.48
389,-36.161103651855356,9,16,1.482
390,-24.277091086759803,10,15,1.504
391,-35.52033468413863,9,16,1.514
392,-14.148389350009811,11,14,1.48
393,-25.010307033078615,10,15,1.496
394,-26.0204405244651,10,15,1.52
395,-35.88362086441722,9,16,1.5180000000000002
396,-14.982524124671151,11,14,1.4919999999999998
397,-26.189075922223267,10,15,1.518
398,-24.892280122729403,10,15,1.52
399,-14.718267954484267,11,14,1.5440000000000003
400,-35.12457402881164,9,16,1.496
401,-5.232389636689193,12,13,1.5059999999999998
402,-5.312639825691171,12,13,1.4920000000000002
403,-16.036193810541107,11,14,1.48
404,-34.60204918075149,9,16,1.4939999999999998
405,-15.170069617684755,11,14,1.52
406,-34.981838485202566,9,16,1.512
407,-25.565030128657956,10,15,1.504
408,-45.41034595860087,8,17,1.492
409,-26.205461371541542,10,15,1.536
410,-45.15313399232979,8,17,1.5219999999999998
411,-35.12592960100311,9,16,1.4940000000000002
412,-45.643125509372815,8,17,1.514
413,-35.17507562026834,9,16,1.5080000000000002
414,-25.20046813331033,10,15,1.4919999999999998
415,-25.534879940352837,10,15,1.488
416,-35.6807868724641,9,16,1.4999999999999998
417,-14.936345086773509,11,14,1.4699999999999998
418,-36.01547681798118,9,16,1.512
419,-46.09480596798459,8,17,1.49
420,-26.314024236728223,10,15,1.47
421,-15.584453288131058,11,14,1.4720000000000002
422,-46.17499862184862,8,17,1.5180000000000002
423,-25.506736060671038,10,15,1.484
424,-15.26285929983061,11,14,1.5
425,-26.099250524877412,10,15,1.516
426,-34.18307084906857,9,16,1.52
427,-5.988525385581163,12,13,1.522
428,-35.31698830023198,9,16,1.478
429,-15.576063805240938,11,14,1.4839999999999998
430,-54.79614586546221,7,18,1.4860000000000002
431,-15.555783627217673,11,14,1.5
432,-45.195154748253174,8,17,1.5599999999999998
433,-25.508300034685455,10,15,1.48
434,-26.3012503744036,10,15,1.478
435,-15.397575490168098,11,14,1.5060000000000002
436,-15.617256509909094,11,14,1.5399999999999998
437,-15.895574533172963,11,14,1.4899999999999998
438,-34.20987918856901,9,16,1.4919999999999998
439,-15.749735684300932,11,14,1.4760000000000002
440,-26.189663466253652,10,15,1.5259999999999998
441,-24.88199395025346,10,15,1.518
442,5.764320876708856,13,12,1.4919999999999998
443,-25.204837118204996,10,15,1.462
444,-26.234821103006283,10,15,1.5240000000000002
445,-23.993719553250973,10,15,1.4739999999999998
446,-4.167861303948569,12,13,1.496
447,-24.135166473995223,10,15,1.5159999999999998
448,-16.035569780114145,11,14,1.496
449,-5.226272118424389,12,13,1.5139999999999998
450,-15.669767478508696,11,14,1.496
451,-25.686615990798156,10,15,1.482
452,-25.407312269329232,10,15,1.5219999999999998
453,-25.130378040131202,10,15,1.504
454,-15.672549621321469,11,14,1.478
455,-25.56330399372711,10,15,1.4760000000000002
456,-24.871786218292453,10,15,1.466
457,-25.76153253361775,10,15,1.498
458,-15.054393798956173,11,14,1.492
459,-25.91881563252059,10,15,1.52
460,-24.86034852484947,10,15,1.488
461,-25.328844639498243,10,15,1.5340000000000003
462,-35.57144551372908,9,16,1.4840000000000002
463,-35.52718368469844,9,16,1.4859999999999998
464,-15.027157207146942,11,14,1.49
465,-34.778035741292776,9,16,1.52
466,-25.80082862066574,10,15,1.504
467,-15.765488803819542,11,14,1.502
468,-25.423359206190366,10,15,1.5
469,-6.892211490531315,12,13,1.496
470,-4.764496190325095,12,13,1.522
471,-24.843684588182278,10,15,1.512
472,-15.81657803007797,11,14,1.554
473,-14.789235902701353,11,14,1.51
474,-6.088316624823317,12,13,1.526
475,-16.38786417064134,11,14,1.532
476,-6.343398529348111,12,13,1.508
477,-15.70110687267092,11,14,1.5040000000000002
478,-15.635072249633271,11,14,1.4780000000000002
479,-26.333446978059264,10,15,1.514
480,-16.541009175271547,11,14,1.478
481,-5.1471585205891355,12,13,1.526
482,-15.102272828775611,11,14,1.502
483,4.867512400489188,13,12,1.5340000000000003
484,-6.167635756180689,12,13,1.5459999999999998
485,5.0574642625761665,13,12,1.518
486,-6.445715019946624,12,13,1.474
487,-26.3575676696057,10,15,1.5159999999999998
488,-25.125224285659627,10,15,1.482
489,-15.525827192174662,11,14,1.48
490,-13.497677118800551,11,14,1.544
491,-26.251952947693606,10,15,1.5120000000000002
492,-35.06909553946679,9,16,1.5360000000000003
493,-25.410915686855436,10,15,1.526
494,-45.463119219131514,8,17,1.5059999999999998
495,-36.61472750605682,9,16,1.506
496,4.77532762467618,13,12,1.4300000000000002
497,-16.26937312734671,11,14,1.4780000000000002
498,-26.013271596231114,10,15,1.47
499,-15.372393682197766,11,14,1.508
500,4.29033873927404,13,12,1.5180000000000002
501,-5.070344163104439,12,13,1.4820000000000002
502,-15.798618825503631,11,14,1.5420000000000003
503,-16.0451493680515,11,14,1.578
504,-25.793192685463328,10,15,1.4840000000000002
505,-5.742873704373401,12,13,1.502
506,-14.901307438660815,11,14,1.4739999999999998
507,-35.80359076837081,9,16,1.516
508,-16.031249604571876,11,14,1.518
509,-45.25254977410738,8,17,1.556
510,-25.423144378106795,10,15,1.4880000000000002
511,-6.322948581816667,12,13,1.494
512,-34.8157221517242,9,16,1.518
513,-46.129302955573806,8,17,1.474
514,-35.52478109523382,9,16,1.466
515,-14.583869607051103,11,14,1.534
516,-15.17016166183611,11,14,1.486
517,-35.66386054572775,9,16,1.5020000000000002
518,-15.077481767633554,11,14,1.4919999999999998
519,4.762484401085896,13,12,1.4899999999999998
520,-56.26976957822275,7,18,1.504
521,-35.0985509120247,9,16,1.5420000000000003
522,-15.43553583879992,11,14,1.504
523,-36.453161804058624,9,16,1.4300000000000002
524,-25.103308293543748,10,15,1.494
525,-5.75039309623833,12,13,1.528
526,-15.607362512008073,11,14,1.512
527,-25.095841048530374,10,15,1.52
528,-34.678394903850915,9,16,1.4899999999999998
529,-5.562472124348172,12,13,1.4259999999999997
530,-37.0207113634368,9,16,1.4740000000000002
531,-6.469676172435639,12,13,1.518
532,-14.858833551245088,11,14,1.504
533,-5.985514479079667,12,13,1.4939999999999998
534,-15.279402141216643,11,14,1.496
535,-16.156315317069108,11,14,1.5060000000000002
536,-4.354530086158082,12,13,1.5039999999999998
537,-46.978552503498115,8,17,1.5260000000000002
538,-4.937323338366191,12,13,1.468
539,-5.294791378277743,12,13,1.4899999999999998
540,-25.704860232823336,10,15,1.508
541,-35.41768030288729,9,16,1.484
542,-25.11583374693923,10,15,1.5059999999999998
543,-15.966403345992038,11,14,1.5000000000000002
544,4.701542211694138,13,12,1.482
545,-26.336570840198767,10,15,1.4660000000000004
546,-15.314650482963037,11,14,1.504
547,-16.397271895883854,11,14,1.5
548,-6.579986411025792,12,13,1.4580000000000002
549,-6.134074015636397,12,13,1.448
550,-15.052020309155772,11,14,1.506
551,-5.694370199231257,12,13,1.504
552,-15.303122249530608,11,14,1.4920000000000004
553,4.036695265988149,13,12,1.504
554,-15.037519101666632,11,14,1.4960000000000002
555,-6.597297207749185,12,13,1.48
556,-34.226461575466715,9,16,1.53
557,-6.002522547909983,12,13,1.504
558,-5.039150932097222,12,13,1.4759999999999998
559,-26.394885117838918,10,15,1.49
560,-14.34538330632049,11,14,1.528
561,-26.310340462651105,10,15,1.454
562,-14.835732542762019,11,14,1.5539999999999998
563,-15.452739776148029,11,14,1.5080000000000002
564,-4.884658393291497,12,13,1.5059999999999998
565,-25.725078661006307,10,15,1.526
566,-6.304850044906596,12,13,1.5260000000000002
567,15.39429369754743,14,11,1.4939999999999998
568,5.013536427405096,13,12,1.4840000000000002
569,4.461855741730837,13,12,1.492
570,-15.525784693131854,11,14,1.4979999999999998
571,-15.5130345172545,11,14,1.498
572,-14.947482798869684,11,14,1.466
573,-15.702182575480606,11,14,1.5079999999999998
574,-16.070766075362812,11,14,1.516
575,-25.003145070092163,10,15,1.52
576,-15.544696971661187,11,14,1.518
577,-6.031721011249455,12,13,1.462
578,4.976062749537107,13,12,1.5380000000000003
579,5.003399388663738,13,12,1.496
580,-5.922483823871012,12,13,1.514
581,-15.02002859660842,11,14,1.4740000000000002
582,-24.8931929233941,10,15,1.4940000000000002
583,-15.941529045296697,11,14,1.522
584,4.550300213461572,13,12,1.4739999999999998
585,-6.0142757627937575,12,13,1.4760000000000002
586,-15.017703326773912,11,14,1.4739999999999998
587,-4.807279737161684,12,13,1.514
588,4.0749474501751966,13,12,1.5659999999999998
589,-15.2377196970469,11,14,1.4879999999999998
590,-25.596638177675054,10,15,1.526
591,-34.68306269673262,9,16,1.504
592,-25.52237909481611,10,15,1.4760000000000002
593,3.49403683828584,13,12,1.496
594,-16.198179909776368,11,14,1.48
595,-5.222234163347425,12,13,1.496
596,-26.142478508849035,10,15,1.478
597,-25.8926521816331,10,15,1.54
598,-17.595632436425664,11,14,1.4640000000000002
599,3.256283014364552,13,12,1.466
600,-16.34645038496857,11,14,1.484
601,4.30282818056957,13,12,1.478
602,-25.9555333226154,10,15,1.492
603,-5.721423855445753,12,13,1.52
604,-4.8867898552942,12,13,1.4920000000000002
605,-26.136983569281348,10,15,1.5000000000000002
606,-25.935509697055505,10,15,1.4779999999999998
607,-25.863681288635448,10,15,1.524
608,-15.557812246785558,11,14,1.4959999999999998
609,-25.03677710277858,10,15,1.464
610,-15.281453464133955,11,14,1.49
611,-6.46775262313642,12,13,1.4940000000000002
612,-25.341552642116838,10,15,1.488
613,-4.77558633128975,12,13,1.5139999999999998
614,-15.309987954353357,11,14,1.5400000000000003
615,-6.817866327619544,12,13,1.442
616,-25.851441836101692,10,15,1.502
617,-5.6320575656939145,12,13,1.496
618,4.566809018828717,13,12,1.49
619,-35.808213942590484,9,16,1.49
620,4.976935918869362,13,12,1.52
621,-25.64854698173069,10,15,1.528
622,-35.68087402173486,9,16,1.528
623,-15.929382307714487,11,14,1.4920000000000002
624,-24.68646442685749,10,15,1.53
625,-5.394308161622524,12,13,1.488
626,-25.83862948487963,10,15,1.532
627,-25.733702867062647,10,15,1.516
628,3.429980243207911,13,12,1.5239999999999998
629,-35.36953364126675,9,16,1.512
630,-16.005381014577686,11,14,1.522
631,-14.695979075701675,11,14,1.45
632,-25.98720788410219,10,15,1.4980000000000002
633,-25.705328584133255,10,15,1.5079999999999998
634,-15.843235386564263,11,14,1.5
635,-5.830822944742097,12,13,1.4560000000000002
636,-16.815870923569772,11,14,1.4920000000000002
637,-15.55057236974497,11,14,1.488
638,-4.614575125289555,12,13,1.47
639,-17.12653640249033,11,14,1.502
640,-15.756303727852119,11,14,1.522
641,-5.384399977831938,12,13,1.4759999999999998
642,-25.35764172785192,10,15,1.4760000000000002
643,-5.197679827679725,12,13,1.502
644,-5.7738318420986765,12,13,1.472
645,-5.370552717688778,12,13,1.496
646,-7.101838674074454,12,13,1.5059999999999998
647,3.946203088660642,13,12,1.476
648,-15.664828645852506,11,14,1.508
649,-25.136315596903586,10,15,1.472
650,-5.999362788160747,12,13,1.52
651,-15.978261059046194,11,14,1.49
652,-6.118363672045254,12,13,1.48
653,-15.083439259719249,11,14,1.4860000000000002
654,-6.202097474210271,12,13,1.4880000000000002
655,-27.8300542560794,10,15,1.51
656,-15.987537501154877,11,14,1.4700000000000002
657,-6.762285754331998,12,13,1.506
658,-25.777575545662437,10,15,1.498
659,-25.583633878473066,10,15,1.4759999999999998
660,-5.746174085701437,12,13,1.5099999999999998
661,-16.896338102060778,11,14,1.4899999999999998
662,-6.473787196566811,12,13,1.496
663,-16.567489107156547,11,14,1.5100000000000002
664,3.241750338401453,13,12,1.464
665,-16.678059272390207,11,14,1.53
666,-16.5958323184029,11,14,1.516
667,-15.443144555936955,11,14,1.496
668,13.428351589123277,14,11,1.544
669,-7.265283606368831,12,13,1.5020000000000002
670,13.425710553890834,14,11,1.532
671,4.5405210648719905,13,12,1.518
672,3.287440618812264,13,12,1.4900000000000002
673,3.8615685236692947,13,12,1.4799999999999998
674,-17.664036021937576,11,14,1.504
675,-26.66952571540395,10,15,1.4899999999999998
676,2.6920553883665157,13,12,1.472
677,3.1176708642631086,13,12,1.5059999999999998
678,-17.114579621623598,11,14,1.484
679,-27.111537438839093,10,15,1.5
680,-15.535653434288388,11,14,1.49
681,4.2059128163512405,13,12,1.4899999999999998
682,-15.008550224851703,11,14,1.5159999999999998
683,-16.640490691682455,11,14,1.53
684,-16.117414814707725,11,14,1.4560000000000002
685,-15.676203633555918,11,14,1.4979999999999998
686,-6.912176118935575,12,13,1.516
687,-15.542063563453425,11,14,1.4940000000000002
688,13.706424870848151,14,11,1.476
689,-15.343062508794148,11,14,1.4819999999999998
690,-7.140433487573976,12,13,1.502
691,-46.93452541636093,8,17,1.444
692,-26.865430681937802,10,15,1.488
693,-7.424608731254513,12,13,1.498
694,-5.898764973254126,12,13,1.502
695,-27.66342486798938,10,15,1.478
696,-16.01565320667762,11,14,1.4979999999999998
697,-17.146280228079846,11,14,1.4899999999999998
698,-26.811559783837914,10,15,1.472
699,-16.478399922021808,11,14,1.5079999999999998
700,2.9505568054036555,13,12,1.5239999999999998
701,-26.796609537371765,10,15,1.488
702,-26.432485497746747,10,15,1.5399999999999998
703,-6.151781114347651,12,13,1.504
704,-25.486801410015694,10,15,1.448
705,-25.666463586854928,10,15,1.534
706,4.271849822019355,13,12,1.4940000000000002
707,-6.927279798238949,12,13,1.524
708,-6.704165121376673,12,13,1.454
709,-6.713197157754651,12,13,1.5
710,-5.976562772356274,12,13,1.506
711,4.5523593080463645,13,12,1.5160000000000002
712,-5.883094792762139,12,13,1.472
713,-16.912427627898797,11,14,1.4700000000000002
714,-6.079726377566134,12,13,1.472
715,-16.241713418293216,11,14,1.48
716,-17.104811469259918,11,14,1.504
717,-16.24241612029751,11,14,1.5420000000000003
718,-6.082701575466443,12,13,1.4720000000000002
719,-25.85152075775538,10,15,1.512
720,-7.064861666004726,12,13,1.512
721,-17.274156219419158,11,14,1.516
722,-16.489620419113205,11,14,1.52
723,-5.808998625300211,12,13,1.492
724,4.264879766146411,13,12,1.4920000000000002
725,3.4478714008594564,13,12,1.5
726,-16.7967498888402,11,14,1.514
727,-26.47132104099087,10,15,1.4580000000000002
728,-36.01253484300378,9,16,1.55
729,12.388585887334965,14,11,1.4940000000000002
730,-26.431614009052687,10,15,1.472
731,-16.686312832061056,11,14,1.4919999999999998
732,-6.065845250249069,12,13,1.5059999999999998
733,-16.45092289327053,11,14,1.468
734,-5.921621233940078,12,13,1.506
735,-6.883868391836604,12,13,1.512
736,-16.621209783326876,11,14,1.4940000000000002
737,-6.838079223487558,12,13,1.52
738,-16.403024162427933,11,14,1.49
739,-5.561057471959225,12,13,1.504
740,-14.925469871686005,11,14,1.5059999999999998
741,-25.441406061939972,10,15,1.504
742,-16.066732874366302,11,14,1.5239999999999998
743,-24.982353825082072,10,15,1.4779999999999998
744,-5.828212108256618,12,13,1.512
745,-27.07448587410174,10,15,1.5180000000000002
746,-5.3105533412641535,12,13,1.534
747,3.175698710743694,13,12,1.5039999999999998
748,-26.170367729832922,10,15,1.4940000000000002
749,-6.684448378398514,12,13,1.4780000000000002
750,-24.95504638806925,10,15,1.5259999999999998
751,-25.998568929525188,10,15,1.5399999999999998
752,-5.763218473054785,12,13,1.4760000000000002
753,-5.628389911535962,12,13,1.526
754,-26.139392316389518,10,15,1.4939999999999998
755,-5.784474978243745,12,13,1.468
756,4.386371553286162,13,12,1.4620000000000002
757,-15.854700477056754,11,14,1.4780000000000002
758,-26.2164146125333,10,15,1.5020000000000002
759,-5.849151491991352,12,13,1.4780000000000002
760,-16.208605932908775,11,14,1.538
761,4.852433075786321,13,12,1.5239999999999998
762,-36.18193791929714,9,16,1.4979999999999998
763,-26.4165408441375,10,15,1.536
764,-5.516804143537922,12,13,1.504
765,-5.36887658588954,12,13,1.5120000000000002
766,-26.693966799216607,10,15,1.52
767,-16.30343357824441,11,14,1.52
768,-5.27244608482534,12,13,1.496
769,-5.126314011095417,12,13,1.484
770,4.090100419805003,13,12,1.504
771,-5.84538002926058,12,13,1.484
772,5.306906246452709,13,12,1.47
773,-5.186833321362626,12,13,1.4999999999999998
774,-16.142855108769226,11,14,1.4899999999999998
775,4.0269134366516575,13,12,1.4920000000000002
776,-35.239236449939604,9,16,1.5000000000000002
777,-4.970551396055033,12,13,1.522
778,14.248402006285774,14,11,1.5059999999999998
779,3.625780616288891,13,12,1.4780000000000002
780,-24.968064898622504,10,15,1.512
781,-15.878394643371287,11,14,1.4859999999999998
782,-16.61947566295195,11,14,1.518
783,-15.502422301118942,11,14,1.504
784,-5.95880927252007,12,13,1.4959999999999998
785,-14.681122863978342,11,14,1.518
786,-15.401718100586727,11,14,1.504
787,-25.205016170404235,10,15,1.4899999999999998
788,-15.465406187927176,11,14,1.488
789,-15.335813985079943,11,14,1.496
790,-25.846031407759746,10,15,1.4960000000000002
791,-4.703465956921633,12,13,1.5159999999999998
792,-16.8811424221884,11,14,1.516
793,-6.07024372545294,12,13,1.5
794,-7.065382522957009,12,13,1.5
795,-5.415059826850075,12,13,1.484
796,-5.358345456217389,12,13,1.542
797,4.254764531751722,13,12,1.5100000000000002
798,-25.532921578306226,10,15,1.51
799,-25.57641059801578,10,15,1.51
800,-16.05987181755697,11,14,1.488
801,-16.86512678412962,11,14,1.5080000000000002
802,-25.708991344010485,10,15,1.498
803,5.129101071647682,13,12,1.508
804,-15.959964941458692,11,14,1.526
805,-45.43946683563806,8,17,1.5079999999999998
806,-14.816520611993917,11,14,1.468
807,-36.251111309110804,9,16,1.528
808,-25.8311018040624,10,15,1.488
809,-4.987550973947919,12,13,1.49
810,-25.894046002953917,10,15,1.496
811,-14.655523739097552,11,14,1.502
812,-17.06025182751973,11,14,1.4979999999999998
813,-5.005055757202226,12,13,1.48
814,-26.966315287103917,10,15,1.472
815,-15.32757744644309,11,14,1.52
816,-5.153624091774399,12,13,1.488
817,-35.774442142062114,9,16,1.5059999999999998
818,4.856418831391078,13,12,1.5179999999999998
819,-4.890360409652094,12,13,1.484
820,4.527620957235417,13,12,1.488
821,-16.545609146206903,11,14,1.464
822,4.680253147520405,13,12,1.5239999999999998
823,-16.30461266691116,11,14,1.5100000000000002
824,-16.379658253313366,11,14,1.5359999999999998
825,-25.799000166503266,10,15,1.48
826,13.380387784110368,14,11,1.504
827,-25.465066504250522,10,15,1.4760000000000002
828,-5.927977098385192,12,13,1.514
829,-35.06798237226934,9,16,1.528
830,5.286855959574153,13,12,1.5100000000000002
831,-25.1960685865581,10,15,1.528
832,14.636314994923904,14,11,1.48
833,-14.367007895493884,11,14,1.534
834,4.578367532793466,13,12,1.512
835,-24.386489572852568,10,15,1.472
836,-25.921464913971985,10,15,1.5080000000000002
837,-15.328555167476667,11,14,1.48
838,-15.818832181902776,11,14,1.47
839,-15.11776318023249,11,14,1.5099999999999998
840,-26.36764798758658,10,15,1.514
841,4.536757263619426,13,12,1.4920000000000002
842,-15.152452903952739,11,14,1.478
843,-16.098866731581275,11,14,1.48
844,-16.306799659329155,11,14,1.4760000000000002
845,-5.11907371016324,12,13,1.488
846,-16.709263109605608,11,14,1.508
847,-14.780894669268028,11,14,1.4859999999999998
848,-24.70293889270679,10,15,1.492
849,4.479351700606395,13,12,1.5000000000000002
850,-5.730063528047477,12,13,1.472
851,3.4466359333965286,13,12,1.4459999999999997
852,3.1741319431925756,13,12,1.486
853,3.9445805312159,13,12,1.474
854,5.342844256771684,13,12,1.488
855,4.679986871176325,13,12,1.502
856,-5.414086688955948,12,13,1.532
857,-6.2456488158835946,12,13,1.4680000000000002
858,-7.203427976655343,12,13,1.506
859,-6.366981307986562,12,13,1.5
860,-16.023545379578003,11,14,1.4899999999999998
861,4.164989306108847,13,12,1.464
862,4.654598311210583,13,12,1.5079999999999996
863,4.24272111889779,13,12,1.4920000000000002
864,-26.735513208680956,10,15,1.506
865,-16.57334108359334,11,14,1.462
866,-6.178955142765991,12,13,1.4579999999999997
867,-6.079362890504175,12,13,1.524
868,-16.855168360374748,11,14,1.5299999999999998
869,3.154887746775069,13,12,1.4900000000000002
870,-6.018046651095155,12,13,1.4839999999999998
871,3.743816337396064,13,12,1.5320000000000003
872,13.318080278307283,14,11,1.49
873,-15.429045127607068,11,14,1.494
874,-6.591085880420694,12,13,1.5240000000000002
875,14.4573742810063,14,11,1.5240000000000002
876,-26.407367345802058,10,15,1.496
877,-5.0912838792768405,12,13,1.496
878,-16.371258577968263,11,14,1.53
879,-15.0343127879004,11,14,1.504
880,-35.329962418118434,9,16,1.504
881,4.322960856666704,13,12,1.578
882,-15.394838568424234,11,14,1.488
883,-16.19531077537027,11,14,1.4800000000000002
884,-5.724979663623828,12,13,1.566
885,-25.458260882255672,10,15,1.492
886,-5.332299358194272,12,13,1.5219999999999998
887,-15.823803611265696,11,14,1.534
888,-15.192092070699857,11,14,1.4940000000000002
889,-14.316938751494598,11,14,1.502
890,-15.326367736186267,11,14,1.4599999999999997
891,-4.376126150432627,12,13,1.4920000000000002
892,-5.299900646978333,12,13,1.526
893,-6.267411893440956,12,13,1.5260000000000002
894,-35.55691666858818,9,16,1.5019999999999998
895,-5.70623279835552,12,13,1.4940000000000002
896,-25.00362285578572,10,15,1.472
897,-15.076372010027237,11,14,1.4920000000000002
898,-24.98995475338161,10,15,1.4760000000000002
899,-15.319901598699534,11,14,1.508
900,-5.260238202351289,12,13,1.468
901,5.360184013832036,13,12,1.494
902,5.536477698391508,13,12,1.486
903,13.931077858170713,14,11,1.5100000000000002
904,-5.06094627085219,12,13,1.468
905,-14.95362245907158,11,14,1.4819999999999998
906,-14.902634824322076,11,14,1.5380000000000003
907,14.9609250718999,14,11,1.5300000000000002
908,5.33359344020392,13,12,1.476
909,4.704249692939833,13,12,1.498
910,-15.20094266059418,11,14,1.5120000000000002
911,-3.373352500160628,12,13,1.488
912,-24.701434337894266,10,15,1.458
913,-14.528162155200802,11,14,1.522
914,-25.591852071924393,10,15,1.5060000000000002
915,-14.313992583067067,11,14,1.488
916,-4.920999793881179,12,13,1.528
917,-14.981727175006741,11,14,1.4900000000000002
918,-15.24170169059616,11,14,1.486
919,-14.948977817488355,11,14,1.456
920,5.521709451366584,13,12,1.518
921,-15.472336635960808,11,14,1.508
922,-14.465037041269476,11,14,1.5239999999999998
923,-15.663525963897099,11,14,1.546
924,-14.48346833462567,11,14,1.5219999999999998
925,-4.95570052995932,12,13,1.51
926,-15.368640391940207,11,14,1.48
927,15.566389976882224,14,11,1.5240000000000002
928,5.534484226302855,13,12,1.4680000000000002
929,-25.24131755467925,10,15,1.512
930,-34.04153153994247,9,16,1.5040000000000002
931,-25.131869072387808,10,15,1.4920000000000002
932,-14.473241887259883,11,14,1.502
933,5.4945092737242645,13,12,1.508
934,-14.815304587540538,11,14,1.496
935,-25.71203094262874,10,15,1.5079999999999998
936,-14.877714252605285,11,14,1.5200000000000002
937,4.124512368100435,13,12,1.494
938,-14.171581144101022,11,14,1.4799999999999998
939,-5.441046819554616,12,13,1.496
940,-4.685673437774528,12,13,1.51
941,-4.800670555756531,12,13,1.5
942,-15.388045479362095,11,14,1.5080000000000002
943,-24.664505650347046,10,15,1.4979999999999998
944,-24.674033342342163,10,15,1.5
945,-5.195157474067614,12,13,1.5139999999999998
946,-24.103580044084076,10,15,1.482
947,-6.153808681329577,12,13,1.5000000000000002
948,15.333632387800218,14,11,1.4700000000000002
949,-4.7888085585374025,12,13,1.502
950,-24.30855097648466,10,15,1.4919999999999998
951,-13.969753639194188,11,14,1.488
952,-5.073314766277505,12,13,1.51
953,-15.074009322246436,11,14,1.494
954,-14.352240371917295,11,14,1.494
955,-14.898407464440574,11,14,1.5
956,-5.373031497257253,12,13,1.532
957,-14.915640787110846,11,14,1.5179999999999998
958,-14.595709780406434,11,14,1.5100000000000002
959,-4.583553639037186,12,13,1.5459999999999998
960,-5.256959867805049,12,13,1.512
961,-5.399128512777349,12,13,1.4819999999999998
962,-13.440338003248874,11,14,1.4939999999999998
963,-14.659538865822006,11,14,1.4999999999999998
964,4.807418935204676,13,12,1.5179999999999998
965,-25.860999928468715,10,15,1.5060000000000002
966,-5.1014986601232835,12,13,1.526
967,-15.751511948433773,11,14,1.496
968,-6.02482839474378,12,13,1.5179999999999998
969,4.949471945449513,13,12,1.48
970,-6.313569128666264,12,13,1.52
971,-3.7137299854338455,12,13,1.5060000000000002
972,-4.321363182559985,12,13,1.4899999999999998
973,5.9698706861599,13,12,1.504
974,-6.347568650127478,12,13,1.48
975,14.521097622574512,14,11,1.5420000000000003
976,4.112843866930259,13,12,1.496
977,-15.304582589827207,11,14,1.4780000000000002
978,-15.552604578871048,11,14,1.4619999999999997
979,4.878881302592133,13,12,1.5
980,-5.5952552110898495,12,13,1.542
981,-15.24154765374217,11,14,1.4760000000000002
982,-4.218452840282136,12,13,1.496
983,5.795466328663183,13,12,1.4940000000000002
984,4.74020997977559,13,12,1.466
985,4.590486968915849,13,12,1.486
986,4.494057170190147,13,12,1.5459999999999998
987,-5.398657254412994,12,13,1.544
988,4.221482747204748,13,12,1.504
989,-4.740465502409727,12,13,1.486
990,-4.867231060676792,12,13,1.5039999999999998
991,14.192152056938731,14,11,1.5059999999999998
992,-4.922228239369759,12,13,1.516
993,-6.066722871928478,12,13,1.5159999999999998
994,-4.169143906040237,12,13,1.5299999999999998
995,-25.790089402780133,10,15,1.48
996,-4.344085361966837,12,13,1.4759999999999998
997,-15.042115134723145,11,14,1.532
998,-14.405149492723053,11,14,1.4999999999999998
999,4.210171696685215,13,12,1.5400000000000003
1000,-15.635242491821245,11,14,1.502
1001,-4.229746794364708,12,13,1.486
1002,-5.083827154258968,12,13,1.5000000000000002
1003,-5.67339780591305,12,13,1.482
1004,5.123009667519543,13,12,1.454
1005,-14.938021338994877,11,14,1.5
1006,-5.181033617283458,12,13,1.5059999999999998
1007,4.484914805220216,13,12,1.504
1008,-5.229522588740316,12,13,1.4859999999999998
1009,-6.1555893146462495,12,13,1.5
1010,-24.713601608596047,10,15,1.5060000000000002
1011,-5.287104907083312,12,13,1.54
1012,-5.528216604736183,12,13,1.534
1013,-14.163122640535356,11,14,1.4920000000000002
1014,-5.180818607265648,12,13,1.508
1015,-13.754022984582502,11,14,1.47
1016,-5.601821424784266,12,13,1.514
1017,-15.054409978390584,11,14,1.5
1018,15.452137033237326,14,11,1.532
1019,-4.449296419792767,12,13,1.4940000000000002
1020,-4.652483654945206,12,13,1.5100000000000002
1021,-16.37484374377634,11,14,1.4780000000000002
1022,-5.033402632986183,12,13,1.514
1023,-24.333485327228452,10,15,1.504
1024,-4.648134796861309,12,13,1.4960000000000002
1025,4.221503547185115,13,12,1.514
1026,-4.622508234347212,12,13,1.5059999999999998
1027,-5.147746750884137,12,13,1.5119999999999998
1028,5.050066915762672,13,12,1.5180000000000002
1029,-14.047900274201789,11,14,1.48
1030,5.746966245240774,13,12,1.4880000000000002
1031,-5.230314453041705,12,13,1.4379999999999997
1032,-6.1725218651109435,12,13,1.536
1033,-5.495956502915304,12,13,1.4780000000000002
1034,-6.137432902270035,12,13,1.476
1035,-5.5069853648633265,12,13,1.52
1036,5.283708507548782,13,12,1.4540000000000002
1037,-5.258058711923358,12,13,1.4980000000000002
1038,4.878101928174873,13,12,1.5
1039,-14.8412089246642,11,14,1.532
1040,-5.28227392885127,12,13,1.5020000000000002
1041,-5.386170822650886,12,13,1.504
1042,-15.208590773934633,11,14,1.5459999999999998
1043,-5.651067761980668,12,13,1.506
1044,4.202604517702666,13,12,1.4819999999999998
1045,-5.266343474839173,12,13,1.464
1046,-6.478785975335292,12,13,1.468
1047,-14.996008256394493,11,14,1.518
1048,-15.700909093677087,11,14,1.5239999999999998
1049,5.838025830969757,13,12,1.5060000000000002
1050,-5.107233996446624,12,13,1.52
1051,-16.215614889193173,11,14,1.53
1052,-5.487760137449636,12,13,1.4840000000000002
1053,-15.49254939796257,11,14,1.46
1054,-5.263305705358567,12,13,1.488
1055,-16.05902616056564,11,14,1.48
1056,-14.868697446445463,11,14,1.512
1057,-4.071365649095381,12,13,1.542
1058,-4.887279619723643,12,13,1.5
1059,-14.923644898130132,11,14,1.528
1060,-14.291282977940643,11,14,1.4520000000000002
1061,5.349768574140341,13,12,1.518
1062,15.141602076545654,14,11,1.468
1063,5.049924407974963,13,12,1.4979999999999998
1064,-15.430892295204615,11,14,1.498
1065,-15.874390539892039,11,14,1.4939999999999998
1066,-4.283048883496381,12,13,1.536
1067,-5.832179001600858,12,13,1.528
1068,-4.607852018786796,12,13,1.5240000000000002
1069,-15.508992915155668,11,14,1.51
1070,-5.136197633760228,12,13,1.4939999999999998
1071,-14.900579001105843,11,14,1.4860000000000002
1072,-14.998241464360708,11,14,1.512
1073,4.926204977051192,13,12,1.464
1074,-5.136216710076241,12,13,1.5160000000000002
1075,-5.532813336739538,12,13,1.4679999999999997
1076,4.085500427566714,13,12,1.492
1077,-15.155347486200473,11,14,1.472
1078,-4.563921092856127,12,13,1.468
1079,-5.893648521755871,12,13,1.52
1080,-14.495730512698195,11,14,1.508
1081,-5.109724502439752,12,13,1.4899999999999998
1082,-4.526781189400994,12,13,1.502
1083,-5.077554203862562,12,13,1.5299999999999998
1084,-5.391955084164609,12,13,1.4680000000000002
1085,4.653972613817825,13,12,1.5240000000000002
1086,-15.351998060764926,11,14,1.4780000000000002
1087,-5.790286295409427,12,13,1.4899999999999998
1088,-4.966697046506496,12,13,1.532
1089,-14.781234980789746,11,14,1.514
1090,-4.706492005462003,12,13,1.4940000000000002
1091,-5.027443469059419,12,13,1.5
1092,5.434530523931252,13,12,1.5
1093,-4.362639738623583,12,13,1.5219999999999998
1094,-5.707118020111734,12,13,1.5320000000000003
1095,-4.571664543038679,12,13,1.496
1096,-14.539873722201644,11,14,1.4819999999999998
1097,-14.842601766798726,11,14,1.4740000000000002
1098,4.3955490775236115,13,12,1.504
1099,-14.844991932863048,11,14,1.5100000000000002
1100,-5.1727858186140905,12,13,1.5100000000000002
1101,-5.759706710367187,12,13,1.5059999999999998
1102,-14.717932613186067,11,14,1.5040000000000002
1103,-14.402356644099934,11,14,1.5319999999999998
1104,-15.694760390012302,11,14,1.528
1105,-5.308495488957144,12,13,1.484
1106,-5.438152444290836,12,13,1.482
1107,6.584077134210094,13,12,1.4579999999999997
1108,-14.147566961028275,11,14,1.47
1109,-5.446299136812366,12,13,1.5420000000000003
1110,5.1161680988879565,13,12,1.5299999999999998
1111,-14.980550334679164,11,14,1.474
1112,-14.717802841685064,11,14,1.504
1113,-4.918545168263774,12,13,1.484
1114,-4.503682374340544,12,13,1.4819999999999998
1115,14.736790400501523,14,11,1.4879999999999998
1116,-4.802647217297986,12,13,1.512
1117,-14.343125394723394,11,14,1.508
1118,-4.896274466805473,12,13,1.526
1119,-5.371726156873768,12,13,1.5260000000000002
1120,-14.917263994290682,11,14,1.448
1121,-5.670398423677032,12,13,1.478
1122,-26.25523175509882,10,15,1.52
1123,-16.291794948562284,11,14,1.4659999999999997
1124,14.68080593001429,14,11,1.5219999999999998
1125,-4.689428472540712,12,13,1.528
1126,-5.772702116552807,12,13,1.4779999999999998
1127,-5.065282036750814,12,13,1.5080000000000002
1128,-5.11344891170023,12,13,1.504
1129,-15.353451892321374,11,14,1.536
1130,5.455011203566752,13,12,1.48
1131,-6.525987063798942,12,13,1.4940000000000002
1132,-15.330982692456057,11,14,1.506
1133,4.991355000838434,13,12,1.442
1134,-14.063991954330277,11,14,1.4819999999999998
1135,-4.238341579037494,12,13,1.466
1136,-14.603226695562299,11,14,1.496
1137,-14.21179363322582,11,14,1.4780000000000002
1138,-5.472624687741625,12,13,1.5259999999999998
1139,-4.473374785999994,12,13,1.5199999999999998
1140,-5.534655358048459,12,13,1.4900000000000002
1141,-4.616952387312907,12,13,1.5
1142,-4.356282970238034,12,13,1.52
1143,-5.636232000566839,12,13,1.504
1144,-5.012092252671379,12,13,1.504
1145,-6.116669173579218,12,13,1.5159999999999998
1146,-5.354973271057409,12,13,1.5100000000000002
1147,5.510242101671789,13,12,1.472
1148,-14.12585721550052,11,14,1.498
1149,-14.706429434796593,11,14,1.484
1150,4.06077524197187,13,12,1.518
1151,14.83092348214772,14,11,1.49
1152,-5.152862831766365,12,13,1.48
1153,5.619222443064948,13,12,1.514
1154,-4.565702090201432,12,13,1.51
1155,4.994466255116807,13,12,1.5500000000000003
1156,-4.648109716258935,12,13,1.516
1157,5.108501549320152,13,12,1.5079999999999998
1158,5.425223669449807,13,12,1.516
1159,15.632385988526105,14,11,1.4900000000000002
1160,15.681829428429051,14,11,1.476
1161,6.1457064909594195,13,12,1.512
1162,-5.104647956946868,12,13,1.5180000000000002
1163,5.3751255302042615,13,12,1.486
1164,4.141982891577827,13,12,1.4940000000000002
1165,-5.54591080022204,12,13,1.482
1166,4.724788780391009,13,12,1.5179999999999998
1167,4.720442570716562,13,12,1.514
1168,-4.282919237127905,12,13,1.4780000000000002
1169,-5.853965172388042,12,13,1.4700000000000002
1170,15.347781752220694,14,11,1.5020000000000002
1171,4.862406711479254,13,12,1.512
1172,5.282685104994993,13,12,1.522
1173,-15.461255790419301,11,14,1.486
1174,4.962265124884674,13,12,1.5240000000000002
1175,-5.598495808934911,12,13,1.48
1176,-5.861888431941323,12,13,1.482
1177,-5.696259903177647,12,13,1.5100000000000002
1178,3.8219536096406106,13,12,1.5079999999999998
1179,-5.283495475982212,12,13,1.4940000000000002
1180,-5.440991175355427,12,13,1.496
1181,-5.557725207630589,12,13,1.4639999999999997
1182,-6.647748787661456,12,13,1.504
1183,14.774352955763963,14,11,1.5060000000000002
1184,14.613744743879415,14,11,1.482
1185,4.568102729493038,13,12,1.4940000000000002
1186,-5.043982429376452,12,13,1.5140000000000002
1187,3.9878577638337678,13,12,1.496
1188,-5.476237078034247,12,13,1.51
1189,5.535651842549381,13,12,1.482
1190,-5.075529133713217,12,13,1.5160000000000005
1191,-5.393847731904868,12,13,1.4780000000000002
1192,15.347635899046367,14,11,1.468
1193,-14.49820468917197,11,14,1.5340000000000003
1194,15.265485119742651,14,11,1.514
1195,4.241194781020598,13,12,1.5079999999999998
1196,14.655333087329838,14,11,1.466
1197,13.233671555840427,14,11,1.4919999999999998
1198,4.001047989990297,13,12,1.46
1199,-16.24451658092815,11,14,1.5
1200,4.161247956530342,13,12,1.498
1201,4.796721278273246,13,12,1.4860000000000002
1202,-6.007045126657349,12,13,1.496
1203,3.96908254983323,13,12,1.486
1204,-6.400354420763236,12,13,1.4899999999999998
1205,3.659645476154684,13,12,1.5000000000000002
1206,-6.772630925045911,12,13,1.4700000000000002
1207,-5.6373557999065715,12,13,1.48
1208,3.4820204726434483,13,12,1.5059999999999998
1209,-7.267841076632763,12,13,1.552
1210,3.639864231994224,13,12,1.4999999999999998
1211,-6.30280268174463,12,13,1.5340000000000003
1212,3.4877622321619164,13,12,1.506
1213,3.994899770444869,13,12,1.4900000000000002
1214,3.8346923000120814,13,12,1.4739999999999998
1215,3.7779078244838633,13,12,1.48
1216,4.115821963136474,13,12,1.482
1217,-5.275745791450031,12,13,1.488
1218,4.779043971836039,13,12,1.4659999999999997
1219,14.506845772292703,14,11,1.496
1220,-6.865742064818655,12,13,1.5100000000000002
1221,4.70422220143033,13,12,1.49
1222,14.373649412047872,14,11,1.494
1223,-6.340227804308526,12,13,1.494
1224,-16.095825715955716,11,14,1.56
1225,-5.365093705426146,12,13,1.4820000000000004
1226,-6.271311570877448,12,13,1.5020000000000002
1227,-16.38057110647389,11,14,1.4819999999999998
1228,4.198030776347714,13,12,1.5059999999999998
1229,-16.40409393372974,11,14,1.5020000000000002
1230,-6.507537055815181,12,13,1.466
1231,-6.3183983892039866,12,13,1.496
1232,4.093307065469087,13,12,1.518
1233,-15.152688437735788,11,14,1.512
1234,3.3740253317047397,13,12,1.5399999999999998
1235,4.465733668833124,13,12,1.508
1236,-5.8090436911509755,12,13,1.4899999999999998
1237,3.9911370646544384,13,12,1.4920000000000002
1238,13.706494916757157,14,11,1.46
1239,-5.820596864968458,12,13,1.5139999999999998
1240,-16.903074830617225,11,14,1.534
1241,-5.569031163139659,12,13,1.48
1242,14.635013710437011,14,11,1.46
1243,3.3163904257448014,13,12,1.524
1244,-6.50234440017733,12,13,1.498
1245,3.762698448503375,13,12,1.534
1246,4.383599009130791,13,12,1.4999999999999998
1247,5.260504491144989,13,12,1.5100000000000002
1248,-5.63778484858468,12,13,1.5020000000000002
1249,3.4850224949216813,13,12,1.504
1250,4.448008030463196,13,12,1.458
1251,4.439649866757522,13,12,1.518
1252,3.893947660158709,13,12,1.5579999999999998
1253,4.225783936348245,13,12,1.5200000000000002
1254,-5.168586274560676,12,13,1.498
1255,24.465903667932317,15,10,1.4939999999999998
1256,-6.151866955357201,12,13,1.5139999999999998
1257,4.402221738937028,13,12,1.482
1258,4.1979304089526295,13,12,1.484
1259,-6.302173478675895,12,13,1.514
1260,-6.480393241061565,12,13,1.536
1261,13.800340912492478,14,11,1.468
1262,14.26309697970363,14,11,1.512
1263,-5.251758198183124,12,13,1.508
1264,14.523642060507303,14,11,1.5139999999999998
1265,-5.895718885686195,12,13,1.514
1266,4.429976002541622,13,12,1.4859999999999998
1267,5.060305912902297,13,12,1.488
1268,5.113410931218596,13,12,1.5000000000000002
1269,-16.04155714006658,11,14,1.4700000000000002
1270,-15.1165729790299,11,14,1.464
1271,3.6298476825861012,13,12,1.4680000000000002
1272,-16.21343174123316,11,14,1.464
1273,-26.54904424480027,10,15,1.5239999999999998
1274,-6.349410781370415,12,13,1.544
1275,-7.094470275975852,12,13,1.488
1276,-6.82028065611652,12,13,1.5140000000000002
1277,13.59645418144788,14,11,1.494
1278,-6.442427176373652,12,13,1.518
1279,-15.533256451631729,11,14,1.494
1280,-6.451663331154103,12,13,1.506
1281,-15.54625337445256,11,14,1.502
1282,4.29356079128423,13,12,1.484
1283,3.96413947307882,13,12,1.468
1284,-15.79436221258686,11,14,1.504
1285,-17.125465924491593,11,14,1.4920000000000002
1286,-6.5214937874030205,12,13,1.516
1287,-6.188370640241313,12,13,1.4939999999999998
1288,-5.211112822606032,12,13,1.5100000000000002
1289,3.3289094314831633,13,12,1.5180000000000002
1290,4.582157376003412,13,12,1.488
1291,-6.049210966694713,12,13,1.52
1292,3.5919115212347563,13,12,1.5000000000000002
1293,-5.417736912582351,12,13,1.4920000000000002
1294,14.946219618978265,14,11,1.472
1295,4.471338987132269,13,12,1.512
1296,-15.159477297569433,11,14,1.498
1297,3.61814390166231,13,12,1.474
1298,-16.75532894704294,11,14,1.45
1299,14.842123951054505,14,11,1.492
1300,-5.196566131157978,12,13,1.5100000000000002
1301,3.1797652942985994,13,12,1.482
1302,-5.018431911319945,12,13,1.48
1303,-7.423735116926589,12,13,1.506
1304,4.121372762678547,13,12,1.508
1305,-16.196013143061204,11,14,1.5420000000000003
1306,4.65358700320637,13,12,1.534
1307,-15.414506673698959,11,14,1.538
1308,-15.898642676314807,11,14,1.516
1309,4.191399075982134,13,12,1.4940000000000002
1310,-6.182350030696995,12,13,1.516
1311,-7.238920299831916,12,13,1.516
1312,-16.856362539165822,11,14,1.498
1313,2.9403320101562596,13,12,1.5000000000000002
1314,-7.065558491637792,12,13,1.484
1315,-16.561926327099318,11,14,1.5079999999999998
1316,-7.4213383312760195,12,13,1.472
1317,-17.16193896347439,11,14,1.5
1318,-25.511366399801464,10,15,1.504
1319,-15.568533522521042,11,14,1.514
1320,-5.909416268431388,12,13,1.498
1321,3.5635640490128786,13,12,1.5140000000000002
1322,-5.986582420912712,12,13,1.4539999999999997
1323,-16.851593699741883,11,14,1.498
1324,-7.207324254696656,12,13,1.4899999999999998
1325,-7.021861290189475,12,13,1.504
1326,-15.429948608555426,11,14,1.4860000000000002
1327,3.903915023706567,13,12,1.514
1328,-5.12886099491472,12,13,1.4959999999999998
1329,3.714262930096327,13,12,1.488
1330,14.135118912979058,14,11,1.5059999999999998
1331,4.334453471260268,13,12,1.496
1332,-15.926604584180241,11,14,1.4620000000000002
1333,-7.064815005747325,12,13,1.508
1334,-25.505134805129256,10,15,1.4999999999999998
1335,-6.2907411713127,12,13,1.5060000000000002
1336,-5.873388200060129,12,13,1.5080000000000005
1337,-6.23523809175898,12,13,1.4940000000000002
1338,-6.587108118789747,12,13,1.5399999999999998
1339,-6.227635491615361,12,13,1.496
1340,-6.399007425018638,12,13,1.482
1341,4.197452954863273,13,12,1.5319999999999998
1342,-5.660426122791485,12,13,1.4900000000000002
1343,3.7281573522158826,13,12,1.514
1344,4.929682177586236,13,12,1.498
1345,-14.982313617431014,11,14,1.488
1346,4.534576012667079,13,12,1.508
1347,-5.716297046774981,12,13,1.49
1348,-14.937750396305358,11,14,1.512
1349,-6.679054924902604,12,13,1.5179999999999998
1350,-26.520806154367463,10,15,1.4780000000000002
1351,-7.226447712773139,12,13,1.534
1352,-15.807388911337164,11,14,1.5399999999999998
1353,-6.124239974794305,12,13,1.47
1354,-5.3522809084367395,12,13,1.496
1355,-25.91076027975914,10,15,1.5180000000000002
1356,-16.20478591483448,11,14,1.5279999999999998
1357,-15.145796479059193,11,14,1.504
1358,-5.851779430041107,12,13,1.504
1359,-16.88237327898579,11,14,1.4799999999999998
1360,-5.322672334991049,12,13,1.4739999999999998
1361,-15.321520263560325,11,14,1.472
1362,-16.18381850207342,11,14,1.468
1363,-15.725238438409484,11,14,1.5059999999999998
1364,-16.640563948331806,11,14,1.5039999999999998
1365,-4.603199820093311,12,13,1.5079999999999998
1366,-5.30129104686503,12,13,1.5219999999999998
1367,-15.686475166393663,11,14,1.4439999999999997
1368,-5.310303968957296,12,13,1.52
1369,-4.448259656173455,12,13,1.478
1370,-5.499117197819565,12,13,1.4979999999999998
1371,-5.934277805729756,12,13,1.45
1372,-5.818368618429972,12,13,1.498
1373,-6.4367163264280265,12,13,1.5359999999999998
1374,5.301911138384693,13,12,1.484
1375,-4.182573754500618,12,13,1.5020000000000002
1376,4.816728798533033,13,12,1.464
1377,-5.412113671219878,12,13,1.49
1378,-5.225840125073718,12,13,1.504
1379,4.260849856395884,13,12,1.518
1380,-5.801071155033706,12,13,1.4999999999999998
1381,-5.14864645874489,12,13,1.512
1382,-6.078605484852654,12,13,1.494
1383,5.731039456441099,13,12,1.48
1384,4.96872027661551,13,12,1.5080000000000002
1385,14.385945163991792,14,11,1.4979999999999998
1386,-5.331397975351058,12,13,1.508
1387,-5.92712985263347,12,13,1.518
1388,4.699597072320211,13,12,1.486
1389,-6.758769411904376,12,13,1.512
1390,5.122960303391281,13,12,1.5299999999999998
1391,-4.485328961706049,12,13,1.5219999999999998
1392,3.427888609262837,13,12,1.5099999999999998
1393,-4.61125641074416,12,13,1.528
1394,4.563015529872887,13,12,1.484
1395,-15.56621169498886,11,14,1.552
1396,-5.711544988933925,12,13,1.488
1397,5.508618789876742,13,12,1.5400000000000005
1398,-25.85184198934769,10,15,1.5240000000000002
1399,-15.484813964848753,11,14,1.518
1400,-4.607422726976289,12,13,1.5
1401,-5.479744363664,12,13,1.5059999999999998
1402,-25.544024930643403,10,15,1.502
1403,-16.062392324161802,11,14,1.5140000000000002
1404,-5.769735343791066,12,13,1.516
1405,-4.322907697461959,12,13,1.472
1406,-35.98308039675777,9,16,1.51
1407,5.134553165713038,13,12,1.5439999999999998
1408,4.292296140050615,13,12,1.488
1409,-15.048422103702169,11,14,1.524
1410,3.6564864533370542,13,12,1.468
1411,-14.811163539624518,11,14,1.47
1412,-16.348898701879893,11,14,1.5
1413,4.727235760283435,13,12,1.5
1414,-4.7430194775231715,12,13,1.4600000000000002
1415,-15.738665526327532,11,14,1.536
1416,-25.207892592464578,10,15,1.528
1417,-15.915455932230568,11,14,1.546
1418,-5.07595999627379,12,13,1.52
1419,4.642792441009929,13,12,1.524
1420,-5.940313707646263,12,13,1.502
1421,-15.472776675534364,11,14,1.512
1422,-5.8563792442349545,12,13,1.516
1423,5.017772811622216,13,12,1.4560000000000002
1424,-15.441690462633481,11,14,1.4739999999999998
1425,3.898638255220238,13,12,1.492
1426,-25.836024625944432,10,15,1.4940000000000002
1427,-6.2635536576802355,12,13,1.4760000000000002
1428,-5.878577138208755,12,13,1.472
1429,4.542797453528582,13,12,1.4760000000000002
1430,-4.796113550742968,12,13,1.55
1431,-4.4149510509420296,12,13,1.4700000000000002
1432,-4.928159322598322,12,13,1.4920000000000004
1433,-15.746458801656177,11,14,1.5480000000000003
1434,-5.977080276735119,12,13,1.48
1435,-15.54757258645336,11,14,1.504
1436,-5.431179485738898,12,13,1.51
1437,-16.317753608493117,11,14,1.484
1438,-16.065148114140534,11,14,1.514
1439,-14.079113598079598,11,14,1.4660000000000002
1440,-5.2115088251914,12,13,1.466
1441,4.814829280900703,13,12,1.502
1442,5.722927042917618,13,12,1.52
1443,-24.622251654729762,10,15,1.48
1444,-5.311948896798155,12,13,1.484
1445,-26.459512995765742,10,15,1.4999999999999998
1446,-14.98650160234703,11,14,1.5079999999999998
1447,4.431537572036435,13,12,1.516
1448,-16.191912330298386,11,14,1.5260000000000002
1449,-27.29330766814183,10,15,1.5
1450,4.138681176464555,13,12,1.5100000000000002
1451,-25.32399232865694,10,15,1.496
1452,-15.900229082893,11,14,1.478
1453,-14.690885938393697,11,14,1.5299999999999998
1454,-16.663027669062352,11,14,1.5279999999999998
1455,-15.309813784272173,11,14,1.502
1456,-14.916515033187139,11,14,1.496
1457,-15.583416466616566,11,14,1.492
1458,-5.439440985937882,12,13,1.498
1459,-4.840747054179035,12,13,1.4759999999999998
1460,-36.9880932823192,9,16,1.502
1461,-16.81729235448091,11,14,1.484
1462,-25.703371785644535,10,15,1.5100000000000002
1463,-15.484918153990614,11,14,1.508
1464,-14.104924177416702,11,14,1.4899999999999998
1465,-15.773894432876675,11,14,1.472
1466,-25.771359528917376,10,15,1.5379999999999998
1467,-15.656669422847203,11,14,1.488
1468,-15.086301129849765,11,14,1.478
1469,-35.71166320652313,9,16,1.5079999999999998
1470,-16.564219980446833,11,14,1.522
1471,-5.301371059507517,12,13,1.48
1472,-16.672953291835203,11,14,1.47
1473,-25.92052124491365,10,15,1.568
1474,-35.51119487061258,9,16,1.53
1475,-15.988048715117815,11,14,1.504
1476,-35.872577461779585,9,16,1.4740000000000002
1477,-15.414272864407195,11,14,1.5139999999999998
1478,-25.309595483987135,10,15,1.4620000000000002
1479,-15.87464950478459,11,14,1.5099999999999998
1480,-14.831728916596145,11,14,1.48
1481,-15.453723241221173,11,14,1.514
1482,-37.05676076178653,9,16,1.5059999999999998
1483,-35.915300783366874,9,16,1.4759999999999998
1484,-25.445324510898217,10,15,1.512
1485,-26.254828402461406,10,15,1.512
1486,-16.412379590878718,11,14,1.514
1487,-26.276944324943585,10,15,1.502
1488,-15.386179935586732,11,14,1.484
1489,-26.067478611375293,10,15,1.502
1490,-44.92861893311242,8,17,1.4959999999999998
1491,-45.85641552038899,8,17,1.5199999999999998
1492,-24.413181382587297,10,15,1.494
1493,-25.73367308470423,10,15,1.504
1494,-16.34900404715871,11,14,1.516
1495,-24.71907645775613,10,15,1.5099999999999998
1496,-6.292040019509258,12,13,1.504
1497,-35.449443543230636,9,16,1.5079999999999998
1498,-16.458771671732386,11,14,1.486
1499,-14.876847136388065,11,14,1.5339999999999998
1500,-15.160448448161176,11,14,1.53
1501,-25.52909813055556,10,15,1.508
1502,-15.648808669993974,11,14,1.512
1503,-24.449077116602776,10,15,1.51
1504,-35.55323685149445,9,16,1.5059999999999998
1505,-15.030850849464535,11,14,1.49
1506,-34.82695300544297,9,16,1.5379999999999998
1507,-15.686491753195149,11,14,1.504
1508,-25.21164658799875,10,15,1.5100000000000002
1509,-44.966922678172125,8,17,1.504
1510,-25.595422163354748,10,15,1.476
1511,-36.481070050214086,9,16,1.556
1512,-34.77430044381007,9,16,1.536
1513,-35.3070333238681,9,16,1.4639999999999997
1514,-15.172474103131925,11,14,1.4779999999999998
1515,-15.892892292750155,11,14,1.466
1516,-24.63844895799224,10,15,1.5180000000000002
1517,-15.272285892862335,11,14,1.49
1518,-35.13703770612633,9,16,1.526
1519,-34.663598144476275,9,16,1.516
1520,-34.39242068292589,9,16,1.482
1521,-5.623220074056136,12,13,1.496
1522,-5.070342833623025,12,13,1.4940000000000002
1523,-6.194024748496185,12,13,1.5219999999999998
1524,-15.229723259808893,11,14,1.49
1525,-25.451436869510292,10,15,1.5079999999999998
1526,-26.395551514012237,10,15,1.5219999999999998
1527,-34.909686790621265,9,16,1.4939999999999998
1528,-24.984868253663826,10,15,1.4479999999999997
1529,-15.183914902236136,11,14,1.5100000000000002
1530,-15.191745304260962,11,14,1.496
1531,-15.36480207382666,11,14,1.5020000000000002
1532,-15.086274579940905,11,14,1.4859999999999998
1533,-25.445694303696882,10,15,1.4759999999999998
1534,-45.37069363083114,8,17,1.538
1535,-26.08819396023761,10,15,1.546
1536,-25.480470160870162,10,15,1.526
1537,-26.19522882890393,10,15,1.5059999999999998
1538,-24.504079611047366,10,15,1.4900000000000002
1539,-37.1465414550567,9,16,1.528
1540,-35.84831112770352,9,16,1.498
1541,-15.359042842106733,11,14,1.51
1542,-15.849585860463257,11,14,1.54
1543,-15.765539017774124,11,14,1.464
1544,-26.08396870242598,10,15,1.482
1545,-15.21674345130371,11,14,1.498
1546,-15.553413832265251,11,14,1.5279999999999998
1547,-25.351090823627935,10,15,1.536
1548,-15.311584405278431,11,14,1.4819999999999998
1549,-15.392132191559327,11,14,1.53
1550,-25.07093351511906,10,15,1.488
1551,-26.06981629612361,10,15,1.518
1552,-16.017253628744953,11,14,1.5119999999999998
1553,-15.311164656455745,11,14,1.518
1554,-16.20138755745876,11,14,1.4659999999999997
1555,-15.106458348556998,11,14,1.512
1556,-25.698829615235304,10,15,1.462
1557,-35.33177007781564,9,16,1.512
1558,-25.382345812762082,10,15,1.488
1559,-26.47762493628216,10,15,1.5020000000000002
1560,-16.009501789191418,11,14,1.4999999999999998
1561,-6.055110920220139,12,13,1.48
1562,-24.508431450790997,10,15,1.472
1563,-16.231557308577422,11,14,1.4780000000000002
1564,-15.48864892642042,11,14,1.494
1565,-15.495173585878373,11,14,1.478
1566,-15.248833661639921,11,14,1.484
1567,-4.912186112273039,12,13,1.51
1568,-15.912144965273436,11,14,1.508
1569,-15.279751355718005,11,14,1.4620000000000002
1570,-15.351326854510383,11,14,1.494
1571,-14.41144653750207,11,14,1.472
1572,-24.28614378936942,10,15,1.5099999999999998
1573,-15.232375954743116,11,14,1.502
1574,-15.415764689383128,11,14,1.494
1575,-35.50023341200097,9,16,1.4999999999999998
1576,-25.215047820045122,10,15,1.48
1577,-15.754454109370611,11,14,1.5120000000000002
1578,-26.188801629030554,10,15,1.534
1579,4.13383090552602,13,12,1.502
1580,-4.15232779557269,12,13,1.4940000000000002
1581,-15.773671984058296,11,14,1.5319999999999998
1582,-16.35445622928048,11,14,1.5320000000000003
1583,-15.417488032886755,11,14,1.5
1584,-15.752965186265573,11,14,1.47
1585,-15.228359953282938,11,14,1.456
1586,-5.790996106634852,12,13,1.476
1587,-26.4659907812975,10,15,1.498
1588,-14.840787604018756,11,14,1.5380000000000003
1589,-26.754236742440817,10,15,1.4760000000000002
1590,-35.82927378828083,9,16,1.4919999999999998
1591,-16.377202224531075,11,14,1.504
1592,-15.435921407275607,11,14,1.466
1593,-15.461549852726993,11,14,1.5379999999999998
1594,-15.811635497522996,11,14,1.438
1595,-5.922955423037191,12,13,1.522
1596,-15.553054199173648,11,14,1.492
1597,-5.334413523947195,12,13,1.4760000000000002
1598,-7.568049467501193,12,13,1.44
1599,-6.512291027131929,12,13,1.488
1600,-6.856461690147382,12,13,1.5060000000000002
1601,-16.461116788640712,11,14,1.4620000000000002
1602,-5.366070203178564,12,13,1.5
1603,-26.464516842481736,10,15,1.4900000000000002
1604,-16.29193790561599,11,14,1.4920000000000002
1605,3.7789060958606253,13,12,1.548
1606,-6.3420979663161425,12,13,1.532
1607,-14.89430612428686,11,14,1.5139999999999998
1608,-16.554801687260927,11,14,1.562
1609,-15.542501427940907,11,14,1.524
1610,-5.893324777855565,12,13,1.506
1611,-16.646410222854776,11,14,1.472
1612,-15.122307308595918,11,14,1.4740000000000002
1613,4.686750152712735,13,12,1.5219999999999998
1614,-14.280078390775063,11,14,1.5
1615,-24.955000427118765,10,15,1.514
1616,-16.364136804571146,11,14,1.49
1617,-6.503611568363475,12,13,1.4759999999999998
1618,-5.310567786751953,12,13,1.5
1619,15.503235803502847,14,11,1.4839999999999998
1620,4.724218086488101,13,12,1.488
1621,-5.022116729221846,12,13,1.4819999999999998
1622,-15.271400751823197,11,14,1.4780000000000002
1623,-16.90162750629421,11,14,1.502
1624,-6.157056182342259,12,13,1.524
1625,-16.648545176844515,11,14,1.472
1626,-5.53335205879023,12,13,1.5
1627,-15.93450943444666,11,14,1.552
1628,-5.424938989115843,12,13,1.454
1629,-4.781670365284916,12,13,1.498
1630,-25.942780295127527,10,15,1.498
1631,4.5950857846027855,13,12,1.504
1632,-5.725759329695993,12,13,1.4919999999999998
1633,-26.291611723443005,10,15,1.4699999999999998
1634,-6.240406818333318,12,13,1.4619999999999997
1635,-24.656105447288716,10,15,1.494
1636,-14.913459050927125,11,14,1.5240000000000002
1637,-15.031695393089187,11,14,1.5099999999999998
1638,4.40058014760881,13,12,1.5060000000000002
1639,-5.564946281683142,12,13,1.4940000000000002
1640,-5.932139441688205,12,13,1.47
1641,-5.859243262389308,12,13,1.52
1642,-37.07555872235013,9,16,1.462
1643,-6.023341294499137,12,13,1.496
1644,-6.183364794505679,12,13,1.512
1645,-16.442327852103578,11,14,1.4840000000000002
1646,-5.7622148948455,12,13,1.486
1647,-16.04833859625157,11,14,1.562
1648,-15.24215324212142,11,14,1.4939999999999998
1649,-6.074020735072732,12,13,1.534
1650,-6.3768135417700975,12,13,1.5139999999999998
1651,-6.350795258507822,12,13,1.498
1652,-14.513740349098072,11,14,1.466
1653,-6.19694031292889,12,13,1.504
1654,-16.459119525699244,11,14,1.4819999999999998
1655,-15.594138659755195,11,14,1.4900000000000002
1656,-26.33525255056801,10,15,1.5259999999999998
1657,-23.9867397176516,10,15,1.498
1658,-15.541949475809893,11,14,1.5079999999999998
1659,-16.297333513052497,11,14,1.476
1660,-16.327799534937068,11,14,1.484
1661,-4.140598201166515,12,13,1.448
1662,-25.062512234188322,10,15,1.486
1663,-15.254331016221109,11,14,1.532
1664,-26.18249722656339,10,15,1.4420000000000002
1665,-15.867247400637616,11,14,1.5180000000000002
1666,-15.349277110102634,11,14,1.52
1667,-5.5652012584694575,12,13,1.4719999999999998
1668,-5.3017142598001215,12,13,1.47
1669,-14.415824420459888,11,14,1.548
1670,-4.875643260958024,12,13,1.524
1671,-15.11424855272566,11,14,1.514
1672,-14.161914556357194,11,14,1.5279999999999998
1673,-16.214497043095808,11,14,1.488
1674,-4.054733930121063,12,13,1.494
1675,-5.142212951003701,12,13,1.518
1676,-15.351444363042168,11,14,1.5019999999999998
1677,-6.237841320703065,12,13,1.502
1678,-15.478463990002533,11,14,1.488
1679,-14.844328852427605,11,14,1.5
1680,-4.616650788751511,12,13,1.514
1681,-16.11602570433422,11,14,1.4739999999999998
1682,-13.89620104116274,11,14,1.512
1683,-5.284683678468294,12,13,1.4740000000000002
1684,-5.168752708013713,12,13,1.4839999999999998
1685,-6.010756971228561,12,13,1.496
1686,-4.833111718197998,12,13,1.4939999999999998
1687,5.785774027037704,13,12,1.5379999999999998
1688,-5.188149746077145,12,13,1.528
1689,-16.398034919908074,11,14,1.4760000000000002
1690,-5.991806797902306,12,13,1.5079999999999998
1691,-14.565991141617298,11,14,1.54
1692,-4.999600680115086,12,13,1.498
1693,3.951954052918209,13,12,1.482
1694,-25.744833662663943,10,15,1.5139999999999998
1695,-15.793826911500503,11,14,1.4599999999999997
1696,-5.108357939413619,12,13,1.516
1697,-24.978731191249377,10,15,1.4919999999999998
1698,-15.72273711181709,11,14,1.544
1699,-36.40169874716291,9,16,1.5059999999999998
1700,-14.51173410654169,11,14,1.4800000000000002
1701,-5.349292616979682,12,13,1.472
1702,-15.713789631766105,11,14,1.5420000000000003
1703,-44.47511051714069,8,17,1.5200000000000002
1704,-25.24123744249143,10,15,1.51
1705,-5.254591227139645,12,13,1.48
1706,-15.294612044968517,11,14,1.4800000000000002
1707,-4.860572758399588,12,13,1.508
1708,-14.60014968160264,11,14,1.502
1709,-4.06455318737532,12,13,1.5019999999999998
1710,-25.191141212270423,10,15,1.512
1711,-4.835641394919457,12,13,1.534
1712,5.144893867132214,13,12,1.472
1713,-5.084011687135168,12,13,1.5059999999999998
1714,-15.150665013466611,11,14,1.5399999999999998
1715,6.378239061873316,13,12,1.494
1716,-4.973456302637479,12,13,1.4919999999999998
1717,-14.229622026315786,11,14,1.496
1718,-35.05477538494741,9,16,1.52
1719,-25.325467509267515,10,15,1.512
1720,-15.651394022531454,11,14,1.5020000000000002
1721,-16.21885012951455,11,14,1.528
1722,5.0370303804815695,13,12,1.516
1723,-14.348116586721611,11,14,1.498
1724,-25.741986796086003,10,15,1.5139999999999998
1725,-13.426521708178509,11,14,1.4860000000000002
1726,-35.62238340948148,9,16,1.488
1727,-13.95064737502286,11,14,1.5
1728,-34.343335612596064,9,16,1.466
1729,-24.174694750855963,10,15,1.5139999999999998
1730,-24.661556764380627,10,15,1.528
1731,-5.331204752680231,12,13,1.49
1732,-13.830724590799282,11,14,1.444
1733,-14.4947717240488,11,14,1.504
1734,-15.344806526303428,11,14,1.52
1735,-15.462395356169488,11,14,1.5079999999999998
1736,-4.144374331127368,12,13,1.512
1737,-15.767360550911071,11,14,1.474
1738,-14.022449942254422,11,14,1.532
1739,-34.99911194481976,9,16,1.482
1740,-24.827344011290368,10,15,1.46
1741,-25.37351372384656,10,15,1.466
1742,-45.312143289220046,8,17,1.518
1743,-24.065204053588126,10,15,1.516
1744,-14.534561130529703,11,14,1.48
1745,-25.979581118785223,10,15,1.53
1746,-23.997047125919593,10,15,1.524
1747,-34.61195916996382,9,16,1.464
1748,-3.8573637546271975,12,13,1.4860000000000002
1749,-14.340412853693568,11,14,1.4919999999999998
1750,-15.721721686202407,11,14,1.5
1751,-16.47864657414395,11,14,1.472
1752,-25.21525184303527,10,15,1.47
1753,-35.84400657828077,9,16,1.4780000000000002
1754,-14.30487674654605,11,14,1.4839999999999998
1755,-4.75830194978943,12,13,1.4940000000000002
1756,-35.11988505167883,9,16,1.4899999999999998
1757,-24.362167357628707,10,15,1.514
1758,-44.10777845249531,8,17,1.4979999999999998
1759,-16.527625418368498,11,14,1.494
1760,-3.877864031569806,12,13,1.534
1761,-14.640241795360895,11,14,1.506
1762,-13.84989593069618,11,14,1.488
1763,-3.797967909908598,12,13,1.502
1764,-15.94172822774542,11,14,1.4779999999999998
1765,-25.123782118611185,10,15,1.528
1766,-24.213239912965964,10,15,1.5219999999999998
1767,-15.36906549216133,11,14,1.5000000000000002
1768,-14.894422511402489,11,14,1.5160000000000002
1769,-4.236346446153682,12,13,1.562
1770,5.00711764991601,13,12,1.5239999999999998
1771,-14.859955182818531,11,14,1.5
1772,-5.52470636119794,12,13,1.5000000000000002
1773,-4.604847734831695,12,13,1.474
1774,-25.389366270508617,10,15,1.4760000000000002
1775,-23.477950578553823,10,15,1.51
1776,-34.08649396855642,9,16,1.466
1777,-24.460264121043732,10,15,1.51
1778,-13.674637296258862,11,14,1.486
1779,-14.540751026288603,11,14,1.532
1780,-25.26564921912042,10,15,1.5180000000000002
1781,-24.71534098540075,10,15,1.508
1782,-23.68347068638295,10,15,1.5279999999999998
1783,-33.815499874712046,9,16,1.522
1784,-22.956669728165203,10,15,1.5319999999999998
1785,-14.624983961057454,11,14,1.504
1786,-14.007949718362013,11,14,1.49
1787,-24.14638365584331,10,15,1.4999999999999998
1788,-23.504000630969998,10,15,1.476
1789,-13.20221765314805,11,14,1.522
1790,-24.377187852745116,10,15,1.5379999999999998
1791,-45.052933225142276,8,17,1.5259999999999998
1792,-24.34489972987442,10,15,1.5219999999999998
1793,-34.2598261646082,9,16,1.5079999999999998
1794,-15.330058751233612,11,14,1.4939999999999998
1795,-25.057388170950055,10,15,1.494
1796,-44.5706660940488,8,17,1.4540000000000002
1797,-14.732609978675963,11,14,1.48
1798,-14.106690082847406,11,14,1.516
1799,-24.315857771219356,10,15,1.5020000000000002
1800,-16.062076673483116,11,14,1.498
1801,-24.475591902805366,10,15,1.4740000000000002
1802,-14.453431922500826,11,14,1.524
1803,-34.78847383683641,9,16,1.5379999999999998
1804,-34.17106583738245,9,16,1.484
1805,-15.641719853042401,11,14,1.496
1806,-44.54057844680167,8,17,1.4920000000000002
1807,-35.57637056435014,9,16,1.472
1808,-13.948161883933889,11,14,1.4899999999999998
1809,5.235672814672153,13,12,1.498
1810,-25.811252460524795,10,15,1.552
1811,-24.600499533318565,10,15,1.504
1812,-5.51489974112863,12,13,1.498
1813,-14.169859717351635,11,14,1.496
1814,-14.109570198457712,11,14,1.52
1815,-4.386845643263648,12,13,1.484
1816,-4.870488619869262,12,13,1.4920000000000002
1817,-5.299068377670153,12,13,1.512
1818,-14.582463146223208,11,14,1.4899999999999998
1819,-14.608547275365456,11,14,1.488
1820,5.756222955234923,13,12,1.5
1821,-35.28005957400085,9,16,1.4860000000000002
1822,-24.53167301986474,10,15,1.514
1823,-22.947509348466188,10,15,1.5020000000000002
1824,-14.979255346489293,11,14,1.5100000000000002
1825,-5.097294732722734,12,13,1.5260000000000002
1826,-14.173123424343377,11,14,1.484
1827,-5.404861434573302,12,13,1.52
1828,-15.551840409513078,11,14,1.532
1829,-5.096392081365588,12,13,1.524
1830,-34.20598050174409,9,16,1.5059999999999998
1831,-4.987787932167741,12,13,1.484
1832,-14.419437237963368,11,14,1.504
1833,-4.275142452060187,12,13,1.498
1834,-4.492551981959339,12,13,1.4760000000000002
1835,-14.50087451565535,11,14,1.4899999999999998
1836,-14.451977805572497,11,14,1.5079999999999998
1837,-5.03199208789882,12,13,1.478
1838,-4.059156385168039,12,13,1.518
1839,-14.38170206947833,11,14,1.502
1840,-4.210994584720543,12,13,1.4880000000000002
1841,-14.175022531591345,11,14,1.5380000000000003
1842,-4.881586181488138,12,13,1.474
1843,-34.860180459026466,9,16,1.5019999999999998
1844,-6.0673476348326245,12,13,1.496
1845,-5.421711043669203,12,13,1.506
1846,-34.35747226227995,9,16,1.516
1847,-4.207766506881603,12,13,1.5100000000000002
1848,-5.06734428849583,12,13,1.496
1849,-14.84539527966934,11,14,1.5119999999999998
1850,-15.492266140602204,11,14,1.484
1851,-15.771053879754634,11,14,1.5399999999999998
1852,-25.370547106284423,10,15,1.5580000000000003
1853,-15.37438988727104,11,14,1.5099999999999998
1854,-5.3077546631369765,12,13,1.498
1855,-24.816979901290615,10,15,1.4920000000000002
1856,-3.3020807982637344,12,13,1.516
1857,-3.854263859720861,12,13,1.488
1858,5.215753754764554,13,12,1.504
1859,-13.676003337384104,11,14,1.478
1860,-34.014682726567,9,16,1.512
1861,-23.66917953119477,10,15,1.512
1862,-13.776542677921428,11,14,1.512
1863,-4.897505981012316,12,13,1.496
1864,-4.370091326298531,12,13,1.542
1865,-14.389432269291845,11,14,1.516
1866,-14.931535409439102,11,14,1.53
1867,-25.396596123007182,10,15,1.516
1868,6.800389873668767,13,12,1.4599999999999997
1869,-6.280982939478234,12,13,1.484
1870,-15.655223802497762,11,14,1.474
1871,5.69185326990592,13,12,1.4620000000000002
1872,-14.978033207956845,11,14,1.4819999999999998
1873,-13.921426710602049,11,14,1.5180000000000002
1874,-5.936839717936604,12,13,1.4899999999999998
1875,-25.621153853002816,10,15,1.5559999999999998
1876,-15.8311845839168,11,14,1.51
1877,-14.999791956375123,11,14,1.472
1878,-15.341452765307452,11,14,1.5059999999999998
1879,-15.508398478532381,11,14,1.498
1880,-4.608172887863447,12,13,1.4899999999999998
1881,-14.273489674343965,11,14,1.5079999999999998
1882,-14.832321952459505,11,14,1.5239999999999998
1883,-4.771814492151881,12,13,1.4919999999999998
1884,-15.83797444130725,11,14,1.506
1885,-14.601418050092063,11,14,1.534
1886,-14.344148264355116,11,14,1.55
1887,-25.329340077130496,10,15,1.4739999999999998
1888,-4.1083464150163,12,13,1.5
1889,4.805284318527761,13,12,1.478
1890,-14.998097218931594,11,14,1.506
1891,-25.117072070202454,10,15,1.4959999999999998
1892,-4.165610206734275,12,13,1.4819999999999998
1893,-14.874263237463254,11,14,1.548
1894,-4.085088556078306,12,13,1.512
1895,-14.655162865710501,11,14,1.5079999999999998
1896,-4.29787273639106,12,13,1.4920000000000002
1897,-13.693242228247419,11,14,1.492
1898,-5.099281134633426,12,13,1.4999999999999998
1899,-4.476209767306901,12,13,1.498
1900,-24.11022802912536,10,15,1.498
1901,-5.298589868084109,12,13,1.5059999999999998
1902,-4.076411732929646,12,13,1.49
1903,4.866009465818387,13,12,1.502
1904,-5.7527062399158595,12,13,1.5220000000000002
1905,-4.882898332901371,12,13,1.546
1906,-4.448019464738696,12,13,1.472
1907,-4.986678286195776,12,13,1.462
1908,-14.60229023345769,11,14,1.5039999999999998
1909,-15.803064648689539,11,14,1.48
1910,-15.276967404417853,11,14,1.516
1911,-14.711992571641538,11,14,1.5080000000000002
1912,-25.28369568139197,10,15,1.4959999999999998
1913,-15.182281462046832,11,14,1.5080000000000002
1914,-15.263092715697884,11,14,1.54
1915,-15.222895379784807,11,14,1.488
1916,-24.779310216424115,10,15,1.506
1917,-15.438477032631553,11,14,1.4819999999999998
1918,5.486078227256775,13,12,1.5220000000000002
1919,-5.3522619234884035,12,13,1.5299999999999998
1920,-5.26153871052232,12,13,1.48
1921,4.940258405488409,13,12,1.526
1922,-4.773658707541408,12,13,1.508
1923,-26.222268640388826,10,15,1.498
1924,-14.77173342152134,11,14,1.52
1925,-24.94600811877087,10,15,1.4660000000000002
1926,-4.397961144541558,12,13,1.4659999999999997
1927,-25.213299549831426,10,15,1.48
1928,-15.79954288326472,11,14,1.5180000000000002
1929,-26.148933706792228,10,15,1.5099999999999998
1930,-25.8479716510236,10,15,1.4999999999999998
1931,-35.059824339319455,9,16,1.5040000000000002
1932,-5.143930909541915,12,13,1.496
1933,-15.099642994097874,11,14,1.4979999999999998
1934,-4.97656668139637,12,13,1.4920000000000002
1935,4.945750804171844,13,12,1.488
1936,-5.122664138407047,12,13,1.5119999999999998
1937,-14.850176444047094,11,14,1.4700000000000002
1938,-5.315539649254742,12,13,1.5139999999999998
1939,-4.8131381104675794,12,13,1.5059999999999998
1940,-5.2641036814169055,12,13,1.5000000000000002
1941,-25.074713203775918,10,15,1.5180000000000002
1942,-16.18849847143162,11,14,1.5360000000000003
1943,-14.97571753682885,11,14,1.514
1944,-15.338097494802632,11,14,1.4759999999999998
1945,-36.25733148661697,9,16,1.5340000000000003
1946,-5.533377879355211,12,13,1.526
1947,-25.043560042530643,10,15,1.5259999999999998
1948,-5.92596064776801,12,13,1.4920000000000002
1949,-16.00004529593942,11,14,1.4739999999999998
1950,5.127719346275319,13,12,1.4979999999999998
1951,-5.484577588117043,12,13,1.496
1952,-25.10109076928584,10,15,1.5400000000000003
1953,14.159153286517146,14,11,1.528
1954,-5.539973138894817,12,13,1.49
1955,15.494121548843925,14,11,1.498
1956,-34.07607720933949,9,16,1.4840000000000002
1957,-5.2148755495398795,12,13,1.5000000000000002
1958,-14.629744813158368,11,14,1.52
1959,-15.293587370346328,11,14,1.5480000000000005
1960,4.798373384570841,13,12,1.496
1961,-4.317209127514463,12,13,1.5100000000000002
1962,-24.76695302866295,10,15,1.48
1963,-25.56382162802619,10,15,1.5179999999999998
1964,-24.577673377984155,10,15,1.5
1965,5.217665676355278,13,12,1.512
1966,-14.751443271223678,11,14,1.508
1967,5.252383405603634,13,12,1.516
1968,5.189466695823096,13,12,1.476
1969,-4.492463368405797,12,13,1.484
1970,-4.499699842242709,12,13,1.496
1971,-14.49247443086356,11,14,1.506
1972,14.873213952285136,14,11,1.5219999999999998
1973,-5.255361314073145,12,13,1.508
1974,-24.325223525527832,10,15,1.472
1975,-5.1104831667068975,12,13,1.4820000000000002
1976,13.785134292444397,14,11,1.4620000000000002
1977,-5.804830764184979,12,13,1.496
1978,-15.735264496455757,11,14,1.472
1979,15.39766528609999,14,11,1.494
1980,-14.555782214674803,11,14,1.522
1981,4.595023980285898,13,12,1.488
1982,-4.8258767995460286,12,13,1.504
1983,-5.205337453249145,12,13,1.484
1984,-4.580357406372306,12,13,1.5139999999999998
1985,-14.664646491885508,11,14,1.518
1986,-3.8819056184002756,12,13,1.476
1987,6.165345960438303,13,12,1.4580000000000002
1988,-33.92587889567274,9,16,1.5219999999999998
1989,-4.315962334749005,12,13,1.51
1990,-5.036018720321128,12,13,1.5059999999999998
1991,-34.70249140798112,9,16,1.488
1992,-4.201725469966901,12,13,1.4959999999999998
1993,-14.313720354391574,11,14,1.516
1994,5.726448886842037,13,12,1.492
1995,5.5366582737184205,13,12,1.442
1996,-25.669765342878748,10,15,1.51
1997,-4.778982681355327,12,13,1.488
1998,-15.080789177602858,11,14,1.5220000000000002
1999,4.50810733613401,13,12,1.4840000000000002
2000,5.401866110970728,13,12,1.5219999999999998
2001,-4.75603935920331,12,13,1.498
2002,-16.6854057032851,11,14,1.5319999999999998
2003,-14.5891815734259,11,14,1.5279999999999998
2004,5.364944905290949,13,12,1.4959999999999998
2005,-15.769652740296191,11,14,1.5239999999999998
2006,-15.781052965112064,11,14,1.5100000000000002
2007,-15.30110660996888,11,14,1.4740000000000002
2008,14.728314991463945,14,11,1.5
2009,-5.506755268253524,12,13,1.486
2010,4.978298777209796,13,12,1.492
2011,-15.762302046345912,11,14,1.4939999999999998
2012,-15.719652579505134,11,14,1.498
2013,4.141862514314436,13,12,1.5180000000000002
2014,4.0331107160893005,13,12,1.4940000000000002
2015,-25.578480253435146,10,15,1.4919999999999998
2016,-5.465661871806628,12,13,1.486
2017,4.322956572449517,13,12,1.55
2018,-25.6938916884884,10,15,1.5380000000000003
2019,-6.068282164099511,12,13,1.4940000000000002
2020,-24.783580661277995,10,15,1.482
2021,4.929695491473753,13,12,1.522
2022,-15.803367331087644,11,14,1.5059999999999998
2023,4.60467240075365,13,12,1.518
2024,-4.602485267502217,12,13,1.4779999999999998
2025,-3.924283787236472,12,13,1.528
2026,15.252137630938291,14,11,1.4860000000000002
2027,4.794868478673623,13,12,1.548
2028,5.113702384525386,13,12,1.5080000000000002
2029,4.910539895108405,13,12,1.47
2030,-5.212830263126536,12,13,1.516
2031,15.376936056731742,14,11,1.5079999999999998
2032,-15.089855448466047,11,14,1.53
2033,5.232970949380195,13,12,1.5219999999999998
2034,4.567010758854712,13,12,1.478
2035,-15.539918309677315,11,14,1.4600000000000002
2036,-15.1683496590264,11,14,1.528
2037,-15.195580849683786,11,14,1.528
2038,5.763089383885022,13,12,1.5
2039,-24.873995742936067,10,15,1.502
2040,-5.219568598268542,12,13,1.5
2041,-24.275010031370357,10,15,1.4920000000000002
2042,-24.06153829495097,10,15,1.486
2043,-3.814299162817333,12,13,1.488
2044,-6.271521525539369,12,13,1.52
2045,-25.692268445472028,10,15,1.4900000000000002
2046,-5.1696821359462515,12,13,1.532
2047,-5.169000514859259,12,13,1.502
2048,-4.016947470865885,12,13,1.578
2049,24.66955689265765,15,10,1.494
2050,-5.6076607038593975,12,13,1.504
2051,-24.625528626226334,10,15,1.4940000000000002
2052,-15.523069020832638,11,14,1.496
2053,6.035822406276532,13,12,1.52
2054,-4.06986944924075,12,13,1.5079999999999998
2055,-6.271555191553191,12,13,1.496
2056,-15.14824448579632,11,14,1.488
2057,-4.485658311143498,12,13,1.504
2058,13.56418724136635,14,11,1.476
2059,-14.441598456516445,11,14,1.536
2060,4.862693263285063,13,12,1.546
2061,4.2634228868998365,13,12,1.5
2062,5.372929426383773,13,12,1.494
2063,-14.193870816255295,11,14,1.5079999999999998
2064,-35.889439455956705,9,16,1.516
2065,-6.199286049864524,12,13,1.5219999999999998
2066,-14.7082648845846,11,14,1.492
2067,4.933112601841364,13,12,1.5060000000000002
2068,-5.356506421125783,12,13,1.47
2069,-26.352549717530017,10,15,1.5359999999999996
2070,-33.84763579521767,9,16,1.428
2071,-5.161879472557876,12,13,1.4800000000000002
2072,13.91072210616953,14,11,1.5080000000000002
2073,-25.50189590242078,10,15,1.5299999999999998
2074,-16.299703223544206,11,14,1.492
2075,-15.698849347172361,11,14,1.496
2076,-15.766491047357228,11,14,1.498
2077,-15.419448269363869,11,14,1.5
2078,-16.09879350334047,11,14,1.4860000000000002
2079,-35.31359076531989,9,16,1.476
2080,-14.448350947027285,11,14,1.5299999999999998
2081,4.888018177940644,13,12,1.4780000000000002
2082,-5.839381864893914,12,13,1.494
2083,5.184596147505193,13,12,1.536
2084,-15.918371985783415,11,14,1.488
2085,-14.930456143807069,11,14,1.4780000000000002
2086,-5.534196722688235,12,13,1.4799999999999998
2087,-24.8247488463194,10,15,1.514
2088,5.2812965678099975,13,12,1.5279999999999998
2089,-34.67700209497066,9,16,1.5340000000000003
2090,-5.271949835853668,12,13,1.504
2091,-25.61340282261329,10,15,1.5020000000000002
2092,-15.438042941487511,11,14,1.5
2093,-14.897505299730238,11,14,1.48
2094,-35.11454281611353,9,16,1.498
2095,-5.201407673992968,12,13,1.4920000000000002
2096,-16.00238259106924,11,14,1.5119999999999998
2097,-4.655897670178465,12,13,1.462
2098,-5.80736567255611,12,13,1.496
2099,-14.52456276886782,11,14,1.504
2100,-44.384054925687124,8,17,1.4640000000000002
2101,-5.519040234878364,12,13,1.5200000000000002
2102,-6.063604427266666,12,13,1.432
2103,-24.734926411278977,10,15,1.53
2104,-15.43941792268059,11,14,1.4940000000000002
2105,-15.074365069262587,11,14,1.4579999999999997
2106,-34.67014049298865,9,16,1.5299999999999998
2107,-34.38209663879006,9,16,1.51
2108,-15.50101339166816,11,14,1.4799999999999998
2109,-5.708269016788673,12,13,1.514
2110,-4.483810732369741,12,13,1.502
2111,-14.187373638783306,11,14,1.514
2112,-25.76580627852305,10,15,1.504
2113,-15.218728424498607,11,14,1.4580000000000002
2114,-5.966114694599975,12,13,1.4759999999999998
2115,-25.634103898425465,10,15,1.51
2116,-25.357397580193712,10,15,1.514
2117,-15.881160925378452,11,14,1.496
2118,-5.095393300754088,12,13,1.504
2119,-14.557267190600653,11,14,1.526
2120,15.526295122088717,14,11,1.468
2121,-5.4938415911500815,12,13,1.5080000000000002
2122,-14.113228732444224,11,14,1.496
2123,-4.836623501975628,12,13,1.472
2124,-14.888372975188387,11,14,1.504
2125,-4.913741097736217,12,13,1.5099999999999998
2126,5.489443099640684,13,12,1.4499999999999997
2127,-5.176425489455343,12,13,1.5340000000000003
2128,-4.791974087580646,12,13,1.524
2129,-24.277651622171156,10,15,1.4800000000000002
2130,-35.79215026877306,9,16,1.472
2131,-14.878156038265757,11,14,1.484
2132,-14.45338267204207,11,14,1.4939999999999998
2133,-23.799481355251803,10,15,1.524
2134,-24.722696331361128,10,15,1.5000000000000002
2135,16.08991869841116,14,11,1.4780000000000002
2136,-24.852521271595823,10,15,1.4560000000000002
2137,-14.44919657913691,11,14,1.4900000000000002
2138,-5.141317088638339,12,13,1.498
2139,6.369249886982896,13,12,1.5319999999999998
2140,16.054471797218756,14,11,1.52
2141,-25.60695626200385,10,15,1.422
2142,-4.316222565110737,12,13,1.504
2143,-4.317427425002569,12,13,1.544
2144,-4.410794948534304,12,13,1.512
2145,4.992636444856467,13,12,1.5180000000000002
2146,5.259000512199505,13,12,1.4940000000000002
2147,-24.86341931002383,10,15,1.516
2148,-24.67058409052948,10,15,1.4700000000000002
2149,-24.268636496567897,10,15,1.4739999999999998
2150,-34.2963391008131,9,16,1.5
2151,-14.9441026158451,11,14,1.4899999999999998
2152,-14.353976196630581,11,14,1.4860000000000002
2153,-14.144709204216088,11,14,1.5259999999999998
2154,-25.027657131766293,10,15,1.4680000000000004
2155,-5.420009766248052,12,13,1.5079999999999998
2156,5.2134593308511485,13,12,1.4660000000000002
2157,-5.323794169583184,12,13,1.502
2158,-4.739850754948236,12,13,1.532
2159,-14.61475922736878,11,14,1.496
2160,-14.48257593302829,11,14,1.476
2161,-4.495367241119665,12,13,1.49
2162,-13.987390284868294,11,14,1.476
2163,-13.984887761655617,11,14,1.484
2164,-24.25097864028715,10,15,1.4759999999999998
2165,-4.889220405240845,12,13,1.4999999999999998
2166,-4.404679981699259,12,13,1.5019999999999998
2167,-14.692293680686987,11,14,1.5000000000000002
2168,-4.780444848711438,12,13,1.4780000000000002
2169,-34.48674492730095,9,16,1.5459999999999998
2170,-24.990828383177433,10,15,1.4880000000000002
2171,-23.74003806644799,10,15,1.4839999999999998
2172,-14.871108455713202,11,14,1.4819999999999998
2173,-4.211749546590278,12,13,1.508
2174,-25.594499717661364,10,15,1.518
2175,-25.190213510933596,10,15,1.492
2176,-24.50123751425883,10,15,1.502
2177,-24.794576008586084,10,15,1.492
2178,-3.9560139218956785,12,13,1.486
2179,5.672972765447188,13,12,1.4599999999999997
2180,-23.842778521003247,10,15,1.508
2181,-14.896737212353464,11,14,1.496
2182,-15.051651341664611,11,14,1.5259999999999998
2183,-4.84570988691738,12,13,1.4980000000000002
2184,-34.41069469406761,9,16,1.4740000000000002
2185,-4.65711166201506,12,13,1.458
2186,-23.793614208356203,10,15,1.548
2187,-5.187023767865135,12,13,1.536
2188,-4.494717983425839,12,13,1.532
2189,-14.102310297351949,11,14,1.49
2190,-4.8755973859969295,12,13,1.472
2191,-4.069402691831982,12,13,1.5560000000000003
2192,-13.379936615372877,11,14,1.492
2193,-23.89210568444954,10,15,1.4620000000000002
2194,-24.084196855241903,10,15,1.52
2195,-24.941058032191854,10,15,1.48
2196,-14.51168265845624,11,14,1.524
2197,-14.174848248350909,11,14,1.482
2198,-24.38177836194585,10,15,1.5020000000000002
2199,-3.789654871889404,12,13,1.53
2200,-4.08168579686442,12,13,1.4779999999999998
2201,-24.115563955822132,10,15,1.496
2202,-3.9046051253147205,12,13,1.476
2203,-14.364525799551712,11,14,1.5220000000000002
2204,-24.66757242815845,10,15,1.456
2205,-14.436168026956054,11,14,1.518
2206,5.765729984924365,13,12,1.46
2207,-14.056347970655935,11,14,1.472
2208,6.423538109518105,13,12,1.5079999999999998
2209,-13.667926731425375,11,14,1.506
2210,5.192571690444076,13,12,1.4860000000000002
2211,-25.159314963383007,10,15,1.518
2212,-4.584240367807286,12,13,1.4899999999999998
2213,-14.150623875721333,11,14,1.4980000000000002
2214,-25.273847614099846,10,15,1.522
2215,-4.640673150997362,12,13,1.5720000000000003
2216,-23.565325521249115,10,15,1.4980000000000004
2217,-3.4012998453843126,12,13,1.496
2218,-13.97488147014409,11,14,1.478
2219,-3.2470442825675168,12,13,1.516
2220,-14.499646194278434,11,14,1.468
2221,-13.269619882065964,11,14,1.5020000000000002
2222,-4.4730766889505515,12,13,1.506
2223,-14.894381254127996,11,14,1.472
2224,-13.612295068812642,11,14,1.506
2225,-15.082128464402492,11,14,1.526
2226,-23.653563422180014,10,15,1.5299999999999998
2227,-14.055762248105202,11,14,1.4919999999999998
2228,-3.9497323515007396,12,13,1.474
2229,15.228870451538928,14,11,1.5380000000000003
2230,-3.626863473912227,12,13,1.4999999999999998
2231,-3.8802639600284756,12,13,1.5079999999999998
2232,6.064480088630502,13,12,1.5079999999999998
2233,6.209457818436206,13,12,1.48
2234,-3.894971389786038,12,13,1.544
2235,-14.006435732464338,11,14,1.48
2236,-24.44202120506947,10,15,1.47
2237,-23.523796543961506,10,15,1.49
2238,-4.121725638841777,12,13,1.5319999999999998
2239,-4.786887583237217,12,13,1.5420000000000003
2240,-3.8014045017557088,12,13,1.546
2241,-24.579418793064765,10,15,1.502
2242,-23.705665189479927,10,15,1.492
2243,-14.40929848077595,11,14,1.4979999999999998
2244,5.351280611451431,13,12,1.5419999999999998
2245,14.972071546048745,14,11,1.48
2246,-4.155789929114389,12,13,1.5079999999999998
2247,-5.887917342191237,12,13,1.518
2248,-14.17192330579619,11,14,1.4940000000000002
2249,-4.148018017457726,12,13,1.5180000000000002
2250,5.679236998387275,13,12,1.5220000000000002
2251,-24.3547330151466,10,15,1.4800000000000002
2252,-25.055746012300276,10,15,1.508
2253,-23.893990438857276,10,15,1.474
2254,-4.379458612520494,12,13,1.5379999999999998
2255,-4.389434299977243,12,13,1.504
2256,-13.899647575791406,11,14,1.526
2257,-14.036336504533228,11,14,1.4799999999999998
2258,-3.8860441494443023,12,13,1.5299999999999998
2259,5.902391524246557,13,12,1.4700000000000002
2260,-4.7910294041082615,12,13,1.5139999999999998
2261,-4.771718017077255,12,13,1.4920000000000002
2262,-3.9677156386878973,12,13,1.534
2263,5.262172720756572,13,12,1.4680000000000002
2264,16.244712029855762,14,11,1.534
2265,-5.039236731688094,12,13,1.4979999999999998
2266,5.154886987418148,13,12,1.466
2267,5.314910286691703,13,12,1.502
2268,-14.61605204797361,11,14,1.456
2269,25.486886035702312,15,10,1.4659999999999997
2270,-33.999556241165806,9,16,1.488
2271,15.395186635222647,14,11,1.48
2272,-14.924078164295018,11,14,1.5399999999999998
2273,5.310184005637268,13,12,1.502
2274,-4.5987688048961175,12,13,1.5060000000000002
2275,-25.080038216453964,10,15,1.5159999999999996
2276,-3.8392396345927233,12,13,1.47
2277,14.677078424648482,14,11,1.4919999999999998
2278,-23.951125011647093,10,15,1.48
2279,15.923153133540753,14,11,1.5059999999999998
2280,-14.6763633619987,11,14,1.5299999999999998
2281,-4.8241807810231805,12,13,1.516
2282,-4.960683777037335,12,13,1.4940000000000002
2283,5.317244678900877,13,12,1.5139999999999998
2284,-14.959372236427807,11,14,1.4699999999999998
2285,15.920089228037718,14,11,1.514
2286,-4.0385034508190785,12,13,1.4979999999999998
2287,-5.176506589159386,12,13,1.538
2288,-4.435220241380694,12,13,1.48
2289,-4.229343573688714,12,13,1.496
2290,15.346625023599533,14,11,1.48
2291,14.482793799970707,14,11,1.518
2292,-14.159611911338843,11,14,1.514
2293,15.62032817764031,14,11,1.482
2294,16.49576640298144,14,11,1.5
2295,-4.899405630643468,12,13,1.512
2296,5.851645320939092,13,12,1.4780000000000002
2297,-14.70791394249637,11,14,1.494
2298,14.782750376915647,14,11,1.488
2299,-5.5485422094033865,12,13,1.506
2300,-24.009088803901037,10,15,1.4539999999999997
2301,25.474334032826555,15,10,1.514
2302,-14.173062274537745,11,14,1.508
2303,5.871526063956978,13,12,1.486
2304,6.386259908941351,13,12,1.496
2305,-3.7749051755922647,12,13,1.498
2306,5.422055081807336,13,12,1.496
2307,-4.749837356024578,12,13,1.482
2308,-14.521179693580159,11,14,1.532
2309,-4.448104127493048,12,13,1.538
2310,6.532624852861293,13,12,1.49
2311,-13.570069169463611,11,14,1.4919999999999995
2312,16.24079949596456,14,11,1.5299999999999998
2313,5.898038717614956,13,12,1.5159999999999998
2314,6.829690854631594,13,12,1.4340000000000002
2315,-3.8167682749780845,12,13,1.4940000000000002
2316,-14.254635554203851,11,14,1.5079999999999998
2317,15.46920191798236,14,11,1.5100000000000002
2318,-15.060789285024804,11,14,1.4760000000000002
2319,4.939652690128057,13,12,1.482
2320,15.073521346511779,14,11,1.472
2321,-15.125960210710703,11,14,1.438
2322,16.53715378248011,14,11,1.5079999999999998
2323,15.949612801079816,14,11,1.5400000000000003
2324,5.355881271450061,13,12,1.4819999999999998
2325,6.236448609467811,13,12,1.504
2326,6.231147830091935,13,12,1.48
2327,4.480072060336045,13,12,1.5239999999999998
2328,-5.1634403266244835,12,13,1.4719999999999998
2329,14.73221171909514,14,11,1.4779999999999998
2330,-14.076605723892238,11,14,1.5079999999999998
2331,-4.886889548949103,12,13,1.4740000000000002
2332,5.4338056601598606,13,12,1.4999999999999998
2333,6.143840755717791,13,12,1.47
2334,16.19733204891299,14,11,1.5100000000000002
2335,5.940249343310985,13,12,1.4800000000000002
2336,-13.723635502601558,11,14,1.48
2337,-5.374074744817108,12,13,1.48
2338,-3.441326315628096,12,13,1.49
2339,-3.9272368944248903,12,13,1.5080000000000002
2340,-5.411173262533696,12,13,1.532
2341,-4.213260998996349,12,13,1.5340000000000003
2342,-5.531589260266518,12,13,1.5059999999999998
2343,-14.913436261175015,11,14,1.4760000000000002
2344,-4.784945338115733,12,13,1.506
2345,-14.106005964229515,11,14,1.5
2346,5.65185443167532,13,12,1.4579999999999997
2347,-14.912427180512434,11,14,1.504
2348,-13.71820701949602,11,14,1.512
2349,5.615176211258628,13,12,1.524
2350,-4.48556069204845,12,13,1.496
2351,-14.065803780792075,11,14,1.4700000000000002
2352,4.932616240700751,13,12,1.5239999999999998
2353,5.960066065666615,13,12,1.492
2354,6.660995672074657,13,12,1.504
2355,-3.3502420990010187,12,13,1.49
2356,-34.26638106555722,9,16,1.5059999999999998
2357,-14.0799454379092,11,14,1.5239999999999996
2358,-23.291247002193252,10,15,1.4919999999999998
2359,-4.942487223337151,12,13,1.5180000000000002
2360,-4.264965903272621,12,13,1.4960000000000002
2361,-14.554369879437125,11,14,1.52
2362,4.922440778146019,13,12,1.4659999999999997
2363,-3.349105007000146,12,13,1.5000000000000002
2364,-4.504877213945431,12,13,1.5020000000000002
2365,-15.521073144778015,11,14,1.5099999999999998
2366,-14.753467337754312,11,14,1.512
2367,-3.9017601807734756,12,13,1.528
2368,-14.42520241066174,11,14,1.5080000000000002
2369,-13.602680296350265,11,14,1.52
2370,-4.279682818425364,12,13,1.53
2371,-13.626228151443563,11,14,1.5059999999999998
2372,5.114836216992394,13,12,1.474
2373,-4.494668118155019,12,13,1.4940000000000002
2374,-4.487695254698915,12,13,1.5220000000000002
2375,-24.6441734450702,10,15,1.514
2376,-24.369948370145703,10,15,1.504
2377,5.67328884906445,13,12,1.496
2378,-25.284883624229984,10,15,1.5079999999999998
2379,-3.479666890375203,12,13,1.4440000000000002
2380,-14.761581358842461,11,14,1.4739999999999998
2381,-3.589158408893544,12,13,1.496
2382,5.138369813628696,13,12,1.488
2383,15.19596475298482,14,11,1.52
2384,15.831559890572002,14,11,1.4780000000000002
2385,5.604863319513768,13,12,1.494
2386,6.36006683137867,13,12,1.502
2387,-13.716490475513515,11,14,1.504
2388,-24.767385950433145,10,15,1.4920000000000002
2389,-23.958262665689563,10,15,1.502
2390,-14.493382004402221,11,14,1.468
2391,-3.981988331268731,12,13,1.492
2392,5.844817622045415,13,12,1.514
2393,16.10325183465991,14,11,1.484
2394,15.55181615244176,14,11,1.5099999999999998
2395,16.069758522022944,14,11,1.51
2396,-14.588140530749818,11,14,1.4860000000000002
2397,-2.974935630983616,12,13,1.532
2398,5.903807909257129,13,12,1.5219999999999998
2399,-14.187979080151822,11,14,1.496
2400,-3.9478081882992093,12,13,1.5
2401,-3.94518035465021,12,13,1.5139999999999998
2402,16.00039906179246,14,11,1.5259999999999998
2403,-4.639886247261273,12,13,1.4840000000000004
2404,6.746340999870515,13,12,1.488
2405,-4.298021167952015,12,13,1.51
2406,-3.7711329390151143,12,13,1.4740000000000002
2407,-14.434816496001611,11,14,1.488
2408,4.630537473727607,13,12,1.5059999999999998
2409,-14.472917071839792,11,14,1.5180000000000002
2410,-13.506196801797145,11,14,1.486
2411,-3.8172063075825644,12,13,1.53
2412,16.77799345745145,14,11,1.476
2413,6.162402852815838,13,12,1.5219999999999998
2414,-3.631780148830643,12,13,1.468
2415,15.20742467079745,14,11,1.5359999999999998
2416,6.234573579768266,13,12,1.4860000000000002
2417,15.635662492078033,14,11,1.4920000000000002
2418,-4.186980617091014,12,13,1.4500000000000002
2419,-23.961560408406143,10,15,1.4939999999999998
2420,5.80092588278605,13,12,1.518
2421,-4.087154452808452,12,13,1.4779999999999998
2422,-3.61160576417147,12,13,1.5119999999999998
2423,-14.297893105272834,11,14,1.492
2424,15.829120368227748,14,11,1.5219999999999998
2425,-15.0950660077742,11,14,1.476
2426,-24.649841875822823,10,15,1.5260000000000002
2427,-14.094369077017566,11,14,1.494
2428,5.588402658717769,13,12,1.5
2429,-13.789099030742719,11,14,1.518
2430,6.112016284093098,13,12,1.514
2431,-13.21555234983784,11,14,1.504
2432,5.541050062328695,13,12,1.4760000000000002
2433,-2.84660522078174,12,13,1.522
2434,-4.174436125787874,12,13,1.5020000000000002
2435,5.9973255726455355,13,12,1.5059999999999998
2436,-24.919379349708414,10,15,1.472
2437,-14.299021293040735,11,14,1.4859999999999998
2438,-4.2373585497548945,12,13,1.4940000000000002
2439,-3.5185738857857594,12,13,1.5
2440,-13.68639643803056,11,14,1.52
2441,6.287825058911945,13,12,1.536
2442,6.4791601801146115,13,12,1.472
2443,-13.694015074404858,11,14,1.4999999999999998
2444,-13.59181697052269,11,14,1.5139999999999998
2445,-3.430128180435183,12,13,1.518
2446,-14.647710947009156,11,14,1.5079999999999998
2447,-3.3431781451778395,12,13,1.5060000000000002
2448,5.853413594668979,13,12,1.5139999999999998
2449,5.425574920726959,13,12,1.486
2450,-14.387122994561166,11,14,1.4460000000000002
2451,5.447728443052113,13,12,1.4839999999999998
2452,6.9330603989247095,13,12,1.506
2453,-4.268079814017167,12,13,1.5079999999999998
2454,-4.283501542052758,12,13,1.5000000000000002
2455,6.209614092351584,13,12,1.522
2456,-4.547729921271609,12,13,1.504
2457,5.253729668243006,13,12,1.5099999999999998
2458,-13.903471748228144,11,14,1.502
2459,5.509183703897815,13,12,1.4980000000000002
2460,-3.6770495987504503,12,13,1.49
2461,-24.6209656310446,10,15,1.526
2462,-14.319826673391384,11,14,1.5239999999999998
2463,-3.9817864854960696,12,13,1.4899999999999998
2464,-23.640303950759915,10,15,1.5060000000000002
2465,-14.351340685069204,11,14,1.5
2466,-13.959429670153655,11,14,1.464
2467,-14.562950703653957,11,14,1.468
2468,-14.359132930349073,11,14,1.496
2469,-4.396918944411268,12,13,1.4860000000000002
2470,6.504961074730971,13,12,1.5
2471,-13.655108615782847,11,14,1.5140000000000002
2472,-14.011180288467639,11,14,1.518
2473,6.379088580192966,13,12,1.5040000000000002
2474,6.758453617944808,13,12,1.512
2475,-13.773800984966286,11,14,1.5180000000000002
2476,5.960469469233299,13,12,1.5059999999999998
2477,-13.607893759345231,11,14,1.518
2478,5.9338817478076065,13,12,1.498
2479,6.379345955884045,13,12,1.478
2480,-5.02492272661561,12,13,1.484
2481,-14.524976211925035,11,14,1.472
2482,-13.72665999126706,11,14,1.506
2483,5.14719402533394,13,12,1.488
2484,-4.553521508226421,12,13,1.504
2485,-23.986880130319634,10,15,1.488
2486,-24.326480806265746,10,15,1.4759999999999998
2487,-4.103271885377509,12,13,1.47
2488,5.514084090352181,13,12,1.5260000000000002
2489,-13.761735109662315,11,14,1.518
2490,-13.697834368537093,11,14,1.484
2491,-13.205433520382591,11,14,1.5100000000000002
2492,6.208589390973819,13,12,1.468
2493,-4.945832269432996,12,13,1.504
2494,-14.178423782650803,11,14,1.504
2495,14.899085601649393,14,11,1.524
2496,5.879065402148957,13,12,1.4899999999999998
2497,-24.182574671882982,10,15,1.504
2498,-4.952746351052628,12,13,1.504
2499,-14.18958267791392,11,14,1.48
2500,-14.661713325666174,11,14,1.4920000000000002
2501,-14.522583244604702,11,14,1.536
2502,6.048165395687295,13,12,1.468
2503,-14.754728388886083,11,14,1.4919999999999998
2504,-14.376936980187606,11,14,1.484
2505,-14.321973957362447,11,14,1.488
2506,-14.202681891400829,11,14,1.528
2507,-14.242331743630428,11,14,1.5099999999999998
2508,-4.645590385563672,12,13,1.47
2509,6.23114219409665,13,12,1.466
2510,-13.35858851135022,11,14,1.512
2511,-4.364968764000604,12,13,1.4700000000000002
2512,5.496703582756648,13,12,1.496
2513,4.654034122340825,13,12,1.5020000000000002
2514,-24.41399870390229,10,15,1.5240000000000002
2515,-4.626201899750743,12,13,1.486
2516,-4.997373145936198,12,13,1.484
2517,-4.687059899368062,12,13,1.488
2518,26.00873872775946,15,10,1.4800000000000002
2519,-4.530721606984802,12,13,1.5239999999999998
2520,6.496681230727896,13,12,1.512
2521,-14.681924139680138,11,14,1.512
2522,-4.478838172538875,12,13,1.454
2523,5.823892068714919,13,12,1.504
2524,15.38376991259917,14,11,1.484
2525,15.387894109857966,14,11,1.488
2526,5.459197536769526,13,12,1.4939999999999998
2527,-4.529063271435558,12,13,1.4920000000000002
2528,-4.805540342927738,12,13,1.512
2529,-24.399668550911787,10,15,1.528
2530,-5.297885361174949,12,13,1.55
2531,-24.924308423443712,10,15,1.488
2532,15.124133777268435,14,11,1.5399999999999998
2533,16.309940271260476,14,11,1.53
2534,-34.494756541821076,9,16,1.506
2535,-14.572980686101108,11,14,1.46
2536,-14.922512630037005,11,14,1.5420000000000003
2537,-15.201041384378943,11,14,1.4879999999999998
2538,4.17310402771116,13,12,1.486
2539,5.617383647123761,13,12,1.4920000000000002
2540,5.629597405891127,13,12,1.5699999999999998
2541,5.401932371408641,13,12,1.522
2542,-3.77173789179259,12,13,1.484
2543,-4.6364400453994765,12,13,1.4979999999999998
2544,5.188531456375317,13,12,1.4819999999999998
2545,5.513130871887158,13,12,1.538
2546,-14.73994984510429,11,14,1.51
2547,-5.314545991056619,12,13,1.4739999999999998
2548,5.054383327700807,13,12,1.4860000000000002
2549,-5.462197614362726,12,13,1.4939999999999998
2550,6.169645497490695,13,12,1.4919999999999998
2551,15.302615386303955,14,11,1.4520000000000002
2552,5.098227723979001,13,12,1.522
2553,-5.085540614102154,12,13,1.4780000000000002
2554,-14.231725582290979,11,14,1.502
2555,5.7300424363721945,13,12,1.52
2556,5.4328756165085395,13,12,1.538
2557,5.1304271636232635,13,12,1.502
2558,5.124466259398426,13,12,1.4839999999999998
2559,-4.762716800801499,12,13,1.488
2560,-14.562009687857826,11,14,1.4780000000000002
2561,5.6517000955564045,13,12,1.5199999999999998
2562,-14.619285987237161,11,14,1.51
2563,-15.227544182463866,11,14,1.4700000000000002
2564,15.382309692592782,14,11,1.4920000000000002
2565,3.9577116497665106,13,12,1.5020000000000002
2566,15.996666482674627,14,11,1.492
2567,15.30205054889195,14,11,1.53
2568,14.916259417824051,14,11,1.482
2569,5.403603519435995,13,12,1.5180000000000002
2570,4.987061538057041,13,12,1.476
2571,-14.991042587444092,11,14,1.482
2572,15.53410948118771,14,11,1.4939999999999998
2573,4.9514560011255035,13,12,1.528
2574,15.179561324181261,14,11,1.484
2575,-3.6579052085455874,12,13,1.542
2576,-5.0036742536222505,12,13,1.4919999999999998
2577,-4.686408775658634,12,13,1.4820000000000002
2578,-4.255595905851415,12,13,1.514
2579,14.326178065072137,14,11,1.536
2580,-4.263638865920601,12,13,1.494
2581,-4.5889318552867335,12,13,1.526
2582,-3.1384479461055506,12,13,1.518
2583,5.623960641457462,13,12,1.5180000000000002
2584,4.805991088423282,13,12,1.458
2585,-15.305284887650354,11,14,1.464
2586,-4.976610118608065,12,13,1.482
2587,-3.8051002141585286,12,13,1.5299999999999998
2588,-14.834040112119805,11,14,1.4759999999999998
2589,15.581531934662074,14,11,1.5139999999999998
2590,14.829930437127564,14,11,1.538
2591,-3.7690839880210945,12,13,1.512
2592,-5.532402613014678,12,13,1.478
2593,14.623985932685756,14,11,1.5279999999999998
2594,5.233488987369817,13,12,1.484
2595,14.88691006463452,14,11,1.4819999999999998
2596,4.867887089776399,13,12,1.5159999999999998
2597,5.9402880136612595,13,12,1.5139999999999998
2598,5.685129725928871,13,12,1.5220000000000002
2599,-4.64571650128583,12,13,1.504
2600,-3.6903669074667427,12,13,1.524
2601,5.30100346072326,13,12,1.514
2602,6.8121544409304455,13,12,1.4979999999999998
2603,-4.433648973855146,12,13,1.484
2604,5.359174956983756,13,12,1.4979999999999998
2605,-5.0869648399213325,12,13,1.5460000000000003
2606,15.476299229510076,14,11,1.48
2607,6.024266506650065,13,12,1.484
2608,-5.062908311543335,12,13,1.492
2609,-5.2238693451136005,12,13,1.538
2610,-5.224228311196814,12,13,1.49
2611,-14.890277734551326,11,14,1.528
2612,-14.105114688825383,11,14,1.504
2613,4.5131377444797725,13,12,1.518
2614,5.816836479351908,13,12,1.458
2615,15.158092112408431,14,11,1.5079999999999998
2616,-4.325330804338307,12,13,1.502
2617,-13.991663285645,11,14,1.496
2618,-24.350676456962635,10,15,1.5119999999999998
2619,-5.087023097637216,12,13,1.5219999999999998
2620,-14.372537503340553,11,14,1.5160000000000002
2621,5.265049555909351,13,12,1.5500000000000003
2622,-5.963133851646608,12,13,1.4659999999999997
2623,6.006268551101422,13,12,1.524
2624,6.751693275258076,13,12,1.47
2625,-13.253131361703089,11,14,1.484
2626,-4.005278814145538,12,13,1.482
2627,-13.905602473500295,11,14,1.4679999999999997
2628,-35.039085356993155,9,16,1.508
2629,6.102300772558975,13,12,1.52
2630,-5.190457471149082,12,13,1.504
2631,-34.35637188422524,9,16,1.518
2632,16.01696185112376,14,11,1.5239999999999998
2633,5.954990487795759,13,12,1.4999999999999998
2634,-3.6828795395404246,12,13,1.4759999999999998
2635,5.982818060265896,13,12,1.4899999999999998
2636,6.102584854245254,13,12,1.51
2637,5.287924134237057,13,12,1.51
2638,-3.691660219567744,12,13,1.472
2639,-4.83948334802845,12,13,1.5239999999999998
2640,14.946064638132022,14,11,1.494
2641,-14.585543286896646,11,14,1.494
2642,-14.108112113216315,11,14,1.4899999999999998
2643,-13.992687820278128,11,14,1.5059999999999998
2644,4.841395632204236,13,12,1.47
2645,-14.338303269587747,11,14,1.49
2646,5.2307471753677905,13,12,1.4899999999999998
2647,-23.72217441438144,10,15,1.5059999999999998
2648,-5.180327111705818,12,13,1.436
2649,-3.9315748029835653,12,13,1.4899999999999998
2650,-14.203338349854125,11,14,1.4759999999999998
2651,-25.10892334275919,10,15,1.514
2652,-4.529906137646293,12,13,1.48
2653,-4.482211868443947,12,13,1.5160000000000002
2654,4.580476054198172,13,12,1.5420000000000003
2655,-5.065501009101442,12,13,1.498
2656,-14.234092912397337,11,14,1.4600000000000002
2657,-4.871787258256502,12,13,1.476
2658,6.050017640966136,13,12,1.5260000000000002
2659,-14.687594557708978,11,14,1.504
2660,-14.607728379851535,11,14,1.496
2661,6.067354054481719,13,12,1.4920000000000002
2662,-14.177227458472657,11,14,1.4840000000000002
2663,5.86128913695322,13,12,1.5059999999999998
2664,5.990427247771331,13,12,1.526
2665,-4.017060154671377,12,13,1.5079999999999998
2666,-3.9562175594413347,12,13,1.4860000000000002
2667,-4.348091493881028,12,13,1.4639999999999997
2668,-4.862171786852676,12,13,1.4679999999999997
2669,-3.8738481639385087,12,13,1.532
2670,-3.6348349977735577,12,13,1.494
2671,-4.360594706377043,12,13,1.512
2672,-4.580787210466147,12,13,1.468
2673,16.19349950433131,14,11,1.5240000000000002
2674,5.862624455287971,13,12,1.496
2675,-3.8837425568115282,12,13,1.4979999999999998
2676,-13.121424774005153,11,14,1.518
2677,-4.612864339377556,12,13,1.4439999999999997
2678,-4.369309733400198,12,13,1.544
2679,-3.8254658419620347,12,13,1.5299999999999998
2680,-4.343439138298782,12,13,1.5
2681,-4.419565798116857,12,13,1.516
2682,15.165222471105498,14,11,1.5540000000000003
2683,-13.872527071053113,11,14,1.506
2684,-4.4079170958357174,12,13,1.472
2685,-3.9247227957464244,12,13,1.488
2686,-4.046517881665412,12,13,1.496
2687,-4.164060915609211,12,13,1.4920000000000002
2688,-4.601931306563985,12,13,1.486
2689,5.937187368119703,13,12,1.5460000000000003
2690,6.440885912206793,13,12,1.5320000000000003
2691,-13.13070657966265,11,14,1.498
2692,6.337621809303155,13,12,1.514
2693,-4.558984753230119,12,13,1.4920000000000002
2694,6.715247792904603,13,12,1.5420000000000003
2695,5.76630428531208,13,12,1.474
2696,-4.100028360228065,12,13,1.5059999999999998
2697,-4.36850899739931,12,13,1.478
2698,-4.3861684427789225,12,13,1.506
2699,4.761303061201005,13,12,1.5040000000000002
2700,6.818234595967144,13,12,1.52
2701,4.744934531022727,13,12,1.4759999999999998
2702,-3.7424577601007822,12,13,1.484
2703,15.067999940429683,14,11,1.514
2704,-3.990995339987249,12,13,1.4700000000000002
2705,-4.665779412139981,12,13,1.4959999999999998
2706,16.985347516790522,14,11,1.5379999999999998
2707,-14.327504585216897,11,14,1.5319999999999998
2708,-4.376126494469256,12,13,1.5100000000000002
2709,-14.416335239953217,11,14,1.454
2710,-3.876440687200982,12,13,1.504
2711,-4.963506099701093,12,13,1.514
2712,-4.347800764806728,12,13,1.5219999999999998
2713,-3.829663044060842,12,13,1.506
2714,-15.209014535974951,11,14,1.49
2715,-14.659420195432617,11,14,1.498
2716,-13.787111576887211,11,14,1.4939999999999998
2717,-4.328737834483125,12,13,1.56
2718,5.593139232682516,13,12,1.506
2719,-4.172858480125598,12,13,1.5259999999999998
2720,-14.20877057528577,11,14,1.516
2721,-14.654779677325694,11,14,1.504
2722,-14.42140978023753,11,14,1.5080000000000002
2723,-3.9916751667235513,12,13,1.5260000000000002
2724,-24.465316308883583,10,15,1.512
2725,-24.88791988274203,10,15,1.5080000000000002
2726,-4.29084754667919,12,13,1.516
2727,-4.033006595581851,12,13,1.502
2728,6.204065669870541,13,12,1.516
2729,-24.976308671573612,10,15,1.498
2730,5.3341943359411434,13,12,1.504
2731,-24.029845672645713,10,15,1.4659999999999997
2732,-24.505035278142284,10,15,1.5020000000000002
2733,5.795923115782743,13,12,1.47
2734,-4.488915251889222,12,13,1.4979999999999998
2735,-14.464803582746619,11,14,1.528
2736,-14.830728007893061,11,14,1.5239999999999998
2737,16.40669566644023,14,11,1.552
2738,-35.08190620690071,9,16,1.4680000000000002
2739,-13.497463372190436,11,14,1.5079999999999998
2740,-4.117779968422148,12,13,1.474
2741,-4.546263070900801,12,13,1.5420000000000003
2742,-14.0325016450311,11,14,1.508
2743,-14.308002903372822,11,14,1.4620000000000002
2744,-4.870949015655573,12,13,1.536
2745,-4.110105643005564,12,13,1.498
2746,-4.5469667002154655,12,13,1.488
2747,6.754284564499754,13,12,1.486
2748,5.487941207597918,13,12,1.48
2749,-4.543053067916796,12,13,1.4780000000000002
2750,-4.4363562917392745,12,13,1.51
2751,-14.178333252694312,11,14,1.4539999999999997
2752,-13.954179297182122,11,14,1.504
2753,25.39584831343412,15,10,1.504
2754,15.775471008446221,14,11,1.494
2755,-24.335345926290145,10,15,1.4899999999999998
2756,-13.448563107609658,11,14,1.5219999999999998
2757,-14.150911866829604,11,14,1.5059999999999998
2758,-23.757554171726184,10,15,1.5100000000000002
2759,-4.351979531463567,12,13,1.484
2760,-4.123239159131572,12,13,1.5059999999999998
2761,5.8725734355493575,13,12,1.484
2762,5.1021312748025744,13,12,1.488
2763,-4.601913535014444,12,13,1.452
2764,5.859190817997531,13,12,1.4919999999999998
2765,4.90309091500149,13,12,1.488
2766,-24.83544624566634,10,15,1.4999999999999998
2767,-5.088838345624106,12,13,1.512
2768,-4.358718528430476,12,13,1.482
2769,-4.695860287611257,12,13,1.494
2770,-4.0078411270435215,12,13,1.49
2771,-4.373533470721114,12,13,1.4900000000000002
2772,-3.840937646320011,12,13,1.52
2773,-14.81962882697328,11,14,1.492
2774,-13.663314406586085,11,14,1.5159999999999998
2775,-24.824731076977322,10,15,1.506
2776,-14.725127232013705,11,14,1.4980000000000002
2777,-14.007966523073792,11,14,1.462
2778,-4.010691808009554,12,13,1.476
2779,5.887044012609717,13,12,1.532
2780,-4.531951014181267,12,13,1.48
2781,-4.4322770935860305,12,13,1.522
2782,5.031390941853649,13,12,1.5139999999999998
2783,5.821637185921736,13,12,1.476
2784,-24.488811391989213,10,15,1.494
2785,-14.936911605998047,11,14,1.53
2786,-14.106676030472585,11,14,1.5180000000000002
2787,-5.171122396928468,12,13,1.4660000000000002
2788,5.175313806432525,13,12,1.5000000000000002
2789,-13.436567995171323,11,14,1.524
2790,-14.101126163283109,11,14,1.488
2791,-3.5965545079711454,12,13,1.452
2792,-3.9693782387604966,12,13,1.5100000000000002
2793,5.5098645297477,13,12,1.5180000000000002
2794,-3.3795253013482967,12,13,1.504
2795,5.91861001430382,13,12,1.486
2796,-3.3689037402180624,12,13,1.482
2797,5.940093128453647,13,12,1.522
2798,15.821472562041379,14,11,1.512
2799,15.879230480287301,14,11,1.5
2800,-14.522483029394557,11,14,1.48
2801,-3.515761648925471,12,13,1.484
2802,-3.7433608435051857,12,13,1.5080000000000002
2803,-4.4317928202121335,12,13,1.502
2804,-4.1367742136725685,12,13,1.5160000000000002
2805,-13.389755154343474,11,14,1.474
2806,-4.745522499722867,12,13,1.4780000000000002
2807,6.287687859755453,13,12,1.5159999999999998
2808,-3.540999556006974,12,13,1.4920000000000002
2809,-24.162673868432705,10,15,1.452
2810,-3.5313030963477816,12,13,1.534
2811,-13.69113309169559,11,14,1.522
2812,-3.7508025784456134,12,13,1.522
2813,-14.151214421512657,11,14,1.4799999999999998
2814,-24.12703697331754,10,15,1.502
2815,-14.011757691379945,11,14,1.4999999999999998
2816,-43.795187693904566,8,17,1.4999999999999998
2817,-13.884449522625438,11,14,1.5020000000000002
2818,-34.27455260174694,9,16,1.5039999999999998
2819,5.890575482485936,13,12,1.5240000000000002
2820,16.244690685059382,14,11,1.512
2821,-4.721034844455227,12,13,1.4999999999999998
2822,-14.22677461992911,11,14,1.518
2823,-4.162040563999077,12,13,1.4640000000000002
2824,-15.22390980103302,11,14,1.5220000000000002
2825,15.233264993193039,14,11,1.534
2826,-34.043054056136874,9,16,1.5000000000000002
2827,5.8227160831581894,13,12,1.5139999999999998
2828,6.336022094193755,13,12,1.544
2829,6.718523304070798,13,12,1.4940000000000002
2830,6.433910189774791,13,12,1.4939999999999998
2831,-4.009085365215872,12,13,1.5240000000000002
2832,-3.652880767982997,12,13,1.4839999999999998
2833,-13.140621944066229,11,14,1.496
2834,-4.085231091158754,12,13,1.4799999999999998
2835,-3.274902448834344,12,13,1.51
2836,6.418394474832143,13,12,1.494
2837,5.7825681673715525,13,12,1.4859999999999998
2838,5.225082909974608,13,12,1.484
2839,15.292962844146274,14,11,1.488
2840,-4.258565204174893,12,13,1.498
2841,6.153111080600205,13,12,1.482
2842,-15.828332738243493,11,14,1.5
2843,-25.491863713304042,10,15,1.4739999999999998
2844,-14.194720504438324,11,14,1.548
2845,4.786371793672949,13,12,1.5200000000000002
2846,15.018489196239273,14,11,1.5
2847,15.824362301708899,14,11,1.5160000000000002
2848,-4.167496714301684,12,13,1.5139999999999998
2849,-4.097749705377357,12,13,1.496
2850,-3.7770702511980234,12,13,1.502
2851,-14.587507553722046,11,14,1.5100000000000002
2852,5.352954773366738,13,12,1.48
2853,-13.963162157207964,11,14,1.498
2854,6.216015715422771,13,12,1.498
2855,-4.152214543969236,12,13,1.4939999999999998
2856,5.13302049821791,13,12,1.478
2857,-4.945644649789975,12,13,1.4720000000000002
2858,25.36123195190992,15,10,1.5239999999999998
2859,-14.83067398686453,11,14,1.5079999999999998
2860,6.166085612776545,13,12,1.494
2861,-5.049874288546472,12,13,1.514
2862,14.83385230397743,14,11,1.5080000000000002
2863,5.869203845941193,13,12,1.484
2864,-33.897806184189534,9,16,1.494
2865,-3.8100478790917944,12,13,1.4580000000000002
2866,-3.960103019667196,12,13,1.5179999999999998
2867,15.766285218431973,14,11,1.532
2868,16.661482356135515,14,11,1.4779999999999998
2869,-15.043502417230773,11,14,1.482
2870,-4.016397285676863,12,13,1.486
2871,-14.926730725314055,11,14,1.5059999999999998
2872,-5.035771342620078,12,13,1.512
2873,4.561921136787189,13,12,1.4600000000000002
2874,-24.44110402528048,10,15,1.512
2875,-4.389196589038579,12,13,1.536
2876,16.265181317953292,14,11,1.51
2877,4.903783984482995,13,12,1.474
2878,-3.989365692709641,12,13,1.5099999999999998
2879,-4.008122267979399,12,13,1.484
2880,16.192065881122723,14,11,1.528
2881,-3.535866988062992,12,13,1.516
2882,-13.48034454935031,11,14,1.5160000000000002
2883,5.046555107264309,13,12,1.4780000000000002
2884,-24.744829684795384,10,15,1.464
2885,5.075062793344364,13,12,1.528
2886,-14.228520017141612,11,14,1.4819999999999998
2887,6.388764607760786,13,12,1.5180000000000002
2888,-14.446866938086252,11,14,1.5279999999999998
2889,-5.06868285179782,12,13,1.4919999999999998
2890,-3.907481476844934,12,13,1.4780000000000002
2891,25.99167621602112,15,10,1.5100000000000002
2892,4.954249847338856,13,12,1.466
2893,6.5517372313197,13,12,1.502
2894,-4.545963637621259,12,13,1.492
2895,-3.3230721596098487,12,13,1.4820000000000002
2896,6.259845804488684,13,12,1.504
2897,-5.254580762309843,12,13,1.5219999999999998
2898,-4.791819775463075,12,13,1.56
2899,-4.6058939989695835,12,13,1.472
2900,-3.422387393834243,12,13,1.484
2901,-24.85720010939755,10,15,1.5139999999999998
2902,5.19570041981229,13,12,1.5239999999999998
2903,-13.977187587720918,11,14,1.4999999999999996
2904,-3.9692128486919387,12,13,1.472
2905,-13.06885325065618,11,14,1.45
2906,15.725402800864176,14,11,1.48
2907,-14.687495349084362,11,14,1.5000000000000002
2908,-4.097070983767367,12,13,1.5079999999999998
2909,5.077599813026939,13,12,1.4999999999999998
2910,-4.2178601110810074,12,13,1.52
2911,4.555546122399049,13,12,1.488
2912,-24.430310628825808,10,15,1.4840000000000002
2913,-14.868858447996429,11,14,1.488
2914,-3.508866798497097,12,13,1.52
2915,-25.98160989934044,10,15,1.5220000000000002
2916,-24.369257952621282,10,15,1.512
2917,5.779031545942583,13,12,1.5059999999999998
2918,4.9382688427513095,13,12,1.4780000000000002
2919,6.031240022476143,13,12,1.514
2920,-14.0264142476472,11,14,1.5219999999999998
2921,-3.956150850875437,12,13,1.4939999999999998
2922,5.4298625013399775,13,12,1.4699999999999998
2923,-5.068386808755291,12,13,1.4579999999999997
2924,16.590088821976373,14,11,1.524
2925,5.614769480920534,13,12,1.498
2926,4.77187540130238,13,12,1.4899999999999998
2927,5.5756516572890025,13,12,1.468
2928,-3.6900787807295172,12,13,1.5080000000000002
2929,6.094262206048549,13,12,1.474
2930,6.22752521025345,13,12,1.494
2931,14.644902601353788,14,11,1.504
2932,4.9636872227872715,13,12,1.4620000000000002
2933,26.311125584882227,15,10,1.492
2934,5.727762910317205,13,12,1.4800000000000002
2935,-3.6232935632025383,12,13,1.502
2936,15.449217722559787,14,11,1.5080000000000002
2937,-4.286323360163003,12,13,1.512
2938,15.317301457832192,14,11,1.49
2939,25.767262525140623,15,10,1.49
2940,25.470103191403318,15,10,1.48
2941,-4.710782487957942,12,13,1.506
2942,15.87322019909505,14,11,1.4860000000000002
2943,6.079967728343766,13,12,1.52
2944,15.916349871065343,14,11,1.5059999999999998
2945,-4.602498222878657,12,13,1.5059999999999998
2946,-3.406727477593644,12,13,1.498
2947,15.854533702186792,14,11,1.462
2948,-5.260301776068237,12,13,1.4700000000000002
2949,-3.9301894999478675,12,13,1.502
2950,16.911443489233086,14,11,1.51
2951,-14.751345165227962,11,14,1.508
2952,15.409404639141284,14,11,1.4739999999999998
2953,-15.09201925673808,11,14,1.4839999999999998
2954,-3.069314877036536,12,13,1.4659999999999997
2955,6.29700766437713,13,12,1.522
2956,6.589367332882475,13,12,1.5380000000000003
2957,-13.907483058855917,11,14,1.4899999999999998
2958,-14.585464960989363,11,14,1.4940000000000002
2959,5.161906662315705,13,12,1.484
2960,-5.4949529496825695,12,13,1.4880000000000002
2961,-14.096573308365917,11,14,1.512
2962,6.1585339064908675,13,12,1.504
2963,-14.388772264125693,11,14,1.52
2964,5.967264111180153,13,12,1.532
2965,16.341292750675173,14,11,1.4599999999999997
2966,-14.148720891418101,11,14,1.496
2967,-3.6795757971670344,12,13,1.464
2968,-24.396288453993513,10,15,1.48
2969,15.885650756490142,14,11,1.49
2970,-23.864290430529138,10,15,1.4860000000000002
2971,-4.3262212979199575,12,13,1.476
2972,-33.075035998922345,9,16,1.4839999999999998
2973,16.306549452574128,14,11,1.502
2974,-24.65208473677449,10,15,1.47
2975,-23.55179836163203,10,15,1.5000000000000002
2976,-4.359045645454033,12,13,1.552
2977,-4.72348403365968,12,13,1.494
2978,-3.8681178027881344,12,13,1.5040000000000002
2979,5.46565156579423,13,12,1.492
2980,-4.868876468340255,12,13,1.496
2981,5.265318061874941,13,12,1.528
2982,-14.743046253402143,11,14,1.49
2983,-15.254561584515589,11,14,1.51
2984,-13.564572344672131,11,14,1.4760000000000002
2985,-14.564927503343423,11,14,1.526
2986,5.472081561445549,13,12,1.486
2987,5.920462981992586,13,12,1.5020000000000002
2988,4.535403583735944,13,12,1.486
2989,-4.51681589381691,12,13,1.4920000000000002
2990,-3.54535202831398,12,13,1.4940000000000002
2991,-14.476385718618335,11,14,1.4859999999999998
2992,-24.23046467991882,10,15,1.4979999999999998
2993,-13.204327930515309,11,14,1.5319999999999998
2994,-23.658959098636153,10,15,1.5100000000000002
2995,-4.121730554311277,12,13,1.5380000000000003
2996,-13.373556325147732,11,14,1.5300000000000002
2997,6.480317590757654,13,12,1.48
2998,5.535585602490231,13,12,1.524
2999,-13.080486316262215,11,14,1.5260000000000002
3000,16.574244028889886,14,11,1.544
3001,-14.02192525879597,11,14,1.5160000000000002
3002,-33.44377472986651,9,16,1.5020000000000002
3003,-13.198770967615054,11,14,1.536
3004,-23.69616511110454,10,15,1.5
3005,-14.472845875660113,11,14,1.498
3006,-3.7002413772435503,12,13,1.4759999999999998
3007,-23.12735156250999,10,15,1.488
3008,-3.8919143011281676,12,13,1.4939999999999998
3009,-34.47094482232673,9,16,1.464
3010,-33.74904557005204,9,16,1.5
3011,6.3338472692131145,13,12,1.466
3012,-3.8711957899526865,12,13,1.456
3013,-23.757514139791652,10,15,1.52
3014,-34.12061011075444,9,16,1.528
3015,-13.107243331707243,11,14,1.5340000000000003
3016,-33.83819302395527,9,16,1.488
3017,15.655352978784274,14,11,1.5479999999999998
3018,-33.654162392725375,9,16,1.52
3019,-24.387147596156616,10,15,1.472
3020,-33.71656933177475,9,16,1.486
3021,-23.424576714586706,10,15,1.4920000000000002
3022,-23.769944806308484,10,15,1.5260000000000002
3023,-23.20172365117218,10,15,1.5059999999999998
3024,-23.598441405036482,10,15,1.502
3025,-55.14819129517171,7,18,1.48
3026,-23.99245330185612,10,15,1.472
3027,-33.969563963661315,9,16,1.498
3028,-35.809360662392265,9,16,1.4839999999999998
3029,-35.30237618589995,9,16,1.472
3030,-23.555994643284915,10,15,1.5000000000000002
3031,6.009262343198548,13,12,1.482
3032,-3.3207246825708037,12,13,1.536
3033,-13.64430870642228,11,14,1.5260000000000002
3034,-54.55908167585322,7,18,1.512
3035,-14.011410459825152,11,14,1.5159999999999996
3036,-23.802077904102962,10,15,1.492
3037,-23.941476302501624,10,15,1.53
3038,-13.299169710829844,11,14,1.486
3039,-14.541453072485407,11,14,1.508
3040,-24.360922191335153,10,15,1.49
3041,-33.74812625690706,9,16,1.512
3042,-44.26837917187865,8,17,1.4939999999999998
3043,-23.9142420409163,10,15,1.448
3044,-23.277377674922516,10,15,1.4540000000000002
3045,-14.038251602028131,11,14,1.4680000000000002
3046,-14.480739283946617,11,14,1.496
3047,-4.170618349058546,12,13,1.5119999999999998
3048,-33.65385344510885,9,16,1.5100000000000002
3049,-43.252726320479056,8,17,1.4940000000000002
3050,-24.38100537685648,10,15,1.4480000000000002
3051,-54.52844976268125,7,18,1.472
3052,-14.67829964758717,11,14,1.53
3053,-23.84442097286351,10,15,1.508
3054,-33.92779759846995,9,16,1.45
3055,-43.84978567474401,8,17,1.5000000000000002
3056,-24.292686993723382,10,15,1.4859999999999998
3057,-34.833061821931764,9,16,1.528
3058,-23.32382580535674,10,15,1.504
3059,-23.3566322655047,10,15,1.5300000000000002
3060,-24.149422592537803,10,15,1.524
3061,-33.512442730725404,9,16,1.5379999999999998
3062,-43.49926750621601,8,17,1.5060000000000002
3063,-34.39075114442828,9,16,1.526
3064,-33.59550032192154,9,16,1.5420000000000003
3065,-4.957558967166406,12,13,1.5299999999999998
3066,-33.93120164298216,9,16,1.5240000000000002
3067,-13.703312816251124,11,14,1.4940000000000002
3068,-24.121085242702954,10,15,1.496
3069,-13.611651926953037,11,14,1.5080000000000002
3070,-44.80269495621401,8,17,1.4820000000000004
3071,-13.974052853998591,11,14,1.508
3072,-33.70065224340178,9,16,1.5380000000000003
3073,-14.090418984841289,11,14,1.4839999999999998
3074,-14.58961123797901,11,14,1.532
3075,-13.858779001879881,11,14,1.52
3076,-23.406711965878323,10,15,1.4940000000000002
3077,-33.4171631726867,9,16,1.508
3078,-33.991662872885,9,16,1.522
3079,-24.0239342571895,10,15,1.5080000000000002
3080,-23.87299019991532,10,15,1.55
3081,-14.074467824103376,11,14,1.4700000000000002
3082,16.12813904135482,14,11,1.5119999999999998
3083,-14.851937365717694,11,14,1.4760000000000002
3084,-4.120271817420285,12,13,1.504
3085,-13.95213486616347,11,14,1.5480000000000003
3086,-13.224050812725997,11,14,1.5219999999999998
3087,-24.08842225010257,10,15,1.5
3088,-24.373082068372206,10,15,1.492
3089,-33.226401678769804,9,16,1.546
3090,-14.779617901094056,11,14,1.4999999999999998
3091,-4.582516642305325,12,13,1.482
3092,-34.000891582258404,9,16,1.4940000000000002
3093,-14.914410730976748,11,14,1.5059999999999998
3094,-43.23434898012607,8,17,1.472
3095,-13.746172179858544,11,14,1.488
3096,-4.108749817807537,12,13,1.5099999999999998
3097,-14.36032873379899,11,14,1.5120000000000002
3098,6.4526969775348135,13,12,1.4960000000000002
3099,-14.20077459383639,11,14,1.488
3100,-13.420319132125954,11,14,1.504
3101,-13.915126860605124,11,14,1.5060000000000002
3102,-3.652476164701758,12,13,1.516
3103,5.7133957133610025,13,12,1.55
3104,-3.309127741255997,12,13,1.502
3105,-14.239481015511494,11,14,1.506
3106,-13.20863072341184,11,14,1.536
3107,-33.44382278450878,9,16,1.496
3108,-3.1064623932362396,12,13,1.5059999999999998
3109,-23.84402130387547,10,15,1.4760000000000002
3110,-13.772251186544564,11,14,1.4739999999999998
3111,-23.610457126125493,10,15,1.508
3112,-3.302092310471183,12,13,1.478
3113,-13.986470306577012,11,14,1.5
3114,-3.0630364498737013,12,13,1.4800000000000002
3115,-13.255530852944144,11,14,1.4939999999999998
3116,5.705691712284626,13,12,1.52
3117,-4.818088726392483,12,13,1.512
3118,-3.844021117711889,12,13,1.5059999999999998
3119,-3.1780579047040742,12,13,1.5139999999999998
3120,7.222099398182039,13,12,1.5079999999999998
3121,-13.904077224892825,11,14,1.496
3122,-13.51651109851505,11,14,1.4980000000000002
3123,-13.536194124992203,11,14,1.5259999999999998
3124,-24.22735776298807,10,15,1.496
3125,-23.518932352945942,10,15,1.5279999999999998
3126,-14.587612845251932,11,14,1.498
3127,-24.31482728124879,10,15,1.44
3128,-3.619731946983462,12,13,1.504
3129,-13.667271475162474,11,14,1.4940000000000002
3130,-14.122582163015966,11,14,1.492
3131,-13.975085496380192,11,14,1.512
3132,6.1900108637726134,13,12,1.514
3133,-12.89546925629002,11,14,1.502
3134,-34.30316406348937,9,16,1.498
3135,5.446675818737792,13,12,1.502
3136,-24.26902846152579,10,15,1.5079999999999998
3137,-4.215124140016595,12,13,1.5079999999999998
3138,-23.50241691889254,10,15,1.506
3139,-24.605620011885208,10,15,1.526
3140,-24.601287178128445,10,15,1.498
3141,-14.14586956148019,11,14,1.5
3142,-24.64753661280259,10,15,1.502
3143,-34.88329800805756,9,16,1.484
3144,-25.035057533541668,10,15,1.536
3145,-4.399400290366937,12,13,1.488
3146,5.999509926605594,13,12,1.502
3147,-4.406006316626534,12,13,1.4919999999999998
3148,-34.834939273263444,9,16,1.502
3149,-14.691389242598113,11,14,1.4819999999999998
3150,-14.666390160680358,11,14,1.5
3151,-24.824967575962106,10,15,1.5100000000000002
3152,-24.731448583706474,10,15,1.484
3153,-23.852580647845166,10,15,1.528
3154,-35.228430439222095,9,16,1.4500000000000002
3155,-44.23575709475502,8,17,1.5100000000000002
3156,16.279063348158267,14,11,1.5340000000000003
3157,-24.3709298437635,10,15,1.516
3158,-3.3906870972223944,12,13,1.506
3159,-4.024128014237874,12,13,1.5139999999999998
3160,-13.572317158122011,11,14,1.4659999999999997
3161,-13.563854752108305,11,14,1.49
3162,-23.67685169434412,10,15,1.48
3163,-24.42793463879221,10,15,1.4819999999999998
3164,-23.924039261151805,10,15,1.5
3165,-13.721160051219744,11,14,1.4959999999999998
3166,-3.6706891550029646,12,13,1.4999999999999998
3167,-34.44282400933084,9,16,1.4780000000000002
3168,-23.92033705799882,10,15,1.5100000000000002
3169,-24.297863129430286,10,15,1.484
3170,-24.478230173489337,10,15,1.524
3171,-24.109489673628083,10,15,1.52
3172,-23.962896993165913,10,15,1.506
3173,-23.949072331843478,10,15,1.482
3174,-4.495757125817837,12,13,1.5000000000000002
3175,-24.81020889187614,10,15,1.512
3176,-24.851104059622674,10,15,1.536
3177,-14.322030794093545,11,14,1.566
3178,-24.99114570412236,10,15,1.504
3179,-34.55720158437924,9,16,1.48
3180,-4.87334388483706,12,13,1.5
3181,-25.001770320187703,10,15,1.4959999999999998
3182,-5.079611319227244,12,13,1.484
3183,-34.57442376986006,9,16,1.496
3184,-23.70325742100581,10,15,1.512
3185,-14.513872666949284,11,14,1.4880000000000002
3186,-13.9120775942454,11,14,1.4899999999999998
3187,-44.51445600643862,8,17,1.4899999999999998
3188,-4.111696174162679,12,13,1.5400000000000003
3189,-14.405337061274297,11,14,1.4579999999999997
3190,-34.68549309037362,9,16,1.504
3191,-34.564516660283715,9,16,1.4579999999999997
3192,16.435987689773512,14,11,1.492
3193,-3.538399098283225,12,13,1.4979999999999998
3194,-23.67367685737384,10,15,1.504
3195,-44.17117753743747,8,17,1.482
3196,-13.509139909200922,11,14,1.5100000000000002
3197,-4.774061062018225,12,13,1.5299999999999998
3198,-33.29687900652492,9,16,1.508
3199,-43.99789642962463,8,17,1.4899999999999998
3200,-24.67704671949503,10,15,1.4899999999999998
3201,-34.52971832504976,9,16,1.5220000000000002
3202,-23.805433327556067,10,15,1.5080000000000002
3203,-24.382549546122267,10,15,1.4859999999999998
3204,-14.06417144125519,11,14,1.508
3205,-23.96150699545756,10,15,1.5220000000000002
3206,-44.44183225004318,8,17,1.4739999999999998
3207,-5.235903800193956,12,13,1.502
3208,-14.059156199768484,11,14,1.496
3209,-43.4706004002779,8,17,1.502
3210,-34.23314131976478,9,16,1.5020000000000002
3211,-34.06959112290488,9,16,1.4919999999999998
3212,-14.26458274643005,11,14,1.5239999999999998
3213,-4.123874776408477,12,13,1.514
3214,-23.602660480471823,10,15,1.486
3215,-24.23315174962329,10,15,1.4859999999999998
3216,-24.286753112049144,10,15,1.478
3217,-43.569830871397066,8,17,1.5299999999999998
3218,-33.9818814007472,9,16,1.486
3219,-34.36961377796553,9,16,1.486
3220,-24.145595035453745,10,15,1.534
3221,-23.57008844309435,10,15,1.47
3222,-43.87353819223007,8,17,1.5059999999999998
3223,-33.824462535637224,9,16,1.498
3224,-23.693572561667203,10,15,1.49
3225,-34.433599587678,9,16,1.4819999999999998
3226,-14.046443998358338,11,14,1.492
3227,-24.367992268180444,10,15,1.488
3228,-24.601058786061547,10,15,1.478
3229,-24.293570532696723,10,15,1.476
3230,-14.210006193803098,11,14,1.506
3231,-14.421574652909309,11,14,1.48
3232,-3.86348767889603,12,13,1.4680000000000002
3233,-33.50779396976726,9,16,1.5000000000000002
3234,-33.41050973694994,9,16,1.46
3235,-23.66925502946164,10,15,1.4919999999999998
3236,-24.094445804497227,10,15,1.554
3237,-3.5601344889280875,12,13,1.4780000000000002
3238,-14.084235166132608,11,14,1.52
3239,-34.190788448544424,9,16,1.4860000000000002
3240,-25.13136847495567,10,15,1.4620000000000002
3241,-23.356305710351958,10,15,1.4920000000000002
3242,-33.54280069435588,9,16,1.496
3243,-23.451456242798617,10,15,1.474
3244,-24.219985110939056,10,15,1.48
3245,-24.047191091394012,10,15,1.532
3246,-24.04579046552354,10,15,1.5
3247,-24.87383006425958,10,15,1.5499999999999998
3248,-24.62761696517321,10,15,1.5059999999999998
3249,-34.25570025267074,9,16,1.4940000000000002
3250,-24.284352822205985,10,15,1.4900000000000002
3251,-34.299971511088025,9,16,1.532
3252,-23.19504284199244,10,15,1.4979999999999998
3253,-24.185891540170566,10,15,1.48
3254,-24.670036115078297,10,15,1.4540000000000002
3255,-34.29406523912954,9,16,1.4800000000000002
3256,-3.1362767647439664,12,13,1.516
3257,-23.003324180441282,10,15,1.4719999999999998
3258,-4.295412862034746,12,13,1.5379999999999998
3259,-34.63897802921389,9,16,1.5459999999999998
3260,-13.207521058272475,11,14,1.476
3261,-33.12462886610702,9,16,1.4899999999999998
3262,-23.61403876716322,10,15,1.5060000000000002
3263,-24.671594702180585,10,15,1.538
3264,-33.68456427229012,9,16,1.488
3265,-23.51109358784876,10,15,1.53
3266,-13.538099822344794,11,14,1.5399999999999998
3267,-24.036039637347933,10,15,1.5299999999999998
3268,-24.263611075447542,10,15,1.544
3269,-34.06648620825454,9,16,1.53
3270,-24.504764264639867,10,15,1.4759999999999998
3271,-34.51562472947059,9,16,1.448
3272,-34.64127743353401,9,16,1.4979999999999998
3273,-23.677148472893016,10,15,1.502
3274,-34.04886012142178,9,16,1.496
3275,-23.96778238218013,10,15,1.524
3276,-34.0453828393761,9,16,1.5219999999999998
3277,-23.666275044998784,10,15,1.5059999999999998
3278,-14.213100717708091,11,14,1.514
3279,-34.503382962237126,9,16,1.514
3280,-24.46771502841666,10,15,1.4340000000000002
3281,-14.29431434245608,11,14,1.5379999999999998
3282,-24.018259651513883,10,15,1.486
3283,-15.029864118303756,11,14,1.5400000000000003
3284,-34.403068489906765,9,16,1.5340000000000003
3285,-24.234683351061598,10,15,1.5079999999999998
3286,-13.955750772520808,11,14,1.4920000000000002
3287,-33.902346352845356,9,16,1.496
3288,-24.519449693678062,10,15,1.516
3289,-23.890254728328223,10,15,1.496
3290,-13.78665583720226,11,14,1.512
3291,-34.60943438285651,9,16,1.52
3292,-33.93864693884635,9,16,1.504
3293,-25.167965347268186,10,15,1.476
3294,-14.299494802872882,11,14,1.528
3295,-44.332364240313176,8,17,1.502
3296,-34.21972342021403,9,16,1.506
3297,-23.595242120427343,10,15,1.4820000000000002
3298,-23.46090146187786,10,15,1.4940000000000002
3299,-3.9562057377833284,12,13,1.496
3300,-13.576925156537014,11,14,1.5020000000000002
3301,-24.43104471219015,10,15,1.4899999999999998
3302,-14.50242662439638,11,14,1.5059999999999998
3303,-13.710123577690624,11,14,1.496
3304,-24.242576295961932,10,15,1.4860000000000002
3305,-13.866652815496337,11,14,1.5379999999999998
3306,-3.317633060820988,12,13,1.496
3307,-23.75225249285292,10,15,1.462
3308,-33.565042408376115,9,16,1.48
3309,-34.274958490821255,9,16,1.542
3310,-13.937141875628786,11,14,1.4879999999999998
3311,-33.79966632466714,9,16,1.51
3312,-34.09894709738998,9,16,1.4839999999999998
3313,-33.47000488694597,9,16,1.484
3314,-23.86164934115474,10,15,1.5
3315,6.219584690250464,13,12,1.518
3316,-3.6630151635749426,12,13,1.498
3317,-23.56871553418411,10,15,1.528
3318,5.761901042747624,13,12,1.498
3319,-12.963352731791684,11,14,1.528
3320,-13.957789794111573,11,14,1.508
3321,-3.3077837445033325,12,13,1.5260000000000002
3322,-23.33075773720175,10,15,1.498
3323,-13.932667160322115,11,14,1.544
3324,-3.329762890514406,12,13,1.5059999999999998
3325,-23.84469945887012,10,15,1.484
3326,-3.6826147729275496,12,13,1.508
3327,-4.487875626777028,12,13,1.5100000000000002
3328,-14.191242711647238,11,14,1.48
3329,-14.200070919276534,11,14,1.5219999999999998
3330,-13.339067703463225,11,14,1.456
3331,-23.96062933847486,10,15,1.462
3332,-23.520949568165037,10,15,1.5059999999999998
3333,-3.192967860960273,12,13,1.498
3334,-23.70783956989536,10,15,1.4820000000000002
3335,-14.372440084104532,11,14,1.4900000000000002
3336,-14.172656736242562,11,14,1.4999999999999998
3337,-25.370733853105428,10,15,1.484
3338,-24.21295581666201,10,15,1.5419999999999998
3339,-24.12707770375452,10,15,1.4780000000000002
3340,-13.604408922999006,11,14,1.5059999999999998
3341,-33.91100018702453,9,16,1.4500000000000002
3342,-13.970992807728685,11,14,1.5179999999999998
3343,-23.266254308478608,10,15,1.4519999999999997
3344,-14.542464835173611,11,14,1.4679999999999997
3345,-24.021196714296913,10,15,1.532
3346,-23.71863749597782,10,15,1.504
3347,-33.80832734509118,9,16,1.5139999999999998
3348,-23.15838667300649,10,15,1.52
3349,-24.01235723959231,10,15,1.4919999999999998
3350,-34.44664005043742,9,16,1.526
3351,-34.26623418349542,9,16,1.5200000000000002
3352,-43.05938456095269,8,17,1.464
3353,-33.72428074407561,9,16,1.494
3354,-33.251664456116075,9,16,1.498
3355,-24.495277939179736,10,15,1.46
3356,-13.022863847178245,11,14,1.504
3357,-14.107099816173683,11,14,1.498
3358,-23.823565236503825,10,15,1.51
3359,-23.74601673045474,10,15,1.5259999999999998
3360,-13.211933304314876,11,14,1.488
3361,-24.27068319756281,10,15,1.448
3362,-13.98171477155444,11,14,1.512
3363,-13.908698232312016,11,14,1.502
3364,-33.48553616391245,9,16,1.5080000000000002
3365,-23.7541983678691,10,15,1.5180000000000002
3366,-44.015811003066084,8,17,1.5159999999999998
3367,-43.63244165345982,8,17,1.5
3368,-13.56777563331724,11,14,1.5079999999999998
3369,-32.903068645231436,9,16,1.5180000000000002
3370,-14.294412566326233,11,14,1.4940000000000002
3371,-24.358750067728806,10,15,1.472
3372,-23.851122352644126,10,15,1.492
3373,-14.926906570357966,11,14,1.502
3374,-14.239540457368328,11,14,1.55
3375,-23.524390887719605,10,15,1.492
3376,-43.45940872252889,8,17,1.492
3377,-34.09097768882815,9,16,1.5260000000000002
3378,-13.535418561119208,11,14,1.5360000000000003
3379,-23.748580087753492,10,15,1.4779999999999998
3380,-24.074882256189092,10,15,1.484
3381,-23.604491213128703,10,15,1.4760000000000002
3382,-44.492661506201685,8,17,1.538
3383,-12.8519139054391,11,14,1.562
3384,-23.777710809323448,10,15,1.53
3385,-24.33406121109664,10,15,1.512
3386,-13.849945442860841,11,14,1.4819999999999998
3387,-13.662865580606905,11,14,1.5
3388,-34.70690020680895,9,16,1.498
3389,-13.071737272667775,11,14,1.486
3390,-23.984862557484828,10,15,1.4880000000000002
3391,-4.002518679000751,12,13,1.498
3392,-23.48080144109528,10,15,1.4899999999999998
3393,-23.930422512248725,10,15,1.5219999999999998
3394,-14.299016388347855,11,14,1.472
3395,-23.68034275788751,10,15,1.486
3396,-23.873437358504436,10,15,1.5
3397,-14.405087403690352,11,14,1.504
3398,-23.44649754167786,10,15,1.452
3399,-23.919076126799055,10,15,1.5399999999999998
3400,-24.971007972587223,10,15,1.5
3401,-13.738150949893276,11,14,1.5279999999999998
3402,-14.535648876014704,11,14,1.494
3403,-4.398349002799453,12,13,1.4940000000000002
3404,-4.442116550732205,12,13,1.5100000000000002
3405,-3.5530867532024253,12,13,1.496
3406,-13.484130146916396,11,14,1.498
3407,-4.962386878959068,12,13,1.534
3408,-13.725783079878621,11,14,1.4940000000000002
3409,-14.27874154807456,11,14,1.492
3410,-22.899135262649615,10,15,1.5319999999999998
3411,-13.893264487031178,11,14,1.482
3412,-12.713525432506245,11,14,1.4940000000000002
3413,-13.338858794102032,11,14,1.484
3414,-13.668291744230501,11,14,1.5059999999999998
3415,5.914792747369033,13,12,1.496
3416,4.991136451281287,13,12,1.506
3417,-13.653423149989209,11,14,1.478
3418,-3.974723076403669,12,13,1.5060000000000002
3419,-24.014768771743164,10,15,1.5059999999999998
3420,-4.309720975049544,12,13,1.4940000000000002
3421,7.022536799582086,13,12,1.4900000000000002
3422,-3.4326023827820578,12,13,1.5
3423,-23.69394761818414,10,15,1.5180000000000002
3424,-13.788939275602523,11,14,1.4900000000000002
3425,-13.572816399253778,11,14,1.4979999999999998
3426,-23.197802518869324,10,15,1.504
3427,-23.787677836441897,10,15,1.5080000000000002
3428,5.683343299398565,13,12,1.4859999999999998
3429,-3.8826112291832846,12,13,1.48
3430,-13.77215301902623,11,14,1.5219999999999998
3431,-13.34043553044191,11,14,1.506
3432,-4.081312931081481,12,13,1.4700000000000002
3433,-13.4443524069221,11,14,1.4620000000000002
3434,-3.2304713787684776,12,13,1.49
3435,-13.389678354740155,11,14,1.464
3436,-4.035356779403515,12,13,1.502
3437,-4.805505133921153,12,13,1.4920000000000002
3438,-3.6526975570164417,12,13,1.51
3439,-3.3782269326435603,12,13,1.56
3440,-4.384327971242236,12,13,1.5420000000000003
3441,-3.931320245267811,12,13,1.5320000000000005
3442,-13.588064390637307,11,14,1.498
3443,-4.0140327341951085,12,13,1.5
3444,-13.873980115323722,11,14,1.5
3445,-3.5178312498998023,12,13,1.504
3446,-2.88905196656094,12,13,1.516
3447,-3.3089549481135947,12,13,1.532
3448,-24.128336564600538,10,15,1.4759999999999998
3449,-3.5390628836988753,12,13,1.5180000000000002
3450,-13.148215410498487,11,14,1.548
3451,-33.62870030013209,9,16,1.464
3452,-3.8129619001705137,12,13,1.5000000000000002
3453,-23.590433320323985,10,15,1.498
3454,-3.941641168272896,12,13,1.5139999999999998
3455,-13.012327721059515,11,14,1.514
3456,-23.768785779147713,10,15,1.456
3457,-23.95203430486238,10,15,1.502
3458,6.751164330588143,13,12,1.5040000000000002
3459,-3.631660902206473,12,13,1.486
3460,5.648946211972815,13,12,1.49
3461,-13.845544584375002,11,14,1.518
3462,-14.957844625267406,11,14,1.518
3463,-23.296348383641273,10,15,1.5220000000000002
3464,-3.992747464585862,12,13,1.508
3465,-13.211679222013322,11,14,1.4999999999999998
3466,-3.6501106993097956,12,13,1.4999999999999998
3467,-13.810596967605868,11,14,1.482
3468,-13.775086501429707,11,14,1.51
3469,6.0501556369601275,13,12,1.488
3470,-13.44265250389332,11,14,1.5060000000000002
3471,-23.86315929091919,10,15,1.49
3472,-23.827806321143377,10,15,1.5379999999999998
3473,-4.121629754176965,12,13,1.5
3474,-3.6557449617338014,12,13,1.4899999999999998
3475,-3.8307040732668547,12,13,1.48
3476,-12.54752023284911,11,14,1.4800000000000002
3477,-24.164356851036214,10,15,1.52
3478,6.21799668931488,13,12,1.528
3479,6.643363823935973,13,12,1.5
3480,-12.315076525707497,11,14,1.474
3481,6.259185216891208,13,12,1.4940000000000002
3482,-23.50477335880582,10,15,1.5120000000000002
3483,6.703409396865155,13,12,1.4780000000000002
3484,-3.324023609854388,12,13,1.516
3485,-24.007262999555756,10,15,1.4720000000000002
3486,-13.753231309560462,11,14,1.504
3487,-22.621353406259797,10,15,1.5400000000000003
3488,-13.706821196146459,11,14,1.466
3489,-3.8007349632056506,12,13,1.4920000000000002
3490,6.7473241116442395,13,12,1.534
3491,-13.844600105485636,11,14,1.456
3492,-24.495541064809988,10,15,1.496
3493,-4.536243290933449,12,13,1.5139999999999998
3494,-14.607917660429742,11,14,1.5260000000000002
3495,-44.261612895513935,8,17,1.4819999999999998
3496,-4.414726530964927,12,13,1.536
3497,-12.667887382842387,11,14,1.468
3498,-4.1354716383294745,12,13,1.4999999999999998
3499,-34.152382508103415,9,16,1.5060000000000002
3500,-4.533397331430647,12,13,1.496
3501,-14.0871554136566,11,14,1.52
3502,-24.13479293518958,10,15,1.486
3503,-4.950727278179099,12,13,1.4779999999999998
3504,6.622791852236402,13,12,1.51
3505,-34.786415710713314,9,16,1.4860000000000002
3506,-4.0313457067139264,12,13,1.496
3507,-13.75863249682898,11,14,1.5220000000000002
3508,6.454278842817564,13,12,1.47
3509,-14.277133706629586,11,14,1.504
3510,-33.80436310042967,9,16,1.48
3511,-14.288489711565001,11,14,1.4700000000000002
3512,6.5210718692923475,13,12,1.494
3513,-24.041107014763597,10,15,1.5420000000000003
3514,-3.832435860677677,12,13,1.496
3515,6.659660727138952,13,12,1.4780000000000002
3516,-23.779887937087246,10,15,1.5140000000000002
3517,-23.88131795949083,10,15,1.518
3518,6.639443808043941,13,12,1.5219999999999998
3519,-13.349195555491317,11,14,1.486
3520,-23.44280575816105,10,15,1.4999999999999998
3521,-14.368230768904825,11,14,1.502
3522,-4.697029982128794,12,13,1.4680000000000004
3523,-13.415297237823875,11,14,1.4980000000000002
3524,-5.378643168120461,12,13,1.4679999999999997
3525,6.286086953918284,13,12,1.5459999999999998
3526,-14.349416618013478,11,14,1.5099999999999998
3527,-24.20783196501481,10,15,1.4899999999999998
3528,-24.878825799333917,10,15,1.4919999999999998
3529,-3.4819668601470113,12,13,1.516
3530,-24.321801376630006,10,15,1.4940000000000002
3531,-24.07459550379629,10,15,1.49
3532,15.54077183775785,14,11,1.49
3533,-24.490841283590967,10,15,1.472
3534,5.815331165050187,13,12,1.488
3535,-24.568186692628196,10,15,1.494
3536,-3.482297693523229,12,13,1.4900000000000002
3537,5.89286903497387,13,12,1.488
3538,6.0745942390761725,13,12,1.504
3539,-24.07342626689951,10,15,1.536
3540,-14.981834625077777,11,14,1.5079999999999998
3541,-14.58875580049116,11,14,1.5180000000000002
3542,5.644861296332847,13,12,1.496
3543,-4.637136252012539,12,13,1.482
3544,-23.82573730233296,10,15,1.516
3545,-23.97779188395041,10,15,1.5179999999999998
3546,-3.755856053296437,12,13,1.474
3547,-23.83259541545155,10,15,1.498
3548,-3.5988795054629,12,13,1.504
3549,5.780304872057776,13,12,1.52
3550,-14.917231972506723,11,14,1.5139999999999998
3551,5.287054810158109,13,12,1.528
3552,-14.509488476248553,11,14,1.512
3553,-14.508939070420043,11,14,1.522
3554,-4.345953533843822,12,13,1.5119999999999998
3555,-14.106551483447058,11,14,1.496
3556,-14.12112102245769,11,14,1.4739999999999998
3557,-13.73103880733542,11,14,1.486
3558,16.99623689166719,14,11,1.4939999999999998
3559,-4.560988622245256,12,13,1.492
3560,5.585243657106642,13,12,1.4780000000000002
3561,-3.542756254381853,12,13,1.504
3562,-3.6672893166858973,12,13,1.5420000000000003
3563,-24.76992994144074,10,15,1.486
3564,-4.095739972297994,12,13,1.48
3565,16.53862700737502,14,11,1.5299999999999998
3566,-3.699220007629707,12,13,1.55
3567,-4.484387217159046,12,13,1.4779999999999998
3568,-4.069151976207566,12,13,1.4939999999999998
3569,6.089191717221949,13,12,1.526
3570,-4.450809994897746,12,13,1.536
3571,-3.8764304150598505,12,13,1.504
3572,-5.080610174605649,12,13,1.4719999999999998
3573,-4.1099137429581845,12,13,1.4919999999999998
3574,-4.989833779377345,12,13,1.512
3575,-4.368457008233483,12,13,1.5240000000000002
3576,-3.950406404989238,12,13,1.472
3577,6.296798973475726,13,12,1.4580000000000002
3578,-3.844001343001258,12,13,1.5
3579,-24.56218500892242,10,15,1.488
3580,-13.629553696659524,11,14,1.4919999999999998
3581,5.782003905922796,13,12,1.496
3582,-4.55173176212914,12,13,1.4999999999999998
3583,-15.14829672748974,11,14,1.474
3584,-23.970559316049677,10,15,1.494
3585,-3.9135249928471154,12,13,1.5139999999999998
3586,-14.059473409058832,11,14,1.488
3587,-24.04923297431231,10,15,1.4839999999999998
3588,-44.41324654324368,8,17,1.496
3589,-23.81821325726571,10,15,1.502
3590,-24.33257651181945,10,15,1.48
3591,-13.779397992740856,11,14,1.51
3592,6.361487847379465,13,12,1.47
3593,6.475602296532987,13,12,1.5180000000000002
3594,5.612458594465938,13,12,1.4740000000000002
3595,-4.237896929943428,12,13,1.4960000000000002
3596,-14.17062339759025,11,14,1.5280000000000002
3597,-4.072604610117992,12,13,1.4919999999999998
3598,-4.0995502226013265,12,13,1.4899999999999998
3599,-13.595741592766856,11,14,1.514
3600,-14.03687565930015,11,14,1.488
3601,-14.273471520289581,11,14,1.528
3602,-14.209921203865514,11,14,1.5420000000000003
3603,-5.313583603963847,12,13,1.4760000000000002
3604,-23.322475911203412,10,15,1.518
3605,-13.913369991342845,11,14,1.5020000000000002
3606,-13.508134696899944,11,14,1.5159999999999996
3607,-4.140433910619665,12,13,1.4700000000000002
3608,-14.876517500922624,11,14,1.5
3609,-4.177104068474613,12,13,1.5139999999999998
3610,-4.80036123358863,12,13,1.498
3611,-34.25215005068762,9,16,1.5119999999999998
3612,-14.587472003146546,11,14,1.5100000000000002
3613,-14.415852338857194,11,14,1.508
3614,-44.04874578084415,8,17,1.4899999999999998
3615,-3.3784017871615486,12,13,1.49
3616,-24.319478646718263,10,15,1.478
3617,-34.3065750288298,9,16,1.532
3618,-14.070633405988445,11,14,1.504
3619,-4.50439164173007,12,13,1.496
3620,-25.04343528534227,10,15,1.49
3621,-3.566828715617728,12,13,1.4759999999999998
3622,-4.2176574521313075,12,13,1.5159999999999998
3623,-14.214300994474282,11,14,1.4739999999999998
3624,5.678804492227208,13,12,1.444
3625,-24.458197159057775,10,15,1.492
3626,-3.9541650913388953,12,13,1.496
3627,-14.353143310563203,11,14,1.512
3628,-13.669333487184062,11,14,1.5260000000000002
3629,5.800040506428562,13,12,1.53
3630,6.003688945152891,13,12,1.4619999999999997
3631,-4.734288572184109,12,13,1.496
3632,-24.31113388724564,10,15,1.488
3633,6.063466599130825,13,12,1.5000000000000002
3634,-14.608341469823115,11,14,1.528
3635,-3.6816310944193713,12,13,1.5
3636,-13.539701243370732,11,14,1.52
3637,-14.029998081021187,11,14,1.528
3638,-14.25694279587291,11,14,1.488
3639,-3.701321540126279,12,13,1.5100000000000002
3640,-14.19722397177404,11,14,1.476
3641,-13.48170984012598,11,14,1.482
3642,-2.896976249606432,12,13,1.5079999999999998
3643,6.040076120497238,13,12,1.5060000000000002
3644,-13.307480999119086,11,14,1.52
3645,-13.816252495892915,11,14,1.5039999999999998
3646,-14.175878286522334,11,14,1.5
3647,-23.656791439539653,10,15,1.546
3648,-14.528170069320433,11,14,1.552
3649,-23.90817875704535,10,15,1.4920000000000002
3650,5.843057085986262,13,12,1.4899999999999998
3651,5.425782804812815,13,12,1.5080000000000002
3652,-4.45372892460456,12,13,1.516
3653,-4.185368917856669,12,13,1.5080000000000002
3654,-24.46464995412044,10,15,1.498
3655,-14.396820366720025,11,14,1.5000000000000002
3656,-13.264133905179419,11,14,1.482
3657,-3.679284712440449,12,13,1.47
3658,-3.4147410801520355,12,13,1.502
3659,-14.258673435572081,11,14,1.488
3660,-13.806120622115976,11,14,1.5100000000000002
3661,-23.739861335683088,10,15,1.5279999999999998
3662,-23.94321819289908,10,15,1.514
3663,-4.509387701227951,12,13,1.4659999999999997
3664,-4.8549135776807555,12,13,1.5079999999999998
3665,-24.446944844526207,10,15,1.504
3666,-4.294099995311445,12,13,1.5180000000000002
3667,-5.057675410107491,12,13,1.512
3668,-3.926300399448426,12,13,1.508
3669,-4.256567078553507,12,13,1.5
3670,-13.687803645706342,11,14,1.52
3671,-24.570384420649212,10,15,1.5100000000000002
3672,-3.7527121569595367,12,13,1.4780000000000002
3673,-4.505874952988018,12,13,1.494
3674,-14.167067114795532,11,14,1.5
3675,-4.074520581578132,12,13,1.4760000000000002
3676,6.378217225319146,13,12,1.478
3677,-14.424949046140735,11,14,1.5400000000000003
3678,-3.9133013102743712,12,13,1.4940000000000002
3679,-4.02002470470407,12,13,1.498
3680,6.396125807476601,13,12,1.534
3681,-3.126288473277725,12,13,1.52
3682,-4.058675691269601,12,13,1.496
3683,6.367886874262185,13,12,1.5219999999999998
3684,-24.31873598839901,10,15,1.502
3685,-23.792046241561316,10,15,1.456
3686,-14.102450975675819,11,14,1.466
3687,-14.329808535113735,11,14,1.496
3688,-14.134183688305072,11,14,1.52
3689,-34.51806516648242,9,16,1.4979999999999998
3690,-4.760004033173354,12,13,1.4920000000000002
3691,-22.81195472624713,10,15,1.528
3692,-23.868414893042015,10,15,1.5
3693,-13.95693513222935,11,14,1.502
3694,-24.550905296113015,10,15,1.518
3695,-14.648513654066422,11,14,1.464
3696,-23.777862262926345,10,15,1.5239999999999998
3697,-14.923545522982229,11,14,1.5180000000000002
3698,-4.780952703896593,12,13,1.484
3699,-24.699319220295607,10,15,1.5020000000000002
3700,-34.31630377023348,9,16,1.5100000000000002
3701,-14.900909497355975,11,14,1.496
3702,-13.692834783986775,11,14,1.5100000000000002
3703,-44.9224473222278,8,17,1.5219999999999998
3704,-34.15523845426634,9,16,1.4839999999999998
3705,-24.560147779976905,10,15,1.5279999999999998
3706,-15.586447785153219,11,14,1.48
3707,-12.502592334657743,11,14,1.504
3708,-15.806488308539638,11,14,1.5020000000000002
3709,-24.390150819555437,10,15,1.512
3710,-25.774747617519285,10,15,1.498
3711,-13.796763558020146,11,14,1.498
3712,-4.441642904114577,12,13,1.492
3713,-34.344934658440636,9,16,1.4760000000000002
3714,-24.420426431955775,10,15,1.494
3715,-26.046723308162374,10,15,1.5239999999999998
3716,-34.40201373079783,9,16,1.4660000000000002
3717,-13.989536019576288,11,14,1.544
3718,-14.780054286220983,11,14,1.514
3719,-5.4585127547748975,12,13,1.514
3720,-24.50356941215206,10,15,1.4940000000000002
3721,-14.041484211222821,11,14,1.51
3722,-34.0400979386499,9,16,1.49
3723,-24.474079109862735,10,15,1.432
3724,-24.428537863632354,10,15,1.4660000000000002
3725,-14.596938641550011,11,14,1.516
3726,-24.199841902715242,10,15,1.5039999999999998
3727,-24.347273514283476,10,15,1.456
3728,-23.80492962820402,10,15,1.4860000000000002
3729,-4.131939702592548,12,13,1.496
3730,-24.76055098548656,10,15,1.5020000000000002
3731,-35.28889927153524,9,16,1.504
3732,-14.411069895514904,11,14,1.498
3733,-34.65640099023132,9,16,1.5140000000000002
3734,-14.325730303670806,11,14,1.47
3735,-14.761621120475898,11,14,1.4820000000000002
3736,-24.76381741727993,10,15,1.518
3737,-15.38733767264464,11,14,1.512
3738,-14.42844080905103,11,14,1.478
3739,-24.11801039869832,10,15,1.496
3740,-34.1060648102169,9,16,1.4900000000000002
3741,-24.411330022158957,10,15,1.502
3742,5.606596614700274,13,12,1.5080000000000002
3743,-5.1207674135192,12,13,1.484
3744,-14.026251111641034,11,14,1.51
3745,-13.539791607419533,11,14,1.4980000000000002
3746,-24.579403004087276,10,15,1.48
3747,-24.21387281292854,10,15,1.5059999999999998
3748,-15.043750344269611,11,14,1.5180000000000002
3749,-14.63488393327938,11,14,1.5419999999999998
3750,-34.34345421185535,9,16,1.516
3751,6.26667813028479,13,12,1.496
3752,-3.286191064171458,12,13,1.476
3753,-3.965163218027925,12,13,1.514
3754,-24.637368079580547,10,15,1.4900000000000002
3755,5.28231569259306,13,12,1.486
3756,-44.49393478799077,8,17,1.52
3757,-4.419978472424269,12,13,1.5079999999999998
3758,-24.294101215191937,10,15,1.46
3759,-4.75692048222432,12,13,1.458
3760,-24.195120726872723,10,15,1.53
3761,-14.67989019652441,11,14,1.5140000000000002
3762,-24.537955485734326,10,15,1.5239999999999998
3763,-13.716214087924662,11,14,1.472
3764,-15.128623896053305,11,14,1.51
3765,-24.697509454744562,10,15,1.4920000000000002
3766,-25.028026693486325,10,15,1.5059999999999998
3767,-34.84821590560992,9,16,1.5079999999999998
3768,-5.065831562134334,12,13,1.52
3769,-24.191799881242382,10,15,1.4780000000000002
3770,-23.685575961130773,10,15,1.5299999999999998
3771,-24.322759011366674,10,15,1.532
3772,-24.377297171107312,10,15,1.5340000000000003
3773,-14.294929381582238,11,14,1.5059999999999998
3774,-14.506492366075902,11,14,1.522
3775,-13.913285757921443,11,14,1.4900000000000002
3776,-33.46919913363769,9,16,1.5119999999999998
3777,-14.795500696141636,11,14,1.506
3778,-24.413295032034974,10,15,1.5000000000000002
3779,-33.846546115009545,9,16,1.528
3780,-5.647551004507705,12,13,1.5000000000000002
3781,-15.801660555313795,11,14,1.544
3782,-34.58474531275111,9,16,1.4959999999999998
3783,-15.051075366028947,11,14,1.4860000000000002
3784,-35.585312753291234,9,16,1.498
3785,-15.235656381612117,11,14,1.512
3786,-24.691657688379777,10,15,1.4619999999999997
3787,-3.8961693660580092,12,13,1.5080000000000002
3788,-24.81644173452066,10,15,1.534
3789,-15.311474193954727,11,14,1.4639999999999997
3790,-24.124540940511174,10,15,1.494
3791,-14.206158347324372,11,14,1.51
3792,-14.575754488785375,11,14,1.5160000000000002
3793,4.907956199934036,13,12,1.4880000000000002
3794,-14.59659654115017,11,14,1.4939999999999998
3795,-24.20912061005496,10,15,1.4940000000000002
3796,-34.74691455918453,9,16,1.52
3797,-13.849136621828455,11,14,1.488
3798,-5.007243739587578,12,13,1.5160000000000005
3799,-25.07770383415947,10,15,1.5079999999999996
3800,-15.637395874885248,11,14,1.5160000000000002
3801,-44.70833798642347,8,17,1.5000000000000002
3802,-25.77232497036067,10,15,1.48
3803,-25.50948349490953,10,15,1.514
3804,-14.587759815565922,11,14,1.48
3805,-44.90098777764244,8,17,1.4599999999999997
3806,-24.421638304886518,10,15,1.516
3807,-15.524558707862768,11,14,1.508
3808,-24.962752653576157,10,15,1.48
3809,-15.481136307527176,11,14,1.47
3810,-35.232498328345784,9,16,1.5080000000000002
3811,-33.76872546039365,9,16,1.4739999999999998
3812,-24.267701714552857,10,15,1.482
3813,-24.671899722404227,10,15,1.466
3814,-15.344415728320543,11,14,1.514
3815,-14.783816290300472,11,14,1.5059999999999998
3816,-5.04788783900821,12,13,1.502
3817,-24.237584073614627,10,15,1.5079999999999998
3818,-24.188959928147856,10,15,1.498
3819,-4.110782059321355,12,13,1.4739999999999998
3820,-35.32586587993674,9,16,1.524
3821,-24.863176456656166,10,15,1.502
3822,-15.376166480387477,11,14,1.4859999999999998
3823,-5.003977943965088,12,13,1.5399999999999998
3824,-15.473942571753065,11,14,1.482
3825,-5.307228438424351,12,13,1.482
3826,-3.909060817238741,12,13,1.47
3827,-24.98889589292819,10,15,1.4959999999999998
3828,-14.72798061748631,11,14,1.51
3829,-14.788906403159741,11,14,1.584
3830,-25.298484782546634,10,15,1.4959999999999998
3831,-24.95977398695832,10,15,1.4840000000000004
3832,-25.445016761888095,10,15,1.48
3833,-34.65602002942927,9,16,1.5480000000000003
3834,-25.27055592248368,10,15,1.5139999999999998
3835,-14.26315307510835,11,14,1.4600000000000002
3836,-34.63014034596573,9,16,1.5400000000000003
3837,-25.200340827090358,10,15,1.4600000000000002
3838,-25.211099009219254,10,15,1.4919999999999998
3839,-25.062636103341415,10,15,1.556
3840,-15.09860628363493,11,14,1.504
3841,-15.992929028171519,11,14,1.504
3842,-24.447540981897056,10,15,1.4899999999999998
3843,-24.87960655144438,10,15,1.5019999999999998
3844,-15.919833656308423,11,14,1.444
3845,-5.431551354855294,12,13,1.514
3846,-24.661299814943387,10,15,1.4739999999999998
3847,-3.645175915631728,12,13,1.5080000000000002
3848,-5.542018564371869,12,13,1.4620000000000002
3849,-14.901320398112365,11,14,1.5420000000000003
3850,-14.8936881222706,11,14,1.486
3851,-35.69003008396872,9,16,1.4440000000000002
3852,-5.1257450198682895,12,13,1.466
3853,-14.63910295985118,11,14,1.47
3854,-15.656063363252127,11,14,1.474
3855,-15.175960501126662,11,14,1.528
3856,-5.00900274219617,12,13,1.5060000000000002
3857,-15.24297996384143,11,14,1.534
3858,-15.61279809926746,11,14,1.482
3859,-25.636084577767605,10,15,1.5079999999999998
3860,-14.924926324446947,11,14,1.4739999999999998
3861,-25.089361829580817,10,15,1.4780000000000002
3862,-14.362265293488871,11,14,1.534
3863,6.221613668286292,13,12,1.4780000000000002
3864,-15.376179706137254,11,14,1.4740000000000002
3865,-15.65731702133112,11,14,1.4760000000000002
3866,-4.053494121942413,12,13,1.4820000000000002
3867,-5.278152161907013,12,13,1.462
3868,-23.97964394074807,10,15,1.514
3869,-5.3128620267096,12,13,1.528
3870,-5.361678724569534,12,13,1.4800000000000002
3871,-15.116307142392118,11,14,1.508
3872,-14.339825314675416,11,14,1.504
3873,-15.687602223298601,11,14,1.542
3874,-4.191957733086744,12,13,1.4979999999999998
3875,-14.426324140090573,11,14,1.502
3876,-23.58800095677014,10,15,1.4599999999999997
3877,-4.360658092443556,12,13,1.482
3878,-14.784744501616409,11,14,1.526
3879,-5.7228315067364015,12,13,1.47
3880,-5.016697192900624,12,13,1.528
3881,5.222875674418381,13,12,1.53
3882,-15.23523063020955,11,14,1.5719999999999998
3883,15.895983710104803,14,11,1.538
3884,-14.828347839084365,11,14,1.496
3885,-34.2944182294382,9,16,1.504
3886,-15.440949482023171,11,14,1.5080000000000002
3887,-14.557531791949131,11,14,1.46
3888,-5.480039333048513,12,13,1.474
3889,-13.982321857708527,11,14,1.52
3890,-3.7578213817018273,12,13,1.5019999999999998
3891,-15.435554460076101,11,14,1.516
3892,-25.29630837672876,10,15,1.5059999999999998
3893,-5.196385916836666,12,13,1.5259999999999998
3894,5.171555025746953,13,12,1.5299999999999998
3895,5.829625389719276,13,12,1.4760000000000002
3896,-24.39236702591892,10,15,1.48
3897,4.227825986390908,13,12,1.5100000000000002
3898,-14.449093040099212,11,14,1.5160000000000005
3899,-35.13394640746668,9,16,1.48
3900,-14.906230959225683,11,14,1.47
3901,-14.033364853513236,11,14,1.498
3902,-16.109559855350792,11,14,1.47
3903,-15.534946730902726,11,14,1.504
3904,-5.226754713909995,12,13,1.504
3905,-14.089915036609135,11,14,1.5080000000000002
3906,-35.3623047476999,9,16,1.504
3907,4.8901889286281595,13,12,1.512
3908,-4.824407371053465,12,13,1.4780000000000002
3909,-35.73102746366051,9,16,1.48
3910,-14.335052438321764,11,14,1.5220000000000002
3911,-14.477879678848875,11,14,1.51
3912,-5.175362429016653,12,13,1.4940000000000002
3913,-35.41009069016508,9,16,1.492
3914,-4.893426508243539,12,13,1.486
3915,-6.052141260358553,12,13,1.468
3916,-24.485915177931545,10,15,1.4799999999999998
3917,-25.84560524380248,10,15,1.516
3918,-4.798258227735676,12,13,1.486
3919,-5.257823229598203,12,13,1.4739999999999998
3920,-14.88914385182579,11,14,1.4920000000000002
3921,-4.364634907482443,12,13,1.528
3922,-5.003745782105112,12,13,1.466
3923,-24.323081419183943,10,15,1.522
3924,-15.565108226139015,11,14,1.53
3925,-15.87561312347084,11,14,1.4680000000000002
3926,-4.499341944114121,12,13,1.52
3927,-25.503496420838356,10,15,1.508
3928,-6.101386603803428,12,13,1.464
3929,-25.06703848081043,10,15,1.51
3930,-14.566050188685642,11,14,1.548
3931,-5.439310190216023,12,13,1.4680000000000002
3932,-24.812886275667044,10,15,1.516
3933,-5.09395522463653,12,13,1.536
3934,-14.481871591998036,11,14,1.49
3935,-15.870939795102004,11,14,1.518
3936,-15.003209261362292,11,14,1.52
3937,-14.546024039075668,11,14,1.468
3938,-14.372118606878434,11,14,1.4940000000000002
3939,-6.08115912236804,12,13,1.5319999999999998
3940,-6.037054207521838,12,13,1.522
3941,-24.884914749259774,10,15,1.4920000000000002
3942,4.360636542447779,13,12,1.496
3943,4.135877731306298,13,12,1.514
3944,-14.767978277224659,11,14,1.512
3945,-5.571171769351101,12,13,1.498
3946,-15.16403712691473,11,14,1.4799999999999998
3947,-15.351672652334594,11,14,1.4679999999999997
3948,4.014435606383707,13,12,1.4940000000000002
3949,-5.424699931826761,12,13,1.502
3950,-24.29304647222984,10,15,1.476
3951,-4.719148604850609,12,13,1.512
3952,-14.670878643504484,11,14,1.52
3953,-15.633700912908534,11,14,1.5399999999999998
3954,-6.781914275375678,12,13,1.5099999999999998
3955,5.991320850827096,13,12,1.464
3956,-15.709091149024843,11,14,1.4819999999999998
3957,-24.642252584367537,10,15,1.482
3958,4.953753109015539,13,12,1.542
3959,-4.637281188212421,12,13,1.4919999999999998
3960,-14.846522795218556,11,14,1.5239999999999998
3961,-7.051198295063598,12,13,1.462
3962,-25.25171876506095,10,15,1.4899999999999998
3963,-24.685713729766753,10,15,1.502
3964,-4.141366972133253,12,13,1.496
3965,-5.116705537618561,12,13,1.5139999999999998
3966,-4.54350798037639,12,13,1.486
3967,-15.056206541031926,11,14,1.544
3968,-5.812044777366323,12,13,1.504
3969,-15.907632208366271,11,14,1.536
3970,3.9019716625014804,13,12,1.528
3971,-16.276643251260865,11,14,1.5180000000000002
3972,5.193313678496732,13,12,1.4839999999999998
3973,-25.468656568439158,10,15,1.5180000000000002
3974,-14.682352462799065,11,14,1.4979999999999998
3975,-34.793504967579565,9,16,1.508
3976,-14.71584339019288,11,14,1.514
3977,-15.078987981215523,11,14,1.502
3978,-5.632411985037233,12,13,1.4759999999999995
3979,-15.525711781481615,11,14,1.52
3980,-4.289311612177864,12,13,1.488
3981,-14.836374616712735,11,14,1.4620000000000002
3982,-4.503488249349116,12,13,1.5
3983,-25.578684908760543,10,15,1.476
3984,-4.602576250709234,12,13,1.4860000000000002
3985,-5.8843804578380405,12,13,1.4759999999999998
3986,-14.937853253496314,11,14,1.504
3987,-14.523718383612428,11,14,1.5220000000000002
3988,-5.154365024999195,12,13,1.506
3989,4.49289700493214,13,12,1.5159999999999996
3990,-14.330117252271366,11,14,1.488
3991,-4.376480285019604,12,13,1.5079999999999998
3992,-15.15451008683189,11,14,1.5159999999999998
3993,-4.517770445772986,12,13,1.5219999999999998
3994,-4.0517411345065195,12,13,1.492
3995,-14.291135284729066,11,14,1.44
3996,5.213032018350871,13,12,1.4899999999999998
3997,-4.457657793054752,12,13,1.488
3998,-4.28827999461055,12,13,1.4759999999999998
3999,-3.702835583649721,12,13,1.5099999999999998
4000,-14.358897465845754,11,14,1.5319999999999998
