"# mode=unfixed d_value=0 d=[1,4] p=0.50 dr=0 seed=1 topology=fixed ch=6 n_agents=5 obs_dim=34 n_episodes=4000"
episode,sum_reward,success,fail,mean_delay
1,70.35203364059453,20,5,2.1800000000000006
2,71.93688235255394,20,5,2.22
3,42.92998306552762,17,8,2.324
4,91.76022233531515,22,3,2.226
5,73.56414622538784,20,5,2.25
6,42.91090505209609,17,8,2.1399999999999997
7,61.619556444067484,19,6,2.22
8,72.1512052843995,20,5,2.2879999999999994
9,41.33161171397471,17,8,2.242
10,62.154241690899504,19,6,2.216
11,54.05540507219179,18,7,2.2980000000000005
12,72.39876446199996,20,5,2.218
13,62.52639589281586,19,6,2.2359999999999998
14,55.415848011491605,18,7,2.282
15,62.20001038121022,19,6,2.254
16,65.42570718448371,19,6,2.146
17,71.17195421606529,20,5,2.25
18,64.12273237806035,19,6,2.188
19,61.16655303555097,19,6,2.3
20,41.98547704307111,17,8,2.286
21,74.56141533879432,20,5,2.18
22,52.63203788019259,18,7,2.206
23,51.237534498416345,18,7,2.3360000000000003
24,72.53040661772197,20,5,2.244
25,71.87598502624877,20,5,2.2399999999999998
26,69.84041834315732,20,5,2.09
27,41.24931099569818,17,8,2.1420000000000003
28,53.29869740644126,18,7,2.306
29,63.10927556594115,19,6,2.168
30,43.525143025955025,17,8,2.226
31,43.25239182000034,17,8,2.268
32,42.99444522536384,17,8,2.2440000000000007
33,82.06690820458643,21,4,2.2239999999999998
34,62.13165580686652,19,6,2.2266666666666666
35,52.24636483461014,18,7,2.25
36,53.1585384652058,18,7,2.2619999999999996
37,62.06616150426224,19,6,2.228
38,43.94466376018138,17,8,2.216
39,62.01594271018631,19,6,2.194
40,63.35001964822672,19,6,2.1420000000000003
41,61.91079839202786,19,6,2.274
42,54.06689514835987,18,7,2.2800000000000002
43,62.78821528922798,19,6,2.1220000000000003
44,54.19652992512787,18,7,2.194
45,44.6276345855355,17,8,2.146
46,72.70100482297384,20,5,2.31
47,63.16986576491388,19,6,2.3520000000000003
48,62.111555008709466,19,6,2.2279999999999998
49,62.71343631601479,19,6,2.2
50,53.89614347091165,18,7,2.29
51,44.96077497539747,17,8,2.27
52,73.84104033710807,20,5,2.248
53,24.475259289367898,15,10,2.202
54,53.10650434113204,18,7,2.15
55,42.47765662498141,17,8,2.23
56,62.25967373268864,19,6,2.186
57,53.655013412128184,18,7,2.216
58,52.56588178667134,18,7,2.2079999999999997
59,33.48793278531819,16,9,2.234
60,53.8551074667103,18,7,2.2459999999999996
61,33.192220495452375,16,9,2.21
62,54.71596427408616,18,7,2.198
63,54.94200289745163,18,7,2.27
64,73.06095521821328,20,5,2.288
65,52.22089197662166,18,7,2.2019999999999995
66,74.21042461888568,20,5,2.214
67,62.87233147810644,19,6,2.1959999999999997
68,73.96448168312479,20,5,2.2479999999999998
69,53.61817789312412,18,7,2.2079999999999997
70,55.049826158789784,18,7,2.318
71,74.52247261494747,20,5,2.146
72,34.14602709876226,16,9,2.1960000000000006
73,63.83324464454214,19,6,2.2920000000000003
74,72.89951469405341,20,5,2.244
75,54.46380659177988,18,7,2.216
76,12.111882761134469,14,11,2.1700000000000004
77,64.21149864098346,19,6,2.314
78,34.69889638334572,16,9,2.252
79,54.277303522395485,18,7,2.188
80,62.95420729582295,19,6,2.2359999999999998
81,53.61580179465483,18,7,2.166
82,33.503121794523835,16,9,2.33
83,55.13259368347889,18,7,2.2199999999999998
84,34.96614257396464,16,9,2.246
85,43.90270639132492,17,8,2.214
86,34.665743686853276,16,9,2.21
87,43.07399166081272,17,8,2.274
88,54.61080858904091,18,7,2.278
89,35.77757122170134,16,9,2.2359999999999998
90,74.15803170331101,20,5,2.19
91,43.49946375135998,17,8,2.304
92,42.99453163585257,17,8,2.256
93,55.627704370863505,18,7,2.1879999999999997
94,35.34652527715306,16,9,2.264
95,44.299288260337434,17,8,2.186
96,25.998549102591177,15,10,2.194
97,54.663273404654745,18,7,2.238
98,24.331162619894087,15,10,2.222
99,74.70353898359382,20,5,2.134
100,35.06140110115733,16,9,2.266
101,24.430310713070778,15,10,2.3
102,35.02339865672375,16,9,2.114
103,36.09412508582934,16,9,2.1900000000000004
104,36.43729116171991,16,9,2.254
105,43.52850008800191,17,8,2.192
106,44.45880987313894,17,8,2.2439999999999998
107,35.98126076311202,16,9,2.1979999999999995
108,55.287208307828834,18,7,2.3
109,44.61613421312073,17,8,2.24
110,54.96311671988339,18,7,2.21
111,55.50022518549847,18,7,2.198
112,75.40350529632096,20,5,2.232
113,65.83988544076313,19,6,2.342
114,66.67419747667444,19,6,2.184
115,46.339296661486806,17,8,2.198
116,55.24752661399571,18,7,2.212
117,34.76617812497794,16,9,2.238
118,55.581147414204295,18,7,2.216
119,44.407918611842504,17,8,2.172
120,45.53943411104737,17,8,2.188
121,45.88206903308016,17,8,2.246
122,63.9682028991608,19,6,2.2079999999999997
123,56.30149414971084,18,7,2.2600000000000002
124,26.17078345727349,15,10,2.2660000000000005
125,56.862912037298294,18,7,2.178
126,45.83615344467352,17,8,2.216
127,64.9881480066479,19,6,2.156
128,64.14222469274432,19,6,2.22
129,56.88370928435118,18,7,2.1999999999999997
130,46.48121888246645,17,8,2.1860000000000004
131,14.346119753408399,14,11,2.282
132,55.3534688463256,18,7,2.188
133,35.04019720023635,16,9,2.2359999999999998
134,46.29880257071571,17,8,2.2000000000000006
135,55.97452631566775,18,7,2.306
136,56.59602961949973,18,7,2.314
137,76.02584156793881,20,5,2.23
138,55.79273593737649,18,7,2.1719999999999997
139,34.49997513129257,16,9,2.1959999999999997
140,77.6867621275763,20,5,2.1839999999999997
141,56.87942648040364,18,7,2.1799999999999997
142,37.0263260417629,16,9,2.1919999999999997
143,57.56590134360861,18,7,2.3299999999999996
144,45.987210383835205,17,8,2.13
145,66.238875029342,19,6,2.2340000000000004
146,76.68964747947156,20,5,2.2039999999999997
147,65.18292739272918,19,6,2.194
148,86.151984929272,21,4,2.204
149,67.64723585864351,19,6,2.1959999999999997
150,78.05489079834696,20,5,2.1599999999999997
151,47.24527334405071,17,8,2.238
152,55.55136210618279,18,7,2.2100000000000004
153,65.2037259068922,19,6,2.178
154,46.30513917170025,17,8,2.19
155,65.07398145073488,19,6,2.1399999999999997
156,47.34556491080953,17,8,2.2119999999999997
157,56.09311733682549,18,7,2.1759999999999997
158,56.88415852868988,18,7,2.114
159,16.68718444727162,14,11,2.2179999999999995
160,46.7890483228247,17,8,2.266
161,77.03160142359708,20,5,2.2
162,47.99551253335805,17,8,2.2039999999999997
163,87.21991174149632,21,4,2.152
164,46.9623446032102,17,8,2.226
165,47.221485248271236,17,8,2.1799999999999997
166,76.52445894378639,20,5,2.272
167,35.80981870876542,16,9,2.1700000000000004
168,76.26158100740832,20,5,2.214
169,55.51507495739507,18,7,2.2580000000000005
170,35.39508403811175,16,9,2.13
171,45.197025746382664,17,8,2.268
172,35.253787161325704,16,9,2.25
173,25.562599330885234,15,10,2.284
174,44.90706873782423,17,8,2.29
175,56.94570101361316,18,7,2.176
176,36.542295308692616,16,9,2.202
177,36.55262428245492,16,9,2.1700000000000004
178,46.54612605325752,17,8,2.2039999999999997
179,25.67108998514869,15,10,2.2
180,66.4054243142813,19,6,2.2399999999999998
181,25.707232205086406,15,10,2.222
182,45.97861659631109,17,8,2.2199999999999998
183,56.287205519526026,18,7,2.292
184,64.04879430502751,19,6,2.176
185,44.54505632270245,17,8,2.202
186,74.81459277429275,20,5,2.2699999999999996
187,66.73011397656067,19,6,2.256
188,47.548261563270096,17,8,2.3120000000000003
189,26.734714147100973,15,10,2.224
190,64.76381572354683,19,6,2.32
191,66.89038421570257,19,6,2.296
192,35.819523683761616,16,9,2.182
193,55.427619870406915,18,7,2.2119999999999997
194,36.72851174152991,16,9,2.274
195,57.287103954957686,18,7,2.1120000000000005
196,67.02050378624216,19,6,2.164
197,15.990425457706461,14,11,2.214
198,76.7421379624587,20,5,2.242
199,56.83428129622811,18,7,2.22
200,68.2028243338938,19,6,2.2640000000000002
201,47.023369494126015,17,8,2.17
202,37.28144904928858,16,9,2.072
203,87.60568758129529,21,4,2.3219999999999996
204,75.94388564449507,20,5,2.256
205,54.56865064969716,18,7,2.1999999999999997
206,47.28195675028971,17,8,2.2779999999999996
207,27.405561829493628,15,10,2.29
208,67.73725489070145,19,6,2.2520000000000002
209,67.62624999419792,19,6,2.114
210,56.63899387017455,18,7,2.274
211,64.48700431423171,19,6,2.234
212,64.07820152135056,19,6,2.2020000000000004
213,36.48299113739937,16,9,2.282
214,36.77885359640662,16,9,2.162
215,36.231057622142814,16,9,2.25
216,46.98427977597325,17,8,2.2359999999999998
217,67.87903165600527,19,6,2.232
218,35.72580731650801,16,9,2.1479999999999997
219,46.859177678520176,17,8,2.2560000000000002
220,66.98312968567662,19,6,2.114
221,55.6948848780784,18,7,2.23
222,48.632629796809994,17,8,2.218
223,35.94457929016618,16,9,2.244
224,26.02016329731387,15,10,2.228
225,15.163767037291095,14,11,2.284
226,66.64135104185844,19,6,2.2400000000000007
227,65.36977005719349,19,6,2.214
228,26.830048674819526,15,10,2.2499999999999996
229,36.06353857715587,16,9,2.268
230,37.42265013192327,16,9,2.1800000000000006
231,65.61067079003364,19,6,2.2039999999999997
232,27.363957913926498,15,10,2.234
233,27.655563464873097,15,10,2.238
234,47.84792588440584,17,8,2.348
235,67.2055001199051,19,6,2.26
236,67.21376755930693,19,6,2.2380000000000004
237,56.232608523052285,18,7,2.2020000000000004
238,45.841033284675426,17,8,2.1420000000000003
239,45.10591910866914,17,8,2.1340000000000003
240,28.72029836593687,15,10,2.198
241,48.52310095385136,17,8,2.1540000000000004
242,67.3265779747718,19,6,2.226
243,47.253581069868076,17,8,2.2560000000000002
244,25.001570549568463,15,10,2.246
245,47.45943328034348,17,8,2.224
246,47.83879637328587,17,8,2.1900000000000004
247,27.47840879745832,15,10,2.2880000000000003
248,28.023948407171105,15,10,2.178
249,68.29531274927837,19,6,2.182
250,58.156368156710926,18,7,2.0919999999999996
251,37.35181875030533,16,9,2.1539999999999995
252,37.8914984228731,16,9,2.236
253,58.61398675623681,18,7,2.146
254,47.15069580422564,17,8,2.2380000000000004
255,48.109906901150076,17,8,2.238
256,36.79653822213966,16,9,2.2520000000000002
257,27.523649515267223,15,10,2.2399999999999998
258,37.18144654450836,16,9,2.186
259,46.78668728302991,17,8,2.2800000000000002
260,77.36251621097324,20,5,2.2399999999999998
261,45.30935555001941,17,8,2.2280000000000006
262,56.1538332870481,18,7,2.184
263,66.64567648461951,19,6,2.1679999999999997
264,28.256660571186437,15,10,2.2359999999999998
265,36.6037396817844,16,9,2.136
266,46.61758724944643,17,8,2.322
267,45.99357979139333,17,8,2.202
268,66.4844333998037,19,6,2.218
269,37.15065903818644,16,9,2.18
270,26.71120647405422,15,10,2.152
271,57.32006786122379,18,7,2.182
272,26.64137732841429,15,10,2.266
273,47.08344887817812,17,8,2.242
274,65.6486496731064,19,6,2.22
275,36.99545625541239,16,9,2.1700000000000004
276,47.46959801106181,17,8,2.2640000000000002
277,46.58474989748885,17,8,2.146
278,55.87678439080777,18,7,2.198
279,36.90236708950922,16,9,2.28
280,37.3705918943044,16,9,2.2720000000000002
281,16.561735998154774,14,11,2.214
282,46.83436998306564,17,8,2.196
283,56.297176590439875,18,7,2.196
284,17.20098808798093,14,11,2.3
285,54.775173513862846,18,7,2.3980000000000006
286,7.017221922426579,13,12,2.21
287,46.49745150929021,17,8,2.1679999999999997
288,37.0301253616848,16,9,2.24
289,55.109648258884576,18,7,2.322
290,46.377881811718964,17,8,2.19
291,55.05994787616854,18,7,2.2359999999999998
292,66.70421775295284,19,6,2.204
293,56.20936835866346,18,7,2.2039999999999997
294,56.81242401050064,18,7,2.138
295,45.81811297995934,17,8,2.18
296,57.24715880345568,18,7,2.276
297,37.9355559322666,16,9,2.2
298,27.15472745360101,15,10,2.21
299,57.25008805893159,18,7,2.2060000000000004
300,67.13457114777479,19,6,2.212
301,37.128680155517465,16,9,2.2039999999999997
302,66.96443011900841,19,6,2.19
303,46.473078700357654,17,8,2.2220000000000004
304,46.38474992619205,17,8,2.376
305,47.6339408300098,17,8,2.144
306,85.37792123635546,21,4,2.186
307,66.23186283645853,19,6,2.174
308,55.86064156572053,18,7,2.266
309,56.26816891111112,18,7,2.202
310,37.08357950410199,16,9,2.204
311,45.61427373656164,17,8,2.2619999999999996
312,35.85425710720893,16,9,2.12
313,36.61550659298414,16,9,2.2680000000000002
314,46.03760537844426,17,8,2.26
315,57.005313760796604,18,7,2.208
316,46.7263751617488,17,8,2.2319999999999998
317,76.17063476283305,20,5,2.2199999999999998
318,36.956609047367735,16,9,2.182
319,47.729075488792446,17,8,2.2439999999999998
320,57.766601753918195,18,7,2.1740000000000004
321,77.25686637954243,20,5,2.2479999999999998
322,46.11924189464318,17,8,2.192
323,67.84109332834132,19,6,2.132
324,56.89077919869766,18,7,2.2039999999999997
325,56.92060263847743,18,7,2.266
326,47.298932041266426,17,8,2.268
327,57.029020231573064,18,7,2.1900000000000004
328,57.10098990691817,18,7,2.282
329,67.76163756122834,19,6,2.19
330,76.50695788614503,20,5,2.242
331,46.58058557361029,17,8,2.184
332,67.95924364692843,19,6,2.1919999999999997
333,47.44357554433562,17,8,2.222
334,85.91295422254193,21,4,2.2800000000000002
335,56.8120397783124,18,7,2.222
336,46.78017571048987,17,8,2.166
337,77.14712467176706,20,5,2.118
338,46.93186722201742,17,8,2.2499999999999996
339,77.44767424121686,20,5,2.232
340,66.904705867267,19,6,2.238
341,47.27477665396422,17,8,2.25
342,56.49622201059823,18,7,2.2180000000000004
343,76.01805135723428,20,5,2.2380000000000004
344,57.48777116835185,18,7,2.152
345,47.3295825460758,17,8,2.2600000000000002
346,66.29717749150832,19,6,2.246
347,64.93086766430739,19,6,2.246
348,57.686667456795625,18,7,2.2459999999999996
349,66.77951486609616,19,6,2.202
350,46.32895574109518,17,8,2.2379999999999995
351,77.23483611306493,20,5,2.2640000000000002
352,76.98540484418594,20,5,2.358
353,77.30296597668537,20,5,2.0980000000000003
354,67.5222059044835,19,6,2.254
355,66.61193246891983,19,6,2.2199999999999998
356,56.69699341313239,18,7,2.2340000000000004
357,46.764059372730735,17,8,2.274
358,67.82035417553496,19,6,2.21
359,56.543969389587645,18,7,2.17
360,66.27042111583857,19,6,2.2139999999999995
361,56.87327454402058,18,7,2.374
362,56.43972194468589,18,7,2.272
363,66.3961723565729,19,6,2.236
364,66.55238940918574,19,6,2.248
365,66.35777938814766,19,6,2.2479999999999998
366,67.11699708172614,19,6,2.246
367,46.74660911657925,17,8,2.154
368,45.57286444525415,17,8,2.246
369,56.46742946400478,18,7,2.228
370,65.56525513569555,19,6,2.202
371,46.95625069817235,17,8,2.186
372,55.935729214227884,18,7,2.232
373,67.23291299970138,19,6,2.3119999999999994
374,67.19525847906876,19,6,2.164
375,65.46922064223136,19,6,2.21
376,66.15804141553373,19,6,2.3000000000000003
377,57.4446681026036,18,7,2.1079999999999997
378,56.31419535564011,18,7,2.232
379,56.16612542786005,18,7,2.3040000000000003
380,57.35477466451299,18,7,2.2920000000000003
381,57.89579827055744,18,7,2.242
382,86.08989828486031,21,4,2.182
383,45.75695318420805,17,8,2.2279999999999998
384,67.12012251376322,19,6,2.272
385,46.62156106110682,17,8,2.232
386,76.13716972549854,20,5,2.192
387,64.4067225039973,19,6,2.21
388,55.50708982569831,18,7,2.306
389,46.73319476278921,17,8,2.186
390,66.09916283648307,19,6,2.3099999999999996
391,67.77970254412412,19,6,2.248
392,66.68859035752314,19,6,2.2479999999999998
393,36.67280547766282,16,9,2.214
394,46.879726586162036,17,8,2.2199999999999998
395,55.977679674291394,18,7,2.2779999999999996
396,65.45951291885537,19,6,2.2300000000000004
397,76.17056191703122,20,5,2.1839999999999997
398,57.04737912339739,18,7,2.1260000000000003
399,45.84093954936264,17,8,2.1819999999999995
400,55.41271655167406,18,7,2.16
401,56.294900990527964,18,7,2.2399999999999998
402,77.79843173647568,20,5,2.3020000000000005
403,65.84542138190982,19,6,2.196
404,56.51789771131631,18,7,2.184
405,56.432667325218326,18,7,2.2
406,76.78978413141579,20,5,2.232
407,77.1945121930798,20,5,2.2039999999999997
408,66.92907576798906,19,6,2.4
409,65.91327953534078,19,6,2.1919999999999997
410,66.9337871780655,19,6,2.27
411,55.51873558175813,18,7,2.226
412,77.23388022288313,20,5,2.218
413,65.94294549563706,19,6,2.1860000000000004
414,56.647823117193454,18,7,2.21
415,57.56553945724947,18,7,2.232
416,48.32164836497166,17,8,2.2860000000000005
417,77.53535711837344,20,5,2.1380000000000003
418,67.35825873118868,19,6,2.1800000000000006
419,67.8055789112984,19,6,2.2600000000000002
420,57.63006398411383,18,7,2.182
421,68.82644158791736,19,6,2.2380000000000004
422,77.52255720442581,20,5,2.1860000000000004
423,57.08474814612628,18,7,2.234
424,56.21869882319345,18,7,2.158
425,68.31809529070743,19,6,2.204
426,56.348286387496245,18,7,2.29
427,57.12076693522604,18,7,2.198
428,77.4138983739013,20,5,2.1719999999999997
429,76.11094090404653,20,5,2.25
430,66.46116214535613,19,6,2.276
431,66.48403626696876,19,6,2.1979999999999995
432,77.67483547045492,20,5,2.2079999999999997
433,77.09430146585707,20,5,2.25
434,78.0359671534298,20,5,2.2359999999999998
435,67.76840988032265,19,6,2.17
436,57.36119612426086,18,7,2.284
437,68.12173560198458,19,6,2.1980000000000004
438,86.36289107613096,21,4,2.162
439,88.07230011622454,21,4,2.1439999999999997
440,66.82443456790774,19,6,2.2339999999999995
441,67.4114311820982,19,6,2.16
442,66.58116191658756,19,6,2.2220000000000004
443,86.92400744111049,21,4,2.1759999999999997
444,56.75717226405315,18,7,2.192
445,56.23661624372755,18,7,2.26
446,78.35314685365084,20,5,2.206
447,56.68885770678273,18,7,2.2559999999999993
448,56.61955867911145,18,7,2.2
449,66.25653680356523,19,6,2.2359999999999998
450,65.81539096729459,19,6,2.2019999999999995
451,86.40255176765294,21,4,2.13
452,66.77806133648244,19,6,2.188
453,86.94641750594342,21,4,2.2339999999999995
454,77.60797293922207,20,5,2.0599999999999996
455,57.076082438573046,18,7,2.204
456,67.51910072501758,19,6,2.15
457,86.43792791456877,21,4,2.1700000000000004
458,67.86317040255521,19,6,2.302
459,77.29520166830069,20,5,2.2500000000000004
460,67.6802590891528,19,6,2.192
461,67.84366836762531,19,6,2.26
462,77.4830690959016,20,5,2.2359999999999998
463,56.6736537947009,18,7,2.2600000000000002
464,67.08533171794711,19,6,2.2039999999999997
465,77.21234294397811,20,5,2.226
466,67.07564983623274,19,6,2.2680000000000002
467,56.56324992936447,18,7,2.164
468,77.85445136211577,20,5,2.2720000000000002
469,66.89932992535202,19,6,2.218
470,57.357341108846335,18,7,2.2939999999999996
471,67.45897647610954,19,6,2.1100000000000003
472,66.57703073356198,19,6,2.188
473,47.00901746986856,17,8,2.222
474,77.7341768544556,20,5,2.218
475,55.996226829293605,18,7,2.146
476,56.53058445003475,18,7,2.2800000000000002
477,86.22417982390726,21,4,2.232
478,56.715130016596234,18,7,2.2379999999999995
479,87.97497438379142,21,4,2.242
480,77.02076238735549,20,5,2.248
481,76.88689260787069,20,5,2.1819999999999995
482,67.00257447316451,19,6,2.264
483,86.51072002206915,21,4,2.214
484,66.32898274617114,19,6,2.27
485,87.44369200595708,21,4,2.232
486,77.60896993297239,20,5,2.2020000000000004
487,47.51453670798172,17,8,2.286
488,57.48196611729895,18,7,2.2260000000000004
489,66.42920247133823,19,6,2.246
490,67.56187055339886,19,6,2.184
491,67.49473987237835,19,6,2.2419999999999995
492,87.07948367389716,21,4,2.128
493,87.40486681207834,21,4,2.112
494,65.61175658687335,19,6,2.2880000000000003
495,86.73489507622664,21,4,2.146
496,87.29196772603574,21,4,2.194
497,66.04616552347164,19,6,2.184444444444445
498,76.0780043736425,20,5,2.254
499,75.2405408594847,20,5,2.19
500,67.15767617771736,19,6,2.248
501,56.19082817013833,18,7,2.222
502,67.02935476536034,19,6,2.216
503,74.49566166751426,20,5,2.234
504,65.9006153860159,19,6,2.2540000000000004
505,76.58019127739266,20,5,2.2760000000000002
506,76.55021003482776,20,5,2.202
507,106.14460356904054,23,2,2.214
508,85.48658011755317,21,4,2.276
509,84.66555770454744,21,4,2.258
510,86.41696841745346,21,4,2.2560000000000002
511,66.23175021909458,19,6,2.192
512,76.95868756139254,20,5,2.146
513,87.73176311818148,21,4,2.17
514,75.68417430851994,20,5,2.208
515,66.79495964094174,19,6,2.254
516,87.3000310012517,21,4,2.354
517,65.66454458004061,19,6,2.2499999999999996
518,77.28931122135766,20,5,2.314
519,64.55858660170091,19,6,2.116
520,86.50613107205172,21,4,2.216
521,76.31473761674992,20,5,2.196
522,77.26061711650547,20,5,2.192
523,98.03324511697072,22,3,2.2
524,57.09047004592001,18,7,2.2459999999999996
525,86.18307986748059,21,4,2.1820000000000004
526,87.28518312492379,21,4,2.13
527,76.99704953855665,20,5,2.2520000000000002
528,76.81197621877108,20,5,2.144
529,65.27014894161111,19,6,2.206
530,66.26474822089119,19,6,2.172
531,65.58388370337647,19,6,2.216
532,96.40356310924906,22,3,2.27
533,95.5956728746801,22,3,2.2179999999999995
534,96.60809824369485,22,3,2.228
535,67.29778782134073,19,6,2.25
536,96.1602139497311,22,3,2.2340000000000004
537,77.4701390398516,20,5,2.19
538,74.89251014829944,20,5,2.1959999999999997
539,47.63577241880783,17,8,2.274
540,75.4575287934055,20,5,2.212
541,66.16618358979972,19,6,2.2359999999999998
542,55.66462700534378,18,7,2.2199999999999998
543,66.32238015722304,19,6,2.206
544,76.53199953662309,20,5,2.318
545,67.8318266475353,19,6,2.21
546,66.77840602629355,19,6,2.2
547,66.74567987822186,19,6,2.2779999999999996
548,67.24284303683838,19,6,2.196
549,85.8921449872206,21,4,2.242
550,64.55583873416288,19,6,2.2920000000000007
551,75.51383205603132,20,5,2.256
552,66.01848781664573,19,6,2.216
553,75.73526032370819,20,5,2.2619999999999996
554,76.55675984289422,20,5,2.242
555,75.01879004745524,20,5,2.2359999999999998
556,65.58543057721144,19,6,2.2359999999999998
557,65.88853683749255,19,6,2.268
558,75.93351127021437,20,5,2.2500000000000004
559,85.42598169847635,21,4,2.1879999999999997
560,85.32428139234656,21,4,2.176
561,75.74118753737903,20,5,2.316
562,76.50763137993215,20,5,2.1420000000000003
563,56.7689909601237,18,7,2.266
564,74.67450797057636,20,5,2.2699999999999996
565,86.69111985234754,21,4,2.148
566,65.58044300904498,19,6,2.226
567,66.48297167707717,19,6,2.2359999999999998
568,66.7728005836193,19,6,2.146
569,86.03269445743426,21,4,2.206
570,46.514613001853874,17,8,2.2439999999999998
571,65.67597166868593,19,6,2.2
572,75.60877395840285,20,5,2.214
573,86.34093674737348,21,4,2.272
574,77.4167988905467,20,5,2.1860000000000004
575,66.97630356520945,19,6,2.176
576,67.13975578783868,19,6,2.21
577,76.3695244602112,20,5,2.226
578,76.79882491112734,20,5,2.2380000000000004
579,77.35794390087797,20,5,2.2159999999999997
580,86.76391977971046,21,4,2.1822222222222223
581,86.98757108654979,21,4,2.2239999999999998
582,67.07749295927624,19,6,2.198
583,66.48894277820332,19,6,2.178
584,76.34022107842257,20,5,2.286
585,67.35398887902623,19,6,2.2039999999999997
586,87.28343039705081,21,4,2.217777777777778
587,95.96388159242449,22,3,2.3139999999999996
588,96.14623440659798,22,3,2.232
589,85.88029216802535,21,4,2.246
590,106.0216161737966,23,2,2.23
591,65.66809371334652,19,6,2.0920000000000005
592,95.9562415262307,22,3,2.2640000000000002
593,105.41215208377665,23,2,2.2439999999999998
594,76.39603726401346,20,5,2.1879999999999997
595,85.85609182697051,21,4,2.1879999999999997
596,85.99467936158827,21,4,2.21
597,85.42221660458769,21,4,2.2960000000000003
598,86.01953286514185,21,4,2.1719999999999997
599,84.8772390597166,21,4,2.112
600,57.156838163952756,18,7,2.228
601,97.04818757265188,22,3,2.1599999999999997
602,87.07769693846724,21,4,2.1900000000000004
603,67.21650553368211,19,6,2.2555555555555555
604,65.92224725927254,19,6,2.1640000000000006
605,66.4267966581111,19,6,2.312
606,76.36812150009119,20,5,2.216
607,76.11383405896427,20,5,2.1399999999999997
608,55.11966600752746,18,7,2.186
609,55.522491448246456,18,7,2.178
610,65.81627021510492,19,6,2.2039999999999997
611,76.542199424747,20,5,2.3040000000000003
612,77.56078664864063,20,5,2.252
613,76.6118154802144,20,5,2.216
614,56.49085531386115,18,7,2.124
615,67.18441903855125,19,6,2.2119999999999997
616,56.469808505260445,18,7,2.1599999999999997
617,46.40583837734793,17,8,2.27
618,56.86533860620992,18,7,2.286
619,77.21747497132016,20,5,2.104
620,76.25834522387822,20,5,2.316
621,86.83435471279525,21,4,2.178
622,66.85149938894389,19,6,2.226
623,56.648141368923696,18,7,2.2577777777777777
624,76.87413904969638,20,5,2.252
625,56.39712435819956,18,7,2.1899999999999995
626,65.75754544003759,19,6,2.184
627,66.00842393740855,19,6,2.332
628,66.05958821207689,19,6,2.31
629,86.63189392771235,21,4,2.2479999999999998
630,66.63845823165822,19,6,2.2020000000000004
631,65.16937512901063,19,6,2.212
632,56.630354501081115,18,7,2.2119999999999997
633,67.06667867262917,19,6,2.2359999999999998
634,75.54499720363678,20,5,2.212
635,56.12595135744997,18,7,2.23
636,76.88240766075201,20,5,2.238
637,67.22283209461213,19,6,2.272
638,45.93634390009391,17,8,2.278
639,46.02304319257284,17,8,2.316
640,66.36139501147827,19,6,2.25
641,66.921688327139,19,6,2.166
642,57.24957867319236,18,7,2.1900000000000004
643,85.92902094214215,21,4,2.2239999999999998
644,56.602029628733966,18,7,2.19
645,46.68032427750543,17,8,2.242
646,67.06586906162231,19,6,2.152
647,76.55233547056697,20,5,2.1460000000000004
648,57.22749184784817,18,7,2.146
649,57.47061191183506,18,7,2.186
650,57.44376349023766,18,7,2.1879999999999997
651,77.07604235992942,20,5,2.274
652,46.31968593191999,17,8,2.186
653,36.9897261393825,16,9,2.178
654,57.41708302908638,18,7,2.21
655,57.885943894413174,18,7,2.2660000000000005
656,68.37353617969492,19,6,2.232
657,57.51480748648474,18,7,2.246
658,67.40802008485788,19,6,2.246
659,77.85913726832045,20,5,2.2720000000000002
660,56.56828141042991,18,7,2.2700000000000005
661,36.25302331875591,16,9,2.1119999999999997
662,47.206192685217104,17,8,2.21
663,67.3870717696087,19,6,2.2039999999999997
664,67.34791815452651,19,6,2.17
665,57.46864575610853,18,7,2.334
666,66.35414366468571,19,6,2.2459999999999996
667,57.74358208892415,18,7,2.23
668,66.47611336641101,19,6,2.2439999999999998
669,77.44022181041974,20,5,2.198
670,75.84431084562598,20,5,2.1799999999999997
671,57.871038364996934,18,7,2.3320000000000003
672,86.7659422591183,21,4,2.1999999999999997
673,55.500249271087434,18,7,2.298
674,86.84623562007485,21,4,2.3
675,66.7923999356248,19,6,2.162
676,65.96268408675745,19,6,2.228
677,87.53311551054878,21,4,2.246
678,77.42105483140394,20,5,2.182
679,87.4707068277923,21,4,2.34
680,75.93794426616513,20,5,2.242
681,67.39302638059043,19,6,2.216
682,66.64422622794218,19,6,2.2779999999999996
683,76.12649942600427,20,5,2.228
684,66.3951270918131,19,6,2.188
685,56.994258989748815,18,7,2.176
686,47.63226034010738,17,8,2.2279999999999998
687,67.11157638951761,19,6,2.25
688,67.71463218159282,19,6,2.216
689,76.77113030574301,20,5,2.178
690,77.48267483672313,20,5,2.194
691,87.90109362219658,21,4,2.198
692,47.6698643948798,17,8,2.3259999999999996
693,57.141719827117186,18,7,2.3139999999999996
694,67.2468214195314,19,6,2.2279999999999998
695,67.04599474196927,19,6,2.2019999999999995
696,46.651583414674406,17,8,2.2239999999999998
697,77.34143021392491,20,5,2.1900000000000004
698,97.50361361780338,22,3,2.2640000000000002
699,77.23174763775737,20,5,2.2800000000000002
700,58.14495405335969,18,7,2.3040000000000003
701,77.27023312651032,20,5,2.378
702,87.94763383959047,21,4,2.26
703,77.37787292699,20,5,2.1279999999999997
704,76.63659350988797,20,5,2.29
705,57.34273077788929,18,7,2.2120000000000006
706,66.57821939791205,19,6,2.2299999999999995
707,67.48703657722172,19,6,2.226
708,66.73391416499392,19,6,2.162
709,57.345624685712295,18,7,2.2239999999999998
710,67.51500491522647,19,6,2.2239999999999998
711,56.47114973613659,18,7,2.232
712,77.21955684924983,20,5,2.2459999999999996
713,76.76301326896136,20,5,2.2439999999999998
714,56.59658019436829,18,7,2.2339999999999995
715,66.83312387836536,19,6,2.186
716,77.0116231942802,20,5,2.234
717,57.166230828789395,18,7,2.1
718,67.13754301411201,19,6,2.206
719,76.68561675327557,20,5,2.282
720,86.91993855098251,21,4,2.198
721,66.51339018599046,19,6,2.238
722,76.3346887529719,20,5,2.146
723,86.35493959548798,21,4,2.206
724,86.9852523242975,21,4,2.294
725,77.39895770169822,20,5,2.2
726,66.9939366402554,19,6,2.232
727,78.18484304863165,20,5,2.2619999999999996
728,88.03516742991714,21,4,2.288
729,77.29941749533253,20,5,2.224
730,78.16117756591854,20,5,2.26
731,87.6630099897848,21,4,2.18
732,67.270088949955,19,6,2.268
733,67.24108441746658,19,6,2.2280000000000006
734,86.70927909255359,21,4,2.226
735,77.24971703157624,20,5,2.2359999999999998
736,67.24267312551852,19,6,2.19
737,87.22956869032019,21,4,2.26
738,87.72910234204801,21,4,2.262
739,97.52059744265006,22,3,2.246
740,88.15922894492374,21,4,2.248
741,67.24654287180736,19,6,2.1740000000000004
742,56.71195564377912,18,7,2.266
743,76.44384924686584,20,5,2.2239999999999998
744,66.67751786197597,19,6,2.0820000000000003
745,76.6515391523439,20,5,2.2680000000000002
746,66.67913538782938,19,6,2.166
747,77.38578011310595,20,5,2.196
748,47.16696062434607,17,8,2.1700000000000004
749,46.709766767469496,17,8,2.1879999999999997
750,77.26500841040829,20,5,2.2800000000000002
751,57.3165053994323,18,7,2.228
752,77.31207282592453,20,5,2.23
753,77.34116027657552,20,5,2.286
754,87.53188383793616,21,4,2.25
755,67.54270005629776,19,6,2.232
756,87.91359696933077,21,4,2.246
757,77.11041162393215,20,5,2.232
758,67.79250186013657,19,6,2.268
759,76.97158291639013,20,5,2.2199999999999998
760,67.38353394388712,19,6,2.2239999999999998
761,77.85584045877717,20,5,2.282
762,77.08108623418812,20,5,2.2199999999999998
763,86.13690784937691,21,4,2.2560000000000002
764,66.68094380465375,19,6,2.2039999999999997
765,86.93061476614466,21,4,2.314
766,77.37861563504735,20,5,2.206
767,66.1976166401664,19,6,2.1599999999999997
768,77.890179010279,20,5,2.242
769,77.26520020518912,20,5,2.2399999999999998
770,78.0333991480991,20,5,2.2220000000000004
771,65.270948453758,19,6,2.276
772,66.95854914543789,19,6,2.3139999999999996
773,77.30461013982722,20,5,2.1979999999999995
774,85.46087356464145,21,4,2.1700000000000004
775,56.69858003002469,18,7,2.2600000000000002
776,77.07384014236702,20,5,2.136
777,67.96394332565218,19,6,2.2699999999999996
778,77.03749061646714,20,5,2.2439999999999998
779,76.72948374442856,20,5,2.192
780,67.3532793592701,19,6,2.1580000000000004
781,77.18422816476975,20,5,2.27
782,77.65027140124332,20,5,2.128
783,76.80516871259134,20,5,2.2279999999999998
784,66.71473463049395,19,6,2.212
785,86.1692482194256,21,4,2.2019999999999995
786,77.22448455995668,20,5,2.188
787,77.44565218979572,20,5,2.232
788,76.92132062537753,20,5,2.2119999999999997
789,86.46947669832254,21,4,2.2
790,76.49175180821685,20,5,2.294
791,77.07532202251637,20,5,2.1539999999999995
792,76.65422442686693,20,5,2.132
793,65.42777695791361,19,6,2.244
794,85.56524109752829,21,4,2.274
795,77.75942744982197,20,5,2.234
796,77.42760331456113,20,5,2.3619999999999997
797,87.00910824946712,21,4,2.1940000000000004
798,96.78393806374488,22,3,2.164
799,85.25977353078342,21,4,2.3320000000000003
800,88.2576258624268,21,4,2.324
801,66.80579721881134,19,6,2.266
802,85.81030698223228,21,4,2.1640000000000006
803,65.93094007399773,19,6,2.132
804,74.73192428370483,20,5,2.264
805,66.42610446537758,19,6,2.246
806,66.46738132800391,19,6,2.25
807,66.05678913798835,19,6,2.2580000000000005
808,87.30135669165678,21,4,2.192
809,96.25060551986249,22,3,2.2560000000000002
810,86.84779675283333,21,4,2.176
811,76.25018586168697,20,5,2.1379999999999995
812,66.6935844333045,19,6,2.2680000000000002
813,86.18397853531633,21,4,2.1879999999999997
814,76.54899832255768,20,5,2.2299999999999995
815,76.76456151968331,20,5,2.1279999999999997
816,66.93785609600421,19,6,2.1900000000000004
817,66.07590404407826,19,6,2.3279999999999994
818,75.98276128391937,20,5,2.2299999999999995
819,65.39696344708504,19,6,2.1120000000000005
820,55.977357905517906,18,7,2.194
821,66.18258805931158,19,6,2.2279999999999993
822,67.60241806639245,19,6,2.214
823,55.90493557665212,18,7,2.2359999999999998
824,77.27152671085818,20,5,2.168
825,67.09634855492992,19,6,2.1439999999999997
826,77.16463111716949,20,5,2.204
827,57.168623318170646,18,7,2.2800000000000002
828,87.16325902626609,21,4,2.264
829,86.50901112726774,21,4,2.1100000000000003
830,56.40214387371161,18,7,2.2620000000000005
831,87.3926848915589,21,4,2.1719999999999997
832,87.6332801828213,21,4,2.2380000000000004
833,75.29814345729797,20,5,2.29
834,85.23496892158434,21,4,2.206
835,76.33943777097879,20,5,2.188
836,65.91727658405978,19,6,2.226
837,76.63042094404712,20,5,2.082
838,75.01402831954117,20,5,2.2300000000000004
839,86.36172790757183,21,4,2.188
840,66.72202655920545,19,6,2.218
841,86.61943585605144,21,4,2.348
842,76.86921119289164,20,5,2.194
843,75.466415295157,20,5,2.17
844,66.63116895543331,19,6,2.1759999999999997
845,75.86059285150941,20,5,2.222
846,96.26036051565966,22,3,2.222
847,76.62818691310757,20,5,2.2
848,67.27170419560589,19,6,2.2060000000000004
849,66.04901694727958,19,6,2.3179999999999996
850,66.41667638277313,19,6,2.2739999999999996
851,67.35812771196198,19,6,2.282
852,66.45668004072242,19,6,2.1719999999999997
853,66.62266539156288,19,6,2.134
854,76.07920321477775,20,5,2.1919999999999997
855,67.27825833149991,19,6,2.186
856,76.58389476469898,20,5,2.1279999999999997
857,85.72660922287537,21,4,2.2540000000000004
858,76.83657933417733,20,5,2.2680000000000002
859,75.80183665090473,20,5,2.214
860,76.05400692528583,20,5,2.2800000000000002
861,66.4671206623064,19,6,2.222
862,87.35891956837581,21,4,2.2
863,76.14293892104003,20,5,2.252
864,67.40462505966421,19,6,2.27
865,74.96307443200557,20,5,2.194
866,76.62954834391071,20,5,2.3080000000000003
867,76.59405182288654,20,5,2.242
868,86.27897191687289,21,4,2.25
869,87.457403808998,21,4,2.278
870,66.25850505638132,19,6,2.29
871,66.67012200971182,19,6,2.21
872,87.42640028782239,21,4,2.142
873,86.93275829394477,21,4,2.248
874,87.27312647587718,21,4,2.2759999999999994
875,86.02414590535476,21,4,2.2960000000000003
876,67.25852823639944,19,6,2.1839999999999997
877,76.34298470791838,20,5,2.286
878,66.30972516194628,19,6,2.1420000000000003
879,76.66436376308098,20,5,2.162
880,77.32880095046964,20,5,2.344
881,87.51106682533268,21,4,2.2399999999999998
882,77.07756593570787,20,5,2.19
883,66.35438096231485,19,6,2.258
884,56.850046913380254,18,7,2.1879999999999997
885,76.89756362490988,20,5,2.288
886,67.58632737018124,19,6,2.2440000000000007
887,77.67210456004503,20,5,2.192
888,75.47099141974556,20,5,2.148
889,86.89052416869474,21,4,2.218
890,76.76378399125555,20,5,2.202
891,65.63106575313091,19,6,2.17
892,76.93521880863112,20,5,2.2199999999999998
893,86.64891486676704,21,4,2.252
894,76.15908038973767,20,5,2.1879999999999997
895,86.5311403062099,21,4,2.22
896,76.1794082112641,20,5,2.2659999999999996
897,66.79137661323145,19,6,2.2560000000000002
898,85.54459044012641,21,4,2.212
899,85.91130861263126,21,4,2.188
900,76.19116249562717,20,5,2.332
901,87.1577647294867,21,4,2.196
902,66.59666579807921,19,6,2.246
903,86.51690583633871,21,4,2.118
904,66.927376911891,19,6,2.226
905,86.42004449537045,21,4,2.194
906,75.75031872304676,20,5,2.252
907,77.1337076139276,20,5,2.13
908,97.41888369387176,22,3,2.2580000000000005
909,66.8598168771245,19,6,2.238
910,77.93110623625394,20,5,2.186
911,78.15620431768181,20,5,2.162
912,66.6563463250317,19,6,2.222
913,67.22942018739536,19,6,2.2079999999999997
914,66.70943506348362,19,6,2.218
915,56.08695302768906,18,7,2.29
916,77.00130485765709,20,5,2.228
917,77.90870070218818,20,5,2.134
918,87.46915744136635,21,4,2.26
919,77.97389574569178,20,5,2.1280000000000006
920,76.37340940429091,20,5,2.3139999999999996
921,87.37390582786553,21,4,2.294
922,66.91708676100644,19,6,2.2940000000000005
923,86.58911732445587,21,4,2.21
924,77.22542846281891,20,5,2.208
925,46.26455225614215,17,8,2.27
926,96.6259961388247,22,3,2.3000000000000003
927,77.202602184181,20,5,2.178
928,66.84583954955092,19,6,2.1439999999999997
929,76.6666756072438,20,5,2.2359999999999998
930,76.39369828389393,20,5,2.1919999999999997
931,86.43954062572298,21,4,2.1979999999999995
932,87.30062826165953,21,4,2.208
933,96.23696292920768,22,3,2.2520000000000002
934,97.67826375501886,22,3,2.2760000000000007
935,68.07735554476693,19,6,2.206
936,96.79944149160754,22,3,2.198
937,67.56547128333378,19,6,2.218
938,77.47085865320541,20,5,2.272
939,77.09637431800331,20,5,2.242
940,88.61766949505517,21,4,2.216
941,77.20146305783973,20,5,2.232
942,78.05867241907694,20,5,2.166
943,78.18411651031792,20,5,2.222
944,77.67365223410646,20,5,2.146
945,77.902429307293,20,5,2.326
946,97.35797340738769,22,3,2.25
947,78.42827883049658,20,5,2.2340000000000004
948,76.26145613071141,20,5,2.162
949,78.10035029284404,20,5,2.1700000000000004
950,77.30518455681924,20,5,2.152
951,77.16050418057726,20,5,2.194
952,67.3833758727329,19,6,2.232
953,59.053751815985166,18,7,2.178
954,67.05225871456034,19,6,2.2319999999999998
955,87.87826333923161,21,4,2.202
956,77.57888594628636,20,5,2.184
957,97.21784696161319,22,3,2.1399999999999997
958,57.76704728447862,18,7,2.192
959,68.14306913755325,19,6,2.252
960,67.56154223685954,19,6,2.198
961,68.24326474300139,19,6,2.2140000000000004
962,96.97703602094124,22,3,2.376
963,66.76575454385603,19,6,2.3219999999999996
964,67.38066967126163,19,6,2.226
965,76.81829928637006,20,5,2.222
966,66.82398878572415,19,6,2.154
967,78.11066440451717,20,5,2.2180000000000004
968,67.78220096311544,19,6,2.1759999999999997
969,47.81998874369884,17,8,2.2199999999999998
970,76.98911905203032,20,5,2.2119999999999997
971,86.07458679139249,21,4,2.2060000000000004
972,86.33583259315066,21,4,2.2359999999999998
973,76.48370056510588,20,5,2.25
974,76.90150195830559,20,5,2.24
975,67.38577972723046,19,6,2.2239999999999998
976,65.788941392531,19,6,2.0640000000000005
977,67.396730451623,19,6,2.18
978,77.43671651889667,20,5,2.2619999999999996
979,66.95484434204737,19,6,2.136
980,56.6892719214927,18,7,2.226
981,67.54385659342928,19,6,2.2
982,67.00949199577988,19,6,2.281999999999999
983,46.72053389130213,17,8,2.242
984,75.25849681403975,20,5,2.2739999999999996
985,66.74259272506362,19,6,2.192
986,76.9788690541962,20,5,2.104
987,67.2037403104043,19,6,2.2340000000000004
988,65.76283621004161,19,6,2.222
989,76.01588452665862,20,5,2.312
990,75.89075010941862,20,5,2.2359999999999998
991,86.76708982293853,21,4,2.164
992,87.23340435529339,21,4,2.2139999999999995
993,85.35353244924795,21,4,2.258
994,86.00722695978472,21,4,2.216
995,77.63207514768247,20,5,2.232
996,76.15564021613802,20,5,2.218
997,106.66203218575059,23,2,2.2640000000000002
998,75.90298840292536,20,5,2.1580000000000004
999,66.70815875405403,19,6,2.278
1000,87.22489989255078,21,4,2.2039999999999997
1001,76.68202489647352,20,5,2.2860000000000005
1002,65.94893021864816,19,6,2.2640000000000002
1003,77.11570292512836,20,5,2.274
1004,77.34676333774031,20,5,2.266
1005,65.61633276114763,19,6,2.29
1006,75.15754109141193,20,5,2.2
1007,76.05046988432419,20,5,2.406
1008,87.85272648957397,21,4,2.1380000000000003
1009,56.10239475287662,18,7,2.248
1010,66.43725228464602,19,6,2.242
1011,57.2291625455749,18,7,2.2380000000000004
1012,67.22651088777084,19,6,2.226
1013,76.57291483478531,20,5,2.2459999999999996
1014,75.9472722561334,20,5,2.1439999999999997
1015,76.85139825904315,20,5,2.228
1016,87.29001575636319,21,4,2.2399999999999998
1017,76.22478007903138,20,5,2.194
1018,76.31655039905165,20,5,2.2660000000000005
1019,77.16369229107751,20,5,2.1540000000000004
1020,67.17300501266558,19,6,2.246
1021,87.2991180816841,21,4,2.2800000000000002
1022,76.25735707426546,20,5,2.256
1023,67.53726436831383,19,6,2.1979999999999995
1024,67.12742465212224,19,6,2.162
1025,87.10176215785019,21,4,2.182
1026,77.11803681668854,20,5,2.25
1027,66.88379571545998,19,6,2.2520000000000002
1028,57.59652922292902,18,7,2.316
1029,77.40169734005373,20,5,2.214
1030,87.69089614192215,21,4,2.218
1031,77.9110624562077,20,5,2.164
1032,88.20859835373358,21,4,2.258
1033,67.02214332416546,19,6,2.254
1034,77.6513194963752,20,5,2.1719999999999997
1035,66.60020374572943,19,6,2.166
1036,66.9982695585485,19,6,2.24
1037,66.82202543822044,19,6,2.2800000000000002
1038,87.54979872149937,21,4,2.3539999999999996
1039,76.51837187621182,20,5,2.2540000000000004
1040,67.2760085026965,19,6,2.194
1041,57.426561442129014,18,7,2.206
1042,77.1177418623211,20,5,2.2079999999999997
1043,77.12386043135459,20,5,2.316
1044,67.65742931636979,19,6,2.216
1045,77.05935031717001,20,5,2.21
1046,67.28776206076537,19,6,2.274
1047,57.506943523677435,18,7,2.1580000000000004
1048,88.21207149726858,21,4,2.286
1049,67.46884326688543,19,6,2.162
1050,56.04522990606824,18,7,2.1539999999999995
1051,76.51850091813003,20,5,2.2119999999999997
1052,87.32926837893778,21,4,2.22
1053,76.84859358382425,20,5,2.2619999999999996
1054,87.44808109566978,21,4,2.162
1055,67.24958528851046,19,6,2.258
1056,67.34359435753338,19,6,2.268
1057,76.87096883115018,20,5,2.2239999999999998
1058,67.63983475443045,19,6,2.082
1059,57.03624268381907,18,7,2.168
1060,56.19682651677452,18,7,2.2619999999999996
1061,56.88649493278197,18,7,2.176
1062,58.47173719135591,18,7,2.2640000000000002
1063,77.15068454409999,20,5,2.2659999999999996
1064,57.18536283690054,18,7,2.178
1065,67.7798626438157,19,6,2.252
1066,87.68634359809391,21,4,2.2060000000000004
1067,77.36194475597313,20,5,2.194
1068,67.76340994440429,19,6,2.2460000000000004
1069,86.20746507262666,21,4,2.182
1070,57.89617576865878,18,7,2.202
1071,66.6154191576319,19,6,2.258
1072,57.0922282633131,18,7,2.286
1073,87.26560893825653,21,4,2.066
1074,56.83266386779271,18,7,2.1780000000000004
1075,57.272993708608865,18,7,2.322
1076,88.03848946054914,21,4,2.226
1077,56.816387205199476,18,7,2.114
1078,87.99598208701926,21,4,2.216
1079,57.0578803354195,18,7,2.3179999999999996
1080,57.830361941927706,18,7,2.2120000000000006
1081,57.23766284692907,18,7,2.174
1082,66.83895345260552,19,6,2.2359999999999998
1083,77.2790790125163,20,5,2.096
1084,67.07251505493043,19,6,2.15
1085,67.87470930667554,19,6,2.156
1086,56.99895994060053,18,7,2.082
1087,68.01880363411026,19,6,2.2
1088,76.62036070835525,20,5,2.134
1089,67.31311668804771,19,6,2.176
1090,87.04519378863942,21,4,2.246
1091,66.15907356354418,19,6,2.234
1092,66.4648373604137,19,6,2.23
1093,76.39727508920066,20,5,2.212
1094,77.63834056983532,20,5,2.306
1095,47.02818240980197,17,8,2.2720000000000002
1096,76.24926631083838,20,5,2.1879999999999997
1097,67.0928077632414,19,6,2.168
1098,47.1945636122293,17,8,2.192
1099,67.87169453032736,19,6,2.25
1100,57.141841781870454,18,7,2.2600000000000002
1101,68.32078687365255,19,6,2.272
1102,66.99074694631197,19,6,2.272
1103,56.57763690748594,18,7,2.114
1104,76.6871119060294,20,5,2.206
1105,66.18850943806981,19,6,2.196
1106,66.73397478227992,19,6,2.228
1107,67.09704716189327,19,6,2.2100000000000004
1108,66.61168167098671,19,6,2.1879999999999997
1109,56.85129313036944,18,7,2.17
1110,56.727679674932546,18,7,2.1000000000000005
1111,77.28967445037789,20,5,2.18
1112,56.001204449486096,18,7,2.222
1113,76.33037623407176,20,5,2.1900000000000004
1114,56.71421954309466,18,7,2.1439999999999997
1115,77.74426579582008,20,5,2.23
1116,65.80248636267285,19,6,2.2560000000000002
1117,77.7847292024505,20,5,2.126
1118,66.74038329392293,19,6,2.2299999999999995
1119,77.21545571804548,20,5,2.2039999999999997
1120,27.58804925760956,15,10,2.194
1121,47.259471171670086,17,8,2.152
1122,47.411974123545974,17,8,2.1900000000000004
1123,76.92370926872182,20,5,2.234
1124,56.73175347196312,18,7,2.2620000000000005
1125,56.58356887095185,18,7,2.1740000000000004
1126,37.23959959114076,16,9,2.2339999999999995
1127,46.693526760253775,17,8,2.2
1128,66.58134240748149,19,6,2.1020000000000003
1129,66.89595019208622,19,6,2.2359999999999998
1130,67.45304149544852,19,6,2.1660000000000004
1131,57.09557049725167,18,7,2.1660000000000004
1132,78.2259963246713,20,5,2.178
1133,57.159865510263614,18,7,2.2220000000000004
1134,67.8896466896859,19,6,2.31
1135,76.52338025475095,20,5,2.276
1136,57.74688270586806,18,7,2.1759999999999997
1137,48.39089871426056,17,8,2.196
1138,47.197270069009164,17,8,2.244
1139,77.83785481656085,20,5,2.2279999999999998
1140,56.5237094188943,18,7,2.16
1141,77.66714313437089,20,5,2.2720000000000002
1142,66.81955636841305,19,6,2.2339999999999995
1143,57.92179925038258,18,7,2.144
1144,66.95629593594526,19,6,2.1659999999999995
1145,57.36336016413499,18,7,2.192
1146,46.770626628181006,17,8,2.224
1147,56.85475094935295,18,7,2.2600000000000002
1148,76.24904193307546,20,5,2.23
1149,77.61269188998067,20,5,2.164
1150,67.72755762584228,19,6,2.306
1151,47.22799467714255,17,8,2.124
1152,57.136850210668555,18,7,2.214
1153,47.32941989306262,17,8,2.3040000000000003
1154,56.80796656824921,18,7,2.1979999999999995
1155,67.51738699867279,19,6,2.2079999999999997
1156,67.78496632180335,19,6,2.2779999999999996
1157,68.3130235798068,19,6,2.252
1158,66.78408095814562,19,6,2.24
1159,67.7541902649524,19,6,2.27
1160,66.67256155335951,19,6,2.2
1161,67.10516401424415,19,6,2.232
1162,67.9777212114605,19,6,2.138
1163,67.08897642008266,19,6,2.202
1164,57.357054334110444,18,7,2.222
1165,57.68914094440032,18,7,2.208
1166,76.77856825223643,20,5,2.2340000000000004
1167,77.45234135234332,20,5,2.1799999999999997
1168,86.84098967680318,21,4,2.182
1169,46.25872052986614,17,8,2.128
1170,66.82353729127566,19,6,2.2359999999999998
1171,57.074274250832346,18,7,2.158
1172,66.22349167814993,19,6,2.2659999999999996
1173,56.58736330701174,18,7,2.2640000000000002
1174,66.9503364385755,19,6,2.114
1175,75.8797902021375,20,5,2.192
1176,56.72123563740038,18,7,2.29
1177,47.9590988000144,17,8,2.2220000000000004
1178,87.57559566722493,21,4,2.162
1179,56.798417148510076,18,7,2.29
1180,67.2015753623611,19,6,2.2180000000000004
1181,56.3462564922355,18,7,2.2880000000000003
1182,56.39260297320577,18,7,2.2940000000000005
1183,66.50926367158625,19,6,2.284
1184,66.83896839830985,19,6,2.2439999999999998
1185,56.8501111563007,18,7,2.216
1186,66.82658631225847,19,6,2.2560000000000002
1187,65.76526484575513,19,6,2.2559999999999993
1188,56.896111697178114,18,7,2.208
1189,55.927708834029985,18,7,2.2
1190,57.10886291043573,18,7,2.3240000000000007
1191,65.85266807929644,19,6,2.1640000000000006
1192,66.81597443175647,19,6,2.2819999999999996
1193,66.21753495649432,19,6,2.246
1194,66.2672090222688,19,6,2.326
1195,66.51985279012685,19,6,2.2560000000000002
1196,86.51912104066096,21,4,2.248
1197,67.02238425527875,19,6,2.192
1198,76.50489484011416,20,5,2.2100000000000004
1199,76.50416190906704,20,5,2.2859999999999996
1200,77.80136919700327,20,5,2.2340000000000004
1201,66.47317690782795,19,6,2.184
1202,66.88399482382896,19,6,2.2440000000000007
1203,57.115694269947454,18,7,2.3
1204,66.10583463221296,19,6,2.2039999999999997
1205,47.00446926016694,17,8,2.15
1206,67.29235947336308,19,6,2.232
1207,57.00599944906051,18,7,2.278
1208,67.43667341683081,19,6,2.176
1209,76.03808882078737,20,5,2.25
1210,56.670199420607304,18,7,2.184
1211,56.40440682739079,18,7,2.148
1212,76.26344313227987,20,5,2.18
1213,57.07139656729095,18,7,2.1179999999999994
1214,76.70950442731885,20,5,2.296
1215,76.7687880778916,20,5,2.162
1216,76.4132042207304,20,5,2.2180000000000004
1217,76.28615656890673,20,5,2.25
1218,56.87904316522023,18,7,2.234000000000001
1219,47.04548870857083,17,8,2.184
1220,65.75065579618997,19,6,2.1899999999999995
1221,66.49355685643057,19,6,2.2479999999999998
1222,86.40525219162916,21,4,2.182
1223,86.7481193071314,21,4,2.2859999999999996
1224,56.75371306749801,18,7,2.2399999999999998
1225,77.37818027505206,20,5,2.1879999999999997
1226,76.12660440534052,20,5,2.2039999999999997
1227,66.02504187562117,19,6,2.2279999999999998
1228,67.29224192345288,19,6,2.12
1229,66.42055740631147,19,6,2.258
1230,66.60176579784087,19,6,2.228
1231,76.59615314062025,20,5,2.1759999999999997
1232,66.79899652247677,19,6,2.178
1233,77.37589214856875,20,5,2.254
1234,77.05403670929604,20,5,2.214
1235,76.1093546099567,20,5,2.2680000000000002
1236,56.72328426858076,18,7,2.284
1237,66.25401438526197,19,6,2.244
1238,66.64309835885723,19,6,2.228
1239,75.70477650419686,20,5,2.2539999999999996
1240,56.09491648609894,18,7,2.286
1241,76.20562595805444,20,5,2.154
1242,76.26585734317281,20,5,2.2340000000000004
1243,76.64911213994623,20,5,2.252
1244,55.50786450896413,18,7,2.25
1245,76.67756264072078,20,5,2.3440000000000003
1246,87.25417107161823,21,4,2.316
1247,65.65896168373297,19,6,2.218
1248,66.9687424704055,19,6,2.1559999999999997
1249,65.72549230532474,19,6,2.2139999999999995
1250,66.24544619772307,19,6,2.2060000000000004
1251,86.65921533088786,21,4,2.18
1252,76.56869612742955,20,5,2.1919999999999997
1253,76.19737949769774,20,5,2.27
1254,57.01706314691947,18,7,2.28
1255,86.13197968393838,21,4,2.29
1256,75.75675078343399,20,5,2.1620000000000004
1257,75.77372331348587,20,5,2.2159999999999997
1258,65.51489360427145,19,6,2.2479999999999998
1259,65.90386461899355,19,6,2.1540000000000004
1260,86.17129868900741,21,4,2.228
1261,65.64100348142581,19,6,2.272
1262,46.38462719897839,17,8,2.208
1263,66.67134434241483,19,6,2.1479999999999997
1264,86.39780271746983,21,4,2.234
1265,65.1805925464792,19,6,2.1400000000000006
1266,65.45806694942843,19,6,2.1919999999999997
1267,75.57505873405056,20,5,2.1979999999999995
1268,86.38053177108849,21,4,2.212
1269,77.34678544260107,20,5,2.31
1270,66.3529002974803,19,6,2.2920000000000003
1271,77.30256546317423,20,5,2.1879999999999997
1272,66.95547180332072,19,6,2.2220000000000004
1273,76.94334542651254,20,5,2.2199999999999998
1274,86.48293705343053,21,4,2.304
1275,54.920081701333146,18,7,2.2640000000000002
1276,76.87292776002016,20,5,2.1479999999999997
1277,66.94925273641832,19,6,2.236
1278,95.79920611863321,22,3,2.1879999999999997
1279,86.03597646633372,21,4,2.198
1280,76.9166875676938,20,5,2.26
1281,96.21531479971753,22,3,2.208
1282,66.4247363059747,19,6,2.2920000000000003
1283,85.70602309616257,21,4,2.194
1284,76.12983417381216,20,5,2.1900000000000004
1285,76.37302490994972,20,5,2.2359999999999998
1286,76.5943407533443,20,5,2.182
1287,57.41102013496924,18,7,2.196
1288,55.498733362387334,18,7,2.202
1289,66.1821546519982,19,6,2.184
1290,86.97945561738561,21,4,2.178
1291,67.31825385300556,19,6,2.214
1292,75.24916408350921,20,5,2.1399999999999997
1293,56.902632050594875,18,7,2.138
1294,55.61966298136594,18,7,2.1719999999999997
1295,46.191258970761524,17,8,2.1399999999999997
1296,66.30547462867416,19,6,2.2359999999999998
1297,85.79430343705167,21,4,2.276
1298,66.88422815435302,19,6,2.1780000000000004
1299,65.38788783603368,19,6,2.3120000000000003
1300,77.67927808143084,20,5,2.228
1301,76.12728629251995,20,5,2.1260000000000003
1302,76.84176749550149,20,5,2.226
1303,76.55256858066365,20,5,2.2479999999999998
1304,56.258649531282096,18,7,2.2840000000000003
1305,76.31767311550266,20,5,2.166
1306,46.527034931779696,17,8,2.216
1307,95.70560049425302,22,3,2.246
1308,66.60515210863548,19,6,2.2359999999999998
1309,45.13540663196517,17,8,2.1220000000000003
1310,65.51185546383002,19,6,2.2060000000000004
1311,56.130644842043026,18,7,2.2399999999999998
1312,46.91215239836047,17,8,2.336
1313,74.90189890475415,20,5,2.12
1314,56.7989363215851,18,7,2.1900000000000004
1315,66.8376252690749,19,6,2.2859999999999996
1316,67.02922613936822,19,6,2.208
1317,77.00376303114736,20,5,2.1719999999999997
1318,54.102355897534125,18,7,2.218
1319,66.62059084438702,19,6,2.22
1320,63.77021121240668,19,6,2.238
1321,55.69289034774707,18,7,2.2439999999999998
1322,65.38075145281981,19,6,2.1820000000000004
1323,65.83133073178932,19,6,2.278
1324,55.762458288269094,18,7,2.24
1325,45.202426338757235,17,8,2.2
1326,74.90426171417785,20,5,2.238
1327,65.59642559361998,19,6,2.2800000000000002
1328,75.9692755090536,20,5,2.28
1329,55.99750696053562,18,7,2.25
1330,76.42690372936352,20,5,2.26
1331,65.7468810418751,19,6,2.1800000000000006
1332,75.7130171755469,20,5,2.2039999999999997
1333,33.571000344786725,16,9,2.1719999999999997
1334,55.58762543422786,18,7,2.2399999999999998
1335,66.47492492422857,19,6,2.208
1336,75.70614118724772,20,5,2.1399999999999997
1337,64.69728615015256,19,6,2.178
1338,76.53348702295365,20,5,2.2439999999999998
1339,95.93927815699925,22,3,2.274
1340,65.24708542256258,19,6,2.184
1341,85.8721101373246,21,4,2.322
1342,56.442535064753066,18,7,2.206
1343,65.72125099482314,19,6,2.29
1344,65.69118765291245,19,6,2.302
1345,56.248731243982014,18,7,2.182
1346,85.74152858224006,21,4,2.2120000000000006
1347,65.16764735876703,19,6,2.2039999999999997
1348,65.22036649694017,19,6,2.132
1349,56.174896604740965,18,7,2.2399999999999998
1350,65.46852990632603,19,6,2.202
1351,66.46454615150424,19,6,2.208
1352,54.749610961153486,18,7,2.274
1353,53.991840536082705,18,7,2.232
1354,75.36948158446069,20,5,2.154
1355,75.54700487900077,20,5,2.2039999999999997
1356,64.77670797885378,19,6,2.158
1357,45.24272960320921,17,8,2.2
1358,64.3335915952915,19,6,2.21
1359,74.828522376268,20,5,2.1888888888888887
1360,64.33405839864172,19,6,2.2220000000000004
1361,85.58324072116538,21,4,2.1399999999999997
1362,84.26075786389735,21,4,2.2039999999999997
1363,75.06284126845274,20,5,2.224
1364,64.63235086951761,19,6,2.248
1365,65.30791865094481,19,6,2.22
1366,74.43507893780439,20,5,2.16
1367,54.895341701065334,18,7,2.2840000000000003
1368,85.51532419218135,21,4,2.244
1369,65.49622953658987,19,6,2.198
1370,85.4823563688951,21,4,2.212
1371,54.59369190506176,18,7,2.2619999999999996
1372,65.61403962649553,19,6,2.1799999999999997
1373,65.2403693863129,19,6,2.2600000000000002
1374,55.7611827599691,18,7,2.104
1375,75.44136915172967,20,5,2.317777777777778
1376,84.17260614145859,21,4,2.2359999999999998
1377,75.04092763006582,20,5,2.056
1378,95.19454647367705,22,3,2.176
1379,54.75901152478333,18,7,2.254
1380,75.04381073513301,20,5,2.3679999999999994
1381,74.81214881711944,20,5,2.186
1382,65.02631413623838,19,6,2.278
1383,65.75282600215316,19,6,2.254
1384,63.60727345198511,19,6,2.2920000000000003
1385,96.26925656844779,22,3,2.1419999999999995
1386,66.5112072011455,19,6,2.1660000000000004
1387,85.85662561291868,21,4,2.214
1388,75.00395398451032,20,5,2.2700000000000005
1389,74.65022330859034,20,5,2.3340000000000005
1390,74.7035073185017,20,5,2.168
1391,74.78870081846344,20,5,2.2
1392,54.74464199029106,18,7,2.264
1393,55.91904648837969,18,7,2.188
1394,76.2394145711553,20,5,2.2
1395,64.3307628714367,19,6,2.284
1396,66.08278968526099,19,6,2.206
1397,63.705386105724365,19,6,2.25
1398,75.52214919829993,20,5,2.23
1399,53.55677462354876,18,7,2.1800000000000006
1400,65.87901637381445,19,6,2.232
1401,75.24979189128892,20,5,2.268
1402,75.44436185140044,20,5,2.194
1403,74.31797552446919,20,5,2.2039999999999997
1404,65.48237232192884,19,6,2.2559999999999993
1405,75.38966359284441,20,5,2.2
1406,76.7975187004086,20,5,2.2340000000000004
1407,75.33202921047261,20,5,2.156
1408,85.61445564897986,21,4,2.242
1409,75.21343282074214,20,5,2.242
1410,86.1003698002175,21,4,2.196
1411,77.02725700141059,20,5,2.236
1412,74.96162584753652,20,5,2.2279999999999998
1413,76.0098769341552,20,5,2.2039999999999997
1414,84.82027609954424,21,4,2.108
1415,65.9296807829863,19,6,2.228
1416,96.90169354233905,22,3,2.24
1417,85.22608786196648,21,4,2.2580000000000005
1418,74.62541748445337,20,5,2.232
1419,85.79141442594141,21,4,2.316
1420,75.6360777565055,20,5,2.248
1421,56.784936054323886,18,7,2.13
1422,86.90539040781805,21,4,2.198
1423,55.070771019818906,18,7,2.246
1424,76.3280496093316,20,5,2.234
1425,85.4315654383389,21,4,2.1759999999999997
1426,76.14172736990052,20,5,2.196
1427,75.33403735025475,20,5,2.17
1428,96.23407314930174,22,3,2.186
1429,85.8706664491841,21,4,2.2039999999999997
1430,76.40879943854637,20,5,2.3
1431,75.82287377364923,20,5,2.2920000000000003
1432,65.67380827875407,19,6,2.2659999999999996
1433,75.81412201622345,20,5,2.312
1434,76.42638992189836,20,5,2.1760000000000006
1435,65.91971426844034,19,6,2.146
1436,85.14373020326845,21,4,2.246
1437,85.39503363889571,21,4,2.2920000000000003
1438,65.53901952896129,19,6,2.122
1439,65.39252838198551,19,6,2.266
1440,66.19023712327404,19,6,2.248
1441,65.41425881920141,19,6,2.228
1442,85.72300452694984,21,4,2.1820000000000004
1443,65.49290176532384,19,6,2.1960000000000006
1444,55.66523678215602,18,7,2.138
1445,86.54687844054871,21,4,2.258
1446,76.0161264095683,20,5,2.1959999999999997
1447,66.07538057430796,19,6,2.134
1448,66.56517749530016,19,6,2.132
1449,75.78854309274006,20,5,2.192
1450,75.3876518832426,20,5,2.254
1451,75.37574342188427,20,5,2.196
1452,45.70412009960514,17,8,2.2239999999999998
1453,76.46517377829288,20,5,2.214
1454,96.08201579122613,22,3,2.286
1455,46.90374715891338,17,8,2.28
1456,85.50657257055573,21,4,2.19
1457,76.28381436275542,20,5,2.222
1458,75.96020897775252,20,5,2.186
1459,87.1391877463277,21,4,2.2239999999999998
1460,65.59259503437342,19,6,2.1719999999999997
1461,76.44676978406133,20,5,2.234
1462,66.675651651284,19,6,2.2533333333333334
1463,85.72947861318677,21,4,2.248
1464,66.08177383486307,19,6,2.27
1465,54.780724557677516,18,7,2.2079999999999997
1466,86.5462756130742,21,4,2.1333333333333333
1467,85.93094071974997,21,4,2.174
1468,75.17758044455857,20,5,2.252
1469,86.51699196553427,21,4,2.1759999999999997
1470,85.48864617991207,21,4,2.2840000000000003
1471,96.29110446753296,22,3,2.242
1472,76.59858091770379,20,5,2.2020000000000004
1473,86.17172411775468,21,4,2.2222222222222223
1474,75.62220222762922,20,5,2.3
1475,65.81500741096113,19,6,2.154
1476,56.05392687814494,18,7,2.218
1477,86.88645291506361,21,4,2.136
1478,76.38813483858048,20,5,2.18
1479,77.02118533955795,20,5,2.1919999999999997
1480,56.87327849680838,18,7,2.3177777777777777
1481,86.67953113754633,21,4,2.3280000000000003
1482,95.66959348223412,22,3,2.114
1483,75.46009896935973,20,5,2.271111111111111
1484,75.3587758152903,20,5,2.173333333333334
1485,64.96085946338235,19,6,2.2280000000000006
1486,65.62803793075877,19,6,2.1533333333333333
1487,85.58464237285574,21,4,2.306
1488,96.80477279568841,22,3,2.1599999999999997
1489,76.2840475492068,20,5,2.168
1490,64.98650377853886,19,6,2.2399999999999998
1491,85.96886423232944,21,4,2.262
1492,85.63027009055176,21,4,2.2600000000000002
1493,95.48084555759625,22,3,2.268888888888889
1494,75.90674857027312,20,5,2.1666666666666665
1495,66.28025019196399,19,6,2.2359999999999998
1496,87.75877904815826,21,4,2.2577777777777777
1497,74.31199220943166,20,5,2.274
1498,76.8467546634772,20,5,2.244
1499,96.53046333363653,22,3,2.1900000000000004
1500,86.82095080182394,21,4,2.1439999999999997
1501,45.51939837726509,17,8,2.26
1502,56.09131613591536,18,7,2.224
1503,76.61616199597069,20,5,2.25
1504,76.46969523920822,20,5,2.152
1505,86.06278938674633,21,4,2.251111111111111
1506,87.30917403824255,21,4,2.2239999999999993
1507,76.41145022830055,20,5,2.2459999999999996
1508,96.62770310965588,22,3,2.2879999999999994
1509,85.41745138632798,21,4,2.195555555555556
1510,95.74660327144376,22,3,2.202
1511,95.88047523551795,22,3,2.1440000000000006
1512,76.04735246870331,20,5,2.244444444444445
1513,85.21888827104918,21,4,2.2239999999999998
1514,75.96834727618055,20,5,2.2155555555555555
1515,86.90328702518573,21,4,2.204
1516,85.88458368828961,21,4,2.2180000000000004
1517,96.09588893117187,22,3,2.246
1518,96.67308350959605,22,3,2.236
1519,96.19270766946899,22,3,2.276
1520,66.33885291411751,19,6,2.2699999999999996
1521,75.1404799488795,20,5,2.28
1522,95.42069793213025,22,3,2.214
1523,85.48347288726174,21,4,2.184
1524,75.68647863631199,20,5,2.2333333333333334
1525,95.83397679884753,22,3,2.16
1526,65.35761068564946,19,6,2.19
1527,85.17253579751215,21,4,2.354
1528,84.3256297936339,21,4,2.1900000000000004
1529,86.04967825540699,21,4,2.349999999999999
1530,66.07765912131785,19,6,2.2980000000000005
1531,86.20547511561975,21,4,2.266
1532,76.51794085320446,20,5,2.206
1533,96.30114268383821,22,3,2.2019999999999995
1534,86.84052438538957,21,4,2.2459999999999996
1535,96.39388977769093,22,3,2.2800000000000002
1536,64.94322647332568,19,6,2.246
1537,66.61823699940757,19,6,2.1559999999999997
1538,86.32486188501973,21,4,2.19
1539,65.79740369024375,19,6,2.1777777777777776
1540,95.93312512385938,22,3,2.314
1541,86.23380369432219,21,4,2.214
1542,86.45273034109617,21,4,2.2140000000000004
1543,87.24056546670873,21,4,2.2079999999999997
1544,75.61631098440104,20,5,2.1288888888888895
1545,86.21513404166757,21,4,2.228
1546,97.08249835288399,22,3,2.302
1547,67.04154867964036,19,6,2.12
1548,86.45520492978306,21,4,2.172
1549,96.84415921817151,22,3,2.208
1550,95.57380354797874,22,3,2.236
1551,86.09886377339257,21,4,2.2620000000000005
1552,86.60089274324912,21,4,2.2
1553,85.98223193257564,21,4,2.137777777777778
1554,86.1000113416565,21,4,2.18
1555,66.71543795549644,19,6,2.246
1556,77.05504413808704,20,5,2.246
1557,66.60544193298577,19,6,2.2619999999999996
1558,76.0172775465866,20,5,2.21
1559,66.14345495273544,19,6,2.362
1560,86.38115401407828,21,4,2.2059999999999995
1561,77.05376667772425,20,5,2.27
1562,96.17366678571406,22,3,2.27
1563,65.57902089799349,19,6,2.2520000000000002
1564,77.18838141983984,20,5,2.2319999999999998
1565,86.9395853277073,21,4,2.168
1566,95.85566972912561,22,3,2.2640000000000002
1567,85.87932833436244,21,4,2.2399999999999998
1568,76.37105646253006,20,5,2.2240000000000006
1569,76.4568253365737,20,5,2.2319999999999998
1570,76.8661805253632,20,5,2.2359999999999998
1571,86.12793003695421,21,4,2.156
1572,76.01616743887055,20,5,2.2139999999999995
1573,86.23271977867122,21,4,2.22
1574,86.4327931307302,21,4,2.2760000000000007
1575,76.91405966278127,20,5,2.278
1576,76.45731120706371,20,5,2.2159999999999997
1577,87.2436069447475,21,4,2.246
1578,76.85582831656937,20,5,2.214
1579,86.95942683684245,21,4,2.178
1580,96.24205712716731,22,3,2.26
1581,76.93943069838859,20,5,2.228
1582,86.45384221016316,21,4,2.28
1583,86.89359621464907,21,4,2.288
1584,87.31200117937817,21,4,2.252
1585,96.4557517638484,22,3,2.2619999999999996
1586,106.79358829318612,23,2,2.2220000000000004
1587,86.7291934380104,21,4,2.2139999999999995
1588,96.73524010301222,22,3,2.152
1589,105.68315246954742,23,2,2.248
1590,86.71874517018117,21,4,2.2377777777777776
1591,76.2174918264435,20,5,2.232
1592,86.44658216251074,21,4,2.15
1593,86.78190420898046,21,4,2.1399999999999997
1594,85.76655777141322,21,4,2.1580000000000004
1595,76.59191059072391,20,5,2.204
1596,96.95202762174664,22,3,2.264
1597,76.52325643032678,20,5,2.166
1598,96.7508728287292,22,3,2.166666666666666
1599,56.3137215636787,18,7,2.2560000000000002
1600,65.88082024766791,19,6,2.2600000000000002
1601,107.43857000914234,23,2,2.214
1602,86.46153351169704,21,4,2.2540000000000004
1603,76.99044183590782,20,5,2.226
1604,96.14401520334498,22,3,2.3020000000000005
1605,86.41957637874346,21,4,2.2080000000000006
1606,74.86348022844065,20,5,2.222
1607,86.30322227801955,21,4,2.1859999999999995
1608,95.43608474707379,22,3,2.234
1609,105.88374141565875,23,2,2.214
1610,96.00630602347148,22,3,2.126
1611,86.44006164606006,21,4,2.2199999999999998
1612,66.04405901965279,19,6,2.266
1613,106.85361884262285,23,2,2.196
1614,95.55181721475613,22,3,2.2939999999999996
1615,96.30258184679536,22,3,2.2220000000000004
1616,85.37928914691662,21,4,2.196
1617,75.8008424090931,20,5,2.34
1618,86.3305075072773,21,4,2.218
1619,75.16113303832651,20,5,2.126
1620,75.66700174895664,20,5,2.212
1621,74.86315792022414,20,5,2.28
1622,85.85190757355038,21,4,2.2019999999999995
1623,85.77698278191983,21,4,2.232
1624,96.30693816549547,22,3,2.14
1625,65.90378775543068,19,6,2.232
1626,105.48944644154636,23,2,2.3040000000000003
1627,96.43029393887645,22,3,2.28
1628,106.06097238857029,23,2,2.276
1629,86.34014425414584,21,4,2.198
1630,85.57188380249346,21,4,2.2060000000000004
1631,85.57264870530189,21,4,2.178
1632,105.22575645712624,23,2,2.3039999999999994
1633,96.24651351963723,22,3,2.2659999999999996
1634,95.5639290232246,22,3,2.226
1635,106.34893718034667,23,2,2.211111111111111
1636,75.9264795561289,20,5,2.224
1637,85.46874735137023,21,4,2.21
1638,84.63223532862007,21,4,2.1659999999999995
1639,94.44211326882173,22,3,2.1739999999999995
1640,116.12546504686185,24,1,2.298
1641,105.47488334128583,23,2,2.1740000000000004
1642,95.04087773379798,22,3,2.1719999999999997
1643,94.11267280953678,22,3,2.1439999999999997
1644,74.68459614890742,20,5,2.2779999999999996
1645,105.04656981722462,23,2,2.2
1646,95.44605820515513,22,3,2.1955555555555555
1647,105.07747170116593,23,2,2.2199999999999998
1648,84.73687677087463,21,4,2.238
1649,83.97528445813504,21,4,2.2
1650,84.95069515750313,21,4,2.268
1651,96.5485854120268,22,3,2.26
1652,84.06741821630307,21,4,2.2660000000000005
1653,74.70240288179706,20,5,2.146
1654,85.42320079447566,21,4,2.224
1655,85.32050206908563,21,4,2.2059999999999995
1656,84.98926383550031,21,4,2.24
1657,105.54875517239536,23,2,2.178
1658,85.63707371964604,21,4,2.22
1659,85.65364614042383,21,4,2.3179999999999996
1660,75.89182136347698,20,5,2.2279999999999998
1661,75.55748738069528,20,5,2.268
1662,95.4312864942671,22,3,2.0644444444444447
1663,95.25211224075888,22,3,2.1480000000000006
1664,74.03478608118257,20,5,2.282
1665,95.93173153413417,22,3,2.206
1666,85.65567922085646,21,4,2.217777777777778
1667,83.84218802424897,21,4,2.12
1668,95.9204698749026,22,3,2.2339999999999995
1669,84.59246352012508,21,4,2.276
1670,75.93767765521137,20,5,2.352
1671,96.0847278695269,22,3,2.1640000000000006
1672,94.3676283589692,22,3,2.1959999999999997
1673,74.53637736082149,20,5,2.1719999999999997
1674,95.45831681191584,22,3,2.197777777777778
1675,83.84543935572837,21,4,2.1979999999999995
1676,94.87451701895537,22,3,2.217777777777778
1677,85.32012671675719,21,4,2.242
1678,75.87844278770105,20,5,2.192
1679,66.04514120565418,19,6,2.272
1680,105.64222723307464,23,2,2.2380000000000004
1681,85.78171395119907,21,4,2.2300000000000004
1682,84.91420444853748,21,4,2.1839999999999997
1683,94.43215419813187,22,3,2.322
1684,84.74888340413418,21,4,2.1959999999999997
1685,95.50598252468978,22,3,2.214
1686,105.06073340940043,23,2,2.1979999999999995
1687,94.56901317583471,22,3,2.276
1688,95.21962747604688,22,3,2.2600000000000002
1689,85.20762097917498,21,4,2.2359999999999998
1690,95.21217763638488,22,3,2.1320000000000006
1691,104.7046788104558,23,2,2.246
1692,95.50766689621601,22,3,2.274
1693,64.70740154963757,19,6,2.33
1694,73.92383715181224,20,5,2.204
1695,95.34973917735226,22,3,2.184
1696,75.65788771940262,20,5,2.182
1697,95.16714323912052,22,3,2.2199999999999998
1698,95.28886084053607,22,3,2.2159999999999997
1699,74.87759808223745,20,5,2.206
1700,75.24892170679068,20,5,2.268
1701,93.91401000233914,22,3,2.1220000000000003
1702,85.44133020206743,21,4,2.248
1703,85.23683126273893,21,4,2.23
1704,95.75864850060854,22,3,2.146
1705,55.12732780957033,18,7,2.1559999999999997
1706,75.6211564484204,20,5,2.208
1707,104.95510520959823,23,2,2.142
1708,75.471017768163,20,5,2.226
1709,76.4658945943298,20,5,2.276
1710,95.41315759111342,22,3,2.202
1711,95.09108711424237,22,3,2.1688888888888886
1712,96.06805255252883,22,3,2.1979999999999995
1713,95.5988486108672,22,3,2.186
1714,94.7931798092978,22,3,2.13
1715,93.73224275430987,22,3,2.2439999999999998
1716,105.31325154669508,23,2,2.282222222222222
1717,75.32410287679404,20,5,2.2080000000000006
1718,65.63060819285604,19,6,2.2239999999999998
1719,84.55987691594174,21,4,2.224
1720,95.91911120789817,22,3,2.122
1721,94.43305724860318,22,3,2.184
1722,74.81574662868054,20,5,2.242
1723,94.43403295813114,22,3,2.2060000000000004
1724,85.27939543231902,21,4,2.304
1725,74.82933014026982,20,5,2.2960000000000003
1726,95.56810399912831,22,3,2.2560000000000002
1727,65.89597135909698,19,6,2.2399999999999998
1728,104.58014387697392,23,2,2.242
1729,85.92595715189051,21,4,2.286
1730,85.39698028573775,21,4,2.2119999999999997
1731,95.61280984952216,22,3,2.298
1732,94.62699152053582,22,3,2.18
1733,74.86459680593698,20,5,2.18
1734,85.26255609755678,21,4,2.246
1735,64.12026920526489,19,6,2.184
1736,94.78595239675155,22,3,2.2580000000000005
1737,85.61041649934093,21,4,2.254
1738,86.1447096276075,21,4,2.108888888888889
1739,84.73071562232842,21,4,2.258
1740,94.3515590159198,22,3,2.18
1741,74.44164745209456,20,5,2.1480000000000006
1742,64.91362704079661,19,6,2.256
1743,84.58246774500842,21,4,2.304
1744,85.08896202577976,21,4,2.138
1745,65.49950671846152,19,6,2.23
1746,84.9441643325777,21,4,2.194
1747,74.8424835084402,20,5,2.2120000000000006
1748,86.93584938363122,21,4,2.1220000000000003
1749,84.6226592564691,21,4,2.266
1750,84.55033040000244,21,4,2.272
1751,95.61128798672505,22,3,2.2060000000000004
1752,74.85254207710888,20,5,2.2399999999999998
1753,85.22843850438352,21,4,2.2
1754,85.19966870129382,21,4,2.266
1755,84.73718143942355,21,4,2.2333333333333334
1756,94.73689875556971,22,3,2.226
1757,95.32192601284638,22,3,2.3
1758,85.27097380650841,21,4,2.1519999999999997
1759,84.50906521057718,21,4,2.2640000000000002
1760,86.09503337966319,21,4,2.3
1761,86.30559518657897,21,4,2.1719999999999997
1762,85.55668512193034,21,4,2.19
1763,84.88652717519581,21,4,2.1320000000000006
1764,64.444024034889,19,6,2.292
1765,94.7407703588505,22,3,2.328888888888889
1766,95.37446092672863,22,3,2.2760000000000002
1767,65.06620116392978,19,6,2.177777777777778
1768,64.72080946684056,19,6,2.2540000000000004
1769,84.04156473631625,21,4,2.248
1770,63.97456796806672,19,6,2.276
1771,66.26621439458829,19,6,2.192
1772,85.11514473749577,21,4,2.276
1773,84.56633180561752,21,4,2.208
1774,94.69252500012638,22,3,2.2380000000000004
1775,95.29524767491827,22,3,2.184
1776,95.27344843585917,22,3,2.178
1777,95.1709248235135,22,3,2.25
1778,75.3008555405668,20,5,2.1940000000000004
1779,105.32569005095007,23,2,2.2699999999999996
1780,84.347924640342,21,4,2.2199999999999998
1781,85.88430390623539,21,4,2.24
1782,84.86307743899268,21,4,2.202
1783,105.52636442253181,23,2,2.18
1784,84.30125616116557,21,4,2.1959999999999997
1785,86.0711052447395,21,4,2.184
1786,86.01469072993234,21,4,2.2399999999999998
1787,55.216582181463394,18,7,2.16
1788,75.44403372210289,20,5,2.274
1789,93.33718895470754,22,3,2.282
1790,95.59038506352756,22,3,2.22
1791,75.47908162814971,20,5,2.21
1792,74.76326904692196,20,5,2.2999999999999994
1793,75.0048946180652,20,5,2.194
1794,76.18761643409738,20,5,2.186
1795,84.05307669571859,21,4,2.152
1796,86.33900676460081,21,4,2.268
1797,75.86009777563632,20,5,2.268
1798,85.41967256086964,21,4,2.194
1799,106.39621917062377,23,2,2.2659999999999996
1800,105.3451836216428,23,2,2.2800000000000002
1801,86.2810187041758,21,4,2.226
1802,83.85634201108205,21,4,2.218
1803,94.78436997601413,22,3,2.248
1804,95.13565452864339,22,3,2.3240000000000003
1805,85.07026406798155,21,4,2.104
1806,74.78740145245915,20,5,2.2199999999999998
1807,95.30104346871379,22,3,2.272
1808,75.38235302432003,20,5,2.162
1809,85.59209576597195,21,4,2.158
1810,95.79634390916233,22,3,2.2359999999999998
1811,65.3120256373118,19,6,2.2060000000000004
1812,95.45700455394689,22,3,2.186
1813,64.88308682149487,19,6,2.3200000000000003
1814,82.77806308446085,21,4,2.162
1815,105.86814513560934,23,2,2.1359999999999997
1816,85.93429344338684,21,4,2.2960000000000003
1817,94.90757489014332,22,3,2.2300000000000004
1818,85.75221610863996,21,4,2.2479999999999998
1819,104.49322606718334,23,2,2.2359999999999998
1820,74.69782959235374,20,5,2.184
1821,84.29350145177685,21,4,2.242
1822,84.92433910524801,21,4,2.204
1823,95.41951764645263,22,3,2.232
1824,94.96838128708224,22,3,2.208888888888889
1825,94.64066972204061,22,3,2.2080000000000006
1826,85.46585264823858,21,4,2.252
1827,85.223478984135,21,4,2.274
1828,94.84931007514842,22,3,2.202
1829,85.20385222407694,21,4,2.218
1830,94.30765903310149,22,3,2.1919999999999997
1831,85.1015375289378,21,4,2.2380000000000004
1832,84.72342188739358,21,4,2.2380000000000004
1833,85.51390112831416,21,4,2.1020000000000003
1834,104.79809480724111,23,2,2.213333333333333
1835,95.14375776864188,22,3,2.2
1836,84.9196266568235,21,4,2.258
1837,95.19684918365164,22,3,2.118
1838,105.45887737955546,23,2,2.13
1839,84.96887736254877,21,4,2.268
1840,83.89188749854887,21,4,2.282
1841,74.21171425963779,20,5,2.268
1842,84.43902985821856,21,4,2.1740000000000004
1843,94.22282862095987,22,3,2.2299999999999995
1844,94.9373065321017,22,3,2.1620000000000004
1845,86.22288905679258,21,4,2.1660000000000004
1846,105.21637141876157,23,2,2.2499999999999996
1847,83.92351563852955,21,4,2.2359999999999998
1848,85.3552463234328,21,4,2.2479999999999998
1849,74.67941300620188,20,5,2.27
1850,74.74845668623786,20,5,2.136
1851,75.65449789789663,20,5,2.29
1852,84.76216421147812,21,4,2.352
1853,84.77097054623275,21,4,2.2439999999999998
1854,75.69805127891561,20,5,2.1959999999999997
1855,104.79824826732052,23,2,2.226
1856,76.08590161003329,20,5,2.218
1857,93.68119052650582,22,3,2.2779999999999996
1858,85.91040240249305,21,4,2.128
1859,65.83093692697457,19,6,2.174
1860,84.66052953642132,21,4,2.248
1861,65.45289880586547,19,6,2.248
1862,106.10714269057547,23,2,2.144
1863,85.3778848641214,21,4,2.2599999999999993
1864,95.18561881790981,22,3,2.2439999999999998
1865,85.86356842167459,21,4,2.248
1866,85.12952761920266,21,4,2.2440000000000007
1867,84.31327155086126,21,4,2.248
1868,84.58001921014188,21,4,2.178
1869,96.17765301383055,22,3,2.124
1870,84.88180710403421,21,4,2.242
1871,95.12488660311587,22,3,2.192
1872,74.91380470430543,20,5,2.29
1873,66.17531920135106,19,6,2.1559999999999997
1874,74.58516652631072,20,5,2.162
1875,64.74011713630628,19,6,2.188
1876,75.132538920888,20,5,2.124
1877,94.99685588961269,22,3,2.2199999999999998
1878,105.5939311744079,23,2,2.21
1879,75.79617986268607,20,5,2.136
1880,86.73100214726506,21,4,2.1844444444444444
1881,94.5945119295884,22,3,2.2499999999999996
1882,76.18605443565639,20,5,2.322
1883,95.5579097283381,22,3,2.288
1884,76.62843223280674,20,5,2.238
1885,95.25487937456053,22,3,2.136
1886,65.61035239861674,19,6,2.18
1887,84.81578618763906,21,4,2.18
1888,85.38477810682734,21,4,2.1959999999999997
1889,85.3177741772178,21,4,2.168
1890,84.83833479498223,21,4,2.16
1891,95.93504387573022,22,3,2.2560000000000002
1892,94.14812926610931,22,3,2.31
1893,95.15873472157368,22,3,2.2060000000000004
1894,85.61862927218635,21,4,2.168
1895,84.41907367542073,21,4,2.2699999999999996
1896,74.50720983835525,20,5,2.2880000000000003
1897,85.34915161608481,21,4,2.144
1898,75.84175483132455,20,5,2.234
1899,85.55549227444918,21,4,2.242
1900,75.43312415624293,20,5,2.222
1901,86.24569235244137,21,4,2.1660000000000004
1902,74.4124384083863,20,5,2.1380000000000003
1903,56.095374796422945,18,7,2.22
1904,84.69069790746074,21,4,2.28
1905,86.24248985691257,21,4,2.17
1906,75.35134112308528,20,5,2.3259999999999996
1907,86.24613753611052,21,4,2.1739999999999995
1908,76.49781462070254,20,5,2.246
1909,65.7773515699326,19,6,2.202
1910,55.11120318727171,18,7,2.198
1911,85.41209774280804,21,4,2.232
1912,74.93543387912234,20,5,2.182
1913,65.32023190189103,19,6,2.228
1914,66.17896711056227,19,6,2.222
1915,65.24946754015974,19,6,2.118
1916,85.33263613012586,21,4,2.346
1917,65.3959007328022,19,6,2.186
1918,75.07827531952805,20,5,2.184
1919,95.22818589709426,22,3,2.258
1920,96.02794002569385,22,3,2.286
1921,75.57108191349784,20,5,2.2399999999999998
1922,85.62325997201408,21,4,2.1659999999999995
1923,74.58452231426288,20,5,2.222
1924,65.20047325396973,19,6,2.262
1925,83.75376689708717,21,4,2.2399999999999998
1926,87.20836817156942,21,4,2.2479999999999998
1927,104.23810408991201,23,2,2.154
1928,94.80338530596285,22,3,2.2920000000000003
1929,75.79473645844902,20,5,2.27
1930,75.30045447371457,20,5,2.216
1931,54.711081767220506,18,7,2.178
1932,83.91000148547403,21,4,2.2199999999999998
1933,66.5124433739092,19,6,2.1540000000000004
1934,85.18269127482269,21,4,2.23
1935,75.39283873292419,20,5,2.0599999999999996
1936,85.49520211775386,21,4,2.196
1937,75.23789976220584,20,5,2.3200000000000003
1938,85.5750630215483,21,4,2.266
1939,75.53886443895757,20,5,2.196
1940,65.2783594042301,19,6,2.1979999999999995
1941,85.1292796003506,21,4,2.228
1942,95.66771651675374,22,3,2.314
1943,65.3783035668351,19,6,2.25
1944,65.02374462298118,19,6,2.226
1945,95.03564038619524,22,3,2.2560000000000002
1946,75.88947740666616,20,5,2.148
1947,95.8338265118553,22,3,2.2459999999999996
1948,96.48013765153141,22,3,2.206
1949,95.18314528092205,22,3,2.262
1950,76.01562272695215,20,5,2.276
1951,86.70361458069085,21,4,2.192
1952,65.41860516460957,19,6,2.1959999999999997
1953,94.77051170834996,22,3,2.29
1954,95.03723808240998,22,3,2.16
1955,75.63045362250105,20,5,2.19
1956,94.69653235121294,22,3,2.2239999999999998
1957,75.71325267394823,20,5,2.2060000000000004
1958,64.29230702972066,19,6,2.292
1959,86.48665317208604,21,4,2.2779999999999996
1960,86.2416264028234,21,4,2.196
1961,85.41742255435209,21,4,2.1500000000000004
1962,65.05460587593419,19,6,2.1740000000000004
1963,85.94564700583061,21,4,2.2060000000000004
1964,65.0564894654903,19,6,2.21
1965,96.61209499942377,22,3,2.216
1966,85.72290588818518,21,4,2.2
1967,85.13018553149226,21,4,2.272
1968,85.29118561154634,21,4,2.2619999999999996
1969,95.13939626022587,22,3,2.2619999999999996
1970,85.68223871549361,21,4,2.254
1971,106.53135976894336,23,2,2.12
1972,96.29070304522325,22,3,2.1160000000000005
1973,85.298569615113,21,4,2.162
1974,86.24021742210937,21,4,2.148
1975,75.92881265498947,20,5,2.176
1976,106.25435660097904,23,2,2.234
1977,75.0587117024139,20,5,2.166
1978,65.7347656927143,19,6,2.2399999999999998
1979,84.99142753608524,21,4,2.234
1980,75.42528101181041,20,5,2.2260000000000004
1981,94.60890668298023,22,3,2.256
1982,105.69061163906676,23,2,2.3299999999999996
1983,86.28842403609671,21,4,2.27
1984,65.79251540895837,19,6,2.1540000000000004
1985,85.32394512004578,21,4,2.232
1986,85.31584254043487,21,4,2.316
1987,55.650502863438916,18,7,2.176
1988,84.17712415243719,21,4,2.2680000000000002
1989,85.82329244711067,21,4,2.2720000000000007
1990,96.23564799590957,22,3,2.2479999999999998
1991,95.80344250741307,22,3,2.23
1992,66.01317807585994,19,6,2.2280000000000006
1993,76.02715969125082,20,5,2.18
1994,65.30556435201991,19,6,2.2159999999999997
1995,96.50057195519972,22,3,2.196
1996,65.3245277661749,19,6,2.098
1997,95.66146633550623,22,3,2.3579999999999997
1998,75.1440911399713,20,5,2.1820000000000004
1999,76.76063999549389,20,5,2.2479999999999998
2000,104.89752209163503,23,2,2.224
2001,76.17188239234197,20,5,2.178
2002,85.88004408598557,21,4,2.2640000000000002
2003,85.79737403340941,21,4,2.1120000000000005
2004,94.97701926977363,22,3,2.2119999999999993
2005,65.98626810923191,19,6,2.16
2006,95.5506087262655,22,3,2.194
2007,104.4443442215845,23,2,2.2
2008,85.831965590191,21,4,2.346666666666667
2009,103.3667398630371,23,2,2.2139999999999995
2010,87.28748936361079,21,4,2.2359999999999998
2011,94.93213302691112,22,3,2.1420000000000003
2012,86.08664584669415,21,4,2.256
2013,95.2560539305058,22,3,2.226
2014,84.16360381573189,21,4,2.3000000000000003
2015,76.36076420742933,20,5,2.2159999999999997
2016,95.15917988535656,22,3,2.2059999999999995
2017,94.9292573207198,22,3,2.1760000000000006
2018,85.0593112360582,21,4,2.19
2019,83.92035792762083,21,4,2.2299999999999995
2020,84.55811440694669,21,4,2.2760000000000002
2021,75.93189840716026,20,5,2.2140000000000004
2022,95.44633671645317,22,3,2.242
2023,94.8646328809669,22,3,2.2860000000000005
2024,94.5332538112301,22,3,2.2600000000000002
2025,86.40701742248561,21,4,2.258
2026,85.17810489752627,21,4,2.246
2027,95.25705099890112,22,3,2.286
2028,86.69108005021735,21,4,2.188
2029,85.65142631991,21,4,2.17
2030,95.85697767228002,22,3,2.2520000000000002
2031,75.65516913682077,20,5,2.2600000000000002
2032,65.50834087297591,19,6,2.1879999999999997
2033,75.11742982061412,20,5,2.252
2034,96.95495086953059,22,3,2.214
2035,85.16035272817771,21,4,2.162
2036,75.81772836001707,20,5,2.232
2037,66.75957760476604,19,6,2.2079999999999997
2038,76.37016176932352,20,5,2.3199999999999994
2039,94.95875388547239,22,3,2.238
2040,64.91362957323138,19,6,2.242
2041,85.64949540958285,21,4,2.136
2042,55.76145253718832,18,7,2.294
2043,85.44607736966385,21,4,2.228
2044,85.35093539772168,21,4,2.2039999999999997
2045,94.96186873169462,22,3,2.302
2046,75.16548918328445,20,5,2.17
2047,75.17970626160715,20,5,2.3280000000000003
2048,95.58804998210587,22,3,2.314
2049,95.39853354868988,22,3,2.232
2050,86.00530310088914,21,4,2.21
2051,85.65584577291645,21,4,2.2700000000000005
2052,74.39350941059836,20,5,2.196
2053,75.98295433069359,20,5,2.176
2054,76.70305958306193,20,5,2.198
2055,95.65271424795819,22,3,2.2079999999999997
2056,76.51747700109517,20,5,2.18
2057,64.58258604054582,19,6,2.29
2058,84.86896003041099,21,4,2.198
2059,95.85886163258218,22,3,2.274
2060,85.80803990535043,21,4,2.218
2061,75.51274536901593,20,5,2.128
2062,84.84941540962,21,4,2.198
2063,45.36528905057612,17,8,2.256
2064,95.06039180580129,22,3,2.19
2065,105.72197432312677,23,2,2.1660000000000004
2066,75.13282854884812,20,5,2.322
2067,75.9070137624254,20,5,2.1100000000000003
2068,75.83537636089675,20,5,2.2239999999999998
2069,86.59396088530315,21,4,2.2559999999999993
2070,94.89964007041019,22,3,2.242
2071,75.64242457805007,20,5,2.2299999999999995
2072,76.21532642391115,20,5,2.266
2073,76.57109912169429,20,5,2.19
2074,85.41856797470011,21,4,2.2439999999999998
2075,75.88751812918632,20,5,2.228
2076,95.75463896396808,22,3,2.172
2077,94.94237711191461,22,3,2.2680000000000002
2078,86.49532619224937,21,4,2.156
2079,85.97335172256791,21,4,2.218
2080,66.07032113902552,19,6,2.262
2081,65.79414246999299,19,6,2.258
2082,65.5537871469247,19,6,2.2060000000000004
2083,107.00306581459762,23,2,2.2199999999999998
2084,85.46876049395823,21,4,2.266
2085,76.94129801497077,20,5,2.2359999999999998
2086,65.42247050173985,19,6,2.1699999999999995
2087,84.92293198905136,21,4,2.226
2088,65.66651173135728,19,6,2.152
2089,65.49968210519896,19,6,2.22
2090,75.95294989490337,20,5,2.2359999999999998
2091,76.20242379216855,20,5,2.194
2092,86.00828932973904,21,4,2.1100000000000003
2093,86.0609103190986,21,4,2.2379999999999995
2094,84.27006102111805,21,4,2.184
2095,86.12590562061973,21,4,2.2900000000000005
2096,85.88129028555048,21,4,2.268
2097,96.15385378838157,22,3,2.2840000000000003
2098,76.00569735075116,20,5,2.2700000000000005
2099,66.14079915651124,19,6,2.258
2100,106.09846785560515,23,2,2.162
2101,66.29219751564689,19,6,2.268
2102,77.52138000047614,20,5,2.212
2103,85.88237755612381,21,4,2.146
2104,97.1446522967924,22,3,2.1500000000000004
2105,85.87536634074505,21,4,2.268
2106,45.25693704496415,17,8,2.176
2107,74.67176762694403,20,5,2.266
2108,76.14650277198172,20,5,2.2080000000000006
2109,85.90111974158825,21,4,2.3
2110,86.17148121712634,21,4,2.194
2111,76.36831105023778,20,5,2.252
2112,77.36101112346769,20,5,2.2060000000000004
2113,76.84255334753254,20,5,2.2359999999999998
2114,86.67957254227383,21,4,2.252
2115,66.23881310029192,19,6,2.252
2116,87.06359051035226,21,4,2.28
2117,76.21983841046668,20,5,2.218000000000001
2118,85.77733220146182,21,4,2.1979999999999995
2119,75.2664209063657,20,5,2.226
2120,66.17493592518419,19,6,2.2199999999999998
2121,65.87866443423937,19,6,2.2800000000000002
2122,95.71229813079871,22,3,2.226
2123,66.00833094965769,19,6,2.1439999999999997
2124,57.037593639832366,18,7,2.2180000000000004
2125,95.54471145701415,22,3,2.182
2126,86.48724336081843,21,4,2.2280000000000006
2127,75.65537567590529,20,5,2.224
2128,66.1760509818777,19,6,2.2060000000000004
2129,86.49608204595748,21,4,2.188
2130,74.99225679058868,20,5,2.1960000000000006
2131,65.82791256631458,19,6,2.324
2132,96.21643236724705,22,3,2.218
2133,84.73802432761924,21,4,2.344
2134,75.23064267202969,20,5,2.236
2135,74.74073455457312,20,5,2.2079999999999997
2136,65.80930167290353,19,6,2.178
2137,64.38575310594999,19,6,2.16
2138,85.95344597114706,21,4,2.164
2139,65.81784469283058,19,6,2.258
2140,95.03238630891572,22,3,2.224
2141,76.10293569980003,20,5,2.128
2142,85.49727869666174,21,4,2.212
2143,86.70354561367505,21,4,2.26
2144,77.2734887397959,20,5,2.29
2145,75.91294271492245,20,5,2.1699999999999995
2146,75.44864177157221,20,5,2.238
2147,65.90554322449766,19,6,2.154
2148,67.39486161425003,19,6,2.182
2149,96.25304467853243,22,3,2.21
2150,95.14500806804219,22,3,2.27
2151,65.27834842686148,19,6,2.194
2152,66.25914982022941,19,6,2.184
2153,66.81023404194647,19,6,2.2739999999999996
2154,76.8681981694361,20,5,2.194
2155,86.04471441218894,21,4,2.2180000000000004
2156,67.26130322124963,19,6,2.232
2157,75.87773826539325,20,5,2.2700000000000005
2158,75.95948666523458,20,5,2.2
2159,66.33971015342033,19,6,2.2340000000000004
2160,86.10859918267008,21,4,2.336
2161,75.68867717896083,20,5,2.196
2162,66.34256691441767,19,6,2.222
2163,56.89292122969812,18,7,2.276
2164,76.43752727711811,20,5,2.2279999999999998
2165,66.69107677421889,19,6,2.176
2166,46.32682164832514,17,8,2.2079999999999997
2167,65.47257676227682,19,6,2.2260000000000004
2168,56.40569676196155,18,7,2.242
2169,76.11339540572565,20,5,2.3099999999999996
2170,86.34214401543082,21,4,2.21
2171,76.31595070865868,20,5,2.198
2172,85.4196427798736,21,4,2.1580000000000004
2173,75.97167809675719,20,5,2.184
2174,75.54682093153954,20,5,2.196
2175,75.92379975490071,20,5,2.184
2176,65.18371243946207,19,6,2.2939999999999996
2177,86.2148220110455,21,4,2.2439999999999998
2178,75.21453224153564,20,5,2.2600000000000002
2179,65.42352457786642,19,6,2.134
2180,75.72153896302544,20,5,2.2419999999999995
2181,76.57610915940143,20,5,2.168
2182,55.876816357975436,18,7,2.1599999999999997
2183,97.29782402515477,22,3,2.2560000000000002
2184,65.02905203439977,19,6,2.144
2185,65.61017267999375,19,6,2.242
2186,96.21177006182987,22,3,2.3080000000000003
2187,85.15296549813344,21,4,2.1979999999999995
2188,55.0240934669895,18,7,2.254
2189,85.71306470706172,21,4,2.174
2190,85.7251538490589,21,4,2.1719999999999997
2191,85.66664151675272,21,4,2.246
2192,65.91589305915308,19,6,2.124
2193,76.22029268511099,20,5,2.326
2194,65.12070778538435,19,6,2.196
2195,86.4050505322911,21,4,2.186
2196,56.52239212147703,18,7,2.2640000000000002
2197,75.79872780576143,20,5,2.1679999999999997
2198,66.27930052001832,19,6,2.226
2199,97.03787013528407,22,3,2.332
2200,85.69181551615179,21,4,2.252
2201,84.54077946705348,21,4,2.252
2202,55.613611737616,18,7,2.156
2203,86.43806570328864,21,4,2.2600000000000002
2204,76.13562025328562,20,5,2.306
2205,66.42369065134899,19,6,2.2979999999999996
2206,86.46841860809413,21,4,2.13
2207,86.04603895479731,21,4,2.242
2208,75.15557647202525,20,5,2.238
2209,75.5847275096575,20,5,2.184
2210,74.69343566843155,20,5,2.202
2211,75.51341405649819,20,5,2.274
2212,86.0347386533222,21,4,2.214
2213,85.7100046387554,21,4,2.1559999999999997
2214,64.8627559944904,19,6,2.204
2215,85.15259307592243,21,4,2.2039999999999997
2216,86.14550244120595,21,4,2.282
2217,96.98942202051025,22,3,2.238
2218,86.0507401576153,21,4,2.2640000000000002
2219,76.55913081282198,20,5,2.216
2220,75.5580016688454,20,5,2.178
2221,85.83310629492645,21,4,2.21
2222,65.96677353888039,19,6,2.2619999999999996
2223,86.04496326265732,21,4,2.242
2224,95.49083507207096,22,3,2.2
2225,75.71751052309641,20,5,2.2479999999999998
2226,55.67049632551244,18,7,2.246
2227,75.80767664540976,20,5,2.23
2228,76.4340845881627,20,5,2.184
2229,55.84672622035028,18,7,2.1900000000000004
2230,85.80122371033806,21,4,2.3120000000000003
2231,75.79396963538406,20,5,2.246
2232,85.4176380629594,21,4,2.09
2233,85.41270904515022,21,4,2.178
2234,66.40159656845998,19,6,2.348
2235,76.02407069034763,20,5,2.1479999999999997
2236,65.62515474085598,19,6,2.2
2237,76.69514010570137,20,5,2.226
2238,75.23078499870012,20,5,2.2239999999999998
2239,65.50915115621186,19,6,2.224
2240,65.05857442056299,19,6,2.194
2241,96.16669414569368,22,3,2.252
2242,86.97422749594428,21,4,2.2
2243,86.15653528161087,21,4,2.202
2244,85.43002753847453,21,4,2.2359999999999998
2245,54.77195849813627,18,7,2.2399999999999998
2246,55.98571842873319,18,7,2.262
2247,65.30472053717197,19,6,2.246
2248,86.5084920804033,21,4,2.2600000000000002
2249,75.96548936093488,20,5,2.1439999999999997
2250,75.47437845262509,20,5,2.23
2251,76.22314307868777,20,5,2.2020000000000004
2252,86.63696808481214,21,4,2.3419999999999996
2253,55.943863143609505,18,7,2.2
2254,85.02026328048886,21,4,2.164
2255,85.07294932964896,21,4,2.232
2256,66.57706656891068,19,6,2.298
2257,66.45488786906277,19,6,2.2939999999999996
2258,66.21407755050394,19,6,2.202
2259,75.63695173823277,20,5,2.174
2260,65.82158514073662,19,6,2.2220000000000004
2261,65.84923020123215,19,6,2.1820000000000004
2262,85.96146721312223,21,4,2.238
2263,66.88244635175099,19,6,2.2619999999999996
2264,95.95071163161144,22,3,2.152
2265,76.58437724298373,20,5,2.2
2266,76.75736652017609,20,5,2.1759999999999997
2267,96.00675216224572,22,3,2.122
2268,85.38642742088796,21,4,2.1740000000000004
2269,105.77480172187136,23,2,2.1260000000000003
2270,85.62402019915169,21,4,2.2
2271,84.62048034217986,21,4,2.194
2272,95.39798101478796,22,3,2.17
2273,65.00408792960884,19,6,2.2520000000000002
2274,97.15374185702963,22,3,2.224
2275,85.92667355840044,21,4,2.248
2276,95.6976308791074,22,3,2.18
2277,95.76970231515237,22,3,2.228
2278,75.67292801548423,20,5,2.2220000000000004
2279,76.55844387324758,20,5,2.132
2280,86.75412992249746,21,4,2.2279999999999993
2281,66.47917914763372,19,6,2.178
2282,76.305367938888,20,5,2.168
2283,75.09147031112165,20,5,2.156
2284,86.85118428037428,21,4,2.354
2285,76.0514708772365,20,5,2.198
2286,86.28152312730055,21,4,2.216
2287,75.20679666468351,20,5,2.268
2288,86.1844675709224,21,4,2.282
2289,65.74609491660415,19,6,2.3000000000000003
2290,84.26306895492317,21,4,2.316
2291,75.6799480210086,20,5,2.2119999999999997
2292,86.56099242142284,21,4,2.2339999999999995
2293,96.05669129004171,22,3,2.296
2294,104.66482592196071,23,2,2.182
2295,85.9367332171773,21,4,2.144
2296,75.66571163584021,20,5,2.2239999999999998
2297,85.8280975457942,21,4,2.194
2298,85.96985849543822,21,4,2.16
2299,96.87724884549343,22,3,2.232
2300,95.90330976172629,22,3,2.198
2301,75.74232357372378,20,5,2.2399999999999998
2302,75.97318953345197,20,5,2.226
2303,106.03860094447886,23,2,2.23
2304,65.8864367655453,19,6,2.1740000000000004
2305,76.09000449469657,20,5,2.2379999999999995
2306,86.21526956279915,21,4,2.2220000000000004
2307,86.0912555294624,21,4,2.23
2308,65.7444889949462,19,6,2.318
2309,87.18248035373807,21,4,2.2439999999999998
2310,86.1478676939641,21,4,2.172
2311,75.50936323086893,20,5,2.184
2312,96.25117923650991,22,3,2.2399999999999998
2313,74.86278011291128,20,5,2.246
2314,76.47721469901678,20,5,2.162
2315,76.46641565722318,20,5,2.25
2316,85.37390405615588,21,4,2.278
2317,86.17924196927316,21,4,2.2359999999999998
2318,65.58597670328618,19,6,2.232
2319,85.9342452819841,21,4,2.228
2320,85.78177618195545,21,4,2.1539999999999995
2321,95.85651213148412,22,3,2.236
2322,76.69513077832438,20,5,2.2819999999999996
2323,95.89027592884221,22,3,2.116
2324,106.04417523450039,23,2,2.1799999999999997
2325,76.76219405532818,20,5,2.1700000000000004
2326,95.47340974074223,22,3,2.1219999999999994
2327,95.66747348572234,22,3,2.2039999999999997
2328,85.93510779138403,21,4,2.148
2329,97.02698524037528,22,3,2.2533333333333334
2330,76.13597954751326,20,5,2.162
2331,76.84859444242139,20,5,2.178
2332,85.70862402920261,21,4,2.2800000000000002
2333,86.27851915899842,21,4,2.214
2334,84.70343393420903,21,4,2.232
2335,95.44964563208671,22,3,2.3
2336,75.63541454621856,20,5,2.2920000000000003
2337,95.9682414667925,22,3,2.242
2338,76.12233637957839,20,5,2.258
2339,96.13407897073552,22,3,2.136
2340,95.07049578319716,22,3,2.258
2341,85.82506123413668,21,4,2.126
2342,85.84675296125323,21,4,2.228
2343,95.96654524602546,22,3,2.188
2344,85.74165124781638,21,4,2.1700000000000004
2345,95.186346544525,22,3,2.322
2346,75.59445951390836,20,5,2.204
2347,85.94435310584241,21,4,2.2060000000000004
2348,85.3981491485053,21,4,2.2640000000000002
2349,76.71112781486612,20,5,2.07
2350,95.63036135803745,22,3,2.2359999999999998
2351,94.71534959746889,22,3,2.2680000000000002
2352,96.41843313871838,22,3,2.2199999999999998
2353,86.0405463762366,21,4,2.2960000000000003
2354,65.75599566243686,19,6,2.172
2355,85.47856743185086,21,4,2.202
2356,96.33177203112164,22,3,2.2039999999999997
2357,75.17103535053198,20,5,2.1979999999999995
2358,86.10142365173174,21,4,2.2700000000000005
2359,94.88072684063563,22,3,2.21
2360,96.26336488201498,22,3,2.2699999999999996
2361,95.54198672690605,22,3,2.2560000000000002
2362,74.61213517041077,20,5,2.248
2363,85.77810817546454,21,4,2.1919999999999997
2364,85.20670603921755,21,4,2.2299999999999995
2365,85.83513719366213,21,4,2.152
2366,75.86352963265287,20,5,2.3019999999999996
2367,96.29792267058264,22,3,2.186
2368,96.04298781515409,22,3,2.2840000000000003
2369,85.70021072697315,21,4,2.152
2370,85.36207094805083,21,4,2.266
2371,85.70573272636514,21,4,2.216
2372,85.8184589436144,21,4,2.2039999999999997
2373,85.14187834490545,21,4,2.1519999999999997
2374,96.53544693673241,22,3,2.204
2375,75.66002059399327,20,5,2.146
2376,85.96943465490779,21,4,2.202
2377,96.39675891557611,22,3,2.126
2378,86.49390280662408,21,4,2.2399999999999998
2379,85.86172970234963,21,4,2.27
2380,85.98535982981029,21,4,2.3259999999999996
2381,85.23652092291485,21,4,2.168
2382,86.08290599619377,21,4,2.214
2383,75.58965906858158,20,5,2.2539999999999996
2384,66.59773559354566,19,6,2.27
2385,76.75712353737794,20,5,2.132
2386,106.10454185793417,23,2,2.2060000000000004
2387,95.23681391969242,22,3,2.3120000000000003
2388,85.72502998224111,21,4,2.218
2389,86.37336783601327,21,4,2.242
2390,95.57945522746954,22,3,2.2359999999999998
2391,84.79889405374601,21,4,2.1420000000000003
2392,86.11052918935457,21,4,2.178
2393,85.86985579409391,21,4,2.2940000000000005
2394,65.77412117642983,19,6,2.2419999999999995
2395,75.23735487113159,20,5,2.164
2396,76.19067129844197,20,5,2.218
2397,95.72547029680872,22,3,2.1719999999999997
2398,85.31898389088632,21,4,2.1279999999999997
2399,86.43252239405031,21,4,2.23
2400,85.17013844101264,21,4,2.2299999999999995
2401,84.0634282481539,21,4,2.1420000000000003
2402,65.53312670452054,19,6,2.24
2403,86.46496692076072,21,4,2.162
2404,75.17880253443882,20,5,2.246
2405,85.8300331158838,21,4,2.3039999999999994
2406,66.16280654064187,19,6,2.168
2407,85.85423311503644,21,4,2.246
2408,76.15182788654771,20,5,2.164
2409,75.00873920045612,20,5,2.21
2410,95.935234002129,22,3,2.2500000000000004
2411,85.57318658075195,21,4,2.292
2412,76.20907166572842,20,5,2.264
2413,75.1825922980407,20,5,2.182
2414,96.22502731670423,22,3,2.204
2415,96.31918323214234,22,3,2.156
2416,86.15042375116927,21,4,2.304
2417,86.21959918939774,21,4,2.2600000000000002
2418,95.63412024730141,22,3,2.2299999999999995
2419,85.16004741688235,21,4,2.1740000000000004
2420,85.84415184335244,21,4,2.1000000000000005
2421,95.92894253095632,22,3,2.228
2422,75.75676396187303,20,5,2.2239999999999998
2423,96.07424416681388,22,3,2.2459999999999996
2424,86.56021368039029,21,4,2.1420000000000003
2425,76.24753303031537,20,5,2.19
2426,95.34443433580407,22,3,2.336
2427,85.31810102139784,21,4,2.3019999999999996
2428,85.85681337740034,21,4,2.2659999999999996
2429,96.61361313062048,22,3,2.2
2430,86.05999024464242,21,4,2.29
2431,95.77156093540592,22,3,2.302
2432,85.75029243296933,21,4,2.2060000000000004
2433,86.0355321159498,21,4,2.2619999999999996
2434,85.81161861137332,21,4,2.2499999999999996
2435,96.48678378462864,22,3,2.2399999999999998
2436,105.94055090751127,23,2,2.216
2437,106.62223410574319,23,2,2.136
2438,96.59878106551778,22,3,2.1759999999999997
2439,86.49772081219032,21,4,2.2020000000000004
2440,66.4186787961632,19,6,2.164
2441,86.83285747691085,21,4,2.2279999999999998
2442,95.44944319583763,22,3,2.27
2443,76.35077013570354,20,5,2.1260000000000003
2444,85.51997624415104,21,4,2.246
2445,96.05213618864403,22,3,2.192
2446,76.37273264736264,20,5,2.18
2447,86.8694854642461,21,4,2.2619999999999996
2448,86.97536289476542,21,4,2.198
2449,86.49828251422626,21,4,2.1660000000000004
2450,86.42197575145438,21,4,2.242
2451,66.56143842495895,19,6,2.242
2452,65.86765280050608,19,6,2.284
2453,66.72847768050458,19,6,2.212
2454,85.96373919895468,21,4,2.2399999999999998
2455,96.66340289644093,22,3,2.248
2456,85.84495710170124,21,4,2.2019999999999995
2457,76.54730271288324,20,5,2.2039999999999997
2458,56.961392953936766,18,7,2.22
2459,56.064220459285565,18,7,2.236
2460,66.1800697868503,19,6,2.208
2461,56.418920075400166,18,7,2.128
2462,66.6866953812323,19,6,2.194
2463,66.42389077509172,19,6,2.156
2464,86.98388926201528,21,4,2.1759999999999997
2465,56.866371727800285,18,7,2.246
2466,77.20433295513078,20,5,2.2039999999999997
2467,65.97791531239159,19,6,2.2020000000000004
2468,85.87715269507628,21,4,2.222
2469,76.30936834371438,20,5,2.284
2470,76.83038557118678,20,5,2.27
2471,76.05048357362743,20,5,2.2100000000000004
2472,76.58719228055772,20,5,2.274
2473,76.52403803799943,20,5,2.2179999999999995
2474,46.1265033910787,17,8,2.25
2475,76.31258323481192,20,5,2.23
2476,85.47425898657728,21,4,2.1559999999999997
2477,85.83363907380189,21,4,2.2560000000000002
2478,76.46823898854765,20,5,2.2479999999999998
2479,76.34546850383467,20,5,2.202
2480,75.76745432230015,20,5,2.1540000000000004
2481,57.221544436580245,18,7,2.174
2482,76.29854113443022,20,5,2.312
2483,105.55882130042174,23,2,2.218
2484,106.63497990873148,23,2,2.1959999999999997
2485,56.74988459567227,18,7,2.197777777777778
2486,65.8323468799746,19,6,2.16
2487,85.8712535540949,21,4,2.2600000000000002
2488,86.5718816766562,21,4,2.244
2489,76.51660241329752,20,5,2.2699999999999996
2490,84.77865233460457,21,4,2.29
2491,86.42115702599351,21,4,2.29
2492,95.76544033843062,22,3,2.248
2493,86.29679879000668,21,4,2.1800000000000006
2494,75.90257633971821,20,5,2.234
2495,96.48933737290596,22,3,2.2939999999999996
2496,95.59599984625162,22,3,2.156
2497,66.81298142368482,19,6,2.1540000000000004
2498,66.39751779433116,19,6,2.218
2499,77.12011708245961,20,5,2.194
2500,85.41244208984027,21,4,2.134
2501,75.59563049032688,20,5,2.164
2502,67.07271458779476,19,6,2.184
2503,65.25747594150727,19,6,2.062
2504,65.89905000055619,19,6,2.232
2505,76.2793328796846,20,5,2.2659999999999996
2506,55.20914228986797,18,7,2.2580000000000005
2507,75.94430134598973,20,5,2.226
2508,76.55717878241344,20,5,2.148
2509,66.97594267472593,19,6,2.1399999999999997
2510,55.947418635191035,18,7,2.256
2511,76.2750484070341,20,5,2.2439999999999998
2512,76.988428523781,20,5,2.17
2513,96.52572823246754,22,3,2.302
2514,75.84582731714401,20,5,2.206
2515,86.08733958038613,21,4,2.1960000000000006
2516,66.55473409978019,19,6,2.2380000000000004
2517,86.73505673650389,21,4,2.2599999999999993
2518,76.92980450697337,20,5,2.24
2519,96.12544940450712,22,3,2.226
2520,76.58422986176473,20,5,2.15
2521,76.94803028780353,20,5,2.238
2522,87.16657543531691,21,4,2.2340000000000004
2523,96.36380151510843,22,3,2.2980000000000005
2524,56.40280990859385,18,7,2.1600000000000006
2525,66.66845256591945,19,6,2.2119999999999997
2526,85.44789937462572,21,4,2.244
2527,56.510821218467086,18,7,2.1260000000000003
2528,66.86887615015698,19,6,2.216
2529,56.69281617003563,18,7,2.2720000000000002
2530,76.98866155056656,20,5,2.226
2531,66.67087109086107,19,6,2.21
2532,77.44980170058977,20,5,2.2700000000000005
2533,56.81381638742545,18,7,2.192
2534,67.52589318949313,19,6,2.206
2535,85.68912928625008,21,4,2.172
2536,76.84324829106556,20,5,2.1959999999999997
2537,67.44990108534769,19,6,2.1660000000000004
2538,67.46226331048277,19,6,2.21
2539,76.31156925810112,20,5,2.24
2540,75.6003409123409,20,5,2.3
2541,65.95756993143637,19,6,2.244
2542,46.76659728652519,17,8,2.184
2543,96.8993196385041,22,3,2.25
2544,86.35240620624761,21,4,2.226
2545,67.44557123721816,19,6,2.17
2546,56.11605039937069,18,7,2.168
2547,56.41725375983546,18,7,2.216
2548,87.15096001250016,21,4,2.254
2549,66.26997665066229,19,6,2.2
2550,76.75124647296745,20,5,2.3020000000000005
2551,66.34266585301097,19,6,2.232
2552,66.5321690817598,19,6,2.194
2553,76.11913909347783,20,5,2.2659999999999996
2554,86.75042531967938,21,4,2.21
2555,46.2891187297846,17,8,2.228
2556,76.71504699873876,20,5,2.2380000000000004
2557,56.48665829568511,18,7,2.2039999999999997
2558,46.80080154254098,17,8,2.2239999999999998
2559,77.14013213293146,20,5,2.1799999999999997
2560,36.58976724480333,16,9,2.1599999999999997
2561,67.215635985057,19,6,2.19
2562,66.03280161454475,19,6,2.2440000000000007
2563,66.31674491438986,19,6,2.232
2564,65.38751938817946,19,6,2.242
2565,67.18793446781062,19,6,2.1879999999999997
2566,87.24196545126895,21,4,2.194
2567,76.59722510823984,20,5,2.1839999999999997
2568,87.05280919571572,21,4,2.31
2569,57.05645060022768,18,7,2.232
2570,87.06208546792057,21,4,2.2
2571,47.565357565079736,17,8,2.3280000000000003
2572,46.53086582715951,17,8,2.252
2573,76.79306028718008,20,5,2.316
2574,97.60313582531307,22,3,2.194
2575,67.35561783137935,19,6,2.236
2576,57.73629392953367,18,7,2.196
2577,56.28184840322339,18,7,2.2039999999999997
2578,76.92613985262186,20,5,2.2760000000000007
2579,86.6648554466001,21,4,2.332
2580,77.13560938045356,20,5,2.1919999999999997
2581,55.88480001085182,18,7,2.27
2582,66.61670203939069,19,6,2.1820000000000004
2583,76.69768320718389,20,5,2.2779999999999996
2584,76.98890858146694,20,5,2.2640000000000002
2585,76.89035617244359,20,5,2.254
2586,77.42549967834393,20,5,2.1839999999999997
2587,67.01777245558158,19,6,2.272
2588,76.29872347463211,20,5,2.186
2589,77.10193247111754,20,5,2.154
2590,76.19261860366272,20,5,2.1420000000000003
2591,67.35697029174473,19,6,2.2760000000000002
2592,66.68780567199754,19,6,2.17
2593,55.836861967693835,18,7,2.2279999999999998
2594,87.16651554983804,21,4,2.2399999999999998
2595,96.57864610156372,22,3,2.168
2596,86.31438759509851,21,4,2.178
2597,96.84991722438866,22,3,2.298
2598,87.66908877224827,21,4,2.192
2599,107.99123225682177,23,2,2.17
2600,67.36467435626115,19,6,2.224
2601,86.48889057674077,21,4,2.1580000000000004
2602,77.32435360883824,20,5,2.164
2603,67.08024760785172,19,6,2.262
2604,87.22386819876056,21,4,2.162
2605,76.31886124589948,20,5,2.308
2606,76.47737436697182,20,5,2.226
2607,86.44872385452256,21,4,2.24
2608,96.1469197815494,22,3,2.132
2609,77.29560876135744,20,5,2.2260000000000004
2610,97.33392292429664,22,3,2.372
2611,86.46395864884002,21,4,2.186
2612,76.63233728802355,20,5,2.312
2613,96.89883722111438,22,3,2.2
2614,86.70459515013746,21,4,2.1759999999999997
2615,76.40368290042065,20,5,2.2039999999999997
2616,76.60642085957609,20,5,2.2619999999999996
2617,96.06323318937001,22,3,2.136
2618,87.09110939129869,21,4,2.254
2619,96.63398512395669,22,3,2.1700000000000004
2620,96.61451040542589,22,3,2.166
2621,95.81324189538489,22,3,2.2659999999999996
2622,86.5093749872627,21,4,2.1700000000000004
2623,96.65655509434265,22,3,2.2760000000000002
2624,76.81045255006188,20,5,2.29
2625,66.25080407582314,19,6,2.156
2626,75.83616814731988,20,5,2.2060000000000004
2627,105.32944854742988,23,2,2.2359999999999998
2628,85.52682941303493,21,4,2.2939999999999996
2629,76.52593308589663,20,5,2.168
2630,97.19640177265909,22,3,2.232
2631,86.25684499368833,21,4,2.2560000000000002
2632,95.4741446891763,22,3,2.228
2633,77.00261744489595,20,5,2.282
2634,106.3035939917606,23,2,2.21
2635,95.61956842054232,22,3,2.282
2636,86.30671361196076,21,4,2.224
2637,86.10805119003483,21,4,2.25
2638,86.53403070364364,21,4,2.186
2639,75.85652545859497,20,5,2.1559999999999997
2640,86.32963001111838,21,4,2.186
2641,67.0234306571593,19,6,2.1540000000000004
2642,87.16538261403677,21,4,2.2600000000000002
2643,85.43808985392421,21,4,2.304
2644,95.70622614410775,22,3,2.2760000000000007
2645,85.57270282402256,21,4,2.306
2646,86.46702257675948,21,4,2.2
2647,86.18909270198112,21,4,2.286
2648,85.99634572929389,21,4,2.2279999999999998
2649,95.91633937954822,22,3,2.302
2650,86.76353428432027,21,4,2.2619999999999996
2651,86.05875051959136,21,4,2.278
2652,95.61800041934208,22,3,2.2819999999999996
2653,86.39145059189845,21,4,2.2319999999999998
2654,95.44254245453523,22,3,2.216
2655,96.82664751614202,22,3,2.2100000000000004
2656,95.69715605998043,22,3,2.082
2657,86.32624589237713,21,4,2.178
2658,75.77886767821308,20,5,2.184
2659,86.38374821332361,21,4,2.21
2660,76.61632837200418,20,5,2.162
2661,87.07067410322578,21,4,2.258
2662,76.34787820068694,20,5,2.228
2663,105.43481849154472,23,2,2.1499999999999995
2664,96.71715826792723,22,3,2.188
2665,96.88013278534139,22,3,2.2619999999999996
2666,95.73825300692268,22,3,2.1799999999999997
2667,85.58409166337222,21,4,2.1800000000000006
2668,96.48557741497714,22,3,2.2659999999999996
2669,96.21190455008977,22,3,2.336
2670,105.48943382719663,23,2,2.09
2671,95.41736179504967,22,3,2.266
2672,96.28518695170439,22,3,2.1759999999999997
2673,106.92048783692822,23,2,2.2520000000000002
2674,95.79400892210616,22,3,2.2620000000000005
2675,85.87587445904337,21,4,2.15
2676,86.57262517065062,21,4,2.166
2677,95.85912119001792,22,3,2.184
2678,76.42797576653713,20,5,2.3259999999999996
2679,86.02877445230433,21,4,2.3339999999999996
2680,66.46334989231036,19,6,2.134
2681,96.98202302289141,22,3,2.2079999999999997
2682,96.14417973695105,22,3,2.106666666666667
2683,76.0478083178263,20,5,2.21
2684,87.2089388175933,21,4,2.274
2685,86.74993230546553,21,4,2.282
2686,96.84131144329528,22,3,2.1580000000000004
2687,86.95875692767729,21,4,2.1740000000000004
2688,86.20232621434205,21,4,2.168
2689,95.88871997049664,22,3,2.178
2690,95.62402071011309,22,3,2.248
2691,96.81206563286048,22,3,2.162
2692,107.1879613969298,23,2,2.2299999999999995
2693,76.73159621861787,20,5,2.164
2694,97.20521545448578,22,3,2.222
2695,96.26475040416507,22,3,2.342
2696,86.02437229589245,21,4,2.2120000000000006
2697,106.90112838746114,23,2,2.2
2698,97.04401652038213,22,3,2.124
2699,86.15262859678037,21,4,2.256
2700,76.6141976708352,20,5,2.21
2701,86.68717167315941,21,4,2.2220000000000004
2702,66.72385801963335,19,6,2.26
2703,76.72689449205816,20,5,2.178
2704,75.72407532010185,20,5,2.2220000000000004
2705,87.39912122467835,21,4,2.182
2706,96.89561042683061,22,3,2.204
2707,96.3460020701076,22,3,2.2359999999999998
2708,75.99883640693116,20,5,2.2239999999999998
2709,77.09625310509504,20,5,2.192
2710,86.60532086386502,21,4,2.2039999999999997
2711,96.40599132658704,22,3,2.2
2712,87.04407891013426,21,4,2.178
2713,96.71517523137595,22,3,2.17
2714,76.45741892937667,20,5,2.256
2715,86.77495362626318,21,4,2.1959999999999997
2716,95.88902522011682,22,3,2.194
2717,76.7360535386418,20,5,2.252
2718,86.54688525760305,21,4,2.204
2719,85.90763795674381,21,4,2.248
2720,86.20552894656126,21,4,2.132
2721,75.86085275339408,20,5,2.3120000000000003
2722,86.30423400479131,21,4,2.284
2723,76.61209243195545,20,5,2.168
2724,76.64604625792656,20,5,2.2540000000000004
2725,85.96988139395192,21,4,2.1519999999999997
2726,95.86579090210219,22,3,2.19
2727,76.57494021837493,20,5,2.2279999999999998
2728,65.33970765504374,19,6,2.1639999999999997
2729,86.89503004402135,21,4,2.2120000000000006
2730,86.92961678505007,21,4,2.368
2731,76.0960199190689,20,5,2.22
2732,77.0918239024414,20,5,2.156
2733,76.11000422828955,20,5,2.214
2734,75.82927363845208,20,5,2.25
2735,66.77434810276547,19,6,2.2239999999999998
2736,76.47087464034385,20,5,2.2439999999999998
2737,77.68425513437904,20,5,2.1740000000000004
2738,86.84674511424487,21,4,2.1599999999999997
2739,96.54702216866181,22,3,2.2619999999999996
2740,76.73176656374766,20,5,2.148
2741,77.21215241185332,20,5,2.2779999999999996
2742,96.88538641599625,22,3,2.256
2743,86.38151458808798,21,4,2.22
2744,87.19413767986632,21,4,2.2300000000000004
2745,86.9091499858491,21,4,2.218
2746,76.39249834808952,20,5,2.2600000000000002
2747,86.23394648443679,21,4,2.274
2748,86.65342010026244,21,4,2.196
2749,76.35755871382334,20,5,2.18
2750,77.26973540278614,20,5,2.1839999999999997
2751,95.19839829916118,22,3,2.122
2752,76.89957244102042,20,5,2.284
2753,86.34549759362775,21,4,2.25
2754,76.81879773224743,20,5,2.1480000000000006
2755,76.69860855838586,20,5,2.072
2756,65.97866154050462,19,6,2.286
2757,86.9178749965917,21,4,2.2
2758,76.79187798861518,20,5,2.148
2759,76.8181919134154,20,5,2.2419999999999995
2760,67.13793728629868,19,6,2.268
2761,86.60418284060984,21,4,2.1919999999999993
2762,76.81116274343867,20,5,2.2139999999999995
2763,76.59769696734065,20,5,2.1639999999999997
2764,86.42089974278478,21,4,2.18
2765,87.69705445024539,21,4,2.25
2766,87.03634519871274,21,4,2.224
2767,106.36894227403594,23,2,2.3120000000000003
2768,96.63355815048763,22,3,2.236
2769,76.39522482111074,20,5,2.3280000000000003
2770,77.3048397869225,20,5,2.268
2771,75.82380121139313,20,5,2.216
2772,96.34573788429995,22,3,2.286
2773,86.31901551808922,21,4,2.2239999999999998
2774,96.51124686776289,22,3,2.272
2775,106.62514899801832,23,2,2.1959999999999997
2776,85.42578649794812,21,4,2.162
2777,86.4220639446601,21,4,2.3280000000000003
2778,96.79042675801786,22,3,2.28
2779,75.96557293732542,20,5,2.224
2780,86.31085937796763,21,4,2.2499999999999996
2781,96.282557600706,22,3,2.272
2782,75.41458119413818,20,5,2.216
2783,95.89378849611772,22,3,2.28
2784,77.22405902209282,20,5,2.176
2785,76.379100718314,20,5,2.2379999999999995
2786,76.13047187046752,20,5,2.178
2787,106.4917774140514,23,2,2.3200000000000003
2788,105.68616376173996,23,2,2.23
2789,76.52714638601627,20,5,2.23
2790,76.25191552977152,20,5,2.1479999999999997
2791,106.15495582831133,23,2,2.1720000000000006
2792,86.93465606362867,21,4,2.2479999999999998
2793,96.69647290347429,22,3,2.216
2794,95.7898679780542,22,3,2.372
2795,96.92119064185424,22,3,2.202
2796,76.63889018593481,20,5,2.184
2797,106.26564685927951,23,2,2.082
2798,75.05593335438012,20,5,2.2079999999999997
2799,86.8043367054337,21,4,2.1279999999999997
2800,85.49299818496732,21,4,2.2079999999999997
2801,74.87169680362442,20,5,2.2760000000000002
2802,66.4721162908795,19,6,2.166
2803,85.69654856567831,21,4,2.1820000000000004
2804,86.36259556373261,21,4,2.176
2805,75.96099208896334,20,5,2.1700000000000004
2806,86.45596246255889,21,4,2.222
2807,86.06241937347927,21,4,2.214
2808,96.04081153128797,22,3,2.25
2809,85.29078551227573,21,4,2.178
2810,76.22989212605418,20,5,2.226
2811,76.39298662044298,20,5,2.232
2812,106.2647615700044,23,2,2.2660000000000005
2813,85.6553253040518,21,4,2.2419999999999995
2814,106.39999627654915,23,2,2.1919999999999997
2815,85.21831407920595,21,4,2.25
2816,106.404816392533,23,2,2.1644444444444444
2817,86.44240409951803,21,4,2.2720000000000002
2818,86.35785784368866,21,4,2.1340000000000003
2819,106.40620485794285,23,2,2.328
2820,84.5324748624631,21,4,2.2359999999999998
2821,86.29104604080948,21,4,2.256
2822,65.81077297082446,19,6,2.274
2823,86.39362243722077,21,4,2.242
2824,85.86392025863731,21,4,2.2779999999999996
2825,86.88231034030291,21,4,2.168888888888889
2826,77.13684321406443,20,5,2.2779999999999996
2827,67.3680626023293,19,6,2.194
2828,77.44881884805739,20,5,2.2299999999999995
2829,86.82613321107154,21,4,2.2260000000000004
2830,77.27032948810044,20,5,2.1979999999999995
2831,85.31118345018615,21,4,2.162
2832,86.63797070217676,21,4,2.216
2833,85.20684822452547,21,4,2.1180000000000003
2834,75.41929172905587,20,5,2.2279999999999998
2835,56.077964739456164,18,7,2.2880000000000003
2836,76.11983014154752,20,5,2.1100000000000003
2837,86.4502322810368,21,4,2.2479999999999998
2838,85.82140351216204,21,4,2.2359999999999998
2839,75.16758396515205,20,5,2.31
2840,76.78394080596273,20,5,2.24
2841,95.95975236780167,22,3,2.2299999999999995
2842,66.78936617276729,19,6,2.3420000000000005
2843,86.83868702997974,21,4,2.228
2844,86.46406312359657,21,4,2.2819999999999996
2845,76.38708656770027,20,5,2.1779999999999995
2846,65.99193314917866,19,6,2.2439999999999998
2847,66.6009575327565,19,6,2.278
2848,96.8760166604212,22,3,2.1439999999999997
2849,85.93270825555913,21,4,2.266
2850,46.60626714926239,17,8,2.2560000000000002
2851,76.25051767693864,20,5,2.234
2852,66.69113522415572,19,6,2.26
2853,86.68731073668172,21,4,2.346
2854,85.71852505052281,21,4,2.258
2855,57.319800508817295,18,7,2.194
2856,76.52231057444854,20,5,2.322
2857,75.81086734702458,20,5,2.184
2858,76.76960290673986,20,5,2.1979999999999995
2859,65.34816985803506,19,6,2.258
2860,95.99065963047794,22,3,2.212
2861,96.15185031978746,22,3,2.258
2862,85.89558264747235,21,4,2.194
2863,65.49870605061702,19,6,2.252
2864,66.61183193294097,19,6,2.1380000000000003
2865,76.86918022313714,20,5,2.2020000000000004
2866,76.29290442252602,20,5,2.216
2867,56.51838767670152,18,7,2.272
2868,86.8810529300228,21,4,2.21
2869,56.546238792842196,18,7,2.1760000000000006
2870,65.9740018260436,19,6,2.2
2871,66.09149315555192,19,6,2.2119999999999997
2872,106.71850228150562,23,2,2.2139999999999995
2873,86.54427700606774,21,4,2.2
2874,86.23505243377356,21,4,2.16
2875,55.74680508468251,18,7,2.278
2876,87.54799585868103,21,4,2.2619999999999996
2877,76.01741244953536,20,5,2.2560000000000002
2878,96.15680772126,22,3,2.184
2879,85.96852944105048,21,4,2.1079999999999997
2880,55.7407115074617,18,7,2.2399999999999998
2881,76.66562113227035,20,5,2.2439999999999998
2882,86.5667626634287,21,4,2.2039999999999997
2883,76.04386061101056,20,5,2.222
2884,96.44798759946593,22,3,2.338
2885,56.247161217456274,18,7,2.126
2886,56.619576766696156,18,7,2.252
2887,56.11892693651096,18,7,2.208
2888,75.89191859144687,20,5,2.2239999999999998
2889,85.19897166721908,21,4,2.126
2890,97.87104137418936,22,3,2.242
2891,76.59524251367816,20,5,2.2559999999999993
2892,66.9306976438388,19,6,2.094
2893,85.62477341914267,21,4,2.2119999999999997
2894,65.81422966780838,19,6,2.1860000000000004
2895,86.84828337627968,21,4,2.234
2896,76.96879327641469,20,5,2.1540000000000004
2897,66.63369506081236,19,6,2.2119999999999997
2898,76.11016039917435,20,5,2.1460000000000004
2899,86.48476097631548,21,4,2.274
2900,86.70484610727748,21,4,2.232
2901,66.51395523349414,19,6,2.2199999999999998
2902,76.74659352106899,20,5,2.2080000000000006
2903,76.08136477157981,20,5,2.306
2904,76.21200887009783,20,5,2.1959999999999997
2905,86.80496302886937,21,4,2.1979999999999995
2906,86.73504669987543,21,4,2.1860000000000004
2907,67.00470333467618,19,6,2.2600000000000002
2908,97.17544346546967,22,3,2.19
2909,86.30824043123089,21,4,2.2
2910,76.45977472211332,20,5,2.162
2911,86.15551618009647,21,4,2.32
2912,85.52987394392837,21,4,2.1800000000000006
2913,56.56013038516988,18,7,2.25
2914,86.92680525702984,21,4,2.162
2915,86.93715339507403,21,4,2.218
2916,67.33618248045234,19,6,2.322
2917,87.19484840492157,21,4,2.1500000000000004
2918,76.82247836387907,20,5,2.228
2919,66.4818679425276,19,6,2.118
2920,96.52076649481415,22,3,2.2159999999999997
2921,76.75809478093933,20,5,2.204
2922,86.5274759703511,21,4,2.2979999999999996
2923,75.88789933844522,20,5,2.214
2924,54.4098997181856,18,7,2.168
2925,76.80307099092428,20,5,2.1719999999999997
2926,96.71415708148113,22,3,2.2680000000000002
2927,76.2381035110944,20,5,2.242
2928,86.23816956958328,21,4,2.274
2929,56.5591813547947,18,7,2.17
2930,76.13941501706033,20,5,2.2199999999999998
2931,77.46401458169741,20,5,2.178
2932,66.87535482620729,19,6,2.304
2933,76.55639168584605,20,5,2.19
2934,87.29629963518542,21,4,2.192
2935,86.29128001846209,21,4,2.2039999999999997
2936,76.53979444878664,20,5,2.244
2937,66.92511265005453,19,6,2.256
2938,86.23774266900438,21,4,2.204
2939,75.96770492455524,20,5,2.286
2940,76.92673780195183,20,5,2.144
2941,65.61578502547182,19,6,2.232
2942,66.0263488772893,19,6,2.2439999999999998
2943,76.81012998955008,20,5,2.168
2944,86.01786962103908,21,4,2.206
2945,66.2635044306501,19,6,2.2439999999999998
2946,86.72643515066662,21,4,2.274
2947,75.58426036298891,20,5,2.3600000000000003
2948,67.43720837155348,19,6,2.1719999999999997
2949,95.769841507469,22,3,2.216
2950,95.41334139676256,22,3,2.22
2951,76.02864178579703,20,5,2.23
2952,36.522424743939965,16,9,2.2439999999999993
2953,86.06556258293251,21,4,2.278
2954,65.95676787003386,19,6,2.2
2955,76.61197433410055,20,5,2.274
2956,105.81036075971441,23,2,2.2120000000000006
2957,55.75439635768376,18,7,2.2779999999999996
2958,77.20627490447494,20,5,2.314
2959,66.68379340758666,19,6,2.252
2960,76.62694300217288,20,5,2.226
2961,65.31271941676837,19,6,2.2560000000000002
2962,75.70591919636179,20,5,2.192
2963,76.31597916563325,20,5,2.182
2964,65.48595949839095,19,6,2.1959999999999997
2965,66.37663690271933,19,6,2.354
2966,55.851667810269674,18,7,2.208
2967,86.41010569977897,21,4,2.266
2968,56.46817478438241,18,7,2.242
2969,76.35136537842303,20,5,2.282
2970,66.63031441135294,19,6,2.16
2971,87.56139023440426,21,4,2.27
2972,75.3138762720845,20,5,2.188
2973,106.27438173574492,23,2,2.2
2974,85.74537608670904,21,4,2.126
2975,77.51974590251152,20,5,2.226
2976,66.95550302596622,19,6,2.298
2977,85.90307429087952,21,4,2.166
2978,76.49292882627796,20,5,2.21
2979,75.21447405093058,20,5,2.256
2980,86.57622276441364,21,4,2.2139999999999995
2981,76.05281849430528,20,5,2.2640000000000002
2982,76.11457423892763,20,5,2.2540000000000004
2983,66.60371840030831,19,6,2.168
2984,95.95788806211849,22,3,2.2060000000000004
2985,76.48507075105817,20,5,2.166
2986,104.53486935198626,23,2,2.184
2987,75.80864557739103,20,5,2.2279999999999998
2988,86.00015034539152,21,4,2.232
2989,76.69297767464077,20,5,2.226
2990,96.42823310900482,22,3,2.2379999999999995
2991,76.65867535267199,20,5,2.2439999999999993
2992,97.34136331873677,22,3,2.1700000000000004
2993,66.78271921040938,19,6,2.1980000000000004
2994,66.35116784457212,19,6,2.342
2995,77.51783611183558,20,5,2.224
2996,74.74072096090883,20,5,2.2920000000000003
2997,86.64435076688797,21,4,2.2479999999999998
2998,86.61806862308907,21,4,2.304
2999,76.26345999111588,20,5,2.258
3000,95.18622510418824,22,3,2.236
3001,96.41972772797801,22,3,2.29
3002,76.51400086908568,20,5,2.266
3003,65.94524798063516,19,6,2.232
3004,96.56504592250715,22,3,2.1540000000000004
3005,106.67673360222335,23,2,2.2020000000000004
3006,75.85768448858056,20,5,2.184
3007,66.7372384725018,19,6,2.2399999999999998
3008,76.30202329505111,20,5,2.196
3009,65.56256376358473,19,6,2.1839999999999997
3010,87.21044562808238,21,4,2.2079999999999993
3011,66.68416347242214,19,6,2.166
3012,86.3693603393115,21,4,2.2120000000000006
3013,66.43944848623173,19,6,2.146
3014,86.87514033436175,21,4,2.274
3015,76.27160672988234,20,5,2.2380000000000004
3016,86.5080790733117,21,4,2.338
3017,67.19169212152461,19,6,2.31
3018,76.90552934545808,20,5,2.212
3019,86.83429341924766,21,4,2.164
3020,76.32267735832723,20,5,2.224
3021,86.42715638692572,21,4,2.178
3022,106.96346918614549,23,2,2.21
3023,96.13194425198989,22,3,2.3
3024,86.63116332586183,21,4,2.242
3025,66.66509089953388,19,6,2.27
3026,86.7599636049506,21,4,2.1879999999999997
3027,76.0578281883506,20,5,2.206
3028,66.45995526739397,19,6,2.308
3029,66.28533064931108,19,6,2.2
3030,74.98226989715472,20,5,2.268
3031,87.29009755684224,21,4,2.184
3032,75.72840803989997,20,5,2.276
3033,96.92711057379161,22,3,2.204
3034,86.61035251643253,21,4,2.214
3035,66.525983706947,19,6,2.2800000000000002
3036,86.45905457517355,21,4,2.2440000000000007
3037,76.49528123489267,20,5,2.1700000000000004
3038,86.31182888557275,21,4,2.164
3039,86.06546158947343,21,4,2.262
3040,66.5059670368265,19,6,2.1866666666666665
3041,96.0107330318986,22,3,2.216
3042,106.71011637761423,23,2,2.2559999999999993
3043,76.5765337191489,20,5,2.232
3044,76.35233284555082,20,5,2.1580000000000004
3045,86.04707860228257,21,4,2.2060000000000004
3046,96.65964015163827,22,3,2.16
3047,85.82151466717058,21,4,2.246
3048,87.19495126357992,21,4,2.2180000000000004
3049,76.65519845495292,20,5,2.22
3050,86.58062307410556,21,4,2.2039999999999997
3051,56.297075127388055,18,7,2.3080000000000003
3052,76.51151116961547,20,5,2.2720000000000002
3053,66.60082074783382,19,6,2.104
3054,66.31721988419368,19,6,2.2520000000000002
3055,95.54009089478859,22,3,2.248
3056,66.51162128167712,19,6,2.164
3057,86.31574127383494,21,4,2.3120000000000003
3058,86.47999309375898,21,4,2.3400000000000003
3059,96.05041059983051,22,3,2.112
3060,76.5806921825414,20,5,2.222
3061,75.4388889101929,20,5,2.188
3062,77.30917561847338,20,5,2.2600000000000007
3063,96.37007748248335,22,3,2.164
3064,96.38797601542876,22,3,2.186
3065,76.45899032233899,20,5,2.2779999999999996
3066,96.35429158204921,22,3,2.226
3067,75.82226746740584,20,5,2.226
3068,96.52340973787275,22,3,2.2520000000000002
3069,95.6786582227213,22,3,2.1319999999999992
3070,85.50481879615973,21,4,2.234
3071,76.80905322496446,20,5,2.3019999999999996
3072,65.8020196824729,19,6,2.2479999999999998
3073,85.94461740888372,21,4,2.1839999999999997
3074,86.32104195137678,21,4,2.242
3075,96.00930591616272,22,3,2.1700000000000004
3076,75.45844044036436,20,5,2.1719999999999997
3077,76.31965618875338,20,5,2.1980000000000004
3078,75.99746253055726,20,5,2.3400000000000003
3079,95.9729853255216,22,3,2.168
3080,106.25621517701344,23,2,2.224
3081,66.0571312849084,19,6,2.264
3082,66.06684685031169,19,6,2.25
3083,75.76533068322668,20,5,2.076
3084,76.62810368817229,20,5,2.18
3085,86.54880473505328,21,4,2.1999999999999997
3086,85.766291942885,21,4,2.152
3087,86.16083792369724,21,4,2.228
3088,85.63233800588317,21,4,2.1879999999999997
3089,76.6194848529535,20,5,2.24
3090,85.72658292079808,21,4,2.192
3091,106.11000733821454,23,2,2.268
3092,85.41208913915847,21,4,2.252
3093,86.25999145285344,21,4,2.168
3094,86.37708040597688,21,4,2.2600000000000002
3095,85.87211044040708,21,4,2.254
3096,77.08730660878709,20,5,2.254
3097,66.9327437385446,19,6,2.2719999999999994
3098,87.1687304073035,21,4,2.152
3099,76.6707537529512,20,5,2.234
3100,75.27427305181001,20,5,2.2760000000000002
3101,77.07300277459295,20,5,2.164
3102,76.79603800630838,20,5,2.2880000000000003
3103,75.70344144674041,20,5,2.1759999999999997
3104,86.1385105855957,21,4,2.268
3105,95.8476359198001,22,3,2.116
3106,75.92399775238263,20,5,2.1260000000000003
3107,65.6244978680751,19,6,2.1900000000000004
3108,66.90179898042234,19,6,2.214
3109,86.49259862356247,21,4,2.114
3110,96.6134867021957,22,3,2.274
3111,65.6111339919183,19,6,2.2680000000000002
3112,85.69400920399511,21,4,2.284
3113,85.05671271094977,21,4,2.2019999999999995
3114,85.78986011455584,21,4,2.228
3115,96.29961884738495,22,3,2.218
3116,85.15169323206689,21,4,2.2399999999999998
3117,95.87579920514499,22,3,2.3099999999999996
3118,85.66562801578898,21,4,2.294
3119,56.12578636292507,18,7,2.254
3120,85.52787173068108,21,4,2.332
3121,66.60965239649144,19,6,2.2939999999999996
3122,74.97409267868183,20,5,2.1900000000000004
3123,95.54771625369025,22,3,2.21
3124,75.94171871454247,20,5,2.228
3125,86.72399005629,21,4,2.318
3126,76.16423569238864,20,5,2.148
3127,95.58905399081983,22,3,2.226
3128,75.68648263917358,20,5,2.182
3129,84.70412572873876,21,4,2.2300000000000004
3130,75.80583168457233,20,5,2.218
3131,75.92456482243387,20,5,2.196
3132,64.4385891796563,19,6,2.3160000000000003
3133,86.67339783789598,21,4,2.1740000000000004
3134,76.32693487110164,20,5,2.302
3135,85.29894042891527,21,4,2.164
3136,95.6115661944089,22,3,2.204
3137,76.17268874819892,20,5,2.122
3138,85.4851671099087,21,4,2.284
3139,96.433963620242,22,3,2.2700000000000005
3140,86.1822519235627,21,4,2.248
3141,86.42873497175182,21,4,2.2139999999999995
3142,86.54410788745287,21,4,2.328
3143,75.18162205591572,20,5,2.2420000000000004
3144,75.418800504223,20,5,2.2399999999999998
3145,115.84818035320797,24,1,2.1759999999999997
3146,84.6474493979031,21,4,2.244
3147,86.45047562894977,21,4,2.146
3148,84.8530040343576,21,4,2.168
3149,75.28117531515203,20,5,2.228
3150,56.53183710718301,18,7,2.196
3151,95.02875375733538,22,3,2.224
3152,66.25108915277363,19,6,2.2819999999999996
3153,105.7433569836618,23,2,2.28
3154,65.9020537808787,19,6,2.2
3155,75.42576826125426,20,5,2.256
3156,96.04006894923103,22,3,2.22
3157,66.67126478700293,19,6,2.324
3158,75.57351925620524,20,5,2.1660000000000004
3159,86.28740807155944,21,4,2.282
3160,96.5303412486709,22,3,2.248
3161,85.44976024332654,21,4,2.228
3162,76.01350483445584,20,5,2.1740000000000004
3163,85.81331624892978,21,4,2.224
3164,75.62182489891914,20,5,2.1740000000000004
3165,75.6254630202746,20,5,2.17
3166,74.76467473701912,20,5,2.1740000000000004
3167,97.04146596150504,22,3,2.1819999999999995
3168,85.03289196180377,21,4,2.19
3169,85.84359645362794,21,4,2.2359999999999998
3170,85.93571636074132,21,4,2.2359999999999998
3171,96.72018497476401,22,3,2.3099999999999996
3172,74.22371598556072,20,5,2.2439999999999998
3173,86.06752072800784,21,4,2.1660000000000004
3174,85.08307731534217,21,4,2.304
3175,75.89403460996367,20,5,2.2759999999999994
3176,94.90112906787381,22,3,2.25
3177,86.31590444074945,21,4,2.2039999999999997
3178,85.92328063811084,21,4,2.22
3179,86.00278116876484,21,4,2.232
3180,84.73234224458052,21,4,2.196
3181,66.06273157037673,19,6,2.2439999999999998
3182,55.43514996196241,18,7,2.336
3183,84.9668407502436,21,4,2.202
3184,65.34165198846915,19,6,2.188
3185,65.78454564330453,19,6,2.2439999999999998
3186,86.67279672197877,21,4,2.2399999999999998
3187,56.02939088921011,18,7,2.16
3188,84.69429655023585,21,4,2.284
3189,75.9692350367656,20,5,2.186
3190,55.62639807858605,18,7,2.242
3191,96.56902074830832,22,3,2.27
3192,46.487731703907485,17,8,2.1860000000000004
3193,65.87313658290314,19,6,2.278
3194,94.81278062817587,22,3,2.2640000000000002
3195,76.10827487785471,20,5,2.146
3196,86.19282784299429,21,4,2.1820000000000004
3197,75.54325740380102,20,5,2.254
3198,76.5063319221597,20,5,2.184
3199,85.68094091374566,21,4,2.228
3200,65.1652730758891,19,6,2.22
3201,65.58831060040481,19,6,2.2800000000000002
3202,76.26284464168445,20,5,2.2279999999999998
3203,96.53294826041193,22,3,2.2060000000000004
3204,75.02184416018856,20,5,2.2960000000000003
3205,104.73954219854144,23,2,2.3099999999999996
3206,75.15856099136847,20,5,2.13
3207,55.800620350170064,18,7,2.1420000000000003
3208,65.920645195998,19,6,2.314
3209,75.77211085364675,20,5,2.1020000000000003
3210,65.66266449234593,19,6,2.216
3211,76.25272971717865,20,5,2.2220000000000004
3212,86.15538648110822,21,4,2.188
3213,75.69031226241022,20,5,2.168
3214,64.459241542129,19,6,2.2139999999999995
3215,65.79548819090842,19,6,2.162
3216,75.1925897580806,20,5,2.192
3217,75.10024934106835,20,5,2.332
3218,66.38678123944638,19,6,2.1879999999999997
3219,74.99125938088581,20,5,2.284
3220,85.715810314158,21,4,2.232
3221,85.11288751062877,21,4,2.224
3222,55.7701176058806,18,7,2.1759999999999997
3223,75.34725725662824,20,5,2.2340000000000004
3224,66.23750284653026,19,6,2.198
3225,65.69055942779104,19,6,2.192
3226,66.91919289045217,19,6,2.1439999999999997
3227,65.33935199787463,19,6,2.2239999999999998
3228,74.99846508835887,20,5,2.218
3229,56.894775510592964,18,7,2.2539999999999996
3230,56.911897055398704,18,7,2.1599999999999997
3231,64.64040622948714,19,6,2.206
3232,75.23184814068979,20,5,2.198
3233,56.160002484195175,18,7,2.144
3234,66.80948195130138,19,6,2.282
3235,55.90638683746786,18,7,2.2779999999999996
3236,76.80606618267755,20,5,2.27
3237,65.92079873185155,19,6,2.21
3238,55.549525365998235,18,7,2.176
3239,65.84854516623648,19,6,2.2
3240,67.06831542643772,19,6,2.2039999999999997
3241,75.3460038962597,20,5,2.258
3242,115.8375518523485,24,1,2.162
3243,86.28595550465063,21,4,2.182
3244,75.17195153683538,20,5,2.244
3245,95.74320605415883,22,3,2.26
3246,75.92941698935226,20,5,2.24
3247,76.35977333534198,20,5,2.29
3248,66.34998438532915,19,6,2.154000000000001
3249,65.7220513879583,19,6,2.272
3250,74.6658821968354,20,5,2.234
3251,86.12494768911345,21,4,2.2359999999999998
3252,66.03524014169618,19,6,2.246
3253,75.26434084000425,20,5,2.1860000000000004
3254,65.47795214366522,19,6,2.1420000000000003
3255,65.77979994755411,19,6,2.2619999999999996
3256,86.0779148784264,21,4,2.194
3257,55.20786648591532,18,7,2.23
3258,85.3277284356522,21,4,2.204
3259,86.43055033386196,21,4,2.3
3260,86.49048502931863,21,4,2.31
3261,85.91548851817436,21,4,2.172
3262,85.40978557519816,21,4,2.162
3263,65.91445055769633,19,6,2.242
3264,66.20771998234929,19,6,2.3160000000000003
3265,75.68320466793344,20,5,2.104
3266,65.49621347256448,19,6,2.2600000000000002
3267,75.82877918993464,20,5,2.332
3268,75.29939087176587,20,5,2.202
3269,75.73382468946772,20,5,2.3080000000000007
3270,85.37228758186197,21,4,2.3019999999999996
3271,95.94084344039264,22,3,2.2239999999999998
3272,66.72230013346554,19,6,2.1420000000000003
3273,87.05329812883578,21,4,2.2319999999999998
3274,85.25473877490643,21,4,2.1900000000000004
3275,85.84093843229651,21,4,2.24
3276,85.82327763551787,21,4,2.278
3277,54.817643481569036,18,7,2.13
3278,66.36197711138988,19,6,2.132
3279,75.64465256797641,20,5,2.2199999999999998
3280,75.560183375805,20,5,2.132
3281,75.62734904564897,20,5,2.232
3282,65.23701923146999,19,6,2.242
3283,75.55307428597555,20,5,2.176
3284,65.84435571114983,19,6,2.2280000000000006
3285,66.12594398838294,19,6,2.3259999999999996
3286,74.4455619251848,20,5,2.306
3287,85.81110242453686,21,4,2.246
3288,85.61326543028531,21,4,2.2640000000000002
3289,96.31461933163594,22,3,2.1380000000000003
3290,75.19443275265775,20,5,2.2039999999999997
3291,85.05869275906613,21,4,2.22
3292,65.67166334900647,19,6,2.2560000000000002
3293,65.67148513918407,19,6,2.162
3294,85.75208512055993,21,4,2.332
3295,65.77799362435641,19,6,2.202
3296,95.53147025793177,22,3,2.254
3297,85.96143322820474,21,4,2.196
3298,65.3832146438918,19,6,2.234
3299,65.9503767129986,19,6,2.228
3300,95.55123419956868,22,3,2.226
3301,74.84335741690964,20,5,2.198
3302,65.57830980606269,19,6,2.1879999999999997
3303,94.77870289649263,22,3,2.2600000000000002
3304,75.14538556087142,20,5,2.142
3305,85.45952527418825,21,4,2.2359999999999998
3306,95.84962839056621,22,3,2.2359999999999998
3307,85.36987495551153,21,4,2.256
3308,75.58939383181144,20,5,2.3060000000000005
3309,64.31141390289676,19,6,2.246
3310,95.397099803755,22,3,2.2500000000000004
3311,85.01934343513337,21,4,2.1959999999999997
3312,95.19673099910663,22,3,2.242
3313,65.50626766564713,19,6,2.216
3314,95.77358469750476,22,3,2.2940000000000005
3315,85.71998026817094,21,4,2.1480000000000006
3316,75.15789338750209,20,5,2.18
3317,75.52577229247095,20,5,2.168
3318,75.65893375328335,20,5,2.1300000000000003
3319,86.75954562181137,21,4,2.258
3320,75.18902674303902,20,5,2.2199999999999998
3321,56.38407478484086,18,7,2.2760000000000002
3322,84.06553473359749,21,4,2.2
3323,75.53374687730403,20,5,2.236
3324,77.59433365600842,20,5,2.166
3325,85.44866498041596,21,4,2.266
3326,96.53155680979987,22,3,2.1919999999999997
3327,76.03922100914549,20,5,2.1879999999999997
3328,76.03186541271297,20,5,2.0999999999999996
3329,96.29354712736003,22,3,2.108
3330,54.865302431838415,18,7,2.21
3331,76.12041764105625,20,5,2.218
3332,76.02740343029558,20,5,2.252
3333,86.17725276949598,21,4,2.264
3334,95.47661080874688,22,3,2.3219999999999996
3335,85.99886848613278,21,4,2.3020000000000005
3336,65.82135377079162,19,6,2.2
3337,95.27617052540518,22,3,2.156
3338,76.24250496556307,20,5,2.292
3339,76.64243512306557,20,5,2.29
3340,75.69143976361735,20,5,2.194
3341,96.03852650430896,22,3,2.256
3342,74.32713178339844,20,5,2.2960000000000003
3343,75.07217030325272,20,5,2.1740000000000004
3344,66.24747773753293,19,6,2.242
3345,75.74356888241192,20,5,2.3199999999999994
3346,86.23347473251192,21,4,2.174
3347,94.66633938371588,22,3,2.2600000000000002
3348,75.72725709544397,20,5,2.218
3349,85.6629325466754,21,4,2.2380000000000004
3350,76.05839361559788,20,5,2.166
3351,65.40007652356833,19,6,2.184
3352,66.9874493523497,19,6,2.268
3353,84.31304965389359,21,4,2.1260000000000003
3354,75.37455706938336,20,5,2.26
3355,76.30934697518785,20,5,2.2580000000000005
3356,74.87668801496037,20,5,2.178
3357,75.03711972626321,20,5,2.1759999999999997
3358,96.13215675329985,22,3,2.2140000000000004
3359,85.92658946699878,21,4,2.19
3360,85.75709555686177,21,4,2.228
3361,85.62451295330311,21,4,2.208
3362,83.74417550338754,21,4,2.2359999999999998
3363,76.01651258170962,20,5,2.234
3364,86.11120104818353,21,4,2.266
3365,66.65640220281806,19,6,2.242
3366,76.02359239779918,20,5,2.1659999999999995
3367,65.6626467193511,19,6,2.216
3368,55.25960427205478,18,7,2.21
3369,66.57425529811287,19,6,2.114
3370,75.74539796027537,20,5,2.134
3371,85.77186193303085,21,4,2.1479999999999997
3372,75.2667470898023,20,5,2.178
3373,75.92738752584533,20,5,2.192
3374,75.41020345868674,20,5,2.274
3375,65.523686952773,19,6,2.204
3376,75.24768552943424,20,5,2.2960000000000003
3377,85.62220340065579,21,4,2.272
3378,85.14025868969034,21,4,2.302
3379,55.4539480261889,18,7,2.25
3380,75.36015783360183,20,5,2.1239999999999997
3381,85.82263130227955,21,4,2.2199999999999998
3382,85.87935158504428,21,4,2.2380000000000004
3383,86.2590864234644,21,4,2.2120000000000006
3384,84.9791669355873,21,4,2.164
3385,74.38684759145208,20,5,2.1140000000000003
3386,74.27297911680157,20,5,2.13
3387,65.96704448107538,19,6,2.1340000000000003
3388,65.27473994157127,19,6,2.204
3389,74.98553437812812,20,5,2.2540000000000004
3390,85.87087845683315,21,4,2.244
3391,56.7131968760615,18,7,2.2340000000000004
3392,95.71151028848946,22,3,2.1460000000000004
3393,66.44071208464175,19,6,2.1719999999999997
3394,75.35975058372404,20,5,2.2540000000000004
3395,85.55045345140671,21,4,2.2060000000000004
3396,96.61382505689969,22,3,2.282
3397,67.01452194044967,19,6,2.2359999999999998
3398,76.38127821168428,20,5,2.204
3399,56.13219079912751,18,7,2.122
3400,65.64247138603976,19,6,2.2880000000000003
3401,65.7401262603113,19,6,2.27
3402,55.79033927259755,18,7,2.268
3403,56.00565300016521,18,7,2.152
3404,74.87060729958051,20,5,2.1800000000000006
3405,54.8938070994427,18,7,2.194
3406,86.0860203825338,21,4,2.2159999999999997
3407,85.42331361311984,21,4,2.272
3408,75.16406812872728,20,5,2.0880000000000005
3409,76.02879976291725,20,5,2.262
3410,64.73974914227743,19,6,2.2339999999999995
3411,54.5272641288277,18,7,2.2180000000000004
3412,65.16609184275649,19,6,2.2039999999999997
3413,95.43615777399842,22,3,2.258
3414,85.97385859075528,21,4,2.214
3415,86.7581392880399,21,4,2.2380000000000004
3416,85.41723116379512,21,4,2.23
3417,76.1696820235222,20,5,2.1599999999999997
3418,64.74668671868571,19,6,2.12
3419,85.57442037867278,21,4,2.164
3420,77.13838883766068,20,5,2.1919999999999997
3421,75.84807417647829,20,5,2.3099999999999996
3422,65.92731243643358,19,6,2.284
3423,65.5069767804115,19,6,2.21
3424,75.93825390850992,20,5,2.146
3425,95.5168192823236,22,3,2.2140000000000004
3426,95.14186859419081,22,3,2.218000000000001
3427,86.20925511402392,21,4,2.1879999999999997
3428,65.5322237384481,19,6,2.242
3429,75.97930602240525,20,5,2.186
3430,65.93766756028414,19,6,2.2159999999999997
3431,85.73054211555426,21,4,2.1980000000000004
3432,75.63347196049263,20,5,2.2419999999999995
3433,75.317901126378,20,5,2.232
3434,85.67234675919275,21,4,2.2859999999999996
3435,86.36804448013484,21,4,2.18
3436,55.678672855211445,18,7,2.1580000000000004
3437,85.17164425224539,21,4,2.164
3438,85.11687848621226,21,4,2.1959999999999997
3439,56.499082412793214,18,7,2.208
3440,65.50040805937023,19,6,2.196
3441,73.9137041373131,20,5,2.2019999999999995
3442,65.57102002794286,19,6,2.1500000000000004
3443,97.09267799563673,22,3,2.232
3444,66.70430967998736,19,6,2.2960000000000003
3445,65.1069867767709,19,6,2.1599999999999997
3446,75.04798474502087,20,5,2.218
3447,74.81275602000608,20,5,2.306
3448,64.37710339337724,19,6,2.2560000000000002
3449,65.98546220092891,19,6,2.15
3450,75.27791553166182,20,5,2.3140000000000005
3451,75.62210636019594,20,5,2.1440000000000006
3452,65.79475413479166,19,6,2.2079999999999997
3453,76.22093328737984,20,5,2.274
3454,76.39299938804925,20,5,2.4219999999999997
3455,75.44939320050621,20,5,2.2399999999999993
3456,65.35406208694056,19,6,2.14
3457,85.0645328927389,21,4,2.232
3458,65.50853503295596,19,6,2.2359999999999998
3459,74.99251501682932,20,5,2.2039999999999997
3460,55.54459315018717,18,7,2.186
3461,65.4951155662138,19,6,2.2039999999999997
3462,66.18070995368211,19,6,2.218
3463,75.29367572695007,20,5,2.2479999999999998
3464,65.68438445970126,19,6,2.2459999999999996
3465,66.43382014719012,19,6,2.24
3466,74.43319877928853,20,5,2.27
3467,85.16556870403656,21,4,2.2020000000000004
3468,75.36556261562939,20,5,2.214
3469,64.9002180052467,19,6,2.2359999999999998
3470,54.55358529294651,18,7,2.168
3471,55.537091269585375,18,7,2.214
3472,75.9634317005792,20,5,2.186
3473,65.86333536615533,19,6,2.178
3474,75.48176628151263,20,5,2.232
3475,74.49220845273236,20,5,2.18
3476,75.26986612691655,20,5,2.312
3477,65.61142205386042,19,6,2.286
3478,74.14175778738449,20,5,2.2159999999999997
3479,64.71992316679604,19,6,2.1879999999999997
3480,85.63304088746521,21,4,2.2000000000000006
3481,84.95959940895341,21,4,2.098
3482,65.87951425073544,19,6,2.21
3483,65.77313213000808,19,6,2.184
3484,65.76097627503773,19,6,2.0899999999999994
3485,66.1708870350764,19,6,2.29
3486,75.35853920057846,20,5,2.1919999999999997
3487,74.14622673083261,20,5,2.226
3488,75.8579760680496,20,5,2.23
3489,85.5528270370162,21,4,2.236
3490,95.75910287360773,22,3,2.252
3491,65.41515958467704,19,6,2.246
3492,75.87610407313724,20,5,2.27
3493,74.61960913726406,20,5,2.228
3494,75.37672647710313,20,5,2.2560000000000002
3495,76.28272270084679,20,5,2.2620000000000005
3496,74.91588355059467,20,5,2.238
3497,55.24084854090627,18,7,2.1980000000000004
3498,65.95974880815321,19,6,2.182
3499,56.4502600715042,18,7,2.218
3500,66.03549822415759,19,6,2.0960000000000005
3501,74.75596196550929,20,5,2.12
3502,75.76995674765129,20,5,2.2380000000000004
3503,77.05496421858513,20,5,2.224
3504,85.61929130534088,21,4,2.2139999999999995
3505,85.47988457374282,21,4,2.2779999999999996
3506,64.43268613354311,19,6,2.1800000000000006
3507,75.50761398552471,20,5,2.154
3508,76.03737253585687,20,5,2.206
3509,56.54016487333655,18,7,2.2199999999999998
3510,76.28071443537016,20,5,2.1740000000000004
3511,65.47057722001789,19,6,2.224
3512,65.0249560840855,19,6,2.296
3513,55.05564347639529,18,7,2.178
3514,46.07994918480202,17,8,2.2800000000000002
3515,65.78418016717379,19,6,2.184
3516,54.52737832987775,18,7,2.206
3517,55.624655377956714,18,7,2.216
3518,75.65600742351783,20,5,2.234
3519,65.16286382213728,19,6,2.198
3520,44.89995062427513,17,8,2.216
3521,54.189383492029734,18,7,2.194
3522,75.31130606776938,20,5,2.192
3523,56.40203882391191,18,7,2.186
3524,75.93506690164472,20,5,2.196
3525,85.14788216160773,21,4,2.2039999999999997
3526,65.88049219951502,19,6,2.2439999999999993
3527,66.09858640426424,19,6,2.2439999999999998
3528,74.67189608361785,20,5,2.186
3529,74.90269016497709,20,5,2.2019999999999995
3530,65.141870733176,19,6,2.1580000000000004
3531,74.1931232893135,20,5,2.2039999999999997
3532,74.58210524097238,20,5,2.2760000000000002
3533,76.3273692431437,20,5,2.256
3534,54.73369586004526,18,7,2.2339999999999995
3535,75.56960698998174,20,5,2.2419999999999995
3536,75.65979037146083,20,5,2.274
3537,74.39121794825051,20,5,2.15
3538,56.05898562106803,18,7,2.22
3539,75.85842052465716,20,5,2.228
3540,66.51816284206255,19,6,2.2520000000000002
3541,66.88180272101636,19,6,2.234
3542,54.70078635579688,18,7,2.2800000000000002
3543,65.99716282494623,19,6,2.2199999999999998
3544,66.09970605545503,19,6,2.2399999999999998
3545,76.13148098635753,20,5,2.2299999999999995
3546,74.77983204401512,20,5,2.17
3547,75.3642418432334,20,5,2.1659999999999995
3548,55.69158194615291,18,7,2.1279999999999997
3549,75.29675916766698,20,5,2.218
3550,45.099957376308,17,8,2.28
3551,56.190757554839095,18,7,2.268
3552,66.11227788654294,19,6,2.168
3553,74.98705496898118,20,5,2.2880000000000003
3554,54.469728404645565,18,7,2.2020000000000004
3555,64.93662611916528,19,6,2.1340000000000003
3556,86.18654956457866,21,4,2.156
3557,65.17324338417816,19,6,2.2499999999999996
3558,66.64635002546586,19,6,2.3400000000000003
3559,65.8756041290547,19,6,2.124
3560,55.98421286451381,18,7,2.178
3561,85.37663659662205,21,4,2.224
3562,65.05349829274478,19,6,2.188
3563,76.11524325420669,20,5,2.2039999999999997
3564,56.12661707806896,18,7,2.226
3565,45.262579305232,17,8,2.232
3566,45.205029284453914,17,8,2.2279999999999998
3567,76.20120025691571,20,5,2.216
3568,46.18559373032932,17,8,2.2020000000000004
3569,74.9976128214726,20,5,2.274
3570,65.0578819357429,19,6,2.2520000000000002
3571,95.74275511426619,22,3,2.208
3572,64.76184715468368,19,6,2.1879999999999997
3573,75.99641163163722,20,5,2.282
3574,66.38736662567536,19,6,2.214
3575,76.10367515783932,20,5,2.1860000000000004
3576,66.16441821601754,19,6,2.286
3577,65.79810949694304,19,6,2.244
3578,87.7109173802761,21,4,2.256
3579,45.908626093845925,17,8,2.256
3580,64.70873327059753,19,6,2.2180000000000004
3581,75.8842366542751,20,5,2.172
3582,84.57729158839913,21,4,2.3020000000000005
3583,65.74600281145091,19,6,2.332
3584,76.45435546415811,20,5,2.136
3585,84.95380809590344,21,4,2.2079999999999997
3586,74.6707204085032,20,5,2.246
3587,75.35406772334387,20,5,2.0460000000000003
3588,66.10763186094677,19,6,2.156
3589,75.88637525523284,20,5,2.148
3590,85.796013910543,21,4,2.278
3591,85.20822346905916,21,4,2.278
3592,84.99461094286416,21,4,2.1800000000000006
3593,76.05945407640279,20,5,2.276
3594,46.140723254083255,17,8,2.308
3595,83.61087919069257,21,4,2.184
3596,86.38617516759527,21,4,2.236
3597,55.80766957963678,18,7,2.266
3598,86.72830032996441,21,4,2.274
3599,95.75527953595194,22,3,2.226
3600,95.74171466234392,22,3,2.1760000000000006
3601,65.96668255009452,19,6,2.1819999999999995
3602,96.15024783985545,22,3,2.274
3603,65.2188506748289,19,6,2.242
3604,85.93006461785589,21,4,2.24
3605,55.7587792291386,18,7,2.184
3606,95.907528710993,22,3,2.204
3607,76.31454479859876,20,5,2.306
3608,76.23964744112362,20,5,2.234
3609,76.60606918114935,20,5,2.2840000000000003
3610,76.79535763464621,20,5,2.2499999999999996
3611,65.92968730511625,19,6,2.186
3612,75.29903019532858,20,5,2.2599999999999993
3613,85.87857544828904,21,4,2.268
3614,96.25582572472258,22,3,2.2079999999999997
3615,95.42133867631956,22,3,2.2860000000000005
3616,75.00872613265213,20,5,2.1640000000000006
3617,86.24485851963021,21,4,2.274
3618,75.72168095746085,20,5,2.168
3619,85.77706984766101,21,4,2.2439999999999998
3620,85.2129771477596,21,4,2.284
3621,96.42822590692242,22,3,2.268
3622,95.74887122899527,22,3,2.168
3623,86.19812004217243,21,4,2.2359999999999998
3624,85.13687957550766,21,4,2.174
3625,96.81655556826391,22,3,2.344
3626,106.04997501501128,23,2,2.224
3627,86.04025434341959,21,4,2.2920000000000003
3628,84.98984941524712,21,4,2.332
3629,85.7256016263719,21,4,2.198
3630,85.39809611065732,21,4,2.26
3631,97.03775027288981,22,3,2.164
3632,85.823802364453,21,4,2.1499999999999995
3633,76.50113902352739,20,5,2.262
3634,66.41006532403708,19,6,2.19
3635,55.48086721366272,18,7,2.238
3636,86.65379249153213,21,4,2.314
3637,85.55234717503029,21,4,2.218
3638,86.04165057827854,21,4,2.21
3639,86.49235648610599,21,4,2.1799999999999997
3640,85.68610815338421,21,4,2.2079999999999997
3641,95.50293756788069,22,3,2.212
3642,85.67961389951559,21,4,2.294
3643,85.6749541785161,21,4,2.2039999999999997
3644,96.06622419321882,22,3,2.2199999999999998
3645,96.09399213851279,22,3,2.098
3646,85.86599587251179,21,4,2.2
3647,75.85641101279545,20,5,2.3280000000000003
3648,85.14168564609304,21,4,2.166
3649,86.88586982547241,21,4,2.186
3650,95.53404421683238,22,3,2.1420000000000003
3651,76.63995106525242,20,5,2.1340000000000003
3652,97.02501508913954,22,3,2.146
3653,75.93504432487323,20,5,2.2520000000000002
3654,85.48333614254577,21,4,2.304
3655,94.73248967811317,22,3,2.332
3656,86.11938205214308,21,4,2.284
3657,65.78205289026933,19,6,2.286
3658,96.44831217104382,22,3,2.158
3659,96.48857075577045,22,3,2.1980000000000004
3660,85.01697386966401,21,4,2.278
3661,64.82614782877961,19,6,2.224
3662,96.09433932175794,22,3,2.2479999999999998
3663,85.97448077701299,21,4,2.286
3664,95.97897511581522,22,3,2.1860000000000004
3665,85.3243976397106,21,4,2.2079999999999997
3666,76.21519223442269,20,5,2.2800000000000002
3667,96.14026665420675,22,3,2.2439999999999998
3668,95.59537870507681,22,3,2.298
3669,76.4368274836581,20,5,2.3339999999999996
3670,85.31238345080075,21,4,2.2359999999999998
3671,86.57612835785821,21,4,2.2199999999999998
3672,85.55327480993121,21,4,2.2600000000000002
3673,86.37157494568703,21,4,2.1919999999999997
3674,75.31534950998596,20,5,2.1719999999999997
3675,85.40474932814405,21,4,2.302
3676,85.45571655512717,21,4,2.2520000000000002
3677,85.87837125682621,21,4,2.3179999999999996
3678,96.13769421151736,22,3,2.136
3679,96.5098590294437,22,3,2.18
3680,85.65192254557321,21,4,2.1399999999999997
3681,65.55848756252979,19,6,2.1979999999999995
3682,75.67002091977561,20,5,2.218
3683,86.07823096542828,21,4,2.192
3684,85.64474747595648,21,4,2.312
3685,96.28482050258039,22,3,2.0639999999999996
3686,95.51171827845941,22,3,2.226
3687,85.97425484394681,21,4,2.26
3688,85.26995379319085,21,4,2.188
3689,85.51619482632677,21,4,2.202
3690,86.37998190624026,21,4,2.2960000000000003
3691,76.02625964165789,20,5,2.192
3692,95.51573770720182,22,3,2.324
3693,75.6127983543717,20,5,2.196
3694,95.82580452291735,22,3,2.2520000000000002
3695,86.1984780369373,21,4,2.2979999999999996
3696,65.89587128194918,19,6,2.168
3697,85.41240905711524,21,4,2.242
3698,85.95092889336205,21,4,2.2640000000000002
3699,84.46708766313321,21,4,2.3
3700,106.44464439944285,23,2,2.282
3701,86.39936416862447,21,4,2.146
3702,96.05022075539634,22,3,2.216
3703,76.14805814708387,20,5,2.2860000000000005
3704,85.96933027094902,21,4,2.3140000000000005
3705,85.46029459589721,21,4,2.246
3706,95.54949018863843,22,3,2.228
3707,85.52254023476057,21,4,2.258
3708,75.99145213123062,20,5,2.2319999999999998
3709,75.43724902512838,20,5,2.324
3710,85.66943486284929,21,4,2.196
3711,85.70809335459883,21,4,2.266
3712,65.84986837776414,19,6,2.174
3713,76.10907369292667,20,5,2.248
3714,95.6557529773444,22,3,2.1740000000000004
3715,85.48440185852647,21,4,2.226
3716,95.63494787159667,22,3,2.202
3717,65.02057931992965,19,6,2.24
3718,85.8794093543614,21,4,2.232
3719,75.11931814660568,20,5,2.314
3720,86.08497342524099,21,4,2.2
3721,95.38898961636586,22,3,2.256
3722,96.11042754016223,22,3,2.2019999999999995
3723,86.09440531128391,21,4,2.2039999999999997
3724,75.22965654165205,20,5,2.184
3725,54.95104273720371,18,7,2.2800000000000002
3726,85.257857730672,21,4,2.2060000000000004
3727,76.41499471827031,20,5,2.126
3728,84.78559689966363,21,4,2.08
3729,75.87938194165878,20,5,2.192
3730,95.8239088583817,22,3,2.2020000000000004
3731,86.14310564676126,21,4,2.1120000000000005
3732,56.12067524734482,18,7,2.344
3733,65.5273298791979,19,6,2.2659999999999996
3734,76.10808509344174,20,5,2.1440000000000006
3735,65.19213234056578,19,6,2.378
3736,86.14914098464294,21,4,2.158
3737,85.96224047551438,21,4,2.302
3738,85.10040676312724,21,4,2.2159999999999997
3739,86.24779962966724,21,4,2.284
3740,75.61594158676644,20,5,2.1559999999999997
3741,96.79887238030459,22,3,2.2619999999999996
3742,86.72577114526061,21,4,2.228
3743,87.08646850164679,21,4,2.2560000000000002
3744,86.41329639717779,21,4,2.136
3745,75.5929483896326,20,5,2.226
3746,95.69559527623568,22,3,2.262
3747,105.80095720879464,23,2,2.2060000000000004
3748,86.0812258869691,21,4,2.138
3749,86.41810674175417,21,4,2.2399999999999998
3750,86.80945748392584,21,4,2.2339999999999995
3751,66.84810141590954,19,6,2.2199999999999998
3752,85.6887471743268,21,4,2.304
3753,66.7500006370335,19,6,2.172
3754,76.93468236689293,20,5,2.2079999999999997
3755,86.08205002641708,21,4,2.242
3756,96.88792649515491,22,3,2.2239999999999998
3757,55.134363991681504,18,7,2.1760000000000006
3758,75.73192746715227,20,5,2.22
3759,65.48474412520197,19,6,2.21
3760,87.04894602871418,21,4,2.194
3761,76.29015840234158,20,5,2.1919999999999997
3762,66.71285314008541,19,6,2.1660000000000004
3763,86.0585429060406,21,4,2.2060000000000004
3764,85.81530423002413,21,4,2.18
3765,65.63631188361,19,6,2.1220000000000003
3766,95.90137619308834,22,3,2.1279999999999997
3767,76.33313687302284,20,5,2.1659999999999995
3768,75.93231577296152,20,5,2.1599999999999997
3769,75.13715205067155,20,5,2.208
3770,85.68672491384467,21,4,2.374
3771,65.95217379363797,19,6,2.1979999999999995
3772,96.46356106191338,22,3,2.1879999999999997
3773,66.37461221795596,19,6,2.2619999999999996
3774,65.45222208143655,19,6,2.2339999999999995
3775,86.20852599962177,21,4,2.2439999999999998
3776,65.77721809562259,19,6,2.188
3777,66.5817384576889,19,6,2.254
3778,85.24931196583717,21,4,2.236
3779,66.24576360885622,19,6,2.1799999999999997
3780,66.01287407170024,19,6,2.296
3781,75.62927815686795,20,5,2.194
3782,97.04475991003324,22,3,2.2180000000000004
3783,66.57883543226185,19,6,2.3620000000000005
3784,65.1979923062421,19,6,2.2459999999999996
3785,65.69756492508618,19,6,2.2199999999999998
3786,66.20791429831806,19,6,2.154
3787,75.86031977179374,20,5,2.318
3788,75.36387368874078,20,5,2.274
3789,76.21120411003615,20,5,2.266
3790,46.33971313641587,17,8,2.23
3791,55.86815575286169,18,7,2.3119999999999994
3792,56.33179574225559,18,7,2.212
3793,85.43126549517763,21,4,2.23
3794,76.24643125231698,20,5,2.1480000000000006
3795,66.31863404328918,19,6,2.2940000000000005
3796,56.552311579944615,18,7,2.2139999999999995
3797,55.700888047088895,18,7,2.228
3798,76.31898882529617,20,5,2.12
3799,76.04892173392035,20,5,2.2700000000000005
3800,86.49706151923168,21,4,2.322
3801,66.59737450018817,19,6,2.202
3802,74.31662140731287,20,5,2.2499999999999996
3803,67.2680411546322,19,6,2.146
3804,65.91727558193168,19,6,2.2540000000000004
3805,56.3271235922754,18,7,2.162
3806,76.605127316837,20,5,2.162
3807,56.06608001655354,18,7,2.21
3808,96.61391923353068,22,3,2.21
3809,45.930079077714204,17,8,2.268
3810,56.40029084024552,18,7,2.1319999999999997
3811,66.62686211928802,19,6,2.138
3812,87.04071920345689,21,4,2.262
3813,46.546270518594405,17,8,2.2239999999999998
3814,56.330679633426236,18,7,2.2620000000000005
3815,56.55100729407875,18,7,2.21
3816,76.4479023562746,20,5,2.2920000000000003
3817,65.22753196220067,19,6,2.186
3818,55.870143849471475,18,7,2.154
3819,56.21474183183555,18,7,2.2260000000000004
3820,76.06299282321525,20,5,2.2980000000000005
3821,85.75991475350045,21,4,2.314
3822,64.73093724040399,19,6,2.1819999999999995
3823,75.59851839260543,20,5,2.226
3824,66.5964708860042,19,6,2.262
3825,64.76641990139615,19,6,2.23
3826,86.51295472908645,21,4,2.258
3827,75.67548838543762,20,5,2.278
3828,76.22026670154648,20,5,2.15
3829,75.81996103410016,20,5,2.132
3830,74.9621479566465,20,5,2.2220000000000004
3831,35.654656082749725,16,9,2.194
3832,66.69264352793049,19,6,2.184
3833,77.75034426046638,20,5,2.182
3834,85.82280842501228,21,4,2.274
3835,65.90691316521912,19,6,2.2299999999999995
3836,46.855479547841824,17,8,2.198
3837,76.529069694636,20,5,2.2299999999999995
3838,66.11079055822098,19,6,2.3379999999999996
3839,46.53154977890942,17,8,2.274
3840,55.58669956550979,18,7,2.1800000000000006
3841,56.57965957662472,18,7,2.252
3842,76.4348822395624,20,5,2.296
3843,86.63209255958975,21,4,2.25
3844,56.656610438851786,18,7,2.2020000000000004
3845,46.68587416389953,17,8,2.2180000000000004
3846,68.15223022355502,19,6,2.2640000000000002
3847,76.5326162854688,20,5,2.262
3848,75.67921302197726,20,5,2.2479999999999998
3849,66.72581017746376,19,6,2.284
3850,64.93039695399739,19,6,2.184
3851,75.74674975074144,20,5,2.1999999999999997
3852,96.06381502118444,22,3,2.194
3853,56.336925240814665,18,7,2.18
3854,84.90974649946008,21,4,2.178
3855,75.94204975920732,20,5,2.2499999999999996
3856,56.16521597923196,18,7,2.242
3857,76.56772381499755,20,5,2.1439999999999997
3858,56.6685526744773,18,7,2.2439999999999998
3859,66.91486498342836,19,6,2.1079999999999997
3860,87.11660557256556,21,4,2.2
3861,65.37088303726927,19,6,2.262
3862,76.42973057203369,20,5,2.2659999999999996
3863,75.1478656163568,20,5,2.2340000000000004
3864,66.01193268758477,19,6,2.1479999999999997
3865,46.111963120701134,17,8,2.304
3866,65.85817323246664,19,6,2.1659999999999995
3867,66.31531228002488,19,6,2.1340000000000003
3868,56.39569946883172,18,7,2.2920000000000003
3869,75.82602257313846,20,5,2.272
3870,55.926562251608246,18,7,2.314
3871,84.34408709924186,21,4,2.28
3872,66.72882007076656,19,6,2.2720000000000002
3873,56.118816886902465,18,7,2.2660000000000005
3874,76.63453595090589,20,5,2.2380000000000004
3875,56.80239378278259,18,7,2.184
3876,36.45898671961469,16,9,2.2319999999999998
3877,55.61228721471035,18,7,2.256
3878,75.60124561170238,20,5,2.226
3879,66.10833820266643,19,6,2.242
3880,95.60049176890344,22,3,2.168
3881,45.77258023079845,17,8,2.146
3882,75.84667695634829,20,5,2.216
3883,66.07874596698201,19,6,2.2019999999999995
3884,66.47152940455922,19,6,2.2520000000000002
3885,75.77632187704914,20,5,2.21
3886,56.604433618103556,18,7,2.232
3887,75.31220928812627,20,5,2.25
3888,35.88934875576184,16,9,2.1700000000000004
3889,66.43169915673263,19,6,2.198
3890,77.12738141038574,20,5,2.192
3891,55.240052325744614,18,7,2.2420000000000004
3892,56.25572178016449,18,7,2.1959999999999997
3893,85.10053479984799,21,4,2.214000000000001
3894,65.18798633089364,19,6,2.224
3895,66.12273281865895,19,6,2.184
3896,76.0206453305443,20,5,2.206
3897,55.35550195947344,18,7,2.1060000000000003
3898,56.11599175558294,18,7,2.234
3899,66.56462614138269,19,6,2.2459999999999996
3900,66.0926101518168,19,6,2.184
3901,76.63779199489024,20,5,2.2239999999999998
3902,36.47087354247637,16,9,2.324
3903,75.69409611675565,20,5,2.2800000000000002
3904,66.06452020814542,19,6,2.136
3905,56.88831075483812,18,7,2.28
3906,75.50156991667914,20,5,2.3
3907,66.52992548946469,19,6,2.298
3908,65.51831455156407,19,6,2.2220000000000004
3909,76.05474732318484,20,5,2.23
3910,76.6704836808115,20,5,2.2339999999999995
3911,85.46670346539764,21,4,2.146
3912,86.65427897061186,21,4,2.214
3913,46.16528064376434,17,8,2.138
3914,46.732158247442754,17,8,2.0980000000000003
3915,65.87108043984044,19,6,2.184
3916,55.644022786651604,18,7,2.254
3917,66.07173923166883,19,6,2.196
3918,66.95052983992043,19,6,2.2359999999999998
3919,66.37291068167004,19,6,2.282
3920,56.2046621180766,18,7,2.164
3921,87.38053162654039,21,4,2.218
3922,76.03838376733721,20,5,2.194
3923,66.07713936121557,19,6,2.192
3924,66.48417623134658,19,6,2.2
3925,36.293421551103194,16,9,2.2179999999999995
3926,75.6631601324313,20,5,2.2340000000000004
3927,55.88334588479198,18,7,2.244
3928,57.06646182431264,18,7,2.2220000000000004
3929,76.11140090003614,20,5,2.2039999999999997
3930,66.80283359243091,19,6,2.242
3931,76.92063362315457,20,5,2.216
3932,76.27304783077496,20,5,2.1979999999999995
3933,77.12347034520923,20,5,2.266
3934,76.22794179628742,20,5,2.19
3935,56.10373112054233,18,7,2.204
3936,75.91959660768214,20,5,2.2220000000000004
3937,47.23270865039903,17,8,2.2879999999999994
3938,56.55308287611135,18,7,2.162
3939,46.44789216843273,17,8,2.324
3940,76.55575562037677,20,5,2.1699999999999995
3941,75.83242412928685,20,5,2.182
3942,67.52743318920359,19,6,2.3020000000000005
3943,74.73805485653466,20,5,2.272
3944,56.82410905846484,18,7,2.2700000000000005
3945,66.30311445313983,19,6,2.146
3946,56.26048172210274,18,7,2.21
3947,76.81601914797662,20,5,2.118
3948,66.37938699415892,19,6,2.274
3949,56.20222227301717,18,7,2.2760000000000002
3950,56.32221357823451,18,7,2.114
3951,86.06643534774378,21,4,2.246
3952,97.061345026252,22,3,2.1239999999999997
3953,77.1788018026763,20,5,2.128
3954,66.3795371076666,19,6,2.214
3955,66.58975938031612,19,6,2.2199999999999998
3956,67.1330136067639,19,6,2.242
3957,76.29707002486037,20,5,2.176
3958,56.449264474494115,18,7,2.2540000000000004
3959,66.09033204512501,19,6,2.168
3960,56.831273595727325,18,7,2.1840000000000006
3961,77.08520301060236,20,5,2.214
3962,56.53375276466784,18,7,2.2119999999999997
3963,86.39384053858826,21,4,2.1999999999999997
3964,67.1372935769225,19,6,2.252
3965,66.84809026716188,19,6,2.1340000000000003
3966,66.5761010495012,19,6,2.296
3967,36.83120649671797,16,9,2.248
3968,86.65018885930184,21,4,2.1700000000000004
3969,66.62144055182672,19,6,2.156
3970,76.29122932497597,20,5,2.178
3971,95.68771359083134,22,3,2.258
3972,76.42206658251544,20,5,2.238
3973,77.3376991945371,20,5,2.222
3974,76.3219948962751,20,5,2.27
3975,75.50129762158213,20,5,2.238
3976,76.63153391234587,20,5,2.126
3977,76.8417436715767,20,5,2.194
3978,56.05009474430071,18,7,2.1239999999999997
3979,56.188530820640736,18,7,2.1540000000000004
3980,66.57736266856976,19,6,2.178
3981,66.14263480095286,19,6,2.2559999999999993
3982,46.71330701278397,17,8,2.1399999999999997
3983,77.30242272408921,20,5,2.3
3984,66.72751995278105,19,6,2.222
3985,76.65968517614249,20,5,2.25
3986,66.36421293533752,19,6,2.2659999999999996
3987,75.34141319520928,20,5,2.2479999999999998
3988,76.49034915097711,20,5,2.232
3989,66.4542973463512,19,6,2.2439999999999998
3990,96.32508806480395,22,3,2.246
3991,55.91144357905924,18,7,2.1239999999999997
3992,66.5862950197518,19,6,2.266
3993,56.4848976008428,18,7,2.2299999999999995
3994,36.30162844274519,16,9,2.1979999999999995
3995,55.719522921531585,18,7,2.21
3996,76.72612418780062,20,5,2.152
3997,66.57183730972572,19,6,2.2
3998,66.84617231000922,19,6,2.196
3999,37.18139263940227,16,9,2.234
4000,47.00998260994968,17,8,2.298
