"# mode=unfixed d_value=0 d=[1,3] p=0.50 dr=0 seed=1 topology=fixed ch=3 n_agents=5 obs_dim=34 n_episodes=4000"
episode,sum_reward,success,fail,mean_delay
1,-37.3299452240346,9,16,1.8780000000000001
2,-36.45251915139177,9,16,1.9140000000000001
3,-36.070894821126316,9,16,1.8900000000000001
4,-56.158413365113105,7,18,1.936
5,-56.93917691756068,7,18,1.8380000000000003
6,-66.246539446636,6,19,1.9140000000000001
7,-35.61824602731327,9,16,1.932
8,-66.00394216485127,6,19,1.9280000000000002
9,-55.23179573526003,7,18,1.9440000000000002
10,-34.70834717577514,9,16,1.9260000000000002
11,-15.682157513989914,11,14,1.9680000000000004
12,-15.524283742492733,11,14,1.8300000000000005
13,-56.41421855766834,7,18,1.9099999999999997
14,-55.70585550852021,7,18,1.9099999999999997
15,-45.81725993130157,8,17,1.922
16,-66.53424298865919,6,19,1.8960000000000001
17,-36.51750868776668,9,16,1.9440000000000002
18,-65.92847604588742,6,19,1.8760000000000001
19,-46.603073690061365,8,17,1.8219999999999998
20,-45.78905340631144,8,17,1.8259999999999998
21,-45.43906553966853,8,17,1.9300000000000002
22,-37.1081942494029,9,16,1.8500000000000003
23,-45.8685415152033,8,17,1.9360000000000004
24,-36.118872051624066,9,16,1.902
25,-35.91366314640321,9,16,1.862
26,-26.681142813499182,10,15,1.918
27,-37.833933024019544,9,16,1.924
28,-46.605587134259665,8,17,1.8459999999999996
29,-16.110742635578603,11,14,1.8820000000000001
30,-46.723807452511075,8,17,1.886
31,-25.799216954787116,10,15,1.948
32,-26.84207246669893,10,15,1.8699999999999999
33,-46.194197706018116,8,17,1.9240000000000002
34,-26.221575533183064,10,15,1.8719999999999999
35,-16.086615092220153,11,14,1.9260000000000002
36,-26.37530800497746,10,15,1.9159999999999997
37,-16.157711972128986,11,14,1.948
38,-47.4117983883806,8,17,1.848
39,-18.42574283876504,11,14,1.934
40,-57.54970591306389,7,18,1.8820000000000003
41,-36.49350797864089,9,16,1.9419999999999995
42,-45.429808716948415,8,17,1.8519999999999996
43,-46.632936062168866,8,17,1.9380000000000002
44,-36.06288898957254,9,16,1.8780000000000001
45,-34.403541904757475,9,16,1.918
46,-46.61724797974324,8,17,1.8200000000000003
47,-17.119932503054628,11,14,1.9040000000000004
48,-56.04503734464909,7,18,1.906
49,-46.1115757229563,8,17,1.86
50,-16.24317674770589,11,14,1.8940000000000001
51,-26.186222600808982,10,15,1.8699999999999999
52,-36.82817734373795,9,16,1.906
53,-47.17132118798945,8,17,1.866
54,-15.23955716379924,11,14,1.8439999999999999
55,-26.33504839133621,10,15,1.8739999999999999
56,-25.162038862174807,10,15,1.8800000000000001
57,-46.43126144844542,8,17,1.8699999999999997
58,-17.17880087508194,11,14,1.9260000000000002
59,-46.33722113523201,8,17,1.8160000000000003
60,-35.81075253988609,9,16,1.8560000000000003
61,-45.583566041325966,8,17,1.9439999999999997
62,-37.13393726850495,9,16,1.8599999999999999
63,-45.67031308530299,8,17,1.862
64,-27.309294285614325,10,15,1.876
65,-47.52420180130129,8,17,1.9259999999999997
66,-56.2412642728371,7,18,1.886
67,-27.326295572481204,10,15,1.83
68,-16.852738101095174,11,14,1.916
69,-25.01095768400539,10,15,1.9
70,-66.44219913271635,6,19,1.9259999999999997
71,-66.25057872338637,6,19,1.9140000000000004
72,-37.196923642593795,9,16,1.892
73,-26.674420371544098,10,15,1.8939999999999997
74,-67.48927568204242,6,19,1.8119999999999998
75,-57.70886154007496,7,18,1.864
76,-26.939131774180474,10,15,1.884
77,-46.96977073930633,8,17,1.906
78,-47.54760531811366,8,17,1.906
79,-27.223185390762254,10,15,1.8039999999999998
80,-27.150579720870812,10,15,1.9100000000000001
81,-46.37928671378343,8,17,1.8599999999999999
82,-56.66406846625718,7,18,1.886
83,-38.31587080759771,9,16,1.8679999999999999
84,-37.3083290267735,9,16,1.8820000000000001
85,-47.035983403886604,8,17,1.934
86,-57.67948341089869,7,18,1.92
87,-38.56704976105697,9,16,1.8339999999999996
88,-37.60794072069465,9,16,1.8820000000000003
89,-26.428206748733174,10,15,1.8340000000000003
90,-38.106762131244516,9,16,1.9280000000000002
91,-47.05096893209732,8,17,1.8799999999999997
92,-46.41472925451646,8,17,1.862
93,-17.057553520510595,11,14,1.906
94,-47.27642274372596,8,17,1.8960000000000001
95,-47.2393394514075,8,17,1.9440000000000002
96,-36.73581699600935,9,16,1.9080000000000001
97,-18.114454910564316,11,14,1.832
98,-36.78434170747181,9,16,1.8980000000000004
99,-57.687175768608824,7,18,1.8980000000000001
100,-36.827759553337145,9,16,1.952
101,-48.529629865328644,8,17,1.844
102,-47.1550277526818,8,17,1.9080000000000001
103,-46.40073354424058,8,17,1.812
104,-57.14868302675253,7,18,1.904
105,-27.226706587711675,10,15,1.8399999999999999
106,-46.5855728250977,8,17,1.8679999999999999
107,-37.122277514438814,9,16,1.886
108,-27.78716443995056,10,15,1.8940000000000001
109,-47.254455579623105,8,17,1.8479999999999996
110,-17.29796644787593,11,14,1.8700000000000003
111,-37.79222756325378,9,16,1.8400000000000003
112,-56.94309657352325,7,18,1.8539999999999999
113,-47.557015814559804,8,17,1.9
114,-26.863504696821046,10,15,1.832
115,-36.94370027257818,9,16,1.9460000000000002
116,-48.08904673388727,8,17,1.9160000000000004
117,-47.08546681488747,8,17,1.92
118,-46.88783867998926,8,17,1.886
119,-36.997499243900066,9,16,1.834
120,-17.43747212558548,11,14,1.9300000000000002
121,-17.64872810428988,11,14,1.8799999999999997
122,-18.932127079116764,11,14,1.844
123,-16.365363984383652,11,14,1.8940000000000001
124,-26.792299388713822,10,15,1.844
125,-28.24637614039144,10,15,1.902
126,-28.596490758030615,10,15,1.8619999999999997
127,-8.308920359024446,12,13,1.876
128,-38.2047546021848,9,16,1.864
129,-58.46595786252214,7,18,1.8800000000000001
130,-28.04711673085211,10,15,1.888
131,-16.041359465671672,11,14,1.8900000000000001
132,-46.39380252595939,8,17,1.9460000000000002
133,-37.77089336745472,9,16,1.888
134,-27.945913210500137,10,15,1.8940000000000001
135,-19.16268715345376,11,14,1.954
136,1.7613120788477312,13,12,1.9560000000000002
137,-17.08699068633687,11,14,1.902
138,-27.37976902526524,10,15,2.0
139,-38.40648395138062,9,16,1.9140000000000001
140,-8.584375747515889,12,13,1.9120000000000004
141,-18.273337955501468,11,14,1.8779999999999997
142,-17.591506706427133,11,14,1.7939999999999998
143,-28.423021198781576,10,15,1.9080000000000001
144,1.6390542867390328,13,12,1.9199999999999995
145,-48.42423488402141,8,17,1.918
146,-7.848183544381405,12,13,1.888
147,-28.877165811797937,10,15,1.9300000000000002
148,-8.617482060038556,12,13,1.8940000000000001
149,-38.17598802025324,9,16,1.8680000000000003
150,-28.254307324218416,10,15,1.8359999999999999
151,-38.23625503869703,9,16,1.8840000000000003
152,-37.71921646279894,9,16,1.866
153,-38.80810024532853,9,16,1.8679999999999999
154,-18.13898920511842,11,14,1.8559999999999999
155,-38.79777789914673,9,16,1.9419999999999997
156,-38.832626465397745,9,16,1.9620000000000004
157,-36.876207771853586,9,16,1.8299999999999996
158,-48.26777881894513,8,17,1.986
159,-39.22370888496761,9,16,1.9020000000000004
160,-48.34326131979154,8,17,1.8679999999999997
161,-38.01954593696945,9,16,1.8039999999999998
162,-18.330908241641378,11,14,1.908
163,-9.504430410980238,12,13,1.918
164,-58.83451722646168,7,18,1.8719999999999999
165,-57.96967498150953,7,18,1.932
166,-29.55726338694101,10,15,1.9180000000000004
167,-28.7816982592372,10,15,1.8439999999999999
168,-27.60600200568173,10,15,1.9119999999999997
169,-49.48018396634827,8,17,1.8659999999999997
170,-28.582894532212833,10,15,1.884
171,-18.144629546089885,11,14,1.844
172,-38.450999377007655,9,16,1.9119999999999997
173,-27.931221951898834,10,15,1.932
174,-38.58939271606209,9,16,1.8480000000000003
175,-58.87139889376152,7,18,1.86
176,-37.923356910654206,9,16,1.92
177,-28.074463913425674,10,15,1.886
178,-27.79796930560289,10,15,1.9140000000000001
179,-38.69020867622223,9,16,1.86
180,-38.04492163640491,9,16,1.874
181,-37.311553949126136,9,16,1.9579999999999997
182,-18.515215254632608,11,14,1.9100000000000001
183,-27.44166109606972,10,15,1.8660000000000003
184,-19.311178780210753,11,14,1.866
185,-57.9352348935366,7,18,1.866
186,-19.333132677046,11,14,2.008
187,-38.672572443527926,9,16,1.8800000000000003
188,-28.685173063929728,10,15,1.8980000000000001
189,-19.20057622185065,11,14,1.814
190,-58.286203447814614,7,18,1.8839999999999997
191,-38.36092687859824,9,16,1.864
192,11.95032393439045,14,11,1.8760000000000001
193,-28.1134074948734,10,15,1.92
194,-27.42698610889306,10,15,1.8699999999999999
195,-38.50705084508914,9,16,1.904
196,-28.00643681390116,10,15,1.8800000000000001
197,-27.19236599307141,10,15,1.866
198,-30.432696247475985,10,15,1.8259999999999998
199,-38.88144387560524,9,16,1.8780000000000001
200,-28.432032169463753,10,15,1.908
201,-17.51872612252966,11,14,1.918
202,-29.30532000108519,10,15,1.886
203,-8.208779022280998,12,13,1.8599999999999994
204,-18.584492938135817,11,14,1.9579999999999997
205,-38.22222845101828,9,16,1.8659999999999997
206,-28.470030471259935,10,15,1.8519999999999999
207,-17.865716282582966,11,14,1.952
208,-8.917427609258706,12,13,1.86
209,-28.344269205698666,10,15,1.8920000000000001
210,-38.85620265753511,9,16,1.874
211,-29.163510447061874,10,15,1.8579999999999999
212,-28.733887197177978,10,15,1.9119999999999997
213,-28.029949099511605,10,15,1.8780000000000001
214,-28.78929469590728,10,15,1.92
215,-19.1571176575576,11,14,1.888
216,-28.848576400336476,10,15,1.8500000000000003
217,-38.870211792887076,9,16,1.94
218,-28.37098255916584,10,15,1.888
219,-28.20862000985337,10,15,1.846
220,-17.842769381720892,11,14,1.884
221,-18.748467858081916,11,14,1.8739999999999999
222,-7.458210194684751,12,13,1.8739999999999999
223,-28.421180824902567,10,15,1.918
224,-17.80908833982693,11,14,1.9439999999999997
225,-8.629432490424115,12,13,1.8520000000000003
226,-29.608151477863274,10,15,1.892
227,-18.221180893381952,11,14,1.9100000000000001
228,1.3255069582446501,13,12,1.9459999999999997
229,-30.16382531906091,10,15,1.8519999999999999
230,-39.67277845861233,9,16,1.8619999999999997
231,-19.291267087437575,11,14,1.918
232,-17.97995788199477,11,14,1.8639999999999997
233,-8.556029846522218,12,13,1.924
234,-17.690861914150645,11,14,1.8619999999999997
235,2.0698875477725873,13,12,1.8359999999999999
236,-28.94769503418312,10,15,1.9259999999999997
237,-7.953149785512308,12,13,1.8839999999999997
238,-18.531892138617682,11,14,1.874
239,-48.69958332519333,8,17,1.846
240,-10.07250495050711,12,13,1.8980000000000001
241,-37.458623819067455,9,16,1.8940000000000001
242,-8.09839221718712,12,13,1.9119999999999997
243,-29.615233370378395,10,15,1.864
244,-48.98386069061147,8,17,1.8719999999999999
245,-9.783694098891102,12,13,1.8379999999999999
246,-39.15227400049831,9,16,1.8940000000000001
247,-8.29404053715988,12,13,1.908
248,-7.686154875956201,12,13,1.8199999999999998
249,-28.63481211430361,10,15,1.9620000000000002
250,-17.132821821976847,11,14,1.932
251,-18.948767128782094,11,14,1.8960000000000001
252,-18.331334112354355,11,14,1.9140000000000001
253,-10.496627260652314,12,13,1.8679999999999999
254,-27.813142922383776,10,15,1.8560000000000003
255,-29.367898287133407,10,15,1.8559999999999999
256,-8.322415212283044,12,13,1.9300000000000002
257,-18.500019973025786,11,14,1.89
258,-17.623993374343527,11,14,1.8719999999999999
259,-18.131377630783966,11,14,1.9
260,-58.95184526252697,7,18,1.904
261,-19.461382840454924,11,14,1.8500000000000003
262,-29.430239327224008,10,15,1.906
263,-8.226720929459578,12,13,1.904
264,-38.758770477800425,9,16,1.9120000000000001
265,-6.723181560550852,12,13,1.8980000000000001
266,-28.25348378940487,10,15,1.936
267,-8.630186449092234,12,13,1.9
268,-7.427899753381499,12,13,1.874
269,-16.98443988012103,11,14,1.876
270,2.689585706476055,13,12,1.8240000000000003
271,2.2687596023658245,13,12,1.866
272,2.6869065053929084,13,12,1.95
273,-28.214181003626734,10,15,1.9
274,-28.01730505903126,10,15,1.8699999999999999
275,-6.386732419981312,12,13,1.8679999999999999
276,-26.820626248866777,10,15,2.002
277,-27.609270773670918,10,15,1.8940000000000001
278,-17.802600539760228,11,14,1.8980000000000001
279,-26.664576402009573,10,15,1.906
280,-7.315624195726624,12,13,1.8739999999999999
281,-27.094633034814983,10,15,1.94
282,-6.522674247643582,12,13,1.9060000000000001
283,-28.544049319016622,10,15,1.8020000000000003
284,-17.489713469943137,11,14,1.9119999999999997
285,-36.840863105958846,9,16,1.95
286,-7.405683992853573,12,13,1.8639999999999997
287,2.4959233531278286,13,12,1.9280000000000002
288,-16.09059266183664,11,14,1.7959999999999998
289,-6.983767459166,12,13,1.9120000000000001
290,-27.44370611137562,10,15,1.9780000000000002
291,-47.71839204830339,8,17,1.8619999999999997
292,-27.024903154095327,10,15,1.8380000000000003
293,-17.475250157163217,11,14,2.018
294,-18.029667177169344,11,14,1.9019999999999997
295,-17.90895068181505,11,14,1.9
296,-27.78250698046688,10,15,1.8799999999999997
297,-18.42989537239572,11,14,1.86
298,-17.836010442400443,11,14,1.9140000000000001
299,-26.66758725668209,10,15,1.902
300,-17.01567319553252,11,14,1.902
301,-17.838757588240085,11,14,1.884
302,-27.367500975347895,10,15,1.8780000000000001
303,-7.434596492274609,12,13,1.8960000000000001
304,-27.743881507018322,10,15,1.86
305,-8.708063817156628,12,13,1.886
306,-37.82251602092851,9,16,1.9759999999999998
307,-8.032828390105486,12,13,1.826
308,-26.35619013015208,10,15,1.908
309,-26.63922150737758,10,15,1.906
310,-26.10652854422819,10,15,1.8679999999999999
311,-15.41238038008349,11,14,1.884
312,-7.642903945997753,12,13,1.9459999999999997
313,-35.462028646512806,9,16,1.86
314,-26.493001564411696,10,15,1.8940000000000001
315,2.8054603787314836,13,12,1.8959999999999997
316,-5.694351583868687,12,13,1.8940000000000001
317,-6.536771974328443,12,13,1.8940000000000001
318,-17.06629718669044,11,14,1.834
319,-26.649988280218235,10,15,1.8980000000000001
320,-16.07642969694673,11,14,1.9259999999999997
321,-18.375285405471182,11,14,1.85
322,-17.145332811440134,11,14,1.906
323,-17.23049876557636,11,14,1.9
324,-26.543597381293388,10,15,1.892
325,-16.766488716641376,11,14,1.9300000000000002
326,-27.608158366547716,10,15,1.8960000000000001
327,3.607692750475847,13,12,1.866
328,-7.014509047355601,12,13,1.8920000000000001
329,-16.790367142108,11,14,1.864
330,-6.216557447751975,12,13,1.9
331,-7.668602085587639,12,13,1.8559999999999999
332,3.0440777790332545,13,12,1.8939999999999997
333,-8.060472650622081,12,13,1.916
334,-26.63529857156512,10,15,1.9419999999999997
335,-7.360727946841372,12,13,1.902
336,2.8343468959526152,13,12,1.874
337,-17.211946148786232,11,14,1.846
338,-16.285328143259513,11,14,1.8340000000000003
339,-17.295825826287004,11,14,1.8379999999999999
340,-17.274740400655396,11,14,1.8399999999999999
341,-17.070987922708213,11,14,1.828
342,-27.099326058378043,10,15,1.904
343,-26.97118591531862,10,15,1.8880000000000003
344,-16.769416274577694,11,14,1.9280000000000002
345,-16.810007412659637,11,14,1.8419999999999999
346,-16.051186952675796,11,14,1.8699999999999999
347,-26.430048287596257,10,15,1.884
348,-38.68997784969804,9,16,1.83
349,-48.011029799581074,8,17,1.8599999999999999
350,-16.889110975480556,11,14,1.9280000000000002
351,-26.249358545882338,10,15,1.874
352,-17.92956375414436,11,14,1.8939999999999997
353,-7.538446362172254,12,13,1.9220000000000002
354,-18.29158904322781,11,14,1.8739999999999999
355,1.2532544264632115,13,12,1.8659999999999997
356,-27.04559153918276,10,15,1.848
357,1.5679232777521377,13,12,1.8920000000000001
358,-17.860261630972467,11,14,1.97
359,-18.605653132857448,11,14,1.8719999999999999
360,-16.941202477145616,11,14,1.9259999999999997
361,-26.435107067783676,10,15,1.8780000000000001
362,-17.377465210136442,11,14,1.8599999999999999
363,-6.457587195106967,12,13,1.8800000000000001
364,-17.43116818077624,11,14,1.89
365,-16.530368728725463,11,14,1.936
366,2.87741971354488,13,12,1.884
367,3.670346141651011,13,12,1.8700000000000003
368,-37.62235345750638,9,16,1.932
369,3.6824005228024834,13,12,1.83
370,-6.022858572849325,12,13,1.848
371,-17.627735088951674,11,14,1.834
372,-6.454826744652564,12,13,1.842
373,-6.762746059388686,12,13,1.9280000000000002
374,3.3933473731798927,13,12,1.846
375,-26.630699590782335,10,15,1.8900000000000001
376,-5.737206343865026,12,13,1.9060000000000001
377,2.929324969735434,13,12,1.818
378,-6.2926328942421375,12,13,1.884
379,-37.29166209205885,9,16,1.904
380,-6.166324866437466,12,13,1.8679999999999999
381,-5.848203900386044,12,13,1.9540000000000002
382,4.385021092033602,13,12,1.8519999999999999
383,-5.556391916759847,12,13,1.9100000000000001
384,-26.60069203787687,10,15,1.8719999999999999
385,4.862760619776846,13,12,1.886
386,-7.4832873989147926,12,13,1.952
387,-5.826162773982669,12,13,1.904
388,3.9405677052088577,13,12,1.874
389,4.2535884931326855,13,12,1.818
390,-6.253833863332701,12,13,1.8719999999999999
391,4.036757716489902,13,12,1.834
392,3.470273804956857,13,12,1.8819999999999997
393,-5.237458995291438,12,13,1.952
394,3.427944140870754,13,12,1.8719999999999999
395,2.480701821186957,13,12,1.9099999999999997
396,-17.13268631147179,11,14,1.8880000000000003
397,3.1545982122905936,13,12,1.936
398,-16.564604138069612,11,14,1.8999999999999997
399,-6.875179105971283,12,13,1.8400000000000003
400,-6.8383903129715495,12,13,1.8880000000000003
401,-6.998065587534776,12,13,1.89
402,24.33300575800143,15,10,1.8039999999999998
403,4.014555152526872,13,12,1.9980000000000004
404,-16.687253429079135,11,14,1.8459999999999996
405,-26.988637166573948,10,15,1.902
406,-6.279678356223287,12,13,1.8419999999999999
407,3.831214930374294,13,12,1.9880000000000002
408,23.416027128290885,15,10,1.8299999999999996
409,-16.569459999903405,11,14,1.8539999999999999
410,14.240693463780339,14,11,1.8679999999999999
411,3.8690636312302678,13,12,1.9339999999999997
412,-5.917432876799991,12,13,1.8939999999999997
413,14.565767951187494,14,11,1.9160000000000004
414,-7.221094039105526,12,13,1.864
415,-17.674797491027217,11,14,1.9240000000000002
416,-7.260445498442843,12,13,1.8539999999999999
417,4.050249748659673,13,12,1.8920000000000001
418,-16.258115799824466,11,14,1.916
419,-26.350593800410806,10,15,1.8820000000000001
420,-6.600231016440558,12,13,1.916
421,-6.918260641989773,12,13,1.8080000000000003
422,-6.885901543870417,12,13,1.9100000000000001
423,3.467974207107045,13,12,1.8940000000000001
424,-16.91368878225627,11,14,1.916
425,-16.379052706091308,11,14,1.89
426,-5.614757475249752,12,13,1.8679999999999999
427,-6.92300801964041,12,13,1.932
428,3.7789593980131055,13,12,1.8359999999999999
429,-6.381651710588176,12,13,1.8980000000000001
430,-15.776173230239383,11,14,1.816
431,4.456791737510612,13,12,1.8599999999999999
432,-5.697758378110602,12,13,1.9139999999999997
433,-16.038396706541494,11,14,1.9259999999999997
434,12.643120725835223,14,11,1.848
435,5.220293484483746,13,12,1.8659999999999997
436,-5.47055597847248,12,13,1.8959999999999997
437,-6.2501155276639775,12,13,1.9040000000000004
438,14.178031600933974,14,11,1.8419999999999999
439,-5.36607266218649,12,13,1.9100000000000001
440,4.54697923759344,13,12,1.9119999999999997
441,-5.332290248939833,12,13,1.8939999999999997
442,5.506332769143618,13,12,1.8739999999999999
443,4.445575161879975,13,12,1.8739999999999999
444,-5.261901073513126,12,13,1.816
445,4.563905057523287,13,12,1.8739999999999999
446,3.5290308077010133,13,12,1.9460000000000002
447,-14.850778571040395,11,14,1.9160000000000004
448,3.9618597683712657,13,12,1.862
449,-15.89223537851463,11,14,1.85
450,5.58850717037751,13,12,1.8059999999999998
451,-15.727788397523192,11,14,1.9080000000000001
452,-24.956692993502692,10,15,1.848
453,-3.915181266262006,12,13,1.934
454,-15.460477382671414,11,14,1.844
455,14.14977249464326,14,11,1.9
456,-15.657256003549573,11,14,1.884
457,3.82946705108297,13,12,1.9220000000000002
458,-5.248803278852501,12,13,1.886
459,4.925406578477078,13,12,1.8720000000000003
460,-5.963215290992296,12,13,1.8819999999999997
461,3.537335179361813,13,12,1.8959999999999997
462,3.785114432747724,13,12,1.8619999999999997
463,4.374422337419062,13,12,1.8800000000000001
464,-4.596909752420695,12,13,1.94
465,14.269874761792671,14,11,1.8400000000000003
466,-5.491340752085706,12,13,1.9200000000000004
467,-6.173970285302809,12,13,1.8780000000000001
468,13.807537410004477,14,11,1.9260000000000002
469,4.485996719480478,13,12,1.8880000000000003
470,4.614745729286088,13,12,1.8499999999999996
471,-15.284116885154376,11,14,1.8800000000000001
472,-5.829067285518444,12,13,1.8979999999999997
473,4.928739284445368,13,12,1.954
474,-25.147629581256403,10,15,1.8340000000000003
475,-5.474550312397682,12,13,1.8780000000000001
476,15.172443935058284,14,11,1.888
477,-5.839317722607556,12,13,1.9300000000000004
478,3.9080165753853553,13,12,1.9100000000000001
479,-5.093924270226747,12,13,1.86
480,-5.785316949112535,12,13,1.9300000000000002
481,4.392256577557577,13,12,1.9259999999999997
482,-6.8736432316693294,12,13,1.9120000000000001
483,3.8168952471318924,13,12,1.874
484,5.007930769685569,13,12,1.938
485,-15.27719767887285,11,14,1.8819999999999997
486,-4.791801033056562,12,13,1.918
487,4.85485824830959,13,12,1.952
488,3.897835102620903,13,12,1.904
489,5.638494371282296,13,12,1.9900000000000002
490,4.424990054699777,13,12,1.8800000000000001
491,-5.2555788195159,12,13,1.8200000000000003
492,4.081639103814999,13,12,1.8940000000000001
493,-4.816264149764232,12,13,1.8959999999999997
494,-4.066674858248895,12,13,1.83
495,-6.493510773088532,12,13,1.7899999999999998
496,4.095899958082919,13,12,1.9140000000000001
497,6.642634512741113,13,12,1.858
498,5.16909092203549,13,12,1.9120000000000001
499,14.892954618668808,14,11,1.8319999999999996
500,-15.812966414132692,11,14,1.8820000000000003
501,4.485978318040349,13,12,1.89
502,4.428928306885693,13,12,1.9099999999999997
503,3.9233566189677522,13,12,1.8880000000000003
504,4.572060982349195,13,12,1.9280000000000004
505,-5.249301508376976,12,13,1.8419999999999999
506,5.100350910661799,13,12,1.8359999999999999
507,-25.15101150109811,10,15,1.85
508,3.820919547574702,13,12,1.92
509,4.710553672374352,13,12,1.98
510,25.822679991615253,15,10,1.9440000000000002
511,-5.165400375809946,12,13,1.864
512,-15.776458440274308,11,14,1.884
513,5.175812868206931,13,12,1.9140000000000001
514,4.200128425004529,13,12,1.908
515,14.044663019769036,14,11,1.9720000000000002
516,25.12798219742825,15,10,1.9260000000000002
517,23.17131730094878,15,10,1.9500000000000004
518,14.368729390525885,14,11,1.9120000000000001
519,-14.617325233436208,11,14,1.9100000000000001
520,-14.679014274017419,11,14,1.9420000000000002
521,25.271322777391546,15,10,1.9260000000000002
522,-13.89414494559051,11,14,1.904
523,14.604499117782659,14,11,1.8799999999999997
524,4.595923487996131,13,12,1.8659999999999997
525,23.944285789217812,15,10,1.8780000000000001
526,15.46897219243768,14,11,1.9280000000000002
527,4.3511356750963675,13,12,1.9100000000000001
528,3.2925059107082806,13,12,1.8999999999999997
529,4.735656354919714,13,12,1.918
530,15.074973353436949,14,11,1.9740000000000002
531,13.045833388463517,14,11,1.8780000000000001
532,-4.525102299474527,12,13,1.922
533,3.8556526290887465,13,12,1.846
534,15.6865447680832,14,11,1.8939999999999997
535,14.698236043798936,14,11,1.908
536,4.012824395970715,13,12,1.8220000000000003
537,13.779024242932792,14,11,1.862
538,-4.6964454463380045,12,13,1.94
539,-15.714808289168625,11,14,1.796
540,-4.938902596760801,12,13,1.826
541,5.113953420362857,13,12,1.862
542,4.323336607518536,13,12,1.818
543,-25.55239390758224,10,15,1.876
544,-5.503731076476743,12,13,1.876
545,24.7962945081375,15,10,1.9340000000000004
546,4.034131104688245,13,12,1.8719999999999999
547,14.468195721687398,14,11,1.9600000000000002
548,-5.558721239267163,12,13,1.8940000000000001
549,-5.650708812224015,12,13,1.89
550,-5.948432681930098,12,13,1.8920000000000001
551,-15.254473358953438,11,14,1.8880000000000003
552,4.48609888156066,13,12,1.8940000000000001
553,-15.441118780635495,11,14,1.8980000000000001
554,-14.211691393466541,11,14,1.874
555,4.839463619579529,13,12,1.9300000000000004
556,-6.432367893268738,12,13,1.8560000000000003
557,4.877952983996346,13,12,1.9060000000000001
558,-6.046207399835897,12,13,1.9360000000000004
559,-15.316069159539659,11,14,1.8399999999999999
560,-5.516944545018836,12,13,1.828
561,-5.796405931530229,12,13,1.9339999999999997
562,-26.008528635131817,10,15,1.7920000000000003
563,-5.248096723739823,12,13,1.8940000000000001
564,-5.594744982924926,12,13,1.8839999999999997
565,-5.272814328717973,12,13,1.83
566,3.5143588770796947,13,12,1.814
567,13.737013991735768,14,11,1.9180000000000004
568,-5.2270390262655635,12,13,1.9
569,2.9951783488572445,13,12,1.888
570,4.608985408368095,13,12,1.938
571,5.23857559721643,13,12,1.924
572,23.80579418449056,15,10,1.92
573,-35.600793451020756,9,16,1.8559999999999999
574,15.313630589001129,14,11,1.9
575,-6.794900143045746,12,13,1.9159999999999997
576,-15.906311770729344,11,14,1.9
577,4.511217623211994,13,12,1.8860000000000003
578,-6.00225631088839,12,13,1.972
579,3.4250634278817857,13,12,1.8820000000000001
580,-7.042841717525144,12,13,1.9140000000000001
581,5.253445518524458,13,12,1.9240000000000002
582,34.55789503360874,16,9,1.9259999999999997
583,4.581662988678531,13,12,1.9560000000000002
584,4.830806323861588,13,12,1.8359999999999999
585,23.27076455933622,15,10,1.9240000000000002
586,-5.362962579816434,12,13,1.8800000000000001
587,-6.536129401358378,12,13,1.9259999999999997
588,14.249299385675778,14,11,1.8419999999999999
589,14.544000971890917,14,11,1.8519999999999999
590,-5.623552625219237,12,13,1.92
591,-5.26635758594828,12,13,1.818
592,-6.094177352183669,12,13,1.9
593,14.12232367041614,14,11,1.9200000000000004
594,-4.959456980027737,12,13,1.8359999999999999
595,15.11914526289204,14,11,1.8940000000000001
596,-5.395850735297392,12,13,1.906
597,24.311357708639193,15,10,1.8400000000000003
598,-15.554299537268484,11,14,1.862
599,-14.979654960397404,11,14,1.8760000000000001
600,35.730438712091825,16,9,1.9100000000000001
601,-5.426102284398363,12,13,1.8220000000000003
602,5.300475512147241,13,12,1.8980000000000001
603,-5.403634132613067,12,13,1.848
604,13.402359686093622,14,11,1.9240000000000002
605,4.721170024670183,13,12,1.8739999999999999
606,-6.0929982863362255,12,13,1.95
607,15.182302304768593,14,11,1.8539999999999999
608,24.73077925558579,15,10,1.918
609,-16.025191933401377,11,14,1.8679999999999999
610,4.84553659690952,13,12,1.886
611,13.87258710508451,14,11,1.8900000000000001
612,-2.9575350934941786,12,13,1.952
613,-14.730206057677467,11,14,1.9
614,-15.508592757677484,11,14,1.862
615,-15.046519388114376,11,14,1.888
616,5.229450946181946,13,12,1.8380000000000003
617,25.218529881159824,15,10,1.904
618,6.209626825342088,13,12,1.8760000000000001
619,16.135166861578014,14,11,1.9100000000000001
620,-14.054462436195566,11,14,1.94
621,-4.127362648737964,12,13,1.8359999999999999
622,15.731644395941466,14,11,1.8940000000000001
623,14.507113047505001,14,11,1.832
624,-4.89820295252023,12,13,1.924
625,5.969947089064612,13,12,1.8539999999999999
626,35.02279619302099,16,9,1.8800000000000001
627,5.066153285650641,13,12,1.864
628,4.605713519007775,13,12,1.8939999999999997
629,14.484811501886345,14,11,1.8800000000000001
630,14.82367993368604,14,11,1.932
631,15.295295105468796,14,11,1.906
632,14.5779141099245,14,11,1.864
633,15.535009929380792,14,11,1.9019999999999997
634,-14.43509012043005,11,14,1.8639999999999997
635,15.32617741095575,14,11,1.9200000000000004
636,24.334028014871876,15,10,1.98
637,15.431467222311618,14,11,1.9259999999999997
638,26.03602049362103,15,10,1.8920000000000001
639,24.985111509646536,15,10,1.832
640,24.814053634278004,15,10,1.9120000000000001
641,4.67754839544134,13,12,1.848
642,5.042128120148154,13,12,1.9100000000000001
643,15.572644087019723,14,11,1.9259999999999997
644,15.330407482262542,14,11,1.8939999999999997
645,5.152868173139656,13,12,1.92
646,25.45248426156703,15,10,1.884
647,4.320606650203026,13,12,1.8959999999999997
648,46.39231461726158,17,8,1.834
649,6.25761788253792,13,12,1.922
650,5.841087332355933,13,12,1.916
651,6.159028853392519,13,12,1.8959999999999997
652,5.322269737242364,13,12,1.9100000000000001
653,15.35891452406479,14,11,1.832
654,25.69488652680249,15,10,1.918
655,25.429811404836016,15,10,1.89
656,-4.879141347680067,12,13,2.002
657,25.313688714630572,15,10,1.8839999999999997
658,5.59818000854785,13,12,1.842
659,5.6049475065037475,13,12,1.9120000000000001
660,-4.770435262444275,12,13,1.8979999999999997
661,6.215341221692383,13,12,1.904
662,16.075666588043916,14,11,1.828
663,15.162659943122966,14,11,1.996
664,35.58118740569722,16,9,1.876
665,-4.232346497336339,12,13,1.8659999999999997
666,15.432102492382917,14,11,1.8399999999999999
667,5.852767173088136,13,12,1.866
668,5.848597058883627,13,12,1.94
669,5.317329519203952,13,12,1.9179999999999997
670,14.808390227314586,14,11,1.8679999999999997
671,4.689111705482467,13,12,1.902
672,6.510863713019206,13,12,1.876
673,16.127882681343603,14,11,1.8700000000000003
674,5.8874313588406055,13,12,1.9299999999999997
675,6.656222695637105,13,12,1.858
676,5.297701729305979,13,12,1.8699999999999999
677,14.79205981490377,14,11,1.844
678,4.95055899445352,13,12,1.85
679,15.645250693619076,14,11,1.8359999999999999
680,25.256147267073196,15,10,1.908
681,-5.300981775122368,12,13,1.966
682,5.773257923179994,13,12,1.8379999999999999
683,4.824559180515994,13,12,1.8619999999999997
684,15.333325511700956,14,11,1.9620000000000002
685,4.731885252339175,13,12,1.9280000000000002
686,35.1765613367638,16,9,1.8560000000000003
687,24.744114770923982,15,10,1.89
688,15.443946320032182,14,11,1.9619999999999997
689,5.776546155877197,13,12,1.916
690,34.82610897418007,16,9,1.8419999999999999
691,4.109953980449612,13,12,1.9279999999999997
692,15.24206653314373,14,11,1.8259999999999998
693,15.335230293013318,14,11,1.8400000000000003
694,25.60660476931647,15,10,1.796
695,15.343313213410173,14,11,1.972
696,-4.706949738623521,12,13,1.8900000000000001
697,5.1890695348413765,13,12,1.8940000000000001
698,14.686292063923773,14,11,1.904
699,14.746044738946193,14,11,1.8940000000000001
700,4.613739555640921,13,12,1.8599999999999999
701,14.501878751302284,14,11,1.8959999999999997
702,15.422644644368301,14,11,1.848
703,14.721164755834787,14,11,1.968
704,15.090531589977548,14,11,1.85
705,15.026391464984439,14,11,1.8960000000000001
706,15.672979773560066,14,11,1.8379999999999999
707,14.374878372168123,14,11,1.8980000000000001
708,14.745727891568782,14,11,1.8939999999999997
709,5.401218879732037,13,12,1.918
710,15.085812997922238,14,11,1.8719999999999999
711,15.54708950484376,14,11,1.8719999999999999
712,24.76455444770585,15,10,1.8579999999999999
713,15.078851580843661,14,11,1.8419999999999999
714,14.953006106764493,14,11,1.8760000000000001
715,6.079972324505853,13,12,1.8760000000000001
716,25.848931251819327,15,10,1.9340000000000004
717,25.581595631268005,15,10,1.892
718,16.140557589680597,14,11,1.8560000000000003
719,4.3870103408927665,13,12,1.8700000000000003
720,14.425594013319463,14,11,1.9099999999999997
721,15.258980986845517,14,11,1.9040000000000004
722,24.623428648888478,15,10,1.8819999999999997
723,-5.292551948190658,12,13,1.906
724,5.352042076851299,13,12,1.964
725,-4.578908733389936,12,13,1.9220000000000002
726,5.593895009481766,13,12,1.812
727,15.829369466223856,14,11,1.8900000000000001
728,15.094623726633088,14,11,1.9200000000000004
729,25.01393705687227,15,10,1.884
730,15.33842184468392,14,11,1.8719999999999999
731,25.80035009055359,15,10,1.8459999999999996
732,5.997665898883189,13,12,1.916
733,4.340614829297638,13,12,1.866
734,16.08085865503494,14,11,1.8379999999999999
735,4.8846034559418126,13,12,1.8679999999999999
736,14.652403447674558,14,11,1.9499999999999997
737,35.27261636950779,16,9,1.9299999999999997
738,25.71624530734919,15,10,1.8939999999999997
739,15.59337732606285,14,11,1.8979999999999997
740,5.363886831848191,13,12,1.888
741,5.427245867745489,13,12,1.918
742,4.897975476698926,13,12,1.902
743,24.628214597671167,15,10,1.8679999999999999
744,15.532822360843966,14,11,1.964
745,24.508783568606038,15,10,1.8679999999999999
746,-5.12060315133696,12,13,1.922
747,4.805959805928524,13,12,1.932
748,4.64750609980182,13,12,1.9020000000000004
749,-16.058633807258456,11,14,1.9100000000000001
750,14.790965229576916,14,11,1.8860000000000003
751,-6.136631733419801,12,13,1.9080000000000001
752,-5.594079692115125,12,13,1.8780000000000001
753,15.275115204985866,14,11,1.818
754,15.065751662501901,14,11,1.9580000000000002
755,5.188289656112957,13,12,1.9260000000000002
756,15.63019493014784,14,11,1.86
757,15.067014286561253,14,11,1.9120000000000004
758,6.299876256266029,13,12,1.8699999999999999
759,15.625648318119435,14,11,1.9460000000000002
760,5.822816287000377,13,12,1.9159999999999997
761,16.064739192473212,14,11,1.9519999999999995
762,-3.849171872492022,12,13,1.9100000000000001
763,14.220365291855531,14,11,1.9639999999999997
764,14.549748439508182,14,11,1.8980000000000001
765,16.137240579434046,14,11,2.012
766,14.552338104056933,14,11,1.848
767,25.658658575547037,15,10,1.8679999999999999
768,16.34565757144272,14,11,1.9280000000000002
769,5.25366756237526,13,12,1.954
770,4.895048723947269,13,12,1.8560000000000003
771,-4.532060196448704,12,13,1.8939999999999997
772,-4.50906509879581,12,13,1.8980000000000001
773,35.74389973040883,16,9,1.8979999999999997
774,5.4447820239457005,13,12,1.842
775,25.832197151431373,15,10,1.922
776,-3.82800751327063,12,13,1.8880000000000003
777,25.248250835789193,15,10,1.8679999999999999
778,26.57128662631846,15,10,1.85
779,6.2486039992721345,13,12,1.8720000000000003
780,-4.184426290732703,12,13,1.9060000000000001
781,6.046314809662164,13,12,1.908
782,36.18883081716546,16,9,1.8739999999999994
783,-14.29543685076753,11,14,1.8560000000000003
784,16.69803564436256,14,11,1.9520000000000004
785,7.00456737059023,13,12,1.884
786,6.0577170367064435,13,12,1.8559999999999999
787,6.023057345929207,13,12,1.9419999999999997
788,35.806881189778494,16,9,1.9440000000000002
789,-3.5142993964551845,12,13,1.864
790,-14.43474882891748,11,14,1.8640000000000003
791,26.321011137303564,15,10,1.904
792,-4.612703685301826,12,13,1.8800000000000001
793,5.197214489696539,13,12,1.9440000000000004
794,6.124236457573742,13,12,1.9319999999999997
795,-4.891896581923512,12,13,1.918
796,-3.7396710327378084,12,13,1.884
797,16.01937940433684,14,11,1.8359999999999996
798,6.0004975159665985,13,12,1.8900000000000006
799,16.394481281774176,14,11,1.9479999999999997
800,26.6057607315114,15,10,1.8559999999999999
801,5.492229249749279,13,12,1.884
802,-14.055317122566679,11,14,1.848
803,16.47805936992091,14,11,1.77
804,-13.483800661433753,11,14,1.828
805,-3.945458628488055,12,13,1.9
806,5.933122631256762,13,12,1.8800000000000001
807,16.594404020514624,14,11,1.8959999999999997
808,16.385892769641078,14,11,1.902
809,26.013568898287005,15,10,1.85
810,-3.56951378154133,12,13,1.9519999999999995
811,26.54423514132769,15,10,1.9140000000000001
812,26.137883868444135,15,10,1.8379999999999999
813,6.201594773396096,13,12,1.832
814,16.198075282818195,14,11,1.9280000000000002
815,25.4923869372623,15,10,1.8699999999999999
816,-4.4930361574620505,12,13,1.884
817,17.045031458841972,14,11,1.9420000000000002
818,26.246633216855177,15,10,1.7899999999999998
819,15.565430248802446,14,11,1.9199999999999995
820,16.62710729651259,14,11,1.8219999999999998
821,-5.455139866400525,12,13,1.9240000000000002
822,15.631025855779988,14,11,1.884
823,-3.946364894442996,12,13,1.9120000000000001
824,16.241557192859716,14,11,1.8199999999999998
825,15.32227435082756,14,11,1.9080000000000001
826,15.894166424927725,14,11,1.916
827,15.492859948417363,14,11,1.83
828,-4.4102637035587335,12,13,1.8820000000000001
829,15.099109667206656,14,11,1.92
830,-34.92267674836364,9,16,1.9179999999999997
831,-14.52272339100824,11,14,1.8739999999999999
832,26.403564097697007,15,10,1.83
833,5.416242924495103,13,12,1.9259999999999997
834,-4.339680913281286,12,13,1.9260000000000002
835,26.644144222623144,15,10,1.918
836,25.1310080095816,15,10,1.864
837,6.497019279722128,13,12,1.8800000000000001
838,6.992239003790262,13,12,1.864
839,5.802136828390603,13,12,1.8739999999999999
840,25.69067802720621,15,10,1.906
841,16.08449052718613,14,11,1.8720000000000003
842,5.397631919302519,13,12,1.9060000000000001
843,-3.746620252731205,12,13,1.8739999999999999
844,16.161321122167244,14,11,1.8480000000000003
845,15.753616281110201,14,11,1.9020000000000004
846,16.32840218412995,14,11,1.8259999999999998
847,16.55230649466137,14,11,1.8320000000000003
848,-3.8603692219063506,12,13,1.83
849,6.346340670250173,13,12,1.8960000000000001
850,-3.9240237458544573,12,13,1.8459999999999996
851,15.342325300145438,14,11,1.818
852,5.8937346635483046,13,12,1.874
853,5.616615722978943,13,12,1.8399999999999999
854,-13.529885140309561,11,14,1.8559999999999999
855,16.999000545269485,14,11,1.9240000000000002
856,-3.6110519842379016,12,13,1.9560000000000002
857,-4.392214295923093,12,13,1.9260000000000002
858,5.412650809041963,13,12,1.9019999999999997
859,-3.963750767509926,12,13,1.8719999999999999
860,6.331124294351186,13,12,1.812
861,15.309354653508969,14,11,1.9080000000000001
862,-14.55529529402158,11,14,1.9220000000000002
863,-4.8152787387696865,12,13,1.8880000000000003
864,-12.306084160067156,11,14,1.8760000000000001
865,6.353487859917574,13,12,1.8839999999999997
866,5.547461872735313,13,12,1.874
867,-4.0920463842761166,12,13,1.8519999999999999
868,-14.083569687984529,11,14,1.9119999999999997
869,-13.915777181739685,11,14,1.8760000000000001
870,-3.4998624688214806,12,13,1.906
871,16.180622435972815,14,11,1.9279999999999997
872,-3.2498496898521276,12,13,1.9279999999999997
873,-3.927778723783919,12,13,1.916
874,-4.7751878090935,12,13,1.888
875,6.532296915087709,13,12,1.866
876,-34.26585187976745,9,16,1.858
877,15.986089122530199,14,11,1.8599999999999999
878,-3.0653573259475806,12,13,1.8180000000000003
879,16.450044527738477,14,11,1.9220000000000002
880,16.498723891378262,14,11,1.862
881,5.820570415054275,13,12,1.8719999999999999
882,-4.838826735804545,12,13,1.784
883,16.12327553243255,14,11,1.8559999999999999
884,6.165612492817976,13,12,1.9140000000000001
885,15.904134430937606,14,11,1.8800000000000001
886,26.13071857802911,15,10,1.818
887,15.88632723520161,14,11,1.9439999999999997
888,15.437037471448642,14,11,1.85
889,25.84347447397962,15,10,1.866
890,25.92441963331038,15,10,1.8960000000000001
891,25.996359825440685,15,10,1.9120000000000001
892,6.588664810758658,13,12,1.95
893,15.8950638372267,14,11,1.8680000000000003
894,15.816265000738516,14,11,1.874
895,15.844114108665948,14,11,1.9120000000000001
896,6.195800455666465,13,12,1.8800000000000001
897,15.883818711138158,14,11,1.9280000000000002
898,-3.908862845425986,12,13,1.948
899,-14.39306073125849,11,14,1.908
900,35.61848617625549,16,9,1.954
901,15.50029102083393,14,11,1.8800000000000001
902,14.924379452862663,14,11,1.9739999999999998
903,25.003827582868063,15,10,1.848
904,25.907534264720127,15,10,1.9120000000000001
905,25.020272983977392,15,10,1.9140000000000004
906,16.7003804017876,14,11,1.9
907,14.871988102382126,14,11,1.8779999999999997
908,14.89236470166964,14,11,1.8359999999999999
909,35.21250065208242,16,9,1.816
910,5.696908237689681,13,12,1.8319999999999996
911,5.73573786830487,13,12,1.8760000000000001
912,17.47776758582709,14,11,1.9240000000000002
913,25.110839767425617,15,10,1.9279999999999997
914,24.55622905337683,15,10,1.8840000000000003
915,5.1024232589501555,13,12,1.884
916,6.2083230901758375,13,12,1.8779999999999997
917,15.642902309466011,14,11,1.8520000000000003
918,25.793523647547968,15,10,1.918
919,15.263991017418453,14,11,1.9100000000000001
920,-4.832644908232044,12,13,1.8519999999999999
921,15.783626969251019,14,11,1.8099999999999998
922,36.503334319900475,16,9,1.9040000000000004
923,-4.008192921362292,12,13,1.9020000000000004
924,16.277782780433622,14,11,1.866
925,5.792873752388649,13,12,1.9060000000000001
926,4.838862585310324,13,12,1.932
927,34.50422797907804,16,9,1.9740000000000002
928,6.033977005901502,13,12,1.8959999999999997
929,25.64837335617981,15,10,1.9019999999999997
930,15.757466529595204,14,11,1.9460000000000002
931,6.245625996318953,13,12,1.8699999999999999
932,5.3514695926320694,13,12,1.9420000000000002
933,4.87059856980731,13,12,1.8879999999999995
934,5.053602788265781,13,12,1.998
935,25.414193055535186,15,10,1.9579999999999995
936,16.41625772723404,14,11,1.834
937,4.749824827779376,13,12,1.9300000000000002
938,4.851779504377708,13,12,1.8359999999999999
939,-4.275934402021424,12,13,1.8240000000000003
940,-5.053536066692554,12,13,1.9
941,15.950436226294464,14,11,1.902
942,25.376437835076388,15,10,1.888
943,15.77362894230605,14,11,1.9
944,25.29794739994052,15,10,1.8539999999999999
945,25.02727823600267,15,10,1.908
946,-5.149151803164633,12,13,1.9039999999999995
947,3.884940894582563,13,12,1.9140000000000001
948,15.48877556517266,14,11,1.8400000000000003
949,25.825085313778892,15,10,1.8699999999999999
950,14.733233592586428,14,11,1.908
951,-5.650792196427671,12,13,1.8639999999999997
952,-4.357810349686523,12,13,1.95
953,4.5802649725724685,13,12,1.9120000000000001
954,15.288417316078917,14,11,1.89
955,-5.925947230183004,12,13,1.936
956,-4.648514540086415,12,13,1.9179999999999997
957,15.899702461130499,14,11,1.848
958,15.299944241373796,14,11,1.8720000000000003
959,15.307477140041371,14,11,1.826
960,25.72404076451502,15,10,1.92
961,15.8118472200232,14,11,1.8959999999999997
962,5.3720010553198065,13,12,1.89
963,25.85886652027026,15,10,1.8259999999999998
964,14.908258739168904,14,11,1.8679999999999999
965,-4.82228267214519,12,13,1.924
966,5.3440707702939125,13,12,1.83
967,15.013150041724487,14,11,1.8980000000000004
968,5.679587022554843,13,12,1.8340000000000003
969,14.41404489339299,14,11,1.844
970,4.746547382225041,13,12,1.842
971,-25.239408690764165,10,15,1.8739999999999999
972,-4.685809295844139,12,13,1.9180000000000004
973,15.413725335470799,14,11,1.904
974,5.4107994610669365,13,12,1.916
975,5.1731015735146375,13,12,1.902
976,4.412316190390797,13,12,1.954
977,15.552617992419897,14,11,1.948
978,5.250951718683624,13,12,1.8880000000000003
979,5.659470868964257,13,12,1.8699999999999999
980,25.667233645579195,15,10,1.886
981,14.356487299258898,14,11,1.902
982,15.225221383938507,14,11,1.8820000000000001
983,14.688055151308493,14,11,1.8959999999999997
984,16.023656981916265,14,11,1.8760000000000001
985,14.728773976456548,14,11,1.874
986,-5.544964566390507,12,13,1.892
987,15.368484071460108,14,11,1.9120000000000004
988,-4.405336831805047,12,13,1.8800000000000001
989,35.62836879774678,16,9,1.8579999999999999
990,14.634407173234653,14,11,1.8980000000000001
991,15.348925705874041,14,11,1.8179999999999996
992,15.667383931747601,14,11,1.9280000000000002
993,15.506486515226321,14,11,1.9539999999999995
994,4.938554484202728,13,12,1.8780000000000001
995,5.097581557426851,13,12,1.888
996,15.64875513819118,14,11,1.8679999999999997
997,24.745567925451546,15,10,1.8119999999999998
998,-4.7253300570789065,12,13,1.9080000000000001
999,15.433077694646212,14,11,1.902
1000,4.8357212383743935,13,12,1.904
1001,25.0410205183278,15,10,1.922
1002,24.830983254193207,15,10,1.932
1003,25.86396702533133,15,10,1.908
1004,14.438904816886108,14,11,1.8939999999999997
1005,15.685117346733538,14,11,1.8820000000000001
1006,5.260924754540108,13,12,1.8559999999999999
1007,16.246026057169203,14,11,1.8760000000000001
1008,-14.88456158870523,11,14,1.85
1009,-5.333998503665101,12,13,1.904
1010,24.75648879863435,15,10,1.8399999999999999
1011,4.811095149427095,13,12,1.8679999999999999
1012,24.859185006769458,15,10,1.8539999999999999
1013,-4.671436621249349,12,13,1.8920000000000001
1014,-4.747440408613347,12,13,1.8700000000000003
1015,25.562750330641418,15,10,1.9300000000000004
1016,15.341207381454435,14,11,1.8419999999999999
1017,14.930699512623761,14,11,1.8379999999999999
1018,14.760479631014011,14,11,1.8419999999999999
1019,-4.652262631465985,12,13,1.884
1020,-5.11519494904527,12,13,1.89
1021,24.777366084714902,15,10,1.9460000000000002
1022,15.187022958547317,14,11,1.888
1023,5.568640821395126,13,12,1.932
1024,5.289713449294848,13,12,1.8699999999999999
1025,-15.333524036382375,11,14,1.8639999999999997
1026,15.39668552816022,14,11,1.8960000000000001
1027,24.768674538500903,15,10,1.85
1028,15.238310645427372,14,11,1.816
1029,15.22078615455252,14,11,1.9080000000000001
1030,14.268351051344364,14,11,1.924
1031,15.146939312230616,14,11,1.9240000000000002
1032,5.461476076398138,13,12,1.936
1033,-4.067351214461102,12,13,1.94
1034,16.257747440997946,14,11,1.8739999999999999
1035,4.832187479110803,13,12,1.8479999999999996
1036,24.982933837869275,15,10,1.936
1037,-5.480656110863164,12,13,1.8539999999999999
1038,-5.624328629617259,12,13,1.8559999999999999
1039,15.300544173522201,14,11,1.9300000000000002
1040,15.130030797067839,14,11,1.8180000000000003
1041,4.867666997509806,13,12,1.98
1042,6.348247486266455,13,12,1.8719999999999999
1043,4.914268974282436,13,12,1.8980000000000001
1044,5.791026534227836,13,12,1.8719999999999999
1045,15.45331547624097,14,11,1.886
1046,15.950115257709164,14,11,1.8440000000000005
1047,5.67538131687706,13,12,1.932
1048,15.235817352128581,14,11,1.8659999999999997
1049,15.013175330136436,14,11,1.9200000000000004
1050,5.659061771736697,13,12,1.904
1051,4.6567039928083584,13,12,1.828
1052,5.709402863623254,13,12,1.9120000000000001
1053,25.593520902372894,15,10,1.8939999999999997
1054,5.50686915771124,13,12,1.8300000000000005
1055,5.493415976536045,13,12,1.8739999999999994
1056,5.698804923763868,13,12,1.884
1057,36.02057494152043,16,9,1.938
1058,25.749777893699953,15,10,1.8399999999999999
1059,15.392651545027054,14,11,1.892
1060,16.87890723171178,14,11,1.9300000000000002
1061,6.127816248315628,13,12,1.8459999999999996
1062,-4.6507167079511,12,13,1.9040000000000004
1063,16.050895807542943,14,11,1.8779999999999997
1064,5.2998575054104915,13,12,1.8939999999999997
1065,-4.153883109145481,12,13,1.8199999999999998
1066,16.060031397523055,14,11,1.9199999999999995
1067,-5.102916958947393,12,13,1.8459999999999996
1068,36.42156405834428,16,9,1.9100000000000001
1069,-3.6886506074117067,12,13,1.8699999999999999
1070,15.993359765631451,14,11,1.8540000000000003
1071,5.477017745811389,13,12,1.8200000000000003
1072,6.155738947880126,13,12,1.9340000000000004
1073,16.129272675842664,14,11,1.92
1074,-4.5868813293276745,12,13,1.8920000000000001
1075,15.754653370199058,14,11,1.892
1076,-3.784481858782014,12,13,1.8519999999999999
1077,36.13855655703175,16,9,1.8839999999999997
1078,5.892305326011033,13,12,1.8439999999999999
1079,4.693554799859894,13,12,1.866
1080,24.575975804263845,15,10,1.8359999999999999
1081,15.188963546965452,14,11,1.9
1082,15.025316849864534,14,11,1.892
1083,5.689090292745703,13,12,1.9760000000000002
1084,15.861935200948105,14,11,1.9259999999999997
1085,35.823371700161495,16,9,1.8800000000000001
1086,6.489550718781135,13,12,1.8539999999999999
1087,6.236850077386416,13,12,1.9380000000000002
1088,4.973694552774369,13,12,1.8739999999999999
1089,-4.785346350400106,12,13,1.9240000000000002
1090,5.918314060243606,13,12,1.9400000000000002
1091,14.575529025223844,14,11,1.8700000000000003
1092,15.205779655243377,14,11,1.8679999999999999
1093,15.305247755340353,14,11,1.9
1094,-3.9833749598887884,12,13,1.9300000000000002
1095,5.611866211508538,13,12,1.8559999999999999
1096,15.084340805052927,14,11,1.864
1097,15.202198421570086,14,11,1.8780000000000001
1098,5.401879894567275,13,12,1.848
1099,5.3813898090342125,13,12,1.904
1100,-13.828749731399874,11,14,1.8920000000000001
1101,-5.022250192846509,12,13,1.8239999999999998
1102,5.350070803613477,13,12,1.934
1103,-14.289877181620962,11,14,1.8539999999999999
1104,6.261310691220614,13,12,1.8080000000000003
1105,26.041166354017204,15,10,1.902
1106,5.976589554113769,13,12,1.8820000000000001
1107,-3.4497317939608676,12,13,1.948
1108,5.072707538778352,13,12,1.92
1109,6.061238679197381,13,12,1.8800000000000001
1110,5.818507529735354,13,12,1.8659999999999997
1111,-5.323666306779328,12,13,1.932
1112,-24.31120100814537,10,15,1.9140000000000001
1113,25.215347061795327,15,10,1.8979999999999997
1114,5.845413963168134,13,12,1.8540000000000003
1115,15.686048062094477,14,11,1.964
1116,5.399331689938559,13,12,1.826
1117,26.15925748988588,15,10,1.9
1118,-5.496050611183413,12,13,1.8419999999999999
1119,4.948480126356609,13,12,1.888
1120,25.221161017506457,15,10,1.834
1121,25.373738281536745,15,10,1.8259999999999998
1122,4.637105481046211,13,12,1.9259999999999997
1123,26.193664380905833,15,10,1.86
1124,15.08853972822386,14,11,1.954
1125,15.731930011022472,14,11,1.858
1126,-14.661023355689537,11,14,1.9599999999999997
1127,5.5570913531888575,13,12,1.8820000000000001
1128,15.66270212271867,14,11,1.858
1129,15.698438306153898,14,11,1.8799999999999997
1130,25.637815329486752,15,10,1.8399999999999999
1131,-4.0447738266863205,12,13,1.9060000000000001
1132,5.912983598590937,13,12,1.874
1133,15.452146476066368,14,11,1.8720000000000003
1134,16.415032872768222,14,11,1.9159999999999997
1135,5.146653850978235,13,12,1.9139999999999997
1136,6.8464269439202265,13,12,1.8920000000000001
1137,15.210203317921161,14,11,1.818
1138,15.073333058896534,14,11,1.938
1139,15.212639484894632,14,11,1.864
1140,24.736431947427025,15,10,1.8379999999999999
1141,25.26409342304163,15,10,1.98
1142,5.299822687332116,13,12,1.8880000000000003
1143,4.453752564709572,13,12,1.9240000000000002
1144,15.424549785960478,14,11,1.9620000000000002
1145,5.470591964372142,13,12,1.8940000000000001
1146,5.630211677949802,13,12,1.8760000000000001
1147,5.0696751140698115,13,12,1.89
1148,-5.406161152831881,12,13,1.8579999999999999
1149,14.466919094384005,14,11,1.932
1150,15.545007303925765,14,11,1.9500000000000004
1151,14.430248451540749,14,11,1.9300000000000002
1152,-4.211356089265184,12,13,1.968
1153,24.49310857004352,15,10,1.8799999999999997
1154,16.088875218563047,14,11,1.8660000000000003
1155,15.414371895996194,14,11,1.952
1156,25.196924898396517,15,10,1.888
1157,-4.125697404870614,12,13,1.8519999999999999
1158,5.079663997479217,13,12,1.8940000000000001
1159,24.728698819541354,15,10,1.892
1160,16.039689946882483,14,11,1.8980000000000001
1161,15.36887159970857,14,11,1.8699999999999999
1162,5.197008202126812,13,12,1.908
1163,-5.64338556629179,12,13,1.8959999999999997
1164,-4.875237899457258,12,13,1.858
1165,5.220694979050092,13,12,1.8800000000000001
1166,5.547552546494812,13,12,1.932
1167,25.411152521161323,15,10,1.8779999999999997
1168,-3.995038651546705,12,13,1.81
1169,15.822320229268552,14,11,1.9240000000000002
1170,6.21995332336874,13,12,1.864
1171,24.992911831734784,15,10,1.964
1172,-5.904484287364906,12,13,1.9700000000000002
1173,4.642020949428304,13,12,1.9360000000000004
1174,15.238770753142187,14,11,1.8739999999999999
1175,5.090805956396994,13,12,1.8860000000000003
1176,-3.8532829400114057,12,13,1.8519999999999999
1177,15.322667843327157,14,11,1.8199999999999998
1178,25.6007556341133,15,10,1.92
1179,24.841844747022147,15,10,1.8519999999999999
1180,15.790991269131297,14,11,1.9380000000000002
1181,4.769647942445982,13,12,1.8399999999999999
1182,25.327618233315867,15,10,1.9459999999999997
1183,4.929233713814073,13,12,1.8980000000000001
1184,-15.288392246540411,11,14,1.972
1185,24.69341762467534,15,10,1.8800000000000001
1186,14.79972983816625,14,11,1.92
1187,25.98991763890771,15,10,1.902
1188,4.6754881021034285,13,12,1.89
1189,5.3111798998945,13,12,1.9280000000000002
1190,4.943888870422859,13,12,1.9500000000000004
1191,-14.690376671601205,11,14,1.8900000000000001
1192,4.908459837890735,13,12,1.8880000000000003
1193,25.582912831936717,15,10,1.8699999999999999
1194,15.5280287483529,14,11,1.8359999999999999
1195,15.685653932442044,14,11,1.9
1196,25.14206439731951,15,10,1.902
1197,15.530895876531375,14,11,1.8379999999999999
1198,4.767134264719351,13,12,1.8459999999999996
1199,5.836735335184212,13,12,1.8379999999999999
1200,5.4272154106497945,13,12,1.9579999999999997
1201,15.343745495636098,14,11,1.948
1202,-5.89097704438952,12,13,1.924
1203,15.191775254597152,14,11,1.884
1204,15.184918850103509,14,11,1.904
1205,14.936398422628999,14,11,1.8739999999999999
1206,6.060496194710247,13,12,1.826
1207,-5.85966902935298,12,13,1.9140000000000001
1208,5.047412144425039,13,12,1.876
1209,15.584877183646737,14,11,1.922
1210,-25.02633367517519,10,15,1.89
1211,15.760369309584384,14,11,1.9799999999999998
1212,5.54160138445716,13,12,1.8539999999999999
1213,5.151414790977419,13,12,1.9240000000000002
1214,14.549657914532434,14,11,1.8539999999999999
1215,-25.393251088268496,10,15,1.8959999999999997
1216,-5.992621443288856,12,13,1.8259999999999998
1217,4.808946655467313,13,12,1.9119999999999997
1218,-4.753652951270281,12,13,1.8839999999999997
1219,4.526204025334902,13,12,1.97
1220,-35.994220900224676,9,16,1.9020000000000004
1221,-14.939008143302814,11,14,1.8439999999999999
1222,4.74040359098404,13,12,1.9540000000000002
1223,4.835739441845897,13,12,1.862
1224,15.198271080271574,14,11,1.938
1225,5.868429711399568,13,12,1.8779999999999997
1226,5.385309762362493,13,12,1.8239999999999998
1227,4.43591175741538,13,12,1.83
1228,-14.071740056580454,11,14,1.866
1229,15.139786132820664,14,11,1.842
1230,-4.749079557507413,12,13,1.818
1231,5.555189394032967,13,12,1.936
1232,4.482591651850855,13,12,1.8539999999999999
1233,-25.42069152383031,10,15,1.8419999999999999
1234,14.769859938037996,14,11,1.9259999999999997
1235,14.39212705919855,14,11,1.9100000000000001
1236,14.341954061649876,14,11,1.922
1237,-4.044669407899276,12,13,1.8760000000000001
1238,15.02216090388541,14,11,1.8859999999999997
1239,-14.54308507983924,11,14,1.8680000000000003
1240,6.261027430431048,13,12,1.8539999999999999
1241,5.6601618323654215,13,12,1.902
1242,15.455599630706377,14,11,1.9119999999999997
1243,5.4709398302964125,13,12,1.9140000000000001
1244,16.12264187017475,14,11,1.7899999999999998
1245,-5.346619431442278,12,13,1.89
1246,-4.75490867946331,12,13,1.8579999999999999
1247,-4.296353337190048,12,13,1.8920000000000001
1248,5.446235209233939,13,12,1.8299999999999996
1249,-5.315353781927163,12,13,1.864
1250,-4.5032449003026755,12,13,1.936
1251,14.98505663179749,14,11,1.8699999999999999
1252,4.422090338369099,13,12,1.86
1253,4.276705119214032,13,12,1.934
1254,15.93536523387762,14,11,1.892
1255,-4.164076965717568,12,13,1.9
1256,15.160594749305943,14,11,1.8960000000000001
1257,24.710283478481998,15,10,1.916
1258,-4.910039188579461,12,13,1.8880000000000003
1259,4.423256972593394,13,12,1.9
1260,15.806646169070184,14,11,1.876
1261,5.848339577580722,13,12,1.9100000000000001
1262,-14.659479461382428,11,14,1.862
1263,4.639581735029884,13,12,1.934
1264,25.283744863773297,15,10,1.9040000000000004
1265,5.208197634602424,13,12,1.8340000000000003
1266,15.559270690075287,14,11,1.8620000000000005
1267,15.607928886734518,14,11,1.9180000000000004
1268,25.429189986655757,15,10,1.8800000000000001
1269,15.761196124803497,14,11,1.8179999999999996
1270,-3.878720288282386,12,13,1.908
1271,15.426812550006764,14,11,1.9780000000000002
1272,14.765421150697426,14,11,1.9039999999999995
1273,14.64046101885707,14,11,1.8480000000000003
1274,25.38614553466646,15,10,1.9380000000000002
1275,24.959205710255493,15,10,1.8719999999999999
1276,15.426874314281301,14,11,1.954
1277,14.85163474815224,14,11,1.9819999999999998
1278,4.544643219635653,13,12,1.8519999999999999
1279,25.514570762480677,15,10,1.8900000000000001
1280,4.859218349653434,13,12,1.8799999999999997
1281,5.965738491255246,13,12,1.866
1282,5.859752754819205,13,12,1.8800000000000001
1283,5.946454494143486,13,12,1.828
1284,-5.539397900004339,12,13,1.8559999999999999
1285,5.03734765544459,13,12,1.8619999999999997
1286,4.94985901144744,13,12,1.94
1287,-5.09239459683098,12,13,1.8719999999999999
1288,15.264922765966478,14,11,1.8180000000000003
1289,5.28123484335053,13,12,1.924
1290,16.051707686248008,14,11,1.848
1291,5.372446410320083,13,12,1.876
1292,4.907241503865661,13,12,1.876
1293,25.208428687542742,15,10,1.8499999999999996
1294,24.466787287393636,15,10,1.9120000000000001
1295,14.466415722292219,14,11,1.9140000000000001
1296,14.361804277972837,14,11,1.888
1297,5.268287950098742,13,12,1.888
1298,14.733305253082221,14,11,1.85
1299,4.2859755385735046,13,12,1.9260000000000002
1300,4.092509838887956,13,12,1.8719999999999994
1301,4.147784743609286,13,12,1.8979999999999997
1302,5.442448125098267,13,12,1.8559999999999999
1303,25.335518874720883,15,10,1.81
1304,14.00625299133822,14,11,1.884
1305,5.204712172651286,13,12,1.9140000000000001
1306,15.766400472987328,14,11,1.8820000000000001
1307,4.668586310409121,13,12,1.8679999999999999
1308,14.638098778636582,14,11,1.842
1309,4.4028956507779515,13,12,1.9499999999999997
1310,4.452116758114078,13,12,1.916
1311,5.057208202290987,13,12,1.8240000000000003
1312,15.150758573391048,14,11,1.89
1313,14.664742879762168,14,11,1.8920000000000001
1314,-4.7050115023315335,12,13,1.8399999999999999
1315,-5.466351079387498,12,13,1.862
1316,14.734938647832319,14,11,1.9120000000000001
1317,15.865495035477219,14,11,1.8780000000000001
1318,24.60089467385848,15,10,1.8980000000000001
1319,35.53210769718857,16,9,1.904
1320,4.784739054257631,13,12,1.892
1321,5.10005501946814,13,12,1.9080000000000001
1322,4.7731045314005165,13,12,1.9260000000000002
1323,5.060796663828743,13,12,1.8579999999999999
1324,15.0508284005946,14,11,1.8839999999999997
1325,5.149549654308148,13,12,1.8880000000000006
1326,4.958352803349225,13,12,1.9259999999999997
1327,14.997637265290088,14,11,1.8539999999999999
1328,4.719205195889462,13,12,1.9199999999999995
1329,5.0835437922684665,13,12,1.8519999999999999
1330,5.526913551043954,13,12,1.8560000000000003
1331,5.930417452451081,13,12,1.9179999999999997
1332,4.684673353101166,13,12,1.888
1333,5.435906077164402,13,12,1.8699999999999999
1334,15.49407525657875,14,11,1.8679999999999999
1335,5.2965826627691435,13,12,1.886
1336,15.523286089911693,14,11,1.9099999999999997
1337,14.992062992003829,14,11,1.866
1338,5.286318303436193,13,12,1.8619999999999997
1339,15.337353551475244,14,11,1.924
1340,-5.454685013584021,12,13,1.848
1341,4.991403971495499,13,12,1.904
1342,5.208440978311225,13,12,1.8719999999999999
1343,15.85669816231112,14,11,1.9
1344,15.894865394680139,14,11,1.956
1345,25.214615206609658,15,10,1.904
1346,15.43545935142648,14,11,1.9580000000000002
1347,4.690337245163818,13,12,1.952
1348,15.695135585944168,14,11,1.8699999999999999
1349,26.320898464703575,15,10,1.9040000000000004
1350,14.325870110409717,14,11,1.86
1351,-4.471552605283385,12,13,1.8719999999999999
1352,14.391692905494297,14,11,1.9300000000000002
1353,5.805373560143442,13,12,1.8799999999999997
1354,-5.027216018497866,12,13,1.908
1355,-4.39006851800583,12,13,1.938
1356,4.965085537545999,13,12,1.844
1357,15.347735752097526,14,11,1.9100000000000001
1358,15.430603233933345,14,11,1.8659999999999997
1359,4.817881813301325,13,12,1.9420000000000002
1360,5.876598134848477,13,12,1.8920000000000001
1361,15.505139283978629,14,11,1.8160000000000003
1362,14.817819159954317,14,11,1.8760000000000001
1363,4.913456214139281,13,12,1.864
1364,15.139610760147633,14,11,1.8599999999999999
1365,4.692551167069812,13,12,1.8880000000000003
1366,15.214799576283204,14,11,1.906
1367,15.0794317892393,14,11,1.8780000000000001
1368,-5.244043527350248,12,13,1.812
1369,5.247789575978041,13,12,1.8779999999999997
1370,15.320785454273038,14,11,1.892
1371,4.2818246088637935,13,12,1.9220000000000002
1372,4.844107994401785,13,12,1.8679999999999999
1373,25.865768464561093,15,10,1.9140000000000001
1374,15.211480371812844,14,11,1.8500000000000003
1375,14.758771297566513,14,11,1.888
1376,4.516817455704029,13,12,1.866
1377,5.091968914621436,13,12,1.8980000000000001
1378,5.6235344659733215,13,12,1.8960000000000001
1379,4.8928846909102575,13,12,1.906
1380,5.237108823397596,13,12,1.858
1381,-4.579531510563326,12,13,1.846
1382,-4.695650233808137,12,13,1.8240000000000003
1383,-5.513035727382046,12,13,1.8400000000000003
1384,15.416330768106475,14,11,1.8560000000000003
1385,5.038861144610857,13,12,1.846
1386,5.005944605219275,13,12,1.908
1387,-4.7822250889026865,12,13,1.8820000000000001
1388,16.040108245675903,14,11,1.888
1389,15.912808158142663,14,11,1.8700000000000003
1390,15.35223234645588,14,11,1.8340000000000003
1391,6.230176798480851,13,12,1.9160000000000004
1392,6.194256023575026,13,12,1.9140000000000001
1393,4.693527189669677,13,12,1.9300000000000002
1394,-5.118816707685504,12,13,1.8679999999999997
1395,15.540837974645918,14,11,1.9979999999999998
1396,15.405549210412692,14,11,1.952
1397,5.944923789239677,13,12,1.858
1398,14.881492244860542,14,11,1.89
1399,14.8039039773521,14,11,1.892
1400,5.920822437328296,13,12,1.8039999999999998
1401,14.834088614732247,14,11,1.874
1402,16.610740510638653,14,11,1.8579999999999994
1403,15.285925317801155,14,11,1.848
1404,25.771337771810476,15,10,1.8900000000000001
1405,5.15218250109489,13,12,1.9300000000000002
1406,15.46995280073647,14,11,1.9419999999999997
1407,-4.963199852117155,12,13,1.8800000000000001
1408,-4.085330678906612,12,13,1.948
1409,-5.220957289516864,12,13,1.9159999999999997
1410,5.837590758255718,13,12,1.8940000000000001
1411,4.94528894457676,13,12,1.8539999999999999
1412,14.756509675628703,14,11,1.9240000000000002
1413,6.448402540025558,13,12,1.904
1414,5.0266459272232,13,12,1.9019999999999997
1415,5.973142871974357,13,12,1.9600000000000002
1416,15.807001495041105,14,11,1.886
1417,4.997257918519983,13,12,1.8720000000000003
1418,5.835110449360158,13,12,1.906
1419,-4.70668799136747,12,13,1.8880000000000003
1420,6.006631726098162,13,12,1.9120000000000001
1421,4.915285348406666,13,12,1.832
1422,-4.693474318249818,12,13,1.8980000000000001
1423,-4.846102580112575,12,13,1.9060000000000001
1424,5.5756274859366854,13,12,1.9259999999999997
1425,15.493431767374204,14,11,1.8940000000000001
1426,5.996736465902549,13,12,1.892
1427,15.170999301357242,14,11,1.86
1428,26.278611357709963,15,10,1.888
1429,-5.069881525992777,12,13,1.908
1430,15.012251587673807,14,11,1.902
1431,16.1250447044223,14,11,1.9060000000000001
1432,15.438737597427073,14,11,1.8540000000000003
1433,5.0955403058615545,13,12,1.9159999999999997
1434,-4.843338902610446,12,13,1.9040000000000004
1435,15.215437341525341,14,11,1.886
1436,15.533567124642406,14,11,1.8800000000000003
1437,5.634181787642973,13,12,1.9099999999999997
1438,15.373751335335502,14,11,1.862
1439,15.505494503555068,14,11,1.948
1440,4.732416523974134,13,12,1.8380000000000003
1441,15.094572697304876,14,11,1.8920000000000001
1442,5.104936402374502,13,12,1.908
1443,15.08415416405737,14,11,1.8359999999999999
1444,24.886331266543184,15,10,1.8820000000000001
1445,3.981823312299415,13,12,1.904
1446,3.5405143528101544,13,12,1.8980000000000001
1447,-5.272435420493959,12,13,1.886
1448,5.353548660276548,13,12,1.938
1449,-5.2087368399353675,12,13,1.9080000000000001
1450,14.997948056723047,14,11,1.8719999999999999
1451,15.583936526143027,14,11,1.802
1452,4.061419606101232,13,12,1.8719999999999999
1453,-5.5214366684415115,12,13,1.818
1454,5.777456083019619,13,12,2.0040000000000004
1455,4.635970634816518,13,12,1.9240000000000002
1456,5.869599970984762,13,12,1.874
1457,4.250187012566936,13,12,1.866
1458,15.64501641227803,14,11,1.9200000000000004
1459,4.720954597216334,13,12,1.886
1460,15.679744541507404,14,11,1.908
1461,5.169788218844811,13,12,1.9
1462,15.342822883103294,14,11,1.89
1463,-5.424370386347711,12,13,1.888
1464,14.855678877737752,14,11,1.876
1465,15.23514608739583,14,11,1.8240000000000003
1466,-4.7718716012273426,12,13,1.9720000000000002
1467,-5.0551862541000325,12,13,1.9259999999999997
1468,5.898409673653056,13,12,1.86
1469,-4.080109941255074,12,13,1.8980000000000001
1470,5.9203307369424,13,12,1.9220000000000002
1471,-4.5766639956507476,12,13,1.924
1472,4.97437654282286,13,12,1.8499999999999996
1473,15.338833763035993,14,11,1.8940000000000006
1474,5.26406089808386,13,12,1.8839999999999997
1475,-4.143783141612511,12,13,1.892
1476,4.743553949407129,13,12,1.924
1477,5.032370139490331,13,12,1.9179999999999997
1478,-13.978440487650587,11,14,1.9040000000000004
1479,6.1816172109761585,13,12,1.8920000000000001
1480,-5.058157606322116,12,13,1.8219999999999998
1481,4.925879930229641,13,12,1.866
1482,-4.980160030383972,12,13,1.8700000000000003
1483,-4.201984426758898,12,13,1.8639999999999997
1484,15.62111948078784,14,11,1.864
1485,5.349621153056173,13,12,1.9120000000000001
1486,-4.726348065776584,12,13,1.8760000000000001
1487,-4.19968154010607,12,13,1.9420000000000002
1488,15.244667862122142,14,11,1.916
1489,5.10582798679836,13,12,1.8900000000000001
1490,5.506647073307633,13,12,1.8939999999999997
1491,-5.221336288739785,12,13,1.9
1492,5.149738150193027,13,12,1.8980000000000001
1493,5.535707694830778,13,12,1.8799999999999997
1494,4.980663903897856,13,12,1.8980000000000001
1495,15.607871190968126,14,11,1.9100000000000001
1496,5.561920006882671,13,12,1.8760000000000001
1497,5.00880072553754,13,12,1.8940000000000001
1498,4.563797271838812,13,12,1.846
1499,5.0708912642104025,13,12,1.938
1500,5.799025841123463,13,12,1.884
1501,-4.6533807956536,12,13,1.86
1502,-5.099162906109493,12,13,1.8939999999999997
1503,4.574078346197412,13,12,1.86
1504,-5.3453246597696555,12,13,1.918
1505,-6.419546473345751,12,13,1.8780000000000001
1506,-4.865597759164862,12,13,1.834
1507,3.8603382883015396,13,12,1.934
1508,5.7065874285517815,13,12,1.8820000000000001
1509,5.692090053865954,13,12,1.85
1510,5.080333746984545,13,12,1.8960000000000001
1511,4.772777258870377,13,12,1.8799999999999997
1512,5.0364429351209665,13,12,1.862
1513,-4.820622000187216,12,13,1.9300000000000004
1514,5.670342245794899,13,12,1.89
1515,4.353976456364954,13,12,1.9140000000000004
1516,-5.249823438092697,12,13,1.842
1517,15.440493010618903,14,11,1.8519999999999996
1518,5.027238234024681,13,12,1.8479999999999996
1519,4.891309168337893,13,12,1.9300000000000002
1520,14.847904581678666,14,11,1.8579999999999999
1521,-4.705277250089409,12,13,1.8920000000000001
1522,5.107200138172502,13,12,1.8800000000000001
1523,13.899235593829209,14,11,1.9140000000000001
1524,14.869005134031372,14,11,1.902
1525,-5.583270261119953,12,13,1.918
1526,14.354706332047673,14,11,1.9140000000000001
1527,-5.1099819389878665,12,13,1.8579999999999999
1528,-5.267885366304588,12,13,1.9339999999999997
1529,-5.125923354316397,12,13,1.8619999999999997
1530,-5.498915422714054,12,13,1.8880000000000003
1531,5.142948590257056,13,12,1.884
1532,-4.509767263782564,12,13,1.954
1533,5.523045149008432,13,12,1.904
1534,3.921942103442012,13,12,1.9040000000000004
1535,-15.378653392447008,11,14,1.8679999999999999
1536,4.972466341536274,13,12,1.904
1537,-5.667906986755678,12,13,1.8059999999999998
1538,-5.03736393378326,12,13,1.886
1539,-4.489313167032483,12,13,1.9039999999999995
1540,-25.920169651151348,10,15,1.9080000000000001
1541,4.7772996755173285,13,12,1.908
1542,-15.121857924433645,11,14,1.864
1543,-34.853150443511794,9,16,1.904
1544,-5.428798456671167,12,13,1.8959999999999997
1545,5.31370511615809,13,12,1.89
1546,-6.2889166607162,12,13,1.9080000000000001
1547,4.146937864480051,13,12,1.832
1548,4.542665645487741,13,12,1.9280000000000002
1549,4.419087262819366,13,12,1.884
1550,-26.157696578151928,10,15,1.9740000000000002
1551,-5.527320054447902,12,13,1.9080000000000001
1552,-15.909606756949154,11,14,1.89
1553,-15.803209949764288,11,14,1.8559999999999999
1554,-16.392353510159005,11,14,1.864
1555,-15.65725256595914,11,14,1.8540000000000003
1556,-25.001527813539454,10,15,1.85
1557,-6.099329348144099,12,13,1.8940000000000006
1558,-25.734349656748662,10,15,1.8659999999999997
1559,-5.9861857694420255,12,13,1.918
1560,-5.939073383034331,12,13,1.9420000000000002
1561,4.085902994018914,13,12,1.85
1562,-6.306495881670967,12,13,1.81
1563,3.850805746763804,13,12,1.8720000000000003
1564,-16.92092164765961,11,14,1.886
1565,14.28308779746161,14,11,1.828
1566,-6.170636736714279,12,13,1.8700000000000003
1567,-7.058552214189493,12,13,1.866
1568,-6.503723281560468,12,13,1.8619999999999997
1569,-6.149568953325732,12,13,1.9320000000000004
1570,-16.463692912714436,11,14,1.972
1571,4.799257976522913,13,12,1.9440000000000002
1572,-6.097966520886789,12,13,1.8139999999999996
1573,-5.90874834620049,12,13,1.932
1574,-6.72999131198582,12,13,1.81
1575,-17.093687458550384,11,14,1.886
1576,-6.353455801968277,12,13,1.86
1577,-16.03739848321758,11,14,1.9300000000000002
1578,-26.37218515589135,10,15,1.8979999999999997
1579,-16.418756087244056,11,14,1.9400000000000002
1580,-16.63962915787949,11,14,1.9200000000000004
1581,-16.617633977059324,11,14,1.8379999999999999
1582,-5.961209315965164,12,13,1.8579999999999999
1583,-6.495192943594763,12,13,1.904
1584,-16.40554365356974,11,14,1.8739999999999999
1585,3.063386407517358,13,12,1.83
1586,-5.4737882563968085,12,13,1.934
1587,-5.535671503979042,12,13,1.934
1588,4.054371590083479,13,12,1.904
1589,-36.12779165267011,9,16,1.876
1590,-25.967590165687202,10,15,1.9099999999999997
1591,-15.881439436669648,11,14,1.9119999999999997
1592,-16.168427217581122,11,14,1.8920000000000001
1593,-15.723636707670412,11,14,1.8780000000000001
1594,-6.76284873608186,12,13,1.8399999999999999
1595,-16.889288778696667,11,14,1.866
1596,-6.417410412180237,12,13,1.9140000000000001
1597,-15.454749445982822,11,14,1.862
1598,-46.00153769070407,8,17,1.9279999999999997
1599,-26.545438860104834,10,15,1.8940000000000001
1600,-17.165031670093637,11,14,1.8219999999999998
1601,-6.002560329256504,12,13,1.9
1602,-6.580498329031736,12,13,1.812
1603,-15.708063298726994,11,14,1.8739999999999999
1604,-26.146251604745473,10,15,1.8539999999999999
1605,-15.685130094396369,11,14,1.888
1606,-16.146810088054234,11,14,1.9280000000000002
1607,-17.193796211144363,11,14,1.8679999999999999
1608,-16.26111458358069,11,14,1.844
1609,4.2848882654137945,13,12,1.9199999999999995
1610,-16.876713633463027,11,14,1.8960000000000004
1611,-26.11422428510639,10,15,1.948
1612,-25.640696069194398,10,15,1.906
1613,-36.62784112683818,9,16,1.9099999999999997
1614,-16.18967785628196,11,14,1.866
1615,-15.883917663537424,11,14,1.8559999999999999
1616,-16.4225497018978,11,14,1.8460000000000005
1617,-5.330086775862142,12,13,1.8839999999999997
1618,-26.33690725521643,10,15,1.9400000000000002
1619,-26.544679180475654,10,15,1.8639999999999997
1620,-26.312957037394252,10,15,1.8240000000000003
1621,-25.705050793588644,10,15,1.7900000000000003
1622,-15.128453215959839,11,14,1.9100000000000001
1623,-15.333795375573278,11,14,1.952
1624,-5.491113921266011,12,13,1.8719999999999994
1625,-15.932415769407518,11,14,1.864
1626,-6.372007164435109,12,13,1.8559999999999999
1627,-5.660844941829705,12,13,1.9439999999999997
1628,-25.182013423040527,10,15,1.932
1629,-16.524922690132836,11,14,1.876
1630,-25.319042259467906,10,15,1.8900000000000001
1631,-6.435689552321598,12,13,1.8960000000000001
1632,-25.183877165712964,10,15,1.906
1633,-5.997329397602053,12,13,1.8080000000000003
1634,-26.04881166164528,10,15,1.9300000000000002
1635,-16.75716885056915,11,14,1.8519999999999999
1636,-5.805342132072143,12,13,1.966
1637,-5.863056783686319,12,13,1.8299999999999996
1638,-15.539166127312647,11,14,1.92
1639,-16.54382119139473,11,14,1.8320000000000003
1640,-6.1744672199287205,12,13,1.9420000000000002
1641,-26.232768417312876,10,15,1.9140000000000004
1642,-16.877025423972682,11,14,1.8760000000000001
1643,-25.936056648303214,10,15,1.9159999999999997
1644,-5.954001205088888,12,13,1.922
1645,-15.238900353770306,11,14,1.8920000000000001
1646,4.692490110447066,13,12,1.8780000000000001
1647,-5.876052239060241,12,13,1.862
1648,-5.02275084686948,12,13,1.8319999999999996
1649,-15.241016033766112,11,14,1.9400000000000002
1650,-5.608978084259023,12,13,1.8960000000000001
1651,-5.470058637620255,12,13,1.8419999999999999
1652,4.975918624310433,13,12,1.972
1653,-5.224337550023925,12,13,1.8799999999999997
1654,-15.871248425080841,11,14,1.848
1655,15.316514895668247,14,11,1.828
1656,-15.899623158973082,11,14,1.9120000000000001
1657,-5.6123562278482915,12,13,1.8780000000000001
1658,-16.067283736869058,11,14,1.892
1659,-6.3117858710137345,12,13,1.9519999999999995
1660,-6.32799640391821,12,13,1.918
1661,-6.526946658621144,12,13,1.8800000000000001
1662,-15.589940299404194,11,14,1.888
1663,-5.568853520335132,12,13,1.8960000000000001
1664,-4.29566991919803,12,13,1.8780000000000001
1665,4.006697995480916,13,12,1.8780000000000001
1666,4.20873420285195,13,12,1.8359999999999999
1667,-6.333323986490235,12,13,1.8980000000000004
1668,3.8144967637715936,13,12,1.9560000000000002
1669,5.127259215219896,13,12,1.8900000000000001
1670,13.442996991309093,14,11,1.8799999999999997
1671,-5.595964361111927,12,13,1.862
1672,3.191063305571724,13,12,1.8799999999999997
1673,-4.975553596653743,12,13,1.8960000000000001
1674,2.749369103958296,13,12,1.842
1675,-16.09024897370717,11,14,1.844
1676,-16.51619731816195,11,14,1.9260000000000002
1677,-26.553115767631514,10,15,1.892
1678,3.095383690927461,13,12,1.8439999999999999
1679,-6.907255807376249,12,13,1.8900000000000001
1680,-6.584582971920833,12,13,1.812
1681,-5.45962600669686,12,13,1.936
1682,-6.010930335150119,12,13,1.8860000000000003
1683,-6.620892268806326,12,13,1.8940000000000001
1684,-6.848625172395192,12,13,1.9140000000000001
1685,3.7054819421878396,13,12,1.8840000000000003
1686,-7.2017806341215795,12,13,1.9420000000000002
1687,-17.095652191029462,11,14,1.916
1688,-6.33103832080074,12,13,1.8519999999999999
1689,2.5261806494917707,13,12,1.952
1690,3.2352318523641976,13,12,1.904
1691,3.1271111455678593,13,12,1.9260000000000002
1692,3.7659004636866644,13,12,1.89
1693,-5.6263688846982784,12,13,1.812
1694,-5.285004902727055,12,13,1.86
1695,-25.668285688723657,10,15,1.9459999999999997
1696,-6.162242728512151,12,13,1.8799999999999997
1697,-6.1588539367516475,12,13,1.9119999999999997
1698,3.6838792616057354,13,12,1.95
1699,4.107397524629796,13,12,1.886
1700,4.180726437612684,13,12,1.814
1701,-6.444508854814202,12,13,1.8719999999999999
1702,3.4892614955300214,13,12,1.9100000000000001
1703,-36.24677384247737,9,16,1.9540000000000002
1704,-5.667940156171646,12,13,1.8939999999999997
1705,-15.715230377937164,11,14,1.922
1706,4.726574594067458,13,12,1.9040000000000004
1707,3.732734101330781,13,12,1.874
1708,-6.429823224221225,12,13,1.8619999999999997
1709,-16.230240192206786,11,14,1.8719999999999999
1710,4.038010308717988,13,12,1.9280000000000002
1711,-6.076557045170418,12,13,1.8839999999999997
1712,14.401210458708528,14,11,1.8540000000000003
1713,-5.754695425822906,12,13,1.8559999999999999
1714,4.717487622155444,13,12,1.9680000000000004
1715,4.235816662136017,13,12,1.9300000000000002
1716,-16.74279036514403,11,14,1.8720000000000003
1717,-16.151771137924626,11,14,1.8960000000000001
1718,-16.00346975852109,11,14,1.8960000000000001
1719,-15.603851346844749,11,14,1.8719999999999999
1720,5.021511786522424,13,12,1.9119999999999997
1721,-16.4565991123959,11,14,1.8960000000000001
1722,-6.508442199575313,12,13,1.9940000000000002
1723,13.948197265647952,14,11,1.8720000000000003
1724,4.024694236019421,13,12,1.9460000000000002
1725,-5.404313222225497,12,13,1.9120000000000001
1726,-6.704260050294643,12,13,1.9819999999999998
1727,-16.57322200273807,11,14,1.864
1728,4.0036582695241805,13,12,1.9
1729,-5.918864644313098,12,13,1.8519999999999999
1730,-5.103579878126066,12,13,1.8920000000000001
1731,-6.269182058676805,12,13,1.884
1732,-6.2850091211352765,12,13,1.94
1733,4.219865904741127,13,12,1.918
1734,-6.242489177560003,12,13,1.874
1735,-5.862068599350046,12,13,1.9300000000000002
1736,4.146690562297493,13,12,1.8779999999999997
1737,3.4315094453171877,13,12,1.8679999999999999
1738,-5.427078779699054,12,13,1.9460000000000002
1739,3.6073556307709733,13,12,1.9279999999999997
1740,-6.271459677048508,12,13,1.904
1741,4.887339209646589,13,12,1.8639999999999997
1742,3.6235024859267284,13,12,1.9440000000000002
1743,3.817388231346907,13,12,1.8220000000000003
1744,-6.773554217681323,12,13,1.828
1745,4.4908516773376945,13,12,1.8180000000000003
1746,4.140606681907526,13,12,1.8020000000000003
1747,-16.97345287571916,11,14,1.9200000000000004
1748,-6.636683427129048,12,13,1.8900000000000001
1749,3.924895021573535,13,12,1.834
1750,3.2863414066037997,13,12,1.8939999999999997
1751,3.192134289824903,13,12,1.8739999999999999
1752,-16.337543200278876,11,14,1.89
1753,-6.45425547486475,12,13,1.922
1754,-5.258920569622717,12,13,1.8559999999999999
1755,-5.536315192206068,12,13,1.8760000000000001
1756,4.337305465572422,13,12,1.892
1757,4.105933914699845,13,12,1.892
1758,-6.318311348944702,12,13,1.864
1759,-6.277071523849765,12,13,1.8499999999999996
1760,-16.340826124090192,11,14,1.9260000000000002
1761,-6.277386669699634,12,13,1.8639999999999997
1762,-6.283534450139189,12,13,1.8980000000000001
1763,3.1351494852717856,13,12,1.7900000000000003
1764,-5.72704005655487,12,13,1.9120000000000004
1765,-5.236663562554776,12,13,1.884
1766,-5.925410841460916,12,13,1.892
1767,-4.776893565989077,12,13,1.89
1768,-14.844338578213886,11,14,1.8699999999999999
1769,14.301046884698268,14,11,1.886
1770,-5.550951322348272,12,13,1.9159999999999997
1771,4.229481974468024,13,12,1.876
1772,-6.899778606009707,12,13,1.906
1773,15.100633136326714,14,11,1.8960000000000001
1774,4.272499329894645,13,12,1.8719999999999999
1775,4.586805254549894,13,12,1.89
1776,-4.9382862505978435,12,13,1.908
1777,13.544188235778975,14,11,1.938
1778,14.230899222901426,14,11,1.922
1779,-5.282613442707037,12,13,1.8679999999999999
1780,-5.3914142493864805,12,13,1.874
1781,4.594916430483044,13,12,1.8000000000000003
1782,4.775791429163423,13,12,1.92
1783,-15.396993252505798,11,14,1.9440000000000002
1784,-14.768101627684521,11,14,1.864
1785,-26.09505035525178,10,15,1.9100000000000001
1786,-5.2519065698019505,12,13,1.9760000000000002
1787,4.660570513327475,13,12,1.8319999999999996
1788,-6.010996010134358,12,13,1.906
1789,-6.036001630596541,12,13,1.8960000000000001
1790,15.624019131448135,14,11,1.814
1791,3.761777374904476,13,12,1.892
1792,4.690612646337547,13,12,1.904
1793,-5.784706991523855,12,13,1.862
1794,-15.636413864608095,11,14,1.922
1795,5.832025092250468,13,12,1.83
1796,-6.15893486088304,12,13,1.9
1797,4.991232802913348,13,12,1.848
1798,-15.733479640933739,11,14,1.876
1799,4.182056555433178,13,12,1.832
1800,3.2998771368759883,13,12,1.952
1801,5.140839615323049,13,12,1.8900000000000001
1802,-5.214646963730427,12,13,1.874
1803,-5.030794688214934,12,13,1.866
1804,4.863983777393898,13,12,1.964
1805,14.411055205324814,14,11,1.8960000000000001
1806,4.26325221907528,13,12,1.864
1807,4.991602419068855,13,12,1.876
1808,-6.625111312341273,12,13,1.9100000000000001
1809,13.375949947857308,14,11,1.9120000000000004
1810,-6.483219302651327,12,13,1.8219999999999998
1811,14.792685224830658,14,11,1.8399999999999999
1812,4.081376214438844,13,12,1.8880000000000003
1813,4.056958778832204,13,12,1.886
1814,4.452327437200381,13,12,1.8699999999999997
1815,14.487074718078855,14,11,1.89
1816,4.148932186172374,13,12,1.968
1817,-5.39447762762517,12,13,1.8920000000000001
1818,14.208192828486288,14,11,1.956
1819,4.184252499278813,13,12,1.9080000000000001
1820,-5.711402844958846,12,13,1.904
1821,4.371578931078414,13,12,1.8619999999999997
1822,-5.430618515466183,12,13,1.9860000000000002
1823,-6.343435808053407,12,13,1.94
1824,-5.9192931426151265,12,13,1.8619999999999997
1825,-5.595831806321639,12,13,1.8699999999999999
1826,4.012505980236362,13,12,1.844
1827,-5.538157647315014,12,13,1.89
1828,4.105935492790838,13,12,1.8960000000000001
1829,3.9071767317598116,13,12,1.8779999999999997
1830,-16.321880702713752,11,14,1.89
1831,-5.4276852283359105,12,13,1.9139999999999997
1832,-16.9771481629259,11,14,1.902
1833,-6.261852941371265,12,13,1.8939999999999997
1834,-6.22706682219966,12,13,1.9599999999999997
1835,14.097054472861142,14,11,1.8800000000000001
1836,-6.044926947033719,12,13,1.916
1837,4.277773617518447,13,12,1.908
1838,-5.913393716917991,12,13,1.902
1839,13.752665254790827,14,11,1.902
1840,-26.011867524801843,10,15,1.9579999999999997
1841,14.515573229637372,14,11,1.884
1842,4.622024483810499,13,12,1.86
1843,4.009573002853118,13,12,1.874
1844,-5.092489556920842,12,13,1.8419999999999999
1845,-6.186941291596318,12,13,1.8760000000000001
1846,14.141735726546573,14,11,1.8820000000000001
1847,4.704347629893441,13,12,1.8939999999999997
1848,4.4574302222479645,13,12,1.904
1849,-6.961699217987819,12,13,1.8980000000000001
1850,-16.268461231436696,11,14,1.9460000000000002
1851,-16.64166555067854,11,14,1.9140000000000001
1852,-6.583418425912575,12,13,1.94
1853,14.214757412289572,14,11,1.8560000000000003
1854,4.089497540967296,13,12,1.9019999999999997
1855,-15.984247540987974,11,14,1.884
1856,3.8781071181697584,13,12,1.8760000000000001
1857,-16.207979605246393,11,14,1.8900000000000001
1858,13.596462306761175,14,11,1.8940000000000001
1859,3.7700624168775043,13,12,1.9220000000000002
1860,-6.325829066419476,12,13,1.902
1861,-16.294986308309067,11,14,1.8639999999999997
1862,24.557412237898482,15,10,1.95
1863,-5.467431995422464,12,13,1.9759999999999995
1864,4.022038286836841,13,12,1.9420000000000002
1865,-15.762237108459292,11,14,1.8760000000000006
1866,-5.6830156984500215,12,13,1.8700000000000003
1867,-6.9468235076839395,12,13,1.8499999999999996
1868,-5.249151058302978,12,13,1.834
1869,-4.715224596719867,12,13,1.8540000000000003
1870,-6.242987310285543,12,13,1.8519999999999999
1871,4.987807789827521,13,12,1.876
1872,14.731072654726237,14,11,1.8860000000000003
1873,4.545558210689338,13,12,1.8779999999999997
1874,4.6101226786454745,13,12,1.8939999999999997
1875,5.341597848160294,13,12,1.8780000000000001
1876,-15.642056573149492,11,14,1.9080000000000001
1877,-15.232558992820035,11,14,1.8200000000000003
1878,3.5296392434091466,13,12,1.8779999999999997
1879,-15.516175385401718,11,14,1.8619999999999997
1880,-26.962410513950044,10,15,1.89
1881,4.1865035887044595,13,12,1.9
1882,13.32648632466438,14,11,1.9460000000000002
1883,-5.5896188165540615,12,13,1.9400000000000002
1884,14.364232274034343,14,11,1.908
1885,4.805547000731739,13,12,1.888
1886,4.205478134702137,13,12,1.8499999999999996
1887,-15.698727728024853,11,14,1.8920000000000001
1888,14.349265240908885,14,11,1.816
1889,-5.367481306036696,12,13,1.9140000000000001
1890,-4.575534010283613,12,13,1.9140000000000001
1891,4.043581960915443,13,12,1.9499999999999997
1892,14.158486073918127,14,11,1.8519999999999999
1893,-5.7307465378358255,12,13,1.89
1894,5.063144350397479,13,12,1.8679999999999999
1895,-16.0894964326946,11,14,1.846
1896,-6.723464646401357,12,13,1.9619999999999997
1897,3.9055296947876244,13,12,1.8579999999999999
1898,25.502857845914164,15,10,1.8940000000000001
1899,-4.395986577880436,12,13,1.918
1900,-5.515196247125344,12,13,1.9199999999999995
1901,4.355240296134831,13,12,1.8960000000000001
1902,-26.64917089877536,10,15,1.8679999999999999
1903,14.28600683602405,14,11,1.884
1904,2.926947743640678,13,12,1.9160000000000004
1905,-5.51436283897282,12,13,1.8800000000000001
1906,-6.217238612064335,12,13,1.866
1907,14.261912081664278,14,11,1.83
1908,24.29951551920444,15,10,1.908
1909,-5.284228097321048,12,13,1.8519999999999999
1910,-6.308186804840728,12,13,1.8560000000000003
1911,14.878947421169055,14,11,1.846
1912,4.5492244033305695,13,12,1.9140000000000001
1913,4.153475317343322,13,12,1.8780000000000001
1914,-14.06729833368977,11,14,1.8820000000000003
1915,3.18606277306894,13,12,1.8359999999999999
1916,4.318989330684076,13,12,1.8379999999999999
1917,3.9622694954506734,13,12,1.904
1918,5.071115689123694,13,12,1.8399999999999999
1919,-5.172074390416434,12,13,1.8659999999999997
1920,3.828486215652415,13,12,1.924
1921,14.160029054473586,14,11,1.918
1922,14.025055976042667,14,11,1.9119999999999997
1923,-15.492067277655384,11,14,1.8839999999999997
1924,4.649815896642572,13,12,1.908
1925,5.238027148316334,13,12,1.92
1926,4.813245511982316,13,12,1.954
1927,-15.31692037290332,11,14,1.9220000000000002
1928,5.15363408370955,13,12,1.8799999999999997
1929,15.21743894028458,14,11,1.9099999999999997
1930,5.2659182329637595,13,12,1.8960000000000004
1931,15.097268949394694,14,11,1.9060000000000001
1932,14.955836445906979,14,11,1.9120000000000001
1933,5.047826620673803,13,12,1.8880000000000003
1934,-14.871367522948809,11,14,1.8820000000000001
1935,5.037501865047158,13,12,1.922
1936,-5.688212499073606,12,13,1.8819999999999997
1937,5.70334633048893,13,12,1.908
1938,4.694007123377702,13,12,1.86
1939,4.672584958236033,13,12,1.934
1940,4.714666477525167,13,12,1.904
1941,13.841414871786483,14,11,1.812
1942,3.7723246794471486,13,12,1.9140000000000004
1943,14.323366176468268,14,11,1.92
1944,4.213707331147383,13,12,1.8820000000000001
1945,3.6021423627478626,13,12,1.8960000000000001
1946,-4.578161619972748,12,13,1.884
1947,-5.402203297883247,12,13,1.8960000000000001
1948,4.405414585761136,13,12,1.934
1949,15.115877224829598,14,11,1.8119999999999998
1950,15.13100212827705,14,11,1.89
1951,4.675590765420129,13,12,1.8699999999999999
1952,-5.697704337125643,12,13,1.904
1953,-15.297924401320348,11,14,1.8960000000000001
1954,-5.433708331977304,12,13,1.9060000000000001
1955,-4.985495336515946,12,13,1.8980000000000001
1956,-5.3063247682087535,12,13,1.8960000000000001
1957,-4.983173717959502,12,13,1.8679999999999999
1958,-14.965189117382128,11,14,1.876
1959,5.244212980976371,13,12,1.8820000000000001
1960,-5.22062520216429,12,13,1.9280000000000002
1961,4.890217367773065,13,12,1.8699999999999999
1962,-25.353899748583864,10,15,1.89
1963,5.126860389913558,13,12,1.832
1964,4.466205432012627,13,12,1.9800000000000004
1965,4.660444978841326,13,12,1.8900000000000001
1966,14.62056712014428,14,11,1.9319999999999997
1967,15.489326900244327,14,11,1.866
1968,14.962646111329596,14,11,1.886
1969,-14.360190351517705,11,14,1.8880000000000003
1970,5.6222984888991405,13,12,1.866
1971,-15.061831828115832,11,14,1.846
1972,5.25091713179242,13,12,1.832
1973,5.220590234515294,13,12,1.904
1974,5.146197945465598,13,12,1.9360000000000004
1975,-4.773366198526217,12,13,1.884
1976,4.509389791965459,13,12,1.9
1977,-5.3781836425972225,12,13,1.8799999999999997
1978,-4.99340950600495,12,13,1.9
1979,5.7519508248226145,13,12,1.8479999999999996
1980,24.511879665911845,15,10,1.934
1981,-4.988900378526269,12,13,1.8900000000000001
1982,5.240313695248528,13,12,1.8700000000000003
1983,-5.210253382231706,12,13,1.8619999999999997
1984,25.142647095486062,15,10,1.908
1985,14.489284711171415,14,11,1.842
1986,4.713989582771626,13,12,1.8399999999999999
1987,-14.76225899486687,11,14,1.834
1988,25.37574825885233,15,10,1.876
1989,15.836084803383443,14,11,1.9580000000000002
1990,5.93381957442786,13,12,1.9600000000000002
1991,-26.2468457120497,10,15,1.8479999999999996
1992,4.186023337100256,13,12,1.9240000000000002
1993,-5.4090834396197955,12,13,1.936
1994,25.099540079426664,15,10,1.892
1995,-6.0380443701572375,12,13,1.9420000000000002
1996,14.80356347177435,14,11,1.9380000000000002
1997,5.279836414717369,13,12,1.842
1998,-5.676016684488804,12,13,1.796
1999,15.236170158341237,14,11,1.8820000000000001
2000,14.242412246426804,14,11,1.8800000000000001
2001,-6.461366006814144,12,13,1.9100000000000001
2002,4.661612888828046,13,12,1.8319999999999996
2003,14.107163327415854,14,11,1.8559999999999999
2004,-5.581630903334703,12,13,1.85
2005,-26.215252467200024,10,15,1.8539999999999999
2006,15.91284694124995,14,11,1.8679999999999999
2007,14.522778568833067,14,11,1.94
2008,4.525623551487454,13,12,1.9460000000000002
2009,4.849216846334119,13,12,1.8820000000000001
2010,14.196358086049143,14,11,1.8519999999999999
2011,5.810256347472222,13,12,1.938
2012,3.690037242853734,13,12,1.9760000000000002
2013,5.283194468341229,13,12,1.938
2014,-15.560227535930945,11,14,1.92
2015,4.33632997420683,13,12,1.9140000000000001
2016,24.779749360627314,15,10,1.918
2017,5.342575978979225,13,12,1.9479999999999997
2018,14.728457386863658,14,11,1.8760000000000001
2019,14.471256771048152,14,11,1.8700000000000003
2020,4.266692260823611,13,12,1.826
2021,14.103653220559707,14,11,1.85
2022,14.66061997280534,14,11,1.918
2023,15.29196527554414,14,11,1.8760000000000001
2024,5.442093799427635,13,12,1.9
2025,-5.354281701865791,12,13,1.89
2026,4.491671444001216,13,12,1.8479999999999996
2027,-4.950452633899134,12,13,1.8920000000000001
2028,-5.376502704581798,12,13,1.9620000000000002
2029,-6.038166666269816,12,13,1.8279999999999998
2030,3.8607833231535587,13,12,1.8699999999999999
2031,3.866466269929141,13,12,1.9140000000000001
2032,4.355800025048509,13,12,1.858
2033,-14.970510555792249,11,14,1.9259999999999997
2034,-5.99411005309495,12,13,1.8679999999999999
2035,-25.176665584555977,10,15,1.8559999999999994
2036,5.356241630400664,13,12,1.8880000000000003
2037,4.601780907709577,13,12,1.8699999999999999
2038,-16.128931765667314,11,14,1.8900000000000001
2039,3.9954196007553886,13,12,1.8860000000000003
2040,-15.190944770532761,11,14,1.842
2041,15.1334356061254,14,11,1.8940000000000001
2042,-15.372545200913184,11,14,1.9579999999999997
2043,15.22857168968154,14,11,1.876
2044,-5.221387738399606,12,13,1.8900000000000001
2045,4.458836004945965,13,12,1.848
2046,-5.566989497574459,12,13,1.8820000000000001
2047,-4.707363099401789,12,13,1.866
2048,-4.996230157515228,12,13,1.89
2049,4.284787084238289,13,12,1.918
2050,-5.411986002589165,12,13,1.9
2051,-15.104868496960677,11,14,1.8400000000000003
2052,-4.94750340646648,12,13,1.9260000000000002
2053,-14.955624597474806,11,14,1.8779999999999997
2054,-15.12036982770547,11,14,1.8519999999999999
2055,4.278344839611524,13,12,1.8880000000000003
2056,-5.183422024334149,12,13,1.9100000000000001
2057,-5.101347447729913,12,13,1.9400000000000002
2058,-5.6208233970011765,12,13,1.844
2059,-5.533356615699024,12,13,1.924
2060,-16.12981605310009,11,14,1.802
2061,14.56671318082621,14,11,1.936
2062,5.3249741782846485,13,12,1.8520000000000003
2063,-5.723805190820057,12,13,1.8900000000000001
2064,-15.503171156354547,11,14,1.862
2065,13.465828683090164,14,11,1.8900000000000001
2066,-15.320310837468455,11,14,1.9360000000000004
2067,-5.708425908932037,12,13,1.864
2068,4.761521558381851,13,12,1.8579999999999999
2069,-5.5601327290524445,12,13,1.9280000000000002
2070,-4.668717365986371,12,13,1.892
2071,-5.535873501622364,12,13,1.9119999999999997
2072,-4.807430568885206,12,13,1.8820000000000001
2073,4.458653420362591,13,12,1.8500000000000003
2074,5.4473418040377375,13,12,1.858
2075,-5.041268494320274,12,13,1.8720000000000003
2076,5.1689920963002045,13,12,1.8760000000000001
2077,5.568397474946664,13,12,1.9579999999999997
2078,4.547080527825981,13,12,1.9959999999999998
2079,-15.179813813073226,11,14,1.9300000000000002
2080,-14.316802779872901,11,14,1.8779999999999997
2081,14.84505608008637,14,11,1.9140000000000001
2082,25.78254194456286,15,10,1.9139999999999997
2083,16.319257506187213,14,11,1.9040000000000004
2084,15.514683031755249,14,11,1.952
2085,-4.162509863643855,12,13,1.9120000000000001
2086,5.3043912279304575,13,12,1.94
2087,-5.456989826204763,12,13,1.9160000000000004
2088,5.595143842403818,13,12,1.9020000000000004
2089,4.848768924143649,13,12,1.8959999999999997
2090,15.363316451248172,14,11,1.8939999999999997
2091,5.75079856930445,13,12,1.8599999999999999
2092,-4.76445543516418,12,13,1.9460000000000002
2093,5.433024713602766,13,12,1.8599999999999999
2094,4.541526328851093,13,12,1.86
2095,5.287242771966421,13,12,1.8579999999999999
2096,4.351520032148072,13,12,1.9260000000000002
2097,-5.080871151052257,12,13,1.9139999999999997
2098,-4.807618395462345,12,13,1.8579999999999999
2099,-5.085913820640753,12,13,1.8200000000000003
2100,16.210876102154124,14,11,1.8900000000000001
2101,-4.888068446560812,12,13,1.9060000000000001
2102,4.325120575082128,13,12,1.9439999999999997
2103,5.200431671944203,13,12,1.8700000000000003
2104,4.322272085204112,13,12,1.8980000000000001
2105,5.5000804680563995,13,12,1.864
2106,5.317996630263968,13,12,1.95
2107,5.261330122084213,13,12,1.83
2108,-5.283316356936108,12,13,1.9099999999999997
2109,15.151733748866997,14,11,1.8800000000000001
2110,16.00818392877391,14,11,1.8479999999999996
2111,4.953071357667456,13,12,1.9280000000000002
2112,14.643820444785153,14,11,1.918
2113,-5.1453584134094195,12,13,1.9899999999999998
2114,-5.794027752438454,12,13,1.8699999999999999
2115,24.930381857840963,15,10,1.9019999999999997
2116,-15.704783529117329,11,14,1.8679999999999999
2117,4.732916567527761,13,12,1.902
2118,4.53991595383658,13,12,1.8940000000000001
2119,4.9195838838848704,13,12,1.8099999999999998
2120,15.034761402282005,14,11,1.8900000000000001
2121,14.813265655454597,14,11,1.8039999999999998
2122,15.183685634394017,14,11,1.916
2123,14.718672690950122,14,11,1.8160000000000003
2124,25.717176715821886,15,10,1.906
2125,15.227677821805639,14,11,1.8900000000000001
2126,15.119273645156332,14,11,1.8940000000000001
2127,25.1465139232193,15,10,1.8539999999999999
2128,5.008924464969136,13,12,1.8940000000000001
2129,25.106908670555686,15,10,1.9460000000000002
2130,-5.269763627823053,12,13,1.8200000000000003
2131,-4.34657744481285,12,13,1.8980000000000001
2132,14.918194108412624,14,11,1.8380000000000003
2133,4.612942771919071,13,12,1.9559999999999995
2134,5.311820524216811,13,12,1.908
2135,15.700616796599302,14,11,1.908
2136,4.698934899383515,13,12,1.9240000000000002
2137,24.57496777815219,15,10,1.8959999999999997
2138,-4.201719759115078,12,13,1.964
2139,14.711052486841377,14,11,1.8619999999999997
2140,5.880329648318149,13,12,1.9240000000000002
2141,15.460272584521393,14,11,1.8780000000000001
2142,14.595531941709462,14,11,1.9739999999999998
2143,24.8176872325844,15,10,1.89
2144,15.196166415570719,14,11,1.8359999999999999
2145,4.302523781918158,13,12,1.8780000000000001
2146,14.324519709609865,14,11,1.9280000000000002
2147,5.329563704076847,13,12,1.8939999999999997
2148,5.230651224403239,13,12,1.8379999999999999
2149,-4.229800991797928,12,13,1.8560000000000003
2150,14.020140574247936,14,11,1.8739999999999999
2151,5.195590165161484,13,12,1.8220000000000003
2152,-4.727572732868348,12,13,1.936
2153,4.366026915001573,13,12,1.9120000000000001
2154,5.105898814797854,13,12,1.906
2155,14.59313616146284,14,11,1.802
2156,5.388167562114024,13,12,1.8780000000000001
2157,14.339641838642162,14,11,1.9100000000000001
2158,14.67458724403676,14,11,1.864
2159,4.7919644485947614,13,12,1.948
2160,5.706079804268784,13,12,1.8679999999999999
2161,15.335436889714114,14,11,1.85
2162,4.792174654623343,13,12,1.884
2163,5.531596315096817,13,12,1.8519999999999999
2164,15.456491583731351,14,11,1.924
2165,26.184081864814715,15,10,1.86
2166,5.2370926366240464,13,12,1.89
2167,24.800497201919026,15,10,1.8860000000000003
2168,-14.590781709653792,11,14,1.7979999999999996
2169,14.706911955646582,14,11,1.8840000000000003
2170,14.597210019202965,14,11,1.812
2171,14.266114691301215,14,11,1.8840000000000003
2172,14.569063908986813,14,11,1.902
2173,5.466262748784384,13,12,1.8699999999999999
2174,4.629912096327857,13,12,1.9479999999999997
2175,5.256965915003816,13,12,1.9160000000000004
2176,5.003220458587151,13,12,1.848
2177,4.448245391134879,13,12,1.904
2178,25.217883907818056,15,10,1.9699999999999995
2179,-4.3454137766131575,12,13,1.968
2180,-5.482207065582026,12,13,1.8619999999999997
2181,14.602012194762493,14,11,1.8860000000000003
2182,-5.53300693427172,12,13,1.89
2183,4.512061790446641,13,12,1.956
2184,-4.658303628396395,12,13,1.8699999999999999
2185,14.238498552225444,14,11,1.918
2186,4.999599121792549,13,12,1.8259999999999998
2187,4.58964791233903,13,12,1.904
2188,14.241632505099322,14,11,1.9300000000000002
2189,-5.618505181361744,12,13,1.8679999999999997
2190,5.185968849450039,13,12,1.8500000000000003
2191,4.988566548324149,13,12,1.9
2192,15.267128341479786,14,11,1.8499999999999996
2193,14.671369791952008,14,11,1.834
2194,4.710600884978838,13,12,1.964
2195,13.317905514306725,14,11,1.866
2196,-6.764382177056634,12,13,1.8439999999999999
2197,-5.792545188978529,12,13,1.858
2198,4.493980940862015,13,12,1.9160000000000004
2199,-5.701394274889665,12,13,1.8240000000000003
2200,13.56729675020269,14,11,1.9
2201,-5.426662000950759,12,13,1.956
2202,-5.0062479151668535,12,13,1.862
2203,15.44062545229642,14,11,1.9099999999999997
2204,-6.039724803753208,12,13,1.9080000000000001
2205,15.009034997585253,14,11,1.864
2206,4.624557247956936,13,12,1.9400000000000002
2207,4.908117574427347,13,12,1.94
2208,4.454179723682742,13,12,1.8840000000000003
2209,4.6962464972139735,13,12,1.9240000000000002
2210,4.662024377968056,13,12,1.918
2211,15.00647297067027,14,11,1.8439999999999999
2212,15.512424457057133,14,11,1.8980000000000004
2213,5.197941547059649,13,12,1.888
2214,-5.22804259963851,12,13,1.934
2215,-4.994164611053126,12,13,1.8579999999999999
2216,5.099065592695357,13,12,1.9
2217,5.005392925275718,13,12,1.9040000000000004
2218,4.186641830365481,13,12,1.8539999999999999
2219,-5.989702302192635,12,13,1.9540000000000002
2220,-5.62245838458669,12,13,1.8419999999999999
2221,15.122369064828975,14,11,1.8679999999999999
2222,13.66443224267771,14,11,1.862
2223,4.0795972267294935,13,12,1.9
2224,-15.819969196593838,11,14,1.9060000000000001
2225,14.348861007918234,14,11,1.9259999999999997
2226,4.861354189227541,13,12,1.832
2227,24.307814894381682,15,10,1.922
2228,15.073544192950896,14,11,1.862
2229,12.926269369132168,14,11,1.782
2230,-5.531997019165338,12,13,1.834
2231,14.61896066415232,14,11,1.8780000000000001
2232,23.90838322239614,15,10,1.886
2233,-15.249189786971936,11,14,1.9240000000000002
2234,15.370907261389108,14,11,1.906
2235,4.529278493437509,13,12,1.884
2236,-5.637823618078357,12,13,1.9599999999999997
2237,-5.33599120965439,12,13,1.918
2238,-26.688124670700223,10,15,1.9400000000000002
2239,4.812088625366831,13,12,1.9479999999999997
2240,4.316255806900777,13,12,1.916
2241,4.073515955935525,13,12,1.8800000000000001
2242,4.49121385117715,13,12,1.8500000000000003
2243,25.059152148828513,15,10,1.906
2244,-6.333697188835854,12,13,1.892
2245,-6.2251833600640785,12,13,1.8559999999999999
2246,14.506051465998443,14,11,1.8679999999999999
2247,3.3412419548150716,13,12,1.8819999999999997
2248,-5.976318539509494,12,13,1.886
2249,13.86638337461919,14,11,1.964
2250,-5.29843580244016,12,13,1.9200000000000004
2251,-5.146990334428796,12,13,1.9060000000000001
2252,-6.684103480727775,12,13,1.8699999999999999
2253,5.380464956358114,13,12,1.8620000000000005
2254,13.961437063751646,14,11,1.8779999999999997
2255,4.604154158221146,13,12,1.9220000000000002
2256,14.095842919388316,14,11,1.9459999999999997
2257,-5.871435776957908,12,13,1.9459999999999997
2258,12.964306782277134,14,11,1.8520000000000003
2259,-5.874728359767583,12,13,1.8799999999999997
2260,14.802244037114443,14,11,1.8559999999999999
2261,-5.4358343135836975,12,13,1.8519999999999999
2262,-15.40716414610001,11,14,1.9280000000000002
2263,-5.162699528996864,12,13,1.8960000000000001
2264,4.347209458457549,13,12,1.826
2265,-6.577304735387414,12,13,1.8320000000000003
2266,-5.257199540318471,12,13,1.948
2267,4.246900243265346,13,12,1.9639999999999997
2268,4.484941332965576,13,12,1.918
2269,-5.831046482272707,12,13,1.8720000000000003
2270,14.876512293056049,14,11,1.8560000000000003
2271,4.786299214745407,13,12,1.8699999999999999
2272,-5.151311453476665,12,13,1.8680000000000003
2273,15.2391045191532,14,11,1.9260000000000002
2274,13.437915709484239,14,11,1.92
2275,4.421272748985553,13,12,1.8700000000000003
2276,-25.109829772181357,10,15,1.918
2277,5.442388235317371,13,12,1.948
2278,5.101912881348131,13,12,1.9459999999999997
2279,4.181294526773399,13,12,1.888
2280,-5.539591623086487,12,13,1.908
2281,-16.848707945547577,11,14,1.8400000000000003
2282,4.300374130245249,13,12,1.9419999999999997
2283,-4.8691995526688565,12,13,1.864
2284,-4.9142492471823935,12,13,1.7919999999999998
2285,5.2904102302521565,13,12,1.9180000000000004
2286,-5.927223803642772,12,13,1.8719999999999999
2287,14.692024262666695,14,11,1.9140000000000001
2288,-5.9088354074891605,12,13,1.9
2289,5.328505433182476,13,12,1.8279999999999998
2290,-25.656224958807456,10,15,1.8379999999999999
2291,15.118832509510945,14,11,1.964
2292,5.402296732586134,13,12,1.892
2293,-25.4672936470335,10,15,1.884
2294,14.745230505840357,14,11,1.902
2295,-5.292001332578556,12,13,1.8819999999999997
2296,5.057000168504153,13,12,1.908
2297,14.967538232660914,14,11,1.8520000000000003
2298,13.585656400940234,14,11,1.92
2299,5.176842217900228,13,12,1.892
2300,-5.247219060094098,12,13,1.8099999999999998
2301,-5.980672660547924,12,13,1.8980000000000001
2302,15.46531290999376,14,11,1.8680000000000003
2303,4.6301191222494005,13,12,1.8679999999999999
2304,4.937817307505178,13,12,1.916
2305,14.572546444307584,14,11,1.86
2306,-5.256736253136941,12,13,1.9120000000000001
2307,13.748786860280012,14,11,1.922
2308,4.532777733881929,13,12,1.8979999999999997
2309,-15.804351037801048,11,14,1.8560000000000003
2310,-5.560541376273511,12,13,1.876
2311,-5.1704668837022165,12,13,1.884
2312,14.520624346282915,14,11,1.83
2313,-4.96653941236782,12,13,1.9140000000000001
2314,23.692106430748307,15,10,1.916
2315,-4.987665505015844,12,13,1.8720000000000003
2316,4.888520360061939,13,12,1.8519999999999996
2317,-4.972526791320194,12,13,1.8719999999999999
2318,5.299249796976195,13,12,1.8479999999999996
2319,24.757244433539682,15,10,1.85
2320,24.84938748726092,15,10,1.8559999999999999
2321,13.739275664519672,14,11,1.8500000000000003
2322,15.925953359476528,14,11,1.8720000000000003
2323,-5.402822929271523,12,13,1.866
2324,-5.060276357110175,12,13,1.9060000000000001
2325,15.365877474018438,14,11,1.8820000000000001
2326,-5.289886329987535,12,13,1.9100000000000001
2327,-15.845186302627798,11,14,1.846
2328,5.110407001356744,13,12,1.8699999999999999
2329,-5.063812984792889,12,13,1.8979999999999997
2330,5.038623131093885,13,12,1.8419999999999999
2331,5.4795408385812685,13,12,1.8559999999999999
2332,4.863066780736681,13,12,1.8359999999999999
2333,4.9928107460231885,13,12,1.9180000000000004
2334,4.51210050309451,13,12,1.948
2335,-15.245584571183127,11,14,1.89
2336,-5.025352972807601,12,13,1.9240000000000002
2337,-5.028825475511491,12,13,1.8700000000000003
2338,25.10758803417082,15,10,1.9400000000000006
2339,15.043430119156358,14,11,1.922
2340,25.472225524079022,15,10,1.9380000000000002
2341,14.608165188071306,14,11,1.952
2342,15.599288475246514,14,11,1.866
2343,-5.6431828442354846,12,13,1.8539999999999999
2344,14.840296338959487,14,11,1.9440000000000002
2345,15.030889611199704,14,11,1.862
2346,5.1480790048056,13,12,1.8700000000000003
2347,5.945858757126269,13,12,1.8679999999999999
2348,5.71564327685639,13,12,1.8679999999999999
2349,14.610203159586742,14,11,1.9200000000000004
2350,16.072669464700816,14,11,1.888
2351,3.7812085736682306,13,12,1.9740000000000002
2352,15.227411372612229,14,11,1.884
2353,15.495479673872532,14,11,1.8099999999999998
2354,24.646016111122886,15,10,1.9740000000000002
2355,4.436902427193171,13,12,1.906
2356,-4.298627946319568,12,13,1.844
2357,4.171880046175815,13,12,1.9640000000000004
2358,4.6706377372800185,13,12,1.89
2359,25.164636465102387,15,10,1.846
2360,14.11770066581471,14,11,1.844
2361,-4.993355253461413,12,13,1.886
2362,14.274936107586836,14,11,1.886
2363,14.589928190478712,14,11,1.9280000000000002
2364,-4.422669729512205,12,13,1.876
2365,25.2267984802375,15,10,1.92
2366,-15.03295166891981,11,14,1.9459999999999997
2367,4.921971787584106,13,12,1.904
2368,-4.70486785241693,12,13,1.936
2369,-5.137353082955457,12,13,1.8980000000000001
2370,5.66538376935852,13,12,1.9739999999999998
2371,5.245613273611868,13,12,1.902
2372,14.924538265471764,14,11,1.848
2373,-16.420565506969925,11,14,1.8359999999999999
2374,24.791914023192767,15,10,1.8519999999999999
2375,15.865749418517124,14,11,1.8399999999999999
2376,15.149961097341308,14,11,1.8839999999999997
2377,14.466833147150702,14,11,1.9099999999999997
2378,4.8407240542708525,13,12,1.8820000000000001
2379,14.318264706895238,14,11,1.9620000000000002
2380,-5.085392213594799,12,13,1.8680000000000003
2381,24.543100833288953,15,10,1.916
2382,-15.203479763171377,11,14,1.9819999999999998
2383,15.569951270895853,14,11,1.844
2384,5.200062429017361,13,12,1.8960000000000001
2385,-5.460480406721246,12,13,1.9280000000000002
2386,4.780956968303244,13,12,1.916
2387,3.9619360448057304,13,12,1.954
2388,-5.397724252168587,12,13,1.884
2389,4.5234892721826245,13,12,1.846
2390,5.363550029718769,13,12,1.932
2391,-5.281922622344527,12,13,1.8760000000000001
2392,-5.404938397999557,12,13,1.8800000000000003
2393,-5.205185076507154,12,13,1.924
2394,4.994562584624235,13,12,1.8359999999999999
2395,4.903516496046953,13,12,1.924
2396,-5.549161590893849,12,13,1.9140000000000001
2397,-4.715480332721853,12,13,1.858
2398,-5.205525396545742,12,13,1.8940000000000001
2399,4.301842307537539,13,12,1.9040000000000004
2400,15.293652010368294,14,11,1.862
2401,14.414127018265843,14,11,1.862
2402,-4.673010096428097,12,13,1.8520000000000003
2403,-5.59818290643188,12,13,1.8559999999999999
2404,-25.20042784942934,10,15,1.8380000000000003
2405,-4.991398440718367,12,13,1.826
2406,4.869028264190845,13,12,1.8880000000000003
2407,4.373826941133945,13,12,1.8519999999999999
2408,14.40830987242083,14,11,1.94
2409,4.314157945456567,13,12,1.8880000000000003
2410,-14.8198972417451,11,14,1.8940000000000001
2411,14.854782410677764,14,11,1.9120000000000001
2412,5.241271016151515,13,12,1.8439999999999999
2413,4.7019300109359365,13,12,1.8779999999999997
2414,-6.618006800456373,12,13,1.858
2415,13.81037300371731,14,11,1.916
2416,-14.948264653822395,11,14,1.8399999999999999
2417,3.8629205134152578,13,12,1.8980000000000001
2418,4.894025610183398,13,12,1.844
2419,4.159072056745185,13,12,1.864
2420,13.764327451489642,14,11,1.8780000000000001
2421,23.548777909874072,15,10,1.908
2422,4.591595705379995,13,12,1.908
2423,-5.8357066966669535,12,13,1.886
2424,14.208401002719238,14,11,1.864
2425,-6.013069647639035,12,13,1.8959999999999997
2426,4.802938091944966,13,12,1.9139999999999997
2427,-5.976417764515745,12,13,1.862
2428,15.044650720233983,14,11,1.8699999999999999
2429,4.9283666569924645,13,12,1.92
2430,-15.675771837122255,11,14,1.8800000000000001
2431,-14.899804283303467,11,14,1.8939999999999997
2432,13.556478092580718,14,11,1.888
2433,4.637423035858209,13,12,1.94
2434,14.748678045682514,14,11,1.8719999999999999
2435,-15.219432242258975,11,14,1.832
2436,-5.942949971783541,12,13,1.8559999999999999
2437,4.923139687027321,13,12,1.9440000000000002
2438,-5.518943723208756,12,13,1.906
2439,4.463301604972557,13,12,1.8399999999999999
2440,4.623251668936728,13,12,1.9480000000000004
2441,-14.31458453864537,11,14,1.8539999999999999
2442,4.642639648754397,13,12,1.8699999999999999
2443,-16.36116093045034,11,14,1.924
2444,-14.983360718111474,11,14,1.866
2445,4.667031840086562,13,12,1.9300000000000002
2446,-5.410560223238345,12,13,1.9620000000000002
2447,4.286335620911542,13,12,1.9120000000000001
2448,-5.496943705217376,12,13,1.932
2449,25.24119914670875,15,10,1.876
2450,4.708287657119971,13,12,1.9119999999999997
2451,-5.143530427022197,12,13,1.8779999999999997
2452,4.992893612080241,13,12,1.936
2453,-24.67120026418454,10,15,1.8679999999999999
2454,-25.53795877095742,10,15,1.9099999999999997
2455,15.655485245099122,14,11,1.866
2456,3.2640471992935574,13,12,1.86
2457,-6.146878303552234,12,13,1.8920000000000001
2458,-5.401370716290517,12,13,1.9
2459,4.7568598790809045,13,12,1.9260000000000002
2460,14.97477182741546,14,11,1.9440000000000002
2461,-5.340830085894753,12,13,1.924
2462,-4.978788350149228,12,13,1.846
2463,-4.631588301496755,12,13,1.848
2464,-6.265460055760869,12,13,1.9419999999999997
2465,4.131768455415181,13,12,1.8840000000000003
2466,-5.978267686927731,12,13,1.8939999999999997
2467,15.91076200957555,14,11,1.9
2468,14.86385065422292,14,11,1.8960000000000001
2469,4.239288352268296,13,12,1.9040000000000004
2470,3.5237921507599967,13,12,1.888
2471,15.11289224875167,14,11,1.866
2472,-6.076586279022829,12,13,1.968
2473,-5.917788848131831,12,13,1.8760000000000001
2474,-15.087609410239725,11,14,1.862
2475,-15.89717011874179,11,14,1.9580000000000002
2476,-15.46313127269798,11,14,1.8960000000000001
2477,4.078848355603855,13,12,1.9499999999999997
2478,14.147841262358046,14,11,1.8760000000000001
2479,-5.357636660666644,12,13,1.8399999999999999
2480,13.701855250969572,14,11,1.8279999999999998
2481,3.3128059470021505,13,12,1.888
2482,-6.431694700956122,12,13,1.8659999999999997
2483,3.2862828053536344,13,12,1.8560000000000003
2484,4.143476593730652,13,12,1.8980000000000001
2485,4.6247231666368265,13,12,1.828
2486,5.070876205682859,13,12,1.8219999999999998
2487,5.409688240579484,13,12,1.876
2488,-4.6613220514240545,12,13,1.85
2489,-6.011537412458107,12,13,1.9420000000000002
2490,4.7116102828688255,13,12,1.916
2491,14.451277505627889,14,11,1.906
2492,3.815122621997201,13,12,1.8960000000000001
2493,-6.362396818914087,12,13,1.924
2494,3.6999981901122716,13,12,1.832
2495,14.382745644226357,14,11,1.844
2496,-5.783575563546487,12,13,1.924
2497,4.578509856089237,13,12,1.834
2498,25.19556307364951,15,10,1.8259999999999998
2499,-5.314912577496546,12,13,1.818
2500,-5.704993245361393,12,13,1.848
2501,14.397888224579065,14,11,1.938
2502,3.6512845954412487,13,12,1.9120000000000004
2503,-15.95295274355238,11,14,1.832
2504,-5.695641725139719,12,13,1.936
2505,3.996489458325142,13,12,1.8499999999999996
2506,3.221752559474842,13,12,1.8880000000000003
2507,14.731007564576483,14,11,1.8279999999999998
2508,14.5829950198319,14,11,1.8219999999999996
2509,-6.886603958093297,12,13,1.8559999999999999
2510,-4.575066905806773,12,13,1.918
2511,5.058157938982255,13,12,1.8719999999999999
2512,-26.58345639115726,10,15,1.916
2513,-16.347980728246835,11,14,1.934
2514,-35.57485641384295,9,16,1.9339999999999997
2515,-15.944040074470163,11,14,1.8820000000000001
2516,-5.04328608957888,12,13,1.9079999999999995
2517,-14.524197125475451,11,14,1.8720000000000003
2518,-4.916176648164029,12,13,1.8500000000000003
2519,-25.985041315435495,10,15,1.92
2520,-5.668017195664552,12,13,1.8279999999999998
2521,-16.212153605919376,11,14,1.8980000000000001
2522,3.846836269468559,13,12,1.918
2523,-6.574083094481525,12,13,1.9139999999999997
2524,-5.282831463153524,12,13,1.95
2525,14.390631161134838,14,11,1.9300000000000002
2526,-5.101859996427681,12,13,1.8819999999999997
2527,-5.696609576482933,12,13,1.8720000000000003
2528,-5.968203351441764,12,13,1.8820000000000003
2529,4.448310023151887,13,12,1.842
2530,15.081849558347901,14,11,1.8900000000000001
2531,-15.872728027462191,11,14,1.816
2532,-4.975907156549283,12,13,1.9
2533,4.525623289228019,13,12,1.8999999999999997
2534,-5.200471356312717,12,13,1.9039999999999995
2535,-15.078446411200368,11,14,1.8960000000000001
2536,14.641918082126024,14,11,1.906
2537,14.683918168031031,14,11,1.8479999999999996
2538,-5.632113165364714,12,13,1.9299999999999997
2539,4.936474100874122,13,12,1.8720000000000003
2540,14.97881964238674,14,11,1.8720000000000003
2541,-14.807407938008826,11,14,1.832
2542,5.468643609179779,13,12,1.8699999999999999
2543,15.240182637720945,14,11,1.8479999999999996
2544,-4.408470966046005,12,13,1.908
2545,-14.977120912292838,11,14,1.8800000000000001
2546,-25.220295333026954,10,15,1.9280000000000002
2547,-15.441735198675257,11,14,1.892
2548,4.823186417254986,13,12,1.814
2549,-15.151597368863804,11,14,1.9180000000000004
2550,4.918233259614315,13,12,1.9099999999999997
2551,-4.534539112165447,12,13,1.876
2552,4.8590329772298855,13,12,1.8359999999999999
2553,25.293010898037064,15,10,1.8279999999999998
2554,5.734540733169343,13,12,1.86
2555,5.241980712603588,13,12,1.8380000000000003
2556,-25.34807505668976,10,15,1.916
2557,-15.87221769794073,11,14,1.9440000000000002
2558,4.700458233922111,13,12,1.886
2559,-4.952132998970509,12,13,1.83
2560,-4.898568480685997,12,13,1.8980000000000001
2561,-4.647609948842364,12,13,1.89
2562,5.079426796062647,13,12,1.8640000000000003
2563,-14.870848242588146,11,14,1.8679999999999999
2564,5.119138869436872,13,12,1.904
2565,14.685649083348414,14,11,1.874
2566,-5.3730826484751155,12,13,1.9099999999999997
2567,14.335291958151192,14,11,1.902
2568,4.414794056843938,13,12,1.8820000000000001
2569,24.93049230493865,15,10,1.7979999999999996
2570,-15.091548342876935,11,14,1.8939999999999997
2571,-15.378375356632935,11,14,1.8920000000000001
2572,15.471114687932026,14,11,1.9299999999999997
2573,-5.598786369086309,12,13,1.8520000000000003
2574,14.79388132676166,14,11,1.8800000000000001
2575,15.039155649229876,14,11,1.8960000000000001
2576,-4.830741628977037,12,13,1.8980000000000004
2577,5.079218943155627,13,12,1.8540000000000003
2578,15.016979532468469,14,11,1.9599999999999997
2579,-5.0952116886215855,12,13,1.832
2580,-5.183090773379943,12,13,1.904
2581,4.274158157191479,13,12,1.9120000000000004
2582,14.480251213036087,14,11,1.874
2583,15.346834116141284,14,11,1.884
2584,4.967866496408584,13,12,1.918
2585,4.325272853452411,13,12,1.8359999999999999
2586,4.752080635663482,13,12,1.89
2587,-4.970704903861176,12,13,1.8419999999999999
2588,-5.967482893200583,12,13,1.9100000000000001
2589,-5.63919173352945,12,13,1.902
2590,14.961505872344649,14,11,1.8819999999999997
2591,-5.318500188655198,12,13,1.9119999999999997
2592,6.0381053348140306,13,12,1.832
2593,15.255134702723451,14,11,1.9120000000000001
2594,15.37304433967789,14,11,1.8379999999999999
2595,4.6860276658738425,13,12,1.9099999999999997
2596,4.280640730142453,13,12,1.97
2597,4.125908895116403,13,12,1.89
2598,-4.484443603674798,12,13,1.8959999999999997
2599,4.902995875535904,13,12,1.864
2600,-5.275687314488119,12,13,1.864
2601,4.1844845369906984,13,12,1.848
2602,-4.535588322768238,12,13,1.8719999999999999
2603,4.907031292304595,13,12,1.904
2604,14.851461709316144,14,11,1.9140000000000001
2605,-24.689917694946217,10,15,1.904
2606,14.979950601250883,14,11,1.94
2607,-14.38293794144716,11,14,1.8940000000000001
2608,-5.314901101548063,12,13,1.9120000000000001
2609,-4.834262519520306,12,13,1.8820000000000001
2610,24.25388429861776,15,10,1.8419999999999999
2611,4.769857523894057,13,12,1.842
2612,15.49824823741042,14,11,1.8439999999999999
2613,15.28311424265129,14,11,1.8799999999999997
2614,5.127885461345798,13,12,1.866
2615,-5.8095982159468775,12,13,1.9220000000000002
2616,4.765994493788003,13,12,1.902
2617,-4.882499515310754,12,13,1.8839999999999997
2618,5.003257944751752,13,12,1.8379999999999999
2619,-15.190929539526554,11,14,1.826
2620,-4.588752619734883,12,13,1.922
2621,15.3706220304473,14,11,1.8780000000000001
2622,14.304845429255051,14,11,1.8979999999999997
2623,5.874966075923089,13,12,1.908
2624,-15.408664865400919,11,14,1.8760000000000001
2625,5.396389428627131,13,12,1.9440000000000002
2626,-4.109636739680305,12,13,1.8880000000000003
2627,4.742462212463767,13,12,1.9
2628,-24.286300920009783,10,15,1.9260000000000002
2629,-14.534813161543354,11,14,1.8560000000000003
2630,-14.541579135880161,11,14,1.922
2631,14.565174675437406,14,11,1.8400000000000003
2632,5.316115117947236,13,12,1.8820000000000001
2633,5.518117660785386,13,12,1.8540000000000003
2634,16.04062149526871,14,11,1.9
2635,4.664163259325273,13,12,1.9
2636,5.865075445539285,13,12,1.934
2637,5.331413630025278,13,12,1.816
2638,-15.411214583196974,11,14,1.9099999999999997
2639,14.708664008271516,14,11,1.8939999999999997
2640,14.7713227588467,14,11,1.8880000000000003
2641,15.422826972272077,14,11,1.9040000000000004
2642,14.50549424505291,14,11,1.908
2643,14.872290970569853,14,11,1.9260000000000002
2644,-5.2114596622181555,12,13,1.8799999999999997
2645,4.007890342394378,13,12,1.8800000000000001
2646,-6.1472165552025215,12,13,1.8760000000000001
2647,3.448913887970035,13,12,1.8820000000000001
2648,12.93955869690359,14,11,1.8960000000000001
2649,-5.524211993394235,12,13,1.8599999999999994
2650,14.629267106916721,14,11,1.9220000000000002
2651,-5.704269939523211,12,13,1.8780000000000001
2652,3.9824281793891085,13,12,1.892
2653,14.18165581819719,14,11,1.9240000000000002
2654,4.383044019927033,13,12,1.888
2655,15.775910720975402,14,11,1.8619999999999997
2656,13.93469156435073,14,11,1.8820000000000001
2657,-5.38235436628422,12,13,1.934
2658,-5.519941407990344,12,13,1.906
2659,14.713363380840853,14,11,1.9300000000000002
2660,13.6194145043175,14,11,1.8739999999999999
2661,-6.930394729010583,12,13,1.936
2662,3.416027888174928,13,12,1.848
2663,-15.77168601394111,11,14,1.9220000000000002
2664,4.853664424423125,13,12,1.9500000000000004
2665,5.36279043761485,13,12,1.8760000000000001
2666,14.959481977210572,14,11,1.9199999999999995
2667,15.163679230024428,14,11,1.862
2668,4.133260825982017,13,12,1.892
2669,-5.6845423714584395,12,13,1.9459999999999997
2670,4.651038222930871,13,12,1.8900000000000001
2671,-6.187027617842063,12,13,1.8519999999999999
2672,4.414822774679391,13,12,1.8679999999999999
2673,23.911666729005514,15,10,1.864
2674,4.359904904340315,13,12,1.866
2675,5.284815444208956,13,12,1.916
2676,14.17393195285788,14,11,1.9040000000000004
2677,14.269559402389824,14,11,1.8520000000000003
2678,14.337892062476039,14,11,1.8979999999999997
2679,14.500992998856425,14,11,1.8939999999999997
2680,15.023985307807376,14,11,1.9119999999999997
2681,24.181442154615542,15,10,1.8959999999999997
2682,-5.184558667468736,12,13,1.8699999999999999
2683,13.80667355888504,14,11,1.9179999999999997
2684,14.410147901780011,14,11,1.8679999999999997
2685,13.585693406266888,14,11,1.9140000000000001
2686,13.374718210043937,14,11,1.886
2687,-5.544940737460042,12,13,1.9140000000000001
2688,4.235060887030688,13,12,1.934
2689,14.073762639480721,14,11,1.8039999999999998
2690,24.260832968379418,15,10,1.8919999999999995
2691,4.126204242877049,13,12,1.8119999999999998
2692,3.5917994759220093,13,12,1.834
2693,4.286524324768874,13,12,1.8560000000000003
2694,-6.356863886627325,12,13,1.9600000000000002
2695,4.617666541750653,13,12,1.9140000000000001
2696,4.152642051839562,13,12,1.9579999999999997
2697,14.35136841360331,14,11,1.8980000000000001
2698,14.947193171417416,14,11,1.8659999999999997
2699,-5.447943778235645,12,13,1.954
2700,24.643388632255792,15,10,1.8960000000000001
2701,14.30888409569372,14,11,1.888
2702,13.8012786000523,14,11,1.8800000000000001
2703,4.334112793739827,13,12,1.8980000000000001
2704,14.426393176091452,14,11,1.9039999999999995
2705,4.768757383793027,13,12,1.8659999999999997
2706,15.088003743516396,14,11,1.8939999999999997
2707,25.099147056786318,15,10,1.9460000000000002
2708,4.467348870629937,13,12,1.8999999999999997
2709,4.074402181865354,13,12,1.964
2710,-15.454604003609855,11,14,1.918
2711,14.804758659217296,14,11,1.8820000000000001
2712,14.826631844037474,14,11,1.938
2713,-16.377809662257235,11,14,1.818
2714,15.08797494517854,14,11,1.8379999999999999
2715,-5.023227718673461,12,13,2.034
2716,-6.047305367731893,12,13,1.936
2717,4.31302957913986,13,12,1.954
2718,24.583635685111997,15,10,1.8840000000000003
2719,14.746289359580139,14,11,1.9240000000000002
2720,-5.99448618304333,12,13,1.846
2721,13.743150888557144,14,11,1.8860000000000003
2722,-5.861439238667124,12,13,1.8819999999999997
2723,4.6911986382521,13,12,1.938
2724,4.080069343988971,13,12,1.8960000000000001
2725,-6.69980678329507,12,13,1.9060000000000001
2726,13.449377977186456,14,11,1.922
2727,-6.140874496537296,12,13,1.8459999999999996
2728,4.012823593988129,13,12,1.9420000000000002
2729,4.359358618731359,13,12,1.8519999999999999
2730,-16.350885109868013,11,14,1.846
2731,13.250739601213894,14,11,1.89
2732,-6.349580529641672,12,13,1.8979999999999997
2733,4.147334791748156,13,12,1.8680000000000003
2734,-6.51838799030627,12,13,1.8099999999999998
2735,-5.598527643079898,12,13,1.8720000000000003
2736,3.949475927054305,13,12,1.9120000000000001
2737,-6.632841600344755,12,13,1.9600000000000002
2738,-7.625401920723469,12,13,1.8980000000000004
2739,14.120730025377831,14,11,1.9119999999999997
2740,23.76327659393836,15,10,1.8119999999999998
2741,13.872657647615892,14,11,1.874
2742,14.706132829708622,14,11,1.8719999999999999
2743,-6.535061297850389,12,13,1.918
2744,-5.61303205016665,12,13,1.8920000000000001
2745,-6.777090649878379,12,13,1.8359999999999999
2746,14.528042788491941,14,11,1.904
2747,13.967945903866365,14,11,1.9119999999999997
2748,24.62527433892406,15,10,1.9599999999999997
2749,-6.019156847633811,12,13,1.922
2750,5.046066810071512,13,12,1.9280000000000002
2751,4.3849298615258405,13,12,1.8780000000000001
2752,34.90705045402815,16,9,1.876
2753,14.74626260005033,14,11,1.9139999999999997
2754,14.372623513698542,14,11,1.902
2755,-6.945416393988585,12,13,1.9019999999999997
2756,13.776638572319325,14,11,1.828
2757,5.1700123034455,13,12,1.8539999999999999
2758,13.784129522103715,14,11,1.8700000000000003
2759,3.744770668781655,13,12,1.968
2760,3.87343547398471,13,12,1.8559999999999999
2761,3.686539416514128,13,12,1.8779999999999997
2762,3.4515441820098633,13,12,1.874
2763,4.306959654612356,13,12,1.9200000000000004
2764,-6.059171181573738,12,13,1.924
2765,3.4385156678175672,13,12,1.9080000000000001
2766,13.871644880915948,14,11,1.876
2767,-5.760317957221201,12,13,1.9040000000000004
2768,-24.772996943510833,10,15,1.874
2769,-6.42725202498111,12,13,1.8719999999999999
2770,4.346191857906332,13,12,1.964
2771,-15.497344007508916,11,14,1.9159999999999997
2772,14.080811597591802,14,11,1.954
2773,-4.991004831543103,12,13,1.8719999999999999
2774,3.3841043400863384,13,12,1.9
2775,4.319668098985613,13,12,1.848
2776,3.88592370902502,13,12,1.932
2777,5.0841575674169,13,12,1.922
2778,-6.198463200251114,12,13,1.922
2779,4.759043987249509,13,12,1.952
2780,4.800095006488135,13,12,1.866
2781,-16.54494776563803,11,14,1.9259999999999995
2782,4.069376937563991,13,12,1.8820000000000001
2783,4.213092719374546,13,12,1.8739999999999999
2784,-15.027223058621477,11,14,1.8159999999999996
2785,15.553168289669216,14,11,1.866
2786,4.368477151217128,13,12,1.8500000000000003
2787,-15.633679592602295,11,14,1.8599999999999999
2788,4.141322537291245,13,12,1.954
2789,4.971293700577167,13,12,1.9099999999999997
2790,-5.467299490289403,12,13,1.876
2791,4.350818897802904,13,12,1.9080000000000001
2792,3.2342572482087286,13,12,1.922
2793,24.427086435317985,15,10,1.94
2794,3.7434140364605852,13,12,1.9180000000000004
2795,4.396822973813402,13,12,1.8780000000000001
2796,-6.69459341035275,12,13,1.8380000000000003
2797,-5.812587849941154,12,13,1.8679999999999999
2798,14.487419239785822,14,11,1.8920000000000001
2799,4.392931816075387,13,12,1.9120000000000001
2800,4.14971483787002,13,12,1.8820000000000001
2801,-6.401422002092457,12,13,1.858
2802,-4.965441983964582,12,13,1.746
2803,5.334207685719521,13,12,1.9240000000000002
2804,-5.835329291244998,12,13,1.922
2805,-16.656562143288745,11,14,1.886
2806,3.6812226678971456,13,12,1.85
2807,4.660883438501491,13,12,1.888
2808,13.87249133493238,14,11,1.8739999999999999
2809,4.407790780000884,13,12,1.8419999999999999
2810,-16.648341328054315,11,14,1.8719999999999994
2811,3.5466834086761985,13,12,1.8480000000000003
2812,4.073936957175304,13,12,1.8599999999999999
2813,14.101450500276611,14,11,1.874
2814,3.7024422331225715,13,12,1.94
2815,2.9593791700364065,13,12,1.7879999999999998
2816,-16.226709240819897,11,14,1.8959999999999997
2817,-16.653763125701666,11,14,1.9040000000000004
2818,-6.080542727015963,12,13,1.916
2819,-26.109272180397145,10,15,1.8939999999999997
2820,-26.574187753494797,10,15,1.8800000000000001
2821,-17.090411787104948,11,14,1.8960000000000001
2822,-6.993256050666142,12,13,1.8679999999999999
2823,-7.557691646903688,12,13,1.892
2824,-17.246708762941118,11,14,1.9059999999999995
2825,-7.035562520696192,12,13,1.9020000000000004
2826,-6.820392595456836,12,13,1.8679999999999999
2827,2.5628815191106913,13,12,1.86
2828,-16.579282802933907,11,14,1.98
2829,-7.2888640312417134,12,13,1.92
2830,3.498964067732695,13,12,1.85
2831,2.220007981581531,13,12,1.9480000000000004
2832,13.290669288597133,14,11,1.902
2833,-17.996548857306067,11,14,1.9300000000000002
2834,-16.902375410055797,11,14,1.9580000000000002
2835,-16.612174994271374,11,14,1.902
2836,-16.50350380632287,11,14,1.876
2837,-7.430190931091985,12,13,1.8199999999999998
2838,-26.410468521958144,10,15,1.922
2839,-7.811563308110773,12,13,1.848
2840,-27.565001720048013,10,15,1.9020000000000004
2841,1.9963734380923128,13,12,1.8980000000000001
2842,1.0791248103024378,13,12,1.9020000000000004
2843,-18.512250002948633,11,14,1.902
2844,-7.833602099765857,12,13,1.9459999999999997
2845,3.067052988370972,13,12,1.904
2846,3.5243247026009783,13,12,1.8960000000000001
2847,-17.607340171573295,11,14,1.922
2848,-26.890095039172913,10,15,1.9400000000000002
2849,2.3805425267915066,13,12,1.8939999999999997
2850,-7.326853048464487,12,13,1.9259999999999997
2851,-7.464796836301898,12,13,1.86
2852,2.6078406637385365,13,12,1.8679999999999997
2853,-16.690490719581454,11,14,1.904
2854,-7.346891619361257,12,13,1.908
2855,-7.711751389935582,12,13,1.886
2856,-28.75165171332106,10,15,1.938
2857,-17.999469925761368,11,14,1.888
2858,4.256574841354569,13,12,1.866
2859,-17.82605205090541,11,14,1.904
2860,-18.095586595811298,11,14,1.8439999999999999
2861,-27.070418710444233,10,15,1.922
2862,-27.363157462704752,10,15,1.8800000000000001
2863,-18.39670455304205,11,14,1.886
2864,-7.5374387622554515,12,13,1.8239999999999998
2865,-17.94265693999147,11,14,1.8900000000000001
2866,-17.87047548806636,11,14,1.848
2867,2.8961217383070625,13,12,1.888
2868,-17.75566530634271,11,14,1.876
2869,1.4491279248060724,13,12,1.8980000000000001
2870,-18.300849923110512,11,14,1.8699999999999999
2871,-27.36886065540807,10,15,1.8920000000000001
2872,-29.282350881469778,10,15,1.9460000000000004
2873,-19.890770081770565,11,14,1.8980000000000001
2874,-18.250029119417885,11,14,1.8499999999999996
2875,1.9441557632954733,13,12,1.8399999999999999
2876,-18.51857884753837,11,14,1.8739999999999994
2877,2.5953378909255207,13,12,1.884
2878,-6.557117148445833,12,13,1.8559999999999999
2879,-7.523680939582662,12,13,1.8519999999999999
2880,-7.466801069573103,12,13,1.8559999999999999
2881,-18.386792004122533,11,14,1.862
2882,11.613541974973321,14,11,1.9479999999999997
2883,12.537171743441068,14,11,1.86
2884,-7.246924681163791,12,13,1.8719999999999999
2885,-17.551106235227223,11,14,1.922
2886,3.6517817047345202,13,12,1.8719999999999999
2887,-17.66814070435963,11,14,1.8780000000000001
2888,-27.573910973119858,10,15,1.8579999999999999
2889,-7.756046104566,12,13,1.866
2890,1.5617339667426933,13,12,1.8980000000000001
2891,-8.780143958311942,12,13,1.8820000000000001
2892,-17.412859871823997,11,14,1.8659999999999997
2893,-7.990154358221174,12,13,1.9060000000000001
2894,-8.549752345010297,12,13,1.8939999999999997
2895,-8.254024195468626,12,13,1.864
2896,2.476438841422037,13,12,1.832
2897,3.8332508833047383,13,12,1.8720000000000003
2898,2.463985525643106,13,12,1.916
2899,-8.816081224330784,12,13,1.8960000000000001
2900,-8.372012018566819,12,13,1.8800000000000001
2901,2.1145006708555627,13,12,1.9240000000000002
2902,-8.066053375042845,12,13,1.8419999999999999
2903,-17.85107502188022,11,14,1.8739999999999999
2904,-18.04674258543684,11,14,1.8960000000000004
2905,-28.184371348546115,10,15,1.902
2906,-6.608886392906777,12,13,1.8960000000000001
2907,-18.973114221013414,11,14,1.8719999999999999
2908,-8.082868823316012,12,13,1.8360000000000003
2909,-7.4232392824499085,12,13,1.818
2910,-7.674851484863809,12,13,1.888
2911,-17.690253992122283,11,14,1.8699999999999999
2912,-7.18851893253615,12,13,1.9439999999999997
2913,-18.10618614622108,11,14,1.8739999999999999
2914,-17.05192135213825,11,14,1.846
2915,-17.001206382904762,11,14,1.8979999999999997
2916,12.896140720564302,14,11,1.876
2917,14.107474142034096,14,11,1.814
2918,-7.280095080388052,12,13,1.862
2919,3.7282428715865787,13,12,1.886
2920,-6.334403186124996,12,13,1.9439999999999997
2921,3.2383712040180894,13,12,1.858
2922,-16.85140535762675,11,14,1.8900000000000001
2923,-7.894860754328943,12,13,1.8540000000000003
2924,-6.998242584632276,12,13,1.9300000000000002
2925,-7.127492271897696,12,13,1.918
2926,-17.0610026616056,11,14,1.866
2927,-6.72974140671006,12,13,1.934
2928,-5.442466354429493,12,13,1.9139999999999997
2929,-6.7120873119203175,12,13,1.8479999999999996
2930,-6.759463508706407,12,13,1.8800000000000003
2931,-7.753668201010386,12,13,1.934
2932,-16.63126833568879,11,14,1.8679999999999999
2933,3.244032515473254,13,12,1.936
2934,-6.689452534694263,12,13,1.8680000000000003
2935,3.772859861184781,13,12,1.9060000000000001
2936,-6.604067546091571,12,13,1.8219999999999998
2937,-35.195542307132825,9,16,1.8539999999999999
2938,13.44448749505403,14,11,1.932
2939,-16.5023783401833,11,14,1.8820000000000001
2940,-16.07459464417528,11,14,1.916
2941,-6.241004410082529,12,13,1.844
2942,-6.3662531498681805,12,13,1.842
2943,3.691017994725174,13,12,1.904
2944,-5.8282111243208305,12,13,1.8619999999999997
2945,-15.336426892369131,11,14,1.8900000000000001
2946,-6.647858819687663,12,13,1.8499999999999996
2947,-26.90496932336474,10,15,1.8679999999999999
2948,3.063316920082327,13,12,1.832
2949,3.824039298085049,13,12,1.9040000000000004
2950,-17.033241137279674,11,14,1.864
2951,-5.362700447639572,12,13,1.888
2952,-15.619271194094082,11,14,1.864
2953,13.047504613829751,14,11,1.904
2954,-6.640162692701524,12,13,1.8920000000000001
2955,3.7802701219220163,13,12,1.9279999999999997
2956,-7.166742070181498,12,13,1.918
2957,-6.06420556583581,12,13,1.8840000000000003
2958,-6.230210125774186,12,13,1.9140000000000001
2959,-6.787773488355999,12,13,1.9280000000000002
2960,-5.957275196499703,12,13,1.8400000000000003
2961,14.412323712416047,14,11,1.902
2962,-6.440660495071907,12,13,1.8960000000000001
2963,-5.7871399064346605,12,13,1.92
2964,-16.427202380741175,11,14,1.814
2965,-16.286019862675428,11,14,1.8679999999999999
2966,-16.40550725344913,11,14,1.8780000000000001
2967,-26.501595860649935,10,15,1.8920000000000001
2968,-6.250803302653081,12,13,1.902
2969,-16.232905676383027,11,14,1.8879999999999995
2970,4.302924549543214,13,12,1.8579999999999999
2971,3.8308130391280493,13,12,1.884
2972,4.145255904611769,13,12,1.8559999999999999
2973,4.2528339709383065,13,12,1.9140000000000001
2974,-15.577710031992103,11,14,1.924
2975,-6.511469269721726,12,13,1.8680000000000003
2976,3.585615209107427,13,12,1.8980000000000001
2977,-6.091032800702745,12,13,1.862
2978,-5.1009823257901195,12,13,1.8639999999999997
2979,3.896869532802018,13,12,1.9080000000000001
2980,-5.749819110022537,12,13,1.904
2981,4.461977008442437,13,12,1.884
2982,3.833787301635116,13,12,1.9120000000000001
2983,-5.849063111482144,12,13,1.9100000000000001
2984,14.024954609530887,14,11,1.9020000000000004
2985,-7.316779560074066,12,13,1.8039999999999998
2986,-5.810197581221162,12,13,1.8799999999999997
2987,-7.303907788201501,12,13,1.9119999999999997
2988,14.457783821356323,14,11,1.904
2989,-5.88354079944129,12,13,1.9380000000000002
2990,-5.9909650749254055,12,13,1.8599999999999999
2991,-6.430481110981842,12,13,1.9100000000000001
2992,-5.724919947118494,12,13,1.89
2993,-6.412460844310333,12,13,1.8860000000000003
2994,4.529518825800509,13,12,1.8760000000000001
2995,-5.730259028189067,12,13,1.8799999999999997
2996,-16.337366277921387,11,14,1.9119999999999997
2997,-15.486622708570533,11,14,1.844
2998,4.29992381915709,13,12,1.818
2999,-6.264661867942058,12,13,1.8619999999999997
3000,4.291295076807936,13,12,1.86
3001,-16.02796814083154,11,14,1.8820000000000001
3002,-6.156866013375316,12,13,1.8840000000000003
3003,3.182789595919047,13,12,1.9
3004,-14.98024791389294,11,14,1.9179999999999997
3005,3.961122505857258,13,12,1.916
3006,4.39619900447188,13,12,1.916
3007,-5.790478072520079,12,13,1.85
3008,-5.829299023503138,12,13,1.902
3009,-15.418320656983473,11,14,1.85
3010,3.4429409331511405,13,12,1.89
3011,-7.55372601706623,12,13,1.9380000000000002
3012,3.892493055201264,13,12,1.918
3013,-6.285460726074049,12,13,1.8600000000000005
3014,3.751085688156376,13,12,1.876
3015,-5.636537914969054,12,13,1.9140000000000001
3016,-16.446496017201945,11,14,1.9280000000000002
3017,-6.085597591688238,12,13,1.8839999999999997
3018,-6.7583181082436266,12,13,1.8599999999999999
3019,-17.201123545854085,11,14,1.904
3020,4.122695740283163,13,12,2.004
3021,3.3342511311796184,13,12,1.8920000000000001
3022,-5.763225619552081,12,13,1.9300000000000002
3023,4.044096460248093,13,12,1.8679999999999999
3024,4.09583615660036,13,12,1.8780000000000001
3025,14.129705394113268,14,11,1.874
3026,-16.598330935348567,11,14,1.932
3027,4.598250277853053,13,12,1.858
3028,-6.654860799998897,12,13,1.916
3029,-17.684413732580303,11,14,1.8800000000000001
3030,4.02170811188943,13,12,1.8660000000000003
3031,-15.645261869299826,11,14,1.8940000000000001
3032,3.298988471586995,13,12,1.9580000000000002
3033,3.28686676149265,13,12,1.984
3034,3.9964839181337375,13,12,1.8679999999999999
3035,-16.196466132202573,11,14,1.8340000000000003
3036,3.5986086106848676,13,12,1.8539999999999999
3037,-6.114798010154537,12,13,1.9520000000000004
3038,4.860442435729061,13,12,1.9140000000000004
3039,-5.34658014776591,12,13,1.818
3040,-5.441911583590505,12,13,1.782
3041,-5.21656387447889,12,13,1.948
3042,4.217617048203378,13,12,1.8780000000000001
3043,3.977610393454918,13,12,1.904
3044,4.426545604357221,13,12,1.8700000000000003
3045,-6.109265120175106,12,13,1.9120000000000001
3046,14.172204614442988,14,11,1.874
3047,3.397293987416459,13,12,1.8979999999999997
3048,-5.830851305088643,12,13,1.8380000000000003
3049,4.344732664355227,13,12,1.984
3050,-5.984404707732473,12,13,1.9120000000000001
3051,13.334915974391135,14,11,1.95
3052,3.80946596534144,13,12,1.8780000000000001
3053,-16.587640164144986,11,14,1.8940000000000001
3054,4.027842850311709,13,12,1.8800000000000001
3055,13.188083343136732,14,11,1.9300000000000002
3056,22.9164131225,15,10,1.89
3057,-5.298515705671031,12,13,1.876
3058,2.726408098611593,13,12,1.8679999999999999
3059,2.6735715213577667,13,12,1.8859999999999997
3060,14.781619233588305,14,11,1.934
3061,13.845975436028047,14,11,1.8679999999999999
3062,-16.37646614416758,11,14,1.8780000000000001
3063,-6.832540762298557,12,13,1.92
3064,-6.477384731173245,12,13,1.922
3065,14.19828653826534,14,11,1.906
3066,3.581891487717149,13,12,1.8980000000000001
3067,3.265287869600376,13,12,1.8820000000000001
3068,4.126264217196015,13,12,1.9520000000000004
3069,-5.739800803100785,12,13,1.8779999999999997
3070,4.709595933449131,13,12,1.8739999999999999
3071,3.4487502628108846,13,12,1.866
3072,24.11398860637278,15,10,1.9
3073,24.551309873225144,15,10,1.9039999999999995
3074,5.0557079371291485,13,12,1.8219999999999996
3075,24.64045372968729,15,10,1.9100000000000001
3076,5.350208281631975,13,12,1.902
3077,14.002568127809246,14,11,1.862
3078,-15.618007266601857,11,14,1.866
3079,14.282573782214577,14,11,1.9359999999999995
3080,-5.456625785473762,12,13,1.8220000000000003
3081,-5.95923003481319,12,13,1.8559999999999999
3082,4.5933919105018735,13,12,1.892
3083,4.195779190969258,13,12,1.876
3084,13.861131333857076,14,11,1.8840000000000003
3085,4.497080661892914,13,12,1.866
3086,15.996240486766752,14,11,1.8459999999999996
3087,4.375351065962967,13,12,1.9240000000000002
3088,-5.233741758067056,12,13,1.866
3089,14.679808701229064,14,11,1.85
3090,4.434335273891191,13,12,1.8699999999999999
3091,-5.577534997711789,12,13,1.892
3092,4.2996691202688435,13,12,1.8680000000000003
3093,4.540799149568007,13,12,1.934
3094,4.491940097354512,13,12,1.876
3095,-5.348694199611582,12,13,1.89
3096,-5.334966116537936,12,13,1.874
3097,4.752880471583941,13,12,1.8899999999999995
3098,14.926356712335734,14,11,1.9200000000000004
3099,-5.579427539043126,12,13,1.888
3100,-4.970565098542958,12,13,1.888
3101,4.172309971108824,13,12,1.864
3102,3.4498005079730545,13,12,1.7919999999999998
3103,24.443013482545457,15,10,1.848
3104,-5.930986805555554,12,13,1.8780000000000001
3105,4.6846890927775,13,12,1.8719999999999999
3106,14.307346909330839,14,11,1.8639999999999997
3107,14.299797304556296,14,11,1.922
3108,-5.020659856671452,12,13,1.9060000000000001
3109,-16.036606370726624,11,14,1.8719999999999999
3110,4.053280899782182,13,12,1.8719999999999999
3111,-6.117823504926591,12,13,1.8780000000000001
3112,-15.684392578391225,11,14,1.9120000000000001
3113,26.12190426392622,15,10,1.86
3114,-6.10492795805512,12,13,1.798
3115,-6.659993389841981,12,13,1.8960000000000001
3116,14.413104953885771,14,11,1.8539999999999999
3117,4.449352668340721,13,12,1.8800000000000001
3118,4.654024997227408,13,12,1.906
3119,-6.082325822893118,12,13,1.848
3120,4.821633659188478,13,12,1.918
3121,3.9604567705756404,13,12,1.8800000000000003
3122,14.036191286878093,14,11,1.89
3123,4.2645508294802195,13,12,1.984
3124,-15.718059244595311,11,14,1.8259999999999998
3125,3.7250206107811916,13,12,1.814
3126,5.345385713058606,13,12,1.8940000000000001
3127,-4.94978198376361,12,13,1.8699999999999999
3128,3.638726695297576,13,12,1.866
3129,-5.451159572798959,12,13,1.8739999999999999
3130,15.47920260209485,14,11,1.8739999999999999
3131,24.653878529438703,15,10,1.8940000000000001
3132,15.081894935004353,14,11,1.9080000000000001
3133,3.148284934145069,13,12,1.9100000000000001
3134,3.3983861922160052,13,12,1.9639999999999997
3135,14.562863996185289,14,11,1.938
3136,24.67226641741211,15,10,1.9140000000000001
3137,-15.5557245064781,11,14,1.8819999999999997
3138,14.115710293740147,14,11,1.9140000000000001
3139,14.852089542082975,14,11,1.8059999999999998
3140,14.560749590996455,14,11,1.8879999999999995
3141,-5.355157439249654,12,13,1.904
3142,4.731197907173516,13,12,1.846
3143,4.516664539101576,13,12,1.8820000000000001
3144,4.3518128002785375,13,12,1.968
3145,3.0337695284315624,13,12,1.9080000000000001
3146,14.49964038408662,14,11,1.8419999999999999
3147,-5.5870162246496005,12,13,1.924
3148,-6.229464023906338,12,13,1.892
3149,4.096190176191933,13,12,1.884
3150,4.05491000650255,13,12,1.9060000000000001
3151,14.118806782455819,14,11,1.8519999999999999
3152,-15.317519266906412,11,14,1.952
3153,3.472142753594408,13,12,1.864
3154,13.547050682907356,14,11,1.9840000000000004
3155,24.0935861472576,15,10,1.936
3156,3.4015995031980104,13,12,1.9
3157,2.991676492843361,13,12,1.9
3158,4.1009720992260625,13,12,1.85
3159,13.845117300420029,14,11,1.904
3160,-6.892864682702719,12,13,1.932
3161,-5.588195636510612,12,13,1.862
3162,3.1687112749763258,13,12,1.8359999999999996
3163,3.892288753475171,13,12,1.89
3164,4.682940390595668,13,12,1.8900000000000001
3165,4.465797545909577,13,12,1.908
3166,15.036803669734354,14,11,1.848
3167,25.50216957020962,15,10,1.9639999999999997
3168,24.79223196643316,15,10,1.8399999999999999
3169,-7.36185990164783,12,13,1.884
3170,3.0747349993271964,13,12,1.9179999999999997
3171,4.104725902841019,13,12,1.886
3172,24.207934733978686,15,10,1.8760000000000001
3173,-16.51349178626694,11,14,1.9460000000000002
3174,4.85582897914164,13,12,1.954
3175,14.432713056689066,14,11,1.886
3176,-5.278597822802287,12,13,1.9419999999999997
3177,14.181157542251901,14,11,1.8240000000000003
3178,3.4501946607988683,13,12,1.9
3179,13.477095341040446,14,11,1.8820000000000001
3180,3.8770224489300062,13,12,1.906
3181,3.9932380809213086,13,12,1.8500000000000003
3182,4.212436635817083,13,12,1.9
3183,13.646369110709344,14,11,1.95
3184,3.8501455492499335,13,12,1.9140000000000001
3185,23.70389885802943,15,10,1.866
3186,13.13562171017481,14,11,1.9119999999999997
3187,23.299935373267996,15,10,1.9299999999999997
3188,-6.6461897514630035,12,13,1.8699999999999999
3189,-6.516457501287098,12,13,1.9120000000000001
3190,3.9743561158549436,13,12,1.8780000000000001
3191,2.8411985542091784,13,12,1.8819999999999997
3192,13.194135542863494,14,11,1.9140000000000001
3193,-16.202474730224264,11,14,1.8679999999999999
3194,14.55088911900409,14,11,1.8879999999999995
3195,13.952014301570475,14,11,1.858
3196,4.680854817332143,13,12,1.8459999999999996
3197,-7.873224181294666,12,13,1.8980000000000001
3198,-7.024235226539924,12,13,1.8359999999999999
3199,13.055688389037932,14,11,1.8600000000000005
3200,3.8217382546475758,13,12,1.8939999999999997
3201,14.303031586049318,14,11,1.8820000000000001
3202,3.2417124041432217,13,12,1.892
3203,3.644427143496628,13,12,1.9220000000000002
3204,3.4390090280691883,13,12,1.9
3205,24.35910132123709,15,10,1.9240000000000002
3206,2.904054700769546,13,12,1.8820000000000001
3207,-6.846601827332492,12,13,1.8999999999999997
3208,-16.791848519518943,11,14,1.8940000000000001
3209,13.53810576565351,14,11,1.8980000000000001
3210,-16.334956822653513,11,14,1.8780000000000001
3211,1.8081376799985307,13,12,1.818
3212,13.442497559164703,14,11,1.8760000000000001
3213,11.705987294449633,14,11,1.8900000000000001
3214,2.677438423999691,13,12,1.9199999999999995
3215,3.6468601537558456,13,12,1.8679999999999999
3216,24.155760456647183,15,10,1.8539999999999999
3217,14.159257781551771,14,11,1.9439999999999997
3218,13.588207743826622,14,11,1.8800000000000001
3219,-6.339070728021408,12,13,1.9140000000000001
3220,3.8562248405184856,13,12,1.9100000000000001
3221,3.96080280643033,13,12,1.8900000000000001
3222,14.481253980766152,14,11,1.9140000000000001
3223,3.605096569439283,13,12,1.9140000000000001
3224,13.878399488937411,14,11,1.8799999999999997
3225,24.207018577352073,15,10,1.8219999999999998
3226,14.270953394954944,14,11,1.8739999999999999
3227,24.3537947594117,15,10,1.8679999999999999
3228,3.7115607421441372,13,12,1.8939999999999997
3229,4.010334722262581,13,12,1.9120000000000004
3230,4.088121084468192,13,12,1.9120000000000001
3231,13.557821818286278,14,11,1.8780000000000001
3232,24.231493040924825,15,10,1.8239999999999998
3233,13.28471909319145,14,11,1.8719999999999999
3234,4.534935747016597,13,12,1.828
3235,4.384953687454408,13,12,1.9440000000000002
3236,14.267963246806575,14,11,1.8419999999999999
3237,4.692837491619688,13,12,1.9299999999999997
3238,2.891121940452381,13,12,1.918
3239,3.746543730694288,13,12,1.954
3240,13.994099517284923,14,11,1.8199999999999996
3241,13.969466363257919,14,11,1.8699999999999999
3242,-5.676339218592561,12,13,1.8079999999999998
3243,23.48750296775637,15,10,1.884
3244,13.476718355906689,14,11,1.884
3245,4.419073230656338,13,12,1.892
3246,-5.438019276632813,12,13,1.8820000000000001
3247,-6.928967291205016,12,13,1.9239999999999995
3248,3.66874384079284,13,12,1.9080000000000001
3249,-5.82322259196016,12,13,1.956
3250,3.438356382166523,13,12,1.9259999999999997
3251,3.905291140989169,13,12,1.8819999999999997
3252,13.312974795165886,14,11,1.8659999999999997
3253,-5.757537155848652,12,13,1.8579999999999999
3254,14.042069926609933,14,11,1.9280000000000002
3255,13.745635793686859,14,11,1.8760000000000001
3256,-26.903658740202708,10,15,1.8859999999999997
3257,14.358135752443989,14,11,1.9419999999999997
3258,3.7617302344479944,13,12,1.884
3259,14.041783668168698,14,11,1.8679999999999999
3260,13.516131481920043,14,11,1.8699999999999999
3261,14.64304544905085,14,11,1.9100000000000001
3262,3.5250435173526857,13,12,1.9100000000000001
3263,14.274753340017362,14,11,1.918
3264,-16.287296800519357,11,14,1.904
3265,4.013712244084505,13,12,1.8739999999999999
3266,-6.70011568891065,12,13,1.8760000000000006
3267,13.517707425737298,14,11,1.8499999999999996
3268,13.606102742708728,14,11,1.9779999999999998
3269,23.49364190246124,15,10,1.8920000000000001
3270,12.465155106782163,14,11,1.94
3271,-6.270282614514652,12,13,1.8899999999999995
3272,4.132468197119639,13,12,1.8900000000000001
3273,3.530996061273701,13,12,1.8399999999999999
3274,13.84608982861786,14,11,1.9639999999999997
3275,3.7674871553320433,13,12,1.9259999999999997
3276,-6.346582926473683,12,13,1.908
3277,-5.590143430725423,12,13,1.904
3278,14.092898364943474,14,11,1.918
3279,13.752642709485029,14,11,1.842
3280,4.020016770222933,13,12,1.9700000000000002
3281,13.975091003800296,14,11,1.8739999999999999
3282,4.49763571209553,13,12,1.8400000000000003
3283,-5.5175656069401615,12,13,1.8679999999999999
3284,13.748377614788412,14,11,1.8800000000000001
3285,14.294682292206991,14,11,1.8699999999999999
3286,3.5002413938595667,13,12,1.8439999999999999
3287,-6.626655134666869,12,13,1.918
3288,12.869243984518778,14,11,1.8519999999999996
3289,4.026975091522105,13,12,1.9060000000000001
3290,13.872157923566123,14,11,1.8799999999999997
3291,12.771534084391496,14,11,1.794
3292,14.623863847559525,14,11,1.888
3293,22.759936635944566,15,10,1.908
3294,13.96304297693302,14,11,1.8780000000000001
3295,23.9054662588182,15,10,1.8539999999999996
3296,-6.375913178541703,12,13,1.8779999999999997
3297,4.152334881978197,13,12,1.8559999999999999
3298,14.193249978617331,14,11,1.8880000000000003
3299,24.237426474815095,15,10,1.8980000000000001
3300,-5.932957404360559,12,13,1.902
3301,23.4013221447953,15,10,1.918
3302,3.5516609294445853,13,12,1.8560000000000003
3303,24.340689645085902,15,10,1.936
3304,14.291991146809595,14,11,1.8379999999999999
3305,4.034303213557589,13,12,1.8859999999999997
3306,3.7299905279455263,13,12,1.9159999999999997
3307,2.725156148018752,13,12,1.932
3308,3.038500351150944,13,12,1.8619999999999997
3309,13.585049298137914,14,11,1.9240000000000002
3310,24.55117541381322,15,10,1.9099999999999997
3311,14.058915955788033,14,11,1.8660000000000003
3312,13.643122038942407,14,11,1.8579999999999999
3313,-6.952809663915772,12,13,1.9019999999999997
3314,3.677012558677757,13,12,1.8459999999999996
3315,14.66018079452403,14,11,1.9460000000000002
3316,13.966922548872539,14,11,1.908
3317,24.084899216200277,15,10,1.892
3318,13.315457586395805,14,11,1.89
3319,3.640880275921926,13,12,1.9080000000000001
3320,-6.3910476115455,12,13,1.858
3321,13.525565945649992,14,11,1.924
3322,13.481703419699654,14,11,1.8880000000000003
3323,13.590706477455466,14,11,1.9420000000000002
3324,13.516243624476385,14,11,1.8700000000000003
3325,23.859357443454883,15,10,1.8359999999999996
3326,22.8340984310277,15,10,1.8719999999999999
3327,24.274062389220603,15,10,1.9420000000000002
3328,13.983890649255486,14,11,1.8619999999999997
3329,4.166809074237108,13,12,1.9120000000000001
3330,13.662193018678913,14,11,1.9340000000000004
3331,13.167254859781314,14,11,1.8060000000000003
3332,-6.23105987293094,12,13,1.8979999999999997
3333,33.86083190523702,16,9,1.8319999999999996
3334,3.942589895781948,13,12,1.9139999999999997
3335,23.856950080185,15,10,1.916
3336,13.009190993064077,14,11,1.832
3337,13.566175740590026,14,11,1.9179999999999997
3338,13.896041235374529,14,11,1.866
3339,13.884459239753616,14,11,1.984
3340,13.844112246319728,14,11,1.8559999999999999
3341,14.50162347059181,14,11,1.89
3342,34.352348562887,16,9,1.888
3343,23.451698550721716,15,10,1.8679999999999999
3344,14.749764679976545,14,11,1.9739999999999998
3345,13.831859805258413,14,11,1.9979999999999998
3346,14.397190381777975,14,11,1.9600000000000004
3347,15.601314506016722,14,11,1.9579999999999997
3348,5.210586502598484,13,12,1.922
3349,14.357132927923233,14,11,1.9620000000000002
3350,4.666350163998722,13,12,1.844
3351,14.93479238698281,14,11,1.8879999999999995
3352,15.333850945084844,14,11,1.8259999999999998
3353,5.10914062324442,13,12,1.8199999999999998
3354,24.368525845423633,15,10,1.8960000000000001
3355,24.059616739770078,15,10,1.832
3356,13.829711035316802,14,11,1.8519999999999999
3357,13.736881761728974,14,11,1.8980000000000001
3358,23.219662726278745,15,10,1.8040000000000003
3359,4.399949393402602,13,12,1.9120000000000001
3360,14.116464329111853,14,11,1.83
3361,23.546313379123788,15,10,1.9499999999999997
3362,24.4628220018169,15,10,1.8960000000000001
3363,24.0292024663838,15,10,1.8559999999999999
3364,4.142785052826415,13,12,1.9060000000000001
3365,-6.212069788287263,12,13,1.94
3366,34.52072282924002,16,9,1.8039999999999998
3367,24.665888717126006,15,10,1.8800000000000001
3368,24.752870800157936,15,10,1.948
3369,5.155284197497277,13,12,1.8279999999999998
3370,15.102396500397187,14,11,1.9180000000000004
3371,14.026606873300459,14,11,1.844
3372,34.97818723337254,16,9,1.864
3373,25.398283683061678,15,10,1.85
3374,14.528249944946165,14,11,1.8819999999999997
3375,14.209090795074378,14,11,1.9019999999999997
3376,24.42006957985531,15,10,1.8980000000000004
3377,14.401386667145239,14,11,1.952
3378,34.499253619044865,16,9,1.8959999999999997
3379,23.82050275015066,15,10,1.886
3380,14.412548502013813,14,11,1.862
3381,14.746557344526774,14,11,1.89
3382,4.067140929432636,13,12,1.9340000000000004
3383,4.557247148172003,13,12,1.866
3384,4.494688919628567,13,12,1.8800000000000001
3385,4.852156408642406,13,12,1.902
3386,12.934188706456002,14,11,1.9099999999999997
3387,15.467027222876519,14,11,1.8940000000000001
3388,3.863598052204757,13,12,1.936
3389,23.76363202304661,15,10,1.9
3390,24.49422342839342,15,10,1.8519999999999999
3391,5.470656497859091,13,12,1.8699999999999999
3392,24.374688100778506,15,10,1.858
3393,14.581411572731582,14,11,1.86
3394,-5.170217476291736,12,13,1.8579999999999999
3395,3.7955611482829124,13,12,1.8800000000000001
3396,-5.409423731762807,12,13,1.9280000000000002
3397,15.03448067430431,14,11,1.8820000000000001
3398,14.072025263761233,14,11,1.8939999999999997
3399,4.7358976911801145,13,12,1.9200000000000004
3400,-6.611305641766541,12,13,1.89
3401,13.98169937930172,14,11,1.846
3402,24.344148626913064,15,10,1.8379999999999999
3403,24.195171697554862,15,10,1.8419999999999999
3404,13.751486944589347,14,11,1.8519999999999999
3405,24.866877158197575,15,10,1.9280000000000002
3406,4.358036030699093,13,12,1.9440000000000002
3407,14.67018662257528,14,11,1.8780000000000001
3408,15.050388011607302,14,11,1.954
3409,4.456998777424056,13,12,1.8820000000000003
3410,-6.427529741860022,12,13,1.866
3411,14.455711176612454,14,11,1.8099999999999998
3412,14.930972423290882,14,11,1.92
3413,23.758073002818293,15,10,1.902
3414,13.092270290559775,14,11,1.842
3415,4.581460083510934,13,12,1.8359999999999999
3416,13.68901225164002,14,11,1.8579999999999999
3417,23.96259799129478,15,10,1.9200000000000004
3418,3.862746036899356,13,12,1.8799999999999997
3419,23.26426528519189,15,10,1.8780000000000001
3420,14.6885373305015,14,11,1.952
3421,14.707216393674152,14,11,1.9
3422,14.514841403776764,14,11,1.8219999999999998
3423,24.842365394055705,15,10,1.8800000000000001
3424,13.714706200937806,14,11,1.9099999999999997
3425,14.054877576897447,14,11,1.9019999999999997
3426,14.403032277216166,14,11,1.8439999999999999
3427,-5.227914663674088,12,13,1.902
3428,34.0860829550707,16,9,1.938
3429,4.061171204615208,13,12,1.954
3430,-5.730295591179793,12,13,1.9
3431,4.4893411680194095,13,12,2.0360000000000005
3432,13.393037194434736,14,11,1.9139999999999997
3433,-5.938246933643214,12,13,1.9100000000000001
3434,4.024625409026268,13,12,1.9159999999999997
3435,-26.422861342109844,10,15,1.8619999999999997
3436,14.083292259174886,14,11,1.9140000000000001
3437,24.90492283287667,15,10,1.8719999999999999
3438,13.016617638966602,14,11,1.8960000000000001
3439,-6.128919861519316,12,13,1.8939999999999997
3440,13.697844087592813,14,11,1.9080000000000001
3441,24.5281250625139,15,10,1.8900000000000001
3442,14.35735241971735,14,11,1.884
3443,4.6457369872521,13,12,1.8679999999999999
3444,4.037739082293834,13,12,1.9259999999999997
3445,4.256901016120162,13,12,1.9140000000000001
3446,24.035304482674654,15,10,1.8999999999999997
3447,14.25845837470765,14,11,1.8840000000000003
3448,2.6780485947146992,13,12,1.9280000000000002
3449,14.570952381655582,14,11,1.888
3450,14.327983983932846,14,11,1.8380000000000003
3451,24.383289026191076,15,10,1.902
3452,13.959304238109945,14,11,1.9139999999999997
3453,3.35902050185923,13,12,1.8240000000000003
3454,-6.238758125148742,12,13,1.8760000000000001
3455,4.406945453803964,13,12,1.968
3456,34.96323249687768,16,9,1.904
3457,14.100500654987023,14,11,1.864
3458,-6.745928094509276,12,13,1.826
3459,14.039382032030801,14,11,1.8560000000000003
3460,14.220363727524285,14,11,1.8820000000000001
3461,14.918343567358498,14,11,1.8639999999999997
3462,3.762693887485483,13,12,1.9460000000000002
3463,24.353497781928425,15,10,1.876
3464,14.018905619281746,14,11,1.8920000000000001
3465,-5.358168917804498,12,13,1.9040000000000004
3466,14.748347744077895,14,11,1.794
3467,4.111108390711125,13,12,1.932
3468,4.806408918129218,13,12,1.8800000000000001
3469,24.059330714442886,15,10,1.9440000000000002
3470,14.425911174878522,14,11,1.8960000000000001
3471,15.804738233685828,14,11,1.9220000000000002
3472,13.782682354807346,14,11,1.8099999999999998
3473,14.185411992032723,14,11,1.8500000000000003
3474,24.295015333439277,15,10,1.8539999999999999
3475,14.152347956959273,14,11,1.8880000000000003
3476,4.099935794985559,13,12,1.8960000000000001
3477,24.695723081679667,15,10,1.86
3478,23.547306832430547,15,10,1.8920000000000001
3479,14.042298000573709,14,11,1.864
3480,14.769181986379134,14,11,2.002
3481,24.909571452995692,15,10,1.864
3482,14.959311017270553,14,11,1.8820000000000001
3483,14.986321037826416,14,11,1.862
3484,13.7596180455761,14,11,1.9340000000000004
3485,23.780624007895277,15,10,1.952
3486,13.542287503728986,14,11,1.85
3487,24.904661562485018,15,10,1.9060000000000001
3488,15.009858226482608,14,11,1.8760000000000001
3489,4.649306518794532,13,12,1.904
3490,23.452641473447294,15,10,1.9479999999999997
3491,24.522188245331606,15,10,1.9579999999999997
3492,14.72521297815198,14,11,1.9220000000000002
3493,25.391942205467217,15,10,1.8699999999999999
3494,24.249316139405853,15,10,1.922
3495,4.360013936969365,13,12,1.886
3496,23.936101283104975,15,10,1.916
3497,23.057633202206897,15,10,1.8719999999999999
3498,14.773453327446912,14,11,1.85
3499,15.380279933455919,14,11,1.952
3500,14.990257786400518,14,11,1.8719999999999999
3501,4.7536082502379795,13,12,1.8379999999999999
3502,24.958385002144503,15,10,1.8560000000000003
3503,15.07915811023578,14,11,1.89
3504,4.836642699080684,13,12,1.8399999999999999
3505,14.454874875124556,14,11,1.8539999999999999
3506,15.257990593338633,14,11,1.846
3507,25.25483395367244,15,10,1.8599999999999999
3508,15.445539972577729,14,11,1.9600000000000002
3509,14.63229651775544,14,11,1.826
3510,25.401813647190956,15,10,1.9620000000000002
3511,14.717326810104755,14,11,1.9019999999999997
3512,14.51696869908712,14,11,1.906
3513,13.832662035887664,14,11,1.8559999999999999
3514,15.27694595578684,14,11,1.9140000000000001
3515,24.494888937010735,15,10,1.9159999999999997
3516,15.151378898354961,14,11,1.8780000000000001
3517,25.485922295435287,15,10,1.892
3518,35.567775525211665,16,9,1.9560000000000002
3519,24.98044156122559,15,10,1.9339999999999997
3520,25.319962898733863,15,10,1.83
3521,24.811831316190094,15,10,1.8699999999999999
3522,25.837310438583003,15,10,1.8659999999999997
3523,14.63457426196696,14,11,1.8900000000000001
3524,14.055906178143308,14,11,1.834
3525,4.048780930081634,13,12,1.9020000000000004
3526,13.782278273014914,14,11,1.8760000000000001
3527,24.21189253758435,15,10,1.8399999999999999
3528,14.803085464960047,14,11,1.8719999999999999
3529,4.192462066779424,13,12,1.9140000000000001
3530,25.611399743522878,15,10,1.916
3531,14.327438097151049,14,11,1.8679999999999999
3532,15.153354585488676,14,11,1.8980000000000001
3533,15.02921767581916,14,11,1.876
3534,25.958770726096763,15,10,1.9140000000000001
3535,15.077373442491592,14,11,1.902
3536,25.233480160962742,15,10,1.8299999999999996
3537,14.819249895376348,14,11,1.9220000000000002
3538,15.436498518097256,14,11,1.9300000000000002
3539,14.832610272739958,14,11,1.8800000000000001
3540,15.043699144092935,14,11,1.888
3541,-5.674421701649795,12,13,1.884
3542,15.172564691756541,14,11,1.954
3543,5.534103597031798,13,12,1.8219999999999998
3544,24.93646584581168,15,10,1.8839999999999997
3545,14.696073017103302,14,11,1.8800000000000001
3546,24.034318967233347,15,10,1.9140000000000001
3547,24.199691388571587,15,10,1.9139999999999997
3548,-5.308107612684658,12,13,1.892
3549,-5.099017945494799,12,13,1.9259999999999995
3550,14.103846525334813,14,11,1.9040000000000004
3551,24.15021882507859,15,10,1.9760000000000004
3552,14.763525429649253,14,11,1.884
3553,14.317988838380366,14,11,1.8939999999999997
3554,15.305421995665327,14,11,1.9060000000000001
3555,14.515137111851528,14,11,1.85
3556,4.647833848623156,13,12,1.85
3557,13.561364212096494,14,11,1.8719999999999999
3558,25.061154189858136,15,10,1.922
3559,14.934070780489623,14,11,1.9299999999999997
3560,14.771054197869697,14,11,1.864
3561,25.2368213071462,15,10,1.8599999999999999
3562,25.266793265100887,15,10,1.892
3563,4.2184469998581555,13,12,1.922
3564,4.182614032520393,13,12,1.916
3565,4.854996929495591,13,12,1.9139999999999997
3566,15.466491097852437,14,11,1.8780000000000001
3567,24.56771051724968,15,10,1.8920000000000001
3568,15.09633908112298,14,11,1.952
3569,44.88589411345152,17,8,1.922
3570,24.99072819274683,15,10,1.842
3571,3.681825018463968,13,12,1.9140000000000001
3572,14.643066403832965,14,11,1.916
3573,13.711509472884954,14,11,1.888
3574,24.744088041010606,15,10,1.9020000000000004
3575,24.80236686377213,15,10,1.8219999999999998
3576,25.180405925377915,15,10,1.9439999999999997
3577,14.134667837744548,14,11,1.8619999999999997
3578,25.075934879036822,15,10,1.9280000000000002
3579,25.01484988122219,15,10,1.998
3580,25.246087991877488,15,10,1.8920000000000001
3581,14.816410412730376,14,11,1.9080000000000001
3582,-4.976676341999024,12,13,1.8400000000000003
3583,14.135869544727672,14,11,1.8859999999999997
3584,4.860764787449272,13,12,1.8820000000000001
3585,25.107466008364323,15,10,1.8980000000000001
3586,15.153423443814818,14,11,1.8679999999999999
3587,23.753883592622742,15,10,1.848
3588,24.72395208653521,15,10,1.884
3589,5.139233587355809,13,12,1.8980000000000001
3590,24.937782296967832,15,10,1.904
3591,3.9207471112823393,13,12,1.8699999999999997
3592,15.462065353548992,14,11,1.9080000000000001
3593,15.162834357373313,14,11,1.862
3594,24.584346089438824,15,10,1.916
3595,5.665466706581567,13,12,1.8539999999999999
3596,5.265845865601573,13,12,1.94
3597,-14.673445675097751,11,14,1.9159999999999997
3598,14.629184991630368,14,11,1.8820000000000001
3599,5.254284144570317,13,12,1.906
3600,15.102570238999174,14,11,1.9460000000000002
3601,-4.836702563853962,12,13,1.964
3602,14.438026691019758,14,11,1.9240000000000002
3603,14.989086695196193,14,11,1.9460000000000002
3604,25.914446708896804,15,10,1.874
3605,3.9822055472871405,13,12,1.8839999999999997
3606,15.246661622863986,14,11,1.828
3607,35.18301578585572,16,9,1.8979999999999997
3608,23.89817212881577,15,10,1.8780000000000006
3609,14.32733032890652,14,11,1.9200000000000004
3610,4.872187722990468,13,12,1.9120000000000001
3611,14.497831823137961,14,11,1.876
3612,14.683740721122529,14,11,1.8360000000000003
3613,-15.495897580378719,11,14,1.83
3614,4.566997310194587,13,12,2.012
3615,-5.750382121634537,12,13,1.892
3616,3.95735499518886,13,12,1.9400000000000002
3617,3.546136651529002,13,12,1.8699999999999999
3618,14.135951312395308,14,11,1.874
3619,15.003565583115947,14,11,1.9100000000000001
3620,15.530893156961893,14,11,1.8519999999999999
3621,-5.954265602367558,12,13,1.924
3622,5.326763585554184,13,12,1.9020000000000004
3623,3.4707761959259233,13,12,1.848
3624,4.331877633901874,13,12,1.8700000000000003
3625,4.887345657080942,13,12,1.9080000000000001
3626,4.253568900008952,13,12,1.8539999999999999
3627,25.433119066215973,15,10,1.95
3628,15.165762954222252,14,11,1.9680000000000004
3629,15.019706356079606,14,11,1.918
3630,-5.020110197469217,12,13,1.8820000000000001
3631,4.230910706222511,13,12,1.9140000000000001
3632,4.698113397075356,13,12,1.8739999999999999
3633,4.36250409919071,13,12,1.9060000000000001
3634,14.71021315396455,14,11,1.9300000000000002
3635,3.8255676547932786,13,12,1.8639999999999997
3636,14.643619550559112,14,11,1.862
3637,13.576838334362744,14,11,1.8739999999999999
3638,4.906046940906661,13,12,1.932
3639,5.796746963073921,13,12,1.812
3640,5.054302748929654,13,12,1.9
3641,-5.773766850985913,12,13,1.9
3642,4.798413693214059,13,12,1.9300000000000002
3643,-5.150821495604502,12,13,1.86
3644,-5.634107758307991,12,13,1.9340000000000004
3645,3.120443881607276,13,12,1.8399999999999999
3646,4.747569874884965,13,12,1.918
3647,-4.657786655908106,12,13,1.8899999999999995
3648,-4.996959580299906,12,13,1.884
3649,15.116621434770469,14,11,1.9579999999999997
3650,15.358178540865062,14,11,1.8880000000000003
3651,-5.208818854107514,12,13,1.89
3652,-5.77170818832483,12,13,1.9060000000000001
3653,14.695666925474566,14,11,1.954
3654,4.688996742097258,13,12,1.9420000000000002
3655,13.76769092545422,14,11,1.94
3656,4.43000416058724,13,12,1.886
3657,5.021731543223696,13,12,1.9920000000000002
3658,3.9942011691556,13,12,1.904
3659,14.599461830423639,14,11,1.9
3660,4.585914759314373,13,12,1.8760000000000001
3661,-5.229053972014459,12,13,1.8760000000000001
3662,4.391693478008198,13,12,1.826
3663,-6.080006959782493,12,13,1.798
3664,4.756280043875911,13,12,1.8760000000000001
3665,-5.103309398025289,12,13,1.874
3666,4.33930322693835,13,12,1.86
3667,14.915703555348696,14,11,1.864
3668,4.063580228208082,13,12,1.8720000000000003
3669,-6.41318823576376,12,13,1.918
3670,-5.141434342036021,12,13,1.902
3671,-6.075873077963309,12,13,1.8459999999999996
3672,-15.861438030614188,11,14,1.9020000000000004
3673,-15.773952630328427,11,14,1.8939999999999997
3674,-6.188730070780835,12,13,1.8780000000000001
3675,-5.570764403066363,12,13,1.9080000000000001
3676,5.3245338855591715,13,12,1.9520000000000004
3677,5.146220729611533,13,12,1.9039999999999995
3678,-6.571268203401517,12,13,1.924
3679,-5.550095397940807,12,13,1.8960000000000001
3680,-26.6198716596899,10,15,1.8999999999999997
3681,-4.8660253464271275,12,13,1.8939999999999997
3682,-5.197193848667947,12,13,1.9280000000000002
3683,-15.647274475180534,11,14,1.884
3684,-15.401092481090242,11,14,1.9279999999999997
3685,-15.302211286172472,11,14,1.8920000000000001
3686,-6.675076907294575,12,13,1.92
3687,-6.988252419427703,12,13,1.8719999999999999
3688,4.689392696324029,13,12,1.85
3689,4.308400998633992,13,12,1.9099999999999997
3690,-14.629135382753592,11,14,1.876
3691,-16.749461723047638,11,14,1.8400000000000003
3692,-15.660153129215729,11,14,1.876
3693,5.056356881014473,13,12,1.9080000000000001
3694,4.445500332613085,13,12,1.9119999999999997
3695,15.356180690560542,14,11,1.9440000000000002
3696,5.573505420875106,13,12,1.8819999999999997
3697,3.8133656755550156,13,12,1.85
3698,-5.58440948079385,12,13,1.8699999999999999
3699,-5.412214203478605,12,13,1.8860000000000003
3700,-5.17151080604824,12,13,1.9579999999999997
3701,-15.47123248711489,11,14,1.8479999999999996
3702,4.527927917891207,13,12,1.89
3703,13.169442840164107,14,11,1.8679999999999999
3704,-5.323500134278239,12,13,1.916
3705,-15.125231008009285,11,14,1.902
3706,-6.264970786270045,12,13,1.8679999999999999
3707,-15.448900916736655,11,14,1.8679999999999999
3708,-5.567958693935403,12,13,1.9899999999999998
3709,-6.8830450669396,12,13,1.844
3710,-6.8730263996877206,12,13,1.9040000000000004
3711,-5.554199714566593,12,13,1.83
3712,5.4418532697519115,13,12,1.9019999999999997
3713,-6.496764738392038,12,13,1.8539999999999996
3714,-16.79200647514609,11,14,1.832
3715,4.1261882051170895,13,12,1.8359999999999999
3716,3.6803398737699773,13,12,1.848
3717,-6.523384317060128,12,13,1.8519999999999996
3718,-5.537709761989555,12,13,1.9060000000000001
3719,4.114050913410507,13,12,1.8959999999999997
3720,4.915539547050987,13,12,1.858
3721,3.342355526281156,13,12,1.832
3722,4.2940116146928125,13,12,1.866
3723,3.8297400756328415,13,12,1.8779999999999997
3724,-14.594658054124341,11,14,1.8019999999999996
3725,-25.458553993215027,10,15,1.9
3726,4.247955282015935,13,12,1.906
3727,-5.401631288749682,12,13,1.95
3728,4.692336048510199,13,12,1.9
3729,-6.690622845018887,12,13,1.8880000000000003
3730,3.7030277036362307,13,12,1.892
3731,5.250793367253367,13,12,1.908
3732,3.401679068934971,13,12,1.884
3733,3.4195438214255542,13,12,1.8359999999999999
3734,4.3382656877932915,13,12,1.83
3735,-16.049344265104118,11,14,1.828
3736,13.449924548776057,14,11,1.8379999999999999
3737,-7.325944595812562,12,13,1.8979999999999997
3738,-5.841558524022334,12,13,1.884
3739,3.855751922041126,13,12,1.8820000000000001
3740,3.5938541002384223,13,12,1.9060000000000001
3741,24.084216080996704,15,10,1.8359999999999999
3742,4.330326956729126,13,12,1.8820000000000001
3743,5.13134957052056,13,12,1.92
3744,-6.3943072801211,12,13,1.892
3745,-6.042083183175471,12,13,1.9259999999999997
3746,-6.545863643861809,12,13,1.8240000000000003
3747,4.223305561128041,13,12,1.8699999999999997
3748,-6.566394820156466,12,13,1.8
3749,3.9399907743893365,13,12,1.9159999999999997
3750,-15.358770265984187,11,14,1.8940000000000001
3751,5.201571632262446,13,12,1.8959999999999997
3752,4.5917454962915585,13,12,1.888
3753,-6.501467313584774,12,13,1.8720000000000003
3754,-5.070746432203611,12,13,1.8859999999999997
3755,-16.59491125743674,11,14,1.862
3756,13.861175032595249,14,11,1.8539999999999999
3757,3.2783401097135556,13,12,1.848
3758,-5.392015459512985,12,13,1.8940000000000001
3759,3.1254279958733946,13,12,1.8960000000000001
3760,4.020181617086342,13,12,1.9659999999999997
3761,4.5188848147376675,13,12,1.8960000000000001
3762,-17.024656830556406,11,14,1.8539999999999999
3763,3.1590652859579382,13,12,1.8439999999999999
3764,4.959938399020924,13,12,1.89
3765,4.427950967469695,13,12,1.92
3766,-5.912300644313923,12,13,1.908
3767,4.581918429409763,13,12,1.9279999999999997
3768,-6.310402595896585,12,13,1.8760000000000001
3769,23.588600602669725,15,10,1.8820000000000001
3770,3.8465818915192393,13,12,1.8960000000000001
3771,3.7075676301728517,13,12,1.874
3772,13.414821461994197,14,11,1.9119999999999997
3773,14.797536847689834,14,11,1.916
3774,3.710387785386766,13,12,1.8380000000000003
3775,-5.860430680044823,12,13,1.864
3776,-5.9464432868114105,12,13,1.8820000000000003
3777,3.7417013361882603,13,12,1.952
3778,14.047887153065073,14,11,1.9020000000000004
3779,4.455510586476538,13,12,1.892
3780,4.983405753717812,13,12,1.8860000000000003
3781,25.132776663476612,15,10,1.844
3782,23.793845434624618,15,10,1.8619999999999997
3783,13.221366929607083,14,11,1.8559999999999999
3784,13.837923218022926,14,11,1.8419999999999999
3785,3.30828745256298,13,12,1.9140000000000001
3786,22.730862235714696,15,10,1.9280000000000002
3787,3.9619679379360857,13,12,1.8979999999999997
3788,4.188455034666855,13,12,1.8939999999999997
3789,3.3610389649444485,13,12,1.8040000000000003
3790,-6.281915323851587,12,13,1.9300000000000002
3791,3.8916901730732967,13,12,1.888
3792,-6.4834831407886995,12,13,1.918
3793,-6.424219568558609,12,13,1.9040000000000004
3794,13.931726538702518,14,11,1.92
3795,3.4242774539052974,13,12,1.9160000000000004
3796,-6.542118085937981,12,13,1.9520000000000004
3797,-15.110643230496631,11,14,1.828
3798,3.4392776475685114,13,12,1.9380000000000002
3799,4.118153541447112,13,12,1.8439999999999999
3800,14.475472607911845,14,11,1.908
3801,24.193399348631054,15,10,1.8519999999999999
3802,24.845739387488653,15,10,1.9259999999999997
3803,13.542888477794339,14,11,1.884
3804,14.234775451476123,14,11,1.8439999999999999
3805,24.568397784778902,15,10,1.9460000000000002
3806,14.537357268965593,14,11,1.8679999999999999
3807,25.068335228415098,15,10,1.902
3808,24.0910699605194,15,10,1.876
3809,4.242698821604346,13,12,1.8639999999999997
3810,24.74657921240948,15,10,1.8360000000000003
3811,23.957132014944573,15,10,1.8539999999999999
3812,-5.40428571437032,12,13,1.8219999999999998
3813,13.80825118701078,14,11,1.884
3814,-15.440394243938865,11,14,1.89
3815,15.249755386332684,14,11,1.922
3816,24.009321499900445,15,10,1.8960000000000001
3817,5.248077182022003,13,12,1.866
3818,23.068284706529138,15,10,1.9019999999999997
3819,14.878874041740339,14,11,1.8780000000000001
3820,4.586967191499168,13,12,1.8860000000000003
3821,4.441109171704481,13,12,1.9120000000000001
3822,-5.530664516442386,12,13,1.9360000000000004
3823,24.466685733521167,15,10,1.8099999999999994
3824,14.80393389915606,14,11,1.862
3825,14.035850653514327,14,11,1.8560000000000003
3826,4.770529364276765,13,12,1.848
3827,4.740435279233669,13,12,1.902
3828,5.139547788573026,13,12,1.8760000000000001
3829,14.27476131136172,14,11,1.9280000000000002
3830,4.4111297622501136,13,12,1.966
3831,25.1491761678937,15,10,1.826
3832,14.899996292721513,14,11,1.862
3833,3.6602098687952562,13,12,1.888
3834,14.305963348888728,14,11,1.8399999999999999
3835,14.04625869675052,14,11,1.904
3836,4.8291280735956565,13,12,1.9940000000000004
3837,24.576283313042932,15,10,1.8579999999999999
3838,-5.92886990509958,12,13,1.8920000000000001
3839,4.100897828388277,13,12,1.8900000000000001
3840,14.816133478083177,14,11,1.892
3841,-5.5559667439790665,12,13,1.832
3842,15.279183934024386,14,11,1.8920000000000001
3843,15.181912015238641,14,11,1.918
3844,-16.76055756423126,11,14,1.8979999999999997
3845,24.68837465317334,15,10,1.9260000000000002
3846,5.663685223625093,13,12,1.8960000000000001
3847,14.282229677845276,14,11,1.908
3848,14.966852402729854,14,11,1.886
3849,14.497804896546223,14,11,1.9059999999999995
3850,-4.898884935110345,12,13,1.858
3851,3.8111944909374897,13,12,1.9080000000000001
3852,14.644981105031285,14,11,1.9140000000000001
3853,14.234461415749546,14,11,1.8939999999999997
3854,4.508235865224563,13,12,1.8800000000000001
3855,-6.3312345562653904,12,13,1.8999999999999997
3856,5.414038998967886,13,12,1.8539999999999999
3857,3.5475640764314993,13,12,1.8959999999999997
3858,14.513030730490021,14,11,1.826
3859,13.986594229943652,14,11,1.884
3860,4.435779204452711,13,12,1.8539999999999999
3861,4.304303036337999,13,12,1.8439999999999999
3862,3.6963592803439997,13,12,1.866
3863,13.853980357974864,14,11,1.8679999999999999
3864,-25.406747021443678,10,15,1.9300000000000002
3865,5.029715554685611,13,12,1.8359999999999999
3866,-5.457073421899532,12,13,1.886
3867,14.057106915444116,14,11,1.8820000000000003
3868,34.88167915145072,16,9,1.884
3869,14.258026206327905,14,11,1.8799999999999997
3870,-16.336775606028308,11,14,1.884
3871,4.012708177264958,13,12,1.916
3872,4.788466978709437,13,12,1.9140000000000001
3873,4.854717439604478,13,12,1.8700000000000003
3874,5.480734263594014,13,12,1.8579999999999999
3875,4.753565098111881,13,12,1.886
3876,4.205197667946274,13,12,1.8379999999999999
3877,4.476180667618605,13,12,1.8840000000000003
3878,-4.9669089220954525,12,13,1.9240000000000002
3879,4.061298805298657,13,12,1.904
3880,14.518212154557895,14,11,1.8439999999999999
3881,-25.741952192607485,10,15,1.956
3882,4.2298006014603455,13,12,1.9360000000000004
3883,-15.17902418657222,11,14,1.902
3884,-4.637923217303774,12,13,1.8960000000000001
3885,-5.603616709440864,12,13,1.8960000000000001
3886,4.015670304558536,13,12,1.92
3887,3.0553758139397633,13,12,1.8399999999999999
3888,4.405790036741388,13,12,1.8560000000000003
3889,4.478752968255687,13,12,1.8519999999999999
3890,14.68159833949554,14,11,1.902
3891,4.034308000899088,13,12,1.8679999999999999
3892,-6.528211149076592,12,13,1.8219999999999998
3893,14.583603025418723,14,11,1.9099999999999997
3894,3.8234992030295434,13,12,1.924
3895,-5.580928819325234,12,13,1.902
3896,14.516829232556727,14,11,1.9080000000000001
3897,4.4691612414869475,13,12,1.834
3898,14.669259129847797,14,11,1.796
3899,-5.388885560486054,12,13,1.9100000000000001
3900,14.289260294182743,14,11,1.956
3901,14.275985702283274,14,11,1.866
3902,34.39123892890045,16,9,1.9440000000000002
3903,-5.060227473752619,12,13,1.85
3904,4.836894498109438,13,12,1.8719999999999999
3905,5.002591185562842,13,12,1.892
3906,13.514985414127088,14,11,1.92
3907,-5.261791646946006,12,13,1.892
3908,4.506800173423132,13,12,1.8539999999999999
3909,14.192867858036108,14,11,1.842
3910,23.705146250887875,15,10,1.9180000000000004
3911,14.450159265074484,14,11,1.886
3912,4.126119778492161,13,12,1.9380000000000002
3913,4.6769500231569765,13,12,1.9019999999999997
3914,-6.277991170919879,12,13,1.904
3915,4.236926596013433,13,12,1.8560000000000003
3916,14.443322376480847,14,11,1.902
3917,13.916777422315269,14,11,1.9300000000000002
3918,-5.6343621810472815,12,13,1.892
3919,15.060986012926483,14,11,1.8240000000000003
3920,-25.959909251028254,10,15,1.904
3921,14.073491578921683,14,11,1.8539999999999999
3922,-6.175919151115103,12,13,1.78
3923,14.511149606944883,14,11,1.918
3924,-16.317643281482397,11,14,1.886
3925,13.352189551916318,14,11,1.8800000000000003
3926,15.144331087453361,14,11,1.8920000000000001
3927,3.8170666477161124,13,12,1.888
3928,4.441153775957211,13,12,1.888
3929,4.002997722046189,13,12,1.9280000000000002
3930,-6.19457641102099,12,13,1.94
3931,24.79434630866909,15,10,1.846
3932,14.24582436293783,14,11,1.906
3933,4.307818295199789,13,12,1.9460000000000002
3934,24.27874123952251,15,10,1.8920000000000001
3935,3.9898008945713954,13,12,1.86
3936,-5.993009869018551,12,13,1.9240000000000002
3937,14.82869200868409,14,11,1.9100000000000001
3938,14.833222206613964,14,11,1.904
3939,24.92192151580268,15,10,1.8960000000000001
3940,14.163324925209755,14,11,1.918
3941,4.676390509617852,13,12,1.8959999999999997
3942,14.417145938093967,14,11,1.8519999999999999
3943,4.130629011569821,13,12,1.8820000000000003
3944,-5.669149437132251,12,13,1.8560000000000003
3945,-6.1854589183617374,12,13,1.936
3946,14.931834520939919,14,11,1.884
3947,14.572787006574863,14,11,1.964
3948,13.936153282268812,14,11,1.8639999999999997
3949,4.867020987102643,13,12,1.9339999999999997
3950,-6.615265701790709,12,13,1.8399999999999999
3951,34.08117004545052,16,9,1.874
3952,14.382921915036164,14,11,1.816
3953,24.83313120084678,15,10,1.8979999999999997
3954,3.899534688446243,13,12,1.8659999999999997
3955,14.603349558313862,14,11,1.846
3956,-5.518440873663261,12,13,1.8779999999999997
3957,24.56864987863812,15,10,1.9080000000000006
3958,13.846633412134434,14,11,1.9259999999999997
3959,14.97096250234233,14,11,1.9119999999999997
3960,5.391060619308078,13,12,1.9259999999999997
3961,15.235022486245,14,11,1.916
3962,35.24383214210098,16,9,1.8559999999999999
3963,5.119333421815753,13,12,1.9259999999999997
3964,14.660086101836798,14,11,1.888
3965,14.50723504881552,14,11,1.9100000000000001
3966,24.631217518624066,15,10,1.8940000000000001
3967,14.615852504765318,14,11,1.862
3968,-15.460996540872603,11,14,1.886
3969,4.1700047055916105,13,12,1.916
3970,4.751598758063812,13,12,1.9279999999999997
3971,4.504220725043954,13,12,1.9300000000000002
3972,24.251050042321488,15,10,1.902
3973,25.004535583788346,15,10,1.924
3974,5.577328062706629,13,12,1.888
3975,4.854234497807478,13,12,1.9260000000000002
3976,4.382405672867603,13,12,1.8239999999999998
3977,-5.512716532934608,12,13,1.8440000000000005
3978,3.83007416927679,13,12,1.9119999999999997
3979,24.810918211436135,15,10,1.8520000000000003
3980,14.786199164521687,14,11,1.95
3981,3.6922145219925633,13,12,1.8519999999999999
3982,15.122934181736131,14,11,1.8540000000000003
3983,25.040632000152783,15,10,1.8880000000000003
3984,14.022096284035408,14,11,1.9019999999999997
3985,23.980915590562827,15,10,1.8980000000000001
3986,14.824559356197549,14,11,1.8779999999999997
3987,15.090607069536551,14,11,1.8159999999999996
3988,4.741017274996786,13,12,1.8559999999999999
3989,13.998520143739812,14,11,1.9080000000000001
3990,14.681611144624164,14,11,1.832
3991,24.428000927069906,15,10,1.8579999999999999
3992,4.674803327814757,13,12,1.8659999999999997
3993,14.90715872956542,14,11,1.8719999999999999
3994,14.227970634056817,14,11,1.8679999999999999
3995,-15.782615735864809,11,14,1.848
3996,13.89172812879288,14,11,1.8780000000000001
3997,13.837527785654938,14,11,1.8979999999999997
3998,14.624996566155836,14,11,1.89
3999,4.458462849130892,13,12,1.922
4000,4.312162753734416,13,12,1.8699999999999999
