"# mode=unfixed d_value=0 d=[1,3] p=0.50 dr=0 seed=2 topology=fixed n_agents=5 obs_dim=34 n_episodes=3000"
episode,sum_reward,success,fail,mean_delay
1,41.605382461838545,17,8,1.95
2,72.8965685528947,20,5,1.8800000000000003
3,53.86420728457426,18,7,1.946666666666667
4,53.73939317319113,18,7,1.9139999999999997
5,63.86457682828025,19,6,1.8866666666666667
6,62.670468762794535,19,6,1.8959999999999997
7,63.778108734686555,19,6,1.8619999999999997
8,82.27413415830422,21,4,1.8939999999999997
9,73.44702095398472,20,5,1.8240000000000003
10,73.8261132092587,20,5,1.9160000000000004
11,63.30796284068778,19,6,1.956
12,84.35001906835242,21,4,1.9088888888888889
13,52.1838331141613,18,7,1.874
14,53.73234022303091,18,7,1.832
15,63.86590181445684,19,6,1.8960000000000001
16,62.92625037204172,19,6,1.8419999999999999
17,70.74099026497788,20,5,1.904
18,93.88943447511181,22,3,1.9120000000000001
19,72.96947735681961,20,5,1.8439999999999999
20,72.14462276540597,20,5,1.9579999999999997
21,81.85576889270551,21,4,1.864
22,72.7254270155334,20,5,1.83
23,73.65892163307703,20,5,1.8333333333333333
24,90.5840329457422,22,3,1.9139999999999997
25,72.71045728109436,20,5,1.884
26,83.06762483952937,21,4,1.876
27,82.58317856386023,21,4,1.8860000000000003
28,94.09967571110752,22,3,1.8640000000000003
29,81.82025968014189,21,4,1.911111111111111
30,63.315692079884904,19,6,1.8680000000000003
31,73.01347823924681,20,5,1.8900000000000001
32,74.24420745601729,20,5,1.918
33,70.43896602229714,20,5,1.8539999999999999
34,73.95409730961808,20,5,1.9260000000000002
35,64.59798208901022,19,6,1.8559999999999999
36,71.4623648439824,20,5,1.8579999999999999
37,82.61732881881086,21,4,1.908
38,73.02831264872304,20,5,1.904
39,62.58231287107044,19,6,1.8439999999999999
40,64.11450565761598,19,6,1.834
41,51.580487944707265,18,7,1.8259999999999998
42,82.46318811970686,21,4,1.866
43,63.21713218462823,19,6,1.8119999999999998
44,71.48818164293579,20,5,1.8700000000000003
45,54.64405559112862,18,7,1.8659999999999997
46,61.85994937356502,19,6,1.8519999999999999
47,83.8634710154067,21,4,1.8739999999999999
48,72.21483022289667,20,5,1.9460000000000002
49,73.04382655286604,20,5,1.8699999999999999
50,52.488540145613,18,7,1.846
51,72.95200199870362,20,5,1.8559999999999999
52,72.37868556821448,20,5,1.8840000000000003
53,72.89534258099191,20,5,1.8739999999999999
54,62.81802759994728,19,6,1.85
55,82.71740581056326,21,4,1.86
56,81.84099472813216,21,4,1.8619999999999997
57,62.24626811247282,19,6,1.8259999999999998
58,93.42669976527291,22,3,1.892
59,73.27901621343347,20,5,1.9088888888888889
60,62.895487475491315,19,6,1.9280000000000002
61,54.9161971008182,18,7,1.913333333333333
62,80.62085025054134,21,4,1.968
63,60.72053181993138,19,6,1.8979999999999997
64,74.95970801081248,20,5,1.866
65,82.62929818186375,21,4,1.952
66,84.79337212991688,21,4,1.8940000000000001
67,63.137273873155394,19,6,1.8666666666666667
68,83.52929482402541,21,4,1.8880000000000003
69,72.56559660375167,20,5,1.8559999999999999
70,61.65450628929173,19,6,1.8539999999999999
71,93.38923095786686,22,3,1.9244444444444444
72,73.04384241266825,20,5,1.8900000000000001
73,72.50882586088251,20,5,1.92
74,82.72563508981654,21,4,1.8800000000000001
75,52.65521676083161,18,7,1.858
76,62.38018329559529,19,6,1.9080000000000001
77,93.56884328873585,22,3,1.902
78,42.66558743319912,17,8,1.874
79,62.985849580157485,19,6,1.8559999999999999
80,73.3779699137604,20,5,1.8779999999999997
81,63.581613496272816,19,6,1.902
82,64.45561485833623,19,6,1.8939999999999997
83,63.8438836461217,19,6,1.8499999999999996
84,63.028347323176924,19,6,1.8511111111111112
85,83.94377894505726,21,4,1.89
86,62.758260792144085,19,6,1.8980000000000001
87,73.61623669477338,20,5,1.8866666666666667
88,52.517321805469265,18,7,1.9100000000000001
89,81.5145831567715,21,4,1.932
90,52.70268550170552,18,7,1.8299999999999996
91,61.41132828069754,19,6,1.9240000000000002
92,72.26151909582072,20,5,1.8940000000000001
93,70.54408774332263,20,5,1.8920000000000001
94,83.28668798282906,21,4,1.8299999999999996
95,62.28523209944338,19,6,1.782
96,72.11788039991642,20,5,1.8399999999999999
97,82.08567302801609,21,4,1.904
98,62.876251225724616,19,6,1.848
99,31.488248098531905,16,9,1.904
100,72.04251041961939,20,5,1.9377777777777776
101,62.73651994223465,19,6,1.8359999999999999
102,63.034896308896435,19,6,1.782
103,72.91962059008902,20,5,1.8359999999999999
104,61.303230771394475,19,6,1.8720000000000003
105,73.08259185207383,20,5,1.8780000000000001
106,81.59578006642118,21,4,1.8240000000000003
107,82.18121535779616,21,4,1.8599999999999999
108,52.58251566120127,18,7,1.8939999999999997
109,52.69963701147593,18,7,1.9119999999999997
110,62.446236271802825,19,6,1.8719999999999999
111,62.719549947547094,19,6,1.8979999999999997
112,51.437034939346525,18,7,1.886
113,62.081285034253895,19,6,1.9
114,62.163644031830025,19,6,1.908
115,81.50094971124813,21,4,1.89
116,72.57024423511814,20,5,1.9355555555555553
117,72.28739843746308,20,5,1.916
118,72.32001629031016,20,5,1.8739999999999999
119,61.267314938115604,19,6,1.828
120,70.71707023373344,20,5,1.8820000000000001
121,52.20599360726467,18,7,1.8920000000000001
122,72.50027705680237,20,5,1.862
123,73.38945416886229,20,5,1.886
124,73.69346608439325,20,5,1.8177777777777777
125,72.9530968274762,20,5,1.902
126,73.81956947724812,20,5,1.8819999999999997
127,63.65970909045731,19,6,1.9
128,63.53014577122072,19,6,1.8499999999999996
129,72.87930134179857,20,5,1.886
130,52.058485054955355,18,7,1.906
131,44.58861718616197,17,8,1.9420000000000002
132,62.54769080118016,19,6,1.913333333333333
133,62.91773063944536,19,6,1.864
134,52.89749089984003,18,7,1.8920000000000001
135,83.12248377414049,21,4,1.9579999999999997
136,31.39589641911994,16,9,1.9220000000000002
137,43.737877341895974,17,8,1.9259999999999997
138,42.85596460492077,17,8,1.94
139,81.99103020760583,21,4,1.8700000000000003
140,54.71196153540728,18,7,1.8960000000000001
141,74.64732192296688,20,5,1.8939999999999997
142,53.034759195837275,18,7,1.886
143,85.22763839756657,21,4,1.8540000000000003
144,44.60094843811929,17,8,1.9159999999999997
145,63.172957032775265,19,6,1.916
146,72.68653051429715,20,5,1.8419999999999999
147,54.25935168582325,18,7,1.8719999999999999
148,63.88295428194538,19,6,1.9080000000000001
149,73.08944879615764,20,5,1.8279999999999998
150,33.131462936603455,16,9,1.8540000000000003
151,12.731519735126524,14,11,1.83
152,74.38573866854017,20,5,1.8380000000000003
153,62.81283587369535,19,6,1.89
154,63.442781802112286,19,6,1.9019999999999997
155,55.67477293882547,18,7,1.8619999999999997
156,22.882934638688234,15,10,1.858
157,85.05831544782954,21,4,1.9200000000000002
158,64.78888083901208,19,6,1.8679999999999999
159,54.14493831887154,18,7,1.8380000000000003
160,62.462058859555576,19,6,1.86
161,64.57980234236673,19,6,1.966
162,63.705817609246395,19,6,1.8880000000000003
163,83.1525721409493,21,4,1.9080000000000001
164,82.90998784328237,21,4,1.888
165,42.80519679847113,17,8,1.8780000000000001
166,42.01370274379791,17,8,1.922
167,53.49988015913649,18,7,1.9479999999999997
168,63.01778205484327,19,6,1.842
169,63.55133904904394,19,6,1.8959999999999997
170,82.27173980737436,21,4,1.9180000000000004
171,53.55658292152838,18,7,1.904
172,53.86819075317885,18,7,1.8739999999999999
173,64.7115477533497,19,6,1.8059999999999998
174,64.21515973264079,19,6,1.8960000000000001
175,63.35588155200462,19,6,1.95
176,52.55583719009411,18,7,1.874
177,33.0417715722085,16,9,1.95
178,54.579938798097245,18,7,1.948
179,62.05074255670962,19,6,1.892
180,52.30731952711429,18,7,1.8800000000000001
181,44.19177909264933,17,8,1.8599999999999999
182,42.484822972016254,17,8,1.886
183,63.878843767076575,19,6,1.8779999999999997
184,33.2025373150062,16,9,1.8739999999999999
185,63.71363764375031,19,6,1.8359999999999999
186,53.481312692960515,18,7,1.8940000000000006
187,53.64310805091461,18,7,1.8059999999999998
188,63.86977801598462,19,6,1.9119999999999997
189,83.07807132513274,21,4,1.8940000000000001
190,55.241863209661844,18,7,1.9439999999999997
191,62.097949179358906,19,6,1.9140000000000001
192,42.10818172796971,17,8,1.884
193,52.94304705339887,18,7,1.8779999999999997
194,72.8426142593726,20,5,1.8980000000000001
195,63.924380422396375,19,6,1.932
196,81.50522847549352,21,4,1.8920000000000001
197,53.74294689491854,18,7,1.9500000000000004
198,72.81178895308858,20,5,1.8719999999999999
199,61.905499851733985,19,6,1.8960000000000001
200,52.69614349060063,18,7,1.94
201,50.4078190334096,18,7,1.89
202,81.95275439800766,21,4,1.886
203,41.62152789822903,17,8,1.86
204,63.49536982286618,19,6,1.8960000000000001
205,72.7846838361362,20,5,1.8760000000000001
206,64.67094080796862,19,6,1.908
207,63.764498122037985,19,6,1.9339999999999997
208,81.86227237752831,21,4,1.9140000000000001
209,74.09079518465114,20,5,1.9240000000000002
210,62.73850816802184,19,6,1.9099999999999997
211,74.17285227557504,20,5,1.842
212,53.897785939523246,18,7,1.884
213,74.67628536431913,20,5,1.952
214,54.36016396882212,18,7,1.8920000000000001
215,54.08665016837263,18,7,1.8980000000000001
216,51.98780894142424,18,7,1.9119999999999997
217,52.665458303830306,18,7,1.886
218,62.63158571160848,19,6,1.8520000000000003
219,74.10071299143947,20,5,1.902
220,43.22002154896366,17,8,1.8760000000000001
221,53.87197579865175,18,7,1.8419999999999999
222,64.75508228380566,19,6,1.8820000000000003
223,63.623393052289714,19,6,1.8699999999999999
224,74.58116697078952,20,5,1.8520000000000003
225,53.27232376440995,18,7,1.886
226,72.25893769113122,20,5,1.8960000000000001
227,74.16014979585596,20,5,1.8719999999999999
228,44.080407597379846,17,8,1.9080000000000001
229,54.42693739714823,18,7,1.8780000000000001
230,33.777588231873956,16,9,1.906
231,51.67984482139263,18,7,1.864
232,64.72570447707456,19,6,1.9260000000000002
233,54.477573928119725,18,7,1.8619999999999997
234,74.3850552680445,20,5,1.9
235,54.63213666075974,18,7,1.9600000000000002
236,84.14981090737884,21,4,1.8719999999999999
237,73.43955139838063,20,5,1.9299999999999997
238,53.74243779298112,18,7,2.002
239,65.11944485061932,19,6,1.8739999999999999
240,62.460974332248604,19,6,1.8519999999999999
241,64.42313670554307,19,6,1.8240000000000003
242,74.73894412528473,20,5,1.8260000000000005
243,73.76141173984908,20,5,1.846
244,55.126876723522166,18,7,1.8860000000000003
245,42.52814161114748,17,8,1.9019999999999997
246,63.87843804780587,19,6,1.8599999999999999
247,53.75784644583328,18,7,1.8800000000000001
248,63.631880493004836,19,6,1.8760000000000001
249,53.41181386777993,18,7,1.8539999999999999
250,62.821229801971946,19,6,1.85
251,64.86852958112522,19,6,1.8519999999999999
252,83.63473179411619,21,4,1.8960000000000001
253,54.329994924292805,18,7,1.83
254,53.389167694994974,18,7,1.8859999999999997
255,64.25394118733644,19,6,1.9120000000000004
256,54.32304753624735,18,7,1.906
257,63.01890456373581,19,6,1.8739999999999999
258,62.817338087947164,19,6,1.9140000000000001
259,52.45891863644756,18,7,1.848
260,74.54958566300797,20,5,1.9260000000000002
261,53.33888162072844,18,7,1.8739999999999999
262,53.81257043062558,18,7,1.9359999999999995
263,65.12508789485062,19,6,1.826
264,64.02742581446705,19,6,1.9339999999999997
265,63.91141861694487,19,6,1.8960000000000001
266,43.61040301241297,17,8,1.9759999999999998
267,65.96479595956912,19,6,1.9279999999999997
268,46.00283935581262,17,8,1.8560000000000003
269,73.6285678987064,20,5,1.8359999999999999
270,72.4257138407066,20,5,1.9400000000000002
271,63.94939392487033,19,6,1.832
272,62.885904072554396,19,6,1.8739999999999999
273,64.96174400469016,19,6,1.858
274,33.061883925171976,16,9,1.9599999999999997
275,54.3281219610432,18,7,1.8539999999999999
276,45.11353555218594,17,8,1.954
277,74.23938813264657,20,5,1.8940000000000001
278,54.18036090714635,18,7,1.8779999999999997
279,83.43890909449857,21,4,1.8539999999999999
280,73.50531384792646,20,5,1.892
281,63.748277414077045,19,6,1.8820000000000001
282,54.592967136829074,18,7,1.9300000000000002
283,64.12032659606233,19,6,1.89
284,62.01249970713573,19,6,1.984
285,53.46511106426961,18,7,1.8739999999999999
286,33.23044213581417,16,9,1.918
287,53.9647078511649,18,7,1.9259999999999997
288,53.345279853975455,18,7,1.922
289,42.905555852599264,17,8,1.948
290,63.581135042158216,19,6,1.8940000000000001
291,53.22218287130287,18,7,1.89
292,63.50658762715448,19,6,1.8860000000000003
293,64.14677800925195,19,6,1.874
294,73.27142842098866,20,5,1.892
295,61.79685982965239,19,6,1.892
296,64.12061513814265,19,6,1.902
297,73.04834523862088,20,5,1.94
298,74.26005717368791,20,5,1.938
299,43.89669239210562,17,8,1.8799999999999997
300,53.05175630469685,18,7,1.812
301,33.36919705468585,16,9,1.8979999999999997
302,63.032862133104075,19,6,1.8380000000000003
303,42.225664919371866,17,8,1.8560000000000003
304,31.920682838996374,16,9,1.8560000000000003
305,53.14843791998461,18,7,1.884
306,73.46902983206645,20,5,1.9360000000000004
307,61.613630770633236,19,6,1.8539999999999999
308,52.801586793040066,18,7,1.9319999999999997
309,54.101416200279935,18,7,1.8299999999999996
310,73.66405578801458,20,5,1.8339999999999996
311,64.35755644929992,19,6,1.918
312,72.57187265882534,20,5,1.8760000000000001
313,62.92031969893435,19,6,1.8399999999999999
314,94.28641011648502,22,3,1.9
315,63.2697033953845,19,6,1.8560000000000003
316,53.34009086702181,18,7,1.9520000000000004
317,62.40923995647324,19,6,1.8780000000000001
318,63.49600659677006,19,6,1.8539999999999999
319,62.16240655730975,19,6,1.818
320,42.99491569154063,17,8,1.906
321,52.93334218365104,18,7,1.832
322,72.26272845906232,20,5,1.918
323,62.06585066176048,19,6,1.966
324,73.47584503931483,20,5,1.8579999999999994
325,92.5968831739048,22,3,1.906
326,63.820328485245135,19,6,1.9099999999999997
327,52.881876362382584,18,7,1.846
328,72.96612628061933,20,5,1.8679999999999999
329,53.024895285196415,18,7,1.908
330,81.84536828259868,21,4,1.902
331,62.55819309877192,19,6,1.924
332,72.65354107732541,20,5,1.932
333,51.973276416755,18,7,1.934
334,83.75660873320687,21,4,1.848
335,81.71872169947042,21,4,1.89
336,61.36606326318001,19,6,1.8619999999999997
337,70.35384378884322,20,5,1.9400000000000002
338,61.560353675489054,19,6,1.848
339,51.97706086063397,18,7,1.9
340,72.41647790924522,20,5,1.884
341,42.63504793891802,17,8,1.892
342,84.37226935090261,21,4,1.9019999999999997
343,62.256664069807584,19,6,1.8780000000000001
344,82.63601612569974,21,4,1.9460000000000002
345,71.40375175603957,20,5,1.8539999999999999
346,73.22335344153734,20,5,1.936
347,62.87924846498553,19,6,1.8820000000000001
348,72.86703728700888,20,5,1.816
349,62.94410003472444,19,6,1.94
350,63.42414990110939,19,6,1.934
351,73.52726598635132,20,5,1.8980000000000001
352,62.9715667972733,19,6,1.9200000000000004
353,82.94867176381325,21,4,1.8620000000000005
354,72.92080325270614,20,5,1.814
355,72.49858648654059,20,5,1.8639999999999997
356,63.73215032085964,19,6,1.9288888888888889
357,62.71708901897858,19,6,1.8779999999999997
358,82.35807182689032,21,4,1.8299999999999996
359,60.68096897829862,19,6,1.794
360,93.28385035502521,22,3,1.8540000000000003
361,93.40631120513683,22,3,1.8359999999999999
362,61.811350288415795,19,6,1.9100000000000001
363,71.66995903730577,20,5,1.9040000000000006
364,83.06610030068855,21,4,1.8920000000000001
365,82.08028240524877,21,4,1.8659999999999997
366,83.4628195248945,21,4,1.8719999999999999
367,81.35562831096465,21,4,1.8939999999999997
368,82.73744241790268,21,4,1.9499999999999997
369,90.62706573025669,22,3,1.8880000000000003
370,72.5654408548403,20,5,1.9280000000000002
371,83.93156410216432,21,4,1.8820000000000001
372,83.57069057266312,21,4,1.884
373,80.91490256829977,21,4,1.8199999999999998
374,72.29440002755298,20,5,1.916
375,83.35267217754014,21,4,1.9020000000000004
376,83.03588700595336,21,4,1.8980000000000001
377,64.31796853743101,19,6,1.8199999999999998
378,81.31533314571095,21,4,1.834
379,72.3749502096809,20,5,1.876
380,92.01739487716087,22,3,1.8719999999999999
381,93.15903190257356,22,3,1.8977777777777776
382,82.6853402662461,21,4,1.932
383,72.16525004803246,20,5,1.8880000000000003
384,73.62356769069727,20,5,1.848
385,81.37181170403328,21,4,1.8940000000000001
386,83.5838259435952,21,4,1.902
387,81.36027227664283,21,4,1.8960000000000001
388,72.52533797433946,20,5,1.932
389,71.90003972516546,20,5,1.8720000000000003
390,83.0047992382831,21,4,1.8959999999999997
391,72.82249214265497,20,5,1.936
392,82.56638153988186,21,4,1.911111111111111
393,82.56281561019627,21,4,1.9199999999999995
394,62.629794982502176,19,6,1.8379999999999999
395,92.36306134429289,22,3,1.9259999999999997
396,73.92073679571088,20,5,1.848
397,83.25390588944417,21,4,1.8200000000000003
398,82.52523129600047,21,4,1.9
399,72.13544573121207,20,5,1.8700000000000003
400,82.53623130234288,21,4,1.8920000000000001
401,93.1765688963096,22,3,1.858
402,72.73640322535906,20,5,1.864
403,83.01757897883756,21,4,1.8919999999999995
404,62.06823094598235,19,6,1.89
405,93.32615708419681,22,3,1.8960000000000001
406,63.086193073174584,19,6,1.9080000000000001
407,72.32349550148487,20,5,1.932
408,82.20182944961174,21,4,1.886
409,63.61775291367792,19,6,1.8980000000000001
410,83.32383354865075,21,4,1.936
411,93.4983180219367,22,3,1.862222222222222
412,82.21321102028367,21,4,1.8840000000000003
413,83.20035442665089,21,4,1.9119999999999997
414,72.63201406631566,20,5,1.9259999999999997
415,82.68123100037062,21,4,1.86
416,74.03533052055153,20,5,1.8059999999999998
417,74.11647095965093,20,5,1.8900000000000001
418,81.8157727451626,21,4,1.818
419,82.1371896285624,21,4,1.9120000000000001
420,73.61133538225248,20,5,1.862
421,73.41451469557869,20,5,1.9459999999999993
422,75.42772314765742,20,5,1.8519999999999999
423,93.58829242383852,22,3,1.92
424,81.36973425157629,21,4,1.9100000000000001
425,73.5609973291969,20,5,1.8579999999999999
426,92.85082503440941,22,3,1.888
427,84.28187324834835,21,4,1.8879999999999995
428,92.84700528754485,22,3,1.86
429,63.42629121113468,19,6,1.8820000000000003
430,74.3334257807077,20,5,1.906
431,71.74612342931361,20,5,1.954
432,82.55436479439724,21,4,1.8780000000000001
433,73.95225307910717,20,5,1.9560000000000002
434,73.18791901572217,20,5,1.8940000000000001
435,70.70876617787204,20,5,2.0060000000000002
436,94.54889975192312,22,3,1.8911111111111114
437,72.4546863554925,20,5,1.906
438,93.24908590473561,22,3,1.9460000000000004
439,84.28316508065649,21,4,1.9088888888888889
440,83.62303760096566,21,4,1.9579999999999997
441,71.81834295087697,20,5,1.916
442,82.42968238017768,21,4,1.8699999999999997
443,93.03311799183459,22,3,1.8920000000000001
444,84.29138124370365,21,4,1.8639999999999997
445,73.78656186859021,20,5,1.8940000000000001
446,83.4974097079444,21,4,1.8719999999999999
447,72.92178851747674,20,5,1.842222222222222
448,82.54409292891465,21,4,1.8639999999999997
449,93.91032026017871,22,3,1.8466666666666665
450,74.97498803387657,20,5,1.8940000000000001
451,62.97805370865551,19,6,1.8980000000000001
452,84.01164599973511,21,4,1.9319999999999997
453,93.47500050688055,22,3,1.9099999999999997
454,72.30266944460226,20,5,1.8779999999999997
455,82.71879322269314,21,4,1.876
456,72.30706185676752,20,5,1.9120000000000001
457,83.09087193278522,21,4,1.8679999999999999
458,82.89946446452498,21,4,1.8559999999999999
459,61.896466987653966,19,6,1.9319999999999997
460,82.20733851816645,21,4,1.848
461,81.88825292568775,21,4,1.9139999999999997
462,104.0928251310374,23,2,1.9222222222222223
463,103.32845592626789,23,2,1.89
464,83.77643592892403,21,4,1.9466666666666665
465,93.84192034177397,22,3,1.9579999999999997
466,83.31172656401479,21,4,1.8999999999999997
467,82.78554931071203,21,4,1.8780000000000001
468,92.65639961121715,22,3,1.936
469,93.10142402634203,22,3,1.906
470,83.6942932239737,21,4,1.862
471,71.00430273628696,20,5,1.866
472,82.75390503077423,21,4,1.876
473,72.39312840500992,20,5,1.9080000000000001
474,93.32039791536387,22,3,1.8439999999999999
475,92.90881362949753,22,3,1.8699999999999999
476,84.37402232831863,21,4,1.906
477,93.76050313021511,22,3,1.862
478,74.04058214835197,20,5,1.8039999999999998
479,71.87812622119856,20,5,1.884
480,82.25074318239385,21,4,1.938
481,62.15523957867099,19,6,1.884
482,83.56370709401888,21,4,1.8820000000000001
483,83.04027959552981,21,4,1.8700000000000003
484,94.84356525770797,22,3,1.897777777777778
485,72.83497456406015,20,5,1.9119999999999997
486,82.80024124682775,21,4,1.897777777777778
487,73.46093652163998,20,5,1.8780000000000001
488,92.11723787491421,22,3,1.9460000000000002
489,62.483222639068934,19,6,1.9160000000000004
490,93.57308659784323,22,3,1.8980000000000001
491,71.95509017667239,20,5,1.8940000000000001
492,93.86854144610555,22,3,1.92
493,93.1476482976293,22,3,1.884
494,103.82574976392762,23,2,1.8779999999999997
495,82.89593023897245,21,4,1.9
496,92.87529351947472,22,3,1.8939999999999997
497,93.25357102851557,22,3,1.814
498,102.89197897178975,23,2,1.834
499,93.31527143346099,22,3,1.8780000000000001
500,93.0445870524224,22,3,1.884
501,84.37846341042994,21,4,1.826
502,91.50362209612767,22,3,1.9140000000000001
503,102.4957545551798,23,2,1.8679999999999999
504,83.63564129021466,21,4,1.8780000000000001
505,82.67882460920522,21,4,1.9339999999999997
506,93.32227434320978,22,3,1.924
507,91.09908159528428,22,3,1.8579999999999999
508,82.62641304784646,21,4,1.832
509,84.2693903123568,21,4,1.8099999999999998
510,93.67737480377056,22,3,1.89
511,62.93701212033782,19,6,1.9360000000000004
512,72.91031677634378,20,5,1.884
513,93.18808241796893,22,3,1.8900000000000001
514,83.42446078557299,21,4,1.9179999999999997
515,92.40475485904567,22,3,1.9479999999999997
516,73.43075931913316,20,5,1.8779999999999997
517,92.82065165786685,22,3,1.888
518,73.06856967094447,20,5,1.89
519,82.10274488650616,21,4,1.94
520,83.12259158086145,21,4,1.862
521,73.14428593187134,20,5,1.8359999999999996
522,80.99648928723951,21,4,1.9439999999999997
523,72.07872600291373,20,5,1.9439999999999997
524,72.85795000568012,20,5,1.918
525,112.15441462070176,24,1,1.9419999999999995
526,82.06117216668936,21,4,1.9
527,82.68947587784808,21,4,1.9040000000000004
528,92.67646015771804,22,3,1.92
529,63.31837933823581,19,6,1.9360000000000004
530,82.31922443643964,21,4,1.9540000000000002
531,71.93886149275913,20,5,1.8639999999999997
532,61.15316510729576,19,6,1.9279999999999997
533,92.44374676068134,22,3,1.8359999999999999
534,91.88490092729761,22,3,1.8340000000000003
535,72.2495399784602,20,5,1.8699999999999997
536,72.29191914117123,20,5,1.916
537,82.4242336842348,21,4,1.9300000000000004
538,83.20863465303093,21,4,1.9140000000000001
539,83.28815640550197,21,4,1.8760000000000001
540,94.8652271136691,22,3,1.8939999999999997
541,62.35170165938494,19,6,1.8619999999999997
542,63.28688296517669,19,6,1.888
543,72.92144889260764,20,5,1.8780000000000001
544,92.08920653899085,22,3,1.94
545,83.57867410024346,21,4,1.8939999999999997
546,82.97871935707477,21,4,1.9340000000000004
547,71.10612982436969,20,5,1.8099999999999998
548,73.61010187122929,20,5,1.8359999999999999
549,61.94902430785298,19,6,1.9299999999999997
550,93.08149141009531,22,3,1.8079999999999998
551,84.09391860989663,21,4,1.8533333333333333
552,83.25620536931615,21,4,1.844
553,83.32823431916678,21,4,1.8679999999999999
554,82.37008786166066,21,4,1.798
555,82.83570780289546,21,4,1.8820000000000001
556,83.25547711183971,21,4,1.902
557,92.75712867639702,22,3,1.9099999999999997
558,62.640215065190574,19,6,1.846
559,73.94172907580078,20,5,1.8839999999999997
560,81.76048995419036,21,4,1.8980000000000004
561,92.78647028233462,22,3,1.8880000000000003
562,82.41897451003015,21,4,1.9140000000000001
563,73.18364651767362,20,5,1.968
564,73.06454206953057,20,5,1.97
565,93.14154102430275,22,3,1.9088888888888889
566,73.09377658867604,20,5,1.89
567,81.48924603957863,21,4,1.8719999999999999
568,72.5375787042407,20,5,1.828
569,73.44266257555876,20,5,1.8820000000000001
570,64.42351648467388,19,6,1.9140000000000001
571,81.29846528747134,21,4,1.924
572,73.56429306953122,20,5,1.8579999999999999
573,72.82327611185136,20,5,1.9179999999999997
574,81.3391131356179,21,4,1.904
575,72.30572508753181,20,5,1.956
576,81.71124105313002,21,4,1.864
577,82.64830320887171,21,4,1.8679999999999999
578,92.38591573607417,22,3,1.864
579,82.28521162537312,21,4,1.8180000000000003
580,82.26099568273466,21,4,1.8980000000000001
581,82.59816283738736,21,4,1.8680000000000003
582,92.02813113174516,22,3,1.8719999999999999
583,92.27419832062512,22,3,1.8800000000000001
584,93.1768808612385,22,3,1.94
585,93.02303999913947,22,3,1.862
586,71.81748384822853,20,5,1.918
587,103.22781256014527,23,2,1.8419999999999999
588,81.95030783306319,21,4,1.92
589,83.80115075167438,21,4,1.9300000000000002
590,72.57000311936126,20,5,1.814
591,92.76212411965153,22,3,1.9739999999999998
592,82.29392278178211,21,4,1.86
593,92.65402375204172,22,3,1.8979999999999997
594,92.98907375376957,22,3,1.9279999999999997
595,62.96343534184323,19,6,1.9280000000000002
596,92.52645959485312,22,3,1.8560000000000003
597,91.52231196443655,22,3,1.8560000000000003
598,91.81560095065629,22,3,1.8539999999999999
599,61.58474130901233,19,6,1.826
600,81.53315328076575,21,4,1.892
601,82.61861932423709,21,4,1.8719999999999999
602,72.49195786528833,20,5,1.8159999999999996
603,91.59891423513442,22,3,1.9480000000000004
604,92.34889997529575,22,3,1.812
605,84.08824575299873,21,4,1.918
606,82.79434767911819,21,4,1.9620000000000004
607,81.3205179870001,21,4,1.8720000000000003
608,70.64730958114434,20,5,1.8960000000000001
609,92.98369380142863,22,3,1.884
610,93.08468452849114,22,3,1.784
611,92.61354460500065,22,3,1.8639999999999997
612,62.565579978311,19,6,1.8359999999999999
613,73.75449624121381,20,5,1.8180000000000003
614,92.04608194302291,22,3,1.862
615,92.78013572172713,22,3,1.8739999999999999
616,91.63547295115984,22,3,1.8422222222222224
617,91.5015219302247,22,3,1.8820000000000001
618,91.7674207149322,22,3,1.9280000000000002
619,83.57996077351139,21,4,1.9140000000000001
620,92.20140881047462,22,3,1.874
621,93.40003064866191,22,3,1.906
622,91.22038267157106,22,3,1.8539999999999999
623,91.94557927258009,22,3,1.918
624,91.73402399818319,22,3,1.8699999999999999
625,72.02078361031178,20,5,1.8980000000000004
626,92.48277027840746,22,3,1.8844444444444441
627,81.3815926819483,21,4,1.9080000000000001
628,83.08997033451243,21,4,1.8755555555555554
629,80.85950854586142,21,4,1.952
630,82.26837105655787,21,4,1.9599999999999997
631,92.52712543566994,22,3,1.886
632,81.29545617943674,21,4,1.9119999999999997
633,81.83360254757368,21,4,1.83
634,72.35305150843882,20,5,1.85
635,92.58091856187183,22,3,1.8960000000000001
636,93.34372913997007,22,3,1.8479999999999996
637,81.82311139351461,21,4,1.8699999999999999
638,92.12849268937752,22,3,1.8779999999999997
639,81.32238333807098,21,4,1.9280000000000002
640,82.31059467391933,21,4,1.8960000000000001
641,101.57356878561359,23,2,1.892
642,83.53003164242537,21,4,1.9120000000000001
643,92.69317337078263,22,3,1.89
644,91.45411462209864,22,3,1.9599999999999997
645,92.24739270108657,22,3,1.924
646,83.07663311635613,21,4,1.8599999999999999
647,72.42699492544291,20,5,1.8579999999999999
648,92.60300784490076,22,3,1.8579999999999999
649,83.62258351528051,21,4,1.8960000000000001
650,80.87379756407195,21,4,1.832
651,82.43297853166548,21,4,1.9419999999999997
652,82.84547079372676,21,4,1.8699999999999999
653,82.67044938595731,21,4,1.8900000000000001
654,82.99659818856838,21,4,1.9080000000000001
655,81.46677406607803,21,4,1.9420000000000002
656,92.07539634118297,22,3,1.8660000000000003
657,91.60165836851874,22,3,1.9259999999999997
658,82.10245734633861,21,4,1.9339999999999997
659,72.65937738488145,20,5,1.9099999999999997
660,91.910719447382,22,3,1.948
661,82.97870697625257,21,4,1.8259999999999998
662,92.78684499352761,22,3,1.92
663,82.28837760632163,21,4,1.844
664,82.95724201605292,21,4,1.846
665,83.74660812025596,21,4,1.828
666,72.9119275158123,20,5,1.892
667,91.67011951051907,22,3,1.9419999999999997
668,82.76764317578476,21,4,1.9020000000000004
669,83.0256575770369,21,4,1.9579999999999997
670,91.73966813545216,22,3,1.8779999999999997
671,83.3228531280054,21,4,1.94
672,70.84399150335932,20,5,1.8039999999999998
673,82.99920918403066,21,4,1.906
674,82.85655320215126,21,4,1.9220000000000002
675,61.72645884972447,19,6,1.932
676,83.230757872951,21,4,1.9280000000000002
677,61.374013288908984,19,6,1.8779999999999997
678,92.52083329347332,22,3,1.9660000000000004
679,72.75383663461874,20,5,1.8619999999999997
680,82.92537050290791,21,4,1.8719999999999999
681,82.17104667166278,21,4,1.918
682,81.27538387912284,21,4,1.934
683,91.10719903218732,22,3,1.8699999999999999
684,90.56938415224221,22,3,1.8679999999999997
685,83.07041566464954,21,4,1.8900000000000001
686,72.21666804610268,20,5,1.9360000000000004
687,82.95165452396421,21,4,1.9088888888888889
688,72.1252870652694,20,5,1.9577777777777778
689,82.23220725161843,21,4,1.8880000000000003
690,51.492893482871644,18,7,1.8700000000000003
691,93.54170034401155,22,3,1.8799999999999997
692,70.5719965348004,20,5,1.9120000000000001
693,61.74559776616874,19,6,1.9339999999999997
694,92.74093444511564,22,3,1.8511111111111112
695,82.5981757909826,21,4,1.9260000000000002
696,81.7798260353661,21,4,1.8359999999999999
697,50.543910576434996,18,7,1.81
698,91.44794255184942,22,3,1.8739999999999999
699,82.39893944326428,21,4,1.8780000000000001
700,72.52164142267593,20,5,1.8819999999999997
701,82.4536325714613,21,4,1.9259999999999997
702,72.15086755834561,20,5,1.8939999999999997
703,72.8883877106402,20,5,1.966
704,72.31956157111274,20,5,1.8699999999999999
705,92.11227066398294,22,3,1.8539999999999999
706,50.82280271215582,18,7,1.9
707,82.24890923823271,21,4,1.904
708,89.8336037616799,22,3,1.8219999999999998
709,81.78443287403836,21,4,1.897777777777778
710,80.5281710139794,21,4,1.874
711,71.66417809453527,20,5,1.904
712,93.03127684839033,22,3,1.9
713,82.4873202413358,21,4,1.862
714,71.72052441264643,20,5,1.8666666666666663
715,82.36289284544948,21,4,1.891111111111111
716,81.68610402715032,21,4,1.832
717,82.48236956127391,21,4,1.9259999999999997
718,92.65107698849111,22,3,1.8960000000000001
719,82.37838120554225,21,4,1.8220000000000003
720,81.16172681556506,21,4,1.8679999999999999
721,82.3934110708609,21,4,1.8840000000000003
722,82.00521163671999,21,4,1.9200000000000004
723,70.91382612250045,20,5,1.92
724,93.19023352364904,22,3,1.9155555555555555
725,91.81619280618263,22,3,1.8800000000000001
726,91.31870753504555,22,3,1.9933333333333334
727,71.65598199254742,20,5,1.888
728,82.65678840624373,21,4,1.8579999999999999
729,83.01170818278462,21,4,1.8399999999999999
730,72.2504632940294,20,5,1.874
731,91.88612366941885,22,3,1.9220000000000002
732,73.237774942751,20,5,1.8711111111111112
733,83.21720880604491,21,4,1.8419999999999999
734,82.03836983384764,21,4,1.8220000000000003
735,71.60687893220096,20,5,1.9060000000000001
736,92.39502710317302,22,3,1.906
737,72.08005821568865,20,5,1.92
738,70.94047999915206,20,5,1.876
739,90.66468156077245,22,3,1.8679999999999999
740,71.36824818868227,20,5,1.9160000000000004
741,91.68874522940327,22,3,1.934
742,81.63966624952961,21,4,1.8679999999999999
743,63.383782935471324,19,6,1.8800000000000001
744,80.52280429992858,21,4,1.858
745,91.2925600919526,22,3,1.8840000000000003
746,81.454499498611,21,4,1.9119999999999997
747,61.54574121067601,19,6,1.918
748,91.74305297324047,22,3,1.8977777777777776
749,62.69390784597466,19,6,1.964
750,81.07546758594873,21,4,1.9000000000000004
751,72.13813838737225,20,5,1.876
752,81.82539998462696,21,4,1.85
753,83.54853494637727,21,4,1.8520000000000003
754,72.74213581792415,20,5,1.888
755,82.47917351132371,21,4,1.8560000000000003
756,72.70087338682863,20,5,1.8999999999999997
757,73.12381139550251,20,5,1.8799999999999997
758,71.78927480602206,20,5,1.828
759,62.39373204130856,19,6,1.8360000000000003
760,71.97804705379994,20,5,1.8059999999999998
761,81.8468960264267,21,4,1.9260000000000002
762,60.90981205994165,19,6,1.8739999999999999
763,82.11666397537626,21,4,1.902
764,71.30043100432115,20,5,1.918
765,82.81628585762792,21,4,1.916
766,83.39736082153577,21,4,1.842
767,91.67501613487174,22,3,1.864
768,92.93141780273272,22,3,1.8480000000000003
769,82.32668363692079,21,4,1.8699999999999999
770,61.49903581372367,19,6,1.964
771,81.53158976277922,21,4,1.83
772,92.2928587076122,22,3,1.9380000000000002
773,83.2531434527617,21,4,1.8699999999999999
774,92.9692021101124,22,3,1.9140000000000001
775,82.42499547935978,21,4,1.8560000000000003
776,72.25642575903638,20,5,1.934
777,81.63514965949578,21,4,1.916
778,82.03989239425448,21,4,1.8579999999999999
779,81.19736028526835,21,4,1.8619999999999997
780,83.10897612665812,21,4,1.8699999999999999
781,62.89374751241764,19,6,1.8820000000000001
782,82.09803666965323,21,4,1.9080000000000001
783,83.28120284736106,21,4,1.86
784,82.044643880152,21,4,1.956
785,83.00126089842769,21,4,1.936
786,83.03598729217504,21,4,1.932
787,91.54649291977786,22,3,1.8519999999999996
788,61.289642697796864,19,6,1.8880000000000003
789,82.84302962453448,21,4,1.89
790,90.81718148683075,22,3,1.8199999999999998
791,81.56373447315536,21,4,1.9580000000000002
792,63.76328716865021,19,6,1.9220000000000002
793,72.20990051720501,20,5,1.9120000000000001
794,83.8210809338741,21,4,1.8699999999999999
795,73.49260584628023,20,5,1.8539999999999999
796,90.60255830328457,22,3,1.8419999999999999
797,80.99049559990452,21,4,1.9100000000000001
798,91.63499627024107,22,3,1.892
799,81.00881450910298,21,4,1.95
800,82.07285101310495,21,4,1.892
801,80.77674380094928,21,4,1.8039999999999998
802,82.69416522073982,21,4,1.888
803,61.34511417154002,19,6,1.964
804,91.84874880295094,22,3,1.8939999999999997
805,91.69008272361474,22,3,1.8599999999999999
806,102.2132144271912,23,2,1.844
807,72.19090970450023,20,5,1.864
808,91.87045415659227,22,3,1.9100000000000001
809,82.80135034891283,21,4,1.932
810,82.24464493296306,21,4,1.9460000000000002
811,62.14745398445392,19,6,1.918
812,93.56560579550514,22,3,1.9199999999999997
813,91.96720304607436,22,3,1.8360000000000003
814,71.96815552053917,20,5,1.846
815,73.26197976948183,20,5,1.85
816,72.67289823619235,20,5,1.8820000000000003
817,82.57736759554183,21,4,1.8559999999999999
818,83.34677301627258,21,4,1.8688888888888888
819,100.88420308345079,23,2,1.8720000000000003
820,71.98067134729136,20,5,1.8400000000000003
821,92.12601489156727,22,3,1.9780000000000002
822,62.226794997105664,19,6,1.8479999999999996
823,72.7988601061605,20,5,1.886
824,81.50636470176882,21,4,1.8240000000000003
825,82.0142332985911,21,4,1.906
826,61.9680610040094,19,6,1.9120000000000001
827,62.15021182499942,19,6,1.876
828,81.52178365640485,21,4,1.918
829,82.13047445512336,21,4,1.8733333333333333
830,61.80144611013156,19,6,1.94
831,71.94848060113794,20,5,1.8739999999999999
832,51.81006261015059,18,7,1.902
833,71.16050223150924,20,5,1.986
834,72.62476149463359,20,5,1.9339999999999997
835,81.70786156802374,21,4,1.8779999999999997
836,72.02251547365569,20,5,1.9139999999999997
837,71.98216048263805,20,5,1.9066666666666667
838,82.12812633179237,21,4,1.9560000000000002
839,72.48227472878003,20,5,1.95
840,71.50588316243679,20,5,1.8820000000000001
841,41.42172995719926,17,8,1.982
842,71.84408456172717,20,5,1.8579999999999999
843,71.56626217396015,20,5,1.9439999999999997
844,71.45443992130129,20,5,1.884
845,91.3069939765598,22,3,1.834
846,63.208882140546336,19,6,1.81
847,82.5528039605753,21,4,1.7879999999999998
848,72.33733650034253,20,5,1.904
849,92.973464510439,22,3,1.8800000000000001
850,73.13993398824195,20,5,1.866
851,73.8757511723516,20,5,1.924
852,61.384735522365844,19,6,1.892
853,72.82603994152237,20,5,1.8980000000000001
854,62.64306336348885,19,6,1.938
855,91.78217865439231,22,3,1.9280000000000002
856,72.65754396887142,20,5,1.9140000000000001
857,52.28730167606416,18,7,1.8880000000000003
858,73.07588543076001,20,5,1.8579999999999999
859,83.31441152344968,21,4,1.8980000000000004
860,62.09103438428128,19,6,1.8839999999999997
861,72.12612016787865,20,5,1.8639999999999997
862,62.75807051195687,19,6,1.9780000000000002
863,62.50578373712665,19,6,1.8820000000000001
864,83.0688026265971,21,4,1.8620000000000005
865,73.75107167358556,20,5,1.902
866,52.20344155609516,18,7,1.8939999999999997
867,72.93671420019581,20,5,1.8559999999999999
868,72.82356949274708,20,5,1.884
869,52.57938087962979,18,7,1.8559999999999999
870,62.46241772627411,19,6,1.9119999999999997
871,62.48542552034401,19,6,1.9340000000000004
872,72.37251414041593,20,5,1.9200000000000004
873,72.50579469305664,20,5,1.8480000000000003
874,72.66728831112263,20,5,1.8920000000000001
875,64.07672644868245,19,6,1.81
876,82.17719233807729,21,4,1.8359999999999999
877,72.55698069318385,20,5,1.8619999999999997
878,81.97449196778305,21,4,1.884
879,82.5298349266666,21,4,1.8800000000000003
880,52.76835037842267,18,7,1.842
881,82.79888067545312,21,4,1.9039999999999995
882,74.37823899605722,20,5,1.8760000000000001
883,82.6322220497251,21,4,1.908
884,63.56152515917105,19,6,1.846
885,62.610917612148214,19,6,1.8539999999999999
886,72.17055587380278,20,5,1.8840000000000003
887,73.51702851163633,20,5,1.8960000000000001
888,83.05234178112664,21,4,1.8679999999999999
889,72.97717391311876,20,5,1.826
890,72.06026156595948,20,5,1.8639999999999997
891,72.08302774532396,20,5,1.9100000000000001
892,73.4852698801972,20,5,1.864
893,63.303137518652996,19,6,1.8699999999999999
894,52.53143194954146,18,7,1.9099999999999997
895,84.15754110599335,21,4,1.832
896,72.30913086187036,20,5,1.8719999999999999
897,72.54107515386708,20,5,1.9019999999999997
898,62.7172430732467,19,6,1.8960000000000001
899,82.60493826915453,21,4,1.9120000000000001
900,82.73919947796261,21,4,1.9260000000000002
901,72.27162369680669,20,5,1.932
902,84.15343331251015,21,4,1.9080000000000001
903,73.16757530768525,20,5,1.9119999999999997
904,71.13936229593236,20,5,1.8720000000000003
905,92.37194835270412,22,3,1.906
906,72.55714735499464,20,5,1.8939999999999997
907,83.61155548669697,21,4,1.8699999999999999
908,71.5116425512147,20,5,1.9300000000000002
909,81.25028540627603,21,4,1.8700000000000003
910,82.69163142555954,21,4,1.9120000000000001
911,92.24248131238987,22,3,1.8199999999999998
912,82.27008437385521,21,4,1.8780000000000001
913,81.53941320226971,21,4,1.9599999999999997
914,71.3585077951349,20,5,1.9259999999999997
915,70.9862753902654,20,5,1.8939999999999997
916,73.0402634981864,20,5,1.8539999999999999
917,81.08572991590431,21,4,1.908
918,81.05174224417758,21,4,1.8960000000000001
919,92.5813732738767,22,3,1.83
920,72.40812974980534,20,5,1.862
921,80.67521923335232,21,4,1.8480000000000003
922,81.73444416046891,21,4,1.9259999999999997
923,62.68186423782945,19,6,1.8679999999999999
924,82.81641126960807,21,4,1.8519999999999996
925,82.57091889155556,21,4,1.864
926,71.98793879044186,20,5,1.8519999999999999
927,82.16056741212907,21,4,1.8359999999999999
928,72.28309144805098,20,5,1.874
929,82.89297749304257,21,4,1.85
930,82.09652425359221,21,4,1.904
931,72.72036947883193,20,5,1.8159999999999996
932,83.26035784408381,21,4,1.8699999999999999
933,83.40296644199645,21,4,1.8839999999999997
934,72.05653773705149,20,5,1.8780000000000001
935,82.29443758047198,21,4,1.9100000000000001
936,81.93629947129219,21,4,1.866
937,73.97032178551093,20,5,1.8699999999999999
938,101.9037106349563,23,2,1.8540000000000003
939,81.31986725439442,21,4,1.8559999999999999
940,72.28265076718264,20,5,1.938
941,82.80718592098056,21,4,1.848
942,81.85947067359743,21,4,1.8459999999999996
943,81.52751783321094,21,4,1.9739999999999998
944,81.65101599071977,21,4,1.846
945,83.15572665532949,21,4,1.8219999999999998
946,72.72803479320612,20,5,1.8820000000000001
947,92.62739644122796,22,3,1.8780000000000001
948,71.22029424074938,20,5,1.86
949,81.45171174729975,21,4,1.8539999999999999
950,72.10042966581132,20,5,1.8820000000000001
951,71.64624349490869,20,5,1.9080000000000001
952,91.67501968475852,22,3,1.9279999999999997
953,82.15993836847817,21,4,1.92
954,82.82317664549547,21,4,1.8720000000000003
955,101.91643120960428,23,2,1.9700000000000002
956,82.6665804115818,21,4,1.8839999999999997
957,82.31220248716856,21,4,1.9340000000000004
958,71.51780633084746,20,5,1.9
959,83.39523923069302,21,4,1.78
960,82.99949129354498,21,4,1.8939999999999997
961,91.21171652476029,22,3,1.8000000000000003
962,81.35966741216487,21,4,1.9459999999999997
963,73.32017288561974,20,5,1.902
964,81.81851433118356,21,4,1.8539999999999999
965,61.33212603434915,19,6,1.8719999999999999
966,72.01678213856687,20,5,1.884
967,81.75203007402772,21,4,1.9259999999999997
968,73.06158556845115,20,5,1.916
969,72.45105929151799,20,5,1.8599999999999999
970,73.16118822907501,20,5,1.8888888888888888
971,83.06992317015104,21,4,1.8339999999999996
972,61.456282940824515,19,6,1.916
973,80.9514796567859,21,4,1.9259999999999997
974,71.80236787411314,20,5,1.8960000000000001
975,42.95440585184891,17,8,1.848
976,82.40985279963088,21,4,1.956
977,71.7581676623872,20,5,1.9600000000000002
978,61.760475586126645,19,6,1.8359999999999999
979,71.69884030405257,20,5,1.906
980,71.42754690212367,20,5,1.904
981,72.23302473937456,20,5,1.934
982,73.1872633220338,20,5,1.916
983,61.17120705668705,19,6,1.9040000000000004
984,73.01760413386086,20,5,1.858
985,83.04869055000077,21,4,1.8900000000000001
986,71.69578216663733,20,5,1.9
987,62.482778040362696,19,6,1.9179999999999997
988,62.49750787167035,19,6,1.9339999999999997
989,62.77414380634218,19,6,1.886
990,84.20046042127562,21,4,1.8559999999999999
991,73.65582853568371,20,5,1.9220000000000002
992,74.50612034776577,20,5,1.8959999999999997
993,61.67911690493143,19,6,1.9200000000000004
994,81.99598682045082,21,4,1.862
995,83.24365008192491,21,4,1.828
996,73.34056996662423,20,5,1.9579999999999997
997,82.51634371004616,21,4,1.884
998,61.02186947153149,19,6,1.9159999999999997
999,72.60732539977441,20,5,1.884
1000,73.52865746714244,20,5,1.8679999999999999
1001,52.2003152827899,18,7,1.9439999999999997
1002,62.53621316398322,19,6,1.9260000000000002
1003,74.41746625572371,20,5,1.9360000000000004
1004,72.68289269749296,20,5,1.9080000000000001
1005,81.63782451771448,21,4,1.8700000000000003
1006,72.26647883449364,20,5,1.8979999999999997
1007,61.67729857837138,19,6,1.8679999999999997
1008,73.2957685592804,20,5,1.8679999999999997
1009,72.65768185347684,20,5,1.794
1010,73.0339694833066,20,5,1.938
1011,72.07818548662051,20,5,1.9920000000000002
1012,72.58950730503852,20,5,1.802
1013,52.76075489854374,18,7,1.9439999999999997
1014,82.32650278682256,21,4,1.948
1015,73.0230005329253,20,5,1.8680000000000003
1016,72.8767456682044,20,5,1.8739999999999999
1017,62.47646054080274,19,6,1.8860000000000003
1018,63.4704178554493,19,6,1.938
1019,71.82717981921272,20,5,1.918
1020,73.66867196212564,20,5,1.936
1021,62.14031597857533,19,6,1.8539999999999999
1022,71.35443954242884,20,5,1.954
1023,53.22247742829553,18,7,1.932
1024,62.37220370279522,19,6,1.8800000000000001
1025,72.2225886605985,20,5,1.8539999999999996
1026,62.27269699818099,19,6,1.9419999999999997
1027,62.747405825180635,19,6,1.858
1028,83.35598682541578,21,4,1.8760000000000001
1029,73.19159561154179,20,5,1.8939999999999997
1030,62.724550684508856,19,6,1.8519999999999996
1031,71.60590782472529,20,5,1.8560000000000003
1032,72.80720932142427,20,5,1.8739999999999999
1033,72.89821895355604,20,5,1.904
1034,82.18042789922015,21,4,1.858
1035,72.6317552812067,20,5,1.9120000000000001
1036,82.00308016148065,21,4,1.9199999999999995
1037,73.60340514939718,20,5,1.8380000000000003
1038,62.4678290166773,19,6,1.8920000000000001
1039,63.57747230196206,19,6,1.916
1040,73.2976345820118,20,5,1.9839999999999995
1041,43.441742298623126,17,8,1.884
1042,61.05702425647151,19,6,1.9020000000000004
1043,72.0164931909708,20,5,1.9380000000000002
1044,62.722454090903895,19,6,1.998
1045,83.51262472401872,21,4,1.92
1046,71.67684067941089,20,5,1.9579999999999997
1047,74.0660412454382,20,5,1.9600000000000002
1048,62.76594176098865,19,6,1.8699999999999997
1049,73.4766663434544,20,5,1.8700000000000003
1050,62.115967187576686,19,6,1.8699999999999999
1051,83.41440462349286,21,4,1.9680000000000004
1052,72.88972051574083,20,5,1.9339999999999997
1053,71.26937520494896,20,5,1.7799999999999998
1054,53.13709369295924,18,7,1.8679999999999999
1055,63.742078828331486,19,6,1.8359999999999996
1056,84.25370755430107,21,4,1.86
1057,63.51070548240382,19,6,1.864
1058,63.441888405920835,19,6,1.8820000000000001
1059,71.92852650903346,20,5,1.9140000000000001
1060,82.4089128462429,21,4,1.918
1061,72.9594628853319,20,5,1.9659999999999997
1062,71.18565829669285,20,5,1.8579999999999999
1063,62.600837128525214,19,6,1.89
1064,50.831310557677064,18,7,1.9240000000000002
1065,63.21809305644739,19,6,1.876
1066,62.7185459223207,19,6,1.9339999999999997
1067,72.56693197353638,20,5,1.8619999999999997
1068,72.44359578867646,20,5,1.938
1069,83.2135480896921,21,4,1.8939999999999997
1070,72.82970791416426,20,5,1.802
1071,83.17954752808063,21,4,1.8639999999999997
1072,71.17714892815604,20,5,1.9139999999999997
1073,82.7094120935737,21,4,1.8220000000000003
1074,71.54474346560441,20,5,1.8900000000000001
1075,63.03729571177915,19,6,1.842
1076,63.010385235055004,19,6,1.8920000000000001
1077,72.84333731583472,20,5,1.902
1078,43.5277068616527,17,8,1.8679999999999999
1079,71.9101533584025,20,5,1.8320000000000003
1080,72.54418468747464,20,5,1.9380000000000002
1081,83.3190375755688,21,4,1.8511111111111107
1082,62.94373264415059,19,6,1.8820000000000001
1083,63.202972737293344,19,6,1.8739999999999999
1084,52.73565215887111,18,7,1.886
1085,63.664866533053164,19,6,1.9040000000000004
1086,73.2763033393438,20,5,1.9
1087,61.70343214013404,19,6,1.918
1088,64.01212610786219,19,6,1.8739999999999999
1089,72.94499039689565,20,5,1.884
1090,72.65958084131817,20,5,1.8439999999999999
1091,73.15657544728366,20,5,1.8579999999999999
1092,62.36904988874477,19,6,1.9099999999999997
1093,63.170526650048274,19,6,1.8939999999999997
1094,81.95478413214916,21,4,1.814
1095,70.9875121449504,20,5,1.876
1096,62.790815516613385,19,6,1.8560000000000003
1097,73.11188454556994,20,5,1.844
1098,72.6509005026144,20,5,1.8539999999999999
1099,82.4513803728066,21,4,1.984
1100,62.47905126456238,19,6,1.906
1101,63.53699827849241,19,6,1.8539999999999999
1102,52.82712014416622,18,7,1.8299999999999996
1103,62.64571737368869,19,6,2.004
1104,62.95561629249152,19,6,1.8719999999999999
1105,52.381383739380745,18,7,1.9139999999999997
1106,63.227564504926036,19,6,1.816
1107,103.51722378846507,23,2,1.9200000000000004
1108,73.90983806970743,20,5,1.864
1109,63.403466862601256,19,6,1.922
1110,92.64222813067143,22,3,1.964
1111,74.08540827174305,20,5,1.8720000000000003
1112,92.11208092383514,22,3,1.8719999999999999
1113,83.03753414969522,21,4,1.8299999999999996
1114,93.34013638138737,22,3,1.8499999999999996
1115,82.94764084210568,21,4,1.8820000000000001
1116,72.7924900050954,20,5,1.8980000000000001
1117,62.31077781803109,19,6,1.8719999999999999
1118,73.22133100385531,20,5,1.8679999999999999
1119,82.70402008317556,21,4,1.8980000000000001
1120,83.43906332277578,21,4,1.864
1121,83.09032953124681,21,4,1.8720000000000003
1122,82.70834535675895,21,4,1.8780000000000001
1123,92.41568117825682,22,3,1.906
1124,103.52610336758794,23,2,1.948
1125,93.65640214142766,22,3,1.9240000000000002
1126,72.86888152251915,20,5,1.922
1127,94.01719538602269,22,3,1.9120000000000001
1128,103.503958568595,23,2,1.932
1129,92.63553849632586,22,3,1.846
1130,73.51283577877619,20,5,1.932
1131,92.68664193886151,22,3,1.8739999999999999
1132,73.52621135666982,20,5,1.8720000000000003
1133,103.68450427145534,23,2,1.968
1134,74.13396299219418,20,5,1.848
1135,74.02418342858255,20,5,1.862
1136,102.66071999509825,23,2,1.9120000000000001
1137,84.03494878269942,21,4,1.886
1138,74.30151688664729,20,5,1.8739999999999999
1139,53.889859278881666,18,7,1.9400000000000002
1140,84.40108517287042,21,4,1.9260000000000002
1141,63.934347496969835,19,6,1.8520000000000003
1142,82.76276937526318,21,4,1.952
1143,103.08748089291144,23,2,1.8519999999999999
1144,73.38690286068598,20,5,1.9160000000000004
1145,93.59700208919638,22,3,1.8399999999999999
1146,81.59717731325885,21,4,1.936
1147,84.16752211938278,21,4,1.897777777777778
1148,73.21273419329168,20,5,1.8980000000000001
1149,82.98059367207159,21,4,1.8800000000000001
1150,82.89994900580828,21,4,1.8679999999999999
1151,62.70824480278473,19,6,1.864
1152,53.50597618931285,18,7,1.904
1153,73.12724381456496,20,5,1.9099999999999997
1154,84.89315894450819,21,4,1.9240000000000002
1155,92.5033170943938,22,3,1.9060000000000001
1156,83.74847020666806,21,4,1.8959999999999997
1157,93.35284216474471,22,3,1.8960000000000001
1158,73.13579391727023,20,5,1.832
1159,82.45793102983409,21,4,1.876
1160,83.0700078774442,21,4,1.8439999999999999
1161,72.51963994851951,20,5,1.8960000000000001
1162,103.1788732751185,23,2,1.876
1163,73.47637662497335,20,5,1.886
1164,92.34688642913278,22,3,1.936
1165,82.70420547808719,21,4,1.844
1166,83.84706174652112,21,4,1.9419999999999997
1167,93.2492305787437,22,3,1.8379999999999999
1168,72.73884132610172,20,5,1.8800000000000001
1169,93.47763840738901,22,3,1.98
1170,103.34842866463998,23,2,1.8539999999999999
1171,84.38954965205885,21,4,1.8840000000000003
1172,82.809564864175,21,4,1.948
1173,82.85670222236706,21,4,1.8719999999999999
1174,93.04536587275464,22,3,1.906
1175,93.22488282667231,22,3,1.89
1176,82.54111683925352,21,4,1.8719999999999999
1177,92.45299334539547,22,3,1.9420000000000002
1178,91.523299397141,22,3,1.956
1179,92.13428006522854,22,3,1.89
1180,63.022372169704134,19,6,1.8880000000000003
1181,84.26810586610037,21,4,1.8539999999999999
1182,93.72020183697742,22,3,1.934
1183,82.7536383497924,21,4,1.8259999999999998
1184,82.56767513985416,21,4,1.8680000000000003
1185,83.92535561587066,21,4,1.9159999999999997
1186,82.67077741354056,21,4,1.906
1187,81.81606122159165,21,4,1.8800000000000001
1188,92.71007838586465,22,3,1.8820000000000001
1189,92.53106424096482,22,3,1.8920000000000001
1190,82.53684257276747,21,4,1.8199999999999998
1191,73.80212467165826,20,5,1.9080000000000001
1192,93.94392432237662,22,3,1.8539999999999999
1193,92.19322840870299,22,3,1.8880000000000003
1194,92.99137588120878,22,3,1.9
1195,102.64821024387604,23,2,1.8977777777777776
1196,85.20593447812453,21,4,1.8500000000000003
1197,93.20835181783434,22,3,1.8519999999999999
1198,93.13105800678878,22,3,1.94
1199,92.71731669963971,22,3,1.908
1200,93.03647767585792,22,3,1.916
1201,62.23877171996941,19,6,1.956
1202,92.13884178963342,22,3,1.8920000000000001
1203,92.72048124376144,22,3,1.8020000000000003
1204,83.92659822643608,21,4,1.884
1205,83.06340678376793,21,4,1.8719999999999999
1206,72.79640835617934,20,5,1.8800000000000003
1207,83.26492750184194,21,4,1.9
1208,94.63151047207046,22,3,1.802
1209,83.89561964497334,21,4,1.8900000000000001
1210,103.18762038556318,23,2,1.9120000000000001
1211,83.90897520901903,21,4,1.9460000000000002
1212,71.6736307306051,20,5,1.9040000000000004
1213,73.71732323027287,20,5,1.936
1214,72.69113478078712,20,5,1.9099999999999997
1215,93.29092790662631,22,3,1.924
1216,83.80467380312069,21,4,1.8519999999999999
1217,93.934110432238,22,3,1.8659999999999997
1218,73.41422263621428,20,5,1.948
1219,73.06645956835966,20,5,1.8040000000000003
1220,63.1757239183919,19,6,1.8880000000000003
1221,93.90297499174712,22,3,1.9280000000000002
1222,83.87629729392889,21,4,1.8539999999999999
1223,83.95321128993473,21,4,1.8959999999999997
1224,72.15165136807114,20,5,1.8539999999999999
1225,73.04047052720912,20,5,1.9260000000000002
1226,94.7251168887323,22,3,1.8559999999999999
1227,83.50798662451426,21,4,1.866
1228,93.20335616965144,22,3,1.8380000000000003
1229,92.52398346052212,22,3,1.8560000000000003
1230,72.27566789048925,20,5,1.906
1231,73.46123634281604,20,5,1.8920000000000001
1232,93.92696781494936,22,3,1.8359999999999999
1233,82.96275992552098,21,4,1.918
1234,94.80876293874843,22,3,1.8519999999999996
1235,72.48859427817925,20,5,1.892
1236,92.71150474132943,22,3,1.9540000000000002
1237,93.74875227828097,22,3,1.906
1238,72.63680568734912,20,5,1.89
1239,92.94911391067289,22,3,1.9579999999999997
1240,72.89262284874593,20,5,1.8539999999999999
1241,81.87593497555243,21,4,1.876
1242,82.97679889661327,21,4,1.848888888888889
1243,73.42117201154399,20,5,1.9019999999999997
1244,82.37586472309431,21,4,1.8599999999999999
1245,72.90590062618641,20,5,1.924
1246,82.82374809872762,21,4,1.938
1247,94.52710666939335,22,3,1.924
1248,102.04823496590686,23,2,1.908
1249,72.22350600619734,20,5,1.9259999999999997
1250,52.71240471846173,18,7,1.932
1251,63.29389917170187,19,6,1.89
1252,73.0393247109742,20,5,1.864
1253,63.48348772255023,19,6,1.886
1254,72.41254189633005,20,5,1.8519999999999999
1255,102.3839265629967,23,2,1.866
1256,92.4566072805724,22,3,1.9140000000000001
1257,92.77041697225602,22,3,1.932
1258,83.06427226130194,21,4,1.931111111111111
1259,92.76075556333691,22,3,1.9060000000000001
1260,83.29270448612006,21,4,1.8900000000000001
1261,83.03648602148152,21,4,1.908
1262,83.16085961444603,21,4,1.906
1263,93.2752020212449,22,3,1.92
1264,82.90655368049524,21,4,1.9060000000000001
1265,73.4665085531806,20,5,1.936
1266,84.154588603145,21,4,1.884
1267,92.14044987320824,22,3,1.9420000000000002
1268,81.94033946995451,21,4,1.862
1269,82.45328097915305,21,4,1.8620000000000005
1270,92.59764538396307,22,3,1.9260000000000002
1271,83.2538165594548,21,4,1.8511111111111112
1272,73.0059024900715,20,5,1.8980000000000001
1273,82.91846371308837,21,4,1.8259999999999998
1274,82.93919095518386,21,4,1.8539999999999999
1275,82.3087899183524,21,4,1.8888888888888888
1276,72.97543826142298,20,5,1.8199999999999998
1277,102.88390972360274,23,2,1.9088888888888889
1278,82.4769182819241,21,4,1.8959999999999997
1279,83.3139027603145,21,4,1.864
1280,71.9096986381823,20,5,1.9259999999999997
1281,81.86251205742306,21,4,1.8679999999999999
1282,82.66895295506839,21,4,1.9
1283,83.39238365891026,21,4,1.828888888888889
1284,92.47367709442275,22,3,1.9019999999999997
1285,92.6177010154672,22,3,1.96
1286,82.14917374212133,21,4,1.8539999999999999
1287,82.38166799622314,21,4,1.911111111111111
1288,73.54925027250373,20,5,1.8800000000000001
1289,82.96607115243701,21,4,1.8519999999999999
1290,82.93097095286372,21,4,1.8739999999999999
1291,93.03275656209702,22,3,1.8719999999999999
1292,93.3350922523166,22,3,1.932
1293,72.41284036781595,20,5,1.832
1294,93.79980426975663,22,3,1.8739999999999999
1295,72.52366935019239,20,5,1.8599999999999999
1296,82.88378171620225,21,4,1.8780000000000001
1297,82.82813720230352,21,4,1.834
1298,92.00928087548806,22,3,1.9300000000000002
1299,83.15358345486001,21,4,1.8666666666666667
1300,92.10002788235872,22,3,1.812
1301,81.36597038197003,21,4,1.9319999999999997
1302,82.39610065894398,21,4,1.8639999999999997
1303,61.33337811840195,19,6,1.858
1304,63.43418086833109,19,6,1.8760000000000001
1305,81.92555061404916,21,4,1.984
1306,72.27115499108179,20,5,1.9460000000000002
1307,92.98005194956781,22,3,1.8719999999999999
1308,63.035384823295665,19,6,1.916
1309,92.26886105142593,22,3,1.786
1310,81.49644069163455,21,4,1.8679999999999999
1311,83.02862711352728,21,4,1.8733333333333333
1312,103.53758788308289,23,2,1.934
1313,73.07063549091885,20,5,1.848
1314,82.49818001898227,21,4,1.972
1315,94.24771178891852,22,3,1.938
1316,92.49636164991736,22,3,1.938
1317,72.95647208795768,20,5,1.8377777777777777
1318,93.16322234392078,22,3,1.8960000000000001
1319,81.83555098178962,21,4,1.8359999999999999
1320,70.8891774810274,20,5,1.9120000000000004
1321,83.58008239075686,21,4,1.846
1322,82.06178337940973,21,4,1.8399999999999999
1323,82.59768669200842,21,4,1.922
1324,103.86405002305513,23,2,1.94
1325,82.6526954198069,21,4,1.911111111111111
1326,61.79108034765344,19,6,1.86
1327,93.40824692807143,22,3,1.908
1328,73.09257062082551,20,5,1.876
1329,82.32303684592857,21,4,1.8519999999999999
1330,73.46307225315208,20,5,1.874
1331,62.88528270804974,19,6,1.8519999999999996
1332,72.23634108045488,20,5,1.9240000000000002
1333,73.8308621711007,20,5,1.882222222222222
1334,83.05382413406724,21,4,1.936
1335,72.4079387391831,20,5,1.92
1336,83.6176382709417,21,4,1.9260000000000006
1337,73.49472230392774,20,5,1.8720000000000003
1338,62.84721282757401,19,6,1.884
1339,82.02250200186793,21,4,1.9099999999999997
1340,63.59649256299357,19,6,1.8780000000000001
1341,71.79092631618809,20,5,1.9119999999999997
1342,71.90352877364361,20,5,1.8980000000000001
1343,81.89095608334709,21,4,1.892
1344,53.31541459965483,18,7,1.844
1345,91.47446416100708,22,3,1.8699999999999999
1346,63.080664648421305,19,6,1.9
1347,53.14711786040877,18,7,1.8800000000000003
1348,72.6987011488001,20,5,1.9080000000000001
1349,83.08893793126367,21,4,1.9100000000000001
1350,73.60230773593102,20,5,1.828888888888889
1351,73.3612954583268,20,5,1.94
1352,51.90695609455367,18,7,1.884
1353,73.45667344741663,20,5,1.8866666666666667
1354,83.35318306513923,21,4,1.8299999999999996
1355,72.42967185658983,20,5,1.9620000000000004
1356,72.5764393182875,20,5,1.8599999999999999
1357,72.32295257206317,20,5,1.9160000000000004
1358,71.65421939373935,20,5,1.936
1359,73.37125611544127,20,5,1.8479999999999996
1360,72.410872459079,20,5,1.8539999999999999
1361,73.51069086830938,20,5,1.874
1362,83.69482343260346,21,4,1.8799999999999997
1363,62.27494666231833,19,6,1.9099999999999997
1364,73.22208790326094,20,5,1.8760000000000001
1365,72.39800451323464,20,5,1.8939999999999997
1366,73.36059453271181,20,5,1.8719999999999999
1367,72.34342178038654,20,5,1.8859999999999997
1368,73.53063632073426,20,5,1.9100000000000001
1369,85.17438572506543,21,4,1.932
1370,83.35312989020892,21,4,1.8519999999999999
1371,82.38662579453741,21,4,1.866
1372,61.78543402037865,19,6,1.9639999999999997
1373,63.390567494340075,19,6,1.8739999999999999
1374,83.81308753042441,21,4,1.866
1375,73.46830575098276,20,5,1.8360000000000003
1376,52.972105082518944,18,7,1.8539999999999999
1377,73.18282020196101,20,5,1.9100000000000001
1378,82.34448982742565,21,4,1.798
1379,72.33400107467621,20,5,1.866
1380,73.84544390487783,20,5,1.8199999999999998
1381,83.0696924321302,21,4,1.858
1382,71.46909303362003,20,5,1.8979999999999997
1383,102.90283819688861,23,2,1.8639999999999997
1384,72.23533108654048,20,5,1.8860000000000003
1385,73.44924119222344,20,5,1.92
1386,62.45434619028533,19,6,1.886
1387,72.37355015700044,20,5,1.862
1388,83.82173500163655,21,4,1.9100000000000001
1389,72.30454721732417,20,5,1.888
1390,72.43055887433131,20,5,1.9
1391,63.55393358035415,19,6,1.8760000000000001
1392,52.19385217406364,18,7,1.9120000000000001
1393,73.74550938669633,20,5,1.8900000000000001
1394,61.32853974521443,19,6,1.92
1395,82.54282194960892,21,4,1.938
1396,72.14921909836859,20,5,1.916
1397,51.87378716893737,18,7,1.814
1398,73.14746957760968,20,5,1.862
1399,52.62612172354325,18,7,1.8880000000000003
1400,72.3755731507061,20,5,1.85
1401,71.59176018785122,20,5,1.888
1402,74.06619471035536,20,5,1.8539999999999999
1403,82.52438404398548,21,4,1.8679999999999997
1404,62.49689221502133,19,6,1.8719999999999999
1405,63.03012184885366,19,6,1.9199999999999995
1406,63.439689865663105,19,6,1.9460000000000002
1407,52.119308918452155,18,7,1.9100000000000001
1408,62.04918276277592,19,6,1.9
1409,73.6403045341487,20,5,1.9579999999999997
1410,93.31259737618102,22,3,1.9100000000000001
1411,62.91223690828432,19,6,1.858
1412,62.79849504204477,19,6,1.8479999999999996
1413,82.80263703846252,21,4,1.9119999999999997
1414,63.28003683977193,19,6,1.8439999999999999
1415,72.28960421468601,20,5,1.9200000000000004
1416,72.33227806189572,20,5,1.9100000000000001
1417,62.240797860410936,19,6,1.9100000000000001
1418,62.15170919143952,19,6,1.9220000000000002
1419,73.50475015439059,20,5,1.916
1420,72.6235049134335,20,5,1.94
1421,62.72368797905379,19,6,1.9460000000000002
1422,64.03532843869543,19,6,1.932
1423,62.62605758726949,19,6,1.924
1424,92.4822286451859,22,3,1.876
1425,62.086027972882846,19,6,1.8799999999999997
1426,63.00705574024843,19,6,1.8780000000000001
1427,72.53239532607414,20,5,1.904
1428,72.44048796266979,20,5,1.8780000000000001
1429,82.40482383614457,21,4,1.8979999999999997
1430,52.7941072947873,18,7,1.86
1431,62.900788329685625,19,6,1.9080000000000001
1432,72.71486968867084,20,5,1.844
1433,53.10531503992331,18,7,1.916
1434,72.99084396750838,20,5,1.8760000000000001
1435,82.69878063743352,21,4,1.89
1436,82.36644404393067,21,4,1.866
1437,52.655346672114796,18,7,1.858
1438,72.40918840987425,20,5,1.8379999999999996
1439,82.13057361853538,21,4,1.908
1440,62.43483738022332,19,6,1.9140000000000001
1441,71.08011781906828,20,5,1.81
1442,92.32252185849,22,3,1.9140000000000001
1443,62.19947592477021,19,6,1.9819999999999998
1444,62.44924567745717,19,6,1.862
1445,42.488923578801995,17,8,1.8920000000000001
1446,72.53560045588652,20,5,1.94
1447,72.5027063335611,20,5,1.9259999999999997
1448,71.69177341293835,20,5,1.884
1449,83.38683680430529,21,4,1.8820000000000001
1450,73.36286066841433,20,5,1.86
1451,72.48147817409424,20,5,1.8719999999999999
1452,82.13793835817181,21,4,1.9280000000000002
1453,42.64369374056678,17,8,1.886
1454,72.78149348059834,20,5,1.9299999999999997
1455,70.99669236881543,20,5,1.9020000000000004
1456,71.27932826644985,20,5,1.94
1457,70.68975652579249,20,5,1.8699999999999999
1458,83.0119341713494,21,4,1.904
1459,72.5634009498709,20,5,1.8900000000000001
1460,72.92135491941711,20,5,1.846
1461,63.38516524105174,19,6,1.8699999999999997
1462,42.2064737609582,17,8,1.92
1463,72.45847881986545,20,5,1.8980000000000001
1464,84.21160525818763,21,4,1.8820000000000001
1465,63.35491392553859,19,6,1.8400000000000003
1466,83.43554189261349,21,4,1.9000000000000004
1467,81.28436208818702,21,4,1.9120000000000001
1468,73.76725814566359,20,5,1.8459999999999996
1469,72.7597776974423,20,5,1.9080000000000001
1470,74.07983144175367,20,5,1.8999999999999997
1471,53.55624882450577,18,7,1.8419999999999999
1472,73.13383337227025,20,5,1.952
1473,63.89216198216289,19,6,1.8859999999999997
1474,52.7300488396348,18,7,1.8559999999999999
1475,83.88107126899904,21,4,1.8800000000000001
1476,64.45909348625776,19,6,1.8820000000000001
1477,92.31382545075489,22,3,1.9000000000000004
1478,43.34450372124513,17,8,1.9419999999999997
1479,73.22251518432765,20,5,1.956
1480,73.60188727862241,20,5,1.8959999999999997
1481,74.27160136874825,20,5,1.8760000000000001
1482,73.50012551220911,20,5,1.8820000000000001
1483,73.59529246774719,20,5,1.892
1484,62.637210755283085,19,6,1.9044444444444446
1485,83.49223092384288,21,4,1.8679999999999999
1486,72.87104238753713,20,5,1.866
1487,92.40741728931711,22,3,1.9120000000000001
1488,62.9098772880872,19,6,1.904
1489,84.28345230704073,21,4,1.8579999999999999
1490,83.57250804705228,21,4,1.828
1491,104.52248192913038,23,2,1.8619999999999997
1492,83.50485188470094,21,4,1.9080000000000001
1493,43.38119834468813,17,8,1.8960000000000001
1494,72.58474789341774,20,5,1.888
1495,93.73604115010004,22,3,1.8939999999999997
1496,83.02467351635954,21,4,1.936
1497,93.09910900903645,22,3,1.9140000000000004
1498,83.90736978854187,21,4,1.8980000000000001
1499,93.35025867227351,22,3,1.9620000000000002
1500,81.9413436241259,21,4,1.8559999999999999
1501,93.97243459566823,22,3,1.916
1502,81.78478455277622,21,4,1.8820000000000001
1503,93.11063147819013,22,3,1.8399999999999999
1504,83.38357212980685,21,4,1.8739999999999999
1505,72.91133870907831,20,5,1.8220000000000003
1506,73.50187096333218,20,5,1.92
1507,73.00799953691059,20,5,1.9300000000000002
1508,93.29924144313175,22,3,1.908
1509,83.53700003553392,21,4,1.8980000000000004
1510,83.06437355139948,21,4,1.9
1511,72.61146477625734,20,5,1.8760000000000001
1512,81.6960818323925,21,4,1.8720000000000003
1513,83.48137786031734,21,4,1.8799999999999997
1514,71.93187098431476,20,5,1.8619999999999997
1515,81.99685868129035,21,4,1.828
1516,82.77076100903575,21,4,1.876
1517,74.216387022829,20,5,1.876
1518,93.24889449046654,22,3,1.888
1519,92.04126826751164,22,3,1.904
1520,94.28039244546538,22,3,1.8644444444444441
1521,92.35868455442369,22,3,1.8960000000000001
1522,91.83500938432057,22,3,1.888
1523,83.61801047116253,21,4,1.85
1524,92.76253507680048,22,3,1.89
1525,82.84678080017882,21,4,1.8979999999999997
1526,72.58897587144244,20,5,1.8060000000000003
1527,83.73757333201198,21,4,1.936
1528,63.01318009011228,19,6,1.9560000000000002
1529,93.24263084139835,22,3,1.86
1530,82.80038330414664,21,4,1.918
1531,83.76704239306613,21,4,1.9380000000000002
1532,82.08532201283299,21,4,1.8659999999999997
1533,83.23561583086114,21,4,1.886
1534,93.54589387186152,22,3,1.832
1535,93.38660844193936,22,3,1.8777777777777775
1536,83.25360308128671,21,4,1.8799999999999997
1537,83.26597660577876,21,4,1.902
1538,83.40673933795493,21,4,1.9260000000000002
1539,72.97726412652685,20,5,1.8720000000000003
1540,73.31592894529679,20,5,1.9440000000000002
1541,74.50740402188003,20,5,1.8699999999999999
1542,92.83749448199626,22,3,1.8520000000000003
1543,43.24569768497931,17,8,1.9080000000000001
1544,72.64135184450686,20,5,1.9060000000000001
1545,93.18799071576912,22,3,1.9600000000000002
1546,73.2740280851407,20,5,1.8840000000000003
1547,83.492021757997,21,4,1.904
1548,83.182912263412,21,4,1.8619999999999997
1549,73.8921606647915,20,5,1.9
1550,92.36648453247658,22,3,1.9100000000000001
1551,72.18560324905513,20,5,1.834
1552,82.60224110735331,21,4,1.874
1553,72.08299459315735,20,5,1.8839999999999997
1554,62.469226336985415,19,6,1.8720000000000003
1555,71.58665026927292,20,5,1.9120000000000001
1556,62.40992999510969,19,6,1.886
1557,73.42889990277614,20,5,1.8780000000000001
1558,92.74951420431935,22,3,1.848
1559,83.53043621379322,21,4,1.8780000000000001
1560,73.1526779639718,20,5,1.8779999999999997
1561,81.852436742153,21,4,1.9119999999999997
1562,62.91470377460634,19,6,1.8800000000000001
1563,84.0125429236302,21,4,1.932
1564,84.0863100449453,21,4,1.9420000000000002
1565,73.8438687236567,20,5,1.932
1566,93.5089925023891,22,3,1.8239999999999998
1567,92.90630501539542,22,3,1.922
1568,82.58463842185422,21,4,1.8979999999999997
1569,83.59955451795066,21,4,1.8080000000000003
1570,83.59124963543964,21,4,1.92
1571,73.5396798835286,20,5,1.92
1572,93.80750355149506,22,3,1.8
1573,83.3116443170953,21,4,1.8866666666666667
1574,73.60895970040038,20,5,1.846
1575,83.07397105572022,21,4,1.938
1576,73.2485711301681,20,5,1.8940000000000001
1577,92.6762131115386,22,3,1.8955555555555554
1578,62.9104154377352,19,6,1.8799999999999997
1579,84.00773697073329,21,4,1.9020000000000004
1580,92.67583453723577,22,3,1.8439999999999999
1581,73.09700420168201,20,5,1.9319999999999997
1582,73.14941160224845,20,5,1.85
1583,82.5551286247887,21,4,1.9040000000000004
1584,93.51770144405977,22,3,1.934
1585,93.42443255297839,22,3,1.938
1586,70.6803018995369,20,5,1.8319999999999996
1587,92.39523521457585,22,3,1.8439999999999999
1588,82.81355910379851,21,4,1.922
1589,62.639560590437675,19,6,1.844
1590,83.9593263407425,21,4,1.7979999999999996
1591,83.39982271136562,21,4,1.906
1592,82.68069871069423,21,4,1.932
1593,61.83627763233838,19,6,1.902
1594,62.21722915623766,19,6,1.9380000000000002
1595,83.05875091661396,21,4,1.904
1596,82.29946140223382,21,4,1.8679999999999999
1597,92.58981668118399,22,3,1.8679999999999999
1598,93.0314441185266,22,3,1.904
1599,71.88045196831072,20,5,1.8259999999999998
1600,83.69760349490834,21,4,1.9099999999999997
1601,72.52975280687936,20,5,1.9240000000000002
1602,83.96937862142022,21,4,1.8960000000000001
1603,82.83499859565812,21,4,1.89
1604,73.72631863867386,20,5,1.922
1605,63.43847686830614,19,6,1.8760000000000001
1606,74.18750676143858,20,5,1.89
1607,83.71134747742461,21,4,1.8780000000000001
1608,93.4822525632749,22,3,1.97
1609,72.84949481990796,20,5,1.8900000000000001
1610,83.07929659305292,21,4,1.8379999999999999
1611,73.29400000006716,20,5,1.866
1612,105.0910640169699,23,2,1.9520000000000004
1613,93.52209200508393,22,3,1.936
1614,82.97057377143813,21,4,1.92
1615,82.84085690323946,21,4,1.9799999999999998
1616,84.64692537630465,21,4,1.844444444444444
1617,84.27735825931511,21,4,1.8739999999999999
1618,73.6002716957067,20,5,1.936
1619,73.72279371153043,20,5,1.8619999999999997
1620,64.02213618777732,19,6,1.888
1621,82.85190983971987,21,4,1.8800000000000001
1622,73.56582116481839,20,5,1.8880000000000003
1623,94.81168119293199,22,3,1.8940000000000001
1624,82.47929177697563,21,4,1.812
1625,93.9378125553015,22,3,1.9120000000000001
1626,83.52230701467133,21,4,1.908
1627,84.09162793328865,21,4,1.8960000000000001
1628,94.39114278691915,22,3,1.8399999999999999
1629,84.55337442574688,21,4,1.932
1630,64.66286034567017,19,6,1.8980000000000004
1631,74.29985580859432,20,5,1.9739999999999998
1632,83.17774959053448,21,4,1.9580000000000002
1633,94.50449132434937,22,3,1.9259999999999995
1634,83.9086276834936,21,4,1.8699999999999999
1635,83.94404778629101,21,4,1.8679999999999999
1636,74.00651057307043,20,5,1.902
1637,83.62765612478786,21,4,1.932
1638,73.55966868494903,20,5,1.8820000000000001
1639,74.42622259293388,20,5,1.8880000000000003
1640,83.89255871972428,21,4,1.9100000000000001
1641,74.78410320593566,20,5,1.9
1642,93.96048692931197,22,3,1.862
1643,74.9030347912671,20,5,1.8979999999999997
1644,83.82229658134426,21,4,1.9139999999999997
1645,63.177454041979175,19,6,1.8640000000000003
1646,73.12648764398347,20,5,1.9300000000000002
1647,73.20724504144542,20,5,1.8800000000000001
1648,83.60536077953287,21,4,1.9500000000000004
1649,74.00045139760836,20,5,1.934
1650,83.3692322295225,21,4,1.9099999999999997
1651,95.13200802528173,22,3,1.9199999999999995
1652,73.53338900129515,20,5,1.998
1653,85.26503604635093,21,4,1.8820000000000001
1654,93.56367248388204,22,3,1.9120000000000001
1655,84.05090390061874,21,4,1.8860000000000003
1656,93.16207300954062,22,3,1.862
1657,63.149133901961996,19,6,1.916
1658,84.22389832134489,21,4,1.9139999999999997
1659,84.96371836754513,21,4,1.906
1660,74.18126896374507,20,5,1.9
1661,63.202799005632095,19,6,1.864
1662,54.752715632263154,18,7,1.918
1663,93.5370736630103,22,3,1.888
1664,83.84911312143626,21,4,1.8279999999999998
1665,84.52713500748318,21,4,1.906
1666,72.08219646546563,20,5,1.8939999999999997
1667,74.36846782247083,20,5,1.8599999999999999
1668,73.61903495943118,20,5,1.9300000000000002
1669,83.56977032191674,21,4,1.8980000000000004
1670,73.07413688835771,20,5,1.916
1671,54.397582202295126,18,7,1.922
1672,72.69905560629321,20,5,1.83
1673,73.02675761443581,20,5,1.92
1674,63.59559212783686,19,6,1.904
1675,64.7377176900366,19,6,1.906
1676,64.01387352456959,19,6,1.842
1677,73.13096685700002,20,5,1.884
1678,84.43775072877023,21,4,1.9200000000000004
1679,75.37706223035582,20,5,1.8559999999999994
1680,63.11876390028886,19,6,1.964
1681,84.87032259245058,21,4,1.7899999999999998
1682,54.53822043112357,18,7,1.9339999999999997
1683,94.12822483951722,22,3,1.892
1684,75.11521067402745,20,5,1.8519999999999999
1685,65.08237371323214,19,6,1.862
1686,93.54365300986412,22,3,1.864
1687,83.67844089942872,21,4,1.874
1688,85.15207977494339,21,4,1.8199999999999998
1689,63.70378057810223,19,6,1.936
1690,64.34441670665777,19,6,1.864
1691,74.8965939172172,20,5,1.9019999999999997
1692,93.86731165758114,22,3,1.934
1693,74.56561646472362,20,5,1.8579999999999999
1694,53.88906050376741,18,7,1.9280000000000002
1695,83.38927512507193,21,4,1.94
1696,43.72605239211413,17,8,1.8099999999999998
1697,63.243092336913335,19,6,1.906
1698,95.14805208047657,22,3,1.8739999999999999
1699,75.12612069499855,20,5,1.8519999999999996
1700,83.58536915261152,21,4,1.8680000000000003
1701,74.76985642957177,20,5,1.9160000000000004
1702,72.9748702677946,20,5,1.8719999999999999
1703,63.582259899361055,19,6,1.892
1704,82.57309916835808,21,4,1.9419999999999997
1705,93.60941690730772,22,3,1.9340000000000004
1706,74.74952208516397,20,5,1.8760000000000001
1707,74.47953339246304,20,5,1.904
1708,75.14330862731443,20,5,1.902
1709,74.19746949937438,20,5,1.9000000000000004
1710,63.801438959998336,19,6,1.8199999999999998
1711,74.95274905002967,20,5,1.9040000000000004
1712,74.00567491348191,20,5,1.9100000000000001
1713,64.0911488619338,19,6,1.9319999999999997
1714,83.578873911512,21,4,1.8880000000000003
1715,54.13077489611469,18,7,1.9280000000000002
1716,73.09462948625985,20,5,1.888
1717,94.65952263705009,22,3,1.8399999999999999
1718,73.3674327885965,20,5,1.8080000000000003
1719,76.03594944361762,20,5,1.85
1720,52.97019903798884,18,7,1.886
1721,73.26115330005993,20,5,1.9259999999999997
1722,75.16632580734472,20,5,1.8800000000000001
1723,83.69658079412658,21,4,1.828
1724,83.95948587504381,21,4,1.886
1725,83.58952470708229,21,4,1.83
1726,84.74348792444268,21,4,1.8399999999999999
1727,73.55370636103329,20,5,1.9
1728,63.687793292347855,19,6,1.866
1729,63.63917290065239,19,6,1.9160000000000004
1730,54.318517897127926,18,7,1.9619999999999997
1731,73.99665327448729,20,5,1.9120000000000001
1732,74.31676369765938,20,5,1.906
1733,75.06972274504595,20,5,1.842
1734,74.56250553277246,20,5,1.918
1735,82.57328905287937,21,4,1.8760000000000001
1736,83.6614675417503,21,4,1.9
1737,83.75462166131751,21,4,1.932
1738,54.45513798493018,18,7,1.892
1739,74.42513699031795,20,5,1.8720000000000003
1740,84.13312808122815,21,4,1.952
1741,63.867847807961525,19,6,1.938
1742,73.09090304068532,20,5,1.8900000000000001
1743,93.48586251377044,22,3,1.9099999999999997
1744,63.090733277167644,19,6,1.9139999999999997
1745,63.37630646408377,19,6,1.884
1746,74.53826082625505,20,5,2.016
1747,55.37385141739958,18,7,1.918
1748,54.52660861944638,18,7,1.89
1749,83.88939768164819,21,4,1.9
1750,63.214999041435526,19,6,1.876
1751,83.47380826470315,21,4,1.826
1752,84.17219038873704,21,4,1.8700000000000003
1753,64.39780702419425,19,6,1.9099999999999997
1754,64.92115650888707,19,6,1.8860000000000003
1755,94.30966974712487,22,3,1.8800000000000001
1756,73.75475295993867,20,5,1.982
1757,73.78518094425363,20,5,1.8839999999999997
1758,84.65686582210756,21,4,1.902
1759,73.66068001492846,20,5,1.864
1760,75.0841326737588,20,5,1.8688888888888888
1761,73.43101426819044,20,5,1.8519999999999999
1762,73.434998771513,20,5,1.9099999999999997
1763,64.6395141477899,19,6,1.9020000000000004
1764,64.16954306484688,19,6,1.932
1765,73.8105764573074,20,5,1.874
1766,54.29939137460407,18,7,1.9120000000000001
1767,83.59953846086658,21,4,1.8719999999999999
1768,84.12287267791152,21,4,1.9420000000000002
1769,63.28488480119952,19,6,1.92
1770,53.33701668673864,18,7,1.9899999999999998
1771,73.20471379629782,20,5,1.954
1772,64.37184435847857,19,6,1.8560000000000003
1773,83.34910006045456,21,4,1.902
1774,55.65083348119775,18,7,1.9600000000000002
1775,65.5195894509342,19,6,1.834
1776,54.1525957364814,18,7,1.9159999999999997
1777,74.44698677472698,20,5,1.8279999999999998
1778,52.25149587035097,18,7,1.922
1779,74.99765002290053,20,5,1.8319999999999996
1780,73.47550433083975,20,5,1.9
1781,64.59065666977618,19,6,1.892
1782,73.42720190782426,20,5,1.848
1783,73.96068987619063,20,5,1.874
1784,93.88158007175706,22,3,1.9419999999999997
1785,62.997072144753524,19,6,1.904
1786,72.57212687525009,20,5,1.8599999999999999
1787,65.9767549453013,19,6,1.9300000000000002
1788,52.69491129491614,18,7,1.874
1789,64.23656798984959,19,6,1.9420000000000002
1790,75.01096585378887,20,5,1.8940000000000001
1791,73.56697315045416,20,5,1.8279999999999998
1792,63.925455093610225,19,6,1.834
1793,63.36708269297692,19,6,1.8780000000000001
1794,52.854659473863585,18,7,1.85
1795,64.6496317089459,19,6,1.8439999999999999
1796,93.80978047909194,22,3,1.8619999999999997
1797,54.49178838151799,18,7,1.8679999999999999
1798,74.57790667791059,20,5,1.94
1799,64.0834227353957,19,6,1.9
1800,63.31459162224157,19,6,1.876
1801,85.0892201164804,21,4,1.9240000000000002
1802,63.921637566554594,19,6,1.8359999999999999
1803,32.61821954902704,16,9,1.916
1804,73.59562221370066,20,5,1.8339999999999996
1805,94.89623079668151,22,3,1.8799999999999997
1806,94.28152586717081,22,3,1.938
1807,65.22723522305012,19,6,1.8940000000000001
1808,52.85534825677888,18,7,1.9020000000000004
1809,43.36443617479336,17,8,1.908
1810,53.91166779714558,18,7,1.9119999999999997
1811,64.1518583232122,19,6,1.8839999999999997
1812,64.45152088086753,19,6,1.862
1813,74.05539562736182,20,5,1.916
1814,73.72715607917146,20,5,1.8980000000000001
1815,73.50767134757655,20,5,1.8719999999999999
1816,54.21838407949641,18,7,1.9119999999999997
1817,65.79237919509409,19,6,1.8699999999999999
1818,55.23901852295865,18,7,1.918
1819,54.297520719215385,18,7,1.8779999999999997
1820,73.79142209348633,20,5,1.916
1821,74.10744718022427,20,5,1.8780000000000001
1822,73.49625762653679,20,5,1.916
1823,83.48215161857352,21,4,1.8719999999999999
1824,63.935360431887396,19,6,1.8920000000000001
1825,73.99499337409965,20,5,1.8699999999999999
1826,74.39795761850634,20,5,1.902
1827,64.3577187735811,19,6,1.918
1828,73.97513900662312,20,5,1.9660000000000004
1829,74.94381263864783,20,5,1.8719999999999999
1830,64.90177846791796,19,6,1.9200000000000004
1831,84.19799455366747,21,4,1.8880000000000003
1832,74.0624347551371,20,5,1.8519999999999999
1833,54.20473169071935,18,7,1.932
1834,64.36274508747626,19,6,1.8820000000000001
1835,84.82202999296213,21,4,1.8980000000000004
1836,75.22022682745586,20,5,1.922
1837,65.33338411002742,19,6,1.83
1838,64.21982449859068,19,6,1.8639999999999997
1839,64.41567945871925,19,6,1.8819999999999997
1840,83.83653835802873,21,4,1.9539999999999995
1841,73.60957784434177,20,5,1.8820000000000001
1842,73.54679705028245,20,5,1.864
1843,61.744941883362095,19,6,1.86
1844,75.12007249415497,20,5,1.936
1845,72.28253228100668,20,5,1.8559999999999999
1846,84.75497451942378,21,4,1.884
1847,73.6442430821942,20,5,1.874
1848,63.03194617017417,19,6,1.956
1849,53.979180046667,18,7,1.9400000000000002
1850,83.7372644737338,21,4,1.9080000000000001
1851,63.696787708845974,19,6,1.9300000000000004
1852,84.80491828705352,21,4,1.8519999999999999
1853,63.022279338881134,19,6,1.866
1854,64.50733168862413,19,6,1.8939999999999997
1855,82.82415471587282,21,4,1.8700000000000003
1856,83.63780383871932,21,4,1.8820000000000001
1857,72.96401879836179,20,5,1.866
1858,73.65407931434338,20,5,1.918
1859,63.208001392703395,19,6,1.8840000000000003
1860,74.8653567966627,20,5,1.908
1861,73.83558898025973,20,5,1.936
1862,73.6964099502629,20,5,1.948
1863,63.85983960341418,19,6,1.844
1864,52.04972363277564,18,7,1.9199999999999995
1865,74.78077530386103,20,5,1.8920000000000001
1866,64.15530742675058,19,6,1.986
1867,53.68359168358966,18,7,1.8780000000000001
1868,83.54332676059879,21,4,1.8760000000000001
1869,63.57121502898254,19,6,1.85
1870,54.02819772601035,18,7,1.86
1871,52.768477643180915,18,7,1.8779999999999997
1872,94.93649152875548,22,3,1.918
1873,64.13568354183643,19,6,1.8519999999999999
1874,94.74109233108379,22,3,1.922
1875,43.35634013370735,17,8,1.8699999999999997
1876,82.50757938220522,21,4,1.8519999999999999
1877,74.44478728736199,20,5,1.8559999999999994
1878,53.54892581580428,18,7,1.8379999999999999
1879,93.81483201935957,22,3,1.83
1880,73.92974367287975,20,5,1.9120000000000001
1881,73.53598158126734,20,5,1.9600000000000002
1882,63.66076976505116,19,6,1.9160000000000004
1883,52.515734277056076,18,7,1.884
1884,63.33603187347698,19,6,1.966
1885,83.6695284633943,21,4,1.8739999999999999
1886,53.09835478293338,18,7,1.89
1887,74.36893113056665,20,5,1.8739999999999999
1888,73.09361235069703,20,5,1.8960000000000001
1889,73.9371283277508,20,5,1.94
1890,72.9098617955227,20,5,1.8939999999999997
1891,62.060793717008316,19,6,1.8779999999999997
1892,63.205653226421695,19,6,1.8600000000000005
1893,83.52330946471184,21,4,1.954
1894,74.18004984893143,20,5,1.8619999999999997
1895,73.21251752895567,20,5,1.9200000000000004
1896,73.73107274521368,20,5,1.8980000000000001
1897,74.23903676851137,20,5,1.816
1898,82.96213053780028,21,4,1.8699999999999999
1899,72.79268793128578,20,5,1.83
1900,63.536619776339265,19,6,1.8739999999999999
1901,82.53519645505583,21,4,1.9419999999999997
1902,84.68169823077095,21,4,1.904
1903,62.65927837358325,19,6,1.916
1904,73.589310363498,20,5,1.972
1905,43.048036195449114,17,8,1.8739999999999999
1906,72.84056217680727,20,5,1.8719999999999999
1907,73.26387655266797,20,5,1.8959999999999997
1908,82.63696662763962,21,4,1.952
1909,84.5622052861488,21,4,1.932
1910,73.62159472142491,20,5,1.8619999999999997
1911,83.65819517660854,21,4,1.9
1912,54.4966382690295,18,7,1.8240000000000003
1913,83.79902243823771,21,4,1.8560000000000003
1914,73.65121744610184,20,5,1.876
1915,83.3412410465052,21,4,1.8739999999999999
1916,93.71345769353144,22,3,1.9300000000000002
1917,74.16451214939684,20,5,1.9560000000000002
1918,52.43210990489074,18,7,1.8239999999999998
1919,83.45558620088265,21,4,1.8719999999999999
1920,82.76849316274411,21,4,1.864
1921,73.77610769002013,20,5,1.8379999999999999
1922,83.424166174689,21,4,1.8940000000000001
1923,84.02006528822287,21,4,1.8980000000000001
1924,83.48496122877168,21,4,1.8980000000000001
1925,73.2573714998242,20,5,1.8979999999999997
1926,93.11464085092535,22,3,1.8559999999999994
1927,83.58002011656998,21,4,1.8699999999999999
1928,63.80775403398762,19,6,1.8939999999999997
1929,63.89251134945874,19,6,1.8539999999999999
1930,83.41349621546058,21,4,1.8720000000000003
1931,83.5299715972907,21,4,1.8360000000000003
1932,83.45251815911276,21,4,1.95
1933,84.12278676973489,21,4,1.9780000000000002
1934,94.67359395861212,22,3,1.874
1935,73.09344306580238,20,5,1.828
1936,72.99455477284165,20,5,1.9560000000000002
1937,63.79205104523826,19,6,1.9360000000000004
1938,93.16935320999687,22,3,1.814
1939,83.21099710114028,21,4,1.8439999999999999
1940,73.19830739866919,20,5,1.864
1941,83.72774013440147,21,4,1.924
1942,84.19162506832201,21,4,1.9140000000000001
1943,73.9041642996293,20,5,1.9159999999999997
1944,73.69211035441468,20,5,1.92
1945,83.69659881305532,21,4,1.8939999999999997
1946,74.4735270412935,20,5,1.83
1947,74.90672756268002,20,5,1.9040000000000004
1948,72.8067815521296,20,5,1.866
1949,63.74075136936827,19,6,1.8800000000000001
1950,84.04972290099278,21,4,1.9000000000000004
1951,73.53850904765373,20,5,1.9760000000000002
1952,83.70709404141657,21,4,1.8359999999999999
1953,73.00225604512673,20,5,1.918
1954,84.13782594590764,21,4,1.9
1955,74.58869910185638,20,5,1.884
1956,73.25595585888624,20,5,1.952
1957,64.11808001962214,19,6,1.8979999999999997
1958,64.52510241420111,19,6,1.934
1959,73.43028560614404,20,5,1.972
1960,63.80149201578473,19,6,1.8799999999999997
1961,73.47519341990704,20,5,1.9780000000000002
1962,54.25870021506108,18,7,1.818
1963,74.99486203966998,20,5,1.886
1964,73.78236910931926,20,5,1.8720000000000003
1965,63.38067223076867,19,6,1.8239999999999998
1966,63.73051079598437,19,6,1.8619999999999997
1967,84.07771487180733,21,4,1.952
1968,74.4339827479875,20,5,1.8379999999999999
1969,63.27577453529183,19,6,1.9080000000000001
1970,74.57563425237149,20,5,1.98
1971,83.77036492236655,21,4,1.8499999999999996
1972,54.64982559943191,18,7,1.9020000000000004
1973,64.90106646312431,19,6,1.8680000000000003
1974,74.5312827049491,20,5,1.89
1975,64.04923285817758,19,6,1.8780000000000001
1976,74.03658501840486,20,5,1.9119999999999997
1977,54.382994244738185,18,7,1.948
1978,64.3882900951735,19,6,1.934
1979,64.48111477164953,19,6,1.9420000000000002
1980,73.32934915118888,20,5,1.8880000000000003
1981,64.29094585581474,19,6,1.858
1982,54.110689415196155,18,7,1.8939999999999997
1983,73.90596876771241,20,5,1.92
1984,72.88525325189293,20,5,1.9
1985,74.77257502328645,20,5,1.8760000000000001
1986,64.36562331714282,19,6,1.86
1987,53.776736749782344,18,7,1.8780000000000001
1988,74.49008436228206,20,5,1.9159999999999997
1989,54.3546515195907,18,7,1.932
1990,73.9983302403824,20,5,1.8820000000000001
1991,84.56469263847393,21,4,1.922
1992,63.44077477874766,19,6,1.89
1993,83.92189999269938,21,4,1.932
1994,64.90569534462202,19,6,1.8760000000000006
1995,74.40436568690005,20,5,1.9159999999999997
1996,44.08577660885332,17,8,1.8820000000000001
1997,63.68325682763218,19,6,1.8920000000000001
1998,85.23110771192958,21,4,1.938
1999,73.67500029592637,20,5,1.9119999999999997
2000,74.28967198269451,20,5,1.908
2001,75.1791623082678,20,5,1.834
2002,93.87880945309993,22,3,1.924
2003,65.1210823584619,19,6,1.9140000000000001
2004,73.3995614944446,20,5,1.9240000000000002
2005,74.3078832629928,20,5,1.9280000000000002
2006,83.81517331972987,21,4,1.918
2007,84.4484301927184,21,4,1.8819999999999997
2008,54.80786387456425,18,7,1.9020000000000004
2009,73.73079215093979,20,5,1.8540000000000003
2010,83.93714823132089,21,4,1.848
2011,74.24520618048457,20,5,1.918
2012,73.06448130470822,20,5,1.8800000000000001
2013,92.71265316594152,22,3,1.8960000000000001
2014,74.67258025908382,20,5,1.884
2015,75.0342322240451,20,5,1.9479999999999997
2016,74.42384773616648,20,5,1.8760000000000001
2017,84.40673153889689,21,4,1.9240000000000002
2018,53.5499893358756,18,7,1.922
2019,74.0641375656516,20,5,1.8940000000000001
2020,54.23825384410827,18,7,1.9
2021,74.37368790490335,20,5,1.8779999999999997
2022,54.664647130246195,18,7,1.8940000000000001
2023,74.25354418993493,20,5,1.9119999999999997
2024,33.435632178276926,16,9,1.9140000000000001
2025,74.12654379305403,20,5,1.9420000000000006
2026,53.869489989441945,18,7,1.8960000000000001
2027,63.52269683682336,19,6,1.842
2028,53.62690522132028,18,7,1.8799999999999997
2029,84.26051690345324,21,4,1.9140000000000001
2030,74.64788691081026,20,5,1.8479999999999996
2031,45.067637416225374,17,8,1.9500000000000004
2032,63.87539652203814,19,6,1.8
2033,54.33729249500779,18,7,1.8780000000000001
2034,64.48834163092359,19,6,1.8259999999999998
2035,94.97282427054438,22,3,1.8679999999999999
2036,63.609771715915656,19,6,1.876
2037,85.1643849090396,21,4,1.964
2038,55.099289630293946,18,7,1.902
2039,62.556350292478314,19,6,1.846
2040,65.21309328374801,19,6,1.874
2041,53.48782805323756,18,7,1.8719999999999999
2042,74.62875834502081,20,5,1.8960000000000001
2043,64.57234651780473,19,6,1.8820000000000003
2044,74.48496356038198,20,5,1.7920000000000003
2045,74.37668629316265,20,5,1.862
2046,54.445249103846955,18,7,1.9140000000000001
2047,75.11090075479099,20,5,1.904
2048,45.006135261497434,17,8,1.892
2049,73.99436019074378,20,5,1.8799999999999997
2050,63.76440831462479,19,6,1.8940000000000001
2051,74.30695439697128,20,5,1.9299999999999997
2052,64.1243199704633,19,6,1.9100000000000001
2053,63.79545378176244,19,6,1.9
2054,64.08765091766543,19,6,1.8980000000000001
2055,83.59098438582247,21,4,1.9179999999999997
2056,63.143531500157906,19,6,1.8960000000000001
2057,64.16336506310549,19,6,1.858
2058,64.38652902284639,19,6,1.8779999999999997
2059,54.01379084522171,18,7,1.8599999999999999
2060,83.21836644361561,21,4,1.92
2061,54.08323984426259,18,7,1.8679999999999999
2062,55.673560444378225,18,7,1.9099999999999997
2063,43.80992600436524,17,8,1.888
2064,83.95883521762737,21,4,1.9120000000000001
2065,73.92514384189246,20,5,1.8559999999999999
2066,53.97389035168261,18,7,1.9280000000000002
2067,74.4836054079341,20,5,1.8599999999999999
2068,74.59946148620489,20,5,1.8279999999999998
2069,64.44445836006088,19,6,1.846
2070,63.615612134078916,19,6,1.8479999999999996
2071,74.07163575647058,20,5,1.866
2072,64.08761262052708,19,6,1.818
2073,73.8378403578758,20,5,1.864
2074,84.05655561713307,21,4,1.8479999999999996
2075,74.08614056766852,20,5,1.8719999999999999
2076,84.25474298637415,21,4,1.98
2077,74.54429521274824,20,5,1.9560000000000002
2078,74.23782984149081,20,5,1.8900000000000001
2079,63.840306997633306,19,6,1.966
2080,64.16629428534215,19,6,1.9100000000000001
2081,74.7837163457352,20,5,1.8559999999999999
2082,74.53783675187208,20,5,1.8700000000000003
2083,63.9349728126781,19,6,1.9
2084,54.43862513284134,18,7,1.9
2085,64.23314831720636,19,6,1.9140000000000001
2086,74.63882070791921,20,5,1.9
2087,44.359143140451394,17,8,1.8979999999999997
2088,74.45944421604142,20,5,1.8779999999999997
2089,83.13017567938184,21,4,1.8779999999999997
2090,65.03921617397143,19,6,1.888
2091,64.5132112665378,19,6,1.9600000000000002
2092,63.55030512687095,19,6,1.906
2093,94.84408553988439,22,3,1.7879999999999996
2094,63.72319875580584,19,6,1.866
2095,54.14776837277894,18,7,1.8720000000000003
2096,53.97483429913299,18,7,1.8979999999999997
2097,74.40963701283441,20,5,1.9
2098,52.93842318017903,18,7,1.8800000000000001
2099,75.08414229508745,20,5,1.8679999999999999
2100,74.54117530077843,20,5,1.9639999999999997
2101,74.1758361280203,20,5,1.8999999999999997
2102,74.33348740774179,20,5,1.9120000000000001
2103,52.990870825852426,18,7,1.948
2104,63.45847343119207,19,6,1.9000000000000004
2105,65.19715190270546,19,6,1.904
2106,64.30542714401048,19,6,1.864
2107,74.95894517510614,20,5,1.9279999999999997
2108,64.34632686444537,19,6,1.9100000000000001
2109,64.11329218738231,19,6,1.8980000000000001
2110,45.41656648049553,17,8,1.8439999999999999
2111,74.66700659522613,20,5,1.8599999999999999
2112,63.875005832342254,19,6,1.8619999999999997
2113,63.23320070070581,19,6,1.9580000000000002
2114,73.6477396098513,20,5,1.8540000000000003
2115,55.46499083625396,18,7,1.918
2116,63.64388971200143,19,6,1.842
2117,74.743677553618,20,5,1.844
2118,65.6416494931012,19,6,1.9220000000000002
2119,66.04154414571167,19,6,1.834
2120,74.218913063067,20,5,1.846
2121,73.77191849384361,20,5,1.8800000000000001
2122,74.8310594288847,20,5,1.9720000000000002
2123,64.31115494874669,19,6,1.89
2124,75.2132604682102,20,5,1.862
2125,84.29324343543807,21,4,1.9200000000000004
2126,73.273363098954,20,5,1.9440000000000002
2127,55.04737036038793,18,7,1.8380000000000003
2128,64.55522042242636,19,6,1.9300000000000002
2129,74.33408023557132,20,5,1.8820000000000001
2130,53.87997083520979,18,7,1.8920000000000001
2131,84.80635448486031,21,4,1.9720000000000002
2132,84.7422652683066,21,4,1.884
2133,75.8328007058479,20,5,1.816
2134,84.04972933113017,21,4,1.8960000000000001
2135,84.17851667864585,21,4,1.8880000000000003
2136,85.14067375785548,21,4,1.8080000000000003
2137,75.3174031067966,20,5,1.8960000000000001
2138,83.92200757477003,21,4,1.9440000000000002
2139,63.566147805582176,19,6,1.8679999999999999
2140,63.378716057993486,19,6,1.9460000000000002
2141,63.08145284237757,19,6,1.892
2142,84.05641228281513,21,4,1.8860000000000003
2143,85.48826678038685,21,4,1.7920000000000003
2144,54.88462526006488,18,7,1.888
2145,54.52993192889228,18,7,1.862
2146,53.99678061247518,18,7,1.9619999999999997
2147,62.64453102098796,19,6,1.936
2148,64.51821256900433,19,6,1.8419999999999999
2149,94.35988695861423,22,3,1.866
2150,93.12960756766225,22,3,1.8579999999999999
2151,64.31247612694727,19,6,1.844
2152,84.55180404415158,21,4,1.8620000000000005
2153,72.72373751118967,20,5,1.8099999999999998
2154,74.57718074567241,20,5,1.8820000000000001
2155,72.98214929466147,20,5,1.8059999999999998
2156,74.44540118436383,20,5,1.9259999999999997
2157,63.98864321744705,19,6,1.9259999999999997
2158,73.1979547334086,20,5,1.862
2159,83.36205475589487,21,4,1.9099999999999997
2160,62.913015706205115,19,6,1.9100000000000001
2161,64.32437174964487,19,6,1.7779999999999998
2162,84.2954054537916,21,4,1.8780000000000001
2163,74.28853789302704,20,5,1.886
2164,72.90930658220063,20,5,1.8559999999999999
2165,84.26070931870228,21,4,1.8259999999999998
2166,73.43726107634448,20,5,1.8979999999999997
2167,73.25589049263353,20,5,1.9220000000000002
2168,84.60167144704218,21,4,1.9099999999999997
2169,72.58557678970723,20,5,1.876
2170,64.90014547818626,19,6,1.89
2171,64.80208492523643,19,6,1.9479999999999997
2172,83.55470440720939,21,4,1.9120000000000001
2173,53.69091763621729,18,7,1.8800000000000001
2174,74.61808178858277,20,5,1.828
2175,83.79876793747047,21,4,1.8960000000000001
2176,73.1149360768969,20,5,1.9120000000000001
2177,44.91468491074574,17,8,1.8799999999999997
2178,62.91066955932219,19,6,1.924
2179,51.218640876436154,18,7,1.92
2180,62.962574106732255,19,6,1.8419999999999999
2181,45.03367951595739,17,8,1.8980000000000001
2182,65.76116277545933,19,6,1.8939999999999997
2183,64.0023489463276,19,6,1.8199999999999998
2184,63.93177012225136,19,6,1.9400000000000002
2185,83.78643823729112,21,4,1.83
2186,63.556859641177724,19,6,1.8779999999999997
2187,44.240515582209966,17,8,1.8659999999999997
2188,84.07268064131576,21,4,1.874
2189,83.45476300434397,21,4,1.9259999999999997
2190,64.329765232353,19,6,1.918
2191,54.64049810069888,18,7,1.9280000000000002
2192,63.178882159540095,19,6,1.83
2193,74.74021138020608,20,5,1.9220000000000002
2194,63.84058554549988,19,6,1.922
2195,53.20758357518284,18,7,1.8920000000000001
2196,64.44918321397097,19,6,1.8780000000000001
2197,63.78459297550198,19,6,1.9119999999999997
2198,65.1112497384818,19,6,1.904
2199,52.92817475744612,18,7,1.9620000000000002
2200,73.75353792795073,20,5,1.862
2201,63.676317924889595,19,6,1.8760000000000001
2202,44.1776849725934,17,8,1.884
2203,63.936644061745355,19,6,1.904
2204,74.1215893168901,20,5,1.8699999999999999
2205,63.47134330667123,19,6,1.92
2206,93.50194839413325,22,3,1.8739999999999999
2207,63.52682292569543,19,6,1.9
2208,74.10218842710535,20,5,1.924
2209,73.60166388796914,20,5,1.8780000000000001
2210,43.398845510703325,17,8,1.8960000000000001
2211,74.44260337795923,20,5,1.8939999999999997
2212,74.18361582060355,20,5,1.8820000000000001
2213,53.55125493266007,18,7,1.9060000000000001
2214,75.07778290622194,20,5,1.816
2215,64.15965912673805,19,6,1.95
2216,75.1959154110479,20,5,1.9260000000000002
2217,63.945316056037,19,6,1.902
2218,85.2772536198816,21,4,1.924
2219,44.37872367562392,17,8,1.8239999999999998
2220,55.08300116767392,18,7,1.8679999999999999
2221,63.93757867136038,19,6,1.8139999999999996
2222,44.70102290228307,17,8,1.8700000000000003
2223,74.49163522629604,20,5,1.8719999999999999
2224,74.5972371972534,20,5,1.9200000000000004
2225,64.26448348028917,19,6,1.8579999999999999
2226,53.94852988241233,18,7,1.968
2227,45.375453302315776,17,8,1.9039999999999995
2228,64.79877362487422,19,6,1.9259999999999997
2229,44.121926020654115,17,8,1.8359999999999999
2230,84.76477445917753,21,4,1.9160000000000004
2231,64.89974776030283,19,6,1.8439999999999999
2232,64.311707105959,19,6,1.8419999999999999
2233,63.51895888373525,19,6,1.908
2234,55.074009653158086,18,7,1.916
2235,73.35536214908502,20,5,1.8960000000000001
2236,62.816316226084744,19,6,1.9080000000000001
2237,73.97065404283559,20,5,1.8119999999999998
2238,63.72340520228445,19,6,1.8679999999999999
2239,74.69903062530133,20,5,1.9060000000000001
2240,72.69869597286502,20,5,1.8660000000000003
2241,85.43583128007694,21,4,1.888
2242,74.4781418137041,20,5,1.8659999999999997
2243,74.58426869666974,20,5,1.902
2244,53.46613420318982,18,7,1.9739999999999998
2245,73.13156375279848,20,5,1.892
2246,74.04748305708036,20,5,1.884
2247,63.412409355575285,19,6,1.8560000000000003
2248,74.00447302466928,20,5,1.874
2249,73.91835471895176,20,5,1.8840000000000003
2250,73.24899259973523,20,5,1.802
2251,83.3480468121798,21,4,1.884
2252,74.0644711665516,20,5,1.8800000000000001
2253,53.39979659865434,18,7,1.8539999999999999
2254,74.88752307957459,20,5,1.8659999999999997
2255,65.62065423797424,19,6,1.8619999999999997
2256,74.04431790329296,20,5,1.8939999999999997
2257,73.29831106648182,20,5,1.8539999999999999
2258,63.3033245782146,19,6,1.95
2259,84.10119899352041,21,4,1.8539999999999999
2260,83.06627730660242,21,4,1.8579999999999999
2261,84.08013415406242,21,4,1.9
2262,84.54881958175255,21,4,1.9
2263,83.17243158324912,21,4,1.8719999999999999
2264,53.152512870690174,18,7,1.89
2265,73.11322987705452,20,5,1.8739999999999999
2266,64.20561146848891,19,6,1.9060000000000001
2267,72.39598661582411,20,5,1.918
2268,64.38081082447857,19,6,1.862
2269,83.95424198352963,21,4,1.9020000000000004
2270,74.3104820453547,20,5,1.9760000000000002
2271,63.27567176008104,19,6,1.8319999999999996
2272,75.1645490051628,20,5,1.9420000000000002
2273,73.10333478021474,20,5,1.8700000000000003
2274,56.07494344834878,18,7,1.92
2275,63.27081377280198,19,6,1.846
2276,74.90367365312939,20,5,1.8080000000000003
2277,84.0094868669827,21,4,1.906
2278,62.66336521735083,19,6,1.9280000000000002
2279,74.13997071037701,20,5,1.8419999999999999
2280,83.96052021242465,21,4,1.8439999999999999
2281,64.3961372445511,19,6,1.922
2282,83.36516017473039,21,4,1.888
2283,64.06876673802836,19,6,1.8279999999999998
2284,84.83226485959618,21,4,1.8679999999999999
2285,74.84134589997187,20,5,1.9120000000000001
2286,93.1751806703524,22,3,1.922
2287,84.35632871882864,21,4,1.9560000000000002
2288,72.53866886189331,20,5,1.866
2289,71.90115529195008,20,5,1.8220000000000003
2290,63.701932232136656,19,6,1.886
2291,72.95248051619468,20,5,1.936
2292,74.34293414719413,20,5,1.8760000000000001
2293,73.87414033100315,20,5,1.8880000000000003
2294,55.005364797831255,18,7,1.8560000000000003
2295,63.683330061258175,19,6,1.8559999999999999
2296,74.53948511070442,20,5,1.9020000000000004
2297,53.32992257704882,18,7,1.9420000000000002
2298,63.56821386496055,19,6,1.884
2299,74.55401031017423,20,5,1.9060000000000001
2300,72.71898954729029,20,5,1.886
2301,73.1056569927781,20,5,1.8779999999999997
2302,73.93709384045849,20,5,1.814
2303,84.3308613651992,21,4,1.86
2304,94.32151006848912,22,3,1.8699999999999999
2305,74.13789943207325,20,5,1.8720000000000003
2306,84.21643456711685,21,4,1.8960000000000001
2307,103.81308228027422,23,2,1.9199999999999995
2308,64.62847480572198,19,6,1.8539999999999999
2309,83.85244084457682,21,4,1.8739999999999999
2310,73.38506731366503,20,5,1.8960000000000001
2311,85.12748982939586,21,4,1.9100000000000001
2312,84.00388834092352,21,4,1.88
2313,63.261758559632895,19,6,1.9300000000000002
2314,93.99417276505518,22,3,1.916
2315,73.99348076025447,20,5,1.904
2316,93.96850520026891,22,3,1.8199999999999998
2317,73.77811757930999,20,5,1.8920000000000001
2318,93.55320517627271,22,3,1.8820000000000003
2319,74.91492422433323,20,5,1.8719999999999999
2320,84.70957928259278,21,4,1.8459999999999996
2321,83.75534637134902,21,4,1.906
2322,83.80691455303115,21,4,1.9599999999999997
2323,62.50420825519235,19,6,1.924
2324,94.94128354256631,22,3,1.9979999999999998
2325,85.0709763339976,21,4,1.8939999999999997
2326,94.65099021341598,22,3,1.8739999999999999
2327,84.72290519530998,21,4,1.9339999999999997
2328,92.95453284253715,22,3,1.938
2329,73.47744359507931,20,5,1.9
2330,84.74598658727555,21,4,1.886
2331,105.08881098277152,23,2,1.92
2332,65.7906167462551,19,6,1.8699999999999999
2333,84.41635910037787,21,4,1.8480000000000003
2334,63.93904642752166,19,6,1.8739999999999999
2335,74.320568326,20,5,1.816
2336,55.33709327912565,18,7,1.908
2337,85.32516724115796,21,4,1.9060000000000001
2338,75.37231968824808,20,5,1.9540000000000002
2339,54.239748601435714,18,7,1.8720000000000003
2340,55.171398749964254,18,7,1.8639999999999997
2341,64.32505164398967,19,6,1.8679999999999999
2342,84.75604616419824,21,4,1.8920000000000001
2343,75.15635276761145,20,5,1.996
2344,64.23666714059215,19,6,1.844
2345,74.21986802664621,20,5,1.908
2346,94.83861107830269,22,3,1.89
2347,84.42852806265759,21,4,1.9044444444444446
2348,73.19246677033934,20,5,1.842
2349,83.27985200340174,21,4,1.9419999999999997
2350,74.2712203708021,20,5,1.922
2351,84.0743919494794,21,4,1.918
2352,74.2646666845798,20,5,1.9059999999999995
2353,74.40735357429205,20,5,1.8980000000000001
2354,83.6018389341611,21,4,1.8940000000000001
2355,84.24562869287502,21,4,1.8519999999999999
2356,63.793790489032915,19,6,1.8940000000000001
2357,93.11583105322073,22,3,1.9160000000000004
2358,74.86610871146016,20,5,1.8539999999999999
2359,84.80373087564371,21,4,1.8699999999999999
2360,93.6320079190381,22,3,1.8866666666666667
2361,64.24840106629351,19,6,1.9619999999999997
2362,84.05871342043372,21,4,1.8820000000000001
2363,93.89789156879876,22,3,1.908
2364,65.59142332443552,19,6,1.918
2365,62.87718546745599,19,6,1.8980000000000001
2366,64.27604744694342,19,6,1.8800000000000001
2367,53.96442359366995,18,7,1.9139999999999997
2368,64.64235650466858,19,6,1.9180000000000004
2369,64.60803715634628,19,6,1.89
2370,64.21390340855906,19,6,1.8939999999999997
2371,63.593392802953105,19,6,1.9440000000000002
2372,74.82259698685539,20,5,1.888
2373,84.85631810398456,21,4,1.9419999999999997
2374,35.309013295052786,16,9,1.9120000000000004
2375,64.47499191348582,19,6,1.876
2376,63.21947112075636,19,6,1.8679999999999997
2377,85.12073357510563,21,4,1.8699999999999997
2378,42.84257012329843,17,8,1.94
2379,65.39683574435401,19,6,1.8479999999999996
2380,64.81635442294677,19,6,1.908
2381,84.69770440903267,21,4,1.812
2382,83.56426142956437,21,4,1.904
2383,54.89421895241427,18,7,1.8920000000000001
2384,74.53677589229838,20,5,1.936
2385,74.17498561419231,20,5,1.858
2386,65.16380376871007,19,6,1.9380000000000002
2387,75.42188534851633,20,5,1.904
2388,54.63170356646616,18,7,1.9119999999999997
2389,94.33920164622225,22,3,1.9260000000000002
2390,74.2182644979313,20,5,1.834
2391,56.11179321763312,18,7,1.9499999999999997
2392,75.71333335952069,20,5,1.83
2393,75.04301185082124,20,5,1.9300000000000002
2394,64.17123212779941,19,6,1.862
2395,74.92904116600596,20,5,1.9159999999999997
2396,55.40306715915076,18,7,1.902
2397,74.02968144407899,20,5,1.9060000000000001
2398,74.89441553463544,20,5,1.8959999999999997
2399,64.26685975314261,19,6,1.916
2400,75.04400118959836,20,5,1.908
2401,64.24959612605582,19,6,1.8720000000000003
2402,63.91642348158063,19,6,1.9060000000000001
2403,64.45706330438549,19,6,1.9020000000000004
2404,53.6719846152373,18,7,1.9620000000000002
2405,85.0480981159867,21,4,1.9300000000000004
2406,83.70099423944804,21,4,1.92
2407,63.98356442055548,19,6,1.8980000000000001
2408,63.16225788214162,19,6,1.8419999999999999
2409,75.40398956952617,20,5,1.8559999999999999
2410,94.94664693047022,22,3,1.8520000000000003
2411,84.51678965949554,21,4,1.9120000000000001
2412,64.59267488817804,19,6,1.8800000000000001
2413,94.97385792226167,22,3,1.9460000000000002
2414,94.66914205538363,22,3,1.866
2415,75.10155473294652,20,5,1.8359999999999999
2416,64.53516504639367,19,6,1.8900000000000001
2417,94.91167140184905,22,3,1.932
2418,75.3669240747447,20,5,1.8939999999999997
2419,95.36892863083892,22,3,1.8359999999999999
2420,74.46916455089416,20,5,1.952
2421,94.36671651116558,22,3,1.9060000000000001
2422,75.81501689563797,20,5,1.9100000000000001
2423,74.88171959020889,20,5,1.9
2424,64.63161410014801,19,6,1.9080000000000001
2425,64.79484826598853,19,6,1.8780000000000001
2426,64.67355667695402,19,6,1.9239999999999995
2427,85.20162833434057,21,4,1.8439999999999999
2428,85.08172561866638,21,4,1.8380000000000003
2429,65.52371341987684,19,6,1.9720000000000002
2430,95.45203990675799,22,3,1.89
2431,65.25350915818312,19,6,1.906
2432,86.09566359837781,21,4,1.8960000000000001
2433,84.87987426087541,21,4,1.8820000000000001
2434,84.62258584246878,21,4,1.9140000000000001
2435,83.84897154027878,21,4,1.916
2436,64.47119473258799,19,6,1.9599999999999997
2437,85.50160087703686,21,4,1.9619999999999997
2438,65.36531842053421,19,6,1.9439999999999997
2439,94.81950223896223,22,3,1.8419999999999999
2440,76.5116661045651,20,5,1.8380000000000003
2441,75.96979410473207,20,5,1.9260000000000002
2442,84.6737501850944,21,4,1.89
2443,74.8751256338355,20,5,1.866
2444,95.59672112133835,22,3,1.918
2445,85.48791291752833,21,4,1.8800000000000001
2446,64.96428139168067,19,6,1.8299999999999996
2447,76.36271133186735,20,5,1.8980000000000001
2448,74.8935355430341,20,5,1.97
2449,94.93021518200557,22,3,1.9459999999999997
2450,84.91396742121762,21,4,1.906
2451,85.44529094674698,21,4,1.8199999999999998
2452,64.79576518903278,19,6,1.8980000000000001
2453,85.03943872568524,21,4,1.9280000000000002
2454,86.44296819758526,21,4,1.848
2455,74.73667647265486,20,5,1.9199999999999995
2456,66.12630582576207,19,6,1.94
2457,64.76219211312511,19,6,1.866
2458,75.1849131636337,20,5,1.848
2459,84.65958710964787,21,4,1.8699999999999999
2460,83.0429109296366,21,4,1.884
2461,74.10414698874315,20,5,1.8819999999999997
2462,74.31953628794656,20,5,1.8779999999999997
2463,84.85104904375646,21,4,1.906
2464,84.48548600900122,21,4,1.876
2465,75.51543274826143,20,5,1.8659999999999997
2466,75.58218501857634,20,5,1.818
2467,63.81129827324482,19,6,1.8639999999999997
2468,85.6697571682191,21,4,1.8539999999999999
2469,75.04077246869574,20,5,1.9100000000000001
2470,74.71692873650701,20,5,1.8359999999999999
2471,75.21105720145202,20,5,1.8560000000000003
2472,73.95926282668651,20,5,1.884
2473,74.34929918061069,20,5,1.9000000000000004
2474,64.66121473921733,19,6,1.802
2475,75.4225343988282,20,5,1.8760000000000001
2476,64.95027988131899,19,6,1.9659999999999997
2477,95.10347242793928,22,3,1.8960000000000001
2478,85.24389455524181,21,4,1.9199999999999995
2479,75.41499259559049,20,5,1.8380000000000003
2480,75.53514193173997,20,5,1.9480000000000004
2481,75.04174271177396,20,5,1.8239999999999998
2482,84.37796136691325,21,4,1.8940000000000001
2483,76.0195992521501,20,5,1.8539999999999999
2484,84.44575757675327,21,4,1.9479999999999997
2485,75.62280376986025,20,5,1.9040000000000004
2486,73.65852971142513,20,5,1.8940000000000001
2487,64.91117124804062,19,6,1.8519999999999996
2488,75.9534258262424,20,5,1.8459999999999996
2489,86.46111663687714,21,4,1.846
2490,74.6969260362376,20,5,1.8519999999999996
2491,95.24821244411156,22,3,1.818
2492,65.53468293441534,19,6,1.918
2493,85.46405973498577,21,4,1.884
2494,75.75917505543295,20,5,1.862
2495,95.17660019599886,22,3,1.8979999999999997
2496,64.7630158933828,19,6,1.844
2497,74.27738463719183,20,5,1.9259999999999997
2498,73.9951637847179,20,5,1.8920000000000001
2499,65.38589824540179,19,6,1.9460000000000002
2500,85.80712741632574,21,4,1.8559999999999999
2501,85.07443270681428,21,4,1.9080000000000001
2502,65.09730414645189,19,6,1.9280000000000002
2503,75.27660689596593,20,5,1.802
2504,74.95983465606258,20,5,1.9479999999999997
2505,84.94874389821388,21,4,1.9280000000000002
2506,64.22292884650801,19,6,1.9100000000000001
2507,85.26375413646151,21,4,1.9079999999999995
2508,64.89872829265774,19,6,1.8359999999999999
2509,84.9301358762942,21,4,1.8679999999999999
2510,85.08343563568843,21,4,1.8379999999999999
2511,95.07394334710571,22,3,1.8820000000000001
2512,105.22432965409541,23,2,1.798
2513,63.92179919204759,19,6,1.8699999999999999
2514,84.95466177362972,21,4,1.9099999999999997
2515,74.10682048798995,20,5,1.864
2516,74.88028857352523,20,5,1.886
2517,84.70563329474271,21,4,1.8579999999999999
2518,75.06612363893835,20,5,1.9200000000000004
2519,85.46852347850827,21,4,1.8780000000000001
2520,85.53252764040735,21,4,1.83
2521,65.77121528520998,19,6,1.7999999999999996
2522,75.42406732167407,20,5,1.9400000000000002
2523,75.1450154035838,20,5,1.8739999999999999
2524,84.98346232007015,21,4,1.888
2525,75.16740984297692,20,5,1.9280000000000002
2526,64.1745178326528,19,6,1.8679999999999999
2527,65.0544571541025,19,6,1.9000000000000004
2528,85.7073804266416,21,4,1.902
2529,85.18933607957716,21,4,1.8679999999999999
2530,94.2615839851088,22,3,1.828
2531,74.03343672588704,20,5,1.8619999999999997
2532,84.26609413796123,21,4,1.934
2533,85.91459015824974,21,4,1.8980000000000001
2534,94.66221575157367,22,3,1.9100000000000001
2535,84.87700100038029,21,4,1.8559999999999999
2536,85.00746985780829,21,4,1.95
2537,95.44345452498052,22,3,1.8940000000000001
2538,74.7433743965715,20,5,1.9060000000000001
2539,94.58977168411761,22,3,1.8820000000000001
2540,74.81971844303368,20,5,1.8820000000000001
2541,65.11385551672977,19,6,1.848
2542,85.58528216351698,21,4,1.8979999999999997
2543,74.3110920651927,20,5,1.8760000000000001
2544,84.85963257715109,21,4,1.9120000000000001
2545,85.69031469805108,21,4,1.8419999999999999
2546,85.69116790899061,21,4,1.9
2547,84.25239778938973,21,4,1.94
2548,85.23823790306184,21,4,1.8359999999999999
2549,54.1155454104984,18,7,1.888
2550,84.64005215747805,21,4,1.9380000000000002
2551,64.87823967205846,19,6,1.9259999999999997
2552,75.1028262953682,20,5,1.934
2553,86.20112987596481,21,4,1.89
2554,96.45088561418576,22,3,1.908
2555,65.2927884584119,19,6,1.862
2556,74.36199243620932,20,5,1.9040000000000004
2557,84.70768913512141,21,4,1.8839999999999997
2558,75.9353655021143,20,5,1.8920000000000001
2559,76.14049287728639,20,5,1.9140000000000001
2560,85.39798262600968,21,4,1.916
2561,95.2373379834927,22,3,1.9120000000000001
2562,84.95406956818522,21,4,1.8539999999999999
2563,96.21238753506985,22,3,1.8400000000000003
2564,75.63823970356259,20,5,1.8979999999999997
2565,85.43621091113857,21,4,1.9259999999999997
2566,85.30791624479102,21,4,1.8459999999999996
2567,74.44165913470272,20,5,1.8340000000000003
2568,85.05760070612389,21,4,1.8359999999999999
2569,96.58293784685736,22,3,1.8979999999999997
2570,85.96529772511144,21,4,1.8599999999999999
2571,85.28336559900337,21,4,1.8719999999999999
2572,75.46174922429766,20,5,1.9320000000000004
2573,85.10240049781281,21,4,1.9060000000000001
2574,55.32340391410041,18,7,1.918
2575,65.75178920680061,19,6,1.8880000000000003
2576,95.85333089964438,22,3,1.8359999999999999
2577,76.20312848923739,20,5,1.8920000000000001
2578,95.84437106024076,22,3,1.9199999999999995
2579,86.08801534617207,21,4,1.9420000000000002
2580,74.64888132428467,20,5,1.826
2581,85.14421466646507,21,4,1.908
2582,75.68209223640189,20,5,1.8680000000000003
2583,86.36091369687107,21,4,1.9060000000000001
2584,85.94216309464034,21,4,1.86
2585,96.16087342094575,22,3,1.906
2586,76.00397433884862,20,5,1.9120000000000001
2587,75.62813219452057,20,5,1.8679999999999999
2588,84.25710099318877,21,4,1.8380000000000003
2589,65.9565346476829,19,6,1.8099999999999998
2590,86.59176662027296,21,4,1.8
2591,95.76729117132041,22,3,1.884
2592,85.66083214774004,21,4,1.884
2593,94.73134273096922,22,3,1.8620000000000005
2594,85.60987394324141,21,4,1.9380000000000002
2595,86.54133532614644,21,4,1.846
2596,66.06634519845659,19,6,1.8080000000000003
2597,75.44894151374137,20,5,1.8360000000000003
2598,75.42124928638935,20,5,1.8699999999999999
2599,75.7544544397744,20,5,1.8359999999999996
2600,55.73427878475202,18,7,1.8820000000000001
2601,65.2416588049518,19,6,1.886
2602,66.50465809507304,19,6,1.9120000000000001
2603,95.06060953576169,22,3,1.9
2604,86.40564774326242,21,4,1.886
2605,76.0743644059732,20,5,1.814
2606,74.97451661662768,20,5,1.874
2607,75.99564678736277,20,5,1.908
2608,85.90299680885083,21,4,1.7879999999999998
2609,85.02203945739511,21,4,1.844
2610,75.64835273378644,20,5,1.8820000000000001
2611,65.19266121098664,19,6,1.918
2612,75.23505450716797,20,5,1.818
2613,84.31037018965047,21,4,1.8820000000000001
2614,76.06459881715557,20,5,1.8960000000000001
2615,96.19134991827568,22,3,1.9100000000000001
2616,76.25002806825155,20,5,1.8379999999999999
2617,76.18284198576107,20,5,1.9260000000000002
2618,74.45489681952519,20,5,1.812
2619,75.97576237287595,20,5,1.9340000000000004
2620,85.53886443762367,21,4,1.94
2621,64.76044263429732,19,6,1.876
2622,95.40212385337097,22,3,1.916
2623,95.55441772173883,22,3,1.9319999999999997
2624,94.16377512567405,22,3,1.8699999999999999
2625,84.77486408332058,21,4,1.9100000000000001
2626,95.32824852544121,22,3,1.8279999999999998
2627,86.00959555445431,21,4,1.9180000000000004
2628,84.20102427440942,21,4,1.906
2629,75.01838542024471,20,5,1.8920000000000001
2630,84.53108633572154,21,4,1.8459999999999996
2631,86.26294069297043,21,4,1.9259999999999997
2632,84.00210351116957,21,4,1.8419999999999999
2633,74.91289215020151,20,5,1.9100000000000001
2634,74.5729435504107,20,5,1.902
2635,65.17291089167588,19,6,1.8959999999999997
2636,75.43790520780182,20,5,1.924
2637,75.91345330444936,20,5,1.9
2638,74.7703804264551,20,5,1.8820000000000001
2639,74.66609536835188,20,5,1.904
2640,84.92375758663263,21,4,1.884
2641,85.73321632224624,21,4,1.8880000000000003
2642,65.40249708622811,19,6,1.8999999999999997
2643,85.48932589157235,21,4,1.9240000000000002
2644,76.45341307157629,20,5,1.9
2645,75.73306211379037,20,5,1.862
2646,74.83999640671621,20,5,1.924
2647,65.42304275711271,19,6,1.8880000000000003
2648,65.67210959482533,19,6,1.9300000000000002
2649,74.92229960398771,20,5,1.862
2650,76.40986468707217,20,5,1.934
2651,74.9782983967858,20,5,1.8880000000000003
2652,65.76811577452568,19,6,1.902
2653,95.59070731504274,22,3,1.9799999999999998
2654,76.222163507522,20,5,1.89
2655,65.60524908303132,19,6,1.8360000000000003
2656,86.03340446232393,21,4,1.892
2657,75.81653277627875,20,5,1.8560000000000003
2658,76.55145153033023,20,5,1.952
2659,85.8531316703367,21,4,1.828
2660,86.00828249384031,21,4,1.8559999999999999
2661,85.73975059483269,21,4,1.842
2662,95.35211422081245,22,3,1.892
2663,95.81355684208815,22,3,1.876
2664,86.16404395719414,21,4,1.8980000000000001
2665,74.45574472920913,20,5,1.8780000000000001
2666,65.84286259892674,19,6,1.9639999999999997
2667,85.18935044454558,21,4,1.9140000000000001
2668,84.88437528286126,21,4,1.848
2669,85.9098261782233,21,4,1.8520000000000003
2670,75.53501665968956,20,5,1.8519999999999996
2671,75.71714424637533,20,5,1.844
2672,85.33304620861823,21,4,1.888
2673,74.95913765916647,20,5,1.94
2674,85.08682816120137,21,4,1.8980000000000001
2675,74.70396253969875,20,5,1.864
2676,96.03295296400056,22,3,1.9559999999999995
2677,65.91460373832142,19,6,1.8920000000000001
2678,75.24611689050849,20,5,1.864
2679,86.64930477408195,21,4,1.9
2680,85.59486983213725,21,4,1.8959999999999997
2681,84.83925441305738,21,4,1.9140000000000001
2682,85.18179101344937,21,4,1.8519999999999999
2683,85.82781860402797,21,4,1.8900000000000001
2684,75.20378395330845,20,5,1.8519999999999999
2685,94.83001925296898,22,3,1.92
2686,95.46975881308565,22,3,1.8940000000000001
2687,74.49427319850243,20,5,1.9060000000000001
2688,84.91905688933359,21,4,1.9380000000000002
2689,74.83061226531206,20,5,1.8980000000000001
2690,95.54407165157104,22,3,1.918
2691,64.30646915173799,19,6,1.95
2692,64.69568101137628,19,6,1.8760000000000001
2693,73.74330942982168,20,5,1.9140000000000001
2694,74.63015545332425,20,5,1.9
2695,74.38398140609443,20,5,1.8359999999999999
2696,84.4021570472891,21,4,1.8800000000000001
2697,84.9697039742426,21,4,1.8980000000000001
2698,74.79867883022703,20,5,1.884
2699,85.36909524102508,21,4,1.8940000000000001
2700,84.83604416481413,21,4,1.818
2701,74.68835175860383,20,5,1.8960000000000001
2702,74.86501992866067,20,5,1.8819999999999997
2703,84.53894178235434,21,4,1.92
2704,95.25522638166656,22,3,1.924
2705,94.6519051908034,22,3,1.954
2706,75.06537714545202,20,5,1.8500000000000003
2707,73.50531563589323,20,5,1.9240000000000002
2708,75.30393564606078,20,5,1.8780000000000001
2709,64.26069067464798,19,6,1.8519999999999999
2710,54.398765819346565,18,7,1.8699999999999999
2711,64.92750936684871,19,6,1.828
2712,54.886265957467444,18,7,1.8519999999999999
2713,73.97889125331538,20,5,1.932
2714,63.33936928774982,19,6,1.964
2715,64.01893842289002,19,6,1.8739999999999999
2716,74.29179713618167,20,5,1.9020000000000004
2717,73.60619030531348,20,5,1.8800000000000003
2718,63.504863465808164,19,6,1.876
2719,93.93802615492801,22,3,1.9220000000000002
2720,84.47828048204386,21,4,1.8739999999999999
2721,74.5553200512426,20,5,1.8959999999999997
2722,74.40219041805686,20,5,1.828
2723,63.29422804739406,19,6,1.9240000000000002
2724,85.38197380681669,21,4,1.922
2725,73.38396466451289,20,5,1.902
2726,84.50639867963346,21,4,1.8820000000000001
2727,84.6027308896627,21,4,1.832
2728,75.17135415245012,20,5,1.9599999999999997
2729,74.60162749469563,20,5,1.884
2730,72.92585741427554,20,5,1.89
2731,74.20406150279709,20,5,1.848
2732,55.176803369419204,18,7,1.8699999999999999
2733,65.17903142519582,19,6,1.9140000000000001
2734,75.24654962042261,20,5,1.9139999999999997
2735,75.05054488163093,20,5,1.8959999999999997
2736,75.37368795913133,20,5,1.8679999999999997
2737,65.53308638693697,19,6,1.8479999999999996
2738,54.8674553193254,18,7,1.8820000000000001
2739,85.59682176205793,21,4,1.8539999999999999
2740,74.93147773664597,20,5,1.9
2741,84.74758861412445,21,4,1.92
2742,75.30576357414996,20,5,1.8760000000000001
2743,64.3840925029035,19,6,1.9120000000000001
2744,74.72535537256064,20,5,1.858
2745,83.561093016182,21,4,1.9139999999999997
2746,84.92017691913631,21,4,1.884
2747,65.54185049168014,19,6,1.9339999999999997
2748,54.87693974036321,18,7,1.8559999999999999
2749,44.96042402587478,17,8,1.816
2750,75.52951587749256,20,5,1.862
2751,54.180533400699986,18,7,1.906
2752,74.67735311762533,20,5,1.8560000000000003
2753,74.55232185330297,20,5,1.8920000000000001
2754,74.66171066188353,20,5,1.92
2755,74.95827925796031,20,5,1.888
2756,74.81951515705134,20,5,1.8139999999999996
2757,74.41626920143229,20,5,1.916
2758,65.22257106055736,19,6,1.8739999999999999
2759,84.99923560610013,21,4,1.8939999999999997
2760,74.46857039746152,20,5,1.8539999999999999
2761,64.46455834335694,19,6,1.866
2762,64.33094885966875,19,6,1.884
2763,65.78980507467408,19,6,1.8559999999999999
2764,73.34323910812427,20,5,1.8760000000000001
2765,84.84482328409139,21,4,1.8359999999999999
2766,75.40107892074377,20,5,1.9240000000000002
2767,54.33527500357596,18,7,1.8540000000000003
2768,73.69851134648226,20,5,1.9220000000000002
2769,64.78608476076842,19,6,1.9279999999999997
2770,63.875299318042686,19,6,1.8860000000000003
2771,84.51238646248594,21,4,1.8839999999999997
2772,64.05888564760825,19,6,1.9240000000000002
2773,73.08573068080649,20,5,1.862
2774,74.06053012715296,20,5,1.9120000000000001
2775,72.92839727526808,20,5,1.9119999999999997
2776,53.676155951837714,18,7,1.8679999999999999
2777,94.52757639296493,22,3,1.8940000000000001
2778,63.85343641531222,19,6,1.8820000000000001
2779,74.36745218795782,20,5,1.8980000000000001
2780,62.91167784626626,19,6,1.9140000000000001
2781,83.02379316139441,21,4,1.866
2782,52.931710596510314,18,7,1.8960000000000001
2783,74.43668009994276,20,5,1.81
2784,94.49536637756347,22,3,1.848
2785,62.91469866872498,19,6,1.8679999999999999
2786,64.52255196749314,19,6,1.8559999999999999
2787,73.68202769298443,20,5,1.8519999999999996
2788,54.165251652073266,18,7,1.8900000000000001
2789,84.05735853162554,21,4,1.8739999999999999
2790,74.95383723739418,20,5,1.8960000000000001
2791,74.31846951305262,20,5,1.862
2792,63.440500954789634,19,6,1.9
2793,73.44855904741418,20,5,1.8939999999999997
2794,54.33444411660012,18,7,1.904
2795,84.47369876074079,21,4,1.8799999999999997
2796,72.94947211232534,20,5,1.938
2797,74.94891021789145,20,5,1.8239999999999998
2798,73.58267214365955,20,5,1.89
2799,83.54275174574104,21,4,1.8419999999999999
2800,63.996338765010435,19,6,1.9300000000000002
2801,83.76070728818397,21,4,1.8920000000000001
2802,73.93174478925378,20,5,1.8539999999999999
2803,74.32762743761798,20,5,1.932
2804,63.79975904426449,19,6,1.874
2805,83.85216899520933,21,4,1.9260000000000002
2806,94.07076840597816,22,3,1.86
2807,84.48507721132269,21,4,1.874
2808,83.42693047132785,21,4,1.9300000000000002
2809,64.13247324307775,19,6,1.8800000000000003
2810,64.93007351107703,19,6,1.798
2811,84.30469029309197,21,4,1.9080000000000001
2812,75.2878483648963,20,5,1.904
2813,74.27107227209237,20,5,1.9279999999999997
2814,74.17016058532056,20,5,1.884
2815,63.39239409747807,19,6,1.8560000000000003
2816,74.15547362570572,20,5,1.8879999999999995
2817,73.65386649254116,20,5,1.8780000000000001
2818,74.78320285747574,20,5,1.9280000000000002
2819,72.98448695761954,20,5,1.918
2820,75.41641976045241,20,5,1.948
2821,75.12272318159869,20,5,1.884
2822,64.52696299361693,19,6,1.8139999999999996
2823,84.3172492928006,21,4,1.92
2824,63.81114745757009,19,6,1.8979999999999997
2825,74.94401183327169,20,5,1.9300000000000002
2826,94.32135310246079,22,3,1.814
2827,44.114227055887085,17,8,1.8960000000000001
2828,74.12848770800488,20,5,1.906
2829,74.53333322424979,20,5,1.8699999999999999
2830,73.97553980115073,20,5,1.8400000000000003
2831,74.80703527019782,20,5,1.8520000000000003
2832,94.51323865470599,22,3,1.902
2833,64.65005827248449,19,6,1.9240000000000002
2834,54.07290273475843,18,7,1.864
2835,64.0021960440075,19,6,1.89
2836,74.55907133146181,20,5,1.8699999999999999
2837,44.29249373978412,17,8,1.8579999999999999
2838,64.59143079102273,19,6,1.8939999999999997
2839,64.96471690090368,19,6,1.92
2840,64.79419266125596,19,6,1.8980000000000001
2841,54.08164690770137,18,7,1.888
2842,64.87217072679692,19,6,1.8739999999999994
2843,64.74512158708048,19,6,1.8200000000000003
2844,75.3729207382027,20,5,1.876
2845,53.321372401460415,18,7,1.8779999999999997
2846,74.93263029455467,20,5,1.8800000000000001
2847,54.68123186943607,18,7,1.8939999999999997
2848,74.79887661475286,20,5,1.904
2849,53.94327058601508,18,7,1.89
2850,73.37861774929034,20,5,1.8780000000000001
2851,64.80674943393711,19,6,1.9240000000000002
2852,42.97362158552022,17,8,1.9280000000000002
2853,64.01449866318096,19,6,1.8400000000000003
2854,74.39478741310965,20,5,1.9280000000000002
2855,94.30994118305169,22,3,1.8379999999999999
2856,64.97113996121908,19,6,1.8080000000000003
2857,75.04856014808746,20,5,1.816
2858,63.132879834299956,19,6,1.9459999999999997
2859,55.9052981149901,18,7,1.8800000000000001
2860,65.02430706321223,19,6,1.864
2861,44.37106848493236,17,8,1.866
2862,63.238714789581906,19,6,1.834
2863,83.15210725045903,21,4,1.892
2864,45.20431617024042,17,8,1.8760000000000001
2865,44.16458720183006,17,8,1.982
2866,44.62276551031786,17,8,1.886
2867,85.37593603627147,21,4,1.902
2868,54.496932797766135,18,7,1.8820000000000001
2869,74.39385087652202,20,5,1.9160000000000004
2870,83.79532770453679,21,4,1.8359999999999999
2871,74.06442981526425,20,5,1.8639999999999997
2872,74.44762554934957,20,5,1.8840000000000003
2873,64.33619788777857,19,6,1.778
2874,64.31286448650187,19,6,1.8719999999999999
2875,105.46747924948582,23,2,1.8960000000000001
2876,74.16692172527812,20,5,1.9099999999999997
2877,55.11661095401446,18,7,1.8299999999999996
2878,84.10168532196252,21,4,1.8619999999999997
2879,63.63039513506898,19,6,1.8960000000000001
2880,74.20126970961894,20,5,1.89
2881,84.18034881637813,21,4,1.844
2882,64.25111844996619,19,6,1.8799999999999997
2883,55.187637828376346,18,7,1.932
2884,75.08074952365332,20,5,1.8959999999999997
2885,64.18869653247664,19,6,1.8560000000000003
2886,84.47933760658267,21,4,1.8379999999999999
2887,94.08707497837143,22,3,1.8999999999999997
2888,85.71263304211232,21,4,1.9420000000000002
2889,75.04875634143438,20,5,1.954
2890,73.84775217106909,20,5,1.8519999999999999
2891,55.41127020117027,18,7,1.8799999999999997
2892,75.78786957762917,20,5,1.9319999999999997
2893,64.71960272040808,19,6,1.906
2894,74.49083963208054,20,5,1.8699999999999999
2895,74.01130668956051,20,5,1.8080000000000003
2896,55.656226463409986,18,7,1.8839999999999997
2897,85.17108991488067,21,4,1.8240000000000003
2898,73.81531468372718,20,5,1.9460000000000002
2899,64.3482223276327,19,6,1.89
2900,85.77915374214986,21,4,1.86
2901,64.28152026716782,19,6,1.8059999999999998
2902,75.57035075458231,20,5,1.83
2903,64.39226123442161,19,6,1.8700000000000003
2904,44.39496841288877,17,8,1.9259999999999997
2905,64.87432601434857,19,6,1.8940000000000001
2906,64.77762783965935,19,6,1.85
2907,75.05663513278384,20,5,1.83
2908,65.1538430227845,19,6,1.7899999999999998
2909,54.00645225350379,18,7,1.8980000000000001
2910,64.20424639090282,19,6,1.916
2911,83.98834099501235,21,4,1.908
2912,54.75531542850267,18,7,1.9600000000000002
2913,85.02766502712569,21,4,1.864
2914,75.17500319217788,20,5,1.934
2915,83.58738976690913,21,4,1.964
2916,74.39354766277786,20,5,1.934
2917,84.31768795036187,21,4,1.9099999999999997
2918,64.80935170359976,19,6,1.904
2919,65.6181250318561,19,6,1.8839999999999997
2920,74.31982166314916,20,5,1.9439999999999997
2921,74.83948045500613,20,5,1.8419999999999999
2922,64.44382478983232,19,6,1.964
2923,75.0379611195378,20,5,1.884
2924,74.6305967402238,20,5,1.918
2925,64.95289467006225,19,6,1.8719999999999999
2926,74.29407004480669,20,5,1.95
2927,54.97538972237833,18,7,1.9419999999999997
2928,74.98219260019967,20,5,1.8739999999999999
2929,75.3497544959427,20,5,1.8960000000000001
2930,83.93908812145565,21,4,1.8939999999999997
2931,84.18851623316411,21,4,1.8279999999999998
2932,44.48074773417844,17,8,1.8959999999999997
2933,74.83655011506193,20,5,1.8820000000000001
2934,74.56048591015198,20,5,1.8980000000000001
2935,84.19502665291961,21,4,1.8760000000000001
2936,74.08965013935527,20,5,1.92
2937,64.40642630226809,19,6,1.97
2938,84.55593806449693,21,4,1.924
2939,95.42053650997137,22,3,1.862
2940,84.57697262139898,21,4,1.8519999999999999
2941,64.15075479556448,19,6,1.8579999999999999
2942,63.04139967864968,19,6,1.888
2943,73.9946283401672,20,5,1.924
2944,63.72848959636763,19,6,1.8599999999999999
2945,83.7236955647903,21,4,1.8319999999999996
2946,73.72996238853347,20,5,1.874
2947,44.51055992201618,17,8,1.888
2948,65.8040333019047,19,6,1.864
2949,84.9219923717624,21,4,1.9140000000000001
2950,64.49910941286895,19,6,1.916
2951,54.52815265255302,18,7,1.9620000000000002
2952,44.83256100042309,17,8,1.8760000000000001
2953,55.59079984323716,18,7,1.8800000000000001
2954,56.0269158309211,18,7,1.828
2955,55.42128537831722,18,7,1.908
2956,65.68750385754787,19,6,1.8799999999999997
2957,54.807848603141245,18,7,1.8920000000000001
2958,45.585722810195875,17,8,1.8980000000000001
2959,64.06540551792877,19,6,1.8820000000000003
2960,64.53076204593432,19,6,1.9300000000000002
2961,84.9611526410438,21,4,1.9079999999999995
2962,65.35735141783343,19,6,1.8179999999999996
2963,74.62603010082782,20,5,1.8739999999999999
2964,46.104511087130724,17,8,1.8940000000000001
2965,44.99231859841609,17,8,1.8980000000000001
2966,85.65627557273669,21,4,1.8979999999999997
2967,75.0259098580155,20,5,1.876
2968,66.19593788247302,19,6,1.848
2969,64.6820924717153,19,6,1.892
2970,65.9348775070879,19,6,1.862
2971,86.03651839512487,21,4,1.8640000000000003
2972,75.02850503657386,20,5,1.89
2973,75.10276782122885,20,5,1.888
2974,44.542203638272284,17,8,1.826
2975,65.13740056654002,19,6,1.8400000000000003
2976,75.27186555586711,20,5,1.8799999999999997
2977,75.41573839799634,20,5,1.89
2978,54.63821739258209,18,7,1.906
2979,65.8223467196813,19,6,1.906
2980,55.75502048910724,18,7,1.8739999999999999
2981,34.723289474831944,16,9,1.9060000000000001
2982,65.25964654816826,19,6,1.9380000000000002
2983,55.209220607022644,18,7,1.9060000000000001
2984,85.35231024451866,21,4,1.8359999999999999
2985,75.67602265179067,20,5,1.8059999999999998
2986,65.61683218314076,19,6,1.9419999999999995
2987,65.54034614229441,19,6,1.9119999999999997
2988,85.49602711620462,21,4,1.8399999999999999
2989,54.4896138824325,18,7,1.8820000000000001
2990,65.5530886161842,19,6,1.8559999999999994
2991,54.70871302530202,18,7,1.8780000000000001
2992,54.68421365487049,18,7,1.7899999999999998
2993,64.81060805928378,19,6,1.8959999999999997
2994,66.21718725227595,19,6,1.8800000000000001
2995,55.11141450066864,18,7,1.9059999999999995
2996,65.01448746354642,19,6,1.8539999999999999
2997,65.37804136445261,19,6,1.908
2998,86.39638174045078,21,4,1.952
2999,55.365872944223,18,7,1.886
3000,54.6229009240689,18,7,1.924
