"# mode=unfixed d_value=0 d=[1,4] p=0.50 dr=0 seed=1 topology=fixed ch=3 n_agents=5 obs_dim=34 n_episodes=4000"
episode,sum_reward,success,fail,mean_delay
1,-46.60016620378326,8,17,2.1800000000000006
2,-65.24638213097262,6,19,2.22
3,-45.270350713504044,8,17,2.324
4,-46.7765346372943,8,17,2.226
5,-47.11699065471731,8,17,2.25
6,-46.133547950340784,8,17,2.1599999999999997
7,-45.88910467755262,8,17,2.2260000000000004
8,-55.69258616922233,7,18,2.3099999999999996
9,-35.43338077458283,9,16,2.2800000000000002
10,-86.69993823398167,4,21,2.228
11,-25.51241473260709,10,15,2.326
12,-35.169251831239286,9,16,2.2060000000000004
13,-66.20052568779971,6,19,2.2299999999999995
14,-66.03750507884202,6,19,2.2800000000000002
15,-75.9827543780239,5,20,2.266
16,-46.20801937630591,8,17,2.1419999999999995
17,-55.95619364561145,7,18,2.2399999999999998
18,-65.32514085319993,6,19,2.15
19,-35.9295537136295,9,16,2.2980000000000005
20,-56.684195188264916,7,18,2.306
21,-35.88756657143707,9,16,2.1740000000000004
22,-75.71970960469396,5,20,2.1999999999999997
23,-65.87911168867934,6,19,2.302
24,-76.25605766731236,5,20,2.216
25,-55.05878638838204,7,18,2.238
26,-65.78405697636444,6,19,2.0699999999999994
27,-36.81545680105908,9,16,2.1220000000000003
28,-36.03525198212728,9,16,2.2939999999999996
29,-56.016714050613594,7,18,2.1660000000000004
30,-25.418337452804415,10,15,2.234
31,-44.89915899587901,8,17,2.2440000000000007
32,-74.56865143816023,5,20,2.242
33,-65.88128046393571,6,19,2.202
34,-56.034484869628486,7,18,2.2700000000000005
35,-56.12011851428741,7,18,2.2020000000000004
36,-56.07590064255713,7,18,2.26
37,-45.10374349070734,8,17,2.1759999999999997
38,-65.82157206274188,6,19,2.258
39,-66.43668587948092,6,19,2.1719999999999997
40,-35.507360846055356,9,16,2.1900000000000004
41,-45.79933535070518,8,17,2.2659999999999996
42,-66.31853665206424,6,19,2.316
43,-55.02440784295872,7,18,2.098
44,-54.90361576601109,7,18,2.198
45,-74.25557585129123,5,20,2.1220000000000003
46,-46.56643140189884,8,17,2.2800000000000002
47,-54.66385714781929,7,18,2.3240000000000003
48,-55.58452211401698,7,18,2.22
49,-64.92144273683385,6,19,2.224
50,-64.7993088773936,6,19,2.278
51,-76.11362214187415,5,20,2.262
52,-54.88686675953285,7,18,2.232
53,-64.86282002476821,6,19,2.24
54,-53.8378287943174,7,18,2.158
55,-54.853593037801666,7,18,2.21
56,-85.2999106369518,4,21,2.2299999999999995
57,-94.44889920214467,3,22,2.226
58,-74.15576017969354,5,20,2.1879999999999997
59,-45.19781846026749,8,17,2.1879999999999997
60,-35.296686161280306,9,16,2.292
61,-76.15359675320913,5,20,2.168
62,-45.36342325191675,8,17,2.1979999999999995
63,-54.79924203408375,7,18,2.248
64,-34.9810766327778,9,16,2.282
65,-76.56548329934466,5,20,2.188
66,-65.46270062077153,6,19,2.222
67,-55.59636843348913,7,18,2.1679999999999997
68,-75.35792527218943,5,20,2.246
69,-74.95218025642964,5,20,2.224
70,-54.76479682111723,7,18,2.31
71,-74.88157864823371,5,20,2.1860000000000004
72,-45.167944436088106,8,17,2.1759999999999997
73,-56.482297496221456,7,18,2.242
74,-55.73614874905904,7,18,2.264
75,-45.96673587215256,8,17,2.2559999999999993
76,-35.05364688581221,9,16,2.168
77,-54.91478088004712,7,18,2.2960000000000003
78,-46.07561900173102,8,17,2.214
79,-65.6819415858546,6,19,2.23
80,-85.56047222990972,4,21,2.176
81,-74.726711470114,5,20,2.2
82,-104.73018033980574,2,23,2.3080000000000003
83,-64.84577630022443,6,19,2.192
84,-35.89359948105419,9,16,2.2199999999999998
85,-64.66780689020895,6,19,2.2380000000000004
86,-75.37280928774368,5,20,2.194
87,-85.82926633074612,4,21,2.348
88,-55.20559331593124,7,18,2.216
89,-55.9357544896511,7,18,2.23
90,-55.49170184191034,7,18,2.264
91,-106.11352837706116,2,23,2.242
92,-65.57256604138725,6,19,2.2060000000000004
93,-35.158675201108274,9,16,2.21
94,-23.864480483281085,10,15,2.254
95,-34.476231450758384,9,16,2.1759999999999997
96,-54.568654810268136,7,18,2.1960000000000006
97,-54.60335327703831,7,18,2.244
98,-74.99036118955735,5,20,2.2399999999999998
99,-46.08707711793819,8,17,2.132
100,-65.42593268997933,6,19,2.234
101,-54.751370057763424,7,18,2.2359999999999998
102,-44.5678299571029,8,17,2.146
103,-25.064715886475117,10,15,2.2060000000000004
104,-44.839000074041806,8,17,2.222
105,-55.66451082512986,7,18,2.184
106,-34.58878372442939,9,16,2.256
107,-24.897849821389553,10,15,2.2340000000000004
108,-35.44708211102938,9,16,2.2039999999999997
109,-44.680181846600036,8,17,2.214
110,-44.60828242520387,8,17,2.1799999999999997
111,-24.341501820581865,10,15,2.216
112,-33.69656344265095,9,16,2.248
113,-33.1206210956681,9,16,2.304
114,-45.21246177499336,8,17,2.184
115,-15.063300775255819,11,14,2.192
116,-35.763875452431655,9,16,2.2039999999999997
117,-45.67083066565282,8,17,2.282
118,-53.99443375249562,7,18,2.16
119,-35.33610114022224,9,16,2.184
120,-33.898976716739696,9,16,2.2239999999999998
121,-44.856820253571996,8,17,2.27
122,-34.31731462393273,9,16,2.18
123,-55.53908010526038,7,18,2.252
124,-54.26947645085613,7,18,2.2359999999999998
125,-65.31253536256196,6,19,2.168
126,-14.593304765994546,11,14,2.2279999999999998
127,-54.26886052392233,7,18,2.186
128,-54.530573204867615,7,18,2.186
129,-34.3758989088347,9,16,2.1800000000000006
130,-64.91748611600669,6,19,2.214
131,-35.02776073484989,9,16,2.3040000000000003
132,-45.197331794380176,8,17,2.192
133,-15.05216980872186,11,14,2.1860000000000004
134,-34.34135691579583,9,16,2.2339999999999995
135,-44.85969466663874,8,17,2.2960000000000003
136,-54.56329138404601,7,18,2.298
137,-54.793784183469356,7,18,2.2239999999999998
138,-14.07585418816986,11,14,2.13
139,-53.43457935048434,7,18,2.17
140,-55.217698070634825,7,18,2.2199999999999998
141,-54.120850350588455,7,18,2.1879999999999997
142,-53.664644067239756,7,18,2.188
143,-34.66060811584427,9,16,2.342
144,-34.28244647112835,9,16,2.166
145,-64.23680905511935,6,19,2.192
146,-54.37595337539838,7,18,2.164
147,-34.81570217146308,9,16,2.1919999999999997
148,-44.14828104239991,8,17,2.212
149,-34.28968244502952,9,16,2.212
150,-24.544339275638947,10,15,2.146
151,-44.083137570151955,8,17,2.216
152,-14.451615875508638,11,14,2.2039999999999997
153,-24.06084205163652,10,15,2.1959999999999997
154,-34.96835731888225,9,16,2.2279999999999998
155,-34.4981689387205,9,16,2.1540000000000004
156,-33.95869854638689,9,16,2.1900000000000004
157,-14.724308869465027,11,14,2.1919999999999997
158,-34.54536220956324,9,16,2.1279999999999997
159,-34.61013259005788,9,16,2.19
160,-54.17910645445503,7,18,2.3280000000000003
161,-34.850072273912005,9,16,2.166
162,-64.57187848530225,6,19,2.252
163,-34.07497343976587,9,16,2.168
164,-45.095314025290165,8,17,2.1879999999999997
165,-23.09081157372867,10,15,2.174
166,-24.829000558560637,10,15,2.246
167,-54.95994127558204,7,18,2.1719999999999997
168,-43.46454374887783,8,17,2.194
169,-54.65978421694288,7,18,2.2380000000000004
170,-44.72033882407217,8,17,2.2
171,-24.08203417414625,10,15,2.262
172,-53.803705781925075,7,18,2.248
173,-45.40990121146831,8,17,2.27
174,-54.48990360929302,7,18,2.282
175,-35.5273762732812,9,16,2.166
176,-34.25202993652222,9,16,2.226
177,-33.70797630466739,9,16,2.208
178,-53.985119593592906,7,18,2.222
179,-45.159092348698664,8,17,2.226
180,-24.892761349777253,10,15,2.2620000000000005
181,-33.280525897821256,9,16,2.2260000000000004
182,-53.890003486067954,7,18,2.268
183,-34.91577011044764,9,16,2.274
184,-74.18989871450066,5,20,2.154
185,-64.00483424387363,6,19,2.238
186,-45.509005058230514,8,17,2.314
187,-53.910718218588826,7,18,2.2460000000000004
188,-43.751275031328944,8,17,2.2459999999999996
189,-53.83409921047869,7,18,2.2459999999999996
190,-63.87659116019618,6,19,2.36
191,-43.73929565225221,8,17,2.268
192,-63.8473308371116,6,19,2.136
193,-63.532647366210824,6,19,2.224
194,-55.03757051968903,7,18,2.284
195,-33.40134323576929,9,16,2.0799999999999996
196,-34.41470841930669,9,16,2.1740000000000004
197,-43.07950252676925,8,17,2.1859999999999995
198,-62.65535613356616,6,19,2.2380000000000004
199,-24.762855096933514,10,15,2.2199999999999998
200,-44.53418027563092,8,17,2.232
201,-83.26079437080631,4,21,2.166
202,-43.73330219058026,8,17,2.0919999999999996
203,-24.239001549639852,10,15,2.252
204,-34.79330858779292,9,16,2.246
205,-34.214335204898234,9,16,2.214
206,-43.455213355223265,8,17,2.3
207,-45.064543890697664,8,17,2.2800000000000002
208,-36.26859422259518,9,16,2.2159999999999997
209,-43.359260918789495,8,17,2.122
210,-33.29004545874617,9,16,2.264
211,-54.61475525369594,7,18,2.238
212,-54.41590394587848,7,18,2.22
213,-33.68974039455357,9,16,2.2680000000000002
214,-23.921334025503505,10,15,2.2
215,-44.92081179772573,8,17,2.258
216,-44.284606122446945,8,17,2.25
217,-34.89948523502081,9,16,2.216
218,-45.09591017636171,8,17,2.162
219,-44.2891993511014,8,17,2.266
220,-14.34663493432438,11,14,2.1659999999999995
221,-14.251934610038795,11,14,2.272
222,-43.66102822340602,8,17,2.194
223,-36.11778391583424,9,16,2.268
224,-45.68898846682748,8,17,2.234
225,-54.96202062636303,7,18,2.2800000000000002
226,-35.36335250127435,9,16,2.268
227,-45.48100104810732,8,17,2.2440000000000007
228,-33.87540676560644,9,16,2.2399999999999998
229,-15.256352131107406,11,14,2.2640000000000002
230,-34.855604393244235,9,16,2.194
231,-34.09289844050668,9,16,2.224
232,-36.41119672852328,9,16,2.21
233,-35.65463358076041,9,16,2.2220000000000004
234,-45.01022949866611,8,17,2.4
235,-45.08412233096631,8,17,2.282
236,-23.65143163691542,10,15,2.1839999999999997
237,-34.09840529237691,9,16,2.2080000000000006
238,-24.91696746982404,10,15,2.1319999999999997
239,-44.1779626902484,8,17,2.1600000000000006
240,-43.66003411029259,8,17,2.188
241,-24.73525161945704,10,15,2.178
242,-44.14541668171676,8,17,2.23
243,-24.04017000309102,10,15,2.266
244,-44.35774721655061,8,17,2.2640000000000002
245,-35.44834676829291,9,16,2.2080000000000006
246,-54.587461005953514,7,18,2.232
247,-34.54102338631165,9,16,2.2800000000000002
248,-33.81859952856796,9,16,2.11
249,-43.691790232711945,8,17,2.176
250,-44.2489516442853,8,17,2.1060000000000003
251,-33.94250448447563,9,16,2.1219999999999994
252,-45.48713591728837,8,17,2.2439999999999998
253,-23.87403292739939,10,15,2.178
254,-43.75183766823615,8,17,2.242
255,-23.153714462718284,10,15,2.208
256,-54.174433311935616,7,18,2.252
257,-24.332856525454954,10,15,2.21
258,-23.813282338324985,10,15,2.144
259,-43.83829357158777,8,17,2.348
260,-3.321902879618819,12,13,2.248
261,-24.06320288981724,10,15,2.1719999999999997
262,-4.2272871892770505,12,13,2.2079999999999997
263,-34.53641578101131,9,16,2.2
264,-65.11112893872449,6,19,2.228
265,-44.09734380941569,8,17,2.1399999999999997
266,-43.16466254505416,8,17,2.288
267,-44.957941370795474,8,17,2.224
268,-34.30882481810675,9,16,2.148
269,-44.10722679996907,8,17,2.19
270,-14.375818569470521,11,14,2.2079999999999997
271,-54.0373219714372,7,18,2.196
272,-24.065570356751067,10,15,2.216
273,-2.9974932809058945,12,13,2.2880000000000003
274,-33.602569849488646,9,16,2.248
275,-14.292410633537113,11,14,2.212
276,-33.71652277549186,9,16,2.222
277,-34.72356732378981,9,16,2.2
278,-13.35302057943668,11,14,2.1900000000000004
279,-54.103327799824406,7,18,2.2939999999999996
280,-33.86064753479864,9,16,2.242
281,-34.924769861756694,9,16,2.226
282,-43.66942533045203,8,17,2.154000000000001
283,-34.46364432906539,9,16,2.262
284,-33.47024763193458,9,16,2.3080000000000003
285,-14.067740184507755,11,14,2.372
286,-63.64931683766036,6,19,2.176
287,-14.182251482213525,11,14,2.198
288,-24.388809390516652,10,15,2.244
289,-35.098148287281745,9,16,2.332
290,-14.321542201146945,11,14,2.194
291,-33.93584429896585,9,16,2.23
292,-25.07189200580995,10,15,2.222
293,-24.07015459661011,10,15,2.2039999999999997
294,-24.636653581926147,10,15,2.14
295,-23.983623643945812,10,15,2.2020000000000004
296,-25.101944799512367,10,15,2.274
297,-13.511036624424298,11,14,2.2199999999999998
298,-14.50668337306766,11,14,2.182
299,-33.17822442047405,9,16,2.2180000000000004
300,-14.318366403667966,11,14,2.226
301,-24.112351508878444,10,15,2.2299999999999995
302,-5.608183415462034,12,13,2.158
303,-33.57607824438512,9,16,2.2600000000000002
304,-33.750580656957084,9,16,2.336
305,-13.543486183906102,11,14,2.1300000000000003
306,-14.762842854763926,11,14,2.2079999999999997
307,-3.2444902508556233,12,13,2.15
308,-4.7008222597167375,12,13,2.2560000000000002
309,-34.16842818457782,9,16,2.216
310,-14.62523251455237,11,14,2.228
311,-4.101169243258892,12,13,2.248
312,-2.971793714159409,12,13,2.14
313,-33.42727903509635,9,16,2.254
314,-13.354331255686661,11,14,2.2380000000000004
315,-15.104753123978123,11,14,2.2119999999999997
316,-33.18447740211429,9,16,2.204
317,-23.87509394337377,10,15,2.222
318,-23.658317756876265,10,15,2.16
319,-23.77601013224656,10,15,2.2119999999999993
320,-34.68464532932137,9,16,2.194
321,-34.18472412451953,9,16,2.246
322,-34.28943653549808,9,16,2.18
323,-24.079154902241157,10,15,2.164
324,-13.720783919822745,11,14,2.218
325,-33.57345609109364,9,16,2.246
326,-44.52853400044749,8,17,2.314
327,-24.353897543319604,10,15,2.164
328,-14.602995719309694,11,14,2.326
329,-33.76241013469692,9,16,2.158
330,-24.067235476619913,10,15,2.22
331,-14.238441122314622,11,14,2.178
332,-4.429183181745242,12,13,2.176
333,-34.91244178211598,9,16,2.2540000000000004
334,-34.58183992158322,9,16,2.298
335,-24.921724761120743,10,15,2.2180000000000004
336,-23.9310962063788,10,15,2.1799999999999997
337,-24.387226292812628,10,15,2.1100000000000003
338,-55.3307144276166,7,18,2.2660000000000005
339,-23.94227404962518,10,15,2.1700000000000004
340,-3.340482716132305,12,13,2.212
341,-24.617278914952657,10,15,2.2520000000000002
342,-15.649170910483999,11,14,2.234
343,-15.576431066548247,11,14,2.27
344,-33.59456617531769,9,16,2.174
345,-23.444375174759244,10,15,2.2800000000000002
346,-34.93628866510993,9,16,2.256
347,-26.26115023575167,10,15,2.2580000000000005
348,-35.361891841138885,9,16,2.2359999999999998
349,-36.2872556657422,9,16,2.2020000000000004
350,-35.02816174009147,9,16,2.2800000000000002
351,-23.524021852927756,10,15,2.222
352,-54.459737581170224,7,18,2.294
353,-34.106802488721954,9,16,2.1399999999999997
354,5.915040782094575,13,12,2.282
355,-13.407996702106729,11,14,2.226
356,-23.455915169415974,10,15,2.238
357,-54.41113436572346,7,18,2.254
358,-34.4676711085572,9,16,2.1799999999999997
359,-34.73938776555198,9,16,2.1719999999999997
360,-5.834960869459412,12,13,2.2600000000000002
361,-24.908520398169088,10,15,2.358
362,-35.69418328554208,9,16,2.26
363,-35.78091800090274,9,16,2.242
364,-24.66104130510888,10,15,2.276
365,-44.32566199294722,8,17,2.2079999999999997
366,-23.97111815288473,10,15,2.302
367,-34.731402550587916,9,16,2.192
368,-25.563476063315417,10,15,2.208
369,-45.01829600779995,8,17,2.232
370,-24.81443309849511,10,15,2.21
371,-35.704558546456454,9,16,2.17
372,-24.832444307791526,10,15,2.218
373,-44.936111859786486,8,17,2.274
374,-25.947113998856842,10,15,2.166
375,-14.753743440749139,11,14,2.2039999999999997
376,-36.04006431140661,9,16,2.2699999999999996
377,-35.217236450481614,9,16,2.0879999999999996
378,-54.360255917950056,7,18,2.2600000000000002
379,-55.11511766600556,7,18,2.31
380,-4.898870034605827,12,13,2.226
381,-46.79158000356603,8,17,2.304
382,-43.75282314459259,8,17,2.092
383,-45.39896597501726,8,17,2.316
384,-16.124522583011046,11,14,2.286
385,-34.684482654306024,9,16,2.1799999999999997
386,-35.54494236855232,9,16,2.206
387,-34.732967501978074,9,16,2.1819999999999995
388,-44.77609542082262,8,17,2.2779999999999996
389,-34.397536230369695,9,16,2.2179999999999995
390,-45.07611057648348,8,17,2.276
391,-34.52554420355682,9,16,2.294
392,-34.42235982238614,9,16,2.2
393,-14.033388924530554,11,14,2.218
394,-45.78497205749001,8,17,2.2199999999999998
395,-34.63382764305022,9,16,2.28
396,-14.379576108499641,11,14,2.2119999999999997
397,-44.59884610510749,8,17,2.164
398,-24.683035686957552,10,15,2.1479999999999997
399,-25.079752628717056,10,15,2.18
400,-24.762957368230246,10,15,2.182
401,-55.51739719491053,7,18,2.25
402,-34.78629364250885,9,16,2.29
403,-35.85881945348922,9,16,2.226
404,-45.12928134828443,8,17,2.182
405,-36.117258489455004,9,16,2.168
406,-44.198385622472436,8,17,2.2439999999999998
407,-24.579478827511345,10,15,2.212
408,-35.96113104721717,9,16,2.3440000000000003
409,-44.98742874358956,8,17,2.214
410,-45.91490442154512,8,17,2.258
411,-55.91948601856881,7,18,2.202
412,-46.84305313986078,8,17,2.232
413,-36.940218738453595,9,16,2.212
414,-34.94849614947431,9,16,2.2279999999999998
415,-45.24865444647778,8,17,2.278
416,-45.90196409384285,8,17,2.25
417,-25.151068303402496,10,15,2.1700000000000004
418,-55.70813582245967,7,18,2.196
419,-46.004275721108556,8,17,2.2660000000000005
420,-24.549772583411496,10,15,2.17
421,-16.018164226738456,11,14,2.2299999999999995
422,-36.10747412269686,9,16,2.18
423,-35.36573140834671,9,16,2.1979999999999995
424,-45.139953393929694,8,17,2.1900000000000004
425,-35.11200125237204,9,16,2.216
426,-45.209979286536594,8,17,2.282
427,-5.346350496233551,12,13,2.206
428,-35.792936588927724,9,16,2.2039999999999997
429,-45.286147914161276,8,17,2.258
430,-25.468305849603396,10,15,2.226
431,-25.99673811871079,10,15,2.162
432,-34.2627962153411,9,16,2.2260000000000004
433,-35.178175272190096,9,16,2.254
434,-15.056958797985958,11,14,2.2180000000000004
435,-45.280162207241986,8,17,2.196
436,-35.22238690640921,9,16,2.2979999999999996
437,-5.693715215254771,12,13,2.216
438,-45.08739800882907,8,17,2.1340000000000003
439,-5.401756506531859,12,13,2.168
440,-36.58065106721394,9,16,2.248
441,-36.12144540766279,9,16,2.186
442,-26.290932751684075,10,15,2.234
443,-24.9032042113666,10,15,2.1960000000000006
444,-26.158908332745376,10,15,2.1900000000000004
445,-5.814582172220584,12,13,2.264
446,-25.239666987775003,10,15,2.2060000000000004
447,-25.633535873442018,10,15,2.2280000000000006
448,-43.86330673655496,8,17,2.2399999999999998
449,-6.610992193722904,12,13,2.224
450,-25.247288965431416,10,15,2.16
451,-14.429132676046649,11,14,2.154000000000001
452,-25.859384965787967,10,15,2.136
453,-35.77301521206977,9,16,2.274
454,-15.912189407280934,11,14,2.0940000000000003
455,-36.83804485458266,9,16,2.2199999999999998
456,-26.167902459697455,10,15,2.178
457,-35.016734025572504,9,16,2.2
458,-15.282800636396416,11,14,2.254
459,-43.96055032587802,8,17,2.2399999999999998
460,-35.53659486770707,9,16,2.1839999999999997
461,-34.41504045871386,9,16,2.2760000000000002
462,-34.59898418792605,9,16,2.2239999999999993
463,-14.504466309679952,11,14,2.2199999999999998
464,-34.15330488158917,9,16,2.254
465,-25.219165053970393,10,15,2.268
466,-34.766374480761954,9,16,2.2439999999999998
467,-45.85312244141502,8,17,2.158
468,-36.36129147699909,9,16,2.258
469,-45.834963565594805,8,17,2.268
470,-24.29760592078874,10,15,2.3179999999999996
471,-35.328492615844326,9,16,2.122
472,-34.209697528069825,9,16,2.242
473,-34.848305502101155,9,16,2.1780000000000004
474,-14.463354106879619,11,14,2.2
475,-24.17454013954149,10,15,2.1900000000000004
476,-54.310643274335575,7,18,2.21
477,-25.3044017081223,10,15,2.274
478,-24.965854549650572,10,15,2.2020000000000004
479,-36.095844648084075,9,16,2.284
480,-25.168337356632478,10,15,2.2359999999999998
481,-24.731068931187593,10,15,2.148
482,-25.381132595789126,10,15,2.238
483,-25.068167600691453,10,15,2.2760000000000002
484,-24.547214383151683,10,15,2.2359999999999998
485,-45.8359682783726,8,17,2.278
486,-24.98939906352085,10,15,2.222
487,-26.073176642356284,10,15,2.268
488,-15.779744759970198,11,14,2.242
489,-4.886231054273429,12,13,2.2199999999999998
490,-24.414847622125755,10,15,2.2340000000000004
491,-25.670024690418792,10,15,2.18
492,-5.8664387399974665,12,13,2.116
493,-15.08699591647829,11,14,2.194
494,4.676627996892594,13,12,2.214
495,-15.108554934483955,11,14,2.1900000000000004
496,-35.28762261964759,9,16,2.2379999999999995
497,-15.19007113814558,11,14,2.2720000000000002
498,-14.854115625841604,11,14,2.242
499,-4.469216413389903,12,13,2.1860000000000004
500,-24.63080923626978,10,15,2.276
501,-24.701427861436045,10,15,2.178
502,-14.58896789114264,11,14,2.242
503,-4.500097568455134,12,13,2.228
504,-14.457826765298766,11,14,2.268
505,-34.1331380506835,9,16,2.238
506,-23.740719204057157,10,15,2.2100000000000004
507,-5.2150161104601676,12,13,2.186
508,-5.147953077260962,12,13,2.27
509,-45.38282346969308,8,17,2.248
510,-4.938401188220594,12,13,2.3
511,-24.89723716015689,10,15,2.1640000000000006
512,-15.348456542774125,11,14,2.168
513,-4.366131941575473,12,13,2.2039999999999997
514,-5.797714820228352,12,13,2.192
515,-4.3440982756734785,12,13,2.3240000000000003
516,4.7432086588711835,13,12,2.288
517,-14.101097717896087,11,14,2.266
518,-15.76534404865249,11,14,2.2659999999999996
519,-14.662721520320249,11,14,2.13
520,-16.249479788909415,11,14,2.194
521,-4.5194577707925285,12,13,2.274
522,-5.788095235866867,12,13,2.132
523,-5.059445230953847,12,13,2.2039999999999997
524,-15.213843026486302,11,14,2.2479999999999998
525,-15.313272393572179,11,14,2.184
526,-24.33304208010071,10,15,2.126
527,-15.161308219994323,11,14,2.258
528,-15.142879948723259,11,14,2.2079999999999997
529,-4.612807635898317,12,13,2.146
530,-5.452290347375789,12,13,2.192
531,-24.692989056635238,10,15,2.23
532,-14.312690313229254,11,14,2.222
533,-14.591534925131945,11,14,2.2180000000000004
534,-13.774754659338148,11,14,2.288
535,-14.404891612762771,11,14,2.262
536,-25.162340712706875,10,15,2.218
537,-5.541483882300445,12,13,2.194
538,-14.611166032680154,11,14,2.196
539,-24.436681765981316,10,15,2.3000000000000003
540,-15.049841757798722,11,14,2.194
541,5.712029513973031,13,12,2.228
542,-25.414411682854684,10,15,2.22
543,-4.733297271508314,12,13,2.27
544,-5.921226760315887,12,13,2.2939999999999996
545,-16.086191003467512,11,14,2.196
546,-5.418521776701747,12,13,2.1799999999999997
547,-5.017203116184983,12,13,2.246
548,-14.915201831757564,11,14,2.186
549,-15.761948560739093,11,14,2.302
550,-34.99080515455799,9,16,2.2119999999999997
551,-14.726879880732099,11,14,2.218
552,-15.662006392172678,11,14,2.2319999999999998
553,-14.247156640629363,11,14,2.208
554,-35.891832905270846,9,16,2.2380000000000004
555,-35.00956682984797,9,16,2.278
556,-5.253117180123274,12,13,2.2039999999999997
557,-36.93575354610549,9,16,2.2499999999999996
558,-25.120208401707217,10,15,2.2380000000000004
559,-25.90568102433775,10,15,2.1599999999999997
560,5.338006005059002,13,12,2.2179999999999995
561,-25.883192766715652,10,15,2.268
562,-26.014027634936564,10,15,2.2039999999999997
563,-26.95607035230538,10,15,2.3080000000000007
564,-25.651970249912154,10,15,2.2720000000000002
565,-24.516015391240913,10,15,2.164
566,-35.697033736423975,9,16,2.23
567,-14.981620278829094,11,14,2.234
568,-17.281580165146703,11,14,2.174
569,-5.603164211448286,12,13,2.252
570,-16.701002976310093,11,14,2.206
571,-26.859397265623382,10,15,2.1879999999999997
572,-27.444401500844563,10,15,2.2399999999999998
573,4.068790194076513,13,12,2.202
574,-46.39761749342033,8,17,2.2
575,-6.2601423576856,12,13,2.2180000000000004
576,-36.04637522842375,9,16,2.258
577,-26.217252585253235,10,15,2.1719999999999997
578,-15.775347123167993,11,14,2.238
579,-25.298825174114533,10,15,2.2220000000000004
580,-47.244321080508406,8,17,2.1900000000000004
581,-5.687174583195653,12,13,2.2060000000000004
582,-5.932022857967397,12,13,2.2020000000000004
583,-35.276704259403814,9,16,2.194
584,-26.00909825563203,10,15,2.242
585,-16.956040534130153,11,14,2.162
586,-5.790765821465609,12,13,2.2079999999999997
587,3.9315515831194663,13,12,2.2920000000000003
588,-46.89335629383175,8,17,2.2399999999999998
589,-15.738048725978175,11,14,2.232
590,-25.006089911396586,10,15,2.1940000000000004
591,-36.786699038930024,9,16,2.1979999999999995
592,-16.68069152165353,11,14,2.1940000000000004
593,-25.19448957337452,10,15,2.276
594,-15.965758163852144,11,14,2.16
595,-14.111472975956445,11,14,2.242
596,-36.30131038041924,9,16,2.2119999999999997
597,-25.75803158487958,10,15,2.2619999999999996
598,-37.50373592448729,9,16,2.1340000000000003
599,-26.92245019547804,10,15,2.198
600,-6.425095096453245,12,13,2.1839999999999997
601,-16.151307533479596,11,14,2.1440000000000006
602,-25.409360619927188,10,15,2.188
603,-35.30957145030351,9,16,2.3
604,-7.559620953199469,12,13,2.1319999999999997
605,-26.763884705928465,10,15,2.336
606,-26.557264522760267,10,15,2.1380000000000003
607,-6.536230839615014,12,13,2.1319999999999997
608,-26.584146760728892,10,15,2.2060000000000004
609,-36.84023260332904,9,16,2.1740000000000004
610,-36.467151180806184,9,16,2.2560000000000002
611,-15.059895652561012,11,14,2.281999999999999
612,-36.42073689959108,9,16,2.268
613,-5.8601648979014245,12,13,2.1740000000000004
614,-37.13911506187327,9,16,2.1860000000000004
615,-25.650512838055242,10,15,2.132
616,-6.700206656541578,12,13,2.278
617,-26.961722778070218,10,15,2.2920000000000003
618,-28.037522099191506,10,15,2.1260000000000003
619,-26.8409284610428,10,15,2.2359999999999998
620,-34.89462493621668,9,16,2.188
621,-35.75041087794753,9,16,2.226
622,-7.272491922581817,12,13,2.2440000000000007
623,-25.424227026218094,10,15,2.2600000000000002
624,-56.36420493935573,7,18,2.244
625,-26.6190180097749,10,15,2.1740000000000004
626,-26.85555132507956,10,15,2.286
627,-18.205241386355453,11,14,2.338
628,-35.572665253279595,9,16,2.2239999999999998
629,-37.12081106143346,9,16,2.2800000000000002
630,-36.92372040916423,9,16,2.1679999999999997
631,-36.66008459220937,9,16,2.164
632,-17.093066540373894,11,14,2.296
633,-15.811032864081003,11,14,2.202
634,-46.90063441341049,8,17,2.286
635,-16.267460947865096,11,14,2.1439999999999997
636,-45.86143373775663,8,17,2.348
637,-17.677107711455193,11,14,2.2800000000000002
638,-16.20579137340928,11,14,2.258
639,-38.192250770534,9,16,2.26
640,-15.74136142088047,11,14,2.194
641,-47.717781518269774,8,17,2.1519999999999997
642,-27.025864196708344,10,15,2.274
643,-36.83170426354222,9,16,2.2060000000000004
644,-26.31798372928258,10,15,2.272
645,-36.567288145013116,9,16,2.15
646,-17.702965782534907,11,14,2.1500000000000004
647,-27.452656657943734,10,15,2.1160000000000005
648,-28.102570302899192,10,15,2.216
649,-26.102471019695667,10,15,2.162
650,-36.269292806226204,9,16,2.274
651,-17.26524239406376,11,14,2.1879999999999997
652,-18.022721801584456,11,14,2.246
653,-27.38017909310063,10,15,2.1559999999999997
654,-47.058654782729704,8,17,2.2840000000000003
655,-16.288077867301375,11,14,2.228
656,-36.39137842448287,9,16,2.252
657,-6.030947741699013,12,13,2.206
658,-16.035738889389638,11,14,2.332
659,-16.901058231188603,11,14,2.2220000000000004
660,-37.0043510066222,9,16,2.286
661,-26.699181898141823,10,15,2.1399999999999997
662,-34.446048388573615,9,16,2.218
663,-26.04510692514041,10,15,2.178
664,-26.477269137894446,10,15,2.2319999999999998
665,-37.60819332277898,9,16,2.404
666,-35.982327720053846,9,16,2.164
667,-26.52376842995215,10,15,2.266
668,-25.78122117714409,10,15,2.186
669,-47.14353798409003,8,17,2.2380000000000004
670,-25.721803363527812,10,15,2.252
671,-26.64401237892268,10,15,2.27
672,-26.632076738018338,10,15,2.3039999999999994
673,-26.71949539029736,10,15,2.284
674,-6.3579176661704455,12,13,2.2199999999999998
675,-26.15759086004414,10,15,2.242
676,-25.76319844171605,10,15,2.2340000000000004
677,-18.10082003401606,11,14,2.194
678,-27.48812236275362,10,15,2.254
679,-37.32326715143751,9,16,2.31
680,-56.59371186237314,7,18,2.174
681,-6.69751652395337,12,13,2.2619999999999996
682,-26.57145209983695,10,15,2.2199999999999998
683,-38.19388275179312,9,16,2.216
684,-27.62535041038101,10,15,2.17
685,-38.02317441702255,9,16,2.2139999999999995
686,-26.704312961879587,10,15,2.2340000000000004
687,-17.278357109165807,11,14,2.186
688,-26.551480966684423,10,15,2.232
689,-37.43489815598178,9,16,2.178
690,-6.944015743874619,12,13,2.172
691,-26.458427142815342,10,15,2.2319999999999998
692,-47.699966662198236,8,17,2.382
693,-38.416039223735766,9,16,2.212
694,-17.108602399262768,11,14,2.226
695,-49.26074267022238,8,17,2.222
696,-18.91342705429975,11,14,2.222
697,-27.21623786362112,10,15,2.2
698,-18.018646733394192,11,14,2.282
699,-18.048198547579922,11,14,2.2700000000000005
700,-37.602071116133786,9,16,2.366
701,-38.01254308667136,9,16,2.304
702,-28.006745878681254,10,15,2.174
703,-27.944326454721143,10,15,2.214
704,-16.538729632519725,11,14,2.2619999999999996
705,-7.4979425754876345,12,13,2.174
706,-27.983303232105577,10,15,2.226
707,-38.4618084079392,9,16,2.1900000000000004
708,-15.680378619625891,11,14,2.2079999999999997
709,-49.33081128105431,8,17,2.2020000000000004
710,-26.491837649312817,10,15,2.2120000000000006
711,-56.94353154149198,7,18,2.2779999999999996
712,-38.496453438359005,9,16,2.2640000000000002
713,-39.080258668105145,9,16,2.186
714,-18.94268800899631,11,14,2.1659999999999995
715,-29.266337379922728,10,15,2.2980000000000005
716,-38.768598105180054,9,16,2.132
717,-26.764658266984686,10,15,2.146
718,-27.675852941173385,10,15,2.2860000000000005
719,-36.49656913420216,9,16,2.2399999999999998
720,-28.78151386464702,10,15,2.25
721,-18.07259028540031,11,14,2.1719999999999997
722,-27.801860866975606,10,15,2.168
723,-46.61504806841489,8,17,2.272
724,-26.855094511045536,10,15,2.2039999999999997
725,-27.329991147984213,10,15,2.31
726,-36.73333900331554,9,16,2.182
727,-27.109204465106743,10,15,2.2859999999999996
728,-37.98227151137634,9,16,2.278
729,-27.629582497069435,10,15,2.182
730,-25.74974004333803,10,15,2.202
731,-37.435461970626974,9,16,2.2779999999999996
732,-36.920072637911275,9,16,2.22
733,-27.408617511859536,10,15,2.162
734,-48.33193310702313,8,17,2.2700000000000005
735,-17.653638037353403,11,14,2.182
736,-37.07792066440636,9,16,2.242
737,-36.02118768162051,9,16,2.246
738,-17.19436889255634,11,14,2.27
739,-26.2761170850249,10,15,2.214
740,-15.289733689028452,11,14,2.242
741,-15.937605108393877,11,14,2.162
742,-47.345037500288946,8,17,2.304
743,-15.310670352061535,11,14,2.1019999999999994
744,-36.42468452977608,9,16,2.2600000000000002
745,-26.85360971740656,10,15,2.184
746,-36.51047867264309,9,16,2.2020000000000004
747,-26.511663559316922,10,15,2.226
748,-16.683115309132926,11,14,2.1399999999999997
749,-26.141116004594767,10,15,2.216
750,-35.6680692384749,9,16,2.282
751,-36.27256812893433,9,16,2.3039999999999994
752,-17.20868534802624,11,14,2.232
753,-36.46332535327911,9,16,2.216
754,-25.810723138370978,10,15,2.268
755,-37.397074173104684,9,16,2.2359999999999998
756,-17.588556669540218,11,14,2.246
757,-16.7729521449804,11,14,2.3179999999999996
758,-26.411716082706373,10,15,2.2600000000000002
759,-37.9070262472451,9,16,2.12
760,-57.400484386592396,7,18,2.266
761,-26.274883738839144,10,15,2.23
762,-25.24205732328526,10,15,2.242
763,-16.77675663897988,11,14,2.19
764,-15.924170209319051,11,14,2.3120000000000003
765,-7.363029269672825,12,13,2.2680000000000002
766,-26.996849355127683,10,15,2.16
767,-36.28122619093195,9,16,2.1980000000000004
768,-18.756794614794185,11,14,2.274
769,-36.326547517643526,9,16,2.228
770,3.4790924871564575,13,12,2.2600000000000002
771,-16.813748684637776,11,14,2.274
772,-15.640998055216862,11,14,2.302
773,-47.06047638274521,8,17,2.134
774,-16.064869014892956,11,14,2.214
775,-16.73652000485857,11,14,2.136
776,-6.135451942694582,12,13,2.2520000000000002
777,-5.327199167462297,12,13,2.2479999999999998
778,-36.11969777749269,9,16,2.2180000000000004
779,-35.711368904575366,9,16,2.1959999999999997
780,-16.971748723471656,11,14,2.1439999999999997
781,3.3790364098641286,13,12,2.226
782,-17.25017279998023,11,14,2.13
783,-26.255932964749697,10,15,2.274
784,-25.481622435686738,10,15,2.238
785,-26.26754962075235,10,15,2.166
786,-17.033218746357363,11,14,2.1399999999999997
787,-16.49354755255471,11,14,2.284
788,4.232455773467044,13,12,2.2039999999999997
789,-36.253918423283785,9,16,2.274
790,-16.751436698768043,11,14,2.132
791,-16.45892866126637,11,14,2.1179999999999994
792,4.552545158512811,13,12,2.252
793,4.020769118749664,13,12,2.28
794,-15.831554233243224,11,14,2.2540000000000004
795,-16.60978834041834,11,14,2.3080000000000003
796,-26.413262945415244,10,15,2.272
797,-16.392415563813717,11,14,2.1900000000000004
798,-26.62197475353696,10,15,2.246
799,-37.595794106253514,9,16,2.348
800,-26.70903064522882,10,15,2.3
801,-16.023179404169703,11,14,2.1940000000000004
802,-17.417575471640713,11,14,2.1060000000000003
803,-16.85088526092244,11,14,2.2399999999999998
804,-16.084518608006217,11,14,2.3300000000000005
805,-35.70481876494537,9,16,2.286
806,3.829657906604543,13,12,2.2619999999999996
807,-15.912256462814028,11,14,2.136
808,-6.452362484220634,12,13,2.2800000000000002
809,-17.100072073317023,11,14,2.17
810,-15.304685670931999,11,14,2.168
811,-15.58846928041151,11,14,2.21
812,-26.530310897010985,10,15,2.2380000000000004
813,-4.794091526066884,12,13,2.184
814,-36.98786655162922,9,16,2.184
815,-55.78907697041929,7,18,2.1799999999999997
816,-16.288745749313478,11,14,2.2760000000000002
817,-35.47582021456026,9,16,2.2920000000000003
818,-7.008353973289992,12,13,2.1580000000000004
819,-45.900067944165286,8,17,2.15
820,5.389364513923031,13,12,2.224
821,-26.710044652361184,10,15,2.217999999999999
822,-34.49993539908172,9,16,2.1879999999999997
823,-16.157247210717195,11,14,2.1879999999999997
824,-26.033461592072154,10,15,2.1260000000000003
825,-14.241793827028918,11,14,2.2
826,4.183089658121617,13,12,2.2819999999999996
827,-5.265964563161153,12,13,2.338
828,-45.86091132119469,8,17,2.1380000000000003
829,-16.073521508109913,11,14,2.262
830,-26.58681624008005,10,15,2.258
831,-15.726501910273182,11,14,2.1879999999999997
832,-25.03043572311504,10,15,2.26
833,-5.912725185298975,12,13,2.254
834,-26.427616306790092,10,15,2.104
835,-14.894503532580446,11,14,2.2
836,-15.503535750850872,11,14,2.242
837,-16.419941274961584,11,14,2.146
838,-15.615709403196274,11,14,2.2
839,-26.06176007532051,10,15,2.226
840,15.01019346327468,14,11,2.329999999999999
841,-35.721372848566546,9,16,2.2119999999999997
842,-36.764335183040394,9,16,2.2100000000000004
843,-25.208694329759886,10,15,2.248
844,-25.429462368161815,10,15,2.208
845,-36.40603235965871,9,16,2.2220000000000004
846,-15.824306405863465,11,14,2.202
847,-15.209423334124843,11,14,2.2299999999999995
848,-7.006742192308213,12,13,2.272
849,-16.06784377728287,11,14,2.2559999999999993
850,-25.612408103740034,10,15,2.3240000000000003
851,-15.422434834955094,11,14,2.174
852,-4.769567371846012,12,13,2.21
853,-45.62485280026219,8,17,2.136
854,-45.60673730287054,8,17,2.1600000000000006
855,-25.617930954295684,10,15,2.214
856,-16.238683580791964,11,14,2.226
857,-26.418004443737182,10,15,2.2579999999999996
858,-25.90958096359408,10,15,2.2299999999999995
859,-5.774619964277045,12,13,2.2119999999999997
860,-24.352979824466498,10,15,2.2560000000000002
861,-5.474519498081805,12,13,2.1900000000000004
862,-6.304412879705559,12,13,2.208
863,-23.8763301318642,10,15,2.2840000000000003
864,-5.598470329581952,12,13,2.168
865,-15.267537287541776,11,14,2.304
866,-14.997249674690478,11,14,2.262
867,-3.8881536343435723,12,13,2.252
868,-15.755207102015477,11,14,2.236
869,-35.733919157329524,9,16,2.3419999999999996
870,-45.562150828421025,8,17,2.244
871,-46.07375225135452,8,17,2.14
872,-35.3672093262339,9,16,2.262
873,5.785087183566002,13,12,2.214
874,-15.576863805796492,11,14,2.298
875,-5.304529587759432,12,13,2.2680000000000002
876,-5.350698831602837,12,13,2.194
877,-55.50492577873042,7,18,2.1440000000000006
878,-15.89192561298385,11,14,2.146
879,-5.1286504962471,12,13,2.312
880,-35.64680852300048,9,16,2.298
881,-23.70625205004357,10,15,2.23
882,-25.101367524399606,10,15,2.1719999999999997
883,-25.372714368581246,10,15,2.218
884,-5.281207879280021,12,13,2.314
885,-16.679413582606898,11,14,2.2840000000000003
886,-35.42769385753847,9,16,2.2
887,-16.137399471899798,11,14,2.2120000000000006
888,-15.179658526885149,11,14,2.1800000000000006
889,-15.554182829930154,11,14,2.1260000000000003
890,-25.204166068578086,10,15,2.1740000000000004
891,-26.206602840852064,10,15,2.234
892,-16.50371685050325,11,14,2.266
893,-16.073103025694017,11,14,2.208
894,-15.544935200673805,11,14,2.166
895,-16.440313872506117,11,14,2.278
896,13.533705447696393,14,11,2.2039999999999997
897,-15.950642654421099,11,14,2.294
898,-36.469499461075685,9,16,2.15
899,4.344651668182037,13,12,2.392
900,-35.52704001213914,9,16,2.1979999999999995
901,-37.189717033431535,9,16,2.2140000000000004
902,-17.53444578910183,11,14,2.178
903,-26.967481712951056,10,15,2.186
904,-16.474738157051174,11,14,2.2060000000000004
905,-17.125364713900023,11,14,2.228
906,3.8178238408316805,13,12,2.198
907,-27.768507331198514,10,15,2.242
908,-37.42248183416983,9,16,2.2920000000000003
909,4.105326041659764,13,12,2.194
910,-15.565368113557687,11,14,2.152
911,-16.27852024685427,11,14,2.218
912,-26.973060690202253,10,15,2.1800000000000006
913,-36.228997502063784,9,16,2.252
914,-15.91086175774305,11,14,2.262
915,-16.96221846230669,11,14,2.276
916,-37.78713874834158,9,16,2.118
917,-25.556540847206378,10,15,2.266
918,-26.889809261448953,10,15,2.136
919,-6.276746283259528,12,13,2.236
920,-46.24360187509606,8,17,2.3680000000000008
921,-25.870925752549915,10,15,2.1859999999999995
922,14.886660101409468,14,11,2.2119999999999997
923,-16.69207413233994,11,14,2.2060000000000004
924,3.943723687918455,13,12,2.2239999999999993
925,-16.597704125575813,11,14,2.326
926,-25.44946046578228,10,15,2.2279999999999998
927,3.3021767818087087,13,12,2.1660000000000004
928,-18.225186934108095,11,14,2.1900000000000004
929,-27.545625443359466,10,15,2.2019999999999995
930,-26.2482934761224,10,15,2.1800000000000006
931,-26.0209814666295,10,15,2.2380000000000004
932,-6.7659754137019155,12,13,2.194
933,-6.918487820129647,12,13,2.2560000000000002
934,3.8576533504473005,13,12,2.202
935,-17.181134661431063,11,14,2.196
936,-6.9321371483846645,12,13,2.2060000000000004
937,-5.607902976723135,12,13,2.2140000000000004
938,3.9681075550447753,13,12,2.2860000000000005
939,-5.976337361318189,12,13,2.248
940,-26.300749946768136,10,15,2.2039999999999997
941,-36.96266823949256,9,16,2.2119999999999997
942,-27.84356857827169,10,15,2.2640000000000002
943,-17.11346389413893,11,14,2.114
944,-37.02297236167574,9,16,2.314
945,-6.404571830646925,12,13,2.2
946,13.420374177976123,14,11,2.26
947,-17.290693791502036,11,14,2.19
948,-36.80427526802233,9,16,2.1480000000000006
949,3.5228844772653796,13,12,2.2060000000000004
950,-17.041574095608002,11,14,2.21
951,-6.828321817468711,12,13,2.214
952,-16.701316931713357,11,14,2.1759999999999997
953,-16.59923897486196,11,14,2.228
954,-27.2794907163252,10,15,2.1959999999999997
955,-26.720589460401538,10,15,2.2
956,-15.785242180622607,11,14,2.16
957,-16.231359458142933,11,14,2.152
958,-16.457428977735724,11,14,2.28
959,-37.49467168537141,9,16,2.178
960,-26.137618131907296,10,15,2.228
961,-26.795426786760487,10,15,2.308
962,-56.889085393987095,7,18,2.294
963,-26.634265539349766,10,15,2.228
964,-27.484818718194987,10,15,2.2039999999999997
965,-25.671889754253574,10,15,2.18
966,-16.156162120487636,11,14,2.2039999999999997
967,-26.10882459127195,10,15,2.1599999999999997
968,-36.72878572948202,9,16,2.2060000000000004
969,-16.562366004815487,11,14,2.236
970,-15.571817943281804,11,14,2.2159999999999997
971,-25.01283013248912,10,15,2.188
972,-15.871701079805604,11,14,2.2640000000000002
973,-26.58631240274143,10,15,2.196
974,-15.479786019235,11,14,2.288
975,-26.700722377610823,10,15,2.0840000000000005
976,-5.926301753347689,12,13,2.174
977,-27.285004319161768,10,15,2.2300000000000004
978,-16.109471497545083,11,14,2.17
979,-25.23011885417184,10,15,2.198
980,-15.642148411095445,11,14,2.206
981,-46.91661005292524,8,17,2.242
982,-25.701902770522985,10,15,2.25
983,-14.720298013787446,11,14,2.274
984,-26.443377355493006,10,15,2.1599999999999997
985,-27.65737170393895,10,15,2.1939999999999995
986,-15.50359461351608,11,14,2.1719999999999997
987,-46.16986238167351,8,17,2.198
988,-26.976089597530482,10,15,2.344
989,-5.583332904303551,12,13,2.2760000000000002
990,-36.7217185427066,9,16,2.2020000000000004
991,4.580461988900628,13,12,2.1620000000000004
992,5.1518390528822025,13,12,2.2359999999999998
993,-16.065942553554358,11,14,2.304
994,-15.65258370230667,11,14,2.184
995,-15.615564605459,11,14,2.1879999999999997
996,-36.254206375999644,9,16,2.242
997,-15.24170552903614,11,14,2.2180000000000004
998,-25.941877705709416,10,15,2.2520000000000002
999,-4.215214678243847,12,13,2.238
1000,-26.602500281006844,10,15,2.186
1001,-15.431978100288466,11,14,2.2739999999999996
1002,-14.401046999521043,11,14,2.2459999999999996
1003,5.37186618658445,13,12,2.308
1004,-4.839591481985237,12,13,2.2880000000000003
1005,-16.31921166342415,11,14,2.168
1006,4.962976966245021,13,12,2.332
1007,-24.77016696246797,10,15,2.23
1008,-45.81828833932187,8,17,2.2279999999999998
1009,-24.919831254936092,10,15,2.1740000000000004
1010,15.555080034849727,14,11,2.276
1011,-15.01857034646072,11,14,2.234
1012,-4.301311110452765,12,13,2.306
1013,-16.06083513477409,11,14,2.1380000000000003
1014,-5.802960643170196,12,13,2.218
1015,-15.780102951038083,11,14,2.2620000000000005
1016,-16.609730190907925,11,14,2.1759999999999997
1017,4.200891236090513,13,12,2.252
1018,-26.166100485969423,10,15,2.232
1019,-15.170955137176309,11,14,2.202
1020,-27.581658705100928,10,15,2.3340000000000005
1021,23.78099320658599,15,10,2.2060000000000004
1022,2.7337547041030987,13,12,2.206
1023,-6.1281401940152875,12,13,2.150000000000001
1024,-26.105348740740943,10,15,2.184
1025,-15.981119657159455,11,14,2.186
1026,-36.60275547919419,9,16,2.212
1027,-27.552987205636107,10,15,2.348
1028,-5.337413685515624,12,13,2.208
1029,-26.94222996549323,10,15,2.154
1030,-6.634135442354254,12,13,2.2719999999999994
1031,-16.576992200372946,11,14,2.1339999999999995
1032,-35.80553137186662,9,16,2.2960000000000003
1033,-16.362204780218175,11,14,2.174
1034,-6.095869660572349,12,13,2.2079999999999997
1035,-5.493853646484809,12,13,2.1420000000000003
1036,-5.874465541463355,12,13,2.23
1037,3.655196997931937,13,12,2.3299999999999996
1038,-7.334581038906829,12,13,2.356
1039,-16.724940644188127,11,14,2.1719999999999997
1040,-17.59131847486246,11,14,2.2039999999999997
1041,-5.523130114559053,12,13,2.186
1042,-16.022132325514658,11,14,2.2860000000000005
1043,-6.064942993865508,12,13,2.1919999999999997
1044,-5.8527815909475525,12,13,2.2199999999999998
1045,-17.450302814176034,11,14,2.2180000000000004
1046,-26.27981820944136,10,15,2.2359999999999998
1047,-16.69754048651927,11,14,2.3020000000000005
1048,-26.824459276443257,10,15,2.1500000000000004
1049,-7.079332764737474,12,13,2.18
1050,-16.430769388668867,11,14,2.114
1051,-15.427729474602486,11,14,2.244
1052,-6.633812230007686,12,13,2.266
1053,-6.271610057394365,12,13,2.192
1054,-16.737198288528596,11,14,2.184
1055,-17.326392431007832,11,14,2.3020000000000005
1056,-16.65855230029384,11,14,2.284
1057,13.238101409607124,14,11,2.118
1058,-25.9410366552523,10,15,2.0800000000000005
1059,-6.210074961389631,12,13,2.234
1060,-16.51575348899126,11,14,2.246
1061,-17.114859679278133,11,14,2.194
1062,-7.122634382414434,12,13,2.286
1063,-28.62976907321427,10,15,2.198
1064,-24.82324675669947,10,15,2.2399999999999998
1065,13.70464797600999,14,11,2.1720000000000006
1066,-27.012656782838373,10,15,2.2499999999999996
1067,-6.001750852868643,12,13,2.2199999999999998
1068,-16.62303156422892,11,14,2.194
1069,-6.044622210786082,12,13,2.214
1070,1.856192507538431,13,12,2.214
1071,-17.038595393379623,11,14,2.314
1072,-26.403818523401505,10,15,2.156
1073,14.111193003805836,14,11,2.132
1074,-17.14527395227141,11,14,2.1700000000000004
1075,-16.605659230058006,11,14,2.268
1076,-16.335522434827215,11,14,2.18
1077,3.3829565437576807,13,12,2.182
1078,2.854382896003181,13,12,2.268
1079,-6.86969938847941,12,13,2.2439999999999998
1080,13.024573551589544,14,11,2.2800000000000002
1081,-16.976026173986646,11,14,2.1940000000000004
1082,3.4410347627964257,13,12,2.154000000000001
1083,-7.796939038315636,12,13,2.0900000000000003
1084,-5.672262698785807,12,13,2.1220000000000003
1085,-6.438678057320823,12,13,2.1100000000000003
1086,-16.525820910634096,11,14,2.1420000000000003
1087,-7.5970273763922265,12,13,2.178
1088,3.4846018017809297,13,12,2.1740000000000004
1089,-6.2595052360585965,12,13,2.2020000000000004
1090,4.439481320086289,13,12,2.274
1091,3.3824735341282324,13,12,2.274
1092,12.766346292937989,14,11,2.232
1093,-5.987237719384108,12,13,2.3
1094,-6.074923003109639,12,13,2.2380000000000004
1095,-6.732950096405261,12,13,2.2660000000000005
1096,-6.600750516250278,12,13,2.15
1097,-6.849333185838991,12,13,2.198
1098,-16.93804974708103,11,14,2.2399999999999998
1099,-6.514448535743302,12,13,2.2800000000000002
1100,-5.917467544960447,12,13,2.21
1101,13.081939707999965,14,11,2.3139999999999996
1102,-26.97583779553873,10,15,2.156
1103,-6.278639205279002,12,13,2.098
1104,-7.7236512968234745,12,13,2.28
1105,-15.786857660799665,11,14,2.2299999999999995
1106,-16.437144668675664,11,14,2.272
1107,-7.24529709809487,12,13,2.1900000000000004
1108,-17.91192538131991,11,14,2.16
1109,-5.710415614914162,12,13,2.156
1110,12.951968330482247,14,11,2.1579999999999995
1111,-16.428091081602407,11,14,2.226
1112,13.190917817127946,14,11,2.1979999999999995
1113,3.811500652163785,13,12,2.192
1114,-6.752442229838835,12,13,2.1580000000000004
1115,-6.538031089770489,12,13,2.246
1116,-6.584913108847064,12,13,2.1919999999999997
1117,14.06431187359259,14,11,2.21
1118,-6.924430705424236,12,13,2.222
1119,4.5092673006249395,13,12,2.1640000000000006
1120,-16.03707940594728,11,14,2.176
1121,-6.8777899898033645,12,13,2.1340000000000003
1122,-16.08892495395982,11,14,2.2279999999999998
1123,-26.143794096004985,10,15,2.278
1124,2.2288854362100663,13,12,2.162
1125,2.4742859177723995,13,12,2.282
1126,-6.416591954715505,12,13,2.158
1127,3.21010457813329,13,12,2.1279999999999997
1128,-37.691763520294614,9,16,2.244
1129,-7.479568361346183,12,13,2.21
1130,-6.805925513413844,12,13,2.1559999999999997
1131,-7.522080678341444,12,13,2.182
1132,-18.25442642106018,11,14,2.154
1133,13.265391799673447,14,11,2.332
1134,-17.81744657043448,11,14,2.2800000000000002
1135,-7.299691132702637,12,13,2.2140000000000004
1136,-16.643928489318153,11,14,2.216
1137,-28.051788742178662,10,15,2.242
1138,-17.96417227989345,11,14,2.232
1139,3.432261125398929,13,12,2.15
1140,-26.83886668162249,10,15,2.2359999999999998
1141,-5.585645667562684,12,13,2.196
1142,2.19669534123803,13,12,2.206
1143,-6.3255033996858705,12,13,2.16
1144,4.156608652334309,13,12,2.2399999999999998
1145,-14.695146402487797,11,14,2.232
1146,-6.746267820952861,12,13,2.228
1147,-17.116941930866094,11,14,2.204
1148,3.932624826821473,13,12,2.182
1149,12.617370964786577,14,11,2.244
1150,13.058137146889104,14,11,2.2039999999999997
1151,-17.887894530743303,11,14,2.18
1152,3.8294490549411355,13,12,2.294
1153,-27.32336425742249,10,15,2.194
1154,3.0378821216614886,13,12,2.2620000000000005
1155,-17.76780243456298,11,14,2.2659999999999996
1156,3.6467071630570835,13,12,2.246
1157,3.208645556330363,13,12,2.2660000000000005
1158,-7.120460901248278,12,13,2.25
1159,-5.979024366339767,12,13,2.234
1160,-17.926111924449526,11,14,2.218
1161,-6.0111891584869,12,13,2.1019999999999994
1162,3.6320388358090323,13,12,2.2580000000000005
1163,-34.70234293737387,9,16,2.2199999999999998
1164,-27.815989730110196,10,15,2.1719999999999997
1165,3.482406630238395,13,12,2.1580000000000004
1166,3.39235892341328,13,12,2.2
1167,-6.776846603703014,12,13,2.156
1168,-6.714428315180213,12,13,2.246
1169,-17.113021877619556,11,14,2.144
1170,-16.86266379607393,11,14,2.2
1171,-16.891030694070764,11,14,2.1879999999999997
1172,2.300777400272602,13,12,2.2620000000000005
1173,-16.54653984977718,11,14,2.224
1174,-18.521399511071692,11,14,2.118
1175,-8.938210875623096,12,13,2.2300000000000004
1176,-7.0630539322011145,12,13,2.2960000000000003
1177,-16.76195160149738,11,14,2.146
1178,13.621253293662239,14,11,2.2479999999999998
1179,-17.42464075423625,11,14,2.2439999999999998
1180,-18.112885995313203,11,14,2.266
1181,-17.10192243235904,11,14,2.312
1182,-7.9091437208071635,12,13,2.304
1183,-7.208204656830727,12,13,2.2600000000000002
1184,-27.87406477007717,10,15,2.2060000000000004
1185,-6.22621593361555,12,13,2.2399999999999998
1186,-27.705631893661852,10,15,2.2920000000000003
1187,-7.525406601390595,12,13,2.152
1188,3.810509588881275,13,12,2.1799999999999997
1189,-6.936465586172706,12,13,2.2559999999999993
1190,-18.85301103135461,11,14,2.2760000000000007
1191,-25.791488320960724,10,15,2.214
1192,3.8801820226651973,13,12,2.232
1193,-7.288839400465969,12,13,2.354
1194,3.558695868698546,13,12,2.2340000000000004
1195,-26.405285261420595,10,15,2.266
1196,-16.31689336021153,11,14,2.176
1197,-15.693597849352393,11,14,2.188
1198,2.832278163086742,13,12,2.282
1199,-15.795831655656963,11,14,2.22
1200,-7.097516530834956,12,13,2.218
1201,-6.37482359415011,12,13,2.24
1202,-16.11961473141828,11,14,2.308
1203,-6.182166323862537,12,13,2.2280000000000006
1204,-6.115337265685408,12,13,2.16
1205,-16.906628596947193,11,14,2.236
1206,-26.696177884604616,10,15,2.3020000000000005
1207,-6.02901803006945,12,13,2.2439999999999998
1208,-6.884460685214231,12,13,2.196
1209,-6.287869870998496,12,13,2.18
1210,-6.071090462375185,12,13,2.1659999999999995
1211,-17.742191060558348,11,14,2.172
1212,-27.286053982076094,10,15,2.146
1213,-17.678304776934926,11,14,2.2279999999999998
1214,3.7921472779407335,13,12,2.184
1215,-28.350555803754865,10,15,2.1900000000000004
1216,-6.056876961687346,12,13,2.1839999999999997
1217,-7.094037559658371,12,13,2.25
1218,-28.098171490167154,10,15,2.2079999999999997
1219,-7.75615518022906,12,13,2.1799999999999997
1220,2.115776906845594,13,12,2.208
1221,-17.708892648563,11,14,2.2020000000000004
1222,-18.348738457172075,11,14,2.1600000000000006
1223,-17.188695311493348,11,14,2.304
1224,-7.290196148821612,12,13,2.1599999999999997
1225,-16.923434178945985,11,14,2.2359999999999998
1226,-6.856112965256704,12,13,2.274
1227,-7.645190751444485,12,13,2.126
1228,-16.713633577696452,11,14,2.184
1229,-5.897850286328781,12,13,2.2199999999999998
1230,2.642885161043333,13,12,2.2619999999999996
1231,-26.912863076143672,10,15,2.184
1232,13.437952089074361,14,11,2.168
1233,-8.174408510356397,12,13,2.258
1234,-16.832007480323917,11,14,2.2540000000000004
1235,-26.461217960236137,10,15,2.2719999999999994
1236,-27.734322373189904,10,15,2.262
1237,3.143915032829806,13,12,2.2080000000000006
1238,2.721749399288494,13,12,2.268
1239,-6.262617734377263,12,13,2.27
1240,-17.024965194970854,11,14,2.1979999999999995
1241,-6.696104537407043,12,13,2.234
1242,2.556962919458157,13,12,2.278
1243,-27.39194003425778,10,15,2.194
1244,-36.90125270452633,9,16,2.304
1245,-15.459077730855892,11,14,2.352
1246,-5.992942111619634,12,13,2.226
1247,-18.531697359616967,11,14,2.162
1248,-27.25486311937314,10,15,2.2560000000000002
1249,-37.07926312862537,9,16,2.15
1250,-18.356583529311393,11,14,2.216
1251,3.9400038434399782,13,12,2.192
1252,13.9517579637386,14,11,2.2760000000000002
1253,2.128092731867282,13,12,2.26
1254,-16.774461317615284,11,14,2.2020000000000004
1255,-17.423854903864104,11,14,2.306
1256,-7.269325990527565,12,13,2.122
1257,3.0870500071228513,13,12,2.252
1258,-6.550804461912468,12,13,2.152
1259,-6.536837774542132,12,13,2.2300000000000004
1260,-6.774046641771753,12,13,2.278
1261,-5.931484559048179,12,13,2.1900000000000004
1262,-17.006974045046327,11,14,2.2
1263,-17.10261080429095,11,14,2.14
1264,-7.2633267672632265,12,13,2.1859999999999995
1265,-6.4751400735353615,12,13,2.126
1266,-16.777309893991177,11,14,2.3099999999999996
1267,-17.326918448617782,11,14,2.2
1268,-25.541791925200318,10,15,2.222
1269,4.282709008799428,13,12,2.3259999999999996
1270,-27.285608328783468,10,15,2.22
1271,-6.170754824712548,12,13,2.2039999999999997
1272,-37.40467899906177,9,16,2.2319999999999998
1273,-8.23703853109359,12,13,2.2800000000000002
1274,-26.54163594827293,10,15,2.324
1275,-36.971215981141185,9,16,2.146
1276,-16.20877345292239,11,14,2.2939999999999996
1277,-17.38254512755041,11,14,2.178
1278,-17.203424497182738,11,14,2.164
1279,-6.579896294807213,12,13,2.232
1280,4.184542543521357,13,12,2.2619999999999996
1281,-26.474952610150396,10,15,2.304
1282,-26.356478037890362,10,15,2.1879999999999997
1283,-7.9265771596401855,12,13,2.242
1284,-17.42706922397673,11,14,2.17
1285,-6.711022860033264,12,13,2.212
1286,2.075323828979335,13,12,2.222
1287,-15.684783126765295,11,14,2.214
1288,3.4183190006011035,13,12,2.1500000000000004
1289,-16.846595797151213,11,14,2.222
1290,-37.57977463205681,9,16,2.1960000000000006
1291,-37.67744730154661,9,16,2.146
1292,-6.768545637695862,12,13,2.146
1293,-7.426650726586052,12,13,2.1559999999999997
1294,2.0850687075541128,13,12,2.164
1295,-6.880248366174661,12,13,2.2039999999999997
1296,2.1013810885072415,13,12,2.2060000000000004
1297,-28.249187140637964,10,15,2.266
1298,-7.389921201231816,12,13,2.2840000000000003
1299,13.530416577350424,14,11,2.258
1300,2.899588608308096,13,12,2.196
1301,-27.73952523131747,10,15,2.11
1302,-7.209635658888271,12,13,2.2560000000000002
1303,-7.247731107515954,12,13,2.286
1304,-7.259682901993082,12,13,2.22
1305,3.7463736421332943,13,12,2.25
1306,-6.529764832874828,12,13,2.2239999999999993
1307,-6.651403863974201,12,13,2.2560000000000002
1308,3.3460969424667084,13,12,2.092
1309,3.6123222441169682,13,12,2.184
1310,-6.560879479891124,12,13,2.242
1311,14.535508922799114,14,11,2.278
1312,-6.456895587097036,12,13,2.2180000000000004
1313,-16.70630824127609,11,14,2.166
1314,2.5525626399466166,13,12,2.2
1315,3.9123086695767295,13,12,2.224
1316,-8.52988782073523,12,13,2.182
1317,4.097368565265967,13,12,2.1839999999999997
1318,3.667788272559177,13,12,2.2039999999999997
1319,-6.61682738028051,12,13,2.1879999999999997
1320,3.4906683212453684,13,12,2.2680000000000002
1321,-16.50539146913816,11,14,2.15
1322,-7.863811149183094,12,13,2.282
1323,2.974835735404537,13,12,2.2359999999999998
1324,-6.034122137584822,12,13,2.25
1325,-7.440992149781505,12,13,2.302
1326,-4.887106507563443,12,13,2.1580000000000004
1327,-6.375536129838459,12,13,2.2979999999999996
1328,2.9075783209720143,13,12,2.242
1329,4.478505381476895,13,12,2.306
1330,2.843692275619011,13,12,2.19
1331,3.591107057798995,13,12,2.158
1332,-16.323386565170427,11,14,2.216
1333,-5.9606174712558655,12,13,2.2580000000000005
1334,-16.10509813607763,11,14,2.158
1335,-26.53526371748775,10,15,2.1740000000000004
1336,-16.246370388526177,11,14,2.1740000000000004
1337,-5.5529668914077,12,13,2.194
1338,-16.695374243713736,11,14,2.254
1339,4.200721901010534,13,12,2.2619999999999996
1340,-6.162754085308481,12,13,2.242
1341,-17.57266539156651,11,14,2.25
1342,4.074005747527167,13,12,2.252
1343,-6.6484151706772145,12,13,2.322
1344,4.153534995169731,13,12,2.192
1345,3.8617261784218666,13,12,2.2239999999999998
1346,-15.761383305386687,11,14,2.178
1347,3.897903400705731,13,12,2.198
1348,14.186828958940373,14,11,2.176
1349,-16.86010381856878,11,14,2.242
1350,13.980374453862897,14,11,2.224
1351,-5.940753858034175,12,13,2.2060000000000004
1352,-15.883807228930134,11,14,2.226
1353,-16.016615891069797,11,14,2.176
1354,-18.20766601137748,11,14,2.248
1355,13.664725558451341,14,11,2.1900000000000004
1356,2.9368574970930608,13,12,2.1399999999999997
1357,4.704812925123601,13,12,2.1740000000000004
1358,-7.561870548518972,12,13,2.24
1359,-5.123134970751053,12,13,2.132
1360,-6.32385534852255,12,13,2.1559999999999997
1361,3.5899837228847007,13,12,2.138
1362,4.211328805862124,13,12,2.2180000000000004
1363,14.436327516156542,14,11,2.252
1364,3.8674664376146137,13,12,2.202
1365,-17.114189751925213,11,14,2.208
1366,4.219245273233574,13,12,2.2680000000000002
1367,3.393062038554799,13,12,2.272
1368,14.103382876488899,14,11,2.1819999999999995
1369,-5.749286021675307,12,13,2.2439999999999998
1370,-6.621220568924618,12,13,2.2359999999999998
1371,3.550817887537817,13,12,2.154
1372,-26.733700101594415,10,15,2.252
1373,-6.971171071774447,12,13,2.136
1374,4.259985339900185,13,12,2.2880000000000003
1375,14.641074033359477,14,11,2.2239999999999998
1376,-17.16852489016135,11,14,2.104
1377,4.092057225476368,13,12,2.172
1378,-5.935122078486411,12,13,2.234
1379,2.4757261574307394,13,12,2.3259999999999996
1380,-6.232183005356283,12,13,2.19
1381,-6.628923226031063,12,13,2.2920000000000003
1382,-16.105350172292283,11,14,2.252
1383,-7.100278906559117,12,13,2.284
1384,-5.4778463774925825,12,13,2.1719999999999997
1385,-5.996564796484066,12,13,2.2159999999999997
1386,-15.719888603594663,11,14,2.172
1387,-6.459555212244892,12,13,2.268
1388,3.986230778630743,13,12,2.282
1389,-6.284036587387091,12,13,2.136
1390,2.9169706483466946,13,12,2.1719999999999997
1391,3.8239091511267658,13,12,2.2380000000000004
1392,-5.907665085613235,12,13,2.194
1393,-15.54289330237214,11,14,2.1799999999999997
1394,13.765177163222459,14,11,2.2960000000000003
1395,3.3573524091354825,13,12,2.278
1396,4.1148869159384605,13,12,2.196
1397,3.2517171956352318,13,12,2.24
1398,3.6091921167093197,13,12,2.156
1399,-6.744049338237635,12,13,2.246
1400,3.4913416801974355,13,12,2.1759999999999997
1401,14.633571201216043,14,11,2.19
1402,-4.990310839424642,12,13,2.2020000000000004
1403,4.059885898454431,13,12,2.2479999999999998
1404,-6.428254141522022,12,13,2.166
1405,13.558909707043139,14,11,2.2620000000000005
1406,2.8117762308890617,13,12,2.1879999999999997
1407,13.300424494155568,14,11,2.192
1408,4.132397112794243,13,12,2.2359999999999998
1409,-16.214685656728836,11,14,2.172
1410,3.739244885132786,13,12,2.2920000000000003
1411,3.3649122789635704,13,12,2.2319999999999998
1412,-5.949543171465871,12,13,2.2039999999999997
1413,-17.629148757144037,11,14,2.1439999999999997
1414,-5.902291544801283,12,13,2.2
1415,4.574042581291533,13,12,2.194
1416,3.4092823661776164,13,12,2.2939999999999996
1417,23.11957456307183,15,10,2.2319999999999998
1418,14.523194829162307,14,11,2.306
1419,-16.17449793790287,11,14,2.244
1420,-16.752137188439818,11,14,2.15
1421,4.749824176650598,13,12,2.186
1422,3.40138284424203,13,12,2.26
1423,15.190697616247405,14,11,2.2279999999999998
1424,3.611728550930189,13,12,2.1499999999999995
1425,3.2921171800542286,13,12,2.254
1426,-17.378334084126177,11,14,2.1719999999999997
1427,4.513027479259851,13,12,2.1599999999999997
1428,13.427476154338066,14,11,2.3099999999999996
1429,13.848601717855473,14,11,2.252
1430,3.5301735527782467,13,12,2.276
1431,-25.653471802958933,10,15,2.304
1432,5.1264552514671315,13,12,2.308
1433,-5.418077365607424,12,13,2.166
1434,-6.6980652395676,12,13,2.168
1435,14.391166589998818,14,11,2.228
1436,3.3524454511254635,13,12,2.3099999999999996
1437,4.707760107981613,13,12,2.182
1438,4.656329823528942,13,12,2.192
1439,-17.093204016996737,11,14,2.254
1440,-25.449511957212064,10,15,2.246
1441,-5.926433075147601,12,13,2.168
1442,4.770122953577234,13,12,2.238
1443,4.7072922839679325,13,12,2.1599999999999997
1444,3.4021455565937515,13,12,2.222
1445,-15.687891068851034,11,14,2.228
1446,4.240488296564999,13,12,2.2119999999999997
1447,4.997985030073481,13,12,2.154
1448,-5.483002873145067,12,13,2.1500000000000004
1449,14.13723163897772,14,11,2.272
1450,-5.632765153453204,12,13,2.2020000000000004
1451,-15.496590261827057,11,14,2.2039999999999997
1452,3.944344687717882,13,12,2.21
1453,-6.363791733073967,12,13,2.2659999999999996
1454,4.124760245942094,13,12,2.3179999999999996
1455,3.3874350787913103,13,12,2.202
1456,-15.881569406594258,11,14,2.184
1457,-15.610715664520676,11,14,2.178
1458,4.699039106104646,13,12,2.256
1459,-16.071261368159483,11,14,2.1760000000000006
1460,4.206037318847011,13,12,2.21
1461,2.852456943506029,13,12,2.2439999999999998
1462,4.859996743802348,13,12,2.2660000000000005
1463,4.116637192193507,13,12,2.282
1464,15.01203942756133,14,11,2.182
1465,-5.382332182317558,12,13,2.152
1466,-25.974832653599996,10,15,2.174
1467,3.972567314268843,13,12,2.252
1468,4.568145939537623,13,12,2.1759999999999997
1469,4.389327596839775,13,12,2.2840000000000003
1470,-5.354037779001381,12,13,2.242
1471,-5.635547920407596,12,13,2.2020000000000004
1472,4.459609730715991,13,12,2.216
1473,4.75282500718259,13,12,2.304
1474,-6.890210825953286,12,13,2.16
1475,13.152904999375433,14,11,2.246
1476,3.4779854151249925,13,12,2.1759999999999997
1477,-6.019320385112546,12,13,2.176
1478,15.06225252705399,14,11,2.206
1479,14.868883418605941,14,11,2.292
1480,23.313386247233822,15,10,2.332
1481,-5.679844213222924,12,13,2.1500000000000004
1482,-16.21611237399665,11,14,2.254
1483,-15.456725886884914,11,14,2.1900000000000004
1484,-6.977728308501312,12,13,2.242
1485,3.416125628563396,13,12,2.1260000000000003
1486,14.161769064452312,14,11,2.2920000000000003
1487,-14.427505627744404,11,14,2.15
1488,-5.8794283363164475,12,13,2.136
1489,-6.076560755174029,12,13,2.302
1490,4.930894298856176,13,12,2.29
1491,-5.876271698261837,12,13,2.2700000000000005
1492,-17.301967386569295,11,14,2.202
1493,-15.99474980390762,11,14,2.218
1494,-6.2197404889286005,12,13,2.284
1495,4.682723865151926,13,12,2.2359999999999998
1496,-5.3835356687479035,12,13,2.2380000000000004
1497,4.181778411585885,13,12,2.2160000000000006
1498,-4.95557746479758,12,13,2.138
1499,3.3291634327337896,13,12,2.224
1500,-15.828404323040045,11,14,2.21
1501,-6.605405707318237,12,13,2.25
1502,-5.877623644200661,12,13,2.152
1503,-6.184302457895002,12,13,2.268
1504,-6.163186117567513,12,13,2.232
1505,14.582442099418653,14,11,2.2380000000000004
1506,-15.368167438478938,11,14,2.29
1507,4.522755742837944,13,12,2.2600000000000002
1508,-15.842763764107241,11,14,2.192
1509,-16.250521977149386,11,14,2.17
1510,-6.1911053193863586,12,13,2.268
1511,4.6583905086692585,13,12,2.15
1512,-6.15119223212747,12,13,2.2260000000000004
1513,14.161328580465193,14,11,2.164
1514,-16.980719420231136,11,14,2.2239999999999998
1515,4.294802962814634,13,12,2.226
1516,-5.44604951551355,12,13,2.294
1517,4.190981210539949,13,12,2.214
1518,-5.138216438187497,12,13,2.2960000000000003
1519,4.2205595192018315,13,12,2.272
1520,2.9838378517951334,13,12,2.162
1521,-6.099619089724494,12,13,2.214
1522,14.112499985050565,14,11,2.1700000000000004
1523,-16.46920979835711,11,14,2.224
1524,-5.977956804294255,12,13,2.284
1525,4.325965452500197,13,12,2.2899999999999996
1526,-6.040409454487886,12,13,2.3099999999999996
1527,3.5224929672947107,13,12,2.2939999999999996
1528,14.683956513342352,14,11,2.258
1529,14.516894301771588,14,11,2.3
1530,4.6231126861927985,13,12,2.2359999999999998
1531,-6.34869028119636,12,13,2.196
1532,4.274406344183523,13,12,2.204
1533,14.695039636004369,14,11,2.2439999999999993
1534,-15.541116540954988,11,14,2.184
1535,14.976198611582582,14,11,2.1540000000000004
1536,-5.75453492215499,12,13,2.212
1537,4.344005126767873,13,12,2.304
1538,-5.922551887088078,12,13,2.2359999999999998
1539,-5.685860814423887,12,13,2.212
1540,-16.201756241527235,11,14,2.1740000000000004
1541,14.2389881597526,14,11,2.192
1542,15.034126339281022,14,11,2.262
1543,3.787143582643271,13,12,2.214
1544,-6.014005195495491,12,13,2.134
1545,-16.128643678131688,11,14,2.224
1546,-16.283870556600107,11,14,2.2180000000000004
1547,-25.737850018477175,10,15,2.146
1548,12.632942006946742,14,11,2.306
1549,-5.832932243486704,12,13,2.272
1550,4.0689098927457525,13,12,2.1260000000000003
1551,14.679280658872944,14,11,2.194
1552,24.868247985235698,15,10,2.1980000000000004
1553,3.1678993154807937,13,12,2.234
1554,13.81874334841894,14,11,2.268
1555,3.379066604422311,13,12,2.218
1556,-6.493173045868991,12,13,2.334
1557,-5.962276296944744,12,13,2.264
1558,13.061381910591852,14,11,2.26
1559,14.720660457723822,14,11,2.298
1560,-6.156892060709231,12,13,2.25
1561,-5.16543625689757,12,13,2.204
1562,4.8330881349484605,13,12,2.198
1563,-4.814533166062171,12,13,2.214
1564,-6.096858497066892,12,13,2.254
1565,4.145274565633313,13,12,2.214
1566,14.15934681395461,14,11,2.268
1567,-16.6105337046947,11,14,2.25
1568,-16.393422487349664,11,14,2.176
1569,-6.619159436140686,12,13,2.2279999999999998
1570,4.243153766432258,13,12,2.21
1571,3.596208864437214,13,12,2.286
1572,4.984911544328693,13,12,2.268
1573,-14.834640187476563,11,14,2.222
1574,14.081849307348785,14,11,2.3299999999999996
1575,-16.352979296449128,11,14,2.202
1576,-14.296389747893262,11,14,2.206
1577,12.812956789365042,14,11,2.2439999999999998
1578,-6.134436900394218,12,13,2.2359999999999998
1579,3.601550819003757,13,12,2.268
1580,4.385379305094359,13,12,2.248
1581,-5.129879626856234,12,13,2.3100000000000005
1582,-6.571803092373904,12,13,2.216
1583,14.595463155980255,14,11,2.1759999999999997
1584,-6.005429724964601,12,13,2.276
1585,-6.570567887688294,12,13,2.152
1586,13.730949453203182,14,11,2.2499999999999996
1587,13.906713721252087,14,11,2.224
1588,14.472774461581713,14,11,2.218
1589,4.569508171188017,13,12,2.144
1590,13.972698347309798,14,11,2.1799999999999997
1591,13.95823017298909,14,11,2.1359999999999997
1592,13.64275764160789,14,11,2.224
1593,24.366813262206,15,10,2.244
1594,13.761494220686973,14,11,2.132
1595,-4.933058479463758,12,13,2.162
1596,24.051076980028697,15,10,2.2560000000000002
1597,-6.11740832512087,12,13,2.2600000000000002
1598,4.294656627434415,13,12,2.2340000000000004
1599,3.7204434445709076,13,12,2.21
1600,-5.784476123092813,12,13,2.12
1601,-16.857735235362806,11,14,2.3020000000000005
1602,4.083071937241483,13,12,2.2080000000000006
1603,14.176836221520064,14,11,2.222
1604,4.264329748779939,13,12,2.1859999999999995
1605,4.202895057129237,13,12,2.234
1606,13.39456510204422,14,11,2.214
1607,3.990682683317165,13,12,2.126
1608,4.281605857480146,13,12,2.2199999999999998
1609,-5.9373812056871484,12,13,2.266
1610,14.082186313847538,14,11,2.196
1611,13.590949434256014,14,11,2.2939999999999996
1612,4.070721405574501,13,12,2.2220000000000004
1613,23.791878028639086,15,10,2.196
1614,-5.723372386382185,12,13,2.34
1615,13.242390260865612,14,11,2.218
1616,14.643546614100918,14,11,2.126
1617,4.1748103289814145,13,12,2.212
1618,34.72921817442108,16,9,2.28
1619,-16.471649590783734,11,14,2.2019999999999995
1620,24.450110799101765,15,10,2.232
1621,3.926105562138426,13,12,2.12
1622,13.353223052679635,14,11,2.21
1623,4.130405686604403,13,12,2.3040000000000003
1624,14.06645178341192,14,11,2.316
1625,24.436694822744016,15,10,2.302
1626,15.334055153754356,14,11,2.2
1627,25.436877725972444,15,10,2.1920000000000006
1628,24.86243710586745,15,10,2.1879999999999997
1629,4.896726263520309,13,12,2.304
1630,4.769363249434324,13,12,2.252
1631,14.642501350012036,14,11,2.266
1632,4.606102457205826,13,12,2.23
1633,13.886684863523975,14,11,2.24
1634,-15.732595205003495,11,14,2.168
1635,13.226007640571432,14,11,2.1380000000000003
1636,-4.594391060331256,12,13,2.18
1637,4.14736747103653,13,12,2.322
1638,-5.789207317651102,12,13,2.16
1639,23.91658045840277,15,10,2.174
1640,14.257347666918847,14,11,2.18
1641,-5.89230344884721,12,13,2.2920000000000003
1642,5.052020778347652,13,12,2.258
1643,3.8830746592535768,13,12,2.122
1644,-5.809295543197617,12,13,2.214
1645,-5.030081671814578,12,13,2.266
1646,23.842019468358224,15,10,2.2199999999999998
1647,4.0634359968156435,13,12,2.256
1648,15.087709242842752,14,11,2.218
1649,24.150463217769303,15,10,2.28
1650,14.914462463181042,14,11,2.174
1651,-5.774515220075861,12,13,2.2640000000000002
1652,14.607784458366446,14,11,2.2359999999999998
1653,-25.737611743522535,10,15,2.226
1654,-5.731332862309895,12,13,2.216
1655,4.621932516556678,13,12,2.254
1656,4.4272340738297515,13,12,2.28
1657,14.917722678132309,14,11,2.22
1658,-16.61116346563439,11,14,2.246
1659,-4.67138688483838,12,13,2.084
1660,3.541533321303989,13,12,2.208
1661,4.802525147491934,13,12,2.2
1662,4.0422351069054505,13,12,2.1740000000000004
1663,-16.350034059127644,11,14,2.214
1664,-16.67963817047221,11,14,2.2079999999999997
1665,-5.899308316421786,12,13,2.2459999999999996
1666,-5.843000300013301,12,13,2.2640000000000002
1667,-15.370580448067468,11,14,2.266
1668,5.266791513592127,13,12,2.1220000000000003
1669,4.596880535757501,13,12,2.1919999999999997
1670,-14.6969441105823,11,14,2.2300000000000004
1671,-5.092024381061801,12,13,2.192
1672,-15.847120764683023,11,14,2.2199999999999998
1673,14.337173928389607,14,11,2.2560000000000002
1674,-6.0351027357844025,12,13,2.106
1675,-5.524612608988609,12,13,2.28
1676,-6.424680208222657,12,13,2.242
1677,-4.918825419905307,12,13,2.218
1678,4.237000534370635,13,12,2.196
1679,3.572726238198455,13,12,2.248
1680,3.3915128923444726,13,12,2.222
1681,13.75428430840521,14,11,2.216
1682,-5.820158863405033,12,13,2.1540000000000004
1683,-16.31021888308492,11,14,2.29
1684,-25.801667814070406,10,15,2.222
1685,4.100271025029361,13,12,2.2800000000000002
1686,-5.124847730563259,12,13,2.23
1687,-14.748274202570258,11,14,2.22
1688,-6.211368580463573,12,13,2.206
1689,24.512215914878958,15,10,2.262
1690,-6.366162151855299,12,13,2.234
1691,-15.882854361252571,11,14,2.2399999999999998
1692,-14.015784318412752,11,14,2.194
1693,-5.503514453157533,12,13,2.186
1694,3.5144294881899167,13,12,2.3040000000000003
1695,5.080638669323618,13,12,2.2459999999999996
1696,-26.264324545666135,10,15,2.226
1697,-7.051391474161716,12,13,2.1959999999999997
1698,5.128299534410071,13,12,2.26
1699,-4.13718596749182,12,13,2.2
1700,-6.74230676036445,12,13,2.2199999999999998
1701,-15.343153505685214,11,14,2.21
1702,14.254898478919497,14,11,2.154
1703,-4.593281074750421,12,13,2.21
1704,-6.152749243492004,12,13,2.144
1705,-15.79117555799929,11,14,2.306
1706,-6.092986611683854,12,13,2.21
1707,-5.695388875422895,12,13,2.2199999999999998
1708,-6.208021462040963,12,13,2.196
1709,14.210794015145439,14,11,2.1660000000000004
1710,3.6549088186305374,13,12,2.108
1711,15.346370195441846,14,11,2.222
1712,-5.118541866862021,12,13,2.246
1713,-25.64766024950945,10,15,2.2359999999999998
1714,-15.617397028342893,11,14,2.234
1715,4.401809627410202,13,12,2.214
1716,3.080016990374879,13,12,2.1480000000000006
1717,-4.787174900396714,12,13,2.202
1718,-16.072875579317525,11,14,2.2680000000000002
1719,15.103091260157882,14,11,2.196
1720,-5.9548621388574805,12,13,2.2520000000000002
1721,4.523343760122895,13,12,2.2960000000000003
1722,14.434766267909406,14,11,2.2920000000000003
1723,5.160527215948283,13,12,2.1879999999999997
1724,-15.130932181269694,11,14,2.1900000000000004
1725,-4.834275612446656,12,13,2.242
1726,-6.168758537749244,12,13,2.268
1727,-15.189881811538637,11,14,2.2860000000000005
1728,-15.677846573134545,11,14,2.19
1729,4.93733232038026,13,12,2.1959999999999997
1730,4.935442447941743,13,12,2.306
1731,-15.347175201835865,11,14,2.144
1732,4.28059715187662,13,12,2.3
1733,4.118292578961746,13,12,2.214
1734,4.055933234287227,13,12,2.13
1735,5.013291563493011,13,12,2.236
1736,-7.285841919718495,12,13,2.2
1737,-6.4106379200692265,12,13,2.15
1738,-6.849443944059879,12,13,2.2640000000000002
1739,-5.3767042980883915,12,13,2.2619999999999996
1740,-5.465873715035481,12,13,2.136
1741,14.57720035833567,14,11,2.246
1742,-16.230594652795222,11,14,2.1620000000000004
1743,3.861037193301498,13,12,2.228
1744,3.4774719409981056,13,12,2.098
1745,-15.921292851991549,11,14,2.2399999999999998
1746,-15.812766988113516,11,14,2.2800000000000002
1747,13.44592549037178,14,11,2.22
1748,3.852990413936478,13,12,2.2399999999999998
1749,-15.491813467621409,11,14,2.21
1750,-6.270678954137564,12,13,2.258
1751,-16.683681643935042,11,14,2.2239999999999998
1752,-18.00825613317678,11,14,2.226
1753,-8.138215022621607,12,13,2.3
1754,3.781360783450758,13,12,2.1519999999999997
1755,-37.53846021970729,9,16,2.2640000000000002
1756,-5.553042984033227,12,13,2.3
1757,-17.467406038359638,11,14,2.1719999999999997
1758,-6.651960344774685,12,13,2.19
1759,-6.4435676928202374,12,13,2.1320000000000006
1760,-6.534295688575663,12,13,2.292
1761,-16.375805137063136,11,14,2.314
1762,2.4288180632039307,13,12,2.2800000000000002
1763,-17.238928812663136,11,14,2.1700000000000004
1764,3.9285589234169382,13,12,2.206
1765,-6.110725610821827,12,13,2.262
1766,-25.246515375652038,10,15,2.268
1767,-6.98793564284331,12,13,2.232
1768,-16.47699658198546,11,14,2.218
1769,-26.521747860574386,10,15,2.25
1770,-26.96986081949925,10,15,2.21
1771,1.974418122350488,13,12,2.2279999999999998
1772,-5.871429925886882,12,13,2.1460000000000004
1773,-6.9406592534020115,12,13,2.212
1774,-16.764836406904884,11,14,2.22
1775,-16.262437945036613,11,14,2.2359999999999998
1776,-6.5961328253905185,12,13,2.228
1777,3.727060069201949,13,12,2.276
1778,-4.881342773823269,12,13,2.1979999999999995
1779,-5.763044503169393,12,13,2.16
1780,-6.508299113576326,12,13,2.22
1781,-5.777582031872001,12,13,2.234
1782,2.817484337771462,13,12,2.2079999999999997
1783,4.401957876687039,13,12,2.2
1784,-6.188187746513895,12,13,2.3
1785,-16.684466276620814,11,14,2.234
1786,-6.356500034163553,12,13,2.284
1787,-5.212391918637757,12,13,2.186
1788,-6.684364436672437,12,13,2.304
1789,-6.392803955369717,12,13,2.136
1790,4.185691363262146,13,12,2.206
1791,-6.098434266983337,12,13,2.134
1792,-15.684608226376417,11,14,2.268
1793,-8.31407122161222,12,13,2.25
1794,-16.211765308937792,11,14,2.2399999999999998
1795,-7.54082569566891,12,13,2.28
1796,-6.188749748833207,12,13,2.234
1797,-5.160001102611275,12,13,2.216
1798,-16.66973130186257,11,14,2.212
1799,-16.687500865880892,11,14,2.2439999999999998
1800,-15.511924978877365,11,14,2.2340000000000004
1801,-6.702162223338522,12,13,2.0940000000000003
1802,-6.186451676425083,12,13,2.25
1803,-26.521429221679238,10,15,2.2460000000000004
1804,-17.094319134536732,11,14,2.128
1805,-5.968586872365657,12,13,2.1900000000000004
1806,-6.804480556487643,12,13,2.19
1807,-6.89920054846922,12,13,2.1860000000000004
1808,-26.51562066703403,10,15,2.2359999999999998
1809,-26.479998405691756,10,15,2.284
1810,-17.158433932077223,11,14,2.16
1811,-28.285472050011787,10,15,2.1740000000000004
1812,-26.523833444395155,10,15,2.2700000000000005
1813,-26.482505877462074,10,15,2.2239999999999998
1814,-17.39918738093629,11,14,2.25
1815,-16.341713990437125,11,14,2.2560000000000002
1816,-6.580650146844097,12,13,2.156
1817,-5.967692736073339,12,13,2.25
1818,-16.877559424982834,11,14,2.208
1819,-26.47129510577209,10,15,2.212
1820,-5.81169154569954,12,13,2.23
1821,-6.87591158033111,12,13,2.208
1822,-5.876314878220302,12,13,2.248
1823,-26.64137261881968,10,15,2.2520000000000002
1824,-8.36901771629741,12,13,2.2339999999999995
1825,-37.5196203640555,9,16,2.238
1826,-5.547869154272911,12,13,2.15
1827,-6.500354640571848,12,13,2.2860000000000005
1828,3.1122985614319116,13,12,2.198
1829,-15.42956330420635,11,14,2.1579999999999995
1830,-16.41974051039763,11,14,2.2100000000000004
1831,-17.124421971693643,11,14,2.232
1832,-7.278529478703874,12,13,2.232
1833,-6.444434354593185,12,13,2.1100000000000003
1834,-5.632688286924789,12,13,2.1499999999999995
1835,-17.220347385729674,11,14,2.25
1836,-7.220452911806287,12,13,2.258
1837,-16.914058044750934,11,14,2.232
1838,14.540413889547107,14,11,2.1800000000000006
1839,-5.928915384154855,12,13,2.2039999999999997
1840,-16.23383847036495,11,14,2.148
1841,-6.21925447141151,12,13,2.1740000000000004
1842,4.127145368705646,13,12,2.262
1843,13.84860369767957,14,11,2.248
1844,3.524524440357844,13,12,2.2479999999999998
1845,-4.832428903639831,12,13,2.2399999999999998
1846,-7.204466077863931,12,13,2.154000000000001
1847,-16.61904411364841,11,14,2.38
1848,-16.80031338785155,11,14,2.2560000000000002
1849,-16.922827783618633,11,14,2.2359999999999998
1850,-6.355281505882381,12,13,2.1580000000000004
1851,-16.18400511277323,11,14,2.208
1852,-6.601008215614799,12,13,2.216
1853,-15.278642710461746,11,14,2.1780000000000004
1854,-16.84417818311872,11,14,2.178
1855,4.2050195848003655,13,12,2.1740000000000004
1856,-5.887059184752016,12,13,2.2560000000000002
1857,-16.750647118861306,11,14,2.2340000000000004
1858,4.427531823634951,13,12,2.234
1859,5.071541699754633,13,12,2.234
1860,-5.629845948972965,12,13,2.288
1861,-15.580200104109558,11,14,2.274
1862,13.960505242946375,14,11,2.2079999999999997
1863,2.951175875741945,13,12,2.1620000000000004
1864,-15.865389331709585,11,14,2.2439999999999998
1865,-16.415061615107206,11,14,2.0940000000000003
1866,-5.941160753478166,12,13,2.3360000000000007
1867,-6.465792768532387,12,13,2.202
1868,-5.4980123419196065,12,13,2.1959999999999997
1869,3.893566152419921,13,12,2.2079999999999997
1870,-15.73338851470178,11,14,2.1759999999999997
1871,15.135517452274662,14,11,2.168
1872,-4.879139839735264,12,13,2.16
1873,-15.742810407120851,11,14,2.232
1874,-6.455313012400959,12,13,2.18
1875,-16.25513703339866,11,14,2.1399999999999997
1876,4.811077941479955,13,12,2.1820000000000004
1877,14.5141598030965,14,11,2.308
1878,-6.5679911590243005,12,13,2.252
1879,14.209381569423789,14,11,2.29
1880,3.6623628699191073,13,12,2.176
1881,-7.004536157249777,12,13,2.1799999999999997
1882,34.515670260262574,16,9,2.21
1883,-5.957820924150493,12,13,2.1580000000000004
1884,13.887270216353627,14,11,2.208
1885,24.516384385954584,15,10,2.1839999999999997
1886,-6.966002365835321,12,13,2.262
1887,15.799546139852648,14,11,2.24
1888,-17.408454281659573,11,14,2.2439999999999998
1889,23.99863443056045,15,10,2.234
1890,3.446085563168067,13,12,2.204
1891,4.156628623703416,13,12,2.2920000000000003
1892,-5.716642861792833,12,13,2.25
1893,14.177966106001394,14,11,2.136
1894,14.046799207065442,14,11,2.248
1895,14.71782396730414,14,11,2.188
1896,-6.706439046341611,12,13,2.308
1897,3.8171451290757883,13,12,2.282
1898,14.777678650085576,14,11,2.318
1899,-4.74867897398035,12,13,2.2760000000000002
1900,4.043714269633187,13,12,2.1900000000000004
1901,25.254785044399437,15,10,2.1999999999999997
1902,-5.560019794141608,12,13,2.23
1903,4.802226388934373,13,12,2.216
1904,24.901491679487858,15,10,2.248
1905,14.022184712929441,14,11,2.12
1906,4.304702974207782,13,12,2.288
1907,15.233933858595488,14,11,2.234
1908,3.7778823416045473,13,12,2.2199999999999998
1909,5.341861327718541,13,12,2.2860000000000005
1910,-5.954755419307974,12,13,2.182
1911,5.504339274607225,13,12,2.1380000000000003
1912,14.607618175202223,14,11,2.3480000000000003
1913,4.652533361367051,13,12,2.1439999999999997
1914,4.480760773577285,13,12,2.308
1915,14.731333951660954,14,11,2.2199999999999998
1916,4.219941916936197,13,12,2.282
1917,5.424527500620001,13,12,2.2700000000000005
1918,15.268129432778519,14,11,2.182
1919,-5.9319627441434575,12,13,2.302
1920,-26.963096808481655,10,15,2.238
1921,24.901830645053824,15,10,2.266
1922,-5.588299265177462,12,13,2.156
1923,13.95089779349333,14,11,2.226
1924,-6.362233966072342,12,13,2.2840000000000003
1925,4.824100688240351,13,12,2.276
1926,14.291365708196373,14,11,2.228
1927,4.4349387638904805,13,12,2.148
1928,4.850198445105898,13,12,2.1919999999999997
1929,14.564172872768857,14,11,2.2439999999999998
1930,14.861507615644957,14,11,2.1819999999999995
1931,3.2891595496431076,13,12,2.052
1932,-6.011031554045548,12,13,2.338
1933,14.331027423170957,14,11,2.1959999999999997
1934,14.499825885624006,14,11,2.3320000000000003
1935,4.3520346108340116,13,12,2.216
1936,24.628583269846608,15,10,2.208
1937,14.746025282543108,14,11,2.2139999999999995
1938,14.70799206168888,14,11,2.2580000000000005
1939,-15.161472123567032,11,14,2.2239999999999998
1940,4.466207434503817,13,12,2.222
1941,4.3459195439983205,13,12,2.258
1942,24.12310864520937,15,10,2.254
1943,4.274451971339401,13,12,2.274
1944,34.69942803404831,16,9,2.1380000000000003
1945,-5.844308625311378,12,13,2.29
1946,14.963629980515284,14,11,2.2020000000000004
1947,-5.2268229678131455,12,13,2.204
1948,13.6504648056567,14,11,2.258
1949,3.596851907244604,13,12,2.232
1950,23.603314547973127,15,10,2.2339999999999995
1951,-5.13494438328464,12,13,2.176
1952,3.0348755351236214,13,12,2.304
1953,14.550204127020947,14,11,2.2280000000000006
1954,25.031475258607173,15,10,2.2039999999999997
1955,24.19094826956197,15,10,2.2239999999999993
1956,-15.96261669103647,11,14,2.2179999999999995
1957,13.618741574404698,14,11,2.1580000000000004
1958,3.57682023681469,13,12,2.222
1959,13.928533897766833,14,11,2.2460000000000004
1960,-7.186314504926016,12,13,2.228
1961,5.4292541211164185,13,12,2.2540000000000004
1962,15.538440540609095,14,11,2.282
1963,14.267526619928748,14,11,2.226
1964,24.712918371587477,15,10,2.246
1965,3.7980672555932014,13,12,2.2680000000000002
1966,-15.764811094407765,11,14,2.238
1967,14.778406603177677,14,11,2.0460000000000003
1968,23.923124082699275,15,10,2.208
1969,-26.27669721143849,10,15,2.138
1970,24.71009511868174,15,10,2.1719999999999997
1971,5.0192656680420935,13,12,2.17
1972,4.451178250229711,13,12,2.168
1973,4.311218470649678,13,12,2.224
1974,23.955490362794077,15,10,2.258
1975,-6.36182575443052,12,13,2.228
1976,33.99607418761319,16,9,2.212
1977,-6.005135818056008,12,13,2.288
1978,14.042570490517077,14,11,2.3280000000000003
1979,3.603079046764382,13,12,2.2600000000000002
1980,23.232305464551864,15,10,2.142
1981,4.738947661923838,13,12,2.376
1982,3.9479424261384812,13,12,2.208
1983,-5.652368757636909,12,13,2.2159999999999997
1984,14.52743631321649,14,11,2.246
1985,13.579333791489525,14,11,2.2220000000000004
1986,4.873904020531683,13,12,2.218
1987,2.493204612369288,13,12,2.2
1988,13.856808003541499,14,11,2.1660000000000004
1989,13.452515071972071,14,11,2.2239999999999998
1990,13.909843429193879,14,11,2.2079999999999997
1991,24.13199582775265,15,10,2.1540000000000004
1992,3.963360592039731,13,12,2.164
1993,24.8447031631297,15,10,2.278
1994,14.52834203184098,14,11,2.24
1995,23.824095482025996,15,10,2.15
1996,4.175876952439147,13,12,2.2760000000000002
1997,13.45229170352978,14,11,2.2039999999999997
1998,-6.213126731841935,12,13,2.2220000000000004
1999,24.848317627888825,15,10,2.266
2000,14.342648454101898,14,11,2.348
2001,14.937057033624324,14,11,2.1580000000000004
2002,24.162743829017266,15,10,2.248
2003,-6.582718884243951,12,13,2.2079999999999997
2004,3.8120814655573287,13,12,2.2599999999999993
2005,24.329983598505247,15,10,2.2340000000000004
2006,14.338124729161501,14,11,2.1860000000000004
2007,3.6827263335589873,13,12,2.2
2008,14.482538735636552,14,11,2.228
2009,4.492833734535834,13,12,2.206
2010,24.222839901934712,15,10,2.258
2011,24.63270433055329,15,10,2.1439999999999997
2012,14.750668084012744,14,11,2.224
2013,4.221406955262988,13,12,2.1919999999999997
2014,15.29685441630884,14,11,2.2459999999999996
2015,24.605065708102366,15,10,2.1980000000000004
2016,14.121329140377997,14,11,2.25
2017,5.5040388231212845,13,12,2.2
2018,13.774789257251271,14,11,2.3099999999999996
2019,-6.5367673531534365,12,13,2.2700000000000005
2020,4.806958264816338,13,12,2.246
2021,-4.791412717253509,12,13,2.306
2022,4.28377241104889,13,12,2.208
2023,14.799674724441692,14,11,2.2760000000000002
2024,25.11089600853056,15,10,2.152
2025,14.504347020409437,14,11,2.21
2026,24.65883270941192,15,10,2.3239999999999994
2027,4.318714343620922,13,12,2.1559999999999997
2028,14.612189377753108,14,11,2.23
2029,14.0782012745749,14,11,2.2359999999999998
2030,14.834040215509393,14,11,2.18
2031,15.69779353895859,14,11,2.1979999999999995
2032,25.658725822677905,15,10,2.2359999999999998
2033,5.203282314622459,13,12,2.2199999999999998
2034,25.592619786005443,15,10,2.2619999999999996
2035,15.500373725632034,14,11,2.2359999999999998
2036,14.675008769262146,14,11,2.174
2037,24.599611847949575,15,10,2.212
2038,4.39881843705342,13,12,2.2459999999999996
2039,14.551608714254591,14,11,2.176
2040,-15.342097855639519,11,14,2.2760000000000002
2041,3.902370609650342,13,12,2.29
2042,15.628687948243012,14,11,2.21
2043,13.93014114818912,14,11,2.3099999999999996
2044,-5.941817796177954,12,13,2.252
2045,3.870960275671525,13,12,2.2640000000000002
2046,-5.633504773766198,12,13,2.2279999999999998
2047,-5.891020885157678,12,13,2.202
2048,4.075134058571516,13,12,2.1759999999999997
2049,5.059454810301437,13,12,2.266
2050,23.408101861085736,15,10,2.128
2051,4.646925005489814,13,12,2.242
2052,15.359509357233065,14,11,2.152
2053,13.418255744053175,14,11,2.2119999999999997
2054,15.010062801873529,14,11,2.272
2055,24.751390935027665,15,10,2.2299999999999995
2056,14.610146530541234,14,11,2.1879999999999997
2057,14.287228061534183,14,11,2.104
2058,-16.564043755993954,11,14,2.248
2059,5.423576180987979,13,12,2.248
2060,14.815207986218953,14,11,2.176
2061,13.620184739375121,14,11,2.2840000000000003
2062,13.756475092575535,14,11,2.2280000000000006
2063,14.915329175426738,14,11,2.1380000000000003
2064,33.832150263839864,16,9,2.202
2065,4.355291441483201,13,12,2.28
2066,14.881359475878906,14,11,2.178
2067,4.468697266948929,13,12,2.22
2068,14.22947641850926,14,11,2.2280000000000006
2069,14.741788849816228,14,11,2.1740000000000004
2070,4.006162292753931,13,12,2.264
2071,3.900654405387561,13,12,2.168
2072,4.086744651114973,13,12,2.25
2073,5.79238288092007,13,12,2.21
2074,4.913904958140721,13,12,2.1759999999999997
2075,5.179793841543223,13,12,2.234
2076,-14.166655158522973,11,14,2.306
2077,4.087866353681237,13,12,2.17
2078,24.820923199743973,15,10,2.202
2079,14.734518041304339,14,11,2.2339999999999995
2080,-6.108686799150066,12,13,2.252
2081,24.242307486439067,15,10,2.16
2082,5.0317050963780705,13,12,2.318
2083,5.180374103564583,13,12,2.134
2084,13.634183767788054,14,11,2.254
2085,24.041785173042573,15,10,2.198
2086,12.921930089113692,14,11,2.238
2087,-4.45495711481265,12,13,2.146
2088,25.464673418860276,15,10,2.168
2089,-16.40705660297611,11,14,2.2319999999999998
2090,4.009287097848127,13,12,2.1759999999999997
2091,3.436351005484994,13,12,2.2700000000000005
2092,25.045034778432395,15,10,2.31
2093,14.912884517181801,14,11,2.254
2094,13.599880336537616,14,11,2.2960000000000003
2095,24.093864913449,15,10,2.2760000000000002
2096,-15.249161632883373,11,14,2.052
2097,15.297820565224947,14,11,2.25
2098,24.973763914142967,15,10,2.226
2099,-6.352691001334592,12,13,2.152
2100,3.3944944766532537,13,12,2.1979999999999995
2101,13.858945784767009,14,11,2.192
2102,25.08281426597552,15,10,2.2500000000000004
2103,-4.709648889536927,12,13,2.218
2104,3.7433846730720646,13,12,2.2039999999999997
2105,25.32695663059271,15,10,2.284
2106,-6.737740539952437,12,13,2.164
2107,3.9607937121789583,13,12,2.2019999999999995
2108,-17.34058851694732,11,14,2.23
2109,3.739589658672447,13,12,2.2279999999999998
2110,-5.704324027174252,12,13,2.252
2111,-6.613815827727574,12,13,2.268
2112,15.855375185449464,14,11,2.184
2113,5.353419343799748,13,12,2.2199999999999998
2114,-16.071963566254755,11,14,2.216
2115,-26.581634299533548,10,15,2.226
2116,4.346024206819484,13,12,2.2459999999999996
2117,-16.7198365930923,11,14,2.3
2118,35.78009723123598,16,9,2.146
2119,-15.06250319933276,11,14,2.2659999999999996
2120,3.6294338559998067,13,12,2.172
2121,3.7182711398950214,13,12,2.2080000000000006
2122,14.563202176450355,14,11,2.256
2123,2.4715178712764025,13,12,2.218
2124,13.546260963715119,14,11,2.182
2125,4.099011312158197,13,12,2.1199999999999997
2126,-18.159422318948423,11,14,2.328
2127,-6.278010082580131,12,13,2.194
2128,14.882484497358686,14,11,2.302
2129,4.29974773722558,13,12,2.26
2130,-5.438478439193215,12,13,2.2079999999999997
2131,-6.602850295275183,12,13,2.1979999999999995
2132,-6.4282115398025805,12,13,2.228
2133,14.866090774020186,14,11,2.138
2134,-5.0262019252733765,12,13,2.1959999999999997
2135,5.082429939486612,13,12,2.294
2136,-4.763637691389164,12,13,2.1380000000000003
2137,24.334179379807544,15,10,2.216
2138,4.175798593206853,13,12,2.22
2139,14.525340420696798,14,11,2.29
2140,-17.091759298681147,11,14,2.218
2141,12.664729279337422,14,11,2.224
2142,-6.005836504404128,12,13,2.1820000000000004
2143,13.730213956992348,14,11,2.1559999999999997
2144,14.524362487559612,14,11,2.232
2145,-6.074407426496027,12,13,2.21
2146,13.39451133357739,14,11,2.1320000000000006
2147,5.077173443764448,13,12,2.228
2148,5.184679877514814,13,12,2.236
2149,4.616057922579573,13,12,2.1900000000000004
2150,5.300535968236561,13,12,2.272
2151,-5.913619199537003,12,13,2.168
2152,-5.169695161109281,12,13,2.192
2153,5.6577685310306975,13,12,2.3200000000000003
2154,25.397278228373935,15,10,2.196
2155,2.5075083120942914,13,12,2.3
2156,14.765947117617484,14,11,2.25
2157,24.69908548864117,15,10,2.2640000000000002
2158,-5.148467168199706,12,13,2.228
2159,-5.040946081042337,12,13,2.2539999999999996
2160,4.5370276928014714,13,12,2.202
2161,5.22889150064438,13,12,2.224
2162,14.542461298657358,14,11,2.16
2163,15.198750545420591,14,11,2.214
2164,15.815698706678544,14,11,2.3300000000000005
2165,14.188421540988934,14,11,2.286
2166,13.839829466533276,14,11,2.1919999999999997
2167,13.69794790986415,14,11,2.164
2168,24.165198308670785,15,10,2.1479999999999997
2169,14.970444139407316,14,11,2.0960000000000005
2170,-6.092847779253262,12,13,2.21
2171,-6.616823209678165,12,13,2.248
2172,4.198544827736052,13,12,2.27
2173,13.535353588979659,14,11,2.2199999999999998
2174,14.133977495001872,14,11,2.194
2175,14.509099831906706,14,11,2.2
2176,-15.394436117081032,11,14,2.2
2177,24.345660181936015,15,10,2.212
2178,4.4802687630534255,13,12,2.2079999999999997
2179,24.52383488404484,15,10,2.1300000000000003
2180,4.7112064145799994,13,12,2.212
2181,4.8328082454499395,13,12,2.3020000000000005
2182,13.788526683086419,14,11,2.2159999999999997
2183,15.018565312635083,14,11,2.224
2184,14.527575785379307,14,11,2.1660000000000004
2185,-5.217364216418504,12,13,2.18
2186,4.2501250048480514,13,12,2.2920000000000003
2187,14.063879892592148,14,11,2.176
2188,3.901969787561894,13,12,2.176
2189,-5.692805778520351,12,13,2.3080000000000007
2190,-5.828785444094166,12,13,2.086
2191,14.149915550477198,14,11,2.2359999999999998
2192,-16.01669459445599,11,14,2.214
2193,4.041810868678752,13,12,2.166
2194,14.313770575283382,14,11,2.3579999999999997
2195,14.305320710730722,14,11,2.2359999999999998
2196,-5.263743766053935,12,13,2.2220000000000004
2197,-5.157390580513152,12,13,2.2600000000000002
2198,13.978532908887997,14,11,2.23
2199,-16.42162360502204,11,14,2.1940000000000004
2200,14.162531036694764,14,11,2.206
2201,-6.2982304135015905,12,13,2.1879999999999997
2202,-16.685481815891947,11,14,2.154
2203,14.338829789245015,14,11,2.282
2204,13.430629924162233,14,11,2.184
2205,-5.947615129130355,12,13,2.2159999999999997
2206,-7.477815583419487,12,13,2.2060000000000004
2207,-6.319723460192126,12,13,2.218
2208,14.149776469806095,14,11,2.1639999999999997
2209,14.151635202809924,14,11,2.15
2210,3.831689947134162,13,12,2.272
2211,4.092710561835427,13,12,2.274
2212,4.313706884006784,13,12,2.25
2213,4.188646418496541,13,12,2.244
2214,3.5018042331036945,13,12,2.258
2215,-24.523324713332293,10,15,2.1599999999999997
2216,3.6006696092566592,13,12,2.1719999999999997
2217,-6.126922294261465,12,13,2.274
2218,-5.6156738840257425,12,13,2.242
2219,-6.132542275940804,12,13,2.192
2220,23.59777365933309,15,10,2.2120000000000006
2221,-6.23684576987091,12,13,2.23
2222,-5.487854512880424,12,13,2.2459999999999996
2223,-5.617437731218044,12,13,2.226
2224,-5.7092341304124545,12,13,2.2139999999999995
2225,-26.33708793495001,10,15,2.1919999999999997
2226,3.6057305598171006,13,12,2.3000000000000003
2227,-16.623186947170844,11,14,2.176
2228,-15.395041449163676,11,14,2.1460000000000004
2229,13.87961218573457,14,11,2.2479999999999998
2230,-6.461503588010932,12,13,2.2
2231,-16.748788564206244,11,14,2.244
2232,-25.554143977617933,10,15,2.18
2233,-15.62563305136124,11,14,2.308
2234,13.99981312316643,14,11,2.1660000000000004
2235,4.485258686584452,13,12,2.202
2236,-6.196667477729216,12,13,2.2479999999999998
2237,-5.879055993209388,12,13,2.258
2238,-5.758487189908587,12,13,2.154
2239,-5.302983002048946,12,13,2.186
2240,4.746402214115238,13,12,2.2800000000000002
2241,24.806628451074246,15,10,2.2299999999999995
2242,-5.233609178303688,12,13,2.278
2243,-5.41876312799144,12,13,2.3020000000000005
2244,-5.850276722835503,12,13,2.2299999999999995
2245,4.9867670135616535,13,12,2.1019999999999994
2246,4.750248953642172,13,12,2.2019999999999995
2247,-15.034908611543056,11,14,2.322
2248,3.1642910275141656,13,12,2.3260000000000005
2249,15.614114327164787,14,11,2.192
2250,-15.807926153365637,11,14,2.2199999999999998
2251,-5.922027414972404,12,13,2.2760000000000002
2252,14.655516277312039,14,11,2.302
2253,4.492008137069973,13,12,2.232
2254,-16.128840794830094,11,14,2.166
2255,-6.355455226103368,12,13,2.228
2256,-5.582736666696555,12,13,2.188
2257,-5.6336622478768605,12,13,2.2019999999999995
2258,-5.407362546020173,12,13,2.2800000000000002
2259,3.7638245327872033,13,12,2.1559999999999997
2260,-6.867003784588473,12,13,2.186
2261,-5.733666287991641,12,13,2.1900000000000004
2262,-5.82355760953463,12,13,2.186
2263,3.3533714841984423,13,12,2.1819999999999995
2264,-16.05060913622063,11,14,2.1100000000000003
2265,-15.369673072196479,11,14,2.1920000000000006
2266,14.116765647360406,14,11,2.1759999999999997
2267,-26.495739342179643,10,15,2.24
2268,5.233393256208654,13,12,2.1959999999999997
2269,-16.712167101557505,11,14,2.202
2270,-15.545790558646022,11,14,2.238
2271,-6.344538308477653,12,13,2.2479999999999998
2272,3.884743262632478,13,12,2.148
2273,14.628674547571975,14,11,2.1860000000000004
2274,-16.09042037460426,11,14,2.192
2275,-25.48443879987827,10,15,2.184
2276,-4.86976645300974,12,13,2.206
2277,4.119647559218951,13,12,2.1239999999999997
2278,14.609495851604665,14,11,2.18
2279,-5.863994446346422,12,13,2.3280000000000003
2280,3.6211020734898334,13,12,2.2640000000000002
2281,-15.6159259284785,11,14,2.1979999999999995
2282,-24.3781261079998,10,15,2.254
2283,-6.120582386491041,12,13,2.198
2284,-15.602270638049333,11,14,2.382
2285,-5.2218156646201885,12,13,2.3400000000000003
2286,-5.3687040873971155,12,13,2.196
2287,-16.532338777074692,11,14,2.2820000000000005
2288,3.6070885061028406,13,12,2.314
2289,14.903747488641454,14,11,2.252
2290,-16.543097369587514,11,14,2.1040000000000005
2291,4.844137955922989,13,12,2.17
2292,-6.5923652851390635,12,13,2.228
2293,-16.4316069910789,11,14,2.212
2294,4.1720553398933955,13,12,2.2159999999999997
2295,-6.9150763910222315,12,13,2.218
2296,-5.93326978484221,12,13,2.1940000000000004
2297,-6.213635862722809,12,13,2.1439999999999997
2298,-16.17112618639725,11,14,2.254
2299,5.701947277329334,13,12,2.316
2300,-6.221710848823465,12,13,2.2720000000000002
2301,-16.89117883251396,11,14,2.2060000000000004
2302,-6.343401524866273,12,13,2.232
2303,4.201595643203575,13,12,2.2939999999999996
2304,4.040170185395306,13,12,2.272
2305,-5.707961224136142,12,13,2.1919999999999997
2306,24.905051223433297,15,10,2.1439999999999997
2307,-5.9024298316736505,12,13,2.2819999999999996
2308,14.374344160048544,14,11,2.216
2309,-5.426792420128622,12,13,2.162
2310,-16.358143251825332,11,14,2.2060000000000004
2311,3.4650156719278424,13,12,2.296
2312,-6.306372379087221,12,13,2.2700000000000005
2313,4.459130112123379,13,12,2.264
2314,-6.380989076679203,12,13,2.19
2315,3.005065506772519,13,12,2.2339999999999995
2316,4.579126233519011,13,12,2.216
2317,-15.489211330453422,11,14,2.278
2318,3.0024760709635196,13,12,2.1719999999999997
2319,-15.666687924260572,11,14,2.178
2320,-6.714640344585714,12,13,2.16
2321,-6.370013161272711,12,13,2.1719999999999997
2322,-6.628457328975883,12,13,2.0620000000000003
2323,-15.977794628098824,11,14,2.25
2324,-15.550088334364506,11,14,2.186
2325,24.892699247734697,15,10,2.26
2326,14.55881733464416,14,11,2.144
2327,3.5479033399279647,13,12,2.212
2328,4.461459404954546,13,12,2.2220000000000004
2329,-6.977281620025132,12,13,2.254
2330,-6.613906307320583,12,13,2.262
2331,5.400274110443018,13,12,2.274
2332,4.224473073083088,13,12,2.242
2333,-16.53078548278641,11,14,2.302
2334,5.464370806397557,13,12,2.146
2335,5.765233810382654,13,12,2.224
2336,-4.564167770033389,12,13,2.166
2337,4.825810789483233,13,12,2.25
2338,-5.204557138179545,12,13,2.1900000000000004
2339,5.009042967823159,13,12,2.098
2340,6.078133769719788,13,12,2.308
2341,-5.2020480627087755,12,13,2.252
2342,14.970885693398817,14,11,2.2439999999999998
2343,-34.804831265831396,9,16,2.254
2344,-5.731121442703564,12,13,2.084
2345,-4.833855959458505,12,13,2.158
2346,-4.6396154482547,12,13,2.2700000000000005
2347,14.721952808286229,14,11,2.1900000000000004
2348,4.306644174369925,13,12,2.3199999999999994
2349,24.774286573326876,15,10,2.186
2350,4.597502175236322,13,12,2.2239999999999998
2351,5.174531382537811,13,12,2.28
2352,13.717173522280065,14,11,2.2139999999999995
2353,-16.209738051664765,11,14,2.2439999999999998
2354,-15.355760138516686,11,14,2.1879999999999997
2355,-5.957600418963009,12,13,2.192
2356,4.197508770229071,13,12,2.3259999999999996
2357,4.456667479099803,13,12,2.25
2358,-16.066662907986686,11,14,2.2
2359,-16.650518902934174,11,14,2.23
2360,-16.62682082447867,11,14,2.162
2361,-5.657321058429908,12,13,2.336
2362,3.7643541122119393,13,12,2.1920000000000006
2363,3.1764180458758116,13,12,2.1960000000000006
2364,4.104801613704451,13,12,2.216
2365,-4.674091359242432,12,13,2.238
2366,-26.285912419602177,10,15,2.274
2367,-17.11166364791713,11,14,2.154
2368,3.7958861872119165,13,12,2.2060000000000004
2369,-15.062052284987477,11,14,2.152
2370,-16.349380255497902,11,14,2.1719999999999997
2371,3.7159590713671573,13,12,2.262
2372,-5.074096430000017,12,13,2.1300000000000003
2373,4.157941640180583,13,12,2.2199999999999998
2374,3.5686185331322253,13,12,2.244
2375,3.534380036281531,13,12,2.34
2376,-14.569931784256795,11,14,2.2239999999999998
2377,-15.868659437314165,11,14,2.094
2378,-16.706440658657108,11,14,2.2660000000000005
2379,-15.388551950351435,11,14,2.2300000000000004
2380,-5.9580444093117535,12,13,2.1960000000000006
2381,3.7938181013212393,13,12,2.188
2382,-6.506034576542015,12,13,2.25
2383,3.171938393989519,13,12,2.2640000000000002
2384,4.0865048399620285,13,12,2.226
2385,-16.321090034574443,11,14,2.206
2386,4.402007359461267,13,12,2.248
2387,13.670007473455586,14,11,2.1159999999999997
2388,-16.227404727025846,11,14,2.26
2389,-16.83742765565193,11,14,2.248
2390,-6.206054503591067,12,13,2.186
2391,-16.211327917163253,11,14,2.192
2392,-14.986126466810376,11,14,2.186
2393,-6.574815794975022,12,13,2.1500000000000004
2394,-15.734018806262185,11,14,2.23
2395,-16.64002668269019,11,14,2.2399999999999998
2396,13.13662092073773,14,11,2.12
2397,-26.275501288389588,10,15,2.2760000000000002
2398,14.794185742673644,14,11,2.2560000000000002
2399,-15.54321962593142,11,14,2.2119999999999997
2400,4.82454266288568,13,12,2.258
2401,14.406907121340938,14,11,2.178
2402,-17.19130850585725,11,14,2.2039999999999997
2403,4.673093440683319,13,12,2.258
2404,4.2529235000558945,13,12,2.1780000000000004
2405,-6.597503985699499,12,13,2.214
2406,14.085683325090118,14,11,2.2540000000000004
2407,-5.985587675831728,12,13,2.3120000000000003
2408,-18.000056436554893,11,14,2.148
2409,-5.518764659404226,12,13,2.19
2410,-5.989343428628354,12,13,2.23
2411,-17.22807827333141,11,14,2.21
2412,-6.435130108726627,12,13,2.374
2413,-6.679373377912498,12,13,2.178
2414,-7.399322457237908,12,13,2.1460000000000004
2415,3.665184968160739,13,12,2.1700000000000004
2416,3.3987254067219057,13,12,2.196
2417,-26.821012179800782,10,15,2.266
2418,4.210973390481628,13,12,2.182
2419,12.6043683091266,14,11,2.15
2420,2.922313601367719,13,12,2.252
2421,-5.9404876024726585,12,13,2.2199999999999998
2422,-15.593363225750576,11,14,2.298
2423,-6.398266449129223,12,13,2.28
2424,-16.009730026038593,11,14,2.216
2425,-7.4064812656995525,12,13,2.2600000000000002
2426,-6.738931055152886,12,13,2.288
2427,-26.321507102671987,10,15,2.2760000000000002
2428,3.7117528350990328,13,12,2.254
2429,4.80376837345103,13,12,2.2
2430,4.041808852365749,13,12,2.314
2431,-6.179906084600688,12,13,2.174
2432,-4.336351622512085,12,13,2.2479999999999998
2433,2.802853615162455,13,12,2.168
2434,-16.92619001329263,11,14,2.162
2435,3.6895284802729424,13,12,2.1580000000000004
2436,3.290539634507512,13,12,2.1700000000000004
2437,-5.780371031965103,12,13,2.262
2438,-5.321375575499875,12,13,2.2359999999999998
2439,4.149247040594898,13,12,2.194
2440,-6.230576164577279,12,13,2.2199999999999998
2441,5.412471899377412,13,12,2.136
2442,12.041056520727905,14,11,2.2459999999999996
2443,3.489346420883116,13,12,2.184
2444,4.120563577344194,13,12,2.208
2445,4.154746055612603,13,12,2.184
2446,-6.019592241964245,12,13,2.268
2447,3.9706688502992957,13,12,2.228
2448,-6.394410186601805,12,13,2.2560000000000002
2449,-15.667763482465178,11,14,2.202
2450,-6.742068582655115,12,13,2.2800000000000002
2451,-5.94044585216349,12,13,2.2200000000000006
2452,-6.686507940790433,12,13,2.1660000000000004
2453,-5.800938685944342,12,13,2.2280000000000006
2454,3.9397244584907174,13,12,2.1919999999999997
2455,-6.427802316035912,12,13,2.2760000000000002
2456,2.2168017367687654,13,12,2.184
2457,-36.00669886997616,9,16,2.09
2458,2.232852666355095,13,12,2.2199999999999998
2459,3.079014220291371,13,12,2.164
2460,3.4722275995806147,13,12,2.2140000000000004
2461,3.088912084613381,13,12,2.294
2462,-25.731385778023053,10,15,2.138
2463,12.62940705032431,14,11,2.2199999999999998
2464,3.223086470865436,13,12,2.28
2465,-7.245860742531293,12,13,2.196
2466,-6.025091078709062,12,13,2.226
2467,-7.071575947801502,12,13,2.358
2468,13.710024572567015,14,11,2.222
2469,13.787325736887343,14,11,2.228
2470,3.3693057842891836,13,12,2.262
2471,4.441484737954614,13,12,2.2220000000000004
2472,4.1392722733300005,13,12,2.1879999999999997
2473,-16.01235180936001,11,14,2.25
2474,-36.20409520355834,9,16,2.246
2475,3.746181729242881,13,12,2.134
2476,-26.17054355062914,10,15,2.2020000000000004
2477,-6.669732851835375,12,13,2.248
2478,-5.818871875843687,12,13,2.262
2479,-16.4527410340769,11,14,2.1979999999999995
2480,-16.784544593579398,11,14,2.246
2481,4.752093367917363,13,12,2.154
2482,-4.546251478949332,12,13,2.2060000000000004
2483,-5.930960411268826,12,13,2.254
2484,-15.999593150529243,11,14,2.2939999999999996
2485,14.699795791567475,14,11,2.2960000000000003
2486,-16.190666510298563,11,14,2.322
2487,4.133585748049023,13,12,2.218
2488,-16.200961457783908,11,14,2.214
2489,4.096169187077232,13,12,2.2380000000000004
2490,-15.463167172928054,11,14,2.1900000000000004
2491,-5.009980468174096,12,13,2.1439999999999997
2492,13.275910075518908,14,11,2.1860000000000004
2493,-15.922040313019663,11,14,2.2039999999999997
2494,-5.403786029866392,12,13,2.152
2495,-5.992271152205472,12,13,2.172
2496,3.426118287126709,13,12,2.28
2497,-5.554906432620152,12,13,2.336
2498,4.170803347686599,13,12,2.1780000000000004
2499,4.846963321977683,13,12,2.254
2500,-5.500859475372391,12,13,2.194
2501,-15.127178237739876,11,14,2.298
2502,-6.374818916635747,12,13,2.232
2503,-26.668563283531796,10,15,2.148
2504,-26.03190962147621,10,15,2.158
2505,5.121570775125614,13,12,2.214
2506,-6.779316697167584,12,13,2.2039999999999997
2507,-7.013678934425573,12,13,2.21
2508,-16.99417083292959,11,14,2.2860000000000005
2509,-17.226191774980897,11,14,2.2359999999999998
2510,3.3323946341330632,13,12,2.21
2511,-6.402132974401987,12,13,2.178
2512,-6.171705964777495,12,13,2.274
2513,-26.533401374857878,10,15,2.208
2514,-16.290360415441622,11,14,2.2640000000000002
2515,-6.512843876008461,12,13,2.1860000000000004
2516,-16.19812255300891,11,14,2.1660000000000004
2517,-16.69947401796866,11,14,2.27
2518,3.790429137721393,13,12,2.216
2519,-5.417112737911987,12,13,2.2239999999999998
2520,-27.07077604038426,10,15,2.18
2521,-16.146566650385232,11,14,2.2980000000000005
2522,-6.357793319570931,12,13,2.146
2523,-5.864382019167612,12,13,2.2359999999999998
2524,-6.067316388092461,12,13,2.1559999999999997
2525,4.218881237675583,13,12,2.2720000000000002
2526,-15.76856831038685,11,14,2.2239999999999993
2527,3.9558324014860347,13,12,2.2660000000000005
2528,4.811313251368327,13,12,2.22
2529,-7.051440911159267,12,13,2.1499999999999995
2530,3.648015278440182,13,12,2.186
2531,3.7988807307364922,13,12,2.1660000000000004
2532,4.48449745362571,13,12,2.186
2533,-6.890619477083224,12,13,2.214
2534,-6.696339714859107,12,13,2.1959999999999997
2535,-17.07663746631135,11,14,2.276
2536,-15.790178076632134,11,14,2.2440000000000007
2537,-25.59759659479115,10,15,2.23
2538,-6.483765913669641,12,13,2.1879999999999997
2539,-15.173017950412394,11,14,2.2720000000000007
2540,-6.474789935327456,12,13,2.2139999999999995
2541,-26.139469890872775,10,15,2.1340000000000003
2542,4.196085011584417,13,12,2.2420000000000004
2543,-27.13222700319103,10,15,2.196
2544,-26.69150778626804,10,15,2.2619999999999996
2545,-16.03158472844668,11,14,2.262
2546,-15.031122397129074,11,14,2.2479999999999998
2547,-15.640345129195186,11,14,2.198
2548,4.680298583646245,13,12,2.2399999999999998
2549,-14.704133310984941,11,14,2.2600000000000002
2550,-5.57003608932843,12,13,2.1699999999999995
2551,-25.98858499679819,10,15,2.214
2552,-5.201913926153184,12,13,2.228
2553,5.25238689699551,13,12,2.19
2554,-4.704696492432958,12,13,2.168
2555,-16.477447658943966,11,14,2.182
2556,-15.991600826188087,11,14,2.212
2557,-25.711505733781667,10,15,2.2359999999999998
2558,-15.235123069995211,11,14,2.268
2559,-5.297312107413062,12,13,2.2439999999999998
2560,-6.618536433492079,12,13,2.166
2561,4.4423016639912,13,12,2.216
2562,-15.367709734240346,11,14,2.1980000000000004
2563,6.946604502127009,13,12,2.2560000000000002
2564,5.847946339144961,13,12,2.21
2565,-5.3095120885721965,12,13,2.2359999999999998
2566,-15.971612323888838,11,14,2.282
2567,4.18019731449235,13,12,2.2479999999999998
2568,3.867023430779236,13,12,2.3339999999999996
2569,-25.154266842590854,10,15,2.2
2570,-35.871226653550686,9,16,2.242
2571,-16.6750957796298,11,14,2.178
2572,-16.618682480794554,11,14,2.152
2573,4.622637221614089,13,12,2.2800000000000002
2574,-16.155152005510736,11,14,2.316
2575,-25.799700955833536,10,15,2.226
2576,14.268109914862077,14,11,2.246
2577,4.895542987024456,13,12,2.2
2578,4.325351224339176,13,12,2.2960000000000003
2579,5.360702086579483,13,12,2.284
2580,-15.95862710687105,11,14,2.2260000000000004
2581,-15.353511549011248,11,14,2.2019999999999995
2582,13.734206087908982,14,11,2.2279999999999998
2583,-5.258386819024621,12,13,2.2640000000000002
2584,5.33524327101728,13,12,2.162
2585,-25.522579819619764,10,15,2.118
2586,-5.546685648951543,12,13,2.2779999999999996
2587,-24.699812911707635,10,15,2.1879999999999997
2588,-16.172297995993077,11,14,2.194
2589,-16.41789352284625,11,14,2.196
2590,-5.372909029048284,12,13,2.1639999999999997
2591,14.210626239514905,14,11,2.2079999999999997
2592,-5.673274244258483,12,13,2.23
2593,-15.18660194845113,11,14,2.252
2594,-14.81135515730574,11,14,2.1860000000000004
2595,-5.644881905708535,12,13,2.21
2596,-25.877917450930738,10,15,2.192
2597,-15.80950135951888,11,14,2.254
2598,4.619954425642293,13,12,2.186
2599,-16.596573097632287,11,14,2.2119999999999997
2600,-14.359051574205301,11,14,2.276
2601,-5.232588434280981,12,13,2.2520000000000002
2602,-6.1463997036975915,12,13,2.2199999999999998
2603,-24.670267534476604,10,15,2.17
2604,-5.84052184660961,12,13,2.208
2605,-14.927656174120209,11,14,2.318
2606,4.756354787160582,13,12,2.232
2607,4.119846973935011,13,12,2.322
2608,-5.960425276486326,12,13,2.248
2609,-15.857942438729047,11,14,2.208
2610,-15.826362470696454,11,14,2.134
2611,-5.5702053211204765,12,13,2.258
2612,3.6912262457392435,13,12,2.1439999999999997
2613,-5.157883821476348,12,13,2.182
2614,-15.855069435866216,11,14,2.1719999999999997
2615,-15.591645892273903,11,14,2.17
2616,-6.503402383233159,12,13,2.1340000000000003
2617,4.521135062433612,13,12,2.254
2618,-24.83214237369748,10,15,2.3059999999999996
2619,-14.601248873187037,11,14,2.242
2620,-5.762542058093198,12,13,2.198
2621,5.0277626878610455,13,12,2.2019999999999995
2622,-5.783321940042127,12,13,2.2659999999999996
2623,4.678164083527774,13,12,2.234
2624,-15.538459966582957,11,14,2.1660000000000004
2625,15.174260082882668,14,11,2.2479999999999998
2626,-14.909777696136551,11,14,2.214
2627,-16.44783379073742,11,14,2.234
2628,-15.155375918215015,11,14,2.25
2629,-6.447686420692236,12,13,2.228
2630,3.4891037887606364,13,12,2.272
2631,4.462887525885921,13,12,2.202
2632,-6.461787385218283,12,13,2.2439999999999998
2633,-6.005140280547884,12,13,2.194
2634,-15.582484297734808,11,14,2.1399999999999997
2635,-5.501814670562258,12,13,2.148
2636,-15.390288393844305,11,14,2.104
2637,-15.10158066053536,11,14,2.2199999999999998
2638,-5.2320924746368025,12,13,2.316
2639,-4.97168127456695,12,13,2.3299999999999996
2640,15.00969880409372,14,11,2.2880000000000003
2641,-25.177136482732962,10,15,2.234
2642,-5.620892713676808,12,13,2.2020000000000004
2643,-4.986525964744779,12,13,2.212
2644,4.757503722079304,13,12,2.3
2645,-4.55517077612072,12,13,2.206
2646,-16.267455222739123,11,14,2.248
2647,-14.95059720168847,11,14,2.2779999999999996
2648,-5.324991499846743,12,13,2.276
2649,-5.010163509781506,12,13,2.284
2650,-26.014816615167597,10,15,2.222
2651,-5.871056989401619,12,13,2.1020000000000003
2652,14.966520268211902,14,11,2.194
2653,-17.17726718530345,11,14,2.1420000000000003
2654,-26.681557586679,10,15,2.2199999999999998
2655,-15.491264222052276,11,14,2.168
2656,-15.999783873475,11,14,2.23
2657,-25.825775408917274,10,15,2.242
2658,3.5675691525690425,13,12,2.25
2659,2.9641138696805447,13,12,2.1320000000000006
2660,4.03699164262291,13,12,2.308
2661,3.9444993713870176,13,12,2.162
2662,-26.723023575615017,10,15,2.2060000000000004
2663,-35.62278896767688,9,16,2.226
2664,-16.026237574086984,11,14,2.348
2665,-15.227245154714506,11,14,2.1020000000000003
2666,-5.9911319424097655,12,13,2.248
2667,-5.3957989100696455,12,13,2.146
2668,-4.773984579890524,12,13,2.306
2669,-6.141677391195406,12,13,2.25
2670,4.566121353066128,13,12,2.1839999999999997
2671,-25.995785152419728,10,15,2.1780000000000004
2672,13.194088497570439,14,11,2.162
2673,-5.91757255819954,12,13,2.29
2674,5.488951258607857,13,12,2.3299999999999996
2675,3.969962130128504,13,12,2.1700000000000004
2676,-17.2067200673369,11,14,2.196
2677,4.0660529794123,13,12,2.1559999999999997
2678,-15.802370919541517,11,14,2.1879999999999997
2679,-16.89193002149215,11,14,2.312
2680,13.450483781908591,14,11,2.2459999999999996
2681,4.518930029167929,13,12,2.168
2682,-5.774372103970894,12,13,2.1740000000000004
2683,5.000652397436396,13,12,2.1759999999999997
2684,14.76883521756437,14,11,2.178
2685,-15.420263899546333,11,14,2.216
2686,-16.091467788915484,11,14,2.1540000000000004
2687,4.103998452310679,13,12,2.21
2688,3.4110261401610096,13,12,2.194
2689,3.6488160900803086,13,12,2.212
2690,3.491645347955119,13,12,2.338
2691,-6.463942209264136,12,13,2.274
2692,-16.678459058277646,11,14,2.158
2693,3.8998157653927437,13,12,2.136
2694,-15.884972073198274,11,14,2.3000000000000003
2695,-15.737790425759599,11,14,2.2199999999999998
2696,-5.85714371800918,12,13,2.338
2697,-5.969478872277073,12,13,2.252
2698,-26.241674083552205,10,15,2.3
2699,-16.596807143515445,11,14,2.2139999999999995
2700,-6.646865412600571,12,13,2.286
2701,13.380953605160407,14,11,2.1900000000000004
2702,-17.145225641237545,11,14,2.2600000000000002
2703,-25.085058980481477,10,15,2.244
2704,3.882629137673364,13,12,2.248
2705,-16.598896542967683,11,14,2.2079999999999997
2706,-16.343555193560764,11,14,2.2039999999999997
2707,2.16008116801153,13,12,2.186
2708,-16.818106842250796,11,14,2.172
2709,3.991481837075481,13,12,2.2560000000000002
2710,3.5312627561952845,13,12,2.242
2711,-26.311269360905214,10,15,2.218
2712,13.58474893411217,14,11,2.2039999999999997
2713,-6.350225308505863,12,13,2.218
2714,-26.862515608518247,10,15,2.196
2715,12.94229111307873,14,11,2.154
2716,-6.445207168797422,12,13,2.29
2717,14.510453143654155,14,11,2.304
2718,-16.72842113927664,11,14,2.1999999999999997
2719,13.905620962595677,14,11,2.258
2720,4.661774016825198,13,12,2.16
2721,4.06252690479376,13,12,2.2479999999999998
2722,3.0080538140506485,13,12,2.1820000000000004
2723,-16.905595445072116,11,14,2.146
2724,-16.798625130444833,11,14,2.242
2725,3.628900337148925,13,12,2.316
2726,3.884817506924728,13,12,2.244
2727,-5.879431724185331,12,13,2.2
2728,-7.6130782088057645,12,13,2.176
2729,3.659007119483167,13,12,2.264
2730,-4.813447107204707,12,13,2.266
2731,-17.426505366876516,11,14,2.2279999999999998
2732,24.05783007500639,15,10,2.148
2733,3.2028460265609153,13,12,2.196
2734,4.411521224723833,13,12,2.2960000000000003
2735,-15.100493714533672,11,14,2.1719999999999997
2736,-6.274841295019357,12,13,2.238
2737,-16.577274904824804,11,14,2.256
2738,-6.780493189524549,12,13,2.228
2739,4.061942445945237,13,12,2.2660000000000005
2740,-5.839069087622187,12,13,2.2
2741,-5.607947758987143,12,13,2.1580000000000004
2742,3.749047422257723,13,12,2.33
2743,14.630800550653674,14,11,2.1540000000000004
2744,3.6624465715816754,13,12,2.216
2745,4.529832478530507,13,12,2.194
2746,12.802099476706832,14,11,2.114
2747,3.5026753822456325,13,12,2.3240000000000003
2748,3.4557600051280746,13,12,2.222
2749,-15.870656491393275,11,14,2.1900000000000004
2750,13.558249881142372,14,11,2.0780000000000003
2751,3.295637652492515,13,12,2.282
2752,13.513178411561144,14,11,2.25
2753,4.118406301028697,13,12,2.12
2754,-6.075980299159979,12,13,2.21
2755,2.6868059335016143,13,12,2.2800000000000002
2756,4.961868505581482,13,12,2.19
2757,14.378731207462117,14,11,2.194
2758,3.1914796673707535,13,12,2.1879999999999997
2759,-7.663119529290626,12,13,2.15
2760,13.391704785584274,14,11,2.248
2761,23.174629740702528,15,10,2.2560000000000002
2762,-17.208450985501052,11,14,2.2600000000000002
2763,13.9334471058569,14,11,2.2340000000000004
2764,-15.53381304902736,11,14,2.3459999999999996
2765,4.181479072445422,13,12,2.26
2766,-6.394843105522252,12,13,2.2319999999999998
2767,-15.754771630688747,11,14,2.23
2768,14.390068452497777,14,11,2.26
2769,-7.268253230416791,12,13,2.272
2770,3.33940709440399,13,12,2.176
2771,3.370717455704913,13,12,2.168
2772,3.562962236939106,13,12,2.2939999999999996
2773,-6.864080964855579,12,13,2.324
2774,12.884478483108758,14,11,2.228
2775,4.195665714117171,13,12,2.272
2776,14.123444923667233,14,11,2.27
2777,-5.528835642013983,12,13,2.26
2778,-6.345989491696363,12,13,2.238
2779,-6.315106456679705,12,13,2.186
2780,13.67486919042026,14,11,2.2640000000000002
2781,3.4874920795245448,13,12,2.1919999999999997
2782,4.390229825866816,13,12,2.258
2783,23.9721904493091,15,10,2.2619999999999996
2784,3.0132198910623806,13,12,2.216
2785,-5.3626251171676795,12,13,2.156
2786,13.812047378304406,14,11,2.18
2787,-6.366267605437134,12,13,2.29
2788,24.523159876291686,15,10,2.2
2789,14.006326858657921,14,11,2.306
2790,-26.040916070462554,10,15,2.202
2791,3.0644831922672804,13,12,2.146
2792,13.839483011704324,14,11,2.1020000000000003
2793,12.673653656161548,14,11,2.184
2794,3.744418279185033,13,12,2.18
2795,2.5968617049042857,13,12,2.146
2796,-16.54698978480334,11,14,2.2119999999999997
2797,12.849736681793189,14,11,2.2700000000000005
2798,3.4119636065323107,13,12,2.148
2799,4.669153541157656,13,12,2.132
2800,-16.001550296090066,11,14,2.274
2801,14.099846526337885,14,11,2.174
2802,4.562988219939033,13,12,2.2379999999999995
2803,3.191901349258727,13,12,2.2720000000000002
2804,-17.149335097505045,11,14,2.1580000000000004
2805,-6.345439393826442,12,13,2.242
2806,4.156188363472009,13,12,2.216
2807,24.635853281643065,15,10,2.228
2808,4.047982542714404,13,12,2.284
2809,13.960095341881651,14,11,2.2060000000000004
2810,23.74921475985646,15,10,2.206
2811,-5.56390808841126,12,13,2.196
2812,4.073237689682295,13,12,2.2299999999999995
2813,3.6427039918286686,13,12,2.11
2814,14.513055941005982,14,11,2.316
2815,3.2632118578650227,13,12,2.2180000000000004
2816,-7.058230339102087,12,13,2.256
2817,-26.649109758128002,10,15,2.262
2818,-6.242199336565461,12,13,2.244
2819,14.131759161694957,14,11,2.268
2820,-17.855196382726632,11,14,2.1820000000000004
2821,-16.022167916126346,11,14,2.2779999999999996
2822,5.3358273206554445,13,12,2.194
2823,-16.41091304225546,11,14,2.2299999999999995
2824,12.75098415637034,14,11,2.2260000000000004
2825,-4.967965375884678,12,13,2.1979999999999995
2826,-16.579664419283812,11,14,2.162
2827,4.2415355483565165,13,12,2.216
2828,2.9141283680419114,13,12,2.1180000000000003
2829,13.412193513824239,14,11,2.2279999999999998
2830,4.051637900162262,13,12,2.2880000000000003
2831,13.753836571452041,14,11,2.1100000000000003
2832,-6.252475549179219,12,13,2.2479999999999998
2833,-5.902662362345082,12,13,2.2359999999999998
2834,-16.256183999222117,11,14,2.31
2835,14.34239666474841,14,11,2.24
2836,-7.1558259469242484,12,13,2.2299999999999995
2837,4.527733225973418,13,12,2.3420000000000005
2838,-35.721101341936844,9,16,2.228
2839,3.6470260156787884,13,12,2.2819999999999996
2840,-6.1667253406570985,12,13,2.1779999999999995
2841,3.4839726670431883,13,12,2.2439999999999998
2842,-15.977487317713482,11,14,2.278
2843,-4.985385440610223,12,13,2.1439999999999997
2844,-5.792324184087315,12,13,2.266
2845,-5.430761748225305,12,13,2.2560000000000002
2846,3.8408443565707566,13,12,2.234
2847,-27.272787545258,10,15,2.26
2848,-16.92576598913439,11,14,2.346
2849,3.3875041342564227,13,12,2.258
2850,3.8439890132210834,13,12,2.194
2851,14.324548418044227,14,11,2.322
2852,-16.730526050788963,11,14,2.184
2853,-15.909112687824848,11,14,2.1979999999999995
2854,14.539425422697132,14,11,2.258
2855,-26.451645891337108,10,15,2.212
2856,13.959311287857691,14,11,2.258
2857,-5.077317586779934,12,13,2.194
2858,24.51872733981853,15,10,2.252
2859,-6.248262180171517,12,13,2.1380000000000003
2860,4.38790952435122,13,12,2.2020000000000004
2861,13.321647639236048,14,11,2.216
2862,3.8207163898118504,13,12,2.272
2863,14.097787804274278,14,11,2.21
2864,3.0973258343872163,13,12,2.1760000000000006
2865,13.85640328107908,14,11,2.2
2866,5.111371384421874,13,12,2.2119999999999997
2867,3.7835692125891587,13,12,2.2139999999999995
2868,3.834278156789188,13,12,2.2
2869,4.503563356364584,13,12,2.16
2870,-15.851406508330413,11,14,2.278
2871,3.839335913122868,13,12,2.2619999999999996
2872,4.3008736883481555,13,12,2.2560000000000002
2873,-6.0044970337696935,12,13,2.184
2874,13.96919647666638,14,11,2.1079999999999997
2875,-7.239215829607531,12,13,2.2399999999999998
2876,-6.151364882792519,12,13,2.2439999999999998
2877,14.418840491736688,14,11,2.2039999999999997
2878,15.11856011917781,14,11,2.222
2879,4.15150406866995,13,12,2.338
2880,-5.549362309453188,12,13,2.126
2881,-16.87437118179609,11,14,2.252
2882,4.873142184560043,13,12,2.208
2883,-6.607938469771306,12,13,2.2239999999999998
2884,-17.146011116095877,11,14,2.126
2885,13.016136242929267,14,11,2.242
2886,14.203164825747209,14,11,2.2559999999999993
2887,3.4479081072279207,13,12,2.094
2888,14.530802805062171,14,11,2.2119999999999997
2889,23.872613356878276,15,10,2.1860000000000004
2890,-5.748839487812958,12,13,2.234
2891,14.705437908007257,14,11,2.1540000000000004
2892,24.09982730595062,15,10,2.2119999999999997
2893,-15.389913523090286,11,14,2.1460000000000004
2894,-6.3025361428110624,12,13,2.274
2895,13.99460681597171,14,11,2.232
2896,24.467119722164785,15,10,2.254
2897,13.302886183633305,14,11,2.3200000000000003
2898,4.3557059644904745,13,12,2.214
2899,4.749295385137554,13,12,2.29
2900,14.256229020874077,14,11,2.2640000000000002
2901,4.851511047790024,13,12,2.1860000000000004
2902,4.323193554874579,13,12,2.2600000000000002
2903,-16.149022580352955,11,14,2.19
2904,-5.525745877889062,12,13,2.2
2905,-15.980215466648183,11,14,2.162
2906,14.207727687797187,14,11,2.32
2907,-6.685309017836318,12,13,2.1800000000000006
2908,4.697892963122084,13,12,2.25
2909,14.90607021102011,14,11,2.162
2910,5.173133537138208,13,12,2.218
2911,-15.714602024348576,11,14,2.322
2912,13.634461268327115,14,11,2.1500000000000004
2913,-5.348243017690953,12,13,2.228
2914,-17.289493772612957,11,14,2.118
2915,13.194438468118934,14,11,2.2159999999999997
2916,4.377166069638963,13,12,2.204
2917,-16.389608458158037,11,14,2.2979999999999996
2918,14.236434553395311,14,11,2.214
2919,4.674223108016083,13,12,2.168
2920,3.9618536568730613,13,12,2.1719999999999997
2921,-5.264604039132111,12,13,2.2680000000000002
2922,14.104249191842058,14,11,2.242
2923,-4.755425265553002,12,13,2.274
2924,3.575538874896182,13,12,2.17
2925,-5.7326687268553425,12,13,2.2199999999999998
2926,4.115492937963502,13,12,2.178
2927,-6.361516712437266,12,13,2.304
2928,13.703107530991163,14,11,2.19
2929,-16.07071691241613,11,14,2.192
2930,-16.945774284646753,11,14,2.2039999999999997
2931,-6.2418785136929795,12,13,2.244
2932,23.22438661319264,15,10,2.256
2933,-16.279964485194355,11,14,2.204
2934,3.9885343518528,13,12,2.286
2935,3.7639097724342374,13,12,2.144
2936,-6.114162543893995,12,13,2.232
2937,14.029462349709588,14,11,2.2439999999999998
2938,2.9491046276406943,13,12,2.168
2939,3.400854330154793,13,12,2.206
2940,3.3341929687068825,13,12,2.2439999999999998
2941,-5.929472559559028,12,13,2.274
2942,-6.217576587191116,12,13,2.3600000000000003
2943,24.711173092783397,15,10,2.1719999999999997
2944,3.108669242878785,13,12,2.216
2945,-6.381485240766647,12,13,2.22
2946,14.53762640202978,14,11,2.23
2947,4.538992611591617,13,12,2.2439999999999993
2948,4.036156373536513,13,12,2.278
2949,13.154871160939257,14,11,2.2
2950,23.531306604708828,15,10,2.274
2951,2.3124115421991336,13,12,2.2120000000000006
2952,13.7113883618796,14,11,2.2779999999999996
2953,13.538193319388535,14,11,2.314
2954,3.7953598802651207,13,12,2.252
2955,13.098092603553276,14,11,2.226
2956,22.816424795901177,15,10,2.2560000000000002
2957,4.0093060017398585,13,12,2.192
2958,13.299512427019241,14,11,2.182
2959,13.076268413865883,14,11,2.1959999999999997
2960,3.128329004343048,13,12,2.354
2961,13.715334192270891,14,11,2.208
2962,4.813478189060603,13,12,2.266
2963,13.478580649391944,14,11,2.242
2964,13.214153944305925,14,11,2.282
2965,13.633504909174805,14,11,2.16
2966,12.895971758620446,14,11,2.27
2967,14.062765258593256,14,11,2.188
2968,4.070979345488237,13,12,2.2
2969,24.23515234761255,15,10,2.126
2970,23.806122084525914,15,10,2.226
2971,4.500031699440323,13,12,2.298
2972,14.316703439669869,14,11,2.166
2973,2.8894163005028433,13,12,2.21
2974,4.367984810036556,13,12,2.256
2975,-16.39203097539093,11,14,2.2139999999999995
2976,14.513093568340835,14,11,2.2640000000000002
2977,3.1851646801603257,13,12,2.2540000000000004
2978,4.738142335731651,13,12,2.168
2979,-16.84508652829597,11,14,2.2060000000000004
2980,13.292417466638135,14,11,2.166
2981,23.3430988330653,15,10,2.184
2982,23.188852469828145,15,10,2.2279999999999998
2983,24.024552587034936,15,10,2.232
2984,13.366239068174748,14,11,2.226
2985,13.46747118380838,14,11,2.2379999999999995
2986,23.881436503520426,15,10,2.2439999999999993
2987,14.41400397806681,14,11,2.1700000000000004
2988,13.883271299116657,14,11,2.1980000000000004
2989,3.943199072317139,13,12,2.342
2990,2.3758892755042407,13,12,2.224
2991,13.217014615373587,14,11,2.2920000000000003
2992,13.649960147669237,14,11,2.2479999999999998
2993,13.633533875946654,14,11,2.304
2994,14.260579987608892,14,11,2.258
2995,4.239687019632491,13,12,2.236
2996,14.634905630715245,14,11,2.176
2997,-6.574685116409373,12,13,2.254
2998,2.76691434066219,13,12,2.3139999999999996
2999,2.8878391294064727,13,12,2.1380000000000003
3000,24.353903483693404,15,10,2.278
3001,-5.830032668021042,12,13,2.184
3002,2.556263707912339,13,12,2.2399999999999998
3003,-6.6917598387214134,12,13,2.196
3004,3.4911883593114723,13,12,2.1839999999999997
3005,12.428074999966045,14,11,2.2079999999999993
3006,3.08775295166016,13,12,2.166
3007,14.637436507305184,14,11,2.2120000000000006
3008,24.24622642300915,15,10,2.146
3009,5.356335258410901,13,12,2.274
3010,4.538828664472985,13,12,2.2380000000000004
3011,23.156153377901937,15,10,2.338
3012,22.649423497137832,15,10,2.31
3013,3.4196134199051595,13,12,2.212
3014,3.316769629615239,13,12,2.164
3015,3.816152200779861,13,12,2.224
3016,14.149159689261676,14,11,2.178
3017,14.262236569114854,14,11,2.21
3018,5.321448339128797,13,12,2.3
3019,3.8864081635214816,13,12,2.242
3020,-6.682984141390429,12,13,2.27
3021,13.237653285136801,14,11,2.1879999999999997
3022,23.677182864669128,15,10,2.206
3023,-6.947187987084828,12,13,2.308
3024,22.321558781750795,15,10,2.2
3025,13.32775256039061,14,11,2.268
3026,12.853945508836318,14,11,2.184
3027,23.263880018179385,15,10,2.276
3028,13.869587002308698,14,11,2.204
3029,3.6471819666592076,13,12,2.214
3030,4.236439965392863,13,12,2.2800000000000002
3031,3.8263795221773007,13,12,2.2440000000000007
3032,13.774812236821708,14,11,2.1700000000000004
3033,14.087529703717761,14,11,2.164
3034,34.52416491816911,16,9,2.262
3035,23.295089929341383,15,10,2.202
3036,12.770548964428222,14,11,2.2279999999999998
3037,13.879070292487622,14,11,2.2299999999999995
3038,-6.38163736199567,12,13,2.232
3039,24.433893593861825,15,10,2.178
3040,4.163319470881321,13,12,2.2020000000000004
3041,13.648744871176289,14,11,2.17
3042,23.506533508073883,15,10,2.27
3043,4.040934116409028,13,12,2.224
3044,23.69896237189707,15,10,2.2060000000000004
3045,12.717140807538675,14,11,2.212
3046,13.775199860221905,14,11,2.3
3047,33.823540523990374,16,9,2.2800000000000002
3048,14.810910764501262,14,11,2.114
3049,25.190351959078445,15,10,2.2760000000000007
3050,23.152756960098746,15,10,2.2299999999999995
3051,24.24787750261391,15,10,2.178
3052,-6.23810690292651,12,13,2.28
3053,13.457840393183353,14,11,2.3120000000000003
3054,4.309882300723551,13,12,2.1340000000000003
3055,15.277291667698995,14,11,2.228
3056,4.457374016058035,13,12,2.1819999999999995
3057,14.724824358488624,14,11,2.2460000000000004
3058,-5.575788637925298,12,13,2.208
3059,-5.696238597091601,12,13,2.162
3060,24.131392662815,15,10,2.288
3061,14.09234664359929,14,11,2.2220000000000004
3062,-5.004446760987966,12,13,2.22
3063,14.716354709267033,14,11,2.232
3064,23.539996539107293,15,10,2.142
3065,14.795732488849994,14,11,2.2119999999999997
3066,24.21046570811625,15,10,2.2920000000000003
3067,4.138899412058343,13,12,2.224
3068,4.8596520590754295,13,12,2.2
3069,24.29711070730992,15,10,2.218
3070,14.828697136154169,14,11,2.162
3071,24.436352205787486,15,10,2.198
3072,14.140433086000208,14,11,2.214
3073,25.266433007430777,15,10,2.378
3074,13.551533719475044,14,11,2.138
3075,35.21852728926583,16,9,2.2600000000000002
3076,13.414635822934597,14,11,2.2859999999999996
3077,24.149926042424603,15,10,2.2640000000000002
3078,4.414414215099564,13,12,2.082
3079,23.64313509216326,15,10,2.202
3080,14.022678872191177,14,11,2.188
3081,14.696727371059538,14,11,2.1820000000000004
3082,2.78574131136837,13,12,2.2
3083,13.508506749955398,14,11,2.1839999999999997
3084,13.818314517680921,14,11,2.212
3085,14.161275491041202,14,11,2.1800000000000006
3086,13.856086597468794,14,11,2.262
3087,24.142433839409314,15,10,2.26
3088,3.8046093496532087,13,12,2.162
3089,14.828541758208514,14,11,2.262
3090,3.6300474633856608,13,12,2.2399999999999993
3091,5.011767102257515,13,12,2.2300000000000004
3092,5.070380608345742,13,12,2.2719999999999994
3093,23.23293805647609,15,10,2.152
3094,3.4314881734696385,13,12,2.21
3095,13.521303555778447,14,11,2.278
3096,23.636636989727,15,10,2.18
3097,3.163886013463575,13,12,2.128
3098,-6.680314709734471,12,13,2.202
3099,14.280639341333387,14,11,2.1979999999999995
3100,4.087545316743332,13,12,2.2619999999999996
3101,3.1766307873703123,13,12,2.150000000000001
3102,24.0116883252927,15,10,2.15
3103,3.658269188110765,13,12,2.216
3104,3.3619317684287573,13,12,2.11
3105,-7.369006184735449,12,13,2.25
3106,2.298336093604039,13,12,2.2880000000000003
3107,14.497498203994647,14,11,2.274
3108,13.181882871349929,14,11,2.1959999999999997
3109,-16.404887226302126,11,14,2.228
3110,13.375067209625065,14,11,2.198
3111,3.518766659830348,13,12,2.252
3112,14.166910470450311,14,11,2.324
3113,13.758742390749942,14,11,2.272
3114,3.374051038187008,13,12,2.272
3115,3.6195085845726003,13,12,2.3
3116,14.521801407694369,14,11,2.2980000000000005
3117,14.814859820751371,14,11,2.2
3118,14.28962699810947,14,11,2.1940000000000004
3119,-6.29138017626647,12,13,2.2340000000000004
3120,14.307779755796727,14,11,2.3179999999999996
3121,3.8312156100022614,13,12,2.162
3122,14.734906463178374,14,11,2.2399999999999998
3123,13.319584357024016,14,11,2.1819999999999995
3124,3.1583490805244887,13,12,2.224
3125,13.762597727607023,14,11,2.226
3126,13.949240304559826,14,11,2.2279999999999998
3127,14.472414009700675,14,11,2.304
3128,4.467240600961922,13,12,2.196
3129,3.4997382185151373,13,12,2.2779999999999996
3130,33.58629557891941,16,9,2.166
3131,14.737492558880474,14,11,2.168
3132,13.420024941793553,14,11,2.122
3133,14.710460198456285,14,11,2.2819999999999996
3134,12.93449105078526,14,11,2.2600000000000002
3135,13.068004594942911,14,11,2.206
3136,12.806532241410025,14,11,2.2199999999999998
3137,12.66810757107157,14,11,2.352
3138,3.0907543899646015,13,12,2.218
3139,-6.77090277867156,12,13,2.226
3140,14.172627888706828,14,11,2.2279999999999998
3141,13.9414015729583,14,11,2.21
3142,3.1401762540746008,13,12,2.17
3143,3.534312312668156,13,12,2.2060000000000004
3144,3.428310530685355,13,12,2.244
3145,-5.644914730859789,12,13,2.1839999999999997
3146,-7.689764476517599,12,13,2.2120000000000006
3147,4.250818384883897,13,12,2.254
3148,3.650568339741879,13,12,2.278
3149,3.1062050835600115,13,12,2.2239999999999998
3150,2.392418789400292,13,12,2.2640000000000002
3151,2.5499276223185037,13,12,2.1800000000000006
3152,13.222808844097802,14,11,2.314
3153,-6.936366361359616,12,13,2.1420000000000003
3154,2.8846398472576222,13,12,2.298
3155,12.773811106616227,14,11,2.28
3156,2.766848484751799,13,12,2.2560000000000002
3157,13.827739369017676,14,11,2.184
3158,14.26555343162317,14,11,2.23
3159,3.753320869215445,13,12,2.186
3160,-6.776154123838813,12,13,2.1699999999999995
3161,13.435839146512084,14,11,2.164
3162,1.8430639433037523,13,12,2.1699999999999995
3163,23.470369373241933,15,10,2.2039999999999997
3164,33.69378985508567,16,9,2.186
3165,-6.6772316008696375,12,13,2.252
3166,14.93880993189208,14,11,2.3299999999999996
3167,13.21267915135095,14,11,2.244
3168,4.264465065411779,13,12,2.1600000000000006
3169,-6.612897800734181,12,13,2.278
3170,-7.351891707065905,12,13,2.272
3171,-6.132614281337565,12,13,2.234
3172,-5.898875979043737,12,13,2.206
3173,-15.326671344854596,11,14,2.232
3174,24.22937932015586,15,10,2.214
3175,13.843284257831726,14,11,2.204
3176,4.210933605371931,13,12,2.252
3177,12.806437477467055,14,11,2.3200000000000003
3178,3.2296822138229153,13,12,2.228
3179,3.0513652618425766,13,12,2.2020000000000004
3180,3.4431949853954817,13,12,2.252
3181,-5.533420043804568,12,13,2.266
3182,-16.48741432473226,11,14,2.182
3183,4.222118486252201,13,12,2.252
3184,-7.380120586251945,12,13,2.226
3185,3.743818915903521,13,12,2.238
3186,3.7284481697694654,13,12,2.232
3187,4.2496259668857235,13,12,2.206
3188,4.158530989976146,13,12,2.272
3189,2.8956477380524586,13,12,2.2399999999999998
3190,4.401953236067726,13,12,2.128
3191,3.351280623007142,13,12,2.168
3192,-6.397014540263612,12,13,2.242
3193,-5.40640870629527,12,13,2.1979999999999995
3194,-5.610673005488268,12,13,2.1919999999999997
3195,23.692917640250915,15,10,2.248
3196,13.990385930841123,14,11,2.2079999999999997
3197,3.3401630698684386,13,12,2.118
3198,13.74196345158727,14,11,2.2359999999999998
3199,3.191930663795567,13,12,2.2619999999999996
3200,3.460628187224593,13,12,2.164
3201,4.500079168164714,13,12,2.164
3202,-5.958646662775431,12,13,2.1500000000000004
3203,-16.596821175613183,11,14,2.29
3204,13.152552878509653,14,11,2.122
3205,12.33723882395403,14,11,2.196
3206,2.733791103329448,13,12,2.2140000000000004
3207,13.921646804229717,14,11,2.2
3208,13.25607607111357,14,11,2.184
3209,-6.787459805352805,12,13,2.216
3210,3.6341243441332054,13,12,2.1420000000000003
3211,-5.7068253953310695,12,13,2.194
3212,13.927218816589328,14,11,2.332
3213,-6.427620896944406,12,13,2.178
3214,-7.702301792765746,12,13,2.2619999999999996
3215,4.07504574075578,13,12,2.2300000000000004
3216,12.565812417730893,14,11,2.244
3217,-6.694436820581047,12,13,2.15
3218,-6.115475380297761,12,13,2.2120000000000006
3219,-7.3641770343138795,12,13,2.208
3220,-7.687473003190084,12,13,2.226
3221,-6.322944469851224,12,13,2.154
3222,12.993144830715057,14,11,2.228
3223,23.17112896921223,15,10,2.2059999999999995
3224,13.692747604114674,14,11,2.2640000000000002
3225,-6.548382849214269,12,13,2.144
3226,-6.837553427549401,12,13,2.2199999999999998
3227,3.4022660701600573,13,12,2.2139999999999995
3228,3.5849574460033757,13,12,2.14
3229,-6.4722021890375085,12,13,2.2560000000000002
3230,3.378383429296365,13,12,2.2920000000000003
3231,13.341126325752342,14,11,2.25
3232,-5.7070333360948275,12,13,2.226
3233,13.80664628383617,14,11,2.164
3234,3.7259564878025415,13,12,2.18
3235,-5.937221395503288,12,13,2.226
3236,13.393567285037038,14,11,2.2700000000000005
3237,3.5116081247651945,13,12,2.1660000000000004
3238,13.182324048010173,14,11,2.162
3239,13.73964901651397,14,11,2.244
3240,2.8617630692422775,13,12,2.2439999999999998
3241,-5.740477318706998,12,13,2.214
3242,4.174514844113312,13,12,2.262
3243,2.9409789583451778,13,12,2.1320000000000006
3244,14.207147975467523,14,11,2.266
3245,3.9738046492911163,13,12,2.258
3246,-5.449436060938514,12,13,2.2559999999999993
3247,4.028339391390323,13,12,2.2220000000000004
3248,13.463452347513611,14,11,2.168
3249,3.641234131099253,13,12,2.162
3250,3.8878594520991303,13,12,2.2659999999999996
3251,2.9335851988980215,13,12,2.1859999999999995
3252,4.689267090576328,13,12,2.202
3253,-6.091022406708183,12,13,2.232
3254,3.9569737443776853,13,12,2.2800000000000002
3255,-6.250681917138536,12,13,2.3160000000000003
3256,3.529886779885203,13,12,2.1799999999999997
3257,14.348453921857686,14,11,2.168
3258,-16.31179407356166,11,14,2.2359999999999998
3259,-5.723566472547494,12,13,2.312
3260,4.622570206421084,13,12,2.1140000000000003
3261,14.139659419849622,14,11,2.2800000000000002
3262,4.002335217881043,13,12,2.2979999999999996
3263,3.030047771764754,13,12,2.21
3264,3.8801953635663615,13,12,2.2880000000000003
3265,-16.718337126476595,11,14,2.326
3266,14.158382072055263,14,11,2.216
3267,3.807007364405444,13,12,2.1620000000000004
3268,-6.462745425103609,12,13,2.2439999999999998
3269,3.561848651532607,13,12,2.1860000000000004
3270,-16.070046080329604,11,14,2.242
3271,14.016339866076024,14,11,2.2500000000000004
3272,4.12898766890852,13,12,2.1380000000000003
3273,3.6584023618227857,13,12,2.1360000000000006
3274,3.403610274099262,13,12,2.244
3275,-6.064046954320643,12,13,2.15
3276,-6.746633843476694,12,13,2.242
3277,3.9724430441177194,13,12,2.22
3278,-6.749032582105168,12,13,2.1799999999999997
3279,4.215752320568138,13,12,2.222
3280,14.438465232337467,14,11,2.304
3281,2.845241923919575,13,12,2.286
3282,-16.47607545487299,11,14,2.2459999999999996
3283,-6.522543893203112,12,13,2.232
3284,3.2276006669427115,13,12,2.1180000000000003
3285,-6.441540531832583,12,13,2.2119999999999997
3286,13.91783169023588,14,11,2.272
3287,3.4189461160967323,13,12,2.25
3288,3.5074212774918947,13,12,2.1559999999999997
3289,23.954938635718925,15,10,2.346
3290,2.7170736845284207,13,12,2.168
3291,-6.334262523151839,12,13,2.268
3292,12.783601501238785,14,11,2.198
3293,-6.5605677179241155,12,13,2.2239999999999998
3294,2.857472907871319,13,12,2.2020000000000004
3295,-5.938833092857842,12,13,2.2399999999999998
3296,3.99566175045567,13,12,2.276
3297,13.715854847995077,14,11,2.3120000000000003
3298,4.029546015440699,13,12,2.1879999999999997
3299,4.655433598100804,13,12,2.152
3300,3.26385268220767,13,12,2.2560000000000002
3301,3.455390959194018,13,12,2.2359999999999998
3302,-5.554454633715162,12,13,2.284
3303,-6.081882455279684,12,13,2.3280000000000003
3304,3.870070118771263,13,12,2.262
3305,3.0435905859934973,13,12,2.226
3306,3.114718750689549,13,12,2.222
3307,-6.244886185286397,12,13,2.236
3308,13.847169112939213,14,11,2.202
3309,-15.81874484464179,11,14,2.318
3310,3.839052671049889,13,12,2.1700000000000004
3311,13.664800547078096,14,11,2.188
3312,2.9582801684629256,13,12,2.1719999999999997
3313,14.675281540752927,14,11,2.1260000000000003
3314,14.068711041256467,14,11,2.2359999999999998
3315,15.202650925565305,14,11,2.226
3316,3.956510092642426,13,12,2.2840000000000003
3317,4.5309363084367895,13,12,2.216
3318,23.98305880064558,15,10,2.2079999999999997
3319,4.207091661042302,13,12,2.1860000000000004
3320,14.150687814694116,14,11,2.31
3321,3.8819682957860726,13,12,2.1660000000000004
3322,-6.106037110676393,12,13,2.1659999999999995
3323,14.238847492065982,14,11,2.08
3324,13.373420483167294,14,11,2.098
3325,-6.039474225456021,12,13,2.2399999999999998
3326,24.064187673143678,15,10,2.1919999999999997
3327,-5.743176241156881,12,13,2.2640000000000002
3328,-6.515620226469281,12,13,2.258
3329,22.898738663639516,15,10,2.322
3330,-6.278696383819023,12,13,2.342
3331,3.9579579129456226,13,12,2.196
3332,13.841590222835517,14,11,2.202
3333,3.1874895531783745,13,12,2.284
3334,23.88394507109685,15,10,2.328
3335,14.191871729050863,14,11,2.2279999999999998
3336,13.969426175808708,14,11,2.276
3337,-6.742012927320744,12,13,2.278
3338,-6.016557186023918,12,13,2.2
3339,-6.254265010988596,12,13,2.246
3340,-4.813445591640101,12,13,2.312
3341,3.637219382561492,13,12,2.1879999999999997
3342,13.92940585805539,14,11,2.2800000000000002
3343,-5.764978686363573,12,13,2.2359999999999998
3344,5.254724499044419,13,12,2.2060000000000004
3345,12.967319863962281,14,11,2.1719999999999997
3346,-4.779242122754205,12,13,2.194
3347,3.46779239537282,13,12,2.268
3348,14.041459283625628,14,11,2.0840000000000005
3349,4.366097815464426,13,12,2.246
3350,4.979919877182873,13,12,2.2619999999999996
3351,3.2475884378549456,13,12,2.1599999999999997
3352,5.031036238271998,13,12,2.2
3353,4.788398968788478,13,12,2.182
3354,-6.13520390370419,12,13,2.2439999999999998
3355,3.8288175651407412,13,12,2.262
3356,4.497553551352069,13,12,2.2299999999999995
3357,14.360072116945348,14,11,2.2560000000000002
3358,4.674624395686503,13,12,2.2119999999999997
3359,23.70380386801888,15,10,2.264
3360,4.288044335026773,13,12,2.238
3361,4.155771022732528,13,12,2.182
3362,5.068595965512626,13,12,2.214
3363,4.394439207379156,13,12,2.206
3364,5.190586297598861,13,12,2.082
3365,4.983193324118806,13,12,2.1100000000000003
3366,4.989283673440524,13,12,2.184
3367,13.697775407141783,14,11,2.16
3368,-4.975032855476313,12,13,2.204
3369,4.834182009203908,13,12,2.28
3370,13.990640408096851,14,11,2.22
3371,4.262827582282437,13,12,2.302
3372,4.0360614742174565,13,12,2.268
3373,13.872564844367867,14,11,2.284
3374,13.91148171290875,14,11,2.2439999999999998
3375,13.776887909340566,14,11,2.116
3376,15.411993476746828,14,11,2.2299999999999995
3377,-5.143895899312861,12,13,2.216
3378,3.536318179967731,13,12,2.208
3379,4.200788125457983,13,12,2.154
3380,4.434219497043249,13,12,2.1260000000000003
3381,14.400725579466544,14,11,2.1339999999999995
3382,4.5067312521113445,13,12,2.1160000000000005
3383,15.085898970430792,14,11,2.23
3384,15.030038942795816,14,11,2.2700000000000005
3385,14.586935398060932,14,11,2.278
3386,23.858405931651514,15,10,2.2220000000000004
3387,-6.486398728105522,12,13,2.1480000000000006
3388,14.866569802519185,14,11,2.178
3389,13.457273943869136,14,11,2.226
3390,24.173328160093114,15,10,2.2019999999999995
3391,4.443165845511375,13,12,2.248
3392,-5.8507683421083625,12,13,2.2339999999999995
3393,14.5055273550774,14,11,2.208
3394,13.715864769392814,14,11,2.136
3395,4.280103870057445,13,12,2.338
3396,-5.26700487922658,12,13,2.174
3397,-4.822721385426911,12,13,2.1719999999999997
3398,-4.077737760928942,12,13,2.16
3399,4.379493030695459,13,12,2.2760000000000002
3400,4.23039724123832,13,12,2.1719999999999997
3401,-6.0844370914336166,12,13,2.202
3402,2.9675401843528864,13,12,2.2499999999999996
3403,3.18215928022434,13,12,2.086
3404,3.858672333812777,13,12,2.256
3405,-6.233996450591048,12,13,2.2239999999999998
3406,4.274955312548049,13,12,2.232
3407,14.532486046376953,14,11,2.22
3408,14.945072126229315,14,11,2.266
3409,14.408486721984506,14,11,2.252
3410,-5.034962864325175,12,13,2.2380000000000004
3411,14.387923730243038,14,11,2.244
3412,3.5482455676336357,13,12,2.142
3413,3.674712537774499,13,12,2.1100000000000003
3414,4.510049884764908,13,12,2.18
3415,5.291738038915334,13,12,2.184
3416,-6.288322671263008,12,13,2.322
3417,14.824926441309678,14,11,2.29
3418,3.966722356007647,13,12,2.228
3419,12.51812436315302,14,11,2.1519999999999997
3420,13.447660597217126,14,11,2.214
3421,-14.548336539080523,11,14,2.214
3422,-6.188184131776424,12,13,2.2279999999999998
3423,13.575029403183297,14,11,2.2439999999999998
3424,24.135018289859985,15,10,2.196
3425,3.637134707583824,13,12,2.2359999999999998
3426,23.941562597586817,15,10,2.2
3427,-5.036632972703222,12,13,2.224
3428,13.838271555361409,14,11,2.228
3429,4.069997424640026,13,12,2.2499999999999996
3430,4.593430626244947,13,12,2.1919999999999997
3431,14.845556970024054,14,11,2.148
3432,-5.944151779563828,12,13,2.1879999999999997
3433,14.63492460631267,14,11,2.2
3434,3.3765601252966047,13,12,2.2039999999999997
3435,13.1306911953122,14,11,2.204
3436,13.11607119644199,14,11,2.1879999999999997
3437,-6.4392639257597875,12,13,2.156
3438,13.518968530424507,14,11,2.212
3439,13.801199213755517,14,11,2.274
3440,3.4867205279080924,13,12,2.1719999999999997
3441,3.8109200573970927,13,12,2.196
3442,14.233364486368979,14,11,2.32
3443,-5.8116153415947736,12,13,2.266
3444,24.987092053976028,15,10,2.168
3445,5.009025600542728,13,12,2.3160000000000003
3446,4.8279613618934665,13,12,2.124
3447,3.3740285612990633,13,12,2.2079999999999997
3448,4.111973878051479,13,12,2.2840000000000003
3449,-6.000206320200769,12,13,2.38
3450,3.7724095492750784,13,12,2.266
3451,14.22926701667215,14,11,2.13
3452,-7.196625803396421,12,13,2.2559999999999993
3453,13.51857617512799,14,11,2.2020000000000004
3454,13.724366576790125,14,11,2.23
3455,13.355240435984518,14,11,2.1879999999999997
3456,3.5465636538006575,13,12,2.188
3457,4.584091086636816,13,12,2.218
3458,-6.023023842477301,12,13,2.2479999999999998
3459,13.128199721112116,14,11,2.218
3460,14.28497392110146,14,11,2.2619999999999996
3461,12.89821135708612,14,11,2.266
3462,13.312669845632726,14,11,2.19
3463,13.676687786560887,14,11,2.2459999999999996
3464,12.527432730427751,14,11,2.222
3465,3.6832389033179185,13,12,2.172
3466,2.7326463066872866,13,12,2.2
3467,3.6009337962546932,13,12,2.2079999999999997
3468,13.626067165195156,14,11,2.218
3469,2.814415503224593,13,12,2.2359999999999998
3470,13.459242947831495,14,11,2.208
3471,15.330222543752182,14,11,2.2960000000000003
3472,3.168854295271549,13,12,2.246
3473,4.091407899283738,13,12,2.2399999999999998
3474,-6.367236490586301,12,13,2.2020000000000004
3475,3.9262639060754854,13,12,2.2
3476,4.070984177385794,13,12,2.104
3477,14.072087306213545,14,11,2.19
3478,3.827274360869519,13,12,2.18
3479,3.729635791533523,13,12,2.1
3480,3.8515776870572456,13,12,2.318
3481,-16.256607250136405,11,14,2.194
3482,14.325588634992904,14,11,2.214
3483,3.7983460261092183,13,12,2.222
3484,13.515079749308768,14,11,2.2440000000000007
3485,13.142691929313688,14,11,2.256
3486,23.528722373404634,15,10,2.242
3487,-6.284828455874454,12,13,2.274
3488,15.519542260429258,14,11,2.254
3489,15.233061445779496,14,11,2.226
3490,4.061978547881909,13,12,2.2720000000000007
3491,13.462168934441593,14,11,2.25
3492,13.718099251297755,14,11,2.2060000000000004
3493,14.443601964956795,14,11,2.18
3494,4.821908243723609,13,12,2.21
3495,13.850071369434733,14,11,2.114
3496,14.046494548543837,14,11,2.158
3497,14.107093683518187,14,11,2.12
3498,3.5381230803575523,13,12,2.23
3499,14.893468281423168,14,11,2.2359999999999998
3500,13.621191797906366,14,11,2.234
3501,13.794436927491565,14,11,2.1900000000000004
3502,-6.157877849684541,12,13,2.1479999999999997
3503,3.1398222906289988,13,12,2.224
3504,12.552235091723874,14,11,2.246
3505,2.4919361961381554,13,12,2.182
3506,14.57582636673931,14,11,2.226
3507,-5.133172614471849,12,13,2.282
3508,13.929230696459499,14,11,2.156
3509,14.074061324931233,14,11,2.2680000000000002
3510,24.084055641730576,15,10,2.1659999999999995
3511,3.6657356919262316,13,12,2.2299999999999995
3512,26.051052224194674,15,10,2.244
3513,3.1779302042580992,13,12,2.258
3514,14.19467484695724,14,11,2.178
3515,4.729164975476409,13,12,2.21
3516,5.838979524967834,13,12,2.192
3517,24.282340680557347,15,10,2.216
3518,4.609401854912742,13,12,2.168
3519,-15.84208959654439,11,14,2.19
3520,5.209544125868616,13,12,2.21
3521,3.917223054451565,13,12,2.26
3522,5.11505877568513,13,12,2.2619999999999996
3523,4.287053865687704,13,12,2.1719999999999997
3524,5.047625426955495,13,12,2.2159999999999997
3525,3.9280420739985535,13,12,2.1260000000000003
3526,14.697256153838186,14,11,2.186
3527,14.441030845189825,14,11,2.246
3528,5.24647380318784,13,12,2.234
3529,14.228596012315585,14,11,2.238
3530,24.297609896380806,15,10,2.2560000000000002
3531,3.503717095945123,13,12,2.3020000000000005
3532,14.856643102055521,14,11,2.142
3533,4.614899683606362,13,12,2.2079999999999997
3534,13.952465403143982,14,11,2.2139999999999995
3535,13.984274166959137,14,11,2.2620000000000005
3536,4.109138064627906,13,12,2.2399999999999998
3537,14.665111352616425,14,11,2.282
3538,12.454782968545414,14,11,2.2479999999999998
3539,-7.007087185082572,12,13,2.252
3540,14.385674977148959,14,11,2.1859999999999995
3541,13.243630551116656,14,11,2.18
3542,3.7855950789144224,13,12,2.1900000000000004
3543,13.647881782539695,14,11,2.142
3544,14.38481647524997,14,11,2.184
3545,12.514723201429495,14,11,2.2380000000000004
3546,3.8280345566802136,13,12,2.282
3547,24.52523297805932,15,10,2.152
3548,13.891612566281012,14,11,2.2980000000000005
3549,4.484710128080407,13,12,2.188
3550,14.8335069038852,14,11,2.1659999999999995
3551,13.7574537078896,14,11,2.156
3552,13.886764002378465,14,11,2.2459999999999996
3553,4.554890610991665,13,12,2.308
3554,14.674061736991659,14,11,2.122
3555,13.799119090847457,14,11,2.172
3556,3.228262657091763,13,12,2.212
3557,3.2333785020042765,13,12,2.192
3558,15.101491817561142,14,11,2.206
3559,13.997038520236696,14,11,2.234
3560,23.798320458398447,15,10,2.23
3561,13.232190392989608,14,11,2.2299999999999995
3562,14.48120942707605,14,11,2.204
3563,5.1866317017853065,13,12,2.228
3564,14.682590794844913,14,11,2.232
3565,4.569467191230094,13,12,2.2760000000000002
3566,5.371723878599491,13,12,2.196
3567,4.874708664482133,13,12,2.184
3568,5.033690824429343,13,12,2.2800000000000002
3569,-6.154337051209498,12,13,2.2020000000000004
3570,4.837793550063386,13,12,2.1980000000000004
3571,-14.956231153960173,11,14,2.286
3572,14.8584455425169,14,11,2.232
3573,15.602865135324262,14,11,2.2379999999999995
3574,5.107647438930419,13,12,2.2920000000000003
3575,-4.651327512130527,12,13,2.214
3576,4.999297749735011,13,12,2.156
3577,14.521599955988485,14,11,2.286
3578,15.071342066204323,14,11,2.332
3579,15.07682358956186,14,11,2.136
3580,4.763854412627302,13,12,2.194
3581,5.182996468590447,13,12,2.246
3582,-5.90410223904032,12,13,2.054
3583,4.227959608142908,13,12,2.1620000000000004
3584,14.087051998356051,14,11,2.1160000000000005
3585,4.5958141104122445,13,12,2.2659999999999996
3586,23.559554094367694,15,10,2.258
3587,24.941892843891516,15,10,2.2359999999999998
3588,4.264410374351785,13,12,2.2880000000000003
3589,4.703452014487328,13,12,2.2859999999999996
3590,5.915170576538877,13,12,2.166
3591,14.226563143239222,14,11,2.2620000000000005
3592,13.645038641826496,14,11,2.27
3593,4.592932903572272,13,12,2.258
3594,23.45970983075609,15,10,2.198
3595,14.51115786820547,14,11,2.1540000000000004
3596,-5.671923699361493,12,13,2.294
3597,3.3549993295717258,13,12,2.1959999999999997
3598,-6.113019057292303,12,13,2.1799999999999997
3599,5.174650273392004,13,12,2.236
3600,-6.390932387422526,12,13,2.2439999999999998
3601,4.633945496039391,13,12,2.198
3602,-5.56199592669888,12,13,2.314
3603,-5.595520553479917,12,13,2.2600000000000002
3604,3.398667324343627,13,12,2.264
3605,4.645471054557234,13,12,2.256
3606,4.228989131435376,13,12,2.18
3607,-4.645195560251561,12,13,2.284
3608,14.73621145049059,14,11,2.2699999999999996
3609,13.088841494226383,14,11,2.19
3610,14.860221865294665,14,11,2.304
3611,15.069374305872053,14,11,2.152
3612,-6.807134557955652,12,13,2.2939999999999996
3613,-6.839599137237945,12,13,2.1900000000000004
3614,4.990861751608367,13,12,2.2339999999999995
3615,14.486469944608922,14,11,2.2439999999999998
3616,-6.662907686447676,12,13,2.262
3617,3.593774141962303,13,12,2.1660000000000004
3618,13.97318244150712,14,11,2.222
3619,-5.518814212970808,12,13,2.202
3620,14.60092385176182,14,11,2.3440000000000003
3621,14.089204054409624,14,11,2.2039999999999997
3622,24.65423296797792,15,10,2.288
3623,12.93667900746858,14,11,2.356
3624,13.772907738762846,14,11,2.2079999999999997
3625,4.847142841834633,13,12,2.2659999999999996
3626,-4.886762500425793,12,13,2.19
3627,13.636762868047702,14,11,2.184
3628,3.6782951577846106,13,12,2.2439999999999998
3629,-16.751182880824846,11,14,2.1860000000000004
3630,24.890575198947808,15,10,2.258
3631,13.901909718045271,14,11,2.2680000000000002
3632,14.3833326406801,14,11,2.254
3633,15.162109163747505,14,11,2.228
3634,4.121667322280585,13,12,2.1719999999999997
3635,3.391706448937206,13,12,2.216
3636,3.4593830094743865,13,12,2.22
3637,4.967656758603376,13,12,2.3
3638,4.164672341820369,13,12,2.21
3639,3.418710665234835,13,12,2.2199999999999998
3640,13.99377785980614,14,11,2.0740000000000003
3641,14.408687850265679,14,11,2.2060000000000004
3642,-5.886992247426724,12,13,2.318
3643,14.286148254714565,14,11,2.18
3644,3.168202570506409,13,12,2.158
3645,13.182416672713487,14,11,2.148
3646,14.169270682463447,14,11,2.1340000000000003
3647,3.7279281243063433,13,12,2.134
3648,4.121628788888762,13,12,2.278
3649,14.224322016799771,14,11,2.2840000000000003
3650,23.693593675345973,15,10,2.332
3651,4.442193684015402,13,12,2.268
3652,4.056508526668148,13,12,2.3
3653,3.676915965523568,13,12,2.124
3654,14.328280536130398,14,11,2.2340000000000004
3655,14.061333535994361,14,11,2.268
3656,13.776328299449958,14,11,2.244
3657,-5.634318545593302,12,13,2.2379999999999995
3658,-6.633228387838579,12,13,2.2980000000000005
3659,4.831736989465023,13,12,2.1860000000000004
3660,4.664217954475631,13,12,2.2199999999999998
3661,13.692530810806108,14,11,2.256
3662,14.56742828652604,14,11,2.2220000000000004
3663,24.632465411351316,15,10,2.278
3664,25.310668202595693,15,10,2.3739999999999997
3665,3.589905811933443,13,12,2.2359999999999998
3666,14.943915161239246,14,11,2.242
3667,4.3174862576695645,13,12,2.2559999999999993
3668,-5.643679087945114,12,13,2.1660000000000004
3669,15.600449045911287,14,11,2.184
3670,14.656392387059794,14,11,2.288
3671,5.611390142431872,13,12,2.2800000000000002
3672,15.064791896848275,14,11,2.314
3673,13.649169504456175,14,11,2.1399999999999997
3674,5.264810337887255,13,12,2.176
3675,5.170770910109249,13,12,2.172
3676,4.725512329780591,13,12,2.184
3677,-5.041035820451113,12,13,2.1839999999999997
3678,5.059591983061124,13,12,2.184
3679,-4.328716066075786,12,13,2.3
3680,-6.766644655529236,12,13,2.1079999999999997
3681,24.658002105130564,15,10,2.256
3682,-5.375856248602702,12,13,2.242
3683,12.855176187756664,14,11,2.1860000000000004
3684,13.729791650260566,14,11,2.226
3685,24.336281056201955,15,10,2.2880000000000003
3686,-4.605200954446652,12,13,2.1759999999999997
3687,4.048117975656341,13,12,2.336
3688,24.9730814002869,15,10,2.2
3689,3.3226031748002827,13,12,2.246
3690,-6.149814878832202,12,13,2.3
3691,2.9012870686307206,13,12,2.182
3692,3.734972248846514,13,12,2.2239999999999998
3693,3.2376435061847895,13,12,2.284
3694,4.023625693109768,13,12,2.262
3695,14.258897416760648,14,11,2.274
3696,12.860203394315327,14,11,2.3120000000000003
3697,4.13086381100423,13,12,2.292
3698,3.2444810822914123,13,12,2.158
3699,4.420020257256812,13,12,2.26
3700,13.324269741937236,14,11,2.1719999999999997
3701,24.169006803233046,15,10,2.2119999999999997
3702,23.066584036622857,15,10,2.268
3703,-5.368197854174143,12,13,2.2279999999999993
3704,4.499019591190045,13,12,2.332
3705,-6.417506778428772,12,13,2.1959999999999997
3706,13.6040228666396,14,11,2.258
3707,4.354987236180867,13,12,2.192
3708,3.492894347891222,13,12,2.2640000000000002
3709,13.428576659349197,14,11,2.168
3710,13.851432750399331,14,11,2.204
3711,23.347226380576014,15,10,2.2199999999999998
3712,4.423729704148075,13,12,2.2560000000000002
3713,3.778183887866447,13,12,2.2060000000000004
3714,3.5729173921197077,13,12,2.308
3715,13.430280896973795,14,11,2.2080000000000006
3716,4.652021507053085,13,12,2.26
3717,3.8514987251841335,13,12,2.2
3718,2.6484424599827454,13,12,2.226
3719,3.717591235891847,13,12,2.1859999999999995
3720,3.6612001819077085,13,12,2.27
3721,13.781008992524825,14,11,2.2220000000000004
3722,13.569011020523575,14,11,2.124
3723,3.747189675391728,13,12,2.1
3724,23.978408848756686,15,10,2.1820000000000004
3725,3.9034910710611124,13,12,2.2020000000000004
3726,4.129231041728726,13,12,2.096
3727,14.575799371413982,14,11,2.3679999999999994
3728,13.883695949423842,14,11,2.276
3729,14.35110671353413,14,11,2.158
3730,4.5943927540697675,13,12,2.3880000000000003
3731,4.531441435332523,13,12,2.132
3732,24.15835220571684,15,10,2.32
3733,13.853192833657964,14,11,2.2079999999999997
3734,24.396944756029587,15,10,2.272
3735,14.30902610536125,14,11,2.152
3736,13.510560178310987,14,11,2.274
3737,-7.344265256629044,12,13,2.248
3738,3.8499874530775773,13,12,2.2640000000000002
3739,13.41355395002234,14,11,2.1540000000000004
3740,-4.844603572325683,12,13,2.252
3741,13.898024684563639,14,11,2.2640000000000002
3742,4.372903772939561,13,12,2.214
3743,13.451453839000377,14,11,2.122
3744,4.19492017382623,13,12,2.268
3745,14.428917214740126,14,11,2.2399999999999993
3746,14.199742588921673,14,11,2.226
3747,4.108824356008184,13,12,2.3200000000000003
3748,24.29258437855833,15,10,2.1879999999999997
3749,13.602944003460065,14,11,2.2119999999999997
3750,24.388304946006713,15,10,2.2439999999999998
3751,-5.761962806047592,12,13,2.2199999999999998
3752,13.525458085794568,14,11,2.18
3753,14.564239384167294,14,11,2.21
3754,14.455551821715659,14,11,2.208
3755,14.390642413148246,14,11,2.1859999999999995
3756,-6.186414018882296,12,13,2.18
3757,14.180607821094418,14,11,2.1660000000000004
3758,14.851742536059836,14,11,2.224
3759,14.039663608890343,14,11,2.186
3760,13.571242710498176,14,11,2.116
3761,-7.209588646518361,12,13,2.122
3762,4.115454946911461,13,12,2.162
3763,14.527396256443563,14,11,2.1799999999999997
3764,14.933057092120436,14,11,2.228
3765,13.254392857693087,14,11,2.362
3766,15.110789368436105,14,11,2.2239999999999993
3767,14.511705681458873,14,11,2.184
3768,13.61157737829986,14,11,2.2640000000000002
3769,13.599001749760388,14,11,2.2359999999999998
3770,3.92174022007074,13,12,2.228
3771,23.82185582293094,15,10,2.194
3772,13.390720665055866,14,11,2.254
3773,23.853647768462604,15,10,2.2199999999999998
3774,13.809292910421593,14,11,2.18
3775,-5.8347117973117255,12,13,2.286
3776,23.88912357466402,15,10,2.1719999999999997
3777,14.16480442911972,14,11,2.232
3778,24.097074832040462,15,10,2.3660000000000005
3779,14.119166184391526,14,11,2.2299999999999995
3780,34.25911077011605,16,9,2.2079999999999997
3781,24.895104516889646,15,10,2.18
3782,-6.185109189497679,12,13,2.2720000000000002
3783,23.271887795561785,15,10,2.2699999999999996
3784,13.262516370531383,14,11,2.2779999999999996
3785,3.436479839108417,13,12,2.2520000000000002
3786,24.217586030266425,15,10,2.3139999999999996
3787,3.568340375717505,13,12,2.188
3788,3.989033479164921,13,12,2.228
3789,13.912608280399413,14,11,2.1300000000000003
3790,4.389544985281914,13,12,2.3
3791,4.199846049871173,13,12,2.2199999999999998
3792,24.617217018439685,15,10,2.2220000000000004
3793,-6.279062739812352,12,13,2.1399999999999997
3794,13.510665388291468,14,11,2.2499999999999996
3795,14.1029465238921,14,11,2.308
3796,14.585824087101926,14,11,2.282
3797,2.969059778995163,13,12,2.1839999999999997
3798,13.875722102567416,14,11,2.21
3799,14.901295260136376,14,11,2.2640000000000002
3800,23.43572553033026,15,10,2.238
3801,24.399031677445176,15,10,2.1819999999999995
3802,14.839738271980146,14,11,2.2060000000000004
3803,23.836271732571753,15,10,2.2060000000000004
3804,13.575854102539562,14,11,2.272
3805,24.31910224054372,15,10,2.122
3806,3.853173914857642,13,12,2.16
3807,15.279800078126701,14,11,2.23
3808,14.021607422897137,14,11,2.1819999999999995
3809,24.497443110191117,15,10,2.2299999999999995
3810,24.142762065943206,15,10,2.2220000000000004
3811,24.070204701482986,15,10,2.272
3812,13.706933077782786,14,11,2.2
3813,4.281942588875145,13,12,2.166
3814,14.373124001547957,14,11,2.2220000000000004
3815,24.092139222623565,15,10,2.3139999999999996
3816,3.8783499886202764,13,12,2.316
3817,24.182330452989483,15,10,2.1879999999999997
3818,14.909768708745863,14,11,2.192
3819,14.462450068724472,14,11,2.2700000000000005
3820,13.832856753710807,14,11,2.226
3821,23.90662630011623,15,10,2.264
3822,3.7629230369933167,13,12,2.274
3823,24.705362611340597,15,10,2.1640000000000006
3824,-5.681758573682897,12,13,2.112
3825,14.168283917110347,14,11,2.242
3826,23.831300800509574,15,10,2.2079999999999997
3827,4.060626698340529,13,12,2.1900000000000004
3828,24.17150069436527,15,10,2.1740000000000004
3829,4.324045117051142,13,12,2.308
3830,24.86010097583008,15,10,2.238
3831,5.355161183281645,13,12,2.18
3832,13.374922444005797,14,11,2.25
3833,4.50590713682508,13,12,2.3459999999999996
3834,23.40892859876506,15,10,2.2860000000000005
3835,14.04209659233683,14,11,2.16
3836,23.5036505168467,15,10,2.2340000000000004
3837,14.884086345537451,14,11,2.2860000000000005
3838,23.617127850829966,15,10,2.21
3839,4.212733363024038,13,12,2.2079999999999997
3840,3.8150524914914064,13,12,2.2079999999999997
3841,14.677289375075276,14,11,2.2359999999999998
3842,33.930372237868454,16,9,2.2720000000000002
3843,14.97549766522558,14,11,2.2399999999999998
3844,-4.525726551637446,12,13,2.2619999999999996
3845,3.8165333796386847,13,12,2.176
3846,13.978115538686986,14,11,2.196
3847,24.68092581441683,15,10,2.184
3848,14.056599297484745,14,11,2.1559999999999997
3849,-5.010842590109474,12,13,2.194
3850,4.259704482426393,13,12,2.268
3851,14.028458738466624,14,11,2.2359999999999998
3852,14.50242010918721,14,11,2.1559999999999997
3853,13.444366584562694,14,11,2.2439999999999998
3854,14.547985485449964,14,11,2.096
3855,14.199806045685955,14,11,2.2
3856,13.972640989661645,14,11,2.2960000000000003
3857,14.61147419060679,14,11,2.278
3858,4.684285295935206,13,12,2.2700000000000005
3859,24.78467097081358,15,10,2.152
3860,13.341620203459064,14,11,2.342
3861,14.08220465063583,14,11,2.1660000000000004
3862,25.393994345214654,15,10,2.146
3863,3.3441832058012757,13,12,2.278
3864,13.70885617804765,14,11,2.282
3865,14.027219799644183,14,11,2.2960000000000003
3866,4.3088027793076815,13,12,2.284
3867,4.384430874432461,13,12,2.29
3868,14.575643882247784,14,11,2.2620000000000005
3869,3.472685718805524,13,12,2.2560000000000002
3870,13.955945284742498,14,11,2.1879999999999997
3871,24.642019941228984,15,10,2.2279999999999998
3872,13.349037429824286,14,11,2.2619999999999996
3873,23.97802299000575,15,10,2.206
3874,24.369907574229046,15,10,2.2620000000000005
3875,15.870998726542929,14,11,2.19
3876,13.32267321901096,14,11,2.1799999999999997
3877,3.757212893689214,13,12,2.186
3878,34.55646785328024,16,9,2.23
3879,23.52856605871599,15,10,2.25
3880,24.184589760619513,15,10,2.172
3881,14.242909447729014,14,11,2.2199999999999998
3882,13.360490521503978,14,11,2.2199999999999998
3883,14.045361547517558,14,11,2.1600000000000006
3884,3.763769282257274,13,12,2.2119999999999997
3885,13.565292454899133,14,11,2.2119999999999997
3886,13.81657562926315,14,11,2.2500000000000004
3887,24.415360163331464,15,10,2.202
3888,13.79505334764446,14,11,2.2220000000000004
3889,14.46214755799119,14,11,2.224
3890,14.12482651772265,14,11,2.178
3891,13.99214884986029,14,11,2.184
3892,14.394464718712939,14,11,2.1339999999999995
3893,4.3294032887193765,13,12,2.2340000000000004
3894,14.544434953163837,14,11,2.208
3895,14.471219248129676,14,11,2.218
3896,5.377025164783665,13,12,2.274
3897,14.727196244182938,14,11,2.2439999999999998
3898,24.466883866969063,15,10,2.182
3899,4.7630737003885795,13,12,2.1799999999999997
3900,5.2330650585006,13,12,2.272
3901,23.844923909695467,15,10,2.3280000000000003
3902,14.792254278036307,14,11,2.2719999999999994
3903,13.993757491080398,14,11,2.23
3904,4.055940719524031,13,12,2.216
3905,4.163832657293871,13,12,2.2199999999999998
3906,4.319270949755952,13,12,2.144
3907,24.996286090295,15,10,2.216
3908,34.56088684285883,16,9,2.134
3909,13.129196888874105,14,11,2.0759999999999996
3910,13.963883643679878,14,11,2.2
3911,3.4376434731234884,13,12,2.23
3912,24.298627549356606,15,10,2.1979999999999995
3913,-5.240968402696084,12,13,2.216
3914,4.802848043401724,13,12,2.254
3915,23.770726267835773,15,10,2.1480000000000006
3916,14.41640454416814,14,11,2.2079999999999997
3917,14.617864918798574,14,11,2.1999999999999997
3918,14.130251651338327,14,11,2.198
3919,14.4223633857995,14,11,2.1919999999999997
3920,25.479694130058306,15,10,2.202
3921,14.323615108875478,14,11,2.2400000000000007
3922,14.325699000122254,14,11,2.2199999999999998
3923,3.5878962303990365,13,12,2.226
3924,14.335153793569939,14,11,2.19
3925,24.657695082699515,15,10,2.268
3926,14.130611393238153,14,11,2.212
3927,13.872064907944894,14,11,2.2019999999999995
3928,4.461777839454394,13,12,2.242
3929,24.673584693829888,15,10,2.21
3930,14.73130303294492,14,11,2.19
3931,14.3132712899492,14,11,2.224
3932,4.22744761448483,13,12,2.282
3933,4.239622801060396,13,12,2.1919999999999997
3934,14.801989676285892,14,11,2.3200000000000003
3935,24.168556906882344,15,10,2.168
3936,24.214485546199725,15,10,2.214
3937,24.180488411266815,15,10,2.2980000000000005
3938,13.868785296470296,14,11,2.2640000000000002
3939,23.404924945881437,15,10,2.2680000000000002
3940,23.6602267956769,15,10,2.152
3941,13.332259740568318,14,11,2.2199999999999998
3942,33.70251739982951,16,9,2.1420000000000003
3943,13.610534914297244,14,11,2.284
3944,14.046529881404968,14,11,2.2500000000000004
3945,4.4383502661162915,13,12,2.132
3946,14.349835668110202,14,11,2.246
3947,4.2118846733752004,13,12,2.1580000000000004
3948,14.411046842236708,14,11,2.1260000000000003
3949,14.216020429815089,14,11,2.202
3950,14.958931294140529,14,11,2.2139999999999995
3951,14.14812002550942,14,11,2.2359999999999998
3952,5.348676429901669,13,12,2.176
3953,14.768799932249134,14,11,2.2700000000000005
3954,13.660209732670566,14,11,2.168
3955,24.224042773671183,15,10,2.186
3956,13.897880587620044,14,11,2.232
3957,4.397880954125688,13,12,2.1799999999999997
3958,14.605660186565851,14,11,2.222
3959,24.03178596737939,15,10,2.23
3960,24.314089108925195,15,10,2.156
3961,13.796313526174792,14,11,2.3160000000000003
3962,14.725784277282246,14,11,2.2640000000000002
3963,23.912625870939856,15,10,2.21
3964,4.230781180948199,13,12,2.178
3965,4.3848559179448205,13,12,2.1700000000000004
3966,33.40156086644091,16,9,2.24
3967,15.102123836689685,14,11,2.2239999999999998
3968,34.831173477713854,16,9,2.1920000000000006
3969,3.711878026021939,13,12,2.268
3970,24.64211145883738,15,10,2.238
3971,14.536304630107407,14,11,2.12
3972,14.217245001524553,14,11,2.2119999999999997
3973,13.666455156525934,14,11,2.118
3974,13.440475242609924,14,11,2.18
3975,4.1610653048010775,13,12,2.154
3976,-5.979191803385044,12,13,2.214
3977,-5.89544394229341,12,13,2.148
3978,-5.084300029700221,12,13,2.2720000000000002
3979,14.705164561305766,14,11,2.23
3980,-5.330071162147344,12,13,2.266
3981,15.723392774978228,14,11,2.27
3982,14.413861083682189,14,11,2.248
3983,24.47164573602265,15,10,2.216
3984,4.215565258544478,13,12,2.242
3985,15.413807933448654,14,11,2.2419999999999995
3986,5.257035882598359,13,12,2.1380000000000003
3987,-5.646561872118658,12,13,2.2560000000000002
3988,15.164567143626051,14,11,2.218
3989,14.828632892159522,14,11,2.168
3990,34.998867985593826,16,9,2.196
3991,5.406610523155801,13,12,2.1460000000000004
3992,4.752975443834057,13,12,2.234
3993,4.564844494840078,13,12,2.1580000000000004
3994,3.8999196082615377,13,12,2.2299999999999995
3995,-4.626343455522452,12,13,2.284
3996,14.438023473937221,14,11,2.264
3997,5.2166578942030135,13,12,2.238
3998,-4.976081755399737,12,13,2.25
3999,35.281535050633735,16,9,2.1480000000000006
4000,25.80402807349136,15,10,2.2760000000000002
