"# mode=fixed d_value=5 d=[0,0] p=0.50 dr=0 seed=1 topology=fixed ch=3 n_agents=5 obs_dim=34 n_episodes=4000"
episode,sum_reward,success,fail,mean_delay
1,-46.05302956762052,8,17,5.0
2,-65.15896133927025,6,19,5.0
3,-66.20919056372846,6,19,5.0
4,-67.18821646473778,6,19,5.0
5,-55.83158693116579,7,18,5.0
6,-77.11217878786016,5,20,5.0
7,-25.464358227916158,10,15,5.0
8,-46.456607589986206,8,17,5.0
9,-46.28442446038485,8,17,5.0
10,-45.17427590447933,8,17,5.0
11,-66.57126333236927,6,19,5.0
12,-36.21242182195071,9,16,5.0
13,-55.71239753994775,7,18,5.0
14,-46.258154783082105,8,17,5.0
15,-45.1052050796609,8,17,5.0
16,-35.1872597947916,9,16,5.0
17,-33.85816137423623,9,16,5.0
18,-33.760201113148604,9,16,5.0
19,-55.415815641955454,7,18,5.0
20,-74.08689427181233,5,20,5.0
21,-34.69827222756313,9,16,5.0
22,-36.37091052863731,9,16,5.0
23,-55.95803121045637,7,18,5.0
24,-75.77045963771931,5,20,5.0
25,-55.184619542700645,7,18,5.0
26,-45.33922912921852,8,17,5.0
27,-75.88750236794822,5,20,5.0
28,-45.17516592958924,8,17,5.0
29,-55.712855112897074,7,18,5.0
30,-44.645641534400255,8,17,5.0
31,-55.1566878107271,7,18,5.0
32,-44.26280220343815,8,17,5.0
33,-34.420091990161225,9,16,5.0
34,-55.48741376070103,7,18,5.0
35,-34.74089183649527,9,16,5.0
36,-66.153188209604,6,19,5.0
37,-55.78195023714043,7,18,5.0
38,-35.079592198490154,9,16,5.0
39,-35.26385447007856,9,16,5.0
40,-35.04608846259058,9,16,5.0
41,-64.98227136656392,6,19,5.0
42,-74.7324249682047,5,20,5.0
43,-44.2763107824108,8,17,5.0
44,-66.17133342106635,6,19,5.0
45,-64.08005190845142,6,19,5.0
46,-44.68260779067664,8,17,5.0
47,-76.11911788856075,5,20,5.0
48,-66.58587614592709,6,19,5.0
49,-54.80447840006107,7,18,5.0
50,-55.32407388421986,7,18,5.0
51,-45.06348007036149,8,17,5.0
52,-44.98094812331863,8,17,5.0
53,-44.799243067106275,8,17,5.0
54,-45.44412243429876,8,17,5.0
55,-34.85603998859979,9,16,5.0
56,-44.116502158496615,8,17,5.0
57,-14.943460377414395,11,14,5.0
58,-44.65606063432983,8,17,5.0
59,-65.04277681635217,6,19,5.0
60,-46.53034783816989,8,17,5.0
61,-35.05519369041574,9,16,5.0
62,-35.00241562169563,9,16,5.0
63,-25.16451464986509,10,15,5.0
64,-46.41808619717238,8,17,5.0
65,-65.42592140360644,6,19,5.0
66,-24.557141787347422,10,15,5.0
67,-55.25937491950365,7,18,5.0
68,-65.68008996995269,6,19,5.0
69,-55.942126856364695,7,18,5.0
70,-35.1324105066789,9,16,5.0
71,-56.86764831983766,7,18,5.0
72,-44.67384599287855,8,17,5.0
73,-36.940198408553364,9,16,5.0
74,-96.36210338330369,3,22,5.0
75,-46.52528836278956,8,17,5.0
76,-75.431630551441,5,20,5.0
77,-34.652978338829996,9,16,5.0
78,-43.72990083011943,8,17,5.0
79,-54.774423266928565,7,18,5.0
80,-54.862599061397546,7,18,5.0
81,-66.13421737681841,6,19,5.0
82,-75.82891596939882,5,20,5.0
83,-45.233773108573274,8,17,5.0
84,-36.55996133703916,9,16,5.0
85,-36.66572999196714,9,16,5.0
86,-65.81425384075543,6,19,5.0
87,-64.79435467184575,6,19,5.0
88,-35.641170916234955,9,16,5.0
89,-46.64184719395678,8,17,5.0
90,-85.24961540147548,4,21,5.0
91,-55.02738419678973,7,18,5.0
92,-64.59367311744523,6,19,5.0
93,-55.462582530450085,7,18,5.0
94,-35.63934482851304,9,16,5.0
95,-55.12565647276118,7,18,5.0
96,-75.86030046412122,5,20,5.0
97,-75.25847836303473,5,20,5.0
98,-66.91372707446665,6,19,5.0
99,-64.47505662285757,6,19,5.0
100,-44.750965825853065,8,17,5.0
101,-26.243769203826886,10,15,5.0
102,-56.31739056260868,7,18,5.0
103,-65.1492201868373,6,19,5.0
104,-65.65921429596861,6,19,5.0
105,-46.19803589059525,8,17,5.0
106,-74.88980089001416,5,20,5.0
107,-56.22652390776739,7,18,5.0
108,-35.02820447919068,9,16,5.0
109,-64.82458667351251,6,19,5.0
110,-55.92412270960525,7,18,5.0
111,-54.996362063089336,7,18,5.0
112,-25.8097835821962,10,15,5.0
113,-64.6748827365605,6,19,5.0
114,-54.761736308007166,7,18,5.0
115,-74.95664216477314,5,20,5.0
116,-44.529762387335666,8,17,5.0
117,-84.37237001512564,4,21,5.0
118,-64.79842042203272,6,19,5.0
119,-73.91211902452537,5,20,5.0
120,-25.19869585320065,10,15,5.0
121,-25.474565149811426,10,15,5.0
122,-65.60167065825905,6,19,5.0
123,-66.46952851246962,6,19,5.0
124,-25.213903134432364,10,15,5.0
125,-73.89788459531115,5,20,5.0
126,-35.16202632404856,9,16,5.0
127,-35.52612231332984,9,16,5.0
128,-34.16961695900243,9,16,5.0
129,-44.494605065707255,8,17,5.0
130,-55.54797566795489,7,18,5.0
131,-35.75896137032002,9,16,5.0
132,-45.240222229313886,8,17,5.0
133,-14.923167734420176,11,14,5.0
134,-45.79553557598766,8,17,5.0
135,-45.39091512753144,8,17,5.0
136,-65.43011452082438,6,19,5.0
137,-46.23914994821182,8,17,5.0
138,-46.187350020592945,8,17,5.0
139,-75.64560921712031,5,20,5.0
140,-55.28929442672242,7,18,5.0
141,-45.67287330517769,8,17,5.0
142,-54.7433416036796,7,18,5.0
143,-24.902706121300348,10,15,5.0
144,-35.04405451119357,9,16,5.0
145,-34.437062476943034,9,16,5.0
146,-44.99931109349929,8,17,5.0
147,-66.00745349921829,6,19,5.0
148,-25.43416546535717,10,15,5.0
149,-55.0132046011317,7,18,5.0
150,-35.41478320627129,9,16,5.0
151,-55.184471252290066,7,18,5.0
152,-55.46198211161024,7,18,5.0
153,-45.50557580832402,8,17,5.0
154,-56.10481728353282,7,18,5.0
155,-45.58605061176627,8,17,5.0
156,-26.33667302872473,10,15,5.0
157,-35.93331830052191,9,16,5.0
158,-25.767319520206993,10,15,5.0
159,-56.49630192618736,7,18,5.0
160,-36.52310254688382,9,16,5.0
161,-36.05940893262944,9,16,5.0
162,-36.141417763290434,9,16,5.0
163,-26.331055831763923,10,15,5.0
164,-66.48728619388685,6,19,5.0
165,-44.51568763044007,8,17,5.0
166,-56.18001775857957,7,18,5.0
167,-35.814966750875726,9,16,5.0
168,-45.08547287496855,8,17,5.0
169,-25.930815281273873,10,15,5.0
170,-35.75657904061117,9,16,5.0
171,-25.405829627437072,10,15,5.0
172,-56.6002901193519,7,18,5.0
173,-36.156730791260294,9,16,5.0
174,-44.02748149975138,8,17,5.0
175,-86.85502166294194,4,21,5.0
176,-16.36863228827856,11,14,5.0
177,-27.425832082782428,10,15,5.0
178,4.971088230770407,13,12,5.0
179,-15.194917192133857,11,14,5.0
180,-36.48634082950437,9,16,5.0
181,-26.953199941375452,10,15,5.0
182,-34.69828164668852,9,16,5.0
183,-36.12952170408067,9,16,5.0
184,-5.052630898556336,12,13,5.0
185,-7.5428425660646035,12,13,5.0
186,-27.329557885614587,10,15,5.0
187,-26.92503472217851,10,15,5.0
188,-27.86745464829622,10,15,5.0
189,-16.29042558812329,11,14,5.0
190,-17.530177571139006,11,14,5.0
191,4.46057215581318,13,12,5.0
192,-26.164732433677123,10,15,5.0
193,-16.190662134387896,11,14,5.0
194,-25.057253888154086,10,15,5.0
195,-6.927715118863951,12,13,5.0
196,2.757684189390467,13,12,5.0
197,-16.09000154352044,11,14,5.0
198,2.377978356291025,13,12,5.0
199,-26.946630026162662,10,15,5.0
200,-15.171729478729691,11,14,5.0
201,-25.19424242617878,10,15,5.0
202,4.153171559661669,13,12,5.0
203,-5.331145037980508,12,13,5.0
204,-5.1977867309783115,12,13,5.0
205,-5.612060803370906,12,13,5.0
206,-14.473584055180112,11,14,5.0
207,-24.92035208589241,10,15,5.0
208,-15.823212552008632,11,14,5.0
209,-14.7996823853288,11,14,5.0
210,5.093931459748443,13,12,5.0
211,3.39088212008461,13,12,5.0
212,-35.639414190012104,9,16,5.0
213,5.076124749925658,13,12,5.0
214,-35.55790812386127,9,16,5.0
215,-15.322856190946837,11,14,5.0
216,-26.044647332901693,10,15,5.0
217,-5.434435321566108,12,13,5.0
218,-35.6909592362647,9,16,5.0
219,-16.14966512055307,11,14,5.0
220,4.008502253167749,13,12,5.0
221,-26.289145733286205,10,15,5.0
222,-5.7803372305679765,12,13,5.0
223,-5.783403108563114,12,13,5.0
224,-14.641893209634958,11,14,5.0
225,-25.208288755252184,10,15,5.0
226,14.508704086481195,14,11,5.0
227,-17.47178109951102,11,14,5.0
228,-4.960943523258212,12,13,5.0
229,-16.230257253568098,11,14,5.0
230,-16.317767125479328,11,14,5.0
231,-7.118040807145755,12,13,5.0
232,-25.65728906864192,10,15,5.0
233,-35.39760181721435,9,16,5.0
234,-15.590499609072532,11,14,5.0
235,-6.029203279510295,12,13,5.0
236,-36.17205364336064,9,16,5.0
237,-6.179773408540241,12,13,5.0
238,4.214627016541833,13,12,5.0
239,-6.157067887288302,12,13,5.0
240,-15.514372783424443,11,14,5.0
241,-25.817669795060215,10,15,5.0
242,-6.280584043420864,12,13,5.0
243,2.541223139392317,13,12,5.0
244,-6.789289783406842,12,13,5.0
245,3.9972228176123927,13,12,5.0
246,-6.355721888408848,12,13,5.0
247,-16.108845741800707,11,14,5.0
248,-16.13074877251909,11,14,5.0
249,4.081092629180359,13,12,5.0
250,-15.855063943794125,11,14,5.0
251,-46.199876148718026,8,17,5.0
252,13.12975855616385,14,11,5.0
253,-6.330089090507185,12,13,5.0
254,3.8117168473525713,13,12,5.0
255,-6.179342941496301,12,13,5.0
256,-25.408518640935384,10,15,5.0
257,-17.277264758117774,11,14,5.0
258,-15.580493311096681,11,14,5.0
259,13.929749031379007,14,11,5.0
260,3.3746171483081975,13,12,5.0
261,-15.670298349778871,11,14,5.0
262,5.049540901126493,13,12,5.0
263,-16.728608040717425,11,14,5.0
264,-6.32779416092,12,13,5.0
265,-26.175891967482443,10,15,5.0
266,3.7677970915702463,13,12,5.0
267,24.043400340411676,15,10,5.0
268,-5.683266587979766,12,13,5.0
269,-25.880222872494862,10,15,5.0
270,-4.910071900751015,12,13,5.0
271,-15.254057371549216,11,14,5.0
272,-24.409430570772116,10,15,5.0
273,-25.572994546883656,10,15,5.0
274,-15.967195472889586,11,14,5.0
275,4.453303816727158,13,12,5.0
276,-15.300915844035448,11,14,5.0
277,-5.104293928304802,12,13,5.0
278,-5.421676859289192,12,13,5.0
279,3.754830878661452,13,12,5.0
280,-27.141862333940573,10,15,5.0
281,4.207866290535862,13,12,5.0
282,-6.062212565004867,12,13,5.0
283,5.242780974914961,13,12,5.0
284,14.5720477869892,14,11,5.0
285,-6.602878649090394,12,13,5.0
286,-5.443163537326252,12,13,5.0
287,-5.9282992622833515,12,13,5.0
288,4.06787512763923,13,12,5.0
289,-15.155239288550026,11,14,5.0
290,-15.733199440788294,11,14,5.0
291,-25.862048174851545,10,15,5.0
292,-16.09912000294431,11,14,5.0
293,-25.445913746237565,10,15,5.0
294,-25.192196485045905,10,15,5.0
295,4.407234610797088,13,12,5.0
296,3.6542297248470943,13,12,5.0
297,4.742549813858545,13,12,5.0
298,4.06732413224054,13,12,5.0
299,-5.540744808362938,12,13,5.0
300,-14.602707398427086,11,14,5.0
301,14.894452316629483,14,11,5.0
302,14.060000376717394,14,11,5.0
303,14.979019464617107,14,11,5.0
304,-15.491162609033356,11,14,5.0
305,-5.815424034694128,12,13,5.0
306,4.296837111611808,13,12,5.0
307,5.204019445043998,13,12,5.0
308,-5.47203608340287,12,13,5.0
309,-6.3832595569284605,12,13,5.0
310,-5.44530445216793,12,13,5.0
311,14.732254354648726,14,11,5.0
312,4.096438638750904,13,12,5.0
313,5.009481565696957,13,12,5.0
314,-4.374045880980869,12,13,5.0
315,15.544492823322308,14,11,5.0
316,4.146202210394053,13,12,5.0
317,4.544916402990244,13,12,5.0
318,4.994490098875108,13,12,5.0
319,15.270619407200286,14,11,5.0
320,-15.748475572969392,11,14,5.0
321,34.73032357473379,16,9,5.0
322,-4.893169078903998,12,13,5.0
323,4.507475733254534,13,12,5.0
324,5.0821257545251495,13,12,5.0
325,4.55564525927138,13,12,5.0
326,4.392884653625032,13,12,5.0
327,-5.141876390331334,12,13,5.0
328,4.211420979794012,13,12,5.0
329,-5.921520665759935,12,13,5.0
330,14.715570336487849,14,11,5.0
331,-35.720211212159285,9,16,5.0
332,5.2083973893363655,13,12,5.0
333,-5.164022037384709,12,13,5.0
334,4.749769472369441,13,12,5.0
335,-14.624484536834466,11,14,5.0
336,4.275146014552636,13,12,5.0
337,-15.527607854296171,11,14,5.0
338,5.011170118518735,13,12,5.0
339,3.8714077363830732,13,12,5.0
340,-5.240746300864738,12,13,5.0
341,5.421339332016425,13,12,5.0
342,-5.372182985888436,12,13,5.0
343,-4.889944991201809,12,13,5.0
344,-16.231693804984225,11,14,5.0
345,13.819216039915137,14,11,5.0
346,-6.065390115969167,12,13,5.0
347,-5.767577799829056,12,13,5.0
348,4.820413549043874,13,12,5.0
349,4.186741925643763,13,12,5.0
350,34.32686983451829,16,9,5.0
351,4.407479155878342,13,12,5.0
352,-5.322233416492361,12,13,5.0
353,5.386164382015173,13,12,5.0
354,4.41676985514112,13,12,5.0
355,4.777557368451358,13,12,5.0
356,14.564284384700114,14,11,5.0
357,4.645945919184473,13,12,5.0
358,-5.307584228361877,12,13,5.0
359,14.724033310911722,14,11,5.0
360,-14.948494178642651,11,14,5.0
361,4.241470988940491,13,12,5.0
362,4.429149735795191,13,12,5.0
363,-5.687721372326035,12,13,5.0
364,-4.9702967061998695,12,13,5.0
365,14.940312643698956,14,11,5.0
366,-4.391629372792549,12,13,5.0
367,4.9976570498726325,13,12,5.0
368,15.454700353136921,14,11,5.0
369,5.553478563324202,13,12,5.0
370,-5.047247519292776,12,13,5.0
371,5.4968914650978205,13,12,5.0
372,-14.863295052269962,11,14,5.0
373,5.787538636135626,13,12,5.0
374,-3.9143105099853046,12,13,5.0
375,4.3297973539460095,13,12,5.0
376,15.576878297289419,14,11,5.0
377,-14.859426545508295,11,14,5.0
378,5.051308688601559,13,12,5.0
379,-14.081553624518495,11,14,5.0
380,-35.360983432007494,9,16,5.0
381,5.357704348865732,13,12,5.0
382,-4.388122016945996,12,13,5.0
383,5.503797668934791,13,12,5.0
384,5.069247950872808,13,12,5.0
385,-14.316988848849073,11,14,5.0
386,-14.779588373677958,11,14,5.0
387,4.520414227539792,13,12,5.0
388,4.859506802690739,13,12,5.0
389,5.219139436778291,13,12,5.0
390,-14.841695369837204,11,14,5.0
391,-4.752654899640768,12,13,5.0
392,-13.946131544859176,11,14,5.0
393,15.589726794363088,14,11,5.0
394,-16.079049840427455,11,14,5.0
395,5.168672087210921,13,12,5.0
396,4.545419723283657,13,12,5.0
397,-15.33497137184758,11,14,5.0
398,-14.631422637806374,11,14,5.0
399,-15.599085081108,11,14,5.0
400,-5.80321965029438,12,13,5.0
401,5.739001976940917,13,12,5.0
402,-15.269909428604215,11,14,5.0
403,5.332410968266884,13,12,5.0
404,15.3826019799873,14,11,5.0
405,-5.663156142047585,12,13,5.0
406,5.293016245534289,13,12,5.0
407,-3.8402709736320135,12,13,5.0
408,4.520827304563856,13,12,5.0
409,15.603614227508544,14,11,5.0
410,4.885135330822044,13,12,5.0
411,-4.078806230513775,12,13,5.0
412,-25.23676034451558,10,15,5.0
413,4.650235544900772,13,12,5.0
414,15.621242812168713,14,11,5.0
415,5.751542308291553,13,12,5.0
416,5.3356200062664865,13,12,5.0
417,-4.425385173199632,12,13,5.0
418,-14.131132271530971,11,14,5.0
419,-25.222691015506214,10,15,5.0
420,4.977395558297993,13,12,5.0
421,-4.905421643976004,12,13,5.0
422,-36.50803576997248,9,16,5.0
423,-24.756796833913928,10,15,5.0
424,-4.589719619095349,12,13,5.0
425,-15.001000255733054,11,14,5.0
426,-15.104380809576828,11,14,5.0
427,-5.972623619519834,12,13,5.0
428,-5.334230981844224,12,13,5.0
429,4.738957629888631,13,12,5.0
430,4.755879469775378,13,12,5.0
431,5.393956188405413,13,12,5.0
432,-5.095721485544458,12,13,5.0
433,-16.35935978632873,11,14,5.0
434,-14.337539289045072,11,14,5.0
435,5.511476323079917,13,12,5.0
436,-5.5845982439642246,12,13,5.0
437,4.674498698080545,13,12,5.0
438,4.026219156924032,13,12,5.0
439,-14.135776554133741,11,14,5.0
440,3.6168029636420442,13,12,5.0
441,-4.912860818582541,12,13,5.0
442,-5.177477960823921,12,13,5.0
443,4.538683496709421,13,12,5.0
444,-15.281025623048219,11,14,5.0
445,4.517253670552837,13,12,5.0
446,4.108500999815359,13,12,5.0
447,4.727796913005191,13,12,5.0
448,15.194088041030353,14,11,5.0
449,4.076719585459008,13,12,5.0
450,4.6813959488905,13,12,5.0
451,14.76383593422036,14,11,5.0
452,-4.889480321046236,12,13,5.0
453,-4.9601787563711595,12,13,5.0
454,-6.314265650254611,12,13,5.0
455,-14.628387372499324,11,14,5.0
456,5.3545856841878425,13,12,5.0
457,-5.672606257404599,12,13,5.0
458,-15.31233495825246,11,14,5.0
459,-4.675670561314786,12,13,5.0
460,3.9389608443631188,13,12,5.0
461,25.38241430987899,15,10,5.0
462,5.200172747202185,13,12,5.0
463,-5.096451424769219,12,13,5.0
464,-5.178460332033582,12,13,5.0
465,14.790730574259946,14,11,5.0
466,-15.742585265510405,11,14,5.0
467,15.135009105170257,14,11,5.0
468,-15.91903153280423,11,14,5.0
469,-4.66840314100695,12,13,5.0
470,-15.529565526700523,11,14,5.0
471,5.272367940391336,13,12,5.0
472,5.912500253193107,13,12,5.0
473,15.886635484927266,14,11,5.0
474,5.6887126215726695,13,12,5.0
475,14.89472478973794,14,11,5.0
476,-4.700197377431362,12,13,5.0
477,5.305122188942913,13,12,5.0
478,15.064350284787567,14,11,5.0
479,-15.311226717814344,11,14,5.0
480,-5.193893217865668,12,13,5.0
481,14.206849097207197,14,11,5.0
482,-14.515216611651532,11,14,5.0
483,-14.326702322926447,11,14,5.0
484,-24.593964807423113,10,15,5.0
485,-14.97398459564391,11,14,5.0
486,4.9138712744666515,13,12,5.0
487,-24.164560368704258,10,15,5.0
488,-4.8795353498160665,12,13,5.0
489,-5.291890476424916,12,13,5.0
490,-4.636301784825051,12,13,5.0
491,4.6732813336834305,13,12,5.0
492,-6.320998067636649,12,13,5.0
493,5.027007843832349,13,12,5.0
494,3.5138555746211537,13,12,5.0
495,4.655854127980867,13,12,5.0
496,-25.474412087840303,10,15,5.0
497,-5.274632242012554,12,13,5.0
498,-24.96291369512708,10,15,5.0
499,-26.259608355017214,10,15,5.0
500,-15.020623237112872,11,14,5.0
501,4.529076454244439,13,12,5.0
502,-5.416256127478432,12,13,5.0
503,-13.958642093186274,11,14,5.0
504,-5.2115527079745885,12,13,5.0
505,-14.901821622923475,11,14,5.0
506,4.340543558967077,13,12,5.0
507,4.862774591393576,13,12,5.0
508,4.481473490841892,13,12,5.0
509,-5.20035838908119,12,13,5.0
510,-35.490925961720926,9,16,5.0
511,-25.02451805706039,10,15,5.0
512,-15.968438846192107,11,14,5.0
513,-5.1019382513935625,12,13,5.0
514,-15.790506417817081,11,14,5.0
515,-25.10658661006795,10,15,5.0
516,4.652417483141093,13,12,5.0
517,-4.781058289458292,12,13,5.0
518,-35.26875726290123,9,16,5.0
519,-15.0926069695638,11,14,5.0
520,-25.198808181087713,10,15,5.0
521,-15.120324816919487,11,14,5.0
522,4.726724594206646,13,12,5.0
523,-5.435098238361268,12,13,5.0
524,-15.153331202373117,11,14,5.0
525,-15.510852167099944,11,14,5.0
526,-14.665970119887326,11,14,5.0
527,-5.309431169544501,12,13,5.0
528,-14.57793103246729,11,14,5.0
529,-35.30341512079119,9,16,5.0
530,-5.239628201601461,12,13,5.0
531,-4.500633070332814,12,13,5.0
532,-25.284619035176092,10,15,5.0
533,-15.094599141490256,11,14,5.0
534,-15.084245198495429,11,14,5.0
535,-5.397286245522791,12,13,5.0
536,-14.850518159972756,11,14,5.0
537,-6.115587616848623,12,13,5.0
538,-15.754388050148162,11,14,5.0
539,13.294352328328799,14,11,5.0
540,15.0818133082613,14,11,5.0
541,-5.424051534734369,12,13,5.0
542,-5.272868455270583,12,13,5.0
543,4.654457112187807,13,12,5.0
544,-25.56266326406857,10,15,5.0
545,-6.627229083916557,12,13,5.0
546,-35.25340592714807,9,16,5.0
547,-15.205580761833955,11,14,5.0
548,-5.577889681283787,12,13,5.0
549,-15.419947099503371,11,14,5.0
550,-5.735454290638824,12,13,5.0
551,-6.356958615202139,12,13,5.0
552,14.62206966658798,14,11,5.0
553,-15.526843673839629,11,14,5.0
554,-5.992716798665205,12,13,5.0
555,-15.522827872505742,11,14,5.0
556,-5.3909975151354645,12,13,5.0
557,-24.561924928501018,10,15,5.0
558,5.397209233261352,13,12,5.0
559,-26.475910720937975,10,15,5.0
560,-4.959843105412897,12,13,5.0
561,4.172362230722417,13,12,5.0
562,4.468793239962078,13,12,5.0
563,4.464690280583641,13,12,5.0
564,-6.068667339511269,12,13,5.0
565,-4.80228731284214,12,13,5.0
566,-34.265987134306314,9,16,5.0
567,-14.741205299485522,11,14,5.0
568,-5.004868390249139,12,13,5.0
569,-15.458017870017972,11,14,5.0
570,-4.4837893406116756,12,13,5.0
571,-25.30223711316602,10,15,5.0
572,-14.57906805356114,11,14,5.0
573,-15.14938284573769,11,14,5.0
574,-15.414621059585894,11,14,5.0
575,5.174469567568567,13,12,5.0
576,5.115273239216058,13,12,5.0
577,-15.344527329571985,11,14,5.0
578,-35.5927324392258,9,16,5.0
579,4.567873206190399,13,12,5.0
580,-5.905937290528481,12,13,5.0
581,-14.784328054558287,11,14,5.0
582,-14.969101649015819,11,14,5.0
583,4.748338487069802,13,12,5.0
584,-15.836191762515671,11,14,5.0
585,-6.383366191969342,12,13,5.0
586,-4.6354288053614345,12,13,5.0
587,-4.9011594654459865,12,13,5.0
588,-15.12945762930292,11,14,5.0
589,-5.210400250841138,12,13,5.0
590,-15.90939715058898,11,14,5.0
591,-16.830952972112094,11,14,5.0
592,-25.217690875326763,10,15,5.0
593,-5.859154405739485,12,13,5.0
594,-15.541577579086628,11,14,5.0
595,4.777960965732621,13,12,5.0
596,-24.780968223980757,10,15,5.0
597,4.718120967413373,13,12,5.0
598,24.65414486739577,15,10,5.0
599,-16.29958787708165,11,14,5.0
600,-5.568618646242844,12,13,5.0
601,-6.154626675712205,12,13,5.0
602,4.5051171182522864,13,12,5.0
603,-16.035179573840857,11,14,5.0
604,-15.06949013660261,11,14,5.0
605,-15.27189415407252,11,14,5.0
606,-15.249185558343544,11,14,5.0
607,-15.190778382526833,11,14,5.0
608,-6.982371474476057,12,13,5.0
609,-5.895732042017476,12,13,5.0
610,-15.598268026187915,11,14,5.0
611,-5.403238096721246,12,13,5.0
612,-5.671791925257935,12,13,5.0
613,-14.920554363492021,11,14,5.0
614,-15.671536793361236,11,14,5.0
615,-16.320835133124255,11,14,5.0
616,4.670393223177652,13,12,5.0
617,-24.813852985380393,10,15,5.0
618,14.171706022454986,14,11,5.0
619,-24.501135879902904,10,15,5.0
620,-6.42557197884534,12,13,5.0
621,-4.854143298347142,12,13,5.0
622,5.0213996034207415,13,12,5.0
623,5.099175359859264,13,12,5.0
624,-5.297239790665062,12,13,5.0
625,-5.350108338361631,12,13,5.0
626,-4.739645425237065,12,13,5.0
627,-16.695820723263857,11,14,5.0
628,-5.438040463146124,12,13,5.0
629,-24.84409734716534,10,15,5.0
630,-5.01152982159536,12,13,5.0
631,-5.722292772549332,12,13,5.0
632,-25.07208111171793,10,15,5.0
633,-17.07989713655611,11,14,5.0
634,-15.836243637462548,11,14,5.0
635,-15.614498775745563,11,14,5.0
636,-5.112930030322643,12,13,5.0
637,-26.85376133645239,10,15,5.0
638,13.962164064120488,14,11,5.0
639,-6.8793105532332,12,13,5.0
640,-27.296613542189263,10,15,5.0
641,-5.955569530499873,12,13,5.0
642,-5.968185332330737,12,13,5.0
643,-36.087306840023174,9,16,5.0
644,-25.50482367961667,10,15,5.0
645,3.8793971883408886,13,12,5.0
646,4.04224672278756,13,12,5.0
647,-25.29813515874565,10,15,5.0
648,-5.680824160500666,12,13,5.0
649,-15.168696074199833,11,14,5.0
650,-16.892597272004185,11,14,5.0
651,-34.62062832988515,9,16,5.0
652,-25.663762872998788,10,15,5.0
653,-26.105457678218627,10,15,5.0
654,-15.747160773436043,11,14,5.0
655,-15.534592764685302,11,14,5.0
656,-26.275944536516906,10,15,5.0
657,-17.195189846515753,11,14,5.0
658,-5.922619542776749,12,13,5.0
659,-15.816812168890383,11,14,5.0
660,-24.72150235174638,10,15,5.0
661,-6.432625767797058,12,13,5.0
662,-16.148669188955743,11,14,5.0
663,-26.18770136462083,10,15,5.0
664,-16.151073625184885,11,14,5.0
665,-26.32214837601135,10,15,5.0
666,-35.63784645101659,9,16,5.0
667,-5.307659834137695,12,13,5.0
668,-6.950143021472454,12,13,5.0
669,5.3554008268468705,13,12,5.0
670,-15.616562016569475,11,14,5.0
671,-5.031123780733031,12,13,5.0
672,-6.111378981871008,12,13,5.0
673,-15.311907364102305,11,14,5.0
674,-5.752883203542355,12,13,5.0
675,-23.700366115706977,10,15,5.0
676,-16.467558965669532,11,14,5.0
677,-4.946168482135308,12,13,5.0
678,-24.570982490739503,10,15,5.0
679,-6.632770698912628,12,13,5.0
680,-17.155437836597795,11,14,5.0
681,4.715246954163655,13,12,5.0
682,-4.991071263924898,12,13,5.0
683,-15.533234397066543,11,14,5.0
684,-5.018669956282707,12,13,5.0
685,-14.3361969324095,11,14,5.0
686,5.714028047754294,13,12,5.0
687,5.073447130688086,13,12,5.0
688,-6.1186538520604214,12,13,5.0
689,-15.487701452675854,11,14,5.0
690,-24.61511787654373,10,15,5.0
691,5.529751878683921,13,12,5.0
692,4.762184181572518,13,12,5.0
693,-5.346782456348059,12,13,5.0
694,-16.399596718584842,11,14,5.0
695,-15.264067320000965,11,14,5.0
696,-5.359737190852083,12,13,5.0
697,4.680609779975711,13,12,5.0
698,-15.977725087484766,11,14,5.0
699,-5.878511355297813,12,13,5.0
700,-15.606082432599466,11,14,5.0
701,14.788055400360095,14,11,5.0
702,4.561012496220387,13,12,5.0
703,-25.74224581532207,10,15,5.0
704,5.087106754639097,13,12,5.0
705,3.782214478899796,13,12,5.0
706,-5.044165544381865,12,13,5.0
707,4.348142283896688,13,12,5.0
708,-15.968029155245778,11,14,5.0
709,-5.485364980797554,12,13,5.0
710,-5.41722325545549,12,13,5.0
711,-14.962558879438223,11,14,5.0
712,-14.782559281231258,11,14,5.0
713,5.500832751917513,13,12,5.0
714,-35.755636168215105,9,16,5.0
715,-36.5986636892474,9,16,5.0
716,-15.902037493244709,11,14,5.0
717,-16.7241162569759,11,14,5.0
718,-16.340242387386176,11,14,5.0
719,-5.68062660327313,12,13,5.0
720,-6.348353764684453,12,13,5.0
721,-5.137495711903223,12,13,5.0
722,3.0211305304232727,13,12,5.0
723,-14.961081447462849,11,14,5.0
724,-6.021883041264044,12,13,5.0
725,-15.49310011308214,11,14,5.0
726,-7.317456897009786,12,13,5.0
727,-15.728901764313473,11,14,5.0
728,-16.418242217827846,11,14,5.0
729,-5.772591695396252,12,13,5.0
730,-35.46385174102748,9,16,5.0
731,-16.468116125348267,11,14,5.0
732,-24.714138616323048,10,15,5.0
733,-25.966833470034352,10,15,5.0
734,-14.299587858016318,11,14,5.0
735,-15.088289240718575,11,14,5.0
736,5.074902221962473,13,12,5.0
737,-16.197022643806985,11,14,5.0
738,-15.922043477528529,11,14,5.0
739,-5.54830962337201,12,13,5.0
740,-5.595762287542701,12,13,5.0
741,-5.0169102411961255,12,13,5.0
742,-26.092484219455123,10,15,5.0
743,-26.69904628345982,10,15,5.0
744,-25.462350429953887,10,15,5.0
745,-14.234980206378346,11,14,5.0
746,-6.720044258605235,12,13,5.0
747,-5.435637603644199,12,13,5.0
748,-14.472458021902693,11,14,5.0
749,-25.934925846100192,10,15,5.0
750,-26.560996724441612,10,15,5.0
751,-5.306174471129955,12,13,5.0
752,4.7889222720457,13,12,5.0
753,-14.904265070625303,11,14,5.0
754,-14.988458888361706,11,14,5.0
755,-14.945281754357467,11,14,5.0
756,-6.472963821936907,12,13,5.0
757,-6.076088582827972,12,13,5.0
758,-6.493856098324777,12,13,5.0
759,3.703026187907438,13,12,5.0
760,4.0987742242036695,13,12,5.0
761,-6.223136641139135,12,13,5.0
762,-6.677406211288233,12,13,5.0
763,-26.015229189369514,10,15,5.0
764,5.326873349292429,13,12,5.0
765,-6.6069116482551244,12,13,5.0
766,6.061924538139405,13,12,5.0
767,-15.80011973002804,11,14,5.0
768,-16.4692344143736,11,14,5.0
769,-8.187720032888379,12,13,5.0
770,-28.28088173631085,10,15,5.0
771,-16.20232345073711,11,14,5.0
772,-26.153413165936797,10,15,5.0
773,-5.223392096645174,12,13,5.0
774,-5.236328220548583,12,13,5.0
775,-6.768115790124785,12,13,5.0
776,-4.957499006918841,12,13,5.0
777,-37.65070793507089,9,16,5.0
778,-25.56930982628547,10,15,5.0
779,-6.190840517485256,12,13,5.0
780,-6.016022650136321,12,13,5.0
781,-26.331176346862605,10,15,5.0
782,-26.406358379918167,10,15,5.0
783,-5.371256784828411,12,13,5.0
784,-36.532048941958124,9,16,5.0
785,-26.68108974915524,10,15,5.0
786,-6.56498217446673,12,13,5.0
787,-25.788312081191854,10,15,5.0
788,-7.185323407898058,12,13,5.0
789,-6.443927947083623,12,13,5.0
790,3.9480337939729697,13,12,5.0
791,-15.62484712025691,11,14,5.0
792,-6.071436691672,12,13,5.0
793,-6.933013029083824,12,13,5.0
794,-6.2418889783891975,12,13,5.0
795,-5.786335578635069,12,13,5.0
796,-25.795976121773567,10,15,5.0
797,-7.203675178196467,12,13,5.0
798,-25.804320794789326,10,15,5.0
799,-14.879757468238898,11,14,5.0
800,-26.287520763982933,10,15,5.0
801,-7.219013050132782,12,13,5.0
802,-5.496889569733256,12,13,5.0
803,-6.447422992060021,12,13,5.0
804,-27.58803640714064,10,15,5.0
805,-7.16066081069188,12,13,5.0
806,-25.99931058177482,10,15,5.0
807,-25.326553753898253,10,15,5.0
808,-6.25202572190807,12,13,5.0
809,-6.015916507898499,12,13,5.0
810,-16.93455033445428,11,14,5.0
811,-26.41064085966597,10,15,5.0
812,-24.99701839485599,10,15,5.0
813,-15.531939137341412,11,14,5.0
814,-5.294093804435122,12,13,5.0
815,-5.764388211336227,12,13,5.0
816,-5.990351148916297,12,13,5.0
817,13.395493845276274,14,11,5.0
818,-5.925446883068522,12,13,5.0
819,5.189286780006112,13,12,5.0
820,-6.597960412678802,12,13,5.0
821,4.8800200487477525,13,12,5.0
822,-25.762956122111266,10,15,5.0
823,4.126735419551257,13,12,5.0
824,-16.143613868684476,11,14,5.0
825,-5.47358876681219,12,13,5.0
826,-7.155752154118545,12,13,5.0
827,-57.269604616913256,7,18,5.0
828,-17.217999070248922,11,14,5.0
829,13.475366430292334,14,11,5.0
830,-26.079122428896216,10,15,5.0
831,-26.823566931662533,10,15,5.0
832,-46.03850279610343,8,17,5.0
833,-6.599534422759154,12,13,5.0
834,-36.32104319833372,9,16,5.0
835,-26.74843757854922,10,15,5.0
836,-14.451648118978715,11,14,5.0
837,13.932455255995421,14,11,5.0
838,-4.8791982407047385,12,13,5.0
839,-6.04891183279034,12,13,5.0
840,-5.871942114969578,12,13,5.0
841,4.100438818379633,13,12,5.0
842,-26.26336272486117,10,15,5.0
843,-15.410228715913874,11,14,5.0
844,-6.798863724125727,12,13,5.0
845,-6.321860692146588,12,13,5.0
846,-6.1890253681889895,12,13,5.0
847,-15.027775224712638,11,14,5.0
848,-16.07187290100212,11,14,5.0
849,-27.786960118320444,10,15,5.0
850,-26.605996724027676,10,15,5.0
851,4.471340140456993,13,12,5.0
852,-16.70949000006432,11,14,5.0
853,-25.745199967201017,10,15,5.0
854,-26.91519731308263,10,15,5.0
855,-6.616294927118664,12,13,5.0
856,13.68151731278718,14,11,5.0
857,-16.18883042949347,11,14,5.0
858,-16.14872557532945,11,14,5.0
859,-16.418920480457768,11,14,5.0
860,-5.949881422190803,12,13,5.0
861,-26.144133626226584,10,15,5.0
862,-6.370235930225229,12,13,5.0
863,-5.045915430192138,12,13,5.0
864,-5.583393996362119,12,13,5.0
865,-5.226277056879114,12,13,5.0
866,-36.097685033080765,9,16,5.0
867,-5.868251224858952,12,13,5.0
868,-26.154486629558697,10,15,5.0
869,-25.824179815249526,10,15,5.0
870,3.2717737940269913,13,12,5.0
871,-16.134509578946783,11,14,5.0
872,-15.938111919487884,11,14,5.0
873,-5.907096806942805,12,13,5.0
874,4.091965417849752,13,12,5.0
875,-4.917623941769014,12,13,5.0
876,-25.41113248218376,10,15,5.0
877,-36.172497487423385,9,16,5.0
878,-25.914384680200325,10,15,5.0
879,-35.77867315299188,9,16,5.0
880,-36.10427054296912,9,16,5.0
881,-15.29946650801936,11,14,5.0
882,2.887624563064673,13,12,5.0
883,-34.797496891846706,9,16,5.0
884,4.130907325117246,13,12,5.0
885,-25.40434885469019,10,15,5.0
886,-25.64573833586019,10,15,5.0
887,-15.778450182990763,11,14,5.0
888,-15.526453504005786,11,14,5.0
889,-5.229123625052193,12,13,5.0
890,-14.521670112939912,11,14,5.0
891,-5.580666274028848,12,13,5.0
892,-26.583994292121183,10,15,5.0
893,-16.646667477284907,11,14,5.0
894,-5.90973977214672,12,13,5.0
895,-16.25210638880927,11,14,5.0
896,-25.298173875943867,10,15,5.0
897,-5.572161512141736,12,13,5.0
898,3.4211771919932668,13,12,5.0
899,-15.182666879309966,11,14,5.0
900,-5.754321603340476,12,13,5.0
901,-6.220800690288813,12,13,5.0
902,-15.722978822969878,11,14,5.0
903,-25.566678876077546,10,15,5.0
904,-26.0319489332917,10,15,5.0
905,-27.464291693285965,10,15,5.0
906,-25.323396632617655,10,15,5.0
907,-16.232869560600534,11,14,5.0
908,-5.747187536402622,12,13,5.0
909,-26.516516526893838,10,15,5.0
910,-26.742710735384986,10,15,5.0
911,-25.399764522028867,10,15,5.0
912,-5.7956692096773805,12,13,5.0
913,-6.466032503271389,12,13,5.0
914,-6.397814587017255,12,13,5.0
915,-36.09816883641069,9,16,5.0
916,-6.5055066376567785,12,13,5.0
917,-15.906554590663635,11,14,5.0
918,-16.277353754636575,11,14,5.0
919,-6.285957417320581,12,13,5.0
920,-15.397682826618873,11,14,5.0
921,-16.234017750896044,11,14,5.0
922,-26.321874401132114,10,15,5.0
923,-15.949041130430537,11,14,5.0
924,-15.629545032903891,11,14,5.0
925,-34.14831738753111,9,16,5.0
926,-5.368124450965382,12,13,5.0
927,3.986898196131614,13,12,5.0
928,-15.36531846342954,11,14,5.0
929,-16.29192320047232,11,14,5.0
930,-16.594898900679183,11,14,5.0
931,-5.990360830030277,12,13,5.0
932,-25.729573984405903,10,15,5.0
933,-35.78973536445791,9,16,5.0
934,-5.454243022847536,12,13,5.0
935,-46.798234115612274,8,17,5.0
936,-16.00697078071743,11,14,5.0
937,-16.850347248519295,11,14,5.0
938,-16.94651639607885,11,14,5.0
939,-27.968154773309106,10,15,5.0
940,-36.46147904479425,9,16,5.0
941,-15.547118542902135,11,14,5.0
942,-15.300014516685273,11,14,5.0
943,-25.572998784003246,10,15,5.0
944,-27.35005078146706,10,15,5.0
945,-6.301103565070196,12,13,5.0
946,-15.730538250365479,11,14,5.0
947,-6.296716971336528,12,13,5.0
948,-16.448846382074855,11,14,5.0
949,3.1775500883943053,13,12,5.0
950,-26.534431962719736,10,15,5.0
951,-6.253084743002015,12,13,5.0
952,-47.177696695532006,8,17,5.0
953,-5.707980880545372,12,13,5.0
954,-26.219798690664263,10,15,5.0
955,-7.648477131605767,12,13,5.0
956,-26.73984543557801,10,15,5.0
957,-26.141601741747877,10,15,5.0
958,-26.409752395266196,10,15,5.0
959,-6.0469589642485495,12,13,5.0
960,-16.492971009894045,11,14,5.0
961,-25.274398116957315,10,15,5.0
962,-15.774211321140038,11,14,5.0
963,-7.185338447454564,12,13,5.0
964,-4.905689052571208,12,13,5.0
965,4.014451404596134,13,12,5.0
966,-47.25558784597105,8,17,5.0
967,-25.385164822019004,10,15,5.0
968,-16.380764576816183,11,14,5.0
969,-6.3265948162702035,12,13,5.0
970,-16.34067483767871,11,14,5.0
971,-5.201630167433675,12,13,5.0
972,-16.942288648833134,11,14,5.0
973,-25.16266569512942,10,15,5.0
974,-15.940638352345864,11,14,5.0
975,-4.965828912388789,12,13,5.0
976,-6.446415745558786,12,13,5.0
977,-5.05242562711801,12,13,5.0
978,-17.30130461317645,11,14,5.0
979,-5.568164740385381,12,13,5.0
980,3.7342703180738823,13,12,5.0
981,-15.481740964674808,11,14,5.0
982,-36.36570704311265,9,16,5.0
983,3.5890644755735366,13,12,5.0
984,-25.7520337196791,10,15,5.0
985,-25.910129884061,10,15,5.0
986,-35.87713836480981,9,16,5.0
987,-25.937481199448925,10,15,5.0
988,-5.6892541365005975,12,13,5.0
989,-15.626927891042982,11,14,5.0
990,-4.837536305571334,12,13,5.0
991,-25.897639190471033,10,15,5.0
992,-25.06441751023919,10,15,5.0
993,-15.621578192858223,11,14,5.0
994,-15.54760010304132,11,14,5.0
995,-14.823797675225439,11,14,5.0
996,-26.150092938846715,10,15,5.0
997,-5.592343258434956,12,13,5.0
998,-15.323529402418924,11,14,5.0
999,-16.164441338074667,11,14,5.0
1000,-5.942625194760041,12,13,5.0
1001,5.3199165690589565,13,12,5.0
1002,-16.190203479243802,11,14,5.0
1003,-5.748271010842348,12,13,5.0
1004,3.5997409664453226,13,12,5.0
1005,-6.038824215396415,12,13,5.0
1006,-5.352461252518644,12,13,5.0
1007,-35.361192561841605,9,16,5.0
1008,-4.973214867645661,12,13,5.0
1009,-15.559813139296324,11,14,5.0
1010,-5.5248188981218735,12,13,5.0
1011,-15.407351913971235,11,14,5.0
1012,3.610026390677586,13,12,5.0
1013,-25.350436538267566,10,15,5.0
1014,4.352827075972095,13,12,5.0
1015,-16.18288341974752,11,14,5.0
1016,-34.250204617450805,9,16,5.0
1017,24.441107584806407,15,10,5.0
1018,5.299136324887199,13,12,5.0
1019,-5.774438303011648,12,13,5.0
1020,-15.616139596703864,11,14,5.0
1021,-16.482125159256874,11,14,5.0
1022,-25.896175483002708,10,15,5.0
1023,16.673928519980453,14,11,5.0
1024,-15.848998502079132,11,14,5.0
1025,4.92613567416126,13,12,5.0
1026,4.723569695104595,13,12,5.0
1027,-15.896537079746672,11,14,5.0
1028,-26.22503938201196,10,15,5.0
1029,-5.092079481225398,12,13,5.0
1030,-4.646648461746889,12,13,5.0
1031,3.662712896193856,13,12,5.0
1032,-4.6176006734341755,12,13,5.0
1033,15.931010122246446,14,11,5.0
1034,-16.07010453384523,11,14,5.0
1035,5.047753858658382,13,12,5.0
1036,-15.524980509534082,11,14,5.0
1037,-5.860744449773378,12,13,5.0
1038,-14.576142700017417,11,14,5.0
1039,-44.923870111292985,8,17,5.0
1040,-14.785536648679326,11,14,5.0
1041,15.625287138160193,14,11,5.0
1042,-14.316024817987254,11,14,5.0
1043,-55.800919256281745,7,18,5.0
1044,-14.64552782604536,11,14,5.0
1045,-4.802298606049617,12,13,5.0
1046,-14.098862401059911,11,14,5.0
1047,-14.85395836452074,11,14,5.0
1048,-25.104428464438787,10,15,5.0
1049,-4.155321280467205,12,13,5.0
1050,-13.50356291942937,11,14,5.0
1051,15.02199393657223,14,11,5.0
1052,-24.691234804507936,10,15,5.0
1053,-35.950903822703786,9,16,5.0
1054,-24.80899008634489,10,15,5.0
1055,-5.253904651906226,12,13,5.0
1056,-13.630401031431566,11,14,5.0
1057,-34.968289687809246,9,16,5.0
1058,-13.41936779316909,11,14,5.0
1059,5.226179562771078,13,12,5.0
1060,-4.319082677663733,12,13,5.0
1061,5.9390980707447785,13,12,5.0
1062,-24.593083480150046,10,15,5.0
1063,-34.746300696543784,9,16,5.0
1064,-3.70865766737721,12,13,5.0
1065,-34.6174829456973,9,16,5.0
1066,-13.409699409186402,11,14,5.0
1067,-3.870695418050113,12,13,5.0
1068,-24.501350925629787,10,15,5.0
1069,-14.56660797076265,11,14,5.0
1070,-13.420070548883356,11,14,5.0
1071,15.970964857664985,14,11,5.0
1072,-3.1885679312757134,12,13,5.0
1073,-35.708855783068515,9,16,5.0
1074,-4.4455652532858245,12,13,5.0
1075,6.053716741629733,13,12,5.0
1076,-13.517421852673545,11,14,5.0
1077,4.433048455279016,13,12,5.0
1078,-14.09730192691962,11,14,5.0
1079,-34.533285663300404,9,16,5.0
1080,-24.490486917340593,10,15,5.0
1081,-3.930671374620095,12,13,5.0
1082,-33.853248426507726,9,16,5.0
1083,-33.37191281017229,9,16,5.0
1084,-3.9540143322196695,12,13,5.0
1085,-3.5769175451879134,12,13,5.0
1086,-4.591299041039169,12,13,5.0
1087,6.209138279190158,13,12,5.0
1088,-3.548681275039879,12,13,5.0
1089,-3.9004688335275466,12,13,5.0
1090,16.21695727384534,14,11,5.0
1091,-24.039467376140042,10,15,5.0
1092,-34.13284626896552,9,16,5.0
1093,-35.08554609093212,9,16,5.0
1094,-14.265732909797773,11,14,5.0
1095,15.95184505179456,14,11,5.0
1096,-3.782124400543613,12,13,5.0
1097,-3.8177909968571777,12,13,5.0
1098,-13.560815291028483,11,14,5.0
1099,5.804038552815605,13,12,5.0
1100,6.574069882557082,13,12,5.0
1101,15.730416335789553,14,11,5.0
1102,-13.845929314576633,11,14,5.0
1103,-4.610409536567548,12,13,5.0
1104,6.803084877904528,13,12,5.0
1105,-4.033567836597722,12,13,5.0
1106,-25.33101430913918,10,15,5.0
1107,15.458436384249811,14,11,5.0
1108,25.071660884725162,15,10,5.0
1109,-13.959267353256633,11,14,5.0
1110,-4.223232040808851,12,13,5.0
1111,-14.805998243983925,11,14,5.0
1112,6.6521426990784285,13,12,5.0
1113,15.581459885075132,14,11,5.0
1114,-14.38585952892192,11,14,5.0
1115,-14.874230809408216,11,14,5.0
1116,-25.518386909791506,10,15,5.0
1117,-4.122267515380854,12,13,5.0
1118,24.67092446078422,15,10,5.0
1119,15.711293452454676,14,11,5.0
1120,-14.107782371305372,11,14,5.0
1121,5.308395363858237,13,12,5.0
1122,-13.978047552973262,11,14,5.0
1123,15.098898292288371,14,11,5.0
1124,5.720007824289582,13,12,5.0
1125,15.329800294217472,14,11,5.0
1126,15.848410199772555,14,11,5.0
1127,-24.474145909738986,10,15,5.0
1128,6.0377213461566335,13,12,5.0
1129,14.134756588218657,14,11,5.0
1130,25.983751703219646,15,10,5.0
1131,-5.651941365604939,12,13,5.0
1132,4.282677575998546,13,12,5.0
1133,25.523785717116407,15,10,5.0
1134,-14.458420483023463,11,14,5.0
1135,5.641467599625278,13,12,5.0
1136,13.898007461484271,14,11,5.0
1137,4.133571318753489,13,12,5.0
1138,-5.227495974365552,12,13,5.0
1139,15.418749592070874,14,11,5.0
1140,-4.567897576825986,12,13,5.0
1141,4.790195886327208,13,12,5.0
1142,-4.360202847574216,12,13,5.0
1143,35.86214963907466,16,9,5.0
1144,4.9945737821410585,13,12,5.0
1145,35.169092213476695,16,9,5.0
1146,15.79531630585936,14,11,5.0
1147,-15.054823556713162,11,14,5.0
1148,15.105567162176422,14,11,5.0
1149,15.532366939011224,14,11,5.0
1150,15.622514913384812,14,11,5.0
1151,5.39606765926087,13,12,5.0
1152,4.699389808967785,13,12,5.0
1153,-15.447513071888793,11,14,5.0
1154,15.352866970386277,14,11,5.0
1155,-14.31495282538933,11,14,5.0
1156,15.548225167981137,14,11,5.0
1157,5.716514596673468,13,12,5.0
1158,4.44407721719563,13,12,5.0
1159,-5.9460750523201416,12,13,5.0
1160,24.961676903674665,15,10,5.0
1161,4.968872295698985,13,12,5.0
1162,5.23387624136601,13,12,5.0
1163,-4.472518462252056,12,13,5.0
1164,-34.62047777974534,9,16,5.0
1165,-25.301881137424655,10,15,5.0
1166,-14.67470376836307,11,14,5.0
1167,-4.875598952570879,12,13,5.0
1168,4.793192235808299,13,12,5.0
1169,14.643843592565165,14,11,5.0
1170,4.758172632857246,13,12,5.0
1171,14.765813498406843,14,11,5.0
1172,-25.11646579249312,10,15,5.0
1173,14.439010290561834,14,11,5.0
1174,-15.385216191095605,11,14,5.0
1175,-26.252567206643505,10,15,5.0
1176,-25.6646199966724,10,15,5.0
1177,-26.000392788963435,10,15,5.0
1178,24.401119952951525,15,10,5.0
1179,6.039904759050202,13,12,5.0
1180,5.111066571571761,13,12,5.0
1181,35.41032621404993,16,9,5.0
1182,25.664093212761344,15,10,5.0
1183,-4.13196684487702,12,13,5.0
1184,5.326130070374173,13,12,5.0
1185,15.224798324634975,14,11,5.0
1186,-5.796576503959899,12,13,5.0
1187,26.29702887438546,15,10,5.0
1188,25.231081702645323,15,10,5.0
1189,14.748991159608803,14,11,5.0
1190,15.865481559906558,14,11,5.0
1191,-13.661414035591726,11,14,5.0
1192,26.36658883919809,15,10,5.0
1193,14.97772785662909,14,11,5.0
1194,-16.053595089369757,11,14,5.0
1195,15.651568821465382,14,11,5.0
1196,-14.806703850676957,11,14,5.0
1197,25.474546814017327,15,10,5.0
1198,16.051002994342515,14,11,5.0
1199,-4.333648802702889,12,13,5.0
1200,36.335386598671086,16,9,5.0
1201,15.206151906831215,14,11,5.0
1202,15.502426452834916,14,11,5.0
1203,15.464852227839346,14,11,5.0
1204,5.503416287637215,13,12,5.0
1205,5.620844238798577,13,12,5.0
1206,25.692166523136382,15,10,5.0
1207,4.455745336347446,13,12,5.0
1208,25.43762200364013,15,10,5.0
1209,16.07325767478887,14,11,5.0
1210,14.80779031425177,14,11,5.0
1211,5.606863612420154,13,12,5.0
1212,-14.889113888998994,11,14,5.0
1213,5.765792575063216,13,12,5.0
1214,-5.739671457516845,12,13,5.0
1215,15.801590378537892,14,11,5.0
1216,-14.941798241412908,11,14,5.0
1217,25.6552093787219,15,10,5.0
1218,15.199116582467452,14,11,5.0
1219,4.881899903661093,13,12,5.0
1220,-5.16103348609733,12,13,5.0
1221,26.041667101002368,15,10,5.0
1222,27.014058214647534,15,10,5.0
1223,5.304215462421832,13,12,5.0
1224,-4.587280996092581,12,13,5.0
1225,5.61705822231232,13,12,5.0
1226,-14.87602048370785,11,14,5.0
1227,-4.282747788529782,12,13,5.0
1228,15.117865241529797,14,11,5.0
1229,24.896952060847205,15,10,5.0
1230,-4.915142888326347,12,13,5.0
1231,14.703472714498869,14,11,5.0
1232,26.342025504949103,15,10,5.0
1233,5.116664353872707,13,12,5.0
1234,6.3085683066978895,13,12,5.0
1235,16.183520000517955,14,11,5.0
1236,14.939817966317342,14,11,5.0
1237,-4.278574867473004,12,13,5.0
1238,5.891735312448575,13,12,5.0
1239,-24.78893959841777,10,15,5.0
1240,26.142727095819463,15,10,5.0
1241,25.762547371902258,15,10,5.0
1242,-5.490846119933346,12,13,5.0
1243,-14.846126921564212,11,14,5.0
1244,26.231208539276444,15,10,5.0
1245,-5.5466785364533635,12,13,5.0
1246,4.876709921365473,13,12,5.0
1247,5.769684858071361,13,12,5.0
1248,36.528431438608564,16,9,5.0
1249,15.057316530085119,14,11,5.0
1250,5.638696846943153,13,12,5.0
1251,-14.312338780181202,11,14,5.0
1252,6.079664589102501,13,12,5.0
1253,6.714977440778965,13,12,5.0
1254,5.725231348851841,13,12,5.0
1255,25.832856020802637,15,10,5.0
1256,15.679885837019121,14,11,5.0
1257,25.739275608759186,15,10,5.0
1258,25.41420981689666,15,10,5.0
1259,15.2968617138844,14,11,5.0
1260,15.363751389688273,14,11,5.0
1261,5.143164400012894,13,12,5.0
1262,16.118605248349052,14,11,5.0
1263,-14.687545846954649,11,14,5.0
1264,5.876721474516591,13,12,5.0
1265,5.772471051460366,13,12,5.0
1266,35.62764654465073,16,9,5.0
1267,15.757800846488976,14,11,5.0
1268,-5.123109832786415,12,13,5.0
1269,-4.13247907133816,12,13,5.0
1270,15.97768232812351,14,11,5.0
1271,25.968978322099456,15,10,5.0
1272,14.976558538871313,14,11,5.0
1273,5.336703969204315,13,12,5.0
1274,5.105774618207203,13,12,5.0
1275,4.749566421418065,13,12,5.0
1276,25.517499787639778,15,10,5.0
1277,24.582177836452857,15,10,5.0
1278,4.510592722724613,13,12,5.0
1279,4.980267042269578,13,12,5.0
1280,15.441120999959356,14,11,5.0
1281,14.108297601584585,14,11,5.0
1282,3.6694305501719953,13,12,5.0
1283,-5.472195151341229,12,13,5.0
1284,-4.9992446027626425,12,13,5.0
1285,4.700305103852038,13,12,5.0
1286,15.47840057462013,14,11,5.0
1287,5.54881514995072,13,12,5.0
1288,-6.309520663944198,12,13,5.0
1289,14.615285901225842,14,11,5.0
1290,-5.610544652618358,12,13,5.0
1291,-5.420408938545993,12,13,5.0
1292,5.8149606796163695,13,12,5.0
1293,25.3477829544179,15,10,5.0
1294,34.50650567089849,16,9,5.0
1295,35.18229949914601,16,9,5.0
1296,4.469071749763742,13,12,5.0
1297,25.181922851798014,15,10,5.0
1298,4.314397759473206,13,12,5.0
1299,14.985628817895577,14,11,5.0
1300,14.092252613466256,14,11,5.0
1301,-15.33613769806771,11,14,5.0
1302,15.305732246918472,14,11,5.0
1303,-15.311767094547093,11,14,5.0
1304,4.855539290770745,13,12,5.0
1305,15.600833798232621,14,11,5.0
1306,25.584094696678015,15,10,5.0
1307,-4.804104728121727,12,13,5.0
1308,24.86912994452281,15,10,5.0
1309,24.47189005728763,15,10,5.0
1310,25.141708849375938,15,10,5.0
1311,4.137889487469813,13,12,5.0
1312,15.231788951209948,14,11,5.0
1313,4.908616252132418,13,12,5.0
1314,14.164657291491679,14,11,5.0
1315,4.8543534323033715,13,12,5.0
1316,4.361628093990831,13,12,5.0
1317,4.223433688772321,13,12,5.0
1318,24.85175391262319,15,10,5.0
1319,15.367823830402155,14,11,5.0
1320,4.788976651344971,13,12,5.0
1321,45.276129663610305,17,8,5.0
1322,-5.329586029457685,12,13,5.0
1323,15.184752503278624,14,11,5.0
1324,14.969293640537309,14,11,5.0
1325,24.82705725975719,15,10,5.0
1326,14.951071534039778,14,11,5.0
1327,15.33314026186566,14,11,5.0
1328,4.246228616261959,13,12,5.0
1329,4.512680037590934,13,12,5.0
1330,14.291381417762164,14,11,5.0
1331,15.766989751326756,14,11,5.0
1332,35.65992128055693,16,9,5.0
1333,15.26397016783637,14,11,5.0
1334,45.07469205078995,17,8,5.0
1335,4.984176965672756,13,12,5.0
1336,25.519375503105046,15,10,5.0
1337,15.001148522988274,14,11,5.0
1338,35.00776046075258,16,9,5.0
1339,-5.136059060493698,12,13,5.0
1340,15.105917627362974,14,11,5.0
1341,5.157429950252244,13,12,5.0
1342,-5.706968988113754,12,13,5.0
1343,14.814308792790275,14,11,5.0
1344,4.901720102906218,13,12,5.0
1345,25.394236124711416,15,10,5.0
1346,15.649025345652944,14,11,5.0
1347,25.039541941809578,15,10,5.0
1348,25.597956808058974,15,10,5.0
1349,-6.089982584521792,12,13,5.0
1350,25.00134183067552,15,10,5.0
1351,14.802017231998917,14,11,5.0
1352,-15.917017706534843,11,14,5.0
1353,4.654786376937265,13,12,5.0
1354,24.82048797621953,15,10,5.0
1355,-5.284699875415255,12,13,5.0
1356,-5.059161934721454,12,13,5.0
1357,14.146656377837397,14,11,5.0
1358,-15.423324443924706,11,14,5.0
1359,5.015771488338068,13,12,5.0
1360,5.026464958792797,13,12,5.0
1361,4.906574042370018,13,12,5.0
1362,35.634263790567125,16,9,5.0
1363,-5.598503638581336,12,13,5.0
1364,-15.257537412225355,11,14,5.0
1365,15.082679904685829,14,11,5.0
1366,4.687470417610294,13,12,5.0
1367,35.196219054051156,16,9,5.0
1368,-4.85019812023752,12,13,5.0
1369,35.29829596601138,16,9,5.0
1370,34.56207836650981,16,9,5.0
1371,25.32511414508513,15,10,5.0
1372,-5.805551318299271,12,13,5.0
1373,24.576350229040465,15,10,5.0
1374,25.70182400119102,15,10,5.0
1375,4.200976214518103,13,12,5.0
1376,24.500218739770737,15,10,5.0
1377,14.998687208188674,14,11,5.0
1378,25.220589529586253,15,10,5.0
1379,5.2856677405567005,13,12,5.0
1380,15.111802798256901,14,11,5.0
1381,5.0256610246294535,13,12,5.0
1382,-3.8990722808556395,12,13,5.0
1383,5.024634353155218,13,12,5.0
1384,14.746484489720597,14,11,5.0
1385,25.368165265392044,15,10,5.0
1386,3.8040096546345907,13,12,5.0
1387,5.179774190467217,13,12,5.0
1388,14.683682392455868,14,11,5.0
1389,14.393210881821322,14,11,5.0
1390,24.945912990967194,15,10,5.0
1391,14.87202527369784,14,11,5.0
1392,4.756198996051062,13,12,5.0
1393,-5.372533598807306,12,13,5.0
1394,16.289330437296066,14,11,5.0
1395,15.228823134858473,14,11,5.0
1396,-15.480110025615918,11,14,5.0
1397,-14.938678689447297,11,14,5.0
1398,-5.175580054352826,12,13,5.0
1399,5.086853346430205,13,12,5.0
1400,5.425774241068942,13,12,5.0
1401,25.167329437177877,15,10,5.0
1402,15.421213993696277,14,11,5.0
1403,-4.940967982102494,12,13,5.0
1404,34.22816308289039,16,9,5.0
1405,25.30491392126738,15,10,5.0
1406,25.16265180750451,15,10,5.0
1407,15.271198678969991,14,11,5.0
1408,-5.508482474806927,12,13,5.0
1409,-14.983993196295538,11,14,5.0
1410,45.56279244643551,17,8,5.0
1411,-5.157969539575252,12,13,5.0
1412,14.892453860655982,14,11,5.0
1413,-4.828606112529576,12,13,5.0
1414,-4.2587916503916965,12,13,5.0
1415,5.377359892920243,13,12,5.0
1416,-5.118415968774599,12,13,5.0
1417,5.93145867146737,13,12,5.0
1418,15.093420038893065,14,11,5.0
1419,-4.514311429061095,12,13,5.0
1420,-15.638999506087362,11,14,5.0
1421,-4.51109859944852,12,13,5.0
1422,14.600679558033509,14,11,5.0
1423,25.83248584079187,15,10,5.0
1424,-5.512948911868419,12,13,5.0
1425,14.41098643922486,14,11,5.0
1426,25.94136718866003,15,10,5.0
1427,-4.558904014640709,12,13,5.0
1428,-5.585881319520057,12,13,5.0
1429,-5.546376008471157,12,13,5.0
1430,-6.573876096341333,12,13,5.0
1431,15.288700272639403,14,11,5.0
1432,5.514267373694664,13,12,5.0
1433,14.115134505575885,14,11,5.0
1434,14.877018770783117,14,11,5.0
1435,-16.839225203015104,11,14,5.0
1436,25.06315853555195,15,10,5.0
1437,-5.415096777694028,12,13,5.0
1438,4.767114695917698,13,12,5.0
1439,-14.977854569278849,11,14,5.0
1440,4.67934334810264,13,12,5.0
1441,4.006422280586037,13,12,5.0
1442,15.265908758787994,14,11,5.0
1443,-4.999393723164775,12,13,5.0
1444,-14.97723917784954,11,14,5.0
1445,5.094770500456455,13,12,5.0
1446,-16.434928314324395,11,14,5.0
1447,-14.915501344386339,11,14,5.0
1448,4.23863934602476,13,12,5.0
1449,-15.575272651604541,11,14,5.0
1450,25.06896182994099,15,10,5.0
1451,35.34891457790517,16,9,5.0
1452,14.872087877882613,14,11,5.0
1453,-5.902283916545551,12,13,5.0
1454,-5.325420362367556,12,13,5.0
1455,15.009761565538106,14,11,5.0
1456,14.788545358605134,14,11,5.0
1457,4.5087154098346875,13,12,5.0
1458,-4.946322702373565,12,13,5.0
1459,24.05289943324604,15,10,5.0
1460,25.32243038753617,15,10,5.0
1461,3.3727108110038984,13,12,5.0
1462,14.36800710898685,14,11,5.0
1463,25.457459695361216,15,10,5.0
1464,4.802631434526351,13,12,5.0
1465,-15.308327730429301,11,14,5.0
1466,-4.886339660978248,12,13,5.0
1467,-15.926144248950155,11,14,5.0
1468,-5.132322739166096,12,13,5.0
1469,-6.493653991482432,12,13,5.0
1470,4.862638978194468,13,12,5.0
1471,4.768561813283126,13,12,5.0
1472,-5.732578757891679,12,13,5.0
1473,-4.998622282542079,12,13,5.0
1474,4.438355164988419,13,12,5.0
1475,-15.707965869212233,11,14,5.0
1476,4.756429017148097,13,12,5.0
1477,14.685981796555799,14,11,5.0
1478,-5.454891443517688,12,13,5.0
1479,24.828222245567765,15,10,5.0
1480,25.246378702316253,15,10,5.0
1481,14.487914318423893,14,11,5.0
1482,15.16377054902498,14,11,5.0
1483,4.902102398416972,13,12,5.0
1484,5.075677677219268,13,12,5.0
1485,-4.985015240134727,12,13,5.0
1486,5.631886709045078,13,12,5.0
1487,5.620747956850586,13,12,5.0
1488,-4.85417240974424,12,13,5.0
1489,5.202082271925681,13,12,5.0
1490,-4.507563382908293,12,13,5.0
1491,-5.321798291753497,12,13,5.0
1492,-4.815254840274298,12,13,5.0
1493,-14.93427881841971,11,14,5.0
1494,25.44297169985316,15,10,5.0
1495,-15.520940398404178,11,14,5.0
1496,14.72564924995269,14,11,5.0
1497,5.569745464546615,13,12,5.0
1498,-14.786717737142316,11,14,5.0
1499,-24.877643126659166,10,15,5.0
1500,-15.266812757420457,11,14,5.0
1501,4.745908806635516,13,12,5.0
1502,-5.606204690947781,12,13,5.0
1503,-14.992475493941175,11,14,5.0
1504,-15.937400211793143,11,14,5.0
1505,-24.716874188993174,10,15,5.0
1506,25.350163791430248,15,10,5.0
1507,15.257931630083323,14,11,5.0
1508,-5.1757206027273615,12,13,5.0
1509,-15.507492569216453,11,14,5.0
1510,-14.863086540613159,11,14,5.0
1511,-5.336863486366084,12,13,5.0
1512,4.557097064376698,13,12,5.0
1513,-25.573681209173408,10,15,5.0
1514,4.843875299810314,13,12,5.0
1515,-25.6307994438819,10,15,5.0
1516,-5.165461682534005,12,13,5.0
1517,4.726069513471089,13,12,5.0
1518,-4.595754579007908,12,13,5.0
1519,-4.748120793772398,12,13,5.0
1520,4.711271887078263,13,12,5.0
1521,-4.611094251547495,12,13,5.0
1522,-14.89367680085017,11,14,5.0
1523,14.818561274950545,14,11,5.0
1524,-24.664423891372813,10,15,5.0
1525,5.9496674317379,13,12,5.0
1526,-15.30626102254974,11,14,5.0
1527,4.664329037964611,13,12,5.0
1528,4.972403766576496,13,12,5.0
1529,5.129753170022621,13,12,5.0
1530,24.385244068041416,15,10,5.0
1531,-5.4163291358532675,12,13,5.0
1532,14.713103142064906,14,11,5.0
1533,4.580523142164581,13,12,5.0
1534,-5.1732661744736275,12,13,5.0
1535,4.970683828697139,13,12,5.0
1536,-15.001793293956098,11,14,5.0
1537,-15.421953470705567,11,14,5.0
1538,-5.131396393324572,12,13,5.0
1539,24.586066896833437,15,10,5.0
1540,5.173511356921701,13,12,5.0
1541,-4.057372888652509,12,13,5.0
1542,14.65896892913236,14,11,5.0
1543,4.386956941290006,13,12,5.0
1544,5.463369899052394,13,12,5.0
1545,15.218614544774463,14,11,5.0
1546,4.798094336609313,13,12,5.0
1547,15.245159615884637,14,11,5.0
1548,14.751116760807964,14,11,5.0
1549,-5.570336297433287,12,13,5.0
1550,15.038958745281946,14,11,5.0
1551,25.95493245325799,15,10,5.0
1552,4.338987956513037,13,12,5.0
1553,4.453150044022987,13,12,5.0
1554,25.68031792455065,15,10,5.0
1555,24.714920809439043,15,10,5.0
1556,-5.493665471047599,12,13,5.0
1557,-5.6397137308418195,12,13,5.0
1558,24.348899223417835,15,10,5.0
1559,-25.804664258037942,10,15,5.0
1560,-5.1223389839889855,12,13,5.0
1561,14.238533490625198,14,11,5.0
1562,-5.01545338695043,12,13,5.0
1563,3.946003068581655,13,12,5.0
1564,-15.072221412283758,11,14,5.0
1565,3.498589330956035,13,12,5.0
1566,14.784208480752271,14,11,5.0
1567,14.001178101892908,14,11,5.0
1568,-15.75239158110112,11,14,5.0
1569,5.035106934680531,13,12,5.0
1570,-14.330661554970241,11,14,5.0
1571,-5.755852498185089,12,13,5.0
1572,14.410924536300753,14,11,5.0
1573,4.702834671670971,13,12,5.0
1574,-6.229521289284762,12,13,5.0
1575,3.8068015432668965,13,12,5.0
1576,3.8489316522765478,13,12,5.0
1577,4.091295151600459,13,12,5.0
1578,4.897328103571468,13,12,5.0
1579,-5.552615814529217,12,13,5.0
1580,-5.285118539828584,12,13,5.0
1581,-5.047392135273615,12,13,5.0
1582,-5.100545623006341,12,13,5.0
1583,-15.250140423347617,11,14,5.0
1584,-15.411925535878797,11,14,5.0
1585,24.62318940956817,15,10,5.0
1586,-5.675300554998726,12,13,5.0
1587,25.0173886755599,15,10,5.0
1588,5.484089791768245,13,12,5.0
1589,-6.001447931480294,12,13,5.0
1590,24.124416456582853,15,10,5.0
1591,4.249035489773846,13,12,5.0
1592,4.668575240358361,13,12,5.0
1593,-5.301081782000565,12,13,5.0
1594,4.38136571624894,13,12,5.0
1595,23.616848741281895,15,10,5.0
1596,14.608992474149195,14,11,5.0
1597,-4.955403405254412,12,13,5.0
1598,5.13811147993574,13,12,5.0
1599,15.261888811439041,14,11,5.0
1600,3.8840340124716555,13,12,5.0
1601,-15.812637635628196,11,14,5.0
1602,14.144222972839408,14,11,5.0
1603,14.166935335036351,14,11,5.0
1604,5.105156796210423,13,12,5.0
1605,14.533898481712292,14,11,5.0
1606,14.95453680327779,14,11,5.0
1607,4.943583119286867,13,12,5.0
1608,24.11660853080798,15,10,5.0
1609,4.726370547928504,13,12,5.0
1610,15.18324609005586,14,11,5.0
1611,14.526286222988112,14,11,5.0
1612,24.9024404386231,15,10,5.0
1613,-5.54676539776341,12,13,5.0
1614,4.5611360273015205,13,12,5.0
1615,13.437334767395493,14,11,5.0
1616,34.88040585344995,16,9,5.0
1617,15.181505801971124,14,11,5.0
1618,24.706622452999273,15,10,5.0
1619,4.102303991254464,13,12,5.0
1620,14.94905367677077,14,11,5.0
1621,14.255030003970024,14,11,5.0
1622,-7.141524045157833,12,13,5.0
1623,-6.2638286163958945,12,13,5.0
1624,14.001280642541856,14,11,5.0
1625,13.690417258032344,14,11,5.0
1626,14.938730550746762,14,11,5.0
1627,-5.787663921455196,12,13,5.0
1628,-15.95160203189494,11,14,5.0
1629,-4.460786715628082,12,13,5.0
1630,4.904143318218793,13,12,5.0
1631,-5.486156000708673,12,13,5.0
1632,24.615000352252473,15,10,5.0
1633,-5.594266443393028,12,13,5.0
1634,-15.650345681829355,11,14,5.0
1635,14.586026253804711,14,11,5.0
1636,-5.457156171837607,12,13,5.0
1637,-4.5726826007872585,12,13,5.0
1638,14.495968350851012,14,11,5.0
1639,5.0537100377889885,13,12,5.0
1640,3.3661746447711387,13,12,5.0
1641,25.15659531529014,15,10,5.0
1642,-5.785207093016459,12,13,5.0
1643,5.455606186289157,13,12,5.0
1644,-25.85741551843726,10,15,5.0
1645,14.670822507275215,14,11,5.0
1646,4.029733536227164,13,12,5.0
1647,3.9947518803580255,13,12,5.0
1648,24.878142858592696,15,10,5.0
1649,15.146228028818562,14,11,5.0
1650,4.7913753981806915,13,12,5.0
1651,14.001240802020657,14,11,5.0
1652,24.064456524588522,15,10,5.0
1653,14.52056173915895,14,11,5.0
1654,24.499276035346828,15,10,5.0
1655,4.164888884872868,13,12,5.0
1656,24.78967438687438,15,10,5.0
1657,-4.507396584191731,12,13,5.0
1658,14.703520739844802,14,11,5.0
1659,14.506572746290844,14,11,5.0
1660,4.317429583195388,13,12,5.0
1661,-6.03404079679798,12,13,5.0
1662,24.786547048673185,15,10,5.0
1663,-5.7310866337354085,12,13,5.0
1664,-15.63348112847304,11,14,5.0
1665,-5.326300965320092,12,13,5.0
1666,12.337450944405955,14,11,5.0
1667,4.930633020941219,13,12,5.0
1668,23.913382401282863,15,10,5.0
1669,-6.450951481248264,12,13,5.0
1670,-5.989316895582501,12,13,5.0
1671,3.450758796048861,13,12,5.0
1672,14.115241058488856,14,11,5.0
1673,4.223214395890297,13,12,5.0
1674,-15.857215830843263,11,14,5.0
1675,14.395666490594884,14,11,5.0
1676,-5.791069636330853,12,13,5.0
1677,24.77637769594312,15,10,5.0
1678,4.0900790055246645,13,12,5.0
1679,24.732154885550084,15,10,5.0
1680,3.820941620140391,13,12,5.0
1681,4.240016572032685,13,12,5.0
1682,14.704675302799611,14,11,5.0
1683,15.080852798881878,14,11,5.0
1684,4.539223704893505,13,12,5.0
1685,14.60040168849202,14,11,5.0
1686,14.755419232154143,14,11,5.0
1687,14.283329385752861,14,11,5.0
1688,3.832377286821089,13,12,5.0
1689,-6.22303414104127,12,13,5.0
1690,14.466022194923987,14,11,5.0
1691,14.449024938863802,14,11,5.0
1692,3.8729211228807134,13,12,5.0
1693,14.358823943176219,14,11,5.0
1694,4.34875664536095,13,12,5.0
1695,3.2499747186646744,13,12,5.0
1696,2.364711848787545,13,12,5.0
1697,3.161828438249117,13,12,5.0
1698,-5.879958196394526,12,13,5.0
1699,-5.878034399240985,12,13,5.0
1700,3.29937707541848,13,12,5.0
1701,3.494509333804558,13,12,5.0
1702,-6.446254514284988,12,13,5.0
1703,24.192280923190342,15,10,5.0
1704,3.475910486129827,13,12,5.0
1705,-6.1486534090347265,12,13,5.0
1706,14.171065076341808,14,11,5.0
1707,4.427868986540785,13,12,5.0
1708,-35.86043289667771,9,16,5.0
1709,24.185550716787176,15,10,5.0
1710,3.923057791300792,13,12,5.0
1711,14.13937737449012,14,11,5.0
1712,4.470826794213146,13,12,5.0
1713,14.983002217218427,14,11,5.0
1714,4.377960786995288,13,12,5.0
1715,-4.978341342157251,12,13,5.0
1716,-5.8954823798851095,12,13,5.0
1717,-4.355372393106786,12,13,5.0
1718,-15.511379933850753,11,14,5.0
1719,-14.70606167858943,11,14,5.0
1720,-6.591929999155532,12,13,5.0
1721,4.232557774143105,13,12,5.0
1722,-5.503301295093792,12,13,5.0
1723,3.7337724474948626,13,12,5.0
1724,-5.340557378387867,12,13,5.0
1725,-5.509185367124816,12,13,5.0
1726,-5.8856907500010145,12,13,5.0
1727,-5.5189253236903015,12,13,5.0
1728,14.629786911704219,14,11,5.0
1729,5.052715335484216,13,12,5.0
1730,13.720783752821802,14,11,5.0
1731,4.281728769931883,13,12,5.0
1732,3.8598351791735226,13,12,5.0
1733,-15.63853041119955,11,14,5.0
1734,-15.971756721470548,11,14,5.0
1735,14.450275807256567,14,11,5.0
1736,-5.3555628155381445,12,13,5.0
1737,13.494901040458181,14,11,5.0
1738,14.135255542803085,14,11,5.0
1739,3.7415393430135566,13,12,5.0
1740,-5.994962685994166,12,13,5.0
1741,-15.66857425258485,11,14,5.0
1742,-5.9522043268224865,12,13,5.0
1743,-5.947885347614447,12,13,5.0
1744,-15.46737477185254,11,14,5.0
1745,-5.93605811466632,12,13,5.0
1746,3.9489187070827736,13,12,5.0
1747,-5.92468471924511,12,13,5.0
1748,4.662354860702537,13,12,5.0
1749,-16.009009840857086,11,14,5.0
1750,4.129330540525566,13,12,5.0
1751,14.671384352343209,14,11,5.0
1752,14.6003893030883,14,11,5.0
1753,14.055186982738167,14,11,5.0
1754,4.671288154203637,13,12,5.0
1755,-16.19519571635128,11,14,5.0
1756,13.84090194411328,14,11,5.0
1757,-25.71523677146559,10,15,5.0
1758,3.7349922805235085,13,12,5.0
1759,14.243012333669773,14,11,5.0
1760,-6.227374579851595,12,13,5.0
1761,4.424908786283442,13,12,5.0
1762,4.1519430294334505,13,12,5.0
1763,3.2787684403605493,13,12,5.0
1764,-16.411830572165496,11,14,5.0
1765,-4.899505034545088,12,13,5.0
1766,-5.689035337312703,12,13,5.0
1767,13.58249131323708,14,11,5.0
1768,24.04494443146661,15,10,5.0
1769,-5.796327976864758,12,13,5.0
1770,33.8054646022137,16,9,5.0
1771,14.330670141274993,14,11,5.0
1772,4.793895629097394,13,12,5.0
1773,-15.769494299413541,11,14,5.0
1774,13.431892041165325,14,11,5.0
1775,4.591057971003522,13,12,5.0
1776,-6.19718910701313,12,13,5.0
1777,14.512517944769877,14,11,5.0
1778,-6.755524298692038,12,13,5.0
1779,13.793924298682297,14,11,5.0
1780,14.127792023866224,14,11,5.0
1781,-16.90906215040892,11,14,5.0
1782,24.71396113719809,15,10,5.0
1783,-5.913440918736747,12,13,5.0
1784,35.35290121878047,16,9,5.0
1785,-14.989596584773441,11,14,5.0
1786,-5.910566767452655,12,13,5.0
1787,4.860360137300734,13,12,5.0
1788,24.64892435572645,15,10,5.0
1789,4.283422089783273,13,12,5.0
1790,3.969742094212105,13,12,5.0
1791,-6.045961379756379,12,13,5.0
1792,14.356774289211405,14,11,5.0
1793,4.156630186519289,13,12,5.0
1794,-6.268622372396068,12,13,5.0
1795,4.218448659129464,13,12,5.0
1796,-6.014912881966673,12,13,5.0
1797,23.43873980773285,15,10,5.0
1798,13.388735592157857,14,11,5.0
1799,13.08332959945767,14,11,5.0
1800,12.784467712971512,14,11,5.0
1801,4.5022020302257175,13,12,5.0
1802,13.536937911527158,14,11,5.0
1803,-7.57147110565445,12,13,5.0
1804,2.9502048118092077,13,12,5.0
1805,3.7940060435480873,13,12,5.0
1806,22.84083965500669,15,10,5.0
1807,13.075370993833126,14,11,5.0
1808,23.66211386930445,15,10,5.0
1809,3.715993858464673,13,12,5.0
1810,13.647356405315984,14,11,5.0
1811,3.686495642184383,13,12,5.0
1812,23.56735201034627,15,10,5.0
1813,4.082330037272358,13,12,5.0
1814,13.937634450388941,14,11,5.0
1815,-15.932685746325316,11,14,5.0
1816,14.804131717642303,14,11,5.0
1817,-6.124493707255457,12,13,5.0
1818,4.120380131743655,13,12,5.0
1819,-6.313690917313055,12,13,5.0
1820,-5.632516495642138,12,13,5.0
1821,3.2525895373652407,13,12,5.0
1822,-15.851010230079485,11,14,5.0
1823,3.641565862661947,13,12,5.0
1824,3.643172636109611,13,12,5.0
1825,4.150085180932203,13,12,5.0
1826,13.76036055488246,14,11,5.0
1827,14.047399050992924,14,11,5.0
1828,-15.074159047159448,11,14,5.0
1829,13.616845174327114,14,11,5.0
1830,14.11409733778898,14,11,5.0
1831,14.040297724397787,14,11,5.0
1832,14.97053186543932,14,11,5.0
1833,13.276380822548822,14,11,5.0
1834,14.04775994650775,14,11,5.0
1835,13.535964288249406,14,11,5.0
1836,4.27783664441939,13,12,5.0
1837,-7.403637539000816,12,13,5.0
1838,3.7187190732159223,13,12,5.0
1839,3.6276642845882314,13,12,5.0
1840,24.5285508429218,15,10,5.0
1841,-5.951937397077009,12,13,5.0
1842,14.161902893676942,14,11,5.0
1843,-5.5381364413885885,12,13,5.0
1844,3.473106307831465,13,12,5.0
1845,24.10166014597743,15,10,5.0
1846,4.5495198046589245,13,12,5.0
1847,24.867176334037463,15,10,5.0
1848,4.808783147792575,13,12,5.0
1849,4.139532096464809,13,12,5.0
1850,3.5937351366248755,13,12,5.0
1851,-15.874252833238856,11,14,5.0
1852,13.567137484135463,14,11,5.0
1853,-15.361423137716752,11,14,5.0
1854,13.974501150108004,14,11,5.0
1855,-5.402381593631067,12,13,5.0
1856,23.84219428668778,15,10,5.0
1857,4.0410745167595135,13,12,5.0
1858,23.791598829023222,15,10,5.0
1859,13.961332187447997,14,11,5.0
1860,14.276833296830056,14,11,5.0
1861,24.48506509120603,15,10,5.0
1862,24.33627343671112,15,10,5.0
1863,12.845709499389443,14,11,5.0
1864,4.5889034780181515,13,12,5.0
1865,23.46779496174316,15,10,5.0
1866,13.671451082238729,14,11,5.0
1867,3.902515427084257,13,12,5.0
1868,2.955370332296165,13,12,5.0
1869,23.837439286181453,15,10,5.0
1870,23.92478013469139,15,10,5.0
1871,34.20264649445352,16,9,5.0
1872,-6.53573656443305,12,13,5.0
1873,23.216973134582403,15,10,5.0
1874,23.81230702826441,15,10,5.0
1875,-6.393566396876665,12,13,5.0
1876,-5.13440066571588,12,13,5.0
1877,4.385747233954408,13,12,5.0
1878,13.437208778893634,14,11,5.0
1879,33.79558513449867,16,9,5.0
1880,13.544341085625652,14,11,5.0
1881,14.970213653246276,14,11,5.0
1882,24.33317680727886,15,10,5.0
1883,4.769111252637401,13,12,5.0
1884,23.767263939205776,15,10,5.0
1885,13.434048973018145,14,11,5.0
1886,14.44809010847501,14,11,5.0
1887,23.53147978731871,15,10,5.0
1888,23.44601457156287,15,10,5.0
1889,13.789291057960725,14,11,5.0
1890,-6.21955295539712,12,13,5.0
1891,13.011170604174431,14,11,5.0
1892,13.535400264558923,14,11,5.0
1893,4.102784828539917,13,12,5.0
1894,14.082911495675337,14,11,5.0
1895,4.502342740206892,13,12,5.0
1896,24.20885482467579,15,10,5.0
1897,24.007491637681643,15,10,5.0
1898,13.888776420752857,14,11,5.0
1899,3.7362270194574467,13,12,5.0
1900,23.816446748957492,15,10,5.0
1901,23.74700706539062,15,10,5.0
1902,24.096833983868407,15,10,5.0
1903,-5.640720897381758,12,13,5.0
1904,14.689377882260978,14,11,5.0
1905,-6.7403757039843235,12,13,5.0
1906,-6.4006487152560325,12,13,5.0
1907,4.937025581280718,13,12,5.0
1908,4.330403424291013,13,12,5.0
1909,24.25121619375539,15,10,5.0
1910,13.716757614975407,14,11,5.0
1911,13.681652659141903,14,11,5.0
1912,-6.048279103927239,12,13,5.0
1913,14.098082757951154,14,11,5.0
1914,24.35505061852519,15,10,5.0
1915,3.8327969684580845,13,12,5.0
1916,3.779258179040852,13,12,5.0
1917,4.240847456696262,13,12,5.0
1918,4.6255428463571135,13,12,5.0
1919,3.475644756572496,13,12,5.0
1920,23.981811802084394,15,10,5.0
1921,14.585698338037039,14,11,5.0
1922,4.368331202766905,13,12,5.0
1923,4.2750400533069755,13,12,5.0
1924,3.9731073663073406,13,12,5.0
1925,23.976171622018203,15,10,5.0
1926,14.178653165006466,14,11,5.0
1927,4.249120856489419,13,12,5.0
1928,4.338872926200315,13,12,5.0
1929,14.677553968299451,14,11,5.0
1930,3.800346144956001,13,12,5.0
1931,24.63132101658549,15,10,5.0
1932,3.971976107299483,13,12,5.0
1933,14.45296069763253,14,11,5.0
1934,4.770656599128463,13,12,5.0
1935,3.8403046272399175,13,12,5.0
1936,-15.596455495295967,11,14,5.0
1937,14.044662560874581,14,11,5.0
1938,24.87089391853167,15,10,5.0
1939,14.731624076781621,14,11,5.0
1940,-5.430040845003854,12,13,5.0
1941,4.138278827919784,13,12,5.0
1942,25.007906648371808,15,10,5.0
1943,4.509722342889114,13,12,5.0
1944,14.312124753990105,14,11,5.0
1945,14.755621409859112,14,11,5.0
1946,4.14042211566769,13,12,5.0
1947,-6.034558757702525,12,13,5.0
1948,4.152146886195641,13,12,5.0
1949,14.226116769302243,14,11,5.0
1950,13.532961714463909,14,11,5.0
1951,-5.506719844083433,12,13,5.0
1952,4.5694032901026045,13,12,5.0
1953,14.719457413098922,14,11,5.0
1954,13.647840315124569,14,11,5.0
1955,-5.287549283732876,12,13,5.0
1956,4.2130549137007876,13,12,5.0
1957,23.85526987834274,15,10,5.0
1958,5.286158073221503,13,12,5.0
1959,13.870687016695957,14,11,5.0
1960,14.242378261664408,14,11,5.0
1961,25.01250567196466,15,10,5.0
1962,3.4702586836008944,13,12,5.0
1963,14.664703083210135,14,11,5.0
1964,4.71817665283551,13,12,5.0
1965,23.39112543649227,15,10,5.0
1966,14.757200940042802,14,11,5.0
1967,-5.568708242780513,12,13,5.0
1968,4.509643409568019,13,12,5.0
1969,4.65331855955133,13,12,5.0
1970,-5.641626352039812,12,13,5.0
1971,14.592641810607525,14,11,5.0
1972,14.477393386154427,14,11,5.0
1973,4.380424644585508,13,12,5.0
1974,25.153559533882913,15,10,5.0
1975,14.287818512652546,14,11,5.0
1976,4.361111373654023,13,12,5.0
1977,-5.461172867741093,12,13,5.0
1978,23.927991890314015,15,10,5.0
1979,4.0402577077262745,13,12,5.0
1980,14.787971702587543,14,11,5.0
1981,14.795682254082166,14,11,5.0
1982,24.11830485082629,15,10,5.0
1983,4.29007030152429,13,12,5.0
1984,23.61703117232982,15,10,5.0
1985,4.024311227375353,13,12,5.0
1986,4.3667803785568875,13,12,5.0
1987,3.9119251270179554,13,12,5.0
1988,-15.712218253445254,11,14,5.0
1989,4.702007037791244,13,12,5.0
1990,24.036601386668742,15,10,5.0
1991,-6.185113931037323,12,13,5.0
1992,4.730815569456825,13,12,5.0
1993,-15.174166095278299,11,14,5.0
1994,14.027837621656001,14,11,5.0
1995,13.63639747157877,14,11,5.0
1996,24.161369868928475,15,10,5.0
1997,13.88370250787297,14,11,5.0
1998,24.189963523039886,15,10,5.0
1999,14.132210665859688,14,11,5.0
2000,13.76605698479847,14,11,5.0
2001,24.65806221812792,15,10,5.0
2002,-5.6964429667397045,12,13,5.0
2003,14.023744479071041,14,11,5.0
2004,4.201264742426748,13,12,5.0
2005,12.865929717965408,14,11,5.0
2006,4.286812458659488,13,12,5.0
2007,-6.074455052782353,12,13,5.0
2008,3.877009015955826,13,12,5.0
2009,-16.50595113601515,11,14,5.0
2010,4.057356642542327,13,12,5.0
2011,4.636948631249638,13,12,5.0
2012,4.49946582005459,13,12,5.0
2013,-15.339650745896614,11,14,5.0
2014,4.031992803804897,13,12,5.0
2015,14.49455856276709,14,11,5.0
2016,-5.6438609439091465,12,13,5.0
2017,4.596639527665161,13,12,5.0
2018,13.932612477143625,14,11,5.0
2019,-6.221747308338422,12,13,5.0
2020,34.998331160436464,16,9,5.0
2021,14.104170152276895,14,11,5.0
2022,23.864387073414903,15,10,5.0
2023,-5.657096249473115,12,13,5.0
2024,34.28396376723176,16,9,5.0
2025,-6.5362190890615075,12,13,5.0
2026,24.11377524481068,15,10,5.0
2027,4.388009055620969,13,12,5.0
2028,4.094308289758949,13,12,5.0
2029,14.282578720604914,14,11,5.0
2030,14.724394092760807,14,11,5.0
2031,13.890041811493745,14,11,5.0
2032,4.428594832097653,13,12,5.0
2033,25.053096650829268,15,10,5.0
2034,-6.285354788682389,12,13,5.0
2035,-16.361283835884457,11,14,5.0
2036,24.03629788128451,15,10,5.0
2037,-6.3774376780797155,12,13,5.0
2038,-6.526516301300982,12,13,5.0
2039,3.4224166077319857,13,12,5.0
2040,13.872415129515645,14,11,5.0
2041,-5.177608886335165,12,13,5.0
2042,14.50353007826051,14,11,5.0
2043,-5.277058894920392,12,13,5.0
2044,-5.713497896471612,12,13,5.0
2045,14.051957376656839,14,11,5.0
2046,-6.006822915719795,12,13,5.0
2047,33.909799682839804,16,9,5.0
2048,13.643085276298892,14,11,5.0
2049,14.528574580032515,14,11,5.0
2050,13.80556630023944,14,11,5.0
2051,14.090149704069482,14,11,5.0
2052,14.056529641827572,14,11,5.0
2053,-5.65877203632982,12,13,5.0
2054,24.59939802824624,15,10,5.0
2055,14.731155580781689,14,11,5.0
2056,24.38487082851413,15,10,5.0
2057,14.375616148487175,14,11,5.0
2058,-5.137793026488758,12,13,5.0
2059,4.865949732082953,13,12,5.0
2060,14.210773297015173,14,11,5.0
2061,3.7359976539553275,13,12,5.0
2062,4.4935529671936365,13,12,5.0
2063,4.741273247735791,13,12,5.0
2064,-6.235154637014748,12,13,5.0
2065,14.27135474507303,14,11,5.0
2066,33.52428896533915,16,9,5.0
2067,-15.80915063164312,11,14,5.0
2068,13.682873981283294,14,11,5.0
2069,3.984761524944707,13,12,5.0
2070,3.380015195747049,13,12,5.0
2071,13.565571883405642,14,11,5.0
2072,24.023548232188496,15,10,5.0
2073,3.616393356114042,13,12,5.0
2074,3.6555982774840112,13,12,5.0
2075,-6.797324385920817,12,13,5.0
2076,13.369145524561539,14,11,5.0
2077,13.89451026462659,14,11,5.0
2078,24.426231328723723,15,10,5.0
2079,4.526247201976172,13,12,5.0
2080,13.747473860667975,14,11,5.0
2081,23.396541144453767,15,10,5.0
2082,13.19923610878579,14,11,5.0
2083,-15.899535496137016,11,14,5.0
2084,3.6490718831866644,13,12,5.0
2085,3.417306841827747,13,12,5.0
2086,3.8232199799406734,13,12,5.0
2087,24.33059758465356,15,10,5.0
2088,23.869339977901028,15,10,5.0
2089,-5.88831777199077,12,13,5.0
2090,13.817884011666592,14,11,5.0
2091,23.495866266231165,15,10,5.0
2092,-6.662781372817086,12,13,5.0
2093,2.916454943290667,13,12,5.0
2094,-6.50026083905019,12,13,5.0
2095,-6.259568602084302,12,13,5.0
2096,-6.404868459748572,12,13,5.0
2097,-16.580195969887637,11,14,5.0
2098,2.7690660742824065,13,12,5.0
2099,3.4238144506152697,13,12,5.0
2100,4.451505671949005,13,12,5.0
2101,-6.33127928581494,12,13,5.0
2102,3.336041539356378,13,12,5.0
2103,4.158545252843725,13,12,5.0
2104,13.851008090688559,14,11,5.0
2105,2.8176295800458977,13,12,5.0
2106,4.49957913643199,13,12,5.0
2107,3.3541863695977723,13,12,5.0
2108,3.1434559613730926,13,12,5.0
2109,13.575771921408924,14,11,5.0
2110,-15.981388946326682,11,14,5.0
2111,-16.206475660477764,11,14,5.0
2112,-6.371529577773412,12,13,5.0
2113,12.986369122884543,14,11,5.0
2114,3.642407574912605,13,12,5.0
2115,-5.7126843455790315,12,13,5.0
2116,3.7706420938894176,13,12,5.0
2117,2.9890990389565495,13,12,5.0
2118,3.8439935773370433,13,12,5.0
2119,2.8486174925654915,13,12,5.0
2120,13.422506031669482,14,11,5.0
2121,4.086889253950428,13,12,5.0
2122,3.963579923997031,13,12,5.0
2123,14.100703060830671,14,11,5.0
2124,2.5705354201363892,13,12,5.0
2125,23.81136727794722,15,10,5.0
2126,13.017933108475823,14,11,5.0
2127,3.8467809347273505,13,12,5.0
2128,24.59802294326387,15,10,5.0
2129,4.038863433647123,13,12,5.0
2130,3.791544754423274,13,12,5.0
2131,4.667969707717514,13,12,5.0
2132,4.015384397204176,13,12,5.0
2133,15.101232499911378,14,11,5.0
2134,3.2126977724146464,13,12,5.0
2135,-6.166827401579997,12,13,5.0
2136,3.0290894509847632,13,12,5.0
2137,13.325710570732305,14,11,5.0
2138,-6.473111645223845,12,13,5.0
2139,13.988766711977357,14,11,5.0
2140,4.147547134362158,13,12,5.0
2141,-27.113231646875736,10,15,5.0
2142,-6.074808902646094,12,13,5.0
2143,3.142344348165299,13,12,5.0
2144,-6.139712037455675,12,13,5.0
2145,3.340475903311642,13,12,5.0
2146,-5.466849486493214,12,13,5.0
2147,14.325239413457178,14,11,5.0
2148,4.650311076031245,13,12,5.0
2149,3.481815886398918,13,12,5.0
2150,3.2948809265944003,13,12,5.0
2151,-6.954488137083627,12,13,5.0
2152,-6.053071218832219,12,13,5.0
2153,-6.209191132242829,12,13,5.0
2154,3.7574185785338354,13,12,5.0
2155,3.3229329658857125,13,12,5.0
2156,3.988048241783689,13,12,5.0
2157,3.440945939953064,13,12,5.0
2158,-16.139705762333545,11,14,5.0
2159,-6.756082822442817,12,13,5.0
2160,3.623917680720835,13,12,5.0
2161,4.353758138027516,13,12,5.0
2162,4.323799739772323,13,12,5.0
2163,13.73670218021482,14,11,5.0
2164,13.66821125107845,14,11,5.0
2165,24.049849529537532,15,10,5.0
2166,-6.684946871027026,12,13,5.0
2167,14.009321363994758,14,11,5.0
2168,14.393393981788682,14,11,5.0
2169,-5.808296584903176,12,13,5.0
2170,-5.65616546261315,12,13,5.0
2171,-24.81917083373224,10,15,5.0
2172,5.161635248352774,13,12,5.0
2173,4.253872748154877,13,12,5.0
2174,4.877452822084036,13,12,5.0
2175,-5.2226987105855365,12,13,5.0
2176,4.219092532154878,13,12,5.0
2177,-5.177273364960352,12,13,5.0
2178,-15.421685047055915,11,14,5.0
2179,13.866099969458368,14,11,5.0
2180,-16.05110030319686,11,14,5.0
2181,4.460331889474745,13,12,5.0
2182,4.333071518466884,13,12,5.0
2183,4.686621875233411,13,12,5.0
2184,4.277218073082144,13,12,5.0
2185,-5.572912063663308,12,13,5.0
2186,24.581874488921812,15,10,5.0
2187,-16.278803108441654,11,14,5.0
2188,4.545692656524224,13,12,5.0
2189,3.4807935734162223,13,12,5.0
2190,4.46750001583486,13,12,5.0
2191,-5.520140534274808,12,13,5.0
2192,14.5495570100704,14,11,5.0
2193,-5.871017112487689,12,13,5.0
2194,34.20597549285475,16,9,5.0
2195,-5.543919244118143,12,13,5.0
2196,-5.635620269996403,12,13,5.0
2197,-5.779573830071368,12,13,5.0
2198,14.648792450503331,14,11,5.0
2199,4.405111779186852,13,12,5.0
2200,14.52643935266238,14,11,5.0
2201,-6.769680132389403,12,13,5.0
2202,-15.415478464003948,11,14,5.0
2203,14.748525117875463,14,11,5.0
2204,-25.768469854310244,10,15,5.0
2205,4.414642266369109,13,12,5.0
2206,-5.249865074629193,12,13,5.0
2207,4.105991423743706,13,12,5.0
2208,-5.945297251082042,12,13,5.0
2209,14.1985731213345,14,11,5.0
2210,4.5898344164331215,13,12,5.0
2211,3.8306825244278624,13,12,5.0
2212,4.564967539830919,13,12,5.0
2213,3.9608053274936736,13,12,5.0
2214,-5.284612865323124,12,13,5.0
2215,4.355819501305961,13,12,5.0
2216,4.1910166254447905,13,12,5.0
2217,4.075093917890969,13,12,5.0
2218,4.965062091003027,13,12,5.0
2219,-25.516553155896375,10,15,5.0
2220,4.447557142039807,13,12,5.0
2221,-5.091852655575284,12,13,5.0
2222,-26.20209696273204,10,15,5.0
2223,4.014831202713472,13,12,5.0
2224,-5.155405371190249,12,13,5.0
2225,5.035089311585877,13,12,5.0
2226,14.2575072534917,14,11,5.0
2227,4.768605891831008,13,12,5.0
2228,-5.588703798259225,12,13,5.0
2229,-5.263130189816291,12,13,5.0
2230,14.695564620463045,14,11,5.0
2231,-5.231722334162399,12,13,5.0
2232,-5.829593594472527,12,13,5.0
2233,14.970109758457403,14,11,5.0
2234,-5.041724630577807,12,13,5.0
2235,14.405698174103852,14,11,5.0
2236,14.978378035110865,14,11,5.0
2237,4.172134438610577,13,12,5.0
2238,-15.603744744984787,11,14,5.0
2239,-4.928110039469246,12,13,5.0
2240,-5.189190810760376,12,13,5.0
2241,4.4496470066737075,13,12,5.0
2242,-26.169542502499382,10,15,5.0
2243,-6.173818545075962,12,13,5.0
2244,3.5071760098502285,13,12,5.0
2245,-5.476293671404854,12,13,5.0
2246,13.793620433741097,14,11,5.0
2247,-5.921131651673061,12,13,5.0
2248,4.060094085895871,13,12,5.0
2249,4.873251504905408,13,12,5.0
2250,13.977608283805532,14,11,5.0
2251,-6.230308087768769,12,13,5.0
2252,4.084436844335331,13,12,5.0
2253,-15.393349134984572,11,14,5.0
2254,-15.634878418942087,11,14,5.0
2255,-5.951057512844086,12,13,5.0
2256,3.7648465548393695,13,12,5.0
2257,-7.003004357639792,12,13,5.0
2258,3.1626836233081956,13,12,5.0
2259,2.75925322731581,13,12,5.0
2260,-16.286246870977187,11,14,5.0
2261,-6.53608582158104,12,13,5.0
2262,-6.574036094681686,12,13,5.0
2263,3.27909670127862,13,12,5.0
2264,-6.607112935432745,12,13,5.0
2265,-6.112873227709084,12,13,5.0
2266,-26.227068921275468,10,15,5.0
2267,-16.481490638937487,11,14,5.0
2268,13.066473872203446,14,11,5.0
2269,-6.575965443789205,12,13,5.0
2270,-16.672324485136365,11,14,5.0
2271,-16.557958536481195,11,14,5.0
2272,-6.932645774640406,12,13,5.0
2273,2.6887713084981737,13,12,5.0
2274,-6.5399362174458755,12,13,5.0
2275,-6.297215415618638,12,13,5.0
2276,13.284677004969144,14,11,5.0
2277,2.78604885636332,13,12,5.0
2278,-6.671000439363407,12,13,5.0
2279,2.7416592773530404,13,12,5.0
2280,13.547969380394713,14,11,5.0
2281,2.381441472901935,13,12,5.0
2282,-7.929999786630201,12,13,5.0
2283,-17.93446364952495,11,14,5.0
2284,-6.869828516648882,12,13,5.0
2285,-17.137483508627263,11,14,5.0
2286,-6.972757828497443,12,13,5.0
2287,-28.030766436714508,10,15,5.0
2288,13.138387608326187,14,11,5.0
2289,2.7232014104045383,13,12,5.0
2290,2.9522365645496507,13,12,5.0
2291,2.2322534290989804,13,12,5.0
2292,-16.845099326663938,11,14,5.0
2293,3.6454070712771784,13,12,5.0
2294,-17.01636271912558,11,14,5.0
2295,3.2113522370746175,13,12,5.0
2296,-5.512632413407651,12,13,5.0
2297,-7.014827844578511,12,13,5.0
2298,3.591895696350811,13,12,5.0
2299,-6.477575345910456,12,13,5.0
2300,-6.969609809713674,12,13,5.0
2301,3.502595972671312,13,12,5.0
2302,2.5987783345992153,13,12,5.0
2303,-15.552564223470084,11,14,5.0
2304,3.5627386913692582,13,12,5.0
2305,4.888936561690418,13,12,5.0
2306,2.6972317362425215,13,12,5.0
2307,-7.253926705759663,12,13,5.0
2308,4.627265791276391,13,12,5.0
2309,-6.082617758364837,12,13,5.0
2310,-6.4243224516765025,12,13,5.0
2311,4.383220362450819,13,12,5.0
2312,5.110584655815767,13,12,5.0
2313,-15.763323728081996,11,14,5.0
2314,-6.323306902127914,12,13,5.0
2315,-5.689231648929768,12,13,5.0
2316,-6.194538022178529,12,13,5.0
2317,-6.357266492327609,12,13,5.0
2318,2.5836266970607227,13,12,5.0
2319,-6.939637734548503,12,13,5.0
2320,4.147597582844536,13,12,5.0
2321,-6.650607432572887,12,13,5.0
2322,13.218442219322842,14,11,5.0
2323,-26.630710548935802,10,15,5.0
2324,-5.90546379245291,12,13,5.0
2325,-17.065672292771644,11,14,5.0
2326,-6.978138676148188,12,13,5.0
2327,3.0587852042098795,13,12,5.0
2328,-6.656950670346744,12,13,5.0
2329,-28.125912034264214,10,15,5.0
2330,3.034371190045519,13,12,5.0
2331,3.975417147432747,13,12,5.0
2332,-15.646996109368441,11,14,5.0
2333,3.3122898803069845,13,12,5.0
2334,-16.309052961009137,11,14,5.0
2335,-7.065805388270892,12,13,5.0
2336,-26.792149893176045,10,15,5.0
2337,3.2943318354063464,13,12,5.0
2338,-6.994475576206913,12,13,5.0
2339,-8.110841362574273,12,13,5.0
2340,-6.752982026272713,12,13,5.0
2341,-6.583349568790691,12,13,5.0
2342,-17.00443422643025,11,14,5.0
2343,-16.797936347239073,11,14,5.0
2344,-6.175998741648195,12,13,5.0
2345,-16.53185747421617,11,14,5.0
2346,-27.203933147669137,10,15,5.0
2347,2.9315595147563975,13,12,5.0
2348,-17.141916947732284,11,14,5.0
2349,-27.713666045468475,10,15,5.0
2350,-26.747102008860367,10,15,5.0
2351,-16.74643658241806,11,14,5.0
2352,-27.539995598543516,10,15,5.0
2353,1.3895305733907914,13,12,5.0
2354,2.7369847124394653,13,12,5.0
2355,-18.17282859626958,11,14,5.0
2356,-17.038987580837663,11,14,5.0
2357,-7.063175212569771,12,13,5.0
2358,-6.729182821639437,12,13,5.0
2359,-16.00634355156038,11,14,5.0
2360,-8.5691573271482,12,13,5.0
2361,-16.450235512332398,11,14,5.0
2362,-6.932621156545661,12,13,5.0
2363,-7.484738747571852,12,13,5.0
2364,-6.6249674595509624,12,13,5.0
2365,-17.73709652246374,11,14,5.0
2366,-16.626244335375183,11,14,5.0
2367,-16.77278120399226,11,14,5.0
2368,-17.027826329093735,11,14,5.0
2369,3.933538701669164,13,12,5.0
2370,-15.516269259464785,11,14,5.0
2371,3.699443740827128,13,12,5.0
2372,-7.201525791251893,12,13,5.0
2373,-15.723480202268131,11,14,5.0
2374,-27.363812606726434,10,15,5.0
2375,2.10986130796708,13,12,5.0
2376,13.207494247461067,14,11,5.0
2377,-36.76364154525034,9,16,5.0
2378,-6.9309707794192,12,13,5.0
2379,-16.77045011078293,11,14,5.0
2380,3.581684333293481,13,12,5.0
2381,-6.465432064694866,12,13,5.0
2382,-7.131378605803826,12,13,5.0
2383,-8.014734702605608,12,13,5.0
2384,-16.832445101551034,11,14,5.0
2385,-6.431855373673256,12,13,5.0
2386,3.8587062887777996,13,12,5.0
2387,-16.714104394761026,11,14,5.0
2388,-5.66754459995593,12,13,5.0
2389,13.501495423680964,14,11,5.0
2390,-16.960378082446525,11,14,5.0
2391,13.207197931142968,14,11,5.0
2392,-36.55785792838064,9,16,5.0
2393,13.113696527921784,14,11,5.0
2394,3.7788929887495257,13,12,5.0
2395,-15.852332422897309,11,14,5.0
2396,-8.496481425624046,12,13,5.0
2397,2.538182504204098,13,12,5.0
2398,2.750227544623394,13,12,5.0
2399,-6.515542330347003,12,13,5.0
2400,-6.631021242921939,12,13,5.0
2401,-27.2584157266389,10,15,5.0
2402,-26.547856366098653,10,15,5.0
2403,-17.80660202309555,11,14,5.0
2404,-17.399711823834085,11,14,5.0
2405,2.4419398685149254,13,12,5.0
2406,-16.964980404032886,11,14,5.0
2407,2.073061368728297,13,12,5.0
2408,2.012668865764109,13,12,5.0
2409,-7.773642767167132,12,13,5.0
2410,2.516467204760758,13,12,5.0
2411,-16.79274327228135,11,14,5.0
2412,2.833496651680232,13,12,5.0
2413,-7.491391794157858,12,13,5.0
2414,3.367704420993487,13,12,5.0
2415,-7.104989179454359,12,13,5.0
2416,2.5170219494874004,13,12,5.0
2417,-16.624344832124745,11,14,5.0
2418,-16.374302427922615,11,14,5.0
2419,3.1008417726104476,13,12,5.0
2420,-7.916117783908328,12,13,5.0
2421,-17.988879778905265,11,14,5.0
2422,-17.418327441118898,11,14,5.0
2423,-7.8713743623743415,12,13,5.0
2424,-28.162427835550744,10,15,5.0
2425,-18.790061012373684,11,14,5.0
2426,-27.840418908292467,10,15,5.0
2427,-16.21573516090568,11,14,5.0
2428,-17.04475007274511,11,14,5.0
2429,-27.468106831489983,10,15,5.0
2430,-28.451825111008997,10,15,5.0
2431,-18.273847332633995,11,14,5.0
2432,2.7341875154021817,13,12,5.0
2433,-18.33982904780835,11,14,5.0
2434,-27.96387206622456,10,15,5.0
2435,-7.919779794238012,12,13,5.0
2436,-17.819819176503803,11,14,5.0
2437,22.89505900123772,15,10,5.0
2438,2.1291865054444976,13,12,5.0
2439,-17.30646424134953,11,14,5.0
2440,-27.063470325260738,10,15,5.0
2441,-7.506311279383633,12,13,5.0
2442,-18.11317613198274,11,14,5.0
2443,-8.646018206671535,12,13,5.0
2444,-7.631912431136869,12,13,5.0
2445,-18.57052981275739,11,14,5.0
2446,-8.587585757535702,12,13,5.0
2447,-7.5704057229283155,12,13,5.0
2448,-18.57111328279494,11,14,5.0
2449,-25.957543309916083,10,15,5.0
2450,-28.19675950968194,10,15,5.0
2451,-17.660214497650383,11,14,5.0
2452,-17.149007044124538,11,14,5.0
2453,3.4805523530222864,13,12,5.0
2454,-16.665799861585562,11,14,5.0
2455,3.1167088135850065,13,12,5.0
2456,-27.222837951003203,10,15,5.0
2457,1.909828765935469,13,12,5.0
2458,-16.399473685760377,11,14,5.0
2459,-4.91433468820217,12,13,5.0
2460,-7.0071087143030635,12,13,5.0
2461,-6.0921520691039,12,13,5.0
2462,2.4051717923627196,13,12,5.0
2463,-6.761648811329682,12,13,5.0
2464,-6.645514253634861,12,13,5.0
2465,12.905226876934316,14,11,5.0
2466,3.0753436972582815,13,12,5.0
2467,2.6260938582395603,13,12,5.0
2468,-7.208258014559748,12,13,5.0
2469,2.2165202670147455,13,12,5.0
2470,3.660834230819388,13,12,5.0
2471,-16.77769146557504,11,14,5.0
2472,23.728291001486706,15,10,5.0
2473,-18.36002737116349,11,14,5.0
2474,3.3980691035193207,13,12,5.0
2475,-6.756586864230583,12,13,5.0
2476,13.450170044105722,14,11,5.0
2477,13.461915527163798,14,11,5.0
2478,-6.059859605548596,12,13,5.0
2479,-16.878836217502382,11,14,5.0
2480,-6.2172784844247495,12,13,5.0
2481,-7.097708074593637,12,13,5.0
2482,-16.563810960627663,11,14,5.0
2483,2.875245733291928,13,12,5.0
2484,12.262008987154834,14,11,5.0
2485,2.785586740363316,13,12,5.0
2486,3.1440368538887817,13,12,5.0
2487,3.6637226366200357,13,12,5.0
2488,-6.506983616480493,12,13,5.0
2489,-16.571894367402564,11,14,5.0
2490,-17.597428921212,11,14,5.0
2491,13.1403945658017,14,11,5.0
2492,2.49318814436476,13,12,5.0
2493,-7.861098378049031,12,13,5.0
2494,-17.521763387831715,11,14,5.0
2495,14.33246489077924,14,11,5.0
2496,13.535987704081105,14,11,5.0
2497,3.0459487062713215,13,12,5.0
2498,-27.114057086880955,10,15,5.0
2499,13.496190957251235,14,11,5.0
2500,13.392050999137897,14,11,5.0
2501,-17.122405804587352,11,14,5.0
2502,-15.358645811395345,11,14,5.0
2503,-6.807411486016578,12,13,5.0
2504,-15.545377218312398,11,14,5.0
2505,2.865505248669712,13,12,5.0
2506,-6.797169703113294,12,13,5.0
2507,-6.6552507716368385,12,13,5.0
2508,3.565278526115627,13,12,5.0
2509,-6.025022884558503,12,13,5.0
2510,23.134970771132235,15,10,5.0
2511,-6.445902012858504,12,13,5.0
2512,-17.791636191526244,11,14,5.0
2513,2.899168403139395,13,12,5.0
2514,-6.1700158444765805,12,13,5.0
2515,3.4841825159844184,13,12,5.0
2516,4.368486722535233,13,12,5.0
2517,-6.81531129207505,12,13,5.0
2518,-27.09739378129547,10,15,5.0
2519,-7.570694123056151,12,13,5.0
2520,-17.029110682780168,11,14,5.0
2521,-37.467829132750595,9,16,5.0
2522,2.99251794469183,13,12,5.0
2523,-17.365242988213925,11,14,5.0
2524,-6.817090551745128,12,13,5.0
2525,-6.0417859692723415,12,13,5.0
2526,-5.832913844337356,12,13,5.0
2527,-16.19006141584159,11,14,5.0
2528,-6.221060007976055,12,13,5.0
2529,4.291439157452011,13,12,5.0
2530,-25.847301523281494,10,15,5.0
2531,-16.923579735793094,11,14,5.0
2532,-6.235315510041538,12,13,5.0
2533,-7.719023082478638,12,13,5.0
2534,-6.219865511246432,12,13,5.0
2535,-26.870342852982976,10,15,5.0
2536,-5.964221050810652,12,13,5.0
2537,-6.526582629667713,12,13,5.0
2538,-16.167746453290718,11,14,5.0
2539,-6.972855117437049,12,13,5.0
2540,2.826814203070837,13,12,5.0
2541,-26.92873150479371,10,15,5.0
2542,4.136051514149466,13,12,5.0
2543,-16.312183125020503,11,14,5.0
2544,-6.7992228304885,12,13,5.0
2545,-6.632427281463477,12,13,5.0
2546,-16.356127779468842,11,14,5.0
2547,-16.197315771386965,11,14,5.0
2548,-15.986470014921792,11,14,5.0
2549,-17.556834696321687,11,14,5.0
2550,2.8939828136573524,13,12,5.0
2551,3.171862857753272,13,12,5.0
2552,3.6371384587221094,13,12,5.0
2553,-17.330556305103382,11,14,5.0
2554,-27.329257573928203,10,15,5.0
2555,-26.070794748899193,10,15,5.0
2556,-16.97286795740917,11,14,5.0
2557,-17.03259443472598,11,14,5.0
2558,13.376234990451296,14,11,5.0
2559,-7.3243194554831845,12,13,5.0
2560,-6.468462313984633,12,13,5.0
2561,22.2363562793479,15,10,5.0
2562,-16.692572321727752,11,14,5.0
2563,-17.218237065331497,11,14,5.0
2564,-16.616560103944835,11,14,5.0
2565,-15.54455207174647,11,14,5.0
2566,3.2147489575710892,13,12,5.0
2567,-7.778657258043429,12,13,5.0
2568,3.3340914454389163,13,12,5.0
2569,-16.148400803653583,11,14,5.0
2570,-6.052643412025189,12,13,5.0
2571,-6.016751347737248,12,13,5.0
2572,-15.906351516461616,11,14,5.0
2573,-6.555203415471732,12,13,5.0
2574,-6.155215425248802,12,13,5.0
2575,-16.11585656749711,11,14,5.0
2576,3.8461028109547266,13,12,5.0
2577,-6.171997758168113,12,13,5.0
2578,-16.573794809701234,11,14,5.0
2579,-7.144257341171187,12,13,5.0
2580,-6.487396459820918,12,13,5.0
2581,3.9190670783808024,13,12,5.0
2582,-27.42725998427971,10,15,5.0
2583,3.0381105278101224,13,12,5.0
2584,-16.331288113332867,11,14,5.0
2585,-16.15147476589247,11,14,5.0
2586,-17.492398746748993,11,14,5.0
2587,-6.475228671180378,12,13,5.0
2588,3.9231547111082365,13,12,5.0
2589,2.6692101839600175,13,12,5.0
2590,-26.066542333951702,10,15,5.0
2591,3.9804510081369227,13,12,5.0
2592,-16.848280880860898,11,14,5.0
2593,-17.168149592144843,11,14,5.0
2594,-16.60495522504783,11,14,5.0
2595,-17.07856137963308,11,14,5.0
2596,-6.788439977062282,12,13,5.0
2597,3.072110578987828,13,12,5.0
2598,2.4945488881703755,13,12,5.0
2599,3.9812335940192867,13,12,5.0
2600,-17.21173098077515,11,14,5.0
2601,12.05352261545899,14,11,5.0
2602,-26.557790802246615,10,15,5.0
2603,-16.74570838521278,11,14,5.0
2604,-27.971750973783656,10,15,5.0
2605,-6.577779624699911,12,13,5.0
2606,-7.424322938001296,12,13,5.0
2607,2.1391815022159744,13,12,5.0
2608,-17.182484817877416,11,14,5.0
2609,-16.567137151054503,11,14,5.0
2610,-5.9533527366864885,12,13,5.0
2611,-26.176631433542575,10,15,5.0
2612,3.1871030555412503,13,12,5.0
2613,2.6440210341419164,13,12,5.0
2614,-7.637219206086361,12,13,5.0
2615,-26.84057614853699,10,15,5.0
2616,-15.771123597591561,11,14,5.0
2617,-27.061914089392616,10,15,5.0
2618,3.605553686799908,13,12,5.0
2619,-18.560208551409836,11,14,5.0
2620,-16.74033869981158,11,14,5.0
2621,-6.861855038752736,12,13,5.0
2622,-27.314532713640215,10,15,5.0
2623,-16.257846409803737,11,14,5.0
2624,3.1142932102331446,13,12,5.0
2625,-17.888459955517916,11,14,5.0
2626,-7.859014814256815,12,13,5.0
2627,-8.116109986926276,12,13,5.0
2628,-18.149297103386658,11,14,5.0
2629,-16.848820598952013,11,14,5.0
2630,-6.4773839654643774,12,13,5.0
2631,-6.678115716369142,12,13,5.0
2632,-6.662542245749422,12,13,5.0
2633,-5.802240507202885,12,13,5.0
2634,-17.617630417925845,11,14,5.0
2635,14.055682601648055,14,11,5.0
2636,23.026533287464666,15,10,5.0
2637,-6.752335763918649,12,13,5.0
2638,3.5833548859537636,13,12,5.0
2639,-6.465195954526047,12,13,5.0
2640,2.7972726846575746,13,12,5.0
2641,-7.378352647936943,12,13,5.0
2642,-27.205565785405902,10,15,5.0
2643,2.946431307285512,13,12,5.0
2644,3.7135794898864845,13,12,5.0
2645,-6.992162754317981,12,13,5.0
2646,-17.00504928226155,11,14,5.0
2647,22.6103705444574,15,10,5.0
2648,4.133376911100932,13,12,5.0
2649,-6.720126499120143,12,13,5.0
2650,-7.03843532003286,12,13,5.0
2651,-6.089842600168097,12,13,5.0
2652,3.542666370184232,13,12,5.0
2653,-16.356468187263143,11,14,5.0
2654,-7.883754338853544,12,13,5.0
2655,-17.726048835747306,11,14,5.0
2656,14.16267005369447,14,11,5.0
2657,13.142903751908431,14,11,5.0
2658,-7.914930669166367,12,13,5.0
2659,13.698111888653825,14,11,5.0
2660,3.5187948192983924,13,12,5.0
2661,-17.179333454289967,11,14,5.0
2662,-6.341065997101197,12,13,5.0
2663,-17.13686306715932,11,14,5.0
2664,13.017627852665628,14,11,5.0
2665,-6.665473494397057,12,13,5.0
2666,-17.96617850463797,11,14,5.0
2667,3.200685198648694,13,12,5.0
2668,-17.68935607926678,11,14,5.0
2669,2.949873297745574,13,12,5.0
2670,-6.815408354046514,12,13,5.0
2671,-6.621407182430758,12,13,5.0
2672,13.541827483194457,14,11,5.0
2673,13.216117351222884,14,11,5.0
2674,12.751615610548566,14,11,5.0
2675,-6.391911019395748,12,13,5.0
2676,4.179623454321758,13,12,5.0
2677,22.911666945356963,15,10,5.0
2678,23.579382871374463,15,10,5.0
2679,-26.48532226601915,10,15,5.0
2680,-16.715063973015532,11,14,5.0
2681,4.42446086261083,13,12,5.0
2682,2.7071146527276584,13,12,5.0
2683,-17.53674237054149,11,14,5.0
2684,-6.779790140905751,12,13,5.0
2685,-16.817045722132733,11,14,5.0
2686,14.213328204788231,14,11,5.0
2687,-6.807080158127297,12,13,5.0
2688,13.250902635741856,14,11,5.0
2689,-16.319919493770136,11,14,5.0
2690,23.999109365898345,15,10,5.0
2691,4.39879461589157,13,12,5.0
2692,13.001517096095343,14,11,5.0
2693,24.710805177362705,15,10,5.0
2694,13.609043836783536,14,11,5.0
2695,14.216148060625878,14,11,5.0
2696,-16.299777481458722,11,14,5.0
2697,14.107058915498683,14,11,5.0
2698,13.295767540372363,14,11,5.0
2699,3.121496730755644,13,12,5.0
2700,-6.548167061698436,12,13,5.0
2701,3.1401236842640206,13,12,5.0
2702,-6.771194884550234,12,13,5.0
2703,-6.736248746202039,12,13,5.0
2704,12.953617382540273,14,11,5.0
2705,-6.6995101382667,12,13,5.0
2706,-16.652279351991375,11,14,5.0
2707,3.196904389580803,13,12,5.0
2708,-7.1514495465557655,12,13,5.0
2709,-5.450564097676906,12,13,5.0
2710,-7.195854205471434,12,13,5.0
2711,3.0374408114821083,13,12,5.0
2712,-15.838316295380771,11,14,5.0
2713,3.542494472991476,13,12,5.0
2714,13.3658377043935,14,11,5.0
2715,4.029524788126054,13,12,5.0
2716,-16.335078213536907,11,14,5.0
2717,13.183132979277197,14,11,5.0
2718,2.8541297938606363,13,12,5.0
2719,-7.110567973494661,12,13,5.0
2720,24.619160771340105,15,10,5.0
2721,3.8509770343543455,13,12,5.0
2722,13.822489674811248,14,11,5.0
2723,-6.303752037622641,12,13,5.0
2724,23.531405981188307,15,10,5.0
2725,-5.85494120263891,12,13,5.0
2726,-6.837177788565837,12,13,5.0
2727,-26.27528214869607,10,15,5.0
2728,-6.158262263088844,12,13,5.0
2729,-6.865512725346731,12,13,5.0
2730,4.150670969468182,13,12,5.0
2731,13.177418564930731,14,11,5.0
2732,3.209092193710813,13,12,5.0
2733,-16.867329506112146,11,14,5.0
2734,13.037359277337044,14,11,5.0
2735,-6.525734457330547,12,13,5.0
2736,-16.759033006657166,11,14,5.0
2737,3.8584158199232768,13,12,5.0
2738,3.9510002088671197,13,12,5.0
2739,13.42715374580211,14,11,5.0
2740,-16.41295413585646,11,14,5.0
2741,-6.264501807572692,12,13,5.0
2742,3.38084629115826,13,12,5.0
2743,4.0001138859255905,13,12,5.0
2744,-5.989865824992547,12,13,5.0
2745,4.616968637141458,13,12,5.0
2746,-17.207350340871315,11,14,5.0
2747,-6.813997683159256,12,13,5.0
2748,-7.068660268195832,12,13,5.0
2749,3.448121120819164,13,12,5.0
2750,-15.557038942651953,11,14,5.0
2751,3.4997741935019047,13,12,5.0
2752,-6.6623497235414115,12,13,5.0
2753,12.82507380420008,14,11,5.0
2754,2.9752652937830266,13,12,5.0
2755,2.5996273759813207,13,12,5.0
2756,23.299674917739026,15,10,5.0
2757,13.508394591614842,14,11,5.0
2758,13.344934987517988,14,11,5.0
2759,3.4123360611999445,13,12,5.0
2760,12.989721880961328,14,11,5.0
2761,22.624864093115217,15,10,5.0
2762,23.826302545046207,15,10,5.0
2763,3.8535843379035137,13,12,5.0
2764,-6.097304961398649,12,13,5.0
2765,-6.983374928803853,12,13,5.0
2766,2.82257439874523,13,12,5.0
2767,-17.20986060997494,11,14,5.0
2768,2.756889017919101,13,12,5.0
2769,-6.020250474946927,12,13,5.0
2770,2.4084026359899706,13,12,5.0
2771,13.934747365409429,14,11,5.0
2772,2.2882689507755467,13,12,5.0
2773,4.751044525546635,13,12,5.0
2774,-16.37604139946363,11,14,5.0
2775,3.7276676027470472,13,12,5.0
2776,3.1012290738628234,13,12,5.0
2777,3.0435158855077695,13,12,5.0
2778,3.6655478328369577,13,12,5.0
2779,3.0510486623795243,13,12,5.0
2780,13.046602073730476,14,11,5.0
2781,3.3482576522899947,13,12,5.0
2782,-6.772999030471073,12,13,5.0
2783,-6.489513059089639,12,13,5.0
2784,-6.000564836466237,12,13,5.0
2785,3.6156255682507794,13,12,5.0
2786,13.010705266214977,14,11,5.0
2787,4.460184286224334,13,12,5.0
2788,12.612128689872044,14,11,5.0
2789,-15.477354720502092,11,14,5.0
2790,2.849972790640214,13,12,5.0
2791,3.0110323386745748,13,12,5.0
2792,12.670483544009542,14,11,5.0
2793,13.378832378291406,14,11,5.0
2794,-5.632965441967727,12,13,5.0
2795,13.6829190019996,14,11,5.0
2796,-15.565915984749065,11,14,5.0
2797,-6.143745083205528,12,13,5.0
2798,13.48816284855145,14,11,5.0
2799,24.244929414332802,15,10,5.0
2800,13.501612761996611,14,11,5.0
2801,-16.924471318960872,11,14,5.0
2802,-5.730950631587824,12,13,5.0
2803,-26.78027918121928,10,15,5.0
2804,-16.173587361377315,11,14,5.0
2805,-27.41148926739684,10,15,5.0
2806,22.760785858959665,15,10,5.0
2807,12.671305683337707,14,11,5.0
2808,-16.14720350437684,11,14,5.0
2809,13.905574269046667,14,11,5.0
2810,4.581550880863199,13,12,5.0
2811,3.990365225770608,13,12,5.0
2812,-6.164764631145323,12,13,5.0
2813,-17.432726327901747,11,14,5.0
2814,-17.3606793121307,11,14,5.0
2815,14.276247959819848,14,11,5.0
2816,23.90715434680123,15,10,5.0
2817,12.867076098829067,14,11,5.0
2818,13.55719656307163,14,11,5.0
2819,-6.379675396526599,12,13,5.0
2820,13.63176232918208,14,11,5.0
2821,13.498380982797727,14,11,5.0
2822,11.960095183373067,14,11,5.0
2823,-17.25704476103479,11,14,5.0
2824,-5.569786214162156,12,13,5.0
2825,-7.294768950349718,12,13,5.0
2826,14.058710837677182,14,11,5.0
2827,13.552698469873555,14,11,5.0
2828,-7.112143346173775,12,13,5.0
2829,4.136941333962916,13,12,5.0
2830,-16.62913627594928,11,14,5.0
2831,13.281450020352432,14,11,5.0
2832,-6.491782588780364,12,13,5.0
2833,-16.262187432363653,11,14,5.0
2834,13.615432204255338,14,11,5.0
2835,13.656342570944798,14,11,5.0
2836,14.475226740213254,14,11,5.0
2837,3.490359859459514,13,12,5.0
2838,-16.78659436291684,11,14,5.0
2839,-16.31991178614335,11,14,5.0
2840,-5.860979200737596,12,13,5.0
2841,13.069628205734144,14,11,5.0
2842,-6.427335442475918,12,13,5.0
2843,3.5080337126644956,13,12,5.0
2844,-6.702747803100198,12,13,5.0
2845,-15.689440824609049,11,14,5.0
2846,2.4817302642302437,13,12,5.0
2847,-25.861194828409623,10,15,5.0
2848,-16.24181438427075,11,14,5.0
2849,-6.222502953966615,12,13,5.0
2850,-27.17549443038558,10,15,5.0
2851,-16.699567359744435,11,14,5.0
2852,-6.371578559500962,12,13,5.0
2853,2.3265516477892674,13,12,5.0
2854,3.629834628063273,13,12,5.0
2855,-6.2975976412881405,12,13,5.0
2856,2.886154921992741,13,12,5.0
2857,4.000504359661472,13,12,5.0
2858,13.364168819655593,14,11,5.0
2859,-15.98698082323494,11,14,5.0
2860,5.258107436107025,13,12,5.0
2861,-26.90376377584533,10,15,5.0
2862,4.404673937198641,13,12,5.0
2863,-16.711964056631615,11,14,5.0
2864,-5.9504806331502245,12,13,5.0
2865,-6.167531982195179,12,13,5.0
2866,-26.112259724610702,10,15,5.0
2867,3.2654833909758327,13,12,5.0
2868,-15.97815530779376,11,14,5.0
2869,-25.47972160963763,10,15,5.0
2870,2.8480282831596924,13,12,5.0
2871,4.7669990974460354,13,12,5.0
2872,-36.941999616653476,9,16,5.0
2873,-16.760864052786353,11,14,5.0
2874,-15.592625327663782,11,14,5.0
2875,-6.755160805768414,12,13,5.0
2876,-16.812121636238093,11,14,5.0
2877,-6.640015835989969,12,13,5.0
2878,-6.7507947905375625,12,13,5.0
2879,-6.962419117283369,12,13,5.0
2880,3.994795446362483,13,12,5.0
2881,-5.98646639301,12,13,5.0
2882,-6.085258501796592,12,13,5.0
2883,2.9498769436472525,13,12,5.0
2884,13.81410286902651,14,11,5.0
2885,-16.138368347997705,11,14,5.0
2886,3.45571273976055,13,12,5.0
2887,-16.85881325677096,11,14,5.0
2888,-6.704194149207723,12,13,5.0
2889,2.3919673182090593,13,12,5.0
2890,-17.14500823857421,11,14,5.0
2891,4.1306069035010395,13,12,5.0
2892,-5.488213478287476,12,13,5.0
2893,-6.483055594819861,12,13,5.0
2894,13.554269320296472,14,11,5.0
2895,-36.2504542127201,9,16,5.0
2896,2.9791623427672347,13,12,5.0
2897,-35.31576686631592,9,16,5.0
2898,3.7081879633616817,13,12,5.0
2899,14.199924575387781,14,11,5.0
2900,13.649926497750748,14,11,5.0
2901,-36.5377584594933,9,16,5.0
2902,4.176423105261875,13,12,5.0
2903,13.380284233455654,14,11,5.0
2904,12.551667435449907,14,11,5.0
2905,3.5186594737017973,13,12,5.0
2906,3.4360655560999955,13,12,5.0
2907,13.060125130746178,14,11,5.0
2908,-7.6007745585307935,12,13,5.0
2909,-7.589756879660415,12,13,5.0
2910,-16.435413061910673,11,14,5.0
2911,-7.962019657126878,12,13,5.0
2912,2.5004845745898994,13,12,5.0
2913,-18.297663614167924,11,14,5.0
2914,-16.857051468395714,11,14,5.0
2915,-26.20751296177464,10,15,5.0
2916,-6.629486993116432,12,13,5.0
2917,-16.13375281480828,11,14,5.0
2918,4.749491067984259,13,12,5.0
2919,-7.350651814658164,12,13,5.0
2920,-17.050143668619775,11,14,5.0
2921,-17.385770700008926,11,14,5.0
2922,13.888712937129142,14,11,5.0
2923,12.945448335590406,14,11,5.0
2924,-16.991111331183156,11,14,5.0
2925,2.908036932139966,13,12,5.0
2926,-16.024571608395846,11,14,5.0
2927,33.968372735112744,16,9,5.0
2928,24.44294447176687,15,10,5.0
2929,12.795245568472334,14,11,5.0
2930,34.38770612733219,16,9,5.0
2931,-6.3704321078062165,12,13,5.0
2932,-15.298715316004344,11,14,5.0
2933,12.942632301025828,14,11,5.0
2934,3.9915706000237403,13,12,5.0
2935,4.417463215088665,13,12,5.0
2936,4.241955711495175,13,12,5.0
2937,-5.9700674720091325,12,13,5.0
2938,-6.226658556238867,12,13,5.0
2939,14.482296061476909,14,11,5.0
2940,14.266718711484566,14,11,5.0
2941,-24.937782703841613,10,15,5.0
2942,-5.858432560455405,12,13,5.0
2943,-15.185968932018065,11,14,5.0
2944,-6.228139660146013,12,13,5.0
2945,4.0483901263682975,13,12,5.0
2946,-36.21687023683314,9,16,5.0
2947,3.231023243377967,13,12,5.0
2948,4.641791858897211,13,12,5.0
2949,-5.643217309568595,12,13,5.0
2950,-6.1591928128139015,12,13,5.0
2951,4.710318177311908,13,12,5.0
2952,14.903981953262509,14,11,5.0
2953,14.462904306372982,14,11,5.0
2954,-26.1463924168567,10,15,5.0
2955,14.303657214564225,14,11,5.0
2956,4.4535492052898515,13,12,5.0
2957,-6.135730895522299,12,13,5.0
2958,-15.492259070920545,11,14,5.0
2959,-5.959333297991276,12,13,5.0
2960,4.278504193800857,13,12,5.0
2961,4.627478302141361,13,12,5.0
2962,-26.63283268669923,10,15,5.0
2963,3.8945336332009894,13,12,5.0
2964,-5.8042277311244055,12,13,5.0
2965,23.56726403459814,15,10,5.0
2966,24.41058997434253,15,10,5.0
2967,5.387720943253797,13,12,5.0
2968,23.937778879875594,15,10,5.0
2969,4.007407776950226,13,12,5.0
2970,-16.68170870056238,11,14,5.0
2971,-5.8090142842307575,12,13,5.0
2972,3.539719580552349,13,12,5.0
2973,3.2764881306656495,13,12,5.0
2974,-5.836675603675608,12,13,5.0
2975,-6.218516348137568,12,13,5.0
2976,4.138746834489054,13,12,5.0
2977,-6.716676788512402,12,13,5.0
2978,-6.710542689299631,12,13,5.0
2979,25.123766068602173,15,10,5.0
2980,-16.02056473897491,11,14,5.0
2981,-5.679409289458786,12,13,5.0
2982,4.122329030436152,13,12,5.0
2983,-26.535433928555427,10,15,5.0
2984,3.668472366063865,13,12,5.0
2985,-15.848533851171394,11,14,5.0
2986,-6.5286871754053415,12,13,5.0
2987,12.305630274854355,14,11,5.0
2988,3.694883505039199,13,12,5.0
2989,3.7035358840758743,13,12,5.0
2990,13.62278613819073,14,11,5.0
2991,-15.738842193095094,11,14,5.0
2992,3.6349575075413663,13,12,5.0
2993,-5.445134544088215,12,13,5.0
2994,-6.7332030517394355,12,13,5.0
2995,-17.040395513030578,11,14,5.0
2996,14.755974369941466,14,11,5.0
2997,12.885876470044332,14,11,5.0
2998,3.502932058173334,13,12,5.0
2999,-6.793729445529468,12,13,5.0
3000,-6.9297254458801865,12,13,5.0
3001,13.374749855254205,14,11,5.0
3002,3.276141530802475,13,12,5.0
3003,-17.08956184710289,11,14,5.0
3004,-26.731000482567318,10,15,5.0
3005,-16.42943015539828,11,14,5.0
3006,-17.94048830153347,11,14,5.0
3007,-6.741273450117427,12,13,5.0
3008,-6.52225742055707,12,13,5.0
3009,-18.455419947848664,11,14,5.0
3010,-7.299004275724435,12,13,5.0
3011,11.844319030417626,14,11,5.0
3012,-7.983629052367514,12,13,5.0
3013,2.4521816025418115,13,12,5.0
3014,2.701398508591987,13,12,5.0
3015,-16.683004361209342,11,14,5.0
3016,2.7037394992091475,13,12,5.0
3017,2.9017650218823494,13,12,5.0
3018,1.5052183553143994,13,12,5.0
3019,-7.9826270558755414,12,13,5.0
3020,2.153263350900443,13,12,5.0
3021,-17.145234226693333,11,14,5.0
3022,1.437004088713386,13,12,5.0
3023,-7.949302413545961,12,13,5.0
3024,11.755743816398244,14,11,5.0
3025,1.4595575124744555,13,12,5.0
3026,-8.055729994579968,12,13,5.0
3027,-7.459943437246787,12,13,5.0
3028,-8.49644297653569,12,13,5.0
3029,-7.593352832360756,12,13,5.0
3030,1.8404116031038715,13,12,5.0
3031,-7.10571648449062,12,13,5.0
3032,2.834167514031666,13,12,5.0
3033,-6.722258460270412,12,13,5.0
3034,-17.42615211508907,11,14,5.0
3035,-26.706017439144574,10,15,5.0
3036,-16.30593167461928,11,14,5.0
3037,3.0651435427420726,13,12,5.0
3038,-6.939469568433468,12,13,5.0
3039,13.075570415128206,14,11,5.0
3040,-16.17351299641049,11,14,5.0
3041,-26.748242716961023,10,15,5.0
3042,-17.51425760397281,11,14,5.0
3043,-7.018499951004838,12,13,5.0
3044,-27.340221548450018,10,15,5.0
3045,-26.34612048386693,10,15,5.0
3046,2.0988225812492756,13,12,5.0
3047,-6.200084818226561,12,13,5.0
3048,-16.538235923861986,11,14,5.0
3049,-6.496101258816792,12,13,5.0
3050,-6.810491442950616,12,13,5.0
3051,13.407227616152767,14,11,5.0
3052,12.954355239472076,14,11,5.0
3053,3.031884514363184,13,12,5.0
3054,12.70354914788849,14,11,5.0
3055,12.963905575930468,14,11,5.0
3056,-16.612547291500057,11,14,5.0
3057,-7.18619323685261,12,13,5.0
3058,-7.612562992338152,12,13,5.0
3059,13.227403175208366,14,11,5.0
3060,12.25593839168043,14,11,5.0
3061,3.989788812967248,13,12,5.0
3062,-16.485003875471435,11,14,5.0
3063,-15.994698714827898,11,14,5.0
3064,-6.837756226561302,12,13,5.0
3065,-5.82092319879284,12,13,5.0
3066,2.3427908648985234,13,12,5.0
3067,-7.534911295899647,12,13,5.0
3068,-6.299856964050777,12,13,5.0
3069,-15.789845875357724,11,14,5.0
3070,3.64755557088335,13,12,5.0
3071,-6.219665472474559,12,13,5.0
3072,3.0789408775258913,13,12,5.0
3073,-26.892690629600132,10,15,5.0
3074,-17.036487926500126,11,14,5.0
3075,-17.650558148534625,11,14,5.0
3076,2.9931495100457752,13,12,5.0
3077,-6.361994952346529,12,13,5.0
3078,-26.391509794033603,10,15,5.0
3079,4.266558926728408,13,12,5.0
3080,-26.021672638055946,10,15,5.0
3081,-16.60274738159091,11,14,5.0
3082,13.913437401981444,14,11,5.0
3083,-6.444313388410366,12,13,5.0
3084,4.126953329538046,13,12,5.0
3085,3.9360438000422278,13,12,5.0
3086,-15.241321150186703,11,14,5.0
3087,-7.368788196351187,12,13,5.0
3088,-15.4866561911562,11,14,5.0
3089,-7.154733327323191,12,13,5.0
3090,-17.094445058900977,11,14,5.0
3091,-15.318482624621256,11,14,5.0
3092,-5.906379288429712,12,13,5.0
3093,-17.407002234041975,11,14,5.0
3094,-26.994013140635083,10,15,5.0
3095,4.100000736794531,13,12,5.0
3096,-25.531503240207684,10,15,5.0
3097,14.788236197809937,14,11,5.0
3098,-6.305959008175584,12,13,5.0
3099,-15.868051255718719,11,14,5.0
3100,3.5178600436004146,13,12,5.0
3101,-15.655887390365436,11,14,5.0
3102,-6.246879991718641,12,13,5.0
3103,-6.118906183451331,12,13,5.0
3104,14.109539461729039,14,11,5.0
3105,2.4009287129024433,13,12,5.0
3106,-15.914243151891917,11,14,5.0
3107,-6.063363581695668,12,13,5.0
3108,3.8903350070663567,13,12,5.0
3109,12.971140224911611,14,11,5.0
3110,-6.195102809352473,12,13,5.0
3111,-16.924800420458716,11,14,5.0
3112,2.8713871220953333,13,12,5.0
3113,13.605204663908767,14,11,5.0
3114,13.835482585863796,14,11,5.0
3115,-6.9994017678166625,12,13,5.0
3116,-6.65194892582697,12,13,5.0
3117,13.535742347855066,14,11,5.0
3118,13.375199206747652,14,11,5.0
3119,13.478602405827317,14,11,5.0
3120,-6.108462284413059,12,13,5.0
3121,-17.655365170165,11,14,5.0
3122,12.964652374211035,14,11,5.0
3123,3.1735296586575714,13,12,5.0
3124,12.317554356566655,14,11,5.0
3125,-6.72224192217767,12,13,5.0
3126,-16.547347922722768,11,14,5.0
3127,12.981386792011442,14,11,5.0
3128,3.68696896469349,13,12,5.0
3129,-6.536029651737543,12,13,5.0
3130,-5.887058501853687,12,13,5.0
3131,3.131646933095296,13,12,5.0
3132,13.523379821128735,14,11,5.0
3133,13.415292136663444,14,11,5.0
3134,-6.079596398902412,12,13,5.0
3135,3.1941719190237343,13,12,5.0
3136,-6.938931372174553,12,13,5.0
3137,3.7896713019152504,13,12,5.0
3138,12.461521545616494,14,11,5.0
3139,3.4497478961743138,13,12,5.0
3140,3.20646236936855,13,12,5.0
3141,3.3203837133432152,13,12,5.0
3142,3.039747703436017,13,12,5.0
3143,4.186219705710512,13,12,5.0
3144,-16.71040605190505,11,14,5.0
3145,2.148577182590783,13,12,5.0
3146,-16.680118013832903,11,14,5.0
3147,3.099792658664146,13,12,5.0
3148,3.466657679312867,13,12,5.0
3149,-6.867168810474909,12,13,5.0
3150,-6.788962018933289,12,13,5.0
3151,3.6943370212785878,13,12,5.0
3152,1.7991583514847118,13,12,5.0
3153,13.485133915804564,14,11,5.0
3154,-6.907333919981216,12,13,5.0
3155,2.689750363343844,13,12,5.0
3156,3.1073003342963794,13,12,5.0
3157,3.6014537176615242,13,12,5.0
3158,3.060744317153268,13,12,5.0
3159,3.1119642604471567,13,12,5.0
3160,-7.6488744517127465,12,13,5.0
3161,-7.1321060813252215,12,13,5.0
3162,13.385405335552429,14,11,5.0
3163,-5.941238565891556,12,13,5.0
3164,13.581361371037431,14,11,5.0
3165,3.8519096645929256,13,12,5.0
3166,4.00905449295256,13,12,5.0
3167,2.534028966918905,13,12,5.0
3168,-5.971577663963391,12,13,5.0
3169,3.7334252248773323,13,12,5.0
3170,3.855628667873134,13,12,5.0
3171,13.771488109034772,14,11,5.0
3172,-6.699054480316629,12,13,5.0
3173,4.305745704913691,13,12,5.0
3174,3.988208775601807,13,12,5.0
3175,-5.5198734741225834,12,13,5.0
3176,-6.126032003957865,12,13,5.0
3177,-5.5172852139671615,12,13,5.0
3178,4.186600904905548,13,12,5.0
3179,13.937816290379589,14,11,5.0
3180,3.9366834747277553,13,12,5.0
3181,3.319258332254936,13,12,5.0
3182,13.557637889940567,14,11,5.0
3183,14.444402370202692,14,11,5.0
3184,-5.325085024079535,12,13,5.0
3185,3.5048561476318207,13,12,5.0
3186,13.89322278331785,14,11,5.0
3187,-7.745498570153039,12,13,5.0
3188,3.2992060353159163,13,12,5.0
3189,13.762368365018986,14,11,5.0
3190,3.2657185772991015,13,12,5.0
3191,-5.831512581128458,12,13,5.0
3192,-6.108062476052624,12,13,5.0
3193,13.778874498271508,14,11,5.0
3194,-5.6949619882467335,12,13,5.0
3195,13.190453200487468,14,11,5.0
3196,-5.670123838223566,12,13,5.0
3197,23.424202525117213,15,10,5.0
3198,-6.751111971108173,12,13,5.0
3199,3.923968926191563,13,12,5.0
3200,3.4668122627615254,13,12,5.0
3201,24.11013104491828,15,10,5.0
3202,14.38821139971349,14,11,5.0
3203,14.935472181710821,14,11,5.0
3204,23.587654563758736,15,10,5.0
3205,13.993107514890625,14,11,5.0
3206,4.14549836068154,13,12,5.0
3207,14.317777546653845,14,11,5.0
3208,4.21772433928443,13,12,5.0
3209,12.76288782634373,14,11,5.0
3210,13.801939955320659,14,11,5.0
3211,13.082619435924272,14,11,5.0
3212,3.5128155925770574,13,12,5.0
3213,14.21252183893187,14,11,5.0
3214,13.117460854421108,14,11,5.0
3215,14.513222679466907,14,11,5.0
3216,4.6056268009793495,13,12,5.0
3217,-6.34193195536408,12,13,5.0
3218,3.999895618342576,13,12,5.0
3219,14.279872430868576,14,11,5.0
3220,4.459864134379201,13,12,5.0
3221,3.737084851652714,13,12,5.0
3222,-5.820855963678476,12,13,5.0
3223,13.928480621480299,14,11,5.0
3224,13.423808143747875,14,11,5.0
3225,4.86190465512296,13,12,5.0
3226,14.875759539559104,14,11,5.0
3227,4.023872751002953,13,12,5.0
3228,4.653382966517034,13,12,5.0
3229,4.860981300850888,13,12,5.0
3230,13.976710977736744,14,11,5.0
3231,-6.040714843406483,12,13,5.0
3232,14.314341980841512,14,11,5.0
3233,-14.739969390716524,11,14,5.0
3234,-5.934412482314052,12,13,5.0
3235,-6.170451275511947,12,13,5.0
3236,4.267567768717591,13,12,5.0
3237,4.869746369842446,13,12,5.0
3238,4.2655387920823316,13,12,5.0
3239,3.759915263430262,13,12,5.0
3240,4.371901599687501,13,12,5.0
3241,14.622052668378782,14,11,5.0
3242,13.645625432070563,14,11,5.0
3243,-5.610789282501959,12,13,5.0
3244,-5.637406314182865,12,13,5.0
3245,4.53794435522574,13,12,5.0
3246,13.65686943888911,14,11,5.0
3247,-5.863803931223387,12,13,5.0
3248,-5.931954389712223,12,13,5.0
3249,4.051744461849923,13,12,5.0
3250,4.121174210867755,13,12,5.0
3251,4.573668342105467,13,12,5.0
3252,3.422816691563506,13,12,5.0
3253,14.10489263145444,14,11,5.0
3254,3.7617309125608247,13,12,5.0
3255,4.724371112428235,13,12,5.0
3256,-6.256884655399826,12,13,5.0
3257,13.992862126050605,14,11,5.0
3258,14.287072719136207,14,11,5.0
3259,13.821318362686114,14,11,5.0
3260,4.304425096986449,13,12,5.0
3261,-5.4040686872359895,12,13,5.0
3262,3.814314418365814,13,12,5.0
3263,24.27003910067429,15,10,5.0
3264,-5.809764348139757,12,13,5.0
3265,4.062700923772137,13,12,5.0
3266,4.317139087700838,13,12,5.0
3267,14.25797736622535,14,11,5.0
3268,13.93799401768538,14,11,5.0
3269,14.373041023000754,14,11,5.0
3270,24.213048810806743,15,10,5.0
3271,14.34376537065329,14,11,5.0
3272,-6.434460144645762,12,13,5.0
3273,14.14192815777403,14,11,5.0
3274,14.122897354456061,14,11,5.0
3275,23.824477742815763,15,10,5.0
3276,3.988540519602031,13,12,5.0
3277,13.633717648470046,14,11,5.0
3278,14.68001512187653,14,11,5.0
3279,13.881335635936557,14,11,5.0
3280,-6.233158122619582,12,13,5.0
3281,14.402815376476061,14,11,5.0
3282,14.478463739349705,14,11,5.0
3283,14.767706865985144,14,11,5.0
3284,4.285058485589439,13,12,5.0
3285,24.137696398145174,15,10,5.0
3286,4.524536088171158,13,12,5.0
3287,5.275380281857474,13,12,5.0
3288,4.194945574751667,13,12,5.0
3289,14.811510853114179,14,11,5.0
3290,14.462653068083817,14,11,5.0
3291,3.8518607410171306,13,12,5.0
3292,14.263377708497423,14,11,5.0
3293,13.400345223464583,14,11,5.0
3294,15.27929898383473,14,11,5.0
3295,-5.510985006944684,12,13,5.0
3296,3.8968005162827506,13,12,5.0
3297,14.165517350828079,14,11,5.0
3298,13.448883617992475,14,11,5.0
3299,4.3501878369862705,13,12,5.0
3300,4.324124673164524,13,12,5.0
3301,-5.933339502167864,12,13,5.0
3302,-5.190149901899245,12,13,5.0
3303,-17.0939520292396,11,14,5.0
3304,14.1990580693711,14,11,5.0
3305,-5.334132340452505,12,13,5.0
3306,14.311056259705873,14,11,5.0
3307,-5.574967392997742,12,13,5.0
3308,3.3340031407995845,13,12,5.0
3309,3.9308820990629254,13,12,5.0
3310,-5.784800000146779,12,13,5.0
3311,3.7593681033840793,13,12,5.0
3312,-6.323453713254106,12,13,5.0
3313,4.203188844758663,13,12,5.0
3314,3.637062894064505,13,12,5.0
3315,13.996293768067062,14,11,5.0
3316,3.5589929899885497,13,12,5.0
3317,4.289817981568268,13,12,5.0
3318,-6.356752094364382,12,13,5.0
3319,3.8871433483372133,13,12,5.0
3320,14.182431685447016,14,11,5.0
3321,-5.321362882311709,12,13,5.0
3322,-6.042986458894905,12,13,5.0
3323,4.577104002508456,13,12,5.0
3324,-6.4596687779632775,12,13,5.0
3325,-6.037958552377216,12,13,5.0
3326,4.730150899682385,13,12,5.0
3327,-5.530791786638539,12,13,5.0
3328,-15.36080508496002,11,14,5.0
3329,15.03778038895247,14,11,5.0
3330,4.825288448145315,13,12,5.0
3331,4.529123109457057,13,12,5.0
3332,4.4178306098239695,13,12,5.0
3333,16.02474406506762,14,11,5.0
3334,15.02831995215835,14,11,5.0
3335,15.456148493618997,14,11,5.0
3336,-5.801432374579682,12,13,5.0
3337,14.776444015507476,14,11,5.0
3338,4.115303524106995,13,12,5.0
3339,14.586893297268826,14,11,5.0
3340,14.108804400122057,14,11,5.0
3341,14.664693688479227,14,11,5.0
3342,4.466298906827385,13,12,5.0
3343,-6.15519216906586,12,13,5.0
3344,-15.551135997716973,11,14,5.0
3345,14.690872692365396,14,11,5.0
3346,-6.680682236964675,12,13,5.0
3347,4.956049394019399,13,12,5.0
3348,4.097999114823994,13,12,5.0
3349,-6.594387712220803,12,13,5.0
3350,3.796599900044135,13,12,5.0
3351,14.620387051998627,14,11,5.0
3352,14.470619863709,14,11,5.0
3353,-5.358289962867481,12,13,5.0
3354,4.509052677741158,13,12,5.0
3355,13.847024833089447,14,11,5.0
3356,14.932516042591907,14,11,5.0
3357,5.333500170020219,13,12,5.0
3358,4.219616726618609,13,12,5.0
3359,4.573463807560632,13,12,5.0
3360,-15.800911354663771,11,14,5.0
3361,-5.506996750241399,12,13,5.0
3362,-5.540180178671825,12,13,5.0
3363,4.370360126238049,13,12,5.0
3364,4.578328319068913,13,12,5.0
3365,14.978863487425825,14,11,5.0
3366,14.298087580076778,14,11,5.0
3367,-5.061516774702046,12,13,5.0
3368,3.856334101502002,13,12,5.0
3369,-5.6219024516127885,12,13,5.0
3370,-5.88853948219828,12,13,5.0
3371,3.867275627676822,13,12,5.0
3372,4.049901536660765,13,12,5.0
3373,-5.601437145260797,12,13,5.0
3374,-5.414940550952468,12,13,5.0
3375,5.559784825752593,13,12,5.0
3376,3.7039697167706116,13,12,5.0
3377,14.16811827774244,14,11,5.0
3378,-5.886822600636497,12,13,5.0
3379,-15.668861687276308,11,14,5.0
3380,4.934683471226766,13,12,5.0
3381,5.453155896722846,13,12,5.0
3382,4.774997515131441,13,12,5.0
3383,4.350539528035698,13,12,5.0
3384,5.508550925282531,13,12,5.0
3385,15.227138003027601,14,11,5.0
3386,5.538290910681713,13,12,5.0
3387,-5.1748433814654256,12,13,5.0
3388,5.0355398721900055,13,12,5.0
3389,14.494843401746401,14,11,5.0
3390,24.990828299470365,15,10,5.0
3391,4.929366684996646,13,12,5.0
3392,4.991589822753596,13,12,5.0
3393,15.114630356037463,14,11,5.0
3394,14.578504969790387,14,11,5.0
3395,14.200129025784259,14,11,5.0
3396,15.774869411674924,14,11,5.0
3397,15.137238842917448,14,11,5.0
3398,-5.202350515947392,12,13,5.0
3399,15.397882900615128,14,11,5.0
3400,5.429219321314878,13,12,5.0
3401,14.42219014945109,14,11,5.0
3402,4.786408016271334,13,12,5.0
3403,-4.154096678394542,12,13,5.0
3404,5.266468649922208,13,12,5.0
3405,5.010648495226684,13,12,5.0
3406,-14.40516009927085,11,14,5.0
3407,4.87630167772792,13,12,5.0
3408,4.796281993287984,13,12,5.0
3409,14.828841348531299,14,11,5.0
3410,4.770512873758399,13,12,5.0
3411,15.423446364007727,14,11,5.0
3412,15.418149627749543,14,11,5.0
3413,-4.400616390690946,12,13,5.0
3414,5.52997964178482,13,12,5.0
3415,25.54252333835881,15,10,5.0
3416,-4.553862198185135,12,13,5.0
3417,4.837926890285071,13,12,5.0
3418,-4.928014649438559,12,13,5.0
3419,4.448014310802101,13,12,5.0
3420,14.698561474719902,14,11,5.0
3421,5.161639708775503,13,12,5.0
3422,-5.103986692423442,12,13,5.0
3423,-4.588127466354685,12,13,5.0
3424,15.394226902115356,14,11,5.0
3425,14.04034928556341,14,11,5.0
3426,4.370326849189263,13,12,5.0
3427,5.024901200333202,13,12,5.0
3428,15.424029383231547,14,11,5.0
3429,5.679094150661209,13,12,5.0
3430,-4.695957714585637,12,13,5.0
3431,14.996092687739083,14,11,5.0
3432,15.151438855767541,14,11,5.0
3433,5.138633402930732,13,12,5.0
3434,15.507254209439507,14,11,5.0
3435,24.995815523199873,15,10,5.0
3436,6.102215873219123,13,12,5.0
3437,25.25540602669025,15,10,5.0
3438,14.972119537599465,14,11,5.0
3439,14.793493621203488,14,11,5.0
3440,25.359420304560047,15,10,5.0
3441,15.31127363251421,14,11,5.0
3442,25.760970716982502,15,10,5.0
3443,25.27821648143624,15,10,5.0
3444,25.227574785262146,15,10,5.0
3445,25.716873897262797,15,10,5.0
3446,25.283744974738816,15,10,5.0
3447,5.624227099564379,13,12,5.0
3448,14.557492803196034,14,11,5.0
3449,5.194953839761496,13,12,5.0
3450,5.741200566106498,13,12,5.0
3451,24.150329575597183,15,10,5.0
3452,-4.409556635069418,12,13,5.0
3453,14.92419918477693,14,11,5.0
3454,24.66613071672035,15,10,5.0
3455,35.97899941893614,16,9,5.0
3456,-5.594236789148091,12,13,5.0
3457,-4.724249307079049,12,13,5.0
3458,35.0050428952847,16,9,5.0
3459,15.389071122604523,14,11,5.0
3460,25.788102345768664,15,10,5.0
3461,5.4081020779825355,13,12,5.0
3462,4.6363905462432715,13,12,5.0
3463,26.067047729222146,15,10,5.0
3464,5.053316615245047,13,12,5.0
3465,25.83288629204713,15,10,5.0
3466,15.7350575418283,14,11,5.0
3467,15.108618228965362,14,11,5.0
3468,16.369170685718053,14,11,5.0
3469,14.999306977552733,14,11,5.0
3470,14.221230643879226,14,11,5.0
3471,24.154886401844728,15,10,5.0
3472,24.716675624248914,15,10,5.0
3473,4.249623883441231,13,12,5.0
3474,25.66435738382853,15,10,5.0
3475,24.837206233612054,15,10,5.0
3476,5.265658635320932,13,12,5.0
3477,5.562112785842846,13,12,5.0
3478,5.376092285139917,13,12,5.0
3479,14.567261466732917,14,11,5.0
3480,5.270305918023821,13,12,5.0
3481,14.413202845751012,14,11,5.0
3482,14.84101450460026,14,11,5.0
3483,24.907567354292528,15,10,5.0
3484,25.092407030313133,15,10,5.0
3485,15.189055335027835,14,11,5.0
3486,25.188822109221025,15,10,5.0
3487,-5.116886279087639,12,13,5.0
3488,24.974017906823377,15,10,5.0
3489,25.176987901976425,15,10,5.0
3490,-4.458768187394638,12,13,5.0
3491,-4.359821850434783,12,13,5.0
3492,15.0123868673842,14,11,5.0
3493,25.380201466873388,15,10,5.0
3494,4.852056615124173,13,12,5.0
3495,35.49731594025888,16,9,5.0
3496,15.749513207880355,14,11,5.0
3497,25.39238960259817,15,10,5.0
3498,25.197537117885645,15,10,5.0
3499,-5.093563999859448,12,13,5.0
3500,15.331494877150883,14,11,5.0
3501,14.980937570069308,14,11,5.0
3502,5.625475910996741,13,12,5.0
3503,13.94318622857712,14,11,5.0
3504,4.502313396992529,13,12,5.0
3505,24.9489411883343,15,10,5.0
3506,25.20856883154441,15,10,5.0
3507,4.77545796110417,13,12,5.0
3508,5.188441763586875,13,12,5.0
3509,14.601983366822262,14,11,5.0
3510,14.965733621946354,14,11,5.0
3511,14.696288002681472,14,11,5.0
3512,15.016412476179433,14,11,5.0
3513,5.338854838795415,13,12,5.0
3514,4.589066841443881,13,12,5.0
3515,34.802864203713106,16,9,5.0
3516,14.319622871039783,14,11,5.0
3517,4.7890840286272365,13,12,5.0
3518,4.726784367565858,13,12,5.0
3519,24.809498621568157,15,10,5.0
3520,15.319983516368051,14,11,5.0
3521,4.963111539918579,13,12,5.0
3522,34.53238053278611,16,9,5.0
3523,14.922207383224867,14,11,5.0
3524,-6.0907913315888145,12,13,5.0
3525,15.254620020288991,14,11,5.0
3526,-5.603016674089874,12,13,5.0
3527,14.985415099847684,14,11,5.0
3528,15.384431898456235,14,11,5.0
3529,4.775513644475208,13,12,5.0
3530,3.417378615508582,13,12,5.0
3531,5.52972015939141,13,12,5.0
3532,25.288697885397603,15,10,5.0
3533,14.607808956438847,14,11,5.0
3534,14.568423056435204,14,11,5.0
3535,-5.172986229951686,12,13,5.0
3536,4.968029266790907,13,12,5.0
3537,14.601665945448094,14,11,5.0
3538,14.43208322557422,14,11,5.0
3539,4.177149974607966,13,12,5.0
3540,34.89499064145606,16,9,5.0
3541,13.598231009851613,14,11,5.0
3542,25.344711815585097,15,10,5.0
3543,-4.639996817347508,12,13,5.0
3544,14.828165440183412,14,11,5.0
3545,24.951083796442038,15,10,5.0
3546,34.358582039320495,16,9,5.0
3547,14.080200244219345,14,11,5.0
3548,34.59062868651494,16,9,5.0
3549,4.753869234143497,13,12,5.0
3550,25.612321148417873,15,10,5.0
3551,24.574498211320172,15,10,5.0
3552,4.6343068399011,13,12,5.0
3553,14.508845763619917,14,11,5.0
3554,-4.288813484636677,12,13,5.0
3555,14.917453427948413,14,11,5.0
3556,14.541630467045318,14,11,5.0
3557,15.449254171284094,14,11,5.0
3558,15.66864740608099,14,11,5.0
3559,14.870244449922666,14,11,5.0
3560,24.35532036276413,15,10,5.0
3561,-4.393449105350312,12,13,5.0
3562,14.850264103628875,14,11,5.0
3563,35.230604451420966,16,9,5.0
3564,15.348405482403583,14,11,5.0
3565,-4.614315048021341,12,13,5.0
3566,24.763618168206172,15,10,5.0
3567,25.224587593020072,15,10,5.0
3568,25.020804642887303,15,10,5.0
3569,14.382033256418659,14,11,5.0
3570,25.814292008984648,15,10,5.0
3571,25.512870439913364,15,10,5.0
3572,15.668395918135225,14,11,5.0
3573,25.35350209768638,15,10,5.0
3574,15.668717818297889,14,11,5.0
3575,25.471741339016816,15,10,5.0
3576,25.25030546951141,15,10,5.0
3577,35.841922317081014,16,9,5.0
3578,5.059146368990344,13,12,5.0
3579,-4.854946017187787,12,13,5.0
3580,4.917160985104202,13,12,5.0
3581,15.207676913985582,14,11,5.0
3582,-5.0241502809213525,12,13,5.0
3583,14.654483133858506,14,11,5.0
3584,4.820936233968844,13,12,5.0
3585,25.28507109494773,15,10,5.0
3586,24.70472450556868,15,10,5.0
3587,25.53523397775426,15,10,5.0
3588,25.69132038780971,15,10,5.0
3589,25.474717222832613,15,10,5.0
3590,25.41122478116742,15,10,5.0
3591,4.959401626674943,13,12,5.0
3592,44.95055267985408,17,8,5.0
3593,-3.8218405432596567,12,13,5.0
3594,24.26513677812286,15,10,5.0
3595,35.708228012074336,16,9,5.0
3596,25.60792041905649,15,10,5.0
3597,5.031451608274207,13,12,5.0
3598,5.297379617234306,13,12,5.0
3599,15.052260551135026,14,11,5.0
3600,24.530097565842482,15,10,5.0
3601,15.283454178523517,14,11,5.0
3602,15.086383540669926,14,11,5.0
3603,14.399534003625881,14,11,5.0
3604,15.173907661143335,14,11,5.0
3605,4.83578329828363,13,12,5.0
3606,15.839012674993473,14,11,5.0
3607,26.12393262184512,15,10,5.0
3608,35.53525897252965,16,9,5.0
3609,35.2434572010211,16,9,5.0
3610,25.55629387166758,15,10,5.0
3611,25.730825187433606,15,10,5.0
3612,15.62499839262604,14,11,5.0
3613,-3.2975488133670616,12,13,5.0
3614,25.786622325532026,15,10,5.0
3615,-4.049178523025853,12,13,5.0
3616,15.95058311163443,14,11,5.0
3617,24.98742823945566,15,10,5.0
3618,25.52109077826821,15,10,5.0
3619,26.24895200151888,15,10,5.0
3620,6.108848560791829,13,12,5.0
3621,15.521001993463077,14,11,5.0
3622,15.528328172494472,14,11,5.0
3623,15.714729263966158,14,11,5.0
3624,25.713230946548276,15,10,5.0
3625,15.88629313578016,14,11,5.0
3626,35.156231943809615,16,9,5.0
3627,15.604762234823811,14,11,5.0
3628,26.0127317544223,15,10,5.0
3629,15.858816318783184,14,11,5.0
3630,5.242412580126011,13,12,5.0
3631,25.752203071775444,15,10,5.0
3632,25.372226057250767,15,10,5.0
3633,15.596811718200993,14,11,5.0
3634,25.65651490450832,15,10,5.0
3635,15.50308519007913,14,11,5.0
3636,15.566916849587884,14,11,5.0
3637,25.998612461415092,15,10,5.0
3638,35.71892315067521,16,9,5.0
3639,15.6447708487508,14,11,5.0
3640,25.72563544879084,15,10,5.0
3641,25.809990310496552,15,10,5.0
3642,25.8776402714998,15,10,5.0
3643,-4.133004227153222,12,13,5.0
3644,15.124257356733295,14,11,5.0
3645,16.19738889798014,14,11,5.0
3646,15.996988343798488,14,11,5.0
3647,5.304374519284655,13,12,5.0
3648,25.116941097581616,15,10,5.0
3649,26.057608148405393,15,10,5.0
3650,16.069823551340452,14,11,5.0
3651,25.280748496732212,15,10,5.0
3652,16.22582409081477,14,11,5.0
3653,35.98251114405187,16,9,5.0
3654,25.350360405007272,15,10,5.0
3655,15.784235784131333,14,11,5.0
3656,25.51593175225734,15,10,5.0
3657,26.047688890121744,15,10,5.0
3658,25.835328009064675,15,10,5.0
3659,16.124014808785553,14,11,5.0
3660,34.96151357753527,16,9,5.0
3661,16.080737361132194,14,11,5.0
3662,45.982828570512595,17,8,5.0
3663,15.317996980888996,14,11,5.0
3664,5.653569523813273,13,12,5.0
3665,26.346900320302694,15,10,5.0
3666,-4.3732580071388405,12,13,5.0
3667,-3.816543626867176,12,13,5.0
3668,26.991500916728672,15,10,5.0
3669,15.794271704373813,14,11,5.0
3670,5.169565316230059,13,12,5.0
3671,36.006542968988775,16,9,5.0
3672,5.5073954510199625,13,12,5.0
3673,25.37590947570237,15,10,5.0
3674,15.93049373245696,14,11,5.0
3675,15.302251247218578,14,11,5.0
3676,5.402286319140234,13,12,5.0
3677,25.945845073851295,15,10,5.0
3678,36.19258164795142,16,9,5.0
3679,5.819787439857514,13,12,5.0
3680,16.063038256294664,14,11,5.0
3681,5.4085514577921145,13,12,5.0
3682,-24.19064069746139,10,15,5.0
3683,-4.192105723999887,12,13,5.0
3684,25.695161095944506,15,10,5.0
3685,-14.081040759443436,11,14,5.0
3686,15.236292865852601,14,11,5.0
3687,-4.1762435624369605,12,13,5.0
3688,6.023313076115713,13,12,5.0
3689,-4.309779880652037,12,13,5.0
3690,-4.220038846605496,12,13,5.0
3691,25.994519358916957,15,10,5.0
3692,5.76063619562319,13,12,5.0
3693,15.922583321320479,14,11,5.0
3694,15.695467964483246,14,11,5.0
3695,5.469318425957237,13,12,5.0
3696,15.440190159038018,14,11,5.0
3697,16.26660204443739,14,11,5.0
3698,6.095023351358254,13,12,5.0
3699,5.873133001857934,13,12,5.0
3700,6.734472085364891,13,12,5.0
3701,6.347282401140533,13,12,5.0
3702,6.183629216090813,13,12,5.0
3703,25.703092476659748,15,10,5.0
3704,15.507054469617527,14,11,5.0
3705,15.5532337935411,14,11,5.0
3706,25.7837035541302,15,10,5.0
3707,25.683021725141103,15,10,5.0
3708,-3.800350675450601,12,13,5.0
3709,5.903100403661657,13,12,5.0
3710,6.05236528622129,13,12,5.0
3711,16.10105016274373,14,11,5.0
3712,6.442763993522462,13,12,5.0
3713,15.458959658120941,14,11,5.0
3714,15.940454659837677,14,11,5.0
3715,5.729439349065435,13,12,5.0
3716,5.840135847705859,13,12,5.0
3717,5.390275568686448,13,12,5.0
3718,15.148774307825189,14,11,5.0
3719,6.126557115204992,13,12,5.0
3720,15.345640851200322,14,11,5.0
3721,15.366687471884774,14,11,5.0
3722,5.690651135022781,13,12,5.0
3723,-4.217846623045964,12,13,5.0
3724,-5.065868498531993,12,13,5.0
3725,-4.613965309496325,12,13,5.0
3726,6.044766293370521,13,12,5.0
3727,5.158574671688564,13,12,5.0
3728,15.123714914799748,14,11,5.0
3729,15.376499670965085,14,11,5.0
3730,5.645458001079799,13,12,5.0
3731,25.806505027463885,15,10,5.0
3732,6.026099959625602,13,12,5.0
3733,-4.307082501981514,12,13,5.0
3734,25.492105176906307,15,10,5.0
3735,15.809516913213534,14,11,5.0
3736,5.464286879838774,13,12,5.0
3737,-4.142715003923687,12,13,5.0
3738,5.95425892446417,13,12,5.0
3739,36.169211000694595,16,9,5.0
3740,5.759231157281737,13,12,5.0
3741,6.478098838505598,13,12,5.0
3742,5.74199159147256,13,12,5.0
3743,5.786891422258453,13,12,5.0
3744,-4.325826008270495,12,13,5.0
3745,35.93120461697403,16,9,5.0
3746,5.6284824389374615,13,12,5.0
3747,35.780906365984215,16,9,5.0
3748,15.909336588144068,14,11,5.0
3749,-14.155055769964417,11,14,5.0
3750,16.434701635767645,14,11,5.0
3751,15.703944332784198,14,11,5.0
3752,15.558013805008365,14,11,5.0
3753,-4.10861517131044,12,13,5.0
3754,15.278005129553598,14,11,5.0
3755,25.917818033443996,15,10,5.0
3756,-3.822115393888647,12,13,5.0
3757,5.698532724019831,13,12,5.0
3758,15.520519915897435,14,11,5.0
3759,15.817146542747814,14,11,5.0
3760,-3.7410509355662622,12,13,5.0
3761,-13.562931220222332,11,14,5.0
3762,6.019011582075481,13,12,5.0
3763,-14.69266219446514,11,14,5.0
3764,5.71762270698971,13,12,5.0
3765,6.483255459510479,13,12,5.0
3766,-4.197183137485601,12,13,5.0
3767,-3.7218627475915103,12,13,5.0
3768,-24.67484645448635,10,15,5.0
3769,6.37847600278017,13,12,5.0
3770,15.569107442528608,14,11,5.0
3771,15.75982317813936,14,11,5.0
3772,-15.138016508767263,11,14,5.0
3773,5.975476695810414,13,12,5.0
3774,-33.566943431893975,9,16,5.0
3775,-4.8206426107971065,12,13,5.0
3776,15.478463569528273,14,11,5.0
3777,5.272217706669085,13,12,5.0
3778,-4.056473969146421,12,13,5.0
3779,-3.9288382840725067,12,13,5.0
3780,-14.504713209988253,11,14,5.0
3781,-3.881549387332493,12,13,5.0
3782,-14.395473709397296,11,14,5.0
3783,6.528139570104063,13,12,5.0
3784,-4.189436234893773,12,13,5.0
3785,-4.345517261226144,12,13,5.0
3786,-23.831274170062535,10,15,5.0
3787,-33.804738886433306,9,16,5.0
3788,-14.133321239484317,11,14,5.0
3789,15.665810238342418,14,11,5.0
3790,5.694118306754841,13,12,5.0
3791,-4.0355469762385505,12,13,5.0
3792,15.762789955401699,14,11,5.0
3793,-3.8040713037948732,12,13,5.0
3794,-4.326298928866837,12,13,5.0
3795,-14.514018893988101,11,14,5.0
3796,-24.20963715149857,10,15,5.0
3797,-24.33705919360405,10,15,5.0
3798,-13.167242422970553,11,14,5.0
3799,6.3931312663450015,13,12,5.0
3800,-34.43180639267406,9,16,5.0
3801,15.59224449539403,14,11,5.0
3802,5.533982691444725,13,12,5.0
3803,-4.339688557643263,12,13,5.0
3804,-14.065817794906117,11,14,5.0
3805,-23.93919541279832,10,15,5.0
3806,5.599966202093312,13,12,5.0
3807,-14.936043527368895,11,14,5.0
3808,-44.369029629029185,8,17,5.0
3809,6.441299503009356,13,12,5.0
3810,-24.56597685267875,10,15,5.0
3811,-4.748009299383247,12,13,5.0
3812,-14.174049679799145,11,14,5.0
3813,-4.489429830814385,12,13,5.0
3814,-4.47426547085608,12,13,5.0
3815,-14.47355594230849,11,14,5.0
3816,-4.087838420758263,12,13,5.0
3817,-14.616187244101448,11,14,5.0
3818,-14.714254917520142,11,14,5.0
3819,-14.396209509403413,11,14,5.0
3820,-34.42734822795953,9,16,5.0
3821,-4.824192651757623,12,13,5.0
3822,-4.166706640094242,12,13,5.0
3823,-3.9792484908726493,12,13,5.0
3824,-13.87380645684467,11,14,5.0
3825,-14.69662488351779,11,14,5.0
3826,5.343434302108229,13,12,5.0
3827,-14.62894634814499,11,14,5.0
3828,-25.170503331469625,10,15,5.0
3829,-14.925391069823473,11,14,5.0
3830,-24.38716043778796,10,15,5.0
3831,5.630724988315258,13,12,5.0
3832,-4.70072474042483,12,13,5.0
3833,4.824008013615137,13,12,5.0
3834,5.899238963168143,13,12,5.0
3835,-24.323512538507224,10,15,5.0
3836,-4.9010991667500114,12,13,5.0
3837,-4.5641107489326975,12,13,5.0
3838,6.030222944033088,13,12,5.0
3839,-4.464341639926342,12,13,5.0
3840,-24.784268508951154,10,15,5.0
3841,-14.855264154017588,11,14,5.0
3842,-4.452600370833109,12,13,5.0
3843,-15.023125152112103,11,14,5.0
3844,-5.161900363022546,12,13,5.0
3845,-14.874623450506064,11,14,5.0
3846,-14.757954298874509,11,14,5.0
3847,-15.578596529972028,11,14,5.0
3848,-24.76945748004678,10,15,5.0
3849,-24.71497178831156,10,15,5.0
3850,-13.962221272689687,11,14,5.0
3851,-14.97506250980124,11,14,5.0
3852,-24.240336608275186,10,15,5.0
3853,-14.857785888114492,11,14,5.0
3854,-24.33318520327493,10,15,5.0
3855,-15.0636065117051,11,14,5.0
3856,-4.6350823206313425,12,13,5.0
3857,6.022849321245088,13,12,5.0
3858,-13.981452860574947,11,14,5.0
3859,-3.5982722829235003,12,13,5.0
3860,-4.3167308559511035,12,13,5.0
3861,6.61746781996596,13,12,5.0
3862,-4.467583909924571,12,13,5.0
3863,-4.880781437002739,12,13,5.0
3864,-14.426558973099255,11,14,5.0
3865,-13.749431762310287,11,14,5.0
3866,-23.57934309681719,10,15,5.0
3867,-34.65530262203678,9,16,5.0
3868,-4.161342016517024,12,13,5.0
3869,-4.172211403358504,12,13,5.0
3870,-34.14066108632897,9,16,5.0
3871,-14.57971615997867,11,14,5.0
3872,-4.8880271656081185,12,13,5.0
3873,-3.901374581983184,12,13,5.0
3874,-14.11594832496125,11,14,5.0
3875,-13.758775579198867,11,14,5.0
3876,-24.36477029809236,10,15,5.0
3877,-34.19472159694959,9,16,5.0
3878,-14.43750360659947,11,14,5.0
3879,-25.538730511487525,10,15,5.0
3880,6.26272940138384,13,12,5.0
3881,-14.466549948962768,11,14,5.0
3882,-24.23204253702982,10,15,5.0
3883,-14.53521592980889,11,14,5.0
3884,-14.423732984123681,11,14,5.0
3885,-14.387540672599048,11,14,5.0
3886,-24.33781104999551,10,15,5.0
3887,-23.661586004164825,10,15,5.0
3888,-33.62545524744829,9,16,5.0
3889,-13.593424072089901,11,14,5.0
3890,-24.160836222414417,10,15,5.0
3891,-4.337427067440283,12,13,5.0
3892,-14.211402535209503,11,14,5.0
3893,-24.53536614511169,10,15,5.0
3894,6.357358342910635,13,12,5.0
3895,-3.9512581441468027,12,13,5.0
3896,-24.304561809809513,10,15,5.0
3897,5.851280749128458,13,12,5.0
3898,-4.865091243213069,12,13,5.0
3899,-14.159477849996582,11,14,5.0
3900,-14.843568509916203,11,14,5.0
3901,-14.266125663865974,11,14,5.0
3902,-24.119317252348168,10,15,5.0
3903,-24.495335069409244,10,15,5.0
3904,-4.187541423377024,12,13,5.0
3905,-13.902604329573824,11,14,5.0
3906,-35.78169842596226,9,16,5.0
3907,-4.772601256329937,12,13,5.0
3908,5.5308817850613385,13,12,5.0
3909,-4.188796933983147,12,13,5.0
3910,-14.03350630355217,11,14,5.0
3911,-24.300506143926867,10,15,5.0
3912,-24.49567998579601,10,15,5.0
3913,5.556406787513958,13,12,5.0
3914,15.337232808648203,14,11,5.0
3915,-14.45389384584847,11,14,5.0
3916,-14.822039788819204,11,14,5.0
3917,-14.188454600959243,11,14,5.0
3918,-14.524510913031904,11,14,5.0
3919,6.1819866534079555,13,12,5.0
3920,-14.934025199543825,11,14,5.0
3921,-4.3670320005975345,12,13,5.0
3922,-14.006271358600046,11,14,5.0
3923,-24.145557030412906,10,15,5.0
3924,-24.516815336636462,10,15,5.0
3925,-14.575363264787171,11,14,5.0
3926,-15.16964672903858,11,14,5.0
3927,-3.966783482648884,12,13,5.0
3928,-24.69659866895108,10,15,5.0
3929,5.222990894368393,13,12,5.0
3930,-14.190516296483086,11,14,5.0
3931,-14.125268913621031,11,14,5.0
3932,5.965947900335671,13,12,5.0
3933,-5.33443196215857,12,13,5.0
3934,5.463842345098357,13,12,5.0
3935,-14.830522144049308,11,14,5.0
3936,-4.293472501494518,12,13,5.0
3937,5.927582111496241,13,12,5.0
3938,-33.722307806975486,9,16,5.0
3939,-15.534974467684922,11,14,5.0
3940,-24.388021134667817,10,15,5.0
3941,-4.140051135976112,12,13,5.0
3942,-4.0871713129617255,12,13,5.0
3943,-24.09857690259748,10,15,5.0
3944,-4.579191692809678,12,13,5.0
3945,-13.77106367294146,11,14,5.0
3946,-14.326603991056416,11,14,5.0
3947,-4.665629718075884,12,13,5.0
3948,-4.501420523058735,12,13,5.0
3949,-4.439930233330317,12,13,5.0
3950,-4.864706029294858,12,13,5.0
3951,-14.20273130395977,11,14,5.0
3952,-14.198504950214028,11,14,5.0
3953,-25.067834344584263,10,15,5.0
3954,-14.918884118913885,11,14,5.0
3955,-4.662146326233426,12,13,5.0
3956,-4.315613632891493,12,13,5.0
3957,-14.806760515585221,11,14,5.0
3958,5.745292110012548,13,12,5.0
3959,-4.139736060502718,12,13,5.0
3960,-14.609433442331696,11,14,5.0
3961,-4.429214975282173,12,13,5.0
3962,-5.445945756799064,12,13,5.0
3963,-15.014568220483758,11,14,5.0
3964,5.243420299068557,13,12,5.0
3965,-5.684149266347756,12,13,5.0
3966,-4.76892441063406,12,13,5.0
3967,-5.09253439505903,12,13,5.0
3968,-4.895913803079643,12,13,5.0
3969,-14.800931423716055,11,14,5.0
3970,-4.2277992284429295,12,13,5.0
3971,-14.789510958891562,11,14,5.0
3972,-14.494173932913974,11,14,5.0
3973,-4.541069418786867,12,13,5.0
3974,-15.173870013384608,11,14,5.0
3975,-15.00826751787697,11,14,5.0
3976,-24.851300290531242,10,15,5.0
3977,-14.801976496727402,11,14,5.0
3978,-14.374133847638696,11,14,5.0
3979,-5.33817404281116,12,13,5.0
3980,-4.9518764773694475,12,13,5.0
3981,-14.98149529549147,11,14,5.0
3982,-4.755938572918444,12,13,5.0
3983,-3.9231195179547793,12,13,5.0
3984,-14.536895480877622,11,14,5.0
3985,5.5165547989534645,13,12,5.0
3986,-4.036365730084276,12,13,5.0
3987,-4.538300921443786,12,13,5.0
3988,-14.328082167320456,11,14,5.0
3989,-14.790501389604284,11,14,5.0
3990,-15.224953484560219,11,14,5.0
3991,-25.463308880995058,10,15,5.0
3992,-5.13587902116208,12,13,5.0
3993,14.590031333655658,14,11,5.0
3994,-6.0647308551275465,12,13,5.0
3995,-4.3823595037497105,12,13,5.0
3996,-15.12733948184335,11,14,5.0
3997,-15.07858144930158,11,14,5.0
3998,-15.275561376889533,11,14,5.0
3999,-15.221826626341102,11,14,5.0
4000,4.860989044121004,13,12,5.0
