"# mode=fixed d_value=3 d=[0,0] p=0.50 dr=0 seed=2 topology=fixed ch=3 n_agents=5 obs_dim=34 n_episodes=4000"
episode,sum_reward,success,fail,mean_delay
1,-34.95206200475221,9,16,3.0
2,-54.30780804022879,7,18,3.0
3,-75.03883188765543,5,20,3.0
4,-55.24301297829265,7,18,3.0
5,-34.64444185167347,9,16,3.0
6,-24.14289476940039,10,15,3.0
7,-53.326101834639815,7,18,3.0
8,-35.18188014402567,9,16,3.0
9,-24.94401704152193,10,15,3.0
10,-13.646702365036642,11,14,3.0
11,-54.960007586421625,7,18,3.0
12,-33.94283967031318,9,16,3.0
13,-45.84751042383925,8,17,3.0
14,-4.328907776202675,12,13,3.0
15,-45.62862636572824,8,17,3.0
16,-53.85251177354388,7,18,3.0
17,-55.24995874492274,7,18,3.0
18,-55.07197852233729,7,18,3.0
19,-25.345688555913526,10,15,3.0
20,-45.00463919695908,8,17,3.0
21,-44.22482464295588,8,17,3.0
22,-55.020825450130246,7,18,3.0
23,-34.96105782653985,9,16,3.0
24,-25.20534842249567,10,15,3.0
25,-45.59410151505692,8,17,3.0
26,-24.74834812603752,10,15,3.0
27,-34.24709916216324,9,16,3.0
28,-25.319205105346796,10,15,3.0
29,-24.856149564829046,10,15,3.0
30,-65.1157289315109,6,19,3.0
31,-53.875528293171094,7,18,3.0
32,-65.01312676093293,6,19,3.0
33,-54.627279866111294,7,18,3.0
34,-44.028681033952786,8,17,3.0
35,-54.81053013636883,7,18,3.0
36,-35.06662701948486,9,16,3.0
37,-45.111269067346925,8,17,3.0
38,-44.8731546058175,8,17,3.0
39,-54.27992401115603,7,18,3.0
40,-54.74922382023138,7,18,3.0
41,-5.05045232916984,12,13,3.0
42,-45.866862582116376,8,17,3.0
43,-44.95819216739645,8,17,3.0
44,-25.180712684024854,10,15,3.0
45,-45.804727639112656,8,17,3.0
46,-35.87617885294755,9,16,3.0
47,-54.93669284583295,7,18,3.0
48,-64.99031000628216,6,19,3.0
49,-44.18659815999497,8,17,3.0
50,-34.633549806430864,9,16,3.0
51,-53.84793486200634,7,18,3.0
52,-74.88167209967021,5,20,3.0
53,-34.44894215448522,9,16,3.0
54,-35.095045789485916,9,16,3.0
55,-35.091650267426814,9,16,3.0
56,-75.40469328814086,5,20,3.0
57,-55.364501874323054,7,18,3.0
58,-14.72902880005789,11,14,3.0
59,-54.77307988416465,7,18,3.0
60,-45.24761605959374,8,17,3.0
61,-25.36280641795086,10,15,3.0
62,-25.655112609725535,10,15,3.0
63,-24.999767669733515,10,15,3.0
64,-54.141525093770085,7,18,3.0
65,-35.126315446859735,9,16,3.0
66,-16.88472908054007,11,14,3.0
67,-35.02018562308162,9,16,3.0
68,-53.76516993176645,7,18,3.0
69,-55.553796195776684,7,18,3.0
70,-26.43212863620485,10,15,3.0
71,-43.88872306525538,8,17,3.0
72,-64.92304915319318,6,19,3.0
73,-65.35612685143919,6,19,3.0
74,-55.04093934783011,7,18,3.0
75,-25.259053149332246,10,15,3.0
76,-65.22235282648273,6,19,3.0
77,-65.73402074819447,6,19,3.0
78,-25.480438708309187,10,15,3.0
79,-45.16958719965572,8,17,3.0
80,-45.82709942154646,8,17,3.0
81,-35.70184193219514,9,16,3.0
82,-55.28392489469648,7,18,3.0
83,-25.150690098521842,10,15,3.0
84,-46.911237343781295,8,17,3.0
85,-55.67517935564735,7,18,3.0
86,-56.123884792662196,7,18,3.0
87,-55.16378145956536,7,18,3.0
88,-54.979958458633064,7,18,3.0
89,-45.28705437266804,8,17,3.0
90,-54.363755949840254,7,18,3.0
91,-43.90827265379708,8,17,3.0
92,-26.18293794121207,10,15,3.0
93,-34.68627401109041,9,16,3.0
94,-65.6598409375056,6,19,3.0
95,-25.773016017827096,10,15,3.0
96,-45.595883896487564,8,17,3.0
97,-4.262917223562011,12,13,3.0
98,-56.65356735839788,7,18,3.0
99,-35.63736180741363,9,16,3.0
100,-44.286325109530054,8,17,3.0
101,-14.138014797957451,11,14,3.0
102,-24.8306515292024,10,15,3.0
103,-55.48682283219972,7,18,3.0
104,-55.57593078118643,7,18,3.0
105,-34.5346704305547,9,16,3.0
106,-15.003791563567436,11,14,3.0
107,-64.82302354298977,6,19,3.0
108,-34.60326599890644,9,16,3.0
109,-54.65851895486117,7,18,3.0
110,-25.232671216918238,10,15,3.0
111,-3.9196457517539756,12,13,3.0
112,-34.31382759919029,9,16,3.0
113,-54.85508694195912,7,18,3.0
114,-25.278834098304984,10,15,3.0
115,-16.37918253219292,11,14,3.0
116,-34.31759218432322,9,16,3.0
117,-13.981089935655001,11,14,3.0
118,-45.097795911804795,8,17,3.0
119,-24.93702090949484,10,15,3.0
120,-14.455112240286097,11,14,3.0
121,-55.85724631959745,7,18,3.0
122,-55.26226375992689,7,18,3.0
123,-45.48866810878164,8,17,3.0
124,-64.89565347758654,6,19,3.0
125,-44.74765306420324,8,17,3.0
126,-35.09629810906968,9,16,3.0
127,-25.26746594573246,10,15,3.0
128,-45.37697370638968,8,17,3.0
129,-55.19153261651355,7,18,3.0
130,-34.84650093166783,9,16,3.0
131,-14.046072077487821,11,14,3.0
132,-35.58823091211603,9,16,3.0
133,-24.572000873227232,10,15,3.0
134,-75.56815849816597,5,20,3.0
135,-35.10101454718425,9,16,3.0
136,-45.070784513335624,8,17,3.0
137,-45.01514300255166,8,17,3.0
138,-34.3956218063925,9,16,3.0
139,-45.22228031734416,8,17,3.0
140,-54.851517898793425,7,18,3.0
141,-45.92728673800153,8,17,3.0
142,-65.00494860279072,6,19,3.0
143,-34.94338376710683,9,16,3.0
144,-25.04339278369317,10,15,3.0
145,-56.414005854480344,7,18,3.0
146,-24.486162370786303,10,15,3.0
147,-75.16376951820433,5,20,3.0
148,-25.123793468435586,10,15,3.0
149,-55.33031859801631,7,18,3.0
150,-24.104241339075163,10,15,3.0
151,-24.122180180597553,10,15,3.0
152,-24.45010226659291,10,15,3.0
153,-35.73888258532714,9,16,3.0
154,-4.748309948649309,12,13,3.0
155,-15.731139861411696,11,14,3.0
156,-24.272326746772645,10,15,3.0
157,5.410122841644973,13,12,3.0
158,-56.13470175299196,7,18,3.0
159,-35.438274597508865,9,16,3.0
160,-65.06692289205822,6,19,3.0
161,-15.17243821772669,11,14,3.0
162,-25.630802328788604,10,15,3.0
163,-44.111835117394065,8,17,3.0
164,-44.64666261243367,8,17,3.0
165,-25.362829005531992,10,15,3.0
166,-15.518481573036526,11,14,3.0
167,-35.25278236176233,9,16,3.0
168,-45.80600821670882,8,17,3.0
169,-65.80473575826181,6,19,3.0
170,-65.23461403731508,6,19,3.0
171,-55.24396396191532,7,18,3.0
172,-44.639689273846685,8,17,3.0
173,-35.67275194055296,9,16,3.0
174,-44.719602487316024,8,17,3.0
175,-34.25441985389175,9,16,3.0
176,-35.11566602676103,9,16,3.0
177,-25.338946948042018,10,15,3.0
178,-55.689955756575074,7,18,3.0
179,-44.977339117469086,8,17,3.0
180,-34.57618375514613,9,16,3.0
181,-24.909355952201373,10,15,3.0
182,-25.799072852783546,10,15,3.0
183,-24.94426388142631,10,15,3.0
184,-26.69786114064135,10,15,3.0
185,-14.64220606532994,11,14,3.0
186,-35.17510859807771,9,16,3.0
187,-14.639350909489496,11,14,3.0
188,-44.91167296812882,8,17,3.0
189,-4.703484750857998,12,13,3.0
190,-36.48418386828504,9,16,3.0
191,-24.45906017381953,10,15,3.0
192,-24.66464910691781,10,15,3.0
193,-35.45024538402245,9,16,3.0
194,-55.400910389420154,7,18,3.0
195,-24.197631241952188,10,15,3.0
196,-24.565197253550927,10,15,3.0
197,-35.555992613865186,9,16,3.0
198,-24.58120098449377,10,15,3.0
199,-25.54459829163219,10,15,3.0
200,-23.594576809718113,10,15,3.0
201,-44.87254486745162,8,17,3.0
202,-24.945166405790047,10,15,3.0
203,-35.01461308214036,9,16,3.0
204,-24.556021081016983,10,15,3.0
205,-34.7353050537987,9,16,3.0
206,-25.582600156093736,10,15,3.0
207,-35.00012620926786,9,16,3.0
208,-25.033928032858,10,15,3.0
209,-35.917122455666764,9,16,3.0
210,-44.594804586676744,8,17,3.0
211,-14.612067726923087,11,14,3.0
212,-25.53904028992398,10,15,3.0
213,-54.090505886704236,7,18,3.0
214,-24.043038856023124,10,15,3.0
215,-34.9811744432923,9,16,3.0
216,-54.66760911992721,7,18,3.0
217,-36.2687083033075,9,16,3.0
218,-14.20447804598479,11,14,3.0
219,-34.48182644159874,9,16,3.0
220,-15.205067045558476,11,14,3.0
221,-24.90450108198339,10,15,3.0
222,-44.98512288976383,8,17,3.0
223,-54.312312779856725,7,18,3.0
224,-45.542452017937066,8,17,3.0
225,-36.031703702916296,9,16,3.0
226,-15.003890233842315,11,14,3.0
227,-3.8330596427018477,12,13,3.0
228,-35.266253161476214,9,16,3.0
229,-45.32874083203368,8,17,3.0
230,-56.00631852654833,7,18,3.0
231,-35.71020537510162,9,16,3.0
232,-45.37949873764616,8,17,3.0
233,-35.763864672281755,9,16,3.0
234,-25.1170051934835,10,15,3.0
235,-34.55353269318678,9,16,3.0
236,-25.754329956650498,10,15,3.0
237,-54.59721658063826,7,18,3.0
238,-26.03030686331274,10,15,3.0
239,-24.86597390808393,10,15,3.0
240,-5.045025163583443,12,13,3.0
241,-16.307293120581146,11,14,3.0
242,-54.30544183828772,7,18,3.0
243,-46.06810068319179,8,17,3.0
244,-25.006871951570965,10,15,3.0
245,4.617028733872337,13,12,3.0
246,-4.2269615681009345,12,13,3.0
247,-24.446285072710896,10,15,3.0
248,-35.57260161683016,9,16,3.0
249,-35.77933944549923,9,16,3.0
250,-5.547819186913111,12,13,3.0
251,-15.170343254598583,11,14,3.0
252,-23.632954374850993,10,15,3.0
253,-14.767971562480644,11,14,3.0
254,-35.29873789594443,9,16,3.0
255,-45.51973551900616,8,17,3.0
256,-55.256174859789105,7,18,3.0
257,-46.46302382578583,8,17,3.0
258,-25.555354767261427,10,15,3.0
259,-45.92253439446347,8,17,3.0
260,-5.697681864274134,12,13,3.0
261,-5.177013927550952,12,13,3.0
262,-24.627564905465704,10,15,3.0
263,-45.43062759372494,8,17,3.0
264,-25.064843347582045,10,15,3.0
265,-33.823882386282165,9,16,3.0
266,-35.230193822970314,9,16,3.0
267,-55.50567510691492,7,18,3.0
268,-35.3241973364833,9,16,3.0
269,-64.41085949801379,6,19,3.0
270,-36.37996624126354,9,16,3.0
271,-34.961462116022744,9,16,3.0
272,-35.01981096367548,9,16,3.0
273,-55.13971395164275,7,18,3.0
274,-24.396099726731407,10,15,3.0
275,-14.78776978454912,11,14,3.0
276,-15.740290589757304,11,14,3.0
277,-24.940628608981726,10,15,3.0
278,-15.034458695662655,11,14,3.0
279,-44.495961595012076,8,17,3.0
280,-25.272551197595696,10,15,3.0
281,-14.742967851920113,11,14,3.0
282,-35.12455993682681,9,16,3.0
283,-25.796974553411303,10,15,3.0
284,-55.002955762006906,7,18,3.0
285,-24.528847300316393,10,15,3.0
286,-24.579347029503655,10,15,3.0
287,-45.211930731935766,8,17,3.0
288,-34.322589704053144,9,16,3.0
289,-34.31039190301299,9,16,3.0
290,-23.422797879144227,10,15,3.0
291,-6.104514031563156,12,13,3.0
292,-4.549224104523633,12,13,3.0
293,-24.389683719408943,10,15,3.0
294,-55.210423874574786,7,18,3.0
295,-45.08338120272458,8,17,3.0
296,-24.765297365520496,10,15,3.0
297,-14.942857527704133,11,14,3.0
298,-56.86100261325364,7,18,3.0
299,-25.686202025403027,10,15,3.0
300,-24.45128804705172,10,15,3.0
301,-35.995469996395315,9,16,3.0
302,-14.586762486077475,11,14,3.0
303,-25.296527582950652,10,15,3.0
304,-24.98789673738699,10,15,3.0
305,-15.233026399282942,11,14,3.0
306,-24.86536049880838,10,15,3.0
307,5.020029863017831,13,12,3.0
308,-15.384690079511707,11,14,3.0
309,-13.824224060840603,11,14,3.0
310,-44.305720339586856,8,17,3.0
311,-14.767062013839837,11,14,3.0
312,-44.43372578513201,8,17,3.0
313,-4.609405622695364,12,13,3.0
314,-34.74820892686077,9,16,3.0
315,-24.770171893281812,10,15,3.0
316,-35.16941010588564,9,16,3.0
317,-35.62379100201621,9,16,3.0
318,-44.78834638410896,8,17,3.0
319,-56.91045086491246,7,18,3.0
320,-24.358067321281244,10,15,3.0
321,-25.10667714851411,10,15,3.0
322,-23.538282202096195,10,15,3.0
323,-6.4573056657040775,12,13,3.0
324,-23.68599511844917,10,15,3.0
325,-24.086612486473925,10,15,3.0
326,-45.127787507442406,8,17,3.0
327,-25.127788216452814,10,15,3.0
328,-4.498643529236885,12,13,3.0
329,-45.32039947660583,8,17,3.0
330,-34.12956804782563,9,16,3.0
331,-14.812734189472149,11,14,3.0
332,-34.492918110517294,9,16,3.0
333,-34.3537843474542,9,16,3.0
334,-24.725079991956456,10,15,3.0
335,-55.56357440897584,7,18,3.0
336,-15.381390778887285,11,14,3.0
337,-35.46914762230126,9,16,3.0
338,-14.489819773467412,11,14,3.0
339,-35.104712997347114,9,16,3.0
340,-24.532071638161582,10,15,3.0
341,-53.910261928425726,7,18,3.0
342,-5.22503064623129,12,13,3.0
343,-15.247800963763304,11,14,3.0
344,-34.303003121585704,9,16,3.0
345,-15.604555293716764,11,14,3.0
346,-45.11801955869561,8,17,3.0
347,-24.9995825295304,10,15,3.0
348,-35.5281806750585,9,16,3.0
349,-6.172694356032684,12,13,3.0
350,-25.280243851630907,10,15,3.0
351,-35.84770838882841,9,16,3.0
352,-34.47413439138583,9,16,3.0
353,-35.599821046045925,9,16,3.0
354,-25.314503407897625,10,15,3.0
355,-15.998968804382754,11,14,3.0
356,-45.64511903094247,8,17,3.0
357,-24.603862478787068,10,15,3.0
358,-5.861345920099377,12,13,3.0
359,-34.306507484108444,9,16,3.0
360,-34.22627613795268,9,16,3.0
361,-15.640092652688637,11,14,3.0
362,-14.721025130027304,11,14,3.0
363,-15.099340283754799,11,14,3.0
364,-24.938720839550864,10,15,3.0
365,-23.233234502196126,10,15,3.0
366,-34.675516840605724,9,16,3.0
367,-14.646030523074728,11,14,3.0
368,-34.15809343256883,9,16,3.0
369,-25.589523739818553,10,15,3.0
370,-23.31777441801374,10,15,3.0
371,-26.048328491778122,10,15,3.0
372,-13.872355024979624,11,14,3.0
373,-25.097992158455526,10,15,3.0
374,-24.30979860320162,10,15,3.0
375,-25.374822494629434,10,15,3.0
376,-15.515019427679317,11,14,3.0
377,-45.19885957901041,8,17,3.0
378,-43.886666962166224,8,17,3.0
379,-35.54278316757438,9,16,3.0
380,-14.909210772974557,11,14,3.0
381,-15.053733643802442,11,14,3.0
382,-44.35381748764728,8,17,3.0
383,-24.617754231208664,10,15,3.0
384,-25.015652367823307,10,15,3.0
385,-25.066276158182134,10,15,3.0
386,-34.79847170318107,9,16,3.0
387,-24.49688967082725,10,15,3.0
388,-35.02221791379491,9,16,3.0
389,-24.327073349097375,10,15,3.0
390,-5.002379631400048,12,13,3.0
391,-64.91737193100633,6,19,3.0
392,4.876504943890806,13,12,3.0
393,-45.15275300671787,8,17,3.0
394,-14.865327655566047,11,14,3.0
395,-4.801058992736615,12,13,3.0
396,-23.615000481328295,10,15,3.0
397,-15.212660075987834,11,14,3.0
398,-35.42513746390371,9,16,3.0
399,-4.656983249236937,12,13,3.0
400,-24.56256091214519,10,15,3.0
401,-14.534071251284313,11,14,3.0
402,-4.670446094042315,12,13,3.0
403,-34.30732082221302,9,16,3.0
404,-15.484442629187722,11,14,3.0
405,-14.381831671063777,11,14,3.0
406,-24.30614547380388,10,15,3.0
407,-24.89436510543397,10,15,3.0
408,-14.884471714855888,11,14,3.0
409,-13.263416417485274,11,14,3.0
410,-23.535555896137495,10,15,3.0
411,-24.501959537436278,10,15,3.0
412,-13.992897808534433,11,14,3.0
413,-34.38122008262345,9,16,3.0
414,-25.861428754239654,10,15,3.0
415,-25.48408844041691,10,15,3.0
416,-15.658409185680043,11,14,3.0
417,5.744070145842016,13,12,3.0
418,-4.650725860641504,12,13,3.0
419,-13.932240003223903,11,14,3.0
420,5.252408655531784,13,12,3.0
421,-4.435488784808845,12,13,3.0
422,-33.95644481734412,9,16,3.0
423,-34.38500704278452,9,16,3.0
424,-25.297479838850958,10,15,3.0
425,-14.315442586966387,11,14,3.0
426,-25.152817902748012,10,15,3.0
427,-25.556787163595615,10,15,3.0
428,-4.617985368983243,12,13,3.0
429,-14.808892555115865,11,14,3.0
430,-44.18952527321427,8,17,3.0
431,-13.85778802283477,11,14,3.0
432,-24.321201064565514,10,15,3.0
433,-14.810196147397193,11,14,3.0
434,-64.75182167640841,6,19,3.0
435,-24.660842170169428,10,15,3.0
436,-24.531371021393262,10,15,3.0
437,-14.041448282548007,11,14,3.0
438,-23.918591745010175,10,15,3.0
439,-34.255764414937865,9,16,3.0
440,-24.41377171907636,10,15,3.0
441,-35.71850884072746,9,16,3.0
442,-15.495449949461968,11,14,3.0
443,-14.943884565653423,11,14,3.0
444,-14.442712372229309,11,14,3.0
445,-15.30234333400498,11,14,3.0
446,-5.071640540445843,12,13,3.0
447,-34.67810904364599,9,16,3.0
448,-34.31820254739225,9,16,3.0
449,-13.424489076887212,11,14,3.0
450,-24.14045213594254,10,15,3.0
451,-13.606845209857507,11,14,3.0
452,-6.05168198670208,12,13,3.0
453,-15.030912711776619,11,14,3.0
454,-3.897322583916086,12,13,3.0
455,-15.002632283538675,11,14,3.0
456,-4.295251372766344,12,13,3.0
457,-4.005498926524252,12,13,3.0
458,-23.170313364849708,10,15,3.0
459,-34.37051397796901,9,16,3.0
460,-24.74494165977483,10,15,3.0
461,-24.869025048831475,10,15,3.0
462,-15.161458396591556,11,14,3.0
463,-24.02522571522642,10,15,3.0
464,-24.31324519224875,10,15,3.0
465,-14.799741489838066,11,14,3.0
466,-24.245746980747583,10,15,3.0
467,-25.150810203597295,10,15,3.0
468,-14.644241644504449,11,14,3.0
469,-24.84555565861129,10,15,3.0
470,-35.07045816657651,9,16,3.0
471,-24.46121086387481,10,15,3.0
472,5.59807688573834,13,12,3.0
473,-4.746485885051142,12,13,3.0
474,-14.877546426737865,11,14,3.0
475,-24.217227180510086,10,15,3.0
476,-34.99007705780295,9,16,3.0
477,-34.12930384368313,9,16,3.0
478,-14.253985229699907,11,14,3.0
479,-13.993908949998893,11,14,3.0
480,5.192172158139062,13,12,3.0
481,-25.836987559508085,10,15,3.0
482,-15.154652859748037,11,14,3.0
483,-25.60113159970714,10,15,3.0
484,14.788735860745879,14,11,3.0
485,-14.429252377105293,11,14,3.0
486,-35.10023978103251,9,16,3.0
487,-5.152655927391686,12,13,3.0
488,-24.838458585447025,10,15,3.0
489,-24.285740187278627,10,15,3.0
490,-14.602842205014651,11,14,3.0
491,-34.757409143199254,9,16,3.0
492,-4.365901897842913,12,13,3.0
493,-14.18368264290685,11,14,3.0
494,-15.475585792566307,11,14,3.0
495,-15.869734935900466,11,14,3.0
496,-5.736029020613472,12,13,3.0
497,-14.301580953782008,11,14,3.0
498,-23.896278761330514,10,15,3.0
499,-4.32485990602661,12,13,3.0
500,-5.689225286461903,12,13,3.0
501,-35.67846950449633,9,16,3.0
502,-3.445567483994937,12,13,3.0
503,-14.841281596616103,11,14,3.0
504,-15.334071275203744,11,14,3.0
505,-13.892742279540148,11,14,3.0
506,-23.970061018596475,10,15,3.0
507,-5.2745933299438885,12,13,3.0
508,-14.563891817318508,11,14,3.0
509,5.545148827129513,13,12,3.0
510,-25.422322853347765,10,15,3.0
511,5.243945819521798,13,12,3.0
512,-24.37374962750829,10,15,3.0
513,-15.717543969252063,11,14,3.0
514,-5.199777393006302,12,13,3.0
515,-5.254418215604982,12,13,3.0
516,-15.626576777823967,11,14,3.0
517,-14.74184814136779,11,14,3.0
518,4.717011716516419,13,12,3.0
519,-14.615546646585955,11,14,3.0
520,-5.299674553399675,12,13,3.0
521,5.401795738221699,13,12,3.0
522,-25.404678776121674,10,15,3.0
523,5.99535845098187,13,12,3.0
524,-24.689058179143796,10,15,3.0
525,-15.830226780034408,11,14,3.0
526,-23.798984860128392,10,15,3.0
527,-4.278835362679902,12,13,3.0
528,-34.795381538744394,9,16,3.0
529,-23.420637565669367,10,15,3.0
530,-14.982926481574642,11,14,3.0
531,-3.9646857288208723,12,13,3.0
532,-14.90080098565478,11,14,3.0
533,-24.232620689634352,10,15,3.0
534,-5.096198018365325,12,13,3.0
535,5.438302961736335,13,12,3.0
536,-14.704863072158657,11,14,3.0
537,6.035719923627294,13,12,3.0
538,-4.485261460420263,12,13,3.0
539,-5.354708476139556,12,13,3.0
540,-15.234167394495454,11,14,3.0
541,-4.683981208871806,12,13,3.0
542,-34.72984070169367,9,16,3.0
543,-15.695124365765404,11,14,3.0
544,-24.091198563011943,10,15,3.0
545,-15.96753673354819,11,14,3.0
546,-16.19073545952495,11,14,3.0
547,-25.335735449470747,10,15,3.0
548,-35.49105527963545,9,16,3.0
549,-15.273508457866653,11,14,3.0
550,-44.47470909160738,8,17,3.0
551,-3.9253492958306846,12,13,3.0
552,-14.152256068316696,11,14,3.0
553,-14.630364201186804,11,14,3.0
554,-5.143032640719733,12,13,3.0
555,-15.16714279204679,11,14,3.0
556,-14.87302348365466,11,14,3.0
557,-5.1137084458479976,12,13,3.0
558,-13.570931154725924,11,14,3.0
559,-15.515823257614748,11,14,3.0
560,15.630756788384975,14,11,3.0
561,-24.732843713746455,10,15,3.0
562,-24.31817819554404,10,15,3.0
563,-5.904489850204142,12,13,3.0
564,-26.03641958608609,10,15,3.0
565,5.224033432845383,13,12,3.0
566,-4.588983673409328,12,13,3.0
567,-14.32407591595628,11,14,3.0
568,-25.460393433429637,10,15,3.0
569,5.04028897738648,13,12,3.0
570,-15.165342242983417,11,14,3.0
571,-14.857512407950395,11,14,3.0
572,-14.912688272443704,11,14,3.0
573,-15.613603659038539,11,14,3.0
574,-15.229516113559153,11,14,3.0
575,-3.4982920087787797,12,13,3.0
576,4.998579039516354,13,12,3.0
577,-4.58752367506602,12,13,3.0
578,-5.146231171432881,12,13,3.0
579,-4.438026192552152,12,13,3.0
580,15.178621059144833,14,11,3.0
581,-4.122854351218137,12,13,3.0
582,16.074873115452718,14,11,3.0
583,-24.830641113757316,10,15,3.0
584,-14.871690154710437,11,14,3.0
585,6.281414231415418,13,12,3.0
586,6.0786925212747835,13,12,3.0
587,-24.988921464213163,10,15,3.0
588,-14.073511888066458,11,14,3.0
589,-23.9489907206759,10,15,3.0
590,-24.886382565979392,10,15,3.0
591,-14.491560857722867,11,14,3.0
592,-4.720624399577121,12,13,3.0
593,14.23148863809154,14,11,3.0
594,-14.35779415298841,11,14,3.0
595,4.993310111702467,13,12,3.0
596,-14.375879167294482,11,14,3.0
597,-14.951514015324202,11,14,3.0
598,-15.817016443691852,11,14,3.0
599,-45.088066994980494,8,17,3.0
600,-5.338129907841259,12,13,3.0
601,4.968380308812245,13,12,3.0
602,-15.575338589693654,11,14,3.0
603,-24.79390055950417,10,15,3.0
604,-14.42945297360923,11,14,3.0
605,-4.45222276874065,12,13,3.0
606,5.660110171266481,13,12,3.0
607,-4.736789203609531,12,13,3.0
608,-4.620748605723277,12,13,3.0
609,5.673557776490329,13,12,3.0
610,-3.7947697486130245,12,13,3.0
611,6.096972162273168,13,12,3.0
612,-5.028426410605989,12,13,3.0
613,-14.50025546800987,11,14,3.0
614,-34.46434962346554,9,16,3.0
615,-4.883196125370947,12,13,3.0
616,5.581327913850847,13,12,3.0
617,-4.487243772906989,12,13,3.0
618,-5.908591304210761,12,13,3.0
619,4.6251799075517575,13,12,3.0
620,5.619147603947505,13,12,3.0
621,-5.766595362707433,12,13,3.0
622,-15.000820131126348,11,14,3.0
623,5.350689331176115,13,12,3.0
624,-14.123102682572558,11,14,3.0
625,4.3006547041337635,13,12,3.0
626,-14.535666847860892,11,14,3.0
627,-4.9249370984540635,12,13,3.0
628,-4.5912989127299335,12,13,3.0
629,5.452676179529895,13,12,3.0
630,15.557201463659514,14,11,3.0
631,-14.913683193077665,11,14,3.0
632,-4.84214889638278,12,13,3.0
633,-14.748208483773585,11,14,3.0
634,4.92912747119645,13,12,3.0
635,5.367598164640906,13,12,3.0
636,-3.7994229303663616,12,13,3.0
637,-4.701677831289395,12,13,3.0
638,4.4635689117347255,13,12,3.0
639,-5.5377127950880976,12,13,3.0
640,5.269395773495449,13,12,3.0
641,15.388659606686145,14,11,3.0
642,-14.416387719287384,11,14,3.0
643,-4.076349613583641,12,13,3.0
644,-24.97928501209444,10,15,3.0
645,-5.249995655127742,12,13,3.0
646,-26.22316599361764,10,15,3.0
647,-15.556584730947888,11,14,3.0
648,-4.371648174843669,12,13,3.0
649,-25.266362492081097,10,15,3.0
650,14.143612548541348,14,11,3.0
651,-4.527056080935616,12,13,3.0
652,-4.653960095206122,12,13,3.0
653,-5.14868710413033,12,13,3.0
654,-15.179682330814387,11,14,3.0
655,-34.7655219303464,9,16,3.0
656,-14.615204715714238,11,14,3.0
657,-5.79258308030313,12,13,3.0
658,-4.843921615739522,12,13,3.0
659,4.974749162177127,13,12,3.0
660,16.47960837101094,14,11,3.0
661,5.436541256548669,13,12,3.0
662,4.644114191829958,13,12,3.0
663,-24.97953858726104,10,15,3.0
664,-4.698242663379562,12,13,3.0
665,-14.566800586521891,11,14,3.0
666,-4.594366263428847,12,13,3.0
667,-3.385938808093396,12,13,3.0
668,-3.244957563399959,12,13,3.0
669,25.44690465411393,15,10,3.0
670,-4.504416125476646,12,13,3.0
671,-23.87200438897557,10,15,3.0
672,-4.554954001695841,12,13,3.0
673,14.963219163154905,14,11,3.0
674,-23.588017157470375,10,15,3.0
675,-14.68686829932783,11,14,3.0
676,5.547139893668803,13,12,3.0
677,4.656956343348518,13,12,3.0
678,-4.824510576094034,12,13,3.0
679,-24.85802719694746,10,15,3.0
680,4.975429178061501,13,12,3.0
681,-15.622169390814069,11,14,3.0
682,15.899850546067391,14,11,3.0
683,-34.53514526777621,9,16,3.0
684,6.587630870721709,13,12,3.0
685,14.170889699803295,14,11,3.0
686,-15.438317600990867,11,14,3.0
687,-4.465786144343919,12,13,3.0
688,-6.037235117000625,12,13,3.0
689,6.240742263453717,13,12,3.0
690,14.757173084625196,14,11,3.0
691,6.407800034326016,13,12,3.0
692,4.937384838447921,13,12,3.0
693,-5.458086078690434,12,13,3.0
694,-4.53030041304474,12,13,3.0
695,5.738550620178949,13,12,3.0
696,14.81861841731895,14,11,3.0
697,14.89302872705117,14,11,3.0
698,-5.539514575591378,12,13,3.0
699,16.015360359278315,14,11,3.0
700,-26.11946521254172,10,15,3.0
701,15.245000161632118,14,11,3.0
702,6.190234500010046,13,12,3.0
703,4.668170248934285,13,12,3.0
704,5.037270281696424,13,12,3.0
705,-26.707625147400194,10,15,3.0
706,5.086966776740692,13,12,3.0
707,-5.473081695736186,12,13,3.0
708,-4.794510628212189,12,13,3.0
709,4.577133456071129,13,12,3.0
710,-14.628606320481287,11,14,3.0
711,-15.552313885885395,11,14,3.0
712,-4.713295740848664,12,13,3.0
713,27.12014527999064,15,10,3.0
714,5.014650934096736,13,12,3.0
715,-5.291972577172276,12,13,3.0
716,5.343837093241618,13,12,3.0
717,14.013146903070654,14,11,3.0
718,-15.099109376011546,11,14,3.0
719,-5.726691764212123,12,13,3.0
720,5.460438641533884,13,12,3.0
721,5.0636179391510305,13,12,3.0
722,-15.602881004970742,11,14,3.0
723,-14.55493689356102,11,14,3.0
724,5.9330995272688885,13,12,3.0
725,-5.073556479695466,12,13,3.0
726,3.690977328611276,13,12,3.0
727,-24.466116218435246,10,15,3.0
728,24.485520864315657,15,10,3.0
729,-5.298872914885616,12,13,3.0
730,6.136809377741482,13,12,3.0
731,4.852326740424173,13,12,3.0
732,-5.3574294680652015,12,13,3.0
733,5.275822691702594,13,12,3.0
734,15.299816940157388,14,11,3.0
735,26.041863128906463,15,10,3.0
736,5.543044533874392,13,12,3.0
737,-14.583405733685376,11,14,3.0
738,-14.589945595091182,11,14,3.0
739,4.047522478224575,13,12,3.0
740,24.78377973680944,15,10,3.0
741,5.428003820280179,13,12,3.0
742,16.247769432377734,14,11,3.0
743,-14.828024898287897,11,14,3.0
744,-15.08902385720169,11,14,3.0
745,-4.690003665468472,12,13,3.0
746,5.982905488389413,13,12,3.0
747,-4.810273987160956,12,13,3.0
748,-14.718139062221406,11,14,3.0
749,4.917151609937649,13,12,3.0
750,14.683124201916673,14,11,3.0
751,4.8968667884247115,13,12,3.0
752,-3.792502249943807,12,13,3.0
753,5.488698342739658,13,12,3.0
754,14.360851446486947,14,11,3.0
755,5.0062197900885845,13,12,3.0
756,-15.518224485968531,11,14,3.0
757,15.20271478917357,14,11,3.0
758,-15.423656851343583,11,14,3.0
759,-5.3406865118264495,12,13,3.0
760,4.567770380443774,13,12,3.0
761,-14.8080808393533,11,14,3.0
762,15.708093610854498,14,11,3.0
763,-4.319978217865212,12,13,3.0
764,-34.93551520748562,9,16,3.0
765,-4.888828029566869,12,13,3.0
766,6.140949132251222,13,12,3.0
767,-4.999714367198086,12,13,3.0
768,4.393958991378911,13,12,3.0
769,-15.341465011489316,11,14,3.0
770,-3.946621966555167,12,13,3.0
771,-5.213337376706283,12,13,3.0
772,5.231351844727567,13,12,3.0
773,5.142548231375197,13,12,3.0
774,5.81910470525353,13,12,3.0
775,26.66511397084247,15,10,3.0
776,24.483669503490457,15,10,3.0
777,4.202282661201565,13,12,3.0
778,-14.958794313096458,11,14,3.0
779,5.121263079870557,13,12,3.0
780,5.60278005932737,13,12,3.0
781,-6.373471478548763,12,13,3.0
782,17.24684898994676,14,11,3.0
783,-5.067307482038192,12,13,3.0
784,15.44651455213481,14,11,3.0
785,14.255146185512857,14,11,3.0
786,14.321142417939114,14,11,3.0
787,-4.007848241668611,12,13,3.0
788,5.331897863118398,13,12,3.0
789,-5.001087096244533,12,13,3.0
790,4.3167042171524095,13,12,3.0
791,-34.6573587223876,9,16,3.0
792,4.928670861922599,13,12,3.0
793,5.7957271048810135,13,12,3.0
794,-4.868352235635862,12,13,3.0
795,25.35193288866764,15,10,3.0
796,-4.881172651507864,12,13,3.0
797,4.270030139098047,13,12,3.0
798,15.834444786489126,14,11,3.0
799,5.505598357227147,13,12,3.0
800,4.855453998020404,13,12,3.0
801,15.269348074367326,14,11,3.0
802,-14.665579120155357,11,14,3.0
803,-5.2824937217577865,12,13,3.0
804,-35.74275061606046,9,16,3.0
805,-15.37921375661937,11,14,3.0
806,14.143316275032157,14,11,3.0
807,15.597214406398338,14,11,3.0
808,4.9865521689119285,13,12,3.0
809,-14.581234031718056,11,14,3.0
810,4.794220145684459,13,12,3.0
811,-15.905117608545192,11,14,3.0
812,-14.71674450027305,11,14,3.0
813,25.3185421100904,15,10,3.0
814,15.721636106794804,14,11,3.0
815,4.9848403707528375,13,12,3.0
816,5.970808030168282,13,12,3.0
817,14.608393902722973,14,11,3.0
818,-5.647780276223297,12,13,3.0
819,5.617946705453376,13,12,3.0
820,-4.997488939097452,12,13,3.0
821,15.884788405929383,14,11,3.0
822,14.635784399107491,14,11,3.0
823,15.481247850588783,14,11,3.0
824,-15.880473068544946,11,14,3.0
825,-4.953996315163788,12,13,3.0
826,5.120035144881253,13,12,3.0
827,4.52894060098831,13,12,3.0
828,14.618351041630014,14,11,3.0
829,5.140868367756651,13,12,3.0
830,4.691444681362173,13,12,3.0
831,6.119068517054538,13,12,3.0
832,14.674804911943548,14,11,3.0
833,14.176281505112021,14,11,3.0
834,15.197550760178107,14,11,3.0
835,5.026865245279987,13,12,3.0
836,5.667818459719294,13,12,3.0
837,4.823034896764739,13,12,3.0
838,25.01066228219198,15,10,3.0
839,-6.070703561024009,12,13,3.0
840,-5.130384205519329,12,13,3.0
841,6.127723488189794,13,12,3.0
842,5.425255178105279,13,12,3.0
843,6.251399862080549,13,12,3.0
844,5.8500682721660295,13,12,3.0
845,-5.160893223360992,12,13,3.0
846,4.607293240325754,13,12,3.0
847,-25.89408979825233,10,15,3.0
848,-4.919451004106982,12,13,3.0
849,15.464635541719122,14,11,3.0
850,-14.696469189155184,11,14,3.0
851,-5.646089294758913,12,13,3.0
852,-25.001560894243436,10,15,3.0
853,-5.615307253046808,12,13,3.0
854,14.767602626721263,14,11,3.0
855,5.488202121428143,13,12,3.0
856,-15.918095280459614,11,14,3.0
857,15.286133947780948,14,11,3.0
858,5.435226563664557,13,12,3.0
859,4.425814551082412,13,12,3.0
860,-5.049318256513729,12,13,3.0
861,-16.10928509554541,11,14,3.0
862,6.0673804845685,13,12,3.0
863,14.915099444934391,14,11,3.0
864,-4.722922028001472,12,13,3.0
865,4.868793526685575,13,12,3.0
866,-5.59381980069322,12,13,3.0
867,3.443870371542223,13,12,3.0
868,5.624077708887084,13,12,3.0
869,5.759925907343498,13,12,3.0
870,14.946291201238083,14,11,3.0
871,-5.082354462875584,12,13,3.0
872,14.569114337719526,14,11,3.0
873,-5.579562203923311,12,13,3.0
874,4.459298801327893,13,12,3.0
875,-5.902231854312099,12,13,3.0
876,-6.800616426195017,12,13,3.0
877,-14.88963211637854,11,14,3.0
878,-13.994094545951963,11,14,3.0
879,-25.742226998141653,10,15,3.0
880,15.092872020810322,14,11,3.0
881,25.17927209562851,15,10,3.0
882,-24.98309532189877,10,15,3.0
883,15.639416046984167,14,11,3.0
884,-5.152655665078079,12,13,3.0
885,4.279257546740988,13,12,3.0
886,4.516328558741348,13,12,3.0
887,-4.973623494384102,12,13,3.0
888,15.830368911694977,14,11,3.0
889,16.013059044576533,14,11,3.0
890,15.759149812798897,14,11,3.0
891,-14.376195142718107,11,14,3.0
892,-5.180678246746646,12,13,3.0
893,5.878147432189909,13,12,3.0
894,15.119337700172823,14,11,3.0
895,-5.233301045635452,12,13,3.0
896,3.0514287667627222,13,12,3.0
897,-5.47983073450802,12,13,3.0
898,5.625539061252591,13,12,3.0
899,14.699873844239526,14,11,3.0
900,14.538875852982791,14,11,3.0
901,4.935412461903443,13,12,3.0
902,-16.090281378238295,11,14,3.0
903,14.814192481192425,14,11,3.0
904,14.951480780801718,14,11,3.0
905,4.421778670729833,13,12,3.0
906,5.8738590887940365,13,12,3.0
907,4.710053146202433,13,12,3.0
908,15.025239629494829,14,11,3.0
909,4.299249997203927,13,12,3.0
910,4.745524039841573,13,12,3.0
911,5.167691737842812,13,12,3.0
912,-4.991756286011629,12,13,3.0
913,14.772731956017807,14,11,3.0
914,-4.484985196847096,12,13,3.0
915,14.709275739431881,14,11,3.0
916,5.919479090639024,13,12,3.0
917,-5.058178401558272,12,13,3.0
918,-4.825295750812092,12,13,3.0
919,-4.118059718771517,12,13,3.0
920,-4.398835091553047,12,13,3.0
921,4.205851866306939,13,12,3.0
922,5.954825321792593,13,12,3.0
923,15.06280901063001,14,11,3.0
924,-4.8975323267635655,12,13,3.0
925,-4.682246014097611,12,13,3.0
926,5.117351091245067,13,12,3.0
927,-4.6105507295049115,12,13,3.0
928,4.725949502464727,13,12,3.0
929,5.069419767508849,13,12,3.0
930,25.739114188650493,15,10,3.0
931,15.350248490835476,14,11,3.0
932,15.989245993657693,14,11,3.0
933,15.40015485109831,14,11,3.0
934,-4.9998280670607915,12,13,3.0
935,-14.447678599291425,11,14,3.0
936,4.785037937907434,13,12,3.0
937,-4.971055862750577,12,13,3.0
938,-4.926308487609691,12,13,3.0
939,4.526948572813637,13,12,3.0
940,25.252171577659475,15,10,3.0
941,5.506757069832898,13,12,3.0
942,-14.586606306718533,11,14,3.0
943,35.20527374737037,16,9,3.0
944,-5.498440746536209,12,13,3.0
945,5.235817768692401,13,12,3.0
946,-5.642425313851582,12,13,3.0
947,5.062746671696596,13,12,3.0
948,14.821774777421355,14,11,3.0
949,-15.08020592148705,11,14,3.0
950,4.88164115893505,13,12,3.0
951,4.471805124905472,13,12,3.0
952,4.996753127479433,13,12,3.0
953,14.89289643401832,14,11,3.0
954,-4.781313182007721,12,13,3.0
955,14.697685874154592,14,11,3.0
956,4.524696200317942,13,12,3.0
957,5.086505763716141,13,12,3.0
958,5.1003906905202,13,12,3.0
959,25.595544933347306,15,10,3.0
960,15.3007226793554,14,11,3.0
961,-15.231760964373285,11,14,3.0
962,5.6752230485626916,13,12,3.0
963,14.725343481437472,14,11,3.0
964,25.67209954185335,15,10,3.0
965,5.674800117007142,13,12,3.0
966,-5.0324585399293,12,13,3.0
967,14.812670357444757,14,11,3.0
968,-15.195570174859988,11,14,3.0
969,-25.018930915444685,10,15,3.0
970,15.02098729932159,14,11,3.0
971,14.83686746347507,14,11,3.0
972,-15.332198342293088,11,14,3.0
973,5.317918742794049,13,12,3.0
974,14.743971411403997,14,11,3.0
975,-5.953269753212364,12,13,3.0
976,-14.797953882656795,11,14,3.0
977,14.31496327657055,14,11,3.0
978,25.461938530200634,15,10,3.0
979,5.585016010370712,13,12,3.0
980,5.378558773196989,13,12,3.0
981,14.80069974413363,14,11,3.0
982,14.490069182128519,14,11,3.0
983,-4.829132439040307,12,13,3.0
984,-15.240912088207985,11,14,3.0
985,-4.301587665168643,12,13,3.0
986,5.778203995315629,13,12,3.0
987,-4.430002382201115,12,13,3.0
988,14.800195233326864,14,11,3.0
989,5.124822759848662,13,12,3.0
990,24.930943874733423,15,10,3.0
991,15.404733322211024,14,11,3.0
992,4.983561646835144,13,12,3.0
993,4.64468836121692,13,12,3.0
994,15.353199750695607,14,11,3.0
995,15.1293670910169,14,11,3.0
996,4.290455381227662,13,12,3.0
997,25.483006650502475,15,10,3.0
998,4.6064057387266715,13,12,3.0
999,-4.45268588772905,12,13,3.0
1000,15.693095868934376,14,11,3.0
1001,-15.34763219394165,11,14,3.0
1002,24.72121700224252,15,10,3.0
1003,15.324484373823895,14,11,3.0
1004,4.745629980698808,13,12,3.0
1005,-15.227108582621137,11,14,3.0
1006,25.48036944833883,15,10,3.0
1007,5.013368954121683,13,12,3.0
1008,-4.291387809627112,12,13,3.0
1009,14.527850265027295,14,11,3.0
1010,4.679890130890234,13,12,3.0
1011,5.111886679337989,13,12,3.0
1012,13.997828434264859,14,11,3.0
1013,5.473609250852669,13,12,3.0
1014,14.110601414276761,14,11,3.0
1015,4.126789891369252,13,12,3.0
1016,-4.714155722654173,12,13,3.0
1017,36.25342840851793,16,9,3.0
1018,4.235058397873088,13,12,3.0
1019,5.09498504408028,13,12,3.0
1020,15.403269454264347,14,11,3.0
1021,-6.583969617836026,12,13,3.0
1022,-4.617718697407946,12,13,3.0
1023,-25.389948690800836,10,15,3.0
1024,4.580145005130597,13,12,3.0
1025,5.053208419619219,13,12,3.0
1026,24.53431105916848,15,10,3.0
1027,15.291697635197648,14,11,3.0
1028,15.751363134150367,14,11,3.0
1029,-5.731805610852144,12,13,3.0
1030,5.101950914008633,13,12,3.0
1031,13.750772783748369,14,11,3.0
1032,4.9921008752568845,13,12,3.0
1033,4.933385032379615,13,12,3.0
1034,4.330511735204762,13,12,3.0
1035,15.71165841479802,14,11,3.0
1036,25.470959863352896,15,10,3.0
1037,3.99958718094544,13,12,3.0
1038,14.24346470197248,14,11,3.0
1039,-5.248328293175495,12,13,3.0
1040,-5.060584676830809,12,13,3.0
1041,5.016615647589846,13,12,3.0
1042,5.449956560647967,13,12,3.0
1043,-4.427590752310938,12,13,3.0
1044,16.26349168684385,14,11,3.0
1045,23.57092646729923,15,10,3.0
1046,14.966146617440792,14,11,3.0
1047,5.16168453983305,13,12,3.0
1048,-3.8417500322072637,12,13,3.0
1049,-15.177650990099943,11,14,3.0
1050,4.961596514718182,13,12,3.0
1051,5.18716533325504,13,12,3.0
1052,15.328909829050193,14,11,3.0
1053,5.053687841733625,13,12,3.0
1054,15.232363362648147,14,11,3.0
1055,15.845164261099372,14,11,3.0
1056,15.306731335448958,14,11,3.0
1057,14.995937890904413,14,11,3.0
1058,15.202719456220185,14,11,3.0
1059,14.954451256177212,14,11,3.0
1060,4.444367318074148,13,12,3.0
1061,4.693920714972,13,12,3.0
1062,15.453031994331948,14,11,3.0
1063,3.9833439789607326,13,12,3.0
1064,4.079620739962723,13,12,3.0
1065,5.2738338251894294,13,12,3.0
1066,5.1510638646262805,13,12,3.0
1067,15.859757205384462,14,11,3.0
1068,4.7544315009985745,13,12,3.0
1069,4.714108452592878,13,12,3.0
1070,-14.291443309097776,11,14,3.0
1071,15.659942409488298,14,11,3.0
1072,4.950273327739959,13,12,3.0
1073,4.88795185222706,13,12,3.0
1074,4.44957681282413,13,12,3.0
1075,5.386304403257315,13,12,3.0
1076,15.664222366718716,14,11,3.0
1077,-5.456008795097467,12,13,3.0
1078,-4.817906003571744,12,13,3.0
1079,3.9785421462184694,13,12,3.0
1080,34.495744007737244,16,9,3.0
1081,15.51791231960702,14,11,3.0
1082,4.166418247265557,13,12,3.0
1083,-24.833916595627883,10,15,3.0
1084,3.2067049540062094,13,12,3.0
1085,14.979540811326387,14,11,3.0
1086,5.0844581465358285,13,12,3.0
1087,6.133440982923743,13,12,3.0
1088,14.878823735234425,14,11,3.0
1089,-5.123382777694312,12,13,3.0
1090,24.173579961953905,15,10,3.0
1091,4.563808011727376,13,12,3.0
1092,13.743610667414925,14,11,3.0
1093,14.98258686473292,14,11,3.0
1094,15.454943037413596,14,11,3.0
1095,4.716527866079394,13,12,3.0
1096,5.155989267241022,13,12,3.0
1097,13.269909338502554,14,11,3.0
1098,4.615287955517049,13,12,3.0
1099,4.854134728044832,13,12,3.0
1100,14.765742962201754,14,11,3.0
1101,4.600096060878039,13,12,3.0
1102,4.534240308838013,13,12,3.0
1103,-5.389033063411178,12,13,3.0
1104,4.438508168930243,13,12,3.0
1105,24.125787842257395,15,10,3.0
1106,5.427895991595566,13,12,3.0
1107,4.230866976973333,13,12,3.0
1108,14.158575116826945,14,11,3.0
1109,4.587996419608836,13,12,3.0
1110,-5.695050238821211,12,13,3.0
1111,4.978975386594698,13,12,3.0
1112,15.376976695514763,14,11,3.0
1113,25.204028952645242,15,10,3.0
1114,14.969988379032527,14,11,3.0
1115,5.169969421281259,13,12,3.0
1116,15.256914645641142,14,11,3.0
1117,4.860653009516559,13,12,3.0
1118,-5.260544628770923,12,13,3.0
1119,-6.11663877320273,12,13,3.0
1120,4.587245019249041,13,12,3.0
1121,15.582989734553529,14,11,3.0
1122,5.265523272635155,13,12,3.0
1123,4.9601805091206135,13,12,3.0
1124,25.000693591978845,15,10,3.0
1125,4.304782753998136,13,12,3.0
1126,15.804430830696615,14,11,3.0
1127,24.593890642886375,15,10,3.0
1128,4.548668221483215,13,12,3.0
1129,4.830486919119197,13,12,3.0
1130,4.154461170607867,13,12,3.0
1131,14.484526757933391,14,11,3.0
1132,25.6888923995716,15,10,3.0
1133,5.162116480818209,13,12,3.0
1134,24.400039476269335,15,10,3.0
1135,13.645439176710072,14,11,3.0
1136,14.463468328656095,14,11,3.0
1137,5.041017784897461,13,12,3.0
1138,24.93548314062278,15,10,3.0
1139,4.267737956313497,13,12,3.0
1140,25.345539287607387,15,10,3.0
1141,14.758224355996376,14,11,3.0
1142,-5.414548038456385,12,13,3.0
1143,4.5496452894492005,13,12,3.0
1144,13.623387062662587,14,11,3.0
1145,6.001391079584357,13,12,3.0
1146,15.17490629284293,14,11,3.0
1147,-4.060019303914244,12,13,3.0
1148,14.968104974296168,14,11,3.0
1149,5.363516906293084,13,12,3.0
1150,4.883149784219618,13,12,3.0
1151,4.474799387127936,13,12,3.0
1152,14.559198541753503,14,11,3.0
1153,25.373041704260114,15,10,3.0
1154,4.463072316787643,13,12,3.0
1155,4.291455000723608,13,12,3.0
1156,14.867403060840328,14,11,3.0
1157,-5.5725737487807665,12,13,3.0
1158,14.631705234103606,14,11,3.0
1159,24.88313024702081,15,10,3.0
1160,15.29360553746018,14,11,3.0
1161,15.141151429504843,14,11,3.0
1162,25.380154404280347,15,10,3.0
1163,4.306158956958485,13,12,3.0
1164,24.190423068997102,15,10,3.0
1165,25.122540524312875,15,10,3.0
1166,4.779326371973262,13,12,3.0
1167,14.732508980095249,14,11,3.0
1168,24.75755995338428,15,10,3.0
1169,3.948893150052829,13,12,3.0
1170,24.695962467873024,15,10,3.0
1171,14.912648701135486,14,11,3.0
1172,15.165210316625897,14,11,3.0
1173,5.864498072046974,13,12,3.0
1174,-4.972316490547416,12,13,3.0
1175,4.342481234925314,13,12,3.0
1176,14.759143035524314,14,11,3.0
1177,4.097474253637007,13,12,3.0
1178,14.776321181889884,14,11,3.0
1179,5.2741569223692295,13,12,3.0
1180,15.872679132469807,14,11,3.0
1181,5.003712513482803,13,12,3.0
1182,3.839451420893334,13,12,3.0
1183,5.2954142863029645,13,12,3.0
1184,24.973558471099626,15,10,3.0
1185,4.61298523201668,13,12,3.0
1186,15.256498853492907,14,11,3.0
1187,14.310841491858454,14,11,3.0
1188,-4.883249524141015,12,13,3.0
1189,14.923206057341984,14,11,3.0
1190,14.286774227568731,14,11,3.0
1191,-4.912785436786364,12,13,3.0
1192,13.93853755905009,14,11,3.0
1193,24.493517371363716,15,10,3.0
1194,14.74632671435402,14,11,3.0
1195,35.013623676952726,16,9,3.0
1196,34.95604865471907,16,9,3.0
1197,4.901947127950786,13,12,3.0
1198,24.49687421996923,15,10,3.0
1199,14.432843774684343,14,11,3.0
1200,13.991572027365734,14,11,3.0
1201,6.0210826587218325,13,12,3.0
1202,25.408128979310874,15,10,3.0
1203,25.370009333410607,15,10,3.0
1204,-5.024196508425082,12,13,3.0
1205,5.088144750190615,13,12,3.0
1206,5.104406065113887,13,12,3.0
1207,5.0657735861970545,13,12,3.0
1208,15.484743397966547,14,11,3.0
1209,14.980824436791108,14,11,3.0
1210,5.53363148375977,13,12,3.0
1211,15.50829869302624,14,11,3.0
1212,24.790149358452023,15,10,3.0
1213,4.595335448808735,13,12,3.0
1214,16.11139224460284,14,11,3.0
1215,15.320136920270889,14,11,3.0
1216,14.62176499454674,14,11,3.0
1217,14.958172675851184,14,11,3.0
1218,5.141457291735457,13,12,3.0
1219,-5.981603648189269,12,13,3.0
1220,25.567248200863173,15,10,3.0
1221,4.243213918788122,13,12,3.0
1222,15.068120887907778,14,11,3.0
1223,14.460314067844852,14,11,3.0
1224,4.663793488765242,13,12,3.0
1225,-5.553876394264027,12,13,3.0
1226,15.469751136694622,14,11,3.0
1227,-5.416192794069689,12,13,3.0
1228,15.671842250873684,14,11,3.0
1229,15.140498297635318,14,11,3.0
1230,25.404330906847946,15,10,3.0
1231,26.15142526574912,15,10,3.0
1232,14.936912749246193,14,11,3.0
1233,4.818404933732646,13,12,3.0
1234,25.850608695756314,15,10,3.0
1235,15.75580936320843,14,11,3.0
1236,4.608177636777894,13,12,3.0
1237,15.130908451901886,14,11,3.0
1238,5.147852227678622,13,12,3.0
1239,-4.587464624450446,12,13,3.0
1240,5.504216011849077,13,12,3.0
1241,4.5965923439061465,13,12,3.0
1242,14.23326882363959,14,11,3.0
1243,4.876117142219279,13,12,3.0
1244,15.007365611574984,14,11,3.0
1245,4.330182447801024,13,12,3.0
1246,14.777205913313438,14,11,3.0
1247,5.656824932905524,13,12,3.0
1248,4.744225486626329,13,12,3.0
1249,-6.066581210761815,12,13,3.0
1250,26.272599041382257,15,10,3.0
1251,5.096136518304605,13,12,3.0
1252,5.455297928164635,13,12,3.0
1253,14.3837602950316,14,11,3.0
1254,-5.44409941898454,12,13,3.0
1255,4.652215074137299,13,12,3.0
1256,14.736054427432308,14,11,3.0
1257,14.664609127685448,14,11,3.0
1258,25.353609834751055,15,10,3.0
1259,24.76527723779829,15,10,3.0
1260,24.685752107517967,15,10,3.0
1261,14.859072471744206,14,11,3.0
1262,4.172633450576894,13,12,3.0
1263,24.40305440082266,15,10,3.0
1264,14.99609535713731,14,11,3.0
1265,14.770718292321845,14,11,3.0
1266,4.0465057593655285,13,12,3.0
1267,25.998324556233946,15,10,3.0
1268,24.810201638177393,15,10,3.0
1269,-5.128310103031683,12,13,3.0
1270,-5.258865810975532,12,13,3.0
1271,25.94199350143256,15,10,3.0
1272,14.82369684618839,14,11,3.0
1273,14.79528949432723,14,11,3.0
1274,5.285777011593544,13,12,3.0
1275,16.97704836575985,14,11,3.0
1276,14.072840594042765,14,11,3.0
1277,14.210287790121356,14,11,3.0
1278,5.2387926993196245,13,12,3.0
1279,5.552726678708151,13,12,3.0
1280,25.396123595143045,15,10,3.0
1281,14.433111104711221,14,11,3.0
1282,25.21120380111862,15,10,3.0
1283,3.7420428426516654,13,12,3.0
1284,25.66490136121317,15,10,3.0
1285,14.717852824744115,14,11,3.0
1286,3.63880353485294,13,12,3.0
1287,15.126272669073733,14,11,3.0
1288,24.236047070440563,15,10,3.0
1289,24.438575298072102,15,10,3.0
1290,5.41856568533094,13,12,3.0
1291,15.14663956491095,14,11,3.0
1292,5.748541001368968,13,12,3.0
1293,24.273324230062936,15,10,3.0
1294,25.031723570374343,15,10,3.0
1295,15.304626175698536,14,11,3.0
1296,24.74725519575976,15,10,3.0
1297,15.619940929654398,14,11,3.0
1298,4.968897574934786,13,12,3.0
1299,14.96716447477543,14,11,3.0
1300,4.877682549995825,13,12,3.0
1301,15.320312309024974,14,11,3.0
1302,24.419125281522007,15,10,3.0
1303,15.00946730039393,14,11,3.0
1304,5.0129042527117065,13,12,3.0
1305,35.82742594175245,16,9,3.0
1306,-5.578912824587373,12,13,3.0
1307,15.483423317430725,14,11,3.0
1308,4.198394216366069,13,12,3.0
1309,15.246456634464248,14,11,3.0
1310,14.351728489646096,14,11,3.0
1311,15.778786905869007,14,11,3.0
1312,5.6880925420514785,13,12,3.0
1313,14.621320634562828,14,11,3.0
1314,5.614968765904764,13,12,3.0
1315,14.684270008687257,14,11,3.0
1316,-4.275126212022956,12,13,3.0
1317,14.646482389378827,14,11,3.0
1318,14.368284626239843,14,11,3.0
1319,4.462018268856647,13,12,3.0
1320,36.161234068796034,16,9,3.0
1321,24.92077973480022,15,10,3.0
1322,14.833871870462225,14,11,3.0
1323,4.824690560854456,13,12,3.0
1324,15.80063179438223,14,11,3.0
1325,15.275081153212557,14,11,3.0
1326,-4.780373286944271,12,13,3.0
1327,-6.348075650401178,12,13,3.0
1328,14.218164752168422,14,11,3.0
1329,15.825715805934497,14,11,3.0
1330,24.748438736579054,15,10,3.0
1331,5.493720982729723,13,12,3.0
1332,24.819851846581756,15,10,3.0
1333,35.03887575662494,16,9,3.0
1334,5.1716322543331605,13,12,3.0
1335,25.443096598907815,15,10,3.0
1336,15.229706314468032,14,11,3.0
1337,5.660602585339099,13,12,3.0
1338,6.175471068071246,13,12,3.0
1339,-5.905578807086088,12,13,3.0
1340,4.584615622016543,13,12,3.0
1341,24.980073481939026,15,10,3.0
1342,14.862057927358116,14,11,3.0
1343,15.71780883154303,14,11,3.0
1344,15.37527900271538,14,11,3.0
1345,15.805046590181666,14,11,3.0
1346,25.297834535068464,15,10,3.0
1347,5.236494963839123,13,12,3.0
1348,-5.25796541526237,12,13,3.0
1349,5.915357116166152,13,12,3.0
1350,24.708719059753566,15,10,3.0
1351,24.32171376602953,15,10,3.0
1352,15.058646809973093,14,11,3.0
1353,-15.346524327658042,11,14,3.0
1354,15.654522357436974,14,11,3.0
1355,5.713984610055531,13,12,3.0
1356,16.398196103479606,14,11,3.0
1357,3.9245167243846932,13,12,3.0
1358,-4.926415693568451,12,13,3.0
1359,15.349677508373368,14,11,3.0
1360,24.28817215810401,15,10,3.0
1361,4.910809844266613,13,12,3.0
1362,15.211772760840567,14,11,3.0
1363,15.7554211075548,14,11,3.0
1364,25.273977123997483,15,10,3.0
1365,24.825364413833455,15,10,3.0
1366,24.932804522150125,15,10,3.0
1367,25.13348923028573,15,10,3.0
1368,15.224573000361438,14,11,3.0
1369,15.297407231058761,14,11,3.0
1370,24.420347103318935,15,10,3.0
1371,24.239137238368535,15,10,3.0
1372,14.782049050558017,14,11,3.0
1373,4.230913113367443,13,12,3.0
1374,24.36182195123638,15,10,3.0
1375,15.265364902042245,14,11,3.0
1376,26.625423690927114,15,10,3.0
1377,13.407017663979786,14,11,3.0
1378,24.11482906838522,15,10,3.0
1379,14.896065363212779,14,11,3.0
1380,15.229698080101054,14,11,3.0
1381,24.41081337011547,15,10,3.0
1382,16.051753160820528,14,11,3.0
1383,14.89917422362556,14,11,3.0
1384,25.843176580525295,15,10,3.0
1385,25.595544685336264,15,10,3.0
1386,-5.0264098043361205,12,13,3.0
1387,25.268778391629922,15,10,3.0
1388,14.634145262305609,14,11,3.0
1389,14.145487904922465,14,11,3.0
1390,24.72225345575642,15,10,3.0
1391,-3.9669091684932116,12,13,3.0
1392,4.357975961789123,13,12,3.0
1393,-5.378973074264092,12,13,3.0
1394,15.13631349093962,14,11,3.0
1395,4.848707814882937,13,12,3.0
1396,14.746638629825496,14,11,3.0
1397,24.833889984724372,15,10,3.0
1398,14.526367670732434,14,11,3.0
1399,14.94552199402032,14,11,3.0
1400,25.48168992685802,15,10,3.0
1401,15.838819515779486,14,11,3.0
1402,4.094244371721864,13,12,3.0
1403,24.652192210782406,15,10,3.0
1404,15.33019068158453,14,11,3.0
1405,3.48797935012381,13,12,3.0
1406,25.754108274598813,15,10,3.0
1407,25.747924055930596,15,10,3.0
1408,13.832515973370823,14,11,3.0
1409,14.878565230284975,14,11,3.0
1410,15.310390208351013,14,11,3.0
1411,24.76020797245807,15,10,3.0
1412,15.577666584206476,14,11,3.0
1413,15.35168864421448,14,11,3.0
1414,15.475113024458057,14,11,3.0
1415,-14.11285670694755,11,14,3.0
1416,25.40002798739392,15,10,3.0
1417,16.63186459820379,14,11,3.0
1418,34.875073020631206,16,9,3.0
1419,24.607478445552374,15,10,3.0
1420,4.111847538489219,13,12,3.0
1421,25.366416109595647,15,10,3.0
1422,24.58691429995777,15,10,3.0
1423,14.674442012373865,14,11,3.0
1424,24.777707511746172,15,10,3.0
1425,4.141425243918048,13,12,3.0
1426,-4.934380992435015,12,13,3.0
1427,4.837870477741125,13,12,3.0
1428,4.330572756149015,13,12,3.0
1429,15.163475092882052,14,11,3.0
1430,24.359796294139784,15,10,3.0
1431,14.84412942337543,14,11,3.0
1432,25.12125645275318,15,10,3.0
1433,14.918705792614288,14,11,3.0
1434,14.075225500234888,14,11,3.0
1435,13.81469445499606,14,11,3.0
1436,5.5367511409978185,13,12,3.0
1437,14.00167670950393,14,11,3.0
1438,24.444269397015418,15,10,3.0
1439,5.361283319495492,13,12,3.0
1440,14.977478880754793,14,11,3.0
1441,-5.5722460893471375,12,13,3.0
1442,24.899289139485678,15,10,3.0
1443,-5.396022243199466,12,13,3.0
1444,5.830522895524831,13,12,3.0
1445,15.117832398945689,14,11,3.0
1446,24.709734846408082,15,10,3.0
1447,5.29648142743023,13,12,3.0
1448,14.51384959432825,14,11,3.0
1449,-4.307216410301308,12,13,3.0
1450,15.727723301846812,14,11,3.0
1451,24.095252222536402,15,10,3.0
1452,5.317863246567942,13,12,3.0
1453,24.74293542193435,15,10,3.0
1454,35.66272091250004,16,9,3.0
1455,25.068785449008807,15,10,3.0
1456,23.922794445738333,15,10,3.0
1457,14.710425932235804,14,11,3.0
1458,25.588828572399773,15,10,3.0
1459,15.492650644322044,14,11,3.0
1460,5.148017494699554,13,12,3.0
1461,24.737233901421707,15,10,3.0
1462,35.445382091023276,16,9,3.0
1463,14.956089122778154,14,11,3.0
1464,25.25214319234656,15,10,3.0
1465,26.06674938000225,15,10,3.0
1466,25.21338715617168,15,10,3.0
1467,5.2632410251590045,13,12,3.0
1468,14.65429047878663,14,11,3.0
1469,15.824060334677986,14,11,3.0
1470,24.44256493015119,15,10,3.0
1471,24.277917563347618,15,10,3.0
1472,4.999773393879101,13,12,3.0
1473,24.94854052540264,15,10,3.0
1474,24.764239066224718,15,10,3.0
1475,5.232761332030096,13,12,3.0
1476,6.037538075580057,13,12,3.0
1477,15.402675405262599,14,11,3.0
1478,25.598284009747225,15,10,3.0
1479,24.25265062602844,15,10,3.0
1480,25.334523834734487,15,10,3.0
1481,25.398489247766605,15,10,3.0
1482,14.463029922790264,14,11,3.0
1483,15.72713845005171,14,11,3.0
1484,24.757361019291995,15,10,3.0
1485,15.398244950858542,14,11,3.0
1486,35.200618176011176,16,9,3.0
1487,14.585374549364932,14,11,3.0
1488,24.98215234294153,15,10,3.0
1489,15.721818631360492,14,11,3.0
1490,36.23254517446587,16,9,3.0
1491,15.07908841299778,14,11,3.0
1492,14.70390597581423,14,11,3.0
1493,14.54948528207813,14,11,3.0
1494,5.0477747396188,13,12,3.0
1495,24.181932979328586,15,10,3.0
1496,34.439895010254986,16,9,3.0
1497,-5.011369378743317,12,13,3.0
1498,25.015391799740186,15,10,3.0
1499,15.679019712268435,14,11,3.0
1500,25.3366532512714,15,10,3.0
1501,24.709048262302467,15,10,3.0
1502,14.795780120631868,14,11,3.0
1503,25.072052396541295,15,10,3.0
1504,14.470891978189005,14,11,3.0
1505,24.854079004560813,15,10,3.0
1506,14.674939430494828,14,11,3.0
1507,35.40910540369088,16,9,3.0
1508,14.081867790903143,14,11,3.0
1509,35.79689141650851,16,9,3.0
1510,15.080815328313918,14,11,3.0
1511,23.743035695312848,15,10,3.0
1512,25.528343667712672,15,10,3.0
1513,25.326658904914837,15,10,3.0
1514,14.456872431898478,14,11,3.0
1515,-4.675419716123013,12,13,3.0
1516,25.383457441882573,15,10,3.0
1517,25.500742967927206,15,10,3.0
1518,5.0726257125303835,13,12,3.0
1519,14.885159770056209,14,11,3.0
1520,25.934793067436644,15,10,3.0
1521,15.21826253930448,14,11,3.0
1522,24.593551977110177,15,10,3.0
1523,25.51015941506749,15,10,3.0
1524,14.585192377707902,14,11,3.0
1525,35.18081526525307,16,9,3.0
1526,35.344221506822315,16,9,3.0
1527,33.97905921308628,16,9,3.0
1528,14.984907092069449,14,11,3.0
1529,26.46296820099785,15,10,3.0
1530,14.701720931232863,14,11,3.0
1531,23.812603589219854,15,10,3.0
1532,35.12615961488004,16,9,3.0
1533,4.788548687959864,13,12,3.0
1534,15.270196358222176,14,11,3.0
1535,14.815249502245317,14,11,3.0
1536,25.114771473300266,15,10,3.0
1537,25.239418673174395,15,10,3.0
1538,24.85685610525366,15,10,3.0
1539,35.8181041215086,16,9,3.0
1540,33.856622786926046,16,9,3.0
1541,16.070008566018277,14,11,3.0
1542,24.624086444735937,15,10,3.0
1543,14.273512008695809,14,11,3.0
1544,14.66605800023213,14,11,3.0
1545,4.671364691149261,13,12,3.0
1546,14.594452203404197,14,11,3.0
1547,25.17796418270885,15,10,3.0
1548,24.686377565889398,15,10,3.0
1549,24.891332822661724,15,10,3.0
1550,25.72238094111272,15,10,3.0
1551,4.848689228684083,13,12,3.0
1552,14.36054709189538,14,11,3.0
1553,25.12983976833714,15,10,3.0
1554,6.014112848836744,13,12,3.0
1555,25.72963474692202,15,10,3.0
1556,5.126210316370537,13,12,3.0
1557,25.87613678813178,15,10,3.0
1558,24.694365777756666,15,10,3.0
1559,5.060710826925738,13,12,3.0
1560,24.63464157392196,15,10,3.0
1561,24.764574798087892,15,10,3.0
1562,15.282461740912623,14,11,3.0
1563,24.50012864151453,15,10,3.0
1564,14.956290495911077,14,11,3.0
1565,15.008891031551528,14,11,3.0
1566,14.730308662454666,14,11,3.0
1567,4.851182296664163,13,12,3.0
1568,14.441052519508041,14,11,3.0
1569,14.405213930511923,14,11,3.0
1570,13.972093730499378,14,11,3.0
1571,5.387179842138311,13,12,3.0
1572,24.702195089942023,15,10,3.0
1573,14.795243704194586,14,11,3.0
1574,14.8583092542638,14,11,3.0
1575,25.33620792095475,15,10,3.0
1576,25.82044074641393,15,10,3.0
1577,4.7670312244268995,13,12,3.0
1578,-5.810518229429427,12,13,3.0
1579,-5.478388473192691,12,13,3.0
1580,-5.299863176917694,12,13,3.0
1581,25.319227847477464,15,10,3.0
1582,15.443011402736897,14,11,3.0
1583,24.760216658044925,15,10,3.0
1584,14.688972056586515,14,11,3.0
1585,4.337166969309594,13,12,3.0
1586,35.429855080305316,16,9,3.0
1587,24.02684497290815,15,10,3.0
1588,23.99587796093489,15,10,3.0
1589,14.943944139095795,14,11,3.0
1590,4.784549659581394,13,12,3.0
1591,14.19101033252318,14,11,3.0
1592,25.049320356254047,15,10,3.0
1593,24.11116695757989,15,10,3.0
1594,15.621590868591776,14,11,3.0
1595,16.08141170938827,14,11,3.0
1596,35.56255031820097,16,9,3.0
1597,24.954082928617098,15,10,3.0
1598,15.669482547938916,14,11,3.0
1599,14.196073200809026,14,11,3.0
1600,15.612452054703855,14,11,3.0
1601,23.845723804762695,15,10,3.0
1602,4.462637437926043,13,12,3.0
1603,25.228665955518043,15,10,3.0
1604,13.942419649872804,14,11,3.0
1605,15.28915147758145,14,11,3.0
1606,13.680493945183322,14,11,3.0
1607,24.819746112691938,15,10,3.0
1608,24.141230664550317,15,10,3.0
1609,35.45790202734868,16,9,3.0
1610,24.002387823765602,15,10,3.0
1611,4.603903888099273,13,12,3.0
1612,3.9759567491802805,13,12,3.0
1613,15.06247909050079,14,11,3.0
1614,35.09632514068978,16,9,3.0
1615,4.329182538432006,13,12,3.0
1616,14.480291252157592,14,11,3.0
1617,15.758130191100022,14,11,3.0
1618,25.12935588423138,15,10,3.0
1619,24.997385277428485,15,10,3.0
1620,25.32696287252287,15,10,3.0
1621,14.842567167764003,14,11,3.0
1622,24.867420111007824,15,10,3.0
1623,24.69169756890883,15,10,3.0
1624,23.24919413318281,15,10,3.0
1625,14.075050796224607,14,11,3.0
1626,23.724107085622162,15,10,3.0
1627,24.911270724719152,15,10,3.0
1628,24.07151302837278,15,10,3.0
1629,24.533203809709136,15,10,3.0
1630,4.168091718344657,13,12,3.0
1631,14.598870268322731,14,11,3.0
1632,24.99252212774132,15,10,3.0
1633,25.371469025533038,15,10,3.0
1634,15.300712876141649,14,11,3.0
1635,23.328153337902663,15,10,3.0
1636,25.155014293052304,15,10,3.0
1637,14.072137218005798,14,11,3.0
1638,25.24797782818943,15,10,3.0
1639,24.841979954843463,15,10,3.0
1640,24.470695263878547,15,10,3.0
1641,24.255512839315273,15,10,3.0
1642,24.50681325315122,15,10,3.0
1643,24.242268061755478,15,10,3.0
1644,24.75799233794745,15,10,3.0
1645,14.615900725990514,14,11,3.0
1646,13.235521280171405,14,11,3.0
1647,35.03108142364891,16,9,3.0
1648,15.013330799604695,14,11,3.0
1649,24.64992016581636,15,10,3.0
1650,14.883987404320857,14,11,3.0
1651,24.00712119075379,15,10,3.0
1652,24.675843476623463,15,10,3.0
1653,15.330393625416086,14,11,3.0
1654,25.935264987181135,15,10,3.0
1655,14.950638170825593,14,11,3.0
1656,4.598839553325769,13,12,3.0
1657,14.798753219049921,14,11,3.0
1658,35.279635757553464,16,9,3.0
1659,25.066511437868918,15,10,3.0
1660,24.45215904423683,15,10,3.0
1661,23.959012588890022,15,10,3.0
1662,24.379413984424936,15,10,3.0
1663,26.093314006395538,15,10,3.0
1664,14.981174520629297,14,11,3.0
1665,24.840594161670452,15,10,3.0
1666,15.217986519973863,14,11,3.0
1667,26.26085085323345,15,10,3.0
1668,14.491118433136286,14,11,3.0
1669,24.987663429644456,15,10,3.0
1670,25.81181044353609,15,10,3.0
1671,3.5768952763574315,13,12,3.0
1672,24.407583140569418,15,10,3.0
1673,24.34163708025852,15,10,3.0
1674,15.525889496580362,14,11,3.0
1675,15.699890548222113,14,11,3.0
1676,14.928360860890315,14,11,3.0
1677,14.516480579958232,14,11,3.0
1678,4.6108745072470585,13,12,3.0
1679,14.553344751338624,14,11,3.0
1680,24.46147173686083,15,10,3.0
1681,24.305037767774408,15,10,3.0
1682,-5.284863037870468,12,13,3.0
1683,24.489428985342666,15,10,3.0
1684,15.59479973737425,14,11,3.0
1685,24.872685440697456,15,10,3.0
1686,25.945236967065526,15,10,3.0
1687,24.92805835945338,15,10,3.0
1688,24.84171983727522,15,10,3.0
1689,24.85123564427385,15,10,3.0
1690,13.681430793457555,14,11,3.0
1691,24.783662070926756,15,10,3.0
1692,14.6194004008364,14,11,3.0
1693,14.185340020006999,14,11,3.0
1694,25.18181346866232,15,10,3.0
1695,3.177066451314075,13,12,3.0
1696,24.044005182464772,15,10,3.0
1697,36.04986434498324,16,9,3.0
1698,15.467249414941246,14,11,3.0
1699,24.79587469365682,15,10,3.0
1700,14.410759866532524,14,11,3.0
1701,14.474600350437171,14,11,3.0
1702,15.663332044669556,14,11,3.0
1703,25.127316255406278,15,10,3.0
1704,5.165778037528078,13,12,3.0
1705,24.683730790380523,15,10,3.0
1706,25.883564182149385,15,10,3.0
1707,-5.510363757965154,12,13,3.0
1708,14.983705019260924,14,11,3.0
1709,14.921400393360376,14,11,3.0
1710,24.587656563509945,15,10,3.0
1711,14.520486638142408,14,11,3.0
1712,15.29606485741715,14,11,3.0
1713,13.80459199393727,14,11,3.0
1714,24.779717594389226,15,10,3.0
1715,24.774366565220163,15,10,3.0
1716,14.368716563700307,14,11,3.0
1717,25.821132377036136,15,10,3.0
1718,25.12539527176034,15,10,3.0
1719,15.151365903661189,14,11,3.0
1720,15.042407241685297,14,11,3.0
1721,25.365256425992104,15,10,3.0
1722,4.926698971756119,13,12,3.0
1723,24.425259661396794,15,10,3.0
1724,15.514465453045046,14,11,3.0
1725,4.697282208708781,13,12,3.0
1726,24.192342219208555,15,10,3.0
1727,15.5425026921528,14,11,3.0
1728,25.27989976316033,15,10,3.0
1729,4.129868030273805,13,12,3.0
1730,25.67006813030251,15,10,3.0
1731,35.180272777038,16,9,3.0
1732,24.9275368269573,15,10,3.0
1733,34.509360498165464,16,9,3.0
1734,15.076476624345602,14,11,3.0
1735,-3.9471264502003507,12,13,3.0
1736,24.81664574314875,15,10,3.0
1737,-5.85119203857249,12,13,3.0
1738,15.224454695073504,14,11,3.0
1739,14.089902467790026,14,11,3.0
1740,25.87663397512082,15,10,3.0
1741,25.56077737666378,15,10,3.0
1742,15.164170644257874,14,11,3.0
1743,4.0689033431435275,13,12,3.0
1744,24.630415138818833,15,10,3.0
1745,24.109251653357404,15,10,3.0
1746,25.453682106735123,15,10,3.0
1747,4.102963748867449,13,12,3.0
1748,-4.610436055625151,12,13,3.0
1749,35.25691314306347,16,9,3.0
1750,25.012247474863035,15,10,3.0
1751,14.791039611313662,14,11,3.0
1752,5.288403153348591,13,12,3.0
1753,24.417975071660035,15,10,3.0
1754,24.11882784388764,15,10,3.0
1755,4.8351219979862226,13,12,3.0
1756,35.22974097575839,16,9,3.0
1757,25.165252727771588,15,10,3.0
1758,13.90959055728101,14,11,3.0
1759,14.233473499618853,14,11,3.0
1760,14.926925893218707,14,11,3.0
1761,5.814049849861208,13,12,3.0
1762,24.680905323483287,15,10,3.0
1763,34.632730191657586,16,9,3.0
1764,35.22902595343176,16,9,3.0
1765,14.344953483796985,14,11,3.0
1766,5.511991653585028,13,12,3.0
1767,25.078447838531382,15,10,3.0
1768,4.920374223067876,13,12,3.0
1769,15.541184801042712,14,11,3.0
1770,16.079301377846193,14,11,3.0
1771,23.79840722563993,15,10,3.0
1772,24.679540932584864,15,10,3.0
1773,-5.079638526473252,12,13,3.0
1774,4.7182459024350205,13,12,3.0
1775,25.272952582220334,15,10,3.0
1776,24.769760787800752,15,10,3.0
1777,24.477413853120737,15,10,3.0
1778,15.224893206788366,14,11,3.0
1779,15.018890678673225,14,11,3.0
1780,24.00929517272204,15,10,3.0
1781,14.891500600496187,14,11,3.0
1782,25.71870652040769,15,10,3.0
1783,25.40489030693205,15,10,3.0
1784,5.034395469787222,13,12,3.0
1785,4.918146541886596,13,12,3.0
1786,15.934003246712441,14,11,3.0
1787,14.213830921882803,14,11,3.0
1788,16.17843719721707,14,11,3.0
1789,14.905773438720791,14,11,3.0
1790,24.533750832409932,15,10,3.0
1791,46.06707108460557,17,8,3.0
1792,5.555547179452622,13,12,3.0
1793,24.782788928796467,15,10,3.0
1794,24.855087736390477,15,10,3.0
1795,14.234981981538496,14,11,3.0
1796,14.511731248503306,14,11,3.0
1797,15.714799800853463,14,11,3.0
1798,25.039666791705958,15,10,3.0
1799,14.058475870167786,14,11,3.0
1800,15.595783367159301,14,11,3.0
1801,3.620674143349344,13,12,3.0
1802,15.018776145985264,14,11,3.0
1803,15.965050618855903,14,11,3.0
1804,24.674019868954407,15,10,3.0
1805,24.406253180807724,15,10,3.0
1806,15.336989231823516,14,11,3.0
1807,-5.208420125664693,12,13,3.0
1808,24.408379995645436,15,10,3.0
1809,4.726258942278841,13,12,3.0
1810,15.078123857806858,14,11,3.0
1811,-5.52537585525198,12,13,3.0
1812,14.707231206841895,14,11,3.0
1813,15.015826526182071,14,11,3.0
1814,14.951874496947472,14,11,3.0
1815,14.37324838636421,14,11,3.0
1816,26.270439424083516,15,10,3.0
1817,25.827374091028275,15,10,3.0
1818,4.100896536257274,13,12,3.0
1819,24.058153259111656,15,10,3.0
1820,14.94424553320009,14,11,3.0
1821,25.648393305676233,15,10,3.0
1822,14.031314830338442,14,11,3.0
1823,26.20280138877678,15,10,3.0
1824,14.666903091724869,14,11,3.0
1825,14.345797546598519,14,11,3.0
1826,5.236767002544129,13,12,3.0
1827,14.896161254884973,14,11,3.0
1828,24.94848444689108,15,10,3.0
1829,35.20180685176801,16,9,3.0
1830,14.893149572269053,14,11,3.0
1831,4.252035161562426,13,12,3.0
1832,35.337656943649485,16,9,3.0
1833,14.29426853390421,14,11,3.0
1834,14.64899276072222,14,11,3.0
1835,14.313795352542188,14,11,3.0
1836,34.61131827317635,16,9,3.0
1837,5.147391350607066,13,12,3.0
1838,14.21134504094707,14,11,3.0
1839,26.070631956934108,15,10,3.0
1840,4.9144242991009115,13,12,3.0
1841,14.722264569665043,14,11,3.0
1842,15.932588195543769,14,11,3.0
1843,24.111054030192456,15,10,3.0
1844,4.998328995195623,13,12,3.0
1845,15.261302721775499,14,11,3.0
1846,14.679069998108345,14,11,3.0
1847,26.046280388668407,15,10,3.0
1848,-24.77326816520563,10,15,3.0
1849,15.13164260105161,14,11,3.0
1850,14.855431693421474,14,11,3.0
1851,34.70663162512135,16,9,3.0
1852,14.783826221457886,14,11,3.0
1853,3.952647661305237,13,12,3.0
1854,14.927392480133019,14,11,3.0
1855,6.137606207260827,13,12,3.0
1856,4.86553370555087,13,12,3.0
1857,14.578261023062295,14,11,3.0
1858,5.689883541085573,13,12,3.0
1859,3.3330313389214465,13,12,3.0
1860,35.12647313447903,16,9,3.0
1861,4.698813829915062,13,12,3.0
1862,25.11684556294879,15,10,3.0
1863,15.287252535355693,14,11,3.0
1864,25.123459329505874,15,10,3.0
1865,-5.43980768235168,12,13,3.0
1866,25.585676705519397,15,10,3.0
1867,25.66455692360487,15,10,3.0
1868,44.89440223544133,17,8,3.0
1869,24.048668722650255,15,10,3.0
1870,26.625044611739796,15,10,3.0
1871,15.06009562747606,14,11,3.0
1872,15.11940098327098,14,11,3.0
1873,15.505611651820978,14,11,3.0
1874,15.245010807281368,14,11,3.0
1875,5.362461720977787,13,12,3.0
1876,-4.539935640307361,12,13,3.0
1877,24.748660271365896,15,10,3.0
1878,25.388170571581725,15,10,3.0
1879,25.157820892576567,15,10,3.0
1880,5.038707881268277,13,12,3.0
1881,-15.50013556174253,11,14,3.0
1882,24.957333734521697,15,10,3.0
1883,5.229677229759996,13,12,3.0
1884,15.848587416154377,14,11,3.0
1885,15.066951151266112,14,11,3.0
1886,25.162191813168942,15,10,3.0
1887,-5.314114393503442,12,13,3.0
1888,34.9628849459546,16,9,3.0
1889,34.243307238187725,16,9,3.0
1890,14.777053701428837,14,11,3.0
1891,15.91087401316435,14,11,3.0
1892,25.542213754003214,15,10,3.0
1893,34.38632626343175,16,9,3.0
1894,25.051619535865452,15,10,3.0
1895,35.036973090009454,16,9,3.0
1896,34.41165091412218,16,9,3.0
1897,15.924291160710686,14,11,3.0
1898,25.513079982834824,15,10,3.0
1899,34.96476531916055,16,9,3.0
1900,25.91406737047263,15,10,3.0
1901,24.519712171937602,15,10,3.0
1902,25.003660031808092,15,10,3.0
1903,24.708795364312863,15,10,3.0
1904,15.443688087123103,14,11,3.0
1905,15.259514316520152,14,11,3.0
1906,35.76190703484883,16,9,3.0
1907,25.335554287588963,15,10,3.0
1908,25.051543552962222,15,10,3.0
1909,15.359932653923474,14,11,3.0
1910,14.68204773255399,14,11,3.0
1911,36.138983447161834,16,9,3.0
1912,25.672462546422793,15,10,3.0
1913,-4.517136477950072,12,13,3.0
1914,14.367844151329423,14,11,3.0
1915,26.141629637842097,15,10,3.0
1916,35.08638404678936,16,9,3.0
1917,25.00453926437774,15,10,3.0
1918,15.156468937368508,14,11,3.0
1919,25.987846705535517,15,10,3.0
1920,25.893833961915156,15,10,3.0
1921,15.453397861385014,14,11,3.0
1922,-4.857710145791238,12,13,3.0
1923,25.11378530691467,15,10,3.0
1924,35.81218170952669,16,9,3.0
1925,24.631161981789365,15,10,3.0
1926,46.08472942184444,17,8,3.0
1927,35.03859610281295,16,9,3.0
1928,25.07313879732545,15,10,3.0
1929,25.4795644182984,15,10,3.0
1930,15.62576380419826,14,11,3.0
1931,15.048220826601295,14,11,3.0
1932,15.502753578202398,14,11,3.0
1933,34.854593752006046,16,9,3.0
1934,24.953555771807544,15,10,3.0
1935,14.567650129515469,14,11,3.0
1936,14.587834710812107,14,11,3.0
1937,5.249611113137764,13,12,3.0
1938,25.0091870984691,15,10,3.0
1939,24.432491974697548,15,10,3.0
1940,25.543695783070888,15,10,3.0
1941,24.900718164974972,15,10,3.0
1942,16.321088111204205,14,11,3.0
1943,-5.45959660333853,12,13,3.0
1944,16.593691396015252,14,11,3.0
1945,35.721785795588154,16,9,3.0
1946,25.74203257806905,15,10,3.0
1947,24.496303705251993,15,10,3.0
1948,15.122687976380742,14,11,3.0
1949,25.654069612213508,15,10,3.0
1950,25.050069063532533,15,10,3.0
1951,24.975895074443386,15,10,3.0
1952,14.986241493236706,14,11,3.0
1953,25.001272139357404,15,10,3.0
1954,24.810378195134003,15,10,3.0
1955,14.82508409810178,14,11,3.0
1956,14.337905288435918,14,11,3.0
1957,25.485583496642818,15,10,3.0
1958,15.549578073190263,14,11,3.0
1959,33.90399537257368,16,9,3.0
1960,15.597412754544742,14,11,3.0
1961,24.5965471718431,15,10,3.0
1962,16.25364328495756,14,11,3.0
1963,24.885739580866634,15,10,3.0
1964,34.55201906321668,16,9,3.0
1965,3.506928357900339,13,12,3.0
1966,25.615915824710985,15,10,3.0
1967,25.749635655711145,15,10,3.0
1968,15.461933423724313,14,11,3.0
1969,16.000762133054018,14,11,3.0
1970,5.479221343021081,13,12,3.0
1971,5.097378967155725,13,12,3.0
1972,14.931660171809911,14,11,3.0
1973,15.29744241392469,14,11,3.0
1974,15.35434805228116,14,11,3.0
1975,15.247676105982059,14,11,3.0
1976,35.554271895212786,16,9,3.0
1977,24.77167491712134,15,10,3.0
1978,15.423846049553603,14,11,3.0
1979,14.652411694593333,14,11,3.0
1980,24.663716376306166,15,10,3.0
1981,35.373278487372474,16,9,3.0
1982,24.67997808062209,15,10,3.0
1983,15.382793131840948,14,11,3.0
1984,5.186861813421677,13,12,3.0
1985,14.651539084478197,14,11,3.0
1986,4.3896820754496755,13,12,3.0
1987,26.02004624888175,15,10,3.0
1988,35.95137674257775,16,9,3.0
1989,35.48915442556097,16,9,3.0
1990,35.24165561786147,16,9,3.0
1991,45.059696964013824,17,8,3.0
1992,25.64375612863967,15,10,3.0
1993,15.602950378205223,14,11,3.0
1994,15.0734780017415,14,11,3.0
1995,5.202986099792787,13,12,3.0
1996,15.005192171758946,14,11,3.0
1997,4.5998090599189165,13,12,3.0
1998,15.14628954681427,14,11,3.0
1999,24.548781573382765,15,10,3.0
2000,14.512890327652045,14,11,3.0
2001,14.621805338350773,14,11,3.0
2002,15.194193100116847,14,11,3.0
2003,25.212569658526732,15,10,3.0
2004,-5.067767100580837,12,13,3.0
2005,5.30267032888249,13,12,3.0
2006,15.512508057317692,14,11,3.0
2007,25.188923154467226,15,10,3.0
2008,25.41551602786558,15,10,3.0
2009,14.632804865281482,14,11,3.0
2010,4.226120769317191,13,12,3.0
2011,35.29162535881706,16,9,3.0
2012,34.78028019438203,16,9,3.0
2013,25.102782835917754,15,10,3.0
2014,14.873898833052518,14,11,3.0
2015,24.619567673978494,15,10,3.0
2016,14.026791454858566,14,11,3.0
2017,-6.052172190791814,12,13,3.0
2018,24.650236799587596,15,10,3.0
2019,4.66805057935005,13,12,3.0
2020,25.1695896100401,15,10,3.0
2021,24.566324320345593,15,10,3.0
2022,35.75717277759485,16,9,3.0
2023,25.657292207169334,15,10,3.0
2024,35.18990736787141,16,9,3.0
2025,24.64803978955289,15,10,3.0
2026,-4.750406475217062,12,13,3.0
2027,-4.395855566117434,12,13,3.0
2028,25.630329908439585,15,10,3.0
2029,25.06267556329707,15,10,3.0
2030,14.506671226968043,14,11,3.0
2031,15.46722356488305,14,11,3.0
2032,14.40039665666109,14,11,3.0
2033,14.801895934732373,14,11,3.0
2034,25.03077005689161,15,10,3.0
2035,24.826460922056878,15,10,3.0
2036,35.29162391750586,16,9,3.0
2037,14.388269053643466,14,11,3.0
2038,14.59281475604995,14,11,3.0
2039,4.819896788727956,13,12,3.0
2040,15.372307343164092,14,11,3.0
2041,25.596814065948504,15,10,3.0
2042,4.157154120519167,13,12,3.0
2043,15.711890713715995,14,11,3.0
2044,24.745643019625938,15,10,3.0
2045,35.2030597822153,16,9,3.0
2046,5.835620977014756,13,12,3.0
2047,23.747065056076575,15,10,3.0
2048,5.479989134077316,13,12,3.0
2049,14.66020914416251,14,11,3.0
2050,35.002361054376735,16,9,3.0
2051,5.023602685810864,13,12,3.0
2052,34.6835173216187,16,9,3.0
2053,23.852800851262547,15,10,3.0
2054,26.21199516818176,15,10,3.0
2055,4.874779092860903,13,12,3.0
2056,14.608308544641918,14,11,3.0
2057,15.073032331478514,14,11,3.0
2058,24.68993516835077,15,10,3.0
2059,25.570861178350064,15,10,3.0
2060,14.955112929988296,14,11,3.0
2061,35.12274425416953,16,9,3.0
2062,25.470249516577503,15,10,3.0
2063,14.549393563204028,14,11,3.0
2064,14.489100698543172,14,11,3.0
2065,15.597039260265209,14,11,3.0
2066,24.116789952036815,15,10,3.0
2067,24.939683461475383,15,10,3.0
2068,24.50932195231862,15,10,3.0
2069,35.35911716494866,16,9,3.0
2070,15.67870602450627,14,11,3.0
2071,15.603458123964588,14,11,3.0
2072,25.1498359121913,15,10,3.0
2073,34.249828852343704,16,9,3.0
2074,25.455283638120196,15,10,3.0
2075,35.77463503189866,16,9,3.0
2076,24.222310736466717,15,10,3.0
2077,24.749482624920006,15,10,3.0
2078,15.224118256746117,14,11,3.0
2079,13.821516588127807,14,11,3.0
2080,34.98524817383313,16,9,3.0
2081,15.480299697110116,14,11,3.0
2082,35.13136606511823,16,9,3.0
2083,24.17334038494432,15,10,3.0
2084,25.150007387553337,15,10,3.0
2085,24.00055573128603,15,10,3.0
2086,14.517167793618139,14,11,3.0
2087,25.98496505842176,15,10,3.0
2088,-15.929342548406753,11,14,3.0
2089,34.69663829223067,16,9,3.0
2090,24.52381102195769,15,10,3.0
2091,26.012053840018893,15,10,3.0
2092,25.141437132219384,15,10,3.0
2093,24.912655978308283,15,10,3.0
2094,14.90108711214279,14,11,3.0
2095,14.509514332281274,14,11,3.0
2096,24.003029040011224,15,10,3.0
2097,25.18988298431234,15,10,3.0
2098,25.107655595873627,15,10,3.0
2099,14.836322841913303,14,11,3.0
2100,36.16297547172114,16,9,3.0
2101,24.61080205544509,15,10,3.0
2102,14.239788839726993,14,11,3.0
2103,15.131594224302223,14,11,3.0
2104,36.573661651245665,16,9,3.0
2105,4.035663355588863,13,12,3.0
2106,5.19192139263242,13,12,3.0
2107,25.97643798382373,15,10,3.0
2108,24.90389326386451,15,10,3.0
2109,14.544649824226193,14,11,3.0
2110,14.641376885888413,14,11,3.0
2111,13.35698345650204,14,11,3.0
2112,14.579753199000479,14,11,3.0
2113,-6.123104967975979,12,13,3.0
2114,35.75123238927316,16,9,3.0
2115,15.647273242983346,14,11,3.0
2116,14.190515078553258,14,11,3.0
2117,14.667556831793009,14,11,3.0
2118,13.67883976833161,14,11,3.0
2119,24.740404404947405,15,10,3.0
2120,15.064888885637156,14,11,3.0
2121,14.035418059060078,14,11,3.0
2122,35.06671485206242,16,9,3.0
2123,6.004248757654214,13,12,3.0
2124,24.40368810918997,15,10,3.0
2125,25.06435831763732,15,10,3.0
2126,25.012140606443392,15,10,3.0
2127,34.60378399871734,16,9,3.0
2128,15.019923997691953,14,11,3.0
2129,34.69773243090307,16,9,3.0
2130,25.33126907753642,15,10,3.0
2131,25.516473460037773,15,10,3.0
2132,24.250922850002247,15,10,3.0
2133,24.84003947246487,15,10,3.0
2134,36.54352955638088,16,9,3.0
2135,14.777816354540763,14,11,3.0
2136,24.550181455483152,15,10,3.0
2137,24.99877064815987,15,10,3.0
2138,26.15481654610956,15,10,3.0
2139,24.694444297555375,15,10,3.0
2140,25.69717252160358,15,10,3.0
2141,34.778294484967844,16,9,3.0
2142,4.7655044843007115,13,12,3.0
2143,23.89611333274764,15,10,3.0
2144,14.047661026264606,14,11,3.0
2145,15.146341505666275,14,11,3.0
2146,3.7885225156983005,13,12,3.0
2147,4.419553785559801,13,12,3.0
2148,35.14508918489647,16,9,3.0
2149,14.699318644841167,14,11,3.0
2150,23.34931363925188,15,10,3.0
2151,16.343695423510898,14,11,3.0
2152,24.630506549398234,15,10,3.0
2153,25.474016338917195,15,10,3.0
2154,15.061210288312395,14,11,3.0
2155,15.745687641620151,14,11,3.0
2156,34.902663549644004,16,9,3.0
2157,5.04943597710815,13,12,3.0
2158,14.826388746351675,14,11,3.0
2159,34.25481176284083,16,9,3.0
2160,24.753412169668234,15,10,3.0
2161,24.618700358036506,15,10,3.0
2162,-4.26557758728894,12,13,3.0
2163,24.790954393109807,15,10,3.0
2164,35.46184560182983,16,9,3.0
2165,24.66615514153503,15,10,3.0
2166,25.274873884934813,15,10,3.0
2167,14.034561619380577,14,11,3.0
2168,24.604557275544398,15,10,3.0
2169,35.248532958346445,16,9,3.0
2170,26.221911766356918,15,10,3.0
2171,24.706268501733682,15,10,3.0
2172,25.74338609830318,15,10,3.0
2173,15.290199686981952,14,11,3.0
2174,4.941782336111501,13,12,3.0
2175,-4.8062470430695345,12,13,3.0
2176,13.736720728207628,14,11,3.0
2177,14.84580868140003,14,11,3.0
2178,14.75885748693727,14,11,3.0
2179,24.98071979423505,15,10,3.0
2180,34.24609844491667,16,9,3.0
2181,15.673809760418223,14,11,3.0
2182,14.098283574394747,14,11,3.0
2183,4.58879504904959,13,12,3.0
2184,15.487960114959797,14,11,3.0
2185,16.52695010130289,14,11,3.0
2186,25.027188270181707,15,10,3.0
2187,-5.087219125010123,12,13,3.0
2188,15.524018037064012,14,11,3.0
2189,14.990556031075288,14,11,3.0
2190,24.711176862488067,15,10,3.0
2191,25.717599638954447,15,10,3.0
2192,14.663988254688698,14,11,3.0
2193,24.483887269212467,15,10,3.0
2194,24.30342285753689,15,10,3.0
2195,23.71421593982425,15,10,3.0
2196,35.05496146771315,16,9,3.0
2197,26.32977715711147,15,10,3.0
2198,34.2186690164568,16,9,3.0
2199,14.71117013969609,14,11,3.0
2200,15.274573962774737,14,11,3.0
2201,5.165629863372411,13,12,3.0
2202,34.652838310819035,16,9,3.0
2203,13.409669076578126,14,11,3.0
2204,26.035611877516395,15,10,3.0
2205,24.52266953619589,15,10,3.0
2206,24.90262892398761,15,10,3.0
2207,14.462300535053572,14,11,3.0
2208,24.787647040153328,15,10,3.0
2209,25.837186818175255,15,10,3.0
2210,16.349714174658377,14,11,3.0
2211,15.450752448358067,14,11,3.0
2212,14.839400563630008,14,11,3.0
2213,24.648945406890846,15,10,3.0
2214,25.181890587487416,15,10,3.0
2215,24.432341789308143,15,10,3.0
2216,25.905409342750765,15,10,3.0
2217,26.17418640822209,15,10,3.0
2218,24.48429188660448,15,10,3.0
2219,5.4870192228610035,13,12,3.0
2220,24.65124390435676,15,10,3.0
2221,14.133893444376728,14,11,3.0
2222,23.90135092929213,15,10,3.0
2223,14.620140123682585,14,11,3.0
2224,5.039080439306245,13,12,3.0
2225,15.157228199358087,14,11,3.0
2226,34.294549755205665,16,9,3.0
2227,25.039473550704617,15,10,3.0
2228,5.245280449804484,13,12,3.0
2229,14.379225113315425,14,11,3.0
2230,-4.153807083187391,12,13,3.0
2231,15.976065477941162,14,11,3.0
2232,24.77206707813062,15,10,3.0
2233,25.972785326032167,15,10,3.0
2234,6.067909079238236,13,12,3.0
2235,25.17013430230657,15,10,3.0
2236,15.653893458894697,14,11,3.0
2237,15.637591027366042,14,11,3.0
2238,14.302368865966825,14,11,3.0
2239,-6.62224265582303,12,13,3.0
2240,14.427014895199124,14,11,3.0
2241,5.140420087571142,13,12,3.0
2242,14.48647108236923,14,11,3.0
2243,14.623517930705749,14,11,3.0
2244,-5.008164626353473,12,13,3.0
2245,14.903022656790576,14,11,3.0
2246,15.732546375779616,14,11,3.0
2247,35.116328162804066,16,9,3.0
2248,5.160037582647519,13,12,3.0
2249,15.265082014168964,14,11,3.0
2250,16.365904854877776,14,11,3.0
2251,16.33017701358588,14,11,3.0
2252,25.889634920379706,15,10,3.0
2253,5.148067542936351,13,12,3.0
2254,15.120903031448472,14,11,3.0
2255,4.809308421987538,13,12,3.0
2256,4.942998208411499,13,12,3.0
2257,24.852506846809742,15,10,3.0
2258,14.05879056994152,14,11,3.0
2259,25.455028214661795,15,10,3.0
2260,24.731406901698666,15,10,3.0
2261,15.079895304566175,14,11,3.0
2262,5.224697834860548,13,12,3.0
2263,34.79729783825376,16,9,3.0
2264,3.9186923723173868,13,12,3.0
2265,15.515117953189371,14,11,3.0
2266,35.85187770149321,16,9,3.0
2267,13.987221317776582,14,11,3.0
2268,14.830654201891381,14,11,3.0
2269,24.684246125747173,15,10,3.0
2270,23.64965425320578,15,10,3.0
2271,26.248047565709328,15,10,3.0
2272,35.03349571430236,16,9,3.0
2273,24.77545375751866,15,10,3.0
2274,24.565075630456015,15,10,3.0
2275,13.803628784190934,14,11,3.0
2276,24.81344914575327,15,10,3.0
2277,13.749494886578896,14,11,3.0
2278,33.878876369272724,16,9,3.0
2279,14.612094152833176,14,11,3.0
2280,24.633511476871266,15,10,3.0
2281,24.406083973951283,15,10,3.0
2282,15.121748816374435,14,11,3.0
2283,34.85142944912839,16,9,3.0
2284,5.348579221379374,13,12,3.0
2285,24.78444262908107,15,10,3.0
2286,15.548499593650993,14,11,3.0
2287,25.310459847121937,15,10,3.0
2288,35.31997049611985,16,9,3.0
2289,24.52271707522054,15,10,3.0
2290,4.729855003391414,13,12,3.0
2291,5.576417692756081,13,12,3.0
2292,24.584856444671765,15,10,3.0
2293,15.04470478515374,14,11,3.0
2294,15.669320356116833,14,11,3.0
2295,24.926202901766814,15,10,3.0
2296,24.85072044494666,15,10,3.0
2297,14.440383433623282,14,11,3.0
2298,25.27263846569427,15,10,3.0
2299,34.74492877942761,16,9,3.0
2300,24.82407627491594,15,10,3.0
2301,24.64608095547915,15,10,3.0
2302,35.41848107484357,16,9,3.0
2303,14.653931030751302,14,11,3.0
2304,25.43497369674548,15,10,3.0
2305,-5.90181809463448,12,13,3.0
2306,15.077734657997595,14,11,3.0
2307,25.474427308837893,15,10,3.0
2308,25.897995565705358,15,10,3.0
2309,25.94249716798909,15,10,3.0
2310,16.122098096130273,14,11,3.0
2311,24.623475783929578,15,10,3.0
2312,15.25320010999924,14,11,3.0
2313,25.762312526139368,15,10,3.0
2314,24.997996340055447,15,10,3.0
2315,15.034823781475911,14,11,3.0
2316,24.876716093997146,15,10,3.0
2317,23.904903323166785,15,10,3.0
2318,25.4922629322208,15,10,3.0
2319,5.44685553131937,13,12,3.0
2320,15.21943982755413,14,11,3.0
2321,15.685307617623835,14,11,3.0
2322,24.64092512338125,15,10,3.0
2323,35.28258221832357,16,9,3.0
2324,25.549363229054926,15,10,3.0
2325,26.293754527421648,15,10,3.0
2326,35.13703077579589,16,9,3.0
2327,15.514172257521784,14,11,3.0
2328,24.406021914315012,15,10,3.0
2329,25.796725390627014,15,10,3.0
2330,14.083979945408164,14,11,3.0
2331,-14.777432961319004,11,14,3.0
2332,14.536826480536064,14,11,3.0
2333,25.86328206563273,15,10,3.0
2334,34.87317823839367,16,9,3.0
2335,35.06911446118147,16,9,3.0
2336,14.38858386374194,14,11,3.0
2337,-5.034240752413499,12,13,3.0
2338,25.096826311403973,15,10,3.0
2339,24.7788347238112,15,10,3.0
2340,24.523053645252418,15,10,3.0
2341,14.71226796556304,14,11,3.0
2342,14.310554290360106,14,11,3.0
2343,25.08192256368251,15,10,3.0
2344,24.783784713701404,15,10,3.0
2345,24.310830326525696,15,10,3.0
2346,35.70524319471222,16,9,3.0
2347,24.735633947188422,15,10,3.0
2348,45.85091017436166,17,8,3.0
2349,25.274014393242936,15,10,3.0
2350,24.380641374858914,15,10,3.0
2351,24.041470835690575,15,10,3.0
2352,35.750903002227645,16,9,3.0
2353,13.613021913107541,14,11,3.0
2354,24.709422940070617,15,10,3.0
2355,25.257750319229174,15,10,3.0
2356,14.379997351455625,14,11,3.0
2357,15.38049836689281,14,11,3.0
2358,26.10663936703074,15,10,3.0
2359,24.61096952091286,15,10,3.0
2360,24.664847395485346,15,10,3.0
2361,35.26342558088377,16,9,3.0
2362,14.59461249486834,14,11,3.0
2363,24.97522753998885,15,10,3.0
2364,24.017059281281934,15,10,3.0
2365,25.407527894303286,15,10,3.0
2366,25.554968004374913,15,10,3.0
2367,34.0989790293973,16,9,3.0
2368,14.311542350123714,14,11,3.0
2369,4.600598508070259,13,12,3.0
2370,14.45833844827631,14,11,3.0
2371,44.30683679679971,17,8,3.0
2372,35.013401733889395,16,9,3.0
2373,24.40340291687815,15,10,3.0
2374,14.865373084784032,14,11,3.0
2375,26.10168655475446,15,10,3.0
2376,34.27036934239542,16,9,3.0
2377,25.764267214305033,15,10,3.0
2378,35.322151008978594,16,9,3.0
2379,34.64275425674248,16,9,3.0
2380,23.58359366194869,15,10,3.0
2381,24.551913917691294,15,10,3.0
2382,35.711241395123075,16,9,3.0
2383,34.09082040015818,16,9,3.0
2384,24.43061441746982,15,10,3.0
2385,25.208190626421622,15,10,3.0
2386,24.214738297322302,15,10,3.0
2387,24.994707641657865,15,10,3.0
2388,25.802906166402927,15,10,3.0
2389,35.932098111744125,16,9,3.0
2390,24.845543813135762,15,10,3.0
2391,13.705375973667625,14,11,3.0
2392,25.31528364455423,15,10,3.0
2393,24.89756324175142,15,10,3.0
2394,14.282420770739822,14,11,3.0
2395,35.12628267086837,16,9,3.0
2396,34.32153541074592,16,9,3.0
2397,24.01057856298111,15,10,3.0
2398,24.617635749669404,15,10,3.0
2399,34.16866446507736,16,9,3.0
2400,5.485429731970163,13,12,3.0
2401,34.722610614700756,16,9,3.0
2402,34.532879255184596,16,9,3.0
2403,24.59697945443904,15,10,3.0
2404,25.21120402831299,15,10,3.0
2405,3.635352022675815,13,12,3.0
2406,24.095810094549737,15,10,3.0
2407,34.168070113640276,16,9,3.0
2408,13.28459211272132,14,11,3.0
2409,25.004832735631773,15,10,3.0
2410,13.951888583176853,14,11,3.0
2411,25.05207003778588,15,10,3.0
2412,34.21898934881397,16,9,3.0
2413,34.79990162576779,16,9,3.0
2414,24.611242302008982,15,10,3.0
2415,5.0233003943989525,13,12,3.0
2416,35.693018936322794,16,9,3.0
2417,23.223226606451515,15,10,3.0
2418,34.42981842962328,16,9,3.0
2419,33.55478710600106,16,9,3.0
2420,34.92401199475974,16,9,3.0
2421,35.21698510153997,16,9,3.0
2422,15.27229742274755,14,11,3.0
2423,15.058111783429213,14,11,3.0
2424,14.659572838355531,14,11,3.0
2425,24.727020507578796,15,10,3.0
2426,15.662859192303756,14,11,3.0
2427,14.592456513905415,14,11,3.0
2428,25.825460617956637,15,10,3.0
2429,14.940601480602563,14,11,3.0
2430,14.165138462367365,14,11,3.0
2431,14.586479113150856,14,11,3.0
2432,13.27955367062768,14,11,3.0
2433,44.885227194231845,17,8,3.0
2434,24.863722702057665,15,10,3.0
2435,34.850913487087375,16,9,3.0
2436,25.133679105343116,15,10,3.0
2437,14.770889770466088,14,11,3.0
2438,14.226253677617652,14,11,3.0
2439,13.620238542026225,14,11,3.0
2440,34.167379474409195,16,9,3.0
2441,25.191758726403663,15,10,3.0
2442,34.16487203761999,16,9,3.0
2443,24.964180515900104,15,10,3.0
2444,15.293741813459413,14,11,3.0
2445,25.0724305274587,15,10,3.0
2446,24.607497065843933,15,10,3.0
2447,34.56072495950926,16,9,3.0
2448,14.049225403398749,14,11,3.0
2449,24.51946296389189,15,10,3.0
2450,4.2302261488303765,13,12,3.0
2451,4.351126352591674,13,12,3.0
2452,23.531166846571622,15,10,3.0
2453,45.00590033076815,17,8,3.0
2454,14.023276730211165,14,11,3.0
2455,24.332945739134388,15,10,3.0
2456,25.11089406217919,15,10,3.0
2457,43.85100787288597,17,8,3.0
2458,35.77390504397985,16,9,3.0
2459,14.999727425621316,14,11,3.0
2460,14.780968905393358,14,11,3.0
2461,34.65336413587231,16,9,3.0
2462,25.314263269217776,15,10,3.0
2463,5.421734431318145,13,12,3.0
2464,24.298120083310522,15,10,3.0
2465,25.605439010268018,15,10,3.0
2466,35.27431451611965,16,9,3.0
2467,25.089149957473317,15,10,3.0
2468,25.617651632387172,15,10,3.0
2469,25.088671687185457,15,10,3.0
2470,14.119359455601376,14,11,3.0
2471,24.507663298390796,15,10,3.0
2472,35.428000472609234,16,9,3.0
2473,34.69357371575527,16,9,3.0
2474,14.677996755353764,14,11,3.0
2475,23.844499941015265,15,10,3.0
2476,14.76085927517125,14,11,3.0
2477,14.51715435227624,14,11,3.0
2478,44.22672734380169,17,8,3.0
2479,25.009584110897706,15,10,3.0
2480,14.699038983736815,14,11,3.0
2481,24.853943530478436,15,10,3.0
2482,34.15118810290379,16,9,3.0
2483,23.829446585017124,15,10,3.0
2484,24.832278713691384,15,10,3.0
2485,35.50013406803022,16,9,3.0
2486,44.19283288103642,17,8,3.0
2487,34.69881639584633,16,9,3.0
2488,24.519159034276008,15,10,3.0
2489,14.547892457217717,14,11,3.0
2490,24.7183368795053,15,10,3.0
2491,4.482676238828862,13,12,3.0
2492,15.862556863545183,14,11,3.0
2493,14.984111590543115,14,11,3.0
2494,15.637476938098974,14,11,3.0
2495,34.18364226596408,16,9,3.0
2496,14.714539238209326,14,11,3.0
2497,34.64818479776643,16,9,3.0
2498,15.348441462470909,14,11,3.0
2499,24.095824389027662,15,10,3.0
2500,33.81814770187625,16,9,3.0
2501,34.71458672324134,16,9,3.0
2502,14.337692586572366,14,11,3.0
2503,33.90953920811748,16,9,3.0
2504,34.48599740815841,16,9,3.0
2505,4.474440190800866,13,12,3.0
2506,44.7175141795411,17,8,3.0
2507,35.174933833018585,16,9,3.0
2508,25.406538952311333,15,10,3.0
2509,24.619472864453677,15,10,3.0
2510,35.68264204435956,16,9,3.0
2511,25.870701347696997,15,10,3.0
2512,14.470660756704268,14,11,3.0
2513,15.12786404826307,14,11,3.0
2514,13.013875134299315,14,11,3.0
2515,44.78317259031045,17,8,3.0
2516,34.60552978272759,16,9,3.0
2517,25.45712593432868,15,10,3.0
2518,34.372246465123794,16,9,3.0
2519,14.926748265650302,14,11,3.0
2520,14.101726875244939,14,11,3.0
2521,33.89196308961081,16,9,3.0
2522,24.645338860019095,15,10,3.0
2523,24.375268617946098,15,10,3.0
2524,35.12245928203922,16,9,3.0
2525,4.316250286273334,13,12,3.0
2526,15.076244324279212,14,11,3.0
2527,35.207074450771465,16,9,3.0
2528,34.82155674233765,16,9,3.0
2529,24.608813572608074,15,10,3.0
2530,15.053778019303074,14,11,3.0
2531,25.131842145980652,15,10,3.0
2532,4.119813795441383,13,12,3.0
2533,23.79061923490686,15,10,3.0
2534,14.93699132449591,14,11,3.0
2535,14.63853822180856,14,11,3.0
2536,44.78596508373761,17,8,3.0
2537,15.400185579545221,14,11,3.0
2538,34.96049884407358,16,9,3.0
2539,4.3696737942155925,13,12,3.0
2540,24.096244085187873,15,10,3.0
2541,35.26792238383371,16,9,3.0
2542,35.86178231584376,16,9,3.0
2543,24.943530924407238,15,10,3.0
2544,33.95559421060655,16,9,3.0
2545,24.955490573727655,15,10,3.0
2546,14.25386962649243,14,11,3.0
2547,44.2554498216808,17,8,3.0
2548,24.112001862980467,15,10,3.0
2549,33.74026139917371,16,9,3.0
2550,34.67545928987476,16,9,3.0
2551,15.376849820059846,14,11,3.0
2552,14.529184219770958,14,11,3.0
2553,33.6618329174184,16,9,3.0
2554,4.883036167871389,13,12,3.0
2555,34.83360154075575,16,9,3.0
2556,15.231221819608791,14,11,3.0
2557,15.47641687712002,14,11,3.0
2558,24.57581789383545,15,10,3.0
2559,35.33291524263366,16,9,3.0
2560,24.759892814389055,15,10,3.0
2561,35.45915248320984,16,9,3.0
2562,25.355428811503923,15,10,3.0
2563,25.063198094610534,15,10,3.0
2564,24.606653147541167,15,10,3.0
2565,23.902851491115975,15,10,3.0
2566,4.685889500953995,13,12,3.0
2567,34.58816453642568,16,9,3.0
2568,35.146940069352326,16,9,3.0
2569,35.200460241843125,16,9,3.0
2570,35.68634912951832,16,9,3.0
2571,14.453102906982393,14,11,3.0
2572,25.786165465743082,15,10,3.0
2573,35.342689622203046,16,9,3.0
2574,24.220469515652837,15,10,3.0
2575,34.44084584006311,16,9,3.0
2576,25.323815083089645,15,10,3.0
2577,35.19848546916277,16,9,3.0
2578,4.71700203453072,13,12,3.0
2579,25.610346445844726,15,10,3.0
2580,25.05372445653056,15,10,3.0
2581,25.00988581297691,15,10,3.0
2582,14.362207794372704,14,11,3.0
2583,35.95325613660202,16,9,3.0
2584,35.21209288849809,16,9,3.0
2585,35.13387511942862,16,9,3.0
2586,45.6924451733856,17,8,3.0
2587,35.06289853143895,16,9,3.0
2588,24.4034052259575,15,10,3.0
2589,45.120221567521334,17,8,3.0
2590,24.881643918231752,15,10,3.0
2591,35.64603828572184,16,9,3.0
2592,34.66382203530276,16,9,3.0
2593,35.13820073179236,16,9,3.0
2594,25.25009328174719,15,10,3.0
2595,34.466611430955496,16,9,3.0
2596,14.890670515568933,14,11,3.0
2597,24.36019668399549,15,10,3.0
2598,24.8141729979409,15,10,3.0
2599,35.67442415332358,16,9,3.0
2600,35.546391648099686,16,9,3.0
2601,24.24485508090268,15,10,3.0
2602,45.50363154683244,17,8,3.0
2603,23.935150921566112,15,10,3.0
2604,24.967669316019098,15,10,3.0
2605,23.867513885090883,15,10,3.0
2606,14.893845911199529,14,11,3.0
2607,34.769544991926274,16,9,3.0
2608,14.061474083477098,14,11,3.0
2609,44.29543611969188,17,8,3.0
2610,25.61540849889818,15,10,3.0
2611,24.29327333111146,15,10,3.0
2612,44.86191721087276,17,8,3.0
2613,46.07098511058488,17,8,3.0
2614,34.76907211661341,16,9,3.0
2615,25.139998325241816,15,10,3.0
2616,24.224570293379937,15,10,3.0
2617,35.46963715659185,16,9,3.0
2618,24.675147881721333,15,10,3.0
2619,34.58803658191457,16,9,3.0
2620,34.465330304742906,16,9,3.0
2621,35.13888798007952,16,9,3.0
2622,35.38996136798509,16,9,3.0
2623,44.942109930489856,17,8,3.0
2624,15.241905206247006,14,11,3.0
2625,24.38189858792005,15,10,3.0
2626,35.025261533946896,16,9,3.0
2627,15.256078611692441,14,11,3.0
2628,34.269066523446774,16,9,3.0
2629,35.084278864744114,16,9,3.0
2630,34.64651024833882,16,9,3.0
2631,14.676111059706036,14,11,3.0
2632,24.131369955061544,15,10,3.0
2633,35.15044184414782,16,9,3.0
2634,24.69855279549469,15,10,3.0
2635,34.844338018034,16,9,3.0
2636,14.955420205968329,14,11,3.0
2637,33.82536683304614,16,9,3.0
2638,34.40461551663632,16,9,3.0
2639,24.718910583847226,15,10,3.0
2640,25.319776330659977,15,10,3.0
2641,35.73674633815189,16,9,3.0
2642,35.571631170239726,16,9,3.0
2643,45.346565506324836,17,8,3.0
2644,25.175063842950173,15,10,3.0
2645,14.197652295086415,14,11,3.0
2646,24.314140395737166,15,10,3.0
2647,35.02588794676851,16,9,3.0
2648,35.200745340590544,16,9,3.0
2649,24.361958425524808,15,10,3.0
2650,24.396895984369138,15,10,3.0
2651,35.27492844182799,16,9,3.0
2652,23.68813977971824,15,10,3.0
2653,34.808242020674705,16,9,3.0
2654,35.02715052010906,16,9,3.0
2655,14.569434443935132,14,11,3.0
2656,35.85461447854728,16,9,3.0
2657,5.002082445067322,13,12,3.0
2658,43.857325983209584,17,8,3.0
2659,34.240719234295305,16,9,3.0
2660,35.31585101208123,16,9,3.0
2661,13.960308640758829,14,11,3.0
2662,24.393642700711585,15,10,3.0
2663,14.945643026014396,14,11,3.0
2664,14.71002824347729,14,11,3.0
2665,35.07114610946118,16,9,3.0
2666,24.880343927408255,15,10,3.0
2667,24.41882243199956,15,10,3.0
2668,14.786660702644125,14,11,3.0
2669,24.830693061811616,15,10,3.0
2670,25.637627214158478,15,10,3.0
2671,15.458825383589911,14,11,3.0
2672,14.82953974855356,14,11,3.0
2673,33.86638602132204,16,9,3.0
2674,34.51896716012076,16,9,3.0
2675,25.422766194147936,15,10,3.0
2676,44.98861258197965,17,8,3.0
2677,24.624882858664723,15,10,3.0
2678,15.277678505220369,14,11,3.0
2679,14.624236407530418,14,11,3.0
2680,35.37350327388199,16,9,3.0
2681,35.14285301949507,16,9,3.0
2682,13.890907899544382,14,11,3.0
2683,35.14830516763672,16,9,3.0
2684,26.186624926548948,15,10,3.0
2685,24.92459231374788,15,10,3.0
2686,46.18169345031832,17,8,3.0
2687,24.454436239918216,15,10,3.0
2688,24.35848181464928,15,10,3.0
2689,13.999371535234237,14,11,3.0
2690,15.25515245089791,14,11,3.0
2691,15.214700682707662,14,11,3.0
2692,36.07079826085742,16,9,3.0
2693,24.525915026100876,15,10,3.0
2694,14.510805546737883,14,11,3.0
2695,4.833052489243765,13,12,3.0
2696,35.26616873075406,16,9,3.0
2697,24.33437668384023,15,10,3.0
2698,35.15231589298366,16,9,3.0
2699,25.316468272704096,15,10,3.0
2700,15.312120057301502,14,11,3.0
2701,33.79522642127455,16,9,3.0
2702,34.41842883620037,16,9,3.0
2703,4.099711067950242,13,12,3.0
2704,34.759806478624995,16,9,3.0
2705,35.205497562108995,16,9,3.0
2706,14.138159864800631,14,11,3.0
2707,34.97879299536455,16,9,3.0
2708,44.60228254451594,17,8,3.0
2709,23.601523539863177,15,10,3.0
2710,24.436326520286425,15,10,3.0
2711,3.990319482869147,13,12,3.0
2712,23.763465536862114,15,10,3.0
2713,14.799382657763132,14,11,3.0
2714,15.00753851987671,14,11,3.0
2715,14.67412705140576,14,11,3.0
2716,25.215998699107274,15,10,3.0
2717,44.51581645837991,17,8,3.0
2718,24.486673561268038,15,10,3.0
2719,34.280187851280125,16,9,3.0
2720,34.819046093953645,16,9,3.0
2721,13.822997963621622,14,11,3.0
2722,34.53145931572138,16,9,3.0
2723,5.4843695552754514,13,12,3.0
2724,25.78442843068773,15,10,3.0
2725,44.115467594337474,17,8,3.0
2726,5.567968312864723,13,12,3.0
2727,24.60495874158547,15,10,3.0
2728,24.413747729456105,15,10,3.0
2729,35.69572987980733,16,9,3.0
2730,25.16386167006299,15,10,3.0
2731,33.704851431034015,16,9,3.0
2732,25.483023373483668,15,10,3.0
2733,4.945523373658066,13,12,3.0
2734,35.89940369736769,16,9,3.0
2735,34.54649468976266,16,9,3.0
2736,25.51608566981655,15,10,3.0
2737,35.613016020743686,16,9,3.0
2738,35.286138310219876,16,9,3.0
2739,34.22484620416462,16,9,3.0
2740,14.590742764018866,14,11,3.0
2741,34.166279797369974,16,9,3.0
2742,45.397724917948935,17,8,3.0
2743,35.443814695645244,16,9,3.0
2744,13.851233444583746,14,11,3.0
2745,26.301431312226512,15,10,3.0
2746,35.43655535300151,16,9,3.0
2747,33.45974606631381,16,9,3.0
2748,25.383597004067926,15,10,3.0
2749,24.156872046823704,15,10,3.0
2750,23.195241199908768,15,10,3.0
2751,3.3971929976856927,13,12,3.0
2752,44.74687386249273,17,8,3.0
2753,25.96814188818223,15,10,3.0
2754,24.681740325079502,15,10,3.0
2755,14.918915770778748,14,11,3.0
2756,35.48157080894618,16,9,3.0
2757,35.041254785917445,16,9,3.0
2758,35.13485758302493,16,9,3.0
2759,34.67196928219657,16,9,3.0
2760,34.879242196366164,16,9,3.0
2761,24.2064397839889,15,10,3.0
2762,25.114907885904856,15,10,3.0
2763,5.817137969968659,13,12,3.0
2764,34.95746865832707,16,9,3.0
2765,24.70516499967091,15,10,3.0
2766,35.61337022357783,16,9,3.0
2767,14.133095967094109,14,11,3.0
2768,25.105264061075342,15,10,3.0
2769,44.99932342049594,17,8,3.0
2770,24.285592400529723,15,10,3.0
2771,23.736788560132403,15,10,3.0
2772,34.425364572488554,16,9,3.0
2773,45.58082479377644,17,8,3.0
2774,13.967677974953443,14,11,3.0
2775,35.2236624356468,16,9,3.0
2776,43.15469418397804,17,8,3.0
2777,24.238116915396574,15,10,3.0
2778,34.51808556540836,16,9,3.0
2779,34.14055320578969,16,9,3.0
2780,35.67792325129012,16,9,3.0
2781,34.79988854182745,16,9,3.0
2782,34.57719636715474,16,9,3.0
2783,24.960324374269998,15,10,3.0
2784,34.80143193825079,16,9,3.0
2785,24.136888010620353,15,10,3.0
2786,33.98702439329696,16,9,3.0
2787,33.99862283859982,16,9,3.0
2788,34.720816125533325,16,9,3.0
2789,55.46957136225884,18,7,3.0
2790,33.88633989964413,16,9,3.0
2791,23.641434935085574,15,10,3.0
2792,45.62536256079567,17,8,3.0
2793,14.607088565603913,14,11,3.0
2794,35.50606055238952,16,9,3.0
2795,45.40109099827681,17,8,3.0
2796,24.132987890306676,15,10,3.0
2797,35.24975304420236,16,9,3.0
2798,24.88729185039893,15,10,3.0
2799,35.93068218182407,16,9,3.0
2800,24.47165767813705,15,10,3.0
2801,24.50570127837806,15,10,3.0
2802,24.402496067409462,15,10,3.0
2803,3.681283721012324,13,12,3.0
2804,14.171910210390461,14,11,3.0
2805,34.53339323051351,16,9,3.0
2806,35.45111474645447,16,9,3.0
2807,34.33605533669177,16,9,3.0
2808,23.19759785361972,15,10,3.0
2809,14.355576703214844,14,11,3.0
2810,34.03900874967151,16,9,3.0
2811,34.14668346942332,16,9,3.0
2812,24.76432154372334,15,10,3.0
2813,34.28602513821592,16,9,3.0
2814,44.42468846851938,17,8,3.0
2815,3.7493941271455764,13,12,3.0
2816,33.966849953415476,16,9,3.0
2817,34.62404299596249,16,9,3.0
2818,35.06196803690071,16,9,3.0
2819,34.68794075326124,16,9,3.0
2820,45.4230090103962,17,8,3.0
2821,24.794558008228584,15,10,3.0
2822,24.91870171766047,15,10,3.0
2823,25.3105686622877,15,10,3.0
2824,45.044554686280044,17,8,3.0
2825,24.690202713400573,15,10,3.0
2826,35.588357204159934,16,9,3.0
2827,14.316413748529841,14,11,3.0
2828,35.36059119580998,16,9,3.0
2829,33.78752020996207,16,9,3.0
2830,24.46199561644698,15,10,3.0
2831,35.03674872005119,16,9,3.0
2832,45.422371361052825,17,8,3.0
2833,34.50484539456653,16,9,3.0
2834,24.787584913725173,15,10,3.0
2835,35.11022728547098,16,9,3.0
2836,24.517101284708822,15,10,3.0
2837,45.05351577070089,17,8,3.0
2838,35.72569738859922,16,9,3.0
2839,45.17973791606581,17,8,3.0
2840,13.700138993681513,14,11,3.0
2841,24.576586706219157,15,10,3.0
2842,24.154625713145457,15,10,3.0
2843,34.116645293607455,16,9,3.0
2844,34.65639936156731,16,9,3.0
2845,33.92567570068123,16,9,3.0
2846,24.681538305693245,15,10,3.0
2847,24.86200944013821,15,10,3.0
2848,35.52027952825562,16,9,3.0
2849,45.36141864871398,17,8,3.0
2850,23.736488728147727,15,10,3.0
2851,35.427344253427336,16,9,3.0
2852,25.831398927321885,15,10,3.0
2853,45.18319098182713,17,8,3.0
2854,35.650521447046295,16,9,3.0
2855,45.06389365858364,17,8,3.0
2856,34.76640177479872,16,9,3.0
2857,35.631484222864216,16,9,3.0
2858,45.47248385339552,17,8,3.0
2859,34.11184491250176,16,9,3.0
2860,24.48505576754148,15,10,3.0
2861,35.58370488478404,16,9,3.0
2862,35.2258622463938,16,9,3.0
2863,15.700350174135451,14,11,3.0
2864,35.46702914621619,16,9,3.0
2865,15.038539342798678,14,11,3.0
2866,24.681565163924528,15,10,3.0
2867,25.440316237740756,15,10,3.0
2868,24.37582253252261,15,10,3.0
2869,45.32056448958658,17,8,3.0
2870,35.78670128646985,16,9,3.0
2871,24.48610592580811,15,10,3.0
2872,14.257933658993494,14,11,3.0
2873,33.902182533736024,16,9,3.0
2874,45.38359346383189,17,8,3.0
2875,35.00986588620946,16,9,3.0
2876,33.851600693761235,16,9,3.0
2877,25.110045510990542,15,10,3.0
2878,25.360574020013217,15,10,3.0
2879,15.232291233224078,14,11,3.0
2880,24.94199359629271,15,10,3.0
2881,35.42725410588128,16,9,3.0
2882,25.28133626755502,15,10,3.0
2883,24.801470637699524,15,10,3.0
2884,35.89767535804433,16,9,3.0
2885,25.08114469617655,15,10,3.0
2886,34.02870121351872,16,9,3.0
2887,35.2091415298585,16,9,3.0
2888,35.68835737002448,16,9,3.0
2889,36.15252841867144,16,9,3.0
2890,34.77970727759413,16,9,3.0
2891,35.60369679123455,16,9,3.0
2892,15.054751788862392,14,11,3.0
2893,25.301525496603304,15,10,3.0
2894,33.87564810709328,16,9,3.0
2895,33.65417101705209,16,9,3.0
2896,36.000292850419385,16,9,3.0
2897,24.86656451145583,15,10,3.0
2898,45.082719446134384,17,8,3.0
2899,34.7732970515451,16,9,3.0
2900,46.03464751295738,17,8,3.0
2901,45.41473142839506,17,8,3.0
2902,45.05702516908684,17,8,3.0
2903,25.37807345304793,15,10,3.0
2904,34.99572001939679,16,9,3.0
2905,35.8048689159997,16,9,3.0
2906,44.5936159289259,17,8,3.0
2907,26.119633761754674,15,10,3.0
2908,34.94811411691954,16,9,3.0
2909,34.7010509773117,16,9,3.0
2910,14.421805151245316,14,11,3.0
2911,24.085030399705847,15,10,3.0
2912,14.904588312448212,14,11,3.0
2913,35.85086421154615,16,9,3.0
2914,14.59304523582532,14,11,3.0
2915,15.48471517797648,14,11,3.0
2916,14.240171667551873,14,11,3.0
2917,44.59330414205907,17,8,3.0
2918,45.18990361971874,17,8,3.0
2919,24.3670146337993,15,10,3.0
2920,35.74956685412729,16,9,3.0
2921,25.108310808156794,15,10,3.0
2922,34.74538768694158,16,9,3.0
2923,24.087760803835017,15,10,3.0
2924,34.81289479998124,16,9,3.0
2925,15.332844539295808,14,11,3.0
2926,33.90284680664557,16,9,3.0
2927,34.90895318212853,16,9,3.0
2928,25.121680160107672,15,10,3.0
2929,35.47774601585989,16,9,3.0
2930,34.72278982781012,16,9,3.0
2931,14.773023146977302,14,11,3.0
2932,45.12219397021082,17,8,3.0
2933,44.92681822009434,17,8,3.0
2934,25.685052586272484,15,10,3.0
2935,34.43756107632472,16,9,3.0
2936,34.706944949771724,16,9,3.0
2937,34.778154825002126,16,9,3.0
2938,46.31536582311373,17,8,3.0
2939,35.11825079421926,16,9,3.0
2940,34.813453942817226,16,9,3.0
2941,14.81821670798736,14,11,3.0
2942,34.47109251538296,16,9,3.0
2943,34.12960057423377,16,9,3.0
2944,35.490211559865976,16,9,3.0
2945,35.05166527835496,16,9,3.0
2946,45.29272382109439,17,8,3.0
2947,24.00514944544473,15,10,3.0
2948,35.568725825718104,16,9,3.0
2949,24.359392460601974,15,10,3.0
2950,24.7274146731504,15,10,3.0
2951,24.135403825333878,15,10,3.0
2952,25.28612460322517,15,10,3.0
2953,45.328298591907945,17,8,3.0
2954,34.61610896372574,16,9,3.0
2955,34.19963814890186,16,9,3.0
2956,44.32676498545466,17,8,3.0
2957,35.51041946811025,16,9,3.0
2958,26.538102942786324,15,10,3.0
2959,44.9200611890883,17,8,3.0
2960,35.438805892283696,16,9,3.0
2961,44.23638994388198,17,8,3.0
2962,25.43350431083062,15,10,3.0
2963,35.11008830368092,16,9,3.0
2964,35.16057794992322,16,9,3.0
2965,24.11489924321849,15,10,3.0
2966,35.51316128772117,16,9,3.0
2967,24.078789672839168,15,10,3.0
2968,45.35305471986984,17,8,3.0
2969,34.52722922059731,16,9,3.0
2970,24.44659738752936,15,10,3.0
2971,35.663410288446016,16,9,3.0
2972,34.99131469386081,16,9,3.0
2973,36.59979006887954,16,9,3.0
2974,35.440443822725406,16,9,3.0
2975,44.69322330417055,17,8,3.0
2976,35.05602776901618,16,9,3.0
2977,15.044153026092438,14,11,3.0
2978,34.55579150998151,16,9,3.0
2979,44.9866706546488,17,8,3.0
2980,45.78261318489837,17,8,3.0
2981,34.32348698194058,16,9,3.0
2982,35.45062195420955,16,9,3.0
2983,35.50839156552914,16,9,3.0
2984,24.366840901177028,15,10,3.0
2985,34.999006445991135,16,9,3.0
2986,34.91228738827135,16,9,3.0
2987,45.415951956315745,17,8,3.0
2988,35.481605254266,16,9,3.0
2989,24.392704106005212,15,10,3.0
2990,34.8292068952405,16,9,3.0
2991,14.185140485759726,14,11,3.0
2992,25.227081940167544,15,10,3.0
2993,15.775221557512744,14,11,3.0
2994,23.780837201750977,15,10,3.0
2995,34.79460387656496,16,9,3.0
2996,35.44947058350798,16,9,3.0
2997,25.77567244420137,15,10,3.0
2998,34.787308101773775,16,9,3.0
2999,44.280671304261624,17,8,3.0
3000,24.38053047395183,15,10,3.0
3001,34.3667202489036,16,9,3.0
3002,25.066216004047263,15,10,3.0
3003,15.63202293044127,14,11,3.0
3004,15.492056479049415,14,11,3.0
3005,34.84687545192469,16,9,3.0
3006,25.494883937212062,15,10,3.0
3007,34.72085527813423,16,9,3.0
3008,34.84498460673484,16,9,3.0
3009,34.45922976944728,16,9,3.0
3010,25.141973304538006,15,10,3.0
3011,25.714350007255717,15,10,3.0
3012,26.305150684981047,15,10,3.0
3013,36.0624377093913,16,9,3.0
3014,35.419539523026806,16,9,3.0
3015,24.86391605689617,15,10,3.0
3016,35.71606169934184,16,9,3.0
3017,35.486974173901466,16,9,3.0
3018,45.92331966227134,17,8,3.0
3019,35.88955031847588,16,9,3.0
3020,34.591702375473396,16,9,3.0
3021,35.1885042878322,16,9,3.0
3022,34.7576868797837,16,9,3.0
3023,35.40650440706702,16,9,3.0
3024,35.59178337979793,16,9,3.0
3025,44.582416118393766,17,8,3.0
3026,35.70960403697645,16,9,3.0
3027,35.18821771934932,16,9,3.0
3028,35.233170836500065,16,9,3.0
3029,35.06827043156754,16,9,3.0
3030,46.190044218463285,17,8,3.0
3031,45.45555119184366,17,8,3.0
3032,45.64488523493317,17,8,3.0
3033,36.18380922903354,16,9,3.0
3034,34.341650370330036,16,9,3.0
3035,25.04939652890798,15,10,3.0
3036,45.63328226960862,17,8,3.0
3037,24.856549171453697,15,10,3.0
3038,35.271111891103466,16,9,3.0
3039,35.37372174896657,16,9,3.0
3040,45.15254960100769,17,8,3.0
3041,35.02872786556714,16,9,3.0
3042,16.027096416235203,14,11,3.0
3043,25.704070049344615,15,10,3.0
3044,44.796024398393804,17,8,3.0
3045,35.318574457903146,16,9,3.0
3046,35.40234372498074,16,9,3.0
3047,45.38936308087118,17,8,3.0
3048,35.38614958602561,16,9,3.0
3049,34.23826316086217,16,9,3.0
3050,26.157540814024667,15,10,3.0
3051,35.18790015023857,16,9,3.0
3052,36.0827258962466,16,9,3.0
3053,24.055861085666006,15,10,3.0
3054,15.06010672329941,14,11,3.0
3055,36.280631437250015,16,9,3.0
3056,46.04218000181655,17,8,3.0
3057,45.54986442761788,17,8,3.0
3058,35.03568833066888,16,9,3.0
3059,35.39490823735562,16,9,3.0
3060,35.57482064464067,16,9,3.0
3061,35.40528667000454,16,9,3.0
3062,36.31686571998686,16,9,3.0
3063,35.85890873415917,16,9,3.0
3064,34.33317457670018,16,9,3.0
3065,25.53576591685765,15,10,3.0
3066,25.39051101345123,15,10,3.0
3067,34.513654960897725,16,9,3.0
3068,34.80922277862653,16,9,3.0
3069,24.163984440730378,15,10,3.0
3070,44.96330825388265,17,8,3.0
3071,34.6235414562053,16,9,3.0
3072,34.26329620501398,16,9,3.0
3073,34.685773516521124,16,9,3.0
3074,25.100428938523173,15,10,3.0
3075,35.49680066193467,16,9,3.0
3076,25.368179916975592,15,10,3.0
3077,45.32967089850595,17,8,3.0
3078,45.80824488862747,17,8,3.0
3079,35.52017950638933,16,9,3.0
3080,45.28863159843107,17,8,3.0
3081,26.020612731714433,15,10,3.0
3082,35.383716207610085,16,9,3.0
3083,35.50579645035622,16,9,3.0
3084,34.595338020283634,16,9,3.0
3085,34.88332033085749,16,9,3.0
3086,45.31827992535888,17,8,3.0
3087,25.191798095038244,15,10,3.0
3088,25.639169607478586,15,10,3.0
3089,15.007792710413447,14,11,3.0
3090,35.421747780225196,16,9,3.0
3091,4.790429129689219,13,12,3.0
3092,13.978996667711181,14,11,3.0
3093,25.064276104433333,15,10,3.0
3094,5.750363180051152,13,12,3.0
3095,14.85544582115003,14,11,3.0
3096,34.65418133213327,16,9,3.0
3097,34.7751604707554,16,9,3.0
3098,46.599865646688116,17,8,3.0
3099,14.564188919445685,14,11,3.0
3100,34.993077703852805,16,9,3.0
3101,15.109302927944954,14,11,3.0
3102,35.676648016222494,16,9,3.0
3103,25.46768796153625,15,10,3.0
3104,35.07294745243192,16,9,3.0
3105,34.20129414067504,16,9,3.0
3106,35.38322344202404,16,9,3.0
3107,46.11632451847443,17,8,3.0
3108,15.373724189281653,14,11,3.0
3109,35.32170530099043,16,9,3.0
3110,25.467770876825135,15,10,3.0
3111,44.95156113841007,17,8,3.0
3112,46.18201541296804,17,8,3.0
3113,35.1556038308247,16,9,3.0
3114,26.57105702094726,15,10,3.0
3115,45.80214721103016,17,8,3.0
3116,24.5324530237139,15,10,3.0
3117,34.40231375067949,16,9,3.0
3118,25.32528080668851,15,10,3.0
3119,45.181053901070044,17,8,3.0
3120,15.924206208205508,14,11,3.0
3121,35.36497217814808,16,9,3.0
3122,46.069229143154836,17,8,3.0
3123,24.821058143857133,15,10,3.0
3124,45.90143205297011,17,8,3.0
3125,15.656632091362699,14,11,3.0
3126,44.875381903361465,17,8,3.0
3127,25.869020166928145,15,10,3.0
3128,25.542605352962415,15,10,3.0
3129,45.355515274501805,17,8,3.0
3130,25.252928151960667,15,10,3.0
3131,24.990235255773584,15,10,3.0
3132,15.220294811552149,14,11,3.0
3133,35.507373243579586,16,9,3.0
3134,4.072950924579992,13,12,3.0
3135,35.8399750916911,16,9,3.0
3136,25.050342663257872,15,10,3.0
3137,26.009300252256722,15,10,3.0
3138,35.272107356729485,16,9,3.0
3139,24.981484535481677,15,10,3.0
3140,35.97345482311782,16,9,3.0
3141,5.143138599957148,13,12,3.0
3142,45.19238261871828,17,8,3.0
3143,24.780221534181862,15,10,3.0
3144,35.996787166424326,16,9,3.0
3145,35.04894876610866,16,9,3.0
3146,44.681028976129426,17,8,3.0
3147,45.71964542361021,17,8,3.0
3148,35.29721289346648,16,9,3.0
3149,25.03227722604708,15,10,3.0
3150,34.831002072169746,16,9,3.0
3151,15.567398452653006,14,11,3.0
3152,24.91900271163937,15,10,3.0
3153,35.547211009200794,16,9,3.0
3154,35.134638871816996,16,9,3.0
3155,35.779624911837494,16,9,3.0
3156,35.57658510997179,16,9,3.0
3157,14.985215960182007,14,11,3.0
3158,26.188872581826487,15,10,3.0
3159,35.51384889088756,16,9,3.0
3160,36.70333869871936,16,9,3.0
3161,44.461577863533556,17,8,3.0
3162,45.7447900390617,17,8,3.0
3163,35.56924940802274,16,9,3.0
3164,24.85988967475656,15,10,3.0
3165,45.911847127228505,17,8,3.0
3166,45.75278949750087,17,8,3.0
3167,44.860014512815965,17,8,3.0
3168,24.601541782905752,15,10,3.0
3169,35.70168485566824,16,9,3.0
3170,25.789849292371553,15,10,3.0
3171,24.535553560393996,15,10,3.0
3172,45.02001594172207,17,8,3.0
3173,25.643997573612015,15,10,3.0
3174,14.201730657930124,14,11,3.0
3175,35.75462652188621,16,9,3.0
3176,34.71509932188399,16,9,3.0
3177,24.793924653033276,15,10,3.0
3178,35.53325131592858,16,9,3.0
3179,44.2351987440598,17,8,3.0
3180,35.79811207786174,16,9,3.0
3181,45.97235491739033,17,8,3.0
3182,45.464080180421085,17,8,3.0
3183,35.91729869988621,16,9,3.0
3184,35.606595666366346,16,9,3.0
3185,35.730365373380096,16,9,3.0
3186,45.319886530141694,17,8,3.0
3187,24.471034665645828,15,10,3.0
3188,34.791757339100286,16,9,3.0
3189,24.97901601004396,15,10,3.0
3190,25.968987111928737,15,10,3.0
3191,45.20539848039496,17,8,3.0
3192,25.296295369739234,15,10,3.0
3193,34.66874265420734,16,9,3.0
3194,25.871835113864552,15,10,3.0
3195,26.302557840734913,15,10,3.0
3196,5.740762500671126,13,12,3.0
3197,24.325049475020457,15,10,3.0
3198,24.64333289917097,15,10,3.0
3199,35.02840390400747,16,9,3.0
3200,34.95429595421398,16,9,3.0
3201,35.32365292441484,16,9,3.0
3202,25.958931446514693,15,10,3.0
3203,35.85269210018817,16,9,3.0
3204,35.339446244807895,16,9,3.0
3205,45.73176811200219,17,8,3.0
3206,34.53841327856943,16,9,3.0
3207,24.903819441024613,15,10,3.0
3208,24.65376600515632,15,10,3.0
3209,34.459086201601814,16,9,3.0
3210,45.63862247404916,17,8,3.0
3211,34.985840270806165,16,9,3.0
3212,35.87196147415783,16,9,3.0
3213,25.26878460952078,15,10,3.0
3214,24.849154793134268,15,10,3.0
3215,25.840687420191045,15,10,3.0
3216,34.77203733907807,16,9,3.0
3217,45.45885161621222,17,8,3.0
3218,36.026757360332155,16,9,3.0
3219,36.751982889506195,16,9,3.0
3220,16.43225284896134,14,11,3.0
3221,45.21415948488,17,8,3.0
3222,25.18021965347022,15,10,3.0
3223,35.73664928701545,16,9,3.0
3224,24.79599807563941,15,10,3.0
3225,35.09592765628534,16,9,3.0
3226,45.304287870111644,17,8,3.0
3227,35.76528769279717,16,9,3.0
3228,25.532209876293773,15,10,3.0
3229,35.675148582008944,16,9,3.0
3230,25.048605804440733,15,10,3.0
3231,26.09390873574027,15,10,3.0
3232,35.08978979598498,16,9,3.0
3233,46.54217111623434,17,8,3.0
3234,24.568631850507614,15,10,3.0
3235,35.564056455507355,16,9,3.0
3236,25.496223883025998,15,10,3.0
3237,15.148488072873633,14,11,3.0
3238,25.584949175815005,15,10,3.0
3239,36.103073344754954,16,9,3.0
3240,36.18834050860882,16,9,3.0
3241,36.4224486650019,16,9,3.0
3242,25.54017485719634,15,10,3.0
3243,35.84313564517301,16,9,3.0
3244,35.967827194948974,16,9,3.0
3245,16.40417718658514,14,11,3.0
3246,14.055541077062772,14,11,3.0
3247,35.27394834834275,16,9,3.0
3248,35.26901652966375,16,9,3.0
3249,35.45365897939128,16,9,3.0
3250,25.482797192069917,15,10,3.0
3251,24.988976177382913,15,10,3.0
3252,25.15647025458686,15,10,3.0
3253,25.474268470258036,15,10,3.0
3254,25.482400306017222,15,10,3.0
3255,35.044537852978735,16,9,3.0
3256,25.782067134369015,15,10,3.0
3257,36.25788844949181,16,9,3.0
3258,35.98678343000102,16,9,3.0
3259,14.692037233548207,14,11,3.0
3260,26.613223947558012,15,10,3.0
3261,36.14771498234974,16,9,3.0
3262,24.962615199999036,15,10,3.0
3263,35.499380097526256,16,9,3.0
3264,35.997820441409566,16,9,3.0
3265,35.562939401225115,16,9,3.0
3266,36.399582899123615,16,9,3.0
3267,36.19143840579896,16,9,3.0
3268,25.01713892899693,15,10,3.0
3269,35.40688364986722,16,9,3.0
3270,55.48863334260642,18,7,3.0
3271,35.86051070522618,16,9,3.0
3272,35.716334238796904,16,9,3.0
3273,34.320351476533965,16,9,3.0
3274,45.31963058759195,17,8,3.0
3275,15.850118388238325,14,11,3.0
3276,45.99303546096328,17,8,3.0
3277,45.72468793478716,17,8,3.0
3278,25.282105729519728,15,10,3.0
3279,25.755632003180384,15,10,3.0
3280,24.905332233289307,15,10,3.0
3281,36.06606979154727,16,9,3.0
3282,46.89692583620111,17,8,3.0
3283,35.89302319205252,16,9,3.0
3284,16.117754627121286,14,11,3.0
3285,46.34253342135219,17,8,3.0
3286,45.45852750744089,17,8,3.0
3287,36.08482715359246,16,9,3.0
3288,35.38156599058776,16,9,3.0
3289,34.8738976461516,16,9,3.0
3290,35.16214960683399,16,9,3.0
3291,46.022581327237795,17,8,3.0
3292,46.42877242127695,17,8,3.0
3293,35.46684185920199,16,9,3.0
3294,36.449504983118985,16,9,3.0
3295,35.29723723685382,16,9,3.0
3296,36.013189421597815,16,9,3.0
3297,35.511382031797666,16,9,3.0
3298,55.13810279357456,18,7,3.0
3299,36.85438627622507,16,9,3.0
3300,35.82745293520502,16,9,3.0
3301,36.56384422159434,16,9,3.0
3302,45.877566469632434,17,8,3.0
3303,35.81080027055282,16,9,3.0
3304,45.79956024902577,17,8,3.0
3305,46.24187593879871,17,8,3.0
3306,36.782077776299474,16,9,3.0
3307,35.44861100612473,16,9,3.0
3308,35.39537424304424,16,9,3.0
3309,45.470574794863865,17,8,3.0
3310,25.846902647755883,15,10,3.0
3311,45.43088533948665,17,8,3.0
3312,36.433831703993654,16,9,3.0
3313,45.80669483873211,17,8,3.0
3314,35.410763419261556,16,9,3.0
3315,44.746566550036235,17,8,3.0
3316,34.843109597577616,16,9,3.0
3317,36.45410605448753,16,9,3.0
3318,46.68978672893641,17,8,3.0
3319,26.26070785199322,15,10,3.0
3320,35.94319655086958,16,9,3.0
3321,35.70743354694093,16,9,3.0
3322,35.63493659669247,16,9,3.0
3323,35.65116934731563,16,9,3.0
3324,45.70615066665656,17,8,3.0
3325,35.28879463335799,16,9,3.0
3326,35.98556382778987,16,9,3.0
3327,35.242284672903274,16,9,3.0
3328,24.713251382015734,15,10,3.0
3329,45.97084966014366,17,8,3.0
3330,44.64253014393155,17,8,3.0
3331,34.91826873217155,16,9,3.0
3332,35.62108267911953,16,9,3.0
3333,24.90377111794432,15,10,3.0
3334,45.866950885120204,17,8,3.0
3335,35.39137236836913,16,9,3.0
3336,36.26259242674959,16,9,3.0
3337,35.513036823295494,16,9,3.0
3338,35.22204498096887,16,9,3.0
3339,15.652225075138265,14,11,3.0
3340,35.53447804180648,16,9,3.0
3341,26.63327601223702,15,10,3.0
3342,25.696410842938764,15,10,3.0
3343,45.40156344581235,17,8,3.0
3344,35.80318309935783,16,9,3.0
3345,35.4517488311826,16,9,3.0
3346,35.74090328163128,16,9,3.0
3347,35.77254323674488,16,9,3.0
3348,45.374585989070916,17,8,3.0
3349,45.50165894447093,17,8,3.0
3350,15.929197104945283,14,11,3.0
3351,25.01926735169519,15,10,3.0
3352,35.801027339408705,16,9,3.0
3353,34.991098962277405,16,9,3.0
3354,46.02757780960133,17,8,3.0
3355,35.93000653575575,16,9,3.0
3356,36.459325821720945,16,9,3.0
3357,46.00861031697554,17,8,3.0
3358,36.13886953584754,16,9,3.0
3359,36.36435253727534,16,9,3.0
3360,15.901569827709244,14,11,3.0
3361,35.82442838363447,16,9,3.0
3362,46.23686472982774,17,8,3.0
3363,35.74993558019322,16,9,3.0
3364,46.22814260506915,17,8,3.0
3365,35.257219732967165,16,9,3.0
3366,25.8980359942098,15,10,3.0
3367,45.425110540635444,17,8,3.0
3368,45.328038523484835,17,8,3.0
3369,26.30920759766257,15,10,3.0
3370,35.52639306059933,16,9,3.0
3371,36.01965282123243,16,9,3.0
3372,25.490102073338544,15,10,3.0
3373,35.00404436643026,16,9,3.0
3374,35.67083251945946,16,9,3.0
3375,24.765552273265417,15,10,3.0
3376,35.34569923230697,16,9,3.0
3377,35.96971808540117,16,9,3.0
3378,45.33233496265824,17,8,3.0
3379,45.50934509413251,17,8,3.0
3380,36.20753739691462,16,9,3.0
3381,24.934903232014648,15,10,3.0
3382,35.33101460451846,16,9,3.0
3383,45.13788871407148,17,8,3.0
3384,25.42821207441947,15,10,3.0
3385,34.87111522159815,16,9,3.0
3386,36.647371029239075,16,9,3.0
3387,45.12534885818272,17,8,3.0
3388,36.05663195187886,16,9,3.0
3389,25.51593793856452,15,10,3.0
3390,46.087773744898676,17,8,3.0
3391,36.48749749089573,16,9,3.0
3392,35.213714900277076,16,9,3.0
3393,46.271177520762976,17,8,3.0
3394,25.538410931658014,15,10,3.0
3395,36.0607681151226,16,9,3.0
3396,45.630230286255106,17,8,3.0
3397,35.94883807231327,16,9,3.0
3398,25.449643576273527,15,10,3.0
3399,24.74832057750151,15,10,3.0
3400,35.323167335354924,16,9,3.0
3401,35.736698536996286,16,9,3.0
3402,35.576079144106195,16,9,3.0
3403,44.80057679525237,17,8,3.0
3404,45.48632669947561,17,8,3.0
3405,46.67054901799338,17,8,3.0
3406,25.573831071921177,15,10,3.0
3407,35.34946818103353,16,9,3.0
3408,45.72474070507508,17,8,3.0
3409,26.784987150251684,15,10,3.0
3410,35.818146873932925,16,9,3.0
3411,25.146691808957282,15,10,3.0
3412,35.41445567656633,16,9,3.0
3413,35.502959312228015,16,9,3.0
3414,25.86261452230294,15,10,3.0
3415,25.35806047488044,15,10,3.0
3416,45.02113223098562,17,8,3.0
3417,15.56017144573006,14,11,3.0
3418,34.90076329582085,16,9,3.0
3419,15.011243377055603,14,11,3.0
3420,25.72451995869985,15,10,3.0
3421,25.072053739175477,15,10,3.0
3422,25.588148981313452,15,10,3.0
3423,45.33996215682604,17,8,3.0
3424,26.073926713751096,15,10,3.0
3425,35.270596351401785,16,9,3.0
3426,36.24575112443217,16,9,3.0
3427,35.660084077051316,16,9,3.0
3428,35.61294430023883,16,9,3.0
3429,35.88253823018595,16,9,3.0
3430,36.188065615256335,16,9,3.0
3431,35.494008684693306,16,9,3.0
3432,35.345922061781216,16,9,3.0
3433,35.28314863546626,16,9,3.0
3434,45.536851305488725,17,8,3.0
3435,35.76369793212117,16,9,3.0
3436,25.19630224245043,15,10,3.0
3437,45.617184883852055,17,8,3.0
3438,24.184446767203987,15,10,3.0
3439,34.262503751954725,16,9,3.0
3440,35.89288410619207,16,9,3.0
3441,34.57949591252694,16,9,3.0
3442,35.31175330501627,16,9,3.0
3443,26.13159177936185,15,10,3.0
3444,35.72772439093776,16,9,3.0
3445,25.93669176797739,15,10,3.0
3446,35.47232185823858,16,9,3.0
3447,35.65424984783434,16,9,3.0
3448,35.355391544354454,16,9,3.0
3449,35.64738397181945,16,9,3.0
3450,15.601174109448678,14,11,3.0
3451,25.307248715226038,15,10,3.0
3452,45.67134119954882,17,8,3.0
3453,36.609186804886335,16,9,3.0
3454,35.60652079961412,16,9,3.0
3455,34.935006103753814,16,9,3.0
3456,45.73837192167403,17,8,3.0
3457,35.68345769546067,16,9,3.0
3458,45.39745412039295,17,8,3.0
3459,35.32183332476312,16,9,3.0
3460,35.41424314148721,16,9,3.0
3461,35.91689570572816,16,9,3.0
3462,35.58215183004036,16,9,3.0
3463,35.49770530553558,16,9,3.0
3464,35.510277156900486,16,9,3.0
3465,25.59167699973262,15,10,3.0
3466,36.063324632713176,16,9,3.0
3467,35.005423185271106,16,9,3.0
3468,15.02316190024815,14,11,3.0
3469,35.60122303557837,16,9,3.0
3470,25.50256778278967,15,10,3.0
3471,26.320938595862778,15,10,3.0
3472,35.337512294966636,16,9,3.0
3473,25.432170758618334,15,10,3.0
3474,46.075142966322254,17,8,3.0
3475,35.30592153738217,16,9,3.0
3476,45.81601813883788,17,8,3.0
3477,35.56892416108447,16,9,3.0
3478,24.329642508932096,15,10,3.0
3479,35.395090758048205,16,9,3.0
3480,24.684142941958015,15,10,3.0
3481,45.643948089725136,17,8,3.0
3482,45.36404081655052,17,8,3.0
3483,34.607211939298224,16,9,3.0
3484,25.688899822841318,15,10,3.0
3485,25.276742682800663,15,10,3.0
3486,25.468147045609463,15,10,3.0
3487,34.99217960380327,16,9,3.0
3488,35.31211015246106,16,9,3.0
3489,35.102700905576526,16,9,3.0
3490,45.54404882220143,17,8,3.0
3491,24.196618777367952,15,10,3.0
3492,26.470107271075058,15,10,3.0
3493,26.306360254969306,15,10,3.0
3494,34.869488571820725,16,9,3.0
3495,35.55274764611009,16,9,3.0
3496,35.47675266760043,16,9,3.0
3497,45.351892582162385,17,8,3.0
3498,35.18804738007588,16,9,3.0
3499,35.88400546420553,16,9,3.0
3500,35.57895524377454,16,9,3.0
3501,25.244058130188108,15,10,3.0
3502,25.27903717359411,15,10,3.0
3503,25.88981096257131,15,10,3.0
3504,46.633407001574206,17,8,3.0
3505,35.903521638092855,16,9,3.0
3506,24.70374049872074,15,10,3.0
3507,35.78988042552541,16,9,3.0
3508,45.823706981648925,17,8,3.0
3509,35.05869109376212,16,9,3.0
3510,35.38184905074932,16,9,3.0
3511,35.40137228798099,16,9,3.0
3512,24.6426169403742,15,10,3.0
3513,25.826635496796772,15,10,3.0
3514,45.106786953713254,17,8,3.0
3515,25.50090580108315,15,10,3.0
3516,25.532795212654772,15,10,3.0
3517,46.48036643061566,17,8,3.0
3518,25.79746753186314,15,10,3.0
3519,25.142514304104868,15,10,3.0
3520,35.01915037386285,16,9,3.0
3521,36.1902076834932,16,9,3.0
3522,45.509082282703524,17,8,3.0
3523,35.87337435310239,16,9,3.0
3524,34.96679897319055,16,9,3.0
3525,26.096480821420425,15,10,3.0
3526,36.39343473994337,16,9,3.0
3527,35.02866956770505,16,9,3.0
3528,26.505075369223565,15,10,3.0
3529,25.70897944735811,15,10,3.0
3530,25.752525934557703,15,10,3.0
3531,34.44403348116444,16,9,3.0
3532,45.90534921666267,17,8,3.0
3533,25.368444566564698,15,10,3.0
3534,45.87477496372621,17,8,3.0
3535,45.7668760786033,17,8,3.0
3536,36.23487810389484,16,9,3.0
3537,36.14857904037022,16,9,3.0
3538,26.044899813596064,15,10,3.0
3539,46.02125731431542,17,8,3.0
3540,35.56927311602665,16,9,3.0
3541,26.05757728526013,15,10,3.0
3542,35.447431972776464,16,9,3.0
3543,46.46351813047413,17,8,3.0
3544,35.43424407439878,16,9,3.0
3545,35.498190876118535,16,9,3.0
3546,15.529606548924416,14,11,3.0
3547,25.30028268698868,15,10,3.0
3548,45.98308898689635,17,8,3.0
3549,46.90732503831902,17,8,3.0
3550,36.21493130126393,16,9,3.0
3551,46.62964594781629,17,8,3.0
3552,34.91081979688042,16,9,3.0
3553,36.171139143018024,16,9,3.0
3554,46.52825966947022,17,8,3.0
3555,25.487778971464365,15,10,3.0
3556,25.047755844267975,15,10,3.0
3557,45.7486035918362,17,8,3.0
3558,25.62484356076206,15,10,3.0
3559,34.89153094937957,16,9,3.0
3560,46.45216286033827,17,8,3.0
3561,35.708395537732954,16,9,3.0
3562,36.143309055716315,16,9,3.0
3563,25.26607638390868,15,10,3.0
3564,45.19571752661986,17,8,3.0
3565,36.192406081412734,16,9,3.0
3566,36.33519808534207,16,9,3.0
3567,25.11983228582219,15,10,3.0
3568,35.65382404994439,16,9,3.0
3569,46.247638704796316,17,8,3.0
3570,46.11952033392103,17,8,3.0
3571,15.667525059729789,14,11,3.0
3572,35.15225605995808,16,9,3.0
3573,35.016804591928164,16,9,3.0
3574,35.459871725952716,16,9,3.0
3575,16.201760834949276,14,11,3.0
3576,36.228386372352176,16,9,3.0
3577,36.04329721321403,16,9,3.0
3578,14.956095900937692,14,11,3.0
3579,35.60184752410534,16,9,3.0
3580,15.548019243984305,14,11,3.0
3581,16.31074835570154,14,11,3.0
3582,35.511827499803395,16,9,3.0
3583,46.408730116634004,17,8,3.0
3584,15.337881223362517,14,11,3.0
3585,35.7602091026643,16,9,3.0
3586,15.201667125994215,14,11,3.0
3587,46.48591167077144,17,8,3.0
3588,36.1285269252607,16,9,3.0
3589,25.859262310244937,15,10,3.0
3590,45.75503401009579,17,8,3.0
3591,26.295639665459703,15,10,3.0
3592,25.59325809235207,15,10,3.0
3593,45.84802412181635,17,8,3.0
3594,35.928825152451694,16,9,3.0
3595,24.397491714457832,15,10,3.0
3596,15.86690794894922,14,11,3.0
3597,25.727743206358298,15,10,3.0
3598,25.681815364003135,15,10,3.0
3599,34.870367107578005,16,9,3.0
3600,25.08006164897152,15,10,3.0
3601,34.894731911070465,16,9,3.0
3602,36.029536418461774,16,9,3.0
3603,36.188522086446,16,9,3.0
3604,15.005278294736895,14,11,3.0
3605,45.989943206248256,17,8,3.0
3606,46.11536372483687,17,8,3.0
3607,25.540019575100594,15,10,3.0
3608,45.53787580419327,17,8,3.0
3609,35.26795356286353,16,9,3.0
3610,35.734393542498125,16,9,3.0
3611,36.169310448089114,16,9,3.0
3612,35.82216718034339,16,9,3.0
3613,45.81162328727439,17,8,3.0
3614,25.906667728191266,15,10,3.0
3615,35.306682612365655,16,9,3.0
3616,35.631602611394676,16,9,3.0
3617,34.82804203098955,16,9,3.0
3618,45.701590575184696,17,8,3.0
3619,25.802617970786212,15,10,3.0
3620,35.065373092684695,16,9,3.0
3621,24.905866594895727,15,10,3.0
3622,6.258805245996973,13,12,3.0
3623,36.11220468693867,16,9,3.0
3624,35.46240743593111,16,9,3.0
3625,36.22866216974284,16,9,3.0
3626,35.20632816726757,16,9,3.0
3627,35.817441618432355,16,9,3.0
3628,36.040725776062224,16,9,3.0
3629,45.70534544896208,17,8,3.0
3630,46.797914855163626,17,8,3.0
3631,35.53707906933335,16,9,3.0
3632,34.81618470484149,16,9,3.0
3633,45.59470779837116,17,8,3.0
3634,45.945205042170386,17,8,3.0
3635,36.05735354311264,16,9,3.0
3636,36.011570946301866,16,9,3.0
3637,25.609106896022833,15,10,3.0
3638,36.59613630378664,16,9,3.0
3639,46.61914035970302,17,8,3.0
3640,15.839334822340163,14,11,3.0
3641,26.358725284800666,15,10,3.0
3642,35.335001140637466,16,9,3.0
3643,35.08134897528348,16,9,3.0
3644,26.133394148336464,15,10,3.0
3645,16.01910166073604,14,11,3.0
3646,36.28768102070729,16,9,3.0
3647,25.256064123728496,15,10,3.0
3648,45.881674735445145,17,8,3.0
3649,24.682599322987432,15,10,3.0
3650,45.2030886463685,17,8,3.0
3651,35.04576425227041,16,9,3.0
3652,26.24318329810726,15,10,3.0
3653,16.148835921452054,14,11,3.0
3654,35.63277471040299,16,9,3.0
3655,34.630369432611914,16,9,3.0
3656,45.692172818143156,17,8,3.0
3657,46.359954350539354,17,8,3.0
3658,45.48197059169399,17,8,3.0
3659,35.34629527192367,16,9,3.0
3660,46.192885037686395,17,8,3.0
3661,25.07701651312103,15,10,3.0
3662,36.32411666847804,16,9,3.0
3663,35.22212146240649,16,9,3.0
3664,25.220108159248575,15,10,3.0
3665,35.613980110346134,16,9,3.0
3666,45.628703458513726,17,8,3.0
3667,45.35398829528601,17,8,3.0
3668,35.47119278220773,16,9,3.0
3669,36.05161651046136,16,9,3.0
3670,24.889903486146544,15,10,3.0
3671,25.431453329675296,15,10,3.0
3672,45.44443138646008,17,8,3.0
3673,45.36758595494388,17,8,3.0
3674,45.5442345890961,17,8,3.0
3675,35.78430111528431,16,9,3.0
3676,25.87270797692429,15,10,3.0
3677,35.19640263862257,16,9,3.0
3678,35.207553450445225,16,9,3.0
3679,35.507432442893965,16,9,3.0
3680,35.76803923379494,16,9,3.0
3681,25.622093524846125,15,10,3.0
3682,26.24414091777964,15,10,3.0
3683,46.36571357345659,17,8,3.0
3684,25.337184595107527,15,10,3.0
3685,26.248226888857317,15,10,3.0
3686,35.36647271305117,16,9,3.0
3687,35.0332163079302,16,9,3.0
3688,25.844765112862746,15,10,3.0
3689,35.40726557713029,16,9,3.0
3690,46.32373293944781,17,8,3.0
3691,45.702864294288524,17,8,3.0
3692,45.61725094532467,17,8,3.0
3693,36.57667083522418,16,9,3.0
3694,25.264906139423992,15,10,3.0
3695,25.90033799612847,15,10,3.0
3696,25.236786838046594,15,10,3.0
3697,35.44107899569732,16,9,3.0
3698,45.10679531947026,17,8,3.0
3699,25.786644503976483,15,10,3.0
3700,45.405978450467785,17,8,3.0
3701,45.76097518136865,17,8,3.0
3702,25.353494039702873,15,10,3.0
3703,35.182632418833066,16,9,3.0
3704,45.787170314567135,17,8,3.0
3705,25.940637685692522,15,10,3.0
3706,36.35667089823632,16,9,3.0
3707,15.707649054747211,14,11,3.0
3708,45.447285835712215,17,8,3.0
3709,45.705551949977846,17,8,3.0
3710,25.620108571167812,15,10,3.0
3711,35.85895224421425,16,9,3.0
3712,34.76215528114606,16,9,3.0
3713,35.49877696203251,16,9,3.0
3714,35.7992726617393,16,9,3.0
3715,35.85089307457629,16,9,3.0
3716,24.24429311652341,15,10,3.0
3717,25.372620698344342,15,10,3.0
3718,16.126906688866427,14,11,3.0
3719,26.011109471531253,15,10,3.0
3720,36.46092825986345,16,9,3.0
3721,35.12902099413923,16,9,3.0
3722,36.48751302819848,16,9,3.0
3723,45.88320617623159,17,8,3.0
3724,35.41600367909579,16,9,3.0
3725,45.48070505726778,17,8,3.0
3726,46.493771878234185,17,8,3.0
3727,26.88918398976402,15,10,3.0
3728,36.33616487648651,16,9,3.0
3729,45.66414042878538,17,8,3.0
3730,35.40661356633256,16,9,3.0
3731,15.599495023025284,14,11,3.0
3732,36.525039014140674,16,9,3.0
3733,24.912708738539706,15,10,3.0
3734,35.56129810551336,16,9,3.0
3735,34.36878655821216,16,9,3.0
3736,35.490081815485,16,9,3.0
3737,36.358761337334606,16,9,3.0
3738,45.887943333081076,17,8,3.0
3739,25.68658499938304,15,10,3.0
3740,36.00307920730134,16,9,3.0
3741,25.397764077034683,15,10,3.0
3742,26.084174151723612,15,10,3.0
3743,35.27374475333,16,9,3.0
3744,25.64025633309266,15,10,3.0
3745,46.00806073217326,17,8,3.0
3746,46.25425248445161,17,8,3.0
3747,45.41591491915767,17,8,3.0
3748,36.28255763256649,16,9,3.0
3749,36.270508235858365,16,9,3.0
3750,24.68408408915766,15,10,3.0
3751,26.103287790085282,15,10,3.0
3752,35.58499703917208,16,9,3.0
3753,36.05770258923875,16,9,3.0
3754,46.87652700870567,17,8,3.0
3755,16.917025402609944,14,11,3.0
3756,25.386596357099066,15,10,3.0
3757,25.16517976071292,15,10,3.0
3758,35.96769731425565,16,9,3.0
3759,15.223361551423448,14,11,3.0
3760,44.773346555300435,17,8,3.0
3761,16.119989821154988,14,11,3.0
3762,26.053784947047443,15,10,3.0
3763,36.212411321098315,16,9,3.0
3764,26.083898269017922,15,10,3.0
3765,36.25330009240378,16,9,3.0
3766,25.47913463004926,15,10,3.0
3767,37.28907718001325,16,9,3.0
3768,45.16436757725776,17,8,3.0
3769,45.91890460066658,17,8,3.0
3770,36.05787817625768,16,9,3.0
3771,35.92878346970911,16,9,3.0
3772,45.709081145692245,17,8,3.0
3773,35.18635468373004,16,9,3.0
3774,25.055584217614836,15,10,3.0
3775,35.26866240887048,16,9,3.0
3776,36.15927458507956,16,9,3.0
3777,46.0567614223813,17,8,3.0
3778,25.21493521081394,15,10,3.0
3779,26.29598400191394,15,10,3.0
3780,46.184885458014776,17,8,3.0
3781,36.03701313117384,16,9,3.0
3782,24.86934799159022,15,10,3.0
3783,35.87161949892603,16,9,3.0
3784,35.70055499455136,16,9,3.0
3785,34.919461897010095,16,9,3.0
3786,36.35992944768996,16,9,3.0
3787,15.879400058682013,14,11,3.0
3788,25.102614339357523,15,10,3.0
3789,25.540372904147365,15,10,3.0
3790,34.9894459041079,16,9,3.0
3791,44.909086713695906,17,8,3.0
3792,25.658058205344837,15,10,3.0
3793,45.41942404356422,17,8,3.0
3794,35.03226736079867,16,9,3.0
3795,35.4663119302043,16,9,3.0
3796,46.22469990338874,17,8,3.0
3797,36.38078200218652,16,9,3.0
3798,35.1930458095458,16,9,3.0
3799,35.235085029255174,16,9,3.0
3800,25.687917002934107,15,10,3.0
3801,36.00726540418313,16,9,3.0
3802,35.581720303600605,16,9,3.0
3803,14.588407099076102,14,11,3.0
3804,25.75527168729417,15,10,3.0
3805,44.86723186890297,17,8,3.0
3806,35.41126536514785,16,9,3.0
3807,35.593080168215636,16,9,3.0
3808,44.625747449981674,17,8,3.0
3809,35.61553140243851,16,9,3.0
3810,26.03556520560476,15,10,3.0
3811,25.85347829486918,15,10,3.0
3812,35.15494799928145,16,9,3.0
3813,46.209095675602306,17,8,3.0
3814,35.821782408403905,16,9,3.0
3815,45.679298232752615,17,8,3.0
3816,44.68413818123118,17,8,3.0
3817,15.527488170642426,14,11,3.0
3818,45.984267723370735,17,8,3.0
3819,25.45326789594635,15,10,3.0
3820,45.5453643337682,17,8,3.0
3821,37.06131231152544,16,9,3.0
3822,46.10976031850839,17,8,3.0
3823,16.241379360673022,14,11,3.0
3824,-5.299646538029976,12,13,3.0
3825,35.50489179989809,16,9,3.0
3826,35.97278140656917,16,9,3.0
3827,46.20016124015248,17,8,3.0
3828,25.197812637177293,15,10,3.0
3829,35.29716632024019,16,9,3.0
3830,16.16117921917537,14,11,3.0
3831,45.81238942636087,17,8,3.0
3832,35.54589409730151,16,9,3.0
3833,15.721124664897708,14,11,3.0
3834,26.09702694953713,15,10,3.0
3835,35.81823204155243,16,9,3.0
3836,25.355319254358175,15,10,3.0
3837,34.94986962111652,16,9,3.0
3838,36.06101743301806,16,9,3.0
3839,36.04715549006945,16,9,3.0
3840,35.15203065460735,16,9,3.0
3841,35.89586948760772,16,9,3.0
3842,34.95916885818287,16,9,3.0
3843,35.91541499343154,16,9,3.0
3844,34.930071089618735,16,9,3.0
3845,25.625384266449636,15,10,3.0
3846,25.061950062428554,15,10,3.0
3847,15.77396945306897,14,11,3.0
3848,26.26447247487712,15,10,3.0
3849,25.462314323003582,15,10,3.0
3850,45.42591281658712,17,8,3.0
3851,45.32808778676472,17,8,3.0
3852,46.44840623913903,17,8,3.0
3853,36.16499932191168,16,9,3.0
3854,25.290751036812516,15,10,3.0
3855,35.340285969633015,16,9,3.0
3856,35.515835323858646,16,9,3.0
3857,44.740476792160834,17,8,3.0
3858,26.740458246388908,15,10,3.0
3859,24.842921686346198,15,10,3.0
3860,35.57430279472548,16,9,3.0
3861,36.31566160892265,16,9,3.0
3862,35.7410644814276,16,9,3.0
3863,35.13710275659738,16,9,3.0
3864,35.480577956981136,16,9,3.0
3865,24.81686109108233,15,10,3.0
3866,35.06522591306158,16,9,3.0
3867,35.64453535509071,16,9,3.0
3868,35.113404209668765,16,9,3.0
3869,45.44202053138735,17,8,3.0
3870,35.08313932010995,16,9,3.0
3871,25.11635520389973,15,10,3.0
3872,35.35485567516819,16,9,3.0
3873,25.587913378310322,15,10,3.0
3874,35.62883102077649,16,9,3.0
3875,25.123490498013666,15,10,3.0
3876,25.514891822287943,15,10,3.0
3877,36.33471548980519,16,9,3.0
3878,27.00889847065374,15,10,3.0
3879,34.95301738094524,16,9,3.0
3880,46.43343389478316,17,8,3.0
3881,45.91374767305352,17,8,3.0
3882,46.08577919124147,17,8,3.0
3883,16.014840375567914,14,11,3.0
3884,35.74664931370272,16,9,3.0
3885,35.520484043192,16,9,3.0
3886,46.55801228275777,17,8,3.0
3887,24.21199026232471,15,10,3.0
3888,25.125862158772208,15,10,3.0
3889,35.49836358191053,16,9,3.0
3890,14.812039891592566,14,11,3.0
3891,25.813703230664824,15,10,3.0
3892,35.1185815276879,16,9,3.0
3893,45.80048400463659,17,8,3.0
3894,35.37840280345967,16,9,3.0
3895,46.29172682867438,17,8,3.0
3896,45.17571765179082,17,8,3.0
3897,35.98875106461365,16,9,3.0
3898,25.824229786574456,15,10,3.0
3899,45.66296368925394,17,8,3.0
3900,24.532163587932786,15,10,3.0
3901,35.78748198167898,16,9,3.0
3902,35.95315888814848,16,9,3.0
3903,35.44036416197061,16,9,3.0
3904,25.516608534218918,15,10,3.0
3905,35.33078653901268,16,9,3.0
3906,35.708552998939574,16,9,3.0
3907,45.49250202112664,17,8,3.0
3908,25.479979742582696,15,10,3.0
3909,45.1315550293336,17,8,3.0
3910,35.25502142390816,16,9,3.0
3911,35.82959583970897,16,9,3.0
3912,35.784984848121894,16,9,3.0
3913,35.52143478108984,16,9,3.0
3914,13.880412865621013,14,11,3.0
3915,35.522315908562184,16,9,3.0
3916,45.77594296069368,17,8,3.0
3917,25.0468636737211,15,10,3.0
3918,26.338641863196628,15,10,3.0
3919,46.69247888398455,17,8,3.0
3920,15.893384873558967,14,11,3.0
3921,45.67965898429789,17,8,3.0
3922,25.967660848722844,15,10,3.0
3923,35.781684174459265,16,9,3.0
3924,35.290756199653856,16,9,3.0
3925,35.24966663319522,16,9,3.0
3926,45.52068795489893,17,8,3.0
3927,46.6566802873003,17,8,3.0
3928,24.906953146007734,15,10,3.0
3929,36.100082461861525,16,9,3.0
3930,46.21843517148979,17,8,3.0
3931,14.881034558805776,14,11,3.0
3932,34.44888159889335,16,9,3.0
3933,35.125574155986186,16,9,3.0
3934,45.8423530360398,17,8,3.0
3935,45.803397108427525,17,8,3.0
3936,46.77722543780148,17,8,3.0
3937,15.517611234275241,14,11,3.0
3938,44.537836978988885,17,8,3.0
3939,24.814107035055383,15,10,3.0
3940,34.83309904281459,16,9,3.0
3941,5.097821700682973,13,12,3.0
3942,36.14437432681504,16,9,3.0
3943,44.75350305045608,17,8,3.0
3944,35.24919490669309,16,9,3.0
3945,35.931043816983426,16,9,3.0
3946,16.126202430789363,14,11,3.0
3947,45.23608918517133,17,8,3.0
3948,35.763685195432565,16,9,3.0
3949,15.630207929129323,14,11,3.0
3950,26.08255124942237,15,10,3.0
3951,46.37239647421445,17,8,3.0
3952,45.77489646750235,17,8,3.0
3953,35.8347929414905,16,9,3.0
3954,36.087349434747416,16,9,3.0
3955,36.07612731761905,16,9,3.0
3956,25.927627300920832,15,10,3.0
3957,44.89009369397592,17,8,3.0
3958,35.432985258790595,16,9,3.0
3959,36.697222609298244,16,9,3.0
3960,15.217881855158264,14,11,3.0
3961,35.97191348969356,16,9,3.0
3962,26.35260474354464,15,10,3.0
3963,34.8657712094769,16,9,3.0
3964,25.164703631353696,15,10,3.0
3965,45.2978253055835,17,8,3.0
3966,45.96757596688394,17,8,3.0
3967,25.18490046901849,15,10,3.0
3968,44.958639475064516,17,8,3.0
3969,36.58152512922321,16,9,3.0
3970,36.684334946927024,16,9,3.0
3971,36.38509577748892,16,9,3.0
3972,44.62152923535139,17,8,3.0
3973,36.46542152420517,16,9,3.0
3974,15.227468725335182,14,11,3.0
3975,35.27565853307667,16,9,3.0
3976,45.98369882259014,17,8,3.0
3977,35.186257124342035,16,9,3.0
3978,45.858973661552945,17,8,3.0
3979,45.1427810094304,17,8,3.0
3980,45.12957512415044,17,8,3.0
3981,34.96204568526887,16,9,3.0
3982,36.32343553544511,16,9,3.0
3983,24.730574217126566,15,10,3.0
3984,25.293640792371463,15,10,3.0
3985,45.53932830008493,17,8,3.0
3986,35.45086001530301,16,9,3.0
3987,46.005933791630284,17,8,3.0
3988,44.622851054949756,17,8,3.0
3989,25.037761147531306,15,10,3.0
3990,45.546140148968725,17,8,3.0
3991,45.47798594308602,17,8,3.0
3992,25.457515031405034,15,10,3.0
3993,26.260698575141184,15,10,3.0
3994,25.666250248400907,15,10,3.0
3995,34.91656334408832,16,9,3.0
3996,25.787121840639116,15,10,3.0
3997,34.58117020524641,16,9,3.0
3998,36.41767158303533,16,9,3.0
3999,35.25156507367775,16,9,3.0
4000,46.236776865560905,17,8,3.0
