"# mode=unfixed d_value=0 d=[1,4] p=0.50 dr=0 seed=2 topology=fixed ch=3 n_agents=5 obs_dim=34 n_episodes=4000"
episode,sum_reward,success,fail,mean_delay
1,-65.26912738315265,6,19,2.3199999999999994
2,-45.684303461320155,8,17,2.172
3,-44.03608442724043,8,17,2.2700000000000005
4,-34.999998157794614,9,16,2.2880000000000003
5,-65.39422125923461,6,19,2.2299999999999995
6,-54.54386235988858,7,18,2.202
7,-34.76405304760566,9,16,2.2779999999999996
8,-55.803472933506406,7,18,2.1759999999999997
9,-43.73952038158133,8,17,2.22
10,-64.87460599779892,6,19,2.184
11,-45.70308708012578,8,17,2.228
12,-65.48779488625786,6,19,2.1999999999999997
13,-74.027814454337,5,20,2.2079999999999997
14,-5.500485276324247,12,13,2.2939999999999996
15,-44.54985165551027,8,17,2.226
16,-94.4242551882689,3,22,2.208
17,-35.87361772094064,9,16,2.216
18,-43.88526198031528,8,17,2.2199999999999998
19,-35.02939371722173,9,16,2.182
20,-44.427180246219315,8,17,2.21
21,-45.10340481732588,8,17,2.24
22,-35.27823073023567,9,16,2.194
23,-23.843083157571705,10,15,2.2300000000000004
24,-66.09022813423029,6,19,2.232
25,-35.43432938271238,9,16,2.1659999999999995
26,-34.98157916346889,9,16,2.306
27,-45.73193745069865,8,17,2.218
28,-25.30051833650354,10,15,2.2800000000000002
29,-56.67896263109003,7,18,2.196
30,-53.71392600931658,7,18,2.218
31,-15.87522429874048,11,14,2.2199999999999998
32,-63.95081087755118,6,19,2.254
33,-35.76236794351751,9,16,2.2139999999999995
34,-45.88814463866768,8,17,2.1479999999999997
35,-54.84667498543114,7,18,2.176
36,-24.96458025490034,10,15,2.184
37,-44.43131363763071,8,17,2.228
38,-44.69277691078116,8,17,2.216
39,-75.10540905819266,5,20,2.1759999999999997
40,-45.029412755367865,8,17,2.2399999999999998
41,-54.23792223330871,7,18,2.1839999999999997
42,-56.33217595406458,7,18,2.304
43,-74.34587253567554,5,20,2.1740000000000004
44,-25.944883723224144,10,15,2.276
45,-43.83441049595288,8,17,2.256
46,-24.111596247816536,10,15,2.216
47,-63.815067658666266,6,19,2.138
48,-57.083520329992005,7,18,2.3179999999999996
49,-43.99841862386377,8,17,2.2560000000000002
50,-35.294909405868246,9,16,2.244
51,-56.00110301325699,7,18,2.152
52,-35.39036034907017,9,16,2.1239999999999997
53,-14.366525353061437,11,14,2.2079999999999997
54,-54.065829952021595,7,18,2.154
55,-44.316126504007165,8,17,2.232
56,-65.3720445069208,6,19,2.1260000000000003
57,-36.00577400176806,9,16,2.132
58,-45.028622410437265,8,17,2.222
59,-24.64568565824193,10,15,2.162
60,-43.9991511038338,8,17,2.2359999999999998
61,-24.852258157118133,10,15,2.2079999999999997
62,-44.70950877785002,8,17,2.2199999999999998
63,-46.13511589901315,8,17,2.268
64,5.95062535210981,13,12,2.242
65,-25.00376804411075,10,15,2.154
66,-45.35491301273861,8,17,2.2220000000000004
67,-34.4999380325642,9,16,2.1500000000000004
68,-45.690630773127424,8,17,2.2019999999999995
69,-34.76650151761871,9,16,2.212
70,-46.465612495149664,8,17,2.1599999999999997
71,-45.714795430748225,8,17,2.1479999999999997
72,-35.13722874308292,9,16,2.178
73,-44.50648108404245,8,17,2.154
74,-54.55749298707543,7,18,2.1260000000000003
75,-14.238359862647913,11,14,2.2039999999999997
76,-35.72724976127756,9,16,2.258
77,-16.344646815868835,11,14,2.1900000000000004
78,-25.601689250884426,10,15,2.222
79,-44.97588250000959,8,17,2.2779999999999996
80,-34.88434019888157,9,16,2.332
81,-54.1982747332728,7,18,2.2359999999999998
82,-24.12936373291182,10,15,2.248
83,-36.02697335372696,9,16,2.186
84,-4.475623230896343,12,13,2.266
85,-45.08206547171203,8,17,2.146
86,-45.768868638314856,8,17,2.25
87,-23.89292002148904,10,15,2.25
88,-55.58427330470863,7,18,2.1640000000000006
89,-24.13763004649687,10,15,2.1699999999999995
90,-44.59061943061536,8,17,2.18
91,-15.173134052370127,11,14,2.168
92,-45.09752190418864,8,17,2.16
93,-35.56480881811703,9,16,2.27
94,-44.82900237138212,8,17,2.188
95,-13.825338175336146,11,14,2.2319999999999998
96,-45.620505718868294,8,17,2.2500000000000004
97,-45.0421486025398,8,17,2.2459999999999996
98,-33.69515831997768,9,16,2.234
99,-44.10540082736586,8,17,2.162
100,-44.40596777416828,8,17,2.262
101,-45.1283593546046,8,17,2.2060000000000004
102,-34.25641153923558,9,16,2.194
103,-45.665112836554414,8,17,2.304
104,-55.248209933452245,7,18,2.084
105,-54.37280842733613,7,18,2.064
106,-35.05156845542981,9,16,2.1540000000000004
107,-14.71006417800363,11,14,2.238
108,-34.52096691626234,9,16,2.252
109,-35.111240896378426,9,16,2.186
110,-46.30240274607716,8,17,2.15
111,-25.736692354870943,10,15,2.246
112,-35.52953517999314,9,16,2.274
113,-12.988231240101598,11,14,2.246
114,-34.892936565738026,9,16,2.2500000000000004
115,-53.72096674718565,7,18,2.276
116,-14.058676550320264,11,14,2.124
117,-34.81179910818548,9,16,2.162
118,-4.285634672388584,12,13,2.114
119,-34.714907083459835,9,16,2.13
120,-55.670222362543875,7,18,2.228
121,-24.86041036778692,10,15,2.214
122,-35.13915619958841,9,16,2.1839999999999997
123,-34.62773807430227,9,16,2.086
124,-24.844584458746663,10,15,2.098
125,-45.60216851588236,8,17,2.216
126,-25.237520771631505,10,15,2.2359999999999998
127,-24.775430670940732,10,15,2.222
128,-25.38948226158506,10,15,2.2659999999999996
129,-24.52816822326226,10,15,2.2380000000000004
130,-35.54125489067617,9,16,2.178
131,-24.62084072298002,10,15,2.148
132,-45.155536601820174,8,17,2.198
133,-44.962231739024176,8,17,2.2640000000000002
134,-24.897377270318266,10,15,2.1860000000000004
135,-14.947509461731187,11,14,2.232
136,-34.84605132675811,9,16,2.24
137,-65.40637222417035,6,19,2.204
138,-24.728418559067308,10,15,2.248
139,-45.250379727814625,8,17,2.2120000000000006
140,-24.80716786405211,10,15,2.1500000000000004
141,-44.55231673903624,8,17,2.1
142,-25.254894808562582,10,15,2.0940000000000003
143,-15.17013057081188,11,14,2.308
144,-45.97930262359672,8,17,2.2
145,-45.218547312449914,8,17,2.15
146,-44.715928667406146,8,17,2.158
147,-35.86212491291828,9,16,2.136
148,-45.176740201156015,8,17,2.2039999999999997
149,-33.99277059789512,9,16,2.2
150,-14.784715372708,11,14,2.224
151,-35.03485471760524,9,16,2.1420000000000003
152,-34.48888921396049,9,16,2.292
153,-35.26258916606939,9,16,2.1499999999999995
154,-5.591447926199775,12,13,2.256
155,-6.167344895858901,12,13,2.302
156,-25.448435512212992,10,15,2.1399999999999997
157,15.04967377272304,14,11,2.2079999999999997
158,-45.473705368319116,8,17,2.2020000000000004
159,-44.60960994857916,8,17,2.2920000000000003
160,-45.857067340399,8,17,2.1300000000000003
161,-25.801106021325253,10,15,2.306
162,-14.607924457025195,11,14,2.166
163,-74.54347724508206,5,20,2.182
164,-34.42036341884274,9,16,2.2299999999999995
165,-54.76628898688881,7,18,2.1979999999999995
166,-24.97352027482816,10,15,2.194
167,-44.65185334953247,8,17,2.254
168,-35.46712918865466,9,16,2.152
169,-15.33588088066443,11,14,2.146
170,-26.310179570660036,10,15,2.1719999999999997
171,-25.67750338629026,10,15,2.214
172,-34.504332690436186,9,16,2.268
173,-3.7879517278464103,12,13,2.188
174,-26.310416103876662,10,15,2.194
175,-54.76249253377874,7,18,2.1500000000000004
176,-25.85430397706986,10,15,2.31
177,-24.5187988998949,10,15,2.17
178,-35.02553089329037,9,16,2.268
179,-16.0707269511345,11,14,2.252
180,-34.743082379220226,9,16,2.3200000000000003
181,-25.46872220707286,10,15,2.222
182,-44.256096969369594,8,17,2.198
183,-25.072861251846582,10,15,2.134
184,-45.178044189270565,8,17,2.306
185,-35.1275969266154,9,16,2.316
186,-13.674888090005567,11,14,2.25
187,5.646342333589499,13,12,2.212
188,-55.09750092306619,7,18,2.2880000000000003
189,-35.298723921445216,9,16,2.248
190,-35.44968779973324,9,16,2.244
191,-54.993426180660606,7,18,2.2299999999999995
192,-26.873591366446803,10,15,2.1639999999999997
193,-24.681797555283097,10,15,2.2660000000000005
194,-35.99614542883022,9,16,2.236
195,-26.12193455399612,10,15,2.228
196,-26.534271262909453,10,15,2.1879999999999997
197,-3.5560935192387895,12,13,2.218
198,-6.254421734689535,12,13,2.1900000000000004
199,-14.360622062304106,11,14,2.0900000000000003
200,-24.197704761034277,10,15,2.154
201,-34.817450824051896,9,16,2.184
202,-35.65976884635266,9,16,2.256
203,-44.941408278377196,8,17,2.2640000000000002
204,-25.064186984996134,10,15,2.2380000000000004
205,-14.839127784435902,11,14,2.23
206,-35.412567155029436,9,16,2.282
207,-15.754874749116784,11,14,2.308
208,5.217378713027536,13,12,2.1320000000000006
209,-14.871839668220911,11,14,2.2600000000000002
210,-24.812694039523848,10,15,2.2540000000000004
211,-14.926737814689465,11,14,2.272
212,-33.7341835832642,9,16,2.256
213,-5.630834021935096,12,13,2.2560000000000002
214,-33.83161304535062,9,16,2.258
215,-14.283846970573283,11,14,2.122
216,-45.07850492997914,8,17,2.212
217,-5.103798112139744,12,13,2.3000000000000003
218,-16.024653639113243,11,14,2.2719999999999994
219,-24.93177099920865,10,15,2.2039999999999997
220,-24.90840502112956,10,15,2.2159999999999997
221,-35.62807697785448,9,16,2.344
222,-34.46720172491475,9,16,2.2979999999999996
223,-24.640913359244593,10,15,2.1740000000000004
224,-43.81130512984132,8,17,2.1340000000000003
225,-14.401161871799413,11,14,2.312
226,-55.894367359416684,7,18,2.214
227,-35.66050714887075,9,16,2.1380000000000003
228,-24.658459668736867,10,15,2.2079999999999997
229,-24.351369639181527,10,15,2.226
230,-24.19507573406814,10,15,2.1640000000000006
231,-14.981780667535418,11,14,2.154
232,-25.350591624199563,10,15,2.184
233,-24.929831399785417,10,15,2.136
234,-34.56549900373643,9,16,2.25
235,-55.58773521032898,7,18,2.2340000000000004
236,-4.651280043122455,12,13,2.192
237,-44.317392909337165,8,17,2.262
238,-44.80505559195028,8,17,2.212
239,-34.458100011567765,9,16,2.3280000000000003
240,-44.57241608443892,8,17,2.222
241,-34.7316765267625,9,16,2.238
242,-44.49875823702333,8,17,2.2039999999999997
243,-25.132903329163614,10,15,2.272
244,4.852694867826198,13,12,2.31
245,-45.90715080238674,8,17,2.1879999999999997
246,-25.296663425554172,10,15,2.2
247,-44.09698182569586,8,17,2.264
248,-24.294248474901185,10,15,2.258
249,-6.470555080237721,12,13,2.1839999999999997
250,-25.165830888268967,10,15,2.282
251,-26.210205004205474,10,15,2.29
252,-14.872945168522868,11,14,2.256
253,-25.157197916404026,10,15,2.338
254,-14.55067530130993,11,14,2.2220000000000004
255,-44.375128290713704,8,17,2.2540000000000004
256,-15.464877188162843,11,14,2.168
257,-15.844033593481086,11,14,2.232
258,-5.705567462365792,12,13,2.162
259,-24.511616020146757,10,15,2.276
260,-14.590969285835927,11,14,2.2319999999999998
261,-15.223946454639023,11,14,2.2640000000000002
262,-34.57086926948952,9,16,2.282
263,-23.689588561840615,10,15,2.308
264,-14.648162000471938,11,14,2.15
265,-33.70070516150413,9,16,2.166
266,-15.131352818619291,11,14,2.2020000000000004
267,-24.855116328277713,10,15,2.178
268,-45.533339149045005,8,17,2.2239999999999998
269,-24.19660006213194,10,15,2.214
270,-15.65006223220678,11,14,2.2800000000000002
271,-54.03319191553193,7,18,2.222
272,-44.8914219288704,8,17,2.294
273,-25.24089749161711,10,15,2.3160000000000003
274,-24.692039926858133,10,15,2.252
275,-25.19358116808322,10,15,2.1839999999999997
276,-33.87164355320268,9,16,2.306
277,-33.650535603856596,9,16,2.132
278,-25.207687854514564,10,15,2.1740000000000004
279,-25.820043835868937,10,15,2.2180000000000004
280,-24.20355122642448,10,15,2.182
281,-15.608925133296351,11,14,2.154
282,-44.2975615535791,8,17,2.182
283,-35.149418724516245,9,16,2.2239999999999998
284,-25.124298731861316,10,15,2.244
285,-5.015365665795102,12,13,2.198
286,-6.142338364872668,12,13,2.3320000000000003
287,-15.8223209100613,11,14,2.2199999999999998
288,-24.898328347282675,10,15,2.2619999999999996
289,-35.69499384874136,9,16,2.2640000000000002
290,-55.06486166814905,7,18,2.248
291,-15.236793297940991,11,14,2.282
292,-34.466362130824606,9,16,2.15
293,-35.35193559982268,9,16,2.168
294,-34.1068173312442,9,16,2.2079999999999997
295,-35.59658093021569,9,16,2.2359999999999998
296,-44.559736099963196,8,17,2.258
297,-15.601949657939103,11,14,2.2079999999999997
298,-35.77382278230861,9,16,2.2719999999999994
299,-24.613981827112937,10,15,2.2560000000000002
300,-5.438895991878075,12,13,2.1839999999999997
301,-45.65638477912452,8,17,2.124
302,-34.42151657971439,9,16,2.26
303,-45.78011145587336,8,17,2.2359999999999998
304,-25.185870306692806,10,15,2.32
305,-34.68137866000602,9,16,2.206
306,-24.5790583217858,10,15,2.228
307,-4.3299577400659714,12,13,2.304
308,-5.396773384053079,12,13,2.366
309,-45.71009930496515,8,17,2.218
310,4.564672967804146,13,12,2.1420000000000003
311,-45.84316831721269,8,17,2.216
312,-25.14112401609633,10,15,2.146
313,-44.89790628644331,8,17,2.142
314,-24.19351307100725,10,15,2.168
315,-55.249390995974224,7,18,2.214
316,-45.1296271059372,8,17,2.29
317,-14.019325457951158,11,14,2.2560000000000002
318,-14.946875967708214,11,14,2.2120000000000006
319,-15.177836937551017,11,14,2.2279999999999998
320,-25.978457515981702,10,15,2.1979999999999995
321,-15.120953855055983,11,14,2.2560000000000002
322,-35.825746027508856,9,16,2.28
323,-25.837109636502458,10,15,2.1019999999999994
324,-45.08183498347904,8,17,2.184
325,-4.860636975843293,12,13,2.182
326,-5.873506309679724,12,13,2.186
327,-4.303775708014491,12,13,2.196
328,-35.10959587393152,9,16,2.1740000000000004
329,-5.003002785447715,12,13,2.1420000000000003
330,-35.211948829355066,9,16,2.3280000000000003
331,-5.313210944647846,12,13,2.2220000000000004
332,-4.946895908816616,12,13,2.28
333,-25.703407126640993,10,15,2.1759999999999997
334,-24.024165207984264,10,15,2.2520000000000002
335,-15.105894618692403,11,14,2.214
336,-25.212670989146822,10,15,2.184
337,-25.092162189616673,10,15,2.212
338,-25.47343673368129,10,15,2.246
339,-25.22150798877805,10,15,2.242
340,-25.145904662634106,10,15,2.2520000000000002
341,-35.51581927324036,9,16,2.216
342,-4.013740817923945,12,13,2.172
343,-15.046852818565686,11,14,2.3120000000000003
344,-15.094028995935847,11,14,2.2319999999999998
345,-14.843882820453313,11,14,2.2819999999999996
346,-34.33231794651293,9,16,2.2600000000000002
347,5.536755681933265,13,12,2.2499999999999996
348,-15.130424036196587,11,14,2.1719999999999997
349,-24.694889420163246,10,15,2.204
350,5.6519398093667235,13,12,2.254
351,-33.93762768788642,9,16,2.274
352,-5.16292018543894,12,13,2.17
353,-25.092154962126898,10,15,2.1519999999999997
354,-5.253465436705647,12,13,2.204
355,-15.359509879349979,11,14,2.2060000000000004
356,-34.59609051494172,9,16,2.2579999999999996
357,-15.505471095872522,11,14,2.2399999999999998
358,-14.839371330952973,11,14,2.172
359,4.774626300512179,13,12,2.37
360,-13.57830418085261,11,14,2.232
361,-35.315788744989035,9,16,2.2979999999999996
362,-34.991577771600994,9,16,2.214
363,-34.78390634729092,9,16,2.152
364,-25.07427416343092,10,15,2.194
365,-14.964521041168293,11,14,2.2520000000000002
366,-35.10742807046388,9,16,2.1879999999999997
367,-6.215711260123222,12,13,2.188
368,-35.19950244535947,9,16,2.1559999999999997
369,14.863276604734367,14,11,2.3779999999999997
370,-15.29007299701198,11,14,2.268
371,-34.93153188301095,9,16,2.258
372,-23.667239663741665,10,15,2.182
373,4.890607121413284,13,12,2.322
374,-25.163671760821963,10,15,2.2540000000000004
375,-14.188207189616723,11,14,2.2880000000000003
376,-35.41890582387088,9,16,2.2860000000000005
377,-14.76934693088791,11,14,2.232
378,-5.710403675529474,12,13,2.2319999999999998
379,-24.07063910619972,10,15,2.274
380,-45.70755994784204,8,17,2.2039999999999997
381,-23.804633827813547,10,15,2.1719999999999997
382,-76.43894330472295,5,20,2.1740000000000004
383,-23.934996746397257,10,15,2.2379999999999995
384,4.909568369017514,13,12,2.18
385,-15.688671650136339,11,14,2.148
386,-25.113015584025952,10,15,2.256
387,-24.64385293281056,10,15,2.2960000000000003
388,-25.910506616361584,10,15,2.2940000000000005
389,-34.52284494305587,9,16,2.28
390,-45.12505257653065,8,17,2.09
391,-5.4649968340912,12,13,2.1
392,-4.994334563694649,12,13,2.186
393,-5.681259050724723,12,13,2.176
394,5.165043541454058,13,12,2.2060000000000004
395,-24.526904190530708,10,15,2.2039999999999997
396,-55.21134560727424,7,18,2.1959999999999997
397,-25.258202891613863,10,15,2.226
398,-25.188730249444866,10,15,2.1660000000000004
399,-3.9788084160951342,12,13,2.2340000000000004
400,-15.444331066701317,11,14,2.2819999999999996
401,-54.593098663870734,7,18,2.164
402,-24.732396508071325,10,15,2.2860000000000005
403,-34.44646273896998,9,16,2.13
404,-24.462046591788837,10,15,2.2299999999999995
405,-15.437610243769134,11,14,2.232
406,-15.486612248897384,11,14,2.276
407,-24.834322054287263,10,15,2.152
408,-14.56438233718554,11,14,2.248
409,-14.447155710225458,11,14,2.2220000000000004
410,-4.523729499153417,12,13,2.1319999999999997
411,-24.540330707927538,10,15,2.21
412,-4.407698853258017,12,13,2.178
413,5.385510698049297,13,12,2.25
414,-36.300943327783784,9,16,2.1540000000000004
415,-35.008867533097806,9,16,2.222
416,-36.31674009330166,9,16,2.2279999999999998
417,-4.435000213011133,12,13,2.134
418,-34.858464566587394,9,16,2.258
419,4.3580153112305355,13,12,2.226
420,4.357752255279882,13,12,2.2199999999999998
421,-25.138645077564522,10,15,2.224
422,-13.901065118066994,11,14,2.1280000000000006
423,-4.647022373645893,12,13,2.214
424,-14.074364492625895,11,14,2.232
425,-25.1466156704924,10,15,2.122
426,-14.78683293940812,11,14,2.226
427,-24.052357105168685,10,15,2.256
428,-15.30747493006175,11,14,2.234
429,14.55015079889899,14,11,2.216
430,-23.642622572273886,10,15,2.186
431,-24.5841828439355,10,15,2.2499999999999996
432,-4.663639628520241,12,13,2.1979999999999995
433,-34.13243224296577,9,16,2.186
434,-24.938411107228383,10,15,2.23
435,-4.903179493653712,12,13,2.278
436,-15.023721678548876,11,14,2.184
437,-35.51865191873503,9,16,2.212
438,5.8897582205728,13,12,2.248
439,-14.337606283477669,11,14,2.2380000000000004
440,4.262286487091093,13,12,2.3
441,-24.708858904198397,10,15,2.2939999999999996
442,-35.315351802040716,9,16,2.1759999999999997
443,-4.86236644491882,12,13,2.242
444,-15.54345803527862,11,14,2.166
445,-14.475316737446754,11,14,2.1660000000000004
446,5.14708650836446,13,12,2.2479999999999998
447,-5.4584901339264285,12,13,2.306
448,-35.38262088930726,9,16,2.21
449,-14.822754811296113,11,14,2.2060000000000004
450,-24.242427606899287,10,15,2.2359999999999998
451,5.081428261285585,13,12,2.272
452,-4.891933803219601,12,13,2.238
453,-5.672382195597459,12,13,2.2340000000000004
454,5.350356384730414,13,12,2.272
455,-25.21344750499393,10,15,2.2600000000000002
456,-5.261850477656065,12,13,2.3080000000000003
457,-14.233570042440679,11,14,2.214
458,-5.865246149939531,12,13,2.24
459,-15.202797350768545,11,14,2.274
460,-15.67816369403685,11,14,2.176
461,-16.234298142118952,11,14,2.2379999999999995
462,-6.245317898119792,12,13,2.1580000000000004
463,15.131038114485902,14,11,2.3280000000000003
464,-34.541397445408414,9,16,2.268
465,-14.642028927760691,11,14,2.302
466,-14.600438933268927,11,14,2.2939999999999996
467,-14.932336818025757,11,14,2.2199999999999998
468,-13.61314745735542,11,14,2.17
469,-24.268005046522134,10,15,2.186
470,-4.761936233193369,12,13,2.144
471,5.04363116737955,13,12,2.182
472,-34.610410461879496,9,16,2.18
473,-26.262864325841132,10,15,2.146
474,-14.640863632445695,11,14,2.234
475,-4.810549457719597,12,13,2.15
476,-25.52033811980339,10,15,2.2079999999999997
477,-4.967018528094519,12,13,2.2560000000000002
478,-15.209108279681471,11,14,2.2359999999999998
479,-14.676563814186423,11,14,2.238
480,-24.00995176433231,10,15,2.2700000000000005
481,-25.999737091324842,10,15,2.2760000000000002
482,-15.304500646020227,11,14,2.254
483,-14.233204225750352,11,14,2.2800000000000002
484,-14.796368915637782,11,14,2.232
485,-35.32238901948453,9,16,2.174
486,15.434657773840863,14,11,2.2299999999999995
487,-25.529556806731065,10,15,2.1599999999999997
488,-35.18325091028245,9,16,2.274
489,-34.5991229262189,9,16,2.2880000000000003
490,-35.11433186609927,9,16,2.2460000000000004
491,-4.387712988200393,12,13,2.33
492,4.649088696866412,13,12,2.1420000000000003
493,-5.159346845029347,12,13,2.2539999999999996
494,-24.29447080007937,10,15,2.232
495,-25.069201163626392,10,15,2.2220000000000004
496,-4.61776570279174,12,13,2.264
497,-26.102327847282442,10,15,2.1380000000000003
498,-4.8060898347647285,12,13,2.2540000000000004
499,-24.492141814859398,10,15,2.242
500,-24.725790457332444,10,15,2.178
501,-3.651258603143618,12,13,2.2380000000000004
502,14.838981045571254,14,11,2.17
503,-25.13037223342893,10,15,2.136
504,4.18106444224629,13,12,2.376
505,-15.221926287039414,11,14,2.242
506,-15.217727177683857,11,14,2.1640000000000006
507,-25.041417963428856,10,15,2.1340000000000003
508,-34.61045281100422,9,16,2.2359999999999998
509,-5.024402594459531,12,13,2.2020000000000004
510,-5.92841630341585,12,13,2.244
511,-14.640253305703943,11,14,2.222
512,-5.152231591880812,12,13,2.2199999999999998
513,-4.590527411615933,12,13,2.326
514,-14.871684741769881,11,14,2.242
515,-14.66643050584809,11,14,2.1719999999999997
516,4.879036415043922,13,12,2.192
517,-35.1653516997129,9,16,2.162
518,3.6901952896978356,13,12,2.18
519,-25.04909472682329,10,15,2.2500000000000004
520,-15.44081514473732,11,14,2.162
521,-6.180844175950334,12,13,2.204
522,-25.21997138773515,10,15,2.2239999999999998
523,-15.814974900578871,11,14,2.316
524,-5.261246462162719,12,13,2.2600000000000002
525,-34.90393593257882,9,16,2.2960000000000003
526,-5.786521684472627,12,13,2.1719999999999997
527,-35.996213973238596,9,16,2.226
528,-24.611585292056095,10,15,2.2939999999999996
529,4.895479937379164,13,12,2.218
530,-5.511583709234301,12,13,2.2079999999999997
531,-5.7533154298564755,12,13,2.182
532,-14.639424344545692,11,14,2.282
533,-25.19792690561341,10,15,2.1919999999999997
534,5.358812556509511,13,12,2.1220000000000003
535,-5.274591729585628,12,13,2.2
536,-25.743684347799107,10,15,2.2760000000000002
537,5.2811233124657475,13,12,2.2039999999999997
538,4.678744491680723,13,12,2.184
539,-45.689908526584546,8,17,2.29
540,-24.74946699867997,10,15,2.1759999999999997
541,-34.30199918851896,9,16,2.274
542,-3.9844697559959776,12,13,2.252
543,-15.824221760200638,11,14,2.262
544,-15.17206581570635,11,14,2.1740000000000004
545,-4.728182327848276,12,13,2.3339999999999996
546,-14.437502582150803,11,14,2.244
547,-4.554417757479044,12,13,2.216
548,-25.799584926413452,10,15,2.286
549,-14.839714151290876,11,14,2.228
550,-15.094664245436629,11,14,2.278
551,-15.906770939027957,11,14,2.178
552,-14.713794189049404,11,14,2.186
553,-5.345109702455565,12,13,2.302
554,-4.237566456243459,12,13,2.2220000000000004
555,-5.1974650508357225,12,13,2.308
556,-24.580767602022433,10,15,2.21
557,-24.703093400711346,10,15,2.186
558,-15.432936965502382,11,14,2.194
559,-4.502746140442239,12,13,2.234
560,-4.890935821739625,12,13,2.132
561,4.367644463972777,13,12,2.254
562,-34.41972521426296,9,16,2.226
563,-4.962309451105567,12,13,2.178
564,-25.62980538251111,10,15,2.154
565,13.36449775176057,14,11,2.2340000000000004
566,6.314195059031547,13,12,2.152
567,-25.84619236555941,10,15,2.2979999999999996
568,-25.847996642741744,10,15,2.2399999999999998
569,14.763616555836814,14,11,2.256
570,-14.807686310981353,11,14,2.166
571,-35.41492851030979,9,16,2.178
572,-34.5375929910013,9,16,2.2760000000000007
573,5.395517503751606,13,12,2.212
574,-5.062602054203849,12,13,2.242
575,-14.600643430659115,11,14,2.2399999999999998
576,-15.029353135912366,11,14,2.252
577,-34.90069975728121,9,16,2.1839999999999997
578,-15.1431118411105,11,14,2.248
579,-4.983165976466987,12,13,2.136
580,-25.069842627650775,10,15,2.302
581,-5.391707813117073,12,13,2.274
582,5.522362816144656,13,12,2.252
583,-36.905763625567225,9,16,2.3579999999999997
584,-15.330615833201007,11,14,2.176
585,-15.440433624283433,11,14,2.2060000000000004
586,-14.77597929314748,11,14,2.226
587,-14.413646500725442,11,14,2.194
588,-3.587508676202737,12,13,2.242
589,34.820698360376625,16,9,2.2979999999999996
590,-15.144868807233184,11,14,2.232
591,-15.089327754150116,11,14,2.2380000000000004
592,-14.709674279262316,11,14,2.2479999999999998
593,-5.168780190043494,12,13,2.2139999999999995
594,-15.894911049052869,11,14,2.2079999999999997
595,4.587433368776439,13,12,2.0860000000000003
596,-5.396357759585802,12,13,2.186
597,-15.709718229068121,11,14,2.176
598,6.726031299905433,13,12,2.184
599,-34.1765546255545,9,16,2.176
600,-3.1752210448697182,12,13,2.226
601,-5.581854800630167,12,13,2.226
602,5.1357537178159225,13,12,2.2939999999999996
603,4.859912963706493,13,12,2.274
604,-25.54801786247052,10,15,2.1620000000000004
605,-5.443259760695675,12,13,2.25
606,-24.92766000255702,10,15,2.206
607,-15.629178091596994,11,14,2.284
608,4.80086559882608,13,12,2.222
609,5.826228394976848,13,12,2.1860000000000004
610,25.04948323684748,15,10,2.2
611,14.585097434787894,14,11,2.216
612,5.163839846257548,13,12,2.232
613,4.980830589381463,13,12,2.2039999999999997
614,-25.86258114754618,10,15,2.2380000000000004
615,-4.8565444053260745,12,13,2.258
616,5.159421442891141,13,12,2.214
617,-4.305029340744576,12,13,2.2399999999999998
618,-5.644804679472834,12,13,2.214
619,-5.516217350168159,12,13,2.1079999999999997
620,14.167172503367516,14,11,2.104
621,-35.72117346672221,9,16,2.222
622,-14.961575673501091,11,14,2.228
623,5.710858380935393,13,12,2.246
624,-5.2564968832225665,12,13,2.21
625,-4.2762884452275305,12,13,2.332
626,-14.925350747345222,11,14,2.168
627,-15.67352521686095,11,14,2.25
628,-14.984301793945077,11,14,2.17
629,-24.555859060132065,10,15,2.352
630,4.707310378714352,13,12,2.168
631,-13.918154946326007,11,14,2.2499999999999996
632,-16.130861045794756,11,14,2.264
633,-4.970500873168961,12,13,2.22
634,-4.429426825523368,12,13,2.2619999999999996
635,-15.768675832858415,11,14,2.268
636,-25.594272658076953,10,15,2.184
637,-14.65555065974316,11,14,2.228
638,-4.903529221222756,12,13,2.2640000000000002
639,5.784925229904342,13,12,2.2399999999999998
640,-4.880687707690052,12,13,2.244
641,-5.78827941369661,12,13,2.0759999999999996
642,-4.6876374520363715,12,13,2.18
643,-5.606284235997115,12,13,2.232
644,-4.294037661607722,12,13,2.168
645,5.073137037141061,13,12,2.2
646,5.589438819091849,13,12,2.1759999999999997
647,5.07398769090863,13,12,2.242
648,-14.229380774966613,11,14,2.2340000000000004
649,-14.547034346342834,11,14,2.222
650,-14.41897110535221,11,14,2.228
651,-24.629214354560464,10,15,2.1900000000000004
652,-14.521303242400565,11,14,2.194
653,-5.268219171822002,12,13,2.286
654,-4.579233329727984,12,13,2.176
655,3.8993196413345457,13,12,2.2359999999999998
656,-15.05181451357929,11,14,2.254
657,-4.021769141595204,12,13,2.162
658,-2.9403685982838166,12,13,2.2379999999999995
659,-24.570971876121913,10,15,2.29
660,15.75845653727044,14,11,2.29
661,6.050688705999384,13,12,2.224
662,-26.097974232193494,10,15,2.248
663,-5.42019184137004,12,13,2.234
664,15.637306325762463,14,11,2.268
665,-36.292729042134035,9,16,2.1900000000000004
666,-4.686982445672481,12,13,2.268
667,4.3447814830628,13,12,2.1620000000000004
668,-5.2799911911220345,12,13,2.224
669,-4.363377342566141,12,13,2.2239999999999998
670,-5.361786405807376,12,13,2.344
671,4.791335479954784,13,12,2.1319999999999997
672,-5.226891033692552,12,13,2.152
673,-25.066550235150487,10,15,2.26
674,4.131820667199925,13,12,2.298
675,-4.919162304078162,12,13,2.21
676,14.833611575364081,14,11,2.2560000000000002
677,-4.745902042247336,12,13,2.1919999999999997
678,-4.4337378135974115,12,13,2.262
679,14.335020915778255,14,11,2.196
680,-6.668921973496484,12,13,2.2659999999999996
681,-6.037482349223314,12,13,2.29
682,-14.897370281037327,11,14,2.3299999999999996
683,-15.595570193972613,11,14,2.2979999999999996
684,-13.79991570417152,11,14,2.164
685,5.069461621605945,13,12,2.216
686,-15.08313031249909,11,14,2.21
687,-5.615909103251432,12,13,2.156
688,-14.222181719972184,11,14,2.2180000000000004
689,-4.49273889199109,12,13,2.18
690,-4.365777481031099,12,13,2.3039999999999994
691,5.621516546225799,13,12,2.1719999999999997
692,14.821103395829676,14,11,2.258
693,-16.1327180202979,11,14,2.284
694,4.876009298602023,13,12,2.2380000000000004
695,-4.773416765707928,12,13,2.3099999999999996
696,-5.586083208480588,12,13,2.168
697,-14.42483081602055,11,14,2.19
698,5.636070063560248,13,12,2.2179999999999995
699,-14.493693073000214,11,14,2.232
700,-15.153924935485549,11,14,2.226
701,-4.745435591328921,12,13,2.176
702,14.382014096141933,14,11,2.144
703,-14.254024183420064,11,14,2.1959999999999997
704,-14.62781285274026,11,14,2.276
705,5.447950302682327,13,12,2.196
706,-5.304198283116392,12,13,2.2399999999999998
707,-5.5789509828192605,12,13,2.242
708,-4.90173287731683,12,13,2.24
709,-15.161892161907339,11,14,2.258
710,14.918208207460518,14,11,2.184
711,-14.599544424831045,11,14,2.178
712,4.976813232668773,13,12,2.2319999999999998
713,-4.310098752208158,12,13,2.2060000000000004
714,-35.513770851603766,9,16,2.35
715,14.488422179184832,14,11,2.194
716,15.068542642823145,14,11,2.234
717,-25.387128033793545,10,15,2.224
718,4.849310865014315,13,12,2.206
719,4.190568588868146,13,12,2.124
720,-5.600828615242323,12,13,2.2299999999999995
721,-14.689461009476194,11,14,2.2800000000000002
722,-15.809845709675507,11,14,2.164
723,-4.954975845882582,12,13,2.2119999999999997
724,-15.900310226614739,11,14,2.268
725,-5.632977200105571,12,13,2.2
726,4.88895953215543,13,12,2.2440000000000007
727,4.542801681698731,13,12,2.114
728,-15.440909704318749,11,14,2.2239999999999998
729,-5.13911882296819,12,13,2.3299999999999996
730,3.8300412058997546,13,12,2.2380000000000004
731,-25.25349422990193,10,15,2.278
732,25.892903694803973,15,10,2.246
733,-24.318506593912645,10,15,2.234
734,-34.50466299462304,9,16,2.2299999999999995
735,5.1744963672077064,13,12,2.266
736,4.790782677764841,13,12,2.152
737,-4.137198950617438,12,13,2.2380000000000004
738,-34.288087692418685,9,16,2.2279999999999998
739,4.851176578739983,13,12,2.242
740,-25.06671194616184,10,15,2.204
741,5.650649707287361,13,12,2.206
742,15.723030918381376,14,11,2.2399999999999993
743,14.487799260400234,14,11,2.216
744,5.026536828781447,13,12,2.176
745,5.003660203893556,13,12,2.118
746,5.954477942627955,13,12,2.2620000000000005
747,-25.01662217343702,10,15,2.242
748,6.167030898015906,13,12,2.284
749,-5.175547788659266,12,13,2.2640000000000002
750,15.647950118476702,14,11,2.222
751,14.620224200059763,14,11,2.154
752,4.901081545449214,13,12,2.2800000000000002
753,5.346579896222163,13,12,2.1979999999999995
754,5.618130844992489,13,12,2.3180000000000005
755,4.797015513111051,13,12,2.228
756,15.37058957151948,14,11,2.2039999999999997
757,-4.79106888984043,12,13,2.206
758,25.41460760211519,15,10,2.2939999999999996
759,4.249545292683055,13,12,2.182
760,5.5362677043472175,13,12,2.19
761,5.43909584757229,13,12,2.156
762,6.0576031243078265,13,12,2.266
763,15.607911897018978,14,11,2.234
764,15.557173055674417,14,11,2.192
765,14.726346096210117,14,11,2.17
766,15.536117243791614,14,11,2.2239999999999998
767,5.48478225921089,13,12,2.258
768,-4.220665163695484,12,13,2.184
769,-14.559162299517602,11,14,2.232
770,5.680628077916679,13,12,2.2520000000000002
771,-5.835753369360697,12,13,2.1379999999999995
772,-4.512327417674532,12,13,2.276
773,-4.584416371575458,12,13,2.218
774,5.865288880784617,13,12,2.2619999999999996
775,14.54340796656432,14,11,2.146
776,-6.0924427206456855,12,13,2.31
777,5.296187835615804,13,12,2.1540000000000004
778,5.3978705916298155,13,12,2.178
779,5.511525894434701,13,12,2.27
780,-5.012744201246969,12,13,2.3180000000000005
781,-4.486788558582728,12,13,2.322
782,5.9179533069086405,13,12,2.246
783,-4.614352666493919,12,13,2.1700000000000004
784,14.961262260766654,14,11,2.194
785,-5.044587049265119,12,13,2.212
786,15.753343980694142,14,11,2.136
787,25.587155842014347,15,10,2.2079999999999997
788,-14.644430080908641,11,14,2.164
789,25.70567211377689,15,10,2.196
790,-4.729697859846809,12,13,2.13
791,5.781465633229693,13,12,2.2199999999999998
792,-5.922213723876754,12,13,2.1119999999999997
793,-15.5224021639753,11,14,2.304
794,5.344134811486753,13,12,2.188
795,-14.729977520675966,11,14,2.17
796,34.34331262890307,16,9,2.228
797,15.023383476812729,14,11,2.1380000000000003
798,-4.662679007182106,12,13,2.2359999999999998
799,5.70883261824594,13,12,2.214
800,4.052949447366143,13,12,2.2960000000000003
801,-4.821524656785824,12,13,2.216
802,5.173905973746171,13,12,2.206
803,-4.805607848330904,12,13,2.3139999999999996
804,-4.817427352958532,12,13,2.138
805,5.669976320618465,13,12,2.184
806,-4.104601250826997,12,13,2.304
807,-4.946198334124221,12,13,2.182
808,6.1348371503220935,13,12,2.0840000000000005
809,4.505825775159935,13,12,2.15
810,15.779580292782105,14,11,2.21
811,-5.588081395775109,12,13,2.22
812,-15.17887535159965,11,14,2.104
813,5.653313371959484,13,12,2.152
814,5.179674907989634,13,12,2.162
815,-14.279899300833868,11,14,2.214
816,16.267941718779383,14,11,2.2079999999999997
817,16.42928393835065,14,11,2.178
818,15.480495630132195,14,11,2.3039999999999994
819,14.862693031328226,14,11,2.134
820,-5.0227752367947955,12,13,2.258
821,5.331606156729505,13,12,2.162
822,5.787252166946367,13,12,2.2399999999999998
823,15.417253001383779,14,11,2.2399999999999998
824,5.175913070078967,13,12,2.224
825,14.400644215305586,14,11,2.216
826,3.787206469482017,13,12,2.2880000000000003
827,15.523476902721194,14,11,2.1979999999999995
828,15.633850255265205,14,11,2.1420000000000003
829,4.640442442055178,13,12,2.304
830,4.163066340393836,13,12,2.258
831,5.015372537424838,13,12,2.216
832,16.350753310988352,14,11,2.266
833,-4.384184710764994,12,13,2.2159999999999997
834,6.028033623341267,13,12,2.3259999999999996
835,-5.948880872667865,12,13,2.276
836,-5.884047353630057,12,13,2.2580000000000005
837,15.051014617655026,14,11,2.276
838,15.99754662170473,14,11,2.1639999999999993
839,13.872157784564855,14,11,2.1759999999999997
840,15.687154476952422,14,11,2.1719999999999997
841,15.475741401941498,14,11,2.3139999999999996
842,25.6560758334654,15,10,2.212
843,14.997510458470066,14,11,2.23
844,5.0759990204160506,13,12,2.232
845,14.537888067456725,14,11,2.18
846,-15.675090860220724,11,14,2.2700000000000005
847,5.0711783604620555,13,12,2.246
848,-15.129385201945764,11,14,2.2260000000000004
849,4.37811549373699,13,12,2.3539999999999996
850,15.668076661325616,14,11,2.192
851,15.515376988967045,14,11,2.136
852,14.748982106407874,14,11,2.242
853,4.266399245666478,13,12,2.266
854,3.9701513270383355,13,12,2.262
855,15.275817287256237,14,11,2.316
856,5.2425234847387685,13,12,2.218
857,4.2221546686826725,13,12,2.1420000000000003
858,5.150112072705902,13,12,2.1380000000000003
859,5.505543997230779,13,12,2.2
860,-5.4125300765695,12,13,2.2339999999999995
861,-4.8324358394342815,12,13,2.2180000000000004
862,5.344797859415207,13,12,2.12
863,-5.159809908056439,12,13,2.226
864,15.498706624091906,14,11,2.2880000000000003
865,15.081909740659341,14,11,2.2659999999999996
866,-5.4955248255423,12,13,2.252
867,15.201575396378814,14,11,2.274
868,14.542615089599538,14,11,2.288
869,-4.824355089602505,12,13,2.178
870,-4.792144051377861,12,13,2.222
871,24.922390614104305,15,10,2.198
872,14.625354649523842,14,11,2.316
873,14.956919485216227,14,11,2.322
874,15.32061720557318,14,11,2.238
875,-4.578236377793376,12,13,2.172
876,15.408243492242246,14,11,2.182
877,5.3442241773124,13,12,2.272
878,14.627789978780463,14,11,2.1959999999999997
879,-5.378822182796556,12,13,2.1280000000000006
880,5.6763563628507505,13,12,2.2139999999999995
881,15.306543694679814,14,11,2.1420000000000003
882,16.24439916158741,14,11,2.128
883,5.1818418382777525,13,12,2.184
884,-4.917454271852006,12,13,2.23
885,13.357502981381215,14,11,2.1960000000000006
886,14.269626784192834,14,11,2.2600000000000002
887,4.745091511730279,13,12,2.232
888,-3.601457891887298,12,13,2.174
889,15.323860880612072,14,11,2.2399999999999998
890,5.274541810322654,13,12,2.1799999999999997
891,14.987733993754858,14,11,2.2379999999999995
892,5.540894468058957,13,12,2.1879999999999997
893,5.729187327059918,13,12,2.376
894,24.96146719722457,15,10,2.2199999999999998
895,-15.862877539036806,11,14,2.15
896,13.845703352107272,14,11,2.2640000000000002
897,4.482097214991393,13,12,2.2199999999999998
898,4.855736607858292,13,12,2.2720000000000002
899,-4.908959019815208,12,13,2.2119999999999997
900,-25.068184962014087,10,15,2.208
901,16.153302012830416,14,11,2.2800000000000002
902,-5.900687309541315,12,13,2.184
903,24.55221043452191,15,10,2.1320000000000006
904,-15.793639195179681,11,14,2.2540000000000004
905,4.929084086021494,13,12,2.1540000000000004
906,-14.924955253147267,11,14,2.2
907,14.61722585317032,14,11,2.2560000000000002
908,14.563647623729857,14,11,2.21
909,15.00740588439867,14,11,2.2380000000000004
910,4.784461220601342,13,12,2.308
911,15.8403893738396,14,11,2.3099999999999996
912,5.337429198260136,13,12,2.196
913,3.7949765786807106,13,12,2.278
914,14.711425006064827,14,11,2.202
915,4.862601425129263,13,12,2.242
916,5.369690952033346,13,12,2.158
917,25.369267620069564,15,10,2.252
918,25.221920262983375,15,10,2.1900000000000004
919,24.574679684531187,15,10,2.312
920,13.729127638548537,14,11,2.2340000000000004
921,14.98931593507263,14,11,2.26
922,-3.978499799952825,12,13,2.168
923,-5.598448401173954,12,13,2.218
924,4.0447620931806885,13,12,2.2359999999999998
925,13.735257218985236,14,11,2.1980000000000004
926,4.483932178980153,13,12,2.27
927,-5.04265378470706,12,13,2.154
928,15.306232763408318,14,11,2.194
929,-4.798255906412268,12,13,2.306
930,15.749447979265478,14,11,2.1879999999999997
931,3.6277385831557973,13,12,2.2359999999999998
932,-14.436012814902622,11,14,2.2659999999999996
933,5.097999575040814,13,12,2.1719999999999997
934,14.607819771555102,14,11,2.162
935,-5.522480654920614,12,13,2.1480000000000006
936,15.404852207111398,14,11,2.258
937,14.336967999749168,14,11,2.232
938,-4.475327691040862,12,13,2.238
939,4.869476060067328,13,12,2.246
940,14.834083665443991,14,11,2.15
941,4.767131619343948,13,12,2.1960000000000006
942,4.947040478105937,13,12,2.184
943,15.665651171566132,14,11,2.258
944,-15.890928115670999,11,14,2.2199999999999998
945,-6.387054016943081,12,13,2.2340000000000004
946,16.001541706665048,14,11,2.274
947,-5.236702076640091,12,13,2.224
948,-5.601118933610823,12,13,2.208
949,14.049750900004245,14,11,2.26
950,-5.441005068382117,12,13,2.248
951,4.702075408222171,13,12,2.1100000000000003
952,-4.862048209908334,12,13,2.188
953,25.700448544137085,15,10,2.218
954,-5.226865135001727,12,13,2.208
955,-25.51672123439101,10,15,2.2440000000000007
956,4.03020532265536,13,12,2.232
957,14.538169465618866,14,11,2.214
958,15.095082750898653,14,11,2.2119999999999997
959,-5.205043734681766,12,13,2.272
960,34.087640446812124,16,9,2.128
961,24.829986995535414,15,10,2.2119999999999997
962,35.03812244252912,16,9,2.276
963,5.366137865702533,13,12,2.2159999999999997
964,14.251399221893989,14,11,2.116
965,24.64265174096342,15,10,2.304
966,4.986370349972881,13,12,2.246
967,6.249602457798277,13,12,2.2439999999999998
968,14.996459057669847,14,11,2.182
969,-5.101743662722814,12,13,2.23
970,14.569597342001249,14,11,2.2640000000000002
971,4.079267419869618,13,12,2.16
972,-5.475288441567375,12,13,2.2060000000000004
973,15.34674785497304,14,11,2.2079999999999997
974,15.666792141277329,14,11,2.26
975,5.367328713062928,13,12,2.2180000000000004
976,-5.876102456806582,12,13,2.164
977,5.915104388505993,13,12,2.2319999999999998
978,-4.56108411234046,12,13,2.23
979,13.917229194694304,14,11,2.2039999999999997
980,14.487753353986077,14,11,2.2060000000000004
981,24.27747296506936,15,10,2.1919999999999997
982,4.232170114206661,13,12,2.2960000000000003
983,5.347952405399817,13,12,2.2800000000000002
984,4.1612845672961924,13,12,2.2560000000000002
985,34.31361264104631,16,9,2.208
986,15.131729103712239,14,11,2.196
987,4.507045755715744,13,12,2.2199999999999998
988,-4.768490213539111,12,13,2.192
989,26.15664937621516,15,10,2.2619999999999996
990,-5.696088752729258,12,13,2.23
991,15.293887604839567,14,11,2.22
992,-4.816252907885388,12,13,2.1839999999999997
993,-16.10328106951231,11,14,2.1999999999999997
994,15.612959844665113,14,11,2.244
995,-24.301285182790792,10,15,2.224
996,-5.219864621791428,12,13,2.2479999999999998
997,-15.225480804057476,11,14,2.1879999999999997
998,-14.18709462592212,11,14,2.282
999,4.041947480662982,13,12,2.3
1000,14.862965315569522,14,11,2.21
1001,5.726105946999081,13,12,2.192
1002,-5.4405912811092705,12,13,2.34
1003,-4.105089025763046,12,13,2.1799999999999997
1004,25.110395382878643,15,10,2.216
1005,5.491193691958882,13,12,2.134
1006,-4.64918355966563,12,13,2.2439999999999998
1007,-5.59169518776662,12,13,2.418
1008,24.693832772814613,15,10,2.116
1009,16.118217344740987,14,11,2.3019999999999996
1010,15.343839294290838,14,11,2.31
1011,-5.455710242385028,12,13,2.202
1012,4.902512396446937,13,12,2.2359999999999998
1013,4.232927263885482,13,12,2.3280000000000003
1014,-4.688965846479132,12,13,2.2279999999999998
1015,24.121590042868224,15,10,2.3200000000000003
1016,-6.135378359782655,12,13,2.2119999999999997
1017,-16.012460053260256,11,14,2.182
1018,5.313842519493178,13,12,2.13
1019,-6.963846777996491,12,13,2.2
1020,4.87270741267827,13,12,2.2139999999999995
1021,14.404594060380047,14,11,2.1860000000000004
1022,-5.303295930236862,12,13,2.2239999999999993
1023,15.303801603831133,14,11,2.266
1024,14.456862315619302,14,11,2.21
1025,-4.493232559807407,12,13,2.206
1026,24.79070725451759,15,10,2.33
1027,-5.495215157831224,12,13,2.244
1028,14.809234090193835,14,11,2.26
1029,15.219885534825728,14,11,2.156
1030,-16.40267124798527,11,14,2.1340000000000003
1031,14.48015558101029,14,11,2.302
1032,14.676173216731176,14,11,2.1860000000000004
1033,15.48925457017313,14,11,2.1839999999999997
1034,-4.706478914777806,12,13,2.168
1035,25.699539482676663,15,10,2.3179999999999996
1036,4.996659200520978,13,12,2.338
1037,26.277756616448123,15,10,2.226
1038,14.830524914551475,14,11,2.222
1039,15.419686051797154,14,11,2.18
1040,24.59742133829502,15,10,2.21
1041,5.370313871935869,13,12,2.182
1042,13.733767948313023,14,11,2.222
1043,6.235556105743965,13,12,2.224
1044,5.6531214236557386,13,12,2.1959999999999997
1045,15.94275750703245,14,11,2.2239999999999993
1046,15.792555209220852,14,11,2.2640000000000002
1047,4.853348083352927,13,12,2.1860000000000004
1048,4.710763045614981,13,12,2.194
1049,5.092838546106211,13,12,2.1320000000000006
1050,15.304794265457923,14,11,2.1759999999999997
1051,-5.5066499587634885,12,13,2.112
1052,4.636661786214322,13,12,2.1060000000000003
1053,4.277481159121247,13,12,2.2060000000000004
1054,33.98752159964809,16,9,2.1980000000000004
1055,-5.682022361129254,12,13,2.226
1056,5.003164437945131,13,12,2.268
1057,3.6492914443299513,13,12,2.194
1058,-5.1604034077157355,12,13,2.3120000000000003
1059,14.281956256092256,14,11,2.17
1060,-4.185424930109296,12,13,2.226
1061,24.27168369692503,15,10,2.2199999999999998
1062,3.5781632101974212,13,12,2.268
1063,5.01406160239765,13,12,2.2560000000000002
1064,3.815386734151092,13,12,2.246
1065,4.503352772436767,13,12,2.2299999999999995
1066,-5.333452171617419,12,13,2.162
1067,4.1869182963889635,13,12,2.07
1068,35.391520365150114,16,9,2.254
1069,-4.330674496410984,12,13,2.168
1070,13.974868448092934,14,11,2.264
1071,4.308948794719869,13,12,2.274
1072,-4.894719952443616,12,13,2.274
1073,14.069026223948967,14,11,2.1919999999999997
1074,15.495373237198557,14,11,2.2079999999999997
1075,4.786898919909889,13,12,2.162
1076,15.690567204053611,14,11,2.1220000000000003
1077,24.00138426608219,15,10,2.34
1078,4.9070774252032745,13,12,2.2080000000000006
1079,4.556679047597921,13,12,2.236
1080,4.647164288541766,13,12,2.2220000000000004
1081,-4.745479266712939,12,13,2.1599999999999997
1082,4.928412631468163,13,12,2.2180000000000004
1083,3.7232793361470278,13,12,2.1800000000000006
1084,23.502576039536134,15,10,2.1759999999999997
1085,23.84284337703989,15,10,2.2800000000000002
1086,14.949529749733637,14,11,2.2180000000000004
1087,-14.721582633596231,11,14,2.2920000000000003
1088,13.769726086887236,14,11,2.238
1089,24.481426840431663,15,10,2.214
1090,-45.86916928169264,8,17,2.1879999999999997
1091,4.096913917929334,13,12,2.1940000000000004
1092,-4.0886121311745995,12,13,2.116
1093,14.722817930250086,14,11,2.136
1094,24.34228748546844,15,10,2.1700000000000004
1095,4.412596525935062,13,12,2.2159999999999997
1096,15.646942601147991,14,11,2.168
1097,4.794876237957228,13,12,2.182
1098,24.727082632094273,15,10,2.1700000000000004
1099,6.1441629770475075,13,12,2.198
1100,-5.006308939044093,12,13,2.178
1101,15.285946770326717,14,11,2.1839999999999997
1102,13.74410816157006,14,11,2.2479999999999998
1103,3.7623874523286105,13,12,2.226
1104,3.7788613878422055,13,12,2.3600000000000003
1105,5.166663083804899,13,12,2.2339999999999995
1106,5.187820371712511,13,12,2.14
1107,4.611448779730239,13,12,2.34
1108,14.601827809875807,14,11,2.292
1109,15.538775648381955,14,11,2.2060000000000004
1110,4.882607258431793,13,12,2.2779999999999996
1111,5.344706556895324,13,12,2.246
1112,34.09878545638041,16,9,2.13
1113,14.656142615180949,14,11,2.1820000000000004
1114,14.992307797552094,14,11,2.11
1115,16.001353810528546,14,11,2.1160000000000005
1116,25.751017420968317,15,10,2.3279999999999994
1117,-4.875061972658847,12,13,2.168
1118,24.428202080468196,15,10,2.256
1119,24.193652687605216,15,10,2.232
1120,24.839895015307835,15,10,2.1799999999999997
1121,14.696076556765615,14,11,2.174
1122,14.608468049315322,14,11,2.302
1123,4.338964327283284,13,12,2.198
1124,34.53535006440109,16,9,2.1820000000000004
1125,14.711776771553456,14,11,2.2120000000000006
1126,-4.521272209708371,12,13,2.2760000000000002
1127,13.74688245119421,14,11,2.252
1128,24.88464211402835,15,10,2.2399999999999998
1129,14.518304545925988,14,11,2.0780000000000003
1130,23.503990877011727,15,10,2.2300000000000004
1131,15.015403870490834,14,11,2.2359999999999998
1132,35.5833490428016,16,9,2.228
1133,4.423585098245236,13,12,2.2600000000000002
1134,35.07859716273283,16,9,2.1759999999999997
1135,24.11959299066745,15,10,2.258
1136,15.329430752428472,14,11,2.19
1137,5.892595426967323,13,12,2.304
1138,25.57967707591871,15,10,2.2120000000000006
1139,14.105052881289684,14,11,2.232
1140,34.7013859067046,16,9,2.2800000000000002
1141,25.845335152173327,15,10,2.3080000000000003
1142,25.85138681240678,15,10,2.136
1143,15.318599243492237,14,11,2.21
1144,12.968646522328841,14,11,2.2199999999999998
1145,-5.976649019405277,12,13,2.1719999999999997
1146,4.5294281881350065,13,12,2.2199999999999998
1147,4.5737338592424965,13,12,2.326
1148,14.685187690217523,14,11,2.242
1149,15.03298088991117,14,11,2.3360000000000003
1150,13.631327971774,14,11,2.2080000000000006
1151,4.962857318714313,13,12,2.258
1152,25.14218137083237,15,10,2.1380000000000003
1153,13.774697271023426,14,11,2.214
1154,15.119823552808512,14,11,2.1499999999999995
1155,25.28603725139439,15,10,2.1540000000000004
1156,35.47925054961378,16,9,2.232
1157,4.7379625680991495,13,12,2.174
1158,4.729756735063896,13,12,2.1380000000000003
1159,4.943646388665035,13,12,2.2
1160,5.405097465415146,13,12,2.21
1161,23.991492430746273,15,10,2.25
1162,13.340496779899969,14,11,2.184
1163,15.008260583064953,14,11,2.2
1164,5.120726581079718,13,12,2.182
1165,25.160402901060777,15,10,2.1719999999999997
1166,5.278909611979584,13,12,2.2059999999999995
1167,-5.383983748287102,12,13,2.2059999999999995
1168,-5.745510988743336,12,13,2.3280000000000003
1169,15.264751594317971,14,11,2.2079999999999997
1170,23.54408480428164,15,10,2.2119999999999997
1171,15.472521786368592,14,11,2.154
1172,-14.968130792022317,11,14,2.174
1173,4.305687105114188,13,12,2.226
1174,5.223780418730314,13,12,2.2600000000000002
1175,14.892090961101163,14,11,2.2
1176,4.2956771897661,13,12,2.198
1177,5.100176194667322,13,12,2.19
1178,3.399991875646295,13,12,2.276
1179,24.594097053199768,15,10,2.068
1180,-4.444279630238911,12,13,2.24
1181,14.420216418199951,14,11,2.2079999999999997
1182,4.987725472066825,13,12,2.2239999999999998
1183,15.3989305224353,14,11,2.3120000000000003
1184,24.945735073263783,15,10,2.222
1185,13.074088306771692,14,11,2.194
1186,-14.615019400606082,11,14,2.25
1187,24.42334231130197,15,10,2.2560000000000002
1188,14.835481005488624,14,11,2.1280000000000006
1189,4.336993726879178,13,12,2.202
1190,23.81880958113362,15,10,2.208
1191,34.66165839501213,16,9,2.1740000000000004
1192,5.332785288985717,13,12,2.1979999999999995
1193,13.376690359920719,14,11,2.11
1194,-15.460745625243334,11,14,2.218
1195,14.95897401922537,14,11,2.154
1196,13.461764568034518,14,11,2.2539999999999996
1197,25.661894401469358,15,10,2.268
1198,4.626340275452799,13,12,2.258
1199,15.87063960964668,14,11,2.284
1200,24.746832275034645,15,10,2.338
1201,14.25524688550536,14,11,2.192
1202,25.143890061642796,15,10,2.1660000000000004
1203,13.460864618140707,14,11,2.252
1204,4.864807811834974,13,12,2.216
1205,3.318255869151926,13,12,2.202
1206,-6.019437244976514,12,13,2.1780000000000004
1207,25.101550350106177,15,10,2.1719999999999997
1208,-4.433088220244726,12,13,2.188
1209,15.184279813327034,14,11,2.274
1210,15.145674530560889,14,11,2.2760000000000002
1211,24.965434086305336,15,10,2.278
1212,24.630930487772744,15,10,2.272
1213,25.440052207836935,15,10,2.198
1214,4.575646079735748,13,12,2.1980000000000004
1215,-6.125239118773873,12,13,2.182
1216,24.407600075973026,15,10,2.2500000000000004
1217,24.961003035982678,15,10,2.248
1218,14.793619313550337,14,11,2.096
1219,24.514246547411773,15,10,2.232
1220,24.35501287082493,15,10,2.218
1221,24.51666102900341,15,10,2.146
1222,4.79168860251303,13,12,2.302
1223,15.297954343662175,14,11,2.2199999999999998
1224,14.629525291519712,14,11,2.248
1225,15.38392761460573,14,11,2.1799999999999997
1226,-5.767006677470211,12,13,2.178
1227,14.059696092689748,14,11,2.1479999999999997
1228,15.220388605945587,14,11,2.098
1229,5.526516613795462,13,12,2.162
1230,4.152845186903693,13,12,2.192
1231,4.5786360417487515,13,12,2.238
1232,4.016156465492719,13,12,2.2660000000000005
1233,4.107542923524836,13,12,2.2199999999999998
1234,25.4664524492267,15,10,2.1660000000000004
1235,13.425955302356089,14,11,2.178
1236,-16.14165800175953,11,14,2.2380000000000004
1237,23.416826059810205,15,10,2.1900000000000004
1238,4.756172509840705,13,12,2.2900000000000005
1239,3.7426029606095037,13,12,2.258
1240,4.4989186183513326,13,12,2.222
1241,14.925888165769525,14,11,2.1919999999999997
1242,24.012032499100805,15,10,2.208
1243,14.986075988948642,14,11,2.2399999999999998
1244,15.23294079160218,14,11,2.1740000000000004
1245,24.421781082332384,15,10,2.13
1246,24.29116567051653,15,10,2.238
1247,34.77436249109025,16,9,2.1559999999999997
1248,34.14311260676017,16,9,2.132
1249,14.17588480282537,14,11,2.366
1250,15.978855869559794,14,11,2.3339999999999996
1251,13.736745478007371,14,11,2.1439999999999992
1252,24.488869326729507,15,10,2.102
1253,24.55081918324828,15,10,2.17
1254,13.656738156003886,14,11,2.21
1255,14.850524543573592,14,11,2.254
1256,4.0643172393998555,13,12,2.2100000000000004
1257,13.658842245346086,14,11,2.152
1258,4.989945792786359,13,12,2.2399999999999998
1259,23.640177055360176,15,10,2.2560000000000002
1260,4.032110372539131,13,12,2.2299999999999995
1261,12.905209305665387,14,11,2.3340000000000005
1262,24.93989070471615,15,10,2.34
1263,5.337159575369808,13,12,2.1960000000000006
1264,15.25479616167737,14,11,2.154
1265,24.604515495407455,15,10,2.2139999999999995
1266,24.53460330489969,15,10,2.26
1267,24.16648822036442,15,10,2.244
1268,14.351471124480838,14,11,2.284
1269,23.963734536665015,15,10,2.1940000000000004
1270,4.425956846989318,13,12,2.262
1271,14.36297518071547,14,11,2.136
1272,34.67767886825089,16,9,2.208
1273,13.470717906038496,14,11,2.128
1274,13.328489765425385,14,11,2.128
1275,23.69241037310037,15,10,2.3579999999999997
1276,23.719764395219833,15,10,2.21
1277,25.333687440896302,15,10,2.194
1278,14.451136527180072,14,11,2.244
1279,4.394698554586748,13,12,2.1879999999999997
1280,-5.27070695384582,12,13,2.2239999999999993
1281,34.38251528189215,16,9,2.2380000000000004
1282,33.359075808343704,16,9,2.2379999999999995
1283,14.881629864303552,14,11,2.192
1284,33.25976311265674,16,9,2.184
1285,14.94917641297951,14,11,2.162
1286,23.83442701842194,15,10,2.1640000000000006
1287,24.595772500171744,15,10,2.1660000000000004
1288,24.565307561318583,15,10,2.1979999999999995
1289,3.748035066179842,13,12,2.274
1290,34.15501841602077,16,9,2.22
1291,13.99813090791941,14,11,2.2180000000000004
1292,15.329284109666572,14,11,2.1559999999999997
1293,4.401251560715991,13,12,2.338
1294,24.958559231864832,15,10,2.288
1295,24.37246118726973,15,10,2.2399999999999998
1296,23.82074849934149,15,10,2.268
1297,13.62482193907611,14,11,2.2
1298,24.235414214067212,15,10,2.238
1299,15.066395326698618,14,11,2.214
1300,12.960402419501767,14,11,2.2800000000000002
1301,13.954480577962766,14,11,2.25
1302,-16.85763781859552,11,14,2.272
1303,14.292206348300725,14,11,2.2060000000000004
1304,34.782516864388256,16,9,2.218
1305,12.662689416770844,14,11,2.168
1306,3.934786340119877,13,12,2.252
1307,-5.713162601983321,12,13,2.2620000000000005
1308,13.263710640480577,14,11,2.1719999999999997
1309,23.70954872749709,15,10,2.1740000000000004
1310,4.266345344551928,13,12,2.252
1311,34.952517206676646,16,9,2.1420000000000003
1312,24.312315708486178,15,10,2.2119999999999997
1313,15.298279815734322,14,11,2.3120000000000003
1314,24.643622024067284,15,10,2.2760000000000007
1315,5.782466205859573,13,12,2.2199999999999998
1316,13.485950977480163,14,11,2.21
1317,14.101973890171458,14,11,2.1979999999999995
1318,33.9333908473527,16,9,2.1800000000000006
1319,24.007678826700136,15,10,2.22
1320,3.7945648166095136,13,12,2.246
1321,33.8717216063453,16,9,2.292
1322,24.156314417937686,15,10,2.3160000000000003
1323,4.926965721277927,13,12,2.364
1324,24.778664341645836,15,10,2.258
1325,33.97975387048185,16,9,2.338
1326,23.466426755871,15,10,2.3419999999999996
1327,24.444482671410444,15,10,2.222
1328,34.46165104241106,16,9,2.22
1329,4.020599022748032,13,12,2.084
1330,4.2938863839182275,13,12,2.1900000000000004
1331,13.709869532933418,14,11,2.2540000000000004
1332,24.292038403075757,15,10,2.412
1333,4.920862880788824,13,12,2.32
1334,13.58622018171074,14,11,2.296
1335,3.647731319625672,13,12,2.2379999999999995
1336,4.450031586610444,13,12,2.1819999999999995
1337,13.23474688293809,14,11,2.252
1338,15.17027021998496,14,11,2.1919999999999997
1339,23.91803305315643,15,10,2.2039999999999997
1340,13.373453205280112,14,11,2.3040000000000003
1341,4.6600051542574885,13,12,2.1719999999999997
1342,15.12262275457887,14,11,2.2079999999999997
1343,24.048799763499552,15,10,2.1580000000000004
1344,14.250463449245595,14,11,2.1919999999999997
1345,14.05065629821249,14,11,2.068
1346,14.208380558918087,14,11,2.3099999999999996
1347,14.020748035577663,14,11,2.3600000000000003
1348,13.410867703032752,14,11,2.1340000000000003
1349,5.442967301471125,13,12,2.2239999999999998
1350,4.399045376698215,13,12,2.2139999999999995
1351,34.41150648564857,16,9,2.26
1352,33.57503343563129,16,9,2.296
1353,33.69592236190877,16,9,2.196
1354,25.22303710730898,15,10,2.1700000000000004
1355,-6.21624173468306,12,13,2.276
1356,33.770535618979274,16,9,2.216
1357,24.277155056414966,15,10,2.1980000000000004
1358,14.945320260119786,14,11,2.2
1359,24.77540159907632,15,10,2.356
1360,14.038255982062736,14,11,2.188
1361,13.535845202525511,14,11,2.196
1362,3.969937986779134,13,12,2.1979999999999995
1363,3.391966041567871,13,12,2.2800000000000002
1364,24.868629173416217,15,10,2.242
1365,25.278732829602614,15,10,2.222
1366,13.430944867015038,14,11,2.2079999999999997
1367,4.22713279090252,13,12,2.2660000000000005
1368,4.509738301897689,13,12,2.148
1369,4.114310689882059,13,12,2.182
1370,14.62418761465146,14,11,2.25
1371,24.27447506054982,15,10,2.192
1372,24.549439138100553,15,10,2.1380000000000003
1373,4.412923476093335,13,12,2.194
1374,32.81219974504907,16,9,2.168
1375,4.261201993160665,13,12,2.2
1376,24.4513648871041,15,10,2.228
1377,12.930617684406094,14,11,2.1480000000000006
1378,23.893956982487516,15,10,2.338
1379,-6.1176522896021615,12,13,2.222
1380,4.346626009090472,13,12,2.308
1381,5.130623077094942,13,12,2.262
1382,24.682876630277956,15,10,2.2299999999999995
1383,34.59784557689416,16,9,2.194
1384,24.36095772593866,15,10,2.216
1385,23.935300808389357,15,10,2.326
1386,34.69552729601515,16,9,2.2380000000000004
1387,34.49033243056863,16,9,2.228
1388,15.382565366729159,14,11,2.278
1389,14.146608820282626,14,11,2.2
1390,14.68771580026333,14,11,2.298
1391,4.4769632273560545,13,12,2.2779999999999996
1392,24.803611825118473,15,10,2.2779999999999996
1393,23.513082808288488,15,10,2.272
1394,23.916997037822792,15,10,2.1420000000000003
1395,14.658354611311985,14,11,2.2779999999999996
1396,14.114811903290612,14,11,2.238
1397,34.57129409415846,16,9,2.172
1398,24.09293605355849,15,10,2.1659999999999995
1399,24.42853430956753,15,10,2.1420000000000003
1400,24.111109712711773,15,10,2.3
1401,24.122187577161853,15,10,2.2439999999999998
1402,24.11562101440896,15,10,2.2640000000000002
1403,23.72017576836792,15,10,2.322
1404,24.33944151581673,15,10,2.216
1405,13.684687242681722,14,11,2.1979999999999995
1406,13.562168521838906,14,11,2.0940000000000003
1407,14.439712751703727,14,11,2.222
1408,35.044228355300184,16,9,2.242
1409,14.28448682206815,14,11,2.0799999999999996
1410,24.526140207102188,15,10,2.136
1411,15.269195411572387,14,11,2.2139999999999995
1412,24.419355814004934,15,10,2.2100000000000004
1413,24.31439263004288,15,10,2.134
1414,5.107352307011249,13,12,2.3
1415,23.62564343536564,15,10,2.2339999999999995
1416,24.78812347112736,15,10,2.258
1417,25.624556679651178,15,10,2.2
1418,-7.5211138258234795,12,13,2.258
1419,23.2434036439502,15,10,2.2520000000000002
1420,23.978660438011108,15,10,2.2399999999999998
1421,23.76677312414958,15,10,2.154
1422,15.407885436824053,14,11,2.202
1423,13.711388889090632,14,11,2.2100000000000004
1424,14.392241741267208,14,11,2.268
1425,3.343053142438288,13,12,2.258
1426,35.04819461288254,16,9,2.368
1427,13.195030577675848,14,11,2.234
1428,25.110803806737227,15,10,2.2039999999999997
1429,24.624546114703975,15,10,2.2439999999999998
1430,4.013654042652822,13,12,2.21
1431,4.7095254371359845,13,12,2.3120000000000003
1432,13.83591206578097,14,11,2.0940000000000003
1433,-6.173275485952015,12,13,2.1439999999999997
1434,13.241315885346404,14,11,2.3280000000000003
1435,13.492404962204537,14,11,2.162
1436,25.6040480435693,15,10,2.322
1437,25.227448586091704,15,10,2.142
1438,23.827674532696804,15,10,2.268
1439,13.75034018520192,14,11,2.1540000000000004
1440,23.62350541265616,15,10,2.18
1441,34.145041354672024,16,9,2.188
1442,24.55978898305341,15,10,2.082
1443,33.379205531517364,16,9,2.21
1444,23.746618474981062,15,10,2.3659999999999997
1445,14.863629759432238,14,11,2.2280000000000006
1446,-5.524150708095372,12,13,2.284
1447,4.614821372477058,13,12,2.308
1448,24.849861395888272,15,10,2.2920000000000003
1449,23.60673385139234,15,10,2.23
1450,25.36541292925677,15,10,2.202
1451,24.12894552100371,15,10,2.192
1452,4.322448560229031,13,12,2.1079999999999997
1453,3.5960277498760136,13,12,2.212
1454,13.965638859095288,14,11,2.136
1455,15.196772631223265,14,11,2.2380000000000004
1456,24.442397250574974,15,10,2.2319999999999998
1457,4.505846827657843,13,12,2.224
1458,24.74985706204372,15,10,2.104
1459,24.60543746616662,15,10,2.214
1460,34.15682813107056,16,9,2.162
1461,13.386025213412498,14,11,2.218
1462,14.360534100864607,14,11,2.206
1463,14.601159557787195,14,11,2.284
1464,15.030099862642587,14,11,2.256
1465,3.568833416767383,13,12,2.226
1466,12.523017355773778,14,11,2.2420000000000004
1467,-5.185994985065475,12,13,2.242
1468,4.130040772444971,13,12,2.2860000000000005
1469,24.50015257348894,15,10,2.318
1470,14.47711163473045,14,11,2.282
1471,35.363904735090856,16,9,2.242
1472,24.183904226567282,15,10,2.322
1473,23.528289441374483,15,10,2.114
1474,13.459839210339778,14,11,2.154
1475,14.097414613277104,14,11,2.228
1476,24.97902173217068,15,10,2.3560000000000003
1477,23.450921077900382,15,10,2.24
1478,33.78738214273234,16,9,2.1740000000000004
1479,3.3430017013325246,13,12,2.29
1480,24.40686271905654,15,10,2.118
1481,13.793848063757633,14,11,2.2300000000000004
1482,4.505880709965107,13,12,2.1540000000000004
1483,15.666486699605109,14,11,2.272
1484,15.496456503301854,14,11,2.25
1485,24.276927810414005,15,10,2.308
1486,25.018054462713565,15,10,2.2619999999999996
1487,25.426112884943933,15,10,2.2459999999999996
1488,24.17296706906243,15,10,2.19
1489,34.89074262001583,16,9,2.158
1490,14.43981678461824,14,11,2.1919999999999993
1491,14.733642151336436,14,11,2.1339999999999995
1492,23.83720216088424,15,10,2.2339999999999995
1493,3.390519684343124,13,12,2.242
1494,33.70838761940684,16,9,2.284
1495,23.003361596176397,15,10,2.19
1496,14.939379857717258,14,11,2.252
1497,4.97436362112962,13,12,2.164
1498,23.479101777235094,15,10,2.2119999999999997
1499,23.378906641770016,15,10,2.242
1500,24.34626892293405,15,10,2.252
1501,24.441800287605453,15,10,2.1439999999999997
1502,13.981359273909952,14,11,2.222
1503,14.13444987383362,14,11,2.1900000000000004
1504,24.842086019884174,15,10,2.2319999999999993
1505,15.14645158587807,14,11,2.256
1506,14.326407296166835,14,11,2.1879999999999997
1507,14.43419950124739,14,11,2.128
1508,23.62001971535937,15,10,2.1979999999999995
1509,24.1623436153708,15,10,2.2619999999999996
1510,14.018657516397028,14,11,2.2060000000000004
1511,-6.633631543198347,12,13,2.218
1512,14.406954133503426,14,11,2.24
1513,13.635245543061066,14,11,2.2340000000000004
1514,4.984972990455306,13,12,2.236
1515,24.146323639474378,15,10,2.1780000000000004
1516,24.91329755050279,15,10,2.1860000000000004
1517,34.11892450848113,16,9,2.202
1518,23.7422984008132,15,10,2.178
1519,4.621980404860743,13,12,2.1959999999999997
1520,34.672818997439016,16,9,2.164
1521,24.701932592418657,15,10,2.2340000000000004
1522,34.65097160473485,16,9,2.186
1523,25.41829706784607,15,10,2.23
1524,25.09441689924876,15,10,2.1900000000000004
1525,24.04895092421735,15,10,2.218
1526,15.099090945843576,14,11,2.1660000000000004
1527,22.80194330796716,15,10,2.204
1528,24.401903734617868,15,10,2.1540000000000004
1529,33.9886965814513,16,9,2.1660000000000004
1530,34.21523662874591,16,9,2.146
1531,25.03833787589252,15,10,2.2760000000000002
1532,15.583518643455138,14,11,2.206
1533,24.817319180430868,15,10,2.2479999999999998
1534,23.54990850183588,15,10,2.1260000000000003
1535,14.35455596574892,14,11,2.278
1536,34.34795669125036,16,9,2.17
1537,14.999547889218096,14,11,2.266
1538,24.16705407179083,15,10,2.2039999999999997
1539,25.58475910478602,15,10,2.2939999999999996
1540,23.27402538655615,15,10,2.2399999999999998
1541,25.4192580757046,15,10,2.1559999999999997
1542,35.124903837075614,16,9,2.196
1543,4.34521491950826,13,12,2.222
1544,13.768408464204711,14,11,2.272
1545,23.57393263105343,15,10,2.152
1546,5.362845296041227,13,12,2.162
1547,24.541506381657936,15,10,2.318
1548,24.439436233703177,15,10,2.26
1549,23.158183320342225,15,10,2.2520000000000002
1550,33.597037629338445,16,9,2.242
1551,24.66979643539596,15,10,2.276
1552,14.533796549603919,14,11,2.132
1553,24.27358541783502,15,10,2.2
1554,14.408650565531913,14,11,2.22
1555,23.869298245294637,15,10,2.2119999999999997
1556,14.633347901630012,14,11,2.3120000000000003
1557,14.626830110083478,14,11,2.2420000000000004
1558,13.869422928093504,14,11,2.2020000000000004
1559,34.34937086182613,16,9,2.262
1560,25.19089708395113,15,10,2.1740000000000004
1561,24.489642582900675,15,10,2.27
1562,4.925306608270174,13,12,2.2720000000000002
1563,24.734501570031973,15,10,2.164
1564,24.19767667440184,15,10,2.172
1565,23.769854823585124,15,10,2.252
1566,13.794300359247167,14,11,2.288
1567,15.388328123856935,14,11,2.186
1568,13.760797391474243,14,11,2.1100000000000003
1569,44.78682718069936,17,8,2.274
1570,24.358358179260655,15,10,2.18
1571,24.874390193966246,15,10,2.234
1572,34.84356269673853,16,9,2.042
1573,24.759392467788274,15,10,2.258
1574,24.202245866858952,15,10,2.208
1575,13.022005734055794,14,11,2.28
1576,14.892986342840164,14,11,2.18
1577,35.64606748978004,16,9,2.2659999999999996
1578,24.261557473934747,15,10,2.2239999999999998
1579,14.149794353343125,14,11,2.2239999999999993
1580,24.462390786825736,15,10,2.1599999999999997
1581,34.48826835476017,16,9,2.184
1582,25.10023792470657,15,10,2.248
1583,24.10750341409815,15,10,2.244
1584,4.916308225170055,13,12,2.21
1585,14.149436359437166,14,11,2.1639999999999997
1586,24.865865607861874,15,10,2.166
1587,25.16605434691562,15,10,2.232
1588,23.5495795127988,15,10,2.164
1589,24.51120536199095,15,10,2.166
1590,24.63625608404533,15,10,2.316
1591,34.942241191769014,16,9,2.208
1592,23.481403954908963,15,10,2.1740000000000004
1593,25.17022186719261,15,10,2.25
1594,25.21734043542901,15,10,2.2119999999999997
1595,25.014291369611776,15,10,2.2380000000000004
1596,14.938377909366197,14,11,2.098
1597,24.30646125063226,15,10,2.25
1598,3.9614839542150366,13,12,2.23
1599,13.73053319299228,14,11,2.176
1600,14.205735400184873,14,11,2.2560000000000002
1601,14.842112967435467,14,11,2.264
1602,23.985588908797254,15,10,2.1799999999999997
1603,34.75629948246621,16,9,2.212
1604,5.230691887660165,13,12,2.1860000000000004
1605,22.873549296641887,15,10,2.12
1606,26.116966946531555,15,10,2.222
1607,35.21485139644669,16,9,2.2159999999999997
1608,14.362678859059564,14,11,2.278
1609,23.999073262401197,15,10,2.2440000000000007
1610,4.796444796584023,13,12,2.2979999999999996
1611,14.447051532098138,14,11,2.168
1612,14.670489393720368,14,11,2.296
1613,13.73775138258455,14,11,2.254
1614,34.40022887142441,16,9,2.2
1615,24.411829736568585,15,10,2.262
1616,24.302447666345245,15,10,2.25
1617,35.70818460207801,16,9,2.158
1618,34.38907373936427,16,9,2.1700000000000004
1619,24.533484110187516,15,10,2.246
1620,24.855871490869614,15,10,2.104
1621,24.199388669312498,15,10,2.246
1622,23.232331974495537,15,10,2.242
1623,14.96717688233597,14,11,2.1399999999999997
1624,23.09266878738002,15,10,2.1900000000000004
1625,23.831238368173576,15,10,2.1479999999999997
1626,24.56486271334315,15,10,2.2039999999999997
1627,5.196981770021393,13,12,2.204
1628,14.618632516994083,14,11,2.2
1629,14.223259482624735,14,11,2.2359999999999998
1630,24.003398998842748,15,10,2.178
1631,13.000267179430805,14,11,2.25
1632,23.909269891423744,15,10,2.2960000000000003
1633,13.996783221836447,14,11,2.164
1634,23.695958875858135,15,10,2.172
1635,-6.773643274502996,12,13,2.228
1636,33.358811296151686,16,9,2.278
1637,34.13203051373596,16,9,2.192
1638,34.6623526549395,16,9,2.2560000000000002
1639,33.71195283192862,16,9,2.262
1640,23.55332710655586,15,10,2.184
1641,23.51117268180627,15,10,2.274
1642,25.56792384377576,15,10,2.2180000000000004
1643,13.813147932214893,14,11,2.36
1644,15.639700176042146,14,11,2.128
1645,24.50118376645633,15,10,2.248
1646,24.290476225303323,15,10,2.238
1647,23.42547658333958,15,10,2.21
1648,34.23430881914409,16,9,2.234
1649,23.890732993406864,15,10,2.26
1650,5.27073351647919,13,12,2.174
1651,24.37573051188155,15,10,2.23
1652,13.722741782114156,14,11,2.25
1653,14.285513729406127,14,11,2.2399999999999998
1654,34.560476104068414,16,9,2.332
1655,12.938820905502507,14,11,2.202
1656,24.10461477138698,15,10,2.224
1657,13.755261534208273,14,11,2.176
1658,23.678193058934678,15,10,2.2540000000000004
1659,34.58599245838588,16,9,2.2779999999999996
1660,15.049719461327863,14,11,2.208
1661,25.059977589858104,15,10,2.306
1662,23.88340600708099,15,10,2.178
1663,24.941717683090047,15,10,2.21
1664,15.466677370501412,14,11,2.1799999999999997
1665,14.497725148352538,14,11,2.182
1666,34.58415402547652,16,9,2.2760000000000002
1667,13.234303862292105,14,11,2.286
1668,3.6001032994235125,13,12,2.362
1669,34.13965849072076,16,9,2.146
1670,24.787435966063875,15,10,2.274
1671,23.953983164304315,15,10,2.21
1672,14.564662749991065,14,11,2.278
1673,-6.399255488743047,12,13,2.206
1674,23.72682699482853,15,10,2.262
1675,23.23006702286851,15,10,2.2619999999999996
1676,23.086513157044454,15,10,2.208
1677,14.100789132774842,14,11,2.234
1678,23.78310103427493,15,10,2.242
1679,3.94353571062869,13,12,2.22
1680,24.60287408108862,15,10,2.2079999999999997
1681,24.930674395150497,15,10,2.2279999999999993
1682,23.572189713787626,15,10,2.206
1683,14.104224629009728,14,11,2.1719999999999997
1684,24.666232937285407,15,10,2.2440000000000007
1685,13.835851035579362,14,11,2.226
1686,14.118093626857297,14,11,2.2800000000000002
1687,33.65046186022147,16,9,2.2359999999999998
1688,33.88522620237551,16,9,2.234
1689,33.62295621710524,16,9,2.248
1690,23.671152509294632,15,10,2.238
1691,13.740504087190658,14,11,2.288
1692,23.13705763309242,15,10,2.166
1693,23.831691034924305,15,10,2.1599999999999997
1694,33.30876267342631,16,9,2.266
1695,24.467810081052875,15,10,2.2299999999999995
1696,-5.314502495681578,12,13,2.2379999999999995
1697,34.213070743093276,16,9,2.2619999999999996
1698,24.190561945515697,15,10,2.278
1699,24.30746754892214,15,10,2.1599999999999993
1700,33.393654662155406,16,9,2.2119999999999997
1701,23.017345703491962,15,10,2.2380000000000004
1702,12.93565853112203,14,11,2.2720000000000002
1703,34.11058620760167,16,9,2.1979999999999995
1704,4.250425232673865,13,12,2.178
1705,34.436796920902836,16,9,2.218
1706,23.104966513817857,15,10,2.1580000000000004
1707,34.56825504502039,16,9,2.256
1708,33.842087718288184,16,9,2.262
1709,14.51087724425215,14,11,2.16
1710,13.21004757807498,14,11,2.212
1711,23.527543719289323,15,10,2.2119999999999997
1712,12.82771465620061,14,11,2.258
1713,14.40295569223937,14,11,2.17
1714,23.454306443169887,15,10,2.238
1715,23.89886200032974,15,10,2.3280000000000003
1716,24.23034368522177,15,10,2.196
1717,14.060175509718116,14,11,2.148
1718,13.04565802718161,14,11,2.3
1719,34.03571973746996,16,9,2.278
1720,24.004757916055,15,10,2.286
1721,33.13125191794321,16,9,2.164
1722,13.58537441383121,14,11,2.1260000000000003
1723,25.063324610245903,15,10,2.336
1724,34.62855256190614,16,9,2.1980000000000004
1725,24.484978521867408,15,10,2.252
1726,-5.531851317351046,12,13,2.268
1727,33.52840957513469,16,9,2.208
1728,3.789078546276752,13,12,2.3
1729,23.543687296492692,15,10,2.13
1730,24.496806415150797,15,10,2.2359999999999998
1731,24.364394149783834,15,10,2.242
1732,23.640187390930453,15,10,2.2319999999999998
1733,4.144131344681709,13,12,2.188
1734,23.536186052888986,15,10,2.104
1735,35.06398154325926,16,9,2.1940000000000004
1736,13.563311183812136,14,11,2.3320000000000003
1737,14.589580177201881,14,11,2.298
1738,24.483754704848153,15,10,2.3019999999999996
1739,24.535188998413396,15,10,2.216
1740,34.22167242184752,16,9,2.166
1741,24.351578116090618,15,10,2.2399999999999998
1742,24.562571148273353,15,10,2.13
1743,24.099232338264102,15,10,2.242
1744,22.719597711513476,15,10,2.2079999999999997
1745,24.017426879029845,15,10,2.1700000000000004
1746,13.176012072522964,14,11,2.258
1747,23.432088377267426,15,10,2.282
1748,23.31139883768163,15,10,2.274
1749,25.201970518632933,15,10,2.298
1750,23.55621122958724,15,10,2.2220000000000004
1751,34.58690543087023,16,9,2.2700000000000005
1752,13.955353626708764,14,11,2.322
1753,23.87006324492833,15,10,2.1659999999999995
1754,23.86754390155939,15,10,2.198
1755,-5.351617957348911,12,13,2.1480000000000006
1756,13.74738745877113,14,11,2.224
1757,14.236747472927046,14,11,2.2459999999999996
1758,34.73648381585839,16,9,2.226
1759,34.182364749366066,16,9,2.156
1760,23.216001119877042,15,10,2.228
1761,24.483255829688943,15,10,2.232
1762,24.13267276789486,15,10,2.328
1763,23.079057084596162,15,10,2.2920000000000003
1764,25.14033725978442,15,10,2.1500000000000004
1765,24.475834218422126,15,10,2.258
1766,14.098492301195218,14,11,2.2060000000000004
1767,24.807321948681356,15,10,2.2140000000000004
1768,13.825927659111526,14,11,2.1820000000000004
1769,24.06632373815184,15,10,2.15
1770,23.883448074491465,15,10,2.224
1771,34.530314389009106,16,9,2.188
1772,25.25376709441904,15,10,2.246
1773,23.195916020160606,15,10,2.2380000000000004
1774,33.718033583326616,16,9,2.242
1775,34.27426012796582,16,9,2.222
1776,24.297856209095862,15,10,2.2619999999999996
1777,24.006183612587478,15,10,2.222
1778,33.82021128126411,16,9,2.2479999999999998
1779,34.5332633677843,16,9,2.14
1780,4.886282618196095,13,12,2.202
1781,22.931354203394733,15,10,2.246
1782,24.513649731718367,15,10,2.1959999999999997
1783,24.955411567095133,15,10,2.168
1784,24.22931689472529,15,10,2.214
1785,34.09475629683954,16,9,2.242
1786,35.08437157514828,16,9,2.0919999999999996
1787,24.286813869550063,15,10,2.234
1788,34.52919853932744,16,9,2.2039999999999997
1789,13.635984596427917,14,11,2.1860000000000004
1790,33.411534265330445,16,9,2.234
1791,23.51268583549434,15,10,2.1800000000000006
1792,15.54994879348272,14,11,2.1740000000000004
1793,34.202087231680714,16,9,2.168
1794,34.970014822287666,16,9,2.2640000000000002
1795,14.558341522427938,14,11,2.244
1796,23.34373538322709,15,10,2.17
1797,24.38416067706111,15,10,2.268
1798,13.201843863518988,14,11,2.19
1799,23.99667281742866,15,10,2.288
1800,24.755522214779,15,10,2.1560000000000006
1801,14.366359827599293,14,11,2.226
1802,14.229484663663502,14,11,2.124
1803,23.939263301704507,15,10,2.2299999999999995
1804,24.189446882617133,15,10,2.242
1805,14.200873407361314,14,11,2.2660000000000005
1806,23.52680519609508,15,10,2.274
1807,13.670756855511298,14,11,2.1319999999999997
1808,15.468389945789928,14,11,2.152
1809,12.749626506025741,14,11,2.164
1810,14.808545168418753,14,11,2.1599999999999997
1811,5.21481879673231,13,12,2.15
1812,34.394825427281546,16,9,2.2619999999999996
1813,34.3747807678484,16,9,2.11
1814,14.183271143353354,14,11,2.138
1815,24.456491801402983,15,10,2.194
1816,13.445244740832441,14,11,2.202
1817,23.76457132103674,15,10,2.15
1818,22.890058243883786,15,10,2.2659999999999996
1819,23.35906019816884,15,10,2.27
1820,13.855783194522381,14,11,2.1260000000000003
1821,4.043562967902661,13,12,2.25
1822,13.661333374902823,14,11,2.256
1823,24.623212657228024,15,10,2.34
1824,23.439252751219374,15,10,2.1919999999999997
1825,33.07662926220012,16,9,2.196
1826,24.03213972944551,15,10,2.228
1827,33.809387606746625,16,9,2.268
1828,34.50377794651968,16,9,2.1759999999999997
1829,24.202216537569694,15,10,2.2560000000000002
1830,23.483981080795502,15,10,2.2060000000000004
1831,15.207843814051428,14,11,2.246
1832,24.069612239038612,15,10,2.21
1833,24.909111460648315,15,10,2.162
1834,24.270756433466424,15,10,2.304
1835,33.93849933522988,16,9,2.2199999999999998
1836,13.514293120179598,14,11,2.282
1837,23.658988262804463,15,10,2.2600000000000002
1838,34.70338229143014,16,9,2.268
1839,-6.1197829837958295,12,13,2.2079999999999997
1840,15.080156667773263,14,11,2.186
1841,24.953429204278837,15,10,2.2600000000000002
1842,23.963812823387702,15,10,2.108
1843,33.42415903946933,16,9,2.1960000000000006
1844,34.519304747568995,16,9,2.096
1845,13.569311797648844,14,11,2.2439999999999998
1846,24.112218457796374,15,10,2.248
1847,3.6057439047864825,13,12,2.298
1848,34.36271799166615,16,9,2.2119999999999997
1849,14.748584357308506,14,11,2.158
1850,24.95482902935905,15,10,2.2920000000000003
1851,34.64983159048481,16,9,2.184
1852,24.099506565909895,15,10,2.164
1853,12.904145437835313,14,11,2.288
1854,34.02677681468742,16,9,2.154
1855,14.333609936985194,14,11,2.188
1856,33.91366513675541,16,9,2.186
1857,24.151667618635052,15,10,2.236
1858,33.694831540784016,16,9,2.1379999999999995
1859,34.242146341770784,16,9,2.212
1860,13.976165512912376,14,11,2.1919999999999997
1861,-6.4357093255074975,12,13,2.226
1862,23.782857251321293,15,10,2.226
1863,24.2618057013563,15,10,2.228
1864,23.633419354543168,15,10,2.226
1865,23.178071481005297,15,10,2.218
1866,24.472157722768245,15,10,2.1580000000000004
1867,25.538628855375997,15,10,2.2300000000000004
1868,14.486626814722158,14,11,2.136
1869,3.3438017766948374,13,12,2.262
1870,33.4643214488135,16,9,2.2299999999999995
1871,33.54829044248805,16,9,2.152
1872,25.371969299006587,15,10,2.1800000000000006
1873,23.379789307604653,15,10,2.2500000000000004
1874,24.01829899750934,15,10,2.198
1875,13.60341605716089,14,11,2.252
1876,23.804877639976297,15,10,2.294
1877,25.02269449116739,15,10,2.238
1878,34.45004822105455,16,9,2.226
1879,4.362116237281855,13,12,2.2680000000000002
1880,23.57078128285784,15,10,2.2300000000000004
1881,23.49806982874707,15,10,2.268
1882,13.898581175673652,14,11,2.2680000000000002
1883,13.348646636256575,14,11,2.168
1884,23.819363045854274,15,10,2.2540000000000004
1885,13.193971824821414,14,11,2.232
1886,14.322159558137988,14,11,2.2339999999999995
1887,23.844942149644133,15,10,2.168
1888,33.8862877121431,16,9,2.178
1889,24.736796032162808,15,10,2.2719999999999994
1890,33.84159099324562,16,9,2.242
1891,24.10751684215409,15,10,2.198
1892,23.897420984604352,15,10,2.218
1893,14.021626881772246,14,11,2.284
1894,33.6153256334714,16,9,2.2380000000000004
1895,14.173518892991995,14,11,2.2459999999999996
1896,13.210891760699853,14,11,2.218
1897,23.73739340593593,15,10,2.2540000000000004
1898,23.626003500299106,15,10,2.21
1899,12.979979577475316,14,11,2.2660000000000005
1900,14.31573360179366,14,11,2.3120000000000003
1901,14.089120666929116,14,11,2.27
1902,14.066592552272098,14,11,2.2
1903,13.720321605629184,14,11,2.2619999999999996
1904,14.06990452197292,14,11,2.174
1905,34.12914899636948,16,9,2.234
1906,34.01867500887874,16,9,2.396
1907,24.659088000369167,15,10,2.1439999999999997
1908,23.517607265151245,15,10,2.2079999999999997
1909,24.42805977599479,15,10,2.168
1910,13.303065624373247,14,11,2.2239999999999998
1911,13.862043905825537,14,11,2.2299999999999995
1912,24.295434022853073,15,10,2.226
1913,23.343891415297975,15,10,2.1260000000000003
1914,13.174864506089325,14,11,2.298
1915,23.736954914915295,15,10,2.1420000000000003
1916,34.96493307923689,16,9,2.0780000000000003
1917,23.284974970385935,15,10,2.2239999999999998
1918,23.13569313278589,15,10,2.2359999999999998
1919,24.033125480270765,15,10,2.27
1920,15.012011500019284,14,11,2.168
1921,33.3893153544296,16,9,2.314
1922,34.34573043654407,16,9,2.2340000000000004
1923,33.56046042504897,16,9,2.232
1924,33.69173063993054,16,9,2.262
1925,34.18467594492671,16,9,2.202
1926,13.840050285791914,14,11,2.226
1927,23.41797590377529,15,10,2.28
1928,13.945210543640306,14,11,2.154
1929,5.041438346096275,13,12,2.1660000000000004
1930,33.9262572199338,16,9,2.1980000000000004
1931,23.119129275437913,15,10,2.212
1932,24.717151090381215,15,10,2.252
1933,32.83240452083472,16,9,2.308
1934,22.02202309072148,15,10,2.174
1935,24.222765073559003,15,10,2.1780000000000004
1936,13.86537852228174,14,11,2.162
1937,23.675795758457035,15,10,2.258
1938,23.676288384984993,15,10,2.2359999999999998
1939,13.69501854257728,14,11,2.2619999999999996
1940,14.848860605283887,14,11,2.136
1941,14.191188395288398,14,11,2.292
1942,33.72734114349395,16,9,2.232
1943,23.986403799149993,15,10,2.138
1944,23.564823085325415,15,10,2.2439999999999998
1945,34.006359374921786,16,9,2.286
1946,23.306479252678326,15,10,2.2640000000000002
1947,15.13983290064933,14,11,2.224
1948,34.08966364992269,16,9,2.2159999999999997
1949,23.451539501488103,15,10,2.128
1950,14.12025510720392,14,11,2.196
1951,14.613991000831845,14,11,2.232
1952,4.546499386419974,13,12,2.2600000000000002
1953,23.750890331661015,15,10,2.2600000000000002
1954,13.678862619172033,14,11,2.2939999999999996
1955,15.115140951300486,14,11,2.214
1956,22.76189513948868,15,10,2.2060000000000004
1957,23.75086718669996,15,10,2.16
1958,24.053033657771387,15,10,2.2279999999999993
1959,33.802528321125095,16,9,2.1700000000000004
1960,34.29067153653116,16,9,2.198
1961,23.9680500545065,15,10,2.1700000000000004
1962,34.25484697979892,16,9,2.208
1963,14.196500420125128,14,11,2.2600000000000002
1964,23.633011729448747,15,10,2.214
1965,14.246153061563746,14,11,2.234
1966,15.042876968276678,14,11,2.2339999999999995
1967,4.5085623117028035,13,12,2.1799999999999997
1968,24.042378784744628,15,10,2.0780000000000003
1969,13.462724038739589,14,11,2.2140000000000004
1970,14.34592041590114,14,11,2.236
1971,24.55650299047034,15,10,2.216
1972,4.149977306355142,13,12,2.232
1973,22.95780235232892,15,10,2.202
1974,3.6903351890878793,13,12,2.232
1975,23.998010835856995,15,10,2.2619999999999996
1976,34.09228402237173,16,9,2.1639999999999997
1977,13.022871393430353,14,11,2.2960000000000003
1978,22.234527601643517,15,10,2.286
1979,13.704385778543394,14,11,2.218
1980,24.05325893930722,15,10,2.242
1981,25.557625256691633,15,10,2.226
1982,34.58085867079533,16,9,2.1179999999999994
1983,3.262245060784072,13,12,2.2980000000000005
1984,23.472239842351723,15,10,2.298000000000001
1985,25.015164780517793,15,10,2.2239999999999998
1986,33.95660676952282,16,9,2.27
1987,13.586321054173679,14,11,2.3460000000000005
1988,13.236400661102413,14,11,2.158
1989,22.312192646175784,15,10,2.1960000000000006
1990,14.303278552000855,14,11,2.198
1991,34.537350597223686,16,9,2.146
1992,23.50131233926314,15,10,2.2359999999999998
1993,35.470670345034506,16,9,2.208
1994,23.543725397880877,15,10,2.284
1995,34.011125639196756,16,9,2.1999999999999997
1996,23.87098485533938,15,10,2.29
1997,12.923235808458463,14,11,2.1519999999999997
1998,14.543133305876124,14,11,2.2779999999999996
1999,33.80241863320243,16,9,2.234
2000,24.28045299370271,15,10,2.1679999999999997
2001,15.175792910311133,14,11,2.274
2002,13.833918773847827,14,11,2.138
2003,4.029545683092442,13,12,2.2159999999999997
2004,23.90971370669854,15,10,2.21
2005,33.33532934007683,16,9,2.222
2006,34.710716143072595,16,9,2.2439999999999998
2007,23.99468541896295,15,10,2.296
2008,23.625976943643654,15,10,2.13
2009,4.40721418439868,13,12,2.26
2010,34.8217748241707,16,9,2.172
2011,23.422734894219428,15,10,2.202
2012,4.832544177754069,13,12,2.258
2013,24.348045863935937,15,10,2.2979999999999996
2014,23.564033634101424,15,10,2.146
2015,21.950066501939958,15,10,2.2239999999999998
2016,24.490885317538535,15,10,2.2399999999999998
2017,32.527338123608125,16,9,2.2880000000000003
2018,23.391361684672255,15,10,2.22
2019,3.2880620533341567,13,12,2.1879999999999997
2020,32.785268443087965,16,9,2.194
2021,23.377168839331734,15,10,2.1700000000000004
2022,23.782476188605926,15,10,2.33
2023,24.015184317390542,15,10,2.124
2024,12.969395793507116,14,11,2.3020000000000005
2025,3.4071515517990925,13,12,2.33
2026,24.06327700307126,15,10,2.2859999999999996
2027,25.0556871919117,15,10,2.2100000000000004
2028,23.31737651354292,15,10,2.2139999999999995
2029,24.001694486830953,15,10,2.2199999999999998
2030,24.118941320466778,15,10,2.264
2031,23.378617260369495,15,10,2.178
2032,24.09467374139566,15,10,2.27
2033,24.151543614414894,15,10,2.126
2034,34.52516867282975,16,9,2.202
2035,33.668117223152514,16,9,2.1899999999999995
2036,14.227263413308837,14,11,2.1759999999999997
2037,24.722703408705133,15,10,2.2359999999999998
2038,32.9966613297606,16,9,2.364
2039,34.65799826237454,16,9,2.2880000000000003
2040,34.23557692581797,16,9,2.184
2041,23.373703451793872,15,10,2.222
2042,32.87167714139008,16,9,2.318
2043,13.758101801247092,14,11,2.168
2044,23.827462915427425,15,10,2.144
2045,14.177356190278513,14,11,2.214
2046,23.402659513915555,15,10,2.238
2047,14.125144641677156,14,11,2.178
2048,33.698947138342874,16,9,2.2880000000000003
2049,13.678184569317633,14,11,2.258
2050,13.916251119634508,14,11,2.22
2051,23.474088012424872,15,10,2.262
2052,14.862777850633288,14,11,2.2239999999999998
2053,33.61275583424123,16,9,2.284
2054,23.078217049848796,15,10,2.1900000000000004
2055,23.34754738423911,15,10,2.1700000000000004
2056,4.105520327270576,13,12,2.234
2057,14.917328188261827,14,11,2.3179999999999996
2058,3.8671266951544645,13,12,2.178
2059,33.037954791691824,16,9,2.1540000000000004
2060,25.37351761595009,15,10,2.268
2061,23.829139878535972,15,10,2.14
2062,24.28546508884642,15,10,2.2920000000000003
2063,33.999083949357114,16,9,2.1540000000000004
2064,12.916212573452619,14,11,2.26
2065,13.548924695618586,14,11,2.268
2066,33.27632383204716,16,9,2.226
2067,14.239884634173707,14,11,2.2220000000000004
2068,23.81915938099418,15,10,2.216
2069,33.36737638598192,16,9,2.2119999999999997
2070,23.526210908428602,15,10,2.2939999999999996
2071,24.740202582745226,15,10,2.182
2072,24.63455832482817,15,10,2.2580000000000005
2073,24.914923440471075,15,10,2.286
2074,14.82271078351084,14,11,2.2060000000000004
2075,33.10084780216679,16,9,2.23
2076,23.424734666445595,15,10,2.086
2077,11.806493786776821,14,11,2.178
2078,23.810922170030786,15,10,2.244
2079,13.547986428438092,14,11,2.218
2080,25.053578228470563,15,10,2.16
2081,23.839949162230248,15,10,2.248
2082,24.597195474184723,15,10,2.2020000000000004
2083,24.672266794611737,15,10,2.184
2084,34.38189299923599,16,9,2.098
2085,23.978026496116588,15,10,2.2220000000000004
2086,25.31035750186779,15,10,2.176
2087,13.432168173778265,14,11,2.12
2088,23.30404201737951,15,10,2.268
2089,34.39602774242812,16,9,2.202
2090,4.562199447766833,13,12,2.2960000000000003
2091,24.696613415589987,15,10,2.194
2092,15.330128285723697,14,11,2.182
2093,14.078343998675667,14,11,2.242
2094,23.548533477802042,15,10,2.254
2095,24.086476681988806,15,10,2.1700000000000004
2096,22.18903373050192,15,10,2.21
2097,14.161996823118804,14,11,2.2020000000000004
2098,23.674924468788106,15,10,2.228
2099,34.9188732585926,16,9,2.21
2100,13.537058317304457,14,11,2.222
2101,22.369213920567304,15,10,2.2700000000000005
2102,14.409641900720345,14,11,2.2199999999999998
2103,23.623204255579044,15,10,2.244
2104,23.81163333047105,15,10,2.204
2105,14.238746500927194,14,11,2.1980000000000004
2106,13.265135321737448,14,11,2.174
2107,13.711027760892781,14,11,2.232
2108,-4.528040400492975,12,13,2.236
2109,33.74976301626949,16,9,2.128
2110,33.48997404260564,16,9,2.254
2111,33.94003808923184,16,9,2.2179999999999995
2112,22.98217345422993,15,10,2.1559999999999997
2113,23.417960462963002,15,10,2.2080000000000006
2114,34.160017532343566,16,9,2.2
2115,34.819504273722515,16,9,2.33
2116,14.363305129466136,14,11,2.102
2117,23.85717741739109,15,10,2.246
2118,23.868539886734972,15,10,2.212
2119,33.55442975967179,16,9,2.39
2120,33.38226799537147,16,9,2.222
2121,23.76058022866629,15,10,2.3280000000000003
2122,23.232400325146347,15,10,2.19
2123,34.43283095132031,16,9,2.2359999999999998
2124,24.849648083021634,15,10,2.202
2125,13.759381040833967,14,11,2.2660000000000005
2126,22.984486708494494,15,10,2.258
2127,3.0456115974792386,13,12,2.198
2128,25.779417845303715,15,10,2.2199999999999998
2129,15.089730586437252,14,11,2.254
2130,24.242102181485546,15,10,2.2419999999999995
2131,24.384562291348633,15,10,2.23
2132,24.836704878208614,15,10,2.2179999999999995
2133,-7.525395355473183,12,13,2.31
2134,14.195299540312046,14,11,2.1740000000000004
2135,13.712954621281117,14,11,2.304
2136,23.57525694203494,15,10,2.2399999999999998
2137,33.282649287592314,16,9,2.21
2138,14.024116854249028,14,11,2.26
2139,34.92913563400693,16,9,2.2960000000000003
2140,34.93018962182535,16,9,2.2399999999999998
2141,32.67263912632464,16,9,2.1860000000000004
2142,14.852854858135746,14,11,2.122
2143,14.955518450129276,14,11,2.2079999999999997
2144,23.89955793192823,15,10,2.254
2145,32.57396997246503,16,9,2.266
2146,24.58898964981411,15,10,2.252
2147,32.468614761367974,16,9,2.216
2148,23.905779370987325,15,10,2.35
2149,4.111840178251093,13,12,2.2619999999999996
2150,23.676672471142126,15,10,2.152
2151,14.11401407438366,14,11,2.1740000000000004
2152,12.732574919012112,14,11,2.248
2153,13.579759084982218,14,11,2.202
2154,24.041109948772416,15,10,2.2399999999999998
2155,23.927183567895863,15,10,2.184
2156,24.070888497325658,15,10,2.2139999999999995
2157,13.503062013108803,14,11,2.116
2158,24.0609209347305,15,10,2.2700000000000005
2159,33.08809691771287,16,9,2.192
2160,33.701118372486405,16,9,2.134
2161,24.53592663249489,15,10,2.246
2162,34.77093195098553,16,9,2.172
2163,15.404415186834777,14,11,2.2960000000000003
2164,24.552221362842197,15,10,2.222
2165,23.059297002473475,15,10,2.2399999999999998
2166,34.51705413560478,16,9,2.268
2167,34.89273076507865,16,9,2.1839999999999997
2168,23.680610850883756,15,10,2.18
2169,24.746134547331867,15,10,2.246
2170,13.98068452975713,14,11,2.238
2171,24.473642833306915,15,10,2.2979999999999996
2172,23.011256076816494,15,10,2.2100000000000004
2173,33.81257562960454,16,9,2.132
2174,23.350450423958296,15,10,2.232
2175,23.352037190648524,15,10,2.112
2176,34.27710190564728,16,9,2.23
2177,24.803927007468975,15,10,2.226
2178,14.496056342352116,14,11,2.166
2179,25.360349345467707,15,10,2.226
2180,24.33022281062929,15,10,2.2159999999999997
2181,24.72683878277922,15,10,2.278
2182,13.381629646015924,14,11,2.3080000000000003
2183,23.313350985940808,15,10,2.174
2184,33.27858973341424,16,9,2.1879999999999997
2185,23.392751903779175,15,10,2.2060000000000004
2186,13.364387488867653,14,11,2.232
2187,13.580043899551532,14,11,2.1740000000000004
2188,23.912199210087003,15,10,2.198
2189,23.921720380921276,15,10,2.2640000000000002
2190,34.46577627672702,16,9,2.2199999999999998
2191,24.741137412777462,15,10,2.202
2192,13.771040706981253,14,11,2.2180000000000004
2193,13.452007232282506,14,11,2.246
2194,21.887998601594717,15,10,2.252
2195,13.663712397408467,14,11,2.1799999999999997
2196,33.1308366575998,16,9,2.292
2197,34.640840266145396,16,9,2.2819999999999996
2198,34.65885493493467,16,9,2.188
2199,14.185654477931157,14,11,2.2439999999999998
2200,25.01211223495816,15,10,2.258
2201,35.25599415842179,16,9,2.23
2202,34.82054351313336,16,9,2.282
2203,34.21546590300182,16,9,2.274
2204,24.213310880471624,15,10,2.13
2205,24.480687813274805,15,10,2.31
2206,35.1545956622602,16,9,2.2760000000000002
2207,24.340361958928284,15,10,2.25
2208,34.99690027628026,16,9,2.192
2209,24.763965494859466,15,10,2.221999999999999
2210,14.033154500164418,14,11,2.172
2211,23.404778084076412,15,10,2.266
2212,24.794028764026315,15,10,2.272
2213,24.223000864905792,15,10,2.2459999999999996
2214,44.485795547001274,17,8,2.322
2215,24.684099347031584,15,10,2.1799999999999997
2216,14.357177945119993,14,11,2.1740000000000004
2217,14.394056675459257,14,11,2.302
2218,24.281184421873498,15,10,2.266
2219,34.90927440952034,16,9,2.332
2220,24.147689704471873,15,10,2.1439999999999997
2221,34.24985868262854,16,9,2.196
2222,34.526071925924434,16,9,2.1639999999999997
2223,23.471938369308415,15,10,2.206
2224,34.98654313793641,16,9,2.1759999999999997
2225,34.1140489945263,16,9,2.2039999999999997
2226,34.920947967173724,16,9,2.294
2227,24.44733961279894,15,10,2.228
2228,14.073816533315775,14,11,2.138
2229,25.363154466905474,15,10,2.228
2230,34.54673562385449,16,9,2.1919999999999997
2231,34.02626421631004,16,9,2.2039999999999997
2232,14.072306264991687,14,11,2.23
2233,33.980185949880614,16,9,2.208
2234,25.572227014825426,15,10,2.334
2235,23.909577767764752,15,10,2.2980000000000005
2236,23.295420951431858,15,10,2.136
2237,23.817549739446086,15,10,2.224
2238,24.512357981159564,15,10,2.202
2239,34.52097964747402,16,9,2.196
2240,11.876131269026937,14,11,2.126
2241,34.91456966575699,16,9,2.126
2242,24.61940542618601,15,10,2.256
2243,14.914619168263084,14,11,2.338
2244,23.57571746654918,15,10,2.196
2245,25.361474223186377,15,10,2.132
2246,24.745602361997648,15,10,2.2560000000000002
2247,24.472559377462627,15,10,2.2199999999999998
2248,23.60468502994801,15,10,2.258
2249,24.162017378589297,15,10,2.206
2250,23.957142964280195,15,10,2.0759999999999996
2251,23.641519309219376,15,10,2.2979999999999996
2252,24.720424022066858,15,10,2.316
2253,4.962984467475245,13,12,2.186000000000001
2254,34.19455607636692,16,9,2.294
2255,24.231355714702378,15,10,2.1860000000000004
2256,2.641212648390761,13,12,2.226
2257,13.224675638278965,14,11,2.226
2258,14.690448976152027,14,11,2.1920000000000006
2259,16.275515235968314,14,11,2.216
2260,33.94091456020095,16,9,2.1959999999999997
2261,25.068287075985218,15,10,2.2460000000000004
2262,25.02678042048919,15,10,2.276
2263,33.60439680817436,16,9,2.1759999999999997
2264,34.252438648879604,16,9,2.1759999999999997
2265,34.74440430542902,16,9,2.268
2266,25.439256265163724,15,10,2.2680000000000002
2267,24.79216606517769,15,10,2.306
2268,34.25999948149337,16,9,2.226
2269,34.74414716560547,16,9,2.322
2270,13.241166826335062,14,11,2.1900000000000004
2271,33.95861830038698,16,9,2.2380000000000004
2272,23.85446169141767,15,10,2.306
2273,14.915753622707031,14,11,2.2340000000000004
2274,23.594069129584263,15,10,2.28
2275,33.98993137228005,16,9,2.2479999999999998
2276,24.61758849011225,15,10,2.18
2277,34.01686175170568,16,9,2.296
2278,34.89898173918235,16,9,2.278
2279,5.093642626500559,13,12,2.214
2280,22.724095549271965,15,10,2.1839999999999997
2281,33.3080386873072,16,9,2.178
2282,24.04173864445243,15,10,2.2640000000000002
2283,15.263568988478891,14,11,2.258
2284,25.354781284109755,15,10,2.2300000000000004
2285,23.356971838102922,15,10,2.248
2286,24.695690975142156,15,10,2.23
2287,24.08814760109927,15,10,2.188
2288,24.098856354567275,15,10,2.224
2289,33.98626798458652,16,9,2.244
2290,24.84694014510891,15,10,2.128
2291,25.10563617370452,15,10,2.17
2292,14.56500082204208,14,11,2.1900000000000004
2293,24.096293734175358,15,10,2.1580000000000004
2294,15.261184149749749,14,11,2.128
2295,25.717948220619544,15,10,2.302
2296,24.754592065999176,15,10,2.2179999999999995
2297,-5.568856729305172,12,13,2.232
2298,14.923028630089775,14,11,2.1160000000000005
2299,34.977160691497204,16,9,2.254
2300,4.5044737262151076,13,12,2.2359999999999998
2301,13.961628504820254,14,11,2.2680000000000002
2302,23.55878736207131,15,10,2.284
2303,25.238828245843994,15,10,2.2279999999999998
2304,14.709223136706967,14,11,2.2199999999999998
2305,24.18247946353179,15,10,2.262
2306,24.576151755281785,15,10,2.278
2307,23.83602523675045,15,10,2.2680000000000002
2308,24.743424300666785,15,10,2.218
2309,23.614826065592883,15,10,2.332
2310,14.232013751612511,14,11,2.3120000000000003
2311,24.05504809310487,15,10,2.2500000000000004
2312,34.88143221295816,16,9,2.28
2313,14.18338039694706,14,11,2.25
2314,33.90443894908587,16,9,2.212
2315,43.430478068927115,17,8,2.256
2316,23.471873663703835,15,10,2.1020000000000003
2317,14.233454826679512,14,11,2.244
2318,13.723724320219738,14,11,2.186
2319,25.079562664819885,15,10,2.1879999999999997
2320,24.98790340533382,15,10,2.232
2321,34.8320446617626,16,9,2.242
2322,25.601662730283827,15,10,2.2359999999999998
2323,13.9315410734578,14,11,2.336
2324,24.479137101992784,15,10,2.25
2325,14.820257978820207,14,11,2.274
2326,25.40945315450467,15,10,2.274
2327,23.76696158675112,15,10,2.192
2328,34.874469504780805,16,9,2.218
2329,14.625984622602534,14,11,2.1719999999999997
2330,24.372835482208693,15,10,2.202
2331,25.8267972852164,15,10,2.242
2332,34.735134133289144,16,9,2.254
2333,24.875004031614168,15,10,2.2600000000000002
2334,23.47345480741602,15,10,2.164
2335,23.871758988445496,15,10,2.248
2336,34.30810422594439,16,9,2.178
2337,34.48335999054198,16,9,2.138
2338,24.15181902152872,15,10,2.332
2339,23.840961953334027,15,10,2.298
2340,23.552692645998164,15,10,2.216
2341,35.4174300910016,16,9,2.274
2342,23.691123606805824,15,10,2.332
2343,24.36767009762517,15,10,2.2559999999999993
2344,15.107213517040014,14,11,2.216
2345,3.973440389179774,13,12,2.278
2346,33.64644912999463,16,9,2.2079999999999997
2347,24.54578415650651,15,10,2.2859999999999996
2348,23.67183198950586,15,10,2.2
2349,23.794423818330817,15,10,2.2739999999999996
2350,25.216087162779218,15,10,2.1960000000000006
2351,14.787348944708857,14,11,2.224
2352,4.217001105891877,13,12,2.1979999999999995
2353,25.554648378597587,15,10,2.2359999999999998
2354,24.20229946247634,15,10,2.2199999999999998
2355,24.41854552215163,15,10,2.3140000000000005
2356,24.016507604556868,15,10,2.2
2357,33.4207129913186,16,9,2.174
2358,13.938595568350644,14,11,2.164
2359,24.21360273501914,15,10,2.304
2360,34.945026764878975,16,9,2.25
2361,24.93412896091441,15,10,2.2079999999999997
2362,-5.5421415849150595,12,13,2.2659999999999996
2363,14.526706852944562,14,11,2.25
2364,14.230826563546806,14,11,2.248
2365,24.224064365133408,15,10,2.188
2366,14.772440096608792,14,11,2.15
2367,24.859336537313734,15,10,2.262
2368,33.80590321418162,16,9,2.244
2369,24.284703482595585,15,10,2.22
2370,35.35700378045252,16,9,2.19
2371,25.237238444132498,15,10,2.134
2372,15.085235607574862,14,11,2.182
2373,24.780455331505287,15,10,2.2139999999999995
2374,33.52861349301849,16,9,2.1980000000000004
2375,13.621162012960752,14,11,2.1740000000000004
2376,24.238093566141032,15,10,2.1220000000000003
2377,4.711560188976241,13,12,2.1999999999999997
2378,15.139528686364203,14,11,2.256
2379,34.8466210841238,16,9,2.226
2380,24.615429609507395,15,10,2.2359999999999998
2381,45.3728298008521,17,8,2.22
2382,24.210648805537883,15,10,2.2220000000000004
2383,24.974131482916,15,10,2.1220000000000003
2384,44.666590565843755,17,8,2.146
2385,34.40048243124965,16,9,2.152
2386,23.17844680986716,15,10,2.2399999999999998
2387,24.54323908053169,15,10,2.2779999999999996
2388,23.97719336550757,15,10,2.338
2389,24.090668618607864,15,10,2.188
2390,25.379001179906773,15,10,2.342
2391,34.82795377953389,16,9,2.29
2392,24.389947917881976,15,10,2.252
2393,14.138534599201007,14,11,2.2199999999999998
2394,34.55920898816584,16,9,2.216
2395,24.00913002788169,15,10,2.288
2396,33.802125629133094,16,9,2.2939999999999996
2397,14.255886842629842,14,11,2.2220000000000004
2398,24.309072117925982,15,10,2.228
2399,24.33012336472947,15,10,2.17
2400,24.227846561724792,15,10,2.192
2401,35.10461883120433,16,9,2.2560000000000007
2402,4.868754730454904,13,12,2.2339999999999995
2403,24.874826828606274,15,10,2.216
2404,23.059853918675046,15,10,2.21
2405,24.4770898069026,15,10,2.262
2406,35.31813427728476,16,9,2.2379999999999995
2407,24.321760421806296,15,10,2.184
2408,35.54606442450787,16,9,2.218
2409,35.0493491900424,16,9,2.1959999999999997
2410,13.736987369321563,14,11,2.246
2411,43.257011925709655,17,8,2.222
2412,25.064667869671766,15,10,2.248
2413,23.43366901849944,15,10,2.2439999999999998
2414,24.170991186072758,15,10,2.2220000000000004
2415,34.581964006360174,16,9,2.222
2416,34.318251672549,16,9,2.202
2417,23.69653047452799,15,10,2.2700000000000005
2418,24.526636522778368,15,10,2.2500000000000004
2419,25.371343741592078,15,10,2.23
2420,14.812507671909229,14,11,2.2619999999999996
2421,44.71903366342291,17,8,2.1400000000000006
2422,34.5969209973185,16,9,2.25
2423,23.66665516048009,15,10,2.2439999999999998
2424,13.5327241522143,14,11,2.254
2425,35.15754189383207,16,9,2.272
2426,33.91348073427527,16,9,2.2819999999999996
2427,23.930530928394,15,10,2.276
2428,33.813704805387374,16,9,2.168
2429,34.60559386460872,16,9,2.2580000000000005
2430,24.189183315597283,15,10,2.254
2431,33.84689284003828,16,9,2.226
2432,33.65394167570441,16,9,2.3020000000000005
2433,34.98088357425343,16,9,2.252
2434,23.64542500372508,15,10,2.1779999999999995
2435,14.599030652527446,14,11,2.208
2436,23.39555209644186,15,10,2.252
2437,24.436756357089134,15,10,2.21
2438,12.853389262941548,14,11,2.232
2439,24.87058287974735,15,10,2.168
2440,34.717816517733056,16,9,2.252
2441,34.412089594259825,16,9,2.2220000000000004
2442,13.841664508480129,14,11,2.268
2443,44.620249143834606,17,8,2.2600000000000002
2444,34.065983156659506,16,9,2.298
2445,34.79713976374829,16,9,2.1079999999999997
2446,24.80937436802613,15,10,2.226
2447,35.810366480120024,16,9,2.2619999999999996
2448,35.77261644419192,16,9,2.168
2449,24.484990689739448,15,10,2.182
2450,14.592603417133033,14,11,2.2260000000000004
2451,14.003810442567932,14,11,2.126
2452,23.975060407394498,15,10,2.32
2453,23.86506455829548,15,10,2.1740000000000004
2454,34.24411080040811,16,9,2.302
2455,34.78464384022497,16,9,2.3160000000000003
2456,23.758639889461197,15,10,2.2159999999999997
2457,24.626442349035614,15,10,2.1879999999999997
2458,24.68059113300311,15,10,2.238
2459,34.54996162760009,16,9,2.144
2460,34.44434037812131,16,9,2.2640000000000002
2461,24.653334829771204,15,10,2.2079999999999997
2462,33.77195416828792,16,9,2.1979999999999995
2463,23.543775784955763,15,10,2.19
2464,35.8490449023551,16,9,2.1380000000000003
2465,24.63420728355163,15,10,2.1660000000000004
2466,24.601568871764755,15,10,2.2479999999999998
2467,23.344294649239828,15,10,2.2339999999999995
2468,14.774670387729653,14,11,2.2239999999999998
2469,34.30003020857577,16,9,2.2600000000000002
2470,24.46197879151044,15,10,2.298
2471,13.501375065717799,14,11,2.268
2472,23.357308758696224,15,10,2.138
2473,24.14177029583085,15,10,2.31
2474,24.750061173418164,15,10,2.146
2475,24.060782901766903,15,10,2.238
2476,24.259107678253162,15,10,2.2880000000000003
2477,13.90005948476091,14,11,2.3059999999999996
2478,34.61029221686442,16,9,2.2920000000000003
2479,23.85718392456405,15,10,2.218
2480,-5.675299040950577,12,13,2.2159999999999997
2481,24.81527452323095,15,10,2.1340000000000003
2482,24.859800176635577,15,10,2.204
2483,33.47852197337923,16,9,2.1659999999999995
2484,34.91781897356213,16,9,2.252
2485,34.279648018944705,16,9,2.1059999999999994
2486,14.598661528785543,14,11,2.2199999999999998
2487,23.809474378509613,15,10,2.2820000000000005
2488,34.716636694149784,16,9,2.2
2489,43.45435169906044,17,8,2.2239999999999998
2490,24.2648340017106,15,10,2.196
2491,24.48766285436591,15,10,2.184
2492,34.49032618922425,16,9,2.1380000000000003
2493,12.593229012858925,14,11,2.194
2494,44.83339572358088,17,8,2.18
2495,24.68692690360846,15,10,2.2199999999999998
2496,14.421410842591031,14,11,2.274
2497,23.516727667341502,15,10,2.2220000000000004
2498,33.61385349546923,16,9,2.2659999999999996
2499,33.99733642251635,16,9,2.256
2500,34.16373055295525,16,9,2.238
2501,23.607885409207775,15,10,2.3379999999999996
2502,34.45261677440805,16,9,2.154
2503,24.27739540854334,15,10,2.198
2504,23.794319167891285,15,10,2.198
2505,23.97048011919254,15,10,2.182
2506,22.91153173270993,15,10,2.2159999999999997
2507,23.88852433332654,15,10,2.3360000000000003
2508,24.904513425233894,15,10,2.258
2509,14.466809257562867,14,11,2.232
2510,24.8884377917297,15,10,2.19
2511,45.46915604844446,17,8,2.21
2512,33.66474210567553,16,9,2.212
2513,34.48039063546029,16,9,2.2939999999999996
2514,44.90950228728346,17,8,2.262
2515,24.655744160550654,15,10,2.1660000000000004
2516,34.68429280047979,16,9,2.276
2517,14.829180408858996,14,11,2.242
2518,34.141064310002875,16,9,2.2640000000000002
2519,5.072796741465044,13,12,2.118
2520,23.29124053375657,15,10,2.1559999999999997
2521,14.487368211870919,14,11,2.274
2522,24.230389391955708,15,10,2.162
2523,14.096171738474483,14,11,2.2259999999999995
2524,13.976403146261942,14,11,2.2800000000000002
2525,33.83714797099963,16,9,2.2299999999999995
2526,25.362528625409567,15,10,2.216
2527,15.293810761719172,14,11,2.262
2528,34.10438979604628,16,9,2.1800000000000006
2529,24.759524972868295,15,10,2.188
2530,23.38197143772845,15,10,2.2159999999999997
2531,14.820993124961657,14,11,2.3120000000000003
2532,45.274728957716555,17,8,2.2159999999999997
2533,35.18436018581053,16,9,2.216
2534,44.15319212861555,17,8,2.2939999999999996
2535,33.9837113765373,16,9,2.2039999999999997
2536,34.50093197661163,16,9,2.152
2537,23.99454278589108,15,10,2.2419999999999995
2538,24.561149247244693,15,10,2.3
2539,23.049515285655826,15,10,2.204
2540,34.216844559098575,16,9,2.296
2541,34.46302503944849,16,9,2.2600000000000002
2542,15.079997359488873,14,11,2.22
2543,33.464216933535745,16,9,2.254
2544,24.128354167197468,15,10,2.1700000000000004
2545,23.67121954158005,15,10,2.1919999999999997
2546,34.878649181843514,16,9,2.1740000000000004
2547,23.374735262783148,15,10,2.138
2548,34.96888063815715,16,9,2.232
2549,24.080302762007545,15,10,2.1660000000000004
2550,34.68008927155074,16,9,2.282
2551,24.312188921888687,15,10,2.3
2552,23.469259304719834,15,10,2.15
2553,25.336077673115447,15,10,2.2239999999999998
2554,34.8164040284377,16,9,2.2179999999999995
2555,24.15583566559153,15,10,2.224
2556,33.2195314026701,16,9,2.1879999999999997
2557,24.3506811107533,15,10,2.228
2558,33.00491939119483,16,9,2.29
2559,23.87188517241475,15,10,2.2359999999999998
2560,24.94154897718974,15,10,2.1700000000000004
2561,34.08507090792438,16,9,2.1959999999999997
2562,34.171061551739385,16,9,2.292
2563,23.697403966311246,15,10,2.2279999999999993
2564,25.739198772860917,15,10,2.26
2565,24.278929834112066,15,10,2.1260000000000003
2566,34.27606849114616,16,9,2.262
2567,24.35794312130898,15,10,2.16
2568,34.556904581680755,16,9,2.2800000000000002
2569,33.50249773470935,16,9,2.244
2570,24.708183712949086,15,10,2.1860000000000004
2571,34.39193882996451,16,9,2.316
2572,33.70045471663802,16,9,2.3880000000000003
2573,33.53838524123998,16,9,2.3099999999999996
2574,25.154779547084946,15,10,2.1780000000000004
2575,15.223685667109851,14,11,2.18
2576,24.836012891323843,15,10,2.2840000000000003
2577,34.069394445166296,16,9,2.338
2578,34.78777798649294,16,9,2.252
2579,24.19740500814678,15,10,2.1700000000000004
2580,24.393134850743067,15,10,2.24
2581,34.20904809845068,16,9,2.21
2582,35.673564291021925,16,9,2.234
2583,14.850061816113376,14,11,2.306
2584,34.69512760896181,16,9,2.1979999999999995
2585,24.205396453979883,15,10,2.3440000000000003
2586,23.92144010880542,15,10,2.258
2587,24.39737759351076,15,10,2.278
2588,34.24547152670713,16,9,2.152
2589,14.134670366160158,14,11,2.1719999999999997
2590,35.10357474088343,16,9,2.202
2591,33.94334468603779,16,9,2.272
2592,34.23618249988753,16,9,2.214
2593,24.44343157037407,15,10,2.116
2594,24.550941810387435,15,10,2.2520000000000002
2595,33.43450933013897,16,9,2.258
2596,44.900950433437494,17,8,2.336
2597,24.942726844391874,15,10,2.236
2598,24.643530448299458,15,10,2.162
2599,15.167085974857372,14,11,2.16
2600,33.084629145124545,16,9,2.2619999999999996
2601,14.616641034835755,14,11,2.214
2602,34.15471879184443,16,9,2.3320000000000003
2603,34.39193546899902,16,9,2.2339999999999995
2604,23.9449560707375,15,10,2.232
2605,34.147739219705784,16,9,2.218
2606,34.780824411270686,16,9,2.1119999999999997
2607,24.34990332436151,15,10,2.264
2608,23.342194240075205,15,10,2.1700000000000004
2609,14.104743583923703,14,11,2.222
2610,33.84161518527539,16,9,2.314
2611,23.51003159108938,15,10,2.2540000000000004
2612,25.078321493490023,15,10,2.266
2613,23.30322795069863,15,10,2.214
2614,33.545776176133906,16,9,2.312
2615,45.29311660222534,17,8,2.218
2616,14.341081021846964,14,11,2.1700000000000004
2617,23.601007793672142,15,10,2.1580000000000004
2618,44.718423019545874,17,8,2.2560000000000002
2619,34.101344645950036,16,9,2.306
2620,35.106248431548465,16,9,2.21
2621,33.31193054163628,16,9,2.274
2622,33.24500389018144,16,9,2.246
2623,45.93794638922893,17,8,2.198
2624,34.06755811440136,16,9,2.2039999999999997
2625,23.693815434622067,15,10,2.1719999999999997
2626,13.799295369365517,14,11,2.2540000000000004
2627,24.824420866719652,15,10,2.2779999999999996
2628,34.535052244116464,16,9,2.206
2629,24.63437006722425,15,10,2.1800000000000006
2630,33.58310324620515,16,9,2.1659999999999995
2631,24.402379772612072,15,10,2.296
2632,34.55205939459712,16,9,2.222
2633,23.71390482438864,15,10,2.222
2634,33.84525744332737,16,9,2.23
2635,34.29360856257887,16,9,2.16
2636,33.273605716022175,16,9,2.2239999999999998
2637,4.282127899564842,13,12,2.208
2638,34.672642429567446,16,9,2.1580000000000004
2639,23.704725162444007,15,10,2.242
2640,24.19574265023791,15,10,2.2560000000000002
2641,24.27783866108482,15,10,2.1719999999999997
2642,33.865695096321566,16,9,2.216
2643,35.70736977702892,16,9,2.184
2644,24.541998380018565,15,10,2.2440000000000007
2645,24.788873801711787,15,10,2.268
2646,24.84352106475692,15,10,2.154
2647,24.264342412629468,15,10,2.236
2648,24.771139292444033,15,10,2.2399999999999998
2649,35.445397867167515,16,9,2.156
2650,23.95378423895278,15,10,2.198
2651,35.44180682562217,16,9,2.2060000000000004
2652,34.608094808842715,16,9,2.1559999999999997
2653,24.571510211374747,15,10,2.2800000000000002
2654,23.937092889134142,15,10,2.2520000000000002
2655,35.04993995937305,16,9,2.258
2656,23.76880203257511,15,10,2.1999999999999997
2657,35.64548785424522,16,9,2.29
2658,23.910389872368366,15,10,2.314
2659,43.94336851379628,17,8,2.1900000000000004
2660,23.45773138249449,15,10,2.26
2661,34.89082029050765,16,9,2.1879999999999997
2662,24.87959813490387,15,10,2.2380000000000004
2663,34.18320519180665,16,9,2.1879999999999997
2664,24.29988870134732,15,10,2.254
2665,24.245566686677087,15,10,2.1759999999999997
2666,34.175216320939235,16,9,2.1480000000000006
2667,23.952213403956176,15,10,2.2180000000000004
2668,23.940337873703896,15,10,2.25
2669,14.076906473943957,14,11,2.25
2670,24.653543434789942,15,10,2.108
2671,43.46569107472844,17,8,2.2399999999999998
2672,34.40538840546712,16,9,2.184
2673,25.82825385037675,15,10,2.28
2674,34.819060618782,16,9,2.2439999999999993
2675,24.95163458585689,15,10,2.226
2676,24.238292052996393,15,10,2.268
2677,24.75527804878275,15,10,2.3
2678,24.860452197695768,15,10,2.238
2679,25.03288049664209,15,10,2.1639999999999997
2680,33.81765480980902,16,9,2.236
2681,24.973865651802566,15,10,2.2060000000000004
2682,24.77270261064808,15,10,2.082
2683,24.896252540421575,15,10,2.268
2684,34.599672872823874,16,9,2.224
2685,34.98035151822955,16,9,2.198
2686,34.81663820939383,16,9,2.19
2687,33.79766392374184,16,9,2.19
2688,25.218041407503563,15,10,2.322
2689,3.8472812589205962,13,12,2.2760000000000002
2690,44.45679936562178,17,8,2.216
2691,14.720427839379866,14,11,2.228
2692,14.895426721228292,14,11,2.26
2693,24.651697674462806,15,10,2.228
2694,25.13282881537395,15,10,2.212
2695,25.16535028726297,15,10,2.2560000000000002
2696,23.821083007467095,15,10,2.1639999999999997
2697,34.43172445334442,16,9,2.2439999999999998
2698,14.662529228323791,14,11,2.1499999999999995
2699,34.11926600244932,16,9,2.21
2700,24.742244255694168,15,10,2.204
2701,15.625657938469125,14,11,2.174
2702,24.327434656836473,15,10,2.1900000000000004
2703,33.99211919802689,16,9,2.15
2704,34.27242687882151,16,9,2.218
2705,34.35585108882883,16,9,2.2239999999999993
2706,24.759207081798472,15,10,2.2479999999999998
2707,14.01398439978194,14,11,2.1239999999999997
2708,33.412963359988346,16,9,2.1020000000000003
2709,34.87834967735341,16,9,2.2039999999999997
2710,33.799701412427744,16,9,2.214
2711,24.751540360197268,15,10,2.232
2712,34.79707842743478,16,9,2.298
2713,24.395674738725496,15,10,2.19
2714,33.56872427601309,16,9,2.214
2715,24.964115296585142,15,10,2.252
2716,44.097539405630364,17,8,2.3419999999999996
2717,14.238275364332441,14,11,2.354
2718,35.3206711488702,16,9,2.1900000000000004
2719,34.55840048041795,16,9,2.2180000000000004
2720,23.60094780482291,15,10,2.226
2721,24.436405683858226,15,10,2.2399999999999998
2722,4.987334129174252,13,12,2.336
2723,33.876016619011345,16,9,2.2399999999999998
2724,34.708406812011866,16,9,2.1580000000000004
2725,35.40946859700216,16,9,2.162
2726,33.92719052882869,16,9,2.2060000000000004
2727,24.70423865446758,15,10,2.194
2728,13.738935698968056,14,11,2.216
2729,24.703154438679686,15,10,2.2880000000000003
2730,35.3058374281515,16,9,2.168
2731,23.670131797657245,15,10,2.234
2732,23.86197918224097,15,10,2.314
2733,34.73579152577493,16,9,2.188
2734,25.67466051281805,15,10,2.318
2735,4.83203811156169,13,12,2.1979999999999995
2736,24.252902865553573,15,10,2.246
2737,24.465014367514392,15,10,2.2600000000000002
2738,23.883418247817634,15,10,2.2120000000000006
2739,44.18684396246696,17,8,2.2299999999999995
2740,35.27321882374609,16,9,2.1
2741,34.4208185479627,16,9,2.2640000000000002
2742,34.70401404773451,16,9,2.1759999999999997
2743,33.827888150853745,16,9,2.2079999999999997
2744,34.9861144865151,16,9,2.1060000000000008
2745,34.81773487740694,16,9,2.14
2746,34.65374469615082,16,9,2.232
2747,34.456033044155134,16,9,2.214
2748,13.427824311424613,14,11,2.158
2749,34.98691584349647,16,9,2.246
2750,34.354620844445364,16,9,2.334
2751,34.6452231859699,16,9,2.258
2752,24.69490308872429,15,10,2.2299999999999995
2753,34.26223373550405,16,9,2.232
2754,34.976029395894706,16,9,2.2359999999999998
2755,24.487937680176785,15,10,2.2359999999999998
2756,35.15338698655647,16,9,2.28
2757,34.834915784130715,16,9,2.234
2758,34.413907524094355,16,9,2.2060000000000004
2759,24.80265705770782,15,10,2.248
2760,24.86025350211357,15,10,2.298
2761,23.947590426433933,15,10,2.218
2762,14.026577471129134,14,11,2.2020000000000004
2763,23.941464327386647,15,10,2.258
2764,34.303351561200756,16,9,2.182
2765,24.490438516251206,15,10,2.246
2766,35.22401619228565,16,9,2.2540000000000004
2767,24.460197061086802,15,10,2.1740000000000004
2768,34.836064052342394,16,9,2.2040000000000006
2769,34.053208027009745,16,9,2.252
2770,5.17107281987747,13,12,2.216
2771,25.732988353970754,15,10,2.23
2772,23.886854646321137,15,10,2.248
2773,24.07672359273507,15,10,2.146
2774,33.16144185110667,16,9,2.1
2775,25.150905888255977,15,10,2.198
2776,23.96030418768178,15,10,2.288
2777,23.297875560354544,15,10,2.284
2778,24.76740888234329,15,10,2.2359999999999998
2779,34.34369618593183,16,9,2.2659999999999996
2780,24.186311554605947,15,10,2.226
2781,35.0133594778186,16,9,2.22
2782,23.402441661506813,15,10,2.2800000000000002
2783,44.89894840292449,17,8,2.138
2784,15.49364330028573,14,11,2.204
2785,34.55662945694087,16,9,2.202
2786,34.871816632535804,16,9,2.1700000000000004
2787,35.38660807135642,16,9,2.264
2788,24.17468569493311,15,10,2.162
2789,24.228540514564166,15,10,2.168
2790,14.750223261316474,14,11,2.182
2791,35.00868950444749,16,9,2.178
2792,24.08561256262932,15,10,2.2060000000000004
2793,24.41769637269635,15,10,2.2640000000000002
2794,34.36146386302579,16,9,2.232
2795,34.29360354015462,16,9,2.178
2796,35.03457652075848,16,9,2.206
2797,14.91374910709012,14,11,2.25
2798,35.12956199882058,16,9,2.2600000000000002
2799,25.32916503777368,15,10,2.1660000000000004
2800,44.92519713603703,17,8,2.272
2801,24.826952809508594,15,10,2.164
2802,24.89079176415767,15,10,2.222
2803,23.671875159112528,15,10,2.232
2804,24.520248478574953,15,10,2.126
2805,34.17814709691571,16,9,2.1939999999999995
2806,5.639483104716657,13,12,2.3280000000000003
2807,34.15263568736409,16,9,2.248
2808,14.327896538909478,14,11,2.16
2809,23.90109444236853,15,10,2.2180000000000004
2810,4.12012678799331,13,12,2.2139999999999995
2811,24.762407427590848,15,10,2.228
2812,24.383394575898738,15,10,2.208
2813,13.571082577819361,14,11,2.2
2814,4.802797339835593,13,12,2.1700000000000004
2815,25.06381722331544,15,10,2.216
2816,35.27127169362636,16,9,2.2439999999999998
2817,34.80677391343595,16,9,2.2239999999999993
2818,24.520034644142985,15,10,2.2920000000000003
2819,14.399897148082143,14,11,2.324
2820,25.044857980051653,15,10,2.084
2821,13.885261897342854,14,11,2.2339999999999995
2822,24.732844229473294,15,10,2.232
2823,24.06981655907557,15,10,2.288
2824,35.54298071585078,16,9,2.226
2825,34.2738839756087,16,9,2.152
2826,35.33590987207067,16,9,2.24
2827,24.239783800229624,15,10,2.28
2828,34.37442050798815,16,9,2.214
2829,34.61259983576835,16,9,2.228
2830,34.80431054230621,16,9,2.308
2831,25.7585433699916,15,10,2.21
2832,6.027517637681727,13,12,2.226
2833,14.926015231427426,14,11,2.246
2834,24.717821329626858,15,10,2.166
2835,34.036919839757154,16,9,2.262
2836,35.05629346786954,16,9,2.1599999999999997
2837,24.38414741193243,15,10,2.1920000000000006
2838,26.087129451043086,15,10,2.212
2839,34.54914624051824,16,9,2.22
2840,23.025165804404182,15,10,2.2560000000000002
2841,24.47572062411138,15,10,2.1959999999999997
2842,13.963564738981747,14,11,2.272
2843,24.71263110449993,15,10,2.29
2844,33.640342880667404,16,9,2.1759999999999997
2845,25.27155493462466,15,10,2.1719999999999997
2846,34.85907156389304,16,9,2.194
2847,25.404939487520714,15,10,2.1660000000000004
2848,34.58128451335345,16,9,2.1979999999999995
2849,35.1251946478239,16,9,2.2640000000000002
2850,14.690462535500277,14,11,2.2119999999999997
2851,34.40970147301117,16,9,2.2819999999999996
2852,34.70192929687447,16,9,2.2479999999999998
2853,13.987642788887939,14,11,2.1980000000000004
2854,34.64388004363836,16,9,2.1399999999999997
2855,24.216912914597316,15,10,2.234
2856,24.534691926255956,15,10,2.1860000000000004
2857,35.16087839897258,16,9,2.2
2858,24.795855018947336,15,10,2.182
2859,23.745607172504588,15,10,2.228
2860,34.16938413567604,16,9,2.078
2861,35.1391704608983,16,9,2.194
2862,14.349999055770049,14,11,2.1580000000000004
2863,34.034091008581576,16,9,2.1420000000000003
2864,34.44404795087607,16,9,2.292
2865,34.77901045913984,16,9,2.1839999999999997
2866,34.46388243986546,16,9,2.2019999999999995
2867,24.12671446676761,15,10,2.306
2868,34.533265187120875,16,9,2.284
2869,24.543652660888196,15,10,2.254
2870,25.11970455959714,15,10,2.178
2871,25.56351096811829,15,10,2.1799999999999997
2872,34.77121844016359,16,9,2.1580000000000004
2873,34.80342188866095,16,9,2.206
2874,34.011684479468485,16,9,2.2039999999999997
2875,34.824870950285856,16,9,2.2
2876,23.334811289313674,15,10,2.2060000000000004
2877,23.93904886203353,15,10,2.2559999999999993
2878,34.9618637520457,16,9,2.224
2879,35.13658171796025,16,9,2.202
2880,14.515552085187094,14,11,2.232
2881,24.295694345808712,15,10,2.2199999999999998
2882,23.70637807823374,15,10,2.2039999999999997
2883,35.37456804402859,16,9,2.1659999999999995
2884,24.8638879343529,15,10,2.316
2885,23.980410630716868,15,10,2.2399999999999998
2886,34.90217398298069,16,9,2.2640000000000002
2887,23.399658841462372,15,10,2.1420000000000003
2888,24.409988174022743,15,10,2.1239999999999997
2889,34.66314382140694,16,9,2.206
2890,14.391267716251281,14,11,2.29
2891,23.656471701678495,15,10,2.196
2892,35.20180649875956,16,9,2.196
2893,5.953038227251748,13,12,2.3360000000000003
2894,24.304063982453577,15,10,2.156
2895,34.41653853405152,16,9,2.276
2896,33.23203398024512,16,9,2.246
2897,24.44256910060608,15,10,2.1900000000000004
2898,23.73483947226497,15,10,2.24
2899,45.312142583186194,17,8,2.2600000000000002
2900,25.17234331509416,15,10,2.18
2901,34.54758218425458,16,9,2.2239999999999998
2902,25.499670812798126,15,10,2.1900000000000004
2903,13.755857771334199,14,11,2.274
2904,24.580014787944126,15,10,2.144
2905,25.119944121370686,15,10,2.2619999999999996
2906,25.478810405454528,15,10,2.212
2907,34.88302066171504,16,9,2.276
2908,25.106254622220018,15,10,2.274
2909,24.05678705058518,15,10,2.258
2910,24.820020577492762,15,10,2.272
2911,13.347236140577465,14,11,2.1919999999999997
2912,35.342242380976266,16,9,2.184
2913,34.638594514217196,16,9,2.278
2914,34.92268037979983,16,9,2.268
2915,25.75605945629294,15,10,2.2039999999999997
2916,25.67011442012904,15,10,2.242
2917,35.36045088674376,16,9,2.06
2918,34.77740726726592,16,9,2.2560000000000002
2919,25.515469356559564,15,10,2.3020000000000005
2920,24.94235469099899,15,10,2.234
2921,24.567937197086366,15,10,2.258
2922,34.097535924313,16,9,2.1799999999999997
2923,14.26299361997495,14,11,2.2039999999999997
2924,45.21339246902491,17,8,2.15
2925,24.036288594742587,15,10,2.288
2926,14.708858788026955,14,11,2.1559999999999997
2927,15.525138806933082,14,11,2.258
2928,24.836858196937573,15,10,2.3259999999999996
2929,25.20561396539894,15,10,2.186
2930,25.355101725403923,15,10,2.218
2931,24.675529752749924,15,10,2.214
2932,13.919041444285982,14,11,2.29
2933,24.223039077205947,15,10,2.2239999999999998
2934,25.337146248393424,15,10,2.186
2935,34.74460617541023,16,9,2.214
2936,14.928680204072734,14,11,2.292
2937,5.639817049903523,13,12,2.19
2938,24.645598404540948,15,10,2.254
2939,25.447857930068047,15,10,2.1959999999999997
2940,24.871069912165247,15,10,2.2619999999999996
2941,13.875718541637884,14,11,2.128
2942,35.11393693564433,16,9,2.146
2943,24.193515434178046,15,10,2.216
2944,15.348564173786778,14,11,2.2020000000000004
2945,34.29110784984204,16,9,2.3099999999999996
2946,15.382303384074334,14,11,2.23
2947,34.67144632772658,16,9,2.1700000000000004
2948,5.381913375530843,13,12,2.098
2949,24.38315787170275,15,10,2.304
2950,14.910190934468066,14,11,2.346
2951,25.175700799504877,15,10,2.32
2952,14.894725821252207,14,11,2.242
2953,14.387104958104858,14,11,2.1800000000000006
2954,24.438091273915305,15,10,2.1799999999999997
2955,24.422299816242685,15,10,2.1399999999999997
2956,35.52373297672335,16,9,2.238
2957,16.52643304865105,14,11,2.12
2958,26.833792023908092,15,10,2.194
2959,35.91994872512751,16,9,2.2560000000000002
2960,25.868732679559393,15,10,2.198
2961,25.283631417573886,15,10,2.248
2962,14.572455246172929,14,11,2.2039999999999997
2963,14.301056623262376,14,11,2.242
2964,35.46384403155854,16,9,2.232
2965,14.953828673582365,14,11,2.2380000000000004
2966,24.839299242006792,15,10,2.3019999999999996
2967,25.15617163405966,15,10,2.19
2968,44.930490000460274,17,8,2.15
2969,34.64529673302436,16,9,2.132
2970,13.765369914233501,14,11,2.192
2971,14.652810505209352,14,11,2.178
2972,24.83804131723487,15,10,2.194
2973,44.983631880907566,17,8,2.19
2974,25.631745775401466,15,10,2.362
2975,35.92906383180152,16,9,2.2079999999999997
2976,15.450097211659473,14,11,2.184
2977,24.757971446032734,15,10,2.2479999999999998
2978,34.95867082436164,16,9,2.1140000000000003
2979,25.445836786234448,15,10,2.208
2980,34.67811306208827,16,9,2.226
2981,33.66059111355959,16,9,2.274
2982,35.63044692110148,16,9,2.2199999999999998
2983,34.29444892538873,16,9,2.148
2984,15.321098198952615,14,11,2.25
2985,24.754557750345175,15,10,2.1819999999999995
2986,34.97938989467175,16,9,2.184
2987,24.60062864664752,15,10,2.2800000000000002
2988,24.489149699679352,15,10,2.2379999999999995
2989,25.098141686980696,15,10,2.2220000000000004
2990,35.53127120021741,16,9,2.1799999999999997
2991,24.441458358690966,15,10,2.2640000000000002
2992,25.189709572180725,15,10,2.256
2993,25.763629336050677,15,10,2.228
2994,13.823861215755548,14,11,2.1919999999999997
2995,14.526574135358521,14,11,2.162
2996,34.82004837080246,16,9,2.118
2997,25.557210202524708,15,10,2.226
2998,14.473832410903213,14,11,2.212
2999,23.952018362876593,15,10,2.1799999999999997
3000,35.48882528696844,16,9,2.1979999999999995
3001,14.802398675394656,14,11,2.2179999999999995
3002,14.412900177169682,14,11,2.262
3003,34.457615422470454,16,9,2.224
3004,16.11072847683194,14,11,2.146
3005,35.565700449800765,16,9,2.264
3006,25.1320364973169,15,10,2.2319999999999998
3007,35.88497991020809,16,9,2.292
3008,4.7023027144497584,13,12,2.2159999999999997
3009,34.093896274354385,16,9,2.13
3010,12.962793548277924,14,11,2.152
3011,34.592327146676666,16,9,2.194
3012,15.54585796175948,14,11,2.2800000000000002
3013,34.80968539028835,16,9,2.252
3014,34.83429919888475,16,9,2.168
3015,24.39663620191889,15,10,2.1620000000000004
3016,24.50874610512884,15,10,2.2039999999999997
3017,35.062262851455095,16,9,2.248
3018,34.773833260746414,16,9,2.2020000000000004
3019,24.2793293129249,15,10,2.226
3020,34.740920546966926,16,9,2.1719999999999997
3021,34.60218790365769,16,9,2.152
3022,25.326711846898377,15,10,2.2600000000000002
3023,26.243808950632996,15,10,2.2840000000000003
3024,35.58860812064565,16,9,2.238
3025,24.480787698801993,15,10,2.3219999999999996
3026,25.214237660149834,15,10,2.184
3027,24.22275026353077,15,10,2.1800000000000006
3028,34.66050082297948,16,9,2.1799999999999997
3029,24.054431531620747,15,10,2.2479999999999998
3030,25.26841696402774,15,10,2.222
3031,24.86805141309499,15,10,2.236
3032,4.924794427066443,13,12,2.192
3033,34.170443701271694,16,9,2.274
3034,34.976587394752585,16,9,2.154
3035,24.49598403396024,15,10,2.248
3036,25.94810972523225,15,10,2.1439999999999997
3037,24.4404140050903,15,10,2.248
3038,24.978728773470465,15,10,2.194
3039,25.6259220739123,15,10,2.302
3040,24.040617833678787,15,10,2.2319999999999998
3041,25.13028110325235,15,10,2.244
3042,24.601629868897476,15,10,2.1740000000000004
3043,34.981114033133814,16,9,2.2459999999999996
3044,14.78259843133781,14,11,2.1800000000000006
3045,34.79865868618588,16,9,2.238
3046,25.551186336305715,15,10,2.2260000000000004
3047,34.77236396977755,16,9,2.196
3048,35.195243559658024,16,9,2.312
3049,25.02925327241768,15,10,2.2560000000000002
3050,35.07781599776562,16,9,2.17
3051,34.61228660846454,16,9,2.2800000000000002
3052,14.85857155355993,14,11,2.3080000000000007
3053,14.55781264767318,14,11,2.2619999999999996
3054,24.601539645187337,15,10,2.16
3055,24.157266559787672,15,10,2.2060000000000004
3056,35.720040173196054,16,9,2.298
3057,14.63283279559484,14,11,2.2479999999999998
3058,15.300908373632016,14,11,2.204
3059,25.270277820507708,15,10,2.2039999999999997
3060,25.58119825970138,15,10,2.1979999999999995
3061,35.43932234914806,16,9,2.2340000000000004
3062,25.77959679836055,15,10,2.2360000000000007
3063,35.26552469127658,16,9,2.186
3064,25.095679473352394,15,10,2.21
3065,23.968769154364402,15,10,2.218
3066,23.61554725612002,15,10,2.2600000000000002
3067,5.563592353219483,13,12,2.2840000000000003
3068,5.04988620379135,13,12,2.1060000000000003
3069,35.54179502870461,16,9,2.242
3070,34.74672436125,16,9,2.2359999999999998
3071,25.323725174427594,15,10,2.208
3072,25.05236937653995,15,10,2.17
3073,25.428234959957177,15,10,2.2239999999999998
3074,24.654833474271307,15,10,2.2199999999999998
3075,36.40993096979666,16,9,2.232
3076,25.36931488066397,15,10,2.256
3077,34.76064192804443,16,9,2.2079999999999997
3078,35.09655284553817,16,9,2.222
3079,24.32803983877922,15,10,2.3199999999999994
3080,25.052715637268403,15,10,2.1439999999999997
3081,23.845820989066283,15,10,2.21
3082,15.41949128326057,14,11,2.1860000000000004
3083,34.64315560127163,16,9,2.2119999999999997
3084,14.554061018911774,14,11,2.31
3085,24.23938087286894,15,10,2.242
3086,34.78081606107063,16,9,2.21
3087,34.067972744969815,16,9,2.25
3088,24.71201000845441,15,10,2.3319999999999994
3089,24.93619535569544,15,10,2.1800000000000006
3090,35.284796142653654,16,9,2.272
3091,14.70140866777528,14,11,2.1919999999999997
3092,35.28850517403678,16,9,2.246
3093,25.82645579612034,15,10,2.1580000000000004
3094,24.99581153592153,15,10,2.216
3095,34.829252101507656,16,9,2.2359999999999998
3096,34.53899459044063,16,9,2.2619999999999996
3097,15.077435174761918,14,11,2.276
3098,24.51301822426304,15,10,2.238
3099,34.6267369138473,16,9,2.2139999999999995
3100,13.791589449597538,14,11,2.3000000000000003
3101,25.39761718799697,15,10,2.12
3102,34.47076581423665,16,9,2.3
3103,25.132510924091903,15,10,2.21
3104,25.461014011577227,15,10,2.236
3105,24.64638877332068,15,10,2.2960000000000003
3106,35.040441684174695,16,9,2.286
3107,35.32858622759801,16,9,2.316
3108,35.401458196566495,16,9,2.1700000000000004
3109,25.61387205889691,15,10,2.2380000000000004
3110,14.383858648126434,14,11,2.2939999999999996
3111,34.605733149529925,16,9,2.186
3112,25.036300853181512,15,10,2.202
3113,35.70487809347979,16,9,2.2299999999999995
3114,34.606069720303225,16,9,2.3
3115,13.632489814361925,14,11,2.2819999999999996
3116,35.41463837788862,16,9,2.2539999999999996
3117,14.741138619144595,14,11,2.2660000000000005
3118,15.509379676525224,14,11,2.306
3119,44.628598565611,17,8,2.25
3120,34.82224054822848,16,9,2.274
3121,25.228080202258667,15,10,2.146
3122,14.893787117804461,14,11,2.2039999999999997
3123,25.35197042258042,15,10,2.1900000000000004
3124,34.96692964934158,16,9,2.198
3125,34.31015045283545,16,9,2.1700000000000004
3126,14.785322896165688,14,11,2.2140000000000004
3127,25.62462479852624,15,10,2.216
3128,36.02832969641193,16,9,2.1799999999999997
3129,35.111780338192176,16,9,2.216
3130,24.12801806804156,15,10,2.232
3131,14.923773281339155,14,11,2.184
3132,24.56930529618557,15,10,2.21
3133,24.616497820697894,15,10,2.258
3134,14.489693044944831,14,11,2.2439999999999998
3135,24.690805858524545,15,10,2.266
3136,34.703080007613366,16,9,2.182
3137,24.73225959713696,15,10,2.272
3138,34.8089760158713,16,9,2.34
3139,24.469787802248582,15,10,2.2220000000000004
3140,24.65004914311301,15,10,2.21
3141,33.83526160731528,16,9,2.236
3142,35.55773600306073,16,9,2.2199999999999998
3143,35.15854451421993,16,9,2.2179999999999995
3144,35.20308750921852,16,9,2.278
3145,14.62067850666252,14,11,2.3240000000000003
3146,34.5656706309275,16,9,2.156
3147,35.043671126217696,16,9,2.3179999999999996
3148,25.164852003694886,15,10,2.2560000000000002
3149,25.21919930103359,15,10,2.13
3150,14.387252111852998,14,11,2.214
3151,34.9810305239222,16,9,2.172
3152,15.279200517392237,14,11,2.22
3153,35.05487904279745,16,9,2.29
3154,34.4340185748684,16,9,2.286
3155,5.148244870817814,13,12,2.232
3156,34.710861485446436,16,9,2.222
3157,35.56016839966749,16,9,2.23
3158,35.485135882105766,16,9,2.16
3159,35.30871582218889,16,9,2.2640000000000002
3160,23.607239825795347,15,10,2.262
3161,24.629860378165798,15,10,2.198
3162,35.53726989854229,16,9,2.29
3163,25.196111650805776,15,10,2.0920000000000005
3164,24.89792335406695,15,10,2.2520000000000002
3165,23.80170312445929,15,10,2.2879999999999994
3166,24.844662911213632,15,10,2.3240000000000003
3167,25.140653880819166,15,10,2.184
3168,34.59320830691253,16,9,2.2019999999999995
3169,34.93677941538008,16,9,2.194
3170,34.77744815006813,16,9,2.2439999999999998
3171,25.91294339375011,15,10,2.2459999999999996
3172,15.360424247938115,14,11,2.186
3173,24.770343927980363,15,10,2.2659999999999996
3174,24.811747831278247,15,10,2.21
3175,23.90188771661115,15,10,2.302
3176,35.89496384660134,16,9,2.2279999999999998
3177,34.95469953602552,16,9,2.2359999999999998
3178,25.620369253186304,15,10,2.2180000000000004
3179,23.60067679305857,15,10,2.2880000000000003
3180,35.20002409451277,16,9,2.188
3181,34.62880014619122,16,9,2.242
3182,35.54271665926554,16,9,2.23
3183,34.56095681899624,16,9,2.232
3184,24.750098784113572,15,10,2.268
3185,35.50493457152753,16,9,2.248
3186,34.87259137459245,16,9,2.248
3187,34.88022386391545,16,9,2.2199999999999998
3188,26.06454441219226,15,10,2.188
3189,24.290116656406653,15,10,2.354
3190,14.535659936651907,14,11,2.256
3191,34.39101782213333,16,9,2.294
3192,24.101754579618223,15,10,2.1699999999999995
3193,34.71483738064098,16,9,2.232
3194,24.897590956387383,15,10,2.142
3195,24.10551885776397,15,10,2.252
3196,25.379023970730927,15,10,2.2239999999999998
3197,35.27221778136126,16,9,2.304
3198,34.781757789883976,16,9,2.1640000000000006
3199,26.1003713681473,15,10,2.2539999999999996
3200,25.245060800025787,15,10,2.3500000000000005
3201,34.67825095345679,16,9,2.2779999999999996
3202,35.1396069953111,16,9,2.2179999999999995
3203,24.64390248003179,15,10,2.174
3204,24.59918708041594,15,10,2.246
3205,24.59559827258107,15,10,2.238
3206,24.480411570686023,15,10,2.2659999999999996
3207,34.78463624509949,16,9,2.2760000000000002
3208,25.200517104919168,15,10,2.224
3209,13.638887866483259,14,11,2.182
3210,34.32834650317493,16,9,2.2039999999999997
3211,24.622998928751862,15,10,2.242
3212,24.24952319238983,15,10,2.29
3213,5.3865047787236895,13,12,2.1580000000000004
3214,25.10218308483836,15,10,2.2119999999999997
3215,34.74577290685449,16,9,2.1560000000000006
3216,34.87023861143564,16,9,2.282
3217,25.6130778753872,15,10,2.29
3218,15.310979097007621,14,11,2.3
3219,15.73208019550618,14,11,2.286
3220,23.773731597282044,15,10,2.286
3221,25.143038596519407,15,10,2.2060000000000004
3222,24.216859113084627,15,10,2.318
3223,35.19114538950867,16,9,2.192
3224,34.46452696754059,16,9,2.2399999999999998
3225,14.948623796121309,14,11,2.1340000000000003
3226,25.45734594588649,15,10,2.1879999999999997
3227,34.521230290308566,16,9,2.0680000000000005
3228,34.07079771009976,16,9,2.2760000000000002
3229,26.617424673040205,15,10,2.322
3230,24.256777980185102,15,10,2.254
3231,25.23803069447236,15,10,2.2359999999999998
3232,23.884381863473454,15,10,2.2820000000000005
3233,24.598033602330172,15,10,2.252
3234,15.270242163952888,14,11,2.182
3235,24.22772098120713,15,10,2.3240000000000003
3236,24.644074613299445,15,10,2.31
3237,36.290823688588866,16,9,2.2399999999999998
3238,25.94994165591114,15,10,2.276
3239,35.08058185981107,16,9,2.2920000000000007
3240,33.73731617238877,16,9,2.3260000000000005
3241,35.42742900979534,16,9,2.248
3242,23.926267323011757,15,10,2.2120000000000006
3243,24.412293589521916,15,10,2.196
3244,14.216204820071733,14,11,2.2159999999999997
3245,34.89851962049425,16,9,2.242
3246,23.70190608419456,15,10,2.2960000000000003
3247,24.52093330727888,15,10,2.1980000000000004
3248,24.400208245778636,15,10,2.2079999999999997
3249,34.81320532524901,16,9,2.156
3250,25.614976335541492,15,10,2.1440000000000006
3251,4.895137927066738,13,12,2.192
3252,14.302065974718385,14,11,2.2279999999999998
3253,33.95447539080823,16,9,2.232
3254,35.493247830569956,16,9,2.242
3255,24.05362802200375,15,10,2.256
3256,33.84370702241721,16,9,2.272
3257,24.078591564467878,15,10,2.1740000000000004
3258,24.056240878960143,15,10,2.2060000000000004
3259,25.174200630474516,15,10,2.2560000000000002
3260,35.22558598317463,16,9,2.24
3261,23.906988630499445,15,10,2.1900000000000004
3262,34.639147942944966,16,9,2.192
3263,34.52076464560256,16,9,2.1919999999999997
3264,34.42503121186566,16,9,2.246
3265,24.50758104165324,15,10,2.2239999999999998
3266,34.556216674307414,16,9,2.1820000000000004
3267,34.58762081715152,16,9,2.16
3268,14.522589214391015,14,11,2.222
3269,25.081485013738927,15,10,2.272
3270,34.96651520718244,16,9,2.27
3271,-5.939527163384958,12,13,2.246
3272,36.316457689444,16,9,2.1919999999999997
3273,24.86708426254579,15,10,2.232
3274,35.49334375438418,16,9,2.262
3275,34.82658731251663,16,9,2.1759999999999997
3276,34.88420771267313,16,9,2.088
3277,25.161582959003137,15,10,2.246
3278,14.435387092644053,14,11,2.1439999999999997
3279,14.872267120361165,14,11,2.182
3280,25.66495605790607,15,10,2.2700000000000005
3281,24.599729498798283,15,10,2.216
3282,34.29618058922791,16,9,2.268
3283,25.48038566846919,15,10,2.2359999999999998
3284,34.82910021081654,16,9,2.1559999999999997
3285,24.716042877616083,15,10,2.2600000000000002
3286,35.6046846749687,16,9,2.2979999999999996
3287,15.696588199443504,14,11,2.182
3288,33.733643350169345,16,9,2.242
3289,34.91045580681875,16,9,2.156
3290,34.970460585310356,16,9,2.2140000000000004
3291,25.357950538650293,15,10,2.2479999999999998
3292,23.902178713437728,15,10,2.3080000000000003
3293,34.11207811480287,16,9,2.298
3294,35.12210558008283,16,9,2.214
3295,35.75949961981065,16,9,2.19
3296,25.014923312955993,15,10,2.1480000000000006
3297,34.59233338235772,16,9,2.2980000000000005
3298,34.3624913305935,16,9,2.2359999999999998
3299,34.71993471209546,16,9,2.2319999999999998
3300,34.18977548003215,16,9,2.122
3301,34.14009194176219,16,9,2.276
3302,34.67836022478466,16,9,2.2699999999999996
3303,25.38879013613053,15,10,2.1559999999999997
3304,35.28911610939006,16,9,2.148
3305,25.188571158895,15,10,2.184
3306,35.1622770107758,16,9,2.202
3307,34.88656044469299,16,9,2.264
3308,24.113022714154734,15,10,2.202
3309,34.59530734660439,16,9,2.256
3310,34.283997522160334,16,9,2.1719999999999997
3311,14.312089528796163,14,11,2.258
3312,34.35429030294663,16,9,2.1260000000000003
3313,23.930040588788607,15,10,2.3300000000000005
3314,24.461120255712018,15,10,2.196
3315,34.45843442267359,16,9,2.1780000000000004
3316,35.170814846368394,16,9,2.216
3317,44.31836211432125,17,8,2.2079999999999997
3318,35.037807413287084,16,9,2.248
3319,35.10769749691404,16,9,2.242
3320,14.211172824738249,14,11,2.168
3321,4.2519814887064085,13,12,2.2860000000000005
3322,35.25175804107578,16,9,2.254
3323,34.782219219616415,16,9,2.19
3324,25.107752019466247,15,10,2.1380000000000003
3325,34.65607914458821,16,9,2.246
3326,25.686639600452736,15,10,2.2399999999999993
3327,33.7817761323501,16,9,2.2180000000000004
3328,26.13762185797897,15,10,2.2779999999999996
3329,24.586399989203045,15,10,2.258
3330,35.64042465736064,16,9,2.172
3331,34.569673950440134,16,9,2.198
3332,35.25423274933693,16,9,2.364
3333,34.454455989707775,16,9,2.15
3334,14.182537762662431,14,11,2.1060000000000003
3335,23.72106372095339,15,10,2.274
3336,25.077026154770635,15,10,2.2359999999999998
3337,24.33820122425864,15,10,2.2020000000000004
3338,24.97473904507079,15,10,2.262
3339,24.148536749094106,15,10,2.258
3340,34.737603861712905,16,9,2.164
3341,34.71851854012718,16,9,2.182
3342,34.56873528826431,16,9,2.12
3343,24.47468322828654,15,10,2.21
3344,24.9028430695744,15,10,2.1919999999999997
3345,24.295798308766276,15,10,2.194
3346,35.20281298817447,16,9,2.1179999999999994
3347,35.44921517853897,16,9,2.1800000000000006
3348,35.696159265077256,16,9,2.322
3349,25.07213064336374,15,10,2.1540000000000004
3350,34.19787912455913,16,9,2.25
3351,14.852170212631606,14,11,2.202
3352,25.347173775966613,15,10,2.214
3353,35.05082417416194,16,9,2.2659999999999996
3354,34.98907335391965,16,9,2.2279999999999998
3355,15.607533011598589,14,11,2.218000000000001
3356,34.78235546965506,16,9,2.194
3357,35.22510212644618,16,9,2.152
3358,14.376846316135472,14,11,2.052
3359,25.09363632278745,15,10,2.31
3360,34.315184713251384,16,9,2.166
3361,35.552604935920854,16,9,2.324
3362,25.17563787045117,15,10,2.158
3363,34.916127777173905,16,9,2.24
3364,23.974149097220444,15,10,2.1839999999999997
3365,35.74192170390111,16,9,2.184
3366,24.96824088610777,15,10,2.2399999999999998
3367,15.096460606522651,14,11,2.2400000000000007
3368,34.26843861790898,16,9,2.164
3369,14.550592790849603,14,11,2.2120000000000006
3370,34.73159902572898,16,9,2.184
3371,34.422378051932604,16,9,2.226
3372,35.39606923667298,16,9,2.21
3373,24.37476273052885,15,10,2.22
3374,34.35165964340985,16,9,2.174
3375,24.90601026166997,15,10,2.3259999999999996
3376,35.52877461442782,16,9,2.214
3377,35.09308851681872,16,9,2.226
3378,34.398078135888404,16,9,2.2479999999999998
3379,34.37807460679737,16,9,2.2399999999999998
3380,35.11921763477204,16,9,2.2239999999999998
3381,24.13068899086733,15,10,2.2700000000000005
3382,24.19032504209588,15,10,2.138
3383,34.82906937498656,16,9,2.2619999999999996
3384,34.851257183495115,16,9,2.2
3385,23.962338796315432,15,10,2.178
3386,15.393082749936704,14,11,2.1439999999999997
3387,14.287676078998953,14,11,2.23
3388,34.558386463489086,16,9,2.2140000000000004
3389,33.803986504577715,16,9,2.1860000000000004
3390,35.459317620975085,16,9,2.178
3391,24.123937881217287,15,10,2.18
3392,35.24046257604728,16,9,2.242
3393,33.421940823277794,16,9,2.176
3394,24.500333857894,15,10,2.2
3395,24.50228040835156,15,10,2.204
3396,25.00294253860172,15,10,2.186
3397,25.04981699028961,15,10,2.25
3398,35.51005352949436,16,9,2.28
3399,23.712868829270043,15,10,2.252
3400,25.469033480289628,15,10,2.2199999999999998
3401,34.377013631863065,16,9,2.224
3402,14.381184249463155,14,11,2.1799999999999997
3403,34.707018399793014,16,9,2.1620000000000004
3404,34.30700340052132,16,9,2.212
3405,24.633472416241023,15,10,2.232
3406,34.73644919826584,16,9,2.222
3407,25.447614424469037,15,10,2.1820000000000004
3408,24.204523694148094,15,10,2.248
3409,34.901671113997516,16,9,2.242
3410,24.4920634837686,15,10,2.172
3411,24.025394620607592,15,10,2.1999999999999997
3412,35.032607703611845,16,9,2.2
3413,35.11660801520845,16,9,2.3519999999999994
3414,14.635086211405895,14,11,2.246
3415,35.035075529842345,16,9,2.2560000000000007
3416,15.002023459579615,14,11,2.184
3417,24.12212347320429,15,10,2.3120000000000003
3418,35.360451570742114,16,9,2.338
3419,24.575249794215157,15,10,2.098
3420,35.59418901255844,16,9,2.214
3421,34.301166476254046,16,9,2.2860000000000005
3422,35.523669491571496,16,9,2.184
3423,24.359590171719546,15,10,2.2520000000000002
3424,35.407687393541565,16,9,2.23
3425,35.39913278092233,16,9,2.216
3426,23.886522529331778,15,10,2.1659999999999995
3427,33.222544697623235,16,9,2.104
3428,14.34235824920098,14,11,2.2340000000000004
3429,24.028223745259297,15,10,2.174
3430,25.68396447500008,15,10,2.1320000000000006
3431,34.53090991277491,16,9,2.216
3432,35.99514775940657,16,9,2.232
3433,35.26778923989531,16,9,2.278
3434,34.647848319561255,16,9,2.286
3435,24.630385392519834,15,10,2.194
3436,34.79521178246867,16,9,2.1580000000000004
3437,34.72611218783018,16,9,2.21
3438,25.55641947421404,15,10,2.16
3439,24.87286512397893,15,10,2.2359999999999998
3440,34.42139352357982,16,9,2.2140000000000004
3441,35.38075869494318,16,9,2.1719999999999997
3442,24.52587374693147,15,10,2.148
3443,34.00254978663665,16,9,2.2300000000000004
3444,35.07142906327837,16,9,2.168
3445,35.041751966850356,16,9,2.2540000000000004
3446,34.516534487570965,16,9,2.174
3447,24.214489600954614,15,10,2.252
3448,35.677421063055114,16,9,2.2359999999999998
3449,45.103193356293104,17,8,2.2660000000000005
3450,35.07949373344324,16,9,2.2119999999999997
3451,34.4310436868295,16,9,2.3020000000000005
3452,34.36064024873018,16,9,2.222
3453,35.39285088345965,16,9,2.3259999999999996
3454,35.40183818590981,16,9,2.232
3455,15.031414969173154,14,11,2.274
3456,34.19340656669806,16,9,2.2199999999999998
3457,36.06870775482501,16,9,2.22
3458,35.10481261254302,16,9,2.26
3459,34.75375854605665,16,9,2.186000000000001
3460,34.74767753102523,16,9,2.152
3461,36.13269752344593,16,9,2.106
3462,34.633067462355385,16,9,2.33
3463,14.478439991042038,14,11,2.248
3464,24.40943324502406,15,10,2.1700000000000004
3465,34.39834129522123,16,9,2.24
3466,35.509541918563016,16,9,2.214
3467,4.338268360293426,13,12,2.178
3468,34.400734224275375,16,9,2.258
3469,34.581121917769885,16,9,2.228
3470,25.00187489419422,15,10,2.288
3471,34.676110486109664,16,9,2.194
3472,24.415453658354505,15,10,2.316
3473,35.59860729648605,16,9,2.1900000000000004
3474,24.407821763987485,15,10,2.2439999999999998
3475,34.07849905230624,16,9,2.268
3476,35.810132482367756,16,9,2.118
3477,34.975934896395344,16,9,2.2039999999999997
3478,35.03221534374883,16,9,2.248
3479,24.598892582005167,15,10,2.1900000000000004
3480,35.074591897020845,16,9,2.12
3481,34.2336759009968,16,9,2.1420000000000003
3482,35.287650289231976,16,9,2.2800000000000002
3483,33.433165024630654,16,9,2.164
3484,25.761414115958807,15,10,2.2299999999999995
3485,25.279110677018135,15,10,2.1059999999999994
3486,24.955066886056322,15,10,2.214
3487,25.598284990868667,15,10,2.1800000000000006
3488,26.308631436705422,15,10,2.1380000000000003
3489,23.65684628028898,15,10,2.226
3490,14.494102638838239,14,11,2.1679999999999997
3491,24.956389184777944,15,10,2.184
3492,24.05592719183426,15,10,2.278
3493,34.33417987144918,16,9,2.21
3494,14.096778185504181,14,11,2.238
3495,24.92385009098668,15,10,2.2579999999999996
3496,34.67894900206695,16,9,2.3
3497,34.18649716246531,16,9,2.182
3498,34.85846270618612,16,9,2.2140000000000004
3499,35.170120351407306,16,9,2.298
3500,24.320960000895578,15,10,2.182
3501,34.36663832264652,16,9,2.2559999999999993
3502,25.201559831316874,15,10,2.1999999999999997
3503,23.44067525328437,15,10,2.176
3504,35.003230714713375,16,9,2.168
3505,34.75675188024713,16,9,2.302
3506,14.559573718431214,14,11,2.324
3507,34.94021434928912,16,9,2.274
3508,36.82458128298211,16,9,2.226
3509,34.25852347781374,16,9,2.1439999999999997
3510,35.64405321510412,16,9,2.348
3511,35.20027861232087,16,9,2.1919999999999997
3512,34.28615828190648,16,9,2.234
3513,24.104197481575472,15,10,2.334
3514,24.64966642570837,15,10,2.224
3515,35.2284784593725,16,9,2.254
3516,23.913482281783743,15,10,2.242
3517,34.47716474865352,16,9,2.248
3518,35.34929431916454,16,9,2.192
3519,24.22927155672354,15,10,2.2879999999999994
3520,34.5214402168355,16,9,2.2640000000000002
3521,44.42519364669623,17,8,2.22
3522,34.528335870548396,16,9,2.184
3523,24.621830833879102,15,10,2.21
3524,35.044464597559795,16,9,2.242
3525,25.039394894841077,15,10,2.232
3526,34.68593194813322,16,9,2.2560000000000002
3527,24.487077876784824,15,10,2.29
3528,24.930495480145133,15,10,2.11
3529,25.900796564362754,15,10,2.106
3530,25.94597681774687,15,10,2.094
3531,35.152974685788074,16,9,2.196
3532,14.868181663287446,14,11,2.274
3533,24.18145383621596,15,10,2.212
3534,15.606149191094445,14,11,2.29
3535,14.0717337971004,14,11,2.2939999999999996
3536,15.422265114534643,14,11,2.2600000000000002
3537,35.79270660016728,16,9,2.278
3538,35.5947746508122,16,9,2.2260000000000004
3539,35.461680605975566,16,9,2.252
3540,34.83446296357798,16,9,2.2060000000000004
3541,34.5815997264452,16,9,2.2880000000000003
3542,24.52020453821228,15,10,2.092
3543,25.387501338908244,15,10,2.158
3544,35.75607930013521,16,9,2.176
3545,34.42765236489843,16,9,2.134
3546,34.736406441059756,16,9,2.2080000000000006
3547,25.085579682812853,15,10,2.198
3548,36.475901417364064,16,9,2.1719999999999997
3549,25.202556977579903,15,10,2.192
3550,24.27977972480363,15,10,2.216
3551,14.73728802427836,14,11,2.3600000000000003
3552,35.15310595958932,16,9,2.2300000000000004
3553,35.103983904064236,16,9,2.198
3554,34.93442347898892,16,9,2.2800000000000002
3555,35.211362769129835,16,9,2.246
3556,35.74686991542748,16,9,2.2640000000000002
3557,15.00533708490754,14,11,2.27
3558,24.070259911787982,15,10,2.2399999999999998
3559,34.971447600604876,16,9,2.2319999999999998
3560,25.295201340846432,15,10,2.252
3561,34.74188981312148,16,9,2.13
3562,35.04655650937811,16,9,2.2279999999999998
3563,25.03999376763325,15,10,2.3099999999999996
3564,34.37470819566375,16,9,2.176
3565,36.56702929329884,16,9,2.2279999999999998
3566,15.514184718070574,14,11,2.32
3567,24.540287542512473,15,10,2.242
3568,44.22519617387383,17,8,2.3160000000000003
3569,24.804187978685988,15,10,2.2039999999999997
3570,34.306199058590025,16,9,2.3519999999999994
3571,35.4374768654673,16,9,2.288
3572,34.864471823099144,16,9,2.2039999999999997
3573,25.257235776440325,15,10,2.316
3574,25.609548067635387,15,10,2.2619999999999996
3575,35.14558638949405,16,9,2.2119999999999997
3576,34.65155022018176,16,9,2.1860000000000004
3577,34.15878071880314,16,9,2.214
3578,35.28965890855406,16,9,2.12
3579,35.84457168816048,16,9,2.262
3580,34.5637459592383,16,9,2.218
3581,4.413023956243418,13,12,2.24
3582,24.4217334119122,15,10,2.224
3583,25.206573843091892,15,10,2.1919999999999997
3584,35.96341137594953,16,9,2.2019999999999995
3585,34.91011328583392,16,9,2.248
3586,34.42978008741502,16,9,2.246
3587,34.66443588071305,16,9,2.162
3588,35.54313656994651,16,9,2.2119999999999997
3589,35.09332875619367,16,9,2.2020000000000004
3590,23.848445264248586,15,10,2.1759999999999997
3591,23.500144308373095,15,10,2.232
3592,34.92047738070499,16,9,2.22
3593,35.457147018628284,16,9,2.0780000000000003
3594,35.01595645135342,16,9,2.15
3595,34.3184840385238,16,9,2.292
3596,25.02226330744682,15,10,2.2020000000000004
3597,36.06002483613565,16,9,2.162
3598,14.66264264644666,14,11,2.272
3599,15.092926020225086,14,11,2.114
3600,25.533864456145498,15,10,2.202
3601,25.070654959778572,15,10,2.232
3602,35.67478441430891,16,9,2.2340000000000004
3603,24.91467054094391,15,10,2.1640000000000006
3604,25.0016786868628,15,10,2.1599999999999997
3605,35.059915066568195,16,9,2.152
3606,35.689236077881525,16,9,2.268
3607,34.78995213711558,16,9,2.2880000000000003
3608,24.82733097845751,15,10,2.226
3609,15.282619447389354,14,11,2.304
3610,24.859975733494444,15,10,2.1420000000000003
3611,14.842497897835162,14,11,2.286
3612,24.98011357442822,15,10,2.224
3613,24.949549873027266,15,10,2.2340000000000004
3614,35.25426564043857,16,9,2.2199999999999998
3615,35.67044996667709,16,9,2.278
3616,24.969236370753137,15,10,2.186
3617,35.8341321364146,16,9,2.292
3618,24.453253064800826,15,10,2.2020000000000004
3619,44.89315634887284,17,8,2.2159999999999997
3620,25.006511317038704,15,10,2.29
3621,34.31802228466878,16,9,2.186
3622,34.64342618929906,16,9,2.2359999999999998
3623,25.06689579323834,15,10,2.228
3624,25.200815295250695,15,10,2.304
3625,35.154438987105856,16,9,2.152
3626,24.30854859033081,15,10,2.2640000000000002
3627,35.5880551466319,16,9,2.2559999999999993
3628,24.843405466091365,15,10,2.234
3629,24.854682665203672,15,10,2.214
3630,25.989660224375893,15,10,2.204
3631,25.574325844125358,15,10,2.15
3632,34.682955763737056,16,9,2.1919999999999997
3633,34.79512193594082,16,9,2.1420000000000003
3634,34.689524202119856,16,9,2.3560000000000003
3635,35.85134211036545,16,9,2.3040000000000003
3636,34.383709995624486,16,9,2.25
3637,34.73062313829598,16,9,2.1000000000000005
3638,34.14494515953336,16,9,2.302
3639,33.84333434645984,16,9,2.166
3640,35.53276055175025,16,9,2.2060000000000004
3641,35.326408911660494,16,9,2.248
3642,35.04340585985463,16,9,2.2619999999999996
3643,33.72296744389022,16,9,2.304
3644,24.511894321952852,15,10,2.208
3645,24.44020380340125,15,10,2.2039999999999997
3646,35.256100437978176,16,9,2.254
3647,35.04002203726016,16,9,2.2560000000000002
3648,35.04327624893104,16,9,2.2760000000000007
3649,35.09192681624327,16,9,2.2500000000000004
3650,34.634832800119355,16,9,2.2779999999999996
3651,34.77317514869237,16,9,2.282
3652,35.45447754215034,16,9,2.268
3653,26.442795244381475,15,10,2.268
3654,25.06328826055232,15,10,2.178
3655,34.921244044546505,16,9,2.184
3656,35.595579192186044,16,9,2.186
3657,34.30242125221805,16,9,2.242
3658,35.728199766168764,16,9,2.2079999999999997
3659,24.916138475626852,15,10,2.1799999999999997
3660,34.290487893674246,16,9,2.2039999999999997
3661,34.71743025223323,16,9,2.2659999999999996
3662,24.398611812821223,15,10,2.226
3663,34.1095597167582,16,9,2.278
3664,35.25917880911149,16,9,2.112
3665,35.21047122380634,16,9,2.156
3666,24.61853578180882,15,10,2.246
3667,34.693439002129,16,9,2.192
3668,33.479870968155,16,9,2.2039999999999997
3669,3.9152865867497644,13,12,2.234
3670,24.72617481845829,15,10,2.1860000000000004
3671,36.014185017803335,16,9,2.176
3672,35.8003446602384,16,9,2.1500000000000004
3673,35.68781962171865,16,9,2.232
3674,35.155384482173766,16,9,2.1900000000000004
3675,25.030825212653937,15,10,2.1479999999999997
3676,35.07271016511625,16,9,2.1659999999999995
3677,35.369995135588,16,9,2.2500000000000004
3678,25.18306659596611,15,10,2.1740000000000004
3679,35.271629567242414,16,9,2.2
3680,34.85123321200343,16,9,2.2500000000000004
3681,33.749776258507175,16,9,2.2819999999999996
3682,24.225476944954867,15,10,2.2540000000000004
3683,24.529448535927962,15,10,2.16
3684,25.547847699851324,15,10,2.2299999999999995
3685,35.05718335985081,16,9,2.184
3686,35.372917010691665,16,9,2.274
3687,15.61718026151056,14,11,2.1820000000000004
3688,35.318854349642244,16,9,2.192
3689,34.43376723326762,16,9,2.284
3690,25.02933274477752,15,10,2.222
3691,45.06013182689282,17,8,2.2939999999999996
3692,34.92643252149891,16,9,2.164
3693,33.72759072282708,16,9,2.128
3694,26.01003527380702,15,10,2.31
3695,24.82301543026662,15,10,2.184
3696,25.52075261723158,15,10,2.354
3697,35.531578663034686,16,9,2.204
3698,24.740113518739385,15,10,2.214
3699,25.30082010057769,15,10,2.2239999999999998
3700,44.32578293314531,17,8,2.162
3701,25.135765591029053,15,10,2.194
3702,34.69067168286969,16,9,2.2079999999999997
3703,33.67218486030036,16,9,2.262
3704,36.02203524807219,16,9,2.156
3705,35.28655697592781,16,9,2.1540000000000004
3706,23.453362506547734,15,10,2.182
3707,34.40636787872417,16,9,2.1060000000000003
3708,35.11074992038291,16,9,2.2039999999999997
3709,35.252651173846296,16,9,2.232
3710,13.845653274775046,14,11,2.258
3711,45.34954027984162,17,8,2.2779999999999996
3712,14.39789485738953,14,11,2.168
3713,25.276781037632702,15,10,2.306
3714,24.961053440477368,15,10,2.2099999999999995
3715,25.011864760048194,15,10,2.17
3716,34.68820520074234,16,9,2.122
3717,34.640348481777124,16,9,2.212
3718,35.3156324445081,16,9,2.316
3719,24.290801586082736,15,10,2.224
3720,34.66086374501897,16,9,2.166
3721,34.36984896670866,16,9,2.1740000000000004
3722,35.60087666503486,16,9,2.0540000000000003
3723,34.48252671577072,16,9,2.232
3724,34.97867366997233,16,9,2.2060000000000004
3725,34.27514396856468,16,9,2.25
3726,34.204319946895566,16,9,2.1660000000000004
3727,23.71413961575294,15,10,2.2159999999999997
3728,25.281953081429002,15,10,2.2359999999999998
3729,24.862035252700093,15,10,2.266
3730,25.687101107089187,15,10,2.208
3731,35.15587723784249,16,9,2.222
3732,35.78133039536043,16,9,2.1839999999999997
3733,34.49643882505475,16,9,2.3
3734,23.496830053238032,15,10,2.2380000000000004
3735,25.222585250133818,15,10,2.192
3736,25.71606943330906,15,10,2.242
3737,24.59935263552598,15,10,2.312
3738,34.33137777448605,16,9,2.2139999999999995
3739,35.086358212150806,16,9,2.16
3740,35.972449106581166,16,9,2.298
3741,25.408512372498443,15,10,2.2119999999999997
3742,35.53582126431647,16,9,2.1800000000000006
3743,34.99345555800607,16,9,2.14
3744,25.107446782897757,15,10,2.2700000000000005
3745,35.00602774560117,16,9,2.2560000000000002
3746,35.668873058040695,16,9,2.2
3747,34.99969377385564,16,9,2.1519999999999997
3748,25.15876648773616,15,10,2.2439999999999993
3749,14.609360263680234,14,11,2.148
3750,15.926576590754362,14,11,2.132
3751,35.32174787988619,16,9,2.228
3752,34.96583661116084,16,9,2.2399999999999998
3753,35.214868035014554,16,9,2.2699999999999996
3754,24.411563558851462,15,10,2.2380000000000004
3755,25.592261591666606,15,10,2.31
3756,35.497066503209304,16,9,2.36
3757,44.60072311971265,17,8,2.242
3758,34.861378787354745,16,9,2.232
3759,35.38582925637791,16,9,2.222
3760,15.815981788599927,14,11,2.2119999999999997
3761,24.633270401283045,15,10,2.2640000000000002
3762,24.724453222838477,15,10,2.2960000000000003
3763,35.02664527917924,16,9,2.2199999999999998
3764,35.7088768762984,16,9,2.1220000000000003
3765,25.313088002196658,15,10,2.206
3766,5.555749920768247,13,12,2.2960000000000003
3767,35.530924753071574,16,9,2.2399999999999998
3768,24.966037070442866,15,10,2.1919999999999997
3769,34.82509799544293,16,9,2.1900000000000004
3770,36.09899202840518,16,9,2.216
3771,35.085772850453665,16,9,2.1759999999999997
3772,25.174813451409197,15,10,2.1540000000000004
3773,34.213449683581004,16,9,2.2279999999999998
3774,35.11014200231603,16,9,2.2619999999999996
3775,25.91219409740672,15,10,2.22
3776,35.06283128976108,16,9,2.2220000000000004
3777,35.16904320812018,16,9,2.1860000000000004
3778,24.89645368861193,15,10,2.258
3779,34.46956476712935,16,9,2.1380000000000003
3780,45.28276226237006,17,8,2.246
3781,4.230006711092913,13,12,2.2779999999999996
3782,25.68443226002476,15,10,2.216
3783,24.358706786231306,15,10,2.2
3784,34.52589242974288,16,9,2.1880000000000006
3785,35.25231272453273,16,9,2.122
3786,24.563463397905824,15,10,2.1839999999999997
3787,23.957653606677788,15,10,2.158
3788,36.128949245832786,16,9,2.242
3789,35.11106716820878,16,9,2.184
3790,24.86382091228322,15,10,2.168
3791,25.771657366953786,15,10,2.1919999999999997
3792,24.876862525047894,15,10,2.3
3793,25.19636558429523,15,10,2.16
3794,35.05722055929613,16,9,2.1860000000000004
3795,34.41539243114718,16,9,2.2339999999999995
3796,25.605771659659194,15,10,2.1020000000000003
3797,5.477000778394421,13,12,2.226
3798,35.49483000227011,16,9,2.2540000000000004
3799,34.77394412443269,16,9,2.284
3800,34.534527400124276,16,9,2.15
3801,35.34562129936816,16,9,2.2960000000000003
3802,25.222032862369705,15,10,2.2619999999999996
3803,35.851937799919604,16,9,2.22
3804,33.83233084631887,16,9,2.184
3805,35.189832370292166,16,9,2.2239999999999998
3806,24.697401629499158,15,10,2.2179999999999995
3807,34.93953929307826,16,9,2.1500000000000004
3808,24.469907305134353,15,10,2.1819999999999995
3809,34.681123030672225,16,9,2.1900000000000004
3810,24.176736292108526,15,10,2.2760000000000002
3811,23.923208884130815,15,10,2.18
3812,24.61394903888176,15,10,2.1799999999999997
3813,35.63733648904512,16,9,2.226
3814,34.051747180412285,16,9,2.228
3815,25.158755581512537,15,10,2.2439999999999998
3816,34.417702481305795,16,9,2.3000000000000003
3817,25.027067603991952,15,10,2.146
3818,25.309276111137702,15,10,2.246
3819,34.383815058267395,16,9,2.156
3820,34.893841081310796,16,9,2.2359999999999998
3821,24.541669149802615,15,10,2.192
3822,24.219288308702826,15,10,2.304
3823,44.58046412784285,17,8,2.2020000000000004
3824,35.73016510287187,16,9,2.2020000000000004
3825,25.810401811432857,15,10,2.168
3826,25.715887256510083,15,10,2.248
3827,25.084560839219787,15,10,2.2500000000000004
3828,34.62425907438204,16,9,2.198
3829,24.23862640639603,15,10,2.2020000000000004
3830,5.187074116254022,13,12,2.19
3831,35.651440692367224,16,9,2.2300000000000004
3832,24.85319650683113,15,10,2.2079999999999997
3833,35.60085347136055,16,9,2.234
3834,34.43850976533892,16,9,2.242
3835,34.05303360046317,16,9,2.2239999999999993
3836,14.235447280528742,14,11,2.212
3837,34.994669606506335,16,9,2.224
3838,25.347983942497745,15,10,2.1820000000000004
3839,35.09867591149052,16,9,2.178
3840,35.1161481033932,16,9,2.262
3841,35.119619717843264,16,9,2.2459999999999996
3842,33.719010995502636,16,9,2.25
3843,34.87703595369129,16,9,2.212
3844,35.00670184481681,16,9,2.1420000000000003
3845,25.1821007504569,15,10,2.182
3846,25.13931539310329,15,10,2.306
3847,24.69802225000203,15,10,2.188
3848,35.2052177371924,16,9,2.242
3849,15.250442959388328,14,11,2.2359999999999998
3850,24.556588258616827,15,10,2.1740000000000004
3851,24.941742711461437,15,10,2.192
3852,35.39120143302217,16,9,2.164
3853,35.84952397237325,16,9,2.21
3854,24.962176250054817,15,10,2.22
3855,34.09151139417182,16,9,2.228
3856,34.98287376736373,16,9,2.3039999999999994
3857,35.38763339968497,16,9,2.2039999999999997
3858,34.78065855175587,16,9,2.162
3859,35.78899624157128,16,9,2.1399999999999997
3860,16.08000346487516,14,11,2.184
3861,36.0525320260466,16,9,2.2439999999999998
3862,25.897362742689236,15,10,2.258
3863,35.350763399875206,16,9,2.2180000000000004
3864,34.90616981678197,16,9,2.242
3865,35.17436835424289,16,9,2.268
3866,24.167486983615458,15,10,2.2520000000000002
3867,35.16208856138646,16,9,2.1079999999999997
3868,35.545040546465515,16,9,2.1719999999999997
3869,34.894674521402294,16,9,2.2
3870,35.32588600378807,16,9,2.2139999999999995
3871,35.96896464985619,16,9,2.2640000000000002
3872,35.599235709172916,16,9,2.1740000000000004
3873,15.114664420440613,14,11,2.258
3874,34.986377776080914,16,9,2.232
3875,35.102126353003435,16,9,2.3440000000000003
3876,24.95672315222323,15,10,2.2
3877,35.25030472316884,16,9,2.1800000000000006
3878,25.29185006030699,15,10,2.178
3879,34.73138192845038,16,9,2.2299999999999995
3880,23.459738815331324,15,10,2.196
3881,35.53381540694409,16,9,2.2
3882,35.236129988863524,16,9,2.218
3883,35.33952034665355,16,9,2.272
3884,35.1649844358319,16,9,2.286
3885,35.193532385406016,16,9,2.2039999999999997
3886,34.91079673810982,16,9,2.2439999999999998
3887,34.797060897434505,16,9,2.19
3888,34.45918669554478,16,9,2.3020000000000005
3889,35.91052744829809,16,9,2.2499999999999996
3890,24.85971487524214,15,10,2.3019999999999996
3891,36.08254952706277,16,9,2.194
3892,25.87625333043813,15,10,2.186
3893,25.046107998821885,15,10,2.2600000000000002
3894,24.692551066340574,15,10,2.1719999999999997
3895,25.76722733719079,15,10,2.138000000000001
3896,25.197702292314304,15,10,2.248
3897,25.56243569088625,15,10,2.1439999999999997
3898,34.34417515005271,16,9,2.268
3899,25.37229548787866,15,10,2.2979999999999996
3900,24.602145362132127,15,10,2.1719999999999997
3901,15.690734706333659,14,11,2.188
3902,35.04949577405238,16,9,2.2
3903,5.137465074871503,13,12,2.17
3904,24.313409779026827,15,10,2.156
3905,25.25230080261163,15,10,2.222
3906,24.25040644315612,15,10,2.226
3907,25.33786741724876,15,10,2.172
3908,35.94087142848014,16,9,2.274
3909,34.633819493430764,16,9,2.196
3910,24.642245087517903,15,10,2.226
3911,25.043462689630427,15,10,2.2359999999999998
3912,24.920766795391536,15,10,2.1740000000000004
3913,34.745203848779916,16,9,2.19
3914,24.96653260590675,15,10,2.202
3915,24.795388559018384,15,10,2.232
3916,36.53497199377428,16,9,2.274
3917,34.657515620556424,16,9,2.298
3918,25.005069424487345,15,10,2.232
3919,25.68797434270172,15,10,2.192
3920,25.022008812069974,15,10,2.23
3921,13.839707090616315,14,11,2.1780000000000004
3922,24.689253829316414,15,10,2.254
3923,33.8539476864543,16,9,2.178
3924,36.42361124562409,16,9,2.1820000000000004
3925,35.24132911651134,16,9,2.2020000000000004
3926,24.463437596006674,15,10,2.258
3927,24.050132046465464,15,10,2.2059999999999995
3928,15.122915885789197,14,11,2.224
3929,24.903371650548042,15,10,2.2939999999999996
3930,35.240013911417165,16,9,2.2820000000000005
3931,35.42244176123716,16,9,2.234
3932,34.94463751190164,16,9,2.194
3933,45.33381459961915,17,8,2.1339999999999995
3934,14.295390001276255,14,11,2.222
3935,34.23787608000663,16,9,2.256
3936,14.463692712739576,14,11,2.162
3937,35.1770931348145,16,9,2.1800000000000006
3938,15.513160314223844,14,11,2.228
3939,4.125243437709149,13,12,2.268
3940,34.877766932940176,16,9,2.2399999999999998
3941,34.474384713936686,16,9,2.1799999999999997
3942,35.15049693678663,16,9,2.2359999999999998
3943,34.568350320996785,16,9,2.2180000000000004
3944,35.357021362060976,16,9,2.226
3945,34.8519617795174,16,9,2.294
3946,24.020351902239028,15,10,2.2399999999999998
3947,33.67594671666572,16,9,2.2100000000000004
3948,35.00193268809606,16,9,2.134
3949,25.14639349192449,15,10,2.152
3950,34.49157250757636,16,9,2.186
3951,34.478060289114296,16,9,2.1539999999999995
3952,44.971831745568124,17,8,2.302
3953,33.84701773145032,16,9,2.18
3954,33.69756927312208,16,9,2.2699999999999996
3955,34.95213456735334,16,9,2.268
3956,24.664210973908926,15,10,2.144
3957,34.368901391187244,16,9,2.1659999999999995
3958,36.00310170557676,16,9,2.212
3959,24.89435751764618,15,10,2.2779999999999996
3960,24.48711333847573,15,10,2.232
3961,35.69520592428186,16,9,2.2039999999999997
3962,24.784035664466227,15,10,2.13
3963,34.11430829452021,16,9,2.186000000000001
3964,24.682258444574288,15,10,2.344
3965,34.987078157253265,16,9,2.1919999999999997
3966,35.09340617525007,16,9,2.15
3967,35.00663494242611,16,9,2.1919999999999997
3968,25.31869163241966,15,10,2.2779999999999996
3969,35.10694631740279,16,9,2.178
3970,24.006729726598035,15,10,2.216
3971,24.959040315920614,15,10,2.1399999999999997
3972,24.9954504012903,15,10,2.168
3973,4.93661324527391,13,12,2.2159999999999997
3974,24.58983959375881,15,10,2.1900000000000004
3975,35.99452294938866,16,9,2.2640000000000002
3976,25.216108546041617,15,10,2.19
3977,35.57266958928671,16,9,2.1900000000000004
3978,35.861090573650635,16,9,2.222
3979,26.010664499168737,15,10,2.2880000000000003
3980,34.68121708296272,16,9,2.298
3981,34.662473783780904,16,9,2.2359999999999998
3982,35.09437494106846,16,9,2.296
3983,34.57463231068086,16,9,2.132
3984,26.063405130292672,15,10,2.188
3985,36.47128526157714,16,9,2.15
3986,24.528254463023142,15,10,2.2
3987,25.963376588440642,15,10,2.206
3988,34.93773779129306,16,9,2.2619999999999996
3989,35.06284663793579,16,9,2.192
3990,14.59106331433959,14,11,2.2299999999999995
3991,24.612335095292416,15,10,2.238
3992,35.31705485808336,16,9,2.198
3993,25.639843463452348,15,10,2.168
3994,34.44660781173944,16,9,2.138
3995,14.930116145177697,14,11,2.2399999999999998
3996,44.768086322383226,17,8,2.2720000000000002
3997,34.559659046479034,16,9,2.2299999999999995
3998,34.11789034165099,16,9,2.1980000000000004
3999,24.79153611686933,15,10,2.298
4000,34.988330897067485,16,9,2.2139999999999995
