"# mode=fixed d_value=3 d=[0,0] p=0.50 dr=0 seed=6 topology=fixed ch=3 n_agents=5 obs_dim=34 n_episodes=4000"
episode,sum_reward,success,fail,mean_delay
1,-35.59470681324082,9,16,3.0
2,-35.02535779018111,9,16,3.0
3,-35.22417305914492,9,16,3.0
4,-33.91624467730817,9,16,3.0
5,-46.06500996020428,8,17,3.0
6,-16.309436878927418,11,14,3.0
7,-55.61191693186602,7,18,3.0
8,-55.28790923961125,7,18,3.0
9,-46.267881984685474,8,17,3.0
10,-45.547008378433496,8,17,3.0
11,-65.76757290268118,6,19,3.0
12,-64.89291123071288,6,19,3.0
13,-35.51954049762503,9,16,3.0
14,-4.987677801912294,12,13,3.0
15,-63.98448949673836,6,19,3.0
16,-45.660213511755416,8,17,3.0
17,-25.253875936835186,10,15,3.0
18,-35.8842219909108,9,16,3.0
19,-45.90476133900657,8,17,3.0
20,-24.13384796580322,10,15,3.0
21,-25.844808307242154,10,15,3.0
22,-45.334473838065826,8,17,3.0
23,-35.88527826377022,9,16,3.0
24,-54.88485573179622,7,18,3.0
25,-36.616044841318,9,16,3.0
26,-16.803059762408825,11,14,3.0
27,-35.96848774208434,9,16,3.0
28,-46.44406403666706,8,17,3.0
29,-36.05832828059951,9,16,3.0
30,-45.72116469004164,8,17,3.0
31,-54.68257771962942,7,18,3.0
32,-26.653820834896067,10,15,3.0
33,-36.72716039963301,9,16,3.0
34,-15.83595125349261,11,14,3.0
35,-25.091667256222763,10,15,3.0
36,-35.4765589529483,9,16,3.0
37,-35.03198584522592,9,16,3.0
38,-65.45771400661954,6,19,3.0
39,-35.670822149569,9,16,3.0
40,-24.575168042497744,10,15,3.0
41,-54.62876552853221,7,18,3.0
42,-44.66545403785234,8,17,3.0
43,-15.526614391404376,11,14,3.0
44,-46.37919785644942,8,17,3.0
45,-15.576039626170529,11,14,3.0
46,-55.11651665500715,7,18,3.0
47,-44.34834222720837,8,17,3.0
48,-26.870793289717028,10,15,3.0
49,-14.441309542402035,11,14,3.0
50,-35.756154773815766,9,16,3.0
51,-44.431261382483925,8,17,3.0
52,-15.384669620438526,11,14,3.0
53,-24.69984664481488,10,15,3.0
54,-35.71986305597351,9,16,3.0
55,-34.98361540307075,9,16,3.0
56,-35.87724125125129,9,16,3.0
57,-35.51727703110013,9,16,3.0
58,-55.84720834704579,7,18,3.0
59,-55.749879388815785,7,18,3.0
60,-26.20785434574543,10,15,3.0
61,-34.87568489569072,9,16,3.0
62,-44.10061839111881,8,17,3.0
63,-65.46881259269291,6,19,3.0
64,-44.833775570817295,8,17,3.0
65,-25.529590678374326,10,15,3.0
66,-45.2725548219144,8,17,3.0
67,-56.95345905434876,7,18,3.0
68,-45.87966207065844,8,17,3.0
69,-35.81104640543808,9,16,3.0
70,-35.72588629118132,9,16,3.0
71,-6.393394728466271,12,13,3.0
72,-34.721339718836255,9,16,3.0
73,-34.34380280389378,9,16,3.0
74,-45.25502691979682,8,17,3.0
75,-35.75380470434024,9,16,3.0
76,-35.372461454285755,9,16,3.0
77,-5.885081095283211,12,13,3.0
78,-36.21902722461767,9,16,3.0
79,-55.56339537205817,7,18,3.0
80,-45.66942763806422,8,17,3.0
81,-35.12767526679699,9,16,3.0
82,-44.12821763435737,8,17,3.0
83,-26.436446116465568,10,15,3.0
84,-46.383191023554446,8,17,3.0
85,-66.13515917164221,6,19,3.0
86,-54.51180331999003,7,18,3.0
87,-24.553661972362267,10,15,3.0
88,-26.169008114361592,10,15,3.0
89,-15.036653182621663,11,14,3.0
90,-45.149656445045224,8,17,3.0
91,-44.48473077114045,8,17,3.0
92,-25.500512568564407,10,15,3.0
93,-16.03880750648011,11,14,3.0
94,-24.36847401279891,10,15,3.0
95,-34.77090635798531,9,16,3.0
96,-24.42984330223074,10,15,3.0
97,-36.42090310516986,9,16,3.0
98,-48.21721380751217,8,17,3.0
99,-35.74963352984241,9,16,3.0
100,-25.05965084414403,10,15,3.0
101,-36.0542445968834,9,16,3.0
102,-25.352973912619042,10,15,3.0
103,-25.57702835315454,10,15,3.0
104,-6.130003552874646,12,13,3.0
105,-14.876269342517864,11,14,3.0
106,-45.3904275018607,8,17,3.0
107,-26.083132441299753,10,15,3.0
108,-24.70353573789039,10,15,3.0
109,5.15948620929721,13,12,3.0
110,-35.20236393515203,9,16,3.0
111,-36.74350856985329,9,16,3.0
112,-25.342907566364076,10,15,3.0
113,-25.143414471598465,10,15,3.0
114,-15.92043831407883,11,14,3.0
115,2.9441525445171735,13,12,3.0
116,-24.84638181517068,10,15,3.0
117,-36.6108971023928,9,16,3.0
118,-35.4642484770008,9,16,3.0
119,-24.98967133834858,10,15,3.0
120,-36.52331623177937,9,16,3.0
121,-46.09810550841464,8,17,3.0
122,-24.444306576101916,10,15,3.0
123,-16.67208122071382,11,14,3.0
124,-16.62058136165676,11,14,3.0
125,-14.787325315206397,11,14,3.0
126,-45.06708795139439,8,17,3.0
127,-15.74568489798419,11,14,3.0
128,-26.129966929942864,10,15,3.0
129,-25.69317732178454,10,15,3.0
130,-26.69222149766086,10,15,3.0
131,-7.656839547752213,12,13,3.0
132,-25.092472100614977,10,15,3.0
133,-46.62161580212456,8,17,3.0
134,-16.05776577690153,11,14,3.0
135,-36.58423305899408,9,16,3.0
136,-45.45195609153726,8,17,3.0
137,-34.7068246516207,9,16,3.0
138,-25.628572381468096,10,15,3.0
139,-37.37904994528645,9,16,3.0
140,-26.81364323751203,10,15,3.0
141,-25.678340250129484,10,15,3.0
142,-5.638497623813261,12,13,3.0
143,-36.175388190587014,9,16,3.0
144,-35.596721235677265,9,16,3.0
145,-25.07597120162812,10,15,3.0
146,-26.039187426984064,10,15,3.0
147,-25.3933108550714,10,15,3.0
148,-44.92309944191462,8,17,3.0
149,-36.00035535363229,9,16,3.0
150,-35.258566475989255,9,16,3.0
151,-44.798556049609445,8,17,3.0
152,-16.10215324717927,11,14,3.0
153,-36.05211825729008,9,16,3.0
154,-24.83216676414021,10,15,3.0
155,-6.678202340494515,12,13,3.0
156,-35.950278830693605,9,16,3.0
157,-46.92942420668411,8,17,3.0
158,-26.31690988817258,10,15,3.0
159,-34.9956283556053,9,16,3.0
160,-45.916650077944006,8,17,3.0
161,-36.25141862405697,9,16,3.0
162,-55.82147136356385,7,18,3.0
163,-16.684985995201338,11,14,3.0
164,-6.757990185294291,12,13,3.0
165,-33.97170199184302,9,16,3.0
166,-26.72235456403527,10,15,3.0
167,-35.27383239284271,9,16,3.0
168,-26.955738060024522,10,15,3.0
169,-46.216873966595585,8,17,3.0
170,-16.287746015341728,11,14,3.0
171,-46.910991858619084,8,17,3.0
172,-45.90990179807868,8,17,3.0
173,-26.707617087251688,10,15,3.0
174,-37.00363542021857,9,16,3.0
175,-16.41656327367058,11,14,3.0
176,-25.112335531101188,10,15,3.0
177,-36.88678213021474,9,16,3.0
178,-46.42266104563424,8,17,3.0
179,-26.241529256517534,10,15,3.0
180,-15.882624402418037,11,14,3.0
181,-35.89112519774861,9,16,3.0
182,-25.753754614568404,10,15,3.0
183,-45.7796729183145,8,17,3.0
184,-26.49924355463201,10,15,3.0
185,-25.00546014054617,10,15,3.0
186,-14.975116264032158,11,14,3.0
187,-35.81306968288214,9,16,3.0
188,-27.117252239834162,10,15,3.0
189,-36.92785347828091,9,16,3.0
190,-5.959682991365869,12,13,3.0
191,-25.723439227294925,10,15,3.0
192,-16.662775827306888,11,14,3.0
193,-16.12720471330988,11,14,3.0
194,-34.92961773551657,9,16,3.0
195,-35.93796658914779,9,16,3.0
196,-25.931099495578593,10,15,3.0
197,-34.364459717768774,9,16,3.0
198,-15.97715654056306,11,14,3.0
199,-16.910168733958734,11,14,3.0
200,-26.190564433505422,10,15,3.0
201,-27.062091885933754,10,15,3.0
202,-15.010946826637124,11,14,3.0
203,-36.62458250380853,9,16,3.0
204,-44.79179900008832,8,17,3.0
205,14.369249206291054,14,11,3.0
206,-26.13655707663807,10,15,3.0
207,-24.881261133126415,10,15,3.0
208,-26.28787412406974,10,15,3.0
209,-44.819397558358425,8,17,3.0
210,-15.692927036290628,11,14,3.0
211,-5.555967343485679,12,13,3.0
212,-5.275493763825575,12,13,3.0
213,-36.288886188565264,9,16,3.0
214,-6.07935848770991,12,13,3.0
215,-26.764737125800767,10,15,3.0
216,-46.16868287533699,8,17,3.0
217,-26.084953052814353,10,15,3.0
218,-36.01917801346302,9,16,3.0
219,-46.946050260614626,8,17,3.0
220,-26.170941580726254,10,15,3.0
221,-45.49323249355376,8,17,3.0
222,-24.893820656009435,10,15,3.0
223,13.962218216471381,14,11,3.0
224,-37.1036177623038,9,16,3.0
225,-35.76789901668636,9,16,3.0
226,-16.25971603025642,11,14,3.0
227,-36.3909722351945,9,16,3.0
228,-27.290515217638006,10,15,3.0
229,-26.294610523661433,10,15,3.0
230,-35.980989200726846,9,16,3.0
231,-37.38674819904516,9,16,3.0
232,-15.5430230630503,11,14,3.0
233,-15.811006594360627,11,14,3.0
234,-35.616484333469664,9,16,3.0
235,-14.531641360873909,11,14,3.0
236,-15.927077671103602,11,14,3.0
237,-35.84507670747243,9,16,3.0
238,-54.80138961880363,7,18,3.0
239,-15.479225672913987,11,14,3.0
240,-15.690947973781926,11,14,3.0
241,-35.91199069582184,9,16,3.0
242,-25.199160628103918,10,15,3.0
243,-36.62562467495043,9,16,3.0
244,-26.036794600678533,10,15,3.0
245,-5.441605791246194,12,13,3.0
246,-34.72870269642602,9,16,3.0
247,-26.7823511120505,10,15,3.0
248,-25.31212854926696,10,15,3.0
249,-25.365887681883287,10,15,3.0
250,-46.86158568976591,8,17,3.0
251,-16.223707293912724,11,14,3.0
252,-15.365427523044303,11,14,3.0
253,-16.170897015256195,11,14,3.0
254,-4.104395917793654,12,13,3.0
255,-26.34600587439926,10,15,3.0
256,-15.258492036533283,11,14,3.0
257,-36.500965200835076,9,16,3.0
258,-45.67307636220933,8,17,3.0
259,-34.5972542288059,9,16,3.0
260,-35.757437210674766,9,16,3.0
261,-6.31709743399129,12,13,3.0
262,-25.00552624114157,10,15,3.0
263,-26.37562902014699,10,15,3.0
264,-46.802738345878176,8,17,3.0
265,-15.957505651222807,11,14,3.0
266,4.606415806245294,13,12,3.0
267,3.962310766614878,13,12,3.0
268,-15.83711370491472,11,14,3.0
269,-5.033891163218994,12,13,3.0
270,-6.598041764655823,12,13,3.0
271,-5.539993524671127,12,13,3.0
272,-55.34801993019367,7,18,3.0
273,-26.16268471298274,10,15,3.0
274,-5.915119588129613,12,13,3.0
275,4.404248075323153,13,12,3.0
276,-5.965368470391325,12,13,3.0
277,-35.47039026981441,9,16,3.0
278,-46.079535945997065,8,17,3.0
279,-16.394739373486345,11,14,3.0
280,-3.505301311301481,12,13,3.0
281,-44.78627204432438,8,17,3.0
282,-16.955169155488935,11,14,3.0
283,-16.172119283565603,11,14,3.0
284,-25.017996570637685,10,15,3.0
285,4.4615419781398025,13,12,3.0
286,-25.8525135241431,10,15,3.0
287,-37.08856628794067,9,16,3.0
288,-16.04821117534703,11,14,3.0
289,-16.33696310030945,11,14,3.0
290,-26.893858165520097,10,15,3.0
291,-26.327593017410873,10,15,3.0
292,-44.97197154388963,8,17,3.0
293,-27.01432765293259,10,15,3.0
294,-5.785349530215574,12,13,3.0
295,-5.215761007754326,12,13,3.0
296,-35.695050043609,9,16,3.0
297,-35.35489723720478,9,16,3.0
298,-6.249648458458804,12,13,3.0
299,-24.81173213448655,10,15,3.0
300,-26.114318739601917,10,15,3.0
301,-25.30413143020482,10,15,3.0
302,-5.745469128845696,12,13,3.0
303,-35.52137601671422,9,16,3.0
304,-15.766831274970563,11,14,3.0
305,-16.667799897312612,11,14,3.0
306,-35.88776645576201,9,16,3.0
307,-25.346493603415233,10,15,3.0
308,-25.719833909868434,10,15,3.0
309,-5.065064559639043,12,13,3.0
310,-5.797916795627537,12,13,3.0
311,-24.558305805787974,10,15,3.0
312,-15.952563119558398,11,14,3.0
313,-6.55333346414726,12,13,3.0
314,4.191926909871216,13,12,3.0
315,-25.837244328064592,10,15,3.0
316,14.01014816728588,14,11,3.0
317,25.596961528024075,15,10,3.0
318,-35.12847886810751,9,16,3.0
319,-6.168226434748899,12,13,3.0
320,2.6667903751058617,13,12,3.0
321,-16.416934641873,11,14,3.0
322,-27.871766823022874,10,15,3.0
323,-24.490045787618968,10,15,3.0
324,-25.447518801926304,10,15,3.0
325,-16.27657000777676,11,14,3.0
326,-24.961194373730706,10,15,3.0
327,-5.92799723719603,12,13,3.0
328,-26.8541980858747,10,15,3.0
329,-5.789549826265413,12,13,3.0
330,14.117967961349166,14,11,3.0
331,-5.746986628104647,12,13,3.0
332,-16.026443995981225,11,14,3.0
333,-15.348915055616407,11,14,3.0
334,2.4841599666698593,13,12,3.0
335,4.62239721230052,13,12,3.0
336,-26.469433191058716,10,15,3.0
337,3.6676547637818526,13,12,3.0
338,-15.967759799238408,11,14,3.0
339,-16.48457961166975,11,14,3.0
340,-16.006230680211225,11,14,3.0
341,-15.783109549576317,11,14,3.0
342,-6.219055544147659,12,13,3.0
343,-26.331165166870242,10,15,3.0
344,-15.377581521750283,11,14,3.0
345,-36.301588992379365,9,16,3.0
346,-5.474830716766924,12,13,3.0
347,13.721078306818985,14,11,3.0
348,-4.576594567146401,12,13,3.0
349,4.9246275634046075,13,12,3.0
350,-15.850379245977503,11,14,3.0
351,-4.998680988338073,12,13,3.0
352,-16.162395982588805,11,14,3.0
353,-15.800918637912986,11,14,3.0
354,-16.84040387907738,11,14,3.0
355,-26.285161185040447,10,15,3.0
356,-15.846120909957873,11,14,3.0
357,-15.460194120789346,11,14,3.0
358,-5.905161910287718,12,13,3.0
359,-15.856754558016004,11,14,3.0
360,-15.395441005478952,11,14,3.0
361,13.826303649888926,14,11,3.0
362,-25.66313704023913,10,15,3.0
363,-15.726710849997271,11,14,3.0
364,-6.099172851279538,12,13,3.0
365,3.6500014185281513,13,12,3.0
366,-25.875176921102035,10,15,3.0
367,-25.74039087905107,10,15,3.0
368,4.013298645004435,13,12,3.0
369,-5.588324539219395,12,13,3.0
370,-15.51936447629007,11,14,3.0
371,-16.607822184524352,11,14,3.0
372,-25.58310120573582,10,15,3.0
373,-15.32463129816598,11,14,3.0
374,-35.92124951917638,9,16,3.0
375,4.660611905360717,13,12,3.0
376,4.643718375258673,13,12,3.0
377,-16.210898529049096,11,14,3.0
378,-26.471329344578933,10,15,3.0
379,-5.313744189553215,12,13,3.0
380,-15.527186542451021,11,14,3.0
381,-5.555785328041759,12,13,3.0
382,-26.68274018274588,10,15,3.0
383,-7.027530859287603,12,13,3.0
384,-15.89297237527607,11,14,3.0
385,-6.855578656000562,12,13,3.0
386,-16.4261635322746,11,14,3.0
387,4.3487791740508,13,12,3.0
388,-26.24700805754998,10,15,3.0
389,-15.946600641391619,11,14,3.0
390,-5.950284306321423,12,13,3.0
391,3.990166228536358,13,12,3.0
392,4.21920011386668,13,12,3.0
393,-14.75632746062408,11,14,3.0
394,-6.541815208278633,12,13,3.0
395,-15.682909093764312,11,14,3.0
396,-15.666161345533471,11,14,3.0
397,3.511137480944866,13,12,3.0
398,-16.530999534978598,11,14,3.0
399,-25.27717306296657,10,15,3.0
400,-25.80508602061284,10,15,3.0
401,14.156426160328113,14,11,3.0
402,4.691471191658993,13,12,3.0
403,-5.501481836256712,12,13,3.0
404,-16.86485266205058,11,14,3.0
405,-16.877955540733325,11,14,3.0
406,-7.6419973781856845,12,13,3.0
407,-15.882418734551608,11,14,3.0
408,-16.064440576394905,11,14,3.0
409,-35.962110414390764,9,16,3.0
410,3.3174814394280103,13,12,3.0
411,4.595471088435573,13,12,3.0
412,-45.51066557241134,8,17,3.0
413,-5.694189685244504,12,13,3.0
414,-27.426559958531712,10,15,3.0
415,-17.202704633954163,11,14,3.0
416,-5.117038117666671,12,13,3.0
417,-5.956639320883622,12,13,3.0
418,4.4035820668627395,13,12,3.0
419,-6.710541621032284,12,13,3.0
420,-46.24670100988501,8,17,3.0
421,-6.123113437956037,12,13,3.0
422,-7.351518078025917,12,13,3.0
423,-4.94891751739761,12,13,3.0
424,-36.115255443083335,9,16,3.0
425,4.08813535549306,13,12,3.0
426,-25.92878218680652,10,15,3.0
427,4.873519407128194,13,12,3.0
428,14.285451849831102,14,11,3.0
429,-15.469261038303426,11,14,3.0
430,-5.233638660688732,12,13,3.0
431,-6.317901694603771,12,13,3.0
432,-14.902790168445467,11,14,3.0
433,-15.240733438576259,11,14,3.0
434,4.004425919556081,13,12,3.0
435,-6.370270309147767,12,13,3.0
436,-26.021879000322592,10,15,3.0
437,-16.054385552419475,11,14,3.0
438,-5.469651425165745,12,13,3.0
439,-5.398860439526895,12,13,3.0
440,-5.593705367282251,12,13,3.0
441,-26.79243307512474,10,15,3.0
442,-6.026805235405066,12,13,3.0
443,-6.922038480043455,12,13,3.0
444,-26.371913374334376,10,15,3.0
445,-35.59047227954239,9,16,3.0
446,-6.457478380030094,12,13,3.0
447,2.8760592912955083,13,12,3.0
448,-15.267375677403228,11,14,3.0
449,-5.745444840499916,12,13,3.0
450,4.789375574010439,13,12,3.0
451,-26.226164033197684,10,15,3.0
452,-14.303174815201084,11,14,3.0
453,-25.951140937050464,10,15,3.0
454,-15.170681801872881,11,14,3.0
455,-15.505890349756521,11,14,3.0
456,-15.740894000904742,11,14,3.0
457,-25.583456446976488,10,15,3.0
458,23.771970072723065,15,10,3.0
459,12.793785746598916,14,11,3.0
460,-16.928115254315752,11,14,3.0
461,-25.043496320969712,10,15,3.0
462,-16.051306316200943,11,14,3.0
463,-25.77521161441875,10,15,3.0
464,14.47928554287236,14,11,3.0
465,4.645227406951154,13,12,3.0
466,-25.3383803034368,10,15,3.0
467,-27.649181670459974,10,15,3.0
468,-5.304104848819016,12,13,3.0
469,-5.64729115931023,12,13,3.0
470,-6.441764106613718,12,13,3.0
471,4.879511529885479,13,12,3.0
472,-5.660815010375082,12,13,3.0
473,-15.385977092767497,11,14,3.0
474,4.786587725261166,13,12,3.0
475,-35.95544885160785,9,16,3.0
476,-5.18890034400027,12,13,3.0
477,-15.781533024610775,11,14,3.0
478,14.281389193398216,14,11,3.0
479,3.3234510268682262,13,12,3.0
480,-7.225930866410129,12,13,3.0
481,-15.538938475709427,11,14,3.0
482,-15.663655096117001,11,14,3.0
483,-35.51161014986622,9,16,3.0
484,-25.61104035754772,10,15,3.0
485,-6.202415940288876,12,13,3.0
486,-16.246485123973443,11,14,3.0
487,-15.03150863977137,11,14,3.0
488,3.8924326340407323,13,12,3.0
489,-16.558565201893337,11,14,3.0
490,-4.834511762209861,12,13,3.0
491,-5.573767169861972,12,13,3.0
492,15.012696121809881,14,11,3.0
493,-5.282638069741643,12,13,3.0
494,-5.461624232231686,12,13,3.0
495,-16.58505259146835,11,14,3.0
496,-6.470665530400339,12,13,3.0
497,5.617076970608197,13,12,3.0
498,-7.046393287878209,12,13,3.0
499,14.794984554273649,14,11,3.0
500,-15.826834907306152,11,14,3.0
501,-26.22472095604008,10,15,3.0
502,-7.037497302151781,12,13,3.0
503,14.894222738114529,14,11,3.0
504,4.737494026286899,13,12,3.0
505,-15.404813201148885,11,14,3.0
506,23.32543216083517,15,10,3.0
507,-6.132564813775758,12,13,3.0
508,3.6257657384908333,13,12,3.0
509,-5.124551630122396,12,13,3.0
510,-6.055246474888255,12,13,3.0
511,14.916243878319978,14,11,3.0
512,-37.16545333547678,9,16,3.0
513,-6.763215209606061,12,13,3.0
514,4.797420046545399,13,12,3.0
515,4.8407238528842145,13,12,3.0
516,3.606473873483715,13,12,3.0
517,-5.749887547759405,12,13,3.0
518,-24.693600095610577,10,15,3.0
519,-6.845592411500167,12,13,3.0
520,-5.431323270927273,12,13,3.0
521,-15.539489519349587,11,14,3.0
522,-6.133184470139207,12,13,3.0
523,5.372266657680726,13,12,3.0
524,-24.980699151684192,10,15,3.0
525,-15.372885905158597,11,14,3.0
526,3.280956321014277,13,12,3.0
527,-25.24387682961878,10,15,3.0
528,-5.663824733164679,12,13,3.0
529,3.317086195869476,13,12,3.0
530,-5.679289345020775,12,13,3.0
531,-15.442431340301566,11,14,3.0
532,-26.47114518021485,10,15,3.0
533,24.194543176395577,15,10,3.0
534,-4.027368027467668,12,13,3.0
535,-55.46996357205278,7,18,3.0
536,2.5706110678878433,13,12,3.0
537,-17.262324793947897,11,14,3.0
538,3.5391226310391994,13,12,3.0
539,14.815671180654626,14,11,3.0
540,-6.748764086676203,12,13,3.0
541,-16.3309983882629,11,14,3.0
542,-5.728751992846621,12,13,3.0
543,3.268320569627593,13,12,3.0
544,-34.93192565559474,9,16,3.0
545,3.8500357378220347,13,12,3.0
546,-23.827324289792273,10,15,3.0
547,-5.92787685803154,12,13,3.0
548,-15.271291724196308,11,14,3.0
549,-6.613061148849832,12,13,3.0
550,-6.53667361662554,12,13,3.0
551,26.17403369278543,15,10,3.0
552,-16.05264738578255,11,14,3.0
553,4.572600916013021,13,12,3.0
554,-5.891897674553305,12,13,3.0
555,4.06859139061995,13,12,3.0
556,-5.604391239127817,12,13,3.0
557,-5.617594363489321,12,13,3.0
558,-5.800922301524201,12,13,3.0
559,-5.787821208434293,12,13,3.0
560,-5.66452606795017,12,13,3.0
561,-4.876475397576761,12,13,3.0
562,-4.949625551202908,12,13,3.0
563,4.917954601593088,13,12,3.0
564,-6.450609051047104,12,13,3.0
565,4.72293557472388,13,12,3.0
566,-4.186358349642946,12,13,3.0
567,-6.020383795550491,12,13,3.0
568,-6.2544108551052044,12,13,3.0
569,13.645487332027065,14,11,3.0
570,-15.975377737031902,11,14,3.0
571,-14.785537657372764,11,14,3.0
572,-15.258792712095719,11,14,3.0
573,4.925610228444911,13,12,3.0
574,3.247550196692661,13,12,3.0
575,-4.5008230497228086,12,13,3.0
576,-5.48544308152627,12,13,3.0
577,-6.619647391915205,12,13,3.0
578,-5.545113391812256,12,13,3.0
579,-5.0206238199314575,12,13,3.0
580,-7.414669620003027,12,13,3.0
581,-25.051512794566083,10,15,3.0
582,-6.529270187491443,12,13,3.0
583,2.5559799480515615,13,12,3.0
584,-15.909691481273283,11,14,3.0
585,4.292475379457814,13,12,3.0
586,14.830807331494249,14,11,3.0
587,-5.410571634979105,12,13,3.0
588,-5.5467002253568864,12,13,3.0
589,4.155125109990269,13,12,3.0
590,-15.689639920736637,11,14,3.0
591,13.839110540974993,14,11,3.0
592,-6.3923256907285,12,13,3.0
593,3.7194970875346787,13,12,3.0
594,-5.594032720958564,12,13,3.0
595,-5.614965261380955,12,13,3.0
596,3.371172875193823,13,12,3.0
597,-6.135286765694219,12,13,3.0
598,-6.509292165752237,12,13,3.0
599,4.56341036903372,13,12,3.0
600,14.380415166527342,14,11,3.0
601,-6.238208599157977,12,13,3.0
602,-6.790376278610526,12,13,3.0
603,-5.206321258577656,12,13,3.0
604,12.873988788623716,14,11,3.0
605,3.770580284289378,13,12,3.0
606,3.9345145856410264,13,12,3.0
607,-5.842129966349033,12,13,3.0
608,4.3744002983030725,13,12,3.0
609,3.667084239045149,13,12,3.0
610,3.4370748749437814,13,12,3.0
611,14.194515484177003,14,11,3.0
612,-16.31374256967041,11,14,3.0
613,13.84250333523678,14,11,3.0
614,-6.301368396729167,12,13,3.0
615,3.7180094764087173,13,12,3.0
616,3.6551806636420485,13,12,3.0
617,2.9136198258540507,13,12,3.0
618,-25.655113083493077,10,15,3.0
619,-5.763364828964214,12,13,3.0
620,-5.242315606802714,12,13,3.0
621,14.16326037675838,14,11,3.0
622,-26.052927644508973,10,15,3.0
623,-6.047630408884906,12,13,3.0
624,-25.672479774144207,10,15,3.0
625,-16.439922090961634,11,14,3.0
626,-25.298985218050277,10,15,3.0
627,-15.505041960298414,11,14,3.0
628,2.973200338738046,13,12,3.0
629,-5.229986687621042,12,13,3.0
630,4.775157561956124,13,12,3.0
631,4.171104235653848,13,12,3.0
632,-5.726340790783317,12,13,3.0
633,4.845037756833012,13,12,3.0
634,-6.153928155021102,12,13,3.0
635,4.448099554517022,13,12,3.0
636,13.338292434962352,14,11,3.0
637,15.160661580777388,14,11,3.0
638,14.566502125098841,14,11,3.0
639,-6.323301495241781,12,13,3.0
640,-6.070390612837895,12,13,3.0
641,24.558733074819784,15,10,3.0
642,-6.181487985986682,12,13,3.0
643,15.873446547553316,14,11,3.0
644,-5.702823695203391,12,13,3.0
645,4.276718482517905,13,12,3.0
646,3.376970655456449,13,12,3.0
647,-17.09018392048904,11,14,3.0
648,4.405296955642577,13,12,3.0
649,-5.279020868360311,12,13,3.0
650,3.437183589881357,13,12,3.0
651,14.22976672056495,14,11,3.0
652,4.854499950630578,13,12,3.0
653,3.112728610688139,13,12,3.0
654,3.330773788584297,13,12,3.0
655,2.1210518520655217,13,12,3.0
656,-8.145899351776212,12,13,3.0
657,3.5830487711802093,13,12,3.0
658,-24.998107190455396,10,15,3.0
659,-15.217997199164268,11,14,3.0
660,-6.262497834513206,12,13,3.0
661,3.572464426099865,13,12,3.0
662,-5.410103546144236,12,13,3.0
663,-6.6135376357279565,12,13,3.0
664,13.430196080178034,14,11,3.0
665,-5.736269004595377,12,13,3.0
666,14.1648158209942,14,11,3.0
667,13.955571447993474,14,11,3.0
668,3.748186439442354,13,12,3.0
669,-5.809078395947656,12,13,3.0
670,3.674079519964831,13,12,3.0
671,23.197039033919573,15,10,3.0
672,-6.518633025421093,12,13,3.0
673,15.098925829625003,14,11,3.0
674,-27.4620855889094,10,15,3.0
675,3.4203894638685624,13,12,3.0
676,4.345327348105017,13,12,3.0
677,-5.528303695656363,12,13,3.0
678,3.2154434308951094,13,12,3.0
679,-15.864198364159304,11,14,3.0
680,14.07452758950273,14,11,3.0
681,3.4983217030136187,13,12,3.0
682,-5.865962922404888,12,13,3.0
683,4.083337236485028,13,12,3.0
684,-5.110815786772478,12,13,3.0
685,-5.683394956950474,12,13,3.0
686,4.0577387511640595,13,12,3.0
687,-6.724987733533735,12,13,3.0
688,24.04773404990198,15,10,3.0
689,4.453104881906687,13,12,3.0
690,-7.349192196683031,12,13,3.0
691,13.555210275802981,14,11,3.0
692,4.16171096456034,13,12,3.0
693,-15.811041227279807,11,14,3.0
694,-5.602908608864366,12,13,3.0
695,4.108166604029078,13,12,3.0
696,3.488392670580037,13,12,3.0
697,3.5636102101909533,13,12,3.0
698,-4.9859903952434745,12,13,3.0
699,-36.131070633586695,9,16,3.0
700,2.2584022539188036,13,12,3.0
701,-16.324300154224883,11,14,3.0
702,14.891810313238068,14,11,3.0
703,13.774325967516159,14,11,3.0
704,-26.686420974375878,10,15,3.0
705,3.1733617902162825,13,12,3.0
706,-5.487097521654283,12,13,3.0
707,-6.3650471865007905,12,13,3.0
708,14.25441939079373,14,11,3.0
709,-6.16068746863231,12,13,3.0
710,-16.930865032062197,11,14,3.0
711,-15.52553315766459,11,14,3.0
712,-7.082546890217817,12,13,3.0
713,14.269167479960391,14,11,3.0
714,-6.301371847394639,12,13,3.0
715,3.6793181120166594,13,12,3.0
716,4.438493737915515,13,12,3.0
717,3.714950579301732,13,12,3.0
718,-5.991939806786992,12,13,3.0
719,23.337667609650353,15,10,3.0
720,-6.650032372458779,12,13,3.0
721,-14.951068438361789,11,14,3.0
722,3.888251746406514,13,12,3.0
723,3.648045223333467,13,12,3.0
724,13.43838152423435,14,11,3.0
725,12.677111574660504,14,11,3.0
726,4.4760659379845205,13,12,3.0
727,-6.893455263303052,12,13,3.0
728,3.2478660586844477,13,12,3.0
729,24.704463129482974,15,10,3.0
730,-7.259783533659656,12,13,3.0
731,-6.124557126922533,12,13,3.0
732,15.20225935762232,14,11,3.0
733,14.316485734981566,14,11,3.0
734,-5.589150244090614,12,13,3.0
735,-25.8314950084996,10,15,3.0
736,-5.711789081001592,12,13,3.0
737,14.687677207082261,14,11,3.0
738,13.418028002630187,14,11,3.0
739,13.64989658940074,14,11,3.0
740,-5.251116623007688,12,13,3.0
741,14.001333066885953,14,11,3.0
742,4.437401528375723,13,12,3.0
743,-16.02232310416658,11,14,3.0
744,3.795284876839786,13,12,3.0
745,-6.400216478603493,12,13,3.0
746,-4.914267537284905,12,13,3.0
747,14.685824542195675,14,11,3.0
748,4.5218395115435035,13,12,3.0
749,4.337226565067603,13,12,3.0
750,14.741983958970225,14,11,3.0
751,14.77912912849403,14,11,3.0
752,4.345837847096535,13,12,3.0
753,3.817725754470363,13,12,3.0
754,24.331376758902415,15,10,3.0
755,4.305243035875685,13,12,3.0
756,13.924049337305206,14,11,3.0
757,4.1174645533009615,13,12,3.0
758,-5.361221439135229,12,13,3.0
759,-5.705939384605162,12,13,3.0
760,3.067612814000765,13,12,3.0
761,3.770527188984909,13,12,3.0
762,3.813011283896059,13,12,3.0
763,4.388094460157965,13,12,3.0
764,13.799163209858946,14,11,3.0
765,4.66521367008213,13,12,3.0
766,23.817843537842904,15,10,3.0
767,-6.602563420754576,12,13,3.0
768,-6.118415698876797,12,13,3.0
769,-6.635015564728399,12,13,3.0
770,13.65201110395066,14,11,3.0
771,4.8794290601917805,13,12,3.0
772,4.312254833205635,13,12,3.0
773,3.2065835484266305,13,12,3.0
774,-6.457307243869803,12,13,3.0
775,13.337592658157812,14,11,3.0
776,-5.331316550354389,12,13,3.0
777,-5.824507866410439,12,13,3.0
778,4.6097019804944095,13,12,3.0
779,3.6840005428055953,13,12,3.0
780,2.7768217285088275,13,12,3.0
781,24.32163937123066,15,10,3.0
782,4.548532562507639,13,12,3.0
783,-16.451285899719466,11,14,3.0
784,-15.797795260398445,11,14,3.0
785,13.192850733214005,14,11,3.0
786,-16.134580363833976,11,14,3.0
787,-5.659365309996359,12,13,3.0
788,3.3923959864267053,13,12,3.0
789,14.026692749028586,14,11,3.0
790,-6.373458423867458,12,13,3.0
791,13.210304758436543,14,11,3.0
792,-6.349359247240492,12,13,3.0
793,14.36477529889245,14,11,3.0
794,-6.539227404522764,12,13,3.0
795,4.613634795419188,13,12,3.0
796,2.560576096756276,13,12,3.0
797,-5.3509026614024275,12,13,3.0
798,13.09455404777215,14,11,3.0
799,14.651918292131406,14,11,3.0
800,12.01712522879064,14,11,3.0
801,13.704078154929126,14,11,3.0
802,-16.46683158204369,11,14,3.0
803,14.718863391293372,14,11,3.0
804,3.7107363881532542,13,12,3.0
805,-35.8257284785763,9,16,3.0
806,13.795545191214568,14,11,3.0
807,-15.346982519881653,11,14,3.0
808,24.162093461594857,15,10,3.0
809,4.061093919818801,13,12,3.0
810,13.15660287693358,14,11,3.0
811,3.046135377242938,13,12,3.0
812,4.366444286301435,13,12,3.0
813,13.841103262584099,14,11,3.0
814,-6.935846616887636,12,13,3.0
815,-5.695030983537654,12,13,3.0
816,12.766922427225946,14,11,3.0
817,-15.458832317310833,11,14,3.0
818,-15.566260916210807,11,14,3.0
819,4.1469350408012575,13,12,3.0
820,-6.706155722244371,12,13,3.0
821,3.439319680993413,13,12,3.0
822,-4.961650743178379,12,13,3.0
823,14.326013812195267,14,11,3.0
824,3.6709459990538633,13,12,3.0
825,-6.157465488936925,12,13,3.0
826,3.9288218571311093,13,12,3.0
827,4.295591376240776,13,12,3.0
828,23.933211971568312,15,10,3.0
829,-6.589696704791747,12,13,3.0
830,-5.6142378393356775,12,13,3.0
831,-26.06074203542578,10,15,3.0
832,14.434376371247879,14,11,3.0
833,3.2493860207708583,13,12,3.0
834,3.371099631610833,13,12,3.0
835,13.156821068600827,14,11,3.0
836,3.3809156159605784,13,12,3.0
837,-6.498251112571492,12,13,3.0
838,13.375050965028459,14,11,3.0
839,13.83234982777783,14,11,3.0
840,3.4370846037628695,13,12,3.0
841,14.2038844680649,14,11,3.0
842,4.027305744328154,13,12,3.0
843,-15.914826238244041,11,14,3.0
844,-5.457752264399445,12,13,3.0
845,-5.530705292127869,12,13,3.0
846,-5.954109206600212,12,13,3.0
847,3.571869684607077,13,12,3.0
848,-15.125861678885517,11,14,3.0
849,13.16188547011164,14,11,3.0
850,13.647806463408914,14,11,3.0
851,13.829544471552001,14,11,3.0
852,12.957495149728071,14,11,3.0
853,4.144410510532511,13,12,3.0
854,13.990368117238365,14,11,3.0
855,13.945116086845374,14,11,3.0
856,4.543826557256791,13,12,3.0
857,13.067667162611038,14,11,3.0
858,3.8456539573831248,13,12,3.0
859,-6.855752414504298,12,13,3.0
860,3.1958710136425834,13,12,3.0
861,3.881486024658904,13,12,3.0
862,5.435154368281788,13,12,3.0
863,-5.512329592645062,12,13,3.0
864,3.1053091372611688,13,12,3.0
865,12.62925766175474,14,11,3.0
866,13.073494246981744,14,11,3.0
867,13.716902658536945,14,11,3.0
868,3.303907491212911,13,12,3.0
869,-16.01495152923384,11,14,3.0
870,13.50465995735327,14,11,3.0
871,24.245493196080844,15,10,3.0
872,4.90713906362749,13,12,3.0
873,4.349986250575046,13,12,3.0
874,4.184798360761878,13,12,3.0
875,33.51162436869257,16,9,3.0
876,13.82755137423525,14,11,3.0
877,-6.108295900956594,12,13,3.0
878,4.994309877457427,13,12,3.0
879,15.222440807154271,14,11,3.0
880,23.26613065382971,15,10,3.0
881,-14.436124716199094,11,14,3.0
882,13.638183155374826,14,11,3.0
883,-6.1404039869376925,12,13,3.0
884,23.992615784872108,15,10,3.0
885,14.727350472413924,14,11,3.0
886,23.61633408487846,15,10,3.0
887,-15.874506405867445,11,14,3.0
888,34.59431032504789,16,9,3.0
889,13.421669295813915,14,11,3.0
890,24.583996108528677,15,10,3.0
891,-7.769045478296113,12,13,3.0
892,23.003342355299566,15,10,3.0
893,4.063176890097079,13,12,3.0
894,4.171171342575473,13,12,3.0
895,-5.934284911110451,12,13,3.0
896,13.475956291167892,14,11,3.0
897,24.471863963223594,15,10,3.0
898,13.765265619953784,14,11,3.0
899,3.122236524277101,13,12,3.0
900,-6.032191171713302,12,13,3.0
901,34.553216130240884,16,9,3.0
902,13.511044327933615,14,11,3.0
903,12.873912283004378,14,11,3.0
904,23.569176138202373,15,10,3.0
905,14.260601598770387,14,11,3.0
906,34.360629502159114,16,9,3.0
907,14.434123592742573,14,11,3.0
908,4.563525402209057,13,12,3.0
909,34.53792921168154,16,9,3.0
910,14.652767222394704,14,11,3.0
911,4.3524773906893675,13,12,3.0
912,13.998970729026093,14,11,3.0
913,3.5261520194218843,13,12,3.0
914,14.144187241280024,14,11,3.0
915,23.07042275708882,15,10,3.0
916,3.8435955205033956,13,12,3.0
917,13.416350253097981,14,11,3.0
918,23.062393689771454,15,10,3.0
919,-15.800594978757102,11,14,3.0
920,3.9881921690357185,13,12,3.0
921,14.727790028962442,14,11,3.0
922,3.653798230805595,13,12,3.0
923,4.593559439887163,13,12,3.0
924,24.253054297208738,15,10,3.0
925,-5.9218868222443435,12,13,3.0
926,13.550601032412295,14,11,3.0
927,3.9037109410885114,13,12,3.0
928,4.5018663901196945,13,12,3.0
929,-6.330794103004401,12,13,3.0
930,15.091741923462147,14,11,3.0
931,3.5848587644403085,13,12,3.0
932,13.497456810948252,14,11,3.0
933,12.952929386503369,14,11,3.0
934,24.00840664091681,15,10,3.0
935,4.210224417825195,13,12,3.0
936,3.6649521652722967,13,12,3.0
937,3.6074215785595314,13,12,3.0
938,-6.625408118629043,12,13,3.0
939,23.535504470066527,15,10,3.0
940,22.32262963476059,15,10,3.0
941,-6.681674228274338,12,13,3.0
942,23.93998445641572,15,10,3.0
943,3.7872415869432716,13,12,3.0
944,23.833096359998578,15,10,3.0
945,-5.885607050770922,12,13,3.0
946,14.041192636705743,14,11,3.0
947,13.69624162988169,14,11,3.0
948,13.646747582910598,14,11,3.0
949,12.650682638466161,14,11,3.0
950,13.726941046534776,14,11,3.0
951,14.0102047077821,14,11,3.0
952,23.856842074904215,15,10,3.0
953,23.666899947407867,15,10,3.0
954,13.091588518253413,14,11,3.0
955,3.5064155807029493,13,12,3.0
956,-16.596476714056244,11,14,3.0
957,23.65258421266784,15,10,3.0
958,4.346860186403599,13,12,3.0
959,-6.953156998433966,12,13,3.0
960,23.388371411103385,15,10,3.0
961,23.263077738315133,15,10,3.0
962,3.975748605748586,13,12,3.0
963,5.521554759997051,13,12,3.0
964,23.982144677105453,15,10,3.0
965,14.625453119948098,14,11,3.0
966,4.483920460840287,13,12,3.0
967,24.469921901179838,15,10,3.0
968,2.9403581142394666,13,12,3.0
969,-5.794059176361373,12,13,3.0
970,4.265485016763173,13,12,3.0
971,-25.887713999267984,10,15,3.0
972,14.29649326915023,14,11,3.0
973,13.395019850880843,14,11,3.0
974,22.603816493716355,15,10,3.0
975,4.156640512946801,13,12,3.0
976,24.6330008088936,15,10,3.0
977,-5.262723762985142,12,13,3.0
978,14.884110640063781,14,11,3.0
979,34.87498875603793,16,9,3.0
980,13.626139885220848,14,11,3.0
981,13.651512836160288,14,11,3.0
982,-5.724757723075113,12,13,3.0
983,3.443063399478744,13,12,3.0
984,3.282243500819165,13,12,3.0
985,24.732711219812167,15,10,3.0
986,14.588300091048099,14,11,3.0
987,13.949180625304447,14,11,3.0
988,12.108169903808884,14,11,3.0
989,24.15303648111578,15,10,3.0
990,25.609507073844267,15,10,3.0
991,5.871323290488229,13,12,3.0
992,23.898913420407446,15,10,3.0
993,3.443035633640787,13,12,3.0
994,4.347445608967512,13,12,3.0
995,22.89044145023972,15,10,3.0
996,-5.889359725493307,12,13,3.0
997,4.474235845662901,13,12,3.0
998,34.26103083338076,16,9,3.0
999,23.76825891198859,15,10,3.0
1000,3.2829569454436207,13,12,3.0
1001,24.012123672401433,15,10,3.0
1002,5.086932632139183,13,12,3.0
1003,14.812388209988399,14,11,3.0
1004,23.950185841963258,15,10,3.0
1005,-6.027920062929885,12,13,3.0
1006,4.060211557342315,13,12,3.0
1007,-6.317086908151335,12,13,3.0
1008,23.969148878346605,15,10,3.0
1009,23.299376371358186,15,10,3.0
1010,3.522834767544915,13,12,3.0
1011,13.30527251298667,14,11,3.0
1012,23.578587654853536,15,10,3.0
1013,3.980600673341817,13,12,3.0
1014,13.489388241978581,14,11,3.0
1015,-5.752073677940422,12,13,3.0
1016,4.330179319068127,13,12,3.0
1017,13.788286401310936,14,11,3.0
1018,13.617901505750059,14,11,3.0
1019,5.649225032671638,13,12,3.0
1020,13.027470123840097,14,11,3.0
1021,3.6886972317562767,13,12,3.0
1022,-5.4197000156271296,12,13,3.0
1023,3.8291452179448155,13,12,3.0
1024,24.306320143331426,15,10,3.0
1025,23.882040170640934,15,10,3.0
1026,-18.253388331753264,11,14,3.0
1027,-5.728311419993631,12,13,3.0
1028,13.902920610832702,14,11,3.0
1029,24.827500561700656,15,10,3.0
1030,13.230957938095884,14,11,3.0
1031,14.252526595616274,14,11,3.0
1032,-5.9809378328016125,12,13,3.0
1033,4.279992548625258,13,12,3.0
1034,5.145016209270564,13,12,3.0
1035,2.1498050260696893,13,12,3.0
1036,4.478405328852222,13,12,3.0
1037,-5.057057409757359,12,13,3.0
1038,23.45447633339726,15,10,3.0
1039,24.133922509186483,15,10,3.0
1040,33.38325168433754,16,9,3.0
1041,14.165662819820659,14,11,3.0
1042,23.01712458279025,15,10,3.0
1043,14.880287999965784,14,11,3.0
1044,23.515382926874167,15,10,3.0
1045,14.114838063230678,14,11,3.0
1046,4.552027428672837,13,12,3.0
1047,22.877209622683594,15,10,3.0
1048,13.895940457759725,14,11,3.0
1049,15.0879056694464,14,11,3.0
1050,13.824002266139985,14,11,3.0
1051,23.940483968169872,15,10,3.0
1052,33.67043389919814,16,9,3.0
1053,24.090246179497097,15,10,3.0
1054,13.412243878714563,14,11,3.0
1055,2.9801892977795896,13,12,3.0
1056,14.666804430708728,14,11,3.0
1057,24.360503981945797,15,10,3.0
1058,14.28424944985822,14,11,3.0
1059,13.638608975742134,14,11,3.0
1060,33.765623010360386,16,9,3.0
1061,14.651993857673485,14,11,3.0
1062,23.46517331307333,15,10,3.0
1063,12.394926202145978,14,11,3.0
1064,14.210286962974287,14,11,3.0
1065,14.059804397707989,14,11,3.0
1066,23.699761688699684,15,10,3.0
1067,4.3143535288471035,13,12,3.0
1068,24.032971876912423,15,10,3.0
1069,23.99878687179931,15,10,3.0
1070,13.70553817691763,14,11,3.0
1071,24.830716536647095,15,10,3.0
1072,15.590763555280255,14,11,3.0
1073,23.78883693149277,15,10,3.0
1074,24.020327913781543,15,10,3.0
1075,-6.887267830793524,12,13,3.0
1076,14.299998512450884,14,11,3.0
1077,13.541740416280504,14,11,3.0
1078,23.67774586961224,15,10,3.0
1079,4.8309460973031255,13,12,3.0
1080,14.36240590397298,14,11,3.0
1081,34.545025443765994,16,9,3.0
1082,23.551194028312587,15,10,3.0
1083,3.7003194192079967,13,12,3.0
1084,12.351918012701493,14,11,3.0
1085,3.1799341884979686,13,12,3.0
1086,24.623705666578036,15,10,3.0
1087,4.643542751752248,13,12,3.0
1088,24.330865778362096,15,10,3.0
1089,-16.122567624204713,11,14,3.0
1090,12.982945470982738,14,11,3.0
1091,14.593502328639902,14,11,3.0
1092,3.55140109481848,13,12,3.0
1093,4.299898315861701,13,12,3.0
1094,34.27350558321535,16,9,3.0
1095,24.215601680903237,15,10,3.0
1096,4.2159526209781735,13,12,3.0
1097,23.49399040774062,15,10,3.0
1098,35.43955783709115,16,9,3.0
1099,15.411719010020718,14,11,3.0
1100,32.685833045735286,16,9,3.0
1101,23.28791451062344,15,10,3.0
1102,24.315350149837055,15,10,3.0
1103,24.203468350744753,15,10,3.0
1104,23.569371366642677,15,10,3.0
1105,24.47436239660299,15,10,3.0
1106,13.8112836547282,14,11,3.0
1107,3.1634125200563075,13,12,3.0
1108,33.66646724102811,16,9,3.0
1109,-4.889396915322798,12,13,3.0
1110,13.495739737274953,14,11,3.0
1111,13.246640470360031,14,11,3.0
1112,24.23841541266437,15,10,3.0
1113,24.439815656729845,15,10,3.0
1114,14.476875106197582,14,11,3.0
1115,3.6015206639519617,13,12,3.0
1116,24.227571429982987,15,10,3.0
1117,4.073785268210061,13,12,3.0
1118,15.055093953083922,14,11,3.0
1119,14.37949399167539,14,11,3.0
1120,4.009921315019413,13,12,3.0
1121,25.008824156395228,15,10,3.0
1122,14.67970834887046,14,11,3.0
1123,4.792800223087606,13,12,3.0
1124,15.605498661338473,14,11,3.0
1125,3.3847654198565427,13,12,3.0
1126,12.849427384449552,14,11,3.0
1127,34.0578553081716,16,9,3.0
1128,33.47439424053447,16,9,3.0
1129,33.69937698670418,16,9,3.0
1130,24.904995325973058,15,10,3.0
1131,-5.524899862066143,12,13,3.0
1132,14.309014867588212,14,11,3.0
1133,23.435891890773373,15,10,3.0
1134,23.691207420676243,15,10,3.0
1135,14.640921560200255,14,11,3.0
1136,13.087488742136992,14,11,3.0
1137,14.869324064213401,14,11,3.0
1138,23.502452469117433,15,10,3.0
1139,14.903439710818342,14,11,3.0
1140,3.65991694688302,13,12,3.0
1141,3.920380876613935,13,12,3.0
1142,3.5806959722624914,13,12,3.0
1143,14.171544917443754,14,11,3.0
1144,3.7713936207466965,13,12,3.0
1145,12.582731330385752,14,11,3.0
1146,24.577539877182932,15,10,3.0
1147,23.9798750289659,15,10,3.0
1148,24.377477395714518,15,10,3.0
1149,4.253306230737659,13,12,3.0
1150,12.018135694525103,14,11,3.0
1151,13.746013566932413,14,11,3.0
1152,35.16572059073144,16,9,3.0
1153,14.030846821494336,14,11,3.0
1154,13.951472210730193,14,11,3.0
1155,35.21724344615586,16,9,3.0
1156,3.6778230001082743,13,12,3.0
1157,23.710346312938874,15,10,3.0
1158,23.342155194761652,15,10,3.0
1159,4.2893878503517575,13,12,3.0
1160,4.389971857281623,13,12,3.0
1161,23.798117186231572,15,10,3.0
1162,34.963251230410314,16,9,3.0
1163,13.895789799920799,14,11,3.0
1164,-6.371914319332809,12,13,3.0
1165,34.70561339734644,16,9,3.0
1166,23.592508560621393,15,10,3.0
1167,34.7708744486878,16,9,3.0
1168,13.9542706891447,14,11,3.0
1169,24.075308597543064,15,10,3.0
1170,14.496455567411687,14,11,3.0
1171,14.759934495053304,14,11,3.0
1172,24.13888214403534,15,10,3.0
1173,13.713404868466714,14,11,3.0
1174,14.591000886682352,14,11,3.0
1175,3.4094114058380267,13,12,3.0
1176,34.2586117039388,16,9,3.0
1177,3.6208289904254674,13,12,3.0
1178,24.133572921054956,15,10,3.0
1179,14.398955803693521,14,11,3.0
1180,14.6661898612033,14,11,3.0
1181,5.237970030347558,13,12,3.0
1182,14.612933672408467,14,11,3.0
1183,4.862424236999696,13,12,3.0
1184,44.73557739474372,17,8,3.0
1185,14.810238782889035,14,11,3.0
1186,23.936141786517762,15,10,3.0
1187,13.851459322554788,14,11,3.0
1188,14.323439084125463,14,11,3.0
1189,22.992942238277656,15,10,3.0
1190,25.043532616447774,15,10,3.0
1191,14.145092167254816,14,11,3.0
1192,14.182700614211493,14,11,3.0
1193,33.737589709084396,16,9,3.0
1194,13.228593407950182,14,11,3.0
1195,34.242511694165955,16,9,3.0
1196,4.271625689158154,13,12,3.0
1197,12.853981289154838,14,11,3.0
1198,24.3362374236578,15,10,3.0
1199,24.63764672888171,15,10,3.0
1200,24.228749763082117,15,10,3.0
1201,13.566435280473023,14,11,3.0
1202,33.81302121815921,16,9,3.0
1203,15.028417112009166,14,11,3.0
1204,24.25034723701623,15,10,3.0
1205,23.730298927405563,15,10,3.0
1206,4.042030477454954,13,12,3.0
1207,33.3559894349674,16,9,3.0
1208,3.8848006971015914,13,12,3.0
1209,13.72140298549011,14,11,3.0
1210,23.419306815290337,15,10,3.0
1211,15.15641144599435,14,11,3.0
1212,13.711791205136343,14,11,3.0
1213,-4.4326785951408105,12,13,3.0
1214,23.48779473173898,15,10,3.0
1215,25.2239212113587,15,10,3.0
1216,23.68390642404596,15,10,3.0
1217,3.638371332052338,13,12,3.0
1218,-5.379756925546992,12,13,3.0
1219,-5.404866240536307,12,13,3.0
1220,33.48500280607572,16,9,3.0
1221,4.9657744558518715,13,12,3.0
1222,-5.292124976974156,12,13,3.0
1223,13.668718439288263,14,11,3.0
1224,14.201509221593627,14,11,3.0
1225,25.821328471178827,15,10,3.0
1226,24.454181405447365,15,10,3.0
1227,34.23031994196433,16,9,3.0
1228,22.840361561427585,15,10,3.0
1229,4.145210811742172,13,12,3.0
1230,13.742576038505282,14,11,3.0
1231,23.886296305716346,15,10,3.0
1232,21.996625938351322,15,10,3.0
1233,24.45550689148572,15,10,3.0
1234,33.36038051736297,16,9,3.0
1235,24.375932185552745,15,10,3.0
1236,24.88417846727613,15,10,3.0
1237,22.303913771337697,15,10,3.0
1238,3.883321017321358,13,12,3.0
1239,13.701602168290423,14,11,3.0
1240,23.729805499413743,15,10,3.0
1241,24.38899076777075,15,10,3.0
1242,14.247918650383031,14,11,3.0
1243,14.09291576817429,14,11,3.0
1244,3.050301929095725,13,12,3.0
1245,23.895424135585692,15,10,3.0
1246,33.69662787928892,16,9,3.0
1247,14.377805905291062,14,11,3.0
1248,33.27328708385337,16,9,3.0
1249,13.965033063012429,14,11,3.0
1250,14.454302031783747,14,11,3.0
1251,34.66613871829275,16,9,3.0
1252,4.45091817497395,13,12,3.0
1253,13.107832587853078,14,11,3.0
1254,23.712403139398212,15,10,3.0
1255,35.23485604459673,16,9,3.0
1256,33.843689176238236,16,9,3.0
1257,13.603550884495093,14,11,3.0
1258,3.8103214233254317,13,12,3.0
1259,14.381336800009944,14,11,3.0
1260,5.756244079748387,13,12,3.0
1261,33.04831064724758,16,9,3.0
1262,24.444765285680514,15,10,3.0
1263,44.69233139287073,17,8,3.0
1264,24.340001592507985,15,10,3.0
1265,23.925231810662734,15,10,3.0
1266,3.7852966519709064,13,12,3.0
1267,-6.190979450320291,12,13,3.0
1268,12.804464664170393,14,11,3.0
1269,23.064247040378966,15,10,3.0
1270,23.414737133070616,15,10,3.0
1271,25.050502450948603,15,10,3.0
1272,3.8061261845772125,13,12,3.0
1273,33.79206110427347,16,9,3.0
1274,24.060417541819433,15,10,3.0
1275,23.858347370607913,15,10,3.0
1276,33.016799658924214,16,9,3.0
1277,24.41427275844711,15,10,3.0
1278,34.05329342965156,16,9,3.0
1279,13.980758509346542,14,11,3.0
1280,22.758395272418067,15,10,3.0
1281,14.53843663702493,14,11,3.0
1282,34.23339108611506,16,9,3.0
1283,23.165231759830796,15,10,3.0
1284,24.452095724402415,15,10,3.0
1285,33.79335324573974,16,9,3.0
1286,23.31674895718899,15,10,3.0
1287,32.84910913589096,16,9,3.0
1288,23.739656438212414,15,10,3.0
1289,34.2373495656409,16,9,3.0
1290,33.985505134803525,16,9,3.0
1291,24.05051538752788,15,10,3.0
1292,13.347588723128904,14,11,3.0
1293,14.103762044495259,14,11,3.0
1294,33.85090891011746,16,9,3.0
1295,14.079162315508768,14,11,3.0
1296,34.805094229285835,16,9,3.0
1297,23.127328978263364,15,10,3.0
1298,34.04952200998202,16,9,3.0
1299,4.640822853013721,13,12,3.0
1300,24.639997422414755,15,10,3.0
1301,23.81971266195769,15,10,3.0
1302,3.5442911437672526,13,12,3.0
1303,23.722619073448264,15,10,3.0
1304,24.493528186388055,15,10,3.0
1305,13.85993332640255,14,11,3.0
1306,23.95820910446849,15,10,3.0
1307,12.468775818094494,14,11,3.0
1308,3.430941072055248,13,12,3.0
1309,4.608059195834293,13,12,3.0
1310,34.50441478629448,16,9,3.0
1311,14.456725860235482,14,11,3.0
1312,23.88274717429937,15,10,3.0
1313,23.78514848029821,15,10,3.0
1314,34.073473836319906,16,9,3.0
1315,33.532766539996906,16,9,3.0
1316,33.15423939514878,16,9,3.0
1317,14.230246176857598,14,11,3.0
1318,13.833026242270416,14,11,3.0
1319,22.76508875899007,15,10,3.0
1320,24.139810586739305,15,10,3.0
1321,23.948221707771996,15,10,3.0
1322,13.605533208873888,14,11,3.0
1323,23.629795722124822,15,10,3.0
1324,44.08863188248669,17,8,3.0
1325,23.690561790200448,15,10,3.0
1326,13.714496628731094,14,11,3.0
1327,23.866789436434495,15,10,3.0
1328,44.4681803614249,17,8,3.0
1329,24.622259659065545,15,10,3.0
1330,24.179529170554616,15,10,3.0
1331,14.56291137873344,14,11,3.0
1332,14.345632758050705,14,11,3.0
1333,23.990945389973618,15,10,3.0
1334,3.8968713741366487,13,12,3.0
1335,3.811763686998664,13,12,3.0
1336,23.16294938061935,15,10,3.0
1337,23.992400620255168,15,10,3.0
1338,-16.946970810966725,11,14,3.0
1339,14.007590227258625,14,11,3.0
1340,14.862238671237172,14,11,3.0
1341,22.976757499221073,15,10,3.0
1342,43.21060693612037,17,8,3.0
1343,3.3442041410869514,13,12,3.0
1344,33.68645510088527,16,9,3.0
1345,23.591892173078307,15,10,3.0
1346,23.46066768169369,15,10,3.0
1347,24.342494372172357,15,10,3.0
1348,14.068351591595029,14,11,3.0
1349,34.21114630190955,16,9,3.0
1350,23.70414688307195,15,10,3.0
1351,33.22537912905968,16,9,3.0
1352,22.734951499657402,15,10,3.0
1353,13.214018505964546,14,11,3.0
1354,12.97876738963367,14,11,3.0
1355,13.831525440298421,14,11,3.0
1356,3.8303428963092214,13,12,3.0
1357,4.5461725913625,13,12,3.0
1358,3.6366329840770737,13,12,3.0
1359,14.088820522619566,14,11,3.0
1360,23.376291609574707,15,10,3.0
1361,-6.275939861221986,12,13,3.0
1362,33.464272157680924,16,9,3.0
1363,23.432175603641582,15,10,3.0
1364,24.016956936026702,15,10,3.0
1365,33.24716478776419,16,9,3.0
1366,33.7371473583788,16,9,3.0
1367,33.495716306625525,16,9,3.0
1368,22.88672487378623,15,10,3.0
1369,4.339987703524766,13,12,3.0
1370,23.584991412782507,15,10,3.0
1371,13.17306254541077,14,11,3.0
1372,24.441857298213755,15,10,3.0
1373,23.608997077949926,15,10,3.0
1374,33.09429821323695,16,9,3.0
1375,21.973046375804998,15,10,3.0
1376,3.140056512242289,13,12,3.0
1377,33.885660928133994,16,9,3.0
1378,24.23611256058308,15,10,3.0
1379,25.371771392120408,15,10,3.0
1380,33.67312477535119,16,9,3.0
1381,34.58987238513365,16,9,3.0
1382,22.335482257004237,15,10,3.0
1383,13.363637771030966,14,11,3.0
1384,13.992070619688885,14,11,3.0
1385,12.69570061979388,14,11,3.0
1386,23.08420705639508,15,10,3.0
1387,43.9060479251693,17,8,3.0
1388,14.201724888009787,14,11,3.0
1389,13.008840115834168,14,11,3.0
1390,33.2061257014953,16,9,3.0
1391,2.7658000241630463,13,12,3.0
1392,32.85614438723657,16,9,3.0
1393,24.28757372600775,15,10,3.0
1394,23.729677625163575,15,10,3.0
1395,12.406649573234265,14,11,3.0
1396,3.5803453386414157,13,12,3.0
1397,14.539541919785208,14,11,3.0
1398,24.54416378925893,15,10,3.0
1399,13.224883983193745,14,11,3.0
1400,33.428003332063376,16,9,3.0
1401,15.17829370645901,14,11,3.0
1402,25.598554487368105,15,10,3.0
1403,33.14611997456807,16,9,3.0
1404,24.480232501741906,15,10,3.0
1405,33.46333680122061,16,9,3.0
1406,12.14616532286942,14,11,3.0
1407,33.7234625527219,16,9,3.0
1408,43.02043524291129,17,8,3.0
1409,12.305673611335646,14,11,3.0
1410,13.749874997065707,14,11,3.0
1411,14.374269079088668,14,11,3.0
1412,22.976429083254132,15,10,3.0
1413,23.45773188762156,15,10,3.0
1414,33.949809520081864,16,9,3.0
1415,43.01217040715134,17,8,3.0
1416,33.11082638866327,16,9,3.0
1417,43.96426261597946,17,8,3.0
1418,12.69724585529961,14,11,3.0
1419,13.659287828448486,14,11,3.0
1420,13.582726596912716,14,11,3.0
1421,24.028325403463498,15,10,3.0
1422,13.766200692202712,14,11,3.0
1423,33.15167444947793,16,9,3.0
1424,13.09194072811103,14,11,3.0
1425,2.595910777607836,13,12,3.0
1426,12.720361425690161,14,11,3.0
1427,23.59917217885186,15,10,3.0
1428,23.533297850968765,15,10,3.0
1429,33.25346897313752,16,9,3.0
1430,24.473231605683303,15,10,3.0
1431,34.27027508858961,16,9,3.0
1432,34.62059716364745,16,9,3.0
1433,34.67149745819663,16,9,3.0
1434,33.69635201601061,16,9,3.0
1435,22.93676618801585,15,10,3.0
1436,23.82692388193751,15,10,3.0
1437,14.717025717117423,14,11,3.0
1438,32.974430799030856,16,9,3.0
1439,34.02083608174723,16,9,3.0
1440,23.930882471040476,15,10,3.0
1441,25.15191654325688,15,10,3.0
1442,23.971822623410823,15,10,3.0
1443,34.12481920494022,16,9,3.0
1444,3.5842271968149446,13,12,3.0
1445,23.241659210624746,15,10,3.0
1446,34.43790923401808,16,9,3.0
1447,23.86565274888208,15,10,3.0
1448,42.74220456428786,17,8,3.0
1449,32.659861625338266,16,9,3.0
1450,22.18439525973777,15,10,3.0
1451,22.548696172383103,15,10,3.0
1452,33.00831072884502,16,9,3.0
1453,3.194735998557917,13,12,3.0
1454,43.648136252282384,17,8,3.0
1455,32.40965315854485,16,9,3.0
1456,23.701277511627424,15,10,3.0
1457,23.62835990456942,15,10,3.0
1458,35.10165689324452,16,9,3.0
1459,23.137124020484574,15,10,3.0
1460,33.0723253735681,16,9,3.0
1461,34.01978403333543,16,9,3.0
1462,34.65884806461826,16,9,3.0
1463,33.44220868851559,16,9,3.0
1464,15.01815219222419,14,11,3.0
1465,24.178188891530574,15,10,3.0
1466,44.2553284830392,17,8,3.0
1467,14.64675867341294,14,11,3.0
1468,14.53552337309039,14,11,3.0
1469,43.86326992623748,17,8,3.0
1470,13.811835262874126,14,11,3.0
1471,33.171692097278324,16,9,3.0
1472,12.673830032425524,14,11,3.0
1473,34.064575666334065,16,9,3.0
1474,13.582861617429408,14,11,3.0
1475,32.87888235183397,16,9,3.0
1476,33.89243768937577,16,9,3.0
1477,33.91953319363178,16,9,3.0
1478,23.528470140667324,15,10,3.0
1479,13.614286904346521,14,11,3.0
1480,12.81884160821788,14,11,3.0
1481,24.592115877855324,15,10,3.0
1482,34.89261683668647,16,9,3.0
1483,23.446615562818565,15,10,3.0
1484,32.96692311028201,16,9,3.0
1485,24.591494240183607,15,10,3.0
1486,34.35175791699665,16,9,3.0
1487,33.78526382969225,16,9,3.0
1488,24.797790894232826,15,10,3.0
1489,5.379818469514372,13,12,3.0
1490,23.215720139648948,15,10,3.0
1491,34.24307325256705,16,9,3.0
1492,34.46309090199663,16,9,3.0
1493,34.05087248393528,16,9,3.0
1494,23.56001415684783,15,10,3.0
1495,23.10196380149015,15,10,3.0
1496,21.348680998383617,15,10,3.0
1497,24.48826280648185,15,10,3.0
1498,35.68021590369988,16,9,3.0
1499,33.177216380613906,16,9,3.0
1500,14.34947756412121,14,11,3.0
1501,-7.325401963676217,12,13,3.0
1502,33.44299454845282,16,9,3.0
1503,24.550744873803296,15,10,3.0
1504,35.00570907969186,16,9,3.0
1505,14.254804761108646,14,11,3.0
1506,23.578172194070202,15,10,3.0
1507,23.59429912689217,15,10,3.0
1508,3.8534451458917145,13,12,3.0
1509,24.370305795378037,15,10,3.0
1510,24.900417325867146,15,10,3.0
1511,22.052384048381686,15,10,3.0
1512,34.343737280422516,16,9,3.0
1513,33.62130677743179,16,9,3.0
1514,23.599439495444507,15,10,3.0
1515,23.557789997416837,15,10,3.0
1516,15.256869721993318,14,11,3.0
1517,24.393675850077337,15,10,3.0
1518,43.16887771583144,17,8,3.0
1519,42.60854091293292,17,8,3.0
1520,2.0087519620411776,13,12,3.0
1521,3.1020577838727124,13,12,3.0
1522,24.150978316637115,15,10,3.0
1523,43.67863741092075,17,8,3.0
1524,22.735780234684437,15,10,3.0
1525,33.98862371803891,16,9,3.0
1526,3.9031814144811854,13,12,3.0
1527,13.61890423437587,14,11,3.0
1528,43.6581601530666,17,8,3.0
1529,24.188867967911705,15,10,3.0
1530,34.318126435278934,16,9,3.0
1531,24.33567870986107,15,10,3.0
1532,44.47927747055015,17,8,3.0
1533,14.233165806460235,14,11,3.0
1534,13.747743104012697,14,11,3.0
1535,24.42674308177206,15,10,3.0
1536,33.94331275743721,16,9,3.0
1537,35.31082310194652,16,9,3.0
1538,33.49543541235534,16,9,3.0
1539,23.644209037069437,15,10,3.0
1540,13.878599749296859,14,11,3.0
1541,44.84104111638666,17,8,3.0
1542,14.291853595301074,14,11,3.0
1543,24.924004974246486,15,10,3.0
1544,34.483804159072484,16,9,3.0
1545,23.45512034639341,15,10,3.0
1546,14.58774988995793,14,11,3.0
1547,33.56946627223809,16,9,3.0
1548,44.33127002766373,17,8,3.0
1549,24.46242735476588,15,10,3.0
1550,13.488248148003011,14,11,3.0
1551,32.97872668604619,16,9,3.0
1552,23.258016459325766,15,10,3.0
1553,32.64188484436661,16,9,3.0
1554,34.08051736975945,16,9,3.0
1555,44.5511528077667,17,8,3.0
1556,23.62909546831837,15,10,3.0
1557,24.363203067320033,15,10,3.0
1558,34.98950749310186,16,9,3.0
1559,35.020816971071525,16,9,3.0
1560,13.77598141560205,14,11,3.0
1561,33.95565030000478,16,9,3.0
1562,25.026489917228623,15,10,3.0
1563,23.487559054141013,15,10,3.0
1564,23.384721427813044,15,10,3.0
1565,12.755751417987108,14,11,3.0
1566,23.33186043476195,15,10,3.0
1567,4.271495644297455,13,12,3.0
1568,24.508059595259713,15,10,3.0
1569,22.9284981364404,15,10,3.0
1570,13.748632338925482,14,11,3.0
1571,25.11330169294166,15,10,3.0
1572,23.946041192801168,15,10,3.0
1573,32.94854999080206,16,9,3.0
1574,34.00450869822036,16,9,3.0
1575,25.1545196847452,15,10,3.0
1576,22.6409488853363,15,10,3.0
1577,24.490158527756517,15,10,3.0
1578,34.0278128654502,16,9,3.0
1579,43.90460327199975,17,8,3.0
1580,24.006410223577248,15,10,3.0
1581,13.827838442445916,14,11,3.0
1582,33.83694841051297,16,9,3.0
1583,33.944963276953374,16,9,3.0
1584,33.108828334331164,16,9,3.0
1585,22.95709548088347,15,10,3.0
1586,12.500265317958412,14,11,3.0
1587,32.73350504468759,16,9,3.0
1588,13.427872464153731,14,11,3.0
1589,33.18055645268733,16,9,3.0
1590,13.071964632047402,14,11,3.0
1591,24.81996627345856,15,10,3.0
1592,15.074363401333386,14,11,3.0
1593,34.841607744532766,16,9,3.0
1594,23.304962934941646,15,10,3.0
1595,24.129623418805696,15,10,3.0
1596,24.176400229111493,15,10,3.0
1597,23.818650549861573,15,10,3.0
1598,34.181198555454195,16,9,3.0
1599,14.311282265175542,14,11,3.0
1600,4.708763333277975,13,12,3.0
1601,44.782191150832574,17,8,3.0
1602,13.83305298805887,14,11,3.0
1603,13.954710078523913,14,11,3.0
1604,43.81341712305219,17,8,3.0
1605,34.364610076006876,16,9,3.0
1606,24.373176896070035,15,10,3.0
1607,13.962805983728279,14,11,3.0
1608,14.598184987486244,14,11,3.0
1609,13.3846277474678,14,11,3.0
1610,23.178949514094626,15,10,3.0
1611,24.43882869276331,15,10,3.0
1612,4.501125443810658,13,12,3.0
1613,24.05439695048028,15,10,3.0
1614,34.73249796246469,16,9,3.0
1615,14.32705776581696,14,11,3.0
1616,23.460702879693244,15,10,3.0
1617,13.929005254439389,14,11,3.0
1618,14.378905580078776,14,11,3.0
1619,23.825786217815043,15,10,3.0
1620,24.590728026755528,15,10,3.0
1621,44.05888545327015,17,8,3.0
1622,33.32297330813902,16,9,3.0
1623,34.752467221608214,16,9,3.0
1624,33.91141669753608,16,9,3.0
1625,24.084218619420916,15,10,3.0
1626,23.642820263140138,15,10,3.0
1627,14.784961012705178,14,11,3.0
1628,43.29026318625902,17,8,3.0
1629,4.1842222806589415,13,12,3.0
1630,44.072585884705234,17,8,3.0
1631,24.736335201302566,15,10,3.0
1632,14.7180373319285,14,11,3.0
1633,23.800246698085402,15,10,3.0
1634,44.10087268167448,17,8,3.0
1635,22.604906983260612,15,10,3.0
1636,23.487284579281265,15,10,3.0
1637,14.44773125106528,14,11,3.0
1638,22.61349133627635,15,10,3.0
1639,13.496962938732626,14,11,3.0
1640,25.09310980275105,15,10,3.0
1641,34.790428477671696,16,9,3.0
1642,3.8657175772686543,13,12,3.0
1643,14.963335121990898,14,11,3.0
1644,23.800148524552885,15,10,3.0
1645,44.5912470978787,17,8,3.0
1646,24.774930675479894,15,10,3.0
1647,23.669862406072376,15,10,3.0
1648,24.735332583117433,15,10,3.0
1649,23.544544142136147,15,10,3.0
1650,34.018028736994324,16,9,3.0
1651,23.550144013228117,15,10,3.0
1652,53.44552532185706,18,7,3.0
1653,22.45757303432646,15,10,3.0
1654,33.79188579368273,16,9,3.0
1655,44.79642520473217,17,8,3.0
1656,33.22402915937666,16,9,3.0
1657,43.443604944355535,17,8,3.0
1658,33.64146493837697,16,9,3.0
1659,14.720966713403596,14,11,3.0
1660,23.972159435368958,15,10,3.0
1661,43.50032860478619,17,8,3.0
1662,33.735661328532544,16,9,3.0
1663,23.824808011128418,15,10,3.0
1664,34.39625705880881,16,9,3.0
1665,13.184233336541281,14,11,3.0
1666,33.06656712640119,16,9,3.0
1667,34.515735960870394,16,9,3.0
1668,34.469439568913344,16,9,3.0
1669,23.779618496423176,15,10,3.0
1670,22.794775531313356,15,10,3.0
1671,44.77597455759722,17,8,3.0
1672,14.098059076480443,14,11,3.0
1673,23.63221379037054,15,10,3.0
1674,24.808019881272728,15,10,3.0
1675,23.879359282497354,15,10,3.0
1676,34.200808218332526,16,9,3.0
1677,43.89583230867965,17,8,3.0
1678,24.699849047807056,15,10,3.0
1679,34.08825945931702,16,9,3.0
1680,12.823221821545197,14,11,3.0
1681,33.528051816569565,16,9,3.0
1682,24.129659414836535,15,10,3.0
1683,23.384968984582432,15,10,3.0
1684,23.365952788262117,15,10,3.0
1685,34.13753067908152,16,9,3.0
1686,24.785474683969248,15,10,3.0
1687,23.96826523543157,15,10,3.0
1688,43.26891211720798,17,8,3.0
1689,13.780385764291996,14,11,3.0
1690,34.678614513703245,16,9,3.0
1691,12.881087815546957,14,11,3.0
1692,13.995976949819088,14,11,3.0
1693,23.625740866725607,15,10,3.0
1694,24.011709226861157,15,10,3.0
1695,24.749903243619126,15,10,3.0
1696,13.530026180622613,14,11,3.0
1697,23.797492243576066,15,10,3.0
1698,32.60530122877944,16,9,3.0
1699,34.229882009641955,16,9,3.0
1700,23.886777446891013,15,10,3.0
1701,44.29092179337472,17,8,3.0
1702,-4.89632343402698,12,13,3.0
1703,34.33306854271527,16,9,3.0
1704,34.200395392962356,16,9,3.0
1705,24.124243383283844,15,10,3.0
1706,25.18968152501363,15,10,3.0
1707,24.259477138061186,15,10,3.0
1708,33.280806245704994,16,9,3.0
1709,35.13734209459083,16,9,3.0
1710,23.25407269115927,15,10,3.0
1711,14.199142006841585,14,11,3.0
1712,25.100593272673038,15,10,3.0
1713,34.649350530772,16,9,3.0
1714,14.092420586755503,14,11,3.0
1715,24.96160766542379,15,10,3.0
1716,33.90656986020822,16,9,3.0
1717,15.383658431138048,14,11,3.0
1718,33.7180747339748,16,9,3.0
1719,23.592757054149764,15,10,3.0
1720,24.880111672943556,15,10,3.0
1721,33.77338422880254,16,9,3.0
1722,23.91712767159768,15,10,3.0
1723,23.596995189603064,15,10,3.0
1724,24.321974144723388,15,10,3.0
1725,34.31950440986047,16,9,3.0
1726,33.75491371735819,16,9,3.0
1727,34.01068432122394,16,9,3.0
1728,34.47595896741717,16,9,3.0
1729,14.022943901716324,14,11,3.0
1730,24.615953419215778,15,10,3.0
1731,32.6882699121989,16,9,3.0
1732,55.451998741498386,18,7,3.0
1733,5.34056883264687,13,12,3.0
1734,23.622722044387437,15,10,3.0
1735,24.784018388891905,15,10,3.0
1736,34.63817271222321,16,9,3.0
1737,34.44484778688566,16,9,3.0
1738,23.710574188462154,15,10,3.0
1739,5.402740797738767,13,12,3.0
1740,33.491404689026446,16,9,3.0
1741,34.72667692969918,16,9,3.0
1742,34.150218139866816,16,9,3.0
1743,24.53280444771503,15,10,3.0
1744,34.43602141893079,16,9,3.0
1745,34.15244504366908,16,9,3.0
1746,23.47656969959928,15,10,3.0
1747,24.014747778249394,15,10,3.0
1748,4.417867049099003,13,12,3.0
1749,34.31356533881014,16,9,3.0
1750,34.895139195313845,16,9,3.0
1751,34.700800073993555,16,9,3.0
1752,23.8391320917849,15,10,3.0
1753,33.92832369133798,16,9,3.0
1754,33.32164717561384,16,9,3.0
1755,23.383995426068008,15,10,3.0
1756,34.56273312817501,16,9,3.0
1757,4.094121791424433,13,12,3.0
1758,23.388578455410876,15,10,3.0
1759,43.481261528835496,17,8,3.0
1760,34.033377745142936,16,9,3.0
1761,14.10593207700186,14,11,3.0
1762,22.84279357925911,15,10,3.0
1763,34.584645135388506,16,9,3.0
1764,13.473166878781836,14,11,3.0
1765,33.78839010753401,16,9,3.0
1766,44.3431034845838,17,8,3.0
1767,34.3941964583052,16,9,3.0
1768,24.536957281266453,15,10,3.0
1769,24.726345762157358,15,10,3.0
1770,33.883199102361,16,9,3.0
1771,33.53662392326084,16,9,3.0
1772,14.793518289085299,14,11,3.0
1773,34.25571168702882,16,9,3.0
1774,14.245142159291449,14,11,3.0
1775,34.2725983845547,16,9,3.0
1776,22.75756500174329,15,10,3.0
1777,33.05158943248027,16,9,3.0
1778,25.253131847820008,15,10,3.0
1779,34.61866848709565,16,9,3.0
1780,4.579574314821169,13,12,3.0
1781,24.497338313974332,15,10,3.0
1782,35.05587929192457,16,9,3.0
1783,23.73704531693361,15,10,3.0
1784,33.4221841738978,16,9,3.0
1785,43.8431062788965,17,8,3.0
1786,15.093376839499022,14,11,3.0
1787,34.522728667923175,16,9,3.0
1788,23.772746108968555,15,10,3.0
1789,24.8102148871668,15,10,3.0
1790,14.310962995500924,14,11,3.0
1791,23.496494472915394,15,10,3.0
1792,33.63403974793839,16,9,3.0
1793,23.396705162894495,15,10,3.0
1794,44.61741029495586,17,8,3.0
1795,14.130635686205622,14,11,3.0
1796,24.98869688141882,15,10,3.0
1797,25.077868896657744,15,10,3.0
1798,34.504493158856974,16,9,3.0
1799,13.778448347475486,14,11,3.0
1800,23.785910816558797,15,10,3.0
1801,24.051844976066967,15,10,3.0
1802,14.23751075959978,14,11,3.0
1803,14.076894609639751,14,11,3.0
1804,33.56690472361478,16,9,3.0
1805,23.65875623647042,15,10,3.0
1806,34.38654120333361,16,9,3.0
1807,43.73945253852565,17,8,3.0
1808,34.67979917213619,16,9,3.0
1809,24.85903638565856,15,10,3.0
1810,24.465583651318212,15,10,3.0
1811,34.37016210603818,16,9,3.0
1812,33.840342121823475,16,9,3.0
1813,23.93947805249711,15,10,3.0
1814,34.09601242745866,16,9,3.0
1815,34.02565299660662,16,9,3.0
1816,33.86651676750068,16,9,3.0
1817,3.421060871419999,13,12,3.0
1818,33.565485459475035,16,9,3.0
1819,14.370084700106723,14,11,3.0
1820,14.771513862491531,14,11,3.0
1821,14.341748246477344,14,11,3.0
1822,24.95120030285357,15,10,3.0
1823,44.093877583687174,17,8,3.0
1824,14.576664660642795,14,11,3.0
1825,43.9978231942181,17,8,3.0
1826,23.1620989861428,15,10,3.0
1827,24.707815822230607,15,10,3.0
1828,34.68604747775319,16,9,3.0
1829,33.86227576063303,16,9,3.0
1830,13.434072194606653,14,11,3.0
1831,14.34022427543491,14,11,3.0
1832,34.14827743517678,16,9,3.0
1833,23.93567753673288,15,10,3.0
1834,23.657971881883704,15,10,3.0
1835,14.339589017353404,14,11,3.0
1836,12.678701164509015,14,11,3.0
1837,44.138060778849926,17,8,3.0
1838,34.2722271830408,16,9,3.0
1839,44.366540503684405,17,8,3.0
1840,13.790281699294546,14,11,3.0
1841,34.71290499774099,16,9,3.0
1842,25.405486526289934,15,10,3.0
1843,23.556225929598487,15,10,3.0
1844,24.284233305479656,15,10,3.0
1845,33.57863141221986,16,9,3.0
1846,24.2232003127021,15,10,3.0
1847,13.312988799903593,14,11,3.0
1848,43.96639423545296,17,8,3.0
1849,34.97276904914185,16,9,3.0
1850,35.515639693422926,16,9,3.0
1851,24.346498743065098,15,10,3.0
1852,35.404097972304676,16,9,3.0
1853,15.152432708980395,14,11,3.0
1854,24.58150996790475,15,10,3.0
1855,34.27990746792426,16,9,3.0
1856,14.155792047231902,14,11,3.0
1857,44.020307471654455,17,8,3.0
1858,33.619812687505686,16,9,3.0
1859,34.33143110717657,16,9,3.0
1860,33.452025483747164,16,9,3.0
1861,23.343673011313488,15,10,3.0
1862,13.505631034606271,14,11,3.0
1863,34.682727278264004,16,9,3.0
1864,43.75895439888993,17,8,3.0
1865,13.84884167957238,14,11,3.0
1866,23.713156036014638,15,10,3.0
1867,24.095077689089024,15,10,3.0
1868,34.59226839550031,16,9,3.0
1869,33.850409327830285,16,9,3.0
1870,34.433210285475404,16,9,3.0
1871,14.777216916430135,14,11,3.0
1872,24.926504185663802,15,10,3.0
1873,34.613158155095,16,9,3.0
1874,33.77144922317329,16,9,3.0
1875,23.598775214570704,15,10,3.0
1876,23.564782650027723,15,10,3.0
1877,24.674639082134526,15,10,3.0
1878,23.17033249277459,15,10,3.0
1879,14.758542737846835,14,11,3.0
1880,14.385366603718682,14,11,3.0
1881,33.08430636283707,16,9,3.0
1882,23.99288963876063,15,10,3.0
1883,14.415670021707875,14,11,3.0
1884,34.09889550123408,16,9,3.0
1885,25.030381775628914,15,10,3.0
1886,35.21852961842958,16,9,3.0
1887,-6.476929626666896,12,13,3.0
1888,25.18237468760628,15,10,3.0
1889,13.519824860000849,14,11,3.0
1890,25.032345602375877,15,10,3.0
1891,34.316932921413546,16,9,3.0
1892,24.427203101953694,15,10,3.0
1893,44.33686446073436,17,8,3.0
1894,23.807274920374567,15,10,3.0
1895,33.33676516726821,16,9,3.0
1896,34.54016880829353,16,9,3.0
1897,33.882249082863595,16,9,3.0
1898,34.5055420882857,16,9,3.0
1899,14.057399112645843,14,11,3.0
1900,14.101984651770618,14,11,3.0
1901,35.67917952874941,16,9,3.0
1902,4.7656330724456915,13,12,3.0
1903,33.536896279486825,16,9,3.0
1904,44.03135894839046,17,8,3.0
1905,55.36021353333464,18,7,3.0
1906,24.047892471872167,15,10,3.0
1907,24.052331937807413,15,10,3.0
1908,23.404001830965107,15,10,3.0
1909,44.07888728938215,17,8,3.0
1910,33.84358226129675,16,9,3.0
1911,34.5374523680957,16,9,3.0
1912,24.007361756834253,15,10,3.0
1913,44.74489779892241,17,8,3.0
1914,33.74982879666158,16,9,3.0
1915,14.854640977701852,14,11,3.0
1916,14.390937799505394,14,11,3.0
1917,23.811429755314933,15,10,3.0
1918,44.68455955913149,17,8,3.0
1919,44.05588368828184,17,8,3.0
1920,13.803789887240946,14,11,3.0
1921,13.89404929613937,14,11,3.0
1922,24.427982425426595,15,10,3.0
1923,15.368696671873359,14,11,3.0
1924,14.713109525617106,14,11,3.0
1925,35.484630138318145,16,9,3.0
1926,14.490301480885112,14,11,3.0
1927,33.98441682982178,16,9,3.0
1928,43.95217273196187,17,8,3.0
1929,33.961054980976556,16,9,3.0
1930,24.615841546771193,15,10,3.0
1931,13.630888720831063,14,11,3.0
1932,24.438843059927507,15,10,3.0
1933,43.33536605226406,17,8,3.0
1934,34.58844335129003,16,9,3.0
1935,34.38671391837228,16,9,3.0
1936,5.172380493374394,13,12,3.0
1937,35.556153682796705,16,9,3.0
1938,33.851439387912365,16,9,3.0
1939,34.8184207420832,16,9,3.0
1940,44.64804656312628,17,8,3.0
1941,3.9144619072061104,13,12,3.0
1942,43.273148588921316,17,8,3.0
1943,24.703856589380777,15,10,3.0
1944,23.00539908467545,15,10,3.0
1945,14.629304657529659,14,11,3.0
1946,24.74578681031669,15,10,3.0
1947,43.84406996928355,17,8,3.0
1948,34.795389264144944,16,9,3.0
1949,24.052321843106984,15,10,3.0
1950,14.941747415906676,14,11,3.0
1951,34.632937378955425,16,9,3.0
1952,14.926153836669053,14,11,3.0
1953,45.06667909584022,17,8,3.0
1954,44.54260263587401,17,8,3.0
1955,44.93518832104195,17,8,3.0
1956,54.77238758063259,18,7,3.0
1957,24.082973349888597,15,10,3.0
1958,23.717365273427117,15,10,3.0
1959,44.98988398270345,17,8,3.0
1960,24.58634018075793,15,10,3.0
1961,25.168268328386553,15,10,3.0
1962,43.94186557751484,17,8,3.0
1963,34.516945870871645,16,9,3.0
1964,24.196030622444734,15,10,3.0
1965,35.24539014489378,16,9,3.0
1966,34.48551424222464,16,9,3.0
1967,34.57405049729902,16,9,3.0
1968,35.15856764022943,16,9,3.0
1969,34.42980543718811,16,9,3.0
1970,34.2355022230501,16,9,3.0
1971,25.175192955274017,15,10,3.0
1972,24.23108443821758,15,10,3.0
1973,44.64259464174307,17,8,3.0
1974,13.313245141681314,14,11,3.0
1975,33.49145644324701,16,9,3.0
1976,43.2675563304285,17,8,3.0
1977,25.047157701036962,15,10,3.0
1978,44.39659849496123,17,8,3.0
1979,34.5989654654126,16,9,3.0
1980,44.74220471820251,17,8,3.0
1981,14.14383462216545,14,11,3.0
1982,32.80412888116783,16,9,3.0
1983,14.566480187182371,14,11,3.0
1984,33.978285389679165,16,9,3.0
1985,22.349207899758316,15,10,3.0
1986,24.84752750777395,15,10,3.0
1987,14.73553053372937,14,11,3.0
1988,54.81147229608417,18,7,3.0
1989,44.8713096820197,17,8,3.0
1990,24.021673371398627,15,10,3.0
1991,34.51329304967302,16,9,3.0
1992,43.83545864266116,17,8,3.0
1993,44.925089150195646,17,8,3.0
1994,25.69098357337234,15,10,3.0
1995,34.08271344469995,16,9,3.0
1996,45.25553136434453,17,8,3.0
1997,34.96919826518038,16,9,3.0
1998,13.851478255346784,14,11,3.0
1999,44.37887254703573,17,8,3.0
2000,4.244048773261978,13,12,3.0
2001,43.813441899374936,17,8,3.0
2002,34.25923792906042,16,9,3.0
2003,25.44739319356538,15,10,3.0
2004,34.105820272743244,16,9,3.0
2005,34.52103214636415,16,9,3.0
2006,43.69283771748734,17,8,3.0
2007,23.8130831191417,15,10,3.0
2008,33.98649927742067,16,9,3.0
2009,34.34709914090799,16,9,3.0
2010,15.546001331239488,14,11,3.0
2011,33.792272971678855,16,9,3.0
2012,14.543698778440014,14,11,3.0
2013,34.9617517175534,16,9,3.0
2014,34.0935613457678,16,9,3.0
2015,44.560161278838244,17,8,3.0
2016,35.27180256989742,16,9,3.0
2017,44.94191168355461,17,8,3.0
2018,14.757097185723062,14,11,3.0
2019,44.5112501254267,17,8,3.0
2020,13.712462393938056,14,11,3.0
2021,34.29627280602824,16,9,3.0
2022,33.73143581767307,16,9,3.0
2023,32.96449864908484,16,9,3.0
2024,24.301920244217367,15,10,3.0
2025,45.0575477270057,17,8,3.0
2026,24.362762550799594,15,10,3.0
2027,33.28620476356397,16,9,3.0
2028,13.71377586287349,14,11,3.0
2029,23.49636745362747,15,10,3.0
2030,35.09861395483007,16,9,3.0
2031,44.13721805314289,17,8,3.0
2032,23.90866707364745,15,10,3.0
2033,34.16975408226618,16,9,3.0
2034,34.26256769739946,16,9,3.0
2035,34.25454194462242,16,9,3.0
2036,34.194365869114854,16,9,3.0
2037,44.79253779823398,17,8,3.0
2038,4.191097174446572,13,12,3.0
2039,44.12439731769547,17,8,3.0
2040,34.03554026344147,16,9,3.0
2041,24.089938461052352,15,10,3.0
2042,23.412428399162,15,10,3.0
2043,35.20117643699993,16,9,3.0
2044,14.06319654929153,14,11,3.0
2045,33.8703424943896,16,9,3.0
2046,33.07979623264769,16,9,3.0
2047,14.670532657835711,14,11,3.0
2048,23.448979710062975,15,10,3.0
2049,34.104446193600886,16,9,3.0
2050,44.59006662285089,17,8,3.0
2051,25.06123636453023,15,10,3.0
2052,25.252383304142523,15,10,3.0
2053,14.757261779549355,14,11,3.0
2054,24.43033042844406,15,10,3.0
2055,34.68643958138778,16,9,3.0
2056,34.30943659218152,16,9,3.0
2057,24.880790886754596,15,10,3.0
2058,15.762113825573477,14,11,3.0
2059,34.486838994625884,16,9,3.0
2060,24.7238226048353,15,10,3.0
2061,24.45439838300928,15,10,3.0
2062,33.94407492413837,16,9,3.0
2063,33.23548983024996,16,9,3.0
2064,44.62704025044001,17,8,3.0
2065,35.048232074132194,16,9,3.0
2066,44.112894012288734,17,8,3.0
2067,23.894840536281514,15,10,3.0
2068,34.21761488730513,16,9,3.0
2069,24.918098241974423,15,10,3.0
2070,23.881950211071292,15,10,3.0
2071,34.032835106280174,16,9,3.0
2072,14.632225340132877,14,11,3.0
2073,33.45414840049101,16,9,3.0
2074,44.73291929822096,17,8,3.0
2075,33.77340788625551,16,9,3.0
2076,33.22442586699837,16,9,3.0
2077,34.758376091557665,16,9,3.0
2078,34.47507321496247,16,9,3.0
2079,25.31035460402466,15,10,3.0
2080,35.32054735883708,16,9,3.0
2081,33.97160152487611,16,9,3.0
2082,24.089189272483946,15,10,3.0
2083,24.980625085959968,15,10,3.0
2084,44.07174481346155,17,8,3.0
2085,34.3887929582564,16,9,3.0
2086,24.831264199477225,15,10,3.0
2087,13.401063677839906,14,11,3.0
2088,34.911043168276336,16,9,3.0
2089,13.656110817169768,14,11,3.0
2090,34.47149546107491,16,9,3.0
2091,24.15184408592886,15,10,3.0
2092,24.26458004742377,15,10,3.0
2093,24.076206331377104,15,10,3.0
2094,35.090013446954096,16,9,3.0
2095,24.128824891602246,15,10,3.0
2096,23.88391150258521,15,10,3.0
2097,24.502644422867316,15,10,3.0
2098,24.57811271185921,15,10,3.0
2099,33.832110387395744,16,9,3.0
2100,45.19700625818688,17,8,3.0
2101,44.06313677149961,17,8,3.0
2102,13.87517655440926,14,11,3.0
2103,24.199547382903646,15,10,3.0
2104,5.287211798341341,13,12,3.0
2105,14.582348310714735,14,11,3.0
2106,33.998642636260435,16,9,3.0
2107,15.044347500275695,14,11,3.0
2108,24.562969199349446,15,10,3.0
2109,24.82306113003889,15,10,3.0
2110,23.838610318909044,15,10,3.0
2111,24.91641607833962,15,10,3.0
2112,34.61746986680774,16,9,3.0
2113,13.753530197728175,14,11,3.0
2114,34.3324847266494,16,9,3.0
2115,23.099554399095233,15,10,3.0
2116,24.193149152530857,15,10,3.0
2117,34.271109012705224,16,9,3.0
2118,35.20680776978246,16,9,3.0
2119,34.214404460018464,16,9,3.0
2120,35.221419592939114,16,9,3.0
2121,35.046145096592454,16,9,3.0
2122,24.04297282042127,15,10,3.0
2123,33.30599991935183,16,9,3.0
2124,13.687375964656502,14,11,3.0
2125,34.21925366433645,16,9,3.0
2126,23.807168961997228,15,10,3.0
2127,35.90512023138305,16,9,3.0
2128,44.17353089413899,17,8,3.0
2129,54.70294708678407,18,7,3.0
2130,22.942835938920105,15,10,3.0
2131,45.065058503622446,17,8,3.0
2132,44.212567755363445,17,8,3.0
2133,34.87703413299832,16,9,3.0
2134,45.19858298943066,17,8,3.0
2135,35.07973419880112,16,9,3.0
2136,34.44348588633415,16,9,3.0
2137,5.0422759568362,13,12,3.0
2138,33.767293240908856,16,9,3.0
2139,34.14406113638313,16,9,3.0
2140,13.826615304914531,14,11,3.0
2141,4.592578571520402,13,12,3.0
2142,14.053154091170725,14,11,3.0
2143,33.32943549761478,16,9,3.0
2144,46.05670122135922,17,8,3.0
2145,13.526221427803431,14,11,3.0
2146,14.759475285516269,14,11,3.0
2147,44.48068310850155,17,8,3.0
2148,24.4602258861032,15,10,3.0
2149,23.43936375638946,15,10,3.0
2150,24.930688500928376,15,10,3.0
2151,35.24579532855796,16,9,3.0
2152,25.41269789942277,15,10,3.0
2153,33.6701963726669,16,9,3.0
2154,14.83864165062132,14,11,3.0
2155,23.800013769564735,15,10,3.0
2156,35.6313893759727,16,9,3.0
2157,24.57043008059238,15,10,3.0
2158,35.82076907555119,16,9,3.0
2159,34.96836252217274,16,9,3.0
2160,35.47433042380181,16,9,3.0
2161,14.442706432004398,14,11,3.0
2162,34.34496021593201,16,9,3.0
2163,34.67353103631425,16,9,3.0
2164,23.813308323293256,15,10,3.0
2165,34.11000383251743,16,9,3.0
2166,33.798499600282405,16,9,3.0
2167,44.51057418758856,17,8,3.0
2168,35.10012690418548,16,9,3.0
2169,24.565175841373605,15,10,3.0
2170,13.591023560222737,14,11,3.0
2171,34.943504597240334,16,9,3.0
2172,35.18202255145582,16,9,3.0
2173,24.574815003615566,15,10,3.0
2174,35.610218153927406,16,9,3.0
2175,25.01420196258077,15,10,3.0
2176,34.23446166568432,16,9,3.0
2177,23.69428977061555,15,10,3.0
2178,34.14196128787681,16,9,3.0
2179,44.41339808893794,17,8,3.0
2180,34.63263339012772,16,9,3.0
2181,25.463755748170744,15,10,3.0
2182,44.32781792635151,17,8,3.0
2183,34.16798006847936,16,9,3.0
2184,14.904547754526927,14,11,3.0
2185,45.6481162143057,17,8,3.0
2186,33.70961244818356,16,9,3.0
2187,34.194898266323094,16,9,3.0
2188,43.81102746206821,17,8,3.0
2189,44.80596896701077,17,8,3.0
2190,14.248261090889038,14,11,3.0
2191,23.394056984479114,15,10,3.0
2192,34.86809295969039,16,9,3.0
2193,44.1872052086268,17,8,3.0
2194,23.06722936686581,15,10,3.0
2195,24.645310321791037,15,10,3.0
2196,34.453293580130804,16,9,3.0
2197,25.016954898257442,15,10,3.0
2198,34.17723994486469,16,9,3.0
2199,14.36527184395271,14,11,3.0
2200,33.777932107340774,16,9,3.0
2201,14.47313336311285,14,11,3.0
2202,24.857357033767446,15,10,3.0
2203,24.319454851080195,15,10,3.0
2204,33.488589783922585,16,9,3.0
2205,24.409295012510782,15,10,3.0
2206,35.12556565555547,16,9,3.0
2207,14.790292277291993,14,11,3.0
2208,34.39404695080293,16,9,3.0
2209,34.65500767237112,16,9,3.0
2210,54.98894414712308,18,7,3.0
2211,34.62628742233534,16,9,3.0
2212,54.38996771442402,18,7,3.0
2213,24.273666059862798,15,10,3.0
2214,34.13191889415643,16,9,3.0
2215,34.49941626541565,16,9,3.0
2216,45.05085348530421,17,8,3.0
2217,14.422753538450074,14,11,3.0
2218,44.51530426597809,17,8,3.0
2219,34.36186662503644,16,9,3.0
2220,44.78433575598,17,8,3.0
2221,14.765435786708926,14,11,3.0
2222,23.607891503419868,15,10,3.0
2223,14.425776837206776,14,11,3.0
2224,24.773708838813572,15,10,3.0
2225,4.751798268670935,13,12,3.0
2226,53.79063441089611,18,7,3.0
2227,25.02332729562459,15,10,3.0
2228,45.02383185517664,17,8,3.0
2229,44.41382180615235,17,8,3.0
2230,15.26134096933506,14,11,3.0
2231,24.652238193860278,15,10,3.0
2232,33.30570687101349,16,9,3.0
2233,45.540648992180586,17,8,3.0
2234,33.571846304859875,16,9,3.0
2235,35.16283659316228,16,9,3.0
2236,34.725408872346726,16,9,3.0
2237,44.819032497102434,17,8,3.0
2238,54.98086367917169,18,7,3.0
2239,35.27889336227245,16,9,3.0
2240,34.547938261107326,16,9,3.0
2241,34.24224323418561,16,9,3.0
2242,14.733641629242353,14,11,3.0
2243,14.461517920853664,14,11,3.0
2244,34.31851932138822,16,9,3.0
2245,43.87887778835454,17,8,3.0
2246,23.718033294236623,15,10,3.0
2247,44.42895606874509,17,8,3.0
2248,44.557876652318825,17,8,3.0
2249,54.041359965415396,18,7,3.0
2250,35.21213931156103,16,9,3.0
2251,24.00190250689027,15,10,3.0
2252,23.96650526268684,15,10,3.0
2253,14.143311968943,14,11,3.0
2254,34.14276288987858,16,9,3.0
2255,34.96666062637576,16,9,3.0
2256,23.89038943450804,15,10,3.0
2257,34.787852828482045,16,9,3.0
2258,44.0029051202131,17,8,3.0
2259,24.625818403389328,15,10,3.0
2260,34.124006362588446,16,9,3.0
2261,14.136742785100079,14,11,3.0
2262,34.850843231076524,16,9,3.0
2263,24.196103230981585,15,10,3.0
2264,54.630080579829745,18,7,3.0
2265,24.04523106880173,15,10,3.0
2266,23.734416904213823,15,10,3.0
2267,44.08132627429342,17,8,3.0
2268,23.24030470955497,15,10,3.0
2269,15.008513788790628,14,11,3.0
2270,34.45285568695168,16,9,3.0
2271,44.05965098006631,17,8,3.0
2272,45.022868252651534,17,8,3.0
2273,24.3365895105537,15,10,3.0
2274,24.687965870240962,15,10,3.0
2275,33.7803652180076,16,9,3.0
2276,24.73289233356847,15,10,3.0
2277,34.21799322355457,16,9,3.0
2278,14.823508666874693,14,11,3.0
2279,43.864680803822395,17,8,3.0
2280,24.256194274886635,15,10,3.0
2281,33.920730006060836,16,9,3.0
2282,33.81445055995408,16,9,3.0
2283,34.71804060853879,16,9,3.0
2284,35.17950631152317,16,9,3.0
2285,24.05184514077308,15,10,3.0
2286,34.40956644035838,16,9,3.0
2287,24.64549921152168,15,10,3.0
2288,33.6484143682251,16,9,3.0
2289,34.16556633100034,16,9,3.0
2290,34.65853204151415,16,9,3.0
2291,34.29123985699958,16,9,3.0
2292,34.3286671064205,16,9,3.0
2293,23.422739624934977,15,10,3.0
2294,25.23208855637364,15,10,3.0
2295,25.558475330833538,15,10,3.0
2296,24.872867820572772,15,10,3.0
2297,34.19720946566917,16,9,3.0
2298,34.046667144063036,16,9,3.0
2299,35.07077647971928,16,9,3.0
2300,23.912283855581435,15,10,3.0
2301,14.566090334737117,14,11,3.0
2302,44.540796827482325,17,8,3.0
2303,44.77711399134501,17,8,3.0
2304,44.193947543544446,17,8,3.0
2305,43.701277785300846,17,8,3.0
2306,34.78245599364583,16,9,3.0
2307,44.351537358474744,17,8,3.0
2308,34.54624122609641,16,9,3.0
2309,44.665885296601964,17,8,3.0
2310,23.93616066949518,15,10,3.0
2311,43.6393731274134,17,8,3.0
2312,34.63656453236322,16,9,3.0
2313,44.19525732288247,17,8,3.0
2314,33.903063663195105,16,9,3.0
2315,24.129724758983002,15,10,3.0
2316,34.26740510731892,16,9,3.0
2317,44.942965466671005,17,8,3.0
2318,22.907731834455273,15,10,3.0
2319,13.571435418828013,14,11,3.0
2320,44.111047216809276,17,8,3.0
2321,24.35148073305952,15,10,3.0
2322,24.510961854693758,15,10,3.0
2323,45.176856364868044,17,8,3.0
2324,23.982011844404894,15,10,3.0
2325,53.51579829008499,18,7,3.0
2326,34.097956733644516,16,9,3.0
2327,25.133926153642562,15,10,3.0
2328,35.44291945398683,16,9,3.0
2329,23.706587724467035,15,10,3.0
2330,15.35466537999974,14,11,3.0
2331,34.81773039347647,16,9,3.0
2332,15.2516357904301,14,11,3.0
2333,33.86065300309719,16,9,3.0
2334,25.065606563538562,15,10,3.0
2335,24.36548355780547,15,10,3.0
2336,34.37178447671843,16,9,3.0
2337,45.78797448927638,17,8,3.0
2338,44.44045900105413,17,8,3.0
2339,14.89301284876371,14,11,3.0
2340,34.06868483556105,16,9,3.0
2341,24.506743594868805,15,10,3.0
2342,44.1731285065808,17,8,3.0
2343,53.88942738800403,18,7,3.0
2344,33.674881628342135,16,9,3.0
2345,44.4720191227487,17,8,3.0
2346,35.166654568095,16,9,3.0
2347,44.063612970103925,17,8,3.0
2348,33.69358222285372,16,9,3.0
2349,14.24677142865751,14,11,3.0
2350,24.52050903572816,15,10,3.0
2351,35.04024682319237,16,9,3.0
2352,33.80440856425711,16,9,3.0
2353,24.518363091409352,15,10,3.0
2354,15.153949865063227,14,11,3.0
2355,44.91760090410061,17,8,3.0
2356,34.32850529221757,16,9,3.0
2357,24.299669174824352,15,10,3.0
2358,43.38020207862656,17,8,3.0
2359,34.511370154872616,16,9,3.0
2360,43.97188961244519,17,8,3.0
2361,23.962882271203625,15,10,3.0
2362,23.775606695081866,15,10,3.0
2363,23.644311277613188,15,10,3.0
2364,33.68697287611386,16,9,3.0
2365,23.92938732980761,15,10,3.0
2366,34.88710066292358,16,9,3.0
2367,34.721021718257134,16,9,3.0
2368,24.069059992164952,15,10,3.0
2369,54.25970107282854,18,7,3.0
2370,44.59331254220332,17,8,3.0
2371,24.532808961803234,15,10,3.0
2372,24.110192567808042,15,10,3.0
2373,44.07121778201373,17,8,3.0
2374,34.25155074145104,16,9,3.0
2375,34.35753751650701,16,9,3.0
2376,44.609265058679554,17,8,3.0
2377,14.04217478321451,14,11,3.0
2378,25.254878956725662,15,10,3.0
2379,44.431929499556816,17,8,3.0
2380,44.18402038482198,17,8,3.0
2381,34.344755407576955,16,9,3.0
2382,44.31822340215086,17,8,3.0
2383,24.591227482850808,15,10,3.0
2384,45.16792504297681,17,8,3.0
2385,33.741659009970135,16,9,3.0
2386,23.984438205959098,15,10,3.0
2387,23.151575142132796,15,10,3.0
2388,24.872943414329264,15,10,3.0
2389,54.59921930202933,18,7,3.0
2390,44.24498161937458,17,8,3.0
2391,43.914641152818405,17,8,3.0
2392,44.31957896674897,17,8,3.0
2393,13.920479163508812,14,11,3.0
2394,23.42607622734544,15,10,3.0
2395,34.58732180177721,16,9,3.0
2396,34.717158497246224,16,9,3.0
2397,34.31744263490759,16,9,3.0
2398,34.18988739033915,16,9,3.0
2399,44.730224835392654,17,8,3.0
2400,13.787559301974069,14,11,3.0
2401,44.11916696071911,17,8,3.0
2402,15.01465639949351,14,11,3.0
2403,44.47281553042537,17,8,3.0
2404,34.95420810198033,16,9,3.0
2405,45.0775571561287,17,8,3.0
2406,25.26872549831691,15,10,3.0
2407,14.68836647806416,14,11,3.0
2408,44.47714426246537,17,8,3.0
2409,34.01325926564831,16,9,3.0
2410,24.59719655065377,15,10,3.0
2411,23.123332868243658,15,10,3.0
2412,34.02238963475607,16,9,3.0
2413,44.99034643157769,17,8,3.0
2414,25.007574237224894,15,10,3.0
2415,14.04839778620398,14,11,3.0
2416,25.214063567057384,15,10,3.0
2417,33.39077815011446,16,9,3.0
2418,24.82731033745151,15,10,3.0
2419,24.235792943593758,15,10,3.0
2420,54.238235612410726,18,7,3.0
2421,44.83113898681923,17,8,3.0
2422,34.34071327412696,16,9,3.0
2423,34.72871869517377,16,9,3.0
2424,44.36686185063178,17,8,3.0
2425,44.4181649081682,17,8,3.0
2426,44.71081357571322,17,8,3.0
2427,25.02945352113838,15,10,3.0
2428,24.49617948124922,15,10,3.0
2429,55.211189937275414,18,7,3.0
2430,24.56238714821113,15,10,3.0
2431,25.223548054903986,15,10,3.0
2432,33.970182293493274,16,9,3.0
2433,34.3302664127914,16,9,3.0
2434,24.689560542511437,15,10,3.0
2435,43.24137496528081,17,8,3.0
2436,45.28938999469423,17,8,3.0
2437,43.923788963236774,17,8,3.0
2438,44.09944779815245,17,8,3.0
2439,-5.166503905198917,12,13,3.0
2440,52.424124017729675,18,7,3.0
2441,34.445835866835765,16,9,3.0
2442,24.35792663597032,15,10,3.0
2443,34.72018594517362,16,9,3.0
2444,23.695025038471208,15,10,3.0
2445,44.573719729765536,17,8,3.0
2446,33.78348164118789,16,9,3.0
2447,34.848863691679256,16,9,3.0
2448,24.35739200042093,15,10,3.0
2449,34.71933186786015,16,9,3.0
2450,54.34883684521872,18,7,3.0
2451,24.352932487634764,15,10,3.0
2452,44.46795659989356,17,8,3.0
2453,34.40153755898516,16,9,3.0
2454,23.77247509473744,15,10,3.0
2455,44.23171141756751,17,8,3.0
2456,34.624118994112834,16,9,3.0
2457,24.89274283014177,15,10,3.0
2458,35.15133448963388,16,9,3.0
2459,13.53513394359478,14,11,3.0
2460,34.79287783467519,16,9,3.0
2461,14.070822132605612,14,11,3.0
2462,43.75302732983141,17,8,3.0
2463,33.283453259265954,16,9,3.0
2464,53.845514634432526,18,7,3.0
2465,34.30054210528109,16,9,3.0
2466,44.088172629718365,17,8,3.0
2467,34.74941408057812,16,9,3.0
2468,45.04084601131958,17,8,3.0
2469,35.09082209563795,16,9,3.0
2470,44.76721960720041,17,8,3.0
2471,44.277721257992376,17,8,3.0
2472,54.07391175708349,18,7,3.0
2473,34.73853850297522,16,9,3.0
2474,23.817027320600054,15,10,3.0
2475,44.290462581407255,17,8,3.0
2476,45.00985728745127,17,8,3.0
2477,44.148184893870635,17,8,3.0
2478,34.20286671762696,16,9,3.0
2479,44.471571570034456,17,8,3.0
2480,44.53892955452128,17,8,3.0
2481,44.67524211884597,17,8,3.0
2482,24.914788058328707,15,10,3.0
2483,54.528932189252146,18,7,3.0
2484,25.06708166494774,15,10,3.0
2485,43.34068133159248,17,8,3.0
2486,44.76822102982348,17,8,3.0
2487,43.99556529924605,17,8,3.0
2488,34.75471203808654,16,9,3.0
2489,35.034529710520125,16,9,3.0
2490,34.63201145333934,16,9,3.0
2491,35.10837462461761,16,9,3.0
2492,23.94639868207875,15,10,3.0
2493,33.98754488006735,16,9,3.0
2494,14.743931479068094,14,11,3.0
2495,33.932847307387966,16,9,3.0
2496,34.14823288134503,16,9,3.0
2497,44.46816828464666,17,8,3.0
2498,24.1016056689059,15,10,3.0
2499,24.17232049950079,15,10,3.0
2500,24.447473542222607,15,10,3.0
2501,4.417563845166592,13,12,3.0
2502,35.05570225081589,16,9,3.0
2503,23.92110605360717,15,10,3.0
2504,34.09138519830285,16,9,3.0
2505,44.45835179807989,17,8,3.0
2506,23.72810875646354,15,10,3.0
2507,24.59886085503794,15,10,3.0
2508,44.411127404680386,17,8,3.0
2509,33.972219031348104,16,9,3.0
2510,25.02267317633413,15,10,3.0
2511,34.39993932844599,16,9,3.0
2512,24.69163403119994,15,10,3.0
2513,44.31301609951517,17,8,3.0
2514,34.36415440372092,16,9,3.0
2515,33.2538512252506,16,9,3.0
2516,24.504681766092737,15,10,3.0
2517,23.174280508074965,15,10,3.0
2518,44.19676314624166,17,8,3.0
2519,45.06943277625332,17,8,3.0
2520,24.300019434204394,15,10,3.0
2521,25.35526446838253,15,10,3.0
2522,44.25419237053798,17,8,3.0
2523,25.63214560447967,15,10,3.0
2524,33.96877454923464,16,9,3.0
2525,45.20363947477426,17,8,3.0
2526,44.091490501132675,17,8,3.0
2527,24.332725530918,15,10,3.0
2528,34.20991537224229,16,9,3.0
2529,33.41682535859344,16,9,3.0
2530,33.81819304339235,16,9,3.0
2531,33.55131807990453,16,9,3.0
2532,13.421635503689428,14,11,3.0
2533,13.90538964009744,14,11,3.0
2534,14.497112961545755,14,11,3.0
2535,54.44796549173623,18,7,3.0
2536,54.456546852406234,18,7,3.0
2537,44.487078221721085,17,8,3.0
2538,44.42097882537827,17,8,3.0
2539,45.362081129837094,17,8,3.0
2540,44.22796857918514,17,8,3.0
2541,45.98916123126375,17,8,3.0
2542,24.86341595273198,15,10,3.0
2543,44.50924022381992,17,8,3.0
2544,44.20501275109383,17,8,3.0
2545,34.51504640513886,16,9,3.0
2546,35.09687245148427,16,9,3.0
2547,24.08367957255366,15,10,3.0
2548,34.50065803467829,16,9,3.0
2549,44.314650757555896,17,8,3.0
2550,14.551789057515428,14,11,3.0
2551,44.74034159885995,17,8,3.0
2552,34.38336966155533,16,9,3.0
2553,44.17567935156649,17,8,3.0
2554,43.76983464214893,17,8,3.0
2555,44.331859342083185,17,8,3.0
2556,24.532907091624853,15,10,3.0
2557,44.716651887692024,17,8,3.0
2558,43.64639015413073,17,8,3.0
2559,45.208362726918274,17,8,3.0
2560,33.76152795063723,16,9,3.0
2561,54.32425394720085,18,7,3.0
2562,25.069959068271856,15,10,3.0
2563,35.59226575534442,16,9,3.0
2564,25.052927973063547,15,10,3.0
2565,44.844492041959384,17,8,3.0
2566,35.226314181325215,16,9,3.0
2567,24.90706739565177,15,10,3.0
2568,34.20633369113499,16,9,3.0
2569,24.192403469161782,15,10,3.0
2570,54.277785431322876,18,7,3.0
2571,34.10629547078408,16,9,3.0
2572,45.516038218124265,17,8,3.0
2573,24.591507467168356,15,10,3.0
2574,43.80264093925752,17,8,3.0
2575,34.184461736656864,16,9,3.0
2576,24.345487099539177,15,10,3.0
2577,43.83310518306663,17,8,3.0
2578,53.792817639734515,18,7,3.0
2579,24.456584375575176,15,10,3.0
2580,33.9976410373358,16,9,3.0
2581,34.105003569292585,16,9,3.0
2582,34.79537653452479,16,9,3.0
2583,34.71328892600667,16,9,3.0
2584,24.396829262159855,15,10,3.0
2585,34.53900370653046,16,9,3.0
2586,24.87246083186439,15,10,3.0
2587,55.48137755413813,18,7,3.0
2588,14.102954141899515,14,11,3.0
2589,44.79053006181147,17,8,3.0
2590,33.37510384497725,16,9,3.0
2591,34.9362136177737,16,9,3.0
2592,23.773347866240663,15,10,3.0
2593,34.12686419069415,16,9,3.0
2594,54.80004576124476,18,7,3.0
2595,24.949351100502316,15,10,3.0
2596,35.11083029777554,16,9,3.0
2597,44.835874977472386,17,8,3.0
2598,24.726283072804996,15,10,3.0
2599,44.44259630272278,17,8,3.0
2600,34.27008734868076,16,9,3.0
2601,14.93135841354678,14,11,3.0
2602,35.09360986849284,16,9,3.0
2603,34.640053532219035,16,9,3.0
2604,34.97801737519838,16,9,3.0
2605,45.784599669483214,17,8,3.0
2606,44.12046721954859,17,8,3.0
2607,13.731265810090713,14,11,3.0
2608,22.585040142403045,15,10,3.0
2609,43.741480044422346,17,8,3.0
2610,23.777948468184007,15,10,3.0
2611,54.70678539963666,18,7,3.0
2612,23.61938139739592,15,10,3.0
2613,43.79245494908179,17,8,3.0
2614,45.26354176116417,17,8,3.0
2615,34.62343044505485,16,9,3.0
2616,44.57789480341219,17,8,3.0
2617,44.482437058250184,17,8,3.0
2618,34.90207526774764,16,9,3.0
2619,34.38024652044017,16,9,3.0
2620,35.08118855907104,16,9,3.0
2621,34.412339232653586,16,9,3.0
2622,43.02658987555463,17,8,3.0
2623,24.597244532168766,15,10,3.0
2624,34.02002858218908,16,9,3.0
2625,54.94774003161833,18,7,3.0
2626,24.77365698487931,15,10,3.0
2627,54.756462348542556,18,7,3.0
2628,44.063793854044086,17,8,3.0
2629,44.71294703888289,17,8,3.0
2630,54.01427579393231,18,7,3.0
2631,44.34390352164989,17,8,3.0
2632,44.80786878326394,17,8,3.0
2633,14.358451529720499,14,11,3.0
2634,34.43907508700843,16,9,3.0
2635,34.414213984189,16,9,3.0
2636,44.967614690102096,17,8,3.0
2637,35.07062999527796,16,9,3.0
2638,55.078474584385624,18,7,3.0
2639,44.43124419458365,17,8,3.0
2640,4.861036214000048,13,12,3.0
2641,25.008111279240293,15,10,3.0
2642,35.019657734909764,16,9,3.0
2643,34.24425381879228,16,9,3.0
2644,34.064686695854355,16,9,3.0
2645,34.010843815662,16,9,3.0
2646,33.15265988823237,16,9,3.0
2647,23.25224476158074,15,10,3.0
2648,43.13767282205998,17,8,3.0
2649,33.709525142405475,16,9,3.0
2650,24.301138576164817,15,10,3.0
2651,54.87501362031966,18,7,3.0
2652,45.10053455988513,17,8,3.0
2653,13.667479076322294,14,11,3.0
2654,35.417478666792455,16,9,3.0
2655,25.146032529190187,15,10,3.0
2656,43.48320162179833,17,8,3.0
2657,54.924860939936806,18,7,3.0
2658,44.078686575802855,17,8,3.0
2659,45.05297662148706,17,8,3.0
2660,25.1248994255441,15,10,3.0
2661,55.10762797179743,18,7,3.0
2662,44.624780041273915,17,8,3.0
2663,44.02124780178527,17,8,3.0
2664,23.973741309802143,15,10,3.0
2665,44.36209160025338,17,8,3.0
2666,44.74929159671436,17,8,3.0
2667,54.20674340053603,18,7,3.0
2668,15.444898321261757,14,11,3.0
2669,24.78400587373918,15,10,3.0
2670,23.923589133140467,15,10,3.0
2671,44.47679444739133,17,8,3.0
2672,33.832085621357066,16,9,3.0
2673,24.672674440670317,15,10,3.0
2674,44.45114069293641,17,8,3.0
2675,33.9312835116833,16,9,3.0
2676,35.60474414128789,16,9,3.0
2677,44.73349417043703,17,8,3.0
2678,13.72300899776339,14,11,3.0
2679,24.33817683139032,15,10,3.0
2680,24.394887725269797,15,10,3.0
2681,33.26602437653872,16,9,3.0
2682,45.27125187139549,17,8,3.0
2683,13.926083928017007,14,11,3.0
2684,33.86061101925555,16,9,3.0
2685,33.77476452713013,16,9,3.0
2686,35.44235614655933,16,9,3.0
2687,23.938076858505465,15,10,3.0
2688,43.964363749787566,17,8,3.0
2689,34.80765773044622,16,9,3.0
2690,24.813522727894963,15,10,3.0
2691,43.75650746998551,17,8,3.0
2692,34.00233059109507,16,9,3.0
2693,54.77966255461961,18,7,3.0
2694,33.97440990102503,16,9,3.0
2695,24.5547390557066,15,10,3.0
2696,23.70829498806143,15,10,3.0
2697,33.4436670163191,16,9,3.0
2698,35.514384405217804,16,9,3.0
2699,44.248948858406905,17,8,3.0
2700,45.7865061372136,17,8,3.0
2701,34.19397613205344,16,9,3.0
2702,34.59404995402845,16,9,3.0
2703,44.51409399085807,17,8,3.0
2704,54.66013867476498,18,7,3.0
2705,23.72349449392251,15,10,3.0
2706,14.68747216522043,14,11,3.0
2707,24.303445415937,15,10,3.0
2708,34.70508104149408,16,9,3.0
2709,33.86312919315109,16,9,3.0
2710,44.71455261595353,17,8,3.0
2711,44.27621755507677,17,8,3.0
2712,43.66488936805586,17,8,3.0
2713,33.561420822852035,16,9,3.0
2714,33.95942028060911,16,9,3.0
2715,54.78326944980539,18,7,3.0
2716,35.288747801869654,16,9,3.0
2717,44.568665598186314,17,8,3.0
2718,23.493847340201306,15,10,3.0
2719,35.03010850177832,16,9,3.0
2720,53.97590708758521,18,7,3.0
2721,44.15926210392708,17,8,3.0
2722,45.35119398736067,17,8,3.0
2723,43.933167699425695,17,8,3.0
2724,25.29638112588554,15,10,3.0
2725,34.333859142410915,16,9,3.0
2726,34.66741820863808,16,9,3.0
2727,34.29141277849992,16,9,3.0
2728,44.111808427416314,17,8,3.0
2729,54.639947022502376,18,7,3.0
2730,23.70880210779896,15,10,3.0
2731,33.97464138042546,16,9,3.0
2732,34.957354567466126,16,9,3.0
2733,44.72886376006103,17,8,3.0
2734,54.908199896099006,18,7,3.0
2735,14.610821124741928,14,11,3.0
2736,44.103578566482284,17,8,3.0
2737,44.95803564722218,17,8,3.0
2738,14.720014487001677,14,11,3.0
2739,34.25859656973175,16,9,3.0
2740,35.13642091098303,16,9,3.0
2741,45.23606906131003,17,8,3.0
2742,24.85502169036951,15,10,3.0
2743,23.767106542880768,15,10,3.0
2744,43.33390860730827,17,8,3.0
2745,45.08848394551244,17,8,3.0
2746,44.76642403973463,17,8,3.0
2747,34.56591883662783,16,9,3.0
2748,24.253796306345546,15,10,3.0
2749,54.76256965857276,18,7,3.0
2750,33.84517318799739,16,9,3.0
2751,44.53449116190431,17,8,3.0
2752,44.54349314317202,17,8,3.0
2753,34.205564645894526,16,9,3.0
2754,35.015535511634866,16,9,3.0
2755,44.22910421912087,17,8,3.0
2756,24.26771862429083,15,10,3.0
2757,34.989458591767864,16,9,3.0
2758,35.04244472785477,16,9,3.0
2759,55.275163347670855,18,7,3.0
2760,34.460510584395294,16,9,3.0
2761,44.34753872440366,17,8,3.0
2762,24.674988456411214,15,10,3.0
2763,44.09370419044262,17,8,3.0
2764,54.81978433842077,18,7,3.0
2765,44.049756342305685,17,8,3.0
2766,14.405452033430787,14,11,3.0
2767,55.113546870506255,18,7,3.0
2768,34.58259952647117,16,9,3.0
2769,43.997961033060584,17,8,3.0
2770,34.28444490521384,16,9,3.0
2771,44.82910411576126,17,8,3.0
2772,23.4626922333829,15,10,3.0
2773,34.85168466455402,16,9,3.0
2774,54.343912475221046,18,7,3.0
2775,43.34704427977762,17,8,3.0
2776,24.57350386616301,15,10,3.0
2777,34.365161886675594,16,9,3.0
2778,35.0267027682666,16,9,3.0
2779,45.29743160177894,17,8,3.0
2780,34.13415901903822,16,9,3.0
2781,54.48369888293819,18,7,3.0
2782,34.49644898077438,16,9,3.0
2783,44.313901559467304,17,8,3.0
2784,34.319365652779084,16,9,3.0
2785,44.219996101399,17,8,3.0
2786,23.918249148340223,15,10,3.0
2787,33.86102760805196,16,9,3.0
2788,43.6005522452058,17,8,3.0
2789,44.86026615827505,17,8,3.0
2790,44.60722408034704,17,8,3.0
2791,23.864288484749594,15,10,3.0
2792,33.60005712712664,16,9,3.0
2793,44.79546500037196,17,8,3.0
2794,14.851540967102036,14,11,3.0
2795,43.56605121457981,17,8,3.0
2796,44.69885790500142,17,8,3.0
2797,24.006553448676904,15,10,3.0
2798,34.57161678697453,16,9,3.0
2799,24.032772603004798,15,10,3.0
2800,42.73838132191218,17,8,3.0
2801,34.961269193795005,16,9,3.0
2802,34.30746238069139,16,9,3.0
2803,54.282140082056124,18,7,3.0
2804,34.388881630531664,16,9,3.0
2805,44.66407538152963,17,8,3.0
2806,24.63189326401215,15,10,3.0
2807,43.80839979119867,17,8,3.0
2808,14.451193330853314,14,11,3.0
2809,53.838256710959286,18,7,3.0
2810,44.854684891744746,17,8,3.0
2811,44.527664044340895,17,8,3.0
2812,35.041363868594246,16,9,3.0
2813,44.943855747988266,17,8,3.0
2814,44.17355370239068,17,8,3.0
2815,44.318650028011476,17,8,3.0
2816,34.55352184483329,16,9,3.0
2817,44.54783055293566,17,8,3.0
2818,34.60182222455246,16,9,3.0
2819,44.73470600307928,17,8,3.0
2820,44.62998225791768,17,8,3.0
2821,33.881380005126246,16,9,3.0
2822,34.03414573056413,16,9,3.0
2823,43.28559255224693,17,8,3.0
2824,24.293871217932185,15,10,3.0
2825,14.086731488699854,14,11,3.0
2826,34.49911516573416,16,9,3.0
2827,45.30796964766696,17,8,3.0
2828,24.29163570181361,15,10,3.0
2829,44.66602657795186,17,8,3.0
2830,34.9227753088105,16,9,3.0
2831,13.91755800502693,14,11,3.0
2832,45.254934587229336,17,8,3.0
2833,14.427012702895347,14,11,3.0
2834,34.585647641031514,16,9,3.0
2835,44.8650557057295,17,8,3.0
2836,35.258948218200274,16,9,3.0
2837,33.97488966062882,16,9,3.0
2838,45.242527075946754,17,8,3.0
2839,44.54263198132993,17,8,3.0
2840,34.02842950997452,16,9,3.0
2841,24.847107360414753,15,10,3.0
2842,34.271444959408136,16,9,3.0
2843,54.552783963575095,18,7,3.0
2844,44.26356358137111,17,8,3.0
2845,44.827895505627026,17,8,3.0
2846,43.64095879744379,17,8,3.0
2847,44.15639972119962,17,8,3.0
2848,34.70022054881852,16,9,3.0
2849,44.70510699512145,17,8,3.0
2850,45.16876508173976,17,8,3.0
2851,35.31236734660539,16,9,3.0
2852,44.274662895316595,17,8,3.0
2853,14.799792999404279,14,11,3.0
2854,44.97623090295065,17,8,3.0
2855,44.15646841063336,17,8,3.0
2856,35.64952409952687,16,9,3.0
2857,34.32524134234586,16,9,3.0
2858,34.01667430234238,16,9,3.0
2859,34.74018524968007,16,9,3.0
2860,44.46152934998184,17,8,3.0
2861,54.907893205113574,18,7,3.0
2862,45.520499767250975,17,8,3.0
2863,14.344804178499638,14,11,3.0
2864,34.12328019279481,16,9,3.0
2865,34.615885285193784,16,9,3.0
2866,14.319753105895613,14,11,3.0
2867,45.498451152904124,17,8,3.0
2868,43.94502628257245,17,8,3.0
2869,43.967941269499896,17,8,3.0
2870,13.992501048624671,14,11,3.0
2871,44.00488351524281,17,8,3.0
2872,33.680077267529455,16,9,3.0
2873,44.13920804258935,17,8,3.0
2874,23.664699550622608,15,10,3.0
2875,24.602107958314,15,10,3.0
2876,34.15657814993639,16,9,3.0
2877,54.05530877674604,18,7,3.0
2878,33.799419537940025,16,9,3.0
2879,43.77788676661423,17,8,3.0
2880,44.45444274197788,17,8,3.0
2881,34.088252499880696,16,9,3.0
2882,12.931476130443244,14,11,3.0
2883,23.846902117234173,15,10,3.0
2884,33.972442751579536,16,9,3.0
2885,44.00669138149346,17,8,3.0
2886,44.31012211959811,17,8,3.0
2887,25.113794398994273,15,10,3.0
2888,14.017281587023334,14,11,3.0
2889,52.89010720827647,18,7,3.0
2890,34.95589539251618,16,9,3.0
2891,44.99938678261832,17,8,3.0
2892,34.28477611921602,16,9,3.0
2893,34.53005565758032,16,9,3.0
2894,43.16384325304808,17,8,3.0
2895,34.521956186987644,16,9,3.0
2896,44.3476710374907,17,8,3.0
2897,43.84285521431911,17,8,3.0
2898,43.86414719947624,17,8,3.0
2899,54.653783195435786,18,7,3.0
2900,33.59039343795136,16,9,3.0
2901,44.178726697136035,17,8,3.0
2902,34.29733107295164,16,9,3.0
2903,44.451747744580175,17,8,3.0
2904,45.02003059314775,17,8,3.0
2905,24.02472798340562,15,10,3.0
2906,43.82101440880541,17,8,3.0
2907,44.49764484207565,17,8,3.0
2908,44.65082767176112,17,8,3.0
2909,33.68524719467494,16,9,3.0
2910,33.926059321678345,16,9,3.0
2911,34.2162054287131,16,9,3.0
2912,24.74814974747723,15,10,3.0
2913,34.24807573154828,16,9,3.0
2914,34.30992823651932,16,9,3.0
2915,34.07452628303211,16,9,3.0
2916,54.67861919927609,18,7,3.0
2917,45.00261914092434,17,8,3.0
2918,44.56302522466998,17,8,3.0
2919,54.61740092695274,18,7,3.0
2920,34.34965107344692,16,9,3.0
2921,44.16180338901597,17,8,3.0
2922,44.418553343745145,17,8,3.0
2923,43.62266677687358,17,8,3.0
2924,44.4780868595696,17,8,3.0
2925,44.38428997640631,17,8,3.0
2926,54.497567418867725,18,7,3.0
2927,33.49037942165507,16,9,3.0
2928,24.400050173365535,15,10,3.0
2929,34.43534684256179,16,9,3.0
2930,23.918010393437626,15,10,3.0
2931,53.87126285522191,18,7,3.0
2932,23.823939390845023,15,10,3.0
2933,44.855666482458346,17,8,3.0
2934,54.11524246324736,18,7,3.0
2935,34.467291485094265,16,9,3.0
2936,44.23066959900814,17,8,3.0
2937,44.08830308444927,17,8,3.0
2938,53.7487819398656,18,7,3.0
2939,45.286041945335135,17,8,3.0
2940,34.50144346839628,16,9,3.0
2941,34.48681862631928,16,9,3.0
2942,43.18739717778681,17,8,3.0
2943,54.23696015895786,18,7,3.0
2944,34.043375600484595,16,9,3.0
2945,54.01023015233537,18,7,3.0
2946,34.055836560084266,16,9,3.0
2947,43.856723006918855,17,8,3.0
2948,34.07660481497766,16,9,3.0
2949,33.98813258818863,16,9,3.0
2950,24.414309247554847,15,10,3.0
2951,25.07637478985712,15,10,3.0
2952,34.110758941932396,16,9,3.0
2953,34.86726716982525,16,9,3.0
2954,34.50650178653463,16,9,3.0
2955,34.9595474187992,16,9,3.0
2956,33.99106191120631,16,9,3.0
2957,44.6264586758802,17,8,3.0
2958,43.59946743511794,17,8,3.0
2959,34.76881276293793,16,9,3.0
2960,24.752010688639146,15,10,3.0
2961,34.73794761846117,16,9,3.0
2962,35.134771739831386,16,9,3.0
2963,43.71108181379531,17,8,3.0
2964,33.96058751914572,16,9,3.0
2965,34.99092771255572,16,9,3.0
2966,53.67637804318118,18,7,3.0
2967,34.8591029225236,16,9,3.0
2968,44.42925019199101,17,8,3.0
2969,53.929635416394056,18,7,3.0
2970,54.493306315709205,18,7,3.0
2971,33.370215245237425,16,9,3.0
2972,43.942189960969074,17,8,3.0
2973,54.43509292207512,18,7,3.0
2974,33.957411220344824,16,9,3.0
2975,13.899973027698003,14,11,3.0
2976,43.56473705788745,17,8,3.0
2977,34.43062054036271,16,9,3.0
2978,44.611589046124976,17,8,3.0
2979,44.0866108601623,17,8,3.0
2980,44.08192953733215,17,8,3.0
2981,34.068027930538335,16,9,3.0
2982,24.236586080600855,15,10,3.0
2983,54.36070016089866,18,7,3.0
2984,34.32150619526364,16,9,3.0
2985,44.82271518449569,17,8,3.0
2986,14.406023918060713,14,11,3.0
2987,53.34270919406881,18,7,3.0
2988,34.620568468129946,16,9,3.0
2989,53.5400153068147,18,7,3.0
2990,44.705451473051376,17,8,3.0
2991,34.83657484927883,16,9,3.0
2992,34.173058162256616,16,9,3.0
2993,35.36114470359806,16,9,3.0
2994,34.84357045498412,16,9,3.0
2995,33.98415822943117,16,9,3.0
2996,35.01932282931969,16,9,3.0
2997,43.5513627174686,17,8,3.0
2998,24.79942685532236,15,10,3.0
2999,43.22346009162106,17,8,3.0
3000,44.5387469098687,17,8,3.0
3001,34.14856359520504,16,9,3.0
3002,53.62464866412212,18,7,3.0
3003,53.52967792722012,18,7,3.0
3004,34.578419510944634,16,9,3.0
3005,24.116917077571177,15,10,3.0
3006,53.32240256339493,18,7,3.0
3007,24.330884570023947,15,10,3.0
3008,34.741879651209906,16,9,3.0
3009,24.711075921725804,15,10,3.0
3010,34.67901587350494,16,9,3.0
3011,24.123394689745748,15,10,3.0
3012,33.30438155751005,16,9,3.0
3013,33.86467936816677,16,9,3.0
3014,34.624309159284095,16,9,3.0
3015,44.49623631283529,17,8,3.0
3016,53.85185798072128,18,7,3.0
3017,44.32936460499958,17,8,3.0
3018,44.256514426370394,17,8,3.0
3019,54.776650823598146,18,7,3.0
3020,33.499182866403366,16,9,3.0
3021,24.04392620163219,15,10,3.0
3022,24.685471300954408,15,10,3.0
3023,14.888607404854,14,11,3.0
3024,44.194693537275704,17,8,3.0
3025,23.381189366151553,15,10,3.0
3026,53.366879828510555,18,7,3.0
3027,43.19523350982283,17,8,3.0
3028,45.68781114589279,17,8,3.0
3029,24.895741677086548,15,10,3.0
3030,33.53553816965304,16,9,3.0
3031,25.77058057013772,15,10,3.0
3032,44.29446958686554,17,8,3.0
3033,43.885602254513685,17,8,3.0
3034,43.52901582847643,17,8,3.0
3035,44.82768634731415,17,8,3.0
3036,34.15899468166298,16,9,3.0
3037,33.444052399381995,16,9,3.0
3038,44.86564203875069,17,8,3.0
3039,44.37741260569069,17,8,3.0
3040,25.13505865174912,15,10,3.0
3041,53.69748892321455,18,7,3.0
3042,44.61226255008237,17,8,3.0
3043,35.24731888191142,16,9,3.0
3044,34.56376981450415,16,9,3.0
3045,34.34552881138655,16,9,3.0
3046,43.64709026626916,17,8,3.0
3047,14.064033242045134,14,11,3.0
3048,43.6310839027401,17,8,3.0
3049,24.156177373162947,15,10,3.0
3050,34.14387573781853,16,9,3.0
3051,33.629945027472885,16,9,3.0
3052,34.0045715691934,16,9,3.0
3053,45.55057089523023,17,8,3.0
3054,53.559511747161835,18,7,3.0
3055,53.9934331680324,18,7,3.0
3056,24.9299920182927,15,10,3.0
3057,54.42721239213195,18,7,3.0
3058,43.096849067531565,17,8,3.0
3059,54.52418675984992,18,7,3.0
3060,55.496292119584766,18,7,3.0
3061,34.254630873338115,16,9,3.0
3062,34.457191992884155,16,9,3.0
3063,43.90701123377639,17,8,3.0
3064,45.282787619286545,17,8,3.0
3065,43.972110440851836,17,8,3.0
3066,44.48395146389349,17,8,3.0
3067,23.279571167055785,15,10,3.0
3068,34.886151374924225,16,9,3.0
3069,33.600638043036035,16,9,3.0
3070,33.806270313296494,16,9,3.0
3071,33.998614754030406,16,9,3.0
3072,53.0450192175974,18,7,3.0
3073,24.32413923085643,15,10,3.0
3074,32.866563545293225,16,9,3.0
3075,44.40689277199036,17,8,3.0
3076,45.040933969545264,17,8,3.0
3077,34.18835012387406,16,9,3.0
3078,44.23038422742692,17,8,3.0
3079,34.50490694959382,16,9,3.0
3080,24.277594702499,15,10,3.0
3081,33.947278846836625,16,9,3.0
3082,34.04434611665028,16,9,3.0
3083,44.40131551505511,17,8,3.0
3084,24.54683760921362,15,10,3.0
3085,33.50243369639325,16,9,3.0
3086,54.48601632165757,18,7,3.0
3087,44.39299968922326,17,8,3.0
3088,34.667572008772936,16,9,3.0
3089,43.601242378189404,17,8,3.0
3090,44.119064138020306,17,8,3.0
3091,44.86219119509786,17,8,3.0
3092,45.211439421553614,17,8,3.0
3093,43.218367507116405,17,8,3.0
3094,44.763175191143,17,8,3.0
3095,33.372719277519955,16,9,3.0
3096,44.53646218803441,17,8,3.0
3097,44.677431320403805,17,8,3.0
3098,33.43458156978975,16,9,3.0
3099,33.76166969134625,16,9,3.0
3100,43.45494226527969,17,8,3.0
3101,34.135469585094384,16,9,3.0
3102,33.49720760428274,16,9,3.0
3103,44.47791734577441,17,8,3.0
3104,43.12890441433464,17,8,3.0
3105,34.00778048070128,16,9,3.0
3106,54.48971368742521,18,7,3.0
3107,34.7650634137017,16,9,3.0
3108,44.14110258313286,17,8,3.0
3109,34.47103202402356,16,9,3.0
3110,34.7478671729447,16,9,3.0
3111,24.330384466265173,15,10,3.0
3112,24.806661268000177,15,10,3.0
3113,34.80412569332724,16,9,3.0
3114,43.29325670217806,17,8,3.0
3115,23.79513773352646,15,10,3.0
3116,43.71958088166322,17,8,3.0
3117,13.85041063156504,14,11,3.0
3118,13.260629826311298,14,11,3.0
3119,33.53491162002796,16,9,3.0
3120,43.57911560275091,17,8,3.0
3121,44.80938491114611,17,8,3.0
3122,23.774936708539173,15,10,3.0
3123,53.282790033106735,18,7,3.0
3124,45.215513084032544,17,8,3.0
3125,55.350461852748666,18,7,3.0
3126,43.901123861984885,17,8,3.0
3127,34.00698457287792,16,9,3.0
3128,34.57827816308656,16,9,3.0
3129,34.853859140689174,16,9,3.0
3130,24.408894344048882,15,10,3.0
3131,24.43817854769202,15,10,3.0
3132,43.604267438934805,17,8,3.0
3133,24.61068837550241,15,10,3.0
3134,34.34740939886691,16,9,3.0
3135,43.96378673063086,17,8,3.0
3136,44.43080864145551,17,8,3.0
3137,14.053583279255665,14,11,3.0
3138,54.36398487816071,18,7,3.0
3139,33.12537544341887,16,9,3.0
3140,44.1672995123032,17,8,3.0
3141,43.6096849878909,17,8,3.0
3142,33.987099606456496,16,9,3.0
3143,44.67541272265501,17,8,3.0
3144,44.61878217620797,17,8,3.0
3145,44.67279107080146,17,8,3.0
3146,55.218973289690055,18,7,3.0
3147,4.513440820774488,13,12,3.0
3148,44.360264700250745,17,8,3.0
3149,34.391466668502545,16,9,3.0
3150,33.87462716737954,16,9,3.0
3151,44.895790421477166,17,8,3.0
3152,43.45371331135371,17,8,3.0
3153,44.04553773680492,17,8,3.0
3154,43.51309942188988,17,8,3.0
3155,54.071223908477876,18,7,3.0
3156,34.7491525272292,16,9,3.0
3157,44.53401827746128,17,8,3.0
3158,33.72767316034925,16,9,3.0
3159,34.88024182054646,16,9,3.0
3160,44.25889256039535,17,8,3.0
3161,34.36306629633315,16,9,3.0
3162,54.832465657262524,18,7,3.0
3163,44.88121370393408,17,8,3.0
3164,55.2095310905457,18,7,3.0
3165,55.207623488447204,18,7,3.0
3166,33.25223201741052,16,9,3.0
3167,34.413665464011906,16,9,3.0
3168,43.70827243051815,17,8,3.0
3169,35.12254748167626,16,9,3.0
3170,45.26322253386451,17,8,3.0
3171,24.39800928437692,15,10,3.0
3172,23.89087013984871,15,10,3.0
3173,43.984382643658314,17,8,3.0
3174,34.44139982555616,16,9,3.0
3175,54.424715852990246,18,7,3.0
3176,43.97598054464684,17,8,3.0
3177,34.49021683046916,16,9,3.0
3178,33.70517792162832,16,9,3.0
3179,44.534487756498926,17,8,3.0
3180,33.528456189553474,16,9,3.0
3181,34.08107431315089,16,9,3.0
3182,13.952954739024765,14,11,3.0
3183,53.84591181727486,18,7,3.0
3184,34.42730559715936,16,9,3.0
3185,44.54816302536021,17,8,3.0
3186,23.636769185480972,15,10,3.0
3187,45.50647754653826,17,8,3.0
3188,44.443610436754085,17,8,3.0
3189,54.17703082657732,18,7,3.0
3190,24.50688733031286,15,10,3.0
3191,44.40801454343008,17,8,3.0
3192,35.006940512915776,16,9,3.0
3193,44.62251274177657,17,8,3.0
3194,54.50882035691881,18,7,3.0
3195,33.35161509855,16,9,3.0
3196,34.875628234488,16,9,3.0
3197,25.07283600411906,15,10,3.0
3198,24.905818759637977,15,10,3.0
3199,34.62637274971509,16,9,3.0
3200,33.93625777719159,16,9,3.0
3201,34.110866891699835,16,9,3.0
3202,54.59639244269938,18,7,3.0
3203,24.451484816252528,15,10,3.0
3204,34.92566570709373,16,9,3.0
3205,53.803538745351716,18,7,3.0
3206,44.377981567640454,17,8,3.0
3207,35.16701800058927,16,9,3.0
3208,54.141244611226995,18,7,3.0
3209,44.076294918208085,17,8,3.0
3210,44.24745150139603,17,8,3.0
3211,25.25903213358675,15,10,3.0
3212,23.801735827727562,15,10,3.0
3213,34.53325943068506,16,9,3.0
3214,43.901683901845246,17,8,3.0
3215,34.1036372136928,16,9,3.0
3216,54.99480678409501,18,7,3.0
3217,33.210028907432715,16,9,3.0
3218,44.86237074801369,17,8,3.0
3219,53.65850144081476,18,7,3.0
3220,44.22776953268242,17,8,3.0
3221,34.00114231396902,16,9,3.0
3222,44.89340870276135,17,8,3.0
3223,33.976628981144614,16,9,3.0
3224,44.87020878563708,17,8,3.0
3225,34.65631062906432,16,9,3.0
3226,44.72074484557364,17,8,3.0
3227,54.285345195500625,18,7,3.0
3228,45.76474857930693,17,8,3.0
3229,54.51040652821774,18,7,3.0
3230,44.54491896560826,17,8,3.0
3231,53.87441958452062,18,7,3.0
3232,24.754083636365365,15,10,3.0
3233,43.256233213490574,17,8,3.0
3234,34.45173581672531,16,9,3.0
3235,33.156423551734605,16,9,3.0
3236,44.17972594141757,17,8,3.0
3237,44.932886963689796,17,8,3.0
3238,34.014801430092184,16,9,3.0
3239,33.38496588617483,16,9,3.0
3240,44.668928235294736,17,8,3.0
3241,4.100794584572419,13,12,3.0
3242,44.445889334542954,17,8,3.0
3243,43.98141047902895,17,8,3.0
3244,24.671748240013958,15,10,3.0
3245,43.659280620958384,17,8,3.0
3246,33.41989943372972,16,9,3.0
3247,34.118105161769705,16,9,3.0
3248,54.70326926190707,18,7,3.0
3249,23.926915637240086,15,10,3.0
3250,25.614079578112545,15,10,3.0
3251,44.52198499427371,17,8,3.0
3252,43.992694389452,17,8,3.0
3253,33.5635143437573,16,9,3.0
3254,43.657587079440745,17,8,3.0
3255,45.142568624627835,17,8,3.0
3256,45.08146788480799,17,8,3.0
3257,23.128866574584507,15,10,3.0
3258,54.682552192313075,18,7,3.0
3259,43.960145271447985,17,8,3.0
3260,45.04223293769572,17,8,3.0
3261,44.230123065532055,17,8,3.0
3262,44.904008134550494,17,8,3.0
3263,23.61251083939462,15,10,3.0
3264,44.64730303225059,17,8,3.0
3265,34.42692566006648,16,9,3.0
3266,24.296839051254395,15,10,3.0
3267,53.82915190471932,18,7,3.0
3268,14.422849284980348,14,11,3.0
3269,35.12149342614637,16,9,3.0
3270,44.01410609139572,17,8,3.0
3271,44.79098271341044,17,8,3.0
3272,33.610525404225,16,9,3.0
3273,44.29386202285525,17,8,3.0
3274,33.77150669205999,16,9,3.0
3275,43.72506556885886,17,8,3.0
3276,35.050496875451806,16,9,3.0
3277,24.423171405784206,15,10,3.0
3278,55.67619712572684,18,7,3.0
3279,34.092624086278136,16,9,3.0
3280,33.88539138408842,16,9,3.0
3281,33.965381992644836,16,9,3.0
3282,34.34717294320944,16,9,3.0
3283,54.928195204507034,18,7,3.0
3284,43.467371954239475,17,8,3.0
3285,33.576980214231384,16,9,3.0
3286,44.01038758107959,17,8,3.0
3287,44.11536857346199,17,8,3.0
3288,54.471177840161594,18,7,3.0
3289,44.63465874584089,17,8,3.0
3290,34.179811148155295,16,9,3.0
3291,23.518873197558662,15,10,3.0
3292,14.215192466740257,14,11,3.0
3293,43.61938957220451,17,8,3.0
3294,23.97664449749727,15,10,3.0
3295,35.06131122841534,16,9,3.0
3296,14.101570178759207,14,11,3.0
3297,54.36765983590897,18,7,3.0
3298,12.961577920718653,14,11,3.0
3299,34.02636423008447,16,9,3.0
3300,42.969135568249705,17,8,3.0
3301,44.19330122680433,17,8,3.0
3302,33.99209495593997,16,9,3.0
3303,33.7837622328937,16,9,3.0
3304,23.809263983199035,15,10,3.0
3305,34.14000800189617,16,9,3.0
3306,54.05567646145286,18,7,3.0
3307,34.702033553446306,16,9,3.0
3308,55.03880282067979,18,7,3.0
3309,44.29363470430229,17,8,3.0
3310,44.45628162491643,17,8,3.0
3311,43.768581544996515,17,8,3.0
3312,55.33779445683593,18,7,3.0
3313,43.9397613096152,17,8,3.0
3314,43.43225644388189,17,8,3.0
3315,34.19514527324986,16,9,3.0
3316,44.27021422097281,17,8,3.0
3317,53.3299718295425,18,7,3.0
3318,53.546439489784625,18,7,3.0
3319,55.07000656450929,18,7,3.0
3320,35.38795469594869,16,9,3.0
3321,34.07234521022229,16,9,3.0
3322,44.624875619524566,17,8,3.0
3323,44.376889559963374,17,8,3.0
3324,33.27745903675785,16,9,3.0
3325,43.30063739231372,17,8,3.0
3326,55.21510119727915,18,7,3.0
3327,34.121169378455335,16,9,3.0
3328,44.431694174015455,17,8,3.0
3329,33.48729191601143,16,9,3.0
3330,43.42382455831731,17,8,3.0
3331,44.32371571509489,17,8,3.0
3332,43.842192980766356,17,8,3.0
3333,43.96004504676059,17,8,3.0
3334,53.8191386736472,18,7,3.0
3335,44.12817398585874,17,8,3.0
3336,54.22334968735232,18,7,3.0
3337,34.888971426772514,16,9,3.0
3338,34.980213692240895,16,9,3.0
3339,54.68859118553083,18,7,3.0
3340,44.577779387509906,17,8,3.0
3341,45.42890860960403,17,8,3.0
3342,43.6520357419341,17,8,3.0
3343,44.79318670763476,17,8,3.0
3344,35.209784726271906,16,9,3.0
3345,34.991199644184604,16,9,3.0
3346,44.34544448481176,17,8,3.0
3347,45.421748631710805,17,8,3.0
3348,44.3034313461713,17,8,3.0
3349,53.7768670202503,18,7,3.0
3350,44.96279040746627,17,8,3.0
3351,23.334713096715344,15,10,3.0
3352,15.733817811494843,14,11,3.0
3353,53.68481278902527,18,7,3.0
3354,44.31735979591623,17,8,3.0
3355,44.26729032651246,17,8,3.0
3356,35.24170807649452,16,9,3.0
3357,43.46479609716769,17,8,3.0
3358,24.818355241414594,15,10,3.0
3359,35.12280988191248,16,9,3.0
3360,24.854429535063684,15,10,3.0
3361,54.73086814535824,18,7,3.0
3362,44.6183831934129,17,8,3.0
3363,44.22946432488724,17,8,3.0
3364,33.70045867022807,16,9,3.0
3365,24.222865755296624,15,10,3.0
3366,23.746459225050682,15,10,3.0
3367,23.520086507625816,15,10,3.0
3368,13.664483372264499,14,11,3.0
3369,34.06829862076283,16,9,3.0
3370,44.98654388320105,17,8,3.0
3371,34.06231731656009,16,9,3.0
3372,35.263099989891096,16,9,3.0
3373,44.972432997558215,17,8,3.0
3374,44.664358156676116,17,8,3.0
3375,45.25322197275879,17,8,3.0
3376,45.413864420252025,17,8,3.0
3377,4.251306887735796,13,12,3.0
3378,24.494757446445163,15,10,3.0
3379,33.82684271684151,16,9,3.0
3380,35.25610963955255,16,9,3.0
3381,43.82643978974185,17,8,3.0
3382,33.94026305617678,16,9,3.0
3383,24.500531336399664,15,10,3.0
3384,34.47984251825663,16,9,3.0
3385,33.93276945383619,16,9,3.0
3386,34.10568473138609,16,9,3.0
3387,44.861819625202415,17,8,3.0
3388,44.54777698187922,17,8,3.0
3389,25.398551678166136,15,10,3.0
3390,44.66922225060053,17,8,3.0
3391,23.81795799858261,15,10,3.0
3392,35.40545554470945,16,9,3.0
3393,24.641685534378787,15,10,3.0
3394,24.474797603953608,15,10,3.0
3395,44.42989385951251,17,8,3.0
3396,34.5702076734216,16,9,3.0
3397,24.733800063946227,15,10,3.0
3398,33.65474064246407,16,9,3.0
3399,4.421999423556655,13,12,3.0
3400,33.65456645140963,16,9,3.0
3401,43.58285818966856,17,8,3.0
3402,33.74866419730887,16,9,3.0
3403,34.626765171436965,16,9,3.0
3404,45.10010618635219,17,8,3.0
3405,44.51843570762569,17,8,3.0
3406,34.45791121549899,16,9,3.0
3407,34.07840361736622,16,9,3.0
3408,54.30305776153743,18,7,3.0
3409,34.123003482406105,16,9,3.0
3410,34.96342903195541,16,9,3.0
3411,54.256340561524276,18,7,3.0
3412,44.275087443961326,17,8,3.0
3413,33.96937302335574,16,9,3.0
3414,43.7355149484086,17,8,3.0
3415,44.34533369147027,17,8,3.0
3416,54.040565534987635,18,7,3.0
3417,54.55400050283817,18,7,3.0
3418,33.93552134439938,16,9,3.0
3419,34.583427806648835,16,9,3.0
3420,33.9370041576947,16,9,3.0
3421,55.05399388426245,18,7,3.0
3422,45.295560523330714,17,8,3.0
3423,44.40603397119523,17,8,3.0
3424,34.6147804712663,16,9,3.0
3425,43.892465254975974,17,8,3.0
3426,43.8878336085456,17,8,3.0
3427,25.07876784329605,15,10,3.0
3428,35.25368274769443,16,9,3.0
3429,24.76063579497235,15,10,3.0
3430,45.05743441899073,17,8,3.0
3431,33.67396365023568,16,9,3.0
3432,44.14275102754705,17,8,3.0
3433,3.77884471093836,13,12,3.0
3434,34.7819598154733,16,9,3.0
3435,34.85369947662329,16,9,3.0
3436,34.331650509021394,16,9,3.0
3437,54.61122039669423,18,7,3.0
3438,53.85355495428126,18,7,3.0
3439,45.03010283317178,17,8,3.0
3440,23.855695126893906,15,10,3.0
3441,33.71237602678935,16,9,3.0
3442,34.406894028330925,16,9,3.0
3443,44.13341332497646,17,8,3.0
3444,34.183454549287845,16,9,3.0
3445,44.4662609356963,17,8,3.0
3446,44.58759347743792,17,8,3.0
3447,25.09798899080792,15,10,3.0
3448,33.634050341269074,16,9,3.0
3449,44.73175118890397,17,8,3.0
3450,23.675630894991336,15,10,3.0
3451,34.69501420092529,16,9,3.0
3452,33.73913315898567,16,9,3.0
3453,55.28692252983495,18,7,3.0
3454,45.05279448037646,17,8,3.0
3455,24.58990348004581,15,10,3.0
3456,53.56546450603694,18,7,3.0
3457,34.16774301890403,16,9,3.0
3458,24.171139869284893,15,10,3.0
3459,33.720716780449486,16,9,3.0
3460,43.68568310103686,17,8,3.0
3461,33.751646428236526,16,9,3.0
3462,34.23588330299198,16,9,3.0
3463,44.775452066216815,17,8,3.0
3464,33.39405823923446,16,9,3.0
3465,34.16960767092292,16,9,3.0
3466,35.1775911028734,16,9,3.0
3467,54.645183346741824,18,7,3.0
3468,34.78034726535014,16,9,3.0
3469,54.432310496103945,18,7,3.0
3470,54.57487131822766,18,7,3.0
3471,24.14872458539401,15,10,3.0
3472,34.005184840136664,16,9,3.0
3473,24.627881373192118,15,10,3.0
3474,54.47018087766499,18,7,3.0
3475,54.41898220018094,18,7,3.0
3476,44.70688035462602,17,8,3.0
3477,32.55298977234003,16,9,3.0
3478,34.2692111831198,16,9,3.0
3479,43.539962638814956,17,8,3.0
3480,34.11643349780558,16,9,3.0
3481,34.675276418123204,16,9,3.0
3482,43.781724637478604,17,8,3.0
3483,44.51293138066857,17,8,3.0
3484,34.78098694266095,16,9,3.0
3485,33.63148214941691,16,9,3.0
3486,44.06663308006901,17,8,3.0
3487,34.07802071963221,16,9,3.0
3488,43.46379158383357,17,8,3.0
3489,54.19198608256692,18,7,3.0
3490,44.23963619511601,17,8,3.0
3491,34.30682433684035,16,9,3.0
3492,44.41676494364772,17,8,3.0
3493,33.31157266975116,16,9,3.0
3494,44.8945765477966,17,8,3.0
3495,34.79184252280878,16,9,3.0
3496,53.430563811321214,18,7,3.0
3497,34.91583761830992,16,9,3.0
3498,33.77292797078593,16,9,3.0
3499,54.700054709974836,18,7,3.0
3500,44.43747999363402,17,8,3.0
3501,34.3223794407347,16,9,3.0
3502,24.93822532920063,15,10,3.0
3503,53.522896581884815,18,7,3.0
3504,45.07582326972818,17,8,3.0
3505,33.71097676137674,16,9,3.0
3506,45.095059387626925,17,8,3.0
3507,33.71878835651774,16,9,3.0
3508,44.551503345255355,17,8,3.0
3509,54.79097916248774,18,7,3.0
3510,23.50117929850305,15,10,3.0
3511,44.56310198791785,17,8,3.0
3512,44.805005396474414,17,8,3.0
3513,13.229771024330864,14,11,3.0
3514,33.628764712886536,16,9,3.0
3515,53.62932387801548,18,7,3.0
3516,45.174194311392554,17,8,3.0
3517,43.79509281942691,17,8,3.0
3518,22.385163978524105,15,10,3.0
3519,34.51485829093104,16,9,3.0
3520,53.46537372638323,18,7,3.0
3521,34.88423791308947,16,9,3.0
3522,43.49811699682253,17,8,3.0
3523,34.487449698396574,16,9,3.0
3524,34.490373667234635,16,9,3.0
3525,34.290704753968875,16,9,3.0
3526,44.28244300871969,17,8,3.0
3527,43.75101509053792,17,8,3.0
3528,34.244881706573935,16,9,3.0
3529,4.425145380851781,13,12,3.0
3530,13.659680707472045,14,11,3.0
3531,34.39181151342299,16,9,3.0
3532,44.20900663248247,17,8,3.0
3533,44.55015585956806,17,8,3.0
3534,43.89254104341205,17,8,3.0
3535,33.919340897870185,16,9,3.0
3536,54.0989961347296,18,7,3.0
3537,54.739579935252266,18,7,3.0
3538,44.33939746245671,17,8,3.0
3539,43.44922996297947,17,8,3.0
3540,55.48467683964839,18,7,3.0
3541,44.14081195220222,17,8,3.0
3542,34.04785385138836,16,9,3.0
3543,53.896087173578636,18,7,3.0
3544,44.16812915808356,17,8,3.0
3545,34.125557962998606,16,9,3.0
3546,44.51984674687519,17,8,3.0
3547,34.232383270015355,16,9,3.0
3548,34.602349663761814,16,9,3.0
3549,24.324039157024245,15,10,3.0
3550,44.1320065506226,17,8,3.0
3551,34.65199076854803,16,9,3.0
3552,33.70229494745909,16,9,3.0
3553,13.642935178005994,14,11,3.0
3554,34.738089944598855,16,9,3.0
3555,13.660014534007724,14,11,3.0
3556,23.549707082270217,15,10,3.0
3557,43.6108215842826,17,8,3.0
3558,54.667101903151675,18,7,3.0
3559,33.544051579188356,16,9,3.0
3560,34.07790790436548,16,9,3.0
3561,34.644381216913956,16,9,3.0
3562,34.451829245171034,16,9,3.0
3563,43.817254131214405,17,8,3.0
3564,34.96299695247219,16,9,3.0
3565,54.284298099408005,18,7,3.0
3566,44.660688649539935,17,8,3.0
3567,44.29450095651509,17,8,3.0
3568,53.37823405670407,18,7,3.0
3569,44.32334267781682,17,8,3.0
3570,34.34332072544728,16,9,3.0
3571,54.38259154772571,18,7,3.0
3572,24.645912576001827,15,10,3.0
3573,43.99875938230594,17,8,3.0
3574,33.620306732828254,16,9,3.0
3575,23.948363771087188,15,10,3.0
3576,24.356729474061474,15,10,3.0
3577,34.192824183899795,16,9,3.0
3578,12.928404766960613,14,11,3.0
3579,54.34979939988828,18,7,3.0
3580,44.72909774837225,17,8,3.0
3581,44.1819222215635,17,8,3.0
3582,44.02333958523228,17,8,3.0
3583,34.264699908014215,16,9,3.0
3584,54.36073770054655,18,7,3.0
3585,44.57342571943171,17,8,3.0
3586,44.358834852424174,17,8,3.0
3587,44.379467540008314,17,8,3.0
3588,23.47680934177585,15,10,3.0
3589,44.5104005881129,17,8,3.0
3590,44.657306578150724,17,8,3.0
3591,34.37717577695434,16,9,3.0
3592,54.687499416763664,18,7,3.0
3593,24.63958261557336,15,10,3.0
3594,44.844942357320974,17,8,3.0
3595,54.166982220125256,18,7,3.0
3596,24.822156017181353,15,10,3.0
3597,33.56146616423688,16,9,3.0
3598,33.21988061231908,16,9,3.0
3599,25.029386623243695,15,10,3.0
3600,43.95357935663198,17,8,3.0
3601,23.639497993552638,15,10,3.0
3602,34.17977656884357,16,9,3.0
3603,34.50254959935807,16,9,3.0
3604,44.414539955265624,17,8,3.0
3605,53.40669737779367,18,7,3.0
3606,33.673783967441366,16,9,3.0
3607,24.650166758164616,15,10,3.0
3608,43.062497452393586,17,8,3.0
3609,23.302793977013295,15,10,3.0
3610,44.67803401410816,17,8,3.0
3611,23.750935136436325,15,10,3.0
3612,34.99642465073507,16,9,3.0
3613,34.49867135943036,16,9,3.0
3614,24.082745414239305,15,10,3.0
3615,33.3344223408548,16,9,3.0
3616,14.606707841582045,14,11,3.0
3617,24.945293306222492,15,10,3.0
3618,34.56316396412698,16,9,3.0
3619,33.27464370113903,16,9,3.0
3620,24.60928212340264,15,10,3.0
3621,23.761751738850396,15,10,3.0
3622,14.303466370776405,14,11,3.0
3623,43.95579208443174,17,8,3.0
3624,44.28033134135981,17,8,3.0
3625,54.27170069496476,18,7,3.0
3626,53.566469687526165,18,7,3.0
3627,44.217109109050185,17,8,3.0
3628,43.995579723126056,17,8,3.0
3629,54.148463623499616,18,7,3.0
3630,55.11662624076995,18,7,3.0
3631,43.60595667827701,17,8,3.0
3632,44.167901616798176,17,8,3.0
3633,44.11337671397272,17,8,3.0
3634,44.40234524421143,17,8,3.0
3635,43.639846118488265,17,8,3.0
3636,24.488014033984516,15,10,3.0
3637,34.47775393320696,16,9,3.0
3638,44.81325838501192,17,8,3.0
3639,24.12888685805569,15,10,3.0
3640,43.91699541660116,17,8,3.0
3641,43.751414358735616,17,8,3.0
3642,54.52130946574928,18,7,3.0
3643,53.8655560045775,18,7,3.0
3644,42.64370640700605,17,8,3.0
3645,44.91278931597196,17,8,3.0
3646,43.7424322008146,17,8,3.0
3647,34.024591974904176,16,9,3.0
3648,24.873356141959512,15,10,3.0
3649,33.41538361727909,16,9,3.0
3650,44.10322961874042,17,8,3.0
3651,55.078156918005256,18,7,3.0
3652,24.748732640680366,15,10,3.0
3653,34.199786301131354,16,9,3.0
3654,33.67097344080621,16,9,3.0
3655,54.32387679858785,18,7,3.0
3656,44.32295456443156,17,8,3.0
3657,33.82918330397396,16,9,3.0
3658,44.80054934758098,17,8,3.0
3659,34.61309719020959,16,9,3.0
3660,54.53548747591739,18,7,3.0
3661,35.03514322882814,16,9,3.0
3662,24.119418127547874,15,10,3.0
3663,44.56451888207864,17,8,3.0
3664,33.37976116969486,16,9,3.0
3665,55.145047166408375,18,7,3.0
3666,44.989242056904565,17,8,3.0
3667,15.093137126260867,14,11,3.0
3668,55.38290958111658,18,7,3.0
3669,24.32100779473147,15,10,3.0
3670,44.72687874868917,17,8,3.0
3671,34.4114177648889,16,9,3.0
3672,35.0198434812652,16,9,3.0
3673,54.80843247431218,18,7,3.0
3674,34.919289369374425,16,9,3.0
3675,54.5778383504809,18,7,3.0
3676,54.52308135160945,18,7,3.0
3677,34.388992136845744,16,9,3.0
3678,54.19997899905677,18,7,3.0
3679,34.333280329446,16,9,3.0
3680,34.37266455676854,16,9,3.0
3681,44.33272454438809,17,8,3.0
3682,54.71904395146581,18,7,3.0
3683,53.436577496418636,18,7,3.0
3684,43.982341302055886,17,8,3.0
3685,54.72088405106807,18,7,3.0
3686,54.11920597369105,18,7,3.0
3687,34.20274074784801,16,9,3.0
3688,33.7245348005903,16,9,3.0
3689,45.07475758958559,17,8,3.0
3690,34.313154511216716,16,9,3.0
3691,44.69467207478939,17,8,3.0
3692,55.23235033323744,18,7,3.0
3693,35.353729380357485,16,9,3.0
3694,43.4276964486255,17,8,3.0
3695,43.76812647241249,17,8,3.0
3696,44.35455565509333,17,8,3.0
3697,43.495387475187904,17,8,3.0
3698,43.95587259401608,17,8,3.0
3699,53.96140320066378,18,7,3.0
3700,33.55821894437686,16,9,3.0
3701,33.421777784359065,16,9,3.0
3702,53.85892679950888,18,7,3.0
3703,54.49201198971245,18,7,3.0
3704,44.795927978723185,17,8,3.0
3705,45.36059621062105,17,8,3.0
3706,34.48629703883569,16,9,3.0
3707,34.74903950699563,16,9,3.0
3708,43.8583927885671,17,8,3.0
3709,34.69021010708505,16,9,3.0
3710,34.05467541611338,16,9,3.0
3711,33.54122899867429,16,9,3.0
3712,33.136761630571144,16,9,3.0
3713,54.18254633187097,18,7,3.0
3714,44.38538268871105,17,8,3.0
3715,33.72717536572061,16,9,3.0
3716,23.857402032379397,15,10,3.0
3717,34.08882776929039,16,9,3.0
3718,34.028565411889865,16,9,3.0
3719,53.91174933480367,18,7,3.0
3720,44.10825467092002,17,8,3.0
3721,33.47193914779331,16,9,3.0
3722,43.15798316585946,17,8,3.0
3723,24.184079271141712,15,10,3.0
3724,23.64527175708055,15,10,3.0
3725,44.97847233149374,17,8,3.0
3726,44.4601370442466,17,8,3.0
3727,23.93863121770415,15,10,3.0
3728,53.30660321884978,18,7,3.0
3729,54.59650636613675,18,7,3.0
3730,33.47217120536079,16,9,3.0
3731,44.133342841157216,17,8,3.0
3732,35.07400781824655,16,9,3.0
3733,34.475525280164604,16,9,3.0
3734,44.506262435972275,17,8,3.0
3735,44.659735250478676,17,8,3.0
3736,33.81419078886763,16,9,3.0
3737,33.788522358162375,16,9,3.0
3738,44.71223553293935,17,8,3.0
3739,44.40268554465149,17,8,3.0
3740,33.38149230672261,16,9,3.0
3741,54.72017768078891,18,7,3.0
3742,43.7774934724149,17,8,3.0
3743,44.65419986815561,17,8,3.0
3744,23.163480543331,15,10,3.0
3745,43.91939819193942,17,8,3.0
3746,14.321249057845456,14,11,3.0
3747,34.27133319585427,16,9,3.0
3748,44.16280492934371,17,8,3.0
3749,44.47826471647635,17,8,3.0
3750,55.28552601917235,18,7,3.0
3751,44.130780280092644,17,8,3.0
3752,34.60820287708881,16,9,3.0
3753,34.02384446339405,16,9,3.0
3754,54.10909832827976,18,7,3.0
3755,33.827582366956854,16,9,3.0
3756,43.86167448502045,17,8,3.0
3757,44.28416932883295,17,8,3.0
3758,54.11955178180506,18,7,3.0
3759,44.38894296025598,17,8,3.0
3760,44.55891632060593,17,8,3.0
3761,24.91906143773962,15,10,3.0
3762,34.12133533671305,16,9,3.0
3763,23.767355871682867,15,10,3.0
3764,34.01522798315793,16,9,3.0
3765,35.51518283342172,16,9,3.0
3766,44.176414358461614,17,8,3.0
3767,24.084929057102293,15,10,3.0
3768,44.53806495260872,17,8,3.0
3769,23.5266119794978,15,10,3.0
3770,54.462798546246674,18,7,3.0
3771,34.5397930198106,16,9,3.0
3772,34.20356348782662,16,9,3.0
3773,34.789355756560724,16,9,3.0
3774,44.76477342734618,17,8,3.0
3775,54.242820922677296,18,7,3.0
3776,23.33800811335546,15,10,3.0
3777,3.9330178523594617,13,12,3.0
3778,33.79472004966195,16,9,3.0
3779,44.44607331758115,17,8,3.0
3780,33.30344983626188,16,9,3.0
3781,44.49361860697449,17,8,3.0
3782,33.68640499684027,16,9,3.0
3783,54.38921789105043,18,7,3.0
3784,33.9145938261735,16,9,3.0
3785,36.072749101204835,16,9,3.0
3786,44.16177656253669,17,8,3.0
3787,34.057207733940594,16,9,3.0
3788,54.19715072577539,18,7,3.0
3789,43.91058317963639,17,8,3.0
3790,54.82465962084417,18,7,3.0
3791,34.51408422579246,16,9,3.0
3792,54.193230583278336,18,7,3.0
3793,45.44369811390166,17,8,3.0
3794,54.49478826893208,18,7,3.0
3795,54.58404207570816,18,7,3.0
3796,54.15348891938444,18,7,3.0
3797,54.25180069825803,18,7,3.0
3798,43.978803510270374,17,8,3.0
3799,54.44338399477024,18,7,3.0
3800,53.84981891509564,18,7,3.0
3801,33.899034544919694,16,9,3.0
3802,24.508076856778175,15,10,3.0
3803,54.831946103016804,18,7,3.0
3804,24.312704474046186,15,10,3.0
3805,34.17480892197144,16,9,3.0
3806,43.64774850534692,17,8,3.0
3807,14.2274104661364,14,11,3.0
3808,44.06610316275832,17,8,3.0
3809,44.5846757108708,17,8,3.0
3810,44.6230520460091,17,8,3.0
3811,44.57304014425535,17,8,3.0
3812,44.79308753660764,17,8,3.0
3813,44.81197591469694,17,8,3.0
3814,23.85844473549003,15,10,3.0
3815,43.67849596358364,17,8,3.0
3816,44.2188573069931,17,8,3.0
3817,44.361668660042284,17,8,3.0
3818,34.613544878168575,16,9,3.0
3819,53.886247264856294,18,7,3.0
3820,34.54520841785335,16,9,3.0
3821,54.81535680263317,18,7,3.0
3822,34.64885782207484,16,9,3.0
3823,24.88620193943114,15,10,3.0
3824,44.841713692294675,17,8,3.0
3825,34.65700835930076,16,9,3.0
3826,54.4434777460024,18,7,3.0
3827,54.26893038296776,18,7,3.0
3828,35.5590146894341,16,9,3.0
3829,43.35411518259682,17,8,3.0
3830,54.17708316760939,18,7,3.0
3831,53.939463501923235,18,7,3.0
3832,34.64072802926273,16,9,3.0
3833,54.5319492766636,18,7,3.0
3834,45.17005419981725,17,8,3.0
3835,34.010330556087325,16,9,3.0
3836,54.46848548889519,18,7,3.0
3837,54.11433528187943,18,7,3.0
3838,44.05158362383369,17,8,3.0
3839,43.65678836012888,17,8,3.0
3840,43.82442383812338,17,8,3.0
3841,44.45750575073473,17,8,3.0
3842,44.59595715121483,17,8,3.0
3843,53.85634589070023,18,7,3.0
3844,34.49571760082388,16,9,3.0
3845,54.480163090103304,18,7,3.0
3846,43.72361749734218,17,8,3.0
3847,43.7063050209748,17,8,3.0
3848,34.13871771654254,16,9,3.0
3849,44.714477156731874,17,8,3.0
3850,35.133749500101914,16,9,3.0
3851,53.58433318860473,18,7,3.0
3852,32.757219417627496,16,9,3.0
3853,44.147344954865865,17,8,3.0
3854,54.72156350644642,18,7,3.0
3855,44.697683306329,17,8,3.0
3856,54.540487432301305,18,7,3.0
3857,14.37786960195346,14,11,3.0
3858,43.10236706605935,17,8,3.0
3859,44.216000759379554,17,8,3.0
3860,44.70676821106761,17,8,3.0
3861,44.56051098534486,17,8,3.0
3862,34.534152141613845,16,9,3.0
3863,24.832261086257432,15,10,3.0
3864,43.90214477175921,17,8,3.0
3865,35.214276664731656,16,9,3.0
3866,54.127568465637516,18,7,3.0
3867,53.49913633748221,18,7,3.0
3868,53.768692929580006,18,7,3.0
3869,44.24966011709185,17,8,3.0
3870,54.560234655620505,18,7,3.0
3871,23.52937103327296,15,10,3.0
3872,35.52972611420569,16,9,3.0
3873,44.42110970415352,17,8,3.0
3874,34.82657911755683,16,9,3.0
3875,54.26554939168881,18,7,3.0
3876,34.517053687167596,16,9,3.0
3877,34.26988287476752,16,9,3.0
3878,34.818610196315404,16,9,3.0
3879,44.23102580257295,17,8,3.0
3880,44.53159948830353,17,8,3.0
3881,33.66568099189649,16,9,3.0
3882,34.73924527770644,16,9,3.0
3883,44.681487793276546,17,8,3.0
3884,33.98299175743843,16,9,3.0
3885,24.60341671821679,15,10,3.0
3886,24.78372449675936,15,10,3.0
3887,44.94837582533843,17,8,3.0
3888,54.088214001121145,18,7,3.0
3889,54.31931992315353,18,7,3.0
3890,23.971694518318152,15,10,3.0
3891,23.949453748662915,15,10,3.0
3892,53.810001743226444,18,7,3.0
3893,53.57742690250928,18,7,3.0
3894,54.082864243116546,18,7,3.0
3895,44.68163806688682,17,8,3.0
3896,54.368901818949354,18,7,3.0
3897,54.15677552840143,18,7,3.0
3898,34.261606599736496,16,9,3.0
3899,34.33316084074815,16,9,3.0
3900,34.43259623678658,16,9,3.0
3901,33.50053182017103,16,9,3.0
3902,24.83289389799307,15,10,3.0
3903,34.23206200397493,16,9,3.0
3904,44.310135715836964,17,8,3.0
3905,54.40763847604538,18,7,3.0
3906,44.50447494885478,17,8,3.0
3907,43.40188910164175,17,8,3.0
3908,24.441528638738642,15,10,3.0
3909,33.23965259753288,16,9,3.0
3910,54.1317444567042,18,7,3.0
3911,53.46803776426984,18,7,3.0
3912,44.42486693844041,17,8,3.0
3913,43.96389159190813,17,8,3.0
3914,54.37690240166289,18,7,3.0
3915,44.314206035377744,17,8,3.0
3916,43.851698448828856,17,8,3.0
3917,23.338418199726235,15,10,3.0
3918,43.96172431553159,17,8,3.0
3919,24.800698712576924,15,10,3.0
3920,53.06122067438867,18,7,3.0
3921,34.30216734620981,16,9,3.0
3922,44.70074643741954,17,8,3.0
3923,45.48837404177326,17,8,3.0
3924,53.992624126866886,18,7,3.0
3925,35.09416110132046,16,9,3.0
3926,44.460177549965536,17,8,3.0
3927,33.74758954498885,16,9,3.0
3928,33.589437580189646,16,9,3.0
3929,43.823166556952195,17,8,3.0
3930,54.7729851140076,18,7,3.0
3931,54.2132179177516,18,7,3.0
3932,45.27083944119991,17,8,3.0
3933,44.84365422862665,17,8,3.0
3934,53.80698412673984,18,7,3.0
3935,52.78899375919978,18,7,3.0
3936,44.383992943633785,17,8,3.0
3937,24.631530516849477,15,10,3.0
3938,34.536212847701655,16,9,3.0
3939,33.613055462512975,16,9,3.0
3940,53.94324457800755,18,7,3.0
3941,33.21404272679605,16,9,3.0
3942,43.92136769419635,17,8,3.0
3943,34.18264359304768,16,9,3.0
3944,34.09931442003651,16,9,3.0
3945,34.51144302637535,16,9,3.0
3946,43.57059005441468,17,8,3.0
3947,54.27627955246419,18,7,3.0
3948,43.357354486808966,17,8,3.0
3949,23.622753140582088,15,10,3.0
3950,43.249919945645665,17,8,3.0
3951,54.33764371643669,18,7,3.0
3952,43.94332695451483,17,8,3.0
3953,54.31715209632889,18,7,3.0
3954,43.888683597323144,17,8,3.0
3955,54.232483091799644,18,7,3.0
3956,44.03876820830481,17,8,3.0
3957,44.2543221449378,17,8,3.0
3958,43.573837501839265,17,8,3.0
3959,43.21905998667593,17,8,3.0
3960,53.52454753984471,18,7,3.0
3961,34.200296623451436,16,9,3.0
3962,53.23360753412884,18,7,3.0
3963,44.098401017721514,17,8,3.0
3964,54.24199610430634,18,7,3.0
3965,54.78649819304634,18,7,3.0
3966,44.03140717788056,17,8,3.0
3967,35.21827120279897,16,9,3.0
3968,44.324985015536384,17,8,3.0
3969,53.965445782272894,18,7,3.0
3970,43.78559693851188,17,8,3.0
3971,44.403872403497964,17,8,3.0
3972,44.88483882484266,17,8,3.0
3973,54.76618335395733,18,7,3.0
3974,54.670639719953364,18,7,3.0
3975,53.883643914851675,18,7,3.0
3976,53.93451122937329,18,7,3.0
3977,33.94721375877288,16,9,3.0
3978,44.55385172780273,17,8,3.0
3979,43.71748578966067,17,8,3.0
3980,45.121983813128345,17,8,3.0
3981,34.57684960170953,16,9,3.0
3982,24.462759936049807,15,10,3.0
3983,44.48275864712094,17,8,3.0
3984,44.241635845003955,17,8,3.0
3985,33.98340513153475,16,9,3.0
3986,44.770694382276154,17,8,3.0
3987,23.537798183732896,15,10,3.0
3988,44.07503493707923,17,8,3.0
3989,35.00057478892709,16,9,3.0
3990,43.289617528497175,17,8,3.0
3991,43.50485601584142,17,8,3.0
3992,44.247459709003735,17,8,3.0
3993,53.06707361614221,18,7,3.0
3994,53.97226680130407,18,7,3.0
3995,35.20757570209845,16,9,3.0
3996,43.668459244031865,17,8,3.0
3997,44.82408839049845,17,8,3.0
3998,34.1291535036315,16,9,3.0
3999,34.465935650342715,16,9,3.0
4000,22.72854533331799,15,10,3.0
