"# mode=fixed d_value=3 d=[0,0] p=0.50 dr=0 seed=7 topology=fixed ch=3 n_agents=5 obs_dim=34 n_episodes=4000"
episode,sum_reward,success,fail,mean_delay
1,-35.95592364316043,9,16,3.0
2,-66.5775531423286,6,19,3.0
3,-36.73485404910439,9,16,3.0
4,-46.68798293017436,8,17,3.0
5,-66.35305102362481,6,19,3.0
6,-25.74247373773039,10,15,3.0
7,-45.421835467266156,8,17,3.0
8,-66.27990891111406,6,19,3.0
9,-47.37009440787835,8,17,3.0
10,-36.450210366569465,9,16,3.0
11,-35.666681910613406,9,16,3.0
12,-36.27690897605109,9,16,3.0
13,-56.0186547376828,7,18,3.0
14,-35.9770162054272,9,16,3.0
15,-44.25664667759572,8,17,3.0
16,-45.596628066122165,8,17,3.0
17,-15.231352831568021,11,14,3.0
18,-35.52876735126257,9,16,3.0
19,-15.967073823584581,11,14,3.0
20,-65.60753636884058,6,19,3.0
21,-25.10583379226508,10,15,3.0
22,-45.222097625645176,8,17,3.0
23,-44.8835561588334,8,17,3.0
24,-34.92484118219561,9,16,3.0
25,-66.25832690822308,6,19,3.0
26,-35.69463943372547,9,16,3.0
27,-55.3095962725627,7,18,3.0
28,-67.947675111698,6,19,3.0
29,-57.10251354647276,7,18,3.0
30,-35.16456892318545,9,16,3.0
31,-25.95206710770737,10,15,3.0
32,-36.53250787089358,9,16,3.0
33,-25.800271260091233,10,15,3.0
34,-34.52086911408591,9,16,3.0
35,-44.48632440110548,8,17,3.0
36,-65.96781825686367,6,19,3.0
37,-24.991151071287213,10,15,3.0
38,-46.376395973244634,8,17,3.0
39,-45.92541562774732,8,17,3.0
40,-26.29004732183611,10,15,3.0
41,-65.06063143183135,6,19,3.0
42,-45.69465405178143,8,17,3.0
43,-35.25033304029895,9,16,3.0
44,-15.648101815637208,11,14,3.0
45,-36.32707792299143,9,16,3.0
46,-57.236835594648426,7,18,3.0
47,-55.49700696054724,7,18,3.0
48,-45.19074533049755,8,17,3.0
49,-45.762825532573885,8,17,3.0
50,-45.93484404355765,8,17,3.0
51,-35.4884626881439,9,16,3.0
52,-68.15810774008898,6,19,3.0
53,-56.126782515794126,7,18,3.0
54,-35.438623464786005,9,16,3.0
55,-56.8386216177729,7,18,3.0
56,-26.170144153677004,10,15,3.0
57,-35.42309288564273,9,16,3.0
58,-36.26429821120366,9,16,3.0
59,-45.06227473958266,8,17,3.0
60,-56.23948535778807,7,18,3.0
61,-57.12919387965637,7,18,3.0
62,-56.10505067441121,7,18,3.0
63,-36.22826062003287,9,16,3.0
64,-14.906100174522091,11,14,3.0
65,-45.25059316214295,8,17,3.0
66,-54.7526599797239,7,18,3.0
67,-55.60784605555625,7,18,3.0
68,-45.26747075514195,8,17,3.0
69,-45.8208738297351,8,17,3.0
70,-45.13906425710305,8,17,3.0
71,-65.4485413223225,6,19,3.0
72,-45.81335032220824,8,17,3.0
73,-45.187726525357526,8,17,3.0
74,-66.16070536123176,6,19,3.0
75,-46.46564554788195,8,17,3.0
76,-36.60290240419484,9,16,3.0
77,-65.17129223577132,6,19,3.0
78,-45.5647854404542,8,17,3.0
79,-46.06068164901994,8,17,3.0
80,-35.80652571754488,9,16,3.0
81,-45.315869545239465,8,17,3.0
82,-35.572281416713786,9,16,3.0
83,-46.05998085877398,8,17,3.0
84,-25.369726920430395,10,15,3.0
85,-45.5907334767341,8,17,3.0
86,-35.41937215965086,9,16,3.0
87,-57.150548518965664,7,18,3.0
88,-66.84362055641677,6,19,3.0
89,-46.508739569585764,8,17,3.0
90,-37.19561077272315,9,16,3.0
91,-26.4461689929036,10,15,3.0
92,-36.09565005050871,9,16,3.0
93,-46.3009691663329,8,17,3.0
94,-45.27615158556308,8,17,3.0
95,-24.666503249619453,10,15,3.0
96,-34.893337737836255,9,16,3.0
97,-15.146633878648352,11,14,3.0
98,-74.80193971624992,5,20,3.0
99,-47.15160870489788,8,17,3.0
100,-14.930225438576663,11,14,3.0
101,-16.693676621670097,11,14,3.0
102,-35.353643459834394,9,16,3.0
103,-13.864175739512486,11,14,3.0
104,-24.78937577459101,10,15,3.0
105,-35.36914092682561,9,16,3.0
106,-14.15472052670332,11,14,3.0
107,-36.00668643278827,9,16,3.0
108,-46.02934517892513,8,17,3.0
109,-74.51277711015906,5,20,3.0
110,-24.669014753061074,10,15,3.0
111,-35.23649138854224,9,16,3.0
112,-35.60584014429935,9,16,3.0
113,-25.620740525279594,10,15,3.0
114,-46.29849950311388,8,17,3.0
115,-66.22615071440818,6,19,3.0
116,-26.548259322299824,10,15,3.0
117,-65.35170395207152,6,19,3.0
118,-25.950739757266174,10,15,3.0
119,-24.87349259267568,10,15,3.0
120,-35.89605339856511,9,16,3.0
121,-14.879515623719602,11,14,3.0
122,-55.69659827834415,7,18,3.0
123,-26.3374377489829,10,15,3.0
124,-65.19164055547384,6,19,3.0
125,-25.974415722328104,10,15,3.0
126,-55.50281926882339,7,18,3.0
127,-46.700186455974105,8,17,3.0
128,-15.860534129262941,11,14,3.0
129,-45.985783991124755,8,17,3.0
130,-35.007850090853,9,16,3.0
131,-55.970238495813675,7,18,3.0
132,-46.843097480881845,8,17,3.0
133,-34.90213595080043,9,16,3.0
134,-16.68918871751841,11,14,3.0
135,-26.107478977269526,10,15,3.0
136,-16.516094907921303,11,14,3.0
137,-34.93470346793887,9,16,3.0
138,-26.478937370407852,10,15,3.0
139,-25.31684809091509,10,15,3.0
140,-56.66913261731011,7,18,3.0
141,-5.576915941086684,12,13,3.0
142,-57.005103407289674,7,18,3.0
143,-55.2707557940913,7,18,3.0
144,-25.93481371026074,10,15,3.0
145,-45.287539448622645,8,17,3.0
146,-55.85690857571564,7,18,3.0
147,-45.29061854349152,8,17,3.0
148,-46.087376573853575,8,17,3.0
149,-55.71887734509145,7,18,3.0
150,-5.846154198686703,12,13,3.0
151,-53.73999941844385,7,18,3.0
152,-35.99760801484232,9,16,3.0
153,-46.50045547525912,8,17,3.0
154,-5.343087180440407,12,13,3.0
155,-45.526324433453226,8,17,3.0
156,-54.842266426195444,7,18,3.0
157,-57.23741939451418,7,18,3.0
158,-35.856689686959974,9,16,3.0
159,-46.02837600879341,8,17,3.0
160,-34.97320371381794,9,16,3.0
161,-46.463290486547976,8,17,3.0
162,-16.076349293863856,11,14,3.0
163,-16.032219376847294,11,14,3.0
164,-24.580073663845546,10,15,3.0
165,-25.523513020213866,10,15,3.0
166,-26.63641069175345,10,15,3.0
167,-36.37831292220518,9,16,3.0
168,-35.552270440233876,9,16,3.0
169,-45.23397386842044,8,17,3.0
170,-36.05957461465217,9,16,3.0
171,-54.95213811811156,7,18,3.0
172,-26.357165527922206,10,15,3.0
173,-25.497744243886984,10,15,3.0
174,-36.17700378008702,9,16,3.0
175,-45.309033362219566,8,17,3.0
176,-45.54157057433076,8,17,3.0
177,-45.84676951995258,8,17,3.0
178,-25.60599752769826,10,15,3.0
179,-6.127117361345457,12,13,3.0
180,-25.51092418206997,10,15,3.0
181,-26.123895874048248,10,15,3.0
182,-64.3128628978106,6,19,3.0
183,-16.194991383687714,11,14,3.0
184,-16.6663650867565,11,14,3.0
185,-25.592614271598656,10,15,3.0
186,-4.760142280295397,12,13,3.0
187,-36.00052275679914,9,16,3.0
188,-36.768981341827654,9,16,3.0
189,-45.48092269446768,8,17,3.0
190,-36.60183103640112,9,16,3.0
191,-54.956905688379926,7,18,3.0
192,-35.85337128857375,9,16,3.0
193,-25.747899562906102,10,15,3.0
194,-45.59835084724863,8,17,3.0
195,-45.333345827885495,8,17,3.0
196,-26.71997250907708,10,15,3.0
197,-45.275872407898746,8,17,3.0
198,-25.228583529327715,10,15,3.0
199,-46.705095603897206,8,17,3.0
200,-25.18174928202512,10,15,3.0
201,-34.85338164542763,9,16,3.0
202,-46.50502124821359,8,17,3.0
203,-16.51367640532051,11,14,3.0
204,-46.291933064799416,8,17,3.0
205,-26.004224907812734,10,15,3.0
206,-35.72566062236214,9,16,3.0
207,-35.62285512298079,9,16,3.0
208,-36.54921524194303,9,16,3.0
209,-27.35258827504488,10,15,3.0
210,-26.220701872746613,10,15,3.0
211,-35.662226045956345,9,16,3.0
212,-26.70200489623732,10,15,3.0
213,-26.672044250821926,10,15,3.0
214,-46.299653124129534,8,17,3.0
215,-36.018639480408844,9,16,3.0
216,-66.88632651532396,6,19,3.0
217,-6.430801205882833,12,13,3.0
218,-17.0236441009422,11,14,3.0
219,-34.5808333819783,9,16,3.0
220,-35.82373019944943,9,16,3.0
221,-37.083923002271206,9,16,3.0
222,-45.20984227570979,8,17,3.0
223,-36.274905584986115,9,16,3.0
224,-45.37538184667427,8,17,3.0
225,-35.61895014700736,9,16,3.0
226,-25.655472476906525,10,15,3.0
227,-35.73093217982701,9,16,3.0
228,-27.216806159948042,10,15,3.0
229,-55.38243203799062,7,18,3.0
230,-26.669293812613162,10,15,3.0
231,-15.60452628224231,11,14,3.0
232,-16.55055634617743,11,14,3.0
233,-26.21737022403395,10,15,3.0
234,-45.643408725691465,8,17,3.0
235,-56.43506671256757,7,18,3.0
236,-15.006563468896257,11,14,3.0
237,-36.50667525482996,9,16,3.0
238,-45.58265972624024,8,17,3.0
239,-35.72478517768256,9,16,3.0
240,-24.957494743324958,10,15,3.0
241,-5.952577723499657,12,13,3.0
242,-36.12767814777888,9,16,3.0
243,-16.707845000268865,11,14,3.0
244,-25.92718819453352,10,15,3.0
245,-7.104153426072168,12,13,3.0
246,-35.928078743989964,9,16,3.0
247,-16.80810689709702,11,14,3.0
248,-45.25389255882684,8,17,3.0
249,-17.080110130634793,11,14,3.0
250,-26.118654018928712,10,15,3.0
251,-34.713220980024644,9,16,3.0
252,-24.84323033465071,10,15,3.0
253,-36.48581084013858,9,16,3.0
254,-25.41125287094534,10,15,3.0
255,-16.285845937452194,11,14,3.0
256,-14.806527596518373,11,14,3.0
257,-46.38537167329438,8,17,3.0
258,-35.46797404688824,9,16,3.0
259,-14.751708863644021,11,14,3.0
260,-14.972535735284596,11,14,3.0
261,-34.71307967776046,9,16,3.0
262,-26.282368272264193,10,15,3.0
263,-16.969572974389596,11,14,3.0
264,-15.22483135659929,11,14,3.0
265,-26.569645118598864,10,15,3.0
266,-47.73332349392718,8,17,3.0
267,-16.352683927832103,11,14,3.0
268,-16.58029463128593,11,14,3.0
269,-24.727921413185353,10,15,3.0
270,-46.86973385517007,8,17,3.0
271,-27.32652121860938,10,15,3.0
272,-26.574906321896645,10,15,3.0
273,-47.09119811066512,8,17,3.0
274,-16.31271938564953,11,14,3.0
275,-5.681273470311901,12,13,3.0
276,-36.18276262053549,9,16,3.0
277,-16.283962673240794,11,14,3.0
278,-26.407086466142975,10,15,3.0
279,-25.846265308146453,10,15,3.0
280,-16.264948153757455,11,14,3.0
281,-36.11059462164782,9,16,3.0
282,-45.21141806809993,8,17,3.0
283,-26.069897383158963,10,15,3.0
284,-36.209241175842095,9,16,3.0
285,-6.381653068878691,12,13,3.0
286,-34.719781673204494,9,16,3.0
287,-5.466229895216509,12,13,3.0
288,-46.06448628540687,8,17,3.0
289,-14.94650413730864,11,14,3.0
290,-35.99474111114784,9,16,3.0
291,-47.02778147344164,8,17,3.0
292,-35.52855396885809,9,16,3.0
293,-44.9373439856974,8,17,3.0
294,-16.128723318541414,11,14,3.0
295,-26.02780084124206,10,15,3.0
296,-36.03628251501253,9,16,3.0
297,-45.97457244722911,8,17,3.0
298,-4.872723824252802,12,13,3.0
299,-26.801702640123473,10,15,3.0
300,-46.6208616234495,8,17,3.0
301,-36.58721491606708,9,16,3.0
302,-16.10171501932392,11,14,3.0
303,-16.127128848044645,11,14,3.0
304,-16.307939577571318,11,14,3.0
305,-26.358182626432004,10,15,3.0
306,-45.53563530553741,8,17,3.0
307,-6.169253087026587,12,13,3.0
308,-5.7271784857768395,12,13,3.0
309,-14.997011438617719,11,14,3.0
310,-35.300446386265335,9,16,3.0
311,-34.95025437909708,9,16,3.0
312,-35.54547865669118,9,16,3.0
313,-15.118348666160003,11,14,3.0
314,-55.24704045437456,7,18,3.0
315,-24.85032541186264,10,15,3.0
316,-45.67998642649727,8,17,3.0
317,-25.735375100532725,10,15,3.0
318,-66.11865207538983,6,19,3.0
319,-16.299287071412063,11,14,3.0
320,-45.57716361205623,8,17,3.0
321,-7.130948626315426,12,13,3.0
322,-16.94235502174528,11,14,3.0
323,-14.85884585890067,11,14,3.0
324,-35.7112430332306,9,16,3.0
325,-46.25287649165835,8,17,3.0
326,-24.673523538389993,10,15,3.0
327,-37.02786309063502,9,16,3.0
328,-26.50046598976897,10,15,3.0
329,-36.827038036836235,9,16,3.0
330,-35.70447675986199,9,16,3.0
331,-37.299337447106794,9,16,3.0
332,-36.16959856643102,9,16,3.0
333,-16.75310674188836,11,14,3.0
334,-36.720019263111254,9,16,3.0
335,-34.048749964236805,9,16,3.0
336,-16.024643559530496,11,14,3.0
337,-16.167723385890046,11,14,3.0
338,-16.39199941549811,11,14,3.0
339,-25.425952999832504,10,15,3.0
340,-35.528460632666935,9,16,3.0
341,-36.172433849393755,9,16,3.0
342,-46.07519652857242,8,17,3.0
343,-25.91621101326173,10,15,3.0
344,-35.506828906457116,9,16,3.0
345,-36.00949627844432,9,16,3.0
346,-55.703663175254256,7,18,3.0
347,-35.85409710582343,9,16,3.0
348,-26.655511446287015,10,15,3.0
349,-25.674430424474046,10,15,3.0
350,-6.767651144066033,12,13,3.0
351,-46.91050682340299,8,17,3.0
352,-5.175474751245494,12,13,3.0
353,4.311703498867221,13,12,3.0
354,-25.683514434072425,10,15,3.0
355,-4.625270131610871,12,13,3.0
356,-27.436240652836517,10,15,3.0
357,-55.385753930757,7,18,3.0
358,-25.67434315500431,10,15,3.0
359,-15.877371404818389,11,14,3.0
360,-25.491760034573332,10,15,3.0
361,-15.870379367653573,11,14,3.0
362,-25.019605954975326,10,15,3.0
363,-16.307832934470845,11,14,3.0
364,-35.689565784945096,9,16,3.0
365,-37.4595066939616,9,16,3.0
366,-16.13568318700194,11,14,3.0
367,-27.84133557117329,10,15,3.0
368,-16.998941927940376,11,14,3.0
369,-24.954305990733893,10,15,3.0
370,-25.657914463950092,10,15,3.0
371,-36.39893841407895,9,16,3.0
372,-16.285153652147088,11,14,3.0
373,-46.18737960554404,8,17,3.0
374,-26.11882675678621,10,15,3.0
375,-25.14794630880984,10,15,3.0
376,-56.87241257588905,7,18,3.0
377,-55.258374176113676,7,18,3.0
378,3.1765404599630624,13,12,3.0
379,-15.56120979753911,11,14,3.0
380,-5.2321040225556725,12,13,3.0
381,15.40039801108157,14,11,3.0
382,-26.03284001880527,10,15,3.0
383,-16.54540165335204,11,14,3.0
384,-16.28538753682396,11,14,3.0
385,-6.233956627654276,12,13,3.0
386,-46.43579640271857,8,17,3.0
387,-26.081550453660753,10,15,3.0
388,-16.605717898552093,11,14,3.0
389,-6.552233008322398,12,13,3.0
390,14.214972935567609,14,11,3.0
391,-35.68749431349089,9,16,3.0
392,-35.957066664378665,9,16,3.0
393,-16.290132113717775,11,14,3.0
394,-5.334989475983385,12,13,3.0
395,13.925447990882244,14,11,3.0
396,-66.56884726982804,6,19,3.0
397,-46.23735256549225,8,17,3.0
398,-25.758850765582434,10,15,3.0
399,-26.421958232162794,10,15,3.0
400,-5.78358352063418,12,13,3.0
401,-26.32192472297862,10,15,3.0
402,-16.392489238421458,11,14,3.0
403,-15.770817302825327,11,14,3.0
404,-25.26757497488193,10,15,3.0
405,-46.307561319322616,8,17,3.0
406,-16.245504018873554,11,14,3.0
407,-26.812506500635095,10,15,3.0
408,-27.632528750612593,10,15,3.0
409,-27.327915461643073,10,15,3.0
410,-26.457977996210317,10,15,3.0
411,-46.34018403919667,8,17,3.0
412,-15.055713680182908,11,14,3.0
413,-47.25249558843182,8,17,3.0
414,-6.001550698512676,12,13,3.0
415,-5.47904873055691,12,13,3.0
416,-5.21289342600124,12,13,3.0
417,5.155834366770628,13,12,3.0
418,-25.290625676809398,10,15,3.0
419,-5.470381382429391,12,13,3.0
420,-35.482561178304756,9,16,3.0
421,-25.109806736233416,10,15,3.0
422,-14.016936950768791,11,14,3.0
423,-55.90966651867521,7,18,3.0
424,-46.4197033228661,8,17,3.0
425,-25.517709389391005,10,15,3.0
426,-35.791393006464034,9,16,3.0
427,-5.9904388483378845,12,13,3.0
428,-26.537083032379602,10,15,3.0
429,-26.127108572875315,10,15,3.0
430,-16.869552081199643,11,14,3.0
431,-44.819553136458836,8,17,3.0
432,-6.498087232581052,12,13,3.0
433,-35.671821496160135,9,16,3.0
434,-4.804387031556666,12,13,3.0
435,-15.591318964225616,11,14,3.0
436,-24.323663532554782,10,15,3.0
437,-16.037835541072077,11,14,3.0
438,-25.690740295947876,10,15,3.0
439,-14.778533296792688,11,14,3.0
440,-25.262381086112654,10,15,3.0
441,-25.594039303693428,10,15,3.0
442,-6.693975755311643,12,13,3.0
443,-47.26716294583496,8,17,3.0
444,-36.979445736322674,9,16,3.0
445,-25.73311587040572,10,15,3.0
446,-15.175974479916718,11,14,3.0
447,-36.01931790463178,9,16,3.0
448,-26.371619222303416,10,15,3.0
449,-26.521226589418625,10,15,3.0
450,-7.151491981521844,12,13,3.0
451,-15.517278180007692,11,14,3.0
452,-26.301197556321824,10,15,3.0
453,-16.50404958670285,11,14,3.0
454,-15.054915396079338,11,14,3.0
455,-35.68874264380787,9,16,3.0
456,-15.722023442809833,11,14,3.0
457,-36.8565040096127,9,16,3.0
458,-17.184351818692228,11,14,3.0
459,-26.478220324167147,10,15,3.0
460,-25.2658311217333,10,15,3.0
461,-5.4052480747629685,12,13,3.0
462,-5.500651228960535,12,13,3.0
463,-16.710526466998914,11,14,3.0
464,-25.60481366978572,10,15,3.0
465,-16.526528189226728,11,14,3.0
466,-16.13392722746638,11,14,3.0
467,-26.377946747309245,10,15,3.0
468,-15.481050880285526,11,14,3.0
469,-16.032426802452232,11,14,3.0
470,-15.407167414667166,11,14,3.0
471,-25.988338268840312,10,15,3.0
472,-24.716388896087036,10,15,3.0
473,-6.544723827017185,12,13,3.0
474,-14.876580723199721,11,14,3.0
475,3.3185306244155797,13,12,3.0
476,-6.079156187749887,12,13,3.0
477,-17.190560624105984,11,14,3.0
478,-35.68866420522242,9,16,3.0
479,-15.694769506706248,11,14,3.0
480,-26.92594934667494,10,15,3.0
481,2.812327662487432,13,12,3.0
482,-5.35302114505718,12,13,3.0
483,-25.927837988984656,10,15,3.0
484,-17.180573970019637,11,14,3.0
485,-5.494683761132737,12,13,3.0
486,-26.377280500725384,10,15,3.0
487,-16.341416896510133,11,14,3.0
488,-16.608271678084343,11,14,3.0
489,-16.904439779659313,11,14,3.0
490,-4.641401950800713,12,13,3.0
491,-24.701752323757535,10,15,3.0
492,-16.402359829120993,11,14,3.0
493,-26.94093989189255,10,15,3.0
494,-7.217214953360158,12,13,3.0
495,-25.70736777914643,10,15,3.0
496,-16.058289793977444,11,14,3.0
497,-15.940544567025347,11,14,3.0
498,-5.341885762446877,12,13,3.0
499,-25.812232490948958,10,15,3.0
500,-25.29345892440088,10,15,3.0
501,-16.765391100231632,11,14,3.0
502,-16.36269202540035,11,14,3.0
503,-16.30599701175273,11,14,3.0
504,-5.287346378485573,12,13,3.0
505,-5.840915309278655,12,13,3.0
506,-5.148204072412719,12,13,3.0
507,-15.375115426565763,11,14,3.0
508,-6.423168001421567,12,13,3.0
509,-5.399329245304,12,13,3.0
510,4.160815206053508,13,12,3.0
511,-26.964700037887802,10,15,3.0
512,-4.878156552048553,12,13,3.0
513,-6.075806977791818,12,13,3.0
514,-26.60988253457242,10,15,3.0
515,-5.996721961017952,12,13,3.0
516,4.3148580337091555,13,12,3.0
517,-15.920921491806979,11,14,3.0
518,-5.935649142103227,12,13,3.0
519,-26.250578735312168,10,15,3.0
520,-27.205414264671607,10,15,3.0
521,-26.354058384132085,10,15,3.0
522,2.9549211267522963,13,12,3.0
523,-16.296951940713825,11,14,3.0
524,-25.989741420966467,10,15,3.0
525,-26.391472622295325,10,15,3.0
526,-36.96934526948332,9,16,3.0
527,-26.97353343498597,10,15,3.0
528,-6.3642647950542095,12,13,3.0
529,-5.360243917326304,12,13,3.0
530,-6.8603675058901885,12,13,3.0
531,-25.91172728546797,10,15,3.0
532,-6.7098009231657025,12,13,3.0
533,-6.4852003403670215,12,13,3.0
534,3.728042003050888,13,12,3.0
535,-15.906000966800512,11,14,3.0
536,-45.43305815253627,8,17,3.0
537,3.3030827037581414,13,12,3.0
538,3.7565809901005585,13,12,3.0
539,-15.957595711744927,11,14,3.0
540,-6.06103988685333,12,13,3.0
541,3.4869360778585676,13,12,3.0
542,-5.842043630732827,12,13,3.0
543,-26.84495581893912,10,15,3.0
544,-7.050973776569132,12,13,3.0
545,-26.294633689732592,10,15,3.0
546,-6.39475772302338,12,13,3.0
547,-25.901803744804504,10,15,3.0
548,-26.43099418545569,10,15,3.0
549,2.865418126968211,13,12,3.0
550,-4.888888511445782,12,13,3.0
551,-6.607505554145961,12,13,3.0
552,4.75557273653127,13,12,3.0
553,-15.760840313535372,11,14,3.0
554,-16.820959263589074,11,14,3.0
555,3.124132209152476,13,12,3.0
556,-7.101813142097059,12,13,3.0
557,-6.54981976568062,12,13,3.0
558,-25.75968193310756,10,15,3.0
559,-35.617703086325335,9,16,3.0
560,-16.952285148402662,11,14,3.0
561,-16.30040172856562,11,14,3.0
562,-5.52875367806135,12,13,3.0
563,-36.09798899048182,9,16,3.0
564,3.2937493785503635,13,12,3.0
565,2.6954366699703076,13,12,3.0
566,-25.848364182502003,10,15,3.0
567,-6.61417124437865,12,13,3.0
568,3.491801171723125,13,12,3.0
569,-7.032552727592472,12,13,3.0
570,-16.15643116473979,11,14,3.0
571,-6.583455504842687,12,13,3.0
572,-6.395118140823506,12,13,3.0
573,2.956844509976479,13,12,3.0
574,3.835615744570637,13,12,3.0
575,-17.01462922358985,11,14,3.0
576,3.504765040185077,13,12,3.0
577,-16.14622835552649,11,14,3.0
578,-5.427371663630456,12,13,3.0
579,-6.541344714983763,12,13,3.0
580,-5.925382632421565,12,13,3.0
581,-16.632014462749638,11,14,3.0
582,3.615469003727389,13,12,3.0
583,-17.08410242303517,11,14,3.0
584,-4.729848305136967,12,13,3.0
585,-7.4290174315191635,12,13,3.0
586,3.858659273317695,13,12,3.0
587,2.6005858355847935,13,12,3.0
588,-16.559271471545834,11,14,3.0
589,-5.760584565721527,12,13,3.0
590,3.5247198314114128,13,12,3.0
591,-36.0642810458809,9,16,3.0
592,-15.348659308224727,11,14,3.0
593,4.432103894900793,13,12,3.0
594,21.81926906400143,15,10,3.0
595,-45.44884796068394,8,17,3.0
596,-15.947856636831956,11,14,3.0
597,-5.537402277449514,12,13,3.0
598,-7.189114375703017,12,13,3.0
599,-15.661744798682433,11,14,3.0
600,2.8210380320962285,13,12,3.0
601,-7.130540067843677,12,13,3.0
602,-17.90302049402138,11,14,3.0
603,14.098556757186477,14,11,3.0
604,-26.73523745553056,10,15,3.0
605,-6.995956014309877,12,13,3.0
606,-6.294846830445003,12,13,3.0
607,-6.21158015010092,12,13,3.0
608,-25.62297557664641,10,15,3.0
609,-6.678064341717768,12,13,3.0
610,-15.81375892356317,11,14,3.0
611,3.3555617213130873,13,12,3.0
612,-7.841079998814093,12,13,3.0
613,-6.927952269003096,12,13,3.0
614,2.9144375821237034,13,12,3.0
615,-16.173355329586204,11,14,3.0
616,-26.54138012993699,10,15,3.0
617,-16.781650815331158,11,14,3.0
618,-6.44654976692194,12,13,3.0
619,13.942281966801254,14,11,3.0
620,2.124530053860087,13,12,3.0
621,-8.762100736036471,12,13,3.0
622,-6.557884748775775,12,13,3.0
623,2.835222443245099,13,12,3.0
624,-6.88328499742013,12,13,3.0
625,3.9191646596019423,13,12,3.0
626,13.29358443509685,14,11,3.0
627,4.103362820423063,13,12,3.0
628,-15.262631406912357,11,14,3.0
629,-36.519105930649374,9,16,3.0
630,-16.270691703422994,11,14,3.0
631,3.7987477272447947,13,12,3.0
632,-5.840143221381968,12,13,3.0
633,-17.0266808340609,11,14,3.0
634,-24.9049474607492,10,15,3.0
635,-6.648403107656095,12,13,3.0
636,5.179656394667631,13,12,3.0
637,-16.35542203325488,11,14,3.0
638,-16.47422489096563,11,14,3.0
639,-5.94510960175999,12,13,3.0
640,-17.447867927062568,11,14,3.0
641,3.484320590710557,13,12,3.0
642,-6.374699272865836,12,13,3.0
643,-6.573147900210204,12,13,3.0
644,-16.525374600477484,11,14,3.0
645,-15.267086759839852,11,14,3.0
646,-25.30871254047904,10,15,3.0
647,-25.1247936979793,10,15,3.0
648,-26.185701515448425,10,15,3.0
649,-17.683697778559896,11,14,3.0
650,-6.557024852530937,12,13,3.0
651,-6.286159768374743,12,13,3.0
652,-5.716340475653512,12,13,3.0
653,3.6625211848781793,13,12,3.0
654,-5.981188853289305,12,13,3.0
655,-5.4952689075566585,12,13,3.0
656,-17.051183285271833,11,14,3.0
657,-15.989476176980267,11,14,3.0
658,-17.16964179359916,11,14,3.0
659,-7.782204765557848,12,13,3.0
660,-15.822821304715113,11,14,3.0
661,4.195182658311239,13,12,3.0
662,3.947301143692524,13,12,3.0
663,3.6263015276171604,13,12,3.0
664,-5.382217429408733,12,13,3.0
665,-6.600933955896357,12,13,3.0
666,3.6036572226654613,13,12,3.0
667,-27.003645819494082,10,15,3.0
668,-17.06130314738877,11,14,3.0
669,-16.975535432219694,11,14,3.0
670,-16.767779939024315,11,14,3.0
671,-6.331119878328781,12,13,3.0
672,-7.244522938781974,12,13,3.0
673,-5.460084063307967,12,13,3.0
674,-15.982442781844572,11,14,3.0
675,2.968801230192576,13,12,3.0
676,-5.957536990062876,12,13,3.0
677,-36.12257909487612,9,16,3.0
678,2.2528130696494753,13,12,3.0
679,2.3832633258755362,13,12,3.0
680,13.860735972029449,14,11,3.0
681,-26.96628071332454,10,15,3.0
682,2.9852973314990443,13,12,3.0
683,-26.306678709672084,10,15,3.0
684,-6.67929293127838,12,13,3.0
685,3.7936904126134365,13,12,3.0
686,-6.352934239189171,12,13,3.0
687,-7.021639202056008,12,13,3.0
688,4.294081696523208,13,12,3.0
689,-6.941496350376166,12,13,3.0
690,4.7837754351179935,13,12,3.0
691,-7.40573666659756,12,13,3.0
692,-6.303805968515652,12,13,3.0
693,-16.78973230513914,11,14,3.0
694,-17.033211344753916,11,14,3.0
695,-26.235912537063605,10,15,3.0
696,3.392091567586858,13,12,3.0
697,3.47231842859964,13,12,3.0
698,-26.811509531704775,10,15,3.0
699,3.866050609186024,13,12,3.0
700,3.631025590362988,13,12,3.0
701,-7.251301819149914,12,13,3.0
702,-7.43674694693707,12,13,3.0
703,-16.469755173686938,11,14,3.0
704,3.1242400370203054,13,12,3.0
705,-17.00362744635073,11,14,3.0
706,3.387104615178165,13,12,3.0
707,3.943919305612569,13,12,3.0
708,-16.38253164190126,11,14,3.0
709,3.914815275104554,13,12,3.0
710,-6.9594610466901425,12,13,3.0
711,-27.22413261806473,10,15,3.0
712,-6.976926186851354,12,13,3.0
713,-26.708271745807586,10,15,3.0
714,1.9852550456598888,13,12,3.0
715,-26.718637244573713,10,15,3.0
716,-6.572730011007373,12,13,3.0
717,-16.02496239770252,11,14,3.0
718,-26.663575418575043,10,15,3.0
719,-15.938033855240379,11,14,3.0
720,-28.33046527363473,10,15,3.0
721,2.9788519300395837,13,12,3.0
722,23.982554252104222,15,10,3.0
723,-6.434177697306126,12,13,3.0
724,4.883267935356061,13,12,3.0
725,-7.323654806386002,12,13,3.0
726,-7.859600428772083,12,13,3.0
727,-27.80748515365206,10,15,3.0
728,-16.44560777995038,11,14,3.0
729,3.0737982440898843,13,12,3.0
730,13.462650980822936,14,11,3.0
731,-5.799682744451504,12,13,3.0
732,3.7884588984626055,13,12,3.0
733,3.4063099592429715,13,12,3.0
734,3.7951324495324403,13,12,3.0
735,-17.298683011074246,11,14,3.0
736,-16.806595597343918,11,14,3.0
737,4.026024742394183,13,12,3.0
738,3.0547394592786343,13,12,3.0
739,13.970537748368635,14,11,3.0
740,-8.082319842938322,12,13,3.0
741,3.1653748023895414,13,12,3.0
742,-15.77542346268743,11,14,3.0
743,3.1587081475036385,13,12,3.0
744,-16.929676426743935,11,14,3.0
745,-17.532234127750463,11,14,3.0
746,14.26927930377497,14,11,3.0
747,-6.933298487391744,12,13,3.0
748,-7.933638478441722,12,13,3.0
749,3.6159170604722597,13,12,3.0
750,13.234101632747,14,11,3.0
751,-15.155986692129167,11,14,3.0
752,12.901173522837084,14,11,3.0
753,12.573081079576763,14,11,3.0
754,3.4313871515244836,13,12,3.0
755,3.9260659401220037,13,12,3.0
756,14.367377123010371,14,11,3.0
757,-16.303898152478837,11,14,3.0
758,3.3679240431988537,13,12,3.0
759,-7.24696336042321,12,13,3.0
760,3.777212643211295,13,12,3.0
761,-16.217266956267476,11,14,3.0
762,-7.25206189455529,12,13,3.0
763,-5.115391550254181,12,13,3.0
764,-7.286756662301188,12,13,3.0
765,-6.869899957173747,12,13,3.0
766,-6.016518519551752,12,13,3.0
767,13.461817471779549,14,11,3.0
768,-16.830155946940444,11,14,3.0
769,-27.2366345746103,10,15,3.0
770,-14.958572862366688,11,14,3.0
771,-26.260560368784205,10,15,3.0
772,13.553490295848967,14,11,3.0
773,-5.378897924955318,12,13,3.0
774,-6.344422564145276,12,13,3.0
775,3.7177655497989957,13,12,3.0
776,-7.3498902709192375,12,13,3.0
777,13.790620814454385,14,11,3.0
778,-18.476250019337247,11,14,3.0
779,3.538666009570038,13,12,3.0
780,-7.066609465585054,12,13,3.0
781,-6.535191233019119,12,13,3.0
782,-7.1314196256046465,12,13,3.0
783,-6.921873780084343,12,13,3.0
784,14.53356429973622,14,11,3.0
785,-6.063766598072638,12,13,3.0
786,-16.36308373479592,11,14,3.0
787,4.486716644129222,13,12,3.0
788,2.1384456463341763,13,12,3.0
789,3.1816176323635124,13,12,3.0
790,-17.80819503980291,11,14,3.0
791,-17.020241409523273,11,14,3.0
792,-27.16197158365761,10,15,3.0
793,3.020248584234423,13,12,3.0
794,2.0598106698376575,13,12,3.0
795,13.26861736842958,14,11,3.0
796,2.9191043080422974,13,12,3.0
797,-6.937941944931736,12,13,3.0
798,-7.224133240333273,12,13,3.0
799,-6.161524405132618,12,13,3.0
800,-16.836583964426488,11,14,3.0
801,-26.439888490739502,10,15,3.0
802,-6.995378175594202,12,13,3.0
803,-16.733410766182597,11,14,3.0
804,-7.374268283874024,12,13,3.0
805,13.498734190790055,14,11,3.0
806,2.885362343332013,13,12,3.0
807,-6.48294086371777,12,13,3.0
808,4.157552904165742,13,12,3.0
809,2.288831632582003,13,12,3.0
810,23.769327681305867,15,10,3.0
811,3.2860044798732995,13,12,3.0
812,-7.023383301395123,12,13,3.0
813,-16.898539169328515,11,14,3.0
814,-16.687711788753326,11,14,3.0
815,-17.105797947623607,11,14,3.0
816,4.528087950259234,13,12,3.0
817,4.14601415051346,13,12,3.0
818,-15.473026231526537,11,14,3.0
819,-5.464217628806044,12,13,3.0
820,3.1593842985470593,13,12,3.0
821,12.662287426169382,14,11,3.0
822,-4.897120358679315,12,13,3.0
823,-6.533720664363443,12,13,3.0
824,3.7385823206799724,13,12,3.0
825,-16.42262595472127,11,14,3.0
826,-26.703097977102455,10,15,3.0
827,-5.925830349437124,12,13,3.0
828,4.031240705738669,13,12,3.0
829,-16.17258552503358,11,14,3.0
830,3.9475147390674445,13,12,3.0
831,13.480949218432954,14,11,3.0
832,-16.373339955605953,11,14,3.0
833,4.227653789887871,13,12,3.0
834,-16.62329986661098,11,14,3.0
835,-15.883372155040377,11,14,3.0
836,-18.445412285138794,11,14,3.0
837,-16.27927777991215,11,14,3.0
838,-6.479249827344584,12,13,3.0
839,-16.035570843341127,11,14,3.0
840,-17.658598551483568,11,14,3.0
841,3.457247547402151,13,12,3.0
842,-6.664132803120742,12,13,3.0
843,-17.150731688802214,11,14,3.0
844,4.46373020573294,13,12,3.0
845,13.778351217414752,14,11,3.0
846,3.3458852241102495,13,12,3.0
847,3.1788614819978793,13,12,3.0
848,-6.857668441932139,12,13,3.0
849,-6.874999567683951,12,13,3.0
850,-6.349068308391623,12,13,3.0
851,3.9160596261451417,13,12,3.0
852,3.9204027380945563,13,12,3.0
853,3.949820656502845,13,12,3.0
854,2.204586621301815,13,12,3.0
855,4.468308584695814,13,12,3.0
856,3.889985896277162,13,12,3.0
857,-5.884464776869722,12,13,3.0
858,-5.708522661011626,12,13,3.0
859,-6.661191626897901,12,13,3.0
860,3.7937713896395415,13,12,3.0
861,-5.046939297144489,12,13,3.0
862,-15.849059049490984,11,14,3.0
863,4.6411814609495305,13,12,3.0
864,-6.492268213761124,12,13,3.0
865,13.261699160303559,14,11,3.0
866,-6.529869788660264,12,13,3.0
867,-17.347693304816445,11,14,3.0
868,-36.2187280105295,9,16,3.0
869,-7.694778305129165,12,13,3.0
870,-16.429580823731325,11,14,3.0
871,-6.7578858255431005,12,13,3.0
872,14.108790963461018,14,11,3.0
873,-6.27535148369804,12,13,3.0
874,-5.73923185414984,12,13,3.0
875,-5.344488697262845,12,13,3.0
876,4.0318432658750645,13,12,3.0
877,4.233530950263894,13,12,3.0
878,2.9923030287891255,13,12,3.0
879,3.904429892418011,13,12,3.0
880,-16.285308748732948,11,14,3.0
881,-5.5563951276904255,12,13,3.0
882,-6.793190360435824,12,13,3.0
883,12.633331243928488,14,11,3.0
884,-5.381444658790943,12,13,3.0
885,3.876217624051603,13,12,3.0
886,-6.427249702868716,12,13,3.0
887,-7.339705889967867,12,13,3.0
888,-35.74652430194405,9,16,3.0
889,3.6655381940720613,13,12,3.0
890,-7.518168613286784,12,13,3.0
891,4.013697023742771,13,12,3.0
892,-6.535581327049711,12,13,3.0
893,14.766958783473116,14,11,3.0
894,3.590229332738908,13,12,3.0
895,-16.09322791499388,11,14,3.0
896,13.547262742714775,14,11,3.0
897,-5.603830531015424,12,13,3.0
898,4.002163051562195,13,12,3.0
899,3.7671897933876686,13,12,3.0
900,-17.112588875901135,11,14,3.0
901,-26.470878637932664,10,15,3.0
902,-7.354333435151672,12,13,3.0
903,14.158996612453095,14,11,3.0
904,12.17449171867634,14,11,3.0
905,-7.203917336319739,12,13,3.0
906,3.1146959305311537,13,12,3.0
907,4.03851129528377,13,12,3.0
908,13.426228149580243,14,11,3.0
909,-6.90622705370982,12,13,3.0
910,3.195377428222976,13,12,3.0
911,-5.803704703221804,12,13,3.0
912,24.006982988858113,15,10,3.0
913,14.16950644172849,14,11,3.0
914,4.322728036507087,13,12,3.0
915,3.4867388361313485,13,12,3.0
916,-5.493917310336465,12,13,3.0
917,-7.38161685118723,12,13,3.0
918,2.504650588081333,13,12,3.0
919,-5.71469243378081,12,13,3.0
920,-15.82047356137521,11,14,3.0
921,23.379610537609164,15,10,3.0
922,-6.227498669111818,12,13,3.0
923,-6.022872298656036,12,13,3.0
924,-6.96190774774146,12,13,3.0
925,-6.096975404285141,12,13,3.0
926,2.6456905979598906,13,12,3.0
927,13.006966995978026,14,11,3.0
928,-16.51236240585405,11,14,3.0
929,-6.818401092755063,12,13,3.0
930,-15.248807894015174,11,14,3.0
931,3.1906862704915673,13,12,3.0
932,13.676294512827676,14,11,3.0
933,-6.112217232584792,12,13,3.0
934,-7.317823316028812,12,13,3.0
935,13.858344603483896,14,11,3.0
936,3.539009972449329,13,12,3.0
937,4.024510721918899,13,12,3.0
938,-6.7940681915745,12,13,3.0
939,3.717329005246354,13,12,3.0
940,-7.656883743378458,12,13,3.0
941,-5.90550717507698,12,13,3.0
942,4.07517183993796,13,12,3.0
943,4.5585192940344115,13,12,3.0
944,12.257227855381005,14,11,3.0
945,2.846854689120706,13,12,3.0
946,13.071724830096205,14,11,3.0
947,3.171162778886865,13,12,3.0
948,13.542758451480823,14,11,3.0
949,-6.1664823267958555,12,13,3.0
950,-5.970584048283321,12,13,3.0
951,14.101827991539176,14,11,3.0
952,2.9966693799454465,13,12,3.0
953,3.746520718690726,13,12,3.0
954,-7.114297574867239,12,13,3.0
955,2.901413547696446,13,12,3.0
956,12.186797721639646,14,11,3.0
957,-6.900288924648708,12,13,3.0
958,-7.052874750614833,12,13,3.0
959,13.276702829381648,14,11,3.0
960,-18.12343692976394,11,14,3.0
961,3.4322700156328736,13,12,3.0
962,13.117523232765878,14,11,3.0
963,12.007442965590265,14,11,3.0
964,14.62825889728234,14,11,3.0
965,-26.870089786840893,10,15,3.0
966,12.708379722234735,14,11,3.0
967,13.942994568555793,14,11,3.0
968,-16.816176437197846,11,14,3.0
969,-6.646007455719575,12,13,3.0
970,-6.559202277712016,12,13,3.0
971,13.111413994999683,14,11,3.0
972,-16.75065247991111,11,14,3.0
973,3.2296434673164,13,12,3.0
974,-6.522742901570252,12,13,3.0
975,12.651019610439707,14,11,3.0
976,13.654263882832753,14,11,3.0
977,3.499895751109637,13,12,3.0
978,-6.97537598257385,12,13,3.0
979,13.135149173669967,14,11,3.0
980,3.5123310093380478,13,12,3.0
981,2.193752419697797,13,12,3.0
982,-6.888840806958815,12,13,3.0
983,-26.41429144267914,10,15,3.0
984,13.666777619800452,14,11,3.0
985,-16.246536955269093,11,14,3.0
986,12.586506788130961,14,11,3.0
987,-27.327863607012063,10,15,3.0
988,24.610856072148724,15,10,3.0
989,-5.892316163296603,12,13,3.0
990,-17.820513470730248,11,14,3.0
991,3.722910446860549,13,12,3.0
992,3.4229923739619608,13,12,3.0
993,2.4313870363970307,13,12,3.0
994,3.6927449616682555,13,12,3.0
995,12.546382467171727,14,11,3.0
996,-6.617829116147338,12,13,3.0
997,-6.857520148277871,12,13,3.0
998,3.390814255282838,13,12,3.0
999,4.325601321659514,13,12,3.0
1000,13.310636327394521,14,11,3.0
1001,3.6090980335721454,13,12,3.0
1002,3.3472505063591234,13,12,3.0
1003,-6.613858528169725,12,13,3.0
1004,14.311773745217426,14,11,3.0
1005,3.6673078364078613,13,12,3.0
1006,4.017946712200693,13,12,3.0
1007,14.314119158157718,14,11,3.0
1008,13.955403124332307,14,11,3.0
1009,2.3520411786325246,13,12,3.0
1010,2.6357361608770695,13,12,3.0
1011,-5.580119475254082,12,13,3.0
1012,13.608902287539923,14,11,3.0
1013,23.545206094253885,15,10,3.0
1014,-16.483354344605726,11,14,3.0
1015,-6.854662574125525,12,13,3.0
1016,2.367913773629005,13,12,3.0
1017,2.374082933618145,13,12,3.0
1018,-7.789325155224743,12,13,3.0
1019,-15.561928928541917,11,14,3.0
1020,3.258863030420253,13,12,3.0
1021,-6.643167216999238,12,13,3.0
1022,14.76915222716238,14,11,3.0
1023,-26.937803967093657,10,15,3.0
1024,13.821471854723605,14,11,3.0
1025,13.581871970028471,14,11,3.0
1026,-6.938340731161395,12,13,3.0
1027,2.695482170978062,13,12,3.0
1028,23.657043704456076,15,10,3.0
1029,13.849151593805725,14,11,3.0
1030,3.0880870228173585,13,12,3.0
1031,13.43670590176187,14,11,3.0
1032,3.2503963015620823,13,12,3.0
1033,13.704105770207464,14,11,3.0
1034,12.072644798408025,14,11,3.0
1035,-6.425935653700163,12,13,3.0
1036,13.539238435673155,14,11,3.0
1037,3.306788081122976,13,12,3.0
1038,-18.209923646450473,11,14,3.0
1039,13.805415208443101,14,11,3.0
1040,2.5905611994822104,13,12,3.0
1041,3.3397902319858908,13,12,3.0
1042,3.262651975424383,13,12,3.0
1043,-7.556666398171977,12,13,3.0
1044,3.494457188703068,13,12,3.0
1045,13.276613272480594,14,11,3.0
1046,13.271045008369162,14,11,3.0
1047,3.2540337513987616,13,12,3.0
1048,-7.961360559562925,12,13,3.0
1049,3.0297586291286818,13,12,3.0
1050,-27.812750189928074,10,15,3.0
1051,23.26121768813428,15,10,3.0
1052,2.8584562259276067,13,12,3.0
1053,3.596936660821193,13,12,3.0
1054,4.113677842949493,13,12,3.0
1055,4.4743322506482865,13,12,3.0
1056,4.217689454936066,13,12,3.0
1057,14.472244730258538,14,11,3.0
1058,-16.35467498356099,11,14,3.0
1059,3.877135119724124,13,12,3.0
1060,2.141675979180514,13,12,3.0
1061,12.88044969813603,14,11,3.0
1062,13.052984737681076,14,11,3.0
1063,-16.236550091506857,11,14,3.0
1064,13.48500650183632,14,11,3.0
1065,-7.123696937973291,12,13,3.0
1066,1.9051500868382139,13,12,3.0
1067,14.164153413211231,14,11,3.0
1068,2.275355578722623,13,12,3.0
1069,13.302768583646204,14,11,3.0
1070,-8.124095563627325,12,13,3.0
1071,13.357640123383533,14,11,3.0
1072,14.022284717416952,14,11,3.0
1073,3.4512030965339786,13,12,3.0
1074,-17.609184922478953,11,14,3.0
1075,3.054479407943136,13,12,3.0
1076,3.1065131503971806,13,12,3.0
1077,13.517618092872208,14,11,3.0
1078,1.9601142574051345,13,12,3.0
1079,4.039711540081384,13,12,3.0
1080,23.52961260905947,15,10,3.0
1081,3.278709400008431,13,12,3.0
1082,23.723988405196085,15,10,3.0
1083,-6.516112263877831,12,13,3.0
1084,-6.332187882604202,12,13,3.0
1085,4.198902274575076,13,12,3.0
1086,13.285857249626567,14,11,3.0
1087,3.629772393279385,13,12,3.0
1088,13.408718561342939,14,11,3.0
1089,4.1470629060090465,13,12,3.0
1090,4.215277279563352,13,12,3.0
1091,3.5631339703963487,13,12,3.0
1092,-7.108049823866354,12,13,3.0
1093,-7.551637379316119,12,13,3.0
1094,2.8829283289395686,13,12,3.0
1095,13.944268384390602,14,11,3.0
1096,2.9562450386880865,13,12,3.0
1097,-6.353470071725325,12,13,3.0
1098,-5.2770095584240835,12,13,3.0
1099,2.6822552618778523,13,12,3.0
1100,-16.341445976616455,11,14,3.0
1101,23.024174350046714,15,10,3.0
1102,22.56155827089842,15,10,3.0
1103,13.433288467685545,14,11,3.0
1104,-6.919267949430578,12,13,3.0
1105,22.99737158943166,15,10,3.0
1106,13.744713557425344,14,11,3.0
1107,13.495557633550348,14,11,3.0
1108,4.091110575276039,13,12,3.0
1109,3.8206400091631636,13,12,3.0
1110,2.4782086894864106,13,12,3.0
1111,14.090409726435563,14,11,3.0
1112,23.965230309705987,15,10,3.0
1113,4.0210311076790894,13,12,3.0
1114,-7.774210509769133,12,13,3.0
1115,12.96328417829223,14,11,3.0
1116,-16.374244411469842,11,14,3.0
1117,3.3080241341281837,13,12,3.0
1118,14.020930797545661,14,11,3.0
1119,2.7472710171960477,13,12,3.0
1120,13.050935179937506,14,11,3.0
1121,12.032231415271518,14,11,3.0
1122,23.888236637544377,15,10,3.0
1123,-7.453983208283997,12,13,3.0
1124,-7.297382911901506,12,13,3.0
1125,-26.718972527948452,10,15,3.0
1126,24.018576726242873,15,10,3.0
1127,3.8607999774254886,13,12,3.0
1128,22.889084017575133,15,10,3.0
1129,13.575687641230287,14,11,3.0
1130,-16.92743803154405,11,14,3.0
1131,-7.327102556716094,12,13,3.0
1132,3.7327590879789003,13,12,3.0
1133,12.779646157280435,14,11,3.0
1134,3.1617156893873233,13,12,3.0
1135,2.97490810645772,13,12,3.0
1136,22.462428602521538,15,10,3.0
1137,-7.029973601160072,12,13,3.0
1138,4.148824042371874,13,12,3.0
1139,-6.649603120044784,12,13,3.0
1140,14.852437094950899,14,11,3.0
1141,-6.3191948830257765,12,13,3.0
1142,13.37732046785035,14,11,3.0
1143,13.652663174434203,14,11,3.0
1144,3.0137623469547474,13,12,3.0
1145,13.123447255411685,14,11,3.0
1146,12.546077485712715,14,11,3.0
1147,-7.3392088342761,12,13,3.0
1148,3.271701215096593,13,12,3.0
1149,3.6194913011393064,13,12,3.0
1150,3.2647428216686603,13,12,3.0
1151,14.562528718411066,14,11,3.0
1152,3.3121439880246957,13,12,3.0
1153,33.23417962970071,16,9,3.0
1154,14.216237693256598,14,11,3.0
1155,-6.73152398917668,12,13,3.0
1156,-35.91899304652853,9,16,3.0
1157,14.281135970285519,14,11,3.0
1158,-6.53641344989851,12,13,3.0
1159,14.030342567706949,14,11,3.0
1160,13.711073287088734,14,11,3.0
1161,23.879313416221365,15,10,3.0
1162,14.464844912891927,14,11,3.0
1163,2.6748267581683214,13,12,3.0
1164,22.789313482743278,15,10,3.0
1165,14.00093020327389,14,11,3.0
1166,3.124566012774043,13,12,3.0
1167,3.0183394081312387,13,12,3.0
1168,-16.796995658063587,11,14,3.0
1169,-16.95386691323687,11,14,3.0
1170,-6.980163013661163,12,13,3.0
1171,22.328404344597622,15,10,3.0
1172,3.199209412342256,13,12,3.0
1173,-7.57984821227003,12,13,3.0
1174,13.646661695425554,14,11,3.0
1175,32.70648142103813,16,9,3.0
1176,23.818166236813628,15,10,3.0
1177,2.2337293339939404,13,12,3.0
1178,22.643595766464152,15,10,3.0
1179,22.631498486823393,15,10,3.0
1180,3.0480777592586312,13,12,3.0
1181,13.335685132399508,14,11,3.0
1182,12.577042186022021,14,11,3.0
1183,3.285055848524622,13,12,3.0
1184,3.481070132188264,13,12,3.0
1185,22.601517451034585,15,10,3.0
1186,-16.450596150817404,11,14,3.0
1187,23.09954976101086,15,10,3.0
1188,22.637637229394844,15,10,3.0
1189,13.319561876642778,14,11,3.0
1190,14.27895209611561,14,11,3.0
1191,23.681068084207965,15,10,3.0
1192,23.50656143011791,15,10,3.0
1193,34.16235826492297,16,9,3.0
1194,2.920699409960014,13,12,3.0
1195,3.47840677625042,13,12,3.0
1196,13.170328947296598,14,11,3.0
1197,3.019226462607739,13,12,3.0
1198,12.99480684982661,14,11,3.0
1199,3.1678743551930033,13,12,3.0
1200,3.4798300489710297,13,12,3.0
1201,13.645535852707962,14,11,3.0
1202,3.9172390217517483,13,12,3.0
1203,13.197285459605272,14,11,3.0
1204,2.0501268723607877,13,12,3.0
1205,12.392217907092409,14,11,3.0
1206,23.209968134547807,15,10,3.0
1207,14.120662928956166,14,11,3.0
1208,24.677031128897745,15,10,3.0
1209,23.658932555829956,15,10,3.0
1210,23.49677218111146,15,10,3.0
1211,13.539015663447678,14,11,3.0
1212,13.378224325909898,14,11,3.0
1213,-5.962301743248506,12,13,3.0
1214,13.353625944087485,14,11,3.0
1215,23.435809618017892,15,10,3.0
1216,12.7508237273358,14,11,3.0
1217,2.865490625375153,13,12,3.0
1218,4.123730389718809,13,12,3.0
1219,14.009976222605287,14,11,3.0
1220,23.49359992692827,15,10,3.0
1221,4.178585416613567,13,12,3.0
1222,3.4648064454635668,13,12,3.0
1223,13.54207968479245,14,11,3.0
1224,13.258400964802902,14,11,3.0
1225,2.2778241473881318,13,12,3.0
1226,12.734386944599306,14,11,3.0
1227,33.40703935317777,16,9,3.0
1228,14.824131228353373,14,11,3.0
1229,2.5617410739175543,13,12,3.0
1230,13.094323811789252,14,11,3.0
1231,3.9976216348970945,13,12,3.0
1232,-6.4186906849472765,12,13,3.0
1233,4.441456688724037,13,12,3.0
1234,12.687844748270088,14,11,3.0
1235,14.068366397995838,14,11,3.0
1236,23.724591485971903,15,10,3.0
1237,13.215459298942339,14,11,3.0
1238,22.739393502173357,15,10,3.0
1239,14.190926697687333,14,11,3.0
1240,3.3033416365149915,13,12,3.0
1241,13.545339779486751,14,11,3.0
1242,13.654282054145709,14,11,3.0
1243,24.879542693171118,15,10,3.0
1244,-15.88234312376818,11,14,3.0
1245,11.714615162596155,14,11,3.0
1246,-26.985866262923864,10,15,3.0
1247,-7.1783381085950175,12,13,3.0
1248,12.881498020489168,14,11,3.0
1249,23.40561707570332,15,10,3.0
1250,2.6254557362276234,13,12,3.0
1251,13.77298935380999,14,11,3.0
1252,23.620000329606334,15,10,3.0
1253,13.11662997374028,14,11,3.0
1254,22.48595100515256,15,10,3.0
1255,22.76239955674198,15,10,3.0
1256,12.909957851185064,14,11,3.0
1257,11.553195246192832,14,11,3.0
1258,13.941204595334646,14,11,3.0
1259,23.41312809344652,15,10,3.0
1260,2.5513392798074683,13,12,3.0
1261,2.315236930516334,13,12,3.0
1262,-26.742525112362124,10,15,3.0
1263,21.640459334235093,15,10,3.0
1264,3.64685899395689,13,12,3.0
1265,22.639772506114973,15,10,3.0
1266,13.92342034055092,14,11,3.0
1267,23.047190666778018,15,10,3.0
1268,13.539419352914276,14,11,3.0
1269,3.789096437776468,13,12,3.0
1270,23.363863557735456,15,10,3.0
1271,23.619672494362884,15,10,3.0
1272,33.29364835539703,16,9,3.0
1273,-6.980069692526006,12,13,3.0
1274,22.98753210165594,15,10,3.0
1275,-7.006601043431857,12,13,3.0
1276,21.60110703101592,15,10,3.0
1277,2.4239080555919337,13,12,3.0
1278,12.723585521772273,14,11,3.0
1279,13.132421319504562,14,11,3.0
1280,12.925246685971707,14,11,3.0
1281,4.365310205372194,13,12,3.0
1282,23.283930231637914,15,10,3.0
1283,24.530111537879723,15,10,3.0
1284,34.50529127482897,16,9,3.0
1285,32.95475494365944,16,9,3.0
1286,2.741192911100983,13,12,3.0
1287,24.055024937609723,15,10,3.0
1288,4.279166044412511,13,12,3.0
1289,13.928287140377154,14,11,3.0
1290,14.022913867877241,14,11,3.0
1291,13.06395784348679,14,11,3.0
1292,-6.85574122436593,12,13,3.0
1293,13.578311653798497,14,11,3.0
1294,11.941140172917668,14,11,3.0
1295,23.5323539994069,15,10,3.0
1296,13.612382292695893,14,11,3.0
1297,13.098948636940866,14,11,3.0
1298,3.098150780987946,13,12,3.0
1299,13.319645272204395,14,11,3.0
1300,33.28875492687331,16,9,3.0
1301,3.043880373036629,13,12,3.0
1302,-6.852951788191807,12,13,3.0
1303,23.93348959654072,15,10,3.0
1304,3.6449007789106815,13,12,3.0
1305,3.0419569629768195,13,12,3.0
1306,13.184223723946555,14,11,3.0
1307,12.779559249364425,14,11,3.0
1308,33.49308268291433,16,9,3.0
1309,23.890504026440446,15,10,3.0
1310,23.837815117646965,15,10,3.0
1311,13.226752243945832,14,11,3.0
1312,21.728164563138957,15,10,3.0
1313,13.09693334864741,14,11,3.0
1314,23.216517629881444,15,10,3.0
1315,24.02598461818109,15,10,3.0
1316,33.65957914614564,16,9,3.0
1317,23.926680142742345,15,10,3.0
1318,23.69279164747338,15,10,3.0
1319,2.9516580440458844,13,12,3.0
1320,22.321711158575617,15,10,3.0
1321,12.436053916909346,14,11,3.0
1322,13.724680563187631,14,11,3.0
1323,33.62914725311908,16,9,3.0
1324,22.72847801880386,15,10,3.0
1325,13.590801718601403,14,11,3.0
1326,23.63230749699595,15,10,3.0
1327,23.279427319334303,15,10,3.0
1328,11.799689106487834,14,11,3.0
1329,3.9947488936288726,13,12,3.0
1330,3.5565559248482224,13,12,3.0
1331,12.32716026431552,14,11,3.0
1332,23.238018088609817,15,10,3.0
1333,33.06759548921927,16,9,3.0
1334,22.132296324594297,15,10,3.0
1335,22.66192112815672,15,10,3.0
1336,23.569183785520572,15,10,3.0
1337,13.45535692179599,14,11,3.0
1338,2.3020003544149557,13,12,3.0
1339,13.363029899581871,14,11,3.0
1340,22.742284846114963,15,10,3.0
1341,23.550983914917076,15,10,3.0
1342,13.265844283410365,14,11,3.0
1343,13.242260456205594,14,11,3.0
1344,12.761780269701553,14,11,3.0
1345,22.375050775988406,15,10,3.0
1346,22.804955692448612,15,10,3.0
1347,-7.149250273605408,12,13,3.0
1348,23.641732951791486,15,10,3.0
1349,13.71982440443185,14,11,3.0
1350,23.446905641066135,15,10,3.0
1351,13.37882281262986,14,11,3.0
1352,24.2093183577568,15,10,3.0
1353,23.20392022032521,15,10,3.0
1354,12.695468802780859,14,11,3.0
1355,14.265198908785337,14,11,3.0
1356,23.240787226487832,15,10,3.0
1357,23.20036945188506,15,10,3.0
1358,24.156570614465927,15,10,3.0
1359,22.42419016010848,15,10,3.0
1360,15.124744617764708,14,11,3.0
1361,13.368202178422436,14,11,3.0
1362,23.053595469460287,15,10,3.0
1363,12.914641054050486,14,11,3.0
1364,13.117419605643468,14,11,3.0
1365,4.308294491399732,13,12,3.0
1366,2.5522750133470904,13,12,3.0
1367,2.7635857378312405,13,12,3.0
1368,14.072454807600117,14,11,3.0
1369,22.85712527545784,15,10,3.0
1370,22.582715506806544,15,10,3.0
1371,11.729500176552468,14,11,3.0
1372,3.6216109956288864,13,12,3.0
1373,13.35282440223421,14,11,3.0
1374,13.449093399114785,14,11,3.0
1375,24.463565282005735,15,10,3.0
1376,22.88947796900147,15,10,3.0
1377,3.1929661242851335,13,12,3.0
1378,22.186592988876644,15,10,3.0
1379,3.128774173856888,13,12,3.0
1380,22.993247124052058,15,10,3.0
1381,22.97749281538988,15,10,3.0
1382,12.865714833389507,14,11,3.0
1383,22.999947248074655,15,10,3.0
1384,13.519239340472806,14,11,3.0
1385,-6.5226202529166155,12,13,3.0
1386,13.511250529657747,14,11,3.0
1387,12.660340348715957,14,11,3.0
1388,1.4497708143588746,13,12,3.0
1389,23.058212318938924,15,10,3.0
1390,22.98059808853919,15,10,3.0
1391,34.19030232107956,16,9,3.0
1392,13.718435563602924,14,11,3.0
1393,23.499330762492253,15,10,3.0
1394,33.155718274977225,16,9,3.0
1395,-7.2403190703859295,12,13,3.0
1396,22.87160896073665,15,10,3.0
1397,34.40677786936496,16,9,3.0
1398,13.53586082524031,14,11,3.0
1399,34.05915128039029,16,9,3.0
1400,23.20634727225595,15,10,3.0
1401,3.8246645934289116,13,12,3.0
1402,23.129268506948236,15,10,3.0
1403,2.934719960218139,13,12,3.0
1404,22.953343462686263,15,10,3.0
1405,-6.8328574044937,12,13,3.0
1406,33.36862050988485,16,9,3.0
1407,22.581095254091792,15,10,3.0
1408,34.48834278732866,16,9,3.0
1409,12.544554311134505,14,11,3.0
1410,4.033454699419925,13,12,3.0
1411,3.2941790263385755,13,12,3.0
1412,43.12836169029274,17,8,3.0
1413,12.44802578743908,14,11,3.0
1414,14.084515566716185,14,11,3.0
1415,2.6076412630784835,13,12,3.0
1416,2.9084391120326227,13,12,3.0
1417,13.964557484365724,14,11,3.0
1418,13.844047269270721,14,11,3.0
1419,24.342778952106514,15,10,3.0
1420,2.6845189103282374,13,12,3.0
1421,12.88873328335697,14,11,3.0
1422,14.18658769563926,14,11,3.0
1423,3.224993025761833,13,12,3.0
1424,14.05105899234575,14,11,3.0
1425,14.244977985154636,14,11,3.0
1426,14.202813536847259,14,11,3.0
1427,3.2640574003515703,13,12,3.0
1428,13.282271467381607,14,11,3.0
1429,13.380389443683988,14,11,3.0
1430,13.096260261887185,14,11,3.0
1431,31.41705291321817,16,9,3.0
1432,3.3442117282380233,13,12,3.0
1433,13.020563492069298,14,11,3.0
1434,33.0466816161911,16,9,3.0
1435,12.44120481003462,14,11,3.0
1436,22.936677095777476,15,10,3.0
1437,13.570194544198632,14,11,3.0
1438,34.09040145285702,16,9,3.0
1439,32.98695677925529,16,9,3.0
1440,13.57926196499243,14,11,3.0
1441,23.377789852901135,15,10,3.0
1442,12.106227141797826,14,11,3.0
1443,33.38282842043364,16,9,3.0
1444,23.191403079524143,15,10,3.0
1445,13.237581339596215,14,11,3.0
1446,3.5841723231455553,13,12,3.0
1447,23.50573957015131,15,10,3.0
1448,2.8523843625912733,13,12,3.0
1449,12.473016754503853,14,11,3.0
1450,1.4937941653069915,13,12,3.0
1451,12.835340550963632,14,11,3.0
1452,22.84615284731738,15,10,3.0
1453,22.978636930156142,15,10,3.0
1454,13.316571693943835,14,11,3.0
1455,4.613231819409364,13,12,3.0
1456,12.946898895718096,14,11,3.0
1457,34.110254753479815,16,9,3.0
1458,23.519004330866537,15,10,3.0
1459,12.74177392349792,14,11,3.0
1460,33.054252335661594,16,9,3.0
1461,24.113913768452015,15,10,3.0
1462,23.082399426672488,15,10,3.0
1463,14.297051406512637,14,11,3.0
1464,22.715411835521497,15,10,3.0
1465,23.4051023709437,15,10,3.0
1466,23.085759950325315,15,10,3.0
1467,22.534974275246995,15,10,3.0
1468,13.225959210793468,14,11,3.0
1469,24.115704964168525,15,10,3.0
1470,11.612973281281228,14,11,3.0
1471,23.993537458197206,15,10,3.0
1472,22.431671599548494,15,10,3.0
1473,13.421715518500296,14,11,3.0
1474,13.025640990304876,14,11,3.0
1475,13.684254998926694,14,11,3.0
1476,13.087280150335065,14,11,3.0
1477,14.7515092782124,14,11,3.0
1478,13.414828217007452,14,11,3.0
1479,23.532300716346892,15,10,3.0
1480,13.10931409022838,14,11,3.0
1481,23.213681039344376,15,10,3.0
1482,13.051951853522286,14,11,3.0
1483,22.594500608305452,15,10,3.0
1484,33.92896946123309,16,9,3.0
1485,23.647785603945792,15,10,3.0
1486,23.95739494353422,15,10,3.0
1487,13.534359857461558,14,11,3.0
1488,23.176759859265726,15,10,3.0
1489,33.84239590008594,16,9,3.0
1490,23.571659754076144,15,10,3.0
1491,22.788802472212872,15,10,3.0
1492,-5.8190528783711795,12,13,3.0
1493,33.449770014207054,16,9,3.0
1494,33.46066956024186,16,9,3.0
1495,14.203895648638573,14,11,3.0
1496,4.557317712280865,13,12,3.0
1497,23.309002446568183,15,10,3.0
1498,23.210661906826992,15,10,3.0
1499,22.602133104933227,15,10,3.0
1500,24.58906615913318,15,10,3.0
1501,23.161397130974656,15,10,3.0
1502,3.532395615865534,13,12,3.0
1503,23.189847231485036,15,10,3.0
1504,3.6240219997269554,13,12,3.0
1505,22.794487224253743,15,10,3.0
1506,22.520019804013717,15,10,3.0
1507,14.427966815814784,14,11,3.0
1508,13.626382025187642,14,11,3.0
1509,23.58808610972062,15,10,3.0
1510,33.91823493276801,16,9,3.0
1511,13.594682094298697,14,11,3.0
1512,13.78319038644775,14,11,3.0
1513,12.341492261120575,14,11,3.0
1514,13.106064590540374,14,11,3.0
1515,13.694495389917812,14,11,3.0
1516,33.618592695210154,16,9,3.0
1517,22.9891228557372,15,10,3.0
1518,23.63257919708487,15,10,3.0
1519,23.135568310308837,15,10,3.0
1520,23.491129370562696,15,10,3.0
1521,23.544362706878573,15,10,3.0
1522,34.02486622829927,16,9,3.0
1523,23.620026611660627,15,10,3.0
1524,22.779072004781867,15,10,3.0
1525,23.592346047331315,15,10,3.0
1526,23.168339642621667,15,10,3.0
1527,22.257801980337852,15,10,3.0
1528,23.269957403528345,15,10,3.0
1529,13.442425985953125,14,11,3.0
1530,4.46282287871582,13,12,3.0
1531,23.648518427642877,15,10,3.0
1532,-6.100482312741589,12,13,3.0
1533,23.153032270210637,15,10,3.0
1534,23.010935944685414,15,10,3.0
1535,2.770357530589533,13,12,3.0
1536,13.074018093711398,14,11,3.0
1537,-6.44517304244862,12,13,3.0
1538,12.894281708752988,14,11,3.0
1539,33.41343738509577,16,9,3.0
1540,33.004141030945675,16,9,3.0
1541,23.751364692408043,15,10,3.0
1542,-6.321590523083026,12,13,3.0
1543,12.697213073071255,14,11,3.0
1544,23.157140831072027,15,10,3.0
1545,-6.8192089328953225,12,13,3.0
1546,23.68099216360947,15,10,3.0
1547,22.89241463085394,15,10,3.0
1548,3.015455181280574,13,12,3.0
1549,2.3014506155108965,13,12,3.0
1550,22.133169362503626,15,10,3.0
1551,12.965848527317089,14,11,3.0
1552,3.4827012998158,13,12,3.0
1553,13.939391412666424,14,11,3.0
1554,23.32632219323387,15,10,3.0
1555,13.185358512137624,14,11,3.0
1556,23.221099341900832,15,10,3.0
1557,3.9759747998204507,13,12,3.0
1558,22.528089693632513,15,10,3.0
1559,22.214038620391143,15,10,3.0
1560,13.413456756848001,14,11,3.0
1561,41.988186938080695,17,8,3.0
1562,22.574021955558493,15,10,3.0
1563,3.128033436717896,13,12,3.0
1564,13.592575124306308,14,11,3.0
1565,3.233852495371239,13,12,3.0
1566,24.19139457896688,15,10,3.0
1567,21.877789355115095,15,10,3.0
1568,23.298581081881025,15,10,3.0
1569,2.0762242853899653,13,12,3.0
1570,13.159542237578352,14,11,3.0
1571,13.04192367007856,14,11,3.0
1572,14.335322169249258,14,11,3.0
1573,23.51595165588087,15,10,3.0
1574,23.315937308078347,15,10,3.0
1575,22.938867851764968,15,10,3.0
1576,12.754480987228995,14,11,3.0
1577,22.87428735355847,15,10,3.0
1578,22.02983269616408,15,10,3.0
1579,23.545454362868032,15,10,3.0
1580,24.265848817228616,15,10,3.0
1581,23.223686577562738,15,10,3.0
1582,1.3936263790454841,13,12,3.0
1583,13.491700781152632,14,11,3.0
1584,23.603738438526396,15,10,3.0
1585,13.095475903598482,14,11,3.0
1586,23.391138184508772,15,10,3.0
1587,13.614190558137496,14,11,3.0
1588,3.9266661384311443,13,12,3.0
1589,23.465692564752807,15,10,3.0
1590,33.98929153524368,16,9,3.0
1591,32.28369522401786,16,9,3.0
1592,23.897604112083467,15,10,3.0
1593,23.38349500912967,15,10,3.0
1594,34.00710588052198,16,9,3.0
1595,12.60343055367474,14,11,3.0
1596,23.612488191881777,15,10,3.0
1597,13.573043051114537,14,11,3.0
1598,22.580070508483484,15,10,3.0
1599,22.59289984196132,15,10,3.0
1600,22.774916179585617,15,10,3.0
1601,3.7459717559776418,13,12,3.0
1602,23.63047556677044,15,10,3.0
1603,23.325176178500545,15,10,3.0
1604,14.414497590286405,14,11,3.0
1605,23.280813861286145,15,10,3.0
1606,22.57537421259092,15,10,3.0
1607,12.292588075067997,14,11,3.0
1608,23.331536495988072,15,10,3.0
1609,23.51401478641838,15,10,3.0
1610,13.431129517124333,14,11,3.0
1611,22.789750953453822,15,10,3.0
1612,24.24252992645966,15,10,3.0
1613,22.140360537276617,15,10,3.0
1614,12.233937505771811,14,11,3.0
1615,23.79854190520892,15,10,3.0
1616,33.343728582614375,16,9,3.0
1617,23.308938981858986,15,10,3.0
1618,2.1219047508246174,13,12,3.0
1619,12.041821507095005,14,11,3.0
1620,33.062750269638336,16,9,3.0
1621,21.877059551260935,15,10,3.0
1622,3.438292169179082,13,12,3.0
1623,4.070437743053761,13,12,3.0
1624,14.145802000797024,14,11,3.0
1625,23.721050179724216,15,10,3.0
1626,13.27407704443132,14,11,3.0
1627,23.24046201668692,15,10,3.0
1628,23.76896044269626,15,10,3.0
1629,23.25522931418685,15,10,3.0
1630,12.719991644787116,14,11,3.0
1631,22.052532775693784,15,10,3.0
1632,14.406922618453246,14,11,3.0
1633,13.094795217055724,14,11,3.0
1634,33.3702402163066,16,9,3.0
1635,32.9848811141102,16,9,3.0
1636,2.7231317920149225,13,12,3.0
1637,13.258434315766353,14,11,3.0
1638,22.80407387951672,15,10,3.0
1639,32.549498542265866,16,9,3.0
1640,12.639906700137605,14,11,3.0
1641,22.858580197280403,15,10,3.0
1642,12.773261654246859,14,11,3.0
1643,13.018196781438608,14,11,3.0
1644,22.55014245153349,15,10,3.0
1645,13.634397013259182,14,11,3.0
1646,13.517511325237717,14,11,3.0
1647,33.33579789957061,16,9,3.0
1648,2.384360423571906,13,12,3.0
1649,23.53816571562532,15,10,3.0
1650,23.629289099030235,15,10,3.0
1651,13.203089687900388,14,11,3.0
1652,23.66778774304036,15,10,3.0
1653,2.457084300108578,13,12,3.0
1654,-5.624049038614615,12,13,3.0
1655,3.5918651109966704,13,12,3.0
1656,23.219765733606835,15,10,3.0
1657,23.6693033303456,15,10,3.0
1658,2.3226187845262976,13,12,3.0
1659,23.308553331755835,15,10,3.0
1660,13.816530150344835,14,11,3.0
1661,23.827720797910835,15,10,3.0
1662,24.045351093563745,15,10,3.0
1663,12.238426044176562,14,11,3.0
1664,22.9615000041063,15,10,3.0
1665,14.176705660648018,14,11,3.0
1666,24.78120287249899,15,10,3.0
1667,13.878065280842776,14,11,3.0
1668,24.030889906405058,15,10,3.0
1669,22.965557298545953,15,10,3.0
1670,12.73975198921908,14,11,3.0
1671,32.4124110941164,16,9,3.0
1672,15.06884475852422,14,11,3.0
1673,22.082280555028845,15,10,3.0
1674,13.613923162311064,14,11,3.0
1675,3.277233097498133,13,12,3.0
1676,2.1127982001717793,13,12,3.0
1677,14.59297797423697,14,11,3.0
1678,23.481656826442514,15,10,3.0
1679,14.170179926545366,14,11,3.0
1680,24.30829464933297,15,10,3.0
1681,23.535507985912336,15,10,3.0
1682,23.384817461258198,15,10,3.0
1683,13.73454478033388,14,11,3.0
1684,13.957743364292392,14,11,3.0
1685,3.1198199124101524,13,12,3.0
1686,23.56229343529448,15,10,3.0
1687,13.56533784932555,14,11,3.0
1688,3.5109779694348635,13,12,3.0
1689,24.095955462510734,15,10,3.0
1690,22.955965256584005,15,10,3.0
1691,33.45330037124592,16,9,3.0
1692,3.6295748975036517,13,12,3.0
1693,22.446101724566716,15,10,3.0
1694,23.474087036541746,15,10,3.0
1695,23.770873506700013,15,10,3.0
1696,23.170778632560456,15,10,3.0
1697,13.884816781828484,14,11,3.0
1698,3.366971649705337,13,12,3.0
1699,13.432932077067866,14,11,3.0
1700,3.3179389801021912,13,12,3.0
1701,23.423496286817354,15,10,3.0
1702,12.069814445784676,14,11,3.0
1703,23.059531581500174,15,10,3.0
1704,23.245101939684407,15,10,3.0
1705,23.33776940286679,15,10,3.0
1706,24.03845514281303,15,10,3.0
1707,13.36103513305433,14,11,3.0
1708,33.08447126975359,16,9,3.0
1709,24.10387612727243,15,10,3.0
1710,13.56812445334349,14,11,3.0
1711,24.736032318908393,15,10,3.0
1712,33.05077244128558,16,9,3.0
1713,14.324207544590239,14,11,3.0
1714,12.703990392476664,14,11,3.0
1715,13.772594926914529,14,11,3.0
1716,22.978636413799066,15,10,3.0
1717,22.391860616250344,15,10,3.0
1718,13.886022800194425,14,11,3.0
1719,23.07362564758848,15,10,3.0
1720,22.874018215135145,15,10,3.0
1721,22.94454129423541,15,10,3.0
1722,23.51509117423921,15,10,3.0
1723,23.25394843967838,15,10,3.0
1724,13.368610734240361,14,11,3.0
1725,13.782879913574677,14,11,3.0
1726,13.677015233719796,14,11,3.0
1727,12.542830320850097,14,11,3.0
1728,13.554150132642402,14,11,3.0
1729,33.270388209453195,16,9,3.0
1730,34.306641328899836,16,9,3.0
1731,13.365894022651153,14,11,3.0
1732,-6.967484466522876,12,13,3.0
1733,24.200681499127008,15,10,3.0
1734,32.31323251303205,16,9,3.0
1735,23.66384212020495,15,10,3.0
1736,34.45949884201542,16,9,3.0
1737,23.126329988736774,15,10,3.0
1738,3.084675210528475,13,12,3.0
1739,22.897980316989443,15,10,3.0
1740,33.06359678561056,16,9,3.0
1741,23.36075896700017,15,10,3.0
1742,13.643436096596918,14,11,3.0
1743,23.298946240253034,15,10,3.0
1744,13.022909894086148,14,11,3.0
1745,23.850372738071098,15,10,3.0
1746,13.099198461036302,14,11,3.0
1747,11.38373914929094,14,11,3.0
1748,22.309785404524362,15,10,3.0
1749,22.23136555898353,15,10,3.0
1750,22.84984936767752,15,10,3.0
1751,33.951140732053844,16,9,3.0
1752,23.5419290410956,15,10,3.0
1753,22.871021074834815,15,10,3.0
1754,23.45541655065355,15,10,3.0
1755,43.54077723048338,17,8,3.0
1756,14.035995653932261,14,11,3.0
1757,22.709113106633126,15,10,3.0
1758,42.74893615710373,17,8,3.0
1759,32.35064445092914,16,9,3.0
1760,13.64584251874231,14,11,3.0
1761,13.332851677429177,14,11,3.0
1762,-6.9936425409695255,12,13,3.0
1763,13.855639154278169,14,11,3.0
1764,13.628761943586756,14,11,3.0
1765,-6.7134701422180925,12,13,3.0
1766,24.111951531066055,15,10,3.0
1767,12.865540318489721,14,11,3.0
1768,23.90650703066792,15,10,3.0
1769,13.540073151652328,14,11,3.0
1770,13.562105014595073,14,11,3.0
1771,23.594307583604728,15,10,3.0
1772,4.729597505657467,13,12,3.0
1773,13.475069241645636,14,11,3.0
1774,3.2075802591840263,13,12,3.0
1775,23.317399927249888,15,10,3.0
1776,33.12467658147122,16,9,3.0
1777,12.710615544570604,14,11,3.0
1778,14.78115277310333,14,11,3.0
1779,23.49701581525087,15,10,3.0
1780,23.472896963280768,15,10,3.0
1781,12.912786406707253,14,11,3.0
1782,33.26185052746636,16,9,3.0
1783,22.22634806982672,15,10,3.0
1784,33.84026751286136,16,9,3.0
1785,24.123730705297966,15,10,3.0
1786,13.254335193020037,14,11,3.0
1787,33.30125926645803,16,9,3.0
1788,12.641446625804987,14,11,3.0
1789,2.9330422304633847,13,12,3.0
1790,42.77434123771468,17,8,3.0
1791,2.741604585833967,13,12,3.0
1792,32.7953029661883,16,9,3.0
1793,23.155662921072967,15,10,3.0
1794,22.765904459503123,15,10,3.0
1795,2.9668291317227666,13,12,3.0
1796,3.052914369324224,13,12,3.0
1797,22.94755084971831,15,10,3.0
1798,12.922343897796031,14,11,3.0
1799,22.709725243409554,15,10,3.0
1800,23.3388305831038,15,10,3.0
1801,14.098509546578967,14,11,3.0
1802,23.576684673166543,15,10,3.0
1803,3.877657361752272,13,12,3.0
1804,12.078483953884804,14,11,3.0
1805,23.595294582333647,15,10,3.0
1806,12.9944344700914,14,11,3.0
1807,23.47891909557773,15,10,3.0
1808,22.82989260931744,15,10,3.0
1809,12.610152494435832,14,11,3.0
1810,13.142430746165445,14,11,3.0
1811,23.792018369883337,15,10,3.0
1812,-6.946796208416995,12,13,3.0
1813,42.558135986189384,17,8,3.0
1814,12.331764224511472,14,11,3.0
1815,33.49056191671447,16,9,3.0
1816,13.323773849696117,14,11,3.0
1817,23.308996364109,15,10,3.0
1818,23.270808316493824,15,10,3.0
1819,23.241066442954583,15,10,3.0
1820,13.580888243537895,14,11,3.0
1821,32.85456704652832,16,9,3.0
1822,22.538717913250228,15,10,3.0
1823,13.31667034670771,14,11,3.0
1824,-6.554227446154165,12,13,3.0
1825,12.772680144535958,14,11,3.0
1826,23.054082891745395,15,10,3.0
1827,4.222950803303293,13,12,3.0
1828,13.05831178197635,14,11,3.0
1829,12.940936273927532,14,11,3.0
1830,32.586670922205535,16,9,3.0
1831,22.773980236946645,15,10,3.0
1832,23.275638321928817,15,10,3.0
1833,13.142288014636527,14,11,3.0
1834,23.39502682293966,15,10,3.0
1835,13.595449558763493,14,11,3.0
1836,23.426149015318646,15,10,3.0
1837,22.830531199176747,15,10,3.0
1838,12.962134054313163,14,11,3.0
1839,23.325530022063955,15,10,3.0
1840,33.0875789037581,16,9,3.0
1841,23.192515918988896,15,10,3.0
1842,12.565584861453496,14,11,3.0
1843,33.674082555015616,16,9,3.0
1844,13.284462655281352,14,11,3.0
1845,22.783094212568844,15,10,3.0
1846,12.50628321711872,14,11,3.0
1847,33.326473452885935,16,9,3.0
1848,23.696293916165583,15,10,3.0
1849,13.064071648120024,14,11,3.0
1850,21.22154205259373,15,10,3.0
1851,33.45059479313496,16,9,3.0
1852,13.345868947774076,14,11,3.0
1853,14.240784403054962,14,11,3.0
1854,13.286462892482017,14,11,3.0
1855,11.876705336907154,14,11,3.0
1856,43.61646282611971,17,8,3.0
1857,22.502693992394754,15,10,3.0
1858,13.773824576631775,14,11,3.0
1859,23.738335900926575,15,10,3.0
1860,3.205995530241168,13,12,3.0
1861,23.078191329975798,15,10,3.0
1862,13.536614396105382,14,11,3.0
1863,13.075541096831964,14,11,3.0
1864,13.26097807836334,14,11,3.0
1865,2.8577242629205326,13,12,3.0
1866,24.26902471686356,15,10,3.0
1867,23.2793801959669,15,10,3.0
1868,2.4129809964687325,13,12,3.0
1869,22.31711967602817,15,10,3.0
1870,24.136885531277397,15,10,3.0
1871,33.44763389097466,16,9,3.0
1872,12.80761775546208,14,11,3.0
1873,43.97319915597859,17,8,3.0
1874,24.917864683031464,15,10,3.0
1875,5.364051499019752,13,12,3.0
1876,22.976066727844152,15,10,3.0
1877,23.45186328763297,15,10,3.0
1878,24.576905145800946,15,10,3.0
1879,23.490049208359395,15,10,3.0
1880,22.957767863519024,15,10,3.0
1881,13.203858438983598,14,11,3.0
1882,13.48937377939209,14,11,3.0
1883,3.7783256892342365,13,12,3.0
1884,23.49785055939917,15,10,3.0
1885,13.893549778858173,14,11,3.0
1886,23.006762931566264,15,10,3.0
1887,23.259436624564458,15,10,3.0
1888,13.180010890145091,14,11,3.0
1889,23.352042259629076,15,10,3.0
1890,13.053587074897363,14,11,3.0
1891,23.494405973809585,15,10,3.0
1892,23.348339103458247,15,10,3.0
1893,2.20413737276261,13,12,3.0
1894,22.781449550072686,15,10,3.0
1895,24.241094895318337,15,10,3.0
1896,12.985336969970032,14,11,3.0
1897,33.89585103532145,16,9,3.0
1898,33.21085603906512,16,9,3.0
1899,14.044316208719872,14,11,3.0
1900,33.787987133911614,16,9,3.0
1901,24.025745711221205,15,10,3.0
1902,24.567571902231546,15,10,3.0
1903,13.15026876772427,14,11,3.0
1904,12.908478281790497,14,11,3.0
1905,13.289306114561574,14,11,3.0
1906,13.180617843666742,14,11,3.0
1907,23.043010120709724,15,10,3.0
1908,12.967971101960194,14,11,3.0
1909,24.16394230498058,15,10,3.0
1910,24.136709596419728,15,10,3.0
1911,3.84861216951749,13,12,3.0
1912,43.870076433336735,17,8,3.0
1913,24.229220780961267,15,10,3.0
1914,33.7884749616817,16,9,3.0
1915,34.38032468171654,16,9,3.0
1916,23.373804782527085,15,10,3.0
1917,11.921064484883553,14,11,3.0
1918,24.21078741222946,15,10,3.0
1919,32.78294518934571,16,9,3.0
1920,4.226968155020735,13,12,3.0
1921,23.37749814857561,15,10,3.0
1922,4.137618565356862,13,12,3.0
1923,33.848212887781095,16,9,3.0
1924,23.48271400039993,15,10,3.0
1925,23.40279078484226,15,10,3.0
1926,3.917260523093004,13,12,3.0
1927,23.51372368058644,15,10,3.0
1928,33.153276228099934,16,9,3.0
1929,34.14995521886673,16,9,3.0
1930,14.072540692335444,14,11,3.0
1931,3.624593640480219,13,12,3.0
1932,34.093587734424126,16,9,3.0
1933,14.126133720604438,14,11,3.0
1934,22.907242122935184,15,10,3.0
1935,13.624031187158247,14,11,3.0
1936,13.373133783796494,14,11,3.0
1937,13.105970196042826,14,11,3.0
1938,24.35000530302905,15,10,3.0
1939,12.579634894767507,14,11,3.0
1940,33.988620345297534,16,9,3.0
1941,23.356662232466107,15,10,3.0
1942,12.830001292480288,14,11,3.0
1943,33.59174199562252,16,9,3.0
1944,24.455733070656976,15,10,3.0
1945,33.933989807372505,16,9,3.0
1946,13.237488593708632,14,11,3.0
1947,23.831410020244018,15,10,3.0
1948,33.585350451043766,16,9,3.0
1949,2.0949696292771387,13,12,3.0
1950,4.468606887195377,13,12,3.0
1951,23.501611489567747,15,10,3.0
1952,13.873825313553777,14,11,3.0
1953,23.357866338610123,15,10,3.0
1954,33.47475249583308,16,9,3.0
1955,23.595953912944477,15,10,3.0
1956,12.56154069645528,14,11,3.0
1957,22.69738401113649,15,10,3.0
1958,34.16513817413106,16,9,3.0
1959,24.344536328713072,15,10,3.0
1960,13.474821954624666,14,11,3.0
1961,24.60940263533968,15,10,3.0
1962,24.789452238120433,15,10,3.0
1963,23.57450775762793,15,10,3.0
1964,23.454370573335762,15,10,3.0
1965,14.411502081705082,14,11,3.0
1966,13.820298568749585,14,11,3.0
1967,23.958843558409303,15,10,3.0
1968,23.830479918399014,15,10,3.0
1969,23.26725986489157,15,10,3.0
1970,33.600385060352735,16,9,3.0
1971,23.51398230685622,15,10,3.0
1972,13.914864490792198,14,11,3.0
1973,13.629288982953156,14,11,3.0
1974,13.14991204455658,14,11,3.0
1975,22.665490429723317,15,10,3.0
1976,33.2815885383707,16,9,3.0
1977,23.463280266800044,15,10,3.0
1978,22.835785272028623,15,10,3.0
1979,33.5430430042411,16,9,3.0
1980,13.731069269035489,14,11,3.0
1981,13.39926632154917,14,11,3.0
1982,13.78087830784274,14,11,3.0
1983,13.194419562380936,14,11,3.0
1984,3.5237025566355302,13,12,3.0
1985,24.756444198967557,15,10,3.0
1986,13.01169512546261,14,11,3.0
1987,13.535563095610607,14,11,3.0
1988,23.40197084064064,15,10,3.0
1989,33.77547539877173,16,9,3.0
1990,23.253286509785163,15,10,3.0
1991,13.128021706942484,14,11,3.0
1992,22.695088862167257,15,10,3.0
1993,33.92542351417353,16,9,3.0
1994,23.503644015179336,15,10,3.0
1995,33.81607680305723,16,9,3.0
1996,3.141664255802228,13,12,3.0
1997,13.2012930625706,14,11,3.0
1998,13.521353534032821,14,11,3.0
1999,14.626168926586324,14,11,3.0
2000,23.71639579358912,15,10,3.0
2001,13.661586406912589,14,11,3.0
2002,22.89783574350824,15,10,3.0
2003,23.99416899525058,15,10,3.0
2004,34.0676014715265,16,9,3.0
2005,4.0950059126348854,13,12,3.0
2006,22.86902216109049,15,10,3.0
2007,23.158538540009456,15,10,3.0
2008,34.75532865811947,16,9,3.0
2009,34.46871176686632,16,9,3.0
2010,3.144989059255714,13,12,3.0
2011,13.155582556059299,14,11,3.0
2012,22.81774973937598,15,10,3.0
2013,33.303995802670876,16,9,3.0
2014,33.216519958857056,16,9,3.0
2015,43.17510429595139,17,8,3.0
2016,32.93423311300498,16,9,3.0
2017,33.52312155447449,16,9,3.0
2018,24.200121377489378,15,10,3.0
2019,43.9909306395566,17,8,3.0
2020,34.762918095745086,16,9,3.0
2021,23.854403189834247,15,10,3.0
2022,23.323784068634343,15,10,3.0
2023,23.744521338407207,15,10,3.0
2024,33.08859974283153,16,9,3.0
2025,24.344948544242904,15,10,3.0
2026,33.317901914682515,16,9,3.0
2027,23.140426338100273,15,10,3.0
2028,22.83692177221564,15,10,3.0
2029,13.135983622235653,14,11,3.0
2030,13.502095727777375,14,11,3.0
2031,23.83005181893555,15,10,3.0
2032,34.021303290474115,16,9,3.0
2033,23.9588176221645,15,10,3.0
2034,23.26150454342538,15,10,3.0
2035,33.93115854470759,16,9,3.0
2036,23.14518206844967,15,10,3.0
2037,23.591385250595742,15,10,3.0
2038,4.690611544969883,13,12,3.0
2039,32.97275960609265,16,9,3.0
2040,32.471888160820114,16,9,3.0
2041,23.83477507034945,15,10,3.0
2042,34.098177609973256,16,9,3.0
2043,33.36642023028396,16,9,3.0
2044,24.01259766772981,15,10,3.0
2045,33.213620706541164,16,9,3.0
2046,33.33462479527555,16,9,3.0
2047,33.91223786405203,16,9,3.0
2048,33.221314746582955,16,9,3.0
2049,33.658213053349606,16,9,3.0
2050,33.882954858396154,16,9,3.0
2051,13.46446369536826,14,11,3.0
2052,2.969044223814942,13,12,3.0
2053,22.968089785538275,15,10,3.0
2054,23.491452604988652,15,10,3.0
2055,32.74276237960304,16,9,3.0
2056,33.725960831053335,16,9,3.0
2057,24.311744634400053,15,10,3.0
2058,2.7834642082193337,13,12,3.0
2059,22.590042481519813,15,10,3.0
2060,22.51634779527082,15,10,3.0
2061,42.74944023792727,17,8,3.0
2062,22.506454126185652,15,10,3.0
2063,12.978010854177631,14,11,3.0
2064,33.88199537087805,16,9,3.0
2065,23.59740866867912,15,10,3.0
2066,35.25649051278054,16,9,3.0
2067,32.979300968041656,16,9,3.0
2068,23.59846115969567,15,10,3.0
2069,14.856079922556571,14,11,3.0
2070,34.13464641377171,16,9,3.0
2071,3.649987534343693,13,12,3.0
2072,34.238864706507584,16,9,3.0
2073,33.32145954973677,16,9,3.0
2074,32.78243212429799,16,9,3.0
2075,44.390382414856916,17,8,3.0
2076,12.875386900445744,14,11,3.0
2077,24.22577589108878,15,10,3.0
2078,33.99566181510982,16,9,3.0
2079,44.283307499226595,17,8,3.0
2080,13.471421293348282,14,11,3.0
2081,23.176968116968702,15,10,3.0
2082,23.765941334373366,15,10,3.0
2083,-4.897670566159818,12,13,3.0
2084,33.52370879217961,16,9,3.0
2085,22.954752929497403,15,10,3.0
2086,43.27363572321734,17,8,3.0
2087,33.82363576622238,16,9,3.0
2088,33.3769771467108,16,9,3.0
2089,23.474514914645948,15,10,3.0
2090,24.0035258128043,15,10,3.0
2091,14.207298548726733,14,11,3.0
2092,33.904801559195526,16,9,3.0
2093,24.434836874896796,15,10,3.0
2094,23.79784133578594,15,10,3.0
2095,32.83771800160082,16,9,3.0
2096,33.194877342732276,16,9,3.0
2097,23.802945595464937,15,10,3.0
2098,33.847734670384355,16,9,3.0
2099,33.960737263743326,16,9,3.0
2100,32.85322375946468,16,9,3.0
2101,34.214622311517644,16,9,3.0
2102,33.42200670144451,16,9,3.0
2103,23.490858890633227,15,10,3.0
2104,22.96164223092126,15,10,3.0
2105,34.560716742629324,16,9,3.0
2106,34.17206810373122,16,9,3.0
2107,34.56029314092295,16,9,3.0
2108,24.586101274748753,15,10,3.0
2109,43.534338524222576,17,8,3.0
2110,24.347792356690526,15,10,3.0
2111,43.92611983596328,17,8,3.0
2112,23.680023429245374,15,10,3.0
2113,3.9656231767288617,13,12,3.0
2114,13.218810265450736,14,11,3.0
2115,13.015211816357617,14,11,3.0
2116,43.50633611510937,17,8,3.0
2117,14.012397205400958,14,11,3.0
2118,12.53894986150564,14,11,3.0
2119,22.99859700826023,15,10,3.0
2120,44.42735320436825,17,8,3.0
2121,33.84912272620254,16,9,3.0
2122,33.121985706417,16,9,3.0
2123,24.43929046309999,15,10,3.0
2124,23.69337168445815,15,10,3.0
2125,34.61769213705511,16,9,3.0
2126,32.97456374778471,16,9,3.0
2127,33.4944286420213,16,9,3.0
2128,23.53893105674062,15,10,3.0
2129,32.8148154165769,16,9,3.0
2130,4.131643252891273,13,12,3.0
2131,34.058793101658146,16,9,3.0
2132,24.103881064972054,15,10,3.0
2133,23.40278020649791,15,10,3.0
2134,33.881624915209905,16,9,3.0
2135,34.08291835212735,16,9,3.0
2136,2.724783355591052,13,12,3.0
2137,33.23384949187411,16,9,3.0
2138,22.773369263008366,15,10,3.0
2139,12.763794146242073,14,11,3.0
2140,33.4954031777244,16,9,3.0
2141,33.11592484323061,16,9,3.0
2142,24.728301066061388,15,10,3.0
2143,34.00051683108168,16,9,3.0
2144,33.13980790541353,16,9,3.0
2145,24.222968122523252,15,10,3.0
2146,13.357979107896943,14,11,3.0
2147,3.9243697912500277,13,12,3.0
2148,32.65142704862379,16,9,3.0
2149,34.10989690940313,16,9,3.0
2150,33.61668516368903,16,9,3.0
2151,4.180561603903348,13,12,3.0
2152,33.98360479724397,16,9,3.0
2153,44.54913459793146,17,8,3.0
2154,33.9978730230829,16,9,3.0
2155,24.894243631574643,15,10,3.0
2156,14.375164065172594,14,11,3.0
2157,23.626654345006,15,10,3.0
2158,23.147991682054965,15,10,3.0
2159,23.42936319595804,15,10,3.0
2160,33.285762362610164,16,9,3.0
2161,23.016443427951415,15,10,3.0
2162,33.18790863979075,16,9,3.0
2163,33.43523530800824,16,9,3.0
2164,44.08226842679197,17,8,3.0
2165,33.09583525156132,16,9,3.0
2166,44.34883781581225,17,8,3.0
2167,23.97112390262724,15,10,3.0
2168,-8.00193142130135,12,13,3.0
2169,34.48357535251587,16,9,3.0
2170,22.970604963632667,15,10,3.0
2171,24.72091971406726,15,10,3.0
2172,34.16100339448716,16,9,3.0
2173,2.675902439423667,13,12,3.0
2174,3.36788418384106,13,12,3.0
2175,34.55727733187105,16,9,3.0
2176,33.89533283296469,16,9,3.0
2177,22.446147375228232,15,10,3.0
2178,24.88278762911034,15,10,3.0
2179,33.24131253679175,16,9,3.0
2180,34.60808950563527,16,9,3.0
2181,23.394936224527775,15,10,3.0
2182,22.816109600875663,15,10,3.0
2183,34.02994930175057,16,9,3.0
2184,25.29193958813876,15,10,3.0
2185,23.53969298086274,15,10,3.0
2186,13.220880723811483,14,11,3.0
2187,33.51084746320674,16,9,3.0
2188,34.00036125320483,16,9,3.0
2189,23.062156656075945,15,10,3.0
2190,3.1113524387992175,13,12,3.0
2191,33.63298489976091,16,9,3.0
2192,33.30143313623581,16,9,3.0
2193,23.232900231305155,15,10,3.0
2194,33.947858031364994,16,9,3.0
2195,21.884903839963798,15,10,3.0
2196,22.721453647586415,15,10,3.0
2197,43.155471892573935,17,8,3.0
2198,32.68733669649605,16,9,3.0
2199,23.425251027025684,15,10,3.0
2200,22.765022409013934,15,10,3.0
2201,13.585932252775663,14,11,3.0
2202,22.993075553533732,15,10,3.0
2203,23.84722010792612,15,10,3.0
2204,22.98472940573098,15,10,3.0
2205,34.2862918937412,16,9,3.0
2206,34.281087101860955,16,9,3.0
2207,24.19585951480388,15,10,3.0
2208,23.49037731644974,15,10,3.0
2209,34.45161649089432,16,9,3.0
2210,14.223938012870573,14,11,3.0
2211,24.53915955188244,15,10,3.0
2212,43.68105719118721,17,8,3.0
2213,33.220184732481464,16,9,3.0
2214,13.286833833179623,14,11,3.0
2215,24.823916958089473,15,10,3.0
2216,23.498700140024944,15,10,3.0
2217,32.46003350037322,16,9,3.0
2218,2.719309374720318,13,12,3.0
2219,33.99215137274349,16,9,3.0
2220,23.060248389369864,15,10,3.0
2221,33.974791497322485,16,9,3.0
2222,23.10886742725272,15,10,3.0
2223,32.89387489199116,16,9,3.0
2224,33.402509615852274,16,9,3.0
2225,13.18966159034704,14,11,3.0
2226,24.29292415674042,15,10,3.0
2227,13.661407915861869,14,11,3.0
2228,33.62379206038579,16,9,3.0
2229,24.860720688928325,15,10,3.0
2230,14.012676375042501,14,11,3.0
2231,23.569989299305348,15,10,3.0
2232,33.90782625944643,16,9,3.0
2233,3.6413858145201914,13,12,3.0
2234,23.145139486150644,15,10,3.0
2235,33.28475124551057,16,9,3.0
2236,33.56223427848208,16,9,3.0
2237,43.35057043000622,17,8,3.0
2238,24.86985638880679,15,10,3.0
2239,12.691284930127326,14,11,3.0
2240,13.50330964179272,14,11,3.0
2241,23.140922095393,15,10,3.0
2242,2.333953014401305,13,12,3.0
2243,23.768324402376997,15,10,3.0
2244,24.389755892127713,15,10,3.0
2245,43.56272921436614,17,8,3.0
2246,33.23831657731947,16,9,3.0
2247,13.181611263714089,14,11,3.0
2248,3.414670034914325,13,12,3.0
2249,33.51836881957545,16,9,3.0
2250,13.764757627594662,14,11,3.0
2251,33.72160570901423,16,9,3.0
2252,2.8696393578566806,13,12,3.0
2253,14.18866313949641,14,11,3.0
2254,23.874556190095124,15,10,3.0
2255,44.68284667025386,17,8,3.0
2256,44.25310797952606,17,8,3.0
2257,34.46961330955062,16,9,3.0
2258,33.164506890726045,16,9,3.0
2259,23.62386889100332,15,10,3.0
2260,13.008741743940735,14,11,3.0
2261,24.856523205994215,15,10,3.0
2262,33.856933302547844,16,9,3.0
2263,23.994289972547705,15,10,3.0
2264,43.74578220248966,17,8,3.0
2265,23.028454843260988,15,10,3.0
2266,24.482961142081066,15,10,3.0
2267,23.314168278734243,15,10,3.0
2268,32.95025667785152,16,9,3.0
2269,33.59828504394065,16,9,3.0
2270,34.355021120947505,16,9,3.0
2271,34.93212556773144,16,9,3.0
2272,42.955249716826145,17,8,3.0
2273,24.217618929309545,15,10,3.0
2274,13.375866880284857,14,11,3.0
2275,15.028063176746524,14,11,3.0
2276,23.821414764863206,15,10,3.0
2277,43.582792844610005,17,8,3.0
2278,33.95271322457962,16,9,3.0
2279,23.756740212922487,15,10,3.0
2280,5.115833484769544,13,12,3.0
2281,23.796103477069003,15,10,3.0
2282,23.99834292149015,15,10,3.0
2283,32.795072449022854,16,9,3.0
2284,33.711293525247264,16,9,3.0
2285,42.74238250497247,17,8,3.0
2286,23.92352116185183,15,10,3.0
2287,13.278835327698937,14,11,3.0
2288,33.16173824763804,16,9,3.0
2289,33.36069555354671,16,9,3.0
2290,12.391883374439736,14,11,3.0
2291,34.386028102000886,16,9,3.0
2292,23.593503463439603,15,10,3.0
2293,44.302477508745696,17,8,3.0
2294,33.29188942818966,16,9,3.0
2295,3.7625600476745236,13,12,3.0
2296,13.805399444396585,14,11,3.0
2297,33.67217853793194,16,9,3.0
2298,24.110146339376435,15,10,3.0
2299,35.22123701076924,16,9,3.0
2300,33.551687336347065,16,9,3.0
2301,43.38876659181164,17,8,3.0
2302,23.021046249075063,15,10,3.0
2303,32.94183257166786,16,9,3.0
2304,13.53733530462474,14,11,3.0
2305,33.81179411263187,16,9,3.0
2306,33.81754541285922,16,9,3.0
2307,33.97630537889214,16,9,3.0
2308,23.787181481904014,15,10,3.0
2309,13.02963614805043,14,11,3.0
2310,23.921940686089677,15,10,3.0
2311,34.17668678150084,16,9,3.0
2312,33.92247394970105,16,9,3.0
2313,32.585590755887594,16,9,3.0
2314,33.42628292702218,16,9,3.0
2315,23.65947920172952,15,10,3.0
2316,12.7152161646538,14,11,3.0
2317,43.2947535190161,17,8,3.0
2318,2.9129195510070556,13,12,3.0
2319,13.769568519240714,14,11,3.0
2320,44.057670630490385,17,8,3.0
2321,34.27674370114434,16,9,3.0
2322,23.357029831037256,15,10,3.0
2323,24.208470713124928,15,10,3.0
2324,23.59194995147232,15,10,3.0
2325,32.523775744573285,16,9,3.0
2326,23.89968231743345,15,10,3.0
2327,34.64851770715273,16,9,3.0
2328,44.5166964393538,17,8,3.0
2329,24.069210368378275,15,10,3.0
2330,43.826757510757325,17,8,3.0
2331,23.56423973139069,15,10,3.0
2332,23.739494096799767,15,10,3.0
2333,32.74543859429507,16,9,3.0
2334,13.186355377955241,14,11,3.0
2335,4.327607836573964,13,12,3.0
2336,13.771114622391515,14,11,3.0
2337,23.64013914390125,15,10,3.0
2338,32.66732435291535,16,9,3.0
2339,34.1639237173666,16,9,3.0
2340,13.96799328216262,14,11,3.0
2341,14.235496949099037,14,11,3.0
2342,23.213937082862625,15,10,3.0
2343,4.066367419085639,13,12,3.0
2344,13.504934079058007,14,11,3.0
2345,34.116228063895925,16,9,3.0
2346,13.856762228643404,14,11,3.0
2347,33.53166849273417,16,9,3.0
2348,24.376251805566362,15,10,3.0
2349,34.085715168318316,16,9,3.0
2350,23.77418538927396,15,10,3.0
2351,33.46552202558036,16,9,3.0
2352,42.929167276173494,17,8,3.0
2353,33.88174897717697,16,9,3.0
2354,33.997465030399425,16,9,3.0
2355,24.31204789329475,15,10,3.0
2356,23.767461716286945,15,10,3.0
2357,33.569968581764776,16,9,3.0
2358,43.615832425637976,17,8,3.0
2359,23.91318022625579,15,10,3.0
2360,23.620583863369795,15,10,3.0
2361,23.445943617677585,15,10,3.0
2362,34.01398520794637,16,9,3.0
2363,22.953179832953122,15,10,3.0
2364,32.742699525642735,16,9,3.0
2365,42.954484968198564,17,8,3.0
2366,23.920798639547595,15,10,3.0
2367,23.084086482251823,15,10,3.0
2368,22.093862098818803,15,10,3.0
2369,13.535991026900785,14,11,3.0
2370,13.59503097126576,14,11,3.0
2371,33.89773866915031,16,9,3.0
2372,22.846686696105863,15,10,3.0
2373,33.823283675951025,16,9,3.0
2374,34.192077907990864,16,9,3.0
2375,43.694691918942624,17,8,3.0
2376,23.311917772605415,15,10,3.0
2377,24.440952331450383,15,10,3.0
2378,34.59096167170147,16,9,3.0
2379,23.820286607570953,15,10,3.0
2380,42.95643123753167,17,8,3.0
2381,23.756991837667417,15,10,3.0
2382,33.72026624013146,16,9,3.0
2383,3.087116529322638,13,12,3.0
2384,33.34690296470855,16,9,3.0
2385,22.768401737356054,15,10,3.0
2386,24.339086215030793,15,10,3.0
2387,23.582466635469725,15,10,3.0
2388,13.38900048893143,14,11,3.0
2389,23.786392567060524,15,10,3.0
2390,44.86999614973594,17,8,3.0
2391,23.677147683519728,15,10,3.0
2392,43.068791121979274,17,8,3.0
2393,33.518202543338084,16,9,3.0
2394,43.97485524951878,17,8,3.0
2395,32.90970537398035,16,9,3.0
2396,12.524745326356324,14,11,3.0
2397,12.700826763107822,14,11,3.0
2398,43.201991424256015,17,8,3.0
2399,22.634566509894857,15,10,3.0
2400,32.493763318948844,16,9,3.0
2401,23.244606150005207,15,10,3.0
2402,24.14410174244253,15,10,3.0
2403,33.327375116684536,16,9,3.0
2404,23.621881610582975,15,10,3.0
2405,33.61120627820384,16,9,3.0
2406,14.181466344183708,14,11,3.0
2407,22.80041955866287,15,10,3.0
2408,32.92368560287672,16,9,3.0
2409,32.41790510926808,16,9,3.0
2410,33.5567568142981,16,9,3.0
2411,43.06215936814093,17,8,3.0
2412,33.254911412918865,16,9,3.0
2413,23.0571673744381,15,10,3.0
2414,33.68999980505543,16,9,3.0
2415,43.0927314529825,17,8,3.0
2416,33.30336112197378,16,9,3.0
2417,43.05281866555769,17,8,3.0
2418,44.12258219434433,17,8,3.0
2419,34.06275047422362,16,9,3.0
2420,23.65244164063454,15,10,3.0
2421,33.687079700827184,16,9,3.0
2422,23.775269859697453,15,10,3.0
2423,22.793586856199404,15,10,3.0
2424,23.33697435526901,15,10,3.0
2425,43.54814119182689,17,8,3.0
2426,23.311121587006532,15,10,3.0
2427,32.369812426616164,16,9,3.0
2428,33.61507958662188,16,9,3.0
2429,33.512320191709314,16,9,3.0
2430,33.065641995055394,16,9,3.0
2431,42.9574246205006,17,8,3.0
2432,23.871778886561124,15,10,3.0
2433,33.18452602118716,16,9,3.0
2434,34.10219404593449,16,9,3.0
2435,33.03403993253991,16,9,3.0
2436,23.525712332084797,15,10,3.0
2437,43.73705264381245,17,8,3.0
2438,23.659050556354195,15,10,3.0
2439,14.278264346139366,14,11,3.0
2440,33.427694101843905,16,9,3.0
2441,33.19347856949235,16,9,3.0
2442,32.0877207038026,16,9,3.0
2443,34.46541326966545,16,9,3.0
2444,33.44665217510392,16,9,3.0
2445,13.042404179219703,14,11,3.0
2446,23.793569594716732,15,10,3.0
2447,33.7408127691967,16,9,3.0
2448,33.38202783269261,16,9,3.0
2449,33.24650201264835,16,9,3.0
2450,33.5019313769847,16,9,3.0
2451,34.37453699090205,16,9,3.0
2452,13.415464207649343,14,11,3.0
2453,33.62246986930038,16,9,3.0
2454,24.301612808307123,15,10,3.0
2455,34.010430687025675,16,9,3.0
2456,14.753928377758651,14,11,3.0
2457,32.37105934371934,16,9,3.0
2458,34.195516546437624,16,9,3.0
2459,12.450238391255816,14,11,3.0
2460,23.359490955392783,15,10,3.0
2461,44.42445027145161,17,8,3.0
2462,44.514076013675684,17,8,3.0
2463,24.261195390417498,15,10,3.0
2464,34.147648294703835,16,9,3.0
2465,24.085807514936512,15,10,3.0
2466,23.293672798638763,15,10,3.0
2467,23.386737817879045,15,10,3.0
2468,23.354206642373384,15,10,3.0
2469,22.53578782873689,15,10,3.0
2470,23.649972689273458,15,10,3.0
2471,23.03841805709412,15,10,3.0
2472,34.363510992578675,16,9,3.0
2473,32.72757979968844,16,9,3.0
2474,13.645945904035514,14,11,3.0
2475,33.398080168445006,16,9,3.0
2476,24.273824745185237,15,10,3.0
2477,32.96362603256877,16,9,3.0
2478,23.49734809399644,15,10,3.0
2479,33.2749475397468,16,9,3.0
2480,24.272231615864484,15,10,3.0
2481,33.55378381039657,16,9,3.0
2482,33.09318102147536,16,9,3.0
2483,44.17974395297017,17,8,3.0
2484,43.64802422607633,17,8,3.0
2485,33.25277926490445,16,9,3.0
2486,23.08448562301261,15,10,3.0
2487,34.28345115663504,16,9,3.0
2488,23.973329808679033,15,10,3.0
2489,34.901619736483845,16,9,3.0
2490,24.289186032321744,15,10,3.0
2491,23.072738149126184,15,10,3.0
2492,32.01209942242747,16,9,3.0
2493,33.8027869518615,16,9,3.0
2494,34.02531313787356,16,9,3.0
2495,24.193406603506844,15,10,3.0
2496,34.624313662394506,16,9,3.0
2497,23.557678407419157,15,10,3.0
2498,13.96630614618206,14,11,3.0
2499,34.27090379546517,16,9,3.0
2500,33.83218401174949,16,9,3.0
2501,32.836205946734815,16,9,3.0
2502,33.664641903483606,16,9,3.0
2503,24.243038130242926,15,10,3.0
2504,42.463174752703814,17,8,3.0
2505,23.488714580225853,15,10,3.0
2506,3.9176862803169348,13,12,3.0
2507,44.54809761325234,17,8,3.0
2508,33.66753778205337,16,9,3.0
2509,4.025559178459172,13,12,3.0
2510,32.691206408499774,16,9,3.0
2511,43.17034528223842,17,8,3.0
2512,32.20574519492512,16,9,3.0
2513,33.534224066184855,16,9,3.0
2514,22.75997521675137,15,10,3.0
2515,33.78407245328488,16,9,3.0
2516,33.84832572510288,16,9,3.0
2517,24.266167062190668,15,10,3.0
2518,43.954146177932785,17,8,3.0
2519,32.91003971744624,16,9,3.0
2520,32.38482944025601,16,9,3.0
2521,34.2999696629064,16,9,3.0
2522,22.239935499225407,15,10,3.0
2523,23.91316844099497,15,10,3.0
2524,14.142559200342511,14,11,3.0
2525,34.10901896426162,16,9,3.0
2526,35.64193612992588,16,9,3.0
2527,33.7540312693319,16,9,3.0
2528,34.683024797720805,16,9,3.0
2529,34.45085539531743,16,9,3.0
2530,33.73299798911673,16,9,3.0
2531,23.31871837494857,15,10,3.0
2532,24.140930227785184,15,10,3.0
2533,33.02421437323093,16,9,3.0
2534,23.141656557832043,15,10,3.0
2535,33.23518990468891,16,9,3.0
2536,24.406122541863507,15,10,3.0
2537,22.785709040085305,15,10,3.0
2538,34.14099183066828,16,9,3.0
2539,23.610570516677825,15,10,3.0
2540,44.69008671558624,17,8,3.0
2541,34.09327864136593,16,9,3.0
2542,33.19450668484727,16,9,3.0
2543,32.82733279730096,16,9,3.0
2544,24.11674118493902,15,10,3.0
2545,24.45330981909973,15,10,3.0
2546,34.2373139427597,16,9,3.0
2547,44.43023140612705,17,8,3.0
2548,13.992537423959597,14,11,3.0
2549,33.61272203101178,16,9,3.0
2550,22.550372021767032,15,10,3.0
2551,35.233061505340174,16,9,3.0
2552,33.997947716914965,16,9,3.0
2553,33.55873061301254,16,9,3.0
2554,34.0056909467021,16,9,3.0
2555,34.95344757427086,16,9,3.0
2556,33.3199965438845,16,9,3.0
2557,23.650677103999403,15,10,3.0
2558,32.704650301465584,16,9,3.0
2559,34.00500905558364,16,9,3.0
2560,34.41783119492069,16,9,3.0
2561,22.700664302512095,15,10,3.0
2562,32.860131240217385,16,9,3.0
2563,32.74001261067251,16,9,3.0
2564,34.360093313856396,16,9,3.0
2565,23.876692317274326,15,10,3.0
2566,23.774125723217388,15,10,3.0
2567,23.701774820052286,15,10,3.0
2568,33.19336948484841,16,9,3.0
2569,33.76520319824715,16,9,3.0
2570,22.80688891079824,15,10,3.0
2571,23.44578807389603,15,10,3.0
2572,23.640429441256828,15,10,3.0
2573,33.99348592523536,16,9,3.0
2574,23.45793508985926,15,10,3.0
2575,43.852459680136505,17,8,3.0
2576,23.369473958590884,15,10,3.0
2577,23.99296524136536,15,10,3.0
2578,33.48237132908175,16,9,3.0
2579,23.653961173936946,15,10,3.0
2580,33.65669054772193,16,9,3.0
2581,43.45110216934672,17,8,3.0
2582,24.53250590555784,15,10,3.0
2583,22.84729795865085,15,10,3.0
2584,22.727393832844463,15,10,3.0
2585,32.85079245835952,16,9,3.0
2586,34.308748768945186,16,9,3.0
2587,33.5514788625632,16,9,3.0
2588,33.08044254161759,16,9,3.0
2589,32.990107537112614,16,9,3.0
2590,14.408538479583568,14,11,3.0
2591,24.360389553332517,15,10,3.0
2592,24.40312494229951,15,10,3.0
2593,34.25610486564809,16,9,3.0
2594,13.268053815478549,14,11,3.0
2595,13.033170845695338,14,11,3.0
2596,33.535120939962056,16,9,3.0
2597,13.700208304694222,14,11,3.0
2598,23.142862529417478,15,10,3.0
2599,23.66627271479426,15,10,3.0
2600,13.886836576675243,14,11,3.0
2601,33.72009091065047,16,9,3.0
2602,43.52591180935304,17,8,3.0
2603,24.04216575894121,15,10,3.0
2604,23.692549951882775,15,10,3.0
2605,32.650965130584304,16,9,3.0
2606,13.747961860838021,14,11,3.0
2607,34.49435787079513,16,9,3.0
2608,43.408511325361985,17,8,3.0
2609,33.8497554608504,16,9,3.0
2610,43.718426808224486,17,8,3.0
2611,33.19441425890557,16,9,3.0
2612,3.1659903450168194,13,12,3.0
2613,32.13541938885956,16,9,3.0
2614,23.92078663416955,15,10,3.0
2615,23.847760190320685,15,10,3.0
2616,32.96210598823113,16,9,3.0
2617,23.93622008107345,15,10,3.0
2618,23.173117395578945,15,10,3.0
2619,34.64565791955999,16,9,3.0
2620,33.22207013441323,16,9,3.0
2621,23.360716105250486,15,10,3.0
2622,22.03097507399295,15,10,3.0
2623,32.77767639410461,16,9,3.0
2624,35.06267132327816,16,9,3.0
2625,33.756144717628274,16,9,3.0
2626,23.92941603061881,15,10,3.0
2627,33.560727578089526,16,9,3.0
2628,33.475198327282826,16,9,3.0
2629,23.12694676932204,15,10,3.0
2630,33.04421040628953,16,9,3.0
2631,22.76177213892509,15,10,3.0
2632,23.67569655211181,15,10,3.0
2633,23.916213319155446,15,10,3.0
2634,23.870601891577707,15,10,3.0
2635,34.09816771924402,16,9,3.0
2636,32.938245896951365,16,9,3.0
2637,42.05220129580636,17,8,3.0
2638,2.8738792699482945,13,12,3.0
2639,23.29557358367375,15,10,3.0
2640,23.03268023723247,15,10,3.0
2641,23.602874342941643,15,10,3.0
2642,32.97690009779466,16,9,3.0
2643,43.606384638204865,17,8,3.0
2644,32.64423652045723,16,9,3.0
2645,33.6307495264639,16,9,3.0
2646,23.28659811945703,15,10,3.0
2647,32.367907765419865,16,9,3.0
2648,13.365430592093304,14,11,3.0
2649,33.44153425413255,16,9,3.0
2650,33.05529143777334,16,9,3.0
2651,33.93537001366408,16,9,3.0
2652,33.94599649003072,16,9,3.0
2653,13.0361303475402,14,11,3.0
2654,33.20106302923126,16,9,3.0
2655,32.97720255889691,16,9,3.0
2656,22.79496394682392,15,10,3.0
2657,44.027906634652986,17,8,3.0
2658,33.297694251326575,16,9,3.0
2659,13.58583472043112,14,11,3.0
2660,43.7589451677088,17,8,3.0
2661,24.281875328941553,15,10,3.0
2662,33.54350223317902,16,9,3.0
2663,43.839180800027925,17,8,3.0
2664,21.931879418552278,15,10,3.0
2665,22.97728278050805,15,10,3.0
2666,12.858831272588375,14,11,3.0
2667,33.77184245976918,16,9,3.0
2668,43.61465295028061,17,8,3.0
2669,22.471091456702773,15,10,3.0
2670,43.39201062900064,17,8,3.0
2671,13.40032059665197,14,11,3.0
2672,34.24662039697755,16,9,3.0
2673,43.742861401159885,17,8,3.0
2674,33.39084637308333,16,9,3.0
2675,33.19931277918065,16,9,3.0
2676,12.919822379833201,14,11,3.0
2677,22.60096760193296,15,10,3.0
2678,42.58944696230401,17,8,3.0
2679,3.0279322811159926,13,12,3.0
2680,12.515472445219745,14,11,3.0
2681,34.05868618063923,16,9,3.0
2682,2.4495405833958195,13,12,3.0
2683,32.378274553523035,16,9,3.0
2684,43.393869808358545,17,8,3.0
2685,23.265519318916265,15,10,3.0
2686,33.34763584663833,16,9,3.0
2687,33.13023488404569,16,9,3.0
2688,33.752571785088314,16,9,3.0
2689,31.66859035333595,16,9,3.0
2690,23.47238598112438,15,10,3.0
2691,32.514234426353745,16,9,3.0
2692,33.04730504975171,16,9,3.0
2693,44.137647343734905,17,8,3.0
2694,23.220777006370042,15,10,3.0
2695,23.463276769396373,15,10,3.0
2696,33.858670911079145,16,9,3.0
2697,34.01792842586753,16,9,3.0
2698,43.16595304518793,17,8,3.0
2699,23.247578443695218,15,10,3.0
2700,34.200695690251344,16,9,3.0
2701,-7.624329392601796,12,13,3.0
2702,44.37444754337498,17,8,3.0
2703,12.61400247683765,14,11,3.0
2704,23.014629081335244,15,10,3.0
2705,33.27075189870342,16,9,3.0
2706,44.35379262539594,17,8,3.0
2707,32.570598963622835,16,9,3.0
2708,44.04972896656416,17,8,3.0
2709,23.34494978193317,15,10,3.0
2710,24.222789651300264,15,10,3.0
2711,32.74055113347862,16,9,3.0
2712,33.04305919777708,16,9,3.0
2713,23.370540232672326,15,10,3.0
2714,33.84376849576802,16,9,3.0
2715,23.206792346023775,15,10,3.0
2716,21.61787170144339,15,10,3.0
2717,32.79737503182292,16,9,3.0
2718,24.223071858762616,15,10,3.0
2719,33.74633738255456,16,9,3.0
2720,23.208253153434498,15,10,3.0
2721,24.857325027653214,15,10,3.0
2722,12.647248748342005,14,11,3.0
2723,24.041518068416394,15,10,3.0
2724,25.065429298306405,15,10,3.0
2725,43.815807396056485,17,8,3.0
2726,12.912577952976482,14,11,3.0
2727,31.792426838137903,16,9,3.0
2728,31.759251286956278,16,9,3.0
2729,33.82804364190122,16,9,3.0
2730,44.1564072343976,17,8,3.0
2731,3.8459125633674436,13,12,3.0
2732,23.31211921944081,15,10,3.0
2733,23.994604662266156,15,10,3.0
2734,24.359821265220432,15,10,3.0
2735,33.72472880736398,16,9,3.0
2736,23.84867881129327,15,10,3.0
2737,23.529238579681422,15,10,3.0
2738,43.69548814444075,17,8,3.0
2739,14.591600324895385,14,11,3.0
2740,44.08206982074604,17,8,3.0
2741,12.950549402905011,14,11,3.0
2742,24.47243984030089,15,10,3.0
2743,24.772442475365438,15,10,3.0
2744,23.232683761831744,15,10,3.0
2745,22.976665407201963,15,10,3.0
2746,13.43994533757747,14,11,3.0
2747,32.69247317048553,16,9,3.0
2748,32.776764991336826,16,9,3.0
2749,33.25876289038062,16,9,3.0
2750,12.953644001994489,14,11,3.0
2751,24.527842531766865,15,10,3.0
2752,32.36653190845617,16,9,3.0
2753,43.304601072485994,17,8,3.0
2754,33.92704944712016,16,9,3.0
2755,32.78466801276235,16,9,3.0
2756,23.7524480822172,15,10,3.0
2757,23.211732305067798,15,10,3.0
2758,23.41527732018493,15,10,3.0
2759,34.324214606466626,16,9,3.0
2760,42.56653765626224,17,8,3.0
2761,13.550067228341703,14,11,3.0
2762,24.35002286330241,15,10,3.0
2763,33.71773284216388,16,9,3.0
2764,13.515689535632431,14,11,3.0
2765,44.003144528531465,17,8,3.0
2766,32.74538019441955,16,9,3.0
2767,23.1709276598681,15,10,3.0
2768,3.7677781158057577,13,12,3.0
2769,33.66231244130146,16,9,3.0
2770,35.11959251266361,16,9,3.0
2771,23.261581410851477,15,10,3.0
2772,33.43661362508577,16,9,3.0
2773,34.047507439520096,16,9,3.0
2774,21.80809005589799,15,10,3.0
2775,22.89909673384355,15,10,3.0
2776,44.13664388468068,17,8,3.0
2777,23.987569444261116,15,10,3.0
2778,33.96423174781653,16,9,3.0
2779,33.66380973527309,16,9,3.0
2780,12.840850851504843,14,11,3.0
2781,14.24835625327406,14,11,3.0
2782,34.30949439898873,16,9,3.0
2783,14.394505305825017,14,11,3.0
2784,23.842597297770556,15,10,3.0
2785,34.61476043242949,16,9,3.0
2786,32.77308829214999,16,9,3.0
2787,22.569366580726815,15,10,3.0
2788,14.729648368181437,14,11,3.0
2789,23.225988522878485,15,10,3.0
2790,23.795752664079394,15,10,3.0
2791,12.290826230169461,14,11,3.0
2792,23.524215173939645,15,10,3.0
2793,23.369214352543498,15,10,3.0
2794,32.71915097389127,16,9,3.0
2795,13.176506055625989,14,11,3.0
2796,2.8796292242696575,13,12,3.0
2797,23.080942919606237,15,10,3.0
2798,23.197282165313524,15,10,3.0
2799,24.191154584760383,15,10,3.0
2800,32.911836766984344,16,9,3.0
2801,32.85231585261228,16,9,3.0
2802,33.74718149082989,16,9,3.0
2803,2.5363780942546903,13,12,3.0
2804,44.623526091716215,17,8,3.0
2805,24.077189722897604,15,10,3.0
2806,13.844682032544572,14,11,3.0
2807,13.77252660600698,14,11,3.0
2808,14.272055681784833,14,11,3.0
2809,23.428092740870916,15,10,3.0
2810,34.112946619943514,16,9,3.0
2811,34.398953161188125,16,9,3.0
2812,24.386321151431215,15,10,3.0
2813,33.83943408217888,16,9,3.0
2814,44.0578567623125,17,8,3.0
2815,23.795014720385268,15,10,3.0
2816,24.110537878409463,15,10,3.0
2817,32.45608648970573,16,9,3.0
2818,23.664776518302432,15,10,3.0
2819,33.53095480458507,16,9,3.0
2820,32.84565584431978,16,9,3.0
2821,32.21375871659873,16,9,3.0
2822,34.38881402077705,16,9,3.0
2823,24.409666133485278,15,10,3.0
2824,23.75874922230498,15,10,3.0
2825,43.56054610320607,17,8,3.0
2826,33.79911051369619,16,9,3.0
2827,44.27875128601109,17,8,3.0
2828,32.50290178912382,16,9,3.0
2829,34.62716955485977,16,9,3.0
2830,44.011374208918625,17,8,3.0
2831,14.287073481154291,14,11,3.0
2832,23.517542890447007,15,10,3.0
2833,14.263219590537819,14,11,3.0
2834,22.919691709640507,15,10,3.0
2835,23.415008718076145,15,10,3.0
2836,2.988019573582992,13,12,3.0
2837,32.885101816413204,16,9,3.0
2838,33.16959413590563,16,9,3.0
2839,23.53730615674909,15,10,3.0
2840,13.950252201503982,14,11,3.0
2841,34.02195326568984,16,9,3.0
2842,23.16305105875864,15,10,3.0
2843,22.43740214375099,15,10,3.0
2844,4.317406017099154,13,12,3.0
2845,33.116222343989506,16,9,3.0
2846,24.521728106638268,15,10,3.0
2847,24.154603861139577,15,10,3.0
2848,23.605441532355904,15,10,3.0
2849,34.13693477453595,16,9,3.0
2850,23.780793947557818,15,10,3.0
2851,44.40249785813735,17,8,3.0
2852,34.09364712346926,16,9,3.0
2853,34.12620523722157,16,9,3.0
2854,42.754725012651505,17,8,3.0
2855,23.180048622087217,15,10,3.0
2856,43.18894153603899,17,8,3.0
2857,13.319268309938447,14,11,3.0
2858,33.1978408594484,16,9,3.0
2859,33.20555677371381,16,9,3.0
2860,13.226922158795006,14,11,3.0
2861,45.004799999233065,17,8,3.0
2862,2.5370741341608785,13,12,3.0
2863,13.561338603867673,14,11,3.0
2864,13.811697348610295,14,11,3.0
2865,23.679892490844857,15,10,3.0
2866,33.80005979849459,16,9,3.0
2867,23.46604863326553,15,10,3.0
2868,32.69924072949668,16,9,3.0
2869,33.72959373444002,16,9,3.0
2870,33.74122710236132,16,9,3.0
2871,24.21301719901169,15,10,3.0
2872,43.13061527416714,17,8,3.0
2873,22.605251603989082,15,10,3.0
2874,23.65265046922741,15,10,3.0
2875,23.464377219196955,15,10,3.0
2876,22.633138749147058,15,10,3.0
2877,23.949477556271052,15,10,3.0
2878,22.843366554424506,15,10,3.0
2879,22.655878713461963,15,10,3.0
2880,23.741216156361688,15,10,3.0
2881,33.26891745131719,16,9,3.0
2882,24.25477980397421,15,10,3.0
2883,31.712452602730863,16,9,3.0
2884,23.302702352938056,15,10,3.0
2885,34.40298319095939,16,9,3.0
2886,33.51658101140302,16,9,3.0
2887,23.908305949524312,15,10,3.0
2888,33.803551479041225,16,9,3.0
2889,23.221282829220726,15,10,3.0
2890,23.37287427010872,15,10,3.0
2891,43.13997759859287,17,8,3.0
2892,32.756294861563255,16,9,3.0
2893,23.521653121079826,15,10,3.0
2894,24.825328047492977,15,10,3.0
2895,24.298596052457267,15,10,3.0
2896,23.073187429360623,15,10,3.0
2897,34.98632150875933,16,9,3.0
2898,23.497399558695868,15,10,3.0
2899,34.147114727759025,16,9,3.0
2900,22.347974196797765,15,10,3.0
2901,23.82527652737408,15,10,3.0
2902,23.908807547625727,15,10,3.0
2903,33.32051108262414,16,9,3.0
2904,23.954925637337727,15,10,3.0
2905,4.045488357843576,13,12,3.0
2906,33.2976228555725,16,9,3.0
2907,23.658903786757584,15,10,3.0
2908,32.72507054414997,16,9,3.0
2909,24.078829620492932,15,10,3.0
2910,32.54374298666325,16,9,3.0
2911,44.33594673626144,17,8,3.0
2912,22.48668592397628,15,10,3.0
2913,24.048376911777215,15,10,3.0
2914,33.91810861423412,16,9,3.0
2915,12.715293806935458,14,11,3.0
2916,43.41760670086914,17,8,3.0
2917,34.22030151225576,16,9,3.0
2918,33.25188512267903,16,9,3.0
2919,33.12886585528131,16,9,3.0
2920,32.742832279376394,16,9,3.0
2921,33.58614763071624,16,9,3.0
2922,24.668369273626816,15,10,3.0
2923,13.746137723482152,14,11,3.0
2924,32.3340280650304,16,9,3.0
2925,33.07334621081522,16,9,3.0
2926,11.997972146789722,14,11,3.0
2927,33.35883725249701,16,9,3.0
2928,22.02401624180243,15,10,3.0
2929,34.427683222598105,16,9,3.0
2930,33.96312239875571,16,9,3.0
2931,43.460427919426984,17,8,3.0
2932,43.84177870028202,17,8,3.0
2933,32.71914472967712,16,9,3.0
2934,23.54059888834204,15,10,3.0
2935,33.13177723789343,16,9,3.0
2936,11.989743781473383,14,11,3.0
2937,33.92471448647043,16,9,3.0
2938,34.32315553769884,16,9,3.0
2939,24.043124022769113,15,10,3.0
2940,31.881664675143035,16,9,3.0
2941,24.18815665914714,15,10,3.0
2942,14.178967147584904,14,11,3.0
2943,33.97121978276019,16,9,3.0
2944,34.117112484548656,16,9,3.0
2945,33.63867508555339,16,9,3.0
2946,14.019661962192831,14,11,3.0
2947,33.324302258615205,16,9,3.0
2948,13.276830479160125,14,11,3.0
2949,23.380236090230987,15,10,3.0
2950,32.355092948885684,16,9,3.0
2951,33.82999863692578,16,9,3.0
2952,33.246561973137624,16,9,3.0
2953,22.965806013405036,15,10,3.0
2954,23.758856764904916,15,10,3.0
2955,32.85442520664537,16,9,3.0
2956,33.66565250548064,16,9,3.0
2957,34.165834118638045,16,9,3.0
2958,14.056656143677618,14,11,3.0
2959,33.34996896512298,16,9,3.0
2960,24.992240468715103,15,10,3.0
2961,33.486655417058884,16,9,3.0
2962,32.52795844521285,16,9,3.0
2963,23.724378873649062,15,10,3.0
2964,14.060121856260585,14,11,3.0
2965,22.73946565921766,15,10,3.0
2966,33.54948642257286,16,9,3.0
2967,23.896430504399934,15,10,3.0
2968,33.82008632737584,16,9,3.0
2969,33.45100864187635,16,9,3.0
2970,42.61531056319717,17,8,3.0
2971,13.69346704668233,14,11,3.0
2972,23.057929410645283,15,10,3.0
2973,24.00862903522244,15,10,3.0
2974,34.32110447428809,16,9,3.0
2975,34.406104038976,16,9,3.0
2976,44.16001256712898,17,8,3.0
2977,33.051961793109555,16,9,3.0
2978,23.13100260563429,15,10,3.0
2979,33.5607634454673,16,9,3.0
2980,22.9127437127502,15,10,3.0
2981,23.859583901962527,15,10,3.0
2982,34.883975862711736,16,9,3.0
2983,24.050454483242902,15,10,3.0
2984,23.497014496795277,15,10,3.0
2985,24.078230509633133,15,10,3.0
2986,33.713199864374445,16,9,3.0
2987,2.601481832736586,13,12,3.0
2988,23.195852743535013,15,10,3.0
2989,44.0283406670723,17,8,3.0
2990,33.74083142803864,16,9,3.0
2991,23.389332652074525,15,10,3.0
2992,22.777740035814855,15,10,3.0
2993,23.304836391330646,15,10,3.0
2994,23.442129275712382,15,10,3.0
2995,23.335170094137617,15,10,3.0
2996,33.474659261773176,16,9,3.0
2997,34.410023020426586,16,9,3.0
2998,24.81212915385781,15,10,3.0
2999,23.657995729222584,15,10,3.0
3000,33.305979553036096,16,9,3.0
3001,32.40059700568712,16,9,3.0
3002,3.608260367770571,13,12,3.0
3003,23.79220563331818,15,10,3.0
3004,23.51255551963405,15,10,3.0
3005,43.82221986022674,17,8,3.0
3006,12.709485068558191,14,11,3.0
3007,33.78699967704689,16,9,3.0
3008,33.65246072138091,16,9,3.0
3009,33.28216350492014,16,9,3.0
3010,23.045989028209977,15,10,3.0
3011,24.652536283883837,15,10,3.0
3012,22.944252857693602,15,10,3.0
3013,13.111808528385424,14,11,3.0
3014,14.094684071856646,14,11,3.0
3015,34.21405951809965,16,9,3.0
3016,33.83652085941522,16,9,3.0
3017,33.4404363949473,16,9,3.0
3018,23.603282348783473,15,10,3.0
3019,34.18720514791535,16,9,3.0
3020,44.14625178674042,17,8,3.0
3021,33.070009660943526,16,9,3.0
3022,33.81537532377962,16,9,3.0
3023,33.29576481254925,16,9,3.0
3024,33.57711314624168,16,9,3.0
3025,44.05865557350148,17,8,3.0
3026,33.179256014321396,16,9,3.0
3027,32.85957461624644,16,9,3.0
3028,43.44180351074039,17,8,3.0
3029,32.80883849381614,16,9,3.0
3030,3.2990665558970385,13,12,3.0
3031,33.13260773239624,16,9,3.0
3032,32.76232660475512,16,9,3.0
3033,34.36608574469608,16,9,3.0
3034,33.841156738404976,16,9,3.0
3035,32.70885128284481,16,9,3.0
3036,34.06742872650111,16,9,3.0
3037,22.798036989984077,15,10,3.0
3038,43.30029423301458,17,8,3.0
3039,33.74171068663688,16,9,3.0
3040,22.88790326078071,15,10,3.0
3041,33.118733705450566,16,9,3.0
3042,33.20631709449119,16,9,3.0
3043,23.520241316399968,15,10,3.0
3044,23.722280641133132,15,10,3.0
3045,32.97483225548651,16,9,3.0
3046,21.54309019603864,15,10,3.0
3047,33.934100692991564,16,9,3.0
3048,34.157640775759084,16,9,3.0
3049,22.59765299763755,15,10,3.0
3050,33.063100550836175,16,9,3.0
3051,12.88414754761281,14,11,3.0
3052,44.412288971029255,17,8,3.0
3053,32.78342080490806,16,9,3.0
3054,34.16895127014277,16,9,3.0
3055,23.26356588980898,15,10,3.0
3056,23.96937875911001,15,10,3.0
3057,33.74584914610269,16,9,3.0
3058,32.98300812256917,16,9,3.0
3059,12.743402072943722,14,11,3.0
3060,13.067487481991382,14,11,3.0
3061,12.925283287112826,14,11,3.0
3062,32.84743371362496,16,9,3.0
3063,23.400788925313734,15,10,3.0
3064,34.70722579695651,16,9,3.0
3065,23.64184556491283,15,10,3.0
3066,33.13045469239205,16,9,3.0
3067,22.61992396974388,15,10,3.0
3068,33.47367699273381,16,9,3.0
3069,22.49018568448963,15,10,3.0
3070,23.299352588202066,15,10,3.0
3071,34.195459640152045,16,9,3.0
3072,32.77480328452388,16,9,3.0
3073,44.28585637295685,17,8,3.0
3074,23.184462274288617,15,10,3.0
3075,33.46175796190338,16,9,3.0
3076,24.06106413444055,15,10,3.0
3077,33.81775182510279,16,9,3.0
3078,23.43363401284832,15,10,3.0
3079,33.74324100311445,16,9,3.0
3080,23.317235901607628,15,10,3.0
3081,32.892185296133434,16,9,3.0
3082,23.316769284154702,15,10,3.0
3083,22.835235489585564,15,10,3.0
3084,33.12667768741502,16,9,3.0
3085,34.49693075353696,16,9,3.0
3086,24.028913460766013,15,10,3.0
3087,22.617961109400525,15,10,3.0
3088,33.29490390821353,16,9,3.0
3089,23.391327560300773,15,10,3.0
3090,23.881665486261653,15,10,3.0
3091,33.39582026276528,16,9,3.0
3092,24.294088955891528,15,10,3.0
3093,32.333838745106405,16,9,3.0
3094,23.498835739557542,15,10,3.0
3095,32.70883716387394,16,9,3.0
3096,33.77254819428944,16,9,3.0
3097,33.2758601958449,16,9,3.0
3098,22.73209767771648,15,10,3.0
3099,33.3190335363363,16,9,3.0
3100,33.15162169963263,16,9,3.0
3101,44.54740599230319,17,8,3.0
3102,33.87513202441156,16,9,3.0
3103,33.27161607718198,16,9,3.0
3104,23.783939686182215,15,10,3.0
3105,44.81762669450364,17,8,3.0
3106,33.873008923661516,16,9,3.0
3107,23.183217909337152,15,10,3.0
3108,12.256810663468254,14,11,3.0
3109,23.76512201323366,15,10,3.0
3110,33.99448321236534,16,9,3.0
3111,42.73176826965179,17,8,3.0
3112,43.05800259305127,17,8,3.0
3113,44.52161630911792,17,8,3.0
3114,34.023937739064394,16,9,3.0
3115,44.29914661948511,17,8,3.0
3116,23.001275068279448,15,10,3.0
3117,24.06563716405946,15,10,3.0
3118,14.401272637487388,14,11,3.0
3119,31.834939328862717,16,9,3.0
3120,33.56591188836421,16,9,3.0
3121,33.94580310286616,16,9,3.0
3122,23.42134015926854,15,10,3.0
3123,44.89025665270071,17,8,3.0
3124,44.46871304680207,17,8,3.0
3125,43.9440087275973,17,8,3.0
3126,12.73960904802011,14,11,3.0
3127,23.333185410202166,15,10,3.0
3128,33.70709612533946,16,9,3.0
3129,22.996140381425427,15,10,3.0
3130,34.336025262567105,16,9,3.0
3131,34.1742497717027,16,9,3.0
3132,23.399226831787285,15,10,3.0
3133,33.93804145739612,16,9,3.0
3134,24.529832491307275,15,10,3.0
3135,44.04167406945119,17,8,3.0
3136,22.104283973282406,15,10,3.0
3137,43.910973576932726,17,8,3.0
3138,44.17407992681563,17,8,3.0
3139,24.360125673111924,15,10,3.0
3140,34.026073800526156,16,9,3.0
3141,44.733543503165045,17,8,3.0
3142,22.61338752265574,15,10,3.0
3143,23.416249395179847,15,10,3.0
3144,44.79490904636759,17,8,3.0
3145,34.156472502138726,16,9,3.0
3146,34.212495351838825,16,9,3.0
3147,43.902279408535335,17,8,3.0
3148,14.174767431227458,14,11,3.0
3149,23.477524570621455,15,10,3.0
3150,14.867877249945778,14,11,3.0
3151,23.52489135377189,15,10,3.0
3152,33.66657665869562,16,9,3.0
3153,13.733475002234334,14,11,3.0
3154,34.867879616667935,16,9,3.0
3155,33.115287370507716,16,9,3.0
3156,44.34983635560407,17,8,3.0
3157,13.33293975735347,14,11,3.0
3158,33.330141800593275,16,9,3.0
3159,34.43355480390525,16,9,3.0
3160,24.879014276106044,15,10,3.0
3161,34.064894080798254,16,9,3.0
3162,33.8753310375551,16,9,3.0
3163,23.794723056084578,15,10,3.0
3164,23.364423205408364,15,10,3.0
3165,34.179842282319015,16,9,3.0
3166,44.598083265059564,17,8,3.0
3167,44.42157231997335,17,8,3.0
3168,13.38691797282141,14,11,3.0
3169,24.35119162390134,15,10,3.0
3170,22.839973691524232,15,10,3.0
3171,14.448738928562236,14,11,3.0
3172,34.07104126179145,16,9,3.0
3173,23.988612446961234,15,10,3.0
3174,34.42667070562322,16,9,3.0
3175,33.74275365323608,16,9,3.0
3176,23.562039407209966,15,10,3.0
3177,24.020489730764258,15,10,3.0
3178,23.89329329014066,15,10,3.0
3179,44.88763244263981,17,8,3.0
3180,22.61800232841329,15,10,3.0
3181,32.95413926770465,16,9,3.0
3182,33.81983499096552,16,9,3.0
3183,44.85231359241442,17,8,3.0
3184,13.802034358075291,14,11,3.0
3185,24.990130676325478,15,10,3.0
3186,23.09084975904375,15,10,3.0
3187,23.682644246481985,15,10,3.0
3188,34.95365797121784,16,9,3.0
3189,33.218791187840395,16,9,3.0
3190,43.413051805582185,17,8,3.0
3191,23.715238437268216,15,10,3.0
3192,34.22787794558335,16,9,3.0
3193,23.86854318875167,15,10,3.0
3194,34.39156738182424,16,9,3.0
3195,33.81272669584716,16,9,3.0
3196,34.60034566727262,16,9,3.0
3197,23.257654038846937,15,10,3.0
3198,33.8297622194779,16,9,3.0
3199,34.296050073217266,16,9,3.0
3200,35.05074807336088,16,9,3.0
3201,24.32860063863577,15,10,3.0
3202,23.25074991983266,15,10,3.0
3203,34.19181360123125,16,9,3.0
3204,33.50291001114102,16,9,3.0
3205,15.084072149160297,14,11,3.0
3206,33.466442636044675,16,9,3.0
3207,14.36641714188636,14,11,3.0
3208,34.241199863059286,16,9,3.0
3209,34.4101901340148,16,9,3.0
3210,43.87173798341027,17,8,3.0
3211,34.926097706957826,16,9,3.0
3212,22.17604990467914,15,10,3.0
3213,14.472983583746814,14,11,3.0
3214,43.37915058183886,17,8,3.0
3215,24.559609572308585,15,10,3.0
3216,32.863059723011304,16,9,3.0
3217,34.00936604344407,16,9,3.0
3218,23.8733165906846,15,10,3.0
3219,33.237231085462035,16,9,3.0
3220,33.44551239947867,16,9,3.0
3221,43.451872305143574,17,8,3.0
3222,33.47927377735093,16,9,3.0
3223,34.82036129619433,16,9,3.0
3224,34.09386675174158,16,9,3.0
3225,24.323861089035056,15,10,3.0
3226,34.31870678840265,16,9,3.0
3227,34.207269878140906,16,9,3.0
3228,-6.218321931912568,12,13,3.0
3229,33.98774456850122,16,9,3.0
3230,24.05909657650073,15,10,3.0
3231,34.54014590977565,16,9,3.0
3232,33.487595214568884,16,9,3.0
3233,23.776191247280156,15,10,3.0
3234,44.554732173270224,17,8,3.0
3235,24.658318350490198,15,10,3.0
3236,33.44191677223804,16,9,3.0
3237,33.556340925646545,16,9,3.0
3238,23.694976903611057,15,10,3.0
3239,12.076041856416664,14,11,3.0
3240,14.06772020585091,14,11,3.0
3241,-6.714236765301697,12,13,3.0
3242,24.034886983194404,15,10,3.0
3243,33.62746559338428,16,9,3.0
3244,44.195536575572184,17,8,3.0
3245,43.058643068726624,17,8,3.0
3246,34.38049688816861,16,9,3.0
3247,34.29204056827005,16,9,3.0
3248,33.19760198873676,16,9,3.0
3249,24.179339790847784,15,10,3.0
3250,32.99145485666256,16,9,3.0
3251,23.784368534628555,15,10,3.0
3252,43.717678305806736,17,8,3.0
3253,24.020939201718832,15,10,3.0
3254,24.927504745023402,15,10,3.0
3255,44.24285928501928,17,8,3.0
3256,23.57592215702824,15,10,3.0
3257,44.679230982668045,17,8,3.0
3258,33.13123229741369,16,9,3.0
3259,24.364785210602953,15,10,3.0
3260,22.207821676496536,15,10,3.0
3261,34.19609566689191,16,9,3.0
3262,34.39291507264116,16,9,3.0
3263,24.078978517986364,15,10,3.0
3264,22.98922380118217,15,10,3.0
3265,34.35196553699704,16,9,3.0
3266,34.25699075640028,16,9,3.0
3267,33.4944322153487,16,9,3.0
3268,34.77193073112602,16,9,3.0
3269,34.166340485040195,16,9,3.0
3270,35.227699378187864,16,9,3.0
3271,33.937069787917466,16,9,3.0
3272,23.319932905690287,15,10,3.0
3273,44.30027592789406,17,8,3.0
3274,32.38862856665891,16,9,3.0
3275,43.31686954810711,17,8,3.0
3276,13.584995295243315,14,11,3.0
3277,34.07837587960087,16,9,3.0
3278,44.97673576666134,17,8,3.0
3279,23.047951421178304,15,10,3.0
3280,43.342177128618694,17,8,3.0
3281,34.25111477008117,16,9,3.0
3282,24.15093736001683,15,10,3.0
3283,33.09157295100148,16,9,3.0
3284,33.963299459057524,16,9,3.0
3285,43.11468726214109,17,8,3.0
3286,33.977173631093486,16,9,3.0
3287,23.632580770482438,15,10,3.0
3288,22.803541526817273,15,10,3.0
3289,33.78032132894911,16,9,3.0
3290,33.91264288139179,16,9,3.0
3291,34.7708840861466,16,9,3.0
3292,32.31481088923863,16,9,3.0
3293,33.544485289166644,16,9,3.0
3294,23.919555791630323,15,10,3.0
3295,34.78791290135415,16,9,3.0
3296,43.52154903568205,17,8,3.0
3297,22.605061211661003,15,10,3.0
3298,33.537271898838995,16,9,3.0
3299,35.18387693026683,16,9,3.0
3300,24.92642196952385,15,10,3.0
3301,14.6862531827925,14,11,3.0
3302,25.346390756401707,15,10,3.0
3303,24.32523051299283,15,10,3.0
3304,33.79205462691165,16,9,3.0
3305,23.92026653665734,15,10,3.0
3306,44.85608121755063,17,8,3.0
3307,24.268738006718166,15,10,3.0
3308,33.70713504869017,16,9,3.0
3309,44.858970808447594,17,8,3.0
3310,43.87763529236495,17,8,3.0
3311,33.523577060008144,16,9,3.0
3312,34.77995655142665,16,9,3.0
3313,23.799699838376746,15,10,3.0
3314,34.39171680892077,16,9,3.0
3315,34.36390715909655,16,9,3.0
3316,24.853803161768752,15,10,3.0
3317,33.68386519574935,16,9,3.0
3318,45.33223696147127,17,8,3.0
3319,14.050687289486369,14,11,3.0
3320,44.12583600816276,17,8,3.0
3321,34.22474347248272,16,9,3.0
3322,44.436707379262224,17,8,3.0
3323,43.52138766060679,17,8,3.0
3324,34.65593006592199,16,9,3.0
3325,24.19307043670758,15,10,3.0
3326,44.72959880606374,17,8,3.0
3327,34.42014235672876,16,9,3.0
3328,32.987406900465686,16,9,3.0
3329,23.920885186100428,15,10,3.0
3330,44.142843919222734,17,8,3.0
3331,33.53078157704054,16,9,3.0
3332,33.45843043765255,16,9,3.0
3333,24.60668632730061,15,10,3.0
3334,43.22360116850868,17,8,3.0
3335,34.15499938950032,16,9,3.0
3336,33.5690527053473,16,9,3.0
3337,33.73521747513082,16,9,3.0
3338,23.056189071834545,15,10,3.0
3339,34.16811589881484,16,9,3.0
3340,34.17889936236465,16,9,3.0
3341,44.687042893362246,17,8,3.0
3342,34.1706964183323,16,9,3.0
3343,13.91793737022175,14,11,3.0
3344,14.216585849708364,14,11,3.0
3345,23.186213014335532,15,10,3.0
3346,33.356655210012384,16,9,3.0
3347,32.99897087210891,16,9,3.0
3348,23.834689551744844,15,10,3.0
3349,34.67355016023407,16,9,3.0
3350,23.54924994660737,15,10,3.0
3351,33.84429807114848,16,9,3.0
3352,24.916476321055328,15,10,3.0
3353,13.874406042297096,14,11,3.0
3354,22.94958006546476,15,10,3.0
3355,34.21379953428232,16,9,3.0
3356,13.729866102321605,14,11,3.0
3357,43.91190218491768,17,8,3.0
3358,24.21804850456391,15,10,3.0
3359,13.928486514975729,14,11,3.0
3360,23.065285452733203,15,10,3.0
3361,25.21434871268549,15,10,3.0
3362,33.11259666878365,16,9,3.0
3363,44.17257397120489,17,8,3.0
3364,23.08986116364808,15,10,3.0
3365,24.05954368169373,15,10,3.0
3366,34.63653318979568,16,9,3.0
3367,12.824870290999268,14,11,3.0
3368,23.582940813831456,15,10,3.0
3369,24.00483786543125,15,10,3.0
3370,33.98345583553041,16,9,3.0
3371,33.25377668320306,16,9,3.0
3372,24.65593506780319,15,10,3.0
3373,14.116997497905896,14,11,3.0
3374,44.02969905942369,17,8,3.0
3375,44.389846391673785,17,8,3.0
3376,24.240398118312815,15,10,3.0
3377,13.323351385898825,14,11,3.0
3378,42.77350018951401,17,8,3.0
3379,44.843194774677855,17,8,3.0
3380,32.65037351732584,16,9,3.0
3381,24.045485718343826,15,10,3.0
3382,32.51540682286067,16,9,3.0
3383,24.419553555032177,15,10,3.0
3384,13.70013175309277,14,11,3.0
3385,23.83460528484674,15,10,3.0
3386,13.982928775579385,14,11,3.0
3387,22.920059862341688,15,10,3.0
3388,44.79025835117515,17,8,3.0
3389,34.16002507204594,16,9,3.0
3390,33.53530987774984,16,9,3.0
3391,32.9024449610027,16,9,3.0
3392,23.76398043914465,15,10,3.0
3393,24.232697499041276,15,10,3.0
3394,33.56285038588158,16,9,3.0
3395,33.17381447456129,16,9,3.0
3396,24.17635345928543,15,10,3.0
3397,33.873642352715734,16,9,3.0
3398,34.5368285213841,16,9,3.0
3399,32.875852534841194,16,9,3.0
3400,33.865917494168265,16,9,3.0
3401,23.497707145724686,15,10,3.0
3402,44.14167797701676,17,8,3.0
3403,43.946431199753995,17,8,3.0
3404,43.743405534730336,17,8,3.0
3405,33.59280397585734,16,9,3.0
3406,23.813118313985733,15,10,3.0
3407,32.77262950728418,16,9,3.0
3408,33.730841882486814,16,9,3.0
3409,34.638887684049365,16,9,3.0
3410,33.351892150511624,16,9,3.0
3411,13.520824587961918,14,11,3.0
3412,44.33085350172964,17,8,3.0
3413,34.08736073383608,16,9,3.0
3414,34.38312169054907,16,9,3.0
3415,34.240331736497296,16,9,3.0
3416,24.754761899035337,15,10,3.0
3417,23.55762428186523,15,10,3.0
3418,32.81145970222798,16,9,3.0
3419,13.489681858850222,14,11,3.0
3420,22.794801573996956,15,10,3.0
3421,12.99589592371179,14,11,3.0
3422,35.190107925063565,16,9,3.0
3423,22.32136274273019,15,10,3.0
3424,34.66810708653561,16,9,3.0
3425,33.113782523206076,16,9,3.0
3426,32.666621936610305,16,9,3.0
3427,33.240724883500256,16,9,3.0
3428,33.90851241246477,16,9,3.0
3429,33.90345509930762,16,9,3.0
3430,34.6749714072997,16,9,3.0
3431,34.02118888757273,16,9,3.0
3432,42.971708779711804,17,8,3.0
3433,43.57825838541854,17,8,3.0
3434,23.426534830690336,15,10,3.0
3435,33.524464822944076,16,9,3.0
3436,33.58198015813364,16,9,3.0
3437,33.71733611872008,16,9,3.0
3438,33.633919249060014,16,9,3.0
3439,33.165472369311814,16,9,3.0
3440,34.26291130881613,16,9,3.0
3441,33.38998264402036,16,9,3.0
3442,22.451332203758,15,10,3.0
3443,22.63215581125992,15,10,3.0
3444,23.965734228089072,15,10,3.0
3445,33.89354680457409,16,9,3.0
3446,23.30613802253059,15,10,3.0
3447,23.04657523165989,15,10,3.0
3448,24.693956439988057,15,10,3.0
3449,23.676016785872278,15,10,3.0
3450,33.0974483738028,16,9,3.0
3451,44.344325772490066,17,8,3.0
3452,23.499759145529566,15,10,3.0
3453,44.08635154088104,17,8,3.0
3454,43.4344047561767,17,8,3.0
3455,33.29026837299591,16,9,3.0
3456,23.01018367882744,15,10,3.0
3457,43.700009034499324,17,8,3.0
3458,33.00825452705887,16,9,3.0
3459,33.88584102211466,16,9,3.0
3460,43.646194558811956,17,8,3.0
3461,33.07174092450578,16,9,3.0
3462,33.716709475962965,16,9,3.0
3463,34.215664401466434,16,9,3.0
3464,33.613942718655956,16,9,3.0
3465,34.319731180718186,16,9,3.0
3466,22.926740831902006,15,10,3.0
3467,33.6852589034065,16,9,3.0
3468,33.94846114928636,16,9,3.0
3469,23.766084283856348,15,10,3.0
3470,23.108832691838224,15,10,3.0
3471,32.196314684684296,16,9,3.0
3472,22.52195053236874,15,10,3.0
3473,12.91186925497647,14,11,3.0
3474,34.67116652910821,16,9,3.0
3475,42.95855679842583,17,8,3.0
3476,25.208271821777128,15,10,3.0
3477,43.27753274338115,17,8,3.0
3478,33.684761168732095,16,9,3.0
3479,33.29320620190671,16,9,3.0
3480,33.44738423344029,16,9,3.0
3481,13.57139109574474,14,11,3.0
3482,24.069818412515673,15,10,3.0
3483,25.153845713022264,15,10,3.0
3484,33.14071762437479,16,9,3.0
3485,33.60604292553893,16,9,3.0
3486,43.02325831543711,17,8,3.0
3487,24.669652492824884,15,10,3.0
3488,43.077524882998404,17,8,3.0
3489,44.30078702256691,17,8,3.0
3490,23.62702538185135,15,10,3.0
3491,43.94565125254296,17,8,3.0
3492,34.286965212693346,16,9,3.0
3493,33.81026290946444,16,9,3.0
3494,33.16982096891305,16,9,3.0
3495,22.315991265884925,15,10,3.0
3496,34.47551054278347,16,9,3.0
3497,33.5562437692982,16,9,3.0
3498,23.641976005212236,15,10,3.0
3499,24.44019799832462,15,10,3.0
3500,23.366740345297835,15,10,3.0
3501,34.230135460218506,16,9,3.0
3502,23.149378438039882,15,10,3.0
3503,34.676215420695584,16,9,3.0
3504,33.83870779171999,16,9,3.0
3505,24.329275381838077,15,10,3.0
3506,44.225775812257204,17,8,3.0
3507,43.77504743120669,17,8,3.0
3508,25.067663697799084,15,10,3.0
3509,33.13931841746977,16,9,3.0
3510,44.78570363143103,17,8,3.0
3511,34.35750840355608,16,9,3.0
3512,43.60619973998819,17,8,3.0
3513,25.12187886067482,15,10,3.0
3514,44.35905486278733,17,8,3.0
3515,13.796859023675744,14,11,3.0
3516,33.276707241369635,16,9,3.0
3517,33.84618406008046,16,9,3.0
3518,43.29474251154689,17,8,3.0
3519,33.51489206000788,16,9,3.0
3520,43.422051183964854,17,8,3.0
3521,34.34395877901452,16,9,3.0
3522,23.368349504456628,15,10,3.0
3523,43.89514677946303,17,8,3.0
3524,23.547688616000794,15,10,3.0
3525,13.260155214269844,14,11,3.0
3526,24.40267454620038,15,10,3.0
3527,44.56077171609899,17,8,3.0
3528,34.09947048145798,16,9,3.0
3529,34.58737127157491,16,9,3.0
3530,33.890445397320164,16,9,3.0
3531,43.99991142911106,17,8,3.0
3532,43.75502094763969,17,8,3.0
3533,24.762130698165294,15,10,3.0
3534,33.15037861621986,16,9,3.0
3535,43.82784236007116,17,8,3.0
3536,34.96206975421728,16,9,3.0
3537,33.34553239721429,16,9,3.0
3538,33.3145934056415,16,9,3.0
3539,23.935618485816477,15,10,3.0
3540,33.14324056719883,16,9,3.0
3541,34.35854582965559,16,9,3.0
3542,32.80088909544803,16,9,3.0
3543,13.631248792931206,14,11,3.0
3544,34.551285245128476,16,9,3.0
3545,44.880184700617924,17,8,3.0
3546,24.558016656856754,15,10,3.0
3547,24.021819254743946,15,10,3.0
3548,23.264904822537034,15,10,3.0
3549,23.458723377060743,15,10,3.0
3550,34.14968936807602,16,9,3.0
3551,25.755831700984572,15,10,3.0
3552,33.566810969456675,16,9,3.0
3553,34.91327857314919,16,9,3.0
3554,24.276433601335164,15,10,3.0
3555,43.6754008477265,17,8,3.0
3556,34.30859524460686,16,9,3.0
3557,24.622612811002817,15,10,3.0
3558,33.569068328901274,16,9,3.0
3559,34.06532012726926,16,9,3.0
3560,13.254316761457229,14,11,3.0
3561,34.479760736928405,16,9,3.0
3562,24.26064674363061,15,10,3.0
3563,34.49113271558774,16,9,3.0
3564,34.91386840348683,16,9,3.0
3565,34.497781833851874,16,9,3.0
3566,35.5473899037705,16,9,3.0
3567,35.13608307043058,16,9,3.0
3568,24.16653442816834,15,10,3.0
3569,24.950887373932087,15,10,3.0
3570,34.3361610197263,16,9,3.0
3571,24.585076176386575,15,10,3.0
3572,34.335705848889674,16,9,3.0
3573,25.3412495557075,15,10,3.0
3574,33.060399085253245,16,9,3.0
3575,24.887147674011032,15,10,3.0
3576,33.08526361622212,16,9,3.0
3577,13.723567703309898,14,11,3.0
3578,34.33383174778294,16,9,3.0
3579,44.41704871647156,17,8,3.0
3580,24.14619572008447,15,10,3.0
3581,34.680001308930535,16,9,3.0
3582,24.177782745226615,15,10,3.0
3583,34.24860565500392,16,9,3.0
3584,34.39297769536543,16,9,3.0
3585,35.090019373037066,16,9,3.0
3586,23.907804307364277,15,10,3.0
3587,35.26074692273478,16,9,3.0
3588,15.224601790660907,14,11,3.0
3589,42.81374541631903,17,8,3.0
3590,13.582567743988735,14,11,3.0
3591,44.99404620222199,17,8,3.0
3592,24.719877144666597,15,10,3.0
3593,33.253170509264,16,9,3.0
3594,34.44115731870363,16,9,3.0
3595,45.18442441952107,17,8,3.0
3596,33.50805045948692,16,9,3.0
3597,33.782042259751066,16,9,3.0
3598,35.05683698617851,16,9,3.0
3599,25.239091563204752,15,10,3.0
3600,33.403218338253524,16,9,3.0
3601,23.56045538405821,15,10,3.0
3602,14.471586487829445,14,11,3.0
3603,34.05118767093334,16,9,3.0
3604,34.7828144369206,16,9,3.0
3605,43.79445124085,17,8,3.0
3606,34.44419102798033,16,9,3.0
3607,34.86492998981555,16,9,3.0
3608,43.915871460470115,17,8,3.0
3609,33.88912497399399,16,9,3.0
3610,35.097524036188084,16,9,3.0
3611,33.64543058777829,16,9,3.0
3612,23.607889789897754,15,10,3.0
3613,42.491418331962564,17,8,3.0
3614,45.08419535593485,17,8,3.0
3615,25.001196320757547,15,10,3.0
3616,24.205842528586174,15,10,3.0
3617,34.444179743877655,16,9,3.0
3618,23.93599577689156,15,10,3.0
3619,44.58752543396519,17,8,3.0
3620,34.185077086001094,16,9,3.0
3621,13.73403458780265,14,11,3.0
3622,24.405373305951795,15,10,3.0
3623,35.402815230506064,16,9,3.0
3624,33.81796347734356,16,9,3.0
3625,22.91041247229562,15,10,3.0
3626,25.074245368558522,15,10,3.0
3627,33.374547233706785,16,9,3.0
3628,44.63547093427575,17,8,3.0
3629,33.52948189059543,16,9,3.0
3630,24.717764616544162,15,10,3.0
3631,24.231601876468645,15,10,3.0
3632,34.061096191206715,16,9,3.0
3633,23.77868553576745,15,10,3.0
3634,44.750872850982255,17,8,3.0
3635,33.40243131946203,16,9,3.0
3636,43.517537319863536,17,8,3.0
3637,44.55986873031214,17,8,3.0
3638,33.85813941367703,16,9,3.0
3639,24.005659122469304,15,10,3.0
3640,34.45903517506241,16,9,3.0
3641,34.28342799011419,16,9,3.0
3642,34.23383907866911,16,9,3.0
3643,34.156741079911846,16,9,3.0
3644,22.581417591887543,15,10,3.0
3645,23.56415199713467,15,10,3.0
3646,34.62138921760128,16,9,3.0
3647,35.06928905341885,16,9,3.0
3648,23.467976906876316,15,10,3.0
3649,32.65552517830256,16,9,3.0
3650,33.54525264138964,16,9,3.0
3651,44.452533097100506,17,8,3.0
3652,44.04383073019276,17,8,3.0
3653,34.43341359249874,16,9,3.0
3654,32.245662906286356,16,9,3.0
3655,43.58960817207221,17,8,3.0
3656,42.87654355480702,17,8,3.0
3657,34.78931356119102,16,9,3.0
3658,32.7424915512109,16,9,3.0
3659,23.49982479592928,15,10,3.0
3660,33.0187402795437,16,9,3.0
3661,45.40540529953074,17,8,3.0
3662,44.70989374968141,17,8,3.0
3663,44.020929503163295,17,8,3.0
3664,24.645824369547146,15,10,3.0
3665,44.00447458219267,17,8,3.0
3666,35.36687366036592,16,9,3.0
3667,33.957592465456855,16,9,3.0
3668,44.8265957211383,17,8,3.0
3669,33.36401092113303,16,9,3.0
3670,33.53540674186762,16,9,3.0
3671,35.07808925854191,16,9,3.0
3672,22.052866426581204,15,10,3.0
3673,34.303174538240725,16,9,3.0
3674,23.278190657137337,15,10,3.0
3675,43.72608287713694,17,8,3.0
3676,44.22977395070426,17,8,3.0
3677,44.18635091974869,17,8,3.0
3678,44.00234869592664,17,8,3.0
3679,44.44811646605679,17,8,3.0
3680,33.64797410082448,16,9,3.0
3681,24.176681682881018,15,10,3.0
3682,43.384632711150495,17,8,3.0
3683,34.367176392820035,16,9,3.0
3684,44.93156120615517,17,8,3.0
3685,33.7006989839214,16,9,3.0
3686,24.161407961176536,15,10,3.0
3687,34.04472693710996,16,9,3.0
3688,34.28917501492623,16,9,3.0
3689,34.44457136882455,16,9,3.0
3690,34.283563500581614,16,9,3.0
3691,23.528040910673493,15,10,3.0
3692,24.64483371312061,15,10,3.0
3693,34.04052268226778,16,9,3.0
3694,33.35414425080577,16,9,3.0
3695,44.84424077292129,17,8,3.0
3696,32.792011032617665,16,9,3.0
3697,3.600869363134234,13,12,3.0
3698,43.68528768372869,17,8,3.0
3699,34.14757781955439,16,9,3.0
3700,13.252461102658431,14,11,3.0
3701,43.48877237361584,17,8,3.0
3702,34.783801863147175,16,9,3.0
3703,23.237346758525298,15,10,3.0
3704,33.41904105231958,16,9,3.0
3705,34.924322571764655,16,9,3.0
3706,34.15733762282302,16,9,3.0
3707,33.56308539083688,16,9,3.0
3708,34.31016131211559,16,9,3.0
3709,23.90463443515282,15,10,3.0
3710,14.199769351204614,14,11,3.0
3711,43.13730621038264,17,8,3.0
3712,34.14692678123426,16,9,3.0
3713,23.70815419974658,15,10,3.0
3714,24.283725770699437,15,10,3.0
3715,22.428995808812964,15,10,3.0
3716,44.10548504967518,17,8,3.0
3717,23.10236155328782,15,10,3.0
3718,23.80008181974808,15,10,3.0
3719,44.7300722452966,17,8,3.0
3720,34.591783789182635,16,9,3.0
3721,33.67643727050033,16,9,3.0
3722,34.02386063290747,16,9,3.0
3723,34.445844534387646,16,9,3.0
3724,14.399159203092248,14,11,3.0
3725,23.820244750410673,15,10,3.0
3726,13.551771702154774,14,11,3.0
3727,14.451096596486789,14,11,3.0
3728,33.71335159270494,16,9,3.0
3729,33.58145888309069,16,9,3.0
3730,24.441536730690377,15,10,3.0
3731,14.418654736503273,14,11,3.0
3732,43.732723770143394,17,8,3.0
3733,23.85569535122861,15,10,3.0
3734,24.328829702579554,15,10,3.0
3735,23.45145066076877,15,10,3.0
3736,43.278818524524695,17,8,3.0
3737,42.464328006852185,17,8,3.0
3738,44.96188599955791,17,8,3.0
3739,43.96359007305678,17,8,3.0
3740,43.73541640287078,17,8,3.0
3741,34.12040079249937,16,9,3.0
3742,33.745820460160154,16,9,3.0
3743,43.57031379656392,17,8,3.0
3744,44.06521019336414,17,8,3.0
3745,24.045254271029282,15,10,3.0
3746,34.02738189702348,16,9,3.0
3747,33.71249929674394,16,9,3.0
3748,43.72242882026816,17,8,3.0
3749,45.231185178075705,17,8,3.0
3750,34.094452309670636,16,9,3.0
3751,23.387203821538524,15,10,3.0
3752,24.37362007810379,15,10,3.0
3753,34.2662407240553,16,9,3.0
3754,33.13488145493664,16,9,3.0
3755,34.435020187324206,16,9,3.0
3756,33.68296153891765,16,9,3.0
3757,23.439193663431507,15,10,3.0
3758,32.79202784615166,16,9,3.0
3759,33.42902798841973,16,9,3.0
3760,23.11283633413679,15,10,3.0
3761,13.627367805315442,14,11,3.0
3762,33.17503696320216,16,9,3.0
3763,24.305836142671957,15,10,3.0
3764,43.64654713426525,17,8,3.0
3765,22.909076574806132,15,10,3.0
3766,32.46670572671759,16,9,3.0
3767,35.014696115246586,16,9,3.0
3768,24.10133020103424,15,10,3.0
3769,23.10317338363769,15,10,3.0
3770,43.72192255138119,17,8,3.0
3771,24.00833480158741,15,10,3.0
3772,24.071840688007587,15,10,3.0
3773,43.728428865517294,17,8,3.0
3774,44.46862945653849,17,8,3.0
3775,2.8570054840991004,13,12,3.0
3776,24.477104262539896,15,10,3.0
3777,34.16471899949619,16,9,3.0
3778,43.99721721943172,17,8,3.0
3779,4.273794816418128,13,12,3.0
3780,34.02565374792535,16,9,3.0
3781,33.71774618118065,16,9,3.0
3782,33.909523997530435,16,9,3.0
3783,24.462758120824706,15,10,3.0
3784,34.580404052031845,16,9,3.0
3785,32.881788816740794,16,9,3.0
3786,25.16717206118503,15,10,3.0
3787,23.853613779703664,15,10,3.0
3788,33.491460137743495,16,9,3.0
3789,34.69790290839845,16,9,3.0
3790,24.22495830843503,15,10,3.0
3791,24.415494448781264,15,10,3.0
3792,34.83523297433219,16,9,3.0
3793,32.98740113780426,16,9,3.0
3794,44.73574304351943,17,8,3.0
3795,24.748013964671664,15,10,3.0
3796,34.96015766664718,16,9,3.0
3797,44.466820477831234,17,8,3.0
3798,24.129684882921804,15,10,3.0
3799,33.953611872647414,16,9,3.0
3800,34.74311504858534,16,9,3.0
3801,44.42180275286261,17,8,3.0
3802,45.39721448821682,17,8,3.0
3803,44.89996599560498,17,8,3.0
3804,23.76856656079234,15,10,3.0
3805,34.819230159092214,16,9,3.0
3806,24.577942907297903,15,10,3.0
3807,34.41813413093344,16,9,3.0
3808,35.539391499920534,16,9,3.0
3809,34.65195609929336,16,9,3.0
3810,23.382547117959163,15,10,3.0
3811,24.305748557795727,15,10,3.0
3812,34.03407462051923,16,9,3.0
3813,33.090464630806,16,9,3.0
3814,23.691659016555946,15,10,3.0
3815,23.711367490448566,15,10,3.0
3816,24.992723285542755,15,10,3.0
3817,34.627398010197325,16,9,3.0
3818,34.10596988341106,16,9,3.0
3819,34.079750948298475,16,9,3.0
3820,23.926129380840365,15,10,3.0
3821,44.10847852163727,17,8,3.0
3822,34.80181952999173,16,9,3.0
3823,24.192322925320113,15,10,3.0
3824,33.9987569916274,16,9,3.0
3825,33.2569304519417,16,9,3.0
3826,33.50036123002859,16,9,3.0
3827,34.70267092081751,16,9,3.0
3828,34.137193296559296,16,9,3.0
3829,44.03295049742658,17,8,3.0
3830,34.55799010297842,16,9,3.0
3831,33.973342419354395,16,9,3.0
3832,44.141760626614385,17,8,3.0
3833,34.93002835481615,16,9,3.0
3834,33.82200620645958,16,9,3.0
3835,24.43787768386236,15,10,3.0
3836,33.4286894118462,16,9,3.0
3837,33.77467928356881,16,9,3.0
3838,13.76332063043187,14,11,3.0
3839,24.227327469305596,15,10,3.0
3840,5.0371777989941,13,12,3.0
3841,45.19571126452282,17,8,3.0
3842,44.6213292015421,17,8,3.0
3843,14.35940676217416,14,11,3.0
3844,44.10289769261638,17,8,3.0
3845,33.38329950299605,16,9,3.0
3846,34.55040851412474,16,9,3.0
3847,24.124501570775355,15,10,3.0
3848,33.62064718209139,16,9,3.0
3849,33.781175521266576,16,9,3.0
3850,33.889994144398905,16,9,3.0
3851,44.30511520012432,17,8,3.0
3852,34.36273263182209,16,9,3.0
3853,45.45030053340102,17,8,3.0
3854,33.818819579632915,16,9,3.0
3855,14.304255375786383,14,11,3.0
3856,43.525491775279455,17,8,3.0
3857,34.07022590820435,16,9,3.0
3858,35.05165889418315,16,9,3.0
3859,44.78426306986145,17,8,3.0
3860,23.936980331781886,15,10,3.0
3861,23.65223762771328,15,10,3.0
3862,33.611817502954764,16,9,3.0
3863,33.92795549388992,16,9,3.0
3864,43.16689961832544,17,8,3.0
3865,44.20786904662983,17,8,3.0
3866,44.18496280822472,17,8,3.0
3867,34.07639768552316,16,9,3.0
3868,34.4988514557482,16,9,3.0
3869,34.54020658790136,16,9,3.0
3870,14.874265164248548,14,11,3.0
3871,43.487187867170036,17,8,3.0
3872,34.84792472886476,16,9,3.0
3873,24.290995013281805,15,10,3.0
3874,44.61703751407724,17,8,3.0
3875,33.682491336110495,16,9,3.0
3876,45.235091700003245,17,8,3.0
3877,34.11926587214798,16,9,3.0
3878,44.546141591056646,17,8,3.0
3879,44.14556662604349,17,8,3.0
3880,34.51093954692436,16,9,3.0
3881,44.145518299744786,17,8,3.0
3882,44.343048154289825,17,8,3.0
3883,14.58284374466762,14,11,3.0
3884,43.917640209114836,17,8,3.0
3885,24.781989354489774,15,10,3.0
3886,34.371959074460506,16,9,3.0
3887,33.8265565294543,16,9,3.0
3888,24.8840481124047,15,10,3.0
3889,33.93085638320916,16,9,3.0
3890,24.191640955084125,15,10,3.0
3891,23.542788491434578,15,10,3.0
3892,43.10982987273712,17,8,3.0
3893,34.146104437430886,16,9,3.0
3894,13.769494693582418,14,11,3.0
3895,24.420531180593514,15,10,3.0
3896,33.4111545967718,16,9,3.0
3897,33.5190527334861,16,9,3.0
3898,22.34936573882514,15,10,3.0
3899,23.41780995733354,15,10,3.0
3900,34.930793882939966,16,9,3.0
3901,43.84401324233427,17,8,3.0
3902,24.879126645509768,15,10,3.0
3903,33.917338023053006,16,9,3.0
3904,34.14332562984288,16,9,3.0
3905,34.308223525674364,16,9,3.0
3906,33.33373788411463,16,9,3.0
3907,24.17822598097185,15,10,3.0
3908,24.486873131390826,15,10,3.0
3909,33.85905679421644,16,9,3.0
3910,44.90171794801933,17,8,3.0
3911,24.091461390377443,15,10,3.0
3912,44.05033770839563,17,8,3.0
3913,32.92128439578133,16,9,3.0
3914,33.95965367201715,16,9,3.0
3915,34.74807334297703,16,9,3.0
3916,34.31776032692678,16,9,3.0
3917,34.384133909184044,16,9,3.0
3918,23.786008728723314,15,10,3.0
3919,25.272792502780423,15,10,3.0
3920,24.202064186585012,15,10,3.0
3921,44.52722007923198,17,8,3.0
3922,24.008838271749283,15,10,3.0
3923,23.677415418204426,15,10,3.0
3924,44.64042307754554,17,8,3.0
3925,44.78052878433688,17,8,3.0
3926,34.067562766992644,16,9,3.0
3927,44.78734390430422,17,8,3.0
3928,44.63111666226553,17,8,3.0
3929,34.003847625532735,16,9,3.0
3930,24.110999111909333,15,10,3.0
3931,14.004849023606377,14,11,3.0
3932,33.58926030727101,16,9,3.0
3933,45.20200692116466,17,8,3.0
3934,44.08502726606378,17,8,3.0
3935,34.56068027891136,16,9,3.0
3936,44.31922437621891,17,8,3.0
3937,44.069667121639554,17,8,3.0
3938,33.7801903665534,16,9,3.0
3939,35.04860755261791,16,9,3.0
3940,23.782799528613992,15,10,3.0
3941,24.45125199734195,15,10,3.0
3942,24.610362817593355,15,10,3.0
3943,44.05783341264309,17,8,3.0
3944,35.48091783396283,16,9,3.0
3945,25.319076267764697,15,10,3.0
3946,44.16269024382238,17,8,3.0
3947,34.319908427583464,16,9,3.0
3948,33.50117656846812,16,9,3.0
3949,24.9798015388702,15,10,3.0
3950,34.24414435504798,16,9,3.0
3951,23.037039672671167,15,10,3.0
3952,35.14203696483411,16,9,3.0
3953,34.72852960803095,16,9,3.0
3954,44.72046422791513,17,8,3.0
3955,23.773666859676965,15,10,3.0
3956,43.88998538427458,17,8,3.0
3957,34.428120242015005,16,9,3.0
3958,33.914689536400026,16,9,3.0
3959,34.489002464913334,16,9,3.0
3960,34.99394357930194,16,9,3.0
3961,44.74334859027118,17,8,3.0
3962,24.22854571953767,15,10,3.0
3963,34.753237303841985,16,9,3.0
3964,34.195336197945686,16,9,3.0
3965,33.78991770974111,16,9,3.0
3966,43.72896821308355,17,8,3.0
3967,35.14891588494943,16,9,3.0
3968,32.797473852341525,16,9,3.0
3969,43.790751706505,17,8,3.0
3970,24.02368350704247,15,10,3.0
3971,14.473208677590467,14,11,3.0
3972,34.33374803186698,16,9,3.0
3973,24.521969558105724,15,10,3.0
3974,44.31297875339713,17,8,3.0
3975,34.00493997820185,16,9,3.0
3976,4.801355319808112,13,12,3.0
3977,33.41737526927218,16,9,3.0
3978,34.97734871626318,16,9,3.0
3979,24.029412584900218,15,10,3.0
3980,44.91957934318328,17,8,3.0
3981,13.608376485550826,14,11,3.0
3982,44.297165759793536,17,8,3.0
3983,33.86530028957022,16,9,3.0
3984,23.304165383528737,15,10,3.0
3985,34.372831459578954,16,9,3.0
3986,13.885136732659067,14,11,3.0
3987,44.43698090447325,17,8,3.0
3988,34.33609637810073,16,9,3.0
3989,43.57606504872489,17,8,3.0
3990,23.38901203459003,15,10,3.0
3991,23.26186363205808,15,10,3.0
3992,34.60512222132367,16,9,3.0
3993,23.161063702626222,15,10,3.0
3994,34.39025478903199,16,9,3.0
3995,43.68394659877551,17,8,3.0
3996,34.23793948403572,16,9,3.0
3997,44.776711269363425,17,8,3.0
3998,13.54873614630566,14,11,3.0
3999,34.87134451110556,16,9,3.0
4000,24.483303690106897,15,10,3.0
