"# mode=fixed d_value=5 d=[0,0] p=0.50 dr=0 seed=1 topology=fixed ch=3 n_agents=5 obs_dim=34 n_episodes=4000"
episode,sum_reward,success,fail,mean_delay
1,-56.08648355142478,7,18,5.0
2,-26.400467640346747,10,15,5.0
3,-56.934785818037945,7,18,5.0
4,-46.69567511176433,8,17,5.0
5,-35.64757098871472,9,16,5.0
6,-25.965550311675536,10,15,5.0
7,-55.647880426257615,7,18,5.0
8,-46.2724881854431,8,17,5.0
9,-65.07479005482008,6,19,5.0
10,-77.05563445620122,5,20,5.0
11,-34.816726148372894,9,16,5.0
12,-35.92965631382805,9,16,5.0
13,-46.463819518265936,8,17,5.0
14,-65.73952486145151,6,19,5.0
15,-56.52910901492602,7,18,5.0
16,-46.32624474191405,8,17,5.0
17,-56.80900084540899,7,18,5.0
18,-67.0839622687669,6,19,5.0
19,-75.59502363159685,5,20,5.0
20,-66.60697199749234,6,19,5.0
21,-47.24491856132374,8,17,5.0
22,-36.82707708756265,9,16,5.0
23,-25.337432718115647,10,15,5.0
24,-27.405261088331315,10,15,5.0
25,-77.26425359089913,5,20,5.0
26,-44.36552020055764,8,17,5.0
27,-55.48885787834648,7,18,5.0
28,-45.433468130224014,8,17,5.0
29,-46.45596963129222,8,17,5.0
30,-35.42753937220173,9,16,5.0
31,-65.92994983644677,6,19,5.0
32,-76.25461223065577,5,20,5.0
33,-56.69614985631666,7,18,5.0
34,-66.43107447506692,6,19,5.0
35,-55.53347969522634,7,18,5.0
36,-36.32811839477296,9,16,5.0
37,-66.18914715270081,6,19,5.0
38,-66.3576830270051,6,19,5.0
39,-66.37683703657767,6,19,5.0
40,-36.68215902183694,9,16,5.0
41,-26.459967112676818,10,15,5.0
42,-65.97215584056174,6,19,5.0
43,-45.81996848672726,8,17,5.0
44,-26.75444454437998,10,15,5.0
45,-35.26918540732712,9,16,5.0
46,-75.55115154132787,5,20,5.0
47,-45.60507426875232,8,17,5.0
48,-55.68074558699608,7,18,5.0
49,-25.44456502408504,10,15,5.0
50,-54.83776939639618,7,18,5.0
51,-26.57723025826899,10,15,5.0
52,-65.08016708502686,6,19,5.0
53,-46.101260597492605,8,17,5.0
54,-26.00954592142631,10,15,5.0
55,-26.776875016325032,10,15,5.0
56,-26.108333332109297,10,15,5.0
57,-46.414586483324626,8,17,5.0
58,-45.36947440632533,8,17,5.0
59,-36.19874033590787,9,16,5.0
60,-24.922704916789375,10,15,5.0
61,-55.74179710560234,7,18,5.0
62,-36.33020656577376,9,16,5.0
63,-54.76329019020831,7,18,5.0
64,-45.24891704793318,8,17,5.0
65,-75.72887535180689,5,20,5.0
66,-46.61622111500209,8,17,5.0
67,-55.57257133507598,7,18,5.0
68,-14.730859806974218,11,14,5.0
69,-66.41593031311636,6,19,5.0
70,-35.27927814251343,9,16,5.0
71,-56.16220916526602,7,18,5.0
72,-65.75933151307609,6,19,5.0
73,-65.81249836922572,6,19,5.0
74,-26.380003580370555,10,15,5.0
75,-45.658447295154616,8,17,5.0
76,-56.8508316790908,7,18,5.0
77,-35.149818008723024,9,16,5.0
78,-25.074619253059502,10,15,5.0
79,-44.10178876724966,8,17,5.0
80,-36.66831319490677,9,16,5.0
81,-74.62728969554425,5,20,5.0
82,-35.74265570173118,9,16,5.0
83,-35.8728951586546,9,16,5.0
84,-36.864376945906315,9,16,5.0
85,-46.90662056844664,8,17,5.0
86,-37.48472630480053,9,16,5.0
87,-56.08058291735399,7,18,5.0
88,-76.1579738155077,5,20,5.0
89,-55.28981064275864,7,18,5.0
90,-56.31287271476856,7,18,5.0
91,-35.43904691918271,9,16,5.0
92,-16.20058226324765,11,14,5.0
93,-56.6424445722529,7,18,5.0
94,-46.707163800390035,8,17,5.0
95,-36.692124627249626,9,16,5.0
96,-76.15107952669962,5,20,5.0
97,-35.20493347077916,9,16,5.0
98,-45.31770646923452,8,17,5.0
99,-55.17728907064054,7,18,5.0
100,-75.65295566151508,5,20,5.0
101,-25.163847260446868,10,15,5.0
102,-45.74023429305437,8,17,5.0
103,-25.71857575659463,10,15,5.0
104,-35.9317357428689,9,16,5.0
105,-25.535071936674548,10,15,5.0
106,-77.69549659531971,5,20,5.0
107,-35.55776744164886,9,16,5.0
108,-25.28281654932872,10,15,5.0
109,-16.597950829325633,11,14,5.0
110,-5.307105897210461,12,13,5.0
111,-35.51437777385358,9,16,5.0
112,-46.782243287471076,8,17,5.0
113,-25.617697338141436,10,15,5.0
114,-65.67707316620934,6,19,5.0
115,-45.00248898264442,8,17,5.0
116,-45.703216047473546,8,17,5.0
117,-26.334892244888895,10,15,5.0
118,-56.04911859036709,7,18,5.0
119,-45.54160704589205,8,17,5.0
120,-45.23410915276934,8,17,5.0
121,-88.1240481793618,4,21,5.0
122,-35.586216240288145,9,16,5.0
123,-47.097070451026894,8,17,5.0
124,-35.99192184972878,9,16,5.0
125,-35.73783055166113,9,16,5.0
126,-54.986189597135024,7,18,5.0
127,-35.14609730801741,9,16,5.0
128,-25.86253444845152,10,15,5.0
129,-67.00003693105047,6,19,5.0
130,-25.957090812087497,10,15,5.0
131,-46.086449613990716,8,17,5.0
132,-27.061044385451062,10,15,5.0
133,-27.157436134237095,10,15,5.0
134,-55.59677825512593,7,18,5.0
135,-37.473592795706715,9,16,5.0
136,-35.2724395215021,9,16,5.0
137,-45.68200697113984,8,17,5.0
138,-14.655720274482253,11,14,5.0
139,-55.92216082972918,7,18,5.0
140,-55.87346205387132,7,18,5.0
141,-25.805346310630632,10,15,5.0
142,-47.15869130632389,8,17,5.0
143,-15.839386573482436,11,14,5.0
144,-6.997921512669818,12,13,5.0
145,-55.46951799631479,7,18,5.0
146,-36.84297720347722,9,16,5.0
147,-25.789354845199593,10,15,5.0
148,-35.97639152448916,9,16,5.0
149,-36.05529238144,9,16,5.0
150,-55.886017851256945,7,18,5.0
151,-15.601996719537482,11,14,5.0
152,-37.06970642467757,9,16,5.0
153,-25.401437373104127,10,15,5.0
154,-46.21010175595457,8,17,5.0
155,-46.01272011030811,8,17,5.0
156,-15.422945983918677,11,14,5.0
157,-37.555479714232725,9,16,5.0
158,-36.17074137506123,9,16,5.0
159,-64.76306723119293,6,19,5.0
160,-25.347172308028384,10,15,5.0
161,-26.533432272737187,10,15,5.0
162,-46.44512272579844,8,17,5.0
163,-26.59595408882262,10,15,5.0
164,-25.786050385387753,10,15,5.0
165,-16.755249023242406,11,14,5.0
166,-15.048635433164403,11,14,5.0
167,-46.90342907140183,8,17,5.0
168,-26.32485194519134,10,15,5.0
169,-6.363169882154326,12,13,5.0
170,-35.99721863006648,9,16,5.0
171,-46.703649291612564,8,17,5.0
172,-6.523466226236288,12,13,5.0
173,-66.1303011530636,6,19,5.0
174,-25.017813983513573,10,15,5.0
175,-45.62833285767865,8,17,5.0
176,-36.327896019059196,9,16,5.0
177,-25.26944298985565,10,15,5.0
178,-25.9417547837237,10,15,5.0
179,-36.36741882450238,9,16,5.0
180,-15.471952273590894,11,14,5.0
181,-26.16056880195766,10,15,5.0
182,-36.32020660436189,9,16,5.0
183,-36.53905993917511,9,16,5.0
184,-36.56202915895344,9,16,5.0
185,-36.61286089138046,9,16,5.0
186,-15.495245495785456,11,14,5.0
187,-36.60198398859209,9,16,5.0
188,-6.340081753754865,12,13,5.0
189,-26.362147720545362,10,15,5.0
190,-15.309045522241256,11,14,5.0
191,-15.541362530518814,11,14,5.0
192,-45.78773964325387,8,17,5.0
193,-36.40387634931102,9,16,5.0
194,-55.32599316433588,7,18,5.0
195,-17.24832968667825,11,14,5.0
196,-24.69153617844421,10,15,5.0
197,-55.741505090802725,7,18,5.0
198,-35.916411296147814,9,16,5.0
199,-27.155564478461418,10,15,5.0
200,-35.52602683961972,9,16,5.0
201,-14.938040429866335,11,14,5.0
202,-25.085853277879924,10,15,5.0
203,-36.18906642541252,9,16,5.0
204,-15.229308710408986,11,14,5.0
205,-16.549664624715362,11,14,5.0
206,-5.612337158218722,12,13,5.0
207,-15.593701570567283,11,14,5.0
208,-65.95848526514479,6,19,5.0
209,-26.155600981743905,10,15,5.0
210,-45.33476725924169,8,17,5.0
211,-25.887147658996753,10,15,5.0
212,-5.684879972394695,12,13,5.0
213,-36.96556397189799,9,16,5.0
214,-35.417851760100724,9,16,5.0
215,-15.536213230259344,11,14,5.0
216,-36.30387606118883,9,16,5.0
217,-26.540478617968184,10,15,5.0
218,-45.379986504677504,8,17,5.0
219,-35.37051293599828,9,16,5.0
220,-26.90847468116647,10,15,5.0
221,-16.386778660777495,11,14,5.0
222,-46.43642370084691,8,17,5.0
223,-16.195723322890334,11,14,5.0
224,-45.90453101744594,8,17,5.0
225,-26.063073298826243,10,15,5.0
226,-35.89774008114011,9,16,5.0
227,-45.894214852689814,8,17,5.0
228,-16.181131924081075,11,14,5.0
229,-56.561653927251534,7,18,5.0
230,-46.015813758886665,8,17,5.0
231,-36.41452827499518,9,16,5.0
232,-26.302013463953426,10,15,5.0
233,3.3964692753917953,13,12,5.0
234,-57.03928026940575,7,18,5.0
235,-17.07458534755731,11,14,5.0
236,-35.538504088973646,9,16,5.0
237,-26.67225640269492,10,15,5.0
238,-25.844453088386537,10,15,5.0
239,-36.235230085635024,9,16,5.0
240,-24.563848092001848,10,15,5.0
241,-35.67476447881955,9,16,5.0
242,-36.239284120875915,9,16,5.0
243,-26.451289338117014,10,15,5.0
244,-45.07842315720382,8,17,5.0
245,-37.08904744776479,9,16,5.0
246,-36.429606086331454,9,16,5.0
247,-35.491701926231265,9,16,5.0
248,-26.004214478715095,10,15,5.0
249,-37.8232024764743,9,16,5.0
250,-15.29861422684177,11,14,5.0
251,-55.26684899215586,7,18,5.0
252,-25.219977485195106,10,15,5.0
253,13.082908078575624,14,11,5.0
254,-16.80581631671956,11,14,5.0
255,-35.801005555658236,9,16,5.0
256,-34.341294769007376,9,16,5.0
257,-45.082638174289855,8,17,5.0
258,-6.590511880548632,12,13,5.0
259,-26.022696239012085,10,15,5.0
260,-36.22319476838536,9,16,5.0
261,4.434626623022474,13,12,5.0
262,-24.591097781230054,10,15,5.0
263,-25.8321454362722,10,15,5.0
264,4.317253934624189,13,12,5.0
265,-26.440978281936374,10,15,5.0
266,-14.80735915698372,11,14,5.0
267,-5.820133734725673,12,13,5.0
268,-34.97879469576638,9,16,5.0
269,-34.86248921777346,9,16,5.0
270,-46.323375817225546,8,17,5.0
271,-16.364200702702053,11,14,5.0
272,-46.81629070138058,8,17,5.0
273,-25.03860323235982,10,15,5.0
274,-35.04782629069236,9,16,5.0
275,-25.489400499047214,10,15,5.0
276,-36.656279338333306,9,16,5.0
277,-16.93503973825976,11,14,5.0
278,-25.039970469949267,10,15,5.0
279,-26.606460738165662,10,15,5.0
280,-25.44830853110831,10,15,5.0
281,-25.210449178691054,10,15,5.0
282,-25.947283715820525,10,15,5.0
283,3.1981290756666594,13,12,5.0
284,4.166637120806244,13,12,5.0
285,-26.305721251200413,10,15,5.0
286,-34.347519740186726,9,16,5.0
287,-18.311428273095782,11,14,5.0
288,-5.05835714821109,12,13,5.0
289,-25.759741495146685,10,15,5.0
290,-5.3582892869975325,12,13,5.0
291,-26.212526163189516,10,15,5.0
292,-26.578591255497052,10,15,5.0
293,-25.77049355373349,10,15,5.0
294,-6.277927981392339,12,13,5.0
295,-16.10301475207176,11,14,5.0
296,-15.674461970065753,11,14,5.0
297,-34.90846420800121,9,16,5.0
298,-25.81647394418679,10,15,5.0
299,-15.425840752379228,11,14,5.0
300,-26.089169138413492,10,15,5.0
301,-6.2236104882576235,12,13,5.0
302,-15.759148797540922,11,14,5.0
303,-36.82654054947208,9,16,5.0
304,-16.235668481705034,11,14,5.0
305,-36.415651200265046,9,16,5.0
306,-26.246563226533404,10,15,5.0
307,-26.408065355186913,10,15,5.0
308,-16.286877581081722,11,14,5.0
309,-6.41702428266737,12,13,5.0
310,-36.11075219159477,9,16,5.0
311,-5.872483057587141,12,13,5.0
312,-15.306395432234941,11,14,5.0
313,-25.474046993659073,10,15,5.0
314,-46.449094716429904,8,17,5.0
315,-6.594128278648976,12,13,5.0
316,-45.84743852450068,8,17,5.0
317,-25.81530020850024,10,15,5.0
318,-15.96238167798499,11,14,5.0
319,-5.683652050338056,12,13,5.0
320,-15.949467825554075,11,14,5.0
321,-36.85554556242938,9,16,5.0
322,-4.870870217809822,12,13,5.0
323,-15.035875002880942,11,14,5.0
324,-36.3821186560594,9,16,5.0
325,-15.640675278670535,11,14,5.0
326,-16.082464201110163,11,14,5.0
327,-26.021745478363886,10,15,5.0
328,-46.375691058478665,8,17,5.0
329,-6.382301776623071,12,13,5.0
330,-6.350660496453215,12,13,5.0
331,-25.486077245170357,10,15,5.0
332,-26.593775040443287,10,15,5.0
333,-16.228376076735422,11,14,5.0
334,-35.59076388001329,9,16,5.0
335,-35.11111978722096,9,16,5.0
336,-36.1158812521019,9,16,5.0
337,-35.6157484990211,9,16,5.0
338,-27.267565913316627,10,15,5.0
339,-15.716278214986273,11,14,5.0
340,-16.525692509934395,11,14,5.0
341,-16.190432291728577,11,14,5.0
342,-17.001487322873746,11,14,5.0
343,-45.30028730513302,8,17,5.0
344,-46.76088376233473,8,17,5.0
345,-36.25692603330479,9,16,5.0
346,14.858431175556223,14,11,5.0
347,-7.304953776983256,12,13,5.0
348,-15.608220157335921,11,14,5.0
349,-26.24516282296228,10,15,5.0
350,-16.03183704531579,11,14,5.0
351,-46.02542275305612,8,17,5.0
352,4.2672931773180025,13,12,5.0
353,-16.600455094632878,11,14,5.0
354,-6.7366476381455485,12,13,5.0
355,-25.958647792982795,10,15,5.0
356,-16.674050074185146,11,14,5.0
357,3.0757655819611065,13,12,5.0
358,-16.314616986017622,11,14,5.0
359,-37.12447245101063,9,16,5.0
360,-6.433917815728568,12,13,5.0
361,-25.901141067270053,10,15,5.0
362,-16.703844702666814,11,14,5.0
363,-5.78308960469051,12,13,5.0
364,-5.844101610457654,12,13,5.0
365,-16.82382350914269,11,14,5.0
366,-25.504929791618377,10,15,5.0
367,-5.453021774366688,12,13,5.0
368,-5.342178551559768,12,13,5.0
369,-6.096392415553307,12,13,5.0
370,-26.761476566536707,10,15,5.0
371,-26.897259263147482,10,15,5.0
372,-16.136431493666617,11,14,5.0
373,3.1855651410208785,13,12,5.0
374,4.383508087653924,13,12,5.0
375,4.024686071552956,13,12,5.0
376,4.994886539664648,13,12,5.0
377,-35.576435556351164,9,16,5.0
378,-16.860785073401317,11,14,5.0
379,-36.435699117153916,9,16,5.0
380,-36.47670906639286,9,16,5.0
381,-16.843221030771318,11,14,5.0
382,-6.041933269914388,12,13,5.0
383,-26.98379987627573,10,15,5.0
384,-34.69954470401866,9,16,5.0
385,-27.097061617701552,10,15,5.0
386,-25.519858888530344,10,15,5.0
387,-26.806011830386527,10,15,5.0
388,13.482098860463495,14,11,5.0
389,-35.44424560738581,9,16,5.0
390,-15.981432680491126,11,14,5.0
391,-6.793166883402526,12,13,5.0
392,-5.448872353051021,12,13,5.0
393,-25.559360160420354,10,15,5.0
394,-5.298972196388056,12,13,5.0
395,-4.237424126474803,12,13,5.0
396,3.921457460216103,13,12,5.0
397,-25.766990340199513,10,15,5.0
398,-15.306783330398009,11,14,5.0
399,-5.709350231892082,12,13,5.0
400,-6.889691166186335,12,13,5.0
401,-26.170314047225734,10,15,5.0
402,-27.003388115386393,10,15,5.0
403,-25.423888659032574,10,15,5.0
404,3.025627405624149,13,12,5.0
405,-15.963537773404507,11,14,5.0
406,-15.460076764077655,11,14,5.0
407,-16.907739665074175,11,14,5.0
408,-15.927669509743648,11,14,5.0
409,-15.578330827713904,11,14,5.0
410,3.6538916610444976,13,12,5.0
411,-36.21502838955975,9,16,5.0
412,-7.00290854314963,12,13,5.0
413,-25.32367036633096,10,15,5.0
414,-25.398341606780342,10,15,5.0
415,23.715289912838827,15,10,5.0
416,-6.0445161848960245,12,13,5.0
417,-15.607452241164406,11,14,5.0
418,-16.19873122308512,11,14,5.0
419,3.318724986751607,13,12,5.0
420,-5.924918926976865,12,13,5.0
421,-15.920557810721693,11,14,5.0
422,-16.38410263604002,11,14,5.0
423,-17.55185248327072,11,14,5.0
424,3.9309733581933095,13,12,5.0
425,3.382078029596914,13,12,5.0
426,-26.742476185572976,10,15,5.0
427,-5.790893381611053,12,13,5.0
428,-4.890364354237692,12,13,5.0
429,-26.504688843688513,10,15,5.0
430,-5.503797809095537,12,13,5.0
431,12.880687029689131,14,11,5.0
432,-16.612298225009724,11,14,5.0
433,-15.964618625243906,11,14,5.0
434,-16.257575685158077,11,14,5.0
435,-36.54280837003421,9,16,5.0
436,-16.493357845648116,11,14,5.0
437,-34.73404076893381,9,16,5.0
438,-16.053780477316227,11,14,5.0
439,-6.206837774861493,12,13,5.0
440,-6.942000191200766,12,13,5.0
441,-5.744653457728506,12,13,5.0
442,-15.946809289507254,11,14,5.0
443,-6.355966136970281,12,13,5.0
444,-5.478725858917684,12,13,5.0
445,-36.130375511226084,9,16,5.0
446,-25.96009296472838,10,15,5.0
447,3.8310750743094713,13,12,5.0
448,-6.380983062730532,12,13,5.0
449,-6.735821706264595,12,13,5.0
450,-5.354202381837906,12,13,5.0
451,-6.348369552239964,12,13,5.0
452,-16.177465105470652,11,14,5.0
453,-35.35609520112287,9,16,5.0
454,-14.868172493879612,11,14,5.0
455,-16.241298729287703,11,14,5.0
456,-14.857346170092182,11,14,5.0
457,4.898078778007189,13,12,5.0
458,-15.597406250449733,11,14,5.0
459,-6.886377403645109,12,13,5.0
460,-5.593833497941786,12,13,5.0
461,-5.752452602701116,12,13,5.0
462,-25.611877347936844,10,15,5.0
463,13.377170712830981,14,11,5.0
464,-16.480020243224054,11,14,5.0
465,13.39320143496065,14,11,5.0
466,13.857646290450782,14,11,5.0
467,13.925379492816486,14,11,5.0
468,4.370618642994042,13,12,5.0
469,-15.907893259852464,11,14,5.0
470,3.8002587637304783,13,12,5.0
471,13.350658744404791,14,11,5.0
472,4.950527017278945,13,12,5.0
473,13.22324276303905,14,11,5.0
474,-6.047573501116305,12,13,5.0
475,3.798884071866258,13,12,5.0
476,-25.37371302806887,10,15,5.0
477,13.50506478909346,14,11,5.0
478,4.8529387715192716,13,12,5.0
479,-26.66931122787124,10,15,5.0
480,-15.398879045268666,11,14,5.0
481,-6.305035869184145,12,13,5.0
482,13.452582362503263,14,11,5.0
483,-7.153324336039813,12,13,5.0
484,3.1597392730404206,13,12,5.0
485,4.213515466670498,13,12,5.0
486,12.315609040618762,14,11,5.0
487,-5.495205973270144,12,13,5.0
488,3.334156758688475,13,12,5.0
489,-5.220674953067642,12,13,5.0
490,2.388705047637923,13,12,5.0
491,3.433248065561978,13,12,5.0
492,-6.102344352404232,12,13,5.0
493,-17.18464260718848,11,14,5.0
494,4.624848867347632,13,12,5.0
495,-16.389761680844405,11,14,5.0
496,13.435464297527574,14,11,5.0
497,4.286662654677924,13,12,5.0
498,-16.631267960159974,11,14,5.0
499,-6.271367789324224,12,13,5.0
500,-27.28557064424276,10,15,5.0
501,-6.473090529953933,12,13,5.0
502,-6.54940286261021,12,13,5.0
503,-7.5633932124488625,12,13,5.0
504,13.083398008749906,14,11,5.0
505,4.9313273125469586,13,12,5.0
506,-5.32877293125927,12,13,5.0
507,-6.313085557274642,12,13,5.0
508,-6.16152269220751,12,13,5.0
509,13.82915620942659,14,11,5.0
510,24.244795464712276,15,10,5.0
511,-5.904033687700401,12,13,5.0
512,-26.12751352451749,10,15,5.0
513,3.255743454760406,13,12,5.0
514,13.11026896605011,14,11,5.0
515,4.689451354192894,13,12,5.0
516,-5.780466830408745,12,13,5.0
517,-15.047489064552702,11,14,5.0
518,-4.933135722473532,12,13,5.0
519,4.32194148174774,13,12,5.0
520,-6.849887943475482,12,13,5.0
521,3.3077721005012286,13,12,5.0
522,23.74781940665549,15,10,5.0
523,-5.882059571752462,12,13,5.0
524,-26.494775152104665,10,15,5.0
525,-6.763168079991073,12,13,5.0
526,24.155419598770536,15,10,5.0
527,13.855233571298665,14,11,5.0
528,-26.054783093816567,10,15,5.0
529,12.785514240322007,14,11,5.0
530,14.274205245198763,14,11,5.0
531,-15.762765390533533,11,14,5.0
532,3.2275280904958086,13,12,5.0
533,4.020509457945049,13,12,5.0
534,14.049914998291813,14,11,5.0
535,13.813882121000614,14,11,5.0
536,5.085976025865145,13,12,5.0
537,3.3224028190394064,13,12,5.0
538,-6.233827260411076,12,13,5.0
539,13.71072998909802,14,11,5.0
540,-15.867243900247876,11,14,5.0
541,2.660429660625643,13,12,5.0
542,-5.237988087383365,12,13,5.0
543,-26.128022107773667,10,15,5.0
544,-6.594762933993459,12,13,5.0
545,3.378650991715456,13,12,5.0
546,-5.880918809845523,12,13,5.0
547,-4.9361561633359035,12,13,5.0
548,14.451027648749239,14,11,5.0
549,-16.298146264800614,11,14,5.0
550,4.171442214722008,13,12,5.0
551,4.559532246334854,13,12,5.0
552,2.985489295623585,13,12,5.0
553,13.23984362537159,14,11,5.0
554,-6.825996876191671,12,13,5.0
555,-6.3154222233424635,12,13,5.0
556,4.170292918781491,13,12,5.0
557,-6.517210048959506,12,13,5.0
558,3.6137114377855775,13,12,5.0
559,-35.24538892021982,9,16,5.0
560,13.577183789023962,14,11,5.0
561,5.72730746740614,13,12,5.0
562,13.574828420875722,14,11,5.0
563,22.4256723031447,15,10,5.0
564,3.1193975635100704,13,12,5.0
565,-5.507500254108828,12,13,5.0
566,13.355600002718163,14,11,5.0
567,4.844021860224383,13,12,5.0
568,14.14430534276664,14,11,5.0
569,4.165786382560627,13,12,5.0
570,11.949207594310185,14,11,5.0
571,-16.140169896449116,11,14,5.0
572,-6.50074128131189,12,13,5.0
573,-35.3236532451077,9,16,5.0
574,-16.344603334158684,11,14,5.0
575,3.386878862852047,13,12,5.0
576,3.458355204358954,13,12,5.0
577,-17.589033440510416,11,14,5.0
578,-5.659988131096957,12,13,5.0
579,-15.847754494754454,11,14,5.0
580,-15.336428799474628,11,14,5.0
581,-15.88668804783555,11,14,5.0
582,3.195330332124133,13,12,5.0
583,3.1123569589993156,13,12,5.0
584,2.8020953176108527,13,12,5.0
585,13.541459179179652,14,11,5.0
586,24.092290946661695,15,10,5.0
587,-4.3533470679534645,12,13,5.0
588,-16.419700893880385,11,14,5.0
589,3.2395687259509662,13,12,5.0
590,-6.509149761328769,12,13,5.0
591,-6.568701821454533,12,13,5.0
592,-7.12903573915339,12,13,5.0
593,-5.935840471797118,12,13,5.0
594,-26.917319384118063,10,15,5.0
595,-36.368057675709004,9,16,5.0
596,-16.088763802073647,11,14,5.0
597,14.123684786839895,14,11,5.0
598,-25.49643461047794,10,15,5.0
599,2.6465839840893364,13,12,5.0
600,2.889817743775228,13,12,5.0
601,-6.008114914635034,12,13,5.0
602,-5.282060532947635,12,13,5.0
603,-16.682825079332268,11,14,5.0
604,3.071863058915305,13,12,5.0
605,14.476379078094334,14,11,5.0
606,-6.677764577469271,12,13,5.0
607,4.322610427861623,13,12,5.0
608,3.279315276550531,13,12,5.0
609,3.016307247502625,13,12,5.0
610,13.614643123196865,14,11,5.0
611,-6.260847579500297,12,13,5.0
612,13.941423428413746,14,11,5.0
613,-5.661686336285793,12,13,5.0
614,13.40709718695096,14,11,5.0
615,13.891079675550188,14,11,5.0
616,14.548505498464985,14,11,5.0
617,3.8364116204837275,13,12,5.0
618,3.6194833431620648,13,12,5.0
619,3.8779974051811497,13,12,5.0
620,13.956308218412136,14,11,5.0
621,14.209480746477654,14,11,5.0
622,13.954524901576406,14,11,5.0
623,-35.74514729515826,9,16,5.0
624,3.2497358862132613,13,12,5.0
625,12.539781005319938,14,11,5.0
626,13.053010615612763,14,11,5.0
627,24.222671463082303,15,10,5.0
628,-16.455529216157796,11,14,5.0
629,13.455709357649347,14,11,5.0
630,-5.673149552310563,12,13,5.0
631,13.057887197551524,14,11,5.0
632,-16.19548006248358,11,14,5.0
633,3.75815685269227,13,12,5.0
634,3.385502560244623,13,12,5.0
635,-7.022455259739558,12,13,5.0
636,3.386115728544368,13,12,5.0
637,13.884288824060818,14,11,5.0
638,-16.306499394939976,11,14,5.0
639,-5.888788321208029,12,13,5.0
640,-7.122951586925389,12,13,5.0
641,2.607095836681755,13,12,5.0
642,-5.175737904490591,12,13,5.0
643,-16.129265548345966,11,14,5.0
644,-6.747747698598088,12,13,5.0
645,-15.973970932478743,11,14,5.0
646,-16.31645918726999,11,14,5.0
647,2.567143448904243,13,12,5.0
648,-6.122610922274313,12,13,5.0
649,3.8236960760275522,13,12,5.0
650,14.255251145769499,14,11,5.0
651,-16.31952630452687,11,14,5.0
652,-6.3885848342559335,12,13,5.0
653,3.836746601219975,13,12,5.0
654,14.48184559074163,14,11,5.0
655,14.185441066306295,14,11,5.0
656,-5.681337352648075,12,13,5.0
657,-16.061037308192695,11,14,5.0
658,3.2069472026253414,13,12,5.0
659,4.536288331707214,13,12,5.0
660,-6.28087392308533,12,13,5.0
661,2.591121666920169,13,12,5.0
662,3.732540281713633,13,12,5.0
663,13.940983873403809,14,11,5.0
664,12.225009900885496,14,11,5.0
665,3.1074165624303047,13,12,5.0
666,3.583379467627321,13,12,5.0
667,4.19238368044239,13,12,5.0
668,-7.825701848662697,12,13,5.0
669,-15.559661889421545,11,14,5.0
670,12.243792386423443,14,11,5.0
671,2.946585901962651,13,12,5.0
672,3.0999806126580842,13,12,5.0
673,2.7176934482224295,13,12,5.0
674,-5.558149795450715,12,13,5.0
675,13.686980888111496,14,11,5.0
676,2.6527860001703356,13,12,5.0
677,32.452777986916814,16,9,5.0
678,4.330240568077475,13,12,5.0
679,14.143107968831444,14,11,5.0
680,-6.2007056074352915,12,13,5.0
681,3.3795778147250823,13,12,5.0
682,13.25806185461491,14,11,5.0
683,23.708048100233334,15,10,5.0
684,23.62084207663538,15,10,5.0
685,3.102148301528519,13,12,5.0
686,14.077599420334478,14,11,5.0
687,3.7252300999756693,13,12,5.0
688,12.99467291825544,14,11,5.0
689,14.558629373883289,14,11,5.0
690,13.487600628507836,14,11,5.0
691,-15.896421995736093,11,14,5.0
692,13.822604733215,14,11,5.0
693,-16.730382237342155,11,14,5.0
694,-7.182627631030761,12,13,5.0
695,2.6938151251026214,13,12,5.0
696,-26.428160395277732,10,15,5.0
697,13.68600355694342,14,11,5.0
698,1.8886159118804553,13,12,5.0
699,-6.8240131208937065,12,13,5.0
700,13.619529474949374,14,11,5.0
701,2.9286764973533455,13,12,5.0
702,-5.500868770894436,12,13,5.0
703,4.300869444441139,13,12,5.0
704,-27.076307480020184,10,15,5.0
705,2.7973826778907105,13,12,5.0
706,4.405698550378105,13,12,5.0
707,-6.574357993910407,12,13,5.0
708,-5.255718937660058,12,13,5.0
709,-6.630060329087319,12,13,5.0
710,2.594857626973034,13,12,5.0
711,3.334232897963947,13,12,5.0
712,-6.027630758765664,12,13,5.0
713,-16.253241728555338,11,14,5.0
714,13.03306670831028,14,11,5.0
715,12.583616563706196,14,11,5.0
716,32.49857448276026,16,9,5.0
717,3.9522325940795273,13,12,5.0
718,4.7111251431469485,13,12,5.0
719,4.283143074373854,13,12,5.0
720,4.6692238512804725,13,12,5.0
721,-5.189473500199764,12,13,5.0
722,1.7140763033994517,13,12,5.0
723,14.07815917136113,14,11,5.0
724,13.565450233456733,14,11,5.0
725,43.6610616511506,17,8,5.0
726,12.787271261578146,14,11,5.0
727,-15.623998406052536,11,14,5.0
728,-16.297724108748938,11,14,5.0
729,12.554874756334488,14,11,5.0
730,24.534760569229853,15,10,5.0
731,-15.720308477249198,11,14,5.0
732,-15.530359527751967,11,14,5.0
733,-6.496849998252999,12,13,5.0
734,-16.13713282134885,11,14,5.0
735,14.26120631740411,14,11,5.0
736,24.559478949643115,15,10,5.0
737,4.292117030108894,13,12,5.0
738,13.911830848453125,14,11,5.0
739,-6.431609925121967,12,13,5.0
740,23.309751305872386,15,10,5.0
741,-6.023864086997364,12,13,5.0
742,14.19981852573845,14,11,5.0
743,13.773503374034,14,11,5.0
744,33.56911056346484,16,9,5.0
745,-6.190384900125551,12,13,5.0
746,22.908398830436745,15,10,5.0
747,3.4628527001855054,13,12,5.0
748,-15.431679013473817,11,14,5.0
749,2.742711871597135,13,12,5.0
750,13.500271817445018,14,11,5.0
751,3.125593909143688,13,12,5.0
752,12.96557788231759,14,11,5.0
753,3.2763477026090566,13,12,5.0
754,13.700170055435134,14,11,5.0
755,13.453360571100644,14,11,5.0
756,3.4932565604788595,13,12,5.0
757,3.4117399708188394,13,12,5.0
758,-7.288895258216119,12,13,5.0
759,23.81250324601971,15,10,5.0
760,13.169038221602726,14,11,5.0
761,2.8774211323165284,13,12,5.0
762,13.898188126330004,14,11,5.0
763,2.8306883352881167,13,12,5.0
764,2.8731171625560896,13,12,5.0
765,-5.977308295578324,12,13,5.0
766,24.056861961556116,15,10,5.0
767,-8.146057148161477,12,13,5.0
768,23.11892031988033,15,10,5.0
769,3.8516166607919424,13,12,5.0
770,23.65443800604885,15,10,5.0
771,-8.588840844145821,12,13,5.0
772,13.496676322109058,14,11,5.0
773,-5.889671590218466,12,13,5.0
774,13.552846747151948,14,11,5.0
775,2.801177866478384,13,12,5.0
776,2.477284320106139,13,12,5.0
777,3.929728752298983,13,12,5.0
778,24.2214403970494,15,10,5.0
779,-16.799468172442232,11,14,5.0
780,13.93502255983652,14,11,5.0
781,-17.01876396614443,11,14,5.0
782,14.117081562329803,14,11,5.0
783,13.353573382767909,14,11,5.0
784,23.67836256249825,15,10,5.0
785,33.627952965153845,16,9,5.0
786,4.559408620195525,13,12,5.0
787,23.755549325617444,15,10,5.0
788,23.575378339119155,15,10,5.0
789,13.097241534840077,14,11,5.0
790,3.4065922031355047,13,12,5.0
791,3.08021366129773,13,12,5.0
792,13.14350853856577,14,11,5.0
793,13.223638784482562,14,11,5.0
794,-6.953547885601013,12,13,5.0
795,33.81016759056499,16,9,5.0
796,23.38187005576732,15,10,5.0
797,2.960719317305129,13,12,5.0
798,23.452379431055807,15,10,5.0
799,13.283410479327916,14,11,5.0
800,-17.225507527854333,11,14,5.0
801,13.363314199179463,14,11,5.0
802,3.1597279481475873,13,12,5.0
803,3.4184094318501552,13,12,5.0
804,13.574881614849751,14,11,5.0
805,3.8504362140542594,13,12,5.0
806,13.74133754793316,14,11,5.0
807,2.435929239765873,13,12,5.0
808,23.362640343757796,15,10,5.0
809,34.16477768111024,16,9,5.0
810,22.81869289378258,15,10,5.0
811,12.907182663535043,14,11,5.0
812,12.945296246180483,14,11,5.0
813,14.375139405191995,14,11,5.0
814,13.390044732493243,14,11,5.0
815,3.4270668519551273,13,12,5.0
816,2.4618030608990376,13,12,5.0
817,3.0456972088040617,13,12,5.0
818,22.667486603407408,15,10,5.0
819,12.532523142933094,14,11,5.0
820,4.8869926016068455,13,12,5.0
821,14.050093615510109,14,11,5.0
822,23.336459931245066,15,10,5.0
823,13.366287144970293,14,11,5.0
824,-6.452352289787445,12,13,5.0
825,1.768877033419765,13,12,5.0
826,13.273604640490978,14,11,5.0
827,4.37471112636381,13,12,5.0
828,3.2857012432652297,13,12,5.0
829,3.7449993535010435,13,12,5.0
830,3.9408999533763005,13,12,5.0
831,2.982260615076263,13,12,5.0
832,13.984093077934762,14,11,5.0
833,13.178921699817845,14,11,5.0
834,3.22761907481132,13,12,5.0
835,13.499347067883683,14,11,5.0
836,3.7475475257073962,13,12,5.0
837,33.095342353081286,16,9,5.0
838,13.620274331029428,14,11,5.0
839,24.24493422650959,15,10,5.0
840,3.3803065794869553,13,12,5.0
841,13.32214051109375,14,11,5.0
842,23.85767502083246,15,10,5.0
843,3.591426192076911,13,12,5.0
844,13.315117506285329,14,11,5.0
845,23.13992329375438,15,10,5.0
846,-7.4610970038851825,12,13,5.0
847,4.420932619399245,13,12,5.0
848,13.124457977108623,14,11,5.0
849,3.894325164197805,13,12,5.0
850,-6.8329667838032275,12,13,5.0
851,3.6367020986655527,13,12,5.0
852,-5.869678316079621,12,13,5.0
853,3.1050813272948528,13,12,5.0
854,13.127318236926602,14,11,5.0
855,3.006007147461734,13,12,5.0
856,-7.330923073706406,12,13,5.0
857,3.281086207033078,13,12,5.0
858,14.341736556035073,14,11,5.0
859,2.392387381168536,13,12,5.0
860,23.443440243238328,15,10,5.0
861,23.725181852719526,15,10,5.0
862,-6.9030431456125205,12,13,5.0
863,13.559375556681218,14,11,5.0
864,2.229094510922291,13,12,5.0
865,14.265023943670352,14,11,5.0
866,11.935871271063952,14,11,5.0
867,13.81592984301253,14,11,5.0
868,12.994781580247315,14,11,5.0
869,14.363442923170728,14,11,5.0
870,2.6520752229500557,13,12,5.0
871,23.57770547319953,15,10,5.0
872,23.138180492933017,15,10,5.0
873,-6.3049848418112635,12,13,5.0
874,3.0165737322965396,13,12,5.0
875,13.29413656849345,14,11,5.0
876,23.540855172383147,15,10,5.0
877,3.9690596293682425,13,12,5.0
878,13.381510710771307,14,11,5.0
879,14.419031462339396,14,11,5.0
880,12.847305025209453,14,11,5.0
881,12.963423996448832,14,11,5.0
882,22.78036207423243,15,10,5.0
883,12.58128355307796,14,11,5.0
884,34.04278616981178,16,9,5.0
885,-7.102192643281964,12,13,5.0
886,23.64529882979212,15,10,5.0
887,12.63943332877663,14,11,5.0
888,-5.351762860736261,12,13,5.0
889,2.221283940770574,13,12,5.0
890,3.4906596768311973,13,12,5.0
891,13.004529599509777,14,11,5.0
892,11.65443271508267,14,11,5.0
893,2.371479210777879,13,12,5.0
894,4.071641117980972,13,12,5.0
895,13.547984855725018,14,11,5.0
896,34.26975517629776,16,9,5.0
897,24.008352071177256,15,10,5.0
898,3.8269385084613665,13,12,5.0
899,13.626509272477456,14,11,5.0
900,-25.67586568186683,10,15,5.0
901,22.78128113073192,15,10,5.0
902,12.667956246196306,14,11,5.0
903,13.061565028800235,14,11,5.0
904,12.319215917068778,14,11,5.0
905,3.272793207975104,13,12,5.0
906,12.678612023519689,14,11,5.0
907,4.042688890848983,13,12,5.0
908,21.5760464998097,15,10,5.0
909,4.6875164429904554,13,12,5.0
910,14.241856580065196,14,11,5.0
911,3.223745388751171,13,12,5.0
912,14.00252679944083,14,11,5.0
913,13.585604386749097,14,11,5.0
914,13.31728576452089,14,11,5.0
915,23.0831528276016,15,10,5.0
916,13.182112062634005,14,11,5.0
917,13.760312099487606,14,11,5.0
918,22.54776670709159,15,10,5.0
919,23.667696242453214,15,10,5.0
920,13.911713909313152,14,11,5.0
921,2.593398683752916,13,12,5.0
922,13.979280184655437,14,11,5.0
923,4.5983562591546345,13,12,5.0
924,22.857413238874408,15,10,5.0
925,-17.273138864147548,11,14,5.0
926,13.14242769647286,14,11,5.0
927,22.030426543116544,15,10,5.0
928,3.7034770827084147,13,12,5.0
929,3.0266616778160866,13,12,5.0
930,24.779512973156013,15,10,5.0
931,13.604483849681088,14,11,5.0
932,3.1850188229140084,13,12,5.0
933,13.868478616593938,14,11,5.0
934,13.233145645928241,14,11,5.0
935,2.9690087779891883,13,12,5.0
936,22.275594790700804,15,10,5.0
937,3.691199711247808,13,12,5.0
938,3.6212277271375317,13,12,5.0
939,12.964866055034667,14,11,5.0
940,22.669347080878804,15,10,5.0
941,14.214114515044233,14,11,5.0
942,12.700126190267895,14,11,5.0
943,24.09207214909855,15,10,5.0
944,1.8246537775418838,13,12,5.0
945,-6.861289697552324,12,13,5.0
946,-6.286625529478664,12,13,5.0
947,-5.955976897860225,12,13,5.0
948,3.2122810825210206,13,12,5.0
949,2.592273820700422,13,12,5.0
950,13.604553833619498,14,11,5.0
951,12.80259337193131,14,11,5.0
952,2.6860972914615058,13,12,5.0
953,13.173086377934396,14,11,5.0
954,12.977853959897075,14,11,5.0
955,13.533534763854206,14,11,5.0
956,4.785630988907954,13,12,5.0
957,-16.13320762226175,11,14,5.0
958,13.052266710853885,14,11,5.0
959,4.240067343542316,13,12,5.0
960,23.89643801605215,15,10,5.0
961,5.154140980854546,13,12,5.0
962,2.2880274764591064,13,12,5.0
963,23.974617059797204,15,10,5.0
964,-6.74447265777081,12,13,5.0
965,12.623485259523171,14,11,5.0
966,23.56284422292624,15,10,5.0
967,23.6014557535622,15,10,5.0
968,13.376337575952077,14,11,5.0
969,-6.71734724592818,12,13,5.0
970,-7.498502230244114,12,13,5.0
971,3.057769694286183,13,12,5.0
972,2.1239030975878306,13,12,5.0
973,13.237312086107456,14,11,5.0
974,-6.789308163340923,12,13,5.0
975,12.3045890268291,14,11,5.0
976,-8.08989866131473,12,13,5.0
977,3.4203071983810425,13,12,5.0
978,12.847585986587537,14,11,5.0
979,12.9125383464357,14,11,5.0
980,-6.465611675103236,12,13,5.0
981,13.618020164899088,14,11,5.0
982,13.737126761848543,14,11,5.0
983,13.601900744415847,14,11,5.0
984,24.021177945800723,15,10,5.0
985,1.9680111808668277,13,12,5.0
986,22.818365359525274,15,10,5.0
987,12.696898745931149,14,11,5.0
988,22.137536030252566,15,10,5.0
989,2.8356715232132004,13,12,5.0
990,13.115716361877649,14,11,5.0
991,13.487132038289815,14,11,5.0
992,4.1168843453354445,13,12,5.0
993,-6.850234793573141,12,13,5.0
994,12.315569727287654,14,11,5.0
995,22.4071344533705,15,10,5.0
996,23.350962180230688,15,10,5.0
997,3.4337213751220705,13,12,5.0
998,3.223786268198635,13,12,5.0
999,-7.567884779341073,12,13,5.0
1000,33.94154290107941,16,9,5.0
1001,13.396598110861062,14,11,5.0
1002,3.405679195354529,13,12,5.0
1003,-6.827236868164839,12,13,5.0
1004,22.35037764842066,15,10,5.0
1005,13.681471928289664,14,11,5.0
1006,2.5693958550538607,13,12,5.0
1007,2.775378000279463,13,12,5.0
1008,13.785819216547724,14,11,5.0
1009,3.432092936242145,13,12,5.0
1010,23.656941830822223,15,10,5.0
1011,-8.272583629752347,12,13,5.0
1012,13.155276740091312,14,11,5.0
1013,-7.164170781825198,12,13,5.0
1014,23.455794488250973,15,10,5.0
1015,12.170582449959067,14,11,5.0
1016,12.861481598178928,14,11,5.0
1017,-5.569494896972731,12,13,5.0
1018,13.850155533529632,14,11,5.0
1019,-6.532842884327634,12,13,5.0
1020,13.61074361966377,14,11,5.0
1021,-6.690054680350381,12,13,5.0
1022,14.102905434647477,14,11,5.0
1023,12.903317118458867,14,11,5.0
1024,13.234535257912817,14,11,5.0
1025,22.754093622847872,15,10,5.0
1026,13.333443314096174,14,11,5.0
1027,12.581010251541155,14,11,5.0
1028,23.25604353842803,15,10,5.0
1029,13.372334910728554,14,11,5.0
1030,11.2925510309353,14,11,5.0
1031,23.910842122145034,15,10,5.0
1032,13.036595585641587,14,11,5.0
1033,13.427074464588788,14,11,5.0
1034,2.3338971312194925,13,12,5.0
1035,4.305364002801011,13,12,5.0
1036,2.0680170848058808,13,12,5.0
1037,24.52945002720713,15,10,5.0
1038,14.476421877735337,14,11,5.0
1039,2.9124363459821216,13,12,5.0
1040,13.562706934000683,14,11,5.0
1041,13.80530754684353,14,11,5.0
1042,23.69163849217121,15,10,5.0
1043,12.945752709187996,14,11,5.0
1044,3.4174987192566157,13,12,5.0
1045,12.120911777737621,14,11,5.0
1046,22.644137732711688,15,10,5.0
1047,2.611770056442449,13,12,5.0
1048,3.062985005942517,13,12,5.0
1049,3.4393907968880484,13,12,5.0
1050,3.03742488667031,13,12,5.0
1051,22.86507936807876,15,10,5.0
1052,23.80710985665472,15,10,5.0
1053,23.49166168512578,15,10,5.0
1054,12.157635452177306,14,11,5.0
1055,13.526203424423061,14,11,5.0
1056,13.000801766638066,14,11,5.0
1057,12.750772088767008,14,11,5.0
1058,12.572988418342693,14,11,5.0
1059,-7.751839930506401,12,13,5.0
1060,4.248965887469131,13,12,5.0
1061,22.790232968823744,15,10,5.0
1062,12.40240785480457,14,11,5.0
1063,22.350446589702223,15,10,5.0
1064,3.5382760166325413,13,12,5.0
1065,33.698955594075066,16,9,5.0
1066,13.63156763614684,14,11,5.0
1067,2.321699804690815,13,12,5.0
1068,3.067180308817398,13,12,5.0
1069,13.004210807224435,14,11,5.0
1070,22.638749383436597,15,10,5.0
1071,4.399136929239693,13,12,5.0
1072,23.71953826776817,15,10,5.0
1073,23.7380222517709,15,10,5.0
1074,3.860237539965066,13,12,5.0
1075,13.589294362486571,14,11,5.0
1076,14.044969958442177,14,11,5.0
1077,12.720227494804803,14,11,5.0
1078,14.44255624889937,14,11,5.0
1079,13.394616864823394,14,11,5.0
1080,23.90723120799895,15,10,5.0
1081,22.680978950676614,15,10,5.0
1082,13.751063218821795,14,11,5.0
1083,13.406108244418748,14,11,5.0
1084,-5.957484036580878,12,13,5.0
1085,12.852131424520767,14,11,5.0
1086,22.975699238706447,15,10,5.0
1087,13.303004132834879,14,11,5.0
1088,24.241450750801256,15,10,5.0
1089,13.306969475855372,14,11,5.0
1090,13.916774050171282,14,11,5.0
1091,23.77164305633293,15,10,5.0
1092,12.949501047474712,14,11,5.0
1093,24.432252548414183,15,10,5.0
1094,33.64453468047782,16,9,5.0
1095,3.1621663077675892,13,12,5.0
1096,13.59660598632224,14,11,5.0
1097,13.16749272527928,14,11,5.0
1098,3.5458348313526256,13,12,5.0
1099,4.2307145040016,13,12,5.0
1100,13.65244831147935,14,11,5.0
1101,13.933744261237502,14,11,5.0
1102,33.81228584466987,16,9,5.0
1103,22.449381059757272,15,10,5.0
1104,2.7818972743557118,13,12,5.0
1105,3.4689478987467197,13,12,5.0
1106,3.9192256220300283,13,12,5.0
1107,23.012198141672794,15,10,5.0
1108,12.103734413302643,14,11,5.0
1109,14.230050477108083,14,11,5.0
1110,3.634337043817162,13,12,5.0
1111,4.0921362699410135,13,12,5.0
1112,24.088976557969122,15,10,5.0
1113,22.95665623941253,15,10,5.0
1114,-6.437798204671385,12,13,5.0
1115,-8.05324262412151,12,13,5.0
1116,4.2994149025006125,13,12,5.0
1117,23.358557855382184,15,10,5.0
1118,22.179727148775495,15,10,5.0
1119,13.416025411884645,14,11,5.0
1120,23.111961599550803,15,10,5.0
1121,22.81425337210817,15,10,5.0
1122,3.176900489390298,13,12,5.0
1123,3.544875640424171,13,12,5.0
1124,13.032805552577454,14,11,5.0
1125,21.57227141306231,15,10,5.0
1126,2.200935471784181,13,12,5.0
1127,22.713481925064613,15,10,5.0
1128,13.671698496393708,14,11,5.0
1129,23.73677501684881,15,10,5.0
1130,3.9351746565134587,13,12,5.0
1131,13.756159243230233,14,11,5.0
1132,3.6664796939187445,13,12,5.0
1133,3.5299971114179076,13,12,5.0
1134,33.933887617304364,16,9,5.0
1135,3.361105217177184,13,12,5.0
1136,12.409013287290378,14,11,5.0
1137,-5.332130702810163,12,13,5.0
1138,13.621123749715785,14,11,5.0
1139,23.541094061218292,15,10,5.0
1140,14.281296070179998,14,11,5.0
1141,12.926066767034362,14,11,5.0
1142,13.223049145846284,14,11,5.0
1143,13.969731857488789,14,11,5.0
1144,23.990687396165193,15,10,5.0
1145,23.10206978023487,15,10,5.0
1146,14.037281240165818,14,11,5.0
1147,23.63906783840357,15,10,5.0
1148,23.376217174790558,15,10,5.0
1149,-7.6427481561488895,12,13,5.0
1150,2.301253861803298,13,12,5.0
1151,23.8677849237441,15,10,5.0
1152,22.874114794997652,15,10,5.0
1153,22.712689684096873,15,10,5.0
1154,4.391748363078517,13,12,5.0
1155,23.339759590009173,15,10,5.0
1156,13.107368371980185,14,11,5.0
1157,32.449163273868656,16,9,5.0
1158,13.699393846590286,14,11,5.0
1159,13.324802400940632,14,11,5.0
1160,34.16895690678123,16,9,5.0
1161,23.062280678871392,15,10,5.0
1162,23.604507053720205,15,10,5.0
1163,33.40017814899977,16,9,5.0
1164,22.831488340773458,15,10,5.0
1165,34.312492615330854,16,9,5.0
1166,23.050627366136013,15,10,5.0
1167,23.860843242325785,15,10,5.0
1168,13.486728833084022,14,11,5.0
1169,13.995116124532085,14,11,5.0
1170,13.04347616625547,14,11,5.0
1171,12.766579028642617,14,11,5.0
1172,14.105105377981712,14,11,5.0
1173,23.01128984771217,15,10,5.0
1174,13.67424495037175,14,11,5.0
1175,33.160167233577916,16,9,5.0
1176,4.41763545339317,13,12,5.0
1177,24.05962422084572,15,10,5.0
1178,13.83603995103794,14,11,5.0
1179,23.769370277186,15,10,5.0
1180,22.97192335721849,15,10,5.0
1181,12.82476607985781,14,11,5.0
1182,23.27322139929163,15,10,5.0
1183,12.2878641289789,14,11,5.0
1184,13.844069708949869,14,11,5.0
1185,13.538765744643305,14,11,5.0
1186,3.160671574837517,13,12,5.0
1187,3.065494486349005,13,12,5.0
1188,23.312311585468052,15,10,5.0
1189,33.428050620684346,16,9,5.0
1190,24.122318458979304,15,10,5.0
1191,13.155632407488872,14,11,5.0
1192,23.599421854467714,15,10,5.0
1193,13.567871192496098,14,11,5.0
1194,13.563221978116696,14,11,5.0
1195,22.389960818380942,15,10,5.0
1196,22.654644670536918,15,10,5.0
1197,23.949852694462997,15,10,5.0
1198,12.739453322060012,14,11,5.0
1199,2.8225851868848126,13,12,5.0
1200,22.833765520302826,15,10,5.0
1201,23.018595078711506,15,10,5.0
1202,2.0025668998645827,13,12,5.0
1203,32.327439426611264,16,9,5.0
1204,13.372247311117672,14,11,5.0
1205,12.751088402466138,14,11,5.0
1206,33.34387995181238,16,9,5.0
1207,3.745564342713645,13,12,5.0
1208,33.8526895466119,16,9,5.0
1209,4.608486157873043,13,12,5.0
1210,13.160946898417322,14,11,5.0
1211,21.873545573012194,15,10,5.0
1212,23.76754541724641,15,10,5.0
1213,22.70330090747887,15,10,5.0
1214,14.53205866979419,14,11,5.0
1215,22.957668604920492,15,10,5.0
1216,24.27453437053021,15,10,5.0
1217,13.718995495974593,14,11,5.0
1218,3.4136471965435984,13,12,5.0
1219,14.19530390775563,14,11,5.0
1220,13.228011320704098,14,11,5.0
1221,3.1344889446278836,13,12,5.0
1222,34.141268635282394,16,9,5.0
1223,22.730679870830013,15,10,5.0
1224,22.263421832977468,15,10,5.0
1225,23.28684861711835,15,10,5.0
1226,13.874956704807051,14,11,5.0
1227,33.888263271155154,16,9,5.0
1228,12.949220762595816,14,11,5.0
1229,13.16391503960604,14,11,5.0
1230,13.497918885929993,14,11,5.0
1231,32.9949655076052,16,9,5.0
1232,23.559081336283576,15,10,5.0
1233,23.73866529863637,15,10,5.0
1234,12.595927033373,14,11,5.0
1235,14.305456635980278,14,11,5.0
1236,13.491979294886006,14,11,5.0
1237,13.003134816617674,14,11,5.0
1238,13.446895684747243,14,11,5.0
1239,13.552047779352742,14,11,5.0
1240,11.964521312321315,14,11,5.0
1241,24.507913693423454,15,10,5.0
1242,32.94347915276959,16,9,5.0
1243,13.152976778125074,14,11,5.0
1244,22.849888791308892,15,10,5.0
1245,13.023454346347412,14,11,5.0
1246,23.05054218749355,15,10,5.0
1247,22.90055229080947,15,10,5.0
1248,14.14835722450647,14,11,5.0
1249,4.7893598201770935,13,12,5.0
1250,22.132331658698345,15,10,5.0
1251,15.192787594995664,14,11,5.0
1252,3.5511944561399247,13,12,5.0
1253,32.88459006428123,16,9,5.0
1254,14.546624644464947,14,11,5.0
1255,24.22921386622169,15,10,5.0
1256,24.0642062011081,15,10,5.0
1257,13.1038703623192,14,11,5.0
1258,24.103031192115267,15,10,5.0
1259,2.6370108261474945,13,12,5.0
1260,32.411572017859164,16,9,5.0
1261,3.950203645583902,13,12,5.0
1262,34.648796587279016,16,9,5.0
1263,23.614260008418807,15,10,5.0
1264,24.081951557868553,15,10,5.0
1265,44.15613209438814,17,8,5.0
1266,23.469945354232472,15,10,5.0
1267,22.893306867348493,15,10,5.0
1268,14.107675187460472,14,11,5.0
1269,24.28510185824065,15,10,5.0
1270,22.92892493388391,15,10,5.0
1271,13.936723521949544,14,11,5.0
1272,23.56548511486096,15,10,5.0
1273,24.027745937424616,15,10,5.0
1274,13.293285860260934,14,11,5.0
1275,32.29937413762609,16,9,5.0
1276,32.22186634994396,16,9,5.0
1277,23.114959759800602,15,10,5.0
1278,23.895784378135264,15,10,5.0
1279,33.97151529742271,16,9,5.0
1280,13.722848120943304,14,11,5.0
1281,32.3011109591258,16,9,5.0
1282,33.58505067366718,16,9,5.0
1283,23.26626634415468,15,10,5.0
1284,22.574758453424387,15,10,5.0
1285,12.728494771298234,14,11,5.0
1286,13.006445760681125,14,11,5.0
1287,13.778691932973581,14,11,5.0
1288,23.583997964200382,15,10,5.0
1289,44.49557520921953,17,8,5.0
1290,22.676242589427865,15,10,5.0
1291,23.425014856408733,15,10,5.0
1292,23.217856739523583,15,10,5.0
1293,25.11852568349044,15,10,5.0
1294,33.68162744781759,16,9,5.0
1295,23.858232057431856,15,10,5.0
1296,14.255971980094404,14,11,5.0
1297,23.99478132146124,15,10,5.0
1298,14.126929990872412,14,11,5.0
1299,13.60693440851842,14,11,5.0
1300,23.300076821986845,15,10,5.0
1301,23.324574131291158,15,10,5.0
1302,34.057156627962925,16,9,5.0
1303,24.402728456370546,15,10,5.0
1304,24.51389545946875,15,10,5.0
1305,13.762647047547294,14,11,5.0
1306,34.52262234638467,16,9,5.0
1307,33.811082817333805,16,9,5.0
1308,23.46490050902743,15,10,5.0
1309,14.317408050513098,14,11,5.0
1310,14.148017806897226,14,11,5.0
1311,23.32668728295036,15,10,5.0
1312,3.4039526196582397,13,12,5.0
1313,24.03722245796592,15,10,5.0
1314,13.938141180874823,14,11,5.0
1315,23.455231099814053,15,10,5.0
1316,33.253284288596234,16,9,5.0
1317,34.39986518230804,16,9,5.0
1318,43.30925296029126,17,8,5.0
1319,34.35022175740729,16,9,5.0
1320,23.13094222624979,15,10,5.0
1321,14.282333919215617,14,11,5.0
1322,22.635045776828182,15,10,5.0
1323,42.87495372887874,17,8,5.0
1324,12.985207468193781,14,11,5.0
1325,23.244173179961816,15,10,5.0
1326,11.545668336522597,14,11,5.0
1327,23.647351960866473,15,10,5.0
1328,34.036625896177625,16,9,5.0
1329,14.156732314442293,14,11,5.0
1330,13.327571363603035,14,11,5.0
1331,12.928025325970644,14,11,5.0
1332,14.143631710784664,14,11,5.0
1333,13.134189896397894,14,11,5.0
1334,24.001367591127863,15,10,5.0
1335,24.716271685824793,15,10,5.0
1336,14.543779086690776,14,11,5.0
1337,3.677619568321834,13,12,5.0
1338,24.06489338851214,15,10,5.0
1339,22.599650727835705,15,10,5.0
1340,13.847828693697231,14,11,5.0
1341,24.157595657458767,15,10,5.0
1342,23.499685858703472,15,10,5.0
1343,23.956787344525516,15,10,5.0
1344,5.22034425125535,13,12,5.0
1345,3.081824753655725,13,12,5.0
1346,33.933727419333906,16,9,5.0
1347,33.19686198085524,16,9,5.0
1348,33.529474245511494,16,9,5.0
1349,14.032337066009589,14,11,5.0
1350,14.61076377922185,14,11,5.0
1351,22.807258530214423,15,10,5.0
1352,23.81294660747655,15,10,5.0
1353,34.234101660554835,16,9,5.0
1354,35.21535226898248,16,9,5.0
1355,14.045671853858575,14,11,5.0
1356,13.209082533323205,14,11,5.0
1357,23.804992220227238,15,10,5.0
1358,34.62161160526648,16,9,5.0
1359,12.28508516242328,14,11,5.0
1360,23.481487525134234,15,10,5.0
1361,22.662858849518255,15,10,5.0
1362,3.780352704901775,13,12,5.0
1363,24.30196940579173,15,10,5.0
1364,22.772029483898166,15,10,5.0
1365,12.853971079094865,14,11,5.0
1366,23.63344652561647,15,10,5.0
1367,23.409442718648442,15,10,5.0
1368,12.967444399615138,14,11,5.0
1369,24.353325970368513,15,10,5.0
1370,23.544221704442517,15,10,5.0
1371,13.784582080369034,14,11,5.0
1372,34.227254391636826,16,9,5.0
1373,22.75289711372762,15,10,5.0
1374,23.15257889403726,15,10,5.0
1375,14.427511972006977,14,11,5.0
1376,24.638621778587687,15,10,5.0
1377,34.61235640795123,16,9,5.0
1378,23.413456219644814,15,10,5.0
1379,34.17038716471892,16,9,5.0
1380,24.0788228154532,15,10,5.0
1381,23.486553104416767,15,10,5.0
1382,32.73108852847649,16,9,5.0
1383,23.45434726638699,15,10,5.0
1384,33.466273050302824,16,9,5.0
1385,33.4941070969623,16,9,5.0
1386,3.452936962870151,13,12,5.0
1387,23.590579554081323,15,10,5.0
1388,24.655164750044424,15,10,5.0
1389,13.141021475687543,14,11,5.0
1390,33.024838279335015,16,9,5.0
1391,23.786476045826046,15,10,5.0
1392,14.685484272013046,14,11,5.0
1393,13.014454787811438,14,11,5.0
1394,33.611522596383985,16,9,5.0
1395,23.968153626939753,15,10,5.0
1396,13.137809031124117,14,11,5.0
1397,33.61505901819998,16,9,5.0
1398,12.737976790444545,14,11,5.0
1399,13.061816623191056,14,11,5.0
1400,34.01095085339579,16,9,5.0
1401,12.612656505641938,14,11,5.0
1402,24.269857117434384,15,10,5.0
1403,24.820223913923826,15,10,5.0
1404,44.012054403222436,17,8,5.0
1405,13.317279662082406,14,11,5.0
1406,23.283140280077827,15,10,5.0
1407,14.218666129550886,14,11,5.0
1408,32.64595046733181,16,9,5.0
1409,32.95976829732926,16,9,5.0
1410,14.51709241899438,14,11,5.0
1411,34.023814160467275,16,9,5.0
1412,22.64087945518123,15,10,5.0
1413,13.080705420702918,14,11,5.0
1414,22.732962636793637,15,10,5.0
1415,13.793109247034575,14,11,5.0
1416,33.87722704469095,16,9,5.0
1417,33.51104093273396,16,9,5.0
1418,23.408152635890232,15,10,5.0
1419,33.85416472967653,16,9,5.0
1420,12.548652624934,14,11,5.0
1421,33.46266257227135,16,9,5.0
1422,13.947962920010957,14,11,5.0
1423,13.564079499290623,14,11,5.0
1424,22.610160580896444,15,10,5.0
1425,33.59437419506479,16,9,5.0
1426,24.055838497206363,15,10,5.0
1427,23.40888584100852,15,10,5.0
1428,33.72437481153182,16,9,5.0
1429,33.95364621888536,16,9,5.0
1430,24.34637789681017,15,10,5.0
1431,15.120406449068533,14,11,5.0
1432,13.88035375253199,14,11,5.0
1433,12.038225060698828,14,11,5.0
1434,23.58888057943383,15,10,5.0
1435,14.846928782173926,14,11,5.0
1436,14.808873100603423,14,11,5.0
1437,23.378312386817772,15,10,5.0
1438,3.756460626234217,13,12,5.0
1439,23.334704329150195,15,10,5.0
1440,24.270674148005583,15,10,5.0
1441,4.461928424693301,13,12,5.0
1442,23.74203179036221,15,10,5.0
1443,34.57698222766328,16,9,5.0
1444,23.177800477251132,15,10,5.0
1445,24.89326688296034,15,10,5.0
1446,24.275266558972305,15,10,5.0
1447,33.94800448439759,16,9,5.0
1448,22.10302581430058,15,10,5.0
1449,14.227049310041552,14,11,5.0
1450,23.693142641676765,15,10,5.0
1451,33.49885340800075,16,9,5.0
1452,24.40829552575672,15,10,5.0
1453,34.086170410297484,16,9,5.0
1454,32.98071508046477,16,9,5.0
1455,33.906343732478625,16,9,5.0
1456,13.372987227286991,14,11,5.0
1457,24.28359215557386,15,10,5.0
1458,24.67590601179721,15,10,5.0
1459,33.271788788935766,16,9,5.0
1460,4.241476618225786,13,12,5.0
1461,43.20131008262711,17,8,5.0
1462,24.07923428670945,15,10,5.0
1463,24.763072086311837,15,10,5.0
1464,43.40274624165,17,8,5.0
1465,13.503471790251258,14,11,5.0
1466,24.683034968475887,15,10,5.0
1467,13.573166178919358,14,11,5.0
1468,23.82059567055291,15,10,5.0
1469,33.87325334719067,16,9,5.0
1470,23.200147573311146,15,10,5.0
1471,13.474632971620045,14,11,5.0
1472,34.145853776103586,16,9,5.0
1473,22.99125396949118,15,10,5.0
1474,33.77025741501512,16,9,5.0
1475,23.625767929276446,15,10,5.0
1476,33.554323930293144,16,9,5.0
1477,33.424573335609544,16,9,5.0
1478,13.219995214949805,14,11,5.0
1479,12.56684587361337,14,11,5.0
1480,23.092796625502654,15,10,5.0
1481,3.514175825127359,13,12,5.0
1482,23.874681768406084,15,10,5.0
1483,23.98294068378433,15,10,5.0
1484,33.7796009865392,16,9,5.0
1485,3.19763559922594,13,12,5.0
1486,23.59023593345357,15,10,5.0
1487,33.460567423486,16,9,5.0
1488,23.68718104394054,15,10,5.0
1489,23.169270597370733,15,10,5.0
1490,12.903897764378582,14,11,5.0
1491,23.779992059284872,15,10,5.0
1492,33.076305652969914,16,9,5.0
1493,34.26723675495147,16,9,5.0
1494,4.769247906595,13,12,5.0
1495,23.125054765001,15,10,5.0
1496,14.08967498790636,14,11,5.0
1497,23.51687444463959,15,10,5.0
1498,23.893676989470315,15,10,5.0
1499,34.005122859728715,16,9,5.0
1500,13.829091444601296,14,11,5.0
1501,13.55542696833381,14,11,5.0
1502,13.679088873243252,14,11,5.0
1503,24.017160114276045,15,10,5.0
1504,33.444190604784,16,9,5.0
1505,33.540855141054806,16,9,5.0
1506,23.626269344133096,15,10,5.0
1507,23.052493641627226,15,10,5.0
1508,13.968459530348202,14,11,5.0
1509,12.85829121532053,14,11,5.0
1510,33.11412540350169,16,9,5.0
1511,23.426010204288435,15,10,5.0
1512,13.406756298082863,14,11,5.0
1513,33.20374024866588,16,9,5.0
1514,23.82656816016963,15,10,5.0
1515,14.72625264646524,14,11,5.0
1516,23.477092643477455,15,10,5.0
1517,23.593523276049943,15,10,5.0
1518,13.814125937954074,14,11,5.0
1519,34.66427178856479,16,9,5.0
1520,24.611727360885784,15,10,5.0
1521,23.414766490078215,15,10,5.0
1522,43.79463069925606,17,8,5.0
1523,32.97509153560875,16,9,5.0
1524,23.54428970153231,15,10,5.0
1525,44.31845841054266,17,8,5.0
1526,34.75674777352783,16,9,5.0
1527,43.23562514283488,17,8,5.0
1528,32.60485450010031,16,9,5.0
1529,14.500934235545826,14,11,5.0
1530,24.038310999258123,15,10,5.0
1531,24.06565779437298,15,10,5.0
1532,22.23084171393328,15,10,5.0
1533,33.79324390205312,16,9,5.0
1534,33.6038094107708,16,9,5.0
1535,43.64674896052639,17,8,5.0
1536,23.286197028925315,15,10,5.0
1537,13.683260184977954,14,11,5.0
1538,44.547080516514846,17,8,5.0
1539,33.82957465842453,16,9,5.0
1540,33.69762310053133,16,9,5.0
1541,23.13263917696972,15,10,5.0
1542,13.002342010762124,14,11,5.0
1543,34.27654797660741,16,9,5.0
1544,43.46049309700714,17,8,5.0
1545,34.069846360698044,16,9,5.0
1546,33.403661062352576,16,9,5.0
1547,24.25031663296955,15,10,5.0
1548,23.657983161767447,15,10,5.0
1549,34.84213522447821,16,9,5.0
1550,12.898172568129718,14,11,5.0
1551,13.4788505387391,14,11,5.0
1552,23.622858025493652,15,10,5.0
1553,44.11920359233317,17,8,5.0
1554,33.703769046213736,16,9,5.0
1555,13.690722730239099,14,11,5.0
1556,24.339600507031047,15,10,5.0
1557,23.162925299098212,15,10,5.0
1558,33.3880755476161,16,9,5.0
1559,33.587264027512994,16,9,5.0
1560,23.636342933880098,15,10,5.0
1561,13.159584436899639,14,11,5.0
1562,24.435041400796273,15,10,5.0
1563,13.954471565463802,14,11,5.0
1564,33.07563667651789,16,9,5.0
1565,33.7507104659085,16,9,5.0
1566,23.82557480430873,15,10,5.0
1567,23.718738571206178,15,10,5.0
1568,2.795133051276663,13,12,5.0
1569,12.296621024364091,14,11,5.0
1570,13.576819321158341,14,11,5.0
1571,14.712577837226391,14,11,5.0
1572,23.83253964518107,15,10,5.0
1573,12.988498548104332,14,11,5.0
1574,23.554464359180127,15,10,5.0
1575,23.992237610198433,15,10,5.0
1576,14.338599578815224,14,11,5.0
1577,23.49262361546178,15,10,5.0
1578,33.525171894086654,16,9,5.0
1579,14.448736284170552,14,11,5.0
1580,13.809173611338736,14,11,5.0
1581,24.17546931140083,15,10,5.0
1582,12.381903697885912,14,11,5.0
1583,24.556826392335946,15,10,5.0
1584,24.640512845671463,15,10,5.0
1585,33.050760871262064,16,9,5.0
1586,23.559299728647346,15,10,5.0
1587,14.065766161328382,14,11,5.0
1588,12.93099675526754,14,11,5.0
1589,22.838166262834495,15,10,5.0
1590,24.98855129031317,15,10,5.0
1591,32.60707441444722,16,9,5.0
1592,33.555832297426726,16,9,5.0
1593,23.702517452758723,15,10,5.0
1594,3.61957280395346,13,12,5.0
1595,33.27762432061154,16,9,5.0
1596,12.774389298444104,14,11,5.0
1597,34.660163947640456,16,9,5.0
1598,24.61422820908551,15,10,5.0
1599,12.786379053550814,14,11,5.0
1600,33.92953965889032,16,9,5.0
1601,43.63280035415499,17,8,5.0
1602,23.06634800296079,15,10,5.0
1603,13.45148113993918,14,11,5.0
1604,23.77288492233334,15,10,5.0
1605,23.23631621895047,15,10,5.0
1606,23.90635524646475,15,10,5.0
1607,23.686683733566777,15,10,5.0
1608,23.47593558561483,15,10,5.0
1609,33.33296839325729,16,9,5.0
1610,13.692030914646722,14,11,5.0
1611,33.11247091397612,16,9,5.0
1612,34.32738092206588,16,9,5.0
1613,23.391505325889348,15,10,5.0
1614,33.91710610342943,16,9,5.0
1615,13.426951118608521,14,11,5.0
1616,33.912310116053405,16,9,5.0
1617,12.949856521570059,14,11,5.0
1618,22.968283727864016,15,10,5.0
1619,34.0012762731404,16,9,5.0
1620,23.601481322651704,15,10,5.0
1621,33.44004360239414,16,9,5.0
1622,14.002657737951726,14,11,5.0
1623,34.554780469442115,16,9,5.0
1624,33.025110460734,16,9,5.0
1625,33.50035683326632,16,9,5.0
1626,2.990750991581047,13,12,5.0
1627,22.56362554706272,15,10,5.0
1628,34.08986641246438,16,9,5.0
1629,23.503560640543242,15,10,5.0
1630,33.13388857443795,16,9,5.0
1631,23.167697984771905,15,10,5.0
1632,23.492399822067004,15,10,5.0
1633,22.879157720192705,15,10,5.0
1634,43.28474771539917,17,8,5.0
1635,24.074531953156832,15,10,5.0
1636,14.484176994359123,14,11,5.0
1637,23.878228435204694,15,10,5.0
1638,33.083175026793185,16,9,5.0
1639,14.113992863483993,14,11,5.0
1640,2.3612135500668896,13,12,5.0
1641,12.465809528258252,14,11,5.0
1642,23.545015971481952,15,10,5.0
1643,2.0505397468232758,13,12,5.0
1644,13.515774640977753,14,11,5.0
1645,23.410644302808315,15,10,5.0
1646,13.553419438855272,14,11,5.0
1647,23.718323516104643,15,10,5.0
1648,24.86696236169004,15,10,5.0
1649,34.16341121826343,16,9,5.0
1650,24.184773862670816,15,10,5.0
1651,23.283370897992913,15,10,5.0
1652,43.544486690846256,17,8,5.0
1653,33.61479526718221,16,9,5.0
1654,24.276267395943393,15,10,5.0
1655,22.53025149845842,15,10,5.0
1656,23.287974416036377,15,10,5.0
1657,24.182836949193067,15,10,5.0
1658,33.6919240662994,16,9,5.0
1659,23.5363203646874,15,10,5.0
1660,34.4297594320225,16,9,5.0
1661,24.705890117647247,15,10,5.0
1662,22.79988511481475,15,10,5.0
1663,23.318210175811405,15,10,5.0
1664,34.54596608050719,16,9,5.0
1665,32.91866392589708,16,9,5.0
1666,13.935455155391178,14,11,5.0
1667,33.672038173800594,16,9,5.0
1668,44.147176257125246,17,8,5.0
1669,23.650622994417976,15,10,5.0
1670,34.42625206251985,16,9,5.0
1671,22.676894326506993,15,10,5.0
1672,24.011198352892382,15,10,5.0
1673,23.655923190058658,15,10,5.0
1674,33.85038762795663,16,9,5.0
1675,34.04708784468144,16,9,5.0
1676,23.642032618101492,15,10,5.0
1677,34.179299335480096,16,9,5.0
1678,33.3666463651435,16,9,5.0
1679,23.53592729056331,15,10,5.0
1680,23.816205222136443,15,10,5.0
1681,33.72251222940777,16,9,5.0
1682,13.166656091642027,14,11,5.0
1683,23.17771153332265,15,10,5.0
1684,14.008653500961545,14,11,5.0
1685,23.33442808828262,15,10,5.0
1686,4.659669008908032,13,12,5.0
1687,33.76272379634187,16,9,5.0
1688,33.58765457978778,16,9,5.0
1689,32.58357994636279,16,9,5.0
1690,23.403871537589502,15,10,5.0
1691,22.887745072130006,15,10,5.0
1692,34.170447496757966,16,9,5.0
1693,32.98627731283416,16,9,5.0
1694,23.10052647509557,15,10,5.0
1695,23.85358770170326,15,10,5.0
1696,32.40194670369715,16,9,5.0
1697,23.340536036410246,15,10,5.0
1698,13.623896250177623,14,11,5.0
1699,24.49311496065565,15,10,5.0
1700,24.51258107589795,15,10,5.0
1701,-6.085242282987231,12,13,5.0
1702,23.745374047139386,15,10,5.0
1703,33.48208418653262,16,9,5.0
1704,43.77895150221997,17,8,5.0
1705,23.61613616576517,15,10,5.0
1706,25.592020409248047,15,10,5.0
1707,23.776463844508456,15,10,5.0
1708,34.15697264495228,16,9,5.0
1709,13.579735014437988,14,11,5.0
1710,33.68976775757847,16,9,5.0
1711,32.65558096268343,16,9,5.0
1712,33.61926011970581,16,9,5.0
1713,23.176125793675855,15,10,5.0
1714,33.068725923411904,16,9,5.0
1715,3.1108800930848037,13,12,5.0
1716,22.64898134715323,15,10,5.0
1717,23.9838807589705,15,10,5.0
1718,33.78198494985843,16,9,5.0
1719,33.6132180894192,16,9,5.0
1720,32.62439925907221,16,9,5.0
1721,34.21145993416491,16,9,5.0
1722,32.105458062136236,16,9,5.0
1723,13.608870388047505,14,11,5.0
1724,24.1290351079095,15,10,5.0
1725,25.075991067022436,15,10,5.0
1726,32.99013188706361,16,9,5.0
1727,34.290277607409784,16,9,5.0
1728,24.85310016060584,15,10,5.0
1729,23.066341337865403,15,10,5.0
1730,12.745491853888481,14,11,5.0
1731,34.572695191922726,16,9,5.0
1732,14.267060765319211,14,11,5.0
1733,33.75166042894329,16,9,5.0
1734,33.517476996418964,16,9,5.0
1735,23.296276131424165,15,10,5.0
1736,23.821559521071634,15,10,5.0
1737,3.9873690063884553,13,12,5.0
1738,34.32957113516851,16,9,5.0
1739,23.37622095552661,15,10,5.0
1740,23.30093394487662,15,10,5.0
1741,35.250165493019125,16,9,5.0
1742,24.279897201965074,15,10,5.0
1743,24.484307217641398,15,10,5.0
1744,33.99395208581618,16,9,5.0
1745,34.11259493081961,16,9,5.0
1746,23.661312407527365,15,10,5.0
1747,33.10912058331119,16,9,5.0
1748,14.018468350216882,14,11,5.0
1749,23.284823214448846,15,10,5.0
1750,32.91235684968135,16,9,5.0
1751,33.272693731949055,16,9,5.0
1752,33.835212561666864,16,9,5.0
1753,34.57917166028033,16,9,5.0
1754,33.14716581923016,16,9,5.0
1755,43.64477747314847,17,8,5.0
1756,23.491592548445738,15,10,5.0
1757,32.96017753537403,16,9,5.0
1758,33.16867358055191,16,9,5.0
1759,33.63292025977636,16,9,5.0
1760,33.48684247454848,16,9,5.0
1761,34.046566303664434,16,9,5.0
1762,33.11311025582214,16,9,5.0
1763,32.35411747562692,16,9,5.0
1764,23.812106135856325,15,10,5.0
1765,33.85903504221622,16,9,5.0
1766,23.922990315803034,15,10,5.0
1767,23.48400184445853,15,10,5.0
1768,24.3884446913039,15,10,5.0
1769,23.039690584309398,15,10,5.0
1770,14.204749206465483,14,11,5.0
1771,23.335756462978765,15,10,5.0
1772,22.881891076084116,15,10,5.0
1773,14.446629338384788,14,11,5.0
1774,32.99369819471681,16,9,5.0
1775,32.44515115968034,16,9,5.0
1776,44.86048090541193,17,8,5.0
1777,33.87225479774456,16,9,5.0
1778,34.118138954194045,16,9,5.0
1779,34.15611330876372,16,9,5.0
1780,24.75065582579723,15,10,5.0
1781,33.16539990902344,16,9,5.0
1782,14.487912341321318,14,11,5.0
1783,43.03126112115503,17,8,5.0
1784,12.868062661119364,14,11,5.0
1785,13.607277327870552,14,11,5.0
1786,23.794505596932176,15,10,5.0
1787,44.34726008118587,17,8,5.0
1788,22.71214923071401,15,10,5.0
1789,34.45788548382018,16,9,5.0
1790,22.786260587316416,15,10,5.0
1791,33.192102526060076,16,9,5.0
1792,23.468720489135816,15,10,5.0
1793,33.96996955062817,16,9,5.0
1794,23.412931605855142,15,10,5.0
1795,33.60034940196266,16,9,5.0
1796,23.932152918015078,15,10,5.0
1797,33.69081235099763,16,9,5.0
1798,33.54686283768419,16,9,5.0
1799,23.506311466506258,15,10,5.0
1800,34.379993866459465,16,9,5.0
1801,44.01393444792715,17,8,5.0
1802,33.08304046120811,16,9,5.0
1803,33.933320455857164,16,9,5.0
1804,24.823129671939906,15,10,5.0
1805,23.674542448224337,15,10,5.0
1806,22.87487114127119,15,10,5.0
1807,33.26822308207818,16,9,5.0
1808,34.37701823926596,16,9,5.0
1809,23.789092064572397,15,10,5.0
1810,43.217590245287504,17,8,5.0
1811,24.366703997836037,15,10,5.0
1812,34.12722611221822,16,9,5.0
1813,34.07326367151745,16,9,5.0
1814,33.67981746657753,16,9,5.0
1815,23.405365965961764,15,10,5.0
1816,34.828284696672426,16,9,5.0
1817,23.171288095357593,15,10,5.0
1818,3.038787861121384,13,12,5.0
1819,33.84006678433797,16,9,5.0
1820,23.236196775223675,15,10,5.0
1821,24.110143197893887,15,10,5.0
1822,24.391094014520327,15,10,5.0
1823,33.7593686754785,16,9,5.0
1824,34.65969690470899,16,9,5.0
1825,24.488558193328924,15,10,5.0
1826,24.189026524797793,15,10,5.0
1827,23.43535608086431,15,10,5.0
1828,43.502754541774095,17,8,5.0
1829,33.67817353132425,16,9,5.0
1830,24.31140595879623,15,10,5.0
1831,14.179449346045534,14,11,5.0
1832,22.883459663100712,15,10,5.0
1833,24.38490265375137,15,10,5.0
1834,33.72997415416182,16,9,5.0
1835,34.352524371373825,16,9,5.0
1836,33.94849192556202,16,9,5.0
1837,13.961885350941145,14,11,5.0
1838,23.103257631043007,15,10,5.0
1839,34.818722640202076,16,9,5.0
1840,34.675164089154215,16,9,5.0
1841,23.98624001839053,15,10,5.0
1842,23.91545088600125,15,10,5.0
1843,35.23119440343519,16,9,5.0
1844,22.37965778508495,15,10,5.0
1845,34.26894313633977,16,9,5.0
1846,34.31002083472477,16,9,5.0
1847,34.67584764744565,16,9,5.0
1848,34.53154341896452,16,9,5.0
1849,4.028768162838916,13,12,5.0
1850,24.474925408390874,15,10,5.0
1851,33.566403424623076,16,9,5.0
1852,23.243113782649495,15,10,5.0
1853,34.17754957237586,16,9,5.0
1854,34.13727771650533,16,9,5.0
1855,35.45555818536573,16,9,5.0
1856,35.19757571438848,16,9,5.0
1857,3.731894009147621,13,12,5.0
1858,23.90631666704266,15,10,5.0
1859,33.204367182348335,16,9,5.0
1860,44.42093411321966,17,8,5.0
1861,13.850918204014443,14,11,5.0
1862,24.072017209922727,15,10,5.0
1863,34.690786164446834,16,9,5.0
1864,33.6728714750676,16,9,5.0
1865,23.250660723172878,15,10,5.0
1866,34.053574708238145,16,9,5.0
1867,24.785091577405147,15,10,5.0
1868,14.031961218423348,14,11,5.0
1869,23.246333139217384,15,10,5.0
1870,44.29363079038858,17,8,5.0
1871,34.178342752957214,16,9,5.0
1872,34.934181372283525,16,9,5.0
1873,23.81508671897262,15,10,5.0
1874,23.955428965318557,15,10,5.0
1875,23.950972829756843,15,10,5.0
1876,14.429336368052807,14,11,5.0
1877,23.830307329860737,15,10,5.0
1878,34.0186317695695,16,9,5.0
1879,34.07669577568518,16,9,5.0
1880,24.77687933613845,15,10,5.0
1881,23.61818817770881,15,10,5.0
1882,34.190238740055534,16,9,5.0
1883,34.87231482425791,16,9,5.0
1884,3.6702852522149385,13,12,5.0
1885,26.162774042098075,15,10,5.0
1886,33.937411224819265,16,9,5.0
1887,4.445821313064023,13,12,5.0
1888,33.74437936655411,16,9,5.0
1889,34.36794412971125,16,9,5.0
1890,33.06329021745351,16,9,5.0
1891,24.13132064368966,15,10,5.0
1892,33.83719800075524,16,9,5.0
1893,23.308615094988753,15,10,5.0
1894,34.24425910450367,16,9,5.0
1895,34.251060156675535,16,9,5.0
1896,43.98550816710372,17,8,5.0
1897,23.869699667014608,15,10,5.0
1898,34.06458487334637,16,9,5.0
1899,45.12556287180913,17,8,5.0
1900,34.6313205090988,16,9,5.0
1901,34.735109401837434,16,9,5.0
1902,23.760304567842,15,10,5.0
1903,25.723274263816148,15,10,5.0
1904,34.19804544824194,16,9,5.0
1905,33.27351768190746,16,9,5.0
1906,23.34122086238744,15,10,5.0
1907,33.6721666648155,16,9,5.0
1908,33.34896812035069,16,9,5.0
1909,13.16370836975672,14,11,5.0
1910,34.83817262662086,16,9,5.0
1911,34.01685934197304,16,9,5.0
1912,34.43868097730988,16,9,5.0
1913,13.995903928277771,14,11,5.0
1914,14.01400739432684,14,11,5.0
1915,24.012410646745703,15,10,5.0
1916,33.505478437705335,16,9,5.0
1917,13.867580449732696,14,11,5.0
1918,33.5314119030114,16,9,5.0
1919,13.48082060862833,14,11,5.0
1920,3.108024442110498,13,12,5.0
1921,33.897441199995846,16,9,5.0
1922,34.027356523970504,16,9,5.0
1923,4.6985107478670365,13,12,5.0
1924,33.8259788145409,16,9,5.0
1925,34.15176858664706,16,9,5.0
1926,25.458268642638032,15,10,5.0
1927,23.909187253443466,15,10,5.0
1928,14.36995735198006,14,11,5.0
1929,13.710237738764299,14,11,5.0
1930,34.03608169442072,16,9,5.0
1931,24.17114739578922,15,10,5.0
1932,13.895553512385073,14,11,5.0
1933,33.59918225852896,16,9,5.0
1934,33.97075727595777,16,9,5.0
1935,35.08031251100026,16,9,5.0
1936,14.280943210490882,14,11,5.0
1937,34.21042519798722,16,9,5.0
1938,22.99789568175676,15,10,5.0
1939,3.6149041677766958,13,12,5.0
1940,24.658795135900245,15,10,5.0
1941,14.029061186478229,14,11,5.0
1942,35.10554256553021,16,9,5.0
1943,35.362669530648795,16,9,5.0
1944,34.77789691369169,16,9,5.0
1945,23.181171919432156,15,10,5.0
1946,25.29701008909945,15,10,5.0
1947,23.593993875389863,15,10,5.0
1948,34.69420538139531,16,9,5.0
1949,34.56082022378178,16,9,5.0
1950,13.540580033318586,14,11,5.0
1951,33.29096772729622,16,9,5.0
1952,34.61268187095145,16,9,5.0
1953,34.04860130318421,16,9,5.0
1954,33.71683766018251,16,9,5.0
1955,13.177623038757163,14,11,5.0
1956,24.52860946980205,15,10,5.0
1957,33.5929298945319,16,9,5.0
1958,34.28144196089437,16,9,5.0
1959,34.364192614762764,16,9,5.0
1960,33.69973063068066,16,9,5.0
1961,34.68220314530236,16,9,5.0
1962,24.21770748686982,15,10,5.0
1963,24.462836111334184,15,10,5.0
1964,35.98091325860464,16,9,5.0
1965,35.49840178101836,16,9,5.0
1966,34.5848129175019,16,9,5.0
1967,33.265434887029414,16,9,5.0
1968,13.702007993526568,14,11,5.0
1969,34.850364611243954,16,9,5.0
1970,14.021978586683455,14,11,5.0
1971,24.655600323477707,15,10,5.0
1972,24.262148108707027,15,10,5.0
1973,34.311597341115835,16,9,5.0
1974,24.007144782355727,15,10,5.0
1975,33.934820398180946,16,9,5.0
1976,34.52847694280402,16,9,5.0
1977,23.81519117818981,15,10,5.0
1978,44.47902977252177,17,8,5.0
1979,23.798341239790748,15,10,5.0
1980,34.17368704905067,16,9,5.0
1981,24.070205864853307,15,10,5.0
1982,23.832547318186148,15,10,5.0
1983,23.685168722241976,15,10,5.0
1984,24.51668143318011,15,10,5.0
1985,34.49116416225113,16,9,5.0
1986,3.860799942329951,13,12,5.0
1987,25.093557963244763,15,10,5.0
1988,33.909943143655056,16,9,5.0
1989,14.185043746884324,14,11,5.0
1990,24.824855759735584,15,10,5.0
1991,23.910851389544028,15,10,5.0
1992,34.08619156258716,16,9,5.0
1993,34.98608134413065,16,9,5.0
1994,33.50897079104315,16,9,5.0
1995,34.85377071686481,16,9,5.0
1996,23.838431018215474,15,10,5.0
1997,23.928238898555485,15,10,5.0
1998,34.15047513350863,16,9,5.0
1999,33.82588835719416,16,9,5.0
2000,36.00506696852196,16,9,5.0
2001,25.253105555240644,15,10,5.0
2002,44.08185535285601,17,8,5.0
2003,33.71069299186632,16,9,5.0
2004,14.048548483209913,14,11,5.0
2005,22.313195906660034,15,10,5.0
2006,32.86407629772647,16,9,5.0
2007,33.80132197157445,16,9,5.0
2008,23.87476328925439,15,10,5.0
2009,34.53093499526512,16,9,5.0
2010,34.73749666377295,16,9,5.0
2011,33.93911367491137,16,9,5.0
2012,44.249912681649,17,8,5.0
2013,13.918324973492272,14,11,5.0
2014,34.021609077387104,16,9,5.0
2015,34.44752518361408,16,9,5.0
2016,34.684193043509595,16,9,5.0
2017,4.047090193523811,13,12,5.0
2018,33.79428440324376,16,9,5.0
2019,34.46754670033318,16,9,5.0
2020,24.46866736125279,15,10,5.0
2021,34.20071609741678,16,9,5.0
2022,24.49422591231346,15,10,5.0
2023,25.011344610498938,15,10,5.0
2024,33.17725727696366,16,9,5.0
2025,33.85733414976936,16,9,5.0
2026,33.81406016046507,16,9,5.0
2027,33.93161782277591,16,9,5.0
2028,34.67185125936484,16,9,5.0
2029,25.948302891960648,15,10,5.0
2030,13.984143348401872,14,11,5.0
2031,33.08838983044988,16,9,5.0
2032,33.96650784427446,16,9,5.0
2033,23.006867697269097,15,10,5.0
2034,24.258140226097872,15,10,5.0
2035,24.585249277181745,15,10,5.0
2036,13.866442391397655,14,11,5.0
2037,34.44677847809045,16,9,5.0
2038,33.74506604076429,16,9,5.0
2039,24.174412493448614,15,10,5.0
2040,35.265026158900206,16,9,5.0
2041,33.519913977777776,16,9,5.0
2042,23.29632192948469,15,10,5.0
2043,13.618821700289304,14,11,5.0
2044,23.455404665771404,15,10,5.0
2045,33.20504478400483,16,9,5.0
2046,4.137210030412966,13,12,5.0
2047,24.53214121681277,15,10,5.0
2048,34.82636361412466,16,9,5.0
2049,24.862837505894895,15,10,5.0
2050,23.771499898689363,15,10,5.0
2051,15.214462881805165,14,11,5.0
2052,44.22225008245606,17,8,5.0
2053,34.98444410507234,16,9,5.0
2054,34.04017272422651,16,9,5.0
2055,24.494732727720976,15,10,5.0
2056,24.195428408277756,15,10,5.0
2057,13.992918720473227,14,11,5.0
2058,33.94300341346233,16,9,5.0
2059,33.79246947737333,16,9,5.0
2060,33.71719927455706,16,9,5.0
2061,34.04395293274088,16,9,5.0
2062,23.75169719181439,15,10,5.0
2063,24.2898985878052,15,10,5.0
2064,43.538776551005874,17,8,5.0
2065,24.704564246240178,15,10,5.0
2066,24.22748531406559,15,10,5.0
2067,23.87083955016827,15,10,5.0
2068,14.217976873987547,14,11,5.0
2069,33.87829353386163,16,9,5.0
2070,43.519107484733816,17,8,5.0
2071,34.093142230220174,16,9,5.0
2072,35.68069729428144,16,9,5.0
2073,44.22644503080239,17,8,5.0
2074,34.73891586364279,16,9,5.0
2075,34.41103445438144,16,9,5.0
2076,43.83300194075063,17,8,5.0
2077,15.102765272351988,14,11,5.0
2078,25.56354579007169,15,10,5.0
2079,34.0768755606893,16,9,5.0
2080,34.18607321608996,16,9,5.0
2081,34.77038186762142,16,9,5.0
2082,43.74332994313751,17,8,5.0
2083,24.689141992775987,15,10,5.0
2084,34.691745468251085,16,9,5.0
2085,34.98242037903637,16,9,5.0
2086,33.67658719884366,16,9,5.0
2087,24.658016302678245,15,10,5.0
2088,23.92094997476626,15,10,5.0
2089,43.83667565185039,17,8,5.0
2090,24.359656375942826,15,10,5.0
2091,34.90616574827544,16,9,5.0
2092,34.62185717856959,16,9,5.0
2093,23.837745793089276,15,10,5.0
2094,33.92260400351778,16,9,5.0
2095,24.332386889284244,15,10,5.0
2096,23.353103308124172,15,10,5.0
2097,34.729646949528956,16,9,5.0
2098,34.00265954008013,16,9,5.0
2099,33.263692080048244,16,9,5.0
2100,33.9250726445146,16,9,5.0
2101,33.05488744404174,16,9,5.0
2102,24.824620144056546,15,10,5.0
2103,24.26515608550012,15,10,5.0
2104,23.57458470874809,15,10,5.0
2105,22.905316533936183,15,10,5.0
2106,34.51084026462563,16,9,5.0
2107,34.04918738519965,16,9,5.0
2108,34.60041355417533,16,9,5.0
2109,34.747380996117755,16,9,5.0
2110,34.69265246844474,16,9,5.0
2111,33.657863726473806,16,9,5.0
2112,33.66571533954834,16,9,5.0
2113,33.00246145766782,16,9,5.0
2114,5.117744951087541,13,12,5.0
2115,34.3930074888474,16,9,5.0
2116,34.19451701630932,16,9,5.0
2117,34.17998895411567,16,9,5.0
2118,33.76860500288526,16,9,5.0
2119,15.102384694624657,14,11,5.0
2120,34.10853418790815,16,9,5.0
2121,14.098444040018183,14,11,5.0
2122,33.44273472593424,16,9,5.0
2123,34.10685539451615,16,9,5.0
2124,34.80130114205714,16,9,5.0
2125,14.866454003588231,14,11,5.0
2126,34.232605786146074,16,9,5.0
2127,34.430313515474104,16,9,5.0
2128,34.02688960298119,16,9,5.0
2129,24.116107454775854,15,10,5.0
2130,33.51375630650045,16,9,5.0
2131,24.604945401835753,15,10,5.0
2132,32.64994225626534,16,9,5.0
2133,34.68169164229483,16,9,5.0
2134,34.19193380687417,16,9,5.0
2135,34.18967091202342,16,9,5.0
2136,33.818439562629315,16,9,5.0
2137,14.080806115689512,14,11,5.0
2138,34.10219230367583,16,9,5.0
2139,25.125442736548706,15,10,5.0
2140,44.477717855795994,17,8,5.0
2141,14.287774646774583,14,11,5.0
2142,23.17084864574976,15,10,5.0
2143,23.67625929841276,15,10,5.0
2144,24.430743351372026,15,10,5.0
2145,33.944421522851805,16,9,5.0
2146,24.379574164755063,15,10,5.0
2147,24.066849620742268,15,10,5.0
2148,3.9588853771241315,13,12,5.0
2149,34.418542865949874,16,9,5.0
2150,34.20719307513158,16,9,5.0
2151,33.83137595704264,16,9,5.0
2152,23.108598279159377,15,10,5.0
2153,34.9636153281008,16,9,5.0
2154,33.289339716286676,16,9,5.0
2155,34.510612025223445,16,9,5.0
2156,24.210493615245383,15,10,5.0
2157,34.54104884821073,16,9,5.0
2158,22.985929114878047,15,10,5.0
2159,33.24553922893213,16,9,5.0
2160,23.719578477243935,15,10,5.0
2161,34.65568316072519,16,9,5.0
2162,24.22326401524636,15,10,5.0
2163,34.643861231782395,16,9,5.0
2164,33.99898843441694,16,9,5.0
2165,34.952677419767404,16,9,5.0
2166,34.1242791968267,16,9,5.0
2167,34.05941520112978,16,9,5.0
2168,34.61443594259952,16,9,5.0
2169,33.909489479725806,16,9,5.0
2170,23.213882576789462,15,10,5.0
2171,24.302014507524447,15,10,5.0
2172,24.295839940711122,15,10,5.0
2173,43.99526428353206,17,8,5.0
2174,34.915914548586215,16,9,5.0
2175,33.97841857192478,16,9,5.0
2176,24.585096608792767,15,10,5.0
2177,34.01870394897407,16,9,5.0
2178,34.311033233754145,16,9,5.0
2179,32.385157893684294,16,9,5.0
2180,12.925009999334632,14,11,5.0
2181,34.36453109703132,16,9,5.0
2182,24.81934039212402,15,10,5.0
2183,24.141068501684728,15,10,5.0
2184,3.796268297720446,13,12,5.0
2185,33.13328228393402,16,9,5.0
2186,34.55931177626358,16,9,5.0
2187,35.046602260884825,16,9,5.0
2188,33.96601639678728,16,9,5.0
2189,24.025245274470926,15,10,5.0
2190,34.6157104150672,16,9,5.0
2191,32.94671089239524,16,9,5.0
2192,33.57747262150875,16,9,5.0
2193,13.106235309631709,14,11,5.0
2194,22.47563693185074,15,10,5.0
2195,4.594840278161105,13,12,5.0
2196,22.47045124508738,15,10,5.0
2197,35.039566916875565,16,9,5.0
2198,34.33946454349545,16,9,5.0
2199,25.252367051900464,15,10,5.0
2200,35.12003876468356,16,9,5.0
2201,22.724859237677208,15,10,5.0
2202,24.751111122462955,15,10,5.0
2203,24.13059086899448,15,10,5.0
2204,24.519226480655565,15,10,5.0
2205,23.90952591902277,15,10,5.0
2206,33.88351943127334,16,9,5.0
2207,35.0236286194566,16,9,5.0
2208,23.688441308456678,15,10,5.0
2209,34.38585258453895,16,9,5.0
2210,45.28540244387384,17,8,5.0
2211,33.440722047047494,16,9,5.0
2212,23.318270846645333,15,10,5.0
2213,33.92437048877995,16,9,5.0
2214,23.77775270503485,15,10,5.0
2215,14.352215835500427,14,11,5.0
2216,23.36822934992114,15,10,5.0
2217,33.14537584599503,16,9,5.0
2218,33.480546136309016,16,9,5.0
2219,23.797017129501814,15,10,5.0
2220,32.97005247844111,16,9,5.0
2221,24.369051244445075,15,10,5.0
2222,33.642101669348754,16,9,5.0
2223,23.56948060183725,15,10,5.0
2224,33.93974572803579,16,9,5.0
2225,24.0955942657931,15,10,5.0
2226,23.843133789239992,15,10,5.0
2227,23.706263201197906,15,10,5.0
2228,33.78987234111368,16,9,5.0
2229,33.71440317144661,16,9,5.0
2230,34.48301191270459,16,9,5.0
2231,33.93646924638166,16,9,5.0
2232,34.211003363857834,16,9,5.0
2233,33.556421487996026,16,9,5.0
2234,34.32521440334022,16,9,5.0
2235,43.44509632370293,17,8,5.0
2236,33.99107523429587,16,9,5.0
2237,14.410474149663557,14,11,5.0
2238,23.76918595022051,15,10,5.0
2239,33.39824298776668,16,9,5.0
2240,34.200129407710826,16,9,5.0
2241,44.58951718238677,17,8,5.0
2242,33.72938465332183,16,9,5.0
2243,24.687615110682643,15,10,5.0
2244,24.551708899574407,15,10,5.0
2245,43.46766888071557,17,8,5.0
2246,33.92139598377348,16,9,5.0
2247,24.82308351227369,15,10,5.0
2248,34.12478531576337,16,9,5.0
2249,34.57085752567044,16,9,5.0
2250,34.1598399320532,16,9,5.0
2251,23.620856862327496,15,10,5.0
2252,34.36029164840763,16,9,5.0
2253,14.417301827929048,14,11,5.0
2254,15.14454958410343,14,11,5.0
2255,23.771157270176428,15,10,5.0
2256,23.565618573783862,15,10,5.0
2257,3.6237079021217156,13,12,5.0
2258,34.72751857916469,16,9,5.0
2259,34.81334250308952,16,9,5.0
2260,24.30810390721958,15,10,5.0
2261,24.25248064113227,15,10,5.0
2262,24.27859336243897,15,10,5.0
2263,24.15007728740038,15,10,5.0
2264,32.80315527581343,16,9,5.0
2265,34.30762610092432,16,9,5.0
2266,34.162648569290624,16,9,5.0
2267,35.02872518066399,16,9,5.0
2268,33.803197802170914,16,9,5.0
2269,34.65960066715162,16,9,5.0
2270,23.709799177230813,15,10,5.0
2271,33.57341813192649,16,9,5.0
2272,24.25720342146423,15,10,5.0
2273,34.41606783084704,16,9,5.0
2274,34.95862764611236,16,9,5.0
2275,23.439454298156182,15,10,5.0
2276,4.219248778114861,13,12,5.0
2277,34.055399824550896,16,9,5.0
2278,24.086195016190644,15,10,5.0
2279,14.643062748402688,14,11,5.0
2280,34.17017364166861,16,9,5.0
2281,33.868693370859255,16,9,5.0
2282,13.4456033145856,14,11,5.0
2283,3.9720761442899892,13,12,5.0
2284,14.018707025483028,14,11,5.0
2285,14.745679809839999,14,11,5.0
2286,33.44392105238154,16,9,5.0
2287,34.130287046897095,16,9,5.0
2288,32.22758510648378,16,9,5.0
2289,34.84067237172331,16,9,5.0
2290,33.84615880027895,16,9,5.0
2291,24.3992489718818,15,10,5.0
2292,4.839717032576599,13,12,5.0
2293,33.80441925334605,16,9,5.0
2294,23.54347009051552,15,10,5.0
2295,34.956269962457014,16,9,5.0
2296,33.068261136900176,16,9,5.0
2297,35.51835434781658,16,9,5.0
2298,32.62505996893069,16,9,5.0
2299,14.187678891762271,14,11,5.0
2300,34.20031616510449,16,9,5.0
2301,33.6352464984463,16,9,5.0
2302,13.633201939519099,14,11,5.0
2303,24.42978701741442,15,10,5.0
2304,23.514609669628435,15,10,5.0
2305,33.72347827103903,16,9,5.0
2306,34.48225608627072,16,9,5.0
2307,33.36882612925007,16,9,5.0
2308,13.620947805971435,14,11,5.0
2309,33.46020372292759,16,9,5.0
2310,33.62908202910219,16,9,5.0
2311,33.15352897713946,16,9,5.0
2312,34.68953463248815,16,9,5.0
2313,33.243987739514296,16,9,5.0
2314,2.1748287753456053,13,12,5.0
2315,13.254453396874945,14,11,5.0
2316,23.843251817442642,15,10,5.0
2317,23.627214705036216,15,10,5.0
2318,33.781438505839965,16,9,5.0
2319,24.49429269399444,15,10,5.0
2320,33.99813020100622,16,9,5.0
2321,33.773655637478306,16,9,5.0
2322,34.06694972391102,16,9,5.0
2323,33.96030438655897,16,9,5.0
2324,33.95503716492522,16,9,5.0
2325,23.642254894700724,15,10,5.0
2326,24.587885564025648,15,10,5.0
2327,33.486997000369676,16,9,5.0
2328,34.13627355754193,16,9,5.0
2329,43.86770476379407,17,8,5.0
2330,43.45501247317008,17,8,5.0
2331,24.198905743148494,15,10,5.0
2332,33.90258339211441,16,9,5.0
2333,33.93454525951431,16,9,5.0
2334,24.674986138261943,15,10,5.0
2335,13.754750533740186,14,11,5.0
2336,24.234636264924152,15,10,5.0
2337,24.364753025260683,15,10,5.0
2338,24.79737952887986,15,10,5.0
2339,33.447873890697565,16,9,5.0
2340,23.239924460907055,15,10,5.0
2341,44.22841763087335,17,8,5.0
2342,24.40851607528673,15,10,5.0
2343,33.72728307211638,16,9,5.0
2344,33.86603429899708,16,9,5.0
2345,34.144546373440505,16,9,5.0
2346,23.62342475559538,15,10,5.0
2347,33.99031039805124,16,9,5.0
2348,44.12324556151978,17,8,5.0
2349,33.880857359811436,16,9,5.0
2350,33.73914465435129,16,9,5.0
2351,32.72917772081552,16,9,5.0
2352,23.191484957287724,15,10,5.0
2353,13.049000226811167,14,11,5.0
2354,33.88432244994406,16,9,5.0
2355,23.12980649243732,15,10,5.0
2356,33.640506593367604,16,9,5.0
2357,34.390012878752714,16,9,5.0
2358,34.21974912058775,16,9,5.0
2359,33.723562167078796,16,9,5.0
2360,24.189481630382133,15,10,5.0
2361,33.81222036571615,16,9,5.0
2362,34.15370742456369,16,9,5.0
2363,44.459991705822674,17,8,5.0
2364,33.55282445319292,16,9,5.0
2365,14.325321539093574,14,11,5.0
2366,23.40408326731568,15,10,5.0
2367,34.321780563355034,16,9,5.0
2368,23.612601499574524,15,10,5.0
2369,13.60717491547759,14,11,5.0
2370,45.35400189100454,17,8,5.0
2371,32.97696321144258,16,9,5.0
2372,44.77832697370545,17,8,5.0
2373,33.99606950356869,16,9,5.0
2374,14.379208218720548,14,11,5.0
2375,33.35316692411657,16,9,5.0
2376,23.785250671023736,15,10,5.0
2377,24.505175545573863,15,10,5.0
2378,44.873623233068834,17,8,5.0
2379,24.298859162785998,15,10,5.0
2380,33.97995525097727,16,9,5.0
2381,33.56799869569148,16,9,5.0
2382,43.53959472083962,17,8,5.0
2383,44.437526950401896,17,8,5.0
2384,33.68805735299747,16,9,5.0
2385,34.1361850907282,16,9,5.0
2386,24.728306034396766,15,10,5.0
2387,23.83166924021701,15,10,5.0
2388,44.378117125943724,17,8,5.0
2389,34.5217817472339,16,9,5.0
2390,33.89691930345097,16,9,5.0
2391,24.257914348566402,15,10,5.0
2392,23.560709636685132,15,10,5.0
2393,43.0567860114062,17,8,5.0
2394,31.91879933106719,16,9,5.0
2395,44.14446633820794,17,8,5.0
2396,44.2312463325187,17,8,5.0
2397,33.30578168252708,16,9,5.0
2398,24.226730935865234,15,10,5.0
2399,33.938824867540724,16,9,5.0
2400,33.89067703994233,16,9,5.0
2401,14.826037027919234,14,11,5.0
2402,34.14928846289081,16,9,5.0
2403,32.568818840862484,16,9,5.0
2404,43.521410647923716,17,8,5.0
2405,34.462788001350724,16,9,5.0
2406,44.804085827268416,17,8,5.0
2407,34.013135590713404,16,9,5.0
2408,32.801916413989765,16,9,5.0
2409,34.61734719105793,16,9,5.0
2410,33.03685402866466,16,9,5.0
2411,15.269492445264753,14,11,5.0
2412,23.64996369305136,15,10,5.0
2413,23.314927308663748,15,10,5.0
2414,23.7678530624789,15,10,5.0
2415,24.018221428562775,15,10,5.0
2416,23.176202956726243,15,10,5.0
2417,33.23552883890637,16,9,5.0
2418,33.04051138859975,16,9,5.0
2419,23.391105374470193,15,10,5.0
2420,33.59527217826169,16,9,5.0
2421,33.36324207218475,16,9,5.0
2422,23.287169284921962,15,10,5.0
2423,22.77801718073527,15,10,5.0
2424,34.41273516353444,16,9,5.0
2425,43.38207993993466,17,8,5.0
2426,34.541067898137875,16,9,5.0
2427,43.5895035915035,17,8,5.0
2428,33.34223390730464,16,9,5.0
2429,24.060284230255796,15,10,5.0
2430,34.11597517626151,16,9,5.0
2431,34.130823028986526,16,9,5.0
2432,43.74264463275105,17,8,5.0
2433,33.300906203957375,16,9,5.0
2434,34.542220204038024,16,9,5.0
2435,33.27501937769226,16,9,5.0
2436,23.581717727448762,15,10,5.0
2437,22.552401946254708,15,10,5.0
2438,23.86355001364382,15,10,5.0
2439,34.642481706312644,16,9,5.0
2440,34.294964488866626,16,9,5.0
2441,32.89370535664227,16,9,5.0
2442,34.20703499659374,16,9,5.0
2443,33.85920759988733,16,9,5.0
2444,33.37387031593255,16,9,5.0
2445,23.35674372990731,15,10,5.0
2446,33.29425395403868,16,9,5.0
2447,13.134599911427808,14,11,5.0
2448,34.04237963259393,16,9,5.0
2449,43.76210402095902,17,8,5.0
2450,33.50377628805305,16,9,5.0
2451,34.10270588203947,16,9,5.0
2452,33.83094537223651,16,9,5.0
2453,23.886645537560245,15,10,5.0
2454,24.00772506012951,15,10,5.0
2455,22.86012822727529,15,10,5.0
2456,24.116424089094007,15,10,5.0
2457,34.198723877199846,16,9,5.0
2458,23.489827535380492,15,10,5.0
2459,13.926272585575083,14,11,5.0
2460,33.28079272377504,16,9,5.0
2461,34.06910384836266,16,9,5.0
2462,33.66946041329179,16,9,5.0
2463,23.87045890161631,15,10,5.0
2464,24.265866138746926,15,10,5.0
2465,23.62594826235734,15,10,5.0
2466,33.73602097040213,16,9,5.0
2467,23.317073048980248,15,10,5.0
2468,24.303158710021954,15,10,5.0
2469,33.902272430538545,16,9,5.0
2470,23.51544675656607,15,10,5.0
2471,24.21623293819938,15,10,5.0
2472,23.212085717251092,15,10,5.0
2473,34.39929214949257,16,9,5.0
2474,24.41009067439908,15,10,5.0
2475,34.10234606133226,16,9,5.0
2476,23.088148835619915,15,10,5.0
2477,24.664247134826912,15,10,5.0
2478,23.907997206920342,15,10,5.0
2479,14.630074924522768,14,11,5.0
2480,34.49328806150071,16,9,5.0
2481,24.026717876004312,15,10,5.0
2482,33.453888601283296,16,9,5.0
2483,34.16600140050538,16,9,5.0
2484,14.903881076390691,14,11,5.0
2485,33.640058572683905,16,9,5.0
2486,34.256402413230134,16,9,5.0
2487,23.736145841141628,15,10,5.0
2488,34.16249460269445,16,9,5.0
2489,34.123928585215054,16,9,5.0
2490,23.982336738502696,15,10,5.0
2491,24.418371758543138,15,10,5.0
2492,24.105801602831598,15,10,5.0
2493,34.39848111862258,16,9,5.0
2494,23.879744879959745,15,10,5.0
2495,34.14295232797124,16,9,5.0
2496,33.302283091352095,16,9,5.0
2497,13.55208523707708,14,11,5.0
2498,23.637201520327494,15,10,5.0
2499,23.488975880892376,15,10,5.0
2500,34.841511677368196,16,9,5.0
2501,24.121477165039288,15,10,5.0
2502,24.50742823519045,15,10,5.0
2503,34.36951525836947,16,9,5.0
2504,33.596449071984864,16,9,5.0
2505,34.656706835413765,16,9,5.0
2506,22.67029216330338,15,10,5.0
2507,22.959218407421318,15,10,5.0
2508,23.783183284653592,15,10,5.0
2509,23.598942129188806,15,10,5.0
2510,3.221505767814474,13,12,5.0
2511,13.243368685431125,14,11,5.0
2512,34.143586775860314,16,9,5.0
2513,34.488676380107265,16,9,5.0
2514,23.454123557059372,15,10,5.0
2515,23.164271947161176,15,10,5.0
2516,25.00152047291177,15,10,5.0
2517,24.123719872112872,15,10,5.0
2518,24.693056324472757,15,10,5.0
2519,23.85370019605509,15,10,5.0
2520,34.27775999844006,16,9,5.0
2521,33.716436436167754,16,9,5.0
2522,33.80434549067044,16,9,5.0
2523,24.04277333299962,15,10,5.0
2524,24.600667322977237,15,10,5.0
2525,23.682648168820442,15,10,5.0
2526,43.376815708837334,17,8,5.0
2527,14.39462358009072,14,11,5.0
2528,21.75942355058987,15,10,5.0
2529,33.7475949157189,16,9,5.0
2530,14.062433571880485,14,11,5.0
2531,23.602921072467332,15,10,5.0
2532,24.296179190215852,15,10,5.0
2533,43.570405743295886,17,8,5.0
2534,34.55486505126799,16,9,5.0
2535,32.98402830413093,16,9,5.0
2536,24.086547259664073,15,10,5.0
2537,33.19759512860978,16,9,5.0
2538,34.2047360841837,16,9,5.0
2539,33.401994254454394,16,9,5.0
2540,12.601605006702641,14,11,5.0
2541,34.68041240985358,16,9,5.0
2542,33.956989992587694,16,9,5.0
2543,24.286509390611826,15,10,5.0
2544,33.78125264369887,16,9,5.0
2545,34.15058920151372,16,9,5.0
2546,24.320078782570643,15,10,5.0
2547,24.18261591506473,15,10,5.0
2548,33.37618291245945,16,9,5.0
2549,34.24159894364665,16,9,5.0
2550,33.27118719082553,16,9,5.0
2551,22.879333639211907,15,10,5.0
2552,33.88901951332852,16,9,5.0
2553,32.98187295626785,16,9,5.0
2554,12.987131246757958,14,11,5.0
2555,33.630810212259256,16,9,5.0
2556,23.970460154853463,15,10,5.0
2557,34.29222587270492,16,9,5.0
2558,33.08210572023265,16,9,5.0
2559,33.6200959752762,16,9,5.0
2560,23.90508759254933,15,10,5.0
2561,32.77227762631524,16,9,5.0
2562,33.61256343569982,16,9,5.0
2563,33.05337650787454,16,9,5.0
2564,34.39375614222271,16,9,5.0
2565,33.66343575156332,16,9,5.0
2566,33.87444075296368,16,9,5.0
2567,33.23319589194484,16,9,5.0
2568,33.84893435580479,16,9,5.0
2569,33.6099988164212,16,9,5.0
2570,44.08138640515036,17,8,5.0
2571,23.185637162444408,15,10,5.0
2572,23.921787849195645,15,10,5.0
2573,23.91192314575169,15,10,5.0
2574,22.74316150467408,15,10,5.0
2575,23.94638776670863,15,10,5.0
2576,33.42102508259248,16,9,5.0
2577,22.914853474182074,15,10,5.0
2578,34.122445541190174,16,9,5.0
2579,23.47573392437674,15,10,5.0
2580,13.107777088807499,14,11,5.0
2581,32.766270879293884,16,9,5.0
2582,32.94662719087691,16,9,5.0
2583,33.84488333499926,16,9,5.0
2584,34.14195068207065,16,9,5.0
2585,33.450074602998136,16,9,5.0
2586,34.009963942511625,16,9,5.0
2587,23.62861204168513,15,10,5.0
2588,23.585341844997608,15,10,5.0
2589,32.81077811501145,16,9,5.0
2590,33.27911051499761,16,9,5.0
2591,34.04386711820397,16,9,5.0
2592,32.717143110320755,16,9,5.0
2593,33.612219797833234,16,9,5.0
2594,44.489197779916516,17,8,5.0
2595,24.33379418375962,15,10,5.0
2596,33.908752858300645,16,9,5.0
2597,44.35271449409426,17,8,5.0
2598,33.56230606393151,16,9,5.0
2599,34.30098369965266,16,9,5.0
2600,33.81663804431291,16,9,5.0
2601,34.4437089143646,16,9,5.0
2602,33.207054988148016,16,9,5.0
2603,32.581958237153636,16,9,5.0
2604,24.16115299323321,15,10,5.0
2605,23.839284057030934,15,10,5.0
2606,32.969156476386715,16,9,5.0
2607,12.83522996558668,14,11,5.0
2608,21.6383380957978,15,10,5.0
2609,34.22183096129495,16,9,5.0
2610,2.5758637286612514,13,12,5.0
2611,33.47893186335234,16,9,5.0
2612,23.52014160185247,15,10,5.0
2613,24.645030108409813,15,10,5.0
2614,33.949946191272225,16,9,5.0
2615,34.31631601879908,16,9,5.0
2616,24.16856892980101,15,10,5.0
2617,34.13408530548728,16,9,5.0
2618,43.537196193569,17,8,5.0
2619,43.86251533509237,17,8,5.0
2620,33.22340554840205,16,9,5.0
2621,33.85164500726734,16,9,5.0
2622,33.177391572582785,16,9,5.0
2623,33.27369442371746,16,9,5.0
2624,34.071204441318606,16,9,5.0
2625,22.50612642546718,15,10,5.0
2626,23.675663179917635,15,10,5.0
2627,12.983542478718725,14,11,5.0
2628,33.600464266246505,16,9,5.0
2629,34.545189077255245,16,9,5.0
2630,33.6737962619961,16,9,5.0
2631,33.536749987301434,16,9,5.0
2632,33.54165278849674,16,9,5.0
2633,23.051450155309574,15,10,5.0
2634,33.17287038634181,16,9,5.0
2635,23.514411371327544,15,10,5.0
2636,33.21009012971845,16,9,5.0
2637,33.20708984396618,16,9,5.0
2638,23.688965726659518,15,10,5.0
2639,34.12882034359416,16,9,5.0
2640,33.21904797422461,16,9,5.0
2641,33.84279039296352,16,9,5.0
2642,44.35788913060445,17,8,5.0
2643,32.69420611518245,16,9,5.0
2644,24.12910672568561,15,10,5.0
2645,34.16844648044797,16,9,5.0
2646,34.44782620693957,16,9,5.0
2647,23.540435070884243,15,10,5.0
2648,33.44546719419591,16,9,5.0
2649,33.384693582084736,16,9,5.0
2650,23.269173987476684,15,10,5.0
2651,33.550668801740656,16,9,5.0
2652,23.106253235393243,15,10,5.0
2653,43.90814146111542,17,8,5.0
2654,43.60564698522945,17,8,5.0
2655,23.17432311162761,15,10,5.0
2656,33.53810627547849,16,9,5.0
2657,33.16746920903964,16,9,5.0
2658,22.21120988595845,15,10,5.0
2659,33.848868037014164,16,9,5.0
2660,34.00359546546957,16,9,5.0
2661,33.25399772458042,16,9,5.0
2662,43.64266804787675,17,8,5.0
2663,33.395473389225884,16,9,5.0
2664,43.53846116958522,17,8,5.0
2665,34.26771067443244,16,9,5.0
2666,33.35556131474254,16,9,5.0
2667,43.387046980142756,17,8,5.0
2668,43.42688790908212,17,8,5.0
2669,33.51528218005941,16,9,5.0
2670,13.161273602216191,14,11,5.0
2671,34.89987612669087,16,9,5.0
2672,34.21953006297488,16,9,5.0
2673,23.792908194664403,15,10,5.0
2674,24.034476543811653,15,10,5.0
2675,44.01333692115404,17,8,5.0
2676,33.756906519477916,16,9,5.0
2677,33.62919272004143,16,9,5.0
2678,23.484869787902902,15,10,5.0
2679,43.262986991726606,17,8,5.0
2680,44.320862340543954,17,8,5.0
2681,33.04393890073293,16,9,5.0
2682,44.44921487535038,17,8,5.0
2683,33.69499242654441,16,9,5.0
2684,44.087671874384036,17,8,5.0
2685,44.30008311906943,17,8,5.0
2686,33.21350603812492,16,9,5.0
2687,23.344591723458976,15,10,5.0
2688,33.579263240483535,16,9,5.0
2689,24.252148595089746,15,10,5.0
2690,22.856673380489582,15,10,5.0
2691,34.41797451201352,16,9,5.0
2692,13.226841071989,14,11,5.0
2693,22.63371399915082,15,10,5.0
2694,24.39356552242264,15,10,5.0
2695,42.75410564319981,17,8,5.0
2696,34.47449147033015,16,9,5.0
2697,43.633976438418905,17,8,5.0
2698,24.31561905866977,15,10,5.0
2699,44.605813680275304,17,8,5.0
2700,33.39160398849244,16,9,5.0
2701,34.11126575554108,16,9,5.0
2702,23.403491089888714,15,10,5.0
2703,34.42352847451524,16,9,5.0
2704,34.234245904412745,16,9,5.0
2705,34.626320373826616,16,9,5.0
2706,23.229909906947746,15,10,5.0
2707,34.22257769235198,16,9,5.0
2708,42.94983623462179,17,8,5.0
2709,33.44119959434313,16,9,5.0
2710,24.16370918527942,15,10,5.0
2711,33.3139058812185,16,9,5.0
2712,44.403342451768715,17,8,5.0
2713,33.47157965617881,16,9,5.0
2714,33.92679254843479,16,9,5.0
2715,22.59296166804171,15,10,5.0
2716,34.03348212528096,16,9,5.0
2717,23.403828263552242,15,10,5.0
2718,24.897110902542728,15,10,5.0
2719,33.50992225497206,16,9,5.0
2720,43.63352817005456,17,8,5.0
2721,34.488743354440736,16,9,5.0
2722,44.94519308430432,17,8,5.0
2723,34.63874428147047,16,9,5.0
2724,33.54834303534953,16,9,5.0
2725,33.82485673705464,16,9,5.0
2726,33.54954617173938,16,9,5.0
2727,33.05391052623927,16,9,5.0
2728,43.20446694288411,17,8,5.0
2729,33.79590916562485,16,9,5.0
2730,23.38677546445376,15,10,5.0
2731,43.85093470178362,17,8,5.0
2732,33.83912697863616,16,9,5.0
2733,32.825678205254405,16,9,5.0
2734,22.42258422252627,15,10,5.0
2735,33.871607909103,16,9,5.0
2736,24.62885482893177,15,10,5.0
2737,23.23910694796851,15,10,5.0
2738,25.065978936470554,15,10,5.0
2739,44.18917852533387,17,8,5.0
2740,35.05278441752438,16,9,5.0
2741,33.18629037204916,16,9,5.0
2742,23.73008465070747,15,10,5.0
2743,33.767559656504055,16,9,5.0
2744,23.173224077838668,15,10,5.0
2745,33.8927037411446,16,9,5.0
2746,33.61828211384704,16,9,5.0
2747,33.80580746350946,16,9,5.0
2748,44.32537015081165,17,8,5.0
2749,23.6422261234607,15,10,5.0
2750,23.614656692580315,15,10,5.0
2751,43.6369122105155,17,8,5.0
2752,32.71656453069807,16,9,5.0
2753,33.08256613552697,16,9,5.0
2754,24.536804870292656,15,10,5.0
2755,33.367082234656365,16,9,5.0
2756,43.637316495496705,17,8,5.0
2757,33.29990049807064,16,9,5.0
2758,43.23667151156692,17,8,5.0
2759,24.147951076006333,15,10,5.0
2760,24.128312182910854,15,10,5.0
2761,33.993496089956686,16,9,5.0
2762,34.385067842551045,16,9,5.0
2763,33.20423870096376,16,9,5.0
2764,34.24226319252109,16,9,5.0
2765,33.8144184415615,16,9,5.0
2766,22.37662041707607,15,10,5.0
2767,33.60413318513605,16,9,5.0
2768,43.00838396215873,17,8,5.0
2769,33.509881325410376,16,9,5.0
2770,33.661002371291694,16,9,5.0
2771,43.892727421258556,17,8,5.0
2772,42.998647429044105,17,8,5.0
2773,34.17345335371362,16,9,5.0
2774,33.90187093426151,16,9,5.0
2775,44.87495276914633,17,8,5.0
2776,34.51211476556717,16,9,5.0
2777,33.956774437399844,16,9,5.0
2778,43.11359840497137,17,8,5.0
2779,33.89861290209005,16,9,5.0
2780,33.649526506541505,16,9,5.0
2781,33.73562772638256,16,9,5.0
2782,23.183900403308783,15,10,5.0
2783,33.248861117281635,16,9,5.0
2784,43.787357387144496,17,8,5.0
2785,44.33686403157394,17,8,5.0
2786,23.386189783027127,15,10,5.0
2787,44.956966000284595,17,8,5.0
2788,23.43891328356959,15,10,5.0
2789,23.32684783564728,15,10,5.0
2790,34.11388209380835,16,9,5.0
2791,14.526682031468827,14,11,5.0
2792,33.810141206855526,16,9,5.0
2793,33.550732566439194,16,9,5.0
2794,34.460495589740844,16,9,5.0
2795,34.81363358557485,16,9,5.0
2796,43.371778856979994,17,8,5.0
2797,33.46279528982043,16,9,5.0
2798,43.49016678568688,17,8,5.0
2799,33.54929483863823,16,9,5.0
2800,33.94253767012376,16,9,5.0
2801,34.3150221119998,16,9,5.0
2802,24.010460146495817,15,10,5.0
2803,34.30450573122316,16,9,5.0
2804,24.111426395569406,15,10,5.0
2805,24.214625245159624,15,10,5.0
2806,44.134883489785295,17,8,5.0
2807,34.41057211736168,16,9,5.0
2808,44.0214761406455,17,8,5.0
2809,43.60148228603541,17,8,5.0
2810,23.128532355641322,15,10,5.0
2811,33.30388522818784,16,9,5.0
2812,42.32483379747265,17,8,5.0
2813,34.34661028973469,16,9,5.0
2814,34.22023365525295,16,9,5.0
2815,33.74227586400575,16,9,5.0
2816,44.109828359659794,17,8,5.0
2817,33.38187306402617,16,9,5.0
2818,24.199283253737676,15,10,5.0
2819,33.656020420755354,16,9,5.0
2820,24.43288579732088,15,10,5.0
2821,33.4123998117193,16,9,5.0
2822,43.804241658408614,17,8,5.0
2823,3.204413980377188,13,12,5.0
2824,23.1671949721364,15,10,5.0
2825,23.54890184571896,15,10,5.0
2826,34.15123720683117,16,9,5.0
2827,23.53958660314356,15,10,5.0
2828,43.85575341919872,17,8,5.0
2829,34.1661243545157,16,9,5.0
2830,33.00337432961968,16,9,5.0
2831,34.72454862363152,16,9,5.0
2832,34.15129964049847,16,9,5.0
2833,43.8433288181035,17,8,5.0
2834,44.158483157623,17,8,5.0
2835,32.0483437797567,16,9,5.0
2836,33.44556564104352,16,9,5.0
2837,23.21664231142913,15,10,5.0
2838,33.90409496269398,16,9,5.0
2839,33.90714632661115,16,9,5.0
2840,34.02649869630357,16,9,5.0
2841,34.24972175349514,16,9,5.0
2842,32.664794986115716,16,9,5.0
2843,34.07793929066889,16,9,5.0
2844,23.40726241955236,15,10,5.0
2845,43.687432066179454,17,8,5.0
2846,34.51311141996865,16,9,5.0
2847,43.09738396708584,17,8,5.0
2848,43.739427536076235,17,8,5.0
2849,32.3937876673766,16,9,5.0
2850,45.20698617536671,17,8,5.0
2851,24.893189023183712,15,10,5.0
2852,23.57324270482841,15,10,5.0
2853,23.510101030169842,15,10,5.0
2854,32.84825509088362,16,9,5.0
2855,44.3412898415117,17,8,5.0
2856,32.72613705284498,16,9,5.0
2857,34.25902611709001,16,9,5.0
2858,32.12247706480732,16,9,5.0
2859,33.64568116795433,16,9,5.0
2860,34.16142381136754,16,9,5.0
2861,33.9073902410392,16,9,5.0
2862,23.295825646142127,15,10,5.0
2863,33.452672613299924,16,9,5.0
2864,33.69445983432924,16,9,5.0
2865,22.846908940187127,15,10,5.0
2866,33.40174928044002,16,9,5.0
2867,44.424721829952254,17,8,5.0
2868,43.739962674379086,17,8,5.0
2869,33.02494023541525,16,9,5.0
2870,34.25246937177796,16,9,5.0
2871,43.17939061457206,17,8,5.0
2872,24.78541956091355,15,10,5.0
2873,33.174474152792,16,9,5.0
2874,34.16236411475754,16,9,5.0
2875,32.38811938151797,16,9,5.0
2876,34.79323325318323,16,9,5.0
2877,43.384110805934775,17,8,5.0
2878,33.32488405292878,16,9,5.0
2879,24.335315102536025,15,10,5.0
2880,34.24304793530904,16,9,5.0
2881,33.53133061732329,16,9,5.0
2882,43.03167710419757,17,8,5.0
2883,43.3391496708733,17,8,5.0
2884,43.45119339087689,17,8,5.0
2885,33.439694723124276,16,9,5.0
2886,43.84323112078738,17,8,5.0
2887,43.375166568566215,17,8,5.0
2888,24.686179872622954,15,10,5.0
2889,34.703612655322395,16,9,5.0
2890,33.05130124936281,16,9,5.0
2891,34.02634662318284,16,9,5.0
2892,44.09880042710381,17,8,5.0
2893,44.03886982953618,17,8,5.0
2894,34.306663646985626,16,9,5.0
2895,43.24646180980006,17,8,5.0
2896,35.16234638120308,16,9,5.0
2897,33.18128156904904,16,9,5.0
2898,42.863219481140675,17,8,5.0
2899,33.164334985630596,16,9,5.0
2900,34.07698869475123,16,9,5.0
2901,34.265203672807374,16,9,5.0
2902,44.06563311372638,17,8,5.0
2903,33.747086191423335,16,9,5.0
2904,32.497890872436066,16,9,5.0
2905,33.48232479417398,16,9,5.0
2906,23.746523155588655,15,10,5.0
2907,33.79906509397881,16,9,5.0
2908,33.76830981001189,16,9,5.0
2909,43.97789710125,17,8,5.0
2910,23.201725481997602,15,10,5.0
2911,22.585026286009942,15,10,5.0
2912,33.933138610852176,16,9,5.0
2913,14.143257607323623,14,11,5.0
2914,33.92065979119292,16,9,5.0
2915,33.16643369122285,16,9,5.0
2916,13.329662750855228,14,11,5.0
2917,33.23536362576372,16,9,5.0
2918,34.15317998135783,16,9,5.0
2919,34.55639377174525,16,9,5.0
2920,43.59705670640261,17,8,5.0
2921,23.763966344272742,15,10,5.0
2922,33.68494013908608,16,9,5.0
2923,23.668907905982653,15,10,5.0
2924,43.72884794603262,17,8,5.0
2925,23.81039102123008,15,10,5.0
2926,44.08796317567779,17,8,5.0
2927,43.23691076517083,17,8,5.0
2928,33.643401652505204,16,9,5.0
2929,44.74451614148308,17,8,5.0
2930,34.027201467734024,16,9,5.0
2931,34.07016463442799,16,9,5.0
2932,34.77014362177844,16,9,5.0
2933,32.67513801503535,16,9,5.0
2934,24.452618796568196,15,10,5.0
2935,33.518150873396436,16,9,5.0
2936,42.480209768997945,17,8,5.0
2937,33.94918577620535,16,9,5.0
2938,34.06568048605166,16,9,5.0
2939,34.09179677714989,16,9,5.0
2940,44.28257128449933,17,8,5.0
2941,33.847195267204974,16,9,5.0
2942,2.957990450284255,13,12,5.0
2943,33.48504087743015,16,9,5.0
2944,33.561769686553156,16,9,5.0
2945,43.605985318747386,17,8,5.0
2946,33.35706122772204,16,9,5.0
2947,34.232989300845965,16,9,5.0
2948,23.508054167618802,15,10,5.0
2949,33.890305094676194,16,9,5.0
2950,32.784024650954365,16,9,5.0
2951,33.39256018342623,16,9,5.0
2952,14.166430164977509,14,11,5.0
2953,24.294225098103045,15,10,5.0
2954,33.699072891826106,16,9,5.0
2955,34.12732491750761,16,9,5.0
2956,34.10082476524202,16,9,5.0
2957,33.21329422289005,16,9,5.0
2958,32.81659804706192,16,9,5.0
2959,33.63311021604256,16,9,5.0
2960,22.316688022071283,15,10,5.0
2961,44.79554098859391,17,8,5.0
2962,22.676974036539836,15,10,5.0
2963,23.992519268034343,15,10,5.0
2964,23.26051968237818,15,10,5.0
2965,44.519849068798806,17,8,5.0
2966,33.56203713575087,16,9,5.0
2967,32.6819376721095,16,9,5.0
2968,24.776135373196535,15,10,5.0
2969,43.98155187158044,17,8,5.0
2970,23.718797824870812,15,10,5.0
2971,33.18476951382323,16,9,5.0
2972,34.00561226048589,16,9,5.0
2973,23.337013529058595,15,10,5.0
2974,33.05461860665013,16,9,5.0
2975,33.77316037327468,16,9,5.0
2976,45.556686691346684,17,8,5.0
2977,44.16218153139762,17,8,5.0
2978,34.251312011119374,16,9,5.0
2979,44.170297216202314,17,8,5.0
2980,33.07629469384253,16,9,5.0
2981,44.413766113112146,17,8,5.0
2982,43.23422059228144,17,8,5.0
2983,23.911909294426643,15,10,5.0
2984,33.49065772207195,16,9,5.0
2985,43.54023816848812,17,8,5.0
2986,43.74447174118733,17,8,5.0
2987,24.231009288229544,15,10,5.0
2988,43.003302830649716,17,8,5.0
2989,33.616917346677795,16,9,5.0
2990,33.338965630762104,16,9,5.0
2991,24.17635323452765,15,10,5.0
2992,43.52002325091444,17,8,5.0
2993,13.53777523907882,14,11,5.0
2994,33.345210563254824,16,9,5.0
2995,34.143895919939084,16,9,5.0
2996,43.73359118737972,17,8,5.0
2997,33.62445551449492,16,9,5.0
2998,33.1539287285361,16,9,5.0
2999,33.91748230482851,16,9,5.0
3000,23.96673171956172,15,10,5.0
3001,32.80710505770266,16,9,5.0
3002,33.465600955197665,16,9,5.0
3003,34.04120924086622,16,9,5.0
3004,24.304896868371536,15,10,5.0
3005,33.23620237860645,16,9,5.0
3006,44.15692761867079,17,8,5.0
3007,23.09182616790166,15,10,5.0
3008,34.09269801380017,16,9,5.0
3009,24.45603474080782,15,10,5.0
3010,43.54315926633633,17,8,5.0
3011,43.56282773027141,17,8,5.0
3012,24.182978946357583,15,10,5.0
3013,33.196338872533964,16,9,5.0
3014,23.958157990056613,15,10,5.0
3015,13.909108171813076,14,11,5.0
3016,23.141833561978544,15,10,5.0
3017,33.12422137589098,16,9,5.0
3018,34.33711177365373,16,9,5.0
3019,44.68652092865728,17,8,5.0
3020,13.406471474386588,14,11,5.0
3021,23.871135060144248,15,10,5.0
3022,33.05301534347491,16,9,5.0
3023,33.05725985688545,16,9,5.0
3024,33.372231595792854,16,9,5.0
3025,42.965867120889044,17,8,5.0
3026,33.86979184307829,16,9,5.0
3027,24.435443474007513,15,10,5.0
3028,24.0883353536064,15,10,5.0
3029,23.736726544513544,15,10,5.0
3030,23.777678811657495,15,10,5.0
3031,43.23435907259379,17,8,5.0
3032,33.23392931394761,16,9,5.0
3033,22.961065734448013,15,10,5.0
3034,33.38879128966382,16,9,5.0
3035,33.96723719632032,16,9,5.0
3036,24.43249164366334,15,10,5.0
3037,34.056706930054936,16,9,5.0
3038,32.95217171747493,16,9,5.0
3039,23.663994948913587,15,10,5.0
3040,33.10972966143764,16,9,5.0
3041,33.73317055607476,16,9,5.0
3042,34.14206747232997,16,9,5.0
3043,33.45665940349311,16,9,5.0
3044,13.895385209405616,14,11,5.0
3045,33.59144201585628,16,9,5.0
3046,43.70018015631845,17,8,5.0
3047,33.57849520333041,16,9,5.0
3048,32.321994658415576,16,9,5.0
3049,24.174432677848028,15,10,5.0
3050,23.836646968804175,15,10,5.0
3051,32.80724322882906,16,9,5.0
3052,23.69349891529103,15,10,5.0
3053,32.90444095571668,16,9,5.0
3054,32.62102089871252,16,9,5.0
3055,33.895256645219106,16,9,5.0
3056,33.797390338529425,16,9,5.0
3057,44.17050409926115,17,8,5.0
3058,24.43243655624017,15,10,5.0
3059,23.66078294159911,15,10,5.0
3060,32.804816391215425,16,9,5.0
3061,34.005805850495165,16,9,5.0
3062,24.50987173357337,15,10,5.0
3063,23.393289215603353,15,10,5.0
3064,34.42354999164482,16,9,5.0
3065,23.634686819079025,15,10,5.0
3066,43.81717340824276,17,8,5.0
3067,34.656265531406056,16,9,5.0
3068,33.63719820557438,16,9,5.0
3069,44.10494188361529,17,8,5.0
3070,34.35947023930149,16,9,5.0
3071,24.1893190955667,15,10,5.0
3072,42.95929766054402,17,8,5.0
3073,32.866294311978564,16,9,5.0
3074,43.88357912434756,17,8,5.0
3075,33.50907545921541,16,9,5.0
3076,33.19801614959008,16,9,5.0
3077,43.59500664329116,17,8,5.0
3078,33.69025979309456,16,9,5.0
3079,32.999396874885505,16,9,5.0
3080,43.74028403775102,17,8,5.0
3081,23.085135373574456,15,10,5.0
3082,33.3929553170376,16,9,5.0
3083,12.893866413379737,14,11,5.0
3084,34.2941218114825,16,9,5.0
3085,32.877853638530716,16,9,5.0
3086,44.21167028698542,17,8,5.0
3087,23.729413984375725,15,10,5.0
3088,33.14725386558908,16,9,5.0
3089,43.92721244654529,17,8,5.0
3090,12.859124958336668,14,11,5.0
3091,33.2600857048048,16,9,5.0
3092,43.11040669808018,17,8,5.0
3093,34.089360438541526,16,9,5.0
3094,44.5948228146077,17,8,5.0
3095,33.7674963495373,16,9,5.0
3096,33.47533320845524,16,9,5.0
3097,42.723345785670475,17,8,5.0
3098,23.7994737995155,15,10,5.0
3099,42.801503235628836,17,8,5.0
3100,44.16459236214752,17,8,5.0
3101,32.52285941870013,16,9,5.0
3102,34.708519844981275,16,9,5.0
3103,33.37669729744418,16,9,5.0
3104,33.47925377070711,16,9,5.0
3105,33.97944871076368,16,9,5.0
3106,43.90922206007746,17,8,5.0
3107,33.739968387421776,16,9,5.0
3108,43.468482940426156,17,8,5.0
3109,44.17886905871011,17,8,5.0
3110,33.74503147784529,16,9,5.0
3111,33.64617719379633,16,9,5.0
3112,33.33252717152919,16,9,5.0
3113,34.09064937100305,16,9,5.0
3114,23.825820221807366,15,10,5.0
3115,44.18736111257639,17,8,5.0
3116,23.708354948452893,15,10,5.0
3117,33.37710928330103,16,9,5.0
3118,23.743362176015474,15,10,5.0
3119,33.24511118191535,16,9,5.0
3120,33.19809374947061,16,9,5.0
3121,23.82274087710607,15,10,5.0
3122,32.42215957051713,16,9,5.0
3123,32.626819093303,16,9,5.0
3124,43.410353889837914,17,8,5.0
3125,2.911749456676393,13,12,5.0
3126,34.358185447150255,16,9,5.0
3127,33.82254295511885,16,9,5.0
3128,33.58198947803034,16,9,5.0
3129,23.32564659556937,15,10,5.0
3130,43.563903589473114,17,8,5.0
3131,33.58106961284752,16,9,5.0
3132,34.65903878629463,16,9,5.0
3133,23.586977608463563,15,10,5.0
3134,44.701606340509194,17,8,5.0
3135,44.100809407695195,17,8,5.0
3136,43.77534174080961,17,8,5.0
3137,14.470659187089755,14,11,5.0
3138,23.853742336034387,15,10,5.0
3139,22.88521937874203,15,10,5.0
3140,43.34700107957909,17,8,5.0
3141,42.86598491970784,17,8,5.0
3142,43.62863632097195,17,8,5.0
3143,33.76051084070396,16,9,5.0
3144,33.5504442139876,16,9,5.0
3145,33.641748713763434,16,9,5.0
3146,33.802417427145464,16,9,5.0
3147,43.74121243257591,17,8,5.0
3148,23.541159573987205,15,10,5.0
3149,44.03418631437859,17,8,5.0
3150,43.83726531953105,17,8,5.0
3151,24.23185331666988,15,10,5.0
3152,23.066487925687998,15,10,5.0
3153,33.9046363069894,16,9,5.0
3154,24.11547997441655,15,10,5.0
3155,34.27769076838597,16,9,5.0
3156,34.31507525326644,16,9,5.0
3157,33.954223837449476,16,9,5.0
3158,24.652414282974394,15,10,5.0
3159,44.28825333076754,17,8,5.0
3160,23.040513829990026,15,10,5.0
3161,23.287363084351504,15,10,5.0
3162,13.874036404533367,14,11,5.0
3163,43.02099224823985,17,8,5.0
3164,43.46423476624739,17,8,5.0
3165,33.9694631609611,16,9,5.0
3166,32.349978161517754,16,9,5.0
3167,44.437551646981206,17,8,5.0
3168,33.543055160072534,16,9,5.0
3169,43.53444962195858,17,8,5.0
3170,32.83219078669045,16,9,5.0
3171,23.378041088893227,15,10,5.0
3172,34.59972595851463,16,9,5.0
3173,43.52851696682558,17,8,5.0
3174,33.51259961794998,16,9,5.0
3175,33.611818561672266,16,9,5.0
3176,33.93706677904682,16,9,5.0
3177,23.804979907787164,15,10,5.0
3178,33.62647818439004,16,9,5.0
3179,34.32336008924777,16,9,5.0
3180,44.943811278959274,17,8,5.0
3181,34.65222026288961,16,9,5.0
3182,13.259455264876415,14,11,5.0
3183,34.15840245302781,16,9,5.0
3184,34.161671859110626,16,9,5.0
3185,44.16812108266926,17,8,5.0
3186,34.662814898296254,16,9,5.0
3187,34.5846771004571,16,9,5.0
3188,44.44195923742662,17,8,5.0
3189,33.83995525345305,16,9,5.0
3190,43.306730213099314,17,8,5.0
3191,34.3296207502395,16,9,5.0
3192,14.911225680821747,14,11,5.0
3193,23.936189168934888,15,10,5.0
3194,34.09011314876129,16,9,5.0
3195,24.559533861885754,15,10,5.0
3196,34.31300073896216,16,9,5.0
3197,43.624028439161805,17,8,5.0
3198,23.408607534923934,15,10,5.0
3199,44.218356072393966,17,8,5.0
3200,33.78804413050446,16,9,5.0
3201,34.069918336758974,16,9,5.0
3202,33.654364601793795,16,9,5.0
3203,24.320207602532488,15,10,5.0
3204,13.39852543249758,14,11,5.0
3205,33.925450947277724,16,9,5.0
3206,13.151730107937253,14,11,5.0
3207,44.60551969731049,17,8,5.0
3208,33.01540149617732,16,9,5.0
3209,33.84883055811041,16,9,5.0
3210,44.49914672098655,17,8,5.0
3211,34.8345066825276,16,9,5.0
3212,33.89774847800652,16,9,5.0
3213,33.91803229123587,16,9,5.0
3214,33.34361928736295,16,9,5.0
3215,23.665085404506996,15,10,5.0
3216,33.61973506333281,16,9,5.0
3217,43.2663004618426,17,8,5.0
3218,22.812246758699608,15,10,5.0
3219,23.019389228147958,15,10,5.0
3220,33.41478998813326,16,9,5.0
3221,34.22038278788762,16,9,5.0
3222,43.03168342723648,17,8,5.0
3223,23.36520517074267,15,10,5.0
3224,33.131388549230955,16,9,5.0
3225,23.915379486519967,15,10,5.0
3226,34.79783012649307,16,9,5.0
3227,25.117209751035,15,10,5.0
3228,45.09001056707624,17,8,5.0
3229,24.076830925534885,15,10,5.0
3230,44.32408156365614,17,8,5.0
3231,34.20602716807229,16,9,5.0
3232,33.47857430707333,16,9,5.0
3233,33.86003095117298,16,9,5.0
3234,43.89875871308245,17,8,5.0
3235,43.354108807791675,17,8,5.0
3236,24.044761286405663,15,10,5.0
3237,33.96711558531914,16,9,5.0
3238,43.28495342160319,17,8,5.0
3239,23.141706282208727,15,10,5.0
3240,43.71457744606808,17,8,5.0
3241,44.29392003065713,17,8,5.0
3242,34.646196890023674,16,9,5.0
3243,43.243991682968186,17,8,5.0
3244,34.38355031322474,16,9,5.0
3245,34.26766378521579,16,9,5.0
3246,34.719246695845186,16,9,5.0
3247,23.32534762284849,15,10,5.0
3248,13.820958122307132,14,11,5.0
3249,44.75731064108577,17,8,5.0
3250,33.331967021224486,16,9,5.0
3251,33.74640032366492,16,9,5.0
3252,24.379641072157533,15,10,5.0
3253,33.80898321081751,16,9,5.0
3254,43.797538661604875,17,8,5.0
3255,34.053724773291364,16,9,5.0
3256,34.019504060822314,16,9,5.0
3257,23.445428632886554,15,10,5.0
3258,43.83905111776507,17,8,5.0
3259,33.71708103917917,16,9,5.0
3260,33.99324289346087,16,9,5.0
3261,33.088634416658486,16,9,5.0
3262,43.725006434682996,17,8,5.0
3263,34.33221296841782,16,9,5.0
3264,43.145730617707855,17,8,5.0
3265,34.49065302228476,16,9,5.0
3266,43.62841895927547,17,8,5.0
3267,43.96051137465775,17,8,5.0
3268,43.71322899090663,17,8,5.0
3269,44.32853464384823,17,8,5.0
3270,44.06108427087041,17,8,5.0
3271,32.99861048483768,16,9,5.0
3272,43.28289388078984,17,8,5.0
3273,33.57673455616236,16,9,5.0
3274,23.513420710287825,15,10,5.0
3275,23.670164649963038,15,10,5.0
3276,33.50373234933038,16,9,5.0
3277,34.018589179674926,16,9,5.0
3278,33.190661477883246,16,9,5.0
3279,34.08004611719514,16,9,5.0
3280,33.43409279702921,16,9,5.0
3281,34.19615016649954,16,9,5.0
3282,44.50166564695962,17,8,5.0
3283,34.116070962775396,16,9,5.0
3284,33.45394492353077,16,9,5.0
3285,43.29509779068928,17,8,5.0
3286,33.81482672677208,16,9,5.0
3287,33.06239421314443,16,9,5.0
3288,23.547906192942307,15,10,5.0
3289,44.42306806429826,17,8,5.0
3290,34.88286736367735,16,9,5.0
3291,23.05431763295086,15,10,5.0
3292,33.77700714482611,16,9,5.0
3293,23.802643548426012,15,10,5.0
3294,44.46834330396349,17,8,5.0
3295,33.76121260170457,16,9,5.0
3296,44.145959433023776,17,8,5.0
3297,33.994228059203934,16,9,5.0
3298,42.55989736664359,17,8,5.0
3299,34.45069609537386,16,9,5.0
3300,34.09031754244182,16,9,5.0
3301,43.806596727782185,17,8,5.0
3302,33.95734274353106,16,9,5.0
3303,24.983807719288976,15,10,5.0
3304,24.29727422203154,15,10,5.0
3305,34.29464794038604,16,9,5.0
3306,43.038648119387226,17,8,5.0
3307,33.193653539566874,16,9,5.0
3308,44.72261463867743,17,8,5.0
3309,23.776024422477498,15,10,5.0
3310,23.808665387113166,15,10,5.0
3311,23.543327680444463,15,10,5.0
3312,23.88553564860595,15,10,5.0
3313,34.44959316203673,16,9,5.0
3314,33.87111515155074,16,9,5.0
3315,33.78555811623349,16,9,5.0
3316,24.488123553551503,15,10,5.0
3317,43.38136022275581,17,8,5.0
3318,33.70756465042165,16,9,5.0
3319,44.104015723695206,17,8,5.0
3320,34.15641089963995,16,9,5.0
3321,13.947213638995175,14,11,5.0
3322,44.25626844173781,17,8,5.0
3323,34.45284272021826,16,9,5.0
3324,23.469402034186587,15,10,5.0
3325,35.25986946157249,16,9,5.0
3326,24.482976813508238,15,10,5.0
3327,44.79054834560391,17,8,5.0
3328,33.88464930856854,16,9,5.0
3329,43.89378315472137,17,8,5.0
3330,22.99593791593855,15,10,5.0
3331,23.571176514666107,15,10,5.0
3332,43.38175554362059,17,8,5.0
3333,33.27453819720314,16,9,5.0
3334,44.08275996462756,17,8,5.0
3335,43.07006855658115,17,8,5.0
3336,33.8182204264305,16,9,5.0
3337,24.004958928800455,15,10,5.0
3338,34.2756540041842,16,9,5.0
3339,44.07591220129183,17,8,5.0
3340,43.812749023324905,17,8,5.0
3341,33.6390430900775,16,9,5.0
3342,33.65836862714104,16,9,5.0
3343,44.25580264316056,17,8,5.0
3344,44.558802699351865,17,8,5.0
3345,33.13299936868313,16,9,5.0
3346,34.79293272117034,16,9,5.0
3347,34.773797414138144,16,9,5.0
3348,33.939367898389506,16,9,5.0
3349,12.73536439564882,14,11,5.0
3350,43.598305565491046,17,8,5.0
3351,43.61724718176674,17,8,5.0
3352,24.198612388864554,15,10,5.0
3353,44.403765666219556,17,8,5.0
3354,33.97667340777462,16,9,5.0
3355,4.176008060524373,13,12,5.0
3356,33.9379437920257,16,9,5.0
3357,33.050310147561966,16,9,5.0
3358,33.369492535630584,16,9,5.0
3359,43.62867565686362,17,8,5.0
3360,44.116220983937396,17,8,5.0
3361,43.97429458616149,17,8,5.0
3362,34.21981396006377,16,9,5.0
3363,45.15821488818172,17,8,5.0
3364,43.174511105008364,17,8,5.0
3365,33.97920951172226,16,9,5.0
3366,42.779134172175574,17,8,5.0
3367,33.07536697421647,16,9,5.0
3368,43.85009745147572,17,8,5.0
3369,33.7048378289309,16,9,5.0
3370,33.951641670116686,16,9,5.0
3371,24.19581350477393,15,10,5.0
3372,43.41016272277295,17,8,5.0
3373,23.74370104903341,15,10,5.0
3374,43.52759631985852,17,8,5.0
3375,33.386147575800535,16,9,5.0
3376,35.90557550236612,16,9,5.0
3377,33.30282434603535,16,9,5.0
3378,33.91672698043019,16,9,5.0
3379,33.7470901744447,16,9,5.0
3380,34.1176727526247,16,9,5.0
3381,34.239894224000466,16,9,5.0
3382,24.006770585064956,15,10,5.0
3383,23.75417677249893,15,10,5.0
3384,43.84405241818977,17,8,5.0
3385,34.2733832675042,16,9,5.0
3386,24.18502680061117,15,10,5.0
3387,43.29895072186474,17,8,5.0
3388,34.376590374787845,16,9,5.0
3389,34.12374741046245,16,9,5.0
3390,43.572432241841874,17,8,5.0
3391,43.804967892043514,17,8,5.0
3392,43.222810538699164,17,8,5.0
3393,33.471128726785075,16,9,5.0
3394,34.146360936066806,16,9,5.0
3395,33.416211549445585,16,9,5.0
3396,34.05814450675066,16,9,5.0
3397,33.44292171002975,16,9,5.0
3398,23.606578555787394,15,10,5.0
3399,23.446182741610457,15,10,5.0
3400,33.351098516594284,16,9,5.0
3401,33.853928867939395,16,9,5.0
3402,34.19931145567807,16,9,5.0
3403,33.16257992189464,16,9,5.0
3404,44.65933072123074,17,8,5.0
3405,34.0516177942629,16,9,5.0
3406,33.70968436638128,16,9,5.0
3407,34.23674726597172,16,9,5.0
3408,33.443392150848005,16,9,5.0
3409,43.98612781384808,17,8,5.0
3410,45.45396581153162,17,8,5.0
3411,34.88258454539154,16,9,5.0
3412,33.83056271981534,16,9,5.0
3413,43.18769878181605,17,8,5.0
3414,44.069505427913704,17,8,5.0
3415,34.96249170938987,16,9,5.0
3416,33.88378133545524,16,9,5.0
3417,34.927722761362624,16,9,5.0
3418,34.83044004921316,16,9,5.0
3419,23.850662958013647,15,10,5.0
3420,34.341640273480245,16,9,5.0
3421,13.590650372825792,14,11,5.0
3422,33.39389262695582,16,9,5.0
3423,34.74941349474537,16,9,5.0
3424,34.77464696429874,16,9,5.0
3425,33.57384276576607,16,9,5.0
3426,34.47033906633839,16,9,5.0
3427,33.11797569502341,16,9,5.0
3428,33.10173938716137,16,9,5.0
3429,44.297079395625154,17,8,5.0
3430,43.97494871146905,17,8,5.0
3431,34.273254972589854,16,9,5.0
3432,24.522046066220277,15,10,5.0
3433,14.149328553688388,14,11,5.0
3434,14.565255769670344,14,11,5.0
3435,23.134583016398317,15,10,5.0
3436,23.739760376939095,15,10,5.0
3437,44.60472135941815,17,8,5.0
3438,33.25576046579981,16,9,5.0
3439,33.53494591339333,16,9,5.0
3440,34.50976315866181,16,9,5.0
3441,34.072103695202244,16,9,5.0
3442,33.967616859323,16,9,5.0
3443,24.182878625256006,15,10,5.0
3444,33.59604627739276,16,9,5.0
3445,44.460030903081346,17,8,5.0
3446,33.61252433739541,16,9,5.0
3447,44.24794750110638,17,8,5.0
3448,33.737629713474725,16,9,5.0
3449,34.05654093151377,16,9,5.0
3450,44.49319967036515,17,8,5.0
3451,34.040388272682144,16,9,5.0
3452,34.426266991372046,16,9,5.0
3453,43.419278150797126,17,8,5.0
3454,43.19618530298028,17,8,5.0
3455,34.60136849590801,16,9,5.0
3456,34.68804778879155,16,9,5.0
3457,43.73147744552766,17,8,5.0
3458,44.46996772758226,17,8,5.0
3459,44.53137308433585,17,8,5.0
3460,45.22624742100356,17,8,5.0
3461,43.635823780828225,17,8,5.0
3462,34.046472258397316,16,9,5.0
3463,33.61668075334835,16,9,5.0
3464,44.80606052453585,17,8,5.0
3465,34.27558397045886,16,9,5.0
3466,33.56455336913001,16,9,5.0
3467,33.58572983623356,16,9,5.0
3468,32.77484311381834,16,9,5.0
3469,24.78451621804802,15,10,5.0
3470,34.40866386406812,16,9,5.0
3471,34.160254498591954,16,9,5.0
3472,34.34798366294117,16,9,5.0
3473,34.72829964693928,16,9,5.0
3474,33.58280876013199,16,9,5.0
3475,44.12017528066549,17,8,5.0
3476,45.22857333881905,17,8,5.0
3477,45.00327252170851,17,8,5.0
3478,44.05702397398459,17,8,5.0
3479,43.79611040703365,17,8,5.0
3480,43.69908708601083,17,8,5.0
3481,43.823137945332945,17,8,5.0
3482,23.74965247454354,15,10,5.0
3483,13.883070124079175,14,11,5.0
3484,33.97349360346955,16,9,5.0
3485,44.57478841116365,17,8,5.0
3486,23.56307246322829,15,10,5.0
3487,12.213551924415606,14,11,5.0
3488,44.725225263337585,17,8,5.0
3489,43.62697704364032,17,8,5.0
3490,44.10014867885234,17,8,5.0
3491,33.75425186735852,16,9,5.0
3492,34.5635667815243,16,9,5.0
3493,44.52076886212205,17,8,5.0
3494,44.18857011417142,17,8,5.0
3495,43.570848520131825,17,8,5.0
3496,44.351203590113485,17,8,5.0
3497,44.6272875073044,17,8,5.0
3498,44.20727078409077,17,8,5.0
3499,23.934483585866182,15,10,5.0
3500,33.99818855992595,16,9,5.0
3501,33.166511158827255,16,9,5.0
3502,23.81842248699424,15,10,5.0
3503,24.447872880405065,15,10,5.0
3504,44.57554460025085,17,8,5.0
3505,32.95308891709961,16,9,5.0
3506,24.204647645655943,15,10,5.0
3507,23.877192936972932,15,10,5.0
3508,35.00317746422106,16,9,5.0
3509,34.04658079680402,16,9,5.0
3510,34.54064400415826,16,9,5.0
3511,23.23532704512818,15,10,5.0
3512,43.65646755713892,17,8,5.0
3513,23.8760576250272,15,10,5.0
3514,34.73558059038142,16,9,5.0
3515,33.5676169975668,16,9,5.0
3516,34.40243225621818,16,9,5.0
3517,34.10402369903425,16,9,5.0
3518,43.88218905155574,17,8,5.0
3519,34.47261041432931,16,9,5.0
3520,24.639717012625848,15,10,5.0
3521,13.633692245814297,14,11,5.0
3522,33.16589230915885,16,9,5.0
3523,44.63165904733188,17,8,5.0
3524,33.33034771397756,16,9,5.0
3525,44.08360060998786,17,8,5.0
3526,32.797675790875125,16,9,5.0
3527,34.71753335720741,16,9,5.0
3528,33.69251556678054,16,9,5.0
3529,43.73975564427991,17,8,5.0
3530,34.57692857042264,16,9,5.0
3531,34.13711805218528,16,9,5.0
3532,33.09027950245698,16,9,5.0
3533,23.490350146567316,15,10,5.0
3534,33.52759790546429,16,9,5.0
3535,24.45038515310675,15,10,5.0
3536,44.870447023803735,17,8,5.0
3537,33.95807602808918,16,9,5.0
3538,34.40301825618613,16,9,5.0
3539,34.167729572594084,16,9,5.0
3540,34.15603917462896,16,9,5.0
3541,33.18488672362897,16,9,5.0
3542,34.012693530333785,16,9,5.0
3543,34.31975501505487,16,9,5.0
3544,45.16107820017287,17,8,5.0
3545,44.816115563726505,17,8,5.0
3546,33.49903152596779,16,9,5.0
3547,34.58812236860812,16,9,5.0
3548,23.567182802002435,15,10,5.0
3549,34.9339658538808,16,9,5.0
3550,32.86593360589514,16,9,5.0
3551,33.578657513153686,16,9,5.0
3552,33.8812236036055,16,9,5.0
3553,44.19008602851308,17,8,5.0
3554,45.04964816105395,17,8,5.0
3555,33.41801621328419,16,9,5.0
3556,35.246176322138226,16,9,5.0
3557,33.32818179189376,16,9,5.0
3558,44.314683550299684,17,8,5.0
3559,34.32311702323696,16,9,5.0
3560,33.7531001397622,16,9,5.0
3561,24.10570947415428,15,10,5.0
3562,33.99484444057119,16,9,5.0
3563,23.335382620767014,15,10,5.0
3564,33.80108784716054,16,9,5.0
3565,33.473617013982285,16,9,5.0
3566,13.822744747499263,14,11,5.0
3567,43.67505479925183,17,8,5.0
3568,43.01060455382003,17,8,5.0
3569,34.34418240767423,16,9,5.0
3570,34.23843999553184,16,9,5.0
3571,24.04892076930403,15,10,5.0
3572,43.173523655252886,17,8,5.0
3573,43.5769837690344,17,8,5.0
3574,44.73653088781856,17,8,5.0
3575,12.546023785020754,14,11,5.0
3576,24.615327822220863,15,10,5.0
3577,23.490090300287193,15,10,5.0
3578,44.49013910073324,17,8,5.0
3579,24.003434840086832,15,10,5.0
3580,23.736609384710246,15,10,5.0
3581,23.354876167460127,15,10,5.0
3582,43.468148378771,17,8,5.0
3583,44.14863642903053,17,8,5.0
3584,34.50932434100892,16,9,5.0
3585,34.01806764914894,16,9,5.0
3586,45.07380661475018,17,8,5.0
3587,34.01186981047249,16,9,5.0
3588,44.05455392132953,17,8,5.0
3589,33.62728405141896,16,9,5.0
3590,34.009061554565896,16,9,5.0
3591,43.66356680665471,17,8,5.0
3592,23.57925829688389,15,10,5.0
3593,34.375348104285344,16,9,5.0
3594,23.384808906036902,15,10,5.0
3595,34.21473944828644,16,9,5.0
3596,34.45588197905774,16,9,5.0
3597,44.229568113032535,17,8,5.0
3598,44.105144909245524,17,8,5.0
3599,33.14468832841996,16,9,5.0
3600,33.89595534353636,16,9,5.0
3601,34.326959337641675,16,9,5.0
3602,34.42604872773076,16,9,5.0
3603,33.54211581451878,16,9,5.0
3604,23.597758461002996,15,10,5.0
3605,34.071190468936166,16,9,5.0
3606,34.05379228441972,16,9,5.0
3607,34.186562337377765,16,9,5.0
3608,43.67027490411539,17,8,5.0
3609,24.425244008370147,15,10,5.0
3610,44.48508919264798,17,8,5.0
3611,42.532949412009096,17,8,5.0
3612,24.341970520990895,15,10,5.0
3613,33.652388841137174,16,9,5.0
3614,44.349195677414606,17,8,5.0
3615,34.608186768848824,16,9,5.0
3616,33.26665856396795,16,9,5.0
3617,33.40455837246703,16,9,5.0
3618,33.763064728010185,16,9,5.0
3619,34.18702566062014,16,9,5.0
3620,34.16274033185096,16,9,5.0
3621,23.908679163361164,15,10,5.0
3622,33.90850618105017,16,9,5.0
3623,24.48763468227986,15,10,5.0
3624,43.9283394523242,17,8,5.0
3625,33.7315960091371,16,9,5.0
3626,44.89450394094217,17,8,5.0
3627,44.18288941386691,17,8,5.0
3628,34.572964128853855,16,9,5.0
3629,44.10516586155916,17,8,5.0
3630,43.79407229478401,17,8,5.0
3631,34.10008144264605,16,9,5.0
3632,13.216523709887031,14,11,5.0
3633,32.89831184404014,16,9,5.0
3634,33.99102367935495,16,9,5.0
3635,43.53451822842129,17,8,5.0
3636,43.12150085018173,17,8,5.0
3637,33.89963535928283,16,9,5.0
3638,24.05779525574979,15,10,5.0
3639,43.8795343539921,17,8,5.0
3640,33.5964805294828,16,9,5.0
3641,34.28165890764453,16,9,5.0
3642,14.429694525499697,14,11,5.0
3643,34.877449776623564,16,9,5.0
3644,43.799468514035574,17,8,5.0
3645,34.763291170911735,16,9,5.0
3646,33.15808993547506,16,9,5.0
3647,43.319534624371855,17,8,5.0
3648,33.05899062877608,16,9,5.0
3649,44.374756373430614,17,8,5.0
3650,33.65805820795452,16,9,5.0
3651,43.47097723594334,17,8,5.0
3652,43.74623082103392,17,8,5.0
3653,32.56898135902369,16,9,5.0
3654,24.201579546716463,15,10,5.0
3655,34.462192065048356,16,9,5.0
3656,23.759214811514568,15,10,5.0
3657,45.314246759344805,17,8,5.0
3658,33.87106930679915,16,9,5.0
3659,44.127396942573334,17,8,5.0
3660,45.05910132600448,17,8,5.0
3661,43.6233360991751,17,8,5.0
3662,22.91621991394241,15,10,5.0
3663,43.81686043405161,17,8,5.0
3664,24.11367637209341,15,10,5.0
3665,24.071550716665477,15,10,5.0
3666,34.544761855811174,16,9,5.0
3667,34.18109622665577,16,9,5.0
3668,34.42337088427947,16,9,5.0
3669,34.01297195897064,16,9,5.0
3670,33.26679991788197,16,9,5.0
3671,44.45881629065569,17,8,5.0
3672,43.8303041615495,17,8,5.0
3673,23.971514575481724,15,10,5.0
3674,22.87083710249209,15,10,5.0
3675,34.19731396590787,16,9,5.0
3676,43.91965034929264,17,8,5.0
3677,33.22690274048313,16,9,5.0
3678,22.728494235219024,15,10,5.0
3679,34.27519516110406,16,9,5.0
3680,34.89948762355134,16,9,5.0
3681,35.17708346240878,16,9,5.0
3682,35.08366694825401,16,9,5.0
3683,34.952537701072956,16,9,5.0
3684,43.93398202310094,17,8,5.0
3685,43.68604713939921,17,8,5.0
3686,33.56808447934012,16,9,5.0
3687,43.05197430863378,17,8,5.0
3688,44.014107308941355,17,8,5.0
3689,33.60540226011428,16,9,5.0
3690,34.602858832210586,16,9,5.0
3691,43.86679248596917,17,8,5.0
3692,43.8551425238135,17,8,5.0
3693,33.97140456156319,16,9,5.0
3694,33.78638106956041,16,9,5.0
3695,13.733230590019641,14,11,5.0
3696,23.913487357769036,15,10,5.0
3697,33.29552337261468,16,9,5.0
3698,44.533124990803245,17,8,5.0
3699,23.917461802376454,15,10,5.0
3700,34.15413213771444,16,9,5.0
3701,43.95403285319407,17,8,5.0
3702,34.49796229429094,16,9,5.0
3703,23.53522146184135,15,10,5.0
3704,34.509738610175404,16,9,5.0
3705,34.475884044196526,16,9,5.0
3706,34.6861266518216,16,9,5.0
3707,33.70140858233532,16,9,5.0
3708,34.87709113738817,16,9,5.0
3709,34.61740523354158,16,9,5.0
3710,33.36369306089364,16,9,5.0
3711,22.9268865723862,15,10,5.0
3712,33.841171541282364,16,9,5.0
3713,34.27520530360384,16,9,5.0
3714,33.710871546549825,16,9,5.0
3715,24.002581767778636,15,10,5.0
3716,23.340657330365374,15,10,5.0
3717,45.23117796455708,17,8,5.0
3718,23.99008913357599,15,10,5.0
3719,43.693558761603015,17,8,5.0
3720,23.515626684737448,15,10,5.0
3721,4.502269009213737,13,12,5.0
3722,22.365856516030817,15,10,5.0
3723,24.06727582657933,15,10,5.0
3724,25.047412294606655,15,10,5.0
3725,33.84437950793894,16,9,5.0
3726,43.1566932935632,17,8,5.0
3727,24.510558187747826,15,10,5.0
3728,23.618500053519654,15,10,5.0
3729,23.9145642282215,15,10,5.0
3730,25.215786341350675,15,10,5.0
3731,23.50664083756598,15,10,5.0
3732,34.63101321820894,16,9,5.0
3733,33.888105861367585,16,9,5.0
3734,33.83105141251552,16,9,5.0
3735,24.274241345688207,15,10,5.0
3736,33.47471277554541,16,9,5.0
3737,32.812558336650966,16,9,5.0
3738,22.976131165945173,15,10,5.0
3739,23.155152152291734,15,10,5.0
3740,43.25322289670309,17,8,5.0
3741,24.665786444702498,15,10,5.0
3742,33.429933747880774,16,9,5.0
3743,43.89693343209418,17,8,5.0
3744,24.7310760376295,15,10,5.0
3745,13.55587671470147,14,11,5.0
3746,34.015027381339415,16,9,5.0
3747,23.596281236627195,15,10,5.0
3748,33.71036550102941,16,9,5.0
3749,34.0527099491438,16,9,5.0
3750,24.46093584761732,15,10,5.0
3751,44.058122803607205,17,8,5.0
3752,23.599901206153564,15,10,5.0
3753,24.134353841417294,15,10,5.0
3754,44.84408769323893,17,8,5.0
3755,33.94151313240122,16,9,5.0
3756,23.61749078702826,15,10,5.0
3757,33.23598531205949,16,9,5.0
3758,44.24168136405106,17,8,5.0
3759,44.038680838362346,17,8,5.0
3760,33.939607744187256,16,9,5.0
3761,43.49694208362428,17,8,5.0
3762,34.88252635629168,16,9,5.0
3763,34.27439900841601,16,9,5.0
3764,13.259262316596024,14,11,5.0
3765,25.600653335807706,15,10,5.0
3766,33.28120370845244,16,9,5.0
3767,33.97925427089513,16,9,5.0
3768,34.36672085385779,16,9,5.0
3769,34.85475395626683,16,9,5.0
3770,23.141968895193536,15,10,5.0
3771,33.647325571471676,16,9,5.0
3772,34.06617193084082,16,9,5.0
3773,43.48937713173486,17,8,5.0
3774,33.21385873980602,16,9,5.0
3775,34.093447192427504,16,9,5.0
3776,43.96600202197482,17,8,5.0
3777,34.229800246403926,16,9,5.0
3778,24.557710285218416,15,10,5.0
3779,34.586852911103236,16,9,5.0
3780,34.348486362044625,16,9,5.0
3781,44.42219853354163,17,8,5.0
3782,43.983220020395905,17,8,5.0
3783,33.56001053658502,16,9,5.0
3784,34.82534216745246,16,9,5.0
3785,33.653490531955015,16,9,5.0
3786,43.87614807461297,17,8,5.0
3787,33.838914588252365,16,9,5.0
3788,44.320887443276945,17,8,5.0
3789,43.48578145694036,17,8,5.0
3790,45.01629063553626,17,8,5.0
3791,43.74245798342933,17,8,5.0
3792,34.48000128921534,16,9,5.0
3793,34.36560900359519,16,9,5.0
3794,33.774670193761764,16,9,5.0
3795,34.932478829071684,16,9,5.0
3796,44.44830329146933,17,8,5.0
3797,14.562076698441313,14,11,5.0
3798,34.28715678670248,16,9,5.0
3799,24.690448300231736,15,10,5.0
3800,24.222677269644485,15,10,5.0
3801,24.258328292913397,15,10,5.0
3802,33.682790123673804,16,9,5.0
3803,34.16546042569178,16,9,5.0
3804,23.291678424101487,15,10,5.0
3805,45.470475817376865,17,8,5.0
3806,43.92040187793254,17,8,5.0
3807,23.26747767249686,15,10,5.0
3808,33.72021096285832,16,9,5.0
3809,13.96457602279504,14,11,5.0
3810,33.59700741971509,16,9,5.0
3811,33.74024263329243,16,9,5.0
3812,24.265573111962333,15,10,5.0
3813,33.43418474488437,16,9,5.0
3814,23.409123624553747,15,10,5.0
3815,33.315923605801245,16,9,5.0
3816,43.65019599132393,17,8,5.0
3817,34.440201432372334,16,9,5.0
3818,34.28007926143808,16,9,5.0
3819,43.5329179899432,17,8,5.0
3820,34.292891274437835,16,9,5.0
3821,43.752179255806695,17,8,5.0
3822,44.43698396866925,17,8,5.0
3823,34.076393130298406,16,9,5.0
3824,25.124374678783255,15,10,5.0
3825,23.393066445425738,15,10,5.0
3826,25.756952264832787,15,10,5.0
3827,33.654571730159596,16,9,5.0
3828,24.26821461317241,15,10,5.0
3829,34.515632642641634,16,9,5.0
3830,25.5469710625237,15,10,5.0
3831,44.56216092680193,17,8,5.0
3832,15.044906181146947,14,11,5.0
3833,43.91448450331371,17,8,5.0
3834,44.25209653554358,17,8,5.0
3835,24.003138734986354,15,10,5.0
3836,34.48079273160575,16,9,5.0
3837,34.161857579441374,16,9,5.0
3838,44.78748205943355,17,8,5.0
3839,34.02635056079417,16,9,5.0
3840,34.08848605444107,16,9,5.0
3841,44.660224924644154,17,8,5.0
3842,44.09788564096415,17,8,5.0
3843,44.021273010078716,17,8,5.0
3844,34.872693388537286,16,9,5.0
3845,45.018953646771976,17,8,5.0
3846,24.07940521394439,15,10,5.0
3847,23.955074104957582,15,10,5.0
3848,43.00899127619679,17,8,5.0
3849,34.28212627975506,16,9,5.0
3850,34.751125826794215,16,9,5.0
3851,44.2096236323848,17,8,5.0
3852,33.64222670345062,16,9,5.0
3853,33.312906922129,16,9,5.0
3854,24.159193854362293,15,10,5.0
3855,13.502738737756172,14,11,5.0
3856,34.42192467042081,16,9,5.0
3857,23.59038191407572,15,10,5.0
3858,33.799984288710135,16,9,5.0
3859,44.158128144669845,17,8,5.0
3860,23.716513227974332,15,10,5.0
3861,33.768836592640675,16,9,5.0
3862,33.90960875432049,16,9,5.0
3863,34.18915097780088,16,9,5.0
3864,34.251168691147654,16,9,5.0
3865,33.78609643137417,16,9,5.0
3866,33.869374139531054,16,9,5.0
3867,34.11300355470489,16,9,5.0
3868,24.00008638034798,15,10,5.0
3869,33.66928211402122,16,9,5.0
3870,34.668525535464624,16,9,5.0
3871,43.26891497100516,17,8,5.0
3872,44.576147595714765,17,8,5.0
3873,33.645717630432664,16,9,5.0
3874,34.36005873153564,16,9,5.0
3875,34.052661995414766,16,9,5.0
3876,33.52389175752659,16,9,5.0
3877,25.037385003141992,15,10,5.0
3878,34.17426121477158,16,9,5.0
3879,33.9935119662088,16,9,5.0
3880,24.422580868659658,15,10,5.0
3881,34.620619144249346,16,9,5.0
3882,34.35659490122376,16,9,5.0
3883,34.15712344524718,16,9,5.0
3884,24.853601298698273,15,10,5.0
3885,45.96950931679151,17,8,5.0
3886,43.76600015916557,17,8,5.0
3887,34.771336570603545,16,9,5.0
3888,13.459949975292176,14,11,5.0
3889,33.17086489939394,16,9,5.0
3890,33.51789709388638,16,9,5.0
3891,34.882675642864314,16,9,5.0
3892,34.04763145183379,16,9,5.0
3893,24.185321063464695,15,10,5.0
3894,33.90240636389086,16,9,5.0
3895,34.552101639180805,16,9,5.0
3896,24.26577072231219,15,10,5.0
3897,34.01562308419303,16,9,5.0
3898,43.659751504616246,17,8,5.0
3899,33.943805864278524,16,9,5.0
3900,24.057225998122227,15,10,5.0
3901,23.640689811602904,15,10,5.0
3902,34.7654260285915,16,9,5.0
3903,33.5853370812793,16,9,5.0
3904,23.277237586872793,15,10,5.0
3905,45.22769505586848,17,8,5.0
3906,34.799309007104966,16,9,5.0
3907,34.30524051688584,16,9,5.0
3908,34.817398961182,16,9,5.0
3909,43.75555631554861,17,8,5.0
3910,23.554034976312877,15,10,5.0
3911,34.131592300452006,16,9,5.0
3912,23.278661863405613,15,10,5.0
3913,44.56135284294217,17,8,5.0
3914,34.06973925216112,16,9,5.0
3915,33.71516569298612,16,9,5.0
3916,23.672881136210314,15,10,5.0
3917,34.40577422839707,16,9,5.0
3918,43.010983106706725,17,8,5.0
3919,24.62638965094044,15,10,5.0
3920,33.81956363710783,16,9,5.0
3921,43.76721808822345,17,8,5.0
3922,35.086368504146755,16,9,5.0
3923,44.5275099613132,17,8,5.0
3924,24.18250141395732,15,10,5.0
3925,23.432900764616587,15,10,5.0
3926,34.861109554390524,16,9,5.0
3927,44.14155464533408,17,8,5.0
3928,43.43999559632078,17,8,5.0
3929,23.03448110595642,15,10,5.0
3930,34.99577003934449,16,9,5.0
3931,34.530642003789545,16,9,5.0
3932,34.58631276471257,16,9,5.0
3933,33.93975503216386,16,9,5.0
3934,43.981323276253,17,8,5.0
3935,43.01891273404984,17,8,5.0
3936,33.9787312792854,16,9,5.0
3937,33.21861868882178,16,9,5.0
3938,23.38547307540444,15,10,5.0
3939,43.58905185149187,17,8,5.0
3940,33.44594409467106,16,9,5.0
3941,34.08179787535206,16,9,5.0
3942,33.336218063709474,16,9,5.0
3943,33.7900026337511,16,9,5.0
3944,33.811883965764785,16,9,5.0
3945,32.074124250443006,16,9,5.0
3946,43.889173693162206,17,8,5.0
3947,34.341877492683736,16,9,5.0
3948,33.906048242974734,16,9,5.0
3949,33.09705536414583,16,9,5.0
3950,33.505763115227026,16,9,5.0
3951,33.05496482749669,16,9,5.0
3952,23.64051249620773,15,10,5.0
3953,43.95858064400412,17,8,5.0
3954,24.14962389843931,15,10,5.0
3955,44.06224502503991,17,8,5.0
3956,34.5408148879681,16,9,5.0
3957,34.4961943075435,16,9,5.0
3958,34.58284295395902,16,9,5.0
3959,23.90383743400703,15,10,5.0
3960,33.78071870837594,16,9,5.0
3961,34.352211186126304,16,9,5.0
3962,23.9635159362463,15,10,5.0
3963,43.87270014046715,17,8,5.0
3964,34.432741318965505,16,9,5.0
3965,33.573356161357005,16,9,5.0
3966,33.480869886945015,16,9,5.0
3967,23.94100633031397,15,10,5.0
3968,44.150714502994255,17,8,5.0
3969,24.1958575951629,15,10,5.0
3970,4.005637885293293,13,12,5.0
3971,44.92388721685432,17,8,5.0
3972,44.05639873992211,17,8,5.0
3973,33.81421969649459,16,9,5.0
3974,33.6355342842969,16,9,5.0
3975,33.89602777659067,16,9,5.0
3976,23.778955084791473,15,10,5.0
3977,34.48265088537643,16,9,5.0
3978,33.95243754534761,16,9,5.0
3979,34.64124659472006,16,9,5.0
3980,43.69996873631872,17,8,5.0
3981,22.884189631411477,15,10,5.0
3982,33.279279479908574,16,9,5.0
3983,33.01994899554559,16,9,5.0
3984,33.66343921212868,16,9,5.0
3985,43.44398542503109,17,8,5.0
3986,43.95867924894518,17,8,5.0
3987,34.52423015040155,16,9,5.0
3988,24.736569175817348,15,10,5.0
3989,44.31048163031867,17,8,5.0
3990,33.3561031978101,16,9,5.0
3991,34.21541565337937,16,9,5.0
3992,32.755924652787556,16,9,5.0
3993,34.09555780668357,16,9,5.0
3994,32.96133270138202,16,9,5.0
3995,24.3666939626536,15,10,5.0
3996,33.705222834328524,16,9,5.0
3997,44.89795402548206,17,8,5.0
3998,24.773946039367335,15,10,5.0
3999,34.954509139251655,16,9,5.0
4000,33.745481082133935,16,9,5.0
