"# mode=unfixed d_value=0 d=[1,4] p=0.50 dr=0 seed=3 topology=fixed ch=3 n_agents=5 obs_dim=34 n_episodes=4000"
episode,sum_reward,success,fail,mean_delay
1,-65.64542378003357,6,19,2.098
2,-36.06100767671163,9,16,2.226
3,-35.91828980572917,9,16,2.272
4,-36.872065925358264,9,16,2.258
5,-76.1064291229011,5,20,2.1959999999999997
6,-36.56401230277935,9,16,2.218
7,-35.79142984865227,9,16,2.2359999999999998
8,-75.58292906766127,5,20,2.1960000000000006
9,-26.613279950840692,10,15,2.274
10,-56.546392913139556,7,18,2.316
11,-56.8886141642286,7,18,2.23
12,-45.4145050294312,8,17,2.174
13,-66.51007337086251,6,19,2.2619999999999996
14,-46.36251270242482,8,17,2.206
15,-54.642645480862654,7,18,2.194
16,-64.61734345655903,6,19,2.2980000000000005
17,-55.14953467846926,7,18,2.254
18,-36.07112566404575,9,16,2.166
19,-46.38403853316862,8,17,2.144
20,-56.0713803994698,7,18,2.218
21,-35.344333362892726,9,16,2.258
22,-24.664745775032593,10,15,2.1700000000000004
23,-86.49301899088115,4,21,2.3280000000000003
24,-74.65658677999514,5,20,2.2800000000000002
25,-36.94050250141992,9,16,2.1860000000000004
26,-15.883907886197674,11,14,2.322
27,-36.68971758041428,9,16,2.238
28,-16.155561210939577,11,14,2.2399999999999998
29,-35.69071468092547,9,16,2.306
30,-45.74063704083276,8,17,2.192
31,-15.441006931551222,11,14,2.224
32,-64.96177369108548,6,19,2.3
33,-54.85267944633064,7,18,2.246
34,-35.38412950963148,9,16,2.1979999999999995
35,-55.71910372033899,7,18,2.1759999999999997
36,-25.467681630366965,10,15,2.2060000000000004
37,-46.8696530808608,8,17,2.1740000000000004
38,-36.11697674854474,9,16,2.1919999999999997
39,-55.482097166736544,7,18,2.2779999999999996
40,-37.31686052339762,9,16,2.18
41,-26.35880767677827,10,15,2.156
42,-56.20721290765803,7,18,2.198
43,-45.85307835362334,8,17,2.314
44,-36.74551445981216,9,16,2.2179999999999995
45,-45.85210074097319,8,17,2.2359999999999998
46,-15.604335602024726,11,14,2.3000000000000003
47,-35.46256082377344,9,16,2.116
48,-15.81761097264187,11,14,2.218
49,-36.66487103744466,9,16,2.2979999999999996
50,-16.280594549233623,11,14,2.202
51,-36.39437496765591,9,16,2.258
52,-56.685523135360704,7,18,2.2220000000000004
53,-55.719636455234735,7,18,2.268
54,-35.51137308012699,9,16,2.246
55,-35.55587232201517,9,16,2.274
56,-35.4362651788873,9,16,2.262
57,-45.898186963732506,8,17,2.11
58,-35.70767978787393,9,16,2.256
59,-26.156339792417057,10,15,2.2279999999999998
60,-35.927805376207786,9,16,2.232
61,-26.601679109940697,10,15,2.21
62,-25.854897445563015,10,15,2.166
63,-26.793544111187217,10,15,2.258
64,-46.30969881222489,8,17,2.214
65,-25.892028821380904,10,15,2.2879999999999994
66,-55.842906092196955,7,18,2.1700000000000004
67,-25.74748699017433,10,15,2.2060000000000004
68,-55.36610714987839,7,18,2.2359999999999998
69,-67.42459820845094,6,19,2.232
70,-37.10852611208973,9,16,2.1740000000000004
71,-35.954833095580845,9,16,2.26
72,-25.817638019639187,10,15,2.2359999999999998
73,-77.00509889442532,5,20,2.1799999999999997
74,-76.8169296886553,5,20,2.216
75,-35.47926908223216,9,16,2.2720000000000002
76,-47.2414205945624,8,17,2.2399999999999998
77,-45.68867098920286,8,17,2.176
78,-75.66242117585415,5,20,2.146
79,-65.03556992906613,6,19,2.114
80,-36.18666595452726,9,16,2.2039999999999997
81,-45.10024629774681,8,17,2.212
82,-34.885367697994376,9,16,2.168
83,-36.155197526162624,9,16,2.242
84,-35.50586005648064,9,16,2.286
85,-16.03749802902805,11,14,2.19
86,-55.86338540034887,7,18,2.152
87,-46.63824744080284,8,17,2.214
88,-65.28276769265194,6,19,2.1380000000000003
89,-35.41127336454322,9,16,2.234
90,-47.65283424882428,8,17,2.226
91,-55.03418471326469,7,18,2.2860000000000005
92,-35.08155722134112,9,16,2.2700000000000005
93,-35.473294121748395,9,16,2.206
94,-36.91998960165553,9,16,2.338
95,-77.30613288511627,5,20,2.1559999999999997
96,-45.33058187893739,8,17,2.2459999999999996
97,-54.73312557084504,7,18,2.21
98,-46.02537990884204,8,17,2.15
99,-36.132805733554086,9,16,2.2260000000000004
100,-47.031214429122414,8,17,2.26
101,-26.780473298502116,10,15,2.134
102,-14.911181401310433,11,14,2.1399999999999997
103,-24.921764325134234,10,15,2.144
104,-25.573241422448483,10,15,2.242
105,-55.62632196944181,7,18,2.1980000000000004
106,-45.719236382010294,8,17,2.194
107,-57.01197136210069,7,18,2.206
108,-44.72534226233118,8,17,2.21
109,-65.67192565124898,6,19,2.15
110,-45.96518346031525,8,17,2.1800000000000006
111,-36.82565240466833,9,16,2.218
112,-26.823205320914,10,15,2.35
113,-25.57444734419358,10,15,2.184
114,-23.758237956124333,10,15,2.208
115,-35.24672542519904,9,16,2.2800000000000002
116,-34.896762305770224,9,16,2.2
117,-65.21097970372355,6,19,2.26
118,-35.59214209881742,9,16,2.1719999999999997
119,-15.924892039208371,11,14,2.222
120,-46.530635085392454,8,17,2.1979999999999995
121,-44.179366105224204,8,17,2.1660000000000004
122,-35.88388460840729,9,16,2.1599999999999997
123,-25.618172600164005,10,15,2.3180000000000005
124,-26.357161255801095,10,15,2.2
125,-25.186097878478733,10,15,2.19
126,-55.7416575506543,7,18,2.2600000000000002
127,-15.084104256836099,11,14,2.23
128,-36.15054525526329,9,16,2.162
129,-46.25762555167271,8,17,2.22
130,-45.28730658470777,8,17,2.2319999999999998
131,-35.62732024202529,9,16,2.2199999999999998
132,-57.17357068817206,7,18,2.158
133,-36.18075147318291,9,16,2.23
134,-25.80305695176298,10,15,2.2119999999999997
135,-45.93248825095611,8,17,2.214
136,-25.785882375585047,10,15,2.218
137,-25.134606180960468,10,15,2.202
138,-45.68626773300686,8,17,2.3360000000000003
139,-35.70129687236856,9,16,2.1580000000000004
140,-35.887401430647174,9,16,2.154
141,-25.128432666722972,10,15,2.2540000000000004
142,-35.92187843004617,9,16,2.216
143,-16.822139570258642,11,14,2.198
144,-26.39037616272227,10,15,2.282
145,-46.081691815991114,8,17,2.2439999999999998
146,-35.794547442484955,9,16,2.18
147,-45.54039284029172,8,17,2.132
148,-55.96218072695497,7,18,2.2060000000000004
149,-46.017146076788634,8,17,2.3099999999999996
150,-57.107809290080105,7,18,2.2459999999999996
151,-26.67918556500875,10,15,2.2180000000000004
152,-76.49017816243818,5,20,2.256
153,-16.383687083382146,11,14,2.348
154,-17.191303028899792,11,14,2.178
155,-37.014192445970934,9,16,2.1439999999999997
156,-44.7021170113468,8,17,2.216
157,-36.23072236789113,9,16,2.212
158,-14.946039865599271,11,14,2.2520000000000002
159,-46.52307295737771,8,17,2.21
160,-35.82268281826805,9,16,2.2640000000000002
161,-34.75531600079532,9,16,2.188
162,-18.37500995311381,11,14,2.2159999999999997
163,-25.599784589151582,10,15,2.184
164,-27.1322664535737,10,15,2.2060000000000004
165,-15.558131126869222,11,14,2.236
166,-26.682584523478894,10,15,2.274
167,-45.81387711994172,8,17,2.3200000000000003
168,-46.43532917971673,8,17,2.136
169,-36.639815630439955,9,16,2.1960000000000006
170,-35.344426523140584,9,16,2.306
171,-37.08329508449931,9,16,2.21
172,-45.06933222531197,8,17,2.128
173,-27.064740348187414,10,15,2.274
174,-37.57213826650237,9,16,2.2880000000000003
175,-6.502480966830618,12,13,2.1799999999999997
176,-36.78770456541396,9,16,2.1800000000000006
177,-34.756318297434476,9,16,2.27
178,-65.61954940259017,6,19,2.23
179,-45.423633499667844,8,17,2.184
180,-46.55460360606318,8,17,2.214
181,-26.491142204985373,10,15,2.2199999999999998
182,-27.49638828602582,10,15,2.196
183,-25.62666100489909,10,15,2.258
184,-46.09495279868668,8,17,2.164
185,-46.60695279748996,8,17,2.25
186,-55.42983672477664,7,18,2.2060000000000004
187,-34.05775880289618,9,16,2.1479999999999997
188,-55.57394651461833,7,18,2.2179999999999995
189,-15.551939193758363,11,14,2.2239999999999998
190,-25.918246619052457,10,15,2.248
191,-36.560328696670815,9,16,2.198
192,-24.56473270718791,10,15,2.196
193,-35.41195145709472,9,16,2.184
194,-36.11597307181293,9,16,2.1759999999999997
195,-34.806179832552004,9,16,2.212
196,-16.169612317506807,11,14,2.176
197,-25.12221341478302,10,15,2.2380000000000004
198,-15.147867390174703,11,14,2.268
199,-46.23228351679508,8,17,2.188
200,-46.54942232182248,8,17,2.278
201,-26.73074127992637,10,15,2.246
202,-45.25874785101331,8,17,2.222
203,-45.59190011209412,8,17,2.184
204,-26.17628892498103,10,15,2.33
205,-45.541794823497895,8,17,2.2100000000000004
206,-44.71694945936892,8,17,2.224
207,-25.390587159324387,10,15,2.19
208,-35.74608169648337,9,16,2.21
209,-46.66993985491577,8,17,2.264
210,-45.88177657924585,8,17,2.1380000000000003
211,-56.01643115892675,7,18,2.2980000000000005
212,-46.4543315704682,8,17,2.1639999999999997
213,-37.00741010079541,9,16,2.2299999999999995
214,-45.37693292787203,8,17,2.1260000000000003
215,-57.83615587689781,7,18,2.2
216,-35.56781388742183,9,16,2.274
217,-57.035389137159264,7,18,2.21
218,-45.569967945529896,8,17,2.212
219,-26.804885284731483,10,15,2.1599999999999997
220,-25.695734263777403,10,15,2.21
221,-55.58710712506756,7,18,2.252
222,-36.0475840497763,9,16,2.232
223,-26.928721616634917,10,15,2.246
224,-26.4336965375337,10,15,2.1980000000000004
225,-35.79076444645284,9,16,2.2339999999999995
226,-75.98772151312134,5,20,2.2220000000000004
227,-26.521358102282388,10,15,2.258
228,-25.91645597860387,10,15,2.232
229,-45.99223101861848,8,17,2.252
230,-36.453606631991335,9,16,2.2520000000000002
231,-25.2996250810622,10,15,2.2300000000000004
232,-26.272279590648957,10,15,2.1759999999999997
233,-26.087234142992816,10,15,2.2939999999999996
234,-35.85208118197064,9,16,2.23
235,-25.706202673021856,10,15,2.126
236,-36.39616755181417,9,16,2.29
237,-36.896919634068794,9,16,2.232
238,-36.09443177815164,9,16,2.2239999999999998
239,-37.26905823460723,9,16,2.274
240,-26.544253320337933,10,15,2.2059999999999995
241,-25.432997667550914,10,15,2.136
242,-37.06489035986474,9,16,2.152
243,-14.545500585935743,11,14,2.21
244,-35.64940992407215,9,16,2.2479999999999998
245,-25.510633385927562,10,15,2.2279999999999998
246,-25.472536568575613,10,15,2.194
247,-25.689342056655722,10,15,2.262
248,-45.97140895707467,8,17,2.1879999999999997
249,-25.08177015872075,10,15,2.232
250,-35.73294578574524,9,16,2.1900000000000004
251,-45.75715964933491,8,17,2.274
252,-15.97021452094772,11,14,2.21
253,-15.383099662656882,11,14,2.2039999999999997
254,-27.17817275639563,10,15,2.2300000000000004
255,-34.72766886979359,9,16,2.31
256,-16.59440235039003,11,14,2.346
257,-35.575266141326,9,16,2.286
258,-15.095891942513724,11,14,2.2880000000000003
259,-56.08128775604357,7,18,2.248
260,-5.679454184786614,12,13,2.152
261,-26.192783020578638,10,15,2.2119999999999997
262,-47.991202282277555,8,17,2.1
263,-26.36545986078986,10,15,2.286
264,-85.86579193833612,4,21,2.184
265,-14.524066930815202,11,14,2.248
266,-46.0915870518524,8,17,2.21
267,-44.67991190747931,8,17,2.1860000000000004
268,4.251004274057695,13,12,2.2
269,-45.828837005423324,8,17,2.336
270,-26.351649427066004,10,15,2.164
271,-35.85217533736059,9,16,2.1580000000000004
272,-55.54422617312832,7,18,2.1300000000000003
273,-55.44937030891002,7,18,2.2380000000000004
274,-56.03053385793435,7,18,2.2479999999999998
275,-35.59029426920906,9,16,2.238
276,-55.805988366499705,7,18,2.134
277,13.094800022710135,14,11,2.2800000000000002
278,-16.260657218303013,11,14,2.1380000000000003
279,-16.038219082039106,11,14,2.228
280,-26.222005856181813,10,15,2.208
281,-26.66579170686359,10,15,2.1420000000000003
282,-66.34147434420771,6,19,2.2359999999999998
283,-45.69921687474967,8,17,2.192
284,-36.57697096284917,9,16,2.158
285,-56.38762237940172,7,18,2.2520000000000002
286,-16.22356678974024,11,14,2.2299999999999995
287,-45.79204190253862,8,17,2.2359999999999998
288,-34.56070209416036,9,16,2.164
289,-47.437851115894496,8,17,2.188
290,-15.348961014069804,11,14,2.2019999999999995
291,-57.3234907872082,7,18,2.224
292,-26.405766453414955,10,15,2.268
293,-34.78723269993341,9,16,2.1819999999999995
294,-46.4511725561958,8,17,2.218
295,-66.16027398174363,6,19,2.3280000000000003
296,-45.395203927820404,8,17,2.184
297,-25.543520899208993,10,15,2.268
298,-25.2589191346666,10,15,2.19
299,-25.62519125090684,10,15,2.1780000000000004
300,-25.749403399977524,10,15,2.228
301,-26.082302873795413,10,15,2.198
302,-54.53683519927172,7,18,2.274
303,-25.59486953326769,10,15,2.1439999999999997
304,-8.317415983188095,12,13,2.2220000000000004
305,-36.307110997090255,9,16,2.248
306,-37.10603328891672,9,16,2.2220000000000004
307,-34.56753570057439,9,16,2.1719999999999997
308,-24.44713558951314,10,15,2.162
309,-6.225418946147048,12,13,2.2119999999999997
310,-36.79525471681625,9,16,2.2779999999999996
311,-55.55790357323568,7,18,2.3080000000000003
312,-56.817320279763976,7,18,2.272
313,-25.26661844394807,10,15,2.268
314,-25.988982963540046,10,15,2.2619999999999996
315,-36.39045678371303,9,16,2.164
316,-55.452372666309316,7,18,2.214
317,-35.69785492068847,9,16,2.1800000000000006
318,-25.79990652192565,10,15,2.168
319,-6.216205673433274,12,13,2.2540000000000004
320,-15.411239840600235,11,14,2.2179999999999995
321,-16.411210757287314,11,14,2.164
322,-5.648709289475277,12,13,2.1500000000000004
323,-36.65029667934868,9,16,2.2399999999999998
324,-16.718903071466936,11,14,2.258
325,-65.69636186599632,6,19,2.272
326,-25.463982169074825,10,15,2.1120000000000005
327,-35.986849275705744,9,16,2.244
328,-27.007499858782612,10,15,2.308
329,-5.71648264535928,12,13,2.2359999999999998
330,-25.709247236784435,10,15,2.1740000000000004
331,-15.217846207098319,11,14,2.188
332,-5.742671570983597,12,13,2.22
333,-25.842693265908927,10,15,2.1740000000000004
334,-16.918349969972006,11,14,2.2179999999999995
335,-35.803518726669736,9,16,2.1879999999999997
336,-5.6595807973421985,12,13,2.2060000000000004
337,3.794157904337366,13,12,2.238
338,-55.772046239557056,7,18,2.242
339,13.461570801761228,14,11,2.102
340,4.523984447156797,13,12,2.2479999999999998
341,-16.820226885291973,11,14,2.226
342,-15.685971873991045,11,14,2.1480000000000006
343,-6.522318683207015,12,13,2.274
344,-26.701239924977507,10,15,2.166
345,-35.47365078163544,9,16,2.202
346,-6.449676387291711,12,13,2.268
347,-37.63107998911441,9,16,2.242
348,-16.267223505441162,11,14,2.244
349,-55.69884982606971,7,18,2.232
350,-36.61562839684376,9,16,2.1879999999999997
351,-36.06820031562161,9,16,2.206
352,-46.06490390190614,8,17,2.246
353,-24.626345207846548,10,15,2.174
354,-15.378771090241788,11,14,2.216
355,-36.36818822547917,9,16,2.248
356,-25.818955739749182,10,15,2.1919999999999997
357,-15.619662039026483,11,14,2.226
358,-16.98829241433112,11,14,2.13
359,-16.814556706084527,11,14,2.1740000000000004
360,-26.478341888117342,10,15,2.232
361,-4.863651572453261,12,13,2.3039999999999994
362,-15.074279494645207,11,14,2.114
363,-5.839298987610522,12,13,2.2700000000000005
364,-24.719626952031312,10,15,2.122
365,-15.945337207648857,11,14,2.2060000000000004
366,-15.051408017381108,11,14,2.216
367,-25.741072629221467,10,15,2.184
368,-25.341168537142007,10,15,2.23
369,-25.132661229172037,10,15,2.2120000000000006
370,-16.863932870056104,11,14,2.248
371,-26.500016516897595,10,15,2.3280000000000003
372,-6.126404791483092,12,13,2.12
373,-16.859614042216897,11,14,2.226
374,-5.271428397141384,12,13,2.266
375,-15.93802546036585,11,14,2.212
376,-45.710069424654044,8,17,2.2179999999999995
377,-26.373705138138543,10,15,2.194
378,-35.85255220647054,9,16,2.2299999999999995
379,-36.329064640465845,9,16,2.2700000000000005
380,-4.539116071904097,12,13,2.2600000000000007
381,4.98647035991927,13,12,2.218
382,-34.827466694506576,9,16,2.23
383,-27.349015034448755,10,15,2.136
384,-36.054813781506105,9,16,2.2980000000000005
385,1.2720565356055644,13,12,2.184
386,-14.902291537518453,11,14,2.204
387,-34.2074992010691,9,16,2.1340000000000003
388,-26.1905631247384,10,15,2.1900000000000004
389,-26.292432508989446,10,15,2.2820000000000005
390,-16.372099111610694,11,14,2.152
391,-4.488054183264427,12,13,2.27
392,-14.923092772499405,11,14,2.24
393,-25.128118863398743,10,15,2.282
394,-46.729711359946435,8,17,2.3080000000000003
395,-36.25283185856289,9,16,2.13
396,-35.69900638045668,9,16,2.1599999999999997
397,-25.72844653923999,10,15,2.2199999999999998
398,-14.91708031142472,11,14,2.202
399,-26.45619892056156,10,15,2.2399999999999998
400,-6.175721841209965,12,13,2.202
401,-16.17952077492361,11,14,2.1900000000000004
402,-25.45875941248477,10,15,2.218
403,-15.289061415835562,11,14,2.1700000000000004
404,-25.893643543852903,10,15,2.2139999999999995
405,-15.473873035253387,11,14,2.3099999999999996
406,-26.404847686101533,10,15,2.232
407,-25.815205662509058,10,15,2.2779999999999996
408,-25.935461812352706,10,15,2.27
409,-26.98522743978532,10,15,2.2020000000000004
410,-15.06676778528627,11,14,2.268
411,-7.184047407941334,12,13,2.2339999999999995
412,4.567250386038107,13,12,2.3020000000000005
413,-16.19353847678936,11,14,2.182
414,-5.84950373972959,12,13,2.148
415,-16.976730749148654,11,14,2.1559999999999997
416,-37.61625915041614,9,16,2.224
417,-16.598766115110337,11,14,2.168
418,-26.605948458693796,10,15,2.2299999999999995
419,3.609282961386496,13,12,2.134
420,-27.364200793290927,10,15,2.1439999999999997
421,-25.299285604895264,10,15,2.2479999999999998
422,-36.93481317160398,9,16,2.182
423,-4.430441818099501,12,13,2.226
424,-35.96258885054611,9,16,2.22
425,5.1828488624577895,13,12,2.258
426,-35.8455393663089,9,16,2.3839999999999995
427,-15.964342958302177,11,14,2.1660000000000004
428,-26.099555360087265,10,15,2.166
429,-35.74870873365481,9,16,2.1759999999999997
430,-35.117737421730034,9,16,2.1639999999999997
431,-15.415190694164588,11,14,2.226
432,-6.1401815697779645,12,13,2.298
433,-15.984850213401753,11,14,2.2399999999999998
434,14.700497443101193,14,11,2.19
435,-34.937776610673204,9,16,2.274
436,-28.39530436044776,10,15,2.274
437,3.964562397495996,13,12,2.246
438,-25.773993189326077,10,15,2.27
439,-46.110445574294694,8,17,2.2039999999999997
440,-35.07443607121945,9,16,2.24
441,-16.62766910815224,11,14,2.266
442,-16.51830465221044,11,14,2.2039999999999997
443,-16.34028580638584,11,14,2.1700000000000004
444,-6.4144710432546415,12,13,2.198
445,-35.0139707292679,9,16,2.1800000000000006
446,-25.967883049835315,10,15,2.2540000000000004
447,-24.968320162822636,10,15,2.2600000000000002
448,-6.384138918335543,12,13,2.256
449,-26.112223645035392,10,15,2.2640000000000002
450,-6.359483703100015,12,13,2.29
451,-15.63945307659674,11,14,2.1979999999999995
452,-27.980451712337583,10,15,2.228
453,-5.468561679113422,12,13,2.214
454,-55.54237980963095,7,18,2.282
455,4.945141709692425,13,12,2.1220000000000003
456,-5.79183043624947,12,13,2.2199999999999998
457,-45.420363197180556,8,17,2.2039999999999997
458,-27.788941727835553,10,15,2.2279999999999998
459,-14.92614712528676,11,14,2.244
460,14.546546757254013,14,11,2.202
461,-4.467422128272701,12,13,2.286
462,-26.613735662296133,10,15,2.1159999999999997
463,-36.86649535910209,9,16,2.254
464,-5.4690808027351325,12,13,2.272
465,-15.673410558830595,11,14,2.28
466,-35.443039226846224,9,16,2.178
467,-44.8322509852903,8,17,2.1559999999999997
468,-26.209012391701695,10,15,2.208
469,-35.886239916356935,9,16,2.218
470,-5.5432919675734045,12,13,2.244
471,-15.660451449747846,11,14,2.3
472,-6.132825638386989,12,13,2.164
473,-6.175390818354709,12,13,2.138
474,-4.75124043068498,12,13,2.2180000000000004
475,-35.76907771625202,9,16,2.3360000000000003
476,-16.995794780320786,11,14,2.258
477,-35.840152173310386,9,16,2.232
478,-26.46880016973126,10,15,2.186
479,-15.169503475413544,11,14,2.178
480,12.492040621352563,14,11,2.17
481,-6.0559928470272615,12,13,2.232
482,-26.77943565285034,10,15,2.2039999999999997
483,-14.721838981280362,11,14,2.3
484,-25.239981696440765,10,15,2.262
485,-24.944021075273305,10,15,2.2380000000000004
486,-26.5765319461563,10,15,2.144
487,-15.804181210183453,11,14,2.284
488,-37.50468992177988,9,16,2.1919999999999997
489,-6.826152174860752,12,13,2.184
490,-15.539194776143114,11,14,2.316
491,-16.276254974034515,11,14,2.2
492,-6.090619845977484,12,13,2.27
493,-6.832752311106345,12,13,2.332
494,-26.323069271477088,10,15,2.2619999999999996
495,-46.65850575429094,8,17,2.1799999999999997
496,-25.150923734767247,10,15,2.138
497,-14.825903079835175,11,14,2.168
498,-4.783916653149705,12,13,2.134
499,-27.19791057588436,10,15,2.1100000000000003
500,-16.126973409652667,11,14,2.194
501,4.226315237638982,13,12,2.2359999999999998
502,-17.313965920351755,11,14,2.2699999999999996
503,-25.71063652981376,10,15,2.2719999999999994
504,-15.443302480219803,11,14,2.274
505,-15.52102629122519,11,14,2.314
506,-16.242374488295606,11,14,2.2079999999999997
507,-6.196334273989902,12,13,2.19
508,-5.056638988063723,12,13,2.258
509,2.443967604394495,13,12,2.1879999999999997
510,-17.115420284461187,11,14,2.284
511,-7.645626671250825,12,13,2.26
512,-46.34527804882359,8,17,2.2199999999999998
513,-26.68065952216266,10,15,2.224
514,-16.709021013401557,11,14,2.226
515,-27.66083239818631,10,15,2.216
516,-15.49844941101954,11,14,2.086
517,-5.832098755072485,12,13,2.2220000000000004
518,-6.239711930772736,12,13,2.2800000000000002
519,13.286670162012593,14,11,2.162
520,-5.634271508099627,12,13,2.2220000000000004
521,-14.242113513650539,11,14,2.336
522,-27.06571090135629,10,15,2.2399999999999998
523,-27.166754805869775,10,15,2.1559999999999997
524,4.029253987874418,13,12,2.2039999999999997
525,-5.6276478199152775,12,13,2.268
526,-6.370600672974524,12,13,2.246
527,5.685387591131214,13,12,2.322
528,14.117456729246241,14,11,2.2659999999999996
529,-35.863219812460144,9,16,2.226
530,-26.90400415868501,10,15,2.224
531,4.882373854598037,13,12,2.198
532,-6.17690305624155,12,13,2.198
533,-45.65626714464568,8,17,2.136
534,-17.061092359181885,11,14,2.25
535,-16.0442134482427,11,14,2.144
536,2.2078013335411484,13,12,2.21
537,-16.28407217162895,11,14,2.2159999999999997
538,-6.854504577532412,12,13,2.2340000000000004
539,-15.388632870484265,11,14,2.224
540,4.041593490525065,13,12,2.232
541,-14.753307877407595,11,14,2.214
542,-7.110676409320883,12,13,2.256
543,-16.42768372116275,11,14,2.2060000000000004
544,14.345714685662239,14,11,2.254
545,2.605314632061771,13,12,2.178
546,-15.641272523550139,11,14,2.2700000000000005
547,-6.422421239418801,12,13,2.256
548,-15.631025797187444,11,14,2.2
549,-5.240664741186126,12,13,2.1159999999999997
550,3.982416285552459,13,12,2.2960000000000003
551,-4.931331813338366,12,13,2.2439999999999998
552,-16.228738167661778,11,14,2.202
553,4.90099736151925,13,12,2.254
554,-57.160330233024155,7,18,2.152
555,-16.424903454775865,11,14,2.224
556,-45.22113333729422,8,17,2.244
557,-15.232897480471431,11,14,2.1800000000000006
558,-24.80204105306172,10,15,2.166
559,23.814689586718746,15,10,2.1960000000000006
560,-16.433999810485247,11,14,2.2380000000000004
561,-4.723806322059823,12,13,2.1939999999999995
562,-15.916352780118197,11,14,2.34
563,-5.850025061454447,12,13,2.1980000000000004
564,-14.82939041362015,11,14,2.2479999999999998
565,-15.658228119894428,11,14,2.1420000000000003
566,3.5183925101553766,13,12,2.2080000000000006
567,-26.44993800570355,10,15,2.33
568,4.262535410427866,13,12,2.176
569,3.7031746120262934,13,12,2.1499999999999995
570,-15.728282456662601,11,14,2.2
571,-35.99188430022514,9,16,2.162
572,-6.551812651345908,12,13,2.134
573,14.47851286799823,14,11,2.226
574,-34.881520190911715,9,16,2.198
575,-25.644991427896784,10,15,2.352
576,-6.319379581854216,12,13,2.2520000000000002
577,4.341737900280531,13,12,2.226
578,-15.577659849797332,11,14,2.2479999999999998
579,-15.259540580405886,11,14,2.194
580,-24.09829261761218,10,15,2.2539999999999996
581,-15.382358266207163,11,14,2.216
582,-7.216625713591862,12,13,2.226
583,-15.343017156319545,11,14,2.232
584,13.255176079124881,14,11,2.168
585,3.228812788907992,13,12,2.2640000000000002
586,14.1273078645824,14,11,2.146
587,-25.888402151501946,10,15,2.244
588,14.164339765328663,14,11,2.1879999999999997
589,-15.706536705384057,11,14,2.198
590,15.261481093159322,14,11,2.2700000000000005
591,-14.64069180186862,11,14,2.246
592,-14.953759710265516,11,14,2.222
593,3.4128869950036034,13,12,2.136
594,-5.8349929257911475,12,13,2.1340000000000003
595,-6.026053061848081,12,13,2.252
596,4.001154067392028,13,12,2.21
597,-16.211510588875523,11,14,2.26
598,3.9993808113803446,13,12,2.17
599,-36.41163286910998,9,16,2.2079999999999997
600,-15.4695795786274,11,14,2.21
601,-6.261142800463626,12,13,2.212
602,-15.202278127381732,11,14,2.208
603,3.5127504589808023,13,12,2.2379999999999995
604,-15.84380053297727,11,14,2.254
605,-26.18694203023899,10,15,2.164
606,-6.623594441812829,12,13,2.2060000000000004
607,3.570203466337502,13,12,2.2239999999999998
608,13.940273796057301,14,11,2.086
609,-5.438380086779227,12,13,2.1060000000000003
610,-15.576793959823386,11,14,2.27
611,-6.187713230824045,12,13,2.2640000000000002
612,-16.157938381245962,11,14,2.2119999999999997
613,4.281692799355595,13,12,2.2440000000000007
614,-25.180856509219538,10,15,2.322
615,-5.858327617207402,12,13,2.166000000000001
616,-4.736769969057761,12,13,2.2600000000000002
617,3.9160499350467903,13,12,2.2380000000000004
618,-5.509476381319409,12,13,2.222
619,4.2928100066837915,13,12,2.246
620,-36.51950538761425,9,16,2.2280000000000006
621,22.975025865616836,15,10,2.37
622,5.226433112011962,13,12,2.302
623,-7.3985887828539765,12,13,2.166
624,-37.14057963440986,9,16,2.2640000000000002
625,5.205595753743258,13,12,2.2
626,3.3094110453302426,13,12,2.2660000000000005
627,3.422765150376776,13,12,2.1420000000000003
628,-17.94458651397439,11,14,2.22
629,4.404335404552799,13,12,2.244
630,-4.801979209905588,12,13,2.306
631,-26.208262483773883,10,15,2.136
632,-6.0441472515592105,12,13,2.278
633,-5.699578181950829,12,13,2.168
634,13.471380771482583,14,11,2.238
635,2.494332600122375,13,12,2.1380000000000003
636,-16.09203778432656,11,14,2.168
637,-37.739814126366255,9,16,2.184
638,-16.554141494733287,11,14,2.1
639,2.5710270233789823,13,12,2.1719999999999997
640,4.185880780904402,13,12,2.2920000000000003
641,-5.362542471227839,12,13,2.252
642,-16.10494684810174,11,14,2.12
643,-17.10753881102896,11,14,2.152
644,-4.622679049206257,12,13,2.1059999999999994
645,-16.53075068880251,11,14,2.1620000000000004
646,-16.64484508727427,11,14,2.216
647,13.985845228222933,14,11,2.216
648,-6.851043753456837,12,13,2.21
649,-35.61362634216284,9,16,2.216
650,3.35537860152977,13,12,2.2300000000000004
651,-16.722666713240294,11,14,2.27
652,-6.384523419305411,12,13,2.188
653,2.4945672863440542,13,12,2.176
654,-17.215380792485146,11,14,2.176
655,4.596141909742507,13,12,2.216
656,-4.939247831802538,12,13,2.2139999999999995
657,14.81711634900846,14,11,2.1639999999999997
658,13.838150783016609,14,11,2.2199999999999998
659,3.385150786737798,13,12,2.1919999999999993
660,4.127686636624203,13,12,2.21
661,-6.450041848186201,12,13,2.22
662,3.9606208841237667,13,12,2.196
663,-6.096428381304597,12,13,2.306
664,-5.125495175934396,12,13,2.2520000000000002
665,-5.108051082260729,12,13,2.3120000000000003
666,-16.78534280491183,11,14,2.2660000000000005
667,-6.189279357631005,12,13,2.19
668,-6.20595048136215,12,13,2.3020000000000005
669,-17.036080774497364,11,14,2.1980000000000004
670,-17.224878753510414,11,14,2.2739999999999996
671,-16.52193661092432,11,14,2.228
672,-5.206655765205738,12,13,2.174
673,-26.128829309961244,10,15,2.268
674,-15.410904999852708,11,14,2.2340000000000004
675,3.97199703945469,13,12,2.2019999999999995
676,-6.203749372698011,12,13,2.1700000000000004
677,-15.958920266773443,11,14,2.268
678,14.480005982290967,14,11,2.198
679,-15.929726259985317,11,14,2.218
680,-5.8126888719222745,12,13,2.1399999999999997
681,3.6763564840944376,13,12,2.172
682,-7.108225074515785,12,13,2.218
683,4.8515701039167345,13,12,2.2540000000000004
684,13.116678286893437,14,11,2.21
685,-5.105789728033333,12,13,2.128
686,-6.378602395934872,12,13,2.2079999999999997
687,5.02884351373816,13,12,2.2539999999999996
688,14.51374641153672,14,11,2.18
689,2.608964542429382,13,12,2.188
690,2.5394958618193435,13,12,2.136
691,-5.63111577943884,12,13,2.162
692,-17.218703304237092,11,14,2.16
693,-5.956396766975529,12,13,2.21
694,-5.311949066083709,12,13,2.214
695,5.212077244662816,13,12,2.306
696,-15.400008967690672,11,14,2.228
697,-16.72426221072818,11,14,2.26
698,-4.620984168354708,12,13,2.2119999999999997
699,35.15513898430067,16,9,2.1760000000000006
700,24.801023819675443,15,10,2.21
701,4.236479884670281,13,12,2.184
702,-16.59409882390324,11,14,2.33
703,4.313270439079298,13,12,2.2579999999999996
704,4.334389584550383,13,12,2.124
705,-25.888416493114075,10,15,2.2220000000000004
706,-6.344622230977471,12,13,2.194
707,-6.368643108473586,12,13,2.23
708,-16.832297884726614,11,14,2.1439999999999997
709,4.447702861322429,13,12,2.2640000000000002
710,-5.148943162885488,12,13,2.332
711,-15.612942354408368,11,14,2.298
712,14.446737821358395,14,11,2.0879999999999996
713,-5.684671292387758,12,13,2.178
714,-26.59496506540151,10,15,2.162
715,-6.122224806059103,12,13,2.1679999999999997
716,-6.213862295315014,12,13,2.198
717,3.381873010171697,13,12,2.206
718,-27.07309786307008,10,15,2.1220000000000003
719,-6.124500001704942,12,13,2.2840000000000003
720,-16.606415339998215,11,14,2.2380000000000004
721,3.040667939851125,13,12,2.22
722,4.494356375919201,13,12,2.226
723,14.485275768444856,14,11,2.212
724,-5.362571842140189,12,13,2.2059999999999995
725,4.879928103539422,13,12,2.184
726,4.129464265669058,13,12,2.228
727,4.044136230769903,13,12,2.2560000000000002
728,2.8982912821721616,13,12,2.2600000000000002
729,-15.752786140082193,11,14,2.2600000000000002
730,-5.877439869713125,12,13,2.232
731,4.421305433681135,13,12,2.202
732,4.259206746299886,13,12,2.186
733,5.656946042705163,13,12,2.2479999999999998
734,-15.26923565470131,11,14,2.222
735,14.791367389680389,14,11,2.178
736,-26.529922923876683,10,15,2.2300000000000004
737,-5.326384729043085,12,13,2.254
738,-5.506474260140582,12,13,2.214
739,14.073428574951883,14,11,2.2299999999999995
740,-15.290233905663893,11,14,2.28
741,13.901114095849584,14,11,2.262
742,4.6307541643708054,13,12,2.264
743,-4.735640284532651,12,13,2.1500000000000004
744,5.862455575277146,13,12,2.242
745,-16.482716592547316,11,14,2.2439999999999998
746,-5.502444846621814,12,13,2.372
747,14.318234285269526,14,11,2.286
748,4.159491682710871,13,12,2.248
749,5.491449848249138,13,12,2.2220000000000004
750,-5.375642132660212,12,13,2.21
751,4.022588671185207,13,12,2.3020000000000005
752,-5.316858780500576,12,13,2.252
753,-5.392198741244204,12,13,2.262
754,14.267086092563982,14,11,2.258
755,-34.90082553370012,9,16,2.192
756,-5.099095111072506,12,13,2.134
757,23.871996512851375,15,10,2.082
758,14.48525194141764,14,11,2.2399999999999998
759,5.056417982261378,13,12,2.16
760,-5.427605053974187,12,13,2.3160000000000003
761,14.539633633954915,14,11,2.26
762,-35.43256556833995,9,16,2.15
763,4.077707233515072,13,12,2.2380000000000004
764,2.6952778332062732,13,12,2.268
765,-15.701832595553403,11,14,2.244
766,14.330790804300674,14,11,2.3
767,13.939112271524856,14,11,2.2600000000000002
768,4.862885950079389,13,12,2.2220000000000004
769,14.499025483129293,14,11,2.19
770,-5.778660475589748,12,13,2.278
771,5.063934705549242,13,12,2.154000000000001
772,-24.20437978916705,10,15,2.164
773,-5.299359246691654,12,13,2.284
774,14.477529569919374,14,11,2.26
775,-5.777766094319324,12,13,2.186
776,-15.972223912563148,11,14,2.202
777,3.0088352049276175,13,12,2.31
778,3.183885641739902,13,12,2.184
779,3.993235704084424,13,12,2.212
780,-5.752837812134198,12,13,2.25
781,-15.967309603995993,11,14,2.242
782,-6.773567141334415,12,13,2.2079999999999997
783,-5.754383581419545,12,13,2.2279999999999998
784,13.831872858161825,14,11,2.1460000000000004
785,-14.963280317538443,11,14,2.238
786,3.413395191173187,13,12,2.24
787,4.097917397262005,13,12,2.1759999999999997
788,-6.065405503175196,12,13,2.1600000000000006
789,-24.843370902595897,10,15,2.2039999999999997
790,4.199161195121574,13,12,2.164
791,15.178324421281552,14,11,2.2279999999999998
792,-15.361099165706062,11,14,2.2260000000000004
793,-5.953032280643789,12,13,2.178
794,-16.759666628407047,11,14,2.1640000000000006
795,-25.1830010998712,10,15,2.21
796,-6.2488684646161,12,13,2.33
797,-14.864668281976126,11,14,2.166
798,-15.279731948393337,11,14,2.266
799,4.789221144662569,13,12,2.168
800,-4.035360913572472,12,13,2.3299999999999996
801,13.918373375995161,14,11,2.218
802,-5.449426427147424,12,13,2.27
803,-26.5024764001135,10,15,2.2619999999999996
804,-5.725474173346397,12,13,2.216
805,-5.8690324475682525,12,13,2.21
806,-5.796070817178416,12,13,2.214
807,13.532246216742776,14,11,2.262
808,-16.31265361891177,11,14,2.246
809,-5.870075889669212,12,13,2.224
810,4.4629733431058485,13,12,2.148
811,5.533352402981825,13,12,2.226
812,2.5149746774296475,13,12,2.27
813,-6.943085645938776,12,13,2.2399999999999998
814,-4.628501143187613,12,13,2.2640000000000002
815,12.287028046941892,14,11,2.264
816,4.124493607303976,13,12,2.27
817,14.31729345341438,14,11,2.2380000000000004
818,-6.155911290994293,12,13,2.212
819,-16.438473048605402,11,14,2.2120000000000006
820,-7.676887530168854,12,13,2.306
821,3.847625852924039,13,12,2.184
822,15.673357029018291,14,11,2.256
823,14.174803619057506,14,11,2.1919999999999997
824,3.561378054036471,13,12,2.286
825,13.013822010540231,14,11,2.1759999999999997
826,4.862074824100093,13,12,2.238
827,-7.628460373077462,12,13,2.252
828,-6.253958062970197,12,13,2.242
829,-15.78094941163977,11,14,2.2020000000000004
830,-5.7409700433758655,12,13,2.21
831,23.390018523952673,15,10,2.1440000000000006
832,-6.40954718290193,12,13,2.1719999999999997
833,-6.522443359010644,12,13,2.3
834,-5.157112379023372,12,13,2.2079999999999997
835,3.1160914651518645,13,12,2.18
836,4.491181687182307,13,12,2.2299999999999995
837,14.209593545696283,14,11,2.146
838,-5.567737370062024,12,13,2.1599999999999997
839,-16.003447941612656,11,14,2.204
840,4.415994775023568,13,12,2.2939999999999996
841,-5.748289579001951,12,13,2.304
842,4.272164218612668,13,12,2.1380000000000003
843,4.149486794644912,13,12,2.2179999999999995
844,24.525544313050613,15,10,2.224
845,-15.651161698518873,11,14,2.168
846,-6.429129463107701,12,13,2.23
847,3.177764483908962,13,12,2.0759999999999996
848,14.753463572029855,14,11,2.214
849,3.8033500846161052,13,12,2.1760000000000006
850,2.513253031404851,13,12,2.222
851,12.606008685538779,14,11,2.226
852,13.914972709908106,14,11,2.2020000000000004
853,-15.318883606747594,11,14,2.1120000000000005
854,-6.77216880985339,12,13,2.2079999999999997
855,4.81650648764004,13,12,2.21
856,13.712427542806227,14,11,2.344
857,-36.818412667738706,9,16,2.284
858,-4.248915318696691,12,13,2.178
859,-15.986595835629625,11,14,2.294
860,-5.586170792574304,12,13,2.1659999999999995
861,23.607794398078894,15,10,2.1100000000000003
862,-6.651295982038047,12,13,2.282
863,3.7673518678382147,13,12,2.164
864,-6.468941981739025,12,13,2.214
865,-15.656766508569188,11,14,2.2299999999999995
866,13.437950790771415,14,11,2.2359999999999998
867,23.89233104309843,15,10,2.236
868,-4.9930760534520084,12,13,2.2479999999999998
869,-6.599581538984411,12,13,2.2340000000000004
870,4.393272631346639,13,12,2.25
871,-6.871086319974056,12,13,2.192
872,4.6722436667572556,13,12,2.238
873,4.7836832751589995,13,12,2.2860000000000005
874,-25.170108409802708,10,15,2.216
875,3.5300180896822173,13,12,2.3099999999999996
876,-5.411706882633739,12,13,2.202
877,2.9000902644767543,13,12,2.234
878,5.127093092834256,13,12,2.3099999999999996
879,4.319001778804418,13,12,2.2359999999999998
880,-15.524107441051061,11,14,2.302
881,-15.675869772466301,11,14,2.2620000000000005
882,-6.14684672265721,12,13,2.242
883,-5.807515398756241,12,13,2.218
884,-6.900208553384214,12,13,2.2299999999999995
885,-6.165028766330445,12,13,2.182
886,-6.787586103744081,12,13,2.266
887,13.579781615369303,14,11,2.2340000000000004
888,15.298950690105581,14,11,2.1300000000000003
889,4.354271265993277,13,12,2.154
890,-6.005760118637835,12,13,2.314
891,4.399775073255658,13,12,2.3119999999999994
892,15.160709617384619,14,11,2.2079999999999997
893,4.400057189208272,13,12,2.25
894,13.005592491827999,14,11,2.1919999999999997
895,2.0056454611066474,13,12,2.182
896,2.6797021766507307,13,12,2.116
897,-6.584372128693695,12,13,2.202
898,-5.813913429378768,12,13,2.2700000000000005
899,-14.446145113890799,11,14,2.2700000000000005
900,3.474151019347337,13,12,2.2640000000000002
901,-25.639421265819085,10,15,2.2279999999999998
902,-5.668868673357856,12,13,2.2640000000000002
903,2.7118068440326435,13,12,2.2800000000000002
904,13.631040990288255,14,11,2.21
905,13.6080781899402,14,11,2.288
906,3.8193827739560264,13,12,2.228
907,13.59239859718558,14,11,2.2319999999999998
908,13.541428290126401,14,11,2.15
909,-6.005611602441022,12,13,2.3459999999999996
910,-16.06153111737547,11,14,2.1500000000000004
911,-7.142574986983957,12,13,2.2239999999999998
912,-6.8071803031125615,12,13,2.184
913,-6.861224844915533,12,13,2.342
914,4.543970275390588,13,12,2.248
915,3.5954242683688236,13,12,2.2299999999999995
916,3.2579228471696062,13,12,2.2820000000000005
917,-25.975094400951804,10,15,2.1460000000000004
918,4.202966813334305,13,12,2.194
919,3.1870240989279353,13,12,2.1820000000000004
920,2.3381300578195994,13,12,2.2079999999999997
921,14.592269193536284,14,11,2.2039999999999997
922,-6.5987520600792955,12,13,2.2520000000000002
923,-6.551802082080849,12,13,2.252
924,-6.675436192317115,12,13,2.268
925,-6.231066971945627,12,13,2.2220000000000004
926,-26.19021472262731,10,15,2.184
927,2.861266761612725,13,12,2.316
928,2.9552309030787,13,12,2.2119999999999997
929,4.599705723914458,13,12,2.2560000000000002
930,-5.435527723989992,12,13,2.228
931,-6.988559728136195,12,13,2.158
932,12.401002341942645,14,11,2.2800000000000002
933,12.390401685727566,14,11,2.1260000000000003
934,4.82737842895318,13,12,2.2560000000000002
935,25.18810992780071,15,10,2.2939999999999996
936,14.142191007363268,14,11,2.1979999999999995
937,-15.889258897784744,11,14,2.17
938,-16.362275363499123,11,14,2.29
939,-5.89348550566076,12,13,2.244
940,-5.9631644077149435,12,13,2.3019999999999996
941,13.91454271503813,14,11,2.146
942,-26.58480196209829,10,15,2.186
943,3.3092380505037546,13,12,2.1819999999999995
944,14.34000110046189,14,11,2.1639999999999997
945,-5.683014563806228,12,13,2.2640000000000002
946,4.552869069866408,13,12,2.1980000000000004
947,-6.725166131880977,12,13,2.3
948,-6.466988972538998,12,13,2.2779999999999996
949,3.447662036656693,13,12,2.29
950,13.833408607596267,14,11,2.302
951,12.502166994922947,14,11,2.228
952,13.425861361055947,14,11,2.29
953,4.4838783318181505,13,12,2.146
954,3.810442918404748,13,12,2.21
955,4.513941308261034,13,12,2.1239999999999997
956,22.862947385396314,15,10,2.152
957,24.154986198670283,15,10,2.1900000000000004
958,-7.348582779030734,12,13,2.282
959,13.722636849855306,14,11,2.2560000000000002
960,13.39030280341663,14,11,2.2280000000000006
961,2.5069917711050564,13,12,2.136
962,14.718318847946179,14,11,2.22
963,4.936952032748119,13,12,2.26
964,12.735919055642455,14,11,2.254
965,15.19020078465778,14,11,2.23
966,14.026665951684876,14,11,2.2939999999999996
967,14.013225060130456,14,11,2.2879999999999994
968,24.630154043367327,15,10,2.312
969,4.311535991224405,13,12,2.258
970,3.522341579179102,13,12,2.2080000000000006
971,4.129073229917152,13,12,2.2459999999999996
972,-6.6653977053205065,12,13,2.202
973,4.076629383669485,13,12,2.226
974,3.313181204722664,13,12,2.188
975,-15.872137501580454,11,14,2.32
976,3.353467234275626,13,12,2.134
977,3.5398608421729936,13,12,2.1879999999999997
978,13.320884660340736,14,11,2.248
979,14.530581584605486,14,11,2.182
980,-5.475525260031906,12,13,2.226
981,4.130174765354878,13,12,2.226
982,2.8222966657939894,13,12,2.2600000000000002
983,-5.882455328543007,12,13,2.21
984,5.052916969844382,13,12,2.186
985,15.398044006015777,14,11,2.228
986,23.63858447839692,15,10,2.316
987,23.805138305146567,15,10,2.262
988,14.96596912184702,14,11,2.25
989,5.3190867862653,13,12,2.2340000000000004
990,3.706309064109754,13,12,2.168
991,23.909602009258464,15,10,2.2439999999999998
992,24.2210927533338,15,10,2.27
993,14.035647560810089,14,11,2.254
994,13.080391880086497,14,11,2.256
995,-6.193178199426922,12,13,2.2220000000000004
996,-5.6916430236332065,12,13,2.21
997,4.326702377500402,13,12,2.26
998,4.209733055945836,13,12,2.1939999999999995
999,4.379862134848931,13,12,2.298
1000,3.737677577097343,13,12,2.336
1001,3.7934993115301534,13,12,2.318
1002,-5.616478313072523,12,13,2.2479999999999998
1003,2.486725274541783,13,12,2.266
1004,3.126457925550935,13,12,2.2059999999999995
1005,-6.571495337848097,12,13,2.2500000000000004
1006,2.8082115135294243,13,12,2.2660000000000005
1007,-4.702004284140545,12,13,2.2220000000000004
1008,-35.315277488648114,9,16,2.1079999999999997
1009,3.777389752646287,13,12,2.34
1010,-6.416809635203428,12,13,2.148
1011,13.673551299379227,14,11,2.272
1012,13.519880334638223,14,11,2.2800000000000002
1013,-16.49215021122577,11,14,2.2180000000000004
1014,-16.666312817001618,11,14,2.242
1015,3.629440863468981,13,12,2.166
1016,14.061753721490874,14,11,2.2199999999999998
1017,-6.432275951108348,12,13,2.2500000000000004
1018,14.079438881748413,14,11,2.21
1019,4.421549239808754,13,12,2.2020000000000004
1020,-6.494189787712368,12,13,2.194
1021,4.064515073481424,13,12,2.1799999999999997
1022,23.62195483984662,15,10,2.244
1023,4.387739935543158,13,12,2.31
1024,12.770448187023959,14,11,2.2600000000000007
1025,-6.284492724179314,12,13,2.246
1026,-5.857427355353458,12,13,2.2560000000000002
1027,12.724647054815666,14,11,2.168
1028,-5.547792640508231,12,13,2.31
1029,13.497132760306199,14,11,2.33
1030,3.64880165162063,13,12,2.164
1031,3.717223653546346,13,12,2.2380000000000004
1032,14.448316362148685,14,11,2.268
1033,13.63797059590023,14,11,2.266
1034,4.589711445752688,13,12,2.2
1035,13.906615607496414,14,11,2.2600000000000007
1036,13.87773943371566,14,11,2.212
1037,4.1484813048263,13,12,2.2439999999999998
1038,13.969803243874303,14,11,2.158
1039,4.348551339145707,13,12,2.316
1040,3.4772061231614675,13,12,2.262
1041,4.084335953395176,13,12,2.104
1042,12.871291481887857,14,11,2.18
1043,3.8955306240259295,13,12,2.21
1044,2.8800326249725123,13,12,2.1879999999999997
1045,-17.346254357446107,11,14,2.178
1046,3.3558199617226068,13,12,2.188
1047,4.166912484139129,13,12,2.23
1048,3.757173119297157,13,12,2.258
1049,-6.3446115884594985,12,13,2.27
1050,4.312438564874947,13,12,2.2399999999999998
1051,-5.437853164042141,12,13,2.2280000000000006
1052,-15.159484582880811,11,14,2.1399999999999997
1053,4.082867497932292,13,12,2.1980000000000004
1054,3.3434458736272714,13,12,2.1780000000000004
1055,13.601270053959126,14,11,2.1820000000000004
1056,12.926741512610581,14,11,2.274
1057,14.188493294584791,14,11,2.314
1058,14.174656360536385,14,11,2.3200000000000003
1059,14.58039121777977,14,11,2.258
1060,4.665076873689888,13,12,2.2540000000000004
1061,-5.571839664725179,12,13,2.254
1062,3.834181514095139,13,12,2.2340000000000004
1063,3.667675890332994,13,12,2.2239999999999993
1064,13.311643331794995,14,11,2.2699999999999996
1065,-15.789175326150275,11,14,2.26
1066,-6.116115718639845,12,13,2.2820000000000005
1067,13.77788871694589,14,11,2.274
1068,2.9540531695485743,13,12,2.3020000000000005
1069,14.060882158682382,14,11,2.2979999999999996
1070,13.560471385990107,14,11,2.1979999999999995
1071,13.71536474853786,14,11,2.182
1072,13.697099505387834,14,11,2.1879999999999997
1073,13.776873771365661,14,11,2.218
1074,25.339913150546447,15,10,2.156
1075,13.570198369565857,14,11,2.1759999999999997
1076,13.30753312177356,14,11,2.262
1077,-4.995537660827645,12,13,2.23
1078,-16.37432459171416,11,14,2.1419999999999995
1079,23.4412829009055,15,10,2.2439999999999998
1080,3.2649149306238137,13,12,2.212
1081,4.379430511402332,13,12,2.112
1082,3.9827324831116244,13,12,2.2600000000000002
1083,3.6333699355022873,13,12,2.2359999999999998
1084,-6.042175089094021,12,13,2.108
1085,-6.095610185633465,12,13,2.192
1086,1.8822348865835696,13,12,2.206
1087,12.989879919376095,14,11,2.186
1088,-26.811855796334946,10,15,2.23
1089,12.718233249834816,14,11,2.2399999999999998
1090,33.547782182701546,16,9,2.1879999999999997
1091,-16.494472570472485,11,14,2.22
1092,2.8574569159379197,13,12,2.208
1093,3.542587232498176,13,12,2.196
1094,4.458718678506319,13,12,2.2779999999999996
1095,3.2235771015110313,13,12,2.3099999999999996
1096,13.891595433607725,14,11,2.3059999999999996
1097,4.151715879930913,13,12,2.1620000000000004
1098,-6.998054614069488,12,13,2.238
1099,14.609647395528516,14,11,2.202
1100,14.448956389446742,14,11,2.2300000000000004
1101,-5.732242781304248,12,13,2.248
1102,35.31775617689662,16,9,2.196
1103,4.141053125892703,13,12,2.246
1104,12.869026564120121,14,11,2.242
1105,3.2271213501270912,13,12,2.24
1106,-5.390168083209887,12,13,2.274
1107,14.274704911787158,14,11,2.11
1108,4.043767589821355,13,12,2.168
1109,14.821793031862722,14,11,2.304
1110,3.1103609419718756,13,12,2.226
1111,24.7691285576578,15,10,2.196
1112,-5.560679390214418,12,13,2.1
1113,3.259019234212888,13,12,2.106
1114,-6.061195862087546,12,13,2.2079999999999997
1115,4.418424072524093,13,12,2.2340000000000004
1116,-16.18088097513993,11,14,2.304
1117,4.124829300945315,13,12,2.2720000000000007
1118,4.583446399985156,13,12,2.2079999999999997
1119,14.668393901779702,14,11,2.1920000000000006
1120,4.776954578004905,13,12,2.0940000000000003
1121,14.306553640530431,14,11,2.186
1122,-5.930437931056508,12,13,2.2060000000000004
1123,13.906719401597577,14,11,2.174
1124,-6.104022552109867,12,13,2.2220000000000004
1125,13.840349833515486,14,11,2.276
1126,13.451399704662538,14,11,2.172
1127,15.244328827075346,14,11,2.1380000000000003
1128,-5.933943155380293,12,13,2.2560000000000002
1129,-8.056929287993153,12,13,2.228
1130,13.483281771072825,14,11,2.1379999999999995
1131,24.881024023876584,15,10,2.1740000000000004
1132,3.2983268414366878,13,12,2.1599999999999997
1133,3.914052285112043,13,12,2.1300000000000003
1134,3.744616063940189,13,12,2.214
1135,13.71948839592085,14,11,2.144
1136,12.24972254424706,14,11,2.198
1137,14.400825820158829,14,11,2.156
1138,22.654865242424563,15,10,2.256
1139,-6.726930658494686,12,13,2.222
1140,23.66538691578064,15,10,2.198
1141,14.115043188701499,14,11,2.2600000000000002
1142,3.996632113475539,13,12,2.316
1143,14.124721396164063,14,11,2.2499999999999996
1144,13.966481808606275,14,11,2.28
1145,23.97771053509016,15,10,2.226
1146,23.65166557249399,15,10,2.222
1147,4.124544154881367,13,12,2.226
1148,13.747109539549571,14,11,2.248
1149,-6.569847899459265,12,13,2.2920000000000003
1150,-6.721090262923084,12,13,2.292
1151,3.3505834036595807,13,12,2.242
1152,33.79776937069059,16,9,2.218
1153,4.32737868630657,13,12,2.232
1154,3.4194694847829528,13,12,2.1999999999999997
1155,-5.981094368910664,12,13,2.304
1156,-4.604037782569755,12,13,2.2079999999999997
1157,-5.773099784766178,12,13,2.206
1158,2.9853307671450233,13,12,2.18
1159,2.8648007102779354,13,12,2.214
1160,14.103797201866707,14,11,2.186
1161,4.756087339375924,13,12,2.2479999999999998
1162,3.5826348131994656,13,12,2.1399999999999997
1163,14.429267644682746,14,11,2.214
1164,14.171670174686074,14,11,2.1919999999999997
1165,-16.77979981204588,11,14,2.2299999999999995
1166,4.5228892102939255,13,12,2.274
1167,4.415759595954675,13,12,2.2779999999999996
1168,24.31931192727798,15,10,2.234
1169,25.343409993631134,15,10,2.182
1170,4.159346234446865,13,12,2.12
1171,24.291727880101426,15,10,2.226
1172,33.91954684686337,16,9,2.228
1173,-6.745555161485812,12,13,2.246
1174,2.583699996598944,13,12,2.258
1175,23.126619365504364,15,10,2.16
1176,14.92172459404723,14,11,2.202
1177,4.407135673441747,13,12,2.306
1178,3.1904739867073286,13,12,2.1879999999999997
1179,13.872909429450779,14,11,2.118
1180,13.926669193798212,14,11,2.3080000000000003
1181,13.275282915216485,14,11,2.148
1182,3.4252934038900027,13,12,2.28
1183,24.554434390595482,15,10,2.2079999999999997
1184,13.864318882570362,14,11,2.19
1185,13.485093083028637,14,11,2.266
1186,24.168420902989954,15,10,2.2060000000000004
1187,14.012113085528616,14,11,2.2439999999999998
1188,15.066870834618609,14,11,2.2640000000000002
1189,-5.611785784111911,12,13,2.25
1190,14.304197652639246,14,11,2.194
1191,-5.963030021758749,12,13,2.1479999999999997
1192,3.7206004550751857,13,12,2.158
1193,2.97400092322052,13,12,2.194
1194,13.31246296464147,14,11,2.168
1195,25.096888931699137,15,10,2.2700000000000005
1196,23.79562055384458,15,10,2.1900000000000004
1197,4.382382445902549,13,12,2.254
1198,15.483388156813444,14,11,2.19
1199,4.138237362954648,13,12,2.1879999999999997
1200,14.804978788628514,14,11,2.2039999999999997
1201,13.166305866848482,14,11,2.186
1202,13.30699734529064,14,11,2.15
1203,3.401726595882455,13,12,2.242
1204,-17.31439669312344,11,14,2.2380000000000004
1205,13.361451879377588,14,11,2.2600000000000002
1206,3.9682857533456204,13,12,2.11
1207,4.070374206712637,13,12,2.2299999999999995
1208,24.456880553895626,15,10,2.158
1209,14.151717686304433,14,11,2.2880000000000003
1210,12.976159046911281,14,11,2.278
1211,4.139209423979402,13,12,2.276
1212,13.866324418207169,14,11,2.246
1213,13.690598394929793,14,11,2.212
1214,22.866252088130857,15,10,2.198
1215,3.9877662380339602,13,12,2.1759999999999997
1216,4.707282763750653,13,12,2.2239999999999998
1217,14.93542116726841,14,11,2.226
1218,23.220392104767694,15,10,2.262
1219,5.0053136702420815,13,12,2.21
1220,12.955175692466387,14,11,2.2239999999999998
1221,22.46050266924633,15,10,2.178
1222,11.963591313798949,14,11,2.2640000000000002
1223,13.19236857438838,14,11,2.312
1224,3.826934361097985,13,12,2.322
1225,-14.574230929050731,11,14,2.25
1226,-16.671432228667946,11,14,2.198
1227,35.01144317317433,16,9,2.1559999999999997
1228,3.2108335055488633,13,12,2.2199999999999998
1229,-17.24622256829103,11,14,2.196
1230,24.212824861705137,15,10,2.152
1231,24.61744118771092,15,10,2.1700000000000004
1232,15.210898440942513,14,11,2.186
1233,13.96983790854206,14,11,2.208
1234,14.308380288118649,14,11,2.182
1235,13.947210420183481,14,11,2.2060000000000004
1236,13.689505129267523,14,11,2.194
1237,34.49510183136101,16,9,2.258
1238,-7.083515346003941,12,13,2.32
1239,13.615847197932501,14,11,2.2960000000000003
1240,-6.418192598064314,12,13,2.2399999999999998
1241,-6.619630177076518,12,13,2.256
1242,3.2587047786828633,13,12,2.124
1243,23.09286730070912,15,10,2.308
1244,23.63198192856832,15,10,2.216
1245,24.023702623630445,15,10,2.2199999999999998
1246,12.746891728244668,14,11,2.162
1247,14.654100155860792,14,11,2.274
1248,3.3693655458854703,13,12,2.1980000000000004
1249,-26.663958425640402,10,15,2.212
1250,-5.061009669313567,12,13,2.3020000000000005
1251,13.494267686241898,14,11,2.334
1252,3.87900307054443,13,12,2.3080000000000003
1253,14.480154437660534,14,11,2.148
1254,33.71962028164097,16,9,2.144
1255,24.265216327520186,15,10,2.168
1256,-5.893943906672569,12,13,2.2239999999999998
1257,24.863191894808736,15,10,2.2440000000000007
1258,13.463131705586541,14,11,2.22
1259,14.871464990344238,14,11,2.2079999999999997
1260,3.9758165569604884,13,12,2.194
1261,13.28441208352513,14,11,2.17
1262,22.73672408858175,15,10,2.3280000000000003
1263,23.895724758056165,15,10,2.27
1264,3.451147115614301,13,12,2.242
1265,24.26290408438149,15,10,2.316
1266,24.095085703276816,15,10,2.1900000000000004
1267,4.095529155096123,13,12,2.18
1268,23.773355673930602,15,10,2.3280000000000003
1269,-15.870327797216085,11,14,2.17
1270,14.356009477774304,14,11,2.1759999999999997
1271,12.944755625623797,14,11,2.1439999999999997
1272,3.7606131172389423,13,12,2.2020000000000004
1273,3.078235059362685,13,12,2.178
1274,13.203218235034582,14,11,2.3099999999999996
1275,15.269824994541768,14,11,2.2020000000000004
1276,14.258159978849188,14,11,2.228
1277,-5.07240357536077,12,13,2.146
1278,4.1174812720100125,13,12,2.2400000000000007
1279,23.451070847992,15,10,2.1859999999999995
1280,14.461235727847207,14,11,2.258
1281,12.420508738079763,14,11,2.2560000000000002
1282,25.309368621453924,15,10,2.176
1283,3.767818964059622,13,12,2.144
1284,4.073300675893309,13,12,2.1979999999999995
1285,-6.046361952721552,12,13,2.254
1286,22.67788869286198,15,10,2.118
1287,14.604049706905059,14,11,2.2939999999999996
1288,4.55449249310545,13,12,2.2299999999999995
1289,2.589446256161537,13,12,2.282
1290,13.338372237322293,14,11,2.2399999999999998
1291,-5.076881279347937,12,13,2.254
1292,23.57500417939748,15,10,2.1559999999999997
1293,13.742315002413381,14,11,2.254
1294,13.695869325937473,14,11,2.146
1295,13.344285050149225,14,11,2.2399999999999998
1296,23.65800876919608,15,10,2.2199999999999998
1297,3.958654359154478,13,12,2.1959999999999997
1298,21.876511043425047,15,10,2.2039999999999997
1299,4.531568583049115,13,12,2.218
1300,-5.598332063973217,12,13,2.2179999999999995
1301,14.315442501496651,14,11,2.3039999999999994
1302,2.9930750117196245,13,12,2.2299999999999995
1303,5.765202482257481,13,12,2.204
1304,12.928079416672798,14,11,2.2060000000000004
1305,13.201166511319617,14,11,2.268
1306,3.814668995908524,13,12,2.3000000000000003
1307,3.8712407593837987,13,12,2.286
1308,15.065580791731009,14,11,2.164
1309,4.179093286959063,13,12,2.2339999999999995
1310,3.881755888094501,13,12,2.178
1311,13.7323060999018,14,11,2.3579999999999997
1312,13.089437024101251,14,11,2.1220000000000003
1313,23.07085004201745,15,10,2.182
1314,24.166931215768894,15,10,2.2
1315,4.806766663488968,13,12,2.1879999999999997
1316,-5.4726852705517475,12,13,2.17
1317,14.391840600339883,14,11,2.208
1318,23.942824191272507,15,10,2.284
1319,14.650540547354488,14,11,2.19
1320,3.871230976240451,13,12,2.218
1321,23.07399365716745,15,10,2.224
1322,25.186087958837085,15,10,2.14
1323,15.004826097466118,14,11,2.3019999999999996
1324,3.2150664497390267,13,12,2.238
1325,13.297738486555142,14,11,2.1860000000000004
1326,3.4353327318090106,13,12,2.198
1327,2.798367891394898,13,12,2.29
1328,34.267151565048025,16,9,2.118
1329,22.836170598967094,15,10,2.166
1330,34.39789628609985,16,9,2.21
1331,-6.641340952518533,12,13,2.226
1332,3.2205890060564677,13,12,2.13
1333,14.50053524182172,14,11,2.26
1334,5.001199559085521,13,12,2.29
1335,34.690077205730304,16,9,2.218
1336,12.642487635300487,14,11,2.28
1337,33.899320015735725,16,9,2.324
1338,13.748651971607293,14,11,2.2939999999999996
1339,24.24594904903804,15,10,2.312
1340,12.412097260980623,14,11,2.19
1341,4.390179498625427,13,12,2.1879999999999997
1342,22.97933919407741,15,10,2.2459999999999996
1343,12.19276457904795,14,11,2.246
1344,13.082017174471854,14,11,2.178
1345,24.120181386080727,15,10,2.278
1346,23.658915405014916,15,10,2.192
1347,2.8563528564287317,13,12,2.2179999999999995
1348,14.31613269937229,14,11,2.208
1349,4.482436111604814,13,12,2.2339999999999995
1350,3.102550786013431,13,12,2.156
1351,23.272649186876116,15,10,2.318
1352,13.64503788069034,14,11,2.298
1353,13.097372923753927,14,11,2.108
1354,22.346172195596473,15,10,2.2619999999999996
1355,14.52030183881036,14,11,2.2039999999999997
1356,14.555113502295326,14,11,2.29
1357,4.388877968948321,13,12,2.314
1358,-6.273012997069778,12,13,2.248
1359,22.993414528339176,15,10,2.1900000000000004
1360,24.268381340822568,15,10,2.2380000000000004
1361,13.439898004181577,14,11,2.1740000000000004
1362,13.706402794558414,14,11,2.1900000000000004
1363,34.31755946839898,16,9,2.278
1364,14.234128857695689,14,11,2.308
1365,24.81492954961741,15,10,2.234
1366,13.64835428632026,14,11,2.2979999999999996
1367,14.13240963323484,14,11,2.162
1368,4.362851798291656,13,12,2.316
1369,23.062038677292314,15,10,2.2079999999999997
1370,22.847497130598597,15,10,2.1480000000000006
1371,23.282117977587987,15,10,2.178
1372,34.39153232521355,16,9,2.166
1373,13.725679489525529,14,11,2.322
1374,3.2306770970456906,13,12,2.1100000000000003
1375,23.831531130152037,15,10,2.226
1376,14.128887054490761,14,11,2.148
1377,4.80459009086439,13,12,2.2399999999999993
1378,13.277120708553765,14,11,2.278
1379,1.871655829158378,13,12,2.178
1380,2.8737592946679076,13,12,2.2139999999999995
1381,23.814323700186197,15,10,2.242
1382,12.98458488736977,14,11,2.192
1383,-15.372788874255281,11,14,2.1919999999999993
1384,3.5541187313522684,13,12,2.216
1385,12.925598375137191,14,11,2.2220000000000004
1386,23.71827887723752,15,10,2.266
1387,4.018847276345092,13,12,2.3280000000000003
1388,23.12661286517618,15,10,2.12
1389,14.66938597391483,14,11,2.194
1390,14.847435021444658,14,11,2.1920000000000006
1391,23.18202722876663,15,10,2.1500000000000004
1392,31.754134842801555,16,9,2.2459999999999996
1393,2.6971370240581907,13,12,2.248
1394,24.026210914337696,15,10,2.176
1395,13.521024902584857,14,11,2.2380000000000004
1396,14.380347224421085,14,11,2.23
1397,23.17410996032418,15,10,2.256
1398,22.801291111488045,15,10,2.3120000000000003
1399,13.750193961805989,14,11,2.2119999999999997
1400,13.553628457849129,14,11,2.318
1401,13.910020682553611,14,11,2.2280000000000006
1402,34.19508950583188,16,9,2.2140000000000004
1403,4.081224585419404,13,12,2.2239999999999998
1404,34.14362290361048,16,9,2.2540000000000004
1405,12.890567250549209,14,11,2.132
1406,13.274145550140892,14,11,2.144
1407,22.49160935861155,15,10,2.328
1408,2.624046246706097,13,12,2.2399999999999998
1409,24.292200678323407,15,10,2.4040000000000004
1410,32.87512693818127,16,9,2.1719999999999997
1411,23.470408904211553,15,10,2.188
1412,15.080626842296715,14,11,2.214
1413,23.79745404675437,15,10,2.272
1414,24.044317769476088,15,10,2.166
1415,13.978858631140696,14,11,2.234
1416,12.907928256950365,14,11,2.2379999999999995
1417,3.0966483507900673,13,12,2.282
1418,2.9818063919446978,13,12,2.228
1419,13.795656739379393,14,11,2.2399999999999998
1420,23.482018990906305,15,10,2.188
1421,22.287601447540993,15,10,2.272
1422,4.739593482698222,13,12,2.3259999999999996
1423,12.719904215280005,14,11,2.108
1424,13.888890354473723,14,11,2.228
1425,24.404650093457068,15,10,2.1719999999999997
1426,24.068933763046818,15,10,2.186
1427,22.965370036688515,15,10,2.228
1428,4.304195719391613,13,12,2.1879999999999997
1429,13.000459030052284,14,11,2.186
1430,13.268640024706478,14,11,2.198
1431,13.118681743807933,14,11,2.242
1432,3.624688799958446,13,12,2.14
1433,12.830291062848131,14,11,2.2560000000000002
1434,14.700251711009576,14,11,2.196
1435,34.39346151156131,16,9,2.1979999999999995
1436,13.818623643766252,14,11,2.1819999999999995
1437,23.246757123873454,15,10,2.166
1438,13.634913084393776,14,11,2.2359999999999998
1439,24.03033201847932,15,10,2.174
1440,13.6158872345969,14,11,2.194
1441,-16.49807792367375,11,14,2.2239999999999998
1442,23.594583952366442,15,10,2.218
1443,14.382436765651176,14,11,2.2380000000000004
1444,13.777105613213127,14,11,2.198
1445,24.356155655255275,15,10,2.194
1446,4.187026719171566,13,12,2.272
1447,-6.382705146574775,12,13,2.19
1448,12.757332915705097,14,11,2.2159999999999997
1449,34.86302398126403,16,9,2.19
1450,23.53186323973408,15,10,2.1559999999999997
1451,13.912936643351918,14,11,2.3240000000000003
1452,13.85778294273542,14,11,2.2199999999999998
1453,23.106272627457095,15,10,2.274
1454,22.851481213071438,15,10,2.274
1455,23.1575508097872,15,10,2.254
1456,3.4925053335917973,13,12,2.244
1457,23.407578678267065,15,10,2.2199999999999998
1458,14.05375931970988,14,11,2.242
1459,3.352419356019622,13,12,2.21
1460,22.734882749814638,15,10,2.1819999999999995
1461,24.172610292460412,15,10,2.1719999999999997
1462,23.306385195059686,15,10,2.2539999999999996
1463,23.783580708884013,15,10,2.214
1464,24.22801971352693,15,10,2.196
1465,4.382360187069619,13,12,2.2159999999999997
1466,33.98634170978819,16,9,2.188
1467,23.320267306723643,15,10,2.1940000000000004
1468,13.714210916830394,14,11,2.232
1469,24.644653940480275,15,10,2.29
1470,34.09846840245703,16,9,2.2359999999999998
1471,4.846036150278387,13,12,2.312
1472,-6.175603276650413,12,13,2.1260000000000003
1473,34.03430423986033,16,9,2.29
1474,14.435344239369655,14,11,2.2299999999999995
1475,24.185911572686148,15,10,2.216
1476,23.697628000917078,15,10,2.1679999999999997
1477,23.41980327583972,15,10,2.282
1478,24.469544868108713,15,10,2.15
1479,21.91255737889795,15,10,2.26
1480,24.025067369331328,15,10,2.184
1481,13.24651020656573,14,11,2.2380000000000004
1482,13.934885709609517,14,11,2.166
1483,13.240013890307583,14,11,2.246
1484,34.03608159263705,16,9,2.2060000000000004
1485,14.121606727448004,14,11,2.1659999999999995
1486,13.530289086707883,14,11,2.2299999999999995
1487,33.34702869584423,16,9,2.152
1488,32.368081798025194,16,9,2.216
1489,23.670901137573537,15,10,2.28
1490,13.358187048284922,14,11,2.3
1491,22.952570981763582,15,10,2.256
1492,13.899016540416634,14,11,2.172
1493,23.672674644217715,15,10,2.238
1494,22.114850385225772,15,10,2.226
1495,14.703357394341005,14,11,2.2180000000000004
1496,13.330033681360867,14,11,2.126
1497,2.0067802699435324,13,12,2.2199999999999998
1498,3.00296304368346,13,12,2.3020000000000005
1499,34.24151890267427,16,9,2.254
1500,22.841648716548583,15,10,2.278
1501,23.7599868167105,15,10,2.2340000000000004
1502,23.687609960786272,15,10,2.132
1503,23.476251396134685,15,10,2.2399999999999998
1504,12.46790146411059,14,11,2.258
1505,-6.725127284299008,12,13,2.226
1506,14.249818587158195,14,11,2.244
1507,13.962958906648076,14,11,2.224
1508,2.843885829902635,13,12,2.2060000000000004
1509,4.223210071978593,13,12,2.1780000000000004
1510,22.737983069712644,15,10,2.16
1511,3.4453078207827392,13,12,2.4039999999999995
1512,24.356276141693048,15,10,2.256
1513,-6.438507233017312,12,13,2.198
1514,32.58965633320032,16,9,2.1480000000000006
1515,22.9704142006481,15,10,2.184
1516,13.170340932312834,14,11,2.21
1517,34.12493746643782,16,9,2.274
1518,22.923544798163512,15,10,2.286
1519,22.802384371653716,15,10,2.236
1520,-6.728019182131218,12,13,2.1399999999999997
1521,24.10065735271951,15,10,2.16
1522,4.411024707018955,13,12,2.18
1523,24.516602119601156,15,10,2.2220000000000004
1524,13.287034009376585,14,11,2.1559999999999997
1525,14.054647939441068,14,11,2.306
1526,12.918388289762502,14,11,2.284
1527,23.742050031341652,15,10,2.23
1528,13.995187241192188,14,11,2.186
1529,13.626224116094093,14,11,2.272
1530,23.724241824704194,15,10,2.196
1531,23.593586067177,15,10,2.2239999999999998
1532,-5.843164029457593,12,13,2.226
1533,23.85939608258838,15,10,2.182
1534,32.8441706155875,16,9,2.2399999999999998
1535,23.305189486262776,15,10,2.228
1536,23.2515904765196,15,10,2.238
1537,13.002781379988717,14,11,2.1980000000000004
1538,23.61915973331862,15,10,2.2199999999999998
1539,3.5358832739727575,13,12,2.194
1540,12.312434530514672,14,11,2.188
1541,13.117220957984864,14,11,2.276
1542,33.435050592794376,16,9,2.268
1543,22.74365870727271,15,10,2.138
1544,24.017362277077396,15,10,2.1740000000000004
1545,23.890000466820936,15,10,2.306
1546,14.48813237525572,14,11,2.2840000000000003
1547,23.6440582250631,15,10,2.2159999999999997
1548,24.126976334367466,15,10,2.162
1549,23.474380316197955,15,10,2.2439999999999998
1550,14.458206750571577,14,11,2.2760000000000002
1551,34.481735618177616,16,9,2.222
1552,23.34385196606415,15,10,2.2719999999999994
1553,23.91288749272084,15,10,2.1440000000000006
1554,23.684442605938127,15,10,2.196
1555,13.414992976148213,14,11,2.1100000000000003
1556,-16.824598204384074,11,14,2.25
1557,23.261784163543034,15,10,2.272
1558,3.9831991466038197,13,12,2.186
1559,24.396543524251662,15,10,2.2620000000000005
1560,13.019858211402967,14,11,2.176
1561,13.488882891921476,14,11,2.2
1562,13.175096683733951,14,11,2.16
1563,14.10916949472903,14,11,2.2
1564,13.267660256966302,14,11,2.2979999999999996
1565,23.204585192907274,15,10,2.226
1566,24.209792597001503,15,10,2.1220000000000003
1567,23.577838021500302,15,10,2.2920000000000007
1568,43.18527330712321,17,8,2.2340000000000004
1569,3.0623692868113244,13,12,2.178
1570,24.188279078163838,15,10,2.14
1571,13.480019987228227,14,11,2.1740000000000004
1572,24.5796349791924,15,10,2.164
1573,14.038914686334508,14,11,2.2180000000000004
1574,-6.946225085149138,12,13,2.22
1575,24.25826584475692,15,10,2.2459999999999996
1576,23.457510678151397,15,10,2.1479999999999997
1577,33.789709939816746,16,9,2.178
1578,23.496661918429012,15,10,2.176
1579,3.1293546483654673,13,12,2.2699999999999996
1580,13.119037494741004,14,11,2.21
1581,13.360184142263275,14,11,2.218
1582,14.081137576289187,14,11,2.184
1583,23.85696830213652,15,10,2.244
1584,33.461411502442495,16,9,2.106
1585,13.491954989277254,14,11,2.19
1586,22.87967696244451,15,10,2.202
1587,-6.277126614900533,12,13,2.2940000000000005
1588,4.316599156497453,13,12,2.27
1589,23.46215138335338,15,10,2.238
1590,24.17163130834161,15,10,2.186
1591,33.48367654360202,16,9,2.2979999999999996
1592,23.777918172424773,15,10,2.2659999999999996
1593,22.50731618400271,15,10,2.2600000000000002
1594,34.71705931860503,16,9,2.124
1595,23.933952343628054,15,10,2.272
1596,25.48223775020098,15,10,2.1820000000000004
1597,3.8092458608320383,13,12,2.226
1598,13.752982861860676,14,11,2.204
1599,3.86566229606596,13,12,2.242
1600,23.141288226918867,15,10,2.284
1601,13.994267138655143,14,11,2.232
1602,13.40967980175492,14,11,2.268
1603,13.331809203114352,14,11,2.088
1604,13.326876240400203,14,11,2.18
1605,33.80952286290695,16,9,2.3079999999999994
1606,33.2725608977232,16,9,2.3040000000000003
1607,23.80473938908277,15,10,2.258
1608,33.03443018783555,16,9,2.3059999999999996
1609,22.185773311400936,15,10,2.1919999999999997
1610,22.705573659758727,15,10,2.156
1611,13.68783810271131,14,11,2.176
1612,13.469913337814587,14,11,2.182
1613,23.986014865524115,15,10,2.1639999999999997
1614,33.44285411874173,16,9,2.206
1615,13.982799018952349,14,11,2.2020000000000004
1616,21.97893470825185,15,10,2.1659999999999995
1617,21.928546963340935,15,10,2.1919999999999997
1618,34.26129218516753,16,9,2.228
1619,24.24538418826888,15,10,2.2359999999999998
1620,13.755250361182247,14,11,2.1480000000000006
1621,24.13121400991686,15,10,2.2020000000000004
1622,32.51321907896039,16,9,2.226
1623,23.74740609208351,15,10,2.266
1624,13.207327220640634,14,11,2.324
1625,2.052350327303577,13,12,2.1860000000000004
1626,24.492133562493027,15,10,2.258
1627,14.314598574341773,14,11,2.2
1628,13.257711310352496,14,11,2.192
1629,22.5846676317773,15,10,2.2039999999999997
1630,22.56090789664566,15,10,2.246
1631,23.30220379360397,15,10,2.202
1632,22.791057074727952,15,10,2.1480000000000006
1633,13.389702252183419,14,11,2.2060000000000004
1634,13.497109230516804,14,11,2.1420000000000003
1635,14.518785514939793,14,11,2.284
1636,24.24962661130131,15,10,2.288
1637,34.16865947061363,16,9,2.2960000000000003
1638,3.9422504078910947,13,12,2.272
1639,12.608441888741712,14,11,2.16
1640,23.093823356440616,15,10,2.18
1641,13.558374847208363,14,11,2.2279999999999998
1642,22.653964366524598,15,10,2.21
1643,3.1051720662238003,13,12,2.2319999999999998
1644,14.597943397135754,14,11,2.206
1645,13.968679874953938,14,11,2.126
1646,2.8035175389914126,13,12,2.244
1647,13.59643775258121,14,11,2.2800000000000002
1648,32.34820427530589,16,9,2.198
1649,24.031863724344227,15,10,2.2
1650,23.66649505792432,15,10,2.196
1651,23.9613430626316,15,10,2.164
1652,23.013268208509032,15,10,2.2220000000000004
1653,12.613147376496153,14,11,2.218
1654,22.42795157579919,15,10,2.1819999999999995
1655,24.251108789540858,15,10,2.226
1656,4.6821304405921005,13,12,2.1899999999999995
1657,22.629173102383756,15,10,2.196
1658,2.4488242973473304,13,12,2.2660000000000005
1659,13.479513370135868,14,11,2.134
1660,24.1893460063378,15,10,2.24
1661,23.383088608000957,15,10,2.242
1662,23.667078341709463,15,10,2.1740000000000004
1663,12.857743869442064,14,11,2.2299999999999995
1664,14.636982957952226,14,11,2.1919999999999997
1665,12.580220400436035,14,11,2.1860000000000004
1666,4.439907795941689,13,12,2.28
1667,13.682300750442003,14,11,2.1919999999999997
1668,22.94714247005677,15,10,2.2920000000000003
1669,13.555036366889512,14,11,2.2759999999999994
1670,13.620738431636173,14,11,2.2079999999999993
1671,12.191661147108682,14,11,2.234
1672,13.36398842104919,14,11,2.3360000000000003
1673,23.294955827006998,15,10,2.2559999999999993
1674,23.6896116387551,15,10,2.27
1675,12.864552599052912,14,11,2.202
1676,22.5390745175139,15,10,2.216
1677,24.24766285502061,15,10,2.2060000000000004
1678,12.58814921643285,14,11,2.146
1679,3.8045371596479196,13,12,2.2239999999999998
1680,14.162971634847956,14,11,2.2199999999999998
1681,23.41420452148585,15,10,2.2020000000000004
1682,23.478907905653305,15,10,2.2339999999999995
1683,22.912294202233632,15,10,2.2439999999999998
1684,12.248359592209122,14,11,2.182
1685,13.769019521173583,14,11,2.268
1686,23.778027893051817,15,10,2.194
1687,13.21870864425156,14,11,2.218
1688,23.422335569502863,15,10,2.294
1689,33.59835942234192,16,9,2.1559999999999997
1690,33.55897728401172,16,9,2.196
1691,24.53294723623431,15,10,2.238
1692,34.69227974369955,16,9,2.2540000000000004
1693,23.639847018665098,15,10,2.226
1694,13.97236085135436,14,11,2.262
1695,13.253585729706968,14,11,2.1879999999999997
1696,35.82489932997043,16,9,2.1540000000000004
1697,13.641139995575067,14,11,2.12
1698,22.4304423571047,15,10,2.3
1699,23.141875159656472,15,10,2.168
1700,14.713454513711028,14,11,2.2439999999999998
1701,22.68348406977776,15,10,2.2520000000000007
1702,33.911643939979975,16,9,2.2439999999999998
1703,23.01376549744959,15,10,2.306
1704,23.924982461191156,15,10,2.256
1705,22.561211361574475,15,10,2.12
1706,12.69637134175139,14,11,2.214
1707,-8.287556462554946,12,13,2.202
1708,22.882813362989182,15,10,2.276
1709,23.032952623041083,15,10,2.212
1710,4.137210490673797,13,12,2.2139999999999995
1711,4.00923877078729,13,12,2.2560000000000002
1712,3.2992178156226775,13,12,2.178
1713,23.73779653155883,15,10,2.204
1714,14.270294710700565,14,11,2.31
1715,12.974291558751487,14,11,2.246
1716,24.305717517684556,15,10,2.262
1717,24.065915860343154,15,10,2.2339999999999995
1718,13.951993153040453,14,11,2.256
1719,22.918235062921656,15,10,2.184
1720,24.349883327739363,15,10,2.044
1721,23.270745056527353,15,10,2.22
1722,13.387381710082563,14,11,2.284
1723,13.84526721503472,14,11,2.2
1724,14.849322097736971,14,11,2.2739999999999996
1725,22.982061615047794,15,10,2.118
1726,23.379094214349728,15,10,2.216
1727,14.453339392395629,14,11,2.342
1728,23.15562407477358,15,10,2.23
1729,23.88843382823143,15,10,2.226
1730,12.788854076287663,14,11,2.314
1731,23.73002682015569,15,10,2.2499999999999996
1732,23.08732681750222,15,10,2.144
1733,2.5510562481090866,13,12,2.3520000000000003
1734,23.124602157699808,15,10,2.2520000000000002
1735,21.8143474449648,15,10,2.224
1736,22.4289816013833,15,10,2.314
1737,25.139630301831634,15,10,2.178
1738,23.128484587546154,15,10,2.254
1739,22.762875667111857,15,10,2.2139999999999995
1740,33.45416176641547,16,9,2.158
1741,12.512645042123774,14,11,2.218
1742,24.132554840289348,15,10,2.26
1743,2.994202325541474,13,12,2.252
1744,13.179344491475817,14,11,2.226
1745,11.800808981301218,14,11,2.15
1746,23.165844547369637,15,10,2.162
1747,23.742033144774734,15,10,2.25
1748,22.67204930745555,15,10,2.2880000000000003
1749,23.720291346552067,15,10,2.244
1750,3.5829889146673466,13,12,2.2380000000000004
1751,24.479953208627464,15,10,2.1920000000000006
1752,13.316734001248694,14,11,2.1900000000000004
1753,23.600432575657962,15,10,2.15
1754,14.640801830247018,14,11,2.252
1755,44.02864551588996,17,8,2.1759999999999997
1756,-6.72406474171991,12,13,2.196
1757,23.38448660167447,15,10,2.2600000000000002
1758,12.444399510937592,14,11,2.218
1759,13.921845802751827,14,11,2.212
1760,24.382440103675798,15,10,2.2319999999999998
1761,13.329500517853337,14,11,2.242
1762,34.12194688573301,16,9,2.1740000000000004
1763,23.009273640962583,15,10,2.158
1764,33.8045395666918,16,9,2.194
1765,14.382268452791678,14,11,2.23
1766,23.526750393502674,15,10,2.286
1767,23.156111699662723,15,10,2.216
1768,23.525320324071167,15,10,2.2859999999999996
1769,23.20407940897926,15,10,2.3499999999999996
1770,24.385443296942142,15,10,2.14
1771,13.686378803794415,14,11,2.178
1772,24.26557373606056,15,10,2.29
1773,22.460883449865577,15,10,2.2499999999999996
1774,14.159994686098722,14,11,2.194
1775,23.03452616094356,15,10,2.2060000000000004
1776,23.605154999377582,15,10,2.18
1777,13.527709280515147,14,11,2.2920000000000003
1778,24.256510699744723,15,10,2.1719999999999997
1779,23.553459662717877,15,10,2.282
1780,23.426883770247045,15,10,2.254
1781,13.281167403563003,14,11,2.258
1782,13.635239059785054,14,11,2.228
1783,13.125352635335865,14,11,2.336
1784,14.385323209767293,14,11,2.2779999999999996
1785,-5.497144172432926,12,13,2.2880000000000003
1786,23.202218122259836,15,10,2.324
1787,23.331831271158393,15,10,2.252
1788,12.877429107454365,14,11,2.1339999999999995
1789,24.32055692653237,15,10,2.33
1790,24.496448926137894,15,10,2.308
1791,24.0886048304378,15,10,2.192
1792,23.299810907181474,15,10,2.282
1793,13.528505311775369,14,11,2.2520000000000002
1794,3.990023449055964,13,12,2.2399999999999998
1795,23.62212386062565,15,10,2.1300000000000003
1796,23.847361762284216,15,10,2.142
1797,14.663474643551119,14,11,2.132
1798,24.46458454880836,15,10,2.2879999999999994
1799,23.67307724336772,15,10,2.218
1800,13.955738950061074,14,11,2.2119999999999997
1801,13.296029934985711,14,11,2.2359999999999998
1802,42.39813340394955,17,8,2.25
1803,13.925481224204827,14,11,2.3080000000000003
1804,24.769271985859437,15,10,2.214
1805,23.6291502514574,15,10,2.2500000000000004
1806,34.27996260957534,16,9,2.316
1807,13.595977880401126,14,11,2.186
1808,24.147147834504892,15,10,2.2319999999999998
1809,24.040539239563046,15,10,2.184
1810,23.97509317361922,15,10,2.313999999999999
1811,23.7252911481754,15,10,2.232
1812,22.676730869602594,15,10,2.266
1813,3.544180485967612,13,12,2.252
1814,33.31237355534727,16,9,2.2299999999999995
1815,24.06649578265975,15,10,2.216
1816,23.568730612339184,15,10,2.216
1817,22.75298494319935,15,10,2.1759999999999997
1818,14.518819070988599,14,11,2.234
1819,4.42305200231298,13,12,2.242
1820,14.382856452900878,14,11,2.1540000000000004
1821,22.577843247663633,15,10,2.21
1822,4.041872011737125,13,12,2.2760000000000002
1823,32.575211452434516,16,9,2.206
1824,23.097107103513324,15,10,2.168
1825,23.026275670923045,15,10,2.274
1826,33.1290694787515,16,9,2.2540000000000004
1827,23.024598695125302,15,10,2.254
1828,23.61806638984513,15,10,2.18
1829,23.150383515168272,15,10,2.23
1830,-5.156344263334429,12,13,2.226
1831,33.086161337860545,16,9,2.202
1832,-16.150119534263176,11,14,2.198
1833,22.93887027677787,15,10,2.178
1834,22.788355231976617,15,10,2.2340000000000004
1835,24.06594516669493,15,10,2.18
1836,2.5325269431380457,13,12,2.1879999999999997
1837,33.851844354742994,16,9,2.272
1838,14.447847548493653,14,11,2.37
1839,24.039958823737685,15,10,2.1620000000000004
1840,23.171328114258756,15,10,2.23
1841,13.30451381181358,14,11,2.23
1842,22.732841638671545,15,10,2.124
1843,23.85629444107236,15,10,2.2039999999999997
1844,23.056398823014337,15,10,2.2060000000000004
1845,14.316295117348732,14,11,2.266
1846,22.35424776103869,15,10,2.282
1847,4.126801470283363,13,12,2.228
1848,12.900422214473387,14,11,2.194
1849,24.397257500783823,15,10,2.208
1850,22.923968857503784,15,10,2.202
1851,22.85769804588092,15,10,2.32
1852,23.750578819012528,15,10,2.2339999999999995
1853,13.085912624271055,14,11,2.2199999999999998
1854,23.848947471106452,15,10,2.16
1855,13.68269895336273,14,11,2.1460000000000004
1856,32.7399225746903,16,9,2.26
1857,14.13716221821419,14,11,2.2299999999999995
1858,2.4420280871880475,13,12,2.2659999999999996
1859,34.31239391848968,16,9,2.242
1860,14.734371022291961,14,11,2.202
1861,23.07207536936228,15,10,2.182
1862,13.119059433511387,14,11,2.322
1863,24.340363922752736,15,10,2.196
1864,33.51734030175382,16,9,2.2640000000000002
1865,23.14318708975418,15,10,2.21
1866,24.43959658595733,15,10,2.3299999999999996
1867,23.192453550929024,15,10,2.226
1868,34.34034634037678,16,9,2.202
1869,22.009649045494328,15,10,2.1900000000000004
1870,22.016239903379464,15,10,2.226
1871,23.626437367567675,15,10,2.222
1872,3.3828548202199924,13,12,2.218
1873,12.824673397496706,14,11,2.2560000000000002
1874,13.640438434750989,14,11,2.194
1875,14.459834444137094,14,11,2.27
1876,14.32009582758781,14,11,2.1860000000000004
1877,22.991207399022095,15,10,2.1919999999999997
1878,22.95539575360243,15,10,2.2960000000000003
1879,32.12419504903537,16,9,2.1159999999999997
1880,24.601220632937633,15,10,2.2359999999999998
1881,13.96687355481593,14,11,2.3
1882,3.5949767258466094,13,12,2.276
1883,23.069591348400195,15,10,2.2020000000000004
1884,23.657849895943944,15,10,2.178
1885,14.31987842989274,14,11,2.274
1886,12.901380155239787,14,11,2.22
1887,23.919560709017016,15,10,2.2
1888,22.248559425352358,15,10,2.2300000000000004
1889,23.814259186768286,15,10,2.2179999999999995
1890,33.873884942096005,16,9,2.224
1891,3.4690962407144834,13,12,2.2559999999999993
1892,2.4579514075599893,13,12,2.262
1893,23.140259200274443,15,10,2.316
1894,44.57136901853841,17,8,2.156
1895,32.182850431630136,16,9,2.156
1896,24.22674272597921,15,10,2.164
1897,13.820084849781184,14,11,2.232
1898,23.084636892238535,15,10,2.168
1899,23.860757485163894,15,10,2.228
1900,13.231166243402276,14,11,2.26
1901,12.576252392867762,14,11,2.162
1902,23.115656084799706,15,10,2.2640000000000002
1903,23.016245210409636,15,10,2.1860000000000004
1904,13.566943682404762,14,11,2.2239999999999998
1905,3.0810081099686952,13,12,2.286
1906,24.985240730930087,15,10,2.2419999999999995
1907,22.526591244294462,15,10,2.1060000000000003
1908,24.260152659961264,15,10,2.232
1909,4.396981163008873,13,12,2.2199999999999998
1910,24.228136937232648,15,10,2.26
1911,23.612808788338906,15,10,2.2199999999999998
1912,33.51474065692831,16,9,2.192
1913,13.590734281950093,14,11,2.208
1914,23.272749663944055,15,10,2.214
1915,12.926889400035515,14,11,2.228
1916,21.61651224982175,15,10,2.2060000000000004
1917,23.95817573975363,15,10,2.1759999999999997
1918,13.57755718419251,14,11,2.2479999999999998
1919,32.965184115741174,16,9,2.274
1920,13.505848436878363,14,11,2.2380000000000004
1921,22.15544886923922,15,10,2.298
1922,15.211317033805042,14,11,2.182
1923,33.64634310080321,16,9,2.162
1924,23.12864385430028,15,10,2.236
1925,3.9425030628148683,13,12,2.162
1926,14.961080405662333,14,11,2.2640000000000002
1927,3.4082733389386943,13,12,2.1659999999999995
1928,4.509237883066782,13,12,2.152
1929,13.665245811787532,14,11,2.156
1930,12.17181010048843,14,11,2.232
1931,22.05427378224853,15,10,2.266
1932,13.243021366790325,14,11,2.2479999999999998
1933,33.33835014512314,16,9,2.21
1934,13.364857268181073,14,11,2.2459999999999996
1935,23.134355582761597,15,10,2.1340000000000003
1936,23.240183186929745,15,10,2.25
1937,12.526670945007094,14,11,2.168
1938,13.64283023537914,14,11,2.17
1939,13.298459702783454,14,11,2.246
1940,23.347211748933514,15,10,2.3040000000000003
1941,4.343753726980096,13,12,2.349999999999999
1942,14.58444541547447,14,11,2.3460000000000005
1943,23.281249546470796,15,10,2.2620000000000005
1944,24.0020980881729,15,10,2.1799999999999997
1945,11.71257365202242,14,11,2.302
1946,13.504045551418052,14,11,2.3280000000000003
1947,22.841839857085738,15,10,2.218
1948,23.303362917838022,15,10,2.2119999999999997
1949,34.13288313459061,16,9,2.21
1950,13.870946305503026,14,11,2.268
1951,23.333137038629843,15,10,2.194
1952,12.575403461468287,14,11,2.2800000000000002
1953,13.86144405386575,14,11,2.2119999999999997
1954,-7.56749947146356,12,13,2.204
1955,24.214683970620023,15,10,2.278
1956,23.147627851964437,15,10,2.254
1957,34.657527230073214,16,9,2.27
1958,14.301810552833214,14,11,2.2399999999999998
1959,13.75052089380316,14,11,2.242
1960,23.690022455250237,15,10,2.2100000000000004
1961,33.629436654908986,16,9,2.218
1962,23.357702266674107,15,10,2.2359999999999998
1963,-7.273084299541553,12,13,2.2720000000000002
1964,13.593945222652735,14,11,2.3
1965,22.915001080821717,15,10,2.2180000000000004
1966,13.07792585860367,14,11,2.2659999999999996
1967,23.52058633102176,15,10,2.228
1968,22.831027307495393,15,10,2.1820000000000004
1969,23.747140939022742,15,10,2.22
1970,23.898644495173247,15,10,2.152
1971,12.825408945248192,14,11,2.21
1972,23.39550300337361,15,10,2.254
1973,23.637105859874374,15,10,2.258
1974,3.267212263959328,13,12,2.152
1975,22.068078327828534,15,10,2.188
1976,22.260384605194794,15,10,2.2120000000000006
1977,14.248667317915057,14,11,2.268
1978,33.22335535172184,16,9,2.3200000000000003
1979,24.014181217622717,15,10,2.238
1980,24.08366758675097,15,10,2.226
1981,23.284065660311573,15,10,2.226
1982,33.8302567769984,16,9,2.2060000000000004
1983,23.639692204381607,15,10,2.192
1984,23.234677754396664,15,10,2.1860000000000004
1985,23.85844830201661,15,10,2.4200000000000004
1986,23.39845978224762,15,10,2.2359999999999998
1987,24.035431769789696,15,10,2.132
1988,13.24120202947979,14,11,2.232
1989,22.34604183889048,15,10,2.278
1990,13.36280338244736,14,11,2.2060000000000004
1991,23.573699486214316,15,10,2.236
1992,12.830801460105352,14,11,2.2080000000000006
1993,22.9126231496041,15,10,2.214
1994,13.033359731519116,14,11,2.282
1995,2.0639420821427485,13,12,2.202
1996,3.9730843219746808,13,12,2.2339999999999995
1997,23.13246678617928,15,10,2.19
1998,13.756890775179532,14,11,2.354
1999,3.5954407512882733,13,12,2.154
2000,24.786558527303836,15,10,2.2779999999999996
2001,24.101245467274943,15,10,2.176
2002,24.276336278986854,15,10,2.3099999999999996
2003,12.80574313059665,14,11,2.272
2004,4.004241512639382,13,12,2.2699999999999996
2005,33.67346053456183,16,9,2.1940000000000004
2006,23.918315342932956,15,10,2.202
2007,14.352669865738239,14,11,2.2
2008,22.82840724661895,15,10,2.2619999999999996
2009,14.520281997265396,14,11,2.0799999999999996
2010,23.85346285270837,15,10,2.14
2011,32.58540099960487,16,9,2.1980000000000004
2012,23.81937232171213,15,10,2.2199999999999998
2013,23.49394976645925,15,10,2.17
2014,12.3326552678375,14,11,2.2180000000000004
2015,4.879941825509951,13,12,2.208
2016,3.9316078577411684,13,12,2.142
2017,25.385413742998153,15,10,2.2299999999999995
2018,22.110780574783597,15,10,2.246
2019,23.20846685082408,15,10,2.282
2020,24.705578781383032,15,10,2.248
2021,-5.359121354565195,12,13,2.2820000000000005
2022,23.098674432410778,15,10,2.224
2023,22.843250832121726,15,10,2.242
2024,24.29189314304404,15,10,2.2640000000000002
2025,24.353053598407392,15,10,2.322
2026,13.272027356422047,14,11,2.176
2027,22.892021083889727,15,10,2.212
2028,23.576554941575512,15,10,2.21
2029,22.536616103492495,15,10,2.272
2030,23.339210730804673,15,10,2.18
2031,22.97681811724213,15,10,2.2019999999999995
2032,24.655549955792534,15,10,2.246
2033,23.262387970579635,15,10,2.288
2034,13.32752526570801,14,11,2.1819999999999995
2035,22.548960687211366,15,10,2.138
2036,2.814954650227028,13,12,2.234
2037,23.85712442834307,15,10,2.2599999999999993
2038,13.571165878532085,14,11,2.1799999999999997
2039,23.42173796008648,15,10,2.2720000000000002
2040,33.35202611979003,16,9,2.244
2041,13.743246290110797,14,11,2.196
2042,22.505058890186927,15,10,2.1399999999999997
2043,2.6580437639469165,13,12,2.246
2044,13.314135356799763,14,11,2.226
2045,23.34910751942389,15,10,2.2340000000000004
2046,32.92244030604061,16,9,2.132
2047,22.71284286976477,15,10,2.194
2048,23.730387713985955,15,10,2.274
2049,14.74747050211636,14,11,2.284
2050,24.203598045634898,15,10,2.2119999999999997
2051,23.758609346793687,15,10,2.238
2052,23.805480121600123,15,10,2.232
2053,12.579908956827982,14,11,2.2840000000000003
2054,3.8529150217914827,13,12,2.3200000000000003
2055,44.13516550799983,17,8,2.2979999999999996
2056,23.66412042791716,15,10,2.192
2057,3.689180032622425,13,12,2.1980000000000004
2058,4.409518354276452,13,12,2.186
2059,24.57812791379392,15,10,2.224
2060,24.48191218937244,15,10,2.246
2061,22.985645429619083,15,10,2.2239999999999998
2062,23.431770713956638,15,10,2.266
2063,3.5546562868355682,13,12,2.168
2064,22.929441607093572,15,10,2.258
2065,22.86882046909699,15,10,2.228
2066,12.774099254865295,14,11,2.25
2067,33.34859689186729,16,9,2.23
2068,22.92715746224802,15,10,2.1640000000000006
2069,24.371484371146664,15,10,2.3120000000000003
2070,13.955121223548463,14,11,2.132
2071,13.155818548716265,14,11,2.162
2072,34.192355282411555,16,9,2.2640000000000002
2073,13.795367253710904,14,11,2.25
2074,22.999348685379154,15,10,2.234
2075,13.684104238424082,14,11,2.27
2076,13.695548765626217,14,11,2.186
2077,13.622709230604372,14,11,2.2060000000000004
2078,2.928018034194647,13,12,2.192
2079,13.96651016881593,14,11,2.258
2080,23.763626390161452,15,10,2.272
2081,22.495630001006788,15,10,2.246
2082,12.788385454162903,14,11,2.1860000000000004
2083,33.3893599377444,16,9,2.226
2084,13.632728425785778,14,11,2.2500000000000004
2085,33.00666463062943,16,9,2.1860000000000004
2086,42.987308333928915,17,8,2.084
2087,13.505004848594982,14,11,2.2039999999999997
2088,13.42263469222462,14,11,2.2779999999999996
2089,23.824129612494993,15,10,2.238
2090,32.77604364296082,16,9,2.274
2091,12.311452293291893,14,11,2.22
2092,12.694707659132183,14,11,2.2239999999999998
2093,33.849014214311836,16,9,2.1000000000000005
2094,23.992674280479346,15,10,2.13
2095,13.744231365722781,14,11,2.188
2096,23.712727507980013,15,10,2.146
2097,33.32874174467877,16,9,2.152
2098,23.254641693445983,15,10,2.156
2099,23.553310713502068,15,10,2.296
2100,23.43681545438243,15,10,2.188
2101,32.66961880888525,16,9,2.3300000000000005
2102,33.09774175255189,16,9,2.1100000000000003
2103,14.701526740568134,14,11,2.246
2104,21.930806975537074,15,10,2.25
2105,14.656383516225661,14,11,2.2060000000000004
2106,23.03620323047179,15,10,2.23
2107,23.940354682579148,15,10,2.1900000000000004
2108,23.28334371506303,15,10,2.2180000000000004
2109,14.05656994696902,14,11,2.1519999999999997
2110,33.955896985934686,16,9,2.226
2111,2.868481160723365,13,12,2.3020000000000005
2112,13.293169520542264,14,11,2.254
2113,23.275824462420193,15,10,2.2039999999999997
2114,22.74653497959447,15,10,2.232
2115,11.966041889249396,14,11,2.1399999999999997
2116,23.398990133897698,15,10,2.1839999999999997
2117,24.298481240008478,15,10,2.304
2118,12.989051051030543,14,11,2.286
2119,13.267164244606938,14,11,2.274
2120,12.815484247463868,14,11,2.226
2121,24.166980953313033,15,10,2.2960000000000003
2122,32.44474729662561,16,9,2.242
2123,24.87411127255355,15,10,2.2399999999999998
2124,23.310986535539307,15,10,2.2700000000000005
2125,34.61518810657254,16,9,2.174
2126,14.295131835828842,14,11,2.1480000000000006
2127,13.780730215298027,14,11,2.202
2128,12.45092343644087,14,11,2.2540000000000004
2129,23.196955729549067,15,10,2.216
2130,24.600005713651175,15,10,2.2359999999999998
2131,23.932882584817627,15,10,2.2760000000000002
2132,24.348674091427103,15,10,2.234
2133,22.096497880468156,15,10,2.2659999999999996
2134,23.312383200086696,15,10,2.25
2135,22.711769741817832,15,10,2.226
2136,13.814905563731097,14,11,2.2479999999999998
2137,23.491123603171083,15,10,2.188
2138,33.62122298243638,16,9,2.1420000000000003
2139,13.561326641643104,14,11,2.24
2140,34.141478361039574,16,9,2.298
2141,22.67511190385503,15,10,2.1839999999999997
2142,23.471939511383518,15,10,2.112
2143,23.996584507810528,15,10,2.2120000000000006
2144,23.348521103634248,15,10,2.222
2145,34.31522355930496,16,9,2.268
2146,13.09537078118263,14,11,2.21
2147,23.324407356724976,15,10,2.202
2148,13.279833322309166,14,11,2.12
2149,23.60679670081009,15,10,2.3019999999999996
2150,34.2565118769641,16,9,2.188
2151,24.465996471742333,15,10,2.332
2152,33.823404779597055,16,9,2.2079999999999997
2153,24.599083925496203,15,10,2.2640000000000002
2154,14.155492890380078,14,11,2.122
2155,23.399675064357805,15,10,2.1580000000000004
2156,22.797160148234873,15,10,2.252
2157,13.032444646164887,14,11,2.246
2158,43.48159243813609,17,8,2.1979999999999995
2159,43.65850299935268,17,8,2.214
2160,24.213889996442823,15,10,2.218
2161,12.505182944803366,14,11,2.2119999999999997
2162,32.89782900602817,16,9,2.2199999999999998
2163,22.937326360304272,15,10,2.176
2164,23.776947590919033,15,10,2.146
2165,13.490074654922088,14,11,2.242
2166,32.704224373650966,16,9,2.19
2167,23.51241581075685,15,10,2.1860000000000004
2168,34.106250284981854,16,9,2.194
2169,13.513931783513843,14,11,2.276
2170,3.568692435026751,13,12,2.1719999999999997
2171,2.647987455319276,13,12,2.2960000000000003
2172,23.00193321883864,15,10,2.272
2173,23.50875290073941,15,10,2.23
2174,23.015050312843204,15,10,2.1879999999999997
2175,23.356074161447225,15,10,2.13
2176,24.823560730986156,15,10,2.186
2177,24.159064584655887,15,10,2.2720000000000002
2178,13.015885232917194,14,11,2.2660000000000005
2179,33.61645918534458,16,9,2.2060000000000004
2180,23.21574324102589,15,10,2.224
2181,22.21490408172394,15,10,2.2319999999999998
2182,13.4784137312406,14,11,2.2039999999999997
2183,22.93390992164635,15,10,2.248
2184,24.79071973704203,15,10,2.268
2185,23.677488184559174,15,10,2.226
2186,13.893226195909962,14,11,2.332
2187,23.736004203169664,15,10,2.19
2188,11.77905632446501,14,11,2.286
2189,23.750238308234806,15,10,2.368
2190,13.357978244101059,14,11,2.018
2191,34.00289416443238,16,9,2.3259999999999996
2192,23.130467346532978,15,10,2.2079999999999997
2193,12.652768662128864,14,11,2.246
2194,22.997649454117337,15,10,2.2380000000000004
2195,24.38229415413328,15,10,2.2
2196,23.226335863992972,15,10,2.2279999999999998
2197,23.707257517431295,15,10,2.208
2198,33.455794385390575,16,9,2.2720000000000002
2199,13.229413450865161,14,11,2.2800000000000002
2200,2.1959734729922653,13,12,2.318
2201,13.828662702806728,14,11,2.242
2202,-6.453811592478898,12,13,2.214
2203,2.568213567901517,13,12,2.2060000000000004
2204,14.836610152295506,14,11,2.13
2205,23.986042876684174,15,10,2.176
2206,11.36207247020743,14,11,2.156
2207,13.792069044931614,14,11,2.218
2208,22.75114345933881,15,10,2.314
2209,2.3387853487792336,13,12,2.314
2210,23.942530913484457,15,10,2.3
2211,24.201635772897973,15,10,2.2979999999999996
2212,12.030160977003462,14,11,2.128
2213,12.481897206036482,14,11,2.312
2214,33.78026518433054,16,9,2.252
2215,23.04685883237184,15,10,2.4139999999999997
2216,24.084279383544878,15,10,2.2299999999999995
2217,33.39597334402567,16,9,2.178
2218,5.133058720803881,13,12,2.216
2219,23.101818371650022,15,10,2.2260000000000004
2220,13.676226653946362,14,11,2.154
2221,23.099224782018158,15,10,2.2719999999999994
2222,33.728821216078785,16,9,2.242
2223,23.079142735595156,15,10,2.1959999999999997
2224,24.068996800243582,15,10,2.2760000000000002
2225,2.179701143742763,13,12,2.278
2226,23.252489428072103,15,10,2.2039999999999997
2227,14.001684671089562,14,11,2.2380000000000004
2228,22.690354002293883,15,10,2.218
2229,22.443566553224215,15,10,2.2339999999999995
2230,12.855467651117673,14,11,2.22
2231,22.142635470600673,15,10,2.1900000000000004
2232,14.970382336538929,14,11,2.202
2233,13.214048355178871,14,11,2.2060000000000004
2234,14.327006513824237,14,11,2.2699999999999996
2235,13.099156692949812,14,11,2.234
2236,14.250824830807964,14,11,2.12
2237,24.05687027342455,15,10,2.274
2238,43.14202466532462,17,8,2.2399999999999998
2239,23.456861926490326,15,10,2.188
2240,23.391532546526534,15,10,2.274
2241,23.958756861963256,15,10,2.194
2242,13.084067562147137,14,11,2.2560000000000002
2243,22.48084684745516,15,10,2.194
2244,13.292269979494549,14,11,2.252
2245,13.583948643196361,14,11,2.2
2246,3.228244758559553,13,12,2.146
2247,13.099561343396902,14,11,2.2119999999999997
2248,12.632800282530951,14,11,2.2260000000000004
2249,13.10782687936545,14,11,2.1960000000000006
2250,22.902725319451704,15,10,2.28
2251,33.41762457346763,16,9,2.17
2252,23.46861690922634,15,10,2.2
2253,13.188944992716163,14,11,2.2
2254,13.742041772792257,14,11,2.262
2255,23.88243624058524,15,10,2.274
2256,22.81477956625756,15,10,2.2060000000000004
2257,22.719755423050337,15,10,2.272
2258,22.98843258145617,15,10,2.2860000000000005
2259,24.388479785137594,15,10,2.172
2260,13.181469457783919,14,11,2.2819999999999996
2261,33.96092121764648,16,9,2.1979999999999995
2262,13.75245695709484,14,11,2.216
2263,34.308200839239895,16,9,2.196
2264,12.607202589921004,14,11,2.308
2265,24.167504581221138,15,10,2.206
2266,32.75187541865344,16,9,2.21
2267,3.6155115496344683,13,12,2.198
2268,12.43000819605043,14,11,2.21
2269,14.021712678135014,14,11,2.14
2270,23.947785315461985,15,10,2.226
2271,3.1803290900849124,13,12,2.1720000000000006
2272,13.007849382804226,14,11,2.244
2273,23.253223870751178,15,10,2.2560000000000002
2274,12.916073574345038,14,11,2.2340000000000004
2275,33.895352597432115,16,9,2.224
2276,12.93580364474024,14,11,2.234
2277,23.319133324616068,15,10,2.2340000000000004
2278,24.197658998488603,15,10,2.226
2279,33.36563894413541,16,9,2.238
2280,23.869360593635676,15,10,2.342
2281,23.93599017836785,15,10,2.2119999999999997
2282,23.989531311924885,15,10,2.18
2283,33.843974986131954,16,9,2.184
2284,44.56191614709264,17,8,2.322
2285,33.71268804222136,16,9,2.232
2286,23.48897972238579,15,10,2.1980000000000004
2287,23.071244832068132,15,10,2.2
2288,33.44815846380003,16,9,2.22
2289,23.235776995711817,15,10,2.1879999999999997
2290,13.686991707166602,14,11,2.248
2291,13.563152577215227,14,11,2.254
2292,13.393487069170043,14,11,2.314
2293,23.41875748129295,15,10,2.22
2294,14.17200570682462,14,11,2.2539999999999996
2295,13.832155412244294,14,11,2.2860000000000005
2296,23.431275296076997,15,10,2.158
2297,13.840032463017392,14,11,2.2500000000000004
2298,24.049554802318823,15,10,2.194
2299,33.96080697786206,16,9,2.2779999999999996
2300,24.428022440211375,15,10,2.164
2301,23.36091108691794,15,10,2.1420000000000003
2302,24.494076339324476,15,10,2.192
2303,13.286388389069078,14,11,2.232
2304,24.43491707771228,15,10,2.29
2305,23.47810902131976,15,10,2.238
2306,22.915272846207326,15,10,2.2079999999999997
2307,13.987584619452592,14,11,2.13
2308,22.835490261575895,15,10,2.2020000000000004
2309,24.129987126580414,15,10,2.313999999999999
2310,24.516044668659774,15,10,2.136
2311,-7.527256189385156,12,13,2.21
2312,2.778742260929228,13,12,2.256
2313,23.11954959949421,15,10,2.308
2314,24.038999660724567,15,10,2.246
2315,24.74748355569286,15,10,2.262
2316,23.10852512692765,15,10,2.3280000000000003
2317,23.637926685276714,15,10,2.306
2318,13.572883847964405,14,11,2.22
2319,34.40662392567143,16,9,2.2520000000000002
2320,23.130190914458982,15,10,2.2039999999999997
2321,24.496740578024877,15,10,2.2020000000000004
2322,24.079137906552027,15,10,2.254
2323,34.13057503412388,16,9,2.2239999999999998
2324,23.501349214450443,15,10,2.1660000000000004
2325,22.73642051900972,15,10,2.222
2326,32.99725731926432,16,9,2.2019999999999995
2327,34.597176102467486,16,9,2.2
2328,32.93139922242155,16,9,2.2199999999999998
2329,23.643836564069364,15,10,2.1919999999999997
2330,43.70404462267833,17,8,2.186
2331,24.089849724154284,15,10,2.174
2332,3.9594798917446994,13,12,2.1960000000000006
2333,22.444450785280395,15,10,2.1060000000000003
2334,23.269873861156192,15,10,2.2879999999999994
2335,2.411423423852113,13,12,2.128
2336,13.587818762576909,14,11,2.23
2337,34.61175523141719,16,9,2.17
2338,33.927129574473014,16,9,2.1420000000000003
2339,23.788743584455773,15,10,2.2140000000000004
2340,23.738992950111026,15,10,2.286
2341,14.482430209968069,14,11,2.1420000000000003
2342,43.81336039040123,17,8,2.306
2343,24.68037419309697,15,10,2.2359999999999998
2344,33.740001699857714,16,9,2.302
2345,33.11367124496759,16,9,2.21
2346,25.253911482824677,15,10,2.162
2347,23.404995751409057,15,10,2.188
2348,23.44342471761242,15,10,2.2239999999999998
2349,23.627749377653764,15,10,2.2359999999999998
2350,24.427230994872023,15,10,2.2100000000000004
2351,23.306123824840395,15,10,2.1719999999999997
2352,34.23276222633443,16,9,2.1879999999999997
2353,24.643165668760236,15,10,2.26
2354,13.986024627995882,14,11,2.23
2355,13.330998137282291,14,11,2.1800000000000006
2356,24.774749538188185,15,10,2.198
2357,3.464820900119867,13,12,2.268
2358,13.755598609344172,14,11,2.21
2359,24.54121727494334,15,10,2.16
2360,24.36851360568003,15,10,2.226
2361,23.68724682457001,15,10,2.2619999999999996
2362,23.84471167174849,15,10,2.31
2363,13.881334092878127,14,11,2.264
2364,14.616024704371736,14,11,2.166
2365,23.16599332985181,15,10,2.1979999999999995
2366,33.98224927235786,16,9,2.194
2367,22.565597422446537,15,10,2.152
2368,23.51048338268774,15,10,2.226
2369,22.872900206642633,15,10,2.2619999999999996
2370,13.563487958863803,14,11,2.286
2371,24.15432920214257,15,10,2.174
2372,13.728538784468585,14,11,2.164
2373,24.303366843137628,15,10,2.202
2374,45.36778465070451,17,8,2.25
2375,23.264640318860494,15,10,2.1979999999999995
2376,24.442085054977113,15,10,2.29
2377,13.47033033032786,14,11,2.23
2378,14.146999555335334,14,11,2.2660000000000005
2379,23.128023013440938,15,10,2.136
2380,23.883103038499797,15,10,2.1779999999999995
2381,24.249320949756992,15,10,2.212
2382,14.395313000620558,14,11,2.1740000000000004
2383,24.42818714021643,15,10,2.27
2384,34.130735913294416,16,9,2.1980000000000004
2385,34.950573640068626,16,9,2.2439999999999998
2386,4.661095855207847,13,12,2.188
2387,23.994349091608363,15,10,2.1740000000000004
2388,23.600580946533746,15,10,2.2359999999999998
2389,25.116980905415048,15,10,2.2700000000000005
2390,23.26261929839543,15,10,2.184
2391,24.079334053339885,15,10,2.22
2392,14.410351539205195,14,11,2.192
2393,14.397909347001109,14,11,2.208
2394,23.7210806463339,15,10,2.2640000000000002
2395,34.12651477190125,16,9,2.278
2396,13.17835163899771,14,11,2.192
2397,23.971378956131346,15,10,2.202
2398,23.17684984218309,15,10,2.2
2399,14.201079667906528,14,11,2.1999999999999997
2400,23.86234963886665,15,10,2.27
2401,3.5412735956951007,13,12,2.1720000000000006
2402,34.87882175551788,16,9,2.2960000000000003
2403,34.03034431114487,16,9,2.234
2404,23.527502162785634,15,10,2.1780000000000004
2405,14.266724236698888,14,11,2.178
2406,24.288013779949086,15,10,2.138
2407,43.15794061695753,17,8,2.338
2408,34.03274170952089,16,9,2.2740000000000005
2409,13.785651994079547,14,11,2.244
2410,24.059315779397437,15,10,2.166
2411,33.70791792822487,16,9,2.212
2412,23.47444423957994,15,10,2.178
2413,34.97742672227237,16,9,2.312
2414,33.36693300078565,16,9,2.2399999999999998
2415,25.252469799830333,15,10,2.3
2416,13.640920190785785,14,11,2.154
2417,23.217629964337455,15,10,2.2359999999999998
2418,24.80361825762647,15,10,2.154
2419,34.826589214817105,16,9,2.176
2420,33.822585903682764,16,9,2.2039999999999997
2421,25.305179902352787,15,10,2.1800000000000006
2422,23.82665046153738,15,10,2.2680000000000002
2423,34.412884752502315,16,9,2.2399999999999998
2424,34.748412110378474,16,9,2.282
2425,13.50143940105834,14,11,2.218
2426,-5.077212884624171,12,13,2.168
2427,13.629529974295682,14,11,2.2020000000000004
2428,14.553517339531272,14,11,2.228
2429,23.996686073189565,15,10,2.232
2430,13.054796584833074,14,11,2.204
2431,24.807212886134153,15,10,2.2660000000000005
2432,23.743205153155774,15,10,2.162
2433,12.892589128136327,14,11,2.2359999999999998
2434,35.21134815006361,16,9,2.242
2435,24.112543825986837,15,10,2.274
2436,24.929734584887644,15,10,2.214
2437,14.37888890973969,14,11,2.2819999999999996
2438,35.003173093015604,16,9,2.186
2439,35.447610494518706,16,9,2.21
2440,33.82332012768785,16,9,2.214
2441,23.895955999634502,15,10,2.2720000000000002
2442,22.674466861362717,15,10,2.17
2443,23.543230614022534,15,10,2.208
2444,34.681922351787875,16,9,2.288
2445,33.909051833808796,16,9,2.246
2446,13.023372620614069,14,11,2.2699999999999996
2447,24.112802985497083,15,10,2.1979999999999995
2448,33.65978015635097,16,9,2.216
2449,24.14095556948833,15,10,2.1340000000000003
2450,22.543138642194343,15,10,2.1160000000000005
2451,14.44727801316819,14,11,2.164
2452,2.82453067574223,13,12,2.258
2453,24.16493025076494,15,10,2.244
2454,43.298599686285364,17,8,2.246
2455,14.594658559717296,14,11,2.2499999999999996
2456,14.443734861548913,14,11,2.2239999999999998
2457,12.927440266484577,14,11,2.2680000000000002
2458,14.387106632940318,14,11,2.2079999999999997
2459,34.74721695221721,16,9,2.1079999999999997
2460,3.7718188053111765,13,12,2.168
2461,35.65752694794504,16,9,2.3200000000000003
2462,13.900762688428822,14,11,2.268
2463,23.66772564403302,15,10,2.13
2464,34.68472723957532,16,9,2.2239999999999998
2465,23.22847115542306,15,10,2.282
2466,3.818676907387914,13,12,2.1660000000000004
2467,13.61487138077651,14,11,2.214
2468,23.24901575921072,15,10,2.194
2469,33.94320232257632,16,9,2.1799999999999997
2470,34.55149092032676,16,9,2.196
2471,23.126010874033202,15,10,2.1759999999999997
2472,34.27262445359747,16,9,2.2179999999999995
2473,13.55857205260731,14,11,2.2359999999999998
2474,24.988146338685084,15,10,2.21
2475,24.355639640755655,15,10,2.254
2476,23.499403079847877,15,10,2.224
2477,23.513166923076383,15,10,2.164
2478,4.908346031287583,13,12,2.2079999999999997
2479,25.20132102279737,15,10,2.158
2480,33.853512236958835,16,9,2.154
2481,33.443701818827044,16,9,2.156
2482,33.270348184121666,16,9,2.282
2483,35.14177122660495,16,9,2.214
2484,33.37894782890646,16,9,2.242
2485,23.956203523610093,15,10,2.1460000000000004
2486,14.569864569428324,14,11,2.198
2487,24.182723578188885,15,10,2.1559999999999997
2488,24.60344314489654,15,10,2.1239999999999997
2489,24.665337929923197,15,10,2.2779999999999996
2490,14.624301119239366,14,11,2.262
2491,14.87968054129386,14,11,2.194
2492,14.32765123105583,14,11,2.2420000000000004
2493,33.66009493445125,16,9,2.2399999999999998
2494,25.796608807619076,15,10,2.306
2495,33.125267656680116,16,9,2.2380000000000004
2496,33.68681720494519,16,9,2.206
2497,33.50602384624427,16,9,2.206
2498,14.410788899536907,14,11,2.16
2499,14.123861026119162,14,11,2.21
2500,3.6416280936802394,13,12,2.208
2501,14.373492692142946,14,11,2.2720000000000002
2502,23.96956687863319,15,10,2.186
2503,24.007320422425728,15,10,2.1660000000000004
2504,23.353350298312805,15,10,2.168
2505,33.56203228639588,16,9,2.1699999999999995
2506,24.568123415679217,15,10,2.2359999999999998
2507,34.8214965598345,16,9,2.162
2508,34.7637877163474,16,9,2.13
2509,23.22979210847918,15,10,2.1879999999999997
2510,24.87467245946669,15,10,2.184
2511,24.25106884451934,15,10,2.188
2512,14.92044486474612,14,11,2.206
2513,33.87587169524694,16,9,2.246
2514,14.088834986589351,14,11,2.1740000000000004
2515,24.02181740071923,15,10,2.2380000000000004
2516,22.873135512866682,15,10,2.246
2517,45.38492854677899,17,8,2.2740000000000005
2518,33.793831733240424,16,9,2.1719999999999997
2519,24.795083071973178,15,10,2.268
2520,24.430212318159565,15,10,2.238
2521,35.162699935590425,16,9,2.192
2522,22.95351964115821,15,10,2.222
2523,22.928138301233698,15,10,2.176
2524,22.926821144188665,15,10,2.24
2525,4.7224773470067,13,12,2.17
2526,34.36115497061681,16,9,2.1719999999999997
2527,24.41046695821663,15,10,2.19
2528,23.50099101882161,15,10,2.258
2529,25.94960691209094,15,10,2.3779999999999997
2530,23.467313776286762,15,10,2.3000000000000003
2531,33.6993688713212,16,9,2.138
2532,25.277746327338765,15,10,2.2640000000000002
2533,23.863465627525525,15,10,2.3059999999999996
2534,35.02876369677152,16,9,2.254
2535,24.3116760962736,15,10,2.086
2536,24.226911942851892,15,10,2.24
2537,13.929950040946395,14,11,2.246
2538,24.35614389039534,15,10,2.1740000000000004
2539,23.96959610778339,15,10,2.184
2540,23.751821722527115,15,10,2.3139999999999996
2541,23.519116939230578,15,10,2.2540000000000004
2542,13.925004408070013,14,11,2.2119999999999997
2543,33.486018205725365,16,9,2.272
2544,35.18020956933301,16,9,2.1999999999999997
2545,35.168340692651626,16,9,2.2300000000000004
2546,23.965301087999716,15,10,2.278
2547,23.439808493455608,15,10,2.1760000000000006
2548,13.233645969140785,14,11,2.158
2549,14.390168779505094,14,11,2.244
2550,45.03205977891066,17,8,2.344
2551,23.760675135751995,15,10,2.206
2552,34.76515879484585,16,9,2.284
2553,33.50545304426019,16,9,2.166
2554,33.86725728899385,16,9,2.1979999999999995
2555,23.977431445172087,15,10,2.2039999999999997
2556,13.601368668306149,14,11,2.222
2557,23.500116395380093,15,10,2.156
2558,23.843731850387073,15,10,2.194
2559,14.760805984886346,14,11,2.172
2560,15.182048892239598,14,11,2.1740000000000004
2561,35.15982397595837,16,9,2.35
2562,24.52850803413487,15,10,2.156
2563,33.60853971314211,16,9,2.2
2564,23.664119188156107,15,10,2.202
2565,24.37180976859019,15,10,2.2760000000000007
2566,-6.213551529132008,12,13,2.1499999999999995
2567,24.465460449489004,15,10,2.274
2568,25.14930834420649,15,10,2.2640000000000002
2569,33.27906247378233,16,9,2.216
2570,15.026281479915053,14,11,2.274
2571,33.618963282533855,16,9,2.276
2572,32.86408936113378,16,9,2.274
2573,24.276501991425665,15,10,2.282
2574,23.892647904265555,15,10,2.2340000000000004
2575,44.41674840477471,17,8,2.254
2576,13.302148685106985,14,11,2.2299999999999995
2577,24.222387011939908,15,10,2.2
2578,23.671286029232693,15,10,2.2680000000000002
2579,23.73567286115927,15,10,2.2639999999999993
2580,24.170593096970492,15,10,2.17
2581,4.940984068871886,13,12,2.246
2582,43.74711143794782,17,8,2.248
2583,5.4729482122181805,13,12,2.222
2584,33.42662656650168,16,9,2.15
2585,22.68572858914463,15,10,2.276
2586,23.67855595643183,15,10,2.214
2587,24.477841037949723,15,10,2.254
2588,23.55008693249127,15,10,2.2039999999999997
2589,12.735284220086534,14,11,2.2439999999999998
2590,22.785129783858434,15,10,2.228
2591,35.02986631983049,16,9,2.282
2592,33.27453787739256,16,9,2.2659999999999996
2593,33.60209385985711,16,9,2.2140000000000004
2594,43.842431128994264,17,8,2.118
2595,24.196749979069125,15,10,2.192
2596,13.479682740821657,14,11,2.26
2597,34.7851515518208,16,9,2.25
2598,33.77510548346476,16,9,2.168
2599,33.70291435808435,16,9,2.2399999999999998
2600,32.47721648651759,16,9,2.218
2601,33.6358095020432,16,9,2.2280000000000006
2602,13.232832010343557,14,11,2.1980000000000004
2603,3.256259335535237,13,12,2.126
2604,25.237000610625763,15,10,2.258
2605,33.80594986987797,16,9,2.2479999999999998
2606,23.878405891590138,15,10,2.1159999999999997
2607,34.67213320011137,16,9,2.148
2608,14.246970640824637,14,11,2.2199999999999998
2609,24.40515796329362,15,10,2.2380000000000004
2610,4.034031515042343,13,12,2.294
2611,33.594769382762834,16,9,2.2359999999999998
2612,14.072216227390355,14,11,2.1820000000000004
2613,14.709967560186975,14,11,2.2239999999999998
2614,23.936475863770934,15,10,2.1559999999999997
2615,23.207936021097147,15,10,2.268
2616,33.879637893152236,16,9,2.19
2617,24.199386490504573,15,10,2.2340000000000004
2618,13.34358723837036,14,11,2.274
2619,32.19176735821902,16,9,2.1940000000000004
2620,33.33164742137657,16,9,2.1740000000000004
2621,44.39485800659383,17,8,2.25
2622,32.786782514798126,16,9,2.162
2623,13.681151195874394,14,11,2.238
2624,23.536844342743628,15,10,2.202
2625,35.06671356622766,16,9,2.1439999999999997
2626,34.298009383666596,16,9,2.3019999999999996
2627,24.283804962995124,15,10,2.214
2628,22.007097006661176,15,10,2.3
2629,12.332969026877489,14,11,2.196
2630,25.436814885291902,15,10,2.16
2631,24.82783350222055,15,10,2.3080000000000003
2632,23.140682631784294,15,10,2.266
2633,13.500882268451296,14,11,2.2359999999999998
2634,14.958101570300798,14,11,2.112
2635,24.214904374179124,15,10,2.1399999999999997
2636,14.105466108704483,14,11,2.326
2637,34.18285458100194,16,9,2.322
2638,33.68907058260806,16,9,2.152
2639,23.012897728750207,15,10,2.2460000000000004
2640,33.60621639740868,16,9,2.1700000000000004
2641,23.974023672225226,15,10,2.1940000000000004
2642,23.85082204594541,15,10,2.262
2643,44.32509808371759,17,8,2.2020000000000004
2644,-7.293541327297647,12,13,2.2559999999999993
2645,23.999894696753273,15,10,2.202
2646,33.92576492482112,16,9,2.182
2647,23.931748023452858,15,10,2.2399999999999998
2648,34.68482919019222,16,9,2.126
2649,33.76610133119381,16,9,2.2079999999999997
2650,14.349947587955935,14,11,2.144
2651,32.67658415511193,16,9,2.21
2652,24.10810523413224,15,10,2.204
2653,24.93074089227814,15,10,2.2
2654,33.26577902903834,16,9,2.274
2655,14.452274462600702,14,11,2.302
2656,13.400999136105321,14,11,2.2079999999999997
2657,25.340524986802514,15,10,2.18
2658,33.112307184322574,16,9,2.192
2659,32.89599382624947,16,9,2.156
2660,34.513810200288454,16,9,2.2759999999999994
2661,24.482506083908632,15,10,2.2
2662,24.62599801064048,15,10,2.1340000000000003
2663,34.71862798909747,16,9,2.1919999999999997
2664,34.676236131814925,16,9,2.28
2665,13.748118641848706,14,11,2.22
2666,23.65445313993434,15,10,2.2
2667,22.6635309330266,15,10,2.2020000000000004
2668,53.33028764156729,18,7,2.128
2669,24.094606158269833,15,10,2.248
2670,23.83002045853166,15,10,2.2779999999999996
2671,35.54278126042806,16,9,2.1960000000000006
2672,44.0566663266157,17,8,2.146
2673,24.134665583074284,15,10,2.278
2674,13.830427674665101,14,11,2.2359999999999998
2675,33.425262727789146,16,9,2.1820000000000004
2676,24.70263549049409,15,10,2.2640000000000002
2677,32.772396413716585,16,9,2.1159999999999997
2678,4.484648148795076,13,12,2.2039999999999997
2679,24.28731291752113,15,10,2.3259999999999996
2680,24.736768880899938,15,10,2.258
2681,34.518504799225724,16,9,2.306
2682,23.675728284847747,15,10,2.294
2683,12.936624010253459,14,11,2.236
2684,4.209003647367894,13,12,2.174
2685,23.594745127182797,15,10,2.196
2686,14.442537784160924,14,11,2.2199999999999998
2687,14.21203732378526,14,11,2.274
2688,24.52127212149208,15,10,2.2340000000000004
2689,33.94817766483729,16,9,2.202
2690,23.785649992975443,15,10,2.256
2691,34.59109732717258,16,9,2.338
2692,23.913647555257302,15,10,2.222
2693,13.70371453104468,14,11,2.25
2694,34.22031699752604,16,9,2.338
2695,12.638300569684276,14,11,2.194
2696,15.498039683978556,14,11,2.2119999999999997
2697,24.459432821966583,15,10,2.236
2698,23.24954922308226,15,10,2.2640000000000002
2699,23.43437948781255,15,10,2.318
2700,34.011696318810294,16,9,2.2640000000000002
2701,24.222925393462873,15,10,2.2499999999999996
2702,33.952844852626164,16,9,2.14
2703,23.25676744957758,15,10,2.1379999999999995
2704,12.635579406279254,14,11,2.2280000000000006
2705,22.726211404436384,15,10,2.204
2706,12.810117793889065,14,11,2.278
2707,3.8752975000975542,13,12,2.3259999999999996
2708,14.935658412712101,14,11,2.2380000000000004
2709,34.33831431386017,16,9,2.244
2710,24.182591224616367,15,10,2.166
2711,24.97034290908274,15,10,2.352
2712,24.00638110385939,15,10,2.238
2713,23.5843705105663,15,10,2.2199999999999998
2714,23.230562319469016,15,10,2.2700000000000005
2715,23.735049893723918,15,10,2.274
2716,33.71059844848945,16,9,2.2079999999999997
2717,13.684721089511687,14,11,2.308
2718,33.746691564995444,16,9,2.258
2719,14.070362688600394,14,11,2.232
2720,22.889658540507405,15,10,2.206
2721,23.926221551344444,15,10,2.226
2722,23.46782300514159,15,10,2.1020000000000003
2723,4.114522178247347,13,12,2.272
2724,33.43809478689726,16,9,2.244
2725,24.008269304642575,15,10,2.256
2726,34.27244031202118,16,9,2.242
2727,23.331452935080137,15,10,2.248
2728,34.263908086894205,16,9,2.274
2729,23.972022748378386,15,10,2.158
2730,33.73389309858601,16,9,2.2039999999999997
2731,23.42870850111646,15,10,2.2039999999999997
2732,33.81148982801037,16,9,2.166
2733,24.67284243383883,15,10,2.17
2734,34.43912996349387,16,9,2.286
2735,34.09173555557527,16,9,2.244
2736,22.51299951893324,15,10,2.254
2737,24.043465465979644,15,10,2.3140000000000005
2738,23.52221453988204,15,10,2.2119999999999997
2739,34.58261266161243,16,9,2.158
2740,44.16581026434207,17,8,2.136
2741,34.04116090588129,16,9,2.2540000000000004
2742,43.81285436528157,17,8,2.302
2743,14.083669193173852,14,11,2.2
2744,32.92192843016715,16,9,2.2060000000000004
2745,22.592647040131396,15,10,2.224
2746,33.168003229761396,16,9,2.3580000000000005
2747,24.631757254339096,15,10,2.1
2748,23.948052012708768,15,10,2.222
2749,34.17502847628925,16,9,2.178
2750,24.038776447466535,15,10,2.248
2751,33.634315524197525,16,9,2.1080000000000005
2752,33.826952843447025,16,9,2.198
2753,34.017870130232126,16,9,2.288
2754,34.02322265579923,16,9,2.246
2755,23.834168889169288,15,10,2.194
2756,23.673189604275088,15,10,2.252
2757,33.97829986123423,16,9,2.2640000000000002
2758,13.417341941519418,14,11,2.236
2759,23.432840491932772,15,10,2.2039999999999997
2760,34.158542634984066,16,9,2.228
2761,24.87503519019576,15,10,2.126
2762,24.227343058618477,15,10,2.192
2763,43.54593887096529,17,8,2.23
2764,24.752480600422217,15,10,2.194
2765,34.68006533544838,16,9,2.162
2766,24.53201415682876,15,10,2.22
2767,23.616231091706908,15,10,2.2079999999999997
2768,33.16101835511477,16,9,2.226
2769,34.177612432073616,16,9,2.222
2770,23.422956089773542,15,10,2.158
2771,23.74554332107861,15,10,2.2520000000000002
2772,32.89526168351261,16,9,2.242
2773,13.660860560115543,14,11,2.2599999999999993
2774,25.027051623034893,15,10,2.19
2775,23.823059192110378,15,10,2.278
2776,34.45279201746733,16,9,2.14
2777,22.517351107644497,15,10,2.178
2778,13.439384375802003,14,11,2.2080000000000006
2779,14.101889759388051,14,11,2.1980000000000004
2780,23.953581301810004,15,10,2.256
2781,33.50865436347505,16,9,2.18
2782,34.39693045051487,16,9,2.188
2783,44.69825581115674,17,8,2.2720000000000002
2784,24.88323142769942,15,10,2.252
2785,13.889479226385099,14,11,2.21
2786,44.530913466042726,17,8,2.282
2787,23.981721356897555,15,10,2.1719999999999997
2788,13.405911866567362,14,11,2.216
2789,14.3001898208438,14,11,2.254
2790,24.149631771536335,15,10,2.1800000000000006
2791,33.42451121117141,16,9,2.204
2792,33.57837729973616,16,9,2.298
2793,23.679607744630285,15,10,2.3
2794,23.537459985324496,15,10,2.1559999999999997
2795,32.67749672518632,16,9,2.216
2796,13.767018111708538,14,11,2.282
2797,13.532567345583828,14,11,2.1940000000000004
2798,23.548581323696382,15,10,2.24
2799,13.3666164241848,14,11,2.2640000000000002
2800,23.7944048468761,15,10,2.248
2801,33.776030541395656,16,9,2.226
2802,25.12442872482515,15,10,2.226
2803,25.00723009028334,15,10,2.2120000000000006
2804,35.091874100853815,16,9,2.1900000000000004
2805,33.81858631775913,16,9,2.218
2806,14.661540810562983,14,11,2.202
2807,23.845128416493612,15,10,2.174
2808,22.97740815888583,15,10,2.2199999999999998
2809,13.799060050752377,14,11,2.2920000000000003
2810,32.337380251602184,16,9,2.2060000000000004
2811,34.06619556114861,16,9,2.2880000000000003
2812,23.398130779351394,15,10,2.33
2813,34.49175055752923,16,9,2.19
2814,24.073392665176048,15,10,2.2939999999999996
2815,23.512909615973136,15,10,2.1740000000000004
2816,14.005627042651735,14,11,2.184
2817,35.111544891250155,16,9,2.27
2818,23.745721674782928,15,10,2.178
2819,24.566893730468887,15,10,2.1940000000000004
2820,34.9650808872983,16,9,2.2279999999999998
2821,24.10384077966053,15,10,2.1919999999999997
2822,23.72404441091851,15,10,2.126
2823,4.524281506320461,13,12,2.11
2824,33.76788152299903,16,9,2.2560000000000002
2825,34.49230899240315,16,9,2.3120000000000003
2826,34.19514349575762,16,9,2.1600000000000006
2827,23.825429468288565,15,10,2.2600000000000007
2828,33.53490962108933,16,9,2.168
2829,22.66705933752865,15,10,2.2
2830,23.551198226165216,15,10,2.2119999999999997
2831,23.61237299683971,15,10,2.2479999999999998
2832,24.21475319955773,15,10,2.194
2833,43.254588879933394,17,8,2.21
2834,14.173577083140579,14,11,2.284
2835,24.29833601642683,15,10,2.146
2836,24.1542229680604,15,10,2.1719999999999997
2837,33.43371868745196,16,9,2.2220000000000004
2838,-6.513983652650955,12,13,2.192
2839,33.39886441574838,16,9,2.16
2840,23.4416467275193,15,10,2.166
2841,13.89135296287047,14,11,2.222
2842,33.34406350073868,16,9,2.2540000000000004
2843,33.83823078003524,16,9,2.224
2844,13.248053255582564,14,11,2.29
2845,14.483896587744297,14,11,2.2119999999999997
2846,24.383566029176276,15,10,2.232
2847,3.6958099025727114,13,12,2.242
2848,33.70652294765791,16,9,2.24
2849,34.57566207027285,16,9,2.2560000000000002
2850,24.171144587420855,15,10,2.2640000000000002
2851,13.07140156727151,14,11,2.21
2852,44.426150259678835,17,8,2.28
2853,23.453026316947884,15,10,2.2079999999999993
2854,35.096303126790424,16,9,2.2840000000000003
2855,22.373552800503905,15,10,2.204
2856,23.37685700950051,15,10,2.2039999999999997
2857,33.07047059872547,16,9,2.2939999999999996
2858,24.02601802530725,15,10,2.3280000000000003
2859,24.231293674946148,15,10,2.354
2860,33.8359521026391,16,9,2.2199999999999998
2861,43.56689544524292,17,8,2.356
2862,44.623089335949885,17,8,2.152
2863,13.329999478729835,14,11,2.194
2864,4.748050471436385,13,12,2.11
2865,43.410448890967224,17,8,2.2380000000000004
2866,33.656454052091874,16,9,2.248
2867,24.41960123594493,15,10,2.24
2868,23.85014131604985,15,10,2.272
2869,44.308105188479075,17,8,2.1
2870,23.939616733305442,15,10,2.246
2871,23.871923687812625,15,10,2.242
2872,23.343864422687687,15,10,2.2840000000000003
2873,33.65392893888411,16,9,2.196
2874,4.420521826666298,13,12,2.222
2875,22.935653017556408,15,10,2.2860000000000005
2876,24.908220786673045,15,10,2.2340000000000004
2877,23.958784024764515,15,10,2.2020000000000004
2878,33.13213983781349,16,9,2.1979999999999995
2879,44.123906733468885,17,8,2.158
2880,3.4400754732660364,13,12,2.164
2881,33.425190308025435,16,9,2.228
2882,23.22462398311334,15,10,2.25
2883,23.70934473270963,15,10,2.2039999999999997
2884,32.84828295125177,16,9,2.1760000000000006
2885,12.549514185196122,14,11,2.2239999999999998
2886,24.119675183055385,15,10,2.218
2887,33.34421554480747,16,9,2.228
2888,34.13643182883126,16,9,2.194
2889,22.565597119777046,15,10,2.188
2890,23.30025378154792,15,10,2.146
2891,33.49614195536304,16,9,2.23
2892,34.15429985627803,16,9,2.19
2893,43.180503397952684,17,8,2.18
2894,32.48772193996084,16,9,2.1559999999999997
2895,24.404820423487344,15,10,2.314
2896,24.671146836129555,15,10,2.228
2897,23.073848605448752,15,10,2.2860000000000005
2898,33.22056906933084,16,9,2.2079999999999997
2899,24.76148566290941,15,10,2.13
2900,3.517017265151647,13,12,2.202
2901,33.61993620312779,16,9,2.226
2902,32.91134063519518,16,9,2.298
2903,24.09351612821939,15,10,2.218
2904,32.95290370218925,16,9,2.21
2905,34.453828673425306,16,9,2.202
2906,34.4147225030853,16,9,2.254
2907,33.20246126693048,16,9,2.21
2908,33.875604747689415,16,9,2.162
2909,23.08663909382215,15,10,2.226
2910,23.67055307402237,15,10,2.2960000000000003
2911,44.06420344213349,17,8,2.166
2912,34.72531884302315,16,9,2.206
2913,22.507085963831997,15,10,2.1719999999999997
2914,23.720757172073288,15,10,2.192
2915,23.212441304420036,15,10,2.2239999999999998
2916,33.312528465161606,16,9,2.142
2917,34.32502471563695,16,9,2.16
2918,23.763191702966626,15,10,2.2039999999999997
2919,34.42848845815345,16,9,2.1860000000000004
2920,23.83739670299919,15,10,2.214
2921,24.45027577927417,15,10,2.226
2922,13.872024490328169,14,11,2.1399999999999997
2923,34.73492076715996,16,9,2.176
2924,44.845241453834106,17,8,2.278
2925,22.78709235964416,15,10,2.2960000000000003
2926,34.29523489478528,16,9,2.16
2927,32.5800705180957,16,9,2.2439999999999998
2928,22.270127334338085,15,10,2.23
2929,33.6445994830702,16,9,2.2439999999999998
2930,23.870425491299727,15,10,2.278
2931,24.10243196773264,15,10,2.21
2932,33.812315716433694,16,9,2.15
2933,32.81961176417707,16,9,2.2279999999999998
2934,24.274321374184822,15,10,2.2039999999999997
2935,33.905376681244874,16,9,2.2399999999999998
2936,24.65903836663213,15,10,2.3099999999999996
2937,34.39282615850758,16,9,2.324
2938,33.42820429047261,16,9,2.224
2939,4.072818154508401,13,12,2.184
2940,13.37693470434313,14,11,2.1740000000000004
2941,43.90888669202135,17,8,2.19
2942,34.080446277546024,16,9,2.1759999999999997
2943,23.507592742804206,15,10,2.216
2944,34.65899390180021,16,9,2.19
2945,23.266390356634158,15,10,2.24
2946,33.34923131387469,16,9,2.1879999999999997
2947,34.07627699246163,16,9,2.2060000000000004
2948,23.386067233069237,15,10,2.182
2949,24.062296350834334,15,10,2.172
2950,32.74355053558939,16,9,2.2280000000000006
2951,23.14083035784459,15,10,2.212
2952,23.969797413817094,15,10,2.15
2953,33.115090232619565,16,9,2.168
2954,23.236856530492215,15,10,2.252
2955,33.79233497090939,16,9,2.298
2956,44.211224517384785,17,8,2.184
2957,45.029024659929576,17,8,2.252
2958,33.66500778941364,16,9,2.218
2959,23.25260519208188,15,10,2.212
2960,33.63962078479877,16,9,2.2600000000000002
2961,22.623280315810362,15,10,2.2600000000000002
2962,33.84758140714078,16,9,2.28
2963,33.72915429425586,16,9,2.254
2964,24.2913293550477,15,10,2.268
2965,23.409482625644742,15,10,2.192
2966,33.90733764048143,16,9,2.156
2967,33.484347847494675,16,9,2.144
2968,33.83068389525619,16,9,2.2660000000000005
2969,33.16330455944551,16,9,2.2060000000000004
2970,32.697328676374866,16,9,2.2039999999999997
2971,13.113196473458396,14,11,2.196
2972,34.25355426350963,16,9,2.218
2973,14.064229023356157,14,11,2.186
2974,34.58302183342595,16,9,2.1579999999999995
2975,14.47535806506922,14,11,2.2880000000000003
2976,23.87423306739263,15,10,2.2220000000000004
2977,44.74757290860991,17,8,2.232
2978,24.493654652521247,15,10,2.292
2979,15.046369740191635,14,11,2.214
2980,3.066255028138828,13,12,2.2780000000000005
2981,33.5217864231118,16,9,2.3519999999999994
2982,33.21087095980903,16,9,2.248
2983,33.61714991836462,16,9,2.2299999999999995
2984,34.13306423846129,16,9,2.2199999999999998
2985,23.621211412302976,15,10,2.268
2986,34.17984909532905,16,9,2.258
2987,32.799715882212624,16,9,2.162
2988,34.319623261101135,16,9,2.23
2989,14.26989511669618,14,11,2.26
2990,23.724477003902024,15,10,2.1440000000000006
2991,13.612691540251685,14,11,2.2220000000000004
2992,22.82934977627422,15,10,2.13
2993,34.65734259485637,16,9,2.2219999999999995
2994,23.481271313847724,15,10,2.228
2995,34.090788047292,16,9,2.2
2996,34.814140023332186,16,9,2.214
2997,33.42433360536024,16,9,2.2159999999999997
2998,33.91928360355702,16,9,2.18
2999,22.812572125979848,15,10,2.312
3000,34.69226304297214,16,9,2.2079999999999997
3001,32.80183757664345,16,9,2.1979999999999995
3002,23.122212099496576,15,10,2.1140000000000003
3003,34.16180499639681,16,9,2.314
3004,24.447617218118104,15,10,2.1719999999999997
3005,23.40277294157692,15,10,2.1780000000000004
3006,23.44742347699972,15,10,2.218
3007,34.4776984487999,16,9,2.184
3008,44.8031462137693,17,8,2.274
3009,43.88511901265976,17,8,2.19
3010,34.036179424411195,16,9,2.2239999999999998
3011,22.489499734144662,15,10,2.216
3012,34.454251081377166,16,9,2.224
3013,33.533761532076525,16,9,2.23
3014,23.954855935376585,15,10,2.28
3015,34.79128039968039,16,9,2.276
3016,32.77997091256661,16,9,2.276
3017,24.324658345018946,15,10,2.364
3018,22.496375129744383,15,10,2.29
3019,34.780457080213225,16,9,2.274
3020,43.979250837438805,17,8,2.144
3021,33.612467096325005,16,9,2.248
3022,33.33368633594175,16,9,2.212
3023,23.48448794051975,15,10,2.182
3024,34.140812194230065,16,9,2.1100000000000003
3025,34.14999247806858,16,9,2.192
3026,22.698687215412928,15,10,2.1879999999999997
3027,22.934325615897915,15,10,2.218
3028,33.28519434262052,16,9,2.22
3029,33.80129669855492,16,9,2.29
3030,24.066730321764418,15,10,2.2540000000000004
3031,34.11573708181805,16,9,2.2419999999999995
3032,23.27305831273741,15,10,2.242
3033,23.09957274054393,15,10,2.274
3034,24.69371515943054,15,10,2.228
3035,32.22772274591482,16,9,2.242
3036,43.91376554711403,17,8,2.2359999999999998
3037,23.152766215032543,15,10,2.2380000000000004
3038,23.15391246009954,15,10,2.1999999999999997
3039,13.52082200839613,14,11,2.194
3040,33.535250470701726,16,9,2.2020000000000004
3041,34.47632896050958,16,9,2.1699999999999995
3042,22.162093743822055,15,10,2.14
3043,32.613379871151054,16,9,2.228
3044,44.99855866200367,17,8,2.226
3045,23.858964648489394,15,10,2.2140000000000004
3046,23.173401704186173,15,10,2.178
3047,33.78910682943735,16,9,2.194
3048,13.191488991789814,14,11,2.25
3049,43.453256406449846,17,8,2.104
3050,12.920858648773308,14,11,2.1639999999999997
3051,43.610278315888166,17,8,2.154
3052,34.31354556420447,16,9,2.2359999999999998
3053,22.543630537591444,15,10,2.2239999999999998
3054,14.040132734029342,14,11,2.128
3055,22.38325838358004,15,10,2.1360000000000006
3056,34.15548605160916,16,9,2.1580000000000004
3057,32.95858168990323,16,9,2.208
3058,32.77101205661577,16,9,2.1980000000000004
3059,23.992776353274458,15,10,2.2800000000000002
3060,42.62042976586564,17,8,2.194
3061,32.94521825572227,16,9,2.3
3062,24.14618460589096,15,10,2.178
3063,14.469781733401785,14,11,2.3120000000000003
3064,44.160236058296526,17,8,2.2199999999999998
3065,33.219600037867295,16,9,2.282
3066,33.36847033821458,16,9,2.2640000000000002
3067,33.218698542753664,16,9,2.1719999999999997
3068,23.570897283824713,15,10,2.168
3069,33.37039015085854,16,9,2.244
3070,22.465488591830283,15,10,2.216
3071,23.20700793409141,15,10,2.2700000000000005
3072,24.037077552900044,15,10,2.2180000000000004
3073,23.98962715055958,15,10,2.244
3074,33.52540944247749,16,9,2.22
3075,23.01057229919282,15,10,2.298
3076,32.78999075383888,16,9,2.1980000000000004
3077,23.928967400155003,15,10,2.1960000000000006
3078,13.396226540440225,14,11,2.286
3079,23.72811255745941,15,10,2.266
3080,23.66619197956677,15,10,2.2239999999999998
3081,22.23860099275117,15,10,2.17
3082,23.729684641638816,15,10,2.2
3083,53.936322637605564,18,7,2.16
3084,42.62980113463219,17,8,2.254
3085,23.517202460624695,15,10,2.2380000000000004
3086,32.823544609045896,16,9,2.222
3087,23.675042008358425,15,10,2.232
3088,23.42595046191932,15,10,2.222
3089,33.55450994616587,16,9,2.2619999999999996
3090,24.539202529441567,15,10,2.204
3091,13.398402682551396,14,11,2.122
3092,33.66601462750764,16,9,2.2779999999999996
3093,33.09774023607055,16,9,2.302
3094,43.09123576044023,17,8,2.1119999999999997
3095,14.058653313157048,14,11,2.2039999999999997
3096,34.517613287214985,16,9,2.2020000000000004
3097,34.28156090065513,16,9,2.2640000000000002
3098,33.325481134813714,16,9,2.2140000000000004
3099,33.109599039115665,16,9,2.226
3100,24.43824979310706,15,10,2.186
3101,23.73626798060043,15,10,2.104
3102,13.460085933766313,14,11,2.256
3103,24.67571425976852,15,10,2.156
3104,34.44423820436285,16,9,2.256
3105,33.09035469195906,16,9,2.186000000000001
3106,23.18364490536635,15,10,2.2960000000000003
3107,23.473131422062682,15,10,2.216
3108,33.639686641696485,16,9,2.2299999999999995
3109,33.34308880918702,16,9,2.246
3110,22.29500121139345,15,10,2.148
3111,32.5797826067726,16,9,2.2219999999999995
3112,23.41140973073092,15,10,2.18
3113,32.668514514258106,16,9,2.216
3114,43.86473445546497,17,8,2.178
3115,42.916350084720264,17,8,2.246
3116,33.23939267296325,16,9,2.202
3117,23.04377488117201,15,10,2.322
3118,23.13468780851217,15,10,2.132
3119,12.241492577679328,14,11,2.258
3120,34.39033706125033,16,9,2.21
3121,33.88680542029493,16,9,2.258
3122,33.245576095920484,16,9,2.1559999999999997
3123,33.41695428341574,16,9,2.2060000000000004
3124,34.157693666982034,16,9,2.182
3125,33.40605543135918,16,9,2.2700000000000005
3126,42.60087858176059,17,8,2.2539999999999996
3127,43.70062481584317,17,8,2.178
3128,23.31604705164482,15,10,2.184
3129,44.04827550820379,17,8,2.2859999999999996
3130,44.180106565304634,17,8,2.246
3131,13.500576902972062,14,11,2.214
3132,33.37031322910529,16,9,2.204
3133,33.674868190362915,16,9,2.2339999999999995
3134,32.50237715735137,16,9,2.2520000000000002
3135,43.566735541553044,17,8,2.226
3136,34.42187988087051,16,9,2.294
3137,33.64235404999855,16,9,2.244
3138,33.41877497407698,16,9,2.1979999999999995
3139,43.67262696967605,17,8,2.2560000000000002
3140,32.59177717007153,16,9,2.182
3141,33.92001985562958,16,9,2.168
3142,34.5274607257994,16,9,2.26
3143,23.208541917205803,15,10,2.136
3144,43.59554285110515,17,8,2.228
3145,22.69280346560622,15,10,2.1479999999999997
3146,23.152912148897748,15,10,2.2020000000000004
3147,43.40022464807654,17,8,2.1079999999999997
3148,43.84729327416619,17,8,2.22
3149,45.07265062487802,17,8,2.23
3150,34.212350425471946,16,9,2.248
3151,33.572457921976365,16,9,2.286
3152,25.181125928911854,15,10,2.2819999999999996
3153,34.51904049847267,16,9,2.278
3154,24.273115943904685,15,10,2.27
3155,33.654767682252306,16,9,2.2239999999999998
3156,32.98745879463291,16,9,2.284
3157,33.37302575668408,16,9,2.1640000000000006
3158,32.679272404047715,16,9,2.3040000000000003
3159,32.471811111289384,16,9,2.174
3160,33.75380044192801,16,9,2.154
3161,22.577898610184832,15,10,2.2299999999999995
3162,13.564423178146194,14,11,2.2079999999999997
3163,43.64753554593383,17,8,2.252
3164,33.81272525505823,16,9,2.142
3165,33.70906870646715,16,9,2.166
3166,23.361918578385886,15,10,2.2039999999999997
3167,33.519043750758826,16,9,2.14
3168,33.956773865227916,16,9,2.184
3169,12.935693796173826,14,11,2.1699999999999995
3170,22.153485514548226,15,10,2.288
3171,14.234423275668114,14,11,2.1480000000000006
3172,33.55702012740455,16,9,2.2399999999999998
3173,33.180028991617064,16,9,2.254
3174,33.9067496893302,16,9,2.2319999999999998
3175,23.710469227060866,15,10,2.208
3176,33.220038437920444,16,9,2.298
3177,23.854012019252878,15,10,2.2039999999999997
3178,23.142875304722246,15,10,2.1979999999999995
3179,33.95717000211654,16,9,2.184
3180,34.10838964477655,16,9,2.2380000000000004
3181,23.30580041525632,15,10,2.214
3182,34.08495000000587,16,9,2.168
3183,34.19242737225534,16,9,2.234
3184,34.243884571551646,16,9,2.1900000000000004
3185,32.75357913518968,16,9,2.1340000000000003
3186,33.329992500023344,16,9,2.254
3187,32.18385691780766,16,9,2.218
3188,23.969679722270747,15,10,2.2239999999999998
3189,23.29035020338153,15,10,2.228
3190,33.891342738795245,16,9,2.334
3191,34.12500257889523,16,9,2.1479999999999997
3192,33.30120355014699,16,9,2.1900000000000004
3193,32.569276541720406,16,9,2.208
3194,23.329210508381482,15,10,2.22
3195,23.799974819388872,15,10,2.23
3196,33.66055606823198,16,9,2.238
3197,13.65134535918266,14,11,2.37
3198,23.20471889037624,15,10,2.2379999999999995
3199,23.341029956535586,15,10,2.284
3200,34.69257744163562,16,9,2.304
3201,42.67769496889029,17,8,2.2880000000000003
3202,32.88983918711543,16,9,2.2619999999999996
3203,32.2916290864749,16,9,2.2359999999999998
3204,13.135592584471258,14,11,2.2079999999999997
3205,13.206143903914448,14,11,2.2540000000000004
3206,23.29387741723947,15,10,2.122
3207,32.70749438037016,16,9,2.2560000000000002
3208,32.701694932615666,16,9,2.242
3209,23.357203837466777,15,10,2.246
3210,33.9241107256144,16,9,2.144
3211,43.56141866251089,17,8,2.226
3212,24.158200767684004,15,10,2.1879999999999997
3213,34.53391007177394,16,9,2.25
3214,33.50078053868431,16,9,2.214
3215,13.445625682598964,14,11,2.2159999999999997
3216,32.53246527483919,16,9,2.206
3217,43.91871881629437,17,8,2.2399999999999998
3218,43.625827279467785,17,8,2.164
3219,23.57783966535912,15,10,2.248
3220,34.39308791606757,16,9,2.33
3221,33.858804786089614,16,9,2.198
3222,3.315764869903015,13,12,2.178
3223,34.33830034040416,16,9,2.138
3224,43.68724673768706,17,8,2.216
3225,33.18764001748721,16,9,2.2199999999999998
3226,33.23051311612342,16,9,2.346
3227,32.977892733936336,16,9,2.1700000000000004
3228,33.110286160498084,16,9,2.228
3229,23.954006792322346,15,10,2.218
3230,33.700382476265126,16,9,2.224
3231,34.2822060166162,16,9,2.144
3232,33.2540759458048,16,9,2.16
3233,33.549435592926756,16,9,2.226
3234,34.66707119918628,16,9,2.2039999999999997
3235,33.16346069979378,16,9,2.152
3236,13.94983940087944,14,11,2.278
3237,43.03122802269439,17,8,2.152
3238,32.66145898943271,16,9,2.178
3239,44.093532789700504,17,8,2.226
3240,23.516442532331023,15,10,2.204
3241,35.23130039713163,16,9,2.2339999999999995
3242,43.912005676735504,17,8,2.2759999999999994
3243,33.56901983886271,16,9,2.232
3244,12.699309054809769,14,11,2.192
3245,33.39574255595824,16,9,2.1759999999999997
3246,23.675997447158867,15,10,2.1719999999999997
3247,34.31649244166389,16,9,2.29
3248,33.297167029898915,16,9,2.2680000000000002
3249,23.61028262782081,15,10,2.196
3250,22.61938556907978,15,10,2.168
3251,33.55635882435679,16,9,2.2080000000000006
3252,33.72254877088134,16,9,2.178
3253,32.29423309609669,16,9,2.1119999999999997
3254,33.711083370022294,16,9,2.2
3255,33.368573059439186,16,9,2.304
3256,33.227982158929265,16,9,2.2360000000000007
3257,33.74739602353598,16,9,2.2299999999999995
3258,33.32411963262394,16,9,2.3
3259,33.422835443571536,16,9,2.242
3260,23.51916631777233,15,10,2.262
3261,33.5060287420131,16,9,2.204
3262,33.71001981739701,16,9,2.258
3263,23.02334450975978,15,10,2.178
3264,23.73735622891292,15,10,2.2120000000000006
3265,32.8004271155357,16,9,2.2800000000000002
3266,23.38016781602065,15,10,2.2760000000000002
3267,25.180825520415073,15,10,2.2039999999999997
3268,34.009366072036215,16,9,2.206
3269,32.43992841189736,16,9,2.204
3270,33.78269711081545,16,9,2.3259999999999996
3271,33.478592791627854,16,9,2.088
3272,23.407691710861673,15,10,2.142
3273,33.60043688838939,16,9,2.2020000000000004
3274,33.44017553704323,16,9,2.258
3275,44.62873118608018,17,8,2.272
3276,22.789974755311693,15,10,2.206
3277,24.337398741498934,15,10,2.2359999999999998
3278,32.800116184048264,16,9,2.2500000000000004
3279,33.34053133523756,16,9,2.2380000000000004
3280,43.75225841224734,17,8,2.1320000000000006
3281,23.823970881257694,15,10,2.2619999999999996
3282,23.665789855492918,15,10,2.216
3283,33.33217414085774,16,9,2.336
3284,43.42382738558006,17,8,2.234
3285,23.47948759157536,15,10,2.1380000000000003
3286,43.34943840519246,17,8,2.184
3287,43.08796880784089,17,8,2.13
3288,32.46009554386214,16,9,2.2199999999999998
3289,23.37351343847436,15,10,2.2760000000000002
3290,33.20848406523589,16,9,2.238
3291,23.40427850807118,15,10,2.238
3292,33.58327855481159,16,9,2.2180000000000004
3293,32.990084092282636,16,9,2.132
3294,34.21781335679103,16,9,2.2800000000000002
3295,34.57093621567844,16,9,2.306
3296,24.540612264990465,15,10,2.266
3297,22.408973654470024,15,10,2.2079999999999997
3298,33.15109248932439,16,9,2.192
3299,33.18179714225965,16,9,2.3299999999999996
3300,34.779536141801756,16,9,2.27
3301,44.109072379334904,17,8,2.186
3302,34.604551399560904,16,9,2.208
3303,33.368023851026734,16,9,2.282
3304,33.84350418456558,16,9,2.226
3305,22.806221274170557,15,10,2.3600000000000003
3306,32.74570065748249,16,9,2.2439999999999998
3307,43.44414715043649,17,8,2.184
3308,23.412176549901183,15,10,2.2439999999999998
3309,43.73389309489716,17,8,2.322
3310,32.5804058412375,16,9,2.2199999999999998
3311,33.52094285665598,16,9,2.2640000000000002
3312,33.55160052519082,16,9,2.18
3313,13.823521716962084,14,11,2.16
3314,33.83223101514656,16,9,2.1719999999999997
3315,33.60143343262227,16,9,2.242
3316,33.858998382645545,16,9,2.164
3317,33.2133563416491,16,9,2.2600000000000002
3318,23.706286004703216,15,10,2.2380000000000004
3319,32.74681400164637,16,9,2.2939999999999996
3320,14.307750150561883,14,11,2.268
3321,33.56330778842403,16,9,2.28
3322,24.264357286000884,15,10,2.1979999999999995
3323,13.156340484382389,14,11,2.336
3324,34.16669540939936,16,9,2.254
3325,33.68219307637987,16,9,2.1859999999999995
3326,33.45240666039179,16,9,2.2340000000000004
3327,33.34427928218831,16,9,2.202
3328,23.715038283729918,15,10,2.1800000000000006
3329,43.17607721206855,17,8,2.2060000000000004
3330,32.95212983638217,16,9,2.182
3331,34.14456888134193,16,9,2.1800000000000006
3332,23.882704185199724,15,10,2.2039999999999997
3333,23.240493034169095,15,10,2.176
3334,43.77979068297996,17,8,2.254
3335,34.24047538141855,16,9,2.2179999999999995
3336,33.075377738680686,16,9,2.15
3337,34.293828893226376,16,9,2.1900000000000004
3338,34.42521548354978,16,9,2.322
3339,23.628726736780123,15,10,2.164
3340,33.54012878385997,16,9,2.1599999999999997
3341,24.650824737003422,15,10,2.158
3342,33.4048490145972,16,9,2.1620000000000004
3343,14.43398493364426,14,11,2.1699999999999995
3344,34.33097754992349,16,9,2.2359999999999998
3345,34.109880118362206,16,9,2.2299999999999995
3346,43.20483136081238,17,8,2.2380000000000004
3347,43.91930907580885,17,8,2.264
3348,33.816274308389524,16,9,2.25
3349,34.677029643467414,16,9,2.266
3350,33.98887510393361,16,9,2.212
3351,33.130005705052454,16,9,2.22
3352,23.152237018793834,15,10,2.23
3353,33.44168080036763,16,9,2.146
3354,33.2985991377068,16,9,2.206
3355,33.81422861796458,16,9,2.1439999999999997
3356,33.182717622923526,16,9,2.264
3357,22.987460361065622,15,10,2.2359999999999998
3358,43.381912702533164,17,8,2.238
3359,43.650514854949876,17,8,2.214
3360,23.396811888482073,15,10,2.214
3361,34.02608697849926,16,9,2.0900000000000003
3362,43.16899300862566,17,8,2.228
3363,43.14597851282988,17,8,2.242
3364,32.944473576987875,16,9,2.2039999999999997
3365,22.957894632116,15,10,2.2939999999999996
3366,33.63256086062242,16,9,2.1740000000000004
3367,32.88052652725558,16,9,2.244
3368,43.3571869156187,17,8,2.1600000000000006
3369,33.499136282588125,16,9,2.278
3370,33.24004238371244,16,9,2.14
3371,33.52545977166256,16,9,2.242
3372,33.62715935857385,16,9,2.204
3373,44.23789488801125,17,8,2.1639999999999997
3374,23.686634795277357,15,10,2.186
3375,34.17421217138397,16,9,2.2140000000000004
3376,33.759022006445726,16,9,2.196
3377,34.6441373944795,16,9,2.2299999999999995
3378,34.35464246022324,16,9,2.216
3379,2.391876546925322,13,12,2.242
3380,34.74375610981012,16,9,2.2100000000000004
3381,24.259328829795066,15,10,2.0800000000000005
3382,33.97124487880942,16,9,2.23
3383,35.25327131890509,16,9,2.3579999999999997
3384,23.434290558263367,15,10,2.2619999999999996
3385,43.809947088369036,17,8,2.2520000000000002
3386,23.678635754427816,15,10,2.272
3387,34.06918815641078,16,9,2.272
3388,33.523047539808545,16,9,2.2260000000000004
3389,43.68083221880231,17,8,2.1800000000000006
3390,44.62948761600509,17,8,2.154
3391,23.848404920206647,15,10,2.2039999999999997
3392,33.105077590413174,16,9,2.3
3393,34.05108113101854,16,9,2.2500000000000004
3394,33.852106395453184,16,9,2.212
3395,33.87212890121526,16,9,2.18
3396,44.27554536192513,17,8,2.2820000000000005
3397,33.76136413866975,16,9,2.264
3398,43.87784071021281,17,8,2.1879999999999997
3399,23.22808702797785,15,10,2.252
3400,43.39566893234756,17,8,2.2299999999999995
3401,23.1024155876691,15,10,2.25
3402,33.453203375357525,16,9,2.188
3403,24.389762535290394,15,10,2.238
3404,13.827184008877031,14,11,2.204
3405,33.702614267921604,16,9,2.272
3406,43.17172201490634,17,8,2.1879999999999997
3407,33.24967774937119,16,9,2.258
3408,4.536670677138508,13,12,2.188
3409,33.76247403092494,16,9,2.2280000000000006
3410,33.19703056741994,16,9,2.3240000000000003
3411,23.9333132850702,15,10,2.2640000000000002
3412,13.282685608182803,14,11,2.17
3413,23.64812487479773,15,10,2.218
3414,33.26894353786918,16,9,2.2199999999999998
3415,43.98193221791942,17,8,2.268
3416,24.846739607707875,15,10,2.2439999999999998
3417,33.94230344822776,16,9,2.21
3418,23.925400246938686,15,10,2.192
3419,23.49674462012498,15,10,2.2020000000000004
3420,13.916805107357954,14,11,2.288
3421,44.246166224499945,17,8,2.276
3422,33.72369909964385,16,9,2.2039999999999997
3423,23.035987898598016,15,10,2.2120000000000006
3424,44.02923049875673,17,8,2.2720000000000002
3425,33.93790890390299,16,9,2.16
3426,43.02819359318275,17,8,2.2079999999999997
3427,43.56813941910434,17,8,2.2520000000000002
3428,34.00547518851736,16,9,2.226
3429,23.462203056615927,15,10,2.26
3430,44.66940962614262,17,8,2.2699999999999996
3431,33.428900490779895,16,9,2.1420000000000003
3432,24.534567560204202,15,10,2.164
3433,33.35322080415545,16,9,2.198
3434,44.02401987287289,17,8,2.228
3435,33.91199072023455,16,9,2.1320000000000006
3436,34.83020006877673,16,9,2.202
3437,33.44864603773435,16,9,2.2079999999999997
3438,33.41275002049389,16,9,2.268
3439,43.889286488310596,17,8,2.312
3440,34.63310281360497,16,9,2.168
3441,22.217428388085025,15,10,2.1999999999999993
3442,44.25530066773396,17,8,2.2
3443,24.70774357301312,15,10,2.2560000000000002
3444,24.065815253215085,15,10,2.214
3445,33.88036834212019,16,9,2.1959999999999997
3446,44.06455325818782,17,8,2.234
3447,34.37818050410995,16,9,2.274
3448,34.07367258809751,16,9,2.1819999999999995
3449,33.413484645385694,16,9,2.1979999999999995
3450,33.12004092921444,16,9,2.29
3451,13.431864133240953,14,11,2.258
3452,24.12499085945209,15,10,2.228
3453,33.64721040151678,16,9,2.274
3454,34.032479619125695,16,9,2.182
3455,34.29424665375745,16,9,2.2119999999999997
3456,24.70102955261052,15,10,2.1599999999999997
3457,24.412146304266084,15,10,2.226
3458,34.43406307039231,16,9,2.1540000000000004
3459,34.33541795078297,16,9,2.184
3460,44.1253307012239,17,8,2.188
3461,34.26941031939835,16,9,2.252
3462,34.31752545226057,16,9,2.268
3463,23.64683670761772,15,10,2.216
3464,23.40883253789996,15,10,2.194
3465,23.47048000187258,15,10,2.2180000000000004
3466,33.750616871000055,16,9,2.256
3467,33.646772920797034,16,9,2.184
3468,34.22453730952019,16,9,2.1260000000000003
3469,23.91558087021021,15,10,2.2079999999999997
3470,34.215337263677284,16,9,2.14
3471,33.48980018109897,16,9,2.2319999999999998
3472,24.140096743021154,15,10,2.278
3473,23.099070893089856,15,10,2.19
3474,24.354168478157476,15,10,2.12
3475,34.266203258430394,16,9,2.308
3476,44.57249895726889,17,8,2.186
3477,43.747816530661694,17,8,2.196
3478,43.71475049664102,17,8,2.282
3479,24.165150387337416,15,10,2.2399999999999998
3480,24.01083533263159,15,10,2.1979999999999995
3481,43.598052708598566,17,8,2.2300000000000004
3482,44.254094729192836,17,8,2.2540000000000004
3483,45.43005394993981,17,8,2.144
3484,34.81557235631351,16,9,2.25
3485,44.110245865262556,17,8,2.2439999999999998
3486,34.138152222665965,16,9,2.2680000000000002
3487,33.510594300934315,16,9,2.268
3488,43.73879597448441,17,8,2.132
3489,34.424758381608285,16,9,2.2379999999999995
3490,33.03889327014903,16,9,2.242
3491,24.41512059012218,15,10,2.1599999999999997
3492,34.51482832486341,16,9,2.2039999999999997
3493,24.09110167435602,15,10,2.258
3494,43.556870282246564,17,8,2.282
3495,14.49272884716866,14,11,2.1580000000000004
3496,33.77531538379404,16,9,2.2819999999999996
3497,32.94097394624,16,9,2.296
3498,34.19085791572046,16,9,2.188
3499,33.91385529508056,16,9,2.228
3500,34.10475687795469,16,9,2.234
3501,23.280568588403366,15,10,2.1999999999999997
3502,44.615578474498065,17,8,2.2819999999999996
3503,44.36115364041087,17,8,2.176
3504,33.92115027852114,16,9,2.2359999999999998
3505,34.338298107517616,16,9,2.2399999999999998
3506,34.16422602348003,16,9,2.2459999999999996
3507,33.45449314202777,16,9,2.2659999999999996
3508,33.727004982896695,16,9,2.1260000000000003
3509,33.65489601975551,16,9,2.248
3510,33.59955609809155,16,9,2.2560000000000002
3511,23.54334624185783,15,10,2.2019999999999995
3512,34.820731578571,16,9,2.2640000000000002
3513,45.406556580658865,17,8,2.282
3514,34.39774928996161,16,9,2.224
3515,44.40548535253132,17,8,2.234
3516,43.8811464926826,17,8,2.184
3517,42.93924503584628,17,8,2.232
3518,44.250079348392006,17,8,2.2180000000000004
3519,43.9602688012961,17,8,2.214
3520,32.86491672465172,16,9,2.2440000000000007
3521,34.12804715942993,16,9,2.2600000000000002
3522,13.683352943173084,14,11,2.258
3523,44.943023389244864,17,8,2.21
3524,14.199696082335574,14,11,2.114
3525,53.884632137845834,18,7,2.242
3526,24.434606457152835,15,10,2.148
3527,44.160401822307705,17,8,2.204
3528,34.1404695772716,16,9,2.218
3529,23.539204436925957,15,10,2.276
3530,33.80914152516382,16,9,2.174
3531,34.58060839357422,16,9,2.1340000000000003
3532,33.153197517250206,16,9,2.3
3533,33.09739240063948,16,9,2.242
3534,43.995350137747266,17,8,2.1860000000000004
3535,44.68765201248614,17,8,2.228
3536,33.0776258222277,16,9,2.286
3537,34.611583503645825,16,9,2.266
3538,44.24660134828123,17,8,2.228
3539,24.30910593233652,15,10,2.238
3540,23.68096652989566,15,10,2.168
3541,23.800415024919452,15,10,2.242
3542,33.6692038189425,16,9,2.178
3543,43.94999254647264,17,8,2.198
3544,33.853492540945645,16,9,2.272
3545,23.481652664074993,15,10,2.2439999999999998
3546,43.0872534102008,17,8,2.2979999999999996
3547,44.177926918133515,17,8,2.21
3548,35.104771744975395,16,9,2.226
3549,34.36630849353236,16,9,2.2279999999999998
3550,44.014783640404694,17,8,2.244
3551,33.427217481286974,16,9,2.2880000000000007
3552,23.78832780435141,15,10,2.2079999999999997
3553,34.13644707174871,16,9,2.318
3554,23.37634505746447,15,10,2.226
3555,34.799769725106174,16,9,2.2439999999999998
3556,44.06790889630936,17,8,2.154
3557,44.09792353604641,17,8,2.136
3558,45.14761038936513,17,8,2.12
3559,33.54539681092444,16,9,2.348
3560,43.73988282493678,17,8,2.216
3561,43.45749739090977,17,8,2.214
3562,33.33442112938178,16,9,2.286
3563,44.76541221863132,17,8,2.2039999999999997
3564,44.675842848660736,17,8,2.2020000000000004
3565,25.964602303319545,15,10,2.3419999999999996
3566,43.60695612793942,17,8,2.2620000000000005
3567,45.24358982869487,17,8,2.2199999999999998
3568,34.42617805755848,16,9,2.2960000000000003
3569,24.66169951010252,15,10,2.274
3570,34.79425718583618,16,9,2.192
3571,43.74509044649567,17,8,2.274
3572,23.690035902072374,15,10,2.178
3573,23.922903248866422,15,10,2.1019999999999994
3574,13.509338958505866,14,11,2.302
3575,34.1541703003864,16,9,2.246
3576,23.949715698035956,15,10,2.214
3577,13.57992397759113,14,11,2.152
3578,23.369500165771804,15,10,2.194
3579,34.236258396487585,16,9,2.29
3580,44.64321309241508,17,8,2.088
3581,33.968474521589,16,9,2.194
3582,33.256916070193995,16,9,2.1879999999999997
3583,24.037454744342778,15,10,2.224
3584,43.933832375535765,17,8,2.2460000000000004
3585,24.103803469419006,15,10,2.162
3586,43.729876189232805,17,8,2.232
3587,44.68940003954928,17,8,2.158
3588,34.033528601506625,16,9,2.2139999999999995
3589,34.475170048768106,16,9,2.184
3590,23.669270219874058,15,10,2.058
3591,45.04141361178016,17,8,2.162
3592,33.787252514227234,16,9,2.12
3593,32.98221139985314,16,9,2.2659999999999996
3594,44.23840915915552,17,8,2.1820000000000004
3595,33.68873128896536,16,9,2.222
3596,34.68997134938851,16,9,2.252
3597,24.89942991846805,15,10,2.184
3598,34.56066238550319,16,9,2.2119999999999997
3599,43.96004891401623,17,8,2.2399999999999998
3600,44.36556328449881,17,8,2.216
3601,33.40077743602545,16,9,2.3020000000000005
3602,24.335498867111028,15,10,2.2860000000000005
3603,33.139354236237416,16,9,2.3160000000000003
3604,54.49390060473285,18,7,2.2700000000000005
3605,14.182348091877907,14,11,2.148
3606,35.14991182040284,16,9,2.252
3607,43.36681259676711,17,8,2.222
3608,43.70770462066086,17,8,2.1659999999999995
3609,14.615077183990554,14,11,2.248
3610,33.844742019625386,16,9,2.194
3611,34.21069976144659,16,9,2.2619999999999996
3612,33.1974182837103,16,9,2.2700000000000005
3613,33.98140510341034,16,9,2.21
3614,23.093053010212685,15,10,2.2399999999999998
3615,33.6872616535167,16,9,2.358
3616,23.804092950903684,15,10,2.168
3617,32.96207188551214,16,9,2.3240000000000003
3618,33.38556244471089,16,9,2.246
3619,34.38978661479854,16,9,2.232
3620,43.43287392232264,17,8,2.248
3621,34.144735446988356,16,9,2.1879999999999997
3622,34.34867913063897,16,9,2.2880000000000003
3623,23.5935240323497,15,10,2.2239999999999998
3624,44.490798678600974,17,8,2.1420000000000003
3625,14.617146750052704,14,11,2.2239999999999998
3626,43.23371831136843,17,8,2.31
3627,23.798992486491567,15,10,2.1420000000000003
3628,43.7288144743779,17,8,2.276
3629,43.4063622672278,17,8,2.2399999999999998
3630,34.36450844957035,16,9,2.152
3631,33.79585789115718,16,9,2.216
3632,23.582507421839047,15,10,2.2660000000000005
3633,43.488571248703416,17,8,2.2600000000000002
3634,44.24313915303541,17,8,2.27
3635,44.308033254711404,17,8,2.216
3636,34.570660765406565,16,9,2.2640000000000002
3637,44.33287114519222,17,8,2.29
3638,24.90038804570464,15,10,2.14
3639,34.086195279337666,16,9,2.2359999999999998
3640,33.56764571543167,16,9,2.2039999999999997
3641,32.74403824869419,16,9,2.1800000000000006
3642,33.907788598579025,16,9,2.25
3643,33.706147441093655,16,9,2.164
3644,24.058710875079708,15,10,2.1919999999999997
3645,23.60246162882676,15,10,2.2180000000000004
3646,34.79278195465643,16,9,2.1599999999999997
3647,44.89720323221187,17,8,2.248
3648,34.589707715095074,16,9,2.268
3649,44.77681691077975,17,8,2.2880000000000003
3650,44.04110060334901,17,8,2.188
3651,33.35777981342108,16,9,2.2060000000000004
3652,33.65721048913009,16,9,2.174
3653,33.841324922942704,16,9,2.2920000000000003
3654,33.54296966212082,16,9,2.184
3655,24.62725254404776,15,10,2.324
3656,33.98448911460281,16,9,2.146
3657,24.191588627459474,15,10,2.252
3658,23.85461266357016,15,10,2.268
3659,43.93126948380248,17,8,2.2640000000000002
3660,43.609776779592664,17,8,2.258
3661,23.98237749477375,15,10,2.272
3662,34.38541256094345,16,9,2.228
3663,23.91933570385594,15,10,2.15
3664,34.73834134092387,16,9,2.3099999999999996
3665,33.71940816890619,16,9,2.3300000000000005
3666,42.86906638717525,17,8,2.226
3667,34.10796045319058,16,9,2.2359999999999998
3668,33.126899199329976,16,9,2.2779999999999996
3669,54.33335667306115,18,7,2.158
3670,45.31221758218642,17,8,2.164
3671,33.76940784006969,16,9,2.2179999999999995
3672,24.76792477555109,15,10,2.146
3673,43.48389203525397,17,8,2.2319999999999998
3674,43.41013082825635,17,8,2.162
3675,33.81677550136668,16,9,2.188
3676,34.395963272318795,16,9,2.222
3677,23.257380928754603,15,10,2.22
3678,45.29838072738792,17,8,2.2220000000000004
3679,44.46175456410578,17,8,2.212
3680,53.39023648512091,18,7,2.3080000000000003
3681,24.407448849486805,15,10,2.226
3682,43.511928015184786,17,8,2.238
3683,23.98023698195375,15,10,2.2199999999999998
3684,33.409546425574796,16,9,2.164
3685,23.820989351973022,15,10,2.126
3686,43.87434834221342,17,8,2.192
3687,43.541522708540235,17,8,2.1900000000000004
3688,13.62698847282437,14,11,2.244
3689,34.91762070126266,16,9,2.144
3690,34.44474211329027,16,9,2.172
3691,33.403220694503844,16,9,2.268
3692,43.3869347370033,17,8,2.2159999999999997
3693,43.24442639788934,17,8,2.2239999999999998
3694,23.116861480999702,15,10,2.1799999999999997
3695,33.913355700196206,16,9,2.212
3696,24.800222389390008,15,10,2.242
3697,43.554758230528854,17,8,2.2199999999999998
3698,24.123498258496877,15,10,2.1879999999999997
3699,33.257145565708626,16,9,2.194
3700,42.82920708390751,17,8,2.2640000000000002
3701,33.69167581682302,16,9,2.212
3702,33.98877951971874,16,9,2.202
3703,33.264313590124814,16,9,2.318
3704,33.42255950745702,16,9,2.2
3705,43.75029616764303,17,8,2.2819999999999996
3706,33.54614847662171,16,9,2.1879999999999997
3707,32.99970017351775,16,9,2.236
3708,33.82534108464898,16,9,2.164
3709,33.75651919415229,16,9,2.222
3710,54.186346504493045,18,7,2.256
3711,23.20210908362757,15,10,2.182
3712,43.72688336786002,17,8,2.23
3713,32.9364790174581,16,9,2.2039999999999997
3714,24.22596077225236,15,10,2.208
3715,34.29859234853704,16,9,2.328
3716,34.51176903801657,16,9,2.228
3717,34.48522725820014,16,9,2.3040000000000003
3718,24.3859398468931,15,10,2.2399999999999998
3719,44.29722763358252,17,8,2.242
3720,43.58910739250981,17,8,2.242
3721,44.242298473567374,17,8,2.186
3722,35.73172554692179,16,9,2.2060000000000004
3723,42.996077403359656,17,8,2.1420000000000003
3724,44.14134935734172,17,8,2.258
3725,33.549947426325886,16,9,2.232
3726,23.824949544525886,15,10,2.158
3727,33.61682848330351,16,9,2.142
3728,34.4924991855102,16,9,2.216
3729,43.92225548887297,17,8,2.232
3730,44.00520859630107,17,8,2.2520000000000002
3731,42.84589082247471,17,8,2.2099999999999995
3732,33.930142381834806,16,9,2.2199999999999998
3733,43.84910071853311,17,8,2.326
3734,43.79261855159314,17,8,2.2180000000000004
3735,34.655848394166036,16,9,2.27
3736,23.437667415157136,15,10,2.218
3737,24.667383106492135,15,10,2.196
3738,23.991469692465305,15,10,2.186
3739,42.804349753267026,17,8,2.198
3740,44.190146030607714,17,8,2.2979999999999996
3741,32.49655241886538,16,9,2.196
3742,44.426576946797255,17,8,2.258
3743,33.38911247411069,16,9,2.164
3744,43.9410731022585,17,8,2.2199999999999998
3745,44.36689536499759,17,8,2.268
3746,43.43151545684469,17,8,2.22
3747,42.689195804302486,17,8,2.274
3748,33.25154843329142,16,9,2.2960000000000003
3749,44.8239560854835,17,8,2.3720000000000003
3750,24.731525866245207,15,10,2.214
3751,34.066650633159156,16,9,2.1660000000000004
3752,44.13793996246426,17,8,2.214
3753,34.84211774658414,16,9,2.2199999999999998
3754,33.84272490277032,16,9,2.172
3755,34.72254059721049,16,9,2.1559999999999997
3756,33.75480133935583,16,9,2.2020000000000004
3757,34.78037968467953,16,9,2.19
3758,34.31561156731714,16,9,2.2019999999999995
3759,53.424623529923636,18,7,2.222
3760,34.713551202961526,16,9,2.1719999999999997
3761,33.70871083668125,16,9,2.2779999999999996
3762,32.75209827443685,16,9,2.264
3763,43.205097736241605,17,8,2.15
3764,43.92176140251409,17,8,2.248
3765,33.72850353586662,16,9,2.2439999999999998
3766,33.9469362976272,16,9,2.284
3767,43.889595181900745,17,8,2.216
3768,35.466798597668046,16,9,2.3080000000000003
3769,33.81177010635538,16,9,2.2039999999999997
3770,44.07759673940282,17,8,2.278
3771,33.66525834549191,16,9,2.2680000000000007
3772,23.273745970417345,15,10,2.248
3773,44.46939017078768,17,8,2.1900000000000004
3774,33.98994230882674,16,9,2.2520000000000002
3775,43.42996264507039,17,8,2.152
3776,33.5903903829113,16,9,2.306
3777,33.80597221343943,16,9,2.2560000000000002
3778,33.521500377473004,16,9,2.246
3779,33.59642775707259,16,9,2.216
3780,43.48641244968198,17,8,2.1959999999999997
3781,43.49481867009353,17,8,2.2720000000000002
3782,33.24599250063661,16,9,2.1580000000000004
3783,44.53237708284963,17,8,2.19
3784,23.567712624329772,15,10,2.3
3785,43.09749595230352,17,8,2.2380000000000004
3786,24.15785102600474,15,10,2.216
3787,34.56043336375664,16,9,2.218
3788,23.50111003726804,15,10,2.28
3789,44.42774055554149,17,8,2.272
3790,54.85693302987141,18,7,2.162
3791,33.83018805203551,16,9,2.268
3792,43.88207514816732,17,8,2.2680000000000002
3793,34.817921116480555,16,9,2.3020000000000005
3794,33.94932499859013,16,9,2.244
3795,34.03157147180947,16,9,2.278
3796,44.405001089316386,17,8,2.242
3797,44.24501716485054,17,8,2.2800000000000002
3798,44.43982964410006,17,8,2.21
3799,43.5553869956563,17,8,2.282
3800,24.781787477298636,15,10,2.234
3801,44.24867236985856,17,8,2.2619999999999996
3802,44.424019045615196,17,8,2.22
3803,34.3589791492604,16,9,2.1980000000000004
3804,23.124196736832197,15,10,2.222
3805,34.47575601068792,16,9,2.1919999999999997
3806,34.15510725352718,16,9,2.218
3807,34.536217004448645,16,9,2.2279999999999998
3808,13.187666627118196,14,11,2.2439999999999998
3809,34.10243487878587,16,9,2.198
3810,33.17836633427513,16,9,2.1879999999999997
3811,24.353338915754296,15,10,2.2
3812,33.64800634526249,16,9,2.242
3813,34.81785931151295,16,9,2.2380000000000004
3814,34.2620561208647,16,9,2.212
3815,43.89445961953795,17,8,2.238
3816,33.529365794989126,16,9,2.232
3817,33.47116368712898,16,9,2.324
3818,34.18094462376681,16,9,2.2080000000000006
3819,42.94864551569257,17,8,2.152
3820,54.07561440765246,18,7,2.1499999999999995
3821,33.70964959049842,16,9,2.222
3822,44.0421225814435,17,8,2.23
3823,43.59752560408043,17,8,2.248
3824,43.76211602248817,17,8,2.276
3825,43.44272195696675,17,8,2.1879999999999997
3826,33.207583014600814,16,9,2.13
3827,44.958449475895875,17,8,2.194
3828,43.49627182295826,17,8,2.3379999999999996
3829,34.329997290295644,16,9,2.3500000000000005
3830,53.592911280828105,18,7,2.29
3831,44.28110252675697,17,8,2.268
3832,34.24579918227562,16,9,2.2520000000000002
3833,43.138269976540464,17,8,2.2179999999999995
3834,43.84403369743672,17,8,2.29
3835,25.923029439825715,15,10,2.178
3836,33.861927251346906,16,9,2.31
3837,54.12690875434521,18,7,2.268
3838,34.21876644252218,16,9,2.332
3839,45.54583072424607,17,8,2.2979999999999996
3840,45.36912053755589,17,8,2.2600000000000002
3841,44.448044974544594,17,8,2.192
3842,34.630769948250325,16,9,2.156
3843,34.09716436599089,16,9,2.218
3844,44.614351058832476,17,8,2.2
3845,33.57939911139434,16,9,2.2180000000000004
3846,33.48224676026341,16,9,2.1079999999999997
3847,44.48974071106082,17,8,2.2979999999999996
3848,34.95653104322872,16,9,2.122
3849,33.776547301534194,16,9,2.228
3850,33.83032518475736,16,9,2.278
3851,44.48269042033334,17,8,2.25
3852,44.548967143867706,17,8,2.114
3853,34.86647016324749,16,9,2.138
3854,14.555161741608359,14,11,2.17
3855,44.57799719070896,17,8,2.222
3856,24.267222781539218,15,10,2.2600000000000002
3857,23.698157518653378,15,10,2.272
3858,44.31136394331227,17,8,2.22
3859,45.07681539711248,17,8,2.2239999999999998
3860,43.767214597986,17,8,2.176
3861,24.463080838808647,15,10,2.208
3862,44.749194286858966,17,8,2.23
3863,23.632048568882826,15,10,2.2479999999999998
3864,34.28412778388658,16,9,2.1380000000000003
3865,43.76959853093218,17,8,2.178
3866,34.07710502181864,16,9,2.148
3867,34.72529248851238,16,9,2.1559999999999997
3868,55.88972115858539,18,7,2.238
3869,34.828711164575424,16,9,2.2499999999999996
3870,24.044533757289237,15,10,2.218
3871,34.26161037835831,16,9,2.2359999999999998
3872,24.305064834301405,15,10,2.21
3873,35.58105273795883,16,9,2.2340000000000004
3874,-5.587916225220285,12,13,2.1800000000000006
3875,44.71557680384542,17,8,2.268
3876,34.320181380753574,16,9,2.1900000000000004
3877,33.45623035697978,16,9,2.144
3878,24.469689222483943,15,10,2.3040000000000007
3879,24.24001061925305,15,10,2.168
3880,43.999994153305835,17,8,2.29
3881,44.202743773554424,17,8,2.154
3882,34.6282392886133,16,9,2.404
3883,34.841439028258975,16,9,2.2939999999999996
3884,23.61577374672445,15,10,2.278
3885,24.704833783601067,15,10,2.214
3886,24.739933611748093,15,10,2.152
3887,33.77026930796214,16,9,2.2279999999999998
3888,42.677951256414055,17,8,2.278
3889,44.56400419808742,17,8,2.272
3890,34.380369011276215,16,9,2.2999999999999994
3891,24.673919686391393,15,10,2.242
3892,44.021212435512304,17,8,2.1979999999999995
3893,44.289306510560024,17,8,2.3180000000000005
3894,34.654060567780846,16,9,2.222
3895,44.43168413785599,17,8,2.234
3896,23.947306771951993,15,10,2.248
3897,33.2434770942765,16,9,2.2060000000000004
3898,34.28810094643531,16,9,2.2399999999999998
3899,44.108197309874484,17,8,2.202
3900,34.52779103396977,16,9,2.19
3901,44.02341482161306,17,8,2.1800000000000006
3902,44.01488586250144,17,8,2.1700000000000004
3903,55.58171350699163,18,7,2.2239999999999998
3904,44.82661434591972,17,8,2.1879999999999997
3905,33.297972479196986,16,9,2.322
3906,34.57936681363092,16,9,2.226
3907,44.407397072057904,17,8,2.224
3908,14.621491942385397,14,11,2.268
3909,33.57893966718013,16,9,2.162
3910,53.943941109154444,18,7,2.2600000000000007
3911,24.482035682313047,15,10,2.234
3912,43.93815968048001,17,8,2.2279999999999998
3913,33.35374119681218,16,9,2.178
3914,44.097334234902156,17,8,2.202
3915,34.169869345938416,16,9,2.168
3916,24.54484523060345,15,10,2.2060000000000004
3917,45.43378814066299,17,8,2.2039999999999997
3918,34.76838239584796,16,9,2.2279999999999998
3919,44.88586478092178,17,8,2.2759999999999994
3920,43.70582592296928,17,8,2.198
3921,24.32289089607077,15,10,2.188
3922,23.99145865359027,15,10,2.152
3923,35.078715396174914,16,9,2.27
3924,23.55767074523175,15,10,2.1879999999999997
3925,43.591441197536085,17,8,2.276
3926,34.57768573949626,16,9,2.1800000000000006
3927,34.067427594288276,16,9,2.29
3928,34.51223511647661,16,9,2.2139999999999995
3929,34.3909350101274,16,9,2.234
3930,34.33754556207159,16,9,2.286
3931,12.771815943745285,14,11,2.206
3932,44.82358373804401,17,8,2.2199999999999998
3933,33.82464830078515,16,9,2.226
3934,24.92875492473849,15,10,2.296
3935,42.86533003028793,17,8,2.26
3936,44.92253431116875,17,8,2.2279999999999998
3937,34.292528791143056,16,9,2.1959999999999997
3938,34.13137813419298,16,9,2.1220000000000003
3939,44.01941408739768,17,8,2.22
3940,44.46326842418801,17,8,2.2239999999999998
3941,45.14114245934065,17,8,2.2779999999999996
3942,44.50669872190516,17,8,2.21
3943,33.33206763449229,16,9,2.216
3944,34.428684355515344,16,9,2.262
3945,34.20139159763328,16,9,2.2439999999999998
3946,35.02667750673951,16,9,2.242
3947,43.600520304876504,17,8,2.2019999999999995
3948,44.75629473138777,17,8,2.152
3949,34.34655824610863,16,9,2.1879999999999997
3950,45.13141833718199,17,8,2.282
3951,34.29560992289634,16,9,2.2359999999999998
3952,-6.1168960915696635,12,13,2.2059999999999995
3953,23.916440888873332,15,10,2.274
3954,34.390615904387516,16,9,2.3139999999999996
3955,33.49145095489801,16,9,2.088
3956,44.941069171422,17,8,2.198
3957,44.615255616221454,17,8,2.1879999999999997
3958,43.7938145593622,17,8,2.2119999999999997
3959,45.23566278212934,17,8,2.168
3960,34.51549871561236,16,9,2.1120000000000005
3961,23.541563885166227,15,10,2.194
3962,23.88465947092043,15,10,2.282
3963,54.48638201478494,18,7,2.194
3964,44.08534284440218,17,8,2.138
3965,14.568566662834568,14,11,2.284
3966,33.89622684787672,16,9,2.214
3967,33.67065803979927,16,9,2.286
3968,45.97684552412111,17,8,2.2359999999999998
3969,44.72426081921886,17,8,2.2159999999999997
3970,34.65957894948936,16,9,2.332
3971,34.391617033154006,16,9,2.222
3972,34.02198996842721,16,9,2.146
3973,33.57598242167583,16,9,2.2459999999999996
3974,23.95996447548563,15,10,2.2359999999999998
3975,34.9064592367982,16,9,2.11
3976,23.275261834334497,15,10,2.31
3977,44.58760183593757,17,8,2.2740000000000005
3978,44.33786756779035,17,8,2.226
3979,34.04642206061088,16,9,2.224
3980,34.14390886029407,16,9,2.172
3981,44.789451073319654,17,8,2.078
3982,34.13551681871045,16,9,2.2479999999999998
3983,34.4733923522316,16,9,2.29
3984,44.62396720304445,17,8,2.118
3985,14.257419683398474,14,11,2.228
3986,23.3673350691252,15,10,2.1699999999999995
3987,34.25741303723258,16,9,2.1740000000000004
3988,45.07158099286056,17,8,2.182
3989,44.13985206610751,17,8,2.214
3990,44.53209959888791,17,8,2.212
3991,45.12871302089706,17,8,2.32
3992,34.50376515890787,16,9,2.228
3993,34.94187357016457,16,9,2.284
3994,35.16571318310148,16,9,2.1519999999999997
3995,45.22045479968661,17,8,2.1519999999999997
3996,33.49767044963657,16,9,2.254
3997,45.35830232904896,17,8,2.226
3998,33.47371816729947,16,9,2.2459999999999996
3999,44.43127828474733,17,8,2.222
4000,44.68898267885047,17,8,2.2
