"# dyn mode=none d=0 [0,0] route_mask=free lam_hot=1.50 ch=3 seed=3 eps=3000 ue=25"
episode,reward,success,fail,arrived,route_rate,cond_route_rate,top_share,load_std
1,101.561,27,8,38,0.763,0.667,0.379,1.27
2,74.99,37,22,62,0.855,1.0,0.321,1.74
3,51.627,29,19,54,0.852,0.8,0.239,1.59
4,29.458,30,24,57,0.789,0.733,0.311,1.79
5,54.198,26,16,53,0.811,0.8,0.279,1.55
6,63.906,30,18,52,0.846,1.0,0.295,1.21
7,-28.593,23,28,55,0.782,0.833,0.233,1.3
8,84.572,32,16,49,0.898,0.833,0.295,1.44
9,82.11,29,13,46,0.804,0.0,0.324,1.29
10,67.317,30,18,49,0.735,0.8,0.306,1.49
11,6.018,24,22,54,0.815,0.842,0.341,1.55
12,68.937,33,20,54,0.796,0.909,0.256,1.29
13,135.584,33,7,43,0.721,0.625,0.258,1.12
14,110.537,35,14,51,0.843,1.0,0.349,1.23
15,73.303,31,17,51,0.863,1.0,0.318,1.32
16,65.472,32,19,51,0.863,0.857,0.25,1.04
17,42.309,30,22,56,0.821,0.875,0.304,1.6
18,43.142,29,20,49,0.857,1.0,0.286,1.38
19,3.205,31,30,67,0.821,0.905,0.236,1.6
20,47.394,31,21,56,0.893,0.842,0.26,1.65
21,-42.084,32,40,75,0.893,0.941,0.254,1.92
22,18.972,27,23,54,0.889,0.9,0.229,1.15
23,33.718,30,23,56,0.821,0.667,0.261,1.14
24,65.921,34,21,57,0.877,0.923,0.26,1.24
25,61.955,32,20,55,0.8,0.818,0.386,1.65
26,-40.564,25,33,61,0.754,0.741,0.348,2.16
27,66.302,32,19,53,0.906,0.933,0.333,1.46
28,89.105,33,16,50,0.78,0.8,0.231,1.21
29,25.07,26,20,46,0.739,0.8,0.294,1.3
30,-11.231,32,34,74,0.838,0.826,0.355,2.04
31,62.585,25,13,46,0.848,0.667,0.308,1.5
32,40.533,35,27,67,0.866,0.857,0.397,1.92
33,66.144,33,20,57,0.877,0.857,0.3,1.57
34,31.249,25,18,47,0.723,0.773,0.353,1.7
35,-3.669,27,28,56,0.857,0.789,0.25,1.75
36,65.272,31,19,55,0.855,0.833,0.298,1.51
37,21.042,28,24,54,0.704,0.737,0.316,1.4
38,66.884,30,17,48,0.875,0.857,0.286,1.36
39,0.095,32,32,65,0.862,0.897,0.268,2.06
40,0.663,25,25,52,0.904,0.944,0.298,1.66
41,17.514,27,24,53,0.792,0.667,0.31,1.7
42,15.213,32,29,64,0.797,0.793,0.314,2.04
43,-26.869,27,32,65,0.8,0.706,0.327,1.74
44,5.641,31,30,63,0.857,0.955,0.333,1.89
45,6.759,23,21,48,0.875,1.0,0.381,1.45
46,77.063,32,17,50,0.84,1.0,0.286,1.16
47,45.685,30,21,58,0.81,0.87,0.234,1.5
48,66.962,30,17,54,0.815,0.667,0.273,1.41
49,45.381,27,18,47,0.723,0.667,0.471,1.35
50,49.988,28,18,50,0.82,0.857,0.293,1.63
51,60.987,29,18,48,0.875,0.857,0.286,1.3
52,-23.322,29,33,70,0.786,0.759,0.364,1.74
53,48.345,30,20,53,0.887,0.818,0.234,1.55
54,33.62,27,21,48,0.854,1.0,0.39,1.41
55,36.817,29,22,54,0.741,0.727,0.425,1.37
56,95.958,30,12,43,0.814,0.667,0.257,1.18
57,56.431,27,16,48,0.875,1.0,0.357,1.04
58,25.51,26,21,52,0.808,0.8,0.357,1.44
59,-3.707,28,29,57,0.842,0.727,0.375,1.32
60,-1.145,29,29,59,0.881,0.833,0.269,1.72
61,10.292,29,27,57,0.825,0.765,0.255,1.76
62,43.026,26,18,49,0.837,0.5,0.39,1.35
63,-27.907,27,33,63,0.81,0.815,0.314,2.09
64,-32.168,29,35,66,0.848,0.815,0.304,1.66
65,71.72,26,12,40,0.825,0.6,0.303,1.11
66,74.213,34,20,55,0.727,0.643,0.3,1.41
67,86.207,35,18,60,0.767,0.833,0.304,1.51
68,6.751,28,27,57,0.772,0.941,0.273,1.7
69,82.361,34,18,52,0.865,0.8,0.244,1.47
70,48.805,31,21,52,0.808,0.923,0.286,1.34
71,-13.447,26,28,57,0.807,0.857,0.326,1.4
72,29.634,30,25,56,0.804,0.882,0.244,1.5
73,30.328,28,22,54,0.889,0.826,0.271,1.54
74,-4.544,30,31,63,0.841,0.65,0.283,1.74
75,-15.683,27,30,62,0.774,0.688,0.312,1.72
76,9.482,28,26,62,0.774,0.947,0.271,1.54
77,145.266,37,9,49,0.898,0.0,0.341,1.21
78,21.442,27,23,53,0.868,0.857,0.326,1.32
79,80.378,32,16,53,0.811,1.0,0.442,1.68
80,0.271,31,31,66,0.758,0.808,0.26,1.56
81,18.775,27,23,51,0.902,0.909,0.261,1.57
82,77.967,37,22,60,0.783,0.812,0.298,1.5
83,-12.234,29,31,69,0.812,0.775,0.268,1.85
84,41.776,30,23,56,0.804,0.812,0.289,1.5
85,-17.7,22,25,52,0.808,0.857,0.286,1.31
86,21.736,29,25,56,0.857,0.833,0.271,1.43
87,0.307,31,31,66,0.848,0.857,0.286,1.71
88,-26.489,21,26,52,0.885,0.8,0.304,1.42
89,114.507,33,11,47,0.83,0.75,0.333,1.14
90,-0.706,23,24,51,0.706,0.467,0.389,1.92
91,-3.594,30,30,66,0.758,0.852,0.28,1.74
92,109.282,31,10,41,0.829,1.0,0.324,1.14
93,-31.761,29,35,67,0.881,0.821,0.305,1.83
94,89.064,31,14,48,0.812,1.0,0.256,1.28
95,49.292,30,20,53,0.811,1.0,0.302,1.47
96,-6.593,26,27,61,0.852,1.0,0.346,1.73
97,1.193,28,28,58,0.862,0.933,0.26,1.47
98,84.458,33,17,53,0.868,0.933,0.304,1.66
99,68.917,32,18,54,0.815,0.75,0.295,1.67
100,-42.884,29,37,69,0.783,0.8,0.333,1.83
101,111.048,39,17,63,0.81,0.938,0.314,1.52
102,30.421,27,21,53,0.774,0.857,0.244,1.56
103,39.435,32,24,57,0.877,0.947,0.24,1.4
104,10.845,22,20,46,0.978,0.0,0.356,1.24
105,55.821,33,22,59,0.797,0.826,0.277,1.61
106,93.296,34,16,54,0.852,0.4,0.413,1.54
107,46.032,31,22,53,0.736,0.667,0.359,1.33
108,83.538,28,12,44,0.864,0.0,0.342,1.2
109,20.031,32,28,63,0.873,1.0,0.291,1.51
110,61.553,33,21,56,0.839,0.889,0.362,1.58
111,22.695,28,24,53,0.811,0.875,0.372,1.83
112,-4.574,22,23,56,0.839,1.0,0.277,1.53
113,122.308,40,17,58,0.828,0.833,0.292,1.73
114,35.97,31,24,59,0.797,0.889,0.34,1.81
115,66.658,32,19,54,0.815,0.833,0.25,1.71
116,-38.325,27,34,68,0.75,0.759,0.235,1.82
117,116.261,33,11,48,0.854,0.75,0.341,1.37
118,71.313,28,14,46,0.891,0.75,0.244,1.51
119,-63.861,24,36,68,0.838,0.762,0.298,1.89
120,44.506,27,19,48,0.833,0.727,0.325,1.73
121,25.437,30,25,62,0.839,0.833,0.288,1.99
122,12.348,28,26,58,0.793,0.667,0.326,1.29
123,3.486,29,28,62,0.79,0.714,0.265,1.34
124,-45.21,26,34,60,0.883,0.889,0.283,1.32
125,-17.692,30,33,64,0.828,0.789,0.321,1.56
126,31.178,28,22,55,0.873,0.923,0.292,1.5
127,84.706,35,18,58,0.845,1.0,0.265,1.56
128,-4.592,24,25,51,0.882,0.889,0.267,1.31
129,-58.992,28,39,76,0.803,0.769,0.23,2.06
130,2.596,33,32,72,0.903,0.85,0.277,1.85
131,65.992,31,18,52,0.827,0.727,0.326,1.46
132,49.572,30,20,51,0.882,0.5,0.244,1.09
133,76.387,30,15,53,0.849,0.846,0.289,1.71
134,48.104,33,23,60,0.767,0.692,0.304,1.48
135,-0.031,29,29,59,0.78,0.944,0.217,1.58
136,25.853,28,23,57,0.825,1.0,0.319,1.61
137,-37.363,24,31,59,0.898,0.833,0.321,1.57
138,4.133,27,26,55,0.855,0.9,0.298,1.51
139,86.705,34,17,54,0.889,1.0,0.292,1.18
140,50.709,33,23,64,0.812,0.857,0.346,1.48
141,-52.027,24,34,58,0.931,0.944,0.259,1.34
142,69.275,29,15,54,0.889,0.778,0.292,1.33
143,36.837,34,27,62,0.758,0.733,0.277,2.04
144,59.594,25,13,44,0.864,0.5,0.316,1.31
145,88.18,36,19,55,0.818,1.0,0.4,1.53
146,-9.237,32,33,74,0.824,0.875,0.311,2.2
147,-8.076,30,32,66,0.864,0.895,0.228,1.3
148,88.64,26,9,35,0.829,1.0,0.345,1.17
149,81.008,38,22,61,0.836,0.9,0.255,1.48
150,103.021,31,11,44,0.841,0.9,0.324,1.24
151,49.884,26,16,46,0.783,0.882,0.278,1.56
152,-17.366,24,27,53,0.906,0.938,0.229,1.37
153,17.289,28,24,57,0.825,0.706,0.298,1.61
154,75.594,34,20,56,0.839,0.778,0.277,1.37
155,21.381,30,26,57,0.86,1.0,0.347,1.71
156,51.386,26,16,46,0.848,0.8,0.308,1.24
157,132.786,32,6,40,0.775,1.0,0.355,1.03
158,57.033,28,17,49,0.816,0.545,0.325,1.29
159,54.848,30,19,51,0.843,0.929,0.279,1.29
160,67.428,34,21,58,0.845,0.692,0.347,1.63
161,55.779,31,20,53,0.83,0.778,0.318,1.51
162,28.623,30,25,58,0.776,0.818,0.311,1.9
163,52.212,35,25,62,0.823,0.913,0.255,1.4
164,76.184,37,22,64,0.75,0.714,0.271,2.0
165,111.78,37,15,58,0.724,0.786,0.262,1.68
166,95.449,35,17,54,0.815,0.8,0.364,1.44
167,24.403,29,24,61,0.836,0.952,0.314,1.8
168,-63.368,30,42,76,0.842,0.867,0.281,1.87
169,126.2,36,12,50,0.74,0.727,0.27,1.82
170,78.017,33,18,54,0.815,0.625,0.409,1.52
171,50.74,29,19,50,0.74,0.727,0.27,1.4
172,54.528,28,17,49,0.837,1.0,0.341,1.22
173,92.189,35,17,60,0.883,0.714,0.302,1.66
174,35.572,31,24,58,0.828,0.933,0.271,1.44
175,81.605,27,12,43,0.767,0.833,0.364,1.45
176,66.209,29,16,52,0.827,0.571,0.349,1.69
177,-91.425,24,41,74,0.797,0.78,0.356,2.19
178,69.742,33,20,54,0.759,0.818,0.366,1.48
179,57.829,29,18,50,0.78,1.0,0.308,1.47
180,-66.497,29,41,75,0.8,0.795,0.283,2.22
181,-25.719,29,34,71,0.803,0.704,0.298,2.27
182,84.215,35,19,57,0.807,0.875,0.304,1.63
183,23.895,33,28,68,0.853,0.824,0.241,1.8
184,40.834,31,23,57,0.825,0.737,0.234,1.56
185,39.957,30,22,58,0.793,0.571,0.304,1.39
186,61.039,36,24,65,0.692,0.71,0.267,2.0
187,38.774,35,27,67,0.821,0.839,0.309,2.12
188,25.541,25,20,47,0.851,1.0,0.275,1.42
189,54.844,34,23,59,0.814,0.8,0.333,1.4
190,20.541,31,27,61,0.787,0.7,0.292,1.66
191,143.353,40,12,54,0.796,0.833,0.256,1.46
192,69.184,38,24,69,0.87,0.833,0.417,1.94
193,55.37,33,22,58,0.862,0.864,0.26,1.6
194,115.752,34,12,49,0.776,0.75,0.263,1.53
195,44.104,32,23,58,0.759,0.786,0.295,1.39
196,79.166,35,19,60,0.717,0.812,0.256,1.66
197,102.826,33,13,48,0.792,1.0,0.316,1.47
198,79.648,38,22,65,0.785,0.917,0.275,1.59
199,109.075,35,14,53,0.774,1.0,0.341,1.23
200,68.02,35,22,60,0.85,0.824,0.294,1.56
201,57.039,26,15,45,0.844,1.0,0.316,1.39
202,109.368,35,14,56,0.804,0.778,0.311,1.55
203,20.853,32,28,66,0.864,0.818,0.263,1.66
204,98.801,31,12,43,0.814,1.0,0.314,1.07
205,80.927,32,16,49,0.776,0.833,0.342,1.5
206,6.024,28,27,59,0.593,0.36,0.257,2.51
207,-11.631,27,29,60,0.8,0.846,0.25,1.32
208,55.789,35,24,59,0.898,0.889,0.283,1.07
209,84.677,31,15,48,0.875,1.0,0.333,1.23
210,0.803,25,25,52,0.808,0.833,0.286,1.41
211,66.406,25,12,42,0.833,0.5,0.343,1.57
212,35.171,31,24,56,0.893,0.882,0.28,1.34
213,-5.966,26,27,56,0.857,0.692,0.229,1.28
214,50.971,29,20,52,0.788,0.818,0.268,1.39
215,46.248,29,20,51,0.843,0.7,0.326,1.38
216,108.838,31,10,43,0.814,0.0,0.314,0.99
217,68.461,34,21,55,0.764,0.846,0.31,1.43
218,-91.014,23,40,68,0.853,0.917,0.276,1.65
219,67.638,33,20,62,0.839,0.789,0.346,1.65
220,34.292,31,24,59,0.932,0.889,0.255,1.83
221,65.924,39,26,68,0.794,0.719,0.278,2.27
222,4.641,26,24,59,0.864,0.8,0.294,1.29
223,35.741,28,21,53,0.736,0.769,0.256,1.31
224,108.906,38,17,56,0.768,0.8,0.395,1.56
225,-16.484,30,33,70,0.814,0.773,0.263,1.86
226,67.31,34,20,56,0.714,0.769,0.35,1.38
227,0.546,27,27,59,0.78,0.75,0.37,2.21
228,30.936,29,23,57,0.702,0.714,0.325,1.85
229,8.503,29,27,62,0.839,0.938,0.308,1.74
230,15.307,25,22,55,0.709,0.706,0.308,2.04
231,28.316,33,28,62,0.903,1.0,0.357,1.7
232,67.99,32,18,57,0.702,0.8,0.375,1.55
233,103.06,33,13,53,0.868,0.818,0.348,1.47
234,130.009,37,12,55,0.764,0.667,0.31,1.17
235,73.797,38,23,65,0.677,0.654,0.295,1.99
236,118.0,36,13,52,0.808,0.8,0.286,1.23
237,67.13,31,18,53,0.774,0.923,0.244,1.72
238,76.43,33,18,60,0.733,0.762,0.318,1.78
239,79.057,37,22,59,0.864,0.833,0.373,1.61
240,136.017,43,17,64,0.797,0.857,0.353,1.92
241,40.815,33,25,62,0.823,0.8,0.314,1.35
242,96.189,34,15,54,0.796,0.556,0.279,1.39
243,163.286,43,11,55,0.8,0.857,0.25,1.35
244,21.747,26,21,52,0.769,0.714,0.25,1.38
245,-7.96,32,33,72,0.694,0.75,0.24,1.89
246,92.725,32,14,49,0.878,1.0,0.279,1.35
247,80.789,36,20,61,0.852,0.75,0.288,1.36
248,62.904,35,23,58,0.845,0.875,0.388,1.53
249,104.872,33,13,51,0.843,0.667,0.372,1.59
250,-48.344,28,37,67,0.746,0.792,0.38,1.82
251,64.767,34,21,60,0.733,0.875,0.455,1.81
252,-0.936,27,27,60,0.8,0.889,0.271,1.7
253,122.722,38,14,60,0.783,1.0,0.298,1.54
254,51.782,27,17,54,0.741,0.8,0.35,1.58
255,95.525,31,13,49,0.755,1.0,0.351,1.49
256,40.556,31,23,57,0.807,1.0,0.239,1.54
257,30.63,31,25,58,0.81,0.846,0.319,1.58
258,75.229,33,19,52,0.788,0.667,0.293,1.24
259,51.266,36,26,72,0.789,0.8,0.429,2.35
260,68.075,34,21,56,0.732,0.706,0.317,1.62
261,35.685,33,26,59,0.881,0.923,0.327,1.66
262,49.102,25,15,42,0.762,0.75,0.281,1.07
263,5.976,29,27,60,0.817,0.783,0.265,1.71
264,-41.889,25,33,60,0.8,0.815,0.333,1.72
265,121.901,37,13,53,0.679,0.4,0.278,1.49
266,-2.8,30,30,62,0.855,0.857,0.283,1.2
267,76.923,33,18,57,0.754,0.455,0.279,1.37
268,43.129,25,17,44,0.909,1.0,0.275,0.95
269,14.955,31,28,61,0.787,0.84,0.292,1.78
270,-26.317,31,35,71,0.761,0.792,0.315,2.02
271,18.301,32,28,61,0.787,0.731,0.271,1.53
272,85.238,37,20,60,0.9,1.0,0.278,1.37
273,93.135,34,16,51,0.667,0.667,0.324,1.4
274,56.235,31,20,53,0.83,0.786,0.364,1.36
275,54.538,34,23,60,0.833,0.875,0.28,1.45
276,27.909,31,25,63,0.81,0.864,0.235,1.79
277,86.677,34,17,56,0.821,0.643,0.261,1.77
278,26.238,29,24,60,0.85,0.833,0.275,1.34
279,15.467,33,30,65,0.815,0.88,0.283,2.1
280,-43.285,30,38,68,0.809,0.857,0.309,1.62
281,73.554,41,26,68,0.765,0.783,0.327,1.69
282,76.907,35,20,57,0.684,0.789,0.231,1.53
283,59.83,31,19,53,0.774,0.615,0.293,1.43
284,72.149,31,17,49,0.735,1.0,0.361,1.3
285,57.719,32,20,55,0.673,0.783,0.297,1.86
286,-13.337,31,33,69,0.783,0.875,0.259,2.03
287,81.688,35,19,60,0.733,0.667,0.477,1.93
288,22.264,32,27,69,0.783,0.818,0.444,2.26
289,59.799,32,20,54,0.759,0.696,0.341,1.95
290,130.562,37,12,51,0.784,0.909,0.25,1.44
291,45.018,33,24,59,0.746,0.833,0.341,1.36
292,103.235,37,17,58,0.69,0.583,0.275,2.19
293,137.436,39,12,52,0.827,1.0,0.279,1.18
294,-2.843,34,34,69,0.797,0.867,0.345,2.03
295,-20.836,28,31,64,0.766,0.708,0.306,1.65
296,115.282,33,11,46,0.739,0.75,0.294,1.34
297,17.211,32,28,62,0.758,0.857,0.34,1.5
298,92.275,37,19,59,0.831,1.0,0.327,1.25
299,9.24,31,29,65,0.785,0.692,0.314,1.34
300,145.939,37,9,46,0.783,1.0,0.389,1.21
301,132.417,37,11,54,0.722,1.0,0.333,1.16
302,72.776,38,23,67,0.761,0.75,0.255,1.59
303,46.327,36,27,67,0.716,0.594,0.271,2.09
304,98.809,35,16,52,0.615,0.5,0.312,1.54
305,41.221,33,25,58,0.741,0.652,0.326,1.83
306,50.932,34,24,61,0.77,0.538,0.298,1.53
307,48.77,30,20,53,0.774,0.643,0.341,1.48
308,84.048,35,18,55,0.818,1.0,0.4,1.39
309,39.226,31,23,57,0.719,0.667,0.317,1.56
310,-82.623,23,38,68,0.824,0.85,0.304,1.89
311,66.795,33,20,53,0.887,1.0,0.298,1.72
312,137.67,39,12,56,0.857,0.944,0.312,1.75
313,63.182,35,23,59,0.712,0.6,0.357,1.34
314,95.377,36,17,54,0.741,0.938,0.25,1.28
315,45.629,33,24,57,0.842,1.0,0.292,1.4
316,70.107,27,13,45,0.756,1.0,0.235,0.96
317,35.88,32,25,61,0.852,0.917,0.308,1.59
318,64.906,34,21,57,0.737,0.667,0.333,1.45
319,18.943,31,27,60,0.717,0.619,0.256,1.9
320,-60.732,27,38,65,0.769,0.788,0.32,1.36
321,43.946,35,27,64,0.875,0.917,0.411,1.75
322,52.171,30,20,50,0.7,0.739,0.371,1.44
323,114.85,36,14,51,0.784,0.538,0.425,1.61
324,27.428,30,24,55,0.691,0.706,0.395,1.52
325,70.204,31,17,53,0.698,1.0,0.297,1.09
326,105.248,37,17,56,0.75,0.9,0.405,1.47
327,145.146,38,10,48,0.771,1.0,0.432,1.21
328,97.098,35,16,54,0.833,1.0,0.333,1.52
329,32.271,35,29,70,0.8,0.786,0.321,2.08
330,40.472,35,27,64,0.797,0.733,0.235,1.98
331,119.766,34,11,45,0.889,1.0,0.275,1.19
332,109.202,31,10,44,0.659,0.4,0.31,1.38
333,-5.235,29,29,65,0.8,0.724,0.25,1.87
334,82.478,34,18,55,0.836,0.6,0.283,1.23
335,17.532,36,32,70,0.714,0.844,0.34,2.06
336,117.938,35,12,48,0.875,1.0,0.357,1.42
337,74.53,31,16,48,0.792,0.556,0.342,1.3
338,148.035,41,12,55,0.818,1.0,0.244,1.26
339,142.514,39,12,52,0.788,0.5,0.268,1.34
340,26.23,34,28,67,0.791,0.733,0.302,1.85
341,77.199,28,13,42,0.762,0.75,0.281,1.36
342,59.066,37,25,64,0.797,0.917,0.314,1.7
343,8.253,29,26,63,0.778,0.737,0.306,1.67
344,94.473,36,17,57,0.719,0.75,0.341,1.52
345,91.96,33,15,49,0.653,0.5,0.344,1.73
346,46.057,33,24,58,0.776,0.667,0.333,1.66
347,70.492,35,21,59,0.831,1.0,0.327,1.44
348,31.15,37,31,76,0.829,0.722,0.397,2.32
349,152.864,36,6,43,0.814,1.0,0.4,1.31
350,62.524,31,18,49,0.735,0.5,0.278,1.06
351,121.026,33,10,45,0.756,1.0,0.265,1.05
352,40.405,34,26,61,0.77,0.857,0.319,1.61
353,18.133,27,23,54,0.759,0.571,0.341,1.42
354,77.334,32,17,49,0.816,1.0,0.25,1.16
355,58.818,30,19,49,0.735,0.8,0.361,1.32
356,103.274,33,13,46,0.761,0.571,0.257,1.35
357,43.755,34,25,67,0.776,0.667,0.25,1.81
358,105.915,37,16,62,0.774,0.778,0.292,1.44
359,33.604,37,30,72,0.736,0.69,0.302,1.97
360,125.865,37,12,52,0.808,0.75,0.262,1.26
361,54.878,32,21,61,0.803,0.75,0.306,1.41
362,-19.731,27,30,63,0.81,0.71,0.255,2.29
363,15.941,27,24,52,0.808,1.0,0.429,1.33
364,35.525,22,15,43,0.86,0.667,0.351,1.36
365,-58.707,30,41,75,0.72,0.706,0.315,1.86
366,160.258,46,15,64,0.797,1.0,0.314,1.94
367,53.336,33,22,58,0.845,0.75,0.367,1.3
368,44.11,29,20,54,0.889,1.0,0.271,1.29
369,131.018,43,17,60,0.85,0.833,0.333,1.16
370,87.554,37,20,64,0.781,0.722,0.26,1.75
371,11.184,33,30,70,0.757,0.826,0.283,2.25
372,74.214,35,21,61,0.82,0.846,0.32,1.64
373,6.111,30,28,64,0.875,0.826,0.268,1.82
374,6.969,29,27,60,0.8,0.833,0.312,1.2
375,126.269,40,15,59,0.746,0.909,0.25,1.41
376,61.542,37,24,65,0.677,0.71,0.364,1.68
377,88.143,38,21,63,0.762,0.812,0.312,1.96
378,26.1,25,19,46,0.783,0.636,0.306,1.57
379,25.267,33,27,66,0.742,0.75,0.367,1.74
380,117.938,35,12,50,0.74,1.0,0.324,1.46
381,22.882,32,27,63,0.825,0.875,0.269,1.31
382,90.58,31,13,50,0.86,0.889,0.302,1.55
383,116.975,43,20,63,0.714,0.667,0.244,2.11
384,87.272,33,16,55,0.782,0.9,0.326,1.4
385,-27.029,28,33,62,0.758,0.917,0.277,1.97
386,58.667,38,26,65,0.892,0.8,0.259,1.26
387,115.545,30,8,38,0.711,0.75,0.259,1.15
388,87.297,32,15,50,0.7,0.632,0.286,1.75
389,49.737,34,24,69,0.696,0.769,0.312,2.02
390,35.4,31,23,55,0.745,0.818,0.293,1.45
391,61.209,35,22,60,0.75,0.8,0.356,2.06
392,93.412,29,11,43,0.791,0.714,0.324,1.12
393,174.696,39,5,49,0.755,1.0,0.351,1.22
394,96.971,34,15,52,0.846,1.0,0.341,1.14
395,109.028,30,9,44,0.773,0.5,0.265,1.15
396,98.664,36,17,58,0.828,0.75,0.292,1.33
397,59.232,28,16,47,0.702,0.818,0.242,1.35
398,61.241,32,20,52,0.808,0.8,0.333,1.48
399,64.401,35,22,60,0.683,0.6,0.293,1.55
400,48.722,30,21,56,0.714,0.619,0.3,1.71
401,150.07,41,12,60,0.817,0.9,0.367,1.5
402,43.97,32,22,58,0.879,0.833,0.294,1.22
403,135.273,32,6,38,0.868,0.571,0.333,1.24
404,101.498,34,14,51,0.784,1.0,0.25,1.18
405,69.479,32,18,52,0.846,0.75,0.295,1.26
406,101.304,35,15,50,0.84,0.889,0.405,1.59
407,74.09,27,12,49,0.816,0.875,0.3,1.11
408,99.606,34,14,56,0.804,0.583,0.333,1.76
409,44.672,34,24,70,0.714,0.774,0.38,2.39
410,87.278,37,19,56,0.732,0.633,0.22,1.47
411,48.658,34,24,60,0.8,0.9,0.271,1.81
412,99.263,34,15,52,0.788,0.857,0.366,1.74
413,71.776,35,21,59,0.78,0.774,0.261,1.78
414,25.416,31,25,60,0.767,0.65,0.304,1.54
415,81.759,34,18,56,0.768,0.824,0.372,1.62
416,124.389,38,13,56,0.786,0.722,0.318,1.74
417,109.129,35,13,55,0.782,1.0,0.326,1.18
418,10.719,28,25,56,0.839,0.857,0.319,1.9
419,78.027,40,25,65,0.769,0.778,0.24,1.31
420,73.242,32,17,59,0.712,0.667,0.31,1.54
421,38.965,32,24,63,0.905,0.864,0.298,2.11
422,173.653,45,12,61,0.852,0.765,0.269,1.54
423,35.519,31,24,57,0.807,0.833,0.37,1.41
424,53.638,32,22,61,0.836,0.824,0.333,1.71
425,99.595,32,13,46,0.783,0.833,0.25,1.3
426,73.13,29,15,45,0.756,0.429,0.324,1.36
427,18.971,27,23,54,0.759,0.769,0.366,1.44
428,32.447,32,25,59,0.881,0.929,0.327,1.67
429,111.514,37,15,59,0.695,0.824,0.293,1.75
430,22.955,28,23,56,0.821,0.5,0.326,1.53
431,43.452,30,22,59,0.814,0.8,0.354,1.81
432,78.419,27,12,40,0.825,0.8,0.424,1.49
433,30.509,27,20,52,0.827,0.5,0.302,1.34
434,112.401,32,10,43,0.744,0.4,0.281,1.21
435,-12.683,27,29,59,0.847,0.889,0.36,1.32
436,-44.673,29,37,66,0.894,0.889,0.322,1.49
437,0.868,27,26,55,0.836,0.88,0.283,1.63
438,-10.55,29,30,66,0.727,0.75,0.292,1.99
439,-24.353,26,30,65,0.831,0.786,0.315,2.05
440,78.138,32,17,60,0.85,0.75,0.353,1.51
441,113.521,34,12,47,0.851,0.0,0.275,1.14
442,92.94,39,20,62,0.677,0.571,0.262,1.62
443,39.243,31,23,60,0.783,0.818,0.362,1.63
444,61.399,33,21,61,0.754,0.714,0.283,1.64
445,56.691,29,18,50,0.8,0.889,0.325,1.47
446,22.411,36,31,71,0.817,0.909,0.328,1.71
447,113.378,38,16,55,0.782,0.8,0.302,1.5
448,35.534,30,23,55,0.836,0.769,0.304,1.46
449,87.519,33,16,50,0.78,0.75,0.282,1.62
450,-16.56,28,30,68,0.824,0.769,0.268,1.93
451,102.651,35,15,51,0.784,0.875,0.275,1.51
452,59.237,31,20,52,0.846,0.722,0.273,1.64
453,38.881,30,22,57,0.719,0.6,0.341,1.44
454,-18.097,27,30,62,0.839,0.923,0.269,1.64
455,53.321,30,19,54,0.778,0.727,0.262,1.31
456,44.955,30,21,54,0.722,0.667,0.359,1.62
457,52.059,34,24,62,0.774,0.826,0.292,1.79
458,47.631,34,25,60,0.85,0.875,0.314,1.59
459,-2.612,27,27,54,0.796,0.842,0.256,1.28
460,100.737,39,19,66,0.833,0.8,0.309,1.7
461,76.944,35,20,60,0.867,0.944,0.25,1.76
462,127.255,38,12,59,0.881,1.0,0.327,1.74
463,88.128,35,18,58,0.776,0.611,0.289,1.75
464,111.527,37,15,52,0.731,0.615,0.263,1.16
465,14.113,30,27,60,0.833,0.933,0.3,1.62
466,101.198,37,17,57,0.825,0.636,0.255,1.52
467,66.295,32,19,52,0.827,0.833,0.302,1.59
468,71.563,32,18,53,0.736,0.727,0.359,1.71
469,44.441,32,23,57,0.772,0.6,0.25,1.6
470,67.977,36,23,60,0.767,0.8,0.348,1.86
471,117.604,34,11,53,0.755,1.0,0.25,1.12
472,38.103,33,26,60,0.867,0.833,0.365,1.53
473,-32.014,25,31,58,0.776,0.727,0.356,1.91
474,63.696,31,19,61,0.836,0.667,0.275,1.84
475,109.973,36,14,50,0.78,0.692,0.359,1.32
476,98.686,35,16,53,0.83,0.75,0.341,1.43
477,101.824,37,18,57,0.842,1.0,0.396,1.44
478,133.844,38,12,53,0.811,0.889,0.233,1.4
479,8.475,28,26,59,0.932,0.786,0.236,1.45
480,141.441,36,8,46,0.761,0.889,0.257,1.28
481,103.316,36,16,52,0.769,0.867,0.275,1.3
482,82.206,32,16,50,0.8,0.75,0.55,1.61
483,56.248,26,15,46,0.783,1.0,0.306,1.46
484,47.305,31,21,56,0.804,0.833,0.289,1.23
485,-5.273,29,30,59,0.729,0.767,0.372,1.78
486,100.665,32,12,47,0.915,1.0,0.256,1.27
487,-17.944,29,32,65,0.815,0.727,0.283,2.01
488,140.214,38,11,50,0.78,0.824,0.282,1.6
489,64.051,28,15,47,0.745,1.0,0.4,1.29
490,63.151,33,21,61,0.803,0.769,0.327,1.66
491,44.426,29,20,53,0.774,0.75,0.341,1.56
492,21.13,33,28,75,0.827,0.938,0.258,1.97
493,92.235,32,14,50,0.82,0.7,0.317,1.4
494,79.061,33,18,52,0.788,0.538,0.268,1.48
495,14.525,34,31,66,0.758,0.759,0.26,2.08
496,102.82,38,18,59,0.814,0.8,0.333,1.33
497,102.599,35,15,56,0.821,0.667,0.326,1.39
498,32.095,35,28,66,0.758,0.739,0.32,1.88
499,145.421,41,13,58,0.655,0.688,0.5,1.95
500,93.137,33,15,52,0.788,0.778,0.317,1.54
501,103.423,31,11,44,0.864,1.0,0.316,1.34
502,137.921,35,8,45,0.933,1.0,0.262,1.19
503,-22.843,26,30,62,0.677,0.667,0.31,2.21
504,175.214,43,9,54,0.796,0.857,0.326,1.5
505,80.255,31,15,48,0.854,0.833,0.244,1.11
506,73.444,34,20,56,0.821,0.7,0.261,1.51
507,65.98,31,18,53,0.811,0.9,0.442,1.67
508,35.77,30,23,60,0.867,0.857,0.442,1.73
509,95.735,33,14,54,0.889,1.0,0.292,1.52
510,51.296,31,21,54,0.796,0.7,0.302,1.3
511,124.156,37,13,54,0.778,0.5,0.286,1.66
512,146.451,34,6,40,0.75,0.0,0.333,1.22
513,34.266,27,20,53,0.774,0.824,0.293,1.81
514,146.171,38,10,50,0.72,0.667,0.222,1.12
515,31.117,28,22,53,0.811,0.909,0.256,1.31
516,104.55,31,11,43,0.744,0.583,0.344,1.51
517,-24.723,27,32,67,0.731,0.818,0.306,1.78
518,85.52,31,14,47,0.851,0.875,0.275,1.34
519,88.709,30,12,47,0.681,0.667,0.281,1.29
520,43.152,32,24,59,0.831,0.556,0.429,2.01
521,82.002,34,19,53,0.83,0.706,0.364,1.78
522,115.334,40,18,61,0.82,0.833,0.3,1.67
523,113.79,35,13,49,0.776,1.0,0.316,1.4
524,62.031,36,23,67,0.761,0.788,0.255,2.04
525,84.9,27,10,44,0.841,1.0,0.324,1.19
526,23.836,28,23,56,0.768,0.778,0.302,1.29
527,60.095,37,25,67,0.851,0.75,0.281,1.74
528,124.265,35,11,46,0.739,0.75,0.294,1.35
529,103.101,35,15,54,0.833,0.733,0.244,1.57
530,70.098,36,22,58,0.828,0.556,0.271,1.6
531,45.924,31,22,53,0.811,1.0,0.349,1.35
532,29.845,30,24,54,0.852,0.857,0.283,1.72
533,-7.866,31,33,65,0.846,0.857,0.327,1.65
534,10.942,33,31,65,0.754,0.724,0.245,2.13
535,88.837,30,13,43,0.698,0.667,0.3,1.46
536,37.261,29,22,54,0.815,0.818,0.409,1.88
537,43.178,38,29,70,0.771,0.706,0.278,1.93
538,32.725,32,25,62,0.79,0.926,0.347,1.78
539,158.077,38,8,47,0.723,0.0,0.294,1.35
540,69.741,33,19,54,0.778,0.778,0.333,1.36
541,129.477,31,6,39,0.718,0.5,0.321,1.25
542,63.074,33,19,55,0.8,0.75,0.341,1.3
543,38.499,30,22,52,0.769,0.769,0.25,1.26
544,136.791,41,14,55,0.818,0.765,0.333,1.57
545,93.834,34,15,53,0.774,0.5,0.293,1.44
546,-3.233,34,34,69,0.754,0.679,0.327,2.57
547,71.765,41,27,70,0.871,0.778,0.262,1.48
548,53.206,29,19,51,0.784,0.667,0.375,1.61
549,101.997,35,14,52,0.788,0.583,0.268,1.46
550,91.162,28,10,44,0.818,0.778,0.333,1.37
551,-25.676,33,37,73,0.726,0.607,0.245,1.79
552,85.773,33,16,53,0.792,0.727,0.262,1.38
553,10.409,31,28,61,0.77,0.75,0.277,1.77
554,108.915,34,12,48,0.667,0.429,0.281,1.28
555,75.135,29,14,49,0.857,0.833,0.357,1.52
556,92.47,34,16,50,0.84,0.786,0.405,1.74
557,60.244,34,22,57,0.789,0.727,0.311,1.57
558,63.883,36,23,67,0.836,0.944,0.339,2.01
559,122.186,41,18,61,0.787,0.75,0.292,1.7
560,-1.635,28,28,60,0.783,0.538,0.255,1.88
561,89.575,32,14,49,0.816,0.769,0.325,1.41
562,43.986,33,24,61,0.787,0.688,0.312,1.77
563,23.124,29,24,57,0.825,0.867,0.34,1.7
564,143.18,37,8,48,0.667,0.8,0.312,1.22
565,125.159,38,13,58,0.81,0.938,0.277,1.5
566,96.827,35,16,57,0.807,0.833,0.283,1.44
567,65.959,32,18,52,0.769,0.75,0.35,1.58
568,77.272,33,18,54,0.833,0.714,0.289,1.52
569,40.244,33,25,64,0.703,0.625,0.289,2.53
570,92.045,33,15,53,0.811,0.875,0.302,1.39
571,129.457,37,12,53,0.774,0.667,0.317,1.36
572,69.617,35,21,56,0.821,1.0,0.261,1.46
573,114.254,37,15,54,0.741,0.75,0.35,1.45
574,53.301,26,16,44,0.795,0.786,0.286,1.6
575,100.811,33,14,47,0.766,0.5,0.278,1.34
576,119.71,34,11,48,0.75,0.929,0.25,1.43
577,77.677,32,17,51,0.686,0.667,0.371,1.63
578,33.027,32,25,60,0.75,0.684,0.289,1.31
579,66.049,34,21,57,0.684,0.7,0.256,1.46
580,3.29,32,31,66,0.773,0.7,0.314,1.46
581,56.748,33,22,56,0.661,0.591,0.297,2.18
582,28.332,25,19,47,0.66,0.571,0.29,1.41
583,126.398,32,7,44,0.705,0.5,0.258,1.18
584,25.063,30,24,60,0.85,0.821,0.255,1.45
585,102.802,33,13,52,0.731,0.6,0.316,1.37
586,3.191,28,27,56,0.643,0.6,0.417,1.95
587,69.788,35,21,64,0.734,0.591,0.234,2.09
588,73.132,30,16,50,0.88,1.0,0.432,1.39
589,131.696,40,15,59,0.78,0.778,0.326,1.3
590,20.321,35,31,67,0.761,0.75,0.275,1.4
591,73.1,37,22,64,0.812,0.833,0.462,1.66
592,6.682,32,30,62,0.774,0.692,0.396,1.86
593,103.081,38,18,58,0.759,1.0,0.386,1.63
594,125.704,30,6,37,0.811,0.0,0.333,0.96
595,76.703,35,20,59,0.847,0.778,0.3,1.41
596,69.344,31,17,55,0.727,0.636,0.25,1.56
597,29.656,29,23,54,0.759,0.812,0.293,1.6
598,84.877,34,17,53,0.755,0.8,0.325,1.58
599,108.862,40,19,60,0.783,0.765,0.319,1.29
600,58.551,35,23,58,0.81,0.778,0.319,1.13
601,10.178,33,30,71,0.817,0.778,0.362,2.13
602,92.999,39,21,63,0.762,0.75,0.312,1.84
603,48.218,27,17,51,0.745,0.833,0.289,1.31
604,105.896,34,13,51,0.843,0.5,0.419,1.46
605,177.415,43,9,55,0.764,1.0,0.262,1.38
606,34.717,37,30,68,0.721,0.75,0.265,1.85
607,66.038,33,20,53,0.792,0.0,0.333,1.23
608,131.568,40,15,55,0.818,0.786,0.333,1.43
609,55.824,28,17,50,0.78,0.778,0.282,1.53
610,118.925,37,14,53,0.774,0.778,0.293,1.53
611,73.32,30,15,47,0.83,1.0,0.308,1.3
612,-19.78,25,28,62,0.742,0.643,0.304,1.55
613,104.235,33,13,48,0.75,1.0,0.333,1.56
614,46.418,31,22,57,0.789,0.615,0.244,1.65
615,103.517,32,12,47,0.809,0.333,0.263,1.66
616,90.946,38,20,60,0.833,0.812,0.32,1.79
617,154.393,41,11,59,0.746,0.737,0.273,1.77
618,170.514,42,9,54,0.759,0.722,0.268,1.59
619,64.124,29,16,53,0.736,0.75,0.256,1.37
620,120.63,38,14,54,0.63,0.682,0.265,1.71
621,28.771,25,19,48,0.75,0.643,0.278,1.47
622,27.756,27,21,48,0.75,0.667,0.25,1.39
623,45.81,33,24,59,0.814,0.636,0.312,1.52
624,68.917,30,16,48,0.771,0.714,0.297,1.27
625,57.11,32,20,61,0.82,0.933,0.24,1.53
626,133.457,32,6,44,0.818,0.833,0.306,1.41
627,122.387,36,12,51,0.765,0.75,0.359,1.53
628,83.39,28,12,46,0.804,0.8,0.297,1.2
629,95.975,37,18,59,0.746,1.0,0.364,1.53
630,68.322,32,19,53,0.755,0.625,0.3,1.64
631,-44.401,28,36,65,0.8,0.833,0.231,1.78
632,90.726,31,13,51,0.863,1.0,0.227,1.11
633,64.595,36,23,62,0.806,0.867,0.36,1.71
634,66.516,37,24,64,0.859,0.81,0.291,1.7
635,139.569,41,13,54,0.796,0.833,0.349,1.56
636,84.722,36,19,61,0.672,0.706,0.317,1.61
637,76.256,36,20,56,0.821,0.75,0.261,1.19
638,151.266,41,11,54,0.796,0.889,0.279,1.46
639,117.531,31,8,41,0.829,1.0,0.382,1.21
640,66.369,32,19,58,0.862,1.0,0.32,1.78
641,96.952,32,13,50,0.84,1.0,0.31,1.24
642,-20.034,28,31,60,0.75,0.682,0.267,1.62
643,129.089,34,9,50,0.86,1.0,0.256,1.33
644,141.225,39,11,53,0.755,0.556,0.325,1.56
645,-2.55,31,32,67,0.788,0.7,0.385,2.36
646,79.759,38,22,64,0.781,0.643,0.28,1.44
647,70.834,37,22,62,0.887,1.0,0.236,1.35
648,2.461,32,31,68,0.824,0.882,0.286,1.67
649,65.291,42,29,75,0.76,0.733,0.368,1.98
650,89.336,42,24,66,0.773,0.778,0.314,1.41
651,-14.033,24,26,52,0.827,0.875,0.326,1.58
652,132.987,42,16,61,0.705,0.765,0.302,1.43
653,61.648,36,24,63,0.857,0.9,0.37,1.53
654,63.88,33,20,60,0.783,0.9,0.362,1.66
655,29.151,35,29,66,0.742,0.667,0.286,1.83
656,82.277,31,15,51,0.765,0.75,0.462,1.38
657,48.208,30,20,55,0.836,0.933,0.304,1.66
658,149.702,43,14,57,0.842,0.667,0.333,1.42
659,74.903,33,18,56,0.821,1.0,0.283,1.38
660,33.635,29,22,58,0.793,0.786,0.348,1.51
661,54.667,31,20,56,0.839,0.818,0.319,1.52
662,37.763,35,27,66,0.758,0.724,0.26,2.02
663,133.568,38,13,57,0.825,0.786,0.426,1.81
664,115.429,40,17,60,0.733,0.812,0.25,1.75
665,78.47,32,17,51,0.706,0.667,0.389,1.4
666,92.301,36,17,55,0.891,1.0,0.265,1.33
667,124.919,38,14,55,0.764,0.909,0.333,1.4
668,35.85,30,22,52,0.865,0.5,0.289,1.41
669,-10.276,29,30,62,0.823,0.87,0.314,1.57
670,62.72,35,22,61,0.836,0.818,0.314,1.4
671,109.543,35,14,53,0.811,0.875,0.349,1.65
672,100.933,29,10,39,0.846,1.0,0.303,0.99
673,22.183,32,27,67,0.701,0.714,0.277,1.87
674,81.787,35,19,62,0.758,0.68,0.319,1.81
675,90.685,31,13,49,0.714,0.833,0.371,1.21
676,81.943,34,18,53,0.887,1.0,0.319,1.31
677,20.91,29,25,61,0.803,0.833,0.265,1.44
678,156.308,39,9,52,0.808,0.5,0.262,1.25
679,55.606,32,20,59,0.763,0.889,0.267,1.21
680,14.847,33,30,63,0.841,0.826,0.302,1.74
681,8.175,28,25,60,0.733,0.667,0.273,1.51
682,-20.974,32,35,73,0.849,0.808,0.339,2.05
683,88.569,32,15,49,0.776,1.0,0.237,1.34
684,18.124,31,27,62,0.855,0.824,0.245,2.0
685,164.753,37,5,42,0.69,0.571,0.276,1.45
686,82.155,35,19,57,0.772,0.923,0.341,1.68
687,67.471,30,17,49,0.755,1.0,0.378,1.27
688,-14.817,28,30,59,0.763,0.762,0.289,1.57
689,109.673,31,10,47,0.894,0.8,0.31,1.63
690,37.14,30,22,55,0.818,1.0,0.289,1.38
691,77.279,32,17,52,0.808,0.625,0.31,1.59
692,55.166,32,21,53,0.755,0.81,0.275,1.44
693,123.912,31,7,39,0.769,0.75,0.367,1.14
694,169.318,46,13,65,0.8,0.818,0.365,1.76
695,4.671,28,26,56,0.768,0.857,0.349,1.45
696,78.681,34,18,53,0.774,0.75,0.268,1.52
697,33.438,30,23,57,0.789,0.85,0.311,1.99
698,119.567,34,11,48,0.75,0.5,0.333,1.36
699,90.068,31,13,51,0.804,0.857,0.268,1.26
700,103.971,29,9,40,0.85,0.0,0.294,0.9
701,115.63,36,13,50,0.82,0.8,0.268,1.39
702,53.548,36,25,64,0.766,0.722,0.327,2.12
703,82.383,36,20,59,0.831,0.727,0.265,1.41
704,59.691,33,21,58,0.741,0.556,0.279,1.34
705,-32.612,28,34,66,0.712,0.633,0.277,2.36
706,43.84,36,27,66,0.742,0.727,0.327,1.75
707,42.925,27,18,52,0.827,0.8,0.349,1.44
708,84.754,30,13,43,0.814,1.0,0.429,1.14
709,19.867,37,33,70,0.829,0.72,0.259,2.02
710,69.984,35,21,59,0.814,1.0,0.312,1.19
711,64.263,30,17,52,0.788,0.75,0.341,1.35
712,115.944,38,15,54,0.833,0.944,0.244,1.42
713,54.38,32,21,63,0.746,0.762,0.277,1.75
714,76.005,35,20,60,0.783,0.6,0.362,2.35
715,79.036,36,21,61,0.705,0.75,0.372,2.02
716,98.214,30,11,43,0.791,0.857,0.324,1.16
717,79.027,32,16,54,0.778,0.9,0.262,1.44
718,118.961,32,9,44,0.795,0.75,0.286,1.08
719,64.292,37,24,64,0.812,0.824,0.288,1.66
720,72.057,33,18,55,0.836,1.0,0.239,1.12
721,107.129,36,15,57,0.789,0.667,0.333,1.56
722,92.88,29,11,43,0.791,0.0,0.324,1.06
723,-16.569,29,32,65,0.723,0.773,0.362,1.92
724,37.573,37,29,69,0.913,0.85,0.27,1.62
725,127.785,39,14,56,0.893,1.0,0.28,1.4
726,87.779,32,15,50,0.9,0.333,0.333,1.43
727,28.899,33,27,62,0.758,0.647,0.319,1.6
728,80.341,34,18,55,0.764,0.571,0.286,1.43
729,24.095,31,26,59,0.814,0.944,0.271,1.63
730,94.579,34,15,50,0.76,0.667,0.237,1.1
731,79.696,35,19,58,0.776,1.0,0.267,1.66
732,8.121,34,32,72,0.847,0.72,0.311,1.97
733,126.078,36,11,51,0.843,0.75,0.256,1.27
734,-6.358,32,33,73,0.808,0.818,0.322,2.32
735,75.194,33,18,58,0.845,0.875,0.265,1.41
736,91.228,33,15,51,0.863,1.0,0.318,1.05
737,66.097,33,20,56,0.911,0.667,0.294,1.51
738,140.774,38,10,51,0.804,1.0,0.268,1.21
739,99.716,32,13,46,0.783,0.8,0.306,1.4
740,48.187,33,24,58,0.69,0.632,0.35,1.83
741,79.415,35,18,62,0.758,0.75,0.277,1.66
742,92.592,29,11,41,0.805,1.0,0.273,1.16
743,55.817,29,18,48,0.792,0.667,0.316,1.24
744,164.919,38,6,53,0.83,1.0,0.25,1.06
745,89.819,37,19,58,0.793,0.875,0.304,1.41
746,38.671,36,28,69,0.725,0.778,0.32,1.87
747,77.378,29,14,49,0.816,0.8,0.325,1.47
748,122.144,38,14,52,0.731,0.625,0.421,1.34
749,58.975,31,19,54,0.796,0.625,0.279,1.35
750,120.909,37,13,51,0.784,0.857,0.325,1.3
751,162.718,41,10,54,0.759,0.538,0.341,2.0
752,80.209,30,14,44,0.75,0.6,0.303,1.44
753,72.489,31,17,55,0.727,0.583,0.325,1.58
754,170.047,39,6,48,0.812,0.0,0.333,1.12
755,147.49,40,12,54,0.889,0.857,0.292,1.36
756,103.955,36,15,56,0.839,0.842,0.319,1.69
757,42.219,33,24,60,0.8,0.923,0.25,1.44
758,120.568,41,17,60,0.783,0.667,0.277,1.58
759,98.807,36,17,53,0.811,0.778,0.349,1.73
760,58.831,29,17,49,0.776,0.722,0.368,1.43
761,85.622,41,24,66,0.833,1.0,0.309,1.6
762,111.219,33,11,57,0.807,0.667,0.326,1.57
763,46.162,32,23,58,0.828,0.765,0.292,1.63
764,142.268,37,9,46,0.826,0.714,0.316,1.25
765,92.603,35,17,59,0.847,0.8,0.36,1.78
766,50.69,33,23,59,0.746,0.647,0.341,1.73
767,-17.548,30,33,65,0.769,0.735,0.24,1.54
768,93.226,34,16,51,0.725,0.5,0.324,1.57
769,129.752,37,12,50,0.74,1.0,0.297,1.17
770,84.659,34,17,55,0.673,0.72,0.297,1.86
771,-108.484,23,43,69,0.899,0.97,0.29,1.84
772,79.798,36,20,60,0.817,0.909,0.347,1.5
773,98.326,38,18,64,0.703,0.75,0.311,1.69
774,115.515,33,11,45,0.689,0.875,0.323,1.33
775,48.986,29,19,49,0.755,0.6,0.351,1.56
776,50.038,32,22,57,0.772,0.8,0.318,1.58
777,68.673,29,15,48,0.812,0.733,0.359,1.4
778,84.132,36,20,58,0.879,1.0,0.373,1.72
779,72.685,34,20,61,0.77,0.688,0.426,1.93
780,35.461,30,22,52,0.788,0.842,0.293,1.46
781,104.218,38,18,57,0.772,0.714,0.295,1.32
782,112.007,35,14,51,0.765,0.562,0.282,1.61
783,25.253,31,26,61,0.836,0.8,0.373,1.78
784,62.568,36,24,66,0.773,0.773,0.333,1.83
785,175.68,41,7,52,0.808,1.0,0.262,1.32
786,118.896,39,16,59,0.729,0.765,0.279,1.69
787,91.07,35,17,59,0.831,0.714,0.388,1.77
788,97.078,33,14,48,0.771,0.75,0.378,1.08
789,103.481,40,19,59,0.729,0.81,0.326,1.68
790,-59.286,29,40,69,0.884,0.917,0.311,1.85
791,141.075,32,5,41,0.805,0.667,0.333,1.23
792,141.854,38,10,57,0.825,0.857,0.383,1.7
793,16.941,26,22,56,0.804,0.917,0.311,1.26
794,74.639,30,15,50,0.8,0.857,0.375,1.33
795,80.65,32,16,48,0.833,0.75,0.375,1.55
796,83.599,37,20,60,0.75,0.667,0.356,1.56
797,-26.16,26,31,62,0.839,0.778,0.365,2.07
798,76.375,34,19,57,0.719,0.733,0.293,1.5
799,188.932,43,7,54,0.815,0.0,0.295,1.48
800,67.761,31,18,50,0.72,0.733,0.278,1.6
801,112.685,37,15,53,0.679,0.824,0.222,1.53
802,95.622,34,15,51,0.863,1.0,0.341,1.39
803,102.454,31,11,47,0.915,1.0,0.326,1.47
804,88.452,38,20,61,0.803,1.0,0.367,1.6
805,77.154,36,20,60,0.767,0.826,0.239,1.53
806,66.897,37,23,67,0.806,0.727,0.333,1.94
807,98.108,36,16,54,0.852,0.833,0.304,1.24
808,-16.452,28,31,64,0.812,0.769,0.308,1.71
809,6.873,30,28,58,0.81,0.9,0.319,1.55
810,134.451,38,11,52,0.808,0.857,0.262,1.27
811,23.857,35,30,69,0.768,0.808,0.321,2.23
812,97.643,35,16,52,0.808,0.5,0.286,1.28
813,16.918,32,28,68,0.809,0.889,0.345,1.74
814,-31.183,29,34,67,0.806,0.955,0.315,1.42
815,66.4,39,25,66,0.742,0.773,0.306,1.78
816,133.219,37,11,48,0.792,1.0,0.342,1.43
817,100.345,38,18,61,0.803,0.714,0.265,1.67
818,99.773,33,14,48,0.812,0.833,0.282,1.3
819,142.323,39,11,52,0.865,1.0,0.311,1.4
820,114.074,42,19,62,0.8,1.0,0.333,1.97
821,49.052,32,22,56,0.732,0.667,0.268,1.47
822,142.835,45,17,62,0.742,0.857,0.261,1.42
823,84.758,35,18,54,0.833,0.769,0.244,1.4
824,90.382,36,19,55,0.8,0.833,0.318,1.66
825,32.859,28,22,55,0.709,0.6,0.333,1.63
826,114.735,36,13,52,0.692,1.0,0.361,1.16
827,115.962,33,11,45,0.8,0.667,0.5,1.57
828,96.151,39,20,60,0.85,0.929,0.255,1.43
829,97.565,32,13,49,0.816,0.875,0.3,1.37
830,113.651,37,15,55,0.745,0.733,0.317,1.5
831,60.896,32,20,55,0.855,0.75,0.404,1.62
832,129.775,39,14,59,0.746,0.7,0.273,1.42
833,39.707,35,27,65,0.769,0.714,0.34,1.63
834,93.743,35,16,51,0.804,1.0,0.293,1.36
835,126.487,39,14,56,0.75,0.933,0.286,1.55
836,99.797,33,14,49,0.816,0.833,0.3,1.2
837,41.808,36,27,64,0.797,0.909,0.314,1.37
838,97.879,35,16,53,0.83,0.818,0.273,1.43
839,58.275,36,24,63,0.778,0.76,0.286,1.67
840,84.722,40,23,65,0.815,0.917,0.264,1.64
841,25.187,35,29,65,0.785,0.778,0.333,1.65
842,117.541,34,11,47,0.745,0.5,0.257,1.16
843,35.298,34,26,63,0.81,0.833,0.275,1.39
844,-11.856,31,33,68,0.824,0.8,0.304,2.12
845,55.162,36,24,63,0.762,0.909,0.25,1.72
846,114.333,39,17,60,0.817,0.913,0.347,1.85
847,105.646,38,17,60,0.85,0.833,0.255,1.35
848,119.214,33,10,48,0.792,0.714,0.263,1.16
849,120.156,40,16,58,0.845,0.909,0.286,1.49
850,101.213,37,17,56,0.75,0.846,0.286,1.2
851,93.219,35,17,57,0.772,0.667,0.386,1.49
852,74.075,32,17,57,0.737,0.733,0.31,1.33
853,23.561,31,26,62,0.871,1.0,0.352,1.77
854,40.365,33,24,60,0.733,0.85,0.295,1.64
855,13.797,29,26,56,0.839,0.75,0.362,1.66
856,95.9,35,16,53,0.66,0.706,0.314,1.72
857,-6.922,32,33,69,0.768,0.714,0.283,1.95
858,112.792,34,12,46,0.739,1.0,0.353,0.96
859,14.229,29,25,57,0.702,0.727,0.25,1.6
860,112.282,31,9,40,0.8,0.75,0.312,1.08
861,177.393,44,10,58,0.759,1.0,0.341,1.42
862,103.293,35,14,58,0.793,1.0,0.283,1.5
863,189.788,43,7,52,0.731,0.8,0.263,1.34
864,119.205,41,18,64,0.828,0.75,0.396,1.93
865,103.089,36,15,55,0.727,1.0,0.3,1.24
866,71.146,32,18,58,0.741,0.611,0.302,1.72
867,144.354,46,17,64,0.781,0.833,0.32,1.53
868,61.324,38,26,65,0.815,0.9,0.302,1.78
869,109.379,38,17,56,0.804,1.0,0.267,1.46
870,152.285,41,11,55,0.727,0.545,0.425,1.68
871,94.793,29,11,51,0.824,1.0,0.333,1.48
872,40.844,38,29,69,0.826,0.889,0.263,1.7
873,110.461,35,14,50,0.82,1.0,0.268,1.24
874,102.78,38,18,66,0.818,0.714,0.296,1.71
875,48.114,34,24,61,0.803,0.875,0.306,1.69
876,108.278,36,15,56,0.768,0.792,0.256,1.79
877,59.702,33,21,60,0.867,0.818,0.288,1.62
878,90.816,34,16,55,0.655,0.652,0.333,1.54
879,143.223,40,12,52,0.769,0.857,0.375,1.09
880,68.879,33,19,55,0.8,0.778,0.295,1.42
881,118.24,36,13,54,0.722,0.875,0.308,1.51
882,19.398,31,27,61,0.787,0.667,0.438,1.87
883,29.341,29,23,55,0.873,1.0,0.354,1.55
884,106.259,34,13,48,0.771,0.737,0.324,1.5
885,87.588,33,15,53,0.83,0.917,0.25,1.46
886,99.179,32,12,45,0.8,0.0,0.278,0.96
887,180.986,43,8,51,0.804,1.0,0.317,1.19
888,33.958,33,26,59,0.763,0.778,0.4,1.72
889,-1.659,29,29,62,0.758,0.65,0.277,1.74
890,61.595,33,21,59,0.797,0.941,0.277,1.58
891,54.147,35,24,65,0.877,0.818,0.333,1.83
892,59.96,37,25,65,0.723,0.609,0.277,2.03
893,98.916,33,13,49,0.776,1.0,0.474,1.38
894,166.821,36,4,44,0.773,0.0,0.294,1.31
895,116.74,39,16,58,0.759,0.696,0.318,1.85
896,-75.958,26,40,68,0.765,0.778,0.25,1.66
897,89.992,36,18,56,0.786,0.889,0.295,1.28
898,49.087,34,25,60,0.767,0.8,0.37,1.78
899,53.498,32,21,59,0.797,0.846,0.319,1.79
900,139.611,37,10,50,0.76,0.857,0.342,1.26
901,34.546,27,20,48,0.854,1.0,0.341,1.31
902,67.758,34,20,59,0.847,0.818,0.28,1.46
903,14.95,29,26,59,0.864,0.87,0.275,1.57
904,39.078,35,27,63,0.762,0.68,0.333,1.92
905,102.232,34,14,54,0.759,0.647,0.366,1.71
906,91.469,36,17,57,0.825,1.0,0.298,1.46
907,61.932,36,24,64,0.781,0.741,0.24,1.91
908,99.65,38,18,56,0.768,0.8,0.233,1.52
909,60.682,37,25,63,0.714,0.846,0.289,1.21
910,74.689,36,21,60,0.733,0.571,0.227,1.49
911,181.523,39,4,44,0.773,0.0,0.353,1.15
912,64.668,36,23,59,0.746,0.667,0.341,1.51
913,-7.404,31,32,68,0.765,0.879,0.231,1.68
914,122.433,37,13,57,0.684,0.667,0.282,1.5
915,47.227,36,26,63,0.81,0.947,0.314,1.68
916,84.679,36,19,56,0.804,0.889,0.311,1.18
917,117.283,41,18,63,0.762,0.0,0.333,1.72
918,139.897,40,13,54,0.852,0.75,0.239,1.42
919,106.569,36,15,52,0.865,1.0,0.378,1.47
920,65.51,36,23,62,0.806,0.706,0.38,2.18
921,98.453,37,17,59,0.847,0.8,0.34,1.52
922,36.966,29,21,55,0.655,0.708,0.306,1.85
923,95.653,36,17,55,0.818,0.846,0.422,1.69
924,65.529,32,19,51,0.804,1.0,0.317,1.48
925,119.33,34,11,49,0.816,1.0,0.325,1.45
926,92.195,33,15,52,0.885,1.0,0.283,1.24
927,177.353,45,11,56,0.804,1.0,0.311,1.54
928,126.333,40,15,58,0.828,0.8,0.417,1.61
929,42.545,35,26,67,0.866,0.909,0.293,1.67
930,119.03,38,14,53,0.736,0.5,0.385,1.5
931,47.976,35,25,64,0.794,0.852,0.3,2.0
932,39.091,30,22,52,0.865,0.812,0.244,1.32
933,55.125,34,23,59,0.712,0.611,0.286,1.98
934,65.974,36,23,62,0.871,0.692,0.241,1.5
935,6.298,37,35,73,0.753,0.778,0.345,2.51
936,60.917,38,26,64,0.688,0.667,0.364,1.87
937,41.082,34,26,60,0.85,0.917,0.294,1.34
938,178.315,43,8,52,0.731,1.0,0.342,1.23
939,128.055,36,11,51,0.843,0.692,0.302,1.59
940,18.784,27,23,55,0.782,0.647,0.349,1.49
941,100.444,34,14,48,0.771,0.6,0.297,1.08
942,85.734,39,21,69,0.87,0.857,0.35,1.64
943,-0.993,32,31,67,0.821,0.913,0.291,1.33
944,112.864,32,10,50,0.74,1.0,0.243,1.18
945,55.007,41,29,74,0.797,0.913,0.288,1.99
946,125.051,34,10,47,0.851,0.75,0.325,1.33
947,43.888,33,24,59,0.763,0.8,0.4,1.5
948,8.426,26,23,51,0.745,0.909,0.263,1.46
949,140.276,43,16,61,0.803,0.615,0.367,1.48
950,82.308,38,22,60,0.817,0.778,0.286,1.68
951,142.3,36,8,45,0.822,0.667,0.324,1.28
952,74.252,35,20,56,0.804,1.0,0.311,1.28
953,97.602,33,14,51,0.784,0.6,0.225,1.23
954,78.733,36,20,59,0.831,0.85,0.347,1.78
955,78.37,41,25,71,0.789,0.857,0.321,1.84
956,107.286,40,19,65,0.831,1.0,0.315,1.4
957,107.823,38,16,57,0.807,0.733,0.326,1.53
958,123.824,34,10,49,0.796,0.667,0.359,1.54
959,154.573,39,9,49,0.857,1.0,0.31,1.41
960,88.381,38,21,59,0.864,1.0,0.353,1.44
961,94.108,34,15,49,0.776,0.667,0.237,1.18
962,85.132,35,18,55,0.818,0.75,0.4,1.55
963,120.976,38,15,55,0.836,0.8,0.326,2.03
964,102.667,33,12,52,0.904,1.0,0.362,1.53
965,83.46,34,18,52,0.788,0.667,0.293,1.01
966,37.184,34,26,62,0.806,0.857,0.3,1.43
967,164.485,39,7,49,0.796,0.727,0.256,1.51
968,30.686,30,23,60,0.883,0.75,0.321,1.7
969,116.093,42,20,62,0.742,0.75,0.37,2.19
970,100.264,38,18,60,0.833,0.765,0.34,1.63
971,39.644,31,23,59,0.797,0.647,0.34,1.56
972,21.697,33,28,66,0.848,0.81,0.25,1.77
973,60.188,33,21,60,0.75,1.0,0.267,1.81
974,172.383,40,7,47,0.851,0.0,0.4,1.21
975,-45.149,29,37,71,0.831,0.737,0.254,1.63
976,98.537,35,15,54,0.815,0.714,0.25,1.46
977,65.649,34,21,62,0.774,0.786,0.375,1.75
978,114.605,37,14,57,0.842,0.783,0.271,1.75
979,161.574,40,9,51,0.725,0.75,0.27,1.41
980,113.667,44,21,66,0.742,0.789,0.245,1.51
981,-20.545,31,34,68,0.765,0.833,0.288,1.47
982,100.708,33,13,46,0.826,1.0,0.289,1.36
983,101.066,39,20,59,0.797,0.857,0.298,1.64
984,21.809,31,26,61,0.689,0.692,0.286,1.83
985,33.699,37,29,71,0.817,0.75,0.31,1.85
986,39.122,32,24,60,0.767,0.75,0.391,1.71
987,97.126,36,17,57,0.719,0.765,0.268,1.64
988,126.424,40,15,58,0.845,0.778,0.265,1.56
989,4.299,29,28,60,0.8,0.75,0.292,1.95
990,126.732,38,13,51,0.706,0.9,0.25,1.37
991,115.693,35,12,50,0.72,0.842,0.278,1.6
992,116.645,36,13,50,0.74,0.833,0.297,1.42
993,141.478,40,12,55,0.836,1.0,0.261,1.63
994,28.828,29,23,60,0.783,0.857,0.34,2.3
995,135.766,37,10,56,0.786,0.643,0.341,1.51
996,38.494,33,25,58,0.776,0.737,0.378,1.45
997,116.601,41,18,62,0.758,0.4,0.362,1.23
998,-19.659,29,32,62,0.758,0.85,0.362,1.62
999,93.179,37,18,59,0.847,1.0,0.3,1.36
1000,80.235,40,24,67,0.821,0.741,0.309,2.03
1001,67.421,33,20,57,0.93,0.941,0.283,1.65
1002,112.155,39,16,59,0.78,0.733,0.239,1.45
1003,65.984,36,23,61,0.787,0.792,0.333,1.82
1004,133.137,33,7,41,0.927,0.0,0.342,1.18
1005,-20.726,28,31,65,0.754,0.722,0.265,1.48
1006,84.398,39,22,64,0.781,0.9,0.26,1.66
1007,45.191,33,24,60,0.783,0.875,0.277,1.6
1008,122.682,37,13,52,0.673,0.875,0.229,1.84
1009,34.439,32,24,58,0.69,0.625,0.375,1.82
1010,-8.025,28,29,58,0.828,0.75,0.292,1.8
1011,103.09,31,11,43,0.791,0.556,0.265,1.55
1012,156.307,38,7,45,0.733,1.0,0.424,1.06
1013,137.807,39,12,53,0.868,0.833,0.348,1.68
1014,121.222,38,14,54,0.852,0.889,0.391,1.45
1015,-41.561,27,34,64,0.75,0.742,0.312,2.23
1016,122.825,38,14,54,0.759,0.75,0.244,1.33
1017,123.283,39,15,55,0.782,0.75,0.279,1.43
1018,94.626,33,15,58,0.741,0.8,0.302,1.87
1019,27.562,28,22,53,0.83,0.929,0.318,1.23
1020,71.87,28,14,43,0.767,0.727,0.364,1.27
1021,11.357,28,25,58,0.845,0.867,0.265,1.48
1022,87.19,37,19,59,0.864,0.909,0.333,1.36
1023,-11.523,32,34,71,0.845,0.941,0.333,1.93
1024,103.206,33,13,52,0.788,0.857,0.317,1.5
1025,70.313,32,18,57,0.895,0.5,0.333,1.42
1026,59.215,32,20,56,0.768,0.714,0.302,1.72
1027,-6.713,32,33,66,0.773,0.708,0.294,1.75
1028,57.634,36,25,64,0.734,0.727,0.34,1.94
1029,104.121,36,15,54,0.667,0.727,0.306,1.49
1030,78.908,37,21,59,0.797,0.8,0.362,1.67
1031,83.521,37,21,61,0.787,0.75,0.271,1.75
1032,48.677,27,17,47,0.83,0.75,0.282,1.41
1033,96.984,37,17,56,0.911,0.875,0.373,1.56
1034,144.27,41,13,54,0.759,0.615,0.463,1.81
1035,45.006,35,25,66,0.788,0.792,0.308,1.99
1036,108.685,40,18,65,0.815,0.818,0.302,1.49
1037,117.811,30,8,40,0.825,0.75,0.364,1.5
1038,79.122,30,14,47,0.809,0.667,0.316,1.41
1039,62.001,32,19,55,0.818,0.833,0.267,1.38
1040,129.656,36,11,51,0.804,0.0,0.341,1.04
1041,84.328,32,15,58,0.879,1.0,0.255,1.25
1042,63.879,33,20,57,0.772,0.722,0.341,1.71
1043,18.535,32,28,61,0.787,0.682,0.396,2.22
1044,49.175,31,21,55,0.8,0.75,0.295,1.5
1045,98.616,34,14,58,0.862,0.889,0.32,1.56
1046,42.251,35,26,64,0.844,0.8,0.315,1.42
1047,137.474,38,11,55,0.782,0.818,0.302,1.59
1048,35.225,30,23,56,0.786,0.727,0.273,1.35
1049,63.915,35,22,61,0.803,0.818,0.224,1.8
1050,76.93,42,27,73,0.767,0.75,0.304,1.63
1051,113.902,36,14,51,0.627,0.632,0.25,1.64
1052,130.873,33,8,41,0.78,0.667,0.344,1.12
1053,94.998,35,16,58,0.862,1.0,0.26,1.36
1054,145.997,44,15,61,0.787,0.833,0.292,1.77
1055,116.869,37,14,54,0.741,0.636,0.325,1.64
1056,140.041,40,12,55,0.818,1.0,0.289,1.42
1057,138.941,42,15,60,0.833,0.857,0.3,1.83
1058,103.321,35,15,53,0.83,0.769,0.364,1.92
1059,126.215,32,8,43,0.814,1.0,0.286,1.12
1060,55.68,38,27,69,0.783,0.667,0.333,2.4
1061,5.563,32,30,65,0.754,0.724,0.408,1.99
1062,136.291,33,7,41,0.756,0.0,0.387,1.22
1063,123.362,40,16,58,0.845,0.667,0.367,1.55
1064,181.447,45,10,60,0.767,0.727,0.326,1.65
1065,70.584,34,20,55,0.8,0.706,0.273,1.54
1066,88.428,33,16,50,0.8,0.571,0.325,1.38
1067,112.085,39,17,56,0.786,0.846,0.25,1.45
1068,92.644,35,17,52,0.942,0.909,0.286,1.45
1069,39.334,32,24,63,0.762,0.8,0.354,1.91
1070,87.082,31,13,51,0.824,0.778,0.262,1.32
1071,97.673,36,17,55,0.764,0.625,0.262,1.43
1072,48.404,26,16,47,0.894,0.9,0.262,1.17
1073,154.159,44,14,61,0.77,0.684,0.362,1.75
1074,142.278,36,9,48,0.688,0.643,0.424,1.94
1075,71.488,31,16,53,0.792,0.667,0.333,1.17
1076,48.531,33,23,60,0.8,0.909,0.458,1.6
1077,102.982,35,15,52,0.692,0.5,0.333,1.45
1078,90.426,35,17,53,0.736,0.714,0.282,1.53
1079,64.011,39,26,71,0.789,0.737,0.339,2.45
1080,115.847,36,14,54,0.852,0.727,0.304,1.56
1081,158.661,41,10,51,0.843,0.8,0.442,1.65
1082,110.603,32,11,44,0.909,1.0,0.375,1.15
1083,56.725,37,25,65,0.8,0.818,0.365,1.85
1084,86.51,33,16,49,0.816,0.8,0.375,1.51
1085,128.76,34,9,46,0.717,1.0,0.394,1.36
1086,17.955,31,27,66,0.803,0.739,0.358,2.35
1087,59.964,37,26,64,0.812,0.792,0.308,1.89
1088,-22.29,34,37,77,0.818,0.8,0.286,2.07
1089,95.618,39,20,63,0.73,0.786,0.326,1.72
1090,4.944,35,33,73,0.781,0.714,0.263,2.15
1091,0.973,31,29,65,0.8,0.917,0.269,1.24
1092,154.418,42,12,60,0.767,0.889,0.304,1.75
1093,-17.646,30,33,69,0.812,0.788,0.304,2.69
1094,8.034,25,23,51,0.824,1.0,0.286,1.73
1095,-16.402,30,32,62,0.742,0.6,0.304,1.64
1096,116.007,34,11,47,0.83,0.833,0.308,1.23
1097,79.563,33,17,57,0.684,0.722,0.359,1.42
1098,55.282,29,18,51,0.824,0.857,0.31,1.5
1099,67.959,31,17,48,0.792,0.76,0.395,1.56
1100,66.469,33,19,54,0.741,0.824,0.275,1.47
1101,103.208,38,18,58,0.69,0.471,0.4,1.83
1102,63.334,35,22,59,0.763,0.75,0.289,1.49
1103,100.851,34,14,52,0.846,0.833,0.273,1.24
1104,62.68,37,24,62,0.758,0.706,0.383,1.65
1105,81.87,34,18,54,0.778,0.773,0.333,1.91
1106,90.459,33,15,50,0.84,1.0,0.286,1.2
1107,116.301,37,14,52,0.827,1.0,0.256,1.34
1108,43.572,34,25,63,0.81,0.778,0.314,1.87
1109,88.431,32,14,47,0.83,1.0,0.487,1.52
1110,83.583,36,19,58,0.862,1.0,0.32,1.46
1111,105.649,36,15,53,0.774,0.75,0.293,1.64
1112,134.947,29,3,32,0.719,1.0,0.391,1.04
1113,53.154,32,21,56,0.804,0.833,0.311,1.78
1114,45.732,34,25,63,0.905,0.944,0.246,1.49
1115,2.333,32,31,64,0.844,0.786,0.333,1.47
1116,54.676,30,19,54,0.815,0.875,0.318,1.45
1117,107.521,38,17,58,0.828,1.0,0.25,1.36
1118,77.12,39,23,63,0.841,0.808,0.321,1.81
1119,91.675,30,12,47,0.809,0.769,0.316,1.28
1120,109.661,41,19,65,0.831,0.826,0.259,1.76
1121,54.755,32,21,53,0.774,1.0,0.341,1.63
1122,80.562,35,19,60,0.783,0.833,0.362,1.35
1123,134.544,35,9,47,0.787,0.76,0.243,1.55
1124,136.674,34,7,44,0.886,0.8,0.359,1.33
1125,98.756,33,13,47,0.851,0.833,0.375,1.36
1126,25.689,31,25,59,0.864,1.0,0.255,1.24
1127,59.667,35,22,60,0.75,0.688,0.311,1.31
1128,122.086,35,12,49,0.755,0.727,0.378,1.76
1129,114.58,48,25,75,0.733,0.677,0.309,2.3
1130,75.422,34,18,56,0.804,0.9,0.267,1.43
1131,104.767,35,14,54,0.833,1.0,0.267,1.48
1132,138.068,38,11,55,0.855,0.75,0.362,1.77
1133,18.343,31,27,61,0.623,0.35,0.289,2.07
1134,124.648,38,12,51,0.784,0.909,0.325,1.28
1135,123.515,40,16,57,0.789,0.769,0.356,1.8
1136,30.902,30,24,54,0.889,0.667,0.271,1.4
1137,43.351,29,20,55,0.782,0.824,0.326,1.8
1138,116.622,39,16,57,0.825,0.857,0.298,1.47
1139,119.632,42,18,61,0.689,0.588,0.238,1.76
1140,99.542,38,18,61,0.803,0.7,0.265,1.72
1141,93.69,33,15,49,0.816,0.545,0.275,1.55
1142,154.0,44,14,60,0.75,0.875,0.289,1.33
1143,111.632,35,13,52,0.769,0.667,0.325,1.46
1144,69.378,36,22,61,0.754,0.812,0.239,1.36
1145,103.065,34,14,50,0.82,0.8,0.366,1.39
1146,121.827,46,21,68,0.794,0.722,0.37,1.68
1147,99.828,33,13,50,0.78,0.636,0.333,1.56
1148,97.353,30,11,45,0.822,0.818,0.378,1.47
1149,96.355,34,15,50,0.76,0.5,0.289,1.53
1150,25.482,35,30,71,0.817,0.808,0.293,2.49
1151,28.68,32,26,62,0.823,0.889,0.235,1.57
1152,37.808,28,20,50,0.8,0.857,0.3,1.23
1153,184.938,42,6,50,0.66,0.526,0.273,1.79
1154,33.549,32,24,63,0.73,0.722,0.304,1.37
1155,155.617,38,8,48,0.875,0.0,0.357,1.28
1156,151.906,38,9,49,0.714,0.6,0.286,1.25
1157,115.623,40,17,59,0.797,0.789,0.319,1.44
1158,73.9,28,13,41,0.78,1.0,0.281,0.98
1159,87.712,42,24,67,0.791,0.833,0.34,2.06
1160,116.059,35,12,48,0.833,0.0,0.4,1.32
1161,56.068,38,26,72,0.736,0.724,0.283,2.18
1162,92.92,34,15,54,0.87,0.833,0.298,1.28
1163,105.746,32,12,44,0.932,0.0,0.366,1.31
1164,135.893,39,13,54,0.833,1.0,0.267,1.2
1165,50.052,30,19,53,0.887,1.0,0.277,1.16
1166,115.165,37,14,53,0.811,0.75,0.233,1.45
1167,91.866,38,20,60,0.817,1.0,0.347,1.85
1168,113.668,33,11,44,0.886,1.0,0.436,0.98
1169,77.34,35,19,61,0.77,0.75,0.255,1.57
1170,130.0,41,16,58,0.741,0.778,0.349,1.97
1171,166.454,44,11,56,0.821,0.75,0.283,1.45
1172,101.278,40,20,60,0.817,0.889,0.306,1.5
1173,52.046,32,21,60,0.85,1.0,0.373,1.57
1174,124.589,36,11,51,0.804,1.0,0.366,1.36
1175,119.149,40,16,58,0.828,0.889,0.271,1.24
1176,52.335,36,25,68,0.809,0.848,0.273,2.34
1177,114.497,37,14,54,0.815,0.857,0.364,1.65
1178,79.022,38,22,61,0.754,0.774,0.261,2.12
1179,-19.2,31,33,66,0.833,0.9,0.309,1.58
1180,92.894,32,14,49,0.755,0.75,0.432,1.42
1181,121.041,40,17,58,0.776,0.25,0.311,1.46
1182,100.61,37,17,57,0.789,0.857,0.267,1.76
1183,40.124,33,25,62,0.839,0.895,0.423,1.78
1184,130.849,37,12,53,0.792,0.889,0.333,1.43
1185,79.215,36,20,62,0.806,0.778,0.34,1.59
1186,116.3,37,13,56,0.804,1.0,0.289,1.57
1187,69.354,35,21,62,0.758,0.545,0.255,1.9
1188,34.481,31,23,61,0.836,0.9,0.314,1.59
1189,139.437,34,7,45,0.844,0.0,0.368,1.4
1190,136.394,38,11,55,0.891,1.0,0.306,1.42
1191,99.104,35,15,52,0.846,0.875,0.295,1.53
1192,124.577,38,14,52,0.712,0.625,0.297,1.62
1193,101.847,32,12,50,0.74,0.5,0.297,1.33
1194,125.396,37,12,50,0.94,0.941,0.298,1.54
1195,78.624,37,21,59,0.678,0.769,0.425,1.69
1196,56.753,31,20,55,0.836,0.706,0.261,1.63
1197,70.86,33,19,53,0.887,0.857,0.277,1.2
1198,38.909,32,24,61,0.836,0.8,0.353,2.0
1199,115.161,38,15,57,0.807,0.737,0.283,1.48
1200,121.807,32,8,40,0.75,0.5,0.333,0.91
1201,81.948,38,21,61,0.836,0.75,0.275,1.42
1202,122.595,38,14,52,0.769,0.688,0.325,1.48
1203,87.308,33,16,52,0.865,1.0,0.378,1.45
1204,-15.207,27,29,58,0.69,0.667,0.4,1.43
1205,45.505,32,22,55,0.836,0.889,0.326,1.47
1206,85.598,36,19,55,0.727,0.833,0.325,1.27
1207,95.02,36,17,58,0.776,0.824,0.333,1.63
1208,112.099,39,17,57,0.807,0.643,0.326,1.79
1209,5.816,31,29,64,0.797,0.818,0.294,1.58
1210,130.924,36,10,52,0.769,0.625,0.275,1.45
1211,167.346,45,11,57,0.772,0.75,0.341,1.33
1212,118.674,36,13,55,0.745,0.667,0.293,1.37
1213,148.329,40,11,51,0.784,1.0,0.325,1.13
1214,96.262,36,16,56,0.75,0.75,0.286,1.77
1215,62.918,34,22,58,0.81,0.875,0.319,1.53
1216,94.539,35,17,52,0.75,1.0,0.282,1.48
1217,76.063,31,16,48,0.854,0.889,0.341,1.34
1218,44.693,29,20,54,0.796,0.773,0.326,1.99
1219,59.786,36,23,60,0.767,0.75,0.348,1.39
1220,103.367,38,18,59,0.78,0.684,0.391,1.96
1221,46.111,30,20,56,0.821,0.818,0.261,1.58
1222,110.575,39,17,59,0.847,0.833,0.36,1.78
1223,79.107,32,16,51,0.804,0.769,0.268,1.3
1224,139.648,37,10,49,0.816,0.667,0.275,1.58
1225,68.658,37,23,62,0.742,0.8,0.304,1.63
1226,127.987,36,11,50,0.86,1.0,0.302,1.41
1227,72.55,36,21,66,0.818,0.75,0.315,1.76
1228,97.811,30,11,43,0.837,1.0,0.417,1.38
1229,63.539,36,23,64,0.734,0.739,0.277,1.56
1230,88.319,34,15,55,0.818,0.818,0.333,1.39
1231,68.021,33,19,59,0.797,0.8,0.234,1.55
1232,53.155,36,24,66,0.788,0.688,0.365,1.49
1233,63.442,30,17,47,0.745,0.8,0.343,1.41
1234,150.93,37,7,51,0.804,1.0,0.293,1.19
1235,115.923,36,13,49,0.878,1.0,0.256,1.54
1236,129.884,36,10,47,0.83,0.909,0.308,1.31
1237,62.793,37,24,63,0.778,0.778,0.245,1.39
1238,71.925,33,19,53,0.792,0.818,0.31,1.6
1239,100.848,36,15,55,0.745,1.0,0.341,1.52
1240,1.117,29,28,58,0.724,0.792,0.238,1.3
1241,176.748,43,8,53,0.792,0.833,0.381,1.54
1242,114.802,32,10,42,0.929,1.0,0.333,1.06
1243,113.295,32,9,49,0.796,1.0,0.359,1.24
1244,96.986,35,16,53,0.792,1.0,0.286,1.48
1245,66.749,30,17,47,0.851,1.0,0.3,1.17
1246,-3.891,30,30,67,0.821,0.824,0.273,1.72
1247,86.692,36,19,59,0.797,0.786,0.34,1.72
1248,83.527,36,19,58,0.81,0.692,0.255,1.34
1249,97.776,41,22,66,0.833,0.733,0.236,1.59
1250,166.81,39,7,49,0.735,0.75,0.306,1.35
1251,141.705,39,11,54,0.722,0.667,0.333,1.52
1252,12.023,29,26,55,0.709,0.706,0.282,2.03
1253,131.005,37,11,50,0.76,0.727,0.316,1.23
1254,100.74,35,15,52,0.904,1.0,0.426,1.75
1255,115.869,42,19,63,0.794,0.667,0.28,1.82
1256,114.726,38,15,60,0.8,1.0,0.25,1.21
1257,125.976,39,14,59,0.729,0.556,0.279,1.63
1258,93.685,37,19,59,0.78,0.833,0.261,1.49
1259,-7.996,24,25,56,0.839,1.0,0.468,1.47
1260,62.0,35,22,64,0.844,0.923,0.296,1.84
1261,93.445,38,19,58,0.759,0.65,0.25,1.67
1262,-1.369,28,27,64,0.812,0.762,0.327,1.88
1263,119.597,44,20,64,0.812,1.0,0.288,1.49
1264,55.418,30,18,54,0.87,1.0,0.319,1.12
1265,78.834,34,18,57,0.877,1.0,0.24,1.49
1266,33.907,27,20,48,0.812,0.818,0.333,1.36
1267,120.67,39,15,57,0.772,0.684,0.295,1.37
1268,84.8,36,18,59,0.797,0.714,0.34,1.33
1269,97.148,34,15,52,0.788,0.909,0.293,1.48
1270,150.721,35,6,43,0.814,1.0,0.371,1.27
1271,84.799,34,16,57,0.825,0.75,0.362,1.47
1272,149.67,39,10,52,0.885,0.75,0.304,1.35
1273,12.388,29,26,62,0.758,0.677,0.426,2.23
1274,137.388,39,12,51,0.824,0.833,0.31,1.24
1275,140.605,36,9,50,0.76,0.722,0.263,1.77
1276,38.099,32,24,66,0.758,0.708,0.36,2.11
1277,66.303,36,22,66,0.773,0.8,0.333,1.93
1278,126.026,36,11,49,0.816,0.889,0.3,1.29
1279,116.682,36,13,50,0.84,0.846,0.286,1.44
1280,164.671,44,12,57,0.772,0.818,0.25,1.74
1281,2.952,28,27,55,0.727,0.769,0.325,1.56
1282,123.951,43,18,66,0.788,0.583,0.327,1.9
1283,143.914,40,11,58,0.845,1.0,0.286,1.29
1284,89.74,37,19,60,0.75,1.0,0.289,1.48
1285,103.128,35,14,56,0.875,1.0,0.327,1.55
1286,78.067,34,18,55,0.8,0.556,0.295,1.61
1287,-49.457,30,39,73,0.822,0.889,0.267,1.89
1288,64.49,29,16,47,0.809,1.0,0.316,1.11
1289,-10.419,30,31,65,0.708,0.618,0.283,2.01
1290,110.529,40,18,62,0.855,1.0,0.302,1.82
1291,70.781,37,23,60,0.733,0.733,0.295,2.11
1292,30.847,35,28,71,0.859,0.909,0.344,2.27
1293,129.363,33,8,45,0.778,0.75,0.314,1.21
1294,143.864,39,11,53,0.774,0.75,0.317,1.4
1295,131.592,35,9,45,0.822,0.0,0.324,1.09
1296,117.653,40,16,58,0.81,1.0,0.298,1.41
1297,49.808,30,20,55,0.8,0.833,0.455,1.95
1298,19.106,29,24,59,0.695,0.593,0.366,2.07
1299,117.855,39,16,56,0.821,1.0,0.261,1.62
1300,134.176,38,12,52,0.788,0.667,0.268,1.27
1301,117.11,40,17,62,0.79,0.833,0.224,1.35
1302,72.306,33,18,52,0.769,0.9,0.4,1.34
1303,100.71,39,20,61,0.77,0.8,0.298,1.79
1304,73.334,35,20,59,0.729,0.611,0.326,1.99
1305,102.336,32,12,46,0.696,0.857,0.375,1.52
1306,109.257,37,15,58,0.81,0.75,0.234,1.7
1307,58.693,34,22,63,0.794,0.75,0.32,2.18
1308,39.833,32,24,61,0.738,0.684,0.422,1.93
1309,146.623,42,14,56,0.875,1.0,0.327,1.48
1310,-13.72,31,33,70,0.8,0.7,0.339,1.7
1311,78.357,36,21,58,0.879,1.0,0.392,1.74
1312,151.492,35,6,45,0.822,0.75,0.297,1.3
1313,133.665,40,14,56,0.732,0.857,0.244,1.35
1314,117.304,36,13,49,0.857,0.857,0.286,1.33
1315,-15.098,26,28,57,0.86,0.938,0.306,1.39
1316,106.526,40,19,62,0.758,1.0,0.319,1.36
1317,82.595,36,19,57,0.842,0.667,0.312,1.51
1318,134.054,38,11,50,0.8,0.8,0.375,1.34
1319,96.137,37,17,56,0.875,0.923,0.224,1.37
1320,35.065,28,21,52,0.885,1.0,0.283,1.4
1321,95.533,38,19,63,0.778,0.667,0.327,1.96
1322,125.871,34,9,47,0.745,0.6,0.286,1.16
1323,86.241,35,18,55,0.836,0.875,0.304,1.39
1324,153.41,34,4,38,0.789,0.667,0.333,1.1
1325,154.071,41,11,56,0.821,1.0,0.391,1.25
1326,27.466,32,26,62,0.71,0.565,0.341,2.17
1327,87.595,35,18,54,0.796,0.833,0.279,1.45
1328,110.551,37,15,54,0.815,0.818,0.273,1.6
1329,129.094,33,8,41,0.805,0.5,0.424,1.2
1330,150.124,33,4,37,0.865,1.0,0.312,1.01
1331,109.935,35,13,50,0.88,0.75,0.273,1.23
1332,117.57,42,19,64,0.859,1.0,0.291,1.51
1333,88.735,35,17,57,0.86,0.857,0.306,1.52
1334,40.034,33,25,61,0.803,0.8,0.327,1.61
1335,43.324,37,28,70,0.8,0.85,0.304,2.01
1336,126.987,38,13,55,0.764,0.6,0.31,1.8
1337,78.179,40,24,68,0.75,0.677,0.294,2.16
1338,115.754,43,20,67,0.716,0.667,0.271,1.98
1339,209.253,47,7,54,0.815,0.0,0.409,1.25
1340,126.993,38,14,55,0.8,0.75,0.318,1.67
1341,133.423,40,13,56,0.804,0.8,0.244,1.72
1342,121.777,38,14,53,0.811,1.0,0.279,1.54
1343,51.468,29,19,48,0.938,0.929,0.333,1.52
1344,57.484,37,25,64,0.781,0.696,0.28,2.15
1345,55.081,32,20,60,0.75,0.75,0.267,1.38
1346,149.581,39,9,48,0.875,1.0,0.31,1.13
1347,86.163,35,17,54,0.833,0.667,0.4,1.27
1348,90.723,37,19,62,0.903,0.875,0.25,1.37
1349,38.852,30,22,55,0.8,0.684,0.295,1.9
1350,98.333,32,12,44,0.773,0.667,0.294,1.4
1351,109.68,34,12,48,0.729,0.688,0.314,1.43
1352,-15.153,32,35,73,0.808,0.825,0.356,2.72
1353,114.657,30,8,47,0.787,0.833,0.324,1.36
1354,137.984,43,16,63,0.905,1.0,0.246,1.46
1355,72.696,34,19,57,0.877,0.826,0.36,1.64
1356,158.111,44,13,57,0.789,0.895,0.289,1.93
1357,103.437,33,12,50,0.86,0.875,0.233,1.36
1358,85.955,30,13,47,0.809,0.5,0.421,1.5
1359,-83.892,26,41,70,0.857,0.933,0.317,1.6
1360,111.436,36,14,51,0.765,0.579,0.282,2.01
1361,148.362,43,14,62,0.774,0.8,0.25,1.3
1362,95.33,36,17,56,0.875,0.875,0.306,1.66
1363,124.727,41,16,58,0.845,0.862,0.327,1.66
1364,58.331,31,19,51,0.863,1.0,0.341,1.37
1365,96.513,35,16,51,0.843,0.667,0.279,1.27
1366,116.807,34,11,45,0.822,1.0,0.405,1.39
1367,91.193,36,18,54,0.796,0.8,0.302,1.4
1368,78.703,43,27,70,0.8,0.71,0.304,2.23
1369,67.355,31,18,51,0.824,0.8,0.333,1.32
1370,117.085,38,15,53,0.774,0.769,0.39,1.69
1371,64.935,29,16,47,0.745,0.714,0.314,1.57
1372,10.722,27,24,57,0.895,0.938,0.275,1.73
1373,52.987,32,21,59,0.763,0.867,0.289,1.63
1374,51.497,36,25,65,0.831,0.833,0.352,2.38
1375,58.471,33,21,57,0.754,0.889,0.372,1.47
1376,74.499,34,19,54,0.796,0.727,0.256,1.64
1377,108.901,40,18,63,0.857,1.0,0.296,1.67
1378,45.653,27,18,47,0.915,1.0,0.326,1.73
1379,160.089,41,10,53,0.83,0.857,0.295,1.36
1380,26.309,33,27,65,0.785,0.944,0.373,1.53
1381,66.428,30,17,51,0.863,0.778,0.364,1.65
1382,53.22,30,19,54,0.648,0.444,0.257,1.53
1383,80.924,29,13,49,0.857,1.0,0.31,1.21
1384,41.849,38,29,70,0.814,0.889,0.316,1.59
1385,93.853,39,20,60,0.817,0.625,0.306,1.5
1386,39.803,34,25,63,0.857,0.808,0.278,1.86
1387,84.904,38,21,62,0.903,1.0,0.339,1.57
1388,42.852,34,25,64,0.797,0.769,0.294,1.68
1389,111.679,32,10,48,0.833,0.714,0.35,1.56
1390,109.571,39,17,57,0.772,0.583,0.318,1.58
1391,-5.624,33,33,74,0.824,0.8,0.279,1.67
1392,185.317,43,7,53,0.868,1.0,0.37,1.34
1393,44.94,33,24,61,0.82,0.933,0.3,1.62
1394,34.5,34,27,63,0.841,0.765,0.264,1.39
1395,157.802,36,5,46,0.848,0.0,0.256,1.31
1396,120.382,41,17,61,0.852,0.929,0.25,1.58
1397,75.857,38,22,66,0.788,0.808,0.269,1.83
1398,128.813,36,11,49,0.796,0.8,0.333,1.43
1399,62.273,34,21,57,0.754,0.889,0.349,1.42
1400,121.916,37,12,58,0.845,0.786,0.265,1.6
1401,18.586,36,31,73,0.822,0.871,0.25,1.94
1402,68.684,33,19,53,0.755,1.0,0.275,1.21
1403,55.324,35,24,62,0.823,0.786,0.333,1.43
1404,139.166,41,14,61,0.787,0.923,0.333,2.2
1405,87.812,30,13,50,0.82,0.786,0.366,1.56
1406,68.086,35,21,59,0.763,0.5,0.378,1.65
1407,19.24,30,26,59,0.879,1.0,0.412,1.92
1408,149.952,39,9,49,0.776,0.889,0.395,1.44
1409,58.537,32,20,58,0.828,1.0,0.25,1.59
1410,127.365,37,12,49,0.776,0.833,0.237,1.27
1411,76.722,30,14,50,0.78,0.786,0.282,1.29
1412,-34.045,32,37,74,0.851,0.815,0.27,1.82
1413,161.056,43,11,55,0.727,0.857,0.35,1.37
1414,81.28,32,16,52,0.846,0.9,0.273,1.27
1415,103.549,39,19,58,0.862,0.615,0.3,1.86
1416,62.49,33,20,53,0.774,0.75,0.293,1.24
1417,100.878,33,13,48,0.854,0.75,0.317,1.21
1418,104.653,37,16,60,0.817,0.923,0.265,1.62
1419,58.689,35,23,60,0.833,0.875,0.32,1.44
1420,31.294,30,24,57,0.877,1.0,0.3,1.77
1421,142.921,43,14,57,0.825,0.882,0.34,1.38
1422,100.99,34,14,51,0.725,0.538,0.324,1.43
1423,7.72,26,23,55,0.8,0.824,0.341,1.61
1424,132.939,33,7,45,0.822,0.0,0.324,1.24
1425,26.87,28,22,51,0.843,0.778,0.326,1.11
1426,29.862,32,25,59,0.881,0.938,0.327,1.52
1427,44.075,30,21,53,0.83,0.6,0.341,1.58
1428,43.051,32,23,56,0.893,1.0,0.26,1.65
1429,86.064,36,18,57,0.789,1.0,0.333,1.2
1430,54.059,37,26,71,0.789,0.81,0.339,2.32
1431,118.964,41,17,58,0.897,1.0,0.25,1.11
1432,140.087,31,4,37,0.811,0.0,0.267,0.88
1433,114.528,40,17,58,0.862,0.733,0.32,1.54
1434,27.348,29,23,55,0.909,1.0,0.34,1.45
1435,54.333,31,20,57,0.912,0.818,0.346,1.88
1436,-134.553,28,53,88,0.864,0.875,0.316,2.29
1437,112.256,40,18,61,0.705,0.714,0.256,1.76
1438,53.386,34,23,65,0.815,0.786,0.245,1.8
1439,140.408,37,10,48,0.729,1.0,0.257,1.04
1440,49.369,31,21,55,0.855,1.0,0.277,1.18
1441,148.087,35,6,41,0.732,0.0,0.233,0.93
1442,60.154,38,25,66,0.864,0.824,0.316,1.54
1443,171.143,39,6,45,0.778,0.8,0.229,1.17
1444,119.192,32,9,44,0.864,1.0,0.316,1.58
1445,173.803,41,7,48,0.75,0.667,0.333,1.19
1446,91.638,38,19,59,0.881,1.0,0.346,1.44
1447,22.099,31,26,62,0.774,0.762,0.354,1.68
1448,136.671,35,8,49,0.898,1.0,0.295,1.46
1449,65.393,31,18,55,0.855,1.0,0.34,1.47
1450,-32.47,31,36,74,0.77,0.833,0.439,2.11
1451,67.05,37,23,66,0.818,0.739,0.259,2.37
1452,80.776,34,18,58,0.845,0.8,0.286,1.51
1453,127.09,36,11,53,0.736,0.692,0.282,1.45
1454,112.124,35,13,53,0.83,0.909,0.273,1.65
1455,122.175,33,10,45,0.778,0.857,0.343,1.46
1456,20.125,36,31,69,0.739,0.588,0.373,2.07
1457,-32.866,29,35,68,0.809,0.8,0.291,1.79
1458,130.667,43,17,66,0.788,0.75,0.346,1.86
1459,104.054,32,11,49,0.816,1.0,0.25,1.09
1460,103.346,31,10,41,0.829,1.0,0.265,0.94
1461,83.024,37,20,61,0.869,0.824,0.302,1.67
1462,96.082,36,16,58,0.759,1.0,0.341,1.44
1463,142.775,34,6,43,0.86,1.0,0.459,1.39
1464,167.705,41,8,49,0.816,0.9,0.3,1.23
1465,110.321,35,13,48,0.75,1.0,0.389,1.35
1466,73.218,32,17,51,0.804,0.667,0.341,1.38
1467,144.356,42,13,56,0.768,0.875,0.279,1.42
1468,92.315,28,9,42,0.833,1.0,0.343,1.29
1469,74.112,36,21,59,0.78,0.636,0.326,1.52
1470,126.102,39,14,62,0.806,0.786,0.26,2.08
1471,115.775,35,12,48,0.792,0.812,0.342,1.44
1472,-32.339,39,44,89,0.809,0.833,0.278,2.07
1473,99.138,38,17,64,0.891,1.0,0.281,1.64
1474,-57.777,28,38,72,0.847,0.923,0.311,1.91
1475,78.714,34,18,63,0.825,1.0,0.308,1.54
1476,129.056,37,11,49,0.837,1.0,0.415,1.24
1477,87.334,37,20,59,0.847,0.7,0.4,1.88
1478,23.875,30,25,58,0.845,0.9,0.245,1.41
1479,39.729,32,24,57,0.754,0.704,0.302,2.01
1480,147.318,39,10,49,0.714,0.0,0.286,1.3
1481,173.163,41,8,50,0.8,0.75,0.25,1.59
1482,106.086,38,17,62,0.774,1.0,0.312,1.46
1483,30.316,30,24,59,0.881,0.667,0.25,1.67
1484,39.383,29,21,50,0.88,1.0,0.386,1.61
1485,91.917,34,16,53,0.849,1.0,0.4,1.54
1486,132.451,35,9,46,0.804,0.5,0.324,1.26
1487,140.443,39,11,52,0.827,0.923,0.326,1.66
1488,70.288,34,20,56,0.786,0.846,0.477,1.92
1489,85.857,34,17,56,0.821,0.667,0.304,1.39
1490,25.617,37,32,70,0.814,0.682,0.263,2.24
1491,52.768,36,25,66,0.833,0.8,0.291,1.41
1492,97.15,37,17,56,0.768,0.909,0.372,1.55
1493,118.963,36,12,48,0.792,0.9,0.342,1.34
1494,101.725,39,19,61,0.803,0.833,0.306,1.27
1495,84.16,33,16,50,0.8,0.824,0.325,1.39
1496,66.771,34,20,59,0.797,0.667,0.298,1.79
1497,107.342,35,13,58,0.845,0.786,0.245,1.46
1498,123.085,33,9,43,0.837,1.0,0.361,1.27
1499,104.302,37,16,58,0.862,1.0,0.34,1.25
1500,89.25,36,18,56,0.857,1.0,0.312,1.23
1501,132.369,37,11,52,0.769,0.833,0.275,1.52
1502,116.334,36,13,49,0.857,0.8,0.381,1.14
1503,33.943,34,27,71,0.859,1.0,0.279,2.17
1504,69.637,39,25,68,0.824,0.909,0.304,1.88
1505,145.933,38,9,49,0.735,0.833,0.25,1.27
1506,61.222,34,21,58,0.845,0.8,0.347,1.53
1507,138.676,39,12,56,0.857,1.0,0.292,1.82
1508,31.672,32,25,59,0.881,0.812,0.308,1.71
1509,114.704,41,18,61,0.754,0.8,0.304,1.34
1510,5.144,27,25,61,0.77,0.571,0.234,1.57
1511,3.135,31,29,69,0.826,0.947,0.351,1.75
1512,-1.12,36,35,75,0.813,0.789,0.344,2.25
1513,54.108,36,25,65,0.754,0.75,0.286,1.82
1514,108.312,35,14,49,0.816,0.857,0.35,1.65
1515,88.726,38,20,61,0.82,0.75,0.32,1.59
1516,55.008,34,23,61,0.836,1.0,0.275,1.69
1517,93.579,36,17,53,0.792,1.0,0.31,1.12
1518,80.554,35,19,54,0.833,0.917,0.311,1.53
1519,62.972,34,21,57,0.789,0.571,0.333,1.64
1520,87.254,32,14,47,0.851,1.0,0.35,1.26
1521,111.868,35,12,50,0.78,0.786,0.359,1.45
1522,119.917,28,5,37,0.892,1.0,0.424,1.18
1523,84.497,38,21,60,0.833,0.857,0.36,1.84
1524,85.83,33,16,51,0.824,0.933,0.333,1.72
1525,21.06,33,28,65,0.815,0.75,0.264,1.95
1526,68.183,34,20,56,0.857,0.857,0.292,1.69
1527,129.111,36,10,46,0.804,1.0,0.324,1.2
1528,6.949,31,28,60,0.767,0.762,0.283,1.35
1529,-3.852,30,30,61,0.82,0.8,0.42,1.6
1530,36.462,33,25,66,0.848,0.941,0.393,1.95
1531,32.364,29,22,58,0.776,0.75,0.289,1.71
1532,37.79,32,24,63,0.857,0.867,0.278,1.65
1533,30.718,29,22,57,0.895,1.0,0.392,1.68
1534,29.774,32,25,59,0.661,0.652,0.282,1.74
1535,124.808,40,14,59,0.763,1.0,0.289,1.36
1536,134.297,34,8,42,0.881,0.714,0.351,1.43
1537,124.772,39,14,58,0.793,0.9,0.283,1.72
1538,-18.407,30,33,66,0.848,0.789,0.357,1.77
1539,94.028,33,14,49,0.837,0.824,0.268,1.49
1540,136.634,38,11,55,0.909,1.0,0.46,1.62
1541,111.179,33,12,45,0.778,0.0,0.286,1.24
1542,35.888,35,27,65,0.831,0.8,0.315,1.47
1543,4.724,34,32,68,0.765,0.72,0.231,1.62
1544,6.016,28,26,58,0.879,0.917,0.255,1.48
1545,121.514,34,11,48,0.792,0.667,0.368,1.39
1546,116.919,37,14,59,0.729,0.778,0.372,2.27
1547,178.029,42,7,52,0.75,1.0,0.333,1.43
1548,145.276,42,13,62,0.758,0.727,0.319,1.6
1549,160.227,34,3,38,0.763,1.0,0.31,1.11
1550,90.149,38,19,60,0.85,0.944,0.275,1.21
1551,48.613,37,26,67,0.806,0.769,0.296,1.73
1552,61.828,33,20,58,0.69,0.654,0.25,2.07
1553,73.383,35,20,63,0.841,0.842,0.358,1.83
1554,117.982,41,18,61,0.803,0.692,0.265,1.98
1555,176.968,46,11,58,0.672,0.538,0.359,1.85
1556,84.963,38,20,61,0.787,0.824,0.25,1.71
1557,95.437,36,17,53,0.83,0.667,0.227,1.18
1558,58.911,36,24,65,0.877,1.0,0.298,1.58
1559,110.496,36,14,53,0.811,0.727,0.349,1.67
1560,128.315,37,11,49,0.776,1.0,0.289,1.12
1561,33.345,37,30,74,0.878,1.0,0.292,1.74
1562,145.394,36,7,43,0.814,1.0,0.257,1.09
1563,115.587,36,13,52,0.808,0.8,0.429,1.59
1564,75.071,34,18,54,0.815,0.818,0.409,1.37
1565,95.754,38,18,63,0.714,0.667,0.333,1.57
1566,-47.328,30,38,72,0.861,0.8,0.306,2.07
1567,54.163,36,24,67,0.806,0.808,0.315,1.33
1568,87.424,37,19,58,0.828,1.0,0.375,1.43
1569,26.116,29,23,54,0.833,1.0,0.311,1.47
1570,53.97,37,26,63,0.921,0.833,0.362,1.77
1571,48.605,32,21,55,0.818,0.867,0.244,1.33
1572,114.296,37,14,52,0.827,0.667,0.302,1.56
1573,45.949,31,21,57,0.912,1.0,0.346,1.73
1574,128.022,35,10,46,0.826,1.0,0.395,1.4
1575,102.735,37,16,53,0.849,0.625,0.289,1.19
1576,50.185,36,26,65,0.877,0.938,0.368,1.48
1577,129.394,35,10,46,0.848,0.0,0.333,1.14
1578,99.647,35,15,52,0.846,1.0,0.432,1.49
1579,134.414,41,14,60,0.733,0.632,0.318,1.79
1580,155.373,35,5,41,0.829,0.0,0.353,0.97
1581,72.671,31,16,53,0.792,0.615,0.429,1.95
1582,154.633,37,7,47,0.745,0.875,0.343,1.45
1583,73.142,29,14,43,0.791,0.917,0.353,1.31
1584,4.53,27,26,54,0.907,0.727,0.327,1.65
1585,86.237,29,12,48,0.771,0.769,0.351,1.77
1586,132.445,39,13,56,0.732,0.733,0.317,1.59
1587,137.944,46,19,66,0.773,0.727,0.314,2.08
1588,-4.739,31,31,65,0.892,1.0,0.31,1.74
1589,80.893,34,17,59,0.881,1.0,0.346,1.61
1590,139.566,37,9,50,0.8,0.0,0.325,1.15
1591,116.983,40,17,59,0.831,0.917,0.265,1.66
1592,164.717,40,8,48,0.896,1.0,0.326,1.16
1593,19.846,37,32,74,0.797,0.87,0.356,2.02
1594,109.378,39,17,58,0.776,0.667,0.267,1.63
1595,127.406,34,8,46,0.804,1.0,0.324,1.25
1596,144.834,38,9,51,0.824,0.778,0.262,1.15
1597,98.914,35,15,55,0.782,1.0,0.488,1.71
1598,67.472,36,22,65,0.8,1.0,0.327,1.89
1599,17.128,32,27,62,0.839,0.933,0.327,1.31
1600,100.882,32,12,48,0.75,0.333,0.25,1.29
1601,163.876,38,6,51,0.863,0.0,0.318,1.36
1602,89.304,39,21,63,0.746,0.767,0.298,1.77
1603,148.719,42,12,63,0.73,0.727,0.348,1.44
1604,-9.489,30,31,67,0.881,0.909,0.39,1.69
1605,147.865,37,8,50,0.8,1.0,0.375,1.37
1606,69.852,34,20,59,0.831,1.0,0.286,1.54
1607,19.869,31,26,60,0.833,0.792,0.28,1.4
1608,70.33,31,17,50,0.8,0.0,0.25,1.44
1609,82.824,35,18,61,0.836,1.0,0.314,1.36
1610,108.764,36,14,52,0.788,0.818,0.244,1.33
1611,63.456,40,27,69,0.725,0.643,0.3,2.43
1612,65.593,35,21,57,0.895,0.917,0.255,1.27
1613,17.054,33,29,64,0.781,0.818,0.32,1.57
1614,137.351,39,12,53,0.792,1.0,0.286,1.18
1615,197.9,42,3,47,0.723,0.333,0.265,1.43
1616,138.01,37,10,51,0.824,0.8,0.31,1.52
1617,140.982,37,10,51,0.765,0.75,0.308,1.56
1618,51.119,36,25,64,0.875,0.875,0.339,1.62
1619,68.685,37,23,62,0.823,0.5,0.314,1.64
1620,20.143,32,27,63,0.889,0.9,0.286,1.83
1621,34.938,32,25,61,0.787,0.8,0.333,1.78
1622,93.585,32,14,46,0.783,0.857,0.361,1.58
1623,117.944,32,9,46,0.717,0.5,0.455,1.56
1624,27.83,35,29,66,0.667,0.643,0.227,1.72
1625,148.97,38,9,47,0.83,0.75,0.436,1.51
1626,107.514,32,11,43,0.814,1.0,0.314,1.23
1627,7.155,33,31,68,0.794,0.643,0.241,1.54
1628,111.869,34,12,52,0.692,0.75,0.361,1.56
1629,91.222,35,16,56,0.732,0.733,0.317,1.49
1630,43.861,33,23,62,0.726,0.652,0.311,2.03
1631,-43.521,28,34,65,0.831,0.842,0.315,1.59
1632,44.194,33,23,65,0.769,0.762,0.32,1.75
1633,92.451,34,15,49,0.776,0.778,0.316,1.43
1634,159.268,42,11,56,0.768,0.8,0.302,1.41
1635,176.302,39,5,46,0.826,1.0,0.368,1.39
1636,160.761,40,9,50,0.72,0.0,0.389,1.62
1637,148.154,41,11,54,0.815,0.714,0.25,1.49
1638,0.708,30,29,61,0.77,0.643,0.277,1.91
1639,96.596,39,19,63,0.778,0.917,0.245,1.54
1640,141.258,36,9,47,0.723,0.75,0.353,1.27
1641,104.555,36,15,54,0.759,1.0,0.293,1.46
1642,85.27,32,15,49,0.776,0.75,0.289,1.3
1643,158.31,44,13,59,0.763,0.824,0.311,1.78
1644,47.917,35,24,61,0.717,0.773,0.302,1.87
1645,-18.047,30,32,67,0.866,0.947,0.276,2.07
1646,155.371,36,6,45,0.8,1.0,0.361,1.2
1647,138.935,39,11,52,0.808,1.0,0.333,1.26
1648,92.671,35,16,54,0.759,0.769,0.293,1.39
1649,143.79,36,8,48,0.812,0.5,0.308,1.34
1650,122.328,43,19,64,0.781,0.857,0.3,1.73
1651,108.789,36,14,54,0.796,0.684,0.326,1.56
1652,72.719,32,17,52,0.769,0.667,0.4,1.52
1653,118.127,45,21,72,0.806,0.778,0.31,1.67
1654,107.709,37,16,58,0.931,1.0,0.259,1.3
1655,71.86,35,20,56,0.786,0.8,0.477,1.46
1656,52.601,31,21,55,0.8,0.727,0.364,1.77
1657,97.801,37,18,57,0.754,0.857,0.279,1.29
1658,77.308,37,21,67,0.881,1.0,0.39,1.77
1659,108.453,37,16,54,0.815,0.867,0.295,1.55
1660,2.011,30,29,60,0.85,0.692,0.451,2.61
1661,111.312,31,10,41,0.829,1.0,0.265,0.95
1662,57.341,35,22,63,0.73,1.0,0.261,1.56
1663,122.656,40,15,56,0.821,0.933,0.304,1.42
1664,95.775,34,15,51,0.725,0.556,0.324,1.71
1665,77.771,34,19,56,0.821,1.0,0.391,1.28
1666,81.335,33,17,55,0.818,0.875,0.311,1.47
1667,41.426,39,30,75,0.72,0.786,0.407,2.57
1668,18.261,30,25,61,0.836,0.875,0.294,1.71
1669,97.248,34,15,50,0.72,0.8,0.361,1.36
1670,74.731,35,20,58,0.793,0.9,0.283,1.61
1671,9.986,29,26,55,0.818,0.789,0.311,1.44
1672,50.937,31,21,52,0.731,0.667,0.368,1.61
1673,74.542,35,19,57,0.702,0.5,0.25,1.51
1674,-9.605,34,35,69,0.739,0.714,0.333,2.29
1675,131.941,37,11,49,0.939,0.917,0.37,1.54
1676,142.012,39,11,53,0.906,0.909,0.375,1.49
1677,119.587,39,15,58,0.793,1.0,0.283,1.57
1678,13.592,31,28,65,0.785,0.846,0.294,1.73
1679,117.431,33,10,46,0.826,0.8,0.289,1.19
1680,32.481,29,21,58,0.81,0.957,0.34,1.87
1681,38.02,29,22,54,0.778,0.714,0.357,1.54
1682,121.575,31,7,40,0.75,1.0,0.3,1.18
1683,-64.263,27,39,73,0.795,0.727,0.259,1.92
1684,122.409,36,11,47,0.723,0.667,0.324,1.5
1685,34.866,34,27,62,0.839,0.615,0.327,1.68
1686,55.394,31,19,52,0.769,0.565,0.25,1.77
1687,95.482,35,16,53,0.887,0.889,0.255,1.5
1688,45.003,33,23,59,0.847,0.684,0.32,1.99
1689,84.155,32,15,50,0.86,0.556,0.233,1.29
1690,70.621,34,19,59,0.831,0.769,0.306,1.53
1691,141.576,42,14,58,0.776,0.733,0.311,1.63
1692,-2.304,32,31,70,0.814,0.938,0.263,2.0
1693,159.36,46,14,62,0.677,0.682,0.31,1.73
1694,80.517,34,17,54,0.759,0.667,0.244,1.38
1695,109.822,36,14,52,0.865,1.0,0.267,1.28
1696,81.319,34,17,53,0.849,0.857,0.267,1.42
1697,-1.32,32,31,70,0.786,0.786,0.236,1.91
1698,-64.992,28,39,73,0.753,0.667,0.327,1.93
1699,74.23,35,20,56,0.732,0.714,0.317,1.58
1700,153.737,44,14,58,0.707,0.714,0.341,1.46
1701,129.847,34,9,43,0.791,0.8,0.294,1.33
1702,128.222,35,10,46,0.848,1.0,0.359,1.25
1703,89.742,34,15,54,0.685,0.615,0.297,1.67
1704,97.567,29,10,43,0.86,0.0,0.297,1.09
1705,132.232,33,7,42,0.762,0.625,0.312,1.26
1706,53.62,32,21,56,0.857,0.923,0.292,1.59
1707,78.845,36,20,58,0.759,0.75,0.25,1.45
1708,116.251,40,16,59,0.763,0.667,0.289,1.37
1709,98.398,33,13,49,0.776,0.75,0.289,1.23
1710,98.384,31,11,48,0.771,1.0,0.324,1.23
1711,63.805,41,28,72,0.875,1.0,0.302,1.68
1712,86.592,39,21,62,0.871,0.947,0.333,1.54
1713,155.427,32,2,34,0.735,0.0,0.36,1.02
1714,88.225,37,20,59,0.746,0.0,0.432,1.63
1715,190.475,42,5,50,0.8,0.667,0.35,1.16
1716,22.052,32,26,69,0.797,0.917,0.273,1.7
1717,142.57,38,10,50,0.82,1.0,0.268,1.24
1718,113.904,40,17,59,0.814,0.722,0.25,1.48
1719,65.016,36,22,63,0.778,0.591,0.245,1.82
1720,49.884,31,20,52,0.808,0.765,0.357,1.61
1721,37.025,31,23,58,0.776,0.818,0.267,1.43
1722,73.061,33,19,52,0.865,1.0,0.267,1.17
1723,85.93,40,22,65,0.862,0.833,0.339,1.61
1724,117.672,39,16,60,0.733,0.727,0.295,1.99
1725,29.789,32,25,62,0.871,0.833,0.352,1.63
1726,137.823,37,10,47,0.766,0.8,0.389,1.34
1727,96.94,36,17,55,0.764,0.571,0.333,2.03
1728,9.061,35,33,71,0.817,0.879,0.259,2.09
1729,124.874,40,15,56,0.696,0.833,0.436,1.35
1730,144.843,37,9,51,0.863,1.0,0.364,1.28
1731,104.945,31,10,46,0.696,0.6,0.281,1.19
1732,101.776,33,13,53,0.792,0.667,0.405,1.61
1733,64.817,33,19,54,0.833,0.733,0.311,1.38
1734,114.769,36,14,50,0.8,0.833,0.275,1.43
1735,66.385,34,21,55,0.891,0.875,0.408,1.67
1736,87.87,32,15,47,0.809,1.0,0.342,1.49
1737,132.741,38,12,52,0.75,0.538,0.359,1.75
1738,66.235,27,13,40,0.775,1.0,0.29,1.24
1739,74.53,36,20,61,0.836,0.842,0.314,2.03
1740,16.231,23,19,46,0.761,0.571,0.314,1.6
1741,171.584,40,7,49,0.857,1.0,0.405,1.24
1742,32.94,29,22,54,0.852,0.909,0.348,1.47
1743,78.153,36,20,57,0.825,0.833,0.319,1.26
1744,15.392,38,33,80,0.775,0.69,0.306,2.35
1745,129.596,38,13,54,0.648,0.4,0.343,1.53
1746,12.151,31,28,65,0.754,0.75,0.306,1.8
1747,98.678,40,20,62,0.823,0.8,0.333,1.73
1748,106.142,31,10,42,0.786,1.0,0.273,1.03
1749,162.863,38,7,45,0.8,1.0,0.333,1.33
1750,56.958,39,28,68,0.794,0.647,0.315,2.38
1751,162.369,42,10,55,0.855,0.0,0.277,1.23
1752,-44.863,31,39,76,0.855,0.857,0.385,1.98
1753,52.961,30,19,50,0.84,1.0,0.286,1.44
1754,134.329,38,12,53,0.887,0.818,0.277,1.52
1755,63.66,35,21,61,0.885,0.857,0.296,1.4
1756,15.557,32,28,65,0.8,0.773,0.25,1.8
1757,130.63,37,12,52,0.769,1.0,0.325,1.62
1758,144.324,37,9,46,0.804,0.333,0.324,1.28
1759,130.824,39,13,57,0.877,0.75,0.32,1.62
1760,62.075,37,24,70,0.814,0.7,0.351,2.12
1761,156.482,43,12,67,0.833,1.0,0.382,1.77
1762,94.39,28,10,39,0.872,0.0,0.324,1.1
1763,47.176,31,21,55,0.818,0.857,0.289,1.39
1764,113.159,35,13,52,0.865,1.0,0.356,1.45
1765,96.272,37,18,55,0.873,0.625,0.375,1.65
1766,-5.283,33,33,70,0.771,0.719,0.315,1.91
1767,81.476,32,15,50,0.82,0.692,0.341,1.42
1768,59.401,32,20,52,0.808,0.889,0.381,1.34
1769,128.337,36,11,48,0.896,0.0,0.279,1.14
1770,69.383,35,21,56,0.786,0.875,0.364,1.65
1771,87.957,34,17,56,0.804,0.75,0.267,1.88
1772,75.059,34,19,53,0.717,0.462,0.289,1.45
1773,12.927,28,25,55,0.782,0.75,0.302,1.52
1774,-0.915,33,32,69,0.783,0.815,0.259,1.89
1775,23.236,27,22,53,0.868,0.833,0.283,1.75
1776,1.406,31,30,64,0.844,0.808,0.259,1.59
1777,16.509,33,29,67,0.848,0.857,0.339,2.39
1778,96.544,34,15,52,0.731,0.588,0.263,1.52
1779,131.71,38,12,52,0.769,1.0,0.275,1.34
1780,199.25,46,7,54,0.815,1.0,0.25,1.36
1781,150.622,34,5,40,0.8,1.0,0.281,1.18
1782,100.184,31,11,48,0.854,1.0,0.341,1.33
1783,74.187,29,15,47,0.83,0.75,0.436,1.66
1784,103.868,34,13,51,0.961,1.0,0.286,1.45
1785,141.418,42,14,60,0.9,1.0,0.315,1.46
1786,135.127,42,15,58,0.776,0.75,0.289,1.66
1787,164.287,41,8,52,0.788,1.0,0.293,1.28
1788,99.457,36,16,56,0.821,1.0,0.304,1.34
1789,79.678,37,21,59,0.864,1.0,0.275,1.68
1790,90.734,40,22,68,0.809,0.8,0.255,1.95
1791,47.744,28,18,50,0.86,0.8,0.349,1.53
1792,112.343,34,11,50,0.74,0.714,0.297,1.48
1793,92.465,35,17,55,0.855,0.667,0.34,1.54
1794,101.791,38,17,62,0.855,1.0,0.302,1.5
1795,102.415,31,10,45,0.8,1.0,0.361,1.34
1796,116.467,37,14,57,0.684,0.8,0.256,1.72
1797,123.969,28,4,32,0.75,1.0,0.25,0.75
1798,37.615,40,31,77,0.818,0.786,0.349,2.03
1799,70.226,33,18,52,0.788,1.0,0.293,1.28
1800,130.697,41,15,58,0.862,0.0,0.22,1.4
1801,31.196,32,25,57,0.754,0.875,0.349,1.4
1802,34.869,29,22,55,0.691,0.5,0.421,1.6
1803,136.186,36,9,55,0.855,0.833,0.34,1.54
1804,86.163,31,14,45,0.756,0.545,0.324,1.31
1805,59.792,32,20,56,0.857,0.875,0.312,1.3
1806,5.13,28,26,59,0.729,0.708,0.419,1.43
1807,100.522,37,17,59,0.814,1.0,0.312,1.62
1808,127.894,37,12,50,0.8,0.889,0.275,1.34
1809,73.614,36,21,64,0.781,0.643,0.28,1.63
1810,-4.439,31,32,65,0.769,0.684,0.3,1.76
1811,67.909,38,24,69,0.826,0.789,0.246,1.86
1812,47.737,37,27,67,0.773,0.545,0.353,2.26
1813,112.174,38,16,55,0.855,1.0,0.298,1.48
1814,168.194,40,7,56,0.75,0.75,0.429,1.56
1815,78.149,34,18,60,0.783,0.85,0.277,1.79
1816,103.277,36,15,54,0.87,1.0,0.319,1.44
1817,85.307,32,15,52,0.827,0.8,0.442,1.55
1818,117.597,36,13,56,0.75,1.0,0.357,1.9
1819,166.04,40,7,51,0.706,0.667,0.333,1.63
1820,26.505,31,25,56,0.875,1.0,0.265,1.43
1821,166.036,36,4,44,0.795,0.0,0.286,1.23
1822,127.552,34,9,46,0.87,0.8,0.3,1.41
1823,104.806,34,13,50,0.88,1.0,0.273,1.27
1824,149.743,39,10,49,0.776,0.818,0.289,1.28
1825,-4.572,29,29,62,0.758,0.818,0.298,1.83
1826,21.881,31,26,59,0.847,0.8,0.24,1.53
1827,131.767,35,9,47,0.83,1.0,0.282,1.14
1828,57.296,37,25,63,0.794,0.889,0.34,1.49
1829,97.245,34,15,57,0.842,1.0,0.333,1.48
1830,92.048,23,5,28,0.75,1.0,0.429,0.96
1831,97.464,33,13,51,0.843,0.75,0.302,1.49
1832,121.82,40,16,62,0.823,1.0,0.333,1.34
1833,74.154,36,21,67,0.731,0.778,0.306,1.7
1834,49.222,30,20,57,0.789,0.741,0.356,2.11
1835,74.195,30,15,48,0.875,1.0,0.429,1.24
1836,128.999,33,8,42,0.929,0.0,0.359,1.21
1837,73.338,34,19,55,0.709,1.0,0.385,1.43
1838,91.47,32,14,48,0.833,0.789,0.45,1.67
1839,80.061,34,18,57,0.789,0.714,0.356,1.68
1840,134.307,40,14,54,0.778,0.9,0.31,1.35
1841,105.706,38,17,56,0.804,0.833,0.356,1.62
1842,18.721,28,24,56,0.786,0.667,0.318,1.66
1843,94.489,29,10,42,0.69,0.615,0.379,1.41
1844,47.365,33,23,59,0.797,0.833,0.255,1.5
1845,133.22,39,13,58,0.707,0.571,0.341,1.86
1846,97.081,37,17,54,0.833,0.875,0.311,1.29
1847,25.089,36,30,71,0.718,0.565,0.275,1.68
1848,127.824,38,13,53,0.717,0.667,0.447,1.59
1849,39.913,36,27,66,0.742,0.8,0.286,2.07
1850,38.702,35,26,65,0.846,1.0,0.273,1.39
1851,-15.34,31,33,65,0.846,0.731,0.291,2.16
1852,98.093,40,20,61,0.803,0.733,0.286,1.53
1853,157.639,40,9,51,0.804,1.0,0.293,1.25
1854,32.743,33,26,62,0.774,0.7,0.333,1.87
1855,100.224,35,15,51,0.882,0.75,0.289,1.4
1856,42.683,34,26,61,0.738,0.6,0.444,1.81
1857,120.213,33,9,49,0.735,0.667,0.417,1.77
1858,107.104,37,16,53,0.736,0.667,0.333,1.37
1859,98.51,40,20,62,0.887,0.833,0.291,1.16
1860,102.597,34,14,50,0.84,1.0,0.357,1.23
1861,92.748,31,13,45,0.778,0.875,0.371,1.08
1862,93.775,36,17,54,0.815,0.846,0.273,1.54
1863,34.668,31,23,60,0.833,0.8,0.3,1.66
1864,72.691,34,19,61,0.82,0.895,0.28,1.62
1865,138.88,38,10,50,0.82,0.9,0.341,1.37
1866,148.737,39,10,49,0.755,0.889,0.243,1.21
1867,83.398,37,20,61,0.803,0.824,0.286,2.12
1868,51.316,32,21,53,0.774,0.875,0.268,1.33
1869,131.101,42,16,61,0.803,0.75,0.388,1.91
1870,85.402,36,18,61,0.885,1.0,0.352,1.28
1871,114.554,34,11,55,0.855,0.571,0.298,1.72
1872,139.443,38,11,50,0.74,1.0,0.27,1.53
1873,66.641,30,16,46,0.717,0.909,0.273,1.21
1874,121.061,38,13,54,0.778,0.7,0.286,1.64
1875,109.78,33,12,46,0.761,0.8,0.343,1.21
1876,117.143,36,13,57,0.772,0.733,0.364,1.81
1877,82.645,34,17,56,0.875,1.0,0.347,1.3
1878,72.336,38,23,65,0.738,0.643,0.375,2.05
1879,24.827,34,28,64,0.766,0.7,0.367,1.56
1880,93.401,38,19,62,0.774,0.783,0.312,1.99
1881,82.433,35,19,55,0.836,0.833,0.304,1.68
1882,107.042,37,16,62,0.903,0.846,0.304,1.43
1883,88.356,35,17,61,0.902,1.0,0.255,1.75
1884,141.441,38,10,49,0.837,1.0,0.366,1.11
1885,129.068,34,9,45,0.844,1.0,0.289,1.39
1886,95.716,36,17,54,0.87,0.667,0.255,1.47
1887,110.654,36,14,52,0.904,1.0,0.298,1.31
1888,38.284,34,26,63,0.81,0.706,0.294,1.95
1889,8.206,26,23,52,0.885,0.762,0.283,1.62
1890,168.374,41,8,51,0.725,1.0,0.351,1.18
1891,96.656,39,20,60,0.717,0.762,0.279,1.59
1892,-41.359,30,37,71,0.831,0.852,0.271,2.2
1893,130.901,42,16,59,0.678,0.6,0.275,2.0
1894,89.055,36,18,56,0.786,0.75,0.295,1.7
1895,68.886,31,17,48,0.833,0.8,0.25,1.34
1896,78.401,32,16,49,0.776,0.636,0.368,1.56
1897,135.038,40,14,60,0.783,1.0,0.426,1.68
1898,68.993,39,25,64,0.688,0.524,0.341,1.69
1899,6.307,36,34,73,0.808,0.9,0.39,2.15
1900,109.547,38,16,57,0.772,0.9,0.318,1.44
1901,12.104,34,31,72,0.847,0.926,0.279,2.61
1902,-43.773,29,37,68,0.794,0.783,0.278,1.92
1903,9.784,30,27,57,0.789,0.762,0.244,1.46
1904,72.645,34,19,54,0.815,0.833,0.364,1.76
1905,27.478,28,22,54,0.796,0.842,0.279,1.35
1906,30.823,34,27,67,0.776,0.812,0.404,2.19
1907,99.963,36,16,52,0.808,0.6,0.31,1.15
1908,141.728,38,10,48,0.833,1.0,0.275,1.18
1909,132.005,38,13,51,0.745,0.778,0.316,1.36
1910,-29.554,32,37,74,0.824,0.778,0.262,2.03
1911,61.925,32,19,53,0.755,0.667,0.5,1.97
1912,45.542,30,20,56,0.732,0.7,0.317,1.57
1913,-10.969,32,33,70,0.743,0.706,0.288,1.74
1914,-25.496,27,31,62,0.806,0.615,0.24,1.58
1915,102.242,33,13,51,0.706,0.5,0.333,1.56
1916,19.183,27,22,53,0.83,0.938,0.273,1.42
1917,127.704,37,12,54,0.815,0.733,0.273,1.56
1918,96.085,29,10,45,0.844,1.0,0.342,1.38
1919,76.914,36,21,61,0.77,0.583,0.298,1.71
1920,53.749,31,19,56,0.839,0.737,0.34,1.7
1921,25.735,30,24,59,0.932,0.75,0.309,1.41
1922,76.864,37,21,60,0.767,0.833,0.283,1.57
1923,151.576,40,11,53,0.811,0.667,0.302,1.55
1924,81.38,33,16,54,0.796,1.0,0.302,1.36
1925,161.108,40,9,53,0.717,1.0,0.447,1.32
1926,133.2,37,11,52,0.769,0.6,0.375,1.5
1927,113.342,43,21,65,0.723,0.667,0.298,2.35
1928,138.702,36,9,46,0.804,1.0,0.297,1.35
1929,106.553,36,14,54,0.833,0.75,0.311,1.41
1930,25.09,30,24,58,0.707,0.923,0.39,1.46
1931,102.562,36,15,51,0.863,0.667,0.318,1.48
1932,146.306,39,10,53,0.66,0.75,0.257,1.55
1933,173.123,40,6,51,0.725,0.75,0.432,1.41
1934,143.637,38,10,50,0.82,1.0,0.268,1.16
1935,86.672,40,22,63,0.873,0.737,0.309,1.58
1936,111.295,42,20,66,0.727,0.719,0.271,2.07
1937,63.73,31,18,49,0.939,1.0,0.283,1.28
1938,36.153,36,28,68,0.824,0.788,0.375,2.24
1939,175.814,42,8,51,0.784,0.667,0.375,1.69
1940,110.873,35,12,50,0.82,1.0,0.293,1.13
1941,97.518,36,16,53,0.83,0.737,0.386,1.7
1942,53.392,35,24,62,0.839,0.929,0.327,1.54
1943,88.378,35,17,55,0.836,0.833,0.261,1.53
1944,69.06,31,17,49,0.796,0.875,0.308,1.46
1945,77.37,26,10,47,0.83,1.0,0.359,1.62
1946,123.65,37,12,55,0.727,0.75,0.3,1.66
1947,-0.468,25,25,53,0.849,0.857,0.333,1.68
1948,19.647,38,33,73,0.775,0.818,0.291,2.08
1949,26.772,35,29,68,0.735,0.778,0.46,2.23
1950,159.696,35,4,42,0.857,1.0,0.361,1.05
1951,110.787,37,15,55,0.873,1.0,0.354,1.44
1952,39.294,32,24,63,0.651,0.474,0.293,2.15
1953,-37.398,26,32,62,0.774,0.704,0.312,2.06
1954,54.545,36,24,61,0.738,0.684,0.244,1.52
1955,100.434,31,11,42,0.833,0.778,0.4,1.33
1956,20.066,30,25,63,0.73,0.571,0.391,2.58
1957,50.324,35,25,62,0.871,1.0,0.407,2.01
1958,94.539,36,17,55,0.764,0.857,0.262,1.28
1959,188.397,43,7,57,0.86,1.0,0.429,1.68
1960,102.518,35,14,52,0.865,0.9,0.289,1.39
1961,43.568,34,25,62,0.806,0.87,0.28,1.59
1962,118.608,36,13,49,0.776,1.0,0.368,1.18
1963,146.377,36,7,45,0.867,1.0,0.282,1.06
1964,63.856,34,20,54,0.833,0.75,0.311,1.28
1965,56.951,35,24,65,0.815,0.905,0.264,1.94
1966,-18.877,30,33,65,0.785,0.7,0.333,2.01
1967,-75.075,29,42,77,0.779,0.696,0.317,1.91
1968,21.592,27,22,52,0.75,0.533,0.333,1.58
1969,60.937,37,24,63,0.762,0.867,0.417,1.78
1970,52.82,31,20,53,0.887,0.929,0.447,1.94
1971,-49.943,25,33,61,0.869,0.81,0.245,1.42
1972,56.903,37,25,65,0.769,0.857,0.3,1.76
1973,89.375,36,18,57,0.807,0.833,0.283,1.27
1974,84.729,39,22,63,0.825,0.833,0.346,1.54
1975,124.758,40,16,57,0.807,1.0,0.348,1.49
1976,181.555,45,9,59,0.695,0.545,0.366,1.55
1977,67.693,32,18,59,0.831,1.0,0.306,1.4
1978,137.225,42,15,62,0.758,0.714,0.298,1.58
1979,98.701,38,18,58,0.759,0.789,0.318,1.57
1980,172.167,38,4,46,0.761,1.0,0.286,1.0
1981,88.574,35,17,56,0.821,0.75,0.413,1.51
1982,77.911,39,23,69,0.754,0.739,0.288,2.14
1983,110.718,38,16,54,0.815,0.846,0.318,1.53
1984,163.458,37,5,43,0.814,0.0,0.314,0.92
1985,98.636,33,13,48,0.812,0.75,0.359,1.12
1986,14.084,31,27,65,0.815,0.87,0.358,1.73
1987,132.744,36,9,55,0.8,0.889,0.25,1.3
1988,65.808,39,26,66,0.833,0.889,0.255,1.53
1989,98.638,34,14,52,0.788,0.8,0.244,1.63
1990,152.233,41,11,60,0.783,0.75,0.362,1.65
1991,52.336,34,23,63,0.873,1.0,0.273,1.4
1992,41.688,35,26,61,0.787,0.733,0.25,1.37
1993,117.337,33,10,46,0.891,0.857,0.293,1.23
1994,36.86,34,27,62,0.79,0.72,0.327,2.16
1995,74.323,38,23,62,0.887,0.929,0.327,1.59
1996,84.787,41,24,66,0.697,0.8,0.283,1.82
1997,179.127,41,6,51,0.765,0.667,0.333,1.32
1998,103.111,32,12,51,0.745,0.786,0.421,1.74
1999,-16.133,30,32,65,0.8,0.778,0.269,1.76
2000,13.486,31,27,59,0.746,0.786,0.295,1.6
2001,77.175,31,16,48,0.708,0.7,0.412,1.56
2002,64.331,35,22,62,0.855,0.875,0.302,1.45
2003,186.65,39,3,44,0.659,0.333,0.241,1.13
2004,51.583,32,21,72,0.819,0.679,0.356,2.14
2005,102.094,36,16,53,0.868,1.0,0.304,1.27
2006,73.018,37,22,67,0.806,0.84,0.278,2.1
2007,129.105,40,14,61,0.77,0.667,0.298,1.58
2008,60.376,31,18,51,0.843,0.889,0.279,1.33
2009,91.949,34,15,52,0.731,0.7,0.237,1.26
2010,106.888,38,16,60,0.85,0.818,0.353,1.93
2011,32.812,27,19,52,0.808,0.769,0.381,1.61
2012,104.885,36,15,54,0.852,0.857,0.283,1.27
2013,81.535,39,22,68,0.794,0.923,0.296,1.71
2014,53.414,32,21,56,0.714,0.692,0.525,1.65
2015,80.729,33,17,53,0.679,0.692,0.306,1.61
2016,83.758,35,18,56,0.768,0.706,0.395,1.74
2017,23.019,27,22,52,0.769,0.867,0.35,1.53
2018,132.987,35,9,45,0.778,0.0,0.343,1.13
2019,144.444,43,15,59,0.78,1.0,0.261,1.41
2020,77.817,32,16,57,0.719,0.722,0.317,1.61
2021,161.068,42,11,57,0.649,1.0,0.324,1.34
2022,79.403,38,22,62,0.758,0.75,0.319,1.7
2023,113.464,36,14,52,0.75,0.8,0.359,1.59
2024,109.346,34,13,47,0.872,1.0,0.366,1.36
2025,94.473,33,14,48,0.854,0.917,0.293,1.33
2026,140.042,41,14,56,0.821,0.818,0.283,1.56
2027,92.664,35,16,61,0.852,0.857,0.288,1.77
2028,113.973,38,16,54,0.722,0.667,0.487,1.56
2029,145.269,44,15,60,0.7,0.765,0.381,1.56
2030,51.971,38,27,67,0.791,0.857,0.264,1.64
2031,65.786,35,21,58,0.741,0.722,0.326,1.52
2032,72.585,30,16,50,0.84,0.75,0.381,1.49
2033,139.947,38,10,51,0.804,0.889,0.341,1.11
2034,62.668,36,23,62,0.806,0.786,0.3,1.58
2035,104.271,32,11,43,0.791,0.8,0.382,1.57
2036,44.101,34,24,60,0.817,0.773,0.306,1.77
2037,93.131,38,19,59,0.864,0.8,0.353,1.59
2038,92.853,38,19,57,0.772,0.692,0.341,1.62
2039,82.537,34,17,52,0.692,0.682,0.361,1.81
2040,93.69,35,16,53,0.849,1.0,0.444,1.54
2041,121.157,32,8,44,0.773,0.0,0.412,1.21
2042,125.449,33,9,45,0.822,1.0,0.351,1.14
2043,94.228,38,18,61,0.754,0.867,0.261,1.61
2044,157.988,37,6,51,0.784,0.5,0.425,1.69
2045,90.296,37,19,63,0.778,0.789,0.286,1.83
2046,140.433,40,12,53,0.736,0.714,0.308,1.22
2047,158.86,40,9,49,0.796,1.0,0.308,1.2
2048,61.616,30,17,49,0.776,0.818,0.368,1.35
2049,173.385,41,7,49,0.796,1.0,0.282,1.45
2050,17.875,29,25,54,0.778,0.667,0.381,1.27
2051,97.353,35,16,57,0.754,0.824,0.256,1.63
2052,144.308,37,9,46,0.761,0.833,0.286,1.54
2053,140.791,35,7,44,0.955,0.0,0.429,1.37
2054,-27.373,33,38,73,0.808,0.8,0.356,2.23
2055,138.173,38,12,53,0.792,0.833,0.262,1.65
2056,108.556,42,20,65,0.708,0.692,0.261,1.73
2057,83.171,32,15,49,0.918,1.0,0.444,1.06
2058,108.159,32,11,52,0.769,0.667,0.5,1.7
2059,161.912,46,14,61,0.787,0.75,0.312,1.51
2060,139.772,34,6,46,0.717,0.75,0.242,1.12
2061,44.94,33,23,58,0.759,0.75,0.318,1.7
2062,81.175,29,13,44,0.795,0.667,0.257,1.08
2063,59.055,36,24,63,0.841,0.833,0.264,1.86
2064,63.75,33,19,59,0.814,0.818,0.292,1.44
2065,134.779,39,12,56,0.839,1.0,0.34,1.51
2066,105.748,38,16,54,0.741,0.714,0.3,1.37
2067,36.156,34,25,64,0.734,0.609,0.383,1.77
2068,23.666,31,25,57,0.789,0.667,0.333,1.63
2069,71.133,37,22,63,0.746,0.632,0.319,1.62
2070,62.297,34,21,57,0.86,0.889,0.367,1.73
2071,166.783,43,10,57,0.86,1.0,0.469,1.5
2072,84.273,35,18,57,0.772,0.444,0.432,2.07
2073,114.502,31,9,43,0.744,0.571,0.406,1.43
2074,146.347,44,14,60,0.783,1.0,0.319,1.14
2075,41.905,39,30,70,0.8,0.818,0.357,1.69
2076,125.119,38,13,54,0.852,1.0,0.283,1.41
2077,68.221,33,19,58,0.81,0.882,0.298,1.74
2078,102.955,32,12,46,0.761,0.333,0.371,1.34
2079,123.555,41,16,58,0.724,0.75,0.31,1.6
2080,109.041,39,17,59,0.797,1.0,0.404,1.64
2081,73.433,33,19,56,0.696,0.812,0.359,1.8
2082,190.257,42,5,50,0.84,1.0,0.357,1.14
2083,145.217,36,8,45,0.756,0.667,0.353,1.24
2084,141.543,39,11,52,0.904,1.0,0.426,1.48
2085,-7.749,32,32,70,0.8,0.774,0.286,1.69
2086,120.697,40,16,60,0.767,0.714,0.261,1.51
2087,26.117,35,29,67,0.806,0.857,0.296,1.93
2088,98.475,36,16,53,0.774,0.75,0.317,1.66
2089,179.451,40,5,47,0.809,0.714,0.342,1.39
2090,-12.948,30,31,63,0.794,0.8,0.4,1.7
2091,208.238,43,2,52,0.731,0.571,0.316,1.77
2092,155.169,45,14,61,0.836,0.833,0.255,1.65
2093,165.778,45,12,58,0.759,0.727,0.432,1.8
2094,129.024,38,12,53,0.755,0.889,0.25,1.57
2095,64.791,31,17,54,0.815,0.833,0.295,1.45
2096,-47.48,32,40,74,0.73,0.677,0.333,2.75
2097,140.041,36,9,46,0.848,1.0,0.436,1.49
2098,-17.948,32,34,71,0.761,0.667,0.296,1.81
2099,126.492,39,14,53,0.83,0.7,0.364,1.65
2100,66.94,36,22,62,0.806,0.667,0.32,1.55
2101,52.146,35,24,60,0.717,0.762,0.372,1.66
2102,132.965,39,12,58,0.655,0.667,0.368,1.76
2103,140.434,41,13,56,0.786,0.769,0.273,1.73
2104,116.163,36,12,48,0.708,1.0,0.382,1.31
2105,-18.025,29,31,64,0.672,0.625,0.233,2.12
2106,69.034,35,20,57,0.825,0.778,0.277,1.4
2107,60.993,34,20,55,0.673,0.667,0.351,1.45
2108,20.951,30,25,57,0.895,1.0,0.353,1.37
2109,132.8,34,8,50,0.74,0.667,0.324,1.49
2110,58.446,32,20,58,0.776,0.929,0.267,1.48
2111,49.007,30,19,54,0.852,0.917,0.304,1.29
2112,145.869,38,9,48,0.667,0.6,0.344,1.42
2113,135.851,38,11,51,0.902,1.0,0.304,1.11
2114,123.698,35,10,46,0.804,1.0,0.432,1.12
2115,116.262,48,25,75,0.733,0.619,0.273,2.35
2116,141.691,41,13,54,0.815,0.85,0.227,1.2
2117,111.289,38,16,59,0.881,0.0,0.385,1.65
2118,120.767,36,12,48,0.708,0.8,0.324,1.55
2119,21.235,36,30,69,0.768,0.769,0.283,1.71
2120,64.706,32,19,55,0.691,1.0,0.474,1.45
2121,114.984,38,15,59,0.847,0.917,0.4,2.0
2122,198.833,45,6,56,0.768,0.0,0.372,1.39
2123,81.002,39,22,67,0.866,0.938,0.31,2.02
2124,133.133,40,14,57,0.825,0.667,0.362,1.65
2125,20.358,31,26,63,0.778,0.826,0.347,2.01
2126,138.842,37,10,47,0.894,0.889,0.31,1.1
2127,91.62,35,15,59,0.746,0.75,0.364,1.48
2128,165.421,34,2,38,0.684,0.0,0.577,1.17
2129,144.378,39,10,51,0.686,0.609,0.257,1.95
2130,74.482,30,15,49,0.776,0.8,0.342,1.76
2131,120.441,38,15,55,0.836,0.786,0.478,1.72
2132,43.387,34,24,62,0.855,1.0,0.264,1.32
2133,134.438,39,12,52,0.654,0.7,0.324,1.57
2134,84.47,32,15,48,0.792,0.769,0.447,1.71
2135,91.557,34,16,56,0.768,0.722,0.279,1.65
2136,138.606,41,14,60,0.7,0.625,0.333,1.65
2137,147.497,40,9,57,0.789,0.667,0.378,1.26
2138,108.491,36,15,54,0.778,0.769,0.405,1.92
2139,83.292,35,18,56,0.768,0.75,0.349,1.29
2140,70.765,34,19,59,0.814,0.923,0.354,1.64
2141,106.252,32,11,45,0.689,1.0,0.484,1.34
2142,43.63,35,25,64,0.859,0.815,0.273,1.9
2143,98.178,32,12,48,0.812,0.714,0.282,1.29
2144,134.398,37,10,54,0.704,0.625,0.263,1.5
2145,94.994,38,19,58,0.724,0.667,0.429,1.82
2146,76.053,36,20,58,0.741,0.455,0.349,1.75
2147,68.312,34,20,57,0.789,0.9,0.378,1.56
2148,72.539,32,17,53,0.717,0.8,0.447,1.52
2149,114.614,36,13,53,0.736,0.6,0.41,1.68
2150,77.975,34,18,58,0.828,1.0,0.292,1.3
2151,143.924,42,14,59,0.898,1.0,0.283,1.3
2152,29.262,28,22,55,0.836,0.909,0.37,1.56
2153,111.856,41,19,60,0.783,0.857,0.404,2.07
2154,50.68,31,19,53,0.755,0.5,0.3,1.47
2155,105.523,37,15,53,0.755,0.692,0.275,1.58
2156,135.354,32,6,41,0.78,1.0,0.469,1.19
2157,68.169,34,21,55,0.818,0.667,0.333,1.47
2158,28.813,29,23,53,0.755,0.588,0.375,1.65
2159,81.174,37,21,62,0.754,0.5,0.326,2.3
2160,76.117,34,18,55,0.8,0.846,0.318,1.27
2161,66.81,30,16,46,0.804,0.75,0.378,1.28
2162,171.898,45,11,56,0.732,0.818,0.439,1.65
2163,133.578,37,11,48,0.708,0.667,0.353,1.43
2164,66.37,33,20,54,0.704,0.7,0.395,1.61
2165,166.545,34,2,36,0.75,1.0,0.407,1.14
2166,148.152,35,6,46,0.804,1.0,0.297,1.2
2167,49.701,37,26,69,0.797,0.75,0.291,1.76
2168,43.611,31,22,59,0.712,0.667,0.238,2.16
2169,62.34,33,20,57,0.772,0.667,0.409,1.78
2170,41.85,36,27,67,0.687,0.6,0.304,2.18
2171,156.082,41,10,53,0.736,0.643,0.333,1.71
2172,-15.438,30,33,65,0.692,0.594,0.444,2.76
2173,81.041,36,20,56,0.679,0.647,0.395,1.76
2174,138.458,40,13,57,0.789,0.75,0.289,1.37
2175,109.532,36,14,50,0.82,0.8,0.415,1.41
2176,111.525,37,15,57,0.754,0.833,0.349,1.59
2177,33.071,35,27,68,0.897,1.0,0.311,1.56
2178,82.318,36,19,64,0.766,0.583,0.306,1.74
2179,44.944,30,21,57,0.772,0.667,0.364,1.88
2180,105.32,36,15,57,0.754,0.667,0.349,2.27
2181,141.962,33,5,39,0.923,0.0,0.389,0.93
2182,119.756,37,13,53,0.792,0.857,0.357,1.55
2183,97.573,38,18,59,0.763,0.739,0.4,1.99
2184,116.943,39,16,60,0.833,1.0,0.42,1.51
2185,123.551,36,11,47,0.83,1.0,0.359,1.18
2186,97.543,38,19,65,0.831,0.769,0.389,1.85
2187,66.418,36,22,62,0.887,0.727,0.291,1.39
2188,45.129,37,27,65,0.708,0.75,0.348,2.05
2189,111.531,42,20,69,0.725,1.0,0.28,1.99
2190,113.182,40,17,60,0.733,0.571,0.409,2.37
2191,100.076,35,15,51,0.686,0.857,0.286,1.39
2192,175.129,41,7,49,0.735,1.0,0.389,1.26
2193,133.399,40,14,55,0.764,0.8,0.333,1.41
2194,94.335,43,24,70,0.7,0.667,0.286,2.43
2195,115.218,31,8,39,0.769,0.0,0.333,0.92
2196,137.251,35,8,43,0.814,1.0,0.371,1.17
2197,125.342,41,16,59,0.78,1.0,0.348,1.44
2198,54.322,27,16,45,0.8,1.0,0.306,1.01
2199,195.604,40,3,43,0.721,1.0,0.258,1.16
2200,109.595,33,11,47,0.787,1.0,0.432,1.24
2201,102.617,37,16,58,0.828,1.0,0.333,1.56
2202,57.487,28,16,47,0.894,0.909,0.31,1.29
2203,63.358,34,21,59,0.729,0.692,0.279,1.87
2204,110.261,38,16,58,0.69,0.846,0.325,1.36
2205,133.419,39,12,52,0.596,0.474,0.355,1.4
2206,23.607,33,27,64,0.859,0.75,0.255,1.66
2207,119.803,37,14,51,0.804,0.75,0.293,1.35
2208,182.141,46,10,57,0.825,0.833,0.319,1.51
2209,57.062,26,14,46,0.826,1.0,0.368,1.38
2210,93.002,33,14,49,0.837,0.909,0.366,1.47
2211,88.679,33,15,53,0.811,0.778,0.349,1.39
2212,88.899,34,15,54,0.87,0.833,0.383,1.63
2213,71.211,33,18,52,0.788,0.857,0.293,1.36
2214,119.769,34,11,46,0.826,0.667,0.368,1.37
2215,78.417,38,22,63,0.841,0.875,0.283,1.43
2216,115.271,34,11,50,0.8,1.0,0.3,1.27
2217,135.598,45,18,65,0.738,0.647,0.333,1.98
2218,-117.667,31,52,88,0.807,0.75,0.324,2.03
2219,56.508,37,25,67,0.776,0.793,0.288,2.19
2220,29.086,35,29,66,0.833,0.714,0.309,1.73
2221,144.26,40,11,58,0.845,1.0,0.367,1.4
2222,0.567,35,34,70,0.786,0.735,0.273,2.44
2223,135.39,36,9,46,0.783,1.0,0.333,1.16
2224,63.264,34,21,60,0.767,0.929,0.37,1.98
2225,74.907,37,21,62,0.79,0.727,0.286,1.62
2226,106.989,36,14,56,0.732,0.8,0.317,1.36
2227,112.383,33,11,44,0.682,1.0,0.367,1.22
2228,102.672,31,10,45,0.822,0.714,0.486,1.41
2229,59.722,31,18,54,0.796,1.0,0.302,1.34
2230,153.016,36,6,46,0.848,1.0,0.385,1.48
2231,21.003,34,29,66,0.682,0.75,0.289,1.73
2232,113.438,33,10,44,0.795,1.0,0.314,1.04
2233,126.482,39,14,57,0.737,1.0,0.381,1.56
2234,149.41,37,8,46,0.826,0.0,0.368,1.27
2235,108.609,37,16,58,0.759,0.8,0.25,1.7
2236,107.847,33,11,53,0.755,0.75,0.275,1.44
2237,101.221,36,15,57,0.789,0.5,0.311,1.66
2238,93.191,35,16,53,0.774,0.7,0.366,1.35
2239,116.062,39,15,58,0.724,0.6,0.381,1.68
2240,45.836,36,26,67,0.716,0.679,0.354,1.97
2241,97.364,38,18,57,0.737,0.733,0.262,1.44
2242,33.01,36,28,66,0.697,0.692,0.304,1.8
2243,139.362,39,11,51,0.922,1.0,0.383,1.52
2244,82.513,41,23,66,0.788,0.714,0.308,1.73
2245,45.848,29,19,52,0.808,0.733,0.286,1.72
2246,76.904,32,16,53,0.736,0.667,0.282,1.62
2247,80.891,36,19,58,0.793,0.75,0.283,1.6
2248,123.844,43,17,63,0.778,0.75,0.306,1.64
2249,123.52,28,4,32,0.781,0.0,0.36,0.91
2250,82.384,37,20,62,0.71,1.0,0.318,1.5
2251,161.749,35,3,39,0.795,0.0,0.387,1.19
2252,153.372,39,9,50,0.74,1.0,0.324,1.11
2253,133.566,31,5,37,0.73,0.0,0.296,0.81
2254,87.792,42,24,67,0.821,0.812,0.291,2.05
2255,140.137,42,14,59,0.847,0.833,0.3,1.29
2256,140.541,43,15,58,0.707,0.643,0.317,1.76
2257,97.409,42,22,69,0.768,0.882,0.302,1.97
2258,116.365,33,9,43,0.837,0.0,0.333,0.97
2259,95.835,38,18,60,0.867,0.778,0.308,1.71
2260,13.365,31,26,60,0.783,0.857,0.277,1.13
2261,35.546,30,22,56,0.857,0.75,0.396,1.54
2262,55.734,31,19,54,0.889,0.857,0.25,1.38
2263,96.679,34,15,53,0.698,0.812,0.351,1.65
2264,124.51,39,14,57,0.789,0.0,0.267,1.4
2265,83.167,41,23,69,0.797,0.8,0.291,1.19
2266,91.221,32,14,48,0.854,1.0,0.317,1.02
2267,97.128,31,11,48,0.917,1.0,0.295,1.54
2268,51.966,32,21,57,0.772,0.75,0.295,1.65
2269,101.818,37,16,56,0.75,0.778,0.429,1.4
2270,-13.839,32,34,70,0.8,0.886,0.25,2.03
2271,49.958,36,25,64,0.797,0.875,0.333,1.98
2272,100.668,37,17,57,0.754,0.727,0.372,2.14
2273,133.637,40,13,54,0.722,1.0,0.282,1.21
2274,1.178,32,31,66,0.803,0.821,0.358,1.86
2275,152.722,35,5,40,0.85,1.0,0.353,1.04
2276,78.742,39,23,65,0.738,0.875,0.333,1.62
2277,-32.58,26,31,59,0.78,0.9,0.239,1.48
2278,27.488,37,31,73,0.671,0.619,0.347,2.49
2279,164.768,35,3,40,0.8,1.0,0.406,1.17
2280,69.058,33,19,54,0.815,0.833,0.318,1.43
2281,109.891,37,15,52,0.692,0.667,0.306,1.49
2282,-33.115,29,34,69,0.754,0.769,0.269,2.09
2283,62.265,37,24,73,0.7,0.684,0.286,2.16
2284,69.653,34,20,57,0.754,0.684,0.395,1.66
2285,87.563,35,17,57,0.719,0.889,0.268,1.36
2286,51.605,35,24,60,0.85,0.882,0.373,1.54
2287,138.226,39,12,54,0.685,1.0,0.432,1.64
2288,98.462,37,17,55,0.836,0.889,0.391,1.44
2289,104.426,35,14,53,0.679,0.625,0.306,1.24
2290,43.254,30,21,52,0.827,1.0,0.372,1.67
2291,175.192,41,7,50,0.6,0.2,0.4,1.2
2292,100.89,40,20,60,0.75,0.737,0.356,1.62
2293,157.309,45,13,67,0.761,0.714,0.353,1.98
2294,207.638,47,6,54,0.759,0.917,0.268,1.33
2295,69.32,38,23,66,0.712,0.737,0.298,1.73
2296,22.198,36,30,68,0.853,0.333,0.397,1.91
2297,78.523,41,25,72,0.806,0.867,0.345,2.19
2298,104.203,35,14,51,0.804,1.0,0.317,1.23
2299,40.673,34,25,62,0.806,0.818,0.28,1.63
2300,64.933,37,23,66,0.818,0.786,0.315,1.54
2301,92.341,40,20,64,0.672,0.684,0.279,1.7
2302,136.813,32,5,39,0.744,0.833,0.241,1.14
2303,149.933,38,9,48,0.771,0.0,0.405,1.33
2304,143.367,41,13,55,0.727,0.5,0.5,1.53
2305,95.633,37,18,56,0.75,0.714,0.381,1.63
2306,87.059,40,22,65,0.769,0.722,0.32,1.45
2307,101.345,39,18,61,0.754,0.765,0.283,1.63
2308,58.623,36,24,62,0.758,0.636,0.298,2.02
2309,66.241,35,21,60,0.733,0.9,0.318,1.66
2310,80.625,34,18,53,0.811,0.846,0.465,1.75
2311,168.212,39,6,46,0.804,0.8,0.378,1.33
2312,119.189,38,14,52,0.75,0.85,0.359,1.75
2313,75.439,31,15,50,0.8,0.833,0.325,1.61
2314,175.595,45,10,59,0.661,0.571,0.256,1.52
2315,2.088,37,35,78,0.756,0.808,0.288,2.14
2316,176.454,41,6,49,0.735,0.667,0.389,1.33
2317,36.898,32,23,59,0.797,0.867,0.319,1.37
2318,104.813,35,14,49,0.776,0.8,0.289,0.96
2319,161.378,42,10,55,0.782,0.833,0.419,1.16
2320,50.157,41,30,73,0.808,0.882,0.322,1.9
2321,76.788,34,18,57,0.86,0.75,0.347,1.62
2322,160.07,39,8,49,0.837,0.643,0.317,1.55
2323,31.484,34,26,64,0.672,0.783,0.256,1.78
2324,92.265,36,17,59,0.797,1.0,0.34,1.59
2325,23.742,29,24,59,0.881,0.917,0.288,1.46
2326,98.328,37,17,57,0.807,0.625,0.326,1.69
2327,118.432,37,13,55,0.818,0.727,0.311,1.34
2328,125.718,37,12,53,0.717,0.692,0.368,1.84
2329,141.282,41,13,58,0.793,0.571,0.261,1.34
2330,155.249,41,10,52,0.75,0.714,0.308,1.45
2331,89.353,33,15,51,0.804,1.0,0.317,1.38
2332,172.928,42,8,55,0.727,0.833,0.325,1.49
2333,98.661,33,13,51,0.765,0.667,0.282,1.29
2334,-13.278,34,36,78,0.782,0.75,0.295,1.86
2335,87.504,40,22,68,0.706,0.72,0.312,1.96
2336,82.329,38,21,59,0.763,0.933,0.267,1.55
2337,60.818,38,25,68,0.838,0.821,0.263,1.93
2338,143.466,40,12,52,0.712,0.562,0.27,1.67
2339,120.255,39,15,56,0.786,0.667,0.273,1.42
2340,79.377,34,19,54,0.778,0.8,0.357,1.92
2341,53.928,22,11,39,0.744,0.667,0.414,1.2
2342,108.333,36,14,51,0.824,0.7,0.333,1.59
2343,101.169,36,16,57,0.842,1.0,0.333,1.37
2344,99.805,35,15,55,0.636,1.0,0.429,1.39
2345,72.112,33,18,57,0.825,0.792,0.298,1.75
2346,7.405,34,32,68,0.882,0.857,0.317,1.98
2347,105.543,37,16,60,0.667,0.7,0.4,2.04
2348,85.574,34,17,56,0.839,1.0,0.426,1.53
2349,162.606,38,6,49,0.673,0.75,0.333,1.2
2350,151.219,38,8,50,0.78,1.0,0.256,1.08
2351,84.167,37,20,60,0.75,0.8,0.4,1.86
2352,109.961,34,11,51,0.843,1.0,0.279,1.22
2353,241.608,48,1,51,0.765,0.0,0.282,1.07
2354,68.756,35,21,57,0.772,1.0,0.318,1.56
2355,142.414,42,14,58,0.81,0.733,0.319,1.67
2356,-56.165,34,44,80,0.7,0.59,0.268,2.74
2357,140.183,38,10,49,0.776,0.833,0.368,1.36
2358,100.726,46,25,74,0.784,0.714,0.31,1.75
2359,205.594,45,5,51,0.765,0.5,0.308,1.35
2360,97.231,40,20,62,0.71,0.769,0.295,1.61
2361,90.126,38,19,62,0.774,0.588,0.25,1.98
2362,129.379,38,13,51,0.824,1.0,0.476,1.49
2363,32.96,23,16,42,0.714,0.571,0.267,1.07
2364,96.615,38,19,61,0.836,0.786,0.294,2.04
2365,74.527,35,20,59,0.746,0.455,0.295,1.76
2366,50.13,36,25,62,0.742,0.69,0.304,1.85
2367,155.171,42,12,55,0.782,0.5,0.349,1.42
2368,84.123,34,17,56,0.768,0.7,0.302,1.87
2369,172.386,41,7,54,0.685,0.75,0.432,1.64
2370,58.631,29,17,47,0.787,0.722,0.378,1.56
2371,136.224,35,8,45,0.911,0.0,0.366,1.27
2372,43.701,34,25,68,0.779,0.833,0.264,1.86
2373,-5.183,28,28,63,0.762,0.654,0.271,2.09
2374,25.883,35,29,64,0.766,0.71,0.245,1.76
2375,161.705,37,5,42,0.714,0.714,0.267,1.09
2376,67.305,31,17,51,0.784,0.818,0.275,1.4
2377,83.832,36,19,60,0.75,0.708,0.378,2.02
2378,93.947,34,15,50,0.82,1.0,0.341,0.97
2379,101.751,33,12,55,0.764,1.0,0.262,1.39
2380,55.975,32,20,54,0.759,0.706,0.293,1.78
2381,112.857,36,13,51,0.745,0.833,0.316,1.28
2382,59.624,37,24,67,0.776,0.636,0.288,1.66
2383,136.113,39,12,52,0.712,0.667,0.378,1.54
2384,47.67,30,19,55,0.764,0.769,0.286,1.3
2385,-52.68,26,35,64,0.781,0.81,0.32,1.93
2386,100.897,33,13,46,0.848,1.0,0.359,1.13
2387,61.233,38,26,69,0.71,0.654,0.327,2.32
2388,104.897,37,16,55,0.855,0.769,0.319,1.57
2389,113.784,36,13,57,0.825,1.0,0.362,1.41
2390,81.016,34,18,58,0.759,0.714,0.409,1.87
2391,119.025,37,13,54,0.796,0.833,0.326,1.27
2392,99.451,36,16,56,0.768,0.875,0.233,1.78
2393,118.435,41,18,61,0.623,0.714,0.289,1.77
2394,110.412,35,13,53,0.811,0.692,0.395,1.62
2395,172.244,47,13,60,0.7,0.733,0.286,1.64
2396,121.042,38,14,53,0.83,0.667,0.273,1.48
2397,116.197,33,10,44,0.727,0.714,0.281,1.2
2398,143.57,40,12,53,0.717,0.75,0.368,1.35
2399,180.602,38,3,42,0.81,1.0,0.294,1.26
2400,43.732,33,24,58,0.759,0.8,0.455,1.62
2401,111.286,36,14,51,0.824,0.889,0.262,1.14
2402,40.678,32,23,55,0.782,0.667,0.256,1.53
2403,170.818,44,11,59,0.831,1.0,0.306,1.35
2404,15.672,33,28,69,0.725,0.652,0.26,1.62
2405,102.111,40,19,62,0.79,0.8,0.327,1.51
2406,96.947,35,16,51,0.902,0.895,0.261,1.38
2407,128.178,43,17,63,0.889,1.0,0.339,1.52
2408,112.816,39,17,59,0.729,0.727,0.326,1.43
2409,218.945,48,5,54,0.759,1.0,0.39,1.38
2410,58.614,32,20,53,0.887,0.824,0.298,1.37
2411,102.842,31,11,43,0.814,1.0,0.4,1.42
2412,142.114,39,11,53,0.887,1.0,0.298,1.33
2413,172.672,41,7,49,0.735,0.0,0.5,1.3
2414,56.743,35,23,58,0.793,0.875,0.326,1.59
2415,144.36,38,9,48,0.75,1.0,0.361,1.42
2416,114.229,30,7,40,0.825,0.5,0.455,1.29
2417,153.698,38,7,48,0.875,1.0,0.31,1.36
2418,159.712,37,6,44,0.795,1.0,0.314,1.07
2419,116.799,37,14,55,0.745,1.0,0.268,1.18
2420,87.199,32,15,52,0.904,0.778,0.426,1.65
2421,104.011,32,11,46,0.804,1.0,0.324,1.13
2422,146.832,40,11,52,0.788,1.0,0.293,1.26
2423,101.177,36,16,55,0.836,0.75,0.348,2.02
2424,133.614,38,12,50,0.8,0.625,0.325,1.46
2425,14.408,32,28,65,0.8,0.69,0.288,1.78
2426,131.759,36,10,52,0.788,0.714,0.366,1.58
2427,118.692,35,12,49,0.837,0.857,0.366,1.45
2428,96.314,37,18,56,0.875,0.9,0.429,1.9
2429,122.954,44,19,64,0.812,1.0,0.288,1.53
2430,155.002,42,12,55,0.8,0.667,0.318,1.66
2431,73.12,39,24,66,0.803,0.722,0.283,1.95
2432,69.485,38,24,64,0.766,0.786,0.347,1.54
2433,-16.19,28,30,64,0.703,0.591,0.289,1.5
2434,114.037,36,13,55,0.764,0.75,0.286,1.55
2435,10.793,38,35,76,0.776,0.806,0.39,2.41
2436,30.603,32,25,61,0.787,0.867,0.312,1.72
2437,118.87,33,10,44,0.75,0.75,0.394,1.42
2438,122.146,34,10,47,0.702,0.7,0.515,1.77
2439,157.387,38,7,45,0.889,0.0,0.375,1.18
2440,107.028,32,10,45,0.778,1.0,0.314,1.27
2441,66.656,32,18,50,0.86,0.6,0.395,1.58
2442,55.563,30,19,49,0.776,0.8,0.421,1.52
2443,-31.131,28,33,61,0.803,0.75,0.265,2.04
2444,4.981,28,26,59,0.729,0.545,0.372,1.52
2445,74.413,35,20,59,0.729,0.812,0.419,1.9
2446,103.431,39,18,61,0.82,0.875,0.4,1.9
2447,15.466,30,26,61,0.787,0.615,0.312,1.53
2448,133.933,37,11,49,0.653,1.0,0.344,1.52
2449,120.494,40,15,60,0.8,1.0,0.271,1.54
2450,105.037,36,15,53,0.774,0.8,0.317,1.59
2451,96.41,37,18,58,0.845,0.786,0.347,1.68
2452,136.93,34,7,42,0.786,0.833,0.424,1.22
2453,134.494,37,11,52,0.75,0.667,0.41,1.61
2454,104.846,39,18,58,0.81,0.643,0.277,1.6
2455,86.686,34,17,52,0.731,0.667,0.289,1.61
2456,112.429,38,16,57,0.684,0.8,0.333,1.65
2457,75.32,32,16,50,0.7,0.5,0.371,1.83
2458,136.646,38,11,52,0.75,0.696,0.282,1.8
2459,47.443,32,22,59,0.831,0.688,0.367,1.55
2460,129.357,36,11,48,0.708,0.75,0.265,1.29
2461,169.255,39,6,48,0.729,0.889,0.257,1.3
2462,53.592,34,23,59,0.712,0.6,0.31,1.79
2463,133.912,30,4,34,0.735,0.0,0.4,1.0
2464,204.8,45,5,53,0.83,1.0,0.409,1.35
2465,15.74,34,30,66,0.742,0.75,0.306,2.03
2466,97.001,30,10,41,0.756,0.875,0.419,1.31
2467,124.473,36,12,49,0.694,0.857,0.353,1.29
2468,58.934,33,21,54,0.889,1.0,0.354,1.26
2469,116.425,39,16,56,0.768,0.667,0.302,1.34
2470,179.947,41,6,47,0.681,0.667,0.531,1.63
2471,139.964,41,13,57,0.754,0.6,0.372,1.37
2472,93.14,35,16,54,0.722,0.5,0.308,1.25
2473,5.448,32,30,66,0.803,0.783,0.302,1.65
2474,72.256,30,15,53,0.774,0.833,0.293,1.33
2475,0.474,33,32,67,0.791,0.812,0.34,1.8
2476,128.891,34,8,45,0.933,0.0,0.381,1.19
2477,72.594,38,23,63,0.841,0.8,0.245,1.86
2478,90.772,34,15,55,0.764,1.0,0.31,1.33
2479,179.688,42,7,51,0.804,0.75,0.366,1.34
2480,142.004,37,9,49,0.714,0.625,0.314,1.25
2481,55.479,35,24,61,0.721,0.6,0.477,1.73
2482,57.645,33,21,54,0.815,1.0,0.295,1.19
2483,-27.057,30,35,67,0.821,0.692,0.382,1.99
2484,97.016,33,13,51,0.843,0.643,0.326,1.66
2485,135.887,42,15,63,0.698,0.625,0.386,1.93
2486,50.894,33,22,59,0.729,0.8,0.349,1.74
2487,131.702,40,14,58,0.707,0.333,0.293,1.5
2488,139.132,38,10,49,0.653,0.4,0.344,1.28
2489,-3.299,33,33,67,0.731,0.719,0.286,1.63
2490,122.424,37,12,54,0.759,0.857,0.268,1.35
2491,58.225,36,24,60,0.85,1.0,0.431,1.5
2492,123.139,39,15,57,0.684,0.773,0.256,1.69
2493,163.336,41,9,53,0.887,0.0,0.277,1.52
2494,72.129,33,18,56,0.821,0.7,0.304,1.72
2495,65.103,37,23,63,0.746,0.818,0.34,1.82
2496,160.563,40,8,49,0.776,0.778,0.289,1.39
2497,79.296,35,19,60,0.667,0.688,0.425,2.02
2498,96.546,30,10,43,0.791,1.0,0.382,1.33
2499,58.073,35,22,63,0.857,0.826,0.296,1.64
2500,77.979,36,20,57,0.754,0.75,0.256,1.29
2501,24.483,31,25,62,0.726,0.654,0.311,2.08
2502,153.9,31,1,33,0.879,0.0,0.276,0.98
2503,120.097,31,8,40,0.75,0.875,0.267,1.16
2504,74.814,39,24,69,0.696,0.714,0.438,2.21
2505,157.701,40,9,50,0.68,0.0,0.294,1.03
2506,61.735,37,23,64,0.844,0.786,0.333,1.88
2507,140.207,38,10,48,0.771,1.0,0.432,1.44
2508,152.282,38,8,49,0.816,0.6,0.325,1.32
2509,102.807,41,21,64,0.734,0.667,0.426,2.25
2510,94.57,34,15,54,0.833,0.75,0.311,1.43
2511,47.156,40,29,73,0.781,0.81,0.263,1.67
2512,46.089,34,24,65,0.785,0.75,0.392,1.91
2513,106.372,36,15,51,0.784,0.538,0.25,1.36
2514,-4.272,30,29,65,0.754,0.652,0.245,1.76
2515,25.784,29,23,55,0.745,0.667,0.341,1.65
2516,70.837,31,16,53,0.849,1.0,0.267,1.18
2517,128.047,37,12,59,0.797,0.727,0.319,1.55
2518,91.327,35,17,56,0.786,0.667,0.273,1.43
2519,98.249,37,17,54,0.778,0.75,0.31,1.38
2520,109.559,36,14,53,0.811,0.778,0.465,1.5
2521,93.752,37,17,58,0.828,0.786,0.292,1.5
2522,24.608,31,26,59,0.729,0.633,0.349,1.95
2523,125.151,40,15,62,0.79,0.667,0.306,1.48
2524,117.452,35,12,48,0.771,0.0,0.405,1.3
2525,152.739,46,15,62,0.726,0.7,0.267,1.52
2526,31.174,27,20,51,0.824,0.818,0.31,1.58
2527,114.699,37,13,53,0.792,0.9,0.238,1.3
2528,160.59,36,5,44,0.705,0.0,0.355,1.1
2529,19.401,30,25,57,0.772,0.875,0.25,1.12
2530,16.091,30,26,62,0.742,0.714,0.326,2.45
2531,62.739,30,17,50,0.8,0.75,0.325,1.14
2532,59.024,32,19,55,0.745,0.625,0.244,1.53
2533,59.45,36,24,62,0.661,0.565,0.341,1.7
2534,117.288,41,17,64,0.828,0.929,0.302,1.46
2535,125.555,40,14,59,0.746,1.0,0.273,1.51
2536,145.281,36,7,44,0.818,1.0,0.278,1.23
2537,117.779,33,10,45,0.844,1.0,0.368,1.25
2538,29.851,31,24,63,0.857,0.842,0.259,1.28
2539,43.325,32,22,62,0.758,0.773,0.298,1.37
2540,43.46,33,24,61,0.738,0.692,0.378,2.0
2541,114.109,36,13,53,0.811,0.857,0.302,1.52
2542,79.262,34,18,53,0.755,0.786,0.375,1.62
2543,113.284,35,13,48,0.708,0.8,0.353,1.39
2544,33.518,29,21,57,0.772,0.8,0.295,1.22
2545,81.99,30,13,46,0.826,0.75,0.316,1.36
2546,124.35,37,13,55,0.782,0.6,0.326,1.8
2547,57.632,35,24,62,0.79,0.909,0.286,1.75
2548,75.968,33,17,55,0.818,0.789,0.311,1.6
2549,92.484,38,20,58,0.845,0.818,0.245,1.4
2550,100.649,30,10,40,0.9,0.5,0.306,1.2
2551,165.383,43,10,53,0.755,1.0,0.3,1.18
2552,93.97,36,17,56,0.804,0.667,0.511,1.68
2553,-32.504,26,31,65,0.769,0.794,0.24,1.63
2554,114.6,38,15,58,0.793,0.889,0.239,1.67
2555,97.353,36,16,57,0.825,1.0,0.277,1.58
2556,116.103,37,14,51,0.902,1.0,0.326,1.27
2557,114.031,36,14,53,0.774,0.571,0.341,1.64
2558,105.899,36,15,58,0.655,0.75,0.342,1.81
2559,88.723,33,15,56,0.589,0.556,0.364,1.61
2560,163.659,38,6,46,0.87,1.0,0.3,1.16
2561,125.11,38,13,55,0.782,1.0,0.233,1.45
2562,10.666,29,26,55,0.782,0.846,0.302,1.56
2563,83.048,34,17,53,0.792,1.0,0.31,1.41
2564,97.995,36,16,53,0.736,0.773,0.308,1.68
2565,97.196,36,16,58,0.845,1.0,0.245,1.75
2566,72.45,35,20,57,0.825,0.812,0.255,1.42
2567,84.285,31,14,48,0.792,0.75,0.289,1.23
2568,40.277,32,23,61,0.77,1.0,0.447,1.51
2569,95.865,43,23,71,0.789,0.8,0.268,1.78
2570,44.398,35,26,64,0.875,0.769,0.304,1.78
2571,128.306,37,12,50,0.78,0.857,0.359,1.46
2572,88.29,37,19,60,0.8,0.857,0.271,2.0
2573,10.04,29,25,61,0.803,0.828,0.245,1.65
2574,37.083,35,27,65,0.734,0.667,0.255,2.51
2575,-8.096,28,29,58,0.828,0.8,0.312,1.8
2576,59.166,35,23,58,0.862,1.0,0.4,1.49
2577,-35.777,28,34,65,0.815,0.7,0.283,2.06
2578,117.985,36,13,50,0.8,0.6,0.35,1.51
2579,129.621,36,11,51,0.882,0.667,0.378,1.47
2580,136.358,41,14,58,0.776,1.0,0.356,1.65
2581,59.22,33,21,60,0.767,0.783,0.239,2.04
2582,192.721,45,7,52,0.808,0.714,0.31,1.28
2583,101.444,35,14,52,0.808,0.833,0.381,1.42
2584,16.932,38,33,79,0.759,0.744,0.233,2.32
2585,48.016,30,20,52,0.808,0.583,0.286,1.85
2586,159.195,44,12,62,0.694,0.714,0.302,1.58
2587,115.079,36,13,49,0.735,0.733,0.333,1.39
2588,212.301,49,7,56,0.732,1.0,0.268,1.11
2589,120.746,45,20,71,0.817,1.0,0.276,1.55
2590,149.076,34,5,41,0.78,1.0,0.438,1.14
2591,47.65,32,22,60,0.8,0.714,0.333,1.73
2592,66.461,31,18,55,0.782,0.684,0.326,1.68
2593,147.052,36,7,47,0.766,0.667,0.389,1.22
2594,154.83,34,4,43,0.814,0.625,0.257,1.3
2595,114.477,31,9,44,0.659,1.0,0.379,1.19
2596,50.127,33,22,58,0.81,0.722,0.277,1.38
2597,92.876,29,11,47,0.702,0.5,0.273,1.43
2598,-35.868,31,37,71,0.746,0.757,0.264,2.45
2599,136.504,41,14,57,0.825,0.833,0.277,1.47
2600,111.761,34,12,46,0.761,0.875,0.429,1.31
2601,45.239,24,15,45,0.8,0.9,0.278,1.49
2602,86.813,35,17,56,0.839,1.0,0.319,1.36
2603,73.052,39,24,66,0.773,0.625,0.294,1.55
2604,137.114,40,13,56,0.804,1.0,0.244,1.56
2605,123.946,40,15,58,0.862,0.857,0.28,1.24
2606,73.804,36,21,63,0.81,0.778,0.314,1.74
2607,104.765,36,15,54,0.778,0.75,0.286,1.22
2608,75.842,37,22,61,0.869,0.706,0.321,1.66
2609,136.221,42,15,60,0.717,0.75,0.302,1.69
2610,128.584,40,14,55,0.836,0.8,0.261,1.32
2611,152.898,33,3,43,0.907,1.0,0.333,1.33
2612,88.234,36,18,56,0.857,1.0,0.396,1.7
2613,199.171,43,4,48,0.729,0.0,0.343,1.09
2614,70.344,37,23,64,0.828,0.81,0.34,1.98
2615,84.934,39,21,64,0.672,0.643,0.256,1.75
2616,79.64,37,20,59,0.712,0.923,0.238,1.42
2617,152.026,41,11,59,0.78,0.765,0.348,1.91
2618,163.019,37,5,42,0.81,0.75,0.382,1.06
2619,101.389,35,15,55,0.855,0.857,0.255,1.57
2620,82.618,38,21,63,0.794,0.875,0.28,1.47
2621,78.288,33,17,51,0.843,1.0,0.372,1.59
2622,52.876,34,23,58,0.724,0.708,0.262,1.62
2623,11.955,28,25,58,0.793,0.81,0.283,1.69
2624,95.597,39,19,62,0.806,0.8,0.3,1.47
2625,112.769,36,13,50,0.86,0.857,0.302,1.42
2626,135.147,45,18,66,0.773,1.0,0.294,1.77
2627,162.923,36,4,46,0.826,1.0,0.421,1.11
2628,52.693,38,27,69,0.797,0.857,0.291,1.45
2629,55.058,32,20,63,0.762,0.833,0.479,1.88
2630,107.667,41,19,61,0.705,0.778,0.256,1.48
2631,147.769,43,13,59,0.763,1.0,0.311,1.65
2632,94.623,36,16,54,0.759,0.714,0.341,1.55
2633,151.215,45,15,61,0.705,0.786,0.535,1.89
2634,130.132,34,8,44,0.886,1.0,0.256,1.23
2635,88.745,34,15,49,0.796,0.727,0.333,1.23
2636,128.453,40,15,60,0.75,0.769,0.356,1.79
2637,99.708,37,17,55,0.782,1.0,0.372,1.54
2638,129.397,38,12,56,0.804,0.692,0.267,1.58
2639,128.909,34,8,43,0.744,1.0,0.312,1.36
2640,96.25,39,19,61,0.77,0.765,0.255,1.62
2641,98.411,29,9,40,0.7,0.571,0.357,1.13
2642,91.325,33,14,49,0.857,0.8,0.286,1.24
2643,70.381,33,19,58,0.862,0.9,0.32,1.56
2644,77.947,36,20,59,0.746,0.923,0.273,1.55
2645,81.277,38,22,65,0.708,0.714,0.391,2.43
2646,132.864,37,10,48,0.688,0.5,0.273,1.35
2647,82.952,35,18,57,0.807,0.692,0.326,1.7
2648,103.547,32,11,45,0.8,1.0,0.306,1.19
2649,129.449,37,11,49,0.755,0.667,0.405,1.44
2650,147.313,41,12,56,0.714,0.667,0.275,1.94
2651,108.28,36,13,50,0.76,0.714,0.289,1.63
2652,120.429,36,12,52,0.635,0.833,0.424,1.46
2653,100.618,34,14,49,0.735,0.8,0.361,1.7
2654,49.551,33,22,61,0.869,1.0,0.415,1.43
2655,140.136,40,12,56,0.786,1.0,0.341,1.57
2656,90.943,31,13,44,0.773,0.833,0.324,1.14
2657,98.595,37,17,55,0.782,1.0,0.256,1.23
2658,97.03,37,17,55,0.818,0.857,0.289,1.44
2659,123.903,42,17,60,0.817,0.8,0.245,1.7
2660,119.686,36,12,50,0.8,0.875,0.3,1.33
2661,66.101,38,24,63,0.81,0.792,0.255,1.78
2662,127.815,36,11,50,0.78,0.727,0.308,1.57
2663,105.059,39,17,58,0.707,0.7,0.268,1.14
2664,147.89,45,15,60,0.817,0.885,0.286,1.56
2665,68.214,35,20,61,0.754,0.857,0.261,1.57
2666,120.054,43,19,69,0.768,0.9,0.34,1.97
2667,61.366,34,20,57,0.684,0.833,0.282,1.28
2668,100.691,40,20,66,0.697,0.667,0.283,2.0
2669,113.6,40,17,60,0.767,0.778,0.239,1.22
2670,107.803,38,16,56,0.821,0.714,0.283,1.64
2671,128.46,40,14,59,0.78,0.833,0.37,1.71
2672,116.542,40,17,58,0.724,0.667,0.31,1.63
2673,78.119,34,18,53,0.849,0.846,0.244,1.27
2674,128.625,37,11,54,0.87,1.0,0.404,1.51
2675,95.119,35,16,54,0.833,1.0,0.356,1.39
2676,174.521,43,8,54,0.87,1.0,0.34,1.21
2677,137.714,37,10,53,0.717,1.0,0.368,1.3
2678,117.287,32,9,44,0.818,1.0,0.444,1.46
2679,128.193,34,9,48,0.75,1.0,0.472,1.57
2680,40.534,30,22,55,0.873,1.0,0.417,1.58
2681,85.959,35,17,57,0.719,0.667,0.341,1.58
2682,39.771,34,25,62,0.742,0.722,0.413,1.93
2683,88.026,39,21,61,0.787,0.75,0.229,1.5
2684,26.844,31,25,62,0.823,0.857,0.294,1.91
2685,137.755,40,13,53,0.736,0.75,0.282,1.03
2686,124.904,33,8,42,0.857,1.0,0.361,1.26
2687,125.481,38,13,55,0.855,1.0,0.362,1.06
2688,102.851,39,18,58,0.879,0.824,0.294,1.14
2689,139.402,39,11,51,0.784,1.0,0.275,1.35
2690,31.098,33,26,61,0.787,0.81,0.312,1.68
2691,106.948,39,17,57,0.684,0.81,0.282,1.47
2692,79.136,36,20,58,0.724,0.667,0.429,1.69
2693,-17.259,32,34,72,0.75,0.7,0.278,2.47
2694,69.62,32,18,51,0.804,0.818,0.268,1.15
2695,37.03,28,20,48,0.688,0.733,0.303,1.19
2696,-11.063,30,31,62,0.806,0.815,0.36,1.71
2697,130.94,34,9,44,0.795,0.667,0.343,1.56
2698,57.369,34,22,59,0.712,0.565,0.357,2.32
2699,119.331,38,14,55,0.8,1.0,0.432,1.35
2700,143.619,38,10,54,0.778,0.9,0.429,1.5
2701,119.537,33,9,47,0.787,1.0,0.541,1.62
2702,188.781,44,7,54,0.778,0.571,0.31,1.4
2703,148.927,39,9,49,0.776,0.667,0.237,1.27
2704,84.66,43,26,70,0.743,0.833,0.308,1.76
2705,136.475,43,16,59,0.814,1.0,0.312,1.38
2706,5.433,35,32,70,0.771,0.875,0.278,1.87
2707,147.618,36,7,44,0.705,0.0,0.419,1.36
2708,137.89,37,10,49,0.837,0.0,0.268,1.24
2709,182.799,48,12,62,0.694,0.667,0.233,1.8
2710,84.754,36,19,56,0.732,0.571,0.366,1.79
2711,69.025,31,16,49,0.755,0.833,0.351,1.07
2712,110.783,37,15,55,0.818,0.733,0.244,1.61
2713,28.031,31,25,57,0.86,0.75,0.245,1.28
2714,132.197,37,10,48,0.812,0.625,0.256,1.22
2715,97.934,31,12,48,0.729,0.75,0.4,1.49
2716,38.851,35,26,65,0.923,0.875,0.267,1.75
2717,109.103,35,13,50,0.78,1.0,0.282,1.24
2718,145.079,41,12,54,0.778,0.5,0.5,1.31
2719,82.827,38,21,63,0.762,0.875,0.417,1.67
2720,47.758,35,24,61,0.82,1.0,0.32,1.33
2721,-25.257,30,34,67,0.731,0.697,0.306,1.75
2722,26.675,36,29,66,0.758,0.792,0.32,1.98
2723,155.922,35,4,45,0.667,1.0,0.4,1.2
2724,147.786,37,8,47,0.766,0.0,0.444,1.33
2725,83.296,33,16,51,0.784,0.0,0.3,1.35
2726,112.301,38,16,56,0.661,0.667,0.27,1.67
2727,67.078,34,20,55,0.818,0.667,0.333,1.64
2728,114.204,33,10,51,0.882,0.7,0.311,1.32
2729,102.556,33,12,48,0.708,0.769,0.294,1.34
2730,81.126,35,18,59,0.78,0.583,0.283,1.65
2731,51.792,33,22,56,0.768,0.714,0.349,1.37
2732,135.663,41,14,56,0.786,0.923,0.409,1.77
2733,115.428,39,16,56,0.786,0.857,0.409,1.65
2734,180.468,36,1,38,0.684,0.0,0.308,0.98
2735,177.685,42,7,56,0.625,0.7,0.457,1.81
2736,99.302,35,15,53,0.755,0.875,0.3,1.38
2737,55.633,33,21,58,0.741,0.625,0.442,2.17
2738,59.463,36,24,64,0.812,0.76,0.308,1.82
2739,167.928,38,6,50,0.72,0.0,0.361,1.42
2740,156.844,41,10,52,0.731,0.0,0.289,1.2
2741,34.096,30,22,53,0.755,0.812,0.4,1.28
2742,57.442,33,21,54,0.759,0.611,0.293,1.72
2743,112.06,38,16,55,0.709,0.688,0.282,1.53
2744,116.82,38,15,54,0.759,0.667,0.488,1.82
2745,170.704,44,10,55,0.782,0.783,0.349,1.63
2746,67.145,39,24,65,0.754,0.8,0.286,1.67
2747,73.896,39,23,63,0.762,0.65,0.25,1.68
2748,29.829,24,18,44,0.795,1.0,0.4,1.21
2749,-57.432,29,38,77,0.792,0.667,0.311,2.4
2750,96.909,35,15,58,0.724,0.611,0.262,1.76
2751,182.159,44,8,57,0.702,0.625,0.325,1.36
2752,130.342,38,12,51,0.706,0.667,0.333,1.31
2753,80.25,34,17,59,0.78,0.75,0.391,1.88
2754,92.049,33,14,49,0.776,0.875,0.368,1.38
2755,160.155,31,0,33,0.758,0.0,0.36,1.07
2756,57.401,35,23,59,0.78,0.8,0.326,1.61
2757,123.705,38,13,55,0.8,0.818,0.341,1.46
2758,129.4,33,7,46,0.804,1.0,0.378,1.09
2759,124.952,39,14,54,0.87,1.0,0.319,1.43
2760,5.212,34,32,69,0.797,0.846,0.364,2.17
2761,141.31,45,17,64,0.812,0.889,0.365,2.0
2762,29.888,34,26,65,0.692,0.71,0.378,1.82
2763,172.954,41,7,52,0.712,0.5,0.432,1.27
2764,62.403,32,19,55,0.836,0.857,0.435,1.66
2765,40.396,31,22,61,0.77,0.833,0.34,1.55
2766,151.434,38,8,46,0.696,0.636,0.469,1.34
2767,89.119,34,16,52,0.827,0.75,0.256,1.45
2768,88.948,41,22,66,0.788,0.647,0.308,1.77
2769,23.923,30,24,55,0.782,0.667,0.302,1.63
2770,130.667,38,13,52,0.692,0.571,0.278,1.76
2771,34.125,36,28,69,0.768,0.619,0.264,1.86
2772,55.626,33,22,60,0.75,0.571,0.311,1.97
2773,71.485,33,18,53,0.698,0.667,0.27,1.31
2774,136.92,37,10,51,0.725,0.857,0.351,1.47
2775,76.277,35,20,61,0.738,0.722,0.356,1.9
2776,154.932,46,15,69,0.826,0.9,0.368,1.86
2777,121.657,36,11,59,0.797,0.9,0.319,1.68
2778,87.961,37,19,56,0.786,0.65,0.25,1.95
2779,73.035,39,23,64,0.719,0.765,0.261,1.37
2780,105.021,37,16,58,0.69,0.68,0.275,1.72
2781,34.909,32,24,61,0.803,0.923,0.265,1.47
2782,139.079,36,9,45,0.667,0.0,0.3,1.12
2783,59.325,39,27,70,0.786,0.867,0.255,1.79
2784,110.407,40,17,61,0.836,0.789,0.294,1.7
2785,162.877,40,8,48,0.792,0.778,0.342,1.21
2786,35.879,30,22,52,0.673,0.455,0.286,1.48
2787,129.661,37,11,54,0.722,0.75,0.333,1.48
2788,114.503,36,13,52,0.788,0.8,0.439,1.35
2789,152.038,37,7,50,0.76,1.0,0.316,1.28
2790,125.485,40,15,55,0.764,0.706,0.31,1.51
2791,175.01,44,10,56,0.714,0.7,0.325,1.69
2792,78.802,31,15,48,0.792,0.75,0.316,1.36
2793,8.812,31,28,59,0.797,0.6,0.277,1.8
2794,74.528,36,20,62,0.71,0.727,0.273,1.63
2795,51.623,35,24,60,0.783,0.909,0.298,1.64
2796,122.805,40,16,58,0.741,0.812,0.302,1.79
2797,164.222,40,8,50,0.8,1.0,0.525,1.63
2798,114.848,33,9,46,0.848,0.75,0.385,1.26
2799,123.852,39,14,55,0.745,1.0,0.268,1.51
2800,68.929,36,22,61,0.738,0.917,0.222,1.47
2801,127.419,33,8,42,0.738,1.0,0.323,1.15
2802,76.92,39,23,64,0.859,0.75,0.364,1.67
2803,113.082,38,15,53,0.774,1.0,0.366,1.24
2804,101.158,35,14,58,0.724,0.867,0.262,1.49
2805,128.431,39,13,55,0.691,0.714,0.447,1.68
2806,100.647,34,14,52,0.827,0.833,0.256,1.43
2807,169.454,42,9,54,0.759,0.778,0.293,1.55
2808,176.034,47,12,59,0.831,0.688,0.265,1.42
2809,109.48,33,11,47,0.702,0.833,0.303,1.28
2810,133.614,39,12,53,0.792,0.857,0.262,1.56
2811,127.361,39,13,55,0.745,0.833,0.293,1.44
2812,119.315,35,11,50,0.7,0.692,0.457,1.62
2813,135.03,39,12,56,0.75,0.75,0.381,1.64
2814,99.121,35,15,54,0.852,1.0,0.37,1.39
2815,118.95,36,11,52,0.788,1.0,0.268,1.17
2816,112.922,35,12,50,0.68,0.533,0.294,1.57
2817,-3.558,31,31,68,0.75,0.75,0.314,2.01
2818,84.729,39,22,64,0.719,0.692,0.391,2.2
2819,160.711,34,2,45,0.8,0.0,0.417,1.2
2820,139.017,34,7,46,0.696,0.667,0.312,1.51
2821,125.897,39,13,54,0.685,0.727,0.297,1.56
2822,37.944,36,28,72,0.778,0.7,0.339,2.01
2823,69.467,33,18,52,0.75,0.667,0.282,1.45
2824,153.285,36,6,43,0.698,0.667,0.267,1.09
2825,55.839,32,20,60,0.767,0.75,0.304,1.67
2826,60.135,37,24,63,0.698,0.762,0.386,1.88
2827,171.764,41,6,52,0.769,0.75,0.35,1.4
2828,111.149,35,13,48,0.812,0.5,0.385,1.28
2829,25.193,35,29,65,0.723,0.714,0.34,1.95
2830,126.877,37,12,49,0.755,0.857,0.297,1.22
2831,81.88,39,22,64,0.688,0.607,0.295,1.87
2832,55.43,35,23,59,0.678,0.571,0.5,1.6
2833,118.298,37,13,55,0.782,0.667,0.395,1.27
2834,73.627,32,16,50,0.74,0.8,0.297,1.2
2835,123.386,41,17,64,0.562,0.45,0.444,2.6
2836,86.074,38,20,64,0.734,0.857,0.298,1.64
2837,74.521,38,22,67,0.791,0.826,0.302,1.32
2838,149.764,34,5,43,0.651,1.0,0.286,1.16
2839,92.48,34,15,50,0.76,1.0,0.342,1.28
2840,124.453,40,15,59,0.78,0.667,0.283,1.57
2841,152.353,39,9,51,0.745,0.75,0.237,1.38
2842,128.112,42,16,60,0.717,0.588,0.302,1.74
2843,92.892,32,13,50,0.74,0.714,0.351,1.36
2844,113.491,36,13,53,0.83,0.8,0.364,1.42
2845,109.808,35,13,48,0.771,0.636,0.351,1.66
2846,179.276,41,6,52,0.75,0.714,0.282,1.5
2847,132.881,39,12,54,0.722,0.571,0.333,1.45
2848,23.301,39,33,78,0.654,0.615,0.275,2.34
2849,107.31,34,13,48,0.792,0.929,0.289,1.41
2850,167.017,45,12,60,0.783,0.833,0.234,1.59
2851,113.545,40,17,60,0.733,0.857,0.364,1.42
2852,187.28,45,8,53,0.698,0.75,0.378,1.45
2853,144.64,40,11,53,0.792,0.75,0.357,1.52
2854,98.397,34,14,54,0.778,0.714,0.214,1.85
2855,97.23,41,20,62,0.742,0.81,0.413,1.56
2856,139.2,33,6,43,0.721,0.5,0.29,1.28
2857,130.652,34,8,46,0.717,0.5,0.333,1.44
2858,31.099,31,24,62,0.71,0.429,0.364,1.51
2859,68.012,38,24,62,0.774,0.704,0.271,2.07
2860,187.758,41,4,46,0.652,0.545,0.367,1.41
2861,121.907,35,10,49,0.714,0.667,0.457,1.46
2862,126.126,38,13,51,0.765,0.714,0.308,1.42
2863,61.257,37,24,66,0.742,0.636,0.347,1.98
2864,16.357,28,23,60,0.75,0.882,0.267,1.45
2865,99.757,34,14,52,0.769,1.0,0.325,1.28
2866,15.182,29,25,57,0.719,0.7,0.39,1.49
2867,131.083,42,15,63,0.762,0.727,0.333,1.86
2868,161.298,47,16,64,0.672,0.7,0.442,1.94
2869,108.35,37,15,52,0.788,0.692,0.317,1.46
2870,119.078,27,4,31,0.677,0.0,0.381,1.0
2871,60.324,33,20,57,0.719,0.857,0.293,1.54
2872,71.093,38,23,65,0.708,0.5,0.435,1.78
2873,116.821,40,17,59,0.712,1.0,0.429,1.81
2874,10.514,30,27,60,0.683,0.64,0.268,1.91
2875,154.86,43,12,58,0.759,1.0,0.318,1.38
2876,165.233,41,8,53,0.811,0.5,0.395,1.52
2877,59.67,33,20,54,0.685,0.643,0.27,1.47
2878,107.228,38,17,60,0.767,0.583,0.37,1.84
2879,204.661,46,6,52,0.769,0.8,0.425,1.34
2880,54.024,36,23,62,0.823,0.909,0.294,1.65
2881,80.798,37,21,61,0.77,0.667,0.213,1.97
2882,217.362,45,3,48,0.688,0.5,0.303,1.02
2883,91.843,35,17,52,0.673,0.667,0.371,1.47
2884,84.495,35,17,53,0.774,0.889,0.293,1.29
2885,155.048,42,11,55,0.745,0.727,0.293,1.45
2886,44.549,33,23,59,0.78,0.667,0.326,1.67
2887,60.044,38,25,67,0.761,0.941,0.314,1.9
2888,9.2,32,28,67,0.776,0.786,0.212,1.5
2889,48.941,30,19,52,0.75,0.7,0.359,1.55
2890,-13.806,39,40,86,0.706,0.732,0.317,2.72
2891,71.419,33,19,56,0.732,0.769,0.366,1.77
2892,141.913,45,17,70,0.783,0.704,0.333,2.42
2893,117.981,38,14,53,0.717,0.875,0.395,1.6
2894,114.432,37,14,52,0.769,0.706,0.4,1.57
2895,59.811,33,20,59,0.729,0.818,0.326,1.68
2896,168.144,38,5,48,0.729,0.5,0.4,1.48
2897,49.548,38,27,74,0.784,0.786,0.276,1.95
2898,100.477,37,16,60,0.7,0.6,0.262,1.94
2899,215.961,44,2,48,0.688,1.0,0.333,1.25
2900,49.553,35,24,62,0.742,0.696,0.283,1.72
2901,71.854,33,18,60,0.733,0.647,0.318,1.89
2902,95.166,37,17,59,0.814,0.833,0.312,1.46
2903,83.751,36,18,60,0.8,0.75,0.375,1.49
2904,102.414,37,16,56,0.732,0.583,0.39,1.59
2905,86.065,37,19,57,0.579,0.588,0.455,1.95
2906,97.013,37,17,55,0.727,0.875,0.3,1.36
2907,137.422,36,9,46,0.739,1.0,0.559,1.46
2908,166.268,45,13,61,0.705,0.609,0.302,2.08
2909,56.829,34,21,57,0.789,0.727,0.289,1.23
2910,114.212,36,13,53,0.66,1.0,0.486,1.73
2911,55.484,34,22,60,0.767,0.706,0.413,1.63
2912,142.406,39,10,53,0.774,0.769,0.293,1.44
2913,110.425,35,13,50,0.82,1.0,0.341,1.15
2914,78.613,40,24,66,0.758,0.688,0.32,1.87
2915,108.074,42,20,63,0.73,0.852,0.348,1.89
2916,39.376,33,25,59,0.712,0.667,0.357,2.33
2917,147.685,43,14,59,0.729,1.0,0.372,1.49
2918,104.976,38,16,60,0.65,0.769,0.385,1.54
2919,124.734,40,15,55,0.709,0.609,0.308,1.77
2920,25.653,33,27,61,0.721,0.765,0.273,1.6
2921,67.381,38,24,68,0.779,0.565,0.321,2.06
2922,130.965,33,7,41,0.683,0.8,0.429,1.06
2923,44.096,31,21,53,0.83,0.833,0.295,1.32
2924,103.021,37,16,57,0.754,0.778,0.279,1.89
2925,165.036,33,1,34,0.794,0.0,0.444,0.88
2926,33.925,36,28,68,0.662,0.667,0.333,2.43
2927,133.011,38,11,54,0.778,0.812,0.31,1.76
2928,38.958,36,27,67,0.866,0.733,0.431,1.93
2929,69.335,37,22,63,0.714,0.867,0.333,1.71
2930,58.867,31,18,53,0.698,0.6,0.351,1.4
2931,130.168,40,14,55,0.709,0.667,0.436,1.56
2932,130.509,38,12,54,0.759,0.818,0.293,1.39
2933,137.623,39,12,51,0.725,0.778,0.351,1.26
2934,39.978,32,23,58,0.793,0.929,0.348,1.69
2935,58.047,31,18,53,0.868,0.571,0.37,1.55
2936,78.371,32,16,50,0.72,1.0,0.389,1.59
2937,58.63,30,17,51,0.745,0.714,0.395,1.67
2938,135.206,41,14,59,0.847,0.8,0.32,1.54
2939,62.623,31,18,56,0.75,0.5,0.405,2.05
2940,128.429,40,14,58,0.862,1.0,0.28,1.42
2941,117.061,40,17,57,0.842,0.769,0.333,1.6
2942,146.83,39,9,48,0.854,1.0,0.268,0.99
2943,100.264,39,19,61,0.639,0.368,0.333,2.42
2944,88.084,39,21,62,0.677,0.643,0.381,2.19
2945,76.694,33,17,52,0.75,0.6,0.333,1.68
2946,-9.797,36,37,74,0.784,0.683,0.31,2.67
2947,54.649,33,21,60,0.817,0.667,0.367,1.74
2948,98.792,39,19,59,0.831,0.786,0.367,1.58
2949,163.845,43,10,53,0.83,0.0,0.318,1.27
2950,116.167,34,11,45,0.822,0.714,0.378,1.5
2951,132.403,33,7,40,0.725,1.0,0.379,0.98
2952,113.314,38,15,58,0.707,0.857,0.439,1.57
2953,183.378,39,3,45,0.711,0.875,0.406,1.59
2954,73.883,31,15,50,0.78,0.833,0.333,1.32
2955,129.739,37,11,48,0.833,1.0,0.425,1.28
2956,-13.129,32,33,71,0.746,0.8,0.264,1.35
2957,59.258,34,21,57,0.719,0.64,0.341,2.03
2958,54.451,29,18,51,0.804,0.684,0.317,1.62
2959,151.59,40,10,52,0.769,0.667,0.5,1.55
2960,52.63,35,23,61,0.836,0.818,0.314,1.65
2961,71.007,35,20,59,0.729,0.714,0.326,1.72
2962,147.067,39,10,49,0.816,1.0,0.25,1.27
2963,50.315,33,22,55,0.836,0.917,0.239,1.42
2964,72.497,37,22,64,0.625,0.615,0.4,1.98
2965,83.5,35,18,56,0.768,0.8,0.302,1.46
2966,-58.077,28,37,71,0.775,0.72,0.327,1.92
2967,103.165,38,17,57,0.719,0.75,0.293,1.81
2968,149.901,39,9,51,0.686,0.714,0.371,1.49
2969,192.618,40,3,44,0.795,0.6,0.4,1.19
2970,96.256,36,16,54,0.778,0.889,0.333,1.85
2971,64.437,35,22,59,0.763,0.889,0.311,1.83
2972,83.365,35,18,57,0.737,0.8,0.476,1.99
2973,15.621,32,27,59,0.661,0.571,0.359,1.57
2974,106.777,41,20,62,0.726,0.538,0.333,1.51
2975,55.624,30,19,50,0.74,0.706,0.378,2.21
2976,152.848,39,8,49,0.796,0.9,0.308,1.39
2977,69.119,37,23,62,0.742,0.812,0.283,1.63
2978,79.535,36,19,61,0.721,0.714,0.341,1.61
2979,109.981,33,11,45,0.778,0.0,0.429,1.32
2980,87.742,38,20,61,0.689,0.615,0.333,2.06
2981,184.389,40,4,47,0.787,0.0,0.378,1.31
2982,-9.094,30,30,62,0.694,0.586,0.279,1.55
2983,87.049,36,18,55,0.745,0.714,0.317,1.67
2984,-23.816,27,30,67,0.716,0.6,0.438,2.1
2985,163.586,44,11,63,0.714,0.75,0.489,1.69
2986,162.335,45,14,61,0.738,0.636,0.444,1.69
2987,107.804,33,11,47,0.766,0.75,0.306,1.2
2988,90.142,39,20,65,0.754,0.875,0.224,1.48
2989,183.929,45,8,53,0.811,0.667,0.349,1.6
2990,84.681,32,14,49,0.816,1.0,0.375,1.4
2991,116.861,35,12,49,0.755,0.667,0.432,1.56
2992,84.307,32,15,54,0.759,0.706,0.463,1.73
2993,180.057,43,7,53,0.736,0.875,0.308,1.46
2994,98.999,38,18,62,0.742,0.667,0.391,1.76
2995,114.114,31,8,41,0.805,1.0,0.333,1.2
2996,-84.728,23,38,78,0.731,0.579,0.281,2.77
2997,66.096,38,24,67,0.776,0.735,0.385,2.29
2998,114.049,36,13,52,0.846,0.875,0.409,1.41
2999,45.689,32,22,58,0.759,0.611,0.318,2.07
3000,114.111,37,13,50,0.74,0.769,0.243,1.27
