"# dyn mode=frozen d=0 [0,0] route_mask=free lam_hot=1.50 ch=3 seed=4 eps=3000 ue=25"
episode,reward,success,fail,arrived,route_rate,cond_route_rate,top_share,load_std
1,23.029,31,27,62,0.806,0.833,0.32,1.47
2,26.793,27,22,51,0.824,0.75,0.31,1.38
3,8.084,29,27,62,0.855,0.778,0.34,2.16
4,10.809,30,28,65,0.831,0.773,0.333,1.87
5,71.866,27,13,47,0.723,0.818,0.235,1.61
6,68.151,25,12,39,0.795,1.0,0.258,1.09
7,90.027,32,15,49,0.776,0.857,0.421,1.5
8,4.731,27,26,58,0.914,0.818,0.226,1.44
9,92.928,34,16,53,0.717,0.833,0.316,1.47
10,15.144,26,24,51,0.863,0.833,0.227,1.21
11,73.986,26,12,39,0.667,1.0,0.385,1.12
12,54.429,33,22,59,0.814,0.9,0.333,1.64
13,42.676,27,19,50,0.76,0.75,0.289,1.44
14,-9.673,27,29,58,0.81,0.81,0.255,1.61
15,86.11,30,13,50,0.78,0.7,0.308,1.42
16,-8.981,25,27,55,0.782,0.733,0.302,1.79
17,74.139,30,16,48,0.875,0.857,0.286,1.21
18,79.573,30,15,47,0.851,1.0,0.35,1.75
19,32.267,29,23,53,0.868,0.8,0.283,1.53
20,-51.363,22,32,61,0.869,0.8,0.377,1.74
21,13.86,24,22,53,0.755,0.333,0.35,1.52
22,57.572,34,23,61,0.885,0.5,0.278,1.53
23,22.425,28,24,53,0.755,0.643,0.3,1.66
24,54.992,32,21,59,0.797,0.8,0.362,1.82
25,46.181,32,23,63,0.889,0.8,0.25,1.5
26,3.683,25,24,51,0.902,1.0,0.413,1.65
27,40.552,33,25,61,0.721,0.619,0.341,1.96
28,16.224,32,28,61,0.869,0.842,0.283,1.42
29,-3.316,27,28,60,0.833,0.826,0.4,1.99
30,41.012,34,26,67,0.731,0.65,0.224,2.12
31,99.282,32,13,51,0.843,1.0,0.302,1.38
32,66.98,33,20,55,0.891,0.875,0.286,1.45
33,66.925,34,21,56,0.732,0.5,0.268,1.48
34,74.716,32,18,54,0.852,0.5,0.261,1.31
35,46.883,33,24,58,0.879,0.833,0.314,1.38
36,-9.581,28,30,61,0.836,0.739,0.235,1.55
37,73.94,33,19,54,0.704,0.706,0.316,1.43
38,30.853,28,22,53,0.792,0.8,0.286,1.34
39,21.916,24,20,46,0.804,0.75,0.297,1.32
40,70.726,26,13,39,0.718,0.714,0.321,1.52
41,75.457,32,18,58,0.862,0.818,0.24,1.51
42,-32.923,24,30,60,0.8,0.625,0.333,1.69
43,19.847,30,26,59,0.763,0.727,0.378,2.44
44,2.514,28,28,56,0.821,0.706,0.217,1.93
45,-96.427,22,40,68,0.985,0.957,0.358,1.79
46,25.261,27,22,50,0.84,0.75,0.286,1.29
47,33.474,29,23,58,0.845,0.7,0.367,1.54
48,37.551,32,25,61,0.885,0.84,0.259,1.64
49,57.963,34,23,62,0.79,0.692,0.245,1.56
50,47.719,30,21,52,0.846,0.929,0.341,1.58
51,-1.736,32,32,64,0.812,0.778,0.25,1.94
52,-58.325,27,38,67,0.806,0.905,0.352,1.55
53,-27.543,29,34,68,0.765,0.789,0.365,2.02
54,18.643,24,21,45,0.822,1.0,0.243,1.17
55,25.744,31,26,57,0.702,0.7,0.3,1.44
56,46.236,28,19,50,0.74,0.583,0.324,1.33
57,-8.094,25,26,59,0.797,0.773,0.298,1.88
58,31.443,24,18,43,0.744,0.333,0.281,1.0
59,-51.222,21,31,55,0.836,0.625,0.326,1.78
60,88.591,28,11,40,0.75,0.6,0.333,1.42
61,27.329,23,18,45,0.822,0.778,0.378,1.5
62,59.914,33,22,59,0.746,0.688,0.25,1.69
63,88.728,36,19,59,0.797,0.923,0.277,1.56
64,21.449,29,25,58,0.741,0.765,0.233,1.75
65,6.441,30,28,65,0.708,0.471,0.348,2.04
66,1.379,29,29,63,0.921,0.833,0.362,1.93
67,45.891,28,19,49,0.857,0.8,0.31,1.38
68,72.036,31,17,53,0.792,0.75,0.333,1.86
69,-57.183,22,33,60,0.833,0.773,0.3,1.92
70,94.055,29,11,41,0.707,0.6,0.241,1.12
71,44.122,25,16,44,0.795,0.667,0.371,1.75
72,47.187,30,21,53,0.698,0.789,0.324,1.57
73,113.792,34,12,47,0.681,0.25,0.375,1.38
74,30.768,27,22,55,0.891,1.0,0.327,1.23
75,16.042,26,23,51,0.941,1.0,0.312,1.52
76,-7.619,24,25,56,0.786,0.6,0.295,1.78
77,58.322,28,17,51,0.882,0.75,0.311,1.14
78,65.225,31,19,55,0.815,0.75,0.341,2.16
79,42.76,29,21,51,0.843,1.0,0.372,1.47
80,35.458,27,20,53,0.849,0.75,0.289,1.67
81,50.027,31,22,53,0.755,0.8,0.25,1.62
82,46.344,28,19,48,0.812,0.765,0.282,1.34
83,3.445,27,26,56,0.714,0.7,0.25,1.81
84,24.398,30,25,58,0.81,0.786,0.298,1.5
85,96.442,37,19,57,0.772,1.0,0.318,1.62
86,-21.84,28,32,66,0.833,0.857,0.309,1.68
87,77.617,30,15,48,0.75,0.833,0.278,1.56
88,26.513,30,25,56,0.875,0.833,0.327,1.32
89,-10.118,24,26,58,0.914,0.857,0.377,1.94
90,-1.114,29,29,65,0.8,0.812,0.346,2.17
91,68.221,30,17,49,0.918,1.0,0.356,1.74
92,46.157,33,24,58,0.828,0.9,0.271,1.64
93,47.829,29,20,50,0.88,0.667,0.295,1.23
94,77.6,28,13,46,0.804,1.0,0.297,1.08
95,57.019,31,20,54,0.852,0.8,0.239,1.45
96,37.406,29,22,54,0.759,0.769,0.317,1.7
97,-14.157,25,28,57,0.702,0.632,0.325,1.51
98,36.907,29,21,54,0.815,0.714,0.386,1.39
99,74.045,30,16,50,0.84,1.0,0.333,1.5
100,58.631,30,19,50,0.68,0.533,0.265,1.61
101,52.245,29,19,55,0.818,1.0,0.356,1.8
102,9.198,26,24,52,0.712,0.75,0.324,1.52
103,85.348,40,23,66,0.848,0.9,0.321,1.53
104,65.693,35,22,57,0.754,0.765,0.279,1.31
105,39.267,28,20,51,0.745,0.571,0.316,1.35
106,102.198,30,10,43,0.791,0.0,0.265,1.02
107,10.638,25,23,52,0.846,0.583,0.318,2.0
108,106.649,36,15,59,0.78,0.786,0.304,1.38
109,55.914,30,19,56,0.804,0.75,0.333,1.5
110,-43.289,31,39,77,0.883,0.842,0.279,2.1
111,11.913,28,26,58,0.793,0.846,0.326,1.85
112,59.446,31,19,51,0.863,1.0,0.318,1.28
113,-32.729,30,36,69,0.725,0.758,0.24,1.95
114,35.321,29,22,55,0.873,0.75,0.396,1.61
115,26.564,32,27,62,0.871,0.941,0.333,1.97
116,45.668,31,22,56,0.804,1.0,0.289,1.28
117,36.394,29,22,56,0.732,0.625,0.317,1.31
118,-24.837,18,23,43,0.86,1.0,0.297,1.19
119,5.297,24,23,50,0.82,1.0,0.244,1.22
120,80.872,34,18,54,0.815,1.0,0.295,1.07
121,-32.453,31,37,76,0.776,0.739,0.288,2.32
122,26.275,30,25,64,0.844,0.833,0.241,1.98
123,1.757,28,27,59,0.763,0.857,0.333,1.83
124,53.272,31,21,53,0.736,0.571,0.231,1.67
125,81.513,31,16,52,0.827,0.75,0.256,1.63
126,43.29,29,21,53,0.868,1.0,0.326,1.39
127,11.033,29,27,60,0.783,0.778,0.255,1.55
128,34.121,24,17,46,0.804,0.909,0.243,1.09
129,49.782,36,26,66,0.864,0.88,0.263,1.95
130,12.548,29,26,57,0.719,0.571,0.317,1.54
131,85.185,30,14,45,0.844,0.7,0.289,1.15
132,45.551,29,20,56,0.839,1.0,0.277,1.44
133,91.789,37,19,56,0.857,0.5,0.292,1.43
134,18.356,32,28,67,0.866,0.933,0.293,1.88
135,30.847,30,24,58,0.81,0.826,0.234,1.71
136,27.664,25,19,50,0.8,0.778,0.3,1.46
137,40.235,29,21,55,0.709,0.789,0.256,1.7
138,-4.036,27,27,59,0.797,0.727,0.277,1.44
139,68.778,33,19,57,0.807,0.667,0.304,1.5
140,-11.225,25,27,52,0.808,0.867,0.405,1.55
141,94.003,34,16,54,0.852,0.8,0.283,1.3
142,55.746,31,20,56,0.857,0.9,0.25,1.35
143,-25.997,30,35,71,0.761,0.917,0.278,1.8
144,35.954,26,19,48,0.833,0.714,0.375,1.32
145,9.763,29,27,62,0.823,0.778,0.294,2.02
146,-16.703,26,29,58,0.793,0.783,0.326,1.99
147,21.086,31,27,62,0.887,1.0,0.309,1.82
148,-41.317,29,37,73,0.849,0.765,0.339,1.89
149,19.091,25,22,48,0.896,1.0,0.302,1.13
150,-16.222,29,32,72,0.806,0.87,0.259,2.11
151,-79.18,22,37,67,0.91,1.0,0.344,1.7
152,81.7,30,14,48,0.917,0.909,0.25,1.46
153,-26.612,20,25,47,0.787,0.556,0.324,1.2
154,52.357,34,24,68,0.779,0.958,0.264,1.82
155,118.243,35,12,49,0.878,1.0,0.302,1.27
156,96.496,35,16,54,0.704,0.643,0.263,1.51
157,28.769,31,25,57,0.737,0.643,0.405,1.56
158,105.536,36,16,52,0.731,0.4,0.263,1.17
159,-6.897,29,30,62,0.839,0.857,0.346,1.48
160,75.099,34,20,57,0.842,0.833,0.25,1.76
161,-43.1,27,35,63,0.841,0.952,0.283,1.39
162,-31.033,27,33,65,0.862,0.875,0.304,1.44
163,1.695,27,27,57,0.807,0.0,0.304,1.39
164,61.921,29,17,48,0.812,0.786,0.282,1.22
165,31.907,31,24,58,0.759,0.5,0.25,1.62
166,77.54,30,15,50,0.78,0.867,0.256,1.49
167,112.849,40,18,61,0.803,0.875,0.265,1.49
168,85.196,32,16,49,0.837,0.0,0.293,1.13
169,-28.241,27,32,59,0.729,0.786,0.302,1.17
170,8.815,30,28,62,0.79,0.833,0.367,1.81
171,-7.164,22,24,59,0.772,0.65,0.318,2.19
172,57.018,36,24,62,0.758,0.706,0.319,1.73
173,113.209,43,21,66,0.697,0.941,0.304,1.53
174,43.515,32,24,59,0.797,0.769,0.277,1.76
175,11.669,30,28,59,0.78,0.6,0.283,1.91
176,78.644,34,18,60,0.767,0.875,0.304,1.45
177,84.119,32,16,51,0.804,0.9,0.341,1.78
178,-53.403,24,34,60,0.767,0.647,0.239,1.45
179,64.451,33,20,56,0.768,0.733,0.279,1.52
180,10.471,32,30,65,0.862,0.778,0.375,1.99
181,39.125,29,21,58,0.914,1.0,0.245,1.44
182,89.159,33,15,53,0.849,0.846,0.311,1.46
183,129.888,39,14,56,0.732,0.833,0.317,1.36
184,96.978,34,15,54,0.796,0.462,0.302,1.53
185,8.659,30,28,63,0.825,0.714,0.269,1.52
186,-15.118,25,28,58,0.879,0.5,0.235,1.7
187,49.557,33,23,60,0.85,0.889,0.275,1.43
188,9.838,28,26,57,0.789,0.8,0.333,1.4
189,1.546,28,28,59,0.881,1.0,0.288,2.07
190,30.637,25,19,44,0.841,0.857,0.324,1.09
191,61.648,29,17,47,0.872,1.0,0.366,1.28
192,85.905,34,17,52,0.788,0.727,0.366,1.74
193,82.202,36,20,57,0.789,1.0,0.267,1.43
194,8.007,35,33,71,0.761,0.8,0.222,1.98
195,-10.753,24,26,53,0.736,0.667,0.282,1.59
196,-21.328,29,32,63,0.778,0.771,0.245,1.31
197,41.851,31,23,57,0.877,0.917,0.32,1.67
198,120.659,38,15,55,0.727,0.714,0.275,1.64
199,-89.852,29,46,79,0.709,0.696,0.25,2.32
200,31.544,28,22,51,0.765,0.667,0.282,1.27
201,66.451,37,24,62,0.742,0.778,0.283,2.06
202,99.351,35,16,51,0.804,0.818,0.268,1.53
203,70.27,26,13,44,0.75,0.833,0.273,1.46
204,41.23,27,19,52,0.827,0.6,0.302,1.62
205,54.955,29,18,47,0.745,0.778,0.371,1.43
206,119.653,33,10,47,0.809,1.0,0.289,1.27
207,-66.995,24,36,74,0.865,0.969,0.359,2.0
208,3.904,31,30,68,0.735,0.68,0.28,1.66
209,65.338,33,20,57,0.842,1.0,0.396,1.38
210,41.579,30,22,58,0.759,0.727,0.364,1.57
211,-15.453,24,27,59,0.864,0.783,0.275,1.94
212,-31.62,25,31,57,0.807,0.778,0.239,1.8
213,8.947,26,24,54,0.778,0.667,0.286,1.85
214,-10.276,29,31,67,0.776,0.8,0.288,2.16
215,79.111,35,20,60,0.817,0.727,0.286,1.59
216,58.817,31,20,54,0.796,0.739,0.279,1.5
217,-68.825,22,35,60,0.783,0.778,0.383,1.89
218,67.459,30,17,52,0.673,0.857,0.257,1.29
219,49.339,33,23,65,0.908,0.9,0.288,1.5
220,71.438,34,20,59,0.729,0.684,0.302,1.64
221,14.355,34,31,72,0.764,0.85,0.273,1.83
222,-36.149,31,37,73,0.808,0.81,0.322,2.01
223,93.714,36,18,61,0.836,0.824,0.255,1.71
224,-15.004,23,26,50,0.76,0.455,0.342,1.44
225,26.859,30,25,61,0.738,0.696,0.311,1.8
226,66.608,34,21,59,0.695,0.778,0.293,1.7
227,41.589,28,20,49,0.755,0.8,0.27,1.57
228,62.228,25,13,41,0.756,0.833,0.258,1.43
229,34.409,33,26,64,0.766,0.65,0.245,1.48
230,70.856,29,16,51,0.902,0.9,0.261,1.45
231,9.72,26,24,51,0.863,0.667,0.364,1.44
232,39.975,26,18,47,0.83,0.75,0.256,1.19
233,90.623,37,19,56,0.768,0.75,0.302,1.54
234,60.933,35,23,63,0.825,0.828,0.346,2.33
235,-42.762,28,36,66,0.833,0.846,0.255,2.12
236,-4.917,34,35,71,0.901,0.97,0.297,1.61
237,27.62,34,28,68,0.706,0.778,0.354,1.86
238,45.51,26,18,48,0.708,0.692,0.294,1.63
239,108.794,31,10,42,0.786,1.0,0.333,1.13
240,23.676,29,24,58,0.862,0.667,0.28,1.31
241,81.605,35,19,59,0.797,0.818,0.298,1.37
242,52.651,29,19,51,0.804,0.5,0.293,1.48
243,30.47,31,25,60,0.733,0.833,0.295,1.53
244,85.299,27,11,40,0.7,0.556,0.321,1.29
245,23.156,21,16,42,0.762,0.6,0.25,1.27
246,57.739,28,16,52,0.808,1.0,0.357,1.37
247,-8.209,28,29,63,0.762,0.8,0.292,1.48
248,-3.812,27,27,64,0.906,0.923,0.259,1.89
249,21.121,29,25,59,0.847,0.333,0.36,1.32
250,-6.24,30,31,66,0.788,0.75,0.308,1.78
251,128.918,34,9,46,0.848,1.0,0.333,1.11
252,61.979,35,23,58,0.724,0.708,0.333,1.66
253,16.321,36,33,72,0.847,0.88,0.295,2.08
254,85.139,30,14,48,0.688,0.571,0.303,1.66
255,90.274,33,16,50,0.7,0.6,0.257,1.45
256,57.294,32,21,55,0.745,0.667,0.268,1.52
257,13.874,29,26,62,0.742,0.889,0.261,1.55
258,90.318,33,16,57,0.737,0.667,0.405,1.66
259,25.953,34,28,67,0.791,0.636,0.415,1.82
260,67.958,31,18,51,0.922,0.8,0.383,1.25
261,149.084,41,12,58,0.81,0.857,0.277,1.49
262,64.298,28,16,45,0.8,0.75,0.333,1.67
263,111.885,37,15,57,0.825,0.667,0.255,1.95
264,-39.024,26,33,63,0.81,0.81,0.275,1.48
265,50.967,33,23,56,0.804,0.917,0.333,1.45
266,-0.171,27,27,58,0.724,0.571,0.333,1.54
267,-44.655,30,38,68,0.794,0.765,0.333,2.36
268,-51.425,25,35,65,0.831,0.769,0.296,1.78
269,68.097,32,19,55,0.745,0.5,0.268,1.48
270,32.403,28,22,52,0.769,0.75,0.3,1.56
271,17.223,29,26,55,0.782,0.867,0.302,1.81
272,65.608,32,19,56,0.714,0.688,0.275,1.64
273,6.543,31,30,63,0.825,0.667,0.269,2.17
274,39.659,35,27,65,0.754,0.769,0.347,1.81
275,135.173,36,10,49,0.755,0.9,0.351,1.31
276,73.671,30,16,50,0.8,0.6,0.275,1.29
277,109.733,31,10,42,0.881,1.0,0.297,1.21
278,21.153,27,23,52,0.904,1.0,0.319,1.61
279,27.575,28,22,57,0.737,0.733,0.31,1.35
280,149.609,41,12,53,0.755,0.667,0.4,1.57
281,29.295,24,18,44,0.886,0.857,0.333,1.6
282,-12.126,25,27,59,0.78,0.792,0.261,1.59
283,31.365,31,25,59,0.78,0.81,0.37,1.42
284,21.01,28,24,54,0.722,0.826,0.282,1.39
285,67.589,35,22,59,0.881,0.9,0.327,1.45
286,30.818,30,24,55,0.764,0.708,0.262,1.74
287,-13.91,30,32,64,0.75,0.71,0.25,2.09
288,0.443,23,23,50,0.82,0.692,0.268,1.38
289,61.792,25,13,40,0.875,0.0,0.286,0.97
290,-82.995,22,37,61,0.82,0.778,0.32,1.97
291,-26.369,26,31,62,0.758,0.6,0.362,2.14
292,-85.631,24,40,69,0.754,0.733,0.327,1.89
293,-45.825,24,33,63,0.825,0.786,0.269,1.81
294,24.831,27,22,51,0.725,0.667,0.297,1.42
295,51.159,32,22,54,0.667,0.727,0.361,1.68
296,75.85,33,18,54,0.833,0.789,0.289,1.63
297,3.196,30,29,65,0.769,0.667,0.24,1.53
298,-4.445,29,30,62,0.806,0.808,0.28,1.74
299,93.452,33,15,51,0.882,0.857,0.267,1.26
300,134.467,36,10,49,0.816,0.818,0.25,1.37
301,22.308,29,25,62,0.742,0.583,0.304,1.77
302,111.495,34,12,51,0.745,0.857,0.237,1.18
303,22.171,33,28,66,0.803,0.769,0.321,1.63
304,-66.734,24,37,69,0.812,0.846,0.304,1.9
305,66.778,39,26,66,0.788,0.75,0.308,1.68
306,61.499,23,11,40,0.95,1.0,0.368,1.15
307,107.152,38,17,62,0.79,1.0,0.286,1.27
308,70.93,30,16,48,0.896,1.0,0.256,1.22
309,-12.844,31,33,69,0.797,0.783,0.309,1.57
310,129.76,42,17,60,0.767,0.812,0.239,1.45
311,109.871,35,14,55,0.745,0.7,0.268,1.75
312,62.514,29,17,50,0.74,0.643,0.243,1.57
313,96.868,32,13,46,0.739,0.611,0.265,1.47
314,41.313,30,21,54,0.833,0.9,0.356,1.71
315,9.873,37,35,75,0.813,0.818,0.344,2.16
316,140.991,40,13,55,0.709,0.571,0.308,1.58
317,51.329,32,22,58,0.81,0.941,0.319,1.56
318,-23.135,24,28,59,0.831,0.917,0.265,1.57
319,88.332,30,13,47,0.702,0.8,0.364,1.29
320,54.518,29,18,49,0.755,0.7,0.27,1.41
321,109.076,31,10,41,0.805,0.0,0.485,1.31
322,44.489,34,25,60,0.767,0.846,0.391,1.49
323,98.473,31,12,49,0.878,1.0,0.279,1.45
324,105.278,38,18,59,0.78,0.789,0.217,1.5
325,43.351,28,20,51,0.863,0.7,0.341,1.71
326,102.972,32,12,50,0.78,0.5,0.308,1.35
327,95.407,27,9,39,0.769,0.0,0.267,1.0
328,9.872,31,28,61,0.803,0.76,0.286,2.14
329,47.749,33,24,63,0.841,0.885,0.264,1.65
330,58.157,31,19,51,0.686,1.0,0.286,1.35
331,92.094,32,14,49,0.694,0.533,0.294,1.6
332,111.923,34,12,47,0.745,0.778,0.229,1.17
333,34.608,28,21,53,0.811,1.0,0.279,1.47
334,17.556,34,30,70,0.8,0.812,0.304,1.57
335,41.805,26,18,47,0.66,0.625,0.355,1.5
336,72.505,30,16,49,0.776,0.733,0.368,1.59
337,87.279,35,18,60,0.9,0.889,0.241,1.6
338,-26.544,27,32,64,0.875,0.909,0.339,1.66
339,52.208,30,20,50,0.76,0.9,0.289,1.29
340,34.787,32,25,67,0.731,0.704,0.265,2.09
341,0.483,30,30,63,0.778,0.714,0.306,1.37
342,24.809,28,23,54,0.741,0.846,0.35,1.61
343,12.248,24,22,53,0.83,0.895,0.25,1.76
344,40.877,31,23,56,0.804,0.786,0.267,1.66
345,57.012,34,23,58,0.879,0.8,0.294,1.58
346,33.619,27,20,51,0.804,0.667,0.268,1.5
347,37.702,31,23,57,0.825,0.833,0.319,1.45
348,21.036,33,29,65,0.862,0.882,0.375,1.84
349,7.43,34,32,67,0.758,0.632,0.34,2.31
350,-2.095,31,31,63,0.841,0.75,0.283,1.64
351,80.57,36,20,58,0.672,0.667,0.308,1.56
352,68.001,29,16,47,0.809,0.4,0.289,1.55
353,-1.018,27,27,57,0.754,0.714,0.395,1.56
354,42.59,28,20,53,0.906,1.0,0.354,1.33
355,52.411,28,18,48,0.771,0.714,0.324,1.64
356,38.714,30,23,57,0.825,0.75,0.298,1.39
357,87.073,35,18,56,0.768,0.571,0.372,1.66
358,63.997,31,19,54,0.889,1.0,0.312,1.44
359,110.873,37,15,58,0.828,0.857,0.229,1.56
360,91.622,32,14,48,0.792,1.0,0.289,1.25
361,84.513,34,17,54,0.815,0.727,0.341,1.22
362,-21.688,21,25,48,0.812,0.818,0.282,1.6
363,57.602,31,20,54,0.815,1.0,0.25,1.53
364,117.296,32,10,42,0.833,1.0,0.314,1.32
365,78.306,34,19,58,0.914,1.0,0.226,1.44
366,70.762,36,22,61,0.82,1.0,0.26,1.38
367,24.375,34,29,69,0.725,0.704,0.3,2.25
368,20.636,22,18,43,0.86,1.0,0.324,1.11
369,57.822,32,21,60,0.817,0.818,0.265,1.53
370,115.489,39,16,57,0.772,0.667,0.364,1.44
371,140.328,46,19,66,0.803,0.846,0.264,1.6
372,88.301,29,12,46,0.891,0.75,0.317,1.27
373,25.971,35,30,67,0.821,0.905,0.236,2.11
374,60.202,31,19,52,0.692,0.692,0.278,1.61
375,36.359,30,23,55,0.745,0.652,0.268,1.8
376,140.455,35,8,46,0.609,0.5,0.286,1.66
377,76.544,35,20,61,0.77,0.941,0.277,1.63
378,36.964,32,25,60,0.817,0.9,0.306,1.27
379,2.163,34,33,69,0.841,0.846,0.259,1.97
380,45.649,31,22,60,0.833,1.0,0.28,1.68
381,69.607,32,18,54,0.796,0.727,0.302,1.38
382,-27.576,26,31,62,0.806,0.846,0.3,2.02
383,109.624,35,14,49,0.837,1.0,0.268,1.15
384,43.405,32,23,59,0.763,0.7,0.267,1.87
385,-25.037,27,31,58,0.793,0.885,0.37,1.37
386,-12.211,30,32,69,0.841,0.875,0.276,1.75
387,10.924,25,23,49,0.776,0.9,0.316,1.35
388,35.298,28,21,52,0.846,1.0,0.318,1.23
389,56.036,41,30,73,0.822,0.8,0.267,1.79
390,54.561,33,22,58,0.793,0.571,0.304,1.55
391,78.125,37,22,60,0.767,0.647,0.261,1.88
392,66.876,39,26,65,0.8,0.75,0.308,1.59
393,105.602,34,14,50,0.68,0.818,0.294,1.57
394,22.606,30,25,56,0.929,1.0,0.308,1.47
395,119.601,33,10,49,0.837,1.0,0.244,1.18
396,169.328,39,6,49,0.776,0.846,0.395,1.64
397,72.254,28,14,45,0.711,0.583,0.312,1.28
398,157.525,34,4,38,0.763,0.6,0.345,0.99
399,70.466,26,13,40,0.8,1.0,0.312,1.03
400,44.672,31,22,56,0.911,0.833,0.255,1.19
401,85.777,28,11,44,0.75,0.286,0.212,1.15
402,13.683,24,22,56,0.786,0.714,0.364,1.84
403,24.738,28,23,54,0.852,0.8,0.348,1.36
404,133.533,38,12,52,0.923,1.0,0.25,1.35
405,96.618,34,16,55,0.818,0.667,0.333,1.51
406,51.631,27,17,46,0.826,1.0,0.263,1.05
407,43.743,31,22,59,0.932,1.0,0.236,1.3
408,43.614,26,18,47,0.766,0.75,0.389,1.61
409,-10.517,31,33,68,0.824,0.812,0.25,2.09
410,57.891,30,19,50,0.74,0.643,0.297,1.32
411,69.004,27,13,48,0.688,0.667,0.303,1.27
412,49.829,34,24,60,0.717,0.65,0.279,1.54
413,56.769,30,19,53,0.811,0.667,0.326,1.5
414,52.81,31,21,53,0.717,0.6,0.237,1.44
415,37.536,29,21,53,0.849,0.812,0.289,1.33
416,69.839,30,17,48,0.833,0.667,0.275,1.23
417,17.707,30,26,62,0.758,0.667,0.404,1.68
418,41.683,29,21,60,0.767,0.818,0.283,1.53
419,52.431,36,26,65,0.862,0.882,0.411,2.15
420,79.641,30,15,53,0.792,0.778,0.31,1.72
421,24.735,29,24,57,0.772,0.714,0.318,1.8
422,-33.546,24,30,61,0.721,0.773,0.364,1.72
423,33.192,27,21,51,0.784,0.786,0.35,1.37
424,56.633,30,19,51,0.863,0.8,0.273,1.54
425,31.597,31,25,56,0.857,0.727,0.25,1.2
426,-5.118,22,23,48,0.771,0.833,0.297,1.28
427,-15.647,25,28,62,0.79,0.722,0.265,1.77
428,89.196,33,16,54,0.833,1.0,0.311,1.57
429,92.891,31,13,44,0.841,0.857,0.324,1.22
430,39.523,33,25,64,0.844,0.9,0.315,1.61
431,-7.768,28,29,62,0.774,0.773,0.375,1.98
432,92.168,37,19,60,0.883,0.818,0.321,1.49
433,38.876,30,23,53,0.906,0.727,0.271,1.28
434,40.454,29,21,57,0.772,0.867,0.318,1.56
435,68.194,36,22,59,0.814,0.75,0.312,1.25
436,63.937,29,17,49,0.837,0.75,0.317,1.19
437,-29.314,29,35,68,0.853,0.81,0.31,1.82
438,40.656,30,21,52,0.769,0.667,0.25,1.38
439,52.281,32,21,57,0.86,0.833,0.245,1.47
440,86.154,32,16,51,0.824,0.9,0.333,1.68
441,42.987,28,20,49,0.755,0.615,0.297,1.66
442,33.106,33,26,67,0.776,0.737,0.308,1.36
443,41.755,31,22,55,0.836,0.917,0.326,1.52
444,123.094,37,13,54,0.759,0.857,0.268,1.43
445,62.079,30,18,50,0.88,0.917,0.25,1.43
446,78.272,35,20,57,0.825,0.929,0.277,1.48
447,70.034,32,18,55,0.855,0.923,0.277,1.26
448,99.703,40,21,64,0.812,0.667,0.288,1.65
449,46.619,31,22,55,0.745,0.739,0.293,1.66
450,82.348,34,18,55,0.764,0.846,0.286,1.61
451,72.388,27,13,44,0.75,0.727,0.273,1.21
452,72.734,30,15,54,0.852,1.0,0.326,1.46
453,117.638,36,13,51,0.804,0.9,0.293,1.13
454,113.621,34,12,47,0.766,0.667,0.278,1.18
455,11.525,30,28,60,0.833,0.857,0.24,1.83
456,117.818,36,13,52,0.846,1.0,0.273,1.63
457,46.227,31,22,55,0.764,0.667,0.31,1.24
458,109.272,34,13,50,0.94,1.0,0.319,1.15
459,-6.644,25,26,55,0.909,0.786,0.22,1.37
460,56.207,35,24,63,0.841,0.818,0.358,1.96
461,68.371,33,20,60,0.85,0.875,0.333,1.74
462,34.208,32,25,61,0.869,0.929,0.283,1.67
463,-3.634,29,29,61,0.836,0.9,0.275,1.2
464,56.358,29,18,54,0.852,0.692,0.217,1.49
465,-12.272,30,32,69,0.739,0.56,0.333,2.09
466,58.948,28,16,45,0.822,0.909,0.297,1.25
467,15.973,25,22,48,0.771,0.833,0.297,1.23
468,20.701,32,28,64,0.828,0.81,0.302,2.05
469,-4.899,27,28,56,0.804,0.75,0.333,1.77
470,77.2,31,16,51,0.784,0.6,0.225,1.45
471,120.093,32,8,44,0.818,0.8,0.25,1.1
472,81.501,26,10,40,0.875,1.0,0.4,1.52
473,114.567,38,16,56,0.857,1.0,0.312,1.78
474,85.882,29,13,44,0.818,0.75,0.25,1.38
475,82.515,32,16,48,0.792,0.75,0.316,1.3
476,80.329,36,20,58,0.828,0.87,0.333,1.62
477,83.569,33,17,56,0.911,1.0,0.255,1.41
478,4.155,31,30,61,0.787,0.865,0.271,1.91
479,91.146,33,15,51,0.902,0.667,0.239,1.17
480,60.529,26,14,40,0.85,0.75,0.235,1.09
481,110.182,37,16,56,0.857,0.85,0.312,1.77
482,105.428,34,13,47,0.83,1.0,0.256,1.28
483,88.021,31,14,50,0.68,0.643,0.382,1.4
484,49.058,30,20,54,0.796,1.0,0.256,1.38
485,148.03,40,11,56,0.839,0.833,0.298,1.1
486,60.006,33,21,56,0.786,1.0,0.25,1.41
487,52.821,32,22,58,0.845,0.917,0.286,1.39
488,33.373,28,21,53,0.868,0.9,0.283,1.53
489,-27.976,30,35,69,0.87,0.875,0.267,2.15
490,130.652,33,8,43,0.814,1.0,0.314,1.11
491,81.256,29,13,51,0.843,0.882,0.372,1.46
492,14.509,30,27,61,0.77,0.857,0.298,1.87
493,48.901,32,22,61,0.902,0.846,0.273,1.49
494,89.046,30,13,46,0.891,0.8,0.268,1.29
495,107.538,34,13,52,0.731,0.692,0.474,1.41
496,68.586,29,16,48,0.729,0.929,0.4,1.68
497,123.971,37,13,52,0.788,0.923,0.317,1.4
498,97.917,39,20,60,0.7,0.8,0.286,1.63
499,67.663,32,19,53,0.792,0.786,0.31,1.56
500,6.783,24,22,49,0.878,0.95,0.233,1.44
501,3.583,27,26,60,0.767,0.833,0.261,1.78
502,-9.426,26,28,58,0.828,0.889,0.375,1.59
503,11.398,35,33,73,0.849,0.926,0.323,2.09
504,109.553,42,20,64,0.766,0.938,0.286,1.54
505,-31.147,26,32,61,0.836,0.9,0.314,1.52
506,43.353,33,24,68,0.75,0.875,0.294,1.97
507,59.61,31,19,52,0.712,0.667,0.297,1.43
508,36.914,33,26,63,0.81,0.821,0.294,1.98
509,78.792,32,17,53,0.792,0.714,0.381,1.68
510,30.916,33,27,66,0.848,0.75,0.286,1.51
511,39.429,29,21,54,0.833,0.8,0.333,1.55
512,90.429,37,19,59,0.695,0.667,0.293,1.87
513,59.001,32,20,54,0.852,1.0,0.37,1.44
514,-35.621,25,31,60,0.833,0.857,0.26,1.84
515,77.81,33,18,53,0.736,1.0,0.282,1.18
516,59.077,33,21,59,0.831,1.0,0.265,1.63
517,53.43,35,25,63,0.73,0.727,0.261,1.83
518,94.885,33,15,51,0.843,0.667,0.326,1.16
519,23.906,36,31,67,0.821,0.816,0.236,1.64
520,-18.074,26,29,58,0.672,0.833,0.308,1.49
521,7.66,23,22,50,0.7,0.647,0.286,1.55
522,132.762,39,13,55,0.782,0.882,0.349,1.37
523,110.208,33,12,46,0.761,0.833,0.314,1.4
524,2.108,28,27,59,0.678,0.727,0.35,1.53
525,27.228,33,28,64,0.797,0.818,0.275,1.67
526,54.505,34,23,65,0.708,0.786,0.326,1.64
527,80.739,40,24,66,0.818,0.955,0.315,1.78
528,151.886,40,11,52,0.75,0.778,0.333,1.41
529,83.057,34,18,55,0.873,0.8,0.271,1.36
530,-4.135,34,34,75,0.867,0.957,0.246,2.0
531,103.839,32,12,47,0.787,0.929,0.297,1.42
532,-68.487,26,39,68,0.765,0.846,0.308,1.89
533,82.537,32,16,51,0.843,0.867,0.256,1.58
534,47.345,35,25,60,0.817,0.733,0.327,1.42
535,55.055,29,18,51,0.765,0.833,0.308,1.62
536,85.851,26,9,44,0.773,0.9,0.265,1.2
537,76.682,40,25,67,0.866,0.846,0.259,1.98
538,21.032,28,24,55,0.8,0.944,0.295,1.71
539,-15.666,29,32,63,0.667,0.684,0.238,1.61
540,101.1,38,18,57,0.789,0.833,0.289,1.65
541,4.437,35,34,71,0.775,0.938,0.345,1.91
542,105.946,30,9,44,0.841,0.0,0.297,1.2
543,77.258,40,25,65,0.831,0.833,0.222,1.17
544,119.918,38,15,55,0.836,0.875,0.239,1.35
545,98.342,34,15,52,0.846,0.5,0.318,1.66
546,19.53,26,22,54,0.815,0.778,0.295,1.59
547,69.196,33,19,55,0.764,0.867,0.31,1.54
548,96.028,32,14,48,0.771,0.769,0.324,1.54
549,69.932,27,13,41,0.732,0.75,0.233,1.22
550,129.096,38,13,53,0.811,0.875,0.302,1.15
551,38.47,30,22,54,0.815,1.0,0.318,1.58
552,78.64,28,13,43,0.837,0.667,0.25,1.25
553,48.001,32,22,57,0.842,0.786,0.354,1.76
554,174.418,41,7,48,0.771,0.667,0.432,1.28
555,31.344,34,27,64,0.688,0.75,0.295,1.61
556,76.773,33,18,51,0.824,1.0,0.333,1.36
557,72.815,37,22,63,0.778,0.789,0.347,1.61
558,8.208,30,28,60,0.817,0.68,0.306,2.17
559,48.416,31,22,56,0.839,0.895,0.319,1.62
560,107.259,39,18,62,0.742,0.846,0.304,1.75
561,47.641,30,20,55,0.782,0.818,0.302,1.59
562,102.888,35,15,52,0.827,0.917,0.302,1.48
563,80.013,33,17,53,0.811,0.667,0.279,1.23
564,63.847,33,20,56,0.839,1.0,0.234,1.24
565,64.275,34,22,57,0.719,0.76,0.293,1.88
566,66.198,34,20,57,0.807,0.842,0.326,1.54
567,43.717,31,22,59,0.763,0.947,0.244,1.54
568,108.011,38,17,61,0.705,0.762,0.279,1.57
569,59.332,32,21,56,0.821,0.5,0.391,1.85
570,88.458,34,17,51,0.824,0.882,0.262,1.29
571,47.88,29,20,53,0.755,0.611,0.325,1.89
572,74.248,36,21,60,0.733,0.722,0.364,1.46
573,63.37,34,20,57,0.684,0.786,0.308,1.38
574,66.63,35,22,62,0.887,0.75,0.273,1.57
575,58.751,33,21,56,0.893,0.905,0.26,1.41
576,47.888,37,27,65,0.831,0.727,0.259,1.52
577,-24.642,36,41,84,0.762,0.81,0.25,2.7
578,53.68,34,23,59,0.831,0.857,0.347,1.46
579,67.312,29,15,44,0.727,0.5,0.312,1.23
580,55.843,28,17,49,0.898,1.0,0.341,1.57
581,88.749,31,14,46,0.717,0.667,0.394,1.17
582,-10.398,26,27,62,0.823,0.826,0.255,1.79
583,69.812,36,22,65,0.815,0.714,0.396,1.86
584,125.846,42,18,63,0.746,0.8,0.298,1.53
585,75.808,30,15,46,0.804,0.0,0.297,0.8
586,85.302,28,12,43,0.721,0.889,0.29,1.17
587,124.08,36,12,50,0.72,0.818,0.333,1.25
588,97.368,39,20,65,0.738,0.667,0.271,1.91
589,13.075,34,31,67,0.851,0.875,0.263,1.67
590,107.167,37,16,60,0.883,0.0,0.264,1.62
591,36.553,32,24,59,0.831,0.933,0.265,1.46
592,88.174,38,20,59,0.847,0.913,0.26,1.43
593,65.654,33,21,55,0.655,0.737,0.306,1.69
594,125.932,37,13,54,0.778,0.833,0.405,1.79
595,113.442,32,10,44,0.705,0.571,0.387,1.5
596,87.131,34,17,52,0.788,0.778,0.317,1.42
597,22.38,29,24,56,0.768,0.842,0.326,1.33
598,139.956,36,9,47,0.809,1.0,0.263,1.22
599,6.575,25,24,54,0.759,0.778,0.293,1.84
600,101.445,38,18,58,0.845,0.75,0.306,1.48
601,109.339,34,14,49,0.878,0.875,0.209,1.43
602,35.946,28,20,50,0.74,0.773,0.216,1.29
603,32.23,33,26,64,0.844,0.667,0.278,1.4
604,-1.009,31,31,63,0.794,0.818,0.26,1.69
605,107.487,33,12,54,0.667,0.75,0.306,1.71
606,74.895,30,15,51,0.824,0.818,0.262,1.66
607,112.591,36,14,52,0.769,0.727,0.45,1.3
608,15.9,32,29,64,0.797,0.917,0.255,1.41
609,114.354,39,16,58,0.759,0.833,0.273,1.46
610,81.033,35,19,55,0.818,0.846,0.267,1.47
611,89.892,31,13,49,0.816,1.0,0.325,1.46
612,59.897,33,21,58,0.81,0.923,0.255,1.57
613,56.399,30,18,54,0.796,0.846,0.279,1.53
614,110.786,40,18,59,0.797,0.773,0.277,1.7
615,106.633,29,8,38,0.789,1.0,0.267,0.93
616,174.59,44,11,58,0.724,0.778,0.5,1.6
617,47.877,34,24,64,0.812,0.857,0.327,1.59
618,148.811,37,8,50,0.82,0.75,0.268,1.38
619,36.612,33,26,65,0.846,0.917,0.255,1.67
620,0.717,32,31,63,0.746,0.688,0.34,1.78
621,49.73,34,24,60,0.767,0.846,0.304,1.67
622,63.446,34,22,62,0.839,0.852,0.385,1.71
623,94.606,36,18,55,0.8,1.0,0.227,1.44
624,71.088,34,20,58,0.776,0.75,0.267,1.86
625,114.403,37,15,52,0.846,0.75,0.318,1.19
626,82.018,36,20,57,0.825,0.714,0.255,1.56
627,77.523,34,19,57,0.754,0.812,0.279,1.67
628,134.623,31,5,39,0.692,1.0,0.296,0.96
629,122.386,39,15,57,0.86,0.889,0.224,1.55
630,107.842,33,12,49,0.776,0.75,0.289,1.28
631,59.995,35,23,59,0.847,0.833,0.3,1.77
632,93.015,36,18,58,0.793,0.8,0.261,1.89
633,91.921,31,13,48,0.771,0.875,0.297,1.36
634,99.1,40,21,67,0.806,0.84,0.259,2.0
635,10.77,24,21,47,0.872,0.8,0.244,1.31
636,84.574,30,13,48,0.771,0.833,0.297,1.51
637,74.754,35,20,57,0.719,0.833,0.317,1.4
638,4.599,25,23,56,0.804,0.75,0.267,1.41
639,97.368,35,16,53,0.755,0.0,0.4,1.63
640,73.012,37,22,59,0.729,0.85,0.302,1.38
641,68.215,35,21,61,0.82,0.667,0.3,1.41
642,116.032,39,16,63,0.794,0.8,0.34,1.74
643,76.422,32,17,50,0.82,0.944,0.293,1.48
644,65.435,42,29,72,0.736,0.783,0.396,2.17
645,54.365,29,18,51,0.804,0.875,0.293,1.37
646,-19.28,28,31,60,0.933,1.0,0.268,1.39
647,73.856,36,21,62,0.79,0.778,0.286,1.63
648,102.467,33,13,48,0.812,0.833,0.41,1.4
649,0.867,23,22,45,0.733,0.684,0.333,1.24
650,-8.424,28,30,63,0.873,0.824,0.309,1.71
651,91.66,35,17,56,0.875,0.947,0.286,1.52
652,-30.053,25,30,58,0.879,0.867,0.275,1.57
653,105.152,34,13,48,0.771,0.667,0.27,1.11
654,-24.8,29,33,66,0.742,0.828,0.286,1.66
655,123.542,32,8,45,0.689,0.818,0.29,1.34
656,120.228,32,8,44,0.841,0.833,0.324,1.3
657,-14.812,25,27,55,0.745,0.69,0.317,1.62
658,27.073,32,26,60,0.7,0.789,0.262,1.64
659,76.881,31,16,51,0.725,0.684,0.27,1.38
660,137.668,37,10,51,0.824,0.0,0.262,1.03
661,-25.15,24,28,59,0.712,0.7,0.31,1.78
662,126.025,40,15,62,0.774,0.667,0.312,1.6
663,18.93,29,25,60,0.8,0.808,0.292,1.75
664,21.589,30,26,58,0.81,0.733,0.319,1.71
665,94.824,37,19,56,0.839,0.769,0.362,1.72
666,147.905,37,8,48,0.896,1.0,0.279,1.21
667,88.47,34,17,53,0.83,0.923,0.295,1.77
668,97.223,31,12,43,0.814,1.0,0.257,1.05
669,63.567,33,20,54,0.741,0.769,0.325,1.33
670,77.842,38,22,62,0.903,0.833,0.304,1.37
671,58.819,34,22,62,0.952,0.875,0.305,1.29
672,75.739,33,18,56,0.839,0.938,0.34,1.24
673,-6.629,28,29,58,0.862,0.852,0.28,1.77
674,106.713,35,14,55,0.873,0.857,0.292,1.47
675,-38.621,26,33,67,0.851,0.889,0.351,1.85
676,36.019,38,31,75,0.813,0.821,0.262,1.92
677,24.186,33,28,64,0.875,0.875,0.304,1.97
678,27.61,33,27,64,0.703,0.75,0.378,1.48
679,118.445,37,14,52,0.808,0.818,0.31,1.37
680,109.756,29,8,41,0.829,1.0,0.265,1.0
681,19.283,28,24,62,0.903,0.938,0.321,1.73
682,87.923,29,12,41,0.78,0.714,0.344,1.21
683,23.473,29,24,60,0.717,0.778,0.442,1.69
684,77.593,28,13,41,0.683,0.727,0.286,1.42
685,81.932,32,16,50,0.84,1.0,0.31,1.41
686,94.685,35,16,52,0.808,0.917,0.333,1.31
687,94.24,42,24,68,0.824,0.871,0.268,2.19
688,52.362,33,22,61,0.852,1.0,0.327,1.67
689,134.259,37,11,50,0.84,0.857,0.405,1.48
690,87.001,31,14,49,0.816,1.0,0.425,1.25
691,43.811,35,26,61,0.721,0.87,0.455,1.61
692,57.643,30,18,52,0.692,0.714,0.278,1.08
693,144.209,40,12,54,0.778,0.75,0.262,1.77
694,146.62,39,10,53,0.792,1.0,0.333,1.33
695,34.214,32,25,60,0.85,0.8,0.255,1.52
696,69.778,30,16,46,0.761,1.0,0.314,1.13
697,52.746,36,25,63,0.825,0.875,0.25,1.82
698,64.233,37,24,63,0.905,0.85,0.298,1.48
699,83.727,31,15,48,0.646,0.857,0.29,1.44
700,-59.524,24,35,66,0.894,1.0,0.339,1.99
701,61.842,32,20,52,0.769,0.846,0.3,1.5
702,105.126,36,16,54,0.815,0.875,0.273,1.44
703,87.241,40,22,63,0.794,1.0,0.3,1.29
704,93.21,33,14,49,0.816,0.778,0.3,1.32
705,53.974,35,24,64,0.766,0.688,0.388,1.86
706,137.148,33,6,45,0.733,0.769,0.273,1.34
707,112.565,35,13,54,0.796,0.769,0.326,1.61
708,-33.207,30,35,71,0.817,0.947,0.31,1.58
709,78.736,34,19,57,0.86,1.0,0.367,1.35
710,80.279,36,20,59,0.831,0.917,0.265,1.51
711,34.499,29,22,53,0.717,0.6,0.316,1.34
712,79.998,32,17,55,0.818,0.8,0.289,1.43
713,97.171,35,16,51,0.804,0.0,0.22,1.14
714,128.479,36,11,49,0.735,0.833,0.25,1.17
715,-46.075,24,32,61,0.82,0.846,0.26,1.81
716,64.345,38,25,67,0.806,0.867,0.278,1.79
717,93.455,34,16,54,0.796,1.0,0.256,1.32
718,76.408,35,20,55,0.818,0.917,0.267,1.18
719,94.375,39,21,62,0.839,1.0,0.308,1.79
720,96.011,33,14,51,0.784,0.867,0.3,1.42
721,101.887,36,16,53,0.774,0.846,0.268,1.38
722,63.278,34,22,56,0.804,0.857,0.356,1.83
723,-12.479,29,30,63,0.778,0.833,0.286,1.41
724,-3.577,28,28,56,0.768,0.852,0.279,1.89
725,129.271,38,13,53,0.755,0.667,0.35,1.41
726,62.673,34,21,62,0.758,0.769,0.34,1.27
727,29.008,34,28,64,0.844,0.909,0.315,1.51
728,138.329,37,10,50,0.86,1.0,0.279,1.2
729,77.051,34,18,52,0.75,0.786,0.282,1.32
730,121.841,37,14,54,0.833,0.889,0.4,1.5
731,32.243,32,26,61,0.672,0.714,0.317,1.85
732,93.625,31,13,47,0.83,0.857,0.333,1.18
733,35.415,32,25,61,0.803,0.808,0.286,1.73
734,98.679,36,17,53,0.83,1.0,0.25,1.17
735,80.038,35,19,56,0.714,0.75,0.25,1.2
736,64.686,34,21,55,0.818,1.0,0.422,1.65
737,101.538,33,13,51,0.765,1.0,0.308,1.1
738,30.988,36,30,67,0.761,0.875,0.294,1.81
739,49.654,35,25,61,0.902,1.0,0.291,1.4
740,111.429,35,13,48,0.708,0.889,0.324,1.16
741,165.922,38,6,46,0.848,0.857,0.385,1.53
742,66.755,31,18,57,0.86,0.857,0.286,1.59
743,0.768,30,29,60,0.85,0.903,0.235,1.78
744,19.844,30,26,56,0.696,0.857,0.333,1.25
745,78.43,28,12,50,0.78,1.0,0.308,1.14
746,48.751,33,23,58,0.845,0.786,0.265,1.84
747,67.555,30,17,52,0.788,0.667,0.341,1.76
748,29.379,34,28,69,0.783,0.818,0.278,1.84
749,36.04,32,25,60,0.883,1.0,0.358,1.6
750,70.124,34,20,56,0.804,0.722,0.356,1.46
751,97.966,34,14,51,0.784,1.0,0.325,1.2
752,109.643,35,14,50,0.88,0.6,0.318,1.33
753,-0.595,25,24,55,0.764,0.824,0.333,1.51
754,65.459,37,24,64,0.797,0.8,0.333,1.73
755,35.717,32,25,61,0.869,0.842,0.302,1.83
756,-12.096,25,27,55,0.818,0.545,0.333,1.5
757,72.077,31,17,53,0.755,0.833,0.4,1.4
758,9.92,36,33,73,0.795,0.903,0.31,1.72
759,96.318,34,15,53,0.774,0.857,0.317,1.32
760,91.083,36,18,55,0.745,0.75,0.317,1.44
761,89.595,35,17,52,0.808,1.0,0.31,1.2
762,81.46,31,15,49,0.735,0.714,0.306,1.29
763,12.823,25,22,55,0.836,0.842,0.326,2.11
764,71.413,29,15,46,0.804,0.889,0.324,1.15
765,23.23,36,31,71,0.775,0.778,0.273,1.89
766,99.178,39,19,64,0.766,0.75,0.306,1.55
767,-4.083,31,31,67,0.836,0.778,0.25,2.31
768,36.156,25,18,45,0.844,0.667,0.263,1.41
769,104.734,40,19,60,0.767,0.833,0.326,1.48
770,87.123,36,19,55,0.745,0.714,0.415,1.45
771,9.535,29,27,59,0.831,1.0,0.265,1.32
772,90.713,28,11,44,0.727,0.0,0.312,1.36
773,127.533,35,10,51,0.745,0.667,0.263,1.37
774,65.778,37,24,63,0.698,0.556,0.318,1.46
775,41.386,30,22,55,0.818,0.667,0.356,2.02
776,43.053,35,26,70,0.886,1.0,0.29,1.77
777,143.603,39,11,54,0.815,0.833,0.25,1.32
778,-17.129,31,33,71,0.845,0.8,0.333,1.71
779,82.884,34,17,61,0.738,0.692,0.333,2.07
780,25.824,36,30,75,0.787,0.697,0.305,1.75
781,-1.171,28,28,58,0.776,0.714,0.289,1.62
782,145.219,35,6,43,0.767,0.0,0.242,1.22
783,64.858,36,23,63,0.73,0.909,0.283,1.51
784,63.511,35,23,59,0.763,0.656,0.311,2.38
785,138.809,36,9,48,0.812,0.909,0.308,1.29
786,84.072,35,19,55,0.836,0.833,0.283,1.5
787,55.316,34,22,61,0.836,0.92,0.294,1.63
788,123.331,30,6,41,0.78,0.0,0.344,1.22
789,-8.357,29,30,61,0.77,0.545,0.362,1.38
790,-56.72,30,41,75,0.827,0.76,0.306,1.95
791,108.364,35,13,56,0.786,0.8,0.341,1.65
792,139.321,40,13,55,0.745,0.647,0.268,1.57
793,66.798,28,15,46,0.826,0.636,0.342,1.36
794,50.275,34,23,67,0.776,0.714,0.423,1.99
795,99.898,38,18,61,0.787,0.882,0.292,1.71
796,-26.334,32,36,77,0.779,0.828,0.383,2.28
797,19.375,32,27,63,0.81,0.771,0.235,2.07
798,21.051,29,24,53,0.849,0.714,0.311,1.36
799,-4.174,31,31,67,0.776,0.941,0.25,1.95
800,101.409,35,16,52,0.75,0.667,0.359,1.43
801,105.452,37,17,55,0.818,0.0,0.356,1.53
802,117.311,32,9,47,0.723,1.0,0.353,1.39
803,75.41,34,19,55,0.873,0.933,0.292,1.75
804,54.37,33,22,57,0.719,0.833,0.341,1.5
805,109.024,38,16,56,0.786,0.765,0.273,1.43
806,84.646,36,19,56,0.804,0.933,0.422,1.49
807,85.019,33,16,49,0.857,1.0,0.333,1.37
808,104.66,39,19,62,0.726,0.5,0.333,1.45
809,22.031,33,28,67,0.791,0.783,0.264,1.69
810,84.953,30,13,48,0.833,0.875,0.325,1.34
811,102.943,36,16,52,0.788,0.778,0.317,1.4
812,39.037,31,23,59,0.831,0.824,0.306,1.81
813,24.561,31,25,59,0.881,1.0,0.346,1.5
814,35.399,30,23,55,0.836,0.733,0.239,1.34
815,65.674,33,20,57,0.719,0.867,0.39,1.54
816,43.669,36,27,66,0.864,0.926,0.316,1.95
817,61.715,37,25,64,0.766,0.84,0.286,1.69
818,100.701,34,14,56,0.804,0.923,0.356,1.49
819,-37.796,30,37,70,0.786,0.75,0.345,1.98
820,99.836,38,18,58,0.81,0.917,0.319,1.82
821,50.129,31,21,52,0.731,0.778,0.474,1.69
822,89.887,30,12,42,0.786,1.0,0.333,1.1
823,73.834,39,24,69,0.826,0.87,0.281,1.58
824,58.281,31,19,56,0.857,0.6,0.25,1.48
825,17.477,30,25,62,0.855,0.75,0.245,1.38
826,123.896,37,13,55,0.8,0.0,0.25,1.28
827,35.012,35,27,63,0.762,0.722,0.312,1.39
828,97.232,41,22,66,0.773,0.727,0.333,1.71
829,120.691,36,12,49,0.735,0.714,0.361,1.19
830,71.749,30,16,47,0.83,0.875,0.282,1.46
831,87.374,31,14,45,0.8,0.667,0.389,1.23
832,54.55,36,25,65,0.692,0.864,0.356,1.99
833,76.413,33,18,56,0.821,0.8,0.283,2.06
834,-37.154,24,30,60,0.767,0.941,0.283,1.75
835,122.122,41,17,61,0.77,0.765,0.255,1.86
836,75.131,33,18,56,0.839,0.5,0.34,1.42
837,46.955,34,24,59,0.746,0.778,0.432,1.64
838,27.177,26,20,49,0.755,0.857,0.324,1.25
839,88.229,35,17,54,0.87,0.9,0.34,1.68
840,26.076,34,29,66,0.773,0.893,0.235,1.41
841,47.857,32,22,56,0.821,0.882,0.239,1.37
842,39.595,30,22,58,0.707,0.75,0.293,1.26
843,82.777,32,16,55,0.727,1.0,0.325,1.61
844,45.716,30,20,58,0.724,0.842,0.452,1.73
845,137.544,37,10,49,0.653,0.889,0.344,1.16
846,59.556,33,21,57,0.754,0.929,0.302,1.25
847,75.32,35,20,58,0.776,0.733,0.311,1.6
848,26.732,28,22,53,0.679,0.643,0.278,1.45
849,146.019,42,14,57,0.772,0.769,0.318,1.47
850,52.943,32,21,60,0.8,0.875,0.271,1.28
851,89.34,33,16,49,0.837,0.938,0.341,1.39
852,133.991,42,15,61,0.787,0.75,0.25,1.43
853,70.511,30,16,47,0.745,0.667,0.286,1.34
854,59.435,34,22,60,0.7,0.667,0.333,1.54
855,66.521,28,15,43,0.814,1.0,0.314,1.08
856,28.024,31,25,56,0.786,0.842,0.295,1.7
857,8.917,33,31,69,0.768,0.833,0.377,1.92
858,-64.818,28,40,73,0.781,0.88,0.316,1.92
859,78.416,35,20,57,0.825,0.833,0.362,1.35
860,55.434,31,20,57,0.737,0.933,0.333,1.65
861,68.686,34,20,56,0.786,0.84,0.295,1.65
862,127.638,39,14,54,0.685,0.6,0.297,1.71
863,41.89,33,24,59,0.831,1.0,0.367,1.5
864,106.935,39,18,59,0.78,1.0,0.304,1.54
865,141.833,36,9,47,0.723,1.0,0.353,1.26
866,47.325,31,21,54,0.815,0.833,0.25,1.27
867,12.778,35,32,67,0.776,0.75,0.327,1.47
868,98.482,40,20,62,0.774,0.773,0.292,1.51
869,144.255,40,12,54,0.833,0.833,0.311,1.33
870,93.603,27,9,36,0.778,1.0,0.286,0.96
871,67.788,35,21,62,0.742,0.75,0.326,2.13
872,103.343,36,16,52,0.731,0.786,0.395,1.6
873,22.856,27,22,49,0.796,0.9,0.308,1.32
874,135.383,40,13,53,0.679,0.882,0.333,1.41
875,23.58,33,28,64,0.688,0.733,0.318,1.55
876,8.361,32,30,69,0.812,0.786,0.25,1.62
877,-17.192,30,32,63,0.778,0.75,0.286,1.59
878,39.352,31,23,55,0.818,0.812,0.222,1.39
879,80.062,37,21,60,0.833,0.769,0.3,1.41
880,22.924,25,20,47,0.745,0.857,0.286,1.31
881,111.108,37,15,53,0.811,0.667,0.372,1.49
882,99.815,40,19,63,0.825,0.826,0.423,1.89
883,96.255,33,14,49,0.816,0.929,0.35,1.34
884,47.173,26,17,46,0.783,0.889,0.306,1.38
885,160.221,39,8,48,0.75,0.857,0.444,1.41
886,77.8,31,16,53,0.811,0.875,0.372,1.6
887,28.841,33,27,64,0.828,1.0,0.434,1.9
888,13.601,30,26,57,0.842,0.889,0.271,1.51
889,60.313,33,21,54,0.759,0.812,0.317,1.36
890,75.785,34,19,56,0.875,0.812,0.408,1.7
891,154.037,39,9,49,0.755,0.875,0.324,1.19
892,91.295,32,14,53,0.83,0.8,0.386,1.49
893,126.571,36,11,51,0.804,1.0,0.293,1.4
894,92.185,31,13,49,0.878,0.8,0.279,1.33
895,25.486,33,28,65,0.754,0.778,0.286,1.91
896,42.718,32,23,60,0.8,0.714,0.312,1.65
897,53.608,35,25,63,0.841,0.9,0.283,1.68
898,113.932,34,12,46,0.826,1.0,0.342,1.14
899,81.211,36,20,63,0.81,0.889,0.353,2.05
900,-10.984,31,33,68,0.75,0.909,0.373,2.14
901,83.495,42,24,72,0.722,0.917,0.25,1.6
902,35.435,31,24,62,0.774,0.913,0.396,1.83
903,136.989,33,7,44,0.886,0.875,0.256,1.24
904,-40.796,32,39,74,0.811,0.867,0.233,2.04
905,60.566,32,20,54,0.815,0.875,0.364,1.6
906,0.893,31,30,65,0.708,0.684,0.304,2.07
907,112.658,42,20,69,0.812,0.833,0.321,1.93
908,91.804,35,17,54,0.815,0.824,0.341,1.67
909,52.485,38,28,66,0.758,0.783,0.4,2.18
910,-14.329,35,37,76,0.816,0.824,0.29,1.93
911,60.844,39,27,73,0.863,0.714,0.27,1.65
912,38.324,29,21,55,0.727,0.929,0.525,1.65
913,115.813,32,10,45,0.844,0.833,0.289,1.56
914,71.061,37,23,66,0.818,0.842,0.259,1.7
915,56.217,33,22,56,0.768,0.905,0.326,1.81
916,144.827,35,7,44,0.773,1.0,0.382,1.29
917,14.936,30,26,63,0.81,0.875,0.314,1.89
918,69.721,34,20,62,0.806,0.923,0.26,1.57
919,-95.91,22,40,65,0.815,0.913,0.302,1.94
920,69.741,36,22,61,0.754,0.857,0.304,1.66
921,87.398,35,18,55,0.891,0.875,0.245,1.46
922,129.985,38,13,51,0.804,0.889,0.415,1.53
923,104.675,34,12,51,0.824,1.0,0.333,1.43
924,-26.341,32,35,73,0.712,0.774,0.327,1.99
925,-68.46,27,39,68,0.75,0.737,0.412,2.32
926,64.878,34,21,65,0.846,0.81,0.364,2.14
927,24.585,32,27,63,0.81,0.846,0.275,1.41
928,113.625,36,14,50,0.82,0.75,0.268,1.38
929,64.761,33,20,56,0.821,0.75,0.283,1.41
930,92.07,40,22,64,0.766,0.818,0.367,1.93
931,89.865,33,15,48,0.792,0.833,0.289,1.39
932,68.953,34,21,58,0.793,1.0,0.239,1.4
933,125.314,33,9,43,0.698,1.0,0.367,1.46
934,25.227,31,25,57,0.789,0.933,0.356,1.63
935,112.45,33,11,44,0.773,1.0,0.294,1.08
936,55.758,33,21,57,0.789,0.786,0.289,1.55
937,30.39,32,26,61,0.721,0.667,0.318,2.15
938,91.996,28,10,38,0.711,0.714,0.37,1.17
939,123.536,40,16,56,0.696,0.762,0.282,1.6
940,86.415,37,20,60,0.817,0.917,0.327,1.54
941,139.407,37,10,49,0.776,0.889,0.263,1.39
942,113.707,34,12,54,0.704,0.909,0.421,1.79
943,67.807,36,22,60,0.817,0.75,0.327,1.35
944,115.086,36,13,54,0.778,1.0,0.31,1.45
945,116.972,34,11,46,0.739,0.7,0.324,1.3
946,46.794,30,20,56,0.839,1.0,0.34,1.6
947,69.77,30,16,47,0.851,0.875,0.25,1.25
948,83.194,33,16,49,0.673,0.75,0.303,1.36
949,121.584,34,10,47,0.702,1.0,0.364,1.11
950,66.053,33,19,56,0.821,0.867,0.261,1.37
951,15.494,32,28,65,0.8,0.923,0.308,1.83
952,90.364,37,19,56,0.696,0.778,0.359,1.5
953,137.876,41,14,58,0.741,0.75,0.419,1.7
954,78.786,37,21,62,0.823,0.667,0.353,1.42
955,104.146,34,14,49,0.755,1.0,0.405,1.65
956,63.38,36,23,66,0.773,0.875,0.333,2.19
957,-24.471,32,36,78,0.821,0.848,0.25,1.93
958,123.899,35,11,48,0.875,0.667,0.31,1.26
959,-18.874,30,33,65,0.831,0.889,0.37,1.83
960,24.587,31,25,57,0.877,0.808,0.32,1.72
961,143.511,38,10,55,0.782,1.0,0.279,1.38
962,121.9,32,8,40,0.75,1.0,0.267,1.02
963,166.258,41,9,52,0.846,1.0,0.341,1.26
964,79.762,29,13,44,0.705,1.0,0.355,1.27
965,109.843,36,14,50,0.68,1.0,0.294,1.26
966,100.489,35,15,52,0.769,0.833,0.4,1.23
967,150.911,45,15,61,0.803,0.882,0.286,1.67
968,75.438,33,19,52,0.904,1.0,0.34,1.6
969,74.704,31,16,50,0.78,0.769,0.256,1.34
970,66.18,34,21,61,0.754,0.857,0.37,1.57
971,48.449,30,19,52,0.865,0.875,0.289,1.31
972,121.287,37,13,51,0.824,0.0,0.262,1.16
973,97.146,32,13,46,0.739,0.625,0.294,1.1
974,124.33,37,12,50,0.86,0.889,0.302,1.43
975,133.673,37,11,48,0.896,0.833,0.302,1.17
976,49.38,31,21,52,0.808,0.882,0.286,1.39
977,53.226,35,24,62,0.823,0.769,0.255,1.85
978,42.815,35,26,63,0.778,0.765,0.265,1.77
979,86.629,36,18,56,0.839,0.833,0.277,1.28
980,8.257,28,26,60,0.817,0.938,0.327,1.34
981,28.993,31,25,58,0.828,0.895,0.375,1.82
982,84.402,38,21,60,0.85,0.875,0.333,1.51
983,60.667,36,24,61,0.77,0.75,0.255,1.41
984,162.553,38,7,49,0.776,1.0,0.368,1.12
985,24.6,30,24,57,0.789,0.833,0.244,1.32
986,25.232,30,24,58,0.793,0.75,0.326,1.64
987,84.349,33,16,54,0.833,1.0,0.289,1.27
988,45.208,31,22,55,0.782,0.833,0.256,1.25
989,61.689,30,17,53,0.755,0.818,0.3,1.44
990,63.755,29,16,51,0.765,0.818,0.333,1.39
991,124.745,30,6,36,0.861,0.0,0.29,0.98
992,160.259,42,11,59,0.712,0.818,0.333,1.56
993,52.036,34,23,63,0.746,0.962,0.362,1.81
994,103.29,36,16,56,0.696,0.75,0.359,1.39
995,117.697,36,13,55,0.818,0.75,0.311,1.19
996,91.803,31,13,45,0.667,0.545,0.333,1.36
997,58.17,31,19,50,0.74,0.75,0.378,1.43
998,79.917,30,14,44,0.659,0.667,0.31,1.41
999,26.326,25,19,44,0.795,0.9,0.314,0.98
1000,51.075,31,21,54,0.833,0.833,0.4,1.23
1001,102.19,39,19,58,0.724,0.8,0.333,1.32
1002,18.184,28,24,54,0.852,0.875,0.348,1.35
1003,35.822,31,23,56,0.857,0.889,0.333,1.2
1004,110.489,34,12,48,0.771,1.0,0.405,1.4
1005,63.362,36,23,67,0.851,0.92,0.298,2.0
1006,83.28,34,18,53,0.698,0.765,0.297,1.7
1007,76.797,35,20,59,0.78,0.765,0.326,1.58
1008,120.401,38,14,54,0.815,0.846,0.25,1.4
1009,-5.781,29,30,60,0.833,1.0,0.34,1.74
1010,68.871,33,19,55,0.909,1.0,0.28,1.58
1011,70.937,37,23,61,0.869,1.0,0.283,2.11
1012,161.378,39,8,52,0.788,0.857,0.317,1.57
1013,124.008,36,12,49,0.735,0.727,0.278,1.35
1014,113.431,37,15,52,0.788,0.812,0.268,1.63
1015,76.099,40,25,65,0.892,0.88,0.259,1.72
1016,109.956,38,16,58,0.741,0.833,0.233,1.29
1017,123.594,36,12,50,0.78,1.0,0.41,1.23
1018,48.757,33,22,55,0.836,0.8,0.261,1.52
1019,85.126,37,20,59,0.814,0.625,0.271,1.8
1020,77.867,40,24,69,0.725,0.793,0.26,1.44
1021,56.951,38,26,67,0.791,0.88,0.302,1.69
1022,96.306,29,10,45,0.756,0.667,0.294,1.32
1023,109.752,38,16,56,0.804,0.875,0.311,1.55
1024,10.14,31,28,60,0.783,0.875,0.277,1.58
1025,99.052,34,14,51,0.843,0.8,0.233,1.18
1026,141.334,40,12,55,0.745,0.625,0.317,1.47
1027,131.302,39,13,52,0.75,0.909,0.333,1.28
1028,42.936,33,24,58,0.828,0.769,0.271,1.65
1029,38.906,31,23,56,0.768,0.826,0.279,1.81
1030,114.872,33,10,43,0.767,1.0,0.424,1.1
1031,111.737,42,20,66,0.818,0.643,0.259,1.78
1032,10.831,33,30,69,0.783,0.875,0.315,1.91
1033,-20.649,30,33,68,0.838,0.889,0.228,1.89
1034,64.166,31,18,52,0.808,0.867,0.262,1.2
1035,48.625,30,20,52,0.731,0.857,0.289,1.4
1036,56.137,31,20,53,0.736,0.786,0.333,1.57
1037,134.569,37,11,48,0.854,0.889,0.366,1.33
1038,107.601,30,9,40,0.85,1.0,0.441,1.3
1039,7.951,23,21,52,0.808,1.0,0.238,1.2
1040,131.208,38,13,53,0.792,0.818,0.333,1.43
1041,61.525,30,18,49,0.816,0.75,0.3,1.38
1042,51.369,33,22,58,0.845,0.929,0.286,1.12
1043,92.092,31,13,44,0.727,0.75,0.375,1.14
1044,83.785,30,14,46,0.913,1.0,0.262,1.23
1045,79.062,36,20,63,0.746,1.0,0.255,1.31
1046,76.46,35,20,55,0.909,1.0,0.32,1.54
1047,-24.247,36,39,83,0.783,0.93,0.292,2.64
1048,95.118,37,18,59,0.695,0.643,0.317,1.52
1049,47.838,27,17,50,0.8,0.857,0.325,1.19
1050,80.497,29,13,46,0.696,0.857,0.375,1.31
1051,117.698,30,7,44,0.75,0.833,0.333,1.15
1052,-19.983,27,30,65,0.769,0.667,0.26,1.48
1053,137.221,37,10,53,0.83,0.333,0.318,1.36
1054,96.478,35,16,52,0.788,0.867,0.293,1.29
1055,1.301,33,33,69,0.696,0.72,0.354,2.29
1056,24.531,31,26,59,0.797,0.826,0.277,1.55
1057,93.784,34,15,55,0.727,0.75,0.35,1.24
1058,15.78,30,26,58,0.897,1.0,0.269,1.57
1059,118.456,30,7,37,0.703,1.0,0.385,1.02
1060,119.36,37,14,51,0.863,1.0,0.364,1.53
1061,106.447,33,12,46,0.652,0.5,0.3,1.42
1062,32.841,35,28,64,0.719,0.9,0.326,1.51
1063,-17.992,28,31,60,0.817,0.957,0.327,1.63
1064,85.314,32,15,49,0.714,0.722,0.229,1.39
1065,117.601,37,14,55,0.782,0.778,0.419,1.5
1066,98.09,35,16,56,0.768,0.333,0.302,1.2
1067,87.811,33,16,49,0.735,0.875,0.333,1.42
1068,54.055,31,20,55,0.8,0.824,0.318,1.63
1069,76.685,37,21,60,0.8,0.875,0.354,1.4
1070,126.927,36,11,48,0.771,1.0,0.405,1.21
1071,81.023,30,13,48,0.792,0.889,0.263,1.37
1072,112.551,35,13,50,0.76,0.8,0.342,1.39
1073,31.875,30,23,59,0.763,0.84,0.289,1.99
1074,37.186,29,22,51,0.784,0.727,0.375,1.68
1075,110.919,39,17,57,0.702,0.909,0.225,1.52
1076,90.467,38,20,60,0.817,0.857,0.245,1.73
1077,56.506,29,18,53,0.887,1.0,0.319,1.43
1078,36.396,30,22,55,0.855,0.9,0.319,1.75
1079,122.555,38,14,55,0.745,0.778,0.244,1.34
1080,84.577,36,19,63,0.778,0.875,0.347,1.55
1081,37.708,35,27,70,0.829,0.848,0.276,1.87
1082,-10.034,31,32,72,0.722,0.867,0.346,1.68
1083,214.854,45,3,48,0.833,0.0,0.325,1.26
1084,43.73,32,23,61,0.77,0.826,0.319,1.73
1085,77.21,30,15,49,0.816,0.909,0.3,1.13
1086,55.475,36,25,62,0.694,0.684,0.256,1.72
1087,114.975,38,15,58,0.655,0.615,0.263,1.27
1088,161.925,46,14,63,0.825,1.0,0.423,1.85
1089,78.097,35,20,56,0.893,0.778,0.32,1.63
1090,128.951,31,6,42,0.738,0.818,0.387,1.14
1091,80.874,36,20,62,0.79,0.842,0.306,1.95
1092,-3.122,28,28,58,0.776,0.895,0.333,1.59
1093,17.405,27,23,52,0.788,0.833,0.293,1.18
1094,106.43,36,15,52,0.904,1.0,0.319,1.31
1095,131.68,45,19,65,0.815,0.81,0.415,2.11
1096,77.039,30,15,51,0.667,0.625,0.382,1.67
1097,74.741,39,24,66,0.788,0.778,0.269,1.99
1098,90.841,30,12,44,0.773,0.833,0.235,1.55
1099,113.145,38,15,57,0.772,0.947,0.341,1.33
1100,43.157,34,25,61,0.803,0.862,0.286,2.24
1101,82.999,35,18,54,0.815,0.7,0.364,1.44
1102,57.255,33,22,57,0.807,1.0,0.435,1.7
1103,36.82,36,28,64,0.766,0.625,0.306,1.54
1104,109.273,37,15,52,0.712,0.667,0.27,1.27
1105,17.357,31,26,63,0.81,0.882,0.275,1.37
1106,67.873,34,20,56,0.732,0.722,0.439,1.77
1107,117.781,37,14,52,0.827,0.714,0.279,1.12
1108,28.428,27,21,52,0.808,0.818,0.286,1.49
1109,95.565,34,15,49,0.816,1.0,0.4,1.04
1110,24.024,37,31,72,0.736,0.85,0.34,1.56
1111,99.383,33,13,51,0.804,0.857,0.341,1.36
1112,64.496,34,21,60,0.783,0.867,0.277,1.48
1113,134.648,41,14,63,0.81,0.833,0.314,1.39
1114,94.817,33,15,51,0.627,0.6,0.312,1.83
1115,30.204,34,27,73,0.74,0.828,0.296,1.79
1116,-5.329,27,28,58,0.81,0.808,0.362,2.04
1117,44.13,28,19,47,0.787,0.846,0.351,1.22
1118,82.44,35,18,57,0.632,0.714,0.361,1.53
1119,149.341,40,11,56,0.768,0.857,0.326,1.34
1120,138.167,41,14,56,0.786,0.909,0.318,1.47
1121,112.491,33,11,48,0.771,0.833,0.432,1.57
1122,44.859,29,20,58,0.707,0.769,0.293,1.61
1123,84.385,33,16,51,0.745,0.778,0.316,1.21
1124,33.39,35,27,66,0.788,1.0,0.308,1.31
1125,73.734,35,20,58,0.741,0.571,0.326,1.55
1126,101.837,36,16,56,0.714,0.5,0.275,1.35
1127,90.925,43,25,72,0.778,0.909,0.375,1.81
1128,118.719,40,16,65,0.754,0.769,0.286,1.63
1129,98.999,36,16,65,0.785,0.8,0.392,1.77
1130,163.818,39,7,47,0.787,0.8,0.27,1.29
1131,113.134,38,15,56,0.768,0.75,0.279,1.43
1132,87.898,38,20,58,0.81,0.812,0.255,1.45
1133,89.089,33,15,49,0.673,0.929,0.303,1.47
1134,102.835,34,14,53,0.66,0.8,0.343,1.53
1135,19.12,32,27,64,0.812,0.85,0.346,1.63
1136,106.569,36,15,54,0.741,0.9,0.325,1.26
1137,118.624,39,15,54,0.815,0.625,0.273,1.4
1138,51.577,30,20,55,0.727,0.786,0.275,1.78
1139,21.121,32,27,63,0.714,0.857,0.311,1.65
1140,168.811,42,9,56,0.732,0.8,0.244,1.52
1141,85.261,31,14,47,0.745,0.667,0.257,1.34
1142,-58.318,27,37,67,0.806,0.895,0.333,1.6
1143,122.971,38,14,52,0.654,0.8,0.353,1.62
1144,-17.378,27,29,64,0.734,0.824,0.277,1.44
1145,56.03,34,22,60,0.85,1.0,0.412,1.45
1146,71.656,29,14,52,0.808,0.833,0.262,1.31
1147,62.452,34,21,60,0.783,1.0,0.34,1.51
1148,116.588,36,13,49,0.714,0.833,0.343,1.16
1149,124.634,37,12,53,0.679,0.8,0.278,1.14
1150,38.507,33,24,61,0.77,0.769,0.255,1.29
1151,124.247,35,11,54,0.759,1.0,0.341,1.31
1152,95.966,37,18,59,0.797,1.0,0.426,1.53
1153,88.832,30,13,47,0.787,0.8,0.27,1.77
1154,84.529,37,21,60,0.8,0.722,0.25,1.76
1155,68.737,33,19,59,0.763,0.923,0.4,1.65
1156,-16.006,31,33,68,0.794,0.872,0.241,1.98
1157,67.767,32,18,54,0.741,0.733,0.45,1.95
1158,79.831,33,16,54,0.741,0.85,0.325,1.37
1159,101.246,34,14,49,0.714,0.571,0.343,1.29
1160,74.471,27,12,44,0.705,1.0,0.355,1.19
1161,-4.01,29,28,60,0.65,0.679,0.308,1.53
1162,155.265,44,14,58,0.81,1.0,0.298,1.5
1163,65.952,37,24,61,0.721,0.882,0.341,1.66
1164,75.664,33,18,53,0.792,0.833,0.333,1.32
1165,86.766,32,15,47,0.83,0.938,0.308,1.49
1166,43.313,33,24,61,0.754,0.778,0.283,1.73
1167,63.03,35,23,62,0.79,1.0,0.286,1.58
1168,174.753,42,8,53,0.792,0.636,0.262,1.5
1169,3.181,31,29,63,0.762,0.87,0.271,1.51
1170,107.871,41,19,70,0.743,0.852,0.346,1.92
1171,98.875,32,12,46,0.761,0.75,0.257,1.33
1172,20.992,33,29,62,0.742,0.839,0.283,1.96
1173,44.737,33,23,59,0.847,0.957,0.26,1.54
1174,113.894,37,14,53,0.83,0.778,0.364,1.25
1175,53.654,30,19,51,0.843,0.9,0.256,1.34
1176,77.243,32,16,53,0.774,0.818,0.463,1.35
1177,63.753,31,19,55,0.727,0.846,0.35,1.36
1178,111.888,37,15,56,0.75,0.909,0.357,1.64
1179,10.071,24,22,48,0.812,0.818,0.385,1.59
1180,150.648,44,14,59,0.763,0.882,0.244,1.32
1181,-0.278,31,30,67,0.791,0.727,0.264,1.85
1182,118.183,33,9,42,0.786,0.889,0.515,1.08
1183,86.748,34,16,57,0.842,0.923,0.312,1.57
1184,138.323,37,10,51,0.706,0.857,0.306,1.58
1185,15.611,31,27,64,0.766,0.769,0.327,1.46
1186,104.23,39,19,60,0.667,0.786,0.35,1.87
1187,140.403,40,12,55,0.855,1.0,0.255,1.23
1188,38.32,30,22,59,0.78,0.913,0.283,1.93
1189,58.287,33,21,60,0.733,0.818,0.341,1.34
1190,96.031,36,17,58,0.672,0.789,0.282,1.93
1191,141.286,42,14,60,0.783,0.571,0.255,1.48
1192,30.66,33,26,67,0.731,0.789,0.286,1.36
1193,138.971,32,5,37,0.757,0.833,0.393,0.97
1194,139.576,36,9,50,0.74,0.812,0.216,1.7
1195,39.68,30,22,54,0.759,0.846,0.268,1.49
1196,55.496,33,22,63,0.73,0.692,0.304,1.63
1197,41.268,32,23,61,0.787,0.8,0.333,1.69
1198,87.659,32,14,47,0.787,0.909,0.351,1.18
1199,62.586,28,15,48,0.688,0.8,0.273,1.13
1200,92.236,36,18,54,0.778,0.833,0.286,1.58
1201,11.2,27,24,52,0.885,0.923,0.304,1.44
1202,140.002,40,12,53,0.849,0.857,0.422,1.5
1203,73.707,33,18,51,0.765,0.824,0.359,1.38
1204,110.813,35,13,52,0.769,0.75,0.325,1.55
1205,13.321,32,29,64,0.891,0.941,0.351,1.64
1206,28.965,31,24,63,0.714,0.731,0.333,1.74
1207,79.678,34,18,59,0.814,0.8,0.375,1.66
1208,112.742,35,13,48,0.812,1.0,0.333,1.39
1209,96.362,33,14,55,0.764,0.75,0.333,1.49
1210,144.76,40,12,53,0.736,0.8,0.282,1.3
1211,36.527,29,21,55,0.673,0.625,0.243,1.57
1212,34.539,30,23,53,0.755,0.826,0.3,1.73
1213,91.431,33,15,50,0.78,0.667,0.359,1.85
1214,121.352,33,9,44,0.75,0.857,0.303,1.2
1215,142.468,37,9,46,0.652,0.5,0.367,1.06
1216,106.369,34,13,57,0.825,0.889,0.277,1.62
1217,40.052,29,20,53,0.717,0.85,0.342,1.57
1218,107.967,33,12,48,0.646,0.7,0.29,1.21
1219,44.614,34,25,63,0.778,0.87,0.367,1.82
1220,93.629,41,23,66,0.773,0.895,0.314,2.05
1221,63.885,37,24,68,0.765,0.864,0.346,1.96
1222,152.329,40,11,53,0.736,1.0,0.256,1.43
1223,74.29,34,19,54,0.815,0.75,0.295,1.45
1224,131.575,37,11,51,0.686,0.625,0.314,1.65
1225,91.587,35,16,55,0.782,0.857,0.372,1.27
1226,19.838,34,28,75,0.693,0.885,0.25,1.55
1227,106.956,33,12,46,0.739,0.7,0.353,1.61
1228,136.261,32,6,38,0.789,0.0,0.367,0.93
1229,117.85,37,14,51,0.725,0.778,0.351,1.32
1230,-21.389,31,34,67,0.791,1.0,0.377,1.74
1231,157.651,44,13,57,0.825,0.882,0.277,1.32
1232,144.538,42,14,59,0.746,0.8,0.409,1.64
1233,133.368,40,13,54,0.593,0.688,0.312,1.36
1234,114.296,34,11,47,0.66,0.5,0.355,1.07
1235,57.902,33,21,59,0.847,0.944,0.3,1.65
1236,124.084,43,18,64,0.797,0.714,0.294,1.6
1237,99.633,31,11,46,0.826,1.0,0.289,1.14
1238,101.653,37,17,56,0.679,0.727,0.316,1.83
1239,-23.019,30,33,66,0.803,0.906,0.264,1.78
1240,94.337,38,19,63,0.794,0.9,0.32,1.82
1241,139.309,41,13,55,0.764,0.833,0.262,1.23
1242,46.649,35,25,62,0.806,1.0,0.42,1.69
1243,87.478,34,17,51,0.706,0.826,0.278,1.45
1244,83.44,29,13,46,0.761,0.875,0.286,1.36
1245,131.532,34,9,45,0.711,1.0,0.438,1.44
1246,25.465,35,29,67,0.746,0.84,0.34,1.76
1247,-22.384,28,32,60,0.817,0.857,0.245,1.9
1248,136.662,38,11,50,0.68,0.846,0.324,1.34
1249,126.916,39,14,56,0.732,0.875,0.293,1.56
1250,78.741,28,12,49,0.694,1.0,0.294,1.08
1251,82.597,40,23,69,0.681,0.789,0.319,1.91
1252,98.784,40,21,64,0.719,0.722,0.391,1.88
1253,96.558,33,14,47,0.702,0.867,0.303,1.45
1254,122.282,35,11,48,0.812,0.684,0.333,1.37
1255,94.683,32,13,47,0.83,0.818,0.333,1.46
1256,105.816,36,15,58,0.776,0.765,0.267,1.68
1257,65.376,36,23,61,0.885,0.864,0.389,1.7
1258,49.698,34,23,60,0.767,0.905,0.304,1.46
1259,105.854,38,16,57,0.702,0.778,0.275,1.69
1260,122.697,41,17,60,0.817,0.818,0.347,1.41
1261,82.174,37,21,60,0.817,1.0,0.286,1.81
1262,-9.227,31,32,64,0.812,0.913,0.308,1.53
1263,104.526,34,13,49,0.755,0.786,0.324,1.39
1264,8.468,35,32,67,0.791,0.778,0.34,1.98
1265,43.929,40,30,80,0.762,0.727,0.311,2.0
1266,89.21,31,14,46,0.87,1.0,0.35,0.94
1267,140.482,36,9,45,0.644,0.833,0.345,1.25
1268,23.815,30,25,57,0.877,0.857,0.38,1.58
1269,34.409,33,26,60,0.8,1.0,0.271,1.46
1270,66.434,34,21,57,0.842,0.857,0.312,1.46
1271,93.59,41,23,65,0.677,0.75,0.364,1.96
1272,110.788,35,13,50,0.78,1.0,0.436,1.57
1273,100.499,34,14,53,0.811,1.0,0.302,1.35
1274,-20.331,25,28,62,0.823,0.759,0.294,1.75
1275,61.908,34,21,59,0.78,0.65,0.37,1.99
1276,22.873,31,26,64,0.781,0.8,0.3,1.78
1277,97.464,30,11,42,0.69,0.833,0.276,1.28
1278,112.355,39,17,59,0.78,0.9,0.348,1.89
1279,26.104,34,28,65,0.785,0.944,0.294,1.77
1280,54.757,31,20,52,0.75,0.818,0.359,1.21
1281,87.711,30,12,47,0.915,1.0,0.302,1.11
1282,17.372,35,30,69,0.725,0.857,0.3,1.61
1283,121.213,35,11,46,0.761,1.0,0.343,1.09
1284,137.948,43,16,61,0.754,0.9,0.413,1.63
1285,48.608,31,21,53,0.811,1.0,0.419,1.39
1286,57.734,34,22,62,0.742,0.75,0.283,1.49
1287,135.944,35,9,44,0.659,0.6,0.31,1.1
1288,83.456,37,20,65,0.769,0.846,0.3,1.73
1289,38.527,30,22,56,0.696,0.792,0.308,1.64
1290,37.768,28,20,48,0.833,0.941,0.35,1.64
1291,196.518,42,4,47,0.702,0.667,0.364,1.25
1292,138.206,40,13,55,0.691,0.889,0.289,1.32
1293,105.374,36,15,52,0.673,0.8,0.4,1.66
1294,54.66,32,21,57,0.772,0.741,0.386,1.75
1295,100.401,33,13,47,0.66,0.6,0.355,1.32
1296,64.678,35,22,57,0.807,0.857,0.283,1.47
1297,138.229,35,8,46,0.717,0.75,0.273,1.33
1298,122.123,34,10,46,0.826,0.909,0.316,1.26
1299,75.72,32,17,52,0.865,0.857,0.444,1.57
1300,69.247,38,24,68,0.779,0.789,0.283,1.78
1301,101.694,34,14,50,0.76,0.737,0.368,1.34
1302,156.618,41,11,52,0.788,0.0,0.293,1.06
1303,169.436,40,7,47,0.681,0.778,0.219,1.03
1304,108.017,39,17,56,0.804,0.824,0.311,1.46
1305,94.696,33,14,50,0.78,0.818,0.385,1.41
1306,164.666,42,10,52,0.808,0.833,0.333,1.48
1307,-10.562,29,30,61,0.77,0.882,0.468,1.8
1308,124.147,36,11,53,0.755,1.0,0.35,1.41
1309,99.29,36,16,52,0.692,0.8,0.306,1.52
1310,97.721,36,16,56,0.893,0.769,0.34,1.58
1311,64.095,30,16,48,0.771,0.867,0.243,1.28
1312,18.377,28,24,54,0.759,1.0,0.268,1.6
1313,114.555,33,11,46,0.717,0.8,0.303,1.52
1314,65.913,34,21,56,0.714,0.923,0.275,1.29
1315,114.092,37,15,52,0.788,1.0,0.317,1.49
1316,114.423,39,16,64,0.734,0.909,0.34,1.59
1317,133.875,40,14,54,0.796,1.0,0.279,1.1
1318,83.959,38,21,61,0.75,0.909,0.267,1.99
1319,90.524,35,16,57,0.754,0.867,0.302,1.59
1320,44.805,32,22,60,0.75,1.0,0.333,1.46
1321,42.714,29,20,51,0.686,0.737,0.314,1.53
1322,101.745,35,15,57,0.789,0.833,0.378,1.56
1323,46.758,29,19,54,0.741,0.857,0.425,1.59
1324,92.298,36,17,60,0.717,0.571,0.302,1.48
1325,47.166,31,21,59,0.661,0.739,0.308,1.62
1326,99.156,37,17,55,0.745,0.895,0.317,1.32
1327,-29.166,28,33,63,0.73,0.72,0.239,1.6
1328,153.473,37,7,46,0.783,1.0,0.278,1.02
1329,39.347,35,26,66,0.864,0.897,0.333,1.6
1330,55.193,32,20,61,0.803,0.88,0.367,1.73
1331,31.252,34,27,67,0.776,0.84,0.327,1.6
1332,44.05,30,20,61,0.721,0.857,0.295,1.78
1333,152.927,35,5,41,0.707,1.0,0.483,1.22
1334,139.427,37,10,49,0.714,0.842,0.343,1.48
1335,154.383,38,7,49,0.918,1.0,0.289,1.18
1336,23.669,27,21,49,0.755,0.8,0.297,1.2
1337,100.071,32,12,47,0.809,1.0,0.316,1.2
1338,93.061,36,17,57,0.702,0.778,0.425,1.51
1339,122.89,37,13,51,0.784,1.0,0.4,1.33
1340,35.819,32,24,62,0.774,0.9,0.292,1.64
1341,16.912,27,23,53,0.868,1.0,0.326,1.75
1342,99.307,38,18,59,0.712,0.7,0.286,1.52
1343,-49.134,28,36,79,0.785,0.926,0.274,2.15
1344,97.019,35,16,54,0.667,0.667,0.333,1.43
1345,100.358,39,19,60,0.9,1.0,0.315,1.58
1346,124.979,34,10,45,0.622,0.0,0.321,1.3
1347,82.486,36,20,57,0.754,0.842,0.302,1.61
1348,119.403,43,19,67,0.836,0.0,0.321,1.5
1349,41.635,30,21,53,0.679,0.739,0.306,1.52
1350,93.364,34,15,51,0.824,0.857,0.262,1.18
1351,59.109,35,23,61,0.82,1.0,0.3,1.81
1352,101.892,35,15,50,0.76,1.0,0.263,1.37
1353,52.939,39,28,69,0.855,0.85,0.254,1.91
1354,127.902,40,15,58,0.759,0.864,0.364,1.39
1355,54.563,33,22,60,0.767,0.833,0.239,1.41
1356,132.801,37,11,50,0.82,0.857,0.561,1.54
1357,110.745,37,15,55,0.764,0.778,0.31,1.3
1358,60.603,29,17,52,0.808,1.0,0.286,1.4
1359,59.257,29,16,49,0.796,0.833,0.282,1.22
1360,117.186,36,13,53,0.83,1.0,0.455,1.4
1361,73.758,34,19,59,0.712,0.778,0.405,2.13
1362,115.155,35,12,49,0.857,1.0,0.286,1.42
1363,24.624,31,25,58,0.672,0.778,0.308,1.57
1364,103.026,36,15,53,0.792,0.857,0.357,1.59
1365,76.189,37,21,64,0.719,0.789,0.348,1.78
1366,93.349,34,15,49,0.755,0.786,0.297,1.47
1367,127.865,34,9,44,0.727,0.9,0.406,1.3
1368,87.81,38,20,59,0.763,0.917,0.311,1.18
1369,122.835,38,14,55,0.8,0.75,0.25,1.32
1370,91.507,36,18,57,0.702,0.917,0.3,1.62
1371,85.85,36,19,61,0.754,0.6,0.457,1.96
1372,110.865,38,15,60,0.9,1.0,0.315,1.5
1373,90.305,32,14,55,0.782,0.833,0.326,1.44
1374,32.125,30,23,60,0.783,0.846,0.319,2.08
1375,97.645,34,14,58,0.81,1.0,0.404,1.53
1376,94.02,31,12,47,0.787,0.875,0.297,1.36
1377,79.161,37,21,63,0.762,0.895,0.333,2.09
1378,22.466,32,27,62,0.79,0.862,0.306,2.0
1379,95.787,38,19,57,0.772,0.741,0.364,1.88
1380,186.521,45,9,58,0.741,0.867,0.326,1.8
1381,99.225,36,16,52,0.808,0.778,0.357,1.46
1382,77.915,32,16,49,0.653,0.571,0.375,1.18
1383,98.846,34,14,50,0.68,0.727,0.294,1.52
1384,107.353,32,11,47,0.766,0.667,0.333,1.5
1385,145.543,36,7,46,0.761,1.0,0.314,1.49
1386,88.848,35,17,59,0.746,0.818,0.341,1.48
1387,83.254,36,19,59,0.712,0.632,0.333,1.6
1388,141.587,36,8,46,0.783,0.9,0.278,1.39
1389,128.179,40,15,60,0.767,0.8,0.348,1.38
1390,142.773,38,10,49,0.776,1.0,0.368,1.34
1391,178.916,45,10,57,0.789,0.857,0.333,1.58
1392,92.196,33,15,53,0.811,1.0,0.372,1.46
1393,30.684,31,24,59,0.831,0.917,0.388,1.76
1394,119.036,31,8,40,0.75,1.0,0.267,1.16
1395,64.372,34,21,55,0.673,0.8,0.297,1.52
1396,-12.858,29,31,66,0.788,0.806,0.288,1.89
1397,118.476,35,12,49,0.837,1.0,0.317,1.31
1398,151.286,40,10,50,0.78,0.857,0.282,1.38
1399,28.344,29,23,58,0.845,0.889,0.347,1.61
1400,161.377,38,6,47,0.766,0.75,0.389,1.31
1401,127.113,41,16,59,0.712,0.647,0.333,1.52
1402,1.555,31,30,67,0.791,0.786,0.264,1.65
1403,82.407,38,21,66,0.788,0.958,0.25,1.31
1404,134.366,37,11,49,0.776,0.5,0.342,1.28
1405,74.979,36,21,59,0.763,0.889,0.289,1.56
1406,140.687,37,9,47,0.809,1.0,0.316,1.14
1407,83.893,36,19,58,0.741,0.75,0.256,1.61
1408,87.829,33,15,53,0.66,0.714,0.371,1.38
1409,135.58,43,16,61,0.836,0.824,0.255,1.62
1410,104.768,38,16,55,0.764,0.889,0.286,1.45
1411,113.753,38,15,59,0.729,0.75,0.395,1.58
1412,107.605,31,9,43,0.837,1.0,0.306,1.0
1413,152.693,41,11,55,0.636,0.8,0.314,1.16
1414,72.958,35,21,58,0.776,1.0,0.311,1.42
1415,129.259,33,7,46,0.804,0.875,0.351,1.25
1416,121.581,36,13,50,0.68,1.0,0.324,1.34
1417,90.111,34,15,52,0.769,0.857,0.325,1.38
1418,64.712,36,23,64,0.812,0.933,0.308,1.76
1419,120.188,34,11,47,0.681,0.75,0.312,1.11
1420,98.619,32,13,46,0.848,0.857,0.256,1.27
1421,111.389,37,15,52,0.769,0.889,0.375,1.22
1422,69.556,39,25,66,0.742,0.667,0.327,1.94
1423,58.534,32,20,53,0.755,0.762,0.275,1.56
1424,57.803,36,24,65,0.692,0.8,0.244,2.15
1425,24.98,35,29,70,0.657,0.714,0.326,2.04
1426,62.421,41,28,69,0.826,0.926,0.281,1.9
1427,83.982,36,19,58,0.793,0.917,0.283,1.76
1428,150.864,37,8,47,0.638,0.333,0.367,1.35
1429,0.539,31,30,67,0.806,0.9,0.315,1.78
1430,76.944,31,16,47,0.702,0.875,0.364,0.85
1431,129.828,40,14,55,0.655,0.833,0.306,1.53
1432,95.861,41,22,67,0.746,0.85,0.26,1.8
1433,31.749,33,26,63,0.73,0.824,0.348,1.53
1434,124.376,37,12,52,0.788,0.8,0.439,1.79
1435,149.116,32,3,39,0.769,0.571,0.433,1.21
1436,119.597,39,16,59,0.864,0.833,0.314,1.45
1437,102.668,37,16,56,0.786,0.824,0.295,1.72
1438,66.986,28,14,46,0.739,0.917,0.412,1.34
1439,116.218,36,13,54,0.685,0.733,0.378,1.42
1440,94.362,38,19,59,0.814,0.833,0.396,1.58
1441,118.512,41,17,58,0.793,0.857,0.348,1.65
1442,94.423,35,16,51,0.765,0.833,0.385,1.44
1443,88.306,36,18,55,0.764,0.917,0.452,1.95
1444,101.146,37,17,56,0.643,0.583,0.222,1.48
1445,64.342,34,21,58,0.724,0.733,0.333,1.61
1446,74.488,29,14,48,0.75,1.0,0.361,1.41
1447,111.659,35,13,51,0.804,1.0,0.341,1.28
1448,81.867,36,19,58,0.793,0.895,0.348,1.27
1449,92.15,34,15,54,0.778,1.0,0.286,1.63
1450,35.622,31,23,57,0.754,0.857,0.419,1.86
1451,172.338,39,6,47,0.787,1.0,0.405,1.13
1452,76.5,34,18,55,0.655,0.737,0.389,1.66
1453,103.59,34,14,51,0.765,1.0,0.282,1.19
1454,-54.71,31,40,73,0.781,0.795,0.281,2.07
1455,180.179,42,7,51,0.706,0.667,0.278,1.46
1456,113.196,37,15,53,0.642,0.7,0.324,1.76
1457,131.015,39,13,52,0.75,0.769,0.385,1.54
1458,141.546,38,10,51,0.745,0.8,0.237,1.26
1459,-8.8,29,30,62,0.823,0.9,0.333,1.78
1460,84.281,34,17,52,0.692,0.684,0.333,1.89
1461,45.823,35,25,62,0.79,1.0,0.306,1.34
1462,104.459,34,13,48,0.833,0.75,0.325,1.15
1463,45.358,31,21,55,0.818,0.714,0.289,1.25
1464,74.083,35,20,57,0.789,0.857,0.333,1.85
1465,30.917,31,24,56,0.786,0.938,0.386,1.44
1466,74.478,26,11,37,0.811,1.0,0.5,1.08
1467,103.644,46,25,71,0.831,0.871,0.254,1.9
1468,24.593,33,27,63,0.73,0.9,0.348,1.79
1469,105.427,36,14,55,0.709,0.6,0.308,1.4
1470,-66.858,27,39,75,0.8,0.848,0.25,2.0
1471,78.821,34,18,53,0.774,0.857,0.268,1.67
1472,95.004,35,16,55,0.745,0.727,0.293,1.33
1473,50.322,31,20,55,0.873,0.9,0.25,1.37
1474,93.418,41,22,64,0.812,1.0,0.308,1.59
1475,142.173,39,11,51,0.804,0.727,0.293,1.21
1476,155.692,41,10,55,0.673,1.0,0.486,1.53
1477,115.393,33,10,43,0.698,0.5,0.4,1.17
1478,125.879,38,13,51,0.725,0.8,0.324,1.3
1479,94.781,43,24,70,0.729,0.917,0.333,2.4
1480,144.972,45,16,64,0.719,0.889,0.304,1.85
1481,35.586,41,33,78,0.808,0.811,0.333,2.28
1482,78.905,40,24,70,0.743,0.789,0.308,2.38
1483,101.944,36,16,53,0.736,0.842,0.359,1.46
1484,103.182,39,18,63,0.714,0.769,0.378,1.52
1485,95.865,37,17,56,0.732,0.692,0.293,1.05
1486,41.354,34,25,66,0.758,0.773,0.38,1.84
1487,77.912,39,23,69,0.768,0.96,0.358,1.68
1488,123.553,40,15,60,0.667,0.786,0.35,1.79
1489,42.591,31,22,54,0.833,0.786,0.267,1.5
1490,101.233,33,13,53,0.774,1.0,0.317,1.51
1491,66.811,35,22,59,0.864,0.875,0.275,1.67
1492,14.771,33,29,63,0.794,0.867,0.32,1.92
1493,145.763,37,8,45,0.667,0.8,0.4,1.19
1494,21.095,29,25,56,0.75,0.778,0.262,1.29
1495,116.825,34,11,49,0.776,0.833,0.474,2.06
1496,-25.069,26,30,59,0.797,0.929,0.447,1.78
1497,120.887,37,13,59,0.712,0.733,0.381,1.71
1498,136.453,39,11,54,0.648,0.5,0.286,1.17
1499,118.63,39,15,58,0.707,0.765,0.293,1.5
1500,72.716,38,23,64,0.828,1.0,0.34,1.45
1501,97.141,35,16,55,0.727,0.833,0.375,1.48
1502,-1.74,30,29,62,0.823,1.0,0.373,1.48
1503,66.333,34,21,57,0.754,0.812,0.349,1.98
1504,9.724,27,24,51,0.706,0.821,0.361,1.62
1505,-35.584,35,41,80,0.812,0.794,0.292,2.17
1506,106.155,36,14,54,0.722,0.857,0.282,1.23
1507,102.32,39,18,58,0.724,1.0,0.333,1.35
1508,158.94,40,9,52,0.75,0.833,0.256,1.38
1509,174.026,39,5,51,0.647,0.833,0.394,1.32
1510,116.013,33,10,48,0.812,0.5,0.41,1.6
1511,151.996,44,14,61,0.77,0.867,0.298,1.48
1512,56.401,27,15,47,0.745,0.636,0.314,1.4
1513,198.452,46,7,55,0.782,0.8,0.256,1.83
1514,93.987,36,17,55,0.8,0.875,0.295,1.42
1515,76.295,37,21,64,0.797,0.826,0.275,1.71
1516,58.37,35,23,62,0.629,0.682,0.385,1.78
1517,120.485,37,13,50,0.68,0.833,0.382,1.39
1518,70.774,33,19,54,0.796,0.882,0.302,1.72
1519,48.34,33,23,58,0.707,0.762,0.293,1.43
1520,12.421,32,28,64,0.734,0.87,0.383,1.4
1521,54.6,32,20,58,0.741,0.737,0.326,1.47
1522,124.286,37,13,53,0.66,0.733,0.371,1.63
1523,135.132,37,9,51,0.725,0.818,0.324,1.14
1524,144.437,38,10,51,0.863,1.0,0.25,1.38
1525,15.183,31,27,61,0.721,0.842,0.295,1.44
1526,123.375,37,13,56,0.804,0.857,0.378,1.26
1527,107.308,31,10,43,0.674,1.0,0.448,1.1
1528,105.443,41,20,66,0.758,0.824,0.3,1.7
1529,102.034,40,20,65,0.738,0.909,0.333,1.86
1530,120.596,35,11,53,0.868,1.0,0.37,1.45
1531,92.511,35,16,56,0.75,0.8,0.286,1.52
1532,19.684,35,30,71,0.732,0.8,0.346,1.81
1533,161.094,38,7,51,0.725,1.0,0.27,1.18
1534,27.584,26,19,49,0.755,0.818,0.27,1.33
1535,116.34,32,9,41,0.683,0.75,0.286,1.43
1536,56.963,31,19,55,0.727,0.833,0.425,1.78
1537,195.954,44,5,50,0.7,1.0,0.343,1.29
1538,75.345,34,19,53,0.698,0.824,0.324,1.43
1539,174.414,37,3,40,0.65,1.0,0.423,1.24
1540,1.784,25,24,53,0.83,0.933,0.318,1.8
1541,-48.608,23,31,57,0.772,0.783,0.295,1.5
1542,42.237,33,24,57,0.772,0.889,0.295,1.43
1543,-9.326,33,34,70,0.786,0.889,0.291,1.56
1544,136.49,40,13,58,0.672,0.923,0.513,1.64
1545,81.924,33,17,52,0.769,1.0,0.35,1.29
1546,101.946,35,15,50,0.82,1.0,0.415,1.49
1547,131.053,36,10,46,0.761,0.824,0.286,1.26
1548,81.172,34,18,54,0.759,0.857,0.366,1.68
1549,111.308,29,7,40,0.8,1.0,0.281,0.96
1550,-17.012,30,32,67,0.731,0.778,0.388,2.02
1551,143.397,38,10,49,0.714,1.0,0.286,1.1
1552,105.815,36,14,54,0.722,0.667,0.333,1.11
1553,-4.347,24,24,58,0.741,0.821,0.349,1.73
1554,68.354,37,23,60,0.783,1.0,0.383,1.53
1555,148.643,38,9,48,0.688,0.857,0.333,1.26
1556,117.45,33,10,45,0.733,0.889,0.333,1.27
1557,83.413,34,17,52,0.75,0.889,0.333,1.8
1558,19.57,27,22,56,0.768,0.867,0.302,1.54
1559,143.697,33,5,38,0.684,1.0,0.423,1.21
1560,96.946,33,14,47,0.702,0.7,0.333,1.6
1561,97.256,36,16,53,0.698,0.929,0.297,1.26
1562,117.836,29,6,41,0.805,0.667,0.273,1.34
1563,158.422,36,5,49,0.714,1.0,0.314,1.36
1564,95.757,43,24,70,0.757,0.8,0.321,1.93
1565,90.198,38,20,61,0.77,0.846,0.298,1.8
1566,133.035,42,16,59,0.746,1.0,0.386,1.46
1567,164.521,39,7,47,0.809,1.0,0.289,1.12
1568,109.151,34,12,46,0.696,0.714,0.375,1.18
1569,107.431,37,16,55,0.709,0.9,0.462,1.83
1570,59.579,35,22,59,0.712,0.778,0.31,1.59
1571,104.695,33,12,51,0.784,1.0,0.275,1.15
1572,8.036,34,31,65,0.815,0.917,0.321,1.89
1573,91.593,38,19,58,0.69,0.556,0.25,1.48
1574,68.251,35,21,59,0.712,0.692,0.286,1.57
1575,163.98,42,10,52,0.673,1.0,0.286,1.25
1576,114.965,40,16,65,0.785,1.0,0.314,1.4
1577,117.989,35,12,48,0.75,1.0,0.306,1.05
1578,68.399,36,22,61,0.689,0.735,0.238,1.82
1579,121.369,35,11,49,0.776,1.0,0.316,1.4
1580,115.993,40,17,58,0.707,0.882,0.341,1.47
1581,143.814,37,9,48,0.729,1.0,0.257,1.38
1582,83.676,40,23,66,0.803,0.75,0.283,1.93
1583,118.107,43,18,66,0.803,1.0,0.264,1.36
1584,123.0,43,19,64,0.672,0.727,0.419,1.71
1585,135.787,41,14,55,0.782,0.833,0.395,1.46
1586,81.902,35,19,56,0.696,0.571,0.256,1.29
1587,79.187,36,19,58,0.603,0.867,0.286,1.3
1588,103.375,33,13,52,0.731,1.0,0.316,1.31
1589,51.488,39,28,68,0.765,0.8,0.288,2.12
1590,115.704,28,6,35,0.8,1.0,0.357,1.07
1591,81.981,34,17,51,0.686,0.889,0.286,1.43
1592,138.637,39,12,55,0.691,0.875,0.368,1.5
1593,201.874,49,10,60,0.7,0.7,0.286,1.77
1594,88.496,31,14,47,0.745,0.846,0.286,1.36
1595,136.295,43,16,63,0.746,0.769,0.298,1.72
1596,92.629,36,17,55,0.818,0.727,0.378,1.63
1597,84.425,34,16,52,0.692,0.75,0.306,1.29
1598,69.087,32,18,52,0.75,0.846,0.308,1.34
1599,97.717,37,17,62,0.645,0.769,0.325,1.55
1600,132.899,34,8,42,0.738,1.0,0.29,1.11
1601,107.362,34,12,49,0.653,0.917,0.375,1.31
1602,158.179,38,7,46,0.783,0.0,0.306,1.26
1603,88.69,34,16,53,0.736,0.667,0.282,1.67
1604,145.416,38,10,49,0.633,0.6,0.323,1.46
1605,46.721,31,21,55,0.745,0.778,0.293,1.48
1606,128.405,37,11,49,0.612,1.0,0.333,1.27
1607,139.244,37,9,53,0.755,0.75,0.35,1.36
1608,88.828,33,15,49,0.714,0.857,0.371,1.39
1609,40.213,39,30,71,0.845,0.938,0.283,1.87
1610,165.959,38,6,44,0.773,0.857,0.353,1.25
1611,113.191,26,4,32,0.531,0.0,0.471,0.82
1612,82.26,36,20,59,0.695,0.714,0.415,1.83
1613,122.476,45,20,66,0.742,0.862,0.265,1.54
1614,67.065,38,24,65,0.662,0.615,0.302,1.54
1615,93.653,36,17,60,0.717,0.429,0.326,1.52
1616,147.426,38,8,48,0.688,0.636,0.273,1.25
1617,136.078,41,14,58,0.793,1.0,0.457,1.55
1618,77.278,40,24,67,0.776,0.857,0.25,1.79
1619,57.793,32,19,51,0.745,0.846,0.289,1.14
1620,53.915,35,24,62,0.806,0.96,0.36,1.93
1621,74.158,40,25,71,0.761,0.848,0.37,2.08
1622,123.319,40,15,58,0.638,0.833,0.324,1.38
1623,114.93,42,18,61,0.754,0.7,0.304,1.51
1624,103.834,36,15,54,0.741,0.944,0.35,1.45
1625,26.505,34,28,62,0.871,0.885,0.278,1.76
1626,63.479,36,24,60,0.65,0.667,0.282,1.78
1627,112.42,38,15,60,0.8,0.778,0.271,1.4
1628,33.32,35,27,62,0.71,0.75,0.318,1.49
1629,83.261,38,22,62,0.726,0.833,0.4,1.88
1630,133.187,35,9,46,0.652,0.6,0.367,1.34
1631,43.101,37,27,66,0.788,0.844,0.365,1.74
1632,66.134,34,21,56,0.661,0.571,0.351,1.3
1633,74.31,37,22,67,0.761,0.85,0.353,1.81
1634,79.427,29,13,46,0.652,0.667,0.367,1.24
1635,-32.16,37,42,82,0.805,0.872,0.303,2.09
1636,96.542,39,19,60,0.75,0.9,0.311,1.34
1637,104.544,34,13,57,0.684,0.704,0.308,2.04
1638,115.564,38,15,55,0.782,1.0,0.302,1.66
1639,122.423,37,13,51,0.784,0.769,0.275,1.32
1640,73.608,36,21,62,0.758,1.0,0.319,1.29
1641,155.168,39,9,48,0.771,1.0,0.27,1.2
1642,62.764,35,22,61,0.672,0.889,0.39,1.33
1643,132.727,33,7,40,0.75,0.75,0.3,1.12
1644,73.747,39,25,65,0.785,0.833,0.353,1.71
1645,77.817,39,23,68,0.75,0.864,0.235,1.51
1646,87.59,39,21,64,0.734,0.833,0.298,1.64
1647,58.461,33,21,60,0.783,0.87,0.319,1.49
1648,150.523,34,5,39,0.667,0.667,0.346,1.03
1649,153.204,38,8,47,0.809,0.0,0.289,1.21
1650,122.84,45,21,66,0.727,0.643,0.333,1.57
1651,94.615,29,10,40,0.725,0.875,0.379,1.13
1652,129.339,37,11,50,0.8,1.0,0.275,1.14
1653,92.83,39,20,63,0.73,0.75,0.283,1.26
1654,128.388,34,9,46,0.674,0.0,0.387,1.02
1655,86.057,35,18,53,0.66,0.571,0.257,1.36
1656,104.408,30,10,40,0.7,0.714,0.286,1.2
1657,134.397,41,14,61,0.77,0.882,0.255,1.64
1658,63.44,33,20,59,0.864,1.0,0.294,1.57
1659,100.698,36,16,54,0.815,0.889,0.432,1.61
1660,71.194,38,24,63,0.714,0.727,0.489,2.25
1661,-45.065,25,32,68,0.794,0.759,0.333,1.75
1662,-12.158,32,33,65,0.708,0.92,0.348,1.63
1663,29.667,25,19,47,0.681,0.875,0.344,1.1
1664,129.086,38,13,51,0.706,0.85,0.361,1.65
1665,120.185,34,10,48,0.771,1.0,0.27,1.21
1666,159.024,42,11,53,0.736,0.0,0.308,1.19
1667,49.057,35,25,60,0.767,0.895,0.326,1.4
1668,68.044,34,21,57,0.772,0.824,0.227,1.54
1669,139.459,38,11,50,0.72,0.909,0.361,1.85
1670,57.884,30,18,49,0.776,1.0,0.526,1.32
1671,71.122,34,19,53,0.792,0.833,0.333,1.43
1672,148.827,37,8,46,0.717,0.833,0.424,1.23
1673,104.445,36,15,53,0.774,0.778,0.244,1.5
1674,124.493,42,17,62,0.742,0.75,0.304,1.55
1675,61.212,31,19,54,0.741,0.833,0.3,1.52
1676,108.546,40,18,61,0.738,0.778,0.289,1.31
1677,-4.912,36,36,74,0.77,0.583,0.368,2.05
1678,119.688,37,14,51,0.745,0.833,0.342,1.38
1679,89.69,33,15,54,0.796,0.909,0.326,1.36
1680,144.758,41,13,56,0.714,0.792,0.325,1.75
1681,26.564,32,26,59,0.678,0.85,0.325,1.68
1682,-1.483,36,35,75,0.747,0.781,0.321,2.0
1683,66.645,31,17,51,0.804,0.933,0.39,1.64
1684,76.094,33,18,54,0.759,1.0,0.268,1.42
1685,123.865,36,12,52,0.692,0.818,0.25,1.28
1686,175.591,40,5,47,0.766,1.0,0.333,1.3
1687,87.413,39,21,61,0.738,0.826,0.311,1.91
1688,101.869,35,15,58,0.776,0.867,0.267,1.54
1689,61.24,33,20,53,0.83,0.846,0.341,1.57
1690,141.814,43,15,59,0.695,0.882,0.293,1.29
1691,-38.26,29,35,68,0.779,0.815,0.34,1.92
1692,31.037,35,28,65,0.692,0.692,0.311,1.72
1693,17.746,31,26,60,0.717,0.706,0.279,1.37
1694,118.952,37,13,52,0.673,0.917,0.286,1.43
1695,143.752,39,11,52,0.712,1.0,0.27,1.4
1696,98.926,35,16,51,0.706,0.905,0.306,1.42
1697,-3.25,34,34,70,0.7,0.8,0.265,2.01
1698,127.878,36,11,48,0.688,0.667,0.424,1.4
1699,106.91,34,13,49,0.673,1.0,0.242,1.13
1700,49.481,38,28,67,0.761,0.818,0.373,1.87
1701,165.58,36,4,43,0.767,1.0,0.333,1.29
1702,95.921,35,16,59,0.695,0.643,0.293,1.78
1703,105.478,35,14,49,0.673,0.722,0.394,1.66
1704,174.032,39,5,46,0.783,1.0,0.417,1.39
1705,121.368,42,18,62,0.79,0.875,0.347,1.62
1706,24.958,26,20,53,0.83,0.667,0.273,1.52
1707,149.161,43,13,63,0.778,0.792,0.347,1.66
1708,67.818,35,21,60,0.717,0.75,0.279,1.86
1709,183.78,40,4,46,0.761,0.0,0.257,1.07
1710,119.144,36,13,52,0.769,1.0,0.45,1.31
1711,111.292,36,14,50,0.76,1.0,0.237,1.14
1712,64.758,30,17,58,0.741,0.81,0.279,1.85
1713,32.95,28,21,51,0.725,0.875,0.297,1.26
1714,137.332,39,12,55,0.782,0.833,0.395,1.49
1715,44.096,31,21,59,0.814,0.8,0.292,1.45
1716,107.276,35,13,55,0.727,0.75,0.325,1.43
1717,166.439,35,3,39,0.769,0.0,0.5,1.03
1718,81.441,37,20,58,0.845,0.8,0.306,1.6
1719,93.575,35,16,54,0.759,0.778,0.244,1.13
1720,109.215,37,15,54,0.759,0.812,0.317,1.48
1721,95.943,37,18,59,0.729,0.778,0.279,1.61
1722,139.478,37,9,48,0.667,0.778,0.312,1.59
1723,65.442,29,16,47,0.745,0.75,0.429,1.25
1724,3.91,33,31,66,0.758,0.842,0.4,1.9
1725,113.194,33,11,47,0.723,0.75,0.235,1.24
1726,102.331,39,19,63,0.73,1.0,0.283,1.44
1727,31.007,30,23,56,0.732,1.0,0.341,1.58
1728,129.522,42,16,58,0.655,0.706,0.289,1.67
1729,121.199,35,11,50,0.72,1.0,0.361,1.22
1730,51.42,32,21,54,0.796,0.818,0.349,1.53
1731,109.303,36,15,52,0.769,0.706,0.3,1.66
1732,129.636,40,14,62,0.694,0.818,0.302,1.45
1733,141.529,37,9,46,0.674,1.0,0.29,1.05
1734,52.836,37,26,65,0.8,0.85,0.231,1.67
1735,34.205,30,22,55,0.655,0.917,0.306,1.48
1736,30.36,33,26,61,0.787,0.714,0.354,1.87
1737,94.339,41,22,68,0.809,0.917,0.327,1.8
1738,102.357,33,12,49,0.796,0.75,0.308,1.25
1739,75.345,36,21,62,0.79,0.857,0.327,1.64
1740,110.143,34,12,54,0.852,1.0,0.348,1.43
1741,47.975,34,23,59,0.746,0.812,0.341,1.74
1742,160.003,35,4,43,0.721,1.0,0.323,1.32
1743,137.129,41,13,58,0.707,1.0,0.341,1.24
1744,85.259,33,16,50,0.78,1.0,0.333,1.5
1745,67.939,38,24,63,0.746,0.929,0.298,1.41
1746,102.952,39,18,57,0.684,0.75,0.333,1.58
1747,179.687,40,6,46,0.63,0.833,0.276,1.05
1748,63.299,34,21,59,0.797,0.829,0.277,1.73
1749,89.564,39,21,62,0.71,0.727,0.364,1.64
1750,138.655,36,9,47,0.809,1.0,0.316,1.48
1751,136.329,33,6,39,0.769,1.0,0.3,1.09
1752,5.502,33,31,74,0.703,0.955,0.404,2.24
1753,117.282,29,7,36,0.694,0.0,0.36,1.05
1754,157.082,37,6,47,0.723,0.9,0.412,1.52
1755,77.636,36,20,59,0.712,0.769,0.286,1.42
1756,147.68,39,10,53,0.774,0.833,0.341,1.36
1757,88.945,38,19,63,0.714,0.765,0.311,1.59
1758,104.011,36,15,55,0.745,1.0,0.293,1.39
1759,81.574,29,13,43,0.698,0.529,0.367,1.21
1760,109.686,36,15,54,0.667,0.706,0.361,1.62
1761,80.238,41,24,68,0.765,0.818,0.269,1.78
1762,205.522,41,1,43,0.744,1.0,0.406,1.15
1763,156.633,42,12,56,0.75,0.706,0.286,1.52
1764,62.199,37,24,67,0.821,0.769,0.255,1.55
1765,103.054,34,14,52,0.788,0.667,0.293,1.72
1766,110.708,33,11,48,0.688,0.765,0.394,1.63
1767,107.871,37,15,56,0.768,0.765,0.279,1.78
1768,70.531,36,22,60,0.733,0.722,0.295,1.82
1769,133.184,44,18,63,0.746,0.938,0.298,1.84
1770,128.657,36,11,49,0.653,0.889,0.281,1.12
1771,41.472,38,29,70,0.814,0.875,0.281,1.75
1772,43.258,39,30,74,0.838,1.0,0.355,2.29
1773,104.999,36,15,56,0.804,0.867,0.311,1.59
1774,154.415,44,13,58,0.638,0.75,0.351,1.47
1775,89.426,35,17,55,0.691,0.714,0.289,1.61
1776,95.264,38,19,59,0.797,1.0,0.255,1.48
1777,85.259,35,18,54,0.722,0.75,0.333,1.2
1778,129.794,33,7,40,0.8,1.0,0.375,1.07
1779,144.03,34,6,40,0.75,1.0,0.3,0.88
1780,37.217,28,20,50,0.76,0.8,0.316,1.25
1781,91.386,34,16,55,0.745,0.833,0.293,1.59
1782,116.503,37,14,55,0.655,0.929,0.417,1.43
1783,164.712,40,8,49,0.571,0.692,0.393,1.52
1784,100.564,32,11,43,0.581,0.778,0.36,0.96
1785,131.491,36,10,49,0.755,1.0,0.324,1.43
1786,134.378,41,14,57,0.702,0.818,0.325,1.24
1787,-4.595,35,35,73,0.74,0.811,0.296,1.83
1788,190.143,43,5,51,0.686,0.818,0.286,1.56
1789,33.335,37,30,75,0.76,0.839,0.316,2.06
1790,2.076,32,30,65,0.8,0.912,0.327,1.7
1791,47.892,28,18,50,0.8,0.692,0.35,1.33
1792,65.794,40,26,70,0.8,1.0,0.304,1.67
1793,176.852,43,8,54,0.667,0.857,0.417,1.03
1794,48.862,35,25,61,0.607,0.9,0.514,1.39
1795,154.639,37,7,47,0.617,0.0,0.345,1.17
1796,132.304,34,8,50,0.58,0.583,0.414,1.51
1797,146.145,38,9,50,0.68,0.714,0.471,1.4
1798,70.054,38,23,66,0.712,0.913,0.319,1.49
1799,7.823,34,32,68,0.794,0.708,0.296,2.03
1800,164.52,39,7,48,0.688,0.778,0.303,1.22
1801,96.381,35,16,53,0.642,0.75,0.324,1.5
1802,117.149,39,16,56,0.75,0.8,0.357,1.51
1803,36.61,32,24,59,0.814,0.917,0.396,1.66
1804,137.949,39,12,55,0.8,1.0,0.25,1.48
1805,127.321,36,11,50,0.66,0.7,0.273,1.45
1806,56.985,31,19,51,0.725,1.0,0.351,1.48
1807,69.627,30,16,47,0.766,0.929,0.333,1.18
1808,100.432,38,18,58,0.724,0.905,0.262,1.42
1809,146.356,46,17,67,0.731,0.808,0.367,2.14
1810,115.88,38,15,62,0.71,0.808,0.341,2.07
1811,129.544,36,10,50,0.64,0.667,0.312,1.35
1812,75.491,31,16,51,0.667,0.778,0.412,1.53
1813,107.326,35,13,52,0.692,0.588,0.278,1.38
1814,55.906,37,25,63,0.794,0.867,0.32,1.7
1815,61.77,37,24,61,0.689,0.812,0.452,1.87
1816,100.097,38,18,61,0.754,0.75,0.37,1.76
1817,153.742,41,11,53,0.604,0.6,0.406,1.34
1818,84.432,34,17,61,0.721,0.909,0.25,1.42
1819,167.77,39,6,47,0.638,0.833,0.467,1.48
1820,88.101,33,15,49,0.755,0.636,0.351,1.34
1821,106.544,39,18,61,0.77,0.8,0.34,1.94
1822,53.711,32,21,53,0.679,0.684,0.389,1.63
1823,70.022,33,19,53,0.717,0.556,0.421,1.55
1824,41.923,35,26,63,0.635,0.652,0.35,1.94
1825,148.565,35,6,41,0.585,0.0,0.333,0.94
1826,158.327,39,8,53,0.679,1.0,0.389,1.45
1827,76.967,31,15,56,0.732,0.857,0.39,1.55
1828,-79.401,29,43,78,0.756,0.8,0.254,2.15
1829,167.085,45,12,59,0.712,0.8,0.262,1.3
1830,14.671,30,26,59,0.678,0.75,0.375,1.61
1831,65.964,38,25,66,0.815,0.944,0.302,2.18
1832,134.267,42,15,59,0.763,1.0,0.4,1.51
1833,66.045,31,18,58,0.724,0.842,0.357,2.06
1834,99.502,36,17,57,0.772,0.857,0.341,1.69
1835,35.907,34,27,62,0.758,0.818,0.383,1.69
1836,179.746,42,7,56,0.643,0.769,0.333,1.59
1837,-2.984,32,31,69,0.739,0.688,0.412,2.42
1838,125.103,37,12,57,0.702,0.818,0.35,1.45
1839,-9.786,32,32,68,0.75,0.944,0.412,1.73
1840,-65.116,25,36,65,0.754,0.879,0.327,1.8
1841,80.729,33,16,55,0.855,1.0,0.255,1.47
1842,118.351,36,13,50,0.7,1.0,0.314,1.26
1843,62.537,36,23,63,0.73,0.867,0.261,1.7
1844,50.775,30,20,51,0.725,0.667,0.432,1.71
1845,127.553,38,13,55,0.691,0.857,0.342,1.29
1846,75.524,37,22,63,0.73,0.941,0.239,1.7
1847,91.546,36,17,55,0.8,0.895,0.273,1.49
1848,84.55,36,19,55,0.764,0.812,0.262,1.45
1849,128.714,48,23,72,0.792,1.0,0.439,2.53
1850,145.156,36,8,46,0.761,0.778,0.4,1.28
1851,112.273,43,21,64,0.703,1.0,0.467,1.64
1852,163.001,39,7,51,0.784,0.846,0.25,1.51
1853,160.399,42,10,52,0.731,1.0,0.368,1.22
1854,62.267,33,20,59,0.661,0.75,0.385,1.76
1855,119.677,35,12,48,0.75,1.0,0.306,1.4
1856,115.73,37,14,55,0.709,0.706,0.256,1.51
1857,125.698,38,13,53,0.679,0.8,0.361,1.44
1858,149.034,38,10,50,0.72,1.0,0.389,1.31
1859,88.625,37,20,57,0.789,1.0,0.333,1.9
1860,104.386,37,16,56,0.75,0.8,0.333,1.2
1861,144.36,35,7,46,0.652,0.625,0.4,1.43
1862,137.118,39,12,56,0.786,1.0,0.364,1.21
1863,147.46,41,12,57,0.702,1.0,0.575,1.69
1864,131.982,43,17,63,0.651,0.833,0.341,1.41
1865,150.523,39,9,48,0.792,0.6,0.289,1.29
1866,122.391,35,11,51,0.804,0.706,0.268,1.84
1867,116.307,39,16,59,0.678,0.636,0.35,1.42
1868,67.85,29,15,47,0.809,1.0,0.316,1.29
1869,4.296,30,28,58,0.741,0.75,0.349,1.64
1870,138.816,34,7,41,0.61,0.667,0.56,1.29
1871,89.127,36,17,53,0.642,0.929,0.353,1.25
1872,48.203,36,25,61,0.705,0.929,0.349,1.23
1873,75.959,38,22,67,0.776,0.818,0.385,1.94
1874,25.898,30,24,63,0.73,0.769,0.413,1.38
1875,38.98,34,26,64,0.828,0.833,0.377,2.33
1876,149.474,41,12,56,0.732,0.778,0.293,1.48
1877,126.208,35,10,49,0.735,0.667,0.361,1.46
1878,134.408,42,15,58,0.81,1.0,0.277,1.38
1879,96.438,36,17,56,0.732,0.706,0.317,1.55
1880,111.374,39,17,62,0.742,0.867,0.348,2.33
1881,125.552,36,11,52,0.731,0.727,0.263,1.52
1882,-7.633,31,31,62,0.694,0.556,0.279,1.57
1883,89.266,31,13,49,0.714,1.0,0.343,1.52
1884,83.674,37,20,57,0.719,0.692,0.293,1.54
1885,159.019,41,10,53,0.755,0.75,0.325,1.35
1886,55.327,35,24,60,0.8,0.833,0.312,1.69
1887,90.073,33,15,50,0.74,0.65,0.324,1.73
1888,131.239,42,16,61,0.754,0.826,0.304,1.86
1889,137.339,36,9,45,0.689,0.857,0.355,1.14
1890,38.537,36,27,64,0.766,0.917,0.286,1.73
1891,30.166,31,24,64,0.688,0.708,0.273,1.86
1892,150.634,36,7,47,0.681,0.846,0.312,1.3
1893,15.591,31,27,64,0.75,0.931,0.292,1.73
1894,-16.864,32,34,73,0.781,0.886,0.263,1.74
1895,136.95,40,14,59,0.661,0.333,0.333,1.43
1896,47.891,36,26,63,0.698,0.842,0.364,1.86
1897,145.733,40,12,52,0.692,0.857,0.333,1.56
1898,80.194,33,16,49,0.796,0.923,0.282,1.07
1899,123.52,34,9,44,0.659,0.833,0.345,1.28
1900,138.079,39,12,52,0.635,0.846,0.333,1.64
1901,152.266,36,6,43,0.674,0.5,0.345,1.03
1902,146.121,41,12,54,0.722,0.8,0.436,1.7
1903,91.851,32,14,51,0.725,0.815,0.27,1.67
1904,67.902,32,18,55,0.709,0.643,0.308,1.46
1905,159.413,44,13,62,0.71,0.857,0.523,1.77
1906,95.951,36,16,54,0.722,1.0,0.385,1.01
1907,85.42,31,14,48,0.729,0.8,0.314,1.28
1908,66.134,34,20,58,0.741,0.833,0.279,1.8
1909,16.096,34,30,66,0.788,0.778,0.269,1.79
1910,49.941,31,21,52,0.731,0.786,0.421,1.72
1911,139.011,40,13,56,0.696,0.636,0.256,1.5
1912,65.659,30,17,52,0.654,0.667,0.324,1.64
1913,36.029,29,21,50,0.8,0.815,0.275,1.38
1914,117.697,32,9,42,0.762,0.75,0.25,1.35
1915,95.193,36,17,58,0.586,0.6,0.353,1.99
1916,101.391,38,17,59,0.763,0.833,0.311,1.45
1917,156.739,35,5,42,0.619,1.0,0.346,1.25
1918,105.237,34,13,48,0.833,1.0,0.325,1.48
1919,63.887,34,20,61,0.705,0.938,0.279,1.36
1920,84.456,42,25,71,0.704,0.778,0.26,1.81
1921,31.678,30,23,53,0.66,0.556,0.343,1.4
1922,0.067,29,28,69,0.638,0.667,0.341,1.88
1923,35.48,29,21,54,0.722,0.895,0.282,1.47
1924,116.553,29,6,36,0.694,0.75,0.52,1.13
1925,59.579,34,22,56,0.786,0.833,0.364,1.8
1926,166.266,45,12,59,0.712,0.667,0.429,1.37
1927,98.955,37,17,62,0.758,0.737,0.298,1.64
1928,111.392,37,15,54,0.741,0.824,0.3,1.7
1929,113.546,36,13,53,0.717,0.818,0.316,1.43
1930,173.434,48,14,68,0.765,0.818,0.231,2.11
1931,113.787,36,14,54,0.648,0.857,0.371,1.58
1932,80.745,34,17,56,0.714,0.842,0.375,1.63
1933,172.233,36,3,40,0.625,0.667,0.44,1.37
1934,132.213,33,8,42,0.738,0.0,0.516,1.19
1935,103.683,36,16,54,0.667,0.833,0.306,1.55
1936,135.0,37,10,47,0.766,1.0,0.278,1.19
1937,59.688,35,23,59,0.763,0.818,0.356,1.41
1938,126.694,44,18,63,0.698,1.0,0.409,1.66
1939,68.869,35,20,61,0.705,1.0,0.465,1.52
1940,179.902,45,10,55,0.691,0.889,0.474,1.46
1941,143.392,41,13,54,0.741,0.833,0.325,1.49
1942,129.385,41,15,57,0.702,0.727,0.35,1.19
1943,129.127,40,14,58,0.741,1.0,0.256,1.47
1944,97.291,34,15,50,0.66,0.875,0.303,1.27
1945,57.644,33,21,58,0.707,0.733,0.317,1.9
1946,105.925,40,18,63,0.746,0.889,0.298,1.53
1947,57.717,29,17,53,0.811,1.0,0.326,1.32
1948,66.798,39,26,65,0.8,0.889,0.308,1.81
1949,101.53,36,16,57,0.702,1.0,0.25,1.69
1950,-16.7,28,30,58,0.672,0.75,0.359,1.39
1951,131.611,35,9,47,0.745,0.5,0.314,1.13
1952,143.645,35,7,44,0.75,1.0,0.394,1.18
1953,107.68,35,14,52,0.75,1.0,0.333,1.61
1954,43.303,34,25,67,0.776,0.8,0.288,2.19
1955,53.212,32,22,57,0.789,0.895,0.378,1.67
1956,75.736,40,24,71,0.746,0.941,0.321,1.64
1957,160.64,36,5,45,0.711,0.833,0.406,1.56
1958,76.224,35,20,55,0.782,0.867,0.465,1.8
1959,166.349,36,4,40,0.725,0.667,0.31,1.07
1960,186.973,41,4,48,0.646,1.0,0.323,1.42
1961,141.367,41,13,57,0.772,0.824,0.273,1.27
1962,26.767,31,25,58,0.707,0.812,0.366,1.58
1963,94.734,30,11,46,0.674,0.5,0.323,1.26
1964,124.206,37,12,51,0.706,0.0,0.389,1.35
1965,65.963,31,17,56,0.75,0.8,0.357,1.53
1966,94.493,38,18,57,0.807,1.0,0.37,1.41
1967,57.409,30,19,50,0.88,0.75,0.295,1.6
1968,102.301,33,12,49,0.816,0.846,0.325,1.2
1969,57.827,34,22,58,0.69,0.762,0.375,1.56
1970,28.988,36,29,74,0.77,0.931,0.333,1.96
1971,128.286,36,10,46,0.739,0.0,0.353,1.04
1972,51.532,36,25,66,0.697,0.85,0.326,1.4
1973,80.991,38,21,63,0.698,0.792,0.386,2.19
1974,105.519,35,14,53,0.755,0.875,0.375,1.66
1975,135.933,45,18,69,0.739,0.818,0.275,1.53
1976,54.015,32,21,57,0.702,0.864,0.325,1.67
1977,124.738,46,21,68,0.75,0.9,0.353,2.04
1978,-8.059,33,34,70,0.7,0.808,0.49,2.47
1979,96.199,37,18,55,0.8,1.0,0.318,1.48
1980,9.827,38,35,76,0.829,0.938,0.317,1.66
1981,36.787,35,27,70,0.814,0.955,0.333,2.17
1982,138.343,34,7,44,0.682,1.0,0.3,1.24
1983,76.257,35,20,55,0.727,0.857,0.3,1.52
1984,23.701,28,23,52,0.712,0.812,0.351,1.39
1985,107.098,34,13,47,0.638,0.667,0.4,1.34
1986,82.779,38,21,60,0.7,0.789,0.381,1.74
1987,66.332,30,16,51,0.784,0.833,0.325,1.22
1988,24.697,37,31,72,0.708,0.812,0.294,2.06
1989,117.274,44,21,69,0.681,0.741,0.298,1.94
1990,-43.95,31,38,75,0.84,0.962,0.317,2.44
1991,52.884,32,21,54,0.778,0.833,0.262,1.81
1992,51.531,32,21,53,0.792,1.0,0.381,1.6
1993,168.287,41,8,51,0.706,0.75,0.389,1.36
1994,-24.795,29,32,62,0.742,1.0,0.326,1.35
1995,111.581,38,15,61,0.689,0.8,0.31,1.41
1996,107.503,33,12,48,0.708,0.75,0.382,1.39
1997,111.517,38,16,57,0.737,0.706,0.262,1.79
1998,-9.369,33,34,70,0.829,0.875,0.31,2.23
1999,91.256,36,18,55,0.691,0.778,0.263,1.71
2000,47.054,29,19,50,0.82,1.0,0.366,1.37
2001,129.02,33,8,41,0.634,1.0,0.385,0.89
2002,91.36,27,9,41,0.659,0.875,0.407,1.19
2003,113.347,38,15,53,0.679,0.769,0.361,1.5
2004,101.534,34,14,49,0.776,0.857,0.395,1.27
2005,63.034,32,19,54,0.667,0.818,0.25,1.42
2006,84.747,37,20,60,0.683,0.8,0.366,1.85
2007,81.568,33,16,51,0.765,1.0,0.359,1.53
2008,118.024,35,12,50,0.64,0.909,0.375,1.56
2009,105.493,38,18,60,0.627,0.833,0.324,1.8
2010,93.962,35,16,52,0.635,0.909,0.364,1.26
2011,43.82,34,25,60,0.717,0.857,0.349,1.58
2012,7.761,36,34,77,0.701,0.895,0.296,1.91
2013,37.312,30,22,52,0.75,0.909,0.308,1.4
2014,15.056,34,30,73,0.795,0.727,0.397,1.84
2015,84.481,37,20,57,0.737,0.842,0.262,1.65
2016,69.378,33,19,57,0.789,0.889,0.244,1.51
2017,65.181,32,19,53,0.698,0.923,0.243,1.36
2018,12.237,31,27,66,0.712,0.867,0.34,1.83
2019,98.152,30,11,44,0.682,0.571,0.4,1.29
2020,104.523,33,12,49,0.816,0.889,0.35,1.28
2021,62.959,35,22,58,0.759,0.727,0.25,1.28
2022,136.849,36,9,45,0.778,1.0,0.343,1.22
2023,112.55,36,14,55,0.727,0.846,0.375,1.81
2024,147.784,36,7,44,0.75,1.0,0.303,1.18
2025,78.081,34,19,54,0.667,0.875,0.361,1.55
2026,74.253,35,20,56,0.661,0.571,0.324,1.51
2027,158.475,41,10,55,0.673,1.0,0.486,1.52
2028,26.351,28,22,52,0.673,0.842,0.429,1.55
2029,128.27,36,11,49,0.714,0.75,0.314,1.29
2030,27.887,30,23,56,0.696,0.8,0.359,1.85
2031,78.846,33,17,54,0.778,0.917,0.452,1.63
2032,118.345,36,13,51,0.686,0.769,0.429,1.55
2033,134.253,38,11,50,0.72,0.9,0.417,1.35
2034,-31.35,30,35,68,0.75,0.857,0.353,2.02
2035,76.672,31,16,52,0.731,1.0,0.447,1.5
2036,67.46,38,24,63,0.714,0.87,0.311,1.43
2037,86.993,37,19,59,0.797,1.0,0.298,1.23
2038,44.175,27,18,47,0.766,0.8,0.306,1.36
2039,140.325,39,12,56,0.768,0.8,0.302,1.74
2040,56.207,33,21,59,0.746,1.0,0.364,1.55
2041,138.515,33,6,40,0.65,1.0,0.269,1.15
2042,77.086,33,18,52,0.692,0.846,0.306,1.68
2043,106.092,36,15,52,0.827,1.0,0.256,1.45
2044,90.349,39,21,61,0.721,0.783,0.295,1.66
2045,80.106,34,18,56,0.714,0.857,0.35,1.66
2046,133.005,39,13,54,0.741,0.846,0.35,1.71
2047,18.34,31,27,60,0.767,0.85,0.391,1.71
2048,118.248,37,14,54,0.685,0.667,0.405,1.41
2049,149.191,36,7,51,0.608,0.833,0.387,1.35
2050,109.989,43,20,69,0.71,0.792,0.286,1.77
2051,116.979,35,12,47,0.787,0.9,0.27,1.2
2052,61.68,38,25,65,0.677,0.65,0.318,1.85
2053,42.068,34,25,65,0.708,0.8,0.326,1.99
2054,107.322,38,17,55,0.764,0.867,0.381,1.64
2055,73.972,37,22,62,0.645,0.857,0.325,1.82
2056,139.129,34,7,43,0.628,1.0,0.333,1.18
2057,62.19,37,24,62,0.689,0.917,0.5,1.85
2058,81.43,32,16,52,0.731,0.867,0.289,1.51
2059,79.886,30,14,50,0.72,1.0,0.306,1.02
2060,77.827,31,16,47,0.787,0.75,0.405,1.41
2061,86.01,38,21,62,0.661,0.333,0.488,1.42
2062,154.756,41,11,56,0.732,0.923,0.366,1.52
2063,111.029,39,16,59,0.746,0.95,0.273,1.7
2064,92.767,37,19,57,0.702,0.722,0.3,1.8
2065,65.982,35,21,59,0.729,0.765,0.279,1.56
2066,46.764,35,25,67,0.716,0.688,0.25,2.38
2067,81.336,37,20,59,0.797,0.917,0.255,1.53
2068,63.161,39,25,70,0.714,0.81,0.36,1.84
2069,77.873,36,21,61,0.754,0.778,0.413,2.04
2070,85.204,38,21,59,0.847,1.0,0.3,1.92
2071,128.913,38,13,52,0.615,0.75,0.375,1.55
2072,59.574,37,24,66,0.697,0.889,0.304,1.7
2073,149.975,40,10,53,0.717,0.917,0.447,1.41
2074,89.226,37,19,60,0.767,0.857,0.304,1.39
2075,109.834,32,11,43,0.744,1.0,0.344,1.06
2076,118.461,37,14,54,0.667,0.875,0.361,1.34
2077,-15.639,31,33,66,0.727,0.692,0.271,1.92
2078,45.61,29,20,57,0.825,0.909,0.298,1.7
2079,137.563,39,11,51,0.647,0.833,0.333,1.23
2080,105.562,33,12,48,0.75,1.0,0.306,1.16
2081,100.315,36,16,56,0.768,1.0,0.372,1.53
2082,129.238,40,14,61,0.705,0.929,0.302,1.58
2083,100.458,35,15,50,0.8,0.871,0.3,1.75
2084,40.407,32,23,57,0.684,0.75,0.231,1.56
2085,61.298,30,17,58,0.724,0.87,0.31,1.68
2086,106.986,35,14,55,0.727,0.727,0.3,1.7
2087,119.212,39,15,56,0.75,0.833,0.357,1.49
2088,128.951,37,12,50,0.74,0.8,0.297,1.32
2089,34.923,35,27,70,0.7,0.815,0.388,2.2
2090,109.757,40,18,64,0.766,0.769,0.388,1.66
2091,54.204,40,29,72,0.722,0.773,0.385,1.94
2092,83.937,37,21,64,0.703,0.5,0.289,1.97
2093,32.755,37,30,67,0.776,0.833,0.308,2.02
2094,143.044,37,9,46,0.522,0.462,0.292,1.42
2095,-9.76,31,32,67,0.731,0.769,0.449,1.75
2096,125.763,34,9,47,0.681,1.0,0.312,1.13
2097,36.453,36,28,65,0.631,0.722,0.366,1.94
2098,142.75,37,9,48,0.729,1.0,0.257,1.21
2099,163.774,34,2,36,0.722,0.667,0.462,0.98
2100,135.931,41,14,56,0.768,0.833,0.465,1.54
2101,39.427,33,24,58,0.793,0.955,0.326,1.47
2102,58.563,38,26,68,0.794,0.824,0.37,1.81
2103,102.955,39,18,66,0.758,0.909,0.24,1.86
2104,19.572,35,30,65,0.646,0.654,0.31,1.72
2105,78.93,31,15,48,0.833,1.0,0.35,1.34
2106,139.847,41,14,56,0.714,0.545,0.275,1.71
2107,133.231,37,11,56,0.714,1.0,0.4,1.48
2108,167.653,42,10,54,0.667,0.778,0.306,1.36
2109,125.628,40,15,57,0.772,1.0,0.5,1.96
2110,95.997,36,16,52,0.615,0.692,0.312,1.4
2111,95.158,36,17,57,0.719,0.909,0.293,1.56
2112,139.9,41,13,55,0.764,0.9,0.381,1.53
2113,141.36,38,10,50,0.7,1.0,0.343,1.12
2114,119.012,36,12,50,0.66,0.5,0.455,1.24
2115,100.688,36,16,56,0.768,0.909,0.256,1.99
2116,22.961,34,29,63,0.635,0.679,0.325,1.72
2117,33.039,34,26,64,0.766,0.92,0.286,1.77
2118,77.368,37,21,61,0.721,0.929,0.341,1.74
2119,67.616,36,22,59,0.797,0.929,0.34,1.76
2120,85.481,42,25,69,0.754,1.0,0.423,1.82
2121,167.856,38,5,44,0.682,0.8,0.467,1.13
2122,72.305,27,12,43,0.721,0.667,0.323,1.17
2123,57.776,32,20,53,0.736,0.893,0.359,1.35
2124,31.24,35,28,70,0.814,0.895,0.351,1.93
2125,151.929,43,13,56,0.625,0.667,0.429,1.1
2126,78.188,35,19,57,0.684,0.731,0.282,1.79
2127,119.367,40,17,61,0.656,0.724,0.275,2.18
2128,-50.292,27,35,66,0.742,0.8,0.367,2.05
2129,10.275,34,30,66,0.636,0.781,0.286,1.6
2130,64.951,39,26,68,0.721,0.818,0.245,1.8
2131,35.584,33,25,63,0.73,0.808,0.326,1.82
2132,146.183,38,9,47,0.681,0.833,0.312,1.06
2133,179.201,40,5,53,0.698,1.0,0.432,1.79
2134,150.699,38,8,49,0.776,1.0,0.316,1.14
2135,15.968,27,23,58,0.81,0.941,0.277,1.74
2136,133.902,40,14,55,0.691,0.909,0.237,1.67
2137,116.078,40,17,61,0.738,0.733,0.333,1.74
2138,77.402,32,16,48,0.812,1.0,0.359,1.43
2139,93.531,34,15,49,0.816,0.929,0.4,1.4
2140,87.957,33,15,50,0.74,0.75,0.351,1.24
2141,14.563,38,34,77,0.779,0.741,0.283,2.23
2142,122.406,39,15,55,0.673,0.786,0.297,1.5
2143,10.007,33,30,67,0.761,0.913,0.275,1.64
2144,124.718,36,12,49,0.735,1.0,0.389,1.22
2145,29.926,30,22,60,0.817,0.9,0.347,1.73
2146,140.639,41,13,60,0.683,0.824,0.341,1.57
2147,62.793,37,25,65,0.723,1.0,0.404,1.68
2148,107.175,39,17,58,0.707,0.875,0.317,1.48
2149,176.147,41,7,48,0.729,0.857,0.286,1.14
2150,26.626,27,21,50,0.62,0.5,0.484,1.7
2151,3.729,27,25,57,0.632,0.556,0.278,1.71
2152,92.884,32,14,48,0.771,0.889,0.27,1.36
2153,114.487,39,17,57,0.719,0.812,0.268,1.56
2154,67.136,34,20,56,0.75,0.8,0.381,1.25
2155,87.021,41,23,69,0.739,0.963,0.431,2.14
2156,112.752,36,13,57,0.719,0.917,0.415,1.36
2157,56.865,39,27,67,0.731,0.833,0.306,1.79
2158,8.935,35,33,69,0.855,0.971,0.271,1.78
2159,-11.298,32,33,73,0.726,0.824,0.283,2.08
2160,69.188,34,20,56,0.714,0.917,0.35,1.47
2161,124.192,36,11,53,0.679,0.75,0.333,1.28
2162,35.837,32,24,61,0.803,0.941,0.245,1.52
2163,94.192,39,20,61,0.754,0.833,0.348,1.63
2164,72.891,39,24,65,0.815,0.947,0.302,1.44
2165,148.786,41,12,57,0.702,0.783,0.325,1.8
2166,99.189,33,13,50,0.74,0.8,0.324,1.37
2167,49.695,33,23,62,0.806,0.909,0.4,1.59
2168,132.265,40,13,58,0.707,1.0,0.317,1.54
2169,83.605,28,12,40,0.85,0.929,0.324,1.55
2170,72.127,35,20,61,0.787,0.905,0.354,1.81
2171,-20.209,30,33,64,0.734,0.781,0.383,2.01
2172,100.855,35,15,54,0.667,0.765,0.278,1.47
2173,48.682,34,24,61,0.689,0.619,0.262,1.88
2174,31.495,33,26,66,0.773,0.828,0.333,1.94
2175,42.51,39,30,73,0.753,0.852,0.418,2.3
2176,105.517,36,15,58,0.793,0.9,0.261,1.6
2177,84.748,38,21,64,0.75,0.882,0.229,1.75
2178,49.775,32,21,60,0.733,0.889,0.409,1.6
2179,154.649,39,9,50,0.64,0.625,0.25,1.4
2180,155.471,44,13,60,0.667,0.737,0.325,1.94
2181,49.018,33,23,59,0.661,0.625,0.282,1.96
2182,88.41,31,13,44,0.568,0.286,0.36,1.33
2183,97.904,33,13,51,0.647,0.583,0.333,1.41
2184,72.013,37,23,63,0.762,0.95,0.354,1.74
2185,2.215,31,29,67,0.761,0.839,0.294,1.74
2186,38.541,36,27,66,0.773,0.867,0.235,1.52
2187,118.45,38,15,53,0.736,0.8,0.308,1.42
2188,51.047,34,23,62,0.726,0.933,0.267,1.54
2189,139.566,43,15,62,0.71,0.933,0.295,1.5
2190,74.483,34,18,53,0.736,0.818,0.308,1.16
2191,72.067,37,22,64,0.688,0.852,0.318,1.54
2192,72.367,39,24,68,0.794,0.893,0.333,1.7
2193,65.995,34,21,57,0.684,0.8,0.308,1.82
2194,167.469,40,7,51,0.647,0.583,0.455,1.58
2195,77.162,34,18,54,0.778,0.944,0.357,1.35
2196,103.941,35,14,54,0.741,0.818,0.375,1.69
2197,96.477,37,18,56,0.643,0.8,0.361,1.62
2198,113.626,32,9,44,0.727,1.0,0.438,1.24
2199,30.664,33,26,63,0.746,0.895,0.447,1.74
2200,110.51,33,11,47,0.787,1.0,0.378,1.44
2201,113.144,37,15,56,0.679,0.75,0.237,1.47
2202,118.053,38,15,56,0.75,0.833,0.357,1.66
2203,58.849,29,17,51,0.804,0.9,0.293,1.43
2204,128.951,38,13,55,0.782,0.714,0.372,1.68
2205,51.594,34,23,64,0.734,0.917,0.255,1.76
2206,81.676,30,14,47,0.66,0.667,0.29,1.12
2207,119.57,36,13,51,0.686,0.889,0.371,1.75
2208,145.658,37,8,47,0.638,0.5,0.467,1.35
2209,91.799,36,18,57,0.719,0.824,0.268,1.29
2210,64.475,37,24,65,0.615,0.652,0.3,1.65
2211,21.703,33,28,63,0.683,0.8,0.349,1.45
2212,124.119,36,11,51,0.549,0.846,0.429,1.51
2213,157.809,41,11,54,0.667,0.75,0.444,1.47
2214,108.807,42,21,64,0.719,0.808,0.326,1.98
2215,63.748,33,20,60,0.75,0.913,0.289,1.84
2216,109.547,38,17,55,0.745,0.846,0.366,1.65
2217,105.346,35,14,53,0.736,0.714,0.282,1.35
2218,79.199,36,20,60,0.817,0.9,0.306,1.66
2219,166.349,37,5,44,0.818,1.0,0.361,1.26
2220,121.554,42,18,61,0.656,0.733,0.3,1.54
2221,97.868,35,15,51,0.725,1.0,0.297,1.32
2222,45.209,30,21,56,0.75,0.867,0.333,1.72
2223,57.376,34,22,56,0.732,0.882,0.39,1.31
2224,59.244,38,25,71,0.789,0.895,0.286,1.73
2225,126.833,38,13,52,0.75,0.833,0.231,1.62
2226,154.224,38,8,47,0.66,0.75,0.516,1.19
2227,28.722,33,27,64,0.5,0.514,0.406,2.14
2228,116.073,36,13,55,0.691,0.714,0.421,1.47
2229,66.843,32,18,55,0.727,0.769,0.35,1.75
2230,130.591,36,10,47,0.745,0.6,0.486,1.62
2231,82.458,32,16,50,0.76,0.857,0.368,1.52
2232,108.122,40,19,62,0.758,0.818,0.277,1.67
2233,76.643,39,23,62,0.726,0.743,0.267,1.88
2234,33.686,33,25,62,0.629,0.778,0.333,1.74
2235,152.512,40,10,53,0.698,0.833,0.324,1.8
2236,85.412,33,16,50,0.7,0.765,0.4,1.38
2237,118.549,37,13,50,0.76,0.769,0.316,1.39
2238,103.831,29,9,41,0.659,0.8,0.333,1.3
2239,64.208,32,19,54,0.593,0.6,0.312,1.49
2240,121.182,40,16,62,0.694,0.778,0.302,1.94
2241,26.932,33,27,60,0.712,1.0,0.31,1.98
2242,36.29,29,21,54,0.778,0.867,0.405,1.74
2243,118.373,36,12,53,0.717,0.875,0.263,1.2
2244,112.502,33,11,48,0.771,0.8,0.324,1.36
2245,72.16,35,20,57,0.596,0.692,0.412,1.66
2246,142.824,40,12,55,0.673,0.889,0.243,1.38
2247,54.611,31,20,54,0.741,0.895,0.325,1.63
2248,65.105,34,20,55,0.709,0.882,0.308,1.33
2249,60.723,35,22,66,0.667,0.793,0.364,2.06
2250,26.062,32,26,59,0.661,0.667,0.385,1.21
2251,14.855,33,29,65,0.631,0.583,0.39,1.88
2252,162.188,41,9,50,0.66,0.75,0.273,1.42
2253,62.629,30,17,53,0.679,0.75,0.333,1.54
2254,56.886,34,22,62,0.694,0.88,0.279,1.51
2255,76.814,31,16,48,0.667,0.6,0.375,1.39
2256,117.886,33,10,44,0.591,0.714,0.346,1.35
2257,55.783,31,20,57,0.825,0.7,0.468,1.65
2258,86.676,33,16,49,0.776,0.75,0.342,1.38
2259,83.537,35,18,59,0.661,0.7,0.256,1.4
2260,118.601,40,16,56,0.75,0.917,0.238,1.27
2261,105.53,38,17,58,0.793,0.7,0.326,1.42
2262,163.591,42,9,52,0.615,0.867,0.312,1.2
2263,142.765,34,6,40,0.65,1.0,0.269,1.11
2264,62.59,34,20,59,0.746,0.789,0.318,1.28
2265,116.467,42,19,67,0.761,0.85,0.255,1.81
2266,139.302,36,9,46,0.674,0.875,0.29,1.36
2267,140.078,41,14,57,0.737,0.857,0.238,1.54
2268,143.993,39,10,50,0.66,0.75,0.364,1.06
2269,117.107,36,13,51,0.686,0.818,0.343,1.55
2270,181.029,41,6,50,0.72,1.0,0.333,1.04
2271,162.511,41,9,52,0.673,0.75,0.286,1.41
2272,149.382,42,13,56,0.696,0.714,0.41,1.47
2273,87.156,38,21,61,0.705,0.85,0.302,1.86
2274,106.347,33,12,49,0.735,0.692,0.333,1.46
2275,122.557,41,17,58,0.707,0.727,0.463,2.04
2276,36.168,32,24,58,0.724,0.704,0.286,1.52
2277,73.818,36,21,59,0.712,0.706,0.357,1.64
2278,164.95,43,11,57,0.719,0.864,0.341,1.57
2279,85.029,35,18,55,0.6,0.583,0.303,1.71
2280,56.795,35,23,61,0.738,0.9,0.333,1.7
2281,107.226,39,17,61,0.672,0.833,0.341,1.72
2282,55.351,31,20,54,0.611,0.565,0.364,1.82
2283,128.524,38,13,53,0.566,0.812,0.333,1.48
2284,156.892,43,12,60,0.717,0.636,0.279,1.65
2285,219.42,50,7,59,0.678,0.714,0.3,1.25
2286,78.168,35,19,55,0.745,0.75,0.341,1.23
2287,106.548,41,19,60,0.667,0.786,0.3,1.38
2288,109.274,39,17,57,0.667,0.9,0.289,1.23
2289,121.018,30,6,42,0.667,1.0,0.464,1.15
2290,57.931,30,18,52,0.673,0.65,0.286,1.72
2291,56.545,32,20,59,0.712,0.733,0.262,1.3
2292,101.827,37,17,55,0.691,0.75,0.368,1.57
2293,39.819,25,17,44,0.682,0.846,0.5,1.4
2294,94.603,33,14,51,0.667,0.571,0.353,1.66
2295,167.335,38,6,48,0.729,1.0,0.257,1.32
2296,23.41,38,32,74,0.703,0.8,0.288,1.75
2297,122.941,39,14,59,0.729,1.0,0.372,1.44
2298,-21.212,28,32,63,0.794,0.842,0.44,1.89
2299,165.202,42,9,56,0.696,0.667,0.333,1.35
2300,57.581,32,20,53,0.698,0.917,0.297,1.51
2301,76.001,31,16,47,0.574,0.625,0.296,1.31
2302,154.846,43,13,57,0.702,1.0,0.3,1.69
2303,114.091,43,20,64,0.688,0.85,0.25,1.68
2304,151.153,40,10,52,0.712,1.0,0.324,1.22
2305,144.484,39,11,50,0.7,0.923,0.4,1.56
2306,60.315,30,18,55,0.709,1.0,0.256,1.35
2307,26.103,33,27,61,0.689,0.857,0.286,1.9
2308,71.278,32,18,54,0.685,0.688,0.297,1.76
2309,82.47,32,16,48,0.667,0.733,0.375,1.6
2310,103.407,34,13,53,0.566,0.385,0.333,1.55
2311,13.01,29,25,56,0.714,0.909,0.3,1.39
2312,130.293,38,12,57,0.719,0.833,0.488,1.92
2313,-26.646,27,32,61,0.705,0.828,0.256,1.8
2314,74.631,37,21,62,0.71,0.895,0.341,1.82
2315,67.547,32,18,61,0.623,0.875,0.368,1.85
2316,120.97,37,13,51,0.647,0.789,0.364,1.45
2317,61.352,39,26,67,0.701,0.846,0.277,2.11
2318,95.043,37,17,59,0.576,0.667,0.353,1.39
2319,106.04,38,16,60,0.7,0.7,0.357,1.65
2320,70.82,32,17,51,0.745,0.643,0.263,1.42
2321,44.971,39,29,72,0.667,0.857,0.271,1.93
2322,131.269,38,12,54,0.667,0.857,0.361,1.46
2323,188.907,40,4,48,0.667,1.0,0.344,1.12
2324,46.164,31,21,57,0.614,0.5,0.286,1.71
2325,96.339,37,18,57,0.667,0.647,0.289,1.7
2326,116.319,41,18,61,0.705,0.778,0.349,1.86
2327,95.309,36,17,55,0.709,0.933,0.436,1.67
2328,14.161,31,28,59,0.763,0.789,0.267,2.01
2329,125.173,40,15,57,0.772,1.0,0.295,1.63
2330,88.343,30,12,54,0.704,0.688,0.421,1.42
2331,30.761,29,22,54,0.648,0.667,0.343,1.83
2332,105.194,36,16,54,0.759,0.938,0.244,1.65
2333,155.004,36,5,42,0.762,1.0,0.281,1.11
2334,3.529,29,27,57,0.719,0.846,0.366,1.38
2335,156.089,42,11,53,0.642,0.625,0.441,1.38
2336,100.306,35,15,50,0.78,0.833,0.282,1.19
2337,113.87,36,13,52,0.654,1.0,0.265,1.29
2338,99.583,35,15,52,0.731,0.556,0.289,1.51
2339,105.086,33,12,54,0.63,0.909,0.353,1.52
2340,178.179,52,16,72,0.681,0.818,0.306,2.1
2341,138.572,42,15,59,0.644,0.8,0.421,1.72
2342,147.167,35,7,47,0.745,0.5,0.286,1.3
2343,143.099,39,11,52,0.654,0.714,0.382,1.56
2344,64.554,32,19,54,0.722,0.786,0.436,1.43
2345,158.313,42,11,58,0.69,1.0,0.35,1.4
2346,75.102,30,15,47,0.596,0.571,0.321,1.46
2347,125.6,35,11,51,0.627,0.8,0.344,1.71
2348,18.173,34,30,65,0.6,0.724,0.308,2.32
2349,106.347,38,17,59,0.729,0.591,0.302,1.8
2350,16.444,34,30,65,0.754,1.0,0.306,1.58
2351,49.035,32,21,54,0.741,0.824,0.275,1.45
2352,166.935,42,9,51,0.627,0.667,0.344,1.36
2353,96.439,37,17,55,0.782,0.9,0.279,1.33
2354,149.608,36,7,44,0.75,0.0,0.242,1.04
2355,61.349,33,20,59,0.78,0.929,0.326,1.38
2356,142.05,36,8,50,0.72,1.0,0.361,1.3
2357,107.614,34,13,47,0.681,0.8,0.375,1.21
2358,131.601,38,12,51,0.686,0.889,0.286,1.42
2359,121.801,41,17,64,0.75,0.821,0.312,1.9
2360,116.535,34,11,48,0.646,1.0,0.419,1.24
2361,162.153,38,7,45,0.667,1.0,0.367,1.19
2362,146.507,39,10,51,0.627,0.786,0.406,1.44
2363,108.788,33,12,46,0.63,1.0,0.276,1.21
2364,151.987,39,9,49,0.633,0.727,0.29,1.44
2365,113.794,35,13,51,0.686,0.8,0.286,1.26
2366,82.798,34,17,53,0.623,0.75,0.273,1.29
2367,144.29,34,6,41,0.707,0.75,0.414,1.21
2368,97.9,32,13,47,0.745,0.9,0.286,1.25
2369,39.465,39,31,72,0.75,0.839,0.296,2.09
2370,108.243,34,13,49,0.633,0.778,0.387,1.43
2371,45.843,35,26,64,0.781,0.857,0.3,1.92
2372,101.566,37,17,55,0.618,0.704,0.353,1.72
2373,9.565,35,32,79,0.684,0.714,0.389,2.33
2374,119.076,37,13,53,0.736,0.833,0.282,1.21
2375,63.299,33,20,56,0.679,0.75,0.342,1.59
2376,107.26,34,13,52,0.731,0.818,0.263,1.31
2377,37.161,26,18,51,0.608,0.667,0.258,1.47
2378,99.837,37,17,56,0.714,0.765,0.325,1.69
2379,136.337,40,13,53,0.717,0.455,0.289,1.55
2380,124.586,35,11,47,0.702,0.75,0.273,1.41
2381,94.574,41,22,65,0.708,0.8,0.326,1.53
2382,137.625,44,17,63,0.698,0.769,0.295,1.68
2383,7.633,35,33,74,0.716,0.7,0.302,2.4
2384,171.891,40,6,47,0.681,0.875,0.344,1.29
2385,39.111,34,26,60,0.717,0.882,0.349,1.8
2386,-48.239,27,35,62,0.661,0.857,0.439,1.72
2387,147.269,33,4,44,0.659,0.875,0.31,1.21
2388,116.382,41,18,65,0.738,0.778,0.25,2.0
2389,70.078,33,19,56,0.75,0.857,0.262,1.68
2390,11.424,34,31,71,0.746,0.933,0.302,1.52
2391,145.768,35,6,47,0.723,1.0,0.471,1.48
2392,50.207,34,24,59,0.661,0.4,0.333,1.78
2393,72.634,27,13,41,0.683,0.818,0.25,1.45
2394,99.408,36,16,56,0.839,0.875,0.447,1.56
2395,65.518,33,19,54,0.778,1.0,0.286,1.46
2396,86.859,34,16,52,0.731,0.909,0.237,1.24
2397,156.801,36,5,41,0.78,0.8,0.375,1.07
2398,113.778,38,15,56,0.714,0.722,0.35,1.49
2399,11.112,28,25,54,0.611,0.739,0.364,1.89
2400,130.461,39,13,56,0.679,1.0,0.395,1.45
2401,91.311,37,18,61,0.689,0.643,0.286,1.89
2402,124.119,39,15,57,0.632,0.9,0.306,1.45
2403,125.493,39,14,61,0.721,0.929,0.409,1.61
2404,118.679,40,16,61,0.672,0.682,0.366,2.22
2405,117.689,38,14,55,0.727,0.875,0.45,1.58
2406,102.11,42,21,63,0.778,0.714,0.286,1.55
2407,157.025,40,9,50,0.76,1.0,0.289,1.0
2408,73.099,34,19,53,0.717,0.81,0.342,1.45
2409,30.693,34,26,64,0.641,0.6,0.366,1.39
2410,74.032,44,29,76,0.711,0.769,0.259,1.99
2411,176.228,42,8,52,0.712,1.0,0.568,1.42
2412,114.532,38,14,58,0.69,1.0,0.325,1.23
2413,-17.21,29,31,63,0.651,0.727,0.293,1.85
2414,97.732,30,10,44,0.727,1.0,0.312,1.2
2415,58.058,34,22,59,0.695,0.778,0.341,1.61
2416,134.191,41,15,56,0.714,0.933,0.375,1.52
2417,105.517,37,15,52,0.712,0.846,0.405,1.64
2418,114.131,35,11,50,0.72,0.875,0.25,1.17
2419,103.378,41,20,66,0.636,0.75,0.31,1.68
2420,106.919,41,19,67,0.716,0.905,0.292,1.63
2421,34.743,31,24,58,0.655,0.793,0.368,1.97
2422,43.377,36,26,68,0.765,0.842,0.288,1.62
2423,107.213,34,13,48,0.75,0.889,0.306,1.32
2424,70.928,34,20,57,0.526,0.273,0.267,1.99
2425,131.684,40,14,57,0.737,0.909,0.357,1.28
2426,64.314,33,20,58,0.672,0.773,0.231,1.88
2427,78.42,35,19,55,0.8,0.875,0.295,1.6
2428,125.639,36,11,47,0.702,0.75,0.424,1.46
2429,90.175,30,12,49,0.714,1.0,0.4,1.3
2430,59.718,39,27,69,0.783,0.75,0.333,1.93
2431,83.098,37,20,60,0.833,0.955,0.36,1.77
2432,160.396,40,8,56,0.714,1.0,0.45,1.58
2433,116.715,38,15,58,0.776,0.846,0.311,1.55
2434,102.629,36,15,56,0.714,0.8,0.35,1.22
2435,122.509,39,15,54,0.759,1.0,0.293,1.24
2436,63.058,31,18,52,0.712,0.727,0.405,1.72
2437,93.988,40,21,63,0.746,0.857,0.319,1.59
2438,115.777,39,16,56,0.625,0.667,0.314,1.6
2439,87.92,36,18,54,0.778,0.933,0.357,1.62
2440,103.164,34,13,50,0.7,0.692,0.286,1.49
2441,-9.393,29,29,64,0.656,0.7,0.333,1.97
2442,37.945,28,20,55,0.782,1.0,0.349,1.52
2443,146.061,45,16,68,0.618,0.789,0.262,1.77
2444,156.187,37,7,46,0.63,1.0,0.276,1.3
2445,32.257,35,27,64,0.719,0.8,0.348,1.65
2446,22.283,34,28,69,0.667,0.765,0.391,1.73
2447,97.646,35,15,54,0.87,1.0,0.319,1.0
2448,3.099,28,26,58,0.793,0.812,0.283,1.58
2449,161.281,46,14,62,0.726,0.917,0.356,1.56
2450,113.11,38,16,57,0.596,0.682,0.412,1.87
2451,66.3,35,21,60,0.7,0.625,0.357,1.71
2452,53.265,38,27,66,0.803,0.84,0.34,1.54
2453,51.403,29,18,50,0.7,0.769,0.371,1.46
2454,38.32,28,20,50,0.82,0.864,0.293,1.61
2455,51.006,29,18,51,0.725,0.875,0.351,1.22
2456,57.021,38,27,65,0.738,0.833,0.396,1.71
2457,117.715,40,17,60,0.8,1.0,0.271,1.69
2458,154.288,37,7,46,0.761,0.0,0.286,1.14
2459,103.559,36,16,53,0.642,0.667,0.294,1.54
2460,87.962,37,19,61,0.721,0.909,0.341,2.07
2461,31.609,37,29,67,0.657,0.882,0.341,1.35
2462,80.842,35,19,57,0.667,0.643,0.395,1.72
2463,34.709,34,26,63,0.73,0.722,0.304,1.99
2464,89.154,32,14,46,0.63,0.75,0.414,1.09
2465,117.361,40,17,58,0.638,0.706,0.324,1.54
2466,82.532,36,20,58,0.724,0.867,0.357,1.57
2467,68.477,29,15,46,0.63,0.75,0.276,1.49
2468,124.574,30,5,37,0.541,0.4,0.45,1.22
2469,106.932,39,18,58,0.707,0.735,0.244,2.03
2470,67.739,35,21,58,0.69,0.714,0.275,2.24
2471,143.99,44,16,62,0.694,0.8,0.302,1.44
2472,99.964,35,16,51,0.706,0.714,0.278,1.45
2473,83.899,37,20,66,0.742,0.788,0.408,2.15
2474,136.76,38,11,49,0.673,0.857,0.455,1.21
2475,154.291,37,7,50,0.64,1.0,0.281,1.26
2476,-53.315,24,33,62,0.629,0.56,0.308,1.69
2477,104.416,37,17,55,0.8,0.857,0.364,2.12
2478,185.831,43,7,51,0.647,0.75,0.364,1.21
2479,160.824,41,9,56,0.625,0.769,0.343,1.64
2480,86.354,34,17,63,0.651,0.696,0.341,2.22
2481,80.615,35,19,54,0.704,0.8,0.395,1.52
2482,126.04,41,16,60,0.717,0.786,0.302,1.47
2483,20.111,36,31,67,0.746,0.769,0.26,1.63
2484,40.829,37,28,69,0.739,0.788,0.275,1.88
2485,99.051,32,12,49,0.714,1.0,0.229,1.2
2486,50.634,34,24,61,0.738,0.917,0.267,1.63
2487,119.1,37,13,52,0.654,0.667,0.324,1.53
2488,67.951,32,18,54,0.741,0.75,0.3,1.63
2489,36.168,34,26,60,0.717,0.826,0.326,1.52
2490,98.564,35,15,51,0.667,0.85,0.471,1.72
2491,113.746,35,12,51,0.725,0.889,0.459,1.61
2492,93.088,34,15,60,0.783,0.8,0.34,1.45
2493,114.668,36,13,52,0.712,0.722,0.297,1.56
2494,154.282,42,11,54,0.685,0.875,0.27,1.37
2495,106.925,38,16,58,0.707,0.667,0.39,1.14
2496,107.506,38,16,57,0.754,0.889,0.395,1.23
2497,109.218,34,12,54,0.778,0.909,0.429,1.77
2498,130.127,40,14,58,0.69,0.75,0.35,1.6
2499,37.783,32,23,62,0.694,0.778,0.326,1.43
2500,188.144,37,1,39,0.615,1.0,0.333,0.89
2501,110.489,33,11,49,0.694,1.0,0.353,1.48
2502,80.695,35,19,55,0.727,0.667,0.25,1.33
2503,112.759,32,10,42,0.643,0.667,0.296,1.22
2504,76.875,39,24,67,0.716,1.0,0.271,1.84
2505,96.325,39,19,59,0.78,0.889,0.435,1.5
2506,102.031,40,19,65,0.769,0.857,0.34,1.69
2507,49.567,28,18,48,0.625,0.625,0.5,1.32
2508,159.413,39,8,51,0.725,0.889,0.432,1.34
2509,118.675,41,18,60,0.567,0.588,0.412,2.13
2510,26.932,25,18,50,0.84,1.0,0.357,1.35
2511,100.677,41,21,63,0.635,0.625,0.35,1.79
2512,78.821,35,19,59,0.78,0.9,0.304,1.62
2513,186.734,41,4,55,0.782,1.0,0.302,1.24
2514,-5.152,31,31,63,0.683,0.742,0.302,1.98
2515,113.055,35,12,50,0.66,0.636,0.364,1.3
2516,15.493,32,28,62,0.823,0.762,0.333,1.87
2517,85.627,39,22,61,0.689,0.737,0.31,1.79
2518,119.534,40,16,60,0.683,0.917,0.366,1.6
2519,120.533,41,17,64,0.828,1.0,0.245,1.48
2520,25.012,31,26,60,0.8,0.889,0.375,1.6
2521,122.415,38,14,54,0.685,0.652,0.351,1.81
2522,33.395,31,24,60,0.767,0.765,0.261,1.53
2523,59.316,36,24,64,0.656,0.656,0.357,2.07
2524,136.836,40,13,54,0.704,0.8,0.342,1.44
2525,46.495,32,22,60,0.667,0.75,0.375,1.7
2526,80.514,32,16,52,0.692,0.5,0.472,1.38
2527,79.209,34,18,53,0.83,0.25,0.273,1.34
2528,161.544,40,9,50,0.76,1.0,0.316,1.49
2529,110.396,36,14,51,0.745,1.0,0.342,1.35
2530,82.806,32,15,49,0.714,1.0,0.371,1.36
2531,118.157,35,12,51,0.588,0.8,0.367,1.57
2532,80.627,34,18,53,0.698,0.636,0.405,1.67
2533,120.525,40,16,59,0.712,1.0,0.262,1.52
2534,77.837,31,15,48,0.792,0.778,0.316,1.13
2535,178.799,42,7,53,0.736,0.923,0.41,1.6
2536,152.721,43,13,57,0.719,0.846,0.293,1.49
2537,112.231,33,11,52,0.712,1.0,0.27,1.24
2538,-73.899,26,40,70,0.8,0.778,0.393,2.27
2539,159.44,41,10,51,0.667,0.75,0.382,1.24
2540,98.556,36,16,60,0.75,0.625,0.333,1.33
2541,74.844,30,15,45,0.667,0.8,0.467,1.02
2542,115.386,37,14,53,0.774,1.0,0.293,1.64
2543,72.529,40,25,67,0.716,0.714,0.292,1.82
2544,163.663,34,2,38,0.553,0.0,0.286,0.95
2545,70.721,33,19,52,0.654,0.765,0.353,1.57
2546,98.85,33,13,52,0.808,0.75,0.262,1.49
2547,88.93,38,20,60,0.783,0.923,0.255,1.52
2548,80.513,39,22,61,0.689,0.759,0.333,1.78
2549,155.151,42,11,54,0.741,0.95,0.325,1.48
2550,55.726,38,27,66,0.742,0.84,0.327,2.04
2551,29.863,31,24,55,0.727,0.769,0.3,1.81
2552,137.92,39,12,51,0.725,0.8,0.297,1.0
2553,160.548,45,13,61,0.639,0.769,0.282,1.43
2554,146.754,37,9,48,0.667,0.778,0.375,1.24
2555,131.838,38,12,51,0.765,1.0,0.359,1.42
2556,47.813,36,26,71,0.718,0.885,0.333,1.81
2557,103.153,42,21,65,0.723,0.917,0.383,1.79
2558,103.17,34,14,48,0.646,1.0,0.387,1.27
2559,133.459,38,12,50,0.72,0.5,0.306,1.27
2560,141.589,40,12,54,0.741,0.692,0.275,1.48
2561,129.314,39,13,60,0.683,1.0,0.268,1.86
2562,51.359,35,24,64,0.75,0.929,0.354,1.57
2563,142.121,39,11,52,0.712,1.0,0.405,1.47
2564,91.983,36,18,55,0.655,0.889,0.333,1.65
2565,56.926,35,23,67,0.687,0.909,0.283,1.5
2566,75.762,37,21,59,0.729,0.833,0.302,1.4
2567,-15.921,28,30,66,0.773,0.933,0.333,1.67
2568,117.832,39,15,59,0.678,0.6,0.35,1.88
2569,88.083,38,20,60,0.717,0.875,0.395,1.61
2570,117.439,34,11,48,0.625,0.667,0.433,1.21
2571,85.095,35,18,54,0.741,0.818,0.325,1.86
2572,149.259,37,8,45,0.667,1.0,0.267,1.27
2573,78.895,36,20,57,0.754,0.731,0.302,1.67
2574,104.103,39,18,59,0.729,0.818,0.395,1.55
2575,63.737,31,18,57,0.684,0.615,0.308,1.83
2576,70.518,41,27,71,0.676,0.875,0.271,1.97
2577,141.784,36,8,44,0.727,0.857,0.406,1.23
2578,79.274,35,19,56,0.643,0.5,0.306,1.53
2579,74.335,33,18,52,0.75,0.722,0.282,1.53
2580,-11.252,28,29,59,0.797,0.95,0.277,1.4
2581,8.263,27,24,63,0.762,0.733,0.333,1.38
2582,136.857,41,14,57,0.772,1.0,0.25,1.71
2583,125.606,41,16,59,0.678,0.786,0.325,1.61
2584,102.479,38,18,60,0.8,0.75,0.25,1.86
2585,8.879,36,33,76,0.776,0.875,0.305,2.08
2586,107.639,41,19,61,0.754,0.84,0.261,1.94
2587,189.577,43,6,51,0.765,0.833,0.359,1.39
2588,106.747,42,20,63,0.683,0.562,0.372,2.13
2589,33.429,29,22,59,0.763,0.778,0.467,1.52
2590,94.974,37,18,55,0.764,0.909,0.381,1.55
2591,51.843,31,20,58,0.724,0.696,0.357,1.8
2592,153.299,41,11,57,0.667,0.786,0.368,1.7
2593,128.203,41,16,60,0.767,0.85,0.348,1.94
2594,14.395,30,26,61,0.639,0.739,0.308,1.94
2595,19.905,33,28,63,0.714,0.793,0.244,1.79
2596,121.492,37,13,51,0.784,0.7,0.3,1.19
2597,99.588,36,16,57,0.684,0.68,0.308,2.1
2598,-56.124,30,40,70,0.729,0.757,0.275,1.97
2599,-4.623,29,29,61,0.721,0.857,0.273,1.66
2600,155.886,39,8,52,0.808,1.0,0.286,1.34
2601,133.599,37,11,48,0.646,1.0,0.355,1.38
2602,94.817,40,21,66,0.712,0.846,0.34,1.87
2603,18.457,30,25,66,0.818,0.938,0.333,1.72
2604,153.267,41,11,57,0.772,1.0,0.25,1.33
2605,111.884,41,19,63,0.587,0.579,0.405,2.03
2606,102.522,36,16,55,0.709,0.8,0.462,1.82
2607,85.466,35,18,60,0.683,0.882,0.415,1.68
2608,32.239,41,34,78,0.654,0.625,0.275,2.3
2609,127.103,34,9,46,0.739,1.0,0.382,1.24
2610,142.451,41,13,56,0.714,0.722,0.275,1.52
2611,76.077,33,18,54,0.722,0.857,0.256,1.6
2612,30.454,33,26,63,0.635,0.643,0.375,2.03
2613,133.198,34,7,42,0.762,1.0,0.344,0.89
2614,133.593,41,14,56,0.768,0.75,0.488,1.55
2615,153.753,40,10,55,0.636,1.0,0.486,1.38
2616,107.41,35,14,49,0.816,1.0,0.375,0.96
2617,105.335,38,17,57,0.702,0.75,0.375,1.61
2618,121.028,42,18,62,0.71,0.72,0.295,1.68
2619,117.184,34,11,48,0.771,0.727,0.351,1.27
2620,127.311,34,9,45,0.756,1.0,0.294,1.03
2621,25.307,29,23,52,0.75,0.909,0.385,1.26
2622,108.725,34,12,46,0.717,0.875,0.303,1.09
2623,118.261,36,12,48,0.708,0.778,0.324,1.12
2624,108.022,33,12,52,0.635,0.75,0.333,1.42
2625,19.537,29,24,56,0.732,0.867,0.244,1.39
2626,75.424,37,22,65,0.677,0.833,0.432,1.84
2627,101.707,39,19,60,0.733,0.8,0.25,1.48
2628,46.19,36,26,64,0.844,0.909,0.259,1.52
2629,-4.121,31,30,65,0.692,0.697,0.267,2.03
2630,109.143,40,18,63,0.667,0.8,0.31,1.95
2631,68.162,32,18,52,0.731,0.8,0.368,1.48
2632,127.109,36,11,51,0.784,0.833,0.225,1.32
2633,67.867,38,24,67,0.731,0.7,0.265,2.21
2634,40.257,33,25,58,0.707,0.889,0.317,1.96
2635,90.171,36,18,57,0.807,1.0,0.391,1.42
2636,78.84,34,18,58,0.69,0.714,0.375,1.4
2637,23.521,31,25,61,0.869,0.9,0.245,1.47
2638,39.978,35,26,64,0.812,0.912,0.308,1.58
2639,88.563,35,17,54,0.63,0.696,0.382,1.94
2640,86.19,35,18,55,0.673,0.778,0.324,1.59
2641,-42.148,35,42,81,0.728,0.811,0.407,2.19
2642,183.232,44,8,54,0.593,0.812,0.344,1.6
2643,166.479,42,9,52,0.731,0.778,0.289,1.33
2644,84.651,34,17,58,0.845,1.0,0.265,2.04
2645,176.482,41,7,48,0.646,1.0,0.355,1.14
2646,113.749,35,13,51,0.667,0.857,0.353,1.49
2647,89.12,34,16,51,0.784,1.0,0.375,1.29
2648,96.744,35,15,51,0.647,0.857,0.303,1.16
2649,97.284,37,17,57,0.842,1.0,0.292,1.09
2650,117.393,36,12,48,0.729,0.765,0.314,1.34
2651,54.147,36,24,66,0.758,0.636,0.28,1.6
2652,26.959,33,27,65,0.723,0.789,0.298,1.77
2653,118.608,34,10,53,0.736,0.933,0.333,1.51
2654,85.446,33,16,52,0.615,1.0,0.375,1.54
2655,79.56,36,20,59,0.797,0.933,0.255,1.57
2656,76.588,37,21,64,0.703,0.8,0.378,1.84
2657,23.17,34,28,63,0.746,0.818,0.277,1.53
2658,-0.337,28,27,64,0.672,0.824,0.372,1.71
2659,-12.452,32,33,67,0.731,0.846,0.306,1.74
2660,79.432,32,16,50,0.78,0.9,0.282,1.25
2661,18.44,34,29,69,0.768,0.824,0.396,1.78
2662,41.81,34,25,65,0.8,0.812,0.308,1.52
2663,50.722,35,24,61,0.77,0.889,0.255,1.74
2664,143.852,40,12,54,0.759,0.75,0.463,1.67
2665,53.459,37,26,63,0.619,0.591,0.282,1.64
2666,28.909,28,21,52,0.712,0.722,0.378,1.43
2667,81.281,38,22,63,0.635,0.63,0.25,2.04
2668,101.489,35,15,56,0.857,0.812,0.25,1.41
2669,80.47,32,17,51,0.706,0.778,0.278,1.69
2670,95.612,35,16,54,0.833,0.786,0.289,1.56
2671,127.163,39,13,56,0.732,0.833,0.293,1.57
2672,86.086,30,13,45,0.689,0.8,0.419,1.27
2673,68.282,35,21,68,0.721,0.682,0.265,1.81
2674,60.884,30,18,52,0.712,0.75,0.351,1.79
2675,50.349,35,24,66,0.712,0.947,0.383,1.83
2676,27.541,30,24,57,0.807,0.929,0.37,1.61
2677,141.317,35,7,46,0.739,0.833,0.324,1.34
2678,207.269,48,7,58,0.741,0.8,0.302,1.43
2679,54.636,32,21,59,0.678,0.643,0.325,2.04
2680,68.749,40,26,69,0.855,0.897,0.254,1.85
2681,140.078,40,12,53,0.717,1.0,0.395,1.17
2682,50.311,33,23,60,0.717,0.724,0.372,2.06
2683,-14.214,37,39,82,0.695,0.698,0.281,2.82
2684,73.118,38,23,65,0.8,0.875,0.269,1.5
2685,19.819,33,27,64,0.75,0.88,0.271,1.24
2686,115.759,39,16,58,0.69,0.889,0.375,1.68
2687,86.829,34,16,50,0.78,0.5,0.487,1.57
2688,-7.826,28,29,62,0.694,0.643,0.395,1.71
2689,120.164,39,15,54,0.833,1.0,0.289,1.2
2690,140.999,41,13,57,0.719,0.833,0.415,1.41
2691,117.446,39,16,58,0.724,0.727,0.405,2.03
2692,94.697,36,17,54,0.796,0.727,0.302,1.94
2693,25.594,30,24,60,0.867,0.789,0.327,1.83
2694,95.285,39,19,65,0.815,0.941,0.321,1.77
2695,123.161,41,16,58,0.69,0.667,0.4,1.16
2696,51.474,37,26,69,0.87,1.0,0.3,1.3
2697,106.475,35,14,56,0.714,0.875,0.375,1.65
2698,155.009,39,9,50,0.68,0.75,0.412,1.58
2699,123.204,41,17,60,0.633,1.0,0.421,1.76
2700,118.663,39,16,55,0.782,1.0,0.419,1.33
2701,143.527,38,10,58,0.776,0.8,0.289,1.38
2702,48.94,37,26,68,0.794,0.867,0.278,1.78
2703,66.582,36,22,65,0.815,0.931,0.321,2.02
2704,63.119,35,22,58,0.638,0.789,0.378,1.77
2705,100.029,41,21,62,0.726,0.941,0.378,1.41
2706,160.114,41,9,51,0.725,0.833,0.432,1.47
2707,-21.553,31,34,74,0.757,0.731,0.268,2.03
2708,109.233,39,17,61,0.754,1.0,0.348,1.5
2709,108.252,39,17,57,0.737,0.667,0.262,1.38
2710,114.159,42,19,66,0.742,0.889,0.245,1.4
2711,50.43,31,21,54,0.852,1.0,0.326,1.6
2712,146.547,38,9,51,0.784,1.0,0.325,1.28
2713,28.637,33,26,63,0.841,0.95,0.264,1.62
2714,225.484,48,4,55,0.673,0.769,0.27,1.41
2715,82.918,33,16,51,0.863,0.875,0.318,1.37
2716,26.553,37,31,77,0.753,0.775,0.293,2.17
2717,115.881,30,7,40,0.65,0.833,0.346,1.04
2718,84.735,37,20,57,0.667,0.833,0.395,1.57
2719,63.192,32,19,54,0.685,0.75,0.378,1.25
2720,151.362,40,10,52,0.769,0.7,0.3,1.46
2721,43.978,34,24,64,0.797,0.857,0.294,1.32
2722,12.127,29,26,59,0.831,0.913,0.286,1.64
2723,102.73,31,10,47,0.745,0.933,0.229,1.22
2724,58.164,29,16,51,0.667,0.929,0.324,0.99
2725,-9.169,28,29,62,0.758,0.812,0.34,2.01
2726,165.8,37,5,44,0.614,1.0,0.296,1.06
2727,106.784,36,14,52,0.808,1.0,0.31,1.54
2728,36.945,34,26,62,0.823,0.929,0.294,1.64
2729,169.793,40,7,48,0.75,0.75,0.389,1.19
2730,65.117,34,21,59,0.712,0.941,0.357,1.8
2731,181.316,43,8,53,0.698,0.7,0.297,1.7
2732,39.891,32,23,57,0.737,0.846,0.357,1.11
2733,151.656,38,8,53,0.774,0.889,0.366,1.44
2734,113.36,32,10,44,0.727,0.571,0.5,1.26
2735,92.906,32,14,49,0.653,1.0,0.406,1.16
2736,150.229,39,9,54,0.778,1.0,0.31,1.52
2737,128.435,39,14,58,0.776,0.909,0.444,1.78
2738,17.445,35,32,75,0.733,0.75,0.345,2.85
2739,120.151,38,14,54,0.759,1.0,0.415,1.49
2740,111.278,35,13,51,0.765,1.0,0.333,1.47
2741,55.086,37,25,65,0.738,0.838,0.292,2.06
2742,93.11,39,20,61,0.754,0.9,0.413,1.67
2743,127.019,34,9,46,0.761,1.0,0.343,1.47
2744,97.482,35,15,51,0.745,0.727,0.395,1.27
2745,14.008,37,33,75,0.68,0.727,0.294,2.77
2746,93.798,39,20,64,0.781,0.9,0.32,1.71
2747,115.075,32,9,43,0.767,1.0,0.364,1.15
2748,52.531,32,21,58,0.707,0.7,0.317,1.6
2749,107.025,34,12,47,0.681,0.75,0.375,1.31
2750,-10.399,31,32,67,0.761,0.9,0.314,1.93
2751,144.932,37,8,48,0.688,1.0,0.303,1.37
2752,169.827,47,14,61,0.738,0.923,0.311,1.17
2753,91.446,36,17,55,0.782,0.889,0.302,1.45
2754,170.1,39,6,53,0.717,1.0,0.263,1.29
2755,22.138,30,24,54,0.685,0.714,0.351,1.4
2756,145.189,41,13,54,0.667,0.455,0.389,1.69
2757,107.769,36,15,53,0.755,0.833,0.275,1.6
2758,138.894,44,16,62,0.629,1.0,0.385,1.29
2759,22.392,35,29,70,0.786,0.833,0.309,1.73
2760,33.641,31,24,61,0.738,0.857,0.356,1.6
2761,14.034,33,29,63,0.667,0.778,0.333,1.62
2762,35.627,31,23,56,0.804,0.833,0.333,1.69
2763,166.119,37,5,43,0.674,0.0,0.31,1.02
2764,70.702,33,18,54,0.685,0.667,0.514,1.78
2765,96.138,40,21,63,0.746,1.0,0.319,1.51
2766,99.81,38,18,60,0.767,1.0,0.261,1.45
2767,120.656,33,9,48,0.792,1.0,0.421,1.25
2768,24.982,33,27,61,0.869,0.909,0.321,1.48
2769,105.67,37,16,59,0.763,0.429,0.333,1.72
2770,37.952,35,27,64,0.828,1.0,0.396,1.65
2771,35.433,31,24,60,0.783,0.765,0.319,1.89
2772,137.31,39,12,55,0.709,1.0,0.41,1.71
2773,26.474,29,23,54,0.778,1.0,0.381,1.46
2774,-17.782,29,31,61,0.852,0.929,0.327,1.73
2775,109.31,39,17,62,0.806,0.895,0.32,1.68
2776,132.746,36,10,47,0.681,0.5,0.469,1.24
2777,121.198,37,13,55,0.655,0.833,0.361,1.32
2778,148.163,37,8,48,0.729,0.8,0.371,1.46
2779,70.672,35,21,57,0.754,1.0,0.419,1.59
2780,214.019,47,5,55,0.709,0.833,0.333,1.47
2781,78.608,34,18,56,0.804,0.944,0.333,1.54
2782,56.064,34,23,60,0.817,0.867,0.347,1.58
2783,114.828,32,9,41,0.732,1.0,0.467,1.11
2784,159.82,38,7,45,0.689,0.0,0.323,1.15
2785,92.186,34,16,53,0.717,0.762,0.316,1.64
2786,81.02,30,14,52,0.731,0.8,0.289,1.29
2787,-37.042,25,31,62,0.855,0.81,0.377,1.46
2788,118.109,41,17,60,0.767,0.889,0.304,1.42
2789,100.517,38,18,56,0.768,0.923,0.256,1.33
2790,79.437,34,18,55,0.709,0.692,0.256,1.62
2791,76.485,34,19,59,0.797,1.0,0.362,1.67
2792,135.415,29,3,32,0.531,0.75,0.588,1.18
2793,41.873,31,22,56,0.821,1.0,0.304,1.46
2794,134.617,41,13,57,0.772,0.824,0.318,1.48
2795,97.477,36,17,54,0.778,0.846,0.405,1.59
2796,31.648,37,30,68,0.779,0.893,0.34,1.62
2797,105.969,38,16,59,0.746,1.0,0.386,1.66
2798,80.972,38,22,61,0.77,0.857,0.298,1.5
2799,63.819,33,20,60,0.833,1.0,0.28,1.54
2800,172.576,42,8,53,0.792,0.333,0.286,1.32
2801,152.664,42,12,57,0.807,0.833,0.304,1.5
2802,96.145,32,14,47,0.617,1.0,0.414,1.59
2803,-14.066,28,30,61,0.738,0.786,0.378,1.62
2804,115.885,38,15,54,0.759,0.905,0.244,1.48
2805,93.265,35,16,53,0.698,0.562,0.297,1.34
2806,72.255,31,16,50,0.76,0.8,0.395,1.46
2807,107.618,31,10,43,0.837,0.0,0.417,1.03
2808,15.545,32,28,62,0.726,0.895,0.378,1.76
2809,55.032,36,24,67,0.746,0.625,0.26,1.5
2810,102.806,33,13,52,0.769,0.688,0.45,1.72
2811,166.769,38,6,47,0.809,1.0,0.368,1.25
2812,135.801,35,9,44,0.773,0.857,0.353,1.27
2813,143.188,42,13,57,0.684,0.875,0.41,1.52
2814,65.208,29,15,51,0.706,0.786,0.333,1.27
2815,154.115,35,5,42,0.762,1.0,0.281,1.21
2816,162.0,44,12,61,0.656,0.714,0.45,1.76
2817,102.043,37,16,60,0.767,0.667,0.348,1.53
2818,70.775,37,23,61,0.754,0.941,0.326,1.81
2819,135.045,35,9,44,0.636,0.0,0.357,1.07
2820,78.002,38,21,60,0.683,0.833,0.366,1.13
2821,152.587,39,9,51,0.686,0.643,0.371,1.7
2822,127.946,38,13,53,0.755,0.85,0.275,1.7
2823,112.031,41,19,64,0.703,0.824,0.378,1.8
2824,52.329,37,26,65,0.677,0.81,0.341,1.94
2825,-6.628,31,31,64,0.703,0.743,0.333,2.05
2826,135.382,31,5,38,0.605,0.556,0.435,1.35
2827,66.44,39,24,67,0.791,0.923,0.472,1.77
2828,73.712,30,15,48,0.75,0.7,0.306,1.15
2829,93.463,36,17,53,0.698,0.75,0.243,1.42
2830,125.976,41,16,60,0.667,0.786,0.45,1.83
2831,79.5,33,17,54,0.685,0.333,0.378,1.42
2832,136.544,38,11,53,0.792,0.909,0.286,1.61
2833,83.215,35,19,56,0.714,0.875,0.35,1.65
2834,31.3,29,22,56,0.732,1.0,0.341,1.52
2835,91.718,39,21,63,0.762,0.75,0.312,2.22
2836,140.314,35,8,45,0.733,0.667,0.364,1.59
2837,75.827,36,20,64,0.812,0.9,0.308,1.76
2838,132.85,40,13,59,0.797,0.667,0.255,1.52
2839,112.83,37,14,55,0.764,0.917,0.333,1.26
2840,67.08,37,23,63,0.698,0.75,0.364,1.77
2841,128.581,41,16,57,0.719,0.8,0.317,1.45
2842,162.215,41,10,54,0.778,0.667,0.357,1.75
2843,160.758,46,14,63,0.683,0.6,0.395,1.65
2844,0.152,35,34,72,0.667,0.676,0.292,2.09
2845,101.697,35,15,51,0.667,0.667,0.412,1.32
2846,108.817,34,12,48,0.729,0.846,0.314,1.4
2847,122.424,35,11,48,0.646,0.667,0.355,1.24
2848,110.006,31,10,41,0.634,0.75,0.346,1.23
2849,50.832,36,25,63,0.81,0.917,0.333,1.74
2850,112.965,37,15,53,0.717,0.857,0.263,1.44
2851,140.44,42,13,64,0.734,0.826,0.319,1.54
2852,27.458,34,28,64,0.812,0.909,0.404,1.88
2853,143.956,41,13,60,0.717,0.692,0.279,1.92
2854,69.903,39,24,63,0.698,0.778,0.341,1.3
2855,69.124,34,20,59,0.78,0.864,0.391,1.86
2856,41.628,32,23,62,0.823,1.0,0.353,1.71
2857,93.163,37,19,57,0.772,0.84,0.295,1.55
2858,16.0,30,26,58,0.759,0.8,0.409,1.78
2859,-1.108,31,30,64,0.719,0.5,0.283,1.57
2860,144.906,41,13,57,0.702,0.7,0.5,1.62
2861,145.433,41,12,56,0.75,1.0,0.357,1.33
2862,116.398,31,8,40,0.85,0.875,0.382,1.22
2863,140.321,39,11,50,0.72,0.8,0.306,1.21
2864,72.119,35,20,63,0.762,0.769,0.292,1.83
2865,59.709,38,24,71,0.746,0.864,0.283,1.65
2866,108.893,39,17,60,0.817,0.9,0.367,1.91
2867,114.092,38,15,54,0.704,0.769,0.368,1.56
2868,133.98,41,14,60,0.733,1.0,0.477,1.54
2869,112.075,43,20,70,0.729,0.818,0.451,1.94
2870,95.63,33,14,50,0.76,0.833,0.5,1.61
2871,164.064,41,9,52,0.75,0.778,0.359,1.36
2872,138.227,36,9,45,0.8,0.909,0.333,1.28
2873,155.052,37,7,44,0.773,0.667,0.324,1.24
2874,80.496,37,21,63,0.714,0.714,0.333,1.82
2875,106.349,36,15,51,0.824,0.867,0.286,1.51
2876,-12.34,33,34,70,0.671,0.75,0.362,2.05
2877,109.317,36,14,52,0.615,0.667,0.344,1.44
2878,-11.198,25,26,54,0.796,1.0,0.279,1.22
2879,-4.32,29,28,59,0.729,0.828,0.395,1.71
2880,137.812,35,8,49,0.755,1.0,0.297,1.41
2881,126.01,37,12,52,0.788,1.0,0.415,1.29
2882,160.815,40,9,53,0.774,1.0,0.366,1.46
2883,62.38,33,20,61,0.672,0.929,0.293,1.56
2884,83.664,37,20,60,0.8,0.812,0.271,1.59
2885,177.18,47,12,60,0.767,0.909,0.413,1.66
2886,97.757,38,18,62,0.823,0.905,0.392,2.01
2887,51.926,35,23,65,0.708,0.783,0.261,1.48
2888,131.567,37,10,56,0.589,0.833,0.242,1.48
2889,124.307,40,15,57,0.684,0.882,0.333,1.64
2890,86.621,34,16,57,0.719,0.875,0.293,1.46
2891,58.907,24,12,38,0.737,0.833,0.429,1.13
2892,61.476,32,19,53,0.849,1.0,0.356,1.3
2893,-9.284,34,35,76,0.75,0.788,0.351,1.81
2894,84.766,36,18,57,0.737,0.818,0.262,1.51
2895,138.72,38,11,51,0.686,1.0,0.314,1.48
2896,117.05,40,17,59,0.712,0.882,0.286,1.47
2897,118.138,42,18,61,0.738,0.929,0.289,1.42
2898,109.031,34,13,47,0.702,0.833,0.364,1.56
2899,115.625,38,15,53,0.755,0.786,0.425,1.79
2900,6.973,32,30,63,0.698,0.774,0.477,1.89
2901,129.705,39,13,52,0.712,0.667,0.378,1.54
2902,94.258,38,19,63,0.603,0.727,0.395,2.12
2903,57.848,35,22,57,0.737,0.833,0.262,1.22
2904,52.765,27,16,45,0.733,0.75,0.394,1.29
2905,86.223,30,13,45,0.711,0.818,0.281,1.36
2906,44.783,32,22,57,0.719,0.889,0.39,1.48
2907,200.906,45,6,51,0.647,1.0,0.333,1.37
2908,144.367,40,12,56,0.714,0.0,0.275,1.3
2909,12.549,29,26,55,0.727,1.0,0.425,1.64
2910,130.65,40,14,56,0.804,0.9,0.333,1.37
2911,78.018,39,24,66,0.742,0.765,0.388,1.92
2912,90.005,34,16,50,0.74,1.0,0.378,1.27
2913,97.252,39,19,61,0.656,0.684,0.425,1.89
2914,125.335,38,13,55,0.727,0.667,0.375,1.6
2915,93.107,40,21,65,0.615,0.643,0.425,2.22
2916,189.544,49,11,62,0.661,1.0,0.293,1.46
2917,134.582,38,12,52,0.808,0.833,0.333,1.65
2918,160.16,40,9,52,0.731,0.778,0.289,1.63
2919,180.733,39,4,43,0.698,1.0,0.4,1.14
2920,181.102,41,6,48,0.729,1.0,0.343,1.33
2921,-4.71,28,28,59,0.797,0.889,0.34,1.37
2922,133.531,38,12,52,0.692,0.667,0.417,1.38
2923,8.43,25,23,49,0.694,0.7,0.441,1.39
2924,73.419,36,20,56,0.732,0.778,0.39,1.41
2925,89.676,39,21,63,0.778,0.852,0.286,2.07
2926,18.236,28,24,57,0.719,0.737,0.366,1.85
2927,75.01,38,23,64,0.625,0.85,0.4,1.68
2928,134.32,32,6,38,0.632,0.0,0.292,1.1
2929,7.57,31,28,61,0.705,0.812,0.279,1.48
2930,116.922,38,14,55,0.745,0.909,0.341,1.43
2931,173.807,44,10,55,0.8,1.0,0.364,1.4
2932,57.522,31,19,50,0.68,0.647,0.294,1.74
2933,60.324,36,23,66,0.742,0.824,0.286,1.97
2934,163.262,42,9,56,0.768,0.917,0.326,1.65
2935,102.729,39,19,61,0.689,0.71,0.286,2.06
2936,9.489,32,29,67,0.642,0.769,0.349,1.93
2937,70.053,32,18,56,0.696,1.0,0.436,1.57
2938,104.035,41,20,65,0.754,0.852,0.306,2.09
2939,81.141,35,18,54,0.778,0.75,0.31,1.38
2940,14.797,30,26,63,0.683,0.75,0.256,1.62
2941,-14.667,35,37,80,0.738,0.875,0.373,2.05
2942,131.614,36,10,47,0.766,0.857,0.417,1.24
2943,137.345,40,13,59,0.746,0.773,0.341,1.79
2944,57.261,34,22,61,0.689,0.81,0.357,1.46
2945,114.554,40,17,59,0.729,0.846,0.372,1.74
2946,145.757,33,5,42,0.69,0.0,0.31,1.23
2947,128.513,40,15,61,0.721,0.75,0.273,1.48
2948,79.304,36,20,60,0.75,0.722,0.289,1.68
2949,174.515,40,6,49,0.714,0.667,0.486,1.18
2950,96.063,36,17,62,0.742,0.889,0.217,1.68
2951,45.112,33,23,57,0.772,0.95,0.341,1.66
2952,102.387,42,21,63,0.762,1.0,0.396,1.68
2953,183.777,51,14,65,0.646,0.647,0.333,1.38
2954,125.431,39,14,59,0.644,0.778,0.316,1.92
2955,56.528,34,22,61,0.754,0.875,0.326,1.81
2956,111.329,39,17,57,0.789,0.889,0.289,1.29
2957,53.261,32,21,54,0.852,0.833,0.348,1.38
2958,123.332,40,16,60,0.717,0.75,0.326,1.48
2959,166.036,43,11,56,0.75,1.0,0.333,1.52
2960,119.649,33,9,49,0.857,1.0,0.381,1.37
2961,80.779,39,22,62,0.774,1.0,0.438,1.49
2962,-51.041,29,38,71,0.786,0.85,0.345,2.86
2963,19.669,35,30,65,0.769,0.857,0.38,1.87
2964,128.884,43,18,62,0.758,0.826,0.298,1.55
2965,62.99,33,20,55,0.727,0.333,0.425,1.54
2966,172.703,42,8,50,0.82,0.889,0.317,1.22
2967,42.927,35,25,63,0.825,0.875,0.404,1.3
2968,-25.283,30,34,67,0.821,0.857,0.273,2.07
2969,43.407,38,29,72,0.778,0.933,0.286,1.94
2970,43.346,32,22,61,0.803,1.0,0.347,1.56
2971,150.379,43,14,58,0.655,0.818,0.289,1.65
2972,117.561,43,19,65,0.785,0.706,0.353,1.75
2973,39.68,36,27,65,0.769,0.75,0.3,1.62
2974,-43.611,33,40,76,0.842,0.933,0.328,1.95
2975,161.344,46,14,60,0.717,0.85,0.302,1.83
2976,100.96,42,21,69,0.725,0.952,0.3,1.8
2977,176.263,34,0,34,0.647,0.0,0.5,1.02
2978,75.213,33,18,59,0.797,0.889,0.489,1.81
2979,40.354,29,20,52,0.692,0.75,0.389,1.25
2980,164.682,40,8,50,0.76,1.0,0.289,1.34
2981,78.51,33,17,54,0.741,0.722,0.325,1.94
2982,76.361,34,19,53,0.604,0.727,0.344,1.31
2983,158.917,41,9,59,0.729,0.769,0.395,1.52
2984,82.929,34,17,57,0.772,0.917,0.295,1.52
2985,60.305,32,20,55,0.8,0.714,0.523,1.98
2986,11.099,32,28,64,0.734,0.792,0.383,1.6
2987,63.223,33,19,58,0.655,0.714,0.289,1.1
2988,95.049,31,12,48,0.708,0.714,0.324,1.19
2989,-6.029,31,32,64,0.812,1.0,0.423,2.34
2990,153.968,44,14,61,0.705,0.875,0.279,1.48
2991,150.226,40,11,52,0.692,0.8,0.361,1.34
2992,93.93,31,12,51,0.843,1.0,0.302,1.12
2993,150.649,43,13,57,0.772,0.786,0.341,1.42
2994,160.248,37,6,47,0.745,1.0,0.257,1.41
2995,188.89,47,10,61,0.656,0.778,0.475,1.44
2996,3.205,33,31,69,0.71,0.781,0.306,1.86
2997,30.286,33,25,60,0.817,0.875,0.347,1.39
2998,165.581,41,9,50,0.68,0.667,0.382,1.25
2999,43.578,27,18,53,0.755,1.0,0.325,1.43
3000,54.83,30,19,51,0.725,0.867,0.297,1.4
