"# dyn mode=none d=0 [0,0] route_mask=local lam_hot=1.50 ch=3 seed=3 eps=3000 ue=25"
episode,reward,success,fail,arrived,route_rate,cond_route_rate,top_share,load_std
1,87.91,27,10,38,0.0,0.0,0.0,1.75
2,-8.706,30,31,62,0.0,0.0,0.0,2.7
3,-104.262,14,34,54,0.0,0.0,0.0,2.9
4,-12.842,25,27,57,0.0,0.0,0.0,2.72
5,-18.138,19,23,53,0.0,0.0,0.0,3.16
6,41.433,28,20,52,0.0,0.0,0.0,2.32
7,-66.148,19,31,55,0.0,0.0,0.0,1.9
8,6.785,25,24,49,0.0,0.0,0.0,2.29
9,-16.751,20,23,46,0.0,0.0,0.0,2.3
10,-20.306,22,26,49,0.0,0.0,0.0,2.6
11,-2.346,24,23,54,0.0,0.0,0.0,2.29
12,-8.042,24,25,54,0.0,0.0,0.0,2.36
13,107.578,30,9,43,0.0,0.0,0.0,1.76
14,14.587,25,22,51,0.0,0.0,0.0,2.37
15,-29.386,21,26,51,0.0,0.0,0.0,2.04
16,1.842,26,25,51,0.0,0.0,0.0,2.64
17,-6.289,25,26,56,0.0,0.0,0.0,2.81
18,-25.212,22,26,49,0.0,0.0,0.0,2.37
19,-40.159,27,34,67,0.0,0.0,0.0,2.96
20,36.595,30,22,56,0.0,0.0,0.0,2.42
21,-167.94,20,52,75,0.0,0.0,0.0,3.19
22,-35.858,22,28,54,0.0,0.0,0.0,2.56
23,-55.568,21,31,56,0.0,0.0,0.0,2.53
24,-24.012,25,29,57,0.0,0.0,0.0,2.55
25,-31.574,22,28,55,0.0,0.0,0.0,2.51
26,-57.103,24,34,61,0.0,0.0,0.0,3.21
27,-12.126,25,27,53,0.0,0.0,0.0,2.16
28,8.834,23,21,50,0.0,0.0,0.0,2.48
29,-17.008,22,24,46,0.0,0.0,0.0,1.7
30,-142.414,20,47,74,0.0,0.0,0.0,3.12
31,62.351,25,13,46,0.0,0.0,0.0,2.26
32,-75.441,23,37,67,0.0,0.0,0.0,3.5
33,48.17,30,20,57,0.0,0.0,0.0,3.22
34,-44.758,16,24,47,0.0,0.0,0.0,2.52
35,-63.859,21,34,56,0.0,0.0,0.0,2.95
36,-29.594,23,29,55,0.0,0.0,0.0,3.05
37,-33.478,23,29,54,0.0,0.0,0.0,3.11
38,22.689,26,21,48,0.0,0.0,0.0,2.29
39,-139.14,18,44,65,0.0,0.0,0.0,3.49
40,-42.22,21,29,52,0.0,0.0,0.0,2.3
41,3.455,26,25,53,0.0,0.0,0.0,2.55
42,-112.674,19,40,64,0.0,0.0,0.0,3.57
43,-62.543,24,36,65,0.0,0.0,0.0,3.03
44,-77.408,23,38,63,0.0,0.0,0.0,3.4
45,-9.788,22,23,48,0.0,0.0,0.0,1.92
46,12.419,26,23,50,0.0,0.0,0.0,2.2
47,-27.417,24,29,58,0.0,0.0,0.0,2.79
48,38.902,28,20,54,0.0,0.0,0.0,2.12
49,-30.388,20,25,47,0.0,0.0,0.0,2.09
50,-46.31,19,28,50,0.0,0.0,0.0,2.38
51,-52.77,17,28,48,0.0,0.0,0.0,2.68
52,-89.896,23,39,70,0.0,0.0,0.0,3.31
53,-10.913,25,26,53,0.0,0.0,0.0,2.28
54,66.36,31,17,48,0.0,0.0,0.0,1.9
55,-22.267,23,27,54,0.0,0.0,0.0,2.55
56,14.491,21,18,43,0.0,0.0,0.0,2.34
57,1.613,23,22,48,0.0,0.0,0.0,1.94
58,-10.798,22,24,52,0.0,0.0,0.0,2.32
59,-43.266,24,32,57,0.0,0.0,0.0,2.43
60,-125.095,16,40,59,0.0,0.0,0.0,3.59
61,-104.634,18,38,57,0.0,0.0,0.0,3.12
62,-47.557,18,27,49,0.0,0.0,0.0,2.39
63,-124.484,19,43,63,0.0,0.0,0.0,2.62
64,-122.755,19,42,66,0.0,0.0,0.0,3.81
65,9.663,20,18,40,0.0,0.0,0.0,2.06
66,-19.829,25,29,55,0.0,0.0,0.0,2.87
67,-63.427,21,33,60,0.0,0.0,0.0,3.18
68,-36.75,23,30,57,0.0,0.0,0.0,2.39
69,7.298,27,25,52,0.0,0.0,0.0,2.57
70,-35.503,23,29,52,0.0,0.0,0.0,1.89
71,-0.304,27,26,57,0.0,0.0,0.0,2.54
72,-31.872,25,30,56,0.0,0.0,0.0,2.45
73,-9.598,24,25,54,0.0,0.0,0.0,2.08
74,-55.948,25,35,63,0.0,0.0,0.0,3.03
75,-59.009,23,34,62,0.0,0.0,0.0,3.32
76,-53.213,22,31,62,0.0,0.0,0.0,2.89
77,22.655,24,19,49,0.0,0.0,0.0,2.13
78,-16.134,24,27,53,0.0,0.0,0.0,2.71
79,6.6,23,21,53,0.0,0.0,0.0,3.15
80,-52.939,26,36,66,0.0,0.0,0.0,3.15
81,5.912,26,24,51,0.0,0.0,0.0,1.71
82,-42.505,25,33,60,0.0,0.0,0.0,2.9
83,-52.225,25,34,69,0.0,0.0,0.0,2.9
84,-27.636,22,27,56,0.0,0.0,0.0,2.7
85,-52.347,18,28,52,0.0,0.0,0.0,2.35
86,-64.504,20,32,56,0.0,0.0,0.0,2.47
87,-70.289,24,37,66,0.0,0.0,0.0,3.49
88,18.486,25,21,52,0.0,0.0,0.0,2.25
89,39.257,24,16,47,0.0,0.0,0.0,2.31
90,-14.406,22,24,51,0.0,0.0,0.0,2.2
91,-58.543,25,36,66,0.0,0.0,0.0,3.15
92,87.312,29,12,41,0.0,0.0,0.0,1.82
93,-84.176,24,39,67,0.0,0.0,0.0,2.99
94,42.621,27,18,48,0.0,0.0,0.0,1.96
95,6.876,26,24,53,0.0,0.0,0.0,2.69
96,-44.237,23,31,61,0.0,0.0,0.0,2.99
97,-37.537,25,32,58,0.0,0.0,0.0,2.3
98,-2.869,24,24,53,0.0,0.0,0.0,2.69
99,-35.722,21,27,54,0.0,0.0,0.0,2.88
100,-93.041,24,41,69,0.0,0.0,0.0,2.7
101,-20.155,27,30,63,0.0,0.0,0.0,3.01
102,6.928,26,24,53,0.0,0.0,0.0,2.58
103,-15.299,26,28,57,0.0,0.0,0.0,2.89
104,-22.389,19,23,46,0.0,0.0,0.0,2.35
105,-15.758,26,28,59,0.0,0.0,0.0,2.41
106,18.972,28,24,54,0.0,0.0,0.0,2.98
107,-12.637,25,27,53,0.0,0.0,0.0,2.57
108,44.761,25,16,44,0.0,0.0,0.0,2.18
109,-49.754,24,33,63,0.0,0.0,0.0,3.48
110,-11.864,26,28,56,0.0,0.0,0.0,3.16
111,9.251,27,25,53,0.0,0.0,0.0,2.28
112,-49.794,19,28,56,0.0,0.0,0.0,2.52
113,13.885,30,27,58,0.0,0.0,0.0,3.02
114,-56.611,22,32,59,0.0,0.0,0.0,2.74
115,-18.951,23,26,54,0.0,0.0,0.0,2.69
116,-87.274,24,40,68,0.0,0.0,0.0,3.05
117,59.239,28,16,48,0.0,0.0,0.0,2.24
118,40.352,25,17,46,0.0,0.0,0.0,2.12
119,-119.53,20,42,68,0.0,0.0,0.0,2.85
120,11.902,25,22,48,0.0,0.0,0.0,2.45
121,-50.009,23,32,62,0.0,0.0,0.0,3.39
122,-88.424,18,35,58,0.0,0.0,0.0,2.99
123,-55.768,23,33,62,0.0,0.0,0.0,3.08
124,-96.247,20,38,60,0.0,0.0,0.0,2.7
125,-111.889,19,40,64,0.0,0.0,0.0,2.57
126,-22.42,23,27,55,0.0,0.0,0.0,2.97
127,67.274,34,20,58,0.0,0.0,0.0,2.54
128,-63.774,18,30,51,0.0,0.0,0.0,2.63
129,-182.678,16,50,76,0.0,0.0,0.0,3.88
130,-86.236,26,41,72,0.0,0.0,0.0,3.45
131,39.077,29,21,52,0.0,0.0,0.0,2.51
132,14.482,25,22,51,0.0,0.0,0.0,2.08
133,45.396,26,17,53,0.0,0.0,0.0,2.32
134,-37.609,24,31,60,0.0,0.0,0.0,3.5
135,-45.24,24,32,59,0.0,0.0,0.0,2.68
136,-39.485,23,30,57,0.0,0.0,0.0,2.78
137,-44.272,23,31,59,0.0,0.0,0.0,2.44
138,-69.039,19,32,55,0.0,0.0,0.0,2.06
139,-24.466,23,27,54,0.0,0.0,0.0,2.33
140,-46.244,24,33,64,0.0,0.0,0.0,3.08
141,-136.367,16,42,58,0.0,0.0,0.0,3.01
142,35.916,26,18,54,0.0,0.0,0.0,1.8
143,-99.214,21,40,62,0.0,0.0,0.0,3.85
144,53.72,26,15,44,0.0,0.0,0.0,2.2
145,-63.952,21,33,55,0.0,0.0,0.0,2.99
146,-119.921,22,44,74,0.0,0.0,0.0,4.18
147,-111.324,20,41,66,0.0,0.0,0.0,3.7
148,30.816,20,14,35,0.0,0.0,0.0,1.83
149,-9.405,27,29,61,0.0,0.0,0.0,2.95
150,44.657,26,17,44,0.0,0.0,0.0,2.09
151,47.286,27,17,46,0.0,0.0,0.0,1.77
152,-15.276,25,27,53,0.0,0.0,0.0,2.2
153,-106.771,17,37,57,0.0,0.0,0.0,2.47
154,0.479,27,27,56,0.0,0.0,0.0,2.69
155,-16.082,24,27,57,0.0,0.0,0.0,3.31
156,24.277,24,19,46,0.0,0.0,0.0,2.01
157,81.709,25,9,40,0.0,0.0,0.0,2.39
158,19.749,25,21,49,0.0,0.0,0.0,2.13
159,2.823,25,23,51,0.0,0.0,0.0,1.9
160,22.839,29,24,58,0.0,0.0,0.0,3.14
161,-51.783,20,30,53,0.0,0.0,0.0,3.12
162,-17.533,25,28,58,0.0,0.0,0.0,3.22
163,-116.291,19,41,62,0.0,0.0,0.0,2.85
164,-60.334,22,33,64,0.0,0.0,0.0,3.46
165,23.191,30,25,58,0.0,0.0,0.0,2.93
166,-45.445,21,30,54,0.0,0.0,0.0,3.24
167,-22.127,26,30,61,0.0,0.0,0.0,2.78
168,-100.022,26,45,76,0.0,0.0,0.0,3.76
169,51.555,29,19,50,0.0,0.0,0.0,3.15
170,-16.748,23,26,54,0.0,0.0,0.0,2.85
171,-6.599,23,24,50,0.0,0.0,0.0,2.29
172,21.015,26,21,49,0.0,0.0,0.0,1.68
173,-13.555,23,25,60,0.0,0.0,0.0,3.38
174,-49.417,23,32,58,0.0,0.0,0.0,2.65
175,0.829,20,20,43,0.0,0.0,0.0,2.4
176,-14.995,21,23,52,0.0,0.0,0.0,2.48
177,-139.241,19,45,74,0.0,0.0,0.0,3.59
178,-12.552,25,27,54,0.0,0.0,0.0,2.58
179,20.368,25,21,50,0.0,0.0,0.0,2.02
180,-152.6,21,49,75,0.0,0.0,0.0,3.14
181,-188.63,13,49,71,0.0,0.0,0.0,3.69
182,-28.488,23,28,57,0.0,0.0,0.0,2.64
183,-64.935,25,37,68,0.0,0.0,0.0,2.97
184,-49.367,22,31,57,0.0,0.0,0.0,2.36
185,-71.653,19,32,58,0.0,0.0,0.0,3.0
186,-54.104,25,35,65,0.0,0.0,0.0,3.2
187,-129.398,19,43,67,0.0,0.0,0.0,3.5
188,-27.054,20,25,47,0.0,0.0,0.0,2.53
189,26.845,32,26,59,0.0,0.0,0.0,2.26
190,-105.497,18,38,61,0.0,0.0,0.0,3.18
191,-33.497,22,28,54,0.0,0.0,0.0,2.97
192,-62.857,24,36,69,0.0,0.0,0.0,3.27
193,-46.204,23,31,58,0.0,0.0,0.0,2.3
194,71.189,30,16,49,0.0,0.0,0.0,2.31
195,-32.544,25,31,58,0.0,0.0,0.0,2.09
196,-33.746,23,29,60,0.0,0.0,0.0,3.15
197,13.507,24,21,48,0.0,0.0,0.0,2.37
198,-58.03,22,33,65,0.0,0.0,0.0,3.45
199,-11.781,24,26,53,0.0,0.0,0.0,2.53
200,-103.933,17,37,60,0.0,0.0,0.0,3.4
201,29.243,24,18,45,0.0,0.0,0.0,1.95
202,-56.291,18,29,56,0.0,0.0,0.0,3.51
203,-64.679,23,35,66,0.0,0.0,0.0,3.02
204,-0.406,21,21,43,0.0,0.0,0.0,1.95
205,-42.619,20,28,49,0.0,0.0,0.0,2.54
206,-38.112,24,31,59,0.0,0.0,0.0,3.32
207,-85.351,21,37,60,0.0,0.0,0.0,2.98
208,-56.813,22,32,59,0.0,0.0,0.0,2.71
209,18.863,25,21,48,0.0,0.0,0.0,2.19
210,-55.404,20,30,52,0.0,0.0,0.0,2.07
211,38.413,24,16,42,0.0,0.0,0.0,1.85
212,-89.387,19,36,56,0.0,0.0,0.0,3.18
213,-26.865,25,30,56,0.0,0.0,0.0,2.65
214,-31.746,22,28,52,0.0,0.0,0.0,2.75
215,6.752,25,23,51,0.0,0.0,0.0,2.62
216,60.908,26,14,43,0.0,0.0,0.0,1.78
217,-58.626,21,32,55,0.0,0.0,0.0,3.02
218,-125.604,21,44,68,0.0,0.0,0.0,2.82
219,-59.673,21,32,62,0.0,0.0,0.0,3.33
220,-14.432,26,28,59,0.0,0.0,0.0,2.77
221,-84.27,24,40,68,0.0,0.0,0.0,3.87
222,33.419,29,22,59,0.0,0.0,0.0,2.7
223,11.502,25,22,53,0.0,0.0,0.0,2.22
224,21.28,30,25,56,0.0,0.0,0.0,2.57
225,-54.945,26,36,70,0.0,0.0,0.0,3.22
226,-8.963,27,28,56,0.0,0.0,0.0,2.08
227,-31.532,25,31,59,0.0,0.0,0.0,2.48
228,-43.443,22,30,57,0.0,0.0,0.0,3.35
229,-43.786,24,32,62,0.0,0.0,0.0,2.95
230,-51.92,19,29,55,0.0,0.0,0.0,3.21
231,-14.127,29,31,62,0.0,0.0,0.0,2.67
232,-4.595,26,25,57,0.0,0.0,0.0,2.33
233,-25.847,22,26,53,0.0,0.0,0.0,2.18
234,-17.217,22,25,55,0.0,0.0,0.0,3.13
235,-79.569,24,39,65,0.0,0.0,0.0,3.31
236,-3.128,23,23,52,0.0,0.0,0.0,2.42
237,-9.815,23,25,53,0.0,0.0,0.0,2.88
238,-58.501,21,32,60,0.0,0.0,0.0,3.24
239,-10.432,27,29,59,0.0,0.0,0.0,2.96
240,-52.353,24,34,64,0.0,0.0,0.0,3.83
241,-111.13,16,37,62,0.0,0.0,0.0,3.25
242,18.885,25,21,54,0.0,0.0,0.0,2.47
243,8.684,27,25,55,0.0,0.0,0.0,2.79
244,-6.793,23,24,52,0.0,0.0,0.0,2.08
245,-128.53,21,45,72,0.0,0.0,0.0,3.58
246,-13.727,22,24,49,0.0,0.0,0.0,2.54
247,-33.286,25,31,61,0.0,0.0,0.0,2.69
248,-99.876,19,38,58,0.0,0.0,0.0,3.14
249,50.386,29,19,51,0.0,0.0,0.0,2.55
250,-90.149,23,40,67,0.0,0.0,0.0,3.17
251,-13.471,27,29,60,0.0,0.0,0.0,2.39
252,-38.857,24,31,60,0.0,0.0,0.0,3.24
253,-16.318,24,26,60,0.0,0.0,0.0,2.43
254,-11.349,20,22,54,0.0,0.0,0.0,2.79
255,9.839,23,21,49,0.0,0.0,0.0,2.53
256,-43.53,23,31,57,0.0,0.0,0.0,3.21
257,-75.176,20,34,58,0.0,0.0,0.0,2.79
258,21.404,27,23,52,0.0,0.0,0.0,2.25
259,-33.307,28,34,72,0.0,0.0,0.0,4.19
260,-72.195,19,33,56,0.0,0.0,0.0,3.34
261,-44.203,25,33,59,0.0,0.0,0.0,3.06
262,-45.035,15,23,42,0.0,0.0,0.0,1.98
263,-59.263,22,33,60,0.0,0.0,0.0,3.17
264,-44.086,25,32,60,0.0,0.0,0.0,2.52
265,18.634,26,22,53,0.0,0.0,0.0,2.37
266,-96.915,20,38,62,0.0,0.0,0.0,2.37
267,-35.57,22,28,57,0.0,0.0,0.0,2.5
268,8.196,21,19,44,0.0,0.0,0.0,2.57
269,-71.283,21,35,61,0.0,0.0,0.0,3.09
270,-92.517,25,42,71,0.0,0.0,0.0,3.65
271,-55.523,25,35,61,0.0,0.0,0.0,2.78
272,-9.721,27,28,60,0.0,0.0,0.0,3.05
273,15.715,26,23,51,0.0,0.0,0.0,2.16
274,-0.292,25,24,53,0.0,0.0,0.0,2.5
275,-75.282,21,35,60,0.0,0.0,0.0,3.3
276,-39.428,25,32,63,0.0,0.0,0.0,2.94
277,-47.616,20,29,56,0.0,0.0,0.0,3.02
278,-18.426,26,29,60,0.0,0.0,0.0,3.11
279,-73.955,23,37,65,0.0,0.0,0.0,3.27
280,-62.712,26,38,68,0.0,0.0,0.0,3.5
281,-100.049,23,42,68,0.0,0.0,0.0,3.26
282,73.363,34,19,57,0.0,0.0,0.0,2.17
283,-21.457,23,27,53,0.0,0.0,0.0,2.42
284,35.545,27,20,49,0.0,0.0,0.0,2.12
285,-85.047,18,34,55,0.0,0.0,0.0,3.29
286,-87.395,23,39,69,0.0,0.0,0.0,3.44
287,-33.831,24,30,60,0.0,0.0,0.0,2.51
288,-141.536,16,43,69,0.0,0.0,0.0,3.93
289,-87.462,18,35,54,0.0,0.0,0.0,3.06
290,-3.836,22,22,51,0.0,0.0,0.0,2.98
291,-23.908,26,30,59,0.0,0.0,0.0,2.74
292,-38.331,23,30,58,0.0,0.0,0.0,3.35
293,-10.569,25,27,52,0.0,0.0,0.0,2.98
294,-113.363,23,44,69,0.0,0.0,0.0,3.64
295,-58.145,25,35,64,0.0,0.0,0.0,2.89
296,21.267,23,19,46,0.0,0.0,0.0,2.29
297,-29.098,27,32,62,0.0,0.0,0.0,2.42
298,-27.146,26,31,59,0.0,0.0,0.0,2.41
299,-45.386,24,32,65,0.0,0.0,0.0,3.31
300,50.882,28,18,46,0.0,0.0,0.0,2.24
301,-1.878,23,22,54,0.0,0.0,0.0,2.39
302,-52.562,26,35,67,0.0,0.0,0.0,3.3
303,-130.1,18,43,67,0.0,0.0,0.0,3.39
304,-20.644,23,27,52,0.0,0.0,0.0,2.67
305,-31.894,25,31,58,0.0,0.0,0.0,2.73
306,-48.763,24,33,61,0.0,0.0,0.0,3.4
307,6.742,26,24,53,0.0,0.0,0.0,2.49
308,-10.625,25,26,55,0.0,0.0,0.0,2.67
309,-70.044,20,33,57,0.0,0.0,0.0,2.45
310,-100.15,21,39,68,0.0,0.0,0.0,2.88
311,-65.32,20,32,53,0.0,0.0,0.0,2.9
312,12.824,27,24,56,0.0,0.0,0.0,2.81
313,-80.028,22,37,59,0.0,0.0,0.0,2.85
314,-56.971,20,31,54,0.0,0.0,0.0,2.88
315,-17.271,26,29,57,0.0,0.0,0.0,2.28
316,13.349,22,19,45,0.0,0.0,0.0,1.86
317,-23.711,26,30,61,0.0,0.0,0.0,3.48
318,-63.206,21,33,57,0.0,0.0,0.0,2.79
319,-72.376,22,35,60,0.0,0.0,0.0,3.13
320,-83.02,24,39,65,0.0,0.0,0.0,2.94
321,-47.026,27,35,64,0.0,0.0,0.0,2.86
322,-1.118,25,25,50,0.0,0.0,0.0,2.16
323,13.541,26,23,51,0.0,0.0,0.0,2.62
324,-30.732,23,28,55,0.0,0.0,0.0,2.39
325,-30.272,21,26,53,0.0,0.0,0.0,2.2
326,-54.691,21,31,56,0.0,0.0,0.0,2.5
327,23.093,24,19,48,0.0,0.0,0.0,2.11
328,1.581,24,23,54,0.0,0.0,0.0,2.81
329,-47.345,27,36,70,0.0,0.0,0.0,3.72
330,-129.489,19,44,64,0.0,0.0,0.0,3.66
331,35.354,25,18,45,0.0,0.0,0.0,1.97
332,68.059,27,14,44,0.0,0.0,0.0,1.95
333,-81.759,23,37,65,0.0,0.0,0.0,3.05
334,17.439,27,23,55,0.0,0.0,0.0,2.59
335,-67.829,27,39,70,0.0,0.0,0.0,3.64
336,35.381,27,20,48,0.0,0.0,0.0,1.92
337,-20.347,21,24,48,0.0,0.0,0.0,2.34
338,-48.211,21,30,55,0.0,0.0,0.0,3.01
339,18.36,25,21,52,0.0,0.0,0.0,2.82
340,-117.227,20,42,67,0.0,0.0,0.0,3.46
341,-2.361,20,20,42,0.0,0.0,0.0,2.2
342,-48.292,25,34,64,0.0,0.0,0.0,2.63
343,-34.358,25,31,63,0.0,0.0,0.0,2.73
344,-0.256,28,28,57,0.0,0.0,0.0,3.14
345,37.201,28,20,49,0.0,0.0,0.0,1.97
346,-97.362,19,38,58,0.0,0.0,0.0,3.43
347,-43.857,23,31,59,0.0,0.0,0.0,2.78
348,-73.291,28,41,76,0.0,0.0,0.0,3.9
349,44.243,25,16,43,0.0,0.0,0.0,2.18
350,13.451,26,23,49,0.0,0.0,0.0,2.34
351,48.366,26,16,45,0.0,0.0,0.0,1.99
352,-20.53,29,32,61,0.0,0.0,0.0,2.69
353,17.734,27,23,54,0.0,0.0,0.0,2.22
354,1.196,24,23,49,0.0,0.0,0.0,2.08
355,-17.906,22,25,49,0.0,0.0,0.0,1.89
356,37.617,26,18,46,0.0,0.0,0.0,2.32
357,-42.079,26,33,67,0.0,0.0,0.0,2.81
358,6.169,27,25,62,0.0,0.0,0.0,2.6
359,-64.916,25,37,72,0.0,0.0,0.0,3.43
360,-17.54,23,26,52,0.0,0.0,0.0,2.51
361,-58.462,23,33,61,0.0,0.0,0.0,3.29
362,-80.06,23,38,63,0.0,0.0,0.0,3.16
363,-4.014,25,25,52,0.0,0.0,0.0,2.27
364,40.652,24,15,43,0.0,0.0,0.0,1.93
365,-131.373,22,46,75,0.0,0.0,0.0,3.12
366,-23.273,29,33,64,0.0,0.0,0.0,3.14
367,-30.729,25,30,58,0.0,0.0,0.0,2.58
368,-33.21,22,28,54,0.0,0.0,0.0,2.81
369,-24.161,28,32,60,0.0,0.0,0.0,2.76
370,-102.04,19,38,64,0.0,0.0,0.0,3.19
371,-82.325,24,39,70,0.0,0.0,0.0,4.12
372,9.035,29,27,61,0.0,0.0,0.0,3.26
373,-35.269,24,30,64,0.0,0.0,0.0,3.14
374,-40.349,24,31,60,0.0,0.0,0.0,2.61
375,-41.563,22,30,59,0.0,0.0,0.0,3.43
376,-85.27,23,39,65,0.0,0.0,0.0,2.91
377,-81.128,21,37,63,0.0,0.0,0.0,3.9
378,-50.165,17,26,46,0.0,0.0,0.0,2.44
379,-56.003,26,36,66,0.0,0.0,0.0,3.08
380,59.362,29,17,50,0.0,0.0,0.0,2.29
381,-40.457,26,33,63,0.0,0.0,0.0,2.86
382,7.486,24,22,50,0.0,0.0,0.0,2.33
383,-23.134,29,33,63,0.0,0.0,0.0,3.39
384,30.633,27,21,55,0.0,0.0,0.0,1.83
385,-114.321,20,42,62,0.0,0.0,0.0,3.05
386,-77.901,24,38,65,0.0,0.0,0.0,2.98
387,39.717,22,14,38,0.0,0.0,0.0,1.78
388,-52.887,20,30,50,0.0,0.0,0.0,2.59
389,-74.556,21,35,69,0.0,0.0,0.0,3.84
390,8.015,27,25,55,0.0,0.0,0.0,2.52
391,-61.986,22,33,60,0.0,0.0,0.0,2.61
392,-17.904,19,22,43,0.0,0.0,0.0,1.99
393,65.199,28,15,49,0.0,0.0,0.0,2.28
394,-31.953,20,26,52,0.0,0.0,0.0,2.76
395,74.223,28,13,44,0.0,0.0,0.0,2.01
396,-8.639,25,26,58,0.0,0.0,0.0,2.72
397,17.297,24,20,47,0.0,0.0,0.0,2.21
398,32.732,29,22,52,0.0,0.0,0.0,2.13
399,-29.178,24,29,60,0.0,0.0,0.0,3.08
400,-53.774,20,30,56,0.0,0.0,0.0,2.94
401,-22.668,25,29,60,0.0,0.0,0.0,3.36
402,-3.254,28,27,58,0.0,0.0,0.0,2.16
403,26.089,21,16,38,0.0,0.0,0.0,2.27
404,45.859,29,19,51,0.0,0.0,0.0,2.18
405,-70.605,18,31,52,0.0,0.0,0.0,2.48
406,-48.169,20,29,50,0.0,0.0,0.0,2.41
407,-11.669,18,19,49,0.0,0.0,0.0,2.63
408,56.928,30,18,56,0.0,0.0,0.0,2.54
409,-80.442,21,35,70,0.0,0.0,0.0,3.51
410,-0.6,27,26,56,0.0,0.0,0.0,2.59
411,-20.781,27,30,60,0.0,0.0,0.0,2.33
412,11.807,24,21,52,0.0,0.0,0.0,2.56
413,-121.77,16,39,59,0.0,0.0,0.0,2.98
414,-81.346,21,36,60,0.0,0.0,0.0,2.86
415,43.203,31,22,56,0.0,0.0,0.0,2.29
416,-57.459,21,32,56,0.0,0.0,0.0,2.58
417,16.155,26,22,55,0.0,0.0,0.0,2.56
418,-33.342,23,29,56,0.0,0.0,0.0,2.36
419,-94.628,22,40,65,0.0,0.0,0.0,3.32
420,12.305,25,22,59,0.0,0.0,0.0,3.08
421,-24.979,26,30,63,0.0,0.0,0.0,3.34
422,-39.164,23,30,61,0.0,0.0,0.0,2.95
423,-59.743,22,33,57,0.0,0.0,0.0,2.62
424,-68.226,20,33,61,0.0,0.0,0.0,3.12
425,29.155,26,20,46,0.0,0.0,0.0,2.11
426,36.008,26,19,45,0.0,0.0,0.0,1.53
427,-19.17,24,27,54,0.0,0.0,0.0,2.18
428,-35.715,26,32,59,0.0,0.0,0.0,2.48
429,-20.227,24,27,59,0.0,0.0,0.0,3.27
430,9.428,27,24,56,0.0,0.0,0.0,2.64
431,0.634,27,26,59,0.0,0.0,0.0,2.52
432,18.969,22,18,40,0.0,0.0,0.0,2.41
433,-20.593,21,24,52,0.0,0.0,0.0,2.5
434,33.741,23,16,43,0.0,0.0,0.0,2.53
435,-92.357,19,36,59,0.0,0.0,0.0,2.56
436,-116.101,22,43,66,0.0,0.0,0.0,2.96
437,-88.892,17,33,55,0.0,0.0,0.0,2.79
438,-124.435,19,42,66,0.0,0.0,0.0,2.85
439,-111.434,17,38,65,0.0,0.0,0.0,3.54
440,-32.811,21,27,60,0.0,0.0,0.0,3.18
441,16.765,23,19,47,0.0,0.0,0.0,2.27
442,-23.578,27,31,62,0.0,0.0,0.0,2.92
443,-52.427,22,32,60,0.0,0.0,0.0,2.86
444,-39.545,23,31,61,0.0,0.0,0.0,3.26
445,52.409,28,17,50,0.0,0.0,0.0,2.26
446,-102.633,25,44,71,0.0,0.0,0.0,3.62
447,-39.481,23,30,55,0.0,0.0,0.0,2.64
448,-49.639,22,31,55,0.0,0.0,0.0,2.27
449,27.943,26,20,50,0.0,0.0,0.0,2.91
450,-48.407,25,33,68,0.0,0.0,0.0,3.16
451,55.041,30,19,51,0.0,0.0,0.0,2.19
452,-33.222,22,28,52,0.0,0.0,0.0,2.57
453,-9.102,26,27,57,0.0,0.0,0.0,2.54
454,-50.956,24,33,62,0.0,0.0,0.0,2.55
455,-18.109,24,27,54,0.0,0.0,0.0,2.39
456,-20.227,25,28,54,0.0,0.0,0.0,2.25
457,-54.559,24,34,62,0.0,0.0,0.0,3.25
458,12.747,31,28,60,0.0,0.0,0.0,2.46
459,-93.872,18,36,54,0.0,0.0,0.0,2.88
460,-27.227,26,30,66,0.0,0.0,0.0,2.94
461,-110.083,16,37,60,0.0,0.0,0.0,3.85
462,44.981,31,21,59,0.0,0.0,0.0,2.28
463,-16.23,25,28,58,0.0,0.0,0.0,3.03
464,-13.533,24,26,52,0.0,0.0,0.0,2.93
465,-101.508,19,38,60,0.0,0.0,0.0,2.71
466,-36.516,23,29,57,0.0,0.0,0.0,2.74
467,-9.427,23,25,52,0.0,0.0,0.0,2.76
468,-2.758,23,23,53,0.0,0.0,0.0,3.14
469,-66.864,20,32,57,0.0,0.0,0.0,2.91
470,19.227,31,27,60,0.0,0.0,0.0,2.83
471,-2.212,21,21,53,0.0,0.0,0.0,2.81
472,-23.658,26,30,60,0.0,0.0,0.0,3.15
473,-13.822,27,29,58,0.0,0.0,0.0,3.04
474,12.287,27,24,61,0.0,0.0,0.0,3.46
475,-12.053,23,25,50,0.0,0.0,0.0,2.27
476,-12.38,25,27,53,0.0,0.0,0.0,2.54
477,-62.746,21,33,57,0.0,0.0,0.0,2.95
478,-11.276,25,27,53,0.0,0.0,0.0,2.71
479,-12.855,26,28,59,0.0,0.0,0.0,2.2
480,12.244,23,20,46,0.0,0.0,0.0,2.14
481,26.156,28,23,52,0.0,0.0,0.0,2.47
482,-35.172,20,26,50,0.0,0.0,0.0,2.4
483,7.652,21,19,46,0.0,0.0,0.0,2.43
484,-0.203,27,26,56,0.0,0.0,0.0,1.93
485,-101.027,20,39,59,0.0,0.0,0.0,2.92
486,48.431,26,16,47,0.0,0.0,0.0,2.21
487,-72.922,24,37,65,0.0,0.0,0.0,2.65
488,23.202,26,21,50,0.0,0.0,0.0,2.54
489,56.192,27,15,47,0.0,0.0,0.0,1.82
490,-68.968,20,33,61,0.0,0.0,0.0,3.41
491,-53.201,20,30,53,0.0,0.0,0.0,2.2
492,-49.508,27,35,75,0.0,0.0,0.0,2.97
493,23.689,26,21,50,0.0,0.0,0.0,2.32
494,-24.244,23,27,52,0.0,0.0,0.0,2.51
495,-111.138,21,42,66,0.0,0.0,0.0,3.59
496,-65.342,20,32,59,0.0,0.0,0.0,3.38
497,33.143,29,22,56,0.0,0.0,0.0,2.09
498,-65.034,25,37,66,0.0,0.0,0.0,3.68
499,-43.526,23,31,58,0.0,0.0,0.0,2.8
500,59.829,30,18,52,0.0,0.0,0.0,2.3
501,110.26,33,11,44,0.0,0.0,0.0,1.88
502,100.116,32,12,45,0.0,0.0,0.0,1.91
503,-48.477,23,32,62,0.0,0.0,0.0,3.44
504,-0.844,25,25,54,0.0,0.0,0.0,2.56
505,-24.734,21,26,48,0.0,0.0,0.0,2.3
506,-17.962,26,29,56,0.0,0.0,0.0,2.46
507,24.115,26,21,53,0.0,0.0,0.0,2.66
508,-9.032,26,27,60,0.0,0.0,0.0,2.84
509,2.237,23,22,54,0.0,0.0,0.0,2.89
510,27.293,28,22,54,0.0,0.0,0.0,2.68
511,14.52,25,22,54,0.0,0.0,0.0,3.26
512,102.307,30,10,40,0.0,0.0,0.0,1.66
513,5.591,23,22,53,0.0,0.0,0.0,2.75
514,-13.371,22,24,50,0.0,0.0,0.0,2.82
515,-6.286,25,26,53,0.0,0.0,0.0,2.21
516,53.278,26,16,43,0.0,0.0,0.0,2.19
517,-106.134,20,40,67,0.0,0.0,0.0,3.32
518,14.218,24,21,47,0.0,0.0,0.0,2.31
519,37.45,26,18,47,0.0,0.0,0.0,1.9
520,-63.073,22,34,59,0.0,0.0,0.0,3.7
521,-37.075,23,30,53,0.0,0.0,0.0,2.59
522,-6.555,28,29,61,0.0,0.0,0.0,3.07
523,9.979,25,23,49,0.0,0.0,0.0,2.76
524,-65.042,22,34,67,0.0,0.0,0.0,3.3
525,66.585,26,13,44,0.0,0.0,0.0,2.43
526,-66.52,20,32,56,0.0,0.0,0.0,2.6
527,-47.657,26,35,67,0.0,0.0,0.0,3.43
528,56.626,28,17,46,0.0,0.0,0.0,2.36
529,-9.815,24,26,54,0.0,0.0,0.0,3.14
530,-59.454,22,33,58,0.0,0.0,0.0,3.04
531,-60.981,20,31,53,0.0,0.0,0.0,2.43
532,-57.402,21,32,54,0.0,0.0,0.0,3.06
533,-78.178,23,38,65,0.0,0.0,0.0,3.36
534,-32.476,28,34,65,0.0,0.0,0.0,2.72
535,57.553,27,16,43,0.0,0.0,0.0,1.72
536,-56.21,20,31,54,0.0,0.0,0.0,3.37
537,-87.621,25,41,70,0.0,0.0,0.0,3.99
538,-51.683,24,33,62,0.0,0.0,0.0,3.03
539,0.562,21,21,47,0.0,0.0,0.0,2.61
540,-49.385,21,30,54,0.0,0.0,0.0,2.8
541,65.949,25,12,39,0.0,0.0,0.0,1.89
542,-24.605,23,27,55,0.0,0.0,0.0,2.51
543,-33.881,22,28,52,0.0,0.0,0.0,2.25
544,-49.859,23,32,55,0.0,0.0,0.0,2.63
545,70.951,32,17,53,0.0,0.0,0.0,2.14
546,-132.283,21,46,69,0.0,0.0,0.0,3.58
547,-84.722,25,41,70,0.0,0.0,0.0,3.75
548,-58.631,19,30,51,0.0,0.0,0.0,2.76
549,53.997,30,19,52,0.0,0.0,0.0,2.05
550,62.094,25,12,44,0.0,0.0,0.0,2.05
551,-84.251,27,43,73,0.0,0.0,0.0,3.95
552,72.206,32,18,53,0.0,0.0,0.0,2.42
553,-74.974,23,36,61,0.0,0.0,0.0,2.56
554,15.544,25,21,48,0.0,0.0,0.0,2.3
555,27.85,25,19,49,0.0,0.0,0.0,2.06
556,-7.028,23,24,50,0.0,0.0,0.0,2.74
557,10.921,28,25,57,0.0,0.0,0.0,2.58
558,-72.591,24,37,67,0.0,0.0,0.0,3.05
559,-11.433,28,30,61,0.0,0.0,0.0,2.87
560,-82.464,20,35,60,0.0,0.0,0.0,2.89
561,47.257,28,18,49,0.0,0.0,0.0,2.11
562,-63.369,22,34,61,0.0,0.0,0.0,3.25
563,2.605,27,26,57,0.0,0.0,0.0,2.39
564,68.288,29,15,48,0.0,0.0,0.0,1.89
565,-88.942,16,33,58,0.0,0.0,0.0,2.92
566,12.141,27,24,57,0.0,0.0,0.0,2.77
567,15.664,26,22,52,0.0,0.0,0.0,2.35
568,-63.388,19,31,54,0.0,0.0,0.0,3.13
569,-72.225,21,35,64,0.0,0.0,0.0,4.0
570,-62.132,18,30,53,0.0,0.0,0.0,3.17
571,54.903,30,19,53,0.0,0.0,0.0,2.11
572,-93.57,17,35,56,0.0,0.0,0.0,3.57
573,80.008,34,18,54,0.0,0.0,0.0,2.14
574,71.873,28,14,44,0.0,0.0,0.0,2.08
575,36.941,25,18,47,0.0,0.0,0.0,2.25
576,4.851,21,19,48,0.0,0.0,0.0,2.44
577,-1.307,24,24,51,0.0,0.0,0.0,2.71
578,-49.541,24,33,60,0.0,0.0,0.0,2.41
579,-26.455,24,29,57,0.0,0.0,0.0,2.75
580,-113.073,20,41,66,0.0,0.0,0.0,2.66
581,-7.416,27,28,56,0.0,0.0,0.0,2.39
582,29.326,25,18,47,0.0,0.0,0.0,1.56
583,29.309,23,17,44,0.0,0.0,0.0,2.8
584,-67.299,21,33,60,0.0,0.0,0.0,2.66
585,58.513,28,16,52,0.0,0.0,0.0,2.56
586,-29.112,25,30,56,0.0,0.0,0.0,2.71
587,-14.664,26,28,64,0.0,0.0,0.0,3.43
588,-1.546,23,23,50,0.0,0.0,0.0,2.62
589,-43.396,22,30,59,0.0,0.0,0.0,2.78
590,-23.827,30,34,67,0.0,0.0,0.0,3.43
591,-57.536,26,36,64,0.0,0.0,0.0,3.14
592,-81.146,23,38,62,0.0,0.0,0.0,3.14
593,-8.312,25,26,58,0.0,0.0,0.0,3.09
594,92.152,26,8,37,0.0,0.0,0.0,1.54
595,8.03,28,26,59,0.0,0.0,0.0,2.49
596,-43.156,21,29,55,0.0,0.0,0.0,2.67
597,-48.056,20,29,54,0.0,0.0,0.0,2.56
598,15.954,28,24,53,0.0,0.0,0.0,2.89
599,-99.718,20,39,60,0.0,0.0,0.0,3.29
600,-39.443,24,30,58,0.0,0.0,0.0,2.13
601,-97.913,23,41,71,0.0,0.0,0.0,2.64
602,-34.679,27,33,63,0.0,0.0,0.0,2.63
603,43.054,27,18,51,0.0,0.0,0.0,2.03
604,23.141,27,22,51,0.0,0.0,0.0,2.24
605,14.577,26,23,55,0.0,0.0,0.0,3.18
606,-45.084,27,34,68,0.0,0.0,0.0,3.36
607,-33.207,22,28,53,0.0,0.0,0.0,2.61
608,8.774,27,25,55,0.0,0.0,0.0,2.95
609,-7.228,22,23,50,0.0,0.0,0.0,2.61
610,32.051,27,20,53,0.0,0.0,0.0,2.57
611,9.232,24,22,47,0.0,0.0,0.0,2.03
612,-72.125,20,33,62,0.0,0.0,0.0,2.56
613,1.216,24,24,48,0.0,0.0,0.0,2.68
614,64.698,33,20,57,0.0,0.0,0.0,2.62
615,34.374,24,17,47,0.0,0.0,0.0,1.93
616,-81.604,21,36,60,0.0,0.0,0.0,2.63
617,-34.578,23,29,59,0.0,0.0,0.0,2.93
618,73.109,31,16,54,0.0,0.0,0.0,3.12
619,-44.694,18,26,53,0.0,0.0,0.0,2.36
620,-22.375,23,27,54,0.0,0.0,0.0,2.76
621,-35.39,19,25,48,0.0,0.0,0.0,2.01
622,-3.749,24,24,48,0.0,0.0,0.0,2.47
623,32.449,32,25,59,0.0,0.0,0.0,2.3
624,17.244,24,20,48,0.0,0.0,0.0,2.26
625,-42.786,23,30,61,0.0,0.0,0.0,2.66
626,30.108,22,16,44,0.0,0.0,0.0,2.41
627,18.934,26,22,51,0.0,0.0,0.0,2.52
628,76.991,28,13,46,0.0,0.0,0.0,1.84
629,-51.792,22,31,59,0.0,0.0,0.0,2.86
630,30.097,29,22,53,0.0,0.0,0.0,2.18
631,-46.851,27,35,65,0.0,0.0,0.0,2.71
632,59.723,27,15,51,0.0,0.0,0.0,2.21
633,-42.312,25,33,62,0.0,0.0,0.0,2.76
634,-12.594,29,31,64,0.0,0.0,0.0,3.23
635,-32.265,24,29,54,0.0,0.0,0.0,2.47
636,-100.695,18,37,61,0.0,0.0,0.0,3.68
637,-21.426,26,29,56,0.0,0.0,0.0,2.22
638,-32.877,21,27,54,0.0,0.0,0.0,2.76
639,81.702,27,11,41,0.0,0.0,0.0,1.66
640,-44.584,21,29,58,0.0,0.0,0.0,3.24
641,-22.161,19,23,50,0.0,0.0,0.0,2.78
642,-56.818,24,34,60,0.0,0.0,0.0,2.74
643,33.352,24,17,50,0.0,0.0,0.0,2.54
644,4.456,24,23,53,0.0,0.0,0.0,2.9
645,-131.003,18,43,67,0.0,0.0,0.0,3.77
646,-117.644,19,41,64,0.0,0.0,0.0,2.79
647,-18.839,28,30,62,0.0,0.0,0.0,2.14
648,-83.967,23,39,68,0.0,0.0,0.0,3.39
649,-111.055,24,45,75,0.0,0.0,0.0,3.9
650,-66.945,26,38,66,0.0,0.0,0.0,2.92
651,-45.557,21,29,52,0.0,0.0,0.0,2.3
652,-48.582,23,32,61,0.0,0.0,0.0,2.92
653,-59.568,23,34,63,0.0,0.0,0.0,2.82
654,-32.877,23,30,60,0.0,0.0,0.0,3.12
655,-58.009,26,37,66,0.0,0.0,0.0,3.55
656,55.024,29,18,51,0.0,0.0,0.0,2.57
657,23.317,27,22,55,0.0,0.0,0.0,2.86
658,-16.524,26,28,57,0.0,0.0,0.0,2.7
659,46.464,31,21,56,0.0,0.0,0.0,2.5
660,-40.764,23,30,58,0.0,0.0,0.0,2.47
661,-24.66,23,27,56,0.0,0.0,0.0,2.56
662,-70.149,24,37,66,0.0,0.0,0.0,2.99
663,-27.156,22,27,57,0.0,0.0,0.0,3.19
664,-8.339,28,29,60,0.0,0.0,0.0,2.9
665,8.75,26,24,51,0.0,0.0,0.0,2.21
666,26.897,29,23,55,0.0,0.0,0.0,2.59
667,0.562,26,26,55,0.0,0.0,0.0,2.97
668,-27.507,23,28,52,0.0,0.0,0.0,2.35
669,-16.5,29,31,62,0.0,0.0,0.0,2.42
670,-54.743,23,33,61,0.0,0.0,0.0,2.78
671,38.262,28,20,53,0.0,0.0,0.0,2.3
672,73.563,27,12,39,0.0,0.0,0.0,1.36
673,-61.524,24,35,67,0.0,0.0,0.0,3.56
674,-30.593,25,30,62,0.0,0.0,0.0,2.97
675,5.988,22,20,49,0.0,0.0,0.0,2.24
676,-57.997,20,31,53,0.0,0.0,0.0,2.45
677,21.504,29,24,61,0.0,0.0,0.0,2.98
678,28.813,26,20,52,0.0,0.0,0.0,2.4
679,0.982,27,26,59,0.0,0.0,0.0,2.88
680,-7.623,31,32,63,0.0,0.0,0.0,2.94
681,-30.086,24,29,60,0.0,0.0,0.0,2.15
682,-110.822,23,43,73,0.0,0.0,0.0,3.15
683,40.093,28,20,49,0.0,0.0,0.0,2.27
684,-94.309,20,38,62,0.0,0.0,0.0,2.78
685,48.43,26,16,42,0.0,0.0,0.0,2.13
686,-2.122,28,28,57,0.0,0.0,0.0,2.87
687,-23.121,22,26,49,0.0,0.0,0.0,1.97
688,-29.6,27,32,59,0.0,0.0,0.0,2.29
689,49.365,25,15,47,0.0,0.0,0.0,2.41
690,-40.53,23,30,55,0.0,0.0,0.0,2.48
691,18.701,26,22,52,0.0,0.0,0.0,2.71
692,-58.737,21,32,53,0.0,0.0,0.0,2.48
693,51.718,24,14,39,0.0,0.0,0.0,1.81
694,-32.221,26,32,65,0.0,0.0,0.0,3.43
695,8.329,29,26,56,0.0,0.0,0.0,2.04
696,-18.414,24,27,53,0.0,0.0,0.0,2.1
697,-54.334,22,32,57,0.0,0.0,0.0,3.04
698,40.005,26,18,48,0.0,0.0,0.0,2.51
699,-7.512,22,23,51,0.0,0.0,0.0,2.47
700,81.094,27,11,40,0.0,0.0,0.0,1.66
701,15.161,25,22,50,0.0,0.0,0.0,2.54
702,-99.09,21,40,64,0.0,0.0,0.0,3.5
703,-71.507,21,34,59,0.0,0.0,0.0,2.6
704,-28.948,25,30,58,0.0,0.0,0.0,2.69
705,-94.687,21,39,66,0.0,0.0,0.0,3.38
706,-99.4,20,39,66,0.0,0.0,0.0,3.03
707,5.459,24,22,52,0.0,0.0,0.0,2.47
708,41.357,25,17,43,0.0,0.0,0.0,1.89
709,-74.274,27,41,70,0.0,0.0,0.0,4.01
710,-66.466,21,33,59,0.0,0.0,0.0,2.9
711,12.911,25,22,52,0.0,0.0,0.0,2.14
712,3.611,26,24,54,0.0,0.0,0.0,2.37
713,-19.642,25,28,63,0.0,0.0,0.0,3.3
714,-7.866,28,29,60,0.0,0.0,0.0,3.4
715,-23.879,26,30,61,0.0,0.0,0.0,3.34
716,31.191,23,17,43,0.0,0.0,0.0,1.74
717,1.798,25,24,54,0.0,0.0,0.0,2.22
718,51.643,24,14,44,0.0,0.0,0.0,2.18
719,-63.912,24,36,64,0.0,0.0,0.0,2.62
720,-5.303,25,25,55,0.0,0.0,0.0,2.63
721,-5.887,26,27,57,0.0,0.0,0.0,2.87
722,80.746,28,12,43,0.0,0.0,0.0,1.62
723,-96.678,20,38,65,0.0,0.0,0.0,3.22
724,-120.031,21,44,69,0.0,0.0,0.0,3.53
725,-1.255,27,27,56,0.0,0.0,0.0,2.45
726,-24.036,21,26,50,0.0,0.0,0.0,2.91
727,-15.811,30,32,62,0.0,0.0,0.0,2.4
728,37.397,30,22,55,0.0,0.0,0.0,2.67
729,-42.017,25,32,59,0.0,0.0,0.0,2.61
730,-11.809,24,25,50,0.0,0.0,0.0,2.11
731,-36.585,24,30,58,0.0,0.0,0.0,2.9
732,-85.116,26,42,72,0.0,0.0,0.0,3.56
733,46.983,28,18,51,0.0,0.0,0.0,2.23
734,-104.12,22,42,73,0.0,0.0,0.0,4.35
735,-10.636,25,26,58,0.0,0.0,0.0,2.81
736,18.23,26,22,51,0.0,0.0,0.0,2.45
737,4.061,27,26,56,0.0,0.0,0.0,2.64
738,-1.311,24,24,51,0.0,0.0,0.0,2.25
739,25.67,25,20,46,0.0,0.0,0.0,2.48
740,27.673,31,25,58,0.0,0.0,0.0,2.81
741,-43.55,23,30,62,0.0,0.0,0.0,2.87
742,45.741,24,15,41,0.0,0.0,0.0,1.85
743,-66.276,16,28,48,0.0,0.0,0.0,2.0
744,51.933,27,17,53,0.0,0.0,0.0,2.0
745,-39.201,22,29,58,0.0,0.0,0.0,2.99
746,-48.166,27,36,69,0.0,0.0,0.0,3.04
747,-8.678,22,23,49,0.0,0.0,0.0,2.44
748,11.74,25,22,52,0.0,0.0,0.0,2.44
749,-5.809,25,25,54,0.0,0.0,0.0,2.19
750,-6.929,25,26,51,0.0,0.0,0.0,2.4
751,27.636,27,22,54,0.0,0.0,0.0,3.04
752,41.369,26,17,44,0.0,0.0,0.0,2.14
753,-20.837,21,25,55,0.0,0.0,0.0,2.97
754,25.847,25,20,48,0.0,0.0,0.0,2.16
755,-20.116,23,27,54,0.0,0.0,0.0,3.02
756,-4.538,25,25,56,0.0,0.0,0.0,2.46
757,-18.258,28,31,60,0.0,0.0,0.0,2.66
758,-40.469,24,31,60,0.0,0.0,0.0,2.96
759,49.825,31,21,53,0.0,0.0,0.0,2.86
760,-23.836,21,25,49,0.0,0.0,0.0,2.65
761,-18.742,30,33,66,0.0,0.0,0.0,2.84
762,-29.228,21,26,57,0.0,0.0,0.0,2.71
763,-68.063,21,34,58,0.0,0.0,0.0,2.96
764,17.813,25,21,46,0.0,0.0,0.0,1.93
765,-23.282,25,29,59,0.0,0.0,0.0,2.84
766,-13.819,26,28,59,0.0,0.0,0.0,2.46
767,15.716,33,29,65,0.0,0.0,0.0,2.97
768,37.558,28,20,51,0.0,0.0,0.0,2.48
769,-10.768,23,25,50,0.0,0.0,0.0,2.8
770,11.854,26,23,55,0.0,0.0,0.0,2.84
771,-144.837,20,47,69,0.0,0.0,0.0,2.73
772,-53.203,22,32,60,0.0,0.0,0.0,3.32
773,-48.762,23,32,64,0.0,0.0,0.0,3.44
774,35.8,26,19,45,0.0,0.0,0.0,2.36
775,-1.434,22,22,49,0.0,0.0,0.0,2.38
776,-22.123,25,29,57,0.0,0.0,0.0,2.68
777,23.752,25,20,48,0.0,0.0,0.0,2.02
778,-43.056,23,31,58,0.0,0.0,0.0,3.37
779,-20.249,27,30,61,0.0,0.0,0.0,2.86
780,1.737,26,25,52,0.0,0.0,0.0,2.24
781,1.603,28,28,57,0.0,0.0,0.0,2.56
782,-4.921,21,22,51,0.0,0.0,0.0,2.95
783,-67.722,22,35,61,0.0,0.0,0.0,3.04
784,-71.659,22,35,66,0.0,0.0,0.0,2.84
785,18.303,24,20,52,0.0,0.0,0.0,2.61
786,-42.489,22,30,59,0.0,0.0,0.0,2.99
787,43.926,30,21,59,0.0,0.0,0.0,2.9
788,24.227,26,21,48,0.0,0.0,0.0,1.87
789,-25.693,27,31,59,0.0,0.0,0.0,2.89
790,-93.727,25,42,69,0.0,0.0,0.0,3.36
791,69.173,26,13,41,0.0,0.0,0.0,2.0
792,-25.581,23,27,57,0.0,0.0,0.0,2.98
793,-15.703,23,25,56,0.0,0.0,0.0,2.49
794,30.911,26,19,50,0.0,0.0,0.0,2.44
795,16.324,25,21,48,0.0,0.0,0.0,2.1
796,-39.676,25,32,60,0.0,0.0,0.0,3.1
797,-135.697,16,42,62,0.0,0.0,0.0,3.27
798,-45.239,22,30,57,0.0,0.0,0.0,2.93
799,-1.327,24,24,54,0.0,0.0,0.0,2.99
800,19.674,26,22,50,0.0,0.0,0.0,2.06
801,9.194,27,25,53,0.0,0.0,0.0,2.28
802,6.829,25,23,51,0.0,0.0,0.0,2.35
803,58.363,26,14,47,0.0,0.0,0.0,2.09
804,-32.746,26,32,61,0.0,0.0,0.0,2.9
805,-90.67,20,37,60,0.0,0.0,0.0,3.33
806,-73.44,23,36,67,0.0,0.0,0.0,3.04
807,-30.931,23,28,54,0.0,0.0,0.0,2.42
808,-89.808,20,37,64,0.0,0.0,0.0,3.33
809,-94.225,20,38,58,0.0,0.0,0.0,2.83
810,26.155,26,21,52,0.0,0.0,0.0,2.76
811,-138.785,20,46,69,0.0,0.0,0.0,3.55
812,22.47,25,20,52,0.0,0.0,0.0,2.33
813,-39.89,26,33,68,0.0,0.0,0.0,3.26
814,-106.853,20,40,67,0.0,0.0,0.0,2.77
815,-56.239,26,36,66,0.0,0.0,0.0,3.63
816,58.917,28,16,48,0.0,0.0,0.0,2.38
817,-4.768,28,28,61,0.0,0.0,0.0,2.87
818,17.157,25,22,48,0.0,0.0,0.0,2.29
819,7.598,25,23,52,0.0,0.0,0.0,2.91
820,-28.573,28,33,62,0.0,0.0,0.0,3.11
821,-13.301,25,27,56,0.0,0.0,0.0,3.09
822,18.573,32,28,62,0.0,0.0,0.0,2.87
823,-16.497,23,26,54,0.0,0.0,0.0,2.77
824,-7.733,27,28,55,0.0,0.0,0.0,2.67
825,30.147,28,22,55,0.0,0.0,0.0,2.38
826,22.527,26,21,52,0.0,0.0,0.0,2.22
827,67.377,29,16,45,0.0,0.0,0.0,2.21
828,-38.539,25,32,60,0.0,0.0,0.0,3.01
829,22.133,26,21,49,0.0,0.0,0.0,2.36
830,26.581,28,22,55,0.0,0.0,0.0,2.59
831,-54.396,20,30,55,0.0,0.0,0.0,3.1
832,7.403,26,24,59,0.0,0.0,0.0,2.88
833,-56.369,25,36,65,0.0,0.0,0.0,3.0
834,32.55,29,22,51,0.0,0.0,0.0,2.14
835,-31.509,23,29,56,0.0,0.0,0.0,2.86
836,71.562,30,16,49,0.0,0.0,0.0,2.03
837,-6.85,30,30,64,0.0,0.0,0.0,2.91
838,-0.317,25,25,53,0.0,0.0,0.0,2.64
839,-38.913,26,33,63,0.0,0.0,0.0,2.89
840,-17.333,28,31,65,0.0,0.0,0.0,3.07
841,-109.78,22,42,65,0.0,0.0,0.0,2.69
842,-13.536,21,24,47,0.0,0.0,0.0,2.23
843,-56.422,24,34,63,0.0,0.0,0.0,3.3
844,-84.863,23,39,68,0.0,0.0,0.0,3.34
845,-60.734,23,34,63,0.0,0.0,0.0,3.4
846,-16.862,24,27,60,0.0,0.0,0.0,3.35
847,-2.393,28,28,60,0.0,0.0,0.0,2.74
848,41.904,25,17,48,0.0,0.0,0.0,1.76
849,-4.646,26,26,58,0.0,0.0,0.0,2.88
850,16.887,29,25,56,0.0,0.0,0.0,2.14
851,24.28,27,22,57,0.0,0.0,0.0,2.82
852,-11.529,24,26,57,0.0,0.0,0.0,2.76
853,-105.193,19,39,62,0.0,0.0,0.0,3.63
854,-59.48,24,35,60,0.0,0.0,0.0,2.5
855,-47.427,23,32,56,0.0,0.0,0.0,2.22
856,3.942,25,24,53,0.0,0.0,0.0,3.02
857,-167.262,17,48,69,0.0,0.0,0.0,3.25
858,20.746,25,21,46,0.0,0.0,0.0,2.14
859,-7.03,27,27,57,0.0,0.0,0.0,2.49
860,55.712,25,14,40,0.0,0.0,0.0,2.02
861,-4.788,26,27,58,0.0,0.0,0.0,3.22
862,29.724,28,21,58,0.0,0.0,0.0,2.95
863,57.399,28,17,52,0.0,0.0,0.0,3.08
864,-17.46,28,31,64,0.0,0.0,0.0,3.43
865,-21.488,23,27,55,0.0,0.0,0.0,2.68
866,28.121,29,23,58,0.0,0.0,0.0,2.85
867,-23.71,29,33,64,0.0,0.0,0.0,3.5
868,-13.045,30,32,65,0.0,0.0,0.0,3.12
869,-26.834,25,30,56,0.0,0.0,0.0,2.66
870,-0.821,25,25,55,0.0,0.0,0.0,2.65
871,80.418,28,12,51,0.0,0.0,0.0,2.39
872,-92.326,24,41,69,0.0,0.0,0.0,3.1
873,-16.742,22,25,50,0.0,0.0,0.0,2.29
874,-41.225,25,32,66,0.0,0.0,0.0,3.36
875,-30.153,26,31,61,0.0,0.0,0.0,3.01
876,29.64,28,22,56,0.0,0.0,0.0,2.88
877,-19.005,25,28,60,0.0,0.0,0.0,2.64
878,0.504,25,24,55,0.0,0.0,0.0,2.67
879,-3.584,24,24,52,0.0,0.0,0.0,2.03
880,-77.948,19,33,55,0.0,0.0,0.0,2.59
881,40.159,28,20,54,0.0,0.0,0.0,2.72
882,-58.678,23,34,61,0.0,0.0,0.0,2.96
883,5.17,27,26,55,0.0,0.0,0.0,2.56
884,56.605,30,18,48,0.0,0.0,0.0,2.1
885,-42.498,20,28,53,0.0,0.0,0.0,2.91
886,20.001,24,20,45,0.0,0.0,0.0,2.08
887,-20.116,23,27,51,0.0,0.0,0.0,3.04
888,-72.249,21,35,59,0.0,0.0,0.0,2.97
889,-29.613,25,30,62,0.0,0.0,0.0,2.75
890,-6.777,25,26,59,0.0,0.0,0.0,3.03
891,-79.671,22,37,65,0.0,0.0,0.0,2.87
892,-128.673,19,44,65,0.0,0.0,0.0,3.57
893,-4.733,23,23,49,0.0,0.0,0.0,2.01
894,40.228,24,16,44,0.0,0.0,0.0,2.44
895,19.858,30,26,58,0.0,0.0,0.0,2.81
896,-138.11,19,45,68,0.0,0.0,0.0,3.07
897,-26.748,24,28,56,0.0,0.0,0.0,2.08
898,-42.945,26,34,60,0.0,0.0,0.0,2.78
899,-50.776,22,31,59,0.0,0.0,0.0,2.81
900,79.077,32,17,50,0.0,0.0,0.0,2.1
901,86.667,33,15,48,0.0,0.0,0.0,1.78
902,-50.646,22,31,59,0.0,0.0,0.0,3.1
903,-65.363,21,33,59,0.0,0.0,0.0,2.74
904,-89.679,21,38,63,0.0,0.0,0.0,3.35
905,24.003,25,20,54,0.0,0.0,0.0,3.09
906,-17.725,23,26,57,0.0,0.0,0.0,2.67
907,-56.311,23,34,64,0.0,0.0,0.0,3.57
908,-15.794,26,28,56,0.0,0.0,0.0,2.44
909,-81.816,22,37,63,0.0,0.0,0.0,3.09
910,-36.735,25,32,60,0.0,0.0,0.0,2.73
911,25.756,22,17,44,0.0,0.0,0.0,2.66
912,8.438,30,28,59,0.0,0.0,0.0,3.08
913,-131.306,19,44,68,0.0,0.0,0.0,3.24
914,22.997,27,22,57,0.0,0.0,0.0,3.07
915,-96.702,21,39,63,0.0,0.0,0.0,3.25
916,17.469,29,25,56,0.0,0.0,0.0,2.47
917,-73.165,23,37,63,0.0,0.0,0.0,3.82
918,34.116,29,22,54,0.0,0.0,0.0,2.33
919,-6.331,24,25,52,0.0,0.0,0.0,2.75
920,-77.218,23,37,62,0.0,0.0,0.0,2.97
921,14.966,29,25,59,0.0,0.0,0.0,2.14
922,-41.533,20,28,55,0.0,0.0,0.0,3.08
923,-37.334,23,30,55,0.0,0.0,0.0,2.96
924,-34.223,21,27,51,0.0,0.0,0.0,2.7
925,42.208,27,19,49,0.0,0.0,0.0,2.23
926,21.806,27,22,52,0.0,0.0,0.0,1.96
927,10.127,29,27,56,0.0,0.0,0.0,2.98
928,-49.004,21,30,58,0.0,0.0,0.0,2.83
929,-77.683,23,38,67,0.0,0.0,0.0,3.89
930,-4.391,25,25,53,0.0,0.0,0.0,2.57
931,21.703,32,27,64,0.0,0.0,0.0,2.65
932,-31.773,22,28,52,0.0,0.0,0.0,2.48
933,-22.285,26,30,59,0.0,0.0,0.0,2.89
934,-81.48,21,36,62,0.0,0.0,0.0,3.39
935,-106.791,26,46,73,0.0,0.0,0.0,3.98
936,-58.842,24,35,64,0.0,0.0,0.0,3.15
937,-13.245,27,29,60,0.0,0.0,0.0,2.39
938,30.972,28,22,52,0.0,0.0,0.0,2.56
939,-23.207,19,23,51,0.0,0.0,0.0,2.75
940,-21.007,21,24,55,0.0,0.0,0.0,1.88
941,-17.148,22,25,48,0.0,0.0,0.0,2.29
942,-137.299,18,44,69,0.0,0.0,0.0,3.76
943,-42.197,28,35,67,0.0,0.0,0.0,2.73
944,53.824,27,16,50,0.0,0.0,0.0,1.86
945,-86.027,24,40,74,0.0,0.0,0.0,4.06
946,-11.732,21,23,47,0.0,0.0,0.0,2.32
947,-70.67,22,35,59,0.0,0.0,0.0,2.62
948,7.756,25,23,51,0.0,0.0,0.0,2.45
949,-48.286,22,31,61,0.0,0.0,0.0,3.38
950,-30.971,26,32,60,0.0,0.0,0.0,2.97
951,41.929,25,16,45,0.0,0.0,0.0,2.16
952,-19.168,25,28,56,0.0,0.0,0.0,2.54
953,10.672,25,23,51,0.0,0.0,0.0,2.29
954,4.589,29,27,59,0.0,0.0,0.0,2.5
955,-109.83,21,42,71,0.0,0.0,0.0,3.68
956,-11.198,28,30,65,0.0,0.0,0.0,2.62
957,-10.814,26,28,57,0.0,0.0,0.0,3.29
958,27.656,26,20,49,0.0,0.0,0.0,2.01
959,-1.094,23,23,49,0.0,0.0,0.0,2.73
960,15.08,31,28,59,0.0,0.0,0.0,2.66
961,-7.693,23,24,49,0.0,0.0,0.0,2.05
962,22.494,28,23,55,0.0,0.0,0.0,2.33
963,-24.43,23,27,55,0.0,0.0,0.0,2.89
964,36.414,27,19,52,0.0,0.0,0.0,1.81
965,30.545,29,23,52,0.0,0.0,0.0,2.37
966,-112.027,18,40,62,0.0,0.0,0.0,3.13
967,57.973,28,16,49,0.0,0.0,0.0,1.83
968,23.89,30,25,60,0.0,0.0,0.0,2.93
969,-10.967,29,31,62,0.0,0.0,0.0,3.33
970,-22.189,26,30,60,0.0,0.0,0.0,2.33
971,-29.339,25,30,59,0.0,0.0,0.0,2.66
972,-104.42,20,40,66,0.0,0.0,0.0,3.13
973,-53.625,22,32,60,0.0,0.0,0.0,3.35
974,55.437,27,16,47,0.0,0.0,0.0,2.39
975,-106.816,23,43,71,0.0,0.0,0.0,3.22
976,-34.536,21,27,54,0.0,0.0,0.0,2.96
977,-51.116,23,32,62,0.0,0.0,0.0,2.97
978,-41.428,20,28,57,0.0,0.0,0.0,2.86
979,-16.347,22,25,51,0.0,0.0,0.0,3.23
980,-112.73,21,43,66,0.0,0.0,0.0,3.47
981,-130.7,21,46,68,0.0,0.0,0.0,2.6
982,64.215,28,15,46,0.0,0.0,0.0,1.8
983,-40.649,23,31,59,0.0,0.0,0.0,2.88
984,-35.208,25,31,61,0.0,0.0,0.0,3.03
985,-104.977,23,42,71,0.0,0.0,0.0,3.5
986,-79.724,21,36,60,0.0,0.0,0.0,2.91
987,0.936,26,26,57,0.0,0.0,0.0,3.19
988,-4.834,27,28,58,0.0,0.0,0.0,3.13
989,-19.102,27,30,60,0.0,0.0,0.0,2.55
990,14.824,26,23,51,0.0,0.0,0.0,2.91
991,-4.742,23,23,50,0.0,0.0,0.0,2.3
992,-1.849,24,24,50,0.0,0.0,0.0,2.31
993,-54.87,20,30,55,0.0,0.0,0.0,2.98
994,3.027,27,26,60,0.0,0.0,0.0,2.88
995,32.826,27,20,56,0.0,0.0,0.0,2.57
996,-38.445,24,31,58,0.0,0.0,0.0,2.81
997,-21.032,28,32,62,0.0,0.0,0.0,2.67
998,-49.205,26,35,62,0.0,0.0,0.0,2.97
999,-84.048,19,35,59,0.0,0.0,0.0,3.27
1000,-134.591,19,44,67,0.0,0.0,0.0,3.01
1001,-9.46,26,27,57,0.0,0.0,0.0,2.3
1002,-91.572,19,36,59,0.0,0.0,0.0,2.67
1003,-17.571,27,30,61,0.0,0.0,0.0,3.11
1004,86.983,28,11,41,0.0,0.0,0.0,2.05
1005,-67.122,24,36,65,0.0,0.0,0.0,2.9
1006,-48.5,25,34,64,0.0,0.0,0.0,3.24
1007,-85.124,20,36,60,0.0,0.0,0.0,2.69
1008,55.51,30,19,52,0.0,0.0,0.0,2.81
1009,-66.41,22,34,58,0.0,0.0,0.0,2.95
1010,-75.954,21,35,58,0.0,0.0,0.0,2.82
1011,64.616,27,14,43,0.0,0.0,0.0,1.96
1012,19.504,23,19,45,0.0,0.0,0.0,2.18
1013,39.104,29,21,53,0.0,0.0,0.0,2.31
1014,15.625,25,22,54,0.0,0.0,0.0,2.47
1015,-148.881,17,45,64,0.0,0.0,0.0,2.64
1016,26.669,29,23,54,0.0,0.0,0.0,2.46
1017,-4.957,25,26,55,0.0,0.0,0.0,2.84
1018,-10.309,22,24,58,0.0,0.0,0.0,3.66
1019,-7.532,25,26,53,0.0,0.0,0.0,2.44
1020,15.918,22,19,43,0.0,0.0,0.0,2.1
1021,-29.785,23,28,58,0.0,0.0,0.0,2.54
1022,-53.207,23,33,59,0.0,0.0,0.0,2.6
1023,-79.182,25,40,71,0.0,0.0,0.0,3.66
1024,21.615,24,19,52,0.0,0.0,0.0,2.51
1025,18.249,27,23,57,0.0,0.0,0.0,2.89
1026,-42.136,22,30,56,0.0,0.0,0.0,2.82
1027,-49.233,28,37,66,0.0,0.0,0.0,2.81
1028,-108.786,20,41,64,0.0,0.0,0.0,3.45
1029,7.526,25,23,54,0.0,0.0,0.0,2.28
1030,-33.084,24,30,59,0.0,0.0,0.0,3.34
1031,-35.719,24,31,61,0.0,0.0,0.0,3.52
1032,7.879,23,21,47,0.0,0.0,0.0,2.03
1033,-9.716,27,28,56,0.0,0.0,0.0,2.59
1034,9.028,28,26,54,0.0,0.0,0.0,2.57
1035,-73.029,24,37,66,0.0,0.0,0.0,3.01
1036,-25.597,26,31,65,0.0,0.0,0.0,3.31
1037,51.951,25,15,40,0.0,0.0,0.0,1.76
1038,38.666,26,18,47,0.0,0.0,0.0,2.08
1039,-58.647,21,32,55,0.0,0.0,0.0,2.88
1040,-25.95,20,25,51,0.0,0.0,0.0,2.56
1041,-21.171,21,25,58,0.0,0.0,0.0,2.73
1042,-2.756,27,27,57,0.0,0.0,0.0,2.43
1043,-38.267,25,32,61,0.0,0.0,0.0,2.98
1044,-9.29,25,26,55,0.0,0.0,0.0,2.16
1045,-60.555,19,30,58,0.0,0.0,0.0,2.76
1046,-116.553,19,41,64,0.0,0.0,0.0,3.31
1047,28.935,27,21,55,0.0,0.0,0.0,2.79
1048,-42.971,22,30,56,0.0,0.0,0.0,2.74
1049,-18.827,26,29,61,0.0,0.0,0.0,2.78
1050,-49.991,28,37,73,0.0,0.0,0.0,3.56
1051,-30.596,22,28,51,0.0,0.0,0.0,2.49
1052,93.687,28,10,41,0.0,0.0,0.0,1.93
1053,-24.131,23,27,58,0.0,0.0,0.0,2.31
1054,-40.111,25,32,61,0.0,0.0,0.0,2.7
1055,9.042,25,23,54,0.0,0.0,0.0,3.04
1056,-20.742,23,27,55,0.0,0.0,0.0,2.56
1057,68.452,35,22,60,0.0,0.0,0.0,2.67
1058,9.533,25,23,53,0.0,0.0,0.0,2.99
1059,36.041,23,16,43,0.0,0.0,0.0,2.11
1060,-44.518,29,37,69,0.0,0.0,0.0,3.78
1061,-69.567,25,38,65,0.0,0.0,0.0,3.05
1062,57.327,25,14,41,0.0,0.0,0.0,1.89
1063,-19.02,24,27,58,0.0,0.0,0.0,2.62
1064,19.449,29,25,60,0.0,0.0,0.0,2.49
1065,-1.618,27,27,55,0.0,0.0,0.0,2.29
1066,-31.407,21,27,50,0.0,0.0,0.0,2.52
1067,-46.549,22,31,56,0.0,0.0,0.0,2.94
1068,-40.642,21,29,52,0.0,0.0,0.0,2.82
1069,-48.644,22,31,63,0.0,0.0,0.0,2.93
1070,21.82,25,20,51,0.0,0.0,0.0,2.01
1071,-7.793,26,27,55,0.0,0.0,0.0,2.16
1072,31.353,24,17,47,0.0,0.0,0.0,1.93
1073,-94.922,20,38,61,0.0,0.0,0.0,3.22
1074,-29.885,18,24,48,0.0,0.0,0.0,3.35
1075,-6.448,23,24,53,0.0,0.0,0.0,2.2
1076,-15.842,27,29,60,0.0,0.0,0.0,2.44
1077,35.599,28,21,52,0.0,0.0,0.0,2.16
1078,-17.952,23,26,53,0.0,0.0,0.0,2.48
1079,-93.858,23,41,71,0.0,0.0,0.0,3.91
1080,-0.397,25,25,54,0.0,0.0,0.0,2.46
1081,49.104,30,20,51,0.0,0.0,0.0,2.52
1082,85.722,30,13,44,0.0,0.0,0.0,1.86
1083,-116.154,20,42,65,0.0,0.0,0.0,3.04
1084,60.622,30,18,49,0.0,0.0,0.0,1.97
1085,72.116,28,14,46,0.0,0.0,0.0,2.0
1086,-32.434,26,31,66,0.0,0.0,0.0,3.12
1087,-118.197,19,42,64,0.0,0.0,0.0,3.44
1088,-140.992,22,48,77,0.0,0.0,0.0,3.68
1089,-23.322,27,31,63,0.0,0.0,0.0,3.03
1090,-123.426,23,46,73,0.0,0.0,0.0,2.96
1091,-19.771,29,32,65,0.0,0.0,0.0,2.91
1092,24.629,30,25,60,0.0,0.0,0.0,3.44
1093,-80.758,23,38,69,0.0,0.0,0.0,3.67
1094,-17.294,23,26,51,0.0,0.0,0.0,2.55
1095,-84.505,22,38,62,0.0,0.0,0.0,3.03
1096,29.676,26,20,47,0.0,0.0,0.0,1.99
1097,-41.963,21,29,57,0.0,0.0,0.0,2.53
1098,3.998,24,23,51,0.0,0.0,0.0,2.19
1099,-15.555,22,24,48,0.0,0.0,0.0,1.8
1100,-65.112,20,32,54,0.0,0.0,0.0,2.32
1101,46.887,31,22,58,0.0,0.0,0.0,3.04
1102,-1.387,29,29,59,0.0,0.0,0.0,2.63
1103,17.172,24,21,52,0.0,0.0,0.0,2.3
1104,-91.48,22,40,62,0.0,0.0,0.0,3.08
1105,-8.268,26,27,54,0.0,0.0,0.0,2.47
1106,23.31,25,20,50,0.0,0.0,0.0,2.11
1107,-9.278,25,26,52,0.0,0.0,0.0,2.75
1108,-84.78,21,37,63,0.0,0.0,0.0,3.39
1109,-2.308,23,23,47,0.0,0.0,0.0,2.11
1110,-32.6,23,29,58,0.0,0.0,0.0,2.55
1111,7.14,27,25,53,0.0,0.0,0.0,2.34
1112,81.546,24,8,32,0.0,0.0,0.0,1.4
1113,-55.177,21,31,56,0.0,0.0,0.0,2.71
1114,-80.519,22,37,63,0.0,0.0,0.0,2.29
1115,-121.737,19,42,64,0.0,0.0,0.0,3.0
1116,-2.668,24,24,54,0.0,0.0,0.0,2.48
1117,47.331,32,23,58,0.0,0.0,0.0,2.71
1118,-58.535,25,36,63,0.0,0.0,0.0,3.1
1119,49.224,24,14,47,0.0,0.0,0.0,2.53
1120,-24.799,28,32,65,0.0,0.0,0.0,3.04
1121,-15.307,24,27,53,0.0,0.0,0.0,2.48
1122,6.842,27,25,60,0.0,0.0,0.0,2.28
1123,-8.843,20,22,47,0.0,0.0,0.0,2.5
1124,37.934,25,17,44,0.0,0.0,0.0,2.04
1125,1.757,23,22,47,0.0,0.0,0.0,1.84
1126,9.381,28,25,59,0.0,0.0,0.0,2.21
1127,-99.607,20,39,60,0.0,0.0,0.0,2.67
1128,11.539,24,22,49,0.0,0.0,0.0,2.56
1129,-86.36,27,43,75,0.0,0.0,0.0,4.4
1130,-18.454,23,26,56,0.0,0.0,0.0,2.64
1131,-9.024,22,23,54,0.0,0.0,0.0,2.27
1132,20.222,27,23,55,0.0,0.0,0.0,3.02
1133,-78.159,22,37,61,0.0,0.0,0.0,3.78
1134,-19.749,22,25,51,0.0,0.0,0.0,2.44
1135,-49.425,22,31,57,0.0,0.0,0.0,2.79
1136,-32.524,24,30,54,0.0,0.0,0.0,2.34
1137,-38.051,21,28,55,0.0,0.0,0.0,2.77
1138,-9.205,26,28,57,0.0,0.0,0.0,3.03
1139,-94.12,18,36,61,0.0,0.0,0.0,3.38
1140,-70.159,21,34,61,0.0,0.0,0.0,2.92
1141,80.556,32,16,49,0.0,0.0,0.0,1.79
1142,15.728,29,26,60,0.0,0.0,0.0,2.93
1143,81.402,31,15,52,0.0,0.0,0.0,2.43
1144,-18.387,28,31,61,0.0,0.0,0.0,2.62
1145,-8.972,23,25,50,0.0,0.0,0.0,2.77
1146,-133.658,20,46,68,0.0,0.0,0.0,3.47
1147,70.936,28,14,50,0.0,0.0,0.0,2.2
1148,14.826,23,20,45,0.0,0.0,0.0,2.13
1149,-84.883,16,32,50,0.0,0.0,0.0,2.58
1150,-52.908,26,36,71,0.0,0.0,0.0,3.79
1151,-81.723,22,38,62,0.0,0.0,0.0,3.27
1152,-22.192,22,26,50,0.0,0.0,0.0,2.37
1153,65.004,31,18,50,0.0,0.0,0.0,2.65
1154,-34.881,24,30,63,0.0,0.0,0.0,3.17
1155,28.57,26,20,48,0.0,0.0,0.0,2.09
1156,25.788,25,20,49,0.0,0.0,0.0,2.38
1157,-16.191,27,30,59,0.0,0.0,0.0,2.58
1158,71.05,27,13,41,0.0,0.0,0.0,1.86
1159,-98.132,23,41,67,0.0,0.0,0.0,3.47
1160,21.049,25,21,48,0.0,0.0,0.0,2.74
1161,-91.614,21,38,72,0.0,0.0,0.0,3.13
1162,-23.115,23,27,54,0.0,0.0,0.0,2.38
1163,20.993,24,20,44,0.0,0.0,0.0,2.13
1164,-71.764,18,32,54,0.0,0.0,0.0,3.0
1165,-38.937,21,28,53,0.0,0.0,0.0,2.53
1166,12.745,27,24,53,0.0,0.0,0.0,2.45
1167,-19.787,27,31,60,0.0,0.0,0.0,3.31
1168,76.895,29,14,44,0.0,0.0,0.0,1.69
1169,-23.858,24,28,61,0.0,0.0,0.0,3.12
1170,23.245,28,23,58,0.0,0.0,0.0,3.37
1171,34.653,30,23,56,0.0,0.0,0.0,2.74
1172,-56.103,23,33,60,0.0,0.0,0.0,2.93
1173,9.946,28,25,60,0.0,0.0,0.0,3.05
1174,69.721,31,17,51,0.0,0.0,0.0,2.27
1175,-20.547,25,28,58,0.0,0.0,0.0,2.71
1176,-62.32,23,34,68,0.0,0.0,0.0,3.55
1177,33.149,29,22,54,0.0,0.0,0.0,2.24
1178,-82.922,20,36,61,0.0,0.0,0.0,3.73
1179,-71.274,25,38,66,0.0,0.0,0.0,2.83
1180,-4.076,22,23,49,0.0,0.0,0.0,2.49
1181,-43.134,23,32,58,0.0,0.0,0.0,3.27
1182,34.746,30,23,57,0.0,0.0,0.0,2.69
1183,-68.04,21,34,62,0.0,0.0,0.0,2.91
1184,-17.082,23,26,53,0.0,0.0,0.0,2.69
1185,-49.352,24,33,62,0.0,0.0,0.0,3.33
1186,51.496,29,18,56,0.0,0.0,0.0,2.96
1187,22.76,29,24,62,0.0,0.0,0.0,3.51
1188,-73.669,21,35,61,0.0,0.0,0.0,2.18
1189,35.957,25,18,45,0.0,0.0,0.0,1.97
1190,48.951,30,20,55,0.0,0.0,0.0,2.69
1191,-13.782,23,25,52,0.0,0.0,0.0,2.32
1192,2.142,26,26,52,0.0,0.0,0.0,2.55
1193,31.054,26,20,50,0.0,0.0,0.0,2.67
1194,70.022,32,18,50,0.0,0.0,0.0,1.86
1195,-58.553,22,33,59,0.0,0.0,0.0,2.76
1196,3.15,26,25,55,0.0,0.0,0.0,2.3
1197,4.319,25,24,53,0.0,0.0,0.0,2.15
1198,-55.723,24,34,61,0.0,0.0,0.0,2.51
1199,12.16,27,24,57,0.0,0.0,0.0,2.8
1200,48.67,24,14,40,0.0,0.0,0.0,1.99
1201,-78.325,20,35,61,0.0,0.0,0.0,3.27
1202,-36.024,22,29,52,0.0,0.0,0.0,2.83
1203,-16.312,22,25,52,0.0,0.0,0.0,2.51
1204,-37.796,25,32,58,0.0,0.0,0.0,2.62
1205,-66.178,21,33,55,0.0,0.0,0.0,2.31
1206,-9.519,25,27,55,0.0,0.0,0.0,2.48
1207,21.692,31,26,58,0.0,0.0,0.0,2.82
1208,3.504,28,27,57,0.0,0.0,0.0,2.72
1209,-76.161,23,37,64,0.0,0.0,0.0,2.91
1210,-2.435,23,22,52,0.0,0.0,0.0,2.01
1211,-91.873,18,36,57,0.0,0.0,0.0,3.09
1212,7.771,24,22,55,0.0,0.0,0.0,2.26
1213,-48.876,20,29,51,0.0,0.0,0.0,2.43
1214,-24.047,23,27,56,0.0,0.0,0.0,2.83
1215,-96.963,18,37,58,0.0,0.0,0.0,3.58
1216,-43.677,21,30,52,0.0,0.0,0.0,2.95
1217,44.954,28,19,48,0.0,0.0,0.0,1.73
1218,-21.488,23,27,54,0.0,0.0,0.0,2.77
1219,-61.576,23,34,60,0.0,0.0,0.0,2.43
1220,-24.328,25,30,59,0.0,0.0,0.0,2.87
1221,-22.067,23,27,56,0.0,0.0,0.0,2.59
1222,-80.188,19,34,59,0.0,0.0,0.0,3.21
1223,-21.474,21,25,51,0.0,0.0,0.0,2.62
1224,44.574,28,19,49,0.0,0.0,0.0,1.96
1225,-24.195,28,32,62,0.0,0.0,0.0,2.61
1226,55.399,29,18,50,0.0,0.0,0.0,1.85
1227,-53.081,23,33,66,0.0,0.0,0.0,3.27
1228,22.716,23,18,43,0.0,0.0,0.0,1.72
1229,-28.709,25,30,64,0.0,0.0,0.0,3.52
1230,9.036,26,23,55,0.0,0.0,0.0,2.63
1231,-58.549,21,32,59,0.0,0.0,0.0,3.09
1232,-66.685,23,35,66,0.0,0.0,0.0,2.59
1233,63.438,30,17,47,0.0,0.0,0.0,1.7
1234,59.371,29,17,51,0.0,0.0,0.0,2.3
1235,-11.104,23,25,49,0.0,0.0,0.0,2.71
1236,21.544,24,20,47,0.0,0.0,0.0,1.95
1237,-99.532,21,40,63,0.0,0.0,0.0,2.86
1238,-57.479,20,31,53,0.0,0.0,0.0,2.18
1239,-64.164,19,31,55,0.0,0.0,0.0,2.92
1240,-162.426,12,43,58,0.0,0.0,0.0,2.86
1241,-21.224,22,26,53,0.0,0.0,0.0,2.6
1242,68.371,27,14,42,0.0,0.0,0.0,1.65
1243,53.144,26,15,49,0.0,0.0,0.0,2.27
1244,4.883,26,25,53,0.0,0.0,0.0,2.59
1245,10.878,24,22,47,0.0,0.0,0.0,2.2
1246,-134.068,17,43,67,0.0,0.0,0.0,3.5
1247,-24.451,25,29,59,0.0,0.0,0.0,3.04
1248,5.515,29,27,58,0.0,0.0,0.0,2.43
1249,-61.665,26,38,66,0.0,0.0,0.0,3.65
1250,9.315,22,20,49,0.0,0.0,0.0,2.41
1251,-41.832,21,29,54,0.0,0.0,0.0,3.04
1252,12.585,29,26,55,0.0,0.0,0.0,2.72
1253,73.607,31,16,50,0.0,0.0,0.0,2.2
1254,-16.896,23,26,52,0.0,0.0,0.0,3.08
1255,-63.149,23,35,63,0.0,0.0,0.0,3.4
1256,-68.39,19,32,60,0.0,0.0,0.0,3.08
1257,14.917,27,23,59,0.0,0.0,0.0,2.9
1258,-30.098,25,31,59,0.0,0.0,0.0,3.34
1259,5.982,25,23,56,0.0,0.0,0.0,2.02
1260,-4.71,28,28,64,0.0,0.0,0.0,3.63
1261,-44.187,24,32,58,0.0,0.0,0.0,2.39
1262,-52.546,23,32,64,0.0,0.0,0.0,2.67
1263,-97.925,21,39,64,0.0,0.0,0.0,3.39
1264,4.971,24,22,54,0.0,0.0,0.0,2.33
1265,7.747,27,25,57,0.0,0.0,0.0,2.99
1266,-5.117,23,24,48,0.0,0.0,0.0,2.15
1267,-79.862,19,34,57,0.0,0.0,0.0,2.65
1268,-79.283,19,34,59,0.0,0.0,0.0,3.12
1269,35.974,27,20,52,0.0,0.0,0.0,2.59
1270,28.634,23,17,43,0.0,0.0,0.0,2.23
1271,14.144,27,24,57,0.0,0.0,0.0,2.58
1272,19.462,25,21,52,0.0,0.0,0.0,2.41
1273,-49.4,23,32,62,0.0,0.0,0.0,3.07
1274,32.636,29,22,51,0.0,0.0,0.0,2.03
1275,-2.361,21,21,50,0.0,0.0,0.0,2.88
1276,-54.778,24,34,66,0.0,0.0,0.0,3.56
1277,-48.45,25,34,66,0.0,0.0,0.0,3.56
1278,40.024,28,20,49,0.0,0.0,0.0,2.1
1279,-11.335,23,25,50,0.0,0.0,0.0,2.65
1280,-15.645,25,28,57,0.0,0.0,0.0,3.01
1281,-59.292,22,33,55,0.0,0.0,0.0,2.57
1282,-49.992,26,35,66,0.0,0.0,0.0,3.19
1283,40.302,29,21,58,0.0,0.0,0.0,2.64
1284,26.55,30,24,60,0.0,0.0,0.0,2.54
1285,-1.903,25,25,56,0.0,0.0,0.0,2.74
1286,-53.752,20,30,55,0.0,0.0,0.0,2.77
1287,-144.992,21,48,73,0.0,0.0,0.0,3.15
1288,13.785,24,21,47,0.0,0.0,0.0,2.07
1289,-117.56,19,41,65,0.0,0.0,0.0,3.04
1290,-7.777,29,30,62,0.0,0.0,0.0,3.5
1291,-61.452,23,35,60,0.0,0.0,0.0,3.96
1292,-97.114,22,40,71,0.0,0.0,0.0,4.26
1293,55.75,26,15,45,0.0,0.0,0.0,2.4
1294,24.501,28,23,53,0.0,0.0,0.0,2.61
1295,51.534,26,16,45,0.0,0.0,0.0,2.27
1296,-0.04,26,26,58,0.0,0.0,0.0,2.8
1297,-28.607,22,27,55,0.0,0.0,0.0,2.8
1298,-78.117,19,34,59,0.0,0.0,0.0,3.33
1299,-21.229,23,27,56,0.0,0.0,0.0,2.85
1300,55.219,30,19,52,0.0,0.0,0.0,2.84
1301,-21.13,25,29,62,0.0,0.0,0.0,2.97
1302,-17.693,23,26,52,0.0,0.0,0.0,2.29
1303,-128.63,14,39,61,0.0,0.0,0.0,3.63
1304,-43.44,23,31,59,0.0,0.0,0.0,2.58
1305,-1.431,22,22,46,0.0,0.0,0.0,1.95
1306,32.207,29,22,58,0.0,0.0,0.0,2.73
1307,-39.922,24,31,63,0.0,0.0,0.0,3.24
1308,-60.41,22,34,61,0.0,0.0,0.0,3.54
1309,-5.328,27,28,56,0.0,0.0,0.0,3.03
1310,-100.885,22,41,70,0.0,0.0,0.0,2.76
1311,-20.012,27,31,58,0.0,0.0,0.0,3.21
1312,76.16,29,14,45,0.0,0.0,0.0,1.88
1313,14.288,27,24,56,0.0,0.0,0.0,2.92
1314,16.635,26,23,49,0.0,0.0,0.0,2.66
1315,-17.208,25,27,57,0.0,0.0,0.0,2.46
1316,-28.021,26,31,62,0.0,0.0,0.0,3.0
1317,-83.727,19,35,57,0.0,0.0,0.0,3.24
1318,3.971,24,23,50,0.0,0.0,0.0,2.55
1319,-90.005,17,34,56,0.0,0.0,0.0,2.34
1320,-7.222,23,24,52,0.0,0.0,0.0,2.19
1321,-12.83,29,31,63,0.0,0.0,0.0,3.31
1322,18.586,23,19,47,0.0,0.0,0.0,1.94
1323,-43.78,21,29,55,0.0,0.0,0.0,2.92
1324,118.934,30,7,38,0.0,0.0,0.0,1.47
1325,7.59,24,22,56,0.0,0.0,0.0,2.69
1326,-84.552,21,37,62,0.0,0.0,0.0,2.99
1327,4.122,26,25,54,0.0,0.0,0.0,2.27
1328,-17.443,23,26,54,0.0,0.0,0.0,2.84
1329,87.645,29,12,41,0.0,0.0,0.0,1.75
1330,97.432,28,9,37,0.0,0.0,0.0,1.56
1331,78.556,31,16,50,0.0,0.0,0.0,2.01
1332,-77.568,22,37,64,0.0,0.0,0.0,3.44
1333,-27.372,24,29,57,0.0,0.0,0.0,3.07
1334,-44.824,24,32,61,0.0,0.0,0.0,2.46
1335,-61.807,28,39,70,0.0,0.0,0.0,3.19
1336,1.617,24,23,55,0.0,0.0,0.0,2.75
1337,-68.487,25,38,68,0.0,0.0,0.0,3.65
1338,-24.759,28,33,67,0.0,0.0,0.0,3.55
1339,43.087,30,22,54,0.0,0.0,0.0,3.04
1340,-24.405,24,29,55,0.0,0.0,0.0,2.49
1341,-38.106,22,29,56,0.0,0.0,0.0,3.3
1342,18.584,27,23,53,0.0,0.0,0.0,2.36
1343,2.062,23,22,48,0.0,0.0,0.0,1.79
1344,-81.809,23,38,64,0.0,0.0,0.0,3.36
1345,-28.238,24,29,60,0.0,0.0,0.0,2.73
1346,69.124,30,16,48,0.0,0.0,0.0,2.38
1347,-18.902,24,27,54,0.0,0.0,0.0,2.49
1348,-5.062,27,28,62,0.0,0.0,0.0,3.09
1349,-44.077,22,30,55,0.0,0.0,0.0,2.3
1350,-0.653,21,21,44,0.0,0.0,0.0,2.15
1351,-18.068,21,24,48,0.0,0.0,0.0,2.21
1352,-128.476,20,45,73,0.0,0.0,0.0,3.72
1353,75.372,26,11,47,0.0,0.0,0.0,2.11
1354,-52.275,25,35,63,0.0,0.0,0.0,3.05
1355,-22.903,24,28,57,0.0,0.0,0.0,2.91
1356,-89.105,19,36,57,0.0,0.0,0.0,3.53
1357,-38.682,18,25,50,0.0,0.0,0.0,2.42
1358,8.75,22,20,47,0.0,0.0,0.0,2.07
1359,-111.92,22,43,70,0.0,0.0,0.0,2.76
1360,35.839,28,21,51,0.0,0.0,0.0,2.4
1361,-53.609,23,33,62,0.0,0.0,0.0,2.85
1362,-9.835,25,27,56,0.0,0.0,0.0,2.7
1363,-21.025,27,30,58,0.0,0.0,0.0,2.87
1364,23.013,28,23,51,0.0,0.0,0.0,2.13
1365,38.745,28,20,51,0.0,0.0,0.0,2.2
1366,11.998,22,19,45,0.0,0.0,0.0,2.32
1367,-28.152,24,29,54,0.0,0.0,0.0,2.81
1368,-118.877,23,46,70,0.0,0.0,0.0,3.55
1369,9.383,25,23,51,0.0,0.0,0.0,2.53
1370,-6.604,25,26,53,0.0,0.0,0.0,2.91
1371,13.05,23,20,47,0.0,0.0,0.0,1.79
1372,-45.585,22,30,57,0.0,0.0,0.0,2.56
1373,-55.67,22,32,59,0.0,0.0,0.0,3.0
1374,-50.408,25,34,65,0.0,0.0,0.0,3.63
1375,8.453,28,26,57,0.0,0.0,0.0,2.73
1376,-31.985,23,29,54,0.0,0.0,0.0,2.89
1377,-63.177,24,36,63,0.0,0.0,0.0,3.32
1378,57.371,27,16,47,0.0,0.0,0.0,2.31
1379,17.868,27,23,53,0.0,0.0,0.0,2.72
1380,-99.886,20,38,65,0.0,0.0,0.0,3.25
1381,2.979,24,23,51,0.0,0.0,0.0,2.15
1382,28.737,28,22,54,0.0,0.0,0.0,2.36
1383,-5.154,21,22,49,0.0,0.0,0.0,2.67
1384,-65.34,28,40,70,0.0,0.0,0.0,2.75
1385,4.834,30,29,60,0.0,0.0,0.0,2.45
1386,-70.837,23,36,63,0.0,0.0,0.0,2.99
1387,-15.949,29,31,62,0.0,0.0,0.0,3.37
1388,-26.139,28,33,64,0.0,0.0,0.0,2.97
1389,56.931,27,16,48,0.0,0.0,0.0,2.24
1390,5.898,28,26,57,0.0,0.0,0.0,2.44
1391,-93.784,24,41,74,0.0,0.0,0.0,3.23
1392,-12.673,24,26,53,0.0,0.0,0.0,2.37
1393,-34.585,25,31,61,0.0,0.0,0.0,2.74
1394,-74.272,23,37,63,0.0,0.0,0.0,3.44
1395,47.735,24,14,46,0.0,0.0,0.0,2.88
1396,-44.769,25,33,61,0.0,0.0,0.0,2.9
1397,-78.027,21,35,66,0.0,0.0,0.0,2.99
1398,22.286,26,21,49,0.0,0.0,0.0,2.37
1399,6.909,29,27,57,0.0,0.0,0.0,2.4
1400,28.601,26,20,58,0.0,0.0,0.0,3.15
1401,-72.754,28,41,73,0.0,0.0,0.0,3.27
1402,-6.329,25,26,53,0.0,0.0,0.0,2.06
1403,-0.521,30,29,62,0.0,0.0,0.0,2.63
1404,-31.387,23,29,61,0.0,0.0,0.0,3.78
1405,59.754,26,14,50,0.0,0.0,0.0,2.39
1406,21.947,29,24,59,0.0,0.0,0.0,2.67
1407,-44.347,23,31,59,0.0,0.0,0.0,2.76
1408,78.645,32,16,49,0.0,0.0,0.0,1.86
1409,9.286,27,25,58,0.0,0.0,0.0,2.66
1410,-11.039,23,25,49,0.0,0.0,0.0,2.37
1411,-33.955,20,26,50,0.0,0.0,0.0,2.54
1412,-124.559,23,46,74,0.0,0.0,0.0,3.21
1413,31.633,30,23,55,0.0,0.0,0.0,2.39
1414,-0.499,23,23,52,0.0,0.0,0.0,2.36
1415,-43.029,24,32,58,0.0,0.0,0.0,3.06
1416,-82.222,18,34,53,0.0,0.0,0.0,2.4
1417,-51.732,18,28,48,0.0,0.0,0.0,2.53
1418,-60.337,21,32,60,0.0,0.0,0.0,3.16
1419,-83.886,20,36,60,0.0,0.0,0.0,3.03
1420,-70.765,19,33,57,0.0,0.0,0.0,3.03
1421,-5.599,26,26,57,0.0,0.0,0.0,2.41
1422,53.317,29,18,51,0.0,0.0,0.0,2.0
1423,-44.368,21,29,55,0.0,0.0,0.0,2.68
1424,71.036,26,12,45,0.0,0.0,0.0,2.24
1425,-60.222,18,29,51,0.0,0.0,0.0,2.3
1426,-41.025,24,31,59,0.0,0.0,0.0,2.36
1427,-17.409,24,27,53,0.0,0.0,0.0,2.74
1428,-19.818,26,29,56,0.0,0.0,0.0,1.94
1429,-53.876,21,31,57,0.0,0.0,0.0,2.49
1430,-106.332,21,41,71,0.0,0.0,0.0,3.73
1431,-1.922,29,29,58,0.0,0.0,0.0,2.76
1432,74.189,24,10,37,0.0,0.0,0.0,1.65
1433,-13.086,27,29,58,0.0,0.0,0.0,2.84
1434,-37.575,21,28,55,0.0,0.0,0.0,2.83
1435,-38.468,22,29,57,0.0,0.0,0.0,2.81
1436,-153.308,26,55,88,0.0,0.0,0.0,4.28
1437,-62.463,23,35,61,0.0,0.0,0.0,3.61
1438,-28.947,26,31,65,0.0,0.0,0.0,3.02
1439,16.497,23,20,48,0.0,0.0,0.0,2.67
1440,-1.49,26,26,55,0.0,0.0,0.0,2.53
1441,54.049,26,15,41,0.0,0.0,0.0,1.9
1442,-65.25,25,37,66,0.0,0.0,0.0,3.59
1443,65.843,28,15,45,0.0,0.0,0.0,2.23
1444,123.664,33,9,44,0.0,0.0,0.0,1.73
1445,19.172,24,20,48,0.0,0.0,0.0,2.58
1446,-86.332,20,36,59,0.0,0.0,0.0,2.73
1447,-18.409,26,29,62,0.0,0.0,0.0,2.23
1448,23.997,24,19,49,0.0,0.0,0.0,2.43
1449,13.946,26,23,55,0.0,0.0,0.0,2.48
1450,-124.324,22,45,74,0.0,0.0,0.0,3.12
1451,-65.735,22,34,66,0.0,0.0,0.0,3.41
1452,-16.393,24,26,58,0.0,0.0,0.0,2.85
1453,-1.757,22,22,53,0.0,0.0,0.0,2.97
1454,-45.909,20,29,53,0.0,0.0,0.0,3.13
1455,75.021,29,15,45,0.0,0.0,0.0,1.9
1456,-98.751,24,42,69,0.0,0.0,0.0,3.36
1457,-133.044,21,46,68,0.0,0.0,0.0,2.57
1458,-71.53,22,36,66,0.0,0.0,0.0,3.76
1459,-22.464,20,24,49,0.0,0.0,0.0,2.18
1460,65.122,27,14,41,0.0,0.0,0.0,1.63
1461,-44.36,24,32,61,0.0,0.0,0.0,3.07
1462,7.624,26,24,58,0.0,0.0,0.0,2.97
1463,66.931,25,12,43,0.0,0.0,0.0,2.16
1464,3.967,23,22,49,0.0,0.0,0.0,2.71
1465,11.276,25,22,48,0.0,0.0,0.0,2.44
1466,-38.02,19,26,51,0.0,0.0,0.0,2.44
1467,2.962,28,27,56,0.0,0.0,0.0,2.32
1468,81.727,28,12,42,0.0,0.0,0.0,1.86
1469,-88.571,20,37,59,0.0,0.0,0.0,3.32
1470,-22.701,27,31,62,0.0,0.0,0.0,3.41
1471,29.096,26,20,48,0.0,0.0,0.0,2.42
1472,-140.23,27,53,89,0.0,0.0,0.0,4.51
1473,-60.267,22,33,64,0.0,0.0,0.0,3.61
1474,-144.785,19,46,72,0.0,0.0,0.0,3.54
1475,-33.256,22,28,63,0.0,0.0,0.0,2.91
1476,33.235,28,21,49,0.0,0.0,0.0,2.34
1477,-15.311,26,29,59,0.0,0.0,0.0,3.0
1478,-17.939,25,28,58,0.0,0.0,0.0,2.49
1479,-78.847,21,36,57,0.0,0.0,0.0,3.13
1480,60.825,30,18,49,0.0,0.0,0.0,2.68
1481,11.702,26,24,50,0.0,0.0,0.0,2.88
1482,-10.659,27,29,62,0.0,0.0,0.0,3.23
1483,-76.533,19,33,59,0.0,0.0,0.0,3.65
1484,-25.37,22,27,50,0.0,0.0,0.0,2.49
1485,33.693,27,20,53,0.0,0.0,0.0,2.64
1486,53.712,27,16,46,0.0,0.0,0.0,2.12
1487,12.658,25,22,52,0.0,0.0,0.0,2.78
1488,-41.593,24,32,56,0.0,0.0,0.0,3.4
1489,8.81,26,24,56,0.0,0.0,0.0,2.61
1490,-90.039,24,41,70,0.0,0.0,0.0,3.75
1491,-94.42,22,40,66,0.0,0.0,0.0,3.52
1492,-8.254,25,26,56,0.0,0.0,0.0,2.42
1493,55.725,29,18,48,0.0,0.0,0.0,2.33
1494,-45.786,24,32,61,0.0,0.0,0.0,2.53
1495,13.507,26,23,50,0.0,0.0,0.0,2.24
1496,-76.005,19,33,59,0.0,0.0,0.0,3.26
1497,12.025,26,23,58,0.0,0.0,0.0,2.89
1498,72.004,28,14,43,0.0,0.0,0.0,1.98
1499,48.149,32,22,58,0.0,0.0,0.0,2.63
1500,-50.852,21,30,56,0.0,0.0,0.0,2.53
1501,35.102,27,20,52,0.0,0.0,0.0,2.53
1502,-0.627,23,23,49,0.0,0.0,0.0,2.76
1503,-92.369,23,40,71,0.0,0.0,0.0,4.13
1504,-14.029,30,32,68,0.0,0.0,0.0,3.21
1505,6.152,25,23,49,0.0,0.0,0.0,2.15
1506,-51.302,23,32,58,0.0,0.0,0.0,2.84
1507,-30.372,23,29,56,0.0,0.0,0.0,2.82
1508,-23.122,26,30,59,0.0,0.0,0.0,2.63
1509,-3.008,29,29,61,0.0,0.0,0.0,2.76
1510,-80.859,20,35,61,0.0,0.0,0.0,2.76
1511,-87.533,22,38,69,0.0,0.0,0.0,3.11
1512,-136.869,22,48,75,0.0,0.0,0.0,3.23
1513,-50.096,24,33,65,0.0,0.0,0.0,3.08
1514,24.172,27,22,49,0.0,0.0,0.0,2.19
1515,-53.024,24,34,61,0.0,0.0,0.0,2.89
1516,-80.308,19,34,61,0.0,0.0,0.0,3.32
1517,-3.652,25,25,53,0.0,0.0,0.0,2.0
1518,-23.488,25,29,54,0.0,0.0,0.0,2.42
1519,-39.877,24,32,57,0.0,0.0,0.0,3.26
1520,49.381,27,17,47,0.0,0.0,0.0,2.33
1521,59.564,28,16,50,0.0,0.0,0.0,2.36
1522,91.421,26,8,37,0.0,0.0,0.0,1.85
1523,-61.93,23,34,60,0.0,0.0,0.0,3.41
1524,-21.378,23,27,51,0.0,0.0,0.0,2.48
1525,-34.619,28,34,65,0.0,0.0,0.0,2.65
1526,-44.092,23,31,56,0.0,0.0,0.0,2.93
1527,69.518,29,15,46,0.0,0.0,0.0,1.81
1528,-43.719,25,33,60,0.0,0.0,0.0,3.05
1529,-101.397,19,38,61,0.0,0.0,0.0,2.89
1530,-19.525,27,30,66,0.0,0.0,0.0,3.25
1531,18.466,28,23,58,0.0,0.0,0.0,2.06
1532,-32.391,25,31,63,0.0,0.0,0.0,2.72
1533,-31.356,24,29,57,0.0,0.0,0.0,2.74
1534,-54.908,23,33,59,0.0,0.0,0.0,2.96
1535,-35.013,23,29,59,0.0,0.0,0.0,2.9
1536,70.261,28,14,42,0.0,0.0,0.0,2.19
1537,-11.6,26,28,58,0.0,0.0,0.0,3.31
1538,-101.596,21,40,66,0.0,0.0,0.0,2.84
1539,-35.66,19,25,49,0.0,0.0,0.0,2.18
1540,27.311,28,22,55,0.0,0.0,0.0,2.89
1541,15.996,24,21,45,0.0,0.0,0.0,2.23
1542,-61.308,25,36,65,0.0,0.0,0.0,3.38
1543,-76.092,25,39,68,0.0,0.0,0.0,3.28
1544,-16.777,25,28,58,0.0,0.0,0.0,2.64
1545,71.96,29,15,48,0.0,0.0,0.0,2.23
1546,-19.48,24,27,59,0.0,0.0,0.0,3.33
1547,13.592,26,23,52,0.0,0.0,0.0,2.55
1548,-18.373,25,28,62,0.0,0.0,0.0,3.46
1549,118.999,30,7,38,0.0,0.0,0.0,1.74
1550,-20.09,26,29,60,0.0,0.0,0.0,2.31
1551,-67.7,25,37,67,0.0,0.0,0.0,3.33
1552,-17.734,24,27,58,0.0,0.0,0.0,3.02
1553,-3.722,25,25,63,0.0,0.0,0.0,3.25
1554,-126.252,18,42,61,0.0,0.0,0.0,3.52
1555,19.62,29,25,58,0.0,0.0,0.0,2.81
1556,-78.923,22,37,61,0.0,0.0,0.0,2.74
1557,49.024,31,21,53,0.0,0.0,0.0,2.3
1558,-50.706,25,34,65,0.0,0.0,0.0,2.95
1559,-4.811,24,24,53,0.0,0.0,0.0,2.61
1560,33.934,27,20,49,0.0,0.0,0.0,1.94
1561,-101.162,24,43,74,0.0,0.0,0.0,3.23
1562,34.774,24,17,43,0.0,0.0,0.0,2.13
1563,0.09,24,23,52,0.0,0.0,0.0,2.33
1564,3.573,27,25,54,0.0,0.0,0.0,2.16
1565,-53.024,23,33,63,0.0,0.0,0.0,3.48
1566,-109.197,24,44,72,0.0,0.0,0.0,3.15
1567,-61.74,24,35,67,0.0,0.0,0.0,2.83
1568,-124.8,15,39,58,0.0,0.0,0.0,3.32
1569,-38.623,22,29,54,0.0,0.0,0.0,2.74
1570,-33.029,27,33,63,0.0,0.0,0.0,3.28
1571,16.855,29,25,55,0.0,0.0,0.0,2.09
1572,7.892,26,24,52,0.0,0.0,0.0,2.63
1573,-25.245,24,28,57,0.0,0.0,0.0,2.34
1574,57.406,26,15,46,0.0,0.0,0.0,2.2
1575,68.007,33,19,53,0.0,0.0,0.0,2.33
1576,-130.478,17,42,65,0.0,0.0,0.0,3.04
1577,41.89,26,18,46,0.0,0.0,0.0,1.84
1578,-38.178,20,27,52,0.0,0.0,0.0,2.58
1579,-17.946,26,29,60,0.0,0.0,0.0,2.57
1580,134.729,32,6,41,0.0,0.0,0.0,1.99
1581,19.288,26,21,53,0.0,0.0,0.0,2.19
1582,39.027,25,17,47,0.0,0.0,0.0,2.52
1583,18.446,23,19,43,0.0,0.0,0.0,1.72
1584,6.651,28,26,54,0.0,0.0,0.0,2.38
1585,10.481,22,20,48,0.0,0.0,0.0,2.23
1586,-35.056,21,27,56,0.0,0.0,0.0,2.73
1587,-51.809,26,36,66,0.0,0.0,0.0,3.75
1588,-91.044,22,39,65,0.0,0.0,0.0,3.39
1589,-20.932,25,29,59,0.0,0.0,0.0,3.0
1590,25.92,25,20,50,0.0,0.0,0.0,2.15
1591,38.586,31,23,59,0.0,0.0,0.0,2.9
1592,69.097,30,17,48,0.0,0.0,0.0,2.42
1593,-109.296,24,44,74,0.0,0.0,0.0,3.41
1594,-30.843,25,31,58,0.0,0.0,0.0,2.96
1595,32.106,25,18,46,0.0,0.0,0.0,1.83
1596,44.33,26,17,51,0.0,0.0,0.0,2.32
1597,36.711,29,21,55,0.0,0.0,0.0,2.49
1598,-29.277,26,31,65,0.0,0.0,0.0,4.17
1599,-91.144,20,37,62,0.0,0.0,0.0,2.98
1600,24.49,24,19,48,0.0,0.0,0.0,2.33
1601,20.143,23,19,51,0.0,0.0,0.0,2.97
1602,-85.174,22,38,63,0.0,0.0,0.0,2.85
1603,14.531,29,25,63,0.0,0.0,0.0,2.99
1604,-77.706,22,36,67,0.0,0.0,0.0,2.57
1605,86.512,31,14,50,0.0,0.0,0.0,2.12
1606,-30.288,24,29,59,0.0,0.0,0.0,3.07
1607,-19.731,27,30,60,0.0,0.0,0.0,2.42
1608,7.789,24,22,50,0.0,0.0,0.0,2.56
1609,-35.532,23,29,61,0.0,0.0,0.0,2.44
1610,17.238,26,22,52,0.0,0.0,0.0,2.44
1611,-124.823,19,43,69,0.0,0.0,0.0,4.01
1612,12.532,29,26,57,0.0,0.0,0.0,2.33
1613,-59.134,26,37,64,0.0,0.0,0.0,3.22
1614,-16.916,23,26,53,0.0,0.0,0.0,2.67
1615,38.584,25,17,47,0.0,0.0,0.0,2.47
1616,-12.374,22,24,51,0.0,0.0,0.0,2.22
1617,35.657,28,21,51,0.0,0.0,0.0,2.42
1618,-74.322,24,37,64,0.0,0.0,0.0,3.03
1619,-85.123,22,38,62,0.0,0.0,0.0,3.27
1620,-77.405,22,36,63,0.0,0.0,0.0,2.8
1621,-66.584,22,35,61,0.0,0.0,0.0,3.33
1622,2.507,23,22,46,0.0,0.0,0.0,2.6
1623,55.022,26,15,46,0.0,0.0,0.0,2.06
1624,-82.052,25,40,66,0.0,0.0,0.0,3.0
1625,46.465,28,19,47,0.0,0.0,0.0,2.55
1626,39.541,25,17,43,0.0,0.0,0.0,2.01
1627,-106.39,22,42,68,0.0,0.0,0.0,3.19
1628,18.386,24,20,52,0.0,0.0,0.0,2.59
1629,-2.831,26,26,56,0.0,0.0,0.0,2.24
1630,-24.814,26,30,62,0.0,0.0,0.0,2.71
1631,-47.517,26,34,65,0.0,0.0,0.0,2.82
1632,-57.265,24,34,65,0.0,0.0,0.0,3.33
1633,38.49,28,20,49,0.0,0.0,0.0,2.15
1634,-1.112,25,25,56,0.0,0.0,0.0,2.96
1635,42.741,26,17,46,0.0,0.0,0.0,2.32
1636,-5.254,24,25,50,0.0,0.0,0.0,2.77
1637,61.471,32,20,54,0.0,0.0,0.0,2.22
1638,-70.092,23,36,61,0.0,0.0,0.0,3.0
1639,-44.562,24,32,63,0.0,0.0,0.0,3.12
1640,26.873,25,20,47,0.0,0.0,0.0,2.48
1641,-19.168,25,28,54,0.0,0.0,0.0,2.46
1642,-17.86,21,24,49,0.0,0.0,0.0,2.27
1643,-79.459,20,35,59,0.0,0.0,0.0,3.24
1644,-41.383,26,33,61,0.0,0.0,0.0,2.86
1645,-103.379,21,40,67,0.0,0.0,0.0,3.59
1646,38.937,26,18,45,0.0,0.0,0.0,2.11
1647,2.058,25,24,52,0.0,0.0,0.0,2.17
1648,0.108,26,25,54,0.0,0.0,0.0,2.77
1649,87.217,31,14,48,0.0,0.0,0.0,1.99
1650,-67.241,25,38,64,0.0,0.0,0.0,3.66
1651,-29.405,22,27,54,0.0,0.0,0.0,2.35
1652,40.422,28,19,52,0.0,0.0,0.0,2.46
1653,-18.543,32,35,72,0.0,0.0,0.0,3.27
1654,18.468,29,25,58,0.0,0.0,0.0,2.8
1655,-22.13,25,29,56,0.0,0.0,0.0,2.32
1656,26.672,29,23,55,0.0,0.0,0.0,2.7
1657,-52.977,22,32,57,0.0,0.0,0.0,2.95
1658,-19.132,26,29,67,0.0,0.0,0.0,3.67
1659,-8.789,24,25,54,0.0,0.0,0.0,2.69
1660,-69.282,22,35,60,0.0,0.0,0.0,3.19
1661,76.973,26,11,41,0.0,0.0,0.0,1.5
1662,-39.596,25,32,63,0.0,0.0,0.0,2.9
1663,-13.792,26,28,56,0.0,0.0,0.0,2.86
1664,-0.757,25,25,51,0.0,0.0,0.0,2.36
1665,9.517,27,25,56,0.0,0.0,0.0,2.36
1666,-15.072,23,26,55,0.0,0.0,0.0,2.64
1667,-73.211,27,40,75,0.0,0.0,0.0,3.9
1668,-95.567,20,37,61,0.0,0.0,0.0,2.87
1669,-32.629,22,28,50,0.0,0.0,0.0,2.54
1670,25.29,31,25,58,0.0,0.0,0.0,2.37
1671,-28.18,24,29,55,0.0,0.0,0.0,2.3
1672,-32.876,23,29,52,0.0,0.0,0.0,2.42
1673,33.095,30,23,57,0.0,0.0,0.0,2.24
1674,-99.65,25,44,69,0.0,0.0,0.0,3.19
1675,-22.048,22,26,49,0.0,0.0,0.0,2.3
1676,-0.22,25,25,53,0.0,0.0,0.0,2.66
1677,-25.187,25,29,58,0.0,0.0,0.0,2.86
1678,-78.145,22,37,65,0.0,0.0,0.0,3.26
1679,86.679,31,14,46,0.0,0.0,0.0,1.29
1680,-30.504,24,29,58,0.0,0.0,0.0,2.93
1681,-10.317,24,26,54,0.0,0.0,0.0,2.72
1682,116.101,31,8,40,0.0,0.0,0.0,1.68
1683,-117.493,22,44,73,0.0,0.0,0.0,3.82
1684,44.255,28,19,47,0.0,0.0,0.0,2.18
1685,-73.666,23,37,62,0.0,0.0,0.0,2.87
1686,-69.193,17,30,52,0.0,0.0,0.0,3.0
1687,45.994,30,21,53,0.0,0.0,0.0,2.4
1688,-34.952,23,29,59,0.0,0.0,0.0,2.69
1689,43.509,27,18,50,0.0,0.0,0.0,2.4
1690,64.058,33,20,59,0.0,0.0,0.0,2.67
1691,0.001,28,27,58,0.0,0.0,0.0,2.59
1692,-98.163,23,41,70,0.0,0.0,0.0,3.55
1693,59.471,34,22,62,0.0,0.0,0.0,3.0
1694,-30.721,23,28,54,0.0,0.0,0.0,1.99
1695,18.706,27,23,52,0.0,0.0,0.0,2.13
1696,44.767,30,21,53,0.0,0.0,0.0,2.09
1697,-122.921,21,44,70,0.0,0.0,0.0,3.11
1698,-105.179,24,44,73,0.0,0.0,0.0,3.36
1699,-46.894,22,31,56,0.0,0.0,0.0,3.18
1700,3.482,29,28,58,0.0,0.0,0.0,3.06
1701,66.134,28,15,43,0.0,0.0,0.0,1.76
1702,8.668,24,22,46,0.0,0.0,0.0,2.44
1703,6.365,24,22,54,0.0,0.0,0.0,2.49
1704,69.046,27,13,43,0.0,0.0,0.0,1.52
1705,23.76,22,17,42,0.0,0.0,0.0,1.72
1706,-15.622,24,26,56,0.0,0.0,0.0,2.88
1707,13.09,28,25,58,0.0,0.0,0.0,3.11
1708,-38.718,24,31,59,0.0,0.0,0.0,3.1
1709,7.447,24,22,49,0.0,0.0,0.0,2.29
1710,52.504,26,15,48,0.0,0.0,0.0,2.08
1711,-68.892,27,40,72,0.0,0.0,0.0,3.05
1712,-5.968,30,30,62,0.0,0.0,0.0,2.72
1713,96.525,25,6,34,0.0,0.0,0.0,1.37
1714,-12.326,27,29,59,0.0,0.0,0.0,2.7
1715,45.999,27,18,50,0.0,0.0,0.0,2.2
1716,-94.942,21,38,69,0.0,0.0,0.0,3.57
1717,44.88,29,20,50,0.0,0.0,0.0,2.36
1718,-58.917,23,34,59,0.0,0.0,0.0,2.95
1719,-108.21,20,40,63,0.0,0.0,0.0,3.15
1720,-11.317,24,26,52,0.0,0.0,0.0,2.41
1721,-64.692,19,31,58,0.0,0.0,0.0,2.83
1722,31.55,28,22,52,0.0,0.0,0.0,2.48
1723,-40.233,26,33,65,0.0,0.0,0.0,3.04
1724,23.494,30,25,60,0.0,0.0,0.0,3.31
1725,-2.554,28,28,62,0.0,0.0,0.0,2.86
1726,15.9,24,21,47,0.0,0.0,0.0,2.62
1727,54.044,32,21,55,0.0,0.0,0.0,2.57
1728,-56.983,26,37,71,0.0,0.0,0.0,3.54
1729,0.117,27,27,56,0.0,0.0,0.0,2.69
1730,47.229,27,18,51,0.0,0.0,0.0,2.66
1731,26.786,24,18,46,0.0,0.0,0.0,2.13
1732,-30.286,21,27,53,0.0,0.0,0.0,2.89
1733,-51.403,20,29,54,0.0,0.0,0.0,2.07
1734,-41.428,21,29,50,0.0,0.0,0.0,2.49
1735,-35.885,24,31,55,0.0,0.0,0.0,3.22
1736,-25.064,21,26,47,0.0,0.0,0.0,2.27
1737,34.155,28,21,52,0.0,0.0,0.0,2.44
1738,20.841,21,16,40,0.0,0.0,0.0,1.86
1739,-55.04,23,33,61,0.0,0.0,0.0,3.3
1740,-0.853,21,21,46,0.0,0.0,0.0,2.29
1741,48.805,27,17,49,0.0,0.0,0.0,2.4
1742,-23.279,23,27,54,0.0,0.0,0.0,2.22
1743,-14.085,26,28,57,0.0,0.0,0.0,2.35
1744,-93.762,27,44,80,0.0,0.0,0.0,4.33
1745,40.087,29,21,54,0.0,0.0,0.0,2.49
1746,-34.759,27,33,65,0.0,0.0,0.0,2.72
1747,-28.055,26,31,62,0.0,0.0,0.0,3.37
1748,76.09,28,13,42,0.0,0.0,0.0,1.47
1749,66.513,28,15,45,0.0,0.0,0.0,2.59
1750,-59.569,26,38,68,0.0,0.0,0.0,3.72
1751,2.284,27,26,55,0.0,0.0,0.0,2.83
1752,-118.037,24,47,76,0.0,0.0,0.0,3.56
1753,-7.363,24,25,50,0.0,0.0,0.0,2.59
1754,15.477,27,24,53,0.0,0.0,0.0,2.6
1755,2.904,29,28,61,0.0,0.0,0.0,2.65
1756,-89.796,20,36,65,0.0,0.0,0.0,3.32
1757,-16.968,23,26,52,0.0,0.0,0.0,2.84
1758,19.91,25,21,46,0.0,0.0,0.0,2.1
1759,68.102,31,17,57,0.0,0.0,0.0,2.79
1760,3.598,31,29,70,0.0,0.0,0.0,3.15
1761,-34.306,24,31,67,0.0,0.0,0.0,3.83
1762,35.793,22,15,39,0.0,0.0,0.0,1.79
1763,-5.717,26,26,55,0.0,0.0,0.0,2.26
1764,-3.637,22,22,52,0.0,0.0,0.0,2.75
1765,-66.683,18,31,55,0.0,0.0,0.0,3.25
1766,-129.878,19,44,70,0.0,0.0,0.0,3.11
1767,16.034,25,21,50,0.0,0.0,0.0,2.24
1768,6.327,27,25,52,0.0,0.0,0.0,1.98
1769,77.982,31,16,48,0.0,0.0,0.0,2.13
1770,-65.765,21,33,56,0.0,0.0,0.0,2.79
1771,-8.257,25,27,56,0.0,0.0,0.0,3.31
1772,34.075,29,22,53,0.0,0.0,0.0,2.12
1773,-44.791,22,30,55,0.0,0.0,0.0,2.06
1774,-112.662,21,42,69,0.0,0.0,0.0,3.2
1775,17.511,27,23,53,0.0,0.0,0.0,2.37
1776,-58.037,25,36,64,0.0,0.0,0.0,2.45
1777,-81.776,25,40,67,0.0,0.0,0.0,3.8
1778,-41.173,20,28,52,0.0,0.0,0.0,3.02
1779,34.623,28,21,52,0.0,0.0,0.0,2.24
1780,45.656,31,22,54,0.0,0.0,0.0,2.7
1781,87.975,28,11,40,0.0,0.0,0.0,1.88
1782,79.672,30,14,48,0.0,0.0,0.0,2.05
1783,64.994,28,15,47,0.0,0.0,0.0,2.29
1784,-30.058,20,25,51,0.0,0.0,0.0,2.58
1785,47.511,34,24,60,0.0,0.0,0.0,2.46
1786,7.786,29,27,58,0.0,0.0,0.0,3.23
1787,26.899,26,20,52,0.0,0.0,0.0,2.25
1788,-7.16,26,26,56,0.0,0.0,0.0,2.21
1789,-39.147,25,32,59,0.0,0.0,0.0,2.88
1790,-72.053,23,36,68,0.0,0.0,0.0,3.29
1791,-16.678,22,25,50,0.0,0.0,0.0,2.71
1792,12.333,25,22,50,0.0,0.0,0.0,2.54
1793,14.184,27,24,55,0.0,0.0,0.0,2.47
1794,15.782,30,26,62,0.0,0.0,0.0,2.51
1795,54.56,25,14,45,0.0,0.0,0.0,2.05
1796,-36.802,20,27,57,0.0,0.0,0.0,2.93
1797,51.281,21,11,32,0.0,0.0,0.0,0.99
1798,-79.425,28,43,77,0.0,0.0,0.0,3.67
1799,-6.275,25,26,52,0.0,0.0,0.0,2.74
1800,34.848,31,24,58,0.0,0.0,0.0,3.11
1801,-56.279,22,32,57,0.0,0.0,0.0,2.75
1802,-16.273,24,26,55,0.0,0.0,0.0,2.69
1803,68.304,29,15,55,0.0,0.0,0.0,2.7
1804,19.162,23,19,45,0.0,0.0,0.0,2.35
1805,-52.37,21,31,56,0.0,0.0,0.0,2.28
1806,-7.719,26,27,59,0.0,0.0,0.0,2.7
1807,27.414,29,23,59,0.0,0.0,0.0,2.61
1808,7.486,24,22,50,0.0,0.0,0.0,2.67
1809,25.962,31,25,64,0.0,0.0,0.0,2.68
1810,-66.163,25,37,65,0.0,0.0,0.0,3.19
1811,-93.986,21,39,69,0.0,0.0,0.0,3.69
1812,-69.85,24,37,67,0.0,0.0,0.0,3.92
1813,-54.296,22,32,55,0.0,0.0,0.0,2.49
1814,-23.006,21,25,56,0.0,0.0,0.0,2.8
1815,17.004,27,23,60,0.0,0.0,0.0,3.16
1816,-10.744,25,27,54,0.0,0.0,0.0,2.63
1817,39.747,28,20,52,0.0,0.0,0.0,2.14
1818,-8.66,24,26,56,0.0,0.0,0.0,3.07
1819,70.366,30,16,51,0.0,0.0,0.0,2.36
1820,-81.595,20,35,56,0.0,0.0,0.0,2.42
1821,143.139,34,6,44,0.0,0.0,0.0,1.87
1822,62.625,28,16,46,0.0,0.0,0.0,1.96
1823,23.416,26,21,50,0.0,0.0,0.0,2.35
1824,47.21,29,20,49,0.0,0.0,0.0,2.29
1825,-103.404,19,38,62,0.0,0.0,0.0,2.78
1826,-48.784,23,32,59,0.0,0.0,0.0,3.26
1827,63.925,28,15,47,0.0,0.0,0.0,2.08
1828,-63.459,24,36,63,0.0,0.0,0.0,3.03
1829,-11.886,23,25,57,0.0,0.0,0.0,2.94
1830,106.327,24,4,28,0.0,0.0,0.0,1.24
1831,-4.721,22,22,51,0.0,0.0,0.0,1.89
1832,-37.811,23,30,62,0.0,0.0,0.0,3.63
1833,-48.999,25,34,67,0.0,0.0,0.0,3.58
1834,-15.934,23,26,57,0.0,0.0,0.0,2.87
1835,34.735,25,18,48,0.0,0.0,0.0,1.94
1836,6.362,21,20,42,0.0,0.0,0.0,2.69
1837,-25.73,24,28,55,0.0,0.0,0.0,2.38
1838,103.035,33,13,48,0.0,0.0,0.0,2.05
1839,-10.343,25,26,57,0.0,0.0,0.0,2.96
1840,-22.603,25,29,54,0.0,0.0,0.0,2.62
1841,1.835,27,26,56,0.0,0.0,0.0,2.27
1842,-58.439,20,31,56,0.0,0.0,0.0,2.83
1843,80.419,27,11,42,0.0,0.0,0.0,1.45
1844,-73.441,21,35,59,0.0,0.0,0.0,2.81
1845,-15.39,26,29,58,0.0,0.0,0.0,3.14
1846,-75.345,20,34,54,0.0,0.0,0.0,2.77
1847,-86.255,25,41,71,0.0,0.0,0.0,3.73
1848,57.506,31,19,53,0.0,0.0,0.0,2.28
1849,-91.883,23,40,66,0.0,0.0,0.0,3.53
1850,-6.856,30,30,65,0.0,0.0,0.0,2.56
1851,-96.231,22,40,65,0.0,0.0,0.0,3.5
1852,-17.656,28,31,61,0.0,0.0,0.0,2.94
1853,43.897,29,20,51,0.0,0.0,0.0,2.17
1854,-32.981,25,31,62,0.0,0.0,0.0,3.46
1855,-6.025,24,24,51,0.0,0.0,0.0,2.73
1856,-67.85,23,36,61,0.0,0.0,0.0,3.24
1857,16.261,23,19,49,0.0,0.0,0.0,2.4
1858,65.29,33,20,53,0.0,0.0,0.0,2.37
1859,23.701,32,27,62,0.0,0.0,0.0,2.57
1860,-46.822,20,29,50,0.0,0.0,0.0,2.2
1861,32.638,24,18,45,0.0,0.0,0.0,2.13
1862,-49.719,22,31,54,0.0,0.0,0.0,2.64
1863,-22.709,26,29,60,0.0,0.0,0.0,2.4
1864,-14.094,26,28,61,0.0,0.0,0.0,2.55
1865,32.423,28,21,50,0.0,0.0,0.0,2.29
1866,24.392,26,21,49,0.0,0.0,0.0,2.62
1867,-30.496,24,29,61,0.0,0.0,0.0,3.14
1868,-50.265,22,31,53,0.0,0.0,0.0,2.43
1869,-24.8,27,31,61,0.0,0.0,0.0,3.42
1870,10.073,28,25,61,0.0,0.0,0.0,2.42
1871,-2.882,24,24,55,0.0,0.0,0.0,2.72
1872,-4.148,23,24,50,0.0,0.0,0.0,3.07
1873,0.273,23,22,46,0.0,0.0,0.0,2.39
1874,29.286,28,21,54,0.0,0.0,0.0,2.34
1875,2.176,22,22,46,0.0,0.0,0.0,2.53
1876,87.324,32,15,57,0.0,0.0,0.0,2.99
1877,-30.374,23,28,56,0.0,0.0,0.0,2.82
1878,-17.929,29,31,65,0.0,0.0,0.0,3.3
1879,-83.493,23,38,64,0.0,0.0,0.0,3.13
1880,-31.853,26,31,62,0.0,0.0,0.0,3.42
1881,-53.186,22,32,55,0.0,0.0,0.0,2.19
1882,43.674,31,22,62,0.0,0.0,0.0,2.79
1883,-23.424,25,29,61,0.0,0.0,0.0,3.55
1884,64.343,29,16,49,0.0,0.0,0.0,2.13
1885,34.929,25,18,45,0.0,0.0,0.0,1.88
1886,14.153,27,24,54,0.0,0.0,0.0,2.73
1887,-32.562,21,27,52,0.0,0.0,0.0,3.0
1888,-35.194,28,34,63,0.0,0.0,0.0,3.4
1889,37.909,29,21,52,0.0,0.0,0.0,2.05
1890,42.332,28,19,51,0.0,0.0,0.0,2.2
1891,-31.835,26,32,60,0.0,0.0,0.0,2.89
1892,-179.504,16,50,71,0.0,0.0,0.0,3.83
1893,34.316,31,24,59,0.0,0.0,0.0,3.44
1894,-13.063,26,28,56,0.0,0.0,0.0,2.91
1895,40.153,28,20,48,0.0,0.0,0.0,2.04
1896,13.306,26,23,49,0.0,0.0,0.0,2.3
1897,-16.208,25,28,60,0.0,0.0,0.0,3.71
1898,33.826,35,28,64,0.0,0.0,0.0,2.95
1899,-45.384,29,37,73,0.0,0.0,0.0,3.47
1900,-16.772,25,28,57,0.0,0.0,0.0,2.95
1901,-92.2,24,41,72,0.0,0.0,0.0,3.84
1902,-83.417,25,40,68,0.0,0.0,0.0,3.52
1903,-80.799,20,35,57,0.0,0.0,0.0,2.63
1904,-34.959,23,29,54,0.0,0.0,0.0,2.78
1905,20.932,27,23,54,0.0,0.0,0.0,2.0
1906,-23.399,28,31,67,0.0,0.0,0.0,3.32
1907,19.537,28,24,52,0.0,0.0,0.0,2.24
1908,83.852,32,15,48,0.0,0.0,0.0,2.2
1909,29.66,28,22,51,0.0,0.0,0.0,2.8
1910,-112.257,23,44,74,0.0,0.0,0.0,3.47
1911,-61.534,20,31,53,0.0,0.0,0.0,2.37
1912,0.381,26,25,56,0.0,0.0,0.0,1.93
1913,-103.611,23,42,70,0.0,0.0,0.0,3.59
1914,-124.281,16,39,62,0.0,0.0,0.0,2.15
1915,40.313,27,19,51,0.0,0.0,0.0,2.37
1916,-26.437,22,26,53,0.0,0.0,0.0,2.19
1917,9.73,27,25,54,0.0,0.0,0.0,2.5
1918,75.062,28,13,45,0.0,0.0,0.0,1.85
1919,2.403,29,28,61,0.0,0.0,0.0,2.8
1920,1.594,26,25,56,0.0,0.0,0.0,2.56
1921,2.359,28,27,59,0.0,0.0,0.0,2.42
1922,-67.657,21,34,60,0.0,0.0,0.0,2.85
1923,48.753,29,19,53,0.0,0.0,0.0,2.56
1924,47.483,30,20,54,0.0,0.0,0.0,2.53
1925,60.687,32,20,53,0.0,0.0,0.0,2.63
1926,15.582,26,22,52,0.0,0.0,0.0,2.35
1927,-19.077,29,32,65,0.0,0.0,0.0,3.68
1928,24.121,24,19,46,0.0,0.0,0.0,2.59
1929,26.565,28,22,54,0.0,0.0,0.0,2.72
1930,-72.566,20,34,58,0.0,0.0,0.0,3.14
1931,-15.543,22,24,51,0.0,0.0,0.0,2.15
1932,42.953,28,19,53,0.0,0.0,0.0,2.77
1933,79.339,29,13,51,0.0,0.0,0.0,2.47
1934,18.864,26,22,50,0.0,0.0,0.0,2.5
1935,-26.542,29,33,63,0.0,0.0,0.0,2.54
1936,-79.868,23,38,66,0.0,0.0,0.0,2.76
1937,-24.989,22,26,49,0.0,0.0,0.0,1.78
1938,-56.158,25,35,68,0.0,0.0,0.0,3.35
1939,82.865,32,16,51,0.0,0.0,0.0,2.34
1940,51.237,28,17,50,0.0,0.0,0.0,1.74
1941,22.395,25,20,53,0.0,0.0,0.0,2.47
1942,-5.406,29,29,62,0.0,0.0,0.0,2.71
1943,-49.296,22,31,55,0.0,0.0,0.0,2.08
1944,48.529,29,19,49,0.0,0.0,0.0,1.85
1945,83.017,27,10,47,0.0,0.0,0.0,2.23
1946,29.399,28,21,55,0.0,0.0,0.0,2.32
1947,-60.941,19,30,53,0.0,0.0,0.0,2.34
1948,-88.741,26,43,73,0.0,0.0,0.0,3.64
1949,-39.157,26,33,68,0.0,0.0,0.0,3.42
1950,83.354,28,12,42,0.0,0.0,0.0,1.75
1951,8.407,27,25,55,0.0,0.0,0.0,2.56
1952,-71.107,22,35,63,0.0,0.0,0.0,3.51
1953,-75.817,21,35,62,0.0,0.0,0.0,2.79
1954,-39.723,26,33,61,0.0,0.0,0.0,2.39
1955,10.183,21,19,42,0.0,0.0,0.0,1.9
1956,-10.674,26,27,63,0.0,0.0,0.0,2.77
1957,-84.915,21,37,62,0.0,0.0,0.0,3.89
1958,10.082,26,24,55,0.0,0.0,0.0,2.42
1959,72.106,32,18,57,0.0,0.0,0.0,3.04
1960,-35.385,22,28,52,0.0,0.0,0.0,2.68
1961,-62.263,23,34,62,0.0,0.0,0.0,2.64
1962,20.033,25,21,49,0.0,0.0,0.0,2.23
1963,79.067,30,14,45,0.0,0.0,0.0,1.64
1964,-21.0,25,28,54,0.0,0.0,0.0,2.29
1965,-37.322,25,32,65,0.0,0.0,0.0,3.48
1966,-72.263,24,37,65,0.0,0.0,0.0,2.2
1967,-157.575,22,52,77,0.0,0.0,0.0,3.41
1968,32.574,28,21,52,0.0,0.0,0.0,2.47
1969,-24.786,28,32,63,0.0,0.0,0.0,3.09
1970,-5.674,26,26,53,0.0,0.0,0.0,2.29
1971,-95.973,19,36,61,0.0,0.0,0.0,2.45
1972,-44.375,26,34,65,0.0,0.0,0.0,3.3
1973,-18.132,25,28,57,0.0,0.0,0.0,2.35
1974,-55.803,24,35,63,0.0,0.0,0.0,3.09
1975,26.374,29,24,57,0.0,0.0,0.0,2.85
1976,49.795,31,21,59,0.0,0.0,0.0,3.0
1977,-1.603,25,24,59,0.0,0.0,0.0,2.14
1978,-17.286,28,30,62,0.0,0.0,0.0,3.11
1979,5.598,29,27,58,0.0,0.0,0.0,2.43
1980,99.133,31,12,46,0.0,0.0,0.0,1.75
1981,-16.295,24,26,56,0.0,0.0,0.0,2.77
1982,-106.718,21,41,69,0.0,0.0,0.0,3.24
1983,7.229,28,26,54,0.0,0.0,0.0,2.29
1984,101.992,31,11,43,0.0,0.0,0.0,1.48
1985,21.892,26,21,48,0.0,0.0,0.0,2.22
1986,-82.398,23,38,65,0.0,0.0,0.0,3.27
1987,1.415,24,22,55,0.0,0.0,0.0,2.11
1988,-90.033,23,40,66,0.0,0.0,0.0,3.52
1989,2.79,24,23,52,0.0,0.0,0.0,2.96
1990,24.482,29,23,60,0.0,0.0,0.0,2.78
1991,-5.849,28,28,63,0.0,0.0,0.0,2.83
1992,-13.594,29,31,61,0.0,0.0,0.0,2.91
1993,-12.184,20,22,46,0.0,0.0,0.0,2.49
1994,-101.557,20,40,62,0.0,0.0,0.0,4.05
1995,-87.716,21,38,62,0.0,0.0,0.0,3.2
1996,-97.118,23,41,66,0.0,0.0,0.0,3.77
1997,59.917,28,16,51,0.0,0.0,0.0,2.49
1998,-32.504,19,25,51,0.0,0.0,0.0,2.83
1999,-71.736,24,37,65,0.0,0.0,0.0,3.42
2000,-32.989,25,30,59,0.0,0.0,0.0,2.4
2001,27.189,26,20,48,0.0,0.0,0.0,2.25
2002,9.389,31,28,62,0.0,0.0,0.0,2.64
2003,49.469,25,15,44,0.0,0.0,0.0,2.14
2004,-34.126,25,30,72,0.0,0.0,0.0,3.28
2005,-10.557,25,26,53,0.0,0.0,0.0,2.37
2006,-80.324,22,36,67,0.0,0.0,0.0,3.09
2007,-72.182,20,33,61,0.0,0.0,0.0,3.34
2008,-5.91,24,24,51,0.0,0.0,0.0,1.91
2009,-12.821,23,25,52,0.0,0.0,0.0,2.39
2010,-43.851,24,32,60,0.0,0.0,0.0,3.15
2011,-11.798,23,24,52,0.0,0.0,0.0,2.18
2012,11.529,27,24,54,0.0,0.0,0.0,2.32
2013,-60.915,25,36,68,0.0,0.0,0.0,3.11
2014,42.706,30,21,56,0.0,0.0,0.0,2.54
2015,-30.246,21,26,53,0.0,0.0,0.0,2.42
2016,29.616,29,23,56,0.0,0.0,0.0,2.73
2017,-39.735,20,27,52,0.0,0.0,0.0,2.45
2018,22.913,23,18,45,0.0,0.0,0.0,2.26
2019,23.891,31,26,59,0.0,0.0,0.0,2.83
2020,-85.45,16,32,57,0.0,0.0,0.0,2.81
2021,13.484,28,25,57,0.0,0.0,0.0,2.99
2022,1.192,29,28,62,0.0,0.0,0.0,2.88
2023,44.363,30,21,52,0.0,0.0,0.0,2.33
2024,8.728,24,22,47,0.0,0.0,0.0,2.34
2025,1.04,23,23,48,0.0,0.0,0.0,2.09
2026,80.179,35,19,56,0.0,0.0,0.0,2.46
2027,-43.221,22,29,61,0.0,0.0,0.0,3.18
2028,33.879,29,22,54,0.0,0.0,0.0,2.5
2029,-18.761,27,30,60,0.0,0.0,0.0,3.04
2030,-60.412,27,38,67,0.0,0.0,0.0,2.46
2031,-43.841,24,32,58,0.0,0.0,0.0,2.86
2032,13.995,26,23,50,0.0,0.0,0.0,2.28
2033,32.598,27,20,51,0.0,0.0,0.0,2.47
2034,-38.759,26,32,62,0.0,0.0,0.0,2.57
2035,48.195,26,16,43,0.0,0.0,0.0,2.2
2036,-75.856,22,36,60,0.0,0.0,0.0,3.15
2037,-13.703,27,29,59,0.0,0.0,0.0,2.52
2038,-13.029,27,29,57,0.0,0.0,0.0,2.41
2039,-34.514,20,26,52,0.0,0.0,0.0,3.23
2040,-5.598,26,27,53,0.0,0.0,0.0,2.53
2041,44.02,25,16,44,0.0,0.0,0.0,2.37
2042,59.204,27,15,45,0.0,0.0,0.0,2.02
2043,-5.772,27,27,61,0.0,0.0,0.0,2.74
2044,31.206,26,20,51,0.0,0.0,0.0,2.4
2045,0.379,28,27,63,0.0,0.0,0.0,3.0
2046,17.851,27,23,53,0.0,0.0,0.0,2.5
2047,71.527,31,17,49,0.0,0.0,0.0,2.12
2048,63.376,29,16,49,0.0,0.0,0.0,1.74
2049,34.381,25,18,49,0.0,0.0,0.0,2.56
2050,-46.202,23,31,54,0.0,0.0,0.0,2.06
2051,-20.527,22,26,57,0.0,0.0,0.0,3.04
2052,-2.685,23,23,46,0.0,0.0,0.0,2.23
2053,11.919,22,19,44,0.0,0.0,0.0,2.11
2054,-135.922,22,48,73,0.0,0.0,0.0,4.22
2055,31.778,27,21,53,0.0,0.0,0.0,2.72
2056,6.143,32,30,65,0.0,0.0,0.0,2.61
2057,27.576,27,21,49,0.0,0.0,0.0,1.93
2058,-51.196,18,28,52,0.0,0.0,0.0,2.83
2059,-16.517,28,31,61,0.0,0.0,0.0,3.27
2060,93.681,30,11,46,0.0,0.0,0.0,1.89
2061,-51.969,23,32,58,0.0,0.0,0.0,2.3
2062,79.801,29,13,44,0.0,0.0,0.0,1.59
2063,42.61,34,25,63,0.0,0.0,0.0,3.17
2064,-46.589,22,30,59,0.0,0.0,0.0,2.7
2065,7.237,27,25,56,0.0,0.0,0.0,2.7
2066,-10.004,25,26,54,0.0,0.0,0.0,2.38
2067,-53.752,23,32,64,0.0,0.0,0.0,2.87
2068,-10.053,27,28,57,0.0,0.0,0.0,2.46
2069,-37.034,26,32,63,0.0,0.0,0.0,2.79
2070,5.65,29,27,57,0.0,0.0,0.0,2.59
2071,83.958,35,18,57,0.0,0.0,0.0,1.99
2072,-35.182,22,28,57,0.0,0.0,0.0,3.17
2073,33.803,22,15,43,0.0,0.0,0.0,1.95
2074,-31.039,26,31,60,0.0,0.0,0.0,2.37
2075,-119.194,22,44,70,0.0,0.0,0.0,3.61
2076,-10.29,25,27,54,0.0,0.0,0.0,2.81
2077,-95.237,19,37,58,0.0,0.0,0.0,2.79
2078,45.552,26,17,46,0.0,0.0,0.0,1.85
2079,-33.123,25,31,58,0.0,0.0,0.0,3.01
2080,-67.524,21,34,59,0.0,0.0,0.0,3.27
2081,-82.01,17,33,56,0.0,0.0,0.0,3.09
2082,9.569,23,21,50,0.0,0.0,0.0,2.59
2083,36.098,25,18,45,0.0,0.0,0.0,2.02
2084,11.945,26,23,52,0.0,0.0,0.0,2.18
2085,-105.239,22,41,70,0.0,0.0,0.0,3.02
2086,25.56,30,25,60,0.0,0.0,0.0,2.58
2087,-129.552,19,44,67,0.0,0.0,0.0,3.55
2088,-22.427,24,28,53,0.0,0.0,0.0,2.79
2089,96.819,30,11,47,0.0,0.0,0.0,1.94
2090,-42.296,26,33,63,0.0,0.0,0.0,3.09
2091,33.54,26,19,52,0.0,0.0,0.0,2.55
2092,2.431,29,28,61,0.0,0.0,0.0,3.06
2093,8.364,29,27,58,0.0,0.0,0.0,3.1
2094,36.676,30,22,53,0.0,0.0,0.0,2.18
2095,15.749,26,22,54,0.0,0.0,0.0,2.28
2096,-140.73,23,49,74,0.0,0.0,0.0,3.37
2097,97.804,31,12,46,0.0,0.0,0.0,1.87
2098,-125.002,21,44,71,0.0,0.0,0.0,3.25
2099,8.035,26,24,53,0.0,0.0,0.0,2.63
2100,-60.513,23,34,62,0.0,0.0,0.0,3.51
2101,-78.235,22,36,60,0.0,0.0,0.0,2.68
2102,-23.04,23,27,58,0.0,0.0,0.0,3.22
2103,67.581,33,19,56,0.0,0.0,0.0,2.5
2104,31.359,27,20,48,0.0,0.0,0.0,2.1
2105,-171.219,13,45,64,0.0,0.0,0.0,3.23
2106,24.373,29,24,57,0.0,0.0,0.0,2.88
2107,-30.414,25,30,55,0.0,0.0,0.0,2.28
2108,-40.816,24,30,57,0.0,0.0,0.0,2.38
2109,28.066,24,18,50,0.0,0.0,0.0,2.28
2110,-41.122,21,28,58,0.0,0.0,0.0,2.46
2111,-14.712,23,25,54,0.0,0.0,0.0,2.56
2112,39.931,28,20,48,0.0,0.0,0.0,2.32
2113,32.856,28,21,51,0.0,0.0,0.0,2.52
2114,33.256,25,18,46,0.0,0.0,0.0,1.9
2115,-81.262,28,43,75,0.0,0.0,0.0,3.93
2116,17.855,28,24,54,0.0,0.0,0.0,2.2
2117,-32.317,24,30,59,0.0,0.0,0.0,3.25
2118,59.246,30,18,48,0.0,0.0,0.0,2.17
2119,-72.59,26,39,69,0.0,0.0,0.0,3.05
2120,18.975,27,22,55,0.0,0.0,0.0,2.45
2121,4.027,27,25,59,0.0,0.0,0.0,2.88
2122,15.103,26,23,56,0.0,0.0,0.0,3.07
2123,-82.491,22,37,67,0.0,0.0,0.0,3.86
2124,19.377,26,22,57,0.0,0.0,0.0,3.16
2125,-76.9,21,35,63,0.0,0.0,0.0,2.97
2126,15.919,24,21,47,0.0,0.0,0.0,2.3
2127,24.242,27,21,59,0.0,0.0,0.0,2.52
2128,109.197,28,7,38,0.0,0.0,0.0,1.73
2129,23.526,26,21,51,0.0,0.0,0.0,2.5
2130,33.473,26,19,49,0.0,0.0,0.0,2.16
2131,-8.391,25,27,55,0.0,0.0,0.0,2.95
2132,-10.512,27,28,62,0.0,0.0,0.0,3.1
2133,29.079,27,21,52,0.0,0.0,0.0,2.3
2134,28.488,26,20,48,0.0,0.0,0.0,2.19
2135,50.424,29,19,56,0.0,0.0,0.0,2.83
2136,-2.475,27,27,60,0.0,0.0,0.0,2.86
2137,-24.426,22,25,57,0.0,0.0,0.0,2.34
2138,-8.763,23,24,54,0.0,0.0,0.0,2.39
2139,-24.142,24,28,56,0.0,0.0,0.0,2.64
2140,-26.755,24,29,59,0.0,0.0,0.0,3.05
2141,18.996,24,20,45,0.0,0.0,0.0,2.14
2142,-140.215,16,42,64,0.0,0.0,0.0,3.08
2143,32.769,25,18,48,0.0,0.0,0.0,2.05
2144,3.601,25,24,54,0.0,0.0,0.0,2.52
2145,-70.747,21,34,58,0.0,0.0,0.0,2.55
2146,-49.347,23,32,58,0.0,0.0,0.0,2.88
2147,-10.215,26,27,57,0.0,0.0,0.0,2.49
2148,15.412,27,23,53,0.0,0.0,0.0,2.32
2149,22.48,26,21,53,0.0,0.0,0.0,2.23
2150,-43.424,23,31,58,0.0,0.0,0.0,3.03
2151,9.077,28,26,59,0.0,0.0,0.0,2.59
2152,-3.196,25,25,55,0.0,0.0,0.0,2.46
2153,22.217,32,27,60,0.0,0.0,0.0,2.81
2154,-65.523,18,30,53,0.0,0.0,0.0,2.45
2155,-73.367,18,32,53,0.0,0.0,0.0,2.74
2156,75.466,25,10,41,0.0,0.0,0.0,2.15
2157,54.536,32,21,55,0.0,0.0,0.0,1.99
2158,-76.1,19,33,53,0.0,0.0,0.0,2.33
2159,-63.127,24,36,62,0.0,0.0,0.0,3.72
2160,4.748,27,25,55,0.0,0.0,0.0,2.56
2161,-22.36,21,25,46,0.0,0.0,0.0,2.39
2162,2.989,28,27,56,0.0,0.0,0.0,3.43
2163,92.837,32,14,48,0.0,0.0,0.0,1.66
2164,-48.326,21,30,54,0.0,0.0,0.0,3.13
2165,114.961,29,7,36,0.0,0.0,0.0,1.43
2166,70.698,28,14,46,0.0,0.0,0.0,1.71
2167,-118.076,20,42,69,0.0,0.0,0.0,3.5
2168,-33.671,25,31,59,0.0,0.0,0.0,2.83
2169,1.449,27,26,57,0.0,0.0,0.0,2.61
2170,-80.154,22,37,67,0.0,0.0,0.0,3.87
2171,7.767,24,22,53,0.0,0.0,0.0,2.72
2172,-30.006,28,33,65,0.0,0.0,0.0,3.64
2173,-17.697,25,28,56,0.0,0.0,0.0,2.76
2174,149.11,42,12,57,0.0,0.0,0.0,1.77
2175,-34.585,21,27,50,0.0,0.0,0.0,2.42
2176,34.001,29,22,57,0.0,0.0,0.0,2.46
2177,-37.091,28,34,68,0.0,0.0,0.0,2.68
2178,-35.738,23,29,64,0.0,0.0,0.0,3.03
2179,15.059,29,25,57,0.0,0.0,0.0,2.49
2180,-3.743,25,25,57,0.0,0.0,0.0,3.4
2181,55.474,25,14,39,0.0,0.0,0.0,1.45
2182,42.428,30,21,53,0.0,0.0,0.0,2.37
2183,-27.764,26,30,59,0.0,0.0,0.0,3.02
2184,-29.121,23,28,60,0.0,0.0,0.0,3.18
2185,-24.32,21,25,47,0.0,0.0,0.0,2.38
2186,46.274,33,23,65,0.0,0.0,0.0,2.93
2187,-42.818,26,33,62,0.0,0.0,0.0,2.42
2188,-60.891,24,35,65,0.0,0.0,0.0,3.53
2189,-48.24,26,35,69,0.0,0.0,0.0,3.61
2190,5.685,28,26,60,0.0,0.0,0.0,3.02
2191,95.613,35,16,51,0.0,0.0,0.0,2.08
2192,51.366,27,17,49,0.0,0.0,0.0,2.67
2193,9.538,28,26,55,0.0,0.0,0.0,2.74
2194,-38.677,30,37,70,0.0,0.0,0.0,3.46
2195,95.908,29,10,39,0.0,0.0,0.0,1.76
2196,54.185,26,15,43,0.0,0.0,0.0,1.83
2197,9.76,29,26,59,0.0,0.0,0.0,2.61
2198,-11.983,21,23,45,0.0,0.0,0.0,1.93
2199,42.357,25,17,43,0.0,0.0,0.0,2.64
2200,-7.334,22,23,47,0.0,0.0,0.0,2.33
2201,2.301,27,26,58,0.0,0.0,0.0,2.73
2202,59.589,29,17,47,0.0,0.0,0.0,1.48
2203,-93.399,19,36,59,0.0,0.0,0.0,3.0
2204,33.195,30,23,58,0.0,0.0,0.0,2.45
2205,12.887,26,23,52,0.0,0.0,0.0,2.71
2206,-63.645,24,35,64,0.0,0.0,0.0,2.83
2207,-1.71,25,25,51,0.0,0.0,0.0,2.25
2208,-30.458,23,29,57,0.0,0.0,0.0,2.46
2209,64.566,27,14,46,0.0,0.0,0.0,1.86
2210,47.052,28,18,49,0.0,0.0,0.0,1.92
2211,50.044,29,19,53,0.0,0.0,0.0,2.22
2212,6.076,25,22,54,0.0,0.0,0.0,2.31
2213,22.406,28,23,52,0.0,0.0,0.0,1.95
2214,-4.457,22,23,46,0.0,0.0,0.0,2.63
2215,-24.773,27,31,63,0.0,0.0,0.0,3.08
2216,43.401,28,19,50,0.0,0.0,0.0,1.81
2217,-33.915,28,34,65,0.0,0.0,0.0,3.57
2218,-203.137,23,61,88,0.0,0.0,0.0,4.1
2219,-14.218,30,32,67,0.0,0.0,0.0,2.94
2220,-54.042,25,35,66,0.0,0.0,0.0,3.2
2221,42.236,29,20,58,0.0,0.0,0.0,2.4
2222,-76.722,26,40,70,0.0,0.0,0.0,3.23
2223,59.163,28,16,46,0.0,0.0,0.0,1.81
2224,-101.216,17,36,60,0.0,0.0,0.0,3.42
2225,-42.53,25,32,62,0.0,0.0,0.0,2.97
2226,-3.705,26,26,56,0.0,0.0,0.0,2.39
2227,34.21,25,18,44,0.0,0.0,0.0,2.24
2228,57.884,27,15,45,0.0,0.0,0.0,1.77
2229,-0.374,24,23,54,0.0,0.0,0.0,1.99
2230,129.888,33,7,46,0.0,0.0,0.0,1.81
2231,-77.441,24,38,66,0.0,0.0,0.0,3.16
2232,37.027,24,16,44,0.0,0.0,0.0,1.74
2233,-19.627,25,28,57,0.0,0.0,0.0,2.94
2234,75.623,30,15,46,0.0,0.0,0.0,2.33
2235,-7.306,25,26,58,0.0,0.0,0.0,2.67
2236,66.029,27,14,53,0.0,0.0,0.0,2.72
2237,3.008,27,26,57,0.0,0.0,0.0,3.16
2238,23.422,28,23,53,0.0,0.0,0.0,2.37
2239,-16.795,24,26,58,0.0,0.0,0.0,3.14
2240,-40.805,28,35,67,0.0,0.0,0.0,3.42
2241,-33.933,24,30,57,0.0,0.0,0.0,2.58
2242,-120.99,21,43,66,0.0,0.0,0.0,2.94
2243,-0.802,24,24,51,0.0,0.0,0.0,2.76
2244,-13.018,30,31,66,0.0,0.0,0.0,2.65
2245,-36.182,21,27,52,0.0,0.0,0.0,2.28
2246,-7.875,24,25,53,0.0,0.0,0.0,2.52
2247,-3.696,28,28,58,0.0,0.0,0.0,2.58
2248,-1.038,29,28,63,0.0,0.0,0.0,2.69
2249,61.246,22,10,32,0.0,0.0,0.0,1.29
2250,-2.819,28,28,62,0.0,0.0,0.0,3.23
2251,60.69,24,12,39,0.0,0.0,0.0,1.78
2252,28.01,27,21,50,0.0,0.0,0.0,2.29
2253,83.02,26,10,37,0.0,0.0,0.0,1.64
2254,-85.001,23,39,67,0.0,0.0,0.0,3.51
2255,47.088,33,23,59,0.0,0.0,0.0,2.59
2256,12.838,30,27,58,0.0,0.0,0.0,3.08
2257,-51.287,26,35,69,0.0,0.0,0.0,3.92
2258,79.725,28,12,43,0.0,0.0,0.0,1.4
2259,-38.432,26,32,60,0.0,0.0,0.0,2.64
2260,-68.046,23,35,60,0.0,0.0,0.0,2.56
2261,-41.753,23,30,56,0.0,0.0,0.0,2.63
2262,-57.881,20,30,54,0.0,0.0,0.0,2.43
2263,20.115,27,23,53,0.0,0.0,0.0,2.63
2264,-39.14,22,29,57,0.0,0.0,0.0,3.2
2265,-50.68,26,35,69,0.0,0.0,0.0,3.03
2266,32.272,26,19,48,0.0,0.0,0.0,2.08
2267,84.78,30,13,48,0.0,0.0,0.0,1.91
2268,58.07,33,21,57,0.0,0.0,0.0,2.32
2269,-6.044,26,27,56,0.0,0.0,0.0,2.77
2270,-107.54,22,42,70,0.0,0.0,0.0,3.59
2271,-62.954,24,35,64,0.0,0.0,0.0,3.3
2272,1.497,27,26,57,0.0,0.0,0.0,2.86
2273,-30.322,23,28,54,0.0,0.0,0.0,2.67
2274,-53.532,27,36,66,0.0,0.0,0.0,3.45
2275,44.606,24,15,40,0.0,0.0,0.0,1.83
2276,-84.8,23,39,65,0.0,0.0,0.0,3.17
2277,-102.836,18,37,59,0.0,0.0,0.0,2.52
2278,-124.395,21,45,73,0.0,0.0,0.0,3.96
2279,83.906,28,11,40,0.0,0.0,0.0,1.67
2280,-42.295,23,31,54,0.0,0.0,0.0,2.71
2281,7.036,27,25,52,0.0,0.0,0.0,2.4
2282,-97.064,22,40,69,0.0,0.0,0.0,3.44
2283,-46.392,25,33,73,0.0,0.0,0.0,3.88
2284,16.305,28,24,57,0.0,0.0,0.0,2.57
2285,-34.886,22,28,57,0.0,0.0,0.0,2.67
2286,-33.078,26,32,60,0.0,0.0,0.0,2.85
2287,-16.824,24,27,54,0.0,0.0,0.0,3.06
2288,-3.101,25,25,55,0.0,0.0,0.0,2.99
2289,27.091,28,22,53,0.0,0.0,0.0,2.27
2290,-39.582,22,29,52,0.0,0.0,0.0,2.3
2291,55.116,28,17,50,0.0,0.0,0.0,2.0
2292,-25.632,26,30,60,0.0,0.0,0.0,2.36
2293,19.198,31,26,67,0.0,0.0,0.0,3.18
2294,50.53,31,21,54,0.0,0.0,0.0,2.29
2295,-3.468,30,30,66,0.0,0.0,0.0,3.27
2296,-132.265,21,46,68,0.0,0.0,0.0,3.88
2297,-99.99,24,43,72,0.0,0.0,0.0,4.19
2298,17.688,25,21,51,0.0,0.0,0.0,2.42
2299,-46.491,27,34,62,0.0,0.0,0.0,2.69
2300,-34.604,28,33,66,0.0,0.0,0.0,2.65
2301,1.58,29,28,64,0.0,0.0,0.0,3.17
2302,111.873,30,8,39,0.0,0.0,0.0,1.51
2303,8.598,23,21,48,0.0,0.0,0.0,2.65
2304,-26.979,23,28,55,0.0,0.0,0.0,3.11
2305,12.365,28,25,56,0.0,0.0,0.0,2.93
2306,-61.508,23,34,65,0.0,0.0,0.0,3.17
2307,24.433,31,25,61,0.0,0.0,0.0,2.96
2308,-20.602,28,32,62,0.0,0.0,0.0,3.64
2309,-34.063,25,31,60,0.0,0.0,0.0,2.88
2310,66.181,33,19,53,0.0,0.0,0.0,2.18
2311,42.941,27,19,46,0.0,0.0,0.0,2.2
2312,-27.836,22,27,52,0.0,0.0,0.0,2.58
2313,23.519,26,21,50,0.0,0.0,0.0,2.38
2314,14.468,28,24,59,0.0,0.0,0.0,3.18
2315,-114.097,25,46,78,0.0,0.0,0.0,4.27
2316,42.542,27,18,49,0.0,0.0,0.0,2.47
2317,-36.763,24,31,59,0.0,0.0,0.0,2.19
2318,53.66,28,17,49,0.0,0.0,0.0,1.87
2319,-13.784,24,26,55,0.0,0.0,0.0,2.81
2320,-91.557,26,43,73,0.0,0.0,0.0,3.59
2321,-23.599,24,28,57,0.0,0.0,0.0,2.45
2322,89.36,33,16,49,0.0,0.0,0.0,2.06
2323,10.207,31,28,64,0.0,0.0,0.0,2.54
2324,47.957,32,22,59,0.0,0.0,0.0,2.41
2325,28.411,30,24,59,0.0,0.0,0.0,2.16
2326,46.54,31,21,57,0.0,0.0,0.0,2.65
2327,5.498,26,24,55,0.0,0.0,0.0,2.51
2328,41.266,30,21,53,0.0,0.0,0.0,2.57
2329,-27.934,24,29,58,0.0,0.0,0.0,2.64
2330,12.608,27,24,52,0.0,0.0,0.0,2.61
2331,-13.789,23,25,51,0.0,0.0,0.0,2.24
2332,-12.803,23,25,55,0.0,0.0,0.0,2.57
2333,54.857,29,17,51,0.0,0.0,0.0,2.01
2334,-133.869,22,47,78,0.0,0.0,0.0,3.31
2335,-13.969,29,31,68,0.0,0.0,0.0,3.21
2336,-64.16,22,34,59,0.0,0.0,0.0,3.03
2337,-51.422,27,36,68,0.0,0.0,0.0,3.43
2338,23.322,25,20,52,0.0,0.0,0.0,3.08
2339,7.702,28,26,56,0.0,0.0,0.0,2.28
2340,-92.37,17,35,54,0.0,0.0,0.0,2.63
2341,49.736,21,11,39,0.0,0.0,0.0,1.3
2342,-24.228,22,26,51,0.0,0.0,0.0,2.78
2343,-37.605,22,29,57,0.0,0.0,0.0,2.9
2344,42.426,30,21,55,0.0,0.0,0.0,2.33
2345,-6.977,25,25,57,0.0,0.0,0.0,2.79
2346,-61.551,27,38,68,0.0,0.0,0.0,3.39
2347,-20.87,25,29,60,0.0,0.0,0.0,3.47
2348,21.896,29,24,56,0.0,0.0,0.0,2.27
2349,98.152,31,11,49,0.0,0.0,0.0,2.04
2350,32.959,26,19,50,0.0,0.0,0.0,2.33
2351,22.54,31,26,60,0.0,0.0,0.0,2.79
2352,23.231,25,20,51,0.0,0.0,0.0,2.06
2353,44.323,29,20,51,0.0,0.0,0.0,2.4
2354,-74.71,21,35,57,0.0,0.0,0.0,2.85
2355,50.518,33,22,58,0.0,0.0,0.0,2.09
2356,-91.105,31,47,80,0.0,0.0,0.0,3.29
2357,5.283,22,20,49,0.0,0.0,0.0,2.79
2358,-123.808,24,47,74,0.0,0.0,0.0,3.26
2359,34.545,28,21,51,0.0,0.0,0.0,2.69
2360,-30.749,26,31,62,0.0,0.0,0.0,3.23
2361,-29.812,26,31,62,0.0,0.0,0.0,3.19
2362,-2.947,24,24,51,0.0,0.0,0.0,2.12
2363,1.606,20,19,42,0.0,0.0,0.0,1.61
2364,-110.542,17,38,61,0.0,0.0,0.0,3.4
2365,-49.818,22,31,59,0.0,0.0,0.0,2.61
2366,-56.782,23,33,62,0.0,0.0,0.0,2.99
2367,84.236,34,17,55,0.0,0.0,0.0,3.02
2368,18.458,27,23,56,0.0,0.0,0.0,2.87
2369,54.676,28,17,54,0.0,0.0,0.0,2.23
2370,-9.754,22,23,47,0.0,0.0,0.0,2.01
2371,61.231,28,16,45,0.0,0.0,0.0,1.91
2372,-69.282,22,35,68,0.0,0.0,0.0,3.9
2373,-96.519,18,36,63,0.0,0.0,0.0,2.87
2374,-16.562,31,33,64,0.0,0.0,0.0,2.62
2375,70.738,28,14,42,0.0,0.0,0.0,1.51
2376,11.139,27,24,51,0.0,0.0,0.0,2.2
2377,31.312,30,23,60,0.0,0.0,0.0,2.78
2378,49.491,29,19,50,0.0,0.0,0.0,1.87
2379,-10.258,22,23,55,0.0,0.0,0.0,2.72
2380,4.815,26,24,54,0.0,0.0,0.0,2.49
2381,7.881,25,23,51,0.0,0.0,0.0,2.27
2382,-24.101,27,30,67,0.0,0.0,0.0,3.17
2383,25.657,27,22,52,0.0,0.0,0.0,2.28
2384,16.078,27,23,55,0.0,0.0,0.0,1.9
2385,-71.874,24,37,64,0.0,0.0,0.0,2.96
2386,45.439,27,18,46,0.0,0.0,0.0,2.04
2387,-74.003,25,39,69,0.0,0.0,0.0,3.34
2388,-32.465,24,30,55,0.0,0.0,0.0,2.11
2389,-1.893,25,25,57,0.0,0.0,0.0,2.66
2390,-10.619,25,26,58,0.0,0.0,0.0,2.5
2391,-2.396,23,23,54,0.0,0.0,0.0,2.73
2392,-79.075,18,33,56,0.0,0.0,0.0,3.32
2393,29.834,32,26,61,0.0,0.0,0.0,2.89
2394,64.04,29,16,53,0.0,0.0,0.0,2.46
2395,-69.01,21,34,60,0.0,0.0,0.0,3.46
2396,5.508,26,25,53,0.0,0.0,0.0,2.69
2397,49.231,27,17,44,0.0,0.0,0.0,1.98
2398,-0.367,26,26,53,0.0,0.0,0.0,2.58
2399,69.073,27,14,42,0.0,0.0,0.0,1.95
2400,-40.965,24,31,58,0.0,0.0,0.0,2.42
2401,24.77,27,22,51,0.0,0.0,0.0,2.36
2402,7.588,28,26,55,0.0,0.0,0.0,2.36
2403,-14.998,25,28,59,0.0,0.0,0.0,2.9
2404,-67.861,25,37,69,0.0,0.0,0.0,3.34
2405,-26.249,26,30,62,0.0,0.0,0.0,2.78
2406,-26.355,22,27,51,0.0,0.0,0.0,2.44
2407,33.385,34,27,63,0.0,0.0,0.0,3.17
2408,-7.31,28,29,59,0.0,0.0,0.0,2.76
2409,4.643,27,26,54,0.0,0.0,0.0,2.64
2410,-28.309,24,29,53,0.0,0.0,0.0,2.46
2411,13.13,23,20,43,0.0,0.0,0.0,1.98
2412,41.762,29,20,53,0.0,0.0,0.0,2.44
2413,44.564,27,18,49,0.0,0.0,0.0,2.23
2414,-20.779,26,29,58,0.0,0.0,0.0,2.53
2415,89.392,32,14,48,0.0,0.0,0.0,2.07
2416,83.945,27,10,40,0.0,0.0,0.0,1.81
2417,40.329,26,17,48,0.0,0.0,0.0,2.09
2418,36.933,25,18,44,0.0,0.0,0.0,2.06
2419,-27.018,24,29,55,0.0,0.0,0.0,2.65
2420,19.375,26,22,52,0.0,0.0,0.0,2.69
2421,-8.667,21,22,46,0.0,0.0,0.0,2.27
2422,18.71,26,22,52,0.0,0.0,0.0,2.68
2423,-4.114,25,25,55,0.0,0.0,0.0,2.65
2424,19.349,27,23,50,0.0,0.0,0.0,2.8
2425,-48.058,24,32,65,0.0,0.0,0.0,2.95
2426,52.448,28,17,52,0.0,0.0,0.0,2.02
2427,28.293,26,20,49,0.0,0.0,0.0,2.49
2428,-13.055,26,28,56,0.0,0.0,0.0,2.66
2429,-37.173,27,33,64,0.0,0.0,0.0,2.84
2430,22.927,29,24,55,0.0,0.0,0.0,2.98
2431,-56.829,26,36,66,0.0,0.0,0.0,3.47
2432,-35.574,27,33,64,0.0,0.0,0.0,2.95
2433,-41.334,24,31,64,0.0,0.0,0.0,2.54
2434,22.839,26,21,55,0.0,0.0,0.0,2.51
2435,-108.909,27,47,76,0.0,0.0,0.0,4.09
2436,-72.961,22,35,61,0.0,0.0,0.0,2.57
2437,56.577,26,15,44,0.0,0.0,0.0,2.01
2438,76.144,28,13,47,0.0,0.0,0.0,1.95
2439,45.973,27,18,45,0.0,0.0,0.0,2.46
2440,81.116,29,13,45,0.0,0.0,0.0,2.18
2441,78.338,32,16,50,0.0,0.0,0.0,1.58
2442,-3.069,24,24,49,0.0,0.0,0.0,2.49
2443,-99.042,20,38,61,0.0,0.0,0.0,3.45
2444,7.776,27,24,59,0.0,0.0,0.0,2.19
2445,16.844,29,25,59,0.0,0.0,0.0,2.56
2446,-67.166,22,34,61,0.0,0.0,0.0,3.04
2447,-73.755,22,35,61,0.0,0.0,0.0,2.77
2448,34.359,25,17,49,0.0,0.0,0.0,2.34
2449,51.769,32,21,60,0.0,0.0,0.0,2.38
2450,2.957,25,24,53,0.0,0.0,0.0,2.57
2451,-67.029,21,34,58,0.0,0.0,0.0,3.13
2452,44.261,25,16,42,0.0,0.0,0.0,1.76
2453,-7.088,23,24,52,0.0,0.0,0.0,2.88
2454,-9.341,27,28,58,0.0,0.0,0.0,2.93
2455,33.554,29,22,52,0.0,0.0,0.0,2.59
2456,-32.953,23,29,57,0.0,0.0,0.0,3.37
2457,53.153,29,17,50,0.0,0.0,0.0,1.94
2458,-8.182,23,24,52,0.0,0.0,0.0,2.39
2459,-28.642,23,28,59,0.0,0.0,0.0,3.5
2460,34.886,27,20,48,0.0,0.0,0.0,2.36
2461,51.974,28,18,48,0.0,0.0,0.0,2.06
2462,-55.17,24,34,59,0.0,0.0,0.0,3.42
2463,71.845,24,10,34,0.0,0.0,0.0,1.57
2464,11.23,26,24,53,0.0,0.0,0.0,3.03
2465,-36.176,27,33,66,0.0,0.0,0.0,3.07
2466,24.23,22,16,41,0.0,0.0,0.0,1.72
2467,61.658,29,17,49,0.0,0.0,0.0,2.12
2468,31.919,29,22,54,0.0,0.0,0.0,2.25
2469,-30.165,25,30,56,0.0,0.0,0.0,2.86
2470,69.969,30,16,47,0.0,0.0,0.0,2.39
2471,-14.556,26,28,57,0.0,0.0,0.0,3.12
2472,-13.14,24,26,54,0.0,0.0,0.0,2.4
2473,-64.412,25,36,66,0.0,0.0,0.0,2.9
2474,22.089,25,20,53,0.0,0.0,0.0,1.91
2475,-60.985,26,37,67,0.0,0.0,0.0,3.37
2476,60.605,28,16,45,0.0,0.0,0.0,1.95
2477,-79.18,22,37,63,0.0,0.0,0.0,3.41
2478,-27.965,22,26,55,0.0,0.0,0.0,2.45
2479,76.851,31,16,51,0.0,0.0,0.0,2.37
2480,27.367,25,19,49,0.0,0.0,0.0,2.03
2481,-63.743,23,35,61,0.0,0.0,0.0,3.02
2482,-29.013,23,28,54,0.0,0.0,0.0,2.16
2483,-117.304,22,44,67,0.0,0.0,0.0,2.95
2484,36.907,27,19,51,0.0,0.0,0.0,2.07
2485,-2.773,28,28,63,0.0,0.0,0.0,3.36
2486,-27.389,24,28,59,0.0,0.0,0.0,2.32
2487,-10.672,25,26,58,0.0,0.0,0.0,2.86
2488,36.632,26,18,49,0.0,0.0,0.0,2.25
2489,-91.862,24,41,67,0.0,0.0,0.0,2.88
2490,-26.411,23,27,54,0.0,0.0,0.0,2.5
2491,-102.918,20,39,60,0.0,0.0,0.0,2.97
2492,2.9,26,25,57,0.0,0.0,0.0,2.87
2493,33.06,28,21,53,0.0,0.0,0.0,3.06
2494,19.403,27,22,56,0.0,0.0,0.0,2.29
2495,-1.795,31,30,63,0.0,0.0,0.0,2.84
2496,19.596,24,20,49,0.0,0.0,0.0,2.57
2497,36.75,31,23,60,0.0,0.0,0.0,2.95
2498,44.44,23,14,43,0.0,0.0,0.0,2.24
2499,-94.835,20,37,63,0.0,0.0,0.0,2.89
2500,2.016,28,27,57,0.0,0.0,0.0,2.26
2501,-61.343,23,34,62,0.0,0.0,0.0,3.09
2502,87.849,25,8,33,0.0,0.0,0.0,1.52
2503,98.234,28,9,40,0.0,0.0,0.0,1.46
2504,-40.083,29,36,69,0.0,0.0,0.0,3.13
2505,21.64,25,21,50,0.0,0.0,0.0,2.59
2506,-33.514,27,32,64,0.0,0.0,0.0,2.82
2507,19.333,26,22,48,0.0,0.0,0.0,2.22
2508,95.615,33,14,49,0.0,0.0,0.0,2.31
2509,3.265,30,29,64,0.0,0.0,0.0,3.24
2510,-2.333,23,23,54,0.0,0.0,0.0,2.78
2511,-91.562,26,43,73,0.0,0.0,0.0,3.62
2512,-21.684,27,30,65,0.0,0.0,0.0,3.15
2513,2.266,26,25,51,0.0,0.0,0.0,2.18
2514,-57.756,24,34,65,0.0,0.0,0.0,2.75
2515,-11.808,25,26,55,0.0,0.0,0.0,2.69
2516,56.848,30,18,53,0.0,0.0,0.0,2.02
2517,39.74,28,20,59,0.0,0.0,0.0,3.05
2518,18.789,27,23,56,0.0,0.0,0.0,2.85
2519,-20.554,25,28,54,0.0,0.0,0.0,2.44
2520,-37.96,20,27,53,0.0,0.0,0.0,2.79
2521,-26.588,24,28,58,0.0,0.0,0.0,2.6
2522,25.457,31,25,59,0.0,0.0,0.0,2.7
2523,-8.997,27,28,62,0.0,0.0,0.0,2.68
2524,25.223,26,21,48,0.0,0.0,0.0,2.21
2525,-14.338,28,30,62,0.0,0.0,0.0,2.98
2526,24.645,26,20,51,0.0,0.0,0.0,2.47
2527,-0.472,25,24,53,0.0,0.0,0.0,2.41
2528,53.729,25,15,44,0.0,0.0,0.0,2.51
2529,-36.494,25,31,57,0.0,0.0,0.0,2.25
2530,-81.697,20,35,62,0.0,0.0,0.0,3.66
2531,15.207,26,22,50,0.0,0.0,0.0,2.04
2532,12.314,27,23,55,0.0,0.0,0.0,2.14
2533,-47.26,24,33,62,0.0,0.0,0.0,3.43
2534,9.434,30,27,64,0.0,0.0,0.0,2.84
2535,9.13,28,26,59,0.0,0.0,0.0,2.55
2536,53.505,26,15,44,0.0,0.0,0.0,1.98
2537,64.561,27,14,45,0.0,0.0,0.0,2.09
2538,-45.413,23,31,63,0.0,0.0,0.0,2.27
2539,-62.894,20,31,62,0.0,0.0,0.0,2.74
2540,-57.463,23,33,61,0.0,0.0,0.0,2.91
2541,37.213,28,20,53,0.0,0.0,0.0,2.46
2542,-13.785,25,27,53,0.0,0.0,0.0,2.49
2543,16.083,25,22,48,0.0,0.0,0.0,2.13
2544,-14.07,24,26,57,0.0,0.0,0.0,1.98
2545,34.987,25,17,46,0.0,0.0,0.0,2.05
2546,67.534,31,18,55,0.0,0.0,0.0,2.77
2547,-102.192,21,41,62,0.0,0.0,0.0,3.25
2548,-33.12,22,27,55,0.0,0.0,0.0,2.26
2549,-44.864,23,31,58,0.0,0.0,0.0,2.51
2550,87.911,28,11,40,0.0,0.0,0.0,1.69
2551,1.75,26,25,53,0.0,0.0,0.0,2.41
2552,4.349,26,24,56,0.0,0.0,0.0,2.62
2553,-49.738,24,32,65,0.0,0.0,0.0,2.63
2554,-26.523,24,28,58,0.0,0.0,0.0,2.91
2555,13.705,27,24,57,0.0,0.0,0.0,2.65
2556,21.483,27,23,51,0.0,0.0,0.0,2.22
2557,27.35,25,20,53,0.0,0.0,0.0,2.86
2558,-18.004,24,27,58,0.0,0.0,0.0,3.06
2559,15.973,27,23,56,0.0,0.0,0.0,2.51
2560,67.847,28,15,46,0.0,0.0,0.0,2.03
2561,-1.405,27,26,55,0.0,0.0,0.0,2.57
2562,-60.256,22,33,55,0.0,0.0,0.0,2.49
2563,-7.325,25,26,53,0.0,0.0,0.0,2.48
2564,14.015,27,24,53,0.0,0.0,0.0,2.83
2565,16.057,29,25,58,0.0,0.0,0.0,2.47
2566,-43.047,23,31,57,0.0,0.0,0.0,2.82
2567,33.157,27,20,48,0.0,0.0,0.0,1.74
2568,-30.261,25,30,61,0.0,0.0,0.0,2.89
2569,-33.321,30,35,71,0.0,0.0,0.0,3.28
2570,-104.964,21,40,64,0.0,0.0,0.0,2.66
2571,37.001,27,19,50,0.0,0.0,0.0,2.51
2572,-27.461,26,31,60,0.0,0.0,0.0,2.94
2573,6.731,29,26,61,0.0,0.0,0.0,2.54
2574,-30.751,28,33,65,0.0,0.0,0.0,3.13
2575,-103.008,18,37,58,0.0,0.0,0.0,2.57
2576,-29.883,26,32,58,0.0,0.0,0.0,2.67
2577,-105.316,21,41,65,0.0,0.0,0.0,2.77
2578,24.924,27,22,50,0.0,0.0,0.0,2.47
2579,34.133,26,19,51,0.0,0.0,0.0,2.34
2580,23.044,29,24,58,0.0,0.0,0.0,2.8
2581,-6.703,26,27,60,0.0,0.0,0.0,3.3
2582,4.902,26,25,52,0.0,0.0,0.0,2.86
2583,16.432,26,22,52,0.0,0.0,0.0,2.23
2584,-141.291,23,49,79,0.0,0.0,0.0,4.06
2585,-1.752,23,23,52,0.0,0.0,0.0,2.64
2586,-5.425,29,29,62,0.0,0.0,0.0,2.89
2587,58.434,29,17,49,0.0,0.0,0.0,2.32
2588,24.887,30,25,56,0.0,0.0,0.0,2.76
2589,-51.07,28,37,71,0.0,0.0,0.0,3.13
2590,88.71,28,11,41,0.0,0.0,0.0,1.45
2591,-54.805,22,32,60,0.0,0.0,0.0,2.36
2592,1.7,25,24,55,0.0,0.0,0.0,2.51
2593,45.348,26,17,47,0.0,0.0,0.0,2.51
2594,53.25,24,14,43,0.0,0.0,0.0,2.13
2595,48.125,24,15,44,0.0,0.0,0.0,2.17
2596,10.685,28,25,58,0.0,0.0,0.0,2.21
2597,35.407,24,17,47,0.0,0.0,0.0,1.99
2598,-112.62,23,44,71,0.0,0.0,0.0,3.54
2599,-15.521,25,28,57,0.0,0.0,0.0,2.76
2600,-0.711,23,23,46,0.0,0.0,0.0,2.03
2601,-4.155,20,20,45,0.0,0.0,0.0,2.55
2602,-30.249,25,30,56,0.0,0.0,0.0,2.47
2603,-56.607,26,36,66,0.0,0.0,0.0,3.01
2604,66.593,33,20,56,0.0,0.0,0.0,2.84
2605,-2.154,27,27,58,0.0,0.0,0.0,2.42
2606,-22.238,26,29,63,0.0,0.0,0.0,2.69
2607,52.695,31,20,54,0.0,0.0,0.0,2.27
2608,-64.059,23,35,61,0.0,0.0,0.0,2.92
2609,-93.887,19,37,60,0.0,0.0,0.0,3.41
2610,-21.375,23,27,55,0.0,0.0,0.0,2.62
2611,101.034,28,8,43,0.0,0.0,0.0,2.17
2612,-17.857,25,28,56,0.0,0.0,0.0,2.85
2613,11.796,24,21,48,0.0,0.0,0.0,2.28
2614,-57.705,23,34,64,0.0,0.0,0.0,3.15
2615,-76.117,23,37,64,0.0,0.0,0.0,3.29
2616,-24.763,26,29,59,0.0,0.0,0.0,2.42
2617,-5.966,26,26,59,0.0,0.0,0.0,2.97
2618,90.862,30,12,42,0.0,0.0,0.0,1.59
2619,-46.208,20,29,55,0.0,0.0,0.0,2.93
2620,-19.889,26,29,63,0.0,0.0,0.0,3.26
2621,52.535,30,19,51,0.0,0.0,0.0,2.6
2622,-21.123,25,28,58,0.0,0.0,0.0,2.65
2623,-27.838,26,30,58,0.0,0.0,0.0,2.43
2624,-24.781,27,31,62,0.0,0.0,0.0,2.79
2625,-49.409,20,29,50,0.0,0.0,0.0,2.42
2626,-62.113,25,36,66,0.0,0.0,0.0,3.55
2627,54.49,25,14,46,0.0,0.0,0.0,2.41
2628,-70.501,25,38,69,0.0,0.0,0.0,3.57
2629,-11.613,25,26,63,0.0,0.0,0.0,2.44
2630,11.984,30,27,61,0.0,0.0,0.0,2.86
2631,-20.426,24,27,59,0.0,0.0,0.0,3.09
2632,-35.253,21,27,54,0.0,0.0,0.0,2.54
2633,10.328,30,27,61,0.0,0.0,0.0,3.22
2634,76.676,29,14,44,0.0,0.0,0.0,1.84
2635,-50.343,20,29,49,0.0,0.0,0.0,2.17
2636,-2.362,27,27,60,0.0,0.0,0.0,3.26
2637,-1.439,27,27,55,0.0,0.0,0.0,2.43
2638,-25.02,22,26,56,0.0,0.0,0.0,2.87
2639,-6.011,20,21,43,0.0,0.0,0.0,1.86
2640,-52.207,24,33,61,0.0,0.0,0.0,2.69
2641,73.539,26,11,40,0.0,0.0,0.0,1.39
2642,49.129,28,18,49,0.0,0.0,0.0,2.28
2643,-4.674,27,27,58,0.0,0.0,0.0,2.46
2644,-29.256,25,30,59,0.0,0.0,0.0,2.84
2645,30.307,34,27,65,0.0,0.0,0.0,2.91
2646,41.019,28,19,48,0.0,0.0,0.0,1.57
2647,-6.646,26,27,57,0.0,0.0,0.0,3.25
2648,35.349,26,18,45,0.0,0.0,0.0,1.99
2649,23.545,26,21,49,0.0,0.0,0.0,2.48
2650,17.7,27,23,56,0.0,0.0,0.0,3.17
2651,56.342,31,19,50,0.0,0.0,0.0,2.71
2652,17.496,26,22,52,0.0,0.0,0.0,2.68
2653,64.226,31,18,49,0.0,0.0,0.0,2.1
2654,-25.265,25,29,61,0.0,0.0,0.0,2.97
2655,5.236,26,24,56,0.0,0.0,0.0,3.07
2656,80.421,29,13,44,0.0,0.0,0.0,1.9
2657,1.441,27,26,55,0.0,0.0,0.0,2.76
2658,-65.682,21,32,55,0.0,0.0,0.0,2.55
2659,23.465,31,26,60,0.0,0.0,0.0,3.1
2660,64.608,30,17,50,0.0,0.0,0.0,2.34
2661,-93.438,22,39,63,0.0,0.0,0.0,3.61
2662,34.928,27,20,50,0.0,0.0,0.0,2.45
2663,6.936,28,26,58,0.0,0.0,0.0,2.46
2664,-26.468,26,30,60,0.0,0.0,0.0,3.0
2665,-94.632,19,36,61,0.0,0.0,0.0,2.6
2666,-22.577,29,33,69,0.0,0.0,0.0,4.24
2667,-45.959,22,30,57,0.0,0.0,0.0,2.53
2668,-130.428,16,41,66,0.0,0.0,0.0,3.4
2669,-51.579,23,32,60,0.0,0.0,0.0,2.99
2670,-5.987,26,26,56,0.0,0.0,0.0,2.77
2671,-53.695,22,32,59,0.0,0.0,0.0,2.93
2672,43.526,32,23,58,0.0,0.0,0.0,3.13
2673,-38.654,23,30,53,0.0,0.0,0.0,2.1
2674,-9.756,24,25,54,0.0,0.0,0.0,2.85
2675,18.378,28,24,54,0.0,0.0,0.0,2.69
2676,73.794,32,17,54,0.0,0.0,0.0,2.15
2677,31.494,26,20,53,0.0,0.0,0.0,2.87
2678,57.25,26,14,44,0.0,0.0,0.0,2.26
2679,39.33,25,17,48,0.0,0.0,0.0,2.4
2680,-36.877,23,30,55,0.0,0.0,0.0,2.31
2681,-2.524,26,26,57,0.0,0.0,0.0,2.72
2682,-22.702,28,31,62,0.0,0.0,0.0,2.36
2683,4.557,29,27,61,0.0,0.0,0.0,2.18
2684,-26.706,26,30,62,0.0,0.0,0.0,2.82
2685,11.169,27,25,53,0.0,0.0,0.0,2.03
2686,64.321,27,14,42,0.0,0.0,0.0,1.67
2687,16.939,28,24,55,0.0,0.0,0.0,2.27
2688,2.014,29,28,58,0.0,0.0,0.0,2.51
2689,33.515,29,22,51,0.0,0.0,0.0,2.37
2690,-44.346,26,34,61,0.0,0.0,0.0,2.61
2691,13.452,28,25,57,0.0,0.0,0.0,2.67
2692,-7.016,28,29,58,0.0,0.0,0.0,3.16
2693,-163.048,18,49,72,0.0,0.0,0.0,4.08
2694,-12.342,23,25,51,0.0,0.0,0.0,2.01
2695,16.839,26,22,48,0.0,0.0,0.0,2.0
2696,-92.206,21,38,62,0.0,0.0,0.0,2.73
2697,21.487,24,20,44,0.0,0.0,0.0,2.32
2698,-21.667,25,28,59,0.0,0.0,0.0,2.26
2699,23.105,28,23,55,0.0,0.0,0.0,2.32
2700,37.832,28,20,54,0.0,0.0,0.0,2.09
2701,95.413,30,11,47,0.0,0.0,0.0,2.09
2702,36.747,29,21,54,0.0,0.0,0.0,2.59
2703,42.974,28,19,49,0.0,0.0,0.0,2.47
2704,-70.716,26,39,70,0.0,0.0,0.0,2.89
2705,28.175,30,24,59,0.0,0.0,0.0,2.72
2706,-79.991,25,40,70,0.0,0.0,0.0,3.32
2707,45.989,26,17,44,0.0,0.0,0.0,2.19
2708,102.415,33,13,49,0.0,0.0,0.0,2.17
2709,-29.124,27,32,62,0.0,0.0,0.0,3.58
2710,-56.567,21,31,56,0.0,0.0,0.0,3.06
2711,18.046,26,21,49,0.0,0.0,0.0,1.83
2712,2.559,28,27,55,0.0,0.0,0.0,2.61
2713,-40.003,24,31,57,0.0,0.0,0.0,2.56
2714,36.125,27,19,48,0.0,0.0,0.0,1.92
2715,67.345,28,15,48,0.0,0.0,0.0,2.44
2716,-63.217,25,36,65,0.0,0.0,0.0,2.89
2717,86.841,32,15,50,0.0,0.0,0.0,2.0
2718,14.522,27,23,54,0.0,0.0,0.0,2.47
2719,-31.132,26,31,63,0.0,0.0,0.0,2.56
2720,3.78,30,29,61,0.0,0.0,0.0,2.5
2721,-73.722,24,37,67,0.0,0.0,0.0,2.59
2722,-99.696,23,41,66,0.0,0.0,0.0,3.36
2723,52.799,24,13,45,0.0,0.0,0.0,1.72
2724,13.304,24,21,47,0.0,0.0,0.0,2.21
2725,48.809,28,18,51,0.0,0.0,0.0,2.33
2726,53.368,32,21,56,0.0,0.0,0.0,2.6
2727,-43.553,22,30,55,0.0,0.0,0.0,2.94
2728,47.56,28,18,51,0.0,0.0,0.0,2.18
2729,26.335,25,19,48,0.0,0.0,0.0,2.34
2730,-43.594,24,31,59,0.0,0.0,0.0,2.24
2731,-35.379,23,29,56,0.0,0.0,0.0,2.55
2732,-12.864,25,27,56,0.0,0.0,0.0,3.42
2733,-9.935,25,27,56,0.0,0.0,0.0,3.16
2734,96.058,28,9,38,0.0,0.0,0.0,1.65
2735,3.131,24,23,56,0.0,0.0,0.0,2.94
2736,20.628,26,22,53,0.0,0.0,0.0,2.5
2737,4.954,28,26,58,0.0,0.0,0.0,2.72
2738,6.299,30,28,64,0.0,0.0,0.0,2.7
2739,112.516,32,10,50,0.0,0.0,0.0,2.51
2740,-20.388,24,28,52,0.0,0.0,0.0,2.55
2741,19.054,27,22,53,0.0,0.0,0.0,2.02
2742,1.457,27,26,54,0.0,0.0,0.0,2.7
2743,-49.697,21,30,55,0.0,0.0,0.0,2.94
2744,14.86,28,24,54,0.0,0.0,0.0,1.91
2745,49.999,31,20,55,0.0,0.0,0.0,2.4
2746,-102.971,22,41,65,0.0,0.0,0.0,3.27
2747,-56.514,25,35,63,0.0,0.0,0.0,3.32
2748,19.303,23,19,44,0.0,0.0,0.0,2.14
2749,-93.452,25,42,77,0.0,0.0,0.0,3.99
2750,40.941,30,21,58,0.0,0.0,0.0,2.5
2751,25.856,28,22,57,0.0,0.0,0.0,2.76
2752,54.434,29,17,51,0.0,0.0,0.0,2.17
2753,-69.661,20,33,59,0.0,0.0,0.0,3.23
2754,11.145,26,23,49,0.0,0.0,0.0,2.18
2755,109.639,26,5,33,0.0,0.0,0.0,1.2
2756,-82.523,20,36,59,0.0,0.0,0.0,2.81
2757,-18.647,25,28,55,0.0,0.0,0.0,2.37
2758,28.129,22,16,46,0.0,0.0,0.0,1.96
2759,47.909,31,21,54,0.0,0.0,0.0,2.41
2760,-119.175,20,42,69,0.0,0.0,0.0,3.75
2761,-96.977,20,39,64,0.0,0.0,0.0,3.84
2762,-67.212,24,36,65,0.0,0.0,0.0,3.1
2763,83.215,31,15,52,0.0,0.0,0.0,2.73
2764,-79.144,18,33,55,0.0,0.0,0.0,2.75
2765,-30.764,24,29,61,0.0,0.0,0.0,2.57
2766,81.641,30,14,46,0.0,0.0,0.0,2.29
2767,-13.914,23,25,52,0.0,0.0,0.0,2.35
2768,17.24,32,27,66,0.0,0.0,0.0,2.75
2769,-41.629,23,30,55,0.0,0.0,0.0,2.39
2770,14.711,27,24,52,0.0,0.0,0.0,3.33
2771,-126.589,21,44,69,0.0,0.0,0.0,3.21
2772,-68.37,20,33,60,0.0,0.0,0.0,3.18
2773,-9.135,25,26,53,0.0,0.0,0.0,1.97
2774,33.815,27,20,51,0.0,0.0,0.0,2.33
2775,-3.804,28,28,61,0.0,0.0,0.0,2.97
2776,-48.865,25,34,69,0.0,0.0,0.0,3.89
2777,30.063,26,19,59,0.0,0.0,0.0,2.64
2778,-12.715,27,28,56,0.0,0.0,0.0,2.77
2779,-75.92,24,38,64,0.0,0.0,0.0,2.37
2780,12.372,26,23,58,0.0,0.0,0.0,3.22
2781,-48.187,24,32,61,0.0,0.0,0.0,2.96
2782,55.473,28,17,45,0.0,0.0,0.0,2.22
2783,-3.007,34,34,70,0.0,0.0,0.0,3.45
2784,0.021,29,28,61,0.0,0.0,0.0,2.93
2785,-16.147,22,25,48,0.0,0.0,0.0,1.9
2786,15.749,28,24,52,0.0,0.0,0.0,2.46
2787,84.532,33,16,54,0.0,0.0,0.0,2.36
2788,-25.657,22,26,52,0.0,0.0,0.0,2.59
2789,72.51,30,16,50,0.0,0.0,0.0,1.81
2790,30.614,30,23,55,0.0,0.0,0.0,2.52
2791,-46.151,23,32,56,0.0,0.0,0.0,3.0
2792,52.479,29,18,48,0.0,0.0,0.0,1.54
2793,-63.761,24,35,59,0.0,0.0,0.0,2.91
2794,-31.467,25,30,62,0.0,0.0,0.0,2.88
2795,-78.144,21,35,60,0.0,0.0,0.0,2.43
2796,-20.219,27,30,58,0.0,0.0,0.0,2.72
2797,33.176,27,20,50,0.0,0.0,0.0,2.59
2798,39.755,26,17,46,0.0,0.0,0.0,1.77
2799,-4.222,25,25,55,0.0,0.0,0.0,2.56
2800,-4.592,28,28,61,0.0,0.0,0.0,2.7
2801,55.031,24,13,42,0.0,0.0,0.0,2.15
2802,-53.981,26,36,64,0.0,0.0,0.0,2.83
2803,32.539,30,23,53,0.0,0.0,0.0,2.14
2804,33.881,29,22,58,0.0,0.0,0.0,2.52
2805,9.98,27,24,55,0.0,0.0,0.0,2.83
2806,17.599,25,21,52,0.0,0.0,0.0,2.49
2807,50.217,29,19,54,0.0,0.0,0.0,2.71
2808,1.298,28,27,59,0.0,0.0,0.0,2.72
2809,2.209,22,21,47,0.0,0.0,0.0,1.74
2810,33.862,29,22,53,0.0,0.0,0.0,2.27
2811,36.746,29,21,55,0.0,0.0,0.0,2.87
2812,43.091,27,18,50,0.0,0.0,0.0,2.78
2813,7.604,27,25,56,0.0,0.0,0.0,2.34
2814,-6.378,24,24,54,0.0,0.0,0.0,2.44
2815,69.651,31,16,52,0.0,0.0,0.0,1.89
2816,26.949,26,20,50,0.0,0.0,0.0,2.17
2817,-98.508,22,40,68,0.0,0.0,0.0,2.91
2818,-23.777,28,32,64,0.0,0.0,0.0,3.22
2819,79.447,27,11,45,0.0,0.0,0.0,2.0
2820,101.073,31,11,46,0.0,0.0,0.0,1.98
2821,-22.507,24,28,54,0.0,0.0,0.0,2.79
2822,-97.985,24,42,72,0.0,0.0,0.0,3.76
2823,31.48,28,21,52,0.0,0.0,0.0,2.64
2824,14.115,22,19,43,0.0,0.0,0.0,2.37
2825,-72.727,20,33,60,0.0,0.0,0.0,2.63
2826,-30.044,28,32,63,0.0,0.0,0.0,2.78
2827,73.546,30,15,52,0.0,0.0,0.0,1.92
2828,49.802,29,19,48,0.0,0.0,0.0,1.94
2829,-80.194,25,40,65,0.0,0.0,0.0,3.29
2830,57.266,30,18,49,0.0,0.0,0.0,2.15
2831,-66.089,25,37,64,0.0,0.0,0.0,3.11
2832,-13.077,27,29,59,0.0,0.0,0.0,2.81
2833,38.087,29,21,55,0.0,0.0,0.0,2.12
2834,-8.169,22,23,50,0.0,0.0,0.0,2.33
2835,-4.202,29,29,64,0.0,0.0,0.0,3.27
2836,-18.172,27,29,64,0.0,0.0,0.0,2.69
2837,-68.057,23,35,67,0.0,0.0,0.0,2.81
2838,88.34,27,9,43,0.0,0.0,0.0,1.97
2839,27.374,28,21,50,0.0,0.0,0.0,1.93
2840,-24.059,25,29,59,0.0,0.0,0.0,2.86
2841,53.543,29,18,51,0.0,0.0,0.0,2.43
2842,1.474,30,29,60,0.0,0.0,0.0,2.93
2843,-12.604,23,24,50,0.0,0.0,0.0,2.39
2844,-32.725,20,25,53,0.0,0.0,0.0,2.71
2845,-17.642,22,25,48,0.0,0.0,0.0,2.3
2846,124.938,34,9,52,0.0,0.0,0.0,1.99
2847,81.951,34,17,54,0.0,0.0,0.0,2.29
2848,-171.051,20,53,78,0.0,0.0,0.0,3.87
2849,8.879,24,22,48,0.0,0.0,0.0,2.16
2850,-25.287,26,30,60,0.0,0.0,0.0,3.46
2851,-7.181,27,27,60,0.0,0.0,0.0,2.81
2852,6.827,26,24,53,0.0,0.0,0.0,2.44
2853,35.357,29,22,53,0.0,0.0,0.0,2.5
2854,12.879,24,21,54,0.0,0.0,0.0,2.46
2855,-45.767,25,33,62,0.0,0.0,0.0,2.69
2856,17.138,21,17,43,0.0,0.0,0.0,2.1
2857,79.802,30,14,46,0.0,0.0,0.0,2.11
2858,-25.503,25,29,62,0.0,0.0,0.0,2.82
2859,-92.35,20,37,62,0.0,0.0,0.0,3.08
2860,39.106,25,17,46,0.0,0.0,0.0,2.54
2861,42.459,28,19,49,0.0,0.0,0.0,2.15
2862,-31.036,22,27,51,0.0,0.0,0.0,2.67
2863,-44.211,26,34,66,0.0,0.0,0.0,3.96
2864,-60.759,19,30,60,0.0,0.0,0.0,2.49
2865,-7.818,23,24,52,0.0,0.0,0.0,2.55
2866,-52.518,21,30,57,0.0,0.0,0.0,2.33
2867,31.637,31,23,63,0.0,0.0,0.0,2.7
2868,7.878,31,29,64,0.0,0.0,0.0,3.4
2869,1.71,26,25,52,0.0,0.0,0.0,2.13
2870,112.017,26,4,31,0.0,0.0,0.0,1.14
2871,-41.472,22,29,57,0.0,0.0,0.0,2.68
2872,-23.927,28,32,65,0.0,0.0,0.0,3.32
2873,42.394,32,23,59,0.0,0.0,0.0,2.97
2874,-35.693,25,31,60,0.0,0.0,0.0,2.6
2875,-26.555,25,29,58,0.0,0.0,0.0,2.5
2876,-23.05,22,26,53,0.0,0.0,0.0,2.51
2877,-3.393,26,26,54,0.0,0.0,0.0,2.21
2878,-16.384,25,28,60,0.0,0.0,0.0,3.22
2879,-10.891,22,24,52,0.0,0.0,0.0,2.81
2880,-27.859,28,32,62,0.0,0.0,0.0,2.44
2881,-21.066,27,31,61,0.0,0.0,0.0,3.09
2882,69.279,29,15,48,0.0,0.0,0.0,2.53
2883,31.11,29,23,52,0.0,0.0,0.0,2.53
2884,-47.251,22,30,53,0.0,0.0,0.0,2.57
2885,2.427,26,25,55,0.0,0.0,0.0,2.62
2886,-59.349,22,33,59,0.0,0.0,0.0,3.04
2887,-22.447,30,33,67,0.0,0.0,0.0,3.3
2888,-104.683,21,40,67,0.0,0.0,0.0,2.46
2889,22.2,27,22,52,0.0,0.0,0.0,2.2
2890,-131.978,26,51,86,0.0,0.0,0.0,4.65
2891,-40.555,22,30,56,0.0,0.0,0.0,2.96
2892,-5.949,29,30,70,0.0,0.0,0.0,3.92
2893,-47.654,20,29,53,0.0,0.0,0.0,2.71
2894,6.776,26,24,52,0.0,0.0,0.0,2.53
2895,-30.78,23,29,59,0.0,0.0,0.0,2.86
2896,18.88,22,18,48,0.0,0.0,0.0,2.4
2897,-79.811,25,40,74,0.0,0.0,0.0,4.24
2898,6.063,27,25,60,0.0,0.0,0.0,3.26
2899,91.292,31,13,48,0.0,0.0,0.0,2.38
2900,-76.331,22,36,62,0.0,0.0,0.0,3.03
2901,-77.643,18,32,60,0.0,0.0,0.0,3.43
2902,-26.363,26,30,59,0.0,0.0,0.0,2.68
2903,1.75,28,26,60,0.0,0.0,0.0,2.77
2904,-12.975,26,28,56,0.0,0.0,0.0,2.68
2905,22.848,30,25,57,0.0,0.0,0.0,2.71
2906,24.123,29,24,55,0.0,0.0,0.0,2.7
2907,73.813,29,14,46,0.0,0.0,0.0,2.23
2908,-2.814,27,27,61,0.0,0.0,0.0,3.47
2909,-84.834,19,34,57,0.0,0.0,0.0,2.76
2910,37.673,28,20,53,0.0,0.0,0.0,2.71
2911,-63.447,22,34,60,0.0,0.0,0.0,2.57
2912,43.715,30,21,53,0.0,0.0,0.0,2.42
2913,-9.937,23,24,50,0.0,0.0,0.0,2.36
2914,-98.224,23,41,66,0.0,0.0,0.0,3.46
2915,-28.269,27,32,63,0.0,0.0,0.0,3.72
2916,-45.006,24,32,59,0.0,0.0,0.0,3.2
2917,20.974,29,25,59,0.0,0.0,0.0,2.92
2918,-43.708,23,31,60,0.0,0.0,0.0,3.06
2919,1.971,28,27,55,0.0,0.0,0.0,2.6
2920,-27.457,27,31,61,0.0,0.0,0.0,2.5
2921,-106.227,22,42,68,0.0,0.0,0.0,3.17
2922,96.438,29,10,41,0.0,0.0,0.0,1.27
2923,27.43,28,22,53,0.0,0.0,0.0,2.03
2924,-46.926,21,29,57,0.0,0.0,0.0,3.16
2925,87.555,25,8,34,0.0,0.0,0.0,1.49
2926,-70.406,26,38,68,0.0,0.0,0.0,3.26
2927,6.246,24,22,54,0.0,0.0,0.0,2.92
2928,-59.851,25,35,67,0.0,0.0,0.0,3.43
2929,-62.979,23,35,63,0.0,0.0,0.0,2.92
2930,23.894,28,22,53,0.0,0.0,0.0,2.14
2931,29.829,29,22,55,0.0,0.0,0.0,2.35
2932,66.551,30,16,54,0.0,0.0,0.0,2.27
2933,-15.692,23,26,51,0.0,0.0,0.0,2.23
2934,-0.578,28,27,58,0.0,0.0,0.0,2.39
2935,-68.429,19,31,53,0.0,0.0,0.0,2.84
2936,11.284,25,22,50,0.0,0.0,0.0,2.53
2937,-46.005,19,27,51,0.0,0.0,0.0,2.39
2938,-55.391,22,32,59,0.0,0.0,0.0,3.17
2939,11.098,26,23,56,0.0,0.0,0.0,2.36
2940,-45.74,22,31,58,0.0,0.0,0.0,2.87
2941,23.665,30,25,57,0.0,0.0,0.0,2.34
2942,24.156,26,21,48,0.0,0.0,0.0,2.26
2943,8.118,31,29,61,0.0,0.0,0.0,3.04
2944,-37.194,26,33,62,0.0,0.0,0.0,2.92
2945,-31.063,23,28,52,0.0,0.0,0.0,2.31
2946,-131.138,24,49,74,0.0,0.0,0.0,3.7
2947,-38.337,23,30,60,0.0,0.0,0.0,3.17
2948,-19.129,27,30,59,0.0,0.0,0.0,2.05
2949,66.253,32,19,53,0.0,0.0,0.0,2.79
2950,15.108,24,21,45,0.0,0.0,0.0,1.94
2951,98.82,29,10,40,0.0,0.0,0.0,1.44
2952,-8.727,26,27,58,0.0,0.0,0.0,2.58
2953,66.145,28,15,45,0.0,0.0,0.0,1.93
2954,7.88,24,22,50,0.0,0.0,0.0,1.75
2955,9.911,24,22,48,0.0,0.0,0.0,2.2
2956,-156.927,18,47,71,0.0,0.0,0.0,2.83
2957,21.352,30,25,57,0.0,0.0,0.0,2.08
2958,12.378,26,23,51,0.0,0.0,0.0,2.5
2959,80.981,33,17,52,0.0,0.0,0.0,2.43
2960,-89.677,21,37,61,0.0,0.0,0.0,2.72
2961,13.331,30,27,59,0.0,0.0,0.0,2.95
2962,-5.411,24,24,49,0.0,0.0,0.0,1.88
2963,0.237,28,27,55,0.0,0.0,0.0,2.31
2964,-89.733,20,36,64,0.0,0.0,0.0,3.08
2965,-34.093,22,28,56,0.0,0.0,0.0,2.53
2966,-92.384,24,41,71,0.0,0.0,0.0,3.28
2967,8.521,29,27,57,0.0,0.0,0.0,2.96
2968,86.093,32,15,51,0.0,0.0,0.0,2.11
2969,64.827,26,14,44,0.0,0.0,0.0,2.09
2970,-28.591,23,28,54,0.0,0.0,0.0,3.09
2971,-39.032,24,31,59,0.0,0.0,0.0,2.63
2972,10.483,27,24,57,0.0,0.0,0.0,2.83
2973,-50.103,25,34,59,0.0,0.0,0.0,2.22
2974,-44.727,26,34,62,0.0,0.0,0.0,2.96
2975,28.738,27,21,50,0.0,0.0,0.0,2.14
2976,25.35,26,20,49,0.0,0.0,0.0,2.4
2977,-20.951,28,31,62,0.0,0.0,0.0,2.52
2978,-25.021,25,29,61,0.0,0.0,0.0,2.7
2979,29.512,25,19,45,0.0,0.0,0.0,2.42
2980,-35.316,26,32,61,0.0,0.0,0.0,2.71
2981,21.418,23,19,47,0.0,0.0,0.0,2.42
2982,-39.846,26,33,62,0.0,0.0,0.0,2.43
2983,23.224,30,25,55,0.0,0.0,0.0,2.54
2984,-56.15,24,34,67,0.0,0.0,0.0,2.98
2985,48.067,32,22,63,0.0,0.0,0.0,3.23
2986,-44.016,25,33,61,0.0,0.0,0.0,2.73
2987,36.538,25,17,47,0.0,0.0,0.0,2.15
2988,-59.193,24,35,65,0.0,0.0,0.0,2.93
2989,15.477,27,23,53,0.0,0.0,0.0,2.61
2990,13.55,24,20,49,0.0,0.0,0.0,1.94
2991,46.372,28,19,49,0.0,0.0,0.0,2.07
2992,60.369,29,16,54,0.0,0.0,0.0,2.3
2993,54.168,29,18,53,0.0,0.0,0.0,2.94
2994,4.778,29,27,62,0.0,0.0,0.0,3.17
2995,60.38,26,14,41,0.0,0.0,0.0,2.05
2996,-47.139,28,36,78,0.0,0.0,0.0,4.04
2997,-15.665,30,32,67,0.0,0.0,0.0,3.16
2998,89.22,32,14,52,0.0,0.0,0.0,1.95
2999,-52.639,20,29,58,0.0,0.0,0.0,2.79
3000,-5.469,24,24,50,0.0,0.0,0.0,1.72
