WARNING:tensorflow:From C:\Users\zengd\Desktop\论文\W-MADDPG\MADDPG_Discrete\mappo_agent.py:31: The name tf.placeholder is deprecated. Please use tf.compat.v1.placeholder instead.

WARNING:tensorflow:From C:\Users\zengd\Desktop\论文\W-MADDPG\MADDPG_Discrete\mappo_agent.py:43: The name tf.variable_scope is deprecated. Please use tf.compat.v1.variable_scope instead.

WARNING:tensorflow:From C:\Users\zengd\Desktop\论文\W-MADDPG\MADDPG_Discrete\mappo_agent.py:7: dense (from tensorflow.python.layers.core) is deprecated and will be removed in a future version.
Instructions for updating:
Use keras.layers.Dense instead.
WARNING:tensorflow:From D:\tool\anaconda\envs\py37tf\lib\site-packages\tensorflow_core\python\layers\core.py:187: Layer.apply (from tensorflow.python.keras.engine.base_layer) is deprecated and will be removed in a future version.
Instructions for updating:
Please use `layer.__call__` method instead.
WARNING:tensorflow:
The TensorFlow contrib module will not be included in TensorFlow 2.0.
For more information, please see:
  * https://github.com/tensorflow/community/blob/master/rfcs/20180907-contrib-sunset.md
  * https://github.com/tensorflow/addons
  * https://github.com/tensorflow/io (for I/O related ops)
If you depend on functionality not listed there, please file an issue.

WARNING:tensorflow:From C:\Users\zengd\Desktop\论文\W-MADDPG\MADDPG_Discrete\mappo_agent.py:114: The name tf.log is deprecated. Please use tf.math.log instead.

WARNING:tensorflow:From C:\Users\zengd\Desktop\论文\W-MADDPG\MADDPG_Discrete\mappo_agent.py:76: The name tf.get_collection is deprecated. Please use tf.compat.v1.get_collection instead.

WARNING:tensorflow:From C:\Users\zengd\Desktop\论文\W-MADDPG\MADDPG_Discrete\mappo_agent.py:76: The name tf.GraphKeys is deprecated. Please use tf.compat.v1.GraphKeys instead.

WARNING:tensorflow:From C:\Users\zengd\Desktop\论文\W-MADDPG\MADDPG_Discrete\mappo_agent.py:122: The name tf.train.AdamOptimizer is deprecated. Please use tf.compat.v1.train.AdamOptimizer instead.

WARNING:tensorflow:From D:\tool\anaconda\envs\py37tf\lib\site-packages\tensorflow_core\python\ops\math_grad.py:1424: where (from tensorflow.python.ops.array_ops) is deprecated and will be removed in a future version.
Instructions for updating:
Use tf.where in 2.0, which has the same broadcast rule as np.where
WARNING:tensorflow:From C:\Users\zengd\Desktop\论文\W-MADDPG\MADDPG_Discrete\train_mappo.py:157: The name tf.ConfigProto is deprecated. Please use tf.compat.v1.ConfigProto instead.

WARNING:tensorflow:From C:\Users\zengd\Desktop\论文\W-MADDPG\MADDPG_Discrete\train_mappo.py:159: The name tf.Session is deprecated. Please use tf.compat.v1.Session instead.

2026-09-21 12:43:10.442343: I tensorflow/core/platform/cpu_feature_guard.cc:142] Your CPU supports instructions that this TensorFlow binary was not compiled to use: AVX2
WARNING:tensorflow:From C:\Users\zengd\Desktop\论文\W-MADDPG\MADDPG_Discrete\train_mappo.py:160: The name tf.global_variables_initializer is deprecated. Please use tf.compat.v1.global_variables_initializer instead.

WARNING:tensorflow:From C:\Users\zengd\Desktop\论文\W-MADDPG\MADDPG_Discrete\train_mappo.py:164: The name tf.train.Saver is deprecated. Please use tf.compat.v1.train.Saver instead.

Episode: 1, Reward: 72.9753, success: 20, fail: 5
Episode: 2, Reward: 79.9658, success: 21, fail: 4
Episode: 3, Reward: 63.8932, success: 19, fail: 6
Episode: 4, Reward: 40.9656, success: 17, fail: 8
Episode: 5, Reward: 61.6709, success: 19, fail: 6
Episode: 6, Reward: 42.1785, success: 17, fail: 8
Episode: 7, Reward: 62.7545, success: 19, fail: 6
Episode: 8, Reward: 60.9983, success: 19, fail: 6
Episode: 9, Reward: 51.2308, success: 18, fail: 7
Episode: 10, Reward: 70.6622, success: 20, fail: 5
Episode: 11, Reward: 50.6164, success: 18, fail: 7
Episode: 12, Reward: 62.5446, success: 19, fail: 6
Episode: 13, Reward: 72.3994, success: 20, fail: 5
Episode: 14, Reward: 72.0317, success: 20, fail: 5
Episode: 15, Reward: 40.9629, success: 17, fail: 8
Episode: 16, Reward: 61.4269, success: 19, fail: 6
Episode: 17, Reward: 51.9207, success: 18, fail: 7
Episode: 18, Reward: 62.5204, success: 19, fail: 6
Episode: 19, Reward: 73.0456, success: 20, fail: 5
Episode: 20, Reward: 62.4443, success: 19, fail: 6
Episode: 21, Reward: 52.3527, success: 18, fail: 7
Episode: 22, Reward: 72.2090, success: 20, fail: 5
Episode: 23, Reward: 61.9863, success: 19, fail: 6
Episode: 24, Reward: 72.7137, success: 20, fail: 5
Episode: 25, Reward: 41.9673, success: 17, fail: 8
Episode: 26, Reward: 84.4783, success: 21, fail: 4
Episode: 27, Reward: 43.2601, success: 17, fail: 8
Episode: 28, Reward: 43.3640, success: 17, fail: 8
Episode: 29, Reward: 33.6670, success: 16, fail: 9
Episode: 30, Reward: 61.6939, success: 19, fail: 6
Episode: 31, Reward: 62.4526, success: 19, fail: 6
Episode: 32, Reward: 62.2118, success: 19, fail: 6
Episode: 33, Reward: 80.8996, success: 21, fail: 4
Episode: 34, Reward: 53.3722, success: 18, fail: 7
Episode: 35, Reward: 71.9054, success: 20, fail: 5
Episode: 36, Reward: 52.3852, success: 18, fail: 7
Episode: 37, Reward: 71.3260, success: 20, fail: 5
Episode: 38, Reward: 52.4430, success: 18, fail: 7
Episode: 39, Reward: 41.9187, success: 17, fail: 8
Episode: 40, Reward: 32.4692, success: 16, fail: 9
Episode: 41, Reward: 80.9546, success: 21, fail: 4
Episode: 42, Reward: 72.0539, success: 20, fail: 5
Episode: 43, Reward: 71.8372, success: 20, fail: 5
Episode: 44, Reward: 73.2512, success: 20, fail: 5
Episode: 45, Reward: 73.1424, success: 20, fail: 5
Episode: 46, Reward: 51.9708, success: 18, fail: 7
Episode: 47, Reward: 91.0455, success: 22, fail: 3
Episode: 48, Reward: 82.1644, success: 21, fail: 4
Episode: 49, Reward: 74.1976, success: 20, fail: 5
Episode: 50, Reward: 82.2735, success: 21, fail: 4
Episode: 51, Reward: 53.2991, success: 18, fail: 7
Episode: 52, Reward: 33.0629, success: 16, fail: 9
Episode: 53, Reward: 52.2516, success: 18, fail: 7
Episode: 54, Reward: 61.4584, success: 19, fail: 6
Episode: 55, Reward: 71.5057, success: 20, fail: 5
Episode: 56, Reward: 31.1457, success: 16, fail: 9
Episode: 57, Reward: 83.2624, success: 21, fail: 4
Episode: 58, Reward: 84.1091, success: 21, fail: 4
Episode: 59, Reward: 72.0191, success: 20, fail: 5
Episode: 60, Reward: 82.0779, success: 21, fail: 4
Episode: 61, Reward: 51.2341, success: 18, fail: 7
Episode: 62, Reward: 62.3010, success: 19, fail: 6
Episode: 63, Reward: 52.2948, success: 18, fail: 7
Episode: 64, Reward: 71.5725, success: 20, fail: 5
Episode: 65, Reward: 81.0236, success: 21, fail: 4
Episode: 66, Reward: 50.8921, success: 18, fail: 7
Episode: 67, Reward: 39.9186, success: 17, fail: 8
Episode: 68, Reward: 50.7367, success: 18, fail: 7
Episode: 69, Reward: 71.1481, success: 20, fail: 5
Episode: 70, Reward: 92.0837, success: 22, fail: 3
Episode: 71, Reward: 32.1095, success: 16, fail: 9
Episode: 72, Reward: 59.9497, success: 19, fail: 6
Episode: 73, Reward: 60.7165, success: 19, fail: 6
Episode: 74, Reward: 52.5245, success: 18, fail: 7
Episode: 75, Reward: 71.3167, success: 20, fail: 5
Episode: 76, Reward: 43.2382, success: 17, fail: 8
Episode: 77, Reward: 50.4557, success: 18, fail: 7
Episode: 78, Reward: 63.0182, success: 19, fail: 6
Episode: 79, Reward: 80.1660, success: 21, fail: 4
Episode: 80, Reward: 62.8548, success: 19, fail: 6
Episode: 81, Reward: 51.9934, success: 18, fail: 7
Episode: 82, Reward: 81.9476, success: 21, fail: 4
Episode: 83, Reward: 68.7518, success: 20, fail: 5
Episode: 84, Reward: 82.4079, success: 21, fail: 4
Episode: 85, Reward: 71.9382, success: 20, fail: 5
Episode: 86, Reward: 72.6664, success: 20, fail: 5
Episode: 87, Reward: 61.0323, success: 19, fail: 6
Episode: 88, Reward: 82.0276, success: 21, fail: 4
Episode: 89, Reward: 82.1374, success: 21, fail: 4
Episode: 90, Reward: 62.6203, success: 19, fail: 6
Episode: 91, Reward: 60.7517, success: 19, fail: 6
Episode: 92, Reward: 81.5964, success: 21, fail: 4
Episode: 93, Reward: 72.1242, success: 20, fail: 5
Episode: 94, Reward: 72.4064, success: 20, fail: 5
Episode: 95, Reward: 62.4596, success: 19, fail: 6
Episode: 96, Reward: 78.4017, success: 21, fail: 4
Episode: 97, Reward: 91.8920, success: 22, fail: 3
Episode: 98, Reward: 91.3872, success: 22, fail: 3
Episode: 99, Reward: 103.4330, success: 23, fail: 2
Episode: 100, Reward: 89.4144, success: 22, fail: 3
Episode: 101, Reward: 62.8333, success: 19, fail: 6
Episode: 102, Reward: 70.9684, success: 20, fail: 5
Episode: 103, Reward: 90.1863, success: 22, fail: 3
Episode: 104, Reward: 91.8371, success: 22, fail: 3
Episode: 105, Reward: 82.9284, success: 21, fail: 4
Episode: 106, Reward: 82.1291, success: 21, fail: 4
Episode: 107, Reward: 60.0477, success: 19, fail: 6
Episode: 108, Reward: 70.7225, success: 20, fail: 5
Episode: 109, Reward: 80.2873, success: 21, fail: 4
Episode: 110, Reward: 79.7831, success: 21, fail: 4
Episode: 111, Reward: 91.0373, success: 22, fail: 3
Episode: 112, Reward: 91.7927, success: 22, fail: 3
Episode: 113, Reward: 81.8941, success: 21, fail: 4
Episode: 114, Reward: 80.1729, success: 21, fail: 4
Episode: 115, Reward: 69.0310, success: 20, fail: 5
Episode: 116, Reward: 89.1877, success: 22, fail: 3
Episode: 117, Reward: 100.6653, success: 23, fail: 2
Episode: 118, Reward: 60.7840, success: 19, fail: 6
Episode: 119, Reward: 71.3809, success: 20, fail: 5
Episode: 120, Reward: 69.9607, success: 20, fail: 5
Episode: 121, Reward: 79.6188, success: 21, fail: 4
Episode: 122, Reward: 87.6141, success: 22, fail: 3
Episode: 123, Reward: 79.5746, success: 21, fail: 4
Episode: 124, Reward: 98.8578, success: 23, fail: 2
Episode: 125, Reward: 71.2244, success: 20, fail: 5
Episode: 126, Reward: 70.7737, success: 20, fail: 5
Episode: 127, Reward: 69.0901, success: 20, fail: 5
Episode: 128, Reward: 88.4738, success: 22, fail: 3
Episode: 129, Reward: 77.6018, success: 21, fail: 4
Episode: 130, Reward: 69.4021, success: 20, fail: 5
Episode: 131, Reward: 69.2391, success: 20, fail: 5
Episode: 132, Reward: 69.3301, success: 20, fail: 5
Episode: 133, Reward: 59.1495, success: 19, fail: 6
Episode: 134, Reward: 89.7214, success: 22, fail: 3
Episode: 135, Reward: 50.3063, success: 18, fail: 7
Episode: 136, Reward: 80.8632, success: 21, fail: 4
Episode: 137, Reward: 78.4354, success: 21, fail: 4
Episode: 138, Reward: 81.0596, success: 21, fail: 4
Episode: 139, Reward: 80.2409, success: 21, fail: 4
Episode: 140, Reward: 59.6140, success: 19, fail: 6
Episode: 141, Reward: 88.1738, success: 22, fail: 3
Episode: 142, Reward: 79.9181, success: 21, fail: 4
Episode: 143, Reward: 70.4339, success: 20, fail: 5
Episode: 144, Reward: 68.4917, success: 20, fail: 5
Episode: 145, Reward: 78.8979, success: 21, fail: 4
Episode: 146, Reward: 79.1446, success: 21, fail: 4
Episode: 147, Reward: 69.5482, success: 20, fail: 5
Episode: 148, Reward: 100.7972, success: 23, fail: 2
Episode: 149, Reward: 69.1872, success: 20, fail: 5
Episode: 150, Reward: 58.4158, success: 19, fail: 6
Episode: 151, Reward: 59.1597, success: 19, fail: 6
Episode: 152, Reward: 82.0275, success: 21, fail: 4
Episode: 153, Reward: 70.5502, success: 20, fail: 5
Episode: 154, Reward: 79.4568, success: 21, fail: 4
Episode: 155, Reward: 59.7286, success: 19, fail: 6
Episode: 156, Reward: 79.5222, success: 21, fail: 4
Episode: 157, Reward: 81.5541, success: 21, fail: 4
Episode: 158, Reward: 81.2080, success: 21, fail: 4
Episode: 159, Reward: 69.7775, success: 20, fail: 5
Episode: 160, Reward: 90.7788, success: 22, fail: 3
Episode: 161, Reward: 70.8399, success: 20, fail: 5
Episode: 162, Reward: 80.9317, success: 21, fail: 4
Episode: 163, Reward: 79.3024, success: 21, fail: 4
Episode: 164, Reward: 89.4437, success: 22, fail: 3
Episode: 165, Reward: 59.2004, success: 19, fail: 6
Episode: 166, Reward: 80.0873, success: 21, fail: 4
Episode: 167, Reward: 78.4122, success: 21, fail: 4
Episode: 168, Reward: 68.3560, success: 20, fail: 5
Episode: 169, Reward: 89.5384, success: 22, fail: 3
Episode: 170, Reward: 59.4462, success: 19, fail: 6
Episode: 171, Reward: 69.2103, success: 20, fail: 5
Episode: 172, Reward: 91.4063, success: 22, fail: 3
Episode: 173, Reward: 70.5965, success: 20, fail: 5
Episode: 174, Reward: 69.3184, success: 20, fail: 5
Episode: 175, Reward: 79.8173, success: 21, fail: 4
Episode: 176, Reward: 68.4845, success: 20, fail: 5
Episode: 177, Reward: 68.3239, success: 20, fail: 5
Episode: 178, Reward: 61.4257, success: 19, fail: 6
Episode: 179, Reward: 69.0184, success: 20, fail: 5
Episode: 180, Reward: 58.5816, success: 19, fail: 6
Episode: 181, Reward: 69.6973, success: 20, fail: 5
Episode: 182, Reward: 60.2770, success: 19, fail: 6
Episode: 183, Reward: 49.3855, success: 18, fail: 7
Episode: 184, Reward: 69.1353, success: 20, fail: 5
Episode: 185, Reward: 69.0604, success: 20, fail: 5
Episode: 186, Reward: 69.6035, success: 20, fail: 5
Episode: 187, Reward: 77.5877, success: 21, fail: 4
Episode: 188, Reward: 68.8861, success: 20, fail: 5
Episode: 189, Reward: 81.1660, success: 21, fail: 4
Episode: 190, Reward: 80.4929, success: 21, fail: 4
Episode: 191, Reward: 80.4127, success: 21, fail: 4
Episode: 192, Reward: 89.6084, success: 22, fail: 3
Episode: 193, Reward: 62.0073, success: 19, fail: 6
Episode: 194, Reward: 70.0015, success: 20, fail: 5
Episode: 195, Reward: 90.8242, success: 22, fail: 3
Episode: 196, Reward: 71.5472, success: 20, fail: 5
Episode: 197, Reward: 58.8068, success: 19, fail: 6
Episode: 198, Reward: 69.9913, success: 20, fail: 5
Episode: 199, Reward: 79.9643, success: 21, fail: 4
Episode: 200, Reward: 101.9340, success: 23, fail: 2
Episode: 201, Reward: 60.2901, success: 19, fail: 6
Episode: 202, Reward: 68.3220, success: 20, fail: 5
Episode: 203, Reward: 79.9904, success: 21, fail: 4
Episode: 204, Reward: 68.9352, success: 20, fail: 5
Episode: 205, Reward: 70.6667, success: 20, fail: 5
Episode: 206, Reward: 60.9438, success: 19, fail: 6
Episode: 207, Reward: 80.2287, success: 21, fail: 4
Episode: 208, Reward: 60.0476, success: 19, fail: 6
Episode: 209, Reward: 71.6766, success: 20, fail: 5
Episode: 210, Reward: 70.9134, success: 20, fail: 5
Episode: 211, Reward: 60.5731, success: 19, fail: 6
Episode: 212, Reward: 79.9222, success: 21, fail: 4
Episode: 213, Reward: 77.0969, success: 21, fail: 4
Episode: 214, Reward: 69.4777, success: 20, fail: 5
Episode: 215, Reward: 72.0690, success: 20, fail: 5
Episode: 216, Reward: 69.2200, success: 20, fail: 5
Episode: 217, Reward: 70.0812, success: 20, fail: 5
Episode: 218, Reward: 81.6627, success: 21, fail: 4
Episode: 219, Reward: 79.7525, success: 21, fail: 4
Episode: 220, Reward: 82.5183, success: 21, fail: 4
Episode: 221, Reward: 71.6459, success: 20, fail: 5
Episode: 222, Reward: 60.7563, success: 19, fail: 6
Episode: 223, Reward: 82.2470, success: 21, fail: 4
Episode: 224, Reward: 90.3801, success: 22, fail: 3
Episode: 225, Reward: 73.1637, success: 20, fail: 5
Episode: 226, Reward: 59.7684, success: 19, fail: 6
Episode: 227, Reward: 59.4359, success: 19, fail: 6
Episode: 228, Reward: 81.1308, success: 21, fail: 4
Episode: 229, Reward: 51.6310, success: 18, fail: 7
Episode: 230, Reward: 80.8031, success: 21, fail: 4
Episode: 231, Reward: 50.6169, success: 18, fail: 7
Episode: 232, Reward: 59.6192, success: 19, fail: 6
Episode: 233, Reward: 38.8244, success: 17, fail: 8
Episode: 234, Reward: 72.2119, success: 20, fail: 5
Episode: 235, Reward: 60.2761, success: 19, fail: 6
Episode: 236, Reward: 80.3806, success: 21, fail: 4
Episode: 237, Reward: 69.6765, success: 20, fail: 5
Episode: 238, Reward: 90.0082, success: 22, fail: 3
Episode: 239, Reward: 78.8143, success: 21, fail: 4
Episode: 240, Reward: 80.5816, success: 21, fail: 4
Episode: 241, Reward: 81.2117, success: 21, fail: 4
Episode: 242, Reward: 68.4345, success: 20, fail: 5
Episode: 243, Reward: 70.5404, success: 20, fail: 5
Episode: 244, Reward: 81.1408, success: 21, fail: 4
Episode: 245, Reward: 80.5151, success: 21, fail: 4
Episode: 246, Reward: 69.6868, success: 20, fail: 5
Episode: 247, Reward: 60.2549, success: 19, fail: 6
Episode: 248, Reward: 70.2719, success: 20, fail: 5
Episode: 249, Reward: 59.8309, success: 19, fail: 6
Episode: 250, Reward: 61.3593, success: 19, fail: 6
Episode: 251, Reward: 58.6926, success: 19, fail: 6
Episode: 252, Reward: 81.1345, success: 21, fail: 4
Episode: 253, Reward: 61.1883, success: 19, fail: 6
Episode: 254, Reward: 80.8851, success: 21, fail: 4
Episode: 255, Reward: 80.3731, success: 21, fail: 4
Episode: 256, Reward: 70.1494, success: 20, fail: 5
Episode: 257, Reward: 71.1274, success: 20, fail: 5
Episode: 258, Reward: 81.3817, success: 21, fail: 4
Episode: 259, Reward: 50.7420, success: 18, fail: 7
Episode: 260, Reward: 61.3376, success: 19, fail: 6
Episode: 261, Reward: 69.6096, success: 20, fail: 5
Episode: 262, Reward: 50.7880, success: 18, fail: 7
Episode: 263, Reward: 90.0130, success: 22, fail: 3
Episode: 264, Reward: 60.5839, success: 19, fail: 6
Episode: 265, Reward: 60.3625, success: 19, fail: 6
Episode: 266, Reward: 70.6367, success: 20, fail: 5
Episode: 267, Reward: 69.0756, success: 20, fail: 5
Episode: 268, Reward: 71.7998, success: 20, fail: 5
Episode: 269, Reward: 72.6854, success: 20, fail: 5
Episode: 270, Reward: 82.2398, success: 21, fail: 4
Episode: 271, Reward: 63.0653, success: 19, fail: 6
Episode: 272, Reward: 90.8025, success: 22, fail: 3
Episode: 273, Reward: 71.0750, success: 20, fail: 5
Episode: 274, Reward: 69.4235, success: 20, fail: 5
Episode: 275, Reward: 60.9915, success: 19, fail: 6
Episode: 276, Reward: 71.5204, success: 20, fail: 5
Episode: 277, Reward: 81.1677, success: 21, fail: 4
Episode: 278, Reward: 72.4199, success: 20, fail: 5
Episode: 279, Reward: 81.4022, success: 21, fail: 4
Episode: 280, Reward: 70.6131, success: 20, fail: 5
Episode: 281, Reward: 60.4492, success: 19, fail: 6
Episode: 282, Reward: 72.7051, success: 20, fail: 5
Episode: 283, Reward: 70.6028, success: 20, fail: 5
Episode: 284, Reward: 72.2968, success: 20, fail: 5
Episode: 285, Reward: 70.8994, success: 20, fail: 5
Episode: 286, Reward: 80.6034, success: 21, fail: 4
Episode: 287, Reward: 69.9272, success: 20, fail: 5
Episode: 288, Reward: 81.7397, success: 21, fail: 4
Episode: 289, Reward: 61.0439, success: 19, fail: 6
Episode: 290, Reward: 71.0270, success: 20, fail: 5
Episode: 291, Reward: 91.7702, success: 22, fail: 3
Episode: 292, Reward: 82.5734, success: 21, fail: 4
Episode: 293, Reward: 70.0657, success: 20, fail: 5
Episode: 294, Reward: 58.9448, success: 19, fail: 6
Episode: 295, Reward: 71.0114, success: 20, fail: 5
Episode: 296, Reward: 60.3328, success: 19, fail: 6
Episode: 297, Reward: 50.5085, success: 18, fail: 7
Episode: 298, Reward: 59.3448, success: 19, fail: 6
Episode: 299, Reward: 70.9048, success: 20, fail: 5
Episode: 300, Reward: 80.1810, success: 21, fail: 4
Episode: 301, Reward: 70.0482, success: 20, fail: 5
Episode: 302, Reward: 71.5955, success: 20, fail: 5
Episode: 303, Reward: 60.3986, success: 19, fail: 6
Episode: 304, Reward: 71.1452, success: 20, fail: 5
Episode: 305, Reward: 61.6708, success: 19, fail: 6
Episode: 306, Reward: 60.6106, success: 19, fail: 6
Episode: 307, Reward: 59.0464, success: 19, fail: 6
Episode: 308, Reward: 79.6641, success: 21, fail: 4
Episode: 309, Reward: 79.4900, success: 21, fail: 4
Episode: 310, Reward: 81.2871, success: 21, fail: 4
Episode: 311, Reward: 81.5478, success: 21, fail: 4
Episode: 312, Reward: 70.0243, success: 20, fail: 5
Episode: 313, Reward: 61.3770, success: 19, fail: 6
Episode: 314, Reward: 82.6970, success: 21, fail: 4
Episode: 315, Reward: 81.9051, success: 21, fail: 4
Episode: 316, Reward: 60.9399, success: 19, fail: 6
Episode: 317, Reward: 79.8537, success: 21, fail: 4
Episode: 318, Reward: 50.1801, success: 18, fail: 7
Episode: 319, Reward: 60.6238, success: 19, fail: 6
Episode: 320, Reward: 70.7979, success: 20, fail: 5
Episode: 321, Reward: 69.1711, success: 20, fail: 5
Episode: 322, Reward: 82.4060, success: 21, fail: 4
Episode: 323, Reward: 70.1174, success: 20, fail: 5
Episode: 324, Reward: 60.0513, success: 19, fail: 6
Episode: 325, Reward: 80.1609, success: 21, fail: 4
Episode: 326, Reward: 91.5085, success: 22, fail: 3
Episode: 327, Reward: 90.4784, success: 22, fail: 3
Episode: 328, Reward: 80.5370, success: 21, fail: 4
Episode: 329, Reward: 51.6008, success: 18, fail: 7
Episode: 330, Reward: 60.4145, success: 19, fail: 6
Episode: 331, Reward: 80.5335, success: 21, fail: 4
Episode: 332, Reward: 81.0300, success: 21, fail: 4
Episode: 333, Reward: 91.8806, success: 22, fail: 3
Episode: 334, Reward: 81.6044, success: 21, fail: 4
Episode: 335, Reward: 80.0321, success: 21, fail: 4
Episode: 336, Reward: 83.4134, success: 21, fail: 4
Episode: 337, Reward: 59.1737, success: 19, fail: 6
Episode: 338, Reward: 89.1870, success: 22, fail: 3
Episode: 339, Reward: 82.1628, success: 21, fail: 4
Episode: 340, Reward: 78.5475, success: 21, fail: 4
Episode: 341, Reward: 60.8532, success: 19, fail: 6
Episode: 342, Reward: 70.1994, success: 20, fail: 5
Episode: 343, Reward: 48.0155, success: 18, fail: 7
Episode: 344, Reward: 89.6375, success: 22, fail: 3
Episode: 345, Reward: 69.8775, success: 20, fail: 5
Episode: 346, Reward: 80.5942, success: 21, fail: 4
Episode: 347, Reward: 60.6951, success: 19, fail: 6
Episode: 348, Reward: 90.5671, success: 22, fail: 3
Episode: 349, Reward: 58.7425, success: 19, fail: 6
Episode: 350, Reward: 48.8447, success: 18, fail: 7
Episode: 351, Reward: 91.5435, success: 22, fail: 3
Episode: 352, Reward: 71.1382, success: 20, fail: 5
Episode: 353, Reward: 57.9320, success: 19, fail: 6
Episode: 354, Reward: 61.2110, success: 19, fail: 6
Episode: 355, Reward: 61.1274, success: 19, fail: 6
Episode: 356, Reward: 79.1621, success: 21, fail: 4
Episode: 357, Reward: 70.3946, success: 20, fail: 5
Episode: 358, Reward: 60.5661, success: 19, fail: 6
Episode: 359, Reward: 60.6415, success: 19, fail: 6
Episode: 360, Reward: 90.9231, success: 22, fail: 3
Episode: 361, Reward: 70.0743, success: 20, fail: 5
Episode: 362, Reward: 70.1649, success: 20, fail: 5
Episode: 363, Reward: 71.7905, success: 20, fail: 5
Episode: 364, Reward: 69.7386, success: 20, fail: 5
Episode: 365, Reward: 50.3187, success: 18, fail: 7
Episode: 366, Reward: 58.7079, success: 19, fail: 6
Episode: 367, Reward: 68.9864, success: 20, fail: 5
Episode: 368, Reward: 69.0197, success: 20, fail: 5
Episode: 369, Reward: 61.1012, success: 19, fail: 6
Episode: 370, Reward: 80.6240, success: 21, fail: 4
Episode: 371, Reward: 58.7937, success: 19, fail: 6
Episode: 372, Reward: 60.3781, success: 19, fail: 6
Episode: 373, Reward: 69.7022, success: 20, fail: 5
Episode: 374, Reward: 71.1751, success: 20, fail: 5
Episode: 375, Reward: 81.8473, success: 21, fail: 4
Episode: 376, Reward: 59.3817, success: 19, fail: 6
Episode: 377, Reward: 70.0372, success: 20, fail: 5
Episode: 378, Reward: 49.8354, success: 18, fail: 7
Episode: 379, Reward: 58.1512, success: 19, fail: 6
Episode: 380, Reward: 70.6307, success: 20, fail: 5
Episode: 381, Reward: 58.8903, success: 19, fail: 6
Episode: 382, Reward: 69.3247, success: 20, fail: 5
Episode: 383, Reward: 80.3227, success: 21, fail: 4
Episode: 384, Reward: 90.2283, success: 22, fail: 3
Episode: 385, Reward: 59.5859, success: 19, fail: 6
Episode: 386, Reward: 60.0647, success: 19, fail: 6
Episode: 387, Reward: 80.1014, success: 21, fail: 4
Episode: 388, Reward: 49.6850, success: 18, fail: 7
Episode: 389, Reward: 57.8187, success: 19, fail: 6
Episode: 390, Reward: 78.9603, success: 21, fail: 4
Episode: 391, Reward: 69.7036, success: 20, fail: 5
Episode: 392, Reward: 78.7976, success: 21, fail: 4
Episode: 393, Reward: 69.4531, success: 20, fail: 5
Episode: 394, Reward: 69.2614, success: 20, fail: 5
Episode: 395, Reward: 78.9281, success: 21, fail: 4
Episode: 396, Reward: 70.3015, success: 20, fail: 5
Episode: 397, Reward: 78.5780, success: 21, fail: 4
Episode: 398, Reward: 80.1808, success: 21, fail: 4
Episode: 399, Reward: 61.5178, success: 19, fail: 6
Episode: 400, Reward: 69.7245, success: 20, fail: 5
Episode: 401, Reward: 81.8197, success: 21, fail: 4
Episode: 402, Reward: 81.5771, success: 21, fail: 4
Episode: 403, Reward: 91.5950, success: 22, fail: 3
Episode: 404, Reward: 91.9092, success: 22, fail: 3
Episode: 405, Reward: 60.2621, success: 19, fail: 6
Episode: 406, Reward: 91.7122, success: 22, fail: 3
Episode: 407, Reward: 51.2981, success: 18, fail: 7
Episode: 408, Reward: 90.9676, success: 22, fail: 3
Episode: 409, Reward: 69.8285, success: 20, fail: 5
Episode: 410, Reward: 70.5731, success: 20, fail: 5
Episode: 411, Reward: 79.4325, success: 21, fail: 4
Episode: 412, Reward: 79.9709, success: 21, fail: 4
Episode: 413, Reward: 58.9239, success: 19, fail: 6
Episode: 414, Reward: 80.0442, success: 21, fail: 4
Episode: 415, Reward: 80.1822, success: 21, fail: 4
Episode: 416, Reward: 69.1617, success: 20, fail: 5
Episode: 417, Reward: 89.1748, success: 22, fail: 3
Episode: 418, Reward: 81.0968, success: 21, fail: 4
Episode: 419, Reward: 69.3143, success: 20, fail: 5
Episode: 420, Reward: 80.0546, success: 21, fail: 4
Episode: 421, Reward: 70.4528, success: 20, fail: 5
Episode: 422, Reward: 59.5357, success: 19, fail: 6
Episode: 423, Reward: 79.1322, success: 21, fail: 4
Episode: 424, Reward: 59.1985, success: 19, fail: 6
Episode: 425, Reward: 47.5869, success: 18, fail: 7
Episode: 426, Reward: 40.1209, success: 17, fail: 8
Episode: 427, Reward: 60.3429, success: 19, fail: 6
Episode: 428, Reward: 49.0672, success: 18, fail: 7
Episode: 429, Reward: 61.1898, success: 19, fail: 6
Episode: 430, Reward: 80.4422, success: 21, fail: 4
Episode: 431, Reward: 71.2885, success: 20, fail: 5
Episode: 432, Reward: 81.7341, success: 21, fail: 4
Episode: 433, Reward: 59.5789, success: 19, fail: 6
Episode: 434, Reward: 81.1681, success: 21, fail: 4
Episode: 435, Reward: 80.2025, success: 21, fail: 4
Episode: 436, Reward: 49.2240, success: 18, fail: 7
Episode: 437, Reward: 59.9519, success: 19, fail: 6
Episode: 438, Reward: 89.7887, success: 22, fail: 3
Episode: 439, Reward: 69.7588, success: 20, fail: 5
Episode: 440, Reward: 71.1804, success: 20, fail: 5
Episode: 441, Reward: 58.4975, success: 19, fail: 6
Episode: 442, Reward: 70.5359, success: 20, fail: 5
Episode: 443, Reward: 70.8936, success: 20, fail: 5
Episode: 444, Reward: 51.0419, success: 18, fail: 7
Episode: 445, Reward: 69.4732, success: 20, fail: 5
Episode: 446, Reward: 79.8633, success: 21, fail: 4
Episode: 447, Reward: 69.1396, success: 20, fail: 5
Episode: 448, Reward: 70.9262, success: 20, fail: 5
Episode: 449, Reward: 68.7475, success: 20, fail: 5
Episode: 450, Reward: 89.9058, success: 22, fail: 3
Episode: 451, Reward: 78.3840, success: 21, fail: 4
Episode: 452, Reward: 58.8870, success: 19, fail: 6
Episode: 453, Reward: 71.2754, success: 20, fail: 5
Episode: 454, Reward: 67.7223, success: 20, fail: 5
Episode: 455, Reward: 58.6423, success: 19, fail: 6
Episode: 456, Reward: 79.5011, success: 21, fail: 4
Episode: 457, Reward: 69.9728, success: 20, fail: 5
Episode: 458, Reward: 68.1722, success: 20, fail: 5
Episode: 459, Reward: 79.9953, success: 21, fail: 4
Episode: 460, Reward: 59.4686, success: 19, fail: 6
Episode: 461, Reward: 69.8209, success: 20, fail: 5
Episode: 462, Reward: 60.8785, success: 19, fail: 6
Episode: 463, Reward: 60.5430, success: 19, fail: 6
Episode: 464, Reward: 48.1312, success: 18, fail: 7
Episode: 465, Reward: 89.5852, success: 22, fail: 3
Episode: 466, Reward: 68.4808, success: 20, fail: 5
Episode: 467, Reward: 49.9970, success: 18, fail: 7
Episode: 468, Reward: 79.9656, success: 21, fail: 4
Episode: 469, Reward: 59.0087, success: 19, fail: 6
Episode: 470, Reward: 49.4450, success: 18, fail: 7
Episode: 471, Reward: 69.0093, success: 20, fail: 5
Episode: 472, Reward: 90.4185, success: 22, fail: 3
Episode: 473, Reward: 59.2333, success: 19, fail: 6
Episode: 474, Reward: 58.5541, success: 19, fail: 6
Episode: 475, Reward: 59.9196, success: 19, fail: 6
Episode: 476, Reward: 81.3273, success: 21, fail: 4
Episode: 477, Reward: 59.7612, success: 19, fail: 6
Episode: 478, Reward: 68.6930, success: 20, fail: 5
Episode: 479, Reward: 69.7222, success: 20, fail: 5
Episode: 480, Reward: 81.7371, success: 21, fail: 4
Episode: 481, Reward: 89.8034, success: 22, fail: 3
Episode: 482, Reward: 60.4077, success: 19, fail: 6
Episode: 483, Reward: 59.3958, success: 19, fail: 6
Episode: 484, Reward: 68.7007, success: 20, fail: 5
Episode: 485, Reward: 86.9957, success: 22, fail: 3
Episode: 486, Reward: 79.8655, success: 21, fail: 4
Episode: 487, Reward: 70.9380, success: 20, fail: 5
Episode: 488, Reward: 70.2216, success: 20, fail: 5
Episode: 489, Reward: 57.8045, success: 19, fail: 6
Episode: 490, Reward: 67.7667, success: 20, fail: 5
Episode: 491, Reward: 78.9633, success: 21, fail: 4
Episode: 492, Reward: 69.6357, success: 20, fail: 5
Episode: 493, Reward: 68.3123, success: 20, fail: 5
Episode: 494, Reward: 69.2162, success: 20, fail: 5
Episode: 495, Reward: 59.0830, success: 19, fail: 6
Episode: 496, Reward: 59.7315, success: 19, fail: 6
Episode: 497, Reward: 58.8011, success: 19, fail: 6
Episode: 498, Reward: 59.2978, success: 19, fail: 6
Episode: 499, Reward: 58.8448, success: 19, fail: 6
Episode: 500, Reward: 71.2251, success: 20, fail: 5
Episode: 501, Reward: 48.9111, success: 18, fail: 7
Episode: 502, Reward: 49.5839, success: 18, fail: 7
Episode: 503, Reward: 69.8230, success: 20, fail: 5
Episode: 504, Reward: 69.9360, success: 20, fail: 5
Episode: 505, Reward: 68.6739, success: 20, fail: 5
Episode: 506, Reward: 70.1011, success: 20, fail: 5
Episode: 507, Reward: 61.1100, success: 19, fail: 6
Episode: 508, Reward: 69.1712, success: 20, fail: 5
Episode: 509, Reward: 88.5077, success: 22, fail: 3
Episode: 510, Reward: 79.4909, success: 21, fail: 4
Episode: 511, Reward: 57.9234, success: 19, fail: 6
Episode: 512, Reward: 69.1762, success: 20, fail: 5
Episode: 513, Reward: 59.5472, success: 19, fail: 6
Episode: 514, Reward: 98.1227, success: 23, fail: 2
Episode: 515, Reward: 89.7820, success: 22, fail: 3
Episode: 516, Reward: 77.9204, success: 21, fail: 4
Episode: 517, Reward: 88.1769, success: 22, fail: 3
Episode: 518, Reward: 78.7796, success: 21, fail: 4
Episode: 519, Reward: 81.3473, success: 21, fail: 4
Episode: 520, Reward: 88.3375, success: 22, fail: 3
Episode: 521, Reward: 99.2931, success: 23, fail: 2
Episode: 522, Reward: 69.2689, success: 20, fail: 5
Episode: 523, Reward: 59.0104, success: 19, fail: 6
Episode: 524, Reward: 90.2793, success: 22, fail: 3
Episode: 525, Reward: 59.2756, success: 19, fail: 6
Episode: 526, Reward: 78.1166, success: 21, fail: 4
Episode: 527, Reward: 79.2228, success: 21, fail: 4
Episode: 528, Reward: 78.5170, success: 21, fail: 4
Episode: 529, Reward: 80.6805, success: 21, fail: 4
Episode: 530, Reward: 76.7437, success: 21, fail: 4
Episode: 531, Reward: 79.7882, success: 21, fail: 4
Episode: 532, Reward: 60.0552, success: 19, fail: 6
Episode: 533, Reward: 69.0971, success: 20, fail: 5
Episode: 534, Reward: 59.5394, success: 19, fail: 6
Episode: 535, Reward: 89.7078, success: 22, fail: 3
Episode: 536, Reward: 70.2383, success: 20, fail: 5
Episode: 537, Reward: 99.1269, success: 23, fail: 2
Episode: 538, Reward: 58.3381, success: 19, fail: 6
Episode: 539, Reward: 90.7726, success: 22, fail: 3
Episode: 540, Reward: 79.0123, success: 21, fail: 4
Episode: 541, Reward: 88.5711, success: 22, fail: 3
Episode: 542, Reward: 99.1794, success: 23, fail: 2
Episode: 543, Reward: 78.4722, success: 21, fail: 4
Episode: 544, Reward: 80.3501, success: 21, fail: 4
Episode: 545, Reward: 78.9710, success: 21, fail: 4
Episode: 546, Reward: 67.9035, success: 20, fail: 5
Episode: 547, Reward: 78.5061, success: 21, fail: 4
Episode: 548, Reward: 88.7952, success: 22, fail: 3
Episode: 549, Reward: 68.7660, success: 20, fail: 5
Episode: 550, Reward: 69.9273, success: 20, fail: 5
Episode: 551, Reward: 67.7035, success: 20, fail: 5
Episode: 552, Reward: 88.2491, success: 22, fail: 3
Episode: 553, Reward: 89.9683, success: 22, fail: 3
Episode: 554, Reward: 79.7238, success: 21, fail: 4
Episode: 555, Reward: 77.5785, success: 21, fail: 4
Episode: 556, Reward: 77.8427, success: 21, fail: 4
Episode: 557, Reward: 88.8251, success: 22, fail: 3
Episode: 558, Reward: 68.3783, success: 20, fail: 5
Episode: 559, Reward: 79.5931, success: 21, fail: 4
Episode: 560, Reward: 87.9021, success: 22, fail: 3
Episode: 561, Reward: 68.0757, success: 20, fail: 5
Episode: 562, Reward: 88.2720, success: 22, fail: 3
Episode: 563, Reward: 88.7598, success: 22, fail: 3
Episode: 564, Reward: 68.4676, success: 20, fail: 5
Episode: 565, Reward: 86.7465, success: 22, fail: 3
Episode: 566, Reward: 68.8942, success: 20, fail: 5
Episode: 567, Reward: 79.4078, success: 21, fail: 4
Episode: 568, Reward: 56.7413, success: 19, fail: 6
Episode: 569, Reward: 96.5157, success: 23, fail: 2
Episode: 570, Reward: 76.8226, success: 21, fail: 4
Episode: 571, Reward: 68.3068, success: 20, fail: 5
Episode: 572, Reward: 79.2579, success: 21, fail: 4
Episode: 573, Reward: 79.0810, success: 21, fail: 4
Episode: 574, Reward: 67.4016, success: 20, fail: 5
Episode: 575, Reward: 79.0925, success: 21, fail: 4
Episode: 576, Reward: 88.3227, success: 22, fail: 3
Episode: 577, Reward: 47.7770, success: 18, fail: 7
Episode: 578, Reward: 68.1587, success: 20, fail: 5
Episode: 579, Reward: 69.9921, success: 20, fail: 5
Episode: 580, Reward: 96.1857, success: 23, fail: 2
Episode: 581, Reward: 80.1435, success: 21, fail: 4
Episode: 582, Reward: 78.4220, success: 21, fail: 4
Episode: 583, Reward: 88.4012, success: 22, fail: 3
Episode: 584, Reward: 78.3215, success: 21, fail: 4
Episode: 585, Reward: 70.2772, success: 20, fail: 5
Episode: 586, Reward: 78.6009, success: 21, fail: 4
Episode: 587, Reward: 89.9222, success: 22, fail: 3
Episode: 588, Reward: 58.4634, success: 19, fail: 6
Episode: 589, Reward: 79.0087, success: 21, fail: 4
Episode: 590, Reward: 79.9176, success: 21, fail: 4
Episode: 591, Reward: 89.1169, success: 22, fail: 3
Episode: 592, Reward: 66.1279, success: 20, fail: 5
Episode: 593, Reward: 78.7165, success: 21, fail: 4
Episode: 594, Reward: 77.3449, success: 21, fail: 4
Episode: 595, Reward: 69.3801, success: 20, fail: 5
Episode: 596, Reward: 97.9379, success: 23, fail: 2
Episode: 597, Reward: 69.2120, success: 20, fail: 5
Episode: 598, Reward: 58.7198, success: 19, fail: 6
Episode: 599, Reward: 77.8533, success: 21, fail: 4
Episode: 600, Reward: 59.4417, success: 19, fail: 6
Episode: 601, Reward: 88.0159, success: 22, fail: 3
Episode: 602, Reward: 57.9049, success: 19, fail: 6
Episode: 603, Reward: 79.6685, success: 21, fail: 4
Episode: 604, Reward: 88.7319, success: 22, fail: 3
Episode: 605, Reward: 80.5257, success: 21, fail: 4
Episode: 606, Reward: 88.5329, success: 22, fail: 3
Episode: 607, Reward: 78.7153, success: 21, fail: 4
Episode: 608, Reward: 89.1005, success: 22, fail: 3
Episode: 609, Reward: 88.1838, success: 22, fail: 3
Episode: 610, Reward: 77.8378, success: 21, fail: 4
Episode: 611, Reward: 70.3945, success: 20, fail: 5
Episode: 612, Reward: 96.9161, success: 23, fail: 2
Episode: 613, Reward: 70.7525, success: 20, fail: 5
Episode: 614, Reward: 107.1365, success: 24, fail: 1
Episode: 615, Reward: 68.6424, success: 20, fail: 5
Episode: 616, Reward: 76.2890, success: 21, fail: 4
Episode: 617, Reward: 88.6798, success: 22, fail: 3
Episode: 618, Reward: 68.6219, success: 20, fail: 5
Episode: 619, Reward: 79.4680, success: 21, fail: 4
Episode: 620, Reward: 48.8687, success: 18, fail: 7
Episode: 621, Reward: 79.5065, success: 21, fail: 4
Episode: 622, Reward: 70.3516, success: 20, fail: 5
Episode: 623, Reward: 79.3173, success: 21, fail: 4
Episode: 624, Reward: 80.1689, success: 21, fail: 4
Episode: 625, Reward: 78.1690, success: 21, fail: 4
Episode: 626, Reward: 78.3713, success: 21, fail: 4
Episode: 627, Reward: 79.7177, success: 21, fail: 4
Episode: 628, Reward: 58.8271, success: 19, fail: 6
Episode: 629, Reward: 89.8717, success: 22, fail: 3
Episode: 630, Reward: 79.3838, success: 21, fail: 4
Episode: 631, Reward: 71.0628, success: 20, fail: 5
Episode: 632, Reward: 80.6784, success: 21, fail: 4
Episode: 633, Reward: 61.2426, success: 19, fail: 6
Episode: 634, Reward: 89.8189, success: 22, fail: 3
Episode: 635, Reward: 69.7395, success: 20, fail: 5
Episode: 636, Reward: 78.5093, success: 21, fail: 4
Episode: 637, Reward: 69.5316, success: 20, fail: 5
Episode: 638, Reward: 50.3558, success: 18, fail: 7
Episode: 639, Reward: 71.1929, success: 20, fail: 5
Episode: 640, Reward: 91.0721, success: 22, fail: 3
Episode: 641, Reward: 71.4911, success: 20, fail: 5
Episode: 642, Reward: 70.3916, success: 20, fail: 5
Episode: 643, Reward: 80.4815, success: 21, fail: 4
Episode: 644, Reward: 70.4012, success: 20, fail: 5
Episode: 645, Reward: 79.3124, success: 21, fail: 4
Episode: 646, Reward: 49.0254, success: 18, fail: 7
Episode: 647, Reward: 70.6340, success: 20, fail: 5
Episode: 648, Reward: 92.2775, success: 22, fail: 3
Episode: 649, Reward: 79.8581, success: 21, fail: 4
Episode: 650, Reward: 68.9567, success: 20, fail: 5
Episode: 651, Reward: 60.8350, success: 19, fail: 6
Episode: 652, Reward: 60.7952, success: 19, fail: 6
Episode: 653, Reward: 79.8867, success: 21, fail: 4
Episode: 654, Reward: 70.1099, success: 20, fail: 5
Episode: 655, Reward: 69.9085, success: 20, fail: 5
Episode: 656, Reward: 70.7071, success: 20, fail: 5
Episode: 657, Reward: 59.7055, success: 19, fail: 6
Episode: 658, Reward: 71.8919, success: 20, fail: 5
Episode: 659, Reward: 79.7962, success: 21, fail: 4
Episode: 660, Reward: 70.0692, success: 20, fail: 5
Episode: 661, Reward: 79.0140, success: 21, fail: 4
Episode: 662, Reward: 80.1443, success: 21, fail: 4
Episode: 663, Reward: 60.4054, success: 19, fail: 6
Episode: 664, Reward: 80.4734, success: 21, fail: 4
Episode: 665, Reward: 69.7070, success: 20, fail: 5
Episode: 666, Reward: 90.5827, success: 22, fail: 3
Episode: 667, Reward: 69.7515, success: 20, fail: 5
Episode: 668, Reward: 59.3505, success: 19, fail: 6
Episode: 669, Reward: 81.2927, success: 21, fail: 4
Episode: 670, Reward: 81.8740, success: 21, fail: 4
Episode: 671, Reward: 80.0151, success: 21, fail: 4
Episode: 672, Reward: 71.5964, success: 20, fail: 5
Episode: 673, Reward: 100.7098, success: 23, fail: 2
Episode: 674, Reward: 80.0722, success: 21, fail: 4
Episode: 675, Reward: 82.2464, success: 21, fail: 4
Episode: 676, Reward: 80.6131, success: 21, fail: 4
Episode: 677, Reward: 81.0185, success: 21, fail: 4
Episode: 678, Reward: 59.0126, success: 19, fail: 6
Episode: 679, Reward: 72.9862, success: 20, fail: 5
Episode: 680, Reward: 60.1996, success: 19, fail: 6
Episode: 681, Reward: 51.5381, success: 18, fail: 7
Episode: 682, Reward: 71.2626, success: 20, fail: 5
Episode: 683, Reward: 79.6891, success: 21, fail: 4
Episode: 684, Reward: 78.9513, success: 21, fail: 4
Episode: 685, Reward: 79.8443, success: 21, fail: 4
Episode: 686, Reward: 90.1276, success: 22, fail: 3
Episode: 687, Reward: 78.5473, success: 21, fail: 4
Episode: 688, Reward: 69.7051, success: 20, fail: 5
Episode: 689, Reward: 80.5907, success: 21, fail: 4
Episode: 690, Reward: 80.5813, success: 21, fail: 4
Episode: 691, Reward: 79.7192, success: 21, fail: 4
Episode: 692, Reward: 68.8857, success: 20, fail: 5
Episode: 693, Reward: 59.3560, success: 19, fail: 6
Episode: 694, Reward: 82.5277, success: 21, fail: 4
Episode: 695, Reward: 68.7387, success: 20, fail: 5
Episode: 696, Reward: 69.5274, success: 20, fail: 5
Episode: 697, Reward: 50.0218, success: 18, fail: 7
Episode: 698, Reward: 70.5931, success: 20, fail: 5
Episode: 699, Reward: 59.4546, success: 19, fail: 6
Episode: 700, Reward: 71.3159, success: 20, fail: 5
Episode: 701, Reward: 90.9044, success: 22, fail: 3
Episode: 702, Reward: 70.7535, success: 20, fail: 5
Episode: 703, Reward: 69.4733, success: 20, fail: 5
Episode: 704, Reward: 79.1696, success: 21, fail: 4
Episode: 705, Reward: 81.4580, success: 21, fail: 4
Episode: 706, Reward: 79.5255, success: 21, fail: 4
Episode: 707, Reward: 78.9695, success: 21, fail: 4
Episode: 708, Reward: 78.2217, success: 21, fail: 4
Episode: 709, Reward: 88.7230, success: 22, fail: 3
Episode: 710, Reward: 57.9148, success: 19, fail: 6
Episode: 711, Reward: 79.1313, success: 21, fail: 4
Episode: 712, Reward: 90.4428, success: 22, fail: 3
Episode: 713, Reward: 77.9408, success: 21, fail: 4
Episode: 714, Reward: 57.9919, success: 19, fail: 6
Episode: 715, Reward: 77.1933, success: 21, fail: 4
Episode: 716, Reward: 88.2665, success: 22, fail: 3
Episode: 717, Reward: 69.3780, success: 20, fail: 5
Episode: 718, Reward: 79.0267, success: 21, fail: 4
Episode: 719, Reward: 80.2296, success: 21, fail: 4
Episode: 720, Reward: 68.1868, success: 20, fail: 5
Episode: 721, Reward: 70.5905, success: 20, fail: 5
Episode: 722, Reward: 89.0557, success: 22, fail: 3
Episode: 723, Reward: 97.5941, success: 23, fail: 2
Episode: 724, Reward: 79.6578, success: 21, fail: 4
Episode: 725, Reward: 79.1425, success: 21, fail: 4
Episode: 726, Reward: 78.6028, success: 21, fail: 4
Episode: 727, Reward: 69.4320, success: 20, fail: 5
Episode: 728, Reward: 90.1447, success: 22, fail: 3
Episode: 729, Reward: 68.8932, success: 20, fail: 5
Episode: 730, Reward: 90.9029, success: 22, fail: 3
Episode: 731, Reward: 71.6230, success: 20, fail: 5
Episode: 732, Reward: 80.7367, success: 21, fail: 4
Episode: 733, Reward: 89.8207, success: 22, fail: 3
Episode: 734, Reward: 80.4817, success: 21, fail: 4
Episode: 735, Reward: 78.1281, success: 21, fail: 4
Episode: 736, Reward: 69.3603, success: 20, fail: 5
Episode: 737, Reward: 80.5278, success: 21, fail: 4
Episode: 738, Reward: 70.9590, success: 20, fail: 5
Episode: 739, Reward: 28.6627, success: 16, fail: 9
Episode: 740, Reward: 78.9276, success: 21, fail: 4
Episode: 741, Reward: 78.5869, success: 21, fail: 4
Episode: 742, Reward: 79.9398, success: 21, fail: 4
Episode: 743, Reward: 101.5124, success: 23, fail: 2
Episode: 744, Reward: 80.6695, success: 21, fail: 4
Episode: 745, Reward: 69.2761, success: 20, fail: 5
Episode: 746, Reward: 68.3674, success: 20, fail: 5
Episode: 747, Reward: 70.4040, success: 20, fail: 5
Episode: 748, Reward: 91.6743, success: 22, fail: 3
Episode: 749, Reward: 70.4406, success: 20, fail: 5
Episode: 750, Reward: 100.7214, success: 23, fail: 2
Episode: 751, Reward: 80.4372, success: 21, fail: 4
Episode: 752, Reward: 79.0893, success: 21, fail: 4
Episode: 753, Reward: 70.5642, success: 20, fail: 5
Episode: 754, Reward: 89.6638, success: 22, fail: 3
Episode: 755, Reward: 90.2078, success: 22, fail: 3
Episode: 756, Reward: 80.5720, success: 21, fail: 4
Episode: 757, Reward: 70.0343, success: 20, fail: 5
Episode: 758, Reward: 81.3153, success: 21, fail: 4
Episode: 759, Reward: 59.9590, success: 19, fail: 6
Episode: 760, Reward: 51.0180, success: 18, fail: 7
Episode: 761, Reward: 79.6648, success: 21, fail: 4
Episode: 762, Reward: 79.2828, success: 21, fail: 4
Episode: 763, Reward: 90.6730, success: 22, fail: 3
Episode: 764, Reward: 60.7726, success: 19, fail: 6
Episode: 765, Reward: 80.7132, success: 21, fail: 4
Episode: 766, Reward: 68.6737, success: 20, fail: 5
Episode: 767, Reward: 70.1673, success: 20, fail: 5
Episode: 768, Reward: 50.1226, success: 18, fail: 7
Episode: 769, Reward: 80.6399, success: 21, fail: 4
Episode: 770, Reward: 80.7517, success: 21, fail: 4
Episode: 771, Reward: 69.9056, success: 20, fail: 5
Episode: 772, Reward: 69.0843, success: 20, fail: 5
Episode: 773, Reward: 80.2264, success: 21, fail: 4
Episode: 774, Reward: 80.1260, success: 21, fail: 4
Episode: 775, Reward: 61.1230, success: 19, fail: 6
Episode: 776, Reward: 79.8473, success: 21, fail: 4
Episode: 777, Reward: 69.5746, success: 20, fail: 5
Episode: 778, Reward: 60.0570, success: 19, fail: 6
Episode: 779, Reward: 61.0217, success: 19, fail: 6
Episode: 780, Reward: 68.6483, success: 20, fail: 5
Episode: 781, Reward: 72.5722, success: 20, fail: 5
Episode: 782, Reward: 70.7976, success: 20, fail: 5
Episode: 783, Reward: 80.4768, success: 21, fail: 4
Episode: 784, Reward: 51.5308, success: 18, fail: 7
Episode: 785, Reward: 80.3925, success: 21, fail: 4
Episode: 786, Reward: 91.5880, success: 22, fail: 3
Episode: 787, Reward: 70.6171, success: 20, fail: 5
Episode: 788, Reward: 91.5064, success: 22, fail: 3
Episode: 789, Reward: 79.9063, success: 21, fail: 4
Episode: 790, Reward: 70.0135, success: 20, fail: 5
Episode: 791, Reward: 71.1718, success: 20, fail: 5
Episode: 792, Reward: 60.3590, success: 19, fail: 6
Episode: 793, Reward: 60.5453, success: 19, fail: 6
Episode: 794, Reward: 80.0052, success: 21, fail: 4
Episode: 795, Reward: 69.4060, success: 20, fail: 5
Episode: 796, Reward: 79.4336, success: 21, fail: 4
Episode: 797, Reward: 69.8199, success: 20, fail: 5
Episode: 798, Reward: 69.7389, success: 20, fail: 5
Episode: 799, Reward: 59.4529, success: 19, fail: 6
Episode: 800, Reward: 81.8978, success: 21, fail: 4
Episode: 801, Reward: 60.0897, success: 19, fail: 6
Episode: 802, Reward: 60.8640, success: 19, fail: 6
Episode: 803, Reward: 60.0114, success: 19, fail: 6
Episode: 804, Reward: 70.7889, success: 20, fail: 5
Episode: 805, Reward: 69.3369, success: 20, fail: 5
Episode: 806, Reward: 81.3258, success: 21, fail: 4
Episode: 807, Reward: 80.7870, success: 21, fail: 4
Episode: 808, Reward: 81.0256, success: 21, fail: 4
Episode: 809, Reward: 49.7769, success: 18, fail: 7
Episode: 810, Reward: 78.6356, success: 21, fail: 4
Episode: 811, Reward: 69.1474, success: 20, fail: 5
Episode: 812, Reward: 70.2664, success: 20, fail: 5
Episode: 813, Reward: 90.8172, success: 22, fail: 3
Episode: 814, Reward: 80.7942, success: 21, fail: 4
Episode: 815, Reward: 70.9880, success: 20, fail: 5
Episode: 816, Reward: 68.7897, success: 20, fail: 5
Episode: 817, Reward: 70.0478, success: 20, fail: 5
Episode: 818, Reward: 50.2824, success: 18, fail: 7
Episode: 819, Reward: 89.4399, success: 22, fail: 3
Episode: 820, Reward: 79.1235, success: 21, fail: 4
Episode: 821, Reward: 80.1779, success: 21, fail: 4
Episode: 822, Reward: 69.0154, success: 20, fail: 5
Episode: 823, Reward: 79.6969, success: 21, fail: 4
Episode: 824, Reward: 48.5780, success: 18, fail: 7
Episode: 825, Reward: 68.7901, success: 20, fail: 5
Episode: 826, Reward: 70.2438, success: 20, fail: 5
Episode: 827, Reward: 69.8075, success: 20, fail: 5
Episode: 828, Reward: 69.8785, success: 20, fail: 5
Episode: 829, Reward: 59.3007, success: 19, fail: 6
Episode: 830, Reward: 79.4322, success: 21, fail: 4
Episode: 831, Reward: 59.8320, success: 19, fail: 6
Episode: 832, Reward: 59.8048, success: 19, fail: 6
Episode: 833, Reward: 69.0880, success: 20, fail: 5
Episode: 834, Reward: 89.4657, success: 22, fail: 3
Episode: 835, Reward: 79.4398, success: 21, fail: 4
Episode: 836, Reward: 58.8025, success: 19, fail: 6
Episode: 837, Reward: 70.5271, success: 20, fail: 5
Episode: 838, Reward: 59.7951, success: 19, fail: 6
Episode: 839, Reward: 70.6996, success: 20, fail: 5
Episode: 840, Reward: 60.1536, success: 19, fail: 6
Episode: 841, Reward: 60.5722, success: 19, fail: 6
Episode: 842, Reward: 80.1305, success: 21, fail: 4
Episode: 843, Reward: 69.9095, success: 20, fail: 5
Episode: 844, Reward: 71.5033, success: 20, fail: 5
Episode: 845, Reward: 70.6562, success: 20, fail: 5
Episode: 846, Reward: 50.5807, success: 18, fail: 7
Episode: 847, Reward: 101.5354, success: 23, fail: 2
Episode: 848, Reward: 69.8009, success: 20, fail: 5
Episode: 849, Reward: 69.7467, success: 20, fail: 5
Episode: 850, Reward: 70.4772, success: 20, fail: 5
Episode: 851, Reward: 59.6288, success: 19, fail: 6
Episode: 852, Reward: 80.4116, success: 21, fail: 4
Episode: 853, Reward: 60.8007, success: 19, fail: 6
Episode: 854, Reward: 71.4661, success: 20, fail: 5
Episode: 855, Reward: 71.2785, success: 20, fail: 5
Episode: 856, Reward: 89.6840, success: 22, fail: 3
Episode: 857, Reward: 89.7866, success: 22, fail: 3
Episode: 858, Reward: 60.3756, success: 19, fail: 6
Episode: 859, Reward: 70.7190, success: 20, fail: 5
Episode: 860, Reward: 70.4817, success: 20, fail: 5
Episode: 861, Reward: 70.0127, success: 20, fail: 5
Episode: 862, Reward: 79.6965, success: 21, fail: 4
Episode: 863, Reward: 69.7004, success: 20, fail: 5
Episode: 864, Reward: 71.7218, success: 20, fail: 5
Episode: 865, Reward: 90.4020, success: 22, fail: 3
Episode: 866, Reward: 91.2225, success: 22, fail: 3
Episode: 867, Reward: 80.5046, success: 21, fail: 4
Episode: 868, Reward: 70.4253, success: 20, fail: 5
Episode: 869, Reward: 70.3084, success: 20, fail: 5
Episode: 870, Reward: 59.0785, success: 19, fail: 6
Episode: 871, Reward: 70.1760, success: 20, fail: 5
Episode: 872, Reward: 81.3482, success: 21, fail: 4
Episode: 873, Reward: 80.7558, success: 21, fail: 4
Episode: 874, Reward: 60.6539, success: 19, fail: 6
Episode: 875, Reward: 58.8395, success: 19, fail: 6
Episode: 876, Reward: 82.4748, success: 21, fail: 4
Episode: 877, Reward: 69.2767, success: 20, fail: 5
Episode: 878, Reward: 59.9073, success: 19, fail: 6
Episode: 879, Reward: 58.4352, success: 19, fail: 6
Episode: 880, Reward: 59.2574, success: 19, fail: 6
Episode: 881, Reward: 69.2337, success: 20, fail: 5
Episode: 882, Reward: 79.8829, success: 21, fail: 4
Episode: 883, Reward: 40.0129, success: 17, fail: 8
Episode: 884, Reward: 59.7220, success: 19, fail: 6
Episode: 885, Reward: 49.3081, success: 18, fail: 7
Episode: 886, Reward: 59.8201, success: 19, fail: 6
Episode: 887, Reward: 70.5286, success: 20, fail: 5
Episode: 888, Reward: 80.7289, success: 21, fail: 4
Episode: 889, Reward: 71.3136, success: 20, fail: 5
Episode: 890, Reward: 79.5588, success: 21, fail: 4
Episode: 891, Reward: 58.9952, success: 19, fail: 6
Episode: 892, Reward: 58.7449, success: 19, fail: 6
Episode: 893, Reward: 80.5521, success: 21, fail: 4
Episode: 894, Reward: 60.1668, success: 19, fail: 6
Episode: 895, Reward: 60.0884, success: 19, fail: 6
Episode: 896, Reward: 59.9512, success: 19, fail: 6
Episode: 897, Reward: 60.0743, success: 19, fail: 6
Episode: 898, Reward: 69.8908, success: 20, fail: 5
Episode: 899, Reward: 69.5626, success: 20, fail: 5
Episode: 900, Reward: 70.6669, success: 20, fail: 5
Episode: 901, Reward: 79.9953, success: 21, fail: 4
Episode: 902, Reward: 60.5363, success: 19, fail: 6
Episode: 903, Reward: 69.2062, success: 20, fail: 5
Episode: 904, Reward: 59.1555, success: 19, fail: 6
Episode: 905, Reward: 69.9413, success: 20, fail: 5
Episode: 906, Reward: 59.1661, success: 19, fail: 6
Episode: 907, Reward: 88.9647, success: 22, fail: 3
Episode: 908, Reward: 80.5705, success: 21, fail: 4
Episode: 909, Reward: 68.5384, success: 20, fail: 5
Episode: 910, Reward: 60.6974, success: 19, fail: 6
Episode: 911, Reward: 58.8120, success: 19, fail: 6
Episode: 912, Reward: 60.7859, success: 19, fail: 6
Episode: 913, Reward: 69.4627, success: 20, fail: 5
Episode: 914, Reward: 69.5087, success: 20, fail: 5
Episode: 915, Reward: 70.4732, success: 20, fail: 5
Episode: 916, Reward: 68.9103, success: 20, fail: 5
Episode: 917, Reward: 70.1729, success: 20, fail: 5
Episode: 918, Reward: 59.3682, success: 19, fail: 6
Episode: 919, Reward: 69.3422, success: 20, fail: 5
Episode: 920, Reward: 59.7517, success: 19, fail: 6
Episode: 921, Reward: 78.8861, success: 21, fail: 4
Episode: 922, Reward: 59.4105, success: 19, fail: 6
Episode: 923, Reward: 69.8150, success: 20, fail: 5
Episode: 924, Reward: 69.7079, success: 20, fail: 5
Episode: 925, Reward: 47.6468, success: 18, fail: 7
Episode: 926, Reward: 66.9421, success: 20, fail: 5
Episode: 927, Reward: 66.6438, success: 20, fail: 5
Episode: 928, Reward: 78.7128, success: 21, fail: 4
Episode: 929, Reward: 59.9630, success: 19, fail: 6
Episode: 930, Reward: 59.4869, success: 19, fail: 6
Episode: 931, Reward: 61.8336, success: 19, fail: 6
Episode: 932, Reward: 59.7810, success: 19, fail: 6
Episode: 933, Reward: 50.4158, success: 18, fail: 7
Episode: 934, Reward: 68.8089, success: 20, fail: 5
Episode: 935, Reward: 69.0818, success: 20, fail: 5
Episode: 936, Reward: 68.4668, success: 20, fail: 5
Episode: 937, Reward: 59.9154, success: 19, fail: 6
Episode: 938, Reward: 59.4050, success: 19, fail: 6
Episode: 939, Reward: 58.8935, success: 19, fail: 6
Episode: 940, Reward: 69.5474, success: 20, fail: 5
Episode: 941, Reward: 59.9722, success: 19, fail: 6
Episode: 942, Reward: 59.4375, success: 19, fail: 6
Episode: 943, Reward: 60.0614, success: 19, fail: 6
Episode: 944, Reward: 78.8483, success: 21, fail: 4
Episode: 945, Reward: 59.1075, success: 19, fail: 6
Episode: 946, Reward: 68.9580, success: 20, fail: 5
Episode: 947, Reward: 70.2839, success: 20, fail: 5
Episode: 948, Reward: 59.4553, success: 19, fail: 6
Episode: 949, Reward: 59.4637, success: 19, fail: 6
Episode: 950, Reward: 69.5836, success: 20, fail: 5
Episode: 951, Reward: 60.4249, success: 19, fail: 6
Episode: 952, Reward: 70.7027, success: 20, fail: 5
Episode: 953, Reward: 70.2464, success: 20, fail: 5
Episode: 954, Reward: 60.5692, success: 19, fail: 6
Episode: 955, Reward: 80.0506, success: 21, fail: 4
Episode: 956, Reward: 69.1084, success: 20, fail: 5
Episode: 957, Reward: 68.7527, success: 20, fail: 5
Episode: 958, Reward: 69.7712, success: 20, fail: 5
Episode: 959, Reward: 48.4196, success: 18, fail: 7
Episode: 960, Reward: 79.7969, success: 21, fail: 4
Episode: 961, Reward: 59.3657, success: 19, fail: 6
Episode: 962, Reward: 59.1797, success: 19, fail: 6
Episode: 963, Reward: 79.5540, success: 21, fail: 4
Episode: 964, Reward: 70.8588, success: 20, fail: 5
Episode: 965, Reward: 61.5692, success: 19, fail: 6
Episode: 966, Reward: 60.4778, success: 19, fail: 6
Episode: 967, Reward: 61.2055, success: 19, fail: 6
Episode: 968, Reward: 72.4650, success: 20, fail: 5
Episode: 969, Reward: 79.8225, success: 21, fail: 4
Episode: 970, Reward: 59.7848, success: 19, fail: 6
Episode: 971, Reward: 49.1523, success: 18, fail: 7
Episode: 972, Reward: 50.1445, success: 18, fail: 7
Episode: 973, Reward: 71.0221, success: 20, fail: 5
Episode: 974, Reward: 60.8984, success: 19, fail: 6
Episode: 975, Reward: 61.5130, success: 19, fail: 6
Episode: 976, Reward: 70.7285, success: 20, fail: 5
Episode: 977, Reward: 70.6712, success: 20, fail: 5
Episode: 978, Reward: 40.5840, success: 17, fail: 8
Episode: 979, Reward: 61.0174, success: 19, fail: 6
Episode: 980, Reward: 39.4486, success: 17, fail: 8
Episode: 981, Reward: 61.0499, success: 19, fail: 6
Episode: 982, Reward: 49.6743, success: 18, fail: 7
Episode: 983, Reward: 69.8728, success: 20, fail: 5
Episode: 984, Reward: 60.7061, success: 19, fail: 6
Episode: 985, Reward: 69.3172, success: 20, fail: 5
Episode: 986, Reward: 69.2034, success: 20, fail: 5
Episode: 987, Reward: 71.0267, success: 20, fail: 5
Episode: 988, Reward: 59.6741, success: 19, fail: 6
Episode: 989, Reward: 60.6780, success: 19, fail: 6
Episode: 990, Reward: 59.2268, success: 19, fail: 6
Episode: 991, Reward: 51.0951, success: 18, fail: 7
Episode: 992, Reward: 51.3345, success: 18, fail: 7
Episode: 993, Reward: 90.6305, success: 22, fail: 3
Episode: 994, Reward: 59.8311, success: 19, fail: 6
Episode: 995, Reward: 80.7293, success: 21, fail: 4
Episode: 996, Reward: 60.2094, success: 19, fail: 6
Episode: 997, Reward: 60.9008, success: 19, fail: 6
Episode: 998, Reward: 70.4831, success: 20, fail: 5
Episode: 999, Reward: 61.1108, success: 19, fail: 6
Episode: 1000, Reward: 40.6722, success: 17, fail: 8
Episode: 1001, Reward: 61.2128, success: 19, fail: 6
Episode: 1002, Reward: 51.1744, success: 18, fail: 7
Episode: 1003, Reward: 50.8339, success: 18, fail: 7
Episode: 1004, Reward: 81.5098, success: 21, fail: 4
Episode: 1005, Reward: 40.2075, success: 17, fail: 8
Episode: 1006, Reward: 40.4884, success: 17, fail: 8
Episode: 1007, Reward: 50.9141, success: 18, fail: 7
Episode: 1008, Reward: 60.5484, success: 19, fail: 6
Episode: 1009, Reward: 49.8571, success: 18, fail: 7
Episode: 1010, Reward: 51.0043, success: 18, fail: 7
Episode: 1011, Reward: 71.2950, success: 20, fail: 5
Episode: 1012, Reward: 50.9370, success: 18, fail: 7
Episode: 1013, Reward: 80.6828, success: 21, fail: 4
Episode: 1014, Reward: 50.9746, success: 18, fail: 7
Episode: 1015, Reward: 70.1103, success: 20, fail: 5
Episode: 1016, Reward: 81.3103, success: 21, fail: 4
Episode: 1017, Reward: 49.3768, success: 18, fail: 7
Episode: 1018, Reward: 60.3630, success: 19, fail: 6
Episode: 1019, Reward: 70.9438, success: 20, fail: 5
Episode: 1020, Reward: 60.4555, success: 19, fail: 6
Episode: 1021, Reward: 61.1612, success: 19, fail: 6
Episode: 1022, Reward: 70.2357, success: 20, fail: 5
Episode: 1023, Reward: 61.1121, success: 19, fail: 6
Episode: 1024, Reward: 50.5105, success: 18, fail: 7
Episode: 1025, Reward: 49.6962, success: 18, fail: 7
Episode: 1026, Reward: 52.4234, success: 18, fail: 7
Episode: 1027, Reward: 59.5875, success: 19, fail: 6
Episode: 1028, Reward: 29.7440, success: 16, fail: 9
Episode: 1029, Reward: 40.2368, success: 17, fail: 8
Episode: 1030, Reward: 61.5646, success: 19, fail: 6
Episode: 1031, Reward: 48.6464, success: 18, fail: 7
Episode: 1032, Reward: 58.4017, success: 19, fail: 6
Episode: 1033, Reward: 61.2957, success: 19, fail: 6
Episode: 1034, Reward: 49.8537, success: 18, fail: 7
Episode: 1035, Reward: 50.5536, success: 18, fail: 7
Episode: 1036, Reward: 80.8663, success: 21, fail: 4
Episode: 1037, Reward: 60.3743, success: 19, fail: 6
Episode: 1038, Reward: 49.7886, success: 18, fail: 7
Episode: 1039, Reward: 49.8986, success: 18, fail: 7
Episode: 1040, Reward: 70.6848, success: 20, fail: 5
Episode: 1041, Reward: 70.0360, success: 20, fail: 5
Episode: 1042, Reward: 58.5332, success: 19, fail: 6
Episode: 1043, Reward: 40.4998, success: 17, fail: 8
Episode: 1044, Reward: 59.4296, success: 19, fail: 6
Episode: 1045, Reward: 49.7167, success: 18, fail: 7
Episode: 1046, Reward: 60.5507, success: 19, fail: 6
Episode: 1047, Reward: 48.1299, success: 18, fail: 7
Episode: 1048, Reward: 61.0062, success: 19, fail: 6
Episode: 1049, Reward: 60.4362, success: 19, fail: 6
Episode: 1050, Reward: 58.7485, success: 19, fail: 6
Episode: 1051, Reward: 52.1370, success: 18, fail: 7
Episode: 1052, Reward: 59.5962, success: 19, fail: 6
Episode: 1053, Reward: 82.5759, success: 21, fail: 4
Episode: 1054, Reward: 70.2003, success: 20, fail: 5
Episode: 1055, Reward: 61.7388, success: 19, fail: 6
Episode: 1056, Reward: 61.4574, success: 19, fail: 6
Episode: 1057, Reward: 50.7856, success: 18, fail: 7
Episode: 1058, Reward: 51.2929, success: 18, fail: 7
Episode: 1059, Reward: 60.5407, success: 19, fail: 6
Episode: 1060, Reward: 49.4916, success: 18, fail: 7
Episode: 1061, Reward: 49.0853, success: 18, fail: 7
Episode: 1062, Reward: 49.3739, success: 18, fail: 7
Episode: 1063, Reward: 41.2196, success: 17, fail: 8
Episode: 1064, Reward: 40.6207, success: 17, fail: 8
Episode: 1065, Reward: 70.1934, success: 20, fail: 5
Episode: 1066, Reward: 59.5110, success: 19, fail: 6
Episode: 1067, Reward: 51.4947, success: 18, fail: 7
Episode: 1068, Reward: 50.0373, success: 18, fail: 7
Episode: 1069, Reward: 41.1040, success: 17, fail: 8
Episode: 1070, Reward: 50.5760, success: 18, fail: 7
Episode: 1071, Reward: 40.6140, success: 17, fail: 8
Episode: 1072, Reward: 51.1504, success: 18, fail: 7
Episode: 1073, Reward: 49.8987, success: 18, fail: 7
Episode: 1074, Reward: 59.8639, success: 19, fail: 6
Episode: 1075, Reward: 40.5429, success: 17, fail: 8
Episode: 1076, Reward: 79.5931, success: 21, fail: 4
Episode: 1077, Reward: 59.7153, success: 19, fail: 6
Episode: 1078, Reward: 50.7983, success: 18, fail: 7
Episode: 1079, Reward: 70.9061, success: 20, fail: 5
Episode: 1080, Reward: 80.4917, success: 21, fail: 4
Episode: 1081, Reward: 60.3115, success: 19, fail: 6
Episode: 1082, Reward: 30.9024, success: 16, fail: 9
Episode: 1083, Reward: 60.1001, success: 19, fail: 6
Episode: 1084, Reward: 59.8570, success: 19, fail: 6
Episode: 1085, Reward: 50.3385, success: 18, fail: 7
Episode: 1086, Reward: 59.2180, success: 19, fail: 6
Episode: 1087, Reward: 61.7289, success: 19, fail: 6
Episode: 1088, Reward: 59.7544, success: 19, fail: 6
Episode: 1089, Reward: 51.7077, success: 18, fail: 7
Episode: 1090, Reward: 61.7472, success: 19, fail: 6
Episode: 1091, Reward: 59.6921, success: 19, fail: 6
Episode: 1092, Reward: 49.9058, success: 18, fail: 7
Episode: 1093, Reward: 59.6329, success: 19, fail: 6
Episode: 1094, Reward: 49.4369, success: 18, fail: 7
Episode: 1095, Reward: 60.8513, success: 19, fail: 6
Episode: 1096, Reward: 50.1659, success: 18, fail: 7
Episode: 1097, Reward: 69.8971, success: 20, fail: 5
Episode: 1098, Reward: 60.1906, success: 19, fail: 6
Episode: 1099, Reward: 51.3596, success: 18, fail: 7
Episode: 1100, Reward: 39.9455, success: 17, fail: 8
Episode: 1101, Reward: 51.3407, success: 18, fail: 7
Episode: 1102, Reward: 69.5108, success: 20, fail: 5
Episode: 1103, Reward: 79.8316, success: 21, fail: 4
Episode: 1104, Reward: 70.7822, success: 20, fail: 5
Episode: 1105, Reward: 50.9473, success: 18, fail: 7
Episode: 1106, Reward: 39.7779, success: 17, fail: 8
Episode: 1107, Reward: 60.9255, success: 19, fail: 6
Episode: 1108, Reward: 49.9910, success: 18, fail: 7
Episode: 1109, Reward: 51.1050, success: 18, fail: 7
Episode: 1110, Reward: 70.9567, success: 20, fail: 5
Episode: 1111, Reward: 60.6795, success: 19, fail: 6
Episode: 1112, Reward: 60.0373, success: 19, fail: 6
Episode: 1113, Reward: 50.5800, success: 18, fail: 7
Episode: 1114, Reward: 49.0483, success: 18, fail: 7
Episode: 1115, Reward: 89.0992, success: 22, fail: 3
Episode: 1116, Reward: 70.9706, success: 20, fail: 5
Episode: 1117, Reward: 51.1659, success: 18, fail: 7
Episode: 1118, Reward: 60.3571, success: 19, fail: 6
Episode: 1119, Reward: 50.8167, success: 18, fail: 7
Episode: 1120, Reward: 51.7799, success: 18, fail: 7
Episode: 1121, Reward: 41.1251, success: 17, fail: 8
Episode: 1122, Reward: 90.8325, success: 22, fail: 3
Episode: 1123, Reward: 50.0358, success: 18, fail: 7
Episode: 1124, Reward: 80.7620, success: 21, fail: 4
Episode: 1125, Reward: 91.3638, success: 22, fail: 3
Episode: 1126, Reward: 69.0838, success: 20, fail: 5
Episode: 1127, Reward: 50.6037, success: 18, fail: 7
Episode: 1128, Reward: 70.9846, success: 20, fail: 5
Episode: 1129, Reward: 60.5519, success: 19, fail: 6
Episode: 1130, Reward: 60.8108, success: 19, fail: 6
Episode: 1131, Reward: 41.3417, success: 17, fail: 8
Episode: 1132, Reward: 60.5988, success: 19, fail: 6
Episode: 1133, Reward: 70.9414, success: 20, fail: 5
Episode: 1134, Reward: 90.8841, success: 22, fail: 3
Episode: 1135, Reward: 50.9443, success: 18, fail: 7
Episode: 1136, Reward: 81.5343, success: 21, fail: 4
Episode: 1137, Reward: 70.8078, success: 20, fail: 5
Episode: 1138, Reward: 71.4134, success: 20, fail: 5
Episode: 1139, Reward: 92.0295, success: 22, fail: 3
Episode: 1140, Reward: 61.0066, success: 19, fail: 6
Episode: 1141, Reward: 50.9353, success: 18, fail: 7
Episode: 1142, Reward: 63.2656, success: 19, fail: 6
Episode: 1143, Reward: 60.6862, success: 19, fail: 6
Episode: 1144, Reward: 81.1790, success: 21, fail: 4
Episode: 1145, Reward: 71.6567, success: 20, fail: 5
Episode: 1146, Reward: 52.0688, success: 18, fail: 7
Episode: 1147, Reward: 70.0217, success: 20, fail: 5
Episode: 1148, Reward: 61.2455, success: 19, fail: 6
Episode: 1149, Reward: 60.3377, success: 19, fail: 6
Episode: 1150, Reward: 60.9172, success: 19, fail: 6
Episode: 1151, Reward: 80.7828, success: 21, fail: 4
Episode: 1152, Reward: 62.1097, success: 19, fail: 6
Episode: 1153, Reward: 51.4190, success: 18, fail: 7
Episode: 1154, Reward: 69.8440, success: 20, fail: 5
Episode: 1155, Reward: 61.2530, success: 19, fail: 6
Episode: 1156, Reward: 50.1976, success: 18, fail: 7
Episode: 1157, Reward: 70.4994, success: 20, fail: 5
Episode: 1158, Reward: 50.6242, success: 18, fail: 7
Episode: 1159, Reward: 49.8445, success: 18, fail: 7
Episode: 1160, Reward: 61.7882, success: 19, fail: 6
Episode: 1161, Reward: 60.6066, success: 19, fail: 6
Episode: 1162, Reward: 50.2407, success: 18, fail: 7
Episode: 1163, Reward: 70.9379, success: 20, fail: 5
Episode: 1164, Reward: 61.0752, success: 19, fail: 6
Episode: 1165, Reward: 71.4312, success: 20, fail: 5
Episode: 1166, Reward: 71.8640, success: 20, fail: 5
Episode: 1167, Reward: 61.2837, success: 19, fail: 6
Episode: 1168, Reward: 60.7371, success: 19, fail: 6
Episode: 1169, Reward: 61.6621, success: 19, fail: 6
Episode: 1170, Reward: 51.8321, success: 18, fail: 7
Episode: 1171, Reward: 61.3669, success: 19, fail: 6
Episode: 1172, Reward: 72.0619, success: 20, fail: 5
Episode: 1173, Reward: 52.3829, success: 18, fail: 7
Episode: 1174, Reward: 51.0063, success: 18, fail: 7
Episode: 1175, Reward: 50.2899, success: 18, fail: 7
Episode: 1176, Reward: 69.6291, success: 20, fail: 5
Episode: 1177, Reward: 82.4148, success: 21, fail: 4
Episode: 1178, Reward: 59.9286, success: 19, fail: 6
Episode: 1179, Reward: 70.3612, success: 20, fail: 5
Episode: 1180, Reward: 92.8149, success: 22, fail: 3
Episode: 1181, Reward: 60.4037, success: 19, fail: 6
Episode: 1182, Reward: 79.4098, success: 21, fail: 4
Episode: 1183, Reward: 71.1840, success: 20, fail: 5
Episode: 1184, Reward: 50.5189, success: 18, fail: 7
Episode: 1185, Reward: 60.1022, success: 19, fail: 6
Episode: 1186, Reward: 51.2144, success: 18, fail: 7
Episode: 1187, Reward: 61.7264, success: 19, fail: 6
Episode: 1188, Reward: 72.1282, success: 20, fail: 5
Episode: 1189, Reward: 61.3851, success: 19, fail: 6
Episode: 1190, Reward: 50.7731, success: 18, fail: 7
Episode: 1191, Reward: 61.2996, success: 19, fail: 6
Episode: 1192, Reward: 51.2993, success: 18, fail: 7
Episode: 1193, Reward: 51.3120, success: 18, fail: 7
Episode: 1194, Reward: 62.4481, success: 19, fail: 6
Episode: 1195, Reward: 70.2918, success: 20, fail: 5
Episode: 1196, Reward: 71.9956, success: 20, fail: 5
Episode: 1197, Reward: 59.7276, success: 19, fail: 6
Episode: 1198, Reward: 21.4661, success: 15, fail: 10
Episode: 1199, Reward: 31.3604, success: 16, fail: 9
Episode: 1200, Reward: 61.1701, success: 19, fail: 6
Episode: 1201, Reward: 81.5963, success: 21, fail: 4
Episode: 1202, Reward: 91.7771, success: 22, fail: 3
Episode: 1203, Reward: 61.5180, success: 19, fail: 6
Episode: 1204, Reward: 70.9856, success: 20, fail: 5
Episode: 1205, Reward: 70.4437, success: 20, fail: 5
Episode: 1206, Reward: 39.5160, success: 17, fail: 8
Episode: 1207, Reward: 80.7222, success: 21, fail: 4
Episode: 1208, Reward: 59.4028, success: 19, fail: 6
Episode: 1209, Reward: 60.9883, success: 19, fail: 6
Episode: 1210, Reward: 71.4834, success: 20, fail: 5
Episode: 1211, Reward: 80.2852, success: 21, fail: 4
Episode: 1212, Reward: 71.8758, success: 20, fail: 5
Episode: 1213, Reward: 50.5777, success: 18, fail: 7
Episode: 1214, Reward: 60.8390, success: 19, fail: 6
Episode: 1215, Reward: 50.7878, success: 18, fail: 7
Episode: 1216, Reward: 61.1706, success: 19, fail: 6
Episode: 1217, Reward: 71.2274, success: 20, fail: 5
Episode: 1218, Reward: 80.1499, success: 21, fail: 4
Episode: 1219, Reward: 70.0277, success: 20, fail: 5
Episode: 1220, Reward: 81.0532, success: 21, fail: 4
Episode: 1221, Reward: 61.9427, success: 19, fail: 6
Episode: 1222, Reward: 71.3642, success: 20, fail: 5
Episode: 1223, Reward: 70.4684, success: 20, fail: 5
Episode: 1224, Reward: 60.0469, success: 19, fail: 6
Episode: 1225, Reward: 71.3540, success: 20, fail: 5
Episode: 1226, Reward: 60.3718, success: 19, fail: 6
Episode: 1227, Reward: 71.3007, success: 20, fail: 5
Episode: 1228, Reward: 61.5648, success: 19, fail: 6
Episode: 1229, Reward: 49.9456, success: 18, fail: 7
Episode: 1230, Reward: 82.2788, success: 21, fail: 4
Episode: 1231, Reward: 50.6647, success: 18, fail: 7
Episode: 1232, Reward: 60.9326, success: 19, fail: 6
Episode: 1233, Reward: 70.5627, success: 20, fail: 5
Episode: 1234, Reward: 59.9527, success: 19, fail: 6
Episode: 1235, Reward: 50.5992, success: 18, fail: 7
Episode: 1236, Reward: 79.2015, success: 21, fail: 4
Episode: 1237, Reward: 60.2246, success: 19, fail: 6
Episode: 1238, Reward: 72.0220, success: 20, fail: 5
Episode: 1239, Reward: 60.5198, success: 19, fail: 6
Episode: 1240, Reward: 62.1423, success: 19, fail: 6
Episode: 1241, Reward: 60.4161, success: 19, fail: 6
Episode: 1242, Reward: 69.5870, success: 20, fail: 5
Episode: 1243, Reward: 61.0841, success: 19, fail: 6
Episode: 1244, Reward: 60.7579, success: 19, fail: 6
Episode: 1245, Reward: 80.3761, success: 21, fail: 4
Episode: 1246, Reward: 70.5464, success: 20, fail: 5
Episode: 1247, Reward: 80.8036, success: 21, fail: 4
Episode: 1248, Reward: 49.6648, success: 18, fail: 7
Episode: 1249, Reward: 60.0845, success: 19, fail: 6
Episode: 1250, Reward: 81.0691, success: 21, fail: 4
Episode: 1251, Reward: 69.3144, success: 20, fail: 5
Episode: 1252, Reward: 81.2451, success: 21, fail: 4
Episode: 1253, Reward: 72.6558, success: 20, fail: 5
Episode: 1254, Reward: 30.6281, success: 16, fail: 9
Episode: 1255, Reward: 41.1549, success: 17, fail: 8
Episode: 1256, Reward: 71.7344, success: 20, fail: 5
Episode: 1257, Reward: 51.3294, success: 18, fail: 7
Episode: 1258, Reward: 50.1162, success: 18, fail: 7
Episode: 1259, Reward: 61.2161, success: 19, fail: 6
Episode: 1260, Reward: 60.9873, success: 19, fail: 6
Episode: 1261, Reward: 62.6252, success: 19, fail: 6
Episode: 1262, Reward: 71.2467, success: 20, fail: 5
Episode: 1263, Reward: 70.8484, success: 20, fail: 5
Episode: 1264, Reward: 51.0921, success: 18, fail: 7
Episode: 1265, Reward: 70.2105, success: 20, fail: 5
Episode: 1266, Reward: 59.2493, success: 19, fail: 6
Episode: 1267, Reward: 81.4719, success: 21, fail: 4
Episode: 1268, Reward: 51.4482, success: 18, fail: 7
Episode: 1269, Reward: 60.9524, success: 19, fail: 6
Episode: 1270, Reward: 81.1667, success: 21, fail: 4
Episode: 1271, Reward: 50.6113, success: 18, fail: 7
Episode: 1272, Reward: 71.3637, success: 20, fail: 5
Episode: 1273, Reward: 60.3157, success: 19, fail: 6
Episode: 1274, Reward: 50.5054, success: 18, fail: 7
Episode: 1275, Reward: 70.1381, success: 20, fail: 5
Episode: 1276, Reward: 71.0256, success: 20, fail: 5
Episode: 1277, Reward: 49.1769, success: 18, fail: 7
Episode: 1278, Reward: 89.2302, success: 22, fail: 3
Episode: 1279, Reward: 60.5103, success: 19, fail: 6
Episode: 1280, Reward: 60.8812, success: 19, fail: 6
Episode: 1281, Reward: 80.5525, success: 21, fail: 4
Episode: 1282, Reward: 80.4132, success: 21, fail: 4
Episode: 1283, Reward: 60.4964, success: 19, fail: 6
Episode: 1284, Reward: 51.1745, success: 18, fail: 7
Episode: 1285, Reward: 71.4118, success: 20, fail: 5
Episode: 1286, Reward: 80.5933, success: 21, fail: 4
Episode: 1287, Reward: 59.9788, success: 19, fail: 6
Episode: 1288, Reward: 71.1701, success: 20, fail: 5
Episode: 1289, Reward: 41.7546, success: 17, fail: 8
Episode: 1290, Reward: 79.0038, success: 21, fail: 4
Episode: 1291, Reward: 79.9458, success: 21, fail: 4
Episode: 1292, Reward: 59.7613, success: 19, fail: 6
Episode: 1293, Reward: 80.9228, success: 21, fail: 4
Episode: 1294, Reward: 70.9555, success: 20, fail: 5
Episode: 1295, Reward: 60.5368, success: 19, fail: 6
Episode: 1296, Reward: 79.9335, success: 21, fail: 4
Episode: 1297, Reward: 81.5239, success: 21, fail: 4
Episode: 1298, Reward: 71.4033, success: 20, fail: 5
Episode: 1299, Reward: 70.3514, success: 20, fail: 5
Episode: 1300, Reward: 61.4088, success: 19, fail: 6
Episode: 1301, Reward: 68.7187, success: 20, fail: 5
Episode: 1302, Reward: 71.5640, success: 20, fail: 5
Episode: 1303, Reward: 49.4056, success: 18, fail: 7
Episode: 1304, Reward: 61.6752, success: 19, fail: 6
Episode: 1305, Reward: 69.8483, success: 20, fail: 5
Episode: 1306, Reward: 61.3083, success: 19, fail: 6
Episode: 1307, Reward: 61.2330, success: 19, fail: 6
Episode: 1308, Reward: 60.1299, success: 19, fail: 6
Episode: 1309, Reward: 60.4277, success: 19, fail: 6
Episode: 1310, Reward: 71.5731, success: 20, fail: 5
Episode: 1311, Reward: 61.5663, success: 19, fail: 6
Episode: 1312, Reward: 70.5624, success: 20, fail: 5
Episode: 1313, Reward: 81.8065, success: 21, fail: 4
Episode: 1314, Reward: 60.0628, success: 19, fail: 6
Episode: 1315, Reward: 40.2323, success: 17, fail: 8
Episode: 1316, Reward: 58.9438, success: 19, fail: 6
Episode: 1317, Reward: 60.4066, success: 19, fail: 6
Episode: 1318, Reward: 49.9852, success: 18, fail: 7
Episode: 1319, Reward: 69.9504, success: 20, fail: 5
Episode: 1320, Reward: 70.8171, success: 20, fail: 5
Episode: 1321, Reward: 70.9438, success: 20, fail: 5
Episode: 1322, Reward: 61.3932, success: 19, fail: 6
Episode: 1323, Reward: 80.6475, success: 21, fail: 4
Episode: 1324, Reward: 70.4326, success: 20, fail: 5
Episode: 1325, Reward: 71.0913, success: 20, fail: 5
Episode: 1326, Reward: 50.3768, success: 18, fail: 7
Episode: 1327, Reward: 70.7444, success: 20, fail: 5
Episode: 1328, Reward: 71.2675, success: 20, fail: 5
Episode: 1329, Reward: 60.9396, success: 19, fail: 6
Episode: 1330, Reward: 59.8111, success: 19, fail: 6
Episode: 1331, Reward: 30.5477, success: 16, fail: 9
Episode: 1332, Reward: 51.5052, success: 18, fail: 7
Episode: 1333, Reward: 59.0890, success: 19, fail: 6
Episode: 1334, Reward: 60.4813, success: 19, fail: 6
Episode: 1335, Reward: 60.6740, success: 19, fail: 6
Episode: 1336, Reward: 50.1859, success: 18, fail: 7
Episode: 1337, Reward: 80.3944, success: 21, fail: 4
Episode: 1338, Reward: 50.1428, success: 18, fail: 7
Episode: 1339, Reward: 89.7507, success: 22, fail: 3
Episode: 1340, Reward: 69.4392, success: 20, fail: 5
Episode: 1341, Reward: 82.0311, success: 21, fail: 4
Episode: 1342, Reward: 72.3676, success: 20, fail: 5
Episode: 1343, Reward: 61.2358, success: 19, fail: 6
Episode: 1344, Reward: 70.2846, success: 20, fail: 5
Episode: 1345, Reward: 81.4336, success: 21, fail: 4
Episode: 1346, Reward: 60.5467, success: 19, fail: 6
Episode: 1347, Reward: 70.9404, success: 20, fail: 5
Episode: 1348, Reward: 50.7999, success: 18, fail: 7
Episode: 1349, Reward: 70.3740, success: 20, fail: 5
Episode: 1350, Reward: 61.2366, success: 19, fail: 6
Episode: 1351, Reward: 71.4044, success: 20, fail: 5
Episode: 1352, Reward: 70.8654, success: 20, fail: 5
Episode: 1353, Reward: 70.7490, success: 20, fail: 5
Episode: 1354, Reward: 71.0558, success: 20, fail: 5
Episode: 1355, Reward: 70.8247, success: 20, fail: 5
Episode: 1356, Reward: 60.0268, success: 19, fail: 6
Episode: 1357, Reward: 70.4291, success: 20, fail: 5
Episode: 1358, Reward: 70.4846, success: 20, fail: 5
Episode: 1359, Reward: 71.2708, success: 20, fail: 5
Episode: 1360, Reward: 60.2125, success: 19, fail: 6
Episode: 1361, Reward: 69.8501, success: 20, fail: 5
Episode: 1362, Reward: 69.5149, success: 20, fail: 5
Episode: 1363, Reward: 68.9212, success: 20, fail: 5
Episode: 1364, Reward: 60.7719, success: 19, fail: 6
Episode: 1365, Reward: 61.4126, success: 19, fail: 6
Episode: 1366, Reward: 81.8473, success: 21, fail: 4
Episode: 1367, Reward: 60.0520, success: 19, fail: 6
Episode: 1368, Reward: 61.4333, success: 19, fail: 6
Episode: 1369, Reward: 60.3827, success: 19, fail: 6
Episode: 1370, Reward: 61.2985, success: 19, fail: 6
Episode: 1371, Reward: 61.2048, success: 19, fail: 6
Episode: 1372, Reward: 60.2097, success: 19, fail: 6
Episode: 1373, Reward: 40.5627, success: 17, fail: 8
Episode: 1374, Reward: 70.8452, success: 20, fail: 5
Episode: 1375, Reward: 59.1827, success: 19, fail: 6
Episode: 1376, Reward: 71.5808, success: 20, fail: 5
Episode: 1377, Reward: 69.8620, success: 20, fail: 5
Episode: 1378, Reward: 50.7526, success: 18, fail: 7
Episode: 1379, Reward: 81.1535, success: 21, fail: 4
Episode: 1380, Reward: 81.0367, success: 21, fail: 4
Episode: 1381, Reward: 61.5187, success: 19, fail: 6
Episode: 1382, Reward: 70.3371, success: 20, fail: 5
Episode: 1383, Reward: 60.9186, success: 19, fail: 6
Episode: 1384, Reward: 51.0542, success: 18, fail: 7
Episode: 1385, Reward: 40.4121, success: 17, fail: 8
Episode: 1386, Reward: 72.3312, success: 20, fail: 5
Episode: 1387, Reward: 60.6463, success: 19, fail: 6
Episode: 1388, Reward: 59.9617, success: 19, fail: 6
Episode: 1389, Reward: 60.3374, success: 19, fail: 6
Episode: 1390, Reward: 50.8802, success: 18, fail: 7
Episode: 1391, Reward: 51.4275, success: 18, fail: 7
Episode: 1392, Reward: 62.3809, success: 19, fail: 6
Episode: 1393, Reward: 70.4781, success: 20, fail: 5
Episode: 1394, Reward: 60.9342, success: 19, fail: 6
Episode: 1395, Reward: 61.2080, success: 19, fail: 6
Episode: 1396, Reward: 51.1575, success: 18, fail: 7
Episode: 1397, Reward: 50.9065, success: 18, fail: 7
Episode: 1398, Reward: 50.5907, success: 18, fail: 7
Episode: 1399, Reward: 81.4296, success: 21, fail: 4
Episode: 1400, Reward: 50.9372, success: 18, fail: 7
Episode: 1401, Reward: 62.0137, success: 19, fail: 6
Episode: 1402, Reward: 60.7559, success: 19, fail: 6
Episode: 1403, Reward: 52.4365, success: 18, fail: 7
Episode: 1404, Reward: 61.5870, success: 19, fail: 6
Episode: 1405, Reward: 59.3964, success: 19, fail: 6
Episode: 1406, Reward: 61.1078, success: 19, fail: 6
Episode: 1407, Reward: 61.3328, success: 19, fail: 6
Episode: 1408, Reward: 59.4002, success: 19, fail: 6
Episode: 1409, Reward: 60.3397, success: 19, fail: 6
Episode: 1410, Reward: 63.1849, success: 19, fail: 6
Episode: 1411, Reward: 51.2800, success: 18, fail: 7
Episode: 1412, Reward: 50.5173, success: 18, fail: 7
Episode: 1413, Reward: 61.9898, success: 19, fail: 6
Episode: 1414, Reward: 52.1507, success: 18, fail: 7
Episode: 1415, Reward: 50.7881, success: 18, fail: 7
Episode: 1416, Reward: 60.1066, success: 19, fail: 6
Episode: 1417, Reward: 50.6908, success: 18, fail: 7
Episode: 1418, Reward: 41.1928, success: 17, fail: 8
Episode: 1419, Reward: 50.9027, success: 18, fail: 7
Episode: 1420, Reward: 72.9437, success: 20, fail: 5
Episode: 1421, Reward: 71.7179, success: 20, fail: 5
Episode: 1422, Reward: 40.3577, success: 17, fail: 8
Episode: 1423, Reward: 70.5695, success: 20, fail: 5
Episode: 1424, Reward: 60.2487, success: 19, fail: 6
Episode: 1425, Reward: 80.7080, success: 21, fail: 4
Episode: 1426, Reward: 61.2648, success: 19, fail: 6
Episode: 1427, Reward: 61.6881, success: 19, fail: 6
Episode: 1428, Reward: 40.7914, success: 17, fail: 8
Episode: 1429, Reward: 51.7261, success: 18, fail: 7
Episode: 1430, Reward: 81.2333, success: 21, fail: 4
Episode: 1431, Reward: 81.9652, success: 21, fail: 4
Episode: 1432, Reward: 61.5376, success: 19, fail: 6
Episode: 1433, Reward: 40.7521, success: 17, fail: 8
Episode: 1434, Reward: 72.7642, success: 20, fail: 5
Episode: 1435, Reward: 62.3284, success: 19, fail: 6
Episode: 1436, Reward: 50.3976, success: 18, fail: 7
Episode: 1437, Reward: 72.3166, success: 20, fail: 5
Episode: 1438, Reward: 62.5426, success: 19, fail: 6
Episode: 1439, Reward: 50.2942, success: 18, fail: 7
Episode: 1440, Reward: 60.8109, success: 19, fail: 6
Episode: 1441, Reward: 60.9360, success: 19, fail: 6
Episode: 1442, Reward: 72.4972, success: 20, fail: 5
Episode: 1443, Reward: 72.7613, success: 20, fail: 5
Episode: 1444, Reward: 62.3443, success: 19, fail: 6
Episode: 1445, Reward: 62.6586, success: 19, fail: 6
Episode: 1446, Reward: 52.4322, success: 18, fail: 7
Episode: 1447, Reward: 70.9544, success: 20, fail: 5
Episode: 1448, Reward: 40.9807, success: 17, fail: 8
Episode: 1449, Reward: 51.7753, success: 18, fail: 7
Episode: 1450, Reward: 72.9881, success: 20, fail: 5
Episode: 1451, Reward: 61.0402, success: 19, fail: 6
Episode: 1452, Reward: 63.6332, success: 19, fail: 6
Episode: 1453, Reward: 61.5485, success: 19, fail: 6
Episode: 1454, Reward: 61.9266, success: 19, fail: 6
Episode: 1455, Reward: 50.8756, success: 18, fail: 7
Episode: 1456, Reward: 62.6242, success: 19, fail: 6
Episode: 1457, Reward: 51.5150, success: 18, fail: 7
Episode: 1458, Reward: 42.6825, success: 17, fail: 8
Episode: 1459, Reward: 42.3715, success: 17, fail: 8
Episode: 1460, Reward: 62.2543, success: 19, fail: 6
Episode: 1461, Reward: 72.3498, success: 20, fail: 5
Episode: 1462, Reward: 53.5314, success: 18, fail: 7
Episode: 1463, Reward: 52.1457, success: 18, fail: 7
Episode: 1464, Reward: 52.5726, success: 18, fail: 7
Episode: 1465, Reward: 51.5762, success: 18, fail: 7
Episode: 1466, Reward: 62.6361, success: 19, fail: 6
Episode: 1467, Reward: 71.3884, success: 20, fail: 5
Episode: 1468, Reward: 52.4381, success: 18, fail: 7
Episode: 1469, Reward: 52.1185, success: 18, fail: 7
Episode: 1470, Reward: 42.4233, success: 17, fail: 8
Episode: 1471, Reward: 53.5145, success: 18, fail: 7
Episode: 1472, Reward: 62.9044, success: 19, fail: 6
Episode: 1473, Reward: 63.2837, success: 19, fail: 6
Episode: 1474, Reward: 72.3496, success: 20, fail: 5
Episode: 1475, Reward: 82.0094, success: 21, fail: 4
Episode: 1476, Reward: 53.1064, success: 18, fail: 7
Episode: 1477, Reward: 42.6973, success: 17, fail: 8
Episode: 1478, Reward: 42.8299, success: 17, fail: 8
Episode: 1479, Reward: 52.0173, success: 18, fail: 7
Episode: 1480, Reward: 62.3582, success: 19, fail: 6
Episode: 1481, Reward: 52.2394, success: 18, fail: 7
Episode: 1482, Reward: 52.1492, success: 18, fail: 7
Episode: 1483, Reward: 52.0493, success: 18, fail: 7
Episode: 1484, Reward: 54.0860, success: 18, fail: 7
Episode: 1485, Reward: 41.9437, success: 17, fail: 8
Episode: 1486, Reward: 63.9138, success: 19, fail: 6
Episode: 1487, Reward: 52.5626, success: 18, fail: 7
Episode: 1488, Reward: 43.3492, success: 17, fail: 8
Episode: 1489, Reward: 63.5207, success: 19, fail: 6
Episode: 1490, Reward: 62.2647, success: 19, fail: 6
Episode: 1491, Reward: 73.4076, success: 20, fail: 5
Episode: 1492, Reward: 53.3335, success: 18, fail: 7
Episode: 1493, Reward: 52.7601, success: 18, fail: 7
Episode: 1494, Reward: 83.6487, success: 21, fail: 4
Episode: 1495, Reward: 53.3390, success: 18, fail: 7
Episode: 1496, Reward: 43.1396, success: 17, fail: 8
Episode: 1497, Reward: 63.8586, success: 19, fail: 6
Episode: 1498, Reward: 63.0730, success: 19, fail: 6
Episode: 1499, Reward: 63.5128, success: 19, fail: 6
Episode: 1500, Reward: 33.3048, success: 16, fail: 9
Episode: 1501, Reward: 64.3691, success: 19, fail: 6
Episode: 1502, Reward: 43.1343, success: 17, fail: 8
Episode: 1503, Reward: 53.6832, success: 18, fail: 7
Episode: 1504, Reward: 32.6423, success: 16, fail: 9
Episode: 1505, Reward: 63.6188, success: 19, fail: 6
Episode: 1506, Reward: 63.4173, success: 19, fail: 6
Episode: 1507, Reward: 53.8603, success: 18, fail: 7
Episode: 1508, Reward: 42.0463, success: 17, fail: 8
Episode: 1509, Reward: 53.1418, success: 18, fail: 7
Episode: 1510, Reward: 73.2673, success: 20, fail: 5
Episode: 1511, Reward: 43.2511, success: 17, fail: 8
Episode: 1512, Reward: 53.7111, success: 18, fail: 7
Episode: 1513, Reward: 43.5388, success: 17, fail: 8
Episode: 1514, Reward: 22.7543, success: 15, fail: 10
Episode: 1515, Reward: 62.6319, success: 19, fail: 6
Episode: 1516, Reward: 43.3327, success: 17, fail: 8
Episode: 1517, Reward: 64.0628, success: 19, fail: 6
Episode: 1518, Reward: 51.5177, success: 18, fail: 7
Episode: 1519, Reward: 52.6222, success: 18, fail: 7
Episode: 1520, Reward: 52.6474, success: 18, fail: 7
Episode: 1521, Reward: 62.0768, success: 19, fail: 6
Episode: 1522, Reward: 83.8762, success: 21, fail: 4
Episode: 1523, Reward: 62.6509, success: 19, fail: 6
Episode: 1524, Reward: 42.1103, success: 17, fail: 8
Episode: 1525, Reward: 32.5742, success: 16, fail: 9
Episode: 1526, Reward: 42.8664, success: 17, fail: 8
Episode: 1527, Reward: 82.7511, success: 21, fail: 4
Episode: 1528, Reward: 71.2084, success: 20, fail: 5
Episode: 1529, Reward: 42.2453, success: 17, fail: 8
Episode: 1530, Reward: 62.2647, success: 19, fail: 6
Episode: 1531, Reward: 31.8565, success: 16, fail: 9
Episode: 1532, Reward: 63.5634, success: 19, fail: 6
Episode: 1533, Reward: 63.6422, success: 19, fail: 6
Episode: 1534, Reward: 63.2586, success: 19, fail: 6
Episode: 1535, Reward: 52.2375, success: 18, fail: 7
Episode: 1536, Reward: 53.0249, success: 18, fail: 7
Episode: 1537, Reward: 52.8953, success: 18, fail: 7
Episode: 1538, Reward: 52.8376, success: 18, fail: 7
Episode: 1539, Reward: 63.0478, success: 19, fail: 6
Episode: 1540, Reward: 53.2561, success: 18, fail: 7
Episode: 1541, Reward: 42.7237, success: 17, fail: 8
Episode: 1542, Reward: 63.2892, success: 19, fail: 6
Episode: 1543, Reward: 42.9751, success: 17, fail: 8
Episode: 1544, Reward: 51.4691, success: 18, fail: 7
Episode: 1545, Reward: 53.7697, success: 18, fail: 7
Episode: 1546, Reward: 43.6804, success: 17, fail: 8
Episode: 1547, Reward: 52.4221, success: 18, fail: 7
Episode: 1548, Reward: 52.9979, success: 18, fail: 7
Episode: 1549, Reward: 53.5325, success: 18, fail: 7
Episode: 1550, Reward: 62.8478, success: 19, fail: 6
Episode: 1551, Reward: 44.0255, success: 17, fail: 8
Episode: 1552, Reward: 72.5650, success: 20, fail: 5
Episode: 1553, Reward: 60.6832, success: 19, fail: 6
Episode: 1554, Reward: 73.1516, success: 20, fail: 5
Episode: 1555, Reward: 62.8549, success: 19, fail: 6
Episode: 1556, Reward: 62.6391, success: 19, fail: 6
Episode: 1557, Reward: 63.1153, success: 19, fail: 6
Episode: 1558, Reward: 62.1759, success: 19, fail: 6
Episode: 1559, Reward: 81.1471, success: 21, fail: 4
Episode: 1560, Reward: 52.9538, success: 18, fail: 7
Episode: 1561, Reward: 63.0196, success: 19, fail: 6
Episode: 1562, Reward: 62.2927, success: 19, fail: 6
Episode: 1563, Reward: 41.6840, success: 17, fail: 8
Episode: 1564, Reward: 52.5804, success: 18, fail: 7
Episode: 1565, Reward: 41.8514, success: 17, fail: 8
Episode: 1566, Reward: 61.3666, success: 19, fail: 6
Episode: 1567, Reward: 53.4659, success: 18, fail: 7
Episode: 1568, Reward: 62.4142, success: 19, fail: 6
Episode: 1569, Reward: 51.5415, success: 18, fail: 7
Episode: 1570, Reward: 70.8035, success: 20, fail: 5
Episode: 1571, Reward: 62.0148, success: 19, fail: 6
Episode: 1572, Reward: 50.6359, success: 18, fail: 7
Episode: 1573, Reward: 51.8788, success: 18, fail: 7
Episode: 1574, Reward: 62.6791, success: 19, fail: 6
Episode: 1575, Reward: 52.7210, success: 18, fail: 7
Episode: 1576, Reward: 62.5500, success: 19, fail: 6
Episode: 1577, Reward: 72.4984, success: 20, fail: 5
Episode: 1578, Reward: 61.6466, success: 19, fail: 6
Episode: 1579, Reward: 62.0751, success: 19, fail: 6
Episode: 1580, Reward: 62.0281, success: 19, fail: 6
Episode: 1581, Reward: 63.5263, success: 19, fail: 6
Episode: 1582, Reward: 42.5431, success: 17, fail: 8
Episode: 1583, Reward: 51.8533, success: 18, fail: 7
Episode: 1584, Reward: 41.5541, success: 17, fail: 8
Episode: 1585, Reward: 52.5346, success: 18, fail: 7
Episode: 1586, Reward: 62.5163, success: 19, fail: 6
Episode: 1587, Reward: 51.9610, success: 18, fail: 7
Episode: 1588, Reward: 71.5867, success: 20, fail: 5
Episode: 1589, Reward: 62.6738, success: 19, fail: 6
Episode: 1590, Reward: 31.3415, success: 16, fail: 9
Episode: 1591, Reward: 51.5291, success: 18, fail: 7
Episode: 1592, Reward: 42.6725, success: 17, fail: 8
Episode: 1593, Reward: 72.8879, success: 20, fail: 5
Episode: 1594, Reward: 51.3732, success: 18, fail: 7
Episode: 1595, Reward: 52.7237, success: 18, fail: 7
Episode: 1596, Reward: 72.1468, success: 20, fail: 5
Episode: 1597, Reward: 52.1947, success: 18, fail: 7
Episode: 1598, Reward: 72.1185, success: 20, fail: 5
Episode: 1599, Reward: 42.6349, success: 17, fail: 8
Episode: 1600, Reward: 71.9183, success: 20, fail: 5
Episode: 1601, Reward: 60.3566, success: 19, fail: 6
Episode: 1602, Reward: 61.1204, success: 19, fail: 6
Episode: 1603, Reward: 61.5505, success: 19, fail: 6
Episode: 1604, Reward: 62.5577, success: 19, fail: 6
Episode: 1605, Reward: 71.8892, success: 20, fail: 5
Episode: 1606, Reward: 72.5383, success: 20, fail: 5
Episode: 1607, Reward: 42.0717, success: 17, fail: 8
Episode: 1608, Reward: 61.9415, success: 19, fail: 6
Episode: 1609, Reward: 61.4944, success: 19, fail: 6
Episode: 1610, Reward: 43.7345, success: 17, fail: 8
Episode: 1611, Reward: 63.0221, success: 19, fail: 6
Episode: 1612, Reward: 52.3779, success: 18, fail: 7
Episode: 1613, Reward: 61.0248, success: 19, fail: 6
Episode: 1614, Reward: 61.5813, success: 19, fail: 6
Episode: 1615, Reward: 61.9701, success: 19, fail: 6
Episode: 1616, Reward: 41.2399, success: 17, fail: 8
Episode: 1617, Reward: 60.6675, success: 19, fail: 6
Episode: 1618, Reward: 60.9426, success: 19, fail: 6
Episode: 1619, Reward: 70.9377, success: 20, fail: 5
Episode: 1620, Reward: 61.6459, success: 19, fail: 6
Episode: 1621, Reward: 52.0509, success: 18, fail: 7
Episode: 1622, Reward: 72.6552, success: 20, fail: 5
Episode: 1623, Reward: 62.4765, success: 19, fail: 6
Episode: 1624, Reward: 62.1288, success: 19, fail: 6
Episode: 1625, Reward: 82.7866, success: 21, fail: 4
Episode: 1626, Reward: 81.1674, success: 21, fail: 4
Episode: 1627, Reward: 41.8074, success: 17, fail: 8
Episode: 1628, Reward: 51.9766, success: 18, fail: 7
Episode: 1629, Reward: 42.2452, success: 17, fail: 8
Episode: 1630, Reward: 82.1924, success: 21, fail: 4
Episode: 1631, Reward: 70.5092, success: 20, fail: 5
Episode: 1632, Reward: 63.3972, success: 19, fail: 6
Episode: 1633, Reward: 42.4231, success: 17, fail: 8
Episode: 1634, Reward: 51.6281, success: 18, fail: 7
Episode: 1635, Reward: 62.0637, success: 19, fail: 6
Episode: 1636, Reward: 40.7698, success: 17, fail: 8
Episode: 1637, Reward: 51.9432, success: 18, fail: 7
Episode: 1638, Reward: 60.7532, success: 19, fail: 6
Episode: 1639, Reward: 21.7158, success: 15, fail: 10
Episode: 1640, Reward: 62.1267, success: 19, fail: 6
Episode: 1641, Reward: 62.3254, success: 19, fail: 6
Episode: 1642, Reward: 52.1171, success: 18, fail: 7
Episode: 1643, Reward: 71.7593, success: 20, fail: 5
Episode: 1644, Reward: 52.9664, success: 18, fail: 7
Episode: 1645, Reward: 51.6033, success: 18, fail: 7
Episode: 1646, Reward: 83.5122, success: 21, fail: 4
Episode: 1647, Reward: 51.7723, success: 18, fail: 7
Episode: 1648, Reward: 52.8484, success: 18, fail: 7
Episode: 1649, Reward: 52.1062, success: 18, fail: 7
Episode: 1650, Reward: 62.6720, success: 19, fail: 6
Episode: 1651, Reward: 51.7280, success: 18, fail: 7
Episode: 1652, Reward: 41.9639, success: 17, fail: 8
Episode: 1653, Reward: 73.4110, success: 20, fail: 5
Episode: 1654, Reward: 62.9566, success: 19, fail: 6
Episode: 1655, Reward: 61.9105, success: 19, fail: 6
Episode: 1656, Reward: 62.2376, success: 19, fail: 6
Episode: 1657, Reward: 72.4082, success: 20, fail: 5
Episode: 1658, Reward: 62.3364, success: 19, fail: 6
Episode: 1659, Reward: 52.8080, success: 18, fail: 7
Episode: 1660, Reward: 72.0125, success: 20, fail: 5
Episode: 1661, Reward: 60.9965, success: 19, fail: 6
Episode: 1662, Reward: 52.0727, success: 18, fail: 7
Episode: 1663, Reward: 62.7606, success: 19, fail: 6
Episode: 1664, Reward: 62.0994, success: 19, fail: 6
Episode: 1665, Reward: 41.9383, success: 17, fail: 8
Episode: 1666, Reward: 52.3207, success: 18, fail: 7
Episode: 1667, Reward: 53.3190, success: 18, fail: 7
Episode: 1668, Reward: 62.5035, success: 19, fail: 6
Episode: 1669, Reward: 52.9529, success: 18, fail: 7
Episode: 1670, Reward: 51.4931, success: 18, fail: 7
Episode: 1671, Reward: 70.8899, success: 20, fail: 5
Episode: 1672, Reward: 52.6151, success: 18, fail: 7
Episode: 1673, Reward: 72.2244, success: 20, fail: 5
Episode: 1674, Reward: 71.1818, success: 20, fail: 5
Episode: 1675, Reward: 71.8895, success: 20, fail: 5
Episode: 1676, Reward: 71.4119, success: 20, fail: 5
Episode: 1677, Reward: 52.7888, success: 18, fail: 7
Episode: 1678, Reward: 71.9694, success: 20, fail: 5
Episode: 1679, Reward: 62.9253, success: 19, fail: 6
Episode: 1680, Reward: 82.6642, success: 21, fail: 4
Episode: 1681, Reward: 61.3883, success: 19, fail: 6
Episode: 1682, Reward: 70.9276, success: 20, fail: 5
Episode: 1683, Reward: 61.7921, success: 19, fail: 6
Episode: 1684, Reward: 61.4170, success: 19, fail: 6
Episode: 1685, Reward: 60.2960, success: 19, fail: 6
Episode: 1686, Reward: 81.6458, success: 21, fail: 4
Episode: 1687, Reward: 72.4621, success: 20, fail: 5
Episode: 1688, Reward: 50.9086, success: 18, fail: 7
Episode: 1689, Reward: 82.0854, success: 21, fail: 4
Episode: 1690, Reward: 70.4953, success: 20, fail: 5
Episode: 1691, Reward: 70.8058, success: 20, fail: 5
Episode: 1692, Reward: 72.6030, success: 20, fail: 5
Episode: 1693, Reward: 71.1557, success: 20, fail: 5
Episode: 1694, Reward: 80.4774, success: 21, fail: 4
Episode: 1695, Reward: 72.1503, success: 20, fail: 5
Episode: 1696, Reward: 51.3692, success: 18, fail: 7
Episode: 1697, Reward: 81.7204, success: 21, fail: 4
Episode: 1698, Reward: 72.6155, success: 20, fail: 5
Episode: 1699, Reward: 72.2085, success: 20, fail: 5
Episode: 1700, Reward: 83.3258, success: 21, fail: 4
Episode: 1701, Reward: 50.9442, success: 18, fail: 7
Episode: 1702, Reward: 52.4774, success: 18, fail: 7
Episode: 1703, Reward: 63.4140, success: 19, fail: 6
Episode: 1704, Reward: 62.4925, success: 19, fail: 6
Episode: 1705, Reward: 63.1823, success: 19, fail: 6
Episode: 1706, Reward: 70.7120, success: 20, fail: 5
Episode: 1707, Reward: 61.6272, success: 19, fail: 6
Episode: 1708, Reward: 73.8075, success: 20, fail: 5
Episode: 1709, Reward: 62.1344, success: 19, fail: 6
Episode: 1710, Reward: 71.4225, success: 20, fail: 5
Episode: 1711, Reward: 61.8006, success: 19, fail: 6
Episode: 1712, Reward: 61.8488, success: 19, fail: 6
Episode: 1713, Reward: 82.1481, success: 21, fail: 4
Episode: 1714, Reward: 53.0298, success: 18, fail: 7
Episode: 1715, Reward: 62.3334, success: 19, fail: 6
Episode: 1716, Reward: 62.1897, success: 19, fail: 6
Episode: 1717, Reward: 50.7686, success: 18, fail: 7
Episode: 1718, Reward: 62.9064, success: 19, fail: 6
Episode: 1719, Reward: 41.5650, success: 17, fail: 8
Episode: 1720, Reward: 52.0903, success: 18, fail: 7
Episode: 1721, Reward: 62.1991, success: 19, fail: 6
Episode: 1722, Reward: 72.0259, success: 20, fail: 5
Episode: 1723, Reward: 72.1920, success: 20, fail: 5
Episode: 1724, Reward: 71.9362, success: 20, fail: 5
Episode: 1725, Reward: 61.4126, success: 19, fail: 6
Episode: 1726, Reward: 62.6438, success: 19, fail: 6
Episode: 1727, Reward: 63.4427, success: 19, fail: 6
Episode: 1728, Reward: 74.1363, success: 20, fail: 5
Episode: 1729, Reward: 72.2480, success: 20, fail: 5
Episode: 1730, Reward: 82.2016, success: 21, fail: 4
Episode: 1731, Reward: 72.7855, success: 20, fail: 5
Episode: 1732, Reward: 63.2056, success: 19, fail: 6
Episode: 1733, Reward: 62.2212, success: 19, fail: 6
Episode: 1734, Reward: 52.4087, success: 18, fail: 7
Episode: 1735, Reward: 73.0522, success: 20, fail: 5
Episode: 1736, Reward: 82.4967, success: 21, fail: 4
Episode: 1737, Reward: 91.9495, success: 22, fail: 3
Episode: 1738, Reward: 63.5252, success: 19, fail: 6
Episode: 1739, Reward: 72.0129, success: 20, fail: 5
Episode: 1740, Reward: 72.9012, success: 20, fail: 5
Episode: 1741, Reward: 71.8385, success: 20, fail: 5
Episode: 1742, Reward: 73.2966, success: 20, fail: 5
Episode: 1743, Reward: 82.9984, success: 21, fail: 4
Episode: 1744, Reward: 62.2559, success: 19, fail: 6
Episode: 1745, Reward: 72.9854, success: 20, fail: 5
Episode: 1746, Reward: 63.7668, success: 19, fail: 6
Episode: 1747, Reward: 72.8171, success: 20, fail: 5
Episode: 1748, Reward: 71.1607, success: 20, fail: 5
Episode: 1749, Reward: 81.0426, success: 21, fail: 4
Episode: 1750, Reward: 72.2391, success: 20, fail: 5
Episode: 1751, Reward: 62.4785, success: 19, fail: 6
Episode: 1752, Reward: 62.8204, success: 19, fail: 6
Episode: 1753, Reward: 63.0080, success: 19, fail: 6
Episode: 1754, Reward: 61.7781, success: 19, fail: 6
Episode: 1755, Reward: 62.8391, success: 19, fail: 6
Episode: 1756, Reward: 72.6280, success: 20, fail: 5
Episode: 1757, Reward: 73.3455, success: 20, fail: 5
Episode: 1758, Reward: 82.8406, success: 21, fail: 4
Episode: 1759, Reward: 73.2127, success: 20, fail: 5
Episode: 1760, Reward: 61.7783, success: 19, fail: 6
Episode: 1761, Reward: 73.0782, success: 20, fail: 5
Episode: 1762, Reward: 72.8745, success: 20, fail: 5
Episode: 1763, Reward: 83.0707, success: 21, fail: 4
Episode: 1764, Reward: 73.3965, success: 20, fail: 5
Episode: 1765, Reward: 72.5191, success: 20, fail: 5
Episode: 1766, Reward: 72.2997, success: 20, fail: 5
Episode: 1767, Reward: 92.4000, success: 22, fail: 3
Episode: 1768, Reward: 82.4281, success: 21, fail: 4
Episode: 1769, Reward: 62.5961, success: 19, fail: 6
Episode: 1770, Reward: 63.6735, success: 19, fail: 6
Episode: 1771, Reward: 72.3146, success: 20, fail: 5
Episode: 1772, Reward: 92.2107, success: 22, fail: 3
Episode: 1773, Reward: 82.1042, success: 21, fail: 4
Episode: 1774, Reward: 71.6485, success: 20, fail: 5
Episode: 1775, Reward: 60.9388, success: 19, fail: 6
Episode: 1776, Reward: 73.2664, success: 20, fail: 5
Episode: 1777, Reward: 62.1254, success: 19, fail: 6
Episode: 1778, Reward: 72.3133, success: 20, fail: 5
Episode: 1779, Reward: 72.2974, success: 20, fail: 5
Episode: 1780, Reward: 62.5804, success: 19, fail: 6
Episode: 1781, Reward: 62.7399, success: 19, fail: 6
Episode: 1782, Reward: 72.1541, success: 20, fail: 5
Episode: 1783, Reward: 72.0083, success: 20, fail: 5
Episode: 1784, Reward: 72.6461, success: 20, fail: 5
Episode: 1785, Reward: 52.5229, success: 18, fail: 7
Episode: 1786, Reward: 80.7770, success: 21, fail: 4
Episode: 1787, Reward: 72.1587, success: 20, fail: 5
Episode: 1788, Reward: 72.0651, success: 20, fail: 5
Episode: 1789, Reward: 62.9864, success: 19, fail: 6
Episode: 1790, Reward: 72.8657, success: 20, fail: 5
Episode: 1791, Reward: 42.4678, success: 17, fail: 8
Episode: 1792, Reward: 52.9436, success: 18, fail: 7
Episode: 1793, Reward: 52.4134, success: 18, fail: 7
Episode: 1794, Reward: 72.1289, success: 20, fail: 5
Episode: 1795, Reward: 63.1440, success: 19, fail: 6
Episode: 1796, Reward: 41.1177, success: 17, fail: 8
Episode: 1797, Reward: 62.2071, success: 19, fail: 6
Episode: 1798, Reward: 72.7381, success: 20, fail: 5
Episode: 1799, Reward: 52.2499, success: 18, fail: 7
Episode: 1800, Reward: 62.4603, success: 19, fail: 6
Episode: 1801, Reward: 43.0715, success: 17, fail: 8
Episode: 1802, Reward: 63.1289, success: 19, fail: 6
Episode: 1803, Reward: 42.5752, success: 17, fail: 8
Episode: 1804, Reward: 60.6963, success: 19, fail: 6
Episode: 1805, Reward: 62.4490, success: 19, fail: 6
Episode: 1806, Reward: 42.4698, success: 17, fail: 8
Episode: 1807, Reward: 72.6853, success: 20, fail: 5
Episode: 1808, Reward: 51.8260, success: 18, fail: 7
Episode: 1809, Reward: 62.4360, success: 19, fail: 6
Episode: 1810, Reward: 43.1076, success: 17, fail: 8
Episode: 1811, Reward: 72.6135, success: 20, fail: 5
Episode: 1812, Reward: 60.3989, success: 19, fail: 6
Episode: 1813, Reward: 63.7416, success: 19, fail: 6
Episode: 1814, Reward: 62.4357, success: 19, fail: 6
Episode: 1815, Reward: 72.1196, success: 20, fail: 5
Episode: 1816, Reward: 63.4835, success: 19, fail: 6
Episode: 1817, Reward: 62.7587, success: 19, fail: 6
Episode: 1818, Reward: 42.6062, success: 17, fail: 8
Episode: 1819, Reward: 61.7136, success: 19, fail: 6
Episode: 1820, Reward: 52.4891, success: 18, fail: 7
Episode: 1821, Reward: 72.5601, success: 20, fail: 5
Episode: 1822, Reward: 62.5136, success: 19, fail: 6
Episode: 1823, Reward: 62.2908, success: 19, fail: 6
Episode: 1824, Reward: 62.6927, success: 19, fail: 6
Episode: 1825, Reward: 21.9394, success: 15, fail: 10
Episode: 1826, Reward: 42.1752, success: 17, fail: 8
Episode: 1827, Reward: 52.4493, success: 18, fail: 7
Episode: 1828, Reward: 43.0642, success: 17, fail: 8
Episode: 1829, Reward: 41.7090, success: 17, fail: 8
Episode: 1830, Reward: 52.1035, success: 18, fail: 7
Episode: 1831, Reward: 52.7116, success: 18, fail: 7
Episode: 1832, Reward: 52.0977, success: 18, fail: 7
Episode: 1833, Reward: 51.6003, success: 18, fail: 7
Episode: 1834, Reward: 42.2376, success: 17, fail: 8
Episode: 1835, Reward: 32.7379, success: 16, fail: 9
Episode: 1836, Reward: 72.2184, success: 20, fail: 5
Episode: 1837, Reward: 41.0029, success: 17, fail: 8
Episode: 1838, Reward: 42.9215, success: 17, fail: 8
Episode: 1839, Reward: 62.2687, success: 19, fail: 6
Episode: 1840, Reward: 63.0687, success: 19, fail: 6
Episode: 1841, Reward: 62.2532, success: 19, fail: 6
Episode: 1842, Reward: 63.1571, success: 19, fail: 6
Episode: 1843, Reward: 82.2064, success: 21, fail: 4
Episode: 1844, Reward: 42.6454, success: 17, fail: 8
Episode: 1845, Reward: 51.9851, success: 18, fail: 7
Episode: 1846, Reward: 63.5335, success: 19, fail: 6
Episode: 1847, Reward: 22.1939, success: 15, fail: 10
Episode: 1848, Reward: 62.0193, success: 19, fail: 6
Episode: 1849, Reward: 72.5350, success: 20, fail: 5
Episode: 1850, Reward: 53.0620, success: 18, fail: 7
Episode: 1851, Reward: 52.3628, success: 18, fail: 7
Episode: 1852, Reward: 42.3230, success: 17, fail: 8
Episode: 1853, Reward: 72.5835, success: 20, fail: 5
Episode: 1854, Reward: 53.0581, success: 18, fail: 7
Episode: 1855, Reward: 61.2698, success: 19, fail: 6
Episode: 1856, Reward: 72.2178, success: 20, fail: 5
Episode: 1857, Reward: 51.5213, success: 18, fail: 7
Episode: 1858, Reward: 62.6037, success: 19, fail: 6
Episode: 1859, Reward: 61.8552, success: 19, fail: 6
Episode: 1860, Reward: 72.9933, success: 20, fail: 5
Episode: 1861, Reward: 42.6566, success: 17, fail: 8
Episode: 1862, Reward: 74.0124, success: 20, fail: 5
Episode: 1863, Reward: 61.3765, success: 19, fail: 6
Episode: 1864, Reward: 60.9884, success: 19, fail: 6
Episode: 1865, Reward: 51.4068, success: 18, fail: 7
Episode: 1866, Reward: 72.1659, success: 20, fail: 5
Episode: 1867, Reward: 61.3295, success: 19, fail: 6
Episode: 1868, Reward: 51.1215, success: 18, fail: 7
Episode: 1869, Reward: 72.6144, success: 20, fail: 5
Episode: 1870, Reward: 52.9769, success: 18, fail: 7
Episode: 1871, Reward: 62.0453, success: 19, fail: 6
Episode: 1872, Reward: 62.0957, success: 19, fail: 6
Episode: 1873, Reward: 73.2596, success: 20, fail: 5
Episode: 1874, Reward: 72.0603, success: 20, fail: 5
Episode: 1875, Reward: 63.0238, success: 19, fail: 6
Episode: 1876, Reward: 71.9107, success: 20, fail: 5
Episode: 1877, Reward: 81.9958, success: 21, fail: 4
Episode: 1878, Reward: 52.7623, success: 18, fail: 7
Episode: 1879, Reward: 30.6582, success: 16, fail: 9
Episode: 1880, Reward: 62.6715, success: 19, fail: 6
Episode: 1881, Reward: 61.6397, success: 19, fail: 6
Episode: 1882, Reward: 73.0931, success: 20, fail: 5
Episode: 1883, Reward: 61.3233, success: 19, fail: 6
Episode: 1884, Reward: 52.3417, success: 18, fail: 7
Episode: 1885, Reward: 52.0857, success: 18, fail: 7
Episode: 1886, Reward: 52.8593, success: 18, fail: 7
Episode: 1887, Reward: 52.4982, success: 18, fail: 7
Episode: 1888, Reward: 62.4380, success: 19, fail: 6
Episode: 1889, Reward: 41.7839, success: 17, fail: 8
Episode: 1890, Reward: 53.3830, success: 18, fail: 7
Episode: 1891, Reward: 82.5419, success: 21, fail: 4
Episode: 1892, Reward: 82.6349, success: 21, fail: 4
Episode: 1893, Reward: 63.1060, success: 19, fail: 6
Episode: 1894, Reward: 52.6273, success: 18, fail: 7
Episode: 1895, Reward: 71.5107, success: 20, fail: 5
Episode: 1896, Reward: 73.1496, success: 20, fail: 5
Episode: 1897, Reward: 52.7852, success: 18, fail: 7
Episode: 1898, Reward: 71.5345, success: 20, fail: 5
Episode: 1899, Reward: 62.7630, success: 19, fail: 6
Episode: 1900, Reward: 60.9901, success: 19, fail: 6
Episode: 1901, Reward: 62.3740, success: 19, fail: 6
Episode: 1902, Reward: 71.9434, success: 20, fail: 5
Episode: 1903, Reward: 61.4133, success: 19, fail: 6
Episode: 1904, Reward: 71.7525, success: 20, fail: 5
Episode: 1905, Reward: 62.3461, success: 19, fail: 6
Episode: 1906, Reward: 42.9056, success: 17, fail: 8
Episode: 1907, Reward: 52.0071, success: 18, fail: 7
Episode: 1908, Reward: 52.9292, success: 18, fail: 7
Episode: 1909, Reward: 62.4628, success: 19, fail: 6
Episode: 1910, Reward: 72.2097, success: 20, fail: 5
Episode: 1911, Reward: 51.8981, success: 18, fail: 7
Episode: 1912, Reward: 71.4205, success: 20, fail: 5
Episode: 1913, Reward: 42.6926, success: 17, fail: 8
Episode: 1914, Reward: 70.3160, success: 20, fail: 5
Episode: 1915, Reward: 73.1246, success: 20, fail: 5
Episode: 1916, Reward: 62.2414, success: 19, fail: 6
Episode: 1917, Reward: 51.7841, success: 18, fail: 7
Episode: 1918, Reward: 83.4487, success: 21, fail: 4
Episode: 1919, Reward: 51.0322, success: 18, fail: 7
Episode: 1920, Reward: 52.9953, success: 18, fail: 7
Episode: 1921, Reward: 52.5023, success: 18, fail: 7
Episode: 1922, Reward: 72.2019, success: 20, fail: 5
Episode: 1923, Reward: 72.2236, success: 20, fail: 5
Episode: 1924, Reward: 51.4079, success: 18, fail: 7
Episode: 1925, Reward: 92.1686, success: 22, fail: 3
Episode: 1926, Reward: 62.2880, success: 19, fail: 6
Episode: 1927, Reward: 81.9557, success: 21, fail: 4
Episode: 1928, Reward: 52.6154, success: 18, fail: 7
Episode: 1929, Reward: 72.0474, success: 20, fail: 5
Episode: 1930, Reward: 62.0396, success: 19, fail: 6
Episode: 1931, Reward: 81.9648, success: 21, fail: 4
Episode: 1932, Reward: 52.4073, success: 18, fail: 7
Episode: 1933, Reward: 62.5050, success: 19, fail: 6
Episode: 1934, Reward: 71.7842, success: 20, fail: 5
Episode: 1935, Reward: 72.6328, success: 20, fail: 5
Episode: 1936, Reward: 52.0186, success: 18, fail: 7
Episode: 1937, Reward: 42.2709, success: 17, fail: 8
Episode: 1938, Reward: 73.0724, success: 20, fail: 5
Episode: 1939, Reward: 62.2246, success: 19, fail: 6
Episode: 1940, Reward: 61.5197, success: 19, fail: 6
Episode: 1941, Reward: 71.1520, success: 20, fail: 5
Episode: 1942, Reward: 42.7553, success: 17, fail: 8
Episode: 1943, Reward: 62.1625, success: 19, fail: 6
Episode: 1944, Reward: 72.8702, success: 20, fail: 5
Episode: 1945, Reward: 52.1949, success: 18, fail: 7
Episode: 1946, Reward: 42.8960, success: 17, fail: 8
Episode: 1947, Reward: 62.7490, success: 19, fail: 6
Episode: 1948, Reward: 52.7576, success: 18, fail: 7
Episode: 1949, Reward: 73.3939, success: 20, fail: 5
Episode: 1950, Reward: 52.1337, success: 18, fail: 7
Episode: 1951, Reward: 51.4661, success: 18, fail: 7
Episode: 1952, Reward: 71.8351, success: 20, fail: 5
Episode: 1953, Reward: 81.4452, success: 21, fail: 4
Episode: 1954, Reward: 62.3998, success: 19, fail: 6
Episode: 1955, Reward: 53.0051, success: 18, fail: 7
Episode: 1956, Reward: 61.6306, success: 19, fail: 6
Episode: 1957, Reward: 60.8872, success: 19, fail: 6
Episode: 1958, Reward: 62.4128, success: 19, fail: 6
Episode: 1959, Reward: 71.3695, success: 20, fail: 5
Episode: 1960, Reward: 62.7384, success: 19, fail: 6
Episode: 1961, Reward: 52.3411, success: 18, fail: 7
Episode: 1962, Reward: 61.7908, success: 19, fail: 6
Episode: 1963, Reward: 71.8558, success: 20, fail: 5
Episode: 1964, Reward: 62.0355, success: 19, fail: 6
Episode: 1965, Reward: 61.6656, success: 19, fail: 6
Episode: 1966, Reward: 71.9296, success: 20, fail: 5
Episode: 1967, Reward: 70.9618, success: 20, fail: 5
Episode: 1968, Reward: 60.7026, success: 19, fail: 6
Episode: 1969, Reward: 93.0486, success: 22, fail: 3
Episode: 1970, Reward: 91.5696, success: 22, fail: 3
Episode: 1971, Reward: 61.8433, success: 19, fail: 6
Episode: 1972, Reward: 71.7514, success: 20, fail: 5
Episode: 1973, Reward: 61.9846, success: 19, fail: 6
Episode: 1974, Reward: 82.3181, success: 21, fail: 4
Episode: 1975, Reward: 50.9786, success: 18, fail: 7
Episode: 1976, Reward: 82.5894, success: 21, fail: 4
Episode: 1977, Reward: 60.4609, success: 19, fail: 6
Episode: 1978, Reward: 71.3932, success: 20, fail: 5
Episode: 1979, Reward: 72.0466, success: 20, fail: 5
Episode: 1980, Reward: 62.3073, success: 19, fail: 6
Episode: 1981, Reward: 61.4928, success: 19, fail: 6
Episode: 1982, Reward: 61.4238, success: 19, fail: 6
Episode: 1983, Reward: 80.7502, success: 21, fail: 4
Episode: 1984, Reward: 71.7324, success: 20, fail: 5
Episode: 1985, Reward: 80.8373, success: 21, fail: 4
Episode: 1986, Reward: 52.3711, success: 18, fail: 7
Episode: 1987, Reward: 61.1062, success: 19, fail: 6
Episode: 1988, Reward: 62.5365, success: 19, fail: 6
Episode: 1989, Reward: 72.3187, success: 20, fail: 5
Episode: 1990, Reward: 71.3452, success: 20, fail: 5
Episode: 1991, Reward: 71.0824, success: 20, fail: 5
Episode: 1992, Reward: 72.3635, success: 20, fail: 5
Episode: 1993, Reward: 61.4396, success: 19, fail: 6
Episode: 1994, Reward: 51.9123, success: 18, fail: 7
Episode: 1995, Reward: 71.6503, success: 20, fail: 5
Episode: 1996, Reward: 71.2408, success: 20, fail: 5
Episode: 1997, Reward: 72.6523, success: 20, fail: 5
Episode: 1998, Reward: 61.0588, success: 19, fail: 6
Episode: 1999, Reward: 61.4755, success: 19, fail: 6
Episode: 2000, Reward: 72.8883, success: 20, fail: 5
Episode: 2001, Reward: 71.4049, success: 20, fail: 5
Episode: 2002, Reward: 81.1850, success: 21, fail: 4
Episode: 2003, Reward: 50.4585, success: 18, fail: 7
Episode: 2004, Reward: 51.6536, success: 18, fail: 7
Episode: 2005, Reward: 52.5741, success: 18, fail: 7
Episode: 2006, Reward: 61.6099, success: 19, fail: 6
Episode: 2007, Reward: 71.3211, success: 20, fail: 5
Episode: 2008, Reward: 51.4408, success: 18, fail: 7
Episode: 2009, Reward: 72.1944, success: 20, fail: 5
Episode: 2010, Reward: 71.9544, success: 20, fail: 5
Episode: 2011, Reward: 90.2986, success: 22, fail: 3
Episode: 2012, Reward: 60.3664, success: 19, fail: 6
Episode: 2013, Reward: 82.0762, success: 21, fail: 4
Episode: 2014, Reward: 71.1377, success: 20, fail: 5
Episode: 2015, Reward: 80.7323, success: 21, fail: 4
Episode: 2016, Reward: 79.9956, success: 21, fail: 4
Episode: 2017, Reward: 52.0041, success: 18, fail: 7
Episode: 2018, Reward: 50.6205, success: 18, fail: 7
Episode: 2019, Reward: 60.9484, success: 19, fail: 6
Episode: 2020, Reward: 60.4989, success: 19, fail: 6
Episode: 2021, Reward: 51.7059, success: 18, fail: 7
Episode: 2022, Reward: 61.2763, success: 19, fail: 6
Episode: 2023, Reward: 49.2698, success: 18, fail: 7
Episode: 2024, Reward: 60.6477, success: 19, fail: 6
Episode: 2025, Reward: 71.5251, success: 20, fail: 5
Episode: 2026, Reward: 60.8033, success: 19, fail: 6
Episode: 2027, Reward: 81.0337, success: 21, fail: 4
Episode: 2028, Reward: 71.3219, success: 20, fail: 5
Episode: 2029, Reward: 70.9930, success: 20, fail: 5
Episode: 2030, Reward: 71.2258, success: 20, fail: 5
Episode: 2031, Reward: 61.2341, success: 19, fail: 6
Episode: 2032, Reward: 82.3632, success: 21, fail: 4
Episode: 2033, Reward: 81.8520, success: 21, fail: 4
Episode: 2034, Reward: 81.6292, success: 21, fail: 4
Episode: 2035, Reward: 81.7554, success: 21, fail: 4
Episode: 2036, Reward: 62.2517, success: 19, fail: 6
Episode: 2037, Reward: 61.5033, success: 19, fail: 6
Episode: 2038, Reward: 71.3825, success: 20, fail: 5
Episode: 2039, Reward: 81.3411, success: 21, fail: 4
Episode: 2040, Reward: 81.4024, success: 21, fail: 4
Episode: 2041, Reward: 69.8957, success: 20, fail: 5
Episode: 2042, Reward: 60.8505, success: 19, fail: 6
Episode: 2043, Reward: 80.4798, success: 21, fail: 4
Episode: 2044, Reward: 71.3850, success: 20, fail: 5
Episode: 2045, Reward: 79.3772, success: 21, fail: 4
Episode: 2046, Reward: 61.1782, success: 19, fail: 6
Episode: 2047, Reward: 70.1555, success: 20, fail: 5
Episode: 2048, Reward: 80.3875, success: 21, fail: 4
Episode: 2049, Reward: 70.4092, success: 20, fail: 5
Episode: 2050, Reward: 78.8562, success: 21, fail: 4
Episode: 2051, Reward: 80.9673, success: 21, fail: 4
Episode: 2052, Reward: 60.3153, success: 19, fail: 6
Episode: 2053, Reward: 71.7320, success: 20, fail: 5
Episode: 2054, Reward: 60.3246, success: 19, fail: 6
Episode: 2055, Reward: 60.9050, success: 19, fail: 6
Episode: 2056, Reward: 69.1460, success: 20, fail: 5
Episode: 2057, Reward: 81.1603, success: 21, fail: 4
Episode: 2058, Reward: 70.3221, success: 20, fail: 5
Episode: 2059, Reward: 91.1136, success: 22, fail: 3
Episode: 2060, Reward: 91.2090, success: 22, fail: 3
Episode: 2061, Reward: 70.6522, success: 20, fail: 5
Episode: 2062, Reward: 79.8825, success: 21, fail: 4
Episode: 2063, Reward: 80.3410, success: 21, fail: 4
Episode: 2064, Reward: 80.9582, success: 21, fail: 4
Episode: 2065, Reward: 78.8857, success: 21, fail: 4
Episode: 2066, Reward: 81.6240, success: 21, fail: 4
Episode: 2067, Reward: 68.9381, success: 20, fail: 5
Episode: 2068, Reward: 89.0387, success: 22, fail: 3
Episode: 2069, Reward: 70.0658, success: 20, fail: 5
Episode: 2070, Reward: 60.3230, success: 19, fail: 6
Episode: 2071, Reward: 71.4523, success: 20, fail: 5
Episode: 2072, Reward: 80.8179, success: 21, fail: 4
Episode: 2073, Reward: 60.6981, success: 19, fail: 6
Episode: 2074, Reward: 70.4558, success: 20, fail: 5
Episode: 2075, Reward: 80.6157, success: 21, fail: 4
Episode: 2076, Reward: 60.6603, success: 19, fail: 6
Episode: 2077, Reward: 79.9794, success: 21, fail: 4
Episode: 2078, Reward: 49.1709, success: 18, fail: 7
Episode: 2079, Reward: 68.6928, success: 20, fail: 5
Episode: 2080, Reward: 62.0886, success: 19, fail: 6
Episode: 2081, Reward: 90.6234, success: 22, fail: 3
Episode: 2082, Reward: 50.4213, success: 18, fail: 7
Episode: 2083, Reward: 49.3675, success: 18, fail: 7
Episode: 2084, Reward: 71.0432, success: 20, fail: 5
Episode: 2085, Reward: 71.2437, success: 20, fail: 5
Episode: 2086, Reward: 81.7935, success: 21, fail: 4
Episode: 2087, Reward: 81.1321, success: 21, fail: 4
Episode: 2088, Reward: 71.6410, success: 20, fail: 5
Episode: 2089, Reward: 91.4134, success: 22, fail: 3
Episode: 2090, Reward: 81.2721, success: 21, fail: 4
Episode: 2091, Reward: 61.5546, success: 19, fail: 6
Episode: 2092, Reward: 69.4924, success: 20, fail: 5
Episode: 2093, Reward: 71.6892, success: 20, fail: 5
Episode: 2094, Reward: 71.0497, success: 20, fail: 5
Episode: 2095, Reward: 71.5410, success: 20, fail: 5
Episode: 2096, Reward: 60.3350, success: 19, fail: 6
Episode: 2097, Reward: 90.7279, success: 22, fail: 3
Episode: 2098, Reward: 90.5706, success: 22, fail: 3
Episode: 2099, Reward: 59.5885, success: 19, fail: 6
Episode: 2100, Reward: 80.6681, success: 21, fail: 4
Episode: 2101, Reward: 81.4046, success: 21, fail: 4
Episode: 2102, Reward: 70.0924, success: 20, fail: 5
Episode: 2103, Reward: 80.1062, success: 21, fail: 4
Episode: 2104, Reward: 90.6239, success: 22, fail: 3
Episode: 2105, Reward: 60.2757, success: 19, fail: 6
Episode: 2106, Reward: 81.4414, success: 21, fail: 4
Episode: 2107, Reward: 82.0027, success: 21, fail: 4
Episode: 2108, Reward: 71.6804, success: 20, fail: 5
Episode: 2109, Reward: 60.3814, success: 19, fail: 6
Episode: 2110, Reward: 70.4098, success: 20, fail: 5
Episode: 2111, Reward: 51.4891, success: 18, fail: 7
Episode: 2112, Reward: 80.4121, success: 21, fail: 4
Episode: 2113, Reward: 60.3446, success: 19, fail: 6
Episode: 2114, Reward: 61.0466, success: 19, fail: 6
Episode: 2115, Reward: 70.5784, success: 20, fail: 5
Episode: 2116, Reward: 61.9399, success: 19, fail: 6
Episode: 2117, Reward: 81.6484, success: 21, fail: 4
Episode: 2118, Reward: 62.3163, success: 19, fail: 6
Episode: 2119, Reward: 80.9756, success: 21, fail: 4
Episode: 2120, Reward: 81.8044, success: 21, fail: 4
Episode: 2121, Reward: 81.2209, success: 21, fail: 4
Episode: 2122, Reward: 80.7360, success: 21, fail: 4
Episode: 2123, Reward: 59.4108, success: 19, fail: 6
Episode: 2124, Reward: 70.5156, success: 20, fail: 5
Episode: 2125, Reward: 81.4998, success: 21, fail: 4
Episode: 2126, Reward: 49.1209, success: 18, fail: 7
Episode: 2127, Reward: 70.1206, success: 20, fail: 5
Episode: 2128, Reward: 89.6468, success: 22, fail: 3
Episode: 2129, Reward: 71.1292, success: 20, fail: 5
Episode: 2130, Reward: 80.7759, success: 21, fail: 4
Episode: 2131, Reward: 80.6111, success: 21, fail: 4
Episode: 2132, Reward: 50.7798, success: 18, fail: 7
Episode: 2133, Reward: 92.6034, success: 22, fail: 3
Episode: 2134, Reward: 89.7754, success: 22, fail: 3
Episode: 2135, Reward: 91.8057, success: 22, fail: 3
Episode: 2136, Reward: 60.4626, success: 19, fail: 6
Episode: 2137, Reward: 71.0231, success: 20, fail: 5
Episode: 2138, Reward: 71.4905, success: 20, fail: 5
Episode: 2139, Reward: 69.6444, success: 20, fail: 5
Episode: 2140, Reward: 60.3600, success: 19, fail: 6
Episode: 2141, Reward: 80.4037, success: 21, fail: 4
Episode: 2142, Reward: 80.0947, success: 21, fail: 4
Episode: 2143, Reward: 90.9710, success: 22, fail: 3
Episode: 2144, Reward: 81.2730, success: 21, fail: 4
Episode: 2145, Reward: 81.6732, success: 21, fail: 4
Episode: 2146, Reward: 80.9506, success: 21, fail: 4
Episode: 2147, Reward: 69.8855, success: 20, fail: 5
Episode: 2148, Reward: 72.2167, success: 20, fail: 5
Episode: 2149, Reward: 50.4432, success: 18, fail: 7
Episode: 2150, Reward: 71.4143, success: 20, fail: 5
Episode: 2151, Reward: 60.8011, success: 19, fail: 6
Episode: 2152, Reward: 70.4375, success: 20, fail: 5
Episode: 2153, Reward: 60.1098, success: 19, fail: 6
Episode: 2154, Reward: 81.9925, success: 21, fail: 4
Episode: 2155, Reward: 80.4700, success: 21, fail: 4
Episode: 2156, Reward: 41.2500, success: 17, fail: 8
Episode: 2157, Reward: 69.6270, success: 20, fail: 5
Episode: 2158, Reward: 49.4898, success: 18, fail: 7
Episode: 2159, Reward: 70.9219, success: 20, fail: 5
Episode: 2160, Reward: 60.5374, success: 19, fail: 6
Episode: 2161, Reward: 60.7797, success: 19, fail: 6
Episode: 2162, Reward: 61.3103, success: 19, fail: 6
Episode: 2163, Reward: 69.7096, success: 20, fail: 5
Episode: 2164, Reward: 92.0560, success: 22, fail: 3
Episode: 2165, Reward: 48.8334, success: 18, fail: 7
Episode: 2166, Reward: 69.0071, success: 20, fail: 5
Episode: 2167, Reward: 71.8936, success: 20, fail: 5
Episode: 2168, Reward: 70.1573, success: 20, fail: 5
Episode: 2169, Reward: 69.7265, success: 20, fail: 5
Episode: 2170, Reward: 50.9791, success: 18, fail: 7
Episode: 2171, Reward: 80.1121, success: 21, fail: 4
Episode: 2172, Reward: 71.4710, success: 20, fail: 5
Episode: 2173, Reward: 50.5519, success: 18, fail: 7
Episode: 2174, Reward: 80.5418, success: 21, fail: 4
Episode: 2175, Reward: 80.6163, success: 21, fail: 4
Episode: 2176, Reward: 82.4379, success: 21, fail: 4
Episode: 2177, Reward: 80.9867, success: 21, fail: 4
Episode: 2178, Reward: 61.1922, success: 19, fail: 6
Episode: 2179, Reward: 69.2014, success: 20, fail: 5
Episode: 2180, Reward: 82.3175, success: 21, fail: 4
Episode: 2181, Reward: 71.1334, success: 20, fail: 5
Episode: 2182, Reward: 81.4152, success: 21, fail: 4
Episode: 2183, Reward: 71.1364, success: 20, fail: 5
Episode: 2184, Reward: 60.8006, success: 19, fail: 6
Episode: 2185, Reward: 71.0866, success: 20, fail: 5
Episode: 2186, Reward: 80.7100, success: 21, fail: 4
Episode: 2187, Reward: 78.8203, success: 21, fail: 4
Episode: 2188, Reward: 70.1184, success: 20, fail: 5
Episode: 2189, Reward: 59.9715, success: 19, fail: 6
Episode: 2190, Reward: 69.6800, success: 20, fail: 5
Episode: 2191, Reward: 80.3573, success: 21, fail: 4
Episode: 2192, Reward: 80.4472, success: 21, fail: 4
Episode: 2193, Reward: 81.7842, success: 21, fail: 4
Episode: 2194, Reward: 70.9650, success: 20, fail: 5
Episode: 2195, Reward: 60.1269, success: 19, fail: 6
Episode: 2196, Reward: 72.3605, success: 20, fail: 5
Episode: 2197, Reward: 70.4674, success: 20, fail: 5
Episode: 2198, Reward: 80.6485, success: 21, fail: 4
Episode: 2199, Reward: 80.8147, success: 21, fail: 4
Episode: 2200, Reward: 70.4469, success: 20, fail: 5
Episode: 2201, Reward: 71.6170, success: 20, fail: 5
Episode: 2202, Reward: 79.9565, success: 21, fail: 4
Episode: 2203, Reward: 80.9464, success: 21, fail: 4
Episode: 2204, Reward: 70.7813, success: 20, fail: 5
Episode: 2205, Reward: 81.0843, success: 21, fail: 4
Episode: 2206, Reward: 80.6220, success: 21, fail: 4
Episode: 2207, Reward: 80.6020, success: 21, fail: 4
Episode: 2208, Reward: 90.5135, success: 22, fail: 3
Episode: 2209, Reward: 60.8707, success: 19, fail: 6
Episode: 2210, Reward: 60.4285, success: 19, fail: 6
Episode: 2211, Reward: 61.7967, success: 19, fail: 6
Episode: 2212, Reward: 81.2362, success: 21, fail: 4
Episode: 2213, Reward: 92.2552, success: 22, fail: 3
Episode: 2214, Reward: 70.0245, success: 20, fail: 5
Episode: 2215, Reward: 70.9992, success: 20, fail: 5
Episode: 2216, Reward: 50.5186, success: 18, fail: 7
Episode: 2217, Reward: 71.4065, success: 20, fail: 5
Episode: 2218, Reward: 82.2515, success: 21, fail: 4
Episode: 2219, Reward: 71.6289, success: 20, fail: 5
Episode: 2220, Reward: 61.5363, success: 19, fail: 6
Episode: 2221, Reward: 81.6847, success: 21, fail: 4
Episode: 2222, Reward: 81.0463, success: 21, fail: 4
Episode: 2223, Reward: 60.5844, success: 19, fail: 6
Episode: 2224, Reward: 71.9032, success: 20, fail: 5
Episode: 2225, Reward: 52.7743, success: 18, fail: 7
Episode: 2226, Reward: 71.6823, success: 20, fail: 5
Episode: 2227, Reward: 80.9996, success: 21, fail: 4
Episode: 2228, Reward: 70.9871, success: 20, fail: 5
Episode: 2229, Reward: 43.1683, success: 17, fail: 8
Episode: 2230, Reward: 58.4384, success: 19, fail: 6
Episode: 2231, Reward: 51.6278, success: 18, fail: 7
Episode: 2232, Reward: 71.6075, success: 20, fail: 5
Episode: 2233, Reward: 71.2486, success: 20, fail: 5
Episode: 2234, Reward: 91.1136, success: 22, fail: 3
Episode: 2235, Reward: 89.6489, success: 22, fail: 3
Episode: 2236, Reward: 81.8700, success: 21, fail: 4
Episode: 2237, Reward: 71.2905, success: 20, fail: 5
Episode: 2238, Reward: 59.9190, success: 19, fail: 6
Episode: 2239, Reward: 70.6290, success: 20, fail: 5
Episode: 2240, Reward: 79.8237, success: 21, fail: 4
Episode: 2241, Reward: 80.6125, success: 21, fail: 4
Episode: 2242, Reward: 50.3903, success: 18, fail: 7
Episode: 2243, Reward: 61.5901, success: 19, fail: 6
Episode: 2244, Reward: 40.6692, success: 17, fail: 8
Episode: 2245, Reward: 80.5609, success: 21, fail: 4
Episode: 2246, Reward: 71.0913, success: 20, fail: 5
Episode: 2247, Reward: 50.3914, success: 18, fail: 7
Episode: 2248, Reward: 70.7094, success: 20, fail: 5
Episode: 2249, Reward: 70.4477, success: 20, fail: 5
Episode: 2250, Reward: 90.6441, success: 22, fail: 3
Episode: 2251, Reward: 81.9702, success: 21, fail: 4
Episode: 2252, Reward: 80.3186, success: 21, fail: 4
Episode: 2253, Reward: 80.5860, success: 21, fail: 4
Episode: 2254, Reward: 81.3716, success: 21, fail: 4
Episode: 2255, Reward: 80.4972, success: 21, fail: 4
Episode: 2256, Reward: 78.3381, success: 21, fail: 4
Episode: 2257, Reward: 59.4187, success: 19, fail: 6
Episode: 2258, Reward: 91.1727, success: 22, fail: 3
Episode: 2259, Reward: 91.4674, success: 22, fail: 3
Episode: 2260, Reward: 82.0842, success: 21, fail: 4
Episode: 2261, Reward: 91.5887, success: 22, fail: 3
Episode: 2262, Reward: 72.7445, success: 20, fail: 5
Episode: 2263, Reward: 71.5680, success: 20, fail: 5
Episode: 2264, Reward: 70.0036, success: 20, fail: 5
Episode: 2265, Reward: 72.1264, success: 20, fail: 5
Episode: 2266, Reward: 82.2982, success: 21, fail: 4
Episode: 2267, Reward: 68.8411, success: 20, fail: 5
Episode: 2268, Reward: 61.0555, success: 19, fail: 6
Episode: 2269, Reward: 80.8036, success: 21, fail: 4
Episode: 2270, Reward: 80.5862, success: 21, fail: 4
Episode: 2271, Reward: 80.7544, success: 21, fail: 4
Episode: 2272, Reward: 70.2172, success: 20, fail: 5
Episode: 2273, Reward: 81.9742, success: 21, fail: 4
Episode: 2274, Reward: 51.8978, success: 18, fail: 7
Episode: 2275, Reward: 69.4728, success: 20, fail: 5
Episode: 2276, Reward: 70.1161, success: 20, fail: 5
Episode: 2277, Reward: 80.7530, success: 21, fail: 4
Episode: 2278, Reward: 91.1733, success: 22, fail: 3
Episode: 2279, Reward: 59.7101, success: 19, fail: 6
Episode: 2280, Reward: 60.7824, success: 19, fail: 6
Episode: 2281, Reward: 82.0837, success: 21, fail: 4
Episode: 2282, Reward: 81.2444, success: 21, fail: 4
Episode: 2283, Reward: 81.3550, success: 21, fail: 4
Episode: 2284, Reward: 90.5281, success: 22, fail: 3
Episode: 2285, Reward: 90.4900, success: 22, fail: 3
Episode: 2286, Reward: 89.6743, success: 22, fail: 3
Episode: 2287, Reward: 69.9925, success: 20, fail: 5
Episode: 2288, Reward: 80.9792, success: 21, fail: 4
Episode: 2289, Reward: 79.9325, success: 21, fail: 4
Episode: 2290, Reward: 89.9750, success: 22, fail: 3
Episode: 2291, Reward: 91.5119, success: 22, fail: 3
Episode: 2292, Reward: 61.2012, success: 19, fail: 6
Episode: 2293, Reward: 72.4748, success: 20, fail: 5
Episode: 2294, Reward: 69.7313, success: 20, fail: 5
Episode: 2295, Reward: 70.5471, success: 20, fail: 5
Episode: 2296, Reward: 72.0709, success: 20, fail: 5
Episode: 2297, Reward: 92.1271, success: 22, fail: 3
Episode: 2298, Reward: 81.0540, success: 21, fail: 4
Episode: 2299, Reward: 91.9746, success: 22, fail: 3
Episode: 2300, Reward: 91.4334, success: 22, fail: 3
Episode: 2301, Reward: 71.7519, success: 20, fail: 5
Episode: 2302, Reward: 81.4773, success: 21, fail: 4
Episode: 2303, Reward: 81.8907, success: 21, fail: 4
Episode: 2304, Reward: 70.9371, success: 20, fail: 5
Episode: 2305, Reward: 70.8079, success: 20, fail: 5
Episode: 2306, Reward: 80.1821, success: 21, fail: 4
Episode: 2307, Reward: 80.5399, success: 21, fail: 4
Episode: 2308, Reward: 91.4337, success: 22, fail: 3
Episode: 2309, Reward: 81.0105, success: 21, fail: 4
Episode: 2310, Reward: 90.4813, success: 22, fail: 3
Episode: 2311, Reward: 80.1402, success: 21, fail: 4
Episode: 2312, Reward: 80.7240, success: 21, fail: 4
Episode: 2313, Reward: 81.5199, success: 21, fail: 4
Episode: 2314, Reward: 59.7830, success: 19, fail: 6
Episode: 2315, Reward: 71.2898, success: 20, fail: 5
Episode: 2316, Reward: 50.6493, success: 18, fail: 7
Episode: 2317, Reward: 82.2267, success: 21, fail: 4
Episode: 2318, Reward: 81.9124, success: 21, fail: 4
Episode: 2319, Reward: 80.5893, success: 21, fail: 4
Episode: 2320, Reward: 71.2674, success: 20, fail: 5
Episode: 2321, Reward: 80.6409, success: 21, fail: 4
Episode: 2322, Reward: 70.3948, success: 20, fail: 5
Episode: 2323, Reward: 70.4695, success: 20, fail: 5
Episode: 2324, Reward: 82.5453, success: 21, fail: 4
Episode: 2325, Reward: 70.4070, success: 20, fail: 5
Episode: 2326, Reward: 81.1008, success: 21, fail: 4
Episode: 2327, Reward: 59.9576, success: 19, fail: 6
Episode: 2328, Reward: 81.1801, success: 21, fail: 4
Episode: 2329, Reward: 90.9055, success: 22, fail: 3
Episode: 2330, Reward: 61.0984, success: 19, fail: 6
Episode: 2331, Reward: 81.9064, success: 21, fail: 4
Episode: 2332, Reward: 81.9800, success: 21, fail: 4
Episode: 2333, Reward: 92.3084, success: 22, fail: 3
Episode: 2334, Reward: 81.2957, success: 21, fail: 4
Episode: 2335, Reward: 60.8107, success: 19, fail: 6
Episode: 2336, Reward: 70.8600, success: 20, fail: 5
Episode: 2337, Reward: 61.1542, success: 19, fail: 6
Episode: 2338, Reward: 82.1564, success: 21, fail: 4
Episode: 2339, Reward: 91.6777, success: 22, fail: 3
Episode: 2340, Reward: 61.3937, success: 19, fail: 6
Episode: 2341, Reward: 70.5561, success: 20, fail: 5
Episode: 2342, Reward: 70.7087, success: 20, fail: 5
Episode: 2343, Reward: 90.1224, success: 22, fail: 3
Episode: 2344, Reward: 81.0989, success: 21, fail: 4
Episode: 2345, Reward: 80.2038, success: 21, fail: 4
Episode: 2346, Reward: 71.3304, success: 20, fail: 5
Episode: 2347, Reward: 92.3868, success: 22, fail: 3
Episode: 2348, Reward: 81.1257, success: 21, fail: 4
Episode: 2349, Reward: 60.8149, success: 19, fail: 6
Episode: 2350, Reward: 81.7364, success: 21, fail: 4
Episode: 2351, Reward: 81.1866, success: 21, fail: 4
Episode: 2352, Reward: 80.7263, success: 21, fail: 4
Episode: 2353, Reward: 71.5364, success: 20, fail: 5
Episode: 2354, Reward: 80.9639, success: 21, fail: 4
Episode: 2355, Reward: 91.4063, success: 22, fail: 3
Episode: 2356, Reward: 91.6168, success: 22, fail: 3
Episode: 2357, Reward: 80.0472, success: 21, fail: 4
Episode: 2358, Reward: 90.3911, success: 22, fail: 3
Episode: 2359, Reward: 91.2201, success: 22, fail: 3
Episode: 2360, Reward: 81.0473, success: 21, fail: 4
Episode: 2361, Reward: 80.7460, success: 21, fail: 4
Episode: 2362, Reward: 79.8869, success: 21, fail: 4
Episode: 2363, Reward: 91.3252, success: 22, fail: 3
Episode: 2364, Reward: 80.1695, success: 21, fail: 4
Episode: 2365, Reward: 91.7600, success: 22, fail: 3
Episode: 2366, Reward: 70.8796, success: 20, fail: 5
Episode: 2367, Reward: 81.4020, success: 21, fail: 4
Episode: 2368, Reward: 79.5081, success: 21, fail: 4
Episode: 2369, Reward: 91.5098, success: 22, fail: 3
Episode: 2370, Reward: 79.0555, success: 21, fail: 4
Episode: 2371, Reward: 80.2450, success: 21, fail: 4
Episode: 2372, Reward: 70.3145, success: 20, fail: 5
Episode: 2373, Reward: 80.8345, success: 21, fail: 4
Episode: 2374, Reward: 90.0190, success: 22, fail: 3
Episode: 2375, Reward: 69.1631, success: 20, fail: 5
Episode: 2376, Reward: 79.6532, success: 21, fail: 4
Episode: 2377, Reward: 70.3479, success: 20, fail: 5
Episode: 2378, Reward: 90.8712, success: 22, fail: 3
Episode: 2379, Reward: 80.0375, success: 21, fail: 4
Episode: 2380, Reward: 92.0235, success: 22, fail: 3
Episode: 2381, Reward: 69.5126, success: 20, fail: 5
Episode: 2382, Reward: 91.4957, success: 22, fail: 3
Episode: 2383, Reward: 81.0780, success: 21, fail: 4
Episode: 2384, Reward: 81.2677, success: 21, fail: 4
Episode: 2385, Reward: 71.7534, success: 20, fail: 5
Episode: 2386, Reward: 71.2267, success: 20, fail: 5
Episode: 2387, Reward: 80.9935, success: 21, fail: 4
Episode: 2388, Reward: 81.8201, success: 21, fail: 4
Episode: 2389, Reward: 81.2120, success: 21, fail: 4
Episode: 2390, Reward: 80.5918, success: 21, fail: 4
Episode: 2391, Reward: 91.0476, success: 22, fail: 3
Episode: 2392, Reward: 80.9780, success: 21, fail: 4
Episode: 2393, Reward: 80.7135, success: 21, fail: 4
Episode: 2394, Reward: 91.3911, success: 22, fail: 3
Episode: 2395, Reward: 69.8518, success: 20, fail: 5
Episode: 2396, Reward: 71.2348, success: 20, fail: 5
Episode: 2397, Reward: 79.9448, success: 21, fail: 4
Episode: 2398, Reward: 81.0559, success: 21, fail: 4
Episode: 2399, Reward: 60.5625, success: 19, fail: 6
Episode: 2400, Reward: 90.4949, success: 22, fail: 3
Episode: 2401, Reward: 80.7837, success: 21, fail: 4
Episode: 2402, Reward: 69.7914, success: 20, fail: 5
Episode: 2403, Reward: 71.7565, success: 20, fail: 5
Episode: 2404, Reward: 79.6510, success: 21, fail: 4
Episode: 2405, Reward: 81.5229, success: 21, fail: 4
Episode: 2406, Reward: 79.6449, success: 21, fail: 4
Episode: 2407, Reward: 89.7086, success: 22, fail: 3
Episode: 2408, Reward: 71.5837, success: 20, fail: 5
Episode: 2409, Reward: 80.5101, success: 21, fail: 4
Episode: 2410, Reward: 91.1674, success: 22, fail: 3
Episode: 2411, Reward: 69.8383, success: 20, fail: 5
Episode: 2412, Reward: 80.0660, success: 21, fail: 4
Episode: 2413, Reward: 89.4338, success: 22, fail: 3
Episode: 2414, Reward: 80.5853, success: 21, fail: 4
Episode: 2415, Reward: 80.3962, success: 21, fail: 4
Episode: 2416, Reward: 80.2958, success: 21, fail: 4
Episode: 2417, Reward: 70.3386, success: 20, fail: 5
Episode: 2418, Reward: 69.8752, success: 20, fail: 5
Episode: 2419, Reward: 90.4699, success: 22, fail: 3
Episode: 2420, Reward: 90.4170, success: 22, fail: 3
Episode: 2421, Reward: 91.2363, success: 22, fail: 3
Episode: 2422, Reward: 91.7602, success: 22, fail: 3
Episode: 2423, Reward: 81.3483, success: 21, fail: 4
Episode: 2424, Reward: 79.7246, success: 21, fail: 4
Episode: 2425, Reward: 80.0571, success: 21, fail: 4
Episode: 2426, Reward: 80.7083, success: 21, fail: 4
Episode: 2427, Reward: 81.5589, success: 21, fail: 4
Episode: 2428, Reward: 70.2658, success: 20, fail: 5
Episode: 2429, Reward: 80.6518, success: 21, fail: 4
Episode: 2430, Reward: 81.3338, success: 21, fail: 4
Episode: 2431, Reward: 80.4124, success: 21, fail: 4
Episode: 2432, Reward: 70.4635, success: 20, fail: 5
Episode: 2433, Reward: 69.2901, success: 20, fail: 5
Episode: 2434, Reward: 93.3130, success: 22, fail: 3
Episode: 2435, Reward: 81.7847, success: 21, fail: 4
Episode: 2436, Reward: 79.1863, success: 21, fail: 4
Episode: 2437, Reward: 79.1042, success: 21, fail: 4
Episode: 2438, Reward: 81.8799, success: 21, fail: 4
Episode: 2439, Reward: 70.0693, success: 20, fail: 5
Episode: 2440, Reward: 90.3174, success: 22, fail: 3
Episode: 2441, Reward: 79.5630, success: 21, fail: 4
Episode: 2442, Reward: 79.4073, success: 21, fail: 4
Episode: 2443, Reward: 91.2751, success: 22, fail: 3
Episode: 2444, Reward: 89.0521, success: 22, fail: 3
Episode: 2445, Reward: 80.1955, success: 21, fail: 4
Episode: 2446, Reward: 91.0603, success: 22, fail: 3
Episode: 2447, Reward: 79.4134, success: 21, fail: 4
Episode: 2448, Reward: 70.6103, success: 20, fail: 5
Episode: 2449, Reward: 70.9512, success: 20, fail: 5
Episode: 2450, Reward: 81.4616, success: 21, fail: 4
Episode: 2451, Reward: 78.7194, success: 21, fail: 4
Episode: 2452, Reward: 81.2358, success: 21, fail: 4
Episode: 2453, Reward: 81.6387, success: 21, fail: 4
Episode: 2454, Reward: 79.7037, success: 21, fail: 4
Episode: 2455, Reward: 79.3581, success: 21, fail: 4
Episode: 2456, Reward: 80.9928, success: 21, fail: 4
Episode: 2457, Reward: 82.1660, success: 21, fail: 4
Episode: 2458, Reward: 71.3569, success: 20, fail: 5
Episode: 2459, Reward: 69.0596, success: 20, fail: 5
Episode: 2460, Reward: 79.4341, success: 21, fail: 4
Episode: 2461, Reward: 90.1596, success: 22, fail: 3
Episode: 2462, Reward: 79.6124, success: 21, fail: 4
Episode: 2463, Reward: 80.2192, success: 21, fail: 4
Episode: 2464, Reward: 70.8489, success: 20, fail: 5
Episode: 2465, Reward: 69.3217, success: 20, fail: 5
Episode: 2466, Reward: 81.2805, success: 21, fail: 4
Episode: 2467, Reward: 80.5077, success: 21, fail: 4
Episode: 2468, Reward: 81.8144, success: 21, fail: 4
Episode: 2469, Reward: 80.4772, success: 21, fail: 4
Episode: 2470, Reward: 81.1689, success: 21, fail: 4
Episode: 2471, Reward: 80.6254, success: 21, fail: 4
Episode: 2472, Reward: 69.8686, success: 20, fail: 5
Episode: 2473, Reward: 69.2454, success: 20, fail: 5
Episode: 2474, Reward: 80.8421, success: 21, fail: 4
Episode: 2475, Reward: 59.7872, success: 19, fail: 6
Episode: 2476, Reward: 71.4740, success: 20, fail: 5
Episode: 2477, Reward: 79.8014, success: 21, fail: 4
Episode: 2478, Reward: 81.6572, success: 21, fail: 4
Episode: 2479, Reward: 80.1173, success: 21, fail: 4
Episode: 2480, Reward: 80.8326, success: 21, fail: 4
Episode: 2481, Reward: 80.5201, success: 21, fail: 4
Episode: 2482, Reward: 80.3603, success: 21, fail: 4
Episode: 2483, Reward: 80.4302, success: 21, fail: 4
Episode: 2484, Reward: 79.9972, success: 21, fail: 4
Episode: 2485, Reward: 80.7932, success: 21, fail: 4
Episode: 2486, Reward: 91.7771, success: 22, fail: 3
Episode: 2487, Reward: 81.2149, success: 21, fail: 4
Episode: 2488, Reward: 60.3755, success: 19, fail: 6
Episode: 2489, Reward: 80.5771, success: 21, fail: 4
Episode: 2490, Reward: 80.6542, success: 21, fail: 4
Episode: 2491, Reward: 80.5421, success: 21, fail: 4
Episode: 2492, Reward: 79.1577, success: 21, fail: 4
Episode: 2493, Reward: 80.8261, success: 21, fail: 4
Episode: 2494, Reward: 80.9084, success: 21, fail: 4
Episode: 2495, Reward: 79.6655, success: 21, fail: 4
Episode: 2496, Reward: 79.7786, success: 21, fail: 4
Episode: 2497, Reward: 70.5498, success: 20, fail: 5
Episode: 2498, Reward: 60.7314, success: 19, fail: 6
Episode: 2499, Reward: 79.1782, success: 21, fail: 4
Episode: 2500, Reward: 80.7395, success: 21, fail: 4
Episode: 2501, Reward: 79.6682, success: 21, fail: 4
Episode: 2502, Reward: 82.0655, success: 21, fail: 4
Episode: 2503, Reward: 58.6726, success: 19, fail: 6
Episode: 2504, Reward: 81.1599, success: 21, fail: 4
Episode: 2505, Reward: 90.1375, success: 22, fail: 3
Episode: 2506, Reward: 59.8653, success: 19, fail: 6
Episode: 2507, Reward: 70.2429, success: 20, fail: 5
Episode: 2508, Reward: 71.2696, success: 20, fail: 5
Episode: 2509, Reward: 80.5233, success: 21, fail: 4
Episode: 2510, Reward: 80.6246, success: 21, fail: 4
Episode: 2511, Reward: 80.9955, success: 21, fail: 4
Episode: 2512, Reward: 80.1689, success: 21, fail: 4
Episode: 2513, Reward: 60.2378, success: 19, fail: 6
Episode: 2514, Reward: 80.4252, success: 21, fail: 4
Episode: 2515, Reward: 70.4927, success: 20, fail: 5
Episode: 2516, Reward: 71.3878, success: 20, fail: 5
Episode: 2517, Reward: 81.2909, success: 21, fail: 4
Episode: 2518, Reward: 59.4547, success: 19, fail: 6
Episode: 2519, Reward: 61.1471, success: 19, fail: 6
Episode: 2520, Reward: 79.2352, success: 21, fail: 4
Episode: 2521, Reward: 59.7456, success: 19, fail: 6
Episode: 2522, Reward: 69.5752, success: 20, fail: 5
Episode: 2523, Reward: 71.0169, success: 20, fail: 5
Episode: 2524, Reward: 79.4331, success: 21, fail: 4
Episode: 2525, Reward: 70.0440, success: 20, fail: 5
Episode: 2526, Reward: 68.5770, success: 20, fail: 5
Episode: 2527, Reward: 70.5983, success: 20, fail: 5
Episode: 2528, Reward: 70.3192, success: 20, fail: 5
Episode: 2529, Reward: 60.1624, success: 19, fail: 6
Episode: 2530, Reward: 68.4978, success: 20, fail: 5
Episode: 2531, Reward: 69.5187, success: 20, fail: 5
Episode: 2532, Reward: 59.1688, success: 19, fail: 6
Episode: 2533, Reward: 69.4325, success: 20, fail: 5
Episode: 2534, Reward: 78.6799, success: 21, fail: 4
Episode: 2535, Reward: 79.0919, success: 21, fail: 4
Episode: 2536, Reward: 70.4415, success: 20, fail: 5
Episode: 2537, Reward: 80.0723, success: 21, fail: 4
Episode: 2538, Reward: 79.2860, success: 21, fail: 4
Episode: 2539, Reward: 79.5062, success: 21, fail: 4
Episode: 2540, Reward: 60.0483, success: 19, fail: 6
Episode: 2541, Reward: 70.0736, success: 20, fail: 5
Episode: 2542, Reward: 60.4601, success: 19, fail: 6
Episode: 2543, Reward: 80.3373, success: 21, fail: 4
Episode: 2544, Reward: 90.8973, success: 22, fail: 3
Episode: 2545, Reward: 90.2359, success: 22, fail: 3
Episode: 2546, Reward: 80.7358, success: 21, fail: 4
Episode: 2547, Reward: 81.3419, success: 21, fail: 4
Episode: 2548, Reward: 71.2922, success: 20, fail: 5
Episode: 2549, Reward: 61.0826, success: 19, fail: 6
Episode: 2550, Reward: 71.7345, success: 20, fail: 5
Episode: 2551, Reward: 81.7017, success: 21, fail: 4
Episode: 2552, Reward: 59.1192, success: 19, fail: 6
Episode: 2553, Reward: 79.0504, success: 21, fail: 4
Episode: 2554, Reward: 79.3241, success: 21, fail: 4
Episode: 2555, Reward: 59.8494, success: 19, fail: 6
Episode: 2556, Reward: 60.6612, success: 19, fail: 6
Episode: 2557, Reward: 60.7222, success: 19, fail: 6
Episode: 2558, Reward: 80.7333, success: 21, fail: 4
Episode: 2559, Reward: 70.0989, success: 20, fail: 5
Episode: 2560, Reward: 70.7960, success: 20, fail: 5
Episode: 2561, Reward: 80.8577, success: 21, fail: 4
Episode: 2562, Reward: 70.0948, success: 20, fail: 5
Episode: 2563, Reward: 79.7028, success: 21, fail: 4
Episode: 2564, Reward: 81.4084, success: 21, fail: 4
Episode: 2565, Reward: 79.5288, success: 21, fail: 4
Episode: 2566, Reward: 60.4321, success: 19, fail: 6
Episode: 2567, Reward: 49.7005, success: 18, fail: 7
Episode: 2568, Reward: 69.8108, success: 20, fail: 5
Episode: 2569, Reward: 81.1907, success: 21, fail: 4
Episode: 2570, Reward: 80.7810, success: 21, fail: 4
Episode: 2571, Reward: 80.3551, success: 21, fail: 4
Episode: 2572, Reward: 68.1438, success: 20, fail: 5
Episode: 2573, Reward: 80.2830, success: 21, fail: 4
Episode: 2574, Reward: 61.7945, success: 19, fail: 6
Episode: 2575, Reward: 79.4342, success: 21, fail: 4
Episode: 2576, Reward: 80.6957, success: 21, fail: 4
Episode: 2577, Reward: 92.2594, success: 22, fail: 3
Episode: 2578, Reward: 81.4521, success: 21, fail: 4
Episode: 2579, Reward: 79.6114, success: 21, fail: 4
Episode: 2580, Reward: 80.0009, success: 21, fail: 4
Episode: 2581, Reward: 70.8983, success: 20, fail: 5
Episode: 2582, Reward: 81.0289, success: 21, fail: 4
Episode: 2583, Reward: 70.2988, success: 20, fail: 5
Episode: 2584, Reward: 81.2238, success: 21, fail: 4
Episode: 2585, Reward: 81.6141, success: 21, fail: 4
Episode: 2586, Reward: 61.9463, success: 19, fail: 6
Episode: 2587, Reward: 72.0405, success: 20, fail: 5
Episode: 2588, Reward: 60.7404, success: 19, fail: 6
Episode: 2589, Reward: 61.0106, success: 19, fail: 6
Episode: 2590, Reward: 79.9500, success: 21, fail: 4
Episode: 2591, Reward: 90.9350, success: 22, fail: 3
Episode: 2592, Reward: 82.0473, success: 21, fail: 4
Episode: 2593, Reward: 81.3730, success: 21, fail: 4
Episode: 2594, Reward: 70.2996, success: 20, fail: 5
Episode: 2595, Reward: 79.4820, success: 21, fail: 4
Episode: 2596, Reward: 70.9402, success: 20, fail: 5
Episode: 2597, Reward: 80.0780, success: 21, fail: 4
Episode: 2598, Reward: 68.6248, success: 20, fail: 5
Episode: 2599, Reward: 70.8451, success: 20, fail: 5
Episode: 2600, Reward: 80.8790, success: 21, fail: 4
Episode: 2601, Reward: 89.8298, success: 22, fail: 3
Episode: 2602, Reward: 80.6083, success: 21, fail: 4
Episode: 2603, Reward: 79.5644, success: 21, fail: 4
Episode: 2604, Reward: 80.6636, success: 21, fail: 4
Episode: 2605, Reward: 79.3892, success: 21, fail: 4
Episode: 2606, Reward: 79.7593, success: 21, fail: 4
Episode: 2607, Reward: 80.4253, success: 21, fail: 4
Episode: 2608, Reward: 80.2420, success: 21, fail: 4
Episode: 2609, Reward: 59.0632, success: 19, fail: 6
Episode: 2610, Reward: 80.7894, success: 21, fail: 4
Episode: 2611, Reward: 69.9466, success: 20, fail: 5
Episode: 2612, Reward: 89.6089, success: 22, fail: 3
Episode: 2613, Reward: 80.7134, success: 21, fail: 4
Episode: 2614, Reward: 90.4634, success: 22, fail: 3
Episode: 2615, Reward: 80.2767, success: 21, fail: 4
Episode: 2616, Reward: 90.9333, success: 22, fail: 3
Episode: 2617, Reward: 71.3820, success: 20, fail: 5
Episode: 2618, Reward: 80.6401, success: 21, fail: 4
Episode: 2619, Reward: 80.2011, success: 21, fail: 4
Episode: 2620, Reward: 79.9622, success: 21, fail: 4
Episode: 2621, Reward: 91.4525, success: 22, fail: 3
Episode: 2622, Reward: 81.2672, success: 21, fail: 4
Episode: 2623, Reward: 79.4185, success: 21, fail: 4
Episode: 2624, Reward: 81.2902, success: 21, fail: 4
Episode: 2625, Reward: 79.9459, success: 21, fail: 4
Episode: 2626, Reward: 81.2526, success: 21, fail: 4
Episode: 2627, Reward: 68.9153, success: 20, fail: 5
Episode: 2628, Reward: 81.2999, success: 21, fail: 4
Episode: 2629, Reward: 91.2099, success: 22, fail: 3
Episode: 2630, Reward: 90.1601, success: 22, fail: 3
Episode: 2631, Reward: 79.0003, success: 21, fail: 4
Episode: 2632, Reward: 70.3749, success: 20, fail: 5
Episode: 2633, Reward: 79.5721, success: 21, fail: 4
Episode: 2634, Reward: 80.9708, success: 21, fail: 4
Episode: 2635, Reward: 61.3133, success: 19, fail: 6
Episode: 2636, Reward: 79.9296, success: 21, fail: 4
Episode: 2637, Reward: 91.5639, success: 22, fail: 3
Episode: 2638, Reward: 71.6114, success: 20, fail: 5
Episode: 2639, Reward: 91.8270, success: 22, fail: 3
Episode: 2640, Reward: 90.6491, success: 22, fail: 3
Episode: 2641, Reward: 90.3487, success: 22, fail: 3
Episode: 2642, Reward: 80.4207, success: 21, fail: 4
Episode: 2643, Reward: 60.4940, success: 19, fail: 6
Episode: 2644, Reward: 81.4926, success: 21, fail: 4
Episode: 2645, Reward: 91.4884, success: 22, fail: 3
Episode: 2646, Reward: 59.9273, success: 19, fail: 6
Episode: 2647, Reward: 90.7893, success: 22, fail: 3
Episode: 2648, Reward: 80.6796, success: 21, fail: 4
Episode: 2649, Reward: 91.0064, success: 22, fail: 3
Episode: 2650, Reward: 91.3126, success: 22, fail: 3
Episode: 2651, Reward: 81.2301, success: 21, fail: 4
Episode: 2652, Reward: 90.8270, success: 22, fail: 3
Episode: 2653, Reward: 92.1467, success: 22, fail: 3
Episode: 2654, Reward: 81.3102, success: 21, fail: 4
Episode: 2655, Reward: 80.5355, success: 21, fail: 4
Episode: 2656, Reward: 81.0560, success: 21, fail: 4
Episode: 2657, Reward: 90.8188, success: 22, fail: 3
Episode: 2658, Reward: 91.8041, success: 22, fail: 3
Episode: 2659, Reward: 80.4201, success: 21, fail: 4
Episode: 2660, Reward: 90.1318, success: 22, fail: 3
Episode: 2661, Reward: 89.7306, success: 22, fail: 3
Episode: 2662, Reward: 80.8399, success: 21, fail: 4
Episode: 2663, Reward: 79.4979, success: 21, fail: 4
Episode: 2664, Reward: 90.5559, success: 22, fail: 3
Episode: 2665, Reward: 89.8060, success: 22, fail: 3
Episode: 2666, Reward: 81.1140, success: 21, fail: 4
Episode: 2667, Reward: 90.9760, success: 22, fail: 3
Episode: 2668, Reward: 69.7906, success: 20, fail: 5
Episode: 2669, Reward: 90.4061, success: 22, fail: 3
Episode: 2670, Reward: 90.6937, success: 22, fail: 3
Episode: 2671, Reward: 90.9259, success: 22, fail: 3
Episode: 2672, Reward: 90.8424, success: 22, fail: 3
Episode: 2673, Reward: 70.6092, success: 20, fail: 5
Episode: 2674, Reward: 80.4659, success: 21, fail: 4
Episode: 2675, Reward: 81.4773, success: 21, fail: 4
Episode: 2676, Reward: 70.8286, success: 20, fail: 5
Episode: 2677, Reward: 69.8739, success: 20, fail: 5
Episode: 2678, Reward: 91.7247, success: 22, fail: 3
Episode: 2679, Reward: 60.6149, success: 19, fail: 6
Episode: 2680, Reward: 71.5116, success: 20, fail: 5
Episode: 2681, Reward: 80.3670, success: 21, fail: 4
Episode: 2682, Reward: 71.0810, success: 20, fail: 5
Episode: 2683, Reward: 80.2586, success: 21, fail: 4
Episode: 2684, Reward: 51.2404, success: 18, fail: 7
Episode: 2685, Reward: 60.6805, success: 19, fail: 6
Episode: 2686, Reward: 70.6220, success: 20, fail: 5
Episode: 2687, Reward: 80.9902, success: 21, fail: 4
Episode: 2688, Reward: 71.1867, success: 20, fail: 5
Episode: 2689, Reward: 91.8458, success: 22, fail: 3
Episode: 2690, Reward: 71.0475, success: 20, fail: 5
Episode: 2691, Reward: 70.9369, success: 20, fail: 5
Episode: 2692, Reward: 69.8811, success: 20, fail: 5
Episode: 2693, Reward: 90.7237, success: 22, fail: 3
Episode: 2694, Reward: 80.7918, success: 21, fail: 4
Episode: 2695, Reward: 70.3453, success: 20, fail: 5
Episode: 2696, Reward: 91.7520, success: 22, fail: 3
Episode: 2697, Reward: 60.3979, success: 19, fail: 6
Episode: 2698, Reward: 80.9782, success: 21, fail: 4
Episode: 2699, Reward: 71.8069, success: 20, fail: 5
Episode: 2700, Reward: 81.1176, success: 21, fail: 4
Episode: 2701, Reward: 60.4600, success: 19, fail: 6
Episode: 2702, Reward: 79.0428, success: 21, fail: 4
Episode: 2703, Reward: 70.2774, success: 20, fail: 5
Episode: 2704, Reward: 61.4284, success: 19, fail: 6
Episode: 2705, Reward: 81.7594, success: 21, fail: 4
Episode: 2706, Reward: 60.5212, success: 19, fail: 6
Episode: 2707, Reward: 81.3213, success: 21, fail: 4
Episode: 2708, Reward: 71.4906, success: 20, fail: 5
Episode: 2709, Reward: 79.4655, success: 21, fail: 4
Episode: 2710, Reward: 51.4617, success: 18, fail: 7
Episode: 2711, Reward: 62.1751, success: 19, fail: 6
Episode: 2712, Reward: 50.1968, success: 18, fail: 7
Episode: 2713, Reward: 70.9640, success: 20, fail: 5
Episode: 2714, Reward: 70.3902, success: 20, fail: 5
Episode: 2715, Reward: 71.0345, success: 20, fail: 5
Episode: 2716, Reward: 71.2709, success: 20, fail: 5
Episode: 2717, Reward: 70.6381, success: 20, fail: 5
Episode: 2718, Reward: 80.5512, success: 21, fail: 4
Episode: 2719, Reward: 80.9679, success: 21, fail: 4
Episode: 2720, Reward: 71.2918, success: 20, fail: 5
Episode: 2721, Reward: 70.1953, success: 20, fail: 5
Episode: 2722, Reward: 61.2935, success: 19, fail: 6
Episode: 2723, Reward: 81.3671, success: 21, fail: 4
Episode: 2724, Reward: 80.9122, success: 21, fail: 4
Episode: 2725, Reward: 91.6859, success: 22, fail: 3
Episode: 2726, Reward: 70.3583, success: 20, fail: 5
Episode: 2727, Reward: 79.4471, success: 21, fail: 4
Episode: 2728, Reward: 81.1724, success: 21, fail: 4
Episode: 2729, Reward: 90.8621, success: 22, fail: 3
Episode: 2730, Reward: 81.3301, success: 21, fail: 4
Episode: 2731, Reward: 80.5481, success: 21, fail: 4
Episode: 2732, Reward: 80.6986, success: 21, fail: 4
Episode: 2733, Reward: 80.7510, success: 21, fail: 4
Episode: 2734, Reward: 80.9838, success: 21, fail: 4
Episode: 2735, Reward: 69.9629, success: 20, fail: 5
Episode: 2736, Reward: 50.0388, success: 18, fail: 7
Episode: 2737, Reward: 81.3893, success: 21, fail: 4
Episode: 2738, Reward: 71.1268, success: 20, fail: 5
Episode: 2739, Reward: 60.7768, success: 19, fail: 6
Episode: 2740, Reward: 70.1009, success: 20, fail: 5
Episode: 2741, Reward: 71.0094, success: 20, fail: 5
Episode: 2742, Reward: 81.3162, success: 21, fail: 4
Episode: 2743, Reward: 81.9003, success: 21, fail: 4
Episode: 2744, Reward: 70.4220, success: 20, fail: 5
Episode: 2745, Reward: 80.1983, success: 21, fail: 4
Episode: 2746, Reward: 70.6318, success: 20, fail: 5
Episode: 2747, Reward: 80.8249, success: 21, fail: 4
Episode: 2748, Reward: 81.5028, success: 21, fail: 4
Episode: 2749, Reward: 71.3825, success: 20, fail: 5
Episode: 2750, Reward: 39.8568, success: 17, fail: 8
Episode: 2751, Reward: 60.7456, success: 19, fail: 6
Episode: 2752, Reward: 90.1031, success: 22, fail: 3
Episode: 2753, Reward: 61.4264, success: 19, fail: 6
Episode: 2754, Reward: 71.1299, success: 20, fail: 5
Episode: 2755, Reward: 91.3761, success: 22, fail: 3
Episode: 2756, Reward: 89.6311, success: 22, fail: 3
Episode: 2757, Reward: 61.2985, success: 19, fail: 6
Episode: 2758, Reward: 80.8811, success: 21, fail: 4
Episode: 2759, Reward: 79.4103, success: 21, fail: 4
Episode: 2760, Reward: 61.5622, success: 19, fail: 6
Episode: 2761, Reward: 70.5721, success: 20, fail: 5
Episode: 2762, Reward: 81.6369, success: 21, fail: 4
Episode: 2763, Reward: 69.8581, success: 20, fail: 5
Episode: 2764, Reward: 61.5647, success: 19, fail: 6
Episode: 2765, Reward: 71.5989, success: 20, fail: 5
Episode: 2766, Reward: 71.3727, success: 20, fail: 5
Episode: 2767, Reward: 81.4335, success: 21, fail: 4
Episode: 2768, Reward: 70.8863, success: 20, fail: 5
Episode: 2769, Reward: 80.4501, success: 21, fail: 4
Episode: 2770, Reward: 81.0354, success: 21, fail: 4
Episode: 2771, Reward: 61.3444, success: 19, fail: 6
Episode: 2772, Reward: 80.4768, success: 21, fail: 4
Episode: 2773, Reward: 51.2027, success: 18, fail: 7
Episode: 2774, Reward: 60.5252, success: 19, fail: 6
Episode: 2775, Reward: 79.7641, success: 21, fail: 4
Episode: 2776, Reward: 70.9401, success: 20, fail: 5
Episode: 2777, Reward: 81.1707, success: 21, fail: 4
Episode: 2778, Reward: 81.5422, success: 21, fail: 4
Episode: 2779, Reward: 81.9546, success: 21, fail: 4
Episode: 2780, Reward: 71.0958, success: 20, fail: 5
Episode: 2781, Reward: 70.3132, success: 20, fail: 5
Episode: 2782, Reward: 49.6963, success: 18, fail: 7
Episode: 2783, Reward: 80.5549, success: 21, fail: 4
Episode: 2784, Reward: 91.4347, success: 22, fail: 3
Episode: 2785, Reward: 71.4654, success: 20, fail: 5
Episode: 2786, Reward: 91.1914, success: 22, fail: 3
Episode: 2787, Reward: 60.9897, success: 19, fail: 6
Episode: 2788, Reward: 71.9241, success: 20, fail: 5
Episode: 2789, Reward: 62.3017, success: 19, fail: 6
Episode: 2790, Reward: 91.5693, success: 22, fail: 3
Episode: 2791, Reward: 70.3708, success: 20, fail: 5
Episode: 2792, Reward: 80.5838, success: 21, fail: 4
Episode: 2793, Reward: 80.2894, success: 21, fail: 4
Episode: 2794, Reward: 81.5787, success: 21, fail: 4
Episode: 2795, Reward: 71.0990, success: 20, fail: 5
Episode: 2796, Reward: 91.0993, success: 22, fail: 3
Episode: 2797, Reward: 71.0414, success: 20, fail: 5
Episode: 2798, Reward: 79.8525, success: 21, fail: 4
Episode: 2799, Reward: 90.0829, success: 22, fail: 3
Episode: 2800, Reward: 60.7691, success: 19, fail: 6
Episode: 2801, Reward: 70.3872, success: 20, fail: 5
Episode: 2802, Reward: 60.5596, success: 19, fail: 6
Episode: 2803, Reward: 71.4200, success: 20, fail: 5
Episode: 2804, Reward: 71.3859, success: 20, fail: 5
Episode: 2805, Reward: 80.2366, success: 21, fail: 4
Episode: 2806, Reward: 59.7134, success: 19, fail: 6
Episode: 2807, Reward: 80.2518, success: 21, fail: 4
Episode: 2808, Reward: 70.5439, success: 20, fail: 5
Episode: 2809, Reward: 70.3254, success: 20, fail: 5
Episode: 2810, Reward: 70.5367, success: 20, fail: 5
Episode: 2811, Reward: 79.8089, success: 21, fail: 4
Episode: 2812, Reward: 60.3251, success: 19, fail: 6
Episode: 2813, Reward: 60.8510, success: 19, fail: 6
Episode: 2814, Reward: 61.4550, success: 19, fail: 6
Episode: 2815, Reward: 80.4846, success: 21, fail: 4
Episode: 2816, Reward: 60.3996, success: 19, fail: 6
Episode: 2817, Reward: 81.5912, success: 21, fail: 4
Episode: 2818, Reward: 71.9192, success: 20, fail: 5
Episode: 2819, Reward: 59.6933, success: 19, fail: 6
Episode: 2820, Reward: 89.3429, success: 22, fail: 3
Episode: 2821, Reward: 81.4409, success: 21, fail: 4
Episode: 2822, Reward: 70.2465, success: 20, fail: 5
Episode: 2823, Reward: 70.5764, success: 20, fail: 5
Episode: 2824, Reward: 70.1518, success: 20, fail: 5
Episode: 2825, Reward: 80.7135, success: 21, fail: 4
Episode: 2826, Reward: 70.7340, success: 20, fail: 5
Episode: 2827, Reward: 69.3536, success: 20, fail: 5
Episode: 2828, Reward: 70.7287, success: 20, fail: 5
Episode: 2829, Reward: 59.8398, success: 19, fail: 6
Episode: 2830, Reward: 70.6849, success: 20, fail: 5
Episode: 2831, Reward: 69.5810, success: 20, fail: 5
Episode: 2832, Reward: 59.5683, success: 19, fail: 6
Episode: 2833, Reward: 90.4379, success: 22, fail: 3
Episode: 2834, Reward: 81.1482, success: 21, fail: 4
Episode: 2835, Reward: 69.4723, success: 20, fail: 5
Episode: 2836, Reward: 70.9571, success: 20, fail: 5
Episode: 2837, Reward: 79.7703, success: 21, fail: 4
Episode: 2838, Reward: 71.0427, success: 20, fail: 5
Episode: 2839, Reward: 89.7381, success: 22, fail: 3
Episode: 2840, Reward: 89.3500, success: 22, fail: 3
Episode: 2841, Reward: 70.7024, success: 20, fail: 5
Episode: 2842, Reward: 71.6965, success: 20, fail: 5
Episode: 2843, Reward: 81.4792, success: 21, fail: 4
Episode: 2844, Reward: 69.7244, success: 20, fail: 5
Episode: 2845, Reward: 59.8781, success: 19, fail: 6
Episode: 2846, Reward: 69.5617, success: 20, fail: 5
Episode: 2847, Reward: 90.7806, success: 22, fail: 3
Episode: 2848, Reward: 71.1440, success: 20, fail: 5
Episode: 2849, Reward: 60.2529, success: 19, fail: 6
Episode: 2850, Reward: 61.1905, success: 19, fail: 6
Episode: 2851, Reward: 70.1097, success: 20, fail: 5
Episode: 2852, Reward: 59.7530, success: 19, fail: 6
Episode: 2853, Reward: 79.9092, success: 21, fail: 4
Episode: 2854, Reward: 81.1505, success: 21, fail: 4
Episode: 2855, Reward: 69.4437, success: 20, fail: 5
Episode: 2856, Reward: 70.7752, success: 20, fail: 5
Episode: 2857, Reward: 81.4474, success: 21, fail: 4
Episode: 2858, Reward: 70.5239, success: 20, fail: 5
Episode: 2859, Reward: 70.4910, success: 20, fail: 5
Episode: 2860, Reward: 70.0742, success: 20, fail: 5
Episode: 2861, Reward: 70.6356, success: 20, fail: 5
Episode: 2862, Reward: 70.7698, success: 20, fail: 5
Episode: 2863, Reward: 79.0213, success: 21, fail: 4
Episode: 2864, Reward: 69.9354, success: 20, fail: 5
Episode: 2865, Reward: 80.7219, success: 21, fail: 4
Episode: 2866, Reward: 90.6090, success: 22, fail: 3
Episode: 2867, Reward: 79.5463, success: 21, fail: 4
Episode: 2868, Reward: 71.0185, success: 20, fail: 5
Episode: 2869, Reward: 70.6833, success: 20, fail: 5
Episode: 2870, Reward: 60.0739, success: 19, fail: 6
Episode: 2871, Reward: 90.5710, success: 22, fail: 3
Episode: 2872, Reward: 80.8754, success: 21, fail: 4
Episode: 2873, Reward: 69.4054, success: 20, fail: 5
Episode: 2874, Reward: 81.1897, success: 21, fail: 4
Episode: 2875, Reward: 89.2082, success: 22, fail: 3
Episode: 2876, Reward: 81.2842, success: 21, fail: 4
Episode: 2877, Reward: 70.4318, success: 20, fail: 5
Episode: 2878, Reward: 99.6247, success: 23, fail: 2
Episode: 2879, Reward: 69.5762, success: 20, fail: 5
Episode: 2880, Reward: 49.8826, success: 18, fail: 7
Episode: 2881, Reward: 80.7328, success: 21, fail: 4
Episode: 2882, Reward: 69.9364, success: 20, fail: 5
Episode: 2883, Reward: 79.8323, success: 21, fail: 4
Episode: 2884, Reward: 90.6966, success: 22, fail: 3
Episode: 2885, Reward: 70.2336, success: 20, fail: 5
Episode: 2886, Reward: 80.1633, success: 21, fail: 4
Episode: 2887, Reward: 90.5740, success: 22, fail: 3
Episode: 2888, Reward: 70.9828, success: 20, fail: 5
Episode: 2889, Reward: 91.1538, success: 22, fail: 3
Episode: 2890, Reward: 59.9369, success: 19, fail: 6
Episode: 2891, Reward: 80.6526, success: 21, fail: 4
Episode: 2892, Reward: 80.7977, success: 21, fail: 4
Episode: 2893, Reward: 70.6532, success: 20, fail: 5
Episode: 2894, Reward: 69.9344, success: 20, fail: 5
Episode: 2895, Reward: 91.3548, success: 22, fail: 3
Episode: 2896, Reward: 70.9315, success: 20, fail: 5
Episode: 2897, Reward: 80.1735, success: 21, fail: 4
Episode: 2898, Reward: 100.8743, success: 23, fail: 2
Episode: 2899, Reward: 70.2010, success: 20, fail: 5
Episode: 2900, Reward: 80.5071, success: 21, fail: 4
Episode: 2901, Reward: 100.9598, success: 23, fail: 2
Episode: 2902, Reward: 59.5324, success: 19, fail: 6
Episode: 2903, Reward: 71.0559, success: 20, fail: 5
Episode: 2904, Reward: 61.3738, success: 19, fail: 6
Episode: 2905, Reward: 81.4804, success: 21, fail: 4
Episode: 2906, Reward: 90.9801, success: 22, fail: 3
Episode: 2907, Reward: 79.3364, success: 21, fail: 4
Episode: 2908, Reward: 60.3402, success: 19, fail: 6
Episode: 2909, Reward: 81.0002, success: 21, fail: 4
Episode: 2910, Reward: 70.6001, success: 20, fail: 5
Episode: 2911, Reward: 80.6353, success: 21, fail: 4
Episode: 2912, Reward: 51.4420, success: 18, fail: 7
Episode: 2913, Reward: 91.3558, success: 22, fail: 3
Episode: 2914, Reward: 89.1051, success: 22, fail: 3
Episode: 2915, Reward: 70.5008, success: 20, fail: 5
Episode: 2916, Reward: 70.5748, success: 20, fail: 5
Episode: 2917, Reward: 80.4002, success: 21, fail: 4
Episode: 2918, Reward: 80.2146, success: 21, fail: 4
Episode: 2919, Reward: 61.0004, success: 19, fail: 6
Episode: 2920, Reward: 61.8220, success: 19, fail: 6
Episode: 2921, Reward: 79.3436, success: 21, fail: 4
Episode: 2922, Reward: 91.0711, success: 22, fail: 3
Episode: 2923, Reward: 60.8944, success: 19, fail: 6
Episode: 2924, Reward: 60.8094, success: 19, fail: 6
Episode: 2925, Reward: 61.2359, success: 19, fail: 6
Episode: 2926, Reward: 70.0897, success: 20, fail: 5
Episode: 2927, Reward: 90.4747, success: 22, fail: 3
Episode: 2928, Reward: 70.3790, success: 20, fail: 5
Episode: 2929, Reward: 72.4921, success: 20, fail: 5
Episode: 2930, Reward: 79.5822, success: 21, fail: 4
Episode: 2931, Reward: 70.4253, success: 20, fail: 5
Episode: 2932, Reward: 90.9476, success: 22, fail: 3
Episode: 2933, Reward: 81.2304, success: 21, fail: 4
Episode: 2934, Reward: 80.8991, success: 21, fail: 4
Episode: 2935, Reward: 90.1474, success: 22, fail: 3
Episode: 2936, Reward: 70.7308, success: 20, fail: 5
Episode: 2937, Reward: 81.1358, success: 21, fail: 4
Episode: 2938, Reward: 79.6427, success: 21, fail: 4
Episode: 2939, Reward: 60.8282, success: 19, fail: 6
Episode: 2940, Reward: 81.7225, success: 21, fail: 4
Episode: 2941, Reward: 70.4598, success: 20, fail: 5
Episode: 2942, Reward: 68.9468, success: 20, fail: 5
Episode: 2943, Reward: 81.2368, success: 21, fail: 4
Episode: 2944, Reward: 71.0204, success: 20, fail: 5
Episode: 2945, Reward: 70.4810, success: 20, fail: 5
Episode: 2946, Reward: 89.1962, success: 22, fail: 3
Episode: 2947, Reward: 81.3935, success: 21, fail: 4
Episode: 2948, Reward: 79.9267, success: 21, fail: 4
Episode: 2949, Reward: 91.5201, success: 22, fail: 3
Episode: 2950, Reward: 70.8770, success: 20, fail: 5
Episode: 2951, Reward: 80.2336, success: 21, fail: 4
Episode: 2952, Reward: 80.6735, success: 21, fail: 4
Episode: 2953, Reward: 70.1469, success: 20, fail: 5
Episode: 2954, Reward: 70.6386, success: 20, fail: 5
Episode: 2955, Reward: 69.9994, success: 20, fail: 5
Episode: 2956, Reward: 81.1348, success: 21, fail: 4
Episode: 2957, Reward: 81.0650, success: 21, fail: 4
Episode: 2958, Reward: 90.6940, success: 22, fail: 3
Episode: 2959, Reward: 71.0575, success: 20, fail: 5
Episode: 2960, Reward: 80.5871, success: 21, fail: 4
Episode: 2961, Reward: 79.8992, success: 21, fail: 4
Episode: 2962, Reward: 90.1379, success: 22, fail: 3
Episode: 2963, Reward: 69.7805, success: 20, fail: 5
Episode: 2964, Reward: 80.2732, success: 21, fail: 4
Episode: 2965, Reward: 60.6388, success: 19, fail: 6
Episode: 2966, Reward: 80.6281, success: 21, fail: 4
Episode: 2967, Reward: 70.0130, success: 20, fail: 5
Episode: 2968, Reward: 71.2990, success: 20, fail: 5
Episode: 2969, Reward: 88.1123, success: 22, fail: 3
Episode: 2970, Reward: 89.8517, success: 22, fail: 3
Episode: 2971, Reward: 81.6075, success: 21, fail: 4
Episode: 2972, Reward: 90.7217, success: 22, fail: 3
Episode: 2973, Reward: 80.3221, success: 21, fail: 4
Episode: 2974, Reward: 81.1023, success: 21, fail: 4
Episode: 2975, Reward: 80.0344, success: 21, fail: 4
Episode: 2976, Reward: 80.4391, success: 21, fail: 4
Episode: 2977, Reward: 80.3914, success: 21, fail: 4
Episode: 2978, Reward: 71.7657, success: 20, fail: 5
Episode: 2979, Reward: 69.4037, success: 20, fail: 5
Episode: 2980, Reward: 100.7642, success: 23, fail: 2
Episode: 2981, Reward: 60.6016, success: 19, fail: 6
Episode: 2982, Reward: 80.4824, success: 21, fail: 4
Episode: 2983, Reward: 90.1384, success: 22, fail: 3
Episode: 2984, Reward: 60.1800, success: 19, fail: 6
Episode: 2985, Reward: 70.8050, success: 20, fail: 5
Episode: 2986, Reward: 80.5984, success: 21, fail: 4
Episode: 2987, Reward: 71.2941, success: 20, fail: 5
Episode: 2988, Reward: 91.1437, success: 22, fail: 3
Episode: 2989, Reward: 101.4965, success: 23, fail: 2
Episode: 2990, Reward: 80.2775, success: 21, fail: 4
Episode: 2991, Reward: 58.9531, success: 19, fail: 6
Episode: 2992, Reward: 62.0622, success: 19, fail: 6
Episode: 2993, Reward: 59.9117, success: 19, fail: 6
Episode: 2994, Reward: 80.7313, success: 21, fail: 4
Episode: 2995, Reward: 81.7141, success: 21, fail: 4
Episode: 2996, Reward: 61.7608, success: 19, fail: 6
Episode: 2997, Reward: 71.0178, success: 20, fail: 5
Episode: 2998, Reward: 70.6374, success: 20, fail: 5
Episode: 2999, Reward: 81.5927, success: 21, fail: 4
Episode: 3000, Reward: 70.1902, success: 20, fail: 5
Episode: 3001, Reward: 60.3841, success: 19, fail: 6
Episode: 3002, Reward: 89.5187, success: 22, fail: 3
Episode: 3003, Reward: 90.4423, success: 22, fail: 3
Episode: 3004, Reward: 91.0943, success: 22, fail: 3
Episode: 3005, Reward: 80.3833, success: 21, fail: 4
Episode: 3006, Reward: 70.6184, success: 20, fail: 5
Episode: 3007, Reward: 70.4627, success: 20, fail: 5
Episode: 3008, Reward: 80.9250, success: 21, fail: 4
Episode: 3009, Reward: 81.3620, success: 21, fail: 4
Episode: 3010, Reward: 50.7476, success: 18, fail: 7
Episode: 3011, Reward: 71.1610, success: 20, fail: 5
Episode: 3012, Reward: 61.4448, success: 19, fail: 6
Episode: 3013, Reward: 80.6403, success: 21, fail: 4
Episode: 3014, Reward: 71.6924, success: 20, fail: 5
Episode: 3015, Reward: 70.3986, success: 20, fail: 5
Episode: 3016, Reward: 50.9969, success: 18, fail: 7
Episode: 3017, Reward: 81.1484, success: 21, fail: 4
Episode: 3018, Reward: 60.9133, success: 19, fail: 6
Episode: 3019, Reward: 71.2283, success: 20, fail: 5
Episode: 3020, Reward: 81.9184, success: 21, fail: 4
Episode: 3021, Reward: 61.1565, success: 19, fail: 6
Episode: 3022, Reward: 79.3770, success: 21, fail: 4
Episode: 3023, Reward: 61.0204, success: 19, fail: 6
Episode: 3024, Reward: 80.6326, success: 21, fail: 4
Episode: 3025, Reward: 81.0779, success: 21, fail: 4
Episode: 3026, Reward: 70.5612, success: 20, fail: 5
Episode: 3027, Reward: 51.5064, success: 18, fail: 7
Episode: 3028, Reward: 71.5803, success: 20, fail: 5
Episode: 3029, Reward: 61.0281, success: 19, fail: 6
Episode: 3030, Reward: 50.7079, success: 18, fail: 7
Episode: 3031, Reward: 61.7609, success: 19, fail: 6
Episode: 3032, Reward: 60.6620, success: 19, fail: 6
Episode: 3033, Reward: 71.5540, success: 20, fail: 5
Episode: 3034, Reward: 70.9662, success: 20, fail: 5
Episode: 3035, Reward: 60.7544, success: 19, fail: 6
Episode: 3036, Reward: 70.5119, success: 20, fail: 5
Episode: 3037, Reward: 49.0188, success: 18, fail: 7
Episode: 3038, Reward: 81.9545, success: 21, fail: 4
Episode: 3039, Reward: 70.9181, success: 20, fail: 5
Episode: 3040, Reward: 80.9615, success: 21, fail: 4
Episode: 3041, Reward: 70.1808, success: 20, fail: 5
Episode: 3042, Reward: 70.8582, success: 20, fail: 5
Episode: 3043, Reward: 61.3115, success: 19, fail: 6
Episode: 3044, Reward: 81.4330, success: 21, fail: 4
Episode: 3045, Reward: 80.9763, success: 21, fail: 4
Episode: 3046, Reward: 81.8506, success: 21, fail: 4
Episode: 3047, Reward: 81.3316, success: 21, fail: 4
Episode: 3048, Reward: 49.7511, success: 18, fail: 7
Episode: 3049, Reward: 70.8855, success: 20, fail: 5
Episode: 3050, Reward: 61.2575, success: 19, fail: 6
Episode: 3051, Reward: 50.9116, success: 18, fail: 7
Episode: 3052, Reward: 80.9032, success: 21, fail: 4
Episode: 3053, Reward: 50.5753, success: 18, fail: 7
Episode: 3054, Reward: 61.5082, success: 19, fail: 6
Episode: 3055, Reward: 60.0587, success: 19, fail: 6
Episode: 3056, Reward: 61.8020, success: 19, fail: 6
Episode: 3057, Reward: 91.1291, success: 22, fail: 3
Episode: 3058, Reward: 61.7982, success: 19, fail: 6
Episode: 3059, Reward: 71.1598, success: 20, fail: 5
Episode: 3060, Reward: 81.9014, success: 21, fail: 4
Episode: 3061, Reward: 71.6522, success: 20, fail: 5
Episode: 3062, Reward: 42.4182, success: 17, fail: 8
Episode: 3063, Reward: 71.7376, success: 20, fail: 5
Episode: 3064, Reward: 71.7574, success: 20, fail: 5
Episode: 3065, Reward: 51.7191, success: 18, fail: 7
Episode: 3066, Reward: 50.9291, success: 18, fail: 7
Episode: 3067, Reward: 62.0284, success: 19, fail: 6
Episode: 3068, Reward: 61.6406, success: 19, fail: 6
Episode: 3069, Reward: 50.8634, success: 18, fail: 7
Episode: 3070, Reward: 80.4004, success: 21, fail: 4
Episode: 3071, Reward: 61.6551, success: 19, fail: 6
Episode: 3072, Reward: 60.8315, success: 19, fail: 6
Episode: 3073, Reward: 71.1330, success: 20, fail: 5
Episode: 3074, Reward: 62.1324, success: 19, fail: 6
Episode: 3075, Reward: 71.5661, success: 20, fail: 5
Episode: 3076, Reward: 61.7353, success: 19, fail: 6
Episode: 3077, Reward: 41.5695, success: 17, fail: 8
Episode: 3078, Reward: 60.7936, success: 19, fail: 6
Episode: 3079, Reward: 61.9039, success: 19, fail: 6
Episode: 3080, Reward: 71.1444, success: 20, fail: 5
Episode: 3081, Reward: 71.0438, success: 20, fail: 5
Episode: 3082, Reward: 61.7139, success: 19, fail: 6
Episode: 3083, Reward: 70.8878, success: 20, fail: 5
Episode: 3084, Reward: 62.3771, success: 19, fail: 6
Episode: 3085, Reward: 61.5876, success: 19, fail: 6
Episode: 3086, Reward: 72.1300, success: 20, fail: 5
Episode: 3087, Reward: 60.7089, success: 19, fail: 6
Episode: 3088, Reward: 61.3640, success: 19, fail: 6
Episode: 3089, Reward: 71.1012, success: 20, fail: 5
Episode: 3090, Reward: 70.5583, success: 20, fail: 5
Episode: 3091, Reward: 61.0768, success: 19, fail: 6
Episode: 3092, Reward: 72.1501, success: 20, fail: 5
Episode: 3093, Reward: 60.2089, success: 19, fail: 6
Episode: 3094, Reward: 61.2545, success: 19, fail: 6
Episode: 3095, Reward: 41.6368, success: 17, fail: 8
Episode: 3096, Reward: 72.0948, success: 20, fail: 5
Episode: 3097, Reward: 70.4847, success: 20, fail: 5
Episode: 3098, Reward: 40.9898, success: 17, fail: 8
Episode: 3099, Reward: 69.4837, success: 20, fail: 5
Episode: 3100, Reward: 70.5203, success: 20, fail: 5
Episode: 3101, Reward: 41.2271, success: 17, fail: 8
Episode: 3102, Reward: 51.5825, success: 18, fail: 7
Episode: 3103, Reward: 81.0706, success: 21, fail: 4
Episode: 3104, Reward: 61.4753, success: 19, fail: 6
Episode: 3105, Reward: 61.1092, success: 19, fail: 6
Episode: 3106, Reward: 60.9454, success: 19, fail: 6
Episode: 3107, Reward: 81.6316, success: 21, fail: 4
Episode: 3108, Reward: 61.3488, success: 19, fail: 6
Episode: 3109, Reward: 51.4666, success: 18, fail: 7
Episode: 3110, Reward: 51.2091, success: 18, fail: 7
Episode: 3111, Reward: 49.9171, success: 18, fail: 7
Episode: 3112, Reward: 71.9928, success: 20, fail: 5
Episode: 3113, Reward: 61.5909, success: 19, fail: 6
Episode: 3114, Reward: 81.4088, success: 21, fail: 4
Episode: 3115, Reward: 61.1867, success: 19, fail: 6
Episode: 3116, Reward: 91.8110, success: 22, fail: 3
Episode: 3117, Reward: 61.1747, success: 19, fail: 6
Episode: 3118, Reward: 70.1481, success: 20, fail: 5
Episode: 3119, Reward: 51.8700, success: 18, fail: 7
Episode: 3120, Reward: 71.0341, success: 20, fail: 5
Episode: 3121, Reward: 61.8587, success: 19, fail: 6
Episode: 3122, Reward: 61.3490, success: 19, fail: 6
Episode: 3123, Reward: 60.3537, success: 19, fail: 6
Episode: 3124, Reward: 62.5249, success: 19, fail: 6
Episode: 3125, Reward: 70.6215, success: 20, fail: 5
Episode: 3126, Reward: 61.1597, success: 19, fail: 6
Episode: 3127, Reward: 62.7415, success: 19, fail: 6
Episode: 3128, Reward: 81.6034, success: 21, fail: 4
Episode: 3129, Reward: 61.4056, success: 19, fail: 6
Episode: 3130, Reward: 72.3337, success: 20, fail: 5
Episode: 3131, Reward: 72.6376, success: 20, fail: 5
Episode: 3132, Reward: 61.4275, success: 19, fail: 6
Episode: 3133, Reward: 51.6826, success: 18, fail: 7
Episode: 3134, Reward: 41.8378, success: 17, fail: 8
Episode: 3135, Reward: 62.6546, success: 19, fail: 6
Episode: 3136, Reward: 51.5895, success: 18, fail: 7
Episode: 3137, Reward: 82.0916, success: 21, fail: 4
Episode: 3138, Reward: 72.0717, success: 20, fail: 5
Episode: 3139, Reward: 62.8639, success: 19, fail: 6
Episode: 3140, Reward: 51.9560, success: 18, fail: 7
Episode: 3141, Reward: 72.3803, success: 20, fail: 5
Episode: 3142, Reward: 41.4019, success: 17, fail: 8
Episode: 3143, Reward: 82.1536, success: 21, fail: 4
Episode: 3144, Reward: 82.2871, success: 21, fail: 4
Episode: 3145, Reward: 91.1462, success: 22, fail: 3
Episode: 3146, Reward: 62.1269, success: 19, fail: 6
Episode: 3147, Reward: 61.4385, success: 19, fail: 6
Episode: 3148, Reward: 71.7808, success: 20, fail: 5
Episode: 3149, Reward: 62.1523, success: 19, fail: 6
Episode: 3150, Reward: 71.5021, success: 20, fail: 5
Episode: 3151, Reward: 71.6484, success: 20, fail: 5
Episode: 3152, Reward: 71.0364, success: 20, fail: 5
Episode: 3153, Reward: 50.8156, success: 18, fail: 7
Episode: 3154, Reward: 101.6290, success: 23, fail: 2
Episode: 3155, Reward: 51.7369, success: 18, fail: 7
Episode: 3156, Reward: 41.6018, success: 17, fail: 8
Episode: 3157, Reward: 62.6817, success: 19, fail: 6
Episode: 3158, Reward: 62.2384, success: 19, fail: 6
Episode: 3159, Reward: 62.0788, success: 19, fail: 6
Episode: 3160, Reward: 60.8561, success: 19, fail: 6
Episode: 3161, Reward: 62.5084, success: 19, fail: 6
Episode: 3162, Reward: 72.0696, success: 20, fail: 5
Episode: 3163, Reward: 81.5760, success: 21, fail: 4
Episode: 3164, Reward: 62.4140, success: 19, fail: 6
Episode: 3165, Reward: 71.5262, success: 20, fail: 5
Episode: 3166, Reward: 71.9432, success: 20, fail: 5
Episode: 3167, Reward: 71.2855, success: 20, fail: 5
Episode: 3168, Reward: 40.8970, success: 17, fail: 8
Episode: 3169, Reward: 59.7406, success: 19, fail: 6
Episode: 3170, Reward: 71.5800, success: 20, fail: 5
Episode: 3171, Reward: 50.8835, success: 18, fail: 7
Episode: 3172, Reward: 91.1441, success: 22, fail: 3
Episode: 3173, Reward: 62.3968, success: 19, fail: 6
Episode: 3174, Reward: 62.2881, success: 19, fail: 6
Episode: 3175, Reward: 52.4669, success: 18, fail: 7
Episode: 3176, Reward: 70.5371, success: 20, fail: 5
Episode: 3177, Reward: 41.7612, success: 17, fail: 8
Episode: 3178, Reward: 42.0878, success: 17, fail: 8
Episode: 3179, Reward: 51.3827, success: 18, fail: 7
Episode: 3180, Reward: 62.1490, success: 19, fail: 6
Episode: 3181, Reward: 61.1811, success: 19, fail: 6
Episode: 3182, Reward: 70.7182, success: 20, fail: 5
Episode: 3183, Reward: 52.4158, success: 18, fail: 7
Episode: 3184, Reward: 81.3116, success: 21, fail: 4
Episode: 3185, Reward: 62.4545, success: 19, fail: 6
Episode: 3186, Reward: 62.0039, success: 19, fail: 6
Episode: 3187, Reward: 41.0401, success: 17, fail: 8
Episode: 3188, Reward: 61.8006, success: 19, fail: 6
Episode: 3189, Reward: 42.3497, success: 17, fail: 8
Episode: 3190, Reward: 61.6915, success: 19, fail: 6
Episode: 3191, Reward: 71.7069, success: 20, fail: 5
Episode: 3192, Reward: 81.3325, success: 21, fail: 4
Episode: 3193, Reward: 71.5581, success: 20, fail: 5
Episode: 3194, Reward: 82.0010, success: 21, fail: 4
Episode: 3195, Reward: 81.8304, success: 21, fail: 4
Episode: 3196, Reward: 73.0078, success: 20, fail: 5
Episode: 3197, Reward: 80.8775, success: 21, fail: 4
Episode: 3198, Reward: 52.0884, success: 18, fail: 7
Episode: 3199, Reward: 82.4019, success: 21, fail: 4
Episode: 3200, Reward: 60.3606, success: 19, fail: 6
Episode: 3201, Reward: 81.5826, success: 21, fail: 4
Episode: 3202, Reward: 61.1776, success: 19, fail: 6
Episode: 3203, Reward: 50.9882, success: 18, fail: 7
Episode: 3204, Reward: 60.9944, success: 19, fail: 6
Episode: 3205, Reward: 60.3576, success: 19, fail: 6
Episode: 3206, Reward: 71.2534, success: 20, fail: 5
Episode: 3207, Reward: 52.3489, success: 18, fail: 7
Episode: 3208, Reward: 71.9299, success: 20, fail: 5
Episode: 3209, Reward: 71.0417, success: 20, fail: 5
Episode: 3210, Reward: 62.0020, success: 19, fail: 6
Episode: 3211, Reward: 71.5727, success: 20, fail: 5
Episode: 3212, Reward: 62.1862, success: 19, fail: 6
Episode: 3213, Reward: 82.6748, success: 21, fail: 4
Episode: 3214, Reward: 71.4688, success: 20, fail: 5
Episode: 3215, Reward: 51.0558, success: 18, fail: 7
Episode: 3216, Reward: 70.7219, success: 20, fail: 5
Episode: 3217, Reward: 52.1872, success: 18, fail: 7
Episode: 3218, Reward: 60.5435, success: 19, fail: 6
Episode: 3219, Reward: 50.8030, success: 18, fail: 7
Episode: 3220, Reward: 61.8607, success: 19, fail: 6
Episode: 3221, Reward: 61.9271, success: 19, fail: 6
Episode: 3222, Reward: 49.6910, success: 18, fail: 7
Episode: 3223, Reward: 72.0465, success: 20, fail: 5
Episode: 3224, Reward: 72.4305, success: 20, fail: 5
Episode: 3225, Reward: 81.4676, success: 21, fail: 4
Episode: 3226, Reward: 81.5553, success: 21, fail: 4
Episode: 3227, Reward: 71.8853, success: 20, fail: 5
Episode: 3228, Reward: 62.2381, success: 19, fail: 6
Episode: 3229, Reward: 61.7791, success: 19, fail: 6
Episode: 3230, Reward: 82.2596, success: 21, fail: 4
Episode: 3231, Reward: 71.9344, success: 20, fail: 5
Episode: 3232, Reward: 62.0158, success: 19, fail: 6
Episode: 3233, Reward: 92.9550, success: 22, fail: 3
Episode: 3234, Reward: 61.7860, success: 19, fail: 6
Episode: 3235, Reward: 71.1527, success: 20, fail: 5
Episode: 3236, Reward: 90.9651, success: 22, fail: 3
Episode: 3237, Reward: 71.6006, success: 20, fail: 5
Episode: 3238, Reward: 92.6809, success: 22, fail: 3
Episode: 3239, Reward: 71.4952, success: 20, fail: 5
Episode: 3240, Reward: 82.4181, success: 21, fail: 4
Episode: 3241, Reward: 81.5569, success: 21, fail: 4
Episode: 3242, Reward: 70.8257, success: 20, fail: 5
Episode: 3243, Reward: 92.1905, success: 22, fail: 3
Episode: 3244, Reward: 70.8749, success: 20, fail: 5
Episode: 3245, Reward: 72.0720, success: 20, fail: 5
Episode: 3246, Reward: 82.0733, success: 21, fail: 4
Episode: 3247, Reward: 71.6353, success: 20, fail: 5
Episode: 3248, Reward: 73.5062, success: 20, fail: 5
Episode: 3249, Reward: 71.0075, success: 20, fail: 5
Episode: 3250, Reward: 71.1659, success: 20, fail: 5
Episode: 3251, Reward: 61.9994, success: 19, fail: 6
Episode: 3252, Reward: 92.0920, success: 22, fail: 3
Episode: 3253, Reward: 71.5305, success: 20, fail: 5
Episode: 3254, Reward: 71.8513, success: 20, fail: 5
Episode: 3255, Reward: 82.5299, success: 21, fail: 4
Episode: 3256, Reward: 82.1611, success: 21, fail: 4
Episode: 3257, Reward: 80.9641, success: 21, fail: 4
Episode: 3258, Reward: 71.8841, success: 20, fail: 5
Episode: 3259, Reward: 81.5454, success: 21, fail: 4
Episode: 3260, Reward: 61.2391, success: 19, fail: 6
Episode: 3261, Reward: 81.9024, success: 21, fail: 4
Episode: 3262, Reward: 81.0633, success: 21, fail: 4
Episode: 3263, Reward: 61.8790, success: 19, fail: 6
Episode: 3264, Reward: 82.1060, success: 21, fail: 4
Episode: 3265, Reward: 92.4469, success: 22, fail: 3
Episode: 3266, Reward: 81.5330, success: 21, fail: 4
Episode: 3267, Reward: 81.5236, success: 21, fail: 4
Episode: 3268, Reward: 62.7726, success: 19, fail: 6
Episode: 3269, Reward: 82.0557, success: 21, fail: 4
Episode: 3270, Reward: 72.8905, success: 20, fail: 5
Episode: 3271, Reward: 71.3176, success: 20, fail: 5
Episode: 3272, Reward: 101.4053, success: 23, fail: 2
Episode: 3273, Reward: 72.4997, success: 20, fail: 5
Episode: 3274, Reward: 82.5606, success: 21, fail: 4
Episode: 3275, Reward: 72.6088, success: 20, fail: 5
Episode: 3276, Reward: 72.8259, success: 20, fail: 5
Episode: 3277, Reward: 91.5352, success: 22, fail: 3
Episode: 3278, Reward: 61.9245, success: 19, fail: 6
Episode: 3279, Reward: 80.7639, success: 21, fail: 4
Episode: 3280, Reward: 71.6812, success: 20, fail: 5
Episode: 3281, Reward: 82.2996, success: 21, fail: 4
Episode: 3282, Reward: 71.1153, success: 20, fail: 5
Episode: 3283, Reward: 62.4782, success: 19, fail: 6
Episode: 3284, Reward: 91.4564, success: 22, fail: 3
Episode: 3285, Reward: 72.3002, success: 20, fail: 5
Episode: 3286, Reward: 71.6697, success: 20, fail: 5
Episode: 3287, Reward: 80.9021, success: 21, fail: 4
Episode: 3288, Reward: 81.6603, success: 21, fail: 4
Episode: 3289, Reward: 71.5884, success: 20, fail: 5
Episode: 3290, Reward: 92.9453, success: 22, fail: 3
Episode: 3291, Reward: 91.6200, success: 22, fail: 3
Episode: 3292, Reward: 71.7623, success: 20, fail: 5
Episode: 3293, Reward: 52.2207, success: 18, fail: 7
Episode: 3294, Reward: 81.5461, success: 21, fail: 4
Episode: 3295, Reward: 71.8696, success: 20, fail: 5
Episode: 3296, Reward: 80.7316, success: 21, fail: 4
Episode: 3297, Reward: 61.8492, success: 19, fail: 6
Episode: 3298, Reward: 90.6982, success: 22, fail: 3
Episode: 3299, Reward: 70.2121, success: 20, fail: 5
Episode: 3300, Reward: 92.0215, success: 22, fail: 3
Episode: 3301, Reward: 72.7883, success: 20, fail: 5
Episode: 3302, Reward: 51.9242, success: 18, fail: 7
Episode: 3303, Reward: 51.0965, success: 18, fail: 7
Episode: 3304, Reward: 71.5609, success: 20, fail: 5
Episode: 3305, Reward: 72.6806, success: 20, fail: 5
Episode: 3306, Reward: 60.7647, success: 19, fail: 6
Episode: 3307, Reward: 81.9938, success: 21, fail: 4
Episode: 3308, Reward: 83.0809, success: 21, fail: 4
Episode: 3309, Reward: 91.2772, success: 22, fail: 3
Episode: 3310, Reward: 83.0598, success: 21, fail: 4
Episode: 3311, Reward: 81.3275, success: 21, fail: 4
Episode: 3312, Reward: 62.4427, success: 19, fail: 6
Episode: 3313, Reward: 71.8502, success: 20, fail: 5
Episode: 3314, Reward: 50.1791, success: 18, fail: 7
Episode: 3315, Reward: 61.8216, success: 19, fail: 6
Episode: 3316, Reward: 72.4523, success: 20, fail: 5
Episode: 3317, Reward: 71.6108, success: 20, fail: 5
Episode: 3318, Reward: 70.9501, success: 20, fail: 5
Episode: 3319, Reward: 80.8349, success: 21, fail: 4
Episode: 3320, Reward: 81.3631, success: 21, fail: 4
Episode: 3321, Reward: 61.1896, success: 19, fail: 6
Episode: 3322, Reward: 81.1502, success: 21, fail: 4
Episode: 3323, Reward: 101.2061, success: 23, fail: 2
Episode: 3324, Reward: 90.3156, success: 22, fail: 3
Episode: 3325, Reward: 50.9645, success: 18, fail: 7
Episode: 3326, Reward: 71.9734, success: 20, fail: 5
Episode: 3327, Reward: 81.5448, success: 21, fail: 4
Episode: 3328, Reward: 81.1801, success: 21, fail: 4
Episode: 3329, Reward: 81.0613, success: 21, fail: 4
Episode: 3330, Reward: 71.7567, success: 20, fail: 5
Episode: 3331, Reward: 51.1316, success: 18, fail: 7
Episode: 3332, Reward: 90.9602, success: 22, fail: 3
Episode: 3333, Reward: 81.6533, success: 21, fail: 4
Episode: 3334, Reward: 91.0278, success: 22, fail: 3
Episode: 3335, Reward: 71.0633, success: 20, fail: 5
Episode: 3336, Reward: 61.5062, success: 19, fail: 6
Episode: 3337, Reward: 71.3791, success: 20, fail: 5
Episode: 3338, Reward: 71.8250, success: 20, fail: 5
Episode: 3339, Reward: 60.2897, success: 19, fail: 6
Episode: 3340, Reward: 82.1244, success: 21, fail: 4
Episode: 3341, Reward: 82.2466, success: 21, fail: 4
Episode: 3342, Reward: 81.0794, success: 21, fail: 4
Episode: 3343, Reward: 81.7320, success: 21, fail: 4
Episode: 3344, Reward: 81.1414, success: 21, fail: 4
Episode: 3345, Reward: 61.6193, success: 19, fail: 6
Episode: 3346, Reward: 70.7768, success: 20, fail: 5
Episode: 3347, Reward: 71.2067, success: 20, fail: 5
Episode: 3348, Reward: 81.6111, success: 21, fail: 4
Episode: 3349, Reward: 71.1533, success: 20, fail: 5
Episode: 3350, Reward: 69.8314, success: 20, fail: 5
Episode: 3351, Reward: 70.9391, success: 20, fail: 5
Episode: 3352, Reward: 71.2902, success: 20, fail: 5
Episode: 3353, Reward: 81.4925, success: 21, fail: 4
Episode: 3354, Reward: 73.0096, success: 20, fail: 5
Episode: 3355, Reward: 71.9281, success: 20, fail: 5
Episode: 3356, Reward: 70.8526, success: 20, fail: 5
Episode: 3357, Reward: 72.3388, success: 20, fail: 5
Episode: 3358, Reward: 92.4521, success: 22, fail: 3
Episode: 3359, Reward: 81.8108, success: 21, fail: 4
Episode: 3360, Reward: 81.7762, success: 21, fail: 4
Episode: 3361, Reward: 70.7435, success: 20, fail: 5
Episode: 3362, Reward: 81.1463, success: 21, fail: 4
Episode: 3363, Reward: 91.6330, success: 22, fail: 3
Episode: 3364, Reward: 62.9811, success: 19, fail: 6
Episode: 3365, Reward: 70.7495, success: 20, fail: 5
Episode: 3366, Reward: 81.4044, success: 21, fail: 4
Episode: 3367, Reward: 70.1610, success: 20, fail: 5
Episode: 3368, Reward: 71.3805, success: 20, fail: 5
Episode: 3369, Reward: 62.3843, success: 19, fail: 6
Episode: 3370, Reward: 70.2854, success: 20, fail: 5
Episode: 3371, Reward: 81.7959, success: 21, fail: 4
Episode: 3372, Reward: 91.2775, success: 22, fail: 3
Episode: 3373, Reward: 70.2445, success: 20, fail: 5
Episode: 3374, Reward: 71.2493, success: 20, fail: 5
Episode: 3375, Reward: 61.4008, success: 19, fail: 6
Episode: 3376, Reward: 61.7600, success: 19, fail: 6
Episode: 3377, Reward: 61.7991, success: 19, fail: 6
Episode: 3378, Reward: 81.0392, success: 21, fail: 4
Episode: 3379, Reward: 80.8808, success: 21, fail: 4
Episode: 3380, Reward: 72.7074, success: 20, fail: 5
Episode: 3381, Reward: 82.7840, success: 21, fail: 4
Episode: 3382, Reward: 61.2182, success: 19, fail: 6
Episode: 3383, Reward: 61.6070, success: 19, fail: 6
Episode: 3384, Reward: 61.7398, success: 19, fail: 6
Episode: 3385, Reward: 71.0355, success: 20, fail: 5
Episode: 3386, Reward: 61.5977, success: 19, fail: 6
Episode: 3387, Reward: 80.7659, success: 21, fail: 4
Episode: 3388, Reward: 92.1096, success: 22, fail: 3
Episode: 3389, Reward: 81.0052, success: 21, fail: 4
Episode: 3390, Reward: 80.8992, success: 21, fail: 4
Episode: 3391, Reward: 71.5401, success: 20, fail: 5
Episode: 3392, Reward: 80.8368, success: 21, fail: 4
Episode: 3393, Reward: 82.1096, success: 21, fail: 4
Episode: 3394, Reward: 81.9941, success: 21, fail: 4
Episode: 3395, Reward: 51.5439, success: 18, fail: 7
Episode: 3396, Reward: 81.1287, success: 21, fail: 4
Episode: 3397, Reward: 70.7673, success: 20, fail: 5
Episode: 3398, Reward: 81.7474, success: 21, fail: 4
Episode: 3399, Reward: 49.8154, success: 18, fail: 7
Episode: 3400, Reward: 71.3366, success: 20, fail: 5
Episode: 3401, Reward: 72.0340, success: 20, fail: 5
Episode: 3402, Reward: 80.9599, success: 21, fail: 4
Episode: 3403, Reward: 52.0612, success: 18, fail: 7
Episode: 3404, Reward: 91.1142, success: 22, fail: 3
Episode: 3405, Reward: 61.3004, success: 19, fail: 6
Episode: 3406, Reward: 79.9633, success: 21, fail: 4
Episode: 3407, Reward: 62.5667, success: 19, fail: 6
Episode: 3408, Reward: 81.4928, success: 21, fail: 4
Episode: 3409, Reward: 90.8344, success: 22, fail: 3
Episode: 3410, Reward: 71.1756, success: 20, fail: 5
Episode: 3411, Reward: 52.0017, success: 18, fail: 7
Episode: 3412, Reward: 91.8308, success: 22, fail: 3
Episode: 3413, Reward: 80.4500, success: 21, fail: 4
Episode: 3414, Reward: 71.0804, success: 20, fail: 5
Episode: 3415, Reward: 71.1057, success: 20, fail: 5
Episode: 3416, Reward: 71.3102, success: 20, fail: 5
Episode: 3417, Reward: 89.8038, success: 22, fail: 3
Episode: 3418, Reward: 81.9254, success: 21, fail: 4
Episode: 3419, Reward: 71.9137, success: 20, fail: 5
Episode: 3420, Reward: 71.0263, success: 20, fail: 5
Episode: 3421, Reward: 82.0870, success: 21, fail: 4
Episode: 3422, Reward: 72.6810, success: 20, fail: 5
Episode: 3423, Reward: 61.7046, success: 19, fail: 6
Episode: 3424, Reward: 91.2413, success: 22, fail: 3
Episode: 3425, Reward: 80.3409, success: 21, fail: 4
Episode: 3426, Reward: 62.7997, success: 19, fail: 6
Episode: 3427, Reward: 71.4435, success: 20, fail: 5
Episode: 3428, Reward: 91.7620, success: 22, fail: 3
Episode: 3429, Reward: 71.0583, success: 20, fail: 5
Episode: 3430, Reward: 81.1824, success: 21, fail: 4
Episode: 3431, Reward: 81.5464, success: 21, fail: 4
Episode: 3432, Reward: 80.1192, success: 21, fail: 4
Episode: 3433, Reward: 101.3796, success: 23, fail: 2
Episode: 3434, Reward: 72.1295, success: 20, fail: 5
Episode: 3435, Reward: 71.7269, success: 20, fail: 5
Episode: 3436, Reward: 91.4237, success: 22, fail: 3
Episode: 3437, Reward: 71.2185, success: 20, fail: 5
Episode: 3438, Reward: 81.7853, success: 21, fail: 4
Episode: 3439, Reward: 71.7158, success: 20, fail: 5
Episode: 3440, Reward: 81.7421, success: 21, fail: 4
Episode: 3441, Reward: 81.7073, success: 21, fail: 4
Episode: 3442, Reward: 62.1276, success: 19, fail: 6
Episode: 3443, Reward: 90.5332, success: 22, fail: 3
Episode: 3444, Reward: 71.1677, success: 20, fail: 5
Episode: 3445, Reward: 61.5430, success: 19, fail: 6
Episode: 3446, Reward: 71.1140, success: 20, fail: 5
Episode: 3447, Reward: 79.1940, success: 21, fail: 4
Episode: 3448, Reward: 71.6902, success: 20, fail: 5
Episode: 3449, Reward: 71.1831, success: 20, fail: 5
Episode: 3450, Reward: 90.2714, success: 22, fail: 3
Episode: 3451, Reward: 81.3554, success: 21, fail: 4
Episode: 3452, Reward: 81.7821, success: 21, fail: 4
Episode: 3453, Reward: 71.3094, success: 20, fail: 5
Episode: 3454, Reward: 73.1767, success: 20, fail: 5
Episode: 3455, Reward: 81.9617, success: 21, fail: 4
Episode: 3456, Reward: 80.6290, success: 21, fail: 4
Episode: 3457, Reward: 102.0111, success: 23, fail: 2
Episode: 3458, Reward: 80.8465, success: 21, fail: 4
Episode: 3459, Reward: 91.3791, success: 22, fail: 3
Episode: 3460, Reward: 61.0397, success: 19, fail: 6
Episode: 3461, Reward: 60.3382, success: 19, fail: 6
Episode: 3462, Reward: 72.1848, success: 20, fail: 5
Episode: 3463, Reward: 60.1747, success: 19, fail: 6
Episode: 3464, Reward: 61.4728, success: 19, fail: 6
Episode: 3465, Reward: 81.8305, success: 21, fail: 4
Episode: 3466, Reward: 71.6242, success: 20, fail: 5
Episode: 3467, Reward: 71.6727, success: 20, fail: 5
Episode: 3468, Reward: 61.7855, success: 19, fail: 6
Episode: 3469, Reward: 71.0001, success: 20, fail: 5
Episode: 3470, Reward: 71.9870, success: 20, fail: 5
Episode: 3471, Reward: 81.5082, success: 21, fail: 4
Episode: 3472, Reward: 80.1990, success: 21, fail: 4
Episode: 3473, Reward: 81.6141, success: 21, fail: 4
Episode: 3474, Reward: 61.1624, success: 19, fail: 6
Episode: 3475, Reward: 71.3699, success: 20, fail: 5
Episode: 3476, Reward: 81.0843, success: 21, fail: 4
Episode: 3477, Reward: 71.8109, success: 20, fail: 5
Episode: 3478, Reward: 51.0166, success: 18, fail: 7
Episode: 3479, Reward: 80.6072, success: 21, fail: 4
Episode: 3480, Reward: 71.5945, success: 20, fail: 5
Episode: 3481, Reward: 71.5755, success: 20, fail: 5
Episode: 3482, Reward: 90.1323, success: 22, fail: 3
Episode: 3483, Reward: 81.1669, success: 21, fail: 4
Episode: 3484, Reward: 71.1539, success: 20, fail: 5
Episode: 3485, Reward: 81.4141, success: 21, fail: 4
Episode: 3486, Reward: 52.3976, success: 18, fail: 7
Episode: 3487, Reward: 71.6203, success: 20, fail: 5
Episode: 3488, Reward: 81.4299, success: 21, fail: 4
Episode: 3489, Reward: 81.6399, success: 21, fail: 4
Episode: 3490, Reward: 71.7635, success: 20, fail: 5
Episode: 3491, Reward: 90.6304, success: 22, fail: 3
Episode: 3492, Reward: 60.6588, success: 19, fail: 6
Episode: 3493, Reward: 80.5513, success: 21, fail: 4
Episode: 3494, Reward: 70.0786, success: 20, fail: 5
Episode: 3495, Reward: 91.8549, success: 22, fail: 3
Episode: 3496, Reward: 81.3835, success: 21, fail: 4
Episode: 3497, Reward: 81.8143, success: 21, fail: 4
Episode: 3498, Reward: 61.8737, success: 19, fail: 6
Episode: 3499, Reward: 79.9068, success: 21, fail: 4
Episode: 3500, Reward: 71.3504, success: 20, fail: 5
Episode: 3501, Reward: 61.1694, success: 19, fail: 6
Episode: 3502, Reward: 71.9376, success: 20, fail: 5
Episode: 3503, Reward: 91.6104, success: 22, fail: 3
Episode: 3504, Reward: 81.5458, success: 21, fail: 4
Episode: 3505, Reward: 91.8564, success: 22, fail: 3
Episode: 3506, Reward: 72.4624, success: 20, fail: 5
Episode: 3507, Reward: 72.2341, success: 20, fail: 5
Episode: 3508, Reward: 71.1033, success: 20, fail: 5
Episode: 3509, Reward: 80.4709, success: 21, fail: 4
Episode: 3510, Reward: 91.6567, success: 22, fail: 3
Episode: 3511, Reward: 50.8112, success: 18, fail: 7
Episode: 3512, Reward: 71.9651, success: 20, fail: 5
Episode: 3513, Reward: 80.9414, success: 21, fail: 4
Episode: 3514, Reward: 91.8898, success: 22, fail: 3
Episode: 3515, Reward: 71.9948, success: 20, fail: 5
Episode: 3516, Reward: 81.3980, success: 21, fail: 4
Episode: 3517, Reward: 80.5708, success: 21, fail: 4
Episode: 3518, Reward: 91.0446, success: 22, fail: 3
Episode: 3519, Reward: 92.1889, success: 22, fail: 3
Episode: 3520, Reward: 71.2008, success: 20, fail: 5
Episode: 3521, Reward: 71.5095, success: 20, fail: 5
Episode: 3522, Reward: 72.2529, success: 20, fail: 5
Episode: 3523, Reward: 72.0370, success: 20, fail: 5
Episode: 3524, Reward: 61.7118, success: 19, fail: 6
Episode: 3525, Reward: 91.4540, success: 22, fail: 3
Episode: 3526, Reward: 51.6881, success: 18, fail: 7
Episode: 3527, Reward: 72.3895, success: 20, fail: 5
Episode: 3528, Reward: 42.0175, success: 17, fail: 8
Episode: 3529, Reward: 51.6263, success: 18, fail: 7
Episode: 3530, Reward: 71.3746, success: 20, fail: 5
Episode: 3531, Reward: 71.5330, success: 20, fail: 5
Episode: 3532, Reward: 71.9308, success: 20, fail: 5
Episode: 3533, Reward: 61.6702, success: 19, fail: 6
Episode: 3534, Reward: 61.3130, success: 19, fail: 6
Episode: 3535, Reward: 72.0649, success: 20, fail: 5
Episode: 3536, Reward: 60.7498, success: 19, fail: 6
Episode: 3537, Reward: 81.6462, success: 21, fail: 4
Episode: 3538, Reward: 72.5770, success: 20, fail: 5
Episode: 3539, Reward: 50.7334, success: 18, fail: 7
Episode: 3540, Reward: 71.8635, success: 20, fail: 5
Episode: 3541, Reward: 51.8533, success: 18, fail: 7
Episode: 3542, Reward: 73.0231, success: 20, fail: 5
Episode: 3543, Reward: 72.0202, success: 20, fail: 5
Episode: 3544, Reward: 71.8251, success: 20, fail: 5
Episode: 3545, Reward: 61.8275, success: 19, fail: 6
Episode: 3546, Reward: 61.3846, success: 19, fail: 6
Episode: 3547, Reward: 71.4210, success: 20, fail: 5
Episode: 3548, Reward: 62.2694, success: 19, fail: 6
Episode: 3549, Reward: 51.8073, success: 18, fail: 7
Episode: 3550, Reward: 82.0121, success: 21, fail: 4
Episode: 3551, Reward: 62.4445, success: 19, fail: 6
Episode: 3552, Reward: 61.6248, success: 19, fail: 6
Episode: 3553, Reward: 62.8618, success: 19, fail: 6
Episode: 3554, Reward: 81.4751, success: 21, fail: 4
Episode: 3555, Reward: 52.1731, success: 18, fail: 7
Episode: 3556, Reward: 71.1271, success: 20, fail: 5
Episode: 3557, Reward: 72.1980, success: 20, fail: 5
Episode: 3558, Reward: 71.5550, success: 20, fail: 5
Episode: 3559, Reward: 62.5285, success: 19, fail: 6
Episode: 3560, Reward: 62.5434, success: 19, fail: 6
Episode: 3561, Reward: 72.8971, success: 20, fail: 5
Episode: 3562, Reward: 61.9735, success: 19, fail: 6
Episode: 3563, Reward: 61.1524, success: 19, fail: 6
Episode: 3564, Reward: 71.6569, success: 20, fail: 5
Episode: 3565, Reward: 72.5092, success: 20, fail: 5
Episode: 3566, Reward: 73.0538, success: 20, fail: 5
Episode: 3567, Reward: 72.3679, success: 20, fail: 5
Episode: 3568, Reward: 92.3711, success: 22, fail: 3
Episode: 3569, Reward: 62.1288, success: 19, fail: 6
Episode: 3570, Reward: 52.5875, success: 18, fail: 7
Episode: 3571, Reward: 71.5692, success: 20, fail: 5
Episode: 3572, Reward: 53.1470, success: 18, fail: 7
Episode: 3573, Reward: 73.3772, success: 20, fail: 5
Episode: 3574, Reward: 62.3383, success: 19, fail: 6
Episode: 3575, Reward: 81.3845, success: 21, fail: 4
Episode: 3576, Reward: 62.1403, success: 19, fail: 6
Episode: 3577, Reward: 72.2606, success: 20, fail: 5
Episode: 3578, Reward: 72.7161, success: 20, fail: 5
Episode: 3579, Reward: 72.6143, success: 20, fail: 5
Episode: 3580, Reward: 62.9749, success: 19, fail: 6
Episode: 3581, Reward: 73.1099, success: 20, fail: 5
Episode: 3582, Reward: 72.6826, success: 20, fail: 5
Episode: 3583, Reward: 71.7355, success: 20, fail: 5
Episode: 3584, Reward: 51.2033, success: 18, fail: 7
Episode: 3585, Reward: 62.5250, success: 19, fail: 6
Episode: 3586, Reward: 63.6526, success: 19, fail: 6
Episode: 3587, Reward: 71.7208, success: 20, fail: 5
Episode: 3588, Reward: 62.1343, success: 19, fail: 6
Episode: 3589, Reward: 72.8097, success: 20, fail: 5
Episode: 3590, Reward: 71.9055, success: 20, fail: 5
Episode: 3591, Reward: 62.2764, success: 19, fail: 6
Episode: 3592, Reward: 72.6012, success: 20, fail: 5
Episode: 3593, Reward: 83.0317, success: 21, fail: 4
Episode: 3594, Reward: 62.9688, success: 19, fail: 6
Episode: 3595, Reward: 73.4782, success: 20, fail: 5
Episode: 3596, Reward: 52.4747, success: 18, fail: 7
Episode: 3597, Reward: 62.9337, success: 19, fail: 6
Episode: 3598, Reward: 82.4328, success: 21, fail: 4
Episode: 3599, Reward: 72.7982, success: 20, fail: 5
Episode: 3600, Reward: 62.9766, success: 19, fail: 6
Episode: 3601, Reward: 53.3866, success: 18, fail: 7
Episode: 3602, Reward: 71.6767, success: 20, fail: 5
Episode: 3603, Reward: 63.2827, success: 19, fail: 6
Episode: 3604, Reward: 83.7139, success: 21, fail: 4
Episode: 3605, Reward: 42.8698, success: 17, fail: 8
Episode: 3606, Reward: 72.6503, success: 20, fail: 5
Episode: 3607, Reward: 71.6222, success: 20, fail: 5
Episode: 3608, Reward: 72.2157, success: 20, fail: 5
Episode: 3609, Reward: 62.4589, success: 19, fail: 6
Episode: 3610, Reward: 62.5903, success: 19, fail: 6
Episode: 3611, Reward: 62.1766, success: 19, fail: 6
Episode: 3612, Reward: 42.4885, success: 17, fail: 8
Episode: 3613, Reward: 71.9825, success: 20, fail: 5
Episode: 3614, Reward: 72.7417, success: 20, fail: 5
Episode: 3615, Reward: 83.4831, success: 21, fail: 4
Episode: 3616, Reward: 62.7278, success: 19, fail: 6
Episode: 3617, Reward: 72.6456, success: 20, fail: 5
Episode: 3618, Reward: 72.2532, success: 20, fail: 5
Episode: 3619, Reward: 52.7579, success: 18, fail: 7
Episode: 3620, Reward: 62.0913, success: 19, fail: 6
Episode: 3621, Reward: 82.9966, success: 21, fail: 4
Episode: 3622, Reward: 61.5240, success: 19, fail: 6
Episode: 3623, Reward: 83.0904, success: 21, fail: 4
Episode: 3624, Reward: 32.7207, success: 16, fail: 9
Episode: 3625, Reward: 73.0418, success: 20, fail: 5
Episode: 3626, Reward: 73.5674, success: 20, fail: 5
Episode: 3627, Reward: 71.7251, success: 20, fail: 5
Episode: 3628, Reward: 63.9260, success: 19, fail: 6
Episode: 3629, Reward: 63.4150, success: 19, fail: 6
Episode: 3630, Reward: 72.7050, success: 20, fail: 5
Episode: 3631, Reward: 61.6217, success: 19, fail: 6
Episode: 3632, Reward: 62.7176, success: 19, fail: 6
Episode: 3633, Reward: 62.1804, success: 19, fail: 6
Episode: 3634, Reward: 52.8343, success: 18, fail: 7
Episode: 3635, Reward: 52.7621, success: 18, fail: 7
Episode: 3636, Reward: 53.3880, success: 18, fail: 7
Episode: 3637, Reward: 62.5667, success: 19, fail: 6
Episode: 3638, Reward: 63.1812, success: 19, fail: 6
Episode: 3639, Reward: 61.9887, success: 19, fail: 6
Episode: 3640, Reward: 62.7017, success: 19, fail: 6
Episode: 3641, Reward: 71.9993, success: 20, fail: 5
Episode: 3642, Reward: 62.6778, success: 19, fail: 6
Episode: 3643, Reward: 71.8698, success: 20, fail: 5
Episode: 3644, Reward: 52.6393, success: 18, fail: 7
Episode: 3645, Reward: 53.5502, success: 18, fail: 7
Episode: 3646, Reward: 52.0869, success: 18, fail: 7
Episode: 3647, Reward: 63.2268, success: 19, fail: 6
Episode: 3648, Reward: 72.4093, success: 20, fail: 5
Episode: 3649, Reward: 52.5503, success: 18, fail: 7
Episode: 3650, Reward: 52.1558, success: 18, fail: 7
Episode: 3651, Reward: 62.6491, success: 19, fail: 6
Episode: 3652, Reward: 63.0145, success: 19, fail: 6
Episode: 3653, Reward: 72.1913, success: 20, fail: 5
Episode: 3654, Reward: 81.7230, success: 21, fail: 4
Episode: 3655, Reward: 41.4207, success: 17, fail: 8
Episode: 3656, Reward: 62.3857, success: 19, fail: 6
Episode: 3657, Reward: 72.3098, success: 20, fail: 5
Episode: 3658, Reward: 52.3205, success: 18, fail: 7
Episode: 3659, Reward: 62.3263, success: 19, fail: 6
Episode: 3660, Reward: 62.9337, success: 19, fail: 6
Episode: 3661, Reward: 52.4700, success: 18, fail: 7
Episode: 3662, Reward: 72.7283, success: 20, fail: 5
Episode: 3663, Reward: 42.3558, success: 17, fail: 8
Episode: 3664, Reward: 62.7232, success: 19, fail: 6
Episode: 3665, Reward: 53.3986, success: 18, fail: 7
Episode: 3666, Reward: 52.8462, success: 18, fail: 7
Episode: 3667, Reward: 31.4895, success: 16, fail: 9
Episode: 3668, Reward: 52.8281, success: 18, fail: 7
Episode: 3669, Reward: 72.0510, success: 20, fail: 5
Episode: 3670, Reward: 62.1991, success: 19, fail: 6
Episode: 3671, Reward: 81.7251, success: 21, fail: 4
Episode: 3672, Reward: 52.2836, success: 18, fail: 7
Episode: 3673, Reward: 42.2293, success: 17, fail: 8
Episode: 3674, Reward: 73.4531, success: 20, fail: 5
Episode: 3675, Reward: 52.7299, success: 18, fail: 7
Episode: 3676, Reward: 32.7189, success: 16, fail: 9
Episode: 3677, Reward: 62.6274, success: 19, fail: 6
Episode: 3678, Reward: 52.5047, success: 18, fail: 7
Episode: 3679, Reward: 53.1083, success: 18, fail: 7
Episode: 3680, Reward: 52.7204, success: 18, fail: 7
Episode: 3681, Reward: 53.0551, success: 18, fail: 7
Episode: 3682, Reward: 62.5352, success: 19, fail: 6
Episode: 3683, Reward: 41.4506, success: 17, fail: 8
Episode: 3684, Reward: 62.5502, success: 19, fail: 6
Episode: 3685, Reward: 63.9127, success: 19, fail: 6
Episode: 3686, Reward: 62.1502, success: 19, fail: 6
Episode: 3687, Reward: 52.0743, success: 18, fail: 7
Episode: 3688, Reward: 41.8416, success: 17, fail: 8
Episode: 3689, Reward: 72.9838, success: 20, fail: 5
Episode: 3690, Reward: 62.2139, success: 19, fail: 6
Episode: 3691, Reward: 62.4250, success: 19, fail: 6
Episode: 3692, Reward: 62.9788, success: 19, fail: 6
Episode: 3693, Reward: 43.5299, success: 17, fail: 8
Episode: 3694, Reward: 62.9889, success: 19, fail: 6
Episode: 3695, Reward: 53.0410, success: 18, fail: 7
Episode: 3696, Reward: 51.8091, success: 18, fail: 7
Episode: 3697, Reward: 52.2101, success: 18, fail: 7
Episode: 3698, Reward: 62.1588, success: 19, fail: 6
Episode: 3699, Reward: 72.3961, success: 20, fail: 5
Episode: 3700, Reward: 32.7060, success: 16, fail: 9
Episode: 3701, Reward: 62.1614, success: 19, fail: 6
Episode: 3702, Reward: 72.6038, success: 20, fail: 5
Episode: 3703, Reward: 51.8116, success: 18, fail: 7
Episode: 3704, Reward: 42.6504, success: 17, fail: 8
Episode: 3705, Reward: 83.2392, success: 21, fail: 4
Episode: 3706, Reward: 62.6093, success: 19, fail: 6
Episode: 3707, Reward: 62.2410, success: 19, fail: 6
Episode: 3708, Reward: 62.1058, success: 19, fail: 6
Episode: 3709, Reward: 63.3466, success: 19, fail: 6
Episode: 3710, Reward: 82.4691, success: 21, fail: 4
Episode: 3711, Reward: 51.7440, success: 18, fail: 7
Episode: 3712, Reward: 71.3143, success: 20, fail: 5
Episode: 3713, Reward: 81.9626, success: 21, fail: 4
Episode: 3714, Reward: 62.0492, success: 19, fail: 6
Episode: 3715, Reward: 62.6191, success: 19, fail: 6
Episode: 3716, Reward: 53.7013, success: 18, fail: 7
Episode: 3717, Reward: 61.7993, success: 19, fail: 6
Episode: 3718, Reward: 83.7778, success: 21, fail: 4
Episode: 3719, Reward: 62.2923, success: 19, fail: 6
Episode: 3720, Reward: 62.4438, success: 19, fail: 6
Episode: 3721, Reward: 61.2733, success: 19, fail: 6
Episode: 3722, Reward: 82.7785, success: 21, fail: 4
Episode: 3723, Reward: 53.8326, success: 18, fail: 7
Episode: 3724, Reward: 72.7044, success: 20, fail: 5
Episode: 3725, Reward: 42.3272, success: 17, fail: 8
Episode: 3726, Reward: 72.2216, success: 20, fail: 5
Episode: 3727, Reward: 51.4941, success: 18, fail: 7
Episode: 3728, Reward: 71.4218, success: 20, fail: 5
Episode: 3729, Reward: 43.0214, success: 17, fail: 8
Episode: 3730, Reward: 51.9665, success: 18, fail: 7
Episode: 3731, Reward: 83.2946, success: 21, fail: 4
Episode: 3732, Reward: 63.0567, success: 19, fail: 6
Episode: 3733, Reward: 82.2652, success: 21, fail: 4
Episode: 3734, Reward: 51.7270, success: 18, fail: 7
Episode: 3735, Reward: 82.3522, success: 21, fail: 4
Episode: 3736, Reward: 81.9377, success: 21, fail: 4
Episode: 3737, Reward: 51.8553, success: 18, fail: 7
Episode: 3738, Reward: 82.2945, success: 21, fail: 4
Episode: 3739, Reward: 83.2515, success: 21, fail: 4
Episode: 3740, Reward: 51.2952, success: 18, fail: 7
Episode: 3741, Reward: 53.6068, success: 18, fail: 7
Episode: 3742, Reward: 91.6700, success: 22, fail: 3
Episode: 3743, Reward: 72.6700, success: 20, fail: 5
Episode: 3744, Reward: 71.2764, success: 20, fail: 5
Episode: 3745, Reward: 52.4123, success: 18, fail: 7
Episode: 3746, Reward: 52.9822, success: 18, fail: 7
Episode: 3747, Reward: 82.7147, success: 21, fail: 4
Episode: 3748, Reward: 72.4913, success: 20, fail: 5
Episode: 3749, Reward: 92.5176, success: 22, fail: 3
Episode: 3750, Reward: 73.2670, success: 20, fail: 5
Episode: 3751, Reward: 63.6528, success: 19, fail: 6
Episode: 3752, Reward: 63.2801, success: 19, fail: 6
Episode: 3753, Reward: 42.9698, success: 17, fail: 8
Episode: 3754, Reward: 62.2768, success: 19, fail: 6
Episode: 3755, Reward: 72.5075, success: 20, fail: 5
Episode: 3756, Reward: 72.6833, success: 20, fail: 5
Episode: 3757, Reward: 62.8627, success: 19, fail: 6
Episode: 3758, Reward: 53.0784, success: 18, fail: 7
Episode: 3759, Reward: 61.7033, success: 19, fail: 6
Episode: 3760, Reward: 72.2612, success: 20, fail: 5
Episode: 3761, Reward: 62.9465, success: 19, fail: 6
Episode: 3762, Reward: 63.1534, success: 19, fail: 6
Episode: 3763, Reward: 63.0981, success: 19, fail: 6
Episode: 3764, Reward: 51.3555, success: 18, fail: 7
Episode: 3765, Reward: 42.4594, success: 17, fail: 8
Episode: 3766, Reward: 52.3758, success: 18, fail: 7
Episode: 3767, Reward: 63.1442, success: 19, fail: 6
Episode: 3768, Reward: 62.1306, success: 19, fail: 6
Episode: 3769, Reward: 82.1981, success: 21, fail: 4
Episode: 3770, Reward: 62.6759, success: 19, fail: 6
Episode: 3771, Reward: 62.0992, success: 19, fail: 6
Episode: 3772, Reward: 62.3429, success: 19, fail: 6
Episode: 3773, Reward: 52.3672, success: 18, fail: 7
Episode: 3774, Reward: 71.6053, success: 20, fail: 5
Episode: 3775, Reward: 62.5446, success: 19, fail: 6
Episode: 3776, Reward: 72.2128, success: 20, fail: 5
Episode: 3777, Reward: 62.1462, success: 19, fail: 6
Episode: 3778, Reward: 51.4739, success: 18, fail: 7
Episode: 3779, Reward: 61.3877, success: 19, fail: 6
Episode: 3780, Reward: 72.4648, success: 20, fail: 5
Episode: 3781, Reward: 42.7787, success: 17, fail: 8
Episode: 3782, Reward: 71.4336, success: 20, fail: 5
Episode: 3783, Reward: 51.8856, success: 18, fail: 7
Episode: 3784, Reward: 52.2992, success: 18, fail: 7
Episode: 3785, Reward: 72.5975, success: 20, fail: 5
Episode: 3786, Reward: 61.7650, success: 19, fail: 6
Episode: 3787, Reward: 62.5942, success: 19, fail: 6
Episode: 3788, Reward: 62.3256, success: 19, fail: 6
Episode: 3789, Reward: 62.6550, success: 19, fail: 6
Episode: 3790, Reward: 61.6296, success: 19, fail: 6
Episode: 3791, Reward: 63.0430, success: 19, fail: 6
Episode: 3792, Reward: 62.7566, success: 19, fail: 6
Episode: 3793, Reward: 72.0782, success: 20, fail: 5
Episode: 3794, Reward: 62.7586, success: 19, fail: 6
Episode: 3795, Reward: 82.7488, success: 21, fail: 4
Episode: 3796, Reward: 52.4442, success: 18, fail: 7
Episode: 3797, Reward: 63.0695, success: 19, fail: 6
Episode: 3798, Reward: 62.2042, success: 19, fail: 6
Episode: 3799, Reward: 72.0367, success: 20, fail: 5
Episode: 3800, Reward: 62.5952, success: 19, fail: 6
Episode: 3801, Reward: 72.4584, success: 20, fail: 5
Episode: 3802, Reward: 52.1975, success: 18, fail: 7
Episode: 3803, Reward: 52.5536, success: 18, fail: 7
Episode: 3804, Reward: 71.8604, success: 20, fail: 5
Episode: 3805, Reward: 52.7411, success: 18, fail: 7
Episode: 3806, Reward: 52.8825, success: 18, fail: 7
Episode: 3807, Reward: 82.6283, success: 21, fail: 4
Episode: 3808, Reward: 52.8111, success: 18, fail: 7
Episode: 3809, Reward: 72.9608, success: 20, fail: 5
Episode: 3810, Reward: 72.5791, success: 20, fail: 5
Episode: 3811, Reward: 63.0524, success: 19, fail: 6
Episode: 3812, Reward: 62.0683, success: 19, fail: 6
Episode: 3813, Reward: 61.9012, success: 19, fail: 6
Episode: 3814, Reward: 62.6636, success: 19, fail: 6
Episode: 3815, Reward: 62.0455, success: 19, fail: 6
Episode: 3816, Reward: 72.1889, success: 20, fail: 5
Episode: 3817, Reward: 62.2984, success: 19, fail: 6
Episode: 3818, Reward: 42.3530, success: 17, fail: 8
Episode: 3819, Reward: 73.2314, success: 20, fail: 5
Episode: 3820, Reward: 71.8801, success: 20, fail: 5
Episode: 3821, Reward: 61.3091, success: 19, fail: 6
Episode: 3822, Reward: 82.1075, success: 21, fail: 4
Episode: 3823, Reward: 52.2556, success: 18, fail: 7
Episode: 3824, Reward: 83.1906, success: 21, fail: 4
Episode: 3825, Reward: 62.9912, success: 19, fail: 6
Episode: 3826, Reward: 51.9959, success: 18, fail: 7
Episode: 3827, Reward: 62.6901, success: 19, fail: 6
Episode: 3828, Reward: 41.3661, success: 17, fail: 8
Episode: 3829, Reward: 71.3140, success: 20, fail: 5
Episode: 3830, Reward: 73.4485, success: 20, fail: 5
Episode: 3831, Reward: 73.0538, success: 20, fail: 5
Episode: 3832, Reward: 62.6562, success: 19, fail: 6
Episode: 3833, Reward: 62.2951, success: 19, fail: 6
Episode: 3834, Reward: 61.6343, success: 19, fail: 6
Episode: 3835, Reward: 72.0510, success: 20, fail: 5
Episode: 3836, Reward: 72.3547, success: 20, fail: 5
Episode: 3837, Reward: 62.3655, success: 19, fail: 6
Episode: 3838, Reward: 80.6329, success: 21, fail: 4
Episode: 3839, Reward: 43.3030, success: 17, fail: 8
Episode: 3840, Reward: 62.5648, success: 19, fail: 6
Episode: 3841, Reward: 71.1930, success: 20, fail: 5
Episode: 3842, Reward: 62.1139, success: 19, fail: 6
Episode: 3843, Reward: 83.3970, success: 21, fail: 4
Episode: 3844, Reward: 71.6148, success: 20, fail: 5
Episode: 3845, Reward: 71.6174, success: 20, fail: 5
Episode: 3846, Reward: 62.1080, success: 19, fail: 6
Episode: 3847, Reward: 82.3098, success: 21, fail: 4
Episode: 3848, Reward: 62.8140, success: 19, fail: 6
Episode: 3849, Reward: 62.1712, success: 19, fail: 6
Episode: 3850, Reward: 72.2429, success: 20, fail: 5
Episode: 3851, Reward: 72.2987, success: 20, fail: 5
Episode: 3852, Reward: 61.3263, success: 19, fail: 6
Episode: 3853, Reward: 71.6843, success: 20, fail: 5
Episode: 3854, Reward: 51.3991, success: 18, fail: 7
Episode: 3855, Reward: 51.3778, success: 18, fail: 7
Episode: 3856, Reward: 72.7127, success: 20, fail: 5
Episode: 3857, Reward: 22.3428, success: 15, fail: 10
Episode: 3858, Reward: 82.7611, success: 21, fail: 4
Episode: 3859, Reward: 71.3770, success: 20, fail: 5
Episode: 3860, Reward: 52.5961, success: 18, fail: 7
Episode: 3861, Reward: 70.6755, success: 20, fail: 5
Episode: 3862, Reward: 62.0061, success: 19, fail: 6
Episode: 3863, Reward: 82.7740, success: 21, fail: 4
Episode: 3864, Reward: 60.6143, success: 19, fail: 6
Episode: 3865, Reward: 52.6306, success: 18, fail: 7
Episode: 3866, Reward: 62.0239, success: 19, fail: 6
Episode: 3867, Reward: 82.0025, success: 21, fail: 4
Episode: 3868, Reward: 62.2636, success: 19, fail: 6
Episode: 3869, Reward: 83.0000, success: 21, fail: 4
Episode: 3870, Reward: 72.3823, success: 20, fail: 5
Episode: 3871, Reward: 92.6519, success: 22, fail: 3
Episode: 3872, Reward: 62.9769, success: 19, fail: 6
Episode: 3873, Reward: 43.0645, success: 17, fail: 8
Episode: 3874, Reward: 62.4980, success: 19, fail: 6
Episode: 3875, Reward: 42.0859, success: 17, fail: 8
Episode: 3876, Reward: 42.5666, success: 17, fail: 8
Episode: 3877, Reward: 52.6736, success: 18, fail: 7
Episode: 3878, Reward: 61.8727, success: 19, fail: 6
Episode: 3879, Reward: 61.9729, success: 19, fail: 6
Episode: 3880, Reward: 72.3870, success: 20, fail: 5
Episode: 3881, Reward: 53.2074, success: 18, fail: 7
Episode: 3882, Reward: 52.0898, success: 18, fail: 7
Episode: 3883, Reward: 82.5471, success: 21, fail: 4
Episode: 3884, Reward: 73.1145, success: 20, fail: 5
Episode: 3885, Reward: 52.0442, success: 18, fail: 7
Episode: 3886, Reward: 61.1938, success: 19, fail: 6
Episode: 3887, Reward: 63.2014, success: 19, fail: 6
Episode: 3888, Reward: 82.1283, success: 21, fail: 4
Episode: 3889, Reward: 62.8707, success: 19, fail: 6
Episode: 3890, Reward: 72.7869, success: 20, fail: 5
Episode: 3891, Reward: 52.7605, success: 18, fail: 7
Episode: 3892, Reward: 81.8012, success: 21, fail: 4
Episode: 3893, Reward: 72.6836, success: 20, fail: 5
Episode: 3894, Reward: 53.0428, success: 18, fail: 7
Episode: 3895, Reward: 52.0567, success: 18, fail: 7
Episode: 3896, Reward: 73.0676, success: 20, fail: 5
Episode: 3897, Reward: 42.9336, success: 17, fail: 8
Episode: 3898, Reward: 53.4898, success: 18, fail: 7
Episode: 3899, Reward: 42.0850, success: 17, fail: 8
Episode: 3900, Reward: 62.2466, success: 19, fail: 6
Episode: 3901, Reward: 81.4468, success: 21, fail: 4
Episode: 3902, Reward: 62.6645, success: 19, fail: 6
Episode: 3903, Reward: 62.1023, success: 19, fail: 6
Episode: 3904, Reward: 72.8410, success: 20, fail: 5
Episode: 3905, Reward: 52.6197, success: 18, fail: 7
Episode: 3906, Reward: 72.8462, success: 20, fail: 5
Episode: 3907, Reward: 72.4953, success: 20, fail: 5
Episode: 3908, Reward: 62.8698, success: 19, fail: 6
Episode: 3909, Reward: 82.6328, success: 21, fail: 4
Episode: 3910, Reward: 62.3113, success: 19, fail: 6
Episode: 3911, Reward: 83.0538, success: 21, fail: 4
Episode: 3912, Reward: 52.7443, success: 18, fail: 7
Episode: 3913, Reward: 82.5885, success: 21, fail: 4
Episode: 3914, Reward: 83.9390, success: 21, fail: 4
Episode: 3915, Reward: 63.8215, success: 19, fail: 6
Episode: 3916, Reward: 82.1684, success: 21, fail: 4
Episode: 3917, Reward: 71.7445, success: 20, fail: 5
Episode: 3918, Reward: 72.4114, success: 20, fail: 5
Episode: 3919, Reward: 62.5477, success: 19, fail: 6
Episode: 3920, Reward: 62.8823, success: 19, fail: 6
Episode: 3921, Reward: 62.1033, success: 19, fail: 6
Episode: 3922, Reward: 72.5818, success: 20, fail: 5
Episode: 3923, Reward: 93.2387, success: 22, fail: 3
Episode: 3924, Reward: 72.3218, success: 20, fail: 5
Episode: 3925, Reward: 62.2053, success: 19, fail: 6
Episode: 3926, Reward: 51.7777, success: 18, fail: 7
Episode: 3927, Reward: 72.2770, success: 20, fail: 5
Episode: 3928, Reward: 52.4565, success: 18, fail: 7
Episode: 3929, Reward: 62.8848, success: 19, fail: 6
Episode: 3930, Reward: 72.8533, success: 20, fail: 5
Episode: 3931, Reward: 61.6215, success: 19, fail: 6
Episode: 3932, Reward: 82.0030, success: 21, fail: 4
Episode: 3933, Reward: 83.4394, success: 21, fail: 4
Episode: 3934, Reward: 81.6568, success: 21, fail: 4
Episode: 3935, Reward: 61.7849, success: 19, fail: 6
Episode: 3936, Reward: 82.7358, success: 21, fail: 4
Episode: 3937, Reward: 63.1877, success: 19, fail: 6
Episode: 3938, Reward: 61.4449, success: 19, fail: 6
Episode: 3939, Reward: 82.8833, success: 21, fail: 4
Episode: 3940, Reward: 73.1443, success: 20, fail: 5
Episode: 3941, Reward: 83.3869, success: 21, fail: 4
Episode: 3942, Reward: 62.1288, success: 19, fail: 6
Episode: 3943, Reward: 62.4971, success: 19, fail: 6
Episode: 3944, Reward: 62.3918, success: 19, fail: 6
Episode: 3945, Reward: 72.6433, success: 20, fail: 5
Episode: 3946, Reward: 62.9456, success: 19, fail: 6
Episode: 3947, Reward: 73.0673, success: 20, fail: 5
Episode: 3948, Reward: 63.2194, success: 19, fail: 6
Episode: 3949, Reward: 72.4418, success: 20, fail: 5
Episode: 3950, Reward: 62.5611, success: 19, fail: 6
Episode: 3951, Reward: 73.2595, success: 20, fail: 5
Episode: 3952, Reward: 62.0413, success: 19, fail: 6
Episode: 3953, Reward: 91.2792, success: 22, fail: 3
Episode: 3954, Reward: 72.4358, success: 20, fail: 5
Episode: 3955, Reward: 72.2143, success: 20, fail: 5
Episode: 3956, Reward: 62.1200, success: 19, fail: 6
Episode: 3957, Reward: 73.3031, success: 20, fail: 5
Episode: 3958, Reward: 73.0616, success: 20, fail: 5
Episode: 3959, Reward: 51.7312, success: 18, fail: 7
Episode: 3960, Reward: 92.1106, success: 22, fail: 3
Episode: 3961, Reward: 72.5665, success: 20, fail: 5
Episode: 3962, Reward: 63.2109, success: 19, fail: 6
Episode: 3963, Reward: 62.3108, success: 19, fail: 6
Episode: 3964, Reward: 53.6380, success: 18, fail: 7
Episode: 3965, Reward: 50.7892, success: 18, fail: 7
Episode: 3966, Reward: 71.9491, success: 20, fail: 5
Episode: 3967, Reward: 81.7714, success: 21, fail: 4
Episode: 3968, Reward: 72.0489, success: 20, fail: 5
Episode: 3969, Reward: 62.6403, success: 19, fail: 6
Episode: 3970, Reward: 72.4828, success: 20, fail: 5
Episode: 3971, Reward: 81.7536, success: 21, fail: 4
Episode: 3972, Reward: 63.0307, success: 19, fail: 6
Episode: 3973, Reward: 71.7588, success: 20, fail: 5
Episode: 3974, Reward: 52.0666, success: 18, fail: 7
Episode: 3975, Reward: 72.5185, success: 20, fail: 5
Episode: 3976, Reward: 81.7092, success: 21, fail: 4
Episode: 3977, Reward: 82.7914, success: 21, fail: 4
Episode: 3978, Reward: 52.8674, success: 18, fail: 7
Episode: 3979, Reward: 62.5053, success: 19, fail: 6
Episode: 3980, Reward: 62.0010, success: 19, fail: 6
Episode: 3981, Reward: 52.7605, success: 18, fail: 7
Episode: 3982, Reward: 72.8170, success: 20, fail: 5
Episode: 3983, Reward: 72.1187, success: 20, fail: 5
Episode: 3984, Reward: 82.7572, success: 21, fail: 4
Episode: 3985, Reward: 71.6064, success: 20, fail: 5
Episode: 3986, Reward: 51.5502, success: 18, fail: 7
Episode: 3987, Reward: 74.1589, success: 20, fail: 5
Episode: 3988, Reward: 63.2044, success: 19, fail: 6
Episode: 3989, Reward: 72.9196, success: 20, fail: 5
Episode: 3990, Reward: 53.4806, success: 18, fail: 7
Episode: 3991, Reward: 52.9999, success: 18, fail: 7
Episode: 3992, Reward: 61.1044, success: 19, fail: 6
Episode: 3993, Reward: 61.3473, success: 19, fail: 6
Episode: 3994, Reward: 61.0983, success: 19, fail: 6
Episode: 3995, Reward: 71.6147, success: 20, fail: 5
Episode: 3996, Reward: 61.0092, success: 19, fail: 6
Episode: 3997, Reward: 83.0415, success: 21, fail: 4
Episode: 3998, Reward: 82.4692, success: 21, fail: 4
Episode: 3999, Reward: 52.2064, success: 18, fail: 7
Episode: 4000, Reward: 72.2144, success: 20, fail: 5
Plot saved to C:\Users\zengd\Desktop\论文\W-MADDPG\MADDPG_Discrete\sum_reward_mappo.png
