WARNING:tensorflow:From C:\Users\zengd\Desktop\论文\W-MADDPG\MADDPG_Discrete\mappo_agent.py:31: The name tf.placeholder is deprecated. Please use tf.compat.v1.placeholder instead.

WARNING:tensorflow:From C:\Users\zengd\Desktop\论文\W-MADDPG\MADDPG_Discrete\mappo_agent.py:43: The name tf.variable_scope is deprecated. Please use tf.compat.v1.variable_scope instead.

WARNING:tensorflow:From C:\Users\zengd\Desktop\论文\W-MADDPG\MADDPG_Discrete\mappo_agent.py:7: dense (from tensorflow.python.layers.core) is deprecated and will be removed in a future version.
Instructions for updating:
Use keras.layers.Dense instead.
WARNING:tensorflow:From D:\tool\anaconda\envs\py37tf\lib\site-packages\tensorflow_core\python\layers\core.py:187: Layer.apply (from tensorflow.python.keras.engine.base_layer) is deprecated and will be removed in a future version.
Instructions for updating:
Please use `layer.__call__` method instead.
WARNING:tensorflow:
The TensorFlow contrib module will not be included in TensorFlow 2.0.
For more information, please see:
  * https://github.com/tensorflow/community/blob/master/rfcs/20180907-contrib-sunset.md
  * https://github.com/tensorflow/addons
  * https://github.com/tensorflow/io (for I/O related ops)
If you depend on functionality not listed there, please file an issue.

WARNING:tensorflow:From C:\Users\zengd\Desktop\论文\W-MADDPG\MADDPG_Discrete\mappo_agent.py:114: The name tf.log is deprecated. Please use tf.math.log instead.

WARNING:tensorflow:From C:\Users\zengd\Desktop\论文\W-MADDPG\MADDPG_Discrete\mappo_agent.py:76: The name tf.get_collection is deprecated. Please use tf.compat.v1.get_collection instead.

WARNING:tensorflow:From C:\Users\zengd\Desktop\论文\W-MADDPG\MADDPG_Discrete\mappo_agent.py:76: The name tf.GraphKeys is deprecated. Please use tf.compat.v1.GraphKeys instead.

WARNING:tensorflow:From C:\Users\zengd\Desktop\论文\W-MADDPG\MADDPG_Discrete\mappo_agent.py:122: The name tf.train.AdamOptimizer is deprecated. Please use tf.compat.v1.train.AdamOptimizer instead.

WARNING:tensorflow:From D:\tool\anaconda\envs\py37tf\lib\site-packages\tensorflow_core\python\ops\math_grad.py:1424: where (from tensorflow.python.ops.array_ops) is deprecated and will be removed in a future version.
Instructions for updating:
Use tf.where in 2.0, which has the same broadcast rule as np.where
WARNING:tensorflow:From C:\Users\zengd\Desktop\论文\W-MADDPG\MADDPG_Discrete\train_mappo.py:157: The name tf.ConfigProto is deprecated. Please use tf.compat.v1.ConfigProto instead.

WARNING:tensorflow:From C:\Users\zengd\Desktop\论文\W-MADDPG\MADDPG_Discrete\train_mappo.py:159: The name tf.Session is deprecated. Please use tf.compat.v1.Session instead.

2026-09-21 12:36:59.981687: I tensorflow/core/platform/cpu_feature_guard.cc:142] Your CPU supports instructions that this TensorFlow binary was not compiled to use: AVX2
WARNING:tensorflow:From C:\Users\zengd\Desktop\论文\W-MADDPG\MADDPG_Discrete\train_mappo.py:160: The name tf.global_variables_initializer is deprecated. Please use tf.compat.v1.global_variables_initializer instead.

WARNING:tensorflow:From C:\Users\zengd\Desktop\论文\W-MADDPG\MADDPG_Discrete\train_mappo.py:164: The name tf.train.Saver is deprecated. Please use tf.compat.v1.train.Saver instead.

Episode: 1, Reward: 62.5770, success: 19, fail: 6
Episode: 2, Reward: 42.4949, success: 17, fail: 8
Episode: 3, Reward: 63.7234, success: 19, fail: 6
Episode: 4, Reward: 51.7823, success: 18, fail: 7
Episode: 5, Reward: 53.5111, success: 18, fail: 7
Episode: 6, Reward: 52.6445, success: 18, fail: 7
Episode: 7, Reward: 43.7497, success: 17, fail: 8
Episode: 8, Reward: 41.5171, success: 17, fail: 8
Episode: 9, Reward: 61.4173, success: 19, fail: 6
Episode: 10, Reward: 53.9365, success: 18, fail: 7
Episode: 11, Reward: 60.4940, success: 19, fail: 6
Episode: 12, Reward: 83.5496, success: 21, fail: 4
Episode: 13, Reward: 42.7667, success: 17, fail: 8
Episode: 14, Reward: 44.1758, success: 17, fail: 8
Episode: 15, Reward: 43.8845, success: 17, fail: 8
Episode: 16, Reward: 43.3287, success: 17, fail: 8
Episode: 17, Reward: 54.8405, success: 18, fail: 7
Episode: 18, Reward: 34.0477, success: 16, fail: 9
Episode: 19, Reward: 44.1918, success: 17, fail: 8
Episode: 20, Reward: 44.7916, success: 17, fail: 8
Episode: 21, Reward: 43.5287, success: 17, fail: 8
Episode: 22, Reward: 33.9338, success: 16, fail: 9
Episode: 23, Reward: 45.2870, success: 17, fail: 8
Episode: 24, Reward: 46.2696, success: 17, fail: 8
Episode: 25, Reward: 64.6969, success: 19, fail: 6
Episode: 26, Reward: 33.2780, success: 16, fail: 9
Episode: 27, Reward: 63.8751, success: 19, fail: 6
Episode: 28, Reward: 21.4282, success: 15, fail: 10
Episode: 29, Reward: 42.0109, success: 17, fail: 8
Episode: 30, Reward: 34.3708, success: 16, fail: 9
Episode: 31, Reward: 83.2875, success: 21, fail: 4
Episode: 32, Reward: 52.0490, success: 18, fail: 7
Episode: 33, Reward: 93.0879, success: 22, fail: 3
Episode: 34, Reward: 83.9146, success: 21, fail: 4
Episode: 35, Reward: 73.4937, success: 20, fail: 5
Episode: 36, Reward: 70.9260, success: 20, fail: 5
Episode: 37, Reward: 73.2286, success: 20, fail: 5
Episode: 38, Reward: 63.3616, success: 19, fail: 6
Episode: 39, Reward: 62.6437, success: 19, fail: 6
Episode: 40, Reward: 53.2027, success: 18, fail: 7
Episode: 41, Reward: 93.3052, success: 22, fail: 3
Episode: 42, Reward: 53.7648, success: 18, fail: 7
Episode: 43, Reward: 82.8613, success: 21, fail: 4
Episode: 44, Reward: 41.5141, success: 17, fail: 8
Episode: 45, Reward: 63.1581, success: 19, fail: 6
Episode: 46, Reward: 42.5904, success: 17, fail: 8
Episode: 47, Reward: 83.8205, success: 21, fail: 4
Episode: 48, Reward: 42.1831, success: 17, fail: 8
Episode: 49, Reward: 63.2054, success: 19, fail: 6
Episode: 50, Reward: 64.6299, success: 19, fail: 6
Episode: 51, Reward: 54.3263, success: 18, fail: 7
Episode: 52, Reward: 73.5641, success: 20, fail: 5
Episode: 53, Reward: 62.3310, success: 19, fail: 6
Episode: 54, Reward: 74.3727, success: 20, fail: 5
Episode: 55, Reward: 84.5200, success: 21, fail: 4
Episode: 56, Reward: 70.8211, success: 20, fail: 5
Episode: 57, Reward: 43.2100, success: 17, fail: 8
Episode: 58, Reward: 74.2845, success: 20, fail: 5
Episode: 59, Reward: 72.0650, success: 20, fail: 5
Episode: 60, Reward: 53.9811, success: 18, fail: 7
Episode: 61, Reward: 83.0992, success: 21, fail: 4
Episode: 62, Reward: 54.0130, success: 18, fail: 7
Episode: 63, Reward: 63.7388, success: 19, fail: 6
Episode: 64, Reward: 63.6673, success: 19, fail: 6
Episode: 65, Reward: 94.3722, success: 22, fail: 3
Episode: 66, Reward: 64.1683, success: 19, fail: 6
Episode: 67, Reward: 43.2144, success: 17, fail: 8
Episode: 68, Reward: 51.4149, success: 18, fail: 7
Episode: 69, Reward: 61.2194, success: 19, fail: 6
Episode: 70, Reward: 64.1403, success: 19, fail: 6
Episode: 71, Reward: 24.4945, success: 15, fail: 10
Episode: 72, Reward: 54.5293, success: 18, fail: 7
Episode: 73, Reward: 72.8365, success: 20, fail: 5
Episode: 74, Reward: 31.1813, success: 16, fail: 9
Episode: 75, Reward: 52.8594, success: 18, fail: 7
Episode: 76, Reward: 72.4350, success: 20, fail: 5
Episode: 77, Reward: 51.8939, success: 18, fail: 7
Episode: 78, Reward: 53.3740, success: 18, fail: 7
Episode: 79, Reward: 72.9790, success: 20, fail: 5
Episode: 80, Reward: 61.9678, success: 19, fail: 6
Episode: 81, Reward: 43.4423, success: 17, fail: 8
Episode: 82, Reward: 54.1889, success: 18, fail: 7
Episode: 83, Reward: 60.7307, success: 19, fail: 6
Episode: 84, Reward: 43.9137, success: 17, fail: 8
Episode: 85, Reward: 64.8741, success: 19, fail: 6
Episode: 86, Reward: 61.5346, success: 19, fail: 6
Episode: 87, Reward: 63.0375, success: 19, fail: 6
Episode: 88, Reward: 61.2287, success: 19, fail: 6
Episode: 89, Reward: 53.0148, success: 18, fail: 7
Episode: 90, Reward: 42.6482, success: 17, fail: 8
Episode: 91, Reward: 53.1672, success: 18, fail: 7
Episode: 92, Reward: 52.8987, success: 18, fail: 7
Episode: 93, Reward: 42.8173, success: 17, fail: 8
Episode: 94, Reward: 43.4674, success: 17, fail: 8
Episode: 95, Reward: 42.6377, success: 17, fail: 8
Episode: 96, Reward: 42.6189, success: 17, fail: 8
Episode: 97, Reward: 71.8579, success: 20, fail: 5
Episode: 98, Reward: 52.3558, success: 18, fail: 7
Episode: 99, Reward: 82.2278, success: 21, fail: 4
Episode: 100, Reward: 63.5912, success: 19, fail: 6
Episode: 101, Reward: 42.8137, success: 17, fail: 8
Episode: 102, Reward: 84.7300, success: 21, fail: 4
Episode: 103, Reward: 71.7538, success: 20, fail: 5
Episode: 104, Reward: 61.1331, success: 19, fail: 6
Episode: 105, Reward: 52.8034, success: 18, fail: 7
Episode: 106, Reward: 33.0920, success: 16, fail: 9
Episode: 107, Reward: 62.8839, success: 19, fail: 6
Episode: 108, Reward: 73.5102, success: 20, fail: 5
Episode: 109, Reward: 52.5893, success: 18, fail: 7
Episode: 110, Reward: 50.0664, success: 18, fail: 7
Episode: 111, Reward: 65.1107, success: 19, fail: 6
Episode: 112, Reward: 92.9096, success: 22, fail: 3
Episode: 113, Reward: 44.4716, success: 17, fail: 8
Episode: 114, Reward: 52.5820, success: 18, fail: 7
Episode: 115, Reward: 81.8578, success: 21, fail: 4
Episode: 116, Reward: 53.4541, success: 18, fail: 7
Episode: 117, Reward: 72.4697, success: 20, fail: 5
Episode: 118, Reward: 42.7961, success: 17, fail: 8
Episode: 119, Reward: 53.7628, success: 18, fail: 7
Episode: 120, Reward: 62.9737, success: 19, fail: 6
Episode: 121, Reward: 41.1301, success: 17, fail: 8
Episode: 122, Reward: 84.6501, success: 21, fail: 4
Episode: 123, Reward: 65.4256, success: 19, fail: 6
Episode: 124, Reward: 54.4726, success: 18, fail: 7
Episode: 125, Reward: 62.2241, success: 19, fail: 6
Episode: 126, Reward: 54.3706, success: 18, fail: 7
Episode: 127, Reward: 73.2986, success: 20, fail: 5
Episode: 128, Reward: 53.4882, success: 18, fail: 7
Episode: 129, Reward: 85.0980, success: 21, fail: 4
Episode: 130, Reward: 42.8203, success: 17, fail: 8
Episode: 131, Reward: 65.3262, success: 19, fail: 6
Episode: 132, Reward: 62.5970, success: 19, fail: 6
Episode: 133, Reward: 63.5630, success: 19, fail: 6
Episode: 134, Reward: 54.1369, success: 18, fail: 7
Episode: 135, Reward: 64.7008, success: 19, fail: 6
Episode: 136, Reward: 73.3636, success: 20, fail: 5
Episode: 137, Reward: 53.1853, success: 18, fail: 7
Episode: 138, Reward: 63.7604, success: 19, fail: 6
Episode: 139, Reward: 53.1439, success: 18, fail: 7
Episode: 140, Reward: 63.7227, success: 19, fail: 6
Episode: 141, Reward: 62.9407, success: 19, fail: 6
Episode: 142, Reward: 54.4024, success: 18, fail: 7
Episode: 143, Reward: 73.7486, success: 20, fail: 5
Episode: 144, Reward: 64.4791, success: 19, fail: 6
Episode: 145, Reward: 66.1483, success: 19, fail: 6
Episode: 146, Reward: 44.3570, success: 17, fail: 8
Episode: 147, Reward: 44.2226, success: 17, fail: 8
Episode: 148, Reward: 64.6106, success: 19, fail: 6
Episode: 149, Reward: 53.3363, success: 18, fail: 7
Episode: 150, Reward: 44.9120, success: 17, fail: 8
Episode: 151, Reward: 64.6367, success: 19, fail: 6
Episode: 152, Reward: 44.8779, success: 17, fail: 8
Episode: 153, Reward: 25.6702, success: 15, fail: 10
Episode: 154, Reward: 74.4613, success: 20, fail: 5
Episode: 155, Reward: 53.7556, success: 18, fail: 7
Episode: 156, Reward: 43.8745, success: 17, fail: 8
Episode: 157, Reward: 63.1749, success: 19, fail: 6
Episode: 158, Reward: 53.2647, success: 18, fail: 7
Episode: 159, Reward: 63.8998, success: 19, fail: 6
Episode: 160, Reward: 35.0554, success: 16, fail: 9
Episode: 161, Reward: 83.3887, success: 21, fail: 4
Episode: 162, Reward: 63.1192, success: 19, fail: 6
Episode: 163, Reward: 72.4833, success: 20, fail: 5
Episode: 164, Reward: 63.8263, success: 19, fail: 6
Episode: 165, Reward: 73.9965, success: 20, fail: 5
Episode: 166, Reward: 52.5514, success: 18, fail: 7
Episode: 167, Reward: 72.6853, success: 20, fail: 5
Episode: 168, Reward: 63.6690, success: 19, fail: 6
Episode: 169, Reward: 54.2781, success: 18, fail: 7
Episode: 170, Reward: 53.1369, success: 18, fail: 7
Episode: 171, Reward: 54.2511, success: 18, fail: 7
Episode: 172, Reward: 75.6742, success: 20, fail: 5
Episode: 173, Reward: 65.3273, success: 19, fail: 6
Episode: 174, Reward: 54.0586, success: 18, fail: 7
Episode: 175, Reward: 43.9789, success: 17, fail: 8
Episode: 176, Reward: 61.7693, success: 19, fail: 6
Episode: 177, Reward: 72.1504, success: 20, fail: 5
Episode: 178, Reward: 41.9306, success: 17, fail: 8
Episode: 179, Reward: 73.6568, success: 20, fail: 5
Episode: 180, Reward: 62.9526, success: 19, fail: 6
Episode: 181, Reward: 73.0728, success: 20, fail: 5
Episode: 182, Reward: 63.9903, success: 19, fail: 6
Episode: 183, Reward: 52.8167, success: 18, fail: 7
Episode: 184, Reward: 52.7674, success: 18, fail: 7
Episode: 185, Reward: 75.0556, success: 20, fail: 5
Episode: 186, Reward: 41.6423, success: 17, fail: 8
Episode: 187, Reward: 63.0988, success: 19, fail: 6
Episode: 188, Reward: 55.7855, success: 18, fail: 7
Episode: 189, Reward: 64.4812, success: 19, fail: 6
Episode: 190, Reward: 74.1411, success: 20, fail: 5
Episode: 191, Reward: 74.6660, success: 20, fail: 5
Episode: 192, Reward: 55.0212, success: 18, fail: 7
Episode: 193, Reward: 63.1868, success: 19, fail: 6
Episode: 194, Reward: 55.3639, success: 18, fail: 7
Episode: 195, Reward: 44.6603, success: 17, fail: 8
Episode: 196, Reward: 82.7838, success: 21, fail: 4
Episode: 197, Reward: 51.8550, success: 18, fail: 7
Episode: 198, Reward: 62.8079, success: 19, fail: 6
Episode: 199, Reward: 63.9271, success: 19, fail: 6
Episode: 200, Reward: 63.4090, success: 19, fail: 6
Episode: 201, Reward: 63.0719, success: 19, fail: 6
Episode: 202, Reward: 83.3093, success: 21, fail: 4
Episode: 203, Reward: 44.4053, success: 17, fail: 8
Episode: 204, Reward: 53.8519, success: 18, fail: 7
Episode: 205, Reward: 73.5165, success: 20, fail: 5
Episode: 206, Reward: 75.0638, success: 20, fail: 5
Episode: 207, Reward: 62.7133, success: 19, fail: 6
Episode: 208, Reward: 63.6558, success: 19, fail: 6
Episode: 209, Reward: 45.5223, success: 17, fail: 8
Episode: 210, Reward: 63.6246, success: 19, fail: 6
Episode: 211, Reward: 63.3372, success: 19, fail: 6
Episode: 212, Reward: 34.1234, success: 16, fail: 9
Episode: 213, Reward: 65.3560, success: 19, fail: 6
Episode: 214, Reward: 55.1216, success: 18, fail: 7
Episode: 215, Reward: 43.1018, success: 17, fail: 8
Episode: 216, Reward: 64.5752, success: 19, fail: 6
Episode: 217, Reward: 84.3613, success: 21, fail: 4
Episode: 218, Reward: 54.7389, success: 18, fail: 7
Episode: 219, Reward: 45.2951, success: 17, fail: 8
Episode: 220, Reward: 74.8396, success: 20, fail: 5
Episode: 221, Reward: 44.0724, success: 17, fail: 8
Episode: 222, Reward: 34.8944, success: 16, fail: 9
Episode: 223, Reward: 73.2519, success: 20, fail: 5
Episode: 224, Reward: 74.0443, success: 20, fail: 5
Episode: 225, Reward: 62.7456, success: 19, fail: 6
Episode: 226, Reward: 63.6398, success: 19, fail: 6
Episode: 227, Reward: 63.5975, success: 19, fail: 6
Episode: 228, Reward: 54.5015, success: 18, fail: 7
Episode: 229, Reward: 62.7872, success: 19, fail: 6
Episode: 230, Reward: 75.6942, success: 20, fail: 5
Episode: 231, Reward: 65.1063, success: 19, fail: 6
Episode: 232, Reward: 62.6652, success: 19, fail: 6
Episode: 233, Reward: 64.6525, success: 19, fail: 6
Episode: 234, Reward: 53.2571, success: 18, fail: 7
Episode: 235, Reward: 43.3538, success: 17, fail: 8
Episode: 236, Reward: 61.1148, success: 19, fail: 6
Episode: 237, Reward: 75.4404, success: 20, fail: 5
Episode: 238, Reward: 63.8890, success: 19, fail: 6
Episode: 239, Reward: 65.0337, success: 19, fail: 6
Episode: 240, Reward: 23.2303, success: 15, fail: 10
Episode: 241, Reward: 54.3070, success: 18, fail: 7
Episode: 242, Reward: 43.5261, success: 17, fail: 8
Episode: 243, Reward: 63.5254, success: 19, fail: 6
Episode: 244, Reward: 43.0575, success: 17, fail: 8
Episode: 245, Reward: 63.5918, success: 19, fail: 6
Episode: 246, Reward: 43.6864, success: 17, fail: 8
Episode: 247, Reward: 64.5561, success: 19, fail: 6
Episode: 248, Reward: 34.2992, success: 16, fail: 9
Episode: 249, Reward: 54.4103, success: 18, fail: 7
Episode: 250, Reward: 64.8748, success: 19, fail: 6
Episode: 251, Reward: 63.9676, success: 19, fail: 6
Episode: 252, Reward: 33.8389, success: 16, fail: 9
Episode: 253, Reward: 53.8492, success: 18, fail: 7
Episode: 254, Reward: 73.8725, success: 20, fail: 5
Episode: 255, Reward: 64.4712, success: 19, fail: 6
Episode: 256, Reward: 54.4409, success: 18, fail: 7
Episode: 257, Reward: 45.0273, success: 17, fail: 8
Episode: 258, Reward: 73.5995, success: 20, fail: 5
Episode: 259, Reward: 64.5219, success: 19, fail: 6
Episode: 260, Reward: 61.6337, success: 19, fail: 6
Episode: 261, Reward: 73.5117, success: 20, fail: 5
Episode: 262, Reward: 62.9932, success: 19, fail: 6
Episode: 263, Reward: 63.8317, success: 19, fail: 6
Episode: 264, Reward: 54.4982, success: 18, fail: 7
Episode: 265, Reward: 65.7001, success: 19, fail: 6
Episode: 266, Reward: 64.8405, success: 19, fail: 6
Episode: 267, Reward: 63.0404, success: 19, fail: 6
Episode: 268, Reward: 73.4509, success: 20, fail: 5
Episode: 269, Reward: 75.2552, success: 20, fail: 5
Episode: 270, Reward: 54.2233, success: 18, fail: 7
Episode: 271, Reward: 65.3722, success: 19, fail: 6
Episode: 272, Reward: 54.5116, success: 18, fail: 7
Episode: 273, Reward: 62.4476, success: 19, fail: 6
Episode: 274, Reward: 44.4550, success: 17, fail: 8
Episode: 275, Reward: 66.6984, success: 19, fail: 6
Episode: 276, Reward: 73.0977, success: 20, fail: 5
Episode: 277, Reward: 65.2434, success: 19, fail: 6
Episode: 278, Reward: 54.8034, success: 18, fail: 7
Episode: 279, Reward: 55.1800, success: 18, fail: 7
Episode: 280, Reward: 64.6486, success: 19, fail: 6
Episode: 281, Reward: 42.6094, success: 17, fail: 8
Episode: 282, Reward: 52.3947, success: 18, fail: 7
Episode: 283, Reward: 73.7758, success: 20, fail: 5
Episode: 284, Reward: 43.7560, success: 17, fail: 8
Episode: 285, Reward: 73.1120, success: 20, fail: 5
Episode: 286, Reward: 73.1978, success: 20, fail: 5
Episode: 287, Reward: 75.4829, success: 20, fail: 5
Episode: 288, Reward: 81.2194, success: 21, fail: 4
Episode: 289, Reward: 63.8012, success: 19, fail: 6
Episode: 290, Reward: 15.5524, success: 14, fail: 11
Episode: 291, Reward: 63.5903, success: 19, fail: 6
Episode: 292, Reward: 82.0530, success: 21, fail: 4
Episode: 293, Reward: 63.7784, success: 19, fail: 6
Episode: 294, Reward: 63.8156, success: 19, fail: 6
Episode: 295, Reward: 62.7947, success: 19, fail: 6
Episode: 296, Reward: 73.3238, success: 20, fail: 5
Episode: 297, Reward: 82.0198, success: 21, fail: 4
Episode: 298, Reward: 62.7692, success: 19, fail: 6
Episode: 299, Reward: 73.0698, success: 20, fail: 5
Episode: 300, Reward: 62.0699, success: 19, fail: 6
Episode: 301, Reward: 84.4154, success: 21, fail: 4
Episode: 302, Reward: 62.0299, success: 19, fail: 6
Episode: 303, Reward: 44.0676, success: 17, fail: 8
Episode: 304, Reward: 84.7362, success: 21, fail: 4
Episode: 305, Reward: 51.8882, success: 18, fail: 7
Episode: 306, Reward: 74.5844, success: 20, fail: 5
Episode: 307, Reward: 63.1113, success: 19, fail: 6
Episode: 308, Reward: 73.0080, success: 20, fail: 5
Episode: 309, Reward: 72.6840, success: 20, fail: 5
Episode: 310, Reward: 62.4011, success: 19, fail: 6
Episode: 311, Reward: 72.6347, success: 20, fail: 5
Episode: 312, Reward: 81.5043, success: 21, fail: 4
Episode: 313, Reward: 74.9775, success: 20, fail: 5
Episode: 314, Reward: 63.8575, success: 19, fail: 6
Episode: 315, Reward: 63.6919, success: 19, fail: 6
Episode: 316, Reward: 54.8347, success: 18, fail: 7
Episode: 317, Reward: 63.7873, success: 19, fail: 6
Episode: 318, Reward: 63.3612, success: 19, fail: 6
Episode: 319, Reward: 63.3556, success: 19, fail: 6
Episode: 320, Reward: 73.3961, success: 20, fail: 5
Episode: 321, Reward: 64.7815, success: 19, fail: 6
Episode: 322, Reward: 62.5339, success: 19, fail: 6
Episode: 323, Reward: 52.9448, success: 18, fail: 7
Episode: 324, Reward: 52.9990, success: 18, fail: 7
Episode: 325, Reward: 64.4366, success: 19, fail: 6
Episode: 326, Reward: 62.9594, success: 19, fail: 6
Episode: 327, Reward: 72.1187, success: 20, fail: 5
Episode: 328, Reward: 62.0055, success: 19, fail: 6
Episode: 329, Reward: 62.7254, success: 19, fail: 6
Episode: 330, Reward: 62.1862, success: 19, fail: 6
Episode: 331, Reward: 61.9131, success: 19, fail: 6
Episode: 332, Reward: 52.5328, success: 18, fail: 7
Episode: 333, Reward: 54.2710, success: 18, fail: 7
Episode: 334, Reward: 52.9848, success: 18, fail: 7
Episode: 335, Reward: 73.0678, success: 20, fail: 5
Episode: 336, Reward: 64.6414, success: 19, fail: 6
Episode: 337, Reward: 41.5235, success: 17, fail: 8
Episode: 338, Reward: 74.0424, success: 20, fail: 5
Episode: 339, Reward: 72.5183, success: 20, fail: 5
Episode: 340, Reward: 83.6950, success: 21, fail: 4
Episode: 341, Reward: 73.8489, success: 20, fail: 5
Episode: 342, Reward: 72.7660, success: 20, fail: 5
Episode: 343, Reward: 63.6439, success: 19, fail: 6
Episode: 344, Reward: 82.9183, success: 21, fail: 4
Episode: 345, Reward: 72.7507, success: 20, fail: 5
Episode: 346, Reward: 74.0196, success: 20, fail: 5
Episode: 347, Reward: 72.7771, success: 20, fail: 5
Episode: 348, Reward: 82.0523, success: 21, fail: 4
Episode: 349, Reward: 51.6021, success: 18, fail: 7
Episode: 350, Reward: 63.2829, success: 19, fail: 6
Episode: 351, Reward: 82.6236, success: 21, fail: 4
Episode: 352, Reward: 62.4213, success: 19, fail: 6
Episode: 353, Reward: 75.6152, success: 20, fail: 5
Episode: 354, Reward: 63.7460, success: 19, fail: 6
Episode: 355, Reward: 84.4244, success: 21, fail: 4
Episode: 356, Reward: 54.0417, success: 18, fail: 7
Episode: 357, Reward: 75.3664, success: 20, fail: 5
Episode: 358, Reward: 75.1311, success: 20, fail: 5
Episode: 359, Reward: 74.9372, success: 20, fail: 5
Episode: 360, Reward: 64.3676, success: 19, fail: 6
Episode: 361, Reward: 75.0836, success: 20, fail: 5
Episode: 362, Reward: 85.7996, success: 21, fail: 4
Episode: 363, Reward: 65.7046, success: 19, fail: 6
Episode: 364, Reward: 64.9748, success: 19, fail: 6
Episode: 365, Reward: 72.8255, success: 20, fail: 5
Episode: 366, Reward: 65.9295, success: 19, fail: 6
Episode: 367, Reward: 53.9202, success: 18, fail: 7
Episode: 368, Reward: 54.3512, success: 18, fail: 7
Episode: 369, Reward: 75.7407, success: 20, fail: 5
Episode: 370, Reward: 55.5550, success: 18, fail: 7
Episode: 371, Reward: 75.9792, success: 20, fail: 5
Episode: 372, Reward: 74.7718, success: 20, fail: 5
Episode: 373, Reward: 55.4587, success: 18, fail: 7
Episode: 374, Reward: 75.6453, success: 20, fail: 5
Episode: 375, Reward: 65.6664, success: 19, fail: 6
Episode: 376, Reward: 75.6607, success: 20, fail: 5
Episode: 377, Reward: 73.9916, success: 20, fail: 5
Episode: 378, Reward: 65.4231, success: 19, fail: 6
Episode: 379, Reward: 83.3994, success: 21, fail: 4
Episode: 380, Reward: 75.2817, success: 20, fail: 5
Episode: 381, Reward: 64.9919, success: 19, fail: 6
Episode: 382, Reward: 64.4520, success: 19, fail: 6
Episode: 383, Reward: 86.7562, success: 21, fail: 4
Episode: 384, Reward: 83.6057, success: 21, fail: 4
Episode: 385, Reward: 85.0308, success: 21, fail: 4
Episode: 386, Reward: 63.9002, success: 19, fail: 6
Episode: 387, Reward: 84.9446, success: 21, fail: 4
Episode: 388, Reward: 75.3910, success: 20, fail: 5
Episode: 389, Reward: 83.8702, success: 21, fail: 4
Episode: 390, Reward: 74.4354, success: 20, fail: 5
Episode: 391, Reward: 83.2381, success: 21, fail: 4
Episode: 392, Reward: 75.2391, success: 20, fail: 5
Episode: 393, Reward: 63.5557, success: 19, fail: 6
Episode: 394, Reward: 76.9940, success: 20, fail: 5
Episode: 395, Reward: 73.9256, success: 20, fail: 5
Episode: 396, Reward: 63.6750, success: 19, fail: 6
Episode: 397, Reward: 93.9628, success: 22, fail: 3
Episode: 398, Reward: 75.6439, success: 20, fail: 5
Episode: 399, Reward: 73.2362, success: 20, fail: 5
Episode: 400, Reward: 84.6616, success: 21, fail: 4
Episode: 401, Reward: 74.5065, success: 20, fail: 5
Episode: 402, Reward: 84.2928, success: 21, fail: 4
Episode: 403, Reward: 45.7943, success: 17, fail: 8
Episode: 404, Reward: 73.0842, success: 20, fail: 5
Episode: 405, Reward: 76.1834, success: 20, fail: 5
Episode: 406, Reward: 74.9336, success: 20, fail: 5
Episode: 407, Reward: 75.0428, success: 20, fail: 5
Episode: 408, Reward: 74.6065, success: 20, fail: 5
Episode: 409, Reward: 75.0145, success: 20, fail: 5
Episode: 410, Reward: 84.1645, success: 21, fail: 4
Episode: 411, Reward: 64.5285, success: 19, fail: 6
Episode: 412, Reward: 84.1409, success: 21, fail: 4
Episode: 413, Reward: 74.0364, success: 20, fail: 5
Episode: 414, Reward: 82.7040, success: 21, fail: 4
Episode: 415, Reward: 85.1970, success: 21, fail: 4
Episode: 416, Reward: 63.1409, success: 19, fail: 6
Episode: 417, Reward: 73.5423, success: 20, fail: 5
Episode: 418, Reward: 63.1975, success: 19, fail: 6
Episode: 419, Reward: 73.9625, success: 20, fail: 5
Episode: 420, Reward: 73.3438, success: 20, fail: 5
Episode: 421, Reward: 65.1274, success: 19, fail: 6
Episode: 422, Reward: 75.5885, success: 20, fail: 5
Episode: 423, Reward: 74.8321, success: 20, fail: 5
Episode: 424, Reward: 74.5568, success: 20, fail: 5
Episode: 425, Reward: 73.2070, success: 20, fail: 5
Episode: 426, Reward: 73.2308, success: 20, fail: 5
Episode: 427, Reward: 74.3283, success: 20, fail: 5
Episode: 428, Reward: 63.6679, success: 19, fail: 6
Episode: 429, Reward: 63.4696, success: 19, fail: 6
Episode: 430, Reward: 63.5240, success: 19, fail: 6
Episode: 431, Reward: 82.8580, success: 21, fail: 4
Episode: 432, Reward: 63.4018, success: 19, fail: 6
Episode: 433, Reward: 52.8880, success: 18, fail: 7
Episode: 434, Reward: 74.7406, success: 20, fail: 5
Episode: 435, Reward: 82.9233, success: 21, fail: 4
Episode: 436, Reward: 75.2448, success: 20, fail: 5
Episode: 437, Reward: 73.7390, success: 20, fail: 5
Episode: 438, Reward: 82.5336, success: 21, fail: 4
Episode: 439, Reward: 84.5811, success: 21, fail: 4
Episode: 440, Reward: 65.0575, success: 19, fail: 6
Episode: 441, Reward: 65.2066, success: 19, fail: 6
Episode: 442, Reward: 73.0705, success: 20, fail: 5
Episode: 443, Reward: 83.9344, success: 21, fail: 4
Episode: 444, Reward: 62.7154, success: 19, fail: 6
Episode: 445, Reward: 72.8135, success: 20, fail: 5
Episode: 446, Reward: 73.5735, success: 20, fail: 5
Episode: 447, Reward: 53.6078, success: 18, fail: 7
Episode: 448, Reward: 63.5993, success: 19, fail: 6
Episode: 449, Reward: 73.7585, success: 20, fail: 5
Episode: 450, Reward: 63.4790, success: 19, fail: 6
Episode: 451, Reward: 84.5938, success: 21, fail: 4
Episode: 452, Reward: 62.4550, success: 19, fail: 6
Episode: 453, Reward: 84.1329, success: 21, fail: 4
Episode: 454, Reward: 75.2101, success: 20, fail: 5
Episode: 455, Reward: 75.6460, success: 20, fail: 5
Episode: 456, Reward: 63.5895, success: 19, fail: 6
Episode: 457, Reward: 85.3947, success: 21, fail: 4
Episode: 458, Reward: 82.9854, success: 21, fail: 4
Episode: 459, Reward: 84.8730, success: 21, fail: 4
Episode: 460, Reward: 54.1109, success: 18, fail: 7
Episode: 461, Reward: 73.0124, success: 20, fail: 5
Episode: 462, Reward: 73.2163, success: 20, fail: 5
Episode: 463, Reward: 73.5120, success: 20, fail: 5
Episode: 464, Reward: 75.0286, success: 20, fail: 5
Episode: 465, Reward: 93.4111, success: 22, fail: 3
Episode: 466, Reward: 62.9043, success: 19, fail: 6
Episode: 467, Reward: 65.2055, success: 19, fail: 6
Episode: 468, Reward: 64.4551, success: 19, fail: 6
Episode: 469, Reward: 64.5045, success: 19, fail: 6
Episode: 470, Reward: 74.9487, success: 20, fail: 5
Episode: 471, Reward: 64.3817, success: 19, fail: 6
Episode: 472, Reward: 73.8886, success: 20, fail: 5
Episode: 473, Reward: 75.5733, success: 20, fail: 5
Episode: 474, Reward: 75.4022, success: 20, fail: 5
Episode: 475, Reward: 84.2528, success: 21, fail: 4
Episode: 476, Reward: 94.2249, success: 22, fail: 3
Episode: 477, Reward: 73.5418, success: 20, fail: 5
Episode: 478, Reward: 73.3503, success: 20, fail: 5
Episode: 479, Reward: 63.4791, success: 19, fail: 6
Episode: 480, Reward: 86.1320, success: 21, fail: 4
Episode: 481, Reward: 74.3001, success: 20, fail: 5
Episode: 482, Reward: 74.5835, success: 20, fail: 5
Episode: 483, Reward: 61.8872, success: 19, fail: 6
Episode: 484, Reward: 45.1646, success: 17, fail: 8
Episode: 485, Reward: 85.0114, success: 21, fail: 4
Episode: 486, Reward: 53.7290, success: 18, fail: 7
Episode: 487, Reward: 73.4620, success: 20, fail: 5
Episode: 488, Reward: 83.3732, success: 21, fail: 4
Episode: 489, Reward: 74.1158, success: 20, fail: 5
Episode: 490, Reward: 62.3741, success: 19, fail: 6
Episode: 491, Reward: 52.7845, success: 18, fail: 7
Episode: 492, Reward: 72.4400, success: 20, fail: 5
Episode: 493, Reward: 74.3353, success: 20, fail: 5
Episode: 494, Reward: 62.8540, success: 19, fail: 6
Episode: 495, Reward: 94.3420, success: 22, fail: 3
Episode: 496, Reward: 74.4724, success: 20, fail: 5
Episode: 497, Reward: 72.4873, success: 20, fail: 5
Episode: 498, Reward: 74.5973, success: 20, fail: 5
Episode: 499, Reward: 73.9219, success: 20, fail: 5
Episode: 500, Reward: 62.6474, success: 19, fail: 6
Episode: 501, Reward: 62.7418, success: 19, fail: 6
Episode: 502, Reward: 74.4338, success: 20, fail: 5
Episode: 503, Reward: 72.1778, success: 20, fail: 5
Episode: 504, Reward: 75.0880, success: 20, fail: 5
Episode: 505, Reward: 64.7942, success: 19, fail: 6
Episode: 506, Reward: 72.8789, success: 20, fail: 5
Episode: 507, Reward: 73.9196, success: 20, fail: 5
Episode: 508, Reward: 94.8423, success: 22, fail: 3
Episode: 509, Reward: 73.9175, success: 20, fail: 5
Episode: 510, Reward: 73.8921, success: 20, fail: 5
Episode: 511, Reward: 85.3446, success: 21, fail: 4
Episode: 512, Reward: 62.8187, success: 19, fail: 6
Episode: 513, Reward: 63.5731, success: 19, fail: 6
Episode: 514, Reward: 63.3631, success: 19, fail: 6
Episode: 515, Reward: 63.6187, success: 19, fail: 6
Episode: 516, Reward: 73.5142, success: 20, fail: 5
Episode: 517, Reward: 83.6565, success: 21, fail: 4
Episode: 518, Reward: 82.1127, success: 21, fail: 4
Episode: 519, Reward: 73.3706, success: 20, fail: 5
Episode: 520, Reward: 55.3289, success: 18, fail: 7
Episode: 521, Reward: 94.4151, success: 22, fail: 3
Episode: 522, Reward: 72.4759, success: 20, fail: 5
Episode: 523, Reward: 73.5909, success: 20, fail: 5
Episode: 524, Reward: 73.5121, success: 20, fail: 5
Episode: 525, Reward: 82.5369, success: 21, fail: 4
Episode: 526, Reward: 73.4923, success: 20, fail: 5
Episode: 527, Reward: 64.5070, success: 19, fail: 6
Episode: 528, Reward: 63.5303, success: 19, fail: 6
Episode: 529, Reward: 84.2117, success: 21, fail: 4
Episode: 530, Reward: 63.7135, success: 19, fail: 6
Episode: 531, Reward: 83.4236, success: 21, fail: 4
Episode: 532, Reward: 75.0078, success: 20, fail: 5
Episode: 533, Reward: 75.4218, success: 20, fail: 5
Episode: 534, Reward: 63.8937, success: 19, fail: 6
Episode: 535, Reward: 74.5008, success: 20, fail: 5
Episode: 536, Reward: 63.9348, success: 19, fail: 6
Episode: 537, Reward: 83.6881, success: 21, fail: 4
Episode: 538, Reward: 74.5241, success: 20, fail: 5
Episode: 539, Reward: 83.9170, success: 21, fail: 4
Episode: 540, Reward: 71.5310, success: 20, fail: 5
Episode: 541, Reward: 64.3616, success: 19, fail: 6
Episode: 542, Reward: 84.6633, success: 21, fail: 4
Episode: 543, Reward: 75.6185, success: 20, fail: 5
Episode: 544, Reward: 74.8034, success: 20, fail: 5
Episode: 545, Reward: 42.8941, success: 17, fail: 8
Episode: 546, Reward: 73.6760, success: 20, fail: 5
Episode: 547, Reward: 71.9947, success: 20, fail: 5
Episode: 548, Reward: 63.4616, success: 19, fail: 6
Episode: 549, Reward: 83.6294, success: 21, fail: 4
Episode: 550, Reward: 85.4584, success: 21, fail: 4
Episode: 551, Reward: 74.2889, success: 20, fail: 5
Episode: 552, Reward: 75.1104, success: 20, fail: 5
Episode: 553, Reward: 74.2346, success: 20, fail: 5
Episode: 554, Reward: 85.3767, success: 21, fail: 4
Episode: 555, Reward: 74.7171, success: 20, fail: 5
Episode: 556, Reward: 74.0657, success: 20, fail: 5
Episode: 557, Reward: 73.9450, success: 20, fail: 5
Episode: 558, Reward: 73.9341, success: 20, fail: 5
Episode: 559, Reward: 84.8892, success: 21, fail: 4
Episode: 560, Reward: 84.7754, success: 21, fail: 4
Episode: 561, Reward: 75.6421, success: 20, fail: 5
Episode: 562, Reward: 83.6997, success: 21, fail: 4
Episode: 563, Reward: 63.8475, success: 19, fail: 6
Episode: 564, Reward: 84.6381, success: 21, fail: 4
Episode: 565, Reward: 74.8891, success: 20, fail: 5
Episode: 566, Reward: 72.5516, success: 20, fail: 5
Episode: 567, Reward: 75.5649, success: 20, fail: 5
Episode: 568, Reward: 71.1143, success: 20, fail: 5
Episode: 569, Reward: 83.6596, success: 21, fail: 4
Episode: 570, Reward: 85.4780, success: 21, fail: 4
Episode: 571, Reward: 82.9373, success: 21, fail: 4
Episode: 572, Reward: 65.7171, success: 19, fail: 6
Episode: 573, Reward: 85.0463, success: 21, fail: 4
Episode: 574, Reward: 75.3108, success: 20, fail: 5
Episode: 575, Reward: 84.4653, success: 21, fail: 4
Episode: 576, Reward: 74.6009, success: 20, fail: 5
Episode: 577, Reward: 74.4919, success: 20, fail: 5
Episode: 578, Reward: 82.9482, success: 21, fail: 4
Episode: 579, Reward: 63.9961, success: 19, fail: 6
Episode: 580, Reward: 64.6295, success: 19, fail: 6
Episode: 581, Reward: 75.1439, success: 20, fail: 5
Episode: 582, Reward: 65.8091, success: 19, fail: 6
Episode: 583, Reward: 63.6293, success: 19, fail: 6
Episode: 584, Reward: 74.7041, success: 20, fail: 5
Episode: 585, Reward: 94.8139, success: 22, fail: 3
Episode: 586, Reward: 83.0342, success: 21, fail: 4
Episode: 587, Reward: 84.8374, success: 21, fail: 4
Episode: 588, Reward: 65.8752, success: 19, fail: 6
Episode: 589, Reward: 84.2260, success: 21, fail: 4
Episode: 590, Reward: 75.7666, success: 20, fail: 5
Episode: 591, Reward: 54.1115, success: 18, fail: 7
Episode: 592, Reward: 75.6079, success: 20, fail: 5
Episode: 593, Reward: 65.2070, success: 19, fail: 6
Episode: 594, Reward: 72.8846, success: 20, fail: 5
Episode: 595, Reward: 74.6695, success: 20, fail: 5
Episode: 596, Reward: 74.1142, success: 20, fail: 5
Episode: 597, Reward: 86.1155, success: 21, fail: 4
Episode: 598, Reward: 64.6417, success: 19, fail: 6
Episode: 599, Reward: 65.8501, success: 19, fail: 6
Episode: 600, Reward: 86.6596, success: 21, fail: 4
Episode: 601, Reward: 85.6477, success: 21, fail: 4
Episode: 602, Reward: 75.3064, success: 20, fail: 5
Episode: 603, Reward: 64.3531, success: 19, fail: 6
Episode: 604, Reward: 74.9254, success: 20, fail: 5
Episode: 605, Reward: 73.8312, success: 20, fail: 5
Episode: 606, Reward: 73.2661, success: 20, fail: 5
Episode: 607, Reward: 64.8912, success: 19, fail: 6
Episode: 608, Reward: 86.1887, success: 21, fail: 4
Episode: 609, Reward: 65.2440, success: 19, fail: 6
Episode: 610, Reward: 75.8458, success: 20, fail: 5
Episode: 611, Reward: 85.5015, success: 21, fail: 4
Episode: 612, Reward: 85.8863, success: 21, fail: 4
Episode: 613, Reward: 75.7822, success: 20, fail: 5
Episode: 614, Reward: 94.4163, success: 22, fail: 3
Episode: 615, Reward: 64.3400, success: 19, fail: 6
Episode: 616, Reward: 85.8201, success: 21, fail: 4
Episode: 617, Reward: 73.6554, success: 20, fail: 5
Episode: 618, Reward: 76.9062, success: 20, fail: 5
Episode: 619, Reward: 74.2857, success: 20, fail: 5
Episode: 620, Reward: 64.7975, success: 19, fail: 6
Episode: 621, Reward: 84.1151, success: 21, fail: 4
Episode: 622, Reward: 74.9947, success: 20, fail: 5
Episode: 623, Reward: 73.7385, success: 20, fail: 5
Episode: 624, Reward: 75.4502, success: 20, fail: 5
Episode: 625, Reward: 66.2244, success: 19, fail: 6
Episode: 626, Reward: 83.9805, success: 21, fail: 4
Episode: 627, Reward: 82.8050, success: 21, fail: 4
Episode: 628, Reward: 54.1331, success: 18, fail: 7
Episode: 629, Reward: 84.5797, success: 21, fail: 4
Episode: 630, Reward: 82.7817, success: 21, fail: 4
Episode: 631, Reward: 74.9863, success: 20, fail: 5
Episode: 632, Reward: 95.5907, success: 22, fail: 3
Episode: 633, Reward: 93.6855, success: 22, fail: 3
Episode: 634, Reward: 75.5945, success: 20, fail: 5
Episode: 635, Reward: 75.3982, success: 20, fail: 5
Episode: 636, Reward: 83.0160, success: 21, fail: 4
Episode: 637, Reward: 94.8102, success: 22, fail: 3
Episode: 638, Reward: 75.0234, success: 20, fail: 5
Episode: 639, Reward: 84.6089, success: 21, fail: 4
Episode: 640, Reward: 74.8362, success: 20, fail: 5
Episode: 641, Reward: 63.9387, success: 19, fail: 6
Episode: 642, Reward: 85.4591, success: 21, fail: 4
Episode: 643, Reward: 63.9924, success: 19, fail: 6
Episode: 644, Reward: 74.9300, success: 20, fail: 5
Episode: 645, Reward: 64.8438, success: 19, fail: 6
Episode: 646, Reward: 84.2053, success: 21, fail: 4
Episode: 647, Reward: 84.1087, success: 21, fail: 4
Episode: 648, Reward: 64.1739, success: 19, fail: 6
Episode: 649, Reward: 73.7465, success: 20, fail: 5
Episode: 650, Reward: 82.9402, success: 21, fail: 4
Episode: 651, Reward: 85.7746, success: 21, fail: 4
Episode: 652, Reward: 75.4123, success: 20, fail: 5
Episode: 653, Reward: 66.2682, success: 19, fail: 6
Episode: 654, Reward: 84.7106, success: 21, fail: 4
Episode: 655, Reward: 64.9146, success: 19, fail: 6
Episode: 656, Reward: 63.0460, success: 19, fail: 6
Episode: 657, Reward: 85.2859, success: 21, fail: 4
Episode: 658, Reward: 74.9705, success: 20, fail: 5
Episode: 659, Reward: 74.0313, success: 20, fail: 5
Episode: 660, Reward: 75.1703, success: 20, fail: 5
Episode: 661, Reward: 63.8361, success: 19, fail: 6
Episode: 662, Reward: 74.7912, success: 20, fail: 5
Episode: 663, Reward: 84.8100, success: 21, fail: 4
Episode: 664, Reward: 66.3141, success: 19, fail: 6
Episode: 665, Reward: 64.5506, success: 19, fail: 6
Episode: 666, Reward: 74.6905, success: 20, fail: 5
Episode: 667, Reward: 84.5246, success: 21, fail: 4
Episode: 668, Reward: 94.8040, success: 22, fail: 3
Episode: 669, Reward: 73.8404, success: 20, fail: 5
Episode: 670, Reward: 75.1791, success: 20, fail: 5
Episode: 671, Reward: 85.4458, success: 21, fail: 4
Episode: 672, Reward: 63.7401, success: 19, fail: 6
Episode: 673, Reward: 74.9043, success: 20, fail: 5
Episode: 674, Reward: 86.1105, success: 21, fail: 4
Episode: 675, Reward: 65.6278, success: 19, fail: 6
Episode: 676, Reward: 84.7580, success: 21, fail: 4
Episode: 677, Reward: 95.8064, success: 22, fail: 3
Episode: 678, Reward: 76.1053, success: 20, fail: 5
Episode: 679, Reward: 86.0926, success: 21, fail: 4
Episode: 680, Reward: 86.3981, success: 21, fail: 4
Episode: 681, Reward: 66.4896, success: 19, fail: 6
Episode: 682, Reward: 76.2973, success: 20, fail: 5
Episode: 683, Reward: 75.3187, success: 20, fail: 5
Episode: 684, Reward: 56.8047, success: 18, fail: 7
Episode: 685, Reward: 86.4873, success: 21, fail: 4
Episode: 686, Reward: 86.9295, success: 21, fail: 4
Episode: 687, Reward: 64.8621, success: 19, fail: 6
Episode: 688, Reward: 74.7293, success: 20, fail: 5
Episode: 689, Reward: 76.5006, success: 20, fail: 5
Episode: 690, Reward: 55.3777, success: 18, fail: 7
Episode: 691, Reward: 76.2717, success: 20, fail: 5
Episode: 692, Reward: 75.2144, success: 20, fail: 5
Episode: 693, Reward: 56.0653, success: 18, fail: 7
Episode: 694, Reward: 64.9600, success: 19, fail: 6
Episode: 695, Reward: 75.4419, success: 20, fail: 5
Episode: 696, Reward: 76.1340, success: 20, fail: 5
Episode: 697, Reward: 84.5572, success: 21, fail: 4
Episode: 698, Reward: 75.6509, success: 20, fail: 5
Episode: 699, Reward: 65.7485, success: 19, fail: 6
Episode: 700, Reward: 75.9032, success: 20, fail: 5
Episode: 701, Reward: 85.5450, success: 21, fail: 4
Episode: 702, Reward: 75.0025, success: 20, fail: 5
Episode: 703, Reward: 76.4471, success: 20, fail: 5
Episode: 704, Reward: 66.0658, success: 19, fail: 6
Episode: 705, Reward: 87.4116, success: 21, fail: 4
Episode: 706, Reward: 85.8118, success: 21, fail: 4
Episode: 707, Reward: 95.5902, success: 22, fail: 3
Episode: 708, Reward: 76.5014, success: 20, fail: 5
Episode: 709, Reward: 86.1642, success: 21, fail: 4
Episode: 710, Reward: 86.3055, success: 21, fail: 4
Episode: 711, Reward: 74.5108, success: 20, fail: 5
Episode: 712, Reward: 75.5725, success: 20, fail: 5
Episode: 713, Reward: 86.3520, success: 21, fail: 4
Episode: 714, Reward: 86.5010, success: 21, fail: 4
Episode: 715, Reward: 85.7841, success: 21, fail: 4
Episode: 716, Reward: 85.0836, success: 21, fail: 4
Episode: 717, Reward: 86.0173, success: 21, fail: 4
Episode: 718, Reward: 76.0989, success: 20, fail: 5
Episode: 719, Reward: 76.0730, success: 20, fail: 5
Episode: 720, Reward: 65.8762, success: 19, fail: 6
Episode: 721, Reward: 75.8290, success: 20, fail: 5
Episode: 722, Reward: 75.5554, success: 20, fail: 5
Episode: 723, Reward: 74.9037, success: 20, fail: 5
Episode: 724, Reward: 85.6559, success: 21, fail: 4
Episode: 725, Reward: 96.2162, success: 22, fail: 3
Episode: 726, Reward: 65.8905, success: 19, fail: 6
Episode: 727, Reward: 87.0921, success: 21, fail: 4
Episode: 728, Reward: 75.7768, success: 20, fail: 5
Episode: 729, Reward: 65.6598, success: 19, fail: 6
Episode: 730, Reward: 76.0745, success: 20, fail: 5
Episode: 731, Reward: 85.0276, success: 21, fail: 4
Episode: 732, Reward: 76.2119, success: 20, fail: 5
Episode: 733, Reward: 64.8975, success: 19, fail: 6
Episode: 734, Reward: 96.5975, success: 22, fail: 3
Episode: 735, Reward: 76.4326, success: 20, fail: 5
Episode: 736, Reward: 85.4889, success: 21, fail: 4
Episode: 737, Reward: 86.0301, success: 21, fail: 4
Episode: 738, Reward: 86.6228, success: 21, fail: 4
Episode: 739, Reward: 74.1638, success: 20, fail: 5
Episode: 740, Reward: 65.3698, success: 19, fail: 6
Episode: 741, Reward: 55.7671, success: 18, fail: 7
Episode: 742, Reward: 86.0083, success: 21, fail: 4
Episode: 743, Reward: 94.8743, success: 22, fail: 3
Episode: 744, Reward: 87.5524, success: 21, fail: 4
Episode: 745, Reward: 86.4442, success: 21, fail: 4
Episode: 746, Reward: 85.9222, success: 21, fail: 4
Episode: 747, Reward: 66.3346, success: 19, fail: 6
Episode: 748, Reward: 86.9832, success: 21, fail: 4
Episode: 749, Reward: 75.3448, success: 20, fail: 5
Episode: 750, Reward: 75.7644, success: 20, fail: 5
Episode: 751, Reward: 75.5388, success: 20, fail: 5
Episode: 752, Reward: 65.9135, success: 19, fail: 6
Episode: 753, Reward: 85.0935, success: 21, fail: 4
Episode: 754, Reward: 85.2036, success: 21, fail: 4
Episode: 755, Reward: 85.1822, success: 21, fail: 4
Episode: 756, Reward: 76.8125, success: 20, fail: 5
Episode: 757, Reward: 66.0820, success: 19, fail: 6
Episode: 758, Reward: 75.3577, success: 20, fail: 5
Episode: 759, Reward: 63.8024, success: 19, fail: 6
Episode: 760, Reward: 65.0864, success: 19, fail: 6
Episode: 761, Reward: 64.6423, success: 19, fail: 6
Episode: 762, Reward: 63.9927, success: 19, fail: 6
Episode: 763, Reward: 75.6816, success: 20, fail: 5
Episode: 764, Reward: 85.2708, success: 21, fail: 4
Episode: 765, Reward: 74.5423, success: 20, fail: 5
Episode: 766, Reward: 62.6558, success: 19, fail: 6
Episode: 767, Reward: 65.7630, success: 19, fail: 6
Episode: 768, Reward: 85.3640, success: 21, fail: 4
Episode: 769, Reward: 75.0211, success: 20, fail: 5
Episode: 770, Reward: 54.8527, success: 18, fail: 7
Episode: 771, Reward: 54.7229, success: 18, fail: 7
Episode: 772, Reward: 65.4026, success: 19, fail: 6
Episode: 773, Reward: 84.6358, success: 21, fail: 4
Episode: 774, Reward: 75.7386, success: 20, fail: 5
Episode: 775, Reward: 73.7824, success: 20, fail: 5
Episode: 776, Reward: 75.6925, success: 20, fail: 5
Episode: 777, Reward: 86.9071, success: 21, fail: 4
Episode: 778, Reward: 66.5073, success: 19, fail: 6
Episode: 779, Reward: 74.3107, success: 20, fail: 5
Episode: 780, Reward: 84.8861, success: 21, fail: 4
Episode: 781, Reward: 75.7086, success: 20, fail: 5
Episode: 782, Reward: 85.6942, success: 21, fail: 4
Episode: 783, Reward: 75.6576, success: 20, fail: 5
Episode: 784, Reward: 56.2947, success: 18, fail: 7
Episode: 785, Reward: 64.9158, success: 19, fail: 6
Episode: 786, Reward: 84.8063, success: 21, fail: 4
Episode: 787, Reward: 74.5379, success: 20, fail: 5
Episode: 788, Reward: 75.9960, success: 20, fail: 5
Episode: 789, Reward: 75.4193, success: 20, fail: 5
Episode: 790, Reward: 85.6556, success: 21, fail: 4
Episode: 791, Reward: 75.3319, success: 20, fail: 5
Episode: 792, Reward: 75.7957, success: 20, fail: 5
Episode: 793, Reward: 85.4367, success: 21, fail: 4
Episode: 794, Reward: 85.7396, success: 21, fail: 4
Episode: 795, Reward: 75.5237, success: 20, fail: 5
Episode: 796, Reward: 85.1656, success: 21, fail: 4
Episode: 797, Reward: 85.9796, success: 21, fail: 4
Episode: 798, Reward: 73.9853, success: 20, fail: 5
Episode: 799, Reward: 85.1637, success: 21, fail: 4
Episode: 800, Reward: 85.3218, success: 21, fail: 4
Episode: 801, Reward: 86.0025, success: 21, fail: 4
Episode: 802, Reward: 75.6007, success: 20, fail: 5
Episode: 803, Reward: 85.1896, success: 21, fail: 4
Episode: 804, Reward: 64.4246, success: 19, fail: 6
Episode: 805, Reward: 85.7324, success: 21, fail: 4
Episode: 806, Reward: 96.7684, success: 22, fail: 3
Episode: 807, Reward: 74.6815, success: 20, fail: 5
Episode: 808, Reward: 94.7283, success: 22, fail: 3
Episode: 809, Reward: 85.7361, success: 21, fail: 4
Episode: 810, Reward: 94.7136, success: 22, fail: 3
Episode: 811, Reward: 85.2933, success: 21, fail: 4
Episode: 812, Reward: 84.7033, success: 21, fail: 4
Episode: 813, Reward: 75.8078, success: 20, fail: 5
Episode: 814, Reward: 63.6332, success: 19, fail: 6
Episode: 815, Reward: 66.1778, success: 19, fail: 6
Episode: 816, Reward: 84.3078, success: 21, fail: 4
Episode: 817, Reward: 75.1161, success: 20, fail: 5
Episode: 818, Reward: 85.3115, success: 21, fail: 4
Episode: 819, Reward: 76.2033, success: 20, fail: 5
Episode: 820, Reward: 64.8571, success: 19, fail: 6
Episode: 821, Reward: 85.9461, success: 21, fail: 4
Episode: 822, Reward: 73.9980, success: 20, fail: 5
Episode: 823, Reward: 86.5267, success: 21, fail: 4
Episode: 824, Reward: 64.9863, success: 19, fail: 6
Episode: 825, Reward: 95.0376, success: 22, fail: 3
Episode: 826, Reward: 75.5746, success: 20, fail: 5
Episode: 827, Reward: 66.0559, success: 19, fail: 6
Episode: 828, Reward: 84.3042, success: 21, fail: 4
Episode: 829, Reward: 75.3656, success: 20, fail: 5
Episode: 830, Reward: 64.9351, success: 19, fail: 6
Episode: 831, Reward: 85.3876, success: 21, fail: 4
Episode: 832, Reward: 74.9013, success: 20, fail: 5
Episode: 833, Reward: 84.7181, success: 21, fail: 4
Episode: 834, Reward: 84.7967, success: 21, fail: 4
Episode: 835, Reward: 64.6349, success: 19, fail: 6
Episode: 836, Reward: 65.7322, success: 19, fail: 6
Episode: 837, Reward: 75.4021, success: 20, fail: 5
Episode: 838, Reward: 84.6212, success: 21, fail: 4
Episode: 839, Reward: 75.3056, success: 20, fail: 5
Episode: 840, Reward: 76.3409, success: 20, fail: 5
Episode: 841, Reward: 85.9046, success: 21, fail: 4
Episode: 842, Reward: 75.4926, success: 20, fail: 5
Episode: 843, Reward: 76.0927, success: 20, fail: 5
Episode: 844, Reward: 65.7570, success: 19, fail: 6
Episode: 845, Reward: 85.6019, success: 21, fail: 4
Episode: 846, Reward: 75.9931, success: 20, fail: 5
Episode: 847, Reward: 85.5673, success: 21, fail: 4
Episode: 848, Reward: 64.5311, success: 19, fail: 6
Episode: 849, Reward: 76.1397, success: 20, fail: 5
Episode: 850, Reward: 74.4224, success: 20, fail: 5
Episode: 851, Reward: 83.8008, success: 21, fail: 4
Episode: 852, Reward: 77.1020, success: 20, fail: 5
Episode: 853, Reward: 84.6847, success: 21, fail: 4
Episode: 854, Reward: 85.1441, success: 21, fail: 4
Episode: 855, Reward: 86.4810, success: 21, fail: 4
Episode: 856, Reward: 65.6919, success: 19, fail: 6
Episode: 857, Reward: 86.5483, success: 21, fail: 4
Episode: 858, Reward: 64.4800, success: 19, fail: 6
Episode: 859, Reward: 75.5548, success: 20, fail: 5
Episode: 860, Reward: 74.4067, success: 20, fail: 5
Episode: 861, Reward: 76.0273, success: 20, fail: 5
Episode: 862, Reward: 65.1907, success: 19, fail: 6
Episode: 863, Reward: 65.8586, success: 19, fail: 6
Episode: 864, Reward: 74.1107, success: 20, fail: 5
Episode: 865, Reward: 95.3711, success: 22, fail: 3
Episode: 866, Reward: 75.2117, success: 20, fail: 5
Episode: 867, Reward: 74.3587, success: 20, fail: 5
Episode: 868, Reward: 75.2858, success: 20, fail: 5
Episode: 869, Reward: 65.6076, success: 19, fail: 6
Episode: 870, Reward: 74.6466, success: 20, fail: 5
Episode: 871, Reward: 74.8699, success: 20, fail: 5
Episode: 872, Reward: 95.8083, success: 22, fail: 3
Episode: 873, Reward: 75.8444, success: 20, fail: 5
Episode: 874, Reward: 75.6246, success: 20, fail: 5
Episode: 875, Reward: 73.9907, success: 20, fail: 5
Episode: 876, Reward: 84.8085, success: 21, fail: 4
Episode: 877, Reward: 85.2846, success: 21, fail: 4
Episode: 878, Reward: 85.2031, success: 21, fail: 4
Episode: 879, Reward: 73.6656, success: 20, fail: 5
Episode: 880, Reward: 74.3385, success: 20, fail: 5
Episode: 881, Reward: 74.0723, success: 20, fail: 5
Episode: 882, Reward: 74.9223, success: 20, fail: 5
Episode: 883, Reward: 84.5469, success: 21, fail: 4
Episode: 884, Reward: 75.0016, success: 20, fail: 5
Episode: 885, Reward: 64.9230, success: 19, fail: 6
Episode: 886, Reward: 75.8226, success: 20, fail: 5
Episode: 887, Reward: 86.1937, success: 21, fail: 4
Episode: 888, Reward: 74.9315, success: 20, fail: 5
Episode: 889, Reward: 75.1654, success: 20, fail: 5
Episode: 890, Reward: 75.1769, success: 20, fail: 5
Episode: 891, Reward: 75.0674, success: 20, fail: 5
Episode: 892, Reward: 74.7358, success: 20, fail: 5
Episode: 893, Reward: 74.4422, success: 20, fail: 5
Episode: 894, Reward: 74.0712, success: 20, fail: 5
Episode: 895, Reward: 94.9297, success: 22, fail: 3
Episode: 896, Reward: 95.4849, success: 22, fail: 3
Episode: 897, Reward: 74.8586, success: 20, fail: 5
Episode: 898, Reward: 93.8373, success: 22, fail: 3
Episode: 899, Reward: 65.2546, success: 19, fail: 6
Episode: 900, Reward: 94.9623, success: 22, fail: 3
Episode: 901, Reward: 84.6831, success: 21, fail: 4
Episode: 902, Reward: 86.1075, success: 21, fail: 4
Episode: 903, Reward: 94.9072, success: 22, fail: 3
Episode: 904, Reward: 85.8423, success: 21, fail: 4
Episode: 905, Reward: 95.2780, success: 22, fail: 3
Episode: 906, Reward: 53.8599, success: 18, fail: 7
Episode: 907, Reward: 76.1200, success: 20, fail: 5
Episode: 908, Reward: 74.3965, success: 20, fail: 5
Episode: 909, Reward: 75.6633, success: 20, fail: 5
Episode: 910, Reward: 73.8623, success: 20, fail: 5
Episode: 911, Reward: 84.7830, success: 21, fail: 4
Episode: 912, Reward: 75.3692, success: 20, fail: 5
Episode: 913, Reward: 95.0869, success: 22, fail: 3
Episode: 914, Reward: 66.2843, success: 19, fail: 6
Episode: 915, Reward: 74.9387, success: 20, fail: 5
Episode: 916, Reward: 65.7267, success: 19, fail: 6
Episode: 917, Reward: 84.5051, success: 21, fail: 4
Episode: 918, Reward: 65.9957, success: 19, fail: 6
Episode: 919, Reward: 96.0834, success: 22, fail: 3
Episode: 920, Reward: 86.0505, success: 21, fail: 4
Episode: 921, Reward: 95.6509, success: 22, fail: 3
Episode: 922, Reward: 95.4709, success: 22, fail: 3
Episode: 923, Reward: 75.6165, success: 20, fail: 5
Episode: 924, Reward: 86.2152, success: 21, fail: 4
Episode: 925, Reward: 84.9731, success: 21, fail: 4
Episode: 926, Reward: 65.6326, success: 19, fail: 6
Episode: 927, Reward: 94.8081, success: 22, fail: 3
Episode: 928, Reward: 75.9406, success: 20, fail: 5
Episode: 929, Reward: 84.4386, success: 21, fail: 4
Episode: 930, Reward: 84.8394, success: 21, fail: 4
Episode: 931, Reward: 65.4818, success: 19, fail: 6
Episode: 932, Reward: 76.6439, success: 20, fail: 5
Episode: 933, Reward: 85.7320, success: 21, fail: 4
Episode: 934, Reward: 76.3353, success: 20, fail: 5
Episode: 935, Reward: 85.0793, success: 21, fail: 4
Episode: 936, Reward: 86.7579, success: 21, fail: 4
Episode: 937, Reward: 74.8217, success: 20, fail: 5
Episode: 938, Reward: 85.3397, success: 21, fail: 4
Episode: 939, Reward: 85.5082, success: 21, fail: 4
Episode: 940, Reward: 84.8372, success: 21, fail: 4
Episode: 941, Reward: 85.0076, success: 21, fail: 4
Episode: 942, Reward: 85.0731, success: 21, fail: 4
Episode: 943, Reward: 85.4036, success: 21, fail: 4
Episode: 944, Reward: 85.0089, success: 21, fail: 4
Episode: 945, Reward: 75.6848, success: 20, fail: 5
Episode: 946, Reward: 84.6776, success: 21, fail: 4
Episode: 947, Reward: 95.1797, success: 22, fail: 3
Episode: 948, Reward: 84.8006, success: 21, fail: 4
Episode: 949, Reward: 74.8451, success: 20, fail: 5
Episode: 950, Reward: 75.2630, success: 20, fail: 5
Episode: 951, Reward: 74.8400, success: 20, fail: 5
Episode: 952, Reward: 64.6113, success: 19, fail: 6
Episode: 953, Reward: 85.1735, success: 21, fail: 4
Episode: 954, Reward: 85.3676, success: 21, fail: 4
Episode: 955, Reward: 74.5196, success: 20, fail: 5
Episode: 956, Reward: 84.4894, success: 21, fail: 4
Episode: 957, Reward: 73.4759, success: 20, fail: 5
Episode: 958, Reward: 94.8431, success: 22, fail: 3
Episode: 959, Reward: 65.6149, success: 19, fail: 6
Episode: 960, Reward: 95.1277, success: 22, fail: 3
Episode: 961, Reward: 83.9129, success: 21, fail: 4
Episode: 962, Reward: 64.3551, success: 19, fail: 6
Episode: 963, Reward: 85.9023, success: 21, fail: 4
Episode: 964, Reward: 95.2911, success: 22, fail: 3
Episode: 965, Reward: 85.2149, success: 21, fail: 4
Episode: 966, Reward: 84.0168, success: 21, fail: 4
Episode: 967, Reward: 85.5417, success: 21, fail: 4
Episode: 968, Reward: 73.8261, success: 20, fail: 5
Episode: 969, Reward: 64.3242, success: 19, fail: 6
Episode: 970, Reward: 95.0709, success: 22, fail: 3
Episode: 971, Reward: 83.7201, success: 21, fail: 4
Episode: 972, Reward: 94.9162, success: 22, fail: 3
Episode: 973, Reward: 85.8475, success: 21, fail: 4
Episode: 974, Reward: 85.7056, success: 21, fail: 4
Episode: 975, Reward: 64.8606, success: 19, fail: 6
Episode: 976, Reward: 95.2227, success: 22, fail: 3
Episode: 977, Reward: 85.0102, success: 21, fail: 4
Episode: 978, Reward: 84.2068, success: 21, fail: 4
Episode: 979, Reward: 74.8643, success: 20, fail: 5
Episode: 980, Reward: 65.0280, success: 19, fail: 6
Episode: 981, Reward: 85.8866, success: 21, fail: 4
Episode: 982, Reward: 75.9833, success: 20, fail: 5
Episode: 983, Reward: 75.3479, success: 20, fail: 5
Episode: 984, Reward: 74.8933, success: 20, fail: 5
Episode: 985, Reward: 85.3343, success: 21, fail: 4
Episode: 986, Reward: 95.0487, success: 22, fail: 3
Episode: 987, Reward: 63.6327, success: 19, fail: 6
Episode: 988, Reward: 86.5278, success: 21, fail: 4
Episode: 989, Reward: 74.4455, success: 20, fail: 5
Episode: 990, Reward: 85.6024, success: 21, fail: 4
Episode: 991, Reward: 74.4965, success: 20, fail: 5
Episode: 992, Reward: 95.8665, success: 22, fail: 3
Episode: 993, Reward: 74.8641, success: 20, fail: 5
Episode: 994, Reward: 74.3489, success: 20, fail: 5
Episode: 995, Reward: 76.4768, success: 20, fail: 5
Episode: 996, Reward: 65.9140, success: 19, fail: 6
Episode: 997, Reward: 75.1324, success: 20, fail: 5
Episode: 998, Reward: 76.3134, success: 20, fail: 5
Episode: 999, Reward: 76.1865, success: 20, fail: 5
Episode: 1000, Reward: 65.8560, success: 19, fail: 6
Episode: 1001, Reward: 75.3678, success: 20, fail: 5
Episode: 1002, Reward: 75.6109, success: 20, fail: 5
Episode: 1003, Reward: 55.7307, success: 18, fail: 7
Episode: 1004, Reward: 65.3434, success: 19, fail: 6
Episode: 1005, Reward: 75.2052, success: 20, fail: 5
Episode: 1006, Reward: 64.7681, success: 19, fail: 6
Episode: 1007, Reward: 65.6136, success: 19, fail: 6
Episode: 1008, Reward: 65.0438, success: 19, fail: 6
Episode: 1009, Reward: 66.1870, success: 19, fail: 6
Episode: 1010, Reward: 55.5418, success: 18, fail: 7
Episode: 1011, Reward: 96.6815, success: 22, fail: 3
Episode: 1012, Reward: 84.9480, success: 21, fail: 4
Episode: 1013, Reward: 75.6446, success: 20, fail: 5
Episode: 1014, Reward: 75.8203, success: 20, fail: 5
Episode: 1015, Reward: 86.3004, success: 21, fail: 4
Episode: 1016, Reward: 94.5605, success: 22, fail: 3
Episode: 1017, Reward: 65.8386, success: 19, fail: 6
Episode: 1018, Reward: 95.5622, success: 22, fail: 3
Episode: 1019, Reward: 75.9709, success: 20, fail: 5
Episode: 1020, Reward: 74.2413, success: 20, fail: 5
Episode: 1021, Reward: 86.8095, success: 21, fail: 4
Episode: 1022, Reward: 64.0020, success: 19, fail: 6
Episode: 1023, Reward: 75.6215, success: 20, fail: 5
Episode: 1024, Reward: 76.4705, success: 20, fail: 5
Episode: 1025, Reward: 75.1983, success: 20, fail: 5
Episode: 1026, Reward: 66.4166, success: 19, fail: 6
Episode: 1027, Reward: 65.2899, success: 19, fail: 6
Episode: 1028, Reward: 66.2384, success: 19, fail: 6
Episode: 1029, Reward: 65.9321, success: 19, fail: 6
Episode: 1030, Reward: 65.6764, success: 19, fail: 6
Episode: 1031, Reward: 75.5966, success: 20, fail: 5
Episode: 1032, Reward: 65.2238, success: 19, fail: 6
Episode: 1033, Reward: 85.1484, success: 21, fail: 4
Episode: 1034, Reward: 75.5370, success: 20, fail: 5
Episode: 1035, Reward: 74.3235, success: 20, fail: 5
Episode: 1036, Reward: 95.9608, success: 22, fail: 3
Episode: 1037, Reward: 75.4664, success: 20, fail: 5
Episode: 1038, Reward: 84.8958, success: 21, fail: 4
Episode: 1039, Reward: 65.2166, success: 19, fail: 6
Episode: 1040, Reward: 54.4122, success: 18, fail: 7
Episode: 1041, Reward: 73.4725, success: 20, fail: 5
Episode: 1042, Reward: 75.7060, success: 20, fail: 5
Episode: 1043, Reward: 85.5508, success: 21, fail: 4
Episode: 1044, Reward: 75.1375, success: 20, fail: 5
Episode: 1045, Reward: 64.4283, success: 19, fail: 6
Episode: 1046, Reward: 94.8318, success: 22, fail: 3
Episode: 1047, Reward: 84.7965, success: 21, fail: 4
Episode: 1048, Reward: 85.2412, success: 21, fail: 4
Episode: 1049, Reward: 95.7964, success: 22, fail: 3
Episode: 1050, Reward: 73.8175, success: 20, fail: 5
Episode: 1051, Reward: 76.2223, success: 20, fail: 5
Episode: 1052, Reward: 95.2909, success: 22, fail: 3
Episode: 1053, Reward: 74.1417, success: 20, fail: 5
Episode: 1054, Reward: 75.9373, success: 20, fail: 5
Episode: 1055, Reward: 75.9621, success: 20, fail: 5
Episode: 1056, Reward: 65.9520, success: 19, fail: 6
Episode: 1057, Reward: 85.8806, success: 21, fail: 4
Episode: 1058, Reward: 84.8670, success: 21, fail: 4
Episode: 1059, Reward: 75.0015, success: 20, fail: 5
Episode: 1060, Reward: 65.9626, success: 19, fail: 6
Episode: 1061, Reward: 85.2995, success: 21, fail: 4
Episode: 1062, Reward: 86.1802, success: 21, fail: 4
Episode: 1063, Reward: 65.5669, success: 19, fail: 6
Episode: 1064, Reward: 65.4168, success: 19, fail: 6
Episode: 1065, Reward: 66.3084, success: 19, fail: 6
Episode: 1066, Reward: 83.5676, success: 21, fail: 4
Episode: 1067, Reward: 94.6532, success: 22, fail: 3
Episode: 1068, Reward: 74.7184, success: 20, fail: 5
Episode: 1069, Reward: 65.9818, success: 19, fail: 6
Episode: 1070, Reward: 75.4589, success: 20, fail: 5
Episode: 1071, Reward: 64.7968, success: 19, fail: 6
Episode: 1072, Reward: 74.6738, success: 20, fail: 5
Episode: 1073, Reward: 66.2961, success: 19, fail: 6
Episode: 1074, Reward: 76.0834, success: 20, fail: 5
Episode: 1075, Reward: 75.3687, success: 20, fail: 5
Episode: 1076, Reward: 74.2764, success: 20, fail: 5
Episode: 1077, Reward: 86.1011, success: 21, fail: 4
Episode: 1078, Reward: 85.6717, success: 21, fail: 4
Episode: 1079, Reward: 84.3123, success: 21, fail: 4
Episode: 1080, Reward: 84.4098, success: 21, fail: 4
Episode: 1081, Reward: 73.3100, success: 20, fail: 5
Episode: 1082, Reward: 74.6998, success: 20, fail: 5
Episode: 1083, Reward: 85.7102, success: 21, fail: 4
Episode: 1084, Reward: 84.9985, success: 21, fail: 4
Episode: 1085, Reward: 74.9211, success: 20, fail: 5
Episode: 1086, Reward: 84.9161, success: 21, fail: 4
Episode: 1087, Reward: 84.6848, success: 21, fail: 4
Episode: 1088, Reward: 76.5928, success: 20, fail: 5
Episode: 1089, Reward: 84.7802, success: 21, fail: 4
Episode: 1090, Reward: 84.9567, success: 21, fail: 4
Episode: 1091, Reward: 75.7969, success: 20, fail: 5
Episode: 1092, Reward: 65.6258, success: 19, fail: 6
Episode: 1093, Reward: 76.5117, success: 20, fail: 5
Episode: 1094, Reward: 76.6311, success: 20, fail: 5
Episode: 1095, Reward: 65.2614, success: 19, fail: 6
Episode: 1096, Reward: 75.8673, success: 20, fail: 5
Episode: 1097, Reward: 85.6227, success: 21, fail: 4
Episode: 1098, Reward: 75.2601, success: 20, fail: 5
Episode: 1099, Reward: 65.8843, success: 19, fail: 6
Episode: 1100, Reward: 76.6104, success: 20, fail: 5
Episode: 1101, Reward: 75.6625, success: 20, fail: 5
Episode: 1102, Reward: 76.3395, success: 20, fail: 5
Episode: 1103, Reward: 75.4097, success: 20, fail: 5
Episode: 1104, Reward: 65.8927, success: 19, fail: 6
Episode: 1105, Reward: 44.3394, success: 17, fail: 8
Episode: 1106, Reward: 75.6396, success: 20, fail: 5
Episode: 1107, Reward: 65.5875, success: 19, fail: 6
Episode: 1108, Reward: 86.1118, success: 21, fail: 4
Episode: 1109, Reward: 85.3060, success: 21, fail: 4
Episode: 1110, Reward: 65.5044, success: 19, fail: 6
Episode: 1111, Reward: 66.4890, success: 19, fail: 6
Episode: 1112, Reward: 75.6554, success: 20, fail: 5
Episode: 1113, Reward: 75.1927, success: 20, fail: 5
Episode: 1114, Reward: 76.1844, success: 20, fail: 5
Episode: 1115, Reward: 85.5723, success: 21, fail: 4
Episode: 1116, Reward: 85.5861, success: 21, fail: 4
Episode: 1117, Reward: 85.6552, success: 21, fail: 4
Episode: 1118, Reward: 74.7080, success: 20, fail: 5
Episode: 1119, Reward: 65.8074, success: 19, fail: 6
Episode: 1120, Reward: 85.2202, success: 21, fail: 4
Episode: 1121, Reward: 65.7141, success: 19, fail: 6
Episode: 1122, Reward: 95.5573, success: 22, fail: 3
Episode: 1123, Reward: 74.9380, success: 20, fail: 5
Episode: 1124, Reward: 75.6038, success: 20, fail: 5
Episode: 1125, Reward: 75.8326, success: 20, fail: 5
Episode: 1126, Reward: 75.3443, success: 20, fail: 5
Episode: 1127, Reward: 74.7141, success: 20, fail: 5
Episode: 1128, Reward: 75.1732, success: 20, fail: 5
Episode: 1129, Reward: 76.3180, success: 20, fail: 5
Episode: 1130, Reward: 85.0612, success: 21, fail: 4
Episode: 1131, Reward: 75.1558, success: 20, fail: 5
Episode: 1132, Reward: 74.2521, success: 20, fail: 5
Episode: 1133, Reward: 74.8169, success: 20, fail: 5
Episode: 1134, Reward: 64.8503, success: 19, fail: 6
Episode: 1135, Reward: 85.2812, success: 21, fail: 4
Episode: 1136, Reward: 73.9431, success: 20, fail: 5
Episode: 1137, Reward: 95.6947, success: 22, fail: 3
Episode: 1138, Reward: 64.3008, success: 19, fail: 6
Episode: 1139, Reward: 75.3455, success: 20, fail: 5
Episode: 1140, Reward: 76.1198, success: 20, fail: 5
Episode: 1141, Reward: 86.1514, success: 21, fail: 4
Episode: 1142, Reward: 75.6828, success: 20, fail: 5
Episode: 1143, Reward: 74.0801, success: 20, fail: 5
Episode: 1144, Reward: 84.6261, success: 21, fail: 4
Episode: 1145, Reward: 84.0557, success: 21, fail: 4
Episode: 1146, Reward: 75.8452, success: 20, fail: 5
Episode: 1147, Reward: 95.6637, success: 22, fail: 3
Episode: 1148, Reward: 64.5790, success: 19, fail: 6
Episode: 1149, Reward: 65.7274, success: 19, fail: 6
Episode: 1150, Reward: 84.0935, success: 21, fail: 4
Episode: 1151, Reward: 66.0343, success: 19, fail: 6
Episode: 1152, Reward: 64.5408, success: 19, fail: 6
Episode: 1153, Reward: 75.0332, success: 20, fail: 5
Episode: 1154, Reward: 75.5210, success: 20, fail: 5
Episode: 1155, Reward: 74.1202, success: 20, fail: 5
Episode: 1156, Reward: 74.5475, success: 20, fail: 5
Episode: 1157, Reward: 84.2586, success: 21, fail: 4
Episode: 1158, Reward: 85.1163, success: 21, fail: 4
Episode: 1159, Reward: 74.9644, success: 20, fail: 5
Episode: 1160, Reward: 74.3724, success: 20, fail: 5
Episode: 1161, Reward: 75.4294, success: 20, fail: 5
Episode: 1162, Reward: 86.2449, success: 21, fail: 4
Episode: 1163, Reward: 75.9215, success: 20, fail: 5
Episode: 1164, Reward: 75.1860, success: 20, fail: 5
Episode: 1165, Reward: 55.2803, success: 18, fail: 7
Episode: 1166, Reward: 85.3959, success: 21, fail: 4
Episode: 1167, Reward: 85.4395, success: 21, fail: 4
Episode: 1168, Reward: 95.5052, success: 22, fail: 3
Episode: 1169, Reward: 75.2804, success: 20, fail: 5
Episode: 1170, Reward: 85.9938, success: 21, fail: 4
Episode: 1171, Reward: 74.4407, success: 20, fail: 5
Episode: 1172, Reward: 73.9339, success: 20, fail: 5
Episode: 1173, Reward: 85.0865, success: 21, fail: 4
Episode: 1174, Reward: 84.8736, success: 21, fail: 4
Episode: 1175, Reward: 84.7441, success: 21, fail: 4
Episode: 1176, Reward: 75.0700, success: 20, fail: 5
Episode: 1177, Reward: 73.9144, success: 20, fail: 5
Episode: 1178, Reward: 74.6607, success: 20, fail: 5
Episode: 1179, Reward: 85.8211, success: 21, fail: 4
Episode: 1180, Reward: 85.7238, success: 21, fail: 4
Episode: 1181, Reward: 76.1155, success: 20, fail: 5
Episode: 1182, Reward: 74.9421, success: 20, fail: 5
Episode: 1183, Reward: 95.9987, success: 22, fail: 3
Episode: 1184, Reward: 65.0524, success: 19, fail: 6
Episode: 1185, Reward: 74.5170, success: 20, fail: 5
Episode: 1186, Reward: 74.2604, success: 20, fail: 5
Episode: 1187, Reward: 84.5316, success: 21, fail: 4
Episode: 1188, Reward: 84.4437, success: 21, fail: 4
Episode: 1189, Reward: 74.9411, success: 20, fail: 5
Episode: 1190, Reward: 86.1603, success: 21, fail: 4
Episode: 1191, Reward: 85.9577, success: 21, fail: 4
Episode: 1192, Reward: 75.6042, success: 20, fail: 5
Episode: 1193, Reward: 74.8503, success: 20, fail: 5
Episode: 1194, Reward: 74.3796, success: 20, fail: 5
Episode: 1195, Reward: 75.2805, success: 20, fail: 5
Episode: 1196, Reward: 85.6751, success: 21, fail: 4
Episode: 1197, Reward: 75.0785, success: 20, fail: 5
Episode: 1198, Reward: 75.7091, success: 20, fail: 5
Episode: 1199, Reward: 84.5460, success: 21, fail: 4
Episode: 1200, Reward: 64.7416, success: 19, fail: 6
Episode: 1201, Reward: 86.4400, success: 21, fail: 4
Episode: 1202, Reward: 85.2665, success: 21, fail: 4
Episode: 1203, Reward: 77.0409, success: 20, fail: 5
Episode: 1204, Reward: 95.7801, success: 22, fail: 3
Episode: 1205, Reward: 86.2170, success: 21, fail: 4
Episode: 1206, Reward: 84.5969, success: 21, fail: 4
Episode: 1207, Reward: 85.3681, success: 21, fail: 4
Episode: 1208, Reward: 74.3114, success: 20, fail: 5
Episode: 1209, Reward: 75.3238, success: 20, fail: 5
Episode: 1210, Reward: 85.8577, success: 21, fail: 4
Episode: 1211, Reward: 74.1844, success: 20, fail: 5
Episode: 1212, Reward: 65.3236, success: 19, fail: 6
Episode: 1213, Reward: 73.5080, success: 20, fail: 5
Episode: 1214, Reward: 75.4313, success: 20, fail: 5
Episode: 1215, Reward: 85.1025, success: 21, fail: 4
Episode: 1216, Reward: 74.5571, success: 20, fail: 5
Episode: 1217, Reward: 54.7939, success: 18, fail: 7
Episode: 1218, Reward: 75.0653, success: 20, fail: 5
Episode: 1219, Reward: 85.0629, success: 21, fail: 4
Episode: 1220, Reward: 85.8101, success: 21, fail: 4
Episode: 1221, Reward: 74.9509, success: 20, fail: 5
Episode: 1222, Reward: 83.9890, success: 21, fail: 4
Episode: 1223, Reward: 83.9156, success: 21, fail: 4
Episode: 1224, Reward: 74.7162, success: 20, fail: 5
Episode: 1225, Reward: 86.0221, success: 21, fail: 4
Episode: 1226, Reward: 74.8208, success: 20, fail: 5
Episode: 1227, Reward: 74.5666, success: 20, fail: 5
Episode: 1228, Reward: 84.5550, success: 21, fail: 4
Episode: 1229, Reward: 74.3403, success: 20, fail: 5
Episode: 1230, Reward: 74.6023, success: 20, fail: 5
Episode: 1231, Reward: 84.1500, success: 21, fail: 4
Episode: 1232, Reward: 64.3123, success: 19, fail: 6
Episode: 1233, Reward: 84.9659, success: 21, fail: 4
Episode: 1234, Reward: 74.5150, success: 20, fail: 5
Episode: 1235, Reward: 74.7579, success: 20, fail: 5
Episode: 1236, Reward: 95.0061, success: 22, fail: 3
Episode: 1237, Reward: 84.6810, success: 21, fail: 4
Episode: 1238, Reward: 54.0710, success: 18, fail: 7
Episode: 1239, Reward: 85.4523, success: 21, fail: 4
Episode: 1240, Reward: 84.9459, success: 21, fail: 4
Episode: 1241, Reward: 73.9476, success: 20, fail: 5
Episode: 1242, Reward: 74.4311, success: 20, fail: 5
Episode: 1243, Reward: 65.2884, success: 19, fail: 6
Episode: 1244, Reward: 75.5369, success: 20, fail: 5
Episode: 1245, Reward: 55.9458, success: 18, fail: 7
Episode: 1246, Reward: 73.6405, success: 20, fail: 5
Episode: 1247, Reward: 65.5401, success: 19, fail: 6
Episode: 1248, Reward: 75.5407, success: 20, fail: 5
Episode: 1249, Reward: 83.9931, success: 21, fail: 4
Episode: 1250, Reward: 74.7744, success: 20, fail: 5
Episode: 1251, Reward: 75.2232, success: 20, fail: 5
Episode: 1252, Reward: 75.0631, success: 20, fail: 5
Episode: 1253, Reward: 75.0512, success: 20, fail: 5
Episode: 1254, Reward: 95.2783, success: 22, fail: 3
Episode: 1255, Reward: 85.2416, success: 21, fail: 4
Episode: 1256, Reward: 85.0540, success: 21, fail: 4
Episode: 1257, Reward: 63.4838, success: 19, fail: 6
Episode: 1258, Reward: 84.7853, success: 21, fail: 4
Episode: 1259, Reward: 74.4875, success: 20, fail: 5
Episode: 1260, Reward: 64.4565, success: 19, fail: 6
Episode: 1261, Reward: 83.7223, success: 21, fail: 4
Episode: 1262, Reward: 85.2102, success: 21, fail: 4
Episode: 1263, Reward: 85.2113, success: 21, fail: 4
Episode: 1264, Reward: 75.0873, success: 20, fail: 5
Episode: 1265, Reward: 85.3202, success: 21, fail: 4
Episode: 1266, Reward: 75.4971, success: 20, fail: 5
Episode: 1267, Reward: 75.9350, success: 20, fail: 5
Episode: 1268, Reward: 75.8753, success: 20, fail: 5
Episode: 1269, Reward: 75.7369, success: 20, fail: 5
Episode: 1270, Reward: 74.2492, success: 20, fail: 5
Episode: 1271, Reward: 84.5023, success: 21, fail: 4
Episode: 1272, Reward: 74.9533, success: 20, fail: 5
Episode: 1273, Reward: 84.5931, success: 21, fail: 4
Episode: 1274, Reward: 75.0845, success: 20, fail: 5
Episode: 1275, Reward: 65.8022, success: 19, fail: 6
Episode: 1276, Reward: 85.4309, success: 21, fail: 4
Episode: 1277, Reward: 96.2829, success: 22, fail: 3
Episode: 1278, Reward: 85.4507, success: 21, fail: 4
Episode: 1279, Reward: 75.7509, success: 20, fail: 5
Episode: 1280, Reward: 84.0731, success: 21, fail: 4
Episode: 1281, Reward: 65.7739, success: 19, fail: 6
Episode: 1282, Reward: 64.0397, success: 19, fail: 6
Episode: 1283, Reward: 65.6663, success: 19, fail: 6
Episode: 1284, Reward: 86.0402, success: 21, fail: 4
Episode: 1285, Reward: 65.3663, success: 19, fail: 6
Episode: 1286, Reward: 85.8664, success: 21, fail: 4
Episode: 1287, Reward: 86.2749, success: 21, fail: 4
Episode: 1288, Reward: 75.2985, success: 20, fail: 5
Episode: 1289, Reward: 74.7577, success: 20, fail: 5
Episode: 1290, Reward: 74.7357, success: 20, fail: 5
Episode: 1291, Reward: 85.1693, success: 21, fail: 4
Episode: 1292, Reward: 95.3567, success: 22, fail: 3
Episode: 1293, Reward: 64.2659, success: 19, fail: 6
Episode: 1294, Reward: 65.1615, success: 19, fail: 6
Episode: 1295, Reward: 76.0984, success: 20, fail: 5
Episode: 1296, Reward: 85.8323, success: 21, fail: 4
Episode: 1297, Reward: 75.6144, success: 20, fail: 5
Episode: 1298, Reward: 66.5004, success: 19, fail: 6
Episode: 1299, Reward: 75.6462, success: 20, fail: 5
Episode: 1300, Reward: 75.3712, success: 20, fail: 5
Episode: 1301, Reward: 86.4716, success: 21, fail: 4
Episode: 1302, Reward: 75.2082, success: 20, fail: 5
Episode: 1303, Reward: 55.1235, success: 18, fail: 7
Episode: 1304, Reward: 76.1077, success: 20, fail: 5
Episode: 1305, Reward: 65.6523, success: 19, fail: 6
Episode: 1306, Reward: 86.1151, success: 21, fail: 4
Episode: 1307, Reward: 65.7057, success: 19, fail: 6
Episode: 1308, Reward: 65.1975, success: 19, fail: 6
Episode: 1309, Reward: 76.1940, success: 20, fail: 5
Episode: 1310, Reward: 66.1653, success: 19, fail: 6
Episode: 1311, Reward: 76.3544, success: 20, fail: 5
Episode: 1312, Reward: 65.5901, success: 19, fail: 6
Episode: 1313, Reward: 75.6220, success: 20, fail: 5
Episode: 1314, Reward: 86.6471, success: 21, fail: 4
Episode: 1315, Reward: 85.3497, success: 21, fail: 4
Episode: 1316, Reward: 75.2194, success: 20, fail: 5
Episode: 1317, Reward: 75.7822, success: 20, fail: 5
Episode: 1318, Reward: 85.1528, success: 21, fail: 4
Episode: 1319, Reward: 77.0016, success: 20, fail: 5
Episode: 1320, Reward: 76.0014, success: 20, fail: 5
Episode: 1321, Reward: 75.1297, success: 20, fail: 5
Episode: 1322, Reward: 85.1891, success: 21, fail: 4
Episode: 1323, Reward: 55.6889, success: 18, fail: 7
Episode: 1324, Reward: 75.4198, success: 20, fail: 5
Episode: 1325, Reward: 75.4445, success: 20, fail: 5
Episode: 1326, Reward: 65.2207, success: 19, fail: 6
Episode: 1327, Reward: 74.7768, success: 20, fail: 5
Episode: 1328, Reward: 76.2546, success: 20, fail: 5
Episode: 1329, Reward: 76.1523, success: 20, fail: 5
Episode: 1330, Reward: 85.5142, success: 21, fail: 4
Episode: 1331, Reward: 75.4783, success: 20, fail: 5
Episode: 1332, Reward: 75.9505, success: 20, fail: 5
Episode: 1333, Reward: 85.7490, success: 21, fail: 4
Episode: 1334, Reward: 76.2351, success: 20, fail: 5
Episode: 1335, Reward: 65.7059, success: 19, fail: 6
Episode: 1336, Reward: 85.8035, success: 21, fail: 4
Episode: 1337, Reward: 66.5471, success: 19, fail: 6
Episode: 1338, Reward: 65.8778, success: 19, fail: 6
Episode: 1339, Reward: 76.2403, success: 20, fail: 5
Episode: 1340, Reward: 55.2264, success: 18, fail: 7
Episode: 1341, Reward: 65.3805, success: 19, fail: 6
Episode: 1342, Reward: 86.2154, success: 21, fail: 4
Episode: 1343, Reward: 75.8524, success: 20, fail: 5
Episode: 1344, Reward: 65.8387, success: 19, fail: 6
Episode: 1345, Reward: 76.9126, success: 20, fail: 5
Episode: 1346, Reward: 66.2482, success: 19, fail: 6
Episode: 1347, Reward: 65.1750, success: 19, fail: 6
Episode: 1348, Reward: 75.9003, success: 20, fail: 5
Episode: 1349, Reward: 76.7738, success: 20, fail: 5
Episode: 1350, Reward: 65.9568, success: 19, fail: 6
Episode: 1351, Reward: 45.8440, success: 17, fail: 8
Episode: 1352, Reward: 66.0315, success: 19, fail: 6
Episode: 1353, Reward: 85.6386, success: 21, fail: 4
Episode: 1354, Reward: 96.5963, success: 22, fail: 3
Episode: 1355, Reward: 55.7149, success: 18, fail: 7
Episode: 1356, Reward: 86.3217, success: 21, fail: 4
Episode: 1357, Reward: 86.4045, success: 21, fail: 4
Episode: 1358, Reward: 56.3698, success: 18, fail: 7
Episode: 1359, Reward: 65.5713, success: 19, fail: 6
Episode: 1360, Reward: 66.4619, success: 19, fail: 6
Episode: 1361, Reward: 76.4727, success: 20, fail: 5
Episode: 1362, Reward: 66.4758, success: 19, fail: 6
Episode: 1363, Reward: 56.1482, success: 18, fail: 7
Episode: 1364, Reward: 66.4224, success: 19, fail: 6
Episode: 1365, Reward: 65.9405, success: 19, fail: 6
Episode: 1366, Reward: 66.7769, success: 19, fail: 6
Episode: 1367, Reward: 86.1128, success: 21, fail: 4
Episode: 1368, Reward: 76.1095, success: 20, fail: 5
Episode: 1369, Reward: 55.8188, success: 18, fail: 7
Episode: 1370, Reward: 75.4960, success: 20, fail: 5
Episode: 1371, Reward: 85.0983, success: 21, fail: 4
Episode: 1372, Reward: 65.7441, success: 19, fail: 6
Episode: 1373, Reward: 66.1129, success: 19, fail: 6
Episode: 1374, Reward: 86.1127, success: 21, fail: 4
Episode: 1375, Reward: 96.7081, success: 22, fail: 3
Episode: 1376, Reward: 86.1742, success: 21, fail: 4
Episode: 1377, Reward: 86.5420, success: 21, fail: 4
Episode: 1378, Reward: 64.9279, success: 19, fail: 6
Episode: 1379, Reward: 85.5343, success: 21, fail: 4
Episode: 1380, Reward: 76.3148, success: 20, fail: 5
Episode: 1381, Reward: 65.0828, success: 19, fail: 6
Episode: 1382, Reward: 76.1363, success: 20, fail: 5
Episode: 1383, Reward: 76.3108, success: 20, fail: 5
Episode: 1384, Reward: 85.6455, success: 21, fail: 4
Episode: 1385, Reward: 95.8461, success: 22, fail: 3
Episode: 1386, Reward: 75.9029, success: 20, fail: 5
Episode: 1387, Reward: 85.9950, success: 21, fail: 4
Episode: 1388, Reward: 75.7165, success: 20, fail: 5
Episode: 1389, Reward: 64.7060, success: 19, fail: 6
Episode: 1390, Reward: 66.2349, success: 19, fail: 6
Episode: 1391, Reward: 85.9405, success: 21, fail: 4
Episode: 1392, Reward: 75.1371, success: 20, fail: 5
Episode: 1393, Reward: 76.5181, success: 20, fail: 5
Episode: 1394, Reward: 65.6868, success: 19, fail: 6
Episode: 1395, Reward: 75.5666, success: 20, fail: 5
Episode: 1396, Reward: 76.0627, success: 20, fail: 5
Episode: 1397, Reward: 74.7646, success: 20, fail: 5
Episode: 1398, Reward: 75.6181, success: 20, fail: 5
Episode: 1399, Reward: 65.8179, success: 19, fail: 6
Episode: 1400, Reward: 76.2687, success: 20, fail: 5
Episode: 1401, Reward: 106.2141, success: 23, fail: 2
Episode: 1402, Reward: 85.6650, success: 21, fail: 4
Episode: 1403, Reward: 76.1163, success: 20, fail: 5
Episode: 1404, Reward: 76.0698, success: 20, fail: 5
Episode: 1405, Reward: 75.8697, success: 20, fail: 5
Episode: 1406, Reward: 56.0837, success: 18, fail: 7
Episode: 1407, Reward: 76.9462, success: 20, fail: 5
Episode: 1408, Reward: 75.7322, success: 20, fail: 5
Episode: 1409, Reward: 84.9479, success: 21, fail: 4
Episode: 1410, Reward: 74.5688, success: 20, fail: 5
Episode: 1411, Reward: 96.6629, success: 22, fail: 3
Episode: 1412, Reward: 75.9560, success: 20, fail: 5
Episode: 1413, Reward: 55.8707, success: 18, fail: 7
Episode: 1414, Reward: 96.3404, success: 22, fail: 3
Episode: 1415, Reward: 66.2375, success: 19, fail: 6
Episode: 1416, Reward: 65.5591, success: 19, fail: 6
Episode: 1417, Reward: 64.8961, success: 19, fail: 6
Episode: 1418, Reward: 85.8861, success: 21, fail: 4
Episode: 1419, Reward: 75.5972, success: 20, fail: 5
Episode: 1420, Reward: 76.2762, success: 20, fail: 5
Episode: 1421, Reward: 75.9331, success: 20, fail: 5
Episode: 1422, Reward: 85.5474, success: 21, fail: 4
Episode: 1423, Reward: 86.2058, success: 21, fail: 4
Episode: 1424, Reward: 85.1752, success: 21, fail: 4
Episode: 1425, Reward: 76.5160, success: 20, fail: 5
Episode: 1426, Reward: 75.7257, success: 20, fail: 5
Episode: 1427, Reward: 85.9739, success: 21, fail: 4
Episode: 1428, Reward: 75.5813, success: 20, fail: 5
Episode: 1429, Reward: 75.0499, success: 20, fail: 5
Episode: 1430, Reward: 86.4028, success: 21, fail: 4
Episode: 1431, Reward: 85.0547, success: 21, fail: 4
Episode: 1432, Reward: 65.5722, success: 19, fail: 6
Episode: 1433, Reward: 65.6028, success: 19, fail: 6
Episode: 1434, Reward: 95.5417, success: 22, fail: 3
Episode: 1435, Reward: 76.0827, success: 20, fail: 5
Episode: 1436, Reward: 75.0705, success: 20, fail: 5
Episode: 1437, Reward: 86.2878, success: 21, fail: 4
Episode: 1438, Reward: 65.7893, success: 19, fail: 6
Episode: 1439, Reward: 76.1788, success: 20, fail: 5
Episode: 1440, Reward: 64.6748, success: 19, fail: 6
Episode: 1441, Reward: 75.1618, success: 20, fail: 5
Episode: 1442, Reward: 85.3957, success: 21, fail: 4
Episode: 1443, Reward: 85.4634, success: 21, fail: 4
Episode: 1444, Reward: 86.3261, success: 21, fail: 4
Episode: 1445, Reward: 65.6037, success: 19, fail: 6
Episode: 1446, Reward: 75.5631, success: 20, fail: 5
Episode: 1447, Reward: 85.5747, success: 21, fail: 4
Episode: 1448, Reward: 85.5990, success: 21, fail: 4
Episode: 1449, Reward: 75.4083, success: 20, fail: 5
Episode: 1450, Reward: 85.6940, success: 21, fail: 4
Episode: 1451, Reward: 86.3947, success: 21, fail: 4
Episode: 1452, Reward: 86.1668, success: 21, fail: 4
Episode: 1453, Reward: 84.6483, success: 21, fail: 4
Episode: 1454, Reward: 65.3103, success: 19, fail: 6
Episode: 1455, Reward: 85.6015, success: 21, fail: 4
Episode: 1456, Reward: 84.5918, success: 21, fail: 4
Episode: 1457, Reward: 65.5161, success: 19, fail: 6
Episode: 1458, Reward: 86.4405, success: 21, fail: 4
Episode: 1459, Reward: 85.1274, success: 21, fail: 4
Episode: 1460, Reward: 76.1199, success: 20, fail: 5
Episode: 1461, Reward: 74.8655, success: 20, fail: 5
Episode: 1462, Reward: 85.0705, success: 21, fail: 4
Episode: 1463, Reward: 86.2825, success: 21, fail: 4
Episode: 1464, Reward: 65.2758, success: 19, fail: 6
Episode: 1465, Reward: 75.4884, success: 20, fail: 5
Episode: 1466, Reward: 75.2451, success: 20, fail: 5
Episode: 1467, Reward: 75.6326, success: 20, fail: 5
Episode: 1468, Reward: 84.3223, success: 21, fail: 4
Episode: 1469, Reward: 74.9008, success: 20, fail: 5
Episode: 1470, Reward: 84.4736, success: 21, fail: 4
Episode: 1471, Reward: 65.1487, success: 19, fail: 6
Episode: 1472, Reward: 44.1006, success: 17, fail: 8
Episode: 1473, Reward: 84.5072, success: 21, fail: 4
Episode: 1474, Reward: 85.5159, success: 21, fail: 4
Episode: 1475, Reward: 85.5301, success: 21, fail: 4
Episode: 1476, Reward: 64.9952, success: 19, fail: 6
Episode: 1477, Reward: 86.3281, success: 21, fail: 4
Episode: 1478, Reward: 74.5022, success: 20, fail: 5
Episode: 1479, Reward: 85.1303, success: 21, fail: 4
Episode: 1480, Reward: 75.2628, success: 20, fail: 5
Episode: 1481, Reward: 84.7858, success: 21, fail: 4
Episode: 1482, Reward: 74.5972, success: 20, fail: 5
Episode: 1483, Reward: 95.2695, success: 22, fail: 3
Episode: 1484, Reward: 64.9559, success: 19, fail: 6
Episode: 1485, Reward: 75.2635, success: 20, fail: 5
Episode: 1486, Reward: 76.4974, success: 20, fail: 5
Episode: 1487, Reward: 74.6786, success: 20, fail: 5
Episode: 1488, Reward: 85.7378, success: 21, fail: 4
Episode: 1489, Reward: 74.2976, success: 20, fail: 5
Episode: 1490, Reward: 63.8031, success: 19, fail: 6
Episode: 1491, Reward: 95.1615, success: 22, fail: 3
Episode: 1492, Reward: 95.9001, success: 22, fail: 3
Episode: 1493, Reward: 75.4518, success: 20, fail: 5
Episode: 1494, Reward: 95.9545, success: 22, fail: 3
Episode: 1495, Reward: 85.8179, success: 21, fail: 4
Episode: 1496, Reward: 74.8870, success: 20, fail: 5
Episode: 1497, Reward: 75.0377, success: 20, fail: 5
Episode: 1498, Reward: 85.2052, success: 21, fail: 4
Episode: 1499, Reward: 94.7889, success: 22, fail: 3
Episode: 1500, Reward: 85.4951, success: 21, fail: 4
Episode: 1501, Reward: 94.8863, success: 22, fail: 3
Episode: 1502, Reward: 75.2496, success: 20, fail: 5
Episode: 1503, Reward: 85.3022, success: 21, fail: 4
Episode: 1504, Reward: 85.1090, success: 21, fail: 4
Episode: 1505, Reward: 96.1372, success: 22, fail: 3
Episode: 1506, Reward: 84.7456, success: 21, fail: 4
Episode: 1507, Reward: 74.4598, success: 20, fail: 5
Episode: 1508, Reward: 65.2417, success: 19, fail: 6
Episode: 1509, Reward: 84.4896, success: 21, fail: 4
Episode: 1510, Reward: 75.0905, success: 20, fail: 5
Episode: 1511, Reward: 75.0025, success: 20, fail: 5
Episode: 1512, Reward: 65.2083, success: 19, fail: 6
Episode: 1513, Reward: 95.9999, success: 22, fail: 3
Episode: 1514, Reward: 85.2233, success: 21, fail: 4
Episode: 1515, Reward: 94.8846, success: 22, fail: 3
Episode: 1516, Reward: 84.5277, success: 21, fail: 4
Episode: 1517, Reward: 84.1929, success: 21, fail: 4
Episode: 1518, Reward: 95.4538, success: 22, fail: 3
Episode: 1519, Reward: 84.9165, success: 21, fail: 4
Episode: 1520, Reward: 94.0040, success: 22, fail: 3
Episode: 1521, Reward: 64.3410, success: 19, fail: 6
Episode: 1522, Reward: 84.5766, success: 21, fail: 4
Episode: 1523, Reward: 93.9291, success: 22, fail: 3
Episode: 1524, Reward: 75.0413, success: 20, fail: 5
Episode: 1525, Reward: 73.1602, success: 20, fail: 5
Episode: 1526, Reward: 74.2173, success: 20, fail: 5
Episode: 1527, Reward: 74.5362, success: 20, fail: 5
Episode: 1528, Reward: 73.7122, success: 20, fail: 5
Episode: 1529, Reward: 84.2612, success: 21, fail: 4
Episode: 1530, Reward: 74.1641, success: 20, fail: 5
Episode: 1531, Reward: 85.1704, success: 21, fail: 4
Episode: 1532, Reward: 73.9841, success: 20, fail: 5
Episode: 1533, Reward: 84.2818, success: 21, fail: 4
Episode: 1534, Reward: 64.5135, success: 19, fail: 6
Episode: 1535, Reward: 74.0728, success: 20, fail: 5
Episode: 1536, Reward: 73.9508, success: 20, fail: 5
Episode: 1537, Reward: 85.2957, success: 21, fail: 4
Episode: 1538, Reward: 55.4330, success: 18, fail: 7
Episode: 1539, Reward: 94.9303, success: 22, fail: 3
Episode: 1540, Reward: 83.9576, success: 21, fail: 4
Episode: 1541, Reward: 65.1480, success: 19, fail: 6
Episode: 1542, Reward: 74.6924, success: 20, fail: 5
Episode: 1543, Reward: 84.3782, success: 21, fail: 4
Episode: 1544, Reward: 64.8249, success: 19, fail: 6
Episode: 1545, Reward: 74.2501, success: 20, fail: 5
Episode: 1546, Reward: 74.4983, success: 20, fail: 5
Episode: 1547, Reward: 85.5463, success: 21, fail: 4
Episode: 1548, Reward: 95.4367, success: 22, fail: 3
Episode: 1549, Reward: 74.4234, success: 20, fail: 5
Episode: 1550, Reward: 84.9418, success: 21, fail: 4
Episode: 1551, Reward: 54.4818, success: 18, fail: 7
Episode: 1552, Reward: 64.2215, success: 19, fail: 6
Episode: 1553, Reward: 74.2924, success: 20, fail: 5
Episode: 1554, Reward: 76.0946, success: 20, fail: 5
Episode: 1555, Reward: 94.7386, success: 22, fail: 3
Episode: 1556, Reward: 64.5210, success: 19, fail: 6
Episode: 1557, Reward: 75.5884, success: 20, fail: 5
Episode: 1558, Reward: 65.5328, success: 19, fail: 6
Episode: 1559, Reward: 74.7436, success: 20, fail: 5
Episode: 1560, Reward: 83.8208, success: 21, fail: 4
Episode: 1561, Reward: 94.6912, success: 22, fail: 3
Episode: 1562, Reward: 74.6399, success: 20, fail: 5
Episode: 1563, Reward: 73.8119, success: 20, fail: 5
Episode: 1564, Reward: 74.1094, success: 20, fail: 5
Episode: 1565, Reward: 84.4413, success: 21, fail: 4
Episode: 1566, Reward: 74.5044, success: 20, fail: 5
Episode: 1567, Reward: 73.6550, success: 20, fail: 5
Episode: 1568, Reward: 72.9432, success: 20, fail: 5
Episode: 1569, Reward: 73.5243, success: 20, fail: 5
Episode: 1570, Reward: 84.1721, success: 21, fail: 4
Episode: 1571, Reward: 53.9800, success: 18, fail: 7
Episode: 1572, Reward: 74.5524, success: 20, fail: 5
Episode: 1573, Reward: 74.5637, success: 20, fail: 5
Episode: 1574, Reward: 64.7741, success: 19, fail: 6
Episode: 1575, Reward: 65.3346, success: 19, fail: 6
Episode: 1576, Reward: 93.4324, success: 22, fail: 3
Episode: 1577, Reward: 72.6716, success: 20, fail: 5
Episode: 1578, Reward: 64.2446, success: 19, fail: 6
Episode: 1579, Reward: 83.3569, success: 21, fail: 4
Episode: 1580, Reward: 83.8699, success: 21, fail: 4
Episode: 1581, Reward: 63.9934, success: 19, fail: 6
Episode: 1582, Reward: 83.5413, success: 21, fail: 4
Episode: 1583, Reward: 64.3552, success: 19, fail: 6
Episode: 1584, Reward: 83.7186, success: 21, fail: 4
Episode: 1585, Reward: 63.1217, success: 19, fail: 6
Episode: 1586, Reward: 83.1204, success: 21, fail: 4
Episode: 1587, Reward: 73.8634, success: 20, fail: 5
Episode: 1588, Reward: 63.7971, success: 19, fail: 6
Episode: 1589, Reward: 84.3708, success: 21, fail: 4
Episode: 1590, Reward: 73.9425, success: 20, fail: 5
Episode: 1591, Reward: 94.1440, success: 22, fail: 3
Episode: 1592, Reward: 82.6348, success: 21, fail: 4
Episode: 1593, Reward: 73.9291, success: 20, fail: 5
Episode: 1594, Reward: 74.5599, success: 20, fail: 5
Episode: 1595, Reward: 84.7977, success: 21, fail: 4
Episode: 1596, Reward: 73.2802, success: 20, fail: 5
Episode: 1597, Reward: 83.3311, success: 21, fail: 4
Episode: 1598, Reward: 63.1994, success: 19, fail: 6
Episode: 1599, Reward: 73.6335, success: 20, fail: 5
Episode: 1600, Reward: 75.1214, success: 20, fail: 5
Episode: 1601, Reward: 63.8806, success: 19, fail: 6
Episode: 1602, Reward: 73.0938, success: 20, fail: 5
Episode: 1603, Reward: 53.2515, success: 18, fail: 7
Episode: 1604, Reward: 74.9872, success: 20, fail: 5
Episode: 1605, Reward: 82.9188, success: 21, fail: 4
Episode: 1606, Reward: 73.7508, success: 20, fail: 5
Episode: 1607, Reward: 83.4155, success: 21, fail: 4
Episode: 1608, Reward: 74.9012, success: 20, fail: 5
Episode: 1609, Reward: 73.3788, success: 20, fail: 5
Episode: 1610, Reward: 63.7463, success: 19, fail: 6
Episode: 1611, Reward: 85.3637, success: 21, fail: 4
Episode: 1612, Reward: 62.9273, success: 19, fail: 6
Episode: 1613, Reward: 74.6728, success: 20, fail: 5
Episode: 1614, Reward: 64.1360, success: 19, fail: 6
Episode: 1615, Reward: 74.1011, success: 20, fail: 5
Episode: 1616, Reward: 84.3770, success: 21, fail: 4
Episode: 1617, Reward: 73.3726, success: 20, fail: 5
Episode: 1618, Reward: 73.6610, success: 20, fail: 5
Episode: 1619, Reward: 84.1257, success: 21, fail: 4
Episode: 1620, Reward: 83.9772, success: 21, fail: 4
Episode: 1621, Reward: 43.6733, success: 17, fail: 8
Episode: 1622, Reward: 72.7855, success: 20, fail: 5
Episode: 1623, Reward: 84.1204, success: 21, fail: 4
Episode: 1624, Reward: 83.5543, success: 21, fail: 4
Episode: 1625, Reward: 74.1092, success: 20, fail: 5
Episode: 1626, Reward: 74.1989, success: 20, fail: 5
Episode: 1627, Reward: 54.2918, success: 18, fail: 7
Episode: 1628, Reward: 73.8571, success: 20, fail: 5
Episode: 1629, Reward: 64.3205, success: 19, fail: 6
Episode: 1630, Reward: 73.7322, success: 20, fail: 5
Episode: 1631, Reward: 64.1883, success: 19, fail: 6
Episode: 1632, Reward: 52.8891, success: 18, fail: 7
Episode: 1633, Reward: 62.4538, success: 19, fail: 6
Episode: 1634, Reward: 64.4916, success: 19, fail: 6
Episode: 1635, Reward: 83.7610, success: 21, fail: 4
Episode: 1636, Reward: 83.7088, success: 21, fail: 4
Episode: 1637, Reward: 84.2592, success: 21, fail: 4
Episode: 1638, Reward: 73.4948, success: 20, fail: 5
Episode: 1639, Reward: 64.0858, success: 19, fail: 6
Episode: 1640, Reward: 73.3108, success: 20, fail: 5
Episode: 1641, Reward: 72.7604, success: 20, fail: 5
Episode: 1642, Reward: 73.2309, success: 20, fail: 5
Episode: 1643, Reward: 74.0440, success: 20, fail: 5
Episode: 1644, Reward: 64.2322, success: 19, fail: 6
Episode: 1645, Reward: 64.2438, success: 19, fail: 6
Episode: 1646, Reward: 83.5191, success: 21, fail: 4
Episode: 1647, Reward: 64.1257, success: 19, fail: 6
Episode: 1648, Reward: 73.9047, success: 20, fail: 5
Episode: 1649, Reward: 75.5790, success: 20, fail: 5
Episode: 1650, Reward: 75.0658, success: 20, fail: 5
Episode: 1651, Reward: 43.3637, success: 17, fail: 8
Episode: 1652, Reward: 84.5460, success: 21, fail: 4
Episode: 1653, Reward: 54.0815, success: 18, fail: 7
Episode: 1654, Reward: 76.2225, success: 20, fail: 5
Episode: 1655, Reward: 53.8073, success: 18, fail: 7
Episode: 1656, Reward: 84.7162, success: 21, fail: 4
Episode: 1657, Reward: 63.4667, success: 19, fail: 6
Episode: 1658, Reward: 83.4535, success: 21, fail: 4
Episode: 1659, Reward: 54.1371, success: 18, fail: 7
Episode: 1660, Reward: 62.7524, success: 19, fail: 6
Episode: 1661, Reward: 73.9041, success: 20, fail: 5
Episode: 1662, Reward: 73.1643, success: 20, fail: 5
Episode: 1663, Reward: 84.8178, success: 21, fail: 4
Episode: 1664, Reward: 64.4152, success: 19, fail: 6
Episode: 1665, Reward: 74.6027, success: 20, fail: 5
Episode: 1666, Reward: 73.9284, success: 20, fail: 5
Episode: 1667, Reward: 84.3832, success: 21, fail: 4
Episode: 1668, Reward: 73.7695, success: 20, fail: 5
Episode: 1669, Reward: 73.8117, success: 20, fail: 5
Episode: 1670, Reward: 84.2360, success: 21, fail: 4
Episode: 1671, Reward: 74.7762, success: 20, fail: 5
Episode: 1672, Reward: 63.5108, success: 19, fail: 6
Episode: 1673, Reward: 74.9395, success: 20, fail: 5
Episode: 1674, Reward: 73.7310, success: 20, fail: 5
Episode: 1675, Reward: 83.0859, success: 21, fail: 4
Episode: 1676, Reward: 74.3106, success: 20, fail: 5
Episode: 1677, Reward: 83.9235, success: 21, fail: 4
Episode: 1678, Reward: 73.8669, success: 20, fail: 5
Episode: 1679, Reward: 64.5672, success: 19, fail: 6
Episode: 1680, Reward: 63.7622, success: 19, fail: 6
Episode: 1681, Reward: 73.0335, success: 20, fail: 5
Episode: 1682, Reward: 63.1191, success: 19, fail: 6
Episode: 1683, Reward: 74.0449, success: 20, fail: 5
Episode: 1684, Reward: 84.0327, success: 21, fail: 4
Episode: 1685, Reward: 73.9980, success: 20, fail: 5
Episode: 1686, Reward: 84.8598, success: 21, fail: 4
Episode: 1687, Reward: 83.0866, success: 21, fail: 4
Episode: 1688, Reward: 64.3564, success: 19, fail: 6
Episode: 1689, Reward: 53.0072, success: 18, fail: 7
Episode: 1690, Reward: 74.5692, success: 20, fail: 5
Episode: 1691, Reward: 63.1632, success: 19, fail: 6
Episode: 1692, Reward: 82.7722, success: 21, fail: 4
Episode: 1693, Reward: 72.2906, success: 20, fail: 5
Episode: 1694, Reward: 84.0213, success: 21, fail: 4
Episode: 1695, Reward: 73.2595, success: 20, fail: 5
Episode: 1696, Reward: 75.1364, success: 20, fail: 5
Episode: 1697, Reward: 53.3605, success: 18, fail: 7
Episode: 1698, Reward: 63.6788, success: 19, fail: 6
Episode: 1699, Reward: 72.0391, success: 20, fail: 5
Episode: 1700, Reward: 63.0786, success: 19, fail: 6
Episode: 1701, Reward: 73.3439, success: 20, fail: 5
Episode: 1702, Reward: 73.7889, success: 20, fail: 5
Episode: 1703, Reward: 82.2685, success: 21, fail: 4
Episode: 1704, Reward: 82.4550, success: 21, fail: 4
Episode: 1705, Reward: 73.8999, success: 20, fail: 5
Episode: 1706, Reward: 72.5984, success: 20, fail: 5
Episode: 1707, Reward: 82.5902, success: 21, fail: 4
Episode: 1708, Reward: 64.8556, success: 19, fail: 6
Episode: 1709, Reward: 73.6429, success: 20, fail: 5
Episode: 1710, Reward: 62.5879, success: 19, fail: 6
Episode: 1711, Reward: 82.8102, success: 21, fail: 4
Episode: 1712, Reward: 63.6930, success: 19, fail: 6
Episode: 1713, Reward: 83.5126, success: 21, fail: 4
Episode: 1714, Reward: 83.7029, success: 21, fail: 4
Episode: 1715, Reward: 72.5630, success: 20, fail: 5
Episode: 1716, Reward: 73.7114, success: 20, fail: 5
Episode: 1717, Reward: 82.6080, success: 21, fail: 4
Episode: 1718, Reward: 83.3706, success: 21, fail: 4
Episode: 1719, Reward: 73.2991, success: 20, fail: 5
Episode: 1720, Reward: 63.9526, success: 19, fail: 6
Episode: 1721, Reward: 52.5701, success: 18, fail: 7
Episode: 1722, Reward: 74.2162, success: 20, fail: 5
Episode: 1723, Reward: 53.5511, success: 18, fail: 7
Episode: 1724, Reward: 72.9410, success: 20, fail: 5
Episode: 1725, Reward: 61.8310, success: 19, fail: 6
Episode: 1726, Reward: 72.9740, success: 20, fail: 5
Episode: 1727, Reward: 62.2668, success: 19, fail: 6
Episode: 1728, Reward: 93.1157, success: 22, fail: 3
Episode: 1729, Reward: 62.8880, success: 19, fail: 6
Episode: 1730, Reward: 73.5556, success: 20, fail: 5
Episode: 1731, Reward: 63.0622, success: 19, fail: 6
Episode: 1732, Reward: 72.1539, success: 20, fail: 5
Episode: 1733, Reward: 63.4757, success: 19, fail: 6
Episode: 1734, Reward: 64.3117, success: 19, fail: 6
Episode: 1735, Reward: 71.9150, success: 20, fail: 5
Episode: 1736, Reward: 63.1852, success: 19, fail: 6
Episode: 1737, Reward: 73.6429, success: 20, fail: 5
Episode: 1738, Reward: 62.6050, success: 19, fail: 6
Episode: 1739, Reward: 74.9987, success: 20, fail: 5
Episode: 1740, Reward: 64.0230, success: 19, fail: 6
Episode: 1741, Reward: 52.7724, success: 18, fail: 7
Episode: 1742, Reward: 73.7307, success: 20, fail: 5
Episode: 1743, Reward: 73.4726, success: 20, fail: 5
Episode: 1744, Reward: 73.8288, success: 20, fail: 5
Episode: 1745, Reward: 73.7572, success: 20, fail: 5
Episode: 1746, Reward: 63.8888, success: 19, fail: 6
Episode: 1747, Reward: 84.8882, success: 21, fail: 4
Episode: 1748, Reward: 72.9854, success: 20, fail: 5
Episode: 1749, Reward: 62.7455, success: 19, fail: 6
Episode: 1750, Reward: 64.1324, success: 19, fail: 6
Episode: 1751, Reward: 74.9047, success: 20, fail: 5
Episode: 1752, Reward: 53.3630, success: 18, fail: 7
Episode: 1753, Reward: 74.9062, success: 20, fail: 5
Episode: 1754, Reward: 84.0784, success: 21, fail: 4
Episode: 1755, Reward: 74.3913, success: 20, fail: 5
Episode: 1756, Reward: 53.5930, success: 18, fail: 7
Episode: 1757, Reward: 64.9793, success: 19, fail: 6
Episode: 1758, Reward: 43.4263, success: 17, fail: 8
Episode: 1759, Reward: 64.1617, success: 19, fail: 6
Episode: 1760, Reward: 84.2976, success: 21, fail: 4
Episode: 1761, Reward: 64.4227, success: 19, fail: 6
Episode: 1762, Reward: 74.5983, success: 20, fail: 5
Episode: 1763, Reward: 85.4653, success: 21, fail: 4
Episode: 1764, Reward: 64.2147, success: 19, fail: 6
Episode: 1765, Reward: 74.5948, success: 20, fail: 5
Episode: 1766, Reward: 74.2928, success: 20, fail: 5
Episode: 1767, Reward: 84.3122, success: 21, fail: 4
Episode: 1768, Reward: 53.6824, success: 18, fail: 7
Episode: 1769, Reward: 54.2632, success: 18, fail: 7
Episode: 1770, Reward: 54.5108, success: 18, fail: 7
Episode: 1771, Reward: 74.7036, success: 20, fail: 5
Episode: 1772, Reward: 84.2079, success: 21, fail: 4
Episode: 1773, Reward: 64.3709, success: 19, fail: 6
Episode: 1774, Reward: 64.3719, success: 19, fail: 6
Episode: 1775, Reward: 65.9441, success: 19, fail: 6
Episode: 1776, Reward: 73.3470, success: 20, fail: 5
Episode: 1777, Reward: 64.1180, success: 19, fail: 6
Episode: 1778, Reward: 64.1526, success: 19, fail: 6
Episode: 1779, Reward: 54.2149, success: 18, fail: 7
Episode: 1780, Reward: 73.1216, success: 20, fail: 5
Episode: 1781, Reward: 65.6175, success: 19, fail: 6
Episode: 1782, Reward: 53.6070, success: 18, fail: 7
Episode: 1783, Reward: 63.8377, success: 19, fail: 6
Episode: 1784, Reward: 84.4959, success: 21, fail: 4
Episode: 1785, Reward: 73.6585, success: 20, fail: 5
Episode: 1786, Reward: 63.9345, success: 19, fail: 6
Episode: 1787, Reward: 73.6372, success: 20, fail: 5
Episode: 1788, Reward: 75.0903, success: 20, fail: 5
Episode: 1789, Reward: 84.2132, success: 21, fail: 4
Episode: 1790, Reward: 64.0787, success: 19, fail: 6
Episode: 1791, Reward: 73.6849, success: 20, fail: 5
Episode: 1792, Reward: 74.3418, success: 20, fail: 5
Episode: 1793, Reward: 74.8956, success: 20, fail: 5
Episode: 1794, Reward: 83.4800, success: 21, fail: 4
Episode: 1795, Reward: 54.2632, success: 18, fail: 7
Episode: 1796, Reward: 53.9110, success: 18, fail: 7
Episode: 1797, Reward: 73.8472, success: 20, fail: 5
Episode: 1798, Reward: 74.2115, success: 20, fail: 5
Episode: 1799, Reward: 72.6553, success: 20, fail: 5
Episode: 1800, Reward: 53.7042, success: 18, fail: 7
Episode: 1801, Reward: 84.6994, success: 21, fail: 4
Episode: 1802, Reward: 72.7483, success: 20, fail: 5
Episode: 1803, Reward: 54.1953, success: 18, fail: 7
Episode: 1804, Reward: 83.9581, success: 21, fail: 4
Episode: 1805, Reward: 85.0032, success: 21, fail: 4
Episode: 1806, Reward: 63.5350, success: 19, fail: 6
Episode: 1807, Reward: 64.7541, success: 19, fail: 6
Episode: 1808, Reward: 75.3255, success: 20, fail: 5
Episode: 1809, Reward: 53.5201, success: 18, fail: 7
Episode: 1810, Reward: 73.9621, success: 20, fail: 5
Episode: 1811, Reward: 62.8690, success: 19, fail: 6
Episode: 1812, Reward: 64.1022, success: 19, fail: 6
Episode: 1813, Reward: 73.2947, success: 20, fail: 5
Episode: 1814, Reward: 83.7325, success: 21, fail: 4
Episode: 1815, Reward: 83.6302, success: 21, fail: 4
Episode: 1816, Reward: 72.9348, success: 20, fail: 5
Episode: 1817, Reward: 83.9336, success: 21, fail: 4
Episode: 1818, Reward: 53.8456, success: 18, fail: 7
Episode: 1819, Reward: 64.3715, success: 19, fail: 6
Episode: 1820, Reward: 73.3866, success: 20, fail: 5
Episode: 1821, Reward: 62.0182, success: 19, fail: 6
Episode: 1822, Reward: 64.1169, success: 19, fail: 6
Episode: 1823, Reward: 73.5857, success: 20, fail: 5
Episode: 1824, Reward: 83.6176, success: 21, fail: 4
Episode: 1825, Reward: 53.1559, success: 18, fail: 7
Episode: 1826, Reward: 53.5075, success: 18, fail: 7
Episode: 1827, Reward: 74.3965, success: 20, fail: 5
Episode: 1828, Reward: 73.6571, success: 20, fail: 5
Episode: 1829, Reward: 73.7191, success: 20, fail: 5
Episode: 1830, Reward: 84.0667, success: 21, fail: 4
Episode: 1831, Reward: 84.1902, success: 21, fail: 4
Episode: 1832, Reward: 84.2727, success: 21, fail: 4
Episode: 1833, Reward: 73.5111, success: 20, fail: 5
Episode: 1834, Reward: 83.6147, success: 21, fail: 4
Episode: 1835, Reward: 63.8073, success: 19, fail: 6
Episode: 1836, Reward: 73.9301, success: 20, fail: 5
Episode: 1837, Reward: 62.8971, success: 19, fail: 6
Episode: 1838, Reward: 75.1607, success: 20, fail: 5
Episode: 1839, Reward: 73.8401, success: 20, fail: 5
Episode: 1840, Reward: 62.8352, success: 19, fail: 6
Episode: 1841, Reward: 62.9285, success: 19, fail: 6
Episode: 1842, Reward: 62.5194, success: 19, fail: 6
Episode: 1843, Reward: 53.4859, success: 18, fail: 7
Episode: 1844, Reward: 64.6136, success: 19, fail: 6
Episode: 1845, Reward: 64.4990, success: 19, fail: 6
Episode: 1846, Reward: 75.2993, success: 20, fail: 5
Episode: 1847, Reward: 64.3386, success: 19, fail: 6
Episode: 1848, Reward: 53.5431, success: 18, fail: 7
Episode: 1849, Reward: 64.5235, success: 19, fail: 6
Episode: 1850, Reward: 82.4806, success: 21, fail: 4
Episode: 1851, Reward: 73.9465, success: 20, fail: 5
Episode: 1852, Reward: 63.6694, success: 19, fail: 6
Episode: 1853, Reward: 83.4566, success: 21, fail: 4
Episode: 1854, Reward: 64.5547, success: 19, fail: 6
Episode: 1855, Reward: 63.2492, success: 19, fail: 6
Episode: 1856, Reward: 63.5736, success: 19, fail: 6
Episode: 1857, Reward: 42.9511, success: 17, fail: 8
Episode: 1858, Reward: 63.0288, success: 19, fail: 6
Episode: 1859, Reward: 72.8934, success: 20, fail: 5
Episode: 1860, Reward: 64.3966, success: 19, fail: 6
Episode: 1861, Reward: 64.3185, success: 19, fail: 6
Episode: 1862, Reward: 63.4194, success: 19, fail: 6
Episode: 1863, Reward: 53.4649, success: 18, fail: 7
Episode: 1864, Reward: 84.5211, success: 21, fail: 4
Episode: 1865, Reward: 55.2277, success: 18, fail: 7
Episode: 1866, Reward: 63.6656, success: 19, fail: 6
Episode: 1867, Reward: 73.0267, success: 20, fail: 5
Episode: 1868, Reward: 72.6094, success: 20, fail: 5
Episode: 1869, Reward: 73.1997, success: 20, fail: 5
Episode: 1870, Reward: 43.4718, success: 17, fail: 8
Episode: 1871, Reward: 74.1461, success: 20, fail: 5
Episode: 1872, Reward: 73.1761, success: 20, fail: 5
Episode: 1873, Reward: 53.9304, success: 18, fail: 7
Episode: 1874, Reward: 62.8184, success: 19, fail: 6
Episode: 1875, Reward: 63.0902, success: 19, fail: 6
Episode: 1876, Reward: 63.0062, success: 19, fail: 6
Episode: 1877, Reward: 53.7420, success: 18, fail: 7
Episode: 1878, Reward: 53.5279, success: 18, fail: 7
Episode: 1879, Reward: 74.0070, success: 20, fail: 5
Episode: 1880, Reward: 73.1387, success: 20, fail: 5
Episode: 1881, Reward: 64.2846, success: 19, fail: 6
Episode: 1882, Reward: 62.5026, success: 19, fail: 6
Episode: 1883, Reward: 63.8889, success: 19, fail: 6
Episode: 1884, Reward: 54.3612, success: 18, fail: 7
Episode: 1885, Reward: 54.3460, success: 18, fail: 7
Episode: 1886, Reward: 54.0601, success: 18, fail: 7
Episode: 1887, Reward: 84.3660, success: 21, fail: 4
Episode: 1888, Reward: 54.6194, success: 18, fail: 7
Episode: 1889, Reward: 64.1075, success: 19, fail: 6
Episode: 1890, Reward: 61.9323, success: 19, fail: 6
Episode: 1891, Reward: 62.4563, success: 19, fail: 6
Episode: 1892, Reward: 73.9029, success: 20, fail: 5
Episode: 1893, Reward: 72.2882, success: 20, fail: 5
Episode: 1894, Reward: 63.6752, success: 19, fail: 6
Episode: 1895, Reward: 43.6696, success: 17, fail: 8
Episode: 1896, Reward: 53.7764, success: 18, fail: 7
Episode: 1897, Reward: 73.3323, success: 20, fail: 5
Episode: 1898, Reward: 64.2993, success: 19, fail: 6
Episode: 1899, Reward: 64.7493, success: 19, fail: 6
Episode: 1900, Reward: 52.9438, success: 18, fail: 7
Episode: 1901, Reward: 64.1834, success: 19, fail: 6
Episode: 1902, Reward: 53.4600, success: 18, fail: 7
Episode: 1903, Reward: 63.7171, success: 19, fail: 6
Episode: 1904, Reward: 53.2278, success: 18, fail: 7
Episode: 1905, Reward: 74.2246, success: 20, fail: 5
Episode: 1906, Reward: 44.3519, success: 17, fail: 8
Episode: 1907, Reward: 54.1591, success: 18, fail: 7
Episode: 1908, Reward: 53.9830, success: 18, fail: 7
Episode: 1909, Reward: 63.8532, success: 19, fail: 6
Episode: 1910, Reward: 65.1567, success: 19, fail: 6
Episode: 1911, Reward: 53.8840, success: 18, fail: 7
Episode: 1912, Reward: 53.8672, success: 18, fail: 7
Episode: 1913, Reward: 33.3739, success: 16, fail: 9
Episode: 1914, Reward: 42.4977, success: 17, fail: 8
Episode: 1915, Reward: 53.8391, success: 18, fail: 7
Episode: 1916, Reward: 43.4685, success: 17, fail: 8
Episode: 1917, Reward: 63.1943, success: 19, fail: 6
Episode: 1918, Reward: 53.1661, success: 18, fail: 7
Episode: 1919, Reward: 43.1566, success: 17, fail: 8
Episode: 1920, Reward: 53.3689, success: 18, fail: 7
Episode: 1921, Reward: 55.0917, success: 18, fail: 7
Episode: 1922, Reward: 53.8864, success: 18, fail: 7
Episode: 1923, Reward: 64.3315, success: 19, fail: 6
Episode: 1924, Reward: 53.8962, success: 18, fail: 7
Episode: 1925, Reward: 53.7627, success: 18, fail: 7
Episode: 1926, Reward: 63.1646, success: 19, fail: 6
Episode: 1927, Reward: 53.0471, success: 18, fail: 7
Episode: 1928, Reward: 53.3022, success: 18, fail: 7
Episode: 1929, Reward: 63.4046, success: 19, fail: 6
Episode: 1930, Reward: 73.8572, success: 20, fail: 5
Episode: 1931, Reward: 72.7421, success: 20, fail: 5
Episode: 1932, Reward: 64.4130, success: 19, fail: 6
Episode: 1933, Reward: 73.6978, success: 20, fail: 5
Episode: 1934, Reward: 54.0619, success: 18, fail: 7
Episode: 1935, Reward: 73.7431, success: 20, fail: 5
Episode: 1936, Reward: 53.0977, success: 18, fail: 7
Episode: 1937, Reward: 73.2660, success: 20, fail: 5
Episode: 1938, Reward: 44.0036, success: 17, fail: 8
Episode: 1939, Reward: 75.4483, success: 20, fail: 5
Episode: 1940, Reward: 54.8458, success: 18, fail: 7
Episode: 1941, Reward: 63.8417, success: 19, fail: 6
Episode: 1942, Reward: 63.7591, success: 19, fail: 6
Episode: 1943, Reward: 86.2028, success: 21, fail: 4
Episode: 1944, Reward: 65.1096, success: 19, fail: 6
Episode: 1945, Reward: 64.6919, success: 19, fail: 6
Episode: 1946, Reward: 66.2830, success: 19, fail: 6
Episode: 1947, Reward: 55.3133, success: 18, fail: 7
Episode: 1948, Reward: 44.0961, success: 17, fail: 8
Episode: 1949, Reward: 64.0419, success: 19, fail: 6
Episode: 1950, Reward: 63.0178, success: 19, fail: 6
Episode: 1951, Reward: 65.2119, success: 19, fail: 6
Episode: 1952, Reward: 53.5971, success: 18, fail: 7
Episode: 1953, Reward: 55.1829, success: 18, fail: 7
Episode: 1954, Reward: 63.2770, success: 19, fail: 6
Episode: 1955, Reward: 54.0184, success: 18, fail: 7
Episode: 1956, Reward: 64.6162, success: 19, fail: 6
Episode: 1957, Reward: 75.3208, success: 20, fail: 5
Episode: 1958, Reward: 53.7263, success: 18, fail: 7
Episode: 1959, Reward: 54.6510, success: 18, fail: 7
Episode: 1960, Reward: 44.3891, success: 17, fail: 8
Episode: 1961, Reward: 64.3701, success: 19, fail: 6
Episode: 1962, Reward: 65.3099, success: 19, fail: 6
Episode: 1963, Reward: 64.8210, success: 19, fail: 6
Episode: 1964, Reward: 74.3379, success: 20, fail: 5
Episode: 1965, Reward: 63.9116, success: 19, fail: 6
Episode: 1966, Reward: 74.6804, success: 20, fail: 5
Episode: 1967, Reward: 63.0922, success: 19, fail: 6
Episode: 1968, Reward: 75.2292, success: 20, fail: 5
Episode: 1969, Reward: 54.3307, success: 18, fail: 7
Episode: 1970, Reward: 53.5432, success: 18, fail: 7
Episode: 1971, Reward: 44.4552, success: 17, fail: 8
Episode: 1972, Reward: 84.9119, success: 21, fail: 4
Episode: 1973, Reward: 45.1115, success: 17, fail: 8
Episode: 1974, Reward: 34.3242, success: 16, fail: 9
Episode: 1975, Reward: 53.2244, success: 18, fail: 7
Episode: 1976, Reward: 64.4656, success: 19, fail: 6
Episode: 1977, Reward: 54.1780, success: 18, fail: 7
Episode: 1978, Reward: 64.3180, success: 19, fail: 6
Episode: 1979, Reward: 64.0504, success: 19, fail: 6
Episode: 1980, Reward: 65.1786, success: 19, fail: 6
Episode: 1981, Reward: 64.4298, success: 19, fail: 6
Episode: 1982, Reward: 64.6981, success: 19, fail: 6
Episode: 1983, Reward: 64.0539, success: 19, fail: 6
Episode: 1984, Reward: 53.9821, success: 18, fail: 7
Episode: 1985, Reward: 75.4632, success: 20, fail: 5
Episode: 1986, Reward: 74.5290, success: 20, fail: 5
Episode: 1987, Reward: 73.6854, success: 20, fail: 5
Episode: 1988, Reward: 64.2977, success: 19, fail: 6
Episode: 1989, Reward: 63.9280, success: 19, fail: 6
Episode: 1990, Reward: 85.1337, success: 21, fail: 4
Episode: 1991, Reward: 74.1081, success: 20, fail: 5
Episode: 1992, Reward: 65.4200, success: 19, fail: 6
Episode: 1993, Reward: 74.7133, success: 20, fail: 5
Episode: 1994, Reward: 73.5736, success: 20, fail: 5
Episode: 1995, Reward: 53.7887, success: 18, fail: 7
Episode: 1996, Reward: 82.7249, success: 21, fail: 4
Episode: 1997, Reward: 63.4011, success: 19, fail: 6
Episode: 1998, Reward: 63.9293, success: 19, fail: 6
Episode: 1999, Reward: 63.4999, success: 19, fail: 6
Episode: 2000, Reward: 64.8113, success: 19, fail: 6
Episode: 2001, Reward: 74.7838, success: 20, fail: 5
Episode: 2002, Reward: 53.8078, success: 18, fail: 7
Episode: 2003, Reward: 63.6582, success: 19, fail: 6
Episode: 2004, Reward: 72.8052, success: 20, fail: 5
Episode: 2005, Reward: 54.4593, success: 18, fail: 7
Episode: 2006, Reward: 54.5189, success: 18, fail: 7
Episode: 2007, Reward: 53.7800, success: 18, fail: 7
Episode: 2008, Reward: 64.8191, success: 19, fail: 6
Episode: 2009, Reward: 83.9281, success: 21, fail: 4
Episode: 2010, Reward: 83.7200, success: 21, fail: 4
Episode: 2011, Reward: 64.1388, success: 19, fail: 6
Episode: 2012, Reward: 73.4437, success: 20, fail: 5
Episode: 2013, Reward: 64.1128, success: 19, fail: 6
Episode: 2014, Reward: 83.5456, success: 21, fail: 4
Episode: 2015, Reward: 83.8088, success: 21, fail: 4
Episode: 2016, Reward: 84.9321, success: 21, fail: 4
Episode: 2017, Reward: 84.0895, success: 21, fail: 4
Episode: 2018, Reward: 64.2600, success: 19, fail: 6
Episode: 2019, Reward: 64.3230, success: 19, fail: 6
Episode: 2020, Reward: 74.1993, success: 20, fail: 5
Episode: 2021, Reward: 63.2784, success: 19, fail: 6
Episode: 2022, Reward: 54.5775, success: 18, fail: 7
Episode: 2023, Reward: 63.9071, success: 19, fail: 6
Episode: 2024, Reward: 63.5748, success: 19, fail: 6
Episode: 2025, Reward: 73.3741, success: 20, fail: 5
Episode: 2026, Reward: 82.9922, success: 21, fail: 4
Episode: 2027, Reward: 83.3160, success: 21, fail: 4
Episode: 2028, Reward: 62.4211, success: 19, fail: 6
Episode: 2029, Reward: 82.6817, success: 21, fail: 4
Episode: 2030, Reward: 72.7572, success: 20, fail: 5
Episode: 2031, Reward: 93.6231, success: 22, fail: 3
Episode: 2032, Reward: 84.4093, success: 21, fail: 4
Episode: 2033, Reward: 83.1307, success: 21, fail: 4
Episode: 2034, Reward: 81.9054, success: 21, fail: 4
Episode: 2035, Reward: 73.7504, success: 20, fail: 5
Episode: 2036, Reward: 73.2118, success: 20, fail: 5
Episode: 2037, Reward: 73.3455, success: 20, fail: 5
Episode: 2038, Reward: 84.0381, success: 21, fail: 4
Episode: 2039, Reward: 63.6513, success: 19, fail: 6
Episode: 2040, Reward: 63.4997, success: 19, fail: 6
Episode: 2041, Reward: 84.4576, success: 21, fail: 4
Episode: 2042, Reward: 73.7083, success: 20, fail: 5
Episode: 2043, Reward: 73.8458, success: 20, fail: 5
Episode: 2044, Reward: 84.9749, success: 21, fail: 4
Episode: 2045, Reward: 83.9316, success: 21, fail: 4
Episode: 2046, Reward: 73.6268, success: 20, fail: 5
Episode: 2047, Reward: 83.5824, success: 21, fail: 4
Episode: 2048, Reward: 93.8423, success: 22, fail: 3
Episode: 2049, Reward: 84.9515, success: 21, fail: 4
Episode: 2050, Reward: 63.7421, success: 19, fail: 6
Episode: 2051, Reward: 83.7540, success: 21, fail: 4
Episode: 2052, Reward: 82.3080, success: 21, fail: 4
Episode: 2053, Reward: 83.6376, success: 21, fail: 4
Episode: 2054, Reward: 83.5047, success: 21, fail: 4
Episode: 2055, Reward: 52.6552, success: 18, fail: 7
Episode: 2056, Reward: 74.3964, success: 20, fail: 5
Episode: 2057, Reward: 73.9810, success: 20, fail: 5
Episode: 2058, Reward: 93.7868, success: 22, fail: 3
Episode: 2059, Reward: 83.0634, success: 21, fail: 4
Episode: 2060, Reward: 73.4548, success: 20, fail: 5
Episode: 2061, Reward: 63.0132, success: 19, fail: 6
Episode: 2062, Reward: 72.8593, success: 20, fail: 5
Episode: 2063, Reward: 63.7898, success: 19, fail: 6
Episode: 2064, Reward: 72.1482, success: 20, fail: 5
Episode: 2065, Reward: 73.3223, success: 20, fail: 5
Episode: 2066, Reward: 62.3407, success: 19, fail: 6
Episode: 2067, Reward: 62.4954, success: 19, fail: 6
Episode: 2068, Reward: 73.8885, success: 20, fail: 5
Episode: 2069, Reward: 72.1692, success: 20, fail: 5
Episode: 2070, Reward: 63.1366, success: 19, fail: 6
Episode: 2071, Reward: 82.4951, success: 21, fail: 4
Episode: 2072, Reward: 43.8573, success: 17, fail: 8
Episode: 2073, Reward: 73.4297, success: 20, fail: 5
Episode: 2074, Reward: 82.9118, success: 21, fail: 4
Episode: 2075, Reward: 73.5629, success: 20, fail: 5
Episode: 2076, Reward: 73.7963, success: 20, fail: 5
Episode: 2077, Reward: 73.3134, success: 20, fail: 5
Episode: 2078, Reward: 73.1346, success: 20, fail: 5
Episode: 2079, Reward: 83.9316, success: 21, fail: 4
Episode: 2080, Reward: 63.5889, success: 19, fail: 6
Episode: 2081, Reward: 72.4332, success: 20, fail: 5
Episode: 2082, Reward: 52.3159, success: 18, fail: 7
Episode: 2083, Reward: 72.3607, success: 20, fail: 5
Episode: 2084, Reward: 63.0318, success: 19, fail: 6
Episode: 2085, Reward: 63.8814, success: 19, fail: 6
Episode: 2086, Reward: 52.7088, success: 18, fail: 7
Episode: 2087, Reward: 72.0998, success: 20, fail: 5
Episode: 2088, Reward: 53.1945, success: 18, fail: 7
Episode: 2089, Reward: 62.6415, success: 19, fail: 6
Episode: 2090, Reward: 72.7984, success: 20, fail: 5
Episode: 2091, Reward: 72.5025, success: 20, fail: 5
Episode: 2092, Reward: 54.6177, success: 18, fail: 7
Episode: 2093, Reward: 83.6110, success: 21, fail: 4
Episode: 2094, Reward: 82.8365, success: 21, fail: 4
Episode: 2095, Reward: 72.9654, success: 20, fail: 5
Episode: 2096, Reward: 82.2468, success: 21, fail: 4
Episode: 2097, Reward: 73.0789, success: 20, fail: 5
Episode: 2098, Reward: 62.6637, success: 19, fail: 6
Episode: 2099, Reward: 82.8727, success: 21, fail: 4
Episode: 2100, Reward: 83.0494, success: 21, fail: 4
Episode: 2101, Reward: 62.7567, success: 19, fail: 6
Episode: 2102, Reward: 63.7466, success: 19, fail: 6
Episode: 2103, Reward: 84.0268, success: 21, fail: 4
Episode: 2104, Reward: 63.7807, success: 19, fail: 6
Episode: 2105, Reward: 53.3371, success: 18, fail: 7
Episode: 2106, Reward: 72.6180, success: 20, fail: 5
Episode: 2107, Reward: 73.6093, success: 20, fail: 5
Episode: 2108, Reward: 63.5064, success: 19, fail: 6
Episode: 2109, Reward: 63.5458, success: 19, fail: 6
Episode: 2110, Reward: 54.0899, success: 18, fail: 7
Episode: 2111, Reward: 73.6351, success: 20, fail: 5
Episode: 2112, Reward: 94.2795, success: 22, fail: 3
Episode: 2113, Reward: 73.3743, success: 20, fail: 5
Episode: 2114, Reward: 62.9919, success: 19, fail: 6
Episode: 2115, Reward: 71.7340, success: 20, fail: 5
Episode: 2116, Reward: 83.1574, success: 21, fail: 4
Episode: 2117, Reward: 82.9839, success: 21, fail: 4
Episode: 2118, Reward: 83.4221, success: 21, fail: 4
Episode: 2119, Reward: 83.7611, success: 21, fail: 4
Episode: 2120, Reward: 93.6646, success: 22, fail: 3
Episode: 2121, Reward: 82.9099, success: 21, fail: 4
Episode: 2122, Reward: 73.0723, success: 20, fail: 5
Episode: 2123, Reward: 82.9158, success: 21, fail: 4
Episode: 2124, Reward: 73.1859, success: 20, fail: 5
Episode: 2125, Reward: 62.8413, success: 19, fail: 6
Episode: 2126, Reward: 71.4605, success: 20, fail: 5
Episode: 2127, Reward: 72.7374, success: 20, fail: 5
Episode: 2128, Reward: 73.7016, success: 20, fail: 5
Episode: 2129, Reward: 62.0199, success: 19, fail: 6
Episode: 2130, Reward: 62.8868, success: 19, fail: 6
Episode: 2131, Reward: 72.6689, success: 20, fail: 5
Episode: 2132, Reward: 82.6207, success: 21, fail: 4
Episode: 2133, Reward: 74.1282, success: 20, fail: 5
Episode: 2134, Reward: 83.3085, success: 21, fail: 4
Episode: 2135, Reward: 63.0448, success: 19, fail: 6
Episode: 2136, Reward: 62.8375, success: 19, fail: 6
Episode: 2137, Reward: 83.7370, success: 21, fail: 4
Episode: 2138, Reward: 54.3948, success: 18, fail: 7
Episode: 2139, Reward: 72.7403, success: 20, fail: 5
Episode: 2140, Reward: 64.2902, success: 19, fail: 6
Episode: 2141, Reward: 74.0223, success: 20, fail: 5
Episode: 2142, Reward: 73.0662, success: 20, fail: 5
Episode: 2143, Reward: 80.1444, success: 21, fail: 4
Episode: 2144, Reward: 43.1981, success: 17, fail: 8
Episode: 2145, Reward: 63.0395, success: 19, fail: 6
Episode: 2146, Reward: 53.5846, success: 18, fail: 7
Episode: 2147, Reward: 74.1998, success: 20, fail: 5
Episode: 2148, Reward: 73.6882, success: 20, fail: 5
Episode: 2149, Reward: 63.8685, success: 19, fail: 6
Episode: 2150, Reward: 73.0846, success: 20, fail: 5
Episode: 2151, Reward: 74.2346, success: 20, fail: 5
Episode: 2152, Reward: 73.9962, success: 20, fail: 5
Episode: 2153, Reward: 61.3728, success: 19, fail: 6
Episode: 2154, Reward: 74.1943, success: 20, fail: 5
Episode: 2155, Reward: 64.5618, success: 19, fail: 6
Episode: 2156, Reward: 63.2712, success: 19, fail: 6
Episode: 2157, Reward: 43.3610, success: 17, fail: 8
Episode: 2158, Reward: 83.1338, success: 21, fail: 4
Episode: 2159, Reward: 63.7674, success: 19, fail: 6
Episode: 2160, Reward: 52.9954, success: 18, fail: 7
Episode: 2161, Reward: 63.1993, success: 19, fail: 6
Episode: 2162, Reward: 64.0105, success: 19, fail: 6
Episode: 2163, Reward: 61.7763, success: 19, fail: 6
Episode: 2164, Reward: 72.1756, success: 20, fail: 5
Episode: 2165, Reward: 73.9479, success: 20, fail: 5
Episode: 2166, Reward: 52.3594, success: 18, fail: 7
Episode: 2167, Reward: 73.1111, success: 20, fail: 5
Episode: 2168, Reward: 72.9393, success: 20, fail: 5
Episode: 2169, Reward: 73.4971, success: 20, fail: 5
Episode: 2170, Reward: 73.3103, success: 20, fail: 5
Episode: 2171, Reward: 53.1181, success: 18, fail: 7
Episode: 2172, Reward: 73.8561, success: 20, fail: 5
Episode: 2173, Reward: 74.4909, success: 20, fail: 5
Episode: 2174, Reward: 73.6132, success: 20, fail: 5
Episode: 2175, Reward: 54.0307, success: 18, fail: 7
Episode: 2176, Reward: 62.3859, success: 19, fail: 6
Episode: 2177, Reward: 63.7097, success: 19, fail: 6
Episode: 2178, Reward: 62.8289, success: 19, fail: 6
Episode: 2179, Reward: 83.5603, success: 21, fail: 4
Episode: 2180, Reward: 53.2936, success: 18, fail: 7
Episode: 2181, Reward: 64.0555, success: 19, fail: 6
Episode: 2182, Reward: 63.0663, success: 19, fail: 6
Episode: 2183, Reward: 73.5940, success: 20, fail: 5
Episode: 2184, Reward: 63.9876, success: 19, fail: 6
Episode: 2185, Reward: 63.0727, success: 19, fail: 6
Episode: 2186, Reward: 83.0334, success: 21, fail: 4
Episode: 2187, Reward: 72.7372, success: 20, fail: 5
Episode: 2188, Reward: 53.5079, success: 18, fail: 7
Episode: 2189, Reward: 63.4151, success: 19, fail: 6
Episode: 2190, Reward: 63.1347, success: 19, fail: 6
Episode: 2191, Reward: 83.1492, success: 21, fail: 4
Episode: 2192, Reward: 73.7145, success: 20, fail: 5
Episode: 2193, Reward: 72.4549, success: 20, fail: 5
Episode: 2194, Reward: 62.8830, success: 19, fail: 6
Episode: 2195, Reward: 83.5441, success: 21, fail: 4
Episode: 2196, Reward: 83.7491, success: 21, fail: 4
Episode: 2197, Reward: 93.6528, success: 22, fail: 3
Episode: 2198, Reward: 63.8938, success: 19, fail: 6
Episode: 2199, Reward: 73.5556, success: 20, fail: 5
Episode: 2200, Reward: 73.2292, success: 20, fail: 5
Episode: 2201, Reward: 74.1731, success: 20, fail: 5
Episode: 2202, Reward: 73.1602, success: 20, fail: 5
Episode: 2203, Reward: 84.1054, success: 21, fail: 4
Episode: 2204, Reward: 64.4501, success: 19, fail: 6
Episode: 2205, Reward: 53.1041, success: 18, fail: 7
Episode: 2206, Reward: 73.7451, success: 20, fail: 5
Episode: 2207, Reward: 72.7680, success: 20, fail: 5
Episode: 2208, Reward: 73.6256, success: 20, fail: 5
Episode: 2209, Reward: 42.8582, success: 17, fail: 8
Episode: 2210, Reward: 62.5308, success: 19, fail: 6
Episode: 2211, Reward: 83.2826, success: 21, fail: 4
Episode: 2212, Reward: 53.6329, success: 18, fail: 7
Episode: 2213, Reward: 82.3249, success: 21, fail: 4
Episode: 2214, Reward: 83.6288, success: 21, fail: 4
Episode: 2215, Reward: 73.3366, success: 20, fail: 5
Episode: 2216, Reward: 64.7236, success: 19, fail: 6
Episode: 2217, Reward: 62.8185, success: 19, fail: 6
Episode: 2218, Reward: 63.6986, success: 19, fail: 6
Episode: 2219, Reward: 94.7730, success: 22, fail: 3
Episode: 2220, Reward: 62.3774, success: 19, fail: 6
Episode: 2221, Reward: 72.8732, success: 20, fail: 5
Episode: 2222, Reward: 73.8463, success: 20, fail: 5
Episode: 2223, Reward: 73.0730, success: 20, fail: 5
Episode: 2224, Reward: 63.2704, success: 19, fail: 6
Episode: 2225, Reward: 73.4051, success: 20, fail: 5
Episode: 2226, Reward: 64.3537, success: 19, fail: 6
Episode: 2227, Reward: 72.2338, success: 20, fail: 5
Episode: 2228, Reward: 52.5231, success: 18, fail: 7
Episode: 2229, Reward: 73.5515, success: 20, fail: 5
Episode: 2230, Reward: 73.7655, success: 20, fail: 5
Episode: 2231, Reward: 72.7878, success: 20, fail: 5
Episode: 2232, Reward: 74.5710, success: 20, fail: 5
Episode: 2233, Reward: 82.9265, success: 21, fail: 4
Episode: 2234, Reward: 83.7606, success: 21, fail: 4
Episode: 2235, Reward: 74.0945, success: 20, fail: 5
Episode: 2236, Reward: 72.7385, success: 20, fail: 5
Episode: 2237, Reward: 64.2955, success: 19, fail: 6
Episode: 2238, Reward: 62.1729, success: 19, fail: 6
Episode: 2239, Reward: 73.0345, success: 20, fail: 5
Episode: 2240, Reward: 84.2072, success: 21, fail: 4
Episode: 2241, Reward: 62.5820, success: 19, fail: 6
Episode: 2242, Reward: 82.3164, success: 21, fail: 4
Episode: 2243, Reward: 64.1620, success: 19, fail: 6
Episode: 2244, Reward: 72.7664, success: 20, fail: 5
Episode: 2245, Reward: 73.1258, success: 20, fail: 5
Episode: 2246, Reward: 73.0906, success: 20, fail: 5
Episode: 2247, Reward: 63.8193, success: 19, fail: 6
Episode: 2248, Reward: 73.8471, success: 20, fail: 5
Episode: 2249, Reward: 62.1220, success: 19, fail: 6
Episode: 2250, Reward: 72.2607, success: 20, fail: 5
Episode: 2251, Reward: 52.8177, success: 18, fail: 7
Episode: 2252, Reward: 73.1354, success: 20, fail: 5
Episode: 2253, Reward: 63.2354, success: 19, fail: 6
Episode: 2254, Reward: 63.4031, success: 19, fail: 6
Episode: 2255, Reward: 72.3931, success: 20, fail: 5
Episode: 2256, Reward: 73.2647, success: 20, fail: 5
Episode: 2257, Reward: 73.6924, success: 20, fail: 5
Episode: 2258, Reward: 63.6165, success: 19, fail: 6
Episode: 2259, Reward: 84.2829, success: 21, fail: 4
Episode: 2260, Reward: 52.7418, success: 18, fail: 7
Episode: 2261, Reward: 53.2110, success: 18, fail: 7
Episode: 2262, Reward: 62.9774, success: 19, fail: 6
Episode: 2263, Reward: 74.6220, success: 20, fail: 5
Episode: 2264, Reward: 73.6921, success: 20, fail: 5
Episode: 2265, Reward: 73.8627, success: 20, fail: 5
Episode: 2266, Reward: 63.3011, success: 19, fail: 6
Episode: 2267, Reward: 93.7935, success: 22, fail: 3
Episode: 2268, Reward: 74.3730, success: 20, fail: 5
Episode: 2269, Reward: 73.9778, success: 20, fail: 5
Episode: 2270, Reward: 73.5441, success: 20, fail: 5
Episode: 2271, Reward: 62.8654, success: 19, fail: 6
Episode: 2272, Reward: 83.8666, success: 21, fail: 4
Episode: 2273, Reward: 82.4857, success: 21, fail: 4
Episode: 2274, Reward: 64.2840, success: 19, fail: 6
Episode: 2275, Reward: 73.9308, success: 20, fail: 5
Episode: 2276, Reward: 63.0785, success: 19, fail: 6
Episode: 2277, Reward: 72.7423, success: 20, fail: 5
Episode: 2278, Reward: 74.5647, success: 20, fail: 5
Episode: 2279, Reward: 63.3044, success: 19, fail: 6
Episode: 2280, Reward: 83.1108, success: 21, fail: 4
Episode: 2281, Reward: 63.8178, success: 19, fail: 6
Episode: 2282, Reward: 83.0455, success: 21, fail: 4
Episode: 2283, Reward: 83.4884, success: 21, fail: 4
Episode: 2284, Reward: 83.6062, success: 21, fail: 4
Episode: 2285, Reward: 62.8412, success: 19, fail: 6
Episode: 2286, Reward: 63.3769, success: 19, fail: 6
Episode: 2287, Reward: 53.4273, success: 18, fail: 7
Episode: 2288, Reward: 71.9868, success: 20, fail: 5
Episode: 2289, Reward: 63.4491, success: 19, fail: 6
Episode: 2290, Reward: 63.3950, success: 19, fail: 6
Episode: 2291, Reward: 83.0599, success: 21, fail: 4
Episode: 2292, Reward: 53.0119, success: 18, fail: 7
Episode: 2293, Reward: 74.1179, success: 20, fail: 5
Episode: 2294, Reward: 42.8237, success: 17, fail: 8
Episode: 2295, Reward: 54.0959, success: 18, fail: 7
Episode: 2296, Reward: 93.6393, success: 22, fail: 3
Episode: 2297, Reward: 73.1573, success: 20, fail: 5
Episode: 2298, Reward: 71.7870, success: 20, fail: 5
Episode: 2299, Reward: 73.6055, success: 20, fail: 5
Episode: 2300, Reward: 53.6047, success: 18, fail: 7
Episode: 2301, Reward: 63.6942, success: 19, fail: 6
Episode: 2302, Reward: 63.5489, success: 19, fail: 6
Episode: 2303, Reward: 83.8813, success: 21, fail: 4
Episode: 2304, Reward: 53.1044, success: 18, fail: 7
Episode: 2305, Reward: 62.7631, success: 19, fail: 6
Episode: 2306, Reward: 82.6190, success: 21, fail: 4
Episode: 2307, Reward: 64.0566, success: 19, fail: 6
Episode: 2308, Reward: 73.2144, success: 20, fail: 5
Episode: 2309, Reward: 73.8563, success: 20, fail: 5
Episode: 2310, Reward: 43.9286, success: 17, fail: 8
Episode: 2311, Reward: 53.3575, success: 18, fail: 7
Episode: 2312, Reward: 74.0546, success: 20, fail: 5
Episode: 2313, Reward: 63.6674, success: 19, fail: 6
Episode: 2314, Reward: 52.9663, success: 18, fail: 7
Episode: 2315, Reward: 63.7343, success: 19, fail: 6
Episode: 2316, Reward: 73.6372, success: 20, fail: 5
Episode: 2317, Reward: 83.0906, success: 21, fail: 4
Episode: 2318, Reward: 64.7086, success: 19, fail: 6
Episode: 2319, Reward: 73.5827, success: 20, fail: 5
Episode: 2320, Reward: 73.0822, success: 20, fail: 5
Episode: 2321, Reward: 53.8770, success: 18, fail: 7
Episode: 2322, Reward: 73.1489, success: 20, fail: 5
Episode: 2323, Reward: 72.1520, success: 20, fail: 5
Episode: 2324, Reward: 72.5114, success: 20, fail: 5
Episode: 2325, Reward: 53.4313, success: 18, fail: 7
Episode: 2326, Reward: 63.9448, success: 19, fail: 6
Episode: 2327, Reward: 84.4166, success: 21, fail: 4
Episode: 2328, Reward: 72.4651, success: 20, fail: 5
Episode: 2329, Reward: 73.5550, success: 20, fail: 5
Episode: 2330, Reward: 72.9232, success: 20, fail: 5
Episode: 2331, Reward: 61.8021, success: 19, fail: 6
Episode: 2332, Reward: 73.5694, success: 20, fail: 5
Episode: 2333, Reward: 63.0519, success: 19, fail: 6
Episode: 2334, Reward: 62.8284, success: 19, fail: 6
Episode: 2335, Reward: 73.6943, success: 20, fail: 5
Episode: 2336, Reward: 82.4602, success: 21, fail: 4
Episode: 2337, Reward: 73.1242, success: 20, fail: 5
Episode: 2338, Reward: 63.5642, success: 19, fail: 6
Episode: 2339, Reward: 83.9264, success: 21, fail: 4
Episode: 2340, Reward: 63.6430, success: 19, fail: 6
Episode: 2341, Reward: 73.0484, success: 20, fail: 5
Episode: 2342, Reward: 63.1258, success: 19, fail: 6
Episode: 2343, Reward: 83.3534, success: 21, fail: 4
Episode: 2344, Reward: 62.6164, success: 19, fail: 6
Episode: 2345, Reward: 73.3133, success: 20, fail: 5
Episode: 2346, Reward: 63.9267, success: 19, fail: 6
Episode: 2347, Reward: 83.6870, success: 21, fail: 4
Episode: 2348, Reward: 72.6527, success: 20, fail: 5
Episode: 2349, Reward: 72.9176, success: 20, fail: 5
Episode: 2350, Reward: 62.9582, success: 19, fail: 6
Episode: 2351, Reward: 73.3044, success: 20, fail: 5
Episode: 2352, Reward: 63.2408, success: 19, fail: 6
Episode: 2353, Reward: 82.6746, success: 21, fail: 4
Episode: 2354, Reward: 62.5873, success: 19, fail: 6
Episode: 2355, Reward: 84.5062, success: 21, fail: 4
Episode: 2356, Reward: 95.1722, success: 22, fail: 3
Episode: 2357, Reward: 73.0059, success: 20, fail: 5
Episode: 2358, Reward: 72.1490, success: 20, fail: 5
Episode: 2359, Reward: 83.6520, success: 21, fail: 4
Episode: 2360, Reward: 72.9748, success: 20, fail: 5
Episode: 2361, Reward: 82.8069, success: 21, fail: 4
Episode: 2362, Reward: 63.9686, success: 19, fail: 6
Episode: 2363, Reward: 53.6365, success: 18, fail: 7
Episode: 2364, Reward: 54.3538, success: 18, fail: 7
Episode: 2365, Reward: 73.0169, success: 20, fail: 5
Episode: 2366, Reward: 63.6528, success: 19, fail: 6
Episode: 2367, Reward: 62.7903, success: 19, fail: 6
Episode: 2368, Reward: 63.9992, success: 19, fail: 6
Episode: 2369, Reward: 72.4940, success: 20, fail: 5
Episode: 2370, Reward: 73.7016, success: 20, fail: 5
Episode: 2371, Reward: 73.3303, success: 20, fail: 5
Episode: 2372, Reward: 84.1050, success: 21, fail: 4
Episode: 2373, Reward: 73.1249, success: 20, fail: 5
Episode: 2374, Reward: 72.4353, success: 20, fail: 5
Episode: 2375, Reward: 82.5014, success: 21, fail: 4
Episode: 2376, Reward: 84.1089, success: 21, fail: 4
Episode: 2377, Reward: 73.2989, success: 20, fail: 5
Episode: 2378, Reward: 73.6443, success: 20, fail: 5
Episode: 2379, Reward: 83.5505, success: 21, fail: 4
Episode: 2380, Reward: 53.7269, success: 18, fail: 7
Episode: 2381, Reward: 84.1849, success: 21, fail: 4
Episode: 2382, Reward: 73.1648, success: 20, fail: 5
Episode: 2383, Reward: 82.2104, success: 21, fail: 4
Episode: 2384, Reward: 62.3678, success: 19, fail: 6
Episode: 2385, Reward: 83.6310, success: 21, fail: 4
Episode: 2386, Reward: 74.5956, success: 20, fail: 5
Episode: 2387, Reward: 72.2539, success: 20, fail: 5
Episode: 2388, Reward: 62.9200, success: 19, fail: 6
Episode: 2389, Reward: 73.7354, success: 20, fail: 5
Episode: 2390, Reward: 63.6037, success: 19, fail: 6
Episode: 2391, Reward: 94.9777, success: 22, fail: 3
Episode: 2392, Reward: 73.8365, success: 20, fail: 5
Episode: 2393, Reward: 73.2947, success: 20, fail: 5
Episode: 2394, Reward: 74.7283, success: 20, fail: 5
Episode: 2395, Reward: 73.4892, success: 20, fail: 5
Episode: 2396, Reward: 73.3641, success: 20, fail: 5
Episode: 2397, Reward: 83.3587, success: 21, fail: 4
Episode: 2398, Reward: 73.5240, success: 20, fail: 5
Episode: 2399, Reward: 53.7926, success: 18, fail: 7
Episode: 2400, Reward: 73.9885, success: 20, fail: 5
Episode: 2401, Reward: 72.8084, success: 20, fail: 5
Episode: 2402, Reward: 52.2685, success: 18, fail: 7
Episode: 2403, Reward: 64.5818, success: 19, fail: 6
Episode: 2404, Reward: 64.1871, success: 19, fail: 6
Episode: 2405, Reward: 62.6249, success: 19, fail: 6
Episode: 2406, Reward: 53.0164, success: 18, fail: 7
Episode: 2407, Reward: 83.4596, success: 21, fail: 4
Episode: 2408, Reward: 72.4631, success: 20, fail: 5
Episode: 2409, Reward: 84.1806, success: 21, fail: 4
Episode: 2410, Reward: 63.3868, success: 19, fail: 6
Episode: 2411, Reward: 72.3418, success: 20, fail: 5
Episode: 2412, Reward: 62.5511, success: 19, fail: 6
Episode: 2413, Reward: 63.4123, success: 19, fail: 6
Episode: 2414, Reward: 53.6571, success: 18, fail: 7
Episode: 2415, Reward: 63.6410, success: 19, fail: 6
Episode: 2416, Reward: 52.9302, success: 18, fail: 7
Episode: 2417, Reward: 73.3863, success: 20, fail: 5
Episode: 2418, Reward: 72.6411, success: 20, fail: 5
Episode: 2419, Reward: 73.2855, success: 20, fail: 5
Episode: 2420, Reward: 83.7884, success: 21, fail: 4
Episode: 2421, Reward: 72.9871, success: 20, fail: 5
Episode: 2422, Reward: 52.2020, success: 18, fail: 7
Episode: 2423, Reward: 62.4252, success: 19, fail: 6
Episode: 2424, Reward: 73.0233, success: 20, fail: 5
Episode: 2425, Reward: 62.6561, success: 19, fail: 6
Episode: 2426, Reward: 53.8734, success: 18, fail: 7
Episode: 2427, Reward: 62.7430, success: 19, fail: 6
Episode: 2428, Reward: 83.4566, success: 21, fail: 4
Episode: 2429, Reward: 62.5196, success: 19, fail: 6
Episode: 2430, Reward: 72.7046, success: 20, fail: 5
Episode: 2431, Reward: 83.1045, success: 21, fail: 4
Episode: 2432, Reward: 62.7585, success: 19, fail: 6
Episode: 2433, Reward: 73.1151, success: 20, fail: 5
Episode: 2434, Reward: 62.4702, success: 19, fail: 6
Episode: 2435, Reward: 82.2530, success: 21, fail: 4
Episode: 2436, Reward: 73.7089, success: 20, fail: 5
Episode: 2437, Reward: 44.1001, success: 17, fail: 8
Episode: 2438, Reward: 74.2910, success: 20, fail: 5
Episode: 2439, Reward: 72.9524, success: 20, fail: 5
Episode: 2440, Reward: 52.5428, success: 18, fail: 7
Episode: 2441, Reward: 73.2890, success: 20, fail: 5
Episode: 2442, Reward: 73.4403, success: 20, fail: 5
Episode: 2443, Reward: 83.9927, success: 21, fail: 4
Episode: 2444, Reward: 73.8593, success: 20, fail: 5
Episode: 2445, Reward: 62.3027, success: 19, fail: 6
Episode: 2446, Reward: 63.0589, success: 19, fail: 6
Episode: 2447, Reward: 83.9912, success: 21, fail: 4
Episode: 2448, Reward: 83.7795, success: 21, fail: 4
Episode: 2449, Reward: 92.8995, success: 22, fail: 3
Episode: 2450, Reward: 74.0274, success: 20, fail: 5
Episode: 2451, Reward: 83.0815, success: 21, fail: 4
Episode: 2452, Reward: 73.4898, success: 20, fail: 5
Episode: 2453, Reward: 72.7084, success: 20, fail: 5
Episode: 2454, Reward: 63.1601, success: 19, fail: 6
Episode: 2455, Reward: 64.1118, success: 19, fail: 6
Episode: 2456, Reward: 72.8864, success: 20, fail: 5
Episode: 2457, Reward: 63.0977, success: 19, fail: 6
Episode: 2458, Reward: 73.5438, success: 20, fail: 5
Episode: 2459, Reward: 62.9825, success: 19, fail: 6
Episode: 2460, Reward: 54.2434, success: 18, fail: 7
Episode: 2461, Reward: 82.5927, success: 21, fail: 4
Episode: 2462, Reward: 73.1853, success: 20, fail: 5
Episode: 2463, Reward: 62.8911, success: 19, fail: 6
Episode: 2464, Reward: 83.7081, success: 21, fail: 4
Episode: 2465, Reward: 73.3971, success: 20, fail: 5
Episode: 2466, Reward: 72.0304, success: 20, fail: 5
Episode: 2467, Reward: 73.4152, success: 20, fail: 5
Episode: 2468, Reward: 72.9482, success: 20, fail: 5
Episode: 2469, Reward: 73.5950, success: 20, fail: 5
Episode: 2470, Reward: 54.1319, success: 18, fail: 7
Episode: 2471, Reward: 53.2616, success: 18, fail: 7
Episode: 2472, Reward: 63.1410, success: 19, fail: 6
Episode: 2473, Reward: 73.6414, success: 20, fail: 5
Episode: 2474, Reward: 83.0443, success: 21, fail: 4
Episode: 2475, Reward: 73.4028, success: 20, fail: 5
Episode: 2476, Reward: 63.7866, success: 19, fail: 6
Episode: 2477, Reward: 72.9238, success: 20, fail: 5
Episode: 2478, Reward: 62.2245, success: 19, fail: 6
Episode: 2479, Reward: 73.7310, success: 20, fail: 5
Episode: 2480, Reward: 72.7993, success: 20, fail: 5
Episode: 2481, Reward: 63.1055, success: 19, fail: 6
Episode: 2482, Reward: 53.4187, success: 18, fail: 7
Episode: 2483, Reward: 82.3276, success: 21, fail: 4
Episode: 2484, Reward: 73.0772, success: 20, fail: 5
Episode: 2485, Reward: 42.9206, success: 17, fail: 8
Episode: 2486, Reward: 73.2214, success: 20, fail: 5
Episode: 2487, Reward: 61.9394, success: 19, fail: 6
Episode: 2488, Reward: 52.4467, success: 18, fail: 7
Episode: 2489, Reward: 63.6446, success: 19, fail: 6
Episode: 2490, Reward: 61.8941, success: 19, fail: 6
Episode: 2491, Reward: 54.3145, success: 18, fail: 7
Episode: 2492, Reward: 72.7345, success: 20, fail: 5
Episode: 2493, Reward: 73.1707, success: 20, fail: 5
Episode: 2494, Reward: 72.6381, success: 20, fail: 5
Episode: 2495, Reward: 53.0334, success: 18, fail: 7
Episode: 2496, Reward: 62.2473, success: 19, fail: 6
Episode: 2497, Reward: 54.0911, success: 18, fail: 7
Episode: 2498, Reward: 63.7748, success: 19, fail: 6
Episode: 2499, Reward: 52.5100, success: 18, fail: 7
Episode: 2500, Reward: 62.8818, success: 19, fail: 6
Episode: 2501, Reward: 74.0169, success: 20, fail: 5
Episode: 2502, Reward: 63.3901, success: 19, fail: 6
Episode: 2503, Reward: 53.3355, success: 18, fail: 7
Episode: 2504, Reward: 62.9045, success: 19, fail: 6
Episode: 2505, Reward: 73.3804, success: 20, fail: 5
Episode: 2506, Reward: 62.9988, success: 19, fail: 6
Episode: 2507, Reward: 63.0087, success: 19, fail: 6
Episode: 2508, Reward: 62.8089, success: 19, fail: 6
Episode: 2509, Reward: 73.6302, success: 20, fail: 5
Episode: 2510, Reward: 63.4745, success: 19, fail: 6
Episode: 2511, Reward: 42.6472, success: 17, fail: 8
Episode: 2512, Reward: 52.0190, success: 18, fail: 7
Episode: 2513, Reward: 72.2456, success: 20, fail: 5
Episode: 2514, Reward: 61.5685, success: 19, fail: 6
Episode: 2515, Reward: 53.5353, success: 18, fail: 7
Episode: 2516, Reward: 50.9882, success: 18, fail: 7
Episode: 2517, Reward: 73.0128, success: 20, fail: 5
Episode: 2518, Reward: 62.3631, success: 19, fail: 6
Episode: 2519, Reward: 63.6486, success: 19, fail: 6
Episode: 2520, Reward: 72.2417, success: 20, fail: 5
Episode: 2521, Reward: 62.0989, success: 19, fail: 6
Episode: 2522, Reward: 63.3856, success: 19, fail: 6
Episode: 2523, Reward: 42.0771, success: 17, fail: 8
Episode: 2524, Reward: 73.4759, success: 20, fail: 5
Episode: 2525, Reward: 61.8830, success: 19, fail: 6
Episode: 2526, Reward: 51.7937, success: 18, fail: 7
Episode: 2527, Reward: 63.5841, success: 19, fail: 6
Episode: 2528, Reward: 72.4811, success: 20, fail: 5
Episode: 2529, Reward: 83.6695, success: 21, fail: 4
Episode: 2530, Reward: 62.3360, success: 19, fail: 6
Episode: 2531, Reward: 62.6742, success: 19, fail: 6
Episode: 2532, Reward: 53.4365, success: 18, fail: 7
Episode: 2533, Reward: 51.8631, success: 18, fail: 7
Episode: 2534, Reward: 82.6595, success: 21, fail: 4
Episode: 2535, Reward: 82.6339, success: 21, fail: 4
Episode: 2536, Reward: 103.6326, success: 23, fail: 2
Episode: 2537, Reward: 52.8120, success: 18, fail: 7
Episode: 2538, Reward: 61.3448, success: 19, fail: 6
Episode: 2539, Reward: 62.5508, success: 19, fail: 6
Episode: 2540, Reward: 71.2616, success: 20, fail: 5
Episode: 2541, Reward: 52.1782, success: 18, fail: 7
Episode: 2542, Reward: 41.7865, success: 17, fail: 8
Episode: 2543, Reward: 71.6862, success: 20, fail: 5
Episode: 2544, Reward: 72.4142, success: 20, fail: 5
Episode: 2545, Reward: 71.8884, success: 20, fail: 5
Episode: 2546, Reward: 72.6793, success: 20, fail: 5
Episode: 2547, Reward: 82.3725, success: 21, fail: 4
Episode: 2548, Reward: 62.4402, success: 19, fail: 6
Episode: 2549, Reward: 73.8262, success: 20, fail: 5
Episode: 2550, Reward: 62.1801, success: 19, fail: 6
Episode: 2551, Reward: 72.1337, success: 20, fail: 5
Episode: 2552, Reward: 73.6876, success: 20, fail: 5
Episode: 2553, Reward: 62.0434, success: 19, fail: 6
Episode: 2554, Reward: 72.3582, success: 20, fail: 5
Episode: 2555, Reward: 72.3721, success: 20, fail: 5
Episode: 2556, Reward: 72.8315, success: 20, fail: 5
Episode: 2557, Reward: 71.2964, success: 20, fail: 5
Episode: 2558, Reward: 63.4094, success: 19, fail: 6
Episode: 2559, Reward: 63.0733, success: 19, fail: 6
Episode: 2560, Reward: 62.8395, success: 19, fail: 6
Episode: 2561, Reward: 62.5397, success: 19, fail: 6
Episode: 2562, Reward: 53.0687, success: 18, fail: 7
Episode: 2563, Reward: 73.9761, success: 20, fail: 5
Episode: 2564, Reward: 73.0213, success: 20, fail: 5
Episode: 2565, Reward: 53.0658, success: 18, fail: 7
Episode: 2566, Reward: 72.0185, success: 20, fail: 5
Episode: 2567, Reward: 82.5588, success: 21, fail: 4
Episode: 2568, Reward: 72.7650, success: 20, fail: 5
Episode: 2569, Reward: 72.2259, success: 20, fail: 5
Episode: 2570, Reward: 54.3074, success: 18, fail: 7
Episode: 2571, Reward: 82.2468, success: 21, fail: 4
Episode: 2572, Reward: 62.3675, success: 19, fail: 6
Episode: 2573, Reward: 70.9399, success: 20, fail: 5
Episode: 2574, Reward: 62.1539, success: 19, fail: 6
Episode: 2575, Reward: 52.7427, success: 18, fail: 7
Episode: 2576, Reward: 82.8291, success: 21, fail: 4
Episode: 2577, Reward: 62.6978, success: 19, fail: 6
Episode: 2578, Reward: 63.9739, success: 19, fail: 6
Episode: 2579, Reward: 83.5249, success: 21, fail: 4
Episode: 2580, Reward: 73.8451, success: 20, fail: 5
Episode: 2581, Reward: 83.6040, success: 21, fail: 4
Episode: 2582, Reward: 73.7510, success: 20, fail: 5
Episode: 2583, Reward: 63.0069, success: 19, fail: 6
Episode: 2584, Reward: 82.3334, success: 21, fail: 4
Episode: 2585, Reward: 53.5014, success: 18, fail: 7
Episode: 2586, Reward: 82.6147, success: 21, fail: 4
Episode: 2587, Reward: 73.6713, success: 20, fail: 5
Episode: 2588, Reward: 63.2845, success: 19, fail: 6
Episode: 2589, Reward: 83.4960, success: 21, fail: 4
Episode: 2590, Reward: 74.0527, success: 20, fail: 5
Episode: 2591, Reward: 43.2002, success: 17, fail: 8
Episode: 2592, Reward: 74.0615, success: 20, fail: 5
Episode: 2593, Reward: 64.2663, success: 19, fail: 6
Episode: 2594, Reward: 83.6129, success: 21, fail: 4
Episode: 2595, Reward: 53.4894, success: 18, fail: 7
Episode: 2596, Reward: 73.5608, success: 20, fail: 5
Episode: 2597, Reward: 54.7303, success: 18, fail: 7
Episode: 2598, Reward: 72.4688, success: 20, fail: 5
Episode: 2599, Reward: 84.5690, success: 21, fail: 4
Episode: 2600, Reward: 62.5645, success: 19, fail: 6
Episode: 2601, Reward: 63.8549, success: 19, fail: 6
Episode: 2602, Reward: 72.7157, success: 20, fail: 5
Episode: 2603, Reward: 74.0130, success: 20, fail: 5
Episode: 2604, Reward: 73.6253, success: 20, fail: 5
Episode: 2605, Reward: 74.4598, success: 20, fail: 5
Episode: 2606, Reward: 53.3088, success: 18, fail: 7
Episode: 2607, Reward: 64.2857, success: 19, fail: 6
Episode: 2608, Reward: 82.3640, success: 21, fail: 4
Episode: 2609, Reward: 72.5373, success: 20, fail: 5
Episode: 2610, Reward: 43.3476, success: 17, fail: 8
Episode: 2611, Reward: 63.6854, success: 19, fail: 6
Episode: 2612, Reward: 54.3020, success: 18, fail: 7
Episode: 2613, Reward: 53.3561, success: 18, fail: 7
Episode: 2614, Reward: 64.1639, success: 19, fail: 6
Episode: 2615, Reward: 73.2482, success: 20, fail: 5
Episode: 2616, Reward: 73.1124, success: 20, fail: 5
Episode: 2617, Reward: 82.7135, success: 21, fail: 4
Episode: 2618, Reward: 83.6094, success: 21, fail: 4
Episode: 2619, Reward: 52.5849, success: 18, fail: 7
Episode: 2620, Reward: 73.4239, success: 20, fail: 5
Episode: 2621, Reward: 73.3867, success: 20, fail: 5
Episode: 2622, Reward: 73.5120, success: 20, fail: 5
Episode: 2623, Reward: 72.8667, success: 20, fail: 5
Episode: 2624, Reward: 73.6200, success: 20, fail: 5
Episode: 2625, Reward: 82.4849, success: 21, fail: 4
Episode: 2626, Reward: 73.1495, success: 20, fail: 5
Episode: 2627, Reward: 43.3512, success: 17, fail: 8
Episode: 2628, Reward: 62.7504, success: 19, fail: 6
Episode: 2629, Reward: 82.1014, success: 21, fail: 4
Episode: 2630, Reward: 62.6179, success: 19, fail: 6
Episode: 2631, Reward: 70.5940, success: 20, fail: 5
Episode: 2632, Reward: 72.2548, success: 20, fail: 5
Episode: 2633, Reward: 73.1350, success: 20, fail: 5
Episode: 2634, Reward: 53.3186, success: 18, fail: 7
Episode: 2635, Reward: 72.1581, success: 20, fail: 5
Episode: 2636, Reward: 62.5357, success: 19, fail: 6
Episode: 2637, Reward: 93.1240, success: 22, fail: 3
Episode: 2638, Reward: 62.7692, success: 19, fail: 6
Episode: 2639, Reward: 71.9556, success: 20, fail: 5
Episode: 2640, Reward: 92.9887, success: 22, fail: 3
Episode: 2641, Reward: 71.9827, success: 20, fail: 5
Episode: 2642, Reward: 52.8033, success: 18, fail: 7
Episode: 2643, Reward: 72.9709, success: 20, fail: 5
Episode: 2644, Reward: 63.7166, success: 19, fail: 6
Episode: 2645, Reward: 71.8075, success: 20, fail: 5
Episode: 2646, Reward: 62.8687, success: 19, fail: 6
Episode: 2647, Reward: 62.5816, success: 19, fail: 6
Episode: 2648, Reward: 72.9855, success: 20, fail: 5
Episode: 2649, Reward: 43.0870, success: 17, fail: 8
Episode: 2650, Reward: 73.4685, success: 20, fail: 5
Episode: 2651, Reward: 50.9433, success: 18, fail: 7
Episode: 2652, Reward: 74.0379, success: 20, fail: 5
Episode: 2653, Reward: 52.5609, success: 18, fail: 7
Episode: 2654, Reward: 63.4236, success: 19, fail: 6
Episode: 2655, Reward: 73.6493, success: 20, fail: 5
Episode: 2656, Reward: 53.0474, success: 18, fail: 7
Episode: 2657, Reward: 51.8026, success: 18, fail: 7
Episode: 2658, Reward: 62.4945, success: 19, fail: 6
Episode: 2659, Reward: 62.7791, success: 19, fail: 6
Episode: 2660, Reward: 63.6938, success: 19, fail: 6
Episode: 2661, Reward: 82.2162, success: 21, fail: 4
Episode: 2662, Reward: 74.5501, success: 20, fail: 5
Episode: 2663, Reward: 52.8611, success: 18, fail: 7
Episode: 2664, Reward: 72.9515, success: 20, fail: 5
Episode: 2665, Reward: 63.2667, success: 19, fail: 6
Episode: 2666, Reward: 63.1334, success: 19, fail: 6
Episode: 2667, Reward: 73.4419, success: 20, fail: 5
Episode: 2668, Reward: 81.5189, success: 21, fail: 4
Episode: 2669, Reward: 72.7347, success: 20, fail: 5
Episode: 2670, Reward: 83.1887, success: 21, fail: 4
Episode: 2671, Reward: 31.8939, success: 16, fail: 9
Episode: 2672, Reward: 84.6486, success: 21, fail: 4
Episode: 2673, Reward: 62.2113, success: 19, fail: 6
Episode: 2674, Reward: 73.5383, success: 20, fail: 5
Episode: 2675, Reward: 63.2330, success: 19, fail: 6
Episode: 2676, Reward: 73.5279, success: 20, fail: 5
Episode: 2677, Reward: 64.0490, success: 19, fail: 6
Episode: 2678, Reward: 73.1410, success: 20, fail: 5
Episode: 2679, Reward: 63.0074, success: 19, fail: 6
Episode: 2680, Reward: 63.8118, success: 19, fail: 6
Episode: 2681, Reward: 83.8789, success: 21, fail: 4
Episode: 2682, Reward: 74.6525, success: 20, fail: 5
Episode: 2683, Reward: 62.9250, success: 19, fail: 6
Episode: 2684, Reward: 93.6299, success: 22, fail: 3
Episode: 2685, Reward: 43.3832, success: 17, fail: 8
Episode: 2686, Reward: 64.1698, success: 19, fail: 6
Episode: 2687, Reward: 62.3042, success: 19, fail: 6
Episode: 2688, Reward: 72.3342, success: 20, fail: 5
Episode: 2689, Reward: 81.9804, success: 21, fail: 4
Episode: 2690, Reward: 82.4521, success: 21, fail: 4
Episode: 2691, Reward: 54.0579, success: 18, fail: 7
Episode: 2692, Reward: 72.4590, success: 20, fail: 5
Episode: 2693, Reward: 82.3855, success: 21, fail: 4
Episode: 2694, Reward: 62.3509, success: 19, fail: 6
Episode: 2695, Reward: 63.1534, success: 19, fail: 6
Episode: 2696, Reward: 42.9240, success: 17, fail: 8
Episode: 2697, Reward: 53.5525, success: 18, fail: 7
Episode: 2698, Reward: 52.7780, success: 18, fail: 7
Episode: 2699, Reward: 63.4128, success: 19, fail: 6
Episode: 2700, Reward: 62.2308, success: 19, fail: 6
Episode: 2701, Reward: 73.2136, success: 20, fail: 5
Episode: 2702, Reward: 62.9978, success: 19, fail: 6
Episode: 2703, Reward: 74.2340, success: 20, fail: 5
Episode: 2704, Reward: 73.3856, success: 20, fail: 5
Episode: 2705, Reward: 63.1350, success: 19, fail: 6
Episode: 2706, Reward: 62.4917, success: 19, fail: 6
Episode: 2707, Reward: 52.3423, success: 18, fail: 7
Episode: 2708, Reward: 92.4957, success: 22, fail: 3
Episode: 2709, Reward: 42.7392, success: 17, fail: 8
Episode: 2710, Reward: 83.3464, success: 21, fail: 4
Episode: 2711, Reward: 62.9413, success: 19, fail: 6
Episode: 2712, Reward: 53.8660, success: 18, fail: 7
Episode: 2713, Reward: 63.8145, success: 19, fail: 6
Episode: 2714, Reward: 64.5062, success: 19, fail: 6
Episode: 2715, Reward: 72.7694, success: 20, fail: 5
Episode: 2716, Reward: 93.4633, success: 22, fail: 3
Episode: 2717, Reward: 63.3786, success: 19, fail: 6
Episode: 2718, Reward: 53.0246, success: 18, fail: 7
Episode: 2719, Reward: 74.8941, success: 20, fail: 5
Episode: 2720, Reward: 62.2993, success: 19, fail: 6
Episode: 2721, Reward: 83.5882, success: 21, fail: 4
Episode: 2722, Reward: 83.5316, success: 21, fail: 4
Episode: 2723, Reward: 72.2153, success: 20, fail: 5
Episode: 2724, Reward: 72.4458, success: 20, fail: 5
Episode: 2725, Reward: 62.5111, success: 19, fail: 6
Episode: 2726, Reward: 71.8543, success: 20, fail: 5
Episode: 2727, Reward: 72.9773, success: 20, fail: 5
Episode: 2728, Reward: 63.8341, success: 19, fail: 6
Episode: 2729, Reward: 74.1512, success: 20, fail: 5
Episode: 2730, Reward: 61.9157, success: 19, fail: 6
Episode: 2731, Reward: 74.4847, success: 20, fail: 5
Episode: 2732, Reward: 63.3226, success: 19, fail: 6
Episode: 2733, Reward: 52.9652, success: 18, fail: 7
Episode: 2734, Reward: 74.2857, success: 20, fail: 5
Episode: 2735, Reward: 63.9714, success: 19, fail: 6
Episode: 2736, Reward: 73.9820, success: 20, fail: 5
Episode: 2737, Reward: 61.7013, success: 19, fail: 6
Episode: 2738, Reward: 63.2894, success: 19, fail: 6
Episode: 2739, Reward: 52.9366, success: 18, fail: 7
Episode: 2740, Reward: 84.0151, success: 21, fail: 4
Episode: 2741, Reward: 82.8211, success: 21, fail: 4
Episode: 2742, Reward: 62.0528, success: 19, fail: 6
Episode: 2743, Reward: 62.2524, success: 19, fail: 6
Episode: 2744, Reward: 73.6479, success: 20, fail: 5
Episode: 2745, Reward: 64.3261, success: 19, fail: 6
Episode: 2746, Reward: 83.5450, success: 21, fail: 4
Episode: 2747, Reward: 71.6877, success: 20, fail: 5
Episode: 2748, Reward: 83.0233, success: 21, fail: 4
Episode: 2749, Reward: 74.0542, success: 20, fail: 5
Episode: 2750, Reward: 42.9337, success: 17, fail: 8
Episode: 2751, Reward: 72.9012, success: 20, fail: 5
Episode: 2752, Reward: 82.5681, success: 21, fail: 4
Episode: 2753, Reward: 63.2579, success: 19, fail: 6
Episode: 2754, Reward: 73.4423, success: 20, fail: 5
Episode: 2755, Reward: 62.7128, success: 19, fail: 6
Episode: 2756, Reward: 71.8447, success: 20, fail: 5
Episode: 2757, Reward: 82.9089, success: 21, fail: 4
Episode: 2758, Reward: 83.5854, success: 21, fail: 4
Episode: 2759, Reward: 84.2811, success: 21, fail: 4
Episode: 2760, Reward: 73.2423, success: 20, fail: 5
Episode: 2761, Reward: 83.4507, success: 21, fail: 4
Episode: 2762, Reward: 72.9571, success: 20, fail: 5
Episode: 2763, Reward: 63.2418, success: 19, fail: 6
Episode: 2764, Reward: 51.8151, success: 18, fail: 7
Episode: 2765, Reward: 73.5737, success: 20, fail: 5
Episode: 2766, Reward: 53.0828, success: 18, fail: 7
Episode: 2767, Reward: 62.7958, success: 19, fail: 6
Episode: 2768, Reward: 62.9357, success: 19, fail: 6
Episode: 2769, Reward: 93.6722, success: 22, fail: 3
Episode: 2770, Reward: 62.9520, success: 19, fail: 6
Episode: 2771, Reward: 73.7342, success: 20, fail: 5
Episode: 2772, Reward: 73.7510, success: 20, fail: 5
Episode: 2773, Reward: 72.9511, success: 20, fail: 5
Episode: 2774, Reward: 93.0123, success: 22, fail: 3
Episode: 2775, Reward: 74.3412, success: 20, fail: 5
Episode: 2776, Reward: 82.4392, success: 21, fail: 4
Episode: 2777, Reward: 81.6321, success: 21, fail: 4
Episode: 2778, Reward: 82.4023, success: 21, fail: 4
Episode: 2779, Reward: 72.8070, success: 20, fail: 5
Episode: 2780, Reward: 81.8551, success: 21, fail: 4
Episode: 2781, Reward: 73.4133, success: 20, fail: 5
Episode: 2782, Reward: 82.9084, success: 21, fail: 4
Episode: 2783, Reward: 82.7861, success: 21, fail: 4
Episode: 2784, Reward: 73.6410, success: 20, fail: 5
Episode: 2785, Reward: 63.2576, success: 19, fail: 6
Episode: 2786, Reward: 73.5041, success: 20, fail: 5
Episode: 2787, Reward: 81.7230, success: 21, fail: 4
Episode: 2788, Reward: 92.9523, success: 22, fail: 3
Episode: 2789, Reward: 83.4827, success: 21, fail: 4
Episode: 2790, Reward: 63.3395, success: 19, fail: 6
Episode: 2791, Reward: 82.9389, success: 21, fail: 4
Episode: 2792, Reward: 72.8800, success: 20, fail: 5
Episode: 2793, Reward: 62.6200, success: 19, fail: 6
Episode: 2794, Reward: 72.4996, success: 20, fail: 5
Episode: 2795, Reward: 62.6461, success: 19, fail: 6
Episode: 2796, Reward: 73.2702, success: 20, fail: 5
Episode: 2797, Reward: 83.3615, success: 21, fail: 4
Episode: 2798, Reward: 74.0489, success: 20, fail: 5
Episode: 2799, Reward: 83.1861, success: 21, fail: 4
Episode: 2800, Reward: 73.3183, success: 20, fail: 5
Episode: 2801, Reward: 83.6294, success: 21, fail: 4
Episode: 2802, Reward: 82.9016, success: 21, fail: 4
Episode: 2803, Reward: 73.1258, success: 20, fail: 5
Episode: 2804, Reward: 73.6254, success: 20, fail: 5
Episode: 2805, Reward: 73.4010, success: 20, fail: 5
Episode: 2806, Reward: 62.9563, success: 19, fail: 6
Episode: 2807, Reward: 73.5837, success: 20, fail: 5
Episode: 2808, Reward: 63.3794, success: 19, fail: 6
Episode: 2809, Reward: 63.4262, success: 19, fail: 6
Episode: 2810, Reward: 74.0937, success: 20, fail: 5
Episode: 2811, Reward: 73.6900, success: 20, fail: 5
Episode: 2812, Reward: 73.7430, success: 20, fail: 5
Episode: 2813, Reward: 72.9881, success: 20, fail: 5
Episode: 2814, Reward: 82.3176, success: 21, fail: 4
Episode: 2815, Reward: 84.0538, success: 21, fail: 4
Episode: 2816, Reward: 83.8315, success: 21, fail: 4
Episode: 2817, Reward: 62.3736, success: 19, fail: 6
Episode: 2818, Reward: 83.4113, success: 21, fail: 4
Episode: 2819, Reward: 83.1270, success: 21, fail: 4
Episode: 2820, Reward: 83.9475, success: 21, fail: 4
Episode: 2821, Reward: 82.9817, success: 21, fail: 4
Episode: 2822, Reward: 82.4003, success: 21, fail: 4
Episode: 2823, Reward: 73.8997, success: 20, fail: 5
Episode: 2824, Reward: 63.7360, success: 19, fail: 6
Episode: 2825, Reward: 53.4779, success: 18, fail: 7
Episode: 2826, Reward: 52.4546, success: 18, fail: 7
Episode: 2827, Reward: 53.3584, success: 18, fail: 7
Episode: 2828, Reward: 52.0111, success: 18, fail: 7
Episode: 2829, Reward: 73.5638, success: 20, fail: 5
Episode: 2830, Reward: 61.3176, success: 19, fail: 6
Episode: 2831, Reward: 63.1119, success: 19, fail: 6
Episode: 2832, Reward: 83.8511, success: 21, fail: 4
Episode: 2833, Reward: 43.4895, success: 17, fail: 8
Episode: 2834, Reward: 72.6085, success: 20, fail: 5
Episode: 2835, Reward: 75.1046, success: 20, fail: 5
Episode: 2836, Reward: 51.8821, success: 18, fail: 7
Episode: 2837, Reward: 74.1466, success: 20, fail: 5
Episode: 2838, Reward: 82.8934, success: 21, fail: 4
Episode: 2839, Reward: 64.5300, success: 19, fail: 6
Episode: 2840, Reward: 63.5156, success: 19, fail: 6
Episode: 2841, Reward: 63.6204, success: 19, fail: 6
Episode: 2842, Reward: 83.4740, success: 21, fail: 4
Episode: 2843, Reward: 73.3404, success: 20, fail: 5
Episode: 2844, Reward: 73.2801, success: 20, fail: 5
Episode: 2845, Reward: 63.2503, success: 19, fail: 6
Episode: 2846, Reward: 72.3497, success: 20, fail: 5
Episode: 2847, Reward: 83.1818, success: 21, fail: 4
Episode: 2848, Reward: 73.7837, success: 20, fail: 5
Episode: 2849, Reward: 63.2828, success: 19, fail: 6
Episode: 2850, Reward: 62.7416, success: 19, fail: 6
Episode: 2851, Reward: 52.8376, success: 18, fail: 7
Episode: 2852, Reward: 83.6026, success: 21, fail: 4
Episode: 2853, Reward: 73.1336, success: 20, fail: 5
Episode: 2854, Reward: 72.3957, success: 20, fail: 5
Episode: 2855, Reward: 62.6018, success: 19, fail: 6
Episode: 2856, Reward: 94.1382, success: 22, fail: 3
Episode: 2857, Reward: 63.5510, success: 19, fail: 6
Episode: 2858, Reward: 73.3888, success: 20, fail: 5
Episode: 2859, Reward: 73.3311, success: 20, fail: 5
Episode: 2860, Reward: 83.3036, success: 21, fail: 4
Episode: 2861, Reward: 63.2385, success: 19, fail: 6
Episode: 2862, Reward: 52.7611, success: 18, fail: 7
Episode: 2863, Reward: 83.5989, success: 21, fail: 4
Episode: 2864, Reward: 54.0012, success: 18, fail: 7
Episode: 2865, Reward: 62.8825, success: 19, fail: 6
Episode: 2866, Reward: 63.2994, success: 19, fail: 6
Episode: 2867, Reward: 73.3109, success: 20, fail: 5
Episode: 2868, Reward: 63.2588, success: 19, fail: 6
Episode: 2869, Reward: 74.8032, success: 20, fail: 5
Episode: 2870, Reward: 62.5996, success: 19, fail: 6
Episode: 2871, Reward: 73.2993, success: 20, fail: 5
Episode: 2872, Reward: 52.5938, success: 18, fail: 7
Episode: 2873, Reward: 73.0746, success: 20, fail: 5
Episode: 2874, Reward: 53.6873, success: 18, fail: 7
Episode: 2875, Reward: 73.4255, success: 20, fail: 5
Episode: 2876, Reward: 73.5302, success: 20, fail: 5
Episode: 2877, Reward: 73.8107, success: 20, fail: 5
Episode: 2878, Reward: 64.4404, success: 19, fail: 6
Episode: 2879, Reward: 43.1153, success: 17, fail: 8
Episode: 2880, Reward: 63.6054, success: 19, fail: 6
Episode: 2881, Reward: 93.6472, success: 22, fail: 3
Episode: 2882, Reward: 64.5483, success: 19, fail: 6
Episode: 2883, Reward: 63.4705, success: 19, fail: 6
Episode: 2884, Reward: 72.2707, success: 20, fail: 5
Episode: 2885, Reward: 63.6697, success: 19, fail: 6
Episode: 2886, Reward: 83.6032, success: 21, fail: 4
Episode: 2887, Reward: 83.6567, success: 21, fail: 4
Episode: 2888, Reward: 44.1579, success: 17, fail: 8
Episode: 2889, Reward: 53.5098, success: 18, fail: 7
Episode: 2890, Reward: 62.6442, success: 19, fail: 6
Episode: 2891, Reward: 84.1919, success: 21, fail: 4
Episode: 2892, Reward: 54.2409, success: 18, fail: 7
Episode: 2893, Reward: 64.0756, success: 19, fail: 6
Episode: 2894, Reward: 54.2598, success: 18, fail: 7
Episode: 2895, Reward: 73.9344, success: 20, fail: 5
Episode: 2896, Reward: 83.9224, success: 21, fail: 4
Episode: 2897, Reward: 63.8850, success: 19, fail: 6
Episode: 2898, Reward: 63.6960, success: 19, fail: 6
Episode: 2899, Reward: 63.7627, success: 19, fail: 6
Episode: 2900, Reward: 74.5171, success: 20, fail: 5
Episode: 2901, Reward: 73.1988, success: 20, fail: 5
Episode: 2902, Reward: 53.1496, success: 18, fail: 7
Episode: 2903, Reward: 62.5640, success: 19, fail: 6
Episode: 2904, Reward: 52.5698, success: 18, fail: 7
Episode: 2905, Reward: 62.5576, success: 19, fail: 6
Episode: 2906, Reward: 73.6414, success: 20, fail: 5
Episode: 2907, Reward: 61.7407, success: 19, fail: 6
Episode: 2908, Reward: 72.6343, success: 20, fail: 5
Episode: 2909, Reward: 63.5103, success: 19, fail: 6
Episode: 2910, Reward: 72.1238, success: 20, fail: 5
Episode: 2911, Reward: 63.5030, success: 19, fail: 6
Episode: 2912, Reward: 62.8614, success: 19, fail: 6
Episode: 2913, Reward: 73.4781, success: 20, fail: 5
Episode: 2914, Reward: 52.4213, success: 18, fail: 7
Episode: 2915, Reward: 72.2183, success: 20, fail: 5
Episode: 2916, Reward: 83.3978, success: 21, fail: 4
Episode: 2917, Reward: 63.1998, success: 19, fail: 6
Episode: 2918, Reward: 72.7643, success: 20, fail: 5
Episode: 2919, Reward: 94.2849, success: 22, fail: 3
Episode: 2920, Reward: 73.6160, success: 20, fail: 5
Episode: 2921, Reward: 64.1226, success: 19, fail: 6
Episode: 2922, Reward: 62.5163, success: 19, fail: 6
Episode: 2923, Reward: 63.5313, success: 19, fail: 6
Episode: 2924, Reward: 52.1680, success: 18, fail: 7
Episode: 2925, Reward: 53.2527, success: 18, fail: 7
Episode: 2926, Reward: 62.8600, success: 19, fail: 6
Episode: 2927, Reward: 73.9322, success: 20, fail: 5
Episode: 2928, Reward: 73.6153, success: 20, fail: 5
Episode: 2929, Reward: 62.2461, success: 19, fail: 6
Episode: 2930, Reward: 53.3888, success: 18, fail: 7
Episode: 2931, Reward: 72.8174, success: 20, fail: 5
Episode: 2932, Reward: 51.9285, success: 18, fail: 7
Episode: 2933, Reward: 82.8233, success: 21, fail: 4
Episode: 2934, Reward: 53.4938, success: 18, fail: 7
Episode: 2935, Reward: 53.2423, success: 18, fail: 7
Episode: 2936, Reward: 73.3459, success: 20, fail: 5
Episode: 2937, Reward: 83.0182, success: 21, fail: 4
Episode: 2938, Reward: 82.8544, success: 21, fail: 4
Episode: 2939, Reward: 72.4211, success: 20, fail: 5
Episode: 2940, Reward: 62.7034, success: 19, fail: 6
Episode: 2941, Reward: 92.2104, success: 22, fail: 3
Episode: 2942, Reward: 93.9869, success: 22, fail: 3
Episode: 2943, Reward: 83.0120, success: 21, fail: 4
Episode: 2944, Reward: 72.9388, success: 20, fail: 5
Episode: 2945, Reward: 83.2661, success: 21, fail: 4
Episode: 2946, Reward: 73.3214, success: 20, fail: 5
Episode: 2947, Reward: 73.8499, success: 20, fail: 5
Episode: 2948, Reward: 63.0468, success: 19, fail: 6
Episode: 2949, Reward: 72.2829, success: 20, fail: 5
Episode: 2950, Reward: 82.4451, success: 21, fail: 4
Episode: 2951, Reward: 72.9283, success: 20, fail: 5
Episode: 2952, Reward: 62.0843, success: 19, fail: 6
Episode: 2953, Reward: 82.8373, success: 21, fail: 4
Episode: 2954, Reward: 83.8788, success: 21, fail: 4
Episode: 2955, Reward: 62.7254, success: 19, fail: 6
Episode: 2956, Reward: 43.6630, success: 17, fail: 8
Episode: 2957, Reward: 62.4170, success: 19, fail: 6
Episode: 2958, Reward: 62.7033, success: 19, fail: 6
Episode: 2959, Reward: 64.3967, success: 19, fail: 6
Episode: 2960, Reward: 73.1070, success: 20, fail: 5
Episode: 2961, Reward: 63.1866, success: 19, fail: 6
Episode: 2962, Reward: 63.5789, success: 19, fail: 6
Episode: 2963, Reward: 53.2710, success: 18, fail: 7
Episode: 2964, Reward: 62.2769, success: 19, fail: 6
Episode: 2965, Reward: 63.3538, success: 19, fail: 6
Episode: 2966, Reward: 62.4910, success: 19, fail: 6
Episode: 2967, Reward: 74.3940, success: 20, fail: 5
Episode: 2968, Reward: 73.8125, success: 20, fail: 5
Episode: 2969, Reward: 63.4189, success: 19, fail: 6
Episode: 2970, Reward: 63.6818, success: 19, fail: 6
Episode: 2971, Reward: 62.8764, success: 19, fail: 6
Episode: 2972, Reward: 62.6021, success: 19, fail: 6
Episode: 2973, Reward: 62.2433, success: 19, fail: 6
Episode: 2974, Reward: 63.0693, success: 19, fail: 6
Episode: 2975, Reward: 63.3805, success: 19, fail: 6
Episode: 2976, Reward: 63.7509, success: 19, fail: 6
Episode: 2977, Reward: 64.0496, success: 19, fail: 6
Episode: 2978, Reward: 63.7793, success: 19, fail: 6
Episode: 2979, Reward: 53.6211, success: 18, fail: 7
Episode: 2980, Reward: 63.7572, success: 19, fail: 6
Episode: 2981, Reward: 72.8585, success: 20, fail: 5
Episode: 2982, Reward: 63.1907, success: 19, fail: 6
Episode: 2983, Reward: 63.8014, success: 19, fail: 6
Episode: 2984, Reward: 62.2064, success: 19, fail: 6
Episode: 2985, Reward: 83.9055, success: 21, fail: 4
Episode: 2986, Reward: 54.0338, success: 18, fail: 7
Episode: 2987, Reward: 62.9343, success: 19, fail: 6
Episode: 2988, Reward: 73.2527, success: 20, fail: 5
Episode: 2989, Reward: 63.8153, success: 19, fail: 6
Episode: 2990, Reward: 63.8609, success: 19, fail: 6
Episode: 2991, Reward: 63.1365, success: 19, fail: 6
Episode: 2992, Reward: 43.2780, success: 17, fail: 8
Episode: 2993, Reward: 33.3559, success: 16, fail: 9
Episode: 2994, Reward: 63.8139, success: 19, fail: 6
Episode: 2995, Reward: 62.9203, success: 19, fail: 6
Episode: 2996, Reward: 63.7847, success: 19, fail: 6
Episode: 2997, Reward: 73.1953, success: 20, fail: 5
Episode: 2998, Reward: 53.0330, success: 18, fail: 7
Episode: 2999, Reward: 83.4336, success: 21, fail: 4
Episode: 3000, Reward: 82.6023, success: 21, fail: 4
Episode: 3001, Reward: 83.4597, success: 21, fail: 4
Episode: 3002, Reward: 54.3653, success: 18, fail: 7
Episode: 3003, Reward: 74.0765, success: 20, fail: 5
Episode: 3004, Reward: 53.9455, success: 18, fail: 7
Episode: 3005, Reward: 63.7450, success: 19, fail: 6
Episode: 3006, Reward: 53.6076, success: 18, fail: 7
Episode: 3007, Reward: 63.3035, success: 19, fail: 6
Episode: 3008, Reward: 63.2072, success: 19, fail: 6
Episode: 3009, Reward: 52.0690, success: 18, fail: 7
Episode: 3010, Reward: 63.8463, success: 19, fail: 6
Episode: 3011, Reward: 53.0707, success: 18, fail: 7
Episode: 3012, Reward: 53.6496, success: 18, fail: 7
Episode: 3013, Reward: 42.8282, success: 17, fail: 8
Episode: 3014, Reward: 43.4326, success: 17, fail: 8
Episode: 3015, Reward: 32.8081, success: 16, fail: 9
Episode: 3016, Reward: 53.0912, success: 18, fail: 7
Episode: 3017, Reward: 54.3884, success: 18, fail: 7
Episode: 3018, Reward: 83.8672, success: 21, fail: 4
Episode: 3019, Reward: 62.8390, success: 19, fail: 6
Episode: 3020, Reward: 73.2946, success: 20, fail: 5
Episode: 3021, Reward: 52.5069, success: 18, fail: 7
Episode: 3022, Reward: 52.0619, success: 18, fail: 7
Episode: 3023, Reward: 73.8196, success: 20, fail: 5
Episode: 3024, Reward: 63.4406, success: 19, fail: 6
Episode: 3025, Reward: 53.0267, success: 18, fail: 7
Episode: 3026, Reward: 53.0018, success: 18, fail: 7
Episode: 3027, Reward: 72.9120, success: 20, fail: 5
Episode: 3028, Reward: 53.0745, success: 18, fail: 7
Episode: 3029, Reward: 73.5931, success: 20, fail: 5
Episode: 3030, Reward: 53.1437, success: 18, fail: 7
Episode: 3031, Reward: 72.3003, success: 20, fail: 5
Episode: 3032, Reward: 62.4881, success: 19, fail: 6
Episode: 3033, Reward: 63.5734, success: 19, fail: 6
Episode: 3034, Reward: 63.4194, success: 19, fail: 6
Episode: 3035, Reward: 63.3625, success: 19, fail: 6
Episode: 3036, Reward: 72.6079, success: 20, fail: 5
Episode: 3037, Reward: 63.0494, success: 19, fail: 6
Episode: 3038, Reward: 74.0666, success: 20, fail: 5
Episode: 3039, Reward: 52.5655, success: 18, fail: 7
Episode: 3040, Reward: 82.6155, success: 21, fail: 4
Episode: 3041, Reward: 62.6181, success: 19, fail: 6
Episode: 3042, Reward: 72.4707, success: 20, fail: 5
Episode: 3043, Reward: 64.3456, success: 19, fail: 6
Episode: 3044, Reward: 63.7388, success: 19, fail: 6
Episode: 3045, Reward: 63.4235, success: 19, fail: 6
Episode: 3046, Reward: 33.4754, success: 16, fail: 9
Episode: 3047, Reward: 73.6876, success: 20, fail: 5
Episode: 3048, Reward: 84.2583, success: 21, fail: 4
Episode: 3049, Reward: 53.3368, success: 18, fail: 7
Episode: 3050, Reward: 83.2899, success: 21, fail: 4
Episode: 3051, Reward: 62.6424, success: 19, fail: 6
Episode: 3052, Reward: 62.9501, success: 19, fail: 6
Episode: 3053, Reward: 83.2026, success: 21, fail: 4
Episode: 3054, Reward: 83.7893, success: 21, fail: 4
Episode: 3055, Reward: 42.4066, success: 17, fail: 8
Episode: 3056, Reward: 63.0943, success: 19, fail: 6
Episode: 3057, Reward: 72.2972, success: 20, fail: 5
Episode: 3058, Reward: 82.9581, success: 21, fail: 4
Episode: 3059, Reward: 73.3546, success: 20, fail: 5
Episode: 3060, Reward: 43.6346, success: 17, fail: 8
Episode: 3061, Reward: 53.8404, success: 18, fail: 7
Episode: 3062, Reward: 73.1357, success: 20, fail: 5
Episode: 3063, Reward: 72.9470, success: 20, fail: 5
Episode: 3064, Reward: 52.5969, success: 18, fail: 7
Episode: 3065, Reward: 92.8283, success: 22, fail: 3
Episode: 3066, Reward: 73.6474, success: 20, fail: 5
Episode: 3067, Reward: 62.3734, success: 19, fail: 6
Episode: 3068, Reward: 83.2923, success: 21, fail: 4
Episode: 3069, Reward: 53.6775, success: 18, fail: 7
Episode: 3070, Reward: 73.9969, success: 20, fail: 5
Episode: 3071, Reward: 64.0129, success: 19, fail: 6
Episode: 3072, Reward: 62.9865, success: 19, fail: 6
Episode: 3073, Reward: 63.1789, success: 19, fail: 6
Episode: 3074, Reward: 73.0383, success: 20, fail: 5
Episode: 3075, Reward: 83.7251, success: 21, fail: 4
Episode: 3076, Reward: 62.3351, success: 19, fail: 6
Episode: 3077, Reward: 53.4780, success: 18, fail: 7
Episode: 3078, Reward: 63.3765, success: 19, fail: 6
Episode: 3079, Reward: 84.7851, success: 21, fail: 4
Episode: 3080, Reward: 62.5113, success: 19, fail: 6
Episode: 3081, Reward: 73.1912, success: 20, fail: 5
Episode: 3082, Reward: 43.8640, success: 17, fail: 8
Episode: 3083, Reward: 63.1269, success: 19, fail: 6
Episode: 3084, Reward: 53.1829, success: 18, fail: 7
Episode: 3085, Reward: 53.5497, success: 18, fail: 7
Episode: 3086, Reward: 53.5846, success: 18, fail: 7
Episode: 3087, Reward: 44.3201, success: 17, fail: 8
Episode: 3088, Reward: 63.9461, success: 19, fail: 6
Episode: 3089, Reward: 63.6282, success: 19, fail: 6
Episode: 3090, Reward: 74.2990, success: 20, fail: 5
Episode: 3091, Reward: 63.9111, success: 19, fail: 6
Episode: 3092, Reward: 84.0850, success: 21, fail: 4
Episode: 3093, Reward: 74.2327, success: 20, fail: 5
Episode: 3094, Reward: 63.0647, success: 19, fail: 6
Episode: 3095, Reward: 73.1589, success: 20, fail: 5
Episode: 3096, Reward: 53.0252, success: 18, fail: 7
Episode: 3097, Reward: 43.7071, success: 17, fail: 8
Episode: 3098, Reward: 63.5193, success: 19, fail: 6
Episode: 3099, Reward: 63.9852, success: 19, fail: 6
Episode: 3100, Reward: 53.5407, success: 18, fail: 7
Episode: 3101, Reward: 72.9707, success: 20, fail: 5
Episode: 3102, Reward: 94.4305, success: 22, fail: 3
Episode: 3103, Reward: 52.9019, success: 18, fail: 7
Episode: 3104, Reward: 64.3968, success: 19, fail: 6
Episode: 3105, Reward: 64.6364, success: 19, fail: 6
Episode: 3106, Reward: 73.3401, success: 20, fail: 5
Episode: 3107, Reward: 42.6434, success: 17, fail: 8
Episode: 3108, Reward: 63.6454, success: 19, fail: 6
Episode: 3109, Reward: 45.0329, success: 17, fail: 8
Episode: 3110, Reward: 54.1201, success: 18, fail: 7
Episode: 3111, Reward: 53.6528, success: 18, fail: 7
Episode: 3112, Reward: 63.9595, success: 19, fail: 6
Episode: 3113, Reward: 65.0491, success: 19, fail: 6
Episode: 3114, Reward: 53.4462, success: 18, fail: 7
Episode: 3115, Reward: 73.2692, success: 20, fail: 5
Episode: 3116, Reward: 53.3284, success: 18, fail: 7
Episode: 3117, Reward: 73.2596, success: 20, fail: 5
Episode: 3118, Reward: 84.3091, success: 21, fail: 4
Episode: 3119, Reward: 83.6259, success: 21, fail: 4
Episode: 3120, Reward: 53.1213, success: 18, fail: 7
Episode: 3121, Reward: 73.4821, success: 20, fail: 5
Episode: 3122, Reward: 63.8436, success: 19, fail: 6
Episode: 3123, Reward: 62.7559, success: 19, fail: 6
Episode: 3124, Reward: 34.0937, success: 16, fail: 9
Episode: 3125, Reward: 63.8351, success: 19, fail: 6
Episode: 3126, Reward: 74.3177, success: 20, fail: 5
Episode: 3127, Reward: 54.3063, success: 18, fail: 7
Episode: 3128, Reward: 83.2193, success: 21, fail: 4
Episode: 3129, Reward: 73.3033, success: 20, fail: 5
Episode: 3130, Reward: 74.3614, success: 20, fail: 5
Episode: 3131, Reward: 43.2378, success: 17, fail: 8
Episode: 3132, Reward: 72.7682, success: 20, fail: 5
Episode: 3133, Reward: 83.3593, success: 21, fail: 4
Episode: 3134, Reward: 72.5598, success: 20, fail: 5
Episode: 3135, Reward: 73.0674, success: 20, fail: 5
Episode: 3136, Reward: 53.3251, success: 18, fail: 7
Episode: 3137, Reward: 64.0109, success: 19, fail: 6
Episode: 3138, Reward: 73.3048, success: 20, fail: 5
Episode: 3139, Reward: 62.4159, success: 19, fail: 6
Episode: 3140, Reward: 42.6860, success: 17, fail: 8
Episode: 3141, Reward: 73.3011, success: 20, fail: 5
Episode: 3142, Reward: 73.1861, success: 20, fail: 5
Episode: 3143, Reward: 73.6276, success: 20, fail: 5
Episode: 3144, Reward: 83.0939, success: 21, fail: 4
Episode: 3145, Reward: 74.1024, success: 20, fail: 5
Episode: 3146, Reward: 73.5234, success: 20, fail: 5
Episode: 3147, Reward: 52.3912, success: 18, fail: 7
Episode: 3148, Reward: 73.2152, success: 20, fail: 5
Episode: 3149, Reward: 53.4079, success: 18, fail: 7
Episode: 3150, Reward: 63.6632, success: 19, fail: 6
Episode: 3151, Reward: 73.4159, success: 20, fail: 5
Episode: 3152, Reward: 64.1649, success: 19, fail: 6
Episode: 3153, Reward: 72.2266, success: 20, fail: 5
Episode: 3154, Reward: 63.4137, success: 19, fail: 6
Episode: 3155, Reward: 52.9065, success: 18, fail: 7
Episode: 3156, Reward: 93.2401, success: 22, fail: 3
Episode: 3157, Reward: 74.4657, success: 20, fail: 5
Episode: 3158, Reward: 63.2649, success: 19, fail: 6
Episode: 3159, Reward: 63.5241, success: 19, fail: 6
Episode: 3160, Reward: 73.5055, success: 20, fail: 5
Episode: 3161, Reward: 53.3081, success: 18, fail: 7
Episode: 3162, Reward: 83.0116, success: 21, fail: 4
Episode: 3163, Reward: 72.6443, success: 20, fail: 5
Episode: 3164, Reward: 63.4645, success: 19, fail: 6
Episode: 3165, Reward: 63.1806, success: 19, fail: 6
Episode: 3166, Reward: 62.9340, success: 19, fail: 6
Episode: 3167, Reward: 52.9315, success: 18, fail: 7
Episode: 3168, Reward: 73.8001, success: 20, fail: 5
Episode: 3169, Reward: 72.4886, success: 20, fail: 5
Episode: 3170, Reward: 62.7352, success: 19, fail: 6
Episode: 3171, Reward: 83.9427, success: 21, fail: 4
Episode: 3172, Reward: 64.0442, success: 19, fail: 6
Episode: 3173, Reward: 72.3436, success: 20, fail: 5
Episode: 3174, Reward: 83.3497, success: 21, fail: 4
Episode: 3175, Reward: 94.9298, success: 22, fail: 3
Episode: 3176, Reward: 83.8003, success: 21, fail: 4
Episode: 3177, Reward: 63.1915, success: 19, fail: 6
Episode: 3178, Reward: 74.2311, success: 20, fail: 5
Episode: 3179, Reward: 63.6728, success: 19, fail: 6
Episode: 3180, Reward: 63.0364, success: 19, fail: 6
Episode: 3181, Reward: 72.3234, success: 20, fail: 5
Episode: 3182, Reward: 73.4155, success: 20, fail: 5
Episode: 3183, Reward: 73.8644, success: 20, fail: 5
Episode: 3184, Reward: 73.7717, success: 20, fail: 5
Episode: 3185, Reward: 62.5487, success: 19, fail: 6
Episode: 3186, Reward: 52.4791, success: 18, fail: 7
Episode: 3187, Reward: 62.2051, success: 19, fail: 6
Episode: 3188, Reward: 53.1985, success: 18, fail: 7
Episode: 3189, Reward: 63.7103, success: 19, fail: 6
Episode: 3190, Reward: 73.2759, success: 20, fail: 5
Episode: 3191, Reward: 62.3888, success: 19, fail: 6
Episode: 3192, Reward: 73.4795, success: 20, fail: 5
Episode: 3193, Reward: 73.9720, success: 20, fail: 5
Episode: 3194, Reward: 63.6593, success: 19, fail: 6
Episode: 3195, Reward: 52.8940, success: 18, fail: 7
Episode: 3196, Reward: 73.3208, success: 20, fail: 5
Episode: 3197, Reward: 52.5103, success: 18, fail: 7
Episode: 3198, Reward: 63.7778, success: 19, fail: 6
Episode: 3199, Reward: 62.4104, success: 19, fail: 6
Episode: 3200, Reward: 62.9521, success: 19, fail: 6
Episode: 3201, Reward: 73.6368, success: 20, fail: 5
Episode: 3202, Reward: 43.3579, success: 17, fail: 8
Episode: 3203, Reward: 72.7737, success: 20, fail: 5
Episode: 3204, Reward: 62.6696, success: 19, fail: 6
Episode: 3205, Reward: 82.2368, success: 21, fail: 4
Episode: 3206, Reward: 64.1685, success: 19, fail: 6
Episode: 3207, Reward: 53.7414, success: 18, fail: 7
Episode: 3208, Reward: 63.3985, success: 19, fail: 6
Episode: 3209, Reward: 43.2290, success: 17, fail: 8
Episode: 3210, Reward: 72.8459, success: 20, fail: 5
Episode: 3211, Reward: 83.5941, success: 21, fail: 4
Episode: 3212, Reward: 93.1942, success: 22, fail: 3
Episode: 3213, Reward: 63.0889, success: 19, fail: 6
Episode: 3214, Reward: 63.1115, success: 19, fail: 6
Episode: 3215, Reward: 62.6276, success: 19, fail: 6
Episode: 3216, Reward: 43.0434, success: 17, fail: 8
Episode: 3217, Reward: 63.2837, success: 19, fail: 6
Episode: 3218, Reward: 62.7878, success: 19, fail: 6
Episode: 3219, Reward: 72.6198, success: 20, fail: 5
Episode: 3220, Reward: 52.8556, success: 18, fail: 7
Episode: 3221, Reward: 62.5821, success: 19, fail: 6
Episode: 3222, Reward: 53.3629, success: 18, fail: 7
Episode: 3223, Reward: 42.0780, success: 17, fail: 8
Episode: 3224, Reward: 63.7846, success: 19, fail: 6
Episode: 3225, Reward: 83.5627, success: 21, fail: 4
Episode: 3226, Reward: 62.9219, success: 19, fail: 6
Episode: 3227, Reward: 53.5753, success: 18, fail: 7
Episode: 3228, Reward: 53.6568, success: 18, fail: 7
Episode: 3229, Reward: 74.1355, success: 20, fail: 5
Episode: 3230, Reward: 84.6016, success: 21, fail: 4
Episode: 3231, Reward: 33.8331, success: 16, fail: 9
Episode: 3232, Reward: 63.5152, success: 19, fail: 6
Episode: 3233, Reward: 52.4232, success: 18, fail: 7
Episode: 3234, Reward: 44.5442, success: 17, fail: 8
Episode: 3235, Reward: 52.9292, success: 18, fail: 7
Episode: 3236, Reward: 64.1263, success: 19, fail: 6
Episode: 3237, Reward: 34.0961, success: 16, fail: 9
Episode: 3238, Reward: 83.9363, success: 21, fail: 4
Episode: 3239, Reward: 73.9551, success: 20, fail: 5
Episode: 3240, Reward: 64.3444, success: 19, fail: 6
Episode: 3241, Reward: 43.4553, success: 17, fail: 8
Episode: 3242, Reward: 73.6735, success: 20, fail: 5
Episode: 3243, Reward: 24.5882, success: 15, fail: 10
Episode: 3244, Reward: 43.9080, success: 17, fail: 8
Episode: 3245, Reward: 64.1271, success: 19, fail: 6
Episode: 3246, Reward: 54.3216, success: 18, fail: 7
Episode: 3247, Reward: 53.6165, success: 18, fail: 7
Episode: 3248, Reward: 63.6442, success: 19, fail: 6
Episode: 3249, Reward: 53.5060, success: 18, fail: 7
Episode: 3250, Reward: 63.9091, success: 19, fail: 6
Episode: 3251, Reward: 54.1962, success: 18, fail: 7
Episode: 3252, Reward: 62.8969, success: 19, fail: 6
Episode: 3253, Reward: 73.7099, success: 20, fail: 5
Episode: 3254, Reward: 63.7734, success: 19, fail: 6
Episode: 3255, Reward: 63.8397, success: 19, fail: 6
Episode: 3256, Reward: 55.1304, success: 18, fail: 7
Episode: 3257, Reward: 83.4272, success: 21, fail: 4
Episode: 3258, Reward: 63.7624, success: 19, fail: 6
Episode: 3259, Reward: 52.2446, success: 18, fail: 7
Episode: 3260, Reward: 72.0910, success: 20, fail: 5
Episode: 3261, Reward: 73.6424, success: 20, fail: 5
Episode: 3262, Reward: 53.5897, success: 18, fail: 7
Episode: 3263, Reward: 54.0297, success: 18, fail: 7
Episode: 3264, Reward: 73.6019, success: 20, fail: 5
Episode: 3265, Reward: 74.7123, success: 20, fail: 5
Episode: 3266, Reward: 44.5458, success: 17, fail: 8
Episode: 3267, Reward: 93.8427, success: 22, fail: 3
Episode: 3268, Reward: 83.2147, success: 21, fail: 4
Episode: 3269, Reward: 73.6763, success: 20, fail: 5
Episode: 3270, Reward: 44.0632, success: 17, fail: 8
Episode: 3271, Reward: 63.8657, success: 19, fail: 6
Episode: 3272, Reward: 73.8179, success: 20, fail: 5
Episode: 3273, Reward: 64.5275, success: 19, fail: 6
Episode: 3274, Reward: 54.3357, success: 18, fail: 7
Episode: 3275, Reward: 62.9333, success: 19, fail: 6
Episode: 3276, Reward: 54.4112, success: 18, fail: 7
Episode: 3277, Reward: 54.7036, success: 18, fail: 7
Episode: 3278, Reward: 54.4028, success: 18, fail: 7
Episode: 3279, Reward: 63.6382, success: 19, fail: 6
Episode: 3280, Reward: 53.5003, success: 18, fail: 7
Episode: 3281, Reward: 53.3591, success: 18, fail: 7
Episode: 3282, Reward: 53.3833, success: 18, fail: 7
Episode: 3283, Reward: 73.5968, success: 20, fail: 5
Episode: 3284, Reward: 53.6494, success: 18, fail: 7
Episode: 3285, Reward: 53.0642, success: 18, fail: 7
Episode: 3286, Reward: 53.7788, success: 18, fail: 7
Episode: 3287, Reward: 73.3752, success: 20, fail: 5
Episode: 3288, Reward: 64.8120, success: 19, fail: 6
Episode: 3289, Reward: 74.5435, success: 20, fail: 5
Episode: 3290, Reward: 64.0214, success: 19, fail: 6
Episode: 3291, Reward: 63.2313, success: 19, fail: 6
Episode: 3292, Reward: 53.5700, success: 18, fail: 7
Episode: 3293, Reward: 43.1576, success: 17, fail: 8
Episode: 3294, Reward: 54.1077, success: 18, fail: 7
Episode: 3295, Reward: 54.1860, success: 18, fail: 7
Episode: 3296, Reward: 73.9726, success: 20, fail: 5
Episode: 3297, Reward: 63.3145, success: 19, fail: 6
Episode: 3298, Reward: 64.1203, success: 19, fail: 6
Episode: 3299, Reward: 63.6511, success: 19, fail: 6
Episode: 3300, Reward: 74.1900, success: 20, fail: 5
Episode: 3301, Reward: 53.7253, success: 18, fail: 7
Episode: 3302, Reward: 53.7646, success: 18, fail: 7
Episode: 3303, Reward: 43.8569, success: 17, fail: 8
Episode: 3304, Reward: 73.7032, success: 20, fail: 5
Episode: 3305, Reward: 33.7326, success: 16, fail: 9
Episode: 3306, Reward: 64.0281, success: 19, fail: 6
Episode: 3307, Reward: 62.9801, success: 19, fail: 6
Episode: 3308, Reward: 73.4127, success: 20, fail: 5
Episode: 3309, Reward: 43.3045, success: 17, fail: 8
Episode: 3310, Reward: 73.9438, success: 20, fail: 5
Episode: 3311, Reward: 44.0175, success: 17, fail: 8
Episode: 3312, Reward: 74.3485, success: 20, fail: 5
Episode: 3313, Reward: 74.0062, success: 20, fail: 5
Episode: 3314, Reward: 53.8734, success: 18, fail: 7
Episode: 3315, Reward: 84.1869, success: 21, fail: 4
Episode: 3316, Reward: 63.3425, success: 19, fail: 6
Episode: 3317, Reward: 63.7620, success: 19, fail: 6
Episode: 3318, Reward: 53.3747, success: 18, fail: 7
Episode: 3319, Reward: 74.4342, success: 20, fail: 5
Episode: 3320, Reward: 53.4849, success: 18, fail: 7
Episode: 3321, Reward: 73.5259, success: 20, fail: 5
Episode: 3322, Reward: 74.9638, success: 20, fail: 5
Episode: 3323, Reward: 43.3306, success: 17, fail: 8
Episode: 3324, Reward: 63.8136, success: 19, fail: 6
Episode: 3325, Reward: 42.8983, success: 17, fail: 8
Episode: 3326, Reward: 43.9559, success: 17, fail: 8
Episode: 3327, Reward: 53.9073, success: 18, fail: 7
Episode: 3328, Reward: 64.0377, success: 19, fail: 6
Episode: 3329, Reward: 63.3466, success: 19, fail: 6
Episode: 3330, Reward: 63.7629, success: 19, fail: 6
Episode: 3331, Reward: 44.2621, success: 17, fail: 8
Episode: 3332, Reward: 63.6251, success: 19, fail: 6
Episode: 3333, Reward: 33.3464, success: 16, fail: 9
Episode: 3334, Reward: 54.0950, success: 18, fail: 7
Episode: 3335, Reward: 73.5521, success: 20, fail: 5
Episode: 3336, Reward: 63.9715, success: 19, fail: 6
Episode: 3337, Reward: 74.0766, success: 20, fail: 5
Episode: 3338, Reward: 44.7589, success: 17, fail: 8
Episode: 3339, Reward: 54.4936, success: 18, fail: 7
Episode: 3340, Reward: 53.8318, success: 18, fail: 7
Episode: 3341, Reward: 43.9236, success: 17, fail: 8
Episode: 3342, Reward: 43.7828, success: 17, fail: 8
Episode: 3343, Reward: 54.8513, success: 18, fail: 7
Episode: 3344, Reward: 53.7366, success: 18, fail: 7
Episode: 3345, Reward: 54.6543, success: 18, fail: 7
Episode: 3346, Reward: 53.7720, success: 18, fail: 7
Episode: 3347, Reward: 43.7955, success: 17, fail: 8
Episode: 3348, Reward: 74.0327, success: 20, fail: 5
Episode: 3349, Reward: 73.4957, success: 20, fail: 5
Episode: 3350, Reward: 63.7974, success: 19, fail: 6
Episode: 3351, Reward: 74.4419, success: 20, fail: 5
Episode: 3352, Reward: 64.0631, success: 19, fail: 6
Episode: 3353, Reward: 54.3113, success: 18, fail: 7
Episode: 3354, Reward: 44.2873, success: 17, fail: 8
Episode: 3355, Reward: 63.3400, success: 19, fail: 6
Episode: 3356, Reward: 64.0809, success: 19, fail: 6
Episode: 3357, Reward: 73.4499, success: 20, fail: 5
Episode: 3358, Reward: 54.1239, success: 18, fail: 7
Episode: 3359, Reward: 72.9703, success: 20, fail: 5
Episode: 3360, Reward: 63.5218, success: 19, fail: 6
Episode: 3361, Reward: 84.4014, success: 21, fail: 4
Episode: 3362, Reward: 63.8615, success: 19, fail: 6
Episode: 3363, Reward: 53.9995, success: 18, fail: 7
Episode: 3364, Reward: 54.3857, success: 18, fail: 7
Episode: 3365, Reward: 44.4438, success: 17, fail: 8
Episode: 3366, Reward: 53.3924, success: 18, fail: 7
Episode: 3367, Reward: 63.8362, success: 19, fail: 6
Episode: 3368, Reward: 54.2139, success: 18, fail: 7
Episode: 3369, Reward: 64.5297, success: 19, fail: 6
Episode: 3370, Reward: 54.4231, success: 18, fail: 7
Episode: 3371, Reward: 44.2000, success: 17, fail: 8
Episode: 3372, Reward: 63.0581, success: 19, fail: 6
Episode: 3373, Reward: 54.1739, success: 18, fail: 7
Episode: 3374, Reward: 64.2624, success: 19, fail: 6
Episode: 3375, Reward: 44.5760, success: 17, fail: 8
Episode: 3376, Reward: 44.9386, success: 17, fail: 8
Episode: 3377, Reward: 64.0623, success: 19, fail: 6
Episode: 3378, Reward: 64.4511, success: 19, fail: 6
Episode: 3379, Reward: 63.3832, success: 19, fail: 6
Episode: 3380, Reward: 74.5041, success: 20, fail: 5
Episode: 3381, Reward: 44.4020, success: 17, fail: 8
Episode: 3382, Reward: 63.8527, success: 19, fail: 6
Episode: 3383, Reward: 54.2296, success: 18, fail: 7
Episode: 3384, Reward: 63.8607, success: 19, fail: 6
Episode: 3385, Reward: 34.1647, success: 16, fail: 9
Episode: 3386, Reward: 53.9052, success: 18, fail: 7
Episode: 3387, Reward: 74.0467, success: 20, fail: 5
Episode: 3388, Reward: 44.5338, success: 17, fail: 8
Episode: 3389, Reward: 64.2313, success: 19, fail: 6
Episode: 3390, Reward: 73.5830, success: 20, fail: 5
Episode: 3391, Reward: 33.8331, success: 16, fail: 9
Episode: 3392, Reward: 74.6652, success: 20, fail: 5
Episode: 3393, Reward: 54.2498, success: 18, fail: 7
Episode: 3394, Reward: 74.5680, success: 20, fail: 5
Episode: 3395, Reward: 53.9539, success: 18, fail: 7
Episode: 3396, Reward: 63.9287, success: 19, fail: 6
Episode: 3397, Reward: 14.8839, success: 14, fail: 11
Episode: 3398, Reward: 63.9966, success: 19, fail: 6
Episode: 3399, Reward: 65.0487, success: 19, fail: 6
Episode: 3400, Reward: 64.0101, success: 19, fail: 6
Episode: 3401, Reward: 44.8811, success: 17, fail: 8
Episode: 3402, Reward: 54.6221, success: 18, fail: 7
Episode: 3403, Reward: 54.8916, success: 18, fail: 7
Episode: 3404, Reward: 54.7636, success: 18, fail: 7
Episode: 3405, Reward: 44.5015, success: 17, fail: 8
Episode: 3406, Reward: 75.7476, success: 20, fail: 5
Episode: 3407, Reward: 72.8173, success: 20, fail: 5
Episode: 3408, Reward: 64.7730, success: 19, fail: 6
Episode: 3409, Reward: 44.7834, success: 17, fail: 8
Episode: 3410, Reward: 54.4185, success: 18, fail: 7
Episode: 3411, Reward: 64.4600, success: 19, fail: 6
Episode: 3412, Reward: 54.0371, success: 18, fail: 7
Episode: 3413, Reward: 64.4526, success: 19, fail: 6
Episode: 3414, Reward: 64.8496, success: 19, fail: 6
Episode: 3415, Reward: 64.1874, success: 19, fail: 6
Episode: 3416, Reward: 64.2707, success: 19, fail: 6
Episode: 3417, Reward: 64.8203, success: 19, fail: 6
Episode: 3418, Reward: 75.1043, success: 20, fail: 5
Episode: 3419, Reward: 54.5818, success: 18, fail: 7
Episode: 3420, Reward: 54.5831, success: 18, fail: 7
Episode: 3421, Reward: 64.5119, success: 19, fail: 6
Episode: 3422, Reward: 74.3943, success: 20, fail: 5
Episode: 3423, Reward: 43.4911, success: 17, fail: 8
Episode: 3424, Reward: 62.9671, success: 19, fail: 6
Episode: 3425, Reward: 63.9427, success: 19, fail: 6
Episode: 3426, Reward: 54.5362, success: 18, fail: 7
Episode: 3427, Reward: 73.5699, success: 20, fail: 5
Episode: 3428, Reward: 64.4074, success: 19, fail: 6
Episode: 3429, Reward: 64.4217, success: 19, fail: 6
Episode: 3430, Reward: 74.1495, success: 20, fail: 5
Episode: 3431, Reward: 65.0517, success: 19, fail: 6
Episode: 3432, Reward: 63.0630, success: 19, fail: 6
Episode: 3433, Reward: 83.4790, success: 21, fail: 4
Episode: 3434, Reward: 84.2917, success: 21, fail: 4
Episode: 3435, Reward: 54.8845, success: 18, fail: 7
Episode: 3436, Reward: 64.2865, success: 19, fail: 6
Episode: 3437, Reward: 64.1857, success: 19, fail: 6
Episode: 3438, Reward: 54.5883, success: 18, fail: 7
Episode: 3439, Reward: 63.0683, success: 19, fail: 6
Episode: 3440, Reward: 84.4470, success: 21, fail: 4
Episode: 3441, Reward: 73.8421, success: 20, fail: 5
Episode: 3442, Reward: 63.2364, success: 19, fail: 6
Episode: 3443, Reward: 74.1477, success: 20, fail: 5
Episode: 3444, Reward: 63.4917, success: 19, fail: 6
Episode: 3445, Reward: 74.0645, success: 20, fail: 5
Episode: 3446, Reward: 74.5708, success: 20, fail: 5
Episode: 3447, Reward: 63.3340, success: 19, fail: 6
Episode: 3448, Reward: 64.1976, success: 19, fail: 6
Episode: 3449, Reward: 83.9582, success: 21, fail: 4
Episode: 3450, Reward: 63.0194, success: 19, fail: 6
Episode: 3451, Reward: 63.3427, success: 19, fail: 6
Episode: 3452, Reward: 62.9066, success: 19, fail: 6
Episode: 3453, Reward: 73.5857, success: 20, fail: 5
Episode: 3454, Reward: 43.5861, success: 17, fail: 8
Episode: 3455, Reward: 44.0807, success: 17, fail: 8
Episode: 3456, Reward: 43.6781, success: 17, fail: 8
Episode: 3457, Reward: 84.0848, success: 21, fail: 4
Episode: 3458, Reward: 63.2923, success: 19, fail: 6
Episode: 3459, Reward: 64.1397, success: 19, fail: 6
Episode: 3460, Reward: 43.6351, success: 17, fail: 8
Episode: 3461, Reward: 72.3726, success: 20, fail: 5
Episode: 3462, Reward: 83.6649, success: 21, fail: 4
Episode: 3463, Reward: 84.0271, success: 21, fail: 4
Episode: 3464, Reward: 63.7749, success: 19, fail: 6
Episode: 3465, Reward: 52.8061, success: 18, fail: 7
Episode: 3466, Reward: 83.7845, success: 21, fail: 4
Episode: 3467, Reward: 73.2249, success: 20, fail: 5
Episode: 3468, Reward: 72.6971, success: 20, fail: 5
Episode: 3469, Reward: 53.0122, success: 18, fail: 7
Episode: 3470, Reward: 72.7907, success: 20, fail: 5
Episode: 3471, Reward: 74.3392, success: 20, fail: 5
Episode: 3472, Reward: 63.1106, success: 19, fail: 6
Episode: 3473, Reward: 83.7490, success: 21, fail: 4
Episode: 3474, Reward: 73.1402, success: 20, fail: 5
Episode: 3475, Reward: 72.2477, success: 20, fail: 5
Episode: 3476, Reward: 42.8895, success: 17, fail: 8
Episode: 3477, Reward: 63.2518, success: 19, fail: 6
Episode: 3478, Reward: 53.1544, success: 18, fail: 7
Episode: 3479, Reward: 64.0305, success: 19, fail: 6
Episode: 3480, Reward: 63.2935, success: 19, fail: 6
Episode: 3481, Reward: 63.0910, success: 19, fail: 6
Episode: 3482, Reward: 63.2384, success: 19, fail: 6
Episode: 3483, Reward: 61.8207, success: 19, fail: 6
Episode: 3484, Reward: 53.6467, success: 18, fail: 7
Episode: 3485, Reward: 73.1936, success: 20, fail: 5
Episode: 3486, Reward: 53.2420, success: 18, fail: 7
Episode: 3487, Reward: 73.6769, success: 20, fail: 5
Episode: 3488, Reward: 62.6429, success: 19, fail: 6
Episode: 3489, Reward: 52.4433, success: 18, fail: 7
Episode: 3490, Reward: 43.4240, success: 17, fail: 8
Episode: 3491, Reward: 83.3880, success: 21, fail: 4
Episode: 3492, Reward: 62.2076, success: 19, fail: 6
Episode: 3493, Reward: 53.7418, success: 18, fail: 7
Episode: 3494, Reward: 62.9083, success: 19, fail: 6
Episode: 3495, Reward: 72.1182, success: 20, fail: 5
Episode: 3496, Reward: 83.4490, success: 21, fail: 4
Episode: 3497, Reward: 63.1368, success: 19, fail: 6
Episode: 3498, Reward: 73.6536, success: 20, fail: 5
Episode: 3499, Reward: 62.4419, success: 19, fail: 6
Episode: 3500, Reward: 73.3785, success: 20, fail: 5
Episode: 3501, Reward: 63.2535, success: 19, fail: 6
Episode: 3502, Reward: 63.1698, success: 19, fail: 6
Episode: 3503, Reward: 63.5820, success: 19, fail: 6
Episode: 3504, Reward: 63.2747, success: 19, fail: 6
Episode: 3505, Reward: 72.7699, success: 20, fail: 5
Episode: 3506, Reward: 72.8712, success: 20, fail: 5
Episode: 3507, Reward: 72.8878, success: 20, fail: 5
Episode: 3508, Reward: 72.9736, success: 20, fail: 5
Episode: 3509, Reward: 73.5442, success: 20, fail: 5
Episode: 3510, Reward: 62.0624, success: 19, fail: 6
Episode: 3511, Reward: 53.4103, success: 18, fail: 7
Episode: 3512, Reward: 63.7648, success: 19, fail: 6
Episode: 3513, Reward: 52.7397, success: 18, fail: 7
Episode: 3514, Reward: 54.6031, success: 18, fail: 7
Episode: 3515, Reward: 83.4575, success: 21, fail: 4
Episode: 3516, Reward: 73.5258, success: 20, fail: 5
Episode: 3517, Reward: 73.7439, success: 20, fail: 5
Episode: 3518, Reward: 74.3772, success: 20, fail: 5
Episode: 3519, Reward: 53.5243, success: 18, fail: 7
Episode: 3520, Reward: 63.0435, success: 19, fail: 6
Episode: 3521, Reward: 82.6000, success: 21, fail: 4
Episode: 3522, Reward: 74.1625, success: 20, fail: 5
Episode: 3523, Reward: 53.7027, success: 18, fail: 7
Episode: 3524, Reward: 73.7264, success: 20, fail: 5
Episode: 3525, Reward: 43.8526, success: 17, fail: 8
Episode: 3526, Reward: 62.9770, success: 19, fail: 6
Episode: 3527, Reward: 74.0309, success: 20, fail: 5
Episode: 3528, Reward: 64.2454, success: 19, fail: 6
Episode: 3529, Reward: 43.4603, success: 17, fail: 8
Episode: 3530, Reward: 73.1671, success: 20, fail: 5
Episode: 3531, Reward: 64.5359, success: 19, fail: 6
Episode: 3532, Reward: 83.7389, success: 21, fail: 4
Episode: 3533, Reward: 63.0396, success: 19, fail: 6
Episode: 3534, Reward: 62.9901, success: 19, fail: 6
Episode: 3535, Reward: 73.4839, success: 20, fail: 5
Episode: 3536, Reward: 73.4621, success: 20, fail: 5
Episode: 3537, Reward: 53.7123, success: 18, fail: 7
Episode: 3538, Reward: 52.4008, success: 18, fail: 7
Episode: 3539, Reward: 74.3325, success: 20, fail: 5
Episode: 3540, Reward: 72.7870, success: 20, fail: 5
Episode: 3541, Reward: 62.4992, success: 19, fail: 6
Episode: 3542, Reward: 52.5337, success: 18, fail: 7
Episode: 3543, Reward: 63.0868, success: 19, fail: 6
Episode: 3544, Reward: 84.2434, success: 21, fail: 4
Episode: 3545, Reward: 73.9901, success: 20, fail: 5
Episode: 3546, Reward: 53.7559, success: 18, fail: 7
Episode: 3547, Reward: 73.7029, success: 20, fail: 5
Episode: 3548, Reward: 53.7838, success: 18, fail: 7
Episode: 3549, Reward: 73.1969, success: 20, fail: 5
Episode: 3550, Reward: 73.6278, success: 20, fail: 5
Episode: 3551, Reward: 63.3170, success: 19, fail: 6
Episode: 3552, Reward: 64.4644, success: 19, fail: 6
Episode: 3553, Reward: 74.1660, success: 20, fail: 5
Episode: 3554, Reward: 73.3592, success: 20, fail: 5
Episode: 3555, Reward: 43.3131, success: 17, fail: 8
Episode: 3556, Reward: 73.7713, success: 20, fail: 5
Episode: 3557, Reward: 62.5718, success: 19, fail: 6
Episode: 3558, Reward: 82.9857, success: 21, fail: 4
Episode: 3559, Reward: 63.8620, success: 19, fail: 6
Episode: 3560, Reward: 63.4412, success: 19, fail: 6
Episode: 3561, Reward: 62.7937, success: 19, fail: 6
Episode: 3562, Reward: 54.4415, success: 18, fail: 7
Episode: 3563, Reward: 72.7391, success: 20, fail: 5
Episode: 3564, Reward: 53.2125, success: 18, fail: 7
Episode: 3565, Reward: 83.4317, success: 21, fail: 4
Episode: 3566, Reward: 53.5681, success: 18, fail: 7
Episode: 3567, Reward: 64.6030, success: 19, fail: 6
Episode: 3568, Reward: 63.1452, success: 19, fail: 6
Episode: 3569, Reward: 63.3338, success: 19, fail: 6
Episode: 3570, Reward: 83.2768, success: 21, fail: 4
Episode: 3571, Reward: 62.2319, success: 19, fail: 6
Episode: 3572, Reward: 63.6719, success: 19, fail: 6
Episode: 3573, Reward: 53.1818, success: 18, fail: 7
Episode: 3574, Reward: 82.6195, success: 21, fail: 4
Episode: 3575, Reward: 61.7197, success: 19, fail: 6
Episode: 3576, Reward: 73.4292, success: 20, fail: 5
Episode: 3577, Reward: 73.0004, success: 20, fail: 5
Episode: 3578, Reward: 83.8948, success: 21, fail: 4
Episode: 3579, Reward: 51.6869, success: 18, fail: 7
Episode: 3580, Reward: 63.0554, success: 19, fail: 6
Episode: 3581, Reward: 73.5205, success: 20, fail: 5
Episode: 3582, Reward: 83.4270, success: 21, fail: 4
Episode: 3583, Reward: 63.8137, success: 19, fail: 6
Episode: 3584, Reward: 63.1741, success: 19, fail: 6
Episode: 3585, Reward: 72.4560, success: 20, fail: 5
Episode: 3586, Reward: 73.6297, success: 20, fail: 5
Episode: 3587, Reward: 74.6905, success: 20, fail: 5
Episode: 3588, Reward: 53.5199, success: 18, fail: 7
Episode: 3589, Reward: 73.2741, success: 20, fail: 5
Episode: 3590, Reward: 53.4118, success: 18, fail: 7
Episode: 3591, Reward: 74.0204, success: 20, fail: 5
Episode: 3592, Reward: 73.4253, success: 20, fail: 5
Episode: 3593, Reward: 63.6844, success: 19, fail: 6
Episode: 3594, Reward: 63.7560, success: 19, fail: 6
Episode: 3595, Reward: 42.4899, success: 17, fail: 8
Episode: 3596, Reward: 73.5437, success: 20, fail: 5
Episode: 3597, Reward: 73.1596, success: 20, fail: 5
Episode: 3598, Reward: 63.1424, success: 19, fail: 6
Episode: 3599, Reward: 73.1983, success: 20, fail: 5
Episode: 3600, Reward: 84.0828, success: 21, fail: 4
Episode: 3601, Reward: 83.2361, success: 21, fail: 4
Episode: 3602, Reward: 72.3182, success: 20, fail: 5
Episode: 3603, Reward: 63.6223, success: 19, fail: 6
Episode: 3604, Reward: 74.3944, success: 20, fail: 5
Episode: 3605, Reward: 73.8804, success: 20, fail: 5
Episode: 3606, Reward: 63.2961, success: 19, fail: 6
Episode: 3607, Reward: 73.4563, success: 20, fail: 5
Episode: 3608, Reward: 44.5609, success: 17, fail: 8
Episode: 3609, Reward: 71.4708, success: 20, fail: 5
Episode: 3610, Reward: 73.1269, success: 20, fail: 5
Episode: 3611, Reward: 72.4207, success: 20, fail: 5
Episode: 3612, Reward: 62.4156, success: 19, fail: 6
Episode: 3613, Reward: 91.4352, success: 22, fail: 3
Episode: 3614, Reward: 83.2751, success: 21, fail: 4
Episode: 3615, Reward: 72.6539, success: 20, fail: 5
Episode: 3616, Reward: 62.6667, success: 19, fail: 6
Episode: 3617, Reward: 72.6229, success: 20, fail: 5
Episode: 3618, Reward: 72.9289, success: 20, fail: 5
Episode: 3619, Reward: 73.5276, success: 20, fail: 5
Episode: 3620, Reward: 64.9680, success: 19, fail: 6
Episode: 3621, Reward: 73.5407, success: 20, fail: 5
Episode: 3622, Reward: 64.0594, success: 19, fail: 6
Episode: 3623, Reward: 82.4467, success: 21, fail: 4
Episode: 3624, Reward: 53.6340, success: 18, fail: 7
Episode: 3625, Reward: 83.8595, success: 21, fail: 4
Episode: 3626, Reward: 61.2377, success: 19, fail: 6
Episode: 3627, Reward: 63.0850, success: 19, fail: 6
Episode: 3628, Reward: 82.9019, success: 21, fail: 4
Episode: 3629, Reward: 82.1145, success: 21, fail: 4
Episode: 3630, Reward: 71.9167, success: 20, fail: 5
Episode: 3631, Reward: 54.2058, success: 18, fail: 7
Episode: 3632, Reward: 72.6569, success: 20, fail: 5
Episode: 3633, Reward: 72.6705, success: 20, fail: 5
Episode: 3634, Reward: 83.1847, success: 21, fail: 4
Episode: 3635, Reward: 74.1993, success: 20, fail: 5
Episode: 3636, Reward: 62.8866, success: 19, fail: 6
Episode: 3637, Reward: 72.9764, success: 20, fail: 5
Episode: 3638, Reward: 72.9439, success: 20, fail: 5
Episode: 3639, Reward: 82.9632, success: 21, fail: 4
Episode: 3640, Reward: 84.0457, success: 21, fail: 4
Episode: 3641, Reward: 73.4319, success: 20, fail: 5
Episode: 3642, Reward: 63.6857, success: 19, fail: 6
Episode: 3643, Reward: 83.4792, success: 21, fail: 4
Episode: 3644, Reward: 63.7714, success: 19, fail: 6
Episode: 3645, Reward: 82.5709, success: 21, fail: 4
Episode: 3646, Reward: 93.3588, success: 22, fail: 3
Episode: 3647, Reward: 73.6625, success: 20, fail: 5
Episode: 3648, Reward: 82.6462, success: 21, fail: 4
Episode: 3649, Reward: 72.4285, success: 20, fail: 5
Episode: 3650, Reward: 72.8517, success: 20, fail: 5
Episode: 3651, Reward: 73.6104, success: 20, fail: 5
Episode: 3652, Reward: 84.3705, success: 21, fail: 4
Episode: 3653, Reward: 83.5031, success: 21, fail: 4
Episode: 3654, Reward: 62.2768, success: 19, fail: 6
Episode: 3655, Reward: 72.8039, success: 20, fail: 5
Episode: 3656, Reward: 62.7591, success: 19, fail: 6
Episode: 3657, Reward: 63.0015, success: 19, fail: 6
Episode: 3658, Reward: 83.8798, success: 21, fail: 4
Episode: 3659, Reward: 83.4078, success: 21, fail: 4
Episode: 3660, Reward: 74.2642, success: 20, fail: 5
Episode: 3661, Reward: 41.9872, success: 17, fail: 8
Episode: 3662, Reward: 53.9589, success: 18, fail: 7
Episode: 3663, Reward: 52.7650, success: 18, fail: 7
Episode: 3664, Reward: 73.8916, success: 20, fail: 5
Episode: 3665, Reward: 43.4487, success: 17, fail: 8
Episode: 3666, Reward: 74.2075, success: 20, fail: 5
Episode: 3667, Reward: 83.4025, success: 21, fail: 4
Episode: 3668, Reward: 63.3540, success: 19, fail: 6
Episode: 3669, Reward: 92.8548, success: 22, fail: 3
Episode: 3670, Reward: 74.5054, success: 20, fail: 5
Episode: 3671, Reward: 74.0593, success: 20, fail: 5
Episode: 3672, Reward: 74.3260, success: 20, fail: 5
Episode: 3673, Reward: 83.7223, success: 21, fail: 4
Episode: 3674, Reward: 53.9500, success: 18, fail: 7
Episode: 3675, Reward: 84.3165, success: 21, fail: 4
Episode: 3676, Reward: 84.1981, success: 21, fail: 4
Episode: 3677, Reward: 54.0025, success: 18, fail: 7
Episode: 3678, Reward: 94.5872, success: 22, fail: 3
Episode: 3679, Reward: 73.9482, success: 20, fail: 5
Episode: 3680, Reward: 73.5155, success: 20, fail: 5
Episode: 3681, Reward: 84.3930, success: 21, fail: 4
Episode: 3682, Reward: 74.5344, success: 20, fail: 5
Episode: 3683, Reward: 84.3615, success: 21, fail: 4
Episode: 3684, Reward: 84.0447, success: 21, fail: 4
Episode: 3685, Reward: 74.2991, success: 20, fail: 5
Episode: 3686, Reward: 74.7616, success: 20, fail: 5
Episode: 3687, Reward: 53.5170, success: 18, fail: 7
Episode: 3688, Reward: 64.5294, success: 19, fail: 6
Episode: 3689, Reward: 63.1519, success: 19, fail: 6
Episode: 3690, Reward: 64.5019, success: 19, fail: 6
Episode: 3691, Reward: 53.3473, success: 18, fail: 7
Episode: 3692, Reward: 54.2167, success: 18, fail: 7
Episode: 3693, Reward: 63.2478, success: 19, fail: 6
Episode: 3694, Reward: 53.7594, success: 18, fail: 7
Episode: 3695, Reward: 63.2817, success: 19, fail: 6
Episode: 3696, Reward: 94.1432, success: 22, fail: 3
Episode: 3697, Reward: 72.4945, success: 20, fail: 5
Episode: 3698, Reward: 73.8302, success: 20, fail: 5
Episode: 3699, Reward: 72.1330, success: 20, fail: 5
Episode: 3700, Reward: 82.9963, success: 21, fail: 4
Episode: 3701, Reward: 83.0435, success: 21, fail: 4
Episode: 3702, Reward: 82.8963, success: 21, fail: 4
Episode: 3703, Reward: 62.3929, success: 19, fail: 6
Episode: 3704, Reward: 84.4269, success: 21, fail: 4
Episode: 3705, Reward: 74.4089, success: 20, fail: 5
Episode: 3706, Reward: 53.7458, success: 18, fail: 7
Episode: 3707, Reward: 53.3217, success: 18, fail: 7
Episode: 3708, Reward: 73.0827, success: 20, fail: 5
Episode: 3709, Reward: 72.9151, success: 20, fail: 5
Episode: 3710, Reward: 45.2251, success: 17, fail: 8
Episode: 3711, Reward: 83.6568, success: 21, fail: 4
Episode: 3712, Reward: 94.4165, success: 22, fail: 3
Episode: 3713, Reward: 54.9870, success: 18, fail: 7
Episode: 3714, Reward: 94.7723, success: 22, fail: 3
Episode: 3715, Reward: 63.5827, success: 19, fail: 6
Episode: 3716, Reward: 54.2502, success: 18, fail: 7
Episode: 3717, Reward: 73.9963, success: 20, fail: 5
Episode: 3718, Reward: 54.2600, success: 18, fail: 7
Episode: 3719, Reward: 64.1895, success: 19, fail: 6
Episode: 3720, Reward: 63.8549, success: 19, fail: 6
Episode: 3721, Reward: 53.9807, success: 18, fail: 7
Episode: 3722, Reward: 62.5338, success: 19, fail: 6
Episode: 3723, Reward: 74.0928, success: 20, fail: 5
Episode: 3724, Reward: 74.4451, success: 20, fail: 5
Episode: 3725, Reward: 54.0950, success: 18, fail: 7
Episode: 3726, Reward: 54.9838, success: 18, fail: 7
Episode: 3727, Reward: 74.2367, success: 20, fail: 5
Episode: 3728, Reward: 63.3781, success: 19, fail: 6
Episode: 3729, Reward: 43.8149, success: 17, fail: 8
Episode: 3730, Reward: 64.0812, success: 19, fail: 6
Episode: 3731, Reward: 63.1426, success: 19, fail: 6
Episode: 3732, Reward: 52.8111, success: 18, fail: 7
Episode: 3733, Reward: 64.1257, success: 19, fail: 6
Episode: 3734, Reward: 63.9741, success: 19, fail: 6
Episode: 3735, Reward: 43.3406, success: 17, fail: 8
Episode: 3736, Reward: 73.7251, success: 20, fail: 5
Episode: 3737, Reward: 62.7676, success: 19, fail: 6
Episode: 3738, Reward: 43.8931, success: 17, fail: 8
Episode: 3739, Reward: 74.0933, success: 20, fail: 5
Episode: 3740, Reward: 74.7045, success: 20, fail: 5
Episode: 3741, Reward: 84.6078, success: 21, fail: 4
Episode: 3742, Reward: 82.9777, success: 21, fail: 4
Episode: 3743, Reward: 63.4795, success: 19, fail: 6
Episode: 3744, Reward: 94.6548, success: 22, fail: 3
Episode: 3745, Reward: 73.6561, success: 20, fail: 5
Episode: 3746, Reward: 84.3653, success: 21, fail: 4
Episode: 3747, Reward: 63.7868, success: 19, fail: 6
Episode: 3748, Reward: 74.0397, success: 20, fail: 5
Episode: 3749, Reward: 74.3744, success: 20, fail: 5
Episode: 3750, Reward: 74.0222, success: 20, fail: 5
Episode: 3751, Reward: 54.1278, success: 18, fail: 7
Episode: 3752, Reward: 73.4620, success: 20, fail: 5
Episode: 3753, Reward: 64.1890, success: 19, fail: 6
Episode: 3754, Reward: 64.3962, success: 19, fail: 6
Episode: 3755, Reward: 73.9121, success: 20, fail: 5
Episode: 3756, Reward: 53.4222, success: 18, fail: 7
Episode: 3757, Reward: 54.0217, success: 18, fail: 7
Episode: 3758, Reward: 63.9274, success: 19, fail: 6
Episode: 3759, Reward: 63.7255, success: 19, fail: 6
Episode: 3760, Reward: 53.6324, success: 18, fail: 7
Episode: 3761, Reward: 63.4696, success: 19, fail: 6
Episode: 3762, Reward: 74.4323, success: 20, fail: 5
Episode: 3763, Reward: 64.3751, success: 19, fail: 6
Episode: 3764, Reward: 73.9887, success: 20, fail: 5
Episode: 3765, Reward: 72.5931, success: 20, fail: 5
Episode: 3766, Reward: 72.9849, success: 20, fail: 5
Episode: 3767, Reward: 63.6691, success: 19, fail: 6
Episode: 3768, Reward: 83.2723, success: 21, fail: 4
Episode: 3769, Reward: 72.3504, success: 20, fail: 5
Episode: 3770, Reward: 63.6443, success: 19, fail: 6
Episode: 3771, Reward: 63.2863, success: 19, fail: 6
Episode: 3772, Reward: 73.7391, success: 20, fail: 5
Episode: 3773, Reward: 64.0775, success: 19, fail: 6
Episode: 3774, Reward: 73.8635, success: 20, fail: 5
Episode: 3775, Reward: 73.3936, success: 20, fail: 5
Episode: 3776, Reward: 64.6352, success: 19, fail: 6
Episode: 3777, Reward: 74.2717, success: 20, fail: 5
Episode: 3778, Reward: 73.1255, success: 20, fail: 5
Episode: 3779, Reward: 42.4093, success: 17, fail: 8
Episode: 3780, Reward: 52.9733, success: 18, fail: 7
Episode: 3781, Reward: 53.2059, success: 18, fail: 7
Episode: 3782, Reward: 54.5429, success: 18, fail: 7
Episode: 3783, Reward: 73.3827, success: 20, fail: 5
Episode: 3784, Reward: 63.6891, success: 19, fail: 6
Episode: 3785, Reward: 71.7534, success: 20, fail: 5
Episode: 3786, Reward: 83.9677, success: 21, fail: 4
Episode: 3787, Reward: 53.7410, success: 18, fail: 7
Episode: 3788, Reward: 73.5061, success: 20, fail: 5
Episode: 3789, Reward: 64.9059, success: 19, fail: 6
Episode: 3790, Reward: 84.7448, success: 21, fail: 4
Episode: 3791, Reward: 63.3656, success: 19, fail: 6
Episode: 3792, Reward: 63.4954, success: 19, fail: 6
Episode: 3793, Reward: 72.9491, success: 20, fail: 5
Episode: 3794, Reward: 63.5700, success: 19, fail: 6
Episode: 3795, Reward: 73.9991, success: 20, fail: 5
Episode: 3796, Reward: 53.7421, success: 18, fail: 7
Episode: 3797, Reward: 73.4531, success: 20, fail: 5
Episode: 3798, Reward: 74.2860, success: 20, fail: 5
Episode: 3799, Reward: 83.7654, success: 21, fail: 4
Episode: 3800, Reward: 62.8616, success: 19, fail: 6
Episode: 3801, Reward: 63.4440, success: 19, fail: 6
Episode: 3802, Reward: 53.2944, success: 18, fail: 7
Episode: 3803, Reward: 53.5990, success: 18, fail: 7
Episode: 3804, Reward: 73.4296, success: 20, fail: 5
Episode: 3805, Reward: 83.6642, success: 21, fail: 4
Episode: 3806, Reward: 63.5648, success: 19, fail: 6
Episode: 3807, Reward: 84.3472, success: 21, fail: 4
Episode: 3808, Reward: 64.1473, success: 19, fail: 6
Episode: 3809, Reward: 73.4901, success: 20, fail: 5
Episode: 3810, Reward: 64.8912, success: 19, fail: 6
Episode: 3811, Reward: 64.4843, success: 19, fail: 6
Episode: 3812, Reward: 63.9401, success: 19, fail: 6
Episode: 3813, Reward: 52.6888, success: 18, fail: 7
Episode: 3814, Reward: 63.7030, success: 19, fail: 6
Episode: 3815, Reward: 64.1180, success: 19, fail: 6
Episode: 3816, Reward: 73.0297, success: 20, fail: 5
Episode: 3817, Reward: 54.5306, success: 18, fail: 7
Episode: 3818, Reward: 74.1572, success: 20, fail: 5
Episode: 3819, Reward: 73.9175, success: 20, fail: 5
Episode: 3820, Reward: 83.0832, success: 21, fail: 4
Episode: 3821, Reward: 74.3398, success: 20, fail: 5
Episode: 3822, Reward: 74.5554, success: 20, fail: 5
Episode: 3823, Reward: 84.3705, success: 21, fail: 4
Episode: 3824, Reward: 73.2728, success: 20, fail: 5
Episode: 3825, Reward: 63.5527, success: 19, fail: 6
Episode: 3826, Reward: 93.7165, success: 22, fail: 3
Episode: 3827, Reward: 84.5505, success: 21, fail: 4
Episode: 3828, Reward: 73.4933, success: 20, fail: 5
Episode: 3829, Reward: 74.0620, success: 20, fail: 5
Episode: 3830, Reward: 74.0759, success: 20, fail: 5
Episode: 3831, Reward: 64.1895, success: 19, fail: 6
Episode: 3832, Reward: 54.3218, success: 18, fail: 7
Episode: 3833, Reward: 63.4749, success: 19, fail: 6
Episode: 3834, Reward: 73.7434, success: 20, fail: 5
Episode: 3835, Reward: 53.8473, success: 18, fail: 7
Episode: 3836, Reward: 63.0436, success: 19, fail: 6
Episode: 3837, Reward: 73.5008, success: 20, fail: 5
Episode: 3838, Reward: 73.4720, success: 20, fail: 5
Episode: 3839, Reward: 73.6246, success: 20, fail: 5
Episode: 3840, Reward: 53.5884, success: 18, fail: 7
Episode: 3841, Reward: 53.2914, success: 18, fail: 7
Episode: 3842, Reward: 74.4988, success: 20, fail: 5
Episode: 3843, Reward: 73.5190, success: 20, fail: 5
Episode: 3844, Reward: 73.7370, success: 20, fail: 5
Episode: 3845, Reward: 63.6356, success: 19, fail: 6
Episode: 3846, Reward: 73.9431, success: 20, fail: 5
Episode: 3847, Reward: 53.9026, success: 18, fail: 7
Episode: 3848, Reward: 63.7330, success: 19, fail: 6
Episode: 3849, Reward: 64.0344, success: 19, fail: 6
Episode: 3850, Reward: 53.8574, success: 18, fail: 7
Episode: 3851, Reward: 73.6338, success: 20, fail: 5
Episode: 3852, Reward: 63.6447, success: 19, fail: 6
Episode: 3853, Reward: 43.8237, success: 17, fail: 8
Episode: 3854, Reward: 63.5731, success: 19, fail: 6
Episode: 3855, Reward: 84.2767, success: 21, fail: 4
Episode: 3856, Reward: 63.5875, success: 19, fail: 6
Episode: 3857, Reward: 64.8321, success: 19, fail: 6
Episode: 3858, Reward: 64.1665, success: 19, fail: 6
Episode: 3859, Reward: 54.4474, success: 18, fail: 7
Episode: 3860, Reward: 63.6678, success: 19, fail: 6
Episode: 3861, Reward: 63.9215, success: 19, fail: 6
Episode: 3862, Reward: 74.2214, success: 20, fail: 5
Episode: 3863, Reward: 63.6603, success: 19, fail: 6
Episode: 3864, Reward: 43.9956, success: 17, fail: 8
Episode: 3865, Reward: 73.1509, success: 20, fail: 5
Episode: 3866, Reward: 52.6681, success: 18, fail: 7
Episode: 3867, Reward: 53.2894, success: 18, fail: 7
Episode: 3868, Reward: 74.4694, success: 20, fail: 5
Episode: 3869, Reward: 53.6045, success: 18, fail: 7
Episode: 3870, Reward: 53.5236, success: 18, fail: 7
Episode: 3871, Reward: 53.5513, success: 18, fail: 7
Episode: 3872, Reward: 72.1323, success: 20, fail: 5
Episode: 3873, Reward: 73.4398, success: 20, fail: 5
Episode: 3874, Reward: 63.7094, success: 19, fail: 6
Episode: 3875, Reward: 74.4930, success: 20, fail: 5
Episode: 3876, Reward: 73.2310, success: 20, fail: 5
Episode: 3877, Reward: 73.9131, success: 20, fail: 5
Episode: 3878, Reward: 62.9084, success: 19, fail: 6
Episode: 3879, Reward: 73.2518, success: 20, fail: 5
Episode: 3880, Reward: 53.2672, success: 18, fail: 7
Episode: 3881, Reward: 62.5521, success: 19, fail: 6
Episode: 3882, Reward: 53.7801, success: 18, fail: 7
Episode: 3883, Reward: 72.2057, success: 20, fail: 5
Episode: 3884, Reward: 71.7617, success: 20, fail: 5
Episode: 3885, Reward: 61.0207, success: 19, fail: 6
Episode: 3886, Reward: 53.4154, success: 18, fail: 7
Episode: 3887, Reward: 61.9501, success: 19, fail: 6
Episode: 3888, Reward: 84.1654, success: 21, fail: 4
Episode: 3889, Reward: 62.4254, success: 19, fail: 6
Episode: 3890, Reward: 52.3924, success: 18, fail: 7
Episode: 3891, Reward: 62.8205, success: 19, fail: 6
Episode: 3892, Reward: 72.1770, success: 20, fail: 5
Episode: 3893, Reward: 72.9178, success: 20, fail: 5
Episode: 3894, Reward: 73.4829, success: 20, fail: 5
Episode: 3895, Reward: 73.4166, success: 20, fail: 5
Episode: 3896, Reward: 72.7850, success: 20, fail: 5
Episode: 3897, Reward: 54.0284, success: 18, fail: 7
Episode: 3898, Reward: 63.8738, success: 19, fail: 6
Episode: 3899, Reward: 72.2723, success: 20, fail: 5
Episode: 3900, Reward: 63.1107, success: 19, fail: 6
Episode: 3901, Reward: 63.4054, success: 19, fail: 6
Episode: 3902, Reward: 52.7324, success: 18, fail: 7
Episode: 3903, Reward: 64.3297, success: 19, fail: 6
Episode: 3904, Reward: 63.0270, success: 19, fail: 6
Episode: 3905, Reward: 74.3884, success: 20, fail: 5
Episode: 3906, Reward: 71.4527, success: 20, fail: 5
Episode: 3907, Reward: 51.6650, success: 18, fail: 7
Episode: 3908, Reward: 64.3412, success: 19, fail: 6
Episode: 3909, Reward: 61.9420, success: 19, fail: 6
Episode: 3910, Reward: 53.0538, success: 18, fail: 7
Episode: 3911, Reward: 63.7791, success: 19, fail: 6
Episode: 3912, Reward: 52.5654, success: 18, fail: 7
Episode: 3913, Reward: 53.5136, success: 18, fail: 7
Episode: 3914, Reward: 73.6959, success: 20, fail: 5
Episode: 3915, Reward: 54.1829, success: 18, fail: 7
Episode: 3916, Reward: 73.5189, success: 20, fail: 5
Episode: 3917, Reward: 62.9317, success: 19, fail: 6
Episode: 3918, Reward: 53.0749, success: 18, fail: 7
Episode: 3919, Reward: 43.6275, success: 17, fail: 8
Episode: 3920, Reward: 52.9589, success: 18, fail: 7
Episode: 3921, Reward: 63.2509, success: 19, fail: 6
Episode: 3922, Reward: 54.2108, success: 18, fail: 7
Episode: 3923, Reward: 53.3560, success: 18, fail: 7
Episode: 3924, Reward: 63.3442, success: 19, fail: 6
Episode: 3925, Reward: 63.3731, success: 19, fail: 6
Episode: 3926, Reward: 53.7777, success: 18, fail: 7
Episode: 3927, Reward: 53.0289, success: 18, fail: 7
Episode: 3928, Reward: 34.1532, success: 16, fail: 9
Episode: 3929, Reward: 63.2505, success: 19, fail: 6
Episode: 3930, Reward: 53.2963, success: 18, fail: 7
Episode: 3931, Reward: 73.7625, success: 20, fail: 5
Episode: 3932, Reward: 72.9915, success: 20, fail: 5
Episode: 3933, Reward: 83.8012, success: 21, fail: 4
Episode: 3934, Reward: 52.9703, success: 18, fail: 7
Episode: 3935, Reward: 72.6231, success: 20, fail: 5
Episode: 3936, Reward: 73.5828, success: 20, fail: 5
Episode: 3937, Reward: 53.3206, success: 18, fail: 7
Episode: 3938, Reward: 52.8853, success: 18, fail: 7
Episode: 3939, Reward: 63.1561, success: 19, fail: 6
Episode: 3940, Reward: 73.0344, success: 20, fail: 5
Episode: 3941, Reward: 64.1851, success: 19, fail: 6
Episode: 3942, Reward: 64.0467, success: 19, fail: 6
Episode: 3943, Reward: 63.2391, success: 19, fail: 6
Episode: 3944, Reward: 53.3494, success: 18, fail: 7
Episode: 3945, Reward: 84.7599, success: 21, fail: 4
Episode: 3946, Reward: 54.5003, success: 18, fail: 7
Episode: 3947, Reward: 54.1187, success: 18, fail: 7
Episode: 3948, Reward: 63.7136, success: 19, fail: 6
Episode: 3949, Reward: 73.5706, success: 20, fail: 5
Episode: 3950, Reward: 83.2309, success: 21, fail: 4
Episode: 3951, Reward: 63.1302, success: 19, fail: 6
Episode: 3952, Reward: 53.2308, success: 18, fail: 7
Episode: 3953, Reward: 83.6552, success: 21, fail: 4
Episode: 3954, Reward: 42.8338, success: 17, fail: 8
Episode: 3955, Reward: 44.5674, success: 17, fail: 8
Episode: 3956, Reward: 53.2037, success: 18, fail: 7
Episode: 3957, Reward: 74.1347, success: 20, fail: 5
Episode: 3958, Reward: 74.6077, success: 20, fail: 5
Episode: 3959, Reward: 54.2255, success: 18, fail: 7
Episode: 3960, Reward: 53.9898, success: 18, fail: 7
Episode: 3961, Reward: 83.3086, success: 21, fail: 4
Episode: 3962, Reward: 73.3660, success: 20, fail: 5
Episode: 3963, Reward: 54.2311, success: 18, fail: 7
Episode: 3964, Reward: 63.1234, success: 19, fail: 6
Episode: 3965, Reward: 83.8815, success: 21, fail: 4
Episode: 3966, Reward: 73.2962, success: 20, fail: 5
Episode: 3967, Reward: 62.9764, success: 19, fail: 6
Episode: 3968, Reward: 64.0473, success: 19, fail: 6
Episode: 3969, Reward: 45.0650, success: 17, fail: 8
Episode: 3970, Reward: 74.0073, success: 20, fail: 5
Episode: 3971, Reward: 63.9697, success: 19, fail: 6
Episode: 3972, Reward: 64.3320, success: 19, fail: 6
Episode: 3973, Reward: 54.0314, success: 18, fail: 7
Episode: 3974, Reward: 63.4832, success: 19, fail: 6
Episode: 3975, Reward: 73.4371, success: 20, fail: 5
Episode: 3976, Reward: 63.3970, success: 19, fail: 6
Episode: 3977, Reward: 73.5364, success: 20, fail: 5
Episode: 3978, Reward: 53.2406, success: 18, fail: 7
Episode: 3979, Reward: 63.4038, success: 19, fail: 6
Episode: 3980, Reward: 53.1321, success: 18, fail: 7
Episode: 3981, Reward: 64.1671, success: 19, fail: 6
Episode: 3982, Reward: 75.1834, success: 20, fail: 5
Episode: 3983, Reward: 43.8081, success: 17, fail: 8
Episode: 3984, Reward: 53.7753, success: 18, fail: 7
Episode: 3985, Reward: 74.0102, success: 20, fail: 5
Episode: 3986, Reward: 54.3911, success: 18, fail: 7
Episode: 3987, Reward: 73.1321, success: 20, fail: 5
Episode: 3988, Reward: 73.8014, success: 20, fail: 5
Episode: 3989, Reward: 73.4446, success: 20, fail: 5
Episode: 3990, Reward: 53.3142, success: 18, fail: 7
Episode: 3991, Reward: 44.4995, success: 17, fail: 8
Episode: 3992, Reward: 74.5416, success: 20, fail: 5
Episode: 3993, Reward: 81.2347, success: 21, fail: 4
Episode: 3994, Reward: 53.2433, success: 18, fail: 7
Episode: 3995, Reward: 73.5980, success: 20, fail: 5
Episode: 3996, Reward: 62.7358, success: 19, fail: 6
Episode: 3997, Reward: 63.1345, success: 19, fail: 6
Episode: 3998, Reward: 52.4971, success: 18, fail: 7
Episode: 3999, Reward: 73.9707, success: 20, fail: 5
Episode: 4000, Reward: 53.4134, success: 18, fail: 7
Plot saved to C:\Users\zengd\Desktop\论文\W-MADDPG\MADDPG_Discrete\sum_reward_mappo.png
