WARNING:tensorflow:From C:\Users\zengd\Desktop\论文\W-MADDPG\MADDPG_Discrete\mappo_agent.py:31: The name tf.placeholder is deprecated. Please use tf.compat.v1.placeholder instead.

WARNING:tensorflow:From C:\Users\zengd\Desktop\论文\W-MADDPG\MADDPG_Discrete\mappo_agent.py:43: The name tf.variable_scope is deprecated. Please use tf.compat.v1.variable_scope instead.

WARNING:tensorflow:From C:\Users\zengd\Desktop\论文\W-MADDPG\MADDPG_Discrete\mappo_agent.py:7: dense (from tensorflow.python.layers.core) is deprecated and will be removed in a future version.
Instructions for updating:
Use keras.layers.Dense instead.
WARNING:tensorflow:From D:\tool\anaconda\envs\py37tf\lib\site-packages\tensorflow_core\python\layers\core.py:187: Layer.apply (from tensorflow.python.keras.engine.base_layer) is deprecated and will be removed in a future version.
Instructions for updating:
Please use `layer.__call__` method instead.
WARNING:tensorflow:
The TensorFlow contrib module will not be included in TensorFlow 2.0.
For more information, please see:
  * https://github.com/tensorflow/community/blob/master/rfcs/20180907-contrib-sunset.md
  * https://github.com/tensorflow/addons
  * https://github.com/tensorflow/io (for I/O related ops)
If you depend on functionality not listed there, please file an issue.

WARNING:tensorflow:From C:\Users\zengd\Desktop\论文\W-MADDPG\MADDPG_Discrete\mappo_agent.py:114: The name tf.log is deprecated. Please use tf.math.log instead.

WARNING:tensorflow:From C:\Users\zengd\Desktop\论文\W-MADDPG\MADDPG_Discrete\mappo_agent.py:76: The name tf.get_collection is deprecated. Please use tf.compat.v1.get_collection instead.

WARNING:tensorflow:From C:\Users\zengd\Desktop\论文\W-MADDPG\MADDPG_Discrete\mappo_agent.py:76: The name tf.GraphKeys is deprecated. Please use tf.compat.v1.GraphKeys instead.

WARNING:tensorflow:From C:\Users\zengd\Desktop\论文\W-MADDPG\MADDPG_Discrete\mappo_agent.py:122: The name tf.train.AdamOptimizer is deprecated. Please use tf.compat.v1.train.AdamOptimizer instead.

WARNING:tensorflow:From D:\tool\anaconda\envs\py37tf\lib\site-packages\tensorflow_core\python\ops\math_grad.py:1424: where (from tensorflow.python.ops.array_ops) is deprecated and will be removed in a future version.
Instructions for updating:
Use tf.where in 2.0, which has the same broadcast rule as np.where
WARNING:tensorflow:From C:\Users\zengd\Desktop\论文\W-MADDPG\MADDPG_Discrete\train_mappo.py:157: The name tf.ConfigProto is deprecated. Please use tf.compat.v1.ConfigProto instead.

WARNING:tensorflow:From C:\Users\zengd\Desktop\论文\W-MADDPG\MADDPG_Discrete\train_mappo.py:159: The name tf.Session is deprecated. Please use tf.compat.v1.Session instead.

2026-09-21 12:19:44.547642: I tensorflow/core/platform/cpu_feature_guard.cc:142] Your CPU supports instructions that this TensorFlow binary was not compiled to use: AVX2
WARNING:tensorflow:From C:\Users\zengd\Desktop\论文\W-MADDPG\MADDPG_Discrete\train_mappo.py:160: The name tf.global_variables_initializer is deprecated. Please use tf.compat.v1.global_variables_initializer instead.

WARNING:tensorflow:From C:\Users\zengd\Desktop\论文\W-MADDPG\MADDPG_Discrete\train_mappo.py:164: The name tf.train.Saver is deprecated. Please use tf.compat.v1.train.Saver instead.

Episode: 1, Reward: 43.4318, success: 17, fail: 8
Episode: 2, Reward: 33.8611, success: 16, fail: 9
Episode: 3, Reward: 83.6076, success: 21, fail: 4
Episode: 4, Reward: 42.1838, success: 17, fail: 8
Episode: 5, Reward: 44.1942, success: 17, fail: 8
Episode: 6, Reward: 31.6992, success: 16, fail: 9
Episode: 7, Reward: 33.0150, success: 16, fail: 9
Episode: 8, Reward: 24.1221, success: 15, fail: 10
Episode: 9, Reward: 25.9924, success: 15, fail: 10
Episode: 10, Reward: 54.0769, success: 18, fail: 7
Episode: 11, Reward: 34.4089, success: 16, fail: 9
Episode: 12, Reward: 13.1267, success: 14, fail: 11
Episode: 13, Reward: 34.5219, success: 16, fail: 9
Episode: 14, Reward: 42.8845, success: 17, fail: 8
Episode: 15, Reward: 53.8623, success: 18, fail: 7
Episode: 16, Reward: 43.2834, success: 17, fail: 8
Episode: 17, Reward: 43.8272, success: 17, fail: 8
Episode: 18, Reward: 32.7251, success: 16, fail: 9
Episode: 19, Reward: 75.2031, success: 20, fail: 5
Episode: 20, Reward: 33.4415, success: 16, fail: 9
Episode: 21, Reward: 42.6266, success: 17, fail: 8
Episode: 22, Reward: 52.9115, success: 18, fail: 7
Episode: 23, Reward: 53.4612, success: 18, fail: 7
Episode: 24, Reward: 34.5385, success: 16, fail: 9
Episode: 25, Reward: 24.8584, success: 15, fail: 10
Episode: 26, Reward: 24.2292, success: 15, fail: 10
Episode: 27, Reward: 33.2118, success: 16, fail: 9
Episode: 28, Reward: 63.5495, success: 19, fail: 6
Episode: 29, Reward: 33.0450, success: 16, fail: 9
Episode: 30, Reward: 63.8923, success: 19, fail: 6
Episode: 31, Reward: 84.1424, success: 21, fail: 4
Episode: 32, Reward: 34.2189, success: 16, fail: 9
Episode: 33, Reward: 54.4158, success: 18, fail: 7
Episode: 34, Reward: 42.8730, success: 17, fail: 8
Episode: 35, Reward: 22.9516, success: 15, fail: 10
Episode: 36, Reward: 74.2151, success: 20, fail: 5
Episode: 37, Reward: 54.4837, success: 18, fail: 7
Episode: 38, Reward: 13.9857, success: 14, fail: 11
Episode: 39, Reward: 54.3257, success: 18, fail: 7
Episode: 40, Reward: 64.2881, success: 19, fail: 6
Episode: 41, Reward: 54.9017, success: 18, fail: 7
Episode: 42, Reward: 63.5485, success: 19, fail: 6
Episode: 43, Reward: 34.2528, success: 16, fail: 9
Episode: 44, Reward: 55.2258, success: 18, fail: 7
Episode: 45, Reward: 54.3080, success: 18, fail: 7
Episode: 46, Reward: 55.6965, success: 18, fail: 7
Episode: 47, Reward: 44.5518, success: 17, fail: 8
Episode: 48, Reward: 24.4427, success: 15, fail: 10
Episode: 49, Reward: 55.5693, success: 18, fail: 7
Episode: 50, Reward: 55.5151, success: 18, fail: 7
Episode: 51, Reward: 44.8333, success: 17, fail: 8
Episode: 52, Reward: 25.5945, success: 15, fail: 10
Episode: 53, Reward: 44.4209, success: 17, fail: 8
Episode: 54, Reward: 44.4918, success: 17, fail: 8
Episode: 55, Reward: 45.6159, success: 17, fail: 8
Episode: 56, Reward: 35.1269, success: 16, fail: 9
Episode: 57, Reward: 34.3831, success: 16, fail: 9
Episode: 58, Reward: 23.2024, success: 15, fail: 10
Episode: 59, Reward: 55.2092, success: 18, fail: 7
Episode: 60, Reward: 33.1751, success: 16, fail: 9
Episode: 61, Reward: 60.9340, success: 19, fail: 6
Episode: 62, Reward: 53.8411, success: 18, fail: 7
Episode: 63, Reward: 24.8688, success: 15, fail: 10
Episode: 64, Reward: 44.4801, success: 17, fail: 8
Episode: 65, Reward: 42.4473, success: 17, fail: 8
Episode: 66, Reward: 43.9103, success: 17, fail: 8
Episode: 67, Reward: 23.5411, success: 15, fail: 10
Episode: 68, Reward: 44.4818, success: 17, fail: 8
Episode: 69, Reward: 31.5341, success: 16, fail: 9
Episode: 70, Reward: 63.5343, success: 19, fail: 6
Episode: 71, Reward: 53.8573, success: 18, fail: 7
Episode: 72, Reward: 43.6928, success: 17, fail: 8
Episode: 73, Reward: 31.7164, success: 16, fail: 9
Episode: 74, Reward: 34.0894, success: 16, fail: 9
Episode: 75, Reward: 51.7854, success: 18, fail: 7
Episode: 76, Reward: 52.9490, success: 18, fail: 7
Episode: 77, Reward: 43.6732, success: 17, fail: 8
Episode: 78, Reward: 42.5657, success: 17, fail: 8
Episode: 79, Reward: 62.7979, success: 19, fail: 6
Episode: 80, Reward: 33.2175, success: 16, fail: 9
Episode: 81, Reward: 51.8285, success: 18, fail: 7
Episode: 82, Reward: 62.4715, success: 19, fail: 6
Episode: 83, Reward: 11.7637, success: 14, fail: 11
Episode: 84, Reward: 62.4924, success: 19, fail: 6
Episode: 85, Reward: 32.9139, success: 16, fail: 9
Episode: 86, Reward: 62.0476, success: 19, fail: 6
Episode: 87, Reward: 53.2909, success: 18, fail: 7
Episode: 88, Reward: 53.7075, success: 18, fail: 7
Episode: 89, Reward: 54.6258, success: 18, fail: 7
Episode: 90, Reward: 54.1060, success: 18, fail: 7
Episode: 91, Reward: 44.6175, success: 17, fail: 8
Episode: 92, Reward: 33.0630, success: 16, fail: 9
Episode: 93, Reward: 32.8877, success: 16, fail: 9
Episode: 94, Reward: 43.4147, success: 17, fail: 8
Episode: 95, Reward: 24.2044, success: 15, fail: 10
Episode: 96, Reward: 64.1376, success: 19, fail: 6
Episode: 97, Reward: 54.2461, success: 18, fail: 7
Episode: 98, Reward: 33.3440, success: 16, fail: 9
Episode: 99, Reward: 45.3160, success: 17, fail: 8
Episode: 100, Reward: 23.1867, success: 15, fail: 10
Episode: 101, Reward: 63.5112, success: 19, fail: 6
Episode: 102, Reward: 54.8860, success: 18, fail: 7
Episode: 103, Reward: 43.9275, success: 17, fail: 8
Episode: 104, Reward: 53.6767, success: 18, fail: 7
Episode: 105, Reward: 33.3391, success: 16, fail: 9
Episode: 106, Reward: 44.4269, success: 17, fail: 8
Episode: 107, Reward: 75.0472, success: 20, fail: 5
Episode: 108, Reward: 53.8958, success: 18, fail: 7
Episode: 109, Reward: 13.5147, success: 14, fail: 11
Episode: 110, Reward: 74.2132, success: 20, fail: 5
Episode: 111, Reward: 44.3802, success: 17, fail: 8
Episode: 112, Reward: 54.2117, success: 18, fail: 7
Episode: 113, Reward: 53.0990, success: 18, fail: 7
Episode: 114, Reward: 54.7081, success: 18, fail: 7
Episode: 115, Reward: 74.4721, success: 20, fail: 5
Episode: 116, Reward: 52.6753, success: 18, fail: 7
Episode: 117, Reward: 44.2260, success: 17, fail: 8
Episode: 118, Reward: 53.0982, success: 18, fail: 7
Episode: 119, Reward: 54.1233, success: 18, fail: 7
Episode: 120, Reward: 53.8773, success: 18, fail: 7
Episode: 121, Reward: 72.4187, success: 20, fail: 5
Episode: 122, Reward: 32.3090, success: 16, fail: 9
Episode: 123, Reward: 53.1398, success: 18, fail: 7
Episode: 124, Reward: 53.2859, success: 18, fail: 7
Episode: 125, Reward: 43.1609, success: 17, fail: 8
Episode: 126, Reward: 43.3783, success: 17, fail: 8
Episode: 127, Reward: 43.1089, success: 17, fail: 8
Episode: 128, Reward: 45.1425, success: 17, fail: 8
Episode: 129, Reward: 92.1667, success: 22, fail: 3
Episode: 130, Reward: 53.2779, success: 18, fail: 7
Episode: 131, Reward: 53.9214, success: 18, fail: 7
Episode: 132, Reward: 72.3242, success: 20, fail: 5
Episode: 133, Reward: 63.3149, success: 19, fail: 6
Episode: 134, Reward: 82.7142, success: 21, fail: 4
Episode: 135, Reward: 42.4395, success: 17, fail: 8
Episode: 136, Reward: 63.8913, success: 19, fail: 6
Episode: 137, Reward: 35.2288, success: 16, fail: 9
Episode: 138, Reward: 52.2869, success: 18, fail: 7
Episode: 139, Reward: 30.0485, success: 16, fail: 9
Episode: 140, Reward: 41.5037, success: 17, fail: 8
Episode: 141, Reward: 54.6058, success: 18, fail: 7
Episode: 142, Reward: 62.5240, success: 19, fail: 6
Episode: 143, Reward: 42.3213, success: 17, fail: 8
Episode: 144, Reward: 42.6060, success: 17, fail: 8
Episode: 145, Reward: 83.8670, success: 21, fail: 4
Episode: 146, Reward: 51.7499, success: 18, fail: 7
Episode: 147, Reward: 44.0242, success: 17, fail: 8
Episode: 148, Reward: 51.3848, success: 18, fail: 7
Episode: 149, Reward: 23.2396, success: 15, fail: 10
Episode: 150, Reward: 53.5791, success: 18, fail: 7
Episode: 151, Reward: 63.9236, success: 19, fail: 6
Episode: 152, Reward: 73.6500, success: 20, fail: 5
Episode: 153, Reward: 51.6902, success: 18, fail: 7
Episode: 154, Reward: 41.0632, success: 17, fail: 8
Episode: 155, Reward: 23.6222, success: 15, fail: 10
Episode: 156, Reward: 63.0761, success: 19, fail: 6
Episode: 157, Reward: 62.2749, success: 19, fail: 6
Episode: 158, Reward: 51.4599, success: 18, fail: 7
Episode: 159, Reward: 52.5450, success: 18, fail: 7
Episode: 160, Reward: 33.8244, success: 16, fail: 9
Episode: 161, Reward: 61.7938, success: 19, fail: 6
Episode: 162, Reward: 62.2948, success: 19, fail: 6
Episode: 163, Reward: 50.8004, success: 18, fail: 7
Episode: 164, Reward: 42.0344, success: 17, fail: 8
Episode: 165, Reward: 53.0954, success: 18, fail: 7
Episode: 166, Reward: 41.6763, success: 17, fail: 8
Episode: 167, Reward: 51.7213, success: 18, fail: 7
Episode: 168, Reward: 70.5400, success: 20, fail: 5
Episode: 169, Reward: 22.3036, success: 15, fail: 10
Episode: 170, Reward: 30.9506, success: 16, fail: 9
Episode: 171, Reward: 62.6111, success: 19, fail: 6
Episode: 172, Reward: 71.9118, success: 20, fail: 5
Episode: 173, Reward: 50.4686, success: 18, fail: 7
Episode: 174, Reward: 42.1173, success: 17, fail: 8
Episode: 175, Reward: 21.7688, success: 15, fail: 10
Episode: 176, Reward: 71.7982, success: 20, fail: 5
Episode: 177, Reward: 42.4530, success: 17, fail: 8
Episode: 178, Reward: 54.0363, success: 18, fail: 7
Episode: 179, Reward: 32.2173, success: 16, fail: 9
Episode: 180, Reward: 62.3397, success: 19, fail: 6
Episode: 181, Reward: 72.2155, success: 20, fail: 5
Episode: 182, Reward: 62.7850, success: 19, fail: 6
Episode: 183, Reward: 61.9872, success: 19, fail: 6
Episode: 184, Reward: 61.2223, success: 19, fail: 6
Episode: 185, Reward: 52.8896, success: 18, fail: 7
Episode: 186, Reward: 62.7317, success: 19, fail: 6
Episode: 187, Reward: 51.7876, success: 18, fail: 7
Episode: 188, Reward: 52.9365, success: 18, fail: 7
Episode: 189, Reward: 82.6538, success: 21, fail: 4
Episode: 190, Reward: 72.0103, success: 20, fail: 5
Episode: 191, Reward: 22.6925, success: 15, fail: 10
Episode: 192, Reward: 52.2827, success: 18, fail: 7
Episode: 193, Reward: 40.0950, success: 17, fail: 8
Episode: 194, Reward: 62.6908, success: 19, fail: 6
Episode: 195, Reward: 51.6105, success: 18, fail: 7
Episode: 196, Reward: 70.9520, success: 20, fail: 5
Episode: 197, Reward: 61.5810, success: 19, fail: 6
Episode: 198, Reward: 81.1464, success: 21, fail: 4
Episode: 199, Reward: 61.3955, success: 19, fail: 6
Episode: 200, Reward: 42.0159, success: 17, fail: 8
Episode: 201, Reward: 52.0175, success: 18, fail: 7
Episode: 202, Reward: 21.0270, success: 15, fail: 10
Episode: 203, Reward: 32.4074, success: 16, fail: 9
Episode: 204, Reward: 50.8397, success: 18, fail: 7
Episode: 205, Reward: 52.2080, success: 18, fail: 7
Episode: 206, Reward: 53.0912, success: 18, fail: 7
Episode: 207, Reward: 61.6844, success: 19, fail: 6
Episode: 208, Reward: 53.1392, success: 18, fail: 7
Episode: 209, Reward: 52.5000, success: 18, fail: 7
Episode: 210, Reward: 52.3059, success: 18, fail: 7
Episode: 211, Reward: 63.0075, success: 19, fail: 6
Episode: 212, Reward: 41.5558, success: 17, fail: 8
Episode: 213, Reward: 53.3855, success: 18, fail: 7
Episode: 214, Reward: 42.4790, success: 17, fail: 8
Episode: 215, Reward: 42.3018, success: 17, fail: 8
Episode: 216, Reward: 72.2649, success: 20, fail: 5
Episode: 217, Reward: 52.9346, success: 18, fail: 7
Episode: 218, Reward: 44.2809, success: 17, fail: 8
Episode: 219, Reward: 60.7847, success: 19, fail: 6
Episode: 220, Reward: 42.5006, success: 17, fail: 8
Episode: 221, Reward: 83.0407, success: 21, fail: 4
Episode: 222, Reward: 33.3936, success: 16, fail: 9
Episode: 223, Reward: 52.4244, success: 18, fail: 7
Episode: 224, Reward: 63.4952, success: 19, fail: 6
Episode: 225, Reward: 72.7498, success: 20, fail: 5
Episode: 226, Reward: 51.5487, success: 18, fail: 7
Episode: 227, Reward: 22.1264, success: 15, fail: 10
Episode: 228, Reward: 70.6942, success: 20, fail: 5
Episode: 229, Reward: 42.5661, success: 17, fail: 8
Episode: 230, Reward: 83.5698, success: 21, fail: 4
Episode: 231, Reward: 51.4851, success: 18, fail: 7
Episode: 232, Reward: 53.6267, success: 18, fail: 7
Episode: 233, Reward: 63.0932, success: 19, fail: 6
Episode: 234, Reward: 62.9254, success: 19, fail: 6
Episode: 235, Reward: 82.9280, success: 21, fail: 4
Episode: 236, Reward: 74.0839, success: 20, fail: 5
Episode: 237, Reward: 82.2141, success: 21, fail: 4
Episode: 238, Reward: 82.1776, success: 21, fail: 4
Episode: 239, Reward: 40.8913, success: 17, fail: 8
Episode: 240, Reward: 72.0245, success: 20, fail: 5
Episode: 241, Reward: 30.7589, success: 16, fail: 9
Episode: 242, Reward: 43.3866, success: 17, fail: 8
Episode: 243, Reward: 53.2762, success: 18, fail: 7
Episode: 244, Reward: 62.3884, success: 19, fail: 6
Episode: 245, Reward: 62.9317, success: 19, fail: 6
Episode: 246, Reward: 62.9382, success: 19, fail: 6
Episode: 247, Reward: 72.8555, success: 20, fail: 5
Episode: 248, Reward: 72.2132, success: 20, fail: 5
Episode: 249, Reward: 61.6513, success: 19, fail: 6
Episode: 250, Reward: 52.3954, success: 18, fail: 7
Episode: 251, Reward: 61.5514, success: 19, fail: 6
Episode: 252, Reward: 53.2704, success: 18, fail: 7
Episode: 253, Reward: 53.1526, success: 18, fail: 7
Episode: 254, Reward: 41.5360, success: 17, fail: 8
Episode: 255, Reward: 42.2361, success: 17, fail: 8
Episode: 256, Reward: 52.4352, success: 18, fail: 7
Episode: 257, Reward: 91.4167, success: 22, fail: 3
Episode: 258, Reward: 72.8383, success: 20, fail: 5
Episode: 259, Reward: 19.4850, success: 15, fail: 10
Episode: 260, Reward: 61.2126, success: 19, fail: 6
Episode: 261, Reward: 61.7165, success: 19, fail: 6
Episode: 262, Reward: 71.8725, success: 20, fail: 5
Episode: 263, Reward: 92.0950, success: 22, fail: 3
Episode: 264, Reward: 54.0606, success: 18, fail: 7
Episode: 265, Reward: 72.0025, success: 20, fail: 5
Episode: 266, Reward: 51.0545, success: 18, fail: 7
Episode: 267, Reward: 54.1142, success: 18, fail: 7
Episode: 268, Reward: 53.1936, success: 18, fail: 7
Episode: 269, Reward: 52.7050, success: 18, fail: 7
Episode: 270, Reward: 42.0447, success: 17, fail: 8
Episode: 271, Reward: 32.7347, success: 16, fail: 9
Episode: 272, Reward: 92.3160, success: 22, fail: 3
Episode: 273, Reward: 73.3363, success: 20, fail: 5
Episode: 274, Reward: 34.0026, success: 16, fail: 9
Episode: 275, Reward: 32.1217, success: 16, fail: 9
Episode: 276, Reward: 42.4637, success: 17, fail: 8
Episode: 277, Reward: 60.2404, success: 19, fail: 6
Episode: 278, Reward: 52.0731, success: 18, fail: 7
Episode: 279, Reward: 60.6272, success: 19, fail: 6
Episode: 280, Reward: 63.4753, success: 19, fail: 6
Episode: 281, Reward: 61.6683, success: 19, fail: 6
Episode: 282, Reward: 92.0554, success: 22, fail: 3
Episode: 283, Reward: 32.0962, success: 16, fail: 9
Episode: 284, Reward: 62.5444, success: 19, fail: 6
Episode: 285, Reward: 50.8493, success: 18, fail: 7
Episode: 286, Reward: 62.4890, success: 19, fail: 6
Episode: 287, Reward: 30.7397, success: 16, fail: 9
Episode: 288, Reward: 42.3149, success: 17, fail: 8
Episode: 289, Reward: 62.1767, success: 19, fail: 6
Episode: 290, Reward: 62.9569, success: 19, fail: 6
Episode: 291, Reward: 71.6515, success: 20, fail: 5
Episode: 292, Reward: 82.4511, success: 21, fail: 4
Episode: 293, Reward: 31.0918, success: 16, fail: 9
Episode: 294, Reward: 60.8948, success: 19, fail: 6
Episode: 295, Reward: 60.0678, success: 19, fail: 6
Episode: 296, Reward: 81.4653, success: 21, fail: 4
Episode: 297, Reward: 72.3493, success: 20, fail: 5
Episode: 298, Reward: 82.8538, success: 21, fail: 4
Episode: 299, Reward: 70.9901, success: 20, fail: 5
Episode: 300, Reward: 72.2828, success: 20, fail: 5
Episode: 301, Reward: 71.0347, success: 20, fail: 5
Episode: 302, Reward: 92.5018, success: 22, fail: 3
Episode: 303, Reward: 81.6171, success: 21, fail: 4
Episode: 304, Reward: 51.7202, success: 18, fail: 7
Episode: 305, Reward: 71.5426, success: 20, fail: 5
Episode: 306, Reward: 60.6772, success: 19, fail: 6
Episode: 307, Reward: 81.4642, success: 21, fail: 4
Episode: 308, Reward: 81.9407, success: 21, fail: 4
Episode: 309, Reward: 59.7868, success: 19, fail: 6
Episode: 310, Reward: 62.0809, success: 19, fail: 6
Episode: 311, Reward: 72.6185, success: 20, fail: 5
Episode: 312, Reward: 49.9153, success: 18, fail: 7
Episode: 313, Reward: 70.9512, success: 20, fail: 5
Episode: 314, Reward: 51.1505, success: 18, fail: 7
Episode: 315, Reward: 72.4533, success: 20, fail: 5
Episode: 316, Reward: 60.9046, success: 19, fail: 6
Episode: 317, Reward: 59.7888, success: 19, fail: 6
Episode: 318, Reward: 42.5840, success: 17, fail: 8
Episode: 319, Reward: 90.8738, success: 22, fail: 3
Episode: 320, Reward: 70.5851, success: 20, fail: 5
Episode: 321, Reward: 70.8576, success: 20, fail: 5
Episode: 322, Reward: 49.8874, success: 18, fail: 7
Episode: 323, Reward: 50.7728, success: 18, fail: 7
Episode: 324, Reward: 72.8277, success: 20, fail: 5
Episode: 325, Reward: 71.5895, success: 20, fail: 5
Episode: 326, Reward: 50.3963, success: 18, fail: 7
Episode: 327, Reward: 71.4250, success: 20, fail: 5
Episode: 328, Reward: 52.5614, success: 18, fail: 7
Episode: 329, Reward: 61.7842, success: 19, fail: 6
Episode: 330, Reward: 63.4035, success: 19, fail: 6
Episode: 331, Reward: 63.3228, success: 19, fail: 6
Episode: 332, Reward: 62.4428, success: 19, fail: 6
Episode: 333, Reward: 41.6226, success: 17, fail: 8
Episode: 334, Reward: 64.2380, success: 19, fail: 6
Episode: 335, Reward: 83.3109, success: 21, fail: 4
Episode: 336, Reward: 52.7665, success: 18, fail: 7
Episode: 337, Reward: 72.8210, success: 20, fail: 5
Episode: 338, Reward: 62.3647, success: 19, fail: 6
Episode: 339, Reward: 61.6303, success: 19, fail: 6
Episode: 340, Reward: 40.4513, success: 17, fail: 8
Episode: 341, Reward: 71.6000, success: 20, fail: 5
Episode: 342, Reward: 61.5385, success: 19, fail: 6
Episode: 343, Reward: 81.3810, success: 21, fail: 4
Episode: 344, Reward: 52.3804, success: 18, fail: 7
Episode: 345, Reward: 70.1463, success: 20, fail: 5
Episode: 346, Reward: 61.5394, success: 19, fail: 6
Episode: 347, Reward: 63.0158, success: 19, fail: 6
Episode: 348, Reward: 72.9122, success: 20, fail: 5
Episode: 349, Reward: 72.1741, success: 20, fail: 5
Episode: 350, Reward: 71.3230, success: 20, fail: 5
Episode: 351, Reward: 73.7592, success: 20, fail: 5
Episode: 352, Reward: 64.5754, success: 19, fail: 6
Episode: 353, Reward: 60.1539, success: 19, fail: 6
Episode: 354, Reward: 50.8360, success: 18, fail: 7
Episode: 355, Reward: 63.7504, success: 19, fail: 6
Episode: 356, Reward: 82.6869, success: 21, fail: 4
Episode: 357, Reward: 72.4158, success: 20, fail: 5
Episode: 358, Reward: 73.8549, success: 20, fail: 5
Episode: 359, Reward: 83.1212, success: 21, fail: 4
Episode: 360, Reward: 62.6840, success: 19, fail: 6
Episode: 361, Reward: 72.7524, success: 20, fail: 5
Episode: 362, Reward: 60.8786, success: 19, fail: 6
Episode: 363, Reward: 61.5697, success: 19, fail: 6
Episode: 364, Reward: 82.4145, success: 21, fail: 4
Episode: 365, Reward: 61.4641, success: 19, fail: 6
Episode: 366, Reward: 62.2784, success: 19, fail: 6
Episode: 367, Reward: 62.6234, success: 19, fail: 6
Episode: 368, Reward: 50.9417, success: 18, fail: 7
Episode: 369, Reward: 41.2329, success: 17, fail: 8
Episode: 370, Reward: 61.1901, success: 19, fail: 6
Episode: 371, Reward: 71.2757, success: 20, fail: 5
Episode: 372, Reward: 51.0781, success: 18, fail: 7
Episode: 373, Reward: 62.0411, success: 19, fail: 6
Episode: 374, Reward: 51.8068, success: 18, fail: 7
Episode: 375, Reward: 62.0875, success: 19, fail: 6
Episode: 376, Reward: 72.5410, success: 20, fail: 5
Episode: 377, Reward: 72.5754, success: 20, fail: 5
Episode: 378, Reward: 72.4555, success: 20, fail: 5
Episode: 379, Reward: 72.4585, success: 20, fail: 5
Episode: 380, Reward: 74.6829, success: 20, fail: 5
Episode: 381, Reward: 61.9832, success: 19, fail: 6
Episode: 382, Reward: 72.5631, success: 20, fail: 5
Episode: 383, Reward: 62.6724, success: 19, fail: 6
Episode: 384, Reward: 53.2357, success: 18, fail: 7
Episode: 385, Reward: 41.2888, success: 17, fail: 8
Episode: 386, Reward: 51.7465, success: 18, fail: 7
Episode: 387, Reward: 91.2851, success: 22, fail: 3
Episode: 388, Reward: 83.4421, success: 21, fail: 4
Episode: 389, Reward: 61.9285, success: 19, fail: 6
Episode: 390, Reward: 51.2284, success: 18, fail: 7
Episode: 391, Reward: 72.8877, success: 20, fail: 5
Episode: 392, Reward: 74.0303, success: 20, fail: 5
Episode: 393, Reward: 72.5042, success: 20, fail: 5
Episode: 394, Reward: 62.0753, success: 19, fail: 6
Episode: 395, Reward: 81.4492, success: 21, fail: 4
Episode: 396, Reward: 50.9628, success: 18, fail: 7
Episode: 397, Reward: 72.3320, success: 20, fail: 5
Episode: 398, Reward: 52.2599, success: 18, fail: 7
Episode: 399, Reward: 71.5232, success: 20, fail: 5
Episode: 400, Reward: 73.2772, success: 20, fail: 5
Episode: 401, Reward: 64.6279, success: 19, fail: 6
Episode: 402, Reward: 72.0301, success: 20, fail: 5
Episode: 403, Reward: 51.9112, success: 18, fail: 7
Episode: 404, Reward: 71.7722, success: 20, fail: 5
Episode: 405, Reward: 73.8708, success: 20, fail: 5
Episode: 406, Reward: 72.6440, success: 20, fail: 5
Episode: 407, Reward: 73.6410, success: 20, fail: 5
Episode: 408, Reward: 71.7885, success: 20, fail: 5
Episode: 409, Reward: 73.2327, success: 20, fail: 5
Episode: 410, Reward: 82.9926, success: 21, fail: 4
Episode: 411, Reward: 41.5454, success: 17, fail: 8
Episode: 412, Reward: 71.3208, success: 20, fail: 5
Episode: 413, Reward: 63.2575, success: 19, fail: 6
Episode: 414, Reward: 41.2186, success: 17, fail: 8
Episode: 415, Reward: 51.6775, success: 18, fail: 7
Episode: 416, Reward: 62.6758, success: 19, fail: 6
Episode: 417, Reward: 82.9025, success: 21, fail: 4
Episode: 418, Reward: 64.0020, success: 19, fail: 6
Episode: 419, Reward: 62.8067, success: 19, fail: 6
Episode: 420, Reward: 72.4323, success: 20, fail: 5
Episode: 421, Reward: 63.6549, success: 19, fail: 6
Episode: 422, Reward: 62.9938, success: 19, fail: 6
Episode: 423, Reward: 72.7877, success: 20, fail: 5
Episode: 424, Reward: 72.7525, success: 20, fail: 5
Episode: 425, Reward: 62.0688, success: 19, fail: 6
Episode: 426, Reward: 74.3015, success: 20, fail: 5
Episode: 427, Reward: 53.4853, success: 18, fail: 7
Episode: 428, Reward: 63.6019, success: 19, fail: 6
Episode: 429, Reward: 73.1122, success: 20, fail: 5
Episode: 430, Reward: 53.7944, success: 18, fail: 7
Episode: 431, Reward: 62.8706, success: 19, fail: 6
Episode: 432, Reward: 53.6750, success: 18, fail: 7
Episode: 433, Reward: 74.1482, success: 20, fail: 5
Episode: 434, Reward: 74.0464, success: 20, fail: 5
Episode: 435, Reward: 63.1135, success: 19, fail: 6
Episode: 436, Reward: 43.7619, success: 17, fail: 8
Episode: 437, Reward: 82.6416, success: 21, fail: 4
Episode: 438, Reward: 84.3224, success: 21, fail: 4
Episode: 439, Reward: 73.6082, success: 20, fail: 5
Episode: 440, Reward: 51.8264, success: 18, fail: 7
Episode: 441, Reward: 72.1123, success: 20, fail: 5
Episode: 442, Reward: 75.0891, success: 20, fail: 5
Episode: 443, Reward: 93.6868, success: 22, fail: 3
Episode: 444, Reward: 62.9463, success: 19, fail: 6
Episode: 445, Reward: 62.9268, success: 19, fail: 6
Episode: 446, Reward: 53.4016, success: 18, fail: 7
Episode: 447, Reward: 43.3888, success: 17, fail: 8
Episode: 448, Reward: 73.0778, success: 20, fail: 5
Episode: 449, Reward: 73.3498, success: 20, fail: 5
Episode: 450, Reward: 53.2677, success: 18, fail: 7
Episode: 451, Reward: 42.1398, success: 17, fail: 8
Episode: 452, Reward: 72.4184, success: 20, fail: 5
Episode: 453, Reward: 53.3208, success: 18, fail: 7
Episode: 454, Reward: 82.9274, success: 21, fail: 4
Episode: 455, Reward: 62.3803, success: 19, fail: 6
Episode: 456, Reward: 83.4476, success: 21, fail: 4
Episode: 457, Reward: 83.5244, success: 21, fail: 4
Episode: 458, Reward: 62.5612, success: 19, fail: 6
Episode: 459, Reward: 62.7015, success: 19, fail: 6
Episode: 460, Reward: 62.5287, success: 19, fail: 6
Episode: 461, Reward: 42.9644, success: 17, fail: 8
Episode: 462, Reward: 82.0553, success: 21, fail: 4
Episode: 463, Reward: 54.6720, success: 18, fail: 7
Episode: 464, Reward: 73.7355, success: 20, fail: 5
Episode: 465, Reward: 64.0070, success: 19, fail: 6
Episode: 466, Reward: 72.1005, success: 20, fail: 5
Episode: 467, Reward: 63.1399, success: 19, fail: 6
Episode: 468, Reward: 73.6700, success: 20, fail: 5
Episode: 469, Reward: 72.1506, success: 20, fail: 5
Episode: 470, Reward: 64.0362, success: 19, fail: 6
Episode: 471, Reward: 73.7458, success: 20, fail: 5
Episode: 472, Reward: 61.9579, success: 19, fail: 6
Episode: 473, Reward: 92.2738, success: 22, fail: 3
Episode: 474, Reward: 33.5710, success: 16, fail: 9
Episode: 475, Reward: 64.2743, success: 19, fail: 6
Episode: 476, Reward: 74.6416, success: 20, fail: 5
Episode: 477, Reward: 82.1649, success: 21, fail: 4
Episode: 478, Reward: 61.0098, success: 19, fail: 6
Episode: 479, Reward: 42.7197, success: 17, fail: 8
Episode: 480, Reward: 52.4135, success: 18, fail: 7
Episode: 481, Reward: 52.9269, success: 18, fail: 7
Episode: 482, Reward: 72.7479, success: 20, fail: 5
Episode: 483, Reward: 74.0195, success: 20, fail: 5
Episode: 484, Reward: 52.5947, success: 18, fail: 7
Episode: 485, Reward: 52.6038, success: 18, fail: 7
Episode: 486, Reward: 84.0263, success: 21, fail: 4
Episode: 487, Reward: 74.4931, success: 20, fail: 5
Episode: 488, Reward: 64.8898, success: 19, fail: 6
Episode: 489, Reward: 74.9349, success: 20, fail: 5
Episode: 490, Reward: 70.8433, success: 20, fail: 5
Episode: 491, Reward: 75.3262, success: 20, fail: 5
Episode: 492, Reward: 82.0608, success: 21, fail: 4
Episode: 493, Reward: 60.8532, success: 19, fail: 6
Episode: 494, Reward: 63.3763, success: 19, fail: 6
Episode: 495, Reward: 52.5781, success: 18, fail: 7
Episode: 496, Reward: 72.5790, success: 20, fail: 5
Episode: 497, Reward: 81.6047, success: 21, fail: 4
Episode: 498, Reward: 92.1638, success: 22, fail: 3
Episode: 499, Reward: 50.0844, success: 18, fail: 7
Episode: 500, Reward: 49.8418, success: 18, fail: 7
Episode: 501, Reward: 54.5449, success: 18, fail: 7
Episode: 502, Reward: 90.8112, success: 22, fail: 3
Episode: 503, Reward: 73.7139, success: 20, fail: 5
Episode: 504, Reward: 92.0137, success: 22, fail: 3
Episode: 505, Reward: 60.6443, success: 19, fail: 6
Episode: 506, Reward: 63.7457, success: 19, fail: 6
Episode: 507, Reward: 81.7909, success: 21, fail: 4
Episode: 508, Reward: 63.2521, success: 19, fail: 6
Episode: 509, Reward: 84.1339, success: 21, fail: 4
Episode: 510, Reward: 72.3781, success: 20, fail: 5
Episode: 511, Reward: 52.8053, success: 18, fail: 7
Episode: 512, Reward: 70.8206, success: 20, fail: 5
Episode: 513, Reward: 61.2202, success: 19, fail: 6
Episode: 514, Reward: 82.1449, success: 21, fail: 4
Episode: 515, Reward: 82.8263, success: 21, fail: 4
Episode: 516, Reward: 62.2849, success: 19, fail: 6
Episode: 517, Reward: 72.8054, success: 20, fail: 5
Episode: 518, Reward: 75.0241, success: 20, fail: 5
Episode: 519, Reward: 61.5171, success: 19, fail: 6
Episode: 520, Reward: 71.7959, success: 20, fail: 5
Episode: 521, Reward: 63.5880, success: 19, fail: 6
Episode: 522, Reward: 61.7914, success: 19, fail: 6
Episode: 523, Reward: 82.4175, success: 21, fail: 4
Episode: 524, Reward: 61.2637, success: 19, fail: 6
Episode: 525, Reward: 63.4853, success: 19, fail: 6
Episode: 526, Reward: 63.9073, success: 19, fail: 6
Episode: 527, Reward: 62.6769, success: 19, fail: 6
Episode: 528, Reward: 64.5740, success: 19, fail: 6
Episode: 529, Reward: 52.7456, success: 18, fail: 7
Episode: 530, Reward: 72.7716, success: 20, fail: 5
Episode: 531, Reward: 62.7190, success: 19, fail: 6
Episode: 532, Reward: 83.7720, success: 21, fail: 4
Episode: 533, Reward: 73.4555, success: 20, fail: 5
Episode: 534, Reward: 74.8906, success: 20, fail: 5
Episode: 535, Reward: 72.8268, success: 20, fail: 5
Episode: 536, Reward: 54.0080, success: 18, fail: 7
Episode: 537, Reward: 61.6376, success: 19, fail: 6
Episode: 538, Reward: 53.4273, success: 18, fail: 7
Episode: 539, Reward: 53.1139, success: 18, fail: 7
Episode: 540, Reward: 73.9418, success: 20, fail: 5
Episode: 541, Reward: 44.0964, success: 17, fail: 8
Episode: 542, Reward: 71.2120, success: 20, fail: 5
Episode: 543, Reward: 73.8627, success: 20, fail: 5
Episode: 544, Reward: 84.1346, success: 21, fail: 4
Episode: 545, Reward: 73.3228, success: 20, fail: 5
Episode: 546, Reward: 72.2450, success: 20, fail: 5
Episode: 547, Reward: 75.5000, success: 20, fail: 5
Episode: 548, Reward: 70.4406, success: 20, fail: 5
Episode: 549, Reward: 43.0969, success: 17, fail: 8
Episode: 550, Reward: 43.2480, success: 17, fail: 8
Episode: 551, Reward: 64.5099, success: 19, fail: 6
Episode: 552, Reward: 52.7809, success: 18, fail: 7
Episode: 553, Reward: 71.6463, success: 20, fail: 5
Episode: 554, Reward: 53.2011, success: 18, fail: 7
Episode: 555, Reward: 82.1803, success: 21, fail: 4
Episode: 556, Reward: 81.4936, success: 21, fail: 4
Episode: 557, Reward: 74.3699, success: 20, fail: 5
Episode: 558, Reward: 63.7435, success: 19, fail: 6
Episode: 559, Reward: 74.6608, success: 20, fail: 5
Episode: 560, Reward: 64.6710, success: 19, fail: 6
Episode: 561, Reward: 73.2602, success: 20, fail: 5
Episode: 562, Reward: 73.2386, success: 20, fail: 5
Episode: 563, Reward: 63.4428, success: 19, fail: 6
Episode: 564, Reward: 61.7986, success: 19, fail: 6
Episode: 565, Reward: 53.9166, success: 18, fail: 7
Episode: 566, Reward: 63.7345, success: 19, fail: 6
Episode: 567, Reward: 50.5664, success: 18, fail: 7
Episode: 568, Reward: 74.2390, success: 20, fail: 5
Episode: 569, Reward: 74.2296, success: 20, fail: 5
Episode: 570, Reward: 72.5365, success: 20, fail: 5
Episode: 571, Reward: 83.7254, success: 21, fail: 4
Episode: 572, Reward: 53.9240, success: 18, fail: 7
Episode: 573, Reward: 62.2634, success: 19, fail: 6
Episode: 574, Reward: 83.8593, success: 21, fail: 4
Episode: 575, Reward: 81.9640, success: 21, fail: 4
Episode: 576, Reward: 63.3618, success: 19, fail: 6
Episode: 577, Reward: 41.8878, success: 17, fail: 8
Episode: 578, Reward: 65.0384, success: 19, fail: 6
Episode: 579, Reward: 64.6871, success: 19, fail: 6
Episode: 580, Reward: 61.9260, success: 19, fail: 6
Episode: 581, Reward: 63.9584, success: 19, fail: 6
Episode: 582, Reward: 73.2546, success: 20, fail: 5
Episode: 583, Reward: 72.3416, success: 20, fail: 5
Episode: 584, Reward: 63.5343, success: 19, fail: 6
Episode: 585, Reward: 93.1745, success: 22, fail: 3
Episode: 586, Reward: 63.5962, success: 19, fail: 6
Episode: 587, Reward: 62.9737, success: 19, fail: 6
Episode: 588, Reward: 74.4972, success: 20, fail: 5
Episode: 589, Reward: 61.8287, success: 19, fail: 6
Episode: 590, Reward: 63.7600, success: 19, fail: 6
Episode: 591, Reward: 53.2877, success: 18, fail: 7
Episode: 592, Reward: 83.4555, success: 21, fail: 4
Episode: 593, Reward: 71.1327, success: 20, fail: 5
Episode: 594, Reward: 73.3061, success: 20, fail: 5
Episode: 595, Reward: 71.9895, success: 20, fail: 5
Episode: 596, Reward: 85.0209, success: 21, fail: 4
Episode: 597, Reward: 94.2275, success: 22, fail: 3
Episode: 598, Reward: 73.5808, success: 20, fail: 5
Episode: 599, Reward: 73.4625, success: 20, fail: 5
Episode: 600, Reward: 82.8075, success: 21, fail: 4
Episode: 601, Reward: 72.2181, success: 20, fail: 5
Episode: 602, Reward: 63.1879, success: 19, fail: 6
Episode: 603, Reward: 74.8401, success: 20, fail: 5
Episode: 604, Reward: 84.0403, success: 21, fail: 4
Episode: 605, Reward: 55.6218, success: 18, fail: 7
Episode: 606, Reward: 62.6941, success: 19, fail: 6
Episode: 607, Reward: 63.7812, success: 19, fail: 6
Episode: 608, Reward: 93.2550, success: 22, fail: 3
Episode: 609, Reward: 83.4892, success: 21, fail: 4
Episode: 610, Reward: 72.4872, success: 20, fail: 5
Episode: 611, Reward: 63.2627, success: 19, fail: 6
Episode: 612, Reward: 73.3404, success: 20, fail: 5
Episode: 613, Reward: 82.6085, success: 21, fail: 4
Episode: 614, Reward: 81.6795, success: 21, fail: 4
Episode: 615, Reward: 72.5553, success: 20, fail: 5
Episode: 616, Reward: 73.5375, success: 20, fail: 5
Episode: 617, Reward: 61.6390, success: 19, fail: 6
Episode: 618, Reward: 72.7760, success: 20, fail: 5
Episode: 619, Reward: 72.1289, success: 20, fail: 5
Episode: 620, Reward: 52.7086, success: 18, fail: 7
Episode: 621, Reward: 73.0955, success: 20, fail: 5
Episode: 622, Reward: 72.9078, success: 20, fail: 5
Episode: 623, Reward: 73.2193, success: 20, fail: 5
Episode: 624, Reward: 83.7025, success: 21, fail: 4
Episode: 625, Reward: 84.5174, success: 21, fail: 4
Episode: 626, Reward: 73.7064, success: 20, fail: 5
Episode: 627, Reward: 71.7425, success: 20, fail: 5
Episode: 628, Reward: 95.1741, success: 22, fail: 3
Episode: 629, Reward: 72.1597, success: 20, fail: 5
Episode: 630, Reward: 73.3497, success: 20, fail: 5
Episode: 631, Reward: 72.6522, success: 20, fail: 5
Episode: 632, Reward: 90.8374, success: 22, fail: 3
Episode: 633, Reward: 73.4257, success: 20, fail: 5
Episode: 634, Reward: 85.0708, success: 21, fail: 4
Episode: 635, Reward: 71.2559, success: 20, fail: 5
Episode: 636, Reward: 72.9048, success: 20, fail: 5
Episode: 637, Reward: 52.8070, success: 18, fail: 7
Episode: 638, Reward: 80.1502, success: 21, fail: 4
Episode: 639, Reward: 72.9103, success: 20, fail: 5
Episode: 640, Reward: 53.1281, success: 18, fail: 7
Episode: 641, Reward: 81.7091, success: 21, fail: 4
Episode: 642, Reward: 62.9427, success: 19, fail: 6
Episode: 643, Reward: 73.3631, success: 20, fail: 5
Episode: 644, Reward: 73.0431, success: 20, fail: 5
Episode: 645, Reward: 82.6064, success: 21, fail: 4
Episode: 646, Reward: 71.4701, success: 20, fail: 5
Episode: 647, Reward: 71.1604, success: 20, fail: 5
Episode: 648, Reward: 82.5885, success: 21, fail: 4
Episode: 649, Reward: 72.3644, success: 20, fail: 5
Episode: 650, Reward: 82.7874, success: 21, fail: 4
Episode: 651, Reward: 73.2807, success: 20, fail: 5
Episode: 652, Reward: 72.6520, success: 20, fail: 5
Episode: 653, Reward: 71.0675, success: 20, fail: 5
Episode: 654, Reward: 60.9761, success: 19, fail: 6
Episode: 655, Reward: 81.4684, success: 21, fail: 4
Episode: 656, Reward: 82.5820, success: 21, fail: 4
Episode: 657, Reward: 40.3224, success: 17, fail: 8
Episode: 658, Reward: 82.8804, success: 21, fail: 4
Episode: 659, Reward: 63.8245, success: 19, fail: 6
Episode: 660, Reward: 82.1711, success: 21, fail: 4
Episode: 661, Reward: 83.0070, success: 21, fail: 4
Episode: 662, Reward: 72.2786, success: 20, fail: 5
Episode: 663, Reward: 82.3515, success: 21, fail: 4
Episode: 664, Reward: 93.5209, success: 22, fail: 3
Episode: 665, Reward: 83.1967, success: 21, fail: 4
Episode: 666, Reward: 51.8649, success: 18, fail: 7
Episode: 667, Reward: 62.3055, success: 19, fail: 6
Episode: 668, Reward: 93.4887, success: 22, fail: 3
Episode: 669, Reward: 83.3876, success: 21, fail: 4
Episode: 670, Reward: 73.4705, success: 20, fail: 5
Episode: 671, Reward: 62.0373, success: 19, fail: 6
Episode: 672, Reward: 72.9278, success: 20, fail: 5
Episode: 673, Reward: 72.9977, success: 20, fail: 5
Episode: 674, Reward: 73.7384, success: 20, fail: 5
Episode: 675, Reward: 72.0300, success: 20, fail: 5
Episode: 676, Reward: 62.5289, success: 19, fail: 6
Episode: 677, Reward: 71.0871, success: 20, fail: 5
Episode: 678, Reward: 62.6555, success: 19, fail: 6
Episode: 679, Reward: 71.9884, success: 20, fail: 5
Episode: 680, Reward: 71.6731, success: 20, fail: 5
Episode: 681, Reward: 81.6432, success: 21, fail: 4
Episode: 682, Reward: 62.5952, success: 19, fail: 6
Episode: 683, Reward: 80.4866, success: 21, fail: 4
Episode: 684, Reward: 40.5946, success: 17, fail: 8
Episode: 685, Reward: 53.2764, success: 18, fail: 7
Episode: 686, Reward: 42.6609, success: 17, fail: 8
Episode: 687, Reward: 63.7582, success: 19, fail: 6
Episode: 688, Reward: 64.1909, success: 19, fail: 6
Episode: 689, Reward: 81.4240, success: 21, fail: 4
Episode: 690, Reward: 60.5008, success: 19, fail: 6
Episode: 691, Reward: 72.0822, success: 20, fail: 5
Episode: 692, Reward: 71.1856, success: 20, fail: 5
Episode: 693, Reward: 72.6831, success: 20, fail: 5
Episode: 694, Reward: 80.7312, success: 21, fail: 4
Episode: 695, Reward: 72.2894, success: 20, fail: 5
Episode: 696, Reward: 72.1695, success: 20, fail: 5
Episode: 697, Reward: 83.1634, success: 21, fail: 4
Episode: 698, Reward: 82.2564, success: 21, fail: 4
Episode: 699, Reward: 50.7307, success: 18, fail: 7
Episode: 700, Reward: 71.2284, success: 20, fail: 5
Episode: 701, Reward: 73.5809, success: 20, fail: 5
Episode: 702, Reward: 72.8668, success: 20, fail: 5
Episode: 703, Reward: 82.5851, success: 21, fail: 4
Episode: 704, Reward: 82.3611, success: 21, fail: 4
Episode: 705, Reward: 81.8187, success: 21, fail: 4
Episode: 706, Reward: 72.0870, success: 20, fail: 5
Episode: 707, Reward: 63.6995, success: 19, fail: 6
Episode: 708, Reward: 52.5791, success: 18, fail: 7
Episode: 709, Reward: 61.9577, success: 19, fail: 6
Episode: 710, Reward: 62.8090, success: 19, fail: 6
Episode: 711, Reward: 62.1715, success: 19, fail: 6
Episode: 712, Reward: 62.2710, success: 19, fail: 6
Episode: 713, Reward: 81.4173, success: 21, fail: 4
Episode: 714, Reward: 73.5617, success: 20, fail: 5
Episode: 715, Reward: 60.6187, success: 19, fail: 6
Episode: 716, Reward: 61.0247, success: 19, fail: 6
Episode: 717, Reward: 71.9656, success: 20, fail: 5
Episode: 718, Reward: 63.0889, success: 19, fail: 6
Episode: 719, Reward: 82.4179, success: 21, fail: 4
Episode: 720, Reward: 61.2947, success: 19, fail: 6
Episode: 721, Reward: 72.1332, success: 20, fail: 5
Episode: 722, Reward: 72.3107, success: 20, fail: 5
Episode: 723, Reward: 62.5974, success: 19, fail: 6
Episode: 724, Reward: 63.8867, success: 19, fail: 6
Episode: 725, Reward: 72.2239, success: 20, fail: 5
Episode: 726, Reward: 73.0021, success: 20, fail: 5
Episode: 727, Reward: 52.1444, success: 18, fail: 7
Episode: 728, Reward: 51.8278, success: 18, fail: 7
Episode: 729, Reward: 72.5732, success: 20, fail: 5
Episode: 730, Reward: 72.0509, success: 20, fail: 5
Episode: 731, Reward: 61.9326, success: 19, fail: 6
Episode: 732, Reward: 63.1263, success: 19, fail: 6
Episode: 733, Reward: 31.3706, success: 16, fail: 9
Episode: 734, Reward: 52.4080, success: 18, fail: 7
Episode: 735, Reward: 62.2014, success: 19, fail: 6
Episode: 736, Reward: 73.1046, success: 20, fail: 5
Episode: 737, Reward: 62.8010, success: 19, fail: 6
Episode: 738, Reward: 70.5607, success: 20, fail: 5
Episode: 739, Reward: 59.4547, success: 19, fail: 6
Episode: 740, Reward: 62.1537, success: 19, fail: 6
Episode: 741, Reward: 91.5107, success: 22, fail: 3
Episode: 742, Reward: 62.6817, success: 19, fail: 6
Episode: 743, Reward: 62.0279, success: 19, fail: 6
Episode: 744, Reward: 53.5762, success: 18, fail: 7
Episode: 745, Reward: 71.7913, success: 20, fail: 5
Episode: 746, Reward: 73.6441, success: 20, fail: 5
Episode: 747, Reward: 60.5060, success: 19, fail: 6
Episode: 748, Reward: 50.0265, success: 18, fail: 7
Episode: 749, Reward: 81.3323, success: 21, fail: 4
Episode: 750, Reward: 79.6106, success: 21, fail: 4
Episode: 751, Reward: 70.6540, success: 20, fail: 5
Episode: 752, Reward: 50.3219, success: 18, fail: 7
Episode: 753, Reward: 91.2288, success: 22, fail: 3
Episode: 754, Reward: 63.0661, success: 19, fail: 6
Episode: 755, Reward: 73.4348, success: 20, fail: 5
Episode: 756, Reward: 62.2594, success: 19, fail: 6
Episode: 757, Reward: 71.3350, success: 20, fail: 5
Episode: 758, Reward: 50.9566, success: 18, fail: 7
Episode: 759, Reward: 69.0751, success: 20, fail: 5
Episode: 760, Reward: 72.2575, success: 20, fail: 5
Episode: 761, Reward: 72.4966, success: 20, fail: 5
Episode: 762, Reward: 51.9485, success: 18, fail: 7
Episode: 763, Reward: 61.7756, success: 19, fail: 6
Episode: 764, Reward: 61.2591, success: 19, fail: 6
Episode: 765, Reward: 61.1019, success: 19, fail: 6
Episode: 766, Reward: 60.7615, success: 19, fail: 6
Episode: 767, Reward: 71.3788, success: 20, fail: 5
Episode: 768, Reward: 58.3345, success: 19, fail: 6
Episode: 769, Reward: 74.3073, success: 20, fail: 5
Episode: 770, Reward: 71.4928, success: 20, fail: 5
Episode: 771, Reward: 40.5214, success: 17, fail: 8
Episode: 772, Reward: 72.5440, success: 20, fail: 5
Episode: 773, Reward: 60.6943, success: 19, fail: 6
Episode: 774, Reward: 59.4687, success: 19, fail: 6
Episode: 775, Reward: 70.3181, success: 20, fail: 5
Episode: 776, Reward: 62.5771, success: 19, fail: 6
Episode: 777, Reward: 49.6527, success: 18, fail: 7
Episode: 778, Reward: 41.9211, success: 17, fail: 8
Episode: 779, Reward: 41.8095, success: 17, fail: 8
Episode: 780, Reward: 72.6661, success: 20, fail: 5
Episode: 781, Reward: 71.8203, success: 20, fail: 5
Episode: 782, Reward: 61.6332, success: 19, fail: 6
Episode: 783, Reward: 31.4492, success: 16, fail: 9
Episode: 784, Reward: 73.7898, success: 20, fail: 5
Episode: 785, Reward: 62.1169, success: 19, fail: 6
Episode: 786, Reward: 62.8812, success: 19, fail: 6
Episode: 787, Reward: 60.6775, success: 19, fail: 6
Episode: 788, Reward: 53.2013, success: 18, fail: 7
Episode: 789, Reward: 63.3111, success: 19, fail: 6
Episode: 790, Reward: 42.3607, success: 17, fail: 8
Episode: 791, Reward: 72.4294, success: 20, fail: 5
Episode: 792, Reward: 81.6664, success: 21, fail: 4
Episode: 793, Reward: 62.3997, success: 19, fail: 6
Episode: 794, Reward: 73.3892, success: 20, fail: 5
Episode: 795, Reward: 71.7134, success: 20, fail: 5
Episode: 796, Reward: 43.9193, success: 17, fail: 8
Episode: 797, Reward: 72.5733, success: 20, fail: 5
Episode: 798, Reward: 72.5893, success: 20, fail: 5
Episode: 799, Reward: 52.3961, success: 18, fail: 7
Episode: 800, Reward: 54.4387, success: 18, fail: 7
Episode: 801, Reward: 53.3887, success: 18, fail: 7
Episode: 802, Reward: 63.1205, success: 19, fail: 6
Episode: 803, Reward: 70.4957, success: 20, fail: 5
Episode: 804, Reward: 52.0185, success: 18, fail: 7
Episode: 805, Reward: 39.5569, success: 17, fail: 8
Episode: 806, Reward: 82.6032, success: 21, fail: 4
Episode: 807, Reward: 61.5472, success: 19, fail: 6
Episode: 808, Reward: 50.5335, success: 18, fail: 7
Episode: 809, Reward: 51.7301, success: 18, fail: 7
Episode: 810, Reward: 51.7493, success: 18, fail: 7
Episode: 811, Reward: 61.6218, success: 19, fail: 6
Episode: 812, Reward: 61.9882, success: 19, fail: 6
Episode: 813, Reward: 49.9555, success: 18, fail: 7
Episode: 814, Reward: 62.8098, success: 19, fail: 6
Episode: 815, Reward: 62.3849, success: 19, fail: 6
Episode: 816, Reward: 70.6364, success: 20, fail: 5
Episode: 817, Reward: 51.6111, success: 18, fail: 7
Episode: 818, Reward: 51.3818, success: 18, fail: 7
Episode: 819, Reward: 52.2573, success: 18, fail: 7
Episode: 820, Reward: 53.6287, success: 18, fail: 7
Episode: 821, Reward: 60.7778, success: 19, fail: 6
Episode: 822, Reward: 42.5855, success: 17, fail: 8
Episode: 823, Reward: 42.4494, success: 17, fail: 8
Episode: 824, Reward: 39.8816, success: 17, fail: 8
Episode: 825, Reward: 62.6775, success: 19, fail: 6
Episode: 826, Reward: 69.8531, success: 20, fail: 5
Episode: 827, Reward: 50.2153, success: 18, fail: 7
Episode: 828, Reward: 39.9410, success: 17, fail: 8
Episode: 829, Reward: 51.9204, success: 18, fail: 7
Episode: 830, Reward: 59.6406, success: 19, fail: 6
Episode: 831, Reward: 71.4663, success: 20, fail: 5
Episode: 832, Reward: 62.4182, success: 19, fail: 6
Episode: 833, Reward: 70.9012, success: 20, fail: 5
Episode: 834, Reward: 62.8811, success: 19, fail: 6
Episode: 835, Reward: 61.6711, success: 19, fail: 6
Episode: 836, Reward: 53.6210, success: 18, fail: 7
Episode: 837, Reward: 60.8604, success: 19, fail: 6
Episode: 838, Reward: 82.3550, success: 21, fail: 4
Episode: 839, Reward: 40.4473, success: 17, fail: 8
Episode: 840, Reward: 72.2515, success: 20, fail: 5
Episode: 841, Reward: 62.7016, success: 19, fail: 6
Episode: 842, Reward: 40.9207, success: 17, fail: 8
Episode: 843, Reward: 71.8759, success: 20, fail: 5
Episode: 844, Reward: 42.2851, success: 17, fail: 8
Episode: 845, Reward: 92.6794, success: 22, fail: 3
Episode: 846, Reward: 72.4134, success: 20, fail: 5
Episode: 847, Reward: 61.1111, success: 19, fail: 6
Episode: 848, Reward: 62.8823, success: 19, fail: 6
Episode: 849, Reward: 62.1629, success: 19, fail: 6
Episode: 850, Reward: 40.4130, success: 17, fail: 8
Episode: 851, Reward: 70.3403, success: 20, fail: 5
Episode: 852, Reward: 30.7287, success: 16, fail: 9
Episode: 853, Reward: 51.2631, success: 18, fail: 7
Episode: 854, Reward: 49.6752, success: 18, fail: 7
Episode: 855, Reward: 70.6559, success: 20, fail: 5
Episode: 856, Reward: 72.6620, success: 20, fail: 5
Episode: 857, Reward: 62.6857, success: 19, fail: 6
Episode: 858, Reward: 72.5996, success: 20, fail: 5
Episode: 859, Reward: 43.4206, success: 17, fail: 8
Episode: 860, Reward: 51.8609, success: 18, fail: 7
Episode: 861, Reward: 42.8734, success: 17, fail: 8
Episode: 862, Reward: 73.0435, success: 20, fail: 5
Episode: 863, Reward: 71.8581, success: 20, fail: 5
Episode: 864, Reward: 61.1654, success: 19, fail: 6
Episode: 865, Reward: 70.0545, success: 20, fail: 5
Episode: 866, Reward: 32.3993, success: 16, fail: 9
Episode: 867, Reward: 61.9722, success: 19, fail: 6
Episode: 868, Reward: 44.2285, success: 17, fail: 8
Episode: 869, Reward: 52.2172, success: 18, fail: 7
Episode: 870, Reward: 54.0708, success: 18, fail: 7
Episode: 871, Reward: 53.4252, success: 18, fail: 7
Episode: 872, Reward: 61.8664, success: 19, fail: 6
Episode: 873, Reward: 72.7204, success: 20, fail: 5
Episode: 874, Reward: 61.5670, success: 19, fail: 6
Episode: 875, Reward: 52.2080, success: 18, fail: 7
Episode: 876, Reward: 51.6165, success: 18, fail: 7
Episode: 877, Reward: 62.5938, success: 19, fail: 6
Episode: 878, Reward: 62.5442, success: 19, fail: 6
Episode: 879, Reward: 43.9892, success: 17, fail: 8
Episode: 880, Reward: 60.3504, success: 19, fail: 6
Episode: 881, Reward: 44.2005, success: 17, fail: 8
Episode: 882, Reward: 72.2262, success: 20, fail: 5
Episode: 883, Reward: 54.0601, success: 18, fail: 7
Episode: 884, Reward: 75.7561, success: 20, fail: 5
Episode: 885, Reward: 43.1516, success: 17, fail: 8
Episode: 886, Reward: 33.0081, success: 16, fail: 9
Episode: 887, Reward: 73.0973, success: 20, fail: 5
Episode: 888, Reward: 33.1936, success: 16, fail: 9
Episode: 889, Reward: 72.0580, success: 20, fail: 5
Episode: 890, Reward: 62.0577, success: 19, fail: 6
Episode: 891, Reward: 52.6210, success: 18, fail: 7
Episode: 892, Reward: 62.0746, success: 19, fail: 6
Episode: 893, Reward: 62.1656, success: 19, fail: 6
Episode: 894, Reward: 61.8166, success: 19, fail: 6
Episode: 895, Reward: 52.3226, success: 18, fail: 7
Episode: 896, Reward: 60.9314, success: 19, fail: 6
Episode: 897, Reward: 74.2990, success: 20, fail: 5
Episode: 898, Reward: 62.8067, success: 19, fail: 6
Episode: 899, Reward: 51.5333, success: 18, fail: 7
Episode: 900, Reward: 62.7312, success: 19, fail: 6
Episode: 901, Reward: 63.3933, success: 19, fail: 6
Episode: 902, Reward: 51.9719, success: 18, fail: 7
Episode: 903, Reward: 52.7919, success: 18, fail: 7
Episode: 904, Reward: 50.9621, success: 18, fail: 7
Episode: 905, Reward: 52.7688, success: 18, fail: 7
Episode: 906, Reward: 52.1561, success: 18, fail: 7
Episode: 907, Reward: 33.0038, success: 16, fail: 9
Episode: 908, Reward: 63.2431, success: 19, fail: 6
Episode: 909, Reward: 62.3388, success: 19, fail: 6
Episode: 910, Reward: 52.9079, success: 18, fail: 7
Episode: 911, Reward: 50.5961, success: 18, fail: 7
Episode: 912, Reward: 81.1793, success: 21, fail: 4
Episode: 913, Reward: 61.7718, success: 19, fail: 6
Episode: 914, Reward: 62.2882, success: 19, fail: 6
Episode: 915, Reward: 63.5666, success: 19, fail: 6
Episode: 916, Reward: 52.6640, success: 18, fail: 7
Episode: 917, Reward: 52.5093, success: 18, fail: 7
Episode: 918, Reward: 51.8395, success: 18, fail: 7
Episode: 919, Reward: 41.5800, success: 17, fail: 8
Episode: 920, Reward: 60.6961, success: 19, fail: 6
Episode: 921, Reward: 63.0720, success: 19, fail: 6
Episode: 922, Reward: 52.2297, success: 18, fail: 7
Episode: 923, Reward: 61.4156, success: 19, fail: 6
Episode: 924, Reward: 51.8670, success: 18, fail: 7
Episode: 925, Reward: 61.1786, success: 19, fail: 6
Episode: 926, Reward: 71.6230, success: 20, fail: 5
Episode: 927, Reward: 71.8584, success: 20, fail: 5
Episode: 928, Reward: 53.0369, success: 18, fail: 7
Episode: 929, Reward: 42.0016, success: 17, fail: 8
Episode: 930, Reward: 51.9666, success: 18, fail: 7
Episode: 931, Reward: 51.8469, success: 18, fail: 7
Episode: 932, Reward: 41.7714, success: 17, fail: 8
Episode: 933, Reward: 72.3497, success: 20, fail: 5
Episode: 934, Reward: 61.7005, success: 19, fail: 6
Episode: 935, Reward: 63.9971, success: 19, fail: 6
Episode: 936, Reward: 62.3430, success: 19, fail: 6
Episode: 937, Reward: 72.2117, success: 20, fail: 5
Episode: 938, Reward: 61.1653, success: 19, fail: 6
Episode: 939, Reward: 52.9084, success: 18, fail: 7
Episode: 940, Reward: 72.1699, success: 20, fail: 5
Episode: 941, Reward: 60.9106, success: 19, fail: 6
Episode: 942, Reward: 42.6355, success: 17, fail: 8
Episode: 943, Reward: 73.5166, success: 20, fail: 5
Episode: 944, Reward: 42.3815, success: 17, fail: 8
Episode: 945, Reward: 63.1421, success: 19, fail: 6
Episode: 946, Reward: 63.3852, success: 19, fail: 6
Episode: 947, Reward: 62.5354, success: 19, fail: 6
Episode: 948, Reward: 72.3834, success: 20, fail: 5
Episode: 949, Reward: 62.8670, success: 19, fail: 6
Episode: 950, Reward: 73.2901, success: 20, fail: 5
Episode: 951, Reward: 72.5977, success: 20, fail: 5
Episode: 952, Reward: 81.1631, success: 21, fail: 4
Episode: 953, Reward: 63.3998, success: 19, fail: 6
Episode: 954, Reward: 42.9213, success: 17, fail: 8
Episode: 955, Reward: 63.9769, success: 19, fail: 6
Episode: 956, Reward: 62.2567, success: 19, fail: 6
Episode: 957, Reward: 62.0053, success: 19, fail: 6
Episode: 958, Reward: 41.3878, success: 17, fail: 8
Episode: 959, Reward: 72.9213, success: 20, fail: 5
Episode: 960, Reward: 42.7458, success: 17, fail: 8
Episode: 961, Reward: 42.0908, success: 17, fail: 8
Episode: 962, Reward: 55.2252, success: 18, fail: 7
Episode: 963, Reward: 62.5672, success: 19, fail: 6
Episode: 964, Reward: 61.0055, success: 19, fail: 6
Episode: 965, Reward: 72.1991, success: 20, fail: 5
Episode: 966, Reward: 63.1241, success: 19, fail: 6
Episode: 967, Reward: 71.9505, success: 20, fail: 5
Episode: 968, Reward: 51.9640, success: 18, fail: 7
Episode: 969, Reward: 41.1797, success: 17, fail: 8
Episode: 970, Reward: 71.6133, success: 20, fail: 5
Episode: 971, Reward: 52.2173, success: 18, fail: 7
Episode: 972, Reward: 42.6567, success: 17, fail: 8
Episode: 973, Reward: 71.1867, success: 20, fail: 5
Episode: 974, Reward: 52.2248, success: 18, fail: 7
Episode: 975, Reward: 52.7518, success: 18, fail: 7
Episode: 976, Reward: 51.1675, success: 18, fail: 7
Episode: 977, Reward: 72.3884, success: 20, fail: 5
Episode: 978, Reward: 72.0892, success: 20, fail: 5
Episode: 979, Reward: 51.9413, success: 18, fail: 7
Episode: 980, Reward: 53.7773, success: 18, fail: 7
Episode: 981, Reward: 62.7174, success: 19, fail: 6
Episode: 982, Reward: 71.3590, success: 20, fail: 5
Episode: 983, Reward: 71.8551, success: 20, fail: 5
Episode: 984, Reward: 43.1859, success: 17, fail: 8
Episode: 985, Reward: 72.7334, success: 20, fail: 5
Episode: 986, Reward: 64.6022, success: 19, fail: 6
Episode: 987, Reward: 23.9212, success: 15, fail: 10
Episode: 988, Reward: 74.8365, success: 20, fail: 5
Episode: 989, Reward: 43.1437, success: 17, fail: 8
Episode: 990, Reward: 62.9781, success: 19, fail: 6
Episode: 991, Reward: 63.2057, success: 19, fail: 6
Episode: 992, Reward: 62.1180, success: 19, fail: 6
Episode: 993, Reward: 52.8272, success: 18, fail: 7
Episode: 994, Reward: 73.8035, success: 20, fail: 5
Episode: 995, Reward: 72.6460, success: 20, fail: 5
Episode: 996, Reward: 53.5350, success: 18, fail: 7
Episode: 997, Reward: 72.5062, success: 20, fail: 5
Episode: 998, Reward: 62.0832, success: 19, fail: 6
Episode: 999, Reward: 53.4667, success: 18, fail: 7
Episode: 1000, Reward: 53.0744, success: 18, fail: 7
Episode: 1001, Reward: 51.9113, success: 18, fail: 7
Episode: 1002, Reward: 60.6672, success: 19, fail: 6
Episode: 1003, Reward: 54.4366, success: 18, fail: 7
Episode: 1004, Reward: 72.1833, success: 20, fail: 5
Episode: 1005, Reward: 62.5534, success: 19, fail: 6
Episode: 1006, Reward: 42.6486, success: 17, fail: 8
Episode: 1007, Reward: 62.9735, success: 19, fail: 6
Episode: 1008, Reward: 82.0147, success: 21, fail: 4
Episode: 1009, Reward: 53.3311, success: 18, fail: 7
Episode: 1010, Reward: 72.5063, success: 20, fail: 5
Episode: 1011, Reward: 62.0389, success: 19, fail: 6
Episode: 1012, Reward: 63.4329, success: 19, fail: 6
Episode: 1013, Reward: 53.0182, success: 18, fail: 7
Episode: 1014, Reward: 83.0895, success: 21, fail: 4
Episode: 1015, Reward: 61.6704, success: 19, fail: 6
Episode: 1016, Reward: 51.1573, success: 18, fail: 7
Episode: 1017, Reward: 42.8317, success: 17, fail: 8
Episode: 1018, Reward: 51.8323, success: 18, fail: 7
Episode: 1019, Reward: 73.2368, success: 20, fail: 5
Episode: 1020, Reward: 73.1276, success: 20, fail: 5
Episode: 1021, Reward: 61.7526, success: 19, fail: 6
Episode: 1022, Reward: 51.5551, success: 18, fail: 7
Episode: 1023, Reward: 71.9374, success: 20, fail: 5
Episode: 1024, Reward: 62.8009, success: 19, fail: 6
Episode: 1025, Reward: 62.6693, success: 19, fail: 6
Episode: 1026, Reward: 44.1869, success: 17, fail: 8
Episode: 1027, Reward: 73.9088, success: 20, fail: 5
Episode: 1028, Reward: 73.1386, success: 20, fail: 5
Episode: 1029, Reward: 63.8875, success: 19, fail: 6
Episode: 1030, Reward: 73.8049, success: 20, fail: 5
Episode: 1031, Reward: 53.4326, success: 18, fail: 7
Episode: 1032, Reward: 54.2524, success: 18, fail: 7
Episode: 1033, Reward: 43.7238, success: 17, fail: 8
Episode: 1034, Reward: 72.2679, success: 20, fail: 5
Episode: 1035, Reward: 62.9615, success: 19, fail: 6
Episode: 1036, Reward: 72.2997, success: 20, fail: 5
Episode: 1037, Reward: 62.1865, success: 19, fail: 6
Episode: 1038, Reward: 72.8729, success: 20, fail: 5
Episode: 1039, Reward: 61.7641, success: 19, fail: 6
Episode: 1040, Reward: 51.8208, success: 18, fail: 7
Episode: 1041, Reward: 42.4494, success: 17, fail: 8
Episode: 1042, Reward: 52.8184, success: 18, fail: 7
Episode: 1043, Reward: 61.8277, success: 19, fail: 6
Episode: 1044, Reward: 61.9994, success: 19, fail: 6
Episode: 1045, Reward: 42.1342, success: 17, fail: 8
Episode: 1046, Reward: 42.2116, success: 17, fail: 8
Episode: 1047, Reward: 73.0700, success: 20, fail: 5
Episode: 1048, Reward: 61.5628, success: 19, fail: 6
Episode: 1049, Reward: 72.6331, success: 20, fail: 5
Episode: 1050, Reward: 72.0833, success: 20, fail: 5
Episode: 1051, Reward: 52.8129, success: 18, fail: 7
Episode: 1052, Reward: 52.8057, success: 18, fail: 7
Episode: 1053, Reward: 72.8974, success: 20, fail: 5
Episode: 1054, Reward: 72.4268, success: 20, fail: 5
Episode: 1055, Reward: 59.3566, success: 19, fail: 6
Episode: 1056, Reward: 62.0672, success: 19, fail: 6
Episode: 1057, Reward: 62.8277, success: 19, fail: 6
Episode: 1058, Reward: 60.9109, success: 19, fail: 6
Episode: 1059, Reward: 71.5347, success: 20, fail: 5
Episode: 1060, Reward: 50.9734, success: 18, fail: 7
Episode: 1061, Reward: 72.8090, success: 20, fail: 5
Episode: 1062, Reward: 52.8418, success: 18, fail: 7
Episode: 1063, Reward: 53.4303, success: 18, fail: 7
Episode: 1064, Reward: 62.1855, success: 19, fail: 6
Episode: 1065, Reward: 63.1450, success: 19, fail: 6
Episode: 1066, Reward: 51.2666, success: 18, fail: 7
Episode: 1067, Reward: 62.6605, success: 19, fail: 6
Episode: 1068, Reward: 52.0641, success: 18, fail: 7
Episode: 1069, Reward: 72.7251, success: 20, fail: 5
Episode: 1070, Reward: 62.5187, success: 19, fail: 6
Episode: 1071, Reward: 85.2000, success: 21, fail: 4
Episode: 1072, Reward: 42.3151, success: 17, fail: 8
Episode: 1073, Reward: 73.2314, success: 20, fail: 5
Episode: 1074, Reward: 61.2760, success: 19, fail: 6
Episode: 1075, Reward: 61.7936, success: 19, fail: 6
Episode: 1076, Reward: 60.9784, success: 19, fail: 6
Episode: 1077, Reward: 62.6779, success: 19, fail: 6
Episode: 1078, Reward: 72.0300, success: 20, fail: 5
Episode: 1079, Reward: 51.4988, success: 18, fail: 7
Episode: 1080, Reward: 72.2347, success: 20, fail: 5
Episode: 1081, Reward: 42.4668, success: 17, fail: 8
Episode: 1082, Reward: 64.8026, success: 19, fail: 6
Episode: 1083, Reward: 53.1831, success: 18, fail: 7
Episode: 1084, Reward: 62.1061, success: 19, fail: 6
Episode: 1085, Reward: 61.1720, success: 19, fail: 6
Episode: 1086, Reward: 31.3381, success: 16, fail: 9
Episode: 1087, Reward: 62.8685, success: 19, fail: 6
Episode: 1088, Reward: 52.5818, success: 18, fail: 7
Episode: 1089, Reward: 73.2444, success: 20, fail: 5
Episode: 1090, Reward: 52.1608, success: 18, fail: 7
Episode: 1091, Reward: 72.9761, success: 20, fail: 5
Episode: 1092, Reward: 73.7706, success: 20, fail: 5
Episode: 1093, Reward: 62.6656, success: 19, fail: 6
Episode: 1094, Reward: 61.8268, success: 19, fail: 6
Episode: 1095, Reward: 61.0872, success: 19, fail: 6
Episode: 1096, Reward: 51.9955, success: 18, fail: 7
Episode: 1097, Reward: 51.9796, success: 18, fail: 7
Episode: 1098, Reward: 53.9281, success: 18, fail: 7
Episode: 1099, Reward: 62.3296, success: 19, fail: 6
Episode: 1100, Reward: 52.5833, success: 18, fail: 7
Episode: 1101, Reward: 70.5005, success: 20, fail: 5
Episode: 1102, Reward: 63.4662, success: 19, fail: 6
Episode: 1103, Reward: 52.7244, success: 18, fail: 7
Episode: 1104, Reward: 53.8257, success: 18, fail: 7
Episode: 1105, Reward: 52.3013, success: 18, fail: 7
Episode: 1106, Reward: 42.6686, success: 17, fail: 8
Episode: 1107, Reward: 60.2452, success: 19, fail: 6
Episode: 1108, Reward: 73.7396, success: 20, fail: 5
Episode: 1109, Reward: 42.9604, success: 17, fail: 8
Episode: 1110, Reward: 62.8504, success: 19, fail: 6
Episode: 1111, Reward: 52.5369, success: 18, fail: 7
Episode: 1112, Reward: 52.9754, success: 18, fail: 7
Episode: 1113, Reward: 52.9648, success: 18, fail: 7
Episode: 1114, Reward: 42.6412, success: 17, fail: 8
Episode: 1115, Reward: 63.0971, success: 19, fail: 6
Episode: 1116, Reward: 52.6401, success: 18, fail: 7
Episode: 1117, Reward: 63.2298, success: 19, fail: 6
Episode: 1118, Reward: 64.3093, success: 19, fail: 6
Episode: 1119, Reward: 53.3464, success: 18, fail: 7
Episode: 1120, Reward: 41.8616, success: 17, fail: 8
Episode: 1121, Reward: 64.0403, success: 19, fail: 6
Episode: 1122, Reward: 44.1323, success: 17, fail: 8
Episode: 1123, Reward: 42.0278, success: 17, fail: 8
Episode: 1124, Reward: 52.3164, success: 18, fail: 7
Episode: 1125, Reward: 52.5450, success: 18, fail: 7
Episode: 1126, Reward: 54.5278, success: 18, fail: 7
Episode: 1127, Reward: 64.6922, success: 19, fail: 6
Episode: 1128, Reward: 61.5494, success: 19, fail: 6
Episode: 1129, Reward: 53.4666, success: 18, fail: 7
Episode: 1130, Reward: 53.1173, success: 18, fail: 7
Episode: 1131, Reward: 62.9561, success: 19, fail: 6
Episode: 1132, Reward: 52.9695, success: 18, fail: 7
Episode: 1133, Reward: 54.2363, success: 18, fail: 7
Episode: 1134, Reward: 53.1804, success: 18, fail: 7
Episode: 1135, Reward: 74.2670, success: 20, fail: 5
Episode: 1136, Reward: 53.9083, success: 18, fail: 7
Episode: 1137, Reward: 52.9299, success: 18, fail: 7
Episode: 1138, Reward: 53.8775, success: 18, fail: 7
Episode: 1139, Reward: 53.1347, success: 18, fail: 7
Episode: 1140, Reward: 74.8056, success: 20, fail: 5
Episode: 1141, Reward: 74.3671, success: 20, fail: 5
Episode: 1142, Reward: 42.5194, success: 17, fail: 8
Episode: 1143, Reward: 51.5979, success: 18, fail: 7
Episode: 1144, Reward: 43.3643, success: 17, fail: 8
Episode: 1145, Reward: 41.8381, success: 17, fail: 8
Episode: 1146, Reward: 54.4656, success: 18, fail: 7
Episode: 1147, Reward: 63.6819, success: 19, fail: 6
Episode: 1148, Reward: 43.5982, success: 17, fail: 8
Episode: 1149, Reward: 74.7434, success: 20, fail: 5
Episode: 1150, Reward: 63.5270, success: 19, fail: 6
Episode: 1151, Reward: 63.1339, success: 19, fail: 6
Episode: 1152, Reward: 44.3547, success: 17, fail: 8
Episode: 1153, Reward: 52.7572, success: 18, fail: 7
Episode: 1154, Reward: 44.3508, success: 17, fail: 8
Episode: 1155, Reward: 44.4956, success: 17, fail: 8
Episode: 1156, Reward: 63.3920, success: 19, fail: 6
Episode: 1157, Reward: 63.2615, success: 19, fail: 6
Episode: 1158, Reward: 53.3869, success: 18, fail: 7
Episode: 1159, Reward: 52.9148, success: 18, fail: 7
Episode: 1160, Reward: 54.2897, success: 18, fail: 7
Episode: 1161, Reward: 62.8777, success: 19, fail: 6
Episode: 1162, Reward: 64.9121, success: 19, fail: 6
Episode: 1163, Reward: 43.6132, success: 17, fail: 8
Episode: 1164, Reward: 43.7829, success: 17, fail: 8
Episode: 1165, Reward: 45.0174, success: 17, fail: 8
Episode: 1166, Reward: 63.0524, success: 19, fail: 6
Episode: 1167, Reward: 64.6008, success: 19, fail: 6
Episode: 1168, Reward: 53.8445, success: 18, fail: 7
Episode: 1169, Reward: 63.6984, success: 19, fail: 6
Episode: 1170, Reward: 43.7870, success: 17, fail: 8
Episode: 1171, Reward: 43.5930, success: 17, fail: 8
Episode: 1172, Reward: 64.3887, success: 19, fail: 6
Episode: 1173, Reward: 52.8328, success: 18, fail: 7
Episode: 1174, Reward: 42.9170, success: 17, fail: 8
Episode: 1175, Reward: 64.0222, success: 19, fail: 6
Episode: 1176, Reward: 63.7168, success: 19, fail: 6
Episode: 1177, Reward: 53.0470, success: 18, fail: 7
Episode: 1178, Reward: 51.5417, success: 18, fail: 7
Episode: 1179, Reward: 53.3012, success: 18, fail: 7
Episode: 1180, Reward: 62.8052, success: 19, fail: 6
Episode: 1181, Reward: 62.7808, success: 19, fail: 6
Episode: 1182, Reward: 51.7864, success: 18, fail: 7
Episode: 1183, Reward: 63.5922, success: 19, fail: 6
Episode: 1184, Reward: 52.3137, success: 18, fail: 7
Episode: 1185, Reward: 72.7685, success: 20, fail: 5
Episode: 1186, Reward: 64.1181, success: 19, fail: 6
Episode: 1187, Reward: 54.1787, success: 18, fail: 7
Episode: 1188, Reward: 63.6809, success: 19, fail: 6
Episode: 1189, Reward: 62.9995, success: 19, fail: 6
Episode: 1190, Reward: 73.1918, success: 20, fail: 5
Episode: 1191, Reward: 74.2702, success: 20, fail: 5
Episode: 1192, Reward: 64.2377, success: 19, fail: 6
Episode: 1193, Reward: 63.9810, success: 19, fail: 6
Episode: 1194, Reward: 51.5503, success: 18, fail: 7
Episode: 1195, Reward: 63.9716, success: 19, fail: 6
Episode: 1196, Reward: 43.6766, success: 17, fail: 8
Episode: 1197, Reward: 61.5049, success: 19, fail: 6
Episode: 1198, Reward: 63.5641, success: 19, fail: 6
Episode: 1199, Reward: 44.3834, success: 17, fail: 8
Episode: 1200, Reward: 62.6163, success: 19, fail: 6
Episode: 1201, Reward: 74.1328, success: 20, fail: 5
Episode: 1202, Reward: 72.7221, success: 20, fail: 5
Episode: 1203, Reward: 63.1240, success: 19, fail: 6
Episode: 1204, Reward: 64.2984, success: 19, fail: 6
Episode: 1205, Reward: 62.4800, success: 19, fail: 6
Episode: 1206, Reward: 72.4480, success: 20, fail: 5
Episode: 1207, Reward: 42.2943, success: 17, fail: 8
Episode: 1208, Reward: 53.0566, success: 18, fail: 7
Episode: 1209, Reward: 62.9120, success: 19, fail: 6
Episode: 1210, Reward: 52.4654, success: 18, fail: 7
Episode: 1211, Reward: 62.9194, success: 19, fail: 6
Episode: 1212, Reward: 62.3826, success: 19, fail: 6
Episode: 1213, Reward: 65.1860, success: 19, fail: 6
Episode: 1214, Reward: 53.9766, success: 18, fail: 7
Episode: 1215, Reward: 73.6330, success: 20, fail: 5
Episode: 1216, Reward: 62.5810, success: 19, fail: 6
Episode: 1217, Reward: 63.4696, success: 19, fail: 6
Episode: 1218, Reward: 52.9538, success: 18, fail: 7
Episode: 1219, Reward: 52.7083, success: 18, fail: 7
Episode: 1220, Reward: 63.2971, success: 19, fail: 6
Episode: 1221, Reward: 62.5712, success: 19, fail: 6
Episode: 1222, Reward: 61.2714, success: 19, fail: 6
Episode: 1223, Reward: 64.4951, success: 19, fail: 6
Episode: 1224, Reward: 45.0929, success: 17, fail: 8
Episode: 1225, Reward: 62.3304, success: 19, fail: 6
Episode: 1226, Reward: 53.1489, success: 18, fail: 7
Episode: 1227, Reward: 72.9869, success: 20, fail: 5
Episode: 1228, Reward: 64.4808, success: 19, fail: 6
Episode: 1229, Reward: 63.9096, success: 19, fail: 6
Episode: 1230, Reward: 63.0791, success: 19, fail: 6
Episode: 1231, Reward: 52.9478, success: 18, fail: 7
Episode: 1232, Reward: 52.7241, success: 18, fail: 7
Episode: 1233, Reward: 63.5601, success: 19, fail: 6
Episode: 1234, Reward: 54.4979, success: 18, fail: 7
Episode: 1235, Reward: 55.1626, success: 18, fail: 7
Episode: 1236, Reward: 63.5442, success: 19, fail: 6
Episode: 1237, Reward: 41.9969, success: 17, fail: 8
Episode: 1238, Reward: 73.1882, success: 20, fail: 5
Episode: 1239, Reward: 52.8829, success: 18, fail: 7
Episode: 1240, Reward: 53.1765, success: 18, fail: 7
Episode: 1241, Reward: 52.7845, success: 18, fail: 7
Episode: 1242, Reward: 52.6465, success: 18, fail: 7
Episode: 1243, Reward: 52.3632, success: 18, fail: 7
Episode: 1244, Reward: 53.6443, success: 18, fail: 7
Episode: 1245, Reward: 53.9656, success: 18, fail: 7
Episode: 1246, Reward: 53.9214, success: 18, fail: 7
Episode: 1247, Reward: 54.1595, success: 18, fail: 7
Episode: 1248, Reward: 43.5481, success: 17, fail: 8
Episode: 1249, Reward: 42.7415, success: 17, fail: 8
Episode: 1250, Reward: 43.1760, success: 17, fail: 8
Episode: 1251, Reward: 40.9599, success: 17, fail: 8
Episode: 1252, Reward: 23.7475, success: 15, fail: 10
Episode: 1253, Reward: 52.9331, success: 18, fail: 7
Episode: 1254, Reward: 55.3331, success: 18, fail: 7
Episode: 1255, Reward: 53.1051, success: 18, fail: 7
Episode: 1256, Reward: 43.0949, success: 17, fail: 8
Episode: 1257, Reward: 54.0877, success: 18, fail: 7
Episode: 1258, Reward: 42.2716, success: 17, fail: 8
Episode: 1259, Reward: 64.4462, success: 19, fail: 6
Episode: 1260, Reward: 52.9737, success: 18, fail: 7
Episode: 1261, Reward: 53.9225, success: 18, fail: 7
Episode: 1262, Reward: 51.9927, success: 18, fail: 7
Episode: 1263, Reward: 44.2444, success: 17, fail: 8
Episode: 1264, Reward: 53.5368, success: 18, fail: 7
Episode: 1265, Reward: 44.7237, success: 17, fail: 8
Episode: 1266, Reward: 44.0290, success: 17, fail: 8
Episode: 1267, Reward: 53.4468, success: 18, fail: 7
Episode: 1268, Reward: 54.3041, success: 18, fail: 7
Episode: 1269, Reward: 43.4434, success: 17, fail: 8
Episode: 1270, Reward: 44.8479, success: 17, fail: 8
Episode: 1271, Reward: 53.8183, success: 18, fail: 7
Episode: 1272, Reward: 45.4949, success: 17, fail: 8
Episode: 1273, Reward: 45.2781, success: 17, fail: 8
Episode: 1274, Reward: 44.2102, success: 17, fail: 8
Episode: 1275, Reward: 42.8107, success: 17, fail: 8
Episode: 1276, Reward: 55.2815, success: 18, fail: 7
Episode: 1277, Reward: 44.4000, success: 17, fail: 8
Episode: 1278, Reward: 53.6737, success: 18, fail: 7
Episode: 1279, Reward: 44.5312, success: 17, fail: 8
Episode: 1280, Reward: 42.7776, success: 17, fail: 8
Episode: 1281, Reward: 55.8335, success: 18, fail: 7
Episode: 1282, Reward: 52.0581, success: 18, fail: 7
Episode: 1283, Reward: 53.7291, success: 18, fail: 7
Episode: 1284, Reward: 53.9732, success: 18, fail: 7
Episode: 1285, Reward: 44.2400, success: 17, fail: 8
Episode: 1286, Reward: 43.4193, success: 17, fail: 8
Episode: 1287, Reward: 44.7691, success: 17, fail: 8
Episode: 1288, Reward: 44.8336, success: 17, fail: 8
Episode: 1289, Reward: 54.7867, success: 18, fail: 7
Episode: 1290, Reward: 34.1564, success: 16, fail: 9
Episode: 1291, Reward: 43.0926, success: 17, fail: 8
Episode: 1292, Reward: 42.6298, success: 17, fail: 8
Episode: 1293, Reward: 34.5454, success: 16, fail: 9
Episode: 1294, Reward: 53.6845, success: 18, fail: 7
Episode: 1295, Reward: 32.9170, success: 16, fail: 9
Episode: 1296, Reward: 65.0088, success: 19, fail: 6
Episode: 1297, Reward: 33.7910, success: 16, fail: 9
Episode: 1298, Reward: 54.3480, success: 18, fail: 7
Episode: 1299, Reward: 43.7996, success: 17, fail: 8
Episode: 1300, Reward: 63.1312, success: 19, fail: 6
Episode: 1301, Reward: 34.1322, success: 16, fail: 9
Episode: 1302, Reward: 32.0247, success: 16, fail: 9
Episode: 1303, Reward: 43.3720, success: 17, fail: 8
Episode: 1304, Reward: 32.1887, success: 16, fail: 9
Episode: 1305, Reward: 43.1913, success: 17, fail: 8
Episode: 1306, Reward: 43.4081, success: 17, fail: 8
Episode: 1307, Reward: 24.2676, success: 15, fail: 10
Episode: 1308, Reward: 34.7321, success: 16, fail: 9
Episode: 1309, Reward: 53.9771, success: 18, fail: 7
Episode: 1310, Reward: 64.4094, success: 19, fail: 6
Episode: 1311, Reward: 33.5588, success: 16, fail: 9
Episode: 1312, Reward: 52.3831, success: 18, fail: 7
Episode: 1313, Reward: 55.0474, success: 18, fail: 7
Episode: 1314, Reward: 43.8467, success: 17, fail: 8
Episode: 1315, Reward: 53.3509, success: 18, fail: 7
Episode: 1316, Reward: 54.6929, success: 18, fail: 7
Episode: 1317, Reward: 33.8518, success: 16, fail: 9
Episode: 1318, Reward: 64.5597, success: 19, fail: 6
Episode: 1319, Reward: 42.1028, success: 17, fail: 8
Episode: 1320, Reward: 31.7257, success: 16, fail: 9
Episode: 1321, Reward: 43.3674, success: 17, fail: 8
Episode: 1322, Reward: 42.9795, success: 17, fail: 8
Episode: 1323, Reward: 54.0172, success: 18, fail: 7
Episode: 1324, Reward: 43.3106, success: 17, fail: 8
Episode: 1325, Reward: 33.7359, success: 16, fail: 9
Episode: 1326, Reward: 42.2217, success: 17, fail: 8
Episode: 1327, Reward: 54.9384, success: 18, fail: 7
Episode: 1328, Reward: 44.5310, success: 17, fail: 8
Episode: 1329, Reward: 44.1002, success: 17, fail: 8
Episode: 1330, Reward: 42.5085, success: 17, fail: 8
Episode: 1331, Reward: 42.9724, success: 17, fail: 8
Episode: 1332, Reward: 42.8213, success: 17, fail: 8
Episode: 1333, Reward: 53.2725, success: 18, fail: 7
Episode: 1334, Reward: 43.7782, success: 17, fail: 8
Episode: 1335, Reward: 51.6178, success: 18, fail: 7
Episode: 1336, Reward: 43.2094, success: 17, fail: 8
Episode: 1337, Reward: 33.9251, success: 16, fail: 9
Episode: 1338, Reward: 44.4837, success: 17, fail: 8
Episode: 1339, Reward: 35.2538, success: 16, fail: 9
Episode: 1340, Reward: 52.7479, success: 18, fail: 7
Episode: 1341, Reward: 43.3361, success: 17, fail: 8
Episode: 1342, Reward: 42.7303, success: 17, fail: 8
Episode: 1343, Reward: 53.1425, success: 18, fail: 7
Episode: 1344, Reward: 43.2323, success: 17, fail: 8
Episode: 1345, Reward: 63.5548, success: 19, fail: 6
Episode: 1346, Reward: 43.9835, success: 17, fail: 8
Episode: 1347, Reward: 12.3346, success: 14, fail: 11
Episode: 1348, Reward: 42.3258, success: 17, fail: 8
Episode: 1349, Reward: 43.6582, success: 17, fail: 8
Episode: 1350, Reward: 43.7582, success: 17, fail: 8
Episode: 1351, Reward: 54.6868, success: 18, fail: 7
Episode: 1352, Reward: 31.5505, success: 16, fail: 9
Episode: 1353, Reward: 42.6772, success: 17, fail: 8
Episode: 1354, Reward: 52.5160, success: 18, fail: 7
Episode: 1355, Reward: 63.2989, success: 19, fail: 6
Episode: 1356, Reward: 23.0425, success: 15, fail: 10
Episode: 1357, Reward: 53.3353, success: 18, fail: 7
Episode: 1358, Reward: 31.7482, success: 16, fail: 9
Episode: 1359, Reward: 32.5554, success: 16, fail: 9
Episode: 1360, Reward: 45.2106, success: 17, fail: 8
Episode: 1361, Reward: 33.1804, success: 16, fail: 9
Episode: 1362, Reward: 53.8303, success: 18, fail: 7
Episode: 1363, Reward: 42.9169, success: 17, fail: 8
Episode: 1364, Reward: 53.5831, success: 18, fail: 7
Episode: 1365, Reward: 53.2312, success: 18, fail: 7
Episode: 1366, Reward: 44.4888, success: 17, fail: 8
Episode: 1367, Reward: 53.0557, success: 18, fail: 7
Episode: 1368, Reward: 43.4429, success: 17, fail: 8
Episode: 1369, Reward: 53.4130, success: 18, fail: 7
Episode: 1370, Reward: 43.4420, success: 17, fail: 8
Episode: 1371, Reward: 63.4922, success: 19, fail: 6
Episode: 1372, Reward: 44.4946, success: 17, fail: 8
Episode: 1373, Reward: 43.6103, success: 17, fail: 8
Episode: 1374, Reward: 34.4678, success: 16, fail: 9
Episode: 1375, Reward: 63.7479, success: 19, fail: 6
Episode: 1376, Reward: 53.9854, success: 18, fail: 7
Episode: 1377, Reward: 42.3626, success: 17, fail: 8
Episode: 1378, Reward: 43.0680, success: 17, fail: 8
Episode: 1379, Reward: 34.7003, success: 16, fail: 9
Episode: 1380, Reward: 43.1159, success: 17, fail: 8
Episode: 1381, Reward: 54.4685, success: 18, fail: 7
Episode: 1382, Reward: 33.7610, success: 16, fail: 9
Episode: 1383, Reward: 43.2232, success: 17, fail: 8
Episode: 1384, Reward: 32.7215, success: 16, fail: 9
Episode: 1385, Reward: 43.4127, success: 17, fail: 8
Episode: 1386, Reward: 41.8504, success: 17, fail: 8
Episode: 1387, Reward: 34.4652, success: 16, fail: 9
Episode: 1388, Reward: 52.7161, success: 18, fail: 7
Episode: 1389, Reward: 63.5405, success: 19, fail: 6
Episode: 1390, Reward: 52.2515, success: 18, fail: 7
Episode: 1391, Reward: 51.8063, success: 18, fail: 7
Episode: 1392, Reward: 33.9774, success: 16, fail: 9
Episode: 1393, Reward: 33.4308, success: 16, fail: 9
Episode: 1394, Reward: 63.7233, success: 19, fail: 6
Episode: 1395, Reward: 41.3076, success: 17, fail: 8
Episode: 1396, Reward: 52.2858, success: 18, fail: 7
Episode: 1397, Reward: 51.1937, success: 18, fail: 7
Episode: 1398, Reward: 54.1489, success: 18, fail: 7
Episode: 1399, Reward: 52.5369, success: 18, fail: 7
Episode: 1400, Reward: 43.7591, success: 17, fail: 8
Episode: 1401, Reward: 44.7462, success: 17, fail: 8
Episode: 1402, Reward: 61.9500, success: 19, fail: 6
Episode: 1403, Reward: 51.9002, success: 18, fail: 7
Episode: 1404, Reward: 34.3763, success: 16, fail: 9
Episode: 1405, Reward: 50.5231, success: 18, fail: 7
Episode: 1406, Reward: 42.2454, success: 17, fail: 8
Episode: 1407, Reward: 51.4688, success: 18, fail: 7
Episode: 1408, Reward: 52.4800, success: 18, fail: 7
Episode: 1409, Reward: 41.8876, success: 17, fail: 8
Episode: 1410, Reward: 52.9559, success: 18, fail: 7
Episode: 1411, Reward: 32.2347, success: 16, fail: 9
Episode: 1412, Reward: 42.9435, success: 17, fail: 8
Episode: 1413, Reward: 52.7961, success: 18, fail: 7
Episode: 1414, Reward: 62.4212, success: 19, fail: 6
Episode: 1415, Reward: 41.8927, success: 17, fail: 8
Episode: 1416, Reward: 40.8943, success: 17, fail: 8
Episode: 1417, Reward: 53.3808, success: 18, fail: 7
Episode: 1418, Reward: 44.4705, success: 17, fail: 8
Episode: 1419, Reward: 51.5254, success: 18, fail: 7
Episode: 1420, Reward: 52.7045, success: 18, fail: 7
Episode: 1421, Reward: 52.2448, success: 18, fail: 7
Episode: 1422, Reward: 21.1732, success: 15, fail: 10
Episode: 1423, Reward: 52.2035, success: 18, fail: 7
Episode: 1424, Reward: 51.6203, success: 18, fail: 7
Episode: 1425, Reward: 32.8096, success: 16, fail: 9
Episode: 1426, Reward: 42.9645, success: 17, fail: 8
Episode: 1427, Reward: 51.3903, success: 18, fail: 7
Episode: 1428, Reward: 54.1840, success: 18, fail: 7
Episode: 1429, Reward: 51.4350, success: 18, fail: 7
Episode: 1430, Reward: 41.7983, success: 17, fail: 8
Episode: 1431, Reward: 50.9621, success: 18, fail: 7
Episode: 1432, Reward: 41.6515, success: 17, fail: 8
Episode: 1433, Reward: 42.4228, success: 17, fail: 8
Episode: 1434, Reward: 51.5799, success: 18, fail: 7
Episode: 1435, Reward: 52.3500, success: 18, fail: 7
Episode: 1436, Reward: 49.5595, success: 18, fail: 7
Episode: 1437, Reward: 53.5271, success: 18, fail: 7
Episode: 1438, Reward: 62.2699, success: 19, fail: 6
Episode: 1439, Reward: 41.1428, success: 17, fail: 8
Episode: 1440, Reward: 52.3417, success: 18, fail: 7
Episode: 1441, Reward: 43.8261, success: 17, fail: 8
Episode: 1442, Reward: 52.5219, success: 18, fail: 7
Episode: 1443, Reward: 41.3966, success: 17, fail: 8
Episode: 1444, Reward: 51.3115, success: 18, fail: 7
Episode: 1445, Reward: 52.8639, success: 18, fail: 7
Episode: 1446, Reward: 41.0332, success: 17, fail: 8
Episode: 1447, Reward: 43.9655, success: 17, fail: 8
Episode: 1448, Reward: 52.0705, success: 18, fail: 7
Episode: 1449, Reward: 62.5766, success: 19, fail: 6
Episode: 1450, Reward: 41.4665, success: 17, fail: 8
Episode: 1451, Reward: 50.6756, success: 18, fail: 7
Episode: 1452, Reward: 50.3591, success: 18, fail: 7
Episode: 1453, Reward: 41.3950, success: 17, fail: 8
Episode: 1454, Reward: 59.1580, success: 19, fail: 6
Episode: 1455, Reward: 62.9955, success: 19, fail: 6
Episode: 1456, Reward: 62.0847, success: 19, fail: 6
Episode: 1457, Reward: 42.1942, success: 17, fail: 8
Episode: 1458, Reward: 53.5826, success: 18, fail: 7
Episode: 1459, Reward: 52.2016, success: 18, fail: 7
Episode: 1460, Reward: 43.6057, success: 17, fail: 8
Episode: 1461, Reward: 52.4967, success: 18, fail: 7
Episode: 1462, Reward: 62.6417, success: 19, fail: 6
Episode: 1463, Reward: 51.5792, success: 18, fail: 7
Episode: 1464, Reward: 52.8490, success: 18, fail: 7
Episode: 1465, Reward: 41.8948, success: 17, fail: 8
Episode: 1466, Reward: 52.2526, success: 18, fail: 7
Episode: 1467, Reward: 54.0741, success: 18, fail: 7
Episode: 1468, Reward: 41.9144, success: 17, fail: 8
Episode: 1469, Reward: 51.9350, success: 18, fail: 7
Episode: 1470, Reward: 53.3771, success: 18, fail: 7
Episode: 1471, Reward: 62.3897, success: 19, fail: 6
Episode: 1472, Reward: 53.6237, success: 18, fail: 7
Episode: 1473, Reward: 53.2681, success: 18, fail: 7
Episode: 1474, Reward: 50.0110, success: 18, fail: 7
Episode: 1475, Reward: 32.6420, success: 16, fail: 9
Episode: 1476, Reward: 51.6616, success: 18, fail: 7
Episode: 1477, Reward: 51.8127, success: 18, fail: 7
Episode: 1478, Reward: 52.8937, success: 18, fail: 7
Episode: 1479, Reward: 51.9499, success: 18, fail: 7
Episode: 1480, Reward: 62.6042, success: 19, fail: 6
Episode: 1481, Reward: 51.9214, success: 18, fail: 7
Episode: 1482, Reward: 51.2055, success: 18, fail: 7
Episode: 1483, Reward: 53.3134, success: 18, fail: 7
Episode: 1484, Reward: 52.7248, success: 18, fail: 7
Episode: 1485, Reward: 51.4510, success: 18, fail: 7
Episode: 1486, Reward: 53.2605, success: 18, fail: 7
Episode: 1487, Reward: 63.0667, success: 19, fail: 6
Episode: 1488, Reward: 51.8672, success: 18, fail: 7
Episode: 1489, Reward: 52.5089, success: 18, fail: 7
Episode: 1490, Reward: 41.6911, success: 17, fail: 8
Episode: 1491, Reward: 52.1536, success: 18, fail: 7
Episode: 1492, Reward: 63.5056, success: 19, fail: 6
Episode: 1493, Reward: 42.6214, success: 17, fail: 8
Episode: 1494, Reward: 52.8208, success: 18, fail: 7
Episode: 1495, Reward: 52.8351, success: 18, fail: 7
Episode: 1496, Reward: 61.5884, success: 19, fail: 6
Episode: 1497, Reward: 42.2037, success: 17, fail: 8
Episode: 1498, Reward: 42.3155, success: 17, fail: 8
Episode: 1499, Reward: 52.7728, success: 18, fail: 7
Episode: 1500, Reward: 41.8329, success: 17, fail: 8
Episode: 1501, Reward: 51.7134, success: 18, fail: 7
Episode: 1502, Reward: 51.6163, success: 18, fail: 7
Episode: 1503, Reward: 62.5835, success: 19, fail: 6
Episode: 1504, Reward: 51.9134, success: 18, fail: 7
Episode: 1505, Reward: 62.8886, success: 19, fail: 6
Episode: 1506, Reward: 42.0703, success: 17, fail: 8
Episode: 1507, Reward: 51.8003, success: 18, fail: 7
Episode: 1508, Reward: 50.6857, success: 18, fail: 7
Episode: 1509, Reward: 53.2998, success: 18, fail: 7
Episode: 1510, Reward: 52.5277, success: 18, fail: 7
Episode: 1511, Reward: 41.1871, success: 17, fail: 8
Episode: 1512, Reward: 52.2697, success: 18, fail: 7
Episode: 1513, Reward: 52.4205, success: 18, fail: 7
Episode: 1514, Reward: 43.0568, success: 17, fail: 8
Episode: 1515, Reward: 51.6021, success: 18, fail: 7
Episode: 1516, Reward: 51.5568, success: 18, fail: 7
Episode: 1517, Reward: 52.1842, success: 18, fail: 7
Episode: 1518, Reward: 64.6918, success: 19, fail: 6
Episode: 1519, Reward: 52.8440, success: 18, fail: 7
Episode: 1520, Reward: 50.4388, success: 18, fail: 7
Episode: 1521, Reward: 50.5511, success: 18, fail: 7
Episode: 1522, Reward: 51.7860, success: 18, fail: 7
Episode: 1523, Reward: 52.9493, success: 18, fail: 7
Episode: 1524, Reward: 53.3150, success: 18, fail: 7
Episode: 1525, Reward: 52.2113, success: 18, fail: 7
Episode: 1526, Reward: 43.4448, success: 17, fail: 8
Episode: 1527, Reward: 50.8334, success: 18, fail: 7
Episode: 1528, Reward: 42.2272, success: 17, fail: 8
Episode: 1529, Reward: 52.2947, success: 18, fail: 7
Episode: 1530, Reward: 51.6518, success: 18, fail: 7
Episode: 1531, Reward: 52.9152, success: 18, fail: 7
Episode: 1532, Reward: 52.2739, success: 18, fail: 7
Episode: 1533, Reward: 52.7487, success: 18, fail: 7
Episode: 1534, Reward: 32.8776, success: 16, fail: 9
Episode: 1535, Reward: 53.3340, success: 18, fail: 7
Episode: 1536, Reward: 42.1731, success: 17, fail: 8
Episode: 1537, Reward: 41.6190, success: 17, fail: 8
Episode: 1538, Reward: 53.7207, success: 18, fail: 7
Episode: 1539, Reward: 52.9574, success: 18, fail: 7
Episode: 1540, Reward: 42.7077, success: 17, fail: 8
Episode: 1541, Reward: 62.1968, success: 19, fail: 6
Episode: 1542, Reward: 53.7021, success: 18, fail: 7
Episode: 1543, Reward: 51.5375, success: 18, fail: 7
Episode: 1544, Reward: 53.5894, success: 18, fail: 7
Episode: 1545, Reward: 52.6959, success: 18, fail: 7
Episode: 1546, Reward: 52.0776, success: 18, fail: 7
Episode: 1547, Reward: 44.1220, success: 17, fail: 8
Episode: 1548, Reward: 52.9380, success: 18, fail: 7
Episode: 1549, Reward: 62.8597, success: 19, fail: 6
Episode: 1550, Reward: 53.0628, success: 18, fail: 7
Episode: 1551, Reward: 53.0513, success: 18, fail: 7
Episode: 1552, Reward: 53.6505, success: 18, fail: 7
Episode: 1553, Reward: 51.5172, success: 18, fail: 7
Episode: 1554, Reward: 62.6396, success: 19, fail: 6
Episode: 1555, Reward: 42.1152, success: 17, fail: 8
Episode: 1556, Reward: 52.0787, success: 18, fail: 7
Episode: 1557, Reward: 42.6898, success: 17, fail: 8
Episode: 1558, Reward: 51.0542, success: 18, fail: 7
Episode: 1559, Reward: 42.9835, success: 17, fail: 8
Episode: 1560, Reward: 52.7162, success: 18, fail: 7
Episode: 1561, Reward: 62.8502, success: 19, fail: 6
Episode: 1562, Reward: 54.4809, success: 18, fail: 7
Episode: 1563, Reward: 51.4317, success: 18, fail: 7
Episode: 1564, Reward: 52.9882, success: 18, fail: 7
Episode: 1565, Reward: 63.2261, success: 19, fail: 6
Episode: 1566, Reward: 61.7203, success: 19, fail: 6
Episode: 1567, Reward: 62.6717, success: 19, fail: 6
Episode: 1568, Reward: 50.5256, success: 18, fail: 7
Episode: 1569, Reward: 44.2941, success: 17, fail: 8
Episode: 1570, Reward: 52.4864, success: 18, fail: 7
Episode: 1571, Reward: 72.6609, success: 20, fail: 5
Episode: 1572, Reward: 43.6579, success: 17, fail: 8
Episode: 1573, Reward: 54.2971, success: 18, fail: 7
Episode: 1574, Reward: 45.1596, success: 17, fail: 8
Episode: 1575, Reward: 51.7323, success: 18, fail: 7
Episode: 1576, Reward: 63.5891, success: 19, fail: 6
Episode: 1577, Reward: 52.4464, success: 18, fail: 7
Episode: 1578, Reward: 51.9974, success: 18, fail: 7
Episode: 1579, Reward: 52.5883, success: 18, fail: 7
Episode: 1580, Reward: 52.4614, success: 18, fail: 7
Episode: 1581, Reward: 53.4678, success: 18, fail: 7
Episode: 1582, Reward: 41.2723, success: 17, fail: 8
Episode: 1583, Reward: 52.1131, success: 18, fail: 7
Episode: 1584, Reward: 42.4323, success: 17, fail: 8
Episode: 1585, Reward: 41.1359, success: 17, fail: 8
Episode: 1586, Reward: 34.6151, success: 16, fail: 9
Episode: 1587, Reward: 53.9074, success: 18, fail: 7
Episode: 1588, Reward: 33.3470, success: 16, fail: 9
Episode: 1589, Reward: 43.0333, success: 17, fail: 8
Episode: 1590, Reward: 43.3923, success: 17, fail: 8
Episode: 1591, Reward: 52.3119, success: 18, fail: 7
Episode: 1592, Reward: 43.5118, success: 17, fail: 8
Episode: 1593, Reward: 64.5592, success: 19, fail: 6
Episode: 1594, Reward: 51.8384, success: 18, fail: 7
Episode: 1595, Reward: 63.7298, success: 19, fail: 6
Episode: 1596, Reward: 43.3365, success: 17, fail: 8
Episode: 1597, Reward: 42.3867, success: 17, fail: 8
Episode: 1598, Reward: 44.3156, success: 17, fail: 8
Episode: 1599, Reward: 66.3737, success: 19, fail: 6
Episode: 1600, Reward: 43.6899, success: 17, fail: 8
Episode: 1601, Reward: 53.2429, success: 18, fail: 7
Episode: 1602, Reward: 41.6313, success: 17, fail: 8
Episode: 1603, Reward: 51.7794, success: 18, fail: 7
Episode: 1604, Reward: 63.2455, success: 19, fail: 6
Episode: 1605, Reward: 42.5746, success: 17, fail: 8
Episode: 1606, Reward: 42.1618, success: 17, fail: 8
Episode: 1607, Reward: 53.2067, success: 18, fail: 7
Episode: 1608, Reward: 53.6255, success: 18, fail: 7
Episode: 1609, Reward: 53.3486, success: 18, fail: 7
Episode: 1610, Reward: 51.6274, success: 18, fail: 7
Episode: 1611, Reward: 61.7474, success: 19, fail: 6
Episode: 1612, Reward: 51.2166, success: 18, fail: 7
Episode: 1613, Reward: 63.6236, success: 19, fail: 6
Episode: 1614, Reward: 52.2911, success: 18, fail: 7
Episode: 1615, Reward: 53.1910, success: 18, fail: 7
Episode: 1616, Reward: 63.6669, success: 19, fail: 6
Episode: 1617, Reward: 53.0577, success: 18, fail: 7
Episode: 1618, Reward: 43.1752, success: 17, fail: 8
Episode: 1619, Reward: 51.6590, success: 18, fail: 7
Episode: 1620, Reward: 64.8299, success: 19, fail: 6
Episode: 1621, Reward: 63.3414, success: 19, fail: 6
Episode: 1622, Reward: 42.7468, success: 17, fail: 8
Episode: 1623, Reward: 52.4018, success: 18, fail: 7
Episode: 1624, Reward: 74.6710, success: 20, fail: 5
Episode: 1625, Reward: 44.8877, success: 17, fail: 8
Episode: 1626, Reward: 63.0675, success: 19, fail: 6
Episode: 1627, Reward: 62.0101, success: 19, fail: 6
Episode: 1628, Reward: 51.9533, success: 18, fail: 7
Episode: 1629, Reward: 42.7649, success: 17, fail: 8
Episode: 1630, Reward: 62.0721, success: 19, fail: 6
Episode: 1631, Reward: 62.7198, success: 19, fail: 6
Episode: 1632, Reward: 65.3376, success: 19, fail: 6
Episode: 1633, Reward: 52.6574, success: 18, fail: 7
Episode: 1634, Reward: 54.8384, success: 18, fail: 7
Episode: 1635, Reward: 64.2323, success: 19, fail: 6
Episode: 1636, Reward: 53.4740, success: 18, fail: 7
Episode: 1637, Reward: 72.2372, success: 20, fail: 5
Episode: 1638, Reward: 62.7890, success: 19, fail: 6
Episode: 1639, Reward: 54.2053, success: 18, fail: 7
Episode: 1640, Reward: 53.1971, success: 18, fail: 7
Episode: 1641, Reward: 42.5622, success: 17, fail: 8
Episode: 1642, Reward: 53.5777, success: 18, fail: 7
Episode: 1643, Reward: 63.7315, success: 19, fail: 6
Episode: 1644, Reward: 53.4580, success: 18, fail: 7
Episode: 1645, Reward: 52.7962, success: 18, fail: 7
Episode: 1646, Reward: 53.7990, success: 18, fail: 7
Episode: 1647, Reward: 62.0277, success: 19, fail: 6
Episode: 1648, Reward: 54.0809, success: 18, fail: 7
Episode: 1649, Reward: 52.9266, success: 18, fail: 7
Episode: 1650, Reward: 52.6517, success: 18, fail: 7
Episode: 1651, Reward: 54.3301, success: 18, fail: 7
Episode: 1652, Reward: 63.8286, success: 19, fail: 6
Episode: 1653, Reward: 63.2623, success: 19, fail: 6
Episode: 1654, Reward: 64.4005, success: 19, fail: 6
Episode: 1655, Reward: 53.0610, success: 18, fail: 7
Episode: 1656, Reward: 60.8220, success: 19, fail: 6
Episode: 1657, Reward: 54.4214, success: 18, fail: 7
Episode: 1658, Reward: 64.4584, success: 19, fail: 6
Episode: 1659, Reward: 53.1526, success: 18, fail: 7
Episode: 1660, Reward: 54.5381, success: 18, fail: 7
Episode: 1661, Reward: 65.0377, success: 19, fail: 6
Episode: 1662, Reward: 52.1143, success: 18, fail: 7
Episode: 1663, Reward: 44.0394, success: 17, fail: 8
Episode: 1664, Reward: 61.8467, success: 19, fail: 6
Episode: 1665, Reward: 52.9851, success: 18, fail: 7
Episode: 1666, Reward: 52.4206, success: 18, fail: 7
Episode: 1667, Reward: 64.2598, success: 19, fail: 6
Episode: 1668, Reward: 44.3939, success: 17, fail: 8
Episode: 1669, Reward: 64.1620, success: 19, fail: 6
Episode: 1670, Reward: 43.4691, success: 17, fail: 8
Episode: 1671, Reward: 53.2932, success: 18, fail: 7
Episode: 1672, Reward: 53.6461, success: 18, fail: 7
Episode: 1673, Reward: 54.0354, success: 18, fail: 7
Episode: 1674, Reward: 42.0301, success: 17, fail: 8
Episode: 1675, Reward: 54.1658, success: 18, fail: 7
Episode: 1676, Reward: 52.0246, success: 18, fail: 7
Episode: 1677, Reward: 54.5279, success: 18, fail: 7
Episode: 1678, Reward: 63.5521, success: 19, fail: 6
Episode: 1679, Reward: 53.0272, success: 18, fail: 7
Episode: 1680, Reward: 52.6341, success: 18, fail: 7
Episode: 1681, Reward: 53.6194, success: 18, fail: 7
Episode: 1682, Reward: 62.2012, success: 19, fail: 6
Episode: 1683, Reward: 64.0575, success: 19, fail: 6
Episode: 1684, Reward: 51.2136, success: 18, fail: 7
Episode: 1685, Reward: 42.2964, success: 17, fail: 8
Episode: 1686, Reward: 54.5835, success: 18, fail: 7
Episode: 1687, Reward: 41.1247, success: 17, fail: 8
Episode: 1688, Reward: 64.8227, success: 19, fail: 6
Episode: 1689, Reward: 72.7173, success: 20, fail: 5
Episode: 1690, Reward: 51.1598, success: 18, fail: 7
Episode: 1691, Reward: 63.0618, success: 19, fail: 6
Episode: 1692, Reward: 63.4167, success: 19, fail: 6
Episode: 1693, Reward: 52.5792, success: 18, fail: 7
Episode: 1694, Reward: 64.3965, success: 19, fail: 6
Episode: 1695, Reward: 54.4097, success: 18, fail: 7
Episode: 1696, Reward: 43.9981, success: 17, fail: 8
Episode: 1697, Reward: 53.4308, success: 18, fail: 7
Episode: 1698, Reward: 43.5343, success: 17, fail: 8
Episode: 1699, Reward: 64.4494, success: 19, fail: 6
Episode: 1700, Reward: 54.5147, success: 18, fail: 7
Episode: 1701, Reward: 42.6053, success: 17, fail: 8
Episode: 1702, Reward: 53.7898, success: 18, fail: 7
Episode: 1703, Reward: 62.9552, success: 19, fail: 6
Episode: 1704, Reward: 52.9557, success: 18, fail: 7
Episode: 1705, Reward: 61.9266, success: 19, fail: 6
Episode: 1706, Reward: 63.7214, success: 19, fail: 6
Episode: 1707, Reward: 53.5347, success: 18, fail: 7
Episode: 1708, Reward: 53.7127, success: 18, fail: 7
Episode: 1709, Reward: 62.9169, success: 19, fail: 6
Episode: 1710, Reward: 63.1543, success: 19, fail: 6
Episode: 1711, Reward: 42.7213, success: 17, fail: 8
Episode: 1712, Reward: 53.5834, success: 18, fail: 7
Episode: 1713, Reward: 62.7953, success: 19, fail: 6
Episode: 1714, Reward: 62.6215, success: 19, fail: 6
Episode: 1715, Reward: 53.7561, success: 18, fail: 7
Episode: 1716, Reward: 54.0975, success: 18, fail: 7
Episode: 1717, Reward: 52.1996, success: 18, fail: 7
Episode: 1718, Reward: 44.0691, success: 17, fail: 8
Episode: 1719, Reward: 54.0511, success: 18, fail: 7
Episode: 1720, Reward: 63.8047, success: 19, fail: 6
Episode: 1721, Reward: 63.1988, success: 19, fail: 6
Episode: 1722, Reward: 63.1137, success: 19, fail: 6
Episode: 1723, Reward: 51.8404, success: 18, fail: 7
Episode: 1724, Reward: 43.6582, success: 17, fail: 8
Episode: 1725, Reward: 63.4334, success: 19, fail: 6
Episode: 1726, Reward: 63.8068, success: 19, fail: 6
Episode: 1727, Reward: 51.4253, success: 18, fail: 7
Episode: 1728, Reward: 63.2346, success: 19, fail: 6
Episode: 1729, Reward: 53.5206, success: 18, fail: 7
Episode: 1730, Reward: 53.6423, success: 18, fail: 7
Episode: 1731, Reward: 72.6126, success: 20, fail: 5
Episode: 1732, Reward: 62.3563, success: 19, fail: 6
Episode: 1733, Reward: 63.6309, success: 19, fail: 6
Episode: 1734, Reward: 52.8808, success: 18, fail: 7
Episode: 1735, Reward: 52.5787, success: 18, fail: 7
Episode: 1736, Reward: 72.9327, success: 20, fail: 5
Episode: 1737, Reward: 63.1198, success: 19, fail: 6
Episode: 1738, Reward: 62.3712, success: 19, fail: 6
Episode: 1739, Reward: 63.4864, success: 19, fail: 6
Episode: 1740, Reward: 72.8164, success: 20, fail: 5
Episode: 1741, Reward: 71.5407, success: 20, fail: 5
Episode: 1742, Reward: 42.1717, success: 17, fail: 8
Episode: 1743, Reward: 63.2132, success: 19, fail: 6
Episode: 1744, Reward: 71.8554, success: 20, fail: 5
Episode: 1745, Reward: 61.8443, success: 19, fail: 6
Episode: 1746, Reward: 53.4377, success: 18, fail: 7
Episode: 1747, Reward: 71.2020, success: 20, fail: 5
Episode: 1748, Reward: 62.8288, success: 19, fail: 6
Episode: 1749, Reward: 61.7455, success: 19, fail: 6
Episode: 1750, Reward: 70.5037, success: 20, fail: 5
Episode: 1751, Reward: 60.5087, success: 19, fail: 6
Episode: 1752, Reward: 61.6491, success: 19, fail: 6
Episode: 1753, Reward: 71.8552, success: 20, fail: 5
Episode: 1754, Reward: 61.7850, success: 19, fail: 6
Episode: 1755, Reward: 54.5413, success: 18, fail: 7
Episode: 1756, Reward: 51.5939, success: 18, fail: 7
Episode: 1757, Reward: 61.6939, success: 19, fail: 6
Episode: 1758, Reward: 61.6391, success: 19, fail: 6
Episode: 1759, Reward: 71.7090, success: 20, fail: 5
Episode: 1760, Reward: 61.8811, success: 19, fail: 6
Episode: 1761, Reward: 61.7369, success: 19, fail: 6
Episode: 1762, Reward: 70.5484, success: 20, fail: 5
Episode: 1763, Reward: 61.5415, success: 19, fail: 6
Episode: 1764, Reward: 52.4483, success: 18, fail: 7
Episode: 1765, Reward: 70.5819, success: 20, fail: 5
Episode: 1766, Reward: 62.3664, success: 19, fail: 6
Episode: 1767, Reward: 41.1309, success: 17, fail: 8
Episode: 1768, Reward: 30.9139, success: 16, fail: 9
Episode: 1769, Reward: 43.2414, success: 17, fail: 8
Episode: 1770, Reward: 53.6013, success: 18, fail: 7
Episode: 1771, Reward: 62.4862, success: 19, fail: 6
Episode: 1772, Reward: 62.2733, success: 19, fail: 6
Episode: 1773, Reward: 40.7450, success: 17, fail: 8
Episode: 1774, Reward: 62.3324, success: 19, fail: 6
Episode: 1775, Reward: 62.0486, success: 19, fail: 6
Episode: 1776, Reward: 53.3701, success: 18, fail: 7
Episode: 1777, Reward: 31.3812, success: 16, fail: 9
Episode: 1778, Reward: 44.3378, success: 17, fail: 8
Episode: 1779, Reward: 52.8398, success: 18, fail: 7
Episode: 1780, Reward: 54.2230, success: 18, fail: 7
Episode: 1781, Reward: 63.4631, success: 19, fail: 6
Episode: 1782, Reward: 52.9554, success: 18, fail: 7
Episode: 1783, Reward: 51.4226, success: 18, fail: 7
Episode: 1784, Reward: 62.2759, success: 19, fail: 6
Episode: 1785, Reward: 53.3038, success: 18, fail: 7
Episode: 1786, Reward: 52.2662, success: 18, fail: 7
Episode: 1787, Reward: 60.8053, success: 19, fail: 6
Episode: 1788, Reward: 52.2059, success: 18, fail: 7
Episode: 1789, Reward: 42.2772, success: 17, fail: 8
Episode: 1790, Reward: 51.9951, success: 18, fail: 7
Episode: 1791, Reward: 52.4069, success: 18, fail: 7
Episode: 1792, Reward: 61.0000, success: 19, fail: 6
Episode: 1793, Reward: 42.1706, success: 17, fail: 8
Episode: 1794, Reward: 62.3014, success: 19, fail: 6
Episode: 1795, Reward: 71.9021, success: 20, fail: 5
Episode: 1796, Reward: 53.2419, success: 18, fail: 7
Episode: 1797, Reward: 61.8199, success: 19, fail: 6
Episode: 1798, Reward: 52.6667, success: 18, fail: 7
Episode: 1799, Reward: 54.8576, success: 18, fail: 7
Episode: 1800, Reward: 73.3406, success: 20, fail: 5
Episode: 1801, Reward: 52.3332, success: 18, fail: 7
Episode: 1802, Reward: 62.8255, success: 19, fail: 6
Episode: 1803, Reward: 73.2549, success: 20, fail: 5
Episode: 1804, Reward: 52.7809, success: 18, fail: 7
Episode: 1805, Reward: 52.8254, success: 18, fail: 7
Episode: 1806, Reward: 52.2139, success: 18, fail: 7
Episode: 1807, Reward: 50.8439, success: 18, fail: 7
Episode: 1808, Reward: 51.8663, success: 18, fail: 7
Episode: 1809, Reward: 54.0539, success: 18, fail: 7
Episode: 1810, Reward: 51.9833, success: 18, fail: 7
Episode: 1811, Reward: 52.6826, success: 18, fail: 7
Episode: 1812, Reward: 51.1876, success: 18, fail: 7
Episode: 1813, Reward: 62.3606, success: 19, fail: 6
Episode: 1814, Reward: 41.9426, success: 17, fail: 8
Episode: 1815, Reward: 63.6671, success: 19, fail: 6
Episode: 1816, Reward: 42.5074, success: 17, fail: 8
Episode: 1817, Reward: 51.6275, success: 18, fail: 7
Episode: 1818, Reward: 54.0676, success: 18, fail: 7
Episode: 1819, Reward: 62.3307, success: 19, fail: 6
Episode: 1820, Reward: 62.5356, success: 19, fail: 6
Episode: 1821, Reward: 44.0470, success: 17, fail: 8
Episode: 1822, Reward: 41.8655, success: 17, fail: 8
Episode: 1823, Reward: 44.8240, success: 17, fail: 8
Episode: 1824, Reward: 61.6914, success: 19, fail: 6
Episode: 1825, Reward: 33.6467, success: 16, fail: 9
Episode: 1826, Reward: 43.6986, success: 17, fail: 8
Episode: 1827, Reward: 61.1192, success: 19, fail: 6
Episode: 1828, Reward: 52.6615, success: 18, fail: 7
Episode: 1829, Reward: 62.9944, success: 19, fail: 6
Episode: 1830, Reward: 41.4842, success: 17, fail: 8
Episode: 1831, Reward: 53.1081, success: 18, fail: 7
Episode: 1832, Reward: 60.9288, success: 19, fail: 6
Episode: 1833, Reward: 42.5885, success: 17, fail: 8
Episode: 1834, Reward: 32.9367, success: 16, fail: 9
Episode: 1835, Reward: 52.6836, success: 18, fail: 7
Episode: 1836, Reward: 54.3150, success: 18, fail: 7
Episode: 1837, Reward: 63.8439, success: 19, fail: 6
Episode: 1838, Reward: 42.6325, success: 17, fail: 8
Episode: 1839, Reward: 52.7959, success: 18, fail: 7
Episode: 1840, Reward: 52.4575, success: 18, fail: 7
Episode: 1841, Reward: 72.8990, success: 20, fail: 5
Episode: 1842, Reward: 52.9926, success: 18, fail: 7
Episode: 1843, Reward: 53.4872, success: 18, fail: 7
Episode: 1844, Reward: 53.3470, success: 18, fail: 7
Episode: 1845, Reward: 42.9537, success: 17, fail: 8
Episode: 1846, Reward: 51.8478, success: 18, fail: 7
Episode: 1847, Reward: 63.0341, success: 19, fail: 6
Episode: 1848, Reward: 62.4636, success: 19, fail: 6
Episode: 1849, Reward: 61.8743, success: 19, fail: 6
Episode: 1850, Reward: 54.3899, success: 18, fail: 7
Episode: 1851, Reward: 51.8966, success: 18, fail: 7
Episode: 1852, Reward: 62.9718, success: 19, fail: 6
Episode: 1853, Reward: 42.9526, success: 17, fail: 8
Episode: 1854, Reward: 64.2919, success: 19, fail: 6
Episode: 1855, Reward: 63.7735, success: 19, fail: 6
Episode: 1856, Reward: 51.4482, success: 18, fail: 7
Episode: 1857, Reward: 61.6860, success: 19, fail: 6
Episode: 1858, Reward: 52.5222, success: 18, fail: 7
Episode: 1859, Reward: 72.4622, success: 20, fail: 5
Episode: 1860, Reward: 53.0795, success: 18, fail: 7
Episode: 1861, Reward: 72.7952, success: 20, fail: 5
Episode: 1862, Reward: 53.5609, success: 18, fail: 7
Episode: 1863, Reward: 54.6202, success: 18, fail: 7
Episode: 1864, Reward: 62.1742, success: 19, fail: 6
Episode: 1865, Reward: 62.8081, success: 19, fail: 6
Episode: 1866, Reward: 61.7362, success: 19, fail: 6
Episode: 1867, Reward: 53.3854, success: 18, fail: 7
Episode: 1868, Reward: 51.5165, success: 18, fail: 7
Episode: 1869, Reward: 62.6653, success: 19, fail: 6
Episode: 1870, Reward: 51.5409, success: 18, fail: 7
Episode: 1871, Reward: 51.2165, success: 18, fail: 7
Episode: 1872, Reward: 52.1543, success: 18, fail: 7
Episode: 1873, Reward: 50.6347, success: 18, fail: 7
Episode: 1874, Reward: 52.6458, success: 18, fail: 7
Episode: 1875, Reward: 49.7755, success: 18, fail: 7
Episode: 1876, Reward: 61.9223, success: 19, fail: 6
Episode: 1877, Reward: 62.7904, success: 19, fail: 6
Episode: 1878, Reward: 42.2297, success: 17, fail: 8
Episode: 1879, Reward: 60.8649, success: 19, fail: 6
Episode: 1880, Reward: 63.8392, success: 19, fail: 6
Episode: 1881, Reward: 50.8315, success: 18, fail: 7
Episode: 1882, Reward: 51.9031, success: 18, fail: 7
Episode: 1883, Reward: 62.6478, success: 19, fail: 6
Episode: 1884, Reward: 62.9288, success: 19, fail: 6
Episode: 1885, Reward: 54.0783, success: 18, fail: 7
Episode: 1886, Reward: 62.6043, success: 19, fail: 6
Episode: 1887, Reward: 72.9311, success: 20, fail: 5
Episode: 1888, Reward: 61.5710, success: 19, fail: 6
Episode: 1889, Reward: 61.9556, success: 19, fail: 6
Episode: 1890, Reward: 53.0118, success: 18, fail: 7
Episode: 1891, Reward: 73.3874, success: 20, fail: 5
Episode: 1892, Reward: 52.1599, success: 18, fail: 7
Episode: 1893, Reward: 62.6639, success: 19, fail: 6
Episode: 1894, Reward: 73.1314, success: 20, fail: 5
Episode: 1895, Reward: 60.8151, success: 19, fail: 6
Episode: 1896, Reward: 72.1728, success: 20, fail: 5
Episode: 1897, Reward: 62.2227, success: 19, fail: 6
Episode: 1898, Reward: 52.3318, success: 18, fail: 7
Episode: 1899, Reward: 62.6660, success: 19, fail: 6
Episode: 1900, Reward: 52.2762, success: 18, fail: 7
Episode: 1901, Reward: 63.1764, success: 19, fail: 6
Episode: 1902, Reward: 42.2924, success: 17, fail: 8
Episode: 1903, Reward: 52.4450, success: 18, fail: 7
Episode: 1904, Reward: 73.3434, success: 20, fail: 5
Episode: 1905, Reward: 63.1871, success: 19, fail: 6
Episode: 1906, Reward: 71.5363, success: 20, fail: 5
Episode: 1907, Reward: 52.5417, success: 18, fail: 7
Episode: 1908, Reward: 61.5238, success: 19, fail: 6
Episode: 1909, Reward: 61.3747, success: 19, fail: 6
Episode: 1910, Reward: 61.8198, success: 19, fail: 6
Episode: 1911, Reward: 52.0078, success: 18, fail: 7
Episode: 1912, Reward: 61.4445, success: 19, fail: 6
Episode: 1913, Reward: 31.9644, success: 16, fail: 9
Episode: 1914, Reward: 73.0961, success: 20, fail: 5
Episode: 1915, Reward: 60.8403, success: 19, fail: 6
Episode: 1916, Reward: 63.6033, success: 19, fail: 6
Episode: 1917, Reward: 72.9242, success: 20, fail: 5
Episode: 1918, Reward: 61.4320, success: 19, fail: 6
Episode: 1919, Reward: 41.5280, success: 17, fail: 8
Episode: 1920, Reward: 72.8886, success: 20, fail: 5
Episode: 1921, Reward: 41.5288, success: 17, fail: 8
Episode: 1922, Reward: 62.6525, success: 19, fail: 6
Episode: 1923, Reward: 62.2833, success: 19, fail: 6
Episode: 1924, Reward: 72.3794, success: 20, fail: 5
Episode: 1925, Reward: 44.0820, success: 17, fail: 8
Episode: 1926, Reward: 40.5892, success: 17, fail: 8
Episode: 1927, Reward: 70.9974, success: 20, fail: 5
Episode: 1928, Reward: 52.8936, success: 18, fail: 7
Episode: 1929, Reward: 53.5869, success: 18, fail: 7
Episode: 1930, Reward: 60.5989, success: 19, fail: 6
Episode: 1931, Reward: 61.0372, success: 19, fail: 6
Episode: 1932, Reward: 61.7635, success: 19, fail: 6
Episode: 1933, Reward: 72.7321, success: 20, fail: 5
Episode: 1934, Reward: 61.6350, success: 19, fail: 6
Episode: 1935, Reward: 51.2608, success: 18, fail: 7
Episode: 1936, Reward: 73.4722, success: 20, fail: 5
Episode: 1937, Reward: 62.4578, success: 19, fail: 6
Episode: 1938, Reward: 59.6625, success: 19, fail: 6
Episode: 1939, Reward: 52.9398, success: 18, fail: 7
Episode: 1940, Reward: 72.8826, success: 20, fail: 5
Episode: 1941, Reward: 61.9490, success: 19, fail: 6
Episode: 1942, Reward: 52.7331, success: 18, fail: 7
Episode: 1943, Reward: 61.3804, success: 19, fail: 6
Episode: 1944, Reward: 62.4057, success: 19, fail: 6
Episode: 1945, Reward: 60.9724, success: 19, fail: 6
Episode: 1946, Reward: 62.5543, success: 19, fail: 6
Episode: 1947, Reward: 72.2936, success: 20, fail: 5
Episode: 1948, Reward: 61.2478, success: 19, fail: 6
Episode: 1949, Reward: 52.3775, success: 18, fail: 7
Episode: 1950, Reward: 62.0490, success: 19, fail: 6
Episode: 1951, Reward: 52.1881, success: 18, fail: 7
Episode: 1952, Reward: 61.9274, success: 19, fail: 6
Episode: 1953, Reward: 63.3060, success: 19, fail: 6
Episode: 1954, Reward: 53.3408, success: 18, fail: 7
Episode: 1955, Reward: 42.3397, success: 17, fail: 8
Episode: 1956, Reward: 64.0887, success: 19, fail: 6
Episode: 1957, Reward: 62.1152, success: 19, fail: 6
Episode: 1958, Reward: 63.1755, success: 19, fail: 6
Episode: 1959, Reward: 64.1775, success: 19, fail: 6
Episode: 1960, Reward: 73.0125, success: 20, fail: 5
Episode: 1961, Reward: 33.5314, success: 16, fail: 9
Episode: 1962, Reward: 63.5165, success: 19, fail: 6
Episode: 1963, Reward: 84.3380, success: 21, fail: 4
Episode: 1964, Reward: 63.4568, success: 19, fail: 6
Episode: 1965, Reward: 52.3568, success: 18, fail: 7
Episode: 1966, Reward: 72.9341, success: 20, fail: 5
Episode: 1967, Reward: 51.6728, success: 18, fail: 7
Episode: 1968, Reward: 83.9332, success: 21, fail: 4
Episode: 1969, Reward: 72.3023, success: 20, fail: 5
Episode: 1970, Reward: 62.8182, success: 19, fail: 6
Episode: 1971, Reward: 61.9810, success: 19, fail: 6
Episode: 1972, Reward: 63.2161, success: 19, fail: 6
Episode: 1973, Reward: 73.0311, success: 20, fail: 5
Episode: 1974, Reward: 63.3321, success: 19, fail: 6
Episode: 1975, Reward: 63.3661, success: 19, fail: 6
Episode: 1976, Reward: 71.5506, success: 20, fail: 5
Episode: 1977, Reward: 63.5464, success: 19, fail: 6
Episode: 1978, Reward: 51.8445, success: 18, fail: 7
Episode: 1979, Reward: 53.2162, success: 18, fail: 7
Episode: 1980, Reward: 42.9827, success: 17, fail: 8
Episode: 1981, Reward: 73.8853, success: 20, fail: 5
Episode: 1982, Reward: 84.2546, success: 21, fail: 4
Episode: 1983, Reward: 53.6514, success: 18, fail: 7
Episode: 1984, Reward: 64.0047, success: 19, fail: 6
Episode: 1985, Reward: 72.9095, success: 20, fail: 5
Episode: 1986, Reward: 62.5326, success: 19, fail: 6
Episode: 1987, Reward: 64.6638, success: 19, fail: 6
Episode: 1988, Reward: 64.0514, success: 19, fail: 6
Episode: 1989, Reward: 44.0718, success: 17, fail: 8
Episode: 1990, Reward: 62.1173, success: 19, fail: 6
Episode: 1991, Reward: 52.2019, success: 18, fail: 7
Episode: 1992, Reward: 63.1724, success: 19, fail: 6
Episode: 1993, Reward: 92.6891, success: 22, fail: 3
Episode: 1994, Reward: 52.7119, success: 18, fail: 7
Episode: 1995, Reward: 62.9108, success: 19, fail: 6
Episode: 1996, Reward: 52.6920, success: 18, fail: 7
Episode: 1997, Reward: 63.5875, success: 19, fail: 6
Episode: 1998, Reward: 32.2523, success: 16, fail: 9
Episode: 1999, Reward: 52.7354, success: 18, fail: 7
Episode: 2000, Reward: 42.0907, success: 17, fail: 8
Episode: 2001, Reward: 62.3946, success: 19, fail: 6
Episode: 2002, Reward: 41.5776, success: 17, fail: 8
Episode: 2003, Reward: 71.9100, success: 20, fail: 5
Episode: 2004, Reward: 63.1828, success: 19, fail: 6
Episode: 2005, Reward: 62.5311, success: 19, fail: 6
Episode: 2006, Reward: 83.8673, success: 21, fail: 4
Episode: 2007, Reward: 53.0188, success: 18, fail: 7
Episode: 2008, Reward: 71.1975, success: 20, fail: 5
Episode: 2009, Reward: 53.9267, success: 18, fail: 7
Episode: 2010, Reward: 62.4668, success: 19, fail: 6
Episode: 2011, Reward: 52.5426, success: 18, fail: 7
Episode: 2012, Reward: 62.8961, success: 19, fail: 6
Episode: 2013, Reward: 54.5348, success: 18, fail: 7
Episode: 2014, Reward: 72.2042, success: 20, fail: 5
Episode: 2015, Reward: 42.5185, success: 17, fail: 8
Episode: 2016, Reward: 63.0984, success: 19, fail: 6
Episode: 2017, Reward: 61.8056, success: 19, fail: 6
Episode: 2018, Reward: 40.9228, success: 17, fail: 8
Episode: 2019, Reward: 61.6544, success: 19, fail: 6
Episode: 2020, Reward: 53.3472, success: 18, fail: 7
Episode: 2021, Reward: 62.9298, success: 19, fail: 6
Episode: 2022, Reward: 62.7512, success: 19, fail: 6
Episode: 2023, Reward: 62.5979, success: 19, fail: 6
Episode: 2024, Reward: 63.8904, success: 19, fail: 6
Episode: 2025, Reward: 63.6847, success: 19, fail: 6
Episode: 2026, Reward: 71.5313, success: 20, fail: 5
Episode: 2027, Reward: 52.3997, success: 18, fail: 7
Episode: 2028, Reward: 73.4392, success: 20, fail: 5
Episode: 2029, Reward: 64.7495, success: 19, fail: 6
Episode: 2030, Reward: 53.4600, success: 18, fail: 7
Episode: 2031, Reward: 53.5573, success: 18, fail: 7
Episode: 2032, Reward: 64.5475, success: 19, fail: 6
Episode: 2033, Reward: 62.6970, success: 19, fail: 6
Episode: 2034, Reward: 73.3198, success: 20, fail: 5
Episode: 2035, Reward: 73.0784, success: 20, fail: 5
Episode: 2036, Reward: 63.1700, success: 19, fail: 6
Episode: 2037, Reward: 53.1567, success: 18, fail: 7
Episode: 2038, Reward: 51.4406, success: 18, fail: 7
Episode: 2039, Reward: 63.0960, success: 19, fail: 6
Episode: 2040, Reward: 71.8313, success: 20, fail: 5
Episode: 2041, Reward: 73.3484, success: 20, fail: 5
Episode: 2042, Reward: 62.7904, success: 19, fail: 6
Episode: 2043, Reward: 53.1835, success: 18, fail: 7
Episode: 2044, Reward: 73.2995, success: 20, fail: 5
Episode: 2045, Reward: 61.2441, success: 19, fail: 6
Episode: 2046, Reward: 72.1535, success: 20, fail: 5
Episode: 2047, Reward: 82.4645, success: 21, fail: 4
Episode: 2048, Reward: 74.0533, success: 20, fail: 5
Episode: 2049, Reward: 64.0108, success: 19, fail: 6
Episode: 2050, Reward: 62.5104, success: 19, fail: 6
Episode: 2051, Reward: 61.2122, success: 19, fail: 6
Episode: 2052, Reward: 72.4476, success: 20, fail: 5
Episode: 2053, Reward: 72.0069, success: 20, fail: 5
Episode: 2054, Reward: 71.4181, success: 20, fail: 5
Episode: 2055, Reward: 92.8792, success: 22, fail: 3
Episode: 2056, Reward: 72.8894, success: 20, fail: 5
Episode: 2057, Reward: 73.6955, success: 20, fail: 5
Episode: 2058, Reward: 61.3210, success: 19, fail: 6
Episode: 2059, Reward: 80.8323, success: 21, fail: 4
Episode: 2060, Reward: 72.5863, success: 20, fail: 5
Episode: 2061, Reward: 72.8051, success: 20, fail: 5
Episode: 2062, Reward: 81.9147, success: 21, fail: 4
Episode: 2063, Reward: 72.9262, success: 20, fail: 5
Episode: 2064, Reward: 52.5387, success: 18, fail: 7
Episode: 2065, Reward: 54.1306, success: 18, fail: 7
Episode: 2066, Reward: 60.9806, success: 19, fail: 6
Episode: 2067, Reward: 71.3370, success: 20, fail: 5
Episode: 2068, Reward: 71.8595, success: 20, fail: 5
Episode: 2069, Reward: 73.3851, success: 20, fail: 5
Episode: 2070, Reward: 72.8520, success: 20, fail: 5
Episode: 2071, Reward: 71.7332, success: 20, fail: 5
Episode: 2072, Reward: 62.4880, success: 19, fail: 6
Episode: 2073, Reward: 52.8765, success: 18, fail: 7
Episode: 2074, Reward: 62.7430, success: 19, fail: 6
Episode: 2075, Reward: 42.8447, success: 17, fail: 8
Episode: 2076, Reward: 52.2309, success: 18, fail: 7
Episode: 2077, Reward: 61.7064, success: 19, fail: 6
Episode: 2078, Reward: 71.3957, success: 20, fail: 5
Episode: 2079, Reward: 51.4343, success: 18, fail: 7
Episode: 2080, Reward: 62.9594, success: 19, fail: 6
Episode: 2081, Reward: 62.3366, success: 19, fail: 6
Episode: 2082, Reward: 60.9902, success: 19, fail: 6
Episode: 2083, Reward: 55.0061, success: 18, fail: 7
Episode: 2084, Reward: 72.0416, success: 20, fail: 5
Episode: 2085, Reward: 62.6232, success: 19, fail: 6
Episode: 2086, Reward: 83.1979, success: 21, fail: 4
Episode: 2087, Reward: 82.2568, success: 21, fail: 4
Episode: 2088, Reward: 61.9970, success: 19, fail: 6
Episode: 2089, Reward: 51.0768, success: 18, fail: 7
Episode: 2090, Reward: 73.0667, success: 20, fail: 5
Episode: 2091, Reward: 72.9815, success: 20, fail: 5
Episode: 2092, Reward: 54.2175, success: 18, fail: 7
Episode: 2093, Reward: 52.6642, success: 18, fail: 7
Episode: 2094, Reward: 52.6420, success: 18, fail: 7
Episode: 2095, Reward: 62.3558, success: 19, fail: 6
Episode: 2096, Reward: 42.4106, success: 17, fail: 8
Episode: 2097, Reward: 53.6869, success: 18, fail: 7
Episode: 2098, Reward: 61.4055, success: 19, fail: 6
Episode: 2099, Reward: 63.4477, success: 19, fail: 6
Episode: 2100, Reward: 53.2810, success: 18, fail: 7
Episode: 2101, Reward: 61.9442, success: 19, fail: 6
Episode: 2102, Reward: 51.7949, success: 18, fail: 7
Episode: 2103, Reward: 43.9122, success: 17, fail: 8
Episode: 2104, Reward: 61.9251, success: 19, fail: 6
Episode: 2105, Reward: 43.2843, success: 17, fail: 8
Episode: 2106, Reward: 53.1104, success: 18, fail: 7
Episode: 2107, Reward: 83.5273, success: 21, fail: 4
Episode: 2108, Reward: 61.2603, success: 19, fail: 6
Episode: 2109, Reward: 62.4564, success: 19, fail: 6
Episode: 2110, Reward: 62.9574, success: 19, fail: 6
Episode: 2111, Reward: 53.1405, success: 18, fail: 7
Episode: 2112, Reward: 70.7834, success: 20, fail: 5
Episode: 2113, Reward: 62.0661, success: 19, fail: 6
Episode: 2114, Reward: 62.7247, success: 19, fail: 6
Episode: 2115, Reward: 53.5933, success: 18, fail: 7
Episode: 2116, Reward: 73.1812, success: 20, fail: 5
Episode: 2117, Reward: 72.9577, success: 20, fail: 5
Episode: 2118, Reward: 72.4216, success: 20, fail: 5
Episode: 2119, Reward: 62.5891, success: 19, fail: 6
Episode: 2120, Reward: 52.4796, success: 18, fail: 7
Episode: 2121, Reward: 54.4086, success: 18, fail: 7
Episode: 2122, Reward: 62.6209, success: 19, fail: 6
Episode: 2123, Reward: 62.1213, success: 19, fail: 6
Episode: 2124, Reward: 51.2030, success: 18, fail: 7
Episode: 2125, Reward: 52.2902, success: 18, fail: 7
Episode: 2126, Reward: 62.1968, success: 19, fail: 6
Episode: 2127, Reward: 72.1295, success: 20, fail: 5
Episode: 2128, Reward: 63.0372, success: 19, fail: 6
Episode: 2129, Reward: 72.1755, success: 20, fail: 5
Episode: 2130, Reward: 72.9336, success: 20, fail: 5
Episode: 2131, Reward: 83.0501, success: 21, fail: 4
Episode: 2132, Reward: 51.1546, success: 18, fail: 7
Episode: 2133, Reward: 94.1824, success: 22, fail: 3
Episode: 2134, Reward: 51.5261, success: 18, fail: 7
Episode: 2135, Reward: 72.8627, success: 20, fail: 5
Episode: 2136, Reward: 52.4333, success: 18, fail: 7
Episode: 2137, Reward: 62.3128, success: 19, fail: 6
Episode: 2138, Reward: 61.8718, success: 19, fail: 6
Episode: 2139, Reward: 74.0407, success: 20, fail: 5
Episode: 2140, Reward: 63.7674, success: 19, fail: 6
Episode: 2141, Reward: 53.0297, success: 18, fail: 7
Episode: 2142, Reward: 72.2271, success: 20, fail: 5
Episode: 2143, Reward: 53.3725, success: 18, fail: 7
Episode: 2144, Reward: 61.4307, success: 19, fail: 6
Episode: 2145, Reward: 52.0096, success: 18, fail: 7
Episode: 2146, Reward: 63.8609, success: 19, fail: 6
Episode: 2147, Reward: 63.0197, success: 19, fail: 6
Episode: 2148, Reward: 63.5577, success: 19, fail: 6
Episode: 2149, Reward: 53.1594, success: 18, fail: 7
Episode: 2150, Reward: 52.1000, success: 18, fail: 7
Episode: 2151, Reward: 54.1655, success: 18, fail: 7
Episode: 2152, Reward: 42.7392, success: 17, fail: 8
Episode: 2153, Reward: 52.5133, success: 18, fail: 7
Episode: 2154, Reward: 52.2386, success: 18, fail: 7
Episode: 2155, Reward: 52.0984, success: 18, fail: 7
Episode: 2156, Reward: 71.8694, success: 20, fail: 5
Episode: 2157, Reward: 52.3466, success: 18, fail: 7
Episode: 2158, Reward: 72.5053, success: 20, fail: 5
Episode: 2159, Reward: 41.9540, success: 17, fail: 8
Episode: 2160, Reward: 51.5560, success: 18, fail: 7
Episode: 2161, Reward: 73.1106, success: 20, fail: 5
Episode: 2162, Reward: 54.3254, success: 18, fail: 7
Episode: 2163, Reward: 53.4672, success: 18, fail: 7
Episode: 2164, Reward: 74.2688, success: 20, fail: 5
Episode: 2165, Reward: 73.3190, success: 20, fail: 5
Episode: 2166, Reward: 61.9478, success: 19, fail: 6
Episode: 2167, Reward: 53.5617, success: 18, fail: 7
Episode: 2168, Reward: 63.8988, success: 19, fail: 6
Episode: 2169, Reward: 42.2585, success: 17, fail: 8
Episode: 2170, Reward: 62.9291, success: 19, fail: 6
Episode: 2171, Reward: 61.9772, success: 19, fail: 6
Episode: 2172, Reward: 73.0754, success: 20, fail: 5
Episode: 2173, Reward: 53.1424, success: 18, fail: 7
Episode: 2174, Reward: 72.2276, success: 20, fail: 5
Episode: 2175, Reward: 72.8201, success: 20, fail: 5
Episode: 2176, Reward: 62.2016, success: 19, fail: 6
Episode: 2177, Reward: 51.5657, success: 18, fail: 7
Episode: 2178, Reward: 52.4190, success: 18, fail: 7
Episode: 2179, Reward: 43.7681, success: 17, fail: 8
Episode: 2180, Reward: 62.9806, success: 19, fail: 6
Episode: 2181, Reward: 73.9409, success: 20, fail: 5
Episode: 2182, Reward: 54.1804, success: 18, fail: 7
Episode: 2183, Reward: 51.8791, success: 18, fail: 7
Episode: 2184, Reward: 52.3819, success: 18, fail: 7
Episode: 2185, Reward: 52.5528, success: 18, fail: 7
Episode: 2186, Reward: 84.5037, success: 21, fail: 4
Episode: 2187, Reward: 53.6320, success: 18, fail: 7
Episode: 2188, Reward: 42.9221, success: 17, fail: 8
Episode: 2189, Reward: 53.6045, success: 18, fail: 7
Episode: 2190, Reward: 63.9951, success: 19, fail: 6
Episode: 2191, Reward: 73.3141, success: 20, fail: 5
Episode: 2192, Reward: 63.7312, success: 19, fail: 6
Episode: 2193, Reward: 72.5195, success: 20, fail: 5
Episode: 2194, Reward: 73.6133, success: 20, fail: 5
Episode: 2195, Reward: 81.6482, success: 21, fail: 4
Episode: 2196, Reward: 52.9358, success: 18, fail: 7
Episode: 2197, Reward: 51.7256, success: 18, fail: 7
Episode: 2198, Reward: 53.1465, success: 18, fail: 7
Episode: 2199, Reward: 53.5205, success: 18, fail: 7
Episode: 2200, Reward: 62.5593, success: 19, fail: 6
Episode: 2201, Reward: 74.5695, success: 20, fail: 5
Episode: 2202, Reward: 52.2811, success: 18, fail: 7
Episode: 2203, Reward: 62.6546, success: 19, fail: 6
Episode: 2204, Reward: 62.3821, success: 19, fail: 6
Episode: 2205, Reward: 71.1202, success: 20, fail: 5
Episode: 2206, Reward: 43.2996, success: 17, fail: 8
Episode: 2207, Reward: 63.8270, success: 19, fail: 6
Episode: 2208, Reward: 62.0258, success: 19, fail: 6
Episode: 2209, Reward: 63.4709, success: 19, fail: 6
Episode: 2210, Reward: 44.5173, success: 17, fail: 8
Episode: 2211, Reward: 63.3076, success: 19, fail: 6
Episode: 2212, Reward: 71.9095, success: 20, fail: 5
Episode: 2213, Reward: 73.4435, success: 20, fail: 5
Episode: 2214, Reward: 62.8216, success: 19, fail: 6
Episode: 2215, Reward: 62.9468, success: 19, fail: 6
Episode: 2216, Reward: 52.9271, success: 18, fail: 7
Episode: 2217, Reward: 53.3553, success: 18, fail: 7
Episode: 2218, Reward: 51.8552, success: 18, fail: 7
Episode: 2219, Reward: 63.8930, success: 19, fail: 6
Episode: 2220, Reward: 52.8001, success: 18, fail: 7
Episode: 2221, Reward: 43.0191, success: 17, fail: 8
Episode: 2222, Reward: 73.4716, success: 20, fail: 5
Episode: 2223, Reward: 53.1113, success: 18, fail: 7
Episode: 2224, Reward: 43.8600, success: 17, fail: 8
Episode: 2225, Reward: 43.3080, success: 17, fail: 8
Episode: 2226, Reward: 54.2658, success: 18, fail: 7
Episode: 2227, Reward: 84.3318, success: 21, fail: 4
Episode: 2228, Reward: 84.8697, success: 21, fail: 4
Episode: 2229, Reward: 52.8121, success: 18, fail: 7
Episode: 2230, Reward: 63.7169, success: 19, fail: 6
Episode: 2231, Reward: 44.7322, success: 17, fail: 8
Episode: 2232, Reward: 64.0303, success: 19, fail: 6
Episode: 2233, Reward: 52.9839, success: 18, fail: 7
Episode: 2234, Reward: 44.5713, success: 17, fail: 8
Episode: 2235, Reward: 52.3283, success: 18, fail: 7
Episode: 2236, Reward: 64.3099, success: 19, fail: 6
Episode: 2237, Reward: 33.2465, success: 16, fail: 9
Episode: 2238, Reward: 40.8675, success: 17, fail: 8
Episode: 2239, Reward: 62.9290, success: 19, fail: 6
Episode: 2240, Reward: 52.5770, success: 18, fail: 7
Episode: 2241, Reward: 53.5526, success: 18, fail: 7
Episode: 2242, Reward: 63.7501, success: 19, fail: 6
Episode: 2243, Reward: 53.5320, success: 18, fail: 7
Episode: 2244, Reward: 52.8049, success: 18, fail: 7
Episode: 2245, Reward: 52.9492, success: 18, fail: 7
Episode: 2246, Reward: 64.2309, success: 19, fail: 6
Episode: 2247, Reward: 51.9011, success: 18, fail: 7
Episode: 2248, Reward: 63.6622, success: 19, fail: 6
Episode: 2249, Reward: 63.0891, success: 19, fail: 6
Episode: 2250, Reward: 54.2236, success: 18, fail: 7
Episode: 2251, Reward: 43.4391, success: 17, fail: 8
Episode: 2252, Reward: 43.2079, success: 17, fail: 8
Episode: 2253, Reward: 53.6800, success: 18, fail: 7
Episode: 2254, Reward: 53.8125, success: 18, fail: 7
Episode: 2255, Reward: 43.2928, success: 17, fail: 8
Episode: 2256, Reward: 63.9340, success: 19, fail: 6
Episode: 2257, Reward: 53.7205, success: 18, fail: 7
Episode: 2258, Reward: 63.0709, success: 19, fail: 6
Episode: 2259, Reward: 53.6307, success: 18, fail: 7
Episode: 2260, Reward: 33.7486, success: 16, fail: 9
Episode: 2261, Reward: 52.9300, success: 18, fail: 7
Episode: 2262, Reward: 52.5854, success: 18, fail: 7
Episode: 2263, Reward: 64.5585, success: 19, fail: 6
Episode: 2264, Reward: 33.5026, success: 16, fail: 9
Episode: 2265, Reward: 73.9498, success: 20, fail: 5
Episode: 2266, Reward: 62.7152, success: 19, fail: 6
Episode: 2267, Reward: 42.6210, success: 17, fail: 8
Episode: 2268, Reward: 53.2189, success: 18, fail: 7
Episode: 2269, Reward: 53.2662, success: 18, fail: 7
Episode: 2270, Reward: 55.3001, success: 18, fail: 7
Episode: 2271, Reward: 53.4783, success: 18, fail: 7
Episode: 2272, Reward: 64.1237, success: 19, fail: 6
Episode: 2273, Reward: 64.5743, success: 19, fail: 6
Episode: 2274, Reward: 55.2914, success: 18, fail: 7
Episode: 2275, Reward: 33.0240, success: 16, fail: 9
Episode: 2276, Reward: 43.2226, success: 17, fail: 8
Episode: 2277, Reward: 44.2936, success: 17, fail: 8
Episode: 2278, Reward: 41.4342, success: 17, fail: 8
Episode: 2279, Reward: 43.4453, success: 17, fail: 8
Episode: 2280, Reward: 64.7640, success: 19, fail: 6
Episode: 2281, Reward: 63.6982, success: 19, fail: 6
Episode: 2282, Reward: 53.3858, success: 18, fail: 7
Episode: 2283, Reward: 62.2398, success: 19, fail: 6
Episode: 2284, Reward: 54.5790, success: 18, fail: 7
Episode: 2285, Reward: 63.0912, success: 19, fail: 6
Episode: 2286, Reward: 43.1281, success: 17, fail: 8
Episode: 2287, Reward: 43.4181, success: 17, fail: 8
Episode: 2288, Reward: 44.1170, success: 17, fail: 8
Episode: 2289, Reward: 33.7388, success: 16, fail: 9
Episode: 2290, Reward: 64.5405, success: 19, fail: 6
Episode: 2291, Reward: 73.7721, success: 20, fail: 5
Episode: 2292, Reward: 53.3749, success: 18, fail: 7
Episode: 2293, Reward: 63.2516, success: 19, fail: 6
Episode: 2294, Reward: 24.1203, success: 15, fail: 10
Episode: 2295, Reward: 54.2761, success: 18, fail: 7
Episode: 2296, Reward: 53.3483, success: 18, fail: 7
Episode: 2297, Reward: 34.5229, success: 16, fail: 9
Episode: 2298, Reward: 53.9439, success: 18, fail: 7
Episode: 2299, Reward: 53.8684, success: 18, fail: 7
Episode: 2300, Reward: 45.9825, success: 17, fail: 8
Episode: 2301, Reward: 44.5112, success: 17, fail: 8
Episode: 2302, Reward: 54.9551, success: 18, fail: 7
Episode: 2303, Reward: 34.7950, success: 16, fail: 9
Episode: 2304, Reward: 54.8903, success: 18, fail: 7
Episode: 2305, Reward: 45.1237, success: 17, fail: 8
Episode: 2306, Reward: 63.4947, success: 19, fail: 6
Episode: 2307, Reward: 63.0513, success: 19, fail: 6
Episode: 2308, Reward: 53.9102, success: 18, fail: 7
Episode: 2309, Reward: 54.3149, success: 18, fail: 7
Episode: 2310, Reward: 34.3092, success: 16, fail: 9
Episode: 2311, Reward: 64.3681, success: 19, fail: 6
Episode: 2312, Reward: 43.8820, success: 17, fail: 8
Episode: 2313, Reward: 54.0753, success: 18, fail: 7
Episode: 2314, Reward: 53.6647, success: 18, fail: 7
Episode: 2315, Reward: 54.5962, success: 18, fail: 7
Episode: 2316, Reward: 45.0219, success: 17, fail: 8
Episode: 2317, Reward: 64.8783, success: 19, fail: 6
Episode: 2318, Reward: 42.6744, success: 17, fail: 8
Episode: 2319, Reward: 44.4764, success: 17, fail: 8
Episode: 2320, Reward: 65.0595, success: 19, fail: 6
Episode: 2321, Reward: 34.2732, success: 16, fail: 9
Episode: 2322, Reward: 64.9336, success: 19, fail: 6
Episode: 2323, Reward: 36.1155, success: 16, fail: 9
Episode: 2324, Reward: 55.3998, success: 18, fail: 7
Episode: 2325, Reward: 75.6825, success: 20, fail: 5
Episode: 2326, Reward: 45.7870, success: 17, fail: 8
Episode: 2327, Reward: 55.1889, success: 18, fail: 7
Episode: 2328, Reward: 63.7005, success: 19, fail: 6
Episode: 2329, Reward: 54.2889, success: 18, fail: 7
Episode: 2330, Reward: 45.8150, success: 17, fail: 8
Episode: 2331, Reward: 65.2204, success: 19, fail: 6
Episode: 2332, Reward: 55.4309, success: 18, fail: 7
Episode: 2333, Reward: 63.9722, success: 19, fail: 6
Episode: 2334, Reward: 44.6880, success: 17, fail: 8
Episode: 2335, Reward: 33.9198, success: 16, fail: 9
Episode: 2336, Reward: 42.7789, success: 17, fail: 8
Episode: 2337, Reward: 54.2391, success: 18, fail: 7
Episode: 2338, Reward: 75.4018, success: 20, fail: 5
Episode: 2339, Reward: 34.3836, success: 16, fail: 9
Episode: 2340, Reward: 45.0130, success: 17, fail: 8
Episode: 2341, Reward: 63.4242, success: 19, fail: 6
Episode: 2342, Reward: 64.3996, success: 19, fail: 6
Episode: 2343, Reward: 44.1033, success: 17, fail: 8
Episode: 2344, Reward: 54.8274, success: 18, fail: 7
Episode: 2345, Reward: 44.3729, success: 17, fail: 8
Episode: 2346, Reward: 64.0744, success: 19, fail: 6
Episode: 2347, Reward: 53.7492, success: 18, fail: 7
Episode: 2348, Reward: 44.9882, success: 17, fail: 8
Episode: 2349, Reward: 55.3299, success: 18, fail: 7
Episode: 2350, Reward: 45.4993, success: 17, fail: 8
Episode: 2351, Reward: 64.7818, success: 19, fail: 6
Episode: 2352, Reward: 53.9454, success: 18, fail: 7
Episode: 2353, Reward: 65.1058, success: 19, fail: 6
Episode: 2354, Reward: 73.4331, success: 20, fail: 5
Episode: 2355, Reward: 53.9461, success: 18, fail: 7
Episode: 2356, Reward: 75.8765, success: 20, fail: 5
Episode: 2357, Reward: 64.4468, success: 19, fail: 6
Episode: 2358, Reward: 45.3463, success: 17, fail: 8
Episode: 2359, Reward: 75.1757, success: 20, fail: 5
Episode: 2360, Reward: 64.3693, success: 19, fail: 6
Episode: 2361, Reward: 54.1061, success: 18, fail: 7
Episode: 2362, Reward: 64.7945, success: 19, fail: 6
Episode: 2363, Reward: 55.9156, success: 18, fail: 7
Episode: 2364, Reward: 64.5093, success: 19, fail: 6
Episode: 2365, Reward: 45.6177, success: 17, fail: 8
Episode: 2366, Reward: 74.3605, success: 20, fail: 5
Episode: 2367, Reward: 72.6201, success: 20, fail: 5
Episode: 2368, Reward: 63.9060, success: 19, fail: 6
Episode: 2369, Reward: 63.8790, success: 19, fail: 6
Episode: 2370, Reward: 64.4541, success: 19, fail: 6
Episode: 2371, Reward: 53.9497, success: 18, fail: 7
Episode: 2372, Reward: 54.8228, success: 18, fail: 7
Episode: 2373, Reward: 73.3746, success: 20, fail: 5
Episode: 2374, Reward: 44.7306, success: 17, fail: 8
Episode: 2375, Reward: 64.7610, success: 19, fail: 6
Episode: 2376, Reward: 54.6909, success: 18, fail: 7
Episode: 2377, Reward: 65.7475, success: 19, fail: 6
Episode: 2378, Reward: 74.1693, success: 20, fail: 5
Episode: 2379, Reward: 53.8947, success: 18, fail: 7
Episode: 2380, Reward: 44.4919, success: 17, fail: 8
Episode: 2381, Reward: 33.8259, success: 16, fail: 9
Episode: 2382, Reward: 55.1969, success: 18, fail: 7
Episode: 2383, Reward: 54.5093, success: 18, fail: 7
Episode: 2384, Reward: 64.7901, success: 19, fail: 6
Episode: 2385, Reward: 43.8792, success: 17, fail: 8
Episode: 2386, Reward: 54.0394, success: 18, fail: 7
Episode: 2387, Reward: 43.5615, success: 17, fail: 8
Episode: 2388, Reward: 53.0135, success: 18, fail: 7
Episode: 2389, Reward: 63.1078, success: 19, fail: 6
Episode: 2390, Reward: 53.5044, success: 18, fail: 7
Episode: 2391, Reward: 64.5039, success: 19, fail: 6
Episode: 2392, Reward: 72.7421, success: 20, fail: 5
Episode: 2393, Reward: 63.7278, success: 19, fail: 6
Episode: 2394, Reward: 43.4205, success: 17, fail: 8
Episode: 2395, Reward: 73.1468, success: 20, fail: 5
Episode: 2396, Reward: 42.7665, success: 17, fail: 8
Episode: 2397, Reward: 54.2148, success: 18, fail: 7
Episode: 2398, Reward: 43.7382, success: 17, fail: 8
Episode: 2399, Reward: 64.0918, success: 19, fail: 6
Episode: 2400, Reward: 34.2548, success: 16, fail: 9
Episode: 2401, Reward: 53.0826, success: 18, fail: 7
Episode: 2402, Reward: 75.6889, success: 20, fail: 5
Episode: 2403, Reward: 44.2109, success: 17, fail: 8
Episode: 2404, Reward: 64.9659, success: 19, fail: 6
Episode: 2405, Reward: 43.9783, success: 17, fail: 8
Episode: 2406, Reward: 45.0365, success: 17, fail: 8
Episode: 2407, Reward: 34.0163, success: 16, fail: 9
Episode: 2408, Reward: 64.1690, success: 19, fail: 6
Episode: 2409, Reward: 73.8940, success: 20, fail: 5
Episode: 2410, Reward: 65.2341, success: 19, fail: 6
Episode: 2411, Reward: 64.6061, success: 19, fail: 6
Episode: 2412, Reward: 64.3759, success: 19, fail: 6
Episode: 2413, Reward: 44.9189, success: 17, fail: 8
Episode: 2414, Reward: 54.3152, success: 18, fail: 7
Episode: 2415, Reward: 63.0811, success: 19, fail: 6
Episode: 2416, Reward: 44.1198, success: 17, fail: 8
Episode: 2417, Reward: 44.7551, success: 17, fail: 8
Episode: 2418, Reward: 33.4239, success: 16, fail: 9
Episode: 2419, Reward: 64.9058, success: 19, fail: 6
Episode: 2420, Reward: 73.4710, success: 20, fail: 5
Episode: 2421, Reward: 43.2868, success: 17, fail: 8
Episode: 2422, Reward: 94.0510, success: 22, fail: 3
Episode: 2423, Reward: 74.2754, success: 20, fail: 5
Episode: 2424, Reward: 62.5314, success: 19, fail: 6
Episode: 2425, Reward: 54.7252, success: 18, fail: 7
Episode: 2426, Reward: 53.3182, success: 18, fail: 7
Episode: 2427, Reward: 64.0225, success: 19, fail: 6
Episode: 2428, Reward: 64.0640, success: 19, fail: 6
Episode: 2429, Reward: 73.9027, success: 20, fail: 5
Episode: 2430, Reward: 54.7202, success: 18, fail: 7
Episode: 2431, Reward: 73.9738, success: 20, fail: 5
Episode: 2432, Reward: 75.1886, success: 20, fail: 5
Episode: 2433, Reward: 54.0616, success: 18, fail: 7
Episode: 2434, Reward: 65.1838, success: 19, fail: 6
Episode: 2435, Reward: 74.1633, success: 20, fail: 5
Episode: 2436, Reward: 65.3887, success: 19, fail: 6
Episode: 2437, Reward: 54.2998, success: 18, fail: 7
Episode: 2438, Reward: 63.8979, success: 19, fail: 6
Episode: 2439, Reward: 64.9513, success: 19, fail: 6
Episode: 2440, Reward: 65.0306, success: 19, fail: 6
Episode: 2441, Reward: 72.9373, success: 20, fail: 5
Episode: 2442, Reward: 25.4055, success: 15, fail: 10
Episode: 2443, Reward: 44.2665, success: 17, fail: 8
Episode: 2444, Reward: 54.7380, success: 18, fail: 7
Episode: 2445, Reward: 54.4660, success: 18, fail: 7
Episode: 2446, Reward: 53.4435, success: 18, fail: 7
Episode: 2447, Reward: 74.3436, success: 20, fail: 5
Episode: 2448, Reward: 44.0804, success: 17, fail: 8
Episode: 2449, Reward: 75.4488, success: 20, fail: 5
Episode: 2450, Reward: 54.9475, success: 18, fail: 7
Episode: 2451, Reward: 64.4848, success: 19, fail: 6
Episode: 2452, Reward: 65.9663, success: 19, fail: 6
Episode: 2453, Reward: 54.7059, success: 18, fail: 7
Episode: 2454, Reward: 54.4778, success: 18, fail: 7
Episode: 2455, Reward: 43.1017, success: 17, fail: 8
Episode: 2456, Reward: 64.8865, success: 19, fail: 6
Episode: 2457, Reward: 44.4350, success: 17, fail: 8
Episode: 2458, Reward: 64.6836, success: 19, fail: 6
Episode: 2459, Reward: 55.2154, success: 18, fail: 7
Episode: 2460, Reward: 33.7291, success: 16, fail: 9
Episode: 2461, Reward: 64.5161, success: 19, fail: 6
Episode: 2462, Reward: 44.7871, success: 17, fail: 8
Episode: 2463, Reward: 62.5262, success: 19, fail: 6
Episode: 2464, Reward: 66.1200, success: 19, fail: 6
Episode: 2465, Reward: 54.6252, success: 18, fail: 7
Episode: 2466, Reward: 55.2439, success: 18, fail: 7
Episode: 2467, Reward: 53.8248, success: 18, fail: 7
Episode: 2468, Reward: 55.3218, success: 18, fail: 7
Episode: 2469, Reward: 53.5508, success: 18, fail: 7
Episode: 2470, Reward: 64.8970, success: 19, fail: 6
Episode: 2471, Reward: 64.7386, success: 19, fail: 6
Episode: 2472, Reward: 44.5080, success: 17, fail: 8
Episode: 2473, Reward: 44.7056, success: 17, fail: 8
Episode: 2474, Reward: 64.0594, success: 19, fail: 6
Episode: 2475, Reward: 45.3764, success: 17, fail: 8
Episode: 2476, Reward: 64.8573, success: 19, fail: 6
Episode: 2477, Reward: 54.6232, success: 18, fail: 7
Episode: 2478, Reward: 55.4635, success: 18, fail: 7
Episode: 2479, Reward: 55.3234, success: 18, fail: 7
Episode: 2480, Reward: 44.7963, success: 17, fail: 8
Episode: 2481, Reward: 64.6602, success: 19, fail: 6
Episode: 2482, Reward: 53.8571, success: 18, fail: 7
Episode: 2483, Reward: 54.3306, success: 18, fail: 7
Episode: 2484, Reward: 65.4467, success: 19, fail: 6
Episode: 2485, Reward: 25.2596, success: 15, fail: 10
Episode: 2486, Reward: 44.0322, success: 17, fail: 8
Episode: 2487, Reward: 53.7091, success: 18, fail: 7
Episode: 2488, Reward: 44.4354, success: 17, fail: 8
Episode: 2489, Reward: 75.3276, success: 20, fail: 5
Episode: 2490, Reward: 43.5558, success: 17, fail: 8
Episode: 2491, Reward: 35.2065, success: 16, fail: 9
Episode: 2492, Reward: 54.7989, success: 18, fail: 7
Episode: 2493, Reward: 54.5140, success: 18, fail: 7
Episode: 2494, Reward: 54.8548, success: 18, fail: 7
Episode: 2495, Reward: 54.4935, success: 18, fail: 7
Episode: 2496, Reward: 54.8410, success: 18, fail: 7
Episode: 2497, Reward: 64.6809, success: 19, fail: 6
Episode: 2498, Reward: 55.0482, success: 18, fail: 7
Episode: 2499, Reward: 46.1335, success: 17, fail: 8
Episode: 2500, Reward: 55.6552, success: 18, fail: 7
Episode: 2501, Reward: 44.8472, success: 17, fail: 8
Episode: 2502, Reward: 44.3801, success: 17, fail: 8
Episode: 2503, Reward: 23.4464, success: 15, fail: 10
Episode: 2504, Reward: 53.7376, success: 18, fail: 7
Episode: 2505, Reward: 65.6289, success: 19, fail: 6
Episode: 2506, Reward: 44.5005, success: 17, fail: 8
Episode: 2507, Reward: 55.0550, success: 18, fail: 7
Episode: 2508, Reward: 53.8814, success: 18, fail: 7
Episode: 2509, Reward: 54.1193, success: 18, fail: 7
Episode: 2510, Reward: 33.7427, success: 16, fail: 9
Episode: 2511, Reward: 45.5854, success: 17, fail: 8
Episode: 2512, Reward: 53.7668, success: 18, fail: 7
Episode: 2513, Reward: 63.6401, success: 19, fail: 6
Episode: 2514, Reward: 62.4581, success: 19, fail: 6
Episode: 2515, Reward: 64.6846, success: 19, fail: 6
Episode: 2516, Reward: 63.1749, success: 19, fail: 6
Episode: 2517, Reward: 64.1191, success: 19, fail: 6
Episode: 2518, Reward: 34.5099, success: 16, fail: 9
Episode: 2519, Reward: 54.6205, success: 18, fail: 7
Episode: 2520, Reward: 54.1995, success: 18, fail: 7
Episode: 2521, Reward: 63.5974, success: 19, fail: 6
Episode: 2522, Reward: 44.4903, success: 17, fail: 8
Episode: 2523, Reward: 63.7284, success: 19, fail: 6
Episode: 2524, Reward: 64.0966, success: 19, fail: 6
Episode: 2525, Reward: 74.7772, success: 20, fail: 5
Episode: 2526, Reward: 54.5232, success: 18, fail: 7
Episode: 2527, Reward: 44.3156, success: 17, fail: 8
Episode: 2528, Reward: 64.2978, success: 19, fail: 6
Episode: 2529, Reward: 64.3950, success: 19, fail: 6
Episode: 2530, Reward: 53.3222, success: 18, fail: 7
Episode: 2531, Reward: 74.5118, success: 20, fail: 5
Episode: 2532, Reward: 43.4463, success: 17, fail: 8
Episode: 2533, Reward: 63.4405, success: 19, fail: 6
Episode: 2534, Reward: 73.9929, success: 20, fail: 5
Episode: 2535, Reward: 64.0222, success: 19, fail: 6
Episode: 2536, Reward: 43.9537, success: 17, fail: 8
Episode: 2537, Reward: 73.4531, success: 20, fail: 5
Episode: 2538, Reward: 63.6093, success: 19, fail: 6
Episode: 2539, Reward: 44.9069, success: 17, fail: 8
Episode: 2540, Reward: 64.3264, success: 19, fail: 6
Episode: 2541, Reward: 64.3847, success: 19, fail: 6
Episode: 2542, Reward: 54.2514, success: 18, fail: 7
Episode: 2543, Reward: 74.5264, success: 20, fail: 5
Episode: 2544, Reward: 53.6147, success: 18, fail: 7
Episode: 2545, Reward: 54.2248, success: 18, fail: 7
Episode: 2546, Reward: 45.8231, success: 17, fail: 8
Episode: 2547, Reward: 33.6893, success: 16, fail: 9
Episode: 2548, Reward: 52.8734, success: 18, fail: 7
Episode: 2549, Reward: 43.7556, success: 17, fail: 8
Episode: 2550, Reward: 64.2656, success: 19, fail: 6
Episode: 2551, Reward: 53.2370, success: 18, fail: 7
Episode: 2552, Reward: 63.5165, success: 19, fail: 6
Episode: 2553, Reward: 53.9479, success: 18, fail: 7
Episode: 2554, Reward: 53.2497, success: 18, fail: 7
Episode: 2555, Reward: 63.7433, success: 19, fail: 6
Episode: 2556, Reward: 44.8734, success: 17, fail: 8
Episode: 2557, Reward: 31.9644, success: 16, fail: 9
Episode: 2558, Reward: 63.0441, success: 19, fail: 6
Episode: 2559, Reward: 44.4893, success: 17, fail: 8
Episode: 2560, Reward: 54.2569, success: 18, fail: 7
Episode: 2561, Reward: 63.2650, success: 19, fail: 6
Episode: 2562, Reward: 73.8287, success: 20, fail: 5
Episode: 2563, Reward: 63.9436, success: 19, fail: 6
Episode: 2564, Reward: 64.8038, success: 19, fail: 6
Episode: 2565, Reward: 53.6307, success: 18, fail: 7
Episode: 2566, Reward: 43.2315, success: 17, fail: 8
Episode: 2567, Reward: 44.0928, success: 17, fail: 8
Episode: 2568, Reward: 34.4767, success: 16, fail: 9
Episode: 2569, Reward: 65.3141, success: 19, fail: 6
Episode: 2570, Reward: 43.5767, success: 17, fail: 8
Episode: 2571, Reward: 72.1694, success: 20, fail: 5
Episode: 2572, Reward: 32.5095, success: 16, fail: 9
Episode: 2573, Reward: 54.6947, success: 18, fail: 7
Episode: 2574, Reward: 54.7538, success: 18, fail: 7
Episode: 2575, Reward: 54.7269, success: 18, fail: 7
Episode: 2576, Reward: 53.6085, success: 18, fail: 7
Episode: 2577, Reward: 43.3778, success: 17, fail: 8
Episode: 2578, Reward: 53.3511, success: 18, fail: 7
Episode: 2579, Reward: 34.9128, success: 16, fail: 9
Episode: 2580, Reward: 45.3345, success: 17, fail: 8
Episode: 2581, Reward: 65.0249, success: 19, fail: 6
Episode: 2582, Reward: 63.8187, success: 19, fail: 6
Episode: 2583, Reward: 54.5150, success: 18, fail: 7
Episode: 2584, Reward: 53.0646, success: 18, fail: 7
Episode: 2585, Reward: 52.2803, success: 18, fail: 7
Episode: 2586, Reward: 53.4779, success: 18, fail: 7
Episode: 2587, Reward: 52.8220, success: 18, fail: 7
Episode: 2588, Reward: 43.9504, success: 17, fail: 8
Episode: 2589, Reward: 52.7903, success: 18, fail: 7
Episode: 2590, Reward: 44.3595, success: 17, fail: 8
Episode: 2591, Reward: 64.6439, success: 19, fail: 6
Episode: 2592, Reward: 53.9245, success: 18, fail: 7
Episode: 2593, Reward: 45.3706, success: 17, fail: 8
Episode: 2594, Reward: 53.8311, success: 18, fail: 7
Episode: 2595, Reward: 55.5918, success: 18, fail: 7
Episode: 2596, Reward: 64.0028, success: 19, fail: 6
Episode: 2597, Reward: 43.7421, success: 17, fail: 8
Episode: 2598, Reward: 43.8259, success: 17, fail: 8
Episode: 2599, Reward: 64.2510, success: 19, fail: 6
Episode: 2600, Reward: 54.2989, success: 18, fail: 7
Episode: 2601, Reward: 44.1384, success: 17, fail: 8
Episode: 2602, Reward: 53.9458, success: 18, fail: 7
Episode: 2603, Reward: 23.5571, success: 15, fail: 10
Episode: 2604, Reward: 54.1363, success: 18, fail: 7
Episode: 2605, Reward: 63.8983, success: 19, fail: 6
Episode: 2606, Reward: 43.8402, success: 17, fail: 8
Episode: 2607, Reward: 54.5128, success: 18, fail: 7
Episode: 2608, Reward: 34.0653, success: 16, fail: 9
Episode: 2609, Reward: 64.5496, success: 19, fail: 6
Episode: 2610, Reward: 44.0410, success: 17, fail: 8
Episode: 2611, Reward: 53.8826, success: 18, fail: 7
Episode: 2612, Reward: 44.7012, success: 17, fail: 8
Episode: 2613, Reward: 24.3691, success: 15, fail: 10
Episode: 2614, Reward: 64.0130, success: 19, fail: 6
Episode: 2615, Reward: 54.6515, success: 18, fail: 7
Episode: 2616, Reward: 84.0550, success: 21, fail: 4
Episode: 2617, Reward: 43.3350, success: 17, fail: 8
Episode: 2618, Reward: 64.6429, success: 19, fail: 6
Episode: 2619, Reward: 33.4759, success: 16, fail: 9
Episode: 2620, Reward: 54.2604, success: 18, fail: 7
Episode: 2621, Reward: 53.6821, success: 18, fail: 7
Episode: 2622, Reward: 43.6437, success: 17, fail: 8
Episode: 2623, Reward: 74.3096, success: 20, fail: 5
Episode: 2624, Reward: 52.7182, success: 18, fail: 7
Episode: 2625, Reward: 54.3563, success: 18, fail: 7
Episode: 2626, Reward: 53.9991, success: 18, fail: 7
Episode: 2627, Reward: 65.3669, success: 19, fail: 6
Episode: 2628, Reward: 42.9400, success: 17, fail: 8
Episode: 2629, Reward: 63.4229, success: 19, fail: 6
Episode: 2630, Reward: 63.9814, success: 19, fail: 6
Episode: 2631, Reward: 53.3798, success: 18, fail: 7
Episode: 2632, Reward: 54.1969, success: 18, fail: 7
Episode: 2633, Reward: 33.7218, success: 16, fail: 9
Episode: 2634, Reward: 52.9497, success: 18, fail: 7
Episode: 2635, Reward: 52.5378, success: 18, fail: 7
Episode: 2636, Reward: 43.4355, success: 17, fail: 8
Episode: 2637, Reward: 52.9821, success: 18, fail: 7
Episode: 2638, Reward: 53.8833, success: 18, fail: 7
Episode: 2639, Reward: 54.0620, success: 18, fail: 7
Episode: 2640, Reward: 33.1310, success: 16, fail: 9
Episode: 2641, Reward: 54.1999, success: 18, fail: 7
Episode: 2642, Reward: 54.0895, success: 18, fail: 7
Episode: 2643, Reward: 74.0471, success: 20, fail: 5
Episode: 2644, Reward: 13.8871, success: 14, fail: 11
Episode: 2645, Reward: 54.1772, success: 18, fail: 7
Episode: 2646, Reward: 63.6729, success: 19, fail: 6
Episode: 2647, Reward: 53.0372, success: 18, fail: 7
Episode: 2648, Reward: 53.1373, success: 18, fail: 7
Episode: 2649, Reward: 64.3296, success: 19, fail: 6
Episode: 2650, Reward: 62.5655, success: 19, fail: 6
Episode: 2651, Reward: 63.5686, success: 19, fail: 6
Episode: 2652, Reward: 64.5904, success: 19, fail: 6
Episode: 2653, Reward: 42.9247, success: 17, fail: 8
Episode: 2654, Reward: 44.0400, success: 17, fail: 8
Episode: 2655, Reward: 34.1401, success: 16, fail: 9
Episode: 2656, Reward: 43.4703, success: 17, fail: 8
Episode: 2657, Reward: 53.4177, success: 18, fail: 7
Episode: 2658, Reward: 64.4485, success: 19, fail: 6
Episode: 2659, Reward: 43.8963, success: 17, fail: 8
Episode: 2660, Reward: 63.2533, success: 19, fail: 6
Episode: 2661, Reward: 33.6063, success: 16, fail: 9
Episode: 2662, Reward: 54.2621, success: 18, fail: 7
Episode: 2663, Reward: 54.4852, success: 18, fail: 7
Episode: 2664, Reward: 53.0300, success: 18, fail: 7
Episode: 2665, Reward: 73.9980, success: 20, fail: 5
Episode: 2666, Reward: 74.2081, success: 20, fail: 5
Episode: 2667, Reward: 53.3451, success: 18, fail: 7
Episode: 2668, Reward: 53.1476, success: 18, fail: 7
Episode: 2669, Reward: 44.9085, success: 17, fail: 8
Episode: 2670, Reward: 56.5865, success: 18, fail: 7
Episode: 2671, Reward: 43.2710, success: 17, fail: 8
Episode: 2672, Reward: 64.2731, success: 19, fail: 6
Episode: 2673, Reward: 52.7606, success: 18, fail: 7
Episode: 2674, Reward: 32.0880, success: 16, fail: 9
Episode: 2675, Reward: 54.1544, success: 18, fail: 7
Episode: 2676, Reward: 45.1140, success: 17, fail: 8
Episode: 2677, Reward: 54.1326, success: 18, fail: 7
Episode: 2678, Reward: 43.5329, success: 17, fail: 8
Episode: 2679, Reward: 53.6313, success: 18, fail: 7
Episode: 2680, Reward: 74.2176, success: 20, fail: 5
Episode: 2681, Reward: 54.7052, success: 18, fail: 7
Episode: 2682, Reward: 43.2479, success: 17, fail: 8
Episode: 2683, Reward: 54.6632, success: 18, fail: 7
Episode: 2684, Reward: 44.5499, success: 17, fail: 8
Episode: 2685, Reward: 35.2787, success: 16, fail: 9
Episode: 2686, Reward: 63.6633, success: 19, fail: 6
Episode: 2687, Reward: 54.1778, success: 18, fail: 7
Episode: 2688, Reward: 44.2733, success: 17, fail: 8
Episode: 2689, Reward: 64.7658, success: 19, fail: 6
Episode: 2690, Reward: 44.3852, success: 17, fail: 8
Episode: 2691, Reward: 74.5097, success: 20, fail: 5
Episode: 2692, Reward: 64.4574, success: 19, fail: 6
Episode: 2693, Reward: 44.4785, success: 17, fail: 8
Episode: 2694, Reward: 56.1905, success: 18, fail: 7
Episode: 2695, Reward: 45.3956, success: 17, fail: 8
Episode: 2696, Reward: 62.9329, success: 19, fail: 6
Episode: 2697, Reward: 34.4122, success: 16, fail: 9
Episode: 2698, Reward: 54.1291, success: 18, fail: 7
Episode: 2699, Reward: 54.0585, success: 18, fail: 7
Episode: 2700, Reward: 44.4148, success: 17, fail: 8
Episode: 2701, Reward: 65.2720, success: 19, fail: 6
Episode: 2702, Reward: 63.5525, success: 19, fail: 6
Episode: 2703, Reward: 44.8390, success: 17, fail: 8
Episode: 2704, Reward: 64.3002, success: 19, fail: 6
Episode: 2705, Reward: 33.8420, success: 16, fail: 9
Episode: 2706, Reward: 53.2345, success: 18, fail: 7
Episode: 2707, Reward: 44.3716, success: 17, fail: 8
Episode: 2708, Reward: 74.7868, success: 20, fail: 5
Episode: 2709, Reward: 52.5631, success: 18, fail: 7
Episode: 2710, Reward: 63.3668, success: 19, fail: 6
Episode: 2711, Reward: 64.4898, success: 19, fail: 6
Episode: 2712, Reward: 33.0922, success: 16, fail: 9
Episode: 2713, Reward: 54.4328, success: 18, fail: 7
Episode: 2714, Reward: 54.5421, success: 18, fail: 7
Episode: 2715, Reward: 33.6294, success: 16, fail: 9
Episode: 2716, Reward: 75.0942, success: 20, fail: 5
Episode: 2717, Reward: 45.0131, success: 17, fail: 8
Episode: 2718, Reward: 64.8502, success: 19, fail: 6
Episode: 2719, Reward: 43.4846, success: 17, fail: 8
Episode: 2720, Reward: 24.2390, success: 15, fail: 10
Episode: 2721, Reward: 32.8954, success: 16, fail: 9
Episode: 2722, Reward: 43.8652, success: 17, fail: 8
Episode: 2723, Reward: 74.0596, success: 20, fail: 5
Episode: 2724, Reward: 44.6529, success: 17, fail: 8
Episode: 2725, Reward: 65.1862, success: 19, fail: 6
Episode: 2726, Reward: 44.7042, success: 17, fail: 8
Episode: 2727, Reward: 65.4470, success: 19, fail: 6
Episode: 2728, Reward: 54.9441, success: 18, fail: 7
Episode: 2729, Reward: 45.0306, success: 17, fail: 8
Episode: 2730, Reward: 64.5348, success: 19, fail: 6
Episode: 2731, Reward: 63.8017, success: 19, fail: 6
Episode: 2732, Reward: 55.5068, success: 18, fail: 7
Episode: 2733, Reward: 55.5863, success: 18, fail: 7
Episode: 2734, Reward: 46.2021, success: 17, fail: 8
Episode: 2735, Reward: 44.0747, success: 17, fail: 8
Episode: 2736, Reward: 34.3653, success: 16, fail: 9
Episode: 2737, Reward: 34.9447, success: 16, fail: 9
Episode: 2738, Reward: 35.8493, success: 16, fail: 9
Episode: 2739, Reward: 35.3274, success: 16, fail: 9
Episode: 2740, Reward: 34.8751, success: 16, fail: 9
Episode: 2741, Reward: 54.7796, success: 18, fail: 7
Episode: 2742, Reward: 55.3850, success: 18, fail: 7
Episode: 2743, Reward: 56.5431, success: 18, fail: 7
Episode: 2744, Reward: 55.2726, success: 18, fail: 7
Episode: 2745, Reward: 55.5196, success: 18, fail: 7
Episode: 2746, Reward: 45.1826, success: 17, fail: 8
Episode: 2747, Reward: 54.9071, success: 18, fail: 7
Episode: 2748, Reward: 54.8796, success: 18, fail: 7
Episode: 2749, Reward: 54.6042, success: 18, fail: 7
Episode: 2750, Reward: 34.8067, success: 16, fail: 9
Episode: 2751, Reward: 55.7996, success: 18, fail: 7
Episode: 2752, Reward: 34.6585, success: 16, fail: 9
Episode: 2753, Reward: 63.1031, success: 19, fail: 6
Episode: 2754, Reward: 54.6795, success: 18, fail: 7
Episode: 2755, Reward: 63.8516, success: 19, fail: 6
Episode: 2756, Reward: 43.6719, success: 17, fail: 8
Episode: 2757, Reward: 63.8909, success: 19, fail: 6
Episode: 2758, Reward: 23.6473, success: 15, fail: 10
Episode: 2759, Reward: 43.8073, success: 17, fail: 8
Episode: 2760, Reward: 44.8137, success: 17, fail: 8
Episode: 2761, Reward: 35.3955, success: 16, fail: 9
Episode: 2762, Reward: 45.4813, success: 17, fail: 8
Episode: 2763, Reward: 55.3958, success: 18, fail: 7
Episode: 2764, Reward: 44.4742, success: 17, fail: 8
Episode: 2765, Reward: 44.5892, success: 17, fail: 8
Episode: 2766, Reward: 54.3558, success: 18, fail: 7
Episode: 2767, Reward: 54.8917, success: 18, fail: 7
Episode: 2768, Reward: 44.4310, success: 17, fail: 8
Episode: 2769, Reward: 64.6216, success: 19, fail: 6
Episode: 2770, Reward: 54.8005, success: 18, fail: 7
Episode: 2771, Reward: 46.0872, success: 17, fail: 8
Episode: 2772, Reward: 45.6387, success: 17, fail: 8
Episode: 2773, Reward: 63.9981, success: 19, fail: 6
Episode: 2774, Reward: 44.0499, success: 17, fail: 8
Episode: 2775, Reward: 43.4205, success: 17, fail: 8
Episode: 2776, Reward: 45.9268, success: 17, fail: 8
Episode: 2777, Reward: 44.6361, success: 17, fail: 8
Episode: 2778, Reward: 55.6215, success: 18, fail: 7
Episode: 2779, Reward: 44.4372, success: 17, fail: 8
Episode: 2780, Reward: 44.7610, success: 17, fail: 8
Episode: 2781, Reward: 55.8315, success: 18, fail: 7
Episode: 2782, Reward: 66.3185, success: 19, fail: 6
Episode: 2783, Reward: 33.9877, success: 16, fail: 9
Episode: 2784, Reward: 55.3938, success: 18, fail: 7
Episode: 2785, Reward: 45.4813, success: 17, fail: 8
Episode: 2786, Reward: 55.1277, success: 18, fail: 7
Episode: 2787, Reward: 46.3149, success: 17, fail: 8
Episode: 2788, Reward: 44.9432, success: 17, fail: 8
Episode: 2789, Reward: 55.2946, success: 18, fail: 7
Episode: 2790, Reward: 46.3400, success: 17, fail: 8
Episode: 2791, Reward: 55.1910, success: 18, fail: 7
Episode: 2792, Reward: 34.8714, success: 16, fail: 9
Episode: 2793, Reward: 44.1081, success: 17, fail: 8
Episode: 2794, Reward: 45.8936, success: 17, fail: 8
Episode: 2795, Reward: 23.7042, success: 15, fail: 10
Episode: 2796, Reward: 45.1606, success: 17, fail: 8
Episode: 2797, Reward: 34.5397, success: 16, fail: 9
Episode: 2798, Reward: 65.2208, success: 19, fail: 6
Episode: 2799, Reward: 54.0932, success: 18, fail: 7
Episode: 2800, Reward: 34.5360, success: 16, fail: 9
Episode: 2801, Reward: 35.6589, success: 16, fail: 9
Episode: 2802, Reward: 34.1820, success: 16, fail: 9
Episode: 2803, Reward: 54.1578, success: 18, fail: 7
Episode: 2804, Reward: 34.9286, success: 16, fail: 9
Episode: 2805, Reward: 45.3873, success: 17, fail: 8
Episode: 2806, Reward: 64.8679, success: 19, fail: 6
Episode: 2807, Reward: 53.8295, success: 18, fail: 7
Episode: 2808, Reward: 54.3082, success: 18, fail: 7
Episode: 2809, Reward: 55.4952, success: 18, fail: 7
Episode: 2810, Reward: 35.5661, success: 16, fail: 9
Episode: 2811, Reward: 54.2213, success: 18, fail: 7
Episode: 2812, Reward: 63.2933, success: 19, fail: 6
Episode: 2813, Reward: 45.1601, success: 17, fail: 8
Episode: 2814, Reward: 45.4126, success: 17, fail: 8
Episode: 2815, Reward: 45.0545, success: 17, fail: 8
Episode: 2816, Reward: 45.3063, success: 17, fail: 8
Episode: 2817, Reward: 56.3001, success: 18, fail: 7
Episode: 2818, Reward: 23.8396, success: 15, fail: 10
Episode: 2819, Reward: 46.1560, success: 17, fail: 8
Episode: 2820, Reward: 45.9876, success: 17, fail: 8
Episode: 2821, Reward: 34.9298, success: 16, fail: 9
Episode: 2822, Reward: 34.3897, success: 16, fail: 9
Episode: 2823, Reward: 43.2436, success: 17, fail: 8
Episode: 2824, Reward: 35.1412, success: 16, fail: 9
Episode: 2825, Reward: 43.0609, success: 17, fail: 8
Episode: 2826, Reward: 54.9296, success: 18, fail: 7
Episode: 2827, Reward: 35.1826, success: 16, fail: 9
Episode: 2828, Reward: 45.5326, success: 17, fail: 8
Episode: 2829, Reward: 54.3873, success: 18, fail: 7
Episode: 2830, Reward: 45.6053, success: 17, fail: 8
Episode: 2831, Reward: 55.4809, success: 18, fail: 7
Episode: 2832, Reward: 45.1808, success: 17, fail: 8
Episode: 2833, Reward: 34.9101, success: 16, fail: 9
Episode: 2834, Reward: 24.5367, success: 15, fail: 10
Episode: 2835, Reward: 45.4609, success: 17, fail: 8
Episode: 2836, Reward: 24.7931, success: 15, fail: 10
Episode: 2837, Reward: 36.4445, success: 16, fail: 9
Episode: 2838, Reward: 55.5282, success: 18, fail: 7
Episode: 2839, Reward: 34.3697, success: 16, fail: 9
Episode: 2840, Reward: 24.1332, success: 15, fail: 10
Episode: 2841, Reward: 45.4754, success: 17, fail: 8
Episode: 2842, Reward: 24.6587, success: 15, fail: 10
Episode: 2843, Reward: 53.9305, success: 18, fail: 7
Episode: 2844, Reward: 36.3765, success: 16, fail: 9
Episode: 2845, Reward: 34.9509, success: 16, fail: 9
Episode: 2846, Reward: 55.1622, success: 18, fail: 7
Episode: 2847, Reward: 25.9993, success: 15, fail: 10
Episode: 2848, Reward: 55.9908, success: 18, fail: 7
Episode: 2849, Reward: 45.2625, success: 17, fail: 8
Episode: 2850, Reward: 34.0812, success: 16, fail: 9
Episode: 2851, Reward: 25.6053, success: 15, fail: 10
Episode: 2852, Reward: 23.9094, success: 15, fail: 10
Episode: 2853, Reward: 25.3670, success: 15, fail: 10
Episode: 2854, Reward: 44.4838, success: 17, fail: 8
Episode: 2855, Reward: 53.7071, success: 18, fail: 7
Episode: 2856, Reward: 25.1893, success: 15, fail: 10
Episode: 2857, Reward: 36.2180, success: 16, fail: 9
Episode: 2858, Reward: 44.9578, success: 17, fail: 8
Episode: 2859, Reward: 66.0341, success: 19, fail: 6
Episode: 2860, Reward: 56.9400, success: 18, fail: 7
Episode: 2861, Reward: 34.8030, success: 16, fail: 9
Episode: 2862, Reward: 55.1974, success: 18, fail: 7
Episode: 2863, Reward: 45.2076, success: 17, fail: 8
Episode: 2864, Reward: 5.8470, success: 13, fail: 12
Episode: 2865, Reward: 54.9394, success: 18, fail: 7
Episode: 2866, Reward: 45.9897, success: 17, fail: 8
Episode: 2867, Reward: 45.7223, success: 17, fail: 8
Episode: 2868, Reward: 55.7895, success: 18, fail: 7
Episode: 2869, Reward: 44.9035, success: 17, fail: 8
Episode: 2870, Reward: 25.4374, success: 15, fail: 10
Episode: 2871, Reward: 35.2750, success: 16, fail: 9
Episode: 2872, Reward: 35.0959, success: 16, fail: 9
Episode: 2873, Reward: 35.1498, success: 16, fail: 9
Episode: 2874, Reward: 45.3480, success: 17, fail: 8
Episode: 2875, Reward: 34.5809, success: 16, fail: 9
Episode: 2876, Reward: 55.5961, success: 18, fail: 7
Episode: 2877, Reward: 35.3213, success: 16, fail: 9
Episode: 2878, Reward: 34.8800, success: 16, fail: 9
Episode: 2879, Reward: 43.7215, success: 17, fail: 8
Episode: 2880, Reward: 54.9484, success: 18, fail: 7
Episode: 2881, Reward: 34.8836, success: 16, fail: 9
Episode: 2882, Reward: 35.7116, success: 16, fail: 9
Episode: 2883, Reward: 24.3496, success: 15, fail: 10
Episode: 2884, Reward: 45.7877, success: 17, fail: 8
Episode: 2885, Reward: 34.6721, success: 16, fail: 9
Episode: 2886, Reward: 24.9990, success: 15, fail: 10
Episode: 2887, Reward: 35.8549, success: 16, fail: 9
Episode: 2888, Reward: 45.1573, success: 17, fail: 8
Episode: 2889, Reward: 42.9152, success: 17, fail: 8
Episode: 2890, Reward: 34.6337, success: 16, fail: 9
Episode: 2891, Reward: 55.0389, success: 18, fail: 7
Episode: 2892, Reward: 44.7695, success: 17, fail: 8
Episode: 2893, Reward: 25.1776, success: 15, fail: 10
Episode: 2894, Reward: 55.7658, success: 18, fail: 7
Episode: 2895, Reward: 35.2197, success: 16, fail: 9
Episode: 2896, Reward: 45.4864, success: 17, fail: 8
Episode: 2897, Reward: 44.9349, success: 17, fail: 8
Episode: 2898, Reward: 45.2146, success: 17, fail: 8
Episode: 2899, Reward: 15.0707, success: 14, fail: 11
Episode: 2900, Reward: 55.8450, success: 18, fail: 7
Episode: 2901, Reward: 25.6705, success: 15, fail: 10
Episode: 2902, Reward: 64.8001, success: 19, fail: 6
Episode: 2903, Reward: 44.9045, success: 17, fail: 8
Episode: 2904, Reward: 54.9277, success: 18, fail: 7
Episode: 2905, Reward: 34.7494, success: 16, fail: 9
Episode: 2906, Reward: 45.2140, success: 17, fail: 8
Episode: 2907, Reward: 45.2356, success: 17, fail: 8
Episode: 2908, Reward: 34.8341, success: 16, fail: 9
Episode: 2909, Reward: 64.5619, success: 19, fail: 6
Episode: 2910, Reward: 35.5595, success: 16, fail: 9
Episode: 2911, Reward: 55.9185, success: 18, fail: 7
Episode: 2912, Reward: 54.5723, success: 18, fail: 7
Episode: 2913, Reward: 44.8921, success: 17, fail: 8
Episode: 2914, Reward: 54.8398, success: 18, fail: 7
Episode: 2915, Reward: 35.1664, success: 16, fail: 9
Episode: 2916, Reward: 33.9728, success: 16, fail: 9
Episode: 2917, Reward: 34.4239, success: 16, fail: 9
Episode: 2918, Reward: 64.5669, success: 19, fail: 6
Episode: 2919, Reward: 34.4654, success: 16, fail: 9
Episode: 2920, Reward: 45.3868, success: 17, fail: 8
Episode: 2921, Reward: 53.5396, success: 18, fail: 7
Episode: 2922, Reward: 34.7764, success: 16, fail: 9
Episode: 2923, Reward: 35.1685, success: 16, fail: 9
Episode: 2924, Reward: 65.8052, success: 19, fail: 6
Episode: 2925, Reward: 44.7647, success: 17, fail: 8
Episode: 2926, Reward: 34.3659, success: 16, fail: 9
Episode: 2927, Reward: 45.6883, success: 17, fail: 8
Episode: 2928, Reward: 35.8229, success: 16, fail: 9
Episode: 2929, Reward: 45.6285, success: 17, fail: 8
Episode: 2930, Reward: 46.5194, success: 17, fail: 8
Episode: 2931, Reward: 65.1738, success: 19, fail: 6
Episode: 2932, Reward: 54.6799, success: 18, fail: 7
Episode: 2933, Reward: 55.0296, success: 18, fail: 7
Episode: 2934, Reward: 44.8826, success: 17, fail: 8
Episode: 2935, Reward: 34.9037, success: 16, fail: 9
Episode: 2936, Reward: 45.2228, success: 17, fail: 8
Episode: 2937, Reward: 34.3576, success: 16, fail: 9
Episode: 2938, Reward: 46.1282, success: 17, fail: 8
Episode: 2939, Reward: 45.0374, success: 17, fail: 8
Episode: 2940, Reward: 55.3074, success: 18, fail: 7
Episode: 2941, Reward: 35.8325, success: 16, fail: 9
Episode: 2942, Reward: 34.2961, success: 16, fail: 9
Episode: 2943, Reward: 34.7959, success: 16, fail: 9
Episode: 2944, Reward: 55.5224, success: 18, fail: 7
Episode: 2945, Reward: 34.9154, success: 16, fail: 9
Episode: 2946, Reward: 44.2064, success: 17, fail: 8
Episode: 2947, Reward: 14.8570, success: 14, fail: 11
Episode: 2948, Reward: 53.3256, success: 18, fail: 7
Episode: 2949, Reward: 44.3781, success: 17, fail: 8
Episode: 2950, Reward: 55.1962, success: 18, fail: 7
Episode: 2951, Reward: 36.8814, success: 16, fail: 9
Episode: 2952, Reward: 54.3356, success: 18, fail: 7
Episode: 2953, Reward: 46.0660, success: 17, fail: 8
Episode: 2954, Reward: 45.6573, success: 17, fail: 8
Episode: 2955, Reward: 25.6425, success: 15, fail: 10
Episode: 2956, Reward: 44.1169, success: 17, fail: 8
Episode: 2957, Reward: 55.7320, success: 18, fail: 7
Episode: 2958, Reward: 46.2255, success: 17, fail: 8
Episode: 2959, Reward: 44.9959, success: 17, fail: 8
Episode: 2960, Reward: 15.4591, success: 14, fail: 11
Episode: 2961, Reward: 24.8195, success: 15, fail: 10
Episode: 2962, Reward: 45.9049, success: 17, fail: 8
Episode: 2963, Reward: 35.1456, success: 16, fail: 9
Episode: 2964, Reward: 45.4640, success: 17, fail: 8
Episode: 2965, Reward: 44.5824, success: 17, fail: 8
Episode: 2966, Reward: 36.0305, success: 16, fail: 9
Episode: 2967, Reward: 35.9310, success: 16, fail: 9
Episode: 2968, Reward: 35.5857, success: 16, fail: 9
Episode: 2969, Reward: 46.5569, success: 17, fail: 8
Episode: 2970, Reward: 24.4464, success: 15, fail: 10
Episode: 2971, Reward: 36.1562, success: 16, fail: 9
Episode: 2972, Reward: 36.0128, success: 16, fail: 9
Episode: 2973, Reward: 34.8840, success: 16, fail: 9
Episode: 2974, Reward: 34.4408, success: 16, fail: 9
Episode: 2975, Reward: 14.2545, success: 14, fail: 11
Episode: 2976, Reward: 33.3270, success: 16, fail: 9
Episode: 2977, Reward: 56.6912, success: 18, fail: 7
Episode: 2978, Reward: 66.1465, success: 19, fail: 6
Episode: 2979, Reward: 44.5057, success: 17, fail: 8
Episode: 2980, Reward: 34.5824, success: 16, fail: 9
Episode: 2981, Reward: 55.3876, success: 18, fail: 7
Episode: 2982, Reward: 24.9569, success: 15, fail: 10
Episode: 2983, Reward: 44.7188, success: 17, fail: 8
Episode: 2984, Reward: 56.0281, success: 18, fail: 7
Episode: 2985, Reward: 54.6846, success: 18, fail: 7
Episode: 2986, Reward: 35.0560, success: 16, fail: 9
Episode: 2987, Reward: 25.8259, success: 15, fail: 10
Episode: 2988, Reward: 55.9196, success: 18, fail: 7
Episode: 2989, Reward: 35.1649, success: 16, fail: 9
Episode: 2990, Reward: 55.0950, success: 18, fail: 7
Episode: 2991, Reward: 46.0157, success: 17, fail: 8
Episode: 2992, Reward: 24.8641, success: 15, fail: 10
Episode: 2993, Reward: 25.7402, success: 15, fail: 10
Episode: 2994, Reward: 44.2192, success: 17, fail: 8
Episode: 2995, Reward: 35.6130, success: 16, fail: 9
Episode: 2996, Reward: 65.3735, success: 19, fail: 6
Episode: 2997, Reward: 56.0261, success: 18, fail: 7
Episode: 2998, Reward: 45.6104, success: 17, fail: 8
Episode: 2999, Reward: 33.9976, success: 16, fail: 9
Episode: 3000, Reward: 44.9031, success: 17, fail: 8
Episode: 3001, Reward: 55.1558, success: 18, fail: 7
Episode: 3002, Reward: 44.3739, success: 17, fail: 8
Episode: 3003, Reward: 55.6181, success: 18, fail: 7
Episode: 3004, Reward: 45.2293, success: 17, fail: 8
Episode: 3005, Reward: 64.1072, success: 19, fail: 6
Episode: 3006, Reward: 34.6883, success: 16, fail: 9
Episode: 3007, Reward: 46.3349, success: 17, fail: 8
Episode: 3008, Reward: 64.5553, success: 19, fail: 6
Episode: 3009, Reward: 54.0694, success: 18, fail: 7
Episode: 3010, Reward: 54.9837, success: 18, fail: 7
Episode: 3011, Reward: 34.8146, success: 16, fail: 9
Episode: 3012, Reward: 55.6950, success: 18, fail: 7
Episode: 3013, Reward: 46.0403, success: 17, fail: 8
Episode: 3014, Reward: 54.7065, success: 18, fail: 7
Episode: 3015, Reward: 64.0385, success: 19, fail: 6
Episode: 3016, Reward: 35.2510, success: 16, fail: 9
Episode: 3017, Reward: 24.9105, success: 15, fail: 10
Episode: 3018, Reward: 65.9967, success: 19, fail: 6
Episode: 3019, Reward: 25.3064, success: 15, fail: 10
Episode: 3020, Reward: 45.0473, success: 17, fail: 8
Episode: 3021, Reward: 35.4810, success: 16, fail: 9
Episode: 3022, Reward: 46.0043, success: 17, fail: 8
Episode: 3023, Reward: 46.4452, success: 17, fail: 8
Episode: 3024, Reward: 15.0221, success: 14, fail: 11
Episode: 3025, Reward: 34.9005, success: 16, fail: 9
Episode: 3026, Reward: 65.5355, success: 19, fail: 6
Episode: 3027, Reward: 54.7594, success: 18, fail: 7
Episode: 3028, Reward: 64.8287, success: 19, fail: 6
Episode: 3029, Reward: 52.9950, success: 18, fail: 7
Episode: 3030, Reward: 44.4322, success: 17, fail: 8
Episode: 3031, Reward: 45.5276, success: 17, fail: 8
Episode: 3032, Reward: 64.3609, success: 19, fail: 6
Episode: 3033, Reward: 65.0144, success: 19, fail: 6
Episode: 3034, Reward: 45.4040, success: 17, fail: 8
Episode: 3035, Reward: 25.5306, success: 15, fail: 10
Episode: 3036, Reward: 43.9414, success: 17, fail: 8
Episode: 3037, Reward: 35.0151, success: 16, fail: 9
Episode: 3038, Reward: 35.4706, success: 16, fail: 9
Episode: 3039, Reward: 45.0547, success: 17, fail: 8
Episode: 3040, Reward: 25.7693, success: 15, fail: 10
Episode: 3041, Reward: 34.1130, success: 16, fail: 9
Episode: 3042, Reward: 45.2981, success: 17, fail: 8
Episode: 3043, Reward: 45.3153, success: 17, fail: 8
Episode: 3044, Reward: 45.3627, success: 17, fail: 8
Episode: 3045, Reward: 34.0245, success: 16, fail: 9
Episode: 3046, Reward: 55.8681, success: 18, fail: 7
Episode: 3047, Reward: 34.6139, success: 16, fail: 9
Episode: 3048, Reward: 45.1913, success: 17, fail: 8
Episode: 3049, Reward: 54.5541, success: 18, fail: 7
Episode: 3050, Reward: 35.1510, success: 16, fail: 9
Episode: 3051, Reward: 14.6588, success: 14, fail: 11
Episode: 3052, Reward: 35.5818, success: 16, fail: 9
Episode: 3053, Reward: 34.8809, success: 16, fail: 9
Episode: 3054, Reward: 43.8715, success: 17, fail: 8
Episode: 3055, Reward: 33.8379, success: 16, fail: 9
Episode: 3056, Reward: 36.1870, success: 16, fail: 9
Episode: 3057, Reward: 36.1616, success: 16, fail: 9
Episode: 3058, Reward: 45.3342, success: 17, fail: 8
Episode: 3059, Reward: 33.0643, success: 16, fail: 9
Episode: 3060, Reward: 44.4039, success: 17, fail: 8
Episode: 3061, Reward: 33.9264, success: 16, fail: 9
Episode: 3062, Reward: 65.6576, success: 19, fail: 6
Episode: 3063, Reward: 44.5191, success: 17, fail: 8
Episode: 3064, Reward: 33.4660, success: 16, fail: 9
Episode: 3065, Reward: 45.4673, success: 17, fail: 8
Episode: 3066, Reward: 42.8849, success: 17, fail: 8
Episode: 3067, Reward: 14.9230, success: 14, fail: 11
Episode: 3068, Reward: 53.8484, success: 18, fail: 7
Episode: 3069, Reward: 45.2875, success: 17, fail: 8
Episode: 3070, Reward: 24.2240, success: 15, fail: 10
Episode: 3071, Reward: 44.6323, success: 17, fail: 8
Episode: 3072, Reward: 35.1629, success: 16, fail: 9
Episode: 3073, Reward: 33.9333, success: 16, fail: 9
Episode: 3074, Reward: 55.1814, success: 18, fail: 7
Episode: 3075, Reward: 54.0893, success: 18, fail: 7
Episode: 3076, Reward: 53.7115, success: 18, fail: 7
Episode: 3077, Reward: 33.4871, success: 16, fail: 9
Episode: 3078, Reward: 43.9679, success: 17, fail: 8
Episode: 3079, Reward: 24.0991, success: 15, fail: 10
Episode: 3080, Reward: 45.2734, success: 17, fail: 8
Episode: 3081, Reward: 54.8592, success: 18, fail: 7
Episode: 3082, Reward: 45.2837, success: 17, fail: 8
Episode: 3083, Reward: 44.4588, success: 17, fail: 8
Episode: 3084, Reward: 54.5381, success: 18, fail: 7
Episode: 3085, Reward: 53.9826, success: 18, fail: 7
Episode: 3086, Reward: 55.2131, success: 18, fail: 7
Episode: 3087, Reward: 43.8870, success: 17, fail: 8
Episode: 3088, Reward: 36.1007, success: 16, fail: 9
Episode: 3089, Reward: 34.2479, success: 16, fail: 9
Episode: 3090, Reward: 44.3871, success: 17, fail: 8
Episode: 3091, Reward: 34.7672, success: 16, fail: 9
Episode: 3092, Reward: 46.7363, success: 17, fail: 8
Episode: 3093, Reward: 43.5303, success: 17, fail: 8
Episode: 3094, Reward: 43.8054, success: 17, fail: 8
Episode: 3095, Reward: 55.0759, success: 18, fail: 7
Episode: 3096, Reward: 34.9534, success: 16, fail: 9
Episode: 3097, Reward: 33.6359, success: 16, fail: 9
Episode: 3098, Reward: 33.9387, success: 16, fail: 9
Episode: 3099, Reward: 54.7792, success: 18, fail: 7
Episode: 3100, Reward: 43.8212, success: 17, fail: 8
Episode: 3101, Reward: 43.8200, success: 17, fail: 8
Episode: 3102, Reward: 24.8099, success: 15, fail: 10
Episode: 3103, Reward: 44.4952, success: 17, fail: 8
Episode: 3104, Reward: 54.3570, success: 18, fail: 7
Episode: 3105, Reward: 14.2214, success: 14, fail: 11
Episode: 3106, Reward: 44.0566, success: 17, fail: 8
Episode: 3107, Reward: 34.7529, success: 16, fail: 9
Episode: 3108, Reward: 24.1855, success: 15, fail: 10
Episode: 3109, Reward: 55.0725, success: 18, fail: 7
Episode: 3110, Reward: 64.7171, success: 19, fail: 6
Episode: 3111, Reward: 54.1010, success: 18, fail: 7
Episode: 3112, Reward: 14.3941, success: 14, fail: 11
Episode: 3113, Reward: 55.5056, success: 18, fail: 7
Episode: 3114, Reward: 33.4434, success: 16, fail: 9
Episode: 3115, Reward: 34.4629, success: 16, fail: 9
Episode: 3116, Reward: 55.0990, success: 18, fail: 7
Episode: 3117, Reward: 24.6865, success: 15, fail: 10
Episode: 3118, Reward: 14.3179, success: 14, fail: 11
Episode: 3119, Reward: 36.0306, success: 16, fail: 9
Episode: 3120, Reward: 35.0912, success: 16, fail: 9
Episode: 3121, Reward: 54.6210, success: 18, fail: 7
Episode: 3122, Reward: 53.8580, success: 18, fail: 7
Episode: 3123, Reward: 34.7565, success: 16, fail: 9
Episode: 3124, Reward: 44.2376, success: 17, fail: 8
Episode: 3125, Reward: 35.4864, success: 16, fail: 9
Episode: 3126, Reward: 33.8605, success: 16, fail: 9
Episode: 3127, Reward: 54.6701, success: 18, fail: 7
Episode: 3128, Reward: 65.6971, success: 19, fail: 6
Episode: 3129, Reward: 34.6420, success: 16, fail: 9
Episode: 3130, Reward: 54.4995, success: 18, fail: 7
Episode: 3131, Reward: 24.7030, success: 15, fail: 10
Episode: 3132, Reward: 34.7721, success: 16, fail: 9
Episode: 3133, Reward: 24.9256, success: 15, fail: 10
Episode: 3134, Reward: 34.8463, success: 16, fail: 9
Episode: 3135, Reward: 44.7545, success: 17, fail: 8
Episode: 3136, Reward: 44.4774, success: 17, fail: 8
Episode: 3137, Reward: 55.3075, success: 18, fail: 7
Episode: 3138, Reward: 44.8806, success: 17, fail: 8
Episode: 3139, Reward: 44.8095, success: 17, fail: 8
Episode: 3140, Reward: 56.0963, success: 18, fail: 7
Episode: 3141, Reward: 45.4514, success: 17, fail: 8
Episode: 3142, Reward: 34.5656, success: 16, fail: 9
Episode: 3143, Reward: 23.5338, success: 15, fail: 10
Episode: 3144, Reward: 54.9501, success: 18, fail: 7
Episode: 3145, Reward: 35.0567, success: 16, fail: 9
Episode: 3146, Reward: 35.5396, success: 16, fail: 9
Episode: 3147, Reward: 25.5637, success: 15, fail: 10
Episode: 3148, Reward: 55.2870, success: 18, fail: 7
Episode: 3149, Reward: 43.4847, success: 17, fail: 8
Episode: 3150, Reward: 34.3669, success: 16, fail: 9
Episode: 3151, Reward: 55.3610, success: 18, fail: 7
Episode: 3152, Reward: 55.6018, success: 18, fail: 7
Episode: 3153, Reward: 35.2341, success: 16, fail: 9
Episode: 3154, Reward: 33.8446, success: 16, fail: 9
Episode: 3155, Reward: 24.6733, success: 15, fail: 10
Episode: 3156, Reward: 53.5115, success: 18, fail: 7
Episode: 3157, Reward: 24.8269, success: 15, fail: 10
Episode: 3158, Reward: 54.2859, success: 18, fail: 7
Episode: 3159, Reward: 56.3764, success: 18, fail: 7
Episode: 3160, Reward: 43.9183, success: 17, fail: 8
Episode: 3161, Reward: 45.4131, success: 17, fail: 8
Episode: 3162, Reward: 54.7207, success: 18, fail: 7
Episode: 3163, Reward: 53.9340, success: 18, fail: 7
Episode: 3164, Reward: 25.0200, success: 15, fail: 10
Episode: 3165, Reward: 54.1038, success: 18, fail: 7
Episode: 3166, Reward: 33.8754, success: 16, fail: 9
Episode: 3167, Reward: 46.1621, success: 17, fail: 8
Episode: 3168, Reward: 25.2165, success: 15, fail: 10
Episode: 3169, Reward: 35.1223, success: 16, fail: 9
Episode: 3170, Reward: 44.9868, success: 17, fail: 8
Episode: 3171, Reward: 55.1622, success: 18, fail: 7
Episode: 3172, Reward: 24.4060, success: 15, fail: 10
Episode: 3173, Reward: 34.5855, success: 16, fail: 9
Episode: 3174, Reward: 15.8304, success: 14, fail: 11
Episode: 3175, Reward: 25.2225, success: 15, fail: 10
Episode: 3176, Reward: 24.6173, success: 15, fail: 10
Episode: 3177, Reward: 34.3550, success: 16, fail: 9
Episode: 3178, Reward: 56.0163, success: 18, fail: 7
Episode: 3179, Reward: 45.3075, success: 17, fail: 8
Episode: 3180, Reward: 44.9130, success: 17, fail: 8
Episode: 3181, Reward: 45.2256, success: 17, fail: 8
Episode: 3182, Reward: 45.4030, success: 17, fail: 8
Episode: 3183, Reward: 46.0845, success: 17, fail: 8
Episode: 3184, Reward: 35.1078, success: 16, fail: 9
Episode: 3185, Reward: 44.5777, success: 17, fail: 8
Episode: 3186, Reward: 45.5122, success: 17, fail: 8
Episode: 3187, Reward: 54.4207, success: 18, fail: 7
Episode: 3188, Reward: 34.2031, success: 16, fail: 9
Episode: 3189, Reward: 33.6530, success: 16, fail: 9
Episode: 3190, Reward: 56.1000, success: 18, fail: 7
Episode: 3191, Reward: 45.7005, success: 17, fail: 8
Episode: 3192, Reward: 34.5158, success: 16, fail: 9
Episode: 3193, Reward: 35.5451, success: 16, fail: 9
Episode: 3194, Reward: 46.4590, success: 17, fail: 8
Episode: 3195, Reward: 64.8484, success: 19, fail: 6
Episode: 3196, Reward: 44.8078, success: 17, fail: 8
Episode: 3197, Reward: 66.0853, success: 19, fail: 6
Episode: 3198, Reward: 35.5036, success: 16, fail: 9
Episode: 3199, Reward: 44.7289, success: 17, fail: 8
Episode: 3200, Reward: 36.6684, success: 16, fail: 9
Episode: 3201, Reward: 45.8831, success: 17, fail: 8
Episode: 3202, Reward: 64.6581, success: 19, fail: 6
Episode: 3203, Reward: 64.6091, success: 19, fail: 6
Episode: 3204, Reward: 53.0517, success: 18, fail: 7
Episode: 3205, Reward: 46.4703, success: 17, fail: 8
Episode: 3206, Reward: 55.3698, success: 18, fail: 7
Episode: 3207, Reward: 33.7341, success: 16, fail: 9
Episode: 3208, Reward: 14.8005, success: 14, fail: 11
Episode: 3209, Reward: 44.5985, success: 17, fail: 8
Episode: 3210, Reward: 65.3953, success: 19, fail: 6
Episode: 3211, Reward: 45.9920, success: 17, fail: 8
Episode: 3212, Reward: 45.0943, success: 17, fail: 8
Episode: 3213, Reward: 44.0802, success: 17, fail: 8
Episode: 3214, Reward: 54.5006, success: 18, fail: 7
Episode: 3215, Reward: 35.8374, success: 16, fail: 9
Episode: 3216, Reward: 45.3021, success: 17, fail: 8
Episode: 3217, Reward: 36.7929, success: 16, fail: 9
Episode: 3218, Reward: 46.6060, success: 17, fail: 8
Episode: 3219, Reward: 25.1310, success: 15, fail: 10
Episode: 3220, Reward: 45.6399, success: 17, fail: 8
Episode: 3221, Reward: 55.2643, success: 18, fail: 7
Episode: 3222, Reward: 55.8555, success: 18, fail: 7
Episode: 3223, Reward: 45.0214, success: 17, fail: 8
Episode: 3224, Reward: 26.7095, success: 15, fail: 10
Episode: 3225, Reward: 34.7973, success: 16, fail: 9
Episode: 3226, Reward: 35.2510, success: 16, fail: 9
Episode: 3227, Reward: 24.1978, success: 15, fail: 10
Episode: 3228, Reward: 35.3602, success: 16, fail: 9
Episode: 3229, Reward: 35.0143, success: 16, fail: 9
Episode: 3230, Reward: 55.9135, success: 18, fail: 7
Episode: 3231, Reward: 44.6258, success: 17, fail: 8
Episode: 3232, Reward: 46.2859, success: 17, fail: 8
Episode: 3233, Reward: 36.5393, success: 16, fail: 9
Episode: 3234, Reward: 55.3362, success: 18, fail: 7
Episode: 3235, Reward: 45.1855, success: 17, fail: 8
Episode: 3236, Reward: 45.2299, success: 17, fail: 8
Episode: 3237, Reward: 46.0510, success: 17, fail: 8
Episode: 3238, Reward: 55.2551, success: 18, fail: 7
Episode: 3239, Reward: 35.5988, success: 16, fail: 9
Episode: 3240, Reward: 73.3755, success: 20, fail: 5
Episode: 3241, Reward: 24.9746, success: 15, fail: 10
Episode: 3242, Reward: 35.8156, success: 16, fail: 9
Episode: 3243, Reward: 45.4316, success: 17, fail: 8
Episode: 3244, Reward: 75.1420, success: 20, fail: 5
Episode: 3245, Reward: 56.2130, success: 18, fail: 7
Episode: 3246, Reward: 35.1295, success: 16, fail: 9
Episode: 3247, Reward: 35.3606, success: 16, fail: 9
Episode: 3248, Reward: 25.3551, success: 15, fail: 10
Episode: 3249, Reward: 35.5776, success: 16, fail: 9
Episode: 3250, Reward: 35.2620, success: 16, fail: 9
Episode: 3251, Reward: 15.0248, success: 14, fail: 11
Episode: 3252, Reward: 36.3416, success: 16, fail: 9
Episode: 3253, Reward: 25.2579, success: 15, fail: 10
Episode: 3254, Reward: 35.3429, success: 16, fail: 9
Episode: 3255, Reward: 34.7946, success: 16, fail: 9
Episode: 3256, Reward: 26.2403, success: 15, fail: 10
Episode: 3257, Reward: 46.2874, success: 17, fail: 8
Episode: 3258, Reward: 44.7806, success: 17, fail: 8
Episode: 3259, Reward: 45.3492, success: 17, fail: 8
Episode: 3260, Reward: 53.3648, success: 18, fail: 7
Episode: 3261, Reward: 47.2771, success: 17, fail: 8
Episode: 3262, Reward: 54.7786, success: 18, fail: 7
Episode: 3263, Reward: 44.8282, success: 17, fail: 8
Episode: 3264, Reward: 15.2121, success: 14, fail: 11
Episode: 3265, Reward: 46.0547, success: 17, fail: 8
Episode: 3266, Reward: 74.8676, success: 20, fail: 5
Episode: 3267, Reward: 65.0020, success: 19, fail: 6
Episode: 3268, Reward: 46.0811, success: 17, fail: 8
Episode: 3269, Reward: 53.3234, success: 18, fail: 7
Episode: 3270, Reward: 35.2162, success: 16, fail: 9
Episode: 3271, Reward: 54.0768, success: 18, fail: 7
Episode: 3272, Reward: 25.6615, success: 15, fail: 10
Episode: 3273, Reward: 42.3859, success: 17, fail: 8
Episode: 3274, Reward: 33.9254, success: 16, fail: 9
Episode: 3275, Reward: 34.4375, success: 16, fail: 9
Episode: 3276, Reward: 35.4800, success: 16, fail: 9
Episode: 3277, Reward: 54.0298, success: 18, fail: 7
Episode: 3278, Reward: 44.8635, success: 17, fail: 8
Episode: 3279, Reward: 64.8613, success: 19, fail: 6
Episode: 3280, Reward: 55.1626, success: 18, fail: 7
Episode: 3281, Reward: 34.1584, success: 16, fail: 9
Episode: 3282, Reward: 34.9027, success: 16, fail: 9
Episode: 3283, Reward: 44.5714, success: 17, fail: 8
Episode: 3284, Reward: 54.6862, success: 18, fail: 7
Episode: 3285, Reward: 33.2182, success: 16, fail: 9
Episode: 3286, Reward: 44.1840, success: 17, fail: 8
Episode: 3287, Reward: 55.1623, success: 18, fail: 7
Episode: 3288, Reward: 55.7808, success: 18, fail: 7
Episode: 3289, Reward: 56.1272, success: 18, fail: 7
Episode: 3290, Reward: 55.9818, success: 18, fail: 7
Episode: 3291, Reward: 14.7106, success: 14, fail: 11
Episode: 3292, Reward: 53.4981, success: 18, fail: 7
Episode: 3293, Reward: 54.0861, success: 18, fail: 7
Episode: 3294, Reward: 54.6841, success: 18, fail: 7
Episode: 3295, Reward: 34.1771, success: 16, fail: 9
Episode: 3296, Reward: 54.7599, success: 18, fail: 7
Episode: 3297, Reward: 66.0401, success: 19, fail: 6
Episode: 3298, Reward: 75.9048, success: 20, fail: 5
Episode: 3299, Reward: 36.3398, success: 16, fail: 9
Episode: 3300, Reward: 63.7558, success: 19, fail: 6
Episode: 3301, Reward: 64.1303, success: 19, fail: 6
Episode: 3302, Reward: 53.5862, success: 18, fail: 7
Episode: 3303, Reward: 84.3773, success: 21, fail: 4
Episode: 3304, Reward: 65.1275, success: 19, fail: 6
Episode: 3305, Reward: 34.3831, success: 16, fail: 9
Episode: 3306, Reward: 45.1172, success: 17, fail: 8
Episode: 3307, Reward: 34.4960, success: 16, fail: 9
Episode: 3308, Reward: 54.0455, success: 18, fail: 7
Episode: 3309, Reward: 36.1383, success: 16, fail: 9
Episode: 3310, Reward: 54.7571, success: 18, fail: 7
Episode: 3311, Reward: 53.9814, success: 18, fail: 7
Episode: 3312, Reward: 44.2910, success: 17, fail: 8
Episode: 3313, Reward: 34.3315, success: 16, fail: 9
Episode: 3314, Reward: 64.1838, success: 19, fail: 6
Episode: 3315, Reward: 55.8603, success: 18, fail: 7
Episode: 3316, Reward: 54.0274, success: 18, fail: 7
Episode: 3317, Reward: 35.0852, success: 16, fail: 9
Episode: 3318, Reward: 43.9447, success: 17, fail: 8
Episode: 3319, Reward: 54.8686, success: 18, fail: 7
Episode: 3320, Reward: 55.2022, success: 18, fail: 7
Episode: 3321, Reward: 54.7389, success: 18, fail: 7
Episode: 3322, Reward: 34.0470, success: 16, fail: 9
Episode: 3323, Reward: 65.0268, success: 19, fail: 6
Episode: 3324, Reward: 75.6060, success: 20, fail: 5
Episode: 3325, Reward: 55.0973, success: 18, fail: 7
Episode: 3326, Reward: 65.4921, success: 19, fail: 6
Episode: 3327, Reward: 55.5600, success: 18, fail: 7
Episode: 3328, Reward: 44.2075, success: 17, fail: 8
Episode: 3329, Reward: 45.9383, success: 17, fail: 8
Episode: 3330, Reward: 65.3428, success: 19, fail: 6
Episode: 3331, Reward: 44.5970, success: 17, fail: 8
Episode: 3332, Reward: 43.8217, success: 17, fail: 8
Episode: 3333, Reward: 55.6506, success: 18, fail: 7
Episode: 3334, Reward: 76.3602, success: 20, fail: 5
Episode: 3335, Reward: 66.5588, success: 19, fail: 6
Episode: 3336, Reward: 54.4951, success: 18, fail: 7
Episode: 3337, Reward: 53.5663, success: 18, fail: 7
Episode: 3338, Reward: 64.4227, success: 19, fail: 6
Episode: 3339, Reward: 44.3225, success: 17, fail: 8
Episode: 3340, Reward: 75.8608, success: 20, fail: 5
Episode: 3341, Reward: 54.8484, success: 18, fail: 7
Episode: 3342, Reward: 74.6192, success: 20, fail: 5
Episode: 3343, Reward: 44.4991, success: 17, fail: 8
Episode: 3344, Reward: 64.9240, success: 19, fail: 6
Episode: 3345, Reward: 44.2978, success: 17, fail: 8
Episode: 3346, Reward: 44.0945, success: 17, fail: 8
Episode: 3347, Reward: 56.0873, success: 18, fail: 7
Episode: 3348, Reward: 55.3892, success: 18, fail: 7
Episode: 3349, Reward: 55.8698, success: 18, fail: 7
Episode: 3350, Reward: 55.2720, success: 18, fail: 7
Episode: 3351, Reward: 64.7170, success: 19, fail: 6
Episode: 3352, Reward: 54.5171, success: 18, fail: 7
Episode: 3353, Reward: 65.8620, success: 19, fail: 6
Episode: 3354, Reward: 44.0412, success: 17, fail: 8
Episode: 3355, Reward: 65.3002, success: 19, fail: 6
Episode: 3356, Reward: 54.1508, success: 18, fail: 7
Episode: 3357, Reward: 55.6408, success: 18, fail: 7
Episode: 3358, Reward: 44.7623, success: 17, fail: 8
Episode: 3359, Reward: 71.8088, success: 20, fail: 5
Episode: 3360, Reward: 43.7889, success: 17, fail: 8
Episode: 3361, Reward: 45.7821, success: 17, fail: 8
Episode: 3362, Reward: 55.1575, success: 18, fail: 7
Episode: 3363, Reward: 45.3977, success: 17, fail: 8
Episode: 3364, Reward: 45.6068, success: 17, fail: 8
Episode: 3365, Reward: 55.3347, success: 18, fail: 7
Episode: 3366, Reward: 54.2992, success: 18, fail: 7
Episode: 3367, Reward: 44.7725, success: 17, fail: 8
Episode: 3368, Reward: 44.5774, success: 17, fail: 8
Episode: 3369, Reward: 75.4356, success: 20, fail: 5
Episode: 3370, Reward: 44.4672, success: 17, fail: 8
Episode: 3371, Reward: 65.6003, success: 19, fail: 6
Episode: 3372, Reward: 53.4108, success: 18, fail: 7
Episode: 3373, Reward: 44.5739, success: 17, fail: 8
Episode: 3374, Reward: 65.9676, success: 19, fail: 6
Episode: 3375, Reward: 65.2695, success: 19, fail: 6
Episode: 3376, Reward: 45.0616, success: 17, fail: 8
Episode: 3377, Reward: 43.0079, success: 17, fail: 8
Episode: 3378, Reward: 54.0355, success: 18, fail: 7
Episode: 3379, Reward: 53.6229, success: 18, fail: 7
Episode: 3380, Reward: 45.1034, success: 17, fail: 8
Episode: 3381, Reward: 74.4691, success: 20, fail: 5
Episode: 3382, Reward: 55.0823, success: 18, fail: 7
Episode: 3383, Reward: 65.3696, success: 19, fail: 6
Episode: 3384, Reward: 64.0822, success: 19, fail: 6
Episode: 3385, Reward: 45.0765, success: 17, fail: 8
Episode: 3386, Reward: 53.8225, success: 18, fail: 7
Episode: 3387, Reward: 54.8515, success: 18, fail: 7
Episode: 3388, Reward: 64.7588, success: 19, fail: 6
Episode: 3389, Reward: 33.4811, success: 16, fail: 9
Episode: 3390, Reward: 44.7488, success: 17, fail: 8
Episode: 3391, Reward: 64.5374, success: 19, fail: 6
Episode: 3392, Reward: 55.2425, success: 18, fail: 7
Episode: 3393, Reward: 64.2071, success: 19, fail: 6
Episode: 3394, Reward: 54.4435, success: 18, fail: 7
Episode: 3395, Reward: 45.6415, success: 17, fail: 8
Episode: 3396, Reward: 64.8217, success: 19, fail: 6
Episode: 3397, Reward: 75.9630, success: 20, fail: 5
Episode: 3398, Reward: 55.0482, success: 18, fail: 7
Episode: 3399, Reward: 66.0045, success: 19, fail: 6
Episode: 3400, Reward: 53.9806, success: 18, fail: 7
Episode: 3401, Reward: 66.2170, success: 19, fail: 6
Episode: 3402, Reward: 55.6888, success: 18, fail: 7
Episode: 3403, Reward: 45.2424, success: 17, fail: 8
Episode: 3404, Reward: 55.5038, success: 18, fail: 7
Episode: 3405, Reward: 34.3513, success: 16, fail: 9
Episode: 3406, Reward: 44.4355, success: 17, fail: 8
Episode: 3407, Reward: 65.8082, success: 19, fail: 6
Episode: 3408, Reward: 45.7949, success: 17, fail: 8
Episode: 3409, Reward: 55.4016, success: 18, fail: 7
Episode: 3410, Reward: 65.8353, success: 19, fail: 6
Episode: 3411, Reward: 45.8158, success: 17, fail: 8
Episode: 3412, Reward: 54.5966, success: 18, fail: 7
Episode: 3413, Reward: 73.8201, success: 20, fail: 5
Episode: 3414, Reward: 56.3090, success: 18, fail: 7
Episode: 3415, Reward: 46.4777, success: 17, fail: 8
Episode: 3416, Reward: 55.6521, success: 18, fail: 7
Episode: 3417, Reward: 45.0074, success: 17, fail: 8
Episode: 3418, Reward: 55.2919, success: 18, fail: 7
Episode: 3419, Reward: 55.3544, success: 18, fail: 7
Episode: 3420, Reward: 65.0255, success: 19, fail: 6
Episode: 3421, Reward: 45.5127, success: 17, fail: 8
Episode: 3422, Reward: 54.7602, success: 18, fail: 7
Episode: 3423, Reward: 53.3039, success: 18, fail: 7
Episode: 3424, Reward: 44.3950, success: 17, fail: 8
Episode: 3425, Reward: 55.7824, success: 18, fail: 7
Episode: 3426, Reward: 55.1223, success: 18, fail: 7
Episode: 3427, Reward: 64.5552, success: 19, fail: 6
Episode: 3428, Reward: 64.6553, success: 19, fail: 6
Episode: 3429, Reward: 55.5805, success: 18, fail: 7
Episode: 3430, Reward: 45.7914, success: 17, fail: 8
Episode: 3431, Reward: 44.5239, success: 17, fail: 8
Episode: 3432, Reward: 55.4741, success: 18, fail: 7
Episode: 3433, Reward: 64.9530, success: 19, fail: 6
Episode: 3434, Reward: 55.9503, success: 18, fail: 7
Episode: 3435, Reward: 64.8888, success: 19, fail: 6
Episode: 3436, Reward: 63.7319, success: 19, fail: 6
Episode: 3437, Reward: 35.3168, success: 16, fail: 9
Episode: 3438, Reward: 65.8840, success: 19, fail: 6
Episode: 3439, Reward: 54.9924, success: 18, fail: 7
Episode: 3440, Reward: 43.6913, success: 17, fail: 8
Episode: 3441, Reward: 65.3753, success: 19, fail: 6
Episode: 3442, Reward: 44.7519, success: 17, fail: 8
Episode: 3443, Reward: 63.6327, success: 19, fail: 6
Episode: 3444, Reward: 75.3496, success: 20, fail: 5
Episode: 3445, Reward: 65.9139, success: 19, fail: 6
Episode: 3446, Reward: 53.6450, success: 18, fail: 7
Episode: 3447, Reward: 45.6428, success: 17, fail: 8
Episode: 3448, Reward: 53.4728, success: 18, fail: 7
Episode: 3449, Reward: 43.9441, success: 17, fail: 8
Episode: 3450, Reward: 44.9664, success: 17, fail: 8
Episode: 3451, Reward: 45.4100, success: 17, fail: 8
Episode: 3452, Reward: 56.3878, success: 18, fail: 7
Episode: 3453, Reward: 44.4151, success: 17, fail: 8
Episode: 3454, Reward: 54.2951, success: 18, fail: 7
Episode: 3455, Reward: 56.1277, success: 18, fail: 7
Episode: 3456, Reward: 75.6870, success: 20, fail: 5
Episode: 3457, Reward: 65.5844, success: 19, fail: 6
Episode: 3458, Reward: 45.0094, success: 17, fail: 8
Episode: 3459, Reward: 45.5795, success: 17, fail: 8
Episode: 3460, Reward: 55.4343, success: 18, fail: 7
Episode: 3461, Reward: 55.4949, success: 18, fail: 7
Episode: 3462, Reward: 55.0589, success: 18, fail: 7
Episode: 3463, Reward: 66.0208, success: 19, fail: 6
Episode: 3464, Reward: 54.2626, success: 18, fail: 7
Episode: 3465, Reward: 54.5854, success: 18, fail: 7
Episode: 3466, Reward: 65.9138, success: 19, fail: 6
Episode: 3467, Reward: 55.2294, success: 18, fail: 7
Episode: 3468, Reward: 64.8917, success: 19, fail: 6
Episode: 3469, Reward: 45.1315, success: 17, fail: 8
Episode: 3470, Reward: 54.7819, success: 18, fail: 7
Episode: 3471, Reward: 54.8414, success: 18, fail: 7
Episode: 3472, Reward: 76.0355, success: 20, fail: 5
Episode: 3473, Reward: 44.8321, success: 17, fail: 8
Episode: 3474, Reward: 65.5996, success: 19, fail: 6
Episode: 3475, Reward: 65.3852, success: 19, fail: 6
Episode: 3476, Reward: 75.7353, success: 20, fail: 5
Episode: 3477, Reward: 54.4062, success: 18, fail: 7
Episode: 3478, Reward: 74.0309, success: 20, fail: 5
Episode: 3479, Reward: 54.9776, success: 18, fail: 7
Episode: 3480, Reward: 46.2882, success: 17, fail: 8
Episode: 3481, Reward: 55.6447, success: 18, fail: 7
Episode: 3482, Reward: 55.4992, success: 18, fail: 7
Episode: 3483, Reward: 64.7430, success: 19, fail: 6
Episode: 3484, Reward: 65.3718, success: 19, fail: 6
Episode: 3485, Reward: 76.1600, success: 20, fail: 5
Episode: 3486, Reward: 55.4268, success: 18, fail: 7
Episode: 3487, Reward: 36.4671, success: 16, fail: 9
Episode: 3488, Reward: 46.2019, success: 17, fail: 8
Episode: 3489, Reward: 66.1319, success: 19, fail: 6
Episode: 3490, Reward: 75.2855, success: 20, fail: 5
Episode: 3491, Reward: 54.4360, success: 18, fail: 7
Episode: 3492, Reward: 65.8873, success: 19, fail: 6
Episode: 3493, Reward: 65.1530, success: 19, fail: 6
Episode: 3494, Reward: 45.0606, success: 17, fail: 8
Episode: 3495, Reward: 56.1734, success: 18, fail: 7
Episode: 3496, Reward: 65.9686, success: 19, fail: 6
Episode: 3497, Reward: 44.4631, success: 17, fail: 8
Episode: 3498, Reward: 44.7505, success: 17, fail: 8
Episode: 3499, Reward: 64.3450, success: 19, fail: 6
Episode: 3500, Reward: 74.4638, success: 20, fail: 5
Episode: 3501, Reward: 76.0217, success: 20, fail: 5
Episode: 3502, Reward: 45.9735, success: 17, fail: 8
Episode: 3503, Reward: 55.5444, success: 18, fail: 7
Episode: 3504, Reward: 86.0714, success: 21, fail: 4
Episode: 3505, Reward: 47.0339, success: 17, fail: 8
Episode: 3506, Reward: 75.9248, success: 20, fail: 5
Episode: 3507, Reward: 46.6336, success: 17, fail: 8
Episode: 3508, Reward: 75.2710, success: 20, fail: 5
Episode: 3509, Reward: 55.2228, success: 18, fail: 7
Episode: 3510, Reward: 66.3064, success: 19, fail: 6
Episode: 3511, Reward: 36.4829, success: 16, fail: 9
Episode: 3512, Reward: 46.2858, success: 17, fail: 8
Episode: 3513, Reward: 55.7555, success: 18, fail: 7
Episode: 3514, Reward: 55.5826, success: 18, fail: 7
Episode: 3515, Reward: 55.5394, success: 18, fail: 7
Episode: 3516, Reward: 54.6266, success: 18, fail: 7
Episode: 3517, Reward: 65.8529, success: 19, fail: 6
Episode: 3518, Reward: 46.6793, success: 17, fail: 8
Episode: 3519, Reward: 46.0152, success: 17, fail: 8
Episode: 3520, Reward: 45.9260, success: 17, fail: 8
Episode: 3521, Reward: 55.6973, success: 18, fail: 7
Episode: 3522, Reward: 55.6210, success: 18, fail: 7
Episode: 3523, Reward: 66.5579, success: 19, fail: 6
Episode: 3524, Reward: 55.4102, success: 18, fail: 7
Episode: 3525, Reward: 65.2503, success: 19, fail: 6
Episode: 3526, Reward: 65.5852, success: 19, fail: 6
Episode: 3527, Reward: 54.3151, success: 18, fail: 7
Episode: 3528, Reward: 64.6030, success: 19, fail: 6
Episode: 3529, Reward: 75.3980, success: 20, fail: 5
Episode: 3530, Reward: 44.6259, success: 17, fail: 8
Episode: 3531, Reward: 65.4055, success: 19, fail: 6
Episode: 3532, Reward: 45.2150, success: 17, fail: 8
Episode: 3533, Reward: 55.3454, success: 18, fail: 7
Episode: 3534, Reward: 55.5269, success: 18, fail: 7
Episode: 3535, Reward: 56.0028, success: 18, fail: 7
Episode: 3536, Reward: 56.2665, success: 18, fail: 7
Episode: 3537, Reward: 45.0752, success: 17, fail: 8
Episode: 3538, Reward: 63.8765, success: 19, fail: 6
Episode: 3539, Reward: 44.5632, success: 17, fail: 8
Episode: 3540, Reward: 55.3364, success: 18, fail: 7
Episode: 3541, Reward: 76.2378, success: 20, fail: 5
Episode: 3542, Reward: 54.3000, success: 18, fail: 7
Episode: 3543, Reward: 54.1821, success: 18, fail: 7
Episode: 3544, Reward: 65.9655, success: 19, fail: 6
Episode: 3545, Reward: 65.1091, success: 19, fail: 6
Episode: 3546, Reward: 55.4392, success: 18, fail: 7
Episode: 3547, Reward: 52.7548, success: 18, fail: 7
Episode: 3548, Reward: 56.4926, success: 18, fail: 7
Episode: 3549, Reward: 46.1522, success: 17, fail: 8
Episode: 3550, Reward: 55.4254, success: 18, fail: 7
Episode: 3551, Reward: 53.5692, success: 18, fail: 7
Episode: 3552, Reward: 54.9895, success: 18, fail: 7
Episode: 3553, Reward: 34.7862, success: 16, fail: 9
Episode: 3554, Reward: 54.9528, success: 18, fail: 7
Episode: 3555, Reward: 54.2221, success: 18, fail: 7
Episode: 3556, Reward: 53.1232, success: 18, fail: 7
Episode: 3557, Reward: 64.9346, success: 19, fail: 6
Episode: 3558, Reward: 65.2817, success: 19, fail: 6
Episode: 3559, Reward: 55.4282, success: 18, fail: 7
Episode: 3560, Reward: 66.2096, success: 19, fail: 6
Episode: 3561, Reward: 46.2712, success: 17, fail: 8
Episode: 3562, Reward: 54.3736, success: 18, fail: 7
Episode: 3563, Reward: 56.4774, success: 18, fail: 7
Episode: 3564, Reward: 56.0477, success: 18, fail: 7
Episode: 3565, Reward: 55.5953, success: 18, fail: 7
Episode: 3566, Reward: 56.1345, success: 18, fail: 7
Episode: 3567, Reward: 76.3550, success: 20, fail: 5
Episode: 3568, Reward: 35.7707, success: 16, fail: 9
Episode: 3569, Reward: 65.9683, success: 19, fail: 6
Episode: 3570, Reward: 54.7898, success: 18, fail: 7
Episode: 3571, Reward: 55.5428, success: 18, fail: 7
Episode: 3572, Reward: 76.3898, success: 20, fail: 5
Episode: 3573, Reward: 55.3722, success: 18, fail: 7
Episode: 3574, Reward: 57.2701, success: 18, fail: 7
Episode: 3575, Reward: 54.8571, success: 18, fail: 7
Episode: 3576, Reward: 34.1926, success: 16, fail: 9
Episode: 3577, Reward: 55.5479, success: 18, fail: 7
Episode: 3578, Reward: 54.2426, success: 18, fail: 7
Episode: 3579, Reward: 55.9523, success: 18, fail: 7
Episode: 3580, Reward: 55.8694, success: 18, fail: 7
Episode: 3581, Reward: 55.3868, success: 18, fail: 7
Episode: 3582, Reward: 44.3628, success: 17, fail: 8
Episode: 3583, Reward: 55.0506, success: 18, fail: 7
Episode: 3584, Reward: 65.0641, success: 19, fail: 6
Episode: 3585, Reward: 45.5292, success: 17, fail: 8
Episode: 3586, Reward: 55.6649, success: 18, fail: 7
Episode: 3587, Reward: 64.7993, success: 19, fail: 6
Episode: 3588, Reward: 55.6965, success: 18, fail: 7
Episode: 3589, Reward: 46.4286, success: 17, fail: 8
Episode: 3590, Reward: 64.5014, success: 19, fail: 6
Episode: 3591, Reward: 24.5033, success: 15, fail: 10
Episode: 3592, Reward: 56.2317, success: 18, fail: 7
Episode: 3593, Reward: 55.4422, success: 18, fail: 7
Episode: 3594, Reward: 45.2064, success: 17, fail: 8
Episode: 3595, Reward: 64.8959, success: 19, fail: 6
Episode: 3596, Reward: 45.6451, success: 17, fail: 8
Episode: 3597, Reward: 45.6501, success: 17, fail: 8
Episode: 3598, Reward: 54.9303, success: 18, fail: 7
Episode: 3599, Reward: 65.5098, success: 19, fail: 6
Episode: 3600, Reward: 55.8061, success: 18, fail: 7
Episode: 3601, Reward: 36.0916, success: 16, fail: 9
Episode: 3602, Reward: 55.5590, success: 18, fail: 7
Episode: 3603, Reward: 44.4455, success: 17, fail: 8
Episode: 3604, Reward: 44.9585, success: 17, fail: 8
Episode: 3605, Reward: 56.6477, success: 18, fail: 7
Episode: 3606, Reward: 64.6392, success: 19, fail: 6
Episode: 3607, Reward: 64.9679, success: 19, fail: 6
Episode: 3608, Reward: 45.6371, success: 17, fail: 8
Episode: 3609, Reward: 35.5076, success: 16, fail: 9
Episode: 3610, Reward: 45.5966, success: 17, fail: 8
Episode: 3611, Reward: 65.0684, success: 19, fail: 6
Episode: 3612, Reward: 35.2715, success: 16, fail: 9
Episode: 3613, Reward: 64.9011, success: 19, fail: 6
Episode: 3614, Reward: 56.4355, success: 18, fail: 7
Episode: 3615, Reward: 34.5682, success: 16, fail: 9
Episode: 3616, Reward: 56.8282, success: 18, fail: 7
Episode: 3617, Reward: 44.8562, success: 17, fail: 8
Episode: 3618, Reward: 65.3855, success: 19, fail: 6
Episode: 3619, Reward: 86.1475, success: 21, fail: 4
Episode: 3620, Reward: 24.7203, success: 15, fail: 10
Episode: 3621, Reward: 55.5659, success: 18, fail: 7
Episode: 3622, Reward: 54.9675, success: 18, fail: 7
Episode: 3623, Reward: 64.3693, success: 19, fail: 6
Episode: 3624, Reward: 75.6565, success: 20, fail: 5
Episode: 3625, Reward: 44.5120, success: 17, fail: 8
Episode: 3626, Reward: 54.6838, success: 18, fail: 7
Episode: 3627, Reward: 54.7224, success: 18, fail: 7
Episode: 3628, Reward: 55.1350, success: 18, fail: 7
Episode: 3629, Reward: 44.7686, success: 17, fail: 8
Episode: 3630, Reward: 44.9997, success: 17, fail: 8
Episode: 3631, Reward: 55.6978, success: 18, fail: 7
Episode: 3632, Reward: 45.1918, success: 17, fail: 8
Episode: 3633, Reward: 46.0637, success: 17, fail: 8
Episode: 3634, Reward: 66.0858, success: 19, fail: 6
Episode: 3635, Reward: 55.7703, success: 18, fail: 7
Episode: 3636, Reward: 54.2048, success: 18, fail: 7
Episode: 3637, Reward: 65.4663, success: 19, fail: 6
Episode: 3638, Reward: 64.7494, success: 19, fail: 6
Episode: 3639, Reward: 55.2032, success: 18, fail: 7
Episode: 3640, Reward: 55.5540, success: 18, fail: 7
Episode: 3641, Reward: 55.2764, success: 18, fail: 7
Episode: 3642, Reward: 55.5813, success: 18, fail: 7
Episode: 3643, Reward: 44.4615, success: 17, fail: 8
Episode: 3644, Reward: 64.6968, success: 19, fail: 6
Episode: 3645, Reward: 44.6667, success: 17, fail: 8
Episode: 3646, Reward: 64.8600, success: 19, fail: 6
Episode: 3647, Reward: 36.3268, success: 16, fail: 9
Episode: 3648, Reward: 54.7995, success: 18, fail: 7
Episode: 3649, Reward: 56.1558, success: 18, fail: 7
Episode: 3650, Reward: 34.1448, success: 16, fail: 9
Episode: 3651, Reward: 56.1289, success: 18, fail: 7
Episode: 3652, Reward: 63.7429, success: 19, fail: 6
Episode: 3653, Reward: 54.7032, success: 18, fail: 7
Episode: 3654, Reward: 55.1300, success: 18, fail: 7
Episode: 3655, Reward: 46.2481, success: 17, fail: 8
Episode: 3656, Reward: 44.9330, success: 17, fail: 8
Episode: 3657, Reward: 63.6584, success: 19, fail: 6
Episode: 3658, Reward: 73.7814, success: 20, fail: 5
Episode: 3659, Reward: 74.4691, success: 20, fail: 5
Episode: 3660, Reward: 44.1339, success: 17, fail: 8
Episode: 3661, Reward: 54.4781, success: 18, fail: 7
Episode: 3662, Reward: 75.1509, success: 20, fail: 5
Episode: 3663, Reward: 54.3213, success: 18, fail: 7
Episode: 3664, Reward: 55.7062, success: 18, fail: 7
Episode: 3665, Reward: 65.5228, success: 19, fail: 6
Episode: 3666, Reward: 64.8581, success: 19, fail: 6
Episode: 3667, Reward: 64.1396, success: 19, fail: 6
Episode: 3668, Reward: 65.1824, success: 19, fail: 6
Episode: 3669, Reward: 54.7158, success: 18, fail: 7
Episode: 3670, Reward: 54.8939, success: 18, fail: 7
Episode: 3671, Reward: 44.0444, success: 17, fail: 8
Episode: 3672, Reward: 44.6130, success: 17, fail: 8
Episode: 3673, Reward: 63.5071, success: 19, fail: 6
Episode: 3674, Reward: 65.9977, success: 19, fail: 6
Episode: 3675, Reward: 54.4105, success: 18, fail: 7
Episode: 3676, Reward: 45.0070, success: 17, fail: 8
Episode: 3677, Reward: 44.7324, success: 17, fail: 8
Episode: 3678, Reward: 44.1156, success: 17, fail: 8
Episode: 3679, Reward: 44.5991, success: 17, fail: 8
Episode: 3680, Reward: 44.4271, success: 17, fail: 8
Episode: 3681, Reward: 35.3268, success: 16, fail: 9
Episode: 3682, Reward: 55.1451, success: 18, fail: 7
Episode: 3683, Reward: 45.4593, success: 17, fail: 8
Episode: 3684, Reward: 44.9415, success: 17, fail: 8
Episode: 3685, Reward: 55.1273, success: 18, fail: 7
Episode: 3686, Reward: 55.1735, success: 18, fail: 7
Episode: 3687, Reward: 55.4855, success: 18, fail: 7
Episode: 3688, Reward: 55.0739, success: 18, fail: 7
Episode: 3689, Reward: 44.8778, success: 17, fail: 8
Episode: 3690, Reward: 65.6154, success: 19, fail: 6
Episode: 3691, Reward: 35.0710, success: 16, fail: 9
Episode: 3692, Reward: 44.6719, success: 17, fail: 8
Episode: 3693, Reward: 64.9974, success: 19, fail: 6
Episode: 3694, Reward: 65.3051, success: 19, fail: 6
Episode: 3695, Reward: 56.1496, success: 18, fail: 7
Episode: 3696, Reward: 44.9610, success: 17, fail: 8
Episode: 3697, Reward: 55.0545, success: 18, fail: 7
Episode: 3698, Reward: 65.4158, success: 19, fail: 6
Episode: 3699, Reward: 34.3425, success: 16, fail: 9
Episode: 3700, Reward: 54.6476, success: 18, fail: 7
Episode: 3701, Reward: 55.7313, success: 18, fail: 7
Episode: 3702, Reward: 64.1406, success: 19, fail: 6
Episode: 3703, Reward: 46.1725, success: 17, fail: 8
Episode: 3704, Reward: 45.3817, success: 17, fail: 8
Episode: 3705, Reward: 52.9385, success: 18, fail: 7
Episode: 3706, Reward: 36.1106, success: 16, fail: 9
Episode: 3707, Reward: 54.3618, success: 18, fail: 7
Episode: 3708, Reward: 35.8881, success: 16, fail: 9
Episode: 3709, Reward: 56.2790, success: 18, fail: 7
Episode: 3710, Reward: 55.4364, success: 18, fail: 7
Episode: 3711, Reward: 55.1130, success: 18, fail: 7
Episode: 3712, Reward: 45.9101, success: 17, fail: 8
Episode: 3713, Reward: 45.3029, success: 17, fail: 8
Episode: 3714, Reward: 44.1000, success: 17, fail: 8
Episode: 3715, Reward: 34.4316, success: 16, fail: 9
Episode: 3716, Reward: 64.2324, success: 19, fail: 6
Episode: 3717, Reward: 45.6602, success: 17, fail: 8
Episode: 3718, Reward: 64.3171, success: 19, fail: 6
Episode: 3719, Reward: 55.7302, success: 18, fail: 7
Episode: 3720, Reward: 53.7465, success: 18, fail: 7
Episode: 3721, Reward: 55.1803, success: 18, fail: 7
Episode: 3722, Reward: 54.2874, success: 18, fail: 7
Episode: 3723, Reward: 44.9508, success: 17, fail: 8
Episode: 3724, Reward: 54.4686, success: 18, fail: 7
Episode: 3725, Reward: 44.9039, success: 17, fail: 8
Episode: 3726, Reward: 35.4495, success: 16, fail: 9
Episode: 3727, Reward: 75.2755, success: 20, fail: 5
Episode: 3728, Reward: 54.9196, success: 18, fail: 7
Episode: 3729, Reward: 44.2528, success: 17, fail: 8
Episode: 3730, Reward: 75.9391, success: 20, fail: 5
Episode: 3731, Reward: 55.2682, success: 18, fail: 7
Episode: 3732, Reward: 35.6652, success: 16, fail: 9
Episode: 3733, Reward: 54.8848, success: 18, fail: 7
Episode: 3734, Reward: 55.1962, success: 18, fail: 7
Episode: 3735, Reward: 35.6610, success: 16, fail: 9
Episode: 3736, Reward: 64.8214, success: 19, fail: 6
Episode: 3737, Reward: 34.7152, success: 16, fail: 9
Episode: 3738, Reward: 44.8496, success: 17, fail: 8
Episode: 3739, Reward: 64.7636, success: 19, fail: 6
Episode: 3740, Reward: 43.4560, success: 17, fail: 8
Episode: 3741, Reward: 44.6440, success: 17, fail: 8
Episode: 3742, Reward: 54.7028, success: 18, fail: 7
Episode: 3743, Reward: 46.0455, success: 17, fail: 8
Episode: 3744, Reward: 55.5323, success: 18, fail: 7
Episode: 3745, Reward: 66.3470, success: 19, fail: 6
Episode: 3746, Reward: 45.0890, success: 17, fail: 8
Episode: 3747, Reward: 54.9508, success: 18, fail: 7
Episode: 3748, Reward: 55.5023, success: 18, fail: 7
Episode: 3749, Reward: 63.8391, success: 19, fail: 6
Episode: 3750, Reward: 55.2958, success: 18, fail: 7
Episode: 3751, Reward: 55.2269, success: 18, fail: 7
Episode: 3752, Reward: 45.4052, success: 17, fail: 8
Episode: 3753, Reward: 55.1131, success: 18, fail: 7
Episode: 3754, Reward: 64.8168, success: 19, fail: 6
Episode: 3755, Reward: 56.1150, success: 18, fail: 7
Episode: 3756, Reward: 64.8629, success: 19, fail: 6
Episode: 3757, Reward: 35.5453, success: 16, fail: 9
Episode: 3758, Reward: 65.1784, success: 19, fail: 6
Episode: 3759, Reward: 55.4058, success: 18, fail: 7
Episode: 3760, Reward: 55.4680, success: 18, fail: 7
Episode: 3761, Reward: 45.0395, success: 17, fail: 8
Episode: 3762, Reward: 35.3775, success: 16, fail: 9
Episode: 3763, Reward: 63.6037, success: 19, fail: 6
Episode: 3764, Reward: 54.7932, success: 18, fail: 7
Episode: 3765, Reward: 33.3802, success: 16, fail: 9
Episode: 3766, Reward: 65.1503, success: 19, fail: 6
Episode: 3767, Reward: 54.0365, success: 18, fail: 7
Episode: 3768, Reward: 45.8620, success: 17, fail: 8
Episode: 3769, Reward: 44.9797, success: 17, fail: 8
Episode: 3770, Reward: 55.1363, success: 18, fail: 7
Episode: 3771, Reward: 55.5581, success: 18, fail: 7
Episode: 3772, Reward: 56.4325, success: 18, fail: 7
Episode: 3773, Reward: 64.9704, success: 19, fail: 6
Episode: 3774, Reward: 56.0238, success: 18, fail: 7
Episode: 3775, Reward: 44.7678, success: 17, fail: 8
Episode: 3776, Reward: 55.8157, success: 18, fail: 7
Episode: 3777, Reward: 45.4353, success: 17, fail: 8
Episode: 3778, Reward: 45.2260, success: 17, fail: 8
Episode: 3779, Reward: 54.2194, success: 18, fail: 7
Episode: 3780, Reward: 54.6312, success: 18, fail: 7
Episode: 3781, Reward: 46.0836, success: 17, fail: 8
Episode: 3782, Reward: 54.5945, success: 18, fail: 7
Episode: 3783, Reward: 54.4741, success: 18, fail: 7
Episode: 3784, Reward: 33.7113, success: 16, fail: 9
Episode: 3785, Reward: 53.5514, success: 18, fail: 7
Episode: 3786, Reward: 65.9738, success: 19, fail: 6
Episode: 3787, Reward: 45.5747, success: 17, fail: 8
Episode: 3788, Reward: 45.6523, success: 17, fail: 8
Episode: 3789, Reward: 65.7705, success: 19, fail: 6
Episode: 3790, Reward: 55.1759, success: 18, fail: 7
Episode: 3791, Reward: 75.4185, success: 20, fail: 5
Episode: 3792, Reward: 46.0806, success: 17, fail: 8
Episode: 3793, Reward: 45.1912, success: 17, fail: 8
Episode: 3794, Reward: 56.0065, success: 18, fail: 7
Episode: 3795, Reward: 65.5854, success: 19, fail: 6
Episode: 3796, Reward: 55.3122, success: 18, fail: 7
Episode: 3797, Reward: 45.0301, success: 17, fail: 8
Episode: 3798, Reward: 35.6524, success: 16, fail: 9
Episode: 3799, Reward: 55.5927, success: 18, fail: 7
Episode: 3800, Reward: 45.1044, success: 17, fail: 8
Episode: 3801, Reward: 64.1541, success: 19, fail: 6
Episode: 3802, Reward: 24.8584, success: 15, fail: 10
Episode: 3803, Reward: 55.6041, success: 18, fail: 7
Episode: 3804, Reward: 34.5425, success: 16, fail: 9
Episode: 3805, Reward: 45.5139, success: 17, fail: 8
Episode: 3806, Reward: 45.9891, success: 17, fail: 8
Episode: 3807, Reward: 45.2302, success: 17, fail: 8
Episode: 3808, Reward: 45.3904, success: 17, fail: 8
Episode: 3809, Reward: 53.9995, success: 18, fail: 7
Episode: 3810, Reward: 45.2482, success: 17, fail: 8
Episode: 3811, Reward: 44.1959, success: 17, fail: 8
Episode: 3812, Reward: 64.9584, success: 19, fail: 6
Episode: 3813, Reward: 44.5713, success: 17, fail: 8
Episode: 3814, Reward: 44.1109, success: 17, fail: 8
Episode: 3815, Reward: 54.7316, success: 18, fail: 7
Episode: 3816, Reward: 23.8810, success: 15, fail: 10
Episode: 3817, Reward: 54.6540, success: 18, fail: 7
Episode: 3818, Reward: 54.5862, success: 18, fail: 7
Episode: 3819, Reward: 74.3480, success: 20, fail: 5
Episode: 3820, Reward: 64.6973, success: 19, fail: 6
Episode: 3821, Reward: 34.6070, success: 16, fail: 9
Episode: 3822, Reward: 53.6653, success: 18, fail: 7
Episode: 3823, Reward: 64.8276, success: 19, fail: 6
Episode: 3824, Reward: 64.4290, success: 19, fail: 6
Episode: 3825, Reward: 42.4805, success: 17, fail: 8
Episode: 3826, Reward: 35.4859, success: 16, fail: 9
Episode: 3827, Reward: 54.1995, success: 18, fail: 7
Episode: 3828, Reward: 54.8374, success: 18, fail: 7
Episode: 3829, Reward: 53.3864, success: 18, fail: 7
Episode: 3830, Reward: 63.7711, success: 19, fail: 6
Episode: 3831, Reward: 44.6710, success: 17, fail: 8
Episode: 3832, Reward: 64.5456, success: 19, fail: 6
Episode: 3833, Reward: 75.7535, success: 20, fail: 5
Episode: 3834, Reward: 65.9766, success: 19, fail: 6
Episode: 3835, Reward: 45.2221, success: 17, fail: 8
Episode: 3836, Reward: 55.6904, success: 18, fail: 7
Episode: 3837, Reward: 54.3159, success: 18, fail: 7
Episode: 3838, Reward: 24.8816, success: 15, fail: 10
Episode: 3839, Reward: 53.7670, success: 18, fail: 7
Episode: 3840, Reward: 55.3213, success: 18, fail: 7
Episode: 3841, Reward: 74.4115, success: 20, fail: 5
Episode: 3842, Reward: 45.7260, success: 17, fail: 8
Episode: 3843, Reward: 33.2307, success: 16, fail: 9
Episode: 3844, Reward: 45.6573, success: 17, fail: 8
Episode: 3845, Reward: 44.0091, success: 17, fail: 8
Episode: 3846, Reward: 46.7777, success: 17, fail: 8
Episode: 3847, Reward: 55.3835, success: 18, fail: 7
Episode: 3848, Reward: 56.0736, success: 18, fail: 7
Episode: 3849, Reward: 44.9756, success: 17, fail: 8
Episode: 3850, Reward: 44.6172, success: 17, fail: 8
Episode: 3851, Reward: 43.9595, success: 17, fail: 8
Episode: 3852, Reward: 45.8778, success: 17, fail: 8
Episode: 3853, Reward: 44.5805, success: 17, fail: 8
Episode: 3854, Reward: 56.0053, success: 18, fail: 7
Episode: 3855, Reward: 55.8304, success: 18, fail: 7
Episode: 3856, Reward: 45.8310, success: 17, fail: 8
Episode: 3857, Reward: 35.5031, success: 16, fail: 9
Episode: 3858, Reward: 55.1974, success: 18, fail: 7
Episode: 3859, Reward: 34.0338, success: 16, fail: 9
Episode: 3860, Reward: 35.6672, success: 16, fail: 9
Episode: 3861, Reward: 45.6147, success: 17, fail: 8
Episode: 3862, Reward: 54.4656, success: 18, fail: 7
Episode: 3863, Reward: 54.0324, success: 18, fail: 7
Episode: 3864, Reward: 54.9064, success: 18, fail: 7
Episode: 3865, Reward: 54.2390, success: 18, fail: 7
Episode: 3866, Reward: 54.1368, success: 18, fail: 7
Episode: 3867, Reward: 64.8112, success: 19, fail: 6
Episode: 3868, Reward: 45.3002, success: 17, fail: 8
Episode: 3869, Reward: 65.7565, success: 19, fail: 6
Episode: 3870, Reward: 44.6588, success: 17, fail: 8
Episode: 3871, Reward: 45.4483, success: 17, fail: 8
Episode: 3872, Reward: 55.1891, success: 18, fail: 7
Episode: 3873, Reward: 45.7060, success: 17, fail: 8
Episode: 3874, Reward: 65.5370, success: 19, fail: 6
Episode: 3875, Reward: 64.0223, success: 19, fail: 6
Episode: 3876, Reward: 45.0614, success: 17, fail: 8
Episode: 3877, Reward: 54.7217, success: 18, fail: 7
Episode: 3878, Reward: 54.3510, success: 18, fail: 7
Episode: 3879, Reward: 46.0112, success: 17, fail: 8
Episode: 3880, Reward: 35.7232, success: 16, fail: 9
Episode: 3881, Reward: 75.4584, success: 20, fail: 5
Episode: 3882, Reward: 43.7730, success: 17, fail: 8
Episode: 3883, Reward: 65.3169, success: 19, fail: 6
Episode: 3884, Reward: 45.6679, success: 17, fail: 8
Episode: 3885, Reward: 43.6763, success: 17, fail: 8
Episode: 3886, Reward: 44.4447, success: 17, fail: 8
Episode: 3887, Reward: 65.0605, success: 19, fail: 6
Episode: 3888, Reward: 45.0624, success: 17, fail: 8
Episode: 3889, Reward: 44.6851, success: 17, fail: 8
Episode: 3890, Reward: 44.5823, success: 17, fail: 8
Episode: 3891, Reward: 43.9414, success: 17, fail: 8
Episode: 3892, Reward: 64.2168, success: 19, fail: 6
Episode: 3893, Reward: 75.3986, success: 20, fail: 5
Episode: 3894, Reward: 53.9455, success: 18, fail: 7
Episode: 3895, Reward: 66.1894, success: 19, fail: 6
Episode: 3896, Reward: 55.5051, success: 18, fail: 7
Episode: 3897, Reward: 65.7277, success: 19, fail: 6
Episode: 3898, Reward: 45.3636, success: 17, fail: 8
Episode: 3899, Reward: 34.9525, success: 16, fail: 9
Episode: 3900, Reward: 55.3674, success: 18, fail: 7
Episode: 3901, Reward: 33.8414, success: 16, fail: 9
Episode: 3902, Reward: 44.3736, success: 17, fail: 8
Episode: 3903, Reward: 54.8851, success: 18, fail: 7
Episode: 3904, Reward: 35.0902, success: 16, fail: 9
Episode: 3905, Reward: 35.3406, success: 16, fail: 9
Episode: 3906, Reward: 56.1572, success: 18, fail: 7
Episode: 3907, Reward: 55.9324, success: 18, fail: 7
Episode: 3908, Reward: 56.7334, success: 18, fail: 7
Episode: 3909, Reward: 55.3787, success: 18, fail: 7
Episode: 3910, Reward: 36.1806, success: 16, fail: 9
Episode: 3911, Reward: 35.8781, success: 16, fail: 9
Episode: 3912, Reward: 65.0632, success: 19, fail: 6
Episode: 3913, Reward: 54.0873, success: 18, fail: 7
Episode: 3914, Reward: 46.3606, success: 17, fail: 8
Episode: 3915, Reward: 35.0398, success: 16, fail: 9
Episode: 3916, Reward: 65.4493, success: 19, fail: 6
Episode: 3917, Reward: 15.8268, success: 14, fail: 11
Episode: 3918, Reward: 55.5454, success: 18, fail: 7
Episode: 3919, Reward: 44.3533, success: 17, fail: 8
Episode: 3920, Reward: 56.4114, success: 18, fail: 7
Episode: 3921, Reward: 45.6973, success: 17, fail: 8
Episode: 3922, Reward: 46.0507, success: 17, fail: 8
Episode: 3923, Reward: 23.7250, success: 15, fail: 10
Episode: 3924, Reward: 46.1728, success: 17, fail: 8
Episode: 3925, Reward: 34.4662, success: 16, fail: 9
Episode: 3926, Reward: 45.7479, success: 17, fail: 8
Episode: 3927, Reward: 55.4057, success: 18, fail: 7
Episode: 3928, Reward: 44.9651, success: 17, fail: 8
Episode: 3929, Reward: 45.5780, success: 17, fail: 8
Episode: 3930, Reward: 47.0986, success: 17, fail: 8
Episode: 3931, Reward: 45.3844, success: 17, fail: 8
Episode: 3932, Reward: 55.5020, success: 18, fail: 7
Episode: 3933, Reward: 45.1898, success: 17, fail: 8
Episode: 3934, Reward: 45.6891, success: 17, fail: 8
Episode: 3935, Reward: 55.6874, success: 18, fail: 7
Episode: 3936, Reward: 45.7146, success: 17, fail: 8
Episode: 3937, Reward: 65.3090, success: 19, fail: 6
Episode: 3938, Reward: 25.1475, success: 15, fail: 10
Episode: 3939, Reward: 34.7910, success: 16, fail: 9
Episode: 3940, Reward: 54.9797, success: 18, fail: 7
Episode: 3941, Reward: 65.5509, success: 19, fail: 6
Episode: 3942, Reward: 35.6207, success: 16, fail: 9
Episode: 3943, Reward: 56.2194, success: 18, fail: 7
Episode: 3944, Reward: 65.6703, success: 19, fail: 6
Episode: 3945, Reward: 65.2416, success: 19, fail: 6
Episode: 3946, Reward: 45.5440, success: 17, fail: 8
Episode: 3947, Reward: 44.9904, success: 17, fail: 8
Episode: 3948, Reward: 55.6707, success: 18, fail: 7
Episode: 3949, Reward: 34.2623, success: 16, fail: 9
Episode: 3950, Reward: 65.0677, success: 19, fail: 6
Episode: 3951, Reward: 46.5685, success: 17, fail: 8
Episode: 3952, Reward: 65.6552, success: 19, fail: 6
Episode: 3953, Reward: 36.3767, success: 16, fail: 9
Episode: 3954, Reward: 54.6387, success: 18, fail: 7
Episode: 3955, Reward: 56.5592, success: 18, fail: 7
Episode: 3956, Reward: 36.7265, success: 16, fail: 9
Episode: 3957, Reward: 35.7683, success: 16, fail: 9
Episode: 3958, Reward: 36.4161, success: 16, fail: 9
Episode: 3959, Reward: 66.4018, success: 19, fail: 6
Episode: 3960, Reward: 65.2944, success: 19, fail: 6
Episode: 3961, Reward: 34.4320, success: 16, fail: 9
Episode: 3962, Reward: 55.9509, success: 18, fail: 7
Episode: 3963, Reward: 55.9330, success: 18, fail: 7
Episode: 3964, Reward: 36.0445, success: 16, fail: 9
Episode: 3965, Reward: 45.4025, success: 17, fail: 8
Episode: 3966, Reward: 35.7530, success: 16, fail: 9
Episode: 3967, Reward: 56.4474, success: 18, fail: 7
Episode: 3968, Reward: 54.4696, success: 18, fail: 7
Episode: 3969, Reward: 45.4445, success: 17, fail: 8
Episode: 3970, Reward: 66.9834, success: 19, fail: 6
Episode: 3971, Reward: 43.8141, success: 17, fail: 8
Episode: 3972, Reward: 44.7821, success: 17, fail: 8
Episode: 3973, Reward: 56.0087, success: 18, fail: 7
Episode: 3974, Reward: 44.4629, success: 17, fail: 8
Episode: 3975, Reward: 54.0143, success: 18, fail: 7
Episode: 3976, Reward: 55.3226, success: 18, fail: 7
Episode: 3977, Reward: 43.7318, success: 17, fail: 8
Episode: 3978, Reward: 55.7797, success: 18, fail: 7
Episode: 3979, Reward: 55.4255, success: 18, fail: 7
Episode: 3980, Reward: 46.8533, success: 17, fail: 8
Episode: 3981, Reward: 46.2802, success: 17, fail: 8
Episode: 3982, Reward: 55.4175, success: 18, fail: 7
Episode: 3983, Reward: 35.9044, success: 16, fail: 9
Episode: 3984, Reward: 45.0269, success: 17, fail: 8
Episode: 3985, Reward: 55.6787, success: 18, fail: 7
Episode: 3986, Reward: 35.4112, success: 16, fail: 9
Episode: 3987, Reward: 25.9163, success: 15, fail: 10
Episode: 3988, Reward: 34.7891, success: 16, fail: 9
Episode: 3989, Reward: 55.7345, success: 18, fail: 7
Episode: 3990, Reward: 26.8883, success: 15, fail: 10
Episode: 3991, Reward: 35.6480, success: 16, fail: 9
Episode: 3992, Reward: 46.1688, success: 17, fail: 8
Episode: 3993, Reward: 36.1857, success: 16, fail: 9
Episode: 3994, Reward: 36.3942, success: 16, fail: 9
Episode: 3995, Reward: 45.4396, success: 17, fail: 8
Episode: 3996, Reward: 55.4271, success: 18, fail: 7
Episode: 3997, Reward: 35.1412, success: 16, fail: 9
Episode: 3998, Reward: 45.2678, success: 17, fail: 8
Episode: 3999, Reward: 24.7812, success: 15, fail: 10
Episode: 4000, Reward: 46.4754, success: 17, fail: 8
Plot saved to C:\Users\zengd\Desktop\论文\W-MADDPG\MADDPG_Discrete\sum_reward_mappo.png
