WARNING:tensorflow:From C:\Users\zengd\Desktop\论文\W-MADDPG\MADDPG_Discrete\mappo_agent.py:31: The name tf.placeholder is deprecated. Please use tf.compat.v1.placeholder instead.

WARNING:tensorflow:From C:\Users\zengd\Desktop\论文\W-MADDPG\MADDPG_Discrete\mappo_agent.py:43: The name tf.variable_scope is deprecated. Please use tf.compat.v1.variable_scope instead.

WARNING:tensorflow:From C:\Users\zengd\Desktop\论文\W-MADDPG\MADDPG_Discrete\mappo_agent.py:7: dense (from tensorflow.python.layers.core) is deprecated and will be removed in a future version.
Instructions for updating:
Use keras.layers.Dense instead.
WARNING:tensorflow:From D:\tool\anaconda\envs\py37tf\lib\site-packages\tensorflow_core\python\layers\core.py:187: Layer.apply (from tensorflow.python.keras.engine.base_layer) is deprecated and will be removed in a future version.
Instructions for updating:
Please use `layer.__call__` method instead.
WARNING:tensorflow:
The TensorFlow contrib module will not be included in TensorFlow 2.0.
For more information, please see:
  * https://github.com/tensorflow/community/blob/master/rfcs/20180907-contrib-sunset.md
  * https://github.com/tensorflow/addons
  * https://github.com/tensorflow/io (for I/O related ops)
If you depend on functionality not listed there, please file an issue.

WARNING:tensorflow:From C:\Users\zengd\Desktop\论文\W-MADDPG\MADDPG_Discrete\mappo_agent.py:114: The name tf.log is deprecated. Please use tf.math.log instead.

WARNING:tensorflow:From C:\Users\zengd\Desktop\论文\W-MADDPG\MADDPG_Discrete\mappo_agent.py:76: The name tf.get_collection is deprecated. Please use tf.compat.v1.get_collection instead.

WARNING:tensorflow:From C:\Users\zengd\Desktop\论文\W-MADDPG\MADDPG_Discrete\mappo_agent.py:76: The name tf.GraphKeys is deprecated. Please use tf.compat.v1.GraphKeys instead.

WARNING:tensorflow:From C:\Users\zengd\Desktop\论文\W-MADDPG\MADDPG_Discrete\mappo_agent.py:122: The name tf.train.AdamOptimizer is deprecated. Please use tf.compat.v1.train.AdamOptimizer instead.

WARNING:tensorflow:From D:\tool\anaconda\envs\py37tf\lib\site-packages\tensorflow_core\python\ops\math_grad.py:1424: where (from tensorflow.python.ops.array_ops) is deprecated and will be removed in a future version.
Instructions for updating:
Use tf.where in 2.0, which has the same broadcast rule as np.where
WARNING:tensorflow:From C:\Users\zengd\Desktop\论文\W-MADDPG\MADDPG_Discrete\train_mappo.py:157: The name tf.ConfigProto is deprecated. Please use tf.compat.v1.ConfigProto instead.

WARNING:tensorflow:From C:\Users\zengd\Desktop\论文\W-MADDPG\MADDPG_Discrete\train_mappo.py:159: The name tf.Session is deprecated. Please use tf.compat.v1.Session instead.

2026-09-21 12:25:29.925235: I tensorflow/core/platform/cpu_feature_guard.cc:142] Your CPU supports instructions that this TensorFlow binary was not compiled to use: AVX2
WARNING:tensorflow:From C:\Users\zengd\Desktop\论文\W-MADDPG\MADDPG_Discrete\train_mappo.py:160: The name tf.global_variables_initializer is deprecated. Please use tf.compat.v1.global_variables_initializer instead.

WARNING:tensorflow:From C:\Users\zengd\Desktop\论文\W-MADDPG\MADDPG_Discrete\train_mappo.py:164: The name tf.train.Saver is deprecated. Please use tf.compat.v1.train.Saver instead.

Episode: 1, Reward: 31.9382, success: 16, fail: 9
Episode: 2, Reward: 53.3721, success: 18, fail: 7
Episode: 3, Reward: 11.8470, success: 14, fail: 11
Episode: 4, Reward: 13.0906, success: 14, fail: 11
Episode: 5, Reward: 13.2904, success: 14, fail: 11
Episode: 6, Reward: 44.4530, success: 17, fail: 8
Episode: 7, Reward: 21.4518, success: 15, fail: 10
Episode: 8, Reward: 32.9522, success: 16, fail: 9
Episode: 9, Reward: 54.8435, success: 18, fail: 7
Episode: 10, Reward: 23.3004, success: 15, fail: 10
Episode: 11, Reward: 22.4925, success: 15, fail: 10
Episode: 12, Reward: 50.7232, success: 18, fail: 7
Episode: 13, Reward: 40.2984, success: 17, fail: 8
Episode: 14, Reward: 42.8157, success: 17, fail: 8
Episode: 15, Reward: 42.8316, success: 17, fail: 8
Episode: 16, Reward: 30.5955, success: 16, fail: 9
Episode: 17, Reward: 21.6791, success: 15, fail: 10
Episode: 18, Reward: 52.4956, success: 18, fail: 7
Episode: 19, Reward: 21.1691, success: 15, fail: 10
Episode: 20, Reward: 42.1290, success: 17, fail: 8
Episode: 21, Reward: 31.0881, success: 16, fail: 9
Episode: 22, Reward: 20.6162, success: 15, fail: 10
Episode: 23, Reward: 43.6931, success: 17, fail: 8
Episode: 24, Reward: 22.6538, success: 15, fail: 10
Episode: 25, Reward: 13.9666, success: 14, fail: 11
Episode: 26, Reward: 41.4845, success: 17, fail: 8
Episode: 27, Reward: 13.0953, success: 14, fail: 11
Episode: 28, Reward: 29.9833, success: 16, fail: 9
Episode: 29, Reward: 20.8215, success: 15, fail: 10
Episode: 30, Reward: 20.3778, success: 15, fail: 10
Episode: 31, Reward: 40.9487, success: 17, fail: 8
Episode: 32, Reward: 21.2497, success: 15, fail: 10
Episode: 33, Reward: 63.7045, success: 19, fail: 6
Episode: 34, Reward: 20.4043, success: 15, fail: 10
Episode: 35, Reward: 43.9094, success: 17, fail: 8
Episode: 36, Reward: 42.8076, success: 17, fail: 8
Episode: 37, Reward: 21.4441, success: 15, fail: 10
Episode: 38, Reward: 53.5352, success: 18, fail: 7
Episode: 39, Reward: 33.0394, success: 16, fail: 9
Episode: 40, Reward: 23.9651, success: 15, fail: 10
Episode: 41, Reward: 19.9212, success: 15, fail: 10
Episode: 42, Reward: 32.8994, success: 16, fail: 9
Episode: 43, Reward: 33.2509, success: 16, fail: 9
Episode: 44, Reward: 42.6759, success: 17, fail: 8
Episode: 45, Reward: 20.7934, success: 15, fail: 10
Episode: 46, Reward: 2.8199, success: 13, fail: 12
Episode: 47, Reward: 22.3445, success: 15, fail: 10
Episode: 48, Reward: 34.4292, success: 16, fail: 9
Episode: 49, Reward: 11.4395, success: 14, fail: 11
Episode: 50, Reward: 42.5954, success: 17, fail: 8
Episode: 51, Reward: 41.3384, success: 17, fail: 8
Episode: 52, Reward: 43.4205, success: 17, fail: 8
Episode: 53, Reward: 14.5397, success: 14, fail: 11
Episode: 54, Reward: 42.5244, success: 17, fail: 8
Episode: 55, Reward: 13.7598, success: 14, fail: 11
Episode: 56, Reward: 13.6049, success: 14, fail: 11
Episode: 57, Reward: 54.4667, success: 18, fail: 7
Episode: 58, Reward: 11.4684, success: 14, fail: 11
Episode: 59, Reward: 53.7439, success: 18, fail: 7
Episode: 60, Reward: 23.6104, success: 15, fail: 10
Episode: 61, Reward: 23.0018, success: 15, fail: 10
Episode: 62, Reward: 35.6205, success: 16, fail: 9
Episode: 63, Reward: 34.9744, success: 16, fail: 9
Episode: 64, Reward: 22.5183, success: 15, fail: 10
Episode: 65, Reward: 43.5217, success: 17, fail: 8
Episode: 66, Reward: 42.6348, success: 17, fail: 8
Episode: 67, Reward: 13.0432, success: 14, fail: 11
Episode: 68, Reward: 23.8315, success: 15, fail: 10
Episode: 69, Reward: 13.4237, success: 14, fail: 11
Episode: 70, Reward: 23.1333, success: 15, fail: 10
Episode: 71, Reward: 44.0663, success: 17, fail: 8
Episode: 72, Reward: 12.8896, success: 14, fail: 11
Episode: 73, Reward: 23.3757, success: 15, fail: 10
Episode: 74, Reward: 30.8636, success: 16, fail: 9
Episode: 75, Reward: 34.5914, success: 16, fail: 9
Episode: 76, Reward: 43.5381, success: 17, fail: 8
Episode: 77, Reward: 12.4660, success: 14, fail: 11
Episode: 78, Reward: 34.4960, success: 16, fail: 9
Episode: 79, Reward: 52.5290, success: 18, fail: 7
Episode: 80, Reward: 44.0202, success: 17, fail: 8
Episode: 81, Reward: 25.0947, success: 15, fail: 10
Episode: 82, Reward: 44.2239, success: 17, fail: 8
Episode: 83, Reward: 14.6810, success: 14, fail: 11
Episode: 84, Reward: 34.2152, success: 16, fail: 9
Episode: 85, Reward: 24.3753, success: 15, fail: 10
Episode: 86, Reward: 54.2369, success: 18, fail: 7
Episode: 87, Reward: 34.0879, success: 16, fail: 9
Episode: 88, Reward: 66.3443, success: 19, fail: 6
Episode: 89, Reward: 53.3624, success: 18, fail: 7
Episode: 90, Reward: 45.5054, success: 17, fail: 8
Episode: 91, Reward: 44.9365, success: 17, fail: 8
Episode: 92, Reward: 24.3439, success: 15, fail: 10
Episode: 93, Reward: 43.8369, success: 17, fail: 8
Episode: 94, Reward: 35.6210, success: 16, fail: 9
Episode: 95, Reward: 24.1398, success: 15, fail: 10
Episode: 96, Reward: 33.7420, success: 16, fail: 9
Episode: 97, Reward: 14.3347, success: 14, fail: 11
Episode: 98, Reward: 45.1211, success: 17, fail: 8
Episode: 99, Reward: 33.8633, success: 16, fail: 9
Episode: 100, Reward: 45.9147, success: 17, fail: 8
Episode: 101, Reward: 4.4623, success: 13, fail: 12
Episode: 102, Reward: 44.3920, success: 17, fail: 8
Episode: 103, Reward: 34.3492, success: 16, fail: 9
Episode: 104, Reward: 35.6601, success: 16, fail: 9
Episode: 105, Reward: -5.1709, success: 12, fail: 13
Episode: 106, Reward: 34.5512, success: 16, fail: 9
Episode: 107, Reward: 34.6081, success: 16, fail: 9
Episode: 108, Reward: 23.0750, success: 15, fail: 10
Episode: 109, Reward: 4.1620, success: 13, fail: 12
Episode: 110, Reward: 14.8312, success: 14, fail: 11
Episode: 111, Reward: 14.7695, success: 14, fail: 11
Episode: 112, Reward: 14.7083, success: 14, fail: 11
Episode: 113, Reward: 11.6559, success: 14, fail: 11
Episode: 114, Reward: -5.4712, success: 12, fail: 13
Episode: 115, Reward: 15.2568, success: 14, fail: 11
Episode: 116, Reward: 14.5137, success: 14, fail: 11
Episode: 117, Reward: 13.5883, success: 14, fail: 11
Episode: 118, Reward: 3.7652, success: 13, fail: 12
Episode: 119, Reward: 3.8305, success: 13, fail: 12
Episode: 120, Reward: 43.7431, success: 17, fail: 8
Episode: 121, Reward: 15.2532, success: 14, fail: 11
Episode: 122, Reward: 33.3419, success: 16, fail: 9
Episode: 123, Reward: 13.7656, success: 14, fail: 11
Episode: 124, Reward: 34.6443, success: 16, fail: 9
Episode: 125, Reward: 33.7932, success: 16, fail: 9
Episode: 126, Reward: 44.1029, success: 17, fail: 8
Episode: 127, Reward: 35.0193, success: 16, fail: 9
Episode: 128, Reward: 5.3017, success: 13, fail: 12
Episode: 129, Reward: 33.7684, success: 16, fail: 9
Episode: 130, Reward: 42.9819, success: 17, fail: 8
Episode: 131, Reward: 43.2578, success: 17, fail: 8
Episode: 132, Reward: -7.4731, success: 12, fail: 13
Episode: 133, Reward: 23.3375, success: 15, fail: 10
Episode: 134, Reward: 44.4165, success: 17, fail: 8
Episode: 135, Reward: -5.6585, success: 12, fail: 13
Episode: 136, Reward: 35.3179, success: 16, fail: 9
Episode: 137, Reward: 14.5440, success: 14, fail: 11
Episode: 138, Reward: 35.3988, success: 16, fail: 9
Episode: 139, Reward: 32.9941, success: 16, fail: 9
Episode: 140, Reward: 24.1696, success: 15, fail: 10
Episode: 141, Reward: 44.9127, success: 17, fail: 8
Episode: 142, Reward: 24.5526, success: 15, fail: 10
Episode: 143, Reward: 13.9833, success: 14, fail: 11
Episode: 144, Reward: 43.7742, success: 17, fail: 8
Episode: 145, Reward: 34.9857, success: 16, fail: 9
Episode: 146, Reward: 25.3204, success: 15, fail: 10
Episode: 147, Reward: 53.8801, success: 18, fail: 7
Episode: 148, Reward: 25.2058, success: 15, fail: 10
Episode: 149, Reward: 13.7660, success: 14, fail: 11
Episode: 150, Reward: 43.5021, success: 17, fail: 8
Episode: 151, Reward: 32.8013, success: 16, fail: 9
Episode: 152, Reward: 13.9098, success: 14, fail: 11
Episode: 153, Reward: 25.2391, success: 15, fail: 10
Episode: 154, Reward: 35.1876, success: 16, fail: 9
Episode: 155, Reward: 13.8251, success: 14, fail: 11
Episode: 156, Reward: 33.5528, success: 16, fail: 9
Episode: 157, Reward: 26.3584, success: 15, fail: 10
Episode: 158, Reward: 4.6407, success: 13, fail: 12
Episode: 159, Reward: 35.2710, success: 16, fail: 9
Episode: 160, Reward: 24.2874, success: 15, fail: 10
Episode: 161, Reward: 43.5918, success: 17, fail: 8
Episode: 162, Reward: 32.2842, success: 16, fail: 9
Episode: 163, Reward: 13.6059, success: 14, fail: 11
Episode: 164, Reward: 43.3062, success: 17, fail: 8
Episode: 165, Reward: 43.0777, success: 17, fail: 8
Episode: 166, Reward: 44.3037, success: 17, fail: 8
Episode: 167, Reward: 52.7602, success: 18, fail: 7
Episode: 168, Reward: 44.3268, success: 17, fail: 8
Episode: 169, Reward: 33.6581, success: 16, fail: 9
Episode: 170, Reward: 34.2134, success: 16, fail: 9
Episode: 171, Reward: 14.6424, success: 14, fail: 11
Episode: 172, Reward: 24.1173, success: 15, fail: 10
Episode: 173, Reward: 23.7857, success: 15, fail: 10
Episode: 174, Reward: 23.8141, success: 15, fail: 10
Episode: 175, Reward: 32.9997, success: 16, fail: 9
Episode: 176, Reward: 53.8728, success: 18, fail: 7
Episode: 177, Reward: 33.0474, success: 16, fail: 9
Episode: 178, Reward: 42.5056, success: 17, fail: 8
Episode: 179, Reward: 44.7907, success: 17, fail: 8
Episode: 180, Reward: 53.4767, success: 18, fail: 7
Episode: 181, Reward: 32.5551, success: 16, fail: 9
Episode: 182, Reward: 73.7185, success: 20, fail: 5
Episode: 183, Reward: 32.4517, success: 16, fail: 9
Episode: 184, Reward: 22.4972, success: 15, fail: 10
Episode: 185, Reward: 12.8637, success: 14, fail: 11
Episode: 186, Reward: 62.7024, success: 19, fail: 6
Episode: 187, Reward: 43.5975, success: 17, fail: 8
Episode: 188, Reward: 32.8798, success: 16, fail: 9
Episode: 189, Reward: 43.5202, success: 17, fail: 8
Episode: 190, Reward: 63.6624, success: 19, fail: 6
Episode: 191, Reward: 21.4087, success: 15, fail: 10
Episode: 192, Reward: 23.4937, success: 15, fail: 10
Episode: 193, Reward: 32.4515, success: 16, fail: 9
Episode: 194, Reward: 62.8806, success: 19, fail: 6
Episode: 195, Reward: 42.7379, success: 17, fail: 8
Episode: 196, Reward: 61.7982, success: 19, fail: 6
Episode: 197, Reward: 61.0178, success: 19, fail: 6
Episode: 198, Reward: 42.9606, success: 17, fail: 8
Episode: 199, Reward: 32.3277, success: 16, fail: 9
Episode: 200, Reward: 41.4087, success: 17, fail: 8
Episode: 201, Reward: 50.9092, success: 18, fail: 7
Episode: 202, Reward: 51.1184, success: 18, fail: 7
Episode: 203, Reward: 51.3619, success: 18, fail: 7
Episode: 204, Reward: 57.3658, success: 19, fail: 6
Episode: 205, Reward: 42.8685, success: 17, fail: 8
Episode: 206, Reward: 52.4760, success: 18, fail: 7
Episode: 207, Reward: 70.4071, success: 20, fail: 5
Episode: 208, Reward: 31.2507, success: 16, fail: 9
Episode: 209, Reward: 31.7632, success: 16, fail: 9
Episode: 210, Reward: 72.7421, success: 20, fail: 5
Episode: 211, Reward: 43.1188, success: 17, fail: 8
Episode: 212, Reward: 31.5247, success: 16, fail: 9
Episode: 213, Reward: 21.7390, success: 15, fail: 10
Episode: 214, Reward: 33.1186, success: 16, fail: 9
Episode: 215, Reward: 31.5569, success: 16, fail: 9
Episode: 216, Reward: 33.8224, success: 16, fail: 9
Episode: 217, Reward: 43.7492, success: 17, fail: 8
Episode: 218, Reward: 32.9693, success: 16, fail: 9
Episode: 219, Reward: 42.2021, success: 17, fail: 8
Episode: 220, Reward: 43.1739, success: 17, fail: 8
Episode: 221, Reward: 22.7220, success: 15, fail: 10
Episode: 222, Reward: 61.5983, success: 19, fail: 6
Episode: 223, Reward: 61.8344, success: 19, fail: 6
Episode: 224, Reward: 51.6815, success: 18, fail: 7
Episode: 225, Reward: 72.4928, success: 20, fail: 5
Episode: 226, Reward: 31.3550, success: 16, fail: 9
Episode: 227, Reward: 53.8683, success: 18, fail: 7
Episode: 228, Reward: 51.7596, success: 18, fail: 7
Episode: 229, Reward: 60.7685, success: 19, fail: 6
Episode: 230, Reward: 42.0403, success: 17, fail: 8
Episode: 231, Reward: 31.3859, success: 16, fail: 9
Episode: 232, Reward: 41.6471, success: 17, fail: 8
Episode: 233, Reward: 51.4978, success: 18, fail: 7
Episode: 234, Reward: 42.3520, success: 17, fail: 8
Episode: 235, Reward: 41.9475, success: 17, fail: 8
Episode: 236, Reward: 41.1608, success: 17, fail: 8
Episode: 237, Reward: 30.1732, success: 16, fail: 9
Episode: 238, Reward: 59.7104, success: 19, fail: 6
Episode: 239, Reward: 50.6472, success: 18, fail: 7
Episode: 240, Reward: 50.7314, success: 18, fail: 7
Episode: 241, Reward: 60.4638, success: 19, fail: 6
Episode: 242, Reward: 50.3895, success: 18, fail: 7
Episode: 243, Reward: 41.5440, success: 17, fail: 8
Episode: 244, Reward: 30.3932, success: 16, fail: 9
Episode: 245, Reward: 40.7841, success: 17, fail: 8
Episode: 246, Reward: 51.3278, success: 18, fail: 7
Episode: 247, Reward: 39.7821, success: 17, fail: 8
Episode: 248, Reward: 61.4688, success: 19, fail: 6
Episode: 249, Reward: 40.6166, success: 17, fail: 8
Episode: 250, Reward: 69.8315, success: 20, fail: 5
Episode: 251, Reward: 59.7513, success: 19, fail: 6
Episode: 252, Reward: 39.4829, success: 17, fail: 8
Episode: 253, Reward: 60.8229, success: 19, fail: 6
Episode: 254, Reward: 41.2129, success: 17, fail: 8
Episode: 255, Reward: 40.6501, success: 17, fail: 8
Episode: 256, Reward: 60.8061, success: 19, fail: 6
Episode: 257, Reward: 30.4062, success: 16, fail: 9
Episode: 258, Reward: 38.1403, success: 17, fail: 8
Episode: 259, Reward: 40.7386, success: 17, fail: 8
Episode: 260, Reward: 30.2740, success: 16, fail: 9
Episode: 261, Reward: 50.6502, success: 18, fail: 7
Episode: 262, Reward: 38.4699, success: 17, fail: 8
Episode: 263, Reward: 60.1551, success: 19, fail: 6
Episode: 264, Reward: 59.6848, success: 19, fail: 6
Episode: 265, Reward: 60.2098, success: 19, fail: 6
Episode: 266, Reward: 48.3682, success: 18, fail: 7
Episode: 267, Reward: 60.6290, success: 19, fail: 6
Episode: 268, Reward: 60.5263, success: 19, fail: 6
Episode: 269, Reward: 69.3010, success: 20, fail: 5
Episode: 270, Reward: 61.3397, success: 19, fail: 6
Episode: 271, Reward: 29.3591, success: 16, fail: 9
Episode: 272, Reward: 29.2868, success: 16, fail: 9
Episode: 273, Reward: 59.5116, success: 19, fail: 6
Episode: 274, Reward: 48.5099, success: 18, fail: 7
Episode: 275, Reward: 49.1614, success: 18, fail: 7
Episode: 276, Reward: 58.8476, success: 19, fail: 6
Episode: 277, Reward: 31.3666, success: 16, fail: 9
Episode: 278, Reward: 60.2284, success: 19, fail: 6
Episode: 279, Reward: 20.7017, success: 15, fail: 10
Episode: 280, Reward: 52.1224, success: 18, fail: 7
Episode: 281, Reward: 48.4192, success: 18, fail: 7
Episode: 282, Reward: 50.4697, success: 18, fail: 7
Episode: 283, Reward: 29.4355, success: 16, fail: 9
Episode: 284, Reward: 30.5231, success: 16, fail: 9
Episode: 285, Reward: 61.1819, success: 19, fail: 6
Episode: 286, Reward: 41.3156, success: 17, fail: 8
Episode: 287, Reward: 50.6648, success: 18, fail: 7
Episode: 288, Reward: 62.1839, success: 19, fail: 6
Episode: 289, Reward: 50.2651, success: 18, fail: 7
Episode: 290, Reward: 49.8829, success: 18, fail: 7
Episode: 291, Reward: 40.8023, success: 17, fail: 8
Episode: 292, Reward: 51.0584, success: 18, fail: 7
Episode: 293, Reward: 51.7180, success: 18, fail: 7
Episode: 294, Reward: 8.3221, success: 14, fail: 11
Episode: 295, Reward: 68.4605, success: 20, fail: 5
Episode: 296, Reward: 59.8482, success: 19, fail: 6
Episode: 297, Reward: 70.0591, success: 20, fail: 5
Episode: 298, Reward: 29.6954, success: 16, fail: 9
Episode: 299, Reward: 50.0586, success: 18, fail: 7
Episode: 300, Reward: 38.2902, success: 17, fail: 8
Episode: 301, Reward: 40.2059, success: 17, fail: 8
Episode: 302, Reward: 49.8649, success: 18, fail: 7
Episode: 303, Reward: 71.3502, success: 20, fail: 5
Episode: 304, Reward: 41.5187, success: 17, fail: 8
Episode: 305, Reward: 31.0814, success: 16, fail: 9
Episode: 306, Reward: 50.2147, success: 18, fail: 7
Episode: 307, Reward: 31.6344, success: 16, fail: 9
Episode: 308, Reward: 49.9349, success: 18, fail: 7
Episode: 309, Reward: 20.5856, success: 15, fail: 10
Episode: 310, Reward: 60.4790, success: 19, fail: 6
Episode: 311, Reward: 59.0670, success: 19, fail: 6
Episode: 312, Reward: 48.8200, success: 18, fail: 7
Episode: 313, Reward: 48.7002, success: 18, fail: 7
Episode: 314, Reward: 39.0452, success: 17, fail: 8
Episode: 315, Reward: 50.3184, success: 18, fail: 7
Episode: 316, Reward: 39.1258, success: 17, fail: 8
Episode: 317, Reward: 49.9431, success: 18, fail: 7
Episode: 318, Reward: 52.3979, success: 18, fail: 7
Episode: 319, Reward: 61.5552, success: 19, fail: 6
Episode: 320, Reward: 63.2466, success: 19, fail: 6
Episode: 321, Reward: 50.5393, success: 18, fail: 7
Episode: 322, Reward: 40.0164, success: 17, fail: 8
Episode: 323, Reward: 51.5832, success: 18, fail: 7
Episode: 324, Reward: 50.2634, success: 18, fail: 7
Episode: 325, Reward: 48.8525, success: 18, fail: 7
Episode: 326, Reward: 40.4472, success: 17, fail: 8
Episode: 327, Reward: 51.2134, success: 18, fail: 7
Episode: 328, Reward: 61.3837, success: 19, fail: 6
Episode: 329, Reward: 49.7369, success: 18, fail: 7
Episode: 330, Reward: 50.9199, success: 18, fail: 7
Episode: 331, Reward: 52.6650, success: 18, fail: 7
Episode: 332, Reward: 51.8514, success: 18, fail: 7
Episode: 333, Reward: 42.8088, success: 17, fail: 8
Episode: 334, Reward: 40.3102, success: 17, fail: 8
Episode: 335, Reward: 51.2634, success: 18, fail: 7
Episode: 336, Reward: 51.9909, success: 18, fail: 7
Episode: 337, Reward: 51.8934, success: 18, fail: 7
Episode: 338, Reward: 42.6083, success: 17, fail: 8
Episode: 339, Reward: 40.8084, success: 17, fail: 8
Episode: 340, Reward: 51.3183, success: 18, fail: 7
Episode: 341, Reward: 70.6461, success: 20, fail: 5
Episode: 342, Reward: 52.3770, success: 18, fail: 7
Episode: 343, Reward: 61.3784, success: 19, fail: 6
Episode: 344, Reward: 61.0428, success: 19, fail: 6
Episode: 345, Reward: 39.3185, success: 17, fail: 8
Episode: 346, Reward: 71.6384, success: 20, fail: 5
Episode: 347, Reward: 51.0088, success: 18, fail: 7
Episode: 348, Reward: 50.8197, success: 18, fail: 7
Episode: 349, Reward: 40.7133, success: 17, fail: 8
Episode: 350, Reward: 72.7618, success: 20, fail: 5
Episode: 351, Reward: 63.3279, success: 19, fail: 6
Episode: 352, Reward: 42.3614, success: 17, fail: 8
Episode: 353, Reward: 41.8719, success: 17, fail: 8
Episode: 354, Reward: 43.5778, success: 17, fail: 8
Episode: 355, Reward: 60.4288, success: 19, fail: 6
Episode: 356, Reward: 19.5932, success: 15, fail: 10
Episode: 357, Reward: 30.7935, success: 16, fail: 9
Episode: 358, Reward: 42.1655, success: 17, fail: 8
Episode: 359, Reward: 61.7416, success: 19, fail: 6
Episode: 360, Reward: 61.2129, success: 19, fail: 6
Episode: 361, Reward: 31.9196, success: 16, fail: 9
Episode: 362, Reward: 62.6296, success: 19, fail: 6
Episode: 363, Reward: 42.8729, success: 17, fail: 8
Episode: 364, Reward: 34.0362, success: 16, fail: 9
Episode: 365, Reward: 40.8236, success: 17, fail: 8
Episode: 366, Reward: 31.8029, success: 16, fail: 9
Episode: 367, Reward: 40.7996, success: 17, fail: 8
Episode: 368, Reward: 42.2833, success: 17, fail: 8
Episode: 369, Reward: 62.5746, success: 19, fail: 6
Episode: 370, Reward: 53.4878, success: 18, fail: 7
Episode: 371, Reward: 12.3573, success: 14, fail: 11
Episode: 372, Reward: 32.5696, success: 16, fail: 9
Episode: 373, Reward: 42.5557, success: 17, fail: 8
Episode: 374, Reward: 20.2596, success: 15, fail: 10
Episode: 375, Reward: 30.9097, success: 16, fail: 9
Episode: 376, Reward: 40.3931, success: 17, fail: 8
Episode: 377, Reward: 41.8093, success: 17, fail: 8
Episode: 378, Reward: 33.4699, success: 16, fail: 9
Episode: 379, Reward: 30.1714, success: 16, fail: 9
Episode: 380, Reward: 50.9713, success: 18, fail: 7
Episode: 381, Reward: 24.2546, success: 15, fail: 10
Episode: 382, Reward: 42.9048, success: 17, fail: 8
Episode: 383, Reward: 51.9399, success: 18, fail: 7
Episode: 384, Reward: 51.3462, success: 18, fail: 7
Episode: 385, Reward: 62.6699, success: 19, fail: 6
Episode: 386, Reward: 21.4594, success: 15, fail: 10
Episode: 387, Reward: 52.5976, success: 18, fail: 7
Episode: 388, Reward: 62.3029, success: 19, fail: 6
Episode: 389, Reward: 61.2980, success: 19, fail: 6
Episode: 390, Reward: 42.9022, success: 17, fail: 8
Episode: 391, Reward: 20.8108, success: 15, fail: 10
Episode: 392, Reward: 70.5092, success: 20, fail: 5
Episode: 393, Reward: 39.8007, success: 17, fail: 8
Episode: 394, Reward: 62.2759, success: 19, fail: 6
Episode: 395, Reward: 51.1474, success: 18, fail: 7
Episode: 396, Reward: 61.3104, success: 19, fail: 6
Episode: 397, Reward: 50.5231, success: 18, fail: 7
Episode: 398, Reward: 49.8403, success: 18, fail: 7
Episode: 399, Reward: 43.3595, success: 17, fail: 8
Episode: 400, Reward: 53.3342, success: 18, fail: 7
Episode: 401, Reward: 52.2018, success: 18, fail: 7
Episode: 402, Reward: 40.8354, success: 17, fail: 8
Episode: 403, Reward: 41.4740, success: 17, fail: 8
Episode: 404, Reward: 52.1270, success: 18, fail: 7
Episode: 405, Reward: 30.1821, success: 16, fail: 9
Episode: 406, Reward: 31.0811, success: 16, fail: 9
Episode: 407, Reward: 31.3455, success: 16, fail: 9
Episode: 408, Reward: 51.7219, success: 18, fail: 7
Episode: 409, Reward: 42.6826, success: 17, fail: 8
Episode: 410, Reward: 42.3633, success: 17, fail: 8
Episode: 411, Reward: 62.5528, success: 19, fail: 6
Episode: 412, Reward: 31.9505, success: 16, fail: 9
Episode: 413, Reward: 51.5417, success: 18, fail: 7
Episode: 414, Reward: 72.4639, success: 20, fail: 5
Episode: 415, Reward: 32.3823, success: 16, fail: 9
Episode: 416, Reward: 50.6977, success: 18, fail: 7
Episode: 417, Reward: 72.6214, success: 20, fail: 5
Episode: 418, Reward: 51.0891, success: 18, fail: 7
Episode: 419, Reward: 29.1927, success: 16, fail: 9
Episode: 420, Reward: 30.3683, success: 16, fail: 9
Episode: 421, Reward: 40.8999, success: 17, fail: 8
Episode: 422, Reward: 42.0607, success: 17, fail: 8
Episode: 423, Reward: 60.3279, success: 19, fail: 6
Episode: 424, Reward: 51.0867, success: 18, fail: 7
Episode: 425, Reward: 49.8368, success: 18, fail: 7
Episode: 426, Reward: 51.0790, success: 18, fail: 7
Episode: 427, Reward: 71.9239, success: 20, fail: 5
Episode: 428, Reward: 51.2514, success: 18, fail: 7
Episode: 429, Reward: 61.1859, success: 19, fail: 6
Episode: 430, Reward: 40.8186, success: 17, fail: 8
Episode: 431, Reward: 61.0518, success: 19, fail: 6
Episode: 432, Reward: 49.9160, success: 18, fail: 7
Episode: 433, Reward: 41.8913, success: 17, fail: 8
Episode: 434, Reward: 50.5958, success: 18, fail: 7
Episode: 435, Reward: 50.3491, success: 18, fail: 7
Episode: 436, Reward: 39.1861, success: 17, fail: 8
Episode: 437, Reward: 59.5315, success: 19, fail: 6
Episode: 438, Reward: 31.1620, success: 16, fail: 9
Episode: 439, Reward: 61.7121, success: 19, fail: 6
Episode: 440, Reward: 61.1342, success: 19, fail: 6
Episode: 441, Reward: 40.6410, success: 17, fail: 8
Episode: 442, Reward: 49.9728, success: 18, fail: 7
Episode: 443, Reward: 30.0123, success: 16, fail: 9
Episode: 444, Reward: 50.4124, success: 18, fail: 7
Episode: 445, Reward: 51.6948, success: 18, fail: 7
Episode: 446, Reward: 70.3020, success: 20, fail: 5
Episode: 447, Reward: 31.6416, success: 16, fail: 9
Episode: 448, Reward: 50.3585, success: 18, fail: 7
Episode: 449, Reward: 69.5315, success: 20, fail: 5
Episode: 450, Reward: 21.1018, success: 15, fail: 10
Episode: 451, Reward: 59.0599, success: 19, fail: 6
Episode: 452, Reward: 50.6523, success: 18, fail: 7
Episode: 453, Reward: 49.7970, success: 18, fail: 7
Episode: 454, Reward: 59.8733, success: 19, fail: 6
Episode: 455, Reward: 60.8450, success: 19, fail: 6
Episode: 456, Reward: 49.2706, success: 18, fail: 7
Episode: 457, Reward: 70.4731, success: 20, fail: 5
Episode: 458, Reward: 49.9888, success: 18, fail: 7
Episode: 459, Reward: 40.0527, success: 17, fail: 8
Episode: 460, Reward: 50.8275, success: 18, fail: 7
Episode: 461, Reward: 63.3286, success: 19, fail: 6
Episode: 462, Reward: 60.4238, success: 19, fail: 6
Episode: 463, Reward: 50.1773, success: 18, fail: 7
Episode: 464, Reward: 49.6528, success: 18, fail: 7
Episode: 465, Reward: 50.6736, success: 18, fail: 7
Episode: 466, Reward: 38.4805, success: 17, fail: 8
Episode: 467, Reward: 49.9729, success: 18, fail: 7
Episode: 468, Reward: 51.8022, success: 18, fail: 7
Episode: 469, Reward: 60.7259, success: 19, fail: 6
Episode: 470, Reward: 59.8487, success: 19, fail: 6
Episode: 471, Reward: 59.7043, success: 19, fail: 6
Episode: 472, Reward: 70.2382, success: 20, fail: 5
Episode: 473, Reward: 39.1267, success: 17, fail: 8
Episode: 474, Reward: 51.2286, success: 18, fail: 7
Episode: 475, Reward: 49.6507, success: 18, fail: 7
Episode: 476, Reward: 50.3304, success: 18, fail: 7
Episode: 477, Reward: 60.6062, success: 19, fail: 6
Episode: 478, Reward: 50.0856, success: 18, fail: 7
Episode: 479, Reward: 48.7334, success: 18, fail: 7
Episode: 480, Reward: 50.5168, success: 18, fail: 7
Episode: 481, Reward: 50.1387, success: 18, fail: 7
Episode: 482, Reward: 69.9604, success: 20, fail: 5
Episode: 483, Reward: 59.8414, success: 19, fail: 6
Episode: 484, Reward: 69.6629, success: 20, fail: 5
Episode: 485, Reward: 50.5426, success: 18, fail: 7
Episode: 486, Reward: 30.0412, success: 16, fail: 9
Episode: 487, Reward: 59.6648, success: 19, fail: 6
Episode: 488, Reward: 31.3994, success: 16, fail: 9
Episode: 489, Reward: 59.9887, success: 19, fail: 6
Episode: 490, Reward: 59.1048, success: 19, fail: 6
Episode: 491, Reward: 40.3400, success: 17, fail: 8
Episode: 492, Reward: 49.3315, success: 18, fail: 7
Episode: 493, Reward: 60.0174, success: 19, fail: 6
Episode: 494, Reward: 60.4442, success: 19, fail: 6
Episode: 495, Reward: 51.0256, success: 18, fail: 7
Episode: 496, Reward: 29.7168, success: 16, fail: 9
Episode: 497, Reward: 39.4927, success: 17, fail: 8
Episode: 498, Reward: 59.3709, success: 19, fail: 6
Episode: 499, Reward: 49.9388, success: 18, fail: 7
Episode: 500, Reward: 69.5216, success: 20, fail: 5
Episode: 501, Reward: 70.4742, success: 20, fail: 5
Episode: 502, Reward: 60.0194, success: 19, fail: 6
Episode: 503, Reward: 50.9341, success: 18, fail: 7
Episode: 504, Reward: 49.0279, success: 18, fail: 7
Episode: 505, Reward: 58.5164, success: 19, fail: 6
Episode: 506, Reward: 41.1505, success: 17, fail: 8
Episode: 507, Reward: 48.8714, success: 18, fail: 7
Episode: 508, Reward: 51.5175, success: 18, fail: 7
Episode: 509, Reward: 60.6331, success: 19, fail: 6
Episode: 510, Reward: 41.4807, success: 17, fail: 8
Episode: 511, Reward: 60.7586, success: 19, fail: 6
Episode: 512, Reward: 39.5165, success: 17, fail: 8
Episode: 513, Reward: 39.3868, success: 17, fail: 8
Episode: 514, Reward: 38.8140, success: 17, fail: 8
Episode: 515, Reward: 29.4478, success: 16, fail: 9
Episode: 516, Reward: 38.5098, success: 17, fail: 8
Episode: 517, Reward: 39.3285, success: 17, fail: 8
Episode: 518, Reward: 59.9561, success: 19, fail: 6
Episode: 519, Reward: 62.7997, success: 19, fail: 6
Episode: 520, Reward: 49.3933, success: 18, fail: 7
Episode: 521, Reward: 29.9783, success: 16, fail: 9
Episode: 522, Reward: 41.2783, success: 17, fail: 8
Episode: 523, Reward: 60.4777, success: 19, fail: 6
Episode: 524, Reward: 12.4445, success: 14, fail: 11
Episode: 525, Reward: 70.9649, success: 20, fail: 5
Episode: 526, Reward: 41.8761, success: 17, fail: 8
Episode: 527, Reward: 70.4065, success: 20, fail: 5
Episode: 528, Reward: 39.6421, success: 17, fail: 8
Episode: 529, Reward: 30.8662, success: 16, fail: 9
Episode: 530, Reward: 39.1426, success: 17, fail: 8
Episode: 531, Reward: 62.3886, success: 19, fail: 6
Episode: 532, Reward: 70.1721, success: 20, fail: 5
Episode: 533, Reward: 48.5822, success: 18, fail: 7
Episode: 534, Reward: 49.8219, success: 18, fail: 7
Episode: 535, Reward: 52.4519, success: 18, fail: 7
Episode: 536, Reward: 49.0517, success: 18, fail: 7
Episode: 537, Reward: 40.5913, success: 17, fail: 8
Episode: 538, Reward: 38.5236, success: 17, fail: 8
Episode: 539, Reward: 60.5793, success: 19, fail: 6
Episode: 540, Reward: 41.5525, success: 17, fail: 8
Episode: 541, Reward: 50.6316, success: 18, fail: 7
Episode: 542, Reward: 42.0781, success: 17, fail: 8
Episode: 543, Reward: 38.2457, success: 17, fail: 8
Episode: 544, Reward: 41.6461, success: 17, fail: 8
Episode: 545, Reward: 61.2240, success: 19, fail: 6
Episode: 546, Reward: 50.7996, success: 18, fail: 7
Episode: 547, Reward: 50.9513, success: 18, fail: 7
Episode: 548, Reward: 60.9679, success: 19, fail: 6
Episode: 549, Reward: 40.8412, success: 17, fail: 8
Episode: 550, Reward: 42.5524, success: 17, fail: 8
Episode: 551, Reward: 61.3499, success: 19, fail: 6
Episode: 552, Reward: 41.4224, success: 17, fail: 8
Episode: 553, Reward: 51.4541, success: 18, fail: 7
Episode: 554, Reward: 63.4987, success: 19, fail: 6
Episode: 555, Reward: 70.8359, success: 20, fail: 5
Episode: 556, Reward: 61.7404, success: 19, fail: 6
Episode: 557, Reward: 43.4107, success: 17, fail: 8
Episode: 558, Reward: 49.9661, success: 18, fail: 7
Episode: 559, Reward: 41.7758, success: 17, fail: 8
Episode: 560, Reward: 30.4146, success: 16, fail: 9
Episode: 561, Reward: 31.5163, success: 16, fail: 9
Episode: 562, Reward: 29.5665, success: 16, fail: 9
Episode: 563, Reward: 62.9318, success: 19, fail: 6
Episode: 564, Reward: 41.6295, success: 17, fail: 8
Episode: 565, Reward: 42.4719, success: 17, fail: 8
Episode: 566, Reward: 32.1907, success: 16, fail: 9
Episode: 567, Reward: 41.2563, success: 17, fail: 8
Episode: 568, Reward: 31.3482, success: 16, fail: 9
Episode: 569, Reward: 52.7768, success: 18, fail: 7
Episode: 570, Reward: 32.0938, success: 16, fail: 9
Episode: 571, Reward: 60.6402, success: 19, fail: 6
Episode: 572, Reward: 61.6065, success: 19, fail: 6
Episode: 573, Reward: 72.6296, success: 20, fail: 5
Episode: 574, Reward: 51.4584, success: 18, fail: 7
Episode: 575, Reward: 53.2720, success: 18, fail: 7
Episode: 576, Reward: 41.0920, success: 17, fail: 8
Episode: 577, Reward: 41.9072, success: 17, fail: 8
Episode: 578, Reward: 31.9479, success: 16, fail: 9
Episode: 579, Reward: 51.7589, success: 18, fail: 7
Episode: 580, Reward: 50.5685, success: 18, fail: 7
Episode: 581, Reward: 51.0446, success: 18, fail: 7
Episode: 582, Reward: 49.5697, success: 18, fail: 7
Episode: 583, Reward: 50.3813, success: 18, fail: 7
Episode: 584, Reward: 61.4607, success: 19, fail: 6
Episode: 585, Reward: 41.5039, success: 17, fail: 8
Episode: 586, Reward: 41.3835, success: 17, fail: 8
Episode: 587, Reward: 61.0494, success: 19, fail: 6
Episode: 588, Reward: 43.2471, success: 17, fail: 8
Episode: 589, Reward: 62.5357, success: 19, fail: 6
Episode: 590, Reward: 53.0849, success: 18, fail: 7
Episode: 591, Reward: 22.6207, success: 15, fail: 10
Episode: 592, Reward: 62.0209, success: 19, fail: 6
Episode: 593, Reward: 29.8791, success: 16, fail: 9
Episode: 594, Reward: 41.6036, success: 17, fail: 8
Episode: 595, Reward: 22.2096, success: 15, fail: 10
Episode: 596, Reward: 51.2922, success: 18, fail: 7
Episode: 597, Reward: 51.5483, success: 18, fail: 7
Episode: 598, Reward: 52.4756, success: 18, fail: 7
Episode: 599, Reward: 51.5821, success: 18, fail: 7
Episode: 600, Reward: 50.7713, success: 18, fail: 7
Episode: 601, Reward: 50.6292, success: 18, fail: 7
Episode: 602, Reward: 52.9276, success: 18, fail: 7
Episode: 603, Reward: 51.4672, success: 18, fail: 7
Episode: 604, Reward: 52.3978, success: 18, fail: 7
Episode: 605, Reward: 31.7067, success: 16, fail: 9
Episode: 606, Reward: 59.0687, success: 19, fail: 6
Episode: 607, Reward: 49.5726, success: 18, fail: 7
Episode: 608, Reward: 51.8500, success: 18, fail: 7
Episode: 609, Reward: 40.7783, success: 17, fail: 8
Episode: 610, Reward: 31.1148, success: 16, fail: 9
Episode: 611, Reward: 62.9674, success: 19, fail: 6
Episode: 612, Reward: 62.1877, success: 19, fail: 6
Episode: 613, Reward: 41.9232, success: 17, fail: 8
Episode: 614, Reward: 52.1426, success: 18, fail: 7
Episode: 615, Reward: 72.2267, success: 20, fail: 5
Episode: 616, Reward: 41.2735, success: 17, fail: 8
Episode: 617, Reward: 61.6029, success: 19, fail: 6
Episode: 618, Reward: 43.3277, success: 17, fail: 8
Episode: 619, Reward: 30.9044, success: 16, fail: 9
Episode: 620, Reward: 40.7321, success: 17, fail: 8
Episode: 621, Reward: 51.0982, success: 18, fail: 7
Episode: 622, Reward: 52.0027, success: 18, fail: 7
Episode: 623, Reward: 42.1953, success: 17, fail: 8
Episode: 624, Reward: 51.7158, success: 18, fail: 7
Episode: 625, Reward: 63.3901, success: 19, fail: 6
Episode: 626, Reward: 62.2128, success: 19, fail: 6
Episode: 627, Reward: 51.9267, success: 18, fail: 7
Episode: 628, Reward: 53.0051, success: 18, fail: 7
Episode: 629, Reward: 42.3235, success: 17, fail: 8
Episode: 630, Reward: 50.9992, success: 18, fail: 7
Episode: 631, Reward: 41.9487, success: 17, fail: 8
Episode: 632, Reward: 20.6281, success: 15, fail: 10
Episode: 633, Reward: 53.7356, success: 18, fail: 7
Episode: 634, Reward: 51.9040, success: 18, fail: 7
Episode: 635, Reward: 52.1145, success: 18, fail: 7
Episode: 636, Reward: 42.1448, success: 17, fail: 8
Episode: 637, Reward: 31.7826, success: 16, fail: 9
Episode: 638, Reward: 41.6763, success: 17, fail: 8
Episode: 639, Reward: 73.3620, success: 20, fail: 5
Episode: 640, Reward: 61.3883, success: 19, fail: 6
Episode: 641, Reward: 32.2694, success: 16, fail: 9
Episode: 642, Reward: 41.3225, success: 17, fail: 8
Episode: 643, Reward: 22.6844, success: 15, fail: 10
Episode: 644, Reward: 62.8272, success: 19, fail: 6
Episode: 645, Reward: 50.1189, success: 18, fail: 7
Episode: 646, Reward: 34.1319, success: 16, fail: 9
Episode: 647, Reward: 42.6546, success: 17, fail: 8
Episode: 648, Reward: 53.4368, success: 18, fail: 7
Episode: 649, Reward: 52.0320, success: 18, fail: 7
Episode: 650, Reward: 54.0301, success: 18, fail: 7
Episode: 651, Reward: 42.0262, success: 17, fail: 8
Episode: 652, Reward: 51.6950, success: 18, fail: 7
Episode: 653, Reward: 51.7761, success: 18, fail: 7
Episode: 654, Reward: 52.1489, success: 18, fail: 7
Episode: 655, Reward: 71.0804, success: 20, fail: 5
Episode: 656, Reward: 62.4867, success: 19, fail: 6
Episode: 657, Reward: 31.2453, success: 16, fail: 9
Episode: 658, Reward: 52.9323, success: 18, fail: 7
Episode: 659, Reward: 42.2588, success: 17, fail: 8
Episode: 660, Reward: 50.9434, success: 18, fail: 7
Episode: 661, Reward: 81.8319, success: 21, fail: 4
Episode: 662, Reward: 52.2202, success: 18, fail: 7
Episode: 663, Reward: 42.2233, success: 17, fail: 8
Episode: 664, Reward: 53.0717, success: 18, fail: 7
Episode: 665, Reward: 52.0394, success: 18, fail: 7
Episode: 666, Reward: 73.1697, success: 20, fail: 5
Episode: 667, Reward: 51.6611, success: 18, fail: 7
Episode: 668, Reward: 31.3221, success: 16, fail: 9
Episode: 669, Reward: 51.5208, success: 18, fail: 7
Episode: 670, Reward: 61.7694, success: 19, fail: 6
Episode: 671, Reward: 42.0805, success: 17, fail: 8
Episode: 672, Reward: 61.7839, success: 19, fail: 6
Episode: 673, Reward: 49.4622, success: 18, fail: 7
Episode: 674, Reward: 63.2680, success: 19, fail: 6
Episode: 675, Reward: 61.0691, success: 19, fail: 6
Episode: 676, Reward: 22.4813, success: 15, fail: 10
Episode: 677, Reward: 40.8780, success: 17, fail: 8
Episode: 678, Reward: 42.5411, success: 17, fail: 8
Episode: 679, Reward: 41.5367, success: 17, fail: 8
Episode: 680, Reward: 51.9802, success: 18, fail: 7
Episode: 681, Reward: 62.6646, success: 19, fail: 6
Episode: 682, Reward: 52.5810, success: 18, fail: 7
Episode: 683, Reward: 31.7559, success: 16, fail: 9
Episode: 684, Reward: 22.7480, success: 15, fail: 10
Episode: 685, Reward: 41.3709, success: 17, fail: 8
Episode: 686, Reward: 31.6296, success: 16, fail: 9
Episode: 687, Reward: 54.6323, success: 18, fail: 7
Episode: 688, Reward: 42.4352, success: 17, fail: 8
Episode: 689, Reward: 43.3149, success: 17, fail: 8
Episode: 690, Reward: 52.2802, success: 18, fail: 7
Episode: 691, Reward: 42.2082, success: 17, fail: 8
Episode: 692, Reward: 32.2779, success: 16, fail: 9
Episode: 693, Reward: 32.7263, success: 16, fail: 9
Episode: 694, Reward: 52.9890, success: 18, fail: 7
Episode: 695, Reward: 63.8567, success: 19, fail: 6
Episode: 696, Reward: 33.6761, success: 16, fail: 9
Episode: 697, Reward: 43.7365, success: 17, fail: 8
Episode: 698, Reward: 54.2893, success: 18, fail: 7
Episode: 699, Reward: 41.8558, success: 17, fail: 8
Episode: 700, Reward: 62.5599, success: 19, fail: 6
Episode: 701, Reward: 32.5811, success: 16, fail: 9
Episode: 702, Reward: 32.8455, success: 16, fail: 9
Episode: 703, Reward: 42.3313, success: 17, fail: 8
Episode: 704, Reward: 42.9307, success: 17, fail: 8
Episode: 705, Reward: 64.6733, success: 19, fail: 6
Episode: 706, Reward: 43.0971, success: 17, fail: 8
Episode: 707, Reward: 64.1131, success: 19, fail: 6
Episode: 708, Reward: 63.6261, success: 19, fail: 6
Episode: 709, Reward: 53.4966, success: 18, fail: 7
Episode: 710, Reward: 53.5865, success: 18, fail: 7
Episode: 711, Reward: 62.1293, success: 19, fail: 6
Episode: 712, Reward: 62.4837, success: 19, fail: 6
Episode: 713, Reward: 44.5549, success: 17, fail: 8
Episode: 714, Reward: 73.3436, success: 20, fail: 5
Episode: 715, Reward: 33.0986, success: 16, fail: 9
Episode: 716, Reward: 52.7502, success: 18, fail: 7
Episode: 717, Reward: 63.9379, success: 19, fail: 6
Episode: 718, Reward: 64.0460, success: 19, fail: 6
Episode: 719, Reward: 63.2351, success: 19, fail: 6
Episode: 720, Reward: 51.6621, success: 18, fail: 7
Episode: 721, Reward: 53.0784, success: 18, fail: 7
Episode: 722, Reward: 53.3541, success: 18, fail: 7
Episode: 723, Reward: 23.8360, success: 15, fail: 10
Episode: 724, Reward: 52.3229, success: 18, fail: 7
Episode: 725, Reward: 32.2544, success: 16, fail: 9
Episode: 726, Reward: 33.2476, success: 16, fail: 9
Episode: 727, Reward: 63.8822, success: 19, fail: 6
Episode: 728, Reward: 63.0000, success: 19, fail: 6
Episode: 729, Reward: 43.7551, success: 17, fail: 8
Episode: 730, Reward: 33.3852, success: 16, fail: 9
Episode: 731, Reward: 53.2605, success: 18, fail: 7
Episode: 732, Reward: 62.1418, success: 19, fail: 6
Episode: 733, Reward: 32.2882, success: 16, fail: 9
Episode: 734, Reward: 21.7741, success: 15, fail: 10
Episode: 735, Reward: 53.1191, success: 18, fail: 7
Episode: 736, Reward: 42.5546, success: 17, fail: 8
Episode: 737, Reward: 32.2348, success: 16, fail: 9
Episode: 738, Reward: 22.8900, success: 15, fail: 10
Episode: 739, Reward: 62.4366, success: 19, fail: 6
Episode: 740, Reward: 41.4185, success: 17, fail: 8
Episode: 741, Reward: 32.3861, success: 16, fail: 9
Episode: 742, Reward: 33.7277, success: 16, fail: 9
Episode: 743, Reward: 52.7550, success: 18, fail: 7
Episode: 744, Reward: 54.1131, success: 18, fail: 7
Episode: 745, Reward: 63.3647, success: 19, fail: 6
Episode: 746, Reward: 54.0445, success: 18, fail: 7
Episode: 747, Reward: 32.7041, success: 16, fail: 9
Episode: 748, Reward: 22.5984, success: 15, fail: 10
Episode: 749, Reward: 42.7780, success: 17, fail: 8
Episode: 750, Reward: 43.6117, success: 17, fail: 8
Episode: 751, Reward: 75.0109, success: 20, fail: 5
Episode: 752, Reward: 64.8010, success: 19, fail: 6
Episode: 753, Reward: 53.1283, success: 18, fail: 7
Episode: 754, Reward: 32.7439, success: 16, fail: 9
Episode: 755, Reward: 63.3899, success: 19, fail: 6
Episode: 756, Reward: 32.4564, success: 16, fail: 9
Episode: 757, Reward: 43.0143, success: 17, fail: 8
Episode: 758, Reward: 72.4031, success: 20, fail: 5
Episode: 759, Reward: 32.8326, success: 16, fail: 9
Episode: 760, Reward: 44.9282, success: 17, fail: 8
Episode: 761, Reward: 43.9265, success: 17, fail: 8
Episode: 762, Reward: 31.8388, success: 16, fail: 9
Episode: 763, Reward: 42.5999, success: 17, fail: 8
Episode: 764, Reward: 52.6399, success: 18, fail: 7
Episode: 765, Reward: 42.9091, success: 17, fail: 8
Episode: 766, Reward: 62.8795, success: 19, fail: 6
Episode: 767, Reward: 53.3242, success: 18, fail: 7
Episode: 768, Reward: 52.7767, success: 18, fail: 7
Episode: 769, Reward: 33.2317, success: 16, fail: 9
Episode: 770, Reward: 42.4751, success: 17, fail: 8
Episode: 771, Reward: 22.5290, success: 15, fail: 10
Episode: 772, Reward: 43.1221, success: 17, fail: 8
Episode: 773, Reward: 52.2961, success: 18, fail: 7
Episode: 774, Reward: 53.8708, success: 18, fail: 7
Episode: 775, Reward: 44.1381, success: 17, fail: 8
Episode: 776, Reward: 33.0333, success: 16, fail: 9
Episode: 777, Reward: 42.8992, success: 17, fail: 8
Episode: 778, Reward: 74.3995, success: 20, fail: 5
Episode: 779, Reward: 64.3104, success: 19, fail: 6
Episode: 780, Reward: 74.4870, success: 20, fail: 5
Episode: 781, Reward: 45.3123, success: 17, fail: 8
Episode: 782, Reward: 53.4182, success: 18, fail: 7
Episode: 783, Reward: 32.3758, success: 16, fail: 9
Episode: 784, Reward: 54.3549, success: 18, fail: 7
Episode: 785, Reward: 64.9278, success: 19, fail: 6
Episode: 786, Reward: 33.3779, success: 16, fail: 9
Episode: 787, Reward: 33.2698, success: 16, fail: 9
Episode: 788, Reward: 55.4662, success: 18, fail: 7
Episode: 789, Reward: 51.9784, success: 18, fail: 7
Episode: 790, Reward: 34.9700, success: 16, fail: 9
Episode: 791, Reward: 44.2216, success: 17, fail: 8
Episode: 792, Reward: 43.8936, success: 17, fail: 8
Episode: 793, Reward: 43.1458, success: 17, fail: 8
Episode: 794, Reward: 82.3150, success: 21, fail: 4
Episode: 795, Reward: 44.5046, success: 17, fail: 8
Episode: 796, Reward: 63.8865, success: 19, fail: 6
Episode: 797, Reward: 24.6733, success: 15, fail: 10
Episode: 798, Reward: 42.1123, success: 17, fail: 8
Episode: 799, Reward: 41.8220, success: 17, fail: 8
Episode: 800, Reward: 63.8728, success: 19, fail: 6
Episode: 801, Reward: 43.7964, success: 17, fail: 8
Episode: 802, Reward: 14.7713, success: 14, fail: 11
Episode: 803, Reward: 24.1923, success: 15, fail: 10
Episode: 804, Reward: 42.1165, success: 17, fail: 8
Episode: 805, Reward: 61.9059, success: 19, fail: 6
Episode: 806, Reward: 74.3029, success: 20, fail: 5
Episode: 807, Reward: 52.9176, success: 18, fail: 7
Episode: 808, Reward: 2.6979, success: 13, fail: 12
Episode: 809, Reward: 42.7689, success: 17, fail: 8
Episode: 810, Reward: 43.6047, success: 17, fail: 8
Episode: 811, Reward: 33.8992, success: 16, fail: 9
Episode: 812, Reward: 43.7912, success: 17, fail: 8
Episode: 813, Reward: 24.1458, success: 15, fail: 10
Episode: 814, Reward: 63.7184, success: 19, fail: 6
Episode: 815, Reward: 52.5580, success: 18, fail: 7
Episode: 816, Reward: 52.9638, success: 18, fail: 7
Episode: 817, Reward: 51.8683, success: 18, fail: 7
Episode: 818, Reward: 52.9689, success: 18, fail: 7
Episode: 819, Reward: 54.9411, success: 18, fail: 7
Episode: 820, Reward: 43.9270, success: 17, fail: 8
Episode: 821, Reward: 54.3443, success: 18, fail: 7
Episode: 822, Reward: 62.3856, success: 19, fail: 6
Episode: 823, Reward: 33.7370, success: 16, fail: 9
Episode: 824, Reward: 42.2095, success: 17, fail: 8
Episode: 825, Reward: 52.8306, success: 18, fail: 7
Episode: 826, Reward: 33.8682, success: 16, fail: 9
Episode: 827, Reward: 43.0371, success: 17, fail: 8
Episode: 828, Reward: 53.5922, success: 18, fail: 7
Episode: 829, Reward: 52.7053, success: 18, fail: 7
Episode: 830, Reward: 43.3699, success: 17, fail: 8
Episode: 831, Reward: 54.9183, success: 18, fail: 7
Episode: 832, Reward: 32.5248, success: 16, fail: 9
Episode: 833, Reward: 53.0838, success: 18, fail: 7
Episode: 834, Reward: 52.9069, success: 18, fail: 7
Episode: 835, Reward: 44.9514, success: 17, fail: 8
Episode: 836, Reward: 64.1653, success: 19, fail: 6
Episode: 837, Reward: 63.6776, success: 19, fail: 6
Episode: 838, Reward: 44.0458, success: 17, fail: 8
Episode: 839, Reward: 32.9882, success: 16, fail: 9
Episode: 840, Reward: 73.5553, success: 20, fail: 5
Episode: 841, Reward: 24.5087, success: 15, fail: 10
Episode: 842, Reward: 43.2388, success: 17, fail: 8
Episode: 843, Reward: 53.5056, success: 18, fail: 7
Episode: 844, Reward: 43.3498, success: 17, fail: 8
Episode: 845, Reward: 35.2196, success: 16, fail: 9
Episode: 846, Reward: 74.2277, success: 20, fail: 5
Episode: 847, Reward: 63.2310, success: 19, fail: 6
Episode: 848, Reward: 43.2850, success: 17, fail: 8
Episode: 849, Reward: 42.8291, success: 17, fail: 8
Episode: 850, Reward: 41.7893, success: 17, fail: 8
Episode: 851, Reward: 34.1138, success: 16, fail: 9
Episode: 852, Reward: 32.2827, success: 16, fail: 9
Episode: 853, Reward: 32.8617, success: 16, fail: 9
Episode: 854, Reward: 24.4893, success: 15, fail: 10
Episode: 855, Reward: 34.4279, success: 16, fail: 9
Episode: 856, Reward: 52.5018, success: 18, fail: 7
Episode: 857, Reward: 42.9830, success: 17, fail: 8
Episode: 858, Reward: 54.2247, success: 18, fail: 7
Episode: 859, Reward: 43.8968, success: 17, fail: 8
Episode: 860, Reward: 43.8391, success: 17, fail: 8
Episode: 861, Reward: 63.8901, success: 19, fail: 6
Episode: 862, Reward: 53.6487, success: 18, fail: 7
Episode: 863, Reward: 44.4922, success: 17, fail: 8
Episode: 864, Reward: 44.2198, success: 17, fail: 8
Episode: 865, Reward: 42.3674, success: 17, fail: 8
Episode: 866, Reward: 44.5988, success: 17, fail: 8
Episode: 867, Reward: 51.2285, success: 18, fail: 7
Episode: 868, Reward: 73.5262, success: 20, fail: 5
Episode: 869, Reward: 51.8950, success: 18, fail: 7
Episode: 870, Reward: 33.9955, success: 16, fail: 9
Episode: 871, Reward: 44.4744, success: 17, fail: 8
Episode: 872, Reward: 64.0909, success: 19, fail: 6
Episode: 873, Reward: 34.6006, success: 16, fail: 9
Episode: 874, Reward: 52.8304, success: 18, fail: 7
Episode: 875, Reward: 43.3612, success: 17, fail: 8
Episode: 876, Reward: 65.5361, success: 19, fail: 6
Episode: 877, Reward: 63.3650, success: 19, fail: 6
Episode: 878, Reward: 53.2873, success: 18, fail: 7
Episode: 879, Reward: 45.9382, success: 17, fail: 8
Episode: 880, Reward: 54.3404, success: 18, fail: 7
Episode: 881, Reward: 53.2839, success: 18, fail: 7
Episode: 882, Reward: 74.3298, success: 20, fail: 5
Episode: 883, Reward: 64.8255, success: 19, fail: 6
Episode: 884, Reward: 53.0362, success: 18, fail: 7
Episode: 885, Reward: 63.6075, success: 19, fail: 6
Episode: 886, Reward: 42.5854, success: 17, fail: 8
Episode: 887, Reward: 53.8499, success: 18, fail: 7
Episode: 888, Reward: 54.1157, success: 18, fail: 7
Episode: 889, Reward: 54.2139, success: 18, fail: 7
Episode: 890, Reward: 23.7284, success: 15, fail: 10
Episode: 891, Reward: 51.3151, success: 18, fail: 7
Episode: 892, Reward: 54.1783, success: 18, fail: 7
Episode: 893, Reward: 33.4988, success: 16, fail: 9
Episode: 894, Reward: 44.0425, success: 17, fail: 8
Episode: 895, Reward: 33.6079, success: 16, fail: 9
Episode: 896, Reward: 53.6808, success: 18, fail: 7
Episode: 897, Reward: 62.9324, success: 19, fail: 6
Episode: 898, Reward: 65.0947, success: 19, fail: 6
Episode: 899, Reward: 63.5880, success: 19, fail: 6
Episode: 900, Reward: 53.4096, success: 18, fail: 7
Episode: 901, Reward: 64.4324, success: 19, fail: 6
Episode: 902, Reward: 34.2350, success: 16, fail: 9
Episode: 903, Reward: 71.8872, success: 20, fail: 5
Episode: 904, Reward: 54.9852, success: 18, fail: 7
Episode: 905, Reward: 53.5801, success: 18, fail: 7
Episode: 906, Reward: 34.6495, success: 16, fail: 9
Episode: 907, Reward: 72.3201, success: 20, fail: 5
Episode: 908, Reward: 44.0053, success: 17, fail: 8
Episode: 909, Reward: 44.2762, success: 17, fail: 8
Episode: 910, Reward: 45.0716, success: 17, fail: 8
Episode: 911, Reward: 53.8640, success: 18, fail: 7
Episode: 912, Reward: 52.9969, success: 18, fail: 7
Episode: 913, Reward: 44.9337, success: 17, fail: 8
Episode: 914, Reward: 54.6451, success: 18, fail: 7
Episode: 915, Reward: 42.4799, success: 17, fail: 8
Episode: 916, Reward: 44.1728, success: 17, fail: 8
Episode: 917, Reward: 21.5954, success: 15, fail: 10
Episode: 918, Reward: 55.2237, success: 18, fail: 7
Episode: 919, Reward: 33.4479, success: 16, fail: 9
Episode: 920, Reward: 42.2772, success: 17, fail: 8
Episode: 921, Reward: 52.8596, success: 18, fail: 7
Episode: 922, Reward: 63.3426, success: 19, fail: 6
Episode: 923, Reward: 63.0557, success: 19, fail: 6
Episode: 924, Reward: 34.4276, success: 16, fail: 9
Episode: 925, Reward: 32.2167, success: 16, fail: 9
Episode: 926, Reward: 22.8338, success: 15, fail: 10
Episode: 927, Reward: 63.5174, success: 19, fail: 6
Episode: 928, Reward: 53.0244, success: 18, fail: 7
Episode: 929, Reward: 33.1803, success: 16, fail: 9
Episode: 930, Reward: 13.2946, success: 14, fail: 11
Episode: 931, Reward: 44.7769, success: 17, fail: 8
Episode: 932, Reward: 64.9305, success: 19, fail: 6
Episode: 933, Reward: 55.2929, success: 18, fail: 7
Episode: 934, Reward: 55.3876, success: 18, fail: 7
Episode: 935, Reward: 32.0887, success: 16, fail: 9
Episode: 936, Reward: 63.7129, success: 19, fail: 6
Episode: 937, Reward: 53.0752, success: 18, fail: 7
Episode: 938, Reward: 51.1935, success: 18, fail: 7
Episode: 939, Reward: 43.8374, success: 17, fail: 8
Episode: 940, Reward: 33.8970, success: 16, fail: 9
Episode: 941, Reward: 43.7439, success: 17, fail: 8
Episode: 942, Reward: 75.7946, success: 20, fail: 5
Episode: 943, Reward: 44.6717, success: 17, fail: 8
Episode: 944, Reward: 64.3375, success: 19, fail: 6
Episode: 945, Reward: 43.4531, success: 17, fail: 8
Episode: 946, Reward: 44.2627, success: 17, fail: 8
Episode: 947, Reward: 55.9237, success: 18, fail: 7
Episode: 948, Reward: 43.0157, success: 17, fail: 8
Episode: 949, Reward: 74.5467, success: 20, fail: 5
Episode: 950, Reward: 44.2041, success: 17, fail: 8
Episode: 951, Reward: 53.4844, success: 18, fail: 7
Episode: 952, Reward: 52.8963, success: 18, fail: 7
Episode: 953, Reward: 44.0470, success: 17, fail: 8
Episode: 954, Reward: 43.1483, success: 17, fail: 8
Episode: 955, Reward: 65.1583, success: 19, fail: 6
Episode: 956, Reward: 44.8239, success: 17, fail: 8
Episode: 957, Reward: 55.3432, success: 18, fail: 7
Episode: 958, Reward: 64.2106, success: 19, fail: 6
Episode: 959, Reward: 34.4237, success: 16, fail: 9
Episode: 960, Reward: 64.8647, success: 19, fail: 6
Episode: 961, Reward: 53.8733, success: 18, fail: 7
Episode: 962, Reward: 62.6499, success: 19, fail: 6
Episode: 963, Reward: 64.5045, success: 19, fail: 6
Episode: 964, Reward: 74.9368, success: 20, fail: 5
Episode: 965, Reward: 55.2746, success: 18, fail: 7
Episode: 966, Reward: 44.1821, success: 17, fail: 8
Episode: 967, Reward: 74.5894, success: 20, fail: 5
Episode: 968, Reward: 53.3218, success: 18, fail: 7
Episode: 969, Reward: 44.3892, success: 17, fail: 8
Episode: 970, Reward: 43.4341, success: 17, fail: 8
Episode: 971, Reward: 44.8763, success: 17, fail: 8
Episode: 972, Reward: 73.9375, success: 20, fail: 5
Episode: 973, Reward: 42.7323, success: 17, fail: 8
Episode: 974, Reward: 51.9107, success: 18, fail: 7
Episode: 975, Reward: 44.6783, success: 17, fail: 8
Episode: 976, Reward: 33.4048, success: 16, fail: 9
Episode: 977, Reward: 33.4934, success: 16, fail: 9
Episode: 978, Reward: 44.0320, success: 17, fail: 8
Episode: 979, Reward: 43.8176, success: 17, fail: 8
Episode: 980, Reward: 53.8790, success: 18, fail: 7
Episode: 981, Reward: 43.0594, success: 17, fail: 8
Episode: 982, Reward: 45.6820, success: 17, fail: 8
Episode: 983, Reward: 43.2084, success: 17, fail: 8
Episode: 984, Reward: 42.2840, success: 17, fail: 8
Episode: 985, Reward: 73.5374, success: 20, fail: 5
Episode: 986, Reward: 43.7849, success: 17, fail: 8
Episode: 987, Reward: 41.3482, success: 17, fail: 8
Episode: 988, Reward: 43.2994, success: 17, fail: 8
Episode: 989, Reward: 53.5964, success: 18, fail: 7
Episode: 990, Reward: 54.2707, success: 18, fail: 7
Episode: 991, Reward: 53.4244, success: 18, fail: 7
Episode: 992, Reward: 42.0675, success: 17, fail: 8
Episode: 993, Reward: 54.1106, success: 18, fail: 7
Episode: 994, Reward: 72.9345, success: 20, fail: 5
Episode: 995, Reward: 64.2158, success: 19, fail: 6
Episode: 996, Reward: 42.8386, success: 17, fail: 8
Episode: 997, Reward: 52.0471, success: 18, fail: 7
Episode: 998, Reward: 62.7482, success: 19, fail: 6
Episode: 999, Reward: 63.5906, success: 19, fail: 6
Episode: 1000, Reward: 51.8278, success: 18, fail: 7
Episode: 1001, Reward: 43.6490, success: 17, fail: 8
Episode: 1002, Reward: 52.2271, success: 18, fail: 7
Episode: 1003, Reward: 43.2136, success: 17, fail: 8
Episode: 1004, Reward: 51.9702, success: 18, fail: 7
Episode: 1005, Reward: 62.9854, success: 19, fail: 6
Episode: 1006, Reward: 52.7769, success: 18, fail: 7
Episode: 1007, Reward: 62.9439, success: 19, fail: 6
Episode: 1008, Reward: 63.2912, success: 19, fail: 6
Episode: 1009, Reward: 43.2561, success: 17, fail: 8
Episode: 1010, Reward: 62.1888, success: 19, fail: 6
Episode: 1011, Reward: 43.4417, success: 17, fail: 8
Episode: 1012, Reward: 52.9014, success: 18, fail: 7
Episode: 1013, Reward: 62.0705, success: 19, fail: 6
Episode: 1014, Reward: 70.9695, success: 20, fail: 5
Episode: 1015, Reward: 62.9490, success: 19, fail: 6
Episode: 1016, Reward: 52.1221, success: 18, fail: 7
Episode: 1017, Reward: 73.2362, success: 20, fail: 5
Episode: 1018, Reward: 63.7100, success: 19, fail: 6
Episode: 1019, Reward: 62.5172, success: 19, fail: 6
Episode: 1020, Reward: 61.9779, success: 19, fail: 6
Episode: 1021, Reward: 43.0978, success: 17, fail: 8
Episode: 1022, Reward: 42.3993, success: 17, fail: 8
Episode: 1023, Reward: 72.3335, success: 20, fail: 5
Episode: 1024, Reward: 72.6613, success: 20, fail: 5
Episode: 1025, Reward: 31.5101, success: 16, fail: 9
Episode: 1026, Reward: 30.8887, success: 16, fail: 9
Episode: 1027, Reward: 80.6097, success: 21, fail: 4
Episode: 1028, Reward: 40.5531, success: 17, fail: 8
Episode: 1029, Reward: 31.4757, success: 16, fail: 9
Episode: 1030, Reward: 43.1431, success: 17, fail: 8
Episode: 1031, Reward: 62.8827, success: 19, fail: 6
Episode: 1032, Reward: 62.3734, success: 19, fail: 6
Episode: 1033, Reward: 53.5702, success: 18, fail: 7
Episode: 1034, Reward: 33.3036, success: 16, fail: 9
Episode: 1035, Reward: 32.5081, success: 16, fail: 9
Episode: 1036, Reward: 23.2972, success: 15, fail: 10
Episode: 1037, Reward: 42.6256, success: 17, fail: 8
Episode: 1038, Reward: 54.8415, success: 18, fail: 7
Episode: 1039, Reward: 54.9826, success: 18, fail: 7
Episode: 1040, Reward: 51.1022, success: 18, fail: 7
Episode: 1041, Reward: 43.7753, success: 17, fail: 8
Episode: 1042, Reward: 62.3052, success: 19, fail: 6
Episode: 1043, Reward: 52.8533, success: 18, fail: 7
Episode: 1044, Reward: 63.0353, success: 19, fail: 6
Episode: 1045, Reward: 73.3228, success: 20, fail: 5
Episode: 1046, Reward: 53.5956, success: 18, fail: 7
Episode: 1047, Reward: 43.0766, success: 17, fail: 8
Episode: 1048, Reward: 52.6599, success: 18, fail: 7
Episode: 1049, Reward: 54.9305, success: 18, fail: 7
Episode: 1050, Reward: 33.4778, success: 16, fail: 9
Episode: 1051, Reward: 54.0138, success: 18, fail: 7
Episode: 1052, Reward: 52.6879, success: 18, fail: 7
Episode: 1053, Reward: 43.5735, success: 17, fail: 8
Episode: 1054, Reward: 54.2140, success: 18, fail: 7
Episode: 1055, Reward: 42.4131, success: 17, fail: 8
Episode: 1056, Reward: 64.2223, success: 19, fail: 6
Episode: 1057, Reward: 74.5502, success: 20, fail: 5
Episode: 1058, Reward: 42.2365, success: 17, fail: 8
Episode: 1059, Reward: 64.0988, success: 19, fail: 6
Episode: 1060, Reward: 62.5477, success: 19, fail: 6
Episode: 1061, Reward: 62.2742, success: 19, fail: 6
Episode: 1062, Reward: 43.0562, success: 17, fail: 8
Episode: 1063, Reward: 63.3219, success: 19, fail: 6
Episode: 1064, Reward: 63.5873, success: 19, fail: 6
Episode: 1065, Reward: 43.2511, success: 17, fail: 8
Episode: 1066, Reward: 53.6061, success: 18, fail: 7
Episode: 1067, Reward: 63.1555, success: 19, fail: 6
Episode: 1068, Reward: 43.3244, success: 17, fail: 8
Episode: 1069, Reward: 43.2969, success: 17, fail: 8
Episode: 1070, Reward: 52.5166, success: 18, fail: 7
Episode: 1071, Reward: 23.7039, success: 15, fail: 10
Episode: 1072, Reward: 52.1813, success: 18, fail: 7
Episode: 1073, Reward: 53.2653, success: 18, fail: 7
Episode: 1074, Reward: 52.9095, success: 18, fail: 7
Episode: 1075, Reward: 62.0946, success: 19, fail: 6
Episode: 1076, Reward: 61.0827, success: 19, fail: 6
Episode: 1077, Reward: 53.6315, success: 18, fail: 7
Episode: 1078, Reward: 61.9287, success: 19, fail: 6
Episode: 1079, Reward: 52.5819, success: 18, fail: 7
Episode: 1080, Reward: 52.4522, success: 18, fail: 7
Episode: 1081, Reward: 42.5244, success: 17, fail: 8
Episode: 1082, Reward: 43.5403, success: 17, fail: 8
Episode: 1083, Reward: 71.9210, success: 20, fail: 5
Episode: 1084, Reward: 72.6777, success: 20, fail: 5
Episode: 1085, Reward: 52.9609, success: 18, fail: 7
Episode: 1086, Reward: 34.1979, success: 16, fail: 9
Episode: 1087, Reward: 73.4149, success: 20, fail: 5
Episode: 1088, Reward: 63.6426, success: 19, fail: 6
Episode: 1089, Reward: 31.6759, success: 16, fail: 9
Episode: 1090, Reward: 42.9070, success: 17, fail: 8
Episode: 1091, Reward: 63.4287, success: 19, fail: 6
Episode: 1092, Reward: 53.5374, success: 18, fail: 7
Episode: 1093, Reward: 53.7503, success: 18, fail: 7
Episode: 1094, Reward: 62.4915, success: 19, fail: 6
Episode: 1095, Reward: 73.5647, success: 20, fail: 5
Episode: 1096, Reward: 43.1191, success: 17, fail: 8
Episode: 1097, Reward: 51.4907, success: 18, fail: 7
Episode: 1098, Reward: 42.7141, success: 17, fail: 8
Episode: 1099, Reward: 63.2335, success: 19, fail: 6
Episode: 1100, Reward: 62.9927, success: 19, fail: 6
Episode: 1101, Reward: 41.5589, success: 17, fail: 8
Episode: 1102, Reward: 43.4999, success: 17, fail: 8
Episode: 1103, Reward: 53.2376, success: 18, fail: 7
Episode: 1104, Reward: 53.6476, success: 18, fail: 7
Episode: 1105, Reward: 62.1969, success: 19, fail: 6
Episode: 1106, Reward: 52.3533, success: 18, fail: 7
Episode: 1107, Reward: 74.9890, success: 20, fail: 5
Episode: 1108, Reward: 72.7765, success: 20, fail: 5
Episode: 1109, Reward: 63.1999, success: 19, fail: 6
Episode: 1110, Reward: 52.7543, success: 18, fail: 7
Episode: 1111, Reward: 52.1667, success: 18, fail: 7
Episode: 1112, Reward: 62.8477, success: 19, fail: 6
Episode: 1113, Reward: 43.0492, success: 17, fail: 8
Episode: 1114, Reward: 40.7362, success: 17, fail: 8
Episode: 1115, Reward: 62.3228, success: 19, fail: 6
Episode: 1116, Reward: 61.9491, success: 19, fail: 6
Episode: 1117, Reward: 63.6578, success: 19, fail: 6
Episode: 1118, Reward: 52.4607, success: 18, fail: 7
Episode: 1119, Reward: 53.0690, success: 18, fail: 7
Episode: 1120, Reward: 72.8294, success: 20, fail: 5
Episode: 1121, Reward: 33.3338, success: 16, fail: 9
Episode: 1122, Reward: 53.5648, success: 18, fail: 7
Episode: 1123, Reward: 52.9999, success: 18, fail: 7
Episode: 1124, Reward: 62.1901, success: 19, fail: 6
Episode: 1125, Reward: 52.8865, success: 18, fail: 7
Episode: 1126, Reward: 74.0818, success: 20, fail: 5
Episode: 1127, Reward: 72.5437, success: 20, fail: 5
Episode: 1128, Reward: 72.9344, success: 20, fail: 5
Episode: 1129, Reward: 53.1149, success: 18, fail: 7
Episode: 1130, Reward: 73.0998, success: 20, fail: 5
Episode: 1131, Reward: 62.5332, success: 19, fail: 6
Episode: 1132, Reward: 52.8729, success: 18, fail: 7
Episode: 1133, Reward: 53.2070, success: 18, fail: 7
Episode: 1134, Reward: 63.8023, success: 19, fail: 6
Episode: 1135, Reward: 42.3169, success: 17, fail: 8
Episode: 1136, Reward: 54.0748, success: 18, fail: 7
Episode: 1137, Reward: 41.2303, success: 17, fail: 8
Episode: 1138, Reward: 62.3745, success: 19, fail: 6
Episode: 1139, Reward: 73.0200, success: 20, fail: 5
Episode: 1140, Reward: 42.1566, success: 17, fail: 8
Episode: 1141, Reward: 44.3634, success: 17, fail: 8
Episode: 1142, Reward: 72.2316, success: 20, fail: 5
Episode: 1143, Reward: 71.8489, success: 20, fail: 5
Episode: 1144, Reward: 60.3377, success: 19, fail: 6
Episode: 1145, Reward: 52.0263, success: 18, fail: 7
Episode: 1146, Reward: 63.3390, success: 19, fail: 6
Episode: 1147, Reward: 81.0556, success: 21, fail: 4
Episode: 1148, Reward: 61.5450, success: 19, fail: 6
Episode: 1149, Reward: 72.2850, success: 20, fail: 5
Episode: 1150, Reward: 61.4900, success: 19, fail: 6
Episode: 1151, Reward: 71.8757, success: 20, fail: 5
Episode: 1152, Reward: 51.9307, success: 18, fail: 7
Episode: 1153, Reward: 60.5012, success: 19, fail: 6
Episode: 1154, Reward: 72.9698, success: 20, fail: 5
Episode: 1155, Reward: 62.9532, success: 19, fail: 6
Episode: 1156, Reward: 53.5709, success: 18, fail: 7
Episode: 1157, Reward: 53.7207, success: 18, fail: 7
Episode: 1158, Reward: 73.3511, success: 20, fail: 5
Episode: 1159, Reward: 54.6286, success: 18, fail: 7
Episode: 1160, Reward: 53.8906, success: 18, fail: 7
Episode: 1161, Reward: 63.2552, success: 19, fail: 6
Episode: 1162, Reward: 52.4367, success: 18, fail: 7
Episode: 1163, Reward: 62.7711, success: 19, fail: 6
Episode: 1164, Reward: 52.5915, success: 18, fail: 7
Episode: 1165, Reward: 63.2276, success: 19, fail: 6
Episode: 1166, Reward: 63.3791, success: 19, fail: 6
Episode: 1167, Reward: 43.3692, success: 17, fail: 8
Episode: 1168, Reward: 52.5281, success: 18, fail: 7
Episode: 1169, Reward: 62.5818, success: 19, fail: 6
Episode: 1170, Reward: 53.3018, success: 18, fail: 7
Episode: 1171, Reward: 42.8319, success: 17, fail: 8
Episode: 1172, Reward: 52.7803, success: 18, fail: 7
Episode: 1173, Reward: 52.4230, success: 18, fail: 7
Episode: 1174, Reward: 63.0591, success: 19, fail: 6
Episode: 1175, Reward: 73.3930, success: 20, fail: 5
Episode: 1176, Reward: 73.9603, success: 20, fail: 5
Episode: 1177, Reward: 62.5846, success: 19, fail: 6
Episode: 1178, Reward: 73.2425, success: 20, fail: 5
Episode: 1179, Reward: 62.7961, success: 19, fail: 6
Episode: 1180, Reward: 63.5844, success: 19, fail: 6
Episode: 1181, Reward: 63.5370, success: 19, fail: 6
Episode: 1182, Reward: 62.6701, success: 19, fail: 6
Episode: 1183, Reward: 52.5516, success: 18, fail: 7
Episode: 1184, Reward: 42.4254, success: 17, fail: 8
Episode: 1185, Reward: 72.4939, success: 20, fail: 5
Episode: 1186, Reward: 52.9791, success: 18, fail: 7
Episode: 1187, Reward: 42.9250, success: 17, fail: 8
Episode: 1188, Reward: 54.4987, success: 18, fail: 7
Episode: 1189, Reward: 73.2091, success: 20, fail: 5
Episode: 1190, Reward: 43.2721, success: 17, fail: 8
Episode: 1191, Reward: 54.5424, success: 18, fail: 7
Episode: 1192, Reward: 62.4195, success: 19, fail: 6
Episode: 1193, Reward: 43.5863, success: 17, fail: 8
Episode: 1194, Reward: 43.4753, success: 17, fail: 8
Episode: 1195, Reward: 52.8295, success: 18, fail: 7
Episode: 1196, Reward: 62.7167, success: 19, fail: 6
Episode: 1197, Reward: 51.0890, success: 18, fail: 7
Episode: 1198, Reward: 71.4895, success: 20, fail: 5
Episode: 1199, Reward: 52.9134, success: 18, fail: 7
Episode: 1200, Reward: 43.3119, success: 17, fail: 8
Episode: 1201, Reward: 53.8049, success: 18, fail: 7
Episode: 1202, Reward: 42.7974, success: 17, fail: 8
Episode: 1203, Reward: 62.9987, success: 19, fail: 6
Episode: 1204, Reward: 43.5894, success: 17, fail: 8
Episode: 1205, Reward: 51.8500, success: 18, fail: 7
Episode: 1206, Reward: 63.4669, success: 19, fail: 6
Episode: 1207, Reward: 52.7842, success: 18, fail: 7
Episode: 1208, Reward: 52.6341, success: 18, fail: 7
Episode: 1209, Reward: 72.7945, success: 20, fail: 5
Episode: 1210, Reward: 63.2170, success: 19, fail: 6
Episode: 1211, Reward: 62.9973, success: 19, fail: 6
Episode: 1212, Reward: 42.1456, success: 17, fail: 8
Episode: 1213, Reward: 62.6050, success: 19, fail: 6
Episode: 1214, Reward: 42.7951, success: 17, fail: 8
Episode: 1215, Reward: 62.4368, success: 19, fail: 6
Episode: 1216, Reward: 63.5246, success: 19, fail: 6
Episode: 1217, Reward: 53.5181, success: 18, fail: 7
Episode: 1218, Reward: 53.2568, success: 18, fail: 7
Episode: 1219, Reward: 30.7918, success: 16, fail: 9
Episode: 1220, Reward: 62.1176, success: 19, fail: 6
Episode: 1221, Reward: 42.8855, success: 17, fail: 8
Episode: 1222, Reward: 32.5788, success: 16, fail: 9
Episode: 1223, Reward: 61.9973, success: 19, fail: 6
Episode: 1224, Reward: 42.3439, success: 17, fail: 8
Episode: 1225, Reward: 53.0384, success: 18, fail: 7
Episode: 1226, Reward: 51.9073, success: 18, fail: 7
Episode: 1227, Reward: 32.2773, success: 16, fail: 9
Episode: 1228, Reward: 73.0392, success: 20, fail: 5
Episode: 1229, Reward: 51.8817, success: 18, fail: 7
Episode: 1230, Reward: 42.1240, success: 17, fail: 8
Episode: 1231, Reward: 62.4048, success: 19, fail: 6
Episode: 1232, Reward: 52.7862, success: 18, fail: 7
Episode: 1233, Reward: 63.7564, success: 19, fail: 6
Episode: 1234, Reward: 63.8338, success: 19, fail: 6
Episode: 1235, Reward: 52.0609, success: 18, fail: 7
Episode: 1236, Reward: 62.0618, success: 19, fail: 6
Episode: 1237, Reward: 61.9534, success: 19, fail: 6
Episode: 1238, Reward: 41.6027, success: 17, fail: 8
Episode: 1239, Reward: 70.6796, success: 20, fail: 5
Episode: 1240, Reward: 63.4793, success: 19, fail: 6
Episode: 1241, Reward: 62.6264, success: 19, fail: 6
Episode: 1242, Reward: 42.8310, success: 17, fail: 8
Episode: 1243, Reward: 52.4576, success: 18, fail: 7
Episode: 1244, Reward: 73.2879, success: 20, fail: 5
Episode: 1245, Reward: 42.5748, success: 17, fail: 8
Episode: 1246, Reward: 52.4037, success: 18, fail: 7
Episode: 1247, Reward: 61.9768, success: 19, fail: 6
Episode: 1248, Reward: 63.3148, success: 19, fail: 6
Episode: 1249, Reward: 54.5889, success: 18, fail: 7
Episode: 1250, Reward: 61.8631, success: 19, fail: 6
Episode: 1251, Reward: 52.6657, success: 18, fail: 7
Episode: 1252, Reward: 63.7507, success: 19, fail: 6
Episode: 1253, Reward: 72.2113, success: 20, fail: 5
Episode: 1254, Reward: 43.2418, success: 17, fail: 8
Episode: 1255, Reward: 53.4049, success: 18, fail: 7
Episode: 1256, Reward: 53.5564, success: 18, fail: 7
Episode: 1257, Reward: 82.0157, success: 21, fail: 4
Episode: 1258, Reward: 51.4489, success: 18, fail: 7
Episode: 1259, Reward: 40.8583, success: 17, fail: 8
Episode: 1260, Reward: 22.9928, success: 15, fail: 10
Episode: 1261, Reward: 31.9134, success: 16, fail: 9
Episode: 1262, Reward: 42.3251, success: 17, fail: 8
Episode: 1263, Reward: 53.4440, success: 18, fail: 7
Episode: 1264, Reward: 55.1144, success: 18, fail: 7
Episode: 1265, Reward: 51.8826, success: 18, fail: 7
Episode: 1266, Reward: 61.6856, success: 19, fail: 6
Episode: 1267, Reward: 33.3945, success: 16, fail: 9
Episode: 1268, Reward: 42.5178, success: 17, fail: 8
Episode: 1269, Reward: 40.7126, success: 17, fail: 8
Episode: 1270, Reward: 61.9709, success: 19, fail: 6
Episode: 1271, Reward: 53.2244, success: 18, fail: 7
Episode: 1272, Reward: 42.8849, success: 17, fail: 8
Episode: 1273, Reward: 50.8708, success: 18, fail: 7
Episode: 1274, Reward: 31.6747, success: 16, fail: 9
Episode: 1275, Reward: 71.2171, success: 20, fail: 5
Episode: 1276, Reward: 63.7082, success: 19, fail: 6
Episode: 1277, Reward: 31.7801, success: 16, fail: 9
Episode: 1278, Reward: 52.5536, success: 18, fail: 7
Episode: 1279, Reward: 62.6480, success: 19, fail: 6
Episode: 1280, Reward: 32.9066, success: 16, fail: 9
Episode: 1281, Reward: 62.0430, success: 19, fail: 6
Episode: 1282, Reward: 42.6326, success: 17, fail: 8
Episode: 1283, Reward: 41.4790, success: 17, fail: 8
Episode: 1284, Reward: 43.7521, success: 17, fail: 8
Episode: 1285, Reward: 62.1427, success: 19, fail: 6
Episode: 1286, Reward: 31.9398, success: 16, fail: 9
Episode: 1287, Reward: 62.6993, success: 19, fail: 6
Episode: 1288, Reward: 51.3487, success: 18, fail: 7
Episode: 1289, Reward: 51.6751, success: 18, fail: 7
Episode: 1290, Reward: 52.7823, success: 18, fail: 7
Episode: 1291, Reward: 53.3386, success: 18, fail: 7
Episode: 1292, Reward: 42.7942, success: 17, fail: 8
Episode: 1293, Reward: 50.5983, success: 18, fail: 7
Episode: 1294, Reward: 61.2125, success: 19, fail: 6
Episode: 1295, Reward: 52.9723, success: 18, fail: 7
Episode: 1296, Reward: 53.5877, success: 18, fail: 7
Episode: 1297, Reward: 22.7138, success: 15, fail: 10
Episode: 1298, Reward: 62.2293, success: 19, fail: 6
Episode: 1299, Reward: 40.4988, success: 17, fail: 8
Episode: 1300, Reward: 63.0478, success: 19, fail: 6
Episode: 1301, Reward: 53.5539, success: 18, fail: 7
Episode: 1302, Reward: 42.7270, success: 17, fail: 8
Episode: 1303, Reward: 62.6718, success: 19, fail: 6
Episode: 1304, Reward: 71.4025, success: 20, fail: 5
Episode: 1305, Reward: 53.5616, success: 18, fail: 7
Episode: 1306, Reward: 43.3828, success: 17, fail: 8
Episode: 1307, Reward: 52.7798, success: 18, fail: 7
Episode: 1308, Reward: 52.0117, success: 18, fail: 7
Episode: 1309, Reward: 43.3274, success: 17, fail: 8
Episode: 1310, Reward: 52.0547, success: 18, fail: 7
Episode: 1311, Reward: 43.5856, success: 17, fail: 8
Episode: 1312, Reward: 53.9433, success: 18, fail: 7
Episode: 1313, Reward: 13.2522, success: 14, fail: 11
Episode: 1314, Reward: 53.4546, success: 18, fail: 7
Episode: 1315, Reward: 31.8018, success: 16, fail: 9
Episode: 1316, Reward: 52.7650, success: 18, fail: 7
Episode: 1317, Reward: 34.6125, success: 16, fail: 9
Episode: 1318, Reward: 42.9799, success: 17, fail: 8
Episode: 1319, Reward: 33.0582, success: 16, fail: 9
Episode: 1320, Reward: 21.9572, success: 15, fail: 10
Episode: 1321, Reward: 32.2821, success: 16, fail: 9
Episode: 1322, Reward: 53.0803, success: 18, fail: 7
Episode: 1323, Reward: 34.0529, success: 16, fail: 9
Episode: 1324, Reward: 43.4076, success: 17, fail: 8
Episode: 1325, Reward: 33.9475, success: 16, fail: 9
Episode: 1326, Reward: 63.4653, success: 19, fail: 6
Episode: 1327, Reward: 63.2410, success: 19, fail: 6
Episode: 1328, Reward: 32.8681, success: 16, fail: 9
Episode: 1329, Reward: 43.1859, success: 17, fail: 8
Episode: 1330, Reward: 42.6660, success: 17, fail: 8
Episode: 1331, Reward: 23.7218, success: 15, fail: 10
Episode: 1332, Reward: 54.0727, success: 18, fail: 7
Episode: 1333, Reward: 53.9057, success: 18, fail: 7
Episode: 1334, Reward: 53.2451, success: 18, fail: 7
Episode: 1335, Reward: 42.2067, success: 17, fail: 8
Episode: 1336, Reward: 42.3533, success: 17, fail: 8
Episode: 1337, Reward: 43.4456, success: 17, fail: 8
Episode: 1338, Reward: 23.0551, success: 15, fail: 10
Episode: 1339, Reward: 32.1510, success: 16, fail: 9
Episode: 1340, Reward: 32.9132, success: 16, fail: 9
Episode: 1341, Reward: 42.5104, success: 17, fail: 8
Episode: 1342, Reward: 52.6486, success: 18, fail: 7
Episode: 1343, Reward: 32.1750, success: 16, fail: 9
Episode: 1344, Reward: 33.0424, success: 16, fail: 9
Episode: 1345, Reward: 32.5218, success: 16, fail: 9
Episode: 1346, Reward: 43.6512, success: 17, fail: 8
Episode: 1347, Reward: 52.7105, success: 18, fail: 7
Episode: 1348, Reward: 22.8332, success: 15, fail: 10
Episode: 1349, Reward: 22.6471, success: 15, fail: 10
Episode: 1350, Reward: 32.4526, success: 16, fail: 9
Episode: 1351, Reward: 23.0068, success: 15, fail: 10
Episode: 1352, Reward: 22.0557, success: 15, fail: 10
Episode: 1353, Reward: 34.7846, success: 16, fail: 9
Episode: 1354, Reward: 52.8398, success: 18, fail: 7
Episode: 1355, Reward: 34.1022, success: 16, fail: 9
Episode: 1356, Reward: 53.5062, success: 18, fail: 7
Episode: 1357, Reward: 33.6399, success: 16, fail: 9
Episode: 1358, Reward: 23.1672, success: 15, fail: 10
Episode: 1359, Reward: 23.6074, success: 15, fail: 10
Episode: 1360, Reward: 23.3025, success: 15, fail: 10
Episode: 1361, Reward: 33.7842, success: 16, fail: 9
Episode: 1362, Reward: 43.2874, success: 17, fail: 8
Episode: 1363, Reward: 42.5813, success: 17, fail: 8
Episode: 1364, Reward: 42.2357, success: 17, fail: 8
Episode: 1365, Reward: 51.7581, success: 18, fail: 7
Episode: 1366, Reward: 13.5010, success: 14, fail: 11
Episode: 1367, Reward: 32.9650, success: 16, fail: 9
Episode: 1368, Reward: 51.8817, success: 18, fail: 7
Episode: 1369, Reward: 63.0047, success: 19, fail: 6
Episode: 1370, Reward: 43.6998, success: 17, fail: 8
Episode: 1371, Reward: 43.2045, success: 17, fail: 8
Episode: 1372, Reward: 43.0029, success: 17, fail: 8
Episode: 1373, Reward: 43.7906, success: 17, fail: 8
Episode: 1374, Reward: 42.9081, success: 17, fail: 8
Episode: 1375, Reward: 33.2292, success: 16, fail: 9
Episode: 1376, Reward: 42.4835, success: 17, fail: 8
Episode: 1377, Reward: 32.1536, success: 16, fail: 9
Episode: 1378, Reward: 51.8082, success: 18, fail: 7
Episode: 1379, Reward: 42.6375, success: 17, fail: 8
Episode: 1380, Reward: 32.7752, success: 16, fail: 9
Episode: 1381, Reward: 63.8554, success: 19, fail: 6
Episode: 1382, Reward: 41.7453, success: 17, fail: 8
Episode: 1383, Reward: 63.8323, success: 19, fail: 6
Episode: 1384, Reward: 42.0339, success: 17, fail: 8
Episode: 1385, Reward: 53.1013, success: 18, fail: 7
Episode: 1386, Reward: 42.8892, success: 17, fail: 8
Episode: 1387, Reward: 32.8109, success: 16, fail: 9
Episode: 1388, Reward: 22.8548, success: 15, fail: 10
Episode: 1389, Reward: 23.2649, success: 15, fail: 10
Episode: 1390, Reward: 23.8160, success: 15, fail: 10
Episode: 1391, Reward: 23.0552, success: 15, fail: 10
Episode: 1392, Reward: 32.6477, success: 16, fail: 9
Episode: 1393, Reward: 33.0654, success: 16, fail: 9
Episode: 1394, Reward: 33.2374, success: 16, fail: 9
Episode: 1395, Reward: 42.2232, success: 17, fail: 8
Episode: 1396, Reward: 23.4614, success: 15, fail: 10
Episode: 1397, Reward: 23.3640, success: 15, fail: 10
Episode: 1398, Reward: 43.2489, success: 17, fail: 8
Episode: 1399, Reward: 33.5786, success: 16, fail: 9
Episode: 1400, Reward: 24.2052, success: 15, fail: 10
Episode: 1401, Reward: 33.1227, success: 16, fail: 9
Episode: 1402, Reward: 24.5733, success: 15, fail: 10
Episode: 1403, Reward: 23.8550, success: 15, fail: 10
Episode: 1404, Reward: 24.2328, success: 15, fail: 10
Episode: 1405, Reward: 12.8690, success: 14, fail: 11
Episode: 1406, Reward: 23.9076, success: 15, fail: 10
Episode: 1407, Reward: 14.6916, success: 14, fail: 11
Episode: 1408, Reward: 13.5321, success: 14, fail: 11
Episode: 1409, Reward: -5.6855, success: 12, fail: 13
Episode: 1410, Reward: 34.3409, success: 16, fail: 9
Episode: 1411, Reward: 23.5027, success: 15, fail: 10
Episode: 1412, Reward: 12.6269, success: 14, fail: 11
Episode: 1413, Reward: 32.7820, success: 16, fail: 9
Episode: 1414, Reward: 23.1258, success: 15, fail: 10
Episode: 1415, Reward: 13.0773, success: 14, fail: 11
Episode: 1416, Reward: 22.5613, success: 15, fail: 10
Episode: 1417, Reward: 24.3633, success: 15, fail: 10
Episode: 1418, Reward: 34.1360, success: 16, fail: 9
Episode: 1419, Reward: 14.4969, success: 14, fail: 11
Episode: 1420, Reward: 2.8785, success: 13, fail: 12
Episode: 1421, Reward: 13.4286, success: 14, fail: 11
Episode: 1422, Reward: 34.0506, success: 16, fail: 9
Episode: 1423, Reward: 31.7671, success: 16, fail: 9
Episode: 1424, Reward: 44.5693, success: 17, fail: 8
Episode: 1425, Reward: 23.3586, success: 15, fail: 10
Episode: 1426, Reward: 3.5018, success: 13, fail: 12
Episode: 1427, Reward: 22.7523, success: 15, fail: 10
Episode: 1428, Reward: 42.1340, success: 17, fail: 8
Episode: 1429, Reward: 23.4585, success: 15, fail: 10
Episode: 1430, Reward: 43.0937, success: 17, fail: 8
Episode: 1431, Reward: 32.6044, success: 16, fail: 9
Episode: 1432, Reward: 42.7062, success: 17, fail: 8
Episode: 1433, Reward: 23.1678, success: 15, fail: 10
Episode: 1434, Reward: 33.0011, success: 16, fail: 9
Episode: 1435, Reward: 22.7125, success: 15, fail: 10
Episode: 1436, Reward: 34.8768, success: 16, fail: 9
Episode: 1437, Reward: 33.1306, success: 16, fail: 9
Episode: 1438, Reward: 14.0269, success: 14, fail: 11
Episode: 1439, Reward: 22.7554, success: 15, fail: 10
Episode: 1440, Reward: 14.2333, success: 14, fail: 11
Episode: 1441, Reward: 23.0605, success: 15, fail: 10
Episode: 1442, Reward: 31.2702, success: 16, fail: 9
Episode: 1443, Reward: 22.8225, success: 15, fail: 10
Episode: 1444, Reward: 33.0798, success: 16, fail: 9
Episode: 1445, Reward: 51.3652, success: 18, fail: 7
Episode: 1446, Reward: 22.9006, success: 15, fail: 10
Episode: 1447, Reward: 32.1394, success: 16, fail: 9
Episode: 1448, Reward: 31.6531, success: 16, fail: 9
Episode: 1449, Reward: 53.9000, success: 18, fail: 7
Episode: 1450, Reward: 23.1722, success: 15, fail: 10
Episode: 1451, Reward: 33.1843, success: 16, fail: 9
Episode: 1452, Reward: 43.3939, success: 17, fail: 8
Episode: 1453, Reward: 32.1240, success: 16, fail: 9
Episode: 1454, Reward: 33.5532, success: 16, fail: 9
Episode: 1455, Reward: 23.6454, success: 15, fail: 10
Episode: 1456, Reward: 43.8252, success: 17, fail: 8
Episode: 1457, Reward: 12.4978, success: 14, fail: 11
Episode: 1458, Reward: 31.5228, success: 16, fail: 9
Episode: 1459, Reward: 32.9426, success: 16, fail: 9
Episode: 1460, Reward: 22.8149, success: 15, fail: 10
Episode: 1461, Reward: 23.8736, success: 15, fail: 10
Episode: 1462, Reward: 22.3684, success: 15, fail: 10
Episode: 1463, Reward: 22.7658, success: 15, fail: 10
Episode: 1464, Reward: 32.5173, success: 16, fail: 9
Episode: 1465, Reward: 31.6585, success: 16, fail: 9
Episode: 1466, Reward: 12.9833, success: 14, fail: 11
Episode: 1467, Reward: 3.3293, success: 13, fail: 12
Episode: 1468, Reward: 43.6392, success: 17, fail: 8
Episode: 1469, Reward: 22.5886, success: 15, fail: 10
Episode: 1470, Reward: 12.2137, success: 14, fail: 11
Episode: 1471, Reward: 3.8232, success: 13, fail: 12
Episode: 1472, Reward: 33.6893, success: 16, fail: 9
Episode: 1473, Reward: 12.7640, success: 14, fail: 11
Episode: 1474, Reward: 23.2497, success: 15, fail: 10
Episode: 1475, Reward: 11.4609, success: 14, fail: 11
Episode: 1476, Reward: 21.5891, success: 15, fail: 10
Episode: 1477, Reward: 42.7836, success: 17, fail: 8
Episode: 1478, Reward: 23.5546, success: 15, fail: 10
Episode: 1479, Reward: 34.0250, success: 16, fail: 9
Episode: 1480, Reward: 31.6361, success: 16, fail: 9
Episode: 1481, Reward: 13.2296, success: 14, fail: 11
Episode: 1482, Reward: 32.5580, success: 16, fail: 9
Episode: 1483, Reward: 33.3057, success: 16, fail: 9
Episode: 1484, Reward: 51.9066, success: 18, fail: 7
Episode: 1485, Reward: 22.6193, success: 15, fail: 10
Episode: 1486, Reward: 51.8742, success: 18, fail: 7
Episode: 1487, Reward: 21.4649, success: 15, fail: 10
Episode: 1488, Reward: 22.2825, success: 15, fail: 10
Episode: 1489, Reward: 21.4217, success: 15, fail: 10
Episode: 1490, Reward: 11.6823, success: 14, fail: 11
Episode: 1491, Reward: 30.4918, success: 16, fail: 9
Episode: 1492, Reward: 31.4824, success: 16, fail: 9
Episode: 1493, Reward: 12.6860, success: 14, fail: 11
Episode: 1494, Reward: 49.8514, success: 18, fail: 7
Episode: 1495, Reward: 40.1148, success: 17, fail: 8
Episode: 1496, Reward: 22.1772, success: 15, fail: 10
Episode: 1497, Reward: 13.4934, success: 14, fail: 11
Episode: 1498, Reward: 21.1291, success: 15, fail: 10
Episode: 1499, Reward: 13.8956, success: 14, fail: 11
Episode: 1500, Reward: 22.8371, success: 15, fail: 10
Episode: 1501, Reward: 29.8794, success: 16, fail: 9
Episode: 1502, Reward: 32.7087, success: 16, fail: 9
Episode: 1503, Reward: 41.9957, success: 17, fail: 8
Episode: 1504, Reward: 32.5037, success: 16, fail: 9
Episode: 1505, Reward: 12.1741, success: 14, fail: 11
Episode: 1506, Reward: 42.2601, success: 17, fail: 8
Episode: 1507, Reward: 41.5833, success: 17, fail: 8
Episode: 1508, Reward: 25.2190, success: 15, fail: 10
Episode: 1509, Reward: 32.8701, success: 16, fail: 9
Episode: 1510, Reward: 43.3852, success: 17, fail: 8
Episode: 1511, Reward: 22.1116, success: 15, fail: 10
Episode: 1512, Reward: 41.3742, success: 17, fail: 8
Episode: 1513, Reward: 22.0053, success: 15, fail: 10
Episode: 1514, Reward: 32.3275, success: 16, fail: 9
Episode: 1515, Reward: 31.6776, success: 16, fail: 9
Episode: 1516, Reward: 22.8448, success: 15, fail: 10
Episode: 1517, Reward: 53.2062, success: 18, fail: 7
Episode: 1518, Reward: 32.1915, success: 16, fail: 9
Episode: 1519, Reward: 23.0310, success: 15, fail: 10
Episode: 1520, Reward: 32.7092, success: 16, fail: 9
Episode: 1521, Reward: 40.2153, success: 17, fail: 8
Episode: 1522, Reward: 22.4359, success: 15, fail: 10
Episode: 1523, Reward: 32.0305, success: 16, fail: 9
Episode: 1524, Reward: 40.7802, success: 17, fail: 8
Episode: 1525, Reward: 23.9245, success: 15, fail: 10
Episode: 1526, Reward: 42.6529, success: 17, fail: 8
Episode: 1527, Reward: 42.1289, success: 17, fail: 8
Episode: 1528, Reward: 23.6136, success: 15, fail: 10
Episode: 1529, Reward: 31.1508, success: 16, fail: 9
Episode: 1530, Reward: 52.8560, success: 18, fail: 7
Episode: 1531, Reward: 31.7860, success: 16, fail: 9
Episode: 1532, Reward: 12.0054, success: 14, fail: 11
Episode: 1533, Reward: 21.8885, success: 15, fail: 10
Episode: 1534, Reward: 41.7032, success: 17, fail: 8
Episode: 1535, Reward: 22.3690, success: 15, fail: 10
Episode: 1536, Reward: 62.7770, success: 19, fail: 6
Episode: 1537, Reward: 62.3352, success: 19, fail: 6
Episode: 1538, Reward: 52.8527, success: 18, fail: 7
Episode: 1539, Reward: 52.2162, success: 18, fail: 7
Episode: 1540, Reward: 34.0938, success: 16, fail: 9
Episode: 1541, Reward: 32.8090, success: 16, fail: 9
Episode: 1542, Reward: 34.2505, success: 16, fail: 9
Episode: 1543, Reward: 24.4684, success: 15, fail: 10
Episode: 1544, Reward: 44.0768, success: 17, fail: 8
Episode: 1545, Reward: 45.0407, success: 17, fail: 8
Episode: 1546, Reward: 33.8914, success: 16, fail: 9
Episode: 1547, Reward: 63.5796, success: 19, fail: 6
Episode: 1548, Reward: 22.9445, success: 15, fail: 10
Episode: 1549, Reward: 32.6434, success: 16, fail: 9
Episode: 1550, Reward: 52.3871, success: 18, fail: 7
Episode: 1551, Reward: 22.0313, success: 15, fail: 10
Episode: 1552, Reward: 23.1923, success: 15, fail: 10
Episode: 1553, Reward: 63.7794, success: 19, fail: 6
Episode: 1554, Reward: 62.8737, success: 19, fail: 6
Episode: 1555, Reward: 23.1751, success: 15, fail: 10
Episode: 1556, Reward: 63.1852, success: 19, fail: 6
Episode: 1557, Reward: 52.5744, success: 18, fail: 7
Episode: 1558, Reward: 43.5556, success: 17, fail: 8
Episode: 1559, Reward: 63.7370, success: 19, fail: 6
Episode: 1560, Reward: 33.4467, success: 16, fail: 9
Episode: 1561, Reward: 62.6489, success: 19, fail: 6
Episode: 1562, Reward: 42.9649, success: 17, fail: 8
Episode: 1563, Reward: 32.5776, success: 16, fail: 9
Episode: 1564, Reward: 45.0353, success: 17, fail: 8
Episode: 1565, Reward: 64.0990, success: 19, fail: 6
Episode: 1566, Reward: 53.6127, success: 18, fail: 7
Episode: 1567, Reward: 33.0604, success: 16, fail: 9
Episode: 1568, Reward: 42.3292, success: 17, fail: 8
Episode: 1569, Reward: 52.4617, success: 18, fail: 7
Episode: 1570, Reward: 23.3601, success: 15, fail: 10
Episode: 1571, Reward: 33.5595, success: 16, fail: 9
Episode: 1572, Reward: 34.3506, success: 16, fail: 9
Episode: 1573, Reward: 43.1907, success: 17, fail: 8
Episode: 1574, Reward: 12.5501, success: 14, fail: 11
Episode: 1575, Reward: 33.6174, success: 16, fail: 9
Episode: 1576, Reward: 32.3294, success: 16, fail: 9
Episode: 1577, Reward: 32.9125, success: 16, fail: 9
Episode: 1578, Reward: 54.5293, success: 18, fail: 7
Episode: 1579, Reward: 63.3308, success: 19, fail: 6
Episode: 1580, Reward: 33.3715, success: 16, fail: 9
Episode: 1581, Reward: 32.3840, success: 16, fail: 9
Episode: 1582, Reward: 52.5161, success: 18, fail: 7
Episode: 1583, Reward: 31.8951, success: 16, fail: 9
Episode: 1584, Reward: 32.7025, success: 16, fail: 9
Episode: 1585, Reward: 32.3135, success: 16, fail: 9
Episode: 1586, Reward: 52.2786, success: 18, fail: 7
Episode: 1587, Reward: 33.4168, success: 16, fail: 9
Episode: 1588, Reward: 32.2936, success: 16, fail: 9
Episode: 1589, Reward: 30.4465, success: 16, fail: 9
Episode: 1590, Reward: 32.8315, success: 16, fail: 9
Episode: 1591, Reward: 11.6694, success: 14, fail: 11
Episode: 1592, Reward: 43.3302, success: 17, fail: 8
Episode: 1593, Reward: 41.2660, success: 17, fail: 8
Episode: 1594, Reward: 21.5872, success: 15, fail: 10
Episode: 1595, Reward: 43.9887, success: 17, fail: 8
Episode: 1596, Reward: 52.7229, success: 18, fail: 7
Episode: 1597, Reward: 32.7842, success: 16, fail: 9
Episode: 1598, Reward: 24.4249, success: 15, fail: 10
Episode: 1599, Reward: 42.4208, success: 17, fail: 8
Episode: 1600, Reward: 23.8007, success: 15, fail: 10
Episode: 1601, Reward: 51.9156, success: 18, fail: 7
Episode: 1602, Reward: 52.2868, success: 18, fail: 7
Episode: 1603, Reward: 43.7741, success: 17, fail: 8
Episode: 1604, Reward: 52.0898, success: 18, fail: 7
Episode: 1605, Reward: 23.1962, success: 15, fail: 10
Episode: 1606, Reward: 31.0186, success: 16, fail: 9
Episode: 1607, Reward: 32.0748, success: 16, fail: 9
Episode: 1608, Reward: 50.2221, success: 18, fail: 7
Episode: 1609, Reward: 30.1483, success: 16, fail: 9
Episode: 1610, Reward: 52.1814, success: 18, fail: 7
Episode: 1611, Reward: 61.5877, success: 19, fail: 6
Episode: 1612, Reward: 42.6157, success: 17, fail: 8
Episode: 1613, Reward: 41.8778, success: 17, fail: 8
Episode: 1614, Reward: 32.3316, success: 16, fail: 9
Episode: 1615, Reward: 41.2357, success: 17, fail: 8
Episode: 1616, Reward: 41.3938, success: 17, fail: 8
Episode: 1617, Reward: 51.3618, success: 18, fail: 7
Episode: 1618, Reward: 30.3992, success: 16, fail: 9
Episode: 1619, Reward: 41.5755, success: 17, fail: 8
Episode: 1620, Reward: 51.8230, success: 18, fail: 7
Episode: 1621, Reward: 41.2816, success: 17, fail: 8
Episode: 1622, Reward: 31.7869, success: 16, fail: 9
Episode: 1623, Reward: 20.3088, success: 15, fail: 10
Episode: 1624, Reward: 41.0804, success: 17, fail: 8
Episode: 1625, Reward: 32.3750, success: 16, fail: 9
Episode: 1626, Reward: 30.3191, success: 16, fail: 9
Episode: 1627, Reward: 50.7557, success: 18, fail: 7
Episode: 1628, Reward: 40.9388, success: 17, fail: 8
Episode: 1629, Reward: 31.7832, success: 16, fail: 9
Episode: 1630, Reward: 41.6636, success: 17, fail: 8
Episode: 1631, Reward: 41.4730, success: 17, fail: 8
Episode: 1632, Reward: 49.5845, success: 18, fail: 7
Episode: 1633, Reward: 52.1825, success: 18, fail: 7
Episode: 1634, Reward: 52.8469, success: 18, fail: 7
Episode: 1635, Reward: 51.4238, success: 18, fail: 7
Episode: 1636, Reward: 50.4103, success: 18, fail: 7
Episode: 1637, Reward: 41.0720, success: 17, fail: 8
Episode: 1638, Reward: 31.2394, success: 16, fail: 9
Episode: 1639, Reward: 52.5992, success: 18, fail: 7
Episode: 1640, Reward: 31.9861, success: 16, fail: 9
Episode: 1641, Reward: 30.2260, success: 16, fail: 9
Episode: 1642, Reward: 48.6777, success: 18, fail: 7
Episode: 1643, Reward: 30.2616, success: 16, fail: 9
Episode: 1644, Reward: 11.7628, success: 14, fail: 11
Episode: 1645, Reward: 31.6471, success: 16, fail: 9
Episode: 1646, Reward: 20.5446, success: 15, fail: 10
Episode: 1647, Reward: 21.6987, success: 15, fail: 10
Episode: 1648, Reward: 41.1871, success: 17, fail: 8
Episode: 1649, Reward: 60.7733, success: 19, fail: 6
Episode: 1650, Reward: 28.8860, success: 16, fail: 9
Episode: 1651, Reward: 38.6362, success: 17, fail: 8
Episode: 1652, Reward: 41.6658, success: 17, fail: 8
Episode: 1653, Reward: 50.0409, success: 18, fail: 7
Episode: 1654, Reward: 40.9783, success: 17, fail: 8
Episode: 1655, Reward: 40.6748, success: 17, fail: 8
Episode: 1656, Reward: 39.8651, success: 17, fail: 8
Episode: 1657, Reward: 21.3505, success: 15, fail: 10
Episode: 1658, Reward: 31.2881, success: 16, fail: 9
Episode: 1659, Reward: 22.1512, success: 15, fail: 10
Episode: 1660, Reward: 21.8829, success: 15, fail: 10
Episode: 1661, Reward: 20.8517, success: 15, fail: 10
Episode: 1662, Reward: 50.2838, success: 18, fail: 7
Episode: 1663, Reward: 39.9727, success: 17, fail: 8
Episode: 1664, Reward: 28.9990, success: 16, fail: 9
Episode: 1665, Reward: 41.2760, success: 17, fail: 8
Episode: 1666, Reward: 40.4880, success: 17, fail: 8
Episode: 1667, Reward: 50.2469, success: 18, fail: 7
Episode: 1668, Reward: 41.4709, success: 17, fail: 8
Episode: 1669, Reward: 31.0368, success: 16, fail: 9
Episode: 1670, Reward: 30.9534, success: 16, fail: 9
Episode: 1671, Reward: 50.3236, success: 18, fail: 7
Episode: 1672, Reward: 51.7254, success: 18, fail: 7
Episode: 1673, Reward: 40.4898, success: 17, fail: 8
Episode: 1674, Reward: 41.8202, success: 17, fail: 8
Episode: 1675, Reward: 31.7181, success: 16, fail: 9
Episode: 1676, Reward: 21.0891, success: 15, fail: 10
Episode: 1677, Reward: 31.4606, success: 16, fail: 9
Episode: 1678, Reward: 40.1205, success: 17, fail: 8
Episode: 1679, Reward: 31.1006, success: 16, fail: 9
Episode: 1680, Reward: 50.6214, success: 18, fail: 7
Episode: 1681, Reward: 41.8001, success: 17, fail: 8
Episode: 1682, Reward: 42.6446, success: 17, fail: 8
Episode: 1683, Reward: 22.2051, success: 15, fail: 10
Episode: 1684, Reward: 31.0255, success: 16, fail: 9
Episode: 1685, Reward: 32.1582, success: 16, fail: 9
Episode: 1686, Reward: 21.6194, success: 15, fail: 10
Episode: 1687, Reward: 20.7877, success: 15, fail: 10
Episode: 1688, Reward: 21.7208, success: 15, fail: 10
Episode: 1689, Reward: 32.0905, success: 16, fail: 9
Episode: 1690, Reward: 50.4588, success: 18, fail: 7
Episode: 1691, Reward: 31.1869, success: 16, fail: 9
Episode: 1692, Reward: 31.5362, success: 16, fail: 9
Episode: 1693, Reward: 41.2297, success: 17, fail: 8
Episode: 1694, Reward: 40.7970, success: 17, fail: 8
Episode: 1695, Reward: 40.4302, success: 17, fail: 8
Episode: 1696, Reward: 39.2939, success: 17, fail: 8
Episode: 1697, Reward: 40.4800, success: 17, fail: 8
Episode: 1698, Reward: 52.1408, success: 18, fail: 7
Episode: 1699, Reward: 50.3769, success: 18, fail: 7
Episode: 1700, Reward: 41.8082, success: 17, fail: 8
Episode: 1701, Reward: 12.0272, success: 14, fail: 11
Episode: 1702, Reward: 43.5057, success: 17, fail: 8
Episode: 1703, Reward: 20.2828, success: 15, fail: 10
Episode: 1704, Reward: 41.4597, success: 17, fail: 8
Episode: 1705, Reward: 40.0823, success: 17, fail: 8
Episode: 1706, Reward: 41.3790, success: 17, fail: 8
Episode: 1707, Reward: 50.1155, success: 18, fail: 7
Episode: 1708, Reward: 20.3913, success: 15, fail: 10
Episode: 1709, Reward: 40.4474, success: 17, fail: 8
Episode: 1710, Reward: 41.1144, success: 17, fail: 8
Episode: 1711, Reward: 30.3276, success: 16, fail: 9
Episode: 1712, Reward: 31.5627, success: 16, fail: 9
Episode: 1713, Reward: 40.6403, success: 17, fail: 8
Episode: 1714, Reward: 21.0812, success: 15, fail: 10
Episode: 1715, Reward: 19.0293, success: 15, fail: 10
Episode: 1716, Reward: 51.1575, success: 18, fail: 7
Episode: 1717, Reward: 31.2177, success: 16, fail: 9
Episode: 1718, Reward: 32.2199, success: 16, fail: 9
Episode: 1719, Reward: 41.6557, success: 17, fail: 8
Episode: 1720, Reward: 40.9918, success: 17, fail: 8
Episode: 1721, Reward: 40.5418, success: 17, fail: 8
Episode: 1722, Reward: 40.3768, success: 17, fail: 8
Episode: 1723, Reward: 50.3786, success: 18, fail: 7
Episode: 1724, Reward: 43.2498, success: 17, fail: 8
Episode: 1725, Reward: 30.6456, success: 16, fail: 9
Episode: 1726, Reward: 50.5283, success: 18, fail: 7
Episode: 1727, Reward: 51.0418, success: 18, fail: 7
Episode: 1728, Reward: 50.7730, success: 18, fail: 7
Episode: 1729, Reward: 31.6274, success: 16, fail: 9
Episode: 1730, Reward: 10.8969, success: 14, fail: 11
Episode: 1731, Reward: 21.1551, success: 15, fail: 10
Episode: 1732, Reward: 31.5994, success: 16, fail: 9
Episode: 1733, Reward: 41.7852, success: 17, fail: 8
Episode: 1734, Reward: 20.9172, success: 15, fail: 10
Episode: 1735, Reward: 30.2045, success: 16, fail: 9
Episode: 1736, Reward: 31.1508, success: 16, fail: 9
Episode: 1737, Reward: 33.2720, success: 16, fail: 9
Episode: 1738, Reward: 51.9349, success: 18, fail: 7
Episode: 1739, Reward: 32.5176, success: 16, fail: 9
Episode: 1740, Reward: 21.2213, success: 15, fail: 10
Episode: 1741, Reward: 31.8121, success: 16, fail: 9
Episode: 1742, Reward: 31.6381, success: 16, fail: 9
Episode: 1743, Reward: 32.2065, success: 16, fail: 9
Episode: 1744, Reward: 22.5820, success: 15, fail: 10
Episode: 1745, Reward: 40.1275, success: 17, fail: 8
Episode: 1746, Reward: 49.4652, success: 18, fail: 7
Episode: 1747, Reward: 42.2025, success: 17, fail: 8
Episode: 1748, Reward: 41.9300, success: 17, fail: 8
Episode: 1749, Reward: 52.1008, success: 18, fail: 7
Episode: 1750, Reward: 21.8124, success: 15, fail: 10
Episode: 1751, Reward: 41.6750, success: 17, fail: 8
Episode: 1752, Reward: 41.7755, success: 17, fail: 8
Episode: 1753, Reward: 41.9344, success: 17, fail: 8
Episode: 1754, Reward: 51.2912, success: 18, fail: 7
Episode: 1755, Reward: 52.7290, success: 18, fail: 7
Episode: 1756, Reward: 42.0514, success: 17, fail: 8
Episode: 1757, Reward: 50.3361, success: 18, fail: 7
Episode: 1758, Reward: 42.2561, success: 17, fail: 8
Episode: 1759, Reward: 22.8915, success: 15, fail: 10
Episode: 1760, Reward: 50.2150, success: 18, fail: 7
Episode: 1761, Reward: 40.5594, success: 17, fail: 8
Episode: 1762, Reward: 51.4144, success: 18, fail: 7
Episode: 1763, Reward: 51.7901, success: 18, fail: 7
Episode: 1764, Reward: 42.2349, success: 17, fail: 8
Episode: 1765, Reward: 41.1874, success: 17, fail: 8
Episode: 1766, Reward: 41.0127, success: 17, fail: 8
Episode: 1767, Reward: 49.5783, success: 18, fail: 7
Episode: 1768, Reward: 50.1638, success: 18, fail: 7
Episode: 1769, Reward: 31.7385, success: 16, fail: 9
Episode: 1770, Reward: 31.0674, success: 16, fail: 9
Episode: 1771, Reward: 40.2836, success: 17, fail: 8
Episode: 1772, Reward: 40.7745, success: 17, fail: 8
Episode: 1773, Reward: 50.5593, success: 18, fail: 7
Episode: 1774, Reward: 40.4653, success: 17, fail: 8
Episode: 1775, Reward: 41.7979, success: 17, fail: 8
Episode: 1776, Reward: 20.7006, success: 15, fail: 10
Episode: 1777, Reward: 40.4356, success: 17, fail: 8
Episode: 1778, Reward: 31.1364, success: 16, fail: 9
Episode: 1779, Reward: 41.5444, success: 17, fail: 8
Episode: 1780, Reward: 42.0261, success: 17, fail: 8
Episode: 1781, Reward: 40.9300, success: 17, fail: 8
Episode: 1782, Reward: 40.8466, success: 17, fail: 8
Episode: 1783, Reward: 40.6441, success: 17, fail: 8
Episode: 1784, Reward: 49.7397, success: 18, fail: 7
Episode: 1785, Reward: 40.8322, success: 17, fail: 8
Episode: 1786, Reward: 31.2026, success: 16, fail: 9
Episode: 1787, Reward: 39.5142, success: 17, fail: 8
Episode: 1788, Reward: 40.0916, success: 17, fail: 8
Episode: 1789, Reward: 50.2308, success: 18, fail: 7
Episode: 1790, Reward: 48.9855, success: 18, fail: 7
Episode: 1791, Reward: 50.2543, success: 18, fail: 7
Episode: 1792, Reward: 30.8928, success: 16, fail: 9
Episode: 1793, Reward: 33.3911, success: 16, fail: 9
Episode: 1794, Reward: 50.7638, success: 18, fail: 7
Episode: 1795, Reward: 41.0813, success: 17, fail: 8
Episode: 1796, Reward: 31.2191, success: 16, fail: 9
Episode: 1797, Reward: 40.8741, success: 17, fail: 8
Episode: 1798, Reward: 60.2659, success: 19, fail: 6
Episode: 1799, Reward: 49.5540, success: 18, fail: 7
Episode: 1800, Reward: 50.1338, success: 18, fail: 7
Episode: 1801, Reward: 40.1823, success: 17, fail: 8
Episode: 1802, Reward: 41.5465, success: 17, fail: 8
Episode: 1803, Reward: 41.9592, success: 17, fail: 8
Episode: 1804, Reward: 62.1158, success: 19, fail: 6
Episode: 1805, Reward: 51.4440, success: 18, fail: 7
Episode: 1806, Reward: 40.6719, success: 17, fail: 8
Episode: 1807, Reward: 32.0687, success: 16, fail: 9
Episode: 1808, Reward: 32.4445, success: 16, fail: 9
Episode: 1809, Reward: 40.4426, success: 17, fail: 8
Episode: 1810, Reward: 60.7472, success: 19, fail: 6
Episode: 1811, Reward: 51.3686, success: 18, fail: 7
Episode: 1812, Reward: 32.0630, success: 16, fail: 9
Episode: 1813, Reward: 31.9674, success: 16, fail: 9
Episode: 1814, Reward: 32.8535, success: 16, fail: 9
Episode: 1815, Reward: 32.8652, success: 16, fail: 9
Episode: 1816, Reward: 50.7539, success: 18, fail: 7
Episode: 1817, Reward: 51.7281, success: 18, fail: 7
Episode: 1818, Reward: 50.8134, success: 18, fail: 7
Episode: 1819, Reward: 51.6086, success: 18, fail: 7
Episode: 1820, Reward: 51.4857, success: 18, fail: 7
Episode: 1821, Reward: 31.3300, success: 16, fail: 9
Episode: 1822, Reward: 42.0262, success: 17, fail: 8
Episode: 1823, Reward: 41.3525, success: 17, fail: 8
Episode: 1824, Reward: 41.3219, success: 17, fail: 8
Episode: 1825, Reward: 32.3089, success: 16, fail: 9
Episode: 1826, Reward: 41.1127, success: 17, fail: 8
Episode: 1827, Reward: 51.2023, success: 18, fail: 7
Episode: 1828, Reward: 41.9948, success: 17, fail: 8
Episode: 1829, Reward: 50.9429, success: 18, fail: 7
Episode: 1830, Reward: 42.0898, success: 17, fail: 8
Episode: 1831, Reward: 60.7254, success: 19, fail: 6
Episode: 1832, Reward: 50.9418, success: 18, fail: 7
Episode: 1833, Reward: 21.5136, success: 15, fail: 10
Episode: 1834, Reward: 31.1043, success: 16, fail: 9
Episode: 1835, Reward: 50.0994, success: 18, fail: 7
Episode: 1836, Reward: 61.9204, success: 19, fail: 6
Episode: 1837, Reward: 41.8902, success: 17, fail: 8
Episode: 1838, Reward: 30.9594, success: 16, fail: 9
Episode: 1839, Reward: 50.8617, success: 18, fail: 7
Episode: 1840, Reward: 51.9196, success: 18, fail: 7
Episode: 1841, Reward: 41.1559, success: 17, fail: 8
Episode: 1842, Reward: 61.2390, success: 19, fail: 6
Episode: 1843, Reward: 42.3975, success: 17, fail: 8
Episode: 1844, Reward: 41.4669, success: 17, fail: 8
Episode: 1845, Reward: 52.1496, success: 18, fail: 7
Episode: 1846, Reward: 30.2099, success: 16, fail: 9
Episode: 1847, Reward: 51.4206, success: 18, fail: 7
Episode: 1848, Reward: 52.2147, success: 18, fail: 7
Episode: 1849, Reward: 40.9367, success: 17, fail: 8
Episode: 1850, Reward: 61.7508, success: 19, fail: 6
Episode: 1851, Reward: 52.2344, success: 18, fail: 7
Episode: 1852, Reward: 40.5350, success: 17, fail: 8
Episode: 1853, Reward: 51.8893, success: 18, fail: 7
Episode: 1854, Reward: 43.5229, success: 17, fail: 8
Episode: 1855, Reward: 42.9221, success: 17, fail: 8
Episode: 1856, Reward: 42.6015, success: 17, fail: 8
Episode: 1857, Reward: 41.4163, success: 17, fail: 8
Episode: 1858, Reward: 42.2010, success: 17, fail: 8
Episode: 1859, Reward: 32.1051, success: 16, fail: 9
Episode: 1860, Reward: 50.3813, success: 18, fail: 7
Episode: 1861, Reward: 49.7731, success: 18, fail: 7
Episode: 1862, Reward: 52.1566, success: 18, fail: 7
Episode: 1863, Reward: 52.2493, success: 18, fail: 7
Episode: 1864, Reward: 31.7937, success: 16, fail: 9
Episode: 1865, Reward: 53.1119, success: 18, fail: 7
Episode: 1866, Reward: 51.8678, success: 18, fail: 7
Episode: 1867, Reward: 42.2175, success: 17, fail: 8
Episode: 1868, Reward: 21.7547, success: 15, fail: 10
Episode: 1869, Reward: 61.9694, success: 19, fail: 6
Episode: 1870, Reward: 53.4288, success: 18, fail: 7
Episode: 1871, Reward: 61.5551, success: 19, fail: 6
Episode: 1872, Reward: 51.0540, success: 18, fail: 7
Episode: 1873, Reward: 41.7382, success: 17, fail: 8
Episode: 1874, Reward: 51.8486, success: 18, fail: 7
Episode: 1875, Reward: 51.9511, success: 18, fail: 7
Episode: 1876, Reward: 52.2003, success: 18, fail: 7
Episode: 1877, Reward: 61.5797, success: 19, fail: 6
Episode: 1878, Reward: 61.5827, success: 19, fail: 6
Episode: 1879, Reward: 62.3633, success: 19, fail: 6
Episode: 1880, Reward: 51.9838, success: 18, fail: 7
Episode: 1881, Reward: 42.4958, success: 17, fail: 8
Episode: 1882, Reward: 62.2598, success: 19, fail: 6
Episode: 1883, Reward: 41.8932, success: 17, fail: 8
Episode: 1884, Reward: 41.0121, success: 17, fail: 8
Episode: 1885, Reward: 49.9262, success: 18, fail: 7
Episode: 1886, Reward: 40.3510, success: 17, fail: 8
Episode: 1887, Reward: 30.9276, success: 16, fail: 9
Episode: 1888, Reward: 30.8654, success: 16, fail: 9
Episode: 1889, Reward: 61.3040, success: 19, fail: 6
Episode: 1890, Reward: 62.1029, success: 19, fail: 6
Episode: 1891, Reward: 53.0593, success: 18, fail: 7
Episode: 1892, Reward: 62.2046, success: 19, fail: 6
Episode: 1893, Reward: 41.4854, success: 17, fail: 8
Episode: 1894, Reward: 62.2260, success: 19, fail: 6
Episode: 1895, Reward: 41.5190, success: 17, fail: 8
Episode: 1896, Reward: 61.5545, success: 19, fail: 6
Episode: 1897, Reward: 61.8724, success: 19, fail: 6
Episode: 1898, Reward: 71.9848, success: 20, fail: 5
Episode: 1899, Reward: 42.7991, success: 17, fail: 8
Episode: 1900, Reward: 61.8908, success: 19, fail: 6
Episode: 1901, Reward: 40.7117, success: 17, fail: 8
Episode: 1902, Reward: 61.7672, success: 19, fail: 6
Episode: 1903, Reward: 62.1715, success: 19, fail: 6
Episode: 1904, Reward: 51.3570, success: 18, fail: 7
Episode: 1905, Reward: 51.3556, success: 18, fail: 7
Episode: 1906, Reward: 60.9523, success: 19, fail: 6
Episode: 1907, Reward: 52.1300, success: 18, fail: 7
Episode: 1908, Reward: 21.5384, success: 15, fail: 10
Episode: 1909, Reward: 40.4715, success: 17, fail: 8
Episode: 1910, Reward: 51.7701, success: 18, fail: 7
Episode: 1911, Reward: 61.4026, success: 19, fail: 6
Episode: 1912, Reward: 31.8860, success: 16, fail: 9
Episode: 1913, Reward: 52.1233, success: 18, fail: 7
Episode: 1914, Reward: 42.5067, success: 17, fail: 8
Episode: 1915, Reward: 40.9507, success: 17, fail: 8
Episode: 1916, Reward: 41.1991, success: 17, fail: 8
Episode: 1917, Reward: 50.6312, success: 18, fail: 7
Episode: 1918, Reward: 51.1878, success: 18, fail: 7
Episode: 1919, Reward: 51.0993, success: 18, fail: 7
Episode: 1920, Reward: 62.3663, success: 19, fail: 6
Episode: 1921, Reward: 61.3644, success: 19, fail: 6
Episode: 1922, Reward: 52.1730, success: 18, fail: 7
Episode: 1923, Reward: 51.0532, success: 18, fail: 7
Episode: 1924, Reward: 31.5559, success: 16, fail: 9
Episode: 1925, Reward: 40.7370, success: 17, fail: 8
Episode: 1926, Reward: 60.5434, success: 19, fail: 6
Episode: 1927, Reward: 41.3335, success: 17, fail: 8
Episode: 1928, Reward: 41.4600, success: 17, fail: 8
Episode: 1929, Reward: 20.9202, success: 15, fail: 10
Episode: 1930, Reward: 51.3416, success: 18, fail: 7
Episode: 1931, Reward: 42.1778, success: 17, fail: 8
Episode: 1932, Reward: 40.4406, success: 17, fail: 8
Episode: 1933, Reward: 40.2639, success: 17, fail: 8
Episode: 1934, Reward: 50.4815, success: 18, fail: 7
Episode: 1935, Reward: 51.5225, success: 18, fail: 7
Episode: 1936, Reward: 61.8443, success: 19, fail: 6
Episode: 1937, Reward: 41.0626, success: 17, fail: 8
Episode: 1938, Reward: 51.7940, success: 18, fail: 7
Episode: 1939, Reward: 50.9572, success: 18, fail: 7
Episode: 1940, Reward: 51.7017, success: 18, fail: 7
Episode: 1941, Reward: 41.6564, success: 17, fail: 8
Episode: 1942, Reward: 62.5458, success: 19, fail: 6
Episode: 1943, Reward: 41.4678, success: 17, fail: 8
Episode: 1944, Reward: 50.5308, success: 18, fail: 7
Episode: 1945, Reward: 41.6549, success: 17, fail: 8
Episode: 1946, Reward: 51.4580, success: 18, fail: 7
Episode: 1947, Reward: 41.1353, success: 17, fail: 8
Episode: 1948, Reward: 41.9344, success: 17, fail: 8
Episode: 1949, Reward: 52.0241, success: 18, fail: 7
Episode: 1950, Reward: 62.0640, success: 19, fail: 6
Episode: 1951, Reward: 51.7363, success: 18, fail: 7
Episode: 1952, Reward: 50.6577, success: 18, fail: 7
Episode: 1953, Reward: 51.7745, success: 18, fail: 7
Episode: 1954, Reward: 51.7772, success: 18, fail: 7
Episode: 1955, Reward: 50.8173, success: 18, fail: 7
Episode: 1956, Reward: 43.0016, success: 17, fail: 8
Episode: 1957, Reward: 51.6404, success: 18, fail: 7
Episode: 1958, Reward: 52.0155, success: 18, fail: 7
Episode: 1959, Reward: 61.3623, success: 19, fail: 6
Episode: 1960, Reward: 50.9781, success: 18, fail: 7
Episode: 1961, Reward: 42.5871, success: 17, fail: 8
Episode: 1962, Reward: 41.5826, success: 17, fail: 8
Episode: 1963, Reward: 41.8356, success: 17, fail: 8
Episode: 1964, Reward: 61.6511, success: 19, fail: 6
Episode: 1965, Reward: 51.9765, success: 18, fail: 7
Episode: 1966, Reward: 29.8032, success: 16, fail: 9
Episode: 1967, Reward: 31.3193, success: 16, fail: 9
Episode: 1968, Reward: 30.8280, success: 16, fail: 9
Episode: 1969, Reward: 51.1603, success: 18, fail: 7
Episode: 1970, Reward: 51.1654, success: 18, fail: 7
Episode: 1971, Reward: 61.1074, success: 19, fail: 6
Episode: 1972, Reward: 41.1412, success: 17, fail: 8
Episode: 1973, Reward: 41.7276, success: 17, fail: 8
Episode: 1974, Reward: 40.8276, success: 17, fail: 8
Episode: 1975, Reward: 42.4530, success: 17, fail: 8
Episode: 1976, Reward: 50.6475, success: 18, fail: 7
Episode: 1977, Reward: 40.9282, success: 17, fail: 8
Episode: 1978, Reward: 31.4878, success: 16, fail: 9
Episode: 1979, Reward: 61.3715, success: 19, fail: 6
Episode: 1980, Reward: 50.5638, success: 18, fail: 7
Episode: 1981, Reward: 31.1431, success: 16, fail: 9
Episode: 1982, Reward: 41.0948, success: 17, fail: 8
Episode: 1983, Reward: 52.4594, success: 18, fail: 7
Episode: 1984, Reward: 52.6694, success: 18, fail: 7
Episode: 1985, Reward: 31.6328, success: 16, fail: 9
Episode: 1986, Reward: 42.0685, success: 17, fail: 8
Episode: 1987, Reward: 30.8478, success: 16, fail: 9
Episode: 1988, Reward: 40.2188, success: 17, fail: 8
Episode: 1989, Reward: 41.0148, success: 17, fail: 8
Episode: 1990, Reward: 50.7975, success: 18, fail: 7
Episode: 1991, Reward: 52.4796, success: 18, fail: 7
Episode: 1992, Reward: 31.3668, success: 16, fail: 9
Episode: 1993, Reward: 41.8449, success: 17, fail: 8
Episode: 1994, Reward: 61.0549, success: 19, fail: 6
Episode: 1995, Reward: 51.6273, success: 18, fail: 7
Episode: 1996, Reward: 31.3986, success: 16, fail: 9
Episode: 1997, Reward: 31.3211, success: 16, fail: 9
Episode: 1998, Reward: 30.8912, success: 16, fail: 9
Episode: 1999, Reward: 41.4592, success: 17, fail: 8
Episode: 2000, Reward: 51.0534, success: 18, fail: 7
Episode: 2001, Reward: 31.1209, success: 16, fail: 9
Episode: 2002, Reward: 31.4279, success: 16, fail: 9
Episode: 2003, Reward: 41.1097, success: 17, fail: 8
Episode: 2004, Reward: 30.5601, success: 16, fail: 9
Episode: 2005, Reward: 22.1308, success: 15, fail: 10
Episode: 2006, Reward: 31.6602, success: 16, fail: 9
Episode: 2007, Reward: 61.0876, success: 19, fail: 6
Episode: 2008, Reward: 30.8088, success: 16, fail: 9
Episode: 2009, Reward: 32.5025, success: 16, fail: 9
Episode: 2010, Reward: 41.5280, success: 17, fail: 8
Episode: 2011, Reward: 30.0811, success: 16, fail: 9
Episode: 2012, Reward: 40.3455, success: 17, fail: 8
Episode: 2013, Reward: 61.6445, success: 19, fail: 6
Episode: 2014, Reward: 50.4637, success: 18, fail: 7
Episode: 2015, Reward: 31.9422, success: 16, fail: 9
Episode: 2016, Reward: 60.9433, success: 19, fail: 6
Episode: 2017, Reward: 41.5672, success: 17, fail: 8
Episode: 2018, Reward: 40.1474, success: 17, fail: 8
Episode: 2019, Reward: 61.5133, success: 19, fail: 6
Episode: 2020, Reward: 52.2314, success: 18, fail: 7
Episode: 2021, Reward: 40.9548, success: 17, fail: 8
Episode: 2022, Reward: 41.1512, success: 17, fail: 8
Episode: 2023, Reward: 40.7631, success: 17, fail: 8
Episode: 2024, Reward: 21.1774, success: 15, fail: 10
Episode: 2025, Reward: 60.8390, success: 19, fail: 6
Episode: 2026, Reward: 51.6529, success: 18, fail: 7
Episode: 2027, Reward: 50.7558, success: 18, fail: 7
Episode: 2028, Reward: 40.7192, success: 17, fail: 8
Episode: 2029, Reward: 50.5826, success: 18, fail: 7
Episode: 2030, Reward: 50.1403, success: 18, fail: 7
Episode: 2031, Reward: 40.4760, success: 17, fail: 8
Episode: 2032, Reward: 49.2556, success: 18, fail: 7
Episode: 2033, Reward: 40.8560, success: 17, fail: 8
Episode: 2034, Reward: 61.4550, success: 19, fail: 6
Episode: 2035, Reward: 49.6650, success: 18, fail: 7
Episode: 2036, Reward: 41.3104, success: 17, fail: 8
Episode: 2037, Reward: 41.5887, success: 17, fail: 8
Episode: 2038, Reward: 29.9953, success: 16, fail: 9
Episode: 2039, Reward: 31.6568, success: 16, fail: 9
Episode: 2040, Reward: 41.4714, success: 17, fail: 8
Episode: 2041, Reward: 41.3914, success: 17, fail: 8
Episode: 2042, Reward: 51.6169, success: 18, fail: 7
Episode: 2043, Reward: 51.8878, success: 18, fail: 7
Episode: 2044, Reward: 52.3291, success: 18, fail: 7
Episode: 2045, Reward: 30.8540, success: 16, fail: 9
Episode: 2046, Reward: 41.1155, success: 17, fail: 8
Episode: 2047, Reward: 40.3296, success: 17, fail: 8
Episode: 2048, Reward: 41.2555, success: 17, fail: 8
Episode: 2049, Reward: 41.6899, success: 17, fail: 8
Episode: 2050, Reward: 41.5985, success: 17, fail: 8
Episode: 2051, Reward: 61.1920, success: 19, fail: 6
Episode: 2052, Reward: 41.2026, success: 17, fail: 8
Episode: 2053, Reward: 50.6228, success: 18, fail: 7
Episode: 2054, Reward: 31.6517, success: 16, fail: 9
Episode: 2055, Reward: 42.3444, success: 17, fail: 8
Episode: 2056, Reward: 20.2300, success: 15, fail: 10
Episode: 2057, Reward: 42.4408, success: 17, fail: 8
Episode: 2058, Reward: 60.5469, success: 19, fail: 6
Episode: 2059, Reward: 71.4643, success: 20, fail: 5
Episode: 2060, Reward: 30.9731, success: 16, fail: 9
Episode: 2061, Reward: 31.6262, success: 16, fail: 9
Episode: 2062, Reward: 50.5897, success: 18, fail: 7
Episode: 2063, Reward: 51.4475, success: 18, fail: 7
Episode: 2064, Reward: 39.8740, success: 17, fail: 8
Episode: 2065, Reward: 51.9979, success: 18, fail: 7
Episode: 2066, Reward: 39.8282, success: 17, fail: 8
Episode: 2067, Reward: 31.2127, success: 16, fail: 9
Episode: 2068, Reward: 51.9302, success: 18, fail: 7
Episode: 2069, Reward: 42.6330, success: 17, fail: 8
Episode: 2070, Reward: 30.8069, success: 16, fail: 9
Episode: 2071, Reward: 31.9024, success: 16, fail: 9
Episode: 2072, Reward: 32.9182, success: 16, fail: 9
Episode: 2073, Reward: 32.6793, success: 16, fail: 9
Episode: 2074, Reward: 32.1904, success: 16, fail: 9
Episode: 2075, Reward: 32.1931, success: 16, fail: 9
Episode: 2076, Reward: 50.4782, success: 18, fail: 7
Episode: 2077, Reward: 50.3718, success: 18, fail: 7
Episode: 2078, Reward: 53.3220, success: 18, fail: 7
Episode: 2079, Reward: 41.5282, success: 17, fail: 8
Episode: 2080, Reward: 61.6667, success: 19, fail: 6
Episode: 2081, Reward: 51.9325, success: 18, fail: 7
Episode: 2082, Reward: 31.1104, success: 16, fail: 9
Episode: 2083, Reward: 40.8774, success: 17, fail: 8
Episode: 2084, Reward: 51.3279, success: 18, fail: 7
Episode: 2085, Reward: 32.9725, success: 16, fail: 9
Episode: 2086, Reward: 42.4645, success: 17, fail: 8
Episode: 2087, Reward: 41.6593, success: 17, fail: 8
Episode: 2088, Reward: 51.0349, success: 18, fail: 7
Episode: 2089, Reward: 40.9400, success: 17, fail: 8
Episode: 2090, Reward: 53.0690, success: 18, fail: 7
Episode: 2091, Reward: 62.1612, success: 19, fail: 6
Episode: 2092, Reward: 73.5666, success: 20, fail: 5
Episode: 2093, Reward: 42.4383, success: 17, fail: 8
Episode: 2094, Reward: 51.1692, success: 18, fail: 7
Episode: 2095, Reward: 41.7560, success: 17, fail: 8
Episode: 2096, Reward: 51.8527, success: 18, fail: 7
Episode: 2097, Reward: 34.1831, success: 16, fail: 9
Episode: 2098, Reward: 43.1611, success: 17, fail: 8
Episode: 2099, Reward: 53.1909, success: 18, fail: 7
Episode: 2100, Reward: 52.6501, success: 18, fail: 7
Episode: 2101, Reward: 41.8107, success: 17, fail: 8
Episode: 2102, Reward: 42.4967, success: 17, fail: 8
Episode: 2103, Reward: 64.1578, success: 19, fail: 6
Episode: 2104, Reward: 43.0799, success: 17, fail: 8
Episode: 2105, Reward: 55.1453, success: 18, fail: 7
Episode: 2106, Reward: 42.0250, success: 17, fail: 8
Episode: 2107, Reward: 73.5200, success: 20, fail: 5
Episode: 2108, Reward: 72.6480, success: 20, fail: 5
Episode: 2109, Reward: 53.2807, success: 18, fail: 7
Episode: 2110, Reward: 73.2139, success: 20, fail: 5
Episode: 2111, Reward: 63.1192, success: 19, fail: 6
Episode: 2112, Reward: 52.7406, success: 18, fail: 7
Episode: 2113, Reward: 43.5949, success: 17, fail: 8
Episode: 2114, Reward: 43.2625, success: 17, fail: 8
Episode: 2115, Reward: 43.3452, success: 17, fail: 8
Episode: 2116, Reward: 63.9473, success: 19, fail: 6
Episode: 2117, Reward: 52.6947, success: 18, fail: 7
Episode: 2118, Reward: 52.4128, success: 18, fail: 7
Episode: 2119, Reward: 63.9462, success: 19, fail: 6
Episode: 2120, Reward: 64.1451, success: 19, fail: 6
Episode: 2121, Reward: 44.4959, success: 17, fail: 8
Episode: 2122, Reward: 64.3090, success: 19, fail: 6
Episode: 2123, Reward: 53.8634, success: 18, fail: 7
Episode: 2124, Reward: 44.5342, success: 17, fail: 8
Episode: 2125, Reward: 43.4327, success: 17, fail: 8
Episode: 2126, Reward: 52.1876, success: 18, fail: 7
Episode: 2127, Reward: 65.2185, success: 19, fail: 6
Episode: 2128, Reward: 64.7312, success: 19, fail: 6
Episode: 2129, Reward: 61.6765, success: 19, fail: 6
Episode: 2130, Reward: 42.4678, success: 17, fail: 8
Episode: 2131, Reward: 33.3144, success: 16, fail: 9
Episode: 2132, Reward: 52.7921, success: 18, fail: 7
Episode: 2133, Reward: 70.6757, success: 20, fail: 5
Episode: 2134, Reward: 54.0624, success: 18, fail: 7
Episode: 2135, Reward: 53.3133, success: 18, fail: 7
Episode: 2136, Reward: 44.0024, success: 17, fail: 8
Episode: 2137, Reward: 43.9444, success: 17, fail: 8
Episode: 2138, Reward: 52.5925, success: 18, fail: 7
Episode: 2139, Reward: 52.1051, success: 18, fail: 7
Episode: 2140, Reward: 61.4334, success: 19, fail: 6
Episode: 2141, Reward: 62.9702, success: 19, fail: 6
Episode: 2142, Reward: 53.5541, success: 18, fail: 7
Episode: 2143, Reward: 51.9504, success: 18, fail: 7
Episode: 2144, Reward: 53.1342, success: 18, fail: 7
Episode: 2145, Reward: 62.9683, success: 19, fail: 6
Episode: 2146, Reward: 61.7248, success: 19, fail: 6
Episode: 2147, Reward: 51.5575, success: 18, fail: 7
Episode: 2148, Reward: 63.2036, success: 19, fail: 6
Episode: 2149, Reward: 42.5972, success: 17, fail: 8
Episode: 2150, Reward: 53.8795, success: 18, fail: 7
Episode: 2151, Reward: 63.2793, success: 19, fail: 6
Episode: 2152, Reward: 52.0919, success: 18, fail: 7
Episode: 2153, Reward: 72.5575, success: 20, fail: 5
Episode: 2154, Reward: 54.2431, success: 18, fail: 7
Episode: 2155, Reward: 53.1318, success: 18, fail: 7
Episode: 2156, Reward: 41.6729, success: 17, fail: 8
Episode: 2157, Reward: 62.1952, success: 19, fail: 6
Episode: 2158, Reward: 42.9046, success: 17, fail: 8
Episode: 2159, Reward: 52.8824, success: 18, fail: 7
Episode: 2160, Reward: 41.4169, success: 17, fail: 8
Episode: 2161, Reward: 42.7104, success: 17, fail: 8
Episode: 2162, Reward: 53.7828, success: 18, fail: 7
Episode: 2163, Reward: 52.0701, success: 18, fail: 7
Episode: 2164, Reward: 41.9965, success: 17, fail: 8
Episode: 2165, Reward: 51.6419, success: 18, fail: 7
Episode: 2166, Reward: 71.5893, success: 20, fail: 5
Episode: 2167, Reward: 43.1579, success: 17, fail: 8
Episode: 2168, Reward: 53.5567, success: 18, fail: 7
Episode: 2169, Reward: 62.7093, success: 19, fail: 6
Episode: 2170, Reward: 63.0029, success: 19, fail: 6
Episode: 2171, Reward: 62.4726, success: 19, fail: 6
Episode: 2172, Reward: 82.2423, success: 21, fail: 4
Episode: 2173, Reward: 43.7111, success: 17, fail: 8
Episode: 2174, Reward: 64.0179, success: 19, fail: 6
Episode: 2175, Reward: 62.3632, success: 19, fail: 6
Episode: 2176, Reward: 63.5581, success: 19, fail: 6
Episode: 2177, Reward: 63.6262, success: 19, fail: 6
Episode: 2178, Reward: 54.1827, success: 18, fail: 7
Episode: 2179, Reward: 53.7277, success: 18, fail: 7
Episode: 2180, Reward: 54.2370, success: 18, fail: 7
Episode: 2181, Reward: 52.2228, success: 18, fail: 7
Episode: 2182, Reward: 53.6154, success: 18, fail: 7
Episode: 2183, Reward: 52.6356, success: 18, fail: 7
Episode: 2184, Reward: 63.7475, success: 19, fail: 6
Episode: 2185, Reward: 63.4286, success: 19, fail: 6
Episode: 2186, Reward: 53.3273, success: 18, fail: 7
Episode: 2187, Reward: 62.7411, success: 19, fail: 6
Episode: 2188, Reward: 52.2270, success: 18, fail: 7
Episode: 2189, Reward: 42.0077, success: 17, fail: 8
Episode: 2190, Reward: 42.0736, success: 17, fail: 8
Episode: 2191, Reward: 61.9544, success: 19, fail: 6
Episode: 2192, Reward: 64.3582, success: 19, fail: 6
Episode: 2193, Reward: 62.4436, success: 19, fail: 6
Episode: 2194, Reward: 41.5596, success: 17, fail: 8
Episode: 2195, Reward: 62.2457, success: 19, fail: 6
Episode: 2196, Reward: 42.5796, success: 17, fail: 8
Episode: 2197, Reward: 72.2676, success: 20, fail: 5
Episode: 2198, Reward: 63.4762, success: 19, fail: 6
Episode: 2199, Reward: 72.0565, success: 20, fail: 5
Episode: 2200, Reward: 62.2412, success: 19, fail: 6
Episode: 2201, Reward: 72.3642, success: 20, fail: 5
Episode: 2202, Reward: 72.4216, success: 20, fail: 5
Episode: 2203, Reward: 53.1975, success: 18, fail: 7
Episode: 2204, Reward: 62.2308, success: 19, fail: 6
Episode: 2205, Reward: 62.4117, success: 19, fail: 6
Episode: 2206, Reward: 61.8122, success: 19, fail: 6
Episode: 2207, Reward: 83.1506, success: 21, fail: 4
Episode: 2208, Reward: 62.9294, success: 19, fail: 6
Episode: 2209, Reward: 62.6681, success: 19, fail: 6
Episode: 2210, Reward: 61.7298, success: 19, fail: 6
Episode: 2211, Reward: 51.8659, success: 18, fail: 7
Episode: 2212, Reward: 62.4711, success: 19, fail: 6
Episode: 2213, Reward: 63.3016, success: 19, fail: 6
Episode: 2214, Reward: 73.1279, success: 20, fail: 5
Episode: 2215, Reward: 71.7996, success: 20, fail: 5
Episode: 2216, Reward: 71.6493, success: 20, fail: 5
Episode: 2217, Reward: 62.2295, success: 19, fail: 6
Episode: 2218, Reward: 64.4167, success: 19, fail: 6
Episode: 2219, Reward: 62.2274, success: 19, fail: 6
Episode: 2220, Reward: 83.5666, success: 21, fail: 4
Episode: 2221, Reward: 83.0766, success: 21, fail: 4
Episode: 2222, Reward: 63.5971, success: 19, fail: 6
Episode: 2223, Reward: 72.8270, success: 20, fail: 5
Episode: 2224, Reward: 73.3824, success: 20, fail: 5
Episode: 2225, Reward: 62.2071, success: 19, fail: 6
Episode: 2226, Reward: 53.6838, success: 18, fail: 7
Episode: 2227, Reward: 72.9562, success: 20, fail: 5
Episode: 2228, Reward: 63.1795, success: 19, fail: 6
Episode: 2229, Reward: 63.5890, success: 19, fail: 6
Episode: 2230, Reward: 63.2261, success: 19, fail: 6
Episode: 2231, Reward: 53.6503, success: 18, fail: 7
Episode: 2232, Reward: 63.4058, success: 19, fail: 6
Episode: 2233, Reward: 63.8079, success: 19, fail: 6
Episode: 2234, Reward: 63.7909, success: 19, fail: 6
Episode: 2235, Reward: 63.5415, success: 19, fail: 6
Episode: 2236, Reward: 64.1961, success: 19, fail: 6
Episode: 2237, Reward: 54.1186, success: 18, fail: 7
Episode: 2238, Reward: 54.3123, success: 18, fail: 7
Episode: 2239, Reward: 64.7322, success: 19, fail: 6
Episode: 2240, Reward: 65.1106, success: 19, fail: 6
Episode: 2241, Reward: 64.7917, success: 19, fail: 6
Episode: 2242, Reward: 64.8572, success: 19, fail: 6
Episode: 2243, Reward: 54.0462, success: 18, fail: 7
Episode: 2244, Reward: 73.7011, success: 20, fail: 5
Episode: 2245, Reward: 63.7633, success: 19, fail: 6
Episode: 2246, Reward: 63.0940, success: 19, fail: 6
Episode: 2247, Reward: 53.9277, success: 18, fail: 7
Episode: 2248, Reward: 62.6509, success: 19, fail: 6
Episode: 2249, Reward: 53.3998, success: 18, fail: 7
Episode: 2250, Reward: 52.7451, success: 18, fail: 7
Episode: 2251, Reward: 73.6123, success: 20, fail: 5
Episode: 2252, Reward: 63.8837, success: 19, fail: 6
Episode: 2253, Reward: 54.0645, success: 18, fail: 7
Episode: 2254, Reward: 44.3347, success: 17, fail: 8
Episode: 2255, Reward: 53.1099, success: 18, fail: 7
Episode: 2256, Reward: 63.5190, success: 19, fail: 6
Episode: 2257, Reward: 64.1484, success: 19, fail: 6
Episode: 2258, Reward: 53.6250, success: 18, fail: 7
Episode: 2259, Reward: 63.3446, success: 19, fail: 6
Episode: 2260, Reward: 54.6044, success: 18, fail: 7
Episode: 2261, Reward: 44.6197, success: 17, fail: 8
Episode: 2262, Reward: 54.0053, success: 18, fail: 7
Episode: 2263, Reward: 53.9299, success: 18, fail: 7
Episode: 2264, Reward: 63.1514, success: 19, fail: 6
Episode: 2265, Reward: 53.4340, success: 18, fail: 7
Episode: 2266, Reward: 63.2751, success: 19, fail: 6
Episode: 2267, Reward: 43.4582, success: 17, fail: 8
Episode: 2268, Reward: 62.7826, success: 19, fail: 6
Episode: 2269, Reward: 43.4194, success: 17, fail: 8
Episode: 2270, Reward: 52.6918, success: 18, fail: 7
Episode: 2271, Reward: 53.1120, success: 18, fail: 7
Episode: 2272, Reward: 63.5005, success: 19, fail: 6
Episode: 2273, Reward: 53.4501, success: 18, fail: 7
Episode: 2274, Reward: 64.1939, success: 19, fail: 6
Episode: 2275, Reward: 54.0637, success: 18, fail: 7
Episode: 2276, Reward: 64.0811, success: 19, fail: 6
Episode: 2277, Reward: 54.2247, success: 18, fail: 7
Episode: 2278, Reward: 71.8679, success: 20, fail: 5
Episode: 2279, Reward: 53.2977, success: 18, fail: 7
Episode: 2280, Reward: 53.1037, success: 18, fail: 7
Episode: 2281, Reward: 53.6089, success: 18, fail: 7
Episode: 2282, Reward: 53.5364, success: 18, fail: 7
Episode: 2283, Reward: 72.1965, success: 20, fail: 5
Episode: 2284, Reward: 73.5801, success: 20, fail: 5
Episode: 2285, Reward: 52.1420, success: 18, fail: 7
Episode: 2286, Reward: 64.0069, success: 19, fail: 6
Episode: 2287, Reward: 53.8162, success: 18, fail: 7
Episode: 2288, Reward: 63.7532, success: 19, fail: 6
Episode: 2289, Reward: 73.6772, success: 20, fail: 5
Episode: 2290, Reward: 44.4403, success: 17, fail: 8
Episode: 2291, Reward: 63.1240, success: 19, fail: 6
Episode: 2292, Reward: 61.8076, success: 19, fail: 6
Episode: 2293, Reward: 53.5445, success: 18, fail: 7
Episode: 2294, Reward: 63.7225, success: 19, fail: 6
Episode: 2295, Reward: 63.4729, success: 19, fail: 6
Episode: 2296, Reward: 53.8292, success: 18, fail: 7
Episode: 2297, Reward: 63.3044, success: 19, fail: 6
Episode: 2298, Reward: 62.7998, success: 19, fail: 6
Episode: 2299, Reward: 73.9006, success: 20, fail: 5
Episode: 2300, Reward: 73.8246, success: 20, fail: 5
Episode: 2301, Reward: 53.4431, success: 18, fail: 7
Episode: 2302, Reward: 73.2459, success: 20, fail: 5
Episode: 2303, Reward: 62.7689, success: 19, fail: 6
Episode: 2304, Reward: 53.4033, success: 18, fail: 7
Episode: 2305, Reward: 53.0315, success: 18, fail: 7
Episode: 2306, Reward: 64.7284, success: 19, fail: 6
Episode: 2307, Reward: 42.0861, success: 17, fail: 8
Episode: 2308, Reward: 64.5380, success: 19, fail: 6
Episode: 2309, Reward: 52.3993, success: 18, fail: 7
Episode: 2310, Reward: 52.3493, success: 18, fail: 7
Episode: 2311, Reward: 52.1086, success: 18, fail: 7
Episode: 2312, Reward: 51.5791, success: 18, fail: 7
Episode: 2313, Reward: 53.1143, success: 18, fail: 7
Episode: 2314, Reward: 52.3235, success: 18, fail: 7
Episode: 2315, Reward: 52.4035, success: 18, fail: 7
Episode: 2316, Reward: 41.8873, success: 17, fail: 8
Episode: 2317, Reward: 53.0877, success: 18, fail: 7
Episode: 2318, Reward: 61.9577, success: 19, fail: 6
Episode: 2319, Reward: 63.2091, success: 19, fail: 6
Episode: 2320, Reward: 63.3419, success: 19, fail: 6
Episode: 2321, Reward: 52.5720, success: 18, fail: 7
Episode: 2322, Reward: 63.0157, success: 19, fail: 6
Episode: 2323, Reward: 53.1426, success: 18, fail: 7
Episode: 2324, Reward: 74.6372, success: 20, fail: 5
Episode: 2325, Reward: 63.5651, success: 19, fail: 6
Episode: 2326, Reward: 53.9624, success: 18, fail: 7
Episode: 2327, Reward: 43.5542, success: 17, fail: 8
Episode: 2328, Reward: 62.9524, success: 19, fail: 6
Episode: 2329, Reward: 52.0414, success: 18, fail: 7
Episode: 2330, Reward: 41.3184, success: 17, fail: 8
Episode: 2331, Reward: 42.8974, success: 17, fail: 8
Episode: 2332, Reward: 63.2608, success: 19, fail: 6
Episode: 2333, Reward: 64.3833, success: 19, fail: 6
Episode: 2334, Reward: 53.9265, success: 18, fail: 7
Episode: 2335, Reward: 72.1254, success: 20, fail: 5
Episode: 2336, Reward: 52.7265, success: 18, fail: 7
Episode: 2337, Reward: 63.4943, success: 19, fail: 6
Episode: 2338, Reward: 63.0890, success: 19, fail: 6
Episode: 2339, Reward: 42.8101, success: 17, fail: 8
Episode: 2340, Reward: 52.7311, success: 18, fail: 7
Episode: 2341, Reward: 63.5509, success: 19, fail: 6
Episode: 2342, Reward: 63.5049, success: 19, fail: 6
Episode: 2343, Reward: 73.7556, success: 20, fail: 5
Episode: 2344, Reward: 72.8920, success: 20, fail: 5
Episode: 2345, Reward: 62.8944, success: 19, fail: 6
Episode: 2346, Reward: 53.0703, success: 18, fail: 7
Episode: 2347, Reward: 53.5767, success: 18, fail: 7
Episode: 2348, Reward: 63.5901, success: 19, fail: 6
Episode: 2349, Reward: 53.3536, success: 18, fail: 7
Episode: 2350, Reward: 73.8739, success: 20, fail: 5
Episode: 2351, Reward: 62.8617, success: 19, fail: 6
Episode: 2352, Reward: 62.9576, success: 19, fail: 6
Episode: 2353, Reward: 44.1120, success: 17, fail: 8
Episode: 2354, Reward: 62.9107, success: 19, fail: 6
Episode: 2355, Reward: 53.6392, success: 18, fail: 7
Episode: 2356, Reward: 72.3202, success: 20, fail: 5
Episode: 2357, Reward: 63.8009, success: 19, fail: 6
Episode: 2358, Reward: 44.3803, success: 17, fail: 8
Episode: 2359, Reward: 53.5530, success: 18, fail: 7
Episode: 2360, Reward: 64.1091, success: 19, fail: 6
Episode: 2361, Reward: 63.4052, success: 19, fail: 6
Episode: 2362, Reward: 62.3925, success: 19, fail: 6
Episode: 2363, Reward: 63.1873, success: 19, fail: 6
Episode: 2364, Reward: 52.7246, success: 18, fail: 7
Episode: 2365, Reward: 63.7567, success: 19, fail: 6
Episode: 2366, Reward: 52.0610, success: 18, fail: 7
Episode: 2367, Reward: 43.2573, success: 17, fail: 8
Episode: 2368, Reward: 63.7757, success: 19, fail: 6
Episode: 2369, Reward: 51.9397, success: 18, fail: 7
Episode: 2370, Reward: 33.5148, success: 16, fail: 9
Episode: 2371, Reward: 63.9468, success: 19, fail: 6
Episode: 2372, Reward: 63.3294, success: 19, fail: 6
Episode: 2373, Reward: 33.7022, success: 16, fail: 9
Episode: 2374, Reward: 32.5761, success: 16, fail: 9
Episode: 2375, Reward: 72.3249, success: 20, fail: 5
Episode: 2376, Reward: 52.5147, success: 18, fail: 7
Episode: 2377, Reward: 33.6860, success: 16, fail: 9
Episode: 2378, Reward: 54.1724, success: 18, fail: 7
Episode: 2379, Reward: 44.0560, success: 17, fail: 8
Episode: 2380, Reward: 53.9969, success: 18, fail: 7
Episode: 2381, Reward: 53.0735, success: 18, fail: 7
Episode: 2382, Reward: 44.6495, success: 17, fail: 8
Episode: 2383, Reward: 53.5800, success: 18, fail: 7
Episode: 2384, Reward: 62.9678, success: 19, fail: 6
Episode: 2385, Reward: 63.7473, success: 19, fail: 6
Episode: 2386, Reward: 43.7072, success: 17, fail: 8
Episode: 2387, Reward: 52.5877, success: 18, fail: 7
Episode: 2388, Reward: 43.8963, success: 17, fail: 8
Episode: 2389, Reward: 73.8319, success: 20, fail: 5
Episode: 2390, Reward: 63.4047, success: 19, fail: 6
Episode: 2391, Reward: 53.6687, success: 18, fail: 7
Episode: 2392, Reward: 52.4175, success: 18, fail: 7
Episode: 2393, Reward: 73.3563, success: 20, fail: 5
Episode: 2394, Reward: 23.5662, success: 15, fail: 10
Episode: 2395, Reward: 72.7095, success: 20, fail: 5
Episode: 2396, Reward: 24.3974, success: 15, fail: 10
Episode: 2397, Reward: 53.5425, success: 18, fail: 7
Episode: 2398, Reward: 34.1670, success: 16, fail: 9
Episode: 2399, Reward: 63.1477, success: 19, fail: 6
Episode: 2400, Reward: 33.5092, success: 16, fail: 9
Episode: 2401, Reward: 53.8650, success: 18, fail: 7
Episode: 2402, Reward: 43.0492, success: 17, fail: 8
Episode: 2403, Reward: 64.2876, success: 19, fail: 6
Episode: 2404, Reward: 33.6115, success: 16, fail: 9
Episode: 2405, Reward: 61.4518, success: 19, fail: 6
Episode: 2406, Reward: 43.7578, success: 17, fail: 8
Episode: 2407, Reward: 33.4049, success: 16, fail: 9
Episode: 2408, Reward: 44.4075, success: 17, fail: 8
Episode: 2409, Reward: 63.6225, success: 19, fail: 6
Episode: 2410, Reward: 43.8894, success: 17, fail: 8
Episode: 2411, Reward: 43.9830, success: 17, fail: 8
Episode: 2412, Reward: 53.4022, success: 18, fail: 7
Episode: 2413, Reward: 42.3444, success: 17, fail: 8
Episode: 2414, Reward: 43.4289, success: 17, fail: 8
Episode: 2415, Reward: 63.9983, success: 19, fail: 6
Episode: 2416, Reward: 52.0733, success: 18, fail: 7
Episode: 2417, Reward: 63.3587, success: 19, fail: 6
Episode: 2418, Reward: 54.4362, success: 18, fail: 7
Episode: 2419, Reward: 33.5535, success: 16, fail: 9
Episode: 2420, Reward: 42.9884, success: 17, fail: 8
Episode: 2421, Reward: 73.8092, success: 20, fail: 5
Episode: 2422, Reward: 44.0335, success: 17, fail: 8
Episode: 2423, Reward: 53.5064, success: 18, fail: 7
Episode: 2424, Reward: 73.5574, success: 20, fail: 5
Episode: 2425, Reward: 52.3211, success: 18, fail: 7
Episode: 2426, Reward: 42.1163, success: 17, fail: 8
Episode: 2427, Reward: 73.8041, success: 20, fail: 5
Episode: 2428, Reward: 53.2513, success: 18, fail: 7
Episode: 2429, Reward: 53.2619, success: 18, fail: 7
Episode: 2430, Reward: 53.2711, success: 18, fail: 7
Episode: 2431, Reward: 52.8610, success: 18, fail: 7
Episode: 2432, Reward: 43.5369, success: 17, fail: 8
Episode: 2433, Reward: 52.8528, success: 18, fail: 7
Episode: 2434, Reward: 43.4659, success: 17, fail: 8
Episode: 2435, Reward: 51.7565, success: 18, fail: 7
Episode: 2436, Reward: 62.8320, success: 19, fail: 6
Episode: 2437, Reward: 53.8209, success: 18, fail: 7
Episode: 2438, Reward: 62.9086, success: 19, fail: 6
Episode: 2439, Reward: 53.8125, success: 18, fail: 7
Episode: 2440, Reward: 64.1217, success: 19, fail: 6
Episode: 2441, Reward: 63.5846, success: 19, fail: 6
Episode: 2442, Reward: 52.8716, success: 18, fail: 7
Episode: 2443, Reward: 43.3559, success: 17, fail: 8
Episode: 2444, Reward: 43.7249, success: 17, fail: 8
Episode: 2445, Reward: 52.9474, success: 18, fail: 7
Episode: 2446, Reward: 52.7207, success: 18, fail: 7
Episode: 2447, Reward: 64.0496, success: 19, fail: 6
Episode: 2448, Reward: 52.4153, success: 18, fail: 7
Episode: 2449, Reward: 63.0215, success: 19, fail: 6
Episode: 2450, Reward: 43.5510, success: 17, fail: 8
Episode: 2451, Reward: 42.1997, success: 17, fail: 8
Episode: 2452, Reward: 64.1516, success: 19, fail: 6
Episode: 2453, Reward: 51.7009, success: 18, fail: 7
Episode: 2454, Reward: 53.7167, success: 18, fail: 7
Episode: 2455, Reward: 43.4671, success: 17, fail: 8
Episode: 2456, Reward: 32.8838, success: 16, fail: 9
Episode: 2457, Reward: 52.3698, success: 18, fail: 7
Episode: 2458, Reward: 34.1070, success: 16, fail: 9
Episode: 2459, Reward: 52.5813, success: 18, fail: 7
Episode: 2460, Reward: 52.8617, success: 18, fail: 7
Episode: 2461, Reward: 43.5909, success: 17, fail: 8
Episode: 2462, Reward: 62.9813, success: 19, fail: 6
Episode: 2463, Reward: 52.9486, success: 18, fail: 7
Episode: 2464, Reward: 43.2774, success: 17, fail: 8
Episode: 2465, Reward: 63.2670, success: 19, fail: 6
Episode: 2466, Reward: 43.1424, success: 17, fail: 8
Episode: 2467, Reward: 62.9496, success: 19, fail: 6
Episode: 2468, Reward: 43.7729, success: 17, fail: 8
Episode: 2469, Reward: 62.6468, success: 19, fail: 6
Episode: 2470, Reward: 42.6562, success: 17, fail: 8
Episode: 2471, Reward: 53.2513, success: 18, fail: 7
Episode: 2472, Reward: 52.4691, success: 18, fail: 7
Episode: 2473, Reward: 52.6801, success: 18, fail: 7
Episode: 2474, Reward: 63.6366, success: 19, fail: 6
Episode: 2475, Reward: 61.2084, success: 19, fail: 6
Episode: 2476, Reward: 53.0364, success: 18, fail: 7
Episode: 2477, Reward: 54.3860, success: 18, fail: 7
Episode: 2478, Reward: 32.2410, success: 16, fail: 9
Episode: 2479, Reward: 62.8528, success: 19, fail: 6
Episode: 2480, Reward: 43.4643, success: 17, fail: 8
Episode: 2481, Reward: 42.6013, success: 17, fail: 8
Episode: 2482, Reward: 63.8344, success: 19, fail: 6
Episode: 2483, Reward: 42.6313, success: 17, fail: 8
Episode: 2484, Reward: 72.3938, success: 20, fail: 5
Episode: 2485, Reward: 52.5974, success: 18, fail: 7
Episode: 2486, Reward: 41.8392, success: 17, fail: 8
Episode: 2487, Reward: 33.4772, success: 16, fail: 9
Episode: 2488, Reward: 43.6733, success: 17, fail: 8
Episode: 2489, Reward: 62.7084, success: 19, fail: 6
Episode: 2490, Reward: 43.9204, success: 17, fail: 8
Episode: 2491, Reward: 63.0583, success: 19, fail: 6
Episode: 2492, Reward: 73.1609, success: 20, fail: 5
Episode: 2493, Reward: 62.4773, success: 19, fail: 6
Episode: 2494, Reward: 63.8177, success: 19, fail: 6
Episode: 2495, Reward: 42.1709, success: 17, fail: 8
Episode: 2496, Reward: 52.4614, success: 18, fail: 7
Episode: 2497, Reward: 53.1321, success: 18, fail: 7
Episode: 2498, Reward: 63.2796, success: 19, fail: 6
Episode: 2499, Reward: 63.2170, success: 19, fail: 6
Episode: 2500, Reward: 72.1685, success: 20, fail: 5
Episode: 2501, Reward: 62.4225, success: 19, fail: 6
Episode: 2502, Reward: 61.3854, success: 19, fail: 6
Episode: 2503, Reward: 43.3537, success: 17, fail: 8
Episode: 2504, Reward: 53.1656, success: 18, fail: 7
Episode: 2505, Reward: 52.5311, success: 18, fail: 7
Episode: 2506, Reward: 51.9112, success: 18, fail: 7
Episode: 2507, Reward: 43.7210, success: 17, fail: 8
Episode: 2508, Reward: 41.9871, success: 17, fail: 8
Episode: 2509, Reward: 52.3580, success: 18, fail: 7
Episode: 2510, Reward: 61.7005, success: 19, fail: 6
Episode: 2511, Reward: 62.0257, success: 19, fail: 6
Episode: 2512, Reward: 42.5179, success: 17, fail: 8
Episode: 2513, Reward: 52.2022, success: 18, fail: 7
Episode: 2514, Reward: 33.4249, success: 16, fail: 9
Episode: 2515, Reward: 41.1284, success: 17, fail: 8
Episode: 2516, Reward: 52.2031, success: 18, fail: 7
Episode: 2517, Reward: 61.6898, success: 19, fail: 6
Episode: 2518, Reward: 52.1634, success: 18, fail: 7
Episode: 2519, Reward: 51.6885, success: 18, fail: 7
Episode: 2520, Reward: 72.5648, success: 20, fail: 5
Episode: 2521, Reward: 52.1065, success: 18, fail: 7
Episode: 2522, Reward: 62.3507, success: 19, fail: 6
Episode: 2523, Reward: 32.5380, success: 16, fail: 9
Episode: 2524, Reward: 53.5820, success: 18, fail: 7
Episode: 2525, Reward: 52.1146, success: 18, fail: 7
Episode: 2526, Reward: 53.4758, success: 18, fail: 7
Episode: 2527, Reward: 63.2560, success: 19, fail: 6
Episode: 2528, Reward: 53.1642, success: 18, fail: 7
Episode: 2529, Reward: 42.6380, success: 17, fail: 8
Episode: 2530, Reward: 43.3211, success: 17, fail: 8
Episode: 2531, Reward: 72.5986, success: 20, fail: 5
Episode: 2532, Reward: 53.0483, success: 18, fail: 7
Episode: 2533, Reward: 42.7796, success: 17, fail: 8
Episode: 2534, Reward: 41.8838, success: 17, fail: 8
Episode: 2535, Reward: 53.1817, success: 18, fail: 7
Episode: 2536, Reward: 53.5108, success: 18, fail: 7
Episode: 2537, Reward: 52.5615, success: 18, fail: 7
Episode: 2538, Reward: 52.9233, success: 18, fail: 7
Episode: 2539, Reward: 63.2152, success: 19, fail: 6
Episode: 2540, Reward: 32.1672, success: 16, fail: 9
Episode: 2541, Reward: 62.4006, success: 19, fail: 6
Episode: 2542, Reward: 53.4433, success: 18, fail: 7
Episode: 2543, Reward: 52.2578, success: 18, fail: 7
Episode: 2544, Reward: 41.7765, success: 17, fail: 8
Episode: 2545, Reward: 43.0410, success: 17, fail: 8
Episode: 2546, Reward: 52.5450, success: 18, fail: 7
Episode: 2547, Reward: 62.0294, success: 19, fail: 6
Episode: 2548, Reward: 41.9361, success: 17, fail: 8
Episode: 2549, Reward: 52.4856, success: 18, fail: 7
Episode: 2550, Reward: 42.7391, success: 17, fail: 8
Episode: 2551, Reward: 41.6825, success: 17, fail: 8
Episode: 2552, Reward: 52.4799, success: 18, fail: 7
Episode: 2553, Reward: 52.2102, success: 18, fail: 7
Episode: 2554, Reward: 52.2825, success: 18, fail: 7
Episode: 2555, Reward: 72.9524, success: 20, fail: 5
Episode: 2556, Reward: 42.7226, success: 17, fail: 8
Episode: 2557, Reward: 63.6702, success: 19, fail: 6
Episode: 2558, Reward: 52.5560, success: 18, fail: 7
Episode: 2559, Reward: 51.8403, success: 18, fail: 7
Episode: 2560, Reward: 53.8094, success: 18, fail: 7
Episode: 2561, Reward: 83.5412, success: 21, fail: 4
Episode: 2562, Reward: 73.7075, success: 20, fail: 5
Episode: 2563, Reward: 52.8168, success: 18, fail: 7
Episode: 2564, Reward: 53.2694, success: 18, fail: 7
Episode: 2565, Reward: 52.8821, success: 18, fail: 7
Episode: 2566, Reward: 33.1265, success: 16, fail: 9
Episode: 2567, Reward: 44.0537, success: 17, fail: 8
Episode: 2568, Reward: 53.6331, success: 18, fail: 7
Episode: 2569, Reward: 52.0888, success: 18, fail: 7
Episode: 2570, Reward: 63.7847, success: 19, fail: 6
Episode: 2571, Reward: 43.6586, success: 17, fail: 8
Episode: 2572, Reward: 52.0660, success: 18, fail: 7
Episode: 2573, Reward: 63.7833, success: 19, fail: 6
Episode: 2574, Reward: 43.4492, success: 17, fail: 8
Episode: 2575, Reward: 34.1712, success: 16, fail: 9
Episode: 2576, Reward: 42.7101, success: 17, fail: 8
Episode: 2577, Reward: 42.1735, success: 17, fail: 8
Episode: 2578, Reward: 43.0866, success: 17, fail: 8
Episode: 2579, Reward: 31.6681, success: 16, fail: 9
Episode: 2580, Reward: 63.2449, success: 19, fail: 6
Episode: 2581, Reward: 43.6097, success: 17, fail: 8
Episode: 2582, Reward: 23.0527, success: 15, fail: 10
Episode: 2583, Reward: 52.9109, success: 18, fail: 7
Episode: 2584, Reward: 44.1062, success: 17, fail: 8
Episode: 2585, Reward: 52.0410, success: 18, fail: 7
Episode: 2586, Reward: 52.1539, success: 18, fail: 7
Episode: 2587, Reward: 32.8630, success: 16, fail: 9
Episode: 2588, Reward: 72.1286, success: 20, fail: 5
Episode: 2589, Reward: 63.1501, success: 19, fail: 6
Episode: 2590, Reward: 72.8978, success: 20, fail: 5
Episode: 2591, Reward: 71.4852, success: 20, fail: 5
Episode: 2592, Reward: 62.2931, success: 19, fail: 6
Episode: 2593, Reward: 52.8783, success: 18, fail: 7
Episode: 2594, Reward: 63.3482, success: 19, fail: 6
Episode: 2595, Reward: 52.2774, success: 18, fail: 7
Episode: 2596, Reward: 62.0039, success: 19, fail: 6
Episode: 2597, Reward: 52.0250, success: 18, fail: 7
Episode: 2598, Reward: 42.4007, success: 17, fail: 8
Episode: 2599, Reward: 42.5609, success: 17, fail: 8
Episode: 2600, Reward: 51.0392, success: 18, fail: 7
Episode: 2601, Reward: 52.5325, success: 18, fail: 7
Episode: 2602, Reward: 42.6664, success: 17, fail: 8
Episode: 2603, Reward: 43.1332, success: 17, fail: 8
Episode: 2604, Reward: 43.0130, success: 17, fail: 8
Episode: 2605, Reward: 43.0402, success: 17, fail: 8
Episode: 2606, Reward: 41.7323, success: 17, fail: 8
Episode: 2607, Reward: 53.0640, success: 18, fail: 7
Episode: 2608, Reward: 42.2832, success: 17, fail: 8
Episode: 2609, Reward: 32.6140, success: 16, fail: 9
Episode: 2610, Reward: 72.8284, success: 20, fail: 5
Episode: 2611, Reward: 42.4297, success: 17, fail: 8
Episode: 2612, Reward: 42.9430, success: 17, fail: 8
Episode: 2613, Reward: 32.6237, success: 16, fail: 9
Episode: 2614, Reward: 33.0195, success: 16, fail: 9
Episode: 2615, Reward: 53.1668, success: 18, fail: 7
Episode: 2616, Reward: 53.3153, success: 18, fail: 7
Episode: 2617, Reward: 54.2853, success: 18, fail: 7
Episode: 2618, Reward: 52.3264, success: 18, fail: 7
Episode: 2619, Reward: 72.3627, success: 20, fail: 5
Episode: 2620, Reward: 52.9854, success: 18, fail: 7
Episode: 2621, Reward: 62.6317, success: 19, fail: 6
Episode: 2622, Reward: 32.1809, success: 16, fail: 9
Episode: 2623, Reward: 61.8005, success: 19, fail: 6
Episode: 2624, Reward: 52.2083, success: 18, fail: 7
Episode: 2625, Reward: 62.5056, success: 19, fail: 6
Episode: 2626, Reward: 52.9036, success: 18, fail: 7
Episode: 2627, Reward: 41.4747, success: 17, fail: 8
Episode: 2628, Reward: 73.8438, success: 20, fail: 5
Episode: 2629, Reward: 22.3182, success: 15, fail: 10
Episode: 2630, Reward: 62.6470, success: 19, fail: 6
Episode: 2631, Reward: 42.8643, success: 17, fail: 8
Episode: 2632, Reward: 63.1889, success: 19, fail: 6
Episode: 2633, Reward: 52.2664, success: 18, fail: 7
Episode: 2634, Reward: 52.0634, success: 18, fail: 7
Episode: 2635, Reward: 33.0832, success: 16, fail: 9
Episode: 2636, Reward: 52.7747, success: 18, fail: 7
Episode: 2637, Reward: 43.1101, success: 17, fail: 8
Episode: 2638, Reward: 52.3068, success: 18, fail: 7
Episode: 2639, Reward: 53.6348, success: 18, fail: 7
Episode: 2640, Reward: 32.2210, success: 16, fail: 9
Episode: 2641, Reward: 63.3891, success: 19, fail: 6
Episode: 2642, Reward: 62.2972, success: 19, fail: 6
Episode: 2643, Reward: 62.4448, success: 19, fail: 6
Episode: 2644, Reward: 53.0294, success: 18, fail: 7
Episode: 2645, Reward: 53.8264, success: 18, fail: 7
Episode: 2646, Reward: 54.2537, success: 18, fail: 7
Episode: 2647, Reward: 32.3331, success: 16, fail: 9
Episode: 2648, Reward: 42.7034, success: 17, fail: 8
Episode: 2649, Reward: 54.0775, success: 18, fail: 7
Episode: 2650, Reward: 44.6952, success: 17, fail: 8
Episode: 2651, Reward: 52.2605, success: 18, fail: 7
Episode: 2652, Reward: 41.8743, success: 17, fail: 8
Episode: 2653, Reward: 42.6846, success: 17, fail: 8
Episode: 2654, Reward: 42.1507, success: 17, fail: 8
Episode: 2655, Reward: 41.9829, success: 17, fail: 8
Episode: 2656, Reward: 33.5571, success: 16, fail: 9
Episode: 2657, Reward: 73.6000, success: 20, fail: 5
Episode: 2658, Reward: 62.6457, success: 19, fail: 6
Episode: 2659, Reward: 53.1538, success: 18, fail: 7
Episode: 2660, Reward: 51.9888, success: 18, fail: 7
Episode: 2661, Reward: 42.4715, success: 17, fail: 8
Episode: 2662, Reward: 42.7353, success: 17, fail: 8
Episode: 2663, Reward: 53.2690, success: 18, fail: 7
Episode: 2664, Reward: 54.2789, success: 18, fail: 7
Episode: 2665, Reward: 51.6936, success: 18, fail: 7
Episode: 2666, Reward: 53.2804, success: 18, fail: 7
Episode: 2667, Reward: 63.5667, success: 19, fail: 6
Episode: 2668, Reward: 32.2720, success: 16, fail: 9
Episode: 2669, Reward: 43.2627, success: 17, fail: 8
Episode: 2670, Reward: 63.2564, success: 19, fail: 6
Episode: 2671, Reward: 63.6690, success: 19, fail: 6
Episode: 2672, Reward: 33.7188, success: 16, fail: 9
Episode: 2673, Reward: 63.6677, success: 19, fail: 6
Episode: 2674, Reward: 33.6065, success: 16, fail: 9
Episode: 2675, Reward: 63.4704, success: 19, fail: 6
Episode: 2676, Reward: 73.2323, success: 20, fail: 5
Episode: 2677, Reward: 73.4700, success: 20, fail: 5
Episode: 2678, Reward: 62.7750, success: 19, fail: 6
Episode: 2679, Reward: 42.6326, success: 17, fail: 8
Episode: 2680, Reward: 53.7072, success: 18, fail: 7
Episode: 2681, Reward: 64.5330, success: 19, fail: 6
Episode: 2682, Reward: 62.8379, success: 19, fail: 6
Episode: 2683, Reward: 53.8474, success: 18, fail: 7
Episode: 2684, Reward: 33.4085, success: 16, fail: 9
Episode: 2685, Reward: 43.8913, success: 17, fail: 8
Episode: 2686, Reward: 44.4080, success: 17, fail: 8
Episode: 2687, Reward: 32.2246, success: 16, fail: 9
Episode: 2688, Reward: 54.3212, success: 18, fail: 7
Episode: 2689, Reward: 43.2902, success: 17, fail: 8
Episode: 2690, Reward: 54.6046, success: 18, fail: 7
Episode: 2691, Reward: 72.7048, success: 20, fail: 5
Episode: 2692, Reward: 44.9529, success: 17, fail: 8
Episode: 2693, Reward: 52.8645, success: 18, fail: 7
Episode: 2694, Reward: 71.8466, success: 20, fail: 5
Episode: 2695, Reward: 63.4695, success: 19, fail: 6
Episode: 2696, Reward: 63.3349, success: 19, fail: 6
Episode: 2697, Reward: 74.2511, success: 20, fail: 5
Episode: 2698, Reward: 43.2280, success: 17, fail: 8
Episode: 2699, Reward: 42.4280, success: 17, fail: 8
Episode: 2700, Reward: 53.0383, success: 18, fail: 7
Episode: 2701, Reward: 52.2445, success: 18, fail: 7
Episode: 2702, Reward: 53.7751, success: 18, fail: 7
Episode: 2703, Reward: 43.9710, success: 17, fail: 8
Episode: 2704, Reward: 53.3545, success: 18, fail: 7
Episode: 2705, Reward: 43.4487, success: 17, fail: 8
Episode: 2706, Reward: 62.8711, success: 19, fail: 6
Episode: 2707, Reward: 63.1965, success: 19, fail: 6
Episode: 2708, Reward: 53.0549, success: 18, fail: 7
Episode: 2709, Reward: 33.1811, success: 16, fail: 9
Episode: 2710, Reward: 43.3523, success: 17, fail: 8
Episode: 2711, Reward: 62.7209, success: 19, fail: 6
Episode: 2712, Reward: 53.8544, success: 18, fail: 7
Episode: 2713, Reward: 62.4470, success: 19, fail: 6
Episode: 2714, Reward: 54.1937, success: 18, fail: 7
Episode: 2715, Reward: 61.8183, success: 19, fail: 6
Episode: 2716, Reward: 52.7475, success: 18, fail: 7
Episode: 2717, Reward: 53.4500, success: 18, fail: 7
Episode: 2718, Reward: 62.8208, success: 19, fail: 6
Episode: 2719, Reward: 72.2395, success: 20, fail: 5
Episode: 2720, Reward: 63.4624, success: 19, fail: 6
Episode: 2721, Reward: 73.1823, success: 20, fail: 5
Episode: 2722, Reward: 73.4088, success: 20, fail: 5
Episode: 2723, Reward: 61.7646, success: 19, fail: 6
Episode: 2724, Reward: 63.1685, success: 19, fail: 6
Episode: 2725, Reward: 42.3360, success: 17, fail: 8
Episode: 2726, Reward: 63.0839, success: 19, fail: 6
Episode: 2727, Reward: 43.2136, success: 17, fail: 8
Episode: 2728, Reward: 62.4049, success: 19, fail: 6
Episode: 2729, Reward: 53.0384, success: 18, fail: 7
Episode: 2730, Reward: 53.5220, success: 18, fail: 7
Episode: 2731, Reward: 63.0593, success: 19, fail: 6
Episode: 2732, Reward: 43.2756, success: 17, fail: 8
Episode: 2733, Reward: 62.5840, success: 19, fail: 6
Episode: 2734, Reward: 63.5589, success: 19, fail: 6
Episode: 2735, Reward: 63.6256, success: 19, fail: 6
Episode: 2736, Reward: 62.4797, success: 19, fail: 6
Episode: 2737, Reward: 43.9567, success: 17, fail: 8
Episode: 2738, Reward: 63.9474, success: 19, fail: 6
Episode: 2739, Reward: 63.6134, success: 19, fail: 6
Episode: 2740, Reward: 53.1369, success: 18, fail: 7
Episode: 2741, Reward: 63.1115, success: 19, fail: 6
Episode: 2742, Reward: 52.5765, success: 18, fail: 7
Episode: 2743, Reward: 73.1433, success: 20, fail: 5
Episode: 2744, Reward: 33.5762, success: 16, fail: 9
Episode: 2745, Reward: 53.7660, success: 18, fail: 7
Episode: 2746, Reward: 63.5735, success: 19, fail: 6
Episode: 2747, Reward: 62.6557, success: 19, fail: 6
Episode: 2748, Reward: 52.9242, success: 18, fail: 7
Episode: 2749, Reward: 43.5387, success: 17, fail: 8
Episode: 2750, Reward: 53.4891, success: 18, fail: 7
Episode: 2751, Reward: 72.0390, success: 20, fail: 5
Episode: 2752, Reward: 63.5897, success: 19, fail: 6
Episode: 2753, Reward: 63.4565, success: 19, fail: 6
Episode: 2754, Reward: 63.4794, success: 19, fail: 6
Episode: 2755, Reward: 42.5089, success: 17, fail: 8
Episode: 2756, Reward: 53.1435, success: 18, fail: 7
Episode: 2757, Reward: 53.0454, success: 18, fail: 7
Episode: 2758, Reward: 43.2304, success: 17, fail: 8
Episode: 2759, Reward: 61.6312, success: 19, fail: 6
Episode: 2760, Reward: 53.3799, success: 18, fail: 7
Episode: 2761, Reward: 53.2666, success: 18, fail: 7
Episode: 2762, Reward: 42.7920, success: 17, fail: 8
Episode: 2763, Reward: 42.6979, success: 17, fail: 8
Episode: 2764, Reward: 63.4209, success: 19, fail: 6
Episode: 2765, Reward: 54.0146, success: 18, fail: 7
Episode: 2766, Reward: 62.7175, success: 19, fail: 6
Episode: 2767, Reward: 73.4935, success: 20, fail: 5
Episode: 2768, Reward: 52.2063, success: 18, fail: 7
Episode: 2769, Reward: 44.1043, success: 17, fail: 8
Episode: 2770, Reward: 52.9952, success: 18, fail: 7
Episode: 2771, Reward: 63.6433, success: 19, fail: 6
Episode: 2772, Reward: 53.2107, success: 18, fail: 7
Episode: 2773, Reward: 42.5300, success: 17, fail: 8
Episode: 2774, Reward: 54.0539, success: 18, fail: 7
Episode: 2775, Reward: 52.1354, success: 18, fail: 7
Episode: 2776, Reward: 53.3320, success: 18, fail: 7
Episode: 2777, Reward: 42.5402, success: 17, fail: 8
Episode: 2778, Reward: 62.0875, success: 19, fail: 6
Episode: 2779, Reward: 61.4731, success: 19, fail: 6
Episode: 2780, Reward: 52.4296, success: 18, fail: 7
Episode: 2781, Reward: 53.3769, success: 18, fail: 7
Episode: 2782, Reward: 64.1161, success: 19, fail: 6
Episode: 2783, Reward: 52.1154, success: 18, fail: 7
Episode: 2784, Reward: 52.5647, success: 18, fail: 7
Episode: 2785, Reward: 53.3786, success: 18, fail: 7
Episode: 2786, Reward: 73.8330, success: 20, fail: 5
Episode: 2787, Reward: 53.8271, success: 18, fail: 7
Episode: 2788, Reward: 53.3004, success: 18, fail: 7
Episode: 2789, Reward: 32.8171, success: 16, fail: 9
Episode: 2790, Reward: 53.1647, success: 18, fail: 7
Episode: 2791, Reward: 51.8853, success: 18, fail: 7
Episode: 2792, Reward: 51.4914, success: 18, fail: 7
Episode: 2793, Reward: 53.9822, success: 18, fail: 7
Episode: 2794, Reward: 73.5518, success: 20, fail: 5
Episode: 2795, Reward: 63.3717, success: 19, fail: 6
Episode: 2796, Reward: 53.2990, success: 18, fail: 7
Episode: 2797, Reward: 53.1445, success: 18, fail: 7
Episode: 2798, Reward: 52.7607, success: 18, fail: 7
Episode: 2799, Reward: 64.2211, success: 19, fail: 6
Episode: 2800, Reward: 52.9002, success: 18, fail: 7
Episode: 2801, Reward: 62.3950, success: 19, fail: 6
Episode: 2802, Reward: 43.2819, success: 17, fail: 8
Episode: 2803, Reward: 52.5739, success: 18, fail: 7
Episode: 2804, Reward: 53.9855, success: 18, fail: 7
Episode: 2805, Reward: 52.3270, success: 18, fail: 7
Episode: 2806, Reward: 53.6693, success: 18, fail: 7
Episode: 2807, Reward: 62.7528, success: 19, fail: 6
Episode: 2808, Reward: 53.4066, success: 18, fail: 7
Episode: 2809, Reward: 73.4040, success: 20, fail: 5
Episode: 2810, Reward: 63.6277, success: 19, fail: 6
Episode: 2811, Reward: 62.3202, success: 19, fail: 6
Episode: 2812, Reward: 52.5750, success: 18, fail: 7
Episode: 2813, Reward: 42.0966, success: 17, fail: 8
Episode: 2814, Reward: 52.5004, success: 18, fail: 7
Episode: 2815, Reward: 53.0746, success: 18, fail: 7
Episode: 2816, Reward: 52.7017, success: 18, fail: 7
Episode: 2817, Reward: 62.6223, success: 19, fail: 6
Episode: 2818, Reward: 72.7550, success: 20, fail: 5
Episode: 2819, Reward: 61.9571, success: 19, fail: 6
Episode: 2820, Reward: 63.3404, success: 19, fail: 6
Episode: 2821, Reward: 63.2176, success: 19, fail: 6
Episode: 2822, Reward: 63.1941, success: 19, fail: 6
Episode: 2823, Reward: 61.9722, success: 19, fail: 6
Episode: 2824, Reward: 42.8586, success: 17, fail: 8
Episode: 2825, Reward: 53.9837, success: 18, fail: 7
Episode: 2826, Reward: 41.6462, success: 17, fail: 8
Episode: 2827, Reward: 33.0841, success: 16, fail: 9
Episode: 2828, Reward: 72.7053, success: 20, fail: 5
Episode: 2829, Reward: 33.2817, success: 16, fail: 9
Episode: 2830, Reward: 43.1183, success: 17, fail: 8
Episode: 2831, Reward: 62.3583, success: 19, fail: 6
Episode: 2832, Reward: 52.6127, success: 18, fail: 7
Episode: 2833, Reward: 72.7078, success: 20, fail: 5
Episode: 2834, Reward: 62.4072, success: 19, fail: 6
Episode: 2835, Reward: 52.5627, success: 18, fail: 7
Episode: 2836, Reward: 62.8178, success: 19, fail: 6
Episode: 2837, Reward: 52.7506, success: 18, fail: 7
Episode: 2838, Reward: 41.8440, success: 17, fail: 8
Episode: 2839, Reward: 62.7454, success: 19, fail: 6
Episode: 2840, Reward: 63.3743, success: 19, fail: 6
Episode: 2841, Reward: 42.2849, success: 17, fail: 8
Episode: 2842, Reward: 72.1872, success: 20, fail: 5
Episode: 2843, Reward: 53.6148, success: 18, fail: 7
Episode: 2844, Reward: 51.9077, success: 18, fail: 7
Episode: 2845, Reward: 63.3872, success: 19, fail: 6
Episode: 2846, Reward: 61.7204, success: 19, fail: 6
Episode: 2847, Reward: 52.4277, success: 18, fail: 7
Episode: 2848, Reward: 52.4620, success: 18, fail: 7
Episode: 2849, Reward: 53.3281, success: 18, fail: 7
Episode: 2850, Reward: 61.9945, success: 19, fail: 6
Episode: 2851, Reward: 63.5960, success: 19, fail: 6
Episode: 2852, Reward: 61.8750, success: 19, fail: 6
Episode: 2853, Reward: 52.2390, success: 18, fail: 7
Episode: 2854, Reward: 53.9773, success: 18, fail: 7
Episode: 2855, Reward: 72.7889, success: 20, fail: 5
Episode: 2856, Reward: 72.7372, success: 20, fail: 5
Episode: 2857, Reward: 62.2135, success: 19, fail: 6
Episode: 2858, Reward: 52.6168, success: 18, fail: 7
Episode: 2859, Reward: 72.2568, success: 20, fail: 5
Episode: 2860, Reward: 61.5042, success: 19, fail: 6
Episode: 2861, Reward: 52.0546, success: 18, fail: 7
Episode: 2862, Reward: 61.9733, success: 19, fail: 6
Episode: 2863, Reward: 51.6421, success: 18, fail: 7
Episode: 2864, Reward: 52.5703, success: 18, fail: 7
Episode: 2865, Reward: 52.4081, success: 18, fail: 7
Episode: 2866, Reward: 74.1362, success: 20, fail: 5
Episode: 2867, Reward: 63.0129, success: 19, fail: 6
Episode: 2868, Reward: 63.2822, success: 19, fail: 6
Episode: 2869, Reward: 72.6037, success: 20, fail: 5
Episode: 2870, Reward: 53.8256, success: 18, fail: 7
Episode: 2871, Reward: 63.6390, success: 19, fail: 6
Episode: 2872, Reward: 52.6635, success: 18, fail: 7
Episode: 2873, Reward: 71.7934, success: 20, fail: 5
Episode: 2874, Reward: 61.8853, success: 19, fail: 6
Episode: 2875, Reward: 62.7520, success: 19, fail: 6
Episode: 2876, Reward: 52.2599, success: 18, fail: 7
Episode: 2877, Reward: 62.9184, success: 19, fail: 6
Episode: 2878, Reward: 62.8913, success: 19, fail: 6
Episode: 2879, Reward: 61.7918, success: 19, fail: 6
Episode: 2880, Reward: 53.4086, success: 18, fail: 7
Episode: 2881, Reward: 52.6443, success: 18, fail: 7
Episode: 2882, Reward: 72.0121, success: 20, fail: 5
Episode: 2883, Reward: 52.6625, success: 18, fail: 7
Episode: 2884, Reward: 63.3697, success: 19, fail: 6
Episode: 2885, Reward: 42.5503, success: 17, fail: 8
Episode: 2886, Reward: 62.6876, success: 19, fail: 6
Episode: 2887, Reward: 32.7417, success: 16, fail: 9
Episode: 2888, Reward: 62.4613, success: 19, fail: 6
Episode: 2889, Reward: 61.8553, success: 19, fail: 6
Episode: 2890, Reward: 51.4977, success: 18, fail: 7
Episode: 2891, Reward: 63.8181, success: 19, fail: 6
Episode: 2892, Reward: 62.9710, success: 19, fail: 6
Episode: 2893, Reward: 52.4860, success: 18, fail: 7
Episode: 2894, Reward: 63.2910, success: 19, fail: 6
Episode: 2895, Reward: 51.7483, success: 18, fail: 7
Episode: 2896, Reward: 62.7229, success: 19, fail: 6
Episode: 2897, Reward: 42.7396, success: 17, fail: 8
Episode: 2898, Reward: 54.4150, success: 18, fail: 7
Episode: 2899, Reward: 43.6835, success: 17, fail: 8
Episode: 2900, Reward: 63.4362, success: 19, fail: 6
Episode: 2901, Reward: 52.6424, success: 18, fail: 7
Episode: 2902, Reward: 63.8819, success: 19, fail: 6
Episode: 2903, Reward: 63.3400, success: 19, fail: 6
Episode: 2904, Reward: 53.8870, success: 18, fail: 7
Episode: 2905, Reward: 62.3556, success: 19, fail: 6
Episode: 2906, Reward: 61.4574, success: 19, fail: 6
Episode: 2907, Reward: 53.2548, success: 18, fail: 7
Episode: 2908, Reward: 43.0526, success: 17, fail: 8
Episode: 2909, Reward: 52.3510, success: 18, fail: 7
Episode: 2910, Reward: 43.2985, success: 17, fail: 8
Episode: 2911, Reward: 32.8939, success: 16, fail: 9
Episode: 2912, Reward: 53.8152, success: 18, fail: 7
Episode: 2913, Reward: 42.3155, success: 17, fail: 8
Episode: 2914, Reward: 53.6778, success: 18, fail: 7
Episode: 2915, Reward: 43.2115, success: 17, fail: 8
Episode: 2916, Reward: 53.8028, success: 18, fail: 7
Episode: 2917, Reward: 53.0922, success: 18, fail: 7
Episode: 2918, Reward: 63.2376, success: 19, fail: 6
Episode: 2919, Reward: 33.1139, success: 16, fail: 9
Episode: 2920, Reward: 32.4338, success: 16, fail: 9
Episode: 2921, Reward: 62.5564, success: 19, fail: 6
Episode: 2922, Reward: 53.4676, success: 18, fail: 7
Episode: 2923, Reward: 52.7747, success: 18, fail: 7
Episode: 2924, Reward: 34.1074, success: 16, fail: 9
Episode: 2925, Reward: 44.0562, success: 17, fail: 8
Episode: 2926, Reward: 53.9406, success: 18, fail: 7
Episode: 2927, Reward: 53.6425, success: 18, fail: 7
Episode: 2928, Reward: 73.7952, success: 20, fail: 5
Episode: 2929, Reward: 42.9348, success: 17, fail: 8
Episode: 2930, Reward: 63.8922, success: 19, fail: 6
Episode: 2931, Reward: 53.9337, success: 18, fail: 7
Episode: 2932, Reward: 42.9382, success: 17, fail: 8
Episode: 2933, Reward: 64.6531, success: 19, fail: 6
Episode: 2934, Reward: 42.9627, success: 17, fail: 8
Episode: 2935, Reward: 43.7715, success: 17, fail: 8
Episode: 2936, Reward: 51.8475, success: 18, fail: 7
Episode: 2937, Reward: 42.7417, success: 17, fail: 8
Episode: 2938, Reward: 53.5601, success: 18, fail: 7
Episode: 2939, Reward: 32.6609, success: 16, fail: 9
Episode: 2940, Reward: 33.1677, success: 16, fail: 9
Episode: 2941, Reward: 32.0305, success: 16, fail: 9
Episode: 2942, Reward: 12.9477, success: 14, fail: 11
Episode: 2943, Reward: 43.0462, success: 17, fail: 8
Episode: 2944, Reward: 52.9919, success: 18, fail: 7
Episode: 2945, Reward: 32.5673, success: 16, fail: 9
Episode: 2946, Reward: 43.9203, success: 17, fail: 8
Episode: 2947, Reward: 62.7328, success: 19, fail: 6
Episode: 2948, Reward: 53.1851, success: 18, fail: 7
Episode: 2949, Reward: 51.4054, success: 18, fail: 7
Episode: 2950, Reward: 43.4062, success: 17, fail: 8
Episode: 2951, Reward: 53.3557, success: 18, fail: 7
Episode: 2952, Reward: 23.2342, success: 15, fail: 10
Episode: 2953, Reward: 42.6228, success: 17, fail: 8
Episode: 2954, Reward: 42.5677, success: 17, fail: 8
Episode: 2955, Reward: 32.6975, success: 16, fail: 9
Episode: 2956, Reward: 61.7707, success: 19, fail: 6
Episode: 2957, Reward: 53.1329, success: 18, fail: 7
Episode: 2958, Reward: 51.7644, success: 18, fail: 7
Episode: 2959, Reward: 43.2584, success: 17, fail: 8
Episode: 2960, Reward: 34.1010, success: 16, fail: 9
Episode: 2961, Reward: 52.1974, success: 18, fail: 7
Episode: 2962, Reward: 43.9860, success: 17, fail: 8
Episode: 2963, Reward: 52.6745, success: 18, fail: 7
Episode: 2964, Reward: 53.4155, success: 18, fail: 7
Episode: 2965, Reward: 61.7457, success: 19, fail: 6
Episode: 2966, Reward: 53.0045, success: 18, fail: 7
Episode: 2967, Reward: 42.4802, success: 17, fail: 8
Episode: 2968, Reward: 63.7052, success: 19, fail: 6
Episode: 2969, Reward: 33.3201, success: 16, fail: 9
Episode: 2970, Reward: 44.4948, success: 17, fail: 8
Episode: 2971, Reward: 23.1818, success: 15, fail: 10
Episode: 2972, Reward: 44.1879, success: 17, fail: 8
Episode: 2973, Reward: 22.7345, success: 15, fail: 10
Episode: 2974, Reward: 43.5279, success: 17, fail: 8
Episode: 2975, Reward: 64.5123, success: 19, fail: 6
Episode: 2976, Reward: 62.9562, success: 19, fail: 6
Episode: 2977, Reward: 43.5607, success: 17, fail: 8
Episode: 2978, Reward: 43.4739, success: 17, fail: 8
Episode: 2979, Reward: 54.3181, success: 18, fail: 7
Episode: 2980, Reward: 52.9062, success: 18, fail: 7
Episode: 2981, Reward: 42.9183, success: 17, fail: 8
Episode: 2982, Reward: 42.8654, success: 17, fail: 8
Episode: 2983, Reward: 43.1297, success: 17, fail: 8
Episode: 2984, Reward: 22.7804, success: 15, fail: 10
Episode: 2985, Reward: 42.3595, success: 17, fail: 8
Episode: 2986, Reward: 53.5645, success: 18, fail: 7
Episode: 2987, Reward: 62.5746, success: 19, fail: 6
Episode: 2988, Reward: 32.9927, success: 16, fail: 9
Episode: 2989, Reward: 32.9811, success: 16, fail: 9
Episode: 2990, Reward: 42.7980, success: 17, fail: 8
Episode: 2991, Reward: 33.3493, success: 16, fail: 9
Episode: 2992, Reward: 33.8457, success: 16, fail: 9
Episode: 2993, Reward: 44.7576, success: 17, fail: 8
Episode: 2994, Reward: 43.3768, success: 17, fail: 8
Episode: 2995, Reward: 43.2437, success: 17, fail: 8
Episode: 2996, Reward: 42.9368, success: 17, fail: 8
Episode: 2997, Reward: 42.8440, success: 17, fail: 8
Episode: 2998, Reward: 62.1293, success: 19, fail: 6
Episode: 2999, Reward: 33.4488, success: 16, fail: 9
Episode: 3000, Reward: 52.9502, success: 18, fail: 7
Episode: 3001, Reward: 33.4400, success: 16, fail: 9
Episode: 3002, Reward: 53.6324, success: 18, fail: 7
Episode: 3003, Reward: 53.3094, success: 18, fail: 7
Episode: 3004, Reward: 32.8176, success: 16, fail: 9
Episode: 3005, Reward: 33.2429, success: 16, fail: 9
Episode: 3006, Reward: 53.0300, success: 18, fail: 7
Episode: 3007, Reward: 33.6993, success: 16, fail: 9
Episode: 3008, Reward: 33.0579, success: 16, fail: 9
Episode: 3009, Reward: 32.5721, success: 16, fail: 9
Episode: 3010, Reward: 33.4016, success: 16, fail: 9
Episode: 3011, Reward: 52.6548, success: 18, fail: 7
Episode: 3012, Reward: 52.1752, success: 18, fail: 7
Episode: 3013, Reward: 43.3338, success: 17, fail: 8
Episode: 3014, Reward: 13.2960, success: 14, fail: 11
Episode: 3015, Reward: 43.5014, success: 17, fail: 8
Episode: 3016, Reward: 22.9564, success: 15, fail: 10
Episode: 3017, Reward: 53.8964, success: 18, fail: 7
Episode: 3018, Reward: 32.2024, success: 16, fail: 9
Episode: 3019, Reward: 32.9470, success: 16, fail: 9
Episode: 3020, Reward: 23.9493, success: 15, fail: 10
Episode: 3021, Reward: 33.2353, success: 16, fail: 9
Episode: 3022, Reward: 14.2420, success: 14, fail: 11
Episode: 3023, Reward: 42.0788, success: 17, fail: 8
Episode: 3024, Reward: 53.7656, success: 18, fail: 7
Episode: 3025, Reward: 34.0922, success: 16, fail: 9
Episode: 3026, Reward: 53.4881, success: 18, fail: 7
Episode: 3027, Reward: 33.7778, success: 16, fail: 9
Episode: 3028, Reward: 42.7755, success: 17, fail: 8
Episode: 3029, Reward: 53.7687, success: 18, fail: 7
Episode: 3030, Reward: 53.5500, success: 18, fail: 7
Episode: 3031, Reward: 53.7784, success: 18, fail: 7
Episode: 3032, Reward: 23.2926, success: 15, fail: 10
Episode: 3033, Reward: 43.2006, success: 17, fail: 8
Episode: 3034, Reward: 42.2421, success: 17, fail: 8
Episode: 3035, Reward: 42.3895, success: 17, fail: 8
Episode: 3036, Reward: 24.8563, success: 15, fail: 10
Episode: 3037, Reward: 42.8655, success: 17, fail: 8
Episode: 3038, Reward: 53.7620, success: 18, fail: 7
Episode: 3039, Reward: 52.5703, success: 18, fail: 7
Episode: 3040, Reward: 42.8869, success: 17, fail: 8
Episode: 3041, Reward: 33.1099, success: 16, fail: 9
Episode: 3042, Reward: 43.0808, success: 17, fail: 8
Episode: 3043, Reward: 43.1927, success: 17, fail: 8
Episode: 3044, Reward: 32.8847, success: 16, fail: 9
Episode: 3045, Reward: 34.1949, success: 16, fail: 9
Episode: 3046, Reward: 43.1213, success: 17, fail: 8
Episode: 3047, Reward: 32.9865, success: 16, fail: 9
Episode: 3048, Reward: 42.8616, success: 17, fail: 8
Episode: 3049, Reward: 52.5191, success: 18, fail: 7
Episode: 3050, Reward: 53.0970, success: 18, fail: 7
Episode: 3051, Reward: 44.0015, success: 17, fail: 8
Episode: 3052, Reward: 23.7273, success: 15, fail: 10
Episode: 3053, Reward: 42.7718, success: 17, fail: 8
Episode: 3054, Reward: 53.4357, success: 18, fail: 7
Episode: 3055, Reward: 64.5361, success: 19, fail: 6
Episode: 3056, Reward: 43.7785, success: 17, fail: 8
Episode: 3057, Reward: 33.6404, success: 16, fail: 9
Episode: 3058, Reward: 31.9679, success: 16, fail: 9
Episode: 3059, Reward: 43.3027, success: 17, fail: 8
Episode: 3060, Reward: 43.0477, success: 17, fail: 8
Episode: 3061, Reward: 53.7264, success: 18, fail: 7
Episode: 3062, Reward: 42.4068, success: 17, fail: 8
Episode: 3063, Reward: 43.9351, success: 17, fail: 8
Episode: 3064, Reward: 43.8105, success: 17, fail: 8
Episode: 3065, Reward: 63.8915, success: 19, fail: 6
Episode: 3066, Reward: 31.9309, success: 16, fail: 9
Episode: 3067, Reward: 33.5252, success: 16, fail: 9
Episode: 3068, Reward: 43.7620, success: 17, fail: 8
Episode: 3069, Reward: 62.9261, success: 19, fail: 6
Episode: 3070, Reward: 22.2453, success: 15, fail: 10
Episode: 3071, Reward: 32.6486, success: 16, fail: 9
Episode: 3072, Reward: 43.2982, success: 17, fail: 8
Episode: 3073, Reward: 52.9756, success: 18, fail: 7
Episode: 3074, Reward: 43.5515, success: 17, fail: 8
Episode: 3075, Reward: 23.2828, success: 15, fail: 10
Episode: 3076, Reward: 53.3286, success: 18, fail: 7
Episode: 3077, Reward: 53.6591, success: 18, fail: 7
Episode: 3078, Reward: 43.9965, success: 17, fail: 8
Episode: 3079, Reward: 53.5333, success: 18, fail: 7
Episode: 3080, Reward: 53.7530, success: 18, fail: 7
Episode: 3081, Reward: 51.9924, success: 18, fail: 7
Episode: 3082, Reward: 32.0753, success: 16, fail: 9
Episode: 3083, Reward: 43.8028, success: 17, fail: 8
Episode: 3084, Reward: 63.8378, success: 19, fail: 6
Episode: 3085, Reward: 33.6167, success: 16, fail: 9
Episode: 3086, Reward: 43.3452, success: 17, fail: 8
Episode: 3087, Reward: 43.2321, success: 17, fail: 8
Episode: 3088, Reward: 32.6879, success: 16, fail: 9
Episode: 3089, Reward: 43.2057, success: 17, fail: 8
Episode: 3090, Reward: 52.2988, success: 18, fail: 7
Episode: 3091, Reward: 42.3940, success: 17, fail: 8
Episode: 3092, Reward: 53.9000, success: 18, fail: 7
Episode: 3093, Reward: 42.3888, success: 17, fail: 8
Episode: 3094, Reward: 52.2522, success: 18, fail: 7
Episode: 3095, Reward: 42.4988, success: 17, fail: 8
Episode: 3096, Reward: 52.4348, success: 18, fail: 7
Episode: 3097, Reward: 23.3109, success: 15, fail: 10
Episode: 3098, Reward: 33.3565, success: 16, fail: 9
Episode: 3099, Reward: 22.8387, success: 15, fail: 10
Episode: 3100, Reward: 52.5920, success: 18, fail: 7
Episode: 3101, Reward: 42.6671, success: 17, fail: 8
Episode: 3102, Reward: 33.4890, success: 16, fail: 9
Episode: 3103, Reward: 51.8587, success: 18, fail: 7
Episode: 3104, Reward: 32.0360, success: 16, fail: 9
Episode: 3105, Reward: 52.9661, success: 18, fail: 7
Episode: 3106, Reward: 32.3174, success: 16, fail: 9
Episode: 3107, Reward: 43.5412, success: 17, fail: 8
Episode: 3108, Reward: 53.4379, success: 18, fail: 7
Episode: 3109, Reward: 53.0526, success: 18, fail: 7
Episode: 3110, Reward: 41.9606, success: 17, fail: 8
Episode: 3111, Reward: 62.7818, success: 19, fail: 6
Episode: 3112, Reward: 52.4490, success: 18, fail: 7
Episode: 3113, Reward: 42.7861, success: 17, fail: 8
Episode: 3114, Reward: 33.4137, success: 16, fail: 9
Episode: 3115, Reward: 43.2450, success: 17, fail: 8
Episode: 3116, Reward: 53.7499, success: 18, fail: 7
Episode: 3117, Reward: 52.6269, success: 18, fail: 7
Episode: 3118, Reward: 43.0006, success: 17, fail: 8
Episode: 3119, Reward: 34.1052, success: 16, fail: 9
Episode: 3120, Reward: 52.0054, success: 18, fail: 7
Episode: 3121, Reward: 53.1904, success: 18, fail: 7
Episode: 3122, Reward: 33.3197, success: 16, fail: 9
Episode: 3123, Reward: 43.0331, success: 17, fail: 8
Episode: 3124, Reward: 52.8164, success: 18, fail: 7
Episode: 3125, Reward: 32.3668, success: 16, fail: 9
Episode: 3126, Reward: 43.3448, success: 17, fail: 8
Episode: 3127, Reward: 33.4843, success: 16, fail: 9
Episode: 3128, Reward: 31.9301, success: 16, fail: 9
Episode: 3129, Reward: 33.8733, success: 16, fail: 9
Episode: 3130, Reward: 42.9589, success: 17, fail: 8
Episode: 3131, Reward: 33.1679, success: 16, fail: 9
Episode: 3132, Reward: 34.8939, success: 16, fail: 9
Episode: 3133, Reward: 33.3203, success: 16, fail: 9
Episode: 3134, Reward: 52.0700, success: 18, fail: 7
Episode: 3135, Reward: 42.4314, success: 17, fail: 8
Episode: 3136, Reward: 12.4380, success: 14, fail: 11
Episode: 3137, Reward: 32.2683, success: 16, fail: 9
Episode: 3138, Reward: 32.5819, success: 16, fail: 9
Episode: 3139, Reward: 32.3633, success: 16, fail: 9
Episode: 3140, Reward: 22.5492, success: 15, fail: 10
Episode: 3141, Reward: 62.6465, success: 19, fail: 6
Episode: 3142, Reward: 33.3973, success: 16, fail: 9
Episode: 3143, Reward: 32.4380, success: 16, fail: 9
Episode: 3144, Reward: 32.4726, success: 16, fail: 9
Episode: 3145, Reward: 32.4879, success: 16, fail: 9
Episode: 3146, Reward: 53.1706, success: 18, fail: 7
Episode: 3147, Reward: 33.2084, success: 16, fail: 9
Episode: 3148, Reward: 43.9743, success: 17, fail: 8
Episode: 3149, Reward: 32.0201, success: 16, fail: 9
Episode: 3150, Reward: 33.6282, success: 16, fail: 9
Episode: 3151, Reward: 54.0462, success: 18, fail: 7
Episode: 3152, Reward: 53.0390, success: 18, fail: 7
Episode: 3153, Reward: 23.9278, success: 15, fail: 10
Episode: 3154, Reward: 32.6322, success: 16, fail: 9
Episode: 3155, Reward: 52.7181, success: 18, fail: 7
Episode: 3156, Reward: 33.3226, success: 16, fail: 9
Episode: 3157, Reward: 43.9733, success: 17, fail: 8
Episode: 3158, Reward: 53.0170, success: 18, fail: 7
Episode: 3159, Reward: 23.9028, success: 15, fail: 10
Episode: 3160, Reward: 44.0582, success: 17, fail: 8
Episode: 3161, Reward: 43.5159, success: 17, fail: 8
Episode: 3162, Reward: 53.3824, success: 18, fail: 7
Episode: 3163, Reward: 43.6006, success: 17, fail: 8
Episode: 3164, Reward: 33.4179, success: 16, fail: 9
Episode: 3165, Reward: 33.3011, success: 16, fail: 9
Episode: 3166, Reward: 63.4028, success: 19, fail: 6
Episode: 3167, Reward: 32.6778, success: 16, fail: 9
Episode: 3168, Reward: 23.2220, success: 15, fail: 10
Episode: 3169, Reward: 33.2453, success: 16, fail: 9
Episode: 3170, Reward: 42.3093, success: 17, fail: 8
Episode: 3171, Reward: 43.8737, success: 17, fail: 8
Episode: 3172, Reward: 33.6831, success: 16, fail: 9
Episode: 3173, Reward: 34.1938, success: 16, fail: 9
Episode: 3174, Reward: 42.8621, success: 17, fail: 8
Episode: 3175, Reward: 33.5063, success: 16, fail: 9
Episode: 3176, Reward: 43.3347, success: 17, fail: 8
Episode: 3177, Reward: 53.6528, success: 18, fail: 7
Episode: 3178, Reward: 32.3533, success: 16, fail: 9
Episode: 3179, Reward: 44.0338, success: 17, fail: 8
Episode: 3180, Reward: 34.1929, success: 16, fail: 9
Episode: 3181, Reward: 24.4365, success: 15, fail: 10
Episode: 3182, Reward: 32.4844, success: 16, fail: 9
Episode: 3183, Reward: 54.3829, success: 18, fail: 7
Episode: 3184, Reward: 23.4457, success: 15, fail: 10
Episode: 3185, Reward: 23.9385, success: 15, fail: 10
Episode: 3186, Reward: 53.9244, success: 18, fail: 7
Episode: 3187, Reward: 44.5522, success: 17, fail: 8
Episode: 3188, Reward: 43.1865, success: 17, fail: 8
Episode: 3189, Reward: 53.5130, success: 18, fail: 7
Episode: 3190, Reward: 33.2001, success: 16, fail: 9
Episode: 3191, Reward: 33.5226, success: 16, fail: 9
Episode: 3192, Reward: 23.4767, success: 15, fail: 10
Episode: 3193, Reward: 34.0968, success: 16, fail: 9
Episode: 3194, Reward: 14.0420, success: 14, fail: 11
Episode: 3195, Reward: 31.8418, success: 16, fail: 9
Episode: 3196, Reward: 31.9076, success: 16, fail: 9
Episode: 3197, Reward: 42.9931, success: 17, fail: 8
Episode: 3198, Reward: 34.0207, success: 16, fail: 9
Episode: 3199, Reward: 13.3782, success: 14, fail: 11
Episode: 3200, Reward: 33.0082, success: 16, fail: 9
Episode: 3201, Reward: 43.2009, success: 17, fail: 8
Episode: 3202, Reward: 33.9609, success: 16, fail: 9
Episode: 3203, Reward: 42.2556, success: 17, fail: 8
Episode: 3204, Reward: 53.4102, success: 18, fail: 7
Episode: 3205, Reward: 63.6084, success: 19, fail: 6
Episode: 3206, Reward: 53.2867, success: 18, fail: 7
Episode: 3207, Reward: 33.0085, success: 16, fail: 9
Episode: 3208, Reward: 53.0854, success: 18, fail: 7
Episode: 3209, Reward: 42.5989, success: 17, fail: 8
Episode: 3210, Reward: 23.2149, success: 15, fail: 10
Episode: 3211, Reward: 52.4689, success: 18, fail: 7
Episode: 3212, Reward: 24.0404, success: 15, fail: 10
Episode: 3213, Reward: 33.6410, success: 16, fail: 9
Episode: 3214, Reward: 33.3618, success: 16, fail: 9
Episode: 3215, Reward: 33.8004, success: 16, fail: 9
Episode: 3216, Reward: 52.3426, success: 18, fail: 7
Episode: 3217, Reward: 43.0178, success: 17, fail: 8
Episode: 3218, Reward: 32.5558, success: 16, fail: 9
Episode: 3219, Reward: 23.3488, success: 15, fail: 10
Episode: 3220, Reward: 53.9456, success: 18, fail: 7
Episode: 3221, Reward: 33.7080, success: 16, fail: 9
Episode: 3222, Reward: 33.1019, success: 16, fail: 9
Episode: 3223, Reward: 53.1175, success: 18, fail: 7
Episode: 3224, Reward: 42.2567, success: 17, fail: 8
Episode: 3225, Reward: 32.7686, success: 16, fail: 9
Episode: 3226, Reward: 42.5699, success: 17, fail: 8
Episode: 3227, Reward: 33.6590, success: 16, fail: 9
Episode: 3228, Reward: 63.7610, success: 19, fail: 6
Episode: 3229, Reward: 43.1891, success: 17, fail: 8
Episode: 3230, Reward: 44.0526, success: 17, fail: 8
Episode: 3231, Reward: 42.6277, success: 17, fail: 8
Episode: 3232, Reward: 53.7450, success: 18, fail: 7
Episode: 3233, Reward: 53.8295, success: 18, fail: 7
Episode: 3234, Reward: 63.1288, success: 19, fail: 6
Episode: 3235, Reward: 61.8884, success: 19, fail: 6
Episode: 3236, Reward: 53.3447, success: 18, fail: 7
Episode: 3237, Reward: 44.0507, success: 17, fail: 8
Episode: 3238, Reward: 43.5515, success: 17, fail: 8
Episode: 3239, Reward: 33.2636, success: 16, fail: 9
Episode: 3240, Reward: 43.5449, success: 17, fail: 8
Episode: 3241, Reward: 33.9952, success: 16, fail: 9
Episode: 3242, Reward: 33.2411, success: 16, fail: 9
Episode: 3243, Reward: 44.0919, success: 17, fail: 8
Episode: 3244, Reward: 43.5186, success: 17, fail: 8
Episode: 3245, Reward: 32.8072, success: 16, fail: 9
Episode: 3246, Reward: 53.0464, success: 18, fail: 7
Episode: 3247, Reward: 33.3031, success: 16, fail: 9
Episode: 3248, Reward: 53.3312, success: 18, fail: 7
Episode: 3249, Reward: 33.0280, success: 16, fail: 9
Episode: 3250, Reward: 23.0588, success: 15, fail: 10
Episode: 3251, Reward: 33.5048, success: 16, fail: 9
Episode: 3252, Reward: 42.8589, success: 17, fail: 8
Episode: 3253, Reward: 43.1412, success: 17, fail: 8
Episode: 3254, Reward: 63.7893, success: 19, fail: 6
Episode: 3255, Reward: 33.4473, success: 16, fail: 9
Episode: 3256, Reward: 43.4781, success: 17, fail: 8
Episode: 3257, Reward: 32.8582, success: 16, fail: 9
Episode: 3258, Reward: 33.4276, success: 16, fail: 9
Episode: 3259, Reward: 23.4326, success: 15, fail: 10
Episode: 3260, Reward: 42.5287, success: 17, fail: 8
Episode: 3261, Reward: 44.3259, success: 17, fail: 8
Episode: 3262, Reward: 24.0759, success: 15, fail: 10
Episode: 3263, Reward: 32.3575, success: 16, fail: 9
Episode: 3264, Reward: 13.9196, success: 14, fail: 11
Episode: 3265, Reward: 44.4851, success: 17, fail: 8
Episode: 3266, Reward: 44.4723, success: 17, fail: 8
Episode: 3267, Reward: 53.5181, success: 18, fail: 7
Episode: 3268, Reward: 43.4415, success: 17, fail: 8
Episode: 3269, Reward: 52.7628, success: 18, fail: 7
Episode: 3270, Reward: 32.8031, success: 16, fail: 9
Episode: 3271, Reward: 44.5773, success: 17, fail: 8
Episode: 3272, Reward: 43.4805, success: 17, fail: 8
Episode: 3273, Reward: 54.0751, success: 18, fail: 7
Episode: 3274, Reward: 53.2363, success: 18, fail: 7
Episode: 3275, Reward: 43.6512, success: 17, fail: 8
Episode: 3276, Reward: 32.8797, success: 16, fail: 9
Episode: 3277, Reward: 52.4316, success: 18, fail: 7
Episode: 3278, Reward: 43.7748, success: 17, fail: 8
Episode: 3279, Reward: 52.0790, success: 18, fail: 7
Episode: 3280, Reward: 34.4071, success: 16, fail: 9
Episode: 3281, Reward: 34.2537, success: 16, fail: 9
Episode: 3282, Reward: 43.7753, success: 17, fail: 8
Episode: 3283, Reward: 23.2249, success: 15, fail: 10
Episode: 3284, Reward: 52.3728, success: 18, fail: 7
Episode: 3285, Reward: 53.2445, success: 18, fail: 7
Episode: 3286, Reward: 51.4782, success: 18, fail: 7
Episode: 3287, Reward: 33.0947, success: 16, fail: 9
Episode: 3288, Reward: 32.0613, success: 16, fail: 9
Episode: 3289, Reward: 53.4004, success: 18, fail: 7
Episode: 3290, Reward: 43.1263, success: 17, fail: 8
Episode: 3291, Reward: 43.4150, success: 17, fail: 8
Episode: 3292, Reward: 42.6466, success: 17, fail: 8
Episode: 3293, Reward: 62.3706, success: 19, fail: 6
Episode: 3294, Reward: 34.1273, success: 16, fail: 9
Episode: 3295, Reward: 42.5462, success: 17, fail: 8
Episode: 3296, Reward: 43.7666, success: 17, fail: 8
Episode: 3297, Reward: 44.6663, success: 17, fail: 8
Episode: 3298, Reward: 43.3501, success: 17, fail: 8
Episode: 3299, Reward: 24.4483, success: 15, fail: 10
Episode: 3300, Reward: 32.8151, success: 16, fail: 9
Episode: 3301, Reward: 33.2433, success: 16, fail: 9
Episode: 3302, Reward: 34.2541, success: 16, fail: 9
Episode: 3303, Reward: 44.1195, success: 17, fail: 8
Episode: 3304, Reward: 33.2100, success: 16, fail: 9
Episode: 3305, Reward: 43.0647, success: 17, fail: 8
Episode: 3306, Reward: 33.4528, success: 16, fail: 9
Episode: 3307, Reward: 53.1063, success: 18, fail: 7
Episode: 3308, Reward: 33.8931, success: 16, fail: 9
Episode: 3309, Reward: 43.8901, success: 17, fail: 8
Episode: 3310, Reward: 43.1634, success: 17, fail: 8
Episode: 3311, Reward: 23.0740, success: 15, fail: 10
Episode: 3312, Reward: 43.1796, success: 17, fail: 8
Episode: 3313, Reward: 43.0172, success: 17, fail: 8
Episode: 3314, Reward: 23.8631, success: 15, fail: 10
Episode: 3315, Reward: 52.7397, success: 18, fail: 7
Episode: 3316, Reward: 23.6866, success: 15, fail: 10
Episode: 3317, Reward: 34.5008, success: 16, fail: 9
Episode: 3318, Reward: 33.9199, success: 16, fail: 9
Episode: 3319, Reward: 42.4065, success: 17, fail: 8
Episode: 3320, Reward: 34.1381, success: 16, fail: 9
Episode: 3321, Reward: 34.0370, success: 16, fail: 9
Episode: 3322, Reward: 62.8434, success: 19, fail: 6
Episode: 3323, Reward: 42.5154, success: 17, fail: 8
Episode: 3324, Reward: 34.3951, success: 16, fail: 9
Episode: 3325, Reward: 34.4256, success: 16, fail: 9
Episode: 3326, Reward: 53.2721, success: 18, fail: 7
Episode: 3327, Reward: 54.6650, success: 18, fail: 7
Episode: 3328, Reward: 43.5562, success: 17, fail: 8
Episode: 3329, Reward: 23.2713, success: 15, fail: 10
Episode: 3330, Reward: 34.6336, success: 16, fail: 9
Episode: 3331, Reward: 54.0376, success: 18, fail: 7
Episode: 3332, Reward: 43.4430, success: 17, fail: 8
Episode: 3333, Reward: 23.2488, success: 15, fail: 10
Episode: 3334, Reward: 54.9517, success: 18, fail: 7
Episode: 3335, Reward: 44.1096, success: 17, fail: 8
Episode: 3336, Reward: 43.8503, success: 17, fail: 8
Episode: 3337, Reward: 43.4874, success: 17, fail: 8
Episode: 3338, Reward: 43.7446, success: 17, fail: 8
Episode: 3339, Reward: 34.0174, success: 16, fail: 9
Episode: 3340, Reward: 44.4139, success: 17, fail: 8
Episode: 3341, Reward: 34.3725, success: 16, fail: 9
Episode: 3342, Reward: 63.7770, success: 19, fail: 6
Episode: 3343, Reward: 53.6674, success: 18, fail: 7
Episode: 3344, Reward: 44.0424, success: 17, fail: 8
Episode: 3345, Reward: 53.7400, success: 18, fail: 7
Episode: 3346, Reward: 33.3922, success: 16, fail: 9
Episode: 3347, Reward: 33.7110, success: 16, fail: 9
Episode: 3348, Reward: 43.1472, success: 17, fail: 8
Episode: 3349, Reward: 23.8833, success: 15, fail: 10
Episode: 3350, Reward: 44.4056, success: 17, fail: 8
Episode: 3351, Reward: 33.7929, success: 16, fail: 9
Episode: 3352, Reward: 43.8753, success: 17, fail: 8
Episode: 3353, Reward: 33.6924, success: 16, fail: 9
Episode: 3354, Reward: 33.6356, success: 16, fail: 9
Episode: 3355, Reward: 52.7765, success: 18, fail: 7
Episode: 3356, Reward: 53.4934, success: 18, fail: 7
Episode: 3357, Reward: 54.1512, success: 18, fail: 7
Episode: 3358, Reward: 43.1853, success: 17, fail: 8
Episode: 3359, Reward: 33.6496, success: 16, fail: 9
Episode: 3360, Reward: 53.4264, success: 18, fail: 7
Episode: 3361, Reward: 32.7172, success: 16, fail: 9
Episode: 3362, Reward: 53.1167, success: 18, fail: 7
Episode: 3363, Reward: 64.2224, success: 19, fail: 6
Episode: 3364, Reward: 53.7180, success: 18, fail: 7
Episode: 3365, Reward: 24.3636, success: 15, fail: 10
Episode: 3366, Reward: 33.8671, success: 16, fail: 9
Episode: 3367, Reward: 43.9105, success: 17, fail: 8
Episode: 3368, Reward: 53.9593, success: 18, fail: 7
Episode: 3369, Reward: 43.4593, success: 17, fail: 8
Episode: 3370, Reward: 43.3765, success: 17, fail: 8
Episode: 3371, Reward: 43.2358, success: 17, fail: 8
Episode: 3372, Reward: 22.1479, success: 15, fail: 10
Episode: 3373, Reward: 43.5358, success: 17, fail: 8
Episode: 3374, Reward: 42.8481, success: 17, fail: 8
Episode: 3375, Reward: 23.0328, success: 15, fail: 10
Episode: 3376, Reward: 63.1350, success: 19, fail: 6
Episode: 3377, Reward: 61.9256, success: 19, fail: 6
Episode: 3378, Reward: 43.1058, success: 17, fail: 8
Episode: 3379, Reward: 23.5910, success: 15, fail: 10
Episode: 3380, Reward: 44.2459, success: 17, fail: 8
Episode: 3381, Reward: 43.3486, success: 17, fail: 8
Episode: 3382, Reward: 43.7468, success: 17, fail: 8
Episode: 3383, Reward: 63.8912, success: 19, fail: 6
Episode: 3384, Reward: 53.7903, success: 18, fail: 7
Episode: 3385, Reward: 44.1365, success: 17, fail: 8
Episode: 3386, Reward: 22.9135, success: 15, fail: 10
Episode: 3387, Reward: 34.0251, success: 16, fail: 9
Episode: 3388, Reward: 63.5338, success: 19, fail: 6
Episode: 3389, Reward: 43.5097, success: 17, fail: 8
Episode: 3390, Reward: 53.0406, success: 18, fail: 7
Episode: 3391, Reward: 42.6226, success: 17, fail: 8
Episode: 3392, Reward: 43.7594, success: 17, fail: 8
Episode: 3393, Reward: 43.7683, success: 17, fail: 8
Episode: 3394, Reward: 33.5179, success: 16, fail: 9
Episode: 3395, Reward: 32.6472, success: 16, fail: 9
Episode: 3396, Reward: 53.2210, success: 18, fail: 7
Episode: 3397, Reward: 52.9172, success: 18, fail: 7
Episode: 3398, Reward: 53.0788, success: 18, fail: 7
Episode: 3399, Reward: 42.7781, success: 17, fail: 8
Episode: 3400, Reward: 44.6317, success: 17, fail: 8
Episode: 3401, Reward: 53.0871, success: 18, fail: 7
Episode: 3402, Reward: 43.5268, success: 17, fail: 8
Episode: 3403, Reward: 33.9680, success: 16, fail: 9
Episode: 3404, Reward: 54.5552, success: 18, fail: 7
Episode: 3405, Reward: 64.2262, success: 19, fail: 6
Episode: 3406, Reward: 63.7011, success: 19, fail: 6
Episode: 3407, Reward: 53.6086, success: 18, fail: 7
Episode: 3408, Reward: 53.9681, success: 18, fail: 7
Episode: 3409, Reward: 53.8258, success: 18, fail: 7
Episode: 3410, Reward: 63.7065, success: 19, fail: 6
Episode: 3411, Reward: 43.1594, success: 17, fail: 8
Episode: 3412, Reward: 63.2724, success: 19, fail: 6
Episode: 3413, Reward: 43.4558, success: 17, fail: 8
Episode: 3414, Reward: 44.4222, success: 17, fail: 8
Episode: 3415, Reward: 53.7397, success: 18, fail: 7
Episode: 3416, Reward: 43.5824, success: 17, fail: 8
Episode: 3417, Reward: 33.6227, success: 16, fail: 9
Episode: 3418, Reward: 34.0475, success: 16, fail: 9
Episode: 3419, Reward: 64.0979, success: 19, fail: 6
Episode: 3420, Reward: 44.4483, success: 17, fail: 8
Episode: 3421, Reward: 64.9448, success: 19, fail: 6
Episode: 3422, Reward: 44.9671, success: 17, fail: 8
Episode: 3423, Reward: 53.9516, success: 18, fail: 7
Episode: 3424, Reward: 44.8520, success: 17, fail: 8
Episode: 3425, Reward: 44.6195, success: 17, fail: 8
Episode: 3426, Reward: 43.6354, success: 17, fail: 8
Episode: 3427, Reward: 43.4492, success: 17, fail: 8
Episode: 3428, Reward: 42.8386, success: 17, fail: 8
Episode: 3429, Reward: 54.4407, success: 18, fail: 7
Episode: 3430, Reward: 44.6083, success: 17, fail: 8
Episode: 3431, Reward: 64.0354, success: 19, fail: 6
Episode: 3432, Reward: 44.4542, success: 17, fail: 8
Episode: 3433, Reward: 43.9975, success: 17, fail: 8
Episode: 3434, Reward: 53.4676, success: 18, fail: 7
Episode: 3435, Reward: 54.4655, success: 18, fail: 7
Episode: 3436, Reward: 34.2129, success: 16, fail: 9
Episode: 3437, Reward: 42.7507, success: 17, fail: 8
Episode: 3438, Reward: 44.3886, success: 17, fail: 8
Episode: 3439, Reward: 53.9829, success: 18, fail: 7
Episode: 3440, Reward: 54.3031, success: 18, fail: 7
Episode: 3441, Reward: 44.4967, success: 17, fail: 8
Episode: 3442, Reward: 43.9628, success: 17, fail: 8
Episode: 3443, Reward: 43.8489, success: 17, fail: 8
Episode: 3444, Reward: 43.3673, success: 17, fail: 8
Episode: 3445, Reward: 54.2826, success: 18, fail: 7
Episode: 3446, Reward: 44.1203, success: 17, fail: 8
Episode: 3447, Reward: 54.6282, success: 18, fail: 7
Episode: 3448, Reward: 43.6265, success: 17, fail: 8
Episode: 3449, Reward: 43.6471, success: 17, fail: 8
Episode: 3450, Reward: 53.7942, success: 18, fail: 7
Episode: 3451, Reward: 43.8102, success: 17, fail: 8
Episode: 3452, Reward: 43.5678, success: 17, fail: 8
Episode: 3453, Reward: 52.9819, success: 18, fail: 7
Episode: 3454, Reward: 44.1150, success: 17, fail: 8
Episode: 3455, Reward: 64.2480, success: 19, fail: 6
Episode: 3456, Reward: 53.1810, success: 18, fail: 7
Episode: 3457, Reward: 43.7506, success: 17, fail: 8
Episode: 3458, Reward: 53.9311, success: 18, fail: 7
Episode: 3459, Reward: 54.4174, success: 18, fail: 7
Episode: 3460, Reward: 43.3673, success: 17, fail: 8
Episode: 3461, Reward: 52.9679, success: 18, fail: 7
Episode: 3462, Reward: 52.7240, success: 18, fail: 7
Episode: 3463, Reward: 53.8838, success: 18, fail: 7
Episode: 3464, Reward: 53.2034, success: 18, fail: 7
Episode: 3465, Reward: 23.1130, success: 15, fail: 10
Episode: 3466, Reward: 44.0244, success: 17, fail: 8
Episode: 3467, Reward: 44.2965, success: 17, fail: 8
Episode: 3468, Reward: 53.5039, success: 18, fail: 7
Episode: 3469, Reward: 24.2657, success: 15, fail: 10
Episode: 3470, Reward: 44.5131, success: 17, fail: 8
Episode: 3471, Reward: 44.0408, success: 17, fail: 8
Episode: 3472, Reward: 43.3588, success: 17, fail: 8
Episode: 3473, Reward: 34.1578, success: 16, fail: 9
Episode: 3474, Reward: 34.8305, success: 16, fail: 9
Episode: 3475, Reward: 43.1559, success: 17, fail: 8
Episode: 3476, Reward: 53.6184, success: 18, fail: 7
Episode: 3477, Reward: 32.5559, success: 16, fail: 9
Episode: 3478, Reward: 63.2974, success: 19, fail: 6
Episode: 3479, Reward: 43.0385, success: 17, fail: 8
Episode: 3480, Reward: 54.2356, success: 18, fail: 7
Episode: 3481, Reward: 53.1976, success: 18, fail: 7
Episode: 3482, Reward: 43.7396, success: 17, fail: 8
Episode: 3483, Reward: 42.9125, success: 17, fail: 8
Episode: 3484, Reward: 53.3417, success: 18, fail: 7
Episode: 3485, Reward: 53.8810, success: 18, fail: 7
Episode: 3486, Reward: 33.7666, success: 16, fail: 9
Episode: 3487, Reward: 52.9453, success: 18, fail: 7
Episode: 3488, Reward: 43.2526, success: 17, fail: 8
Episode: 3489, Reward: 53.4545, success: 18, fail: 7
Episode: 3490, Reward: 43.0778, success: 17, fail: 8
Episode: 3491, Reward: 43.2270, success: 17, fail: 8
Episode: 3492, Reward: 63.6814, success: 19, fail: 6
Episode: 3493, Reward: 53.6558, success: 18, fail: 7
Episode: 3494, Reward: 43.1240, success: 17, fail: 8
Episode: 3495, Reward: 34.1546, success: 16, fail: 9
Episode: 3496, Reward: 44.0452, success: 17, fail: 8
Episode: 3497, Reward: 43.9770, success: 17, fail: 8
Episode: 3498, Reward: 43.3850, success: 17, fail: 8
Episode: 3499, Reward: 43.4748, success: 17, fail: 8
Episode: 3500, Reward: 44.1865, success: 17, fail: 8
Episode: 3501, Reward: 43.2783, success: 17, fail: 8
Episode: 3502, Reward: 64.2538, success: 19, fail: 6
Episode: 3503, Reward: 33.7191, success: 16, fail: 9
Episode: 3504, Reward: 54.3502, success: 18, fail: 7
Episode: 3505, Reward: 34.3981, success: 16, fail: 9
Episode: 3506, Reward: 43.5660, success: 17, fail: 8
Episode: 3507, Reward: 33.9046, success: 16, fail: 9
Episode: 3508, Reward: 44.3140, success: 17, fail: 8
Episode: 3509, Reward: 34.3746, success: 16, fail: 9
Episode: 3510, Reward: 54.8925, success: 18, fail: 7
Episode: 3511, Reward: 42.8511, success: 17, fail: 8
Episode: 3512, Reward: 44.1722, success: 17, fail: 8
Episode: 3513, Reward: 43.2973, success: 17, fail: 8
Episode: 3514, Reward: 34.2180, success: 16, fail: 9
Episode: 3515, Reward: 32.4098, success: 16, fail: 9
Episode: 3516, Reward: 53.5747, success: 18, fail: 7
Episode: 3517, Reward: 43.7826, success: 17, fail: 8
Episode: 3518, Reward: 24.3252, success: 15, fail: 10
Episode: 3519, Reward: 42.8479, success: 17, fail: 8
Episode: 3520, Reward: 52.8160, success: 18, fail: 7
Episode: 3521, Reward: 34.0326, success: 16, fail: 9
Episode: 3522, Reward: 43.1193, success: 17, fail: 8
Episode: 3523, Reward: 54.1455, success: 18, fail: 7
Episode: 3524, Reward: 32.6077, success: 16, fail: 9
Episode: 3525, Reward: 34.3444, success: 16, fail: 9
Episode: 3526, Reward: 34.2328, success: 16, fail: 9
Episode: 3527, Reward: 14.2472, success: 14, fail: 11
Episode: 3528, Reward: 33.7523, success: 16, fail: 9
Episode: 3529, Reward: 44.8113, success: 17, fail: 8
Episode: 3530, Reward: 33.2110, success: 16, fail: 9
Episode: 3531, Reward: 52.5375, success: 18, fail: 7
Episode: 3532, Reward: 53.1962, success: 18, fail: 7
Episode: 3533, Reward: 44.0185, success: 17, fail: 8
Episode: 3534, Reward: 44.0546, success: 17, fail: 8
Episode: 3535, Reward: 44.0289, success: 17, fail: 8
Episode: 3536, Reward: 33.8855, success: 16, fail: 9
Episode: 3537, Reward: 54.4253, success: 18, fail: 7
Episode: 3538, Reward: 24.7756, success: 15, fail: 10
Episode: 3539, Reward: 53.3210, success: 18, fail: 7
Episode: 3540, Reward: 44.0745, success: 17, fail: 8
Episode: 3541, Reward: 43.9639, success: 17, fail: 8
Episode: 3542, Reward: 33.9678, success: 16, fail: 9
Episode: 3543, Reward: 33.5736, success: 16, fail: 9
Episode: 3544, Reward: 42.6087, success: 17, fail: 8
Episode: 3545, Reward: 34.5135, success: 16, fail: 9
Episode: 3546, Reward: 42.3951, success: 17, fail: 8
Episode: 3547, Reward: 33.8180, success: 16, fail: 9
Episode: 3548, Reward: 32.9508, success: 16, fail: 9
Episode: 3549, Reward: 43.3590, success: 17, fail: 8
Episode: 3550, Reward: 33.9329, success: 16, fail: 9
Episode: 3551, Reward: 23.9902, success: 15, fail: 10
Episode: 3552, Reward: 33.2850, success: 16, fail: 9
Episode: 3553, Reward: 33.9049, success: 16, fail: 9
Episode: 3554, Reward: 34.9834, success: 16, fail: 9
Episode: 3555, Reward: 43.5718, success: 17, fail: 8
Episode: 3556, Reward: 62.7219, success: 19, fail: 6
Episode: 3557, Reward: 43.8127, success: 17, fail: 8
Episode: 3558, Reward: 24.8258, success: 15, fail: 10
Episode: 3559, Reward: 42.6351, success: 17, fail: 8
Episode: 3560, Reward: 33.0586, success: 16, fail: 9
Episode: 3561, Reward: 43.6744, success: 17, fail: 8
Episode: 3562, Reward: 33.6761, success: 16, fail: 9
Episode: 3563, Reward: 24.3052, success: 15, fail: 10
Episode: 3564, Reward: 34.0260, success: 16, fail: 9
Episode: 3565, Reward: 53.2167, success: 18, fail: 7
Episode: 3566, Reward: 45.2448, success: 17, fail: 8
Episode: 3567, Reward: 34.4367, success: 16, fail: 9
Episode: 3568, Reward: 43.3831, success: 17, fail: 8
Episode: 3569, Reward: 41.7166, success: 17, fail: 8
Episode: 3570, Reward: 33.0632, success: 16, fail: 9
Episode: 3571, Reward: 43.1556, success: 17, fail: 8
Episode: 3572, Reward: 42.8241, success: 17, fail: 8
Episode: 3573, Reward: 23.6300, success: 15, fail: 10
Episode: 3574, Reward: 23.3869, success: 15, fail: 10
Episode: 3575, Reward: 42.4858, success: 17, fail: 8
Episode: 3576, Reward: 34.4980, success: 16, fail: 9
Episode: 3577, Reward: 43.8814, success: 17, fail: 8
Episode: 3578, Reward: 51.8212, success: 18, fail: 7
Episode: 3579, Reward: 32.4915, success: 16, fail: 9
Episode: 3580, Reward: 33.1785, success: 16, fail: 9
Episode: 3581, Reward: 43.6585, success: 17, fail: 8
Episode: 3582, Reward: 32.6827, success: 16, fail: 9
Episode: 3583, Reward: 43.4001, success: 17, fail: 8
Episode: 3584, Reward: 22.8707, success: 15, fail: 10
Episode: 3585, Reward: 42.7214, success: 17, fail: 8
Episode: 3586, Reward: 33.0980, success: 16, fail: 9
Episode: 3587, Reward: 23.2258, success: 15, fail: 10
Episode: 3588, Reward: 33.9589, success: 16, fail: 9
Episode: 3589, Reward: 54.5595, success: 18, fail: 7
Episode: 3590, Reward: 33.2620, success: 16, fail: 9
Episode: 3591, Reward: 33.3177, success: 16, fail: 9
Episode: 3592, Reward: 32.9308, success: 16, fail: 9
Episode: 3593, Reward: 44.0712, success: 17, fail: 8
Episode: 3594, Reward: 43.8184, success: 17, fail: 8
Episode: 3595, Reward: 43.9490, success: 17, fail: 8
Episode: 3596, Reward: 53.4180, success: 18, fail: 7
Episode: 3597, Reward: 53.4853, success: 18, fail: 7
Episode: 3598, Reward: 33.2810, success: 16, fail: 9
Episode: 3599, Reward: 52.4327, success: 18, fail: 7
Episode: 3600, Reward: 43.1067, success: 17, fail: 8
Episode: 3601, Reward: 23.5970, success: 15, fail: 10
Episode: 3602, Reward: 24.6566, success: 15, fail: 10
Episode: 3603, Reward: 33.6026, success: 16, fail: 9
Episode: 3604, Reward: 34.2070, success: 16, fail: 9
Episode: 3605, Reward: 24.6376, success: 15, fail: 10
Episode: 3606, Reward: 33.7500, success: 16, fail: 9
Episode: 3607, Reward: 43.9758, success: 17, fail: 8
Episode: 3608, Reward: 23.7298, success: 15, fail: 10
Episode: 3609, Reward: 33.7875, success: 16, fail: 9
Episode: 3610, Reward: 44.5029, success: 17, fail: 8
Episode: 3611, Reward: 42.6924, success: 17, fail: 8
Episode: 3612, Reward: 43.9995, success: 17, fail: 8
Episode: 3613, Reward: 41.5701, success: 17, fail: 8
Episode: 3614, Reward: 42.8872, success: 17, fail: 8
Episode: 3615, Reward: 53.4728, success: 18, fail: 7
Episode: 3616, Reward: 32.1417, success: 16, fail: 9
Episode: 3617, Reward: 31.9928, success: 16, fail: 9
Episode: 3618, Reward: 43.0141, success: 17, fail: 8
Episode: 3619, Reward: 33.6146, success: 16, fail: 9
Episode: 3620, Reward: 43.6360, success: 17, fail: 8
Episode: 3621, Reward: 53.1499, success: 18, fail: 7
Episode: 3622, Reward: 44.1748, success: 17, fail: 8
Episode: 3623, Reward: 34.3801, success: 16, fail: 9
Episode: 3624, Reward: 53.4902, success: 18, fail: 7
Episode: 3625, Reward: 23.3695, success: 15, fail: 10
Episode: 3626, Reward: 43.7776, success: 17, fail: 8
Episode: 3627, Reward: 32.2081, success: 16, fail: 9
Episode: 3628, Reward: 34.1127, success: 16, fail: 9
Episode: 3629, Reward: 44.3951, success: 17, fail: 8
Episode: 3630, Reward: 34.1268, success: 16, fail: 9
Episode: 3631, Reward: 33.3570, success: 16, fail: 9
Episode: 3632, Reward: 43.8945, success: 17, fail: 8
Episode: 3633, Reward: 53.6006, success: 18, fail: 7
Episode: 3634, Reward: 43.6614, success: 17, fail: 8
Episode: 3635, Reward: 43.3473, success: 17, fail: 8
Episode: 3636, Reward: 33.5966, success: 16, fail: 9
Episode: 3637, Reward: 44.8860, success: 17, fail: 8
Episode: 3638, Reward: 33.9870, success: 16, fail: 9
Episode: 3639, Reward: 34.8225, success: 16, fail: 9
Episode: 3640, Reward: 43.0485, success: 17, fail: 8
Episode: 3641, Reward: 44.2615, success: 17, fail: 8
Episode: 3642, Reward: 62.8057, success: 19, fail: 6
Episode: 3643, Reward: 54.4999, success: 18, fail: 7
Episode: 3644, Reward: 33.9481, success: 16, fail: 9
Episode: 3645, Reward: 52.6669, success: 18, fail: 7
Episode: 3646, Reward: 44.1049, success: 17, fail: 8
Episode: 3647, Reward: 43.8037, success: 17, fail: 8
Episode: 3648, Reward: 23.1980, success: 15, fail: 10
Episode: 3649, Reward: 32.2132, success: 16, fail: 9
Episode: 3650, Reward: 32.0483, success: 16, fail: 9
Episode: 3651, Reward: 32.2368, success: 16, fail: 9
Episode: 3652, Reward: 43.0672, success: 17, fail: 8
Episode: 3653, Reward: 33.8006, success: 16, fail: 9
Episode: 3654, Reward: 53.8798, success: 18, fail: 7
Episode: 3655, Reward: 12.7106, success: 14, fail: 11
Episode: 3656, Reward: 23.2917, success: 15, fail: 10
Episode: 3657, Reward: 33.0435, success: 16, fail: 9
Episode: 3658, Reward: 24.0059, success: 15, fail: 10
Episode: 3659, Reward: 42.9500, success: 17, fail: 8
Episode: 3660, Reward: 32.3166, success: 16, fail: 9
Episode: 3661, Reward: 33.5809, success: 16, fail: 9
Episode: 3662, Reward: 42.5420, success: 17, fail: 8
Episode: 3663, Reward: 43.3969, success: 17, fail: 8
Episode: 3664, Reward: 53.4014, success: 18, fail: 7
Episode: 3665, Reward: 42.8798, success: 17, fail: 8
Episode: 3666, Reward: 43.5421, success: 17, fail: 8
Episode: 3667, Reward: 53.9132, success: 18, fail: 7
Episode: 3668, Reward: 44.7988, success: 17, fail: 8
Episode: 3669, Reward: 53.5141, success: 18, fail: 7
Episode: 3670, Reward: 43.1244, success: 17, fail: 8
Episode: 3671, Reward: 42.9682, success: 17, fail: 8
Episode: 3672, Reward: 43.5661, success: 17, fail: 8
Episode: 3673, Reward: 53.4314, success: 18, fail: 7
Episode: 3674, Reward: 44.4046, success: 17, fail: 8
Episode: 3675, Reward: 32.0014, success: 16, fail: 9
Episode: 3676, Reward: 33.3713, success: 16, fail: 9
Episode: 3677, Reward: 43.5853, success: 17, fail: 8
Episode: 3678, Reward: 33.9009, success: 16, fail: 9
Episode: 3679, Reward: 33.3422, success: 16, fail: 9
Episode: 3680, Reward: 44.0055, success: 17, fail: 8
Episode: 3681, Reward: 43.5475, success: 17, fail: 8
Episode: 3682, Reward: 43.5167, success: 17, fail: 8
Episode: 3683, Reward: 33.1211, success: 16, fail: 9
Episode: 3684, Reward: 54.1997, success: 18, fail: 7
Episode: 3685, Reward: 43.8293, success: 17, fail: 8
Episode: 3686, Reward: 43.7172, success: 17, fail: 8
Episode: 3687, Reward: 33.3964, success: 16, fail: 9
Episode: 3688, Reward: 34.2512, success: 16, fail: 9
Episode: 3689, Reward: 43.2776, success: 17, fail: 8
Episode: 3690, Reward: 33.3653, success: 16, fail: 9
Episode: 3691, Reward: 43.4940, success: 17, fail: 8
Episode: 3692, Reward: 43.2667, success: 17, fail: 8
Episode: 3693, Reward: 24.7852, success: 15, fail: 10
Episode: 3694, Reward: 44.2492, success: 17, fail: 8
Episode: 3695, Reward: 23.7232, success: 15, fail: 10
Episode: 3696, Reward: 44.0643, success: 17, fail: 8
Episode: 3697, Reward: 32.7247, success: 16, fail: 9
Episode: 3698, Reward: 33.9315, success: 16, fail: 9
Episode: 3699, Reward: 54.2352, success: 18, fail: 7
Episode: 3700, Reward: 33.1529, success: 16, fail: 9
Episode: 3701, Reward: 23.7177, success: 15, fail: 10
Episode: 3702, Reward: 24.1902, success: 15, fail: 10
Episode: 3703, Reward: 33.5692, success: 16, fail: 9
Episode: 3704, Reward: 43.5026, success: 17, fail: 8
Episode: 3705, Reward: 34.6826, success: 16, fail: 9
Episode: 3706, Reward: 43.7474, success: 17, fail: 8
Episode: 3707, Reward: 43.9377, success: 17, fail: 8
Episode: 3708, Reward: 34.8797, success: 16, fail: 9
Episode: 3709, Reward: 33.4888, success: 16, fail: 9
Episode: 3710, Reward: 33.7705, success: 16, fail: 9
Episode: 3711, Reward: 43.0966, success: 17, fail: 8
Episode: 3712, Reward: 34.1901, success: 16, fail: 9
Episode: 3713, Reward: 43.6601, success: 17, fail: 8
Episode: 3714, Reward: 42.9894, success: 17, fail: 8
Episode: 3715, Reward: 33.8622, success: 16, fail: 9
Episode: 3716, Reward: 44.0457, success: 17, fail: 8
Episode: 3717, Reward: 53.3026, success: 18, fail: 7
Episode: 3718, Reward: 53.0360, success: 18, fail: 7
Episode: 3719, Reward: 44.1389, success: 17, fail: 8
Episode: 3720, Reward: 32.8673, success: 16, fail: 9
Episode: 3721, Reward: 33.8709, success: 16, fail: 9
Episode: 3722, Reward: 43.4135, success: 17, fail: 8
Episode: 3723, Reward: 24.5794, success: 15, fail: 10
Episode: 3724, Reward: 34.4407, success: 16, fail: 9
Episode: 3725, Reward: 33.4524, success: 16, fail: 9
Episode: 3726, Reward: 43.7843, success: 17, fail: 8
Episode: 3727, Reward: 33.7620, success: 16, fail: 9
Episode: 3728, Reward: 34.5061, success: 16, fail: 9
Episode: 3729, Reward: 34.7903, success: 16, fail: 9
Episode: 3730, Reward: 23.5146, success: 15, fail: 10
Episode: 3731, Reward: 33.9821, success: 16, fail: 9
Episode: 3732, Reward: 53.6145, success: 18, fail: 7
Episode: 3733, Reward: 23.4202, success: 15, fail: 10
Episode: 3734, Reward: 14.3832, success: 14, fail: 11
Episode: 3735, Reward: 33.6108, success: 16, fail: 9
Episode: 3736, Reward: 33.4455, success: 16, fail: 9
Episode: 3737, Reward: 43.9670, success: 17, fail: 8
Episode: 3738, Reward: 54.5444, success: 18, fail: 7
Episode: 3739, Reward: 33.7256, success: 16, fail: 9
Episode: 3740, Reward: 34.5363, success: 16, fail: 9
Episode: 3741, Reward: 44.2465, success: 17, fail: 8
Episode: 3742, Reward: 24.7473, success: 15, fail: 10
Episode: 3743, Reward: 33.8086, success: 16, fail: 9
Episode: 3744, Reward: 23.5803, success: 15, fail: 10
Episode: 3745, Reward: 25.2113, success: 15, fail: 10
Episode: 3746, Reward: 54.6044, success: 18, fail: 7
Episode: 3747, Reward: 54.1432, success: 18, fail: 7
Episode: 3748, Reward: 43.6591, success: 17, fail: 8
Episode: 3749, Reward: 44.0363, success: 17, fail: 8
Episode: 3750, Reward: 42.3298, success: 17, fail: 8
Episode: 3751, Reward: 43.9000, success: 17, fail: 8
Episode: 3752, Reward: 24.5648, success: 15, fail: 10
Episode: 3753, Reward: 43.6997, success: 17, fail: 8
Episode: 3754, Reward: 34.2783, success: 16, fail: 9
Episode: 3755, Reward: 24.5818, success: 15, fail: 10
Episode: 3756, Reward: 33.8009, success: 16, fail: 9
Episode: 3757, Reward: 44.6003, success: 17, fail: 8
Episode: 3758, Reward: 33.4246, success: 16, fail: 9
Episode: 3759, Reward: 14.5420, success: 14, fail: 11
Episode: 3760, Reward: 34.0049, success: 16, fail: 9
Episode: 3761, Reward: 24.1242, success: 15, fail: 10
Episode: 3762, Reward: 33.3486, success: 16, fail: 9
Episode: 3763, Reward: 14.7930, success: 14, fail: 11
Episode: 3764, Reward: 35.1471, success: 16, fail: 9
Episode: 3765, Reward: 35.1441, success: 16, fail: 9
Episode: 3766, Reward: 25.0977, success: 15, fail: 10
Episode: 3767, Reward: 34.6270, success: 16, fail: 9
Episode: 3768, Reward: 13.3240, success: 14, fail: 11
Episode: 3769, Reward: 23.4038, success: 15, fail: 10
Episode: 3770, Reward: 33.6552, success: 16, fail: 9
Episode: 3771, Reward: 54.0412, success: 18, fail: 7
Episode: 3772, Reward: 33.9049, success: 16, fail: 9
Episode: 3773, Reward: 43.6930, success: 17, fail: 8
Episode: 3774, Reward: 44.0363, success: 17, fail: 8
Episode: 3775, Reward: 43.5482, success: 17, fail: 8
Episode: 3776, Reward: 34.0776, success: 16, fail: 9
Episode: 3777, Reward: 44.6960, success: 17, fail: 8
Episode: 3778, Reward: 44.4135, success: 17, fail: 8
Episode: 3779, Reward: 33.9259, success: 16, fail: 9
Episode: 3780, Reward: 24.1790, success: 15, fail: 10
Episode: 3781, Reward: 34.6463, success: 16, fail: 9
Episode: 3782, Reward: 23.7404, success: 15, fail: 10
Episode: 3783, Reward: 44.5655, success: 17, fail: 8
Episode: 3784, Reward: 24.6732, success: 15, fail: 10
Episode: 3785, Reward: 32.8629, success: 16, fail: 9
Episode: 3786, Reward: 34.9375, success: 16, fail: 9
Episode: 3787, Reward: 23.2122, success: 15, fail: 10
Episode: 3788, Reward: 4.5353, success: 13, fail: 12
Episode: 3789, Reward: 54.4733, success: 18, fail: 7
Episode: 3790, Reward: 33.3264, success: 16, fail: 9
Episode: 3791, Reward: 33.9596, success: 16, fail: 9
Episode: 3792, Reward: 24.0853, success: 15, fail: 10
Episode: 3793, Reward: 43.9033, success: 17, fail: 8
Episode: 3794, Reward: 24.6549, success: 15, fail: 10
Episode: 3795, Reward: 44.5488, success: 17, fail: 8
Episode: 3796, Reward: 23.3621, success: 15, fail: 10
Episode: 3797, Reward: 44.2160, success: 17, fail: 8
Episode: 3798, Reward: 33.1796, success: 16, fail: 9
Episode: 3799, Reward: 32.8837, success: 16, fail: 9
Episode: 3800, Reward: 34.5812, success: 16, fail: 9
Episode: 3801, Reward: 33.6065, success: 16, fail: 9
Episode: 3802, Reward: 23.8853, success: 15, fail: 10
Episode: 3803, Reward: 43.8443, success: 17, fail: 8
Episode: 3804, Reward: 14.4044, success: 14, fail: 11
Episode: 3805, Reward: 34.5519, success: 16, fail: 9
Episode: 3806, Reward: 24.5865, success: 15, fail: 10
Episode: 3807, Reward: 23.5991, success: 15, fail: 10
Episode: 3808, Reward: 34.0146, success: 16, fail: 9
Episode: 3809, Reward: 44.7768, success: 17, fail: 8
Episode: 3810, Reward: 33.8985, success: 16, fail: 9
Episode: 3811, Reward: 44.2947, success: 17, fail: 8
Episode: 3812, Reward: 34.5947, success: 16, fail: 9
Episode: 3813, Reward: 34.2732, success: 16, fail: 9
Episode: 3814, Reward: 43.7738, success: 17, fail: 8
Episode: 3815, Reward: 54.5794, success: 18, fail: 7
Episode: 3816, Reward: 54.7021, success: 18, fail: 7
Episode: 3817, Reward: 34.8119, success: 16, fail: 9
Episode: 3818, Reward: 44.4163, success: 17, fail: 8
Episode: 3819, Reward: 34.3227, success: 16, fail: 9
Episode: 3820, Reward: 32.7489, success: 16, fail: 9
Episode: 3821, Reward: 35.1194, success: 16, fail: 9
Episode: 3822, Reward: 43.2318, success: 17, fail: 8
Episode: 3823, Reward: 44.8622, success: 17, fail: 8
Episode: 3824, Reward: 33.4452, success: 16, fail: 9
Episode: 3825, Reward: 44.3919, success: 17, fail: 8
Episode: 3826, Reward: 53.0624, success: 18, fail: 7
Episode: 3827, Reward: 65.0503, success: 19, fail: 6
Episode: 3828, Reward: 44.0173, success: 17, fail: 8
Episode: 3829, Reward: 34.8006, success: 16, fail: 9
Episode: 3830, Reward: 34.7672, success: 16, fail: 9
Episode: 3831, Reward: 44.7775, success: 17, fail: 8
Episode: 3832, Reward: 45.1844, success: 17, fail: 8
Episode: 3833, Reward: 24.5806, success: 15, fail: 10
Episode: 3834, Reward: 24.0396, success: 15, fail: 10
Episode: 3835, Reward: 54.5948, success: 18, fail: 7
Episode: 3836, Reward: 33.8003, success: 16, fail: 9
Episode: 3837, Reward: 34.7913, success: 16, fail: 9
Episode: 3838, Reward: 44.6931, success: 17, fail: 8
Episode: 3839, Reward: 44.8893, success: 17, fail: 8
Episode: 3840, Reward: 34.2367, success: 16, fail: 9
Episode: 3841, Reward: 35.0311, success: 16, fail: 9
Episode: 3842, Reward: 34.7513, success: 16, fail: 9
Episode: 3843, Reward: 52.7760, success: 18, fail: 7
Episode: 3844, Reward: 64.9637, success: 19, fail: 6
Episode: 3845, Reward: 54.6422, success: 18, fail: 7
Episode: 3846, Reward: 34.1675, success: 16, fail: 9
Episode: 3847, Reward: 34.6475, success: 16, fail: 9
Episode: 3848, Reward: 34.7571, success: 16, fail: 9
Episode: 3849, Reward: 44.0296, success: 17, fail: 8
Episode: 3850, Reward: 44.3988, success: 17, fail: 8
Episode: 3851, Reward: 33.0503, success: 16, fail: 9
Episode: 3852, Reward: 43.5188, success: 17, fail: 8
Episode: 3853, Reward: 54.0828, success: 18, fail: 7
Episode: 3854, Reward: 44.6309, success: 17, fail: 8
Episode: 3855, Reward: 34.4107, success: 16, fail: 9
Episode: 3856, Reward: 32.1369, success: 16, fail: 9
Episode: 3857, Reward: 64.4655, success: 19, fail: 6
Episode: 3858, Reward: 55.1024, success: 18, fail: 7
Episode: 3859, Reward: 35.5155, success: 16, fail: 9
Episode: 3860, Reward: 34.6033, success: 16, fail: 9
Episode: 3861, Reward: 54.7913, success: 18, fail: 7
Episode: 3862, Reward: 33.7180, success: 16, fail: 9
Episode: 3863, Reward: 44.3882, success: 17, fail: 8
Episode: 3864, Reward: 54.9143, success: 18, fail: 7
Episode: 3865, Reward: 34.5612, success: 16, fail: 9
Episode: 3866, Reward: 24.2486, success: 15, fail: 10
Episode: 3867, Reward: 13.8700, success: 14, fail: 11
Episode: 3868, Reward: 44.3387, success: 17, fail: 8
Episode: 3869, Reward: 34.4757, success: 16, fail: 9
Episode: 3870, Reward: 24.7620, success: 15, fail: 10
Episode: 3871, Reward: 44.8195, success: 17, fail: 8
Episode: 3872, Reward: 35.2067, success: 16, fail: 9
Episode: 3873, Reward: 32.9743, success: 16, fail: 9
Episode: 3874, Reward: 45.2241, success: 17, fail: 8
Episode: 3875, Reward: 43.9727, success: 17, fail: 8
Episode: 3876, Reward: 54.9530, success: 18, fail: 7
Episode: 3877, Reward: 33.6733, success: 16, fail: 9
Episode: 3878, Reward: 44.5938, success: 17, fail: 8
Episode: 3879, Reward: 33.9058, success: 16, fail: 9
Episode: 3880, Reward: 44.7505, success: 17, fail: 8
Episode: 3881, Reward: 34.3493, success: 16, fail: 9
Episode: 3882, Reward: 24.0328, success: 15, fail: 10
Episode: 3883, Reward: 34.7711, success: 16, fail: 9
Episode: 3884, Reward: 54.8244, success: 18, fail: 7
Episode: 3885, Reward: 54.1574, success: 18, fail: 7
Episode: 3886, Reward: 64.5093, success: 19, fail: 6
Episode: 3887, Reward: 53.7269, success: 18, fail: 7
Episode: 3888, Reward: 34.3630, success: 16, fail: 9
Episode: 3889, Reward: 34.3147, success: 16, fail: 9
Episode: 3890, Reward: 44.3501, success: 17, fail: 8
Episode: 3891, Reward: 33.5388, success: 16, fail: 9
Episode: 3892, Reward: 54.3083, success: 18, fail: 7
Episode: 3893, Reward: 53.4549, success: 18, fail: 7
Episode: 3894, Reward: 33.8571, success: 16, fail: 9
Episode: 3895, Reward: 45.1756, success: 17, fail: 8
Episode: 3896, Reward: 34.4831, success: 16, fail: 9
Episode: 3897, Reward: 54.8639, success: 18, fail: 7
Episode: 3898, Reward: 44.3728, success: 17, fail: 8
Episode: 3899, Reward: 55.6021, success: 18, fail: 7
Episode: 3900, Reward: 54.0406, success: 18, fail: 7
Episode: 3901, Reward: 44.8909, success: 17, fail: 8
Episode: 3902, Reward: 54.7230, success: 18, fail: 7
Episode: 3903, Reward: 54.4507, success: 18, fail: 7
Episode: 3904, Reward: 44.3998, success: 17, fail: 8
Episode: 3905, Reward: 44.4882, success: 17, fail: 8
Episode: 3906, Reward: 43.8159, success: 17, fail: 8
Episode: 3907, Reward: 43.4049, success: 17, fail: 8
Episode: 3908, Reward: 55.0083, success: 18, fail: 7
Episode: 3909, Reward: 44.2771, success: 17, fail: 8
Episode: 3910, Reward: 43.9703, success: 17, fail: 8
Episode: 3911, Reward: 44.5426, success: 17, fail: 8
Episode: 3912, Reward: 33.6591, success: 16, fail: 9
Episode: 3913, Reward: 44.3785, success: 17, fail: 8
Episode: 3914, Reward: 25.2663, success: 15, fail: 10
Episode: 3915, Reward: 25.1284, success: 15, fail: 10
Episode: 3916, Reward: 44.9647, success: 17, fail: 8
Episode: 3917, Reward: 44.0996, success: 17, fail: 8
Episode: 3918, Reward: 34.9630, success: 16, fail: 9
Episode: 3919, Reward: 33.8231, success: 16, fail: 9
Episode: 3920, Reward: 31.8513, success: 16, fail: 9
Episode: 3921, Reward: 22.5516, success: 15, fail: 10
Episode: 3922, Reward: 34.5844, success: 16, fail: 9
Episode: 3923, Reward: 43.8643, success: 17, fail: 8
Episode: 3924, Reward: 34.6434, success: 16, fail: 9
Episode: 3925, Reward: 44.2651, success: 17, fail: 8
Episode: 3926, Reward: 74.6835, success: 20, fail: 5
Episode: 3927, Reward: 44.0362, success: 17, fail: 8
Episode: 3928, Reward: 43.0986, success: 17, fail: 8
Episode: 3929, Reward: 23.9002, success: 15, fail: 10
Episode: 3930, Reward: 23.6605, success: 15, fail: 10
Episode: 3931, Reward: 44.5550, success: 17, fail: 8
Episode: 3932, Reward: 33.6520, success: 16, fail: 9
Episode: 3933, Reward: 33.4399, success: 16, fail: 9
Episode: 3934, Reward: 54.2742, success: 18, fail: 7
Episode: 3935, Reward: 44.2450, success: 17, fail: 8
Episode: 3936, Reward: 44.8281, success: 17, fail: 8
Episode: 3937, Reward: 43.9050, success: 17, fail: 8
Episode: 3938, Reward: 33.6645, success: 16, fail: 9
Episode: 3939, Reward: 54.0920, success: 18, fail: 7
Episode: 3940, Reward: 54.9260, success: 18, fail: 7
Episode: 3941, Reward: 43.3443, success: 17, fail: 8
Episode: 3942, Reward: 34.4358, success: 16, fail: 9
Episode: 3943, Reward: 33.5997, success: 16, fail: 9
Episode: 3944, Reward: 44.1148, success: 17, fail: 8
Episode: 3945, Reward: 42.2763, success: 17, fail: 8
Episode: 3946, Reward: 44.3933, success: 17, fail: 8
Episode: 3947, Reward: 23.2168, success: 15, fail: 10
Episode: 3948, Reward: 53.9740, success: 18, fail: 7
Episode: 3949, Reward: 44.2571, success: 17, fail: 8
Episode: 3950, Reward: 43.7986, success: 17, fail: 8
Episode: 3951, Reward: 23.2784, success: 15, fail: 10
Episode: 3952, Reward: 33.3697, success: 16, fail: 9
Episode: 3953, Reward: 44.7477, success: 17, fail: 8
Episode: 3954, Reward: 14.3143, success: 14, fail: 11
Episode: 3955, Reward: 44.0250, success: 17, fail: 8
Episode: 3956, Reward: 33.6654, success: 16, fail: 9
Episode: 3957, Reward: 42.9819, success: 17, fail: 8
Episode: 3958, Reward: 13.7007, success: 14, fail: 11
Episode: 3959, Reward: 33.4642, success: 16, fail: 9
Episode: 3960, Reward: 43.6055, success: 17, fail: 8
Episode: 3961, Reward: 53.1866, success: 18, fail: 7
Episode: 3962, Reward: 43.4894, success: 17, fail: 8
Episode: 3963, Reward: 33.7158, success: 16, fail: 9
Episode: 3964, Reward: 34.3012, success: 16, fail: 9
Episode: 3965, Reward: 24.1086, success: 15, fail: 10
Episode: 3966, Reward: 34.5783, success: 16, fail: 9
Episode: 3967, Reward: 33.7572, success: 16, fail: 9
Episode: 3968, Reward: 23.4667, success: 15, fail: 10
Episode: 3969, Reward: 44.0116, success: 17, fail: 8
Episode: 3970, Reward: 53.4028, success: 18, fail: 7
Episode: 3971, Reward: 34.0727, success: 16, fail: 9
Episode: 3972, Reward: 32.9170, success: 16, fail: 9
Episode: 3973, Reward: 53.5026, success: 18, fail: 7
Episode: 3974, Reward: 63.7188, success: 19, fail: 6
Episode: 3975, Reward: 14.7932, success: 14, fail: 11
Episode: 3976, Reward: 43.3514, success: 17, fail: 8
Episode: 3977, Reward: 43.7931, success: 17, fail: 8
Episode: 3978, Reward: 43.1288, success: 17, fail: 8
Episode: 3979, Reward: 44.9174, success: 17, fail: 8
Episode: 3980, Reward: 42.9161, success: 17, fail: 8
Episode: 3981, Reward: 43.5860, success: 17, fail: 8
Episode: 3982, Reward: 43.6530, success: 17, fail: 8
Episode: 3983, Reward: 42.9237, success: 17, fail: 8
Episode: 3984, Reward: 23.9302, success: 15, fail: 10
Episode: 3985, Reward: 53.9886, success: 18, fail: 7
Episode: 3986, Reward: 33.0748, success: 16, fail: 9
Episode: 3987, Reward: 33.2294, success: 16, fail: 9
Episode: 3988, Reward: 43.2751, success: 17, fail: 8
Episode: 3989, Reward: 42.2982, success: 17, fail: 8
Episode: 3990, Reward: 53.5383, success: 18, fail: 7
Episode: 3991, Reward: 54.0469, success: 18, fail: 7
Episode: 3992, Reward: 63.9147, success: 19, fail: 6
Episode: 3993, Reward: 35.1257, success: 16, fail: 9
Episode: 3994, Reward: 51.7097, success: 18, fail: 7
Episode: 3995, Reward: 52.9869, success: 18, fail: 7
Episode: 3996, Reward: 33.9413, success: 16, fail: 9
Episode: 3997, Reward: 23.6578, success: 15, fail: 10
Episode: 3998, Reward: 43.5082, success: 17, fail: 8
Episode: 3999, Reward: 43.7030, success: 17, fail: 8
Episode: 4000, Reward: 42.7174, success: 17, fail: 8
Plot saved to C:\Users\zengd\Desktop\论文\W-MADDPG\MADDPG_Discrete\sum_reward_mappo.png
