WARNING:tensorflow:From C:\Users\zengd\Desktop\论文\W-MADDPG\MADDPG_Discrete\mappo_agent.py:31: The name tf.placeholder is deprecated. Please use tf.compat.v1.placeholder instead.

WARNING:tensorflow:From C:\Users\zengd\Desktop\论文\W-MADDPG\MADDPG_Discrete\mappo_agent.py:43: The name tf.variable_scope is deprecated. Please use tf.compat.v1.variable_scope instead.

WARNING:tensorflow:From C:\Users\zengd\Desktop\论文\W-MADDPG\MADDPG_Discrete\mappo_agent.py:7: dense (from tensorflow.python.layers.core) is deprecated and will be removed in a future version.
Instructions for updating:
Use keras.layers.Dense instead.
WARNING:tensorflow:From D:\tool\anaconda\envs\py37tf\lib\site-packages\tensorflow_core\python\layers\core.py:187: Layer.apply (from tensorflow.python.keras.engine.base_layer) is deprecated and will be removed in a future version.
Instructions for updating:
Please use `layer.__call__` method instead.
WARNING:tensorflow:
The TensorFlow contrib module will not be included in TensorFlow 2.0.
For more information, please see:
  * https://github.com/tensorflow/community/blob/master/rfcs/20180907-contrib-sunset.md
  * https://github.com/tensorflow/addons
  * https://github.com/tensorflow/io (for I/O related ops)
If you depend on functionality not listed there, please file an issue.

WARNING:tensorflow:From C:\Users\zengd\Desktop\论文\W-MADDPG\MADDPG_Discrete\mappo_agent.py:114: The name tf.log is deprecated. Please use tf.math.log instead.

WARNING:tensorflow:From C:\Users\zengd\Desktop\论文\W-MADDPG\MADDPG_Discrete\mappo_agent.py:76: The name tf.get_collection is deprecated. Please use tf.compat.v1.get_collection instead.

WARNING:tensorflow:From C:\Users\zengd\Desktop\论文\W-MADDPG\MADDPG_Discrete\mappo_agent.py:76: The name tf.GraphKeys is deprecated. Please use tf.compat.v1.GraphKeys instead.

WARNING:tensorflow:From C:\Users\zengd\Desktop\论文\W-MADDPG\MADDPG_Discrete\mappo_agent.py:122: The name tf.train.AdamOptimizer is deprecated. Please use tf.compat.v1.train.AdamOptimizer instead.

WARNING:tensorflow:From D:\tool\anaconda\envs\py37tf\lib\site-packages\tensorflow_core\python\ops\math_grad.py:1424: where (from tensorflow.python.ops.array_ops) is deprecated and will be removed in a future version.
Instructions for updating:
Use tf.where in 2.0, which has the same broadcast rule as np.where
WARNING:tensorflow:From C:\Users\zengd\Desktop\论文\W-MADDPG\MADDPG_Discrete\train_mappo.py:157: The name tf.ConfigProto is deprecated. Please use tf.compat.v1.ConfigProto instead.

WARNING:tensorflow:From C:\Users\zengd\Desktop\论文\W-MADDPG\MADDPG_Discrete\train_mappo.py:159: The name tf.Session is deprecated. Please use tf.compat.v1.Session instead.

2026-09-21 12:31:15.975241: I tensorflow/core/platform/cpu_feature_guard.cc:142] Your CPU supports instructions that this TensorFlow binary was not compiled to use: AVX2
WARNING:tensorflow:From C:\Users\zengd\Desktop\论文\W-MADDPG\MADDPG_Discrete\train_mappo.py:160: The name tf.global_variables_initializer is deprecated. Please use tf.compat.v1.global_variables_initializer instead.

WARNING:tensorflow:From C:\Users\zengd\Desktop\论文\W-MADDPG\MADDPG_Discrete\train_mappo.py:164: The name tf.train.Saver is deprecated. Please use tf.compat.v1.train.Saver instead.

Episode: 1, Reward: 62.1918, success: 19, fail: 6
Episode: 2, Reward: 41.8711, success: 17, fail: 8
Episode: 3, Reward: 42.4219, success: 17, fail: 8
Episode: 4, Reward: 22.8172, success: 15, fail: 10
Episode: 5, Reward: 54.0110, success: 18, fail: 7
Episode: 6, Reward: 50.2245, success: 18, fail: 7
Episode: 7, Reward: 52.9136, success: 18, fail: 7
Episode: 8, Reward: 41.6711, success: 17, fail: 8
Episode: 9, Reward: 31.6104, success: 16, fail: 9
Episode: 10, Reward: 32.6829, success: 16, fail: 9
Episode: 11, Reward: 44.1107, success: 17, fail: 8
Episode: 12, Reward: 43.1263, success: 17, fail: 8
Episode: 13, Reward: 42.3901, success: 17, fail: 8
Episode: 14, Reward: 33.3262, success: 16, fail: 9
Episode: 15, Reward: 44.8809, success: 17, fail: 8
Episode: 16, Reward: 42.8768, success: 17, fail: 8
Episode: 17, Reward: 63.1157, success: 19, fail: 6
Episode: 18, Reward: 31.8777, success: 16, fail: 9
Episode: 19, Reward: 32.8552, success: 16, fail: 9
Episode: 20, Reward: 55.1056, success: 18, fail: 7
Episode: 21, Reward: 41.3641, success: 17, fail: 8
Episode: 22, Reward: 43.3454, success: 17, fail: 8
Episode: 23, Reward: 53.5197, success: 18, fail: 7
Episode: 24, Reward: 52.4291, success: 18, fail: 7
Episode: 25, Reward: 63.9367, success: 19, fail: 6
Episode: 26, Reward: 43.1700, success: 17, fail: 8
Episode: 27, Reward: 31.5279, success: 16, fail: 9
Episode: 28, Reward: 45.2698, success: 17, fail: 8
Episode: 29, Reward: 44.5068, success: 17, fail: 8
Episode: 30, Reward: 35.4851, success: 16, fail: 9
Episode: 31, Reward: 33.6465, success: 16, fail: 9
Episode: 32, Reward: 43.5687, success: 17, fail: 8
Episode: 33, Reward: 54.4020, success: 18, fail: 7
Episode: 34, Reward: 52.9657, success: 18, fail: 7
Episode: 35, Reward: 22.8607, success: 15, fail: 10
Episode: 36, Reward: 25.3624, success: 15, fail: 10
Episode: 37, Reward: 34.3926, success: 16, fail: 9
Episode: 38, Reward: 53.1983, success: 18, fail: 7
Episode: 39, Reward: 43.0545, success: 17, fail: 8
Episode: 40, Reward: 62.8802, success: 19, fail: 6
Episode: 41, Reward: 53.2870, success: 18, fail: 7
Episode: 42, Reward: 14.8816, success: 14, fail: 11
Episode: 43, Reward: 64.6879, success: 19, fail: 6
Episode: 44, Reward: 54.6709, success: 18, fail: 7
Episode: 45, Reward: 24.0440, success: 15, fail: 10
Episode: 46, Reward: 44.8277, success: 17, fail: 8
Episode: 47, Reward: 43.5371, success: 17, fail: 8
Episode: 48, Reward: 62.9534, success: 19, fail: 6
Episode: 49, Reward: 54.9942, success: 18, fail: 7
Episode: 50, Reward: 53.8702, success: 18, fail: 7
Episode: 51, Reward: 34.3512, success: 16, fail: 9
Episode: 52, Reward: 43.4035, success: 17, fail: 8
Episode: 53, Reward: 42.8710, success: 17, fail: 8
Episode: 54, Reward: 24.0441, success: 15, fail: 10
Episode: 55, Reward: 44.4834, success: 17, fail: 8
Episode: 56, Reward: 43.3514, success: 17, fail: 8
Episode: 57, Reward: 63.5391, success: 19, fail: 6
Episode: 58, Reward: 53.8452, success: 18, fail: 7
Episode: 59, Reward: 41.7823, success: 17, fail: 8
Episode: 60, Reward: 54.7623, success: 18, fail: 7
Episode: 61, Reward: 42.1436, success: 17, fail: 8
Episode: 62, Reward: 42.2629, success: 17, fail: 8
Episode: 63, Reward: 33.7857, success: 16, fail: 9
Episode: 64, Reward: 43.3137, success: 17, fail: 8
Episode: 65, Reward: 63.7556, success: 19, fail: 6
Episode: 66, Reward: 42.7138, success: 17, fail: 8
Episode: 67, Reward: 33.3100, success: 16, fail: 9
Episode: 68, Reward: 25.0094, success: 15, fail: 10
Episode: 69, Reward: 53.5000, success: 18, fail: 7
Episode: 70, Reward: 53.6079, success: 18, fail: 7
Episode: 71, Reward: 45.1351, success: 17, fail: 8
Episode: 72, Reward: 33.2747, success: 16, fail: 9
Episode: 73, Reward: 23.4489, success: 15, fail: 10
Episode: 74, Reward: 33.7556, success: 16, fail: 9
Episode: 75, Reward: 42.8113, success: 17, fail: 8
Episode: 76, Reward: 43.9045, success: 17, fail: 8
Episode: 77, Reward: 53.2326, success: 18, fail: 7
Episode: 78, Reward: 45.3877, success: 17, fail: 8
Episode: 79, Reward: 33.1741, success: 16, fail: 9
Episode: 80, Reward: 34.5150, success: 16, fail: 9
Episode: 81, Reward: 22.9436, success: 15, fail: 10
Episode: 82, Reward: 51.3815, success: 18, fail: 7
Episode: 83, Reward: 32.6171, success: 16, fail: 9
Episode: 84, Reward: 43.1103, success: 17, fail: 8
Episode: 85, Reward: 34.8988, success: 16, fail: 9
Episode: 86, Reward: 42.6080, success: 17, fail: 8
Episode: 87, Reward: 32.0626, success: 16, fail: 9
Episode: 88, Reward: 33.1043, success: 16, fail: 9
Episode: 89, Reward: 32.0434, success: 16, fail: 9
Episode: 90, Reward: 41.2838, success: 17, fail: 8
Episode: 91, Reward: 42.1460, success: 17, fail: 8
Episode: 92, Reward: 22.5956, success: 15, fail: 10
Episode: 93, Reward: 54.4022, success: 18, fail: 7
Episode: 94, Reward: 32.9205, success: 16, fail: 9
Episode: 95, Reward: 43.2916, success: 17, fail: 8
Episode: 96, Reward: 42.8575, success: 17, fail: 8
Episode: 97, Reward: 33.1756, success: 16, fail: 9
Episode: 98, Reward: 34.4086, success: 16, fail: 9
Episode: 99, Reward: 42.5828, success: 17, fail: 8
Episode: 100, Reward: 54.9629, success: 18, fail: 7
Episode: 101, Reward: 24.3831, success: 15, fail: 10
Episode: 102, Reward: 43.1849, success: 17, fail: 8
Episode: 103, Reward: 43.1650, success: 17, fail: 8
Episode: 104, Reward: 31.3314, success: 16, fail: 9
Episode: 105, Reward: 43.1879, success: 17, fail: 8
Episode: 106, Reward: 43.0615, success: 17, fail: 8
Episode: 107, Reward: 52.9525, success: 18, fail: 7
Episode: 108, Reward: 21.3928, success: 15, fail: 10
Episode: 109, Reward: 44.1234, success: 17, fail: 8
Episode: 110, Reward: 34.1124, success: 16, fail: 9
Episode: 111, Reward: 33.0111, success: 16, fail: 9
Episode: 112, Reward: 43.4879, success: 17, fail: 8
Episode: 113, Reward: 35.7239, success: 16, fail: 9
Episode: 114, Reward: 42.7219, success: 17, fail: 8
Episode: 115, Reward: 42.0596, success: 17, fail: 8
Episode: 116, Reward: 44.0979, success: 17, fail: 8
Episode: 117, Reward: 43.6683, success: 17, fail: 8
Episode: 118, Reward: 23.8730, success: 15, fail: 10
Episode: 119, Reward: 53.3542, success: 18, fail: 7
Episode: 120, Reward: 43.3871, success: 17, fail: 8
Episode: 121, Reward: 43.3853, success: 17, fail: 8
Episode: 122, Reward: 32.1410, success: 16, fail: 9
Episode: 123, Reward: 32.1361, success: 16, fail: 9
Episode: 124, Reward: 43.1294, success: 17, fail: 8
Episode: 125, Reward: 42.3972, success: 17, fail: 8
Episode: 126, Reward: 52.0091, success: 18, fail: 7
Episode: 127, Reward: 43.9455, success: 17, fail: 8
Episode: 128, Reward: 32.8982, success: 16, fail: 9
Episode: 129, Reward: 54.0557, success: 18, fail: 7
Episode: 130, Reward: 43.8587, success: 17, fail: 8
Episode: 131, Reward: 31.8460, success: 16, fail: 9
Episode: 132, Reward: 24.7033, success: 15, fail: 10
Episode: 133, Reward: 53.7516, success: 18, fail: 7
Episode: 134, Reward: 33.3865, success: 16, fail: 9
Episode: 135, Reward: 64.3363, success: 19, fail: 6
Episode: 136, Reward: 43.5558, success: 17, fail: 8
Episode: 137, Reward: 33.7979, success: 16, fail: 9
Episode: 138, Reward: 22.4494, success: 15, fail: 10
Episode: 139, Reward: 32.7117, success: 16, fail: 9
Episode: 140, Reward: 43.1386, success: 17, fail: 8
Episode: 141, Reward: 35.1323, success: 16, fail: 9
Episode: 142, Reward: 43.8358, success: 17, fail: 8
Episode: 143, Reward: 22.7071, success: 15, fail: 10
Episode: 144, Reward: 52.6417, success: 18, fail: 7
Episode: 145, Reward: 51.4221, success: 18, fail: 7
Episode: 146, Reward: 34.7933, success: 16, fail: 9
Episode: 147, Reward: 41.2549, success: 17, fail: 8
Episode: 148, Reward: 52.7473, success: 18, fail: 7
Episode: 149, Reward: 44.4219, success: 17, fail: 8
Episode: 150, Reward: 44.0973, success: 17, fail: 8
Episode: 151, Reward: 41.1247, success: 17, fail: 8
Episode: 152, Reward: 54.0168, success: 18, fail: 7
Episode: 153, Reward: 21.6308, success: 15, fail: 10
Episode: 154, Reward: 34.1178, success: 16, fail: 9
Episode: 155, Reward: 51.8220, success: 18, fail: 7
Episode: 156, Reward: 41.6555, success: 17, fail: 8
Episode: 157, Reward: 43.7460, success: 17, fail: 8
Episode: 158, Reward: 32.0351, success: 16, fail: 9
Episode: 159, Reward: 43.7459, success: 17, fail: 8
Episode: 160, Reward: 34.8790, success: 16, fail: 9
Episode: 161, Reward: 44.8036, success: 17, fail: 8
Episode: 162, Reward: 42.4930, success: 17, fail: 8
Episode: 163, Reward: 52.6931, success: 18, fail: 7
Episode: 164, Reward: 53.3653, success: 18, fail: 7
Episode: 165, Reward: 51.4717, success: 18, fail: 7
Episode: 166, Reward: 42.4471, success: 17, fail: 8
Episode: 167, Reward: 32.2287, success: 16, fail: 9
Episode: 168, Reward: 43.8386, success: 17, fail: 8
Episode: 169, Reward: 43.0348, success: 17, fail: 8
Episode: 170, Reward: 44.7935, success: 17, fail: 8
Episode: 171, Reward: 42.7248, success: 17, fail: 8
Episode: 172, Reward: 42.5105, success: 17, fail: 8
Episode: 173, Reward: 42.0791, success: 17, fail: 8
Episode: 174, Reward: 53.6895, success: 18, fail: 7
Episode: 175, Reward: 42.0101, success: 17, fail: 8
Episode: 176, Reward: 44.2881, success: 17, fail: 8
Episode: 177, Reward: 31.8401, success: 16, fail: 9
Episode: 178, Reward: 33.6526, success: 16, fail: 9
Episode: 179, Reward: 44.9168, success: 17, fail: 8
Episode: 180, Reward: 34.2855, success: 16, fail: 9
Episode: 181, Reward: 44.1152, success: 17, fail: 8
Episode: 182, Reward: 65.0076, success: 19, fail: 6
Episode: 183, Reward: 34.5446, success: 16, fail: 9
Episode: 184, Reward: 43.1259, success: 17, fail: 8
Episode: 185, Reward: 41.5417, success: 17, fail: 8
Episode: 186, Reward: 43.5151, success: 17, fail: 8
Episode: 187, Reward: 53.0747, success: 18, fail: 7
Episode: 188, Reward: 43.8738, success: 17, fail: 8
Episode: 189, Reward: 33.4418, success: 16, fail: 9
Episode: 190, Reward: 53.5401, success: 18, fail: 7
Episode: 191, Reward: 54.7044, success: 18, fail: 7
Episode: 192, Reward: 43.1685, success: 17, fail: 8
Episode: 193, Reward: 63.5431, success: 19, fail: 6
Episode: 194, Reward: 62.6074, success: 19, fail: 6
Episode: 195, Reward: 54.8497, success: 18, fail: 7
Episode: 196, Reward: 44.6371, success: 17, fail: 8
Episode: 197, Reward: 22.1852, success: 15, fail: 10
Episode: 198, Reward: 42.0258, success: 17, fail: 8
Episode: 199, Reward: 43.2681, success: 17, fail: 8
Episode: 200, Reward: 53.7078, success: 18, fail: 7
Episode: 201, Reward: 54.9554, success: 18, fail: 7
Episode: 202, Reward: 54.4414, success: 18, fail: 7
Episode: 203, Reward: 44.7376, success: 17, fail: 8
Episode: 204, Reward: 51.7704, success: 18, fail: 7
Episode: 205, Reward: 53.2515, success: 18, fail: 7
Episode: 206, Reward: 56.2435, success: 18, fail: 7
Episode: 207, Reward: 43.8575, success: 17, fail: 8
Episode: 208, Reward: 44.2612, success: 17, fail: 8
Episode: 209, Reward: 54.6473, success: 18, fail: 7
Episode: 210, Reward: 62.1396, success: 19, fail: 6
Episode: 211, Reward: 44.0814, success: 17, fail: 8
Episode: 212, Reward: 75.4651, success: 20, fail: 5
Episode: 213, Reward: 53.9388, success: 18, fail: 7
Episode: 214, Reward: 52.9928, success: 18, fail: 7
Episode: 215, Reward: 55.2378, success: 18, fail: 7
Episode: 216, Reward: 52.8703, success: 18, fail: 7
Episode: 217, Reward: 64.7208, success: 19, fail: 6
Episode: 218, Reward: 74.0461, success: 20, fail: 5
Episode: 219, Reward: 54.5598, success: 18, fail: 7
Episode: 220, Reward: 55.5917, success: 18, fail: 7
Episode: 221, Reward: 43.3392, success: 17, fail: 8
Episode: 222, Reward: 64.0207, success: 19, fail: 6
Episode: 223, Reward: 53.3287, success: 18, fail: 7
Episode: 224, Reward: 53.4668, success: 18, fail: 7
Episode: 225, Reward: 42.4905, success: 17, fail: 8
Episode: 226, Reward: 44.3773, success: 17, fail: 8
Episode: 227, Reward: 53.5339, success: 18, fail: 7
Episode: 228, Reward: 53.8559, success: 18, fail: 7
Episode: 229, Reward: 42.2039, success: 17, fail: 8
Episode: 230, Reward: 51.8120, success: 18, fail: 7
Episode: 231, Reward: 53.9344, success: 18, fail: 7
Episode: 232, Reward: 54.1323, success: 18, fail: 7
Episode: 233, Reward: 45.1199, success: 17, fail: 8
Episode: 234, Reward: 53.4579, success: 18, fail: 7
Episode: 235, Reward: 52.0778, success: 18, fail: 7
Episode: 236, Reward: 64.7523, success: 19, fail: 6
Episode: 237, Reward: 62.5855, success: 19, fail: 6
Episode: 238, Reward: 53.7499, success: 18, fail: 7
Episode: 239, Reward: 54.0068, success: 18, fail: 7
Episode: 240, Reward: 53.4977, success: 18, fail: 7
Episode: 241, Reward: 43.6109, success: 17, fail: 8
Episode: 242, Reward: 31.9715, success: 16, fail: 9
Episode: 243, Reward: 54.9083, success: 18, fail: 7
Episode: 244, Reward: 64.0618, success: 19, fail: 6
Episode: 245, Reward: 53.5304, success: 18, fail: 7
Episode: 246, Reward: 42.0865, success: 17, fail: 8
Episode: 247, Reward: 53.8546, success: 18, fail: 7
Episode: 248, Reward: 54.1382, success: 18, fail: 7
Episode: 249, Reward: 52.4662, success: 18, fail: 7
Episode: 250, Reward: 55.3210, success: 18, fail: 7
Episode: 251, Reward: 52.8799, success: 18, fail: 7
Episode: 252, Reward: 53.6027, success: 18, fail: 7
Episode: 253, Reward: 52.7333, success: 18, fail: 7
Episode: 254, Reward: 65.2000, success: 19, fail: 6
Episode: 255, Reward: 52.6610, success: 18, fail: 7
Episode: 256, Reward: 54.2748, success: 18, fail: 7
Episode: 257, Reward: 53.4148, success: 18, fail: 7
Episode: 258, Reward: 44.1012, success: 17, fail: 8
Episode: 259, Reward: 55.0711, success: 18, fail: 7
Episode: 260, Reward: 44.9367, success: 17, fail: 8
Episode: 261, Reward: 63.4751, success: 19, fail: 6
Episode: 262, Reward: 53.5835, success: 18, fail: 7
Episode: 263, Reward: 44.1494, success: 17, fail: 8
Episode: 264, Reward: 54.4491, success: 18, fail: 7
Episode: 265, Reward: 44.0455, success: 17, fail: 8
Episode: 266, Reward: 54.5085, success: 18, fail: 7
Episode: 267, Reward: 43.6022, success: 17, fail: 8
Episode: 268, Reward: 54.5337, success: 18, fail: 7
Episode: 269, Reward: 32.0337, success: 16, fail: 9
Episode: 270, Reward: 41.7453, success: 17, fail: 8
Episode: 271, Reward: 64.6486, success: 19, fail: 6
Episode: 272, Reward: 43.5857, success: 17, fail: 8
Episode: 273, Reward: 44.3647, success: 17, fail: 8
Episode: 274, Reward: 43.8941, success: 17, fail: 8
Episode: 275, Reward: 64.9088, success: 19, fail: 6
Episode: 276, Reward: 35.2867, success: 16, fail: 9
Episode: 277, Reward: 65.3349, success: 19, fail: 6
Episode: 278, Reward: 63.6454, success: 19, fail: 6
Episode: 279, Reward: 43.4769, success: 17, fail: 8
Episode: 280, Reward: 66.3719, success: 19, fail: 6
Episode: 281, Reward: 54.5653, success: 18, fail: 7
Episode: 282, Reward: 53.9432, success: 18, fail: 7
Episode: 283, Reward: 44.2183, success: 17, fail: 8
Episode: 284, Reward: 54.8274, success: 18, fail: 7
Episode: 285, Reward: 53.5772, success: 18, fail: 7
Episode: 286, Reward: 63.4899, success: 19, fail: 6
Episode: 287, Reward: 52.3077, success: 18, fail: 7
Episode: 288, Reward: 55.2285, success: 18, fail: 7
Episode: 289, Reward: 64.4775, success: 19, fail: 6
Episode: 290, Reward: 64.5063, success: 19, fail: 6
Episode: 291, Reward: 54.1954, success: 18, fail: 7
Episode: 292, Reward: 44.3647, success: 17, fail: 8
Episode: 293, Reward: 55.3404, success: 18, fail: 7
Episode: 294, Reward: 53.8594, success: 18, fail: 7
Episode: 295, Reward: 54.1258, success: 18, fail: 7
Episode: 296, Reward: 56.0711, success: 18, fail: 7
Episode: 297, Reward: 45.1992, success: 17, fail: 8
Episode: 298, Reward: 43.6389, success: 17, fail: 8
Episode: 299, Reward: 45.3895, success: 17, fail: 8
Episode: 300, Reward: 55.3525, success: 18, fail: 7
Episode: 301, Reward: 63.4964, success: 19, fail: 6
Episode: 302, Reward: 54.2634, success: 18, fail: 7
Episode: 303, Reward: 65.7984, success: 19, fail: 6
Episode: 304, Reward: 54.6143, success: 18, fail: 7
Episode: 305, Reward: 54.2943, success: 18, fail: 7
Episode: 306, Reward: 53.8184, success: 18, fail: 7
Episode: 307, Reward: 55.3885, success: 18, fail: 7
Episode: 308, Reward: 74.6774, success: 20, fail: 5
Episode: 309, Reward: 44.5184, success: 17, fail: 8
Episode: 310, Reward: 52.8956, success: 18, fail: 7
Episode: 311, Reward: 53.9853, success: 18, fail: 7
Episode: 312, Reward: 45.9006, success: 17, fail: 8
Episode: 313, Reward: 63.8600, success: 19, fail: 6
Episode: 314, Reward: 54.0193, success: 18, fail: 7
Episode: 315, Reward: 53.4759, success: 18, fail: 7
Episode: 316, Reward: 55.7976, success: 18, fail: 7
Episode: 317, Reward: 63.0838, success: 19, fail: 6
Episode: 318, Reward: 54.8618, success: 18, fail: 7
Episode: 319, Reward: 64.9156, success: 19, fail: 6
Episode: 320, Reward: 64.8473, success: 19, fail: 6
Episode: 321, Reward: 44.7284, success: 17, fail: 8
Episode: 322, Reward: 52.9297, success: 18, fail: 7
Episode: 323, Reward: 64.6572, success: 19, fail: 6
Episode: 324, Reward: 54.7585, success: 18, fail: 7
Episode: 325, Reward: 53.9478, success: 18, fail: 7
Episode: 326, Reward: 63.9887, success: 19, fail: 6
Episode: 327, Reward: 64.1478, success: 19, fail: 6
Episode: 328, Reward: 65.0701, success: 19, fail: 6
Episode: 329, Reward: 53.9298, success: 18, fail: 7
Episode: 330, Reward: 63.5110, success: 19, fail: 6
Episode: 331, Reward: 64.4319, success: 19, fail: 6
Episode: 332, Reward: 54.6858, success: 18, fail: 7
Episode: 333, Reward: 54.4349, success: 18, fail: 7
Episode: 334, Reward: 52.7946, success: 18, fail: 7
Episode: 335, Reward: 54.7102, success: 18, fail: 7
Episode: 336, Reward: 53.9052, success: 18, fail: 7
Episode: 337, Reward: 45.0384, success: 17, fail: 8
Episode: 338, Reward: 44.5455, success: 17, fail: 8
Episode: 339, Reward: 52.9551, success: 18, fail: 7
Episode: 340, Reward: 54.3836, success: 18, fail: 7
Episode: 341, Reward: 44.4993, success: 17, fail: 8
Episode: 342, Reward: 43.0334, success: 17, fail: 8
Episode: 343, Reward: 53.3435, success: 18, fail: 7
Episode: 344, Reward: 63.4714, success: 19, fail: 6
Episode: 345, Reward: 53.6093, success: 18, fail: 7
Episode: 346, Reward: 63.3865, success: 19, fail: 6
Episode: 347, Reward: 63.3802, success: 19, fail: 6
Episode: 348, Reward: 52.8445, success: 18, fail: 7
Episode: 349, Reward: 63.3564, success: 19, fail: 6
Episode: 350, Reward: 42.6255, success: 17, fail: 8
Episode: 351, Reward: 55.0488, success: 18, fail: 7
Episode: 352, Reward: 53.2233, success: 18, fail: 7
Episode: 353, Reward: 54.4893, success: 18, fail: 7
Episode: 354, Reward: 53.9791, success: 18, fail: 7
Episode: 355, Reward: 43.8933, success: 17, fail: 8
Episode: 356, Reward: 53.8693, success: 18, fail: 7
Episode: 357, Reward: 62.7965, success: 19, fail: 6
Episode: 358, Reward: 64.6874, success: 19, fail: 6
Episode: 359, Reward: 62.8725, success: 19, fail: 6
Episode: 360, Reward: 64.9450, success: 19, fail: 6
Episode: 361, Reward: 54.2588, success: 18, fail: 7
Episode: 362, Reward: 62.8013, success: 19, fail: 6
Episode: 363, Reward: 53.3780, success: 18, fail: 7
Episode: 364, Reward: 63.9955, success: 19, fail: 6
Episode: 365, Reward: 54.6422, success: 18, fail: 7
Episode: 366, Reward: 43.9981, success: 17, fail: 8
Episode: 367, Reward: 53.2687, success: 18, fail: 7
Episode: 368, Reward: 53.4974, success: 18, fail: 7
Episode: 369, Reward: 54.2025, success: 18, fail: 7
Episode: 370, Reward: 52.4676, success: 18, fail: 7
Episode: 371, Reward: 42.5051, success: 17, fail: 8
Episode: 372, Reward: 63.9818, success: 19, fail: 6
Episode: 373, Reward: 62.1357, success: 19, fail: 6
Episode: 374, Reward: 45.4086, success: 17, fail: 8
Episode: 375, Reward: 72.6006, success: 20, fail: 5
Episode: 376, Reward: 64.8268, success: 19, fail: 6
Episode: 377, Reward: 64.1693, success: 19, fail: 6
Episode: 378, Reward: 62.0017, success: 19, fail: 6
Episode: 379, Reward: 51.6997, success: 18, fail: 7
Episode: 380, Reward: 63.2531, success: 19, fail: 6
Episode: 381, Reward: 64.0418, success: 19, fail: 6
Episode: 382, Reward: 51.3475, success: 18, fail: 7
Episode: 383, Reward: 53.9219, success: 18, fail: 7
Episode: 384, Reward: 52.5225, success: 18, fail: 7
Episode: 385, Reward: 43.1090, success: 17, fail: 8
Episode: 386, Reward: 42.0742, success: 17, fail: 8
Episode: 387, Reward: 41.6095, success: 17, fail: 8
Episode: 388, Reward: 52.0674, success: 18, fail: 7
Episode: 389, Reward: 54.2264, success: 18, fail: 7
Episode: 390, Reward: 63.0161, success: 19, fail: 6
Episode: 391, Reward: 43.8746, success: 17, fail: 8
Episode: 392, Reward: 42.2084, success: 17, fail: 8
Episode: 393, Reward: 64.3386, success: 19, fail: 6
Episode: 394, Reward: 52.3957, success: 18, fail: 7
Episode: 395, Reward: 52.0576, success: 18, fail: 7
Episode: 396, Reward: 43.4414, success: 17, fail: 8
Episode: 397, Reward: 64.0688, success: 19, fail: 6
Episode: 398, Reward: 62.3695, success: 19, fail: 6
Episode: 399, Reward: 62.7667, success: 19, fail: 6
Episode: 400, Reward: 53.8983, success: 18, fail: 7
Episode: 401, Reward: 54.7937, success: 18, fail: 7
Episode: 402, Reward: 51.9056, success: 18, fail: 7
Episode: 403, Reward: 63.7263, success: 19, fail: 6
Episode: 404, Reward: 54.1542, success: 18, fail: 7
Episode: 405, Reward: 51.9842, success: 18, fail: 7
Episode: 406, Reward: 52.3320, success: 18, fail: 7
Episode: 407, Reward: 41.6321, success: 17, fail: 8
Episode: 408, Reward: 43.1580, success: 17, fail: 8
Episode: 409, Reward: 53.2007, success: 18, fail: 7
Episode: 410, Reward: 53.4598, success: 18, fail: 7
Episode: 411, Reward: 52.5968, success: 18, fail: 7
Episode: 412, Reward: 43.6947, success: 17, fail: 8
Episode: 413, Reward: 54.4010, success: 18, fail: 7
Episode: 414, Reward: 51.4418, success: 18, fail: 7
Episode: 415, Reward: 42.6061, success: 17, fail: 8
Episode: 416, Reward: 53.0854, success: 18, fail: 7
Episode: 417, Reward: 54.3157, success: 18, fail: 7
Episode: 418, Reward: 52.6294, success: 18, fail: 7
Episode: 419, Reward: 52.0375, success: 18, fail: 7
Episode: 420, Reward: 63.7573, success: 19, fail: 6
Episode: 421, Reward: 63.5666, success: 19, fail: 6
Episode: 422, Reward: 53.3898, success: 18, fail: 7
Episode: 423, Reward: 53.4678, success: 18, fail: 7
Episode: 424, Reward: 43.1976, success: 17, fail: 8
Episode: 425, Reward: 53.7113, success: 18, fail: 7
Episode: 426, Reward: 34.7315, success: 16, fail: 9
Episode: 427, Reward: 41.9451, success: 17, fail: 8
Episode: 428, Reward: 44.1727, success: 17, fail: 8
Episode: 429, Reward: 53.2772, success: 18, fail: 7
Episode: 430, Reward: 42.3887, success: 17, fail: 8
Episode: 431, Reward: 44.3481, success: 17, fail: 8
Episode: 432, Reward: 52.2061, success: 18, fail: 7
Episode: 433, Reward: 53.4787, success: 18, fail: 7
Episode: 434, Reward: 43.9712, success: 17, fail: 8
Episode: 435, Reward: 44.5234, success: 17, fail: 8
Episode: 436, Reward: 63.2556, success: 19, fail: 6
Episode: 437, Reward: 53.2846, success: 18, fail: 7
Episode: 438, Reward: 53.2674, success: 18, fail: 7
Episode: 439, Reward: 53.6932, success: 18, fail: 7
Episode: 440, Reward: 43.9673, success: 17, fail: 8
Episode: 441, Reward: 43.6347, success: 17, fail: 8
Episode: 442, Reward: 44.7268, success: 17, fail: 8
Episode: 443, Reward: 54.1135, success: 18, fail: 7
Episode: 444, Reward: 43.1676, success: 17, fail: 8
Episode: 445, Reward: 53.3596, success: 18, fail: 7
Episode: 446, Reward: 42.9068, success: 17, fail: 8
Episode: 447, Reward: 53.0965, success: 18, fail: 7
Episode: 448, Reward: 44.3912, success: 17, fail: 8
Episode: 449, Reward: 55.7524, success: 18, fail: 7
Episode: 450, Reward: 53.3986, success: 18, fail: 7
Episode: 451, Reward: 54.3241, success: 18, fail: 7
Episode: 452, Reward: 44.7777, success: 17, fail: 8
Episode: 453, Reward: 63.4017, success: 19, fail: 6
Episode: 454, Reward: 54.3072, success: 18, fail: 7
Episode: 455, Reward: 42.9979, success: 17, fail: 8
Episode: 456, Reward: 53.0245, success: 18, fail: 7
Episode: 457, Reward: 53.3115, success: 18, fail: 7
Episode: 458, Reward: 53.4018, success: 18, fail: 7
Episode: 459, Reward: 42.7703, success: 17, fail: 8
Episode: 460, Reward: 44.1367, success: 17, fail: 8
Episode: 461, Reward: 53.5183, success: 18, fail: 7
Episode: 462, Reward: 43.4598, success: 17, fail: 8
Episode: 463, Reward: 53.2463, success: 18, fail: 7
Episode: 464, Reward: 53.0130, success: 18, fail: 7
Episode: 465, Reward: 52.9572, success: 18, fail: 7
Episode: 466, Reward: 54.4344, success: 18, fail: 7
Episode: 467, Reward: 52.6637, success: 18, fail: 7
Episode: 468, Reward: 54.7618, success: 18, fail: 7
Episode: 469, Reward: 62.9148, success: 19, fail: 6
Episode: 470, Reward: 44.2194, success: 17, fail: 8
Episode: 471, Reward: 64.5020, success: 19, fail: 6
Episode: 472, Reward: 34.2675, success: 16, fail: 9
Episode: 473, Reward: 33.3128, success: 16, fail: 9
Episode: 474, Reward: 45.2100, success: 17, fail: 8
Episode: 475, Reward: 53.6144, success: 18, fail: 7
Episode: 476, Reward: 54.7605, success: 18, fail: 7
Episode: 477, Reward: 34.2877, success: 16, fail: 9
Episode: 478, Reward: 42.8936, success: 17, fail: 8
Episode: 479, Reward: 53.4681, success: 18, fail: 7
Episode: 480, Reward: 54.5821, success: 18, fail: 7
Episode: 481, Reward: 54.4699, success: 18, fail: 7
Episode: 482, Reward: 53.6144, success: 18, fail: 7
Episode: 483, Reward: 43.9718, success: 17, fail: 8
Episode: 484, Reward: 42.7729, success: 17, fail: 8
Episode: 485, Reward: 44.5660, success: 17, fail: 8
Episode: 486, Reward: 54.4842, success: 18, fail: 7
Episode: 487, Reward: 43.7491, success: 17, fail: 8
Episode: 488, Reward: 51.8694, success: 18, fail: 7
Episode: 489, Reward: 43.6898, success: 17, fail: 8
Episode: 490, Reward: 42.6915, success: 17, fail: 8
Episode: 491, Reward: 63.6147, success: 19, fail: 6
Episode: 492, Reward: 53.4048, success: 18, fail: 7
Episode: 493, Reward: 53.4207, success: 18, fail: 7
Episode: 494, Reward: 73.6517, success: 20, fail: 5
Episode: 495, Reward: 44.4560, success: 17, fail: 8
Episode: 496, Reward: 64.0019, success: 19, fail: 6
Episode: 497, Reward: 53.6425, success: 18, fail: 7
Episode: 498, Reward: 62.8224, success: 19, fail: 6
Episode: 499, Reward: 53.1925, success: 18, fail: 7
Episode: 500, Reward: 63.2913, success: 19, fail: 6
Episode: 501, Reward: 61.8641, success: 19, fail: 6
Episode: 502, Reward: 34.8418, success: 16, fail: 9
Episode: 503, Reward: 52.6843, success: 18, fail: 7
Episode: 504, Reward: 53.7944, success: 18, fail: 7
Episode: 505, Reward: 53.5930, success: 18, fail: 7
Episode: 506, Reward: 63.5627, success: 19, fail: 6
Episode: 507, Reward: 43.4084, success: 17, fail: 8
Episode: 508, Reward: 44.7935, success: 17, fail: 8
Episode: 509, Reward: 41.0144, success: 17, fail: 8
Episode: 510, Reward: 42.3804, success: 17, fail: 8
Episode: 511, Reward: 42.8510, success: 17, fail: 8
Episode: 512, Reward: 63.8523, success: 19, fail: 6
Episode: 513, Reward: 43.3009, success: 17, fail: 8
Episode: 514, Reward: 52.9306, success: 18, fail: 7
Episode: 515, Reward: 53.9603, success: 18, fail: 7
Episode: 516, Reward: 53.3127, success: 18, fail: 7
Episode: 517, Reward: 52.6143, success: 18, fail: 7
Episode: 518, Reward: 53.7124, success: 18, fail: 7
Episode: 519, Reward: 64.0053, success: 19, fail: 6
Episode: 520, Reward: 33.5350, success: 16, fail: 9
Episode: 521, Reward: 52.8000, success: 18, fail: 7
Episode: 522, Reward: 64.5296, success: 19, fail: 6
Episode: 523, Reward: 54.0364, success: 18, fail: 7
Episode: 524, Reward: 44.3543, success: 17, fail: 8
Episode: 525, Reward: 53.7080, success: 18, fail: 7
Episode: 526, Reward: 64.3226, success: 19, fail: 6
Episode: 527, Reward: 54.2799, success: 18, fail: 7
Episode: 528, Reward: 64.2061, success: 19, fail: 6
Episode: 529, Reward: 54.8571, success: 18, fail: 7
Episode: 530, Reward: 64.4561, success: 19, fail: 6
Episode: 531, Reward: 52.5745, success: 18, fail: 7
Episode: 532, Reward: 53.2237, success: 18, fail: 7
Episode: 533, Reward: 63.9790, success: 19, fail: 6
Episode: 534, Reward: 32.3372, success: 16, fail: 9
Episode: 535, Reward: 64.6506, success: 19, fail: 6
Episode: 536, Reward: 52.9493, success: 18, fail: 7
Episode: 537, Reward: 62.8192, success: 19, fail: 6
Episode: 538, Reward: 73.9144, success: 20, fail: 5
Episode: 539, Reward: 65.1540, success: 19, fail: 6
Episode: 540, Reward: 53.5230, success: 18, fail: 7
Episode: 541, Reward: 63.3086, success: 19, fail: 6
Episode: 542, Reward: 52.4900, success: 18, fail: 7
Episode: 543, Reward: 53.7605, success: 18, fail: 7
Episode: 544, Reward: 42.4791, success: 17, fail: 8
Episode: 545, Reward: 62.9367, success: 19, fail: 6
Episode: 546, Reward: 43.2702, success: 17, fail: 8
Episode: 547, Reward: 52.3041, success: 18, fail: 7
Episode: 548, Reward: 62.6164, success: 19, fail: 6
Episode: 549, Reward: 54.1418, success: 18, fail: 7
Episode: 550, Reward: 65.3279, success: 19, fail: 6
Episode: 551, Reward: 43.5398, success: 17, fail: 8
Episode: 552, Reward: 64.9306, success: 19, fail: 6
Episode: 553, Reward: 54.1365, success: 18, fail: 7
Episode: 554, Reward: 64.6872, success: 19, fail: 6
Episode: 555, Reward: 53.5532, success: 18, fail: 7
Episode: 556, Reward: 62.9172, success: 19, fail: 6
Episode: 557, Reward: 64.8365, success: 19, fail: 6
Episode: 558, Reward: 52.7243, success: 18, fail: 7
Episode: 559, Reward: 53.8278, success: 18, fail: 7
Episode: 560, Reward: 34.3306, success: 16, fail: 9
Episode: 561, Reward: 63.8206, success: 19, fail: 6
Episode: 562, Reward: 52.4846, success: 18, fail: 7
Episode: 563, Reward: 53.7845, success: 18, fail: 7
Episode: 564, Reward: 64.0181, success: 19, fail: 6
Episode: 565, Reward: 63.6872, success: 19, fail: 6
Episode: 566, Reward: 53.2099, success: 18, fail: 7
Episode: 567, Reward: 64.5733, success: 19, fail: 6
Episode: 568, Reward: 52.9325, success: 18, fail: 7
Episode: 569, Reward: 64.9250, success: 19, fail: 6
Episode: 570, Reward: 64.0597, success: 19, fail: 6
Episode: 571, Reward: 63.4341, success: 19, fail: 6
Episode: 572, Reward: 54.2494, success: 18, fail: 7
Episode: 573, Reward: 63.8451, success: 19, fail: 6
Episode: 574, Reward: 52.9460, success: 18, fail: 7
Episode: 575, Reward: 53.7696, success: 18, fail: 7
Episode: 576, Reward: 53.5520, success: 18, fail: 7
Episode: 577, Reward: 63.2209, success: 19, fail: 6
Episode: 578, Reward: 64.4600, success: 19, fail: 6
Episode: 579, Reward: 74.6624, success: 20, fail: 5
Episode: 580, Reward: 53.5259, success: 18, fail: 7
Episode: 581, Reward: 64.6416, success: 19, fail: 6
Episode: 582, Reward: 63.0284, success: 19, fail: 6
Episode: 583, Reward: 62.9786, success: 19, fail: 6
Episode: 584, Reward: 54.0654, success: 18, fail: 7
Episode: 585, Reward: 65.1242, success: 19, fail: 6
Episode: 586, Reward: 64.0581, success: 19, fail: 6
Episode: 587, Reward: 64.6791, success: 19, fail: 6
Episode: 588, Reward: 34.4282, success: 16, fail: 9
Episode: 589, Reward: 44.9125, success: 17, fail: 8
Episode: 590, Reward: 64.6691, success: 19, fail: 6
Episode: 591, Reward: 53.1246, success: 18, fail: 7
Episode: 592, Reward: 65.3518, success: 19, fail: 6
Episode: 593, Reward: 64.0954, success: 19, fail: 6
Episode: 594, Reward: 53.8670, success: 18, fail: 7
Episode: 595, Reward: 52.7786, success: 18, fail: 7
Episode: 596, Reward: 63.8239, success: 19, fail: 6
Episode: 597, Reward: 55.1889, success: 18, fail: 7
Episode: 598, Reward: 65.1555, success: 19, fail: 6
Episode: 599, Reward: 63.6603, success: 19, fail: 6
Episode: 600, Reward: 75.6851, success: 20, fail: 5
Episode: 601, Reward: 64.2049, success: 19, fail: 6
Episode: 602, Reward: 64.0363, success: 19, fail: 6
Episode: 603, Reward: 45.2307, success: 17, fail: 8
Episode: 604, Reward: 54.8044, success: 18, fail: 7
Episode: 605, Reward: 65.7361, success: 19, fail: 6
Episode: 606, Reward: 56.2032, success: 18, fail: 7
Episode: 607, Reward: 64.9816, success: 19, fail: 6
Episode: 608, Reward: 65.1213, success: 19, fail: 6
Episode: 609, Reward: 55.3890, success: 18, fail: 7
Episode: 610, Reward: 53.4976, success: 18, fail: 7
Episode: 611, Reward: 64.2553, success: 19, fail: 6
Episode: 612, Reward: 52.9097, success: 18, fail: 7
Episode: 613, Reward: 54.4393, success: 18, fail: 7
Episode: 614, Reward: 64.0869, success: 19, fail: 6
Episode: 615, Reward: 75.3054, success: 20, fail: 5
Episode: 616, Reward: 64.0671, success: 19, fail: 6
Episode: 617, Reward: 64.7187, success: 19, fail: 6
Episode: 618, Reward: 55.7639, success: 18, fail: 7
Episode: 619, Reward: 65.8350, success: 19, fail: 6
Episode: 620, Reward: 75.0488, success: 20, fail: 5
Episode: 621, Reward: 64.6223, success: 19, fail: 6
Episode: 622, Reward: 75.9514, success: 20, fail: 5
Episode: 623, Reward: 65.5252, success: 19, fail: 6
Episode: 624, Reward: 55.9084, success: 18, fail: 7
Episode: 625, Reward: 46.4703, success: 17, fail: 8
Episode: 626, Reward: 55.2664, success: 18, fail: 7
Episode: 627, Reward: 64.9997, success: 19, fail: 6
Episode: 628, Reward: 56.5069, success: 18, fail: 7
Episode: 629, Reward: 65.0982, success: 19, fail: 6
Episode: 630, Reward: 64.6993, success: 19, fail: 6
Episode: 631, Reward: 54.2500, success: 18, fail: 7
Episode: 632, Reward: 56.3820, success: 18, fail: 7
Episode: 633, Reward: 55.2159, success: 18, fail: 7
Episode: 634, Reward: 54.9453, success: 18, fail: 7
Episode: 635, Reward: 63.9773, success: 19, fail: 6
Episode: 636, Reward: 55.3626, success: 18, fail: 7
Episode: 637, Reward: 63.4476, success: 19, fail: 6
Episode: 638, Reward: 64.6992, success: 19, fail: 6
Episode: 639, Reward: 44.0387, success: 17, fail: 8
Episode: 640, Reward: 75.0911, success: 20, fail: 5
Episode: 641, Reward: 66.3632, success: 19, fail: 6
Episode: 642, Reward: 54.8083, success: 18, fail: 7
Episode: 643, Reward: 54.9794, success: 18, fail: 7
Episode: 644, Reward: 54.1049, success: 18, fail: 7
Episode: 645, Reward: 44.8636, success: 17, fail: 8
Episode: 646, Reward: 66.0468, success: 19, fail: 6
Episode: 647, Reward: 65.6972, success: 19, fail: 6
Episode: 648, Reward: 66.5660, success: 19, fail: 6
Episode: 649, Reward: 64.7491, success: 19, fail: 6
Episode: 650, Reward: 54.7203, success: 18, fail: 7
Episode: 651, Reward: 54.9876, success: 18, fail: 7
Episode: 652, Reward: 55.4937, success: 18, fail: 7
Episode: 653, Reward: 65.6663, success: 19, fail: 6
Episode: 654, Reward: 45.8952, success: 17, fail: 8
Episode: 655, Reward: 54.4067, success: 18, fail: 7
Episode: 656, Reward: 65.4572, success: 19, fail: 6
Episode: 657, Reward: 65.7726, success: 19, fail: 6
Episode: 658, Reward: 65.4577, success: 19, fail: 6
Episode: 659, Reward: 65.8878, success: 19, fail: 6
Episode: 660, Reward: 64.9682, success: 19, fail: 6
Episode: 661, Reward: 55.4808, success: 18, fail: 7
Episode: 662, Reward: 65.1407, success: 19, fail: 6
Episode: 663, Reward: 64.4960, success: 19, fail: 6
Episode: 664, Reward: 64.2579, success: 19, fail: 6
Episode: 665, Reward: 63.7170, success: 19, fail: 6
Episode: 666, Reward: 54.8955, success: 18, fail: 7
Episode: 667, Reward: 54.7507, success: 18, fail: 7
Episode: 668, Reward: 65.8485, success: 19, fail: 6
Episode: 669, Reward: 64.0937, success: 19, fail: 6
Episode: 670, Reward: 64.5250, success: 19, fail: 6
Episode: 671, Reward: 67.7427, success: 19, fail: 6
Episode: 672, Reward: 74.6156, success: 20, fail: 5
Episode: 673, Reward: 63.0888, success: 19, fail: 6
Episode: 674, Reward: 54.9499, success: 18, fail: 7
Episode: 675, Reward: 64.6760, success: 19, fail: 6
Episode: 676, Reward: 63.9915, success: 19, fail: 6
Episode: 677, Reward: 54.1320, success: 18, fail: 7
Episode: 678, Reward: 55.8668, success: 18, fail: 7
Episode: 679, Reward: 64.9378, success: 19, fail: 6
Episode: 680, Reward: 55.5210, success: 18, fail: 7
Episode: 681, Reward: 65.2425, success: 19, fail: 6
Episode: 682, Reward: 54.2351, success: 18, fail: 7
Episode: 683, Reward: 65.9227, success: 19, fail: 6
Episode: 684, Reward: 66.3395, success: 19, fail: 6
Episode: 685, Reward: 64.9411, success: 19, fail: 6
Episode: 686, Reward: 65.6321, success: 19, fail: 6
Episode: 687, Reward: 64.6416, success: 19, fail: 6
Episode: 688, Reward: 64.6739, success: 19, fail: 6
Episode: 689, Reward: 53.8519, success: 18, fail: 7
Episode: 690, Reward: 56.2996, success: 18, fail: 7
Episode: 691, Reward: 64.8783, success: 19, fail: 6
Episode: 692, Reward: 64.4605, success: 19, fail: 6
Episode: 693, Reward: 64.2966, success: 19, fail: 6
Episode: 694, Reward: 65.0015, success: 19, fail: 6
Episode: 695, Reward: 65.1976, success: 19, fail: 6
Episode: 696, Reward: 44.3655, success: 17, fail: 8
Episode: 697, Reward: 63.9385, success: 19, fail: 6
Episode: 698, Reward: 54.3611, success: 18, fail: 7
Episode: 699, Reward: 64.7252, success: 19, fail: 6
Episode: 700, Reward: 65.3014, success: 19, fail: 6
Episode: 701, Reward: 44.9724, success: 17, fail: 8
Episode: 702, Reward: 63.9465, success: 19, fail: 6
Episode: 703, Reward: 64.9485, success: 19, fail: 6
Episode: 704, Reward: 64.6457, success: 19, fail: 6
Episode: 705, Reward: 64.0398, success: 19, fail: 6
Episode: 706, Reward: 64.7194, success: 19, fail: 6
Episode: 707, Reward: 55.8664, success: 18, fail: 7
Episode: 708, Reward: 54.7588, success: 18, fail: 7
Episode: 709, Reward: 65.3828, success: 19, fail: 6
Episode: 710, Reward: 65.5379, success: 19, fail: 6
Episode: 711, Reward: 62.9841, success: 19, fail: 6
Episode: 712, Reward: 64.1170, success: 19, fail: 6
Episode: 713, Reward: 54.9492, success: 18, fail: 7
Episode: 714, Reward: 55.3696, success: 18, fail: 7
Episode: 715, Reward: 44.9169, success: 17, fail: 8
Episode: 716, Reward: 64.9366, success: 19, fail: 6
Episode: 717, Reward: 54.6231, success: 18, fail: 7
Episode: 718, Reward: 43.7914, success: 17, fail: 8
Episode: 719, Reward: 65.3654, success: 19, fail: 6
Episode: 720, Reward: 54.4030, success: 18, fail: 7
Episode: 721, Reward: 53.3896, success: 18, fail: 7
Episode: 722, Reward: 64.9856, success: 19, fail: 6
Episode: 723, Reward: 52.9852, success: 18, fail: 7
Episode: 724, Reward: 54.6011, success: 18, fail: 7
Episode: 725, Reward: 54.0485, success: 18, fail: 7
Episode: 726, Reward: 55.6515, success: 18, fail: 7
Episode: 727, Reward: 54.3872, success: 18, fail: 7
Episode: 728, Reward: 64.3538, success: 19, fail: 6
Episode: 729, Reward: 64.8578, success: 19, fail: 6
Episode: 730, Reward: 54.3487, success: 18, fail: 7
Episode: 731, Reward: 64.0436, success: 19, fail: 6
Episode: 732, Reward: 64.2757, success: 19, fail: 6
Episode: 733, Reward: 44.8710, success: 17, fail: 8
Episode: 734, Reward: 64.1219, success: 19, fail: 6
Episode: 735, Reward: 55.5628, success: 18, fail: 7
Episode: 736, Reward: 64.1452, success: 19, fail: 6
Episode: 737, Reward: 65.1823, success: 19, fail: 6
Episode: 738, Reward: 65.3080, success: 19, fail: 6
Episode: 739, Reward: 54.5315, success: 18, fail: 7
Episode: 740, Reward: 65.4925, success: 19, fail: 6
Episode: 741, Reward: 55.4495, success: 18, fail: 7
Episode: 742, Reward: 64.8945, success: 19, fail: 6
Episode: 743, Reward: 65.0565, success: 19, fail: 6
Episode: 744, Reward: 64.1767, success: 19, fail: 6
Episode: 745, Reward: 65.3637, success: 19, fail: 6
Episode: 746, Reward: 65.5374, success: 19, fail: 6
Episode: 747, Reward: 63.5577, success: 19, fail: 6
Episode: 748, Reward: 65.0798, success: 19, fail: 6
Episode: 749, Reward: 64.3054, success: 19, fail: 6
Episode: 750, Reward: 54.2751, success: 18, fail: 7
Episode: 751, Reward: 64.3716, success: 19, fail: 6
Episode: 752, Reward: 63.6767, success: 19, fail: 6
Episode: 753, Reward: 62.3283, success: 19, fail: 6
Episode: 754, Reward: 64.4634, success: 19, fail: 6
Episode: 755, Reward: 53.8434, success: 18, fail: 7
Episode: 756, Reward: 64.0647, success: 19, fail: 6
Episode: 757, Reward: 74.6458, success: 20, fail: 5
Episode: 758, Reward: 63.0747, success: 19, fail: 6
Episode: 759, Reward: 64.6220, success: 19, fail: 6
Episode: 760, Reward: 54.2042, success: 18, fail: 7
Episode: 761, Reward: 64.1832, success: 19, fail: 6
Episode: 762, Reward: 64.3792, success: 19, fail: 6
Episode: 763, Reward: 62.5544, success: 19, fail: 6
Episode: 764, Reward: 65.1734, success: 19, fail: 6
Episode: 765, Reward: 65.3364, success: 19, fail: 6
Episode: 766, Reward: 63.8678, success: 19, fail: 6
Episode: 767, Reward: 63.0301, success: 19, fail: 6
Episode: 768, Reward: 64.4939, success: 19, fail: 6
Episode: 769, Reward: 43.2652, success: 17, fail: 8
Episode: 770, Reward: 64.0968, success: 19, fail: 6
Episode: 771, Reward: 53.5598, success: 18, fail: 7
Episode: 772, Reward: 64.0755, success: 19, fail: 6
Episode: 773, Reward: 43.6538, success: 17, fail: 8
Episode: 774, Reward: 63.8433, success: 19, fail: 6
Episode: 775, Reward: 55.3208, success: 18, fail: 7
Episode: 776, Reward: 54.7556, success: 18, fail: 7
Episode: 777, Reward: 64.9872, success: 19, fail: 6
Episode: 778, Reward: 64.3185, success: 19, fail: 6
Episode: 779, Reward: 63.4154, success: 19, fail: 6
Episode: 780, Reward: 63.8527, success: 19, fail: 6
Episode: 781, Reward: 62.5487, success: 19, fail: 6
Episode: 782, Reward: 43.5883, success: 17, fail: 8
Episode: 783, Reward: 52.9696, success: 18, fail: 7
Episode: 784, Reward: 66.0809, success: 19, fail: 6
Episode: 785, Reward: 65.3745, success: 19, fail: 6
Episode: 786, Reward: 62.5422, success: 19, fail: 6
Episode: 787, Reward: 63.4774, success: 19, fail: 6
Episode: 788, Reward: 64.4707, success: 19, fail: 6
Episode: 789, Reward: 75.3860, success: 20, fail: 5
Episode: 790, Reward: 53.1608, success: 18, fail: 7
Episode: 791, Reward: 63.6681, success: 19, fail: 6
Episode: 792, Reward: 62.9837, success: 19, fail: 6
Episode: 793, Reward: 53.9896, success: 18, fail: 7
Episode: 794, Reward: 54.3551, success: 18, fail: 7
Episode: 795, Reward: 53.5970, success: 18, fail: 7
Episode: 796, Reward: 64.8774, success: 19, fail: 6
Episode: 797, Reward: 63.7872, success: 19, fail: 6
Episode: 798, Reward: 53.9139, success: 18, fail: 7
Episode: 799, Reward: 63.6187, success: 19, fail: 6
Episode: 800, Reward: 53.1459, success: 18, fail: 7
Episode: 801, Reward: 44.5809, success: 17, fail: 8
Episode: 802, Reward: 54.2079, success: 18, fail: 7
Episode: 803, Reward: 62.3431, success: 19, fail: 6
Episode: 804, Reward: 64.2042, success: 19, fail: 6
Episode: 805, Reward: 53.7478, success: 18, fail: 7
Episode: 806, Reward: 54.7391, success: 18, fail: 7
Episode: 807, Reward: 55.0930, success: 18, fail: 7
Episode: 808, Reward: 55.6950, success: 18, fail: 7
Episode: 809, Reward: 54.1394, success: 18, fail: 7
Episode: 810, Reward: 44.3324, success: 17, fail: 8
Episode: 811, Reward: 64.5036, success: 19, fail: 6
Episode: 812, Reward: 65.9335, success: 19, fail: 6
Episode: 813, Reward: 64.1150, success: 19, fail: 6
Episode: 814, Reward: 63.5741, success: 19, fail: 6
Episode: 815, Reward: 54.8053, success: 18, fail: 7
Episode: 816, Reward: 64.4403, success: 19, fail: 6
Episode: 817, Reward: 63.5846, success: 19, fail: 6
Episode: 818, Reward: 64.7234, success: 19, fail: 6
Episode: 819, Reward: 64.6781, success: 19, fail: 6
Episode: 820, Reward: 65.0414, success: 19, fail: 6
Episode: 821, Reward: 64.8299, success: 19, fail: 6
Episode: 822, Reward: 62.9305, success: 19, fail: 6
Episode: 823, Reward: 54.3497, success: 18, fail: 7
Episode: 824, Reward: 53.7292, success: 18, fail: 7
Episode: 825, Reward: 65.1577, success: 19, fail: 6
Episode: 826, Reward: 54.9664, success: 18, fail: 7
Episode: 827, Reward: 74.9545, success: 20, fail: 5
Episode: 828, Reward: 63.1391, success: 19, fail: 6
Episode: 829, Reward: 74.6375, success: 20, fail: 5
Episode: 830, Reward: 64.7625, success: 19, fail: 6
Episode: 831, Reward: 64.5382, success: 19, fail: 6
Episode: 832, Reward: 52.8741, success: 18, fail: 7
Episode: 833, Reward: 63.3819, success: 19, fail: 6
Episode: 834, Reward: 63.4893, success: 19, fail: 6
Episode: 835, Reward: 64.1933, success: 19, fail: 6
Episode: 836, Reward: 64.3987, success: 19, fail: 6
Episode: 837, Reward: 64.9301, success: 19, fail: 6
Episode: 838, Reward: 54.0252, success: 18, fail: 7
Episode: 839, Reward: 63.8405, success: 19, fail: 6
Episode: 840, Reward: 64.0831, success: 19, fail: 6
Episode: 841, Reward: 63.0299, success: 19, fail: 6
Episode: 842, Reward: 64.6334, success: 19, fail: 6
Episode: 843, Reward: 64.5077, success: 19, fail: 6
Episode: 844, Reward: 54.3609, success: 18, fail: 7
Episode: 845, Reward: 65.7820, success: 19, fail: 6
Episode: 846, Reward: 65.5954, success: 19, fail: 6
Episode: 847, Reward: 63.8490, success: 19, fail: 6
Episode: 848, Reward: 54.4834, success: 18, fail: 7
Episode: 849, Reward: 65.7854, success: 19, fail: 6
Episode: 850, Reward: 53.9140, success: 18, fail: 7
Episode: 851, Reward: 65.0773, success: 19, fail: 6
Episode: 852, Reward: 63.4540, success: 19, fail: 6
Episode: 853, Reward: 53.1399, success: 18, fail: 7
Episode: 854, Reward: 63.3308, success: 19, fail: 6
Episode: 855, Reward: 64.8179, success: 19, fail: 6
Episode: 856, Reward: 62.5066, success: 19, fail: 6
Episode: 857, Reward: 74.9658, success: 20, fail: 5
Episode: 858, Reward: 73.6770, success: 20, fail: 5
Episode: 859, Reward: 64.2071, success: 19, fail: 6
Episode: 860, Reward: 64.0731, success: 19, fail: 6
Episode: 861, Reward: 64.5225, success: 19, fail: 6
Episode: 862, Reward: 64.3367, success: 19, fail: 6
Episode: 863, Reward: 65.4211, success: 19, fail: 6
Episode: 864, Reward: 64.8403, success: 19, fail: 6
Episode: 865, Reward: 75.8378, success: 20, fail: 5
Episode: 866, Reward: 65.0775, success: 19, fail: 6
Episode: 867, Reward: 64.1220, success: 19, fail: 6
Episode: 868, Reward: 55.2351, success: 18, fail: 7
Episode: 869, Reward: 54.9012, success: 18, fail: 7
Episode: 870, Reward: 64.5414, success: 19, fail: 6
Episode: 871, Reward: 63.6004, success: 19, fail: 6
Episode: 872, Reward: 64.4794, success: 19, fail: 6
Episode: 873, Reward: 64.2918, success: 19, fail: 6
Episode: 874, Reward: 63.8893, success: 19, fail: 6
Episode: 875, Reward: 63.4513, success: 19, fail: 6
Episode: 876, Reward: 65.2235, success: 19, fail: 6
Episode: 877, Reward: 63.9702, success: 19, fail: 6
Episode: 878, Reward: 75.8333, success: 20, fail: 5
Episode: 879, Reward: 62.9057, success: 19, fail: 6
Episode: 880, Reward: 65.2671, success: 19, fail: 6
Episode: 881, Reward: 63.9587, success: 19, fail: 6
Episode: 882, Reward: 55.2888, success: 18, fail: 7
Episode: 883, Reward: 53.3467, success: 18, fail: 7
Episode: 884, Reward: 64.2393, success: 19, fail: 6
Episode: 885, Reward: 64.9105, success: 19, fail: 6
Episode: 886, Reward: 65.0666, success: 19, fail: 6
Episode: 887, Reward: 65.0961, success: 19, fail: 6
Episode: 888, Reward: 44.7399, success: 17, fail: 8
Episode: 889, Reward: 76.0870, success: 20, fail: 5
Episode: 890, Reward: 65.5927, success: 19, fail: 6
Episode: 891, Reward: 65.0591, success: 19, fail: 6
Episode: 892, Reward: 54.0435, success: 18, fail: 7
Episode: 893, Reward: 63.7542, success: 19, fail: 6
Episode: 894, Reward: 65.3516, success: 19, fail: 6
Episode: 895, Reward: 64.5108, success: 19, fail: 6
Episode: 896, Reward: 64.8233, success: 19, fail: 6
Episode: 897, Reward: 65.3233, success: 19, fail: 6
Episode: 898, Reward: 65.3324, success: 19, fail: 6
Episode: 899, Reward: 65.8583, success: 19, fail: 6
Episode: 900, Reward: 54.5125, success: 18, fail: 7
Episode: 901, Reward: 54.2532, success: 18, fail: 7
Episode: 902, Reward: 53.8933, success: 18, fail: 7
Episode: 903, Reward: 64.2598, success: 19, fail: 6
Episode: 904, Reward: 64.7705, success: 19, fail: 6
Episode: 905, Reward: 64.9880, success: 19, fail: 6
Episode: 906, Reward: 54.7525, success: 18, fail: 7
Episode: 907, Reward: 64.7647, success: 19, fail: 6
Episode: 908, Reward: 66.5271, success: 19, fail: 6
Episode: 909, Reward: 65.6135, success: 19, fail: 6
Episode: 910, Reward: 54.0543, success: 18, fail: 7
Episode: 911, Reward: 63.5512, success: 19, fail: 6
Episode: 912, Reward: 65.1195, success: 19, fail: 6
Episode: 913, Reward: 65.2877, success: 19, fail: 6
Episode: 914, Reward: 64.7074, success: 19, fail: 6
Episode: 915, Reward: 65.4886, success: 19, fail: 6
Episode: 916, Reward: 65.2033, success: 19, fail: 6
Episode: 917, Reward: 63.4919, success: 19, fail: 6
Episode: 918, Reward: 64.9849, success: 19, fail: 6
Episode: 919, Reward: 63.9212, success: 19, fail: 6
Episode: 920, Reward: 54.5863, success: 18, fail: 7
Episode: 921, Reward: 64.3847, success: 19, fail: 6
Episode: 922, Reward: 55.1186, success: 18, fail: 7
Episode: 923, Reward: 54.1963, success: 18, fail: 7
Episode: 924, Reward: 65.1436, success: 19, fail: 6
Episode: 925, Reward: 44.3341, success: 17, fail: 8
Episode: 926, Reward: 65.8482, success: 19, fail: 6
Episode: 927, Reward: 53.8843, success: 18, fail: 7
Episode: 928, Reward: 64.1979, success: 19, fail: 6
Episode: 929, Reward: 54.4461, success: 18, fail: 7
Episode: 930, Reward: 65.2038, success: 19, fail: 6
Episode: 931, Reward: 64.4156, success: 19, fail: 6
Episode: 932, Reward: 64.6619, success: 19, fail: 6
Episode: 933, Reward: 65.5411, success: 19, fail: 6
Episode: 934, Reward: 53.8642, success: 18, fail: 7
Episode: 935, Reward: 43.1751, success: 17, fail: 8
Episode: 936, Reward: 63.8994, success: 19, fail: 6
Episode: 937, Reward: 64.8784, success: 19, fail: 6
Episode: 938, Reward: 62.9740, success: 19, fail: 6
Episode: 939, Reward: 64.2482, success: 19, fail: 6
Episode: 940, Reward: 64.6553, success: 19, fail: 6
Episode: 941, Reward: 64.2714, success: 19, fail: 6
Episode: 942, Reward: 62.7770, success: 19, fail: 6
Episode: 943, Reward: 63.8502, success: 19, fail: 6
Episode: 944, Reward: 64.9906, success: 19, fail: 6
Episode: 945, Reward: 43.8816, success: 17, fail: 8
Episode: 946, Reward: 53.2521, success: 18, fail: 7
Episode: 947, Reward: 64.4332, success: 19, fail: 6
Episode: 948, Reward: 63.6567, success: 19, fail: 6
Episode: 949, Reward: 53.3703, success: 18, fail: 7
Episode: 950, Reward: 53.6249, success: 18, fail: 7
Episode: 951, Reward: 54.0241, success: 18, fail: 7
Episode: 952, Reward: 45.0207, success: 17, fail: 8
Episode: 953, Reward: 54.1704, success: 18, fail: 7
Episode: 954, Reward: 64.6017, success: 19, fail: 6
Episode: 955, Reward: 63.8570, success: 19, fail: 6
Episode: 956, Reward: 62.2269, success: 19, fail: 6
Episode: 957, Reward: 52.6258, success: 18, fail: 7
Episode: 958, Reward: 62.2838, success: 19, fail: 6
Episode: 959, Reward: 43.5314, success: 17, fail: 8
Episode: 960, Reward: 54.0582, success: 18, fail: 7
Episode: 961, Reward: 62.8597, success: 19, fail: 6
Episode: 962, Reward: 63.8382, success: 19, fail: 6
Episode: 963, Reward: 53.0941, success: 18, fail: 7
Episode: 964, Reward: 55.3226, success: 18, fail: 7
Episode: 965, Reward: 54.9296, success: 18, fail: 7
Episode: 966, Reward: 53.9724, success: 18, fail: 7
Episode: 967, Reward: 54.0516, success: 18, fail: 7
Episode: 968, Reward: 54.1867, success: 18, fail: 7
Episode: 969, Reward: 53.6237, success: 18, fail: 7
Episode: 970, Reward: 54.7092, success: 18, fail: 7
Episode: 971, Reward: 44.2669, success: 17, fail: 8
Episode: 972, Reward: 44.8549, success: 17, fail: 8
Episode: 973, Reward: 45.1093, success: 17, fail: 8
Episode: 974, Reward: 44.5108, success: 17, fail: 8
Episode: 975, Reward: 63.5862, success: 19, fail: 6
Episode: 976, Reward: 45.0409, success: 17, fail: 8
Episode: 977, Reward: 54.7350, success: 18, fail: 7
Episode: 978, Reward: 62.9033, success: 19, fail: 6
Episode: 979, Reward: 43.9948, success: 17, fail: 8
Episode: 980, Reward: 55.4081, success: 18, fail: 7
Episode: 981, Reward: 54.7306, success: 18, fail: 7
Episode: 982, Reward: 53.5060, success: 18, fail: 7
Episode: 983, Reward: 64.3597, success: 19, fail: 6
Episode: 984, Reward: 62.9593, success: 19, fail: 6
Episode: 985, Reward: 43.9417, success: 17, fail: 8
Episode: 986, Reward: 54.1823, success: 18, fail: 7
Episode: 987, Reward: 43.9755, success: 17, fail: 8
Episode: 988, Reward: 54.8583, success: 18, fail: 7
Episode: 989, Reward: 44.2244, success: 17, fail: 8
Episode: 990, Reward: 33.1843, success: 16, fail: 9
Episode: 991, Reward: 62.9740, success: 19, fail: 6
Episode: 992, Reward: 54.0972, success: 18, fail: 7
Episode: 993, Reward: 35.3407, success: 16, fail: 9
Episode: 994, Reward: 45.2755, success: 17, fail: 8
Episode: 995, Reward: 44.0879, success: 17, fail: 8
Episode: 996, Reward: 55.4279, success: 18, fail: 7
Episode: 997, Reward: 63.1112, success: 19, fail: 6
Episode: 998, Reward: 52.3103, success: 18, fail: 7
Episode: 999, Reward: 44.2555, success: 17, fail: 8
Episode: 1000, Reward: 54.3470, success: 18, fail: 7
Episode: 1001, Reward: 54.2264, success: 18, fail: 7
Episode: 1002, Reward: 55.5580, success: 18, fail: 7
Episode: 1003, Reward: 44.5883, success: 17, fail: 8
Episode: 1004, Reward: 51.7094, success: 18, fail: 7
Episode: 1005, Reward: 63.8811, success: 19, fail: 6
Episode: 1006, Reward: 64.9155, success: 19, fail: 6
Episode: 1007, Reward: 54.9748, success: 18, fail: 7
Episode: 1008, Reward: 43.9668, success: 17, fail: 8
Episode: 1009, Reward: 44.5847, success: 17, fail: 8
Episode: 1010, Reward: 54.9778, success: 18, fail: 7
Episode: 1011, Reward: 64.5750, success: 19, fail: 6
Episode: 1012, Reward: 45.5722, success: 17, fail: 8
Episode: 1013, Reward: 45.3416, success: 17, fail: 8
Episode: 1014, Reward: 54.8009, success: 18, fail: 7
Episode: 1015, Reward: 54.2202, success: 18, fail: 7
Episode: 1016, Reward: 34.1428, success: 16, fail: 9
Episode: 1017, Reward: 64.2540, success: 19, fail: 6
Episode: 1018, Reward: 74.2042, success: 20, fail: 5
Episode: 1019, Reward: 54.0364, success: 18, fail: 7
Episode: 1020, Reward: 44.8553, success: 17, fail: 8
Episode: 1021, Reward: 35.3685, success: 16, fail: 9
Episode: 1022, Reward: 63.9478, success: 19, fail: 6
Episode: 1023, Reward: 65.7140, success: 19, fail: 6
Episode: 1024, Reward: 54.1471, success: 18, fail: 7
Episode: 1025, Reward: 65.7344, success: 19, fail: 6
Episode: 1026, Reward: 44.9773, success: 17, fail: 8
Episode: 1027, Reward: 53.3517, success: 18, fail: 7
Episode: 1028, Reward: 55.7242, success: 18, fail: 7
Episode: 1029, Reward: 44.6444, success: 17, fail: 8
Episode: 1030, Reward: 45.0321, success: 17, fail: 8
Episode: 1031, Reward: 33.0473, success: 16, fail: 9
Episode: 1032, Reward: 65.5870, success: 19, fail: 6
Episode: 1033, Reward: 43.6082, success: 17, fail: 8
Episode: 1034, Reward: 53.8757, success: 18, fail: 7
Episode: 1035, Reward: 64.0249, success: 19, fail: 6
Episode: 1036, Reward: 43.0193, success: 17, fail: 8
Episode: 1037, Reward: 64.8257, success: 19, fail: 6
Episode: 1038, Reward: 45.0272, success: 17, fail: 8
Episode: 1039, Reward: 33.6521, success: 16, fail: 9
Episode: 1040, Reward: 44.1371, success: 17, fail: 8
Episode: 1041, Reward: 54.7762, success: 18, fail: 7
Episode: 1042, Reward: 34.3844, success: 16, fail: 9
Episode: 1043, Reward: 54.0933, success: 18, fail: 7
Episode: 1044, Reward: 44.1143, success: 17, fail: 8
Episode: 1045, Reward: 54.3092, success: 18, fail: 7
Episode: 1046, Reward: 63.9935, success: 19, fail: 6
Episode: 1047, Reward: 44.2321, success: 17, fail: 8
Episode: 1048, Reward: 53.3615, success: 18, fail: 7
Episode: 1049, Reward: 54.7362, success: 18, fail: 7
Episode: 1050, Reward: 43.9529, success: 17, fail: 8
Episode: 1051, Reward: 54.5597, success: 18, fail: 7
Episode: 1052, Reward: 55.5961, success: 18, fail: 7
Episode: 1053, Reward: 54.6931, success: 18, fail: 7
Episode: 1054, Reward: 45.4998, success: 17, fail: 8
Episode: 1055, Reward: 54.0264, success: 18, fail: 7
Episode: 1056, Reward: 63.7413, success: 19, fail: 6
Episode: 1057, Reward: 65.6565, success: 19, fail: 6
Episode: 1058, Reward: 44.3338, success: 17, fail: 8
Episode: 1059, Reward: 54.6118, success: 18, fail: 7
Episode: 1060, Reward: 53.8189, success: 18, fail: 7
Episode: 1061, Reward: 64.1903, success: 19, fail: 6
Episode: 1062, Reward: 55.3716, success: 18, fail: 7
Episode: 1063, Reward: 55.9424, success: 18, fail: 7
Episode: 1064, Reward: 44.5794, success: 17, fail: 8
Episode: 1065, Reward: 32.9658, success: 16, fail: 9
Episode: 1066, Reward: 23.9870, success: 15, fail: 10
Episode: 1067, Reward: 45.6547, success: 17, fail: 8
Episode: 1068, Reward: 55.4082, success: 18, fail: 7
Episode: 1069, Reward: 36.2245, success: 16, fail: 9
Episode: 1070, Reward: 44.6772, success: 17, fail: 8
Episode: 1071, Reward: 55.1093, success: 18, fail: 7
Episode: 1072, Reward: 45.4271, success: 17, fail: 8
Episode: 1073, Reward: 44.2705, success: 17, fail: 8
Episode: 1074, Reward: 45.4423, success: 17, fail: 8
Episode: 1075, Reward: 43.7825, success: 17, fail: 8
Episode: 1076, Reward: 55.3301, success: 18, fail: 7
Episode: 1077, Reward: 64.4315, success: 19, fail: 6
Episode: 1078, Reward: 53.1965, success: 18, fail: 7
Episode: 1079, Reward: 56.2349, success: 18, fail: 7
Episode: 1080, Reward: 53.4952, success: 18, fail: 7
Episode: 1081, Reward: 33.1817, success: 16, fail: 9
Episode: 1082, Reward: 45.0750, success: 17, fail: 8
Episode: 1083, Reward: 55.3622, success: 18, fail: 7
Episode: 1084, Reward: 54.9315, success: 18, fail: 7
Episode: 1085, Reward: 55.4349, success: 18, fail: 7
Episode: 1086, Reward: 45.0992, success: 17, fail: 8
Episode: 1087, Reward: 45.9249, success: 17, fail: 8
Episode: 1088, Reward: 53.0309, success: 18, fail: 7
Episode: 1089, Reward: 44.3601, success: 17, fail: 8
Episode: 1090, Reward: 44.7373, success: 17, fail: 8
Episode: 1091, Reward: 54.8792, success: 18, fail: 7
Episode: 1092, Reward: 54.4901, success: 18, fail: 7
Episode: 1093, Reward: 54.4558, success: 18, fail: 7
Episode: 1094, Reward: 55.7654, success: 18, fail: 7
Episode: 1095, Reward: 34.6602, success: 16, fail: 9
Episode: 1096, Reward: 44.3476, success: 17, fail: 8
Episode: 1097, Reward: 34.2967, success: 16, fail: 9
Episode: 1098, Reward: 63.7169, success: 19, fail: 6
Episode: 1099, Reward: 65.0993, success: 19, fail: 6
Episode: 1100, Reward: 65.6778, success: 19, fail: 6
Episode: 1101, Reward: 43.8130, success: 17, fail: 8
Episode: 1102, Reward: 34.3119, success: 16, fail: 9
Episode: 1103, Reward: 53.9742, success: 18, fail: 7
Episode: 1104, Reward: 34.9823, success: 16, fail: 9
Episode: 1105, Reward: 34.4434, success: 16, fail: 9
Episode: 1106, Reward: 64.4591, success: 19, fail: 6
Episode: 1107, Reward: 54.2553, success: 18, fail: 7
Episode: 1108, Reward: 45.2796, success: 17, fail: 8
Episode: 1109, Reward: 34.7449, success: 16, fail: 9
Episode: 1110, Reward: 44.8816, success: 17, fail: 8
Episode: 1111, Reward: 54.7583, success: 18, fail: 7
Episode: 1112, Reward: 54.1789, success: 18, fail: 7
Episode: 1113, Reward: 34.7590, success: 16, fail: 9
Episode: 1114, Reward: 55.3465, success: 18, fail: 7
Episode: 1115, Reward: 55.2173, success: 18, fail: 7
Episode: 1116, Reward: 54.0372, success: 18, fail: 7
Episode: 1117, Reward: 45.8529, success: 17, fail: 8
Episode: 1118, Reward: 52.9549, success: 18, fail: 7
Episode: 1119, Reward: 45.0037, success: 17, fail: 8
Episode: 1120, Reward: 34.5968, success: 16, fail: 9
Episode: 1121, Reward: 65.7027, success: 19, fail: 6
Episode: 1122, Reward: 53.4192, success: 18, fail: 7
Episode: 1123, Reward: 44.3022, success: 17, fail: 8
Episode: 1124, Reward: 53.6461, success: 18, fail: 7
Episode: 1125, Reward: 56.0057, success: 18, fail: 7
Episode: 1126, Reward: 55.4889, success: 18, fail: 7
Episode: 1127, Reward: 43.9048, success: 17, fail: 8
Episode: 1128, Reward: 56.5152, success: 18, fail: 7
Episode: 1129, Reward: 35.4269, success: 16, fail: 9
Episode: 1130, Reward: 43.3569, success: 17, fail: 8
Episode: 1131, Reward: 53.8476, success: 18, fail: 7
Episode: 1132, Reward: 34.0676, success: 16, fail: 9
Episode: 1133, Reward: 54.1779, success: 18, fail: 7
Episode: 1134, Reward: 44.3554, success: 17, fail: 8
Episode: 1135, Reward: 44.3821, success: 17, fail: 8
Episode: 1136, Reward: 34.4561, success: 16, fail: 9
Episode: 1137, Reward: 55.6672, success: 18, fail: 7
Episode: 1138, Reward: 54.3445, success: 18, fail: 7
Episode: 1139, Reward: 44.8232, success: 17, fail: 8
Episode: 1140, Reward: 45.5065, success: 17, fail: 8
Episode: 1141, Reward: 45.4570, success: 17, fail: 8
Episode: 1142, Reward: 44.4896, success: 17, fail: 8
Episode: 1143, Reward: 25.6363, success: 15, fail: 10
Episode: 1144, Reward: 63.8073, success: 19, fail: 6
Episode: 1145, Reward: 43.2814, success: 17, fail: 8
Episode: 1146, Reward: 54.8080, success: 18, fail: 7
Episode: 1147, Reward: 65.8249, success: 19, fail: 6
Episode: 1148, Reward: 34.8268, success: 16, fail: 9
Episode: 1149, Reward: 33.7323, success: 16, fail: 9
Episode: 1150, Reward: 43.1755, success: 17, fail: 8
Episode: 1151, Reward: 46.3082, success: 17, fail: 8
Episode: 1152, Reward: 54.0875, success: 18, fail: 7
Episode: 1153, Reward: 34.5344, success: 16, fail: 9
Episode: 1154, Reward: 43.6251, success: 17, fail: 8
Episode: 1155, Reward: 33.5786, success: 16, fail: 9
Episode: 1156, Reward: 44.7322, success: 17, fail: 8
Episode: 1157, Reward: 45.1663, success: 17, fail: 8
Episode: 1158, Reward: 53.4624, success: 18, fail: 7
Episode: 1159, Reward: 52.8761, success: 18, fail: 7
Episode: 1160, Reward: 53.5875, success: 18, fail: 7
Episode: 1161, Reward: 55.0854, success: 18, fail: 7
Episode: 1162, Reward: 34.2748, success: 16, fail: 9
Episode: 1163, Reward: 55.7657, success: 18, fail: 7
Episode: 1164, Reward: 42.3138, success: 17, fail: 8
Episode: 1165, Reward: 44.9822, success: 17, fail: 8
Episode: 1166, Reward: 53.1963, success: 18, fail: 7
Episode: 1167, Reward: 33.1343, success: 16, fail: 9
Episode: 1168, Reward: 64.0697, success: 19, fail: 6
Episode: 1169, Reward: 24.5507, success: 15, fail: 10
Episode: 1170, Reward: 34.9352, success: 16, fail: 9
Episode: 1171, Reward: 44.4661, success: 17, fail: 8
Episode: 1172, Reward: 54.1622, success: 18, fail: 7
Episode: 1173, Reward: 54.2154, success: 18, fail: 7
Episode: 1174, Reward: 53.4950, success: 18, fail: 7
Episode: 1175, Reward: 54.3258, success: 18, fail: 7
Episode: 1176, Reward: 54.9926, success: 18, fail: 7
Episode: 1177, Reward: 44.4083, success: 17, fail: 8
Episode: 1178, Reward: 24.2572, success: 15, fail: 10
Episode: 1179, Reward: 53.6316, success: 18, fail: 7
Episode: 1180, Reward: 64.5494, success: 19, fail: 6
Episode: 1181, Reward: 73.1943, success: 20, fail: 5
Episode: 1182, Reward: 54.0342, success: 18, fail: 7
Episode: 1183, Reward: 54.9310, success: 18, fail: 7
Episode: 1184, Reward: 43.9383, success: 17, fail: 8
Episode: 1185, Reward: 43.8415, success: 17, fail: 8
Episode: 1186, Reward: 34.2081, success: 16, fail: 9
Episode: 1187, Reward: 33.6156, success: 16, fail: 9
Episode: 1188, Reward: 44.0306, success: 17, fail: 8
Episode: 1189, Reward: 52.9762, success: 18, fail: 7
Episode: 1190, Reward: 41.6773, success: 17, fail: 8
Episode: 1191, Reward: 53.4717, success: 18, fail: 7
Episode: 1192, Reward: 53.4643, success: 18, fail: 7
Episode: 1193, Reward: 63.3404, success: 19, fail: 6
Episode: 1194, Reward: 44.0566, success: 17, fail: 8
Episode: 1195, Reward: 54.3407, success: 18, fail: 7
Episode: 1196, Reward: 54.0006, success: 18, fail: 7
Episode: 1197, Reward: 53.7581, success: 18, fail: 7
Episode: 1198, Reward: 64.1597, success: 19, fail: 6
Episode: 1199, Reward: 66.0171, success: 19, fail: 6
Episode: 1200, Reward: 34.8283, success: 16, fail: 9
Episode: 1201, Reward: 52.5376, success: 18, fail: 7
Episode: 1202, Reward: 63.5670, success: 19, fail: 6
Episode: 1203, Reward: 53.9128, success: 18, fail: 7
Episode: 1204, Reward: 56.2447, success: 18, fail: 7
Episode: 1205, Reward: 54.1693, success: 18, fail: 7
Episode: 1206, Reward: 54.5424, success: 18, fail: 7
Episode: 1207, Reward: 54.5299, success: 18, fail: 7
Episode: 1208, Reward: 63.9644, success: 19, fail: 6
Episode: 1209, Reward: 54.7963, success: 18, fail: 7
Episode: 1210, Reward: 33.8658, success: 16, fail: 9
Episode: 1211, Reward: 44.7071, success: 17, fail: 8
Episode: 1212, Reward: 65.6111, success: 19, fail: 6
Episode: 1213, Reward: 63.8307, success: 19, fail: 6
Episode: 1214, Reward: 34.2380, success: 16, fail: 9
Episode: 1215, Reward: 54.0743, success: 18, fail: 7
Episode: 1216, Reward: 43.5976, success: 17, fail: 8
Episode: 1217, Reward: 54.9062, success: 18, fail: 7
Episode: 1218, Reward: 43.6089, success: 17, fail: 8
Episode: 1219, Reward: 53.7611, success: 18, fail: 7
Episode: 1220, Reward: 34.1341, success: 16, fail: 9
Episode: 1221, Reward: 54.1204, success: 18, fail: 7
Episode: 1222, Reward: 53.3357, success: 18, fail: 7
Episode: 1223, Reward: 64.0741, success: 19, fail: 6
Episode: 1224, Reward: 42.7654, success: 17, fail: 8
Episode: 1225, Reward: 44.1385, success: 17, fail: 8
Episode: 1226, Reward: 64.4444, success: 19, fail: 6
Episode: 1227, Reward: 63.3251, success: 19, fail: 6
Episode: 1228, Reward: 44.0034, success: 17, fail: 8
Episode: 1229, Reward: 53.4350, success: 18, fail: 7
Episode: 1230, Reward: 53.5985, success: 18, fail: 7
Episode: 1231, Reward: 64.2257, success: 19, fail: 6
Episode: 1232, Reward: 65.6212, success: 19, fail: 6
Episode: 1233, Reward: 34.2362, success: 16, fail: 9
Episode: 1234, Reward: 53.2348, success: 18, fail: 7
Episode: 1235, Reward: 64.7834, success: 19, fail: 6
Episode: 1236, Reward: 55.1514, success: 18, fail: 7
Episode: 1237, Reward: 44.0536, success: 17, fail: 8
Episode: 1238, Reward: 63.4947, success: 19, fail: 6
Episode: 1239, Reward: 64.9341, success: 19, fail: 6
Episode: 1240, Reward: 52.9532, success: 18, fail: 7
Episode: 1241, Reward: 43.4619, success: 17, fail: 8
Episode: 1242, Reward: 54.8974, success: 18, fail: 7
Episode: 1243, Reward: 54.8368, success: 18, fail: 7
Episode: 1244, Reward: 64.1302, success: 19, fail: 6
Episode: 1245, Reward: 43.8215, success: 17, fail: 8
Episode: 1246, Reward: 53.2147, success: 18, fail: 7
Episode: 1247, Reward: 53.0424, success: 18, fail: 7
Episode: 1248, Reward: 44.5812, success: 17, fail: 8
Episode: 1249, Reward: 54.9614, success: 18, fail: 7
Episode: 1250, Reward: 44.4136, success: 17, fail: 8
Episode: 1251, Reward: 54.3659, success: 18, fail: 7
Episode: 1252, Reward: 53.5478, success: 18, fail: 7
Episode: 1253, Reward: 52.6698, success: 18, fail: 7
Episode: 1254, Reward: 44.9414, success: 17, fail: 8
Episode: 1255, Reward: 43.7707, success: 17, fail: 8
Episode: 1256, Reward: 54.4784, success: 18, fail: 7
Episode: 1257, Reward: 54.9036, success: 18, fail: 7
Episode: 1258, Reward: 54.6923, success: 18, fail: 7
Episode: 1259, Reward: 54.8807, success: 18, fail: 7
Episode: 1260, Reward: 64.7492, success: 19, fail: 6
Episode: 1261, Reward: 44.9776, success: 17, fail: 8
Episode: 1262, Reward: 44.2509, success: 17, fail: 8
Episode: 1263, Reward: 44.5173, success: 17, fail: 8
Episode: 1264, Reward: 33.0580, success: 16, fail: 9
Episode: 1265, Reward: 64.1628, success: 19, fail: 6
Episode: 1266, Reward: 63.5975, success: 19, fail: 6
Episode: 1267, Reward: 53.0551, success: 18, fail: 7
Episode: 1268, Reward: 43.9450, success: 17, fail: 8
Episode: 1269, Reward: 54.1117, success: 18, fail: 7
Episode: 1270, Reward: 43.5739, success: 17, fail: 8
Episode: 1271, Reward: 53.8363, success: 18, fail: 7
Episode: 1272, Reward: 54.5474, success: 18, fail: 7
Episode: 1273, Reward: 62.6939, success: 19, fail: 6
Episode: 1274, Reward: 64.8234, success: 19, fail: 6
Episode: 1275, Reward: 52.9557, success: 18, fail: 7
Episode: 1276, Reward: 64.4866, success: 19, fail: 6
Episode: 1277, Reward: 45.9708, success: 17, fail: 8
Episode: 1278, Reward: 55.0752, success: 18, fail: 7
Episode: 1279, Reward: 54.9912, success: 18, fail: 7
Episode: 1280, Reward: 53.8509, success: 18, fail: 7
Episode: 1281, Reward: 46.8532, success: 17, fail: 8
Episode: 1282, Reward: 34.3291, success: 16, fail: 9
Episode: 1283, Reward: 35.3728, success: 16, fail: 9
Episode: 1284, Reward: 45.4187, success: 17, fail: 8
Episode: 1285, Reward: 54.8449, success: 18, fail: 7
Episode: 1286, Reward: 63.4428, success: 19, fail: 6
Episode: 1287, Reward: 55.5326, success: 18, fail: 7
Episode: 1288, Reward: 42.3057, success: 17, fail: 8
Episode: 1289, Reward: 64.3943, success: 19, fail: 6
Episode: 1290, Reward: 64.3208, success: 19, fail: 6
Episode: 1291, Reward: 65.3599, success: 19, fail: 6
Episode: 1292, Reward: 65.5365, success: 19, fail: 6
Episode: 1293, Reward: 53.7398, success: 18, fail: 7
Episode: 1294, Reward: 44.7778, success: 17, fail: 8
Episode: 1295, Reward: 54.6416, success: 18, fail: 7
Episode: 1296, Reward: 75.0258, success: 20, fail: 5
Episode: 1297, Reward: 64.5371, success: 19, fail: 6
Episode: 1298, Reward: 44.5238, success: 17, fail: 8
Episode: 1299, Reward: 64.2023, success: 19, fail: 6
Episode: 1300, Reward: 54.9687, success: 18, fail: 7
Episode: 1301, Reward: 44.8510, success: 17, fail: 8
Episode: 1302, Reward: 56.3189, success: 18, fail: 7
Episode: 1303, Reward: 65.3040, success: 19, fail: 6
Episode: 1304, Reward: 54.5622, success: 18, fail: 7
Episode: 1305, Reward: 44.1113, success: 17, fail: 8
Episode: 1306, Reward: 73.8088, success: 20, fail: 5
Episode: 1307, Reward: 64.1425, success: 19, fail: 6
Episode: 1308, Reward: 55.6003, success: 18, fail: 7
Episode: 1309, Reward: 55.6250, success: 18, fail: 7
Episode: 1310, Reward: 56.2030, success: 18, fail: 7
Episode: 1311, Reward: 63.2959, success: 19, fail: 6
Episode: 1312, Reward: 44.7238, success: 17, fail: 8
Episode: 1313, Reward: 53.9479, success: 18, fail: 7
Episode: 1314, Reward: 53.3302, success: 18, fail: 7
Episode: 1315, Reward: 65.3026, success: 19, fail: 6
Episode: 1316, Reward: 53.5852, success: 18, fail: 7
Episode: 1317, Reward: 65.4046, success: 19, fail: 6
Episode: 1318, Reward: 63.5032, success: 19, fail: 6
Episode: 1319, Reward: 55.7547, success: 18, fail: 7
Episode: 1320, Reward: 43.8394, success: 17, fail: 8
Episode: 1321, Reward: 55.4068, success: 18, fail: 7
Episode: 1322, Reward: 54.3556, success: 18, fail: 7
Episode: 1323, Reward: 54.3030, success: 18, fail: 7
Episode: 1324, Reward: 54.9676, success: 18, fail: 7
Episode: 1325, Reward: 63.5898, success: 19, fail: 6
Episode: 1326, Reward: 63.9405, success: 19, fail: 6
Episode: 1327, Reward: 75.2465, success: 20, fail: 5
Episode: 1328, Reward: 45.6795, success: 17, fail: 8
Episode: 1329, Reward: 44.8113, success: 17, fail: 8
Episode: 1330, Reward: 64.5955, success: 19, fail: 6
Episode: 1331, Reward: 44.6407, success: 17, fail: 8
Episode: 1332, Reward: 55.2003, success: 18, fail: 7
Episode: 1333, Reward: 43.6715, success: 17, fail: 8
Episode: 1334, Reward: 53.0719, success: 18, fail: 7
Episode: 1335, Reward: 53.5997, success: 18, fail: 7
Episode: 1336, Reward: 53.7843, success: 18, fail: 7
Episode: 1337, Reward: 55.8718, success: 18, fail: 7
Episode: 1338, Reward: 65.6416, success: 19, fail: 6
Episode: 1339, Reward: 54.1963, success: 18, fail: 7
Episode: 1340, Reward: 53.3509, success: 18, fail: 7
Episode: 1341, Reward: 65.0082, success: 19, fail: 6
Episode: 1342, Reward: 54.1461, success: 18, fail: 7
Episode: 1343, Reward: 46.3674, success: 17, fail: 8
Episode: 1344, Reward: 44.7290, success: 17, fail: 8
Episode: 1345, Reward: 45.6910, success: 17, fail: 8
Episode: 1346, Reward: 54.8629, success: 18, fail: 7
Episode: 1347, Reward: 65.2157, success: 19, fail: 6
Episode: 1348, Reward: 53.9752, success: 18, fail: 7
Episode: 1349, Reward: 54.8959, success: 18, fail: 7
Episode: 1350, Reward: 45.5675, success: 17, fail: 8
Episode: 1351, Reward: 65.6978, success: 19, fail: 6
Episode: 1352, Reward: 65.3759, success: 19, fail: 6
Episode: 1353, Reward: 64.2638, success: 19, fail: 6
Episode: 1354, Reward: 65.0182, success: 19, fail: 6
Episode: 1355, Reward: 64.7105, success: 19, fail: 6
Episode: 1356, Reward: 45.4320, success: 17, fail: 8
Episode: 1357, Reward: 65.4442, success: 19, fail: 6
Episode: 1358, Reward: 45.6798, success: 17, fail: 8
Episode: 1359, Reward: 65.4513, success: 19, fail: 6
Episode: 1360, Reward: 54.0311, success: 18, fail: 7
Episode: 1361, Reward: 53.9388, success: 18, fail: 7
Episode: 1362, Reward: 74.7048, success: 20, fail: 5
Episode: 1363, Reward: 55.4388, success: 18, fail: 7
Episode: 1364, Reward: 55.7452, success: 18, fail: 7
Episode: 1365, Reward: 54.3196, success: 18, fail: 7
Episode: 1366, Reward: 54.3692, success: 18, fail: 7
Episode: 1367, Reward: 54.4524, success: 18, fail: 7
Episode: 1368, Reward: 56.2470, success: 18, fail: 7
Episode: 1369, Reward: 55.7656, success: 18, fail: 7
Episode: 1370, Reward: 55.2292, success: 18, fail: 7
Episode: 1371, Reward: 65.7520, success: 19, fail: 6
Episode: 1372, Reward: 55.9681, success: 18, fail: 7
Episode: 1373, Reward: 54.1747, success: 18, fail: 7
Episode: 1374, Reward: 45.8866, success: 17, fail: 8
Episode: 1375, Reward: 66.6320, success: 19, fail: 6
Episode: 1376, Reward: 55.7122, success: 18, fail: 7
Episode: 1377, Reward: 66.1596, success: 19, fail: 6
Episode: 1378, Reward: 56.2665, success: 18, fail: 7
Episode: 1379, Reward: 56.1494, success: 18, fail: 7
Episode: 1380, Reward: 54.9648, success: 18, fail: 7
Episode: 1381, Reward: 54.8502, success: 18, fail: 7
Episode: 1382, Reward: 65.7599, success: 19, fail: 6
Episode: 1383, Reward: 55.5609, success: 18, fail: 7
Episode: 1384, Reward: 55.9909, success: 18, fail: 7
Episode: 1385, Reward: 65.8155, success: 19, fail: 6
Episode: 1386, Reward: 64.1394, success: 19, fail: 6
Episode: 1387, Reward: 65.7332, success: 19, fail: 6
Episode: 1388, Reward: 54.0690, success: 18, fail: 7
Episode: 1389, Reward: 54.9501, success: 18, fail: 7
Episode: 1390, Reward: 55.8858, success: 18, fail: 7
Episode: 1391, Reward: 54.8852, success: 18, fail: 7
Episode: 1392, Reward: 74.3072, success: 20, fail: 5
Episode: 1393, Reward: 56.2215, success: 18, fail: 7
Episode: 1394, Reward: 65.5464, success: 19, fail: 6
Episode: 1395, Reward: 55.8521, success: 18, fail: 7
Episode: 1396, Reward: 54.8636, success: 18, fail: 7
Episode: 1397, Reward: 65.9732, success: 19, fail: 6
Episode: 1398, Reward: 64.9231, success: 19, fail: 6
Episode: 1399, Reward: 65.8959, success: 19, fail: 6
Episode: 1400, Reward: 65.1922, success: 19, fail: 6
Episode: 1401, Reward: 53.9554, success: 18, fail: 7
Episode: 1402, Reward: 45.8247, success: 17, fail: 8
Episode: 1403, Reward: 65.6923, success: 19, fail: 6
Episode: 1404, Reward: 65.0813, success: 19, fail: 6
Episode: 1405, Reward: 65.0616, success: 19, fail: 6
Episode: 1406, Reward: 64.6993, success: 19, fail: 6
Episode: 1407, Reward: 54.8007, success: 18, fail: 7
Episode: 1408, Reward: 64.8950, success: 19, fail: 6
Episode: 1409, Reward: 45.9950, success: 17, fail: 8
Episode: 1410, Reward: 56.5009, success: 18, fail: 7
Episode: 1411, Reward: 55.4457, success: 18, fail: 7
Episode: 1412, Reward: 54.2878, success: 18, fail: 7
Episode: 1413, Reward: 65.7375, success: 19, fail: 6
Episode: 1414, Reward: 54.1647, success: 18, fail: 7
Episode: 1415, Reward: 55.0751, success: 18, fail: 7
Episode: 1416, Reward: 45.2469, success: 17, fail: 8
Episode: 1417, Reward: 74.6057, success: 20, fail: 5
Episode: 1418, Reward: 55.7357, success: 18, fail: 7
Episode: 1419, Reward: 55.0311, success: 18, fail: 7
Episode: 1420, Reward: 56.5214, success: 18, fail: 7
Episode: 1421, Reward: 56.4055, success: 18, fail: 7
Episode: 1422, Reward: 54.6840, success: 18, fail: 7
Episode: 1423, Reward: 64.3715, success: 19, fail: 6
Episode: 1424, Reward: 55.4401, success: 18, fail: 7
Episode: 1425, Reward: 65.4484, success: 19, fail: 6
Episode: 1426, Reward: 45.6853, success: 17, fail: 8
Episode: 1427, Reward: 65.5154, success: 19, fail: 6
Episode: 1428, Reward: 55.8387, success: 18, fail: 7
Episode: 1429, Reward: 55.3204, success: 18, fail: 7
Episode: 1430, Reward: 54.4760, success: 18, fail: 7
Episode: 1431, Reward: 55.6303, success: 18, fail: 7
Episode: 1432, Reward: 55.6180, success: 18, fail: 7
Episode: 1433, Reward: 65.0043, success: 19, fail: 6
Episode: 1434, Reward: 45.1231, success: 17, fail: 8
Episode: 1435, Reward: 65.8376, success: 19, fail: 6
Episode: 1436, Reward: 55.3179, success: 18, fail: 7
Episode: 1437, Reward: 54.0085, success: 18, fail: 7
Episode: 1438, Reward: 45.8610, success: 17, fail: 8
Episode: 1439, Reward: 55.3818, success: 18, fail: 7
Episode: 1440, Reward: 65.7606, success: 19, fail: 6
Episode: 1441, Reward: 55.5367, success: 18, fail: 7
Episode: 1442, Reward: 56.0219, success: 18, fail: 7
Episode: 1443, Reward: 54.8259, success: 18, fail: 7
Episode: 1444, Reward: 54.2293, success: 18, fail: 7
Episode: 1445, Reward: 55.9647, success: 18, fail: 7
Episode: 1446, Reward: 65.5747, success: 19, fail: 6
Episode: 1447, Reward: 65.2927, success: 19, fail: 6
Episode: 1448, Reward: 43.5950, success: 17, fail: 8
Episode: 1449, Reward: 45.9027, success: 17, fail: 8
Episode: 1450, Reward: 44.9417, success: 17, fail: 8
Episode: 1451, Reward: 55.2707, success: 18, fail: 7
Episode: 1452, Reward: 44.7710, success: 17, fail: 8
Episode: 1453, Reward: 65.8996, success: 19, fail: 6
Episode: 1454, Reward: 44.2348, success: 17, fail: 8
Episode: 1455, Reward: 55.5826, success: 18, fail: 7
Episode: 1456, Reward: 67.2344, success: 19, fail: 6
Episode: 1457, Reward: 45.5786, success: 17, fail: 8
Episode: 1458, Reward: 55.8098, success: 18, fail: 7
Episode: 1459, Reward: 45.3318, success: 17, fail: 8
Episode: 1460, Reward: 44.8885, success: 17, fail: 8
Episode: 1461, Reward: 36.2078, success: 16, fail: 9
Episode: 1462, Reward: 34.6630, success: 16, fail: 9
Episode: 1463, Reward: 36.8145, success: 16, fail: 9
Episode: 1464, Reward: 34.9246, success: 16, fail: 9
Episode: 1465, Reward: 54.6703, success: 18, fail: 7
Episode: 1466, Reward: 35.5391, success: 16, fail: 9
Episode: 1467, Reward: 45.1862, success: 17, fail: 8
Episode: 1468, Reward: 45.8023, success: 17, fail: 8
Episode: 1469, Reward: 54.4755, success: 18, fail: 7
Episode: 1470, Reward: 47.4763, success: 17, fail: 8
Episode: 1471, Reward: 56.6909, success: 18, fail: 7
Episode: 1472, Reward: 46.1064, success: 17, fail: 8
Episode: 1473, Reward: 45.0134, success: 17, fail: 8
Episode: 1474, Reward: 66.4128, success: 19, fail: 6
Episode: 1475, Reward: 65.7188, success: 19, fail: 6
Episode: 1476, Reward: 45.9154, success: 17, fail: 8
Episode: 1477, Reward: 37.5403, success: 16, fail: 9
Episode: 1478, Reward: 26.2852, success: 15, fail: 10
Episode: 1479, Reward: 65.0645, success: 19, fail: 6
Episode: 1480, Reward: 35.8982, success: 16, fail: 9
Episode: 1481, Reward: 57.1101, success: 18, fail: 7
Episode: 1482, Reward: 56.9258, success: 18, fail: 7
Episode: 1483, Reward: 55.2973, success: 18, fail: 7
Episode: 1484, Reward: 55.9953, success: 18, fail: 7
Episode: 1485, Reward: 56.0979, success: 18, fail: 7
Episode: 1486, Reward: 45.1647, success: 17, fail: 8
Episode: 1487, Reward: 54.4829, success: 18, fail: 7
Episode: 1488, Reward: 56.4011, success: 18, fail: 7
Episode: 1489, Reward: 55.9458, success: 18, fail: 7
Episode: 1490, Reward: 55.2942, success: 18, fail: 7
Episode: 1491, Reward: 45.3335, success: 17, fail: 8
Episode: 1492, Reward: 54.4624, success: 18, fail: 7
Episode: 1493, Reward: 55.6519, success: 18, fail: 7
Episode: 1494, Reward: 65.2885, success: 19, fail: 6
Episode: 1495, Reward: 55.1376, success: 18, fail: 7
Episode: 1496, Reward: 55.6000, success: 18, fail: 7
Episode: 1497, Reward: 56.3428, success: 18, fail: 7
Episode: 1498, Reward: 53.2795, success: 18, fail: 7
Episode: 1499, Reward: 64.2653, success: 19, fail: 6
Episode: 1500, Reward: 55.4415, success: 18, fail: 7
Episode: 1501, Reward: 65.1284, success: 19, fail: 6
Episode: 1502, Reward: 45.5890, success: 17, fail: 8
Episode: 1503, Reward: 54.8140, success: 18, fail: 7
Episode: 1504, Reward: 53.5942, success: 18, fail: 7
Episode: 1505, Reward: 56.2620, success: 18, fail: 7
Episode: 1506, Reward: 45.3029, success: 17, fail: 8
Episode: 1507, Reward: 56.5450, success: 18, fail: 7
Episode: 1508, Reward: 55.9697, success: 18, fail: 7
Episode: 1509, Reward: 64.5402, success: 19, fail: 6
Episode: 1510, Reward: 25.9815, success: 15, fail: 10
Episode: 1511, Reward: 55.5262, success: 18, fail: 7
Episode: 1512, Reward: 65.5166, success: 19, fail: 6
Episode: 1513, Reward: 55.4082, success: 18, fail: 7
Episode: 1514, Reward: 35.3027, success: 16, fail: 9
Episode: 1515, Reward: 46.2704, success: 17, fail: 8
Episode: 1516, Reward: 54.1336, success: 18, fail: 7
Episode: 1517, Reward: 54.7657, success: 18, fail: 7
Episode: 1518, Reward: 35.7079, success: 16, fail: 9
Episode: 1519, Reward: 56.2993, success: 18, fail: 7
Episode: 1520, Reward: 55.6129, success: 18, fail: 7
Episode: 1521, Reward: 54.6891, success: 18, fail: 7
Episode: 1522, Reward: 64.5500, success: 19, fail: 6
Episode: 1523, Reward: 64.9968, success: 19, fail: 6
Episode: 1524, Reward: 65.1494, success: 19, fail: 6
Episode: 1525, Reward: 54.7341, success: 18, fail: 7
Episode: 1526, Reward: 64.3441, success: 19, fail: 6
Episode: 1527, Reward: 63.9013, success: 19, fail: 6
Episode: 1528, Reward: 55.9001, success: 18, fail: 7
Episode: 1529, Reward: 53.8208, success: 18, fail: 7
Episode: 1530, Reward: 34.6276, success: 16, fail: 9
Episode: 1531, Reward: 55.3508, success: 18, fail: 7
Episode: 1532, Reward: 64.4359, success: 19, fail: 6
Episode: 1533, Reward: 64.5655, success: 19, fail: 6
Episode: 1534, Reward: 44.1131, success: 17, fail: 8
Episode: 1535, Reward: 44.7226, success: 17, fail: 8
Episode: 1536, Reward: 55.6742, success: 18, fail: 7
Episode: 1537, Reward: 45.1826, success: 17, fail: 8
Episode: 1538, Reward: 44.2383, success: 17, fail: 8
Episode: 1539, Reward: 55.1419, success: 18, fail: 7
Episode: 1540, Reward: 54.4768, success: 18, fail: 7
Episode: 1541, Reward: 65.2828, success: 19, fail: 6
Episode: 1542, Reward: 66.6440, success: 19, fail: 6
Episode: 1543, Reward: 55.0850, success: 18, fail: 7
Episode: 1544, Reward: 55.7301, success: 18, fail: 7
Episode: 1545, Reward: 53.7122, success: 18, fail: 7
Episode: 1546, Reward: 45.3247, success: 17, fail: 8
Episode: 1547, Reward: 54.3582, success: 18, fail: 7
Episode: 1548, Reward: 44.3889, success: 17, fail: 8
Episode: 1549, Reward: 66.3466, success: 19, fail: 6
Episode: 1550, Reward: 63.5184, success: 19, fail: 6
Episode: 1551, Reward: 56.2596, success: 18, fail: 7
Episode: 1552, Reward: 64.9601, success: 19, fail: 6
Episode: 1553, Reward: 64.4972, success: 19, fail: 6
Episode: 1554, Reward: 64.0345, success: 19, fail: 6
Episode: 1555, Reward: 64.9120, success: 19, fail: 6
Episode: 1556, Reward: 44.5886, success: 17, fail: 8
Episode: 1557, Reward: 64.3887, success: 19, fail: 6
Episode: 1558, Reward: 75.3079, success: 20, fail: 5
Episode: 1559, Reward: 55.3753, success: 18, fail: 7
Episode: 1560, Reward: 65.1881, success: 19, fail: 6
Episode: 1561, Reward: 65.7333, success: 19, fail: 6
Episode: 1562, Reward: 54.4109, success: 18, fail: 7
Episode: 1563, Reward: 65.3254, success: 19, fail: 6
Episode: 1564, Reward: 64.2779, success: 19, fail: 6
Episode: 1565, Reward: 54.8303, success: 18, fail: 7
Episode: 1566, Reward: 65.4726, success: 19, fail: 6
Episode: 1567, Reward: 64.4843, success: 19, fail: 6
Episode: 1568, Reward: 53.3577, success: 18, fail: 7
Episode: 1569, Reward: 54.5756, success: 18, fail: 7
Episode: 1570, Reward: 64.3235, success: 19, fail: 6
Episode: 1571, Reward: 64.7843, success: 19, fail: 6
Episode: 1572, Reward: 55.7540, success: 18, fail: 7
Episode: 1573, Reward: 65.7774, success: 19, fail: 6
Episode: 1574, Reward: 54.2059, success: 18, fail: 7
Episode: 1575, Reward: 54.9021, success: 18, fail: 7
Episode: 1576, Reward: 63.8383, success: 19, fail: 6
Episode: 1577, Reward: 54.6520, success: 18, fail: 7
Episode: 1578, Reward: 74.5178, success: 20, fail: 5
Episode: 1579, Reward: 65.5377, success: 19, fail: 6
Episode: 1580, Reward: 65.4487, success: 19, fail: 6
Episode: 1581, Reward: 65.5861, success: 19, fail: 6
Episode: 1582, Reward: 55.2646, success: 18, fail: 7
Episode: 1583, Reward: 56.0032, success: 18, fail: 7
Episode: 1584, Reward: 55.2248, success: 18, fail: 7
Episode: 1585, Reward: 65.2027, success: 19, fail: 6
Episode: 1586, Reward: 63.4282, success: 19, fail: 6
Episode: 1587, Reward: 55.2316, success: 18, fail: 7
Episode: 1588, Reward: 65.7790, success: 19, fail: 6
Episode: 1589, Reward: 63.7640, success: 19, fail: 6
Episode: 1590, Reward: 53.7587, success: 18, fail: 7
Episode: 1591, Reward: 62.5882, success: 19, fail: 6
Episode: 1592, Reward: 53.8511, success: 18, fail: 7
Episode: 1593, Reward: 55.1823, success: 18, fail: 7
Episode: 1594, Reward: 65.6532, success: 19, fail: 6
Episode: 1595, Reward: 54.5991, success: 18, fail: 7
Episode: 1596, Reward: 64.9976, success: 19, fail: 6
Episode: 1597, Reward: 63.8282, success: 19, fail: 6
Episode: 1598, Reward: 64.4377, success: 19, fail: 6
Episode: 1599, Reward: 53.6962, success: 18, fail: 7
Episode: 1600, Reward: 64.5376, success: 19, fail: 6
Episode: 1601, Reward: 64.2709, success: 19, fail: 6
Episode: 1602, Reward: 64.7715, success: 19, fail: 6
Episode: 1603, Reward: 65.1543, success: 19, fail: 6
Episode: 1604, Reward: 53.5881, success: 18, fail: 7
Episode: 1605, Reward: 64.8991, success: 19, fail: 6
Episode: 1606, Reward: 54.5515, success: 18, fail: 7
Episode: 1607, Reward: 54.2575, success: 18, fail: 7
Episode: 1608, Reward: 65.0359, success: 19, fail: 6
Episode: 1609, Reward: 64.9393, success: 19, fail: 6
Episode: 1610, Reward: 64.8930, success: 19, fail: 6
Episode: 1611, Reward: 63.6777, success: 19, fail: 6
Episode: 1612, Reward: 54.9667, success: 18, fail: 7
Episode: 1613, Reward: 53.2266, success: 18, fail: 7
Episode: 1614, Reward: 64.8525, success: 19, fail: 6
Episode: 1615, Reward: 63.4501, success: 19, fail: 6
Episode: 1616, Reward: 64.6597, success: 19, fail: 6
Episode: 1617, Reward: 65.5340, success: 19, fail: 6
Episode: 1618, Reward: 64.4943, success: 19, fail: 6
Episode: 1619, Reward: 64.2975, success: 19, fail: 6
Episode: 1620, Reward: 64.6360, success: 19, fail: 6
Episode: 1621, Reward: 64.4256, success: 19, fail: 6
Episode: 1622, Reward: 64.4367, success: 19, fail: 6
Episode: 1623, Reward: 64.6008, success: 19, fail: 6
Episode: 1624, Reward: 65.6110, success: 19, fail: 6
Episode: 1625, Reward: 65.3200, success: 19, fail: 6
Episode: 1626, Reward: 65.2456, success: 19, fail: 6
Episode: 1627, Reward: 65.0511, success: 19, fail: 6
Episode: 1628, Reward: 64.5276, success: 19, fail: 6
Episode: 1629, Reward: 54.5641, success: 18, fail: 7
Episode: 1630, Reward: 65.4818, success: 19, fail: 6
Episode: 1631, Reward: 63.9057, success: 19, fail: 6
Episode: 1632, Reward: 54.3338, success: 18, fail: 7
Episode: 1633, Reward: 64.2955, success: 19, fail: 6
Episode: 1634, Reward: 64.0800, success: 19, fail: 6
Episode: 1635, Reward: 65.0738, success: 19, fail: 6
Episode: 1636, Reward: 64.9035, success: 19, fail: 6
Episode: 1637, Reward: 63.8807, success: 19, fail: 6
Episode: 1638, Reward: 64.4481, success: 19, fail: 6
Episode: 1639, Reward: 65.0408, success: 19, fail: 6
Episode: 1640, Reward: 64.8555, success: 19, fail: 6
Episode: 1641, Reward: 54.7086, success: 18, fail: 7
Episode: 1642, Reward: 44.9538, success: 17, fail: 8
Episode: 1643, Reward: 65.9695, success: 19, fail: 6
Episode: 1644, Reward: 54.2252, success: 18, fail: 7
Episode: 1645, Reward: 63.9046, success: 19, fail: 6
Episode: 1646, Reward: 65.2525, success: 19, fail: 6
Episode: 1647, Reward: 65.7127, success: 19, fail: 6
Episode: 1648, Reward: 55.1361, success: 18, fail: 7
Episode: 1649, Reward: 55.2825, success: 18, fail: 7
Episode: 1650, Reward: 55.5350, success: 18, fail: 7
Episode: 1651, Reward: 64.4190, success: 19, fail: 6
Episode: 1652, Reward: 55.1362, success: 18, fail: 7
Episode: 1653, Reward: 44.9175, success: 17, fail: 8
Episode: 1654, Reward: 56.5109, success: 18, fail: 7
Episode: 1655, Reward: 65.4569, success: 19, fail: 6
Episode: 1656, Reward: 54.4370, success: 18, fail: 7
Episode: 1657, Reward: 54.3740, success: 18, fail: 7
Episode: 1658, Reward: 64.4044, success: 19, fail: 6
Episode: 1659, Reward: 54.1606, success: 18, fail: 7
Episode: 1660, Reward: 54.8866, success: 18, fail: 7
Episode: 1661, Reward: 62.8789, success: 19, fail: 6
Episode: 1662, Reward: 53.7882, success: 18, fail: 7
Episode: 1663, Reward: 63.9921, success: 19, fail: 6
Episode: 1664, Reward: 55.0328, success: 18, fail: 7
Episode: 1665, Reward: 54.4072, success: 18, fail: 7
Episode: 1666, Reward: 44.1583, success: 17, fail: 8
Episode: 1667, Reward: 64.8370, success: 19, fail: 6
Episode: 1668, Reward: 44.3298, success: 17, fail: 8
Episode: 1669, Reward: 54.0479, success: 18, fail: 7
Episode: 1670, Reward: 64.4276, success: 19, fail: 6
Episode: 1671, Reward: 43.7576, success: 17, fail: 8
Episode: 1672, Reward: 54.4189, success: 18, fail: 7
Episode: 1673, Reward: 63.7501, success: 19, fail: 6
Episode: 1674, Reward: 65.4482, success: 19, fail: 6
Episode: 1675, Reward: 64.1999, success: 19, fail: 6
Episode: 1676, Reward: 43.1240, success: 17, fail: 8
Episode: 1677, Reward: 63.6158, success: 19, fail: 6
Episode: 1678, Reward: 53.4679, success: 18, fail: 7
Episode: 1679, Reward: 55.0469, success: 18, fail: 7
Episode: 1680, Reward: 64.4100, success: 19, fail: 6
Episode: 1681, Reward: 55.3254, success: 18, fail: 7
Episode: 1682, Reward: 65.1765, success: 19, fail: 6
Episode: 1683, Reward: 54.7937, success: 18, fail: 7
Episode: 1684, Reward: 54.6524, success: 18, fail: 7
Episode: 1685, Reward: 44.8043, success: 17, fail: 8
Episode: 1686, Reward: 55.1385, success: 18, fail: 7
Episode: 1687, Reward: 54.6500, success: 18, fail: 7
Episode: 1688, Reward: 44.3469, success: 17, fail: 8
Episode: 1689, Reward: 64.2455, success: 19, fail: 6
Episode: 1690, Reward: 63.9997, success: 19, fail: 6
Episode: 1691, Reward: 45.1050, success: 17, fail: 8
Episode: 1692, Reward: 55.1287, success: 18, fail: 7
Episode: 1693, Reward: 55.6154, success: 18, fail: 7
Episode: 1694, Reward: 64.0276, success: 19, fail: 6
Episode: 1695, Reward: 55.3937, success: 18, fail: 7
Episode: 1696, Reward: 54.1485, success: 18, fail: 7
Episode: 1697, Reward: 55.3868, success: 18, fail: 7
Episode: 1698, Reward: 54.8446, success: 18, fail: 7
Episode: 1699, Reward: 54.0843, success: 18, fail: 7
Episode: 1700, Reward: 65.4595, success: 19, fail: 6
Episode: 1701, Reward: 54.8906, success: 18, fail: 7
Episode: 1702, Reward: 54.6542, success: 18, fail: 7
Episode: 1703, Reward: 43.8877, success: 17, fail: 8
Episode: 1704, Reward: 64.3294, success: 19, fail: 6
Episode: 1705, Reward: 65.6576, success: 19, fail: 6
Episode: 1706, Reward: 54.6512, success: 18, fail: 7
Episode: 1707, Reward: 64.0882, success: 19, fail: 6
Episode: 1708, Reward: 55.3689, success: 18, fail: 7
Episode: 1709, Reward: 64.6835, success: 19, fail: 6
Episode: 1710, Reward: 55.2334, success: 18, fail: 7
Episode: 1711, Reward: 65.2423, success: 19, fail: 6
Episode: 1712, Reward: 65.4260, success: 19, fail: 6
Episode: 1713, Reward: 64.5637, success: 19, fail: 6
Episode: 1714, Reward: 44.1288, success: 17, fail: 8
Episode: 1715, Reward: 55.3019, success: 18, fail: 7
Episode: 1716, Reward: 65.3186, success: 19, fail: 6
Episode: 1717, Reward: 55.1125, success: 18, fail: 7
Episode: 1718, Reward: 54.3125, success: 18, fail: 7
Episode: 1719, Reward: 54.4958, success: 18, fail: 7
Episode: 1720, Reward: 55.3236, success: 18, fail: 7
Episode: 1721, Reward: 64.0126, success: 19, fail: 6
Episode: 1722, Reward: 64.8334, success: 19, fail: 6
Episode: 1723, Reward: 34.0209, success: 16, fail: 9
Episode: 1724, Reward: 54.7680, success: 18, fail: 7
Episode: 1725, Reward: 54.9433, success: 18, fail: 7
Episode: 1726, Reward: 55.2298, success: 18, fail: 7
Episode: 1727, Reward: 54.7822, success: 18, fail: 7
Episode: 1728, Reward: 54.9239, success: 18, fail: 7
Episode: 1729, Reward: 65.7794, success: 19, fail: 6
Episode: 1730, Reward: 65.1993, success: 19, fail: 6
Episode: 1731, Reward: 63.8523, success: 19, fail: 6
Episode: 1732, Reward: 64.7527, success: 19, fail: 6
Episode: 1733, Reward: 55.4241, success: 18, fail: 7
Episode: 1734, Reward: 64.1893, success: 19, fail: 6
Episode: 1735, Reward: 64.8499, success: 19, fail: 6
Episode: 1736, Reward: 45.4138, success: 17, fail: 8
Episode: 1737, Reward: 65.0921, success: 19, fail: 6
Episode: 1738, Reward: 64.1612, success: 19, fail: 6
Episode: 1739, Reward: 64.8063, success: 19, fail: 6
Episode: 1740, Reward: 45.0077, success: 17, fail: 8
Episode: 1741, Reward: 55.7548, success: 18, fail: 7
Episode: 1742, Reward: 63.7318, success: 19, fail: 6
Episode: 1743, Reward: 54.8023, success: 18, fail: 7
Episode: 1744, Reward: 54.7397, success: 18, fail: 7
Episode: 1745, Reward: 55.4294, success: 18, fail: 7
Episode: 1746, Reward: 65.0462, success: 19, fail: 6
Episode: 1747, Reward: 44.7177, success: 17, fail: 8
Episode: 1748, Reward: 65.0838, success: 19, fail: 6
Episode: 1749, Reward: 54.5023, success: 18, fail: 7
Episode: 1750, Reward: 65.0862, success: 19, fail: 6
Episode: 1751, Reward: 55.0604, success: 18, fail: 7
Episode: 1752, Reward: 64.4007, success: 19, fail: 6
Episode: 1753, Reward: 65.3827, success: 19, fail: 6
Episode: 1754, Reward: 64.5476, success: 19, fail: 6
Episode: 1755, Reward: 45.5228, success: 17, fail: 8
Episode: 1756, Reward: 55.0303, success: 18, fail: 7
Episode: 1757, Reward: 65.6484, success: 19, fail: 6
Episode: 1758, Reward: 65.4990, success: 19, fail: 6
Episode: 1759, Reward: 64.5860, success: 19, fail: 6
Episode: 1760, Reward: 66.1803, success: 19, fail: 6
Episode: 1761, Reward: 64.5412, success: 19, fail: 6
Episode: 1762, Reward: 64.5265, success: 19, fail: 6
Episode: 1763, Reward: 55.9619, success: 18, fail: 7
Episode: 1764, Reward: 44.3261, success: 17, fail: 8
Episode: 1765, Reward: 66.0122, success: 19, fail: 6
Episode: 1766, Reward: 55.8960, success: 18, fail: 7
Episode: 1767, Reward: 56.0165, success: 18, fail: 7
Episode: 1768, Reward: 64.7714, success: 19, fail: 6
Episode: 1769, Reward: 55.5921, success: 18, fail: 7
Episode: 1770, Reward: 65.2455, success: 19, fail: 6
Episode: 1771, Reward: 66.2698, success: 19, fail: 6
Episode: 1772, Reward: 54.0563, success: 18, fail: 7
Episode: 1773, Reward: 55.1448, success: 18, fail: 7
Episode: 1774, Reward: 64.9158, success: 19, fail: 6
Episode: 1775, Reward: 53.8288, success: 18, fail: 7
Episode: 1776, Reward: 64.7840, success: 19, fail: 6
Episode: 1777, Reward: 64.8417, success: 19, fail: 6
Episode: 1778, Reward: 65.0443, success: 19, fail: 6
Episode: 1779, Reward: 54.3273, success: 18, fail: 7
Episode: 1780, Reward: 64.8201, success: 19, fail: 6
Episode: 1781, Reward: 45.0300, success: 17, fail: 8
Episode: 1782, Reward: 55.7454, success: 18, fail: 7
Episode: 1783, Reward: 43.8646, success: 17, fail: 8
Episode: 1784, Reward: 55.0827, success: 18, fail: 7
Episode: 1785, Reward: 45.4266, success: 17, fail: 8
Episode: 1786, Reward: 73.9760, success: 20, fail: 5
Episode: 1787, Reward: 54.1686, success: 18, fail: 7
Episode: 1788, Reward: 54.4702, success: 18, fail: 7
Episode: 1789, Reward: 65.1727, success: 19, fail: 6
Episode: 1790, Reward: 55.3515, success: 18, fail: 7
Episode: 1791, Reward: 53.7598, success: 18, fail: 7
Episode: 1792, Reward: 64.6188, success: 19, fail: 6
Episode: 1793, Reward: 75.1230, success: 20, fail: 5
Episode: 1794, Reward: 54.9073, success: 18, fail: 7
Episode: 1795, Reward: 56.1911, success: 18, fail: 7
Episode: 1796, Reward: 54.1908, success: 18, fail: 7
Episode: 1797, Reward: 64.8110, success: 19, fail: 6
Episode: 1798, Reward: 65.7650, success: 19, fail: 6
Episode: 1799, Reward: 45.6188, success: 17, fail: 8
Episode: 1800, Reward: 54.0403, success: 18, fail: 7
Episode: 1801, Reward: 64.9849, success: 19, fail: 6
Episode: 1802, Reward: 55.7991, success: 18, fail: 7
Episode: 1803, Reward: 55.4836, success: 18, fail: 7
Episode: 1804, Reward: 63.9230, success: 19, fail: 6
Episode: 1805, Reward: 65.2351, success: 19, fail: 6
Episode: 1806, Reward: 64.1944, success: 19, fail: 6
Episode: 1807, Reward: 64.2167, success: 19, fail: 6
Episode: 1808, Reward: 54.4656, success: 18, fail: 7
Episode: 1809, Reward: 65.4849, success: 19, fail: 6
Episode: 1810, Reward: 55.7204, success: 18, fail: 7
Episode: 1811, Reward: 55.0353, success: 18, fail: 7
Episode: 1812, Reward: 65.0010, success: 19, fail: 6
Episode: 1813, Reward: 56.2528, success: 18, fail: 7
Episode: 1814, Reward: 54.6625, success: 18, fail: 7
Episode: 1815, Reward: 53.4424, success: 18, fail: 7
Episode: 1816, Reward: 55.4455, success: 18, fail: 7
Episode: 1817, Reward: 55.1791, success: 18, fail: 7
Episode: 1818, Reward: 65.2150, success: 19, fail: 6
Episode: 1819, Reward: 65.0834, success: 19, fail: 6
Episode: 1820, Reward: 65.1782, success: 19, fail: 6
Episode: 1821, Reward: 54.2596, success: 18, fail: 7
Episode: 1822, Reward: 53.7112, success: 18, fail: 7
Episode: 1823, Reward: 54.4067, success: 18, fail: 7
Episode: 1824, Reward: 65.0170, success: 19, fail: 6
Episode: 1825, Reward: 45.0469, success: 17, fail: 8
Episode: 1826, Reward: 53.7416, success: 18, fail: 7
Episode: 1827, Reward: 54.7689, success: 18, fail: 7
Episode: 1828, Reward: 64.0436, success: 19, fail: 6
Episode: 1829, Reward: 53.7394, success: 18, fail: 7
Episode: 1830, Reward: 55.8163, success: 18, fail: 7
Episode: 1831, Reward: 43.5589, success: 17, fail: 8
Episode: 1832, Reward: 44.8923, success: 17, fail: 8
Episode: 1833, Reward: 55.3905, success: 18, fail: 7
Episode: 1834, Reward: 44.8920, success: 17, fail: 8
Episode: 1835, Reward: 65.7217, success: 19, fail: 6
Episode: 1836, Reward: 54.4122, success: 18, fail: 7
Episode: 1837, Reward: 54.6742, success: 18, fail: 7
Episode: 1838, Reward: 54.3725, success: 18, fail: 7
Episode: 1839, Reward: 65.2162, success: 19, fail: 6
Episode: 1840, Reward: 55.4969, success: 18, fail: 7
Episode: 1841, Reward: 65.1063, success: 19, fail: 6
Episode: 1842, Reward: 65.7818, success: 19, fail: 6
Episode: 1843, Reward: 65.3947, success: 19, fail: 6
Episode: 1844, Reward: 54.5615, success: 18, fail: 7
Episode: 1845, Reward: 64.2588, success: 19, fail: 6
Episode: 1846, Reward: 55.0024, success: 18, fail: 7
Episode: 1847, Reward: 54.2351, success: 18, fail: 7
Episode: 1848, Reward: 45.7606, success: 17, fail: 8
Episode: 1849, Reward: 55.2395, success: 18, fail: 7
Episode: 1850, Reward: 65.6491, success: 19, fail: 6
Episode: 1851, Reward: 64.9078, success: 19, fail: 6
Episode: 1852, Reward: 44.2037, success: 17, fail: 8
Episode: 1853, Reward: 63.2926, success: 19, fail: 6
Episode: 1854, Reward: 54.2940, success: 18, fail: 7
Episode: 1855, Reward: 64.2659, success: 19, fail: 6
Episode: 1856, Reward: 54.8146, success: 18, fail: 7
Episode: 1857, Reward: 54.6406, success: 18, fail: 7
Episode: 1858, Reward: 64.9375, success: 19, fail: 6
Episode: 1859, Reward: 54.6628, success: 18, fail: 7
Episode: 1860, Reward: 64.0962, success: 19, fail: 6
Episode: 1861, Reward: 75.2564, success: 20, fail: 5
Episode: 1862, Reward: 64.8145, success: 19, fail: 6
Episode: 1863, Reward: 54.9160, success: 18, fail: 7
Episode: 1864, Reward: 65.3861, success: 19, fail: 6
Episode: 1865, Reward: 54.6878, success: 18, fail: 7
Episode: 1866, Reward: 46.0495, success: 17, fail: 8
Episode: 1867, Reward: 65.5765, success: 19, fail: 6
Episode: 1868, Reward: 45.7393, success: 17, fail: 8
Episode: 1869, Reward: 55.0439, success: 18, fail: 7
Episode: 1870, Reward: 65.9308, success: 19, fail: 6
Episode: 1871, Reward: 53.5881, success: 18, fail: 7
Episode: 1872, Reward: 64.4709, success: 19, fail: 6
Episode: 1873, Reward: 54.3350, success: 18, fail: 7
Episode: 1874, Reward: 45.2880, success: 17, fail: 8
Episode: 1875, Reward: 54.6299, success: 18, fail: 7
Episode: 1876, Reward: 54.2612, success: 18, fail: 7
Episode: 1877, Reward: 54.1891, success: 18, fail: 7
Episode: 1878, Reward: 44.4684, success: 17, fail: 8
Episode: 1879, Reward: 64.8072, success: 19, fail: 6
Episode: 1880, Reward: 54.9991, success: 18, fail: 7
Episode: 1881, Reward: 64.6118, success: 19, fail: 6
Episode: 1882, Reward: 45.6433, success: 17, fail: 8
Episode: 1883, Reward: 55.5820, success: 18, fail: 7
Episode: 1884, Reward: 55.1973, success: 18, fail: 7
Episode: 1885, Reward: 55.2871, success: 18, fail: 7
Episode: 1886, Reward: 46.0610, success: 17, fail: 8
Episode: 1887, Reward: 55.4554, success: 18, fail: 7
Episode: 1888, Reward: 35.8801, success: 16, fail: 9
Episode: 1889, Reward: 46.4050, success: 17, fail: 8
Episode: 1890, Reward: 55.4148, success: 18, fail: 7
Episode: 1891, Reward: 45.4643, success: 17, fail: 8
Episode: 1892, Reward: 55.9875, success: 18, fail: 7
Episode: 1893, Reward: 55.6965, success: 18, fail: 7
Episode: 1894, Reward: 45.2806, success: 17, fail: 8
Episode: 1895, Reward: 56.2201, success: 18, fail: 7
Episode: 1896, Reward: 65.2891, success: 19, fail: 6
Episode: 1897, Reward: 35.3361, success: 16, fail: 9
Episode: 1898, Reward: 35.7978, success: 16, fail: 9
Episode: 1899, Reward: 35.6924, success: 16, fail: 9
Episode: 1900, Reward: 44.9080, success: 17, fail: 8
Episode: 1901, Reward: 45.4819, success: 17, fail: 8
Episode: 1902, Reward: 55.2192, success: 18, fail: 7
Episode: 1903, Reward: 55.0895, success: 18, fail: 7
Episode: 1904, Reward: 55.7891, success: 18, fail: 7
Episode: 1905, Reward: 36.4866, success: 16, fail: 9
Episode: 1906, Reward: 15.4545, success: 14, fail: 11
Episode: 1907, Reward: 36.1639, success: 16, fail: 9
Episode: 1908, Reward: 44.0096, success: 17, fail: 8
Episode: 1909, Reward: 45.8486, success: 17, fail: 8
Episode: 1910, Reward: 45.1884, success: 17, fail: 8
Episode: 1911, Reward: 54.4523, success: 18, fail: 7
Episode: 1912, Reward: 44.8899, success: 17, fail: 8
Episode: 1913, Reward: 54.3526, success: 18, fail: 7
Episode: 1914, Reward: 54.3415, success: 18, fail: 7
Episode: 1915, Reward: 54.9689, success: 18, fail: 7
Episode: 1916, Reward: 54.5388, success: 18, fail: 7
Episode: 1917, Reward: 55.1702, success: 18, fail: 7
Episode: 1918, Reward: 56.8640, success: 18, fail: 7
Episode: 1919, Reward: 55.2329, success: 18, fail: 7
Episode: 1920, Reward: 56.1070, success: 18, fail: 7
Episode: 1921, Reward: 45.6472, success: 17, fail: 8
Episode: 1922, Reward: 36.2973, success: 16, fail: 9
Episode: 1923, Reward: 25.3957, success: 15, fail: 10
Episode: 1924, Reward: 44.4559, success: 17, fail: 8
Episode: 1925, Reward: 45.4409, success: 17, fail: 8
Episode: 1926, Reward: 35.3635, success: 16, fail: 9
Episode: 1927, Reward: 43.9836, success: 17, fail: 8
Episode: 1928, Reward: 54.1446, success: 18, fail: 7
Episode: 1929, Reward: 45.8061, success: 17, fail: 8
Episode: 1930, Reward: 45.0300, success: 17, fail: 8
Episode: 1931, Reward: 34.6013, success: 16, fail: 9
Episode: 1932, Reward: 45.3314, success: 17, fail: 8
Episode: 1933, Reward: 46.5086, success: 17, fail: 8
Episode: 1934, Reward: 43.8398, success: 17, fail: 8
Episode: 1935, Reward: 64.4971, success: 19, fail: 6
Episode: 1936, Reward: 34.8304, success: 16, fail: 9
Episode: 1937, Reward: 55.1829, success: 18, fail: 7
Episode: 1938, Reward: 56.7943, success: 18, fail: 7
Episode: 1939, Reward: 34.4667, success: 16, fail: 9
Episode: 1940, Reward: 56.2200, success: 18, fail: 7
Episode: 1941, Reward: 55.4986, success: 18, fail: 7
Episode: 1942, Reward: 44.8704, success: 17, fail: 8
Episode: 1943, Reward: 65.6208, success: 19, fail: 6
Episode: 1944, Reward: 65.1239, success: 19, fail: 6
Episode: 1945, Reward: 44.5755, success: 17, fail: 8
Episode: 1946, Reward: 45.6459, success: 17, fail: 8
Episode: 1947, Reward: 55.2151, success: 18, fail: 7
Episode: 1948, Reward: 65.4210, success: 19, fail: 6
Episode: 1949, Reward: 35.6876, success: 16, fail: 9
Episode: 1950, Reward: 44.1713, success: 17, fail: 8
Episode: 1951, Reward: 55.0368, success: 18, fail: 7
Episode: 1952, Reward: 55.0996, success: 18, fail: 7
Episode: 1953, Reward: 34.6425, success: 16, fail: 9
Episode: 1954, Reward: 45.0612, success: 17, fail: 8
Episode: 1955, Reward: 54.9751, success: 18, fail: 7
Episode: 1956, Reward: 44.8750, success: 17, fail: 8
Episode: 1957, Reward: 54.7275, success: 18, fail: 7
Episode: 1958, Reward: 55.3811, success: 18, fail: 7
Episode: 1959, Reward: 53.7703, success: 18, fail: 7
Episode: 1960, Reward: 66.8708, success: 19, fail: 6
Episode: 1961, Reward: 65.3640, success: 19, fail: 6
Episode: 1962, Reward: 64.0157, success: 19, fail: 6
Episode: 1963, Reward: 45.0546, success: 17, fail: 8
Episode: 1964, Reward: 44.5895, success: 17, fail: 8
Episode: 1965, Reward: 64.2687, success: 19, fail: 6
Episode: 1966, Reward: 25.0248, success: 15, fail: 10
Episode: 1967, Reward: 55.3249, success: 18, fail: 7
Episode: 1968, Reward: 55.1475, success: 18, fail: 7
Episode: 1969, Reward: 45.6158, success: 17, fail: 8
Episode: 1970, Reward: 56.0669, success: 18, fail: 7
Episode: 1971, Reward: 55.2527, success: 18, fail: 7
Episode: 1972, Reward: 53.8318, success: 18, fail: 7
Episode: 1973, Reward: 55.5634, success: 18, fail: 7
Episode: 1974, Reward: 55.4789, success: 18, fail: 7
Episode: 1975, Reward: 34.9914, success: 16, fail: 9
Episode: 1976, Reward: 55.2195, success: 18, fail: 7
Episode: 1977, Reward: 64.8693, success: 19, fail: 6
Episode: 1978, Reward: 55.7021, success: 18, fail: 7
Episode: 1979, Reward: 45.6398, success: 17, fail: 8
Episode: 1980, Reward: 45.8224, success: 17, fail: 8
Episode: 1981, Reward: 55.0266, success: 18, fail: 7
Episode: 1982, Reward: 46.2173, success: 17, fail: 8
Episode: 1983, Reward: 45.6177, success: 17, fail: 8
Episode: 1984, Reward: 44.6485, success: 17, fail: 8
Episode: 1985, Reward: 54.9880, success: 18, fail: 7
Episode: 1986, Reward: 34.6408, success: 16, fail: 9
Episode: 1987, Reward: 45.1901, success: 17, fail: 8
Episode: 1988, Reward: 46.0140, success: 17, fail: 8
Episode: 1989, Reward: 55.2581, success: 18, fail: 7
Episode: 1990, Reward: 56.4193, success: 18, fail: 7
Episode: 1991, Reward: 36.7786, success: 16, fail: 9
Episode: 1992, Reward: 45.3382, success: 17, fail: 8
Episode: 1993, Reward: 55.7438, success: 18, fail: 7
Episode: 1994, Reward: 65.9186, success: 19, fail: 6
Episode: 1995, Reward: 44.3678, success: 17, fail: 8
Episode: 1996, Reward: 54.7982, success: 18, fail: 7
Episode: 1997, Reward: 55.3387, success: 18, fail: 7
Episode: 1998, Reward: 45.9491, success: 17, fail: 8
Episode: 1999, Reward: 54.2384, success: 18, fail: 7
Episode: 2000, Reward: 54.7829, success: 18, fail: 7
Episode: 2001, Reward: 55.7214, success: 18, fail: 7
Episode: 2002, Reward: 55.4509, success: 18, fail: 7
Episode: 2003, Reward: 67.0548, success: 19, fail: 6
Episode: 2004, Reward: 65.7444, success: 19, fail: 6
Episode: 2005, Reward: 56.6716, success: 18, fail: 7
Episode: 2006, Reward: 56.0735, success: 18, fail: 7
Episode: 2007, Reward: 56.0215, success: 18, fail: 7
Episode: 2008, Reward: 55.9942, success: 18, fail: 7
Episode: 2009, Reward: 65.3539, success: 19, fail: 6
Episode: 2010, Reward: 55.9853, success: 18, fail: 7
Episode: 2011, Reward: 55.8229, success: 18, fail: 7
Episode: 2012, Reward: 65.9674, success: 19, fail: 6
Episode: 2013, Reward: 65.9126, success: 19, fail: 6
Episode: 2014, Reward: 54.6050, success: 18, fail: 7
Episode: 2015, Reward: 65.7137, success: 19, fail: 6
Episode: 2016, Reward: 55.1784, success: 18, fail: 7
Episode: 2017, Reward: 56.1262, success: 18, fail: 7
Episode: 2018, Reward: 65.3096, success: 19, fail: 6
Episode: 2019, Reward: 56.4709, success: 18, fail: 7
Episode: 2020, Reward: 65.5083, success: 19, fail: 6
Episode: 2021, Reward: 55.2526, success: 18, fail: 7
Episode: 2022, Reward: 55.8382, success: 18, fail: 7
Episode: 2023, Reward: 45.9601, success: 17, fail: 8
Episode: 2024, Reward: 66.0908, success: 19, fail: 6
Episode: 2025, Reward: 55.5966, success: 18, fail: 7
Episode: 2026, Reward: 65.8586, success: 19, fail: 6
Episode: 2027, Reward: 55.3740, success: 18, fail: 7
Episode: 2028, Reward: 65.3255, success: 19, fail: 6
Episode: 2029, Reward: 65.5633, success: 19, fail: 6
Episode: 2030, Reward: 65.6443, success: 19, fail: 6
Episode: 2031, Reward: 64.6966, success: 19, fail: 6
Episode: 2032, Reward: 55.6713, success: 18, fail: 7
Episode: 2033, Reward: 64.9072, success: 19, fail: 6
Episode: 2034, Reward: 65.5994, success: 19, fail: 6
Episode: 2035, Reward: 54.8784, success: 18, fail: 7
Episode: 2036, Reward: 64.5404, success: 19, fail: 6
Episode: 2037, Reward: 66.0795, success: 19, fail: 6
Episode: 2038, Reward: 63.8924, success: 19, fail: 6
Episode: 2039, Reward: 55.1192, success: 18, fail: 7
Episode: 2040, Reward: 45.2801, success: 17, fail: 8
Episode: 2041, Reward: 64.9805, success: 19, fail: 6
Episode: 2042, Reward: 54.7376, success: 18, fail: 7
Episode: 2043, Reward: 64.3984, success: 19, fail: 6
Episode: 2044, Reward: 54.7712, success: 18, fail: 7
Episode: 2045, Reward: 62.9481, success: 19, fail: 6
Episode: 2046, Reward: 65.2475, success: 19, fail: 6
Episode: 2047, Reward: 75.4174, success: 20, fail: 5
Episode: 2048, Reward: 64.7017, success: 19, fail: 6
Episode: 2049, Reward: 55.1615, success: 18, fail: 7
Episode: 2050, Reward: 55.8625, success: 18, fail: 7
Episode: 2051, Reward: 54.8213, success: 18, fail: 7
Episode: 2052, Reward: 54.9470, success: 18, fail: 7
Episode: 2053, Reward: 64.4519, success: 19, fail: 6
Episode: 2054, Reward: 54.8506, success: 18, fail: 7
Episode: 2055, Reward: 55.4612, success: 18, fail: 7
Episode: 2056, Reward: 64.1435, success: 19, fail: 6
Episode: 2057, Reward: 54.3618, success: 18, fail: 7
Episode: 2058, Reward: 64.8947, success: 19, fail: 6
Episode: 2059, Reward: 44.8669, success: 17, fail: 8
Episode: 2060, Reward: 65.1360, success: 19, fail: 6
Episode: 2061, Reward: 64.7601, success: 19, fail: 6
Episode: 2062, Reward: 64.3739, success: 19, fail: 6
Episode: 2063, Reward: 65.6766, success: 19, fail: 6
Episode: 2064, Reward: 66.0732, success: 19, fail: 6
Episode: 2065, Reward: 65.5456, success: 19, fail: 6
Episode: 2066, Reward: 65.3152, success: 19, fail: 6
Episode: 2067, Reward: 55.7317, success: 18, fail: 7
Episode: 2068, Reward: 63.6982, success: 19, fail: 6
Episode: 2069, Reward: 64.7817, success: 19, fail: 6
Episode: 2070, Reward: 65.3875, success: 19, fail: 6
Episode: 2071, Reward: 65.7042, success: 19, fail: 6
Episode: 2072, Reward: 64.4148, success: 19, fail: 6
Episode: 2073, Reward: 65.5263, success: 19, fail: 6
Episode: 2074, Reward: 64.7969, success: 19, fail: 6
Episode: 2075, Reward: 54.3895, success: 18, fail: 7
Episode: 2076, Reward: 54.9685, success: 18, fail: 7
Episode: 2077, Reward: 66.0298, success: 19, fail: 6
Episode: 2078, Reward: 55.5646, success: 18, fail: 7
Episode: 2079, Reward: 45.9949, success: 17, fail: 8
Episode: 2080, Reward: 65.2418, success: 19, fail: 6
Episode: 2081, Reward: 64.9777, success: 19, fail: 6
Episode: 2082, Reward: 45.6580, success: 17, fail: 8
Episode: 2083, Reward: 44.9032, success: 17, fail: 8
Episode: 2084, Reward: 55.6185, success: 18, fail: 7
Episode: 2085, Reward: 65.4296, success: 19, fail: 6
Episode: 2086, Reward: 65.3490, success: 19, fail: 6
Episode: 2087, Reward: 64.3133, success: 19, fail: 6
Episode: 2088, Reward: 56.2266, success: 18, fail: 7
Episode: 2089, Reward: 55.0546, success: 18, fail: 7
Episode: 2090, Reward: 46.7918, success: 17, fail: 8
Episode: 2091, Reward: 65.2631, success: 19, fail: 6
Episode: 2092, Reward: 55.0602, success: 18, fail: 7
Episode: 2093, Reward: 54.8689, success: 18, fail: 7
Episode: 2094, Reward: 45.0679, success: 17, fail: 8
Episode: 2095, Reward: 55.2483, success: 18, fail: 7
Episode: 2096, Reward: 54.5558, success: 18, fail: 7
Episode: 2097, Reward: 55.6645, success: 18, fail: 7
Episode: 2098, Reward: 53.8588, success: 18, fail: 7
Episode: 2099, Reward: 65.1981, success: 19, fail: 6
Episode: 2100, Reward: 65.4436, success: 19, fail: 6
Episode: 2101, Reward: 55.1580, success: 18, fail: 7
Episode: 2102, Reward: 55.2664, success: 18, fail: 7
Episode: 2103, Reward: 65.1384, success: 19, fail: 6
Episode: 2104, Reward: 55.2482, success: 18, fail: 7
Episode: 2105, Reward: 45.5663, success: 17, fail: 8
Episode: 2106, Reward: 55.2462, success: 18, fail: 7
Episode: 2107, Reward: 54.8814, success: 18, fail: 7
Episode: 2108, Reward: 43.9733, success: 17, fail: 8
Episode: 2109, Reward: 64.7529, success: 19, fail: 6
Episode: 2110, Reward: 64.8445, success: 19, fail: 6
Episode: 2111, Reward: 64.2215, success: 19, fail: 6
Episode: 2112, Reward: 64.1857, success: 19, fail: 6
Episode: 2113, Reward: 54.7541, success: 18, fail: 7
Episode: 2114, Reward: 46.1053, success: 17, fail: 8
Episode: 2115, Reward: 55.9327, success: 18, fail: 7
Episode: 2116, Reward: 44.5537, success: 17, fail: 8
Episode: 2117, Reward: 55.0897, success: 18, fail: 7
Episode: 2118, Reward: 64.3544, success: 19, fail: 6
Episode: 2119, Reward: 34.7738, success: 16, fail: 9
Episode: 2120, Reward: 55.0227, success: 18, fail: 7
Episode: 2121, Reward: 55.0565, success: 18, fail: 7
Episode: 2122, Reward: 56.3778, success: 18, fail: 7
Episode: 2123, Reward: 55.1650, success: 18, fail: 7
Episode: 2124, Reward: 44.4346, success: 17, fail: 8
Episode: 2125, Reward: 55.5505, success: 18, fail: 7
Episode: 2126, Reward: 55.2706, success: 18, fail: 7
Episode: 2127, Reward: 55.0241, success: 18, fail: 7
Episode: 2128, Reward: 64.7186, success: 19, fail: 6
Episode: 2129, Reward: 55.8612, success: 18, fail: 7
Episode: 2130, Reward: 54.0340, success: 18, fail: 7
Episode: 2131, Reward: 55.3434, success: 18, fail: 7
Episode: 2132, Reward: 65.7680, success: 19, fail: 6
Episode: 2133, Reward: 55.2932, success: 18, fail: 7
Episode: 2134, Reward: 45.5194, success: 17, fail: 8
Episode: 2135, Reward: 55.2504, success: 18, fail: 7
Episode: 2136, Reward: 55.4635, success: 18, fail: 7
Episode: 2137, Reward: 64.4757, success: 19, fail: 6
Episode: 2138, Reward: 65.1827, success: 19, fail: 6
Episode: 2139, Reward: 65.7901, success: 19, fail: 6
Episode: 2140, Reward: 45.3105, success: 17, fail: 8
Episode: 2141, Reward: 65.1161, success: 19, fail: 6
Episode: 2142, Reward: 65.0393, success: 19, fail: 6
Episode: 2143, Reward: 35.5843, success: 16, fail: 9
Episode: 2144, Reward: 65.0154, success: 19, fail: 6
Episode: 2145, Reward: 64.8466, success: 19, fail: 6
Episode: 2146, Reward: 55.2125, success: 18, fail: 7
Episode: 2147, Reward: 45.3721, success: 17, fail: 8
Episode: 2148, Reward: 64.5280, success: 19, fail: 6
Episode: 2149, Reward: 64.6448, success: 19, fail: 6
Episode: 2150, Reward: 55.9202, success: 18, fail: 7
Episode: 2151, Reward: 65.1187, success: 19, fail: 6
Episode: 2152, Reward: 56.0777, success: 18, fail: 7
Episode: 2153, Reward: 55.8437, success: 18, fail: 7
Episode: 2154, Reward: 55.5437, success: 18, fail: 7
Episode: 2155, Reward: 65.4488, success: 19, fail: 6
Episode: 2156, Reward: 55.7730, success: 18, fail: 7
Episode: 2157, Reward: 45.4500, success: 17, fail: 8
Episode: 2158, Reward: 45.8588, success: 17, fail: 8
Episode: 2159, Reward: 45.6000, success: 17, fail: 8
Episode: 2160, Reward: 55.4803, success: 18, fail: 7
Episode: 2161, Reward: 64.0170, success: 19, fail: 6
Episode: 2162, Reward: 65.7254, success: 19, fail: 6
Episode: 2163, Reward: 44.7789, success: 17, fail: 8
Episode: 2164, Reward: 55.5827, success: 18, fail: 7
Episode: 2165, Reward: 64.5732, success: 19, fail: 6
Episode: 2166, Reward: 55.2475, success: 18, fail: 7
Episode: 2167, Reward: 65.0023, success: 19, fail: 6
Episode: 2168, Reward: 46.0401, success: 17, fail: 8
Episode: 2169, Reward: 64.9412, success: 19, fail: 6
Episode: 2170, Reward: 56.3955, success: 18, fail: 7
Episode: 2171, Reward: 64.5613, success: 19, fail: 6
Episode: 2172, Reward: 54.7414, success: 18, fail: 7
Episode: 2173, Reward: 54.3078, success: 18, fail: 7
Episode: 2174, Reward: 64.2996, success: 19, fail: 6
Episode: 2175, Reward: 55.3407, success: 18, fail: 7
Episode: 2176, Reward: 65.0142, success: 19, fail: 6
Episode: 2177, Reward: 56.0786, success: 18, fail: 7
Episode: 2178, Reward: 55.0961, success: 18, fail: 7
Episode: 2179, Reward: 45.5427, success: 17, fail: 8
Episode: 2180, Reward: 65.7915, success: 19, fail: 6
Episode: 2181, Reward: 54.2552, success: 18, fail: 7
Episode: 2182, Reward: 64.3256, success: 19, fail: 6
Episode: 2183, Reward: 64.0343, success: 19, fail: 6
Episode: 2184, Reward: 45.2264, success: 17, fail: 8
Episode: 2185, Reward: 65.5739, success: 19, fail: 6
Episode: 2186, Reward: 65.2612, success: 19, fail: 6
Episode: 2187, Reward: 55.6490, success: 18, fail: 7
Episode: 2188, Reward: 56.4154, success: 18, fail: 7
Episode: 2189, Reward: 45.2565, success: 17, fail: 8
Episode: 2190, Reward: 65.7930, success: 19, fail: 6
Episode: 2191, Reward: 66.0482, success: 19, fail: 6
Episode: 2192, Reward: 66.4252, success: 19, fail: 6
Episode: 2193, Reward: 54.6210, success: 18, fail: 7
Episode: 2194, Reward: 65.4586, success: 19, fail: 6
Episode: 2195, Reward: 64.6724, success: 19, fail: 6
Episode: 2196, Reward: 65.1395, success: 19, fail: 6
Episode: 2197, Reward: 65.2965, success: 19, fail: 6
Episode: 2198, Reward: 54.5042, success: 18, fail: 7
Episode: 2199, Reward: 64.5265, success: 19, fail: 6
Episode: 2200, Reward: 63.8756, success: 19, fail: 6
Episode: 2201, Reward: 45.0987, success: 17, fail: 8
Episode: 2202, Reward: 55.4152, success: 18, fail: 7
Episode: 2203, Reward: 64.1272, success: 19, fail: 6
Episode: 2204, Reward: 54.1518, success: 18, fail: 7
Episode: 2205, Reward: 64.4361, success: 19, fail: 6
Episode: 2206, Reward: 64.7706, success: 19, fail: 6
Episode: 2207, Reward: 65.9752, success: 19, fail: 6
Episode: 2208, Reward: 65.4221, success: 19, fail: 6
Episode: 2209, Reward: 55.3438, success: 18, fail: 7
Episode: 2210, Reward: 64.7865, success: 19, fail: 6
Episode: 2211, Reward: 65.7964, success: 19, fail: 6
Episode: 2212, Reward: 54.9793, success: 18, fail: 7
Episode: 2213, Reward: 65.7170, success: 19, fail: 6
Episode: 2214, Reward: 54.7978, success: 18, fail: 7
Episode: 2215, Reward: 64.6971, success: 19, fail: 6
Episode: 2216, Reward: 65.2589, success: 19, fail: 6
Episode: 2217, Reward: 64.5196, success: 19, fail: 6
Episode: 2218, Reward: 55.5738, success: 18, fail: 7
Episode: 2219, Reward: 54.0680, success: 18, fail: 7
Episode: 2220, Reward: 64.4000, success: 19, fail: 6
Episode: 2221, Reward: 75.3565, success: 20, fail: 5
Episode: 2222, Reward: 64.8283, success: 19, fail: 6
Episode: 2223, Reward: 54.6205, success: 18, fail: 7
Episode: 2224, Reward: 64.6564, success: 19, fail: 6
Episode: 2225, Reward: 64.9182, success: 19, fail: 6
Episode: 2226, Reward: 65.6447, success: 19, fail: 6
Episode: 2227, Reward: 64.9900, success: 19, fail: 6
Episode: 2228, Reward: 55.5999, success: 18, fail: 7
Episode: 2229, Reward: 64.5972, success: 19, fail: 6
Episode: 2230, Reward: 66.3566, success: 19, fail: 6
Episode: 2231, Reward: 44.2843, success: 17, fail: 8
Episode: 2232, Reward: 65.0293, success: 19, fail: 6
Episode: 2233, Reward: 54.9997, success: 18, fail: 7
Episode: 2234, Reward: 54.1338, success: 18, fail: 7
Episode: 2235, Reward: 54.7227, success: 18, fail: 7
Episode: 2236, Reward: 65.6976, success: 19, fail: 6
Episode: 2237, Reward: 64.1654, success: 19, fail: 6
Episode: 2238, Reward: 55.1270, success: 18, fail: 7
Episode: 2239, Reward: 64.0704, success: 19, fail: 6
Episode: 2240, Reward: 44.8376, success: 17, fail: 8
Episode: 2241, Reward: 65.5385, success: 19, fail: 6
Episode: 2242, Reward: 65.9864, success: 19, fail: 6
Episode: 2243, Reward: 55.2534, success: 18, fail: 7
Episode: 2244, Reward: 65.0939, success: 19, fail: 6
Episode: 2245, Reward: 64.4778, success: 19, fail: 6
Episode: 2246, Reward: 55.1551, success: 18, fail: 7
Episode: 2247, Reward: 55.9480, success: 18, fail: 7
Episode: 2248, Reward: 65.2897, success: 19, fail: 6
Episode: 2249, Reward: 66.6211, success: 19, fail: 6
Episode: 2250, Reward: 45.1380, success: 17, fail: 8
Episode: 2251, Reward: 65.3350, success: 19, fail: 6
Episode: 2252, Reward: 65.1935, success: 19, fail: 6
Episode: 2253, Reward: 65.7008, success: 19, fail: 6
Episode: 2254, Reward: 65.9747, success: 19, fail: 6
Episode: 2255, Reward: 56.8498, success: 18, fail: 7
Episode: 2256, Reward: 64.8634, success: 19, fail: 6
Episode: 2257, Reward: 45.0167, success: 17, fail: 8
Episode: 2258, Reward: 44.9316, success: 17, fail: 8
Episode: 2259, Reward: 65.6350, success: 19, fail: 6
Episode: 2260, Reward: 56.7699, success: 18, fail: 7
Episode: 2261, Reward: 54.6284, success: 18, fail: 7
Episode: 2262, Reward: 56.5581, success: 18, fail: 7
Episode: 2263, Reward: 54.7566, success: 18, fail: 7
Episode: 2264, Reward: 65.4603, success: 19, fail: 6
Episode: 2265, Reward: 45.3905, success: 17, fail: 8
Episode: 2266, Reward: 55.7626, success: 18, fail: 7
Episode: 2267, Reward: 45.8880, success: 17, fail: 8
Episode: 2268, Reward: 45.4418, success: 17, fail: 8
Episode: 2269, Reward: 55.3884, success: 18, fail: 7
Episode: 2270, Reward: 36.3430, success: 16, fail: 9
Episode: 2271, Reward: 55.1942, success: 18, fail: 7
Episode: 2272, Reward: 66.2782, success: 19, fail: 6
Episode: 2273, Reward: 45.7803, success: 17, fail: 8
Episode: 2274, Reward: 35.9376, success: 16, fail: 9
Episode: 2275, Reward: 66.4836, success: 19, fail: 6
Episode: 2276, Reward: 65.6352, success: 19, fail: 6
Episode: 2277, Reward: 45.2697, success: 17, fail: 8
Episode: 2278, Reward: 44.9131, success: 17, fail: 8
Episode: 2279, Reward: 46.9019, success: 17, fail: 8
Episode: 2280, Reward: 55.9319, success: 18, fail: 7
Episode: 2281, Reward: 64.3384, success: 19, fail: 6
Episode: 2282, Reward: 55.1944, success: 18, fail: 7
Episode: 2283, Reward: 34.7650, success: 16, fail: 9
Episode: 2284, Reward: 55.9530, success: 18, fail: 7
Episode: 2285, Reward: 65.9501, success: 19, fail: 6
Episode: 2286, Reward: 55.3097, success: 18, fail: 7
Episode: 2287, Reward: 44.5872, success: 17, fail: 8
Episode: 2288, Reward: 35.4043, success: 16, fail: 9
Episode: 2289, Reward: 56.3997, success: 18, fail: 7
Episode: 2290, Reward: 54.8634, success: 18, fail: 7
Episode: 2291, Reward: 45.2694, success: 17, fail: 8
Episode: 2292, Reward: 66.1644, success: 19, fail: 6
Episode: 2293, Reward: 55.5752, success: 18, fail: 7
Episode: 2294, Reward: 56.6441, success: 18, fail: 7
Episode: 2295, Reward: 65.5405, success: 19, fail: 6
Episode: 2296, Reward: 55.9670, success: 18, fail: 7
Episode: 2297, Reward: 65.9258, success: 19, fail: 6
Episode: 2298, Reward: 54.5120, success: 18, fail: 7
Episode: 2299, Reward: 55.4881, success: 18, fail: 7
Episode: 2300, Reward: 65.6157, success: 19, fail: 6
Episode: 2301, Reward: 75.0678, success: 20, fail: 5
Episode: 2302, Reward: 55.0191, success: 18, fail: 7
Episode: 2303, Reward: 64.7067, success: 19, fail: 6
Episode: 2304, Reward: 45.8116, success: 17, fail: 8
Episode: 2305, Reward: 54.2907, success: 18, fail: 7
Episode: 2306, Reward: 75.0503, success: 20, fail: 5
Episode: 2307, Reward: 55.8612, success: 18, fail: 7
Episode: 2308, Reward: 67.1314, success: 19, fail: 6
Episode: 2309, Reward: 55.3015, success: 18, fail: 7
Episode: 2310, Reward: 54.7637, success: 18, fail: 7
Episode: 2311, Reward: 55.8056, success: 18, fail: 7
Episode: 2312, Reward: 54.4160, success: 18, fail: 7
Episode: 2313, Reward: 44.8352, success: 17, fail: 8
Episode: 2314, Reward: 56.3250, success: 18, fail: 7
Episode: 2315, Reward: 25.1855, success: 15, fail: 10
Episode: 2316, Reward: 56.1279, success: 18, fail: 7
Episode: 2317, Reward: 44.3812, success: 17, fail: 8
Episode: 2318, Reward: 64.1093, success: 19, fail: 6
Episode: 2319, Reward: 45.0503, success: 17, fail: 8
Episode: 2320, Reward: 26.1421, success: 15, fail: 10
Episode: 2321, Reward: 36.4436, success: 16, fail: 9
Episode: 2322, Reward: 45.7247, success: 17, fail: 8
Episode: 2323, Reward: 43.7627, success: 17, fail: 8
Episode: 2324, Reward: 35.9927, success: 16, fail: 9
Episode: 2325, Reward: 64.9289, success: 19, fail: 6
Episode: 2326, Reward: 56.3010, success: 18, fail: 7
Episode: 2327, Reward: 34.7265, success: 16, fail: 9
Episode: 2328, Reward: 55.6753, success: 18, fail: 7
Episode: 2329, Reward: 56.5323, success: 18, fail: 7
Episode: 2330, Reward: 44.5186, success: 17, fail: 8
Episode: 2331, Reward: 45.2829, success: 17, fail: 8
Episode: 2332, Reward: 65.5109, success: 19, fail: 6
Episode: 2333, Reward: 55.7640, success: 18, fail: 7
Episode: 2334, Reward: 66.1492, success: 19, fail: 6
Episode: 2335, Reward: 46.0076, success: 17, fail: 8
Episode: 2336, Reward: 65.2814, success: 19, fail: 6
Episode: 2337, Reward: 45.5014, success: 17, fail: 8
Episode: 2338, Reward: 56.0339, success: 18, fail: 7
Episode: 2339, Reward: 75.0435, success: 20, fail: 5
Episode: 2340, Reward: 45.7229, success: 17, fail: 8
Episode: 2341, Reward: 44.7874, success: 17, fail: 8
Episode: 2342, Reward: 45.5869, success: 17, fail: 8
Episode: 2343, Reward: 55.3015, success: 18, fail: 7
Episode: 2344, Reward: 67.0167, success: 19, fail: 6
Episode: 2345, Reward: 55.4806, success: 18, fail: 7
Episode: 2346, Reward: 55.4170, success: 18, fail: 7
Episode: 2347, Reward: 55.6566, success: 18, fail: 7
Episode: 2348, Reward: 55.7195, success: 18, fail: 7
Episode: 2349, Reward: 55.7771, success: 18, fail: 7
Episode: 2350, Reward: 65.9609, success: 19, fail: 6
Episode: 2351, Reward: 75.9535, success: 20, fail: 5
Episode: 2352, Reward: 45.7549, success: 17, fail: 8
Episode: 2353, Reward: 45.4815, success: 17, fail: 8
Episode: 2354, Reward: 35.8806, success: 16, fail: 9
Episode: 2355, Reward: 65.5189, success: 19, fail: 6
Episode: 2356, Reward: 65.2760, success: 19, fail: 6
Episode: 2357, Reward: 55.9112, success: 18, fail: 7
Episode: 2358, Reward: 65.9032, success: 19, fail: 6
Episode: 2359, Reward: 45.6112, success: 17, fail: 8
Episode: 2360, Reward: 56.7927, success: 18, fail: 7
Episode: 2361, Reward: 56.1373, success: 18, fail: 7
Episode: 2362, Reward: 36.1962, success: 16, fail: 9
Episode: 2363, Reward: 56.0879, success: 18, fail: 7
Episode: 2364, Reward: 54.9542, success: 18, fail: 7
Episode: 2365, Reward: 56.1378, success: 18, fail: 7
Episode: 2366, Reward: 55.8268, success: 18, fail: 7
Episode: 2367, Reward: 56.2983, success: 18, fail: 7
Episode: 2368, Reward: 44.4391, success: 17, fail: 8
Episode: 2369, Reward: 55.1173, success: 18, fail: 7
Episode: 2370, Reward: 45.4279, success: 17, fail: 8
Episode: 2371, Reward: 54.8719, success: 18, fail: 7
Episode: 2372, Reward: 45.9028, success: 17, fail: 8
Episode: 2373, Reward: 46.6322, success: 17, fail: 8
Episode: 2374, Reward: 45.8980, success: 17, fail: 8
Episode: 2375, Reward: 55.8500, success: 18, fail: 7
Episode: 2376, Reward: 45.2522, success: 17, fail: 8
Episode: 2377, Reward: 56.0586, success: 18, fail: 7
Episode: 2378, Reward: 35.8882, success: 16, fail: 9
Episode: 2379, Reward: 55.9511, success: 18, fail: 7
Episode: 2380, Reward: 55.2416, success: 18, fail: 7
Episode: 2381, Reward: 35.5315, success: 16, fail: 9
Episode: 2382, Reward: 65.6697, success: 19, fail: 6
Episode: 2383, Reward: 77.1353, success: 20, fail: 5
Episode: 2384, Reward: 55.5837, success: 18, fail: 7
Episode: 2385, Reward: 26.4181, success: 15, fail: 10
Episode: 2386, Reward: 56.4955, success: 18, fail: 7
Episode: 2387, Reward: 65.8907, success: 19, fail: 6
Episode: 2388, Reward: 46.4825, success: 17, fail: 8
Episode: 2389, Reward: 47.0293, success: 17, fail: 8
Episode: 2390, Reward: 45.0726, success: 17, fail: 8
Episode: 2391, Reward: 46.3802, success: 17, fail: 8
Episode: 2392, Reward: 46.8737, success: 17, fail: 8
Episode: 2393, Reward: 55.7608, success: 18, fail: 7
Episode: 2394, Reward: 65.6498, success: 19, fail: 6
Episode: 2395, Reward: 46.2959, success: 17, fail: 8
Episode: 2396, Reward: 55.3482, success: 18, fail: 7
Episode: 2397, Reward: 55.1714, success: 18, fail: 7
Episode: 2398, Reward: 55.2974, success: 18, fail: 7
Episode: 2399, Reward: 45.3424, success: 17, fail: 8
Episode: 2400, Reward: 46.3524, success: 17, fail: 8
Episode: 2401, Reward: 46.3884, success: 17, fail: 8
Episode: 2402, Reward: 46.5876, success: 17, fail: 8
Episode: 2403, Reward: 56.6415, success: 18, fail: 7
Episode: 2404, Reward: 56.3583, success: 18, fail: 7
Episode: 2405, Reward: 45.6405, success: 17, fail: 8
Episode: 2406, Reward: 66.2179, success: 19, fail: 6
Episode: 2407, Reward: 56.2210, success: 18, fail: 7
Episode: 2408, Reward: 66.1493, success: 19, fail: 6
Episode: 2409, Reward: 45.7147, success: 17, fail: 8
Episode: 2410, Reward: 45.4810, success: 17, fail: 8
Episode: 2411, Reward: 35.7684, success: 16, fail: 9
Episode: 2412, Reward: 66.5757, success: 19, fail: 6
Episode: 2413, Reward: 64.8566, success: 19, fail: 6
Episode: 2414, Reward: 55.0992, success: 18, fail: 7
Episode: 2415, Reward: 56.1536, success: 18, fail: 7
Episode: 2416, Reward: 55.0537, success: 18, fail: 7
Episode: 2417, Reward: 45.9268, success: 17, fail: 8
Episode: 2418, Reward: 65.8481, success: 19, fail: 6
Episode: 2419, Reward: 55.9225, success: 18, fail: 7
Episode: 2420, Reward: 45.1439, success: 17, fail: 8
Episode: 2421, Reward: 55.7759, success: 18, fail: 7
Episode: 2422, Reward: 55.1648, success: 18, fail: 7
Episode: 2423, Reward: 46.0534, success: 17, fail: 8
Episode: 2424, Reward: 54.8668, success: 18, fail: 7
Episode: 2425, Reward: 55.3836, success: 18, fail: 7
Episode: 2426, Reward: 65.6590, success: 19, fail: 6
Episode: 2427, Reward: 45.4007, success: 17, fail: 8
Episode: 2428, Reward: 64.3048, success: 19, fail: 6
Episode: 2429, Reward: 45.0824, success: 17, fail: 8
Episode: 2430, Reward: 64.5457, success: 19, fail: 6
Episode: 2431, Reward: 65.1812, success: 19, fail: 6
Episode: 2432, Reward: 64.4952, success: 19, fail: 6
Episode: 2433, Reward: 46.3738, success: 17, fail: 8
Episode: 2434, Reward: 65.1462, success: 19, fail: 6
Episode: 2435, Reward: 36.0914, success: 16, fail: 9
Episode: 2436, Reward: 54.9095, success: 18, fail: 7
Episode: 2437, Reward: 55.8988, success: 18, fail: 7
Episode: 2438, Reward: 35.0717, success: 16, fail: 9
Episode: 2439, Reward: 65.3491, success: 19, fail: 6
Episode: 2440, Reward: 35.1566, success: 16, fail: 9
Episode: 2441, Reward: 65.5056, success: 19, fail: 6
Episode: 2442, Reward: 55.0224, success: 18, fail: 7
Episode: 2443, Reward: 65.0638, success: 19, fail: 6
Episode: 2444, Reward: 33.7924, success: 16, fail: 9
Episode: 2445, Reward: 56.2030, success: 18, fail: 7
Episode: 2446, Reward: 65.4300, success: 19, fail: 6
Episode: 2447, Reward: 55.0401, success: 18, fail: 7
Episode: 2448, Reward: 55.0600, success: 18, fail: 7
Episode: 2449, Reward: 65.4264, success: 19, fail: 6
Episode: 2450, Reward: 65.1153, success: 19, fail: 6
Episode: 2451, Reward: 46.3546, success: 17, fail: 8
Episode: 2452, Reward: 56.0141, success: 18, fail: 7
Episode: 2453, Reward: 66.4072, success: 19, fail: 6
Episode: 2454, Reward: 46.3164, success: 17, fail: 8
Episode: 2455, Reward: 56.4454, success: 18, fail: 7
Episode: 2456, Reward: 56.3994, success: 18, fail: 7
Episode: 2457, Reward: 46.7235, success: 17, fail: 8
Episode: 2458, Reward: 54.9484, success: 18, fail: 7
Episode: 2459, Reward: 56.3552, success: 18, fail: 7
Episode: 2460, Reward: 45.0081, success: 17, fail: 8
Episode: 2461, Reward: 45.3134, success: 17, fail: 8
Episode: 2462, Reward: 56.2507, success: 18, fail: 7
Episode: 2463, Reward: 46.3855, success: 17, fail: 8
Episode: 2464, Reward: 24.7652, success: 15, fail: 10
Episode: 2465, Reward: 46.1496, success: 17, fail: 8
Episode: 2466, Reward: 64.9240, success: 19, fail: 6
Episode: 2467, Reward: 64.8917, success: 19, fail: 6
Episode: 2468, Reward: 55.3658, success: 18, fail: 7
Episode: 2469, Reward: 45.4110, success: 17, fail: 8
Episode: 2470, Reward: 56.2283, success: 18, fail: 7
Episode: 2471, Reward: 55.8622, success: 18, fail: 7
Episode: 2472, Reward: 55.7929, success: 18, fail: 7
Episode: 2473, Reward: 66.6415, success: 19, fail: 6
Episode: 2474, Reward: 64.4426, success: 19, fail: 6
Episode: 2475, Reward: 65.5885, success: 19, fail: 6
Episode: 2476, Reward: 64.9975, success: 19, fail: 6
Episode: 2477, Reward: 55.5684, success: 18, fail: 7
Episode: 2478, Reward: 55.9014, success: 18, fail: 7
Episode: 2479, Reward: 45.8630, success: 17, fail: 8
Episode: 2480, Reward: 55.3740, success: 18, fail: 7
Episode: 2481, Reward: 64.7995, success: 19, fail: 6
Episode: 2482, Reward: 65.1996, success: 19, fail: 6
Episode: 2483, Reward: 64.0253, success: 19, fail: 6
Episode: 2484, Reward: 55.5390, success: 18, fail: 7
Episode: 2485, Reward: 65.7620, success: 19, fail: 6
Episode: 2486, Reward: 55.5140, success: 18, fail: 7
Episode: 2487, Reward: 65.9148, success: 19, fail: 6
Episode: 2488, Reward: 55.7303, success: 18, fail: 7
Episode: 2489, Reward: 55.0822, success: 18, fail: 7
Episode: 2490, Reward: 55.5050, success: 18, fail: 7
Episode: 2491, Reward: 65.6044, success: 19, fail: 6
Episode: 2492, Reward: 56.4193, success: 18, fail: 7
Episode: 2493, Reward: 56.3461, success: 18, fail: 7
Episode: 2494, Reward: 64.9434, success: 19, fail: 6
Episode: 2495, Reward: 65.2513, success: 19, fail: 6
Episode: 2496, Reward: 65.8960, success: 19, fail: 6
Episode: 2497, Reward: 36.0168, success: 16, fail: 9
Episode: 2498, Reward: 54.3415, success: 18, fail: 7
Episode: 2499, Reward: 35.7121, success: 16, fail: 9
Episode: 2500, Reward: 45.5653, success: 17, fail: 8
Episode: 2501, Reward: 64.8547, success: 19, fail: 6
Episode: 2502, Reward: 55.3422, success: 18, fail: 7
Episode: 2503, Reward: 65.4489, success: 19, fail: 6
Episode: 2504, Reward: 45.0517, success: 17, fail: 8
Episode: 2505, Reward: 56.3959, success: 18, fail: 7
Episode: 2506, Reward: 55.5390, success: 18, fail: 7
Episode: 2507, Reward: 66.3817, success: 19, fail: 6
Episode: 2508, Reward: 65.9476, success: 19, fail: 6
Episode: 2509, Reward: 55.4269, success: 18, fail: 7
Episode: 2510, Reward: 65.8633, success: 19, fail: 6
Episode: 2511, Reward: 55.3802, success: 18, fail: 7
Episode: 2512, Reward: 66.5194, success: 19, fail: 6
Episode: 2513, Reward: 65.3160, success: 19, fail: 6
Episode: 2514, Reward: 55.3852, success: 18, fail: 7
Episode: 2515, Reward: 65.1309, success: 19, fail: 6
Episode: 2516, Reward: 56.4257, success: 18, fail: 7
Episode: 2517, Reward: 56.4323, success: 18, fail: 7
Episode: 2518, Reward: 56.3009, success: 18, fail: 7
Episode: 2519, Reward: 65.0020, success: 19, fail: 6
Episode: 2520, Reward: 54.4130, success: 18, fail: 7
Episode: 2521, Reward: 65.4070, success: 19, fail: 6
Episode: 2522, Reward: 56.5539, success: 18, fail: 7
Episode: 2523, Reward: 45.7101, success: 17, fail: 8
Episode: 2524, Reward: 65.8174, success: 19, fail: 6
Episode: 2525, Reward: 54.6569, success: 18, fail: 7
Episode: 2526, Reward: 54.7591, success: 18, fail: 7
Episode: 2527, Reward: 56.3999, success: 18, fail: 7
Episode: 2528, Reward: 44.2697, success: 17, fail: 8
Episode: 2529, Reward: 55.6196, success: 18, fail: 7
Episode: 2530, Reward: 54.9258, success: 18, fail: 7
Episode: 2531, Reward: 56.1105, success: 18, fail: 7
Episode: 2532, Reward: 55.9514, success: 18, fail: 7
Episode: 2533, Reward: 64.8400, success: 19, fail: 6
Episode: 2534, Reward: 55.3130, success: 18, fail: 7
Episode: 2535, Reward: 54.6600, success: 18, fail: 7
Episode: 2536, Reward: 55.2349, success: 18, fail: 7
Episode: 2537, Reward: 45.5155, success: 17, fail: 8
Episode: 2538, Reward: 44.4584, success: 17, fail: 8
Episode: 2539, Reward: 54.6540, success: 18, fail: 7
Episode: 2540, Reward: 65.3329, success: 19, fail: 6
Episode: 2541, Reward: 56.2583, success: 18, fail: 7
Episode: 2542, Reward: 56.7746, success: 18, fail: 7
Episode: 2543, Reward: 56.0251, success: 18, fail: 7
Episode: 2544, Reward: 46.2403, success: 17, fail: 8
Episode: 2545, Reward: 45.2000, success: 17, fail: 8
Episode: 2546, Reward: 64.8336, success: 19, fail: 6
Episode: 2547, Reward: 45.4829, success: 17, fail: 8
Episode: 2548, Reward: 65.2641, success: 19, fail: 6
Episode: 2549, Reward: 56.1028, success: 18, fail: 7
Episode: 2550, Reward: 46.1115, success: 17, fail: 8
Episode: 2551, Reward: 55.8094, success: 18, fail: 7
Episode: 2552, Reward: 55.7513, success: 18, fail: 7
Episode: 2553, Reward: 45.7639, success: 17, fail: 8
Episode: 2554, Reward: 45.6453, success: 17, fail: 8
Episode: 2555, Reward: 55.8707, success: 18, fail: 7
Episode: 2556, Reward: 54.7092, success: 18, fail: 7
Episode: 2557, Reward: 55.0770, success: 18, fail: 7
Episode: 2558, Reward: 45.3323, success: 17, fail: 8
Episode: 2559, Reward: 44.9145, success: 17, fail: 8
Episode: 2560, Reward: 54.9755, success: 18, fail: 7
Episode: 2561, Reward: 45.4761, success: 17, fail: 8
Episode: 2562, Reward: 44.5448, success: 17, fail: 8
Episode: 2563, Reward: 55.9937, success: 18, fail: 7
Episode: 2564, Reward: 54.8022, success: 18, fail: 7
Episode: 2565, Reward: 44.4533, success: 17, fail: 8
Episode: 2566, Reward: 54.7114, success: 18, fail: 7
Episode: 2567, Reward: 45.5933, success: 17, fail: 8
Episode: 2568, Reward: 54.9800, success: 18, fail: 7
Episode: 2569, Reward: 55.5449, success: 18, fail: 7
Episode: 2570, Reward: 56.6476, success: 18, fail: 7
Episode: 2571, Reward: 35.7870, success: 16, fail: 9
Episode: 2572, Reward: 56.0103, success: 18, fail: 7
Episode: 2573, Reward: 55.0749, success: 18, fail: 7
Episode: 2574, Reward: 45.9627, success: 17, fail: 8
Episode: 2575, Reward: 54.6997, success: 18, fail: 7
Episode: 2576, Reward: 53.7609, success: 18, fail: 7
Episode: 2577, Reward: 55.8833, success: 18, fail: 7
Episode: 2578, Reward: 56.4646, success: 18, fail: 7
Episode: 2579, Reward: 45.2323, success: 17, fail: 8
Episode: 2580, Reward: 65.6430, success: 19, fail: 6
Episode: 2581, Reward: 45.3077, success: 17, fail: 8
Episode: 2582, Reward: 55.5571, success: 18, fail: 7
Episode: 2583, Reward: 54.3660, success: 18, fail: 7
Episode: 2584, Reward: 44.7877, success: 17, fail: 8
Episode: 2585, Reward: 55.2896, success: 18, fail: 7
Episode: 2586, Reward: 64.5900, success: 19, fail: 6
Episode: 2587, Reward: 55.4103, success: 18, fail: 7
Episode: 2588, Reward: 45.4888, success: 17, fail: 8
Episode: 2589, Reward: 45.5575, success: 17, fail: 8
Episode: 2590, Reward: 56.3206, success: 18, fail: 7
Episode: 2591, Reward: 55.6925, success: 18, fail: 7
Episode: 2592, Reward: 65.4509, success: 19, fail: 6
Episode: 2593, Reward: 56.9050, success: 18, fail: 7
Episode: 2594, Reward: 65.2295, success: 19, fail: 6
Episode: 2595, Reward: 54.9167, success: 18, fail: 7
Episode: 2596, Reward: 54.8520, success: 18, fail: 7
Episode: 2597, Reward: 45.8633, success: 17, fail: 8
Episode: 2598, Reward: 65.6877, success: 19, fail: 6
Episode: 2599, Reward: 56.2220, success: 18, fail: 7
Episode: 2600, Reward: 66.5552, success: 19, fail: 6
Episode: 2601, Reward: 55.7973, success: 18, fail: 7
Episode: 2602, Reward: 76.1904, success: 20, fail: 5
Episode: 2603, Reward: 45.7268, success: 17, fail: 8
Episode: 2604, Reward: 64.9835, success: 19, fail: 6
Episode: 2605, Reward: 55.1073, success: 18, fail: 7
Episode: 2606, Reward: 65.4134, success: 19, fail: 6
Episode: 2607, Reward: 66.2414, success: 19, fail: 6
Episode: 2608, Reward: 55.5595, success: 18, fail: 7
Episode: 2609, Reward: 54.5741, success: 18, fail: 7
Episode: 2610, Reward: 56.2221, success: 18, fail: 7
Episode: 2611, Reward: 45.7766, success: 17, fail: 8
Episode: 2612, Reward: 64.5425, success: 19, fail: 6
Episode: 2613, Reward: 55.5623, success: 18, fail: 7
Episode: 2614, Reward: 75.2383, success: 20, fail: 5
Episode: 2615, Reward: 55.5027, success: 18, fail: 7
Episode: 2616, Reward: 66.0621, success: 19, fail: 6
Episode: 2617, Reward: 66.5160, success: 19, fail: 6
Episode: 2618, Reward: 55.7194, success: 18, fail: 7
Episode: 2619, Reward: 65.3170, success: 19, fail: 6
Episode: 2620, Reward: 66.6849, success: 19, fail: 6
Episode: 2621, Reward: 65.7782, success: 19, fail: 6
Episode: 2622, Reward: 46.7737, success: 17, fail: 8
Episode: 2623, Reward: 66.2401, success: 19, fail: 6
Episode: 2624, Reward: 66.9399, success: 19, fail: 6
Episode: 2625, Reward: 56.6571, success: 18, fail: 7
Episode: 2626, Reward: 55.2911, success: 18, fail: 7
Episode: 2627, Reward: 55.2343, success: 18, fail: 7
Episode: 2628, Reward: 45.8736, success: 17, fail: 8
Episode: 2629, Reward: 65.2378, success: 19, fail: 6
Episode: 2630, Reward: 45.5637, success: 17, fail: 8
Episode: 2631, Reward: 36.8698, success: 16, fail: 9
Episode: 2632, Reward: 45.4968, success: 17, fail: 8
Episode: 2633, Reward: 46.1461, success: 17, fail: 8
Episode: 2634, Reward: 45.7317, success: 17, fail: 8
Episode: 2635, Reward: 46.1951, success: 17, fail: 8
Episode: 2636, Reward: 25.7538, success: 15, fail: 10
Episode: 2637, Reward: 55.8140, success: 18, fail: 7
Episode: 2638, Reward: 35.6939, success: 16, fail: 9
Episode: 2639, Reward: 56.8525, success: 18, fail: 7
Episode: 2640, Reward: 46.2690, success: 17, fail: 8
Episode: 2641, Reward: 55.7253, success: 18, fail: 7
Episode: 2642, Reward: 56.8466, success: 18, fail: 7
Episode: 2643, Reward: 55.2798, success: 18, fail: 7
Episode: 2644, Reward: 64.6292, success: 19, fail: 6
Episode: 2645, Reward: 55.8559, success: 18, fail: 7
Episode: 2646, Reward: 65.4730, success: 19, fail: 6
Episode: 2647, Reward: 45.1301, success: 17, fail: 8
Episode: 2648, Reward: 35.2364, success: 16, fail: 9
Episode: 2649, Reward: 45.1216, success: 17, fail: 8
Episode: 2650, Reward: 56.6273, success: 18, fail: 7
Episode: 2651, Reward: 45.5298, success: 17, fail: 8
Episode: 2652, Reward: 65.4974, success: 19, fail: 6
Episode: 2653, Reward: 55.0190, success: 18, fail: 7
Episode: 2654, Reward: 35.8808, success: 16, fail: 9
Episode: 2655, Reward: 44.7713, success: 17, fail: 8
Episode: 2656, Reward: 45.6301, success: 17, fail: 8
Episode: 2657, Reward: 55.5239, success: 18, fail: 7
Episode: 2658, Reward: 45.2708, success: 17, fail: 8
Episode: 2659, Reward: 56.0480, success: 18, fail: 7
Episode: 2660, Reward: 76.0726, success: 20, fail: 5
Episode: 2661, Reward: 66.2537, success: 19, fail: 6
Episode: 2662, Reward: 35.2275, success: 16, fail: 9
Episode: 2663, Reward: 55.1122, success: 18, fail: 7
Episode: 2664, Reward: 46.0959, success: 17, fail: 8
Episode: 2665, Reward: 56.9008, success: 18, fail: 7
Episode: 2666, Reward: 65.1443, success: 19, fail: 6
Episode: 2667, Reward: 55.7765, success: 18, fail: 7
Episode: 2668, Reward: 44.8087, success: 17, fail: 8
Episode: 2669, Reward: 55.7573, success: 18, fail: 7
Episode: 2670, Reward: 55.9144, success: 18, fail: 7
Episode: 2671, Reward: 44.6952, success: 17, fail: 8
Episode: 2672, Reward: 45.3673, success: 17, fail: 8
Episode: 2673, Reward: 54.9033, success: 18, fail: 7
Episode: 2674, Reward: 56.0274, success: 18, fail: 7
Episode: 2675, Reward: 65.2085, success: 19, fail: 6
Episode: 2676, Reward: 45.4430, success: 17, fail: 8
Episode: 2677, Reward: 44.3023, success: 17, fail: 8
Episode: 2678, Reward: 26.3158, success: 15, fail: 10
Episode: 2679, Reward: 65.9050, success: 19, fail: 6
Episode: 2680, Reward: 45.3805, success: 17, fail: 8
Episode: 2681, Reward: 65.8738, success: 19, fail: 6
Episode: 2682, Reward: 35.7627, success: 16, fail: 9
Episode: 2683, Reward: 56.1722, success: 18, fail: 7
Episode: 2684, Reward: 64.6069, success: 19, fail: 6
Episode: 2685, Reward: 56.1242, success: 18, fail: 7
Episode: 2686, Reward: 54.9398, success: 18, fail: 7
Episode: 2687, Reward: 54.4387, success: 18, fail: 7
Episode: 2688, Reward: 45.4179, success: 17, fail: 8
Episode: 2689, Reward: 45.6703, success: 17, fail: 8
Episode: 2690, Reward: 45.8110, success: 17, fail: 8
Episode: 2691, Reward: 64.6270, success: 19, fail: 6
Episode: 2692, Reward: 55.3626, success: 18, fail: 7
Episode: 2693, Reward: 34.3733, success: 16, fail: 9
Episode: 2694, Reward: 45.6424, success: 17, fail: 8
Episode: 2695, Reward: 56.3984, success: 18, fail: 7
Episode: 2696, Reward: 65.5887, success: 19, fail: 6
Episode: 2697, Reward: 56.4113, success: 18, fail: 7
Episode: 2698, Reward: 45.3129, success: 17, fail: 8
Episode: 2699, Reward: 36.1902, success: 16, fail: 9
Episode: 2700, Reward: 65.1870, success: 19, fail: 6
Episode: 2701, Reward: 44.6576, success: 17, fail: 8
Episode: 2702, Reward: 55.3633, success: 18, fail: 7
Episode: 2703, Reward: 25.4692, success: 15, fail: 10
Episode: 2704, Reward: 55.3554, success: 18, fail: 7
Episode: 2705, Reward: 45.2226, success: 17, fail: 8
Episode: 2706, Reward: 55.0279, success: 18, fail: 7
Episode: 2707, Reward: 65.4551, success: 19, fail: 6
Episode: 2708, Reward: 55.3224, success: 18, fail: 7
Episode: 2709, Reward: 54.3023, success: 18, fail: 7
Episode: 2710, Reward: 36.2745, success: 16, fail: 9
Episode: 2711, Reward: 55.9940, success: 18, fail: 7
Episode: 2712, Reward: 54.0178, success: 18, fail: 7
Episode: 2713, Reward: 44.7569, success: 17, fail: 8
Episode: 2714, Reward: 65.0444, success: 19, fail: 6
Episode: 2715, Reward: 55.8246, success: 18, fail: 7
Episode: 2716, Reward: 24.3420, success: 15, fail: 10
Episode: 2717, Reward: 46.2490, success: 17, fail: 8
Episode: 2718, Reward: 55.4429, success: 18, fail: 7
Episode: 2719, Reward: 55.5346, success: 18, fail: 7
Episode: 2720, Reward: 36.6599, success: 16, fail: 9
Episode: 2721, Reward: 64.6915, success: 19, fail: 6
Episode: 2722, Reward: 45.5593, success: 17, fail: 8
Episode: 2723, Reward: 44.2500, success: 17, fail: 8
Episode: 2724, Reward: 45.6670, success: 17, fail: 8
Episode: 2725, Reward: 55.3044, success: 18, fail: 7
Episode: 2726, Reward: 25.8516, success: 15, fail: 10
Episode: 2727, Reward: 36.2310, success: 16, fail: 9
Episode: 2728, Reward: 45.0172, success: 17, fail: 8
Episode: 2729, Reward: 55.1854, success: 18, fail: 7
Episode: 2730, Reward: 56.3397, success: 18, fail: 7
Episode: 2731, Reward: 54.6901, success: 18, fail: 7
Episode: 2732, Reward: 53.8954, success: 18, fail: 7
Episode: 2733, Reward: 54.2509, success: 18, fail: 7
Episode: 2734, Reward: 56.0205, success: 18, fail: 7
Episode: 2735, Reward: 44.7146, success: 17, fail: 8
Episode: 2736, Reward: 24.7019, success: 15, fail: 10
Episode: 2737, Reward: 55.3000, success: 18, fail: 7
Episode: 2738, Reward: 66.0726, success: 19, fail: 6
Episode: 2739, Reward: 55.0296, success: 18, fail: 7
Episode: 2740, Reward: 55.6959, success: 18, fail: 7
Episode: 2741, Reward: 45.4489, success: 17, fail: 8
Episode: 2742, Reward: 46.6585, success: 17, fail: 8
Episode: 2743, Reward: 44.8039, success: 17, fail: 8
Episode: 2744, Reward: 65.2361, success: 19, fail: 6
Episode: 2745, Reward: 46.1391, success: 17, fail: 8
Episode: 2746, Reward: 66.0538, success: 19, fail: 6
Episode: 2747, Reward: 45.2866, success: 17, fail: 8
Episode: 2748, Reward: 45.6294, success: 17, fail: 8
Episode: 2749, Reward: 54.6545, success: 18, fail: 7
Episode: 2750, Reward: 55.7225, success: 18, fail: 7
Episode: 2751, Reward: 45.5775, success: 17, fail: 8
Episode: 2752, Reward: 46.3608, success: 17, fail: 8
Episode: 2753, Reward: 45.9531, success: 17, fail: 8
Episode: 2754, Reward: 36.4936, success: 16, fail: 9
Episode: 2755, Reward: 56.9232, success: 18, fail: 7
Episode: 2756, Reward: 25.8955, success: 15, fail: 10
Episode: 2757, Reward: 55.4441, success: 18, fail: 7
Episode: 2758, Reward: 65.0186, success: 19, fail: 6
Episode: 2759, Reward: 45.5874, success: 17, fail: 8
Episode: 2760, Reward: 14.1777, success: 14, fail: 11
Episode: 2761, Reward: 37.1081, success: 16, fail: 9
Episode: 2762, Reward: 46.6074, success: 17, fail: 8
Episode: 2763, Reward: 46.5799, success: 17, fail: 8
Episode: 2764, Reward: 46.4848, success: 17, fail: 8
Episode: 2765, Reward: 56.3967, success: 18, fail: 7
Episode: 2766, Reward: 35.4830, success: 16, fail: 9
Episode: 2767, Reward: 46.0289, success: 17, fail: 8
Episode: 2768, Reward: 35.5835, success: 16, fail: 9
Episode: 2769, Reward: 45.3313, success: 17, fail: 8
Episode: 2770, Reward: 45.3407, success: 17, fail: 8
Episode: 2771, Reward: 26.8118, success: 15, fail: 10
Episode: 2772, Reward: 26.5008, success: 15, fail: 10
Episode: 2773, Reward: 15.7493, success: 14, fail: 11
Episode: 2774, Reward: 56.5181, success: 18, fail: 7
Episode: 2775, Reward: 35.4281, success: 16, fail: 9
Episode: 2776, Reward: 46.7713, success: 17, fail: 8
Episode: 2777, Reward: 25.0362, success: 15, fail: 10
Episode: 2778, Reward: 35.8718, success: 16, fail: 9
Episode: 2779, Reward: 25.5159, success: 15, fail: 10
Episode: 2780, Reward: 45.7212, success: 17, fail: 8
Episode: 2781, Reward: 25.5004, success: 15, fail: 10
Episode: 2782, Reward: 46.8520, success: 17, fail: 8
Episode: 2783, Reward: 34.8224, success: 16, fail: 9
Episode: 2784, Reward: 46.2061, success: 17, fail: 8
Episode: 2785, Reward: 36.6577, success: 16, fail: 9
Episode: 2786, Reward: 56.3903, success: 18, fail: 7
Episode: 2787, Reward: 36.0403, success: 16, fail: 9
Episode: 2788, Reward: 55.6496, success: 18, fail: 7
Episode: 2789, Reward: 24.3836, success: 15, fail: 10
Episode: 2790, Reward: 35.7466, success: 16, fail: 9
Episode: 2791, Reward: 35.0932, success: 16, fail: 9
Episode: 2792, Reward: 35.4993, success: 16, fail: 9
Episode: 2793, Reward: 33.6933, success: 16, fail: 9
Episode: 2794, Reward: 46.5118, success: 17, fail: 8
Episode: 2795, Reward: 34.4774, success: 16, fail: 9
Episode: 2796, Reward: 55.3286, success: 18, fail: 7
Episode: 2797, Reward: 56.2544, success: 18, fail: 7
Episode: 2798, Reward: 55.6186, success: 18, fail: 7
Episode: 2799, Reward: 57.4168, success: 18, fail: 7
Episode: 2800, Reward: 44.5980, success: 17, fail: 8
Episode: 2801, Reward: 57.3262, success: 18, fail: 7
Episode: 2802, Reward: 43.6266, success: 17, fail: 8
Episode: 2803, Reward: 34.9752, success: 16, fail: 9
Episode: 2804, Reward: 36.2032, success: 16, fail: 9
Episode: 2805, Reward: 55.3934, success: 18, fail: 7
Episode: 2806, Reward: 34.4359, success: 16, fail: 9
Episode: 2807, Reward: 35.4106, success: 16, fail: 9
Episode: 2808, Reward: 56.4954, success: 18, fail: 7
Episode: 2809, Reward: 65.5905, success: 19, fail: 6
Episode: 2810, Reward: 34.4830, success: 16, fail: 9
Episode: 2811, Reward: 35.6722, success: 16, fail: 9
Episode: 2812, Reward: 46.7599, success: 17, fail: 8
Episode: 2813, Reward: 45.3185, success: 17, fail: 8
Episode: 2814, Reward: 65.9789, success: 19, fail: 6
Episode: 2815, Reward: 46.5376, success: 17, fail: 8
Episode: 2816, Reward: 56.2251, success: 18, fail: 7
Episode: 2817, Reward: 54.8765, success: 18, fail: 7
Episode: 2818, Reward: 46.2166, success: 17, fail: 8
Episode: 2819, Reward: 35.5063, success: 16, fail: 9
Episode: 2820, Reward: 35.9921, success: 16, fail: 9
Episode: 2821, Reward: 45.2330, success: 17, fail: 8
Episode: 2822, Reward: 45.0708, success: 17, fail: 8
Episode: 2823, Reward: 55.9164, success: 18, fail: 7
Episode: 2824, Reward: 67.4606, success: 19, fail: 6
Episode: 2825, Reward: 55.8836, success: 18, fail: 7
Episode: 2826, Reward: 35.6376, success: 16, fail: 9
Episode: 2827, Reward: 34.6306, success: 16, fail: 9
Episode: 2828, Reward: 55.1868, success: 18, fail: 7
Episode: 2829, Reward: 34.5455, success: 16, fail: 9
Episode: 2830, Reward: 45.6423, success: 17, fail: 8
Episode: 2831, Reward: 37.2558, success: 16, fail: 9
Episode: 2832, Reward: 35.4606, success: 16, fail: 9
Episode: 2833, Reward: 65.9151, success: 19, fail: 6
Episode: 2834, Reward: 77.2375, success: 20, fail: 5
Episode: 2835, Reward: 45.9780, success: 17, fail: 8
Episode: 2836, Reward: 44.4881, success: 17, fail: 8
Episode: 2837, Reward: 46.0983, success: 17, fail: 8
Episode: 2838, Reward: 26.7756, success: 15, fail: 10
Episode: 2839, Reward: 26.2413, success: 15, fail: 10
Episode: 2840, Reward: 35.6192, success: 16, fail: 9
Episode: 2841, Reward: 26.6075, success: 15, fail: 10
Episode: 2842, Reward: 45.8255, success: 17, fail: 8
Episode: 2843, Reward: 36.2973, success: 16, fail: 9
Episode: 2844, Reward: 56.7566, success: 18, fail: 7
Episode: 2845, Reward: 35.5858, success: 16, fail: 9
Episode: 2846, Reward: 55.8682, success: 18, fail: 7
Episode: 2847, Reward: 35.2506, success: 16, fail: 9
Episode: 2848, Reward: 36.4719, success: 16, fail: 9
Episode: 2849, Reward: 46.0838, success: 17, fail: 8
Episode: 2850, Reward: 44.5218, success: 17, fail: 8
Episode: 2851, Reward: 36.7004, success: 16, fail: 9
Episode: 2852, Reward: 34.6538, success: 16, fail: 9
Episode: 2853, Reward: 25.1254, success: 15, fail: 10
Episode: 2854, Reward: 26.3087, success: 15, fail: 10
Episode: 2855, Reward: 35.6031, success: 16, fail: 9
Episode: 2856, Reward: 45.0479, success: 17, fail: 8
Episode: 2857, Reward: 54.5996, success: 18, fail: 7
Episode: 2858, Reward: 56.3847, success: 18, fail: 7
Episode: 2859, Reward: 54.9741, success: 18, fail: 7
Episode: 2860, Reward: 45.6510, success: 17, fail: 8
Episode: 2861, Reward: 56.2836, success: 18, fail: 7
Episode: 2862, Reward: 46.4725, success: 17, fail: 8
Episode: 2863, Reward: 35.4858, success: 16, fail: 9
Episode: 2864, Reward: 55.5877, success: 18, fail: 7
Episode: 2865, Reward: 46.5316, success: 17, fail: 8
Episode: 2866, Reward: 56.6916, success: 18, fail: 7
Episode: 2867, Reward: 56.2297, success: 18, fail: 7
Episode: 2868, Reward: 55.1085, success: 18, fail: 7
Episode: 2869, Reward: 55.5583, success: 18, fail: 7
Episode: 2870, Reward: 66.2283, success: 19, fail: 6
Episode: 2871, Reward: 35.7739, success: 16, fail: 9
Episode: 2872, Reward: 45.4934, success: 17, fail: 8
Episode: 2873, Reward: 65.8687, success: 19, fail: 6
Episode: 2874, Reward: 35.9632, success: 16, fail: 9
Episode: 2875, Reward: 26.3394, success: 15, fail: 10
Episode: 2876, Reward: 36.3524, success: 16, fail: 9
Episode: 2877, Reward: 35.3515, success: 16, fail: 9
Episode: 2878, Reward: 64.8935, success: 19, fail: 6
Episode: 2879, Reward: 45.9829, success: 17, fail: 8
Episode: 2880, Reward: 35.6213, success: 16, fail: 9
Episode: 2881, Reward: 35.4070, success: 16, fail: 9
Episode: 2882, Reward: 55.7377, success: 18, fail: 7
Episode: 2883, Reward: 55.7939, success: 18, fail: 7
Episode: 2884, Reward: 44.2702, success: 17, fail: 8
Episode: 2885, Reward: 43.8130, success: 17, fail: 8
Episode: 2886, Reward: 56.3714, success: 18, fail: 7
Episode: 2887, Reward: 66.2779, success: 19, fail: 6
Episode: 2888, Reward: 46.0053, success: 17, fail: 8
Episode: 2889, Reward: 55.6829, success: 18, fail: 7
Episode: 2890, Reward: 34.9451, success: 16, fail: 9
Episode: 2891, Reward: 56.0152, success: 18, fail: 7
Episode: 2892, Reward: 36.1187, success: 16, fail: 9
Episode: 2893, Reward: 54.5925, success: 18, fail: 7
Episode: 2894, Reward: 26.4830, success: 15, fail: 10
Episode: 2895, Reward: 44.3377, success: 17, fail: 8
Episode: 2896, Reward: 36.7282, success: 16, fail: 9
Episode: 2897, Reward: 45.1681, success: 17, fail: 8
Episode: 2898, Reward: 54.9698, success: 18, fail: 7
Episode: 2899, Reward: 55.3061, success: 18, fail: 7
Episode: 2900, Reward: 45.7536, success: 17, fail: 8
Episode: 2901, Reward: 55.5402, success: 18, fail: 7
Episode: 2902, Reward: 45.7312, success: 17, fail: 8
Episode: 2903, Reward: 56.2025, success: 18, fail: 7
Episode: 2904, Reward: 45.4267, success: 17, fail: 8
Episode: 2905, Reward: 45.6149, success: 17, fail: 8
Episode: 2906, Reward: 44.8781, success: 17, fail: 8
Episode: 2907, Reward: 35.3784, success: 16, fail: 9
Episode: 2908, Reward: 35.2728, success: 16, fail: 9
Episode: 2909, Reward: 35.7920, success: 16, fail: 9
Episode: 2910, Reward: 45.2686, success: 17, fail: 8
Episode: 2911, Reward: 35.0055, success: 16, fail: 9
Episode: 2912, Reward: 45.4456, success: 17, fail: 8
Episode: 2913, Reward: 45.4297, success: 17, fail: 8
Episode: 2914, Reward: 65.2163, success: 19, fail: 6
Episode: 2915, Reward: 45.9282, success: 17, fail: 8
Episode: 2916, Reward: 35.8303, success: 16, fail: 9
Episode: 2917, Reward: 55.5840, success: 18, fail: 7
Episode: 2918, Reward: 46.1393, success: 17, fail: 8
Episode: 2919, Reward: 45.8732, success: 17, fail: 8
Episode: 2920, Reward: 36.1060, success: 16, fail: 9
Episode: 2921, Reward: 34.6217, success: 16, fail: 9
Episode: 2922, Reward: 25.8945, success: 15, fail: 10
Episode: 2923, Reward: 66.1139, success: 19, fail: 6
Episode: 2924, Reward: 55.1278, success: 18, fail: 7
Episode: 2925, Reward: 54.3408, success: 18, fail: 7
Episode: 2926, Reward: 33.9126, success: 16, fail: 9
Episode: 2927, Reward: 35.6616, success: 16, fail: 9
Episode: 2928, Reward: 24.1748, success: 15, fail: 10
Episode: 2929, Reward: 36.7865, success: 16, fail: 9
Episode: 2930, Reward: 45.7840, success: 17, fail: 8
Episode: 2931, Reward: 36.0000, success: 16, fail: 9
Episode: 2932, Reward: 55.6282, success: 18, fail: 7
Episode: 2933, Reward: 44.9867, success: 17, fail: 8
Episode: 2934, Reward: 45.0202, success: 17, fail: 8
Episode: 2935, Reward: 36.1613, success: 16, fail: 9
Episode: 2936, Reward: 45.9607, success: 17, fail: 8
Episode: 2937, Reward: 66.9735, success: 19, fail: 6
Episode: 2938, Reward: 46.4974, success: 17, fail: 8
Episode: 2939, Reward: 46.6017, success: 17, fail: 8
Episode: 2940, Reward: 45.8338, success: 17, fail: 8
Episode: 2941, Reward: 44.5539, success: 17, fail: 8
Episode: 2942, Reward: 55.4510, success: 18, fail: 7
Episode: 2943, Reward: 35.8396, success: 16, fail: 9
Episode: 2944, Reward: 46.8539, success: 17, fail: 8
Episode: 2945, Reward: 45.5872, success: 17, fail: 8
Episode: 2946, Reward: 46.0899, success: 17, fail: 8
Episode: 2947, Reward: 55.6509, success: 18, fail: 7
Episode: 2948, Reward: 34.9427, success: 16, fail: 9
Episode: 2949, Reward: 45.3799, success: 17, fail: 8
Episode: 2950, Reward: 45.7590, success: 17, fail: 8
Episode: 2951, Reward: 36.0529, success: 16, fail: 9
Episode: 2952, Reward: 45.8584, success: 17, fail: 8
Episode: 2953, Reward: 55.2031, success: 18, fail: 7
Episode: 2954, Reward: 55.4173, success: 18, fail: 7
Episode: 2955, Reward: 35.7752, success: 16, fail: 9
Episode: 2956, Reward: 46.2460, success: 17, fail: 8
Episode: 2957, Reward: 36.3751, success: 16, fail: 9
Episode: 2958, Reward: 45.5189, success: 17, fail: 8
Episode: 2959, Reward: 35.5106, success: 16, fail: 9
Episode: 2960, Reward: 55.8938, success: 18, fail: 7
Episode: 2961, Reward: 45.0872, success: 17, fail: 8
Episode: 2962, Reward: 55.7392, success: 18, fail: 7
Episode: 2963, Reward: 35.5391, success: 16, fail: 9
Episode: 2964, Reward: 45.0111, success: 17, fail: 8
Episode: 2965, Reward: 45.9311, success: 17, fail: 8
Episode: 2966, Reward: 45.7781, success: 17, fail: 8
Episode: 2967, Reward: 25.8192, success: 15, fail: 10
Episode: 2968, Reward: 55.5853, success: 18, fail: 7
Episode: 2969, Reward: 23.6243, success: 15, fail: 10
Episode: 2970, Reward: 56.2935, success: 18, fail: 7
Episode: 2971, Reward: 54.9509, success: 18, fail: 7
Episode: 2972, Reward: 45.1079, success: 17, fail: 8
Episode: 2973, Reward: 36.1147, success: 16, fail: 9
Episode: 2974, Reward: 44.4023, success: 17, fail: 8
Episode: 2975, Reward: 45.2135, success: 17, fail: 8
Episode: 2976, Reward: 35.6968, success: 16, fail: 9
Episode: 2977, Reward: 46.1390, success: 17, fail: 8
Episode: 2978, Reward: 65.2565, success: 19, fail: 6
Episode: 2979, Reward: 34.9467, success: 16, fail: 9
Episode: 2980, Reward: 44.6897, success: 17, fail: 8
Episode: 2981, Reward: 45.8308, success: 17, fail: 8
Episode: 2982, Reward: 56.1434, success: 18, fail: 7
Episode: 2983, Reward: 56.0598, success: 18, fail: 7
Episode: 2984, Reward: 46.1741, success: 17, fail: 8
Episode: 2985, Reward: 55.6430, success: 18, fail: 7
Episode: 2986, Reward: 65.2961, success: 19, fail: 6
Episode: 2987, Reward: 65.1378, success: 19, fail: 6
Episode: 2988, Reward: 35.3985, success: 16, fail: 9
Episode: 2989, Reward: 35.6677, success: 16, fail: 9
Episode: 2990, Reward: 55.4294, success: 18, fail: 7
Episode: 2991, Reward: 35.0349, success: 16, fail: 9
Episode: 2992, Reward: 35.8070, success: 16, fail: 9
Episode: 2993, Reward: 36.4214, success: 16, fail: 9
Episode: 2994, Reward: 44.2193, success: 17, fail: 8
Episode: 2995, Reward: 45.0863, success: 17, fail: 8
Episode: 2996, Reward: 24.6375, success: 15, fail: 10
Episode: 2997, Reward: 36.2036, success: 16, fail: 9
Episode: 2998, Reward: 45.6291, success: 17, fail: 8
Episode: 2999, Reward: 55.8425, success: 18, fail: 7
Episode: 3000, Reward: 45.5989, success: 17, fail: 8
Episode: 3001, Reward: 45.6562, success: 17, fail: 8
Episode: 3002, Reward: 66.1030, success: 19, fail: 6
Episode: 3003, Reward: 45.6719, success: 17, fail: 8
Episode: 3004, Reward: 45.5239, success: 17, fail: 8
Episode: 3005, Reward: 56.2072, success: 18, fail: 7
Episode: 3006, Reward: 55.7532, success: 18, fail: 7
Episode: 3007, Reward: 44.8800, success: 17, fail: 8
Episode: 3008, Reward: 64.8517, success: 19, fail: 6
Episode: 3009, Reward: 45.7910, success: 17, fail: 8
Episode: 3010, Reward: 36.3206, success: 16, fail: 9
Episode: 3011, Reward: 56.5657, success: 18, fail: 7
Episode: 3012, Reward: 44.6055, success: 17, fail: 8
Episode: 3013, Reward: 34.7428, success: 16, fail: 9
Episode: 3014, Reward: 35.1507, success: 16, fail: 9
Episode: 3015, Reward: 44.8247, success: 17, fail: 8
Episode: 3016, Reward: 54.3535, success: 18, fail: 7
Episode: 3017, Reward: 35.0977, success: 16, fail: 9
Episode: 3018, Reward: 64.8167, success: 19, fail: 6
Episode: 3019, Reward: 35.7751, success: 16, fail: 9
Episode: 3020, Reward: 45.5941, success: 17, fail: 8
Episode: 3021, Reward: 56.3368, success: 18, fail: 7
Episode: 3022, Reward: 55.1979, success: 18, fail: 7
Episode: 3023, Reward: 55.2926, success: 18, fail: 7
Episode: 3024, Reward: 56.0058, success: 18, fail: 7
Episode: 3025, Reward: 35.5634, success: 16, fail: 9
Episode: 3026, Reward: 45.4698, success: 17, fail: 8
Episode: 3027, Reward: 55.6829, success: 18, fail: 7
Episode: 3028, Reward: 65.3264, success: 19, fail: 6
Episode: 3029, Reward: 75.9929, success: 20, fail: 5
Episode: 3030, Reward: 55.7851, success: 18, fail: 7
Episode: 3031, Reward: 65.3383, success: 19, fail: 6
Episode: 3032, Reward: 45.6010, success: 17, fail: 8
Episode: 3033, Reward: 65.6945, success: 19, fail: 6
Episode: 3034, Reward: 55.9229, success: 18, fail: 7
Episode: 3035, Reward: 65.1619, success: 19, fail: 6
Episode: 3036, Reward: 55.4919, success: 18, fail: 7
Episode: 3037, Reward: 55.7536, success: 18, fail: 7
Episode: 3038, Reward: 65.2089, success: 19, fail: 6
Episode: 3039, Reward: 55.5194, success: 18, fail: 7
Episode: 3040, Reward: 35.8885, success: 16, fail: 9
Episode: 3041, Reward: 55.2591, success: 18, fail: 7
Episode: 3042, Reward: 44.8598, success: 17, fail: 8
Episode: 3043, Reward: 55.1267, success: 18, fail: 7
Episode: 3044, Reward: 64.7239, success: 19, fail: 6
Episode: 3045, Reward: 46.1514, success: 17, fail: 8
Episode: 3046, Reward: 64.6634, success: 19, fail: 6
Episode: 3047, Reward: 65.4100, success: 19, fail: 6
Episode: 3048, Reward: 43.8690, success: 17, fail: 8
Episode: 3049, Reward: 35.3092, success: 16, fail: 9
Episode: 3050, Reward: 44.9272, success: 17, fail: 8
Episode: 3051, Reward: 45.9985, success: 17, fail: 8
Episode: 3052, Reward: 45.1272, success: 17, fail: 8
Episode: 3053, Reward: 35.7417, success: 16, fail: 9
Episode: 3054, Reward: 56.4739, success: 18, fail: 7
Episode: 3055, Reward: 64.8886, success: 19, fail: 6
Episode: 3056, Reward: 75.7752, success: 20, fail: 5
Episode: 3057, Reward: 55.4485, success: 18, fail: 7
Episode: 3058, Reward: 55.4576, success: 18, fail: 7
Episode: 3059, Reward: 35.5886, success: 16, fail: 9
Episode: 3060, Reward: 43.3754, success: 17, fail: 8
Episode: 3061, Reward: 65.4708, success: 19, fail: 6
Episode: 3062, Reward: 45.6965, success: 17, fail: 8
Episode: 3063, Reward: 56.6200, success: 18, fail: 7
Episode: 3064, Reward: 45.2317, success: 17, fail: 8
Episode: 3065, Reward: 34.6469, success: 16, fail: 9
Episode: 3066, Reward: 45.2033, success: 17, fail: 8
Episode: 3067, Reward: 65.5185, success: 19, fail: 6
Episode: 3068, Reward: 54.5231, success: 18, fail: 7
Episode: 3069, Reward: 55.0310, success: 18, fail: 7
Episode: 3070, Reward: 75.2719, success: 20, fail: 5
Episode: 3071, Reward: 54.4688, success: 18, fail: 7
Episode: 3072, Reward: 46.3113, success: 17, fail: 8
Episode: 3073, Reward: 66.4170, success: 19, fail: 6
Episode: 3074, Reward: 56.1781, success: 18, fail: 7
Episode: 3075, Reward: 55.8869, success: 18, fail: 7
Episode: 3076, Reward: 65.2313, success: 19, fail: 6
Episode: 3077, Reward: 54.6288, success: 18, fail: 7
Episode: 3078, Reward: 54.7139, success: 18, fail: 7
Episode: 3079, Reward: 55.0902, success: 18, fail: 7
Episode: 3080, Reward: 54.2585, success: 18, fail: 7
Episode: 3081, Reward: 55.8055, success: 18, fail: 7
Episode: 3082, Reward: 44.7803, success: 17, fail: 8
Episode: 3083, Reward: 54.2034, success: 18, fail: 7
Episode: 3084, Reward: 45.4124, success: 17, fail: 8
Episode: 3085, Reward: 63.7010, success: 19, fail: 6
Episode: 3086, Reward: 55.1783, success: 18, fail: 7
Episode: 3087, Reward: 63.4357, success: 19, fail: 6
Episode: 3088, Reward: 54.7477, success: 18, fail: 7
Episode: 3089, Reward: 54.7965, success: 18, fail: 7
Episode: 3090, Reward: 64.7286, success: 19, fail: 6
Episode: 3091, Reward: 45.8730, success: 17, fail: 8
Episode: 3092, Reward: 55.5066, success: 18, fail: 7
Episode: 3093, Reward: 56.1317, success: 18, fail: 7
Episode: 3094, Reward: 65.3796, success: 19, fail: 6
Episode: 3095, Reward: 54.8747, success: 18, fail: 7
Episode: 3096, Reward: 55.8694, success: 18, fail: 7
Episode: 3097, Reward: 45.2496, success: 17, fail: 8
Episode: 3098, Reward: 64.9544, success: 19, fail: 6
Episode: 3099, Reward: 55.6640, success: 18, fail: 7
Episode: 3100, Reward: 54.9873, success: 18, fail: 7
Episode: 3101, Reward: 45.0536, success: 17, fail: 8
Episode: 3102, Reward: 55.9540, success: 18, fail: 7
Episode: 3103, Reward: 74.8153, success: 20, fail: 5
Episode: 3104, Reward: 65.7378, success: 19, fail: 6
Episode: 3105, Reward: 65.2827, success: 19, fail: 6
Episode: 3106, Reward: 44.0081, success: 17, fail: 8
Episode: 3107, Reward: 54.4732, success: 18, fail: 7
Episode: 3108, Reward: 53.7604, success: 18, fail: 7
Episode: 3109, Reward: 35.6915, success: 16, fail: 9
Episode: 3110, Reward: 63.8817, success: 19, fail: 6
Episode: 3111, Reward: 65.4941, success: 19, fail: 6
Episode: 3112, Reward: 64.9492, success: 19, fail: 6
Episode: 3113, Reward: 64.7800, success: 19, fail: 6
Episode: 3114, Reward: 76.4925, success: 20, fail: 5
Episode: 3115, Reward: 64.8017, success: 19, fail: 6
Episode: 3116, Reward: 55.2938, success: 18, fail: 7
Episode: 3117, Reward: 54.5539, success: 18, fail: 7
Episode: 3118, Reward: 65.7835, success: 19, fail: 6
Episode: 3119, Reward: 54.6894, success: 18, fail: 7
Episode: 3120, Reward: 35.2930, success: 16, fail: 9
Episode: 3121, Reward: 55.3013, success: 18, fail: 7
Episode: 3122, Reward: 54.8155, success: 18, fail: 7
Episode: 3123, Reward: 45.4992, success: 17, fail: 8
Episode: 3124, Reward: 43.8290, success: 17, fail: 8
Episode: 3125, Reward: 64.9769, success: 19, fail: 6
Episode: 3126, Reward: 54.6209, success: 18, fail: 7
Episode: 3127, Reward: 76.1051, success: 20, fail: 5
Episode: 3128, Reward: 64.5505, success: 19, fail: 6
Episode: 3129, Reward: 75.8139, success: 20, fail: 5
Episode: 3130, Reward: 54.6075, success: 18, fail: 7
Episode: 3131, Reward: 55.4780, success: 18, fail: 7
Episode: 3132, Reward: 65.1207, success: 19, fail: 6
Episode: 3133, Reward: 66.0134, success: 19, fail: 6
Episode: 3134, Reward: 63.6478, success: 19, fail: 6
Episode: 3135, Reward: 55.8084, success: 18, fail: 7
Episode: 3136, Reward: 65.8489, success: 19, fail: 6
Episode: 3137, Reward: 55.7129, success: 18, fail: 7
Episode: 3138, Reward: 65.7636, success: 19, fail: 6
Episode: 3139, Reward: 66.4091, success: 19, fail: 6
Episode: 3140, Reward: 55.0886, success: 18, fail: 7
Episode: 3141, Reward: 65.3046, success: 19, fail: 6
Episode: 3142, Reward: 54.5822, success: 18, fail: 7
Episode: 3143, Reward: 64.2530, success: 19, fail: 6
Episode: 3144, Reward: 55.1483, success: 18, fail: 7
Episode: 3145, Reward: 46.0340, success: 17, fail: 8
Episode: 3146, Reward: 45.5004, success: 17, fail: 8
Episode: 3147, Reward: 55.3161, success: 18, fail: 7
Episode: 3148, Reward: 44.7991, success: 17, fail: 8
Episode: 3149, Reward: 65.6726, success: 19, fail: 6
Episode: 3150, Reward: 54.8344, success: 18, fail: 7
Episode: 3151, Reward: 65.7086, success: 19, fail: 6
Episode: 3152, Reward: 44.6478, success: 17, fail: 8
Episode: 3153, Reward: 45.4038, success: 17, fail: 8
Episode: 3154, Reward: 54.6307, success: 18, fail: 7
Episode: 3155, Reward: 64.5096, success: 19, fail: 6
Episode: 3156, Reward: 55.4569, success: 18, fail: 7
Episode: 3157, Reward: 65.0343, success: 19, fail: 6
Episode: 3158, Reward: 44.4436, success: 17, fail: 8
Episode: 3159, Reward: 74.2940, success: 20, fail: 5
Episode: 3160, Reward: 45.3929, success: 17, fail: 8
Episode: 3161, Reward: 74.5028, success: 20, fail: 5
Episode: 3162, Reward: 54.3544, success: 18, fail: 7
Episode: 3163, Reward: 75.3096, success: 20, fail: 5
Episode: 3164, Reward: 54.5393, success: 18, fail: 7
Episode: 3165, Reward: 64.4030, success: 19, fail: 6
Episode: 3166, Reward: 64.2320, success: 19, fail: 6
Episode: 3167, Reward: 65.5046, success: 19, fail: 6
Episode: 3168, Reward: 64.1511, success: 19, fail: 6
Episode: 3169, Reward: 56.0164, success: 18, fail: 7
Episode: 3170, Reward: 74.1042, success: 20, fail: 5
Episode: 3171, Reward: 74.6626, success: 20, fail: 5
Episode: 3172, Reward: 67.0454, success: 19, fail: 6
Episode: 3173, Reward: 75.3872, success: 20, fail: 5
Episode: 3174, Reward: 64.7577, success: 19, fail: 6
Episode: 3175, Reward: 45.3159, success: 17, fail: 8
Episode: 3176, Reward: 45.3948, success: 17, fail: 8
Episode: 3177, Reward: 65.0902, success: 19, fail: 6
Episode: 3178, Reward: 64.8409, success: 19, fail: 6
Episode: 3179, Reward: 65.3240, success: 19, fail: 6
Episode: 3180, Reward: 65.4846, success: 19, fail: 6
Episode: 3181, Reward: 36.2342, success: 16, fail: 9
Episode: 3182, Reward: 44.5797, success: 17, fail: 8
Episode: 3183, Reward: 55.4134, success: 18, fail: 7
Episode: 3184, Reward: 54.7008, success: 18, fail: 7
Episode: 3185, Reward: 64.3244, success: 19, fail: 6
Episode: 3186, Reward: 55.3509, success: 18, fail: 7
Episode: 3187, Reward: 54.4335, success: 18, fail: 7
Episode: 3188, Reward: 65.4786, success: 19, fail: 6
Episode: 3189, Reward: 54.7294, success: 18, fail: 7
Episode: 3190, Reward: 44.9469, success: 17, fail: 8
Episode: 3191, Reward: 64.5502, success: 19, fail: 6
Episode: 3192, Reward: 55.4901, success: 18, fail: 7
Episode: 3193, Reward: 64.9271, success: 19, fail: 6
Episode: 3194, Reward: 63.9736, success: 19, fail: 6
Episode: 3195, Reward: 63.8339, success: 19, fail: 6
Episode: 3196, Reward: 65.4109, success: 19, fail: 6
Episode: 3197, Reward: 75.9314, success: 20, fail: 5
Episode: 3198, Reward: 64.7956, success: 19, fail: 6
Episode: 3199, Reward: 85.8762, success: 21, fail: 4
Episode: 3200, Reward: 74.7484, success: 20, fail: 5
Episode: 3201, Reward: 54.9428, success: 18, fail: 7
Episode: 3202, Reward: 46.0786, success: 17, fail: 8
Episode: 3203, Reward: 54.3531, success: 18, fail: 7
Episode: 3204, Reward: 54.3568, success: 18, fail: 7
Episode: 3205, Reward: 44.8081, success: 17, fail: 8
Episode: 3206, Reward: 45.0225, success: 17, fail: 8
Episode: 3207, Reward: 53.4007, success: 18, fail: 7
Episode: 3208, Reward: 63.6283, success: 19, fail: 6
Episode: 3209, Reward: 55.5826, success: 18, fail: 7
Episode: 3210, Reward: 64.8257, success: 19, fail: 6
Episode: 3211, Reward: 54.9513, success: 18, fail: 7
Episode: 3212, Reward: 54.9413, success: 18, fail: 7
Episode: 3213, Reward: 64.5552, success: 19, fail: 6
Episode: 3214, Reward: 55.2432, success: 18, fail: 7
Episode: 3215, Reward: 53.7420, success: 18, fail: 7
Episode: 3216, Reward: 53.8931, success: 18, fail: 7
Episode: 3217, Reward: 64.1154, success: 19, fail: 6
Episode: 3218, Reward: 64.2552, success: 19, fail: 6
Episode: 3219, Reward: 54.9630, success: 18, fail: 7
Episode: 3220, Reward: 55.9214, success: 18, fail: 7
Episode: 3221, Reward: 55.8324, success: 18, fail: 7
Episode: 3222, Reward: 55.0445, success: 18, fail: 7
Episode: 3223, Reward: 65.5255, success: 19, fail: 6
Episode: 3224, Reward: 24.8451, success: 15, fail: 10
Episode: 3225, Reward: 65.3742, success: 19, fail: 6
Episode: 3226, Reward: 65.1212, success: 19, fail: 6
Episode: 3227, Reward: 54.7652, success: 18, fail: 7
Episode: 3228, Reward: 46.2262, success: 17, fail: 8
Episode: 3229, Reward: 54.8683, success: 18, fail: 7
Episode: 3230, Reward: 45.5918, success: 17, fail: 8
Episode: 3231, Reward: 65.3905, success: 19, fail: 6
Episode: 3232, Reward: 65.8531, success: 19, fail: 6
Episode: 3233, Reward: 64.7767, success: 19, fail: 6
Episode: 3234, Reward: 44.7343, success: 17, fail: 8
Episode: 3235, Reward: 54.8099, success: 18, fail: 7
Episode: 3236, Reward: 55.6561, success: 18, fail: 7
Episode: 3237, Reward: 65.3971, success: 19, fail: 6
Episode: 3238, Reward: 55.1494, success: 18, fail: 7
Episode: 3239, Reward: 43.6648, success: 17, fail: 8
Episode: 3240, Reward: 65.1374, success: 19, fail: 6
Episode: 3241, Reward: 64.6181, success: 19, fail: 6
Episode: 3242, Reward: 45.4571, success: 17, fail: 8
Episode: 3243, Reward: 44.9626, success: 17, fail: 8
Episode: 3244, Reward: 53.9316, success: 18, fail: 7
Episode: 3245, Reward: 55.6528, success: 18, fail: 7
Episode: 3246, Reward: 64.8548, success: 19, fail: 6
Episode: 3247, Reward: 44.5884, success: 17, fail: 8
Episode: 3248, Reward: 54.9884, success: 18, fail: 7
Episode: 3249, Reward: 55.1109, success: 18, fail: 7
Episode: 3250, Reward: 54.2739, success: 18, fail: 7
Episode: 3251, Reward: 55.2378, success: 18, fail: 7
Episode: 3252, Reward: 64.2751, success: 19, fail: 6
Episode: 3253, Reward: 55.9603, success: 18, fail: 7
Episode: 3254, Reward: 65.1472, success: 19, fail: 6
Episode: 3255, Reward: 43.6426, success: 17, fail: 8
Episode: 3256, Reward: 55.0053, success: 18, fail: 7
Episode: 3257, Reward: 64.7053, success: 19, fail: 6
Episode: 3258, Reward: 64.5860, success: 19, fail: 6
Episode: 3259, Reward: 65.2236, success: 19, fail: 6
Episode: 3260, Reward: 64.0964, success: 19, fail: 6
Episode: 3261, Reward: 74.3176, success: 20, fail: 5
Episode: 3262, Reward: 65.3079, success: 19, fail: 6
Episode: 3263, Reward: 45.8537, success: 17, fail: 8
Episode: 3264, Reward: 54.6284, success: 18, fail: 7
Episode: 3265, Reward: 54.4506, success: 18, fail: 7
Episode: 3266, Reward: 64.9640, success: 19, fail: 6
Episode: 3267, Reward: 54.3858, success: 18, fail: 7
Episode: 3268, Reward: 45.4989, success: 17, fail: 8
Episode: 3269, Reward: 35.2486, success: 16, fail: 9
Episode: 3270, Reward: 55.0418, success: 18, fail: 7
Episode: 3271, Reward: 54.3876, success: 18, fail: 7
Episode: 3272, Reward: 65.7562, success: 19, fail: 6
Episode: 3273, Reward: 64.9808, success: 19, fail: 6
Episode: 3274, Reward: 64.1068, success: 19, fail: 6
Episode: 3275, Reward: 55.5331, success: 18, fail: 7
Episode: 3276, Reward: 43.9009, success: 17, fail: 8
Episode: 3277, Reward: 55.7599, success: 18, fail: 7
Episode: 3278, Reward: 55.4981, success: 18, fail: 7
Episode: 3279, Reward: 54.2183, success: 18, fail: 7
Episode: 3280, Reward: 45.6350, success: 17, fail: 8
Episode: 3281, Reward: 45.6736, success: 17, fail: 8
Episode: 3282, Reward: 34.9941, success: 16, fail: 9
Episode: 3283, Reward: 34.7344, success: 16, fail: 9
Episode: 3284, Reward: 64.8974, success: 19, fail: 6
Episode: 3285, Reward: 64.4195, success: 19, fail: 6
Episode: 3286, Reward: 55.5902, success: 18, fail: 7
Episode: 3287, Reward: 63.1793, success: 19, fail: 6
Episode: 3288, Reward: 65.2474, success: 19, fail: 6
Episode: 3289, Reward: 65.6156, success: 19, fail: 6
Episode: 3290, Reward: 64.8453, success: 19, fail: 6
Episode: 3291, Reward: 75.8023, success: 20, fail: 5
Episode: 3292, Reward: 65.6276, success: 19, fail: 6
Episode: 3293, Reward: 54.7122, success: 18, fail: 7
Episode: 3294, Reward: 55.2178, success: 18, fail: 7
Episode: 3295, Reward: 54.3672, success: 18, fail: 7
Episode: 3296, Reward: 44.2160, success: 17, fail: 8
Episode: 3297, Reward: 55.4492, success: 18, fail: 7
Episode: 3298, Reward: 66.2337, success: 19, fail: 6
Episode: 3299, Reward: 63.1535, success: 19, fail: 6
Episode: 3300, Reward: 65.6919, success: 19, fail: 6
Episode: 3301, Reward: 73.4437, success: 20, fail: 5
Episode: 3302, Reward: 63.3402, success: 19, fail: 6
Episode: 3303, Reward: 65.6808, success: 19, fail: 6
Episode: 3304, Reward: 54.7090, success: 18, fail: 7
Episode: 3305, Reward: 45.0112, success: 17, fail: 8
Episode: 3306, Reward: 45.7049, success: 17, fail: 8
Episode: 3307, Reward: 65.4527, success: 19, fail: 6
Episode: 3308, Reward: 53.1220, success: 18, fail: 7
Episode: 3309, Reward: 53.4581, success: 18, fail: 7
Episode: 3310, Reward: 44.2388, success: 17, fail: 8
Episode: 3311, Reward: 64.6851, success: 19, fail: 6
Episode: 3312, Reward: 53.8905, success: 18, fail: 7
Episode: 3313, Reward: 54.3631, success: 18, fail: 7
Episode: 3314, Reward: 74.1834, success: 20, fail: 5
Episode: 3315, Reward: 64.2764, success: 19, fail: 6
Episode: 3316, Reward: 53.2103, success: 18, fail: 7
Episode: 3317, Reward: 54.2493, success: 18, fail: 7
Episode: 3318, Reward: 64.4460, success: 19, fail: 6
Episode: 3319, Reward: 45.4324, success: 17, fail: 8
Episode: 3320, Reward: 54.9047, success: 18, fail: 7
Episode: 3321, Reward: 45.1133, success: 17, fail: 8
Episode: 3322, Reward: 44.6350, success: 17, fail: 8
Episode: 3323, Reward: 54.3562, success: 18, fail: 7
Episode: 3324, Reward: 55.4749, success: 18, fail: 7
Episode: 3325, Reward: 53.7799, success: 18, fail: 7
Episode: 3326, Reward: 44.6565, success: 17, fail: 8
Episode: 3327, Reward: 54.9349, success: 18, fail: 7
Episode: 3328, Reward: 55.2677, success: 18, fail: 7
Episode: 3329, Reward: 64.3983, success: 19, fail: 6
Episode: 3330, Reward: 54.4386, success: 18, fail: 7
Episode: 3331, Reward: 55.6400, success: 18, fail: 7
Episode: 3332, Reward: 44.8887, success: 17, fail: 8
Episode: 3333, Reward: 54.6477, success: 18, fail: 7
Episode: 3334, Reward: 74.4325, success: 20, fail: 5
Episode: 3335, Reward: 65.5169, success: 19, fail: 6
Episode: 3336, Reward: 54.3818, success: 18, fail: 7
Episode: 3337, Reward: 54.0160, success: 18, fail: 7
Episode: 3338, Reward: 64.5371, success: 19, fail: 6
Episode: 3339, Reward: 65.2037, success: 19, fail: 6
Episode: 3340, Reward: 44.4508, success: 17, fail: 8
Episode: 3341, Reward: 44.4536, success: 17, fail: 8
Episode: 3342, Reward: 64.8014, success: 19, fail: 6
Episode: 3343, Reward: 55.3673, success: 18, fail: 7
Episode: 3344, Reward: 65.3189, success: 19, fail: 6
Episode: 3345, Reward: 64.4351, success: 19, fail: 6
Episode: 3346, Reward: 56.4144, success: 18, fail: 7
Episode: 3347, Reward: 55.6808, success: 18, fail: 7
Episode: 3348, Reward: 64.6986, success: 19, fail: 6
Episode: 3349, Reward: 54.8659, success: 18, fail: 7
Episode: 3350, Reward: 54.5361, success: 18, fail: 7
Episode: 3351, Reward: 65.2650, success: 19, fail: 6
Episode: 3352, Reward: 63.6952, success: 19, fail: 6
Episode: 3353, Reward: 64.4112, success: 19, fail: 6
Episode: 3354, Reward: 46.1906, success: 17, fail: 8
Episode: 3355, Reward: 54.2230, success: 18, fail: 7
Episode: 3356, Reward: 54.9571, success: 18, fail: 7
Episode: 3357, Reward: 75.2966, success: 20, fail: 5
Episode: 3358, Reward: 64.0443, success: 19, fail: 6
Episode: 3359, Reward: 56.1603, success: 18, fail: 7
Episode: 3360, Reward: 35.3376, success: 16, fail: 9
Episode: 3361, Reward: 44.7395, success: 17, fail: 8
Episode: 3362, Reward: 54.4885, success: 18, fail: 7
Episode: 3363, Reward: 66.3885, success: 19, fail: 6
Episode: 3364, Reward: 65.4085, success: 19, fail: 6
Episode: 3365, Reward: 55.6602, success: 18, fail: 7
Episode: 3366, Reward: 65.4289, success: 19, fail: 6
Episode: 3367, Reward: 54.3476, success: 18, fail: 7
Episode: 3368, Reward: 65.6951, success: 19, fail: 6
Episode: 3369, Reward: 55.8389, success: 18, fail: 7
Episode: 3370, Reward: 55.5876, success: 18, fail: 7
Episode: 3371, Reward: 45.5626, success: 17, fail: 8
Episode: 3372, Reward: 55.3361, success: 18, fail: 7
Episode: 3373, Reward: 55.3237, success: 18, fail: 7
Episode: 3374, Reward: 45.8398, success: 17, fail: 8
Episode: 3375, Reward: 56.0936, success: 18, fail: 7
Episode: 3376, Reward: 54.9054, success: 18, fail: 7
Episode: 3377, Reward: 75.5437, success: 20, fail: 5
Episode: 3378, Reward: 45.8057, success: 17, fail: 8
Episode: 3379, Reward: 65.9246, success: 19, fail: 6
Episode: 3380, Reward: 64.9247, success: 19, fail: 6
Episode: 3381, Reward: 65.3714, success: 19, fail: 6
Episode: 3382, Reward: 65.5796, success: 19, fail: 6
Episode: 3383, Reward: 65.8021, success: 19, fail: 6
Episode: 3384, Reward: 64.8859, success: 19, fail: 6
Episode: 3385, Reward: 55.9685, success: 18, fail: 7
Episode: 3386, Reward: 65.0722, success: 19, fail: 6
Episode: 3387, Reward: 55.6485, success: 18, fail: 7
Episode: 3388, Reward: 44.8454, success: 17, fail: 8
Episode: 3389, Reward: 54.7832, success: 18, fail: 7
Episode: 3390, Reward: 56.1012, success: 18, fail: 7
Episode: 3391, Reward: 55.3226, success: 18, fail: 7
Episode: 3392, Reward: 65.4580, success: 19, fail: 6
Episode: 3393, Reward: 44.9306, success: 17, fail: 8
Episode: 3394, Reward: 55.2200, success: 18, fail: 7
Episode: 3395, Reward: 65.9470, success: 19, fail: 6
Episode: 3396, Reward: 64.5517, success: 19, fail: 6
Episode: 3397, Reward: 54.8299, success: 18, fail: 7
Episode: 3398, Reward: 65.2068, success: 19, fail: 6
Episode: 3399, Reward: 45.3737, success: 17, fail: 8
Episode: 3400, Reward: 45.9601, success: 17, fail: 8
Episode: 3401, Reward: 65.4360, success: 19, fail: 6
Episode: 3402, Reward: 56.1263, success: 18, fail: 7
Episode: 3403, Reward: 66.0191, success: 19, fail: 6
Episode: 3404, Reward: 55.5422, success: 18, fail: 7
Episode: 3405, Reward: 75.1010, success: 20, fail: 5
Episode: 3406, Reward: 55.0773, success: 18, fail: 7
Episode: 3407, Reward: 55.5145, success: 18, fail: 7
Episode: 3408, Reward: 45.5270, success: 17, fail: 8
Episode: 3409, Reward: 35.7332, success: 16, fail: 9
Episode: 3410, Reward: 55.4688, success: 18, fail: 7
Episode: 3411, Reward: 75.8241, success: 20, fail: 5
Episode: 3412, Reward: 55.7675, success: 18, fail: 7
Episode: 3413, Reward: 56.2110, success: 18, fail: 7
Episode: 3414, Reward: 65.6267, success: 19, fail: 6
Episode: 3415, Reward: 55.9640, success: 18, fail: 7
Episode: 3416, Reward: 45.7646, success: 17, fail: 8
Episode: 3417, Reward: 35.5409, success: 16, fail: 9
Episode: 3418, Reward: 75.2091, success: 20, fail: 5
Episode: 3419, Reward: 56.0514, success: 18, fail: 7
Episode: 3420, Reward: 76.5227, success: 20, fail: 5
Episode: 3421, Reward: 55.0911, success: 18, fail: 7
Episode: 3422, Reward: 65.8277, success: 19, fail: 6
Episode: 3423, Reward: 66.2869, success: 19, fail: 6
Episode: 3424, Reward: 55.6853, success: 18, fail: 7
Episode: 3425, Reward: 56.0634, success: 18, fail: 7
Episode: 3426, Reward: 65.7658, success: 19, fail: 6
Episode: 3427, Reward: 65.2927, success: 19, fail: 6
Episode: 3428, Reward: 45.4798, success: 17, fail: 8
Episode: 3429, Reward: 66.4636, success: 19, fail: 6
Episode: 3430, Reward: 65.1333, success: 19, fail: 6
Episode: 3431, Reward: 44.6331, success: 17, fail: 8
Episode: 3432, Reward: 55.5478, success: 18, fail: 7
Episode: 3433, Reward: 55.8986, success: 18, fail: 7
Episode: 3434, Reward: 55.2265, success: 18, fail: 7
Episode: 3435, Reward: 45.0162, success: 17, fail: 8
Episode: 3436, Reward: 45.6964, success: 17, fail: 8
Episode: 3437, Reward: 45.7077, success: 17, fail: 8
Episode: 3438, Reward: 46.3780, success: 17, fail: 8
Episode: 3439, Reward: 55.3369, success: 18, fail: 7
Episode: 3440, Reward: 35.7758, success: 16, fail: 9
Episode: 3441, Reward: 55.3468, success: 18, fail: 7
Episode: 3442, Reward: 56.0988, success: 18, fail: 7
Episode: 3443, Reward: 45.1318, success: 17, fail: 8
Episode: 3444, Reward: 45.2338, success: 17, fail: 8
Episode: 3445, Reward: 55.9492, success: 18, fail: 7
Episode: 3446, Reward: 46.0275, success: 17, fail: 8
Episode: 3447, Reward: 45.0655, success: 17, fail: 8
Episode: 3448, Reward: 45.7540, success: 17, fail: 8
Episode: 3449, Reward: 45.7077, success: 17, fail: 8
Episode: 3450, Reward: 45.7330, success: 17, fail: 8
Episode: 3451, Reward: 45.7996, success: 17, fail: 8
Episode: 3452, Reward: 56.3391, success: 18, fail: 7
Episode: 3453, Reward: 46.4292, success: 17, fail: 8
Episode: 3454, Reward: 45.9804, success: 17, fail: 8
Episode: 3455, Reward: 46.2453, success: 17, fail: 8
Episode: 3456, Reward: 56.0529, success: 18, fail: 7
Episode: 3457, Reward: 46.5640, success: 17, fail: 8
Episode: 3458, Reward: 35.3566, success: 16, fail: 9
Episode: 3459, Reward: 46.2728, success: 17, fail: 8
Episode: 3460, Reward: 46.2924, success: 17, fail: 8
Episode: 3461, Reward: 55.8357, success: 18, fail: 7
Episode: 3462, Reward: 45.7188, success: 17, fail: 8
Episode: 3463, Reward: 47.1838, success: 17, fail: 8
Episode: 3464, Reward: 45.4641, success: 17, fail: 8
Episode: 3465, Reward: 44.8578, success: 17, fail: 8
Episode: 3466, Reward: 45.1247, success: 17, fail: 8
Episode: 3467, Reward: 64.3865, success: 19, fail: 6
Episode: 3468, Reward: 46.2807, success: 17, fail: 8
Episode: 3469, Reward: 45.0496, success: 17, fail: 8
Episode: 3470, Reward: 35.4256, success: 16, fail: 9
Episode: 3471, Reward: 46.8661, success: 17, fail: 8
Episode: 3472, Reward: 46.4281, success: 17, fail: 8
Episode: 3473, Reward: 54.9726, success: 18, fail: 7
Episode: 3474, Reward: 54.7655, success: 18, fail: 7
Episode: 3475, Reward: 45.5618, success: 17, fail: 8
Episode: 3476, Reward: 35.4503, success: 16, fail: 9
Episode: 3477, Reward: 46.1693, success: 17, fail: 8
Episode: 3478, Reward: 55.3120, success: 18, fail: 7
Episode: 3479, Reward: 64.5099, success: 19, fail: 6
Episode: 3480, Reward: 55.7095, success: 18, fail: 7
Episode: 3481, Reward: 65.3972, success: 19, fail: 6
Episode: 3482, Reward: 45.6245, success: 17, fail: 8
Episode: 3483, Reward: 76.1854, success: 20, fail: 5
Episode: 3484, Reward: 36.2560, success: 16, fail: 9
Episode: 3485, Reward: 56.5496, success: 18, fail: 7
Episode: 3486, Reward: 56.2931, success: 18, fail: 7
Episode: 3487, Reward: 65.7056, success: 19, fail: 6
Episode: 3488, Reward: 54.6411, success: 18, fail: 7
Episode: 3489, Reward: 44.8081, success: 17, fail: 8
Episode: 3490, Reward: 45.1778, success: 17, fail: 8
Episode: 3491, Reward: 45.3023, success: 17, fail: 8
Episode: 3492, Reward: 55.6665, success: 18, fail: 7
Episode: 3493, Reward: 54.6939, success: 18, fail: 7
Episode: 3494, Reward: 45.1480, success: 17, fail: 8
Episode: 3495, Reward: 35.7752, success: 16, fail: 9
Episode: 3496, Reward: 46.0384, success: 17, fail: 8
Episode: 3497, Reward: 56.3067, success: 18, fail: 7
Episode: 3498, Reward: 55.4277, success: 18, fail: 7
Episode: 3499, Reward: 56.5048, success: 18, fail: 7
Episode: 3500, Reward: 45.9217, success: 17, fail: 8
Episode: 3501, Reward: 55.9028, success: 18, fail: 7
Episode: 3502, Reward: 56.2583, success: 18, fail: 7
Episode: 3503, Reward: 56.4506, success: 18, fail: 7
Episode: 3504, Reward: 35.9923, success: 16, fail: 9
Episode: 3505, Reward: 56.0780, success: 18, fail: 7
Episode: 3506, Reward: 47.1331, success: 17, fail: 8
Episode: 3507, Reward: 66.0094, success: 19, fail: 6
Episode: 3508, Reward: 45.6659, success: 17, fail: 8
Episode: 3509, Reward: 55.6144, success: 18, fail: 7
Episode: 3510, Reward: 46.4078, success: 17, fail: 8
Episode: 3511, Reward: 55.8818, success: 18, fail: 7
Episode: 3512, Reward: 55.9505, success: 18, fail: 7
Episode: 3513, Reward: 66.4595, success: 19, fail: 6
Episode: 3514, Reward: 46.0834, success: 17, fail: 8
Episode: 3515, Reward: 55.8718, success: 18, fail: 7
Episode: 3516, Reward: 46.1007, success: 17, fail: 8
Episode: 3517, Reward: 55.7661, success: 18, fail: 7
Episode: 3518, Reward: 65.7459, success: 19, fail: 6
Episode: 3519, Reward: 57.0321, success: 18, fail: 7
Episode: 3520, Reward: 55.5629, success: 18, fail: 7
Episode: 3521, Reward: 45.8462, success: 17, fail: 8
Episode: 3522, Reward: 75.0958, success: 20, fail: 5
Episode: 3523, Reward: 45.5002, success: 17, fail: 8
Episode: 3524, Reward: 56.0195, success: 18, fail: 7
Episode: 3525, Reward: 45.3624, success: 17, fail: 8
Episode: 3526, Reward: 36.0105, success: 16, fail: 9
Episode: 3527, Reward: 55.6584, success: 18, fail: 7
Episode: 3528, Reward: 45.5048, success: 17, fail: 8
Episode: 3529, Reward: 65.4637, success: 19, fail: 6
Episode: 3530, Reward: 45.9516, success: 17, fail: 8
Episode: 3531, Reward: 46.3047, success: 17, fail: 8
Episode: 3532, Reward: 54.7933, success: 18, fail: 7
Episode: 3533, Reward: 57.0104, success: 18, fail: 7
Episode: 3534, Reward: 47.0061, success: 17, fail: 8
Episode: 3535, Reward: 55.4575, success: 18, fail: 7
Episode: 3536, Reward: 65.6988, success: 19, fail: 6
Episode: 3537, Reward: 66.1116, success: 19, fail: 6
Episode: 3538, Reward: 57.3802, success: 18, fail: 7
Episode: 3539, Reward: 55.5349, success: 18, fail: 7
Episode: 3540, Reward: 64.7369, success: 19, fail: 6
Episode: 3541, Reward: 55.1354, success: 18, fail: 7
Episode: 3542, Reward: 55.2709, success: 18, fail: 7
Episode: 3543, Reward: 55.9436, success: 18, fail: 7
Episode: 3544, Reward: 66.1713, success: 19, fail: 6
Episode: 3545, Reward: 45.3851, success: 17, fail: 8
Episode: 3546, Reward: 55.2862, success: 18, fail: 7
Episode: 3547, Reward: 56.2068, success: 18, fail: 7
Episode: 3548, Reward: 45.6236, success: 17, fail: 8
Episode: 3549, Reward: 56.4001, success: 18, fail: 7
Episode: 3550, Reward: 55.7873, success: 18, fail: 7
Episode: 3551, Reward: 56.3412, success: 18, fail: 7
Episode: 3552, Reward: 36.1811, success: 16, fail: 9
Episode: 3553, Reward: 36.5168, success: 16, fail: 9
Episode: 3554, Reward: 36.2533, success: 16, fail: 9
Episode: 3555, Reward: 55.4661, success: 18, fail: 7
Episode: 3556, Reward: 56.1980, success: 18, fail: 7
Episode: 3557, Reward: 55.4255, success: 18, fail: 7
Episode: 3558, Reward: 55.8670, success: 18, fail: 7
Episode: 3559, Reward: 46.4937, success: 17, fail: 8
Episode: 3560, Reward: 55.9297, success: 18, fail: 7
Episode: 3561, Reward: 35.8927, success: 16, fail: 9
Episode: 3562, Reward: 65.3799, success: 19, fail: 6
Episode: 3563, Reward: 55.8497, success: 18, fail: 7
Episode: 3564, Reward: 56.6441, success: 18, fail: 7
Episode: 3565, Reward: 45.8668, success: 17, fail: 8
Episode: 3566, Reward: 66.4124, success: 19, fail: 6
Episode: 3567, Reward: 55.6729, success: 18, fail: 7
Episode: 3568, Reward: 55.6121, success: 18, fail: 7
Episode: 3569, Reward: 55.2210, success: 18, fail: 7
Episode: 3570, Reward: 56.8655, success: 18, fail: 7
Episode: 3571, Reward: 56.4531, success: 18, fail: 7
Episode: 3572, Reward: 56.6785, success: 18, fail: 7
Episode: 3573, Reward: 56.0873, success: 18, fail: 7
Episode: 3574, Reward: 55.3070, success: 18, fail: 7
Episode: 3575, Reward: 56.2721, success: 18, fail: 7
Episode: 3576, Reward: 56.2964, success: 18, fail: 7
Episode: 3577, Reward: 64.3365, success: 19, fail: 6
Episode: 3578, Reward: 46.3106, success: 17, fail: 8
Episode: 3579, Reward: 55.3738, success: 18, fail: 7
Episode: 3580, Reward: 54.5494, success: 18, fail: 7
Episode: 3581, Reward: 55.1951, success: 18, fail: 7
Episode: 3582, Reward: 46.0093, success: 17, fail: 8
Episode: 3583, Reward: 65.5474, success: 19, fail: 6
Episode: 3584, Reward: 55.7757, success: 18, fail: 7
Episode: 3585, Reward: 64.7141, success: 19, fail: 6
Episode: 3586, Reward: 46.3053, success: 17, fail: 8
Episode: 3587, Reward: 44.8975, success: 17, fail: 8
Episode: 3588, Reward: 64.3345, success: 19, fail: 6
Episode: 3589, Reward: 55.4172, success: 18, fail: 7
Episode: 3590, Reward: 63.9274, success: 19, fail: 6
Episode: 3591, Reward: 55.2776, success: 18, fail: 7
Episode: 3592, Reward: 44.6935, success: 17, fail: 8
Episode: 3593, Reward: 44.7343, success: 17, fail: 8
Episode: 3594, Reward: 45.8079, success: 17, fail: 8
Episode: 3595, Reward: 54.5628, success: 18, fail: 7
Episode: 3596, Reward: 55.0430, success: 18, fail: 7
Episode: 3597, Reward: 55.6307, success: 18, fail: 7
Episode: 3598, Reward: 45.8972, success: 17, fail: 8
Episode: 3599, Reward: 54.5410, success: 18, fail: 7
Episode: 3600, Reward: 54.5073, success: 18, fail: 7
Episode: 3601, Reward: 36.2388, success: 16, fail: 9
Episode: 3602, Reward: 55.8606, success: 18, fail: 7
Episode: 3603, Reward: 66.0502, success: 19, fail: 6
Episode: 3604, Reward: 46.0264, success: 17, fail: 8
Episode: 3605, Reward: 45.2085, success: 17, fail: 8
Episode: 3606, Reward: 44.9041, success: 17, fail: 8
Episode: 3607, Reward: 64.4990, success: 19, fail: 6
Episode: 3608, Reward: 45.9410, success: 17, fail: 8
Episode: 3609, Reward: 65.1207, success: 19, fail: 6
Episode: 3610, Reward: 45.2556, success: 17, fail: 8
Episode: 3611, Reward: 55.2136, success: 18, fail: 7
Episode: 3612, Reward: 54.7310, success: 18, fail: 7
Episode: 3613, Reward: 64.2990, success: 19, fail: 6
Episode: 3614, Reward: 54.4574, success: 18, fail: 7
Episode: 3615, Reward: 64.6629, success: 19, fail: 6
Episode: 3616, Reward: 54.3724, success: 18, fail: 7
Episode: 3617, Reward: 55.0333, success: 18, fail: 7
Episode: 3618, Reward: 35.3713, success: 16, fail: 9
Episode: 3619, Reward: 45.8183, success: 17, fail: 8
Episode: 3620, Reward: 55.0859, success: 18, fail: 7
Episode: 3621, Reward: 44.8034, success: 17, fail: 8
Episode: 3622, Reward: 65.0693, success: 19, fail: 6
Episode: 3623, Reward: 44.7589, success: 17, fail: 8
Episode: 3624, Reward: 55.6859, success: 18, fail: 7
Episode: 3625, Reward: 44.6678, success: 17, fail: 8
Episode: 3626, Reward: 63.8670, success: 19, fail: 6
Episode: 3627, Reward: 44.3265, success: 17, fail: 8
Episode: 3628, Reward: 45.4451, success: 17, fail: 8
Episode: 3629, Reward: 15.5364, success: 14, fail: 11
Episode: 3630, Reward: 35.8516, success: 16, fail: 9
Episode: 3631, Reward: 33.5373, success: 16, fail: 9
Episode: 3632, Reward: 55.4347, success: 18, fail: 7
Episode: 3633, Reward: 45.7753, success: 17, fail: 8
Episode: 3634, Reward: 46.0199, success: 17, fail: 8
Episode: 3635, Reward: 65.4706, success: 19, fail: 6
Episode: 3636, Reward: 54.9296, success: 18, fail: 7
Episode: 3637, Reward: 53.9780, success: 18, fail: 7
Episode: 3638, Reward: 65.3862, success: 19, fail: 6
Episode: 3639, Reward: 53.7869, success: 18, fail: 7
Episode: 3640, Reward: 44.7384, success: 17, fail: 8
Episode: 3641, Reward: 54.5591, success: 18, fail: 7
Episode: 3642, Reward: 73.3716, success: 20, fail: 5
Episode: 3643, Reward: 65.3701, success: 19, fail: 6
Episode: 3644, Reward: 53.7708, success: 18, fail: 7
Episode: 3645, Reward: 54.9571, success: 18, fail: 7
Episode: 3646, Reward: 55.4797, success: 18, fail: 7
Episode: 3647, Reward: 54.7556, success: 18, fail: 7
Episode: 3648, Reward: 54.6938, success: 18, fail: 7
Episode: 3649, Reward: 34.7927, success: 16, fail: 9
Episode: 3650, Reward: 53.8261, success: 18, fail: 7
Episode: 3651, Reward: 54.9890, success: 18, fail: 7
Episode: 3652, Reward: 45.4902, success: 17, fail: 8
Episode: 3653, Reward: 44.8564, success: 17, fail: 8
Episode: 3654, Reward: 56.1552, success: 18, fail: 7
Episode: 3655, Reward: 43.9428, success: 17, fail: 8
Episode: 3656, Reward: 64.7596, success: 19, fail: 6
Episode: 3657, Reward: 64.7356, success: 19, fail: 6
Episode: 3658, Reward: 54.5710, success: 18, fail: 7
Episode: 3659, Reward: 54.7332, success: 18, fail: 7
Episode: 3660, Reward: 46.0240, success: 17, fail: 8
Episode: 3661, Reward: 65.4611, success: 19, fail: 6
Episode: 3662, Reward: 47.1594, success: 17, fail: 8
Episode: 3663, Reward: 56.2336, success: 18, fail: 7
Episode: 3664, Reward: 35.1641, success: 16, fail: 9
Episode: 3665, Reward: 64.5742, success: 19, fail: 6
Episode: 3666, Reward: 54.9414, success: 18, fail: 7
Episode: 3667, Reward: 45.0088, success: 17, fail: 8
Episode: 3668, Reward: 36.3281, success: 16, fail: 9
Episode: 3669, Reward: 56.2993, success: 18, fail: 7
Episode: 3670, Reward: 26.1478, success: 15, fail: 10
Episode: 3671, Reward: 45.4939, success: 17, fail: 8
Episode: 3672, Reward: 44.7911, success: 17, fail: 8
Episode: 3673, Reward: 55.1564, success: 18, fail: 7
Episode: 3674, Reward: 55.4474, success: 18, fail: 7
Episode: 3675, Reward: 34.8482, success: 16, fail: 9
Episode: 3676, Reward: 45.3990, success: 17, fail: 8
Episode: 3677, Reward: 25.2047, success: 15, fail: 10
Episode: 3678, Reward: 44.9747, success: 17, fail: 8
Episode: 3679, Reward: 65.5352, success: 19, fail: 6
Episode: 3680, Reward: 55.7509, success: 18, fail: 7
Episode: 3681, Reward: 55.7897, success: 18, fail: 7
Episode: 3682, Reward: 54.7906, success: 18, fail: 7
Episode: 3683, Reward: 44.5804, success: 17, fail: 8
Episode: 3684, Reward: 55.9198, success: 18, fail: 7
Episode: 3685, Reward: 54.7900, success: 18, fail: 7
Episode: 3686, Reward: 45.5203, success: 17, fail: 8
Episode: 3687, Reward: 54.2153, success: 18, fail: 7
Episode: 3688, Reward: 54.5906, success: 18, fail: 7
Episode: 3689, Reward: 45.9942, success: 17, fail: 8
Episode: 3690, Reward: 54.9842, success: 18, fail: 7
Episode: 3691, Reward: 45.0310, success: 17, fail: 8
Episode: 3692, Reward: 55.7006, success: 18, fail: 7
Episode: 3693, Reward: 53.5606, success: 18, fail: 7
Episode: 3694, Reward: 55.1885, success: 18, fail: 7
Episode: 3695, Reward: 55.3460, success: 18, fail: 7
Episode: 3696, Reward: 46.1344, success: 17, fail: 8
Episode: 3697, Reward: 55.7893, success: 18, fail: 7
Episode: 3698, Reward: 54.6311, success: 18, fail: 7
Episode: 3699, Reward: 55.3611, success: 18, fail: 7
Episode: 3700, Reward: 55.4479, success: 18, fail: 7
Episode: 3701, Reward: 45.1276, success: 17, fail: 8
Episode: 3702, Reward: 35.0828, success: 16, fail: 9
Episode: 3703, Reward: 34.7367, success: 16, fail: 9
Episode: 3704, Reward: 46.9279, success: 17, fail: 8
Episode: 3705, Reward: 44.9417, success: 17, fail: 8
Episode: 3706, Reward: 54.8920, success: 18, fail: 7
Episode: 3707, Reward: 55.5375, success: 18, fail: 7
Episode: 3708, Reward: 53.9547, success: 18, fail: 7
Episode: 3709, Reward: 55.2010, success: 18, fail: 7
Episode: 3710, Reward: 45.8360, success: 17, fail: 8
Episode: 3711, Reward: 65.1299, success: 19, fail: 6
Episode: 3712, Reward: 35.2338, success: 16, fail: 9
Episode: 3713, Reward: 45.6151, success: 17, fail: 8
Episode: 3714, Reward: 46.0590, success: 17, fail: 8
Episode: 3715, Reward: 54.8965, success: 18, fail: 7
Episode: 3716, Reward: 65.1322, success: 19, fail: 6
Episode: 3717, Reward: 34.4570, success: 16, fail: 9
Episode: 3718, Reward: 55.4004, success: 18, fail: 7
Episode: 3719, Reward: 44.7561, success: 17, fail: 8
Episode: 3720, Reward: 34.2810, success: 16, fail: 9
Episode: 3721, Reward: 55.1284, success: 18, fail: 7
Episode: 3722, Reward: 55.4593, success: 18, fail: 7
Episode: 3723, Reward: 45.3638, success: 17, fail: 8
Episode: 3724, Reward: 54.8295, success: 18, fail: 7
Episode: 3725, Reward: 54.3187, success: 18, fail: 7
Episode: 3726, Reward: 45.3575, success: 17, fail: 8
Episode: 3727, Reward: 44.7530, success: 17, fail: 8
Episode: 3728, Reward: 54.3942, success: 18, fail: 7
Episode: 3729, Reward: 64.3699, success: 19, fail: 6
Episode: 3730, Reward: 24.8273, success: 15, fail: 10
Episode: 3731, Reward: 53.9460, success: 18, fail: 7
Episode: 3732, Reward: 34.8468, success: 16, fail: 9
Episode: 3733, Reward: 55.7948, success: 18, fail: 7
Episode: 3734, Reward: 45.5325, success: 17, fail: 8
Episode: 3735, Reward: 46.0666, success: 17, fail: 8
Episode: 3736, Reward: 44.4300, success: 17, fail: 8
Episode: 3737, Reward: 45.0814, success: 17, fail: 8
Episode: 3738, Reward: 55.4633, success: 18, fail: 7
Episode: 3739, Reward: 65.3473, success: 19, fail: 6
Episode: 3740, Reward: 55.4653, success: 18, fail: 7
Episode: 3741, Reward: 54.8997, success: 18, fail: 7
Episode: 3742, Reward: 34.4443, success: 16, fail: 9
Episode: 3743, Reward: 35.9987, success: 16, fail: 9
Episode: 3744, Reward: 56.0597, success: 18, fail: 7
Episode: 3745, Reward: 56.0163, success: 18, fail: 7
Episode: 3746, Reward: 65.3469, success: 19, fail: 6
Episode: 3747, Reward: 54.5959, success: 18, fail: 7
Episode: 3748, Reward: 34.5462, success: 16, fail: 9
Episode: 3749, Reward: 55.6003, success: 18, fail: 7
Episode: 3750, Reward: 44.9880, success: 17, fail: 8
Episode: 3751, Reward: 46.6102, success: 17, fail: 8
Episode: 3752, Reward: 53.4901, success: 18, fail: 7
Episode: 3753, Reward: 54.9636, success: 18, fail: 7
Episode: 3754, Reward: 64.1406, success: 19, fail: 6
Episode: 3755, Reward: 54.5652, success: 18, fail: 7
Episode: 3756, Reward: 45.3194, success: 17, fail: 8
Episode: 3757, Reward: 45.4406, success: 17, fail: 8
Episode: 3758, Reward: 23.8173, success: 15, fail: 10
Episode: 3759, Reward: 55.5055, success: 18, fail: 7
Episode: 3760, Reward: 65.0090, success: 19, fail: 6
Episode: 3761, Reward: 56.2420, success: 18, fail: 7
Episode: 3762, Reward: 53.9738, success: 18, fail: 7
Episode: 3763, Reward: 56.5548, success: 18, fail: 7
Episode: 3764, Reward: 46.0749, success: 17, fail: 8
Episode: 3765, Reward: 45.9242, success: 17, fail: 8
Episode: 3766, Reward: 46.0801, success: 17, fail: 8
Episode: 3767, Reward: 45.3575, success: 17, fail: 8
Episode: 3768, Reward: 55.7202, success: 18, fail: 7
Episode: 3769, Reward: 45.7141, success: 17, fail: 8
Episode: 3770, Reward: 54.3953, success: 18, fail: 7
Episode: 3771, Reward: 63.8891, success: 19, fail: 6
Episode: 3772, Reward: 45.6309, success: 17, fail: 8
Episode: 3773, Reward: 54.1276, success: 18, fail: 7
Episode: 3774, Reward: 64.0961, success: 19, fail: 6
Episode: 3775, Reward: 66.0123, success: 19, fail: 6
Episode: 3776, Reward: 64.3646, success: 19, fail: 6
Episode: 3777, Reward: 53.9391, success: 18, fail: 7
Episode: 3778, Reward: 53.5168, success: 18, fail: 7
Episode: 3779, Reward: 65.5233, success: 19, fail: 6
Episode: 3780, Reward: 44.7921, success: 17, fail: 8
Episode: 3781, Reward: 54.8991, success: 18, fail: 7
Episode: 3782, Reward: 63.6682, success: 19, fail: 6
Episode: 3783, Reward: 55.2659, success: 18, fail: 7
Episode: 3784, Reward: 45.1805, success: 17, fail: 8
Episode: 3785, Reward: 65.2569, success: 19, fail: 6
Episode: 3786, Reward: 35.5960, success: 16, fail: 9
Episode: 3787, Reward: 64.9214, success: 19, fail: 6
Episode: 3788, Reward: 45.3991, success: 17, fail: 8
Episode: 3789, Reward: 53.8246, success: 18, fail: 7
Episode: 3790, Reward: 34.6654, success: 16, fail: 9
Episode: 3791, Reward: 45.4208, success: 17, fail: 8
Episode: 3792, Reward: 65.3136, success: 19, fail: 6
Episode: 3793, Reward: 53.8727, success: 18, fail: 7
Episode: 3794, Reward: 55.3394, success: 18, fail: 7
Episode: 3795, Reward: 44.1512, success: 17, fail: 8
Episode: 3796, Reward: 45.0899, success: 17, fail: 8
Episode: 3797, Reward: 44.8975, success: 17, fail: 8
Episode: 3798, Reward: 46.4851, success: 17, fail: 8
Episode: 3799, Reward: 54.9135, success: 18, fail: 7
Episode: 3800, Reward: 65.1357, success: 19, fail: 6
Episode: 3801, Reward: 44.4086, success: 17, fail: 8
Episode: 3802, Reward: 64.3457, success: 19, fail: 6
Episode: 3803, Reward: 54.7884, success: 18, fail: 7
Episode: 3804, Reward: 54.5068, success: 18, fail: 7
Episode: 3805, Reward: 55.1721, success: 18, fail: 7
Episode: 3806, Reward: 74.6649, success: 20, fail: 5
Episode: 3807, Reward: 62.9664, success: 19, fail: 6
Episode: 3808, Reward: 64.5554, success: 19, fail: 6
Episode: 3809, Reward: 54.5330, success: 18, fail: 7
Episode: 3810, Reward: 53.9422, success: 18, fail: 7
Episode: 3811, Reward: 55.4779, success: 18, fail: 7
Episode: 3812, Reward: 64.4652, success: 19, fail: 6
Episode: 3813, Reward: 56.0602, success: 18, fail: 7
Episode: 3814, Reward: 53.9289, success: 18, fail: 7
Episode: 3815, Reward: 65.4605, success: 19, fail: 6
Episode: 3816, Reward: 63.7746, success: 19, fail: 6
Episode: 3817, Reward: 54.9989, success: 18, fail: 7
Episode: 3818, Reward: 45.4202, success: 17, fail: 8
Episode: 3819, Reward: 64.6930, success: 19, fail: 6
Episode: 3820, Reward: 66.0212, success: 19, fail: 6
Episode: 3821, Reward: 53.8963, success: 18, fail: 7
Episode: 3822, Reward: 65.9049, success: 19, fail: 6
Episode: 3823, Reward: 65.3260, success: 19, fail: 6
Episode: 3824, Reward: 55.1041, success: 18, fail: 7
Episode: 3825, Reward: 65.2208, success: 19, fail: 6
Episode: 3826, Reward: 64.5602, success: 19, fail: 6
Episode: 3827, Reward: 45.9023, success: 17, fail: 8
Episode: 3828, Reward: 65.3336, success: 19, fail: 6
Episode: 3829, Reward: 65.3900, success: 19, fail: 6
Episode: 3830, Reward: 63.7280, success: 19, fail: 6
Episode: 3831, Reward: 45.3099, success: 17, fail: 8
Episode: 3832, Reward: 55.4830, success: 18, fail: 7
Episode: 3833, Reward: 44.9890, success: 17, fail: 8
Episode: 3834, Reward: 65.0035, success: 19, fail: 6
Episode: 3835, Reward: 44.5848, success: 17, fail: 8
Episode: 3836, Reward: 55.4428, success: 18, fail: 7
Episode: 3837, Reward: 44.0567, success: 17, fail: 8
Episode: 3838, Reward: 64.0132, success: 19, fail: 6
Episode: 3839, Reward: 64.3481, success: 19, fail: 6
Episode: 3840, Reward: 63.4022, success: 19, fail: 6
Episode: 3841, Reward: 45.0447, success: 17, fail: 8
Episode: 3842, Reward: 44.5943, success: 17, fail: 8
Episode: 3843, Reward: 53.4030, success: 18, fail: 7
Episode: 3844, Reward: 44.4775, success: 17, fail: 8
Episode: 3845, Reward: 54.4717, success: 18, fail: 7
Episode: 3846, Reward: 45.3198, success: 17, fail: 8
Episode: 3847, Reward: 55.4923, success: 18, fail: 7
Episode: 3848, Reward: 54.7752, success: 18, fail: 7
Episode: 3849, Reward: 64.4677, success: 19, fail: 6
Episode: 3850, Reward: 74.0900, success: 20, fail: 5
Episode: 3851, Reward: 53.9588, success: 18, fail: 7
Episode: 3852, Reward: 43.5297, success: 17, fail: 8
Episode: 3853, Reward: 75.0477, success: 20, fail: 5
Episode: 3854, Reward: 64.0897, success: 19, fail: 6
Episode: 3855, Reward: 64.8136, success: 19, fail: 6
Episode: 3856, Reward: 45.5743, success: 17, fail: 8
Episode: 3857, Reward: 44.2804, success: 17, fail: 8
Episode: 3858, Reward: 55.4387, success: 18, fail: 7
Episode: 3859, Reward: 55.9003, success: 18, fail: 7
Episode: 3860, Reward: 43.9066, success: 17, fail: 8
Episode: 3861, Reward: 36.5118, success: 16, fail: 9
Episode: 3862, Reward: 45.3071, success: 17, fail: 8
Episode: 3863, Reward: 55.0653, success: 18, fail: 7
Episode: 3864, Reward: 63.8222, success: 19, fail: 6
Episode: 3865, Reward: 33.8079, success: 16, fail: 9
Episode: 3866, Reward: 44.8330, success: 17, fail: 8
Episode: 3867, Reward: 44.9847, success: 17, fail: 8
Episode: 3868, Reward: 54.8868, success: 18, fail: 7
Episode: 3869, Reward: 54.3737, success: 18, fail: 7
Episode: 3870, Reward: 42.6594, success: 17, fail: 8
Episode: 3871, Reward: 44.8786, success: 17, fail: 8
Episode: 3872, Reward: 53.5883, success: 18, fail: 7
Episode: 3873, Reward: 35.1910, success: 16, fail: 9
Episode: 3874, Reward: 64.1481, success: 19, fail: 6
Episode: 3875, Reward: 54.3963, success: 18, fail: 7
Episode: 3876, Reward: 64.6201, success: 19, fail: 6
Episode: 3877, Reward: 53.7787, success: 18, fail: 7
Episode: 3878, Reward: 65.3591, success: 19, fail: 6
Episode: 3879, Reward: 54.2446, success: 18, fail: 7
Episode: 3880, Reward: 44.8706, success: 17, fail: 8
Episode: 3881, Reward: 44.7374, success: 17, fail: 8
Episode: 3882, Reward: 44.2389, success: 17, fail: 8
Episode: 3883, Reward: 74.5788, success: 20, fail: 5
Episode: 3884, Reward: 34.4011, success: 16, fail: 9
Episode: 3885, Reward: 64.0695, success: 19, fail: 6
Episode: 3886, Reward: 65.4361, success: 19, fail: 6
Episode: 3887, Reward: 54.6803, success: 18, fail: 7
Episode: 3888, Reward: 64.7357, success: 19, fail: 6
Episode: 3889, Reward: 54.3600, success: 18, fail: 7
Episode: 3890, Reward: 64.1528, success: 19, fail: 6
Episode: 3891, Reward: 44.0618, success: 17, fail: 8
Episode: 3892, Reward: 45.0433, success: 17, fail: 8
Episode: 3893, Reward: 44.2112, success: 17, fail: 8
Episode: 3894, Reward: 54.2929, success: 18, fail: 7
Episode: 3895, Reward: 33.6798, success: 16, fail: 9
Episode: 3896, Reward: 54.0432, success: 18, fail: 7
Episode: 3897, Reward: 55.5376, success: 18, fail: 7
Episode: 3898, Reward: 54.4116, success: 18, fail: 7
Episode: 3899, Reward: 54.8753, success: 18, fail: 7
Episode: 3900, Reward: 34.7746, success: 16, fail: 9
Episode: 3901, Reward: 44.4099, success: 17, fail: 8
Episode: 3902, Reward: 44.8038, success: 17, fail: 8
Episode: 3903, Reward: 64.8614, success: 19, fail: 6
Episode: 3904, Reward: 64.3005, success: 19, fail: 6
Episode: 3905, Reward: 54.6863, success: 18, fail: 7
Episode: 3906, Reward: 54.7240, success: 18, fail: 7
Episode: 3907, Reward: 56.0329, success: 18, fail: 7
Episode: 3908, Reward: 35.6716, success: 16, fail: 9
Episode: 3909, Reward: 44.9192, success: 17, fail: 8
Episode: 3910, Reward: 54.3269, success: 18, fail: 7
Episode: 3911, Reward: 55.1204, success: 18, fail: 7
Episode: 3912, Reward: 54.6914, success: 18, fail: 7
Episode: 3913, Reward: 44.9777, success: 17, fail: 8
Episode: 3914, Reward: 44.3844, success: 17, fail: 8
Episode: 3915, Reward: 55.3764, success: 18, fail: 7
Episode: 3916, Reward: 55.0175, success: 18, fail: 7
Episode: 3917, Reward: 55.9980, success: 18, fail: 7
Episode: 3918, Reward: 43.5668, success: 17, fail: 8
Episode: 3919, Reward: 54.4808, success: 18, fail: 7
Episode: 3920, Reward: 55.1881, success: 18, fail: 7
Episode: 3921, Reward: 74.7319, success: 20, fail: 5
Episode: 3922, Reward: 45.6795, success: 17, fail: 8
Episode: 3923, Reward: 53.9987, success: 18, fail: 7
Episode: 3924, Reward: 55.4289, success: 18, fail: 7
Episode: 3925, Reward: 43.3784, success: 17, fail: 8
Episode: 3926, Reward: 54.4761, success: 18, fail: 7
Episode: 3927, Reward: 64.3529, success: 19, fail: 6
Episode: 3928, Reward: 45.0119, success: 17, fail: 8
Episode: 3929, Reward: 43.8965, success: 17, fail: 8
Episode: 3930, Reward: 65.4436, success: 19, fail: 6
Episode: 3931, Reward: 55.6920, success: 18, fail: 7
Episode: 3932, Reward: 44.5802, success: 17, fail: 8
Episode: 3933, Reward: 35.2278, success: 16, fail: 9
Episode: 3934, Reward: 44.5846, success: 17, fail: 8
Episode: 3935, Reward: 55.7037, success: 18, fail: 7
Episode: 3936, Reward: 55.6238, success: 18, fail: 7
Episode: 3937, Reward: 44.0246, success: 17, fail: 8
Episode: 3938, Reward: 44.8044, success: 17, fail: 8
Episode: 3939, Reward: 44.0380, success: 17, fail: 8
Episode: 3940, Reward: 44.9288, success: 17, fail: 8
Episode: 3941, Reward: 54.6984, success: 18, fail: 7
Episode: 3942, Reward: 55.1430, success: 18, fail: 7
Episode: 3943, Reward: 63.7435, success: 19, fail: 6
Episode: 3944, Reward: 53.8779, success: 18, fail: 7
Episode: 3945, Reward: 54.9737, success: 18, fail: 7
Episode: 3946, Reward: 45.1607, success: 17, fail: 8
Episode: 3947, Reward: 64.3360, success: 19, fail: 6
Episode: 3948, Reward: 44.8112, success: 17, fail: 8
Episode: 3949, Reward: 44.9035, success: 17, fail: 8
Episode: 3950, Reward: 45.0678, success: 17, fail: 8
Episode: 3951, Reward: 64.0646, success: 19, fail: 6
Episode: 3952, Reward: 45.0120, success: 17, fail: 8
Episode: 3953, Reward: 64.1466, success: 19, fail: 6
Episode: 3954, Reward: 65.2770, success: 19, fail: 6
Episode: 3955, Reward: 65.1255, success: 19, fail: 6
Episode: 3956, Reward: 25.3523, success: 15, fail: 10
Episode: 3957, Reward: 25.9128, success: 15, fail: 10
Episode: 3958, Reward: 35.2104, success: 16, fail: 9
Episode: 3959, Reward: 54.8510, success: 18, fail: 7
Episode: 3960, Reward: 55.3866, success: 18, fail: 7
Episode: 3961, Reward: 53.6765, success: 18, fail: 7
Episode: 3962, Reward: 54.7313, success: 18, fail: 7
Episode: 3963, Reward: 55.0964, success: 18, fail: 7
Episode: 3964, Reward: 45.8495, success: 17, fail: 8
Episode: 3965, Reward: 54.5373, success: 18, fail: 7
Episode: 3966, Reward: 55.1718, success: 18, fail: 7
Episode: 3967, Reward: 64.6675, success: 19, fail: 6
Episode: 3968, Reward: 55.1712, success: 18, fail: 7
Episode: 3969, Reward: 53.8318, success: 18, fail: 7
Episode: 3970, Reward: 55.3958, success: 18, fail: 7
Episode: 3971, Reward: 55.0526, success: 18, fail: 7
Episode: 3972, Reward: 53.8696, success: 18, fail: 7
Episode: 3973, Reward: 64.3267, success: 19, fail: 6
Episode: 3974, Reward: 54.9852, success: 18, fail: 7
Episode: 3975, Reward: 54.1262, success: 18, fail: 7
Episode: 3976, Reward: 44.4331, success: 17, fail: 8
Episode: 3977, Reward: 55.7811, success: 18, fail: 7
Episode: 3978, Reward: 33.6183, success: 16, fail: 9
Episode: 3979, Reward: 44.0959, success: 17, fail: 8
Episode: 3980, Reward: 44.8606, success: 17, fail: 8
Episode: 3981, Reward: 54.9763, success: 18, fail: 7
Episode: 3982, Reward: 44.1922, success: 17, fail: 8
Episode: 3983, Reward: 53.8753, success: 18, fail: 7
Episode: 3984, Reward: 55.1437, success: 18, fail: 7
Episode: 3985, Reward: 54.8252, success: 18, fail: 7
Episode: 3986, Reward: 45.4197, success: 17, fail: 8
Episode: 3987, Reward: 44.4076, success: 17, fail: 8
Episode: 3988, Reward: 65.0480, success: 19, fail: 6
Episode: 3989, Reward: 45.0795, success: 17, fail: 8
Episode: 3990, Reward: 45.7862, success: 17, fail: 8
Episode: 3991, Reward: 55.8532, success: 18, fail: 7
Episode: 3992, Reward: 64.5425, success: 19, fail: 6
Episode: 3993, Reward: 56.1239, success: 18, fail: 7
Episode: 3994, Reward: 44.1880, success: 17, fail: 8
Episode: 3995, Reward: 53.6966, success: 18, fail: 7
Episode: 3996, Reward: 14.6171, success: 14, fail: 11
Episode: 3997, Reward: 65.5185, success: 19, fail: 6
Episode: 3998, Reward: 64.8761, success: 19, fail: 6
Episode: 3999, Reward: 55.5781, success: 18, fail: 7
Episode: 4000, Reward: 44.6669, success: 17, fail: 8
Plot saved to C:\Users\zengd\Desktop\论文\W-MADDPG\MADDPG_Discrete\sum_reward_mappo.png
