"# mode=none d_value=0 d=[0,0] p=0.50 dr=0 seed=10 topology=fixed ch=3 fade=1(rho=0.70,sig=6.0) n_agents=5 obs_dim=34 n_episodes=4000 ue=25"
episode,sum_reward,success,fail,mean_delay
1,-45.4555665914732,8,17,0.0
2,-35.342974720357276,9,16,0.0
3,-54.904329494564124,7,18,0.0
4,-55.26861124145304,7,18,0.0
5,-34.086132279254,9,16,0.0
6,-35.00547331010537,9,16,0.0
7,-55.385975247164055,7,18,0.0
8,-44.28656235924288,8,17,0.0
9,-35.789638451591564,9,16,0.0
10,-14.289103638080174,11,14,0.0
11,-45.94954953266968,8,17,0.0
12,-45.240318685918545,8,17,0.0
13,-25.89204520668577,10,15,0.0
14,-34.60540129222724,9,16,0.0
15,-25.220949329600003,10,15,0.0
16,-34.677186577944056,9,16,0.0
17,-36.105971816448275,9,16,0.0
18,-34.108333573339,9,16,0.0
19,-65.61732201735718,6,19,0.0
20,-55.22466399395955,7,18,0.0
21,-64.05492224461152,6,19,0.0
22,-36.37669335936746,9,16,0.0
23,-16.44799512152735,11,14,0.0
24,-17.02440052366984,11,14,0.0
25,-46.042586796572884,8,17,0.0
26,-43.76183772282363,8,17,0.0
27,-56.74830288957476,7,18,0.0
28,-65.41686697743631,6,19,0.0
29,-36.813968544792274,9,16,0.0
30,-46.48900682728834,8,17,0.0
31,-46.21183412570585,8,17,0.0
32,-15.090932535808854,11,14,0.0
33,-56.93830930069663,7,18,0.0
34,-36.5526407061231,9,16,0.0
35,-46.45009131954476,8,17,0.0
36,-55.742541378531214,7,18,0.0
37,-36.294059902350085,9,16,0.0
38,-55.85472989216962,7,18,0.0
39,-65.56661897395341,6,19,0.0
40,-25.359473864031926,10,15,0.0
41,-25.48810719185913,10,15,0.0
42,-45.06968182680048,8,17,0.0
43,-35.20292757199097,9,16,0.0
44,-44.88535284916136,8,17,0.0
45,-25.824564296195128,10,15,0.0
46,-55.17301940864052,7,18,0.0
47,-26.178875701980616,10,15,0.0
48,-56.42542740622143,7,18,0.0
49,-34.820155294956734,9,16,0.0
50,-55.796933035231405,7,18,0.0
51,-24.972963382032265,10,15,0.0
52,-57.471905017668796,7,18,0.0
53,-25.413761834449367,10,15,0.0
54,-26.11911538593679,10,15,0.0
55,-35.88900431629983,9,16,0.0
56,-15.889698671646588,11,14,0.0
57,-44.39121871603632,8,17,0.0
58,-35.73550910446023,9,16,0.0
59,-45.05286069041066,8,17,0.0
60,-44.82714397551519,8,17,0.0
61,-26.419819718146833,10,15,0.0
62,-25.121119277955408,10,15,0.0
63,-46.51867833704891,8,17,0.0
64,-26.89796967314404,10,15,0.0
65,-26.496755654821328,10,15,0.0
66,-24.85852726929054,10,15,0.0
67,-56.571385744073844,7,18,0.0
68,-65.85207119752863,6,19,0.0
69,-65.34216863851464,6,19,0.0
70,-24.559382675033497,10,15,0.0
71,-64.62951589305248,6,19,0.0
72,-4.36390725775574,12,13,0.0
73,-45.70588452806104,8,17,0.0
74,-36.330818902541694,9,16,0.0
75,-55.616448567120635,7,18,0.0
76,-27.395841523294862,10,15,0.0
77,-55.5854010757176,7,18,0.0
78,-57.14894432143926,7,18,0.0
79,-35.709525330180384,9,16,0.0
80,-35.9888700729792,9,16,0.0
81,-45.31593130694604,8,17,0.0
82,-16.291112480679622,11,14,0.0
83,-15.205806308226705,11,14,0.0
84,-46.90034381201113,8,17,0.0
85,-25.311081459656343,10,15,0.0
86,-56.19051978295206,7,18,0.0
87,-64.88766599338608,6,19,0.0
88,-65.34819521019628,6,19,0.0
89,-46.013790764258566,8,17,0.0
90,4.648739900081354,13,12,0.0
91,-36.87524384557872,9,16,0.0
92,-46.12019939035151,8,17,0.0
93,-76.65301807890354,5,20,0.0
94,-66.39045533477422,6,19,0.0
95,-45.80667743401379,8,17,0.0
96,-25.54547391345524,10,15,0.0
97,-46.76045084562982,8,17,0.0
98,-25.0247411391172,10,15,0.0
99,-66.11095450682689,6,19,0.0
100,-55.185087750281035,7,18,0.0
101,-44.22550002736919,8,17,0.0
102,-45.396880080446195,8,17,0.0
103,-17.292945079165428,11,14,0.0
104,-25.243883144127697,10,15,0.0
105,-25.004527013352135,10,15,0.0
106,-56.88701092562978,7,18,0.0
107,-56.215834612519686,7,18,0.0
108,-37.09831257351385,9,16,0.0
109,-46.19205285568538,8,17,0.0
110,-36.82730261780003,9,16,0.0
111,-55.40472869106918,7,18,0.0
112,-57.90493295778482,7,18,0.0
113,-25.62902994565308,10,15,0.0
114,-14.608102397347803,11,14,0.0
115,-35.46273428561549,9,16,0.0
116,-35.10998065749001,9,16,0.0
117,-26.70104916434094,10,15,0.0
118,-24.839607857867858,10,15,0.0
119,-17.731204085566176,11,14,0.0
120,-27.48457019761199,10,15,0.0
121,-55.20338329441641,7,18,0.0
122,-55.43595665129762,7,18,0.0
123,-57.594033424953835,7,18,0.0
124,-37.18136166030442,9,16,0.0
125,-55.05608445391967,7,18,0.0
126,-24.816503738388437,10,15,0.0
127,-57.71326411242098,7,18,0.0
128,-36.2779086141611,9,16,0.0
129,-26.56251281316696,10,15,0.0
130,-36.5476310859097,9,16,0.0
131,-6.114849440988516,12,13,0.0
132,-57.35624719949566,7,18,0.0
133,-37.72871761702717,9,16,0.0
134,-34.87048709652194,9,16,0.0
135,-35.807481624407174,9,16,0.0
136,-15.919094806317666,11,14,0.0
137,-16.552398501682344,11,14,0.0
138,-33.98191087365793,9,16,0.0
139,-25.7914527292075,10,15,0.0
140,-36.2874643285148,9,16,0.0
141,-35.965508649711424,9,16,0.0
142,-68.34966812349094,6,19,0.0
143,-36.19164881295007,9,16,0.0
144,-24.9401060170645,10,15,0.0
145,-15.764703447577983,11,14,0.0
146,-36.13112157916093,9,16,0.0
147,-46.584463103590394,8,17,0.0
148,-54.91518509357168,7,18,0.0
149,-66.27777662580466,6,19,0.0
150,-26.56307320432704,10,15,0.0
151,-35.890118738386334,9,16,0.0
152,-66.50653475736632,6,19,0.0
153,-48.211310494474034,8,17,0.0
154,-55.84255709254178,7,18,0.0
155,-47.76321796587676,8,17,0.0
156,-36.023248264935546,9,16,0.0
157,-35.87981481788967,9,16,0.0
158,-46.75989814675302,8,17,0.0
159,-25.47538110957973,10,15,0.0
160,-26.320414426040635,10,15,0.0
161,-15.461275418450963,11,14,0.0
162,-45.918436927912126,8,17,0.0
163,-45.78106748745468,8,17,0.0
164,-33.99036263215919,9,16,0.0
165,-46.97533534776061,8,17,0.0
166,-7.07350022876172,12,13,0.0
167,-36.02191089696414,9,16,0.0
168,-44.5437137600248,8,17,0.0
169,-34.70369791413879,9,16,0.0
170,-36.113595774662485,9,16,0.0
171,-75.45156742001177,5,20,0.0
172,-25.961712340077774,10,15,0.0
173,-45.25271396194096,8,17,0.0
174,-46.999470840297846,8,17,0.0
175,-36.21088198576794,9,16,0.0
176,-15.296851984668002,11,14,0.0
177,-66.50921445959189,6,19,0.0
178,-59.30765246256887,7,18,0.0
179,-26.253213331258035,10,15,0.0
180,-55.208153231981115,7,18,0.0
181,5.827428932269559,13,12,0.0
182,-46.162641192136874,8,17,0.0
183,-56.807095954888005,7,18,0.0
184,-14.176127194074786,11,14,0.0
185,-15.581418435461108,11,14,0.0
186,-5.03450453088834,12,13,0.0
187,-47.417615274923584,8,17,0.0
188,-36.666188502187374,9,16,0.0
189,-25.900107068049444,10,15,0.0
190,-35.858579891243444,9,16,0.0
191,-35.60123385015007,9,16,0.0
192,-35.065057839664675,9,16,0.0
193,-25.832810777876308,10,15,0.0
194,-66.8631772624785,6,19,0.0
195,-36.59157133926579,9,16,0.0
196,-26.321839868507098,10,15,0.0
197,-47.1197049482218,8,17,0.0
198,-56.29983082204056,7,18,0.0
199,-16.318651072930304,11,14,0.0
200,-37.01280698277191,9,16,0.0
201,-26.477513358297912,10,15,0.0
202,-36.379772119560876,9,16,0.0
203,-36.18540408340455,9,16,0.0
204,-6.102696193638619,12,13,0.0
205,-26.440050307700247,10,15,0.0
206,-48.16623277276227,8,17,0.0
207,-26.350345338169905,10,15,0.0
208,-35.59282247301046,9,16,0.0
209,-26.074429769390633,10,15,0.0
210,-25.82000191906168,10,15,0.0
211,-56.110996675795406,7,18,0.0
212,-25.163172256226353,10,15,0.0
213,-55.012723036627726,7,18,0.0
214,-46.58988934201463,8,17,0.0
215,-6.46521944200132,12,13,0.0
216,-35.165094299515346,9,16,0.0
217,4.6033353425469485,13,12,0.0
218,-25.0750580108757,10,15,0.0
219,-26.58957042887721,10,15,0.0
220,-15.138568682288383,11,14,0.0
221,-26.061163980820155,10,15,0.0
222,-26.346460664418185,10,15,0.0
223,-36.33743506949206,9,16,0.0
224,-16.136124080583592,11,14,0.0
225,-36.55518555337589,9,16,0.0
226,-36.548585554311586,9,16,0.0
227,-37.14684528679396,9,16,0.0
228,-35.765751837972985,9,16,0.0
229,-55.805874812405776,7,18,0.0
230,-36.671186398323165,9,16,0.0
231,-25.93513952868296,10,15,0.0
232,-15.874117793952305,11,14,0.0
233,-16.80000652814595,11,14,0.0
234,-25.344257765712484,10,15,0.0
235,-45.86435489655215,8,17,0.0
236,-15.161205666782411,11,14,0.0
237,-25.07369750207566,10,15,0.0
238,-45.37041396500997,8,17,0.0
239,-16.099686133091158,11,14,0.0
240,-67.60380752516116,6,19,0.0
241,-36.280168710322954,9,16,0.0
242,-37.174079989063415,9,16,0.0
243,-56.26900539004317,7,18,0.0
244,-25.007008851299474,10,15,0.0
245,-56.726252965422866,7,18,0.0
246,-36.22893701574184,9,16,0.0
247,-16.8913033111726,11,14,0.0
248,-57.267410891624934,7,18,0.0
249,-25.191275862377672,10,15,0.0
250,-38.05759722177072,9,16,0.0
251,-25.09774986679852,10,15,0.0
252,-36.11069202431038,9,16,0.0
253,-17.683848477006403,11,14,0.0
254,-25.211809655680018,10,15,0.0
255,-36.2040081879221,9,16,0.0
256,-65.70857147091215,6,19,0.0
257,-25.88285744018693,10,15,0.0
258,-57.686898440231495,7,18,0.0
259,4.412279280910518,13,12,0.0
260,-55.835701752688756,7,18,0.0
261,-15.62986249156554,11,14,0.0
262,-35.47137248003204,9,16,0.0
263,-35.355555940585226,9,16,0.0
264,-26.79354621460147,10,15,0.0
265,-26.173682056359393,10,15,0.0
266,-55.25383560635182,7,18,0.0
267,-56.26313278586693,7,18,0.0
268,-5.548724765229098,12,13,0.0
269,-45.897821519048264,8,17,0.0
270,-34.84353259275881,9,16,0.0
271,-57.21086216189805,7,18,0.0
272,-26.017056530470953,10,15,0.0
273,-6.309022767210925,12,13,0.0
274,-17.286541860074053,11,14,0.0
275,-57.25467325656467,7,18,0.0
276,-17.44703383614906,11,14,0.0
277,-14.912205793625805,11,14,0.0
278,-25.826084096837974,10,15,0.0
279,-46.49945961566381,8,17,0.0
280,-35.48212059039021,9,16,0.0
281,-25.11432919968233,10,15,0.0
282,-45.88787220927677,8,17,0.0
283,-48.73090584670301,8,17,0.0
284,-26.29646035364804,10,15,0.0
285,-26.024496670639202,10,15,0.0
286,-25.44226695573928,10,15,0.0
287,-45.067810251041465,8,17,0.0
288,-5.963861972368095,12,13,0.0
289,-26.492642702679447,10,15,0.0
290,-25.02283694989413,10,15,0.0
291,-36.88121238238783,9,16,0.0
292,-26.20510048541118,10,15,0.0
293,-27.082560309632438,10,15,0.0
294,-25.492458245896465,10,15,0.0
295,-77.65688065106276,5,20,0.0
296,-35.61544654118304,9,16,0.0
297,-36.651146354163046,9,16,0.0
298,-16.21203125831743,11,14,0.0
299,-16.104307078604474,11,14,0.0
300,-35.86778044388265,9,16,0.0
301,-36.35717359546144,9,16,0.0
302,-15.819316419865185,11,14,0.0
303,-56.83494061519217,7,18,0.0
304,-36.187981486099964,9,16,0.0
305,4.804553988990375,13,12,0.0
306,-36.56455873305097,9,16,0.0
307,-26.19350920118208,10,15,0.0
308,-46.07426723232727,8,17,0.0
309,-25.717555404766763,10,15,0.0
310,-27.062872621605482,10,15,0.0
311,-35.9261641811904,9,16,0.0
312,-25.626595380768208,10,15,0.0
313,-17.300341856366206,11,14,0.0
314,-26.28251842219359,10,15,0.0
315,-36.925622547118756,9,16,0.0
316,-57.05583258926507,7,18,0.0
317,-46.50524053103603,8,17,0.0
318,-37.46672525576193,9,16,0.0
319,-37.826147331133576,9,16,0.0
320,-46.065536356077345,8,17,0.0
321,-46.64304577636516,8,17,0.0
322,-36.648245247809996,9,16,0.0
323,-5.839049240468288,12,13,0.0
324,-35.22881254971321,9,16,0.0
325,-35.20083030552775,9,16,0.0
326,-17.114831615550543,11,14,0.0
327,5.635698194071454,13,12,0.0
328,-36.95981435837105,9,16,0.0
329,-45.6326929676628,8,17,0.0
330,-16.176618915520795,11,14,0.0
331,4.757540326364985,13,12,0.0
332,4.599038691341576,13,12,0.0
333,-36.37355071743798,9,16,0.0
334,6.12725477639405,13,12,0.0
335,-25.724858554920658,10,15,0.0
336,-46.13407773951318,8,17,0.0
337,-6.501397249258853,12,13,0.0
338,-46.54764441592242,8,17,0.0
339,-16.51456152493492,11,14,0.0
340,-6.086832901480312,12,13,0.0
341,-44.83524341540748,8,17,0.0
342,-16.738152568891728,11,14,0.0
343,2.1977959141049954,13,12,0.0
344,-18.489319987216646,11,14,0.0
345,-36.66891527638887,9,16,0.0
346,-77.04306370934684,5,20,0.0
347,-46.36588491151712,8,17,0.0
348,-54.56987242048427,7,18,0.0
349,-25.666693252222732,10,15,0.0
350,-14.291801136706564,11,14,0.0
351,-25.480961441752665,10,15,0.0
352,-26.57486148278094,10,15,0.0
353,-15.708798345028482,11,14,0.0
354,-56.87483183676299,7,18,0.0
355,-14.551885580031614,11,14,0.0
356,-36.701414720536405,9,16,0.0
357,-25.459558453917047,10,15,0.0
358,-56.187103958981375,7,18,0.0
359,-16.25357394319179,11,14,0.0
360,-26.378521718069244,10,15,0.0
361,-35.37785519920925,9,16,0.0
362,-47.05755990399017,8,17,0.0
363,-35.7987893012714,9,16,0.0
364,-25.870980129722383,10,15,0.0
365,-36.3193517622139,9,16,0.0
366,-5.178835700565212,12,13,0.0
367,-15.790143159328803,11,14,0.0
368,-57.508238413427,7,18,0.0
369,-56.94604052529017,7,18,0.0
370,-55.944833775500385,7,18,0.0
371,-26.378286023887622,10,15,0.0
372,-25.34276035767547,10,15,0.0
373,-13.966542713698587,11,14,0.0
374,-47.11850444601893,8,17,0.0
375,-45.99313450860895,8,17,0.0
376,-26.329030992690942,10,15,0.0
377,-27.058934705834076,10,15,0.0
378,4.998507453206935,13,12,0.0
379,-16.655359257490268,11,14,0.0
380,-24.84866321433241,10,15,0.0
381,-45.85270948476582,8,17,0.0
382,4.792600524685626,13,12,0.0
383,-6.636669599677373,12,13,0.0
384,-15.137741435339573,11,14,0.0
385,-16.930429961788708,11,14,0.0
386,-16.19189167368306,11,14,0.0
387,-54.9620034262328,7,18,0.0
388,-36.87639660393042,9,16,0.0
389,-36.40170864151822,9,16,0.0
390,-15.76397899958316,11,14,0.0
391,-37.20147777445408,9,16,0.0
392,-26.19552025560242,10,15,0.0
393,-26.31210560644967,10,15,0.0
394,-5.877171742482453,12,13,0.0
395,-26.261887839998604,10,15,0.0
396,-4.769142829420323,12,13,0.0
397,3.82797824222176,13,12,0.0
398,-16.67714788441182,11,14,0.0
399,-34.6228126680469,9,16,0.0
400,-15.579159816028087,11,14,0.0
401,-36.716824940266775,9,16,0.0
402,-16.230403998282025,11,14,0.0
403,-76.70995622056381,5,20,0.0
404,-36.42231689908464,9,16,0.0
405,-15.50187070507215,11,14,0.0
406,-44.41650370902279,8,17,0.0
407,-35.736355900086025,9,16,0.0
408,-26.694488869476988,10,15,0.0
409,-24.319514280282846,10,15,0.0
410,-36.433056478253974,9,16,0.0
411,-35.78238262639665,9,16,0.0
412,-24.376086719902005,10,15,0.0
413,-36.73777025903788,9,16,0.0
414,-47.4418197576192,8,17,0.0
415,-35.851068726322566,9,16,0.0
416,4.269505819298825,13,12,0.0
417,-46.54713155642163,8,17,0.0
418,-27.429353705777665,10,15,0.0
419,-14.357320474179065,11,14,0.0
420,2.904038199855608,13,12,0.0
421,5.085748027973675,13,12,0.0
422,-16.17380523546101,11,14,0.0
423,-15.614025198600912,11,14,0.0
424,-25.993395151706203,10,15,0.0
425,-66.14173228819057,6,19,0.0
426,-5.213301757068983,12,13,0.0
427,-16.214514375726594,11,14,0.0
428,-36.74586173473675,9,16,0.0
429,-5.54006025293964,12,13,0.0
430,-16.478898179129978,11,14,0.0
431,-16.493918291309985,11,14,0.0
432,-36.62074367597506,9,16,0.0
433,-26.03421388217905,10,15,0.0
434,-36.1092845455137,9,16,0.0
435,-66.79629866124468,6,19,0.0
436,-27.062566973852135,10,15,0.0
437,3.6637553727579544,13,12,0.0
438,-5.142878875297189,12,13,0.0
439,4.236061887612677,13,12,0.0
440,-14.880984778024388,11,14,0.0
441,-48.541959385162244,8,17,0.0
442,-15.803521804827446,11,14,0.0
443,-15.809334664059016,11,14,0.0
444,14.423272314388601,14,11,0.0
445,-25.769826809908967,10,15,0.0
446,-55.70645436090582,7,18,0.0
447,-38.578340622987504,9,16,0.0
448,-15.132538217854846,11,14,0.0
449,-26.154695581192062,10,15,0.0
450,-25.083079139332003,10,15,0.0
451,-57.99352997464102,7,18,0.0
452,4.842788062711902,13,12,0.0
453,-36.11088339510787,9,16,0.0
454,-15.166034287936817,11,14,0.0
455,-25.007586878544664,10,15,0.0
456,-15.114625672710055,11,14,0.0
457,-36.61246759167053,9,16,0.0
458,-16.501858058154596,11,14,0.0
459,-5.410854422447509,12,13,0.0
460,-23.64325260421453,10,15,0.0
461,-4.731975502764545,12,13,0.0
462,14.77410472863654,14,11,0.0
463,-54.983451618162135,7,18,0.0
464,5.145001655232667,13,12,0.0
465,-24.915479275834763,10,15,0.0
466,-6.16608073722666,12,13,0.0
467,-24.957942851183994,10,15,0.0
468,-25.752590067873214,10,15,0.0
469,-15.659535951258661,11,14,0.0
470,-25.430773717775757,10,15,0.0
471,-5.138852709771724,12,13,0.0
472,-35.19290370191913,9,16,0.0
473,-46.83575567936994,8,17,0.0
474,-35.96394761838907,9,16,0.0
475,-35.98287011841573,9,16,0.0
476,-35.63795052471117,9,16,0.0
477,-16.443792426590672,11,14,0.0
478,-17.10920708286918,11,14,0.0
479,-5.570643655123474,12,13,0.0
480,-26.057437125238096,10,15,0.0
481,-15.413246903888915,11,14,0.0
482,-4.807352365930231,12,13,0.0
483,-15.963614789503879,11,14,0.0
484,-15.097015692866222,11,14,0.0
485,-4.385051198525962,12,13,0.0
486,-15.698958558180061,11,14,0.0
487,-7.3556909741182,12,13,0.0
488,2.9964071638485583,13,12,0.0
489,-26.06236100185019,10,15,0.0
490,-46.157647664473785,8,17,0.0
491,4.7883500911006,13,12,0.0
492,-16.035759774032595,11,14,0.0
493,-6.275290270131762,12,13,0.0
494,-25.5183891578447,10,15,0.0
495,-45.31533255924247,8,17,0.0
496,-35.409425665152156,9,16,0.0
497,-46.06100288984056,8,17,0.0
498,-26.76439018518663,10,15,0.0
499,-15.472117734776067,11,14,0.0
500,-5.2243289076410395,12,13,0.0
501,-3.6117427809855,12,13,0.0
502,-37.285699852993076,9,16,0.0
503,-25.163042676277524,10,15,0.0
504,-4.953511023768139,12,13,0.0
505,-35.64389220431504,9,16,0.0
506,2.425326490806359,13,12,0.0
507,-35.27329245503075,9,16,0.0
508,-37.92190202203044,9,16,0.0
509,-36.31420952591386,9,16,0.0
510,-15.93919699761841,11,14,0.0
511,-5.381029365580141,12,13,0.0
512,-7.300184803009324,12,13,0.0
513,-5.6155868692740345,12,13,0.0
514,-14.629977720263277,11,14,0.0
515,-46.06625513769904,8,17,0.0
516,-25.951226098599292,10,15,0.0
517,15.466744592908292,14,11,0.0
518,5.00541187614958,13,12,0.0
519,5.128078092240318,13,12,0.0
520,-16.232687186387597,11,14,0.0
521,-24.9786673824658,10,15,0.0
522,-6.862785829472162,12,13,0.0
523,4.095211777225444,13,12,0.0
524,-14.735342853319578,11,14,0.0
525,-15.239942646660145,11,14,0.0
526,-46.725900038111895,8,17,0.0
527,-6.486538857678933,12,13,0.0
528,-36.563347146041316,9,16,0.0
529,-46.67554339383011,8,17,0.0
530,-16.880347010736248,11,14,0.0
531,14.091516073613862,14,11,0.0
532,-35.71549419198866,9,16,0.0
533,-5.693179956726891,12,13,0.0
534,4.1911828373137725,13,12,0.0
535,-15.283747310994476,11,14,0.0
536,3.825262322741762,13,12,0.0
537,-27.486899108398703,10,15,0.0
538,5.06006042749094,13,12,0.0
539,-27.083381896411478,10,15,0.0
540,4.655599954042583,13,12,0.0
541,5.1152340437009665,13,12,0.0
542,-35.631441032727665,9,16,0.0
543,-26.14055992078611,10,15,0.0
544,-25.53596264547197,10,15,0.0
545,4.820592973802762,13,12,0.0
546,-15.602772113944594,11,14,0.0
547,-57.778940687732124,7,18,0.0
548,-16.020484335055034,11,14,0.0
549,-56.82831369399928,7,18,0.0
550,-37.40982020604193,9,16,0.0
551,-25.106584671328616,10,15,0.0
552,-25.65279781729016,10,15,0.0
553,-16.464526496435877,11,14,0.0
554,4.419535067898016,13,12,0.0
555,-39.06767742515238,9,16,0.0
556,-17.305064606430218,11,14,0.0
557,-15.01572132388282,11,14,0.0
558,-25.65502875934525,10,15,0.0
559,-16.834329415051357,11,14,0.0
560,-36.591776520493745,9,16,0.0
561,-5.593693731081204,12,13,0.0
562,5.196744000615698,13,12,0.0
563,-25.846416208603998,10,15,0.0
564,-25.286397882247748,10,15,0.0
565,-45.267160948080075,8,17,0.0
566,-25.748728803984328,10,15,0.0
567,-6.644121991091302,12,13,0.0
568,-26.383279910918677,10,15,0.0
569,-6.644246442915854,12,13,0.0
570,-26.223481772413937,10,15,0.0
571,-35.96818642193615,9,16,0.0
572,-15.927398619781952,11,14,0.0
573,-16.574550893158882,11,14,0.0
574,-37.57671798462269,9,16,0.0
575,-5.177800410840071,12,13,0.0
576,-16.710110843499876,11,14,0.0
577,15.576777088716806,14,11,0.0
578,-16.433583677284183,11,14,0.0
579,-15.496867740422498,11,14,0.0
580,-5.507748028445132,12,13,0.0
581,-28.085031150625454,10,15,0.0
582,-15.86227446732252,11,14,0.0
583,4.123648806526072,13,12,0.0
584,-15.526324727984022,11,14,0.0
585,-16.936242145300238,11,14,0.0
586,-16.904908480959715,11,14,0.0
587,-26.211653346770547,10,15,0.0
588,-44.56670576975271,8,17,0.0
589,-25.95298553305998,10,15,0.0
590,-14.561163511298865,11,14,0.0
591,15.42104734439804,14,11,0.0
592,-16.698641041708676,11,14,0.0
593,-24.865711606970105,10,15,0.0
594,-5.5009490730109425,12,13,0.0
595,-26.16835459767681,10,15,0.0
596,-56.54172010384944,7,18,0.0
597,-6.255196501800695,12,13,0.0
598,-5.990030447473551,12,13,0.0
599,-16.731134679974463,11,14,0.0
600,-5.791475513667894,12,13,0.0
601,4.449622136321231,13,12,0.0
602,-65.93455052898062,6,19,0.0
603,-25.712504272700166,10,15,0.0
604,-55.7255205218694,7,18,0.0
605,-16.201749758349166,11,14,0.0
606,-36.443761625396036,9,16,0.0
607,13.490680430264039,14,11,0.0
608,-15.519893939311654,11,14,0.0
609,-27.281808024217202,10,15,0.0
610,4.361419318973689,13,12,0.0
611,-15.41159962967837,11,14,0.0
612,-57.428713247557724,7,18,0.0
613,-27.458991409035058,10,15,0.0
614,4.9664938989626615,13,12,0.0
615,-46.32969809168125,8,17,0.0
616,-5.744681579626963,12,13,0.0
617,4.558360793888284,13,12,0.0
618,-16.19868491183649,11,14,0.0
619,2.977719642317707,13,12,0.0
620,-24.24560082031202,10,15,0.0
621,-35.19132097583469,9,16,0.0
622,-37.48107072497637,9,16,0.0
623,5.163867822023489,13,12,0.0
624,-15.9963097817661,11,14,0.0
625,-44.827732031812914,8,17,0.0
626,-16.428656407140735,11,14,0.0
627,-36.48111846384399,9,16,0.0
628,-36.64917388322786,9,16,0.0
629,-15.459109819260068,11,14,0.0
630,-15.001102705433949,11,14,0.0
631,-4.726461528344755,12,13,0.0
632,4.118991934424285,13,12,0.0
633,4.916238722608475,13,12,0.0
634,-6.856176253763998,12,13,0.0
635,-35.82522598117946,9,16,0.0
636,-37.348950333422124,9,16,0.0
637,-15.813002225301103,11,14,0.0
638,-5.668315513614728,12,13,0.0
639,5.3132954500442855,13,12,0.0
640,-7.602766217234279,12,13,0.0
641,-16.66749727827545,11,14,0.0
642,-26.410942703757456,10,15,0.0
643,-4.781994787509219,12,13,0.0
644,-26.480040778360546,10,15,0.0
645,-56.06613116848415,7,18,0.0
646,-26.82890040717164,10,15,0.0
647,-16.765242472125983,11,14,0.0
648,-15.2509316712026,11,14,0.0
649,4.823970608011666,13,12,0.0
650,-26.73743611395249,10,15,0.0
651,2.947381134560395,13,12,0.0
652,-4.718742909733692,12,13,0.0
653,-16.905987122118816,11,14,0.0
654,-15.501980089876405,11,14,0.0
655,14.291759041380915,14,11,0.0
656,-4.956860947709245,12,13,0.0
657,-5.766436037390978,12,13,0.0
658,-16.129159016106453,11,14,0.0
659,-14.284611006939393,11,14,0.0
660,-26.50414891885703,10,15,0.0
661,-27.150324076492538,10,15,0.0
662,-36.721878532236275,9,16,0.0
663,-25.339213160464375,10,15,0.0
664,-16.303824720880847,11,14,0.0
665,3.719781968066977,13,12,0.0
666,-5.176390330575964,12,13,0.0
667,3.766718854352062,13,12,0.0
668,-16.389575648640953,11,14,0.0
669,-16.323664526528177,11,14,0.0
670,34.10951845195937,16,9,0.0
671,-16.38252521925873,11,14,0.0
672,-5.664577357987141,12,13,0.0
673,-16.655397684990014,11,14,0.0
674,-25.228082068432094,10,15,0.0
675,24.81223087042848,15,10,0.0
676,14.200029333237879,14,11,0.0
677,-6.55210330084229,12,13,0.0
678,3.9422158992203737,13,12,0.0
679,-36.65576382695046,9,16,0.0
680,-24.7195290564755,10,15,0.0
681,-6.325476228306842,12,13,0.0
682,4.152109481865807,13,12,0.0
683,-5.987849696917469,12,13,0.0
684,-5.703960602432072,12,13,0.0
685,-6.823146201459906,12,13,0.0
686,4.362086836135827,13,12,0.0
687,-15.704815819338906,11,14,0.0
688,-17.219156035781108,11,14,0.0
689,-4.231523611609065,12,13,0.0
690,4.71063118781832,13,12,0.0
691,-27.00847601536071,10,15,0.0
692,-6.639748343804884,12,13,0.0
693,4.16373238345256,13,12,0.0
694,-26.255344722394707,10,15,0.0
695,13.361812177613324,14,11,0.0
696,-16.042456282006714,11,14,0.0
697,-46.11502229363769,8,17,0.0
698,-25.964209266979903,10,15,0.0
699,-15.371263767045562,11,14,0.0
700,-5.214328364831317,12,13,0.0
701,3.048283109402421,13,12,0.0
702,4.950698331078856,13,12,0.0
703,2.998766113394212,13,12,0.0
704,3.3518507114947544,13,12,0.0
705,3.926679743497089,13,12,0.0
706,-27.634420105290765,10,15,0.0
707,25.68456084230272,15,10,0.0
708,-16.68470972731046,11,14,0.0
709,-4.939589877789596,12,13,0.0
710,-34.97598478148437,9,16,0.0
711,3.467163692195525,13,12,0.0
712,-5.312914612188912,12,13,0.0
713,2.4244157127880075,13,12,0.0
714,-17.088467329882032,11,14,0.0
715,4.514478434671275,13,12,0.0
716,-16.573687617364214,11,14,0.0
717,-6.677260624194257,12,13,0.0
718,-47.661847215103634,8,17,0.0
719,-6.510078092696141,12,13,0.0
720,3.4628636444472782,13,12,0.0
721,-16.327359610136387,11,14,0.0
722,-15.80402310156443,11,14,0.0
723,-15.636559099673951,11,14,0.0
724,-5.776437651806877,12,13,0.0
725,-16.638780749373858,11,14,0.0
726,-56.257554608776296,7,18,0.0
727,-6.045287633177324,12,13,0.0
728,-16.04668046392033,11,14,0.0
729,-16.053140113946277,11,14,0.0
730,4.017168728609341,13,12,0.0
731,-6.9996891056775095,12,13,0.0
732,-25.3286996477625,10,15,0.0
733,-15.397896006491676,11,14,0.0
734,-16.74386078927883,11,14,0.0
735,3.6673399473163375,13,12,0.0
736,-5.495334125170794,12,13,0.0
737,2.6122189996129013,13,12,0.0
738,-6.732116193919509,12,13,0.0
739,-26.14173472720409,10,15,0.0
740,-27.264122078831708,10,15,0.0
741,-7.0028957466825785,12,13,0.0
742,-17.12590954001779,11,14,0.0
743,3.5189200219014776,13,12,0.0
744,-16.800905133215146,11,14,0.0
745,-25.984994188023062,10,15,0.0
746,-6.991593801310561,12,13,0.0
747,4.458926308095334,13,12,0.0
748,-16.57758130486644,11,14,0.0
749,-27.09619167879109,10,15,0.0
750,-5.499709333579212,12,13,0.0
751,-5.260991886295803,12,13,0.0
752,2.652038394502604,13,12,0.0
753,3.908798956524712,13,12,0.0
754,-6.142039804709829,12,13,0.0
755,-16.711402872515425,11,14,0.0
756,-16.14423905884172,11,14,0.0
757,-36.529502671116894,9,16,0.0
758,-16.77958102880965,11,14,0.0
759,-26.50141638570096,10,15,0.0
760,-26.51868928656233,10,15,0.0
761,-24.768519956063365,10,15,0.0
762,-17.089539774485104,11,14,0.0
763,-7.087338252187823,12,13,0.0
764,4.047659162979592,13,12,0.0
765,-25.657378680026476,10,15,0.0
766,-5.494496683036518,12,13,0.0
767,-5.251919073912416,12,13,0.0
768,-15.432296598714672,11,14,0.0
769,14.457980835761091,14,11,0.0
770,-38.277213987840426,9,16,0.0
771,-7.033078428187278,12,13,0.0
772,3.4309218972348035,13,12,0.0
773,-16.86146344697752,11,14,0.0
774,22.938511898663766,15,10,0.0
775,-27.603828098527025,10,15,0.0
776,3.7419349902893213,13,12,0.0
777,-17.177901216165896,11,14,0.0
778,-7.2917402898011225,12,13,0.0
779,-47.07205859201406,8,17,0.0
780,14.313387046109778,14,11,0.0
781,-5.555028636301381,12,13,0.0
782,14.119374327822248,14,11,0.0
783,3.6273070046722777,13,12,0.0
784,-16.084942180611527,11,14,0.0
785,-17.42824589921098,11,14,0.0
786,3.938033577334611,13,12,0.0
787,-27.129187707396923,10,15,0.0
788,-5.895598029210165,12,13,0.0
789,-16.7722682756997,11,14,0.0
790,-4.744346616418737,12,13,0.0
791,-5.428710787910662,12,13,0.0
792,-6.973724712137714,12,13,0.0
793,13.213714397337814,14,11,0.0
794,13.896316401754667,14,11,0.0
795,-16.52863024172447,11,14,0.0
796,3.99837492195372,13,12,0.0
797,-7.0063049707980545,12,13,0.0
798,14.582250418854013,14,11,0.0
799,14.362088445864938,14,11,0.0
800,-26.14039207934799,10,15,0.0
801,24.25904428383066,15,10,0.0
802,13.52011929827194,14,11,0.0
803,-7.430307143239796,12,13,0.0
804,-3.669133716046665,12,13,0.0
805,-17.03921480138123,11,14,0.0
806,4.307630969775893,13,12,0.0
807,13.040263732079248,14,11,0.0
808,13.524066253656192,14,11,0.0
809,3.7237081272262524,13,12,0.0
810,3.270220578045082,13,12,0.0
811,-5.717785963988516,12,13,0.0
812,3.3147909570492144,13,12,0.0
813,-17.085499937535616,11,14,0.0
814,4.295873145662977,13,12,0.0
815,-6.929017079195923,12,13,0.0
816,-6.541841732863016,12,13,0.0
817,34.51399173338848,16,9,0.0
818,24.026990276267803,15,10,0.0
819,-5.189423627085154,12,13,0.0
820,14.318981418398888,14,11,0.0
821,-25.082142911390353,10,15,0.0
822,-27.13367259306134,10,15,0.0
823,3.9313635373941387,13,12,0.0
824,-15.844008395803506,11,14,0.0
825,-15.647796462117832,11,14,0.0
826,-5.236707417520972,12,13,0.0
827,-15.415097217701485,11,14,0.0
828,-26.336218176463696,10,15,0.0
829,-6.461816935846349,12,13,0.0
830,25.153123854419416,15,10,0.0
831,4.638278258688275,13,12,0.0
832,-16.31902258897674,11,14,0.0
833,4.599552484997016,13,12,0.0
834,-6.613495743287399,12,13,0.0
835,14.599467850163425,14,11,0.0
836,14.183222127217519,14,11,0.0
837,3.8547138826218754,13,12,0.0
838,13.408567175555278,14,11,0.0
839,-26.481874036622735,10,15,0.0
840,14.302427296161548,14,11,0.0
841,13.80105610980298,14,11,0.0
842,14.597427697003901,14,11,0.0
843,-7.117057170821393,12,13,0.0
844,-15.385938009287134,11,14,0.0
845,-6.537700335958581,12,13,0.0
846,-5.4071886305309915,12,13,0.0
847,-17.908978510778823,11,14,0.0
848,4.904077334541122,13,12,0.0
849,-7.0779711132871315,12,13,0.0
850,14.143020695236807,14,11,0.0
851,-5.181378814794991,12,13,0.0
852,14.802480755569292,14,11,0.0
853,-5.8702262167178265,12,13,0.0
854,-6.170743998080525,12,13,0.0
855,4.04089375988855,13,12,0.0
856,4.401520997543352,13,12,0.0
857,-7.550564299298728,12,13,0.0
858,3.006996170873566,13,12,0.0
859,23.288742633963885,15,10,0.0
860,-7.10245942314532,12,13,0.0
861,14.662670351369915,14,11,0.0
862,-6.250081876462535,12,13,0.0
863,23.99102474445638,15,10,0.0
864,4.315995848573781,13,12,0.0
865,14.948180586493393,14,11,0.0
866,-4.985754659755652,12,13,0.0
867,-6.78461596573676,12,13,0.0
868,4.326549011589502,13,12,0.0
869,-18.295306168736033,11,14,0.0
870,-16.711912850434437,11,14,0.0
871,-14.644687821710008,11,14,0.0
872,13.4811209727166,14,11,0.0
873,-6.3336965706593364,12,13,0.0
874,3.609811961070122,13,12,0.0
875,-26.4436218525402,10,15,0.0
876,-17.679978427418916,11,14,0.0
877,-16.16381948092308,11,14,0.0
878,-6.530400126913565,12,13,0.0
879,4.18183592688605,13,12,0.0
880,-6.3344292849938135,12,13,0.0
881,14.809894222340862,14,11,0.0
882,-16.381063830820363,11,14,0.0
883,3.932337845430326,13,12,0.0
884,-5.904953923330913,12,13,0.0
885,4.248778558964808,13,12,0.0
886,-6.244071974306022,12,13,0.0
887,14.086795484721575,14,11,0.0
888,2.891396751534786,13,12,0.0
889,13.049627832503129,14,11,0.0
890,-26.98482143862097,10,15,0.0
891,-16.558262502519185,11,14,0.0
892,-6.054505918530267,12,13,0.0
893,-27.070568490388116,10,15,0.0
894,-17.752715181301756,11,14,0.0
895,22.757326638027337,15,10,0.0
896,2.9363673824264334,13,12,0.0
897,13.43856185563173,14,11,0.0
898,5.2863615327573985,13,12,0.0
899,15.250490173949553,14,11,0.0
900,2.3029798296464556,13,12,0.0
901,-5.973123249905806,12,13,0.0
902,14.875798396118416,14,11,0.0
903,-27.343071586399915,10,15,0.0
904,25.26188936886856,15,10,0.0
905,-6.020366769297057,12,13,0.0
906,-15.164478559815507,11,14,0.0
907,-26.41902511607634,10,15,0.0
908,-17.725191787789896,11,14,0.0
909,23.971680690073867,15,10,0.0
910,-4.9123460495025455,12,13,0.0
911,-6.580286692770764,12,13,0.0
912,-17.530485327060493,11,14,0.0
913,-6.887264310803955,12,13,0.0
914,-6.508273726072787,12,13,0.0
915,-6.488651270921363,12,13,0.0
916,-16.479669985305662,11,14,0.0
917,-16.173175017782025,11,14,0.0
918,3.8030965816084654,13,12,0.0
919,-6.327465002822844,12,13,0.0
920,-15.741632135667949,11,14,0.0
921,-15.708443992609773,11,14,0.0
922,-25.921935169059843,10,15,0.0
923,13.395892523941562,14,11,0.0
924,-6.463204805512291,12,13,0.0
925,-36.292606331783965,9,16,0.0
926,-37.26053087563288,9,16,0.0
927,4.044437388729922,13,12,0.0
928,13.982419426576186,14,11,0.0
929,-17.555717129633997,11,14,0.0
930,-16.915224623774908,11,14,0.0
931,-18.281190904863873,11,14,0.0
932,14.506009549485109,14,11,0.0
933,2.590182368729712,13,12,0.0
934,-17.988559081344178,11,14,0.0
935,-26.005044879996905,10,15,0.0
936,14.38857839071393,14,11,0.0
937,-6.804774467645769,12,13,0.0
938,-37.45044184584543,9,16,0.0
939,-6.939500401553935,12,13,0.0
940,3.3058973245771757,13,12,0.0
941,14.124542856964654,14,11,0.0
942,-16.007136618828923,11,14,0.0
943,3.430096179034585,13,12,0.0
944,-16.154343876219702,11,14,0.0
945,-7.022143022226458,12,13,0.0
946,-6.299290628895592,12,13,0.0
947,13.390964614103934,14,11,0.0
948,-6.149370883432878,12,13,0.0
949,-16.124151473944757,11,14,0.0
950,13.475268102991823,14,11,0.0
951,3.5896349449744003,13,12,0.0
952,14.563913933686077,14,11,0.0
953,-7.394800079366574,12,13,0.0
954,23.981209510149377,15,10,0.0
955,13.320056039555409,14,11,0.0
956,-26.080419648989256,10,15,0.0
957,-17.565985397704527,11,14,0.0
958,12.905997829034055,14,11,0.0
959,-6.415317096272538,12,13,0.0
960,-6.071969012664808,12,13,0.0
961,4.121130792500724,13,12,0.0
962,-26.415875566442992,10,15,0.0
963,-6.1726178317950495,12,13,0.0
964,1.942653073333406,13,12,0.0
965,14.45099201969104,14,11,0.0
966,13.903610627701777,14,11,0.0
967,-17.435863931085628,11,14,0.0
968,4.100463753116682,13,12,0.0
969,3.8575554514180235,13,12,0.0
970,4.82308831498011,13,12,0.0
971,-15.918740042702309,11,14,0.0
972,12.779285562907859,14,11,0.0
973,3.157789254163579,13,12,0.0
974,3.797418569831211,13,12,0.0
975,35.07564907897656,16,9,0.0
976,2.6803560432983957,13,12,0.0
977,2.569604150554796,13,12,0.0
978,-7.138210393379197,12,13,0.0
979,-15.716621863345429,11,14,0.0
980,13.68462417197789,14,11,0.0
981,5.02481117199536,13,12,0.0
982,-6.882778417366536,12,13,0.0
983,33.79306049041588,16,9,0.0
984,14.049127811209862,14,11,0.0
985,13.501750836097456,14,11,0.0
986,33.12100044696345,16,9,0.0
987,14.243491850467485,14,11,0.0
988,14.799256335488916,14,11,0.0
989,-6.429857838438092,12,13,0.0
990,4.082475464249864,13,12,0.0
991,24.626798250556497,15,10,0.0
992,-4.8355231849544875,12,13,0.0
993,3.2101284074683436,13,12,0.0
994,-16.92223768341899,11,14,0.0
995,13.262774254675964,14,11,0.0
996,3.447600245401162,13,12,0.0
997,3.0308036146816644,13,12,0.0
998,4.295800411571265,13,12,0.0
999,-7.163274644387532,12,13,0.0
1000,14.563368901299096,14,11,0.0
1001,-7.296706271875431,12,13,0.0
1002,13.963794351038697,14,11,0.0
1003,3.934663560645526,13,12,0.0
1004,4.464982992914564,13,12,0.0
1005,14.643031065535212,14,11,0.0
1006,-15.614126521189169,11,14,0.0
1007,3.3420858884374995,13,12,0.0
1008,13.399799351956505,14,11,0.0
1009,15.006902520509467,14,11,0.0
1010,3.3364837300523185,13,12,0.0
1011,12.685685024813457,14,11,0.0
1012,14.548050217078199,14,11,0.0
1013,-5.821658718383209,12,13,0.0
1014,-17.108082602673093,11,14,0.0
1015,4.131856580064489,13,12,0.0
1016,-26.72215037373509,10,15,0.0
1017,33.2543232890896,16,9,0.0
1018,14.097057043324327,14,11,0.0
1019,-6.284559319296427,12,13,0.0
1020,13.94192249963554,14,11,0.0
1021,13.986897634714778,14,11,0.0
1022,-27.320809841345426,10,15,0.0
1023,4.513670410056591,13,12,0.0
1024,23.718135374657166,15,10,0.0
1025,3.747343977151846,13,12,0.0
1026,3.7911582464624285,13,12,0.0
1027,2.9907553744568722,13,12,0.0
1028,-5.934256102217273,12,13,0.0
1029,-6.372510506713774,12,13,0.0
1030,13.631615570559237,14,11,0.0
1031,-6.969032004920279,12,13,0.0
1032,3.099976324428707,13,12,0.0
1033,33.516787967386605,16,9,0.0
1034,12.768206295345578,14,11,0.0
1035,-7.791197992789288,12,13,0.0
1036,14.027023165910323,14,11,0.0
1037,13.067440746601292,14,11,0.0
1038,24.16342634975171,15,10,0.0
1039,4.750891803287804,13,12,0.0
1040,-16.323050891545336,11,14,0.0
1041,3.7690718875036815,13,12,0.0
1042,-16.210745993907835,11,14,0.0
1043,-17.382016747410418,11,14,0.0
1044,-7.892719617378331,12,13,0.0
1045,4.006375260892177,13,12,0.0
1046,3.8167468780980744,13,12,0.0
1047,4.136828008533518,13,12,0.0
1048,-26.943463808958654,10,15,0.0
1049,-16.512772319681496,11,14,0.0
1050,3.114113302184704,13,12,0.0
1051,3.132492445218096,13,12,0.0
1052,-7.0454967476962125,12,13,0.0
1053,-5.3615427683936066,12,13,0.0
1054,13.008073552736217,14,11,0.0
1055,12.824579617064886,14,11,0.0
1056,13.375975259721974,14,11,0.0
1057,4.044629906466416,13,12,0.0
1058,13.727172378451641,14,11,0.0
1059,-6.969394558453718,12,13,0.0
1060,-17.35245365530853,11,14,0.0
1061,-17.498248591330494,11,14,0.0
1062,-7.0743327823809885,12,13,0.0
1063,-28.66291336397242,10,15,0.0
1064,-6.258360323634989,12,13,0.0
1065,14.162309268872082,14,11,0.0
1066,4.068014237602253,13,12,0.0
1067,-6.572633368214142,12,13,0.0
1068,-6.45142086093149,12,13,0.0
1069,-7.3296096721627535,12,13,0.0
1070,4.221748860167454,13,12,0.0
1071,4.689104950979112,13,12,0.0
1072,4.548794444884281,13,12,0.0
1073,4.035332880346178,13,12,0.0
1074,-26.53399129801056,10,15,0.0
1075,24.066440578807864,15,10,0.0
1076,3.593070880324087,13,12,0.0
1077,3.6505143742640804,13,12,0.0
1078,4.059475385205282,13,12,0.0
1079,14.244901999141208,14,11,0.0
1080,13.145995259002712,14,11,0.0
1081,-4.83960007332673,12,13,0.0
1082,13.883845788242164,14,11,0.0
1083,-5.361466476077686,12,13,0.0
1084,3.228319261283846,13,12,0.0
1085,24.748697128758376,15,10,0.0
1086,3.2338682458899584,13,12,0.0
1087,2.8031818786255913,13,12,0.0
1088,14.243910260922561,14,11,0.0
1089,-17.989701842780672,11,14,0.0
1090,2.859101905325296,13,12,0.0
1091,-7.427899898337979,12,13,0.0
1092,3.0373959782136266,13,12,0.0
1093,34.92745099600675,16,9,0.0
1094,4.831853692205131,13,12,0.0
1095,4.0322754502345255,13,12,0.0
1096,-17.111334418947084,11,14,0.0
1097,14.974152571423367,14,11,0.0
1098,-26.005823624116836,10,15,0.0
1099,13.704896317052341,14,11,0.0
1100,-27.580266878941156,10,15,0.0
1101,3.592866641761022,13,12,0.0
1102,-16.548340375911014,11,14,0.0
1103,-5.7229850439746,12,13,0.0
1104,12.939961875845936,14,11,0.0
1105,2.6770212277622623,13,12,0.0
1106,-17.329744601244123,11,14,0.0
1107,13.97254504950475,14,11,0.0
1108,14.215998242768702,14,11,0.0
1109,3.0326238803015326,13,12,0.0
1110,14.425078339142864,14,11,0.0
1111,14.105175319223884,14,11,0.0
1112,-8.336600101006352,12,13,0.0
1113,3.847664221018084,13,12,0.0
1114,-6.099404784288541,12,13,0.0
1115,-26.903097389075818,10,15,0.0
1116,24.88274484562223,15,10,0.0
1117,-6.4205170126806586,12,13,0.0
1118,-5.961005463771227,12,13,0.0
1119,34.238034052662414,16,9,0.0
1120,-6.858929055478299,12,13,0.0
1121,4.028402400296818,13,12,0.0
1122,-17.015566916366307,11,14,0.0
1123,3.1006731181483085,13,12,0.0
1124,24.78244903176598,15,10,0.0
1125,4.1368562900831645,13,12,0.0
1126,-5.9387589037048425,12,13,0.0
1127,-17.356748828372634,11,14,0.0
1128,-15.360620217029531,11,14,0.0
1129,32.291469841090475,16,9,0.0
1130,4.563347124694726,13,12,0.0
1131,24.24715901802449,15,10,0.0
1132,13.771812363901054,14,11,0.0
1133,2.3023327343411975,13,12,0.0
1134,24.480687892555114,15,10,0.0
1135,-17.451094464264163,11,14,0.0
1136,23.434376637987782,15,10,0.0
1137,24.26174856092547,15,10,0.0
1138,-36.64682229447626,9,16,0.0
1139,13.316647388674367,14,11,0.0
1140,-5.962265464689525,12,13,0.0
1141,14.7148833099306,14,11,0.0
1142,4.080346983727972,13,12,0.0
1143,4.142759670432263,13,12,0.0
1144,-6.668005405456276,12,13,0.0
1145,-6.501108147904737,12,13,0.0
1146,3.2264449519780394,13,12,0.0
1147,13.036626539477847,14,11,0.0
1148,13.45327551390562,14,11,0.0
1149,3.677574925685936,13,12,0.0
1150,22.397023256451675,15,10,0.0
1151,23.846761622560763,15,10,0.0
1152,2.520847410787254,13,12,0.0
1153,3.2384798149268255,13,12,0.0
1154,3.739260745896961,13,12,0.0
1155,-25.024890896402894,10,15,0.0
1156,-17.172851253800253,11,14,0.0
1157,-6.2329141978684595,12,13,0.0
1158,2.845531187832198,13,12,0.0
1159,23.535628810532522,15,10,0.0
1160,14.587447182369125,14,11,0.0
1161,-6.281170197679283,12,13,0.0
1162,3.793424723937088,13,12,0.0
1163,-37.01699896204745,9,16,0.0
1164,22.99704950488304,15,10,0.0
1165,13.424160877847731,14,11,0.0
1166,24.33473090597539,15,10,0.0
1167,25.546088844244082,15,10,0.0
1168,5.622467468262865,13,12,0.0
1169,4.073356291309964,13,12,0.0
1170,3.7346122650163136,13,12,0.0
1171,4.309377750488302,13,12,0.0
1172,14.283911453295005,14,11,0.0
1173,-25.30866651616535,10,15,0.0
1174,15.270378646873034,14,11,0.0
1175,35.02970256844913,16,9,0.0
1176,-6.894961783474295,12,13,0.0
1177,3.9848317434665317,13,12,0.0
1178,13.848931319407674,14,11,0.0
1179,23.278353944616114,15,10,0.0
1180,4.267823561124518,13,12,0.0
1181,3.411836660995829,13,12,0.0
1182,-28.042170237427857,10,15,0.0
1183,13.53621671396634,14,11,0.0
1184,-16.879151310058585,11,14,0.0
1185,-7.433360843566883,12,13,0.0
1186,13.070510515965976,14,11,0.0
1187,4.078365273705492,13,12,0.0
1188,2.676284908198604,13,12,0.0
1189,4.314618210787953,13,12,0.0
1190,3.5170868878862263,13,12,0.0
1191,3.1290027878598607,13,12,0.0
1192,13.620808874090272,14,11,0.0
1193,-5.549993571289053,12,13,0.0
1194,-6.165407304376733,12,13,0.0
1195,15.561524309652949,14,11,0.0
1196,11.522304703349592,14,11,0.0
1197,14.517344603052006,14,11,0.0
1198,-25.982380776416562,10,15,0.0
1199,3.5578505144516948,13,12,0.0
1200,13.954355675486996,14,11,0.0
1201,3.6063468287951848,13,12,0.0
1202,-17.225026130038387,11,14,0.0
1203,4.267101368259112,13,12,0.0
1204,-6.1990350205394265,12,13,0.0
1205,-5.5413694390499195,12,13,0.0
1206,4.557876010593332,13,12,0.0
1207,-7.289384226635395,12,13,0.0
1208,3.109898535804118,13,12,0.0
1209,3.8538435210198756,13,12,0.0
1210,13.024005801489544,14,11,0.0
1211,13.511968567655858,14,11,0.0
1212,25.058706602733036,15,10,0.0
1213,-7.777392137479035,12,13,0.0
1214,34.740113468812616,16,9,0.0
1215,4.9647527251265435,13,12,0.0
1216,4.103703208796978,13,12,0.0
1217,2.624995786722935,13,12,0.0
1218,3.309855038407505,13,12,0.0
1219,13.933243767421661,14,11,0.0
1220,-6.6487029211893285,12,13,0.0
1221,3.6481190761822857,13,12,0.0
1222,13.115328946663908,14,11,0.0
1223,-7.8112395336724605,12,13,0.0
1224,14.229513713167602,14,11,0.0
1225,-5.600102940555877,12,13,0.0
1226,14.6277321253046,14,11,0.0
1227,25.135998517778454,15,10,0.0
1228,-17.029983840666432,11,14,0.0
1229,14.831562754953005,14,11,0.0
1230,-7.094344729323542,12,13,0.0
1231,23.874336535032214,15,10,0.0
1232,33.70066735029439,16,9,0.0
1233,-7.481350755828597,12,13,0.0
1234,24.64300308324912,15,10,0.0
1235,23.786219628734223,15,10,0.0
1236,4.6355663768183595,13,12,0.0
1237,4.078150793089595,13,12,0.0
1238,-28.55197471643677,10,15,0.0
1239,2.9115027583613537,13,12,0.0
1240,23.91717763801082,15,10,0.0
1241,23.77597294310621,15,10,0.0
1242,3.6772378297566473,13,12,0.0
1243,11.909877282120387,14,11,0.0
1244,-8.011879051558791,12,13,0.0
1245,23.68644081657443,15,10,0.0
1246,24.843009184528242,15,10,0.0
1247,13.871779885163763,14,11,0.0
1248,3.344082296409927,13,12,0.0
1249,13.640790014169088,14,11,0.0
1250,-8.038630707848998,12,13,0.0
1251,14.21825186783258,14,11,0.0
1252,-16.25417141088365,11,14,0.0
1253,4.757830055556441,13,12,0.0
1254,-25.816492980427476,10,15,0.0
1255,23.549867489479784,15,10,0.0
1256,14.696951574650083,14,11,0.0
1257,-6.432026795592593,12,13,0.0
1258,2.069700496276392,13,12,0.0
1259,2.9396098715115055,13,12,0.0
1260,13.460960015666942,14,11,0.0
1261,2.4355608534259177,13,12,0.0
1262,24.47960714196556,15,10,0.0
1263,-25.944796135670927,10,15,0.0
1264,13.489055536741724,14,11,0.0
1265,3.7155657834130658,13,12,0.0
1266,-17.553373412009428,11,14,0.0
1267,13.871891180169385,14,11,0.0
1268,24.076646218004296,15,10,0.0
1269,2.6444898367465504,13,12,0.0
1270,13.807433396632444,14,11,0.0
1271,13.51997641000122,14,11,0.0
1272,34.45947687598721,16,9,0.0
1273,3.353371799459997,13,12,0.0
1274,3.8957539462153012,13,12,0.0
1275,-27.055684996081645,10,15,0.0
1276,-17.880229324170372,11,14,0.0
1277,14.477316847251831,14,11,0.0
1278,23.142282109649333,15,10,0.0
1279,13.348763161651725,14,11,0.0
1280,13.557386820066885,14,11,0.0
1281,-6.450854915683965,12,13,0.0
1282,14.628275224470991,14,11,0.0
1283,14.708541846227797,14,11,0.0
1284,23.810593995199703,15,10,0.0
1285,14.573388334528403,14,11,0.0
1286,3.5022375068205616,13,12,0.0
1287,13.273679561119543,14,11,0.0
1288,13.7873051410116,14,11,0.0
1289,24.556779247247956,15,10,0.0
1290,-6.295656011255961,12,13,0.0
1291,4.077863143796611,13,12,0.0
1292,-16.082000981880537,11,14,0.0
1293,3.1819293460916525,13,12,0.0
1294,34.68931383114954,16,9,0.0
1295,14.08618295404478,14,11,0.0
1296,4.49482432014265,13,12,0.0
1297,25.26065984687228,15,10,0.0
1298,4.80932853229527,13,12,0.0
1299,-7.683055036372543,12,13,0.0
1300,24.56084759899955,15,10,0.0
1301,3.4693186492235304,13,12,0.0
1302,22.905048073318145,15,10,0.0
1303,-17.352331206385294,11,14,0.0
1304,24.8076851923352,15,10,0.0
1305,24.72835931184705,15,10,0.0
1306,-36.96272554735273,9,16,0.0
1307,3.8175619453193583,13,12,0.0
1308,-8.032555465343462,12,13,0.0
1309,24.88539498285232,15,10,0.0
1310,3.407978565752207,13,12,0.0
1311,14.527372532165105,14,11,0.0
1312,4.4222095479700245,13,12,0.0
1313,4.231611997414053,13,12,0.0
1314,12.517093490745498,14,11,0.0
1315,4.5721928502403815,13,12,0.0
1316,23.815860963463976,15,10,0.0
1317,3.011607940482439,13,12,0.0
1318,13.979146599155767,14,11,0.0
1319,2.8142787952864476,13,12,0.0
1320,-6.149060941541599,12,13,0.0
1321,12.169601986405523,14,11,0.0
1322,1.646782962583841,13,12,0.0
1323,-7.27489319931613,12,13,0.0
1324,4.164450083543812,13,12,0.0
1325,4.8930785929228175,13,12,0.0
1326,-7.297051694504348,12,13,0.0
1327,-7.869134859858667,12,13,0.0
1328,-26.231589639458157,10,15,0.0
1329,-17.86288873445131,11,14,0.0
1330,-5.14340660580575,12,13,0.0
1331,24.86439386112464,15,10,0.0
1332,-6.63542589493366,12,13,0.0
1333,13.315927614602835,14,11,0.0
1334,-16.52399848896522,11,14,0.0
1335,3.5893743091138735,13,12,0.0
1336,24.112539235563027,15,10,0.0
1337,13.153227065124373,14,11,0.0
1338,3.3035894314453023,13,12,0.0
1339,14.376518513752353,14,11,0.0
1340,3.4660292974448446,13,12,0.0
1341,13.04763612872798,14,11,0.0
1342,3.539833614812439,13,12,0.0
1343,12.64444401850404,14,11,0.0
1344,-16.04831245084092,11,14,0.0
1345,-5.991727619491424,12,13,0.0
1346,-27.660773947930537,10,15,0.0
1347,13.846216214775964,14,11,0.0
1348,-15.681683091892268,11,14,0.0
1349,3.207889216850237,13,12,0.0
1350,13.082253225464521,14,11,0.0
1351,23.732465330085176,15,10,0.0
1352,-7.898638458998563,12,13,0.0
1353,23.801115594738427,15,10,0.0
1354,15.199366046111368,14,11,0.0
1355,2.7716543260129045,13,12,0.0
1356,3.673597788448936,13,12,0.0
1357,23.708691168687277,15,10,0.0
1358,3.1135466132706826,13,12,0.0
1359,3.9198775549442746,13,12,0.0
1360,14.294041481502369,14,11,0.0
1361,13.69508328725325,14,11,0.0
1362,14.51235283144138,14,11,0.0
1363,15.253468624374573,14,11,0.0
1364,-6.519746533739079,12,13,0.0
1365,-26.116547414474326,10,15,0.0
1366,33.30720753087337,16,9,0.0
1367,-16.910373337717125,11,14,0.0
1368,12.683887207620469,14,11,0.0
1369,-7.686879323229604,12,13,0.0
1370,4.815258738287234,13,12,0.0
1371,23.50377861714582,15,10,0.0
1372,23.072267195734884,15,10,0.0
1373,-18.436537806094115,11,14,0.0
1374,34.90104638155498,16,9,0.0
1375,2.8965433819734203,13,12,0.0
1376,-6.5801051257181795,12,13,0.0
1377,4.148002566397625,13,12,0.0
1378,14.235242162446623,14,11,0.0
1379,14.908565066091029,14,11,0.0
1380,26.15941674447492,15,10,0.0
1381,4.029584038139579,13,12,0.0
1382,-15.126502356074361,11,14,0.0
1383,14.11150897466467,14,11,0.0
1384,-6.292271298431498,12,13,0.0
1385,12.730239479576753,14,11,0.0
1386,3.3629438697519247,13,12,0.0
1387,3.324659505138823,13,12,0.0
1388,13.241045904286665,14,11,0.0
1389,-17.367433978825762,11,14,0.0
1390,3.8430463903887944,13,12,0.0
1391,14.821636850338464,14,11,0.0
1392,2.7929829148955863,13,12,0.0
1393,2.3876696860464426,13,12,0.0
1394,-17.534966042806772,11,14,0.0
1395,-7.411353748302478,12,13,0.0
1396,-6.939101621869385,12,13,0.0
1397,23.443673456386833,15,10,0.0
1398,23.1768871606481,15,10,0.0
1399,14.13551799480204,14,11,0.0
1400,13.752146101599717,14,11,0.0
1401,25.25237654113704,15,10,0.0
1402,15.639832600425315,14,11,0.0
1403,13.951429965934045,14,11,0.0
1404,-6.15076983437342,12,13,0.0
1405,4.167866810481317,13,12,0.0
1406,13.928340621130918,14,11,0.0
1407,-17.71269788045821,11,14,0.0
1408,12.995090109179456,14,11,0.0
1409,-15.608115768128279,11,14,0.0
1410,13.026338116909526,14,11,0.0
1411,13.091656973674178,14,11,0.0
1412,3.1510332913409247,13,12,0.0
1413,3.0227299177872746,13,12,0.0
1414,-15.75967079525702,11,14,0.0
1415,23.674735935049004,15,10,0.0
1416,4.212745749175056,13,12,0.0
1417,-6.252472078342901,12,13,0.0
1418,-17.301413285342626,11,14,0.0
1419,-7.599111240366598,12,13,0.0
1420,3.884343822112046,13,12,0.0
1421,3.6418565692749976,13,12,0.0
1422,3.414851672327668,13,12,0.0
1423,23.702591728869812,15,10,0.0
1424,2.8943347399058728,13,12,0.0
1425,14.065476481280767,14,11,0.0
1426,13.585143467446636,14,11,0.0
1427,23.47468183213571,15,10,0.0
1428,-37.313613171871836,9,16,0.0
1429,3.8099590446153506,13,12,0.0
1430,14.357076819795376,14,11,0.0
1431,23.397185532742228,15,10,0.0
1432,14.187441869940235,14,11,0.0
1433,14.181933549041002,14,11,0.0
1434,2.9486811177076833,13,12,0.0
1435,35.08296780681606,16,9,0.0
1436,-7.364955638347918,12,13,0.0
1437,14.66836772428542,14,11,0.0
1438,4.1939469963028975,13,12,0.0
1439,3.657861331663703,13,12,0.0
1440,-15.180101441062556,11,14,0.0
1441,-16.28238489816149,11,14,0.0
1442,13.217870497488297,14,11,0.0
1443,32.67730736075368,16,9,0.0
1444,22.933906889512443,15,10,0.0
1445,3.1176232342748715,13,12,0.0
1446,4.0620774923035246,13,12,0.0
1447,12.407085154728655,14,11,0.0
1448,14.255226118837715,14,11,0.0
1449,-5.971660340371933,12,13,0.0
1450,13.6947056703838,14,11,0.0
1451,13.911573071334216,14,11,0.0
1452,44.04992156211306,17,8,0.0
1453,4.162070178433181,13,12,0.0
1454,25.931227672422324,15,10,0.0
1455,14.446118974140905,14,11,0.0
1456,-5.994836539130967,12,13,0.0
1457,34.11111441271567,16,9,0.0
1458,3.420132335067814,13,12,0.0
1459,-7.105304530805258,12,13,0.0
1460,35.66165130813031,16,9,0.0
1461,13.430932284720681,14,11,0.0
1462,13.823554633386475,14,11,0.0
1463,14.03848770962894,14,11,0.0
1464,4.43483112281111,13,12,0.0
1465,3.1119558651301817,13,12,0.0
1466,14.303644570157799,14,11,0.0
1467,3.019964148455892,13,12,0.0
1468,23.18882426067179,15,10,0.0
1469,-7.6162908619734795,12,13,0.0
1470,24.084007003161567,15,10,0.0
1471,5.061120715552616,13,12,0.0
1472,13.4488158049837,14,11,0.0
1473,24.410523710211983,15,10,0.0
1474,-7.6197922263302305,12,13,0.0
1475,2.2000682117207324,13,12,0.0
1476,3.19860831939655,13,12,0.0
1477,-5.249144681757312,12,13,0.0
1478,13.305546757294728,14,11,0.0
1479,23.85051549839666,15,10,0.0
1480,13.073618802902763,14,11,0.0
1481,2.3969561281820146,13,12,0.0
1482,33.25682782078305,16,9,0.0
1483,23.03082835777099,15,10,0.0
1484,-5.441668185909588,12,13,0.0
1485,-7.225651413116584,12,13,0.0
1486,10.928272414260604,14,11,0.0
1487,13.316095959116897,14,11,0.0
1488,-6.411092448750832,12,13,0.0
1489,2.5552184174644417,13,12,0.0
1490,-7.370408447594518,12,13,0.0
1491,-5.8547849304783375,12,13,0.0
1492,34.32971852170927,16,9,0.0
1493,4.123638610493751,13,12,0.0
1494,-6.233468293764171,12,13,0.0
1495,23.288779185706904,15,10,0.0
1496,4.358565359968783,13,12,0.0
1497,24.480007717598014,15,10,0.0
1498,35.13904757349338,16,9,0.0
1499,3.7628673990727286,13,12,0.0
1500,-6.964265826544704,12,13,0.0
1501,13.815716909129693,14,11,0.0
1502,4.705279166171962,13,12,0.0
1503,23.139101246103074,15,10,0.0
1504,12.505927164816477,14,11,0.0
1505,-17.94626681150579,11,14,0.0
1506,12.329745121997602,14,11,0.0
1507,22.373199117057027,15,10,0.0
1508,3.6890378822902017,13,12,0.0
1509,12.721239297181992,14,11,0.0
1510,22.968559326267258,15,10,0.0
1511,2.5052431978708323,13,12,0.0
1512,23.693860801807645,15,10,0.0
1513,13.152170513085832,14,11,0.0
1514,3.56877961358561,13,12,0.0
1515,4.699884610136169,13,12,0.0
1516,2.972894408286632,13,12,0.0
1517,14.457716459614216,14,11,0.0
1518,13.515602518262325,14,11,0.0
1519,13.279120471921168,14,11,0.0
1520,13.83179412087986,14,11,0.0
1521,13.20245824109312,14,11,0.0
1522,43.150527798823745,17,8,0.0
1523,23.84732299241842,15,10,0.0
1524,12.878828742168903,14,11,0.0
1525,22.594380701920315,15,10,0.0
1526,2.765359212190809,13,12,0.0
1527,12.992273275055995,14,11,0.0
1528,14.747687435185998,14,11,0.0
1529,12.280500549409592,14,11,0.0
1530,4.617361704855425,13,12,0.0
1531,12.741545501055741,14,11,0.0
1532,3.716443162574323,13,12,0.0
1533,23.294672444840366,15,10,0.0
1534,-17.327053975389614,11,14,0.0
1535,-6.347139597320983,12,13,0.0
1536,23.296153724989026,15,10,0.0
1537,-6.951816919991895,12,13,0.0
1538,-6.828366524012271,12,13,0.0
1539,12.941742994061585,14,11,0.0
1540,24.485285316327033,15,10,0.0
1541,25.771887975477863,15,10,0.0
1542,-6.865953329675875,12,13,0.0
1543,11.389513135267357,14,11,0.0
1544,14.474999341042688,14,11,0.0
1545,22.406257428606988,15,10,0.0
1546,23.096318121500214,15,10,0.0
1547,14.746068983569543,14,11,0.0
1548,23.894146767391952,15,10,0.0
1549,-7.047254436964608,12,13,0.0
1550,-6.256454537155349,12,13,0.0
1551,14.095691565701843,14,11,0.0
1552,3.7491595601292707,13,12,0.0
1553,2.9977377728488,13,12,0.0
1554,34.87495560689029,16,9,0.0
1555,-7.1167138798214955,12,13,0.0
1556,32.68063343910303,16,9,0.0
1557,22.972236682974785,15,10,0.0
1558,1.8674784362288306,13,12,0.0
1559,-7.211887016048455,12,13,0.0
1560,3.1270756871208794,13,12,0.0
1561,4.143774404244726,13,12,0.0
1562,3.945477283448648,13,12,0.0
1563,4.799802554510618,13,12,0.0
1564,-6.979816593241364,12,13,0.0
1565,2.8873081273782697,13,12,0.0
1566,-7.830179175018805,12,13,0.0
1567,22.902160329245376,15,10,0.0
1568,14.087246929484976,14,11,0.0
1569,23.348445076137583,15,10,0.0
1570,23.672997363078633,15,10,0.0
1571,13.4531932558506,14,11,0.0
1572,22.776396969021846,15,10,0.0
1573,3.162474036884137,13,12,0.0
1574,14.24287307920995,14,11,0.0
1575,3.6638269509638492,13,12,0.0
1576,23.75927552374259,15,10,0.0
1577,3.4348248505891648,13,12,0.0
1578,4.668672550517068,13,12,0.0
1579,-6.905252520697024,12,13,0.0
1580,22.112873757698587,15,10,0.0
1581,3.1845079106371337,13,12,0.0
1582,2.2952216693191634,13,12,0.0
1583,12.997547134530887,14,11,0.0
1584,2.992791950148142,13,12,0.0
1585,23.9781939853169,15,10,0.0
1586,14.287993241906937,14,11,0.0
1587,4.923631560231447,13,12,0.0
1588,13.735032764132834,14,11,0.0
1589,34.27749374568094,16,9,0.0
1590,3.1215520303461934,13,12,0.0
1591,23.928698653253214,15,10,0.0
1592,25.297588568607996,15,10,0.0
1593,23.41004844529442,15,10,0.0
1594,-7.20297143676798,12,13,0.0
1595,22.834518295989866,15,10,0.0
1596,13.848462145104133,14,11,0.0
1597,2.857328446236707,13,12,0.0
1598,34.37747986938547,16,9,0.0
1599,34.203900953791916,16,9,0.0
1600,33.605701101475226,16,9,0.0
1601,23.986607717221638,15,10,0.0
1602,13.61350272164087,14,11,0.0
1603,34.933875083752284,16,9,0.0
1604,33.46755701929533,16,9,0.0
1605,23.846680064648886,15,10,0.0
1606,14.121231282625788,14,11,0.0
1607,13.002395842607873,14,11,0.0
1608,2.2027987600419174,13,12,0.0
1609,13.592809209176727,14,11,0.0
1610,2.48029527449947,13,12,0.0
1611,14.227387326490836,14,11,0.0
1612,4.149292279894391,13,12,0.0
1613,33.776615216141934,16,9,0.0
1614,13.10326488449938,14,11,0.0
1615,-7.077170166571034,12,13,0.0
1616,3.707764733916127,13,12,0.0
1617,22.414908123937543,15,10,0.0
1618,23.269737724916315,15,10,0.0
1619,33.46132108020888,16,9,0.0
1620,12.643165067671603,14,11,0.0
1621,24.322902727385816,15,10,0.0
1622,13.629224065282594,14,11,0.0
1623,3.473960483909816,13,12,0.0
1624,23.22659396864698,15,10,0.0
1625,13.355355487022788,14,11,0.0
1626,12.826222779774893,14,11,0.0
1627,12.56230964519475,14,11,0.0
1628,14.190784271803533,14,11,0.0
1629,24.522620311377302,15,10,0.0
1630,13.940717899303355,14,11,0.0
1631,21.653190525186744,15,10,0.0
1632,23.66902180261281,15,10,0.0
1633,3.770717960952731,13,12,0.0
1634,22.968098493466144,15,10,0.0
1635,14.00802816877113,14,11,0.0
1636,3.2552656931348833,13,12,0.0
1637,24.298301572069583,15,10,0.0
1638,13.182986088497017,14,11,0.0
1639,12.975312246959408,14,11,0.0
1640,23.343292195501206,15,10,0.0
1641,13.844929548287112,14,11,0.0
1642,32.7660755391574,16,9,0.0
1643,13.2697429550387,14,11,0.0
1644,23.649141031718543,15,10,0.0
1645,25.0343617714716,15,10,0.0
1646,12.413243010132959,14,11,0.0
1647,25.24599642844248,15,10,0.0
1648,13.887584694923868,14,11,0.0
1649,34.02684822892802,16,9,0.0
1650,-7.267234798341033,12,13,0.0
1651,3.555948376491348,13,12,0.0
1652,12.63858974206725,14,11,0.0
1653,34.05571081665332,16,9,0.0
1654,11.99204634250884,14,11,0.0
1655,3.113238134608636,13,12,0.0
1656,4.513976204265001,13,12,0.0
1657,24.093988071705454,15,10,0.0
1658,24.140005453880516,15,10,0.0
1659,14.203373850112634,14,11,0.0
1660,24.73946499285959,15,10,0.0
1661,13.179026479121374,14,11,0.0
1662,13.549241204712871,14,11,0.0
1663,23.899417821184105,15,10,0.0
1664,33.45568996970646,16,9,0.0
1665,33.98559059662706,16,9,0.0
1666,23.14863262384727,15,10,0.0
1667,33.48090797352455,16,9,0.0
1668,-7.527828654047553,12,13,0.0
1669,33.85127107147365,16,9,0.0
1670,14.435103792445982,14,11,0.0
1671,-17.238403394799008,11,14,0.0
1672,24.296879818477738,15,10,0.0
1673,14.632530519221167,14,11,0.0
1674,23.05981456926134,15,10,0.0
1675,12.841875479356178,14,11,0.0
1676,3.187313881432331,13,12,0.0
1677,23.04848924432271,15,10,0.0
1678,22.948917220323267,15,10,0.0
1679,24.659271959020575,15,10,0.0
1680,34.1204018213036,16,9,0.0
1681,22.97631652359608,15,10,0.0
1682,22.262655493211795,15,10,0.0
1683,12.999399865354818,14,11,0.0
1684,3.17970955761331,13,12,0.0
1685,23.264325553300047,15,10,0.0
1686,12.203609670281597,14,11,0.0
1687,32.63949511294296,16,9,0.0
1688,12.744595186054966,14,11,0.0
1689,12.691002482508098,14,11,0.0
1690,13.469391493698307,14,11,0.0
1691,3.228313831596606,13,12,0.0
1692,1.1656440460246191,13,12,0.0
1693,33.914885637701964,16,9,0.0
1694,23.890921817897453,15,10,0.0
1695,11.860243201735752,14,11,0.0
1696,24.538982950932624,15,10,0.0
1697,13.812805599856647,14,11,0.0
1698,4.7078398457741635,13,12,0.0
1699,3.9531526599411153,13,12,0.0
1700,34.9733478091746,16,9,0.0
1701,3.478531242060085,13,12,0.0
1702,3.847990183254737,13,12,0.0
1703,23.929454358512995,15,10,0.0
1704,33.88644795164055,16,9,0.0
1705,22.96529137375852,15,10,0.0
1706,23.733289358865093,15,10,0.0
1707,13.666777265512021,14,11,0.0
1708,3.364288646008161,13,12,0.0
1709,22.672075153182945,15,10,0.0
1710,13.201405934114701,14,11,0.0
1711,23.721751139459098,15,10,0.0
1712,3.8421075240694753,13,12,0.0
1713,23.13768788870837,15,10,0.0
1714,14.466068384491479,14,11,0.0
1715,13.715172177272125,14,11,0.0
1716,12.790282808688989,14,11,0.0
1717,24.47428611603972,15,10,0.0
1718,33.540548749425504,16,9,0.0
1719,12.94164986020462,14,11,0.0
1720,12.993231453120035,14,11,0.0
1721,23.414483380919222,15,10,0.0
1722,13.342142653494179,14,11,0.0
1723,33.433961293756006,16,9,0.0
1724,13.170222558786936,14,11,0.0
1725,3.7952718305503206,13,12,0.0
1726,22.746755647620482,15,10,0.0
1727,34.0846583599274,16,9,0.0
1728,23.472420327208173,15,10,0.0
1729,23.387756164994364,15,10,0.0
1730,14.135717667085405,14,11,0.0
1731,2.616049355376509,13,12,0.0
1732,3.5437078160216657,13,12,0.0
1733,23.742366167048356,15,10,0.0
1734,12.138164631711668,14,11,0.0
1735,3.211640537629979,13,12,0.0
1736,33.56496549805438,16,9,0.0
1737,3.9542400681574845,13,12,0.0
1738,23.659760459531764,15,10,0.0
1739,22.93002348871388,15,10,0.0
1740,23.196764226155555,15,10,0.0
1741,13.239246353956638,14,11,0.0
1742,12.126262008121426,14,11,0.0
1743,-6.496474720073077,12,13,0.0
1744,13.035566266956499,14,11,0.0
1745,21.484467410083727,15,10,0.0
1746,13.028119228029663,14,11,0.0
1747,23.09850347832763,15,10,0.0
1748,13.359296203920888,14,11,0.0
1749,11.391793432647223,14,11,0.0
1750,2.6837969984239303,13,12,0.0
1751,-6.883475919777713,12,13,0.0
1752,13.20681974394189,14,11,0.0
1753,12.816766325967459,14,11,0.0
1754,23.99479764583316,15,10,0.0
1755,2.551414866511157,13,12,0.0
1756,12.925589407321835,14,11,0.0
1757,3.3046872708575243,13,12,0.0
1758,13.437125021997801,14,11,0.0
1759,13.551581120735277,14,11,0.0
1760,13.289410114242862,14,11,0.0
1761,33.65927081493856,16,9,0.0
1762,24.0716639358535,15,10,0.0
1763,34.59872272168654,16,9,0.0
1764,22.93752923894167,15,10,0.0
1765,22.044208721384855,15,10,0.0
1766,33.282339415013716,16,9,0.0
1767,22.282847144977787,15,10,0.0
1768,12.589525721369762,14,11,0.0
1769,33.823292450019395,16,9,0.0
1770,12.746071448146818,14,11,0.0
1771,1.819155626222848,13,12,0.0
1772,14.504855533148572,14,11,0.0
1773,2.7711335636327337,13,12,0.0
1774,22.661200866314353,15,10,0.0
1775,2.35510375756993,13,12,0.0
1776,14.113838221054635,14,11,0.0
1777,12.347726656007012,14,11,0.0
1778,11.934622451021548,14,11,0.0
1779,32.067729514669495,16,9,0.0
1780,12.33055414231438,14,11,0.0
1781,32.79466723101477,16,9,0.0
1782,-16.065299609494797,11,14,0.0
1783,13.843921324128459,14,11,0.0
1784,-6.459332740072002,12,13,0.0
1785,-8.583587045347022,12,13,0.0
1786,-7.265905418246238,12,13,0.0
1787,34.34719313379625,16,9,0.0
1788,23.50693416137976,15,10,0.0
1789,23.896008752698215,15,10,0.0
1790,33.29879624598077,16,9,0.0
1791,12.904175300390861,14,11,0.0
1792,33.184346246135036,16,9,0.0
1793,24.390725386567272,15,10,0.0
1794,23.666700640591685,15,10,0.0
1795,2.507300559407765,13,12,0.0
1796,-7.045195100070689,12,13,0.0
1797,23.50836431440346,15,10,0.0
1798,13.950113987381792,14,11,0.0
1799,21.89736406720188,15,10,0.0
1800,13.28692217038537,14,11,0.0
1801,2.1053700598091245,13,12,0.0
1802,12.623838604695777,14,11,0.0
1803,-18.20630790297602,11,14,0.0
1804,2.9816787807898617,13,12,0.0
1805,13.055061067928651,14,11,0.0
1806,34.688755639990006,16,9,0.0
1807,2.9908912312919216,13,12,0.0
1808,33.77180720311645,16,9,0.0
1809,13.634879949385478,14,11,0.0
1810,2.0448406566995274,13,12,0.0
1811,23.121016870847555,15,10,0.0
1812,-7.452070273434175,12,13,0.0
1813,23.165100149006904,15,10,0.0
1814,22.432669674904957,15,10,0.0
1815,-18.73210792509141,11,14,0.0
1816,22.907912048425064,15,10,0.0
1817,33.48486316726123,16,9,0.0
1818,-7.133431391752121,12,13,0.0
1819,3.228400471235311,13,12,0.0
1820,2.500450374667322,13,12,0.0
1821,43.02592498677306,17,8,0.0
1822,12.076676570333703,14,11,0.0
1823,13.798815923170132,14,11,0.0
1824,33.40945674977609,16,9,0.0
1825,12.78194516790528,14,11,0.0
1826,23.070607556072012,15,10,0.0
1827,13.1283784678478,14,11,0.0
1828,-6.626757226095176,12,13,0.0
1829,11.978978782460196,14,11,0.0
1830,4.0491716561454805,13,12,0.0
1831,13.606344115378604,14,11,0.0
1832,34.854694018941665,16,9,0.0
1833,32.965366404377484,16,9,0.0
1834,23.998338496795192,15,10,0.0
1835,23.267005493903138,15,10,0.0
1836,14.072444872578899,14,11,0.0
1837,2.614735232803108,13,12,0.0
1838,-7.4815683093185985,12,13,0.0
1839,13.028195822787143,14,11,0.0
1840,23.276205534336388,15,10,0.0
1841,25.267903922049246,15,10,0.0
1842,22.72085559920437,15,10,0.0
1843,22.918962851508333,15,10,0.0
1844,23.42562012420479,15,10,0.0
1845,13.464556482660077,14,11,0.0
1846,13.835084956502325,14,11,0.0
1847,24.08167978598136,15,10,0.0
1848,-7.035989993221065,12,13,0.0
1849,11.995312409425676,14,11,0.0
1850,-6.251270676894778,12,13,0.0
1851,32.97718201221789,16,9,0.0
1852,12.884354178318782,14,11,0.0
1853,23.06442030514761,15,10,0.0
1854,34.28988110344172,16,9,0.0
1855,12.95659883870411,14,11,0.0
1856,23.57705414154656,15,10,0.0
1857,33.49287006675449,16,9,0.0
1858,-8.522858299663644,12,13,0.0
1859,11.416452816180653,14,11,0.0
1860,-7.577448611178086,12,13,0.0
1861,33.12588069266962,16,9,0.0
1862,23.54379420959966,15,10,0.0
1863,13.97204918746389,14,11,0.0
1864,22.68198645879564,15,10,0.0
1865,32.71498453314393,16,9,0.0
1866,-5.63515507846378,12,13,0.0
1867,13.654004424968047,14,11,0.0
1868,22.485852760341494,15,10,0.0
1869,32.01027933386652,16,9,0.0
1870,2.555092318530636,13,12,0.0
1871,14.355685255806133,14,11,0.0
1872,14.883885150741143,14,11,0.0
1873,12.391018857044546,14,11,0.0
1874,24.03993186113316,15,10,0.0
1875,11.8683305067848,14,11,0.0
1876,12.444484277664827,14,11,0.0
1877,23.49375662260022,15,10,0.0
1878,22.97733713441181,15,10,0.0
1879,34.707126078653026,16,9,0.0
1880,33.57381171914717,16,9,0.0
1881,13.73773007419141,14,11,0.0
1882,23.447609758283022,15,10,0.0
1883,22.526606256506124,15,10,0.0
1884,14.46964643553596,14,11,0.0
1885,12.555483428564644,14,11,0.0
1886,14.359460661844459,14,11,0.0
1887,14.56863078417899,14,11,0.0
1888,2.508968315659237,13,12,0.0
1889,-8.115721813719706,12,13,0.0
1890,-6.036554102150333,12,13,0.0
1891,32.93290322250554,16,9,0.0
1892,34.79271162196223,16,9,0.0
1893,23.7469766885457,15,10,0.0
1894,23.45119260787518,15,10,0.0
1895,24.366098283936186,15,10,0.0
1896,3.6636143387753988,13,12,0.0
1897,13.435860658185106,14,11,0.0
1898,3.0149102587049477,13,12,0.0
1899,23.30161072618107,15,10,0.0
1900,23.785849643402358,15,10,0.0
1901,13.314571993990143,14,11,0.0
1902,22.972581109427665,15,10,0.0
1903,33.29080614206562,16,9,0.0
1904,13.314700372730996,14,11,0.0
1905,32.81695186788768,16,9,0.0
1906,13.550606003658194,14,11,0.0
1907,13.707144803431923,14,11,0.0
1908,13.862486558829213,14,11,0.0
1909,14.06386536982377,14,11,0.0
1910,33.92529583409075,16,9,0.0
1911,33.74869126675059,16,9,0.0
1912,22.10674195158163,15,10,0.0
1913,33.31259691687287,16,9,0.0
1914,13.779363494790775,14,11,0.0
1915,12.219896985307855,14,11,0.0
1916,33.61138735677126,16,9,0.0
1917,22.8823118134058,15,10,0.0
1918,13.63679018808605,14,11,0.0
1919,34.171215722778335,16,9,0.0
1920,2.8931238207361933,13,12,0.0
1921,25.304895819669156,15,10,0.0
1922,13.240883842627854,14,11,0.0
1923,13.109015685760095,14,11,0.0
1924,44.107123969302464,17,8,0.0
1925,3.9644928608878267,13,12,0.0
1926,13.601433484659864,14,11,0.0
1927,3.1516627099764545,13,12,0.0
1928,34.3866119910798,16,9,0.0
1929,13.856820368853763,14,11,0.0
1930,12.60839885137344,14,11,0.0
1931,34.24112904625134,16,9,0.0
1932,14.338004168736356,14,11,0.0
1933,23.518802598673503,15,10,0.0
1934,44.48635377960881,17,8,0.0
1935,23.18761660820164,15,10,0.0
1936,24.051663455082444,15,10,0.0
1937,24.973185941439127,15,10,0.0
1938,43.68424810802675,17,8,0.0
1939,23.632053917579633,15,10,0.0
1940,23.85938390941623,15,10,0.0
1941,13.73600054831184,14,11,0.0
1942,13.25160272494943,14,11,0.0
1943,14.186391859241294,14,11,0.0
1944,33.68521382216226,16,9,0.0
1945,13.887647742663761,14,11,0.0
1946,22.380335464514264,15,10,0.0
1947,22.747846261020225,15,10,0.0
1948,13.32498444995748,14,11,0.0
1949,33.71395145221488,16,9,0.0
1950,22.401817226283267,15,10,0.0
1951,-28.414673096314267,10,15,0.0
1952,23.669601379712674,15,10,0.0
1953,13.526276447387856,14,11,0.0
1954,33.16099150604494,16,9,0.0
1955,3.259093629541656,13,12,0.0
1956,23.013982273508248,15,10,0.0
1957,3.306805691776318,13,12,0.0
1958,12.88993673955936,14,11,0.0
1959,23.888916794127333,15,10,0.0
1960,3.0859069155539753,13,12,0.0
1961,33.87216659327573,16,9,0.0
1962,35.333893344542226,16,9,0.0
1963,1.8085299141934845,13,12,0.0
1964,44.677609363679935,17,8,0.0
1965,13.24853669024864,14,11,0.0
1966,24.031688829879432,15,10,0.0
1967,34.465929547806056,16,9,0.0
1968,22.634090180635766,15,10,0.0
1969,24.90440413997016,15,10,0.0
1970,12.885116318527059,14,11,0.0
1971,33.91150026057185,16,9,0.0
1972,22.54771059854747,15,10,0.0
1973,23.31149680791532,15,10,0.0
1974,24.04843351801063,15,10,0.0
1975,34.41498573322147,16,9,0.0
1976,45.09036581473906,17,8,0.0
1977,22.324743376188845,15,10,0.0
1978,-8.132143763707743,12,13,0.0
1979,33.28116431120526,16,9,0.0
1980,23.55169510105857,15,10,0.0
1981,13.066930582024845,14,11,0.0
1982,2.503629412655633,13,12,0.0
1983,13.698211460152917,14,11,0.0
1984,34.30898887776477,16,9,0.0
1985,4.984226087195093,13,12,0.0
1986,33.85743190428775,16,9,0.0
1987,2.2230429670833227,13,12,0.0
1988,24.03320968257224,15,10,0.0
1989,44.91000048524019,17,8,0.0
1990,22.83905446301783,15,10,0.0
1991,13.23617477966971,14,11,0.0
1992,2.339759221880902,13,12,0.0
1993,23.417862846636254,15,10,0.0
1994,22.271319225315334,15,10,0.0
1995,22.566944584577932,15,10,0.0
1996,13.09662797514428,14,11,0.0
1997,1.7446878808837902,13,12,0.0
1998,33.60522821489747,16,9,0.0
1999,-7.344821568098803,12,13,0.0
2000,22.86669235608042,15,10,0.0
2001,22.506218958111518,15,10,0.0
2002,12.053528925349754,14,11,0.0
2003,12.964445849355918,14,11,0.0
2004,14.298091605286155,14,11,0.0
2005,14.089438999883093,14,11,0.0
2006,13.674625597858899,14,11,0.0
2007,22.905614590780278,15,10,0.0
2008,23.24974480302043,15,10,0.0
2009,44.21306947654956,17,8,0.0
2010,12.005607977545314,14,11,0.0
2011,3.3902804463604888,13,12,0.0
2012,1.9089483737137307,13,12,0.0
2013,23.244878560186606,15,10,0.0
2014,32.636140465986585,16,9,0.0
2015,-16.96291048586859,11,14,0.0
2016,33.82630993025624,16,9,0.0
2017,22.697303313987067,15,10,0.0
2018,45.056933519684776,17,8,0.0
2019,13.257632887434466,14,11,0.0
2020,12.181168730661694,14,11,0.0
2021,23.127524254570154,15,10,0.0
2022,24.661412888496127,15,10,0.0
2023,43.6258527591713,17,8,0.0
2024,23.271165438799606,15,10,0.0
2025,43.59980963074352,17,8,0.0
2026,45.66415645236386,17,8,0.0
2027,22.291648715582667,15,10,0.0
2028,3.1668779671372764,13,12,0.0
2029,23.254479798223255,15,10,0.0
2030,22.810175299541662,15,10,0.0
2031,33.49923197434744,16,9,0.0
2032,34.126158712985884,16,9,0.0
2033,-6.643440836537495,12,13,0.0
2034,33.914302633521764,16,9,0.0
2035,23.35495484026334,15,10,0.0
2036,1.9034193311457173,13,12,0.0
2037,24.30162072531253,15,10,0.0
2038,13.76240881835215,14,11,0.0
2039,23.49890638911705,15,10,0.0
2040,21.408581111419892,15,10,0.0
2041,11.804739906288617,14,11,0.0
2042,33.60269162479247,16,9,0.0
2043,12.81639997642085,14,11,0.0
2044,33.088478608113206,16,9,0.0
2045,42.4946676384761,17,8,0.0
2046,-7.20448897537996,12,13,0.0
2047,32.4908396543006,16,9,0.0
2048,3.915235015517754,13,12,0.0
2049,13.021692593979612,14,11,0.0
2050,22.13181150654292,15,10,0.0
2051,33.783926657532,16,9,0.0
2052,2.571794938275204,13,12,0.0
2053,33.3480569657371,16,9,0.0
2054,33.83268620204898,16,9,0.0
2055,33.35567122640712,16,9,0.0
2056,33.95874714514097,16,9,0.0
2057,34.525563258718975,16,9,0.0
2058,11.742490808759554,14,11,0.0
2059,23.3136666926534,15,10,0.0
2060,22.99777007846073,15,10,0.0
2061,34.28348809525993,16,9,0.0
2062,33.09152196651798,16,9,0.0
2063,2.9834526428140213,13,12,0.0
2064,34.34625699164719,16,9,0.0
2065,33.297146887892154,16,9,0.0
2066,13.031067257514561,14,11,0.0
2067,33.829919737993514,16,9,0.0
2068,21.98204162638043,15,10,0.0
2069,23.019613150917568,15,10,0.0
2070,13.00776347821239,14,11,0.0
2071,33.713348946902464,16,9,0.0
2072,3.0780031528027063,13,12,0.0
2073,12.992673295864437,14,11,0.0
2074,24.079854453294974,15,10,0.0
2075,13.687479262718812,14,11,0.0
2076,2.46358672966724,13,12,0.0
2077,23.377602175482455,15,10,0.0
2078,23.168447704159885,15,10,0.0
2079,33.816378023612884,16,9,0.0
2080,-16.790313203083358,11,14,0.0
2081,12.966974533841286,14,11,0.0
2082,12.562835465967993,14,11,0.0
2083,21.557978528030944,15,10,0.0
2084,22.68930138000831,15,10,0.0
2085,13.052388671140122,14,11,0.0
2086,23.960903471900664,15,10,0.0
2087,33.72868409703575,16,9,0.0
2088,-17.2330575889077,11,14,0.0
2089,4.667183689680671,13,12,0.0
2090,23.75352420820697,15,10,0.0
2091,14.177267847351438,14,11,0.0
2092,1.8831048989910428,13,12,0.0
2093,24.193765084358837,15,10,0.0
2094,23.17278991385347,15,10,0.0
2095,23.502765073063074,15,10,0.0
2096,1.5078214852046248,13,12,0.0
2097,13.56755986750525,14,11,0.0
2098,3.160041505131095,13,12,0.0
2099,23.771161793270164,15,10,0.0
2100,22.86154466811547,15,10,0.0
2101,22.26430732062516,15,10,0.0
2102,2.410077052848382,13,12,0.0
2103,12.437033722505277,14,11,0.0
2104,22.661583618023943,15,10,0.0
2105,22.996428548347076,15,10,0.0
2106,33.4570781462565,16,9,0.0
2107,32.23675608679259,16,9,0.0
2108,23.18416200928288,15,10,0.0
2109,23.01323293081493,15,10,0.0
2110,23.785041054796938,15,10,0.0
2111,23.431749177885322,15,10,0.0
2112,2.749758637377279,13,12,0.0
2113,33.004118123383115,16,9,0.0
2114,22.826194780370958,15,10,0.0
2115,3.935457559846423,13,12,0.0
2116,34.20087209569446,16,9,0.0
2117,22.671248692725236,15,10,0.0
2118,23.666673899957356,15,10,0.0
2119,-9.000295764134018,12,13,0.0
2120,11.160848842147848,14,11,0.0
2121,22.814822145023584,15,10,0.0
2122,23.18929532972202,15,10,0.0
2123,31.983427266670475,16,9,0.0
2124,20.8067451559819,15,10,0.0
2125,2.021336058850758,13,12,0.0
2126,23.407452916253362,15,10,0.0
2127,33.27011584521725,16,9,0.0
2128,22.36548779646915,15,10,0.0
2129,32.04536505081557,16,9,0.0
2130,31.713159571438197,16,9,0.0
2131,23.385710404068007,15,10,0.0
2132,24.684722292043237,15,10,0.0
2133,43.65414952328884,17,8,0.0
2134,11.390515875660693,14,11,0.0
2135,-7.934736767287148,12,13,0.0
2136,34.214878722828864,16,9,0.0
2137,23.249263302861962,15,10,0.0
2138,23.30481644740775,15,10,0.0
2139,35.34777803625741,16,9,0.0
2140,23.49549186434011,15,10,0.0
2141,11.698220122444459,14,11,0.0
2142,12.958440468692423,14,11,0.0
2143,33.79575086750493,16,9,0.0
2144,22.980545957673144,15,10,0.0
2145,33.6257262937348,16,9,0.0
2146,13.2457765682287,14,11,0.0
2147,13.042708332481727,14,11,0.0
2148,21.49979771674619,15,10,0.0
2149,33.799866836565094,16,9,0.0
2150,15.200597605515963,14,11,0.0
2151,12.31480642339239,14,11,0.0
2152,23.14179325304447,15,10,0.0
2153,32.61799122698013,16,9,0.0
2154,23.775780014768255,15,10,0.0
2155,32.73238444918423,16,9,0.0
2156,21.57001224926263,15,10,0.0
2157,32.56939655739843,16,9,0.0
2158,23.29211108205171,15,10,0.0
2159,2.7699312981885242,13,12,0.0
2160,12.41759622125034,14,11,0.0
2161,33.05904054592535,16,9,0.0
2162,24.353265844254643,15,10,0.0
2163,22.328881793350515,15,10,0.0
2164,12.975410903351273,14,11,0.0
2165,12.695352344454687,14,11,0.0
2166,-8.55483272572678,12,13,0.0
2167,22.736834214508512,15,10,0.0
2168,3.934595133658629,13,12,0.0
2169,43.63257839072312,17,8,0.0
2170,22.832213835513397,15,10,0.0
2171,24.162190613240867,15,10,0.0
2172,23.210080427883604,15,10,0.0
2173,12.205295236208423,14,11,0.0
2174,24.002848219857817,15,10,0.0
2175,12.373523965140468,14,11,0.0
2176,23.77212301437735,15,10,0.0
2177,22.79635677021532,15,10,0.0
2178,32.384176750198264,16,9,0.0
2179,2.637068127955006,13,12,0.0
2180,31.93532962577965,16,9,0.0
2181,33.483297850794656,16,9,0.0
2182,33.88504338187875,16,9,0.0
2183,33.088039925814584,16,9,0.0
2184,23.068477270068392,15,10,0.0
2185,23.54218291313948,15,10,0.0
2186,23.56604158212678,15,10,0.0
2187,34.365188210699,16,9,0.0
2188,1.7083642223142483,13,12,0.0
2189,32.498770042428916,16,9,0.0
2190,3.509460726148145,13,12,0.0
2191,33.84892423745663,16,9,0.0
2192,-7.611447467022277,12,13,0.0
2193,11.575667909147658,14,11,0.0
2194,3.963034717456825,13,12,0.0
2195,14.20205884320296,14,11,0.0
2196,22.881884346827874,15,10,0.0
2197,23.768158929727168,15,10,0.0
2198,23.42537014576928,15,10,0.0
2199,23.20483232043581,15,10,0.0
2200,32.98110471553719,16,9,0.0
2201,23.86001559088952,15,10,0.0
2202,22.640437215353643,15,10,0.0
2203,23.141642952172518,15,10,0.0
2204,1.5025784610151174,13,12,0.0
2205,23.18808687239794,15,10,0.0
2206,23.53490352686269,15,10,0.0
2207,34.92485957120534,16,9,0.0
2208,22.187843530192954,15,10,0.0
2209,31.679067436842708,16,9,0.0
2210,2.8675163278123526,13,12,0.0
2211,3.6315917763789325,13,12,0.0
2212,23.274701817936645,15,10,0.0
2213,3.3499442820754908,13,12,0.0
2214,13.946549170531904,14,11,0.0
2215,12.47480896606487,14,11,0.0
2216,32.84164978782067,16,9,0.0
2217,33.12940178784451,16,9,0.0
2218,13.638999571172903,14,11,0.0
2219,24.155904193719604,15,10,0.0
2220,33.573578624966004,16,9,0.0
2221,11.959714202848978,14,11,0.0
2222,34.35854204133616,16,9,0.0
2223,33.4519928583534,16,9,0.0
2224,34.03347793987912,16,9,0.0
2225,43.20084993079431,17,8,0.0
2226,13.151213496875329,14,11,0.0
2227,-9.04158175252962,12,13,0.0
2228,2.917366610014568,13,12,0.0
2229,2.931541038214995,13,12,0.0
2230,34.08022385168139,16,9,0.0
2231,13.326661309680158,14,11,0.0
2232,12.434693719101709,14,11,0.0
2233,11.827293298720349,14,11,0.0
2234,43.42138699909042,17,8,0.0
2235,33.85490171501045,16,9,0.0
2236,32.72519964732963,16,9,0.0
2237,11.056161780704729,14,11,0.0
2238,3.317866735636507,13,12,0.0
2239,22.14952320339301,15,10,0.0
2240,13.155097203851232,14,11,0.0
2241,12.817616850823313,14,11,0.0
2242,23.30293200040949,15,10,0.0
2243,23.22271080929048,15,10,0.0
2244,22.83058796094707,15,10,0.0
2245,13.228891069907474,14,11,0.0
2246,2.773439283650614,13,12,0.0
2247,22.85330659993011,15,10,0.0
2248,1.5503415176056796,13,12,0.0
2249,23.725957993970457,15,10,0.0
2250,23.53602580042471,15,10,0.0
2251,12.66744117356881,14,11,0.0
2252,21.61088521429829,15,10,0.0
2253,33.500425323382395,16,9,0.0
2254,22.9800791185642,15,10,0.0
2255,32.21076453973148,16,9,0.0
2256,32.79826104271004,16,9,0.0
2257,12.509384956786013,14,11,0.0
2258,12.53219937191173,14,11,0.0
2259,4.526247910721249,13,12,0.0
2260,33.31175695828462,16,9,0.0
2261,13.73577123030201,14,11,0.0
2262,3.1586460133210164,13,12,0.0
2263,12.927725667690394,14,11,0.0
2264,23.876340850539144,15,10,0.0
2265,23.658001439053947,15,10,0.0
2266,11.74742040061379,14,11,0.0
2267,23.681754959655805,15,10,0.0
2268,33.681081055129376,16,9,0.0
2269,34.08671935961249,16,9,0.0
2270,13.713520778229086,14,11,0.0
2271,23.294306979022615,15,10,0.0
2272,33.12037809098104,16,9,0.0
2273,14.081036592922189,14,11,0.0
2274,13.661317403409692,14,11,0.0
2275,32.94819440514312,16,9,0.0
2276,13.147998764988472,14,11,0.0
2277,21.841578882793414,15,10,0.0
2278,-7.827534380827283,12,13,0.0
2279,34.04115984368903,16,9,0.0
2280,32.42109300466077,16,9,0.0
2281,2.619258807928226,13,12,0.0
2282,2.5765725090796576,13,12,0.0
2283,11.118283629151028,14,11,0.0
2284,32.699338010147244,16,9,0.0
2285,32.87452757166713,16,9,0.0
2286,34.59304400667994,16,9,0.0
2287,13.080473377185525,14,11,0.0
2288,23.104420444277086,15,10,0.0
2289,33.30545272103627,16,9,0.0
2290,12.441096497920611,14,11,0.0
2291,2.659049512185806,13,12,0.0
2292,33.306775627857895,16,9,0.0
2293,23.39473182102171,15,10,0.0
2294,23.04951181779866,15,10,0.0
2295,2.6907016661399066,13,12,0.0
2296,32.57358736628528,16,9,0.0
2297,33.780508590665605,16,9,0.0
2298,23.928206001862364,15,10,0.0
2299,22.724475468703837,15,10,0.0
2300,24.29668580856561,15,10,0.0
2301,35.31001565129111,16,9,0.0
2302,13.912792803294707,14,11,0.0
2303,23.381350886516344,15,10,0.0
2304,12.251063944013367,14,11,0.0
2305,22.954997967587616,15,10,0.0
2306,22.958025001611787,15,10,0.0
2307,2.3346590166737182,13,12,0.0
2308,22.865874137337855,15,10,0.0
2309,12.81139612706357,14,11,0.0
2310,13.293874012196493,14,11,0.0
2311,24.0019821507314,15,10,0.0
2312,32.64885299393405,16,9,0.0
2313,33.67806961491045,16,9,0.0
2314,-7.690836463510771,12,13,0.0
2315,23.376668054450942,15,10,0.0
2316,2.701148985461238,13,12,0.0
2317,34.12440178076824,16,9,0.0
2318,24.287977190634436,15,10,0.0
2319,33.02758863134139,16,9,0.0
2320,24.230297938511733,15,10,0.0
2321,23.14009182441327,15,10,0.0
2322,43.457353795200575,17,8,0.0
2323,11.959097981079694,14,11,0.0
2324,33.476876043361344,16,9,0.0
2325,24.73598549177284,15,10,0.0
2326,22.968907695946463,15,10,0.0
2327,32.290081744935044,16,9,0.0
2328,23.041554577876973,15,10,0.0
2329,-7.738590859780054,12,13,0.0
2330,3.292267786090129,13,12,0.0
2331,23.25907195553844,15,10,0.0
2332,44.48451002883142,17,8,0.0
2333,22.205427258358526,15,10,0.0
2334,0.7470929434485569,13,12,0.0
2335,3.5673426153489523,13,12,0.0
2336,23.775143249891496,15,10,0.0
2337,42.69870267073816,17,8,0.0
2338,23.138779778419305,15,10,0.0
2339,32.95713505712336,16,9,0.0
2340,24.464999217808817,15,10,0.0
2341,13.16431824171292,14,11,0.0
2342,33.1143024800602,16,9,0.0
2343,33.25848431022744,16,9,0.0
2344,11.74750356579176,14,11,0.0
2345,22.477281802883212,15,10,0.0
2346,33.27314748814116,16,9,0.0
2347,34.13433759789003,16,9,0.0
2348,12.705597939085193,14,11,0.0
2349,33.189975857418744,16,9,0.0
2350,21.627522067382916,15,10,0.0
2351,23.59424866918244,15,10,0.0
2352,3.298444065832687,13,12,0.0
2353,22.809425037502876,15,10,0.0
2354,34.206944448188565,16,9,0.0
2355,45.303806172331925,17,8,0.0
2356,21.788140344868452,15,10,0.0
2357,22.82807745830623,15,10,0.0
2358,3.431363630584979,13,12,0.0
2359,24.86648942103009,15,10,0.0
2360,11.680331854244104,14,11,0.0
2361,32.841464576991456,16,9,0.0
2362,3.0768772620862226,13,12,0.0
2363,22.71021377945658,15,10,0.0
2364,44.218314121290916,17,8,0.0
2365,33.27506773512626,16,9,0.0
2366,13.214098006949602,14,11,0.0
2367,33.21606036292902,16,9,0.0
2368,22.840879584646217,15,10,0.0
2369,43.10615410933812,17,8,0.0
2370,33.27141951686635,16,9,0.0
2371,2.3088097163641006,13,12,0.0
2372,12.943393469517638,14,11,0.0
2373,22.280083892453234,15,10,0.0
2374,22.964880504822936,15,10,0.0
2375,21.978024821525164,15,10,0.0
2376,33.752033798627025,16,9,0.0
2377,32.059482630131114,16,9,0.0
2378,33.06898403567522,16,9,0.0
2379,34.2440859618113,16,9,0.0
2380,24.539388184624137,15,10,0.0
2381,43.44335463806847,17,8,0.0
2382,12.459427226164674,14,11,0.0
2383,-7.173003321727341,12,13,0.0
2384,22.9894098173261,15,10,0.0
2385,33.61208985839859,16,9,0.0
2386,33.39850615648712,16,9,0.0
2387,43.086595938282535,17,8,0.0
2388,33.17236472216244,16,9,0.0
2389,34.14832727532066,16,9,0.0
2390,32.802167994173026,16,9,0.0
2391,24.390254391116724,15,10,0.0
2392,22.541195566293794,15,10,0.0
2393,22.791011467541498,15,10,0.0
2394,24.21646891550892,15,10,0.0
2395,22.111519163005926,15,10,0.0
2396,24.212783823353096,15,10,0.0
2397,24.36024350861657,15,10,0.0
2398,13.324953553530293,14,11,0.0
2399,23.077144073032695,15,10,0.0
2400,-6.573745336041,12,13,0.0
2401,22.757503538582704,15,10,0.0
2402,33.825036656665645,16,9,0.0
2403,13.206712670109523,14,11,0.0
2404,43.76275838010953,17,8,0.0
2405,23.674821590640644,15,10,0.0
2406,33.9255527498923,16,9,0.0
2407,13.756000289153219,14,11,0.0
2408,12.759434608449343,14,11,0.0
2409,33.72983278949165,16,9,0.0
2410,33.53306326100669,16,9,0.0
2411,2.1995366850635953,13,12,0.0
2412,13.561699906919483,14,11,0.0
2413,33.50230972177534,16,9,0.0
2414,43.16929741287909,17,8,0.0
2415,-19.098493998438627,11,14,0.0
2416,43.92282291294174,17,8,0.0
2417,22.88489550680197,15,10,0.0
2418,2.6489299471194574,13,12,0.0
2419,0.0610477381419674,13,12,0.0
2420,34.571267860611904,16,9,0.0
2421,22.898953791921606,15,10,0.0
2422,14.135114839949317,14,11,0.0
2423,34.083517742044016,16,9,0.0
2424,12.551524813482855,14,11,0.0
2425,22.400562469715336,15,10,0.0
2426,33.30224156948065,16,9,0.0
2427,13.495215412389612,14,11,0.0
2428,33.442588445332525,16,9,0.0
2429,1.146041345974666,13,12,0.0
2430,22.31759865230774,15,10,0.0
2431,34.66282601915596,16,9,0.0
2432,32.954358943506236,16,9,0.0
2433,23.84766550533424,15,10,0.0
2434,22.57158866195546,15,10,0.0
2435,32.99392387713995,16,9,0.0
2436,-7.443266024450727,12,13,0.0
2437,33.205765735761744,16,9,0.0
2438,12.942664805140382,14,11,0.0
2439,33.95579114714327,16,9,0.0
2440,12.657854648992908,14,11,0.0
2441,12.653434289139852,14,11,0.0
2442,12.629306727679808,14,11,0.0
2443,33.43035193057505,16,9,0.0
2444,1.5850184638009024,13,12,0.0
2445,33.32684920536855,16,9,0.0
2446,23.08359496935259,15,10,0.0
2447,12.407221970711461,14,11,0.0
2448,23.06980612641517,15,10,0.0
2449,23.24714874004875,15,10,0.0
2450,32.79502678272258,16,9,0.0
2451,43.41221830686716,17,8,0.0
2452,22.95938088781524,15,10,0.0
2453,33.82116983000439,16,9,0.0
2454,-7.913601209260995,12,13,0.0
2455,33.815058896097206,16,9,0.0
2456,23.083872687765385,15,10,0.0
2457,23.245750500452804,15,10,0.0
2458,22.008970876766117,15,10,0.0
2459,34.22017613554957,16,9,0.0
2460,23.25840171500021,15,10,0.0
2461,33.74595142994284,16,9,0.0
2462,34.076860382503064,16,9,0.0
2463,23.678658622078164,15,10,0.0
2464,12.878519173614773,14,11,0.0
2465,12.30357353818497,14,11,0.0
2466,21.85156752452764,15,10,0.0
2467,23.793544408020097,15,10,0.0
2468,34.25419499489988,16,9,0.0
2469,22.63788316699241,15,10,0.0
2470,13.186976809306966,14,11,0.0
2471,32.95121528873619,16,9,0.0
2472,43.97283727543228,17,8,0.0
2473,33.61916508852147,16,9,0.0
2474,34.08641978987699,16,9,0.0
2475,22.303464121109407,15,10,0.0
2476,32.17222097157179,16,9,0.0
2477,11.73294997357131,14,11,0.0
2478,23.304631051605526,15,10,0.0
2479,22.968513529704435,15,10,0.0
2480,32.3987457341739,16,9,0.0
2481,33.74887044733092,16,9,0.0
2482,32.939227055333774,16,9,0.0
2483,1.3876557965009493,13,12,0.0
2484,22.257959780298226,15,10,0.0
2485,33.73175948226823,16,9,0.0
2486,33.009098776763224,16,9,0.0
2487,24.48281584211406,15,10,0.0
2488,31.8941103387904,16,9,0.0
2489,33.26996465234781,16,9,0.0
2490,23.12009234937038,15,10,0.0
2491,43.62832537635733,17,8,0.0
2492,12.125577268548135,14,11,0.0
2493,33.640210733971095,16,9,0.0
2494,22.55487377750923,15,10,0.0
2495,12.539801641784106,14,11,0.0
2496,34.1361978821211,16,9,0.0
2497,32.61778507558991,16,9,0.0
2498,22.82274248557573,15,10,0.0
2499,13.743228029631606,14,11,0.0
2500,33.3021117135058,16,9,0.0
2501,22.04223105842041,15,10,0.0
2502,12.077617786655312,14,11,0.0
2503,33.331358222592485,16,9,0.0
2504,33.21810001500339,16,9,0.0
2505,33.30659162371054,16,9,0.0
2506,2.748288996435562,13,12,0.0
2507,33.44909338318861,16,9,0.0
2508,22.491842669183164,15,10,0.0
2509,34.34471970421372,16,9,0.0
2510,33.186502539937266,16,9,0.0
2511,23.575537319119846,15,10,0.0
2512,13.824261959692715,14,11,0.0
2513,23.468401625169257,15,10,0.0
2514,1.7674200304685144,13,12,0.0
2515,11.774639555509559,14,11,0.0
2516,13.009543035901022,14,11,0.0
2517,43.53522354361654,17,8,0.0
2518,33.349893697797626,16,9,0.0
2519,32.08009571723603,16,9,0.0
2520,12.023870927294706,14,11,0.0
2521,33.04535709640768,16,9,0.0
2522,24.474641846702,15,10,0.0
2523,22.630223164694655,15,10,0.0
2524,23.434698087252553,15,10,0.0
2525,32.846705103604904,16,9,0.0
2526,33.40449479390416,16,9,0.0
2527,24.926240767603996,15,10,0.0
2528,2.878864246489968,13,12,0.0
2529,22.531341891343185,15,10,0.0
2530,22.946087274133546,15,10,0.0
2531,12.967894374370474,14,11,0.0
2532,33.37346565982735,16,9,0.0
2533,12.394873732694242,14,11,0.0
2534,33.48838000006059,16,9,0.0
2535,33.03698770675076,16,9,0.0
2536,44.76172089480595,17,8,0.0
2537,12.789877360171115,14,11,0.0
2538,23.83596546101474,15,10,0.0
2539,23.386947180301384,15,10,0.0
2540,22.443190835148442,15,10,0.0
2541,23.622169219144602,15,10,0.0
2542,23.02315583436052,15,10,0.0
2543,32.74174869260314,16,9,0.0
2544,13.16529113295703,14,11,0.0
2545,34.51874078481551,16,9,0.0
2546,23.53780132122472,15,10,0.0
2547,12.517748604224984,14,11,0.0
2548,44.540640968403835,17,8,0.0
2549,43.74384812496775,17,8,0.0
2550,24.505429602297227,15,10,0.0
2551,32.650308530008964,16,9,0.0
2552,21.987398243687803,15,10,0.0
2553,32.33386597197658,16,9,0.0
2554,33.54964973713282,16,9,0.0
2555,34.26712428619662,16,9,0.0
2556,32.868486491218306,16,9,0.0
2557,43.58067165448399,17,8,0.0
2558,31.72065359821773,16,9,0.0
2559,11.834449484973417,14,11,0.0
2560,23.24464973000605,15,10,0.0
2561,12.005129864872856,14,11,0.0
2562,22.697874250790324,15,10,0.0
2563,34.18034140640375,16,9,0.0
2564,33.55834740440238,16,9,0.0
2565,33.357759762850485,16,9,0.0
2566,23.87622129023877,15,10,0.0
2567,34.69740579106057,16,9,0.0
2568,23.613276675555827,15,10,0.0
2569,33.88336473352626,16,9,0.0
2570,23.225067568992657,15,10,0.0
2571,32.5190631393557,16,9,0.0
2572,12.079958590733181,14,11,0.0
2573,23.33056006462613,15,10,0.0
2574,1.1532094872170955,13,12,0.0
2575,24.36150442338389,15,10,0.0
2576,33.263872764522326,16,9,0.0
2577,13.975606029669049,14,11,0.0
2578,12.932229176964443,14,11,0.0
2579,12.1158050840629,14,11,0.0
2580,33.272499907357826,16,9,0.0
2581,11.688816330727503,14,11,0.0
2582,33.34473150084403,16,9,0.0
2583,12.975405333412468,14,11,0.0
2584,33.59387793678629,16,9,0.0
2585,22.66744835680651,15,10,0.0
2586,11.961023396733934,14,11,0.0
2587,23.688802314264876,15,10,0.0
2588,22.302250709280226,15,10,0.0
2589,13.357385295939256,14,11,0.0
2590,23.158323214435583,15,10,0.0
2591,-8.141118165346933,12,13,0.0
2592,13.073702527103743,14,11,0.0
2593,23.216080482093943,15,10,0.0
2594,33.52260497670688,16,9,0.0
2595,22.826725893128536,15,10,0.0
2596,12.928580432268102,14,11,0.0
2597,22.887657486734405,15,10,0.0
2598,33.090899589821035,16,9,0.0
2599,34.07325594443384,16,9,0.0
2600,13.678064166839485,14,11,0.0
2601,23.225462812001417,15,10,0.0
2602,23.446728542324617,15,10,0.0
2603,23.47522700227339,15,10,0.0
2604,24.72089399553539,15,10,0.0
2605,24.817406715770524,15,10,0.0
2606,22.30385344384105,15,10,0.0
2607,34.17817072380814,16,9,0.0
2608,32.54400875225321,16,9,0.0
2609,22.567980801961006,15,10,0.0
2610,33.90287618791267,16,9,0.0
2611,23.667024243296904,15,10,0.0
2612,43.899462412341485,17,8,0.0
2613,22.227146358599555,15,10,0.0
2614,2.607204706892352,13,12,0.0
2615,23.966795357481374,15,10,0.0
2616,32.93540031503034,16,9,0.0
2617,22.817404321785315,15,10,0.0
2618,13.171685747751846,14,11,0.0
2619,22.108249290641865,15,10,0.0
2620,23.101558066322504,15,10,0.0
2621,33.57255824490082,16,9,0.0
2622,33.79990856247011,16,9,0.0
2623,33.06767026855073,16,9,0.0
2624,23.181163703328934,15,10,0.0
2625,34.35562561940097,16,9,0.0
2626,23.7620372549645,15,10,0.0
2627,33.43307845623457,16,9,0.0
2628,33.87063644829085,16,9,0.0
2629,33.56305844335896,16,9,0.0
2630,22.40227993161064,15,10,0.0
2631,34.622983242318966,16,9,0.0
2632,23.463491586205848,15,10,0.0
2633,24.34197494593575,15,10,0.0
2634,32.707867313651086,16,9,0.0
2635,41.997650802902925,17,8,0.0
2636,13.67843174388496,14,11,0.0
2637,11.748096638562503,14,11,0.0
2638,34.14028965184071,16,9,0.0
2639,33.82920029668831,16,9,0.0
2640,24.49426946073793,15,10,0.0
2641,23.2719787979291,15,10,0.0
2642,2.607596424409957,13,12,0.0
2643,23.483221569379126,15,10,0.0
2644,22.834600240925703,15,10,0.0
2645,21.628107352808307,15,10,0.0
2646,33.56558715039126,16,9,0.0
2647,23.87621924782647,15,10,0.0
2648,33.88854232499548,16,9,0.0
2649,13.548840255128088,14,11,0.0
2650,12.822077444335045,14,11,0.0
2651,32.86504340904511,16,9,0.0
2652,13.372894728132053,14,11,0.0
2653,13.087484843290378,14,11,0.0
2654,33.36237879552255,16,9,0.0
2655,23.856086857515415,15,10,0.0
2656,3.5323360297843305,13,12,0.0
2657,22.604551221677955,15,10,0.0
2658,34.84844868864353,16,9,0.0
2659,23.04520387447621,15,10,0.0
2660,33.60833739612323,16,9,0.0
2661,33.763272159646725,16,9,0.0
2662,32.64696477436103,16,9,0.0
2663,22.441254951554836,15,10,0.0
2664,34.20796671959089,16,9,0.0
2665,34.24400159385463,16,9,0.0
2666,33.05854381698985,16,9,0.0
2667,12.704075861022027,14,11,0.0
2668,33.02819053256065,16,9,0.0
2669,12.304383438837753,14,11,0.0
2670,2.3433648249372014,13,12,0.0
2671,33.92821242171631,16,9,0.0
2672,42.886002013531964,17,8,0.0
2673,14.735840555075498,14,11,0.0
2674,33.652311111408835,16,9,0.0
2675,23.250474770916426,15,10,0.0
2676,33.87211978355836,16,9,0.0
2677,22.360696433191645,15,10,0.0
2678,32.643311413170416,16,9,0.0
2679,13.295326549865024,14,11,0.0
2680,33.2180809378627,16,9,0.0
2681,23.055079183397968,15,10,0.0
2682,34.49674745970869,16,9,0.0
2683,23.024703916886434,15,10,0.0
2684,23.803742984462883,15,10,0.0
2685,33.39645316492571,16,9,0.0
2686,33.65895669890449,16,9,0.0
2687,24.067712917910317,15,10,0.0
2688,32.975443887584746,16,9,0.0
2689,12.019544716093497,14,11,0.0
2690,32.63220682926511,16,9,0.0
2691,23.215193663189424,15,10,0.0
2692,35.0993964947952,16,9,0.0
2693,12.488726247935553,14,11,0.0
2694,32.73598690562605,16,9,0.0
2695,32.98202819207601,16,9,0.0
2696,23.312863384890964,15,10,0.0
2697,22.621084657660035,15,10,0.0
2698,12.863431414004799,14,11,0.0
2699,43.728093446373265,17,8,0.0
2700,11.895093371431013,14,11,0.0
2701,33.811499669777476,16,9,0.0
2702,12.331294232165181,14,11,0.0
2703,23.78438432014752,15,10,0.0
2704,33.692533785226445,16,9,0.0
2705,32.74780972405176,16,9,0.0
2706,11.018112475048127,14,11,0.0
2707,22.819752730947876,15,10,0.0
2708,32.47828467954212,16,9,0.0
2709,12.175591677609635,14,11,0.0
2710,3.3008587565290854,13,12,0.0
2711,32.816171674396216,16,9,0.0
2712,22.905228509915965,15,10,0.0
2713,22.070378019676763,15,10,0.0
2714,2.421691523968663,13,12,0.0
2715,12.94867104328005,14,11,0.0
2716,42.93097629895451,17,8,0.0
2717,24.299042928760237,15,10,0.0
2718,34.02345089312553,16,9,0.0
2719,12.43469048670922,14,11,0.0
2720,33.29594195625144,16,9,0.0
2721,24.740932358639718,15,10,0.0
2722,12.22791723223463,14,11,0.0
2723,31.80311749526976,16,9,0.0
2724,23.99497926384609,15,10,0.0
2725,22.005864766424008,15,10,0.0
2726,23.33413302002961,15,10,0.0
2727,33.02874605411109,16,9,0.0
2728,23.42484483567834,15,10,0.0
2729,22.666252278880943,15,10,0.0
2730,21.835370089021385,15,10,0.0
2731,23.21672845852929,15,10,0.0
2732,2.4928127410437906,13,12,0.0
2733,2.5963881779099367,13,12,0.0
2734,33.88536027254515,16,9,0.0
2735,32.87757608495396,16,9,0.0
2736,2.8091091835953517,13,12,0.0
2737,2.9722777212041196,13,12,0.0
2738,12.512177182639613,14,11,0.0
2739,34.49256318228124,16,9,0.0
2740,22.968213296093452,15,10,0.0
2741,23.63708538849196,15,10,0.0
2742,22.695440360557058,15,10,0.0
2743,32.9183112379633,16,9,0.0
2744,12.196887533533413,14,11,0.0
2745,23.239158114760983,15,10,0.0
2746,21.91568638008295,15,10,0.0
2747,-8.016766123863835,12,13,0.0
2748,43.77609276222577,17,8,0.0
2749,42.82139525635066,17,8,0.0
2750,33.85253978312538,16,9,0.0
2751,14.000164995181187,14,11,0.0
2752,23.052010870183217,15,10,0.0
2753,13.125052858291264,14,11,0.0
2754,43.69551353087587,17,8,0.0
2755,12.82523878292359,14,11,0.0
2756,23.434984228288805,15,10,0.0
2757,33.07301666429934,16,9,0.0
2758,12.336088690325038,14,11,0.0
2759,22.628068310844256,15,10,0.0
2760,33.60664456112248,16,9,0.0
2761,12.813746507761147,14,11,0.0
2762,23.21014316892402,15,10,0.0
2763,33.33630616286097,16,9,0.0
2764,44.50054226424848,17,8,0.0
2765,33.84898776385412,16,9,0.0
2766,33.42181918869721,16,9,0.0
2767,32.943132185316635,16,9,0.0
2768,24.00583501434396,15,10,0.0
2769,23.824587736384064,15,10,0.0
2770,33.37562259885261,16,9,0.0
2771,34.56286276307244,16,9,0.0
2772,32.855164182924,16,9,0.0
2773,43.342135181555975,17,8,0.0
2774,21.548102773751687,15,10,0.0
2775,12.864680973048378,14,11,0.0
2776,33.89225511508968,16,9,0.0
2777,24.06976229778463,15,10,0.0
2778,33.836688918450086,16,9,0.0
2779,20.820650000761646,15,10,0.0
2780,12.88105471157673,14,11,0.0
2781,13.339464825777592,14,11,0.0
2782,22.87801608193641,15,10,0.0
2783,22.287327323491287,15,10,0.0
2784,22.787954666485916,15,10,0.0
2785,22.151282766320445,15,10,0.0
2786,34.03676021110327,16,9,0.0
2787,13.412854004628898,14,11,0.0
2788,33.36162139347844,16,9,0.0
2789,12.188264859200707,14,11,0.0
2790,13.445156201104625,14,11,0.0
2791,32.737979018676356,16,9,0.0
2792,11.739436422358388,14,11,0.0
2793,33.23761279849047,16,9,0.0
2794,32.414858147300805,16,9,0.0
2795,13.025378985885363,14,11,0.0
2796,22.131852966403006,15,10,0.0
2797,13.44367292790395,14,11,0.0
2798,33.98881260613487,16,9,0.0
2799,12.847626763750238,14,11,0.0
2800,23.4629152239604,15,10,0.0
2801,31.9970621206692,16,9,0.0
2802,32.824194560002056,16,9,0.0
2803,33.60851590059012,16,9,0.0
2804,22.17014099051729,15,10,0.0
2805,13.140421914958846,14,11,0.0
2806,32.73496466463656,16,9,0.0
2807,43.80212991241535,17,8,0.0
2808,32.87093500622634,16,9,0.0
2809,32.94082514181223,16,9,0.0
2810,22.610519189823478,15,10,0.0
2811,43.4398579924932,17,8,0.0
2812,22.538705899551942,15,10,0.0
2813,22.441207431038926,15,10,0.0
2814,21.437697340022947,15,10,0.0
2815,24.01483280177401,15,10,0.0
2816,21.984965217173052,15,10,0.0
2817,22.049215570008045,15,10,0.0
2818,2.3282959429765278,13,12,0.0
2819,35.10337790967753,16,9,0.0
2820,22.66922417234693,15,10,0.0
2821,33.73884045686276,16,9,0.0
2822,31.98833510222634,16,9,0.0
2823,3.121353376894816,13,12,0.0
2824,33.520728303848344,16,9,0.0
2825,23.577281458949674,15,10,0.0
2826,33.26396294469752,16,9,0.0
2827,34.09045685581101,16,9,0.0
2828,12.813417742140846,14,11,0.0
2829,32.32516424209545,16,9,0.0
2830,22.328379355815173,15,10,0.0
2831,32.84002970558359,16,9,0.0
2832,21.341288983687665,15,10,0.0
2833,32.19972361657297,16,9,0.0
2834,23.184432647569107,15,10,0.0
2835,33.63495963401805,16,9,0.0
2836,23.402031967989977,15,10,0.0
2837,31.872108637878945,16,9,0.0
2838,32.54936312399717,16,9,0.0
2839,22.5445888813206,15,10,0.0
2840,22.54725715295865,15,10,0.0
2841,32.601797317280315,16,9,0.0
2842,1.6651797581832,13,12,0.0
2843,32.505394900932906,16,9,0.0
2844,42.861395066870344,17,8,0.0
2845,42.98117761799037,17,8,0.0
2846,33.934053605355246,16,9,0.0
2847,12.993537224950636,14,11,0.0
2848,22.957455005402206,15,10,0.0
2849,21.80777626139536,15,10,0.0
2850,44.53894106149341,17,8,0.0
2851,43.10127120129028,17,8,0.0
2852,23.097124285664233,15,10,0.0
2853,22.58427663890678,15,10,0.0
2854,12.121681863957928,14,11,0.0
2855,42.468294982163066,17,8,0.0
2856,20.906627155533236,15,10,0.0
2857,44.179826541026515,17,8,0.0
2858,43.885360351185035,17,8,0.0
2859,24.042038937044747,15,10,0.0
2860,42.90160748710582,17,8,0.0
2861,41.536499239844844,17,8,0.0
2862,22.073462964093537,15,10,0.0
2863,23.30519722036322,15,10,0.0
2864,33.07732248561752,16,9,0.0
2865,42.73402856149577,17,8,0.0
2866,11.598755859094387,14,11,0.0
2867,33.17883004974671,16,9,0.0
2868,11.266030007737177,14,11,0.0
2869,32.89542576034496,16,9,0.0
2870,32.471563139079414,16,9,0.0
2871,23.290314326675663,15,10,0.0
2872,33.176790275450955,16,9,0.0
2873,21.844652772583892,15,10,0.0
2874,33.39703559794098,16,9,0.0
2875,33.18670668565201,16,9,0.0
2876,33.53962234588618,16,9,0.0
2877,13.61789256854624,14,11,0.0
2878,1.3109551839506839,13,12,0.0
2879,34.29449589918291,16,9,0.0
2880,22.544403129725765,15,10,0.0
2881,33.29890926437149,16,9,0.0
2882,22.71489030968935,15,10,0.0
2883,34.35070966811919,16,9,0.0
2884,22.52001053981128,15,10,0.0
2885,22.05260965901264,15,10,0.0
2886,31.62633017395392,16,9,0.0
2887,43.47621459865744,17,8,0.0
2888,23.17479345361878,15,10,0.0
2889,34.05831863343007,16,9,0.0
2890,32.061073919233166,16,9,0.0
2891,32.288382957463995,16,9,0.0
2892,22.876860008559436,15,10,0.0
2893,23.549224302501884,15,10,0.0
2894,42.20761196808674,17,8,0.0
2895,22.70569861510685,15,10,0.0
2896,22.392049898073324,15,10,0.0
2897,32.28558091294463,16,9,0.0
2898,12.506987264346183,14,11,0.0
2899,33.59109071978716,16,9,0.0
2900,33.12325425163623,16,9,0.0
2901,3.154447527950504,13,12,0.0
2902,33.844179590471825,16,9,0.0
2903,22.37165610597063,15,10,0.0
2904,22.60516701526863,15,10,0.0
2905,12.907363212591225,14,11,0.0
2906,33.16271089264003,16,9,0.0
2907,33.40590483386561,16,9,0.0
2908,32.639234281449774,16,9,0.0
2909,24.458295626446876,15,10,0.0
2910,22.92367669416605,15,10,0.0
2911,23.700302479990782,15,10,0.0
2912,33.15847651799383,16,9,0.0
2913,2.306553410692195,13,12,0.0
2914,32.58872390232033,16,9,0.0
2915,24.07367099357623,15,10,0.0
2916,22.291028309631333,15,10,0.0
2917,22.435279815016358,15,10,0.0
2918,43.51533595408653,17,8,0.0
2919,33.46213968767657,16,9,0.0
2920,33.7795586446688,16,9,0.0
2921,21.105681466354348,15,10,0.0
2922,33.92647325782153,16,9,0.0
2923,43.71745824851586,17,8,0.0
2924,32.65384186834998,16,9,0.0
2925,22.09993915736677,15,10,0.0
2926,34.02665927813962,16,9,0.0
2927,33.63028546612545,16,9,0.0
2928,43.0555975983433,17,8,0.0
2929,33.50567733974073,16,9,0.0
2930,32.726022975777,16,9,0.0
2931,22.174507525883406,15,10,0.0
2932,42.263907719110335,17,8,0.0
2933,33.02232472116115,16,9,0.0
2934,22.161892611101315,15,10,0.0
2935,32.872778846214544,16,9,0.0
2936,33.330317880177375,16,9,0.0
2937,22.513282921975506,15,10,0.0
2938,33.70717109957189,16,9,0.0
2939,33.558406561334074,16,9,0.0
2940,21.42086208602944,15,10,0.0
2941,23.478125879100123,15,10,0.0
2942,22.259507540468604,15,10,0.0
2943,32.530696274697526,16,9,0.0
2944,23.027269070277,15,10,0.0
2945,44.29229576433402,17,8,0.0
2946,32.76081437828887,16,9,0.0
2947,23.189642844909287,15,10,0.0
2948,33.041713777312026,16,9,0.0
2949,22.757583368438063,15,10,0.0
2950,32.9881182588989,16,9,0.0
2951,22.958912310492636,15,10,0.0
2952,12.233973297497702,14,11,0.0
2953,22.418510993078883,15,10,0.0
2954,44.02210639182353,17,8,0.0
2955,32.880778684145994,16,9,0.0
2956,2.3616756672799992,13,12,0.0
2957,22.352124759098903,15,10,0.0
2958,33.17989685452153,16,9,0.0
2959,32.55419940586055,16,9,0.0
2960,33.38873227834857,16,9,0.0
2961,33.86431426147455,16,9,0.0
2962,32.080556514416756,16,9,0.0
2963,33.92236252734949,16,9,0.0
2964,33.787867215861354,16,9,0.0
2965,32.599182422822764,16,9,0.0
2966,23.148809076066495,15,10,0.0
2967,23.04518441732711,15,10,0.0
2968,21.960847746522727,15,10,0.0
2969,22.98214189516852,15,10,0.0
2970,34.373134595293784,16,9,0.0
2971,23.02170494481624,15,10,0.0
2972,2.410409690813214,13,12,0.0
2973,43.412055378452244,17,8,0.0
2974,33.03983167529169,16,9,0.0
2975,22.09169278605544,15,10,0.0
2976,13.616565067656516,14,11,0.0
2977,32.925050378478446,16,9,0.0
2978,33.019483860033574,16,9,0.0
2979,44.513411441812515,17,8,0.0
2980,33.26662742036505,16,9,0.0
2981,23.637696652152087,15,10,0.0
2982,33.90065718762695,16,9,0.0
2983,23.854873977324537,15,10,0.0
2984,11.314615642649343,14,11,0.0
2985,23.51839346825397,15,10,0.0
2986,22.07320198402973,15,10,0.0
2987,12.349312115577895,14,11,0.0
2988,33.17111709040197,16,9,0.0
2989,1.6840280065783793,13,12,0.0
2990,44.485405761218495,17,8,0.0
2991,44.94037850625341,17,8,0.0
2992,33.172341985609236,16,9,0.0
2993,32.844584798071125,16,9,0.0
2994,21.69716421146756,15,10,0.0
2995,22.396992894825935,15,10,0.0
2996,32.634528397646086,16,9,0.0
2997,44.445034532859,17,8,0.0
2998,23.0635791921153,15,10,0.0
2999,43.54487468409681,17,8,0.0
3000,44.612054985580784,17,8,0.0
3001,12.606291738127709,14,11,0.0
3002,22.52585248444605,15,10,0.0
3003,33.63206966000597,16,9,0.0
3004,-6.291092716237223,12,13,0.0
3005,33.43134818400798,16,9,0.0
3006,33.83266347010075,16,9,0.0
3007,43.550456939969536,17,8,0.0
3008,33.817371786059326,16,9,0.0
3009,32.914596634334714,16,9,0.0
3010,23.05843841266656,15,10,0.0
3011,33.362605122388146,16,9,0.0
3012,2.633285571822997,13,12,0.0
3013,23.629811371002944,15,10,0.0
3014,22.83615437165831,15,10,0.0
3015,34.44911860780403,16,9,0.0
3016,43.118564731185415,17,8,0.0
3017,33.588006147843515,16,9,0.0
3018,33.765173907171764,16,9,0.0
3019,33.61454980247249,16,9,0.0
3020,34.07929770850089,16,9,0.0
3021,2.651864128203701,13,12,0.0
3022,23.9498445412594,15,10,0.0
3023,34.69424763596653,16,9,0.0
3024,12.886799374300486,14,11,0.0
3025,22.795733900378924,15,10,0.0
3026,12.776315352123575,14,11,0.0
3027,23.225172384762793,15,10,0.0
3028,23.012197710664093,15,10,0.0
3029,22.271473903394988,15,10,0.0
3030,34.032303179161325,16,9,0.0
3031,23.082007016896902,15,10,0.0
3032,22.583828324614068,15,10,0.0
3033,34.504887795072975,16,9,0.0
3034,33.653402619984135,16,9,0.0
3035,23.707957981064574,15,10,0.0
3036,43.346120670690716,17,8,0.0
3037,22.173526851272324,15,10,0.0
3038,43.27803498902277,17,8,0.0
3039,22.964948442070146,15,10,0.0
3040,34.50503344846353,16,9,0.0
3041,22.61963191722376,15,10,0.0
3042,43.26641969952354,17,8,0.0
3043,23.658348245635832,15,10,0.0
3044,2.3779276638461866,13,12,0.0
3045,11.727382836997815,14,11,0.0
3046,22.751894761062722,15,10,0.0
3047,32.941254204572815,16,9,0.0
3048,23.672474577722234,15,10,0.0
3049,13.180235359268828,14,11,0.0
3050,32.91235509609026,16,9,0.0
3051,12.709695063279266,14,11,0.0
3052,2.4234693121479083,13,12,0.0
3053,33.46623390222756,16,9,0.0
3054,43.26910019467895,17,8,0.0
3055,23.822095922153462,15,10,0.0
3056,13.708659067253205,14,11,0.0
3057,22.780376982717804,15,10,0.0
3058,33.821352668948066,16,9,0.0
3059,42.771012084820285,17,8,0.0
3060,33.47693270861241,16,9,0.0
3061,23.766221368645446,15,10,0.0
3062,33.502345699526046,16,9,0.0
3063,33.43240863899382,16,9,0.0
3064,21.717576304695278,15,10,0.0
3065,33.86804408875683,16,9,0.0
3066,12.285401382026265,14,11,0.0
3067,32.802897081696585,16,9,0.0
3068,42.82499215196962,17,8,0.0
3069,13.69597553092221,14,11,0.0
3070,23.726992062607184,15,10,0.0
3071,13.543843869918083,14,11,0.0
3072,43.06338356017805,17,8,0.0
3073,22.947398515144307,15,10,0.0
3074,22.785939816111142,15,10,0.0
3075,22.177748900751588,15,10,0.0
3076,24.467663400176285,15,10,0.0
3077,33.990073902199,16,9,0.0
3078,22.622168581629186,15,10,0.0
3079,32.64905262471009,16,9,0.0
3080,5.195154019208038,13,12,0.0
3081,44.23062100003811,17,8,0.0
3082,10.977522813342393,14,11,0.0
3083,43.5713390144514,17,8,0.0
3084,11.99686491040279,14,11,0.0
3085,11.870484626004924,14,11,0.0
3086,2.3700493885726654,13,12,0.0
3087,33.769047563983165,16,9,0.0
3088,11.293959133081305,14,11,0.0
3089,32.35113870101591,16,9,0.0
3090,-17.37030223331844,11,14,0.0
3091,3.0810965067749603,13,12,0.0
3092,1.2039323068128986,13,12,0.0
3093,33.413893338244684,16,9,0.0
3094,43.786219378002464,17,8,0.0
3095,11.074677454178016,14,11,0.0
3096,32.98534596443219,16,9,0.0
3097,22.71944808636844,15,10,0.0
3098,1.1864768083207564,13,12,0.0
3099,33.987945819473836,16,9,0.0
3100,33.22771777051338,16,9,0.0
3101,3.0953080717073322,13,12,0.0
3102,33.90167207558452,16,9,0.0
3103,23.440437860294374,15,10,0.0
3104,11.82907751555824,14,11,0.0
3105,32.90349294467484,16,9,0.0
3106,22.514832353419568,15,10,0.0
3107,22.911452562730524,15,10,0.0
3108,32.3043909826993,16,9,0.0
3109,32.428638414792196,16,9,0.0
3110,22.12452578904039,15,10,0.0
3111,22.13830326578738,15,10,0.0
3112,22.649468612852413,15,10,0.0
3113,42.8839548866435,17,8,0.0
3114,33.605309356954486,16,9,0.0
3115,23.518440305819077,15,10,0.0
3116,31.74531023973207,16,9,0.0
3117,33.42253705620331,16,9,0.0
3118,23.18941216590234,15,10,0.0
3119,32.68702747524228,16,9,0.0
3120,22.954678656871813,15,10,0.0
3121,32.73211850159501,16,9,0.0
3122,43.19139688493625,17,8,0.0
3123,32.25002624929002,16,9,0.0
3124,23.934488222001832,15,10,0.0
3125,33.575597350693315,16,9,0.0
3126,23.17718055136318,15,10,0.0
3127,22.812941872401037,15,10,0.0
3128,33.003114579687654,16,9,0.0
3129,22.204460622186694,15,10,0.0
3130,32.813145030871894,16,9,0.0
3131,1.4896220192297025,13,12,0.0
3132,3.243986283722985,13,12,0.0
3133,23.375410432055084,15,10,0.0
3134,33.62320644688274,16,9,0.0
3135,12.700755897768651,14,11,0.0
3136,-9.120263852662589,12,13,0.0
3137,32.58391818939462,16,9,0.0
3138,32.29884284911274,16,9,0.0
3139,20.880560161357657,15,10,0.0
3140,43.93755709659226,17,8,0.0
3141,33.110186227702485,16,9,0.0
3142,13.470898521783901,14,11,0.0
3143,22.15155323859506,15,10,0.0
3144,22.91202726061168,15,10,0.0
3145,22.98414283141579,15,10,0.0
3146,23.102071255750975,15,10,0.0
3147,32.67879880148034,16,9,0.0
3148,22.667924792725856,15,10,0.0
3149,23.220416950212506,15,10,0.0
3150,32.69280289060792,16,9,0.0
3151,12.348048674356516,14,11,0.0
3152,33.324735275623496,16,9,0.0
3153,33.813544806888615,16,9,0.0
3154,33.83615054812305,16,9,0.0
3155,43.813618913700495,17,8,0.0
3156,32.91125698647701,16,9,0.0
3157,23.04602780358652,15,10,0.0
3158,3.5076631366103252,13,12,0.0
3159,33.80090496066149,16,9,0.0
3160,22.02138732323224,15,10,0.0
3161,32.527456524922414,16,9,0.0
3162,23.822293656585508,15,10,0.0
3163,33.19985853774523,16,9,0.0
3164,13.44448995413972,14,11,0.0
3165,13.07610911784747,14,11,0.0
3166,32.615947522313945,16,9,0.0
3167,22.521870449945958,15,10,0.0
3168,22.47491711557135,15,10,0.0
3169,33.5373641117327,16,9,0.0
3170,-8.227950867408168,12,13,0.0
3171,31.639900140188004,16,9,0.0
3172,22.935580285036753,15,10,0.0
3173,22.609249992225568,15,10,0.0
3174,31.16540719921079,16,9,0.0
3175,33.50849536996242,16,9,0.0
3176,12.035133611461383,14,11,0.0
3177,21.988113747590226,15,10,0.0
3178,2.2584716101594693,13,12,0.0
3179,32.32668840185709,16,9,0.0
3180,21.775014758671905,15,10,0.0
3181,42.94828150299438,17,8,0.0
3182,32.92185285824866,16,9,0.0
3183,23.39553827718341,15,10,0.0
3184,43.49302557302829,17,8,0.0
3185,2.706555807106829,13,12,0.0
3186,23.535227049280437,15,10,0.0
3187,23.224497539929047,15,10,0.0
3188,32.62504877818105,16,9,0.0
3189,1.9020493704439225,13,12,0.0
3190,22.56513703084094,15,10,0.0
3191,32.221813964981905,16,9,0.0
3192,11.855631429383918,14,11,0.0
3193,42.41044374406865,17,8,0.0
3194,32.41515804012033,16,9,0.0
3195,23.49563107372028,15,10,0.0
3196,32.17064400093474,16,9,0.0
3197,32.022696907407855,16,9,0.0
3198,44.23797893982254,17,8,0.0
3199,41.95973363943903,17,8,0.0
3200,33.61016152058614,16,9,0.0
3201,12.865341988200132,14,11,0.0
3202,34.14997551341276,16,9,0.0
3203,32.50853499719646,16,9,0.0
3204,21.884193123256082,15,10,0.0
3205,23.205124881106922,15,10,0.0
3206,2.5017422521145747,13,12,0.0
3207,33.42535257804609,16,9,0.0
3208,32.72953847166811,16,9,0.0
3209,34.20860206199488,16,9,0.0
3210,22.44906259128804,15,10,0.0
3211,22.98292099348785,15,10,0.0
3212,23.13690396808581,15,10,0.0
3213,32.21471300719384,16,9,0.0
3214,22.81438251447672,15,10,0.0
3215,13.549494641553181,14,11,0.0
3216,22.342756557773896,15,10,0.0
3217,22.570915066669293,15,10,0.0
3218,42.843138975846855,17,8,0.0
3219,33.72726823863975,16,9,0.0
3220,32.94179379415156,16,9,0.0
3221,33.468559065235695,16,9,0.0
3222,13.287951726067883,14,11,0.0
3223,11.789483727906136,14,11,0.0
3224,33.06317926932663,16,9,0.0
3225,33.833199607437315,16,9,0.0
3226,33.76316600864564,16,9,0.0
3227,21.962321439962608,15,10,0.0
3228,12.355903228511961,14,11,0.0
3229,23.993271525951812,15,10,0.0
3230,44.36841193490739,17,8,0.0
3231,20.682716841320097,15,10,0.0
3232,21.7630515232885,15,10,0.0
3233,42.792883002485624,17,8,0.0
3234,31.995384670900563,16,9,0.0
3235,22.44859374771484,15,10,0.0
3236,12.19703185666568,14,11,0.0
3237,33.76847696967635,16,9,0.0
3238,23.49084682107109,15,10,0.0
3239,11.716093913489914,14,11,0.0
3240,34.00054888981336,16,9,0.0
3241,44.85534219850534,17,8,0.0
3242,12.707682355069409,14,11,0.0
3243,23.424405607936656,15,10,0.0
3244,33.18868015112331,16,9,0.0
3245,12.772881243809797,14,11,0.0
3246,22.82575301739856,15,10,0.0
3247,34.32430142580788,16,9,0.0
3248,33.79681447716966,16,9,0.0
3249,13.885286649692633,14,11,0.0
3250,34.12754877192579,16,9,0.0
3251,12.839458454639772,14,11,0.0
3252,33.1977342185284,16,9,0.0
3253,22.909508561968124,15,10,0.0
3254,34.90813157559824,16,9,0.0
3255,31.905135212626362,16,9,0.0
3256,32.89713039949011,16,9,0.0
3257,32.26649986901213,16,9,0.0
3258,23.954142236384165,15,10,0.0
3259,13.033635207845908,14,11,0.0
3260,33.34469945791461,16,9,0.0
3261,44.96962032354043,17,8,0.0
3262,2.145705145741191,13,12,0.0
3263,32.4605197736151,16,9,0.0
3264,23.084099000673902,15,10,0.0
3265,32.72527404745255,16,9,0.0
3266,43.58277490542679,17,8,0.0
3267,43.912276218901866,17,8,0.0
3268,32.71356179961554,16,9,0.0
3269,21.573480360231727,15,10,0.0
3270,23.97645666263581,15,10,0.0
3271,21.67943519506873,15,10,0.0
3272,32.62408924357651,16,9,0.0
3273,23.641363432353778,15,10,0.0
3274,31.889911043856856,16,9,0.0
3275,23.0479552199783,15,10,0.0
3276,22.392430085397045,15,10,0.0
3277,33.08281765605845,16,9,0.0
3278,33.024853632166554,16,9,0.0
3279,11.658518878584829,14,11,0.0
3280,22.46734017405516,15,10,0.0
3281,23.00245006902783,15,10,0.0
3282,43.91654992469619,17,8,0.0
3283,22.683211715985372,15,10,0.0
3284,23.22275690369941,15,10,0.0
3285,12.342628220903688,14,11,0.0
3286,31.995699239960835,16,9,0.0
3287,43.05076704809236,17,8,0.0
3288,33.48322942730624,16,9,0.0
3289,22.83316939078297,15,10,0.0
3290,33.409407370118764,16,9,0.0
3291,32.36112978861957,16,9,0.0
3292,33.2362216565233,16,9,0.0
3293,13.106478357056744,14,11,0.0
3294,32.63363511009194,16,9,0.0
3295,21.75058884256745,15,10,0.0
3296,43.32620999894779,17,8,0.0
3297,34.11537352930941,16,9,0.0
3298,33.24635152322587,16,9,0.0
3299,21.82924670803568,15,10,0.0
3300,12.967867993086964,14,11,0.0
3301,23.157806196152535,15,10,0.0
3302,44.12696156259207,17,8,0.0
3303,12.630736737022675,14,11,0.0
3304,13.273096418034832,14,11,0.0
3305,34.1123646717767,16,9,0.0
3306,33.59646811482662,16,9,0.0
3307,33.91842514055783,16,9,0.0
3308,34.66686255723322,16,9,0.0
3309,22.308687125200088,15,10,0.0
3310,23.176623471795615,15,10,0.0
3311,33.266523815555516,16,9,0.0
3312,33.15278734651328,16,9,0.0
3313,33.577762754758886,16,9,0.0
3314,23.25346782780877,15,10,0.0
3315,22.303852451608158,15,10,0.0
3316,21.65962906028192,15,10,0.0
3317,32.68338882351061,16,9,0.0
3318,12.834503762697636,14,11,0.0
3319,22.37720845612993,15,10,0.0
3320,22.55062783014294,15,10,0.0
3321,32.552221877950714,16,9,0.0
3322,22.890963272356142,15,10,0.0
3323,12.428281116475528,14,11,0.0
3324,23.602837946876505,15,10,0.0
3325,32.63287827530144,16,9,0.0
3326,33.21726452077159,16,9,0.0
3327,22.795694446514894,15,10,0.0
3328,33.969126735288334,16,9,0.0
3329,22.88237036092841,15,10,0.0
3330,22.816648508709346,15,10,0.0
3331,31.36768091968546,16,9,0.0
3332,33.553896658006074,16,9,0.0
3333,33.83834263774238,16,9,0.0
3334,34.12026342095412,16,9,0.0
3335,12.62869983543915,14,11,0.0
3336,23.75195955554313,15,10,0.0
3337,34.675569375947646,16,9,0.0
3338,22.717212681463725,15,10,0.0
3339,31.674382284642277,16,9,0.0
3340,22.793274977828546,15,10,0.0
3341,24.023747926468367,15,10,0.0
3342,22.066116822780167,15,10,0.0
3343,23.742862612675157,15,10,0.0
3344,42.77389485351356,17,8,0.0
3345,1.3803665185437666,13,12,0.0
3346,13.53192223205875,14,11,0.0
3347,22.427753289692273,15,10,0.0
3348,42.58372597319681,17,8,0.0
3349,24.600414104511792,15,10,0.0
3350,32.425270938345435,16,9,0.0
3351,33.44693055973228,16,9,0.0
3352,12.811733906205351,14,11,0.0
3353,22.41570737467584,15,10,0.0
3354,23.150007967379935,15,10,0.0
3355,13.526111467219,14,11,0.0
3356,23.098630678580612,15,10,0.0
3357,33.93753107819563,16,9,0.0
3358,32.79095673916044,16,9,0.0
3359,22.52398679051768,15,10,0.0
3360,23.83692623179603,15,10,0.0
3361,43.26500102069825,17,8,0.0
3362,23.079128079068692,15,10,0.0
3363,23.340856850732994,15,10,0.0
3364,42.831052336293496,17,8,0.0
3365,33.00980448016251,16,9,0.0
3366,12.212697693675311,14,11,0.0
3367,21.8997660064001,15,10,0.0
3368,-7.600417579716062,12,13,0.0
3369,1.8455562286339546,13,12,0.0
3370,33.65962527589505,16,9,0.0
3371,23.05005970966124,15,10,0.0
3372,24.163230149709534,15,10,0.0
3373,23.145765042321933,15,10,0.0
3374,32.662781796764705,16,9,0.0
3375,22.63968180247428,15,10,0.0
3376,23.638024621572352,15,10,0.0
3377,23.079409485092746,15,10,0.0
3378,33.34009961991303,16,9,0.0
3379,11.950134646338968,14,11,0.0
3380,33.473686405110314,16,9,0.0
3381,13.507743527146033,14,11,0.0
3382,33.283204857370315,16,9,0.0
3383,32.84313840378148,16,9,0.0
3384,-7.1657188805152225,12,13,0.0
3385,22.626441904955687,15,10,0.0
3386,33.54238513926282,16,9,0.0
3387,32.818824528106575,16,9,0.0
3388,12.69028433070907,14,11,0.0
3389,20.74008510062209,15,10,0.0
3390,43.0879013058716,17,8,0.0
3391,33.14787730359065,16,9,0.0
3392,33.11181074106839,16,9,0.0
3393,32.801740634143854,16,9,0.0
3394,32.19321157810459,16,9,0.0
3395,23.439179985197224,15,10,0.0
3396,32.91546769689912,16,9,0.0
3397,11.394718527343006,14,11,0.0
3398,33.27547524477829,16,9,0.0
3399,32.84460795606384,16,9,0.0
3400,13.093526102541755,14,11,0.0
3401,43.632171985795885,17,8,0.0
3402,23.474886328460535,15,10,0.0
3403,42.784882386978545,17,8,0.0
3404,22.06742581033889,15,10,0.0
3405,23.536743699781994,15,10,0.0
3406,31.45086552614428,16,9,0.0
3407,21.43271141227595,15,10,0.0
3408,32.07951679235062,16,9,0.0
3409,23.22009998492588,15,10,0.0
3410,31.96655701878153,16,9,0.0
3411,2.8371209305559204,13,12,0.0
3412,33.60275018407975,16,9,0.0
3413,21.94962892693191,15,10,0.0
3414,32.90199536244459,16,9,0.0
3415,23.704213459909816,15,10,0.0
3416,11.117416274545564,14,11,0.0
3417,32.768894545047424,16,9,0.0
3418,32.56179736533187,16,9,0.0
3419,34.13413955814366,16,9,0.0
3420,23.08367339298663,15,10,0.0
3421,33.66276946464608,16,9,0.0
3422,11.29309021486068,14,11,0.0
3423,34.160067806187904,16,9,0.0
3424,2.762907427998138,13,12,0.0
3425,23.594004271513143,15,10,0.0
3426,32.73498052792341,16,9,0.0
3427,22.151932847030004,15,10,0.0
3428,3.5671227204336207,13,12,0.0
3429,12.608737462190371,14,11,0.0
3430,22.73335114554952,15,10,0.0
3431,33.589663134739176,16,9,0.0
3432,33.29990981110699,16,9,0.0
3433,33.260923188131926,16,9,0.0
3434,22.805458495458545,15,10,0.0
3435,43.23337753111567,17,8,0.0
3436,33.50569390552949,16,9,0.0
3437,32.45995779258185,16,9,0.0
3438,23.814179082338974,15,10,0.0
3439,43.30105967477047,17,8,0.0
3440,33.57676342061314,16,9,0.0
3441,12.03411256493086,14,11,0.0
3442,11.866261946962114,14,11,0.0
3443,3.5451728113687313,13,12,0.0
3444,32.68296724648136,16,9,0.0
3445,13.43818442277409,14,11,0.0
3446,23.729534763480974,15,10,0.0
3447,23.752865945946674,15,10,0.0
3448,11.976180863939382,14,11,0.0
3449,42.43796584526561,17,8,0.0
3450,43.30172591564604,17,8,0.0
3451,32.75411623541045,16,9,0.0
3452,12.707877370239837,14,11,0.0
3453,33.64082182410078,16,9,0.0
3454,22.462957424545262,15,10,0.0
3455,43.35053643903966,17,8,0.0
3456,22.0617094723395,15,10,0.0
3457,33.16288094622201,16,9,0.0
3458,22.919173780442634,15,10,0.0
3459,32.741349168537624,16,9,0.0
3460,33.24547190267457,16,9,0.0
3461,3.1804680133638037,13,12,0.0
3462,32.73530143730096,16,9,0.0
3463,24.132100551472252,15,10,0.0
3464,34.40619018463234,16,9,0.0
3465,31.392340155532207,16,9,0.0
3466,24.208984793740505,15,10,0.0
3467,21.552559286318964,15,10,0.0
3468,34.45029772629838,16,9,0.0
3469,13.766034242356945,14,11,0.0
3470,33.090809221368815,16,9,0.0
3471,33.4247102079261,16,9,0.0
3472,34.655527384940925,16,9,0.0
3473,32.44953590593144,16,9,0.0
3474,33.04761985387369,16,9,0.0
3475,32.99699638627873,16,9,0.0
3476,32.624321969604416,16,9,0.0
3477,22.420215346392418,15,10,0.0
3478,33.27813467043138,16,9,0.0
3479,33.19548727849171,16,9,0.0
3480,13.626765526799849,14,11,0.0
3481,23.50052331268217,15,10,0.0
3482,32.978084302073775,16,9,0.0
3483,23.058677699682033,15,10,0.0
3484,12.357723501279004,14,11,0.0
3485,22.018886227268258,15,10,0.0
3486,45.05135069903598,17,8,0.0
3487,23.0443633600002,15,10,0.0
3488,33.07429146366683,16,9,0.0
3489,33.005632301111596,16,9,0.0
3490,23.52288670090468,15,10,0.0
3491,32.00472445944615,16,9,0.0
3492,33.30373501738639,16,9,0.0
3493,22.25983166046094,15,10,0.0
3494,44.95771115391451,17,8,0.0
3495,33.510242730263016,16,9,0.0
3496,33.4593640955963,16,9,0.0
3497,33.36278151630766,16,9,0.0
3498,42.12330578886471,17,8,0.0
3499,33.480868523816724,16,9,0.0
3500,22.75843700094547,15,10,0.0
3501,21.67750290205551,15,10,0.0
3502,42.22640706746295,17,8,0.0
3503,12.544506481423891,14,11,0.0
3504,23.010004644344836,15,10,0.0
3505,34.04206791358103,16,9,0.0
3506,12.564767025558055,14,11,0.0
3507,32.57676369101463,16,9,0.0
3508,22.430469555124724,15,10,0.0
3509,13.524733121626058,14,11,0.0
3510,32.827814806057134,16,9,0.0
3511,32.53302862617443,16,9,0.0
3512,22.05568393769298,15,10,0.0
3513,32.85003018308044,16,9,0.0
3514,43.54112987912979,17,8,0.0
3515,42.4232271109393,17,8,0.0
3516,33.92678867085856,16,9,0.0
3517,33.41279377894016,16,9,0.0
3518,33.834092127780906,16,9,0.0
3519,42.74258126707452,17,8,0.0
3520,33.03431829509715,16,9,0.0
3521,32.195990312785646,16,9,0.0
3522,43.07448395113018,17,8,0.0
3523,33.7108698123199,16,9,0.0
3524,21.140942089330306,15,10,0.0
3525,33.15921733415942,16,9,0.0
3526,22.624495286687228,15,10,0.0
3527,23.395200563252242,15,10,0.0
3528,13.669524807238034,14,11,0.0
3529,21.714473092908136,15,10,0.0
3530,33.316670435078635,16,9,0.0
3531,22.132709826060733,15,10,0.0
3532,23.193133152547333,15,10,0.0
3533,33.8010933640421,16,9,0.0
3534,33.336271598020495,16,9,0.0
3535,23.03508919969826,15,10,0.0
3536,34.17565217862301,16,9,0.0
3537,22.481102722457088,15,10,0.0
3538,44.28778634219939,17,8,0.0
3539,12.609325501556953,14,11,0.0
3540,33.65846857852978,16,9,0.0
3541,31.892998470015375,16,9,0.0
3542,23.744616841796912,15,10,0.0
3543,32.73605500968801,16,9,0.0
3544,11.297219086392737,14,11,0.0
3545,43.28597412393908,17,8,0.0
3546,32.210893714336834,16,9,0.0
3547,33.255423862308,16,9,0.0
3548,23.0336048334837,15,10,0.0
3549,11.221405170121358,14,11,0.0
3550,31.850737370155734,16,9,0.0
3551,32.35603347395885,16,9,0.0
3552,34.093351091695,16,9,0.0
3553,42.66064837543553,17,8,0.0
3554,14.109266479576561,14,11,0.0
3555,3.2894521790896025,13,12,0.0
3556,34.63462779666034,16,9,0.0
3557,34.13366194508616,16,9,0.0
3558,3.186778752262219,13,12,0.0
3559,23.206674037528476,15,10,0.0
3560,13.353570484911268,14,11,0.0
3561,12.274413897123914,14,11,0.0
3562,32.595979605503445,16,9,0.0
3563,12.502196900766474,14,11,0.0
3564,43.49801693884499,17,8,0.0
3565,42.607888025790814,17,8,0.0
3566,43.708776730118345,17,8,0.0
3567,21.70326307686896,15,10,0.0
3568,33.317056812359205,16,9,0.0
3569,33.33545309173147,16,9,0.0
3570,32.46199502404005,16,9,0.0
3571,32.23234730938947,16,9,0.0
3572,33.88561854284596,16,9,0.0
3573,21.974042110933706,15,10,0.0
3574,33.80280650271089,16,9,0.0
3575,12.798702725624192,14,11,0.0
3576,13.010291581917183,14,11,0.0
3577,12.151060487551264,14,11,0.0
3578,22.652354038089552,15,10,0.0
3579,32.499026117060225,16,9,0.0
3580,23.523040336885792,15,10,0.0
3581,22.91961030811427,15,10,0.0
3582,33.51771900474297,16,9,0.0
3583,32.01842274497875,16,9,0.0
3584,42.970991190072105,17,8,0.0
3585,33.07861605321174,16,9,0.0
3586,24.65337781561375,15,10,0.0
3587,23.676939254220542,15,10,0.0
3588,32.755839867452266,16,9,0.0
3589,22.702387265000006,15,10,0.0
3590,33.84100111409741,16,9,0.0
3591,12.002080834274588,14,11,0.0
3592,22.364837314655745,15,10,0.0
3593,23.07133202382307,15,10,0.0
3594,2.5593165121467845,13,12,0.0
3595,33.60201932080551,16,9,0.0
3596,14.221079739458212,14,11,0.0
3597,33.076480721953295,16,9,0.0
3598,22.335977574766428,15,10,0.0
3599,44.895344154131706,17,8,0.0
3600,23.483292226713566,15,10,0.0
3601,32.87741223607106,16,9,0.0
3602,33.31926370198661,16,9,0.0
3603,22.520216878641328,15,10,0.0
3604,23.270859548992345,15,10,0.0
3605,32.53528313964735,16,9,0.0
3606,34.27233040778739,16,9,0.0
3607,13.356374007733704,14,11,0.0
3608,34.50841334477224,16,9,0.0
3609,33.92662812836358,16,9,0.0
3610,33.89288774040278,16,9,0.0
3611,23.30184576363856,15,10,0.0
3612,22.94670318728618,15,10,0.0
3613,33.495605098388964,16,9,0.0
3614,33.69267303497854,16,9,0.0
3615,22.75104396036943,15,10,0.0
3616,33.721701536594175,16,9,0.0
3617,42.878368962720685,17,8,0.0
3618,33.0971488687342,16,9,0.0
3619,23.128684534348608,15,10,0.0
3620,32.77512128336095,16,9,0.0
3621,22.748223164324248,15,10,0.0
3622,31.214848438718533,16,9,0.0
3623,42.76215356574294,17,8,0.0
3624,33.72907720238704,16,9,0.0
3625,43.55501662812366,17,8,0.0
3626,13.236880794260756,14,11,0.0
3627,22.19015889405212,15,10,0.0
3628,33.2134179090486,16,9,0.0
3629,11.031321855394062,14,11,0.0
3630,33.21076000069563,16,9,0.0
3631,33.959432667017325,16,9,0.0
3632,14.22705931699642,14,11,0.0
3633,22.579385696975258,15,10,0.0
3634,23.393172369369733,15,10,0.0
3635,20.988610587716533,15,10,0.0
3636,12.397392167979325,14,11,0.0
3637,33.44940895640173,16,9,0.0
3638,34.14449935455185,16,9,0.0
3639,22.778662531052742,15,10,0.0
3640,33.21758074800609,16,9,0.0
3641,20.948124910467733,15,10,0.0
3642,33.19376666888407,16,9,0.0
3643,12.54457945827703,14,11,0.0
3644,32.248155718728675,16,9,0.0
3645,32.658480158812914,16,9,0.0
3646,12.110188677285587,14,11,0.0
3647,32.148849615796564,16,9,0.0
3648,22.23357516301312,15,10,0.0
3649,32.450628310784836,16,9,0.0
3650,12.808654845990773,14,11,0.0
3651,32.32906615918239,16,9,0.0
3652,11.859777755370306,14,11,0.0
3653,22.63619509402984,15,10,0.0
3654,-7.59437704157517,12,13,0.0
3655,33.94819032966105,16,9,0.0
3656,12.444478089398874,14,11,0.0
3657,22.945072572914995,15,10,0.0
3658,12.580773231361706,14,11,0.0
3659,43.42030421849285,17,8,0.0
3660,22.657147786673086,15,10,0.0
3661,23.02216030744963,15,10,0.0
3662,23.362296661758847,15,10,0.0
3663,33.73424260286065,16,9,0.0
3664,22.20607805944751,15,10,0.0
3665,12.895490404143885,14,11,0.0
3666,23.09288818670383,15,10,0.0
3667,33.09321698769057,16,9,0.0
3668,33.27642533207423,16,9,0.0
3669,21.784513548513605,15,10,0.0
3670,33.52930565228853,16,9,0.0
3671,33.22372770807656,16,9,0.0
3672,32.284064773853096,16,9,0.0
3673,22.558654808834753,15,10,0.0
3674,23.837593012536495,15,10,0.0
3675,32.10310962053874,16,9,0.0
3676,31.489698471415668,16,9,0.0
3677,43.77950358877091,17,8,0.0
3678,23.543459222243087,15,10,0.0
3679,22.712248424306544,15,10,0.0
3680,44.032894786529056,17,8,0.0
3681,13.21781868134202,14,11,0.0
3682,22.159659160691312,15,10,0.0
3683,32.7043945901559,16,9,0.0
3684,43.74519906438199,17,8,0.0
3685,32.17361841169065,16,9,0.0
3686,22.874204173798073,15,10,0.0
3687,33.43385906851375,16,9,0.0
3688,43.815811392173636,17,8,0.0
3689,22.11654017999156,15,10,0.0
3690,22.294197707182846,15,10,0.0
3691,32.40970695538415,16,9,0.0
3692,24.997320838201514,15,10,0.0
3693,34.23181132000455,16,9,0.0
3694,22.4356241907765,15,10,0.0
3695,32.97494363432885,16,9,0.0
3696,34.04859199122323,16,9,0.0
3697,22.782701950057426,15,10,0.0
3698,22.36344677932358,15,10,0.0
3699,32.4567790662789,16,9,0.0
3700,32.57007054584957,16,9,0.0
3701,23.771033916645507,15,10,0.0
3702,33.5134924963165,16,9,0.0
3703,22.822869888681424,15,10,0.0
3704,32.78686907038445,16,9,0.0
3705,12.083668807932291,14,11,0.0
3706,12.308894651337681,14,11,0.0
3707,34.3347101117412,16,9,0.0
3708,31.16335211701566,16,9,0.0
3709,33.253310056185725,16,9,0.0
3710,22.01508501036923,15,10,0.0
3711,23.24835137190392,15,10,0.0
3712,32.61389627406661,16,9,0.0
3713,32.665933865011496,16,9,0.0
3714,43.16734585453295,17,8,0.0
3715,43.146422460286225,17,8,0.0
3716,3.186307122433602,13,12,0.0
3717,33.77624357809579,16,9,0.0
3718,43.08050606455518,17,8,0.0
3719,32.67449558992173,16,9,0.0
3720,22.96757775266283,15,10,0.0
3721,13.391789514302399,14,11,0.0
3722,31.66038970269263,16,9,0.0
3723,32.48337301318886,16,9,0.0
3724,22.40842347860895,15,10,0.0
3725,23.926367694474152,15,10,0.0
3726,32.26349676626236,16,9,0.0
3727,23.501971412221806,15,10,0.0
3728,22.625785791990076,15,10,0.0
3729,33.76049982128063,16,9,0.0
3730,12.794129445294843,14,11,0.0
3731,22.855891073240006,15,10,0.0
3732,45.5829905160753,17,8,0.0
3733,23.00741759484958,15,10,0.0
3734,13.00034024668269,14,11,0.0
3735,2.196166446661472,13,12,0.0
3736,22.969234901536637,15,10,0.0
3737,24.405814828823303,15,10,0.0
3738,23.195825515090924,15,10,0.0
3739,43.25551969961437,17,8,0.0
3740,33.2930289818093,16,9,0.0
3741,13.999702215827366,14,11,0.0
3742,3.050145004427618,13,12,0.0
3743,42.725048182365306,17,8,0.0
3744,12.514913571590608,14,11,0.0
3745,32.671024247063606,16,9,0.0
3746,22.81650836292929,15,10,0.0
3747,23.238915106122352,15,10,0.0
3748,33.45060654602767,16,9,0.0
3749,33.67362605515412,16,9,0.0
3750,32.93316674389283,16,9,0.0
3751,12.389674558436067,14,11,0.0
3752,22.014157943278033,15,10,0.0
3753,23.632438179249263,15,10,0.0
3754,34.32561689362728,16,9,0.0
3755,33.44397790084732,16,9,0.0
3756,22.228654456923323,15,10,0.0
3757,33.21696917578363,16,9,0.0
3758,42.576266284147145,17,8,0.0
3759,22.393326629648918,15,10,0.0
3760,24.921760753231535,15,10,0.0
3761,12.760380512458468,14,11,0.0
3762,33.47578701611082,16,9,0.0
3763,22.337504871842263,15,10,0.0
3764,43.84483477098233,17,8,0.0
3765,43.5797876826648,17,8,0.0
3766,44.22606090955952,17,8,0.0
3767,22.941617347556225,15,10,0.0
3768,33.68116966081226,16,9,0.0
3769,33.62555392885613,16,9,0.0
3770,34.42494116717029,16,9,0.0
3771,33.82989960129318,16,9,0.0
3772,44.17854792856874,17,8,0.0
3773,33.322809646747565,16,9,0.0
3774,33.369363071142175,16,9,0.0
3775,-7.462923180026484,12,13,0.0
3776,43.11134669056219,17,8,0.0
3777,33.78029775096054,16,9,0.0
3778,32.58658161783969,16,9,0.0
3779,33.6399546089305,16,9,0.0
3780,32.97777719780949,16,9,0.0
3781,31.55351914013001,16,9,0.0
3782,32.95885442344249,16,9,0.0
3783,32.882320838308786,16,9,0.0
3784,22.203272428493516,15,10,0.0
3785,33.80898937812612,16,9,0.0
3786,12.965649988630082,14,11,0.0
3787,22.60714277457242,15,10,0.0
3788,23.08020874542446,15,10,0.0
3789,32.2692722083189,16,9,0.0
3790,22.613754938440465,15,10,0.0
3791,33.73242042989691,16,9,0.0
3792,32.4830743767015,16,9,0.0
3793,34.284320677845,16,9,0.0
3794,44.15761192415102,17,8,0.0
3795,22.541145508660893,15,10,0.0
3796,12.911365680811222,14,11,0.0
3797,32.85673205951415,16,9,0.0
3798,32.79029967674891,16,9,0.0
3799,31.840264631048097,16,9,0.0
3800,23.504686299468815,15,10,0.0
3801,13.276575355871907,14,11,0.0
3802,32.748521590329915,16,9,0.0
3803,23.16469502579679,15,10,0.0
3804,33.45774293287819,16,9,0.0
3805,32.504597412961886,16,9,0.0
3806,33.72721087597358,16,9,0.0
3807,12.156697521302714,14,11,0.0
3808,33.641941683068374,16,9,0.0
3809,32.05751641795094,16,9,0.0
3810,22.39314001951207,15,10,0.0
3811,23.554264306956135,15,10,0.0
3812,24.480639478105434,15,10,0.0
3813,32.96321137590342,16,9,0.0
3814,13.01310665698659,14,11,0.0
3815,22.67750704060466,15,10,0.0
3816,22.661295009678827,15,10,0.0
3817,22.275365765153417,15,10,0.0
3818,43.374406090986085,17,8,0.0
3819,22.522523614181846,15,10,0.0
3820,33.04297891102933,16,9,0.0
3821,43.50836881981672,17,8,0.0
3822,22.55447997103293,15,10,0.0
3823,12.967708544519926,14,11,0.0
3824,32.606786110433674,16,9,0.0
3825,33.6205158994058,16,9,0.0
3826,32.69470462395026,16,9,0.0
3827,44.13207078791237,17,8,0.0
3828,11.576479676311848,14,11,0.0
3829,12.667473144352467,14,11,0.0
3830,23.07909010130449,15,10,0.0
3831,33.50390906907043,16,9,0.0
3832,33.53856280847088,16,9,0.0
3833,33.15442539288837,16,9,0.0
3834,12.549950884936436,14,11,0.0
3835,12.279617542702713,14,11,0.0
3836,34.28974813378578,16,9,0.0
3837,12.518837885433818,14,11,0.0
3838,1.7627682940466425,13,12,0.0
3839,32.3734241670292,16,9,0.0
3840,33.49414868721772,16,9,0.0
3841,33.34775171180251,16,9,0.0
3842,22.634742730316418,15,10,0.0
3843,32.719122444940396,16,9,0.0
3844,22.82516673192389,15,10,0.0
3845,32.210918075843004,16,9,0.0
3846,32.83924186762329,16,9,0.0
3847,33.44946832962165,16,9,0.0
3848,42.193255860244385,17,8,0.0
3849,32.744642575312085,16,9,0.0
3850,21.370599590565124,15,10,0.0
3851,32.869054864709824,16,9,0.0
3852,22.196621820793,15,10,0.0
3853,12.734639589578135,14,11,0.0
3854,33.01450753815958,16,9,0.0
3855,34.02737518563715,16,9,0.0
3856,43.01697850226092,17,8,0.0
3857,23.401290736143704,15,10,0.0
3858,23.958530993456513,15,10,0.0
3859,11.191475985178156,14,11,0.0
3860,23.10743624264456,15,10,0.0
3861,32.33236038973145,16,9,0.0
3862,33.4418193114365,16,9,0.0
3863,32.91752384400224,16,9,0.0
3864,33.223832417368186,16,9,0.0
3865,33.93965580489309,16,9,0.0
3866,43.00860557283728,17,8,0.0
3867,32.643224459590996,16,9,0.0
3868,33.66369898744366,16,9,0.0
3869,43.46267836275749,17,8,0.0
3870,34.67672634094779,16,9,0.0
3871,34.44851189851472,16,9,0.0
3872,23.203627125308245,15,10,0.0
3873,32.815110551151136,16,9,0.0
3874,43.42652739291472,17,8,0.0
3875,22.84480865907059,15,10,0.0
3876,33.064556517328086,16,9,0.0
3877,33.47892442642441,16,9,0.0
3878,33.83228315522321,16,9,0.0
3879,22.80037515819634,15,10,0.0
3880,24.63259757747918,15,10,0.0
3881,33.14192943171121,16,9,0.0
3882,34.17029514181901,16,9,0.0
3883,33.465874595067845,16,9,0.0
3884,23.549358679601927,15,10,0.0
3885,23.730068079726237,15,10,0.0
3886,13.448767469088343,14,11,0.0
3887,21.337418596656086,15,10,0.0
3888,34.19826011889259,16,9,0.0
3889,32.971419504859476,16,9,0.0
3890,31.349940166756646,16,9,0.0
3891,34.46745506586754,16,9,0.0
3892,23.368517707776537,15,10,0.0
3893,31.96867883674119,16,9,0.0
3894,32.66215233368401,16,9,0.0
3895,33.39785516815093,16,9,0.0
3896,32.898452946768884,16,9,0.0
3897,22.451369359171064,15,10,0.0
3898,43.784869198566014,17,8,0.0
3899,43.210949020132226,17,8,0.0
3900,41.96866086425187,17,8,0.0
3901,23.173978868123896,15,10,0.0
3902,33.59330838055378,16,9,0.0
3903,33.51168953992833,16,9,0.0
3904,34.671214873082036,16,9,0.0
3905,22.06893282099142,15,10,0.0
3906,33.75634918109144,16,9,0.0
3907,34.73508109674413,16,9,0.0
3908,33.36909015605204,16,9,0.0
3909,33.50247321814662,16,9,0.0
3910,43.621288865076245,17,8,0.0
3911,32.475184869192695,16,9,0.0
3912,44.83102681932931,17,8,0.0
3913,32.477639482510774,16,9,0.0
3914,22.738704734794776,15,10,0.0
3915,33.66773590615216,16,9,0.0
3916,12.105941550945166,14,11,0.0
3917,43.6932668637524,17,8,0.0
3918,32.42954944293195,16,9,0.0
3919,32.940769378856125,16,9,0.0
3920,32.30306061234432,16,9,0.0
3921,22.9278166695371,15,10,0.0
3922,34.195087189637725,16,9,0.0
3923,33.57163022287715,16,9,0.0
3924,43.07218037573841,17,8,0.0
3925,44.85123590093485,17,8,0.0
3926,23.03545470007151,15,10,0.0
3927,23.06602453196445,15,10,0.0
3928,12.315335954009086,14,11,0.0
3929,22.81828147389112,15,10,0.0
3930,22.989922223293323,15,10,0.0
3931,34.429022603218144,16,9,0.0
3932,43.4925297731203,17,8,0.0
3933,14.379066662402717,14,11,0.0
3934,23.090404210914187,15,10,0.0
3935,32.784771568301295,16,9,0.0
3936,43.91344853669615,17,8,0.0
3937,22.593045876436566,15,10,0.0
3938,-7.334415685180093,12,13,0.0
3939,33.242744731298075,16,9,0.0
3940,22.787710956133488,15,10,0.0
3941,43.34584820422205,17,8,0.0
3942,11.65100929616733,14,11,0.0
3943,22.912130027970328,15,10,0.0
3944,23.779670081951494,15,10,0.0
3945,33.716023319228256,16,9,0.0
3946,-7.4708961548953345,12,13,0.0
3947,33.95683807776434,16,9,0.0
3948,23.84305314780596,15,10,0.0
3949,33.41395401120071,16,9,0.0
3950,43.501461774125985,17,8,0.0
3951,23.607402762551885,15,10,0.0
3952,32.5925646653641,16,9,0.0
3953,33.75345244572408,16,9,0.0
3954,22.50172603243897,15,10,0.0
3955,12.829492276532028,14,11,0.0
3956,23.28033628362623,15,10,0.0
3957,23.666185419517642,15,10,0.0
3958,3.276293398866768,13,12,0.0
3959,11.335512172265986,14,11,0.0
3960,33.550128476333015,16,9,0.0
3961,23.4249591705738,15,10,0.0
3962,23.422605578230677,15,10,0.0
3963,42.52780202247943,17,8,0.0
3964,33.130564743620866,16,9,0.0
3965,22.865656354053428,15,10,0.0
3966,43.5639865214516,17,8,0.0
3967,33.46673527880636,16,9,0.0
3968,34.49798218193799,16,9,0.0
3969,33.21015508751191,16,9,0.0
3970,21.987732946171043,15,10,0.0
3971,23.53355466644458,15,10,0.0
3972,13.529102767300934,14,11,0.0
3973,43.17266604845389,17,8,0.0
3974,33.04435124463808,16,9,0.0
3975,34.00497988617837,16,9,0.0
3976,33.1798337211893,16,9,0.0
3977,23.31531968273486,15,10,0.0
3978,33.59790873793472,16,9,0.0
3979,32.874682999069314,16,9,0.0
3980,43.41705371451159,17,8,0.0
3981,23.461245461702028,15,10,0.0
3982,43.235458588715744,17,8,0.0
3983,13.840074162008218,14,11,0.0
3984,32.96612972944888,16,9,0.0
3985,33.94238637037488,16,9,0.0
3986,22.179214127062806,15,10,0.0
3987,22.645378930490804,15,10,0.0
3988,22.834106515437178,15,10,0.0
3989,32.589184296147685,16,9,0.0
3990,23.403551279836634,15,10,0.0
3991,33.69835266967271,16,9,0.0
3992,33.754347266639705,16,9,0.0
3993,13.306637162412773,14,11,0.0
3994,-8.304291805139563,12,13,0.0
3995,34.103520212077086,16,9,0.0
3996,22.599494949293536,15,10,0.0
3997,44.30337217072871,17,8,0.0
3998,43.06591462039675,17,8,0.0
3999,43.80165072196879,17,8,0.0
4000,31.869101521019978,16,9,0.0
