"# mode=frozen d_value=0 d=[0,0] p=0.50 dr=0 seed=9 topology=fixed ch=3 fade=1(rho=0.70,sig=6.0) n_agents=5 obs_dim=34 n_episodes=4000 ue=25"
episode,sum_reward,success,fail,mean_delay
1,-65.95460430035881,6,19,0.0
2,-36.40555085617854,9,16,0.0
3,-64.66397117578535,6,19,0.0
4,-44.54752380994683,8,17,0.0
5,-75.48425440076483,5,20,0.0
6,-45.87790449781285,8,17,0.0
7,-35.29903543351643,9,16,0.0
8,-44.21974150885288,8,17,0.0
9,-75.91271741132975,5,20,0.0
10,-54.35572090758129,7,18,0.0
11,-25.347621157506293,10,15,0.0
12,-75.50746919954634,5,20,0.0
13,-65.56157164070419,6,19,0.0
14,-66.03975004699709,6,19,0.0
15,-45.22675858155453,8,17,0.0
16,-55.55010535385108,7,18,0.0
17,-56.25711932585459,7,18,0.0
18,-45.28774811504635,8,17,0.0
19,-86.42250790599762,4,21,0.0
20,-85.91186282769766,4,21,0.0
21,-54.13767189239914,7,18,0.0
22,-86.64481795733793,4,21,0.0
23,-54.362845866975164,7,18,0.0
24,-55.38702975766215,7,18,0.0
25,-76.06683037896418,5,20,0.0
26,-75.71561934327534,5,20,0.0
27,-54.182543165423446,7,18,0.0
28,-24.330888333651867,10,15,0.0
29,-55.40175125377618,7,18,0.0
30,-74.54779069620375,5,20,0.0
31,-35.160240824171815,9,16,0.0
32,-46.01255324440205,8,17,0.0
33,-35.759027503455094,9,16,0.0
34,-45.59701728651122,8,17,0.0
35,-25.18540653233213,10,15,0.0
36,-75.21436173648515,5,20,0.0
37,-64.11771162134374,6,19,0.0
38,-65.8233213965616,6,19,0.0
39,-54.79669349849472,7,18,0.0
40,-85.7529325886896,4,21,0.0
41,-45.21303720479165,8,17,0.0
42,-44.88097180156798,8,17,0.0
43,-75.20785905122193,5,20,0.0
44,-74.89712977496785,5,20,0.0
45,-65.25375067331163,6,19,0.0
46,-75.80098317270273,5,20,0.0
47,-84.73101971176347,4,21,0.0
48,-75.3219599262457,5,20,0.0
49,-85.04495627374085,4,21,0.0
50,-45.66685666373688,8,17,0.0
51,-43.97488770507935,8,17,0.0
52,-55.89595158955724,7,18,0.0
53,-53.662055853032456,7,18,0.0
54,-55.01148976899184,7,18,0.0
55,-64.64761674074134,6,19,0.0
56,-64.7648097001595,6,19,0.0
57,-54.261721450541415,7,18,0.0
58,-75.61098794674015,5,20,0.0
59,-55.067090410885996,7,18,0.0
60,-85.67845903696042,4,21,0.0
61,-65.77691223914051,6,19,0.0
62,-64.33929275313871,6,19,0.0
63,-55.325469727136124,7,18,0.0
64,-75.0028943128177,5,20,0.0
65,-35.995196098305215,9,16,0.0
66,-76.78457147473576,5,20,0.0
67,-46.001367339722464,8,17,0.0
68,-53.768539768555314,7,18,0.0
69,-65.89669552046699,6,19,0.0
70,-54.06452110448488,7,18,0.0
71,-55.75311888357223,7,18,0.0
72,-55.20585802310329,7,18,0.0
73,-54.49090039366135,7,18,0.0
74,-46.27732041372933,8,17,0.0
75,-54.26832050680598,7,18,0.0
76,-75.68181937999292,5,20,0.0
77,-54.2923341589821,7,18,0.0
78,-55.86211056534798,7,18,0.0
79,-44.53717803782279,8,17,0.0
80,-25.544757873575318,10,15,0.0
81,-85.15599329909122,4,21,0.0
82,-75.75568352409206,5,20,0.0
83,-24.911549360475732,10,15,0.0
84,-45.17188158423115,8,17,0.0
85,-44.183169608602135,8,17,0.0
86,-26.06487360974633,10,15,0.0
87,-35.6211851831254,9,16,0.0
88,-35.2259093033092,9,16,0.0
89,-64.87317782132467,6,19,0.0
90,-34.51302257364991,9,16,0.0
91,-55.66409473683576,7,18,0.0
92,-54.193255692999344,7,18,0.0
93,-56.02277819178093,7,18,0.0
94,-74.97414633648049,5,20,0.0
95,-34.90632680329855,9,16,0.0
96,-64.72136874641434,6,19,0.0
97,-65.18539693728943,6,19,0.0
98,-25.34864908720852,10,15,0.0
99,-46.25028788556852,8,17,0.0
100,-74.85094854802918,5,20,0.0
101,-73.93001967687854,5,20,0.0
102,-64.65043809791749,6,19,0.0
103,-45.56191515251825,8,17,0.0
104,-57.12281190828763,7,18,0.0
105,-43.377536836661214,8,17,0.0
106,-25.405248529978863,10,15,0.0
107,-54.97412972261964,7,18,0.0
108,-44.59483922294219,8,17,0.0
109,-44.383883885693585,8,17,0.0
110,-55.83205249434189,7,18,0.0
111,-25.90696278314045,10,15,0.0
112,-24.573389547505528,10,15,0.0
113,-65.76756258637135,6,19,0.0
114,-54.98281472448822,7,18,0.0
115,-64.01590088327477,6,19,0.0
116,-35.59480840903133,9,16,0.0
117,-95.74192559927414,3,22,0.0
118,-25.39447984565625,10,15,0.0
119,-24.868720549923395,10,15,0.0
120,-24.531689571654432,10,15,0.0
121,-85.90005106069327,4,21,0.0
122,-54.37540355355174,7,18,0.0
123,-56.12773442681722,7,18,0.0
124,-35.37152443003388,9,16,0.0
125,-54.59396857325095,7,18,0.0
126,-67.01403913783798,6,19,0.0
127,-55.69208142894661,7,18,0.0
128,-45.07541973336505,8,17,0.0
129,-44.138226323999966,8,17,0.0
130,-23.622080116777287,10,15,0.0
131,-43.65473610824664,8,17,0.0
132,-14.927610602935157,11,14,0.0
133,-45.01851448552581,8,17,0.0
134,-45.64642766347179,8,17,0.0
135,-34.705044543750176,9,16,0.0
136,-25.451185271261078,10,15,0.0
137,-35.97804139388222,9,16,0.0
138,-36.41430709377873,9,16,0.0
139,-74.24700291163902,5,20,0.0
140,-25.405046610211876,10,15,0.0
141,-54.98322761601476,7,18,0.0
142,-34.720306287446014,9,16,0.0
143,-53.52947128723433,7,18,0.0
144,-13.939642894883573,11,14,0.0
145,-14.84324618833778,11,14,0.0
146,-67.0584596965189,6,19,0.0
147,-35.22155905895996,9,16,0.0
148,-44.481793247622974,8,17,0.0
149,-36.372593920239716,9,16,0.0
150,-47.248179181921685,8,17,0.0
151,-55.44036429134086,7,18,0.0
152,-45.24457374087166,8,17,0.0
153,-55.51919686353751,7,18,0.0
154,-84.05033241304385,4,21,0.0
155,-65.59009927719273,6,19,0.0
156,-55.13773429043916,7,18,0.0
157,-73.63887475430907,5,20,0.0
158,-34.48424360259956,9,16,0.0
159,-35.67282712562376,9,16,0.0
160,-22.679288569910707,10,15,0.0
161,-44.798053863702705,8,17,0.0
162,-74.60686206721657,5,20,0.0
163,-43.885110392468086,8,17,0.0
164,-35.7693345406428,9,16,0.0
165,-4.478128274470218,12,13,0.0
166,-36.65391853975103,9,16,0.0
167,-65.60509593300614,6,19,0.0
168,-54.01614649666634,7,18,0.0
169,-55.1947243027775,7,18,0.0
170,-65.01147214996203,6,19,0.0
171,-54.67214424434895,7,18,0.0
172,-65.44066328899503,6,19,0.0
173,-35.584557349635446,9,16,0.0
174,-35.181062027198195,9,16,0.0
175,-55.746921123701625,7,18,0.0
176,-35.896005894408766,9,16,0.0
177,-25.99605013602398,10,15,0.0
178,-44.421065446444146,8,17,0.0
179,-14.8737588330624,11,14,0.0
180,-35.20788418703986,9,16,0.0
181,-15.687156771243405,11,14,0.0
182,-44.81007345246826,8,17,0.0
183,-55.71463686381561,7,18,0.0
184,-25.877954541292112,10,15,0.0
185,-43.923022729518706,8,17,0.0
186,-65.83672049039795,6,19,0.0
187,-47.47459153976229,8,17,0.0
188,-55.44783308404874,7,18,0.0
189,-54.20407519680337,7,18,0.0
190,-35.53649949937373,9,16,0.0
191,-35.04439642008901,9,16,0.0
192,-54.37190640971356,7,18,0.0
193,-44.76150406802115,8,17,0.0
194,-35.01093270326106,9,16,0.0
195,-46.4196923227738,8,17,0.0
196,-44.09536475044888,8,17,0.0
197,-54.5074809654417,7,18,0.0
198,-35.041889277848846,9,16,0.0
199,-44.75574193650154,8,17,0.0
200,-64.98105259171956,6,19,0.0
201,-54.39597951057998,7,18,0.0
202,-55.905543909735485,7,18,0.0
203,-45.183780286878076,8,17,0.0
204,-76.11127503045732,5,20,0.0
205,-45.15439990446698,8,17,0.0
206,-46.27653687641596,8,17,0.0
207,-24.065717472901483,10,15,0.0
208,-64.97911471121026,6,19,0.0
209,-44.44458782463894,8,17,0.0
210,-35.27528850656823,9,16,0.0
211,-16.077494264209246,11,14,0.0
212,-47.814887974712455,8,17,0.0
213,-46.10896489546114,8,17,0.0
214,-25.440792835263018,10,15,0.0
215,-46.54762390248464,8,17,0.0
216,-64.95452054164113,6,19,0.0
217,-66.35513028321344,6,19,0.0
218,-65.8545106382329,6,19,0.0
219,-65.35077698755427,6,19,0.0
220,-14.045884623764202,11,14,0.0
221,-45.583313289885695,8,17,0.0
222,-45.70436087979736,8,17,0.0
223,-24.119404551049318,10,15,0.0
224,-45.386077014558154,8,17,0.0
225,-45.18985323669226,8,17,0.0
226,-65.97924122011071,6,19,0.0
227,-76.39305593308016,5,20,0.0
228,-54.64699056407161,7,18,0.0
229,-24.516229710532784,10,15,0.0
230,-65.6260627478821,6,19,0.0
231,-65.74600825492148,6,19,0.0
232,-15.349357798970278,11,14,0.0
233,-35.713182260853806,9,16,0.0
234,-45.400870765647674,8,17,0.0
235,-26.025454425115623,10,15,0.0
236,-23.819175058858793,10,15,0.0
237,-56.26067899987872,7,18,0.0
238,5.4034682630934565,13,12,0.0
239,-34.738263173533944,9,16,0.0
240,-24.663965794806096,10,15,0.0
241,-24.398720142746576,10,15,0.0
242,-44.58986908920936,8,17,0.0
243,-45.0252606155035,8,17,0.0
244,-25.553017130634565,10,15,0.0
245,-55.957591184486354,7,18,0.0
246,-15.483275973984483,11,14,0.0
247,-35.05412706011508,9,16,0.0
248,-35.52914065778293,9,16,0.0
249,-45.29146486587602,8,17,0.0
250,-75.5031778040175,5,20,0.0
251,-55.22179509510731,7,18,0.0
252,-23.4095214593745,10,15,0.0
253,-44.65456918522205,8,17,0.0
254,-43.67834326192141,8,17,0.0
255,-34.39491678483524,9,16,0.0
256,-54.544344469070715,7,18,0.0
257,-35.088224567417896,9,16,0.0
258,-55.64408255729429,7,18,0.0
259,-5.150352337947037,12,13,0.0
260,-25.374311625101626,10,15,0.0
261,-35.26785636902881,9,16,0.0
262,-65.37705032625807,6,19,0.0
263,-35.20057007335844,9,16,0.0
264,-35.107996376526,9,16,0.0
265,-25.395978098371636,10,15,0.0
266,-4.992829839044251,12,13,0.0
267,-47.142168390717245,8,17,0.0
268,-36.04413796230794,9,16,0.0
269,-36.809887850266676,9,16,0.0
270,-34.725477520676506,9,16,0.0
271,-36.51790149504821,9,16,0.0
272,-45.53037162492727,8,17,0.0
273,-55.367773797664626,7,18,0.0
274,-34.78786484093873,9,16,0.0
275,-46.841464888658194,8,17,0.0
276,-76.04572051223357,5,20,0.0
277,-54.098634088493796,7,18,0.0
278,-55.73580997127232,7,18,0.0
279,-65.64211716123503,6,19,0.0
280,-15.9395688187929,11,14,0.0
281,-15.97178904241467,11,14,0.0
282,-44.04350245487862,8,17,0.0
283,-36.3643377757766,9,16,0.0
284,-15.102182952766547,11,14,0.0
285,-36.294808277044794,9,16,0.0
286,-45.33607728095627,8,17,0.0
287,-4.101073563028937,12,13,0.0
288,-46.084090632120855,8,17,0.0
289,-44.92909752514258,8,17,0.0
290,-3.7403822363230965,12,13,0.0
291,-14.0000634130967,11,14,0.0
292,-34.33542483105512,9,16,0.0
293,-44.8418109665394,8,17,0.0
294,-5.681153259302906,12,13,0.0
295,-74.40512391915979,5,20,0.0
296,-25.04848768789232,10,15,0.0
297,-45.354368556766424,8,17,0.0
298,-16.00771098090973,11,14,0.0
299,-44.535331852879104,8,17,0.0
300,-14.641416514342291,11,14,0.0
301,-13.67216857820475,11,14,0.0
302,-65.35470780554066,6,19,0.0
303,-35.65119210699626,9,16,0.0
304,-36.642624484519594,9,16,0.0
305,-24.91015670050098,10,15,0.0
306,-5.8096253115047505,12,13,0.0
307,-15.425356593036472,11,14,0.0
308,-13.759831231868912,11,14,0.0
309,-36.02437681369227,9,16,0.0
310,-44.888587301228,8,17,0.0
311,-5.112562086135453,12,13,0.0
312,-54.80641326196047,7,18,0.0
313,-24.009534741833285,10,15,0.0
314,-24.696888039840335,10,15,0.0
315,-14.864896252612532,11,14,0.0
316,16.432700994646613,14,11,0.0
317,-37.534134057116056,9,16,0.0
318,-35.067258883834185,9,16,0.0
319,-25.368822195106617,10,15,0.0
320,-24.676113243162092,10,15,0.0
321,-56.13793997488838,7,18,0.0
322,-44.86198381706572,8,17,0.0
323,-25.174282553027545,10,15,0.0
324,-34.43009519940716,9,16,0.0
325,-5.052366580924489,12,13,0.0
326,-5.086191728492458,12,13,0.0
327,-37.27550595825771,9,16,0.0
328,-25.256991567169962,10,15,0.0
329,-45.83300541280291,8,17,0.0
330,-24.390505471093434,10,15,0.0
331,-35.97466582608751,9,16,0.0
332,-25.867065870643785,10,15,0.0
333,7.051803390009404,13,12,0.0
334,-46.80030838634481,8,17,0.0
335,-46.70753485754598,8,17,0.0
336,-55.954050545142444,7,18,0.0
337,-54.95728010606459,7,18,0.0
338,-15.58436593361737,11,14,0.0
339,-26.18998677325862,10,15,0.0
340,-15.666091504890376,11,14,0.0
341,-36.18975985474644,9,16,0.0
342,-36.36394925234908,9,16,0.0
343,-35.07783941116223,9,16,0.0
344,-16.3357031867023,11,14,0.0
345,-34.36989632450495,9,16,0.0
346,-56.38029067990611,7,18,0.0
347,-15.368147353059578,11,14,0.0
348,-66.09787884399717,6,19,0.0
349,-3.9365270324666923,12,13,0.0
350,-26.964639544251195,10,15,0.0
351,-54.56315231156955,7,18,0.0
352,-65.70139302481219,6,19,0.0
353,-36.218678377529386,9,16,0.0
354,-36.06657755659714,9,16,0.0
355,-56.387724923267484,7,18,0.0
356,-24.908484714329347,10,15,0.0
357,-47.24356826994453,8,17,0.0
358,-45.992338925537474,8,17,0.0
359,-24.277077550672548,10,15,0.0
360,-25.925779481569222,10,15,0.0
361,-54.929269181691865,7,18,0.0
362,-54.58446686298867,7,18,0.0
363,-14.073165923755603,11,14,0.0
364,-55.94143212060307,7,18,0.0
365,-53.91334850012236,7,18,0.0
366,-24.598446694430372,10,15,0.0
367,-16.72086915052716,11,14,0.0
368,-24.428106637747398,10,15,0.0
369,-25.25040731209151,10,15,0.0
370,-34.082124065265546,9,16,0.0
371,-77.7639906990035,5,20,0.0
372,-15.052104021043972,11,14,0.0
373,-77.36955352251469,5,20,0.0
374,-14.896112031939554,11,14,0.0
375,-44.767505013340966,8,17,0.0
376,-16.201356465239762,11,14,0.0
377,-4.32003549183811,12,13,0.0
378,-4.090628012733557,12,13,0.0
379,-25.664305573862876,10,15,0.0
380,-66.15180816531321,6,19,0.0
381,-15.994194235884313,11,14,0.0
382,-5.05319673207784,12,13,0.0
383,-26.149783513246515,10,15,0.0
384,5.813818780023309,13,12,0.0
385,-35.86666878056677,9,16,0.0
386,-16.325011913750497,11,14,0.0
387,-14.55745721646119,11,14,0.0
388,-3.786518190469722,12,13,0.0
389,-23.721820400703635,10,15,0.0
390,-25.207952476148563,10,15,0.0
391,-35.44370650389871,9,16,0.0
392,-4.375402949862782,12,13,0.0
393,-4.228195895422756,12,13,0.0
394,-24.972430645979692,10,15,0.0
395,-35.90654340846191,9,16,0.0
396,-35.138922641647824,9,16,0.0
397,-13.636622401915371,11,14,0.0
398,-15.168286380781845,11,14,0.0
399,-15.517014480569033,11,14,0.0
400,-36.087808878696876,9,16,0.0
401,-4.567976651690847,12,13,0.0
402,-25.16423547493912,10,15,0.0
403,-5.464355429019497,12,13,0.0
404,-25.07597427043535,10,15,0.0
405,-24.157053204228646,10,15,0.0
406,-26.07410391197983,10,15,0.0
407,-5.038809932000337,12,13,0.0
408,-5.247595418487352,12,13,0.0
409,-26.05613023431981,10,15,0.0
410,-15.17651321153741,11,14,0.0
411,-15.41494416729574,11,14,0.0
412,-4.1393564846497455,12,13,0.0
413,-35.82682357781486,9,16,0.0
414,-14.659795003345529,11,14,0.0
415,-76.69364362397508,5,20,0.0
416,-5.958863523196224,12,13,0.0
417,-44.96825999546867,8,17,0.0
418,-6.130627707278373,12,13,0.0
419,-4.782640550057237,12,13,0.0
420,5.193024136445219,13,12,0.0
421,-15.37140652537753,11,14,0.0
422,-45.77934082985104,8,17,0.0
423,-27.139074010153347,10,15,0.0
424,-5.391868155619943,12,13,0.0
425,-34.791651199460375,9,16,0.0
426,-35.60747549174501,9,16,0.0
427,-15.854600961381479,11,14,0.0
428,-15.64460682661057,11,14,0.0
429,-16.221853595002578,11,14,0.0
430,-23.976530984908344,10,15,0.0
431,-26.10009034963516,10,15,0.0
432,-6.1488132578189845,12,13,0.0
433,-24.848029451493712,10,15,0.0
434,-46.041912196679434,8,17,0.0
435,-5.177054347008106,12,13,0.0
436,-46.04597337629579,8,17,0.0
437,4.520501201093774,13,12,0.0
438,-36.47538410412773,9,16,0.0
439,-44.7972013498757,8,17,0.0
440,-44.627308726712855,8,17,0.0
441,-5.7885856557660045,12,13,0.0
442,5.147131986322402,13,12,0.0
443,-24.773726488437894,10,15,0.0
444,15.308465336491375,14,11,0.0
445,-87.20048678828431,4,21,0.0
446,-14.747794128889081,11,14,0.0
447,-66.43097475381026,6,19,0.0
448,-24.326216993353604,10,15,0.0
449,-4.003864056240367,12,13,0.0
450,-34.828419658625634,9,16,0.0
451,-5.681048927661619,12,13,0.0
452,-5.228175503381633,12,13,0.0
453,-5.55588878762499,12,13,0.0
454,-55.670770358164525,7,18,0.0
455,-25.693831863455806,10,15,0.0
456,5.848674195488646,13,12,0.0
457,-14.624482357741668,11,14,0.0
458,5.076611779345237,13,12,0.0
459,15.05208301576255,14,11,0.0
460,-46.23739077525563,8,17,0.0
461,-35.645058900810646,9,16,0.0
462,-26.171674209559406,10,15,0.0
463,-15.412032465365911,11,14,0.0
464,-25.618197213800542,10,15,0.0
465,-14.235261882298541,11,14,0.0
466,5.125499478200005,13,12,0.0
467,-45.60492767086054,8,17,0.0
468,-16.730180331646753,11,14,0.0
469,-15.251494371778978,11,14,0.0
470,-65.66824093438994,6,19,0.0
471,-25.214155322308,10,15,0.0
472,-45.54764555362509,8,17,0.0
473,-46.1708759646462,8,17,0.0
474,-15.127086145750377,11,14,0.0
475,-14.947800606930837,11,14,0.0
476,-25.450398336200895,10,15,0.0
477,13.988504295908736,14,11,0.0
478,-15.882868048584628,11,14,0.0
479,-35.207818441698805,9,16,0.0
480,-4.685835712555459,12,13,0.0
481,-45.739882940345964,8,17,0.0
482,5.272224803007734,13,12,0.0
483,-15.96994455907292,11,14,0.0
484,-26.000161390764188,10,15,0.0
485,-25.53988720319488,10,15,0.0
486,-27.58691092778999,10,15,0.0
487,-5.398410393259829,12,13,0.0
488,-25.40593638829722,10,15,0.0
489,-25.513179090262774,10,15,0.0
490,-45.2076534581358,8,17,0.0
491,-25.484509043154095,10,15,0.0
492,-34.3237513095943,9,16,0.0
493,-4.958052541178586,12,13,0.0
494,-34.986073017998415,9,16,0.0
495,-14.696547451740622,11,14,0.0
496,-35.90147359624193,9,16,0.0
497,15.745249561301456,14,11,0.0
498,-54.80083867309976,7,18,0.0
499,4.963241868349732,13,12,0.0
500,-15.814389355873502,11,14,0.0
501,-5.548100261588123,12,13,0.0
502,-16.229949745184513,11,14,0.0
503,-37.75379182786346,9,16,0.0
504,4.557112460633238,13,12,0.0
505,5.126493319249326,13,12,0.0
506,-4.7308365765968805,12,13,0.0
507,-15.67258780108949,11,14,0.0
508,5.23899353470266,13,12,0.0
509,-14.837603377784838,11,14,0.0
510,-5.1378430676564655,12,13,0.0
511,-35.25919199271358,9,16,0.0
512,-56.035584099652134,7,18,0.0
513,-16.012785804383643,11,14,0.0
514,-36.05475518150236,9,16,0.0
515,-15.28361500326434,11,14,0.0
516,-45.444166374785155,8,17,0.0
517,-35.2568237665694,9,16,0.0
518,-14.981267080554638,11,14,0.0
519,-15.259906434848782,11,14,0.0
520,-4.996920988465764,12,13,0.0
521,-25.465393948844188,10,15,0.0
522,-5.353967168333808,12,13,0.0
523,4.731785222107438,13,12,0.0
524,-14.268388696038265,11,14,0.0
525,-26.187042752557737,10,15,0.0
526,35.54005651604436,16,9,0.0
527,-34.816527591537266,9,16,0.0
528,-44.991094170863605,8,17,0.0
529,-3.6466694037671754,12,13,0.0
530,-14.313360136140972,11,14,0.0
531,-14.310895479875864,11,14,0.0
532,-26.036136370729142,10,15,0.0
533,-26.399621581809324,10,15,0.0
534,-3.4297602676469836,12,13,0.0
535,-25.853003617865895,10,15,0.0
536,-35.96417080888108,9,16,0.0
537,-16.01176818393239,11,14,0.0
538,14.26899406048733,14,11,0.0
539,-46.15569237981399,8,17,0.0
540,-4.699224036427037,12,13,0.0
541,-14.336333132411326,11,14,0.0
542,-4.124797348696887,12,13,0.0
543,-4.806375029844523,12,13,0.0
544,-15.250793189269263,11,14,0.0
545,-15.362249053877441,11,14,0.0
546,-35.67450399695507,9,16,0.0
547,3.792671249199379,13,12,0.0
548,-16.444205634963026,11,14,0.0
549,-14.980513313871445,11,14,0.0
550,-25.562150701301228,10,15,0.0
551,-15.822750673474147,11,14,0.0
552,-25.53243797350652,10,15,0.0
553,-14.643770416198706,11,14,0.0
554,-4.531276166090429,12,13,0.0
555,5.992942867490712,13,12,0.0
556,-4.899154804886797,12,13,0.0
557,-15.85663680675842,11,14,0.0
558,-46.14518938263013,8,17,0.0
559,4.912389629494204,13,12,0.0
560,4.831332544607914,13,12,0.0
561,-4.879178228392636,12,13,0.0
562,4.342159852954017,13,12,0.0
563,-34.52729805824447,9,16,0.0
564,15.015509349341336,14,11,0.0
565,-3.985644203258339,12,13,0.0
566,-5.58684704387356,12,13,0.0
567,-24.96762881320631,10,15,0.0
568,-15.157688274030772,11,14,0.0
569,-14.597535493619871,11,14,0.0
570,-14.287412438004473,11,14,0.0
571,6.107494970375123,13,12,0.0
572,-5.241310838548857,12,13,0.0
573,-26.107287827933877,10,15,0.0
574,4.598770386135451,13,12,0.0
575,-25.990786385402785,10,15,0.0
576,5.967711548164227,13,12,0.0
577,-5.333152242592295,12,13,0.0
578,-15.28904300745863,11,14,0.0
579,-26.257148262023875,10,15,0.0
580,-25.71031694369627,10,15,0.0
581,-27.001782368711993,10,15,0.0
582,4.600869251301795,13,12,0.0
583,5.612784062973583,13,12,0.0
584,5.545232311913091,13,12,0.0
585,-34.492454111470884,9,16,0.0
586,-4.47690407862435,12,13,0.0
587,-15.805630751305216,11,14,0.0
588,-3.5328269216492885,12,13,0.0
589,-24.012199063846822,10,15,0.0
590,-15.542486852391365,11,14,0.0
591,-15.81972039619581,11,14,0.0
592,4.908253287856122,13,12,0.0
593,5.205391161358872,13,12,0.0
594,-25.94865048921993,10,15,0.0
595,-6.763302483643313,12,13,0.0
596,-4.850536947895958,12,13,0.0
597,3.993256325348698,13,12,0.0
598,-14.698821230427882,11,14,0.0
599,-23.637626431956765,10,15,0.0
600,-25.476050808972065,10,15,0.0
601,-15.271071117462476,11,14,0.0
602,-36.68627071061428,9,16,0.0
603,-13.8410077800832,11,14,0.0
604,-4.773691736344284,12,13,0.0
605,-25.31847222474196,10,15,0.0
606,4.030446553827536,13,12,0.0
607,-15.49538501437837,11,14,0.0
608,-25.55111197303439,10,15,0.0
609,-15.752472993564218,11,14,0.0
610,-14.818361487683614,11,14,0.0
611,-5.359281861570663,12,13,0.0
612,-6.589736638808612,12,13,0.0
613,-34.65991570903458,9,16,0.0
614,-25.46691774933844,10,15,0.0
615,-45.719803635445906,8,17,0.0
616,37.297508574798954,16,9,0.0
617,-23.77162293578359,10,15,0.0
618,-46.66093549968637,8,17,0.0
619,-4.69362858330293,12,13,0.0
620,-45.00902141655335,8,17,0.0
621,4.835620970269313,13,12,0.0
622,-44.344610692640956,8,17,0.0
623,-13.704715963271713,11,14,0.0
624,-25.481763424537984,10,15,0.0
625,-13.77581371849905,11,14,0.0
626,-35.25672129330464,9,16,0.0
627,-15.359262666088267,11,14,0.0
628,4.9712656992497735,13,12,0.0
629,-15.804917084123922,11,14,0.0
630,-15.186499470047643,11,14,0.0
631,-24.937243713020536,10,15,0.0
632,-16.311391064217617,11,14,0.0
633,15.747173973262488,14,11,0.0
634,-25.77223814820994,10,15,0.0
635,-15.995792662949338,11,14,0.0
636,-4.526278181441162,12,13,0.0
637,5.019935378000543,13,12,0.0
638,-25.146772029386792,10,15,0.0
639,-14.400414303668706,11,14,0.0
640,-25.645636595870258,10,15,0.0
641,-4.738084345101933,12,13,0.0
642,-5.407142974538877,12,13,0.0
643,-4.075269230692685,12,13,0.0
644,4.08436435354772,13,12,0.0
645,-13.986642655682306,11,14,0.0
646,5.5120942084316,13,12,0.0
647,-25.802695673641985,10,15,0.0
648,-25.132748369056458,10,15,0.0
649,-25.187301019388357,10,15,0.0
650,-4.7514857106730854,12,13,0.0
651,-14.891369956179734,11,14,0.0
652,5.63259627456539,13,12,0.0
653,5.9863598581297595,13,12,0.0
654,-5.560802195818793,12,13,0.0
655,-4.883235897001453,12,13,0.0
656,5.529673138802575,13,12,0.0
657,14.097938918239862,14,11,0.0
658,-15.509560001409405,11,14,0.0
659,-5.897185488907637,12,13,0.0
660,-25.175394954271617,10,15,0.0
661,-4.531314222386147,12,13,0.0
662,-5.0337287710735446,12,13,0.0
663,-15.526360655537474,11,14,0.0
664,-15.036020213410897,11,14,0.0
665,4.476937843851328,13,12,0.0
666,-34.62530456501467,9,16,0.0
667,6.420105853934519,13,12,0.0
668,-5.358676144568728,12,13,0.0
669,-14.755866882629391,11,14,0.0
670,-5.9511661739358885,12,13,0.0
671,6.232653978657787,13,12,0.0
672,-24.516587415855643,10,15,0.0
673,-16.19890360966143,11,14,0.0
674,15.605989742773849,14,11,0.0
675,-15.242525546059975,11,14,0.0
676,-5.884431527270608,12,13,0.0
677,5.5482894727916,13,12,0.0
678,-6.315415139136739,12,13,0.0
679,4.887977712065768,13,12,0.0
680,-14.459172002941486,11,14,0.0
681,-4.172605218368214,12,13,0.0
682,-14.945749067980653,11,14,0.0
683,5.065313231449641,13,12,0.0
684,-6.343344795333046,12,13,0.0
685,15.358786585856738,14,11,0.0
686,-26.890920384852222,10,15,0.0
687,-16.838516124763704,11,14,0.0
688,-16.51432676402366,11,14,0.0
689,-15.527631147181381,11,14,0.0
690,-45.63658758445587,8,17,0.0
691,-15.449146274508605,11,14,0.0
692,-15.689771405042816,11,14,0.0
693,6.0410762529469935,13,12,0.0
694,-24.572160569041944,10,15,0.0
695,-4.286860928409962,12,13,0.0
696,-4.897545750272673,12,13,0.0
697,4.588753376148242,13,12,0.0
698,-15.826967530345033,11,14,0.0
699,-15.02372568477935,11,14,0.0
700,-22.827947297597643,10,15,0.0
701,-4.088611321587166,12,13,0.0
702,-4.94784572997335,12,13,0.0
703,16.224188292328357,14,11,0.0
704,-25.676596321758794,10,15,0.0
705,6.579598687774602,13,12,0.0
706,-5.230402886036798,12,13,0.0
707,-5.22789110574577,12,13,0.0
708,16.75242334071882,14,11,0.0
709,5.236861948163609,13,12,0.0
710,-5.156392010263494,12,13,0.0
711,-25.21552404350162,10,15,0.0
712,-25.395692922519522,10,15,0.0
713,-14.597713581499407,11,14,0.0
714,14.264098656715579,14,11,0.0
715,-14.624533955631199,11,14,0.0
716,-15.50477498232393,11,14,0.0
717,-4.307389610942914,12,13,0.0
718,-37.14973581860231,9,16,0.0
719,-14.526326417720373,11,14,0.0
720,16.015092611814392,14,11,0.0
721,-25.567101735923877,10,15,0.0
722,-4.825715612935802,12,13,0.0
723,-34.82468513575097,9,16,0.0
724,-4.289941983038653,12,13,0.0
725,5.225690186865382,13,12,0.0
726,4.665192849022839,13,12,0.0
727,-23.863839420526613,10,15,0.0
728,5.429059719677299,13,12,0.0
729,-25.561456655684555,10,15,0.0
730,-14.130917010548982,11,14,0.0
731,14.962761454148382,14,11,0.0
732,-36.66264071547871,9,16,0.0
733,6.2575756143941295,13,12,0.0
734,-5.614493100937692,12,13,0.0
735,-4.316369533478335,12,13,0.0
736,-5.363992853273288,12,13,0.0
737,-4.694932157871263,12,13,0.0
738,4.813001202535984,13,12,0.0
739,-5.311886653592836,12,13,0.0
740,-4.230391523414662,12,13,0.0
741,-4.807132382099251,12,13,0.0
742,-16.425967596198163,11,14,0.0
743,16.5592727036822,14,11,0.0
744,5.212628016794969,13,12,0.0
745,-14.941601430083548,11,14,0.0
746,-5.165801672835988,12,13,0.0
747,-4.434928136197746,12,13,0.0
748,5.3083636171409765,13,12,0.0
749,-4.3500390276876,12,13,0.0
750,-24.98972063085448,10,15,0.0
751,-4.471830627969656,12,13,0.0
752,4.07039331065167,13,12,0.0
753,-13.39353100684415,11,14,0.0
754,-3.8854653671942474,12,13,0.0
755,-14.45373174653005,11,14,0.0
756,15.154467883527968,14,11,0.0
757,-4.105525780318409,12,13,0.0
758,4.985679730480092,13,12,0.0
759,4.852575699456396,13,12,0.0
760,5.558110847425899,13,12,0.0
761,6.7796732160533395,13,12,0.0
762,-15.860394364347052,11,14,0.0
763,-5.939433960933998,12,13,0.0
764,-4.3974669129153146,12,13,0.0
765,5.683725203966281,13,12,0.0
766,16.33190216753905,14,11,0.0
767,15.2568617465491,14,11,0.0
768,-25.397338966420712,10,15,0.0
769,15.884275075094681,14,11,0.0
770,-14.12458364889153,11,14,0.0
771,25.666849282492347,15,10,0.0
772,5.020461933825498,13,12,0.0
773,-14.133995051265893,11,14,0.0
774,6.294172560316502,13,12,0.0
775,15.437891131932734,14,11,0.0
776,4.586910210830979,13,12,0.0
777,6.209526069866256,13,12,0.0
778,6.08402601809874,13,12,0.0
779,6.377247439042797,13,12,0.0
780,-4.769290829730169,12,13,0.0
781,-4.8697754878860104,12,13,0.0
782,3.954667640438828,13,12,0.0
783,-14.064719664875764,11,14,0.0
784,5.05625672758593,13,12,0.0
785,5.010703036942001,13,12,0.0
786,15.804506645131806,14,11,0.0
787,-25.33277080018282,10,15,0.0
788,4.3167861270470915,13,12,0.0
789,-15.477524410063412,11,14,0.0
790,14.525113046674527,14,11,0.0
791,15.320078049756917,14,11,0.0
792,-4.367026622521042,12,13,0.0
793,-4.35535496119773,12,13,0.0
794,5.369511153534189,13,12,0.0
795,-4.111836903815207,12,13,0.0
796,-5.746484962677091,12,13,0.0
797,-5.100695479828537,12,13,0.0
798,5.850543483291974,13,12,0.0
799,-5.146955893763327,12,13,0.0
800,24.102615361849956,15,10,0.0
801,5.827103484305692,13,12,0.0
802,-26.501111929531074,10,15,0.0
803,-5.195357854674523,12,13,0.0
804,-15.783969994322593,11,14,0.0
805,5.358053278048784,13,12,0.0
806,-14.26986815521715,11,14,0.0
807,-5.082989046559881,12,13,0.0
808,-25.472645315793812,10,15,0.0
809,14.615200983663422,14,11,0.0
810,-5.1937632480493745,12,13,0.0
811,-14.903625820398723,11,14,0.0
812,-26.75388827317056,10,15,0.0
813,-14.47711703106042,11,14,0.0
814,-15.480473800575695,11,14,0.0
815,-4.876483370355114,12,13,0.0
816,-14.400241970991445,11,14,0.0
817,-26.16713629829275,10,15,0.0
818,-5.9393175869032895,12,13,0.0
819,-3.885615597951338,12,13,0.0
820,4.415242574137296,13,12,0.0
821,-5.1730465907501655,12,13,0.0
822,-26.09475895409232,10,15,0.0
823,5.725639894669984,13,12,0.0
824,-15.925339386675834,11,14,0.0
825,-4.828593632430158,12,13,0.0
826,-5.112062008938601,12,13,0.0
827,5.440840113457546,13,12,0.0
828,-5.400974343641034,12,13,0.0
829,-7.435030569007015,12,13,0.0
830,-35.297468803910874,9,16,0.0
831,-14.91470552703791,11,14,0.0
832,14.918758205287421,14,11,0.0
833,15.048840416728147,14,11,0.0
834,5.451515173684113,13,12,0.0
835,-4.948679290829865,12,13,0.0
836,5.086179947267334,13,12,0.0
837,5.625643095041701,13,12,0.0
838,4.622265926235073,13,12,0.0
839,-4.237386437444563,12,13,0.0
840,14.290460402838573,14,11,0.0
841,4.656384722671375,13,12,0.0
842,-15.20556605395424,11,14,0.0
843,-6.502119274668341,12,13,0.0
844,4.567531823575196,13,12,0.0
845,24.58411569594096,15,10,0.0
846,14.109349778696885,14,11,0.0
847,-13.930936293889054,11,14,0.0
848,15.603914703404662,14,11,0.0
849,-3.35719228554433,12,13,0.0
850,-13.773616938372378,11,14,0.0
851,-3.333957655945121,12,13,0.0
852,-4.170195487437676,12,13,0.0
853,-5.12237956453905,12,13,0.0
854,4.975481791172829,13,12,0.0
855,-25.524585831917328,10,15,0.0
856,-4.490658138346743,12,13,0.0
857,-15.37945667940607,11,14,0.0
858,5.781847985823086,13,12,0.0
859,5.068910418915273,13,12,0.0
860,-4.022106762410744,12,13,0.0
861,-15.232277444231464,11,14,0.0
862,-14.854876699811882,11,14,0.0
863,-5.054828941249763,12,13,0.0
864,6.331044186882295,13,12,0.0
865,16.142245791750586,14,11,0.0
866,-25.619311815352795,10,15,0.0
867,-2.214848608911245,12,13,0.0
868,-5.793888789159524,12,13,0.0
869,-4.162162006594892,12,13,0.0
870,25.461917410094625,15,10,0.0
871,16.310414017823938,14,11,0.0
872,-5.1154712228805455,12,13,0.0
873,14.503888607098894,14,11,0.0
874,-4.309853212725242,12,13,0.0
875,-34.92846963483683,9,16,0.0
876,4.764681898030298,13,12,0.0
877,-5.485773753332087,12,13,0.0
878,4.356523453853116,13,12,0.0
879,-4.6512983243466675,12,13,0.0
880,-15.55475242381816,11,14,0.0
881,4.7872732446976975,13,12,0.0
882,-13.754291090686557,11,14,0.0
883,15.633750227586845,14,11,0.0
884,3.369288901817592,13,12,0.0
885,-3.6856863562891524,12,13,0.0
886,14.98261861591919,14,11,0.0
887,4.971047476502262,13,12,0.0
888,-5.152977726745857,12,13,0.0
889,-15.972715834537619,11,14,0.0
890,5.261041498052515,13,12,0.0
891,5.76073315764419,13,12,0.0
892,4.459969754129082,13,12,0.0
893,-5.087414258748529,12,13,0.0
894,-16.09636064291062,11,14,0.0
895,5.124333120373002,13,12,0.0
896,-5.227230750017682,12,13,0.0
897,15.707886862276519,14,11,0.0
898,4.487342074085817,13,12,0.0
899,-5.693595433005365,12,13,0.0
900,-13.075148193057903,11,14,0.0
901,-6.05886220343025,12,13,0.0
902,-3.208933880844658,12,13,0.0
903,-4.501008673945772,12,13,0.0
904,5.494783486229517,13,12,0.0
905,-4.669819381462026,12,13,0.0
906,-4.608779126819517,12,13,0.0
907,-5.6196700974517855,12,13,0.0
908,-24.68490482970227,10,15,0.0
909,-15.503977516031703,11,14,0.0
910,-4.427995961472348,12,13,0.0
911,-4.914962297628801,12,13,0.0
912,6.0858378146252115,13,12,0.0
913,-4.425492425076895,12,13,0.0
914,-5.206101056060993,12,13,0.0
915,4.38966284062856,13,12,0.0
916,4.279553853693106,13,12,0.0
917,-5.013590046192413,12,13,0.0
918,-24.469801764933237,10,15,0.0
919,-14.14149191221402,11,14,0.0
920,36.305424681290496,16,9,0.0
921,16.43117273541436,14,11,0.0
922,-14.800364424991994,11,14,0.0
923,14.611109332454973,14,11,0.0
924,-15.781940984440542,11,14,0.0
925,-3.4390314493649985,12,13,0.0
926,-6.339551041905485,12,13,0.0
927,-15.4340879981061,11,14,0.0
928,-14.366231546703656,11,14,0.0
929,-4.532003893762467,12,13,0.0
930,-5.565169742269535,12,13,0.0
931,-5.064817351891126,12,13,0.0
932,4.225884993230926,13,12,0.0
933,5.097435029275601,13,12,0.0
934,-6.423419244257368,12,13,0.0
935,-5.1717868756391105,12,13,0.0
936,5.25415021038561,13,12,0.0
937,5.635592543443238,13,12,0.0
938,5.574065659887192,13,12,0.0
939,-44.314480212933894,8,17,0.0
940,15.542900701427433,14,11,0.0
941,5.612140433828705,13,12,0.0
942,6.361636523482734,13,12,0.0
943,-17.081883912687903,11,14,0.0
944,4.88589547500111,13,12,0.0
945,5.809460818974849,13,12,0.0
946,-14.784641092138095,11,14,0.0
947,-35.092966903749556,9,16,0.0
948,-25.48960168586351,10,15,0.0
949,16.45910929132877,14,11,0.0
950,16.291438927691182,14,11,0.0
951,-15.580501249198871,11,14,0.0
952,14.942529245978758,14,11,0.0
953,-4.23304724643895,12,13,0.0
954,15.047325197571725,14,11,0.0
955,-3.8517994553855255,12,13,0.0
956,5.508929305868846,13,12,0.0
957,-3.2721956765497726,12,13,0.0
958,24.701331001381853,15,10,0.0
959,5.274493230875613,13,12,0.0
960,4.919371784824092,13,12,0.0
961,-3.782452790751938,12,13,0.0
962,-5.219301060826227,12,13,0.0
963,-14.265889872396453,11,14,0.0
964,-3.250005215661716,12,13,0.0
965,-4.309566988178562,12,13,0.0
966,-4.385763581219689,12,13,0.0
967,14.692322714464265,14,11,0.0
968,-4.775939714434843,12,13,0.0
969,5.802459570070402,13,12,0.0
970,-14.100024990767583,11,14,0.0
971,4.496183625676961,13,12,0.0
972,-6.0565873196727225,12,13,0.0
973,-5.406602533783113,12,13,0.0
974,-14.813062649094284,11,14,0.0
975,5.479425692062553,13,12,0.0
976,5.39965542125596,13,12,0.0
977,-4.280689551570133,12,13,0.0
978,4.452226660815274,13,12,0.0
979,4.760941337694916,13,12,0.0
980,4.458331270682076,13,12,0.0
981,-15.72280389806322,11,14,0.0
982,-4.516940944632834,12,13,0.0
983,-4.115830459932489,12,13,0.0
984,-14.028609964024369,11,14,0.0
985,26.710972312639836,15,10,0.0
986,26.178069610555735,15,10,0.0
987,-5.965661570927705,12,13,0.0
988,-5.314238389620092,12,13,0.0
989,5.9329720948756846,13,12,0.0
990,26.09270549250637,15,10,0.0
991,4.071724602646179,13,12,0.0
992,-24.006476200739172,10,15,0.0
993,-5.89055668879618,12,13,0.0
994,-14.194155319012253,11,14,0.0
995,4.868417035082401,13,12,0.0
996,-25.443056360407503,10,15,0.0
997,-24.77317591217096,10,15,0.0
998,6.542407459255376,13,12,0.0
999,-15.55020989517582,11,14,0.0
1000,-25.873104327782308,10,15,0.0
1001,-14.457277925592974,11,14,0.0
1002,15.985826416840519,14,11,0.0
1003,5.141183383168807,13,12,0.0
1004,24.63715087018091,15,10,0.0
1005,14.362209861260975,14,11,0.0
1006,-14.228431686121752,11,14,0.0
1007,-4.671315287628117,12,13,0.0
1008,5.322552469974971,13,12,0.0
1009,-14.688606843415913,11,14,0.0
1010,-5.695824819275323,12,13,0.0
1011,-15.553560604809368,11,14,0.0
1012,5.432179289499899,13,12,0.0
1013,13.661167348863641,14,11,0.0
1014,-4.6969465863878295,12,13,0.0
1015,-5.159121227685262,12,13,0.0
1016,-5.228593675217808,12,13,0.0
1017,-14.313018543643878,11,14,0.0
1018,-4.961339390359015,12,13,0.0
1019,14.31410097028984,14,11,0.0
1020,5.095300999556786,13,12,0.0
1021,4.681933763236717,13,12,0.0
1022,-3.6903316337131287,12,13,0.0
1023,5.307233809546673,13,12,0.0
1024,-5.903557810504727,12,13,0.0
1025,-36.52795138643398,9,16,0.0
1026,15.13716889403538,14,11,0.0
1027,5.390909627632632,13,12,0.0
1028,-25.19057808302531,10,15,0.0
1029,15.585387282505671,14,11,0.0
1030,-4.515704400245852,12,13,0.0
1031,6.186578546516611,13,12,0.0
1032,24.632301782648618,15,10,0.0
1033,3.7926319516688594,13,12,0.0
1034,-5.680642432020857,12,13,0.0
1035,-25.19999348851543,10,15,0.0
1036,26.673831375913576,15,10,0.0
1037,14.351741780404769,14,11,0.0
1038,5.56518150352317,13,12,0.0
1039,-5.892101395648293,12,13,0.0
1040,-15.473446973641641,11,14,0.0
1041,-43.69337245508723,8,17,0.0
1042,6.574330998536841,13,12,0.0
1043,-4.9916853152858645,12,13,0.0
1044,-15.11163400145088,11,14,0.0
1045,-14.506205776403243,11,14,0.0
1046,15.143008958459472,14,11,0.0
1047,15.111864370634741,14,11,0.0
1048,16.05159253432011,14,11,0.0
1049,26.688216703622377,15,10,0.0
1050,5.022697510391216,13,12,0.0
1051,4.5628861195809645,13,12,0.0
1052,-15.164969246440476,11,14,0.0
1053,-4.041684225133356,12,13,0.0
1054,15.568881557161701,14,11,0.0
1055,-16.69852716013695,11,14,0.0
1056,-5.911295935281297,12,13,0.0
1057,-15.462333853728166,11,14,0.0
1058,5.62688685729268,13,12,0.0
1059,-4.075762497169296,12,13,0.0
1060,5.909323958734518,13,12,0.0
1061,4.033300447437872,13,12,0.0
1062,4.941732529442184,13,12,0.0
1063,17.327446904971566,14,11,0.0
1064,-4.833992558900426,12,13,0.0
1065,15.259160296986401,14,11,0.0
1066,-5.770456880872494,12,13,0.0
1067,4.928818211491365,13,12,0.0
1068,-4.335242578405632,12,13,0.0
1069,5.215350137335449,13,12,0.0
1070,-3.291931695252421,12,13,0.0
1071,15.701622477241862,14,11,0.0
1072,-15.131889354311284,11,14,0.0
1073,14.714725760304676,14,11,0.0
1074,-4.437268639192349,12,13,0.0
1075,4.477531348849634,13,12,0.0
1076,13.739338649328579,14,11,0.0
1077,-14.542881631575462,11,14,0.0
1078,-25.423459263742288,10,15,0.0
1079,-15.51999912919307,11,14,0.0
1080,17.477668299904348,14,11,0.0
1081,-14.543228322127234,11,14,0.0
1082,16.028219062178355,14,11,0.0
1083,-5.948068396986692,12,13,0.0
1084,14.700503188275047,14,11,0.0
1085,5.338402079917254,13,12,0.0
1086,16.384320169303567,14,11,0.0
1087,5.9642437082174276,13,12,0.0
1088,15.847061475845138,14,11,0.0
1089,25.442349021288294,15,10,0.0
1090,23.806330551026722,15,10,0.0
1091,7.866432175469955,13,12,0.0
1092,25.649665173417635,15,10,0.0
1093,-4.647537580597798,12,13,0.0
1094,15.948735651257564,14,11,0.0
1095,-3.7832588024059834,12,13,0.0
1096,-14.882209652749506,11,14,0.0
1097,-14.719376021174455,11,14,0.0
1098,-25.149893010103682,10,15,0.0
1099,6.348118726225497,13,12,0.0
1100,25.11742186649877,15,10,0.0
1101,15.379596170172434,14,11,0.0
1102,-4.581339953680098,12,13,0.0
1103,-5.45019793671529,12,13,0.0
1104,6.329980117603312,13,12,0.0
1105,16.27160476399641,14,11,0.0
1106,14.845855930486637,14,11,0.0
1107,5.75661874025063,13,12,0.0
1108,35.72799895540127,16,9,0.0
1109,-5.2526322281665285,12,13,0.0
1110,24.854015395222063,15,10,0.0
1111,15.783650420575414,14,11,0.0
1112,15.09959244346233,14,11,0.0
1113,24.723411163982366,15,10,0.0
1114,5.411990379710424,13,12,0.0
1115,15.039588049383529,14,11,0.0
1116,-5.65216196318527,12,13,0.0
1117,15.727940151514755,14,11,0.0
1118,16.154676464050635,14,11,0.0
1119,26.140495879897617,15,10,0.0
1120,-45.79720645558446,8,17,0.0
1121,-15.312255886127993,11,14,0.0
1122,-4.567979776893944,12,13,0.0
1123,-14.846643509074074,11,14,0.0
1124,-4.706904455693325,12,13,0.0
1125,-4.497187848827674,12,13,0.0
1126,-4.871965104006941,12,13,0.0
1127,13.95214899541773,14,11,0.0
1128,-3.6882116232565565,12,13,0.0
1129,14.646724844957838,14,11,0.0
1130,5.343226850423961,13,12,0.0
1131,-26.160295048676076,10,15,0.0
1132,5.647201657146386,13,12,0.0
1133,-5.11462790436093,12,13,0.0
1134,14.51913233397822,14,11,0.0
1135,-24.59531069651247,10,15,0.0
1136,5.656725569324493,13,12,0.0
1137,-5.447383418929364,12,13,0.0
1138,4.922290623655396,13,12,0.0
1139,7.082681236562438,13,12,0.0
1140,-14.69118373959559,11,14,0.0
1141,5.657461431782863,13,12,0.0
1142,5.764489323625631,13,12,0.0
1143,-4.736385071487374,12,13,0.0
1144,5.947559162203486,13,12,0.0
1145,-5.114346337686713,12,13,0.0
1146,4.424171862062726,13,12,0.0
1147,3.3141963256456535,13,12,0.0
1148,5.799544922736107,13,12,0.0
1149,15.985868936891393,14,11,0.0
1150,-25.078127145329585,10,15,0.0
1151,26.516065094000254,15,10,0.0
1152,5.06532811949543,13,12,0.0
1153,4.900469129916953,13,12,0.0
1154,-13.635992627741706,11,14,0.0
1155,15.371454186479255,14,11,0.0
1156,-14.974754402103983,11,14,0.0
1157,5.538828511985683,13,12,0.0
1158,15.411924601587721,14,11,0.0
1159,-14.800757618391266,11,14,0.0
1160,25.587252376203413,15,10,0.0
1161,26.812838498168166,15,10,0.0
1162,-4.5999429493748885,12,13,0.0
1163,-6.001223684859972,12,13,0.0
1164,-4.969365028038666,12,13,0.0
1165,6.421850288062004,13,12,0.0
1166,-15.575255992651279,11,14,0.0
1167,4.921971956713055,13,12,0.0
1168,-15.655979671586113,11,14,0.0
1169,-5.878824237820821,12,13,0.0
1170,5.075713338278682,13,12,0.0
1171,-5.768404869930387,12,13,0.0
1172,16.113550456444372,14,11,0.0
1173,15.678845565603341,14,11,0.0
1174,34.944931884815276,16,9,0.0
1175,-14.039501489356113,11,14,0.0
1176,5.875968127299526,13,12,0.0
1177,15.98415900456294,14,11,0.0
1178,15.274397520710389,14,11,0.0
1179,-4.84784857909202,12,13,0.0
1180,-5.428715961436672,12,13,0.0
1181,-5.504373019644284,12,13,0.0
1182,4.810667281934297,13,12,0.0
1183,-6.696215007668502,12,13,0.0
1184,-5.686584550335038,12,13,0.0
1185,-5.133602118187646,12,13,0.0
1186,-5.205611002169478,12,13,0.0
1187,14.852863169335766,14,11,0.0
1188,-15.951505676417506,11,14,0.0
1189,5.550620603803631,13,12,0.0
1190,5.813727955146028,13,12,0.0
1191,5.089500882682666,13,12,0.0
1192,13.620358959388401,14,11,0.0
1193,4.9637919970278865,13,12,0.0
1194,14.727982690347902,14,11,0.0
1195,3.128816299252773,13,12,0.0
1196,-36.33468295463099,9,16,0.0
1197,15.390251457155586,14,11,0.0
1198,-15.883407894270658,11,14,0.0
1199,-4.758872778546669,12,13,0.0
1200,-6.781328662265768,12,13,0.0
1201,-15.459394742254872,11,14,0.0
1202,-3.7579679391812713,12,13,0.0
1203,-4.460911956880194,12,13,0.0
1204,-14.179663931599089,11,14,0.0
1205,-15.430717170389684,11,14,0.0
1206,15.420065449180402,14,11,0.0
1207,-14.93553989895447,11,14,0.0
1208,-5.0720207312065035,12,13,0.0
1209,-6.922052220231636,12,13,0.0
1210,-3.9483121017754317,12,13,0.0
1211,15.284789581977613,14,11,0.0
1212,5.071515586903306,13,12,0.0
1213,-5.0853601747343395,12,13,0.0
1214,14.544665702643783,14,11,0.0
1215,-3.588066813012473,12,13,0.0
1216,-3.000198706622834,12,13,0.0
1217,-4.940639069501492,12,13,0.0
1218,-5.860494947658068,12,13,0.0
1219,15.691924441435216,14,11,0.0
1220,-5.662704742104295,12,13,0.0
1221,-4.985998462636218,12,13,0.0
1222,25.837779022753757,15,10,0.0
1223,-4.344389703381819,12,13,0.0
1224,-5.807152126616103,12,13,0.0
1225,16.11083083296556,14,11,0.0
1226,14.188943797626628,14,11,0.0
1227,-37.427039901759265,9,16,0.0
1228,-3.58166312971189,12,13,0.0
1229,-4.740489639088859,12,13,0.0
1230,15.058996077804427,14,11,0.0
1231,-4.473329366220932,12,13,0.0
1232,15.989610675402737,14,11,0.0
1233,-15.02568264169549,11,14,0.0
1234,-14.791204182977644,11,14,0.0
1235,14.486883268844885,14,11,0.0
1236,4.729792325922043,13,12,0.0
1237,4.333015298107653,13,12,0.0
1238,6.000118720005672,13,12,0.0
1239,5.939744120081247,13,12,0.0
1240,-4.101025618772644,12,13,0.0
1241,5.965060296935198,13,12,0.0
1242,-4.565692749239999,12,13,0.0
1243,24.35417171991849,15,10,0.0
1244,15.011010374050185,14,11,0.0
1245,4.165545564639632,13,12,0.0
1246,15.51477158465844,14,11,0.0
1247,4.27183156243,13,12,0.0
1248,5.538259699266209,13,12,0.0
1249,-24.80957793997666,10,15,0.0
1250,-24.235577597895713,10,15,0.0
1251,4.699643091665483,13,12,0.0
1252,16.1920500299799,14,11,0.0
1253,-5.6905637801413285,12,13,0.0
1254,-16.271288999687137,11,14,0.0
1255,-14.871956655163423,11,14,0.0
1256,-14.799532100954321,11,14,0.0
1257,5.250640280317018,13,12,0.0
1258,13.933134202154875,14,11,0.0
1259,5.8588811674710115,13,12,0.0
1260,-4.9068810727709655,12,13,0.0
1261,-16.058424940340473,11,14,0.0
1262,-5.698282934485764,12,13,0.0
1263,5.019525418654094,13,12,0.0
1264,-5.735100064302438,12,13,0.0
1265,15.455698803720521,14,11,0.0
1266,5.100893490834718,13,12,0.0
1267,-4.68624182351113,12,13,0.0
1268,4.969594854438018,13,12,0.0
1269,-27.70841371804767,10,15,0.0
1270,-34.467774133767676,9,16,0.0
1271,-15.120482574186418,11,14,0.0
1272,-25.97391720337856,10,15,0.0
1273,-27.105954838985248,10,15,0.0
1274,5.586717935429386,13,12,0.0
1275,-5.195454542847268,12,13,0.0
1276,15.395776386145897,14,11,0.0
1277,25.316471778299395,15,10,0.0
1278,24.783204123087305,15,10,0.0
1279,5.3830073876104585,13,12,0.0
1280,5.345061581954128,13,12,0.0
1281,25.147249397769944,15,10,0.0
1282,4.6148736971519435,13,12,0.0
1283,5.7955330695284815,13,12,0.0
1284,15.85626324396039,14,11,0.0
1285,5.845461453769738,13,12,0.0
1286,-16.358527114132027,11,14,0.0
1287,4.610616777611991,13,12,0.0
1288,5.751324960565406,13,12,0.0
1289,-4.768660427167842,12,13,0.0
1290,-5.763893498635951,12,13,0.0
1291,14.82550118485002,14,11,0.0
1292,-5.372754007449181,12,13,0.0
1293,13.782681188278334,14,11,0.0
1294,25.39523951897725,15,10,0.0
1295,-14.568171660751972,11,14,0.0
1296,-5.132946510861725,12,13,0.0
1297,14.724558424867464,14,11,0.0
1298,14.601380866204956,14,11,0.0
1299,24.51256878405598,15,10,0.0
1300,-4.331566682211516,12,13,0.0
1301,-5.2897551487441925,12,13,0.0
1302,13.89789900700276,14,11,0.0
1303,-4.9157373138742075,12,13,0.0
1304,14.587627348332635,14,11,0.0
1305,5.324199960486858,13,12,0.0
1306,14.238459895419545,14,11,0.0
1307,-4.313750404951888,12,13,0.0
1308,24.1877763219302,15,10,0.0
1309,14.89235716377621,14,11,0.0
1310,14.610731802678675,14,11,0.0
1311,-5.2346780612355435,12,13,0.0
1312,-4.676801613308076,12,13,0.0
1313,25.899803847917916,15,10,0.0
1314,5.290849129749505,13,12,0.0
1315,24.789672040415432,15,10,0.0
1316,14.68571050813085,14,11,0.0
1317,15.299566695736772,14,11,0.0
1318,-5.815527158596088,12,13,0.0
1319,-15.32119245515165,11,14,0.0
1320,-4.128812564285151,12,13,0.0
1321,-4.335058113328183,12,13,0.0
1322,15.139637372072007,14,11,0.0
1323,-4.34191053683359,12,13,0.0
1324,-4.5811746339859,12,13,0.0
1325,-4.814385399302024,12,13,0.0
1326,4.695010485104356,13,12,0.0
1327,4.489329723750057,13,12,0.0
1328,15.44400658951249,14,11,0.0
1329,-5.56365319962058,12,13,0.0
1330,15.74477680462552,14,11,0.0
1331,13.900265714564325,14,11,0.0
1332,25.242420800557973,15,10,0.0
1333,-36.31789064225755,9,16,0.0
1334,14.697068183226113,14,11,0.0
1335,5.025748871205305,13,12,0.0
1336,4.955497136219056,13,12,0.0
1337,5.885978882904468,13,12,0.0
1338,25.984817665268928,15,10,0.0
1339,26.517503848949307,15,10,0.0
1340,-5.179066528972518,12,13,0.0
1341,-15.742677329999461,11,14,0.0
1342,15.177978649481442,14,11,0.0
1343,25.938509095185374,15,10,0.0
1344,6.011489409699134,13,12,0.0
1345,14.934804361711496,14,11,0.0
1346,15.120877486697708,14,11,0.0
1347,-4.927933177478589,12,13,0.0
1348,5.353815328118635,13,12,0.0
1349,-4.9377576647518,12,13,0.0
1350,-5.6008087635190265,12,13,0.0
1351,14.040894334138827,14,11,0.0
1352,14.784431660563406,14,11,0.0
1353,14.321821130528932,14,11,0.0
1354,5.076641331099294,13,12,0.0
1355,16.042015353224556,14,11,0.0
1356,15.170448759023994,14,11,0.0
1357,15.315030269368581,14,11,0.0
1358,14.64760148204829,14,11,0.0
1359,36.43575972846713,16,9,0.0
1360,15.62907566556855,14,11,0.0
1361,14.027654195788163,14,11,0.0
1362,14.744624996636382,14,11,0.0
1363,4.389950458139153,13,12,0.0
1364,15.756230443126647,14,11,0.0
1365,4.986018296599179,13,12,0.0
1366,26.29020735527101,15,10,0.0
1367,-6.401069129126002,12,13,0.0
1368,-5.126898560621754,12,13,0.0
1369,5.498280192279877,13,12,0.0
1370,4.844628232020108,13,12,0.0
1371,4.929950868802042,13,12,0.0
1372,25.567388943680875,15,10,0.0
1373,5.2234973287304864,13,12,0.0
1374,5.1025643414681445,13,12,0.0
1375,15.522185357221234,14,11,0.0
1376,16.067000717170743,14,11,0.0
1377,-5.767887998153693,12,13,0.0
1378,4.902087005605368,13,12,0.0
1379,15.515497827862912,14,11,0.0
1380,4.361193103468798,13,12,0.0
1381,4.888365710013581,13,12,0.0
1382,-5.598913147841063,12,13,0.0
1383,15.496800908166653,14,11,0.0
1384,-5.556660233693847,12,13,0.0
1385,25.996235949263827,15,10,0.0
1386,4.317801737523347,13,12,0.0
1387,14.20468873897853,14,11,0.0
1388,4.681880970466963,13,12,0.0
1389,5.374561355994228,13,12,0.0
1390,-15.157975709237714,11,14,0.0
1391,4.267603752671144,13,12,0.0
1392,35.58026241664148,16,9,0.0
1393,-5.980812996026732,12,13,0.0
1394,-5.10055442579291,12,13,0.0
1395,15.369353223455825,14,11,0.0
1396,15.005695829393005,14,11,0.0
1397,4.400793311660798,13,12,0.0
1398,-4.834589859987552,12,13,0.0
1399,-25.559126943790037,10,15,0.0
1400,15.306090215209597,14,11,0.0
1401,-4.499514398584655,12,13,0.0
1402,4.1600289115203,13,12,0.0
1403,14.49908456727426,14,11,0.0
1404,14.227994733230261,14,11,0.0
1405,-15.016956819047326,11,14,0.0
1406,-5.227751104829416,12,13,0.0
1407,5.823440952900457,13,12,0.0
1408,15.713484124335963,14,11,0.0
1409,25.88621783019337,15,10,0.0
1410,6.353883491000758,13,12,0.0
1411,4.422462357707484,13,12,0.0
1412,15.72612632968946,14,11,0.0
1413,-15.184074556332597,11,14,0.0
1414,5.706525676102961,13,12,0.0
1415,-5.778571131562594,12,13,0.0
1416,14.878880541829286,14,11,0.0
1417,-5.768147273095127,12,13,0.0
1418,6.271791968057716,13,12,0.0
1419,-6.159147961808928,12,13,0.0
1420,13.715025710400838,14,11,0.0
1421,-4.862626875254165,12,13,0.0
1422,16.129954672000025,14,11,0.0
1423,14.887522931909498,14,11,0.0
1424,5.243720809303479,13,12,0.0
1425,15.677200530549436,14,11,0.0
1426,4.349647477654859,13,12,0.0
1427,35.28057574715522,16,9,0.0
1428,15.2626257043769,14,11,0.0
1429,24.658339082502017,15,10,0.0
1430,25.032656410604172,15,10,0.0
1431,14.234467080560906,14,11,0.0
1432,5.546403759771245,13,12,0.0
1433,-4.735396415277291,12,13,0.0
1434,25.54341093070697,15,10,0.0
1435,-5.837781131614493,12,13,0.0
1436,-14.288664684415647,11,14,0.0
1437,-25.85414430638052,10,15,0.0
1438,25.317585126851935,15,10,0.0
1439,14.852629724206157,14,11,0.0
1440,-15.390293106566597,11,14,0.0
1441,-4.393774338255018,12,13,0.0
1442,-4.773479408199835,12,13,0.0
1443,15.772789363404982,14,11,0.0
1444,-5.19008267057592,12,13,0.0
1445,17.14140043298349,14,11,0.0
1446,5.667183149926268,13,12,0.0
1447,16.145832112142365,14,11,0.0
1448,26.35099558027856,15,10,0.0
1449,14.505569585061641,14,11,0.0
1450,6.33191217101805,13,12,0.0
1451,14.52030417991529,14,11,0.0
1452,5.659311751344536,13,12,0.0
1453,4.46000121836101,13,12,0.0
1454,-4.715463360338787,12,13,0.0
1455,-5.361336482288809,12,13,0.0
1456,6.029416785597572,13,12,0.0
1457,-6.2659472756751695,12,13,0.0
1458,-6.230064293354879,12,13,0.0
1459,-16.70779705292822,11,14,0.0
1460,4.490923345999713,13,12,0.0
1461,15.347352556878567,14,11,0.0
1462,26.048282159170153,15,10,0.0
1463,5.215002836735447,13,12,0.0
1464,25.21206501645807,15,10,0.0
1465,5.647760328127087,13,12,0.0
1466,5.114478457586316,13,12,0.0
1467,-5.713424332551217,12,13,0.0
1468,-4.058989950640894,12,13,0.0
1469,16.38988775438176,14,11,0.0
1470,-5.55738433335963,12,13,0.0
1471,13.952060108175633,14,11,0.0
1472,25.327938159621304,15,10,0.0
1473,25.220560084859237,15,10,0.0
1474,5.004768083958788,13,12,0.0
1475,4.70304980822792,13,12,0.0
1476,4.932337433091489,13,12,0.0
1477,6.888646658949522,13,12,0.0
1478,-5.249090220954563,12,13,0.0
1479,25.099717997344356,15,10,0.0
1480,14.327015639449055,14,11,0.0
1481,5.563619517496622,13,12,0.0
1482,-5.310261696469015,12,13,0.0
1483,-5.638972021024206,12,13,0.0
1484,35.897619712883696,16,9,0.0
1485,-4.641855176134406,12,13,0.0
1486,26.2193041236375,15,10,0.0
1487,4.381716394157708,13,12,0.0
1488,-35.73747799701487,9,16,0.0
1489,16.39592040173035,14,11,0.0
1490,-4.618442507770551,12,13,0.0
1491,-5.728695380413912,12,13,0.0
1492,5.082436052650481,13,12,0.0
1493,6.1950831512843365,13,12,0.0
1494,26.794086588286188,15,10,0.0
1495,26.28220289824744,15,10,0.0
1496,15.605548891290356,14,11,0.0
1497,6.513379371586764,13,12,0.0
1498,25.10878926605712,15,10,0.0
1499,13.98252605276924,14,11,0.0
1500,5.748369977468666,13,12,0.0
1501,-4.567160221078485,12,13,0.0
1502,4.881177439683085,13,12,0.0
1503,5.3609918327374055,13,12,0.0
1504,-4.59480358477083,12,13,0.0
1505,-5.39221089671615,12,13,0.0
1506,4.885636384243904,13,12,0.0
1507,4.993098713023372,13,12,0.0
1508,14.259247025802752,14,11,0.0
1509,23.81781799126438,15,10,0.0
1510,15.714843023284054,14,11,0.0
1511,-14.325306690326151,11,14,0.0
1512,-4.410581548462458,12,13,0.0
1513,15.72408472138453,14,11,0.0
1514,14.215696303902853,14,11,0.0
1515,25.277778329238984,15,10,0.0
1516,16.659924627559295,14,11,0.0
1517,-3.9785848204501093,12,13,0.0
1518,16.941037600341836,14,11,0.0
1519,-4.277161270442354,12,13,0.0
1520,4.930583578374719,13,12,0.0
1521,15.035649872932744,14,11,0.0
1522,-3.190475390164343,12,13,0.0
1523,15.487392211100477,14,11,0.0
1524,14.104133182592427,14,11,0.0
1525,15.334709746504773,14,11,0.0
1526,-4.658839344471552,12,13,0.0
1527,6.486393689523217,13,12,0.0
1528,24.569320100678027,15,10,0.0
1529,27.123586846176202,15,10,0.0
1530,4.777183098598023,13,12,0.0
1531,5.493537446432698,13,12,0.0
1532,14.464664654944865,14,11,0.0
1533,16.50317762705111,14,11,0.0
1534,4.713241418670221,13,12,0.0
1535,5.45583341861156,13,12,0.0
1536,-5.830680821702021,12,13,0.0
1537,4.944694877573773,13,12,0.0
1538,-5.549941671415731,12,13,0.0
1539,15.363125788300657,14,11,0.0
1540,-5.677160617228433,12,13,0.0
1541,16.252663836368498,14,11,0.0
1542,5.463433443384265,13,12,0.0
1543,-15.70058839413294,11,14,0.0
1544,24.68652978960252,15,10,0.0
1545,5.133902810205946,13,12,0.0
1546,4.923963101828531,13,12,0.0
1547,15.746248177631703,14,11,0.0
1548,-4.917157024948388,12,13,0.0
1549,15.603433886526918,14,11,0.0
1550,14.644532047893168,14,11,0.0
1551,4.480789639401147,13,12,0.0
1552,15.40688861771998,14,11,0.0
1553,15.747641932003418,14,11,0.0
1554,15.493966315348981,14,11,0.0
1555,15.997142449099572,14,11,0.0
1556,-14.10559073734402,11,14,0.0
1557,14.393424534751263,14,11,0.0
1558,-16.39301771841224,11,14,0.0
1559,14.771229115560118,14,11,0.0
1560,24.584036532322656,15,10,0.0
1561,37.07538168715756,16,9,0.0
1562,-4.0851868001828,12,13,0.0
1563,15.180499321931162,14,11,0.0
1564,15.137344734184843,14,11,0.0
1565,-14.568035273751914,11,14,0.0
1566,4.5813657728608455,13,12,0.0
1567,15.94489707886375,14,11,0.0
1568,5.600085807901828,13,12,0.0
1569,-5.075444190652024,12,13,0.0
1570,-3.9706604187824963,12,13,0.0
1571,5.744195797956726,13,12,0.0
1572,-5.134212060735808,12,13,0.0
1573,-5.419594028795412,12,13,0.0
1574,-4.9851824915063006,12,13,0.0
1575,14.484475152340373,14,11,0.0
1576,5.989674848342961,13,12,0.0
1577,-4.726554679255274,12,13,0.0
1578,-5.270267351779285,12,13,0.0
1579,-4.57651515471387,12,13,0.0
1580,16.803214552569003,14,11,0.0
1581,25.4376596324244,15,10,0.0
1582,6.484428298443808,13,12,0.0
1583,5.242553041512021,13,12,0.0
1584,14.196398134674741,14,11,0.0
1585,13.219167288463806,14,11,0.0
1586,4.249761145920196,13,12,0.0
1587,25.522499764580996,15,10,0.0
1588,-16.068402153052258,11,14,0.0
1589,26.104512149674896,15,10,0.0
1590,25.44614423212677,15,10,0.0
1591,-15.13729505102982,11,14,0.0
1592,-6.290432399306154,12,13,0.0
1593,14.22234563368421,14,11,0.0
1594,15.578505704734624,14,11,0.0
1595,-13.95051854840689,11,14,0.0
1596,4.659159812287678,13,12,0.0
1597,25.45592141000104,15,10,0.0
1598,5.214982448809392,13,12,0.0
1599,15.18008567819885,14,11,0.0
1600,-24.218472571851517,10,15,0.0
1601,14.396380594657703,14,11,0.0
1602,15.836414766230419,14,11,0.0
1603,5.393135460151274,13,12,0.0
1604,-5.328921226182115,12,13,0.0
1605,14.467883971986916,14,11,0.0
1606,25.799184569810432,15,10,0.0
1607,5.614029323001931,13,12,0.0
1608,-5.50320054740558,12,13,0.0
1609,-4.621189866726089,12,13,0.0
1610,26.369044411597514,15,10,0.0
1611,-4.128174754312778,12,13,0.0
1612,15.384756465652332,14,11,0.0
1613,15.38342957296671,14,11,0.0
1614,-14.09890345509361,11,14,0.0
1615,26.36313359461434,15,10,0.0
1616,4.773324448979128,13,12,0.0
1617,15.44745873386426,14,11,0.0
1618,5.252254905934143,13,12,0.0
1619,25.239571313756457,15,10,0.0
1620,15.877878476782739,14,11,0.0
1621,3.8727758159721475,13,12,0.0
1622,14.88326795169268,14,11,0.0
1623,-5.955293722191345,12,13,0.0
1624,15.505109758548356,14,11,0.0
1625,6.85124113832844,13,12,0.0
1626,15.384465215193824,14,11,0.0
1627,4.889436341719241,13,12,0.0
1628,14.33435578513064,14,11,0.0
1629,24.8619087925215,15,10,0.0
1630,26.087225098930784,15,10,0.0
1631,15.273133860872427,14,11,0.0
1632,5.773459340047136,13,12,0.0
1633,15.982234268527993,14,11,0.0
1634,25.209573754581463,15,10,0.0
1635,5.476482015255394,13,12,0.0
1636,-5.107261689846341,12,13,0.0
1637,15.821110246219376,14,11,0.0
1638,24.968458326917673,15,10,0.0
1639,6.233030444194722,13,12,0.0
1640,4.5903749959479025,13,12,0.0
1641,5.837788115386025,13,12,0.0
1642,24.88264075340256,15,10,0.0
1643,5.6906706343329345,13,12,0.0
1644,5.847093772724666,13,12,0.0
1645,36.11487622548364,16,9,0.0
1646,4.378724506042783,13,12,0.0
1647,25.445013516600337,15,10,0.0
1648,15.675304338763192,14,11,0.0
1649,-14.744355254054549,11,14,0.0
1650,5.8500116022619935,13,12,0.0
1651,25.275194648933745,15,10,0.0
1652,15.380566794127816,14,11,0.0
1653,13.884559149718514,14,11,0.0
1654,-14.97168254602396,11,14,0.0
1655,14.064240971533453,14,11,0.0
1656,25.218268995506282,15,10,0.0
1657,25.126488122965668,15,10,0.0
1658,25.375362490455778,15,10,0.0
1659,14.759118135459333,14,11,0.0
1660,15.41970965485956,14,11,0.0
1661,15.472853037259695,14,11,0.0
1662,25.421613120747644,15,10,0.0
1663,24.843628702422198,15,10,0.0
1664,6.055736462557263,13,12,0.0
1665,5.239052041762171,13,12,0.0
1666,16.14906067306288,14,11,0.0
1667,14.3973059589615,14,11,0.0
1668,26.21245105629064,15,10,0.0
1669,14.371237581288936,14,11,0.0
1670,4.717590860559967,13,12,0.0
1671,25.288716431962545,15,10,0.0
1672,4.220986390156893,13,12,0.0
1673,15.638369631661174,14,11,0.0
1674,25.582763113669596,15,10,0.0
1675,15.572070823593052,14,11,0.0
1676,-4.599022955034892,12,13,0.0
1677,25.43021017588316,15,10,0.0
1678,4.873657377022284,13,12,0.0
1679,-26.0482842994865,10,15,0.0
1680,15.391910182109681,14,11,0.0
1681,16.727283593208554,14,11,0.0
1682,-24.618050622536828,10,15,0.0
1683,15.684168154769583,14,11,0.0
1684,-5.07005003290034,12,13,0.0
1685,14.116014588203068,14,11,0.0
1686,15.993738089496457,14,11,0.0
1687,36.17190264086282,16,9,0.0
1688,14.061953128018756,14,11,0.0
1689,23.913360381123358,15,10,0.0
1690,15.94857674842962,14,11,0.0
1691,-5.791374840128432,12,13,0.0
1692,-4.226096669065846,12,13,0.0
1693,35.7590111197011,16,9,0.0
1694,15.012236175592541,14,11,0.0
1695,-5.647439359418229,12,13,0.0
1696,-16.485818150580968,11,14,0.0
1697,16.136560696267576,14,11,0.0
1698,5.498141713153705,13,12,0.0
1699,24.877846749596138,15,10,0.0
1700,15.061657790956014,14,11,0.0
1701,5.111052411369723,13,12,0.0
1702,13.68919536354932,14,11,0.0
1703,-6.946893695910726,12,13,0.0
1704,26.20361387564285,15,10,0.0
1705,4.295556502442059,13,12,0.0
1706,5.009210400521502,13,12,0.0
1707,4.7873248870857985,13,12,0.0
1708,15.567469452912755,14,11,0.0
1709,26.39206005628579,15,10,0.0
1710,14.521204589841627,14,11,0.0
1711,-5.180343539875663,12,13,0.0
1712,36.32358306194429,16,9,0.0
1713,-15.170836343102941,11,14,0.0
1714,16.24657021781998,14,11,0.0
1715,35.95569669586374,16,9,0.0
1716,-4.673393130857024,12,13,0.0
1717,15.56152556170945,14,11,0.0
1718,4.657719874221125,13,12,0.0
1719,14.710953773146224,14,11,0.0
1720,4.823172380454551,13,12,0.0
1721,25.92873437137888,15,10,0.0
1722,15.47122915846455,14,11,0.0
1723,4.976755011698158,13,12,0.0
1724,25.791673661371377,15,10,0.0
1725,15.123239711289282,14,11,0.0
1726,15.754440405784408,14,11,0.0
1727,15.555923352883896,14,11,0.0
1728,5.259987392790481,13,12,0.0
1729,13.919108478603855,14,11,0.0
1730,5.634917966825995,13,12,0.0
1731,14.30765362581654,14,11,0.0
1732,14.513946375709605,14,11,0.0
1733,14.332182666946697,14,11,0.0
1734,14.009640537083683,14,11,0.0
1735,4.870853640776747,13,12,0.0
1736,24.47291070392961,15,10,0.0
1737,-5.495094127777179,12,13,0.0
1738,45.50181570691303,17,8,0.0
1739,35.25276561997553,16,9,0.0
1740,-4.512572865902202,12,13,0.0
1741,25.621668901201655,15,10,0.0
1742,-5.806276841795633,12,13,0.0
1743,6.8725483227963515,13,12,0.0
1744,13.899419722956615,14,11,0.0
1745,25.5140197781457,15,10,0.0
1746,13.301541306916594,14,11,0.0
1747,14.546433340943771,14,11,0.0
1748,2.8279222242121698,13,12,0.0
1749,15.29830830827256,14,11,0.0
1750,15.624653636598953,14,11,0.0
1751,14.912742270191767,14,11,0.0
1752,35.55621988490816,16,9,0.0
1753,-5.837382173305108,12,13,0.0
1754,24.385411263085043,15,10,0.0
1755,4.826810567246609,13,12,0.0
1756,-15.880178415121971,11,14,0.0
1757,-5.661676395080491,12,13,0.0
1758,-4.9934589126534386,12,13,0.0
1759,15.722245172707042,14,11,0.0
1760,13.893231422323467,14,11,0.0
1761,24.63277338669155,15,10,0.0
1762,-15.244525874796908,11,14,0.0
1763,14.429706573771314,14,11,0.0
1764,26.664440632227016,15,10,0.0
1765,36.48967815125966,16,9,0.0
1766,14.973084370809424,14,11,0.0
1767,-5.759544021041536,12,13,0.0
1768,3.52556074379153,13,12,0.0
1769,5.374044078820189,13,12,0.0
1770,15.259003364283249,14,11,0.0
1771,5.213816177036676,13,12,0.0
1772,15.446809031355773,14,11,0.0
1773,14.891476821244249,14,11,0.0
1774,24.471082711588814,15,10,0.0
1775,3.366121594985752,13,12,0.0
1776,3.9240007842644076,13,12,0.0
1777,13.52070331003428,14,11,0.0
1778,14.628988659522658,14,11,0.0
1779,5.320327079864788,13,12,0.0
1780,4.846306252336801,13,12,0.0
1781,-14.683813014501082,11,14,0.0
1782,14.673136512179475,14,11,0.0
1783,3.438904065405914,13,12,0.0
1784,4.379259913988653,13,12,0.0
1785,14.786561488036131,14,11,0.0
1786,25.007856198849787,15,10,0.0
1787,-14.930902284367596,11,14,0.0
1788,25.501971876975585,15,10,0.0
1789,5.6900045809580035,13,12,0.0
1790,5.131442307006239,13,12,0.0
1791,25.352302028455124,15,10,0.0
1792,14.485416054977634,14,11,0.0
1793,25.252865520264642,15,10,0.0
1794,25.34449534962707,15,10,0.0
1795,24.638302971035895,15,10,0.0
1796,3.905655216186112,13,12,0.0
1797,4.539005089361133,13,12,0.0
1798,25.045137418882938,15,10,0.0
1799,13.121267180461137,14,11,0.0
1800,24.19809040669327,15,10,0.0
1801,24.70650957414742,15,10,0.0
1802,5.4503778810791115,13,12,0.0
1803,24.64992158846336,15,10,0.0
1804,-4.686851557165434,12,13,0.0
1805,15.07716919613959,14,11,0.0
1806,25.969454549371424,15,10,0.0
1807,15.396942731094361,14,11,0.0
1808,-5.136633913658298,12,13,0.0
1809,15.21210655701491,14,11,0.0
1810,24.539240486204672,15,10,0.0
1811,5.854800489282267,13,12,0.0
1812,3.6598771693592784,13,12,0.0
1813,24.33926021843942,15,10,0.0
1814,5.630561832232665,13,12,0.0
1815,24.957848869195765,15,10,0.0
1816,-5.897085004927293,12,13,0.0
1817,25.161748473136665,15,10,0.0
1818,24.244939142806263,15,10,0.0
1819,13.956063334656747,14,11,0.0
1820,24.542834211116624,15,10,0.0
1821,-5.973592202766266,12,13,0.0
1822,15.35292558809664,14,11,0.0
1823,25.11551795318777,15,10,0.0
1824,34.54019080127141,16,9,0.0
1825,5.140260531119425,13,12,0.0
1826,4.38594702474162,13,12,0.0
1827,13.227787955633161,14,11,0.0
1828,15.16822689869817,14,11,0.0
1829,6.253455859223202,13,12,0.0
1830,23.22157951564566,15,10,0.0
1831,25.7816541262548,15,10,0.0
1832,4.150530916068519,13,12,0.0
1833,-5.814814094102691,12,13,0.0
1834,-5.56547848271059,12,13,0.0
1835,14.824548814753294,14,11,0.0
1836,15.602764531583695,14,11,0.0
1837,4.143427982819464,13,12,0.0
1838,23.801134662078372,15,10,0.0
1839,14.550272038461655,14,11,0.0
1840,25.009869143576804,15,10,0.0
1841,15.710939957006751,14,11,0.0
1842,4.821431110841388,13,12,0.0
1843,26.415935651630317,15,10,0.0
1844,14.425793483380474,14,11,0.0
1845,16.343732707651345,14,11,0.0
1846,3.9657603759381033,13,12,0.0
1847,3.554913450119116,13,12,0.0
1848,4.513068332967592,13,12,0.0
1849,24.57927311347719,15,10,0.0
1850,25.318732073932278,15,10,0.0
1851,4.43145162575145,13,12,0.0
1852,13.933389887531629,14,11,0.0
1853,24.760810876098432,15,10,0.0
1854,24.64168435133982,15,10,0.0
1855,14.524893757755605,14,11,0.0
1856,13.916548898526992,14,11,0.0
1857,25.486856447796413,15,10,0.0
1858,24.549577557278283,15,10,0.0
1859,35.39350994333168,16,9,0.0
1860,25.748900453396388,15,10,0.0
1861,14.549890588142148,14,11,0.0
1862,-15.619044551100572,11,14,0.0
1863,4.382224475616518,13,12,0.0
1864,4.889710144897149,13,12,0.0
1865,4.7392513675237495,13,12,0.0
1866,4.709556011394445,13,12,0.0
1867,4.911535443205178,13,12,0.0
1868,15.656881556072557,14,11,0.0
1869,15.50033836686165,14,11,0.0
1870,16.096015740798947,14,11,0.0
1871,26.45475171158546,15,10,0.0
1872,23.72173191651622,15,10,0.0
1873,15.555851670972878,14,11,0.0
1874,15.220130035849259,14,11,0.0
1875,24.48368039046168,15,10,0.0
1876,25.51708979118041,15,10,0.0
1877,25.309829660890323,15,10,0.0
1878,25.26827399213269,15,10,0.0
1879,3.225081380060397,13,12,0.0
1880,-3.8235755926680888,12,13,0.0
1881,4.893432444928517,13,12,0.0
1882,-5.161649238418669,12,13,0.0
1883,5.469110894331601,13,12,0.0
1884,25.455939191468765,15,10,0.0
1885,24.982811913891112,15,10,0.0
1886,15.436243579279632,14,11,0.0
1887,24.779568555780894,15,10,0.0
1888,14.263052427691342,14,11,0.0
1889,25.103996852643057,15,10,0.0
1890,-6.260325402607789,12,13,0.0
1891,4.696881549853723,13,12,0.0
1892,2.7796528346202467,13,12,0.0
1893,2.917090947869163,13,12,0.0
1894,3.4972500528249597,13,12,0.0
1895,24.218377306441926,15,10,0.0
1896,13.840487147251812,14,11,0.0
1897,24.389205647978976,15,10,0.0
1898,-15.328936522740667,11,14,0.0
1899,-5.7002816776735745,12,13,0.0
1900,16.408894510636408,14,11,0.0
1901,14.448114888414782,14,11,0.0
1902,12.633693913463977,14,11,0.0
1903,2.168794644814901,13,12,0.0
1904,26.234896018187367,15,10,0.0
1905,24.895163230758083,15,10,0.0
1906,16.067849293811786,14,11,0.0
1907,-4.634429387223674,12,13,0.0
1908,4.270998541758207,13,12,0.0
1909,25.328887839574467,15,10,0.0
1910,25.10578491113139,15,10,0.0
1911,25.704206493008364,15,10,0.0
1912,4.482122604627807,13,12,0.0
1913,23.868325549210667,15,10,0.0
1914,-5.593006660496258,12,13,0.0
1915,15.798577961775038,14,11,0.0
1916,15.118335090689106,14,11,0.0
1917,14.504536950970566,14,11,0.0
1918,14.665980603545236,14,11,0.0
1919,13.530836085662628,14,11,0.0
1920,26.08330230720305,15,10,0.0
1921,15.268346091253406,14,11,0.0
1922,15.651624930149183,14,11,0.0
1923,25.172439236721935,15,10,0.0
1924,4.414272895958957,13,12,0.0
1925,14.40704293698524,14,11,0.0
1926,36.11702221882671,16,9,0.0
1927,14.367809294818866,14,11,0.0
1928,12.959363720327088,14,11,0.0
1929,-15.663993422534254,11,14,0.0
1930,14.918444716590257,14,11,0.0
1931,34.335461345481356,16,9,0.0
1932,15.921464357230839,14,11,0.0
1933,25.400907205068957,15,10,0.0
1934,4.498423857437958,13,12,0.0
1935,5.715482712646341,13,12,0.0
1936,4.261537777217216,13,12,0.0
1937,-15.195456198792488,11,14,0.0
1938,15.135018070024135,14,11,0.0
1939,3.597257898057113,13,12,0.0
1940,25.70745961541189,15,10,0.0
1941,5.123410928063761,13,12,0.0
1942,14.880429066313365,14,11,0.0
1943,14.534186864240688,14,11,0.0
1944,36.420537096266905,16,9,0.0
1945,4.956844041530652,13,12,0.0
1946,24.462822660167493,15,10,0.0
1947,15.01505576094273,14,11,0.0
1948,14.345858028588694,14,11,0.0
1949,25.411098092590088,15,10,0.0
1950,25.67767563327293,15,10,0.0
1951,4.649658361049132,13,12,0.0
1952,5.621835901890465,13,12,0.0
1953,16.680951101800087,14,11,0.0
1954,5.35576623177637,13,12,0.0
1955,15.180194183663623,14,11,0.0
1956,24.60848440293566,15,10,0.0
1957,26.222428137571903,15,10,0.0
1958,4.561210626376281,13,12,0.0
1959,14.419877331075242,14,11,0.0
1960,-5.825782874947354,12,13,0.0
1961,14.478932263288964,14,11,0.0
1962,4.894452561884078,13,12,0.0
1963,16.37327774439958,14,11,0.0
1964,6.151377656630906,13,12,0.0
1965,14.235835364498662,14,11,0.0
1966,-4.807657113884204,12,13,0.0
1967,14.186273917946936,14,11,0.0
1968,24.57556695840785,15,10,0.0
1969,5.225120465935229,13,12,0.0
1970,24.938652612422494,15,10,0.0
1971,4.900888702459701,13,12,0.0
1972,15.193666735322491,14,11,0.0
1973,5.2220763058205835,13,12,0.0
1974,25.037778625324034,15,10,0.0
1975,25.506523059543234,15,10,0.0
1976,14.164034894875334,14,11,0.0
1977,24.428213040725776,15,10,0.0
1978,4.059583773701672,13,12,0.0
1979,5.875892872158191,13,12,0.0
1980,-4.831141805162941,12,13,0.0
1981,25.71618723073463,15,10,0.0
1982,3.8243889351623253,13,12,0.0
1983,16.0985108442288,14,11,0.0
1984,-4.946797037728712,12,13,0.0
1985,-5.977036011469813,12,13,0.0
1986,25.839185807516223,15,10,0.0
1987,16.071403636453233,14,11,0.0
1988,16.16206718575204,14,11,0.0
1989,-16.925915170180097,11,14,0.0
1990,14.69459696405685,14,11,0.0
1991,-5.982003866934533,12,13,0.0
1992,5.308336952764382,13,12,0.0
1993,24.05185909115346,15,10,0.0
1994,15.292836169612137,14,11,0.0
1995,-5.3316083488847354,12,13,0.0
1996,3.9788861563254465,13,12,0.0
1997,24.54291343249791,15,10,0.0
1998,14.94876745999165,14,11,0.0
1999,6.370766760155888,13,12,0.0
2000,-5.099414387733891,12,13,0.0
2001,14.780408133929923,14,11,0.0
2002,-6.953903791476904,12,13,0.0
2003,15.191986138320747,14,11,0.0
2004,25.700823487603287,15,10,0.0
2005,-16.854171371321428,11,14,0.0
2006,45.567958790945504,17,8,0.0
2007,24.954045293119393,15,10,0.0
2008,5.653109468116535,13,12,0.0
2009,14.761137307998077,14,11,0.0
2010,-5.9115659686565,12,13,0.0
2011,25.817972011291836,15,10,0.0
2012,15.089323137395919,14,11,0.0
2013,5.298749471535563,13,12,0.0
2014,24.814997518017094,15,10,0.0
2015,15.949389503025772,14,11,0.0
2016,4.797424764374547,13,12,0.0
2017,-5.042672821854502,12,13,0.0
2018,36.03600634047146,16,9,0.0
2019,25.34448359731075,15,10,0.0
2020,36.306541698753804,16,9,0.0
2021,15.741086099864235,14,11,0.0
2022,35.168108815979444,16,9,0.0
2023,26.445849365749954,15,10,0.0
2024,24.618239471728025,15,10,0.0
2025,25.257818007494194,15,10,0.0
2026,-4.993729767458328,12,13,0.0
2027,25.342268128254887,15,10,0.0
2028,5.081546109954203,13,12,0.0
2029,15.163791729905714,14,11,0.0
2030,5.1225533443755875,13,12,0.0
2031,24.404797115079553,15,10,0.0
2032,-4.6343009489013625,12,13,0.0
2033,25.369738245889387,15,10,0.0
2034,14.833375889548115,14,11,0.0
2035,14.358586846391727,14,11,0.0
2036,16.93524156290274,14,11,0.0
2037,14.78543158675088,14,11,0.0
2038,5.849872727342481,13,12,0.0
2039,14.860781460473353,14,11,0.0
2040,15.864706868069634,14,11,0.0
2041,15.80642596308578,14,11,0.0
2042,25.129972206654703,15,10,0.0
2043,4.177220733119398,13,12,0.0
2044,24.423974064995278,15,10,0.0
2045,15.519990255851928,14,11,0.0
2046,14.63832245273047,14,11,0.0
2047,5.166969686286424,13,12,0.0
2048,-5.8761552641911035,12,13,0.0
2049,4.889195678465562,13,12,0.0
2050,35.603845388318206,16,9,0.0
2051,15.12291421216225,14,11,0.0
2052,-6.046001584796132,12,13,0.0
2053,4.27295265774017,13,12,0.0
2054,4.711099301439839,13,12,0.0
2055,23.61251395210561,15,10,0.0
2056,13.726413696001684,14,11,0.0
2057,35.25733351947474,16,9,0.0
2058,3.310022611001571,13,12,0.0
2059,3.9269015445567437,13,12,0.0
2060,24.05328408582955,15,10,0.0
2061,13.85777825011079,14,11,0.0
2062,-4.797164767787923,12,13,0.0
2063,15.618970715326807,14,11,0.0
2064,25.51446208639942,15,10,0.0
2065,5.686305037627611,13,12,0.0
2066,-15.163627912868366,11,14,0.0
2067,25.509918838039845,15,10,0.0
2068,-4.689829672137385,12,13,0.0
2069,15.162274703218976,14,11,0.0
2070,15.42722360113616,14,11,0.0
2071,23.41698004586816,15,10,0.0
2072,5.650859250504984,13,12,0.0
2073,4.87840169773477,13,12,0.0
2074,15.226730052107747,14,11,0.0
2075,15.507441427234667,14,11,0.0
2076,-5.785565541718574,12,13,0.0
2077,16.166486706537313,14,11,0.0
2078,4.216984906488247,13,12,0.0
2079,15.210441638886557,14,11,0.0
2080,14.983782224723512,14,11,0.0
2081,14.706088394623036,14,11,0.0
2082,25.200737949081272,15,10,0.0
2083,-6.628861146223359,12,13,0.0
2084,4.628596062324901,13,12,0.0
2085,14.436897119663692,14,11,0.0
2086,5.140104562808434,13,12,0.0
2087,-15.456775567947219,11,14,0.0
2088,4.5382022498876875,13,12,0.0
2089,24.97585133373733,15,10,0.0
2090,15.272127510537095,14,11,0.0
2091,14.43127163890016,14,11,0.0
2092,26.00307997603116,15,10,0.0
2093,4.619970163582655,13,12,0.0
2094,24.78458301715902,15,10,0.0
2095,-16.38814329186187,11,14,0.0
2096,15.176653855742742,14,11,0.0
2097,4.518162805828416,13,12,0.0
2098,16.942207325194442,14,11,0.0
2099,-5.542865254765118,12,13,0.0
2100,35.61556314633746,16,9,0.0
2101,33.75932239036748,16,9,0.0
2102,13.179262680701985,14,11,0.0
2103,5.840120078563089,13,12,0.0
2104,4.645378688891936,13,12,0.0
2105,14.444208130209015,14,11,0.0
2106,16.801259895741527,14,11,0.0
2107,15.331784943480642,14,11,0.0
2108,14.89509648470048,14,11,0.0
2109,24.879020155404767,15,10,0.0
2110,15.23857229385508,14,11,0.0
2111,15.04207109010693,14,11,0.0
2112,4.651994364849813,13,12,0.0
2113,14.545033247124636,14,11,0.0
2114,4.5377918337250165,13,12,0.0
2115,26.35882846233929,15,10,0.0
2116,4.764849506653357,13,12,0.0
2117,35.26955702443895,16,9,0.0
2118,15.289797697632848,14,11,0.0
2119,15.562677285524199,14,11,0.0
2120,25.171139346587154,15,10,0.0
2121,14.480142465315076,14,11,0.0
2122,3.6037365393121146,13,12,0.0
2123,25.842470998971166,15,10,0.0
2124,-15.337790573206508,11,14,0.0
2125,24.95603394038801,15,10,0.0
2126,34.928963356759425,16,9,0.0
2127,13.441730995581146,14,11,0.0
2128,23.774042858445856,15,10,0.0
2129,2.693682326835246,13,12,0.0
2130,4.737746972866548,13,12,0.0
2131,13.94617088037186,14,11,0.0
2132,5.451198250249262,13,12,0.0
2133,14.17159321652491,14,11,0.0
2134,-5.728712687396865,12,13,0.0
2135,23.134523095358333,15,10,0.0
2136,4.767432725664488,13,12,0.0
2137,24.731975673099644,15,10,0.0
2138,14.466452655433683,14,11,0.0
2139,23.46188510669499,15,10,0.0
2140,35.29301743867523,16,9,0.0
2141,23.64923353024487,15,10,0.0
2142,13.776434753666543,14,11,0.0
2143,13.94666933106656,14,11,0.0
2144,25.424938768924058,15,10,0.0
2145,13.566577739416935,14,11,0.0
2146,33.74946864558351,16,9,0.0
2147,24.61654150635311,15,10,0.0
2148,35.21732139508481,16,9,0.0
2149,14.811754307670592,14,11,0.0
2150,4.2837596120473265,13,12,0.0
2151,4.285328339719372,13,12,0.0
2152,15.131624915674967,14,11,0.0
2153,4.456608671007039,13,12,0.0
2154,14.073680037610673,14,11,0.0
2155,14.158128740118169,14,11,0.0
2156,14.228607532999527,14,11,0.0
2157,13.94792431641255,14,11,0.0
2158,4.762482321177885,13,12,0.0
2159,13.35253702631699,14,11,0.0
2160,24.15047073522341,15,10,0.0
2161,24.241118436907307,15,10,0.0
2162,34.99664232648322,16,9,0.0
2163,-16.978131642373484,11,14,0.0
2164,15.758555013067813,14,11,0.0
2165,35.51549532993307,16,9,0.0
2166,13.51414050630009,14,11,0.0
2167,24.77566431818703,15,10,0.0
2168,34.358227046712926,16,9,0.0
2169,24.038135142168585,15,10,0.0
2170,15.806298622014474,14,11,0.0
2171,5.162644567590627,13,12,0.0
2172,14.014117776604834,14,11,0.0
2173,25.202421086559678,15,10,0.0
2174,24.797780831314007,15,10,0.0
2175,14.567636781127595,14,11,0.0
2176,14.94112338983758,14,11,0.0
2177,4.795742416167155,13,12,0.0
2178,35.6565747152079,16,9,0.0
2179,24.218890318713914,15,10,0.0
2180,25.877890025405733,15,10,0.0
2181,34.05827258671626,16,9,0.0
2182,14.326747734051041,14,11,0.0
2183,24.732333960727637,15,10,0.0
2184,13.87798546660628,14,11,0.0
2185,14.282929795555352,14,11,0.0
2186,4.260416630397491,13,12,0.0
2187,-16.287771039334494,11,14,0.0
2188,13.415828840224673,14,11,0.0
2189,12.629730820690437,14,11,0.0
2190,-5.534557010823908,12,13,0.0
2191,14.638411753732882,14,11,0.0
2192,24.85955882947107,15,10,0.0
2193,4.936144018719744,13,12,0.0
2194,-6.009057315003066,12,13,0.0
2195,-25.379884080366455,10,15,0.0
2196,4.564694481468228,13,12,0.0
2197,-5.095022727416712,12,13,0.0
2198,3.9881202459389824,13,12,0.0
2199,24.719176817342444,15,10,0.0
2200,25.75437710346684,15,10,0.0
2201,-4.957084283724282,12,13,0.0
2202,24.41218883310497,15,10,0.0
2203,35.68769384902699,16,9,0.0
2204,24.648992698818233,15,10,0.0
2205,14.58441880583573,14,11,0.0
2206,25.612473253905677,15,10,0.0
2207,24.680317687661827,15,10,0.0
2208,14.7231668143437,14,11,0.0
2209,14.097171160552719,14,11,0.0
2210,23.673572431350124,15,10,0.0
2211,14.922154677509612,14,11,0.0
2212,4.390929464148872,13,12,0.0
2213,-15.874549553146508,11,14,0.0
2214,34.66856502184544,16,9,0.0
2215,13.656507271108385,14,11,0.0
2216,25.007777585838326,15,10,0.0
2217,14.856903417139318,14,11,0.0
2218,25.056263407240642,15,10,0.0
2219,33.63172495654118,16,9,0.0
2220,25.441991281800853,15,10,0.0
2221,14.389750706985986,14,11,0.0
2222,24.648799675993814,15,10,0.0
2223,15.029514952815662,14,11,0.0
2224,24.21855356177574,15,10,0.0
2225,14.09817730216329,14,11,0.0
2226,14.605576734238953,14,11,0.0
2227,15.897910455633337,14,11,0.0
2228,15.071456048324798,14,11,0.0
2229,5.204802642326424,13,12,0.0
2230,15.589756295068595,14,11,0.0
2231,4.3306694691631975,13,12,0.0
2232,4.649922871176003,13,12,0.0
2233,13.342834301534038,14,11,0.0
2234,13.63327028257181,14,11,0.0
2235,15.348939107502591,14,11,0.0
2236,25.133806344380467,15,10,0.0
2237,35.33495106076162,16,9,0.0
2238,23.313491873120114,15,10,0.0
2239,25.1645998708606,15,10,0.0
2240,13.802092239544118,14,11,0.0
2241,24.35174867303012,15,10,0.0
2242,2.866752974069178,13,12,0.0
2243,25.26408579694676,15,10,0.0
2244,24.290142629699286,15,10,0.0
2245,14.926216111380228,14,11,0.0
2246,46.16983113419766,17,8,0.0
2247,34.55741113899281,16,9,0.0
2248,23.3090451603144,15,10,0.0
2249,24.60749064390575,15,10,0.0
2250,34.75553844509319,16,9,0.0
2251,24.920149013503526,15,10,0.0
2252,25.161204299324936,15,10,0.0
2253,5.1444395292103415,13,12,0.0
2254,14.658606546235474,14,11,0.0
2255,14.487408633698879,14,11,0.0
2256,16.149583868473954,14,11,0.0
2257,14.599367151871423,14,11,0.0
2258,35.65641644451301,16,9,0.0
2259,14.121798599201137,14,11,0.0
2260,5.8337183671646935,13,12,0.0
2261,-5.200321891795215,12,13,0.0
2262,15.054306998701701,14,11,0.0
2263,35.299406643199845,16,9,0.0
2264,36.43835583797063,16,9,0.0
2265,15.168615601802312,14,11,0.0
2266,35.28366410516347,16,9,0.0
2267,-5.507956782740341,12,13,0.0
2268,4.26945368193586,13,12,0.0
2269,15.281238749085803,14,11,0.0
2270,14.736081117160422,14,11,0.0
2271,15.018320979271556,14,11,0.0
2272,35.507584446841314,16,9,0.0
2273,25.66553103911132,15,10,0.0
2274,25.515732116585202,15,10,0.0
2275,34.86416334908937,16,9,0.0
2276,44.8153741978268,17,8,0.0
2277,24.277327611043518,15,10,0.0
2278,13.660770918724733,14,11,0.0
2279,25.847541256120596,15,10,0.0
2280,24.240100727407068,15,10,0.0
2281,4.931624303919243,13,12,0.0
2282,14.57925473874796,14,11,0.0
2283,34.24418850196866,16,9,0.0
2284,14.737063575141729,14,11,0.0
2285,14.243045016247873,14,11,0.0
2286,4.847181202236577,13,12,0.0
2287,24.953242268210413,15,10,0.0
2288,4.525498513726724,13,12,0.0
2289,23.669397030603506,15,10,0.0
2290,3.6289708605951265,13,12,0.0
2291,24.055128891318915,15,10,0.0
2292,15.206705076040373,14,11,0.0
2293,13.773227363988049,14,11,0.0
2294,3.7567963469671453,13,12,0.0
2295,5.476578141251134,13,12,0.0
2296,15.40737102871139,14,11,0.0
2297,15.344347881471393,14,11,0.0
2298,24.61031577332035,15,10,0.0
2299,25.718861418647933,15,10,0.0
2300,24.643998649172786,15,10,0.0
2301,5.381755707053448,13,12,0.0
2302,14.766859419756969,14,11,0.0
2303,26.074378198129672,15,10,0.0
2304,14.054818319165697,14,11,0.0
2305,14.155465066415815,14,11,0.0
2306,23.70074768162006,15,10,0.0
2307,14.909773234587416,14,11,0.0
2308,24.754970336338086,15,10,0.0
2309,23.657741381307897,15,10,0.0
2310,34.8103496454908,16,9,0.0
2311,3.3224098211772404,13,12,0.0
2312,15.36891379411173,14,11,0.0
2313,13.36493949400135,14,11,0.0
2314,25.6986444241847,15,10,0.0
2315,34.86145451299375,16,9,0.0
2316,15.084431443992292,14,11,0.0
2317,14.768008740544957,14,11,0.0
2318,25.030030048015423,15,10,0.0
2319,24.466893077742885,15,10,0.0
2320,3.1179084359188582,13,12,0.0
2321,15.67931290798942,14,11,0.0
2322,14.216525684738357,14,11,0.0
2323,23.55304692780097,15,10,0.0
2324,15.257022426578633,14,11,0.0
2325,13.865747686505582,14,11,0.0
2326,14.579593571594826,14,11,0.0
2327,-6.30024852864411,12,13,0.0
2328,15.145548526853956,14,11,0.0
2329,4.162407058054322,13,12,0.0
2330,25.352060134165928,15,10,0.0
2331,4.354444130839461,13,12,0.0
2332,24.196335615661265,15,10,0.0
2333,33.475566272048624,16,9,0.0
2334,35.1915878912401,16,9,0.0
2335,25.569496851832508,15,10,0.0
2336,23.51924413923866,15,10,0.0
2337,35.70629363480731,16,9,0.0
2338,16.199108741946155,14,11,0.0
2339,14.755762253917062,14,11,0.0
2340,14.339801165872696,14,11,0.0
2341,14.717325146660444,14,11,0.0
2342,15.02462048731606,14,11,0.0
2343,35.08236523347763,16,9,0.0
2344,4.155234788744963,13,12,0.0
2345,15.205236352475712,14,11,0.0
2346,24.696093755235232,15,10,0.0
2347,4.903362651500839,13,12,0.0
2348,45.818679101207536,17,8,0.0
2349,45.12926293930883,17,8,0.0
2350,34.978982286728275,16,9,0.0
2351,24.708867893449412,15,10,0.0
2352,23.366558112325677,15,10,0.0
2353,34.373915097042904,16,9,0.0
2354,25.70900435051498,15,10,0.0
2355,24.793029865671954,15,10,0.0
2356,34.771968876153906,16,9,0.0
2357,24.145466353553235,15,10,0.0
2358,4.222267288556237,13,12,0.0
2359,25.03245187858417,15,10,0.0
2360,14.857538295118168,14,11,0.0
2361,24.58261090182285,15,10,0.0
2362,15.377474894291709,14,11,0.0
2363,3.7569752658122173,13,12,0.0
2364,34.78687799119197,16,9,0.0
2365,14.389154437260391,14,11,0.0
2366,15.284064081469149,14,11,0.0
2367,14.783281497690725,14,11,0.0
2368,13.798347795325844,14,11,0.0
2369,16.0131747780428,14,11,0.0
2370,24.74596089718944,15,10,0.0
2371,24.624330268024636,15,10,0.0
2372,13.707893217162558,14,11,0.0
2373,24.876827713687256,15,10,0.0
2374,14.594691030439481,14,11,0.0
2375,23.40149682237523,15,10,0.0
2376,14.23820945763008,14,11,0.0
2377,24.484138091044745,15,10,0.0
2378,14.541660609069986,14,11,0.0
2379,24.98831334447238,15,10,0.0
2380,4.881144830160618,13,12,0.0
2381,24.75288794810364,15,10,0.0
2382,35.29962995407041,16,9,0.0
2383,26.19589008917907,15,10,0.0
2384,24.85614062694253,15,10,0.0
2385,13.845923121100858,14,11,0.0
2386,44.68237671979927,17,8,0.0
2387,13.757185137291305,14,11,0.0
2388,-5.537723341904556,12,13,0.0
2389,34.2276853467518,16,9,0.0
2390,14.718879496224918,14,11,0.0
2391,15.41805093787724,14,11,0.0
2392,4.384799638961084,13,12,0.0
2393,24.692113241252233,15,10,0.0
2394,13.837378845584578,14,11,0.0
2395,44.81412387230724,17,8,0.0
2396,35.616131572759556,16,9,0.0
2397,24.191960417703893,15,10,0.0
2398,26.150601883474586,15,10,0.0
2399,14.852453584138676,14,11,0.0
2400,34.8885604927354,16,9,0.0
2401,34.75355059293548,16,9,0.0
2402,24.41186605842054,15,10,0.0
2403,-15.997511904632677,11,14,0.0
2404,24.91889851844215,15,10,0.0
2405,14.479780731985805,14,11,0.0
2406,13.97607669780848,14,11,0.0
2407,23.38543359983666,15,10,0.0
2408,14.24606797563767,14,11,0.0
2409,25.40960104857521,15,10,0.0
2410,14.482100756180943,14,11,0.0
2411,34.38872091636951,16,9,0.0
2412,35.2007982835039,16,9,0.0
2413,4.880850802432498,13,12,0.0
2414,25.842317367589626,15,10,0.0
2415,25.385237474252946,15,10,0.0
2416,26.173881965623682,15,10,0.0
2417,34.45050436303649,16,9,0.0
2418,35.93290392398919,16,9,0.0
2419,24.115626199716505,15,10,0.0
2420,25.379647523772267,15,10,0.0
2421,2.741190703113576,13,12,0.0
2422,23.62589047956928,15,10,0.0
2423,45.86639320346639,17,8,0.0
2424,-6.128236134621803,12,13,0.0
2425,5.407286580345138,13,12,0.0
2426,13.510510013807188,14,11,0.0
2427,13.56838302468439,14,11,0.0
2428,15.338890762670557,14,11,0.0
2429,25.539118337387578,15,10,0.0
2430,35.35703759298121,16,9,0.0
2431,33.59198037300006,16,9,0.0
2432,4.833314468901448,13,12,0.0
2433,24.490141647635447,15,10,0.0
2434,35.40313192070174,16,9,0.0
2435,44.95666678931826,17,8,0.0
2436,25.32334264000471,15,10,0.0
2437,23.840017916525312,15,10,0.0
2438,4.05892842410133,13,12,0.0
2439,15.000553106844647,14,11,0.0
2440,14.725869591956918,14,11,0.0
2441,34.4862293246959,16,9,0.0
2442,15.179973019200379,14,11,0.0
2443,4.7477359878266885,13,12,0.0
2444,34.6761442880597,16,9,0.0
2445,35.398387147793805,16,9,0.0
2446,25.789388400406867,15,10,0.0
2447,13.57247779957579,14,11,0.0
2448,34.43579994006802,16,9,0.0
2449,25.015814569251294,15,10,0.0
2450,23.559796892952424,15,10,0.0
2451,34.87372587901116,16,9,0.0
2452,34.30887021371896,16,9,0.0
2453,35.4738644399184,16,9,0.0
2454,24.874667402485766,15,10,0.0
2455,16.019270222796273,14,11,0.0
2456,36.23618216124197,16,9,0.0
2457,15.021290499306899,14,11,0.0
2458,14.066653433812974,14,11,0.0
2459,14.65204945034015,14,11,0.0
2460,14.236833155413404,14,11,0.0
2461,23.839914219516018,15,10,0.0
2462,-15.866315695858052,11,14,0.0
2463,24.651117168997132,15,10,0.0
2464,23.565388626604385,15,10,0.0
2465,24.764163931961672,15,10,0.0
2466,5.276791250482651,13,12,0.0
2467,-5.235752070753989,12,13,0.0
2468,44.44215265007717,17,8,0.0
2469,4.373095315943633,13,12,0.0
2470,45.24976304937591,17,8,0.0
2471,-6.728311647381741,12,13,0.0
2472,4.157058220107457,13,12,0.0
2473,-6.1789710161392675,12,13,0.0
2474,-4.858306496556025,12,13,0.0
2475,24.121590995558545,15,10,0.0
2476,23.971898899516752,15,10,0.0
2477,33.983353939961866,16,9,0.0
2478,35.67347907118782,16,9,0.0
2479,13.86189390259994,14,11,0.0
2480,4.277653763092295,13,12,0.0
2481,34.45979373437721,16,9,0.0
2482,33.201836224623726,16,9,0.0
2483,24.31189245355427,15,10,0.0
2484,46.440652254339895,17,8,0.0
2485,25.47811787056162,15,10,0.0
2486,23.845136858234447,15,10,0.0
2487,14.346838599241307,14,11,0.0
2488,24.773659340152424,15,10,0.0
2489,24.258086104261373,15,10,0.0
2490,24.766566148543212,15,10,0.0
2491,34.19618444434032,16,9,0.0
2492,14.281010021018632,14,11,0.0
2493,35.425753895491965,16,9,0.0
2494,45.70591614601039,17,8,0.0
2495,14.044285896410116,14,11,0.0
2496,14.807027961737239,14,11,0.0
2497,15.150595089682414,14,11,0.0
2498,14.404683988522734,14,11,0.0
2499,25.110614017090597,15,10,0.0
2500,25.85467755532742,15,10,0.0
2501,24.747782745658842,15,10,0.0
2502,15.1060745109186,14,11,0.0
2503,24.89603789274966,15,10,0.0
2504,15.422144781549378,14,11,0.0
2505,15.371284659675455,14,11,0.0
2506,34.87534786803977,16,9,0.0
2507,35.02069359376807,16,9,0.0
2508,23.889486579501863,15,10,0.0
2509,24.2729215561913,15,10,0.0
2510,16.582340524720543,14,11,0.0
2511,33.08685439600708,16,9,0.0
2512,3.6017756290763527,13,12,0.0
2513,24.614250356912464,15,10,0.0
2514,34.34613230103361,16,9,0.0
2515,24.255223625106474,15,10,0.0
2516,33.99919117331872,16,9,0.0
2517,34.831679444428765,16,9,0.0
2518,23.998880860339423,15,10,0.0
2519,13.376279589168039,14,11,0.0
2520,14.52536196601498,14,11,0.0
2521,36.009180060998524,16,9,0.0
2522,14.221792395473818,14,11,0.0
2523,13.780711110207896,14,11,0.0
2524,34.62065707641779,16,9,0.0
2525,15.143005422193571,14,11,0.0
2526,45.59418164471081,17,8,0.0
2527,24.86938230456434,15,10,0.0
2528,33.952488978209196,16,9,0.0
2529,24.96471132664467,15,10,0.0
2530,24.251838224952014,15,10,0.0
2531,25.424548342818532,15,10,0.0
2532,23.40229642068248,15,10,0.0
2533,5.522128448160595,13,12,0.0
2534,22.449152990240577,15,10,0.0
2535,34.93667295224858,16,9,0.0
2536,12.239340398156902,14,11,0.0
2537,34.00359235829987,16,9,0.0
2538,34.167833671130325,16,9,0.0
2539,34.64454929893863,16,9,0.0
2540,34.954180347863364,16,9,0.0
2541,34.2883278175288,16,9,0.0
2542,4.76949349200113,13,12,0.0
2543,13.737397684192107,14,11,0.0
2544,45.8347925984869,17,8,0.0
2545,46.0759878068071,17,8,0.0
2546,45.48970781553485,17,8,0.0
2547,24.707657382746216,15,10,0.0
2548,45.12991377432321,17,8,0.0
2549,14.120939973264374,14,11,0.0
2550,15.095204461527207,14,11,0.0
2551,24.86831444447597,15,10,0.0
2552,14.229668134275208,14,11,0.0
2553,34.40609499127847,16,9,0.0
2554,24.168750102767063,15,10,0.0
2555,24.968063807316657,15,10,0.0
2556,3.939110359120479,13,12,0.0
2557,24.839169188913615,15,10,0.0
2558,24.54284249466201,15,10,0.0
2559,46.891451583165164,17,8,0.0
2560,3.621342829080861,13,12,0.0
2561,23.218289956677562,15,10,0.0
2562,35.03621093553002,16,9,0.0
2563,34.70548593514352,16,9,0.0
2564,14.145694640343276,14,11,0.0
2565,45.20468636193947,17,8,0.0
2566,14.296754319830967,14,11,0.0
2567,15.17437507196819,14,11,0.0
2568,14.656357267461132,14,11,0.0
2569,16.057830236884357,14,11,0.0
2570,25.869215379263384,15,10,0.0
2571,34.9183851112982,16,9,0.0
2572,33.857098794391796,16,9,0.0
2573,26.487868415623637,15,10,0.0
2574,24.591763582940168,15,10,0.0
2575,24.99896405090289,15,10,0.0
2576,45.02457664810282,17,8,0.0
2577,25.7133342837353,15,10,0.0
2578,14.633807851742807,14,11,0.0
2579,36.029563566632206,16,9,0.0
2580,25.780352870535918,15,10,0.0
2581,13.561145518876721,14,11,0.0
2582,23.541737243749935,15,10,0.0
2583,24.86934285230796,15,10,0.0
2584,24.41698474379997,15,10,0.0
2585,4.690330647285645,13,12,0.0
2586,35.511710590673104,16,9,0.0
2587,35.49437117851381,16,9,0.0
2588,25.227499892396573,15,10,0.0
2589,23.94018562990809,15,10,0.0
2590,34.46837490476952,16,9,0.0
2591,24.94003283634259,15,10,0.0
2592,34.239410438497906,16,9,0.0
2593,24.795133336869274,15,10,0.0
2594,34.66714574074106,16,9,0.0
2595,24.896464075481852,15,10,0.0
2596,35.28189434941298,16,9,0.0
2597,45.79416213117299,17,8,0.0
2598,15.064047718600994,14,11,0.0
2599,15.622094543134772,14,11,0.0
2600,14.965541175186935,14,11,0.0
2601,25.95203120246961,15,10,0.0
2602,34.74758347735567,16,9,0.0
2603,-5.428253845341752,12,13,0.0
2604,24.420099571873664,15,10,0.0
2605,24.811262234233673,15,10,0.0
2606,36.22366761046981,16,9,0.0
2607,24.701328461906108,15,10,0.0
2608,25.42350988453639,15,10,0.0
2609,25.526339205861177,15,10,0.0
2610,15.838330357070891,14,11,0.0
2611,15.984717868302772,14,11,0.0
2612,34.36210942555726,16,9,0.0
2613,24.865836954224932,15,10,0.0
2614,25.0898117590635,15,10,0.0
2615,34.79127550323531,16,9,0.0
2616,14.952617393860722,14,11,0.0
2617,24.992134384610953,15,10,0.0
2618,3.641463373898781,13,12,0.0
2619,25.575746146033456,15,10,0.0
2620,25.111126404950845,15,10,0.0
2621,24.01144896257037,15,10,0.0
2622,24.583922008614376,15,10,0.0
2623,23.535817566085402,15,10,0.0
2624,34.620813584473844,16,9,0.0
2625,23.759466958336517,15,10,0.0
2626,34.55233784070348,16,9,0.0
2627,34.01095569165685,16,9,0.0
2628,15.589759723132378,14,11,0.0
2629,35.525937643222335,16,9,0.0
2630,24.93568168829116,15,10,0.0
2631,14.13989587399838,14,11,0.0
2632,14.447415945613773,14,11,0.0
2633,16.361878187359565,14,11,0.0
2634,23.828154590619434,15,10,0.0
2635,25.364987585368254,15,10,0.0
2636,25.68945280157606,15,10,0.0
2637,25.457015362762945,15,10,0.0
2638,34.21830372665643,16,9,0.0
2639,24.59249910756801,15,10,0.0
2640,4.793701368985695,13,12,0.0
2641,23.16372295959835,15,10,0.0
2642,34.94596960377442,16,9,0.0
2643,24.657312654758552,15,10,0.0
2644,24.67979607139076,15,10,0.0
2645,33.534751485727654,16,9,0.0
2646,23.78053929613928,15,10,0.0
2647,25.221584489209768,15,10,0.0
2648,35.11131784795885,16,9,0.0
2649,23.993270933774177,15,10,0.0
2650,14.89778469747186,14,11,0.0
2651,34.76140145409424,16,9,0.0
2652,13.805681614091352,14,11,0.0
2653,14.83393370449716,14,11,0.0
2654,46.280472733910315,17,8,0.0
2655,24.824933097455244,15,10,0.0
2656,35.52312721206362,16,9,0.0
2657,14.589533702613764,14,11,0.0
2658,26.732861423045378,15,10,0.0
2659,3.1852860556283034,13,12,0.0
2660,13.322532252665717,14,11,0.0
2661,15.29280003953135,14,11,0.0
2662,24.909864170971534,15,10,0.0
2663,16.092008898784115,14,11,0.0
2664,35.38562799580383,16,9,0.0
2665,24.558843983392872,15,10,0.0
2666,33.56424097673397,16,9,0.0
2667,36.1445176439285,16,9,0.0
2668,34.924372682469325,16,9,0.0
2669,25.40173981595237,15,10,0.0
2670,24.449649535154563,15,10,0.0
2671,25.203649761627005,15,10,0.0
2672,13.886941384405862,14,11,0.0
2673,24.773910784667883,15,10,0.0
2674,24.034455281667455,15,10,0.0
2675,35.25355959036379,16,9,0.0
2676,35.76030270488251,16,9,0.0
2677,35.569783041505985,16,9,0.0
2678,14.57913101220183,14,11,0.0
2679,33.914198828268795,16,9,0.0
2680,25.890906122822262,15,10,0.0
2681,15.148229199562588,14,11,0.0
2682,35.50791657528624,16,9,0.0
2683,15.167953458526487,14,11,0.0
2684,24.884779825632613,15,10,0.0
2685,35.067912564623214,16,9,0.0
2686,34.08287893300019,16,9,0.0
2687,12.825283137819081,14,11,0.0
2688,35.49755648917773,16,9,0.0
2689,14.975539689031791,14,11,0.0
2690,14.82892763983657,14,11,0.0
2691,15.04872042962543,14,11,0.0
2692,24.141237249276806,15,10,0.0
2693,36.52981828647991,16,9,0.0
2694,25.105990665742958,15,10,0.0
2695,3.7718037168772844,13,12,0.0
2696,24.3340264392809,15,10,0.0
2697,5.718526673719067,13,12,0.0
2698,4.344424972165021,13,12,0.0
2699,25.026901816805037,15,10,0.0
2700,23.534316207113854,15,10,0.0
2701,12.947146975382644,14,11,0.0
2702,14.38025937180704,14,11,0.0
2703,45.051312777357175,17,8,0.0
2704,24.868823315635954,15,10,0.0
2705,34.06104936751122,16,9,0.0
2706,45.25418077794542,17,8,0.0
2707,26.016362787177304,15,10,0.0
2708,25.560315272610893,15,10,0.0
2709,25.21610069472805,15,10,0.0
2710,14.92909691728381,14,11,0.0
2711,34.48173844141939,16,9,0.0
2712,24.135340083406756,15,10,0.0
2713,15.0993396472518,14,11,0.0
2714,23.375777827736428,15,10,0.0
2715,12.821052354679415,14,11,0.0
2716,34.40614220956752,16,9,0.0
2717,12.840191110842628,14,11,0.0
2718,24.818970951846016,15,10,0.0
2719,35.95648607128751,16,9,0.0
2720,3.754346151510175,13,12,0.0
2721,24.60462554238256,15,10,0.0
2722,13.98160220954873,14,11,0.0
2723,14.764981874334703,14,11,0.0
2724,24.687015832818176,15,10,0.0
2725,34.29210419891575,16,9,0.0
2726,25.394608073552384,15,10,0.0
2727,25.103336515526543,15,10,0.0
2728,33.166819737783435,16,9,0.0
2729,4.949628939447517,13,12,0.0
2730,15.303119224596921,14,11,0.0
2731,2.905749016004112,13,12,0.0
2732,35.37667546766735,16,9,0.0
2733,34.77925826749109,16,9,0.0
2734,23.895533313515102,15,10,0.0
2735,34.92547192670853,16,9,0.0
2736,23.84632184413914,15,10,0.0
2737,13.674875614340968,14,11,0.0
2738,25.141845871508906,15,10,0.0
2739,25.798380717919535,15,10,0.0
2740,13.801986191133496,14,11,0.0
2741,15.116368818200929,14,11,0.0
2742,24.68556060186789,15,10,0.0
2743,-7.142961642695678,12,13,0.0
2744,5.91936210555649,13,12,0.0
2745,14.307384571958286,14,11,0.0
2746,25.14408788645224,15,10,0.0
2747,25.587600752459295,15,10,0.0
2748,34.278079361600184,16,9,0.0
2749,34.88172282888983,16,9,0.0
2750,45.22544813388064,17,8,0.0
2751,24.360522300736456,15,10,0.0
2752,34.920543313377436,16,9,0.0
2753,24.379062313750524,15,10,0.0
2754,14.513538487527114,14,11,0.0
2755,43.90421360837515,17,8,0.0
2756,25.359124600306437,15,10,0.0
2757,35.28062873158309,16,9,0.0
2758,-7.101189050208617,12,13,0.0
2759,33.76547572139461,16,9,0.0
2760,23.835244265418094,15,10,0.0
2761,26.130886056617967,15,10,0.0
2762,13.499046845407149,14,11,0.0
2763,24.289091940615553,15,10,0.0
2764,35.472769672419325,16,9,0.0
2765,24.994017809635427,15,10,0.0
2766,34.88241432707091,16,9,0.0
2767,24.539726623431015,15,10,0.0
2768,34.82054460727834,16,9,0.0
2769,16.083909234670674,14,11,0.0
2770,24.063831934800668,15,10,0.0
2771,35.476834184531974,16,9,0.0
2772,14.522752991277361,14,11,0.0
2773,43.677772711410086,17,8,0.0
2774,34.92481626365047,16,9,0.0
2775,14.739712736336422,14,11,0.0
2776,24.89848610570894,15,10,0.0
2777,35.52534310478033,16,9,0.0
2778,14.576602545949747,14,11,0.0
2779,-6.483011768060317,12,13,0.0
2780,26.200758469756643,15,10,0.0
2781,5.606425185570703,13,12,0.0
2782,34.19591828692358,16,9,0.0
2783,45.16771928183329,17,8,0.0
2784,23.51375578366514,15,10,0.0
2785,35.29625895688155,16,9,0.0
2786,14.719086841283968,14,11,0.0
2787,13.554332125793998,14,11,0.0
2788,24.375669573841808,15,10,0.0
2789,36.21463280407625,16,9,0.0
2790,54.6184350913787,18,7,0.0
2791,14.280469589398457,14,11,0.0
2792,35.10027065812456,16,9,0.0
2793,13.484934460124862,14,11,0.0
2794,34.52929809440001,16,9,0.0
2795,24.724261823183916,15,10,0.0
2796,13.114331213199355,14,11,0.0
2797,34.84324246730282,16,9,0.0
2798,34.43697640289359,16,9,0.0
2799,15.292899312321268,14,11,0.0
2800,33.95148146155258,16,9,0.0
2801,34.68608105090943,16,9,0.0
2802,24.03944162754059,15,10,0.0
2803,25.357794136434627,15,10,0.0
2804,14.138784450487627,14,11,0.0
2805,35.42654132756923,16,9,0.0
2806,13.312955346590343,14,11,0.0
2807,4.339437033849074,13,12,0.0
2808,14.006129546925198,14,11,0.0
2809,24.52383349463674,15,10,0.0
2810,13.958495363144165,14,11,0.0
2811,34.95078201385445,16,9,0.0
2812,32.95713663082931,16,9,0.0
2813,33.2770611656747,16,9,0.0
2814,13.034778100223477,14,11,0.0
2815,24.09464066308447,15,10,0.0
2816,35.25064863961796,16,9,0.0
2817,45.41351431904822,17,8,0.0
2818,43.60736218748613,17,8,0.0
2819,-6.3066857431625865,12,13,0.0
2820,23.484766197561346,15,10,0.0
2821,35.210340217033014,16,9,0.0
2822,34.33085734105418,16,9,0.0
2823,36.22075164119347,16,9,0.0
2824,14.52001740851552,14,11,0.0
2825,25.211302743695526,15,10,0.0
2826,14.555304074054032,14,11,0.0
2827,35.64283849898207,16,9,0.0
2828,35.250320901063795,16,9,0.0
2829,24.06990759647104,15,10,0.0
2830,24.341443891904706,15,10,0.0
2831,24.948555284527664,15,10,0.0
2832,15.028408567497644,14,11,0.0
2833,24.072004733974573,15,10,0.0
2834,24.44765141280094,15,10,0.0
2835,25.941693664617702,15,10,0.0
2836,35.373877514333756,16,9,0.0
2837,23.86345716742801,15,10,0.0
2838,25.14892539856962,15,10,0.0
2839,24.05998229595244,15,10,0.0
2840,14.709701928810444,14,11,0.0
2841,35.72291057070515,16,9,0.0
2842,14.654379401139007,14,11,0.0
2843,23.31758012911227,15,10,0.0
2844,15.897920139234518,14,11,0.0
2845,-5.871615397066069,12,13,0.0
2846,-6.278628426104806,12,13,0.0
2847,24.451627784381216,15,10,0.0
2848,16.686855011991923,14,11,0.0
2849,4.4464182966018395,13,12,0.0
2850,34.60835357860532,16,9,0.0
2851,34.67724764042571,16,9,0.0
2852,24.708262305766375,15,10,0.0
2853,34.351636935815584,16,9,0.0
2854,26.403169904974682,15,10,0.0
2855,24.634059083254037,15,10,0.0
2856,34.478122138080465,16,9,0.0
2857,24.200961969691203,15,10,0.0
2858,24.305006546512335,15,10,0.0
2859,14.535807472392246,14,11,0.0
2860,33.969268927812905,16,9,0.0
2861,24.292820177133876,15,10,0.0
2862,3.6817034893282177,13,12,0.0
2863,-3.806422565513074,12,13,0.0
2864,15.290806377840344,14,11,0.0
2865,23.711060253052864,15,10,0.0
2866,24.228060381422942,15,10,0.0
2867,15.03575586630297,14,11,0.0
2868,35.25938086772783,16,9,0.0
2869,32.744431171095606,16,9,0.0
2870,14.917828210086245,14,11,0.0
2871,34.02757984027041,16,9,0.0
2872,33.526011281230545,16,9,0.0
2873,34.289844271249784,16,9,0.0
2874,24.618490658492853,15,10,0.0
2875,45.154954390311374,17,8,0.0
2876,34.44774441090734,16,9,0.0
2877,4.104333337355653,13,12,0.0
2878,34.06278229029614,16,9,0.0
2879,14.237364123762848,14,11,0.0
2880,14.665260854184506,14,11,0.0
2881,34.360609411313604,16,9,0.0
2882,23.04011618950053,15,10,0.0
2883,-6.337044878853195,12,13,0.0
2884,35.63811910008845,16,9,0.0
2885,34.96058558243374,16,9,0.0
2886,34.285616391692386,16,9,0.0
2887,34.9458727040916,16,9,0.0
2888,35.212426163659934,16,9,0.0
2889,3.3458043590782545,13,12,0.0
2890,44.26763572319541,17,8,0.0
2891,35.16618852375353,16,9,0.0
2892,36.56542646354628,16,9,0.0
2893,14.519739646546956,14,11,0.0
2894,24.01818448532674,15,10,0.0
2895,45.12130437383805,17,8,0.0
2896,25.607626357418244,15,10,0.0
2897,45.480800169642436,17,8,0.0
2898,35.30335422180649,16,9,0.0
2899,-6.05468078897071,12,13,0.0
2900,24.24923247740526,15,10,0.0
2901,23.857716720348378,15,10,0.0
2902,14.264987053853455,14,11,0.0
2903,25.039230644291397,15,10,0.0
2904,34.490975764497556,16,9,0.0
2905,35.92493400120197,16,9,0.0
2906,22.945262541841995,15,10,0.0
2907,35.01274175894801,16,9,0.0
2908,46.55733126301072,17,8,0.0
2909,4.87773421112251,13,12,0.0
2910,23.837792679689215,15,10,0.0
2911,-6.512602162644205,12,13,0.0
2912,34.332356281881076,16,9,0.0
2913,13.269623426198454,14,11,0.0
2914,22.968154736379436,15,10,0.0
2915,34.40259171342967,16,9,0.0
2916,3.2508591285106783,13,12,0.0
2917,35.116957031029834,16,9,0.0
2918,15.119419622282894,14,11,0.0
2919,34.25508765955634,16,9,0.0
2920,25.239116354837034,15,10,0.0
2921,36.30016679420726,16,9,0.0
2922,32.77351688874522,16,9,0.0
2923,44.850873243192325,17,8,0.0
2924,35.91391724581779,16,9,0.0
2925,34.94579940838927,16,9,0.0
2926,23.87664520477961,15,10,0.0
2927,34.80303648968952,16,9,0.0
2928,24.351852337901388,15,10,0.0
2929,44.89683393731807,17,8,0.0
2930,34.558848946312764,16,9,0.0
2931,14.180398995592197,14,11,0.0
2932,24.75285586306446,15,10,0.0
2933,23.371617836413293,15,10,0.0
2934,15.477231195845626,14,11,0.0
2935,46.26209855247916,17,8,0.0
2936,13.895255507064832,14,11,0.0
2937,26.056992262658497,15,10,0.0
2938,34.49779714288785,16,9,0.0
2939,33.74428187264207,16,9,0.0
2940,45.05905832663583,17,8,0.0
2941,35.81871661191865,16,9,0.0
2942,25.180148536143292,15,10,0.0
2943,14.469682869827976,14,11,0.0
2944,35.737210447154865,16,9,0.0
2945,3.657214750906718,13,12,0.0
2946,14.159555786867049,14,11,0.0
2947,24.766494040635205,15,10,0.0
2948,23.700833456685583,15,10,0.0
2949,36.12983394896209,16,9,0.0
2950,35.17675009434089,16,9,0.0
2951,45.14717898884917,17,8,0.0
2952,24.82053927667355,15,10,0.0
2953,35.35183853871487,16,9,0.0
2954,35.948349838576206,16,9,0.0
2955,34.462941237136654,16,9,0.0
2956,34.835261952796166,16,9,0.0
2957,24.16501867053393,15,10,0.0
2958,14.619615515531905,14,11,0.0
2959,34.064398860046154,16,9,0.0
2960,35.652129204094884,16,9,0.0
2961,13.708369416776621,14,11,0.0
2962,33.89413928684098,16,9,0.0
2963,13.3227390872953,14,11,0.0
2964,24.80071481055815,15,10,0.0
2965,34.5632025200438,16,9,0.0
2966,4.082242172977388,13,12,0.0
2967,25.84448250377562,15,10,0.0
2968,15.604661271559614,14,11,0.0
2969,34.809093835844024,16,9,0.0
2970,34.26672426724574,16,9,0.0
2971,33.987196514654016,16,9,0.0
2972,35.16665167388038,16,9,0.0
2973,45.573928736206675,17,8,0.0
2974,35.98430668655617,16,9,0.0
2975,14.456809258162616,14,11,0.0
2976,33.85281484545268,16,9,0.0
2977,25.032943215835147,15,10,0.0
2978,24.889520829591913,15,10,0.0
2979,33.45109744282453,16,9,0.0
2980,34.37331321723003,16,9,0.0
2981,43.31452751181196,17,8,0.0
2982,15.012768975769779,14,11,0.0
2983,25.449885136982623,15,10,0.0
2984,15.866235296794398,14,11,0.0
2985,34.97089516770844,16,9,0.0
2986,4.697627480566733,13,12,0.0
2987,24.255801373791705,15,10,0.0
2988,35.060163154934656,16,9,0.0
2989,23.475779103643482,15,10,0.0
2990,45.538635045850086,17,8,0.0
2991,24.227894396661938,15,10,0.0
2992,55.03148394241695,18,7,0.0
2993,34.9984620203505,16,9,0.0
2994,24.81929200083475,15,10,0.0
2995,14.116791555653194,14,11,0.0
2996,24.403617602258805,15,10,0.0
2997,23.462680600651048,15,10,0.0
2998,4.646013193919175,13,12,0.0
2999,43.42119833967218,17,8,0.0
3000,24.90728342972637,15,10,0.0
3001,36.4784167290093,16,9,0.0
3002,34.66655811794757,16,9,0.0
3003,14.155338512071417,14,11,0.0
3004,34.30413027873442,16,9,0.0
3005,34.977093364070086,16,9,0.0
3006,36.118127217743194,16,9,0.0
3007,24.3303193403277,15,10,0.0
3008,25.35556456223133,15,10,0.0
3009,45.35192095772847,17,8,0.0
3010,45.661707775251756,17,8,0.0
3011,3.963489194527263,13,12,0.0
3012,-6.3056143737839365,12,13,0.0
3013,45.689396921588646,17,8,0.0
3014,33.5708505383048,16,9,0.0
3015,34.9671982223679,16,9,0.0
3016,26.109944206096174,15,10,0.0
3017,34.157816643775746,16,9,0.0
3018,23.940849304075577,15,10,0.0
3019,24.73373980440387,15,10,0.0
3020,13.842262204499491,14,11,0.0
3021,24.125278074279397,15,10,0.0
3022,36.755034411243564,16,9,0.0
3023,23.43816967091298,15,10,0.0
3024,15.683895954763322,14,11,0.0
3025,24.253378990457257,15,10,0.0
3026,13.764437778102685,14,11,0.0
3027,34.2385067641545,16,9,0.0
3028,25.44208245179012,15,10,0.0
3029,35.101943647571346,16,9,0.0
3030,35.00331448742138,16,9,0.0
3031,23.940595972912895,15,10,0.0
3032,24.989639123539973,15,10,0.0
3033,25.08508002958224,15,10,0.0
3034,23.687966472989732,15,10,0.0
3035,34.85590615277181,16,9,0.0
3036,14.584575821827542,14,11,0.0
3037,35.89361461572359,16,9,0.0
3038,24.669231004362594,15,10,0.0
3039,14.315499690123069,14,11,0.0
3040,12.78261036292322,14,11,0.0
3041,34.56362261441274,16,9,0.0
3042,4.547448416373596,13,12,0.0
3043,14.68246112212455,14,11,0.0
3044,25.133411120966677,15,10,0.0
3045,24.00335966233498,15,10,0.0
3046,24.757312959841865,15,10,0.0
3047,33.78435466817183,16,9,0.0
3048,14.02093417443014,14,11,0.0
3049,34.10645831404982,16,9,0.0
3050,24.69623773152038,15,10,0.0
3051,4.509494295870494,13,12,0.0
3052,34.6370178550484,16,9,0.0
3053,46.277742048537284,17,8,0.0
3054,35.111043643281,16,9,0.0
3055,14.702468403512803,14,11,0.0
3056,16.348139645835968,14,11,0.0
3057,34.5282913473109,16,9,0.0
3058,46.37372597075107,17,8,0.0
3059,25.663922427477715,15,10,0.0
3060,24.62063087857087,15,10,0.0
3061,4.594102018185836,13,12,0.0
3062,24.123281752233957,15,10,0.0
3063,25.803609404356386,15,10,0.0
3064,46.33278707198564,17,8,0.0
3065,24.732833694376694,15,10,0.0
3066,34.960990224600586,16,9,0.0
3067,25.10978504494865,15,10,0.0
3068,25.09208144597623,15,10,0.0
3069,34.68344854989517,16,9,0.0
3070,23.84082557472937,15,10,0.0
3071,25.569833340831043,15,10,0.0
3072,14.986255958397368,14,11,0.0
3073,4.460070224251455,13,12,0.0
3074,44.48323391105037,17,8,0.0
3075,35.97800968031644,16,9,0.0
3076,16.26739449673462,14,11,0.0
3077,15.373059570968941,14,11,0.0
3078,35.790897340055366,16,9,0.0
3079,4.5415870583733335,13,12,0.0
3080,34.14133720712574,16,9,0.0
3081,25.268572614453035,15,10,0.0
3082,45.15529582583084,17,8,0.0
3083,24.76174501494328,15,10,0.0
3084,25.228891985303605,15,10,0.0
3085,34.01944959005175,16,9,0.0
3086,4.294155674425452,13,12,0.0
3087,14.814448328688597,14,11,0.0
3088,24.296237046716747,15,10,0.0
3089,35.47610654869736,16,9,0.0
3090,35.12470384574314,16,9,0.0
3091,23.037832834874997,15,10,0.0
3092,35.15007601345676,16,9,0.0
3093,35.55585821274838,16,9,0.0
3094,34.65277573560985,16,9,0.0
3095,25.096687475663266,15,10,0.0
3096,34.96939208947854,16,9,0.0
3097,14.109553731131685,14,11,0.0
3098,25.21137735770158,15,10,0.0
3099,24.25422371330155,15,10,0.0
3100,24.40374449933021,15,10,0.0
3101,35.815341515808555,16,9,0.0
3102,35.66891187850793,16,9,0.0
3103,27.021573140744295,15,10,0.0
3104,14.092853490053852,14,11,0.0
3105,25.435147230136895,15,10,0.0
3106,45.677265245206655,17,8,0.0
3107,44.33623623536218,17,8,0.0
3108,24.373578881492712,15,10,0.0
3109,25.38055001948355,15,10,0.0
3110,34.07635783956356,16,9,0.0
3111,23.475774674620673,15,10,0.0
3112,23.104762441227436,15,10,0.0
3113,13.838206884241014,14,11,0.0
3114,34.94646046248286,16,9,0.0
3115,25.161963838420476,15,10,0.0
3116,15.79358717709582,14,11,0.0
3117,15.616976868196533,14,11,0.0
3118,33.59255396824091,16,9,0.0
3119,26.799090467859536,15,10,0.0
3120,4.528956183636437,13,12,0.0
3121,14.865533730227597,14,11,0.0
3122,4.7269345843378066,13,12,0.0
3123,25.87209270205632,15,10,0.0
3124,4.357580111511609,13,12,0.0
3125,34.716605050279675,16,9,0.0
3126,-7.337374819246815,12,13,0.0
3127,26.148551490573265,15,10,0.0
3128,24.164471418752687,15,10,0.0
3129,35.33430932113075,16,9,0.0
3130,14.051577597830534,14,11,0.0
3131,24.33932992675137,15,10,0.0
3132,34.424198665274886,16,9,0.0
3133,4.769957939556798,13,12,0.0
3134,25.04273875446245,15,10,0.0
3135,5.422340073633974,13,12,0.0
3136,25.10721953977262,15,10,0.0
3137,15.679073988102397,14,11,0.0
3138,4.934115207532315,13,12,0.0
3139,14.233587398743678,14,11,0.0
3140,24.802762742315114,15,10,0.0
3141,34.502953604794854,16,9,0.0
3142,15.269562298425937,14,11,0.0
3143,14.861181697746261,14,11,0.0
3144,35.50329881806097,16,9,0.0
3145,25.021699121538045,15,10,0.0
3146,25.528963116241993,15,10,0.0
3147,13.701776350013882,14,11,0.0
3148,35.558011963176405,16,9,0.0
3149,15.956040995270456,14,11,0.0
3150,24.309331280196027,15,10,0.0
3151,35.478700272005035,16,9,0.0
3152,13.876460946782476,14,11,0.0
3153,14.60054459152639,14,11,0.0
3154,14.667238595174481,14,11,0.0
3155,26.370610206027163,15,10,0.0
3156,36.40860951815946,16,9,0.0
3157,34.30740615984357,16,9,0.0
3158,34.444136177492,16,9,0.0
3159,33.83868383368991,16,9,0.0
3160,45.29286046676716,17,8,0.0
3161,45.452632014434144,17,8,0.0
3162,24.80597300870518,15,10,0.0
3163,15.875792601800907,14,11,0.0
3164,34.4498688534102,16,9,0.0
3165,25.01369976001149,15,10,0.0
3166,44.344546140508214,17,8,0.0
3167,14.284533882066986,14,11,0.0
3168,14.479657983962273,14,11,0.0
3169,14.241770404328031,14,11,0.0
3170,36.44438457985839,16,9,0.0
3171,24.353065108074126,15,10,0.0
3172,24.596805214411226,15,10,0.0
3173,4.21507582725797,13,12,0.0
3174,26.143718947144535,15,10,0.0
3175,23.916150779433316,15,10,0.0
3176,44.03313603261913,17,8,0.0
3177,34.75750274558275,16,9,0.0
3178,35.59769892340559,16,9,0.0
3179,23.947923589247175,15,10,0.0
3180,25.23930855868172,15,10,0.0
3181,24.61466089108788,15,10,0.0
3182,34.56599123603566,16,9,0.0
3183,22.424623392212215,15,10,0.0
3184,45.06913238616178,17,8,0.0
3185,14.41413405217621,14,11,0.0
3186,14.482831144498105,14,11,0.0
3187,35.166645021112814,16,9,0.0
3188,24.69357482224332,15,10,0.0
3189,24.48023801885948,15,10,0.0
3190,15.61288522745155,14,11,0.0
3191,24.57041972904416,15,10,0.0
3192,4.768005255824683,13,12,0.0
3193,24.599779217389596,15,10,0.0
3194,25.244364152708293,15,10,0.0
3195,24.27675616791118,15,10,0.0
3196,34.914187624317684,16,9,0.0
3197,24.414572772786663,15,10,0.0
3198,15.296283343563275,14,11,0.0
3199,25.98096461441666,15,10,0.0
3200,25.010154201055222,15,10,0.0
3201,14.331924407680203,14,11,0.0
3202,23.11375696493577,15,10,0.0
3203,-6.28001398912039,12,13,0.0
3204,14.953923646604675,14,11,0.0
3205,24.897373028212424,15,10,0.0
3206,25.14965113447797,15,10,0.0
3207,45.10783134256315,17,8,0.0
3208,25.151188286740442,15,10,0.0
3209,15.136233038186264,14,11,0.0
3210,55.39682230828391,18,7,0.0
3211,36.01419247837743,16,9,0.0
3212,35.446360762504455,16,9,0.0
3213,15.707341931735337,14,11,0.0
3214,24.04270868522052,15,10,0.0
3215,35.84859567755719,16,9,0.0
3216,25.22210184256867,15,10,0.0
3217,25.142990173864256,15,10,0.0
3218,25.225850802240746,15,10,0.0
3219,14.910676603524205,14,11,0.0
3220,24.841264221902804,15,10,0.0
3221,24.592471870992107,15,10,0.0
3222,15.34442713146692,14,11,0.0
3223,34.654954024588406,16,9,0.0
3224,2.6985623895641524,13,12,0.0
3225,14.882930295633017,14,11,0.0
3226,45.56466279904209,17,8,0.0
3227,4.664551766632638,13,12,0.0
3228,5.379024798829381,13,12,0.0
3229,23.631860326149365,15,10,0.0
3230,24.514252280222035,15,10,0.0
3231,35.71111065860875,16,9,0.0
3232,24.63462809357524,15,10,0.0
3233,15.146704745018821,14,11,0.0
3234,35.342186434305795,16,9,0.0
3235,35.049864188616795,16,9,0.0
3236,45.96919765188982,17,8,0.0
3237,34.54178159325391,16,9,0.0
3238,24.115927166963605,15,10,0.0
3239,23.309011503781377,15,10,0.0
3240,24.26102096195284,15,10,0.0
3241,45.050932281350555,17,8,0.0
3242,34.64860957073734,16,9,0.0
3243,35.70864991603531,16,9,0.0
3244,35.81669706600736,16,9,0.0
3245,14.106362649545853,14,11,0.0
3246,24.90199893844788,15,10,0.0
3247,25.055126433674914,15,10,0.0
3248,25.571645784525327,15,10,0.0
3249,25.44579609535629,15,10,0.0
3250,14.286445498784508,14,11,0.0
3251,26.90953444823547,15,10,0.0
3252,35.00770712802529,16,9,0.0
3253,3.821271079809854,13,12,0.0
3254,34.366584906304894,16,9,0.0
3255,34.03932996470111,16,9,0.0
3256,34.644731271012965,16,9,0.0
3257,14.708285208234855,14,11,0.0
3258,46.30027045651647,17,8,0.0
3259,35.752309076975386,16,9,0.0
3260,35.7663934508568,16,9,0.0
3261,35.300304013290756,16,9,0.0
3262,35.960370269393906,16,9,0.0
3263,24.371563078326282,15,10,0.0
3264,34.241878194033156,16,9,0.0
3265,4.139745861502222,13,12,0.0
3266,34.87717328778304,16,9,0.0
3267,14.158317816149243,14,11,0.0
3268,13.803874273894625,14,11,0.0
3269,3.220065830571599,13,12,0.0
3270,23.693523396842963,15,10,0.0
3271,45.48876161030974,17,8,0.0
3272,34.25502632784415,16,9,0.0
3273,15.73960063518844,14,11,0.0
3274,15.136612037803351,14,11,0.0
3275,45.523251689471174,17,8,0.0
3276,24.12004826852396,15,10,0.0
3277,24.267372165636445,15,10,0.0
3278,24.005432464073166,15,10,0.0
3279,36.077326545566635,16,9,0.0
3280,34.85469958642116,16,9,0.0
3281,45.066245183898324,17,8,0.0
3282,5.058934211610992,13,12,0.0
3283,44.197028439692055,17,8,0.0
3284,35.62564066066164,16,9,0.0
3285,4.69195567078957,13,12,0.0
3286,24.429875199181755,15,10,0.0
3287,35.35381297686292,16,9,0.0
3288,25.20270617981351,15,10,0.0
3289,34.64454021014848,16,9,0.0
3290,14.349846254880813,14,11,0.0
3291,33.89857370442456,16,9,0.0
3292,15.534967715810666,14,11,0.0
3293,33.522927843101556,16,9,0.0
3294,35.11344839730093,16,9,0.0
3295,45.56328434607709,17,8,0.0
3296,23.205775344221905,15,10,0.0
3297,13.506616777049809,14,11,0.0
3298,35.7217852669558,16,9,0.0
3299,34.69839807803623,16,9,0.0
3300,23.43754081344683,15,10,0.0
3301,24.996605180503476,15,10,0.0
3302,23.039059898855736,15,10,0.0
3303,4.575714128633935,13,12,0.0
3304,34.555743442724975,16,9,0.0
3305,14.666862034909034,14,11,0.0
3306,24.520148487329543,15,10,0.0
3307,45.057490786058416,17,8,0.0
3308,34.804279683962825,16,9,0.0
3309,26.18485293701301,15,10,0.0
3310,23.79780999884956,15,10,0.0
3311,14.488119964496015,14,11,0.0
3312,-5.494632077055535,12,13,0.0
3313,26.067925062459754,15,10,0.0
3314,2.565581988672455,13,12,0.0
3315,24.439837562500035,15,10,0.0
3316,24.222922904103697,15,10,0.0
3317,25.04927911173887,15,10,0.0
3318,23.55120830598526,15,10,0.0
3319,-6.064087761116996,12,13,0.0
3320,35.531934415178256,16,9,0.0
3321,45.123646289233925,17,8,0.0
3322,3.5326786108301356,13,12,0.0
3323,24.80637389055682,15,10,0.0
3324,23.827726509929473,15,10,0.0
3325,34.894315620718245,16,9,0.0
3326,-6.40326161784509,12,13,0.0
3327,13.25567180723841,14,11,0.0
3328,35.984844813444674,16,9,0.0
3329,34.84544759187841,16,9,0.0
3330,35.702181372018785,16,9,0.0
3331,25.092081966126194,15,10,0.0
3332,2.2487965962519283,13,12,0.0
3333,35.30895021233852,16,9,0.0
3334,25.5926722593306,15,10,0.0
3335,24.72425630169913,15,10,0.0
3336,46.180263627841036,17,8,0.0
3337,14.249034463801273,14,11,0.0
3338,14.73956295143614,14,11,0.0
3339,25.756559554928337,15,10,0.0
3340,24.2165900129194,15,10,0.0
3341,34.2580983761484,16,9,0.0
3342,23.920543076300298,15,10,0.0
3343,24.642762014460235,15,10,0.0
3344,24.311944590386325,15,10,0.0
3345,15.174634278713329,14,11,0.0
3346,24.27629574468328,15,10,0.0
3347,23.53426964446566,15,10,0.0
3348,33.993297941291246,16,9,0.0
3349,36.20314870231972,16,9,0.0
3350,12.784283920268606,14,11,0.0
3351,24.47467953238678,15,10,0.0
3352,34.589438705571546,16,9,0.0
3353,24.242584385922804,15,10,0.0
3354,25.226432994356436,15,10,0.0
3355,44.68679402900986,17,8,0.0
3356,14.845670821778217,14,11,0.0
3357,25.982392128626195,15,10,0.0
3358,15.196328060841129,14,11,0.0
3359,35.94801856406744,16,9,0.0
3360,35.5168471509484,16,9,0.0
3361,23.787178076957005,15,10,0.0
3362,12.342769440194349,14,11,0.0
3363,45.82454441155755,17,8,0.0
3364,33.959023975316086,16,9,0.0
3365,35.83443606598382,16,9,0.0
3366,45.37001528843317,17,8,0.0
3367,25.22474913103378,15,10,0.0
3368,22.99740636350359,15,10,0.0
3369,24.347360515133214,15,10,0.0
3370,34.045980418633285,16,9,0.0
3371,15.212333797955617,14,11,0.0
3372,25.212280182565557,15,10,0.0
3373,14.534607807195531,14,11,0.0
3374,35.35007515884908,16,9,0.0
3375,26.92972381558065,15,10,0.0
3376,45.26718703347099,17,8,0.0
3377,35.58491719966225,16,9,0.0
3378,25.670642386921312,15,10,0.0
3379,24.24144925630516,15,10,0.0
3380,3.392182356068661,13,12,0.0
3381,3.6111975321721292,13,12,0.0
3382,46.743107054382904,17,8,0.0
3383,46.16836639442091,17,8,0.0
3384,34.497499188361026,16,9,0.0
3385,34.496022424228656,16,9,0.0
3386,15.607265960119651,14,11,0.0
3387,34.73145976349576,16,9,0.0
3388,45.86123704868978,17,8,0.0
3389,14.31405924239924,14,11,0.0
3390,25.007686995888662,15,10,0.0
3391,14.356760669086867,14,11,0.0
3392,36.671940537035105,16,9,0.0
3393,13.566810755085568,14,11,0.0
3394,23.78198526422475,15,10,0.0
3395,14.558855157118316,14,11,0.0
3396,45.214592550095105,17,8,0.0
3397,14.285774001624823,14,11,0.0
3398,24.355232090900977,15,10,0.0
3399,25.94838720172614,15,10,0.0
3400,3.602231436496016,13,12,0.0
3401,34.31989201034573,16,9,0.0
3402,23.42023023857239,15,10,0.0
3403,35.096359356437596,16,9,0.0
3404,34.51901741287365,16,9,0.0
3405,24.079438004670425,15,10,0.0
3406,24.89904736632964,15,10,0.0
3407,25.78329295177976,15,10,0.0
3408,46.52018591826524,17,8,0.0
3409,45.20048675133298,17,8,0.0
3410,14.531930825131479,14,11,0.0
3411,25.15213380754031,15,10,0.0
3412,45.38107031778524,17,8,0.0
3413,24.489942726685435,15,10,0.0
3414,22.64956492901041,15,10,0.0
3415,34.20927381880294,16,9,0.0
3416,44.223415086158354,17,8,0.0
3417,34.91907381466966,16,9,0.0
3418,44.06451541844995,17,8,0.0
3419,25.173016595147704,15,10,0.0
3420,24.93487334489486,15,10,0.0
3421,5.059979878499917,13,12,0.0
3422,25.927068938658152,15,10,0.0
3423,14.913845797478377,14,11,0.0
3424,25.50439999709732,15,10,0.0
3425,24.487859607847685,15,10,0.0
3426,23.750830469452666,15,10,0.0
3427,25.83532184523077,15,10,0.0
3428,16.75122298153379,14,11,0.0
3429,34.89729151374424,16,9,0.0
3430,3.8441648879843004,13,12,0.0
3431,14.318010448166312,14,11,0.0
3432,34.377116961258594,16,9,0.0
3433,25.37876819509892,15,10,0.0
3434,44.00987331336574,17,8,0.0
3435,15.437963641880478,14,11,0.0
3436,45.27620364140671,17,8,0.0
3437,34.41091755890035,16,9,0.0
3438,-5.171944963348346,12,13,0.0
3439,13.845453514082187,14,11,0.0
3440,23.92187163649922,15,10,0.0
3441,24.143723197571934,15,10,0.0
3442,24.395525404298,15,10,0.0
3443,33.104383698604956,16,9,0.0
3444,33.560410360134156,16,9,0.0
3445,15.115937475257947,14,11,0.0
3446,35.51709458925425,16,9,0.0
3447,34.51724452237489,16,9,0.0
3448,35.62046223858515,16,9,0.0
3449,24.387358977831255,15,10,0.0
3450,24.431649287812665,15,10,0.0
3451,25.425591636696858,15,10,0.0
3452,14.049303069625815,14,11,0.0
3453,4.6980023355965,13,12,0.0
3454,13.852947942921316,14,11,0.0
3455,34.57788765672255,16,9,0.0
3456,45.86885136246739,17,8,0.0
3457,34.184899572505074,16,9,0.0
3458,14.87080554766536,14,11,0.0
3459,24.683525775869704,15,10,0.0
3460,14.372257864539622,14,11,0.0
3461,24.034245172753415,15,10,0.0
3462,14.293363100225132,14,11,0.0
3463,25.667309319196573,15,10,0.0
3464,34.32226977208457,16,9,0.0
3465,34.88449517152004,16,9,0.0
3466,34.87480355222535,16,9,0.0
3467,44.70729610459979,17,8,0.0
3468,25.809906288334425,15,10,0.0
3469,37.039433981706836,16,9,0.0
3470,24.10010850394399,15,10,0.0
3471,25.207426366490186,15,10,0.0
3472,25.200975782183757,15,10,0.0
3473,16.13306935005436,14,11,0.0
3474,46.30138137595721,17,8,0.0
3475,25.43505815378073,15,10,0.0
3476,24.200402002982983,15,10,0.0
3477,25.5736398172152,15,10,0.0
3478,14.199187238210396,14,11,0.0
3479,24.718272419900032,15,10,0.0
3480,44.227497115432776,17,8,0.0
3481,24.771468747620606,15,10,0.0
3482,23.711724481199017,15,10,0.0
3483,24.833385699457097,15,10,0.0
3484,14.797287447004038,14,11,0.0
3485,24.249717303907214,15,10,0.0
3486,14.218164456749347,14,11,0.0
3487,24.077450736359427,15,10,0.0
3488,35.20870899229051,16,9,0.0
3489,25.912692369283388,15,10,0.0
3490,12.631853924211855,14,11,0.0
3491,46.650736625246516,17,8,0.0
3492,36.22079331387099,16,9,0.0
3493,26.258384601145412,15,10,0.0
3494,45.633868736212854,17,8,0.0
3495,25.028628016446177,15,10,0.0
3496,26.040596051087135,15,10,0.0
3497,25.501652652884353,15,10,0.0
3498,23.416005205738056,15,10,0.0
3499,25.94010846700907,15,10,0.0
3500,23.796963009048433,15,10,0.0
3501,33.08535676374495,16,9,0.0
3502,45.801887386950476,17,8,0.0
3503,24.913245662186924,15,10,0.0
3504,35.01128328145297,16,9,0.0
3505,14.109850580910189,14,11,0.0
3506,25.79541877451893,15,10,0.0
3507,4.761343733320688,13,12,0.0
3508,14.913782375019998,14,11,0.0
3509,25.039581808354583,15,10,0.0
3510,25.90870076102239,15,10,0.0
3511,33.471566856311966,16,9,0.0
3512,35.20623882593662,16,9,0.0
3513,34.52647221625048,16,9,0.0
3514,4.970584219038276,13,12,0.0
3515,33.44042023890819,16,9,0.0
3516,34.68113836274958,16,9,0.0
3517,24.155329828406046,15,10,0.0
3518,34.74172652880419,16,9,0.0
3519,24.8453654947941,15,10,0.0
3520,34.4915054786962,16,9,0.0
3521,33.91329046307306,16,9,0.0
3522,25.415146987007642,15,10,0.0
3523,24.367283890027377,15,10,0.0
3524,35.92226552274266,16,9,0.0
3525,-6.520981949622799,12,13,0.0
3526,34.30409198153428,16,9,0.0
3527,33.84630680945116,16,9,0.0
3528,24.76705739288918,15,10,0.0
3529,25.07699606569407,15,10,0.0
3530,35.05357521998063,16,9,0.0
3531,35.97913150827375,16,9,0.0
3532,-15.392777124021737,11,14,0.0
3533,35.12025052341371,16,9,0.0
3534,44.7214247112561,17,8,0.0
3535,3.636243425486434,13,12,0.0
3536,14.963274445625615,14,11,0.0
3537,4.059673477538766,13,12,0.0
3538,34.12729198915516,16,9,0.0
3539,25.510046875670845,15,10,0.0
3540,13.628454646358723,14,11,0.0
3541,14.577272384242416,14,11,0.0
3542,45.19287892635497,17,8,0.0
3543,24.9657529328904,15,10,0.0
3544,34.85879204667786,16,9,0.0
3545,24.821059930792252,15,10,0.0
3546,45.53088752888626,17,8,0.0
3547,24.998423079665134,15,10,0.0
3548,35.83650907806369,16,9,0.0
3549,35.03326621456303,16,9,0.0
3550,25.59862084895548,15,10,0.0
3551,24.28706005665209,15,10,0.0
3552,35.73725335013708,16,9,0.0
3553,46.066012151714794,17,8,0.0
3554,35.33494950228445,16,9,0.0
3555,34.91351764990469,16,9,0.0
3556,14.411144527257221,14,11,0.0
3557,35.60778700836972,16,9,0.0
3558,24.292809732887363,15,10,0.0
3559,13.566539329343072,14,11,0.0
3560,14.460359003407257,14,11,0.0
3561,26.17862520566083,15,10,0.0
3562,35.53613835474524,16,9,0.0
3563,45.125716024603435,17,8,0.0
3564,34.49779756503976,16,9,0.0
3565,35.420797391178226,16,9,0.0
3566,15.28821221421142,14,11,0.0
3567,35.388299297477126,16,9,0.0
3568,35.737603464332096,16,9,0.0
3569,34.33239883160775,16,9,0.0
3570,35.65869586175483,16,9,0.0
3571,25.076161202970795,15,10,0.0
3572,25.321422218661773,15,10,0.0
3573,24.71776020267005,15,10,0.0
3574,35.006874260245986,16,9,0.0
3575,35.64255296829484,16,9,0.0
3576,34.33117602352836,16,9,0.0
3577,34.261270478115016,16,9,0.0
3578,34.895561518421786,16,9,0.0
3579,33.799845732963895,16,9,0.0
3580,4.503394760358058,13,12,0.0
3581,24.819702620604772,15,10,0.0
3582,24.484536432473025,15,10,0.0
3583,35.126100003755184,16,9,0.0
3584,24.24752469695924,15,10,0.0
3585,24.92197349771832,15,10,0.0
3586,34.15326817799478,16,9,0.0
3587,43.905147722608724,17,8,0.0
3588,25.974625782515716,15,10,0.0
3589,23.89651978965593,15,10,0.0
3590,23.916493034126876,15,10,0.0
3591,14.330470548475953,14,11,0.0
3592,35.99040932452858,16,9,0.0
3593,36.173334385221956,16,9,0.0
3594,56.97614953048274,18,7,0.0
3595,36.01711151745527,16,9,0.0
3596,24.70245653368306,15,10,0.0
3597,44.55170573489112,17,8,0.0
3598,23.886067295560355,15,10,0.0
3599,4.927940470267018,13,12,0.0
3600,24.41208722202309,15,10,0.0
3601,34.38248190822833,16,9,0.0
3602,15.476090877737974,14,11,0.0
3603,34.10905229732113,16,9,0.0
3604,45.05569994477695,17,8,0.0
3605,35.05371129344088,16,9,0.0
3606,24.259015775001092,15,10,0.0
3607,4.702574891118117,13,12,0.0
3608,35.608770419864676,16,9,0.0
3609,25.16366649287187,15,10,0.0
3610,44.95508305421393,17,8,0.0
3611,35.85072103128168,16,9,0.0
3612,34.672420059587296,16,9,0.0
3613,46.64649806204867,17,8,0.0
3614,45.38292616635142,17,8,0.0
3615,24.50355392963897,15,10,0.0
3616,24.94480368663124,15,10,0.0
3617,23.60254951415284,15,10,0.0
3618,36.74953376662778,16,9,0.0
3619,34.76346880828443,16,9,0.0
3620,35.35529866689315,16,9,0.0
3621,35.10640924031362,16,9,0.0
3622,4.073798950391737,13,12,0.0
3623,35.638795114126346,16,9,0.0
3624,5.938868658730442,13,12,0.0
3625,35.24898294470186,16,9,0.0
3626,25.478104852220714,15,10,0.0
3627,35.92886433096911,16,9,0.0
3628,24.94843295718062,15,10,0.0
3629,15.295110313376572,14,11,0.0
3630,45.238036862077635,17,8,0.0
3631,24.017815708216517,15,10,0.0
3632,23.926268039689717,15,10,0.0
3633,33.56742894391084,16,9,0.0
3634,34.98717820072018,16,9,0.0
3635,24.308356258562114,15,10,0.0
3636,34.371222072145244,16,9,0.0
3637,15.912595724296397,14,11,0.0
3638,15.493146537559484,14,11,0.0
3639,33.93498138485954,16,9,0.0
3640,35.635103004455026,16,9,0.0
3641,35.2386111476209,16,9,0.0
3642,35.33329116649571,16,9,0.0
3643,24.056106766299486,15,10,0.0
3644,14.15367983543901,14,11,0.0
3645,36.35264909033304,16,9,0.0
3646,34.58374749876298,16,9,0.0
3647,34.72805672773369,16,9,0.0
3648,45.54537207607691,17,8,0.0
3649,14.197710994671507,14,11,0.0
3650,35.29697965148285,16,9,0.0
3651,35.12641394257043,16,9,0.0
3652,45.661941074043426,17,8,0.0
3653,24.778127268925783,15,10,0.0
3654,36.19132581228915,16,9,0.0
3655,3.624779195406438,13,12,0.0
3656,34.16481578149987,16,9,0.0
3657,33.60781120565037,16,9,0.0
3658,34.97581585285959,16,9,0.0
3659,24.990845976026982,15,10,0.0
3660,34.693144558378755,16,9,0.0
3661,23.279854085802786,15,10,0.0
3662,34.079656974957885,16,9,0.0
3663,24.62647030150712,15,10,0.0
3664,24.65595373307738,15,10,0.0
3665,34.59718053055458,16,9,0.0
3666,35.93144912661503,16,9,0.0
3667,24.116489000673603,15,10,0.0
3668,35.88394541699126,16,9,0.0
3669,34.40493917437586,16,9,0.0
3670,25.726454209429484,15,10,0.0
3671,24.667370069962953,15,10,0.0
3672,34.64620280613057,16,9,0.0
3673,33.94233453855128,16,9,0.0
3674,43.4435848125472,17,8,0.0
3675,35.44401241132315,16,9,0.0
3676,3.6694199425173855,13,12,0.0
3677,34.63366213450885,16,9,0.0
3678,25.57673430037186,15,10,0.0
3679,35.15203525318491,16,9,0.0
3680,35.38962369647625,16,9,0.0
3681,25.254078311167486,15,10,0.0
3682,44.56869722652374,17,8,0.0
3683,35.800668576196315,16,9,0.0
3684,35.928467255061406,16,9,0.0
3685,23.03004000748269,15,10,0.0
3686,34.42202722027019,16,9,0.0
3687,44.50912796864918,17,8,0.0
3688,44.93333070034663,17,8,0.0
3689,43.859163646514666,17,8,0.0
3690,34.417504472638015,16,9,0.0
3691,44.7724571310169,17,8,0.0
3692,3.5605888132978247,13,12,0.0
3693,33.67530939645571,16,9,0.0
3694,14.717146994228441,14,11,0.0
3695,34.70263819434481,16,9,0.0
3696,14.307354250506863,14,11,0.0
3697,45.62192972115808,17,8,0.0
3698,25.085533234099916,15,10,0.0
3699,24.39724948747204,15,10,0.0
3700,43.468983512377946,17,8,0.0
3701,35.01243045023883,16,9,0.0
3702,24.355597700659306,15,10,0.0
3703,45.356941750406776,17,8,0.0
3704,45.50964788940712,17,8,0.0
3705,34.86079604556895,16,9,0.0
3706,15.61876318877098,14,11,0.0
3707,34.914503093902596,16,9,0.0
3708,24.890943777124892,15,10,0.0
3709,45.04892345722568,17,8,0.0
3710,13.891467823672034,14,11,0.0
3711,14.109583011151726,14,11,0.0
3712,34.16282977337529,16,9,0.0
3713,33.89228789721236,16,9,0.0
3714,33.54883996818486,16,9,0.0
3715,14.022551112231799,14,11,0.0
3716,44.30953751056282,17,8,0.0
3717,34.69113301974192,16,9,0.0
3718,36.17465815913195,16,9,0.0
3719,25.681908766728228,15,10,0.0
3720,3.3753974988458295,13,12,0.0
3721,34.66920733405434,16,9,0.0
3722,33.55349905005418,16,9,0.0
3723,35.54706937748861,16,9,0.0
3724,24.776440921953537,15,10,0.0
3725,34.900125676133996,16,9,0.0
3726,34.18480132841365,16,9,0.0
3727,25.794627614562614,15,10,0.0
3728,24.18767887700523,15,10,0.0
3729,46.08955978780672,17,8,0.0
3730,35.82497905906149,16,9,0.0
3731,14.279591127558218,14,11,0.0
3732,15.325763774328236,14,11,0.0
3733,34.12808790733858,16,9,0.0
3734,34.25457357884247,16,9,0.0
3735,46.077208332365956,17,8,0.0
3736,44.43397576613235,17,8,0.0
3737,42.74513769368968,17,8,0.0
3738,13.743240685996147,14,11,0.0
3739,13.719980579295461,14,11,0.0
3740,45.80704940078328,17,8,0.0
3741,23.081876257261875,15,10,0.0
3742,35.30939504652263,16,9,0.0
3743,35.26484504457792,16,9,0.0
3744,34.236120871529,16,9,0.0
3745,23.59918136915526,15,10,0.0
3746,34.03412395757372,16,9,0.0
3747,34.942661452647855,16,9,0.0
3748,44.54389790679241,17,8,0.0
3749,33.18850162744551,16,9,0.0
3750,44.380022919876865,17,8,0.0
3751,34.99277041720852,16,9,0.0
3752,44.62045565674901,17,8,0.0
3753,24.408039164659876,15,10,0.0
3754,45.94860683849747,17,8,0.0
3755,14.914119342416466,14,11,0.0
3756,33.15449035740258,16,9,0.0
3757,25.28686182347092,15,10,0.0
3758,34.6082067472498,16,9,0.0
3759,34.879544363818404,16,9,0.0
3760,35.034645356605374,16,9,0.0
3761,13.048456837172806,14,11,0.0
3762,34.32230758789003,16,9,0.0
3763,35.067713515673276,16,9,0.0
3764,24.552440684966108,15,10,0.0
3765,4.097377861733454,13,12,0.0
3766,35.312319756626536,16,9,0.0
3767,35.437311315381486,16,9,0.0
3768,22.676956954262828,15,10,0.0
3769,34.689003458830484,16,9,0.0
3770,34.799560946586965,16,9,0.0
3771,34.32209932918703,16,9,0.0
3772,33.98698183985772,16,9,0.0
3773,34.889552741081665,16,9,0.0
3774,34.56154361834105,16,9,0.0
3775,12.837032630732777,14,11,0.0
3776,24.463867355249164,15,10,0.0
3777,35.331770388783724,16,9,0.0
3778,44.64130256815234,17,8,0.0
3779,24.718501515359463,15,10,0.0
3780,45.02968748884743,17,8,0.0
3781,33.50497526855096,16,9,0.0
3782,36.110224941585855,16,9,0.0
3783,44.575395663631014,17,8,0.0
3784,34.815813658984425,16,9,0.0
3785,-6.775577733774027,12,13,0.0
3786,35.92957715087955,16,9,0.0
3787,45.907184858102404,17,8,0.0
3788,44.029382036262675,17,8,0.0
3789,35.109802547652734,16,9,0.0
3790,24.74773199462789,15,10,0.0
3791,45.7912148638356,17,8,0.0
3792,23.58489385581557,15,10,0.0
3793,34.84929376141523,16,9,0.0
3794,33.849231471506975,16,9,0.0
3795,26.01674583247429,15,10,0.0
3796,35.512608119429565,16,9,0.0
3797,25.714890762804984,15,10,0.0
3798,34.7843069094873,16,9,0.0
3799,13.416113825940247,14,11,0.0
3800,35.36547157981925,16,9,0.0
3801,44.273824617292306,17,8,0.0
3802,34.11000126939262,16,9,0.0
3803,24.25827658359022,15,10,0.0
3804,34.89435433773889,16,9,0.0
3805,24.989978580452693,15,10,0.0
3806,15.400848928890166,14,11,0.0
3807,23.71775281918498,15,10,0.0
3808,4.724203231620892,13,12,0.0
3809,33.94689286870503,16,9,0.0
3810,34.05482288144472,16,9,0.0
3811,24.528406440753844,15,10,0.0
3812,45.203184771707825,17,8,0.0
3813,13.073541083198506,14,11,0.0
3814,14.911165127074007,14,11,0.0
3815,4.795955808533374,13,12,0.0
3816,25.178113374898107,15,10,0.0
3817,36.122754513762764,16,9,0.0
3818,35.561473028643086,16,9,0.0
3819,3.8427981578776955,13,12,0.0
3820,44.50179537742537,17,8,0.0
3821,34.516804183108626,16,9,0.0
3822,35.21933095131115,16,9,0.0
3823,24.889748819256845,15,10,0.0
3824,4.983148563544969,13,12,0.0
3825,23.104324206538404,15,10,0.0
3826,14.47061453037195,14,11,0.0
3827,35.469937533340385,16,9,0.0
3828,24.992118613566618,15,10,0.0
3829,44.32572163564464,17,8,0.0
3830,44.62123166600648,17,8,0.0
3831,35.08941622651624,16,9,0.0
3832,45.97315584989438,17,8,0.0
3833,34.59726559129427,16,9,0.0
3834,34.37670856132817,16,9,0.0
3835,33.72018205323203,16,9,0.0
3836,44.48500121835528,17,8,0.0
3837,35.02635240953003,16,9,0.0
3838,35.14954924590985,16,9,0.0
3839,25.6053224765866,15,10,0.0
3840,34.0060014870379,16,9,0.0
3841,34.24425453369552,16,9,0.0
3842,34.679540006526615,16,9,0.0
3843,34.69702499091322,16,9,0.0
3844,36.22848869154103,16,9,0.0
3845,34.73307593195885,16,9,0.0
3846,26.249007148533305,15,10,0.0
3847,34.9379861129485,16,9,0.0
3848,34.29049805616306,16,9,0.0
3849,34.57087466296332,16,9,0.0
3850,24.75334121528072,15,10,0.0
3851,46.577958628849764,17,8,0.0
3852,35.25630842609171,16,9,0.0
3853,35.721215853325766,16,9,0.0
3854,15.175755740054516,14,11,0.0
3855,34.3447340301566,16,9,0.0
3856,24.834897003809942,15,10,0.0
3857,14.892191402119364,14,11,0.0
3858,25.029413871917992,15,10,0.0
3859,45.526742652411095,17,8,0.0
3860,34.59801491933532,16,9,0.0
3861,33.95977449393146,16,9,0.0
3862,55.23487302939301,18,7,0.0
3863,34.044786589633624,16,9,0.0
3864,24.930004149261563,15,10,0.0
3865,34.53370254168033,16,9,0.0
3866,24.598090913952547,15,10,0.0
3867,45.29059172154535,17,8,0.0
3868,15.25606122236545,14,11,0.0
3869,34.236858195555754,16,9,0.0
3870,24.22101350381889,15,10,0.0
3871,25.141050673564425,15,10,0.0
3872,5.248600047710118,13,12,0.0
3873,5.027973507385692,13,12,0.0
3874,45.28136277620883,17,8,0.0
3875,35.40156408215816,16,9,0.0
3876,34.48367911766365,16,9,0.0
3877,34.94654983508167,16,9,0.0
3878,13.290606622944042,14,11,0.0
3879,25.165646455964144,15,10,0.0
3880,45.95165443960532,17,8,0.0
3881,34.521374405750194,16,9,0.0
3882,24.94370888501038,15,10,0.0
3883,46.219974789710754,17,8,0.0
3884,14.787246247286918,14,11,0.0
3885,34.15476332883451,16,9,0.0
3886,36.135459821863876,16,9,0.0
3887,35.00492780282708,16,9,0.0
3888,34.82420162251894,16,9,0.0
3889,36.2045411062049,16,9,0.0
3890,13.991309773505327,14,11,0.0
3891,34.78705969206507,16,9,0.0
3892,44.37217629596179,17,8,0.0
3893,14.413800033315326,14,11,0.0
3894,45.032052576762055,17,8,0.0
3895,34.74184245761134,16,9,0.0
3896,44.440773628390616,17,8,0.0
3897,35.33228425574297,16,9,0.0
3898,35.21763933870029,16,9,0.0
3899,33.47509284694034,16,9,0.0
3900,34.53714165111652,16,9,0.0
3901,14.383757170494192,14,11,0.0
3902,45.10475588636732,17,8,0.0
3903,43.825233946486975,17,8,0.0
3904,34.681386204290504,16,9,0.0
3905,34.00586869419414,16,9,0.0
3906,36.562367757208115,16,9,0.0
3907,35.19646225597005,16,9,0.0
3908,34.95700066033071,16,9,0.0
3909,45.30806242625591,17,8,0.0
3910,34.60595747358799,16,9,0.0
3911,34.46471094234804,16,9,0.0
3912,35.38131766458432,16,9,0.0
3913,25.964565964498213,15,10,0.0
3914,35.58376357908182,16,9,0.0
3915,45.38524202083443,17,8,0.0
3916,34.516057387237275,16,9,0.0
3917,44.58709758358349,17,8,0.0
3918,35.270166867771636,16,9,0.0
3919,34.370594512804885,16,9,0.0
3920,34.90422514166533,16,9,0.0
3921,13.361991280823684,14,11,0.0
3922,44.185404473474456,17,8,0.0
3923,26.115046435303675,15,10,0.0
3924,24.995263272005662,15,10,0.0
3925,3.9319934600379582,13,12,0.0
3926,5.376163818723314,13,12,0.0
3927,33.75212924191875,16,9,0.0
3928,34.96461895664184,16,9,0.0
3929,24.99802067402974,15,10,0.0
3930,56.19359070557313,18,7,0.0
3931,24.64957622112066,15,10,0.0
3932,46.11955592149336,17,8,0.0
3933,13.15670024612406,14,11,0.0
3934,35.20626776009064,16,9,0.0
3935,35.44028891494178,16,9,0.0
3936,45.17540954924763,17,8,0.0
3937,14.374335543841426,14,11,0.0
3938,24.59684747153429,15,10,0.0
3939,33.93054824759394,16,9,0.0
3940,24.730434518954176,15,10,0.0
3941,46.10888680608947,17,8,0.0
3942,23.56388623743891,15,10,0.0
3943,35.12667826321051,16,9,0.0
3944,34.95015023865111,16,9,0.0
3945,34.64755888814177,16,9,0.0
3946,25.0234299474986,15,10,0.0
3947,34.59864626458521,16,9,0.0
3948,24.86823919623624,15,10,0.0
3949,33.65944672107149,16,9,0.0
3950,45.028600486670825,17,8,0.0
3951,24.50196014864596,15,10,0.0
3952,44.17746764610142,17,8,0.0
3953,14.238780188000431,14,11,0.0
3954,24.2483478114246,15,10,0.0
3955,44.776428470492405,17,8,0.0
3956,14.595144846766816,14,11,0.0
3957,14.06075562112851,14,11,0.0
3958,5.126228064253613,13,12,0.0
3959,33.83144136432628,16,9,0.0
3960,25.1913116128272,15,10,0.0
3961,25.8302902098156,15,10,0.0
3962,25.819199030442398,15,10,0.0
3963,34.50416379215998,16,9,0.0
3964,5.108877407075722,13,12,0.0
3965,25.826410788669598,15,10,0.0
3966,34.741048007942325,16,9,0.0
3967,25.62527266583511,15,10,0.0
3968,45.72611180193548,17,8,0.0
3969,24.06060706137911,15,10,0.0
3970,35.12161657085017,16,9,0.0
3971,45.814166912864366,17,8,0.0
3972,35.836588934822586,16,9,0.0
3973,45.51929383404298,17,8,0.0
3974,25.816958414518623,15,10,0.0
3975,23.866641622233583,15,10,0.0
3976,43.98882441994998,17,8,0.0
3977,34.803544867941504,16,9,0.0
3978,45.41030872168733,17,8,0.0
3979,46.21840534526121,17,8,0.0
3980,36.83665448921906,16,9,0.0
3981,35.478698803611096,16,9,0.0
3982,34.72317665103522,16,9,0.0
3983,44.90620770129795,17,8,0.0
3984,45.42632822891008,17,8,0.0
3985,35.379402361083336,16,9,0.0
3986,43.91355515849884,17,8,0.0
3987,44.19977091754501,17,8,0.0
3988,25.65489448836361,15,10,0.0
3989,44.41988143737312,17,8,0.0
3990,45.39001561665022,17,8,0.0
3991,35.6306735144411,16,9,0.0
3992,34.37581590970996,16,9,0.0
3993,46.243373539628635,17,8,0.0
3994,24.887350050090465,15,10,0.0
3995,35.35963008135623,16,9,0.0
3996,34.238847629063756,16,9,0.0
3997,24.986964620852344,15,10,0.0
3998,35.72883550624621,16,9,0.0
3999,23.53120081098182,15,10,0.0
4000,34.00881998469925,16,9,0.0
