"# mode=none d_value=0 d=[0,0] p=0.50 dr=0 seed=2 topology=fixed ch=3 fade=1(rho=0.70,sig=6.0) n_agents=5 obs_dim=34 n_episodes=4000 ue=25"
episode,sum_reward,success,fail,mean_delay
1,-35.135056817094195,9,16,0.0
2,-44.30427160418307,8,17,0.0
3,-63.649054542963526,6,19,0.0
4,-55.958355640876235,7,18,0.0
5,-35.33228347079969,9,16,0.0
6,-34.447523489366034,9,16,0.0
7,-64.94260190254592,6,19,0.0
8,-4.947503935358343,12,13,0.0
9,-54.239564801130754,7,18,0.0
10,-24.710426654081562,10,15,0.0
11,-64.3085001923414,6,19,0.0
12,-64.06051942033952,6,19,0.0
13,-35.70967139912644,9,16,0.0
14,-35.11123968076623,9,16,0.0
15,-55.452606361437105,7,18,0.0
16,-25.28193964222499,10,15,0.0
17,-35.93921755145293,9,16,0.0
18,-15.635217512873636,11,14,0.0
19,-35.444466543133714,9,16,0.0
20,-35.97468353414087,9,16,0.0
21,-76.329161424289,5,20,0.0
22,-43.53745823462195,8,17,0.0
23,-45.280521110768106,8,17,0.0
24,-25.75738827702977,10,15,0.0
25,-25.649264485034728,10,15,0.0
26,-36.43815732997475,9,16,0.0
27,-26.413431411769317,10,15,0.0
28,-25.627542290836992,10,15,0.0
29,-85.14753682691644,4,21,0.0
30,-35.18380705438575,9,16,0.0
31,-33.87172813030262,9,16,0.0
32,5.6680830137617235,13,12,0.0
33,-14.766178771811601,11,14,0.0
34,5.3866726787180355,13,12,0.0
35,-75.71675688381355,5,20,0.0
36,-5.082393565613349,12,13,0.0
37,-45.076416007715345,8,17,0.0
38,-35.10381450285725,9,16,0.0
39,-44.76505211085938,8,17,0.0
40,-35.549083112893186,9,16,0.0
41,-34.62821127720583,9,16,0.0
42,-45.45159510087768,8,17,0.0
43,-24.68087507775143,10,15,0.0
44,-34.043548140192456,9,16,0.0
45,-5.006508136694869,12,13,0.0
46,-35.542022978835064,9,16,0.0
47,-23.248227906748753,10,15,0.0
48,-45.07548931372423,8,17,0.0
49,-46.98092185664652,8,17,0.0
50,-24.44035461979503,10,15,0.0
51,-45.3230844958787,8,17,0.0
52,-25.70839075512545,10,15,0.0
53,-24.645425670447104,10,15,0.0
54,-45.30373289733981,8,17,0.0
55,-25.402620804343023,10,15,0.0
56,-14.764177482054116,11,14,0.0
57,-24.539266397841708,10,15,0.0
58,-46.31623078163042,8,17,0.0
59,-35.13837875747585,9,16,0.0
60,-35.55199754330876,9,16,0.0
61,-56.20740836608252,7,18,0.0
62,-24.249256005922398,10,15,0.0
63,-36.11984485524474,9,16,0.0
64,-15.587106220043726,11,14,0.0
65,-3.7783683522161793,12,13,0.0
66,-55.02804606334034,7,18,0.0
67,-45.88075651892525,8,17,0.0
68,-45.912705236770364,8,17,0.0
69,-44.35543328675304,8,17,0.0
70,-24.7869261347821,10,15,0.0
71,-44.99994858246535,8,17,0.0
72,-45.17987412160715,8,17,0.0
73,-34.065440580168136,9,16,0.0
74,-34.20408590549845,9,16,0.0
75,-24.819225588991188,10,15,0.0
76,-45.731431926131435,8,17,0.0
77,-64.63051402494212,6,19,0.0
78,-43.34139285268468,8,17,0.0
79,-35.810145493275584,9,16,0.0
80,-35.26021457040714,9,16,0.0
81,-4.987748461416178,12,13,0.0
82,-75.73364051273165,5,20,0.0
83,-34.358076755454675,9,16,0.0
84,-24.764752808193485,10,15,0.0
85,-42.70452313773718,8,17,0.0
86,-35.967158284344336,9,16,0.0
87,-25.48120374642548,10,15,0.0
88,-55.99358186144211,7,18,0.0
89,-55.04345094824954,7,18,0.0
90,-44.23536005154027,8,17,0.0
91,-24.885289387150586,10,15,0.0
92,-24.770042169597655,10,15,0.0
93,-25.141711801297763,10,15,0.0
94,-24.085061968998268,10,15,0.0
95,-23.91158928500827,10,15,0.0
96,-4.81654963965261,12,13,0.0
97,-26.24115425524512,10,15,0.0
98,-35.28098691859442,9,16,0.0
99,-35.89890308276034,9,16,0.0
100,-55.423262741569204,7,18,0.0
101,-6.190338130417811,12,13,0.0
102,-35.2367453221368,9,16,0.0
103,-35.92273719672091,9,16,0.0
104,-36.37722185414961,9,16,0.0
105,-45.18619350839776,8,17,0.0
106,-24.41614206707696,10,15,0.0
107,-55.82224452713617,7,18,0.0
108,-35.061889880559086,9,16,0.0
109,-67.48253803785414,6,19,0.0
110,-16.015604541198442,11,14,0.0
111,-15.158336211897849,11,14,0.0
112,-34.174005194003215,9,16,0.0
113,-55.34286213375529,7,18,0.0
114,-36.376325260951745,9,16,0.0
115,-44.593769061859824,8,17,0.0
116,-35.46250613407092,9,16,0.0
117,-25.05378242565537,10,15,0.0
118,-45.73887478043331,8,17,0.0
119,-24.82616439927975,10,15,0.0
120,-65.65281351396405,6,19,0.0
121,-25.439572183648284,10,15,0.0
122,-34.51514988118815,9,16,0.0
123,-25.930043117090403,10,15,0.0
124,-15.117743307701167,11,14,0.0
125,-45.564102641352946,8,17,0.0
126,-35.119653504709,9,16,0.0
127,-25.54721048342438,10,15,0.0
128,-43.70396008862174,8,17,0.0
129,-56.676631954733054,7,18,0.0
130,-24.42423991680154,10,15,0.0
131,-13.334033828619258,11,14,0.0
132,-24.602626387024188,10,15,0.0
133,-35.103554509605836,9,16,0.0
134,-15.046785519986646,11,14,0.0
135,-23.69172011293858,10,15,0.0
136,-45.524751727415804,8,17,0.0
137,-25.453221601351906,10,15,0.0
138,-65.10878463782852,6,19,0.0
139,-34.97903125898775,9,16,0.0
140,4.475572774569404,13,12,0.0
141,-55.27099060861542,7,18,0.0
142,-54.90622256788173,7,18,0.0
143,-44.60475484947038,8,17,0.0
144,-46.77342593350565,8,17,0.0
145,-14.366884211876158,11,14,0.0
146,-36.97536714218478,9,16,0.0
147,-4.112331394186356,12,13,0.0
148,-15.547390487549944,11,14,0.0
149,-4.151650583294081,12,13,0.0
150,-45.00724710774359,8,17,0.0
151,-45.0026067786567,8,17,0.0
152,-45.22119086452981,8,17,0.0
153,-54.80191481846313,7,18,0.0
154,-25.853096664962486,10,15,0.0
155,-15.095189427053311,11,14,0.0
156,-44.73394380844882,8,17,0.0
157,-46.17449561894621,8,17,0.0
158,-25.442606784596897,10,15,0.0
159,-25.283217600974165,10,15,0.0
160,-44.95670577840893,8,17,0.0
161,-4.66986020953195,12,13,0.0
162,-24.878876700083183,10,15,0.0
163,-15.10274429242967,11,14,0.0
164,-5.125876817892225,12,13,0.0
165,-14.456441950088397,11,14,0.0
166,-24.175247719907063,10,15,0.0
167,-5.916148873280722,12,13,0.0
168,-44.3254013839946,8,17,0.0
169,-34.42719991317703,9,16,0.0
170,5.708311795873982,13,12,0.0
171,-25.64527336259998,10,15,0.0
172,-37.20607983559869,9,16,0.0
173,-35.673431833149436,9,16,0.0
174,-15.728640445647747,11,14,0.0
175,-24.248559038443545,10,15,0.0
176,-35.28340560719518,9,16,0.0
177,-46.17372783073746,8,17,0.0
178,-26.256310320609145,10,15,0.0
179,-55.16191644031191,7,18,0.0
180,-15.433977404401105,11,14,0.0
181,-24.189775030676103,10,15,0.0
182,-4.875449301453616,12,13,0.0
183,-34.56838871610513,9,16,0.0
184,-45.28348960113769,8,17,0.0
185,-36.42260415510507,9,16,0.0
186,-24.889604561279523,10,15,0.0
187,-44.975628275552026,8,17,0.0
188,-24.427366440665743,10,15,0.0
189,-34.269189205907196,9,16,0.0
190,-14.640007454042728,11,14,0.0
191,-14.71014833537436,11,14,0.0
192,-15.69238162329394,11,14,0.0
193,-45.55773475682905,8,17,0.0
194,-25.03023879933294,10,15,0.0
195,-46.462957222261814,8,17,0.0
196,-45.04873866391391,8,17,0.0
197,-14.600078812365199,11,14,0.0
198,-16.214475761343564,11,14,0.0
199,-45.97045701006189,8,17,0.0
200,-14.697295326339308,11,14,0.0
201,-24.727079400447145,10,15,0.0
202,-34.2709361038417,9,16,0.0
203,-65.0935890243465,6,19,0.0
204,-56.05869246409958,7,18,0.0
205,-12.802104412536828,11,14,0.0
206,-24.61685564899137,10,15,0.0
207,6.253810946502781,13,12,0.0
208,-35.24727295579434,9,16,0.0
209,-25.44246141823652,10,15,0.0
210,-34.753976192690736,9,16,0.0
211,-34.853842842157135,9,16,0.0
212,-36.202395041236954,9,16,0.0
213,-15.101065217451012,11,14,0.0
214,-24.48550410037331,10,15,0.0
215,6.244119950689488,13,12,0.0
216,-34.658085841345994,9,16,0.0
217,-25.75434143727194,10,15,0.0
218,-14.592225822211844,11,14,0.0
219,-45.24148730855546,8,17,0.0
220,-44.660857201393654,8,17,0.0
221,-14.861267092285004,11,14,0.0
222,-55.13404312464196,7,18,0.0
223,-34.68745395012344,9,16,0.0
224,-24.64655073788719,10,15,0.0
225,-66.28543078768334,6,19,0.0
226,-14.86502865452843,11,14,0.0
227,-36.417828311270526,9,16,0.0
228,-26.370503822516955,10,15,0.0
229,-35.57691404116451,9,16,0.0
230,-15.27042551418312,11,14,0.0
231,-35.07953861468416,9,16,0.0
232,-35.85904375024027,9,16,0.0
233,-6.657005006891022,12,13,0.0
234,-6.159621513677576,12,13,0.0
235,-56.186410689056615,7,18,0.0
236,-35.40591633947941,9,16,0.0
237,-45.48093062855851,8,17,0.0
238,4.65694497332379,13,12,0.0
239,16.340310614580176,14,11,0.0
240,5.3846300571818695,13,12,0.0
241,-34.153448806133326,9,16,0.0
242,-44.40540562706134,8,17,0.0
243,-25.87097930819536,10,15,0.0
244,-44.237114104506986,8,17,0.0
245,-47.03614454302243,8,17,0.0
246,-35.15920505306085,9,16,0.0
247,-35.401387923677504,9,16,0.0
248,-44.744710930100766,8,17,0.0
249,-47.12815307682919,8,17,0.0
250,-55.557463553165796,7,18,0.0
251,-35.854344609472435,9,16,0.0
252,-15.743526570918847,11,14,0.0
253,-26.708945722046842,10,15,0.0
254,-15.24760335693584,11,14,0.0
255,-4.346111583502227,12,13,0.0
256,-26.34006086021364,10,15,0.0
257,-25.562985389913816,10,15,0.0
258,-14.796804366736355,11,14,0.0
259,-14.775589954641141,11,14,0.0
260,-55.110684534432565,7,18,0.0
261,-15.069899908338702,11,14,0.0
262,6.396039169194476,13,12,0.0
263,-36.437359549064944,9,16,0.0
264,-25.5738169165342,10,15,0.0
265,-15.04560049701394,11,14,0.0
266,-5.876491805434316,12,13,0.0
267,-14.817819262122462,11,14,0.0
268,-35.873214000054574,9,16,0.0
269,-25.260210268846116,10,15,0.0
270,-35.89051031482811,9,16,0.0
271,-55.86713850811678,7,18,0.0
272,-5.680394828283964,12,13,0.0
273,-35.596609799305334,9,16,0.0
274,-26.110294904001186,10,15,0.0
275,-4.414635660144578,12,13,0.0
276,-16.073990820419017,11,14,0.0
277,-14.682051658190737,11,14,0.0
278,-37.30378177325275,9,16,0.0
279,-26.215030306706254,10,15,0.0
280,-65.47598048632901,6,19,0.0
281,-25.763898990475283,10,15,0.0
282,-45.89149878501813,8,17,0.0
283,-5.403063729516125,12,13,0.0
284,15.972928131175344,14,11,0.0
285,-16.174285089894326,11,14,0.0
286,-15.149183252397258,11,14,0.0
287,-34.7384390480999,9,16,0.0
288,-15.338651116296258,11,14,0.0
289,-14.352638548200432,11,14,0.0
290,-16.005614242081222,11,14,0.0
291,-15.156807022348843,11,14,0.0
292,-3.352714764450422,12,13,0.0
293,-46.379080437764216,8,17,0.0
294,-56.665728466633915,7,18,0.0
295,-25.22341861342208,10,15,0.0
296,-34.54804528709495,9,16,0.0
297,-15.059163311793096,11,14,0.0
298,-44.9506437969478,8,17,0.0
299,-35.575922892791155,9,16,0.0
300,-4.1745369919630555,12,13,0.0
301,-25.367754498500826,10,15,0.0
302,-25.278093578258122,10,15,0.0
303,-34.80240699789356,9,16,0.0
304,-35.50032426104224,9,16,0.0
305,-35.92956041916843,9,16,0.0
306,-25.444151173413196,10,15,0.0
307,-45.022637557908475,8,17,0.0
308,-46.23248700333246,8,17,0.0
309,-55.20361768283443,7,18,0.0
310,-34.28020540527538,9,16,0.0
311,-4.939438156039546,12,13,0.0
312,-27.16723344743973,10,15,0.0
313,-4.588871434014997,12,13,0.0
314,-16.177935212512825,11,14,0.0
315,-15.657353885803987,11,14,0.0
316,-36.052465577851535,9,16,0.0
317,-24.480197355721153,10,15,0.0
318,-35.48790676070633,9,16,0.0
319,-4.403257184171591,12,13,0.0
320,-14.65586710257751,11,14,0.0
321,-16.757066872857493,11,14,0.0
322,-24.805367146501684,10,15,0.0
323,-13.59082784787876,11,14,0.0
324,4.626137196125425,13,12,0.0
325,-15.215802516506482,11,14,0.0
326,4.766183355834007,13,12,0.0
327,4.5418067438949565,13,12,0.0
328,-14.941788691301113,11,14,0.0
329,-14.50774330097781,11,14,0.0
330,-4.275468208815144,12,13,0.0
331,-36.488891844135246,9,16,0.0
332,-14.298995649361778,11,14,0.0
333,-35.24593809241508,9,16,0.0
334,-16.15237038817604,11,14,0.0
335,-45.80510050565553,8,17,0.0
336,-14.925040400280476,11,14,0.0
337,-5.65831095345185,12,13,0.0
338,-45.63300743983471,8,17,0.0
339,-15.061222602433821,11,14,0.0
340,-15.793684328716388,11,14,0.0
341,4.378369449425228,13,12,0.0
342,-16.39920620325703,11,14,0.0
343,-25.645050090380458,10,15,0.0
344,-6.196407651968493,12,13,0.0
345,-14.698028775164737,11,14,0.0
346,-44.33072545767848,8,17,0.0
347,-16.03970184633032,11,14,0.0
348,-35.80654116119889,9,16,0.0
349,-4.5779685783244854,12,13,0.0
350,-34.97016747046383,9,16,0.0
351,5.8020565914474425,13,12,0.0
352,-15.045440150342465,11,14,0.0
353,5.179360970225953,13,12,0.0
354,-13.944107869057113,11,14,0.0
355,-15.253972974011653,11,14,0.0
356,-24.684901909535732,10,15,0.0
357,-33.96868099163233,9,16,0.0
358,3.5145184200884296,13,12,0.0
359,-25.780684588947032,10,15,0.0
360,-17.03121796415435,11,14,0.0
361,-15.58152354043564,11,14,0.0
362,-14.35995157329241,11,14,0.0
363,-46.48149857334401,8,17,0.0
364,-36.286509014033406,9,16,0.0
365,-18.15444088271113,11,14,0.0
366,-26.866414845104185,10,15,0.0
367,-54.66527452421215,7,18,0.0
368,-15.157929183108847,11,14,0.0
369,-25.601082135889616,10,15,0.0
370,-15.2561148799791,11,14,0.0
371,-26.074195976177485,10,15,0.0
372,-46.08805705467396,8,17,0.0
373,-16.446577774867542,11,14,0.0
374,-5.743309931034652,12,13,0.0
375,-14.233167812262508,11,14,0.0
376,-14.253046071181316,11,14,0.0
377,-14.918520551878897,11,14,0.0
378,-6.2200666919074115,12,13,0.0
379,5.340926751753775,13,12,0.0
380,-35.12219987552064,9,16,0.0
381,-25.63294275945659,10,15,0.0
382,-15.12686048158108,11,14,0.0
383,-4.54119049159555,12,13,0.0
384,-15.334969779100964,11,14,0.0
385,-35.84419443743718,9,16,0.0
386,-25.013772063433077,10,15,0.0
387,-14.282902239708044,11,14,0.0
388,-26.150631878255158,10,15,0.0
389,-16.207572380150175,11,14,0.0
390,-25.89776512558446,10,15,0.0
391,-5.5108624472690835,12,13,0.0
392,-35.83669723997859,9,16,0.0
393,14.637435415017618,14,11,0.0
394,-23.689051250419354,10,15,0.0
395,-16.224948180965296,11,14,0.0
396,-35.97522426377833,9,16,0.0
397,-35.78304046601642,9,16,0.0
398,-5.046042969462939,12,13,0.0
399,-36.946121475094245,9,16,0.0
400,-13.827064842092902,11,14,0.0
401,-55.76791906438541,7,18,0.0
402,-25.94331090080831,10,15,0.0
403,-45.02504943380278,8,17,0.0
404,5.701252613142377,13,12,0.0
405,-15.28668692932818,11,14,0.0
406,-4.553637380711587,12,13,0.0
407,-5.1154692078361865,12,13,0.0
408,-36.08904484761371,9,16,0.0
409,-35.69245770746096,9,16,0.0
410,-25.627936884458517,10,15,0.0
411,-27.367533048761608,10,15,0.0
412,-25.405099473160448,10,15,0.0
413,-5.830386151397026,12,13,0.0
414,4.476126799794893,13,12,0.0
415,-16.927417602383056,11,14,0.0
416,-4.438084885638698,12,13,0.0
417,-14.59152307694295,11,14,0.0
418,-55.170261757646074,7,18,0.0
419,3.8877669953007707,13,12,0.0
420,-5.01690555209562,12,13,0.0
421,-25.33964313140175,10,15,0.0
422,5.65475219206478,13,12,0.0
423,-35.53205498990573,9,16,0.0
424,-16.748411065885,11,14,0.0
425,-14.941935853709413,11,14,0.0
426,-35.311910814288744,9,16,0.0
427,14.761335424767179,14,11,0.0
428,-25.395439958285856,10,15,0.0
429,-15.92599482328093,11,14,0.0
430,-5.379030537479652,12,13,0.0
431,-15.16048036810677,11,14,0.0
432,-15.202154071458207,11,14,0.0
433,-5.68129205522119,12,13,0.0
434,-5.225530649601352,12,13,0.0
435,-25.504349432775864,10,15,0.0
436,-5.3920112156348345,12,13,0.0
437,-6.199146009257909,12,13,0.0
438,-47.208717588772124,8,17,0.0
439,-35.96281374090306,9,16,0.0
440,-5.5366671154018725,12,13,0.0
441,-5.016802677503756,12,13,0.0
442,-6.064853145391395,12,13,0.0
443,-25.90662521603571,10,15,0.0
444,-26.997054819459123,10,15,0.0
445,-64.50580956888061,6,19,0.0
446,-14.453612352596107,11,14,0.0
447,-5.372048429019435,12,13,0.0
448,-24.29701173759643,10,15,0.0
449,-3.9521794901126146,12,13,0.0
450,4.050207983786556,13,12,0.0
451,-4.333987262535093,12,13,0.0
452,-3.8955551615935873,12,13,0.0
453,-17.523914681584664,11,14,0.0
454,-26.8860493098077,10,15,0.0
455,-26.518065528937957,10,15,0.0
456,-35.63420435060719,9,16,0.0
457,-15.662167306314942,11,14,0.0
458,-25.695682374671897,10,15,0.0
459,-36.159472159733184,9,16,0.0
460,-5.615101019963893,12,13,0.0
461,-44.91525927374292,8,17,0.0
462,-36.515945734036926,9,16,0.0
463,15.80833275663219,14,11,0.0
464,-15.380623951163027,11,14,0.0
465,5.2319493388236555,13,12,0.0
466,-4.688971902251279,12,13,0.0
467,-27.02747743968041,10,15,0.0
468,-26.255451496203996,10,15,0.0
469,-34.660500059723425,9,16,0.0
470,24.27282118104268,15,10,0.0
471,-16.00350584309553,11,14,0.0
472,-46.380791622567166,8,17,0.0
473,-16.000163067927943,11,14,0.0
474,-24.28123969678959,10,15,0.0
475,-15.55244319659122,11,14,0.0
476,-16.089312079580186,11,14,0.0
477,-15.776856570527773,11,14,0.0
478,-55.39815260529007,7,18,0.0
479,-5.96808105648969,12,13,0.0
480,-4.8281812096443435,12,13,0.0
481,16.514133936169785,14,11,0.0
482,-14.345581991195104,11,14,0.0
483,-14.421707727186583,11,14,0.0
484,-35.881694584839806,9,16,0.0
485,-15.1587827736094,11,14,0.0
486,-16.486837434884894,11,14,0.0
487,-17.514727260719603,11,14,0.0
488,-16.360686941432665,11,14,0.0
489,-5.667630659263967,12,13,0.0
490,-36.24897694492953,9,16,0.0
491,-35.01969218003426,9,16,0.0
492,6.03796676478497,13,12,0.0
493,-26.02317087021967,10,15,0.0
494,-15.179060918938667,11,14,0.0
495,15.39097475348532,14,11,0.0
496,-46.11911774519028,8,17,0.0
497,-25.01622547264869,10,15,0.0
498,-25.520635488951665,10,15,0.0
499,4.962815862088268,13,12,0.0
500,-4.977400911729475,12,13,0.0
501,-26.278235241865097,10,15,0.0
502,-5.703003944531197,12,13,0.0
503,-4.1515505927491585,12,13,0.0
504,-15.939896714158541,11,14,0.0
505,-35.89876896366866,9,16,0.0
506,-14.917246557221706,11,14,0.0
507,-45.942814064767816,8,17,0.0
508,-25.727507441353936,10,15,0.0
509,-4.758915922779422,12,13,0.0
510,-15.647569273388038,11,14,0.0
511,-4.187557793792445,12,13,0.0
512,-36.25456831729161,9,16,0.0
513,-44.22181692367208,8,17,0.0
514,-4.781141922757218,12,13,0.0
515,-26.05784480449178,10,15,0.0
516,-35.077802143396084,9,16,0.0
517,-26.166967393848786,10,15,0.0
518,4.685815261909971,13,12,0.0
519,-26.023209503629282,10,15,0.0
520,-6.90206375352658,12,13,0.0
521,-25.587580155938618,10,15,0.0
522,-15.617594716012938,11,14,0.0
523,-26.008070916244492,10,15,0.0
524,-34.77424193823401,9,16,0.0
525,-14.897806831215878,11,14,0.0
526,-25.649092321178298,10,15,0.0
527,-4.752520998122902,12,13,0.0
528,4.318064863732152,13,12,0.0
529,-25.497359109848727,10,15,0.0
530,-15.563622397969269,11,14,0.0
531,-5.778982221790756,12,13,0.0
532,-35.01758232337936,9,16,0.0
533,4.276681690192184,13,12,0.0
534,-34.897612684477316,9,16,0.0
535,4.789752609999387,13,12,0.0
536,5.294236700918171,13,12,0.0
537,-4.945965106536986,12,13,0.0
538,-36.08849178279507,9,16,0.0
539,5.074260926179358,13,12,0.0
540,-5.156531604247808,12,13,0.0
541,-44.7486699237001,8,17,0.0
542,-5.443295031773813,12,13,0.0
543,-5.262035485848227,12,13,0.0
544,-4.728879181872999,12,13,0.0
545,3.3514563722909703,13,12,0.0
546,-35.141444857690885,9,16,0.0
547,-24.60940981358371,10,15,0.0
548,-6.449700845989321,12,13,0.0
549,-4.603245152833868,12,13,0.0
550,-15.007784843270771,11,14,0.0
551,-35.996880452786314,9,16,0.0
552,5.2267030259210365,13,12,0.0
553,4.833457932084251,13,12,0.0
554,-56.205059058161936,7,18,0.0
555,-25.113263793570415,10,15,0.0
556,-5.329506324038349,12,13,0.0
557,-24.677171746151284,10,15,0.0
558,-44.28940325053652,8,17,0.0
559,-25.11095117519629,10,15,0.0
560,-25.819244122619082,10,15,0.0
561,-24.860668350974528,10,15,0.0
562,-24.96825179120829,10,15,0.0
563,-35.837401219537256,9,16,0.0
564,5.2065928805431785,13,12,0.0
565,-15.464544924802372,11,14,0.0
566,-25.0177779289796,10,15,0.0
567,-24.953130600224753,10,15,0.0
568,-14.240585316755759,11,14,0.0
569,-14.874352239939578,11,14,0.0
570,14.518286656682275,14,11,0.0
571,-44.803041807267476,8,17,0.0
572,-25.22326028447487,10,15,0.0
573,-35.41139037035866,9,16,0.0
574,-4.5004237593837715,12,13,0.0
575,-5.486600058000131,12,13,0.0
576,-25.791046111017813,10,15,0.0
577,-14.814865950527661,11,14,0.0
578,26.318597427947285,15,10,0.0
579,-6.033206561812626,12,13,0.0
580,-36.75146600649644,9,16,0.0
581,-5.0419307009791865,12,13,0.0
582,4.596073452674567,13,12,0.0
583,-14.593074115930886,11,14,0.0
584,-25.156695214875704,10,15,0.0
585,-5.239362859801794,12,13,0.0
586,-25.281352927926513,10,15,0.0
587,4.624705411157253,13,12,0.0
588,-34.103011900376515,9,16,0.0
589,-14.547502276056996,11,14,0.0
590,-4.5104475217572,12,13,0.0
591,-5.4606924594321224,12,13,0.0
592,-35.475624666678,9,16,0.0
593,6.440984980952674,13,12,0.0
594,-25.295451176593623,10,15,0.0
595,-14.563264588204689,11,14,0.0
596,-15.568213983826382,11,14,0.0
597,-4.672368970327283,12,13,0.0
598,-6.166248945736001,12,13,0.0
599,-25.685381221538947,10,15,0.0
600,-5.1892923930493975,12,13,0.0
601,-14.821529836656389,11,14,0.0
602,-15.234507889425494,11,14,0.0
603,6.314008672288574,13,12,0.0
604,5.400422039926135,13,12,0.0
605,-25.18142022361711,10,15,0.0
606,-4.663856730868206,12,13,0.0
607,-5.444752257010066,12,13,0.0
608,4.655893206060943,13,12,0.0
609,-13.71686560037466,11,14,0.0
610,-25.57576032918778,10,15,0.0
611,-14.282838857013573,11,14,0.0
612,-16.595695531263413,11,14,0.0
613,-4.285598740734589,12,13,0.0
614,-35.04225185013045,9,16,0.0
615,4.226561145152078,13,12,0.0
616,-25.62188952633853,10,15,0.0
617,5.7436642252786605,13,12,0.0
618,-16.09984764927804,11,14,0.0
619,15.451969350412266,14,11,0.0
620,-5.381295820476986,12,13,0.0
621,-15.938381773130903,11,14,0.0
622,-5.16602715394066,12,13,0.0
623,3.9144792456424877,13,12,0.0
624,-25.22982061979384,10,15,0.0
625,5.348512985090212,13,12,0.0
626,-5.606042785113027,12,13,0.0
627,-45.827605506921536,8,17,0.0
628,-45.08625262122386,8,17,0.0
629,-25.235724725446723,10,15,0.0
630,14.013099093548387,14,11,0.0
631,-6.109914579637888,12,13,0.0
632,-5.04722907320285,12,13,0.0
633,-35.55019134270466,9,16,0.0
634,-25.566796019208006,10,15,0.0
635,-15.627306377961744,11,14,0.0
636,-25.463818362074385,10,15,0.0
637,4.040025577517947,13,12,0.0
638,-6.227867582989364,12,13,0.0
639,-34.95790756014061,9,16,0.0
640,-4.737265212165076,12,13,0.0
641,-46.49269476433054,8,17,0.0
642,-35.376898858881056,9,16,0.0
643,5.54017710310055,13,12,0.0
644,-14.878258850740616,11,14,0.0
645,-25.105989875074837,10,15,0.0
646,3.788728077352739,13,12,0.0
647,-6.123864478723777,12,13,0.0
648,-15.476141994567545,11,14,0.0
649,-4.107694985442233,12,13,0.0
650,-5.434165165002288,12,13,0.0
651,-25.83990246293478,10,15,0.0
652,-6.3149975081039695,12,13,0.0
653,15.661356802501341,14,11,0.0
654,15.022726282929073,14,11,0.0
655,4.3980046258975545,13,12,0.0
656,-6.174204360891227,12,13,0.0
657,-25.421123605006734,10,15,0.0
658,5.244799678738964,13,12,0.0
659,5.166885783811194,13,12,0.0
660,-15.263048194043604,11,14,0.0
661,-5.574184691295508,12,13,0.0
662,-5.304711117945418,12,13,0.0
663,14.791391702282873,14,11,0.0
664,6.0010415956251535,13,12,0.0
665,-45.785386728262594,8,17,0.0
666,-4.706788510981427,12,13,0.0
667,-25.77291656168627,10,15,0.0
668,4.698130118016803,13,12,0.0
669,15.203170820958585,14,11,0.0
670,-26.405015283971746,10,15,0.0
671,-16.364335430375366,11,14,0.0
672,-16.132032253372365,11,14,0.0
673,5.102297928505803,13,12,0.0
674,-5.083337935119836,12,13,0.0
675,-14.93810849449535,11,14,0.0
676,-4.714261042097004,12,13,0.0
677,-7.061020546140967,12,13,0.0
678,-26.16715869442902,10,15,0.0
679,-5.023180388696337,12,13,0.0
680,16.259330915354553,14,11,0.0
681,4.06394871244487,13,12,0.0
682,-14.81183687961763,11,14,0.0
683,-25.846142170012172,10,15,0.0
684,15.508931634107114,14,11,0.0
685,-16.19689193790124,11,14,0.0
686,14.652919413616164,14,11,0.0
687,-5.415712854845967,12,13,0.0
688,-6.463231608396482,12,13,0.0
689,-15.380075471984902,11,14,0.0
690,-4.812956311437051,12,13,0.0
691,5.183561508479958,13,12,0.0
692,-5.5725654830865405,12,13,0.0
693,5.344952700714658,13,12,0.0
694,-4.076523562068072,12,13,0.0
695,-4.322959074092755,12,13,0.0
696,-26.181328553003404,10,15,0.0
697,-16.238665348899833,11,14,0.0
698,5.986607946836652,13,12,0.0
699,-16.672090380078,11,14,0.0
700,-15.524364120820078,11,14,0.0
701,-6.400602402501043,12,13,0.0
702,-7.106811313464415,12,13,0.0
703,-14.895913834825137,11,14,0.0
704,-4.585483077011023,12,13,0.0
705,-5.313871539370646,12,13,0.0
706,-5.578030758224033,12,13,0.0
707,-5.156870827310807,12,13,0.0
708,-6.1776585797953985,12,13,0.0
709,4.033292962832263,13,12,0.0
710,23.825639347836574,15,10,0.0
711,-4.839195797172984,12,13,0.0
712,-16.134692322564227,11,14,0.0
713,-26.960888309591958,10,15,0.0
714,-25.02744125902721,10,15,0.0
715,-15.301853054382644,11,14,0.0
716,-26.132694897259597,10,15,0.0
717,16.826479065428032,14,11,0.0
718,34.69944573811917,16,9,0.0
719,-25.98904215942077,10,15,0.0
720,-24.870696902259663,10,15,0.0
721,-14.625399496787004,11,14,0.0
722,-3.871253670648532,12,13,0.0
723,-45.169498095599224,8,17,0.0
724,4.102712291045921,13,12,0.0
725,-25.15774188198547,10,15,0.0
726,3.9138943901513183,13,12,0.0
727,-4.747228143501579,12,13,0.0
728,-5.940470298416222,12,13,0.0
729,-15.460144747664081,11,14,0.0
730,-5.1538524909212935,12,13,0.0
731,3.930881240819696,13,12,0.0
732,-5.594956383744331,12,13,0.0
733,-26.501877917363174,10,15,0.0
734,-15.23998738863434,11,14,0.0
735,-25.42617241268608,10,15,0.0
736,-25.685679465779643,10,15,0.0
737,-5.6416109477467575,12,13,0.0
738,-36.36958530865369,9,16,0.0
739,-5.799622632641093,12,13,0.0
740,14.922554398219464,14,11,0.0
741,-46.46601912220427,8,17,0.0
742,15.64383757014396,14,11,0.0
743,16.183179714548928,14,11,0.0
744,-4.849888060069143,12,13,0.0
745,4.25779612960032,13,12,0.0
746,-15.577240643887805,11,14,0.0
747,15.557358637902787,14,11,0.0
748,-16.15810903911473,11,14,0.0
749,4.776670105164852,13,12,0.0
750,-6.104245175907669,12,13,0.0
751,-6.115987186102603,12,13,0.0
752,4.9309231760651855,13,12,0.0
753,4.882352934382637,13,12,0.0
754,-5.129820456309498,12,13,0.0
755,4.394298398032279,13,12,0.0
756,-15.983070587084772,11,14,0.0
757,-16.29956728942853,11,14,0.0
758,-14.994719214186008,11,14,0.0
759,-35.404807507490865,9,16,0.0
760,5.393170755108031,13,12,0.0
761,-14.490478575784385,11,14,0.0
762,-4.603356865970866,12,13,0.0
763,24.683248775938132,15,10,0.0
764,4.0518952617802535,13,12,0.0
765,-25.82672107198109,10,15,0.0
766,-4.136225895414611,12,13,0.0
767,-37.120940178004275,9,16,0.0
768,-26.46843321526315,10,15,0.0
769,14.172702960576213,14,11,0.0
770,24.08251478515377,15,10,0.0
771,25.114122508969043,15,10,0.0
772,14.384997754921953,14,11,0.0
773,16.20276633366727,14,11,0.0
774,25.4848987518425,15,10,0.0
775,5.299050251294306,13,12,0.0
776,-15.968767090438162,11,14,0.0
777,-16.56206050651018,11,14,0.0
778,4.35706483022505,13,12,0.0
779,5.083251018499531,13,12,0.0
780,-25.559473075987835,10,15,0.0
781,-16.24669198297282,11,14,0.0
782,-5.153337543469324,12,13,0.0
783,4.3366937135449035,13,12,0.0
784,5.419871594320859,13,12,0.0
785,-55.71837137994664,7,18,0.0
786,-6.148723435601764,12,13,0.0
787,-24.935874584451334,10,15,0.0
788,5.332787886014051,13,12,0.0
789,5.651689323011899,13,12,0.0
790,-15.31463382238883,11,14,0.0
791,4.6011694145822295,13,12,0.0
792,-5.055751957311381,12,13,0.0
793,-16.107658375561844,11,14,0.0
794,-3.6349391237885014,12,13,0.0
795,-25.33212523518244,10,15,0.0
796,15.102139313830918,14,11,0.0
797,-16.340872654327086,11,14,0.0
798,-15.016588328377214,11,14,0.0
799,6.4837008913733865,13,12,0.0
800,24.722172517094165,15,10,0.0
801,-5.352110357795605,12,13,0.0
802,3.92709119808702,13,12,0.0
803,-5.679850425980921,12,13,0.0
804,-3.1216475922688947,12,13,0.0
805,-25.8139293112109,10,15,0.0
806,-5.6130161477784135,12,13,0.0
807,-25.055190238312925,10,15,0.0
808,-4.972802433493182,12,13,0.0
809,-14.905727480389322,11,14,0.0
810,3.8557758539673728,13,12,0.0
811,-15.152181824162717,11,14,0.0
812,-25.57696392662841,10,15,0.0
813,14.70833718617147,14,11,0.0
814,13.991532327526032,14,11,0.0
815,-6.5065400157349025,12,13,0.0
816,4.347360658454809,13,12,0.0
817,-27.209896167857174,10,15,0.0
818,-15.254302137073267,11,14,0.0
819,-15.444086179377756,11,14,0.0
820,4.258829168989132,13,12,0.0
821,-15.490994027854907,11,14,0.0
822,-15.731225758313041,11,14,0.0
823,5.568100972395157,13,12,0.0
824,4.289463852878232,13,12,0.0
825,-5.373144997501888,12,13,0.0
826,-4.666150388809619,12,13,0.0
827,14.15476418435128,14,11,0.0
828,14.122799632275118,14,11,0.0
829,-26.67073834242543,10,15,0.0
830,-16.20586358252948,11,14,0.0
831,-15.802164760434342,11,14,0.0
832,5.264049765136643,13,12,0.0
833,-5.068475934490692,12,13,0.0
834,-15.168644854149077,11,14,0.0
835,4.406474635393863,13,12,0.0
836,-15.35993028929476,11,14,0.0
837,26.240674868843698,15,10,0.0
838,-14.901106211336362,11,14,0.0
839,-4.773183887661618,12,13,0.0
840,13.823575626074435,14,11,0.0
841,-15.38769140950339,11,14,0.0
842,3.7253666782429136,13,12,0.0
843,-5.82664347473543,12,13,0.0
844,-36.85977720604015,9,16,0.0
845,3.7158587175407405,13,12,0.0
846,3.2979627797057223,13,12,0.0
847,15.311971323160513,14,11,0.0
848,14.670481202401199,14,11,0.0
849,4.550963827976752,13,12,0.0
850,-37.18925499273377,9,16,0.0
851,5.11234631771223,13,12,0.0
852,13.682502898722928,14,11,0.0
853,-6.137113988241936,12,13,0.0
854,-15.346188193426642,11,14,0.0
855,-4.414068600797569,12,13,0.0
856,-5.731152139635002,12,13,0.0
857,-24.662532685557224,10,15,0.0
858,-4.641868120811281,12,13,0.0
859,-6.542187687711952,12,13,0.0
860,25.44049169536203,15,10,0.0
861,-7.106754509757654,12,13,0.0
862,3.094624573215815,13,12,0.0
863,-7.07424657447412,12,13,0.0
864,5.087371005322097,13,12,0.0
865,4.998912409898434,13,12,0.0
866,-26.10609407241906,10,15,0.0
867,3.26129863921075,13,12,0.0
868,-6.104397096132109,12,13,0.0
869,4.347962914348219,13,12,0.0
870,-6.881082488168806,12,13,0.0
871,-6.86206293592233,12,13,0.0
872,-5.072996361997465,12,13,0.0
873,-36.08916640758848,9,16,0.0
874,-6.1078555974421915,12,13,0.0
875,-15.196337695480914,11,14,0.0
876,14.77358028818617,14,11,0.0
877,-14.1093004436825,11,14,0.0
878,4.655152202700371,13,12,0.0
879,-26.617462148877447,10,15,0.0
880,-5.2070479778137235,12,13,0.0
881,-5.086319700198732,12,13,0.0
882,13.282643327011824,14,11,0.0
883,25.111894410198282,15,10,0.0
884,-14.829924200380074,11,14,0.0
885,4.714428324365056,13,12,0.0
886,-25.70237786593958,10,15,0.0
887,24.91458235243386,15,10,0.0
888,14.98431182652705,14,11,0.0
889,14.288980515216073,14,11,0.0
890,3.4948056482350927,13,12,0.0
891,13.191423965383754,14,11,0.0
892,4.808714791787478,13,12,0.0
893,15.547853830252212,14,11,0.0
894,-5.839124094974842,12,13,0.0
895,-36.94672521210052,9,16,0.0
896,14.89576094264089,14,11,0.0
897,-6.1719640138207215,12,13,0.0
898,-7.012870813320854,12,13,0.0
899,4.429132870650811,13,12,0.0
900,-6.351808228268792,12,13,0.0
901,4.473308771859476,13,12,0.0
902,4.838247382289415,13,12,0.0
903,-16.25775321913715,11,14,0.0
904,-5.745654136010108,12,13,0.0
905,3.531033199610542,13,12,0.0
906,5.147814269628142,13,12,0.0
907,15.090560930544315,14,11,0.0
908,-26.11019491083735,10,15,0.0
909,-5.644086974388822,12,13,0.0
910,14.840957405417095,14,11,0.0
911,-6.034389022067003,12,13,0.0
912,2.7799769978804285,13,12,0.0
913,-15.998758061478007,11,14,0.0
914,2.6741398147749287,13,12,0.0
915,-5.762180862594688,12,13,0.0
916,15.453718025927088,14,11,0.0
917,-15.50231604675611,11,14,0.0
918,3.248830052050486,13,12,0.0
919,24.77480838791999,15,10,0.0
920,14.878382439169668,14,11,0.0
921,-5.3230713369462155,12,13,0.0
922,-5.005268304299265,12,13,0.0
923,-14.917295552387765,11,14,0.0
924,12.945722397953617,14,11,0.0
925,4.918165591067297,13,12,0.0
926,3.1649553175783187,13,12,0.0
927,-5.901726692547996,12,13,0.0
928,-6.6931179017441504,12,13,0.0
929,-6.3483712203315985,12,13,0.0
930,22.99507158884386,15,10,0.0
931,15.154828431985036,14,11,0.0
932,-5.292461295314718,12,13,0.0
933,13.990886031093453,14,11,0.0
934,25.09233556392203,15,10,0.0
935,26.094621483188032,15,10,0.0
936,35.59417017070014,16,9,0.0
937,4.415660887018104,13,12,0.0
938,15.322123258284778,14,11,0.0
939,4.186712127836074,13,12,0.0
940,25.585764494321875,15,10,0.0
941,-5.662629421241797,12,13,0.0
942,4.3513086606255325,13,12,0.0
943,15.52164207744259,14,11,0.0
944,-15.746654427114978,11,14,0.0
945,13.992653774359084,14,11,0.0
946,14.023095053109987,14,11,0.0
947,13.633645695111156,14,11,0.0
948,-4.818762716429967,12,13,0.0
949,5.293341733210255,13,12,0.0
950,-14.695239423930099,11,14,0.0
951,-25.079339948750643,10,15,0.0
952,-35.082635750250176,9,16,0.0
953,-4.929572574174734,12,13,0.0
954,13.937524949600029,14,11,0.0
955,-15.297156847636074,11,14,0.0
956,-15.333552518578099,11,14,0.0
957,-6.246877884917202,12,13,0.0
958,-25.19053119082498,10,15,0.0
959,3.076862332443275,13,12,0.0
960,13.754766147352473,14,11,0.0
961,-25.978401920160163,10,15,0.0
962,5.1623876443574,13,12,0.0
963,-6.069824480899474,12,13,0.0
964,24.163088025242708,15,10,0.0
965,4.752194171252089,13,12,0.0
966,14.47706190523677,14,11,0.0
967,15.364301909079984,14,11,0.0
968,-5.464850370163826,12,13,0.0
969,-4.996654492806007,12,13,0.0
970,-14.53008164624669,11,14,0.0
971,-17.131473490518335,11,14,0.0
972,-5.4753765350249255,12,13,0.0
973,-6.353432452703783,12,13,0.0
974,4.182155753600329,13,12,0.0
975,-6.21749234876591,12,13,0.0
976,24.74816359039554,15,10,0.0
977,-6.75796278828807,12,13,0.0
978,4.894032099864858,13,12,0.0
979,-25.40554129886263,10,15,0.0
980,5.312479432548477,13,12,0.0
981,4.233342935089466,13,12,0.0
982,3.479327881736868,13,12,0.0
983,-5.246889763380211,12,13,0.0
984,-6.267712386742224,12,13,0.0
985,-4.655720478318617,12,13,0.0
986,4.120646405975905,13,12,0.0
987,-14.113311362974857,11,14,0.0
988,14.116416011508742,14,11,0.0
989,14.144006158027615,14,11,0.0
990,14.763701629625684,14,11,0.0
991,-34.67050984417649,9,16,0.0
992,34.921110362101814,16,9,0.0
993,-35.928534128253226,9,16,0.0
994,-4.577094298082889,12,13,0.0
995,4.334242643377731,13,12,0.0
996,-5.76607678636728,12,13,0.0
997,-4.403600802492838,12,13,0.0
998,3.740579545784257,13,12,0.0
999,-15.027453152974964,11,14,0.0
1000,4.939586977492757,13,12,0.0
1001,24.438695605825163,15,10,0.0
1002,3.815859810000501,13,12,0.0
1003,-16.089649786042536,11,14,0.0
1004,14.924794907909101,14,11,0.0
1005,14.154106877483635,14,11,0.0
1006,4.098168071944299,13,12,0.0
1007,-5.949413330354178,12,13,0.0
1008,15.527987912269111,14,11,0.0
1009,-16.13111848085825,11,14,0.0
1010,34.4477351555868,16,9,0.0
1011,25.358215355477707,15,10,0.0
1012,-25.631025457877875,10,15,0.0
1013,-5.506379399527788,12,13,0.0
1014,-6.710201093348022,12,13,0.0
1015,24.580658112050116,15,10,0.0
1016,-25.087355886933523,10,15,0.0
1017,-14.389532260536589,11,14,0.0
1018,-15.936283243660892,11,14,0.0
1019,-15.256798869381948,11,14,0.0
1020,5.8447343313334805,13,12,0.0
1021,4.853597575051921,13,12,0.0
1022,15.460591356966933,14,11,0.0
1023,14.674722079849431,14,11,0.0
1024,4.508586354339626,13,12,0.0
1025,-18.265880260108318,11,14,0.0
1026,-15.623632893436913,11,14,0.0
1027,14.729513329737728,14,11,0.0
1028,-6.154735030398295,12,13,0.0
1029,-6.021169536664157,12,13,0.0
1030,35.02799122746243,16,9,0.0
1031,15.123712850406854,14,11,0.0
1032,4.874645612269795,13,12,0.0
1033,4.889772306789687,13,12,0.0
1034,4.138177411268698,13,12,0.0
1035,-5.235093445981709,12,13,0.0
1036,-5.465708682551162,12,13,0.0
1037,4.288424106725252,13,12,0.0
1038,5.039702549706933,13,12,0.0
1039,5.232709196553776,13,12,0.0
1040,13.350595018404139,14,11,0.0
1041,24.66646013683911,15,10,0.0
1042,15.713565313731129,14,11,0.0
1043,24.080110542258932,15,10,0.0
1044,5.601351430458818,13,12,0.0
1045,3.9837698019210688,13,12,0.0
1046,35.18613836693704,16,9,0.0
1047,-5.956523721419322,12,13,0.0
1048,13.670882677462844,14,11,0.0
1049,4.556263966122151,13,12,0.0
1050,14.73597654696361,14,11,0.0
1051,3.686759062875054,13,12,0.0
1052,14.213976194785616,14,11,0.0
1053,4.14865573931577,13,12,0.0
1054,25.230227129708,15,10,0.0
1055,14.307870549458734,14,11,0.0
1056,24.90974695015791,15,10,0.0
1057,14.568943475055498,14,11,0.0
1058,4.226660722476457,13,12,0.0
1059,14.703535815628953,14,11,0.0
1060,5.580199424403894,13,12,0.0
1061,3.667445794250817,13,12,0.0
1062,-5.1381930335289905,12,13,0.0
1063,-14.968528661786657,11,14,0.0
1064,-15.957787727658054,11,14,0.0
1065,-5.2219293822667385,12,13,0.0
1066,-16.36319177822259,11,14,0.0
1067,-6.2435895349668895,12,13,0.0
1068,15.685491764958252,14,11,0.0
1069,3.5083553335077475,13,12,0.0
1070,14.732878071668448,14,11,0.0
1071,-16.18923920901518,11,14,0.0
1072,15.130364030467621,14,11,0.0
1073,14.187292865892758,14,11,0.0
1074,22.62646344223922,15,10,0.0
1075,13.819559369758968,14,11,0.0
1076,-14.420320568054116,11,14,0.0
1077,3.8851352946469824,13,12,0.0
1078,-15.603513571931774,11,14,0.0
1079,-7.877234517371327,12,13,0.0
1080,3.9708752251137565,13,12,0.0
1081,-4.9699871657407595,12,13,0.0
1082,4.089933466957341,13,12,0.0
1083,-5.354160661647899,12,13,0.0
1084,-15.403912838296613,11,14,0.0
1085,-27.034400718489223,10,15,0.0
1086,24.053655729789583,15,10,0.0
1087,5.2605401780177345,13,12,0.0
1088,3.8328986064704393,13,12,0.0
1089,-5.6830521919928065,12,13,0.0
1090,4.22492855626486,13,12,0.0
1091,-15.219608805356343,11,14,0.0
1092,-6.353492406670417,12,13,0.0
1093,-6.341931070068652,12,13,0.0
1094,4.071943698031921,13,12,0.0
1095,14.60800064456079,14,11,0.0
1096,-6.556519802689102,12,13,0.0
1097,14.521245552303842,14,11,0.0
1098,-6.067604371870243,12,13,0.0
1099,4.004950447165386,13,12,0.0
1100,4.849297817077505,13,12,0.0
1101,2.9281770062753383,13,12,0.0
1102,-5.977211785472562,12,13,0.0
1103,13.622615740144887,14,11,0.0
1104,5.313660032402813,13,12,0.0
1105,3.0223478249731013,13,12,0.0
1106,-35.31820912249866,9,16,0.0
1107,-5.079939198268719,12,13,0.0
1108,14.349599045578744,14,11,0.0
1109,-5.712760297524091,12,13,0.0
1110,14.44673457754653,14,11,0.0
1111,-6.303180149235603,12,13,0.0
1112,-15.973206828835728,11,14,0.0
1113,14.64675724835806,14,11,0.0
1114,14.991100328659773,14,11,0.0
1115,35.305751509508305,16,9,0.0
1116,3.7956893261680325,13,12,0.0
1117,3.890540034048448,13,12,0.0
1118,-27.168479294035365,10,15,0.0
1119,15.995499013991665,14,11,0.0
1120,-16.617169914195188,11,14,0.0
1121,23.9021894229639,15,10,0.0
1122,14.26086097936546,14,11,0.0
1123,13.379553713720966,14,11,0.0
1124,4.3207539028346345,13,12,0.0
1125,-5.614782723330655,12,13,0.0
1126,4.8739797571564685,13,12,0.0
1127,3.264754470090641,13,12,0.0
1128,23.44952196674997,15,10,0.0
1129,14.224353675110716,14,11,0.0
1130,14.058214586796474,14,11,0.0
1131,-6.9531469671956625,12,13,0.0
1132,13.741206895498777,14,11,0.0
1133,-16.047854750459035,11,14,0.0
1134,24.89899149945608,15,10,0.0
1135,-6.87394801244276,12,13,0.0
1136,14.89057741706655,14,11,0.0
1137,-27.730264833092324,10,15,0.0
1138,-16.356391543278484,11,14,0.0
1139,-7.401115355314536,12,13,0.0
1140,34.995756200477196,16,9,0.0
1141,-16.67177073921962,11,14,0.0
1142,13.936166311262191,14,11,0.0
1143,13.663554406717271,14,11,0.0
1144,15.214360377061002,14,11,0.0
1145,25.2075003887449,15,10,0.0
1146,-15.630447064715522,11,14,0.0
1147,15.44168014585998,14,11,0.0
1148,24.51551470815381,15,10,0.0
1149,4.344180243601561,13,12,0.0
1150,13.651496149336083,14,11,0.0
1151,12.879295908496218,14,11,0.0
1152,4.512282737818,13,12,0.0
1153,36.103949785683575,16,9,0.0
1154,15.575798760027,14,11,0.0
1155,23.820166714746282,15,10,0.0
1156,3.149402873444328,13,12,0.0
1157,3.1843012163044984,13,12,0.0
1158,14.916841342931495,14,11,0.0
1159,24.509554227807307,15,10,0.0
1160,24.167106937854463,15,10,0.0
1161,4.951388543678997,13,12,0.0
1162,14.533314193747405,14,11,0.0
1163,-15.200191764347133,11,14,0.0
1164,5.869501372352726,13,12,0.0
1165,-5.4001745850794425,12,13,0.0
1166,14.546712694133381,14,11,0.0
1167,35.08778867553984,16,9,0.0
1168,13.682768895240962,14,11,0.0
1169,-5.555860610437901,12,13,0.0
1170,4.780986695935486,13,12,0.0
1171,-5.350518960140721,12,13,0.0
1172,23.3303752372049,15,10,0.0
1173,13.79073028796774,14,11,0.0
1174,23.843669918170303,15,10,0.0
1175,14.465749022296071,14,11,0.0
1176,13.096558144765357,14,11,0.0
1177,4.5146765200695596,13,12,0.0
1178,13.380563921637211,14,11,0.0
1179,14.99373601639704,14,11,0.0
1180,-7.132216034282247,12,13,0.0
1181,5.241523371219552,13,12,0.0
1182,3.815859784273906,13,12,0.0
1183,4.416151034099787,13,12,0.0
1184,24.412228216461813,15,10,0.0
1185,-18.352083491146807,11,14,0.0
1186,4.752293898085677,13,12,0.0
1187,24.726518420703904,15,10,0.0
1188,24.25486477908957,15,10,0.0
1189,25.381961133233034,15,10,0.0
1190,35.372391910557134,16,9,0.0
1191,5.06809082378152,13,12,0.0
1192,4.168599853405306,13,12,0.0
1193,3.3625813218564584,13,12,0.0
1194,35.56911573070147,16,9,0.0
1195,-8.037621099692007,12,13,0.0
1196,14.347309092711125,14,11,0.0
1197,34.79562672463086,16,9,0.0
1198,3.2126808352296132,13,12,0.0
1199,15.570578366946464,14,11,0.0
1200,-5.658933866399104,12,13,0.0
1201,-16.34973300042206,11,14,0.0
1202,13.550594394646646,14,11,0.0
1203,5.034441065421348,13,12,0.0
1204,15.402218092343123,14,11,0.0
1205,15.307366888785047,14,11,0.0
1206,24.22060194877386,15,10,0.0
1207,24.26126592052473,15,10,0.0
1208,24.068595620299455,15,10,0.0
1209,4.131381272238849,13,12,0.0
1210,24.47894463979702,15,10,0.0
1211,-4.888983971120054,12,13,0.0
1212,4.464245687251494,13,12,0.0
1213,5.477206089566404,13,12,0.0
1214,-15.47664257441889,11,14,0.0
1215,15.370074958139782,14,11,0.0
1216,25.246279897272284,15,10,0.0
1217,24.84958867109131,15,10,0.0
1218,2.4033069193981107,13,12,0.0
1219,-5.274221266555795,12,13,0.0
1220,15.454426225853735,14,11,0.0
1221,-5.695940778822183,12,13,0.0
1222,-5.288120198017871,12,13,0.0
1223,-17.137202469868527,11,14,0.0
1224,14.159454070276293,14,11,0.0
1225,14.872925059193534,14,11,0.0
1226,24.920047596567542,15,10,0.0
1227,35.20534387194693,16,9,0.0
1228,14.875207699517613,14,11,0.0
1229,-5.420970248502342,12,13,0.0
1230,25.557135393141817,15,10,0.0
1231,3.975079566001209,13,12,0.0
1232,-15.759909351156288,11,14,0.0
1233,23.31860088785951,15,10,0.0
1234,15.260044222906956,14,11,0.0
1235,13.491788519125578,14,11,0.0
1236,4.580779218393648,13,12,0.0
1237,4.132458231993153,13,12,0.0
1238,13.624445855012638,14,11,0.0
1239,-16.328356742483972,11,14,0.0
1240,-17.11184898475543,11,14,0.0
1241,-6.145237018295717,12,13,0.0
1242,-4.864618856410871,12,13,0.0
1243,4.2353506518295365,13,12,0.0
1244,-16.870728909369905,11,14,0.0
1245,14.910308818082797,14,11,0.0
1246,4.522589567183763,13,12,0.0
1247,24.783763056801327,15,10,0.0
1248,15.361320301524007,14,11,0.0
1249,14.280730074966776,14,11,0.0
1250,23.908026024865908,15,10,0.0
1251,4.001362574252264,13,12,0.0
1252,14.803537331913775,14,11,0.0
1253,23.615944156746618,15,10,0.0
1254,4.632431518519045,13,12,0.0
1255,3.182275396838122,13,12,0.0
1256,26.132445270458565,15,10,0.0
1257,5.215766951017197,13,12,0.0
1258,24.033675448875346,15,10,0.0
1259,4.412399553701437,13,12,0.0
1260,35.40633975616196,16,9,0.0
1261,4.99864547810263,13,12,0.0
1262,14.103220031404767,14,11,0.0
1263,3.856828120077286,13,12,0.0
1264,-15.015970395817181,11,14,0.0
1265,33.96478548323638,16,9,0.0
1266,-6.696490517112907,12,13,0.0
1267,13.638455745196548,14,11,0.0
1268,-14.330044619942838,11,14,0.0
1269,-5.310521642652989,12,13,0.0
1270,23.915004567619064,15,10,0.0
1271,14.59935920359234,14,11,0.0
1272,-5.185132063367853,12,13,0.0
1273,-6.0055967338630385,12,13,0.0
1274,15.06449721320947,14,11,0.0
1275,14.861861159074449,14,11,0.0
1276,13.239643329152209,14,11,0.0
1277,35.019080836720754,16,9,0.0
1278,14.967953727793226,14,11,0.0
1279,-7.0818242525330515,12,13,0.0
1280,3.392798835962421,13,12,0.0
1281,15.285125202047329,14,11,0.0
1282,13.588975300265938,14,11,0.0
1283,12.728543783152075,14,11,0.0
1284,-6.948986904650261,12,13,0.0
1285,14.359832412658267,14,11,0.0
1286,24.938142399701196,15,10,0.0
1287,14.095643332756874,14,11,0.0
1288,24.152002330252394,15,10,0.0
1289,-4.75428229049747,12,13,0.0
1290,23.87386380846602,15,10,0.0
1291,-27.361637751516614,10,15,0.0
1292,24.755877561759227,15,10,0.0
1293,14.72413798579168,14,11,0.0
1294,-15.160178717205575,11,14,0.0
1295,15.177777701172737,14,11,0.0
1296,4.689305133901229,13,12,0.0
1297,13.984459375079169,14,11,0.0
1298,25.42895084611111,15,10,0.0
1299,13.44301782510382,14,11,0.0
1300,13.240438364391583,14,11,0.0
1301,14.176057110461915,14,11,0.0
1302,-6.761560348298345,12,13,0.0
1303,25.18671491456429,15,10,0.0
1304,4.579756047779744,13,12,0.0
1305,14.80341247647595,14,11,0.0
1306,5.053506007313164,13,12,0.0
1307,14.271627715798255,14,11,0.0
1308,4.8314388307985965,13,12,0.0
1309,-26.321382693672007,10,15,0.0
1310,-6.587215060750467,12,13,0.0
1311,14.372913597683787,14,11,0.0
1312,3.13210997740757,13,12,0.0
1313,14.199389158786182,14,11,0.0
1314,13.301366359558008,14,11,0.0
1315,14.426789741161382,14,11,0.0
1316,3.9633309785091964,13,12,0.0
1317,-4.7433468196266055,12,13,0.0
1318,23.70392229148976,15,10,0.0
1319,13.68083611590334,14,11,0.0
1320,24.368870564910686,15,10,0.0
1321,3.5924450486802257,13,12,0.0
1322,23.881709710330995,15,10,0.0
1323,13.990642815102351,14,11,0.0
1324,-6.227335727429639,12,13,0.0
1325,-6.198020180557707,12,13,0.0
1326,14.09163430326252,14,11,0.0
1327,35.012970697837,16,9,0.0
1328,-5.76227842926826,12,13,0.0
1329,4.698047363946396,13,12,0.0
1330,3.8113050456783686,13,12,0.0
1331,-16.608930916825585,11,14,0.0
1332,16.20428788190651,14,11,0.0
1333,3.2671628743351473,13,12,0.0
1334,4.685958419605701,13,12,0.0
1335,26.1380809001579,15,10,0.0
1336,3.601749863714616,13,12,0.0
1337,-6.068465322289337,12,13,0.0
1338,25.374798697163424,15,10,0.0
1339,14.155321340420079,14,11,0.0
1340,13.977826384968633,14,11,0.0
1341,4.852060534447139,13,12,0.0
1342,3.847881875896979,13,12,0.0
1343,34.770209839384954,16,9,0.0
1344,14.648763563590057,14,11,0.0
1345,14.39459740642079,14,11,0.0
1346,5.693711921900948,13,12,0.0
1347,15.410159420858486,14,11,0.0
1348,-6.100459261333842,12,13,0.0
1349,26.171197189007334,15,10,0.0
1350,25.297969953052633,15,10,0.0
1351,13.448884104812798,14,11,0.0
1352,23.659838087853988,15,10,0.0
1353,4.077794509431564,13,12,0.0
1354,23.678382959417995,15,10,0.0
1355,14.103803837991567,14,11,0.0
1356,4.454125850479834,13,12,0.0
1357,24.58213328725609,15,10,0.0
1358,2.9815221261924494,13,12,0.0
1359,5.576059301433678,13,12,0.0
1360,14.99774242585806,14,11,0.0
1361,2.9137915583367313,13,12,0.0
1362,14.236148755920926,14,11,0.0
1363,15.226605446289742,14,11,0.0
1364,4.423461600767332,13,12,0.0
1365,25.569149352329887,15,10,0.0
1366,3.1603505223680806,13,12,0.0
1367,4.189751630406953,13,12,0.0
1368,13.85389946323207,14,11,0.0
1369,15.294518564484388,14,11,0.0
1370,14.530185789648888,14,11,0.0
1371,14.946919885101249,14,11,0.0
1372,14.623265500576679,14,11,0.0
1373,14.944762665813418,14,11,0.0
1374,13.061402985318455,14,11,0.0
1375,3.7697751857154564,13,12,0.0
1376,5.080454821927704,13,12,0.0
1377,4.812579836448689,13,12,0.0
1378,-5.761048114579493,12,13,0.0
1379,24.014580898394858,15,10,0.0
1380,15.361739413624955,14,11,0.0
1381,14.477977620714999,14,11,0.0
1382,5.143342134968158,13,12,0.0
1383,-4.420667622900833,12,13,0.0
1384,-4.522354496966191,12,13,0.0
1385,13.769836209389538,14,11,0.0
1386,3.695252329789245,13,12,0.0
1387,14.457284096493144,14,11,0.0
1388,15.180854698106877,14,11,0.0
1389,24.811432171769397,15,10,0.0
1390,34.63744579921983,16,9,0.0
1391,35.157570319016045,16,9,0.0
1392,14.082937142958912,14,11,0.0
1393,-26.793717161381544,10,15,0.0
1394,-26.461368007874718,10,15,0.0
1395,14.377788090450068,14,11,0.0
1396,-5.070133901332482,12,13,0.0
1397,13.217677199308328,14,11,0.0
1398,5.554699511981764,13,12,0.0
1399,3.2229109329351786,13,12,0.0
1400,15.340805905509061,14,11,0.0
1401,-17.54248360598542,11,14,0.0
1402,-6.696593502644508,12,13,0.0
1403,23.706950429207623,15,10,0.0
1404,3.576434233810147,13,12,0.0
1405,-6.185329834563394,12,13,0.0
1406,14.34506967584064,14,11,0.0
1407,24.189235338762607,15,10,0.0
1408,-5.585635735358121,12,13,0.0
1409,13.182041867757514,14,11,0.0
1410,25.357946673084953,15,10,0.0
1411,23.81817671278555,15,10,0.0
1412,34.36071924885214,16,9,0.0
1413,14.978016838463024,14,11,0.0
1414,23.594376174817445,15,10,0.0
1415,24.00222839777112,15,10,0.0
1416,34.04336525337566,16,9,0.0
1417,3.209503499166571,13,12,0.0
1418,-15.455125378590163,11,14,0.0
1419,15.760735433774158,14,11,0.0
1420,-5.077518859774509,12,13,0.0
1421,24.49909758332685,15,10,0.0
1422,12.89307470480038,14,11,0.0
1423,23.19433718794393,15,10,0.0
1424,4.327203201074509,13,12,0.0
1425,4.767961049749186,13,12,0.0
1426,-5.549268211609089,12,13,0.0
1427,14.231781710383096,14,11,0.0
1428,14.043900151295052,14,11,0.0
1429,-6.031107548876724,12,13,0.0
1430,4.794576961056137,13,12,0.0
1431,-6.276134233375759,12,13,0.0
1432,14.511484196460678,14,11,0.0
1433,24.93653099501778,15,10,0.0
1434,13.645061635734777,14,11,0.0
1435,3.6575180283237305,13,12,0.0
1436,4.77133263978364,13,12,0.0
1437,14.404348023405625,14,11,0.0
1438,-18.227551092052195,11,14,0.0
1439,-6.226737930014826,12,13,0.0
1440,-7.137528421459616,12,13,0.0
1441,-5.862111364763093,12,13,0.0
1442,24.573185940073294,15,10,0.0
1443,15.157910228971993,14,11,0.0
1444,14.303595374270143,14,11,0.0
1445,-5.648722656380148,12,13,0.0
1446,13.770843769003879,14,11,0.0
1447,34.51607137364815,16,9,0.0
1448,14.738241490011323,14,11,0.0
1449,23.99485516805205,15,10,0.0
1450,24.8300596516659,15,10,0.0
1451,25.52285418946844,15,10,0.0
1452,3.4855399318656777,13,12,0.0
1453,45.13678903983936,17,8,0.0
1454,4.376580973665087,13,12,0.0
1455,23.827321942730773,15,10,0.0
1456,4.086482604655522,13,12,0.0
1457,5.2345806427053265,13,12,0.0
1458,14.157949226903673,14,11,0.0
1459,4.061922152843563,13,12,0.0
1460,13.758480660900167,14,11,0.0
1461,-6.765289783967946,12,13,0.0
1462,25.455553578783313,15,10,0.0
1463,14.364661076545707,14,11,0.0
1464,24.743759723210715,15,10,0.0
1465,24.20056878880373,15,10,0.0
1466,-4.882639127431698,12,13,0.0
1467,25.61021662194327,15,10,0.0
1468,25.58312144376711,15,10,0.0
1469,3.5838742513082273,13,12,0.0
1470,23.257333370181673,15,10,0.0
1471,15.08434117132617,14,11,0.0
1472,14.020418093830253,14,11,0.0
1473,24.69401923285934,15,10,0.0
1474,24.66426627033587,15,10,0.0
1475,-5.371250476362125,12,13,0.0
1476,14.095966534713511,14,11,0.0
1477,23.923288683317708,15,10,0.0
1478,15.126059535080985,14,11,0.0
1479,-16.43457448664256,11,14,0.0
1480,3.830455897011129,13,12,0.0
1481,4.347282932870083,13,12,0.0
1482,15.979950632897328,14,11,0.0
1483,4.217767240011177,13,12,0.0
1484,23.8608627827363,15,10,0.0
1485,24.913291604934855,15,10,0.0
1486,4.479685471430174,13,12,0.0
1487,-6.96659566553002,12,13,0.0
1488,4.636930130066163,13,12,0.0
1489,-4.471117830834069,12,13,0.0
1490,-7.21763532130688,12,13,0.0
1491,12.911891631850644,14,11,0.0
1492,25.236351444432344,15,10,0.0
1493,-4.4007731303810615,12,13,0.0
1494,14.392065673854292,14,11,0.0
1495,3.8484911357705154,13,12,0.0
1496,-5.996784551035074,12,13,0.0
1497,5.146985285746924,13,12,0.0
1498,24.999320302439052,15,10,0.0
1499,4.709298882383713,13,12,0.0
1500,23.562634328029556,15,10,0.0
1501,4.694428076891558,13,12,0.0
1502,-5.226218660824174,12,13,0.0
1503,25.503054296376536,15,10,0.0
1504,-16.398524838624972,11,14,0.0
1505,4.704203529880586,13,12,0.0
1506,24.94206996366949,15,10,0.0
1507,15.054720806623802,14,11,0.0
1508,14.464154200307686,14,11,0.0
1509,-36.356203032711434,9,16,0.0
1510,4.1748400071886715,13,12,0.0
1511,4.181940570556812,13,12,0.0
1512,3.8974378928979005,13,12,0.0
1513,4.581332133705244,13,12,0.0
1514,15.256790365728966,14,11,0.0
1515,4.914818321597678,13,12,0.0
1516,34.95148941899391,16,9,0.0
1517,25.585279187881795,15,10,0.0
1518,23.99770586522186,15,10,0.0
1519,-5.635695664709647,12,13,0.0
1520,4.837817822085746,13,12,0.0
1521,44.55252769874811,17,8,0.0
1522,-6.512697445294062,12,13,0.0
1523,15.21476493753919,14,11,0.0
1524,13.712268208127181,14,11,0.0
1525,13.466139521487303,14,11,0.0
1526,14.1811993482901,14,11,0.0
1527,14.15536432973016,14,11,0.0
1528,3.6257007642576617,13,12,0.0
1529,-16.167574534040916,11,14,0.0
1530,23.60289229898615,15,10,0.0
1531,14.020369118864554,14,11,0.0
1532,25.188583679407593,15,10,0.0
1533,6.164192447639966,13,12,0.0
1534,4.530672737950138,13,12,0.0
1535,34.66888283794758,16,9,0.0
1536,24.037285062587564,15,10,0.0
1537,-15.702909971601294,11,14,0.0
1538,15.167327224279738,14,11,0.0
1539,14.251983550046148,14,11,0.0
1540,25.268777102617026,15,10,0.0
1541,14.523142868169156,14,11,0.0
1542,-5.92724273456562,12,13,0.0
1543,14.186724704975022,14,11,0.0
1544,5.16661997088071,13,12,0.0
1545,25.120138132313876,15,10,0.0
1546,15.107246507123474,14,11,0.0
1547,15.090340080606829,14,11,0.0
1548,4.822831467299176,13,12,0.0
1549,4.113457130512159,13,12,0.0
1550,14.511837451510385,14,11,0.0
1551,24.056684980915346,15,10,0.0
1552,14.307457250833009,14,11,0.0
1553,14.889048185959378,14,11,0.0
1554,13.824598149784148,14,11,0.0
1555,12.72784714029391,14,11,0.0
1556,-5.020501685580267,12,13,0.0
1557,13.285263735790174,14,11,0.0
1558,15.404042501441987,14,11,0.0
1559,5.752300074129579,13,12,0.0
1560,3.286084641328541,13,12,0.0
1561,13.55406338703327,14,11,0.0
1562,24.511888206272218,15,10,0.0
1563,14.521484238953642,14,11,0.0
1564,3.702718670877797,13,12,0.0
1565,25.001329156574457,15,10,0.0
1566,14.02978918599947,14,11,0.0
1567,-5.092182997895267,12,13,0.0
1568,12.520397230940759,14,11,0.0
1569,13.36772182722135,14,11,0.0
1570,-6.128099452359162,12,13,0.0
1571,13.404017974624125,14,11,0.0
1572,25.133698925443777,15,10,0.0
1573,3.2479282823583935,13,12,0.0
1574,14.917059918961568,14,11,0.0
1575,23.970639888694063,15,10,0.0
1576,-7.389501099127328,12,13,0.0
1577,3.813160434365434,13,12,0.0
1578,43.85791410693718,17,8,0.0
1579,4.38901620099459,13,12,0.0
1580,23.52753786985308,15,10,0.0
1581,-6.671115856718693,12,13,0.0
1582,5.203920034954027,13,12,0.0
1583,3.854907634658316,13,12,0.0
1584,-6.44179912594157,12,13,0.0
1585,25.06146402614759,15,10,0.0
1586,14.19406719190928,14,11,0.0
1587,4.239623815454153,13,12,0.0
1588,24.917673511589474,15,10,0.0
1589,-15.242716382263996,11,14,0.0
1590,14.541688942696794,14,11,0.0
1591,13.677967092947299,14,11,0.0
1592,15.242925231699488,14,11,0.0
1593,13.754361295387051,14,11,0.0
1594,-5.0573093229705535,12,13,0.0
1595,3.944722835310378,13,12,0.0
1596,24.58597981834841,15,10,0.0
1597,-16.287243321320155,11,14,0.0
1598,14.805006858931216,14,11,0.0
1599,4.698165232948503,13,12,0.0
1600,14.316404683857208,14,11,0.0
1601,3.9734450456988366,13,12,0.0
1602,13.653704089482623,14,11,0.0
1603,14.190286256964836,14,11,0.0
1604,14.60365910149366,14,11,0.0
1605,25.011735452458275,15,10,0.0
1606,34.144494452511736,16,9,0.0
1607,-6.915898658903206,12,13,0.0
1608,23.64937341279906,15,10,0.0
1609,34.399950299005866,16,9,0.0
1610,13.777257858586903,14,11,0.0
1611,14.477943061538635,14,11,0.0
1612,35.868117198961336,16,9,0.0
1613,4.030741040480304,13,12,0.0
1614,14.390246594190948,14,11,0.0
1615,3.7490868857451165,13,12,0.0
1616,14.594786212905921,14,11,0.0
1617,4.936075734875185,13,12,0.0
1618,24.03437722399551,15,10,0.0
1619,33.995064525272205,16,9,0.0
1620,23.765873605828855,15,10,0.0
1621,13.443240303770077,14,11,0.0
1622,23.611881984844494,15,10,0.0
1623,24.06611824253463,15,10,0.0
1624,14.231846307683313,14,11,0.0
1625,-6.969996264215613,12,13,0.0
1626,23.30491600378784,15,10,0.0
1627,4.296972532161547,13,12,0.0
1628,-15.69013769421522,11,14,0.0
1629,3.606487532176022,13,12,0.0
1630,3.60455396786057,13,12,0.0
1631,-7.862083794391107,12,13,0.0
1632,44.19114766385227,17,8,0.0
1633,13.855919236191587,14,11,0.0
1634,3.032660975071207,13,12,0.0
1635,24.382579801780967,15,10,0.0
1636,-17.885481246492876,11,14,0.0
1637,34.86844428662755,16,9,0.0
1638,-5.850019345430461,12,13,0.0
1639,-5.417560624143835,12,13,0.0
1640,23.76397126489045,15,10,0.0
1641,14.10893596566507,14,11,0.0
1642,25.454190778272057,15,10,0.0
1643,23.983327555910318,15,10,0.0
1644,44.52131143846858,17,8,0.0
1645,3.788667231570047,13,12,0.0
1646,25.283767970488356,15,10,0.0
1647,35.42104914696123,16,9,0.0
1648,33.78271415029786,16,9,0.0
1649,23.946270742457287,15,10,0.0
1650,33.948059068789924,16,9,0.0
1651,35.11360683474681,16,9,0.0
1652,13.534722267385096,14,11,0.0
1653,34.57623874213939,16,9,0.0
1654,14.770225172934637,14,11,0.0
1655,3.1585421742404165,13,12,0.0
1656,24.77951624146408,15,10,0.0
1657,13.849199897592431,14,11,0.0
1658,13.223417605857206,14,11,0.0
1659,3.8098189601238346,13,12,0.0
1660,3.7104228583915617,13,12,0.0
1661,15.238807946603208,14,11,0.0
1662,14.258293936306451,14,11,0.0
1663,23.88894319222748,15,10,0.0
1664,33.38394756053958,16,9,0.0
1665,13.606425916014558,14,11,0.0
1666,3.9726479648699193,13,12,0.0
1667,14.653208715192367,14,11,0.0
1668,24.484673818434032,15,10,0.0
1669,3.3938123464339744,13,12,0.0
1670,-6.571603056139191,12,13,0.0
1671,25.25169779401336,15,10,0.0
1672,-6.3435992440528,12,13,0.0
1673,3.955494319923064,13,12,0.0
1674,-7.096363952250874,12,13,0.0
1675,-6.264537992310521,12,13,0.0
1676,24.714660316313022,15,10,0.0
1677,3.863336271436351,13,12,0.0
1678,3.782060286455513,13,12,0.0
1679,3.7230577382703185,13,12,0.0
1680,24.61609079564314,15,10,0.0
1681,3.7865605840407994,13,12,0.0
1682,4.742418076364456,13,12,0.0
1683,24.264333962488802,15,10,0.0
1684,24.244677440072017,15,10,0.0
1685,4.779124152466444,13,12,0.0
1686,12.851727401474081,14,11,0.0
1687,4.676316204823863,13,12,0.0
1688,24.230344111283006,15,10,0.0
1689,26.77507765357146,15,10,0.0
1690,4.239570008129327,13,12,0.0
1691,-16.151041846257193,11,14,0.0
1692,23.66075993196212,15,10,0.0
1693,24.477914400723417,15,10,0.0
1694,34.61857808680213,16,9,0.0
1695,3.2200340067156263,13,12,0.0
1696,23.941517440757288,15,10,0.0
1697,3.279630254159035,13,12,0.0
1698,24.147999166446667,15,10,0.0
1699,12.712315684782627,14,11,0.0
1700,3.500880871982498,13,12,0.0
1701,35.20927186451024,16,9,0.0
1702,24.13910190458233,15,10,0.0
1703,14.373642485870516,14,11,0.0
1704,12.650577407611301,14,11,0.0
1705,4.304737705285945,13,12,0.0
1706,13.019361253058563,14,11,0.0
1707,4.623958628948554,13,12,0.0
1708,23.810736888011863,15,10,0.0
1709,-6.234982475454419,12,13,0.0
1710,34.60262425781379,16,9,0.0
1711,-6.160414318543124,12,13,0.0
1712,35.56936728365583,16,9,0.0
1713,13.98185298306563,14,11,0.0
1714,4.04874719646642,13,12,0.0
1715,2.9387656981298926,13,12,0.0
1716,24.74377637324908,15,10,0.0
1717,34.297869158658365,16,9,0.0
1718,24.47179036387256,15,10,0.0
1719,3.549172110806035,13,12,0.0
1720,14.192684491528553,14,11,0.0
1721,35.02347338621396,16,9,0.0
1722,25.661639200910372,15,10,0.0
1723,14.579748008793874,14,11,0.0
1724,13.081133325432297,14,11,0.0
1725,4.282664776659387,13,12,0.0
1726,14.16943880765076,14,11,0.0
1727,12.650814646654165,14,11,0.0
1728,14.93773790653908,14,11,0.0
1729,13.88550111911109,14,11,0.0
1730,15.437959567443745,14,11,0.0
1731,35.21131042942363,16,9,0.0
1732,4.021912000895657,13,12,0.0
1733,13.802357125761858,14,11,0.0
1734,14.225361259008984,14,11,0.0
1735,3.795272148403736,13,12,0.0
1736,4.040080380021523,13,12,0.0
1737,14.777580852178607,14,11,0.0
1738,15.180426981197641,14,11,0.0
1739,24.544776967019565,15,10,0.0
1740,24.81086750199415,15,10,0.0
1741,24.073483049801567,15,10,0.0
1742,4.2834729975247035,13,12,0.0
1743,24.428602888334535,15,10,0.0
1744,24.673968274126878,15,10,0.0
1745,12.54379482932691,14,11,0.0
1746,14.271086361017376,14,11,0.0
1747,3.737837879816997,13,12,0.0
1748,34.08295250875318,16,9,0.0
1749,24.369219471455043,15,10,0.0
1750,13.531053733445628,14,11,0.0
1751,14.24891756000186,14,11,0.0
1752,14.470902592249411,14,11,0.0
1753,-4.955507324484566,12,13,0.0
1754,-6.353010475304009,12,13,0.0
1755,34.52588486945104,16,9,0.0
1756,24.588455366179474,15,10,0.0
1757,13.527734686748241,14,11,0.0
1758,3.9771992798753857,13,12,0.0
1759,24.56623961289323,15,10,0.0
1760,13.284405659645149,14,11,0.0
1761,14.238719089495516,14,11,0.0
1762,23.130805874533284,15,10,0.0
1763,3.2660753714857,13,12,0.0
1764,23.745018600361824,15,10,0.0
1765,-6.031868796872666,12,13,0.0
1766,2.68259747086287,13,12,0.0
1767,-25.8709958138581,10,15,0.0
1768,4.756537831767217,13,12,0.0
1769,24.6860536085707,15,10,0.0
1770,4.953145531501651,13,12,0.0
1771,13.889852728114185,14,11,0.0
1772,24.496010872904833,15,10,0.0
1773,3.659356236106774,13,12,0.0
1774,14.457331043814555,14,11,0.0
1775,3.699019298047074,13,12,0.0
1776,14.559819222062465,14,11,0.0
1777,25.553952601466115,15,10,0.0
1778,3.6315959127877546,13,12,0.0
1779,35.036442597519674,16,9,0.0
1780,24.965293132299514,15,10,0.0
1781,13.32947496853038,14,11,0.0
1782,24.723888603122706,15,10,0.0
1783,2.970855270540853,13,12,0.0
1784,-6.091273691282205,12,13,0.0
1785,36.21174206420233,16,9,0.0
1786,-5.892747899194197,12,13,0.0
1787,-7.140546341966342,12,13,0.0
1788,23.66302831416817,15,10,0.0
1789,13.067824775788546,14,11,0.0
1790,24.248290992567227,15,10,0.0
1791,13.737527976525339,14,11,0.0
1792,34.07773659231998,16,9,0.0
1793,23.742480252767066,15,10,0.0
1794,14.518896273627565,14,11,0.0
1795,24.41452102890369,15,10,0.0
1796,33.93570127418104,16,9,0.0
1797,13.792700390866754,14,11,0.0
1798,3.8255446278050265,13,12,0.0
1799,14.324915984971868,14,11,0.0
1800,13.98214595846666,14,11,0.0
1801,25.42778190936101,15,10,0.0
1802,13.521095112837628,14,11,0.0
1803,-17.13843983634103,11,14,0.0
1804,14.091560582657195,14,11,0.0
1805,34.69842927075364,16,9,0.0
1806,24.072546650828738,15,10,0.0
1807,24.869576130469497,15,10,0.0
1808,34.616893703079455,16,9,0.0
1809,14.025913586922087,14,11,0.0
1810,24.264668635519783,15,10,0.0
1811,12.27812036815055,14,11,0.0
1812,35.520208386687116,16,9,0.0
1813,-5.403741458613664,12,13,0.0
1814,3.215714177125542,13,12,0.0
1815,15.259920451377623,14,11,0.0
1816,13.454443532413634,14,11,0.0
1817,14.512413482452834,14,11,0.0
1818,-6.7622749254274765,12,13,0.0
1819,-17.581235227509033,11,14,0.0
1820,14.118833845302042,14,11,0.0
1821,3.8503349615292217,13,12,0.0
1822,3.938980518157145,13,12,0.0
1823,15.026015625462463,14,11,0.0
1824,24.20713507241483,15,10,0.0
1825,3.1361964100928965,13,12,0.0
1826,14.442241326561062,14,11,0.0
1827,14.474154814497746,14,11,0.0
1828,14.488226856752773,14,11,0.0
1829,24.568887341606715,15,10,0.0
1830,3.8961522108353908,13,12,0.0
1831,25.715784741046008,15,10,0.0
1832,3.578112313849875,13,12,0.0
1833,13.25098658235502,14,11,0.0
1834,14.033477283992507,14,11,0.0
1835,24.98042477436159,15,10,0.0
1836,-6.770409190146544,12,13,0.0
1837,25.20986755768466,15,10,0.0
1838,-17.892921237139987,11,14,0.0
1839,13.863835252377493,14,11,0.0
1840,5.1970940695954795,13,12,0.0
1841,4.842844266772357,13,12,0.0
1842,24.04893170068177,15,10,0.0
1843,34.969555774197154,16,9,0.0
1844,14.631193193657095,14,11,0.0
1845,5.163884517362694,13,12,0.0
1846,34.132123478296656,16,9,0.0
1847,3.259151130916999,13,12,0.0
1848,25.08676130381876,15,10,0.0
1849,12.722283126518441,14,11,0.0
1850,13.270202649401053,14,11,0.0
1851,14.165265706976388,14,11,0.0
1852,-6.42367478035469,12,13,0.0
1853,3.805922890593237,13,12,0.0
1854,24.231065825651964,15,10,0.0
1855,23.960906780455076,15,10,0.0
1856,34.52155754292941,16,9,0.0
1857,14.618912256189935,14,11,0.0
1858,23.436596444510435,15,10,0.0
1859,15.676856614072332,14,11,0.0
1860,1.890135055077402,13,12,0.0
1861,25.783169005856074,15,10,0.0
1862,15.306143984735908,14,11,0.0
1863,13.780026863420273,14,11,0.0
1864,4.443957917792976,13,12,0.0
1865,14.029384586111092,14,11,0.0
1866,34.06197997920688,16,9,0.0
1867,2.951060038135558,13,12,0.0
1868,23.19768558521621,15,10,0.0
1869,23.59050463122519,15,10,0.0
1870,3.611019921082505,13,12,0.0
1871,13.416708346055664,14,11,0.0
1872,-6.292050274284316,12,13,0.0
1873,13.683975219474013,14,11,0.0
1874,15.218562492249575,14,11,0.0
1875,-5.70808438670902,12,13,0.0
1876,-25.701277123924505,10,15,0.0
1877,14.590264166715313,14,11,0.0
1878,13.597338880414554,14,11,0.0
1879,-6.846688254631282,12,13,0.0
1880,13.747254077279615,14,11,0.0
1881,13.187242640363806,14,11,0.0
1882,3.311611609256694,13,12,0.0
1883,15.061901352212459,14,11,0.0
1884,14.41968583920874,14,11,0.0
1885,13.893919597021315,14,11,0.0
1886,4.587385968882199,13,12,0.0
1887,14.475884380113495,14,11,0.0
1888,23.566860932950597,15,10,0.0
1889,-6.766877787803237,12,13,0.0
1890,44.314780465987674,17,8,0.0
1891,13.978902507872984,14,11,0.0
1892,23.97247747083977,15,10,0.0
1893,3.7618215422244328,13,12,0.0
1894,13.079249577952716,14,11,0.0
1895,24.388407364655404,15,10,0.0
1896,25.021025278818186,15,10,0.0
1897,23.218685700953877,15,10,0.0
1898,3.248947863481882,13,12,0.0
1899,4.887587028984715,13,12,0.0
1900,13.81774995305776,14,11,0.0
1901,-5.472106863833851,12,13,0.0
1902,3.17124522505855,13,12,0.0
1903,15.133204445808943,14,11,0.0
1904,14.577890833309425,14,11,0.0
1905,15.369024657138807,14,11,0.0
1906,24.349149175791354,15,10,0.0
1907,4.316084028214843,13,12,0.0
1908,24.942971154117885,15,10,0.0
1909,23.588269460969098,15,10,0.0
1910,12.921437942101493,14,11,0.0
1911,23.75115352367969,15,10,0.0
1912,14.148572998690568,14,11,0.0
1913,24.424935397303564,15,10,0.0
1914,5.457149330653596,13,12,0.0
1915,24.171623442305165,15,10,0.0
1916,14.204828856578734,14,11,0.0
1917,-16.82856864436863,11,14,0.0
1918,13.910158026127343,14,11,0.0
1919,23.46631383530277,15,10,0.0
1920,13.599334307809906,14,11,0.0
1921,15.064779652758062,14,11,0.0
1922,33.43989669269462,16,9,0.0
1923,3.017282675254453,13,12,0.0
1924,23.713889785339717,15,10,0.0
1925,13.679846569898022,14,11,0.0
1926,2.875405848544288,13,12,0.0
1927,13.218718408233897,14,11,0.0
1928,34.61132519519971,16,9,0.0
1929,24.491092165110384,15,10,0.0
1930,-5.908896024564152,12,13,0.0
1931,35.300977878158996,16,9,0.0
1932,23.76730366968851,15,10,0.0
1933,13.46574400714183,14,11,0.0
1934,24.024707266604345,15,10,0.0
1935,4.611505081196361,13,12,0.0
1936,4.309243763574888,13,12,0.0
1937,34.78341125149614,16,9,0.0
1938,4.4446017999251435,13,12,0.0
1939,-6.388936407376595,12,13,0.0
1940,14.604768577814955,14,11,0.0
1941,14.769653542127312,14,11,0.0
1942,-7.372722776882723,12,13,0.0
1943,34.61569389997963,16,9,0.0
1944,23.681772037059762,15,10,0.0
1945,4.39984304015138,13,12,0.0
1946,24.349498438869645,15,10,0.0
1947,14.063407258492193,14,11,0.0
1948,14.721655445437323,14,11,0.0
1949,22.194789874545705,15,10,0.0
1950,23.23164716869141,15,10,0.0
1951,24.489923261593326,15,10,0.0
1952,13.81941780833424,14,11,0.0
1953,23.97042760066457,15,10,0.0
1954,4.815825886832507,13,12,0.0
1955,25.109606002675957,15,10,0.0
1956,24.50405420290427,15,10,0.0
1957,13.469566806913683,14,11,0.0
1958,-16.30527803156888,11,14,0.0
1959,3.7209460236623344,13,12,0.0
1960,3.2766964969568253,13,12,0.0
1961,23.449197257304903,15,10,0.0
1962,24.438693252249887,15,10,0.0
1963,14.636565659009985,14,11,0.0
1964,-6.564995909240828,12,13,0.0
1965,3.0136664705919447,13,12,0.0
1966,33.78966516030851,16,9,0.0
1967,2.2429971083488214,13,12,0.0
1968,24.192265267095078,15,10,0.0
1969,22.85412554426071,15,10,0.0
1970,24.378747425424866,15,10,0.0
1971,14.36647909475454,14,11,0.0
1972,-6.017486724671197,12,13,0.0
1973,25.258823776342158,15,10,0.0
1974,13.918310143290597,14,11,0.0
1975,14.944255006200873,14,11,0.0
1976,22.672767077764455,15,10,0.0
1977,24.959208239814807,15,10,0.0
1978,23.43071713499571,15,10,0.0
1979,33.7545661432693,16,9,0.0
1980,24.33032299039401,15,10,0.0
1981,14.814475904050937,14,11,0.0
1982,-6.960235224225025,12,13,0.0
1983,34.15380451740434,16,9,0.0
1984,34.02252328331669,16,9,0.0
1985,-7.024987930443877,12,13,0.0
1986,24.47320506899024,15,10,0.0
1987,24.06050437567104,15,10,0.0
1988,22.71332939150515,15,10,0.0
1989,3.484607255834203,13,12,0.0
1990,33.341366638508084,16,9,0.0
1991,14.502075803416083,14,11,0.0
1992,22.56520275045148,15,10,0.0
1993,24.13142383116039,15,10,0.0
1994,4.362840848827151,13,12,0.0
1995,14.175111932187278,14,11,0.0
1996,25.58187828748221,15,10,0.0
1997,23.369157830038695,15,10,0.0
1998,35.26798335857548,16,9,0.0
1999,4.67254985067949,13,12,0.0
2000,14.431584453566597,14,11,0.0
2001,33.885295114535246,16,9,0.0
2002,5.197954640739422,13,12,0.0
2003,24.569376199129927,15,10,0.0
2004,13.721698045934946,14,11,0.0
2005,15.072526829107737,14,11,0.0
2006,13.616764277313642,14,11,0.0
2007,25.045919707543685,15,10,0.0
2008,-16.021270746694597,11,14,0.0
2009,12.693126190695965,14,11,0.0
2010,13.141425064723663,14,11,0.0
2011,23.615681867558468,15,10,0.0
2012,14.388441891212182,14,11,0.0
2013,3.8524912409534973,13,12,0.0
2014,25.36008391432302,15,10,0.0
2015,25.430541185864435,15,10,0.0
2016,14.075216592279665,14,11,0.0
2017,14.12467461864676,14,11,0.0
2018,14.10010139215849,14,11,0.0
2019,25.521522773399354,15,10,0.0
2020,3.6396501514688753,13,12,0.0
2021,14.486729702516756,14,11,0.0
2022,44.050000376524245,17,8,0.0
2023,5.16679613767498,13,12,0.0
2024,25.541575426519408,15,10,0.0
2025,14.798043323634637,14,11,0.0
2026,23.39031139861192,15,10,0.0
2027,13.775067653046776,14,11,0.0
2028,34.57402393402614,16,9,0.0
2029,26.11080925927872,15,10,0.0
2030,13.401666574107361,14,11,0.0
2031,13.790863307590184,14,11,0.0
2032,4.155213528261267,13,12,0.0
2033,16.069488518798867,14,11,0.0
2034,23.185736787050377,15,10,0.0
2035,25.01803816372439,15,10,0.0
2036,24.25508876586105,15,10,0.0
2037,24.271083094000122,15,10,0.0
2038,23.642791915554827,15,10,0.0
2039,13.891922344524943,14,11,0.0
2040,13.232880465084365,14,11,0.0
2041,26.4145789196408,15,10,0.0
2042,34.40476929208176,16,9,0.0
2043,33.82217983933562,16,9,0.0
2044,34.93709056039502,16,9,0.0
2045,14.324507260166271,14,11,0.0
2046,24.592615112045507,15,10,0.0
2047,-17.114842112287853,11,14,0.0
2048,34.38570702775173,16,9,0.0
2049,35.37148740402494,16,9,0.0
2050,34.35672196666096,16,9,0.0
2051,13.736900471751458,14,11,0.0
2052,23.948897797917926,15,10,0.0
2053,13.926556734573966,14,11,0.0
2054,24.6179462837677,15,10,0.0
2055,14.84263795179972,14,11,0.0
2056,24.157737043602136,15,10,0.0
2057,-6.7456475306364,12,13,0.0
2058,4.745323596906547,13,12,0.0
2059,14.405640699048211,14,11,0.0
2060,34.003522463543916,16,9,0.0
2061,-27.467049730545888,10,15,0.0
2062,23.990713230414258,15,10,0.0
2063,13.765772807503259,14,11,0.0
2064,13.86120123265678,14,11,0.0
2065,23.826589120482,15,10,0.0
2066,14.561795009603534,14,11,0.0
2067,23.416444764286947,15,10,0.0
2068,34.413672385581265,16,9,0.0
2069,13.310811516426305,14,11,0.0
2070,23.401171002228885,15,10,0.0
2071,13.906737265881112,14,11,0.0
2072,3.1324195919562143,13,12,0.0
2073,23.06822023845476,15,10,0.0
2074,23.428721894758127,15,10,0.0
2075,15.04024202778021,14,11,0.0
2076,14.41109965429658,14,11,0.0
2077,45.179866689396356,17,8,0.0
2078,14.834515000109612,14,11,0.0
2079,3.679921803965531,13,12,0.0
2080,13.275604107782732,14,11,0.0
2081,13.854683175874456,14,11,0.0
2082,24.298221868266165,15,10,0.0
2083,34.79452830056376,16,9,0.0
2084,3.0625625920722586,13,12,0.0
2085,2.671765389436578,13,12,0.0
2086,13.812821630465615,14,11,0.0
2087,24.643393969213633,15,10,0.0
2088,34.56774602156383,16,9,0.0
2089,13.727632531171418,14,11,0.0
2090,34.09100285604165,16,9,0.0
2091,24.15649483934905,15,10,0.0
2092,13.431418032677618,14,11,0.0
2093,35.05444950971921,16,9,0.0
2094,3.9077349878120287,13,12,0.0
2095,24.982790240787573,15,10,0.0
2096,3.558697397540195,13,12,0.0
2097,3.645023056267494,13,12,0.0
2098,22.607192694522137,15,10,0.0
2099,35.38713311119707,16,9,0.0
2100,35.23264960985685,16,9,0.0
2101,25.537257102981744,15,10,0.0
2102,33.11073041480049,16,9,0.0
2103,13.931094379110807,14,11,0.0
2104,13.699358670282281,14,11,0.0
2105,24.429469208652545,15,10,0.0
2106,14.071274059152831,14,11,0.0
2107,14.267224195480082,14,11,0.0
2108,33.162174947203816,16,9,0.0
2109,35.967944136021984,16,9,0.0
2110,24.316448599342266,15,10,0.0
2111,-7.000878177440686,12,13,0.0
2112,24.86831554508066,15,10,0.0
2113,23.79807671418863,15,10,0.0
2114,-7.818811005320685,12,13,0.0
2115,13.220334499539074,14,11,0.0
2116,23.98633474313734,15,10,0.0
2117,24.843589095759203,15,10,0.0
2118,4.445722779178405,13,12,0.0
2119,12.506898419520336,14,11,0.0
2120,-6.714726421612731,12,13,0.0
2121,24.26926885083749,15,10,0.0
2122,24.821892659170544,15,10,0.0
2123,24.941006269908712,15,10,0.0
2124,23.137731302807193,15,10,0.0
2125,44.17141323201139,17,8,0.0
2126,-6.9814582438032255,12,13,0.0
2127,23.758953615307604,15,10,0.0
2128,23.828292543467455,15,10,0.0
2129,24.081629469065824,15,10,0.0
2130,24.067166300337714,15,10,0.0
2131,15.158144584312431,14,11,0.0
2132,33.13650730552695,16,9,0.0
2133,24.752385167973443,15,10,0.0
2134,33.16188245179258,16,9,0.0
2135,-7.171689320656164,12,13,0.0
2136,24.98748213983834,15,10,0.0
2137,23.52743560262226,15,10,0.0
2138,13.633241746026007,14,11,0.0
2139,33.66216551304407,16,9,0.0
2140,33.65132599168639,16,9,0.0
2141,13.28193000958988,14,11,0.0
2142,34.48826503405307,16,9,0.0
2143,14.408100781581581,14,11,0.0
2144,23.190888405677203,15,10,0.0
2145,34.44727910092019,16,9,0.0
2146,13.515136370083564,14,11,0.0
2147,33.64270571275183,16,9,0.0
2148,25.00733687995919,15,10,0.0
2149,24.010408713989577,15,10,0.0
2150,24.07521091781631,15,10,0.0
2151,24.703958806412377,15,10,0.0
2152,44.00982850781415,17,8,0.0
2153,25.080110177399185,15,10,0.0
2154,24.896297474929646,15,10,0.0
2155,23.9629668581703,15,10,0.0
2156,23.231904936317765,15,10,0.0
2157,24.551511773650393,15,10,0.0
2158,33.16695195536347,16,9,0.0
2159,34.340778785068956,16,9,0.0
2160,13.631703015105433,14,11,0.0
2161,25.342979971856202,15,10,0.0
2162,12.608377193754752,14,11,0.0
2163,3.7620161042538856,13,12,0.0
2164,-6.448330189212829,12,13,0.0
2165,24.490151699576536,15,10,0.0
2166,13.780829437244336,14,11,0.0
2167,13.406294439281385,14,11,0.0
2168,34.20449139845408,16,9,0.0
2169,-6.02703344108183,12,13,0.0
2170,24.445183424535514,15,10,0.0
2171,-5.367091681458243,12,13,0.0
2172,13.317458580908689,14,11,0.0
2173,3.3976410015570977,13,12,0.0
2174,12.293693994674488,14,11,0.0
2175,24.51071524448351,15,10,0.0
2176,14.276592565847595,14,11,0.0
2177,33.75295475350225,16,9,0.0
2178,23.940836289447255,15,10,0.0
2179,14.122013924551108,14,11,0.0
2180,23.046810080104965,15,10,0.0
2181,3.4671726711095445,13,12,0.0
2182,23.02784188981387,15,10,0.0
2183,4.603239239255654,13,12,0.0
2184,14.64922263525085,14,11,0.0
2185,13.165287480011791,14,11,0.0
2186,33.55399131482114,16,9,0.0
2187,33.77334588147437,16,9,0.0
2188,24.219115584295977,15,10,0.0
2189,14.617815582759267,14,11,0.0
2190,-6.833092397467606,12,13,0.0
2191,33.87996214570351,16,9,0.0
2192,23.837308476601848,15,10,0.0
2193,23.68885414295558,15,10,0.0
2194,25.31915840411505,15,10,0.0
2195,13.718782429134798,14,11,0.0
2196,34.005199637727564,16,9,0.0
2197,14.010497611414342,14,11,0.0
2198,23.145554013654507,15,10,0.0
2199,34.23221598537087,16,9,0.0
2200,12.458565347959981,14,11,0.0
2201,34.588877268232196,16,9,0.0
2202,14.70927573579332,14,11,0.0
2203,3.126252140441487,13,12,0.0
2204,23.231075476101847,15,10,0.0
2205,13.998194502362843,14,11,0.0
2206,23.283009852235544,15,10,0.0
2207,-16.843644348511255,11,14,0.0
2208,33.737082983425246,16,9,0.0
2209,33.696676577811864,16,9,0.0
2210,24.854537154157715,15,10,0.0
2211,-6.997714444142366,12,13,0.0
2212,34.33355935081103,16,9,0.0
2213,34.86522924565786,16,9,0.0
2214,23.9635422338566,15,10,0.0
2215,-6.037483984028876,12,13,0.0
2216,14.507763448898524,14,11,0.0
2217,-7.169043797246154,12,13,0.0
2218,24.475984518546326,15,10,0.0
2219,22.309889543186685,15,10,0.0
2220,-6.517365783783038,12,13,0.0
2221,24.91937637859253,15,10,0.0
2222,23.99083761163037,15,10,0.0
2223,43.9669934661427,17,8,0.0
2224,34.274665059181594,16,9,0.0
2225,33.574162411396514,16,9,0.0
2226,-5.946000331890217,12,13,0.0
2227,24.78047678057713,15,10,0.0
2228,24.893436135899368,15,10,0.0
2229,3.2461396238281077,13,12,0.0
2230,24.653304559466886,15,10,0.0
2231,14.069935079163741,14,11,0.0
2232,24.328311044878138,15,10,0.0
2233,24.055641215074516,15,10,0.0
2234,3.054130693444749,13,12,0.0
2235,22.751515165385428,15,10,0.0
2236,23.978619128296717,15,10,0.0
2237,14.613574004351369,14,11,0.0
2238,23.788262294828492,15,10,0.0
2239,14.618387705220908,14,11,0.0
2240,13.942148638851313,14,11,0.0
2241,23.53116786247957,15,10,0.0
2242,-6.151747859076265,12,13,0.0
2243,44.45778852344718,17,8,0.0
2244,23.353399481914185,15,10,0.0
2245,13.327168088708362,14,11,0.0
2246,24.325288837840013,15,10,0.0
2247,24.55776837840915,15,10,0.0
2248,24.278950737448245,15,10,0.0
2249,22.128283117916197,15,10,0.0
2250,13.167131633164763,14,11,0.0
2251,24.336250191757358,15,10,0.0
2252,2.42141504482138,13,12,0.0
2253,14.2968308078852,14,11,0.0
2254,24.998313456513124,15,10,0.0
2255,-7.03894585128908,12,13,0.0
2256,33.02380950683253,16,9,0.0
2257,14.286476136224348,14,11,0.0
2258,-7.035300059083274,12,13,0.0
2259,24.29476618664735,15,10,0.0
2260,34.538365300887165,16,9,0.0
2261,23.688652033174872,15,10,0.0
2262,45.612609917663555,17,8,0.0
2263,23.10454390117261,15,10,0.0
2264,4.463306292008603,13,12,0.0
2265,35.123898931559964,16,9,0.0
2266,24.25042771913644,15,10,0.0
2267,-6.275358535341496,12,13,0.0
2268,33.9199336982589,16,9,0.0
2269,3.8374690406283483,13,12,0.0
2270,14.020764468335043,14,11,0.0
2271,34.52236036910876,16,9,0.0
2272,14.142009722417413,14,11,0.0
2273,3.1655526927057385,13,12,0.0
2274,32.954765941449715,16,9,0.0
2275,25.76972377334269,15,10,0.0
2276,23.979006695186776,15,10,0.0
2277,14.109473319759239,14,11,0.0
2278,13.753340817776547,14,11,0.0
2279,22.96579538242011,15,10,0.0
2280,34.142402369709075,16,9,0.0
2281,44.75978449897029,17,8,0.0
2282,3.809439216897969,13,12,0.0
2283,4.90588728975221,13,12,0.0
2284,24.49169428198904,15,10,0.0
2285,14.55035251549443,14,11,0.0
2286,3.0181682673296653,13,12,0.0
2287,24.098024919076643,15,10,0.0
2288,24.084121219208573,15,10,0.0
2289,2.7399827374237224,13,12,0.0
2290,13.401946357723979,14,11,0.0
2291,13.245671217117984,14,11,0.0
2292,2.9888270072250656,13,12,0.0
2293,34.4045910211058,16,9,0.0
2294,-16.386333397400016,11,14,0.0
2295,-6.294067922567521,12,13,0.0
2296,22.301320405525203,15,10,0.0
2297,12.004237796104224,14,11,0.0
2298,44.333924012823196,17,8,0.0
2299,4.245711509255284,13,12,0.0
2300,33.74087628124428,16,9,0.0
2301,23.297300221568687,15,10,0.0
2302,44.98053661814007,17,8,0.0
2303,2.0907923560356867,13,12,0.0
2304,35.50686732791115,16,9,0.0
2305,23.442842326390963,15,10,0.0
2306,34.23402542245109,16,9,0.0
2307,34.46103754058124,16,9,0.0
2308,24.77582416936597,15,10,0.0
2309,22.75087534627903,15,10,0.0
2310,34.48722931162749,16,9,0.0
2311,23.942348523796607,15,10,0.0
2312,14.254123585134572,14,11,0.0
2313,34.17455632462905,16,9,0.0
2314,13.227326807599814,14,11,0.0
2315,23.93574703315959,15,10,0.0
2316,14.531616791253894,14,11,0.0
2317,13.723073439719034,14,11,0.0
2318,33.40189820429121,16,9,0.0
2319,34.68576535885062,16,9,0.0
2320,13.03307351997433,14,11,0.0
2321,23.635201828832162,15,10,0.0
2322,2.887658021192899,13,12,0.0
2323,13.795731263276567,14,11,0.0
2324,3.4899888006726076,13,12,0.0
2325,23.565754721559415,15,10,0.0
2326,13.908469816448044,14,11,0.0
2327,25.34645036305014,15,10,0.0
2328,13.125429221267286,14,11,0.0
2329,23.188979312685703,15,10,0.0
2330,24.38561709439754,15,10,0.0
2331,24.591380223168727,15,10,0.0
2332,12.432947240079564,14,11,0.0
2333,23.705065937974396,15,10,0.0
2334,25.271578356120273,15,10,0.0
2335,33.963821387198806,16,9,0.0
2336,3.521058110255284,13,12,0.0
2337,13.778144362729515,14,11,0.0
2338,24.891115082416096,15,10,0.0
2339,13.942843621707397,14,11,0.0
2340,12.931478418936514,14,11,0.0
2341,24.845841127714912,15,10,0.0
2342,33.81470406275478,16,9,0.0
2343,3.6155066095478343,13,12,0.0
2344,23.261886105347642,15,10,0.0
2345,25.303566438290378,15,10,0.0
2346,11.209928006622432,14,11,0.0
2347,-6.1487745023962965,12,13,0.0
2348,35.38993928486742,16,9,0.0
2349,14.213463497079509,14,11,0.0
2350,45.339395677963985,17,8,0.0
2351,23.393375368241248,15,10,0.0
2352,23.930988342423817,15,10,0.0
2353,25.22750635957946,15,10,0.0
2354,13.346385221343262,14,11,0.0
2355,14.175824736587828,14,11,0.0
2356,23.93316019730466,15,10,0.0
2357,2.8064530699934416,13,12,0.0
2358,14.580984780013221,14,11,0.0
2359,45.72168029115201,17,8,0.0
2360,23.596829826154046,15,10,0.0
2361,13.930603715042954,14,11,0.0
2362,33.94278378770213,16,9,0.0
2363,33.41216284729011,16,9,0.0
2364,13.144220158795232,14,11,0.0
2365,43.26933491678716,17,8,0.0
2366,34.78460999624431,16,9,0.0
2367,34.233722890674244,16,9,0.0
2368,23.87873430024661,15,10,0.0
2369,33.350757798235705,16,9,0.0
2370,34.662242392476315,16,9,0.0
2371,14.54735389686028,14,11,0.0
2372,24.846485771417942,15,10,0.0
2373,14.352820616540466,14,11,0.0
2374,3.3750009800923753,13,12,0.0
2375,34.532532565041436,16,9,0.0
2376,12.366925799176013,14,11,0.0
2377,23.751999918137525,15,10,0.0
2378,23.613715502347304,15,10,0.0
2379,13.681081342994352,14,11,0.0
2380,34.993698201347115,16,9,0.0
2381,14.227634788469825,14,11,0.0
2382,14.012211426505203,14,11,0.0
2383,25.44520652014657,15,10,0.0
2384,23.028305282474033,15,10,0.0
2385,24.4487999844986,15,10,0.0
2386,34.62757449174276,16,9,0.0
2387,-6.659352320113787,12,13,0.0
2388,34.37547636214654,16,9,0.0
2389,14.822098356486986,14,11,0.0
2390,34.19852280653533,16,9,0.0
2391,35.38161782164297,16,9,0.0
2392,25.48847419602724,15,10,0.0
2393,13.487821178088025,14,11,0.0
2394,2.886522029275777,13,12,0.0
2395,33.97067463541777,16,9,0.0
2396,23.724859372425506,15,10,0.0
2397,34.22570959718998,16,9,0.0
2398,33.75929555706277,16,9,0.0
2399,34.954712501079975,16,9,0.0
2400,34.39018553590566,16,9,0.0
2401,24.56622158331536,15,10,0.0
2402,13.802456461544914,14,11,0.0
2403,33.784513889128675,16,9,0.0
2404,23.320289431121605,15,10,0.0
2405,24.349803464482925,15,10,0.0
2406,34.61955099279999,16,9,0.0
2407,13.5617808668786,14,11,0.0
2408,35.05237751760228,16,9,0.0
2409,35.12337654075288,16,9,0.0
2410,3.172755162512864,13,12,0.0
2411,13.769556053726655,14,11,0.0
2412,24.40410027663361,15,10,0.0
2413,13.384154679514717,14,11,0.0
2414,23.352229338584706,15,10,0.0
2415,25.214998338595628,15,10,0.0
2416,12.777417393573483,14,11,0.0
2417,3.3966191536927237,13,12,0.0
2418,34.25410092583558,16,9,0.0
2419,35.29000626797254,16,9,0.0
2420,-5.986106669353152,12,13,0.0
2421,22.809379203479562,15,10,0.0
2422,23.29803776726944,15,10,0.0
2423,24.403551654542152,15,10,0.0
2424,33.851458400488966,16,9,0.0
2425,34.52761687486404,16,9,0.0
2426,15.06435085037404,14,11,0.0
2427,34.40119091625068,16,9,0.0
2428,4.526462974032816,13,12,0.0
2429,12.112630465151543,14,11,0.0
2430,14.031469338543975,14,11,0.0
2431,24.200142026695467,15,10,0.0
2432,22.746691354775457,15,10,0.0
2433,23.24546840989251,15,10,0.0
2434,23.87705920230588,15,10,0.0
2435,34.004319685666744,16,9,0.0
2436,13.387031796547731,14,11,0.0
2437,24.47322178803272,15,10,0.0
2438,25.27001539682937,15,10,0.0
2439,23.805207897639477,15,10,0.0
2440,-6.190457532643647,12,13,0.0
2441,24.510361223842164,15,10,0.0
2442,33.90687147987215,16,9,0.0
2443,15.29499856960818,14,11,0.0
2444,23.730930615569253,15,10,0.0
2445,12.294126944655229,14,11,0.0
2446,23.592931224292958,15,10,0.0
2447,23.693483040668276,15,10,0.0
2448,33.77307841591744,16,9,0.0
2449,5.729261271249012,13,12,0.0
2450,4.892778224272329,13,12,0.0
2451,44.0171727675579,17,8,0.0
2452,24.288397033638773,15,10,0.0
2453,24.624250437570247,15,10,0.0
2454,14.681719604215084,14,11,0.0
2455,44.06886475084135,17,8,0.0
2456,4.626534145043557,13,12,0.0
2457,15.54043993966444,14,11,0.0
2458,24.161853433790395,15,10,0.0
2459,5.3311275235163045,13,12,0.0
2460,12.347783154445636,14,11,0.0
2461,14.476437630776728,14,11,0.0
2462,33.79555646704669,16,9,0.0
2463,15.206206664395815,14,11,0.0
2464,24.653507815858312,15,10,0.0
2465,24.220153831210947,15,10,0.0
2466,24.50486775643843,15,10,0.0
2467,12.458310171096123,14,11,0.0
2468,4.325892124637207,13,12,0.0
2469,3.9950460338294,13,12,0.0
2470,33.54699825295076,16,9,0.0
2471,3.055179749546453,13,12,0.0
2472,35.12984109444033,16,9,0.0
2473,34.44043585894295,16,9,0.0
2474,24.176679356565266,15,10,0.0
2475,13.834982383659675,14,11,0.0
2476,3.8662849564596193,13,12,0.0
2477,13.741506036184393,14,11,0.0
2478,13.617917611321964,14,11,0.0
2479,14.143228215809232,14,11,0.0
2480,34.50033238835329,16,9,0.0
2481,24.474014383598153,15,10,0.0
2482,24.423345226741187,15,10,0.0
2483,24.358794529347723,15,10,0.0
2484,-6.948771267724969,12,13,0.0
2485,14.346921555544373,14,11,0.0
2486,25.494014033307856,15,10,0.0
2487,24.624875358527273,15,10,0.0
2488,24.44652567431796,15,10,0.0
2489,4.413661472268917,13,12,0.0
2490,24.31776047408801,15,10,0.0
2491,-6.297067730954776,12,13,0.0
2492,23.20128995493871,15,10,0.0
2493,14.527434891459983,14,11,0.0
2494,25.24800947310539,15,10,0.0
2495,2.6962585529575653,13,12,0.0
2496,3.9257346846399823,13,12,0.0
2497,14.55167336693952,14,11,0.0
2498,34.102904199701804,16,9,0.0
2499,23.157516649276943,15,10,0.0
2500,33.71649303792283,16,9,0.0
2501,25.668418616370822,15,10,0.0
2502,2.598872827335497,13,12,0.0
2503,3.3803224160408867,13,12,0.0
2504,13.063706505069652,14,11,0.0
2505,24.94074153594889,15,10,0.0
2506,14.322375374165635,14,11,0.0
2507,24.08390591085724,15,10,0.0
2508,35.038505136729086,16,9,0.0
2509,34.12149123705062,16,9,0.0
2510,3.572369856250063,13,12,0.0
2511,13.92042146680476,14,11,0.0
2512,3.4712064187931606,13,12,0.0
2513,2.857423470031095,13,12,0.0
2514,-8.167371814504513,12,13,0.0
2515,24.617376121887716,15,10,0.0
2516,24.87374409893556,15,10,0.0
2517,2.046016841611917,13,12,0.0
2518,-4.889732665381022,12,13,0.0
2519,3.0645631497016996,13,12,0.0
2520,24.341006576022792,15,10,0.0
2521,24.222489888819553,15,10,0.0
2522,33.92615852055848,16,9,0.0
2523,3.6535052038652447,13,12,0.0
2524,34.367852180159616,16,9,0.0
2525,36.5765053110147,16,9,0.0
2526,23.694244279909874,15,10,0.0
2527,15.314950850152703,14,11,0.0
2528,4.089209026458953,13,12,0.0
2529,13.774326425660295,14,11,0.0
2530,24.61337654013796,15,10,0.0
2531,13.596775762852479,14,11,0.0
2532,24.186284609009764,15,10,0.0
2533,45.42219368734236,17,8,0.0
2534,44.574088309911836,17,8,0.0
2535,25.528221385222604,15,10,0.0
2536,34.589289748778036,16,9,0.0
2537,13.484589577932393,14,11,0.0
2538,14.856488867869974,14,11,0.0
2539,45.84064329774981,17,8,0.0
2540,34.87022567777822,16,9,0.0
2541,14.373325659195984,14,11,0.0
2542,22.807459690685267,15,10,0.0
2543,13.379419444101245,14,11,0.0
2544,34.0553659710141,16,9,0.0
2545,23.00585245520756,15,10,0.0
2546,12.813868859088497,14,11,0.0
2547,35.33957611404543,16,9,0.0
2548,34.64436268350222,16,9,0.0
2549,14.091352934021337,14,11,0.0
2550,14.198827750396072,14,11,0.0
2551,4.296068138495823,13,12,0.0
2552,33.88331084969525,16,9,0.0
2553,16.0284341537758,14,11,0.0
2554,14.091003285360287,14,11,0.0
2555,14.338204753266984,14,11,0.0
2556,33.67188136492804,16,9,0.0
2557,23.84823867870252,15,10,0.0
2558,14.253284623695624,14,11,0.0
2559,34.517502290517726,16,9,0.0
2560,23.316032733230312,15,10,0.0
2561,24.393537546520474,15,10,0.0
2562,23.935795312311345,15,10,0.0
2563,12.873068533472603,14,11,0.0
2564,34.72446892996859,16,9,0.0
2565,23.866849587386177,15,10,0.0
2566,6.063443354437518,13,12,0.0
2567,24.093673262568046,15,10,0.0
2568,25.116357798834393,15,10,0.0
2569,13.407087631580424,14,11,0.0
2570,24.18852253563326,15,10,0.0
2571,35.501571405774435,16,9,0.0
2572,23.66616588566382,15,10,0.0
2573,13.653655608673603,14,11,0.0
2574,14.345617316169365,14,11,0.0
2575,25.182986907141437,15,10,0.0
2576,24.987460910545362,15,10,0.0
2577,13.673661842079525,14,11,0.0
2578,34.81722069017409,16,9,0.0
2579,25.055986954037785,15,10,0.0
2580,34.47050284826234,16,9,0.0
2581,4.5047428418819715,13,12,0.0
2582,-7.596201698385517,12,13,0.0
2583,13.754183414933522,14,11,0.0
2584,15.03666188661127,14,11,0.0
2585,33.02512698993498,16,9,0.0
2586,34.522737362876136,16,9,0.0
2587,34.622498116756944,16,9,0.0
2588,3.852154843261312,13,12,0.0
2589,2.8147591067094133,13,12,0.0
2590,2.7950087868109783,13,12,0.0
2591,25.48454900677423,15,10,0.0
2592,24.32778635402728,15,10,0.0
2593,13.787199232666287,14,11,0.0
2594,15.473302014997195,14,11,0.0
2595,34.17779860734239,16,9,0.0
2596,24.505491913107555,15,10,0.0
2597,34.69315415988366,16,9,0.0
2598,-6.624721484171009,12,13,0.0
2599,25.248126345571404,15,10,0.0
2600,14.89111374960415,14,11,0.0
2601,35.856359017683744,16,9,0.0
2602,25.091668457867215,15,10,0.0
2603,33.565507119199005,16,9,0.0
2604,14.569751056795623,14,11,0.0
2605,14.445497113821677,14,11,0.0
2606,25.822745185095826,15,10,0.0
2607,33.832453496593644,16,9,0.0
2608,23.934046781825725,15,10,0.0
2609,24.88010106225046,15,10,0.0
2610,3.8781704991695234,13,12,0.0
2611,4.113902917763804,13,12,0.0
2612,24.53879151678887,15,10,0.0
2613,24.585218935739277,15,10,0.0
2614,25.929933784143238,15,10,0.0
2615,25.007763960984178,15,10,0.0
2616,22.396697318726346,15,10,0.0
2617,13.617520497177445,14,11,0.0
2618,14.92447571733457,14,11,0.0
2619,3.1379780777668467,13,12,0.0
2620,4.582637301487777,13,12,0.0
2621,34.9132436226989,16,9,0.0
2622,23.870633620789864,15,10,0.0
2623,34.05429670632946,16,9,0.0
2624,24.613727179877106,15,10,0.0
2625,14.042311389577424,14,11,0.0
2626,15.13434101083688,14,11,0.0
2627,33.875819423374324,16,9,0.0
2628,13.54572236488483,14,11,0.0
2629,34.65099634366042,16,9,0.0
2630,14.350462984120986,14,11,0.0
2631,14.171754219936014,14,11,0.0
2632,23.541322615977684,15,10,0.0
2633,25.675767241088028,15,10,0.0
2634,25.015669972231624,15,10,0.0
2635,13.196851630555473,14,11,0.0
2636,3.786397161801446,13,12,0.0
2637,23.953764998149524,15,10,0.0
2638,14.488578973301815,14,11,0.0
2639,25.864360676051632,15,10,0.0
2640,14.159092323754216,14,11,0.0
2641,24.450504351864314,15,10,0.0
2642,3.0203580890187016,13,12,0.0
2643,4.344195983446451,13,12,0.0
2644,34.94021827349748,16,9,0.0
2645,14.022677778989252,14,11,0.0
2646,3.561705107242859,13,12,0.0
2647,33.74506474511151,16,9,0.0
2648,24.76951181256321,15,10,0.0
2649,14.007416286280463,14,11,0.0
2650,14.415183703255765,14,11,0.0
2651,13.57171761736711,14,11,0.0
2652,34.731974352856305,16,9,0.0
2653,-7.0770442195764645,12,13,0.0
2654,23.686331762352296,15,10,0.0
2655,24.000458339489093,15,10,0.0
2656,14.066242733078989,14,11,0.0
2657,24.304869651375057,15,10,0.0
2658,24.549393839221334,15,10,0.0
2659,35.05396486985536,16,9,0.0
2660,23.937997531858528,15,10,0.0
2661,24.11776432832987,15,10,0.0
2662,34.97900329143365,16,9,0.0
2663,33.625248865812935,16,9,0.0
2664,13.742366170606857,14,11,0.0
2665,25.006766143931827,15,10,0.0
2666,3.7172982474320637,13,12,0.0
2667,34.62502257010863,16,9,0.0
2668,34.70775368505453,16,9,0.0
2669,23.785251606971816,15,10,0.0
2670,24.014875995825925,15,10,0.0
2671,24.32013521739259,15,10,0.0
2672,23.996303130993624,15,10,0.0
2673,23.702835006376898,15,10,0.0
2674,24.82394749656054,15,10,0.0
2675,34.96101861784197,16,9,0.0
2676,25.18497472239178,15,10,0.0
2677,24.12072080964895,15,10,0.0
2678,23.22677945674694,15,10,0.0
2679,25.070824093383344,15,10,0.0
2680,13.635801630332821,14,11,0.0
2681,23.1442646354487,15,10,0.0
2682,33.83441099337082,16,9,0.0
2683,32.36193681172591,16,9,0.0
2684,14.0573994941932,14,11,0.0
2685,23.442423584419135,15,10,0.0
2686,35.164613668604716,16,9,0.0
2687,12.746609257337447,14,11,0.0
2688,34.7515411048434,16,9,0.0
2689,24.477566307706823,15,10,0.0
2690,-15.763205285400101,11,14,0.0
2691,25.375303004435338,15,10,0.0
2692,13.430160222130962,14,11,0.0
2693,34.99995975259515,16,9,0.0
2694,33.82646173837016,16,9,0.0
2695,25.278335299557806,15,10,0.0
2696,33.35710452637553,16,9,0.0
2697,24.647539545311734,15,10,0.0
2698,15.285588009905672,14,11,0.0
2699,34.99287385325468,16,9,0.0
2700,13.795615511009126,14,11,0.0
2701,34.25147671159071,16,9,0.0
2702,23.999711371819643,15,10,0.0
2703,25.006495365950084,15,10,0.0
2704,14.491451317674363,14,11,0.0
2705,44.358181268771716,17,8,0.0
2706,14.389927478188884,14,11,0.0
2707,24.114954743523576,15,10,0.0
2708,13.11994841219428,14,11,0.0
2709,43.98786597372259,17,8,0.0
2710,14.380111750604685,14,11,0.0
2711,3.6450948422729947,13,12,0.0
2712,24.77316400949672,15,10,0.0
2713,35.402852220331226,16,9,0.0
2714,24.08709181089144,15,10,0.0
2715,25.26391633170116,15,10,0.0
2716,25.34894118452766,15,10,0.0
2717,34.349765500826386,16,9,0.0
2718,14.781786600759432,14,11,0.0
2719,24.76946087832027,15,10,0.0
2720,35.7536088066983,16,9,0.0
2721,24.998199135673595,15,10,0.0
2722,44.77926453136214,17,8,0.0
2723,34.54226103757936,16,9,0.0
2724,34.45825348305998,16,9,0.0
2725,23.671901357015923,15,10,0.0
2726,23.440725095397866,15,10,0.0
2727,35.8634074082218,16,9,0.0
2728,14.859539732999995,14,11,0.0
2729,24.32807397736705,15,10,0.0
2730,14.178420368849812,14,11,0.0
2731,15.494259785792954,14,11,0.0
2732,13.120403085968503,14,11,0.0
2733,13.61762671074345,14,11,0.0
2734,-6.88718835572247,12,13,0.0
2735,14.049694047061625,14,11,0.0
2736,45.628968083088004,17,8,0.0
2737,24.472653299615427,15,10,0.0
2738,14.361058910038881,14,11,0.0
2739,34.77650669411824,16,9,0.0
2740,3.773189770867981,13,12,0.0
2741,25.651777509979453,15,10,0.0
2742,24.569233477784966,15,10,0.0
2743,25.533379864954966,15,10,0.0
2744,25.505584303709174,15,10,0.0
2745,22.96925611635523,15,10,0.0
2746,23.891010024410168,15,10,0.0
2747,34.30399248825359,16,9,0.0
2748,14.296693372986281,14,11,0.0
2749,24.330912084368983,15,10,0.0
2750,-5.657105076893146,12,13,0.0
2751,24.46255827060595,15,10,0.0
2752,24.416969804770538,15,10,0.0
2753,13.488840298440103,14,11,0.0
2754,24.821541734166253,15,10,0.0
2755,13.07651754244034,14,11,0.0
2756,24.931663176895118,15,10,0.0
2757,14.141440176826308,14,11,0.0
2758,4.434115767484677,13,12,0.0
2759,33.93306790708408,16,9,0.0
2760,34.36913086536753,16,9,0.0
2761,35.45126101511263,16,9,0.0
2762,34.10598929073399,16,9,0.0
2763,34.39051711837725,16,9,0.0
2764,12.891381219288103,14,11,0.0
2765,23.80625648028299,15,10,0.0
2766,13.675157147935966,14,11,0.0
2767,23.526290137130783,15,10,0.0
2768,24.23358924279113,15,10,0.0
2769,24.493776070466815,15,10,0.0
2770,34.76240500918494,16,9,0.0
2771,25.597907364558772,15,10,0.0
2772,25.70059022385707,15,10,0.0
2773,4.154225096908073,13,12,0.0
2774,13.263829178025556,14,11,0.0
2775,33.78742096812438,16,9,0.0
2776,24.870920122514107,15,10,0.0
2777,2.5416515027614324,13,12,0.0
2778,44.55499149085107,17,8,0.0
2779,22.797774381580293,15,10,0.0
2780,24.549254899662827,15,10,0.0
2781,24.652302567346247,15,10,0.0
2782,14.810105752257922,14,11,0.0
2783,23.766532019639378,15,10,0.0
2784,34.85078259703201,16,9,0.0
2785,34.391780742166695,16,9,0.0
2786,23.67573800486022,15,10,0.0
2787,24.246646061671672,15,10,0.0
2788,14.18893349558305,14,11,0.0
2789,23.939144251630015,15,10,0.0
2790,34.585317012494286,16,9,0.0
2791,34.633177554537106,16,9,0.0
2792,34.88220487829572,16,9,0.0
2793,34.80418474690976,16,9,0.0
2794,23.867876752529874,15,10,0.0
2795,24.10881136185589,15,10,0.0
2796,34.501695212884115,16,9,0.0
2797,3.141499613428232,13,12,0.0
2798,34.6735150821922,16,9,0.0
2799,34.38272114419084,16,9,0.0
2800,34.20852511253518,16,9,0.0
2801,24.474931676175412,15,10,0.0
2802,34.19107509824544,16,9,0.0
2803,25.800925690624368,15,10,0.0
2804,25.127093981174692,15,10,0.0
2805,14.150858505209962,14,11,0.0
2806,33.5656011910735,16,9,0.0
2807,23.634204404385383,15,10,0.0
2808,22.961064850036834,15,10,0.0
2809,3.1907148137518515,13,12,0.0
2810,24.46350827327572,15,10,0.0
2811,22.55512052961907,15,10,0.0
2812,24.48437099489696,15,10,0.0
2813,33.820927259460156,16,9,0.0
2814,24.422562299082646,15,10,0.0
2815,23.737449045496376,15,10,0.0
2816,34.49016171228941,16,9,0.0
2817,13.727681179413665,14,11,0.0
2818,35.575805205118286,16,9,0.0
2819,24.154853052651667,15,10,0.0
2820,33.32691793588752,16,9,0.0
2821,15.449645531037135,14,11,0.0
2822,34.49191986751501,16,9,0.0
2823,23.37669318725169,15,10,0.0
2824,-7.371075969908414,12,13,0.0
2825,14.938182559800847,14,11,0.0
2826,3.583464144163557,13,12,0.0
2827,25.132986087595395,15,10,0.0
2828,33.830717256891425,16,9,0.0
2829,14.218754263191448,14,11,0.0
2830,33.75025806581261,16,9,0.0
2831,33.59607210793369,16,9,0.0
2832,34.59659482751321,16,9,0.0
2833,34.11201759388714,16,9,0.0
2834,35.01087149956475,16,9,0.0
2835,25.003170263960307,15,10,0.0
2836,13.548690074532113,14,11,0.0
2837,3.425494830209284,13,12,0.0
2838,24.52446472776585,15,10,0.0
2839,25.114749995086967,15,10,0.0
2840,24.810680340770652,15,10,0.0
2841,24.541957549618132,15,10,0.0
2842,24.210855868187505,15,10,0.0
2843,33.698001352480595,16,9,0.0
2844,34.51898994623634,16,9,0.0
2845,34.49174576856965,16,9,0.0
2846,13.362906844724321,14,11,0.0
2847,25.09057121051162,15,10,0.0
2848,-6.027093455771478,12,13,0.0
2849,14.817194927639406,14,11,0.0
2850,12.89352937600162,14,11,0.0
2851,13.381467956388153,14,11,0.0
2852,13.481177722558549,14,11,0.0
2853,13.48066295421064,14,11,0.0
2854,14.70758590560313,14,11,0.0
2855,24.004437400670625,15,10,0.0
2856,23.64938928336354,15,10,0.0
2857,25.275491745958174,15,10,0.0
2858,24.421342403679898,15,10,0.0
2859,25.469942709216948,15,10,0.0
2860,24.116120055921762,15,10,0.0
2861,4.424275877949812,13,12,0.0
2862,34.00198272039046,16,9,0.0
2863,23.117034538211957,15,10,0.0
2864,34.72903730925106,16,9,0.0
2865,24.385775734006728,15,10,0.0
2866,34.25438311377496,16,9,0.0
2867,14.364272381232173,14,11,0.0
2868,4.487468604447569,13,12,0.0
2869,24.70410579493276,15,10,0.0
2870,24.250857329412753,15,10,0.0
2871,14.212661268410276,14,11,0.0
2872,24.655830492916532,15,10,0.0
2873,35.06150118161832,16,9,0.0
2874,2.967847467012827,13,12,0.0
2875,24.0306748110972,15,10,0.0
2876,24.2078969657424,15,10,0.0
2877,25.015178876501746,15,10,0.0
2878,14.210267079151931,14,11,0.0
2879,23.42410823238543,15,10,0.0
2880,23.87359333506262,15,10,0.0
2881,12.22734655715329,14,11,0.0
2882,24.345094038132185,15,10,0.0
2883,22.918781260656463,15,10,0.0
2884,24.180248559801296,15,10,0.0
2885,23.974519128470746,15,10,0.0
2886,14.247732447649128,14,11,0.0
2887,13.035945860528447,14,11,0.0
2888,25.188634191124805,15,10,0.0
2889,13.505224256048677,14,11,0.0
2890,14.866444510956645,14,11,0.0
2891,35.44963946811082,16,9,0.0
2892,3.545474231420939,13,12,0.0
2893,23.96582084145976,15,10,0.0
2894,33.60676243464367,16,9,0.0
2895,24.476412384058786,15,10,0.0
2896,33.24482796750839,16,9,0.0
2897,24.057285024697695,15,10,0.0
2898,24.908613723773406,15,10,0.0
2899,13.977390016215201,14,11,0.0
2900,13.721327483613278,14,11,0.0
2901,23.33219355673537,15,10,0.0
2902,14.551411318349011,14,11,0.0
2903,23.31038303760555,15,10,0.0
2904,23.22234201874403,15,10,0.0
2905,13.423762373210064,14,11,0.0
2906,4.006432945472444,13,12,0.0
2907,13.251495813410749,14,11,0.0
2908,34.671237712763464,16,9,0.0
2909,35.47853935139703,16,9,0.0
2910,33.963036445095014,16,9,0.0
2911,34.061529312708586,16,9,0.0
2912,23.512412143713913,15,10,0.0
2913,14.204770263175963,14,11,0.0
2914,24.80260200347951,15,10,0.0
2915,33.58923634880307,16,9,0.0
2916,34.61508639495797,16,9,0.0
2917,23.88058910509089,15,10,0.0
2918,23.053955439602856,15,10,0.0
2919,24.01354007596598,15,10,0.0
2920,24.081309027361343,15,10,0.0
2921,34.98611205171275,16,9,0.0
2922,24.47468673405258,15,10,0.0
2923,14.341442776404083,14,11,0.0
2924,34.59462741296842,16,9,0.0
2925,23.799324207669173,15,10,0.0
2926,34.037958965211814,16,9,0.0
2927,1.971829250399944,13,12,0.0
2928,23.54009627247824,15,10,0.0
2929,33.36079695305425,16,9,0.0
2930,13.801612625532517,14,11,0.0
2931,22.807896165604653,15,10,0.0
2932,33.09038468626733,16,9,0.0
2933,33.338288880888705,16,9,0.0
2934,24.065471205666615,15,10,0.0
2935,24.370102919334066,15,10,0.0
2936,34.24811090256113,16,9,0.0
2937,-5.772804958431419,12,13,0.0
2938,23.460635273811405,15,10,0.0
2939,23.424901352029018,15,10,0.0
2940,14.676556988490622,14,11,0.0
2941,2.7995460645227226,13,12,0.0
2942,26.165794019465416,15,10,0.0
2943,23.805970714850556,15,10,0.0
2944,13.333103881491592,14,11,0.0
2945,33.28711963256199,16,9,0.0
2946,14.583824265779889,14,11,0.0
2947,33.12753394364995,16,9,0.0
2948,24.22507394874576,15,10,0.0
2949,3.2014773541077304,13,12,0.0
2950,24.43356959915549,15,10,0.0
2951,34.42751166580474,16,9,0.0
2952,34.22225349777552,16,9,0.0
2953,34.58628494423752,16,9,0.0
2954,45.65807470085291,17,8,0.0
2955,-15.936007769620282,11,14,0.0
2956,33.69083829288107,16,9,0.0
2957,13.661721785220195,14,11,0.0
2958,34.15042551037129,16,9,0.0
2959,3.5832717669856313,13,12,0.0
2960,24.063293368053554,15,10,0.0
2961,24.923215707122615,15,10,0.0
2962,12.823493107325437,14,11,0.0
2963,23.76628847089472,15,10,0.0
2964,25.360884256054824,15,10,0.0
2965,3.124310126325157,13,12,0.0
2966,15.265252303332506,14,11,0.0
2967,14.241077879558127,14,11,0.0
2968,33.6361748349724,16,9,0.0
2969,12.437840050241329,14,11,0.0
2970,35.165216617778285,16,9,0.0
2971,23.46020711537947,15,10,0.0
2972,13.786621479273112,14,11,0.0
2973,12.925744413818206,14,11,0.0
2974,13.47989230580096,14,11,0.0
2975,24.848094620446517,15,10,0.0
2976,23.064448163167143,15,10,0.0
2977,35.11557321066594,16,9,0.0
2978,33.746287627794345,16,9,0.0
2979,34.7645505630815,16,9,0.0
2980,33.53916022595811,16,9,0.0
2981,13.939996418400826,14,11,0.0
2982,22.9841811716269,15,10,0.0
2983,24.185034820242386,15,10,0.0
2984,14.94064569681806,14,11,0.0
2985,24.50646940952228,15,10,0.0
2986,24.818316082829295,15,10,0.0
2987,23.21845171480631,15,10,0.0
2988,34.02352768879945,16,9,0.0
2989,23.83472387726282,15,10,0.0
2990,15.087427649802809,14,11,0.0
2991,32.69270994402226,16,9,0.0
2992,22.43071356387648,15,10,0.0
2993,23.849270295616094,15,10,0.0
2994,22.702913312231402,15,10,0.0
2995,45.67001077477572,17,8,0.0
2996,23.76932687482302,15,10,0.0
2997,33.48536929515604,16,9,0.0
2998,43.11611334792727,17,8,0.0
2999,45.07162789911086,17,8,0.0
3000,24.685811544083798,15,10,0.0
3001,34.36127952147159,16,9,0.0
3002,34.4621391261944,16,9,0.0
3003,34.14182449617264,16,9,0.0
3004,24.434374298578852,15,10,0.0
3005,36.48491869160961,16,9,0.0
3006,35.10148653483151,16,9,0.0
3007,23.73521443965909,15,10,0.0
3008,24.514974049577113,15,10,0.0
3009,24.19987832331871,15,10,0.0
3010,23.01837178492686,15,10,0.0
3011,34.210981744216056,16,9,0.0
3012,24.99360401501376,15,10,0.0
3013,1.9527774545147427,13,12,0.0
3014,34.90834200142714,16,9,0.0
3015,23.917130640325762,15,10,0.0
3016,24.406128769870207,15,10,0.0
3017,13.533362746474584,14,11,0.0
3018,34.95766524964709,16,9,0.0
3019,35.08976531021616,16,9,0.0
3020,12.861494565370533,14,11,0.0
3021,34.48252335643217,16,9,0.0
3022,35.29017884890654,16,9,0.0
3023,24.524524578843113,15,10,0.0
3024,25.169906475959145,15,10,0.0
3025,23.90940642059924,15,10,0.0
3026,32.145640634923836,16,9,0.0
3027,24.415166237112466,15,10,0.0
3028,23.255874312624243,15,10,0.0
3029,4.06561892869813,13,12,0.0
3030,13.49346893482999,14,11,0.0
3031,33.35604444277334,16,9,0.0
3032,34.82203883058531,16,9,0.0
3033,13.354812942770218,14,11,0.0
3034,22.730107447040776,15,10,0.0
3035,22.84808308704454,15,10,0.0
3036,23.228956194061134,15,10,0.0
3037,35.52301533133929,16,9,0.0
3038,33.16141497749415,16,9,0.0
3039,34.3305896694273,16,9,0.0
3040,23.04105581719757,15,10,0.0
3041,24.22280651469085,15,10,0.0
3042,14.08748645285937,14,11,0.0
3043,32.73131579993345,16,9,0.0
3044,3.2943809792140146,13,12,0.0
3045,33.95804494310267,16,9,0.0
3046,34.42512762032242,16,9,0.0
3047,34.11642840785513,16,9,0.0
3048,13.4828734671026,14,11,0.0
3049,33.19926437727091,16,9,0.0
3050,44.29182709885689,17,8,0.0
3051,24.517664046395588,15,10,0.0
3052,24.911446164996356,15,10,0.0
3053,13.989608925044298,14,11,0.0
3054,33.8575512563915,16,9,0.0
3055,34.39467558938064,16,9,0.0
3056,24.067248392075086,15,10,0.0
3057,33.73565777820711,16,9,0.0
3058,32.99687561844969,16,9,0.0
3059,32.78286010048059,16,9,0.0
3060,-7.102904425063909,12,13,0.0
3061,12.956483967866832,14,11,0.0
3062,14.420446631258637,14,11,0.0
3063,33.328185027403855,16,9,0.0
3064,34.24414156425527,16,9,0.0
3065,35.02534569771262,16,9,0.0
3066,44.89114280505007,17,8,0.0
3067,34.410488723028436,16,9,0.0
3068,23.882315034089498,15,10,0.0
3069,45.432798391867834,17,8,0.0
3070,14.828633687481602,14,11,0.0
3071,23.09913399278129,15,10,0.0
3072,24.19679148290784,15,10,0.0
3073,13.890792204341627,14,11,0.0
3074,13.686634215066011,14,11,0.0
3075,14.96667193265898,14,11,0.0
3076,33.10465183203631,16,9,0.0
3077,35.12860547220076,16,9,0.0
3078,22.444781343690625,15,10,0.0
3079,45.229642773290834,17,8,0.0
3080,33.237406490244936,16,9,0.0
3081,14.129568473277846,14,11,0.0
3082,23.437657281288452,15,10,0.0
3083,32.946189355967114,16,9,0.0
3084,23.076685257846894,15,10,0.0
3085,34.21261589818811,16,9,0.0
3086,34.085394417178186,16,9,0.0
3087,12.958830303481598,14,11,0.0
3088,14.456219618625031,14,11,0.0
3089,34.55773445903311,16,9,0.0
3090,24.38413830497346,15,10,0.0
3091,23.278204838405582,15,10,0.0
3092,33.959371581532515,16,9,0.0
3093,34.2063928055611,16,9,0.0
3094,14.927389890292424,14,11,0.0
3095,23.428516135760617,15,10,0.0
3096,23.14848320287285,15,10,0.0
3097,23.301252041622963,15,10,0.0
3098,34.842123013216835,16,9,0.0
3099,23.549674899961076,15,10,0.0
3100,14.16735433826124,14,11,0.0
3101,34.42118111041217,16,9,0.0
3102,34.767239438701,16,9,0.0
3103,-7.994696401374965,12,13,0.0
3104,33.662227913393444,16,9,0.0
3105,13.648318892157892,14,11,0.0
3106,24.100545868246567,15,10,0.0
3107,3.4346556337768988,13,12,0.0
3108,23.60312528380829,15,10,0.0
3109,33.828296866990875,16,9,0.0
3110,-7.089842541023636,12,13,0.0
3111,12.893967729536412,14,11,0.0
3112,34.76452562774967,16,9,0.0
3113,13.366724080935782,14,11,0.0
3114,22.970815665306564,15,10,0.0
3115,33.08081756493667,16,9,0.0
3116,11.62861903491612,14,11,0.0
3117,13.378481972017873,14,11,0.0
3118,-17.47933492726257,11,14,0.0
3119,34.3110592312518,16,9,0.0
3120,23.903273425513593,15,10,0.0
3121,34.196515896198676,16,9,0.0
3122,33.55898672687167,16,9,0.0
3123,3.943262436665668,13,12,0.0
3124,-7.556936505426051,12,13,0.0
3125,13.132561593598293,14,11,0.0
3126,23.669090543684018,15,10,0.0
3127,22.734176202190515,15,10,0.0
3128,24.34862525945026,15,10,0.0
3129,23.299586918190897,15,10,0.0
3130,33.293981556863685,16,9,0.0
3131,33.396266775401486,16,9,0.0
3132,13.396963349500721,14,11,0.0
3133,4.226346266806193,13,12,0.0
3134,13.891889688190933,14,11,0.0
3135,24.019521520213424,15,10,0.0
3136,35.35068410409633,16,9,0.0
3137,22.86334493115042,15,10,0.0
3138,23.5468026994254,15,10,0.0
3139,12.05041801794811,14,11,0.0
3140,23.08441812555957,15,10,0.0
3141,24.665266144115595,15,10,0.0
3142,25.199016414118013,15,10,0.0
3143,25.54552983592231,15,10,0.0
3144,23.759458912523694,15,10,0.0
3145,23.799027569693457,15,10,0.0
3146,33.51035082944231,16,9,0.0
3147,33.836910765687,16,9,0.0
3148,24.387842419284482,15,10,0.0
3149,24.42913517159069,15,10,0.0
3150,23.61105120912675,15,10,0.0
3151,3.1126841217788215,13,12,0.0
3152,33.50255400030423,16,9,0.0
3153,13.761946970943614,14,11,0.0
3154,24.334481878578554,15,10,0.0
3155,23.923562964246777,15,10,0.0
3156,33.9808864767459,16,9,0.0
3157,33.06859886049114,16,9,0.0
3158,13.402496545591296,14,11,0.0
3159,13.802661961031395,14,11,0.0
3160,14.962944449406706,14,11,0.0
3161,25.025577985783112,15,10,0.0
3162,33.511292227506786,16,9,0.0
3163,14.230961130909753,14,11,0.0
3164,34.48022641761,16,9,0.0
3165,4.200698109907359,13,12,0.0
3166,23.775196853074867,15,10,0.0
3167,34.60348845652139,16,9,0.0
3168,23.878844550395396,15,10,0.0
3169,35.670551136989474,16,9,0.0
3170,23.46448506587875,15,10,0.0
3171,23.71210577090297,15,10,0.0
3172,24.12453777017804,15,10,0.0
3173,35.091834111122466,16,9,0.0
3174,14.353527784913645,14,11,0.0
3175,24.327833301688628,15,10,0.0
3176,13.42582498543627,14,11,0.0
3177,24.302086105728325,15,10,0.0
3178,24.818098439640185,15,10,0.0
3179,23.766878593564734,15,10,0.0
3180,44.50630548925161,17,8,0.0
3181,22.829748582148763,15,10,0.0
3182,13.848878450080306,14,11,0.0
3183,34.95143863053123,16,9,0.0
3184,23.46800541842526,15,10,0.0
3185,34.29456611075951,16,9,0.0
3186,33.906053740875755,16,9,0.0
3187,35.11739467054534,16,9,0.0
3188,23.965027921762406,15,10,0.0
3189,14.219731783571758,14,11,0.0
3190,2.7075036900981866,13,12,0.0
3191,33.47769022661182,16,9,0.0
3192,13.138615981478964,14,11,0.0
3193,34.09326393894666,16,9,0.0
3194,44.87196680915961,17,8,0.0
3195,23.559688590726473,15,10,0.0
3196,25.45749598163599,15,10,0.0
3197,25.09172748750181,15,10,0.0
3198,33.162122673559175,16,9,0.0
3199,24.866184111615386,15,10,0.0
3200,14.835693386499635,14,11,0.0
3201,24.01804894851845,15,10,0.0
3202,24.10787616190376,15,10,0.0
3203,34.10206471043029,16,9,0.0
3204,13.610645872655095,14,11,0.0
3205,3.755183046344004,13,12,0.0
3206,3.602704475849663,13,12,0.0
3207,13.364194580500355,14,11,0.0
3208,22.713045950200176,15,10,0.0
3209,34.91645705775873,16,9,0.0
3210,32.90108246485465,16,9,0.0
3211,34.68251593676637,16,9,0.0
3212,34.70362442873078,16,9,0.0
3213,23.671640082208043,15,10,0.0
3214,23.170312244308207,15,10,0.0
3215,34.64868842309751,16,9,0.0
3216,34.090831201421466,16,9,0.0
3217,33.975183765185676,16,9,0.0
3218,3.4604801773131744,13,12,0.0
3219,22.345583032090882,15,10,0.0
3220,34.73312297310554,16,9,0.0
3221,34.803847644660614,16,9,0.0
3222,14.538017464382175,14,11,0.0
3223,3.822347882545901,13,12,0.0
3224,24.374287516281537,15,10,0.0
3225,-5.870860264842877,12,13,0.0
3226,34.37608545201195,16,9,0.0
3227,34.25979829843475,16,9,0.0
3228,23.80582554384488,15,10,0.0
3229,24.54390661631738,15,10,0.0
3230,34.232012696281444,16,9,0.0
3231,23.98331012295369,15,10,0.0
3232,13.800448361244904,14,11,0.0
3233,34.98915405358106,16,9,0.0
3234,34.54283550897394,16,9,0.0
3235,14.039556828031806,14,11,0.0
3236,23.99720065612459,15,10,0.0
3237,24.135543264093172,15,10,0.0
3238,13.189374773701179,14,11,0.0
3239,44.67726278872843,17,8,0.0
3240,34.70307255097246,16,9,0.0
3241,33.2115314990245,16,9,0.0
3242,24.9539240277309,15,10,0.0
3243,13.000068077116236,14,11,0.0
3244,34.04654788661627,16,9,0.0
3245,23.415175947199447,15,10,0.0
3246,12.674824936185935,14,11,0.0
3247,13.99273573951375,14,11,0.0
3248,23.146287428802744,15,10,0.0
3249,23.628090101265844,15,10,0.0
3250,-6.4611756096800015,12,13,0.0
3251,35.311521366458436,16,9,0.0
3252,34.50616458270571,16,9,0.0
3253,13.661118854081092,14,11,0.0
3254,13.739154976749072,14,11,0.0
3255,34.424955251667136,16,9,0.0
3256,23.99436738680135,15,10,0.0
3257,34.06489048020322,16,9,0.0
3258,23.64797204074707,15,10,0.0
3259,34.80565521546889,16,9,0.0
3260,34.28988721313334,16,9,0.0
3261,-16.858536423415686,11,14,0.0
3262,24.690442817479504,15,10,0.0
3263,24.30386891246059,15,10,0.0
3264,34.18974368196945,16,9,0.0
3265,24.045443555017723,15,10,0.0
3266,34.4604390997637,16,9,0.0
3267,34.59530765534755,16,9,0.0
3268,13.37913948564099,14,11,0.0
3269,32.589799529919745,16,9,0.0
3270,24.418090007755463,15,10,0.0
3271,44.022050050005625,17,8,0.0
3272,23.404016435166426,15,10,0.0
3273,35.63308009836644,16,9,0.0
3274,24.601028091560735,15,10,0.0
3275,13.387648760210473,14,11,0.0
3276,44.65465905111524,17,8,0.0
3277,13.508967066444566,14,11,0.0
3278,35.16471820143845,16,9,0.0
3279,3.650025489052318,13,12,0.0
3280,22.804396231859084,15,10,0.0
3281,24.191811399448255,15,10,0.0
3282,24.246946896861424,15,10,0.0
3283,34.18534322774906,16,9,0.0
3284,13.536431500826223,14,11,0.0
3285,45.276690931770915,17,8,0.0
3286,33.609660493310514,16,9,0.0
3287,2.328204746551963,13,12,0.0
3288,23.19103539227126,15,10,0.0
3289,34.36245847335604,16,9,0.0
3290,34.18506522873783,16,9,0.0
3291,33.678713923196916,16,9,0.0
3292,33.870948896939126,16,9,0.0
3293,13.7595774286136,14,11,0.0
3294,13.115615584395462,14,11,0.0
3295,34.4805682149048,16,9,0.0
3296,33.681024996161575,16,9,0.0
3297,24.73113968078507,15,10,0.0
3298,33.95023402749933,16,9,0.0
3299,34.17894020811814,16,9,0.0
3300,34.27643896335581,16,9,0.0
3301,14.062002515950153,14,11,0.0
3302,23.764800353501997,15,10,0.0
3303,14.918706986494003,14,11,0.0
3304,33.44671806572469,16,9,0.0
3305,23.76564209127506,15,10,0.0
3306,34.66334381927028,16,9,0.0
3307,33.659618518515245,16,9,0.0
3308,23.650651534417452,15,10,0.0
3309,34.73901644640414,16,9,0.0
3310,3.2253785442098835,13,12,0.0
3311,24.546465032304212,15,10,0.0
3312,13.542351196774295,14,11,0.0
3313,35.01748135552758,16,9,0.0
3314,23.841927134036418,15,10,0.0
3315,13.954826157788276,14,11,0.0
3316,35.032297602302634,16,9,0.0
3317,34.39644920202268,16,9,0.0
3318,23.09843119014753,15,10,0.0
3319,32.98649635986077,16,9,0.0
3320,23.89735477960904,15,10,0.0
3321,23.278862714125278,15,10,0.0
3322,33.27317076418816,16,9,0.0
3323,35.76888876498454,16,9,0.0
3324,34.66059189355875,16,9,0.0
3325,34.74934015814565,16,9,0.0
3326,23.950219840764408,15,10,0.0
3327,24.246128269088327,15,10,0.0
3328,24.243620299006103,15,10,0.0
3329,22.984529193137696,15,10,0.0
3330,34.58109510480763,16,9,0.0
3331,24.56232466300454,15,10,0.0
3332,34.385531236944125,16,9,0.0
3333,34.75797426247402,16,9,0.0
3334,23.257342050936057,15,10,0.0
3335,33.72156462569399,16,9,0.0
3336,13.049988070079413,14,11,0.0
3337,34.20890772280178,16,9,0.0
3338,4.491942094235945,13,12,0.0
3339,34.84634248692208,16,9,0.0
3340,34.157420290561305,16,9,0.0
3341,32.54233940905676,16,9,0.0
3342,35.47806611171224,16,9,0.0
3343,33.401138665877085,16,9,0.0
3344,13.293900126043248,14,11,0.0
3345,33.07975361557011,16,9,0.0
3346,2.5951256445435664,13,12,0.0
3347,14.665242570177881,14,11,0.0
3348,35.4126515243946,16,9,0.0
3349,23.729128130864396,15,10,0.0
3350,24.381646958851718,15,10,0.0
3351,33.60036064255597,16,9,0.0
3352,14.246651934482525,14,11,0.0
3353,3.6911155247692786,13,12,0.0
3354,32.74566429020004,16,9,0.0
3355,24.159949717915538,15,10,0.0
3356,14.000571432527728,14,11,0.0
3357,23.542417540911956,15,10,0.0
3358,45.25468116483691,17,8,0.0
3359,-5.88793959556757,12,13,0.0
3360,23.90056425485082,15,10,0.0
3361,33.415035622733036,16,9,0.0
3362,33.87095118753318,16,9,0.0
3363,22.823999947522303,15,10,0.0
3364,13.41710621708072,14,11,0.0
3365,23.38620279985442,15,10,0.0
3366,14.054662703346944,14,11,0.0
3367,32.89162387607593,16,9,0.0
3368,3.8842243299458854,13,12,0.0
3369,34.51533215654292,16,9,0.0
3370,33.03944949730064,16,9,0.0
3371,33.82558425672498,16,9,0.0
3372,33.77657519828386,16,9,0.0
3373,24.008342843314175,15,10,0.0
3374,24.80328104587704,15,10,0.0
3375,24.083773253460986,15,10,0.0
3376,35.08643478177206,16,9,0.0
3377,24.42652384843478,15,10,0.0
3378,34.00223591021245,16,9,0.0
3379,35.15105536819024,16,9,0.0
3380,34.60509015848895,16,9,0.0
3381,14.397881682680714,14,11,0.0
3382,23.12144860946459,15,10,0.0
3383,34.22216573118856,16,9,0.0
3384,35.38492306515033,16,9,0.0
3385,24.112683193073032,15,10,0.0
3386,13.689519515459185,14,11,0.0
3387,33.48029479020727,16,9,0.0
3388,23.546732748156387,15,10,0.0
3389,-6.575482327370311,12,13,0.0
3390,3.7616518014436267,13,12,0.0
3391,12.930932391295453,14,11,0.0
3392,33.14783778153739,16,9,0.0
3393,24.78682727234564,15,10,0.0
3394,23.562363984807426,15,10,0.0
3395,24.54043647214825,15,10,0.0
3396,22.628605720958774,15,10,0.0
3397,33.98089496056975,16,9,0.0
3398,23.379632520418525,15,10,0.0
3399,2.639451131516175,13,12,0.0
3400,33.991685675276045,16,9,0.0
3401,23.782129162061278,15,10,0.0
3402,23.76428079769623,15,10,0.0
3403,33.40826320986321,16,9,0.0
3404,3.9402273498624814,13,12,0.0
3405,23.357671950094286,15,10,0.0
3406,13.53637611096804,14,11,0.0
3407,33.7351531380891,16,9,0.0
3408,24.07495423055829,15,10,0.0
3409,24.56376103797748,15,10,0.0
3410,23.37096991378486,15,10,0.0
3411,-5.212746309744823,12,13,0.0
3412,35.02582661580059,16,9,0.0
3413,22.78525669064058,15,10,0.0
3414,33.890550015083484,16,9,0.0
3415,34.41536885710734,16,9,0.0
3416,24.49040606807052,15,10,0.0
3417,34.63685596981102,16,9,0.0
3418,35.37487004254695,16,9,0.0
3419,34.18234812498917,16,9,0.0
3420,4.430838340422917,13,12,0.0
3421,23.907848304002513,15,10,0.0
3422,12.98156694206008,14,11,0.0
3423,35.07197503914037,16,9,0.0
3424,2.5187235157132797,13,12,0.0
3425,22.872928208331036,15,10,0.0
3426,3.940798258635933,13,12,0.0
3427,13.844739560426579,14,11,0.0
3428,33.51232088211992,16,9,0.0
3429,34.057845615108086,16,9,0.0
3430,13.43702475510644,14,11,0.0
3431,33.81369730799615,16,9,0.0
3432,33.86964465196948,16,9,0.0
3433,24.492320333234066,15,10,0.0
3434,34.379012922578056,16,9,0.0
3435,24.065998235849914,15,10,0.0
3436,24.099111398967718,15,10,0.0
3437,23.97989895872249,15,10,0.0
3438,25.110560648989384,15,10,0.0
3439,24.62607114066263,15,10,0.0
3440,25.127210841913207,15,10,0.0
3441,34.36634407903908,16,9,0.0
3442,13.999831173294234,14,11,0.0
3443,33.615470069185434,16,9,0.0
3444,14.477371578557685,14,11,0.0
3445,34.040793390166144,16,9,0.0
3446,35.624525269304634,16,9,0.0
3447,23.984333230958207,15,10,0.0
3448,23.990337549165343,15,10,0.0
3449,13.995935435600908,14,11,0.0
3450,23.98247038212772,15,10,0.0
3451,34.651804321239375,16,9,0.0
3452,13.010517471633673,14,11,0.0
3453,24.94212035761485,15,10,0.0
3454,24.276979550653994,15,10,0.0
3455,24.006265970370368,15,10,0.0
3456,33.63593476025359,16,9,0.0
3457,34.44343942324154,16,9,0.0
3458,13.709064737237362,14,11,0.0
3459,34.13302315439018,16,9,0.0
3460,13.386233809377565,14,11,0.0
3461,24.723228514323296,15,10,0.0
3462,14.74804221888088,14,11,0.0
3463,14.204929671149793,14,11,0.0
3464,33.91089430763758,16,9,0.0
3465,24.2206752088243,15,10,0.0
3466,34.88218729835985,16,9,0.0
3467,22.894160476412406,15,10,0.0
3468,24.629004312381888,15,10,0.0
3469,34.1080609895351,16,9,0.0
3470,24.776970907070435,15,10,0.0
3471,24.011692448827432,15,10,0.0
3472,24.319059074085057,15,10,0.0
3473,34.75216745531421,16,9,0.0
3474,22.953669195762927,15,10,0.0
3475,24.490094986050067,15,10,0.0
3476,34.22378657345132,16,9,0.0
3477,33.40082140929677,16,9,0.0
3478,35.29226400752811,16,9,0.0
3479,32.7202451945947,16,9,0.0
3480,24.330639582358266,15,10,0.0
3481,24.740063378448433,15,10,0.0
3482,34.01904947728209,16,9,0.0
3483,34.06420320936244,16,9,0.0
3484,45.446615375885344,17,8,0.0
3485,24.49073986997296,15,10,0.0
3486,14.72373103232628,14,11,0.0
3487,33.08824287678737,16,9,0.0
3488,25.398009721075955,15,10,0.0
3489,34.399562901038124,16,9,0.0
3490,33.70995079751934,16,9,0.0
3491,25.051077058557844,15,10,0.0
3492,34.707184452293816,16,9,0.0
3493,34.542965023797976,16,9,0.0
3494,34.17709069460386,16,9,0.0
3495,23.164037164438163,15,10,0.0
3496,-15.900235051113022,11,14,0.0
3497,23.874934343863288,15,10,0.0
3498,2.1546145884750763,13,12,0.0
3499,22.787375609826253,15,10,0.0
3500,13.565096937674328,14,11,0.0
3501,24.015437517987742,15,10,0.0
3502,34.82251442193191,16,9,0.0
3503,34.61885727192497,16,9,0.0
3504,13.850445940860592,14,11,0.0
3505,34.21085573924442,16,9,0.0
3506,23.808698286504068,15,10,0.0
3507,23.04253935153264,15,10,0.0
3508,33.0168877831153,16,9,0.0
3509,23.932872951497174,15,10,0.0
3510,32.83630130466656,16,9,0.0
3511,33.95259027836454,16,9,0.0
3512,34.15317247047378,16,9,0.0
3513,12.731908550557385,14,11,0.0
3514,-7.433589045255402,12,13,0.0
3515,34.000722730920636,16,9,0.0
3516,4.106142561179447,13,12,0.0
3517,34.04756943682933,16,9,0.0
3518,33.183049608753784,16,9,0.0
3519,23.13131952684404,15,10,0.0
3520,34.42762987208305,16,9,0.0
3521,25.08017225043421,15,10,0.0
3522,34.02006863657757,16,9,0.0
3523,23.518288757828664,15,10,0.0
3524,32.76307565820519,16,9,0.0
3525,33.921385815826945,16,9,0.0
3526,32.656224791384105,16,9,0.0
3527,23.479491432972914,15,10,0.0
3528,13.17151073690781,14,11,0.0
3529,24.47405794206477,15,10,0.0
3530,-7.2161615286966985,12,13,0.0
3531,34.36857775798479,16,9,0.0
3532,34.955161080566235,16,9,0.0
3533,23.821137827055125,15,10,0.0
3534,32.913281193217806,16,9,0.0
3535,44.44921771642745,17,8,0.0
3536,34.088402317402064,16,9,0.0
3537,24.522636557649573,15,10,0.0
3538,15.337730064913558,14,11,0.0
3539,34.078454744007615,16,9,0.0
3540,35.35249249331956,16,9,0.0
3541,34.65195546402171,16,9,0.0
3542,23.930492500029693,15,10,0.0
3543,43.63315233019352,17,8,0.0
3544,13.824317158379165,14,11,0.0
3545,24.724489013316138,15,10,0.0
3546,13.901120661726932,14,11,0.0
3547,34.365443202261105,16,9,0.0
3548,23.77466597858833,15,10,0.0
3549,32.655013828726254,16,9,0.0
3550,33.833132433363,16,9,0.0
3551,33.296159978426665,16,9,0.0
3552,24.13608815229333,15,10,0.0
3553,23.103214395780793,15,10,0.0
3554,34.61181871709363,16,9,0.0
3555,13.46858626922485,14,11,0.0
3556,24.64286209926251,15,10,0.0
3557,33.27247231364562,16,9,0.0
3558,34.38701689673164,16,9,0.0
3559,24.38941204947915,15,10,0.0
3560,4.108407601672716,13,12,0.0
3561,34.28705775150691,16,9,0.0
3562,33.548882808424246,16,9,0.0
3563,33.699174582663886,16,9,0.0
3564,22.89817240571139,15,10,0.0
3565,33.55996006941051,16,9,0.0
3566,23.557818142699404,15,10,0.0
3567,23.234344312893164,15,10,0.0
3568,24.289536811572287,15,10,0.0
3569,23.531693849521265,15,10,0.0
3570,34.96692534728943,16,9,0.0
3571,33.67306590477912,16,9,0.0
3572,34.3013748329464,16,9,0.0
3573,24.40229698438097,15,10,0.0
3574,23.355203289855595,15,10,0.0
3575,34.18690568098798,16,9,0.0
3576,14.209295297965593,14,11,0.0
3577,22.705303288280188,15,10,0.0
3578,23.611731614316405,15,10,0.0
3579,34.149539501945,16,9,0.0
3580,34.10032277944206,16,9,0.0
3581,34.58141635388985,16,9,0.0
3582,24.762099912441972,15,10,0.0
3583,24.16835387164754,15,10,0.0
3584,24.776591471425217,15,10,0.0
3585,34.6518343402539,16,9,0.0
3586,2.534400740369332,13,12,0.0
3587,33.41781144863006,16,9,0.0
3588,24.982513246558682,15,10,0.0
3589,33.076961521184,16,9,0.0
3590,33.58812190587381,16,9,0.0
3591,23.271938663998284,15,10,0.0
3592,12.228125150118636,14,11,0.0
3593,43.95421391269341,17,8,0.0
3594,23.880435881271904,15,10,0.0
3595,24.017493819345788,15,10,0.0
3596,34.68775793317267,16,9,0.0
3597,24.26495734870001,15,10,0.0
3598,23.7270158072078,15,10,0.0
3599,14.672567866223517,14,11,0.0
3600,34.05935556977326,16,9,0.0
3601,13.973892199203688,14,11,0.0
3602,13.65172563850955,14,11,0.0
3603,34.769953154955616,16,9,0.0
3604,25.227797727793295,15,10,0.0
3605,33.94505287282898,16,9,0.0
3606,23.348106246886665,15,10,0.0
3607,12.579831590103229,14,11,0.0
3608,23.221296779619802,15,10,0.0
3609,33.45286583184921,16,9,0.0
3610,2.829165892120722,13,12,0.0
3611,35.07208192595238,16,9,0.0
3612,33.29661886392059,16,9,0.0
3613,24.14603272139108,15,10,0.0
3614,23.563772180040644,15,10,0.0
3615,14.030429942454955,14,11,0.0
3616,33.30175475309598,16,9,0.0
3617,12.852312766251714,14,11,0.0
3618,23.23656460411372,15,10,0.0
3619,34.24983435296808,16,9,0.0
3620,34.228084013998334,16,9,0.0
3621,34.58092344000894,16,9,0.0
3622,32.689770931249576,16,9,0.0
3623,34.123245703737155,16,9,0.0
3624,33.209096427990254,16,9,0.0
3625,33.48761537622116,16,9,0.0
3626,34.80451724180377,16,9,0.0
3627,34.27641445476622,16,9,0.0
3628,33.97354529408378,16,9,0.0
3629,35.43697591563328,16,9,0.0
3630,33.86876010142166,16,9,0.0
3631,22.59713689438759,15,10,0.0
3632,34.1108111081392,16,9,0.0
3633,13.074988822208715,14,11,0.0
3634,23.631269769089798,15,10,0.0
3635,33.839178051220046,16,9,0.0
3636,34.977532321684045,16,9,0.0
3637,13.837594529613757,14,11,0.0
3638,34.053684159022815,16,9,0.0
3639,23.843859733925058,15,10,0.0
3640,33.3807748593675,16,9,0.0
3641,34.7847486392392,16,9,0.0
3642,34.73270607189128,16,9,0.0
3643,23.4357565716589,15,10,0.0
3644,23.415753278596064,15,10,0.0
3645,33.930636538561686,16,9,0.0
3646,23.54417580288411,15,10,0.0
3647,43.94137484785368,17,8,0.0
3648,22.943485250859386,15,10,0.0
3649,33.943580770414506,16,9,0.0
3650,34.10537506324566,16,9,0.0
3651,33.63122818475439,16,9,0.0
3652,34.70862722047467,16,9,0.0
3653,44.919336795412406,17,8,0.0
3654,33.81868507399459,16,9,0.0
3655,23.706695035681044,15,10,0.0
3656,-16.4453473038433,11,14,0.0
3657,33.905571483162404,16,9,0.0
3658,25.210010286556944,15,10,0.0
3659,34.06096969035656,16,9,0.0
3660,34.4507164610764,16,9,0.0
3661,54.049873083246055,18,7,0.0
3662,45.093285490208174,17,8,0.0
3663,24.80854585300701,15,10,0.0
3664,23.274935539321582,15,10,0.0
3665,23.841931885637788,15,10,0.0
3666,23.9540697631479,15,10,0.0
3667,34.83495403140439,16,9,0.0
3668,34.54672061335126,16,9,0.0
3669,13.940576247427696,14,11,0.0
3670,34.96262358826264,16,9,0.0
3671,43.6342536141364,17,8,0.0
3672,23.188223861100763,15,10,0.0
3673,12.652419773194762,14,11,0.0
3674,34.19287286876924,16,9,0.0
3675,25.07037267550877,15,10,0.0
3676,13.477894107087186,14,11,0.0
3677,33.812220801015144,16,9,0.0
3678,34.433323912338885,16,9,0.0
3679,33.93458366987914,16,9,0.0
3680,35.10473059635562,16,9,0.0
3681,33.10479103572411,16,9,0.0
3682,23.407932295124894,15,10,0.0
3683,24.233826586287673,15,10,0.0
3684,35.11204072359513,16,9,0.0
3685,23.51307818349171,15,10,0.0
3686,14.041864130882123,14,11,0.0
3687,11.955931865143848,14,11,0.0
3688,34.59046799896757,16,9,0.0
3689,33.512503089072624,16,9,0.0
3690,24.165714970733532,15,10,0.0
3691,13.614963394948651,14,11,0.0
3692,33.65315784434606,16,9,0.0
3693,34.135021684957735,16,9,0.0
3694,34.3980669526719,16,9,0.0
3695,33.81345624552303,16,9,0.0
3696,25.01280032025785,15,10,0.0
3697,24.118672129061835,15,10,0.0
3698,13.3770350123811,14,11,0.0
3699,23.21680322458727,15,10,0.0
3700,23.712888112196822,15,10,0.0
3701,3.0608839620828174,13,12,0.0
3702,13.67611494801031,14,11,0.0
3703,24.333995951978675,15,10,0.0
3704,24.566723687452676,15,10,0.0
3705,23.795142326246037,15,10,0.0
3706,23.106562103872296,15,10,0.0
3707,33.43350542224433,16,9,0.0
3708,24.754413776625015,15,10,0.0
3709,33.99759917899648,16,9,0.0
3710,23.442245268005415,15,10,0.0
3711,34.04573603947076,16,9,0.0
3712,23.0743197897891,15,10,0.0
3713,4.948765341253142,13,12,0.0
3714,25.040157110007648,15,10,0.0
3715,23.004257652020613,15,10,0.0
3716,33.767258512679305,16,9,0.0
3717,34.96276245593759,16,9,0.0
3718,34.03497475898656,16,9,0.0
3719,24.85944372247083,15,10,0.0
3720,2.3152025869575343,13,12,0.0
3721,25.110448802779377,15,10,0.0
3722,33.80381116066769,16,9,0.0
3723,33.53940556532949,16,9,0.0
3724,34.53168376431381,16,9,0.0
3725,-6.818656255426951,12,13,0.0
3726,34.13555153087786,16,9,0.0
3727,3.702292968938787,13,12,0.0
3728,34.44943013566265,16,9,0.0
3729,33.26728263378459,16,9,0.0
3730,34.773377317235045,16,9,0.0
3731,34.88554766796004,16,9,0.0
3732,3.6766610581298984,13,12,0.0
3733,3.6766139138917477,13,12,0.0
3734,13.622158315871477,14,11,0.0
3735,34.315686880378685,16,9,0.0
3736,34.57123465544547,16,9,0.0
3737,23.059435895445922,15,10,0.0
3738,23.09984780956942,15,10,0.0
3739,13.821413333640315,14,11,0.0
3740,23.519127597359375,15,10,0.0
3741,23.438413582756226,15,10,0.0
3742,24.153752972377077,15,10,0.0
3743,23.560028138277698,15,10,0.0
3744,34.30270323674739,16,9,0.0
3745,32.396910290586746,16,9,0.0
3746,13.472859752404915,14,11,0.0
3747,35.57014263788035,16,9,0.0
3748,24.445529337802196,15,10,0.0
3749,33.31205793794542,16,9,0.0
3750,34.104466003099716,16,9,0.0
3751,24.67921764896789,15,10,0.0
3752,23.855294723676888,15,10,0.0
3753,24.4291581968918,15,10,0.0
3754,23.69010525124055,15,10,0.0
3755,25.172749057557727,15,10,0.0
3756,34.490769107456174,16,9,0.0
3757,23.637414990158856,15,10,0.0
3758,23.596785607813683,15,10,0.0
3759,34.36126661319173,16,9,0.0
3760,22.772853107348777,15,10,0.0
3761,22.38854538249226,15,10,0.0
3762,23.442616857034917,15,10,0.0
3763,33.99381898794694,16,9,0.0
3764,3.966436237610255,13,12,0.0
3765,34.42028657254994,16,9,0.0
3766,33.14669192526802,16,9,0.0
3767,13.907421863311551,14,11,0.0
3768,-7.286975350150163,12,13,0.0
3769,33.5624115435967,16,9,0.0
3770,34.540379101360436,16,9,0.0
3771,24.209271535429316,15,10,0.0
3772,33.78641938467437,16,9,0.0
3773,22.492755239249448,15,10,0.0
3774,34.74015844221023,16,9,0.0
3775,23.924123984893036,15,10,0.0
3776,44.91143382343788,17,8,0.0
3777,14.581956416036697,14,11,0.0
3778,13.0631023672416,14,11,0.0
3779,23.381599784437324,15,10,0.0
3780,35.15591299927914,16,9,0.0
3781,23.539581335778838,15,10,0.0
3782,33.35813860868444,16,9,0.0
3783,3.4542752498575364,13,12,0.0
3784,33.423388102209906,16,9,0.0
3785,35.259576406679976,16,9,0.0
3786,13.672669495078422,14,11,0.0
3787,34.31105330585973,16,9,0.0
3788,33.919859245152246,16,9,0.0
3789,24.560519504601846,15,10,0.0
3790,13.821526120851985,14,11,0.0
3791,33.93643906738161,16,9,0.0
3792,34.63433108849677,16,9,0.0
3793,23.93145057596637,15,10,0.0
3794,15.028842000185184,14,11,0.0
3795,35.265507086320575,16,9,0.0
3796,34.724574739707805,16,9,0.0
3797,34.20749203351597,16,9,0.0
3798,3.7398319033885556,13,12,0.0
3799,23.651399426953805,15,10,0.0
3800,-7.311424360280475,12,13,0.0
3801,34.1690542147356,16,9,0.0
3802,14.045391123743796,14,11,0.0
3803,24.370674884799286,15,10,0.0
3804,44.0562035976075,17,8,0.0
3805,34.446202780958004,16,9,0.0
3806,33.98010538199128,16,9,0.0
3807,34.5133927830174,16,9,0.0
3808,33.86791799008712,16,9,0.0
3809,25.88989961781737,15,10,0.0
3810,44.815337565355314,17,8,0.0
3811,23.49706051709136,15,10,0.0
3812,13.136647475531744,14,11,0.0
3813,34.42825829340097,16,9,0.0
3814,34.247646637628144,16,9,0.0
3815,24.95386797326907,15,10,0.0
3816,24.020214889849832,15,10,0.0
3817,34.100729849559656,16,9,0.0
3818,-5.310099032787074,12,13,0.0
3819,22.51105155401967,15,10,0.0
3820,33.70974054134246,16,9,0.0
3821,22.886324464913955,15,10,0.0
3822,45.640688153808696,17,8,0.0
3823,45.203538130055435,17,8,0.0
3824,14.460976684126814,14,11,0.0
3825,12.292986205293603,14,11,0.0
3826,34.29666491443108,16,9,0.0
3827,14.615370033586224,14,11,0.0
3828,34.25643569196889,16,9,0.0
3829,24.154024795613864,15,10,0.0
3830,23.97376304018709,15,10,0.0
3831,24.663323024627882,15,10,0.0
3832,23.073370456174032,15,10,0.0
3833,43.77153950345971,17,8,0.0
3834,33.55643674943663,16,9,0.0
3835,33.389055805920954,16,9,0.0
3836,23.124877865660338,15,10,0.0
3837,22.85636925710569,15,10,0.0
3838,24.735608995206515,15,10,0.0
3839,24.49985038721186,15,10,0.0
3840,13.572575058022649,14,11,0.0
3841,22.454418884682294,15,10,0.0
3842,24.668791917272728,15,10,0.0
3843,34.90532113024844,16,9,0.0
3844,24.357666235055277,15,10,0.0
3845,23.705281476419092,15,10,0.0
3846,23.00284892241129,15,10,0.0
3847,33.68898067966718,16,9,0.0
3848,23.790023221064377,15,10,0.0
3849,23.847127371883964,15,10,0.0
3850,13.320142630439019,14,11,0.0
3851,33.99446585147637,16,9,0.0
3852,44.161384009518116,17,8,0.0
3853,24.034393896891377,15,10,0.0
3854,2.980347863586352,13,12,0.0
3855,24.15247806887734,15,10,0.0
3856,24.200909027246606,15,10,0.0
3857,34.15779228955344,16,9,0.0
3858,33.56278446996688,16,9,0.0
3859,34.61819711358934,16,9,0.0
3860,22.339612336238048,15,10,0.0
3861,33.889549383897446,16,9,0.0
3862,34.484340712253285,16,9,0.0
3863,14.391157428954267,14,11,0.0
3864,24.463922783956573,15,10,0.0
3865,13.244305205868182,14,11,0.0
3866,24.308132845272834,15,10,0.0
3867,13.238813418766181,14,11,0.0
3868,24.819376574654335,15,10,0.0
3869,45.45910919609753,17,8,0.0
3870,34.640566147491484,16,9,0.0
3871,35.070788163643456,16,9,0.0
3872,34.501841699373244,16,9,0.0
3873,23.550713727421638,15,10,0.0
3874,22.83622827916353,15,10,0.0
3875,34.47793951398295,16,9,0.0
3876,34.91846542798884,16,9,0.0
3877,14.70114485023024,14,11,0.0
3878,24.568296070886532,15,10,0.0
3879,24.393023220399005,15,10,0.0
3880,4.724134975741001,13,12,0.0
3881,34.23676261498825,16,9,0.0
3882,34.05616089904892,16,9,0.0
3883,4.31104552931134,13,12,0.0
3884,33.485830214505356,16,9,0.0
3885,34.369706261319386,16,9,0.0
3886,35.295015187792295,16,9,0.0
3887,3.1155780716919903,13,12,0.0
3888,45.073185298540515,17,8,0.0
3889,34.61763105938253,16,9,0.0
3890,24.29844974848188,15,10,0.0
3891,23.527633814488027,15,10,0.0
3892,-6.324391118827627,12,13,0.0
3893,13.779096060540226,14,11,0.0
3894,33.86083768544384,16,9,0.0
3895,26.045716112237272,15,10,0.0
3896,23.63695969397643,15,10,0.0
3897,35.154082659358906,16,9,0.0
3898,33.978007233165584,16,9,0.0
3899,34.21555143388479,16,9,0.0
3900,3.1832241499400453,13,12,0.0
3901,25.238554916289665,15,10,0.0
3902,14.248359387051645,14,11,0.0
3903,13.024906749277076,14,11,0.0
3904,23.191093181473477,15,10,0.0
3905,35.74601518847467,16,9,0.0
3906,24.537455213613214,15,10,0.0
3907,13.103616466922299,14,11,0.0
3908,22.96549109647378,15,10,0.0
3909,13.746772660037998,14,11,0.0
3910,24.58499536483742,15,10,0.0
3911,34.99023042948977,16,9,0.0
3912,43.968407630814404,17,8,0.0
3913,13.342412849318091,14,11,0.0
3914,15.757320938368414,14,11,0.0
3915,24.191281402927544,15,10,0.0
3916,45.142536863700094,17,8,0.0
3917,12.448554319813846,14,11,0.0
3918,13.89357553522504,14,11,0.0
3919,25.493744065941186,15,10,0.0
3920,13.222954552737983,14,11,0.0
3921,24.593417960470397,15,10,0.0
3922,23.662806277658934,15,10,0.0
3923,35.16972765454491,16,9,0.0
3924,33.605725159834314,16,9,0.0
3925,13.510112498304803,14,11,0.0
3926,34.2683485089579,16,9,0.0
3927,24.44629049370549,15,10,0.0
3928,13.357008575581746,14,11,0.0
3929,34.055423513800434,16,9,0.0
3930,33.723539318230536,16,9,0.0
3931,24.503829615459495,15,10,0.0
3932,34.60863263523414,16,9,0.0
3933,23.127914023092785,15,10,0.0
3934,35.05868582486456,16,9,0.0
3935,14.751311737449402,14,11,0.0
3936,14.756575733184835,14,11,0.0
3937,13.36639861507838,14,11,0.0
3938,32.89854688941362,16,9,0.0
3939,23.91679598631547,15,10,0.0
3940,33.8348902339532,16,9,0.0
3941,35.19917609500136,16,9,0.0
3942,23.016055445791412,15,10,0.0
3943,33.74039656643743,16,9,0.0
3944,23.957990422910182,15,10,0.0
3945,13.951138063372303,14,11,0.0
3946,-5.760702302067307,12,13,0.0
3947,24.147034446353334,15,10,0.0
3948,34.38471872255003,16,9,0.0
3949,14.270879673267178,14,11,0.0
3950,34.85939407050696,16,9,0.0
3951,13.918854665527837,14,11,0.0
3952,35.35513325393362,16,9,0.0
3953,45.09144181072923,17,8,0.0
3954,24.05199134854571,15,10,0.0
3955,14.60271219786842,14,11,0.0
3956,25.032317188897906,15,10,0.0
3957,24.121655566871215,15,10,0.0
3958,25.37946985243621,15,10,0.0
3959,34.638597147519725,16,9,0.0
3960,34.218700667680785,16,9,0.0
3961,33.102061332033784,16,9,0.0
3962,33.94988400179932,16,9,0.0
3963,34.620377378161976,16,9,0.0
3964,34.70604366362677,16,9,0.0
3965,35.54958641670259,16,9,0.0
3966,44.417450829596675,17,8,0.0
3967,35.71462939959822,16,9,0.0
3968,33.811151669308934,16,9,0.0
3969,34.466388149149964,16,9,0.0
3970,24.928257881690847,15,10,0.0
3971,13.92248777569252,14,11,0.0
3972,34.55415674364686,16,9,0.0
3973,36.59260655543206,16,9,0.0
3974,23.036615369106975,15,10,0.0
3975,33.93527066280309,16,9,0.0
3976,33.335775231181486,16,9,0.0
3977,33.73488934366435,16,9,0.0
3978,23.975328131608247,15,10,0.0
3979,23.969118412477606,15,10,0.0
3980,24.106704081807827,15,10,0.0
3981,33.80137611639135,16,9,0.0
3982,34.132046349926846,16,9,0.0
3983,34.605741796918124,16,9,0.0
3984,35.31257025432587,16,9,0.0
3985,35.81704199366184,16,9,0.0
3986,14.041992875915806,14,11,0.0
3987,26.020484433825594,15,10,0.0
3988,23.575452939128727,15,10,0.0
3989,33.66721146148002,16,9,0.0
3990,24.839710945297107,15,10,0.0
3991,33.75652072916297,16,9,0.0
3992,35.420180065795186,16,9,0.0
3993,25.0016134394718,15,10,0.0
3994,35.003247897788725,16,9,0.0
3995,24.563211614120718,15,10,0.0
3996,33.95423080708917,16,9,0.0
3997,44.10109694736428,17,8,0.0
3998,23.306729358825667,15,10,0.0
3999,35.69877576319656,16,9,0.0
4000,34.53588776359257,16,9,0.0
