"# mode=none d_value=0 d=[0,0] p=0.50 dr=0 seed=7 topology=fixed ch=3 fade=1(rho=0.70,sig=6.0) n_agents=5 obs_dim=34 n_episodes=4000 ue=25"
episode,sum_reward,success,fail,mean_delay
1,-35.2706283978294,9,16,0.0
2,-35.53425565393198,9,16,0.0
3,-25.435870544424574,10,15,0.0
4,-35.57892696724618,9,16,0.0
5,-34.57729551822943,9,16,0.0
6,-24.41805510473185,10,15,0.0
7,-84.65104505400141,4,21,0.0
8,-25.612133817317517,10,15,0.0
9,-65.00314000517562,6,19,0.0
10,-36.03048743230396,9,16,0.0
11,-43.87740058845953,8,17,0.0
12,-35.92161069593318,9,16,0.0
13,-64.55808937893413,6,19,0.0
14,-25.656012414696185,10,15,0.0
15,-35.98577946683515,9,16,0.0
16,-55.76448202626232,7,18,0.0
17,-36.22502944111774,9,16,0.0
18,-45.455929381835006,8,17,0.0
19,-25.932559626775106,10,15,0.0
20,-37.23608236691903,9,16,0.0
21,-76.47450287192956,5,20,0.0
22,-56.28088455409793,7,18,0.0
23,-35.18822297832946,9,16,0.0
24,-25.96574338713659,10,15,0.0
25,-45.50199734808773,8,17,0.0
26,-44.74268899619584,8,17,0.0
27,-45.98640914517733,8,17,0.0
28,-14.943126461026456,11,14,0.0
29,-55.65048227020303,7,18,0.0
30,-45.01945558294727,8,17,0.0
31,-56.204695162363535,7,18,0.0
32,-36.45283896504956,9,16,0.0
33,-15.041038277464605,11,14,0.0
34,-45.151951920246034,8,17,0.0
35,-54.47974277358162,7,18,0.0
36,-44.51652913353857,8,17,0.0
37,-56.68732232742888,7,18,0.0
38,-25.36343460288016,10,15,0.0
39,-34.629625582224264,9,16,0.0
40,-56.214637856458,7,18,0.0
41,-36.05656404654948,9,16,0.0
42,-45.327683524601625,8,17,0.0
43,-45.83445161867946,8,17,0.0
44,-15.511603093266444,11,14,0.0
45,-44.47440089691905,8,17,0.0
46,-85.85604459340918,4,21,0.0
47,-33.96971728422741,9,16,0.0
48,-46.311471430362246,8,17,0.0
49,-15.249187671844489,11,14,0.0
50,-68.02797827250828,6,19,0.0
51,-55.25865192300775,7,18,0.0
52,-46.637929013167245,8,17,0.0
53,-46.00195801223256,8,17,0.0
54,-35.74277078829739,9,16,0.0
55,-35.027168102136116,9,16,0.0
56,-66.24383699551385,6,19,0.0
57,-35.18737217897123,9,16,0.0
58,-64.12788114484385,6,19,0.0
59,-23.692471294000622,10,15,0.0
60,-75.33814596737724,5,20,0.0
61,-5.47940037918298,12,13,0.0
62,-86.2628536287383,4,21,0.0
63,-47.25352598659102,8,17,0.0
64,-55.7143654469059,7,18,0.0
65,-34.861810797566115,9,16,0.0
66,-35.40847696852497,9,16,0.0
67,-36.25415945055227,9,16,0.0
68,-46.048517655463975,8,17,0.0
69,-44.87590222433247,8,17,0.0
70,-56.260558691923876,7,18,0.0
71,-15.25281816020744,11,14,0.0
72,-35.28351135798567,9,16,0.0
73,-55.737230238463994,7,18,0.0
74,-56.56348499376813,7,18,0.0
75,-45.13703478425183,8,17,0.0
76,-45.39592764265164,8,17,0.0
77,-25.90377507923777,10,15,0.0
78,-35.012814331449825,9,16,0.0
79,-45.49013939984569,8,17,0.0
80,-15.284449941182842,11,14,0.0
81,-5.3129331578742995,12,13,0.0
82,-25.213381326969657,10,15,0.0
83,-25.664150471163783,10,15,0.0
84,-26.39217371302596,10,15,0.0
85,-25.588818978468787,10,15,0.0
86,-45.0891903916512,8,17,0.0
87,-35.09384363740138,9,16,0.0
88,-35.56816966569847,9,16,0.0
89,-35.06241513201717,9,16,0.0
90,-24.288573334490476,10,15,0.0
91,-36.29200268563229,9,16,0.0
92,-24.94649329960322,10,15,0.0
93,-57.13305077779197,7,18,0.0
94,-15.85638989631486,11,14,0.0
95,-15.543220125190503,11,14,0.0
96,-15.78478130863317,11,14,0.0
97,-25.81476600178916,10,15,0.0
98,-35.77977157818958,9,16,0.0
99,-46.304200093172554,8,17,0.0
100,-25.592118305123932,10,15,0.0
101,-36.04686413130348,9,16,0.0
102,-46.28008342055951,8,17,0.0
103,-45.11344777773793,8,17,0.0
104,-24.120121614583393,10,15,0.0
105,-44.3548579444095,8,17,0.0
106,-45.67559328764916,8,17,0.0
107,-65.11452403349031,6,19,0.0
108,-36.37164205529141,9,16,0.0
109,-35.64012106696251,9,16,0.0
110,-44.59664861168385,8,17,0.0
111,-55.63749524118253,7,18,0.0
112,-35.990105143227794,9,16,0.0
113,-55.36698176397935,7,18,0.0
114,-15.067320568785128,11,14,0.0
115,-6.136470325236861,12,13,0.0
116,-45.96351228412531,8,17,0.0
117,-55.894986360808616,7,18,0.0
118,-54.711577609408096,7,18,0.0
119,-36.35525698669369,9,16,0.0
120,-46.16168633627982,8,17,0.0
121,-25.33621889064164,10,15,0.0
122,-34.8687478994045,9,16,0.0
123,-46.616272517017364,8,17,0.0
124,-75.21618029719782,5,20,0.0
125,-16.338118020030166,11,14,0.0
126,-33.869761373167904,9,16,0.0
127,-45.16329978307219,8,17,0.0
128,-25.753069709180775,10,15,0.0
129,-36.87607865875739,9,16,0.0
130,-34.22738023787666,9,16,0.0
131,-75.54788480507915,5,20,0.0
132,-34.851920804226,9,16,0.0
133,-45.270336511254314,8,17,0.0
134,-26.08981876073084,10,15,0.0
135,-36.19594506673972,9,16,0.0
136,-26.481283472726524,10,15,0.0
137,-35.60734763613725,9,16,0.0
138,-25.361041938722018,10,15,0.0
139,-35.619467566653086,9,16,0.0
140,-46.39097457280078,8,17,0.0
141,-45.427593472043476,8,17,0.0
142,-24.586628706163452,10,15,0.0
143,-46.57249468074567,8,17,0.0
144,-46.176655724969116,8,17,0.0
145,-14.385532727026156,11,14,0.0
146,-35.36933654224285,9,16,0.0
147,-24.958658731729273,10,15,0.0
148,-46.80541832305228,8,17,0.0
149,-65.66583463768032,6,19,0.0
150,-13.801289162871708,11,14,0.0
151,-16.61398750670025,11,14,0.0
152,-25.59077553362471,10,15,0.0
153,-66.59175297294546,6,19,0.0
154,-45.63860419925725,8,17,0.0
155,-65.8845157261129,6,19,0.0
156,-24.69716743497485,10,15,0.0
157,-56.16688357287538,7,18,0.0
158,-65.01221934640213,6,19,0.0
159,-16.936376800876552,11,14,0.0
160,-44.97843787243747,8,17,0.0
161,-34.985282249184976,9,16,0.0
162,-24.886064448135883,10,15,0.0
163,-46.724969793794514,8,17,0.0
164,-35.182630736540716,9,16,0.0
165,-14.654268886628845,11,14,0.0
166,-45.600801975431516,8,17,0.0
167,-24.748684182413328,10,15,0.0
168,-15.184730721222792,11,14,0.0
169,-4.502292614697497,12,13,0.0
170,-55.97630187246074,7,18,0.0
171,-25.509958904590384,10,15,0.0
172,4.983323045236036,13,12,0.0
173,-5.044121726644031,12,13,0.0
174,-25.77320534266366,10,15,0.0
175,-54.749987400729864,7,18,0.0
176,-25.190010723613984,10,15,0.0
177,-25.252230346842854,10,15,0.0
178,-44.726815807622074,8,17,0.0
179,-54.98523005307977,7,18,0.0
180,-24.202180249996502,10,15,0.0
181,-27.28794030101839,10,15,0.0
182,-44.59229465874725,8,17,0.0
183,-15.460036193397418,11,14,0.0
184,-46.556274764415434,8,17,0.0
185,-45.964084913224134,8,17,0.0
186,-44.22015731455026,8,17,0.0
187,-25.868503565520488,10,15,0.0
188,-45.088726718221885,8,17,0.0
189,-24.57841203496751,10,15,0.0
190,-35.765876180806714,9,16,0.0
191,-15.220626481612838,11,14,0.0
192,-36.18839636596118,9,16,0.0
193,-34.14604238237848,9,16,0.0
194,-46.0059466991346,8,17,0.0
195,-45.79392674234002,8,17,0.0
196,-35.549694400907185,9,16,0.0
197,-34.54300582679481,9,16,0.0
198,-65.87441203231536,6,19,0.0
199,-66.9706631569181,6,19,0.0
200,-25.59570565977284,10,15,0.0
201,-35.74894924056741,9,16,0.0
202,-46.35971627033397,8,17,0.0
203,-45.42970224018904,8,17,0.0
204,-14.165850929494475,11,14,0.0
205,-35.72701317892658,9,16,0.0
206,-55.528237864641,7,18,0.0
207,-25.93130168891102,10,15,0.0
208,-15.965847571137214,11,14,0.0
209,-25.545935972724013,10,15,0.0
210,-24.117341465358002,10,15,0.0
211,-25.343892123819508,10,15,0.0
212,-15.439302081618937,11,14,0.0
213,-25.786261555774672,10,15,0.0
214,-25.01743211249188,10,15,0.0
215,-45.18112655017542,8,17,0.0
216,-36.1798595682797,9,16,0.0
217,-6.564705047450422,12,13,0.0
218,-25.365648817652094,10,15,0.0
219,-46.889732730005605,8,17,0.0
220,-34.90847185407123,9,16,0.0
221,-25.704730588834884,10,15,0.0
222,-35.06631401030505,9,16,0.0
223,-34.36047777828496,9,16,0.0
224,-35.63643900379918,9,16,0.0
225,-35.76516074861446,9,16,0.0
226,-36.211690367958454,9,16,0.0
227,-15.271524101496087,11,14,0.0
228,-6.757966462414508,12,13,0.0
229,-46.24425839151334,8,17,0.0
230,-46.27403390627511,8,17,0.0
231,-35.98578061306937,9,16,0.0
232,-46.02827517589971,8,17,0.0
233,-45.64348690613022,8,17,0.0
234,-44.71508525175984,8,17,0.0
235,-6.007285979390346,12,13,0.0
236,-16.571550343748648,11,14,0.0
237,-26.098799236639884,10,15,0.0
238,-45.29885230681609,8,17,0.0
239,-56.00065050066448,7,18,0.0
240,-45.32139466616938,8,17,0.0
241,-36.90276970724641,9,16,0.0
242,-15.821026187606344,11,14,0.0
243,-44.08933337468912,8,17,0.0
244,-45.80259427305769,8,17,0.0
245,-46.31127370644084,8,17,0.0
246,-4.960686263809466,12,13,0.0
247,-37.08978559550795,9,16,0.0
248,-25.16276437533936,10,15,0.0
249,-16.0480682049291,11,14,0.0
250,-5.872075010498806,12,13,0.0
251,-37.07379123519473,9,16,0.0
252,-26.268819615905564,10,15,0.0
253,-45.43646639930644,8,17,0.0
254,-37.37781070461692,9,16,0.0
255,-34.95243917833773,9,16,0.0
256,-15.503786851744835,11,14,0.0
257,-25.92967775301711,10,15,0.0
258,-14.905746395261097,11,14,0.0
259,-47.08042477974159,8,17,0.0
260,-24.005110807021225,10,15,0.0
261,-6.452240011254011,12,13,0.0
262,-77.28514786374738,5,20,0.0
263,-15.39284692617529,11,14,0.0
264,-46.180968999721685,8,17,0.0
265,5.003488365541034,13,12,0.0
266,-36.17601078681746,9,16,0.0
267,-5.627053099015226,12,13,0.0
268,-15.718657894631338,11,14,0.0
269,-26.610467254229345,10,15,0.0
270,-24.354581501719885,10,15,0.0
271,-45.76634584825949,8,17,0.0
272,-35.97984370165888,9,16,0.0
273,-35.0506563349356,9,16,0.0
274,-16.138083384666047,11,14,0.0
275,-46.968770237622905,8,17,0.0
276,-56.176013267412564,7,18,0.0
277,-36.31045653790552,9,16,0.0
278,-24.220701443367616,10,15,0.0
279,-36.897367306210036,9,16,0.0
280,-6.069531554394944,12,13,0.0
281,5.602242477405298,13,12,0.0
282,-15.92953045767981,11,14,0.0
283,-56.60556246745289,7,18,0.0
284,-13.530596744214435,11,14,0.0
285,2.7204109351020294,13,12,0.0
286,-25.377654725193437,10,15,0.0
287,-25.739376966330425,10,15,0.0
288,-5.000085866487013,12,13,0.0
289,-46.539434551002664,8,17,0.0
290,-13.67031080013741,11,14,0.0
291,-46.10027612463416,8,17,0.0
292,-36.126292014131025,9,16,0.0
293,-45.400869012791446,8,17,0.0
294,-25.749974527983483,10,15,0.0
295,4.707287862679364,13,12,0.0
296,-37.11791885791191,9,16,0.0
297,-17.582371431609936,11,14,0.0
298,-35.400651050438086,9,16,0.0
299,-36.76918636322772,9,16,0.0
300,-15.630590204795316,11,14,0.0
301,-56.34206394787308,7,18,0.0
302,5.633689740494251,13,12,0.0
303,-15.30996745397855,11,14,0.0
304,-26.565002652952593,10,15,0.0
305,-25.287798266426723,10,15,0.0
306,-56.62349240462121,7,18,0.0
307,-25.078271988701257,10,15,0.0
308,-26.850968883312877,10,15,0.0
309,-46.907631462090634,8,17,0.0
310,-15.488307897716055,11,14,0.0
311,-45.32142180054137,8,17,0.0
312,-35.75267835968794,9,16,0.0
313,-45.45953812673516,8,17,0.0
314,-16.96557463022033,11,14,0.0
315,-16.72433029945963,11,14,0.0
316,-26.212114247367566,10,15,0.0
317,-3.3007275327572936,12,13,0.0
318,-45.64086926338262,8,17,0.0
319,-36.647453395331816,9,16,0.0
320,-6.484906157184595,12,13,0.0
321,-5.535823393963308,12,13,0.0
322,-54.45128554759306,7,18,0.0
323,-35.76570912800937,9,16,0.0
324,-35.89901006215236,9,16,0.0
325,-26.850685048641992,10,15,0.0
326,-26.580450625447316,10,15,0.0
327,-34.56425521876169,9,16,0.0
328,-25.17245319427336,10,15,0.0
329,-36.41834715258355,9,16,0.0
330,-35.51286354767177,9,16,0.0
331,-5.384290745099631,12,13,0.0
332,-34.657916934238536,9,16,0.0
333,-45.06966824497512,8,17,0.0
334,-16.134806378936972,11,14,0.0
335,-15.298177481389537,11,14,0.0
336,-46.45473169627405,8,17,0.0
337,-55.64192935010788,7,18,0.0
338,-15.430736607676778,11,14,0.0
339,-45.138855075820096,8,17,0.0
340,-46.106489342078255,8,17,0.0
341,-35.49506446468096,9,16,0.0
342,-15.996438234781609,11,14,0.0
343,-27.221060175904725,10,15,0.0
344,-16.11682476985887,11,14,0.0
345,-46.66543154523342,8,17,0.0
346,-26.055143086905595,10,15,0.0
347,3.986427246208774,13,12,0.0
348,-5.647542057462051,12,13,0.0
349,-36.17045584552075,9,16,0.0
350,-14.987516641094698,11,14,0.0
351,-6.134739944738367,12,13,0.0
352,-25.428281527014303,10,15,0.0
353,-43.71745140924525,8,17,0.0
354,-16.025710378412207,11,14,0.0
355,-35.49113367335562,9,16,0.0
356,-15.278608242918502,11,14,0.0
357,-35.54645613374479,9,16,0.0
358,-44.699068575845935,8,17,0.0
359,-6.208746692156982,12,13,0.0
360,-35.79648030847561,9,16,0.0
361,-4.92884308286623,12,13,0.0
362,-36.60773322818406,9,16,0.0
363,-37.18474561409549,9,16,0.0
364,-45.84101343634257,8,17,0.0
365,-16.77778479344197,11,14,0.0
366,-35.23825785091584,9,16,0.0
367,-7.333326083509581,12,13,0.0
368,-5.099636892358953,12,13,0.0
369,-36.44841629353008,9,16,0.0
370,-15.917453657020427,11,14,0.0
371,-24.312119364277287,10,15,0.0
372,-16.169006205122574,11,14,0.0
373,5.323550337177849,13,12,0.0
374,-5.747377681041625,12,13,0.0
375,-17.676582011541456,11,14,0.0
376,-4.933832201701079,12,13,0.0
377,-26.51029402527772,10,15,0.0
378,-15.409637413096487,11,14,0.0
379,-47.834738976254656,8,17,0.0
380,-15.952959270277198,11,14,0.0
381,-25.942235545213393,10,15,0.0
382,-15.871813834857663,11,14,0.0
383,-35.21677829890197,9,16,0.0
384,-46.35485303676189,8,17,0.0
385,-25.22007419594543,10,15,0.0
386,4.701019196308554,13,12,0.0
387,-16.516679985382325,11,14,0.0
388,-15.746365388022996,11,14,0.0
389,-14.947289502407411,11,14,0.0
390,-16.516220864327927,11,14,0.0
391,-46.94289218407605,8,17,0.0
392,-24.401135358290663,10,15,0.0
393,-36.20159970563964,9,16,0.0
394,-26.99887285730296,10,15,0.0
395,-25.20226705990288,10,15,0.0
396,-45.201517939458554,8,17,0.0
397,-14.493338538951859,11,14,0.0
398,4.143622384564338,13,12,0.0
399,-5.657823828785571,12,13,0.0
400,-25.09895149841213,10,15,0.0
401,-35.60817432393919,9,16,0.0
402,-5.960110760587498,12,13,0.0
403,-34.87803100338394,9,16,0.0
404,-26.407711648678866,10,15,0.0
405,-5.463122512145305,12,13,0.0
406,-25.733242478767004,10,15,0.0
407,-27.124591385024654,10,15,0.0
408,-26.379033909642686,10,15,0.0
409,-26.87520950565512,10,15,0.0
410,-15.770311084026137,11,14,0.0
411,14.345424364688892,14,11,0.0
412,-26.682851623842726,10,15,0.0
413,-15.326208888764508,11,14,0.0
414,-45.52216733729506,8,17,0.0
415,-35.750819958772766,9,16,0.0
416,-24.702671499851366,10,15,0.0
417,-24.643023587267983,10,15,0.0
418,-26.35808148552837,10,15,0.0
419,-26.062975707694807,10,15,0.0
420,-35.605962577942094,9,16,0.0
421,-16.15813775490823,11,14,0.0
422,-45.26351148729188,8,17,0.0
423,-14.67553693245916,11,14,0.0
424,-26.03280554482086,10,15,0.0
425,-35.784944749018486,9,16,0.0
426,-5.914221263899674,12,13,0.0
427,-36.287014915437716,9,16,0.0
428,-66.30245318104102,6,19,0.0
429,-35.316104582226615,9,16,0.0
430,-26.200591632334156,10,15,0.0
431,-5.51798315716735,12,13,0.0
432,-36.65004099064006,9,16,0.0
433,-4.6532045590379765,12,13,0.0
434,-4.257786295322719,12,13,0.0
435,-15.320406397922886,11,14,0.0
436,-23.83940852593947,10,15,0.0
437,-36.082250262741404,9,16,0.0
438,-35.60554946203333,9,16,0.0
439,-25.530012678459865,10,15,0.0
440,-25.867602007082635,10,15,0.0
441,-35.74280252942158,9,16,0.0
442,-15.113608708545275,11,14,0.0
443,-44.97239046092386,8,17,0.0
444,-34.49468938752727,9,16,0.0
445,-25.855552200180412,10,15,0.0
446,-5.749035858740862,12,13,0.0
447,-15.603646509427241,11,14,0.0
448,-15.726408230415846,11,14,0.0
449,-25.639801502460834,10,15,0.0
450,-15.686434095074464,11,14,0.0
451,-44.98481674803393,8,17,0.0
452,-26.645147458547218,10,15,0.0
453,-16.16752712212042,11,14,0.0
454,4.417925149932567,13,12,0.0
455,-4.100792373360161,12,13,0.0
456,-5.72036187091248,12,13,0.0
457,3.8716380841216442,13,12,0.0
458,-46.885371599370615,8,17,0.0
459,-25.36376737943587,10,15,0.0
460,-34.7584475764698,9,16,0.0
461,-15.293753283696072,11,14,0.0
462,-35.817308542223394,9,16,0.0
463,-16.491700536022872,11,14,0.0
464,-4.1917341018424095,12,13,0.0
465,-25.8760360545973,10,15,0.0
466,4.738569635552737,13,12,0.0
467,-26.19700400733752,10,15,0.0
468,-47.39158396875828,8,17,0.0
469,-6.827943424927314,12,13,0.0
470,-25.58365177555438,10,15,0.0
471,3.4040271058320117,13,12,0.0
472,-5.661550587159997,12,13,0.0
473,-35.41254351008592,9,16,0.0
474,-6.322711095490069,12,13,0.0
475,-6.027552565299279,12,13,0.0
476,-36.965771680728395,9,16,0.0
477,5.574273945721923,13,12,0.0
478,-44.905012396715705,8,17,0.0
479,-24.753382903329648,10,15,0.0
480,-47.522058163891614,8,17,0.0
481,-14.717871396309967,11,14,0.0
482,-25.093101813253682,10,15,0.0
483,-46.29465816473806,8,17,0.0
484,-16.560744371954684,11,14,0.0
485,-17.506781682975202,11,14,0.0
486,-25.559885037314146,10,15,0.0
487,-15.446607948477837,11,14,0.0
488,-6.325904966196424,12,13,0.0
489,-25.809251723881793,10,15,0.0
490,-35.335937434115145,9,16,0.0
491,-27.213730131463052,10,15,0.0
492,-44.900364154636875,8,17,0.0
493,3.415886473292767,13,12,0.0
494,-56.466808175572346,7,18,0.0
495,-15.780740908054439,11,14,0.0
496,-57.039342893183715,7,18,0.0
497,-35.921292767382006,9,16,0.0
498,-5.620468663237103,12,13,0.0
499,-15.778878374525313,11,14,0.0
500,4.97955391861197,13,12,0.0
501,-15.973688527242931,11,14,0.0
502,-55.63310401873308,7,18,0.0
503,-15.788731545997642,11,14,0.0
504,-5.938341420488819,12,13,0.0
505,-54.283121555537534,7,18,0.0
506,-15.679257142384023,11,14,0.0
507,-14.792717999195713,11,14,0.0
508,5.1203055852130435,13,12,0.0
509,-16.42558678940823,11,14,0.0
510,-26.553030346829466,10,15,0.0
511,3.575762331877109,13,12,0.0
512,-6.291999074564183,12,13,0.0
513,15.21782527504999,14,11,0.0
514,14.220808331206921,14,11,0.0
515,-36.21847543977218,9,16,0.0
516,-35.7276213164681,9,16,0.0
517,-25.59092908664764,10,15,0.0
518,-35.251145465299544,9,16,0.0
519,-25.543297256458292,10,15,0.0
520,-15.362405076546127,11,14,0.0
521,5.719714878639785,13,12,0.0
522,-4.613893951179348,12,13,0.0
523,-36.358406368875755,9,16,0.0
524,-5.212367842803003,12,13,0.0
525,-6.979089217827509,12,13,0.0
526,-25.298637515534253,10,15,0.0
527,-14.047273507809024,11,14,0.0
528,-4.9779093268623456,12,13,0.0
529,-34.87360833184747,9,16,0.0
530,-26.20348817976231,10,15,0.0
531,-24.440893941677167,10,15,0.0
532,-14.406235214870406,11,14,0.0
533,-15.380451177933589,11,14,0.0
534,-15.330299803508066,11,14,0.0
535,-26.671666383500195,10,15,0.0
536,-24.991084530965942,10,15,0.0
537,-34.782235113748,9,16,0.0
538,-6.25399042575777,12,13,0.0
539,-15.450239891576665,11,14,0.0
540,-46.2922846185451,8,17,0.0
541,-35.44740448218608,9,16,0.0
542,-76.65025128063002,5,20,0.0
543,-25.319886001638878,10,15,0.0
544,-5.000457959487636,12,13,0.0
545,-44.64780209367845,8,17,0.0
546,16.820191716891806,14,11,0.0
547,-34.97575930910206,9,16,0.0
548,-15.20427780774724,11,14,0.0
549,-27.153818525469493,10,15,0.0
550,-27.02321757426484,10,15,0.0
551,24.531629426902192,15,10,0.0
552,-35.3948467493635,9,16,0.0
553,-25.82236411445125,10,15,0.0
554,4.539914339723255,13,12,0.0
555,4.563128337325505,13,12,0.0
556,3.796977014369458,13,12,0.0
557,14.768433382883003,14,11,0.0
558,-25.509257808751407,10,15,0.0
559,-25.154974051057895,10,15,0.0
560,-14.194629766530326,11,14,0.0
561,-36.01935125285192,9,16,0.0
562,-16.43270918703434,11,14,0.0
563,-24.816396547603276,10,15,0.0
564,-25.683526483689057,10,15,0.0
565,-6.305367337637,12,13,0.0
566,-35.40595950147783,9,16,0.0
567,-25.65565267026354,10,15,0.0
568,-15.475190914966639,11,14,0.0
569,-55.26850422181144,7,18,0.0
570,-26.193378465857734,10,15,0.0
571,-36.25649037565197,9,16,0.0
572,-6.01455693364861,12,13,0.0
573,-4.685073187431978,12,13,0.0
574,5.7119970034348135,13,12,0.0
575,-16.694459785757353,11,14,0.0
576,-6.234903954958426,12,13,0.0
577,5.758902563417258,13,12,0.0
578,-36.16257778731324,9,16,0.0
579,-15.978825637181478,11,14,0.0
580,4.992673255477138,13,12,0.0
581,-15.441579566139957,11,14,0.0
582,-15.780187514972106,11,14,0.0
583,-15.98776256300101,11,14,0.0
584,-16.23186642528298,11,14,0.0
585,-15.880301335468745,11,14,0.0
586,-6.2225198983481285,12,13,0.0
587,-24.667809206901197,10,15,0.0
588,-15.72210073084695,11,14,0.0
589,4.855325042664745,13,12,0.0
590,-15.11182429414141,11,14,0.0
591,4.640764207778814,13,12,0.0
592,-46.21755736802845,8,17,0.0
593,4.934669175029013,13,12,0.0
594,-24.424461760571663,10,15,0.0
595,-15.930878146789842,11,14,0.0
596,-25.725757964208647,10,15,0.0
597,-27.476586522021787,10,15,0.0
598,-4.87133853266729,12,13,0.0
599,-5.673518735682977,12,13,0.0
600,3.5411619457876373,13,12,0.0
601,-5.2416557421020125,12,13,0.0
602,4.867129718153167,13,12,0.0
603,-5.03331980994626,12,13,0.0
604,-15.066216151605149,11,14,0.0
605,-3.920770479610966,12,13,0.0
606,-16.613940972720393,11,14,0.0
607,-36.64002386060706,9,16,0.0
608,-25.802327688525786,10,15,0.0
609,-4.647554127467272,12,13,0.0
610,-15.861312485024563,11,14,0.0
611,-46.35160553057646,8,17,0.0
612,-36.63584030390935,9,16,0.0
613,-27.483747169245248,10,15,0.0
614,-25.231585206911046,10,15,0.0
615,-15.499628136404453,11,14,0.0
616,-16.73126849555959,11,14,0.0
617,-24.394426716374326,10,15,0.0
618,-25.628099095522693,10,15,0.0
619,4.170271263385968,13,12,0.0
620,-5.304020112071491,12,13,0.0
621,-35.80205824000386,9,16,0.0
622,6.030607512754557,13,12,0.0
623,-15.849723518895422,11,14,0.0
624,14.502830630628193,14,11,0.0
625,-15.533449287223963,11,14,0.0
626,-25.30067014604334,10,15,0.0
627,4.30754360572723,13,12,0.0
628,-37.07673388802159,9,16,0.0
629,-5.5289366905932535,12,13,0.0
630,-5.4972396238505326,12,13,0.0
631,-26.086314745231064,10,15,0.0
632,-4.885085961715929,12,13,0.0
633,-6.126239095408567,12,13,0.0
634,-25.537057313063638,10,15,0.0
635,-15.58555360072669,11,14,0.0
636,-5.24260622031343,12,13,0.0
637,14.401938617325417,14,11,0.0
638,-25.27024350128938,10,15,0.0
639,-56.912984275499326,7,18,0.0
640,-25.48441293439773,10,15,0.0
641,-25.486141709468754,10,15,0.0
642,14.100983378105603,14,11,0.0
643,-5.424629099678674,12,13,0.0
644,-46.29393373487958,8,17,0.0
645,-15.381185992204934,11,14,0.0
646,-34.951067355702236,9,16,0.0
647,14.866206355086838,14,11,0.0
648,-34.06012146838519,9,16,0.0
649,-5.861637042744976,12,13,0.0
650,-25.69963789178584,10,15,0.0
651,-37.398790210893154,9,16,0.0
652,-26.239426124357763,10,15,0.0
653,-15.024059283241984,11,14,0.0
654,-16.052312239322525,11,14,0.0
655,-18.350689739736385,11,14,0.0
656,-25.32977513710777,10,15,0.0
657,-25.108721625856113,10,15,0.0
658,-15.596671952356244,11,14,0.0
659,-15.630688596175755,11,14,0.0
660,-16.045405239660546,11,14,0.0
661,-16.00887157537155,11,14,0.0
662,14.915319938749965,14,11,0.0
663,-24.446305866993463,10,15,0.0
664,-25.904820436367395,10,15,0.0
665,-25.2099647582015,10,15,0.0
666,-37.43312563102897,9,16,0.0
667,-5.579787433175683,12,13,0.0
668,-15.916115826541004,11,14,0.0
669,-16.17598692099724,11,14,0.0
670,-6.053405711770902,12,13,0.0
671,-4.477273427680406,12,13,0.0
672,-45.43658132759272,8,17,0.0
673,-5.555158986176915,12,13,0.0
674,3.889002432244098,13,12,0.0
675,-15.391400942995563,11,14,0.0
676,3.9375060926771677,13,12,0.0
677,3.694995948619926,13,12,0.0
678,-25.907726875023126,10,15,0.0
679,-36.42591295135289,9,16,0.0
680,-4.743839728166838,12,13,0.0
681,-26.217520248394607,10,15,0.0
682,-25.504019555478497,10,15,0.0
683,-25.87528201301167,10,15,0.0
684,15.623272486846165,14,11,0.0
685,-5.593693143336909,12,13,0.0
686,-26.09571635634788,10,15,0.0
687,-16.197559881685763,11,14,0.0
688,-15.260954223834503,11,14,0.0
689,-27.000555424732184,10,15,0.0
690,-16.230773730399882,11,14,0.0
691,14.46790404528689,14,11,0.0
692,-16.473767686142295,11,14,0.0
693,-36.29406412946467,9,16,0.0
694,-14.931036389859461,11,14,0.0
695,-5.529228663896921,12,13,0.0
696,4.0659936874964195,13,12,0.0
697,-15.180727125909705,11,14,0.0
698,-5.157502553704835,12,13,0.0
699,14.392749115451036,14,11,0.0
700,-25.70353085371216,10,15,0.0
701,-14.276269645530343,11,14,0.0
702,-14.970896676141555,11,14,0.0
703,-16.69745416513546,11,14,0.0
704,-36.28698949908642,9,16,0.0
705,-36.40719751191462,9,16,0.0
706,-16.07932507761273,11,14,0.0
707,-15.104810764997556,11,14,0.0
708,-15.86646014877066,11,14,0.0
709,-15.783683461960173,11,14,0.0
710,-5.375521483014496,12,13,0.0
711,-37.46442135836212,9,16,0.0
712,-16.730748820935172,11,14,0.0
713,-15.097025932738067,11,14,0.0
714,-36.7331912899146,9,16,0.0
715,-5.002722433186937,12,13,0.0
716,-14.74023419990883,11,14,0.0
717,-6.056441371434932,12,13,0.0
718,-15.758756908476599,11,14,0.0
719,34.36371494571559,16,9,0.0
720,-15.130391872489874,11,14,0.0
721,-16.22786898828756,11,14,0.0
722,-24.1197093493703,10,15,0.0
723,-6.305702881804316,12,13,0.0
724,-6.5010884219898495,12,13,0.0
725,5.478506161555767,13,12,0.0
726,-25.727111500389192,10,15,0.0
727,-27.001659042284896,10,15,0.0
728,-26.531916656307867,10,15,0.0
729,-6.638084043591901,12,13,0.0
730,-14.774449359785063,11,14,0.0
731,-5.9723617456555536,12,13,0.0
732,-26.77543516901236,10,15,0.0
733,-26.508960813871568,10,15,0.0
734,-6.067133751872291,12,13,0.0
735,-25.362644134071264,10,15,0.0
736,-5.55042454135851,12,13,0.0
737,-5.369350380360478,12,13,0.0
738,-4.805792495261193,12,13,0.0
739,-6.5306402718791965,12,13,0.0
740,-15.52304184635447,11,14,0.0
741,-5.529424953697771,12,13,0.0
742,-14.704978800592295,11,14,0.0
743,-45.70439252991603,8,17,0.0
744,-16.201313711632945,11,14,0.0
745,-5.487385334753232,12,13,0.0
746,-14.806706864304346,11,14,0.0
747,-14.950594853055742,11,14,0.0
748,-35.04487494821251,9,16,0.0
749,-15.790759292916723,11,14,0.0
750,14.77328935997135,14,11,0.0
751,-36.20150745677533,9,16,0.0
752,-5.485537271820839,12,13,0.0
753,-16.205547526486637,11,14,0.0
754,-4.425443722955826,12,13,0.0
755,-15.860147593218269,11,14,0.0
756,13.566370924940614,14,11,0.0
757,-16.077894438377296,11,14,0.0
758,-47.92744914275819,8,17,0.0
759,-26.198200146458305,10,15,0.0
760,3.2912726977221505,13,12,0.0
761,3.7051018374338973,13,12,0.0
762,-26.683693854074964,10,15,0.0
763,-36.61894250729837,9,16,0.0
764,-15.581217203851688,11,14,0.0
765,-26.824408537118774,10,15,0.0
766,-37.229784055776136,9,16,0.0
767,-5.393932448800035,12,13,0.0
768,-5.0238360847781784,12,13,0.0
769,-15.710684360797789,11,14,0.0
770,-5.6321608651918265,12,13,0.0
771,-26.323248837100845,10,15,0.0
772,-24.555716715252327,10,15,0.0
773,14.741902553438159,14,11,0.0
774,4.661565792482204,13,12,0.0
775,12.584289126494001,14,11,0.0
776,4.332782325240954,13,12,0.0
777,-5.888639855071535,12,13,0.0
778,-15.927231062657182,11,14,0.0
779,-15.423875648500747,11,14,0.0
780,-6.286900688869293,12,13,0.0
781,-37.81945359874587,9,16,0.0
782,-25.62407910416004,10,15,0.0
783,-36.25712245272802,9,16,0.0
784,3.779518887829573,13,12,0.0
785,-36.34985460274436,9,16,0.0
786,-17.039029429091396,11,14,0.0
787,-6.114841528624468,12,13,0.0
788,-15.888618359342736,11,14,0.0
789,-5.80889953265326,12,13,0.0
790,-35.92037926534633,9,16,0.0
791,-6.055665718835437,12,13,0.0
792,-16.887258925111862,11,14,0.0
793,-16.159953893380553,11,14,0.0
794,-15.747854325275634,11,14,0.0
795,-15.680005402773908,11,14,0.0
796,-16.124763965520426,11,14,0.0
797,-34.96988018030658,9,16,0.0
798,-5.811658934395085,12,13,0.0
799,15.11494341593497,14,11,0.0
800,3.8318648233945183,13,12,0.0
801,-16.43602581516872,11,14,0.0
802,-36.40795862407626,9,16,0.0
803,-17.366734072417007,11,14,0.0
804,-17.177596361098153,11,14,0.0
805,-16.230689913884582,11,14,0.0
806,-15.880048563871206,11,14,0.0
807,-5.7286723635950505,12,13,0.0
808,4.59813950185927,13,12,0.0
809,-27.3333000571886,10,15,0.0
810,14.425162699750068,14,11,0.0
811,-13.764509694563365,11,14,0.0
812,-26.262247795708447,10,15,0.0
813,-5.7958604470758655,12,13,0.0
814,-16.873774513363824,11,14,0.0
815,-6.363512108598729,12,13,0.0
816,2.792785594960524,13,12,0.0
817,-26.54250777092882,10,15,0.0
818,-16.925642626805526,11,14,0.0
819,-15.12869527956757,11,14,0.0
820,-15.384698495258625,11,14,0.0
821,-27.151509857640907,10,15,0.0
822,-14.388626769491912,11,14,0.0
823,-5.689268693352542,12,13,0.0
824,-35.67875034627912,9,16,0.0
825,-5.797848285300637,12,13,0.0
826,3.951210549306021,13,12,0.0
827,-26.594789933286535,10,15,0.0
828,-16.139509652844136,11,14,0.0
829,23.997396878106105,15,10,0.0
830,25.103817873806044,15,10,0.0
831,3.3799035003885045,13,12,0.0
832,-15.17563982212804,11,14,0.0
833,-7.072688493264646,12,13,0.0
834,-15.560114214964214,11,14,0.0
835,-15.704815332026914,11,14,0.0
836,-6.128558935749424,12,13,0.0
837,-17.10230655186352,11,14,0.0
838,-6.24551115390481,12,13,0.0
839,-17.178464641403867,11,14,0.0
840,13.488812968861028,14,11,0.0
841,14.789704527424458,14,11,0.0
842,-36.13032637243009,9,16,0.0
843,-15.288946758739913,11,14,0.0
844,-16.63826346660165,11,14,0.0
845,-16.572697872831586,11,14,0.0
846,4.401748270991423,13,12,0.0
847,-6.210320200811145,12,13,0.0
848,3.747724933575829,13,12,0.0
849,16.555653090703814,14,11,0.0
850,-6.560816443109279,12,13,0.0
851,-5.257341578312506,12,13,0.0
852,-5.175625020615689,12,13,0.0
853,-26.351773843602963,10,15,0.0
854,-4.543833363847082,12,13,0.0
855,-27.04623112132696,10,15,0.0
856,-5.331016638812907,12,13,0.0
857,-6.103469560756342,12,13,0.0
858,-6.850034021655337,12,13,0.0
859,-6.097730832041593,12,13,0.0
860,-15.366663766421652,11,14,0.0
861,-24.858974458717146,10,15,0.0
862,-26.069810976946865,10,15,0.0
863,-18.012203530198036,11,14,0.0
864,13.16245313781336,14,11,0.0
865,-16.235075866398716,11,14,0.0
866,-7.115628434340669,12,13,0.0
867,-15.580017212097456,11,14,0.0
868,-5.346888029748344,12,13,0.0
869,-16.121256392095706,11,14,0.0
870,-25.677376440167755,10,15,0.0
871,-15.437400774648632,11,14,0.0
872,3.079701764820392,13,12,0.0
873,2.7661619796276735,13,12,0.0
874,3.9585694745430153,13,12,0.0
875,5.485624878436726,13,12,0.0
876,-5.823161000755261,12,13,0.0
877,-27.456880432217275,10,15,0.0
878,-15.908437081200926,11,14,0.0
879,-6.435961917768361,12,13,0.0
880,-6.1367713914023785,12,13,0.0
881,-6.446553576809225,12,13,0.0
882,-5.759055175584242,12,13,0.0
883,-16.44997695815682,11,14,0.0
884,-15.905161423756894,11,14,0.0
885,-6.477197006833083,12,13,0.0
886,3.4392506942217778,13,12,0.0
887,-5.371009927294689,12,13,0.0
888,-26.641317772774194,10,15,0.0
889,-26.39430286912614,10,15,0.0
890,-5.112479252438051,12,13,0.0
891,-36.34420252057365,9,16,0.0
892,13.788003404713841,14,11,0.0
893,-26.926154925577645,10,15,0.0
894,3.109961801526927,13,12,0.0
895,-16.275578960701182,11,14,0.0
896,-26.222379242789238,10,15,0.0
897,-36.46281850037051,9,16,0.0
898,-16.993699972647374,11,14,0.0
899,-16.15751785059178,11,14,0.0
900,-7.163207047974642,12,13,0.0
901,-6.548596248400302,12,13,0.0
902,25.21057048325594,15,10,0.0
903,15.270797111850735,14,11,0.0
904,-16.23294260529139,11,14,0.0
905,-6.895993184742289,12,13,0.0
906,-6.001857006210802,12,13,0.0
907,4.103766520577714,13,12,0.0
908,-27.202461640595136,10,15,0.0
909,-6.765771052716698,12,13,0.0
910,-15.568766780032345,11,14,0.0
911,-17.089395247463845,11,14,0.0
912,-15.857573066074028,11,14,0.0
913,-16.369662115517695,11,14,0.0
914,-4.697464917340126,12,13,0.0
915,3.1492142264169,13,12,0.0
916,-15.764969456699154,11,14,0.0
917,-17.34378360090765,11,14,0.0
918,-17.681309130002404,11,14,0.0
919,-5.412323063701967,12,13,0.0
920,3.4246203984523795,13,12,0.0
921,-15.689853264342043,11,14,0.0
922,-6.062135155610747,12,13,0.0
923,23.927307646732032,15,10,0.0
924,-7.724740051471333,12,13,0.0
925,4.532764847162261,13,12,0.0
926,-18.209340875518535,11,14,0.0
927,-5.713603891012765,12,13,0.0
928,4.034083863678716,13,12,0.0
929,-46.96542401878663,8,17,0.0
930,-5.624756253548952,12,13,0.0
931,12.94136197094818,14,11,0.0
932,4.866052551984266,13,12,0.0
933,-5.929817430754269,12,13,0.0
934,-16.087771572404808,11,14,0.0
935,-17.631439216002853,11,14,0.0
936,13.613078852534727,14,11,0.0
937,3.611616424255641,13,12,0.0
938,-16.006084318876727,11,14,0.0
939,2.0825692067336705,13,12,0.0
940,-5.475045690285848,12,13,0.0
941,3.3123439914677397,13,12,0.0
942,4.602198914680631,13,12,0.0
943,13.847923358226874,14,11,0.0
944,-15.834405312090617,11,14,0.0
945,5.077805662248998,13,12,0.0
946,3.906709881320694,13,12,0.0
947,-6.817692783368921,12,13,0.0
948,4.410905010061425,13,12,0.0
949,-16.284326339965553,11,14,0.0
950,-24.653197236883898,10,15,0.0
951,-16.7887565379395,11,14,0.0
952,-6.9860776668124185,12,13,0.0
953,-5.633356486130752,12,13,0.0
954,-17.0234202949754,11,14,0.0
955,-46.229081025682476,8,17,0.0
956,-6.223597600668269,12,13,0.0
957,-5.450282832948444,12,13,0.0
958,3.958504910610298,13,12,0.0
959,5.117603182209265,13,12,0.0
960,-16.63271221346689,11,14,0.0
961,-16.566151860035923,11,14,0.0
962,13.989343208146284,14,11,0.0
963,-6.166098572919115,12,13,0.0
964,3.97574471217516,13,12,0.0
965,-16.452872312671097,11,14,0.0
966,-5.171253531429327,12,13,0.0
967,-6.213859999335574,12,13,0.0
968,5.074701813436267,13,12,0.0
969,3.895800684197403,13,12,0.0
970,-6.444847923588329,12,13,0.0
971,4.806237792853249,13,12,0.0
972,4.491125546688809,13,12,0.0
973,3.123105729189925,13,12,0.0
974,-16.443899720423172,11,14,0.0
975,-26.54232725687829,10,15,0.0
976,-25.027017313011463,10,15,0.0
977,-5.634442906976561,12,13,0.0
978,-5.7352919077256015,12,13,0.0
979,-6.8931348599395275,12,13,0.0
980,15.246686232766551,14,11,0.0
981,-5.899252987167072,12,13,0.0
982,-17.298880603210517,11,14,0.0
983,-5.595733505084275,12,13,0.0
984,4.807193544140967,13,12,0.0
985,-16.768898661445967,11,14,0.0
986,-26.624561332562795,10,15,0.0
987,-6.525219591442375,12,13,0.0
988,-17.172032396055947,11,14,0.0
989,-15.453419745502242,11,14,0.0
990,5.032057081631514,13,12,0.0
991,1.8267466554394676,13,12,0.0
992,25.346916171535597,15,10,0.0
993,-16.07956020514088,11,14,0.0
994,-17.762058654801038,11,14,0.0
995,-5.503472206991699,12,13,0.0
996,4.418399164178716,13,12,0.0
997,4.602729152886983,13,12,0.0
998,4.8645507978206215,13,12,0.0
999,5.119271512436653,13,12,0.0
1000,-17.17390452359295,11,14,0.0
1001,-16.32784363432578,11,14,0.0
1002,-16.631807726274403,11,14,0.0
1003,-6.260616603776322,12,13,0.0
1004,-6.43497941888795,12,13,0.0
1005,14.524876474200086,14,11,0.0
1006,24.311497862308702,15,10,0.0
1007,-5.303114289652994,12,13,0.0
1008,14.876181918075485,14,11,0.0
1009,-16.830563929221977,11,14,0.0
1010,-17.042845683137763,11,14,0.0
1011,4.85943735818236,13,12,0.0
1012,-26.596127642359953,10,15,0.0
1013,3.9181680274404407,13,12,0.0
1014,24.51546215748096,15,10,0.0
1015,4.258282066959115,13,12,0.0
1016,-5.7118234518824655,12,13,0.0
1017,13.619942757899015,14,11,0.0
1018,-36.842237389541125,9,16,0.0
1019,-17.080711878350336,11,14,0.0
1020,-6.389766806892368,12,13,0.0
1021,4.241428117838385,13,12,0.0
1022,3.317504983260157,13,12,0.0
1023,-4.900121577932087,12,13,0.0
1024,5.60601161146227,13,12,0.0
1025,-5.992798024875556,12,13,0.0
1026,23.2563293219674,15,10,0.0
1027,14.981572512616431,14,11,0.0
1028,-26.439030033530397,10,15,0.0
1029,-38.35536122528285,9,16,0.0
1030,-5.2644136945127755,12,13,0.0
1031,23.594174750821978,15,10,0.0
1032,2.9425994895638965,13,12,0.0
1033,-7.608678149334057,12,13,0.0
1034,4.25898849835376,13,12,0.0
1035,-35.142256565945985,9,16,0.0
1036,14.915267103331558,14,11,0.0
1037,-7.053323820859335,12,13,0.0
1038,-15.862503792649992,11,14,0.0
1039,5.304775353100155,13,12,0.0
1040,13.976144911667616,14,11,0.0
1041,4.104428651529413,13,12,0.0
1042,15.870613400131216,14,11,0.0
1043,-38.34185477360757,9,16,0.0
1044,-6.7526975187681995,12,13,0.0
1045,4.198753071678805,13,12,0.0
1046,-16.3561516333004,11,14,0.0
1047,-6.311561031091622,12,13,0.0
1048,4.041850344045037,13,12,0.0
1049,-37.903163653911506,9,16,0.0
1050,-4.40002967296679,12,13,0.0
1051,4.358414632729033,13,12,0.0
1052,-5.4895548572108375,12,13,0.0
1053,-5.001759006626707,12,13,0.0
1054,3.0838695327086407,13,12,0.0
1055,-35.46887232450657,9,16,0.0
1056,-16.10165855449804,11,14,0.0
1057,14.860002569614025,14,11,0.0
1058,-25.621996577307968,10,15,0.0
1059,-16.09675015982149,11,14,0.0
1060,-27.28458391589729,10,15,0.0
1061,4.307421748905883,13,12,0.0
1062,3.498389249658133,13,12,0.0
1063,14.037981213880888,14,11,0.0
1064,13.677806049365412,14,11,0.0
1065,-5.3026738381701914,12,13,0.0
1066,-7.4971785293595365,12,13,0.0
1067,14.291591223710139,14,11,0.0
1068,-6.775547255532674,12,13,0.0
1069,3.2669084777703894,13,12,0.0
1070,-25.86325393390364,10,15,0.0
1071,5.30020687143492,13,12,0.0
1072,5.25491584344451,13,12,0.0
1073,14.713444136261327,14,11,0.0
1074,4.902953012782643,13,12,0.0
1075,-5.020070457064049,12,13,0.0
1076,3.8867128420495654,13,12,0.0
1077,3.3034210691694383,13,12,0.0
1078,-6.179138218246878,12,13,0.0
1079,3.4870912571911195,13,12,0.0
1080,5.125645050791668,13,12,0.0
1081,-14.996624809794657,11,14,0.0
1082,4.224348911293973,13,12,0.0
1083,14.083284392394425,14,11,0.0
1084,4.081410083732213,13,12,0.0
1085,2.4511660829934385,13,12,0.0
1086,-7.576916740694161,12,13,0.0
1087,3.9336104423188196,13,12,0.0
1088,25.14906286884338,15,10,0.0
1089,4.671072198281403,13,12,0.0
1090,4.0234295768155235,13,12,0.0
1091,23.65779695052613,15,10,0.0
1092,-15.522662596382117,11,14,0.0
1093,4.883802435726392,13,12,0.0
1094,5.51146275617283,13,12,0.0
1095,-15.768376083765226,11,14,0.0
1096,4.846188895489327,13,12,0.0
1097,5.093792331271984,13,12,0.0
1098,25.77641052381934,15,10,0.0
1099,3.568889100852557,13,12,0.0
1100,14.618781814141915,14,11,0.0
1101,15.238149425418957,14,11,0.0
1102,14.563100595949443,14,11,0.0
1103,3.8691785916799484,13,12,0.0
1104,4.7967589271166595,13,12,0.0
1105,-4.959664392430744,12,13,0.0
1106,-16.380063507652032,11,14,0.0
1107,3.8551823764697346,13,12,0.0
1108,-16.26347304780719,11,14,0.0
1109,-15.841428622262265,11,14,0.0
1110,-5.613887927068259,12,13,0.0
1111,-6.666278577791122,12,13,0.0
1112,13.161870589905577,14,11,0.0
1113,-27.63925948766447,10,15,0.0
1114,5.30149103456097,13,12,0.0
1115,-15.36384779976598,11,14,0.0
1116,-26.673831562101952,10,15,0.0
1117,34.35771035309584,16,9,0.0
1118,-6.953037716868973,12,13,0.0
1119,5.181106217448951,13,12,0.0
1120,-14.712070449144324,11,14,0.0
1121,4.67276818105146,13,12,0.0
1122,-26.104954790261583,10,15,0.0
1123,-15.674037792611413,11,14,0.0
1124,12.950255320006345,14,11,0.0
1125,-27.046488298017216,10,15,0.0
1126,14.121408504133345,14,11,0.0
1127,15.231879247255584,14,11,0.0
1128,-4.760101837960436,12,13,0.0
1129,3.5765322311374623,13,12,0.0
1130,22.937145209207067,15,10,0.0
1131,-5.841442926038631,12,13,0.0
1132,4.475633863119366,13,12,0.0
1133,-6.3727133148926365,12,13,0.0
1134,13.780079323322498,14,11,0.0
1135,15.01437561592428,14,11,0.0
1136,14.199474040788186,14,11,0.0
1137,-16.65833394263738,11,14,0.0
1138,3.3144593241994293,13,12,0.0
1139,23.43881616782732,15,10,0.0
1140,-5.324615504488956,12,13,0.0
1141,3.8756086730631845,13,12,0.0
1142,24.530641745555016,15,10,0.0
1143,14.371686759843648,14,11,0.0
1144,-14.90656668325716,11,14,0.0
1145,-15.473420170378187,11,14,0.0
1146,4.375037382646106,13,12,0.0
1147,-5.926219813323178,12,13,0.0
1148,-6.481275695405339,12,13,0.0
1149,24.68315215224922,15,10,0.0
1150,4.567603530062723,13,12,0.0
1151,23.622548444478923,15,10,0.0
1152,4.406062742551209,13,12,0.0
1153,-26.885974108392233,10,15,0.0
1154,3.162312465307953,13,12,0.0
1155,24.388291924145776,15,10,0.0
1156,3.5389896994040355,13,12,0.0
1157,-5.745383553529075,12,13,0.0
1158,2.426652867354997,13,12,0.0
1159,5.694541565121201,13,12,0.0
1160,23.719039465789415,15,10,0.0
1161,14.252921194970076,14,11,0.0
1162,3.878108509254532,13,12,0.0
1163,-5.153156816055491,12,13,0.0
1164,5.09805317750308,13,12,0.0
1165,4.5511894264415105,13,12,0.0
1166,-5.362911607442329,12,13,0.0
1167,14.65188962456252,14,11,0.0
1168,-36.6574180391884,9,16,0.0
1169,24.61562653250879,15,10,0.0
1170,-5.674135875499761,12,13,0.0
1171,4.6069860812988646,13,12,0.0
1172,14.52516075147268,14,11,0.0
1173,-6.053704447833872,12,13,0.0
1174,26.87278259522485,15,10,0.0
1175,4.701283917251386,13,12,0.0
1176,13.585692848459404,14,11,0.0
1177,14.077806406188934,14,11,0.0
1178,14.081739337015843,14,11,0.0
1179,-4.9494833345425455,12,13,0.0
1180,3.19003787243572,13,12,0.0
1181,-6.175477832928802,12,13,0.0
1182,14.234156646931737,14,11,0.0
1183,24.527606143502677,15,10,0.0
1184,-5.4637373696088085,12,13,0.0
1185,4.921397249835508,13,12,0.0
1186,24.71007516071248,15,10,0.0
1187,4.884503999821355,13,12,0.0
1188,35.34281119881061,16,9,0.0
1189,5.446703097237638,13,12,0.0
1190,24.257898132725842,15,10,0.0
1191,3.769583633055003,13,12,0.0
1192,-17.29118922507071,11,14,0.0
1193,-16.171043315806546,11,14,0.0
1194,5.639219058084377,13,12,0.0
1195,23.59551442707411,15,10,0.0
1196,-6.411221871671052,12,13,0.0
1197,15.36345666467262,14,11,0.0
1198,15.191910764042916,14,11,0.0
1199,14.147712081339021,14,11,0.0
1200,5.141436916231341,13,12,0.0
1201,-5.380347540376686,12,13,0.0
1202,24.38426058345755,15,10,0.0
1203,-6.004319954488347,12,13,0.0
1204,-5.279810279577194,12,13,0.0
1205,5.08308346138711,13,12,0.0
1206,-5.860438740681701,12,13,0.0
1207,-5.292788376737999,12,13,0.0
1208,13.427087553011157,14,11,0.0
1209,13.626788125813608,14,11,0.0
1210,13.990150718066392,14,11,0.0
1211,24.59368424191315,15,10,0.0
1212,-5.549363831693817,12,13,0.0
1213,-5.132196169835305,12,13,0.0
1214,3.1119560019207473,13,12,0.0
1215,25.676567802878317,15,10,0.0
1216,-5.959095033306217,12,13,0.0
1217,3.6372545846612487,13,12,0.0
1218,-6.137676618194323,12,13,0.0
1219,-16.225851301191085,11,14,0.0
1220,-6.342939226007274,12,13,0.0
1221,14.097336683886311,14,11,0.0
1222,-37.7868814596994,9,16,0.0
1223,3.975939991381674,13,12,0.0
1224,23.912169123664206,15,10,0.0
1225,14.546941821209671,14,11,0.0
1226,3.3898068106322023,13,12,0.0
1227,-18.480856016172638,11,14,0.0
1228,23.013755219749367,15,10,0.0
1229,-6.588336636577743,12,13,0.0
1230,23.51845731604962,15,10,0.0
1231,5.407749913405672,13,12,0.0
1232,-7.092546977730043,12,13,0.0
1233,-16.62038543307991,11,14,0.0
1234,24.69312448879306,15,10,0.0
1235,23.36021195133118,15,10,0.0
1236,-26.46267345396653,10,15,0.0
1237,14.182960415503818,14,11,0.0
1238,5.077430154946704,13,12,0.0
1239,25.239257673923216,15,10,0.0
1240,-18.219968528972643,11,14,0.0
1241,13.710937036035386,14,11,0.0
1242,-25.949054235468,10,15,0.0
1243,24.780152259955113,15,10,0.0
1244,3.8530730873435033,13,12,0.0
1245,-5.295739567031763,12,13,0.0
1246,-16.63008054283355,11,14,0.0
1247,14.054475211726896,14,11,0.0
1248,3.991129651024494,13,12,0.0
1249,22.842979521375103,15,10,0.0
1250,4.156605849256465,13,12,0.0
1251,-4.975370330535426,12,13,0.0
1252,4.011965449235689,13,12,0.0
1253,3.945581940665205,13,12,0.0
1254,25.09210364528962,15,10,0.0
1255,4.894584659178554,13,12,0.0
1256,-17.209840770337458,11,14,0.0
1257,14.07943178744635,14,11,0.0
1258,-5.77269373883537,12,13,0.0
1259,13.73595744991144,14,11,0.0
1260,3.6647099852601346,13,12,0.0
1261,14.26411294956548,14,11,0.0
1262,4.425275040415121,13,12,0.0
1263,13.224882608659057,14,11,0.0
1264,-6.452244567455787,12,13,0.0
1265,14.609461111738707,14,11,0.0
1266,5.780142851010775,13,12,0.0
1267,24.135799585494723,15,10,0.0
1268,23.97891670738938,15,10,0.0
1269,14.743399888604173,14,11,0.0
1270,24.28008308044058,15,10,0.0
1271,45.209419684392884,17,8,0.0
1272,13.968127011621817,14,11,0.0
1273,3.9762887599078005,13,12,0.0
1274,23.601972613681966,15,10,0.0
1275,3.1874888800756542,13,12,0.0
1276,14.88259503277385,14,11,0.0
1277,14.597869019098994,14,11,0.0
1278,5.264393817243951,13,12,0.0
1279,24.22514489962598,15,10,0.0
1280,2.757816020162828,13,12,0.0
1281,2.8924927769443087,13,12,0.0
1282,-5.898112586096837,12,13,0.0
1283,13.667455772465415,14,11,0.0
1284,13.853923610714814,14,11,0.0
1285,13.566103559177359,14,11,0.0
1286,14.808050566423159,14,11,0.0
1287,-37.48282471536962,9,16,0.0
1288,-6.2283286564032165,12,13,0.0
1289,13.707646687650765,14,11,0.0
1290,13.84224737167947,14,11,0.0
1291,24.9899382564494,15,10,0.0
1292,-6.433311683680469,12,13,0.0
1293,-8.134119345061565,12,13,0.0
1294,25.191833570394394,15,10,0.0
1295,24.399534255220743,15,10,0.0
1296,22.9819512043243,15,10,0.0
1297,25.59840303944161,15,10,0.0
1298,-7.269870627422351,12,13,0.0
1299,25.595657883363504,15,10,0.0
1300,3.2107598985936767,13,12,0.0
1301,4.2147333052795695,13,12,0.0
1302,24.834828024420066,15,10,0.0
1303,13.47020564957015,14,11,0.0
1304,15.397435581981982,14,11,0.0
1305,24.780802164485085,15,10,0.0
1306,3.0780359648469453,13,12,0.0
1307,12.745362373265165,14,11,0.0
1308,13.069274021784194,14,11,0.0
1309,24.727312989160357,15,10,0.0
1310,35.41825519961055,16,9,0.0
1311,13.4531568654911,14,11,0.0
1312,-5.816527762222453,12,13,0.0
1313,23.944323124858855,15,10,0.0
1314,12.464818943681964,14,11,0.0
1315,4.345759041979711,13,12,0.0
1316,3.850908401577543,13,12,0.0
1317,5.684671411761725,13,12,0.0
1318,34.30374675002058,16,9,0.0
1319,14.178036597163283,14,11,0.0
1320,5.139643370566362,13,12,0.0
1321,13.42501251280574,14,11,0.0
1322,15.124764623696244,14,11,0.0
1323,-6.770466400325907,12,13,0.0
1324,4.175630313740987,13,12,0.0
1325,13.20716129623273,14,11,0.0
1326,-5.476008851766369,12,13,0.0
1327,23.87246424408187,15,10,0.0
1328,-15.239535657544302,11,14,0.0
1329,3.4363902887423934,13,12,0.0
1330,24.227567906149424,15,10,0.0
1331,25.955500500603996,15,10,0.0
1332,13.488859112455097,14,11,0.0
1333,14.774880107679609,14,11,0.0
1334,22.727689465874814,15,10,0.0
1335,2.8787194974007857,13,12,0.0
1336,4.3560592691007525,13,12,0.0
1337,14.037511311821039,14,11,0.0
1338,25.18797340635033,15,10,0.0
1339,15.038004002021795,14,11,0.0
1340,3.698222062103092,13,12,0.0
1341,23.104448400041484,15,10,0.0
1342,23.667674358072507,15,10,0.0
1343,24.15440112098225,15,10,0.0
1344,-6.403318166591108,12,13,0.0
1345,34.83596438971091,16,9,0.0
1346,3.664245126031668,13,12,0.0
1347,13.669165067355006,14,11,0.0
1348,23.422570500946772,15,10,0.0
1349,-5.804234752744578,12,13,0.0
1350,24.343724525468044,15,10,0.0
1351,13.94112243804243,14,11,0.0
1352,13.58565500332006,14,11,0.0
1353,13.586671309143835,14,11,0.0
1354,23.492388008672435,15,10,0.0
1355,-7.464183355641438,12,13,0.0
1356,13.59814760638677,14,11,0.0
1357,24.81667357854674,15,10,0.0
1358,-6.33568697532127,12,13,0.0
1359,3.4622828178171416,13,12,0.0
1360,33.922584304822735,16,9,0.0
1361,-27.350235487748122,10,15,0.0
1362,14.54627328736284,14,11,0.0
1363,3.5722453728169965,13,12,0.0
1364,3.9485734493706985,13,12,0.0
1365,-17.06456668168856,11,14,0.0
1366,23.413439645070703,15,10,0.0
1367,14.564424985759615,14,11,0.0
1368,14.073661742087964,14,11,0.0
1369,4.305408837931552,13,12,0.0
1370,14.76617650741248,14,11,0.0
1371,13.624277432929738,14,11,0.0
1372,24.217557257510105,15,10,0.0
1373,-7.166263592667848,12,13,0.0
1374,13.888830848037804,14,11,0.0
1375,4.340130636747489,13,12,0.0
1376,4.536275313110949,13,12,0.0
1377,-7.216455737758864,12,13,0.0
1378,13.673820191578837,14,11,0.0
1379,15.108911391761257,14,11,0.0
1380,23.597670562722133,15,10,0.0
1381,13.824798570553149,14,11,0.0
1382,24.00776755243326,15,10,0.0
1383,14.084204235989379,14,11,0.0
1384,3.278059607040337,13,12,0.0
1385,23.41307648684913,15,10,0.0
1386,15.0752619055257,14,11,0.0
1387,3.3595468938947404,13,12,0.0
1388,24.335498664429736,15,10,0.0
1389,34.06860181499603,16,9,0.0
1390,24.460855564453883,15,10,0.0
1391,13.940857967423318,14,11,0.0
1392,12.89423915204047,14,11,0.0
1393,13.907436024678923,14,11,0.0
1394,13.122347104455018,14,11,0.0
1395,3.622075394976709,13,12,0.0
1396,13.000744413464034,14,11,0.0
1397,13.275948404106352,14,11,0.0
1398,14.412176025270368,14,11,0.0
1399,13.835594053636438,14,11,0.0
1400,14.559822812454218,14,11,0.0
1401,3.839799542783089,13,12,0.0
1402,4.194652552644243,13,12,0.0
1403,13.11745680167129,14,11,0.0
1404,3.707853629755081,13,12,0.0
1405,33.211408408125315,16,9,0.0
1406,23.86679697621821,15,10,0.0
1407,2.623297668889381,13,12,0.0
1408,23.992426285947307,15,10,0.0
1409,13.796996425757394,14,11,0.0
1410,-6.1423565263652975,12,13,0.0
1411,4.796762838179491,13,12,0.0
1412,14.857471505077253,14,11,0.0
1413,13.685442063732161,14,11,0.0
1414,25.014551582407368,15,10,0.0
1415,12.525511775350083,14,11,0.0
1416,25.79765490594977,15,10,0.0
1417,5.29771138620515,13,12,0.0
1418,24.11744844231997,15,10,0.0
1419,15.013881208962527,14,11,0.0
1420,12.87950780512988,14,11,0.0
1421,4.071766695326944,13,12,0.0
1422,2.879270500868338,13,12,0.0
1423,-27.447204762927264,10,15,0.0
1424,33.56382074629326,16,9,0.0
1425,25.295632814861076,15,10,0.0
1426,2.4158381447164485,13,12,0.0
1427,-16.59591093735458,11,14,0.0
1428,2.5591431539624327,13,12,0.0
1429,23.228694627786517,15,10,0.0
1430,13.411914853663738,14,11,0.0
1431,12.773022397854868,14,11,0.0
1432,15.234333118649747,14,11,0.0
1433,-7.403211259975897,12,13,0.0
1434,2.8568182455314264,13,12,0.0
1435,13.931078061099676,14,11,0.0
1436,24.693834156297374,15,10,0.0
1437,25.02087850689801,15,10,0.0
1438,23.777856677640827,15,10,0.0
1439,2.5929067545620317,13,12,0.0
1440,34.35833614198915,16,9,0.0
1441,22.936543593849272,15,10,0.0
1442,13.390730411113879,14,11,0.0
1443,-16.87410655916285,11,14,0.0
1444,33.71768039859951,16,9,0.0
1445,24.402206969746565,15,10,0.0
1446,-7.212980528916013,12,13,0.0
1447,4.891728428078336,13,12,0.0
1448,23.62471914834563,15,10,0.0
1449,12.96935715396761,14,11,0.0
1450,5.282841331303446,13,12,0.0
1451,14.07984521513891,14,11,0.0
1452,3.9588580171854475,13,12,0.0
1453,34.46411429252809,16,9,0.0
1454,12.987668178891887,14,11,0.0
1455,-5.41399590321924,12,13,0.0
1456,14.783083484217627,14,11,0.0
1457,24.056467328869232,15,10,0.0
1458,14.697286791928054,14,11,0.0
1459,12.2376689573708,14,11,0.0
1460,-15.072030388516477,11,14,0.0
1461,13.509546744259318,14,11,0.0
1462,33.29783949347497,16,9,0.0
1463,34.822764040438585,16,9,0.0
1464,-6.4986125949154125,12,13,0.0
1465,24.154368529208632,15,10,0.0
1466,33.66083663425897,16,9,0.0
1467,-5.834338230092329,12,13,0.0
1468,23.468639235661406,15,10,0.0
1469,35.5488540183059,16,9,0.0
1470,3.9930721871403527,13,12,0.0
1471,2.4163075186188956,13,12,0.0
1472,-26.335920755326537,10,15,0.0
1473,23.035661577814743,15,10,0.0
1474,12.678939859656559,14,11,0.0
1475,-17.613346131908838,11,14,0.0
1476,33.56193415693239,16,9,0.0
1477,23.804719320584653,15,10,0.0
1478,15.07056928615435,14,11,0.0
1479,33.99578242970998,16,9,0.0
1480,24.06699096687317,15,10,0.0
1481,43.66891497125225,17,8,0.0
1482,24.93586390242705,15,10,0.0
1483,13.59850357084419,14,11,0.0
1484,3.0542936332889896,13,12,0.0
1485,24.855122938259296,15,10,0.0
1486,13.021531748007115,14,11,0.0
1487,23.811806164202356,15,10,0.0
1488,23.940087007624893,15,10,0.0
1489,34.06522209277668,16,9,0.0
1490,3.961843532900211,13,12,0.0
1491,4.286775623052758,13,12,0.0
1492,23.2709880534261,15,10,0.0
1493,14.79864449937513,14,11,0.0
1494,-6.80899068885379,12,13,0.0
1495,14.032113314077874,14,11,0.0
1496,24.42560315331124,15,10,0.0
1497,13.330390426191075,14,11,0.0
1498,23.3660404769509,15,10,0.0
1499,14.08759885505244,14,11,0.0
1500,33.64318945292003,16,9,0.0
1501,24.188635193649485,15,10,0.0
1502,3.927135262793181,13,12,0.0
1503,14.71009596780123,14,11,0.0
1504,2.8988104952954608,13,12,0.0
1505,14.067396847815633,14,11,0.0
1506,3.091312557013674,13,12,0.0
1507,13.73548480081539,14,11,0.0
1508,22.948521319246844,15,10,0.0
1509,24.477225071093603,15,10,0.0
1510,3.401587801745693,13,12,0.0
1511,13.568504889283538,14,11,0.0
1512,12.660667589642049,14,11,0.0
1513,4.853033746822243,13,12,0.0
1514,21.882516338579464,15,10,0.0
1515,34.61552346882711,16,9,0.0
1516,3.816199610995346,13,12,0.0
1517,-6.208600345494366,12,13,0.0
1518,3.3807967759971094,13,12,0.0
1519,23.26500407662388,15,10,0.0
1520,23.544944376747324,15,10,0.0
1521,-7.291272369401749,12,13,0.0
1522,14.285789068834148,14,11,0.0
1523,24.433664647569838,15,10,0.0
1524,3.909186546297156,13,12,0.0
1525,22.57058552761385,15,10,0.0
1526,33.200897496033,16,9,0.0
1527,23.227817012765804,15,10,0.0
1528,3.921800982717251,13,12,0.0
1529,23.376041559884808,15,10,0.0
1530,23.96946146569687,15,10,0.0
1531,4.0159424707767934,13,12,0.0
1532,2.629297946032735,13,12,0.0
1533,25.321193191359214,15,10,0.0
1534,14.297580289219884,14,11,0.0
1535,24.65392629369253,15,10,0.0
1536,25.40723384326009,15,10,0.0
1537,23.02797777695992,15,10,0.0
1538,33.595216928305966,16,9,0.0
1539,32.92916291880455,16,9,0.0
1540,-7.671986638347254,12,13,0.0
1541,-6.085638537749241,12,13,0.0
1542,1.8201019293865763,13,12,0.0
1543,3.552857611648726,13,12,0.0
1544,32.99405554001927,16,9,0.0
1545,23.300028266794786,15,10,0.0
1546,13.270778072905765,14,11,0.0
1547,34.5641541537368,16,9,0.0
1548,4.6994846702467825,13,12,0.0
1549,23.79424858088531,15,10,0.0
1550,2.8540531085465073,13,12,0.0
1551,15.197124908061468,14,11,0.0
1552,3.3722013886741418,13,12,0.0
1553,24.354966371443172,15,10,0.0
1554,14.62611596455642,14,11,0.0
1555,3.7024387127969494,13,12,0.0
1556,14.921159105847966,14,11,0.0
1557,14.785695655750809,14,11,0.0
1558,12.581354782049019,14,11,0.0
1559,22.742343383137204,15,10,0.0
1560,-7.575423716606775,12,13,0.0
1561,12.770649337301077,14,11,0.0
1562,33.51234641008499,16,9,0.0
1563,2.878103268859104,13,12,0.0
1564,23.371804105723754,15,10,0.0
1565,13.958706027843121,14,11,0.0
1566,13.39989242009144,14,11,0.0
1567,24.28873470395559,15,10,0.0
1568,13.529484366243443,14,11,0.0
1569,3.0009419294953235,13,12,0.0
1570,14.826882427050672,14,11,0.0
1571,35.12300575185583,16,9,0.0
1572,24.48723625839194,15,10,0.0
1573,24.577403051821,15,10,0.0
1574,14.789097941459193,14,11,0.0
1575,-6.389700641259832,12,13,0.0
1576,13.433414527305137,14,11,0.0
1577,12.713058484688379,14,11,0.0
1578,14.16339272353757,14,11,0.0
1579,-6.233550648876891,12,13,0.0
1580,24.917728235415495,15,10,0.0
1581,-7.788466399801237,12,13,0.0
1582,44.59027714856242,17,8,0.0
1583,34.009906948759266,16,9,0.0
1584,13.267554774839564,14,11,0.0
1585,25.67784442437918,15,10,0.0
1586,24.276965238573585,15,10,0.0
1587,33.967021205640265,16,9,0.0
1588,4.119498503829054,13,12,0.0
1589,24.135175310667197,15,10,0.0
1590,13.491822997525615,14,11,0.0
1591,22.444942833014434,15,10,0.0
1592,14.900477657848459,14,11,0.0
1593,-4.897046803199067,12,13,0.0
1594,23.48178555479349,15,10,0.0
1595,4.498182464733459,13,12,0.0
1596,12.654490538390242,14,11,0.0
1597,14.782848556430917,14,11,0.0
1598,33.89003427575917,16,9,0.0
1599,12.855197762522513,14,11,0.0
1600,24.422556346232607,15,10,0.0
1601,13.336093337523153,14,11,0.0
1602,3.4822591233163056,13,12,0.0
1603,23.248621095159237,15,10,0.0
1604,12.551630728062596,14,11,0.0
1605,12.331185216275797,14,11,0.0
1606,14.501076746565248,14,11,0.0
1607,34.143197622554936,16,9,0.0
1608,3.9542156815394076,13,12,0.0
1609,23.43896235908609,15,10,0.0
1610,14.203064246795421,14,11,0.0
1611,23.712586680925554,15,10,0.0
1612,13.801486986108362,14,11,0.0
1613,24.04181867103449,15,10,0.0
1614,2.154431950470015,13,12,0.0
1615,34.6185120379084,16,9,0.0
1616,4.677811381721671,13,12,0.0
1617,12.92636437124538,14,11,0.0
1618,12.938124171478373,14,11,0.0
1619,-5.894592857904341,12,13,0.0
1620,33.71640499586954,16,9,0.0
1621,34.428388296877785,16,9,0.0
1622,24.513936964548137,15,10,0.0
1623,23.55598345432042,15,10,0.0
1624,34.49849069191379,16,9,0.0
1625,23.99530200431881,15,10,0.0
1626,33.743944760197124,16,9,0.0
1627,34.172081004005854,16,9,0.0
1628,24.14378047314259,15,10,0.0
1629,23.170206771713122,15,10,0.0
1630,34.098765738606204,16,9,0.0
1631,2.3474946687977116,13,12,0.0
1632,34.67575879279259,16,9,0.0
1633,13.779910126287765,14,11,0.0
1634,24.243149515356226,15,10,0.0
1635,24.244414985968763,15,10,0.0
1636,12.65218406626566,14,11,0.0
1637,23.004187904865447,15,10,0.0
1638,13.550191183516098,14,11,0.0
1639,3.6777989151986876,13,12,0.0
1640,23.493569980357453,15,10,0.0
1641,14.596139620817036,14,11,0.0
1642,22.89741629053299,15,10,0.0
1643,13.646152902621617,14,11,0.0
1644,34.48812914404469,16,9,0.0
1645,13.782485154768558,14,11,0.0
1646,23.837537663010966,15,10,0.0
1647,25.17481467089349,15,10,0.0
1648,34.70962573093606,16,9,0.0
1649,33.7857362948825,16,9,0.0
1650,23.306790933127846,15,10,0.0
1651,5.172095484305786,13,12,0.0
1652,14.316677721005753,14,11,0.0
1653,23.934953190481828,15,10,0.0
1654,12.700394348589647,14,11,0.0
1655,34.70565995662159,16,9,0.0
1656,34.1271457242296,16,9,0.0
1657,35.383852912163675,16,9,0.0
1658,24.52028081774445,15,10,0.0
1659,13.296056025805205,14,11,0.0
1660,-6.058451875334402,12,13,0.0
1661,23.18280599993552,15,10,0.0
1662,35.20947149462676,16,9,0.0
1663,13.50253658221557,14,11,0.0
1664,14.23141877847791,14,11,0.0
1665,33.84884035389602,16,9,0.0
1666,24.697702501735783,15,10,0.0
1667,24.92112645112524,15,10,0.0
1668,14.09937433288222,14,11,0.0
1669,44.632027539855414,17,8,0.0
1670,23.386388024026445,15,10,0.0
1671,4.070805045108937,13,12,0.0
1672,23.653161427267325,15,10,0.0
1673,23.533284468478808,15,10,0.0
1674,33.59195101602086,16,9,0.0
1675,13.853810751532023,14,11,0.0
1676,35.1888037517958,16,9,0.0
1677,23.02126741198929,15,10,0.0
1678,24.53080958897398,15,10,0.0
1679,24.472206121301937,15,10,0.0
1680,14.461877803464517,14,11,0.0
1681,24.929727248178473,15,10,0.0
1682,24.879648351008814,15,10,0.0
1683,24.312425046219058,15,10,0.0
1684,3.477907293212313,13,12,0.0
1685,12.932133155411911,14,11,0.0
1686,23.51726640822163,15,10,0.0
1687,23.525407943251018,15,10,0.0
1688,4.307413506484894,13,12,0.0
1689,14.821283435797133,14,11,0.0
1690,14.686846725699656,14,11,0.0
1691,4.409459976307389,13,12,0.0
1692,34.66845836144594,16,9,0.0
1693,34.44421169494713,16,9,0.0
1694,13.656642626983146,14,11,0.0
1695,24.355148142239788,15,10,0.0
1696,24.17454233872634,15,10,0.0
1697,13.042798294411519,14,11,0.0
1698,13.203536814588684,14,11,0.0
1699,23.589328884829726,15,10,0.0
1700,13.70161753830087,14,11,0.0
1701,24.37477222769052,15,10,0.0
1702,24.74348936731263,15,10,0.0
1703,23.19856629917447,15,10,0.0
1704,34.166731392009126,16,9,0.0
1705,23.616917708605857,15,10,0.0
1706,24.301776660380288,15,10,0.0
1707,34.68591488895903,16,9,0.0
1708,12.968619181260674,14,11,0.0
1709,24.515184953458874,15,10,0.0
1710,25.36237622675004,15,10,0.0
1711,-8.477202144771976,12,13,0.0
1712,24.014800738141666,15,10,0.0
1713,34.428611548857404,16,9,0.0
1714,-5.560989917112087,12,13,0.0
1715,34.413278649917935,16,9,0.0
1716,25.656417965522586,15,10,0.0
1717,24.040645211493352,15,10,0.0
1718,33.578904235226034,16,9,0.0
1719,14.66310064733352,14,11,0.0
1720,34.9622438216779,16,9,0.0
1721,24.385588480810792,15,10,0.0
1722,24.35548363416667,15,10,0.0
1723,4.23389996515111,13,12,0.0
1724,3.4223965851566875,13,12,0.0
1725,24.63045537861555,15,10,0.0
1726,14.348409223669027,14,11,0.0
1727,-6.287947016046189,12,13,0.0
1728,24.54977793724707,15,10,0.0
1729,15.07717560370709,14,11,0.0
1730,25.105167424636807,15,10,0.0
1731,33.955089639873954,16,9,0.0
1732,23.862694156101,15,10,0.0
1733,14.959572191168485,14,11,0.0
1734,-15.821052368651289,11,14,0.0
1735,24.55014306631792,15,10,0.0
1736,14.00861977457965,14,11,0.0
1737,14.364388010043875,14,11,0.0
1738,34.46028455522082,16,9,0.0
1739,35.05426441076399,16,9,0.0
1740,4.74044307225162,13,12,0.0
1741,3.540546815704684,13,12,0.0
1742,24.774137091975852,15,10,0.0
1743,35.051037680168164,16,9,0.0
1744,23.854498936227245,15,10,0.0
1745,23.91683169461744,15,10,0.0
1746,33.44752572759241,16,9,0.0
1747,23.70385706667742,15,10,0.0
1748,24.539056099881662,15,10,0.0
1749,24.152339844792024,15,10,0.0
1750,14.016413360107379,14,11,0.0
1751,35.05357921717066,16,9,0.0
1752,-6.968667748563831,12,13,0.0
1753,14.918845512209161,14,11,0.0
1754,33.6447064144288,16,9,0.0
1755,22.737880799676756,15,10,0.0
1756,4.847520563908132,13,12,0.0
1757,24.545436764318282,15,10,0.0
1758,24.091416548928443,15,10,0.0
1759,23.425936343670788,15,10,0.0
1760,24.46314540196682,15,10,0.0
1761,13.609424210516332,14,11,0.0
1762,2.8373358151499586,13,12,0.0
1763,4.436736064636542,13,12,0.0
1764,3.3297751518537595,13,12,0.0
1765,24.172977889371083,15,10,0.0
1766,14.024305648180883,14,11,0.0
1767,12.845677945938354,14,11,0.0
1768,3.1521267824442036,13,12,0.0
1769,15.508153753510133,14,11,0.0
1770,24.20382429930858,15,10,0.0
1771,35.33912236981058,16,9,0.0
1772,25.103525900776155,15,10,0.0
1773,2.904816268315246,13,12,0.0
1774,34.49907106010942,16,9,0.0
1775,13.86359857977021,14,11,0.0
1776,2.647048649896912,13,12,0.0
1777,33.95479182783709,16,9,0.0
1778,24.67887224582578,15,10,0.0
1779,23.699866923145873,15,10,0.0
1780,13.613823836317788,14,11,0.0
1781,-6.1576538407769945,12,13,0.0
1782,14.000062069557998,14,11,0.0
1783,14.502124318262755,14,11,0.0
1784,24.930319805634927,15,10,0.0
1785,13.999664115331452,14,11,0.0
1786,12.890456932101877,14,11,0.0
1787,3.90011719576838,13,12,0.0
1788,14.035473993311621,14,11,0.0
1789,4.969904576501754,13,12,0.0
1790,13.942233426493736,14,11,0.0
1791,35.10114002333136,16,9,0.0
1792,4.767570424680474,13,12,0.0
1793,24.710578536224187,15,10,0.0
1794,2.9328516021636375,13,12,0.0
1795,3.3774080527980663,13,12,0.0
1796,25.326498322780694,15,10,0.0
1797,15.376697600898352,14,11,0.0
1798,25.162585842006923,15,10,0.0
1799,3.687876815145575,13,12,0.0
1800,14.170392532996921,14,11,0.0
1801,14.6361327438668,14,11,0.0
1802,5.113002487077901,13,12,0.0
1803,24.33240272030801,15,10,0.0
1804,23.032979729750114,15,10,0.0
1805,34.51780211423379,16,9,0.0
1806,24.99039105914942,15,10,0.0
1807,14.74376852814612,14,11,0.0
1808,23.040315299434745,15,10,0.0
1809,14.891547429530718,14,11,0.0
1810,34.104923681819855,16,9,0.0
1811,2.5820227689787068,13,12,0.0
1812,14.98056666122471,14,11,0.0
1813,24.423200122373444,15,10,0.0
1814,34.854313947711155,16,9,0.0
1815,34.35702349293112,16,9,0.0
1816,25.270245110740575,15,10,0.0
1817,24.501623907342655,15,10,0.0
1818,24.024325609804976,15,10,0.0
1819,24.9713861926203,15,10,0.0
1820,2.929783347255153,13,12,0.0
1821,24.207665500411935,15,10,0.0
1822,3.681008814104973,13,12,0.0
1823,12.707320052105358,14,11,0.0
1824,25.222178789827975,15,10,0.0
1825,-6.236655972360355,12,13,0.0
1826,1.9213415049931992,13,12,0.0
1827,13.784635743017724,14,11,0.0
1828,34.13016305156281,16,9,0.0
1829,14.410185186583677,14,11,0.0
1830,24.972578524730146,15,10,0.0
1831,2.8147396897534422,13,12,0.0
1832,15.467678127946794,14,11,0.0
1833,14.993286342057598,14,11,0.0
1834,24.0320100037458,15,10,0.0
1835,33.59171724540622,16,9,0.0
1836,25.084675538681033,15,10,0.0
1837,3.4198349920072717,13,12,0.0
1838,34.03434411372157,16,9,0.0
1839,34.98443025633303,16,9,0.0
1840,23.26769866677664,15,10,0.0
1841,13.850539894846571,14,11,0.0
1842,33.64045307697008,16,9,0.0
1843,13.323206941124505,14,11,0.0
1844,23.482051490828656,15,10,0.0
1845,-6.666283879437635,12,13,0.0
1846,23.808941547289717,15,10,0.0
1847,15.200310270629151,14,11,0.0
1848,3.661811473072321,13,12,0.0
1849,24.95967139894897,15,10,0.0
1850,13.180812986238355,14,11,0.0
1851,-6.721370504684729,12,13,0.0
1852,13.808862086883181,14,11,0.0
1853,35.07590310726152,16,9,0.0
1854,33.07943139134971,16,9,0.0
1855,23.863184806626293,15,10,0.0
1856,22.87590727292643,15,10,0.0
1857,13.03514979925379,14,11,0.0
1858,23.54640005905122,15,10,0.0
1859,33.55663973097611,16,9,0.0
1860,34.59096904278081,16,9,0.0
1861,14.09903151848403,14,11,0.0
1862,-6.5200771247159395,12,13,0.0
1863,24.941543510914556,15,10,0.0
1864,33.814074771474296,16,9,0.0
1865,14.254658171223179,14,11,0.0
1866,23.861060164963813,15,10,0.0
1867,2.933254784375741,13,12,0.0
1868,34.77138214000338,16,9,0.0
1869,-5.388805721410805,12,13,0.0
1870,23.115392156626335,15,10,0.0
1871,34.923533671120836,16,9,0.0
1872,25.69473581341348,15,10,0.0
1873,23.23089517037345,15,10,0.0
1874,14.63309552104451,14,11,0.0
1875,12.701955109897193,14,11,0.0
1876,22.97114664521345,15,10,0.0
1877,23.69551811794739,15,10,0.0
1878,24.014955150905834,15,10,0.0
1879,24.428687737868696,15,10,0.0
1880,25.519530797458994,15,10,0.0
1881,34.26026135588282,16,9,0.0
1882,34.40514766292738,16,9,0.0
1883,33.94307499851565,16,9,0.0
1884,25.031094095913232,15,10,0.0
1885,35.81879704137086,16,9,0.0
1886,24.689768892009607,15,10,0.0
1887,24.88964266236659,15,10,0.0
1888,14.26789158701894,14,11,0.0
1889,24.082546678752557,15,10,0.0
1890,33.62499565280057,16,9,0.0
1891,12.253846414239623,14,11,0.0
1892,24.344098848001362,15,10,0.0
1893,23.98625963131792,15,10,0.0
1894,23.57202012916984,15,10,0.0
1895,23.73386962518374,15,10,0.0
1896,14.33155109532476,14,11,0.0
1897,15.130611051953174,14,11,0.0
1898,33.67757672786461,16,9,0.0
1899,34.29426491611508,16,9,0.0
1900,23.634135948624053,15,10,0.0
1901,23.741635808266054,15,10,0.0
1902,34.09901304051962,16,9,0.0
1903,33.66662031657974,16,9,0.0
1904,-6.702521114993916,12,13,0.0
1905,13.730628267047484,14,11,0.0
1906,33.82047444539578,16,9,0.0
1907,14.98209892591256,14,11,0.0
1908,33.90011961477071,16,9,0.0
1909,34.51197149909292,16,9,0.0
1910,33.47893309208868,16,9,0.0
1911,23.987699160550605,15,10,0.0
1912,33.95175586215163,16,9,0.0
1913,23.91462184782463,15,10,0.0
1914,13.291792748968364,14,11,0.0
1915,34.37344293229651,16,9,0.0
1916,34.12041826683103,16,9,0.0
1917,13.382530168386,14,11,0.0
1918,23.682024108988315,15,10,0.0
1919,2.2410652624180676,13,12,0.0
1920,3.0750988842756817,13,12,0.0
1921,14.53291299997506,14,11,0.0
1922,34.58360634991752,16,9,0.0
1923,14.023886501683316,14,11,0.0
1924,25.050041316416774,15,10,0.0
1925,23.68972531335749,15,10,0.0
1926,25.46745838894132,15,10,0.0
1927,14.273531387871174,14,11,0.0
1928,14.18353672007068,14,11,0.0
1929,3.547976714810216,13,12,0.0
1930,24.754630967440217,15,10,0.0
1931,13.062929409176483,14,11,0.0
1932,35.25829977493558,16,9,0.0
1933,14.171598811961138,14,11,0.0
1934,23.326122906551834,15,10,0.0
1935,24.442090321363107,15,10,0.0
1936,23.966075692710316,15,10,0.0
1937,23.93220383198131,15,10,0.0
1938,2.6306926031525775,13,12,0.0
1939,35.52509902980878,16,9,0.0
1940,25.272916124907177,15,10,0.0
1941,13.884797791377315,14,11,0.0
1942,15.526142877260718,14,11,0.0
1943,25.583406511111097,15,10,0.0
1944,3.501110470902903,13,12,0.0
1945,13.416867021812532,14,11,0.0
1946,33.93510090032416,16,9,0.0
1947,12.705595848332123,14,11,0.0
1948,23.027203191239003,15,10,0.0
1949,15.014809799088045,14,11,0.0
1950,34.1421797746774,16,9,0.0
1951,23.462491410402116,15,10,0.0
1952,13.361127231272548,14,11,0.0
1953,24.855133657373806,15,10,0.0
1954,13.456320039238353,14,11,0.0
1955,24.979666694114258,15,10,0.0
1956,24.788137629845554,15,10,0.0
1957,33.27847272798851,16,9,0.0
1958,-17.650257582217495,11,14,0.0
1959,5.0567776269508435,13,12,0.0
1960,12.576384291065875,14,11,0.0
1961,24.199000836473445,15,10,0.0
1962,22.86481685643007,15,10,0.0
1963,14.27708494921744,14,11,0.0
1964,4.902574284201121,13,12,0.0
1965,23.608579274791715,15,10,0.0
1966,33.6329145709938,16,9,0.0
1967,24.57982066746298,15,10,0.0
1968,33.701215980345985,16,9,0.0
1969,12.266003667563735,14,11,0.0
1970,13.481793495855108,14,11,0.0
1971,33.255212372378026,16,9,0.0
1972,24.67654276762281,15,10,0.0
1973,22.66706345292014,15,10,0.0
1974,23.52153235270542,15,10,0.0
1975,12.971479703113472,14,11,0.0
1976,24.08375190487883,15,10,0.0
1977,14.58823104407274,14,11,0.0
1978,34.72479782277898,16,9,0.0
1979,22.607774285774703,15,10,0.0
1980,23.280493749013683,15,10,0.0
1981,23.125667297785892,15,10,0.0
1982,33.66506994559413,16,9,0.0
1983,34.880867514490426,16,9,0.0
1984,22.190642956855314,15,10,0.0
1985,34.864859890213516,16,9,0.0
1986,4.118006421439421,13,12,0.0
1987,24.353313115666015,15,10,0.0
1988,34.54386825078596,16,9,0.0
1989,24.54422889829523,15,10,0.0
1990,13.652098372858404,14,11,0.0
1991,4.52976472999246,13,12,0.0
1992,24.326314930895542,15,10,0.0
1993,33.323874123501334,16,9,0.0
1994,24.498887050804452,15,10,0.0
1995,4.887037419740434,13,12,0.0
1996,5.345297516570811,13,12,0.0
1997,34.85208082379936,16,9,0.0
1998,24.0215118257911,15,10,0.0
1999,35.934644323665935,16,9,0.0
2000,34.909957371438836,16,9,0.0
2001,13.156920267402299,14,11,0.0
2002,23.37391413818594,15,10,0.0
2003,23.897482412922976,15,10,0.0
2004,33.194451310513166,16,9,0.0
2005,15.089621714825178,14,11,0.0
2006,2.67780275287231,13,12,0.0
2007,-6.668268487936422,12,13,0.0
2008,23.858280459223838,15,10,0.0
2009,5.206020613978837,13,12,0.0
2010,24.548776912420625,15,10,0.0
2011,33.86076383627129,16,9,0.0
2012,14.42695996578993,14,11,0.0
2013,3.0805943779606793,13,12,0.0
2014,24.335810023104887,15,10,0.0
2015,24.173108045793715,15,10,0.0
2016,3.2975441975330924,13,12,0.0
2017,2.440867417400187,13,12,0.0
2018,3.009105687049896,13,12,0.0
2019,23.715362672676616,15,10,0.0
2020,14.272910593171922,14,11,0.0
2021,13.03419886558289,14,11,0.0
2022,23.621812092056523,15,10,0.0
2023,-27.762777941936896,10,15,0.0
2024,23.199809786959253,15,10,0.0
2025,33.09100870530757,16,9,0.0
2026,32.66678973110157,16,9,0.0
2027,24.411740691117558,15,10,0.0
2028,-7.415259109026199,12,13,0.0
2029,2.74401880895976,13,12,0.0
2030,34.65206475817701,16,9,0.0
2031,24.373274319142205,15,10,0.0
2032,33.98850348562625,16,9,0.0
2033,34.642157803459206,16,9,0.0
2034,13.78787565401013,14,11,0.0
2035,23.614554971620574,15,10,0.0
2036,24.387520117069553,15,10,0.0
2037,34.48683437553246,16,9,0.0
2038,25.295998109052036,15,10,0.0
2039,13.329829433121162,14,11,0.0
2040,33.1884291238399,16,9,0.0
2041,23.6247191268627,15,10,0.0
2042,4.6090394818352145,13,12,0.0
2043,23.718810766841628,15,10,0.0
2044,13.4977906212439,14,11,0.0
2045,13.14702945442121,14,11,0.0
2046,24.15614000970365,15,10,0.0
2047,34.461690737087075,16,9,0.0
2048,-5.9681471719173125,12,13,0.0
2049,33.26407596012343,16,9,0.0
2050,14.223546586412635,14,11,0.0
2051,13.490863456225494,14,11,0.0
2052,34.637574405655315,16,9,0.0
2053,43.29668051062196,17,8,0.0
2054,34.068889373087515,16,9,0.0
2055,14.37349111801835,14,11,0.0
2056,24.56991694551298,15,10,0.0
2057,13.77464764290833,14,11,0.0
2058,3.624249119100529,13,12,0.0
2059,33.800151215076326,16,9,0.0
2060,5.6470336165959765,13,12,0.0
2061,14.183339837146896,14,11,0.0
2062,25.121151507891078,15,10,0.0
2063,23.969579290947724,15,10,0.0
2064,34.918187399122004,16,9,0.0
2065,24.44711181811915,15,10,0.0
2066,13.132647805288725,14,11,0.0
2067,13.944616892773833,14,11,0.0
2068,13.599932642720196,14,11,0.0
2069,33.56490953739367,16,9,0.0
2070,13.081091561018097,14,11,0.0
2071,24.490093712517947,15,10,0.0
2072,24.225129737756255,15,10,0.0
2073,35.56233411213603,16,9,0.0
2074,23.401946388925047,15,10,0.0
2075,13.953771560140474,14,11,0.0
2076,23.972054069277334,15,10,0.0
2077,22.66679962669359,15,10,0.0
2078,13.47401325577441,14,11,0.0
2079,24.082324966255598,15,10,0.0
2080,3.917238367570386,13,12,0.0
2081,23.428733499559705,15,10,0.0
2082,23.507801345456446,15,10,0.0
2083,3.4066103094788724,13,12,0.0
2084,13.028282101985537,14,11,0.0
2085,23.69243713488127,15,10,0.0
2086,3.4263041626940955,13,12,0.0
2087,24.99046005589812,15,10,0.0
2088,2.417614710238615,13,12,0.0
2089,23.85979687451042,15,10,0.0
2090,34.51347230438709,16,9,0.0
2091,24.736601686801908,15,10,0.0
2092,33.48868527671979,16,9,0.0
2093,-6.311375438094685,12,13,0.0
2094,5.722694615246796,13,12,0.0
2095,4.866123149067568,13,12,0.0
2096,13.864921970539198,14,11,0.0
2097,24.584721005068737,15,10,0.0
2098,22.88218285607632,15,10,0.0
2099,14.995051983753946,14,11,0.0
2100,13.547961492174272,14,11,0.0
2101,22.180897244232973,15,10,0.0
2102,23.8141187297429,15,10,0.0
2103,14.646980237970428,14,11,0.0
2104,13.726940634819567,14,11,0.0
2105,13.921455413779189,14,11,0.0
2106,32.25318887394654,16,9,0.0
2107,23.99279849642619,15,10,0.0
2108,14.093174844295687,14,11,0.0
2109,23.837779109204728,15,10,0.0
2110,33.35983949514137,16,9,0.0
2111,22.770411420652593,15,10,0.0
2112,14.241951101988224,14,11,0.0
2113,3.531332897541164,13,12,0.0
2114,23.444704002700497,15,10,0.0
2115,22.45219689298711,15,10,0.0
2116,12.28784038101044,14,11,0.0
2117,23.873375530856805,15,10,0.0
2118,14.193924900066147,14,11,0.0
2119,14.229253569748476,14,11,0.0
2120,33.53670117149148,16,9,0.0
2121,23.882005495412198,15,10,0.0
2122,14.186615968710392,14,11,0.0
2123,3.1705749531049996,13,12,0.0
2124,24.124001368169573,15,10,0.0
2125,24.636323647699804,15,10,0.0
2126,24.983042768427,15,10,0.0
2127,24.01658743267237,15,10,0.0
2128,14.4151742882083,14,11,0.0
2129,25.084050237900172,15,10,0.0
2130,24.28947483886138,15,10,0.0
2131,23.911451331335094,15,10,0.0
2132,4.344108046421571,13,12,0.0
2133,13.300535179185704,14,11,0.0
2134,25.04814160379615,15,10,0.0
2135,14.050867285284356,14,11,0.0
2136,34.54002791052939,16,9,0.0
2137,-6.417942123858673,12,13,0.0
2138,13.408114379622894,14,11,0.0
2139,3.8228132761288878,13,12,0.0
2140,13.192214210778532,14,11,0.0
2141,23.490713634752396,15,10,0.0
2142,34.624137018130156,16,9,0.0
2143,23.340635365692435,15,10,0.0
2144,23.82951587418321,15,10,0.0
2145,23.65314141030187,15,10,0.0
2146,24.19897360228722,15,10,0.0
2147,25.411741631372248,15,10,0.0
2148,-7.4385397235082245,12,13,0.0
2149,14.29477763866506,14,11,0.0
2150,13.993058502515877,14,11,0.0
2151,23.833128027027065,15,10,0.0
2152,23.145270314505012,15,10,0.0
2153,24.438925525510204,15,10,0.0
2154,12.419125687015327,14,11,0.0
2155,34.405958294907215,16,9,0.0
2156,34.09169129237226,16,9,0.0
2157,-5.649319603321264,12,13,0.0
2158,23.77897029957943,15,10,0.0
2159,24.497238411498074,15,10,0.0
2160,24.065758438280234,15,10,0.0
2161,33.16392620194981,16,9,0.0
2162,33.67938445710195,16,9,0.0
2163,24.753735380233312,15,10,0.0
2164,32.42248403391933,16,9,0.0
2165,13.953442743044006,14,11,0.0
2166,13.387363127260626,14,11,0.0
2167,34.60577306535936,16,9,0.0
2168,23.00892848845535,15,10,0.0
2169,23.392814895451785,15,10,0.0
2170,23.82308753397991,15,10,0.0
2171,33.281536452476956,16,9,0.0
2172,33.99282478556568,16,9,0.0
2173,34.35208078545739,16,9,0.0
2174,3.5975754162411966,13,12,0.0
2175,33.6690355860462,16,9,0.0
2176,14.832585340232551,14,11,0.0
2177,34.886638784759214,16,9,0.0
2178,2.7958483986996665,13,12,0.0
2179,22.855909689160107,15,10,0.0
2180,34.022785615781615,16,9,0.0
2181,12.834574018249342,14,11,0.0
2182,34.59405543026453,16,9,0.0
2183,33.6833741125883,16,9,0.0
2184,13.377402692100077,14,11,0.0
2185,23.496083849940366,15,10,0.0
2186,14.248788711950851,14,11,0.0
2187,23.995105826563464,15,10,0.0
2188,34.0642318491449,16,9,0.0
2189,34.70481202812444,16,9,0.0
2190,24.495023290830986,15,10,0.0
2191,13.795381990221529,14,11,0.0
2192,12.874985344405866,14,11,0.0
2193,3.9228933191214628,13,12,0.0
2194,2.6001967683143308,13,12,0.0
2195,22.730389843166527,15,10,0.0
2196,22.84002407865447,15,10,0.0
2197,32.840404357381985,16,9,0.0
2198,12.977970325238841,14,11,0.0
2199,25.06603834207748,15,10,0.0
2200,12.668812010843506,14,11,0.0
2201,24.430892938504456,15,10,0.0
2202,34.124299439151265,16,9,0.0
2203,33.7592418898063,16,9,0.0
2204,44.40953493494846,17,8,0.0
2205,34.19471004335864,16,9,0.0
2206,13.021602007068843,14,11,0.0
2207,13.209155010342975,14,11,0.0
2208,23.982473582499683,15,10,0.0
2209,33.91635154538598,16,9,0.0
2210,34.042754248067865,16,9,0.0
2211,33.99288256912924,16,9,0.0
2212,12.097511905776415,14,11,0.0
2213,22.702693090128477,15,10,0.0
2214,24.502519761744328,15,10,0.0
2215,24.224740363436442,15,10,0.0
2216,34.703402940566825,16,9,0.0
2217,22.765255391183516,15,10,0.0
2218,23.891954754137714,15,10,0.0
2219,23.36980594864413,15,10,0.0
2220,34.09769420536348,16,9,0.0
2221,24.06355092249461,15,10,0.0
2222,24.91305182397556,15,10,0.0
2223,23.4987091494358,15,10,0.0
2224,24.09694551548069,15,10,0.0
2225,33.88105652178677,16,9,0.0
2226,34.4104069900196,16,9,0.0
2227,35.30027008358607,16,9,0.0
2228,23.195116601206937,15,10,0.0
2229,25.112475113326195,15,10,0.0
2230,14.367257851749278,14,11,0.0
2231,14.590491425267404,14,11,0.0
2232,14.798971706744439,14,11,0.0
2233,23.449164329115575,15,10,0.0
2234,12.835614230859054,14,11,0.0
2235,25.20126015627001,15,10,0.0
2236,33.39536484966124,16,9,0.0
2237,14.213515609526832,14,11,0.0
2238,3.72004914109611,13,12,0.0
2239,24.141066117773995,15,10,0.0
2240,3.824197093511904,13,12,0.0
2241,35.02272716962971,16,9,0.0
2242,23.289983135598103,15,10,0.0
2243,14.191066669115738,14,11,0.0
2244,34.748548985318685,16,9,0.0
2245,24.059576556872116,15,10,0.0
2246,23.72425701260293,15,10,0.0
2247,33.98458928087126,16,9,0.0
2248,24.188636239196118,15,10,0.0
2249,3.692106958760359,13,12,0.0
2250,32.62554242212588,16,9,0.0
2251,2.3478706807765004,13,12,0.0
2252,22.37849672559897,15,10,0.0
2253,24.659178591468734,15,10,0.0
2254,14.309551609294125,14,11,0.0
2255,33.76701934715443,16,9,0.0
2256,32.16758335585301,16,9,0.0
2257,24.78462302862134,15,10,0.0
2258,24.02304508115587,15,10,0.0
2259,25.020829317376773,15,10,0.0
2260,33.85211516127475,16,9,0.0
2261,25.228059250473617,15,10,0.0
2262,23.774830276087947,15,10,0.0
2263,33.91220184543982,16,9,0.0
2264,14.29597585954499,14,11,0.0
2265,12.65899777890439,14,11,0.0
2266,33.36987367300433,16,9,0.0
2267,23.656048619920334,15,10,0.0
2268,34.70064416882067,16,9,0.0
2269,-5.345667459955661,12,13,0.0
2270,44.7366123538518,17,8,0.0
2271,2.357443175082869,13,12,0.0
2272,34.24955952750395,16,9,0.0
2273,43.50559220119429,17,8,0.0
2274,45.024945527125915,17,8,0.0
2275,14.443618194650144,14,11,0.0
2276,23.837818843001788,15,10,0.0
2277,34.113545396341735,16,9,0.0
2278,14.983448325616395,14,11,0.0
2279,34.588934307602095,16,9,0.0
2280,34.220383482878226,16,9,0.0
2281,32.79065316560626,16,9,0.0
2282,33.3682529313785,16,9,0.0
2283,3.0811001932061934,13,12,0.0
2284,34.47488900148315,16,9,0.0
2285,3.8229675305790822,13,12,0.0
2286,11.995162070508044,14,11,0.0
2287,3.0834853210776973,13,12,0.0
2288,24.163269514864062,15,10,0.0
2289,23.826426215183858,15,10,0.0
2290,43.702476634150344,17,8,0.0
2291,21.288275524929578,15,10,0.0
2292,34.94729707160295,16,9,0.0
2293,34.333986466620104,16,9,0.0
2294,34.80815238208245,16,9,0.0
2295,14.009307028107246,14,11,0.0
2296,34.3390127408928,16,9,0.0
2297,24.002197836564118,15,10,0.0
2298,23.378987602222065,15,10,0.0
2299,23.935059790751485,15,10,0.0
2300,14.555665169957999,14,11,0.0
2301,14.111229075933867,14,11,0.0
2302,13.727847299756995,14,11,0.0
2303,12.976956046844203,14,11,0.0
2304,14.026258846242541,14,11,0.0
2305,23.918943086311724,15,10,0.0
2306,11.685168774815574,14,11,0.0
2307,5.095046999639813,13,12,0.0
2308,13.746181371013702,14,11,0.0
2309,13.326279517666897,14,11,0.0
2310,12.727757021079885,14,11,0.0
2311,-6.896674655893111,12,13,0.0
2312,44.557261711787376,17,8,0.0
2313,12.21712001070572,14,11,0.0
2314,23.88988965116541,15,10,0.0
2315,23.705000436619883,15,10,0.0
2316,33.52300597948667,16,9,0.0
2317,23.858297968104687,15,10,0.0
2318,22.65197996233063,15,10,0.0
2319,13.045409103166023,14,11,0.0
2320,23.529929710957628,15,10,0.0
2321,2.755972757022424,13,12,0.0
2322,24.47514538680185,15,10,0.0
2323,3.7585701104194698,13,12,0.0
2324,3.4337683050426726,13,12,0.0
2325,13.480577734117055,14,11,0.0
2326,35.59251582768133,16,9,0.0
2327,25.271441085449,15,10,0.0
2328,24.88861565825146,15,10,0.0
2329,24.02949010387937,15,10,0.0
2330,34.816740284302256,16,9,0.0
2331,3.098381399709295,13,12,0.0
2332,13.087714721690915,14,11,0.0
2333,23.84434577315327,15,10,0.0
2334,24.652748475956606,15,10,0.0
2335,34.53696481282804,16,9,0.0
2336,4.543676142171639,13,12,0.0
2337,25.270464336718867,15,10,0.0
2338,34.91298750609421,16,9,0.0
2339,34.460482582083095,16,9,0.0
2340,14.728060856831402,14,11,0.0
2341,33.9708148299894,16,9,0.0
2342,32.96497406480063,16,9,0.0
2343,23.245783802921352,15,10,0.0
2344,4.209839694155445,13,12,0.0
2345,33.615426539646876,16,9,0.0
2346,12.613466718988931,14,11,0.0
2347,24.553402093855134,15,10,0.0
2348,34.629378977779595,16,9,0.0
2349,24.531725475174714,15,10,0.0
2350,24.268243830940325,15,10,0.0
2351,33.24582178902214,16,9,0.0
2352,24.60074534769489,15,10,0.0
2353,24.34027201270524,15,10,0.0
2354,14.49638844930903,14,11,0.0
2355,14.568310963274703,14,11,0.0
2356,32.659228429647975,16,9,0.0
2357,3.651147165808217,13,12,0.0
2358,13.196826036572348,14,11,0.0
2359,13.542618813862983,14,11,0.0
2360,3.5330978440114063,13,12,0.0
2361,2.9436619625353346,13,12,0.0
2362,-6.926287490929021,12,13,0.0
2363,34.247546357365096,16,9,0.0
2364,34.76670692901337,16,9,0.0
2365,23.196471722705503,15,10,0.0
2366,12.342303770743829,14,11,0.0
2367,34.04387538989708,16,9,0.0
2368,4.443868551919328,13,12,0.0
2369,34.15542330978339,16,9,0.0
2370,23.97018383785695,15,10,0.0
2371,24.462414504757668,15,10,0.0
2372,13.33883268393192,14,11,0.0
2373,23.26394965338917,15,10,0.0
2374,14.888256489420382,14,11,0.0
2375,23.415905582205614,15,10,0.0
2376,23.220204399127446,15,10,0.0
2377,24.351766027024166,15,10,0.0
2378,34.26068027710138,16,9,0.0
2379,13.612292615899246,14,11,0.0
2380,13.890363263902593,14,11,0.0
2381,4.085307076589198,13,12,0.0
2382,22.907709652059808,15,10,0.0
2383,33.02660622642256,16,9,0.0
2384,5.317388918675262,13,12,0.0
2385,36.06149419887511,16,9,0.0
2386,-6.754422485897123,12,13,0.0
2387,22.87062260829751,15,10,0.0
2388,13.608826105788065,14,11,0.0
2389,35.02057895732753,16,9,0.0
2390,3.1796831598071336,13,12,0.0
2391,12.779575396569225,14,11,0.0
2392,33.229609771435605,16,9,0.0
2393,-4.887504259485078,12,13,0.0
2394,22.63486255650065,15,10,0.0
2395,14.548936022698395,14,11,0.0
2396,35.11149985303032,16,9,0.0
2397,24.24194993679942,15,10,0.0
2398,33.784783411983035,16,9,0.0
2399,34.47335646933283,16,9,0.0
2400,13.690062564601178,14,11,0.0
2401,12.316481843872348,14,11,0.0
2402,23.8575605538518,15,10,0.0
2403,12.883656902205104,14,11,0.0
2404,23.534516629125015,15,10,0.0
2405,15.3061841899383,14,11,0.0
2406,22.967736620607088,15,10,0.0
2407,3.630730782301737,13,12,0.0
2408,14.80912967587091,14,11,0.0
2409,24.660326326800032,15,10,0.0
2410,14.46511952702998,14,11,0.0
2411,24.564780608587473,15,10,0.0
2412,13.036388716831826,14,11,0.0
2413,25.103768458333498,15,10,0.0
2414,14.523014813908075,14,11,0.0
2415,14.033965756860304,14,11,0.0
2416,33.98035101888862,16,9,0.0
2417,24.65758010684724,15,10,0.0
2418,24.117449092402335,15,10,0.0
2419,23.927200866494655,15,10,0.0
2420,-6.125644706498391,12,13,0.0
2421,13.707686603407211,14,11,0.0
2422,34.07332128772293,16,9,0.0
2423,34.2419537562386,16,9,0.0
2424,34.26909175949719,16,9,0.0
2425,-7.431306786971388,12,13,0.0
2426,33.90497257741445,16,9,0.0
2427,14.822780038629,14,11,0.0
2428,34.395678453700775,16,9,0.0
2429,13.861647987203431,14,11,0.0
2430,14.088902582439237,14,11,0.0
2431,24.652258995801823,15,10,0.0
2432,35.13369307110205,16,9,0.0
2433,33.26868151240919,16,9,0.0
2434,24.372638522127623,15,10,0.0
2435,23.24108076579078,15,10,0.0
2436,24.0776307936808,15,10,0.0
2437,35.40967382714498,16,9,0.0
2438,24.126900677311955,15,10,0.0
2439,13.667316514806277,14,11,0.0
2440,15.148650333398825,14,11,0.0
2441,33.21018439558709,16,9,0.0
2442,24.113372457079635,15,10,0.0
2443,23.559597263681855,15,10,0.0
2444,33.15307820311902,16,9,0.0
2445,-7.848518503020172,12,13,0.0
2446,23.46926703363878,15,10,0.0
2447,23.629004108164242,15,10,0.0
2448,-7.413521349336333,12,13,0.0
2449,3.5481838852512575,13,12,0.0
2450,-17.039027240426858,11,14,0.0
2451,34.047575497560544,16,9,0.0
2452,34.29199213838054,16,9,0.0
2453,24.598390963272642,15,10,0.0
2454,35.027358568663146,16,9,0.0
2455,12.636106310692957,14,11,0.0
2456,12.306108751000423,14,11,0.0
2457,24.117160287392334,15,10,0.0
2458,4.104505225347711,13,12,0.0
2459,23.91487705826853,15,10,0.0
2460,33.878827572796695,16,9,0.0
2461,13.883680352513892,14,11,0.0
2462,43.49795725462869,17,8,0.0
2463,24.680265400177056,15,10,0.0
2464,23.827334326779916,15,10,0.0
2465,24.279442582118527,15,10,0.0
2466,23.73852687263174,15,10,0.0
2467,14.083524506329779,14,11,0.0
2468,14.007911611586639,14,11,0.0
2469,14.259866360549834,14,11,0.0
2470,4.452099855409682,13,12,0.0
2471,44.70959484848766,17,8,0.0
2472,13.513400308066092,14,11,0.0
2473,33.779653993192795,16,9,0.0
2474,24.520209562395895,15,10,0.0
2475,14.262689828614551,14,11,0.0
2476,23.251598554512753,15,10,0.0
2477,12.305926616678065,14,11,0.0
2478,22.789479891387202,15,10,0.0
2479,24.250074427690897,15,10,0.0
2480,33.25594631390591,16,9,0.0
2481,33.21516920097296,16,9,0.0
2482,3.193734693403142,13,12,0.0
2483,23.099050917563417,15,10,0.0
2484,13.778136190520957,14,11,0.0
2485,34.24837105671712,16,9,0.0
2486,23.81597611560691,15,10,0.0
2487,23.65590304349019,15,10,0.0
2488,24.992776095196483,15,10,0.0
2489,34.0070458501626,16,9,0.0
2490,11.916545393791969,14,11,0.0
2491,13.49775355804076,14,11,0.0
2492,34.773913351096375,16,9,0.0
2493,14.465464460137992,14,11,0.0
2494,33.64678007870137,16,9,0.0
2495,13.282995929553286,14,11,0.0
2496,1.974120530297105,13,12,0.0
2497,34.71590655873825,16,9,0.0
2498,23.57847566192665,15,10,0.0
2499,34.58994803079881,16,9,0.0
2500,13.798168571590777,14,11,0.0
2501,45.37250241099075,17,8,0.0
2502,2.7331742252451736,13,12,0.0
2503,34.27979010184702,16,9,0.0
2504,12.918457178792028,14,11,0.0
2505,33.29197910703122,16,9,0.0
2506,2.2608501919590474,13,12,0.0
2507,33.802078867999214,16,9,0.0
2508,22.99100216245118,15,10,0.0
2509,3.5876071121920194,13,12,0.0
2510,-8.023832583852428,12,13,0.0
2511,33.41534733931028,16,9,0.0
2512,24.619288340113123,15,10,0.0
2513,34.332948620178115,16,9,0.0
2514,12.330596283480443,14,11,0.0
2515,-5.430390553944445,12,13,0.0
2516,11.937448790354415,14,11,0.0
2517,3.560258367101861,13,12,0.0
2518,33.422825376479565,16,9,0.0
2519,35.50445768364584,16,9,0.0
2520,24.568304761846804,15,10,0.0
2521,34.38279315905498,16,9,0.0
2522,34.66066280273486,16,9,0.0
2523,13.069066042359118,14,11,0.0
2524,24.38700921227158,15,10,0.0
2525,14.353190217823368,14,11,0.0
2526,33.66747787539588,16,9,0.0
2527,34.554360611140744,16,9,0.0
2528,33.96890032879999,16,9,0.0
2529,33.15371195770782,16,9,0.0
2530,2.6351737929793546,13,12,0.0
2531,23.687112321812755,15,10,0.0
2532,2.404239708058091,13,12,0.0
2533,12.942602340587378,14,11,0.0
2534,13.11623299539922,14,11,0.0
2535,35.01986254503451,16,9,0.0
2536,24.26837399507481,15,10,0.0
2537,12.713833849753048,14,11,0.0
2538,12.38903119836339,14,11,0.0
2539,22.684522941859694,15,10,0.0
2540,33.20831685560686,16,9,0.0
2541,46.47124769702243,17,8,0.0
2542,1.771583307672019,13,12,0.0
2543,13.440881420912053,14,11,0.0
2544,24.119705635950616,15,10,0.0
2545,24.598325629540515,15,10,0.0
2546,23.27882995754006,15,10,0.0
2547,23.82430090779044,15,10,0.0
2548,33.97470688256112,16,9,0.0
2549,35.204924531264616,16,9,0.0
2550,33.956267473599965,16,9,0.0
2551,33.867935080359366,16,9,0.0
2552,23.188558720470603,15,10,0.0
2553,-7.8538592013852755,12,13,0.0
2554,3.388271785032085,13,12,0.0
2555,2.346057980466161,13,12,0.0
2556,24.474457854090222,15,10,0.0
2557,45.51771048651894,17,8,0.0
2558,14.398594389334608,14,11,0.0
2559,44.86629393733505,17,8,0.0
2560,23.294458138236166,15,10,0.0
2561,33.48403981664331,16,9,0.0
2562,3.7027974954621694,13,12,0.0
2563,4.093192658660401,13,12,0.0
2564,34.695775952995916,16,9,0.0
2565,25.22814959138895,15,10,0.0
2566,33.37049874833521,16,9,0.0
2567,44.98129291055336,17,8,0.0
2568,24.641425624640213,15,10,0.0
2569,34.00746091888449,16,9,0.0
2570,14.183257054461338,14,11,0.0
2571,33.40718415358242,16,9,0.0
2572,34.15911827821154,16,9,0.0
2573,23.55283934757947,15,10,0.0
2574,32.74234410774657,16,9,0.0
2575,13.785300229212531,14,11,0.0
2576,23.523389915170377,15,10,0.0
2577,34.10066704364293,16,9,0.0
2578,33.4467354797725,16,9,0.0
2579,34.14252745009704,16,9,0.0
2580,22.92869471904492,15,10,0.0
2581,32.82098682665627,16,9,0.0
2582,14.152623098625899,14,11,0.0
2583,23.813974312120756,15,10,0.0
2584,35.06494432053604,16,9,0.0
2585,24.742719942239166,15,10,0.0
2586,35.00702832055124,16,9,0.0
2587,33.891802230231946,16,9,0.0
2588,34.63599282771791,16,9,0.0
2589,23.509719485758815,15,10,0.0
2590,13.791579470676817,14,11,0.0
2591,22.976392030281275,15,10,0.0
2592,24.857029597782272,15,10,0.0
2593,24.159204226975977,15,10,0.0
2594,24.4662983027454,15,10,0.0
2595,14.46119999782567,14,11,0.0
2596,24.130446459509223,15,10,0.0
2597,24.272449665821476,15,10,0.0
2598,23.602142868970443,15,10,0.0
2599,13.462181586660135,14,11,0.0
2600,23.494143082861658,15,10,0.0
2601,33.541773980036204,16,9,0.0
2602,24.541201184626892,15,10,0.0
2603,25.100336094941163,15,10,0.0
2604,23.557182847197833,15,10,0.0
2605,14.38619585236102,14,11,0.0
2606,15.060465023137539,14,11,0.0
2607,34.09435271150742,16,9,0.0
2608,13.789569015618515,14,11,0.0
2609,23.63058769612411,15,10,0.0
2610,33.85437075808802,16,9,0.0
2611,32.887945003363086,16,9,0.0
2612,3.7373120923558023,13,12,0.0
2613,22.882749221895992,15,10,0.0
2614,33.856247791412756,16,9,0.0
2615,25.4865307649089,15,10,0.0
2616,34.01760627903736,16,9,0.0
2617,24.27106205108765,15,10,0.0
2618,22.66751422119369,15,10,0.0
2619,21.98628313533673,15,10,0.0
2620,23.63986682883523,15,10,0.0
2621,23.78185044059099,15,10,0.0
2622,34.489279313497725,16,9,0.0
2623,33.31851167256275,16,9,0.0
2624,2.66258155062663,13,12,0.0
2625,23.9724490881524,15,10,0.0
2626,24.59436586260819,15,10,0.0
2627,14.502911955113824,14,11,0.0
2628,12.581022890870285,14,11,0.0
2629,3.8735342428207167,13,12,0.0
2630,24.52657543663002,15,10,0.0
2631,13.639386005628278,14,11,0.0
2632,24.327589489202527,15,10,0.0
2633,45.179009549667086,17,8,0.0
2634,34.896174977165046,16,9,0.0
2635,33.38284801975346,16,9,0.0
2636,23.114138618811143,15,10,0.0
2637,34.48627724776615,16,9,0.0
2638,24.23178938350225,15,10,0.0
2639,32.93227458551659,16,9,0.0
2640,23.683962065456107,15,10,0.0
2641,24.874635224102807,15,10,0.0
2642,43.53369069827995,17,8,0.0
2643,24.248555510357196,15,10,0.0
2644,44.00981982364255,17,8,0.0
2645,33.86938445090509,16,9,0.0
2646,12.84300009782375,14,11,0.0
2647,33.33921345617909,16,9,0.0
2648,13.958381502165553,14,11,0.0
2649,34.55443397762289,16,9,0.0
2650,34.48899974305423,16,9,0.0
2651,32.26753171714074,16,9,0.0
2652,13.538433209724714,14,11,0.0
2653,14.769110325802538,14,11,0.0
2654,34.51805054319675,16,9,0.0
2655,22.71403109746662,15,10,0.0
2656,33.14536002904561,16,9,0.0
2657,33.916133736097414,16,9,0.0
2658,34.55111943357617,16,9,0.0
2659,24.054244095335743,15,10,0.0
2660,24.194525317966026,15,10,0.0
2661,14.358352654069101,14,11,0.0
2662,44.04076531517882,17,8,0.0
2663,24.963804910074014,15,10,0.0
2664,12.821969482722285,14,11,0.0
2665,-6.71216576733685,12,13,0.0
2666,34.36984166260514,16,9,0.0
2667,23.837841830121228,15,10,0.0
2668,22.48423714378582,15,10,0.0
2669,33.5430591736462,16,9,0.0
2670,23.961670270439242,15,10,0.0
2671,34.2797884467988,16,9,0.0
2672,23.47363700809991,15,10,0.0
2673,34.48244274989731,16,9,0.0
2674,22.809612899219342,15,10,0.0
2675,33.89337740572489,16,9,0.0
2676,-6.403688867811066,12,13,0.0
2677,24.682728479559387,15,10,0.0
2678,32.56876631769733,16,9,0.0
2679,24.707471886776194,15,10,0.0
2680,33.54565481762133,16,9,0.0
2681,33.37038702979743,16,9,0.0
2682,34.23426198659015,16,9,0.0
2683,33.160741236290434,16,9,0.0
2684,23.767420662912354,15,10,0.0
2685,24.190613033902935,15,10,0.0
2686,24.154852166518182,15,10,0.0
2687,23.649929298278675,15,10,0.0
2688,44.350559852679346,17,8,0.0
2689,34.69940901938291,16,9,0.0
2690,23.81409685612006,15,10,0.0
2691,24.599264264452042,15,10,0.0
2692,33.37003919188702,16,9,0.0
2693,24.588233626051085,15,10,0.0
2694,33.845652809496976,16,9,0.0
2695,24.067126961510194,15,10,0.0
2696,32.653772650765205,16,9,0.0
2697,25.311716373844103,15,10,0.0
2698,24.338892280677378,15,10,0.0
2699,23.961141725134826,15,10,0.0
2700,24.098220160377405,15,10,0.0
2701,23.519186369337692,15,10,0.0
2702,12.73452916205861,14,11,0.0
2703,33.032440602220504,16,9,0.0
2704,23.327694628785427,15,10,0.0
2705,33.910350817475695,16,9,0.0
2706,33.87489621851577,16,9,0.0
2707,23.924862181295737,15,10,0.0
2708,34.29360584871665,16,9,0.0
2709,22.73790538738203,15,10,0.0
2710,24.17426573437464,15,10,0.0
2711,34.04284018421424,16,9,0.0
2712,23.656003117463047,15,10,0.0
2713,33.96063461978554,16,9,0.0
2714,13.942147584914279,14,11,0.0
2715,13.90782531493232,14,11,0.0
2716,32.66733668027288,16,9,0.0
2717,32.54857009369573,16,9,0.0
2718,33.12100078115685,16,9,0.0
2719,22.682876081448498,15,10,0.0
2720,13.331324047374421,14,11,0.0
2721,33.308271605832566,16,9,0.0
2722,34.0736320383055,16,9,0.0
2723,45.55469033528456,17,8,0.0
2724,24.744816914120946,15,10,0.0
2725,4.176787552984808,13,12,0.0
2726,33.74266472393378,16,9,0.0
2727,12.975226586108667,14,11,0.0
2728,32.721352168318184,16,9,0.0
2729,12.89356250297098,14,11,0.0
2730,13.491564212685972,14,11,0.0
2731,34.96545663180867,16,9,0.0
2732,25.106770784380917,15,10,0.0
2733,24.634606816356637,15,10,0.0
2734,33.55066372230254,16,9,0.0
2735,-6.564628314440817,12,13,0.0
2736,13.800281064773914,14,11,0.0
2737,23.984339688070037,15,10,0.0
2738,24.231568355200977,15,10,0.0
2739,34.92628128448058,16,9,0.0
2740,24.988563273372343,15,10,0.0
2741,33.17253171498336,16,9,0.0
2742,34.55465762916989,16,9,0.0
2743,32.00349605752466,16,9,0.0
2744,22.483929932460406,15,10,0.0
2745,23.22722522866097,15,10,0.0
2746,33.73109557074312,16,9,0.0
2747,34.61936137782403,16,9,0.0
2748,23.192087765330353,15,10,0.0
2749,33.530041920276425,16,9,0.0
2750,22.530718174930605,15,10,0.0
2751,23.33284370085178,15,10,0.0
2752,14.420699717175694,14,11,0.0
2753,23.36527818115744,15,10,0.0
2754,3.348181982256971,13,12,0.0
2755,33.89098016256374,16,9,0.0
2756,34.29074363388222,16,9,0.0
2757,24.45552937381397,15,10,0.0
2758,24.045786609620635,15,10,0.0
2759,23.87699437016383,15,10,0.0
2760,23.64905460047204,15,10,0.0
2761,23.650291814538363,15,10,0.0
2762,35.022438549860894,16,9,0.0
2763,13.717466567313256,14,11,0.0
2764,22.994447643207806,15,10,0.0
2765,23.250856561464236,15,10,0.0
2766,33.49115029486042,16,9,0.0
2767,33.892362442332214,16,9,0.0
2768,24.9842838604807,15,10,0.0
2769,43.96306380024311,17,8,0.0
2770,33.83569043019239,16,9,0.0
2771,32.889084407050134,16,9,0.0
2772,2.9177187572637333,13,12,0.0
2773,32.186887423453875,16,9,0.0
2774,22.77370755699064,15,10,0.0
2775,32.1191893918353,16,9,0.0
2776,23.932333916678427,15,10,0.0
2777,34.50584886502656,16,9,0.0
2778,23.98618438138771,15,10,0.0
2779,13.649976057770914,14,11,0.0
2780,34.43073995770976,16,9,0.0
2781,33.79065083417504,16,9,0.0
2782,34.97722777029114,16,9,0.0
2783,32.97765029180423,16,9,0.0
2784,23.44174474067851,15,10,0.0
2785,25.224022887475027,15,10,0.0
2786,34.06175064135244,16,9,0.0
2787,12.275317785473284,14,11,0.0
2788,14.172940579112032,14,11,0.0
2789,24.036670516953794,15,10,0.0
2790,3.0503293273484227,13,12,0.0
2791,34.11446048366053,16,9,0.0
2792,14.713941205534017,14,11,0.0
2793,23.265900479882536,15,10,0.0
2794,34.1510422376489,16,9,0.0
2795,13.005064455055916,14,11,0.0
2796,34.087828471687004,16,9,0.0
2797,33.57356325775696,16,9,0.0
2798,33.52479277338272,16,9,0.0
2799,32.97306734635274,16,9,0.0
2800,33.47580534558726,16,9,0.0
2801,33.776636362550065,16,9,0.0
2802,12.346727904794976,14,11,0.0
2803,-7.1179726502253935,12,13,0.0
2804,23.667048201666123,15,10,0.0
2805,33.47099568821749,16,9,0.0
2806,23.76558683926249,15,10,0.0
2807,22.800289697029886,15,10,0.0
2808,24.203582224101364,15,10,0.0
2809,23.806660172261818,15,10,0.0
2810,24.356902064501913,15,10,0.0
2811,24.275436849235998,15,10,0.0
2812,33.115871454531806,16,9,0.0
2813,33.54448205642318,16,9,0.0
2814,3.9207956609065944,13,12,0.0
2815,23.9919163376861,15,10,0.0
2816,24.569246335452007,15,10,0.0
2817,14.919635638517036,14,11,0.0
2818,13.510902569620521,14,11,0.0
2819,34.09096867986814,16,9,0.0
2820,33.56494021450286,16,9,0.0
2821,33.630290982252305,16,9,0.0
2822,13.732770504534418,14,11,0.0
2823,23.982444696210194,15,10,0.0
2824,35.434517354448516,16,9,0.0
2825,34.547344126855506,16,9,0.0
2826,34.297912388168086,16,9,0.0
2827,24.602899835429742,15,10,0.0
2828,43.658803507801416,17,8,0.0
2829,3.1855677022317828,13,12,0.0
2830,23.435247055241135,15,10,0.0
2831,35.0797417668427,16,9,0.0
2832,24.321641026970134,15,10,0.0
2833,34.84769860551448,16,9,0.0
2834,23.79315453323724,15,10,0.0
2835,14.792514116437056,14,11,0.0
2836,24.59288889803277,15,10,0.0
2837,34.70430914135912,16,9,0.0
2838,24.075166610704027,15,10,0.0
2839,13.561875534733792,14,11,0.0
2840,13.226484895580777,14,11,0.0
2841,33.72013122449681,16,9,0.0
2842,43.78486646831906,17,8,0.0
2843,24.623001298808834,15,10,0.0
2844,33.70827474453957,16,9,0.0
2845,33.51897330774786,16,9,0.0
2846,24.55762574958655,15,10,0.0
2847,24.387249805413365,15,10,0.0
2848,35.404445008242746,16,9,0.0
2849,14.39734505910794,14,11,0.0
2850,23.480369011496062,15,10,0.0
2851,23.48905931763792,15,10,0.0
2852,13.357096950838198,14,11,0.0
2853,33.822760188937025,16,9,0.0
2854,34.04487737011203,16,9,0.0
2855,34.070917252044154,16,9,0.0
2856,34.534159784229004,16,9,0.0
2857,13.777339192892228,14,11,0.0
2858,24.453449311427736,15,10,0.0
2859,33.98256697148294,16,9,0.0
2860,33.32602039390617,16,9,0.0
2861,44.35194453612108,17,8,0.0
2862,-3.2860418557267206,12,13,0.0
2863,13.72729903409543,14,11,0.0
2864,23.88133122414137,15,10,0.0
2865,13.42690374353883,14,11,0.0
2866,23.38549721221694,15,10,0.0
2867,32.425053347743706,16,9,0.0
2868,13.697809039624946,14,11,0.0
2869,34.729568240757466,16,9,0.0
2870,34.858448943149114,16,9,0.0
2871,34.83043285555866,16,9,0.0
2872,33.599480725248924,16,9,0.0
2873,34.275906512747255,16,9,0.0
2874,12.682527144521707,14,11,0.0
2875,32.538801567947104,16,9,0.0
2876,23.995167613659422,15,10,0.0
2877,23.053403342779834,15,10,0.0
2878,22.717316771346365,15,10,0.0
2879,33.179849384168584,16,9,0.0
2880,1.8874318653333217,13,12,0.0
2881,44.8994322420409,17,8,0.0
2882,3.776246093021939,13,12,0.0
2883,34.084102146539244,16,9,0.0
2884,13.324616071715898,14,11,0.0
2885,23.99593906257407,15,10,0.0
2886,13.300516524513311,14,11,0.0
2887,34.97397556837428,16,9,0.0
2888,23.572297644252743,15,10,0.0
2889,34.06357856327192,16,9,0.0
2890,34.6979023862707,16,9,0.0
2891,44.093607083107834,17,8,0.0
2892,24.17591166164299,15,10,0.0
2893,23.904267615600816,15,10,0.0
2894,33.46491616947512,16,9,0.0
2895,13.275001610694304,14,11,0.0
2896,4.091893996703043,13,12,0.0
2897,35.346840364661404,16,9,0.0
2898,33.49083365817865,16,9,0.0
2899,24.528452880557943,15,10,0.0
2900,24.13569607057555,15,10,0.0
2901,-6.448177694996298,12,13,0.0
2902,3.547732219943157,13,12,0.0
2903,34.29972291278867,16,9,0.0
2904,24.71042700535438,15,10,0.0
2905,22.893354570674187,15,10,0.0
2906,34.061579694569126,16,9,0.0
2907,23.846640290468997,15,10,0.0
2908,33.80510395857426,16,9,0.0
2909,43.80093222172713,17,8,0.0
2910,13.651978201646465,14,11,0.0
2911,33.73895625107876,16,9,0.0
2912,33.26371423432908,16,9,0.0
2913,12.326057076871926,14,11,0.0
2914,33.88973767525116,16,9,0.0
2915,13.206503992208072,14,11,0.0
2916,13.438563556011868,14,11,0.0
2917,23.812945131811208,15,10,0.0
2918,23.194545631816023,15,10,0.0
2919,33.52044449750638,16,9,0.0
2920,23.305685318602144,15,10,0.0
2921,33.875360713276244,16,9,0.0
2922,3.275432037867044,13,12,0.0
2923,34.94944798055968,16,9,0.0
2924,34.62199889667416,16,9,0.0
2925,32.82596445351867,16,9,0.0
2926,33.6724201126252,16,9,0.0
2927,23.297097557301765,15,10,0.0
2928,33.72536501407976,16,9,0.0
2929,22.758636116832886,15,10,0.0
2930,23.00874101224595,15,10,0.0
2931,4.153126713586139,13,12,0.0
2932,20.75591637429145,15,10,0.0
2933,34.722998374299415,16,9,0.0
2934,33.76501096114192,16,9,0.0
2935,32.35695386780563,16,9,0.0
2936,34.5283769320009,16,9,0.0
2937,34.35501740544284,16,9,0.0
2938,23.279294216815966,15,10,0.0
2939,24.869722609634447,15,10,0.0
2940,2.4163766273081384,13,12,0.0
2941,33.15469844067096,16,9,0.0
2942,14.89946407846038,14,11,0.0
2943,43.53450213060242,17,8,0.0
2944,34.37478175722828,16,9,0.0
2945,3.032303847863262,13,12,0.0
2946,13.892941059578236,14,11,0.0
2947,22.90269403428223,15,10,0.0
2948,12.029746062625822,14,11,0.0
2949,33.17140721639462,16,9,0.0
2950,24.200890360178143,15,10,0.0
2951,2.5391520828647796,13,12,0.0
2952,34.525262097911565,16,9,0.0
2953,13.71043878346164,14,11,0.0
2954,44.002439397218104,17,8,0.0
2955,12.766860070966299,14,11,0.0
2956,34.3145470768135,16,9,0.0
2957,22.690937702459724,15,10,0.0
2958,2.730646490350268,13,12,0.0
2959,34.666976726442726,16,9,0.0
2960,-7.2470001165882945,12,13,0.0
2961,34.172643908471905,16,9,0.0
2962,33.864061053089316,16,9,0.0
2963,33.761097501874644,16,9,0.0
2964,34.0702913035687,16,9,0.0
2965,34.032176785917684,16,9,0.0
2966,23.243897125990955,15,10,0.0
2967,24.877079647447335,15,10,0.0
2968,3.308519166662639,13,12,0.0
2969,22.817469797248066,15,10,0.0
2970,33.90356853850831,16,9,0.0
2971,34.10941701932121,16,9,0.0
2972,22.8000684432373,15,10,0.0
2973,33.98257269920577,16,9,0.0
2974,22.827647868474084,15,10,0.0
2975,24.9163081128033,15,10,0.0
2976,45.318633926696734,17,8,0.0
2977,44.53446402568968,17,8,0.0
2978,34.82963204401118,16,9,0.0
2979,42.8600665575484,17,8,0.0
2980,24.495191277393754,15,10,0.0
2981,32.396823482872314,16,9,0.0
2982,22.71663177715954,15,10,0.0
2983,13.69281288286716,14,11,0.0
2984,34.07671330979757,16,9,0.0
2985,33.213897000107174,16,9,0.0
2986,23.356086742772597,15,10,0.0
2987,35.028330959279586,16,9,0.0
2988,33.999050777160015,16,9,0.0
2989,33.231476093257676,16,9,0.0
2990,22.82976246856942,15,10,0.0
2991,24.254482781806182,15,10,0.0
2992,24.558946187950546,15,10,0.0
2993,34.67898747878464,16,9,0.0
2994,13.627432478499262,14,11,0.0
2995,24.56571919654971,15,10,0.0
2996,15.014380484634465,14,11,0.0
2997,13.131152560787786,14,11,0.0
2998,32.856228172014895,16,9,0.0
2999,14.295157565269069,14,11,0.0
3000,43.58754280688204,17,8,0.0
3001,33.139803294510585,16,9,0.0
3002,34.40858705183309,16,9,0.0
3003,43.99935222888159,17,8,0.0
3004,22.742466399969125,15,10,0.0
3005,35.16254529602847,16,9,0.0
3006,32.73086294855851,16,9,0.0
3007,33.4118115694343,16,9,0.0
3008,22.67098189466284,15,10,0.0
3009,24.594226487409376,15,10,0.0
3010,13.836558618550054,14,11,0.0
3011,22.98916340622509,15,10,0.0
3012,24.437290728661353,15,10,0.0
3013,11.872984423574927,14,11,0.0
3014,25.166733607027155,15,10,0.0
3015,22.8474085128687,15,10,0.0
3016,21.861088844296283,15,10,0.0
3017,23.523356858394635,15,10,0.0
3018,33.8717255996414,16,9,0.0
3019,32.748476999183055,16,9,0.0
3020,32.0450005098689,16,9,0.0
3021,23.970707179202165,15,10,0.0
3022,33.13476698748757,16,9,0.0
3023,33.18440519203013,16,9,0.0
3024,23.116669543134968,15,10,0.0
3025,33.25884258670352,16,9,0.0
3026,35.10359089560386,16,9,0.0
3027,12.304785778758152,14,11,0.0
3028,33.15068163298112,16,9,0.0
3029,34.16112941846406,16,9,0.0
3030,24.415886565413718,15,10,0.0
3031,23.004284027873265,15,10,0.0
3032,24.339542338103186,15,10,0.0
3033,33.74127550356261,16,9,0.0
3034,34.113198179949954,16,9,0.0
3035,33.871888315673566,16,9,0.0
3036,23.73870916848285,15,10,0.0
3037,24.397248769408936,15,10,0.0
3038,33.25248513035483,16,9,0.0
3039,22.476696991557326,15,10,0.0
3040,23.995091600973986,15,10,0.0
3041,43.66080765413921,17,8,0.0
3042,34.80427051611379,16,9,0.0
3043,34.033211678920985,16,9,0.0
3044,34.946539810566904,16,9,0.0
3045,34.42852284517075,16,9,0.0
3046,44.26002204493882,17,8,0.0
3047,21.798713372809694,15,10,0.0
3048,43.854057943152284,17,8,0.0
3049,3.2244154567368106,13,12,0.0
3050,22.626015461509365,15,10,0.0
3051,34.64145619886602,16,9,0.0
3052,34.59703319192764,16,9,0.0
3053,33.831837506401094,16,9,0.0
3054,13.647994632753552,14,11,0.0
3055,43.96300331359137,17,8,0.0
3056,23.643223741729322,15,10,0.0
3057,12.704846263063528,14,11,0.0
3058,15.04803283338197,14,11,0.0
3059,22.842134177164148,15,10,0.0
3060,33.04487605365755,16,9,0.0
3061,33.25844497389356,16,9,0.0
3062,33.58445093072984,16,9,0.0
3063,24.42737993966865,15,10,0.0
3064,23.9298050627523,15,10,0.0
3065,33.06156340464706,16,9,0.0
3066,23.40416432329478,15,10,0.0
3067,23.302280875626465,15,10,0.0
3068,34.07781423255607,16,9,0.0
3069,35.36611812806385,16,9,0.0
3070,35.68189800002584,16,9,0.0
3071,23.428395707555367,15,10,0.0
3072,34.45687752303144,16,9,0.0
3073,33.24145241901203,16,9,0.0
3074,23.547562034735243,15,10,0.0
3075,23.55452915958655,15,10,0.0
3076,22.592144403922262,15,10,0.0
3077,32.91034941385271,16,9,0.0
3078,24.148258019508773,15,10,0.0
3079,24.430202843856392,15,10,0.0
3080,23.735008159265277,15,10,0.0
3081,44.56114222662164,17,8,0.0
3082,34.259229917709085,16,9,0.0
3083,43.62875012536303,17,8,0.0
3084,32.716853361088106,16,9,0.0
3085,33.1175900468481,16,9,0.0
3086,32.70272373807133,16,9,0.0
3087,23.088586379001534,15,10,0.0
3088,34.19071215654473,16,9,0.0
3089,23.305791773197544,15,10,0.0
3090,14.251956474130335,14,11,0.0
3091,32.761178396956,16,9,0.0
3092,35.20790283079943,16,9,0.0
3093,34.3627447058156,16,9,0.0
3094,34.43653117998044,16,9,0.0
3095,34.25890723106231,16,9,0.0
3096,34.84376433268098,16,9,0.0
3097,22.898935422429552,15,10,0.0
3098,13.503894255644127,14,11,0.0
3099,35.073341776232525,16,9,0.0
3100,32.75684598226901,16,9,0.0
3101,34.78881818532718,16,9,0.0
3102,13.59491577529406,14,11,0.0
3103,13.837279130963783,14,11,0.0
3104,33.82812710200469,16,9,0.0
3105,44.2043048114876,17,8,0.0
3106,24.721777308644405,15,10,0.0
3107,22.850527524454122,15,10,0.0
3108,13.672662473962063,14,11,0.0
3109,34.856688431399256,16,9,0.0
3110,35.11333555432276,16,9,0.0
3111,45.2941013832615,17,8,0.0
3112,34.80600191677699,16,9,0.0
3113,33.658024969130864,16,9,0.0
3114,25.17240554344216,15,10,0.0
3115,13.653693380835794,14,11,0.0
3116,34.96509992184444,16,9,0.0
3117,22.98181703336584,15,10,0.0
3118,33.92472357387171,16,9,0.0
3119,35.63987640366823,16,9,0.0
3120,24.708988031360004,15,10,0.0
3121,13.149540865786854,14,11,0.0
3122,13.884692853656317,14,11,0.0
3123,33.897637976112904,16,9,0.0
3124,44.65608198337156,17,8,0.0
3125,23.86099552954323,15,10,0.0
3126,23.89329710958338,15,10,0.0
3127,33.611451661780656,16,9,0.0
3128,34.32843262420707,16,9,0.0
3129,33.391754537972105,16,9,0.0
3130,33.745096113104836,16,9,0.0
3131,34.73957127545792,16,9,0.0
3132,23.519101782987796,15,10,0.0
3133,33.217483350285164,16,9,0.0
3134,3.500311356385442,13,12,0.0
3135,24.115900846561168,15,10,0.0
3136,33.8361941678182,16,9,0.0
3137,23.35089889743111,15,10,0.0
3138,24.97277964721153,15,10,0.0
3139,33.99964734428849,16,9,0.0
3140,34.00706031335418,16,9,0.0
3141,45.38003240612652,17,8,0.0
3142,24.489176952312675,15,10,0.0
3143,13.45296940895402,14,11,0.0
3144,34.52635865586331,16,9,0.0
3145,33.632731737809884,16,9,0.0
3146,23.2067557743527,15,10,0.0
3147,21.993467283676903,15,10,0.0
3148,33.773651050534845,16,9,0.0
3149,1.9082298369056652,13,12,0.0
3150,33.79684710472137,16,9,0.0
3151,33.566267417527385,16,9,0.0
3152,24.027075618166794,15,10,0.0
3153,33.27260281043962,16,9,0.0
3154,22.488420445990506,15,10,0.0
3155,34.94270081503511,16,9,0.0
3156,32.90945190045355,16,9,0.0
3157,3.6739907672775303,13,12,0.0
3158,33.42567731048397,16,9,0.0
3159,24.725337063674225,15,10,0.0
3160,33.427621092788996,16,9,0.0
3161,34.34667984441782,16,9,0.0
3162,23.66493457401977,15,10,0.0
3163,32.78900702191066,16,9,0.0
3164,33.951223925837,16,9,0.0
3165,35.09547719413764,16,9,0.0
3166,23.272982104065385,15,10,0.0
3167,33.50668451807676,16,9,0.0
3168,34.90902750206738,16,9,0.0
3169,33.60563474730034,16,9,0.0
3170,23.86649411756106,15,10,0.0
3171,33.90615981955906,16,9,0.0
3172,23.477429765151648,15,10,0.0
3173,33.809523041261265,16,9,0.0
3174,23.892220411313126,15,10,0.0
3175,35.109466963350506,16,9,0.0
3176,34.167671743706535,16,9,0.0
3177,24.413711686738047,15,10,0.0
3178,34.54346774941779,16,9,0.0
3179,32.5698514193098,16,9,0.0
3180,43.75355725901697,17,8,0.0
3181,34.31681163134903,16,9,0.0
3182,32.93265560557431,16,9,0.0
3183,23.945284064914155,15,10,0.0
3184,43.434324644081194,17,8,0.0
3185,33.04612548198632,16,9,0.0
3186,12.133363796981907,14,11,0.0
3187,34.39045083870614,16,9,0.0
3188,23.517434436113263,15,10,0.0
3189,34.294972135213044,16,9,0.0
3190,33.22614561431051,16,9,0.0
3191,23.299971206760027,15,10,0.0
3192,34.24187128892395,16,9,0.0
3193,12.253435727200586,14,11,0.0
3194,33.54458301481249,16,9,0.0
3195,25.338016687134534,15,10,0.0
3196,34.72996630735359,16,9,0.0
3197,33.5578551875359,16,9,0.0
3198,25.320473941335774,15,10,0.0
3199,33.036403695615185,16,9,0.0
3200,33.854762299553386,16,9,0.0
3201,2.948963317008605,13,12,0.0
3202,33.39694727187021,16,9,0.0
3203,24.528096259520144,15,10,0.0
3204,23.21219069481183,15,10,0.0
3205,24.14665901323513,15,10,0.0
3206,13.609493638628793,14,11,0.0
3207,34.591828433781075,16,9,0.0
3208,23.8338956009978,15,10,0.0
3209,24.37262385774531,15,10,0.0
3210,23.871774596512143,15,10,0.0
3211,34.06409090455675,16,9,0.0
3212,4.707825300890004,13,12,0.0
3213,22.83784000431104,15,10,0.0
3214,13.505095200416818,14,11,0.0
3215,32.83462259311266,16,9,0.0
3216,22.150209579455783,15,10,0.0
3217,12.929127388452896,14,11,0.0
3218,12.11056669484063,14,11,0.0
3219,24.081605098779725,15,10,0.0
3220,33.09938804240217,16,9,0.0
3221,32.79516776354743,16,9,0.0
3222,34.88443894648239,16,9,0.0
3223,22.434616777899194,15,10,0.0
3224,12.887295057260804,14,11,0.0
3225,34.54444898738371,16,9,0.0
3226,32.558510804132666,16,9,0.0
3227,33.38558710347129,16,9,0.0
3228,34.092912437367296,16,9,0.0
3229,22.772743034057545,15,10,0.0
3230,14.311322509923684,14,11,0.0
3231,13.19384497771743,14,11,0.0
3232,24.67057106037791,15,10,0.0
3233,34.21540969281278,16,9,0.0
3234,34.379052078768545,16,9,0.0
3235,23.220631754664243,15,10,0.0
3236,33.152213787904564,16,9,0.0
3237,23.078865895722018,15,10,0.0
3238,34.293520361281814,16,9,0.0
3239,33.19515538775005,16,9,0.0
3240,23.61222470264931,15,10,0.0
3241,33.65419067006075,16,9,0.0
3242,33.36357258778843,16,9,0.0
3243,12.465579686226944,14,11,0.0
3244,32.804635839630876,16,9,0.0
3245,35.266013779761685,16,9,0.0
3246,44.02626234707558,17,8,0.0
3247,35.19295594129516,16,9,0.0
3248,22.994259414446073,15,10,0.0
3249,33.23380319857529,16,9,0.0
3250,22.782635771313053,15,10,0.0
3251,33.78561460002115,16,9,0.0
3252,-7.5364004793765105,12,13,0.0
3253,24.234705250295928,15,10,0.0
3254,15.14380203294823,14,11,0.0
3255,22.53096705750099,15,10,0.0
3256,34.409586600418805,16,9,0.0
3257,43.45326123393026,17,8,0.0
3258,44.25703151444744,17,8,0.0
3259,22.64557706596636,15,10,0.0
3260,13.720946037909442,14,11,0.0
3261,14.470614310639826,14,11,0.0
3262,43.59659132218601,17,8,0.0
3263,23.853659263290687,15,10,0.0
3264,12.89114520995862,14,11,0.0
3265,35.21981201328278,16,9,0.0
3266,33.730767755296796,16,9,0.0
3267,3.293067945496959,13,12,0.0
3268,23.41199881160646,15,10,0.0
3269,33.46553972825056,16,9,0.0
3270,34.568499807348715,16,9,0.0
3271,33.32491129098164,16,9,0.0
3272,33.40651461736368,16,9,0.0
3273,13.479747229132673,14,11,0.0
3274,23.305933731678138,15,10,0.0
3275,33.54552506708846,16,9,0.0
3276,23.492240657499313,15,10,0.0
3277,12.371920562412152,14,11,0.0
3278,23.441207382047832,15,10,0.0
3279,33.74074397783802,16,9,0.0
3280,12.808328536652594,14,11,0.0
3281,12.097446891454457,14,11,0.0
3282,32.43083585198506,16,9,0.0
3283,12.369086663185119,14,11,0.0
3284,34.702297888897036,16,9,0.0
3285,34.23192171372635,16,9,0.0
3286,35.115456608033085,16,9,0.0
3287,23.84743944043467,15,10,0.0
3288,12.43261916471353,14,11,0.0
3289,33.830411335274114,16,9,0.0
3290,34.58932919092442,16,9,0.0
3291,24.94360736608327,15,10,0.0
3292,32.755537710543344,16,9,0.0
3293,33.07412543962256,16,9,0.0
3294,24.063377441293753,15,10,0.0
3295,44.711332550502746,17,8,0.0
3296,33.180535603885424,16,9,0.0
3297,32.91859720078739,16,9,0.0
3298,33.215623529568504,16,9,0.0
3299,33.828390935436666,16,9,0.0
3300,22.353803023831833,15,10,0.0
3301,44.93203177826463,17,8,0.0
3302,33.63867834779459,16,9,0.0
3303,34.665081255392785,16,9,0.0
3304,34.564871027420246,16,9,0.0
3305,14.236804584164638,14,11,0.0
3306,22.661139791327322,15,10,0.0
3307,11.925633673499247,14,11,0.0
3308,34.14643560205071,16,9,0.0
3309,23.05321602883297,15,10,0.0
3310,33.77804656722826,16,9,0.0
3311,43.162783812151815,17,8,0.0
3312,34.072604162761,16,9,0.0
3313,23.8268366461306,15,10,0.0
3314,12.954675803846268,14,11,0.0
3315,34.70278523311205,16,9,0.0
3316,43.960874183166375,17,8,0.0
3317,13.41469477033188,14,11,0.0
3318,45.40268938084085,17,8,0.0
3319,35.43674793169877,16,9,0.0
3320,-6.815432662969983,12,13,0.0
3321,33.32941317854453,16,9,0.0
3322,32.57902360953886,16,9,0.0
3323,33.853022133695916,16,9,0.0
3324,33.29884958781794,16,9,0.0
3325,32.32574424592789,16,9,0.0
3326,33.723003745733905,16,9,0.0
3327,22.203729796045103,15,10,0.0
3328,34.075233776538454,16,9,0.0
3329,34.39364023473237,16,9,0.0
3330,33.850977136576276,16,9,0.0
3331,34.78294587045696,16,9,0.0
3332,24.02908834526633,15,10,0.0
3333,23.078533252194163,15,10,0.0
3334,34.29828479699595,16,9,0.0
3335,35.5021176908468,16,9,0.0
3336,13.444459033151453,14,11,0.0
3337,44.82897306122659,17,8,0.0
3338,23.538502876366017,15,10,0.0
3339,23.081582180441316,15,10,0.0
3340,35.269996200093765,16,9,0.0
3341,23.316704574471203,15,10,0.0
3342,3.740844047971036,13,12,0.0
3343,23.791995129202945,15,10,0.0
3344,22.643859442671598,15,10,0.0
3345,33.46220570515838,16,9,0.0
3346,33.23224885021757,16,9,0.0
3347,33.101642715418194,16,9,0.0
3348,13.262650426614401,14,11,0.0
3349,33.39490217302679,16,9,0.0
3350,24.42834369698195,15,10,0.0
3351,23.723215200848845,15,10,0.0
3352,12.89754683278386,14,11,0.0
3353,24.069430361422928,15,10,0.0
3354,24.05064071562509,15,10,0.0
3355,42.69131741577144,17,8,0.0
3356,23.277626938353034,15,10,0.0
3357,22.89094069554054,15,10,0.0
3358,34.119410299959284,16,9,0.0
3359,2.906600128047304,13,12,0.0
3360,24.566415853783425,15,10,0.0
3361,22.532731217488216,15,10,0.0
3362,34.384652764651,16,9,0.0
3363,12.913022873078551,14,11,0.0
3364,34.648231560735766,16,9,0.0
3365,33.17819285644408,16,9,0.0
3366,24.793180168476525,15,10,0.0
3367,34.005892519967425,16,9,0.0
3368,45.69355553948613,17,8,0.0
3369,23.554263625538425,15,10,0.0
3370,22.745268739059572,15,10,0.0
3371,35.068583718139166,16,9,0.0
3372,33.91959422931633,16,9,0.0
3373,32.98030298955759,16,9,0.0
3374,33.87715295423234,16,9,0.0
3375,11.830118077028631,14,11,0.0
3376,23.90503030595078,15,10,0.0
3377,34.009129209692546,16,9,0.0
3378,44.80570552359277,17,8,0.0
3379,43.85102246320274,17,8,0.0
3380,34.20143852874285,16,9,0.0
3381,33.2037809869063,16,9,0.0
3382,33.62624384839366,16,9,0.0
3383,44.430941553787164,17,8,0.0
3384,33.98069140986137,16,9,0.0
3385,33.68140694646178,16,9,0.0
3386,23.58898274814129,15,10,0.0
3387,34.63775161042935,16,9,0.0
3388,24.139785201610152,15,10,0.0
3389,33.38247851802525,16,9,0.0
3390,23.555369231133724,15,10,0.0
3391,34.26349909617957,16,9,0.0
3392,33.62851529507416,16,9,0.0
3393,34.31172668890946,16,9,0.0
3394,33.20284513722724,16,9,0.0
3395,25.67639696038132,15,10,0.0
3396,3.7028263436689155,13,12,0.0
3397,24.862613486131274,15,10,0.0
3398,24.27423099181175,15,10,0.0
3399,1.6002557822502355,13,12,0.0
3400,13.81564658671353,14,11,0.0
3401,34.078236439663705,16,9,0.0
3402,24.411704617710463,15,10,0.0
3403,33.12201986304455,16,9,0.0
3404,34.457031792176785,16,9,0.0
3405,33.431387211921425,16,9,0.0
3406,24.918348127548153,15,10,0.0
3407,14.696609199225751,14,11,0.0
3408,25.435502119333385,15,10,0.0
3409,34.25031910336146,16,9,0.0
3410,24.4548838794496,15,10,0.0
3411,35.78314735587469,16,9,0.0
3412,34.047640623916195,16,9,0.0
3413,13.975819495837811,14,11,0.0
3414,3.8757457561834157,13,12,0.0
3415,24.688741851652825,15,10,0.0
3416,3.2164065176197685,13,12,0.0
3417,33.51033963572682,16,9,0.0
3418,22.93917299803763,15,10,0.0
3419,24.90150534450622,15,10,0.0
3420,24.565462404086407,15,10,0.0
3421,23.511180182024177,15,10,0.0
3422,23.504858330658024,15,10,0.0
3423,24.1375617663926,15,10,0.0
3424,15.087222504630422,14,11,0.0
3425,33.69425361902816,16,9,0.0
3426,34.40684512862934,16,9,0.0
3427,13.941501896205141,14,11,0.0
3428,32.433713671189786,16,9,0.0
3429,4.290878231684976,13,12,0.0
3430,33.423441329191434,16,9,0.0
3431,34.30825989960271,16,9,0.0
3432,14.41505285445727,14,11,0.0
3433,12.945031967636181,14,11,0.0
3434,23.628682675463992,15,10,0.0
3435,33.9395349314101,16,9,0.0
3436,-6.8706902543122865,12,13,0.0
3437,23.405887205556944,15,10,0.0
3438,34.05602620756503,16,9,0.0
3439,13.817331346096232,14,11,0.0
3440,23.485030547628185,15,10,0.0
3441,13.02344343277121,14,11,0.0
3442,23.42462732790394,15,10,0.0
3443,44.31764998776323,17,8,0.0
3444,14.45076206815198,14,11,0.0
3445,23.500599605870395,15,10,0.0
3446,35.435476116487635,16,9,0.0
3447,33.11243617638663,16,9,0.0
3448,44.9501119393514,17,8,0.0
3449,2.1908810816103284,13,12,0.0
3450,44.256378011380875,17,8,0.0
3451,23.475344031694235,15,10,0.0
3452,23.293458134960257,15,10,0.0
3453,33.50397075204795,16,9,0.0
3454,33.10850018313034,16,9,0.0
3455,34.18621406639946,16,9,0.0
3456,23.82401836596995,15,10,0.0
3457,34.71254759427392,16,9,0.0
3458,23.166729574628683,15,10,0.0
3459,32.751008400017206,16,9,0.0
3460,34.65987201165566,16,9,0.0
3461,33.72641341457174,16,9,0.0
3462,22.911488369748003,15,10,0.0
3463,35.00487604709541,16,9,0.0
3464,12.209698226758189,14,11,0.0
3465,24.319038955022656,15,10,0.0
3466,33.47821667779031,16,9,0.0
3467,3.434412061070648,13,12,0.0
3468,33.429399494824686,16,9,0.0
3469,33.45255916418902,16,9,0.0
3470,33.285771145800894,16,9,0.0
3471,33.523273894405435,16,9,0.0
3472,45.82858539605235,17,8,0.0
3473,35.05039729757222,16,9,0.0
3474,23.857834370729,15,10,0.0
3475,22.30550234388148,15,10,0.0
3476,2.6366201490679555,13,12,0.0
3477,22.802718584529885,15,10,0.0
3478,25.66988478633471,15,10,0.0
3479,34.10713796077596,16,9,0.0
3480,44.07988643825527,17,8,0.0
3481,23.924540641793723,15,10,0.0
3482,24.89209572357765,15,10,0.0
3483,33.41184340150096,16,9,0.0
3484,33.482001571376294,16,9,0.0
3485,25.018954955618014,15,10,0.0
3486,34.3998731190633,16,9,0.0
3487,13.523827072059332,14,11,0.0
3488,24.87010608768108,15,10,0.0
3489,34.94947235545873,16,9,0.0
3490,24.595937282704696,15,10,0.0
3491,45.183946673191706,17,8,0.0
3492,23.95507384989392,15,10,0.0
3493,23.846997676317308,15,10,0.0
3494,15.109154272400446,14,11,0.0
3495,34.24003449817515,16,9,0.0
3496,33.708346900052746,16,9,0.0
3497,32.6710940823798,16,9,0.0
3498,24.783929170900826,15,10,0.0
3499,12.659435045240178,14,11,0.0
3500,3.0081705716204707,13,12,0.0
3501,23.1262686660111,15,10,0.0
3502,23.77947295305175,15,10,0.0
3503,14.47479941863438,14,11,0.0
3504,23.48172789611629,15,10,0.0
3505,35.03171866818401,16,9,0.0
3506,23.39259988212828,15,10,0.0
3507,14.695087046036987,14,11,0.0
3508,34.20780996661825,16,9,0.0
3509,34.10874852186231,16,9,0.0
3510,43.402349320559175,17,8,0.0
3511,23.754326880101505,15,10,0.0
3512,33.02771273285138,16,9,0.0
3513,23.6700219648292,15,10,0.0
3514,25.75734037252536,15,10,0.0
3515,14.883737669562777,14,11,0.0
3516,34.27551685528514,16,9,0.0
3517,34.415686255304465,16,9,0.0
3518,45.18370484260733,17,8,0.0
3519,24.22006057394257,15,10,0.0
3520,22.7987206619463,15,10,0.0
3521,13.904023525361676,14,11,0.0
3522,34.950889257724725,16,9,0.0
3523,34.04665271537594,16,9,0.0
3524,34.21590298066328,16,9,0.0
3525,14.038964577952532,14,11,0.0
3526,44.82564208065083,17,8,0.0
3527,44.49547167415437,17,8,0.0
3528,35.14626974062616,16,9,0.0
3529,13.615787220597637,14,11,0.0
3530,23.326603655462883,15,10,0.0
3531,24.878654992174475,15,10,0.0
3532,34.14564219005091,16,9,0.0
3533,23.62824205846974,15,10,0.0
3534,35.31631690103989,16,9,0.0
3535,24.08726906556057,15,10,0.0
3536,34.768105701549985,16,9,0.0
3537,34.247758338173625,16,9,0.0
3538,34.449874957165974,16,9,0.0
3539,23.670772278585584,15,10,0.0
3540,23.762351962600594,15,10,0.0
3541,33.500111652424074,16,9,0.0
3542,24.080378101601404,15,10,0.0
3543,33.24879731515098,16,9,0.0
3544,34.93277585851896,16,9,0.0
3545,23.90288690372428,15,10,0.0
3546,44.62484462264706,17,8,0.0
3547,34.00406026403141,16,9,0.0
3548,24.23617150383147,15,10,0.0
3549,34.21240735637329,16,9,0.0
3550,24.423600154520642,15,10,0.0
3551,34.37012784111222,16,9,0.0
3552,34.3512121742171,16,9,0.0
3553,11.8654382611898,14,11,0.0
3554,23.27204076431033,15,10,0.0
3555,24.412238182325623,15,10,0.0
3556,23.44596486301929,15,10,0.0
3557,25.081595958053352,15,10,0.0
3558,24.865721757037093,15,10,0.0
3559,43.79354197425072,17,8,0.0
3560,23.31233361946554,15,10,0.0
3561,13.71196316952465,14,11,0.0
3562,14.423025315946683,14,11,0.0
3563,13.623941946251385,14,11,0.0
3564,13.866185572573565,14,11,0.0
3565,34.441996309716906,16,9,0.0
3566,23.773317992952094,15,10,0.0
3567,33.00582797844248,16,9,0.0
3568,33.12060300053895,16,9,0.0
3569,35.23026784801697,16,9,0.0
3570,22.831310900780874,15,10,0.0
3571,43.99467554236409,17,8,0.0
3572,33.53190793265474,16,9,0.0
3573,33.8891289161928,16,9,0.0
3574,25.02091933736124,15,10,0.0
3575,13.168285379197957,14,11,0.0
3576,34.04502969169772,16,9,0.0
3577,13.505537819588405,14,11,0.0
3578,33.10092410541415,16,9,0.0
3579,24.04491524024904,15,10,0.0
3580,34.260995857470355,16,9,0.0
3581,34.912301661132794,16,9,0.0
3582,35.61389769667581,16,9,0.0
3583,13.805299659567622,14,11,0.0
3584,33.87871780565734,16,9,0.0
3585,22.56113676092549,15,10,0.0
3586,34.12697700572125,16,9,0.0
3587,33.836602179193015,16,9,0.0
3588,43.933255398566544,17,8,0.0
3589,24.9255046461561,15,10,0.0
3590,23.908565759118517,15,10,0.0
3591,33.13481043083872,16,9,0.0
3592,4.297485995937436,13,12,0.0
3593,43.99543425111945,17,8,0.0
3594,24.18650221928276,15,10,0.0
3595,33.995728886603054,16,9,0.0
3596,24.250529117427103,15,10,0.0
3597,24.551095339710656,15,10,0.0
3598,24.48505030600606,15,10,0.0
3599,34.61961341320632,16,9,0.0
3600,34.19790361045119,16,9,0.0
3601,34.01643077193282,16,9,0.0
3602,12.902648819610796,14,11,0.0
3603,34.45063381691353,16,9,0.0
3604,35.51878010550294,16,9,0.0
3605,35.91752494883902,16,9,0.0
3606,23.19073480556508,15,10,0.0
3607,12.899463284131066,14,11,0.0
3608,35.30546617691755,16,9,0.0
3609,34.47343950641921,16,9,0.0
3610,13.302624728025968,14,11,0.0
3611,23.65519602747493,15,10,0.0
3612,23.335981666805665,15,10,0.0
3613,32.95831016972108,16,9,0.0
3614,22.936153200347036,15,10,0.0
3615,23.643980611178407,15,10,0.0
3616,35.158369784266334,16,9,0.0
3617,34.57071328094938,16,9,0.0
3618,24.958355845100957,15,10,0.0
3619,24.42692099181448,15,10,0.0
3620,23.83470321070773,15,10,0.0
3621,23.65827876827293,15,10,0.0
3622,34.23671665913915,16,9,0.0
3623,34.84768214097747,16,9,0.0
3624,12.14497388774662,14,11,0.0
3625,24.324115847915333,15,10,0.0
3626,35.806387563981275,16,9,0.0
3627,34.921714965471104,16,9,0.0
3628,34.68065050672191,16,9,0.0
3629,34.27592387818518,16,9,0.0
3630,34.473226438335736,16,9,0.0
3631,44.19359567753029,17,8,0.0
3632,24.5298731134438,15,10,0.0
3633,35.80284741619107,16,9,0.0
3634,24.181188663761617,15,10,0.0
3635,24.005092103594812,15,10,0.0
3636,22.365643859939418,15,10,0.0
3637,34.28043771388782,16,9,0.0
3638,34.67082425945105,16,9,0.0
3639,43.23827907994644,17,8,0.0
3640,44.067269346883585,17,8,0.0
3641,33.99894394719847,16,9,0.0
3642,44.98877869669948,17,8,0.0
3643,23.9098543896707,15,10,0.0
3644,33.88627327188884,16,9,0.0
3645,22.942186685585817,15,10,0.0
3646,34.343840979756955,16,9,0.0
3647,25.67982161912792,15,10,0.0
3648,33.942075693535315,16,9,0.0
3649,34.025943493439684,16,9,0.0
3650,24.328846159651683,15,10,0.0
3651,23.807370668648453,15,10,0.0
3652,35.336459545139235,16,9,0.0
3653,35.06382510664726,16,9,0.0
3654,34.648685251677115,16,9,0.0
3655,23.754861787874926,15,10,0.0
3656,13.596865610418376,14,11,0.0
3657,13.796623691554494,14,11,0.0
3658,43.93604609586638,17,8,0.0
3659,34.37256644690281,16,9,0.0
3660,23.948101199944666,15,10,0.0
3661,-7.858320022867165,12,13,0.0
3662,14.139919493163674,14,11,0.0
3663,23.915049516536786,15,10,0.0
3664,33.68035524394206,16,9,0.0
3665,24.448580453877145,15,10,0.0
3666,24.082123167622733,15,10,0.0
3667,34.519419298712265,16,9,0.0
3668,34.36687345850706,16,9,0.0
3669,23.478444956393332,15,10,0.0
3670,33.65265592310983,16,9,0.0
3671,25.02602891933081,15,10,0.0
3672,13.774831249966597,14,11,0.0
3673,23.93671418610736,15,10,0.0
3674,34.232478151870346,16,9,0.0
3675,23.774997276011202,15,10,0.0
3676,33.43628282759687,16,9,0.0
3677,13.947813767896848,14,11,0.0
3678,13.642448504294405,14,11,0.0
3679,23.637633635513836,15,10,0.0
3680,44.3121992262973,17,8,0.0
3681,24.783645866832224,15,10,0.0
3682,34.65057316846836,16,9,0.0
3683,13.11046341192279,14,11,0.0
3684,12.173853541322805,14,11,0.0
3685,12.901301787066767,14,11,0.0
3686,13.533784517912238,14,11,0.0
3687,23.64976431730498,15,10,0.0
3688,33.44144138419672,16,9,0.0
3689,24.282332335295404,15,10,0.0
3690,34.13116758287727,16,9,0.0
3691,23.83194397914653,15,10,0.0
3692,26.32569519120232,15,10,0.0
3693,11.23909932829109,14,11,0.0
3694,34.515640949981766,16,9,0.0
3695,34.591216498424686,16,9,0.0
3696,24.87250481508162,15,10,0.0
3697,35.17109291760467,16,9,0.0
3698,34.229032554211436,16,9,0.0
3699,35.04331735751674,16,9,0.0
3700,33.137663956854304,16,9,0.0
3701,34.272039396983594,16,9,0.0
3702,24.13789035539791,15,10,0.0
3703,23.564247925333945,15,10,0.0
3704,34.711790215420805,16,9,0.0
3705,33.90198145369259,16,9,0.0
3706,24.694667042725484,15,10,0.0
3707,23.256621451986533,15,10,0.0
3708,14.042931760715371,14,11,0.0
3709,33.414737916112756,16,9,0.0
3710,23.67133931017818,15,10,0.0
3711,23.487527803598102,15,10,0.0
3712,45.40081832451459,17,8,0.0
3713,23.579838335650933,15,10,0.0
3714,24.273483520981774,15,10,0.0
3715,4.192384344339853,13,12,0.0
3716,43.815228601764765,17,8,0.0
3717,23.878046981830956,15,10,0.0
3718,24.38221263928021,15,10,0.0
3719,34.28514238296362,16,9,0.0
3720,23.658596190837358,15,10,0.0
3721,33.0929155447234,16,9,0.0
3722,3.4962191633872255,13,12,0.0
3723,34.524456210553275,16,9,0.0
3724,23.688536876144475,15,10,0.0
3725,33.84435335110221,16,9,0.0
3726,12.814112856936095,14,11,0.0
3727,33.93849769714015,16,9,0.0
3728,34.15754601222798,16,9,0.0
3729,33.708383902169665,16,9,0.0
3730,24.162163241104544,15,10,0.0
3731,43.92490395526268,17,8,0.0
3732,13.50862139189988,14,11,0.0
3733,4.102858222076469,13,12,0.0
3734,43.614565495821424,17,8,0.0
3735,25.216884562093952,15,10,0.0
3736,24.90639807335657,15,10,0.0
3737,14.344840620505058,14,11,0.0
3738,12.889403570512581,14,11,0.0
3739,24.141446823244205,15,10,0.0
3740,23.1716627406116,15,10,0.0
3741,4.761088747583432,13,12,0.0
3742,44.49571200484058,17,8,0.0
3743,34.117307896428755,16,9,0.0
3744,14.35626488360133,14,11,0.0
3745,24.390893005173613,15,10,0.0
3746,23.930143218686837,15,10,0.0
3747,33.86849329352193,16,9,0.0
3748,22.795628533789795,15,10,0.0
3749,33.438701050809456,16,9,0.0
3750,33.82909181448891,16,9,0.0
3751,34.53395786510433,16,9,0.0
3752,33.3517860839594,16,9,0.0
3753,24.189927202657252,15,10,0.0
3754,25.38043671784135,15,10,0.0
3755,24.834092182219017,15,10,0.0
3756,32.793250342046775,16,9,0.0
3757,33.899843167716895,16,9,0.0
3758,22.665896019788924,15,10,0.0
3759,24.325794820376828,15,10,0.0
3760,35.14180550436415,16,9,0.0
3761,22.618679984417202,15,10,0.0
3762,34.38237794904175,16,9,0.0
3763,22.744585188968557,15,10,0.0
3764,31.94769255440748,16,9,0.0
3765,23.153704407650377,15,10,0.0
3766,32.9869092553439,16,9,0.0
3767,23.061810407191693,15,10,0.0
3768,34.646557500105786,16,9,0.0
3769,34.954689570706236,16,9,0.0
3770,33.93234035267676,16,9,0.0
3771,23.30500395289791,15,10,0.0
3772,24.281709342729364,15,10,0.0
3773,33.681113233084766,16,9,0.0
3774,44.466458202808425,17,8,0.0
3775,34.627865208207936,16,9,0.0
3776,44.0197623576193,17,8,0.0
3777,24.249868906208135,15,10,0.0
3778,13.549458224346925,14,11,0.0
3779,13.508062341767847,14,11,0.0
3780,43.755971937677714,17,8,0.0
3781,34.24646246439108,16,9,0.0
3782,5.50486057278135,13,12,0.0
3783,14.1529868260669,14,11,0.0
3784,45.60230317621385,17,8,0.0
3785,34.437362327380995,16,9,0.0
3786,33.821761976104426,16,9,0.0
3787,23.937096195103067,15,10,0.0
3788,34.876155600612705,16,9,0.0
3789,34.24673769904551,16,9,0.0
3790,25.082780914815622,15,10,0.0
3791,23.388606119542708,15,10,0.0
3792,34.073215349150374,16,9,0.0
3793,23.255547072570693,15,10,0.0
3794,34.58139577146558,16,9,0.0
3795,43.71126587694826,17,8,0.0
3796,44.117367933695384,17,8,0.0
3797,33.90765115537027,16,9,0.0
3798,24.197527014948,15,10,0.0
3799,35.005276141438564,16,9,0.0
3800,34.41726622305223,16,9,0.0
3801,14.246816557276967,14,11,0.0
3802,34.788078402585484,16,9,0.0
3803,13.745023255561179,14,11,0.0
3804,23.69090039769892,15,10,0.0
3805,13.45499510663327,14,11,0.0
3806,22.66484762436366,15,10,0.0
3807,13.420177211081795,14,11,0.0
3808,12.65998483592104,14,11,0.0
3809,13.474944565138383,14,11,0.0
3810,44.64879028197926,17,8,0.0
3811,24.820435369214355,15,10,0.0
3812,25.31086367198265,15,10,0.0
3813,34.463680121869025,16,9,0.0
3814,33.608180984139615,16,9,0.0
3815,34.84768700514186,16,9,0.0
3816,34.924500450650285,16,9,0.0
3817,23.456587328208798,15,10,0.0
3818,34.63754956313065,16,9,0.0
3819,45.042507574057424,17,8,0.0
3820,34.098625181137145,16,9,0.0
3821,33.33232609017172,16,9,0.0
3822,23.30137801535208,15,10,0.0
3823,13.369700856164673,14,11,0.0
3824,34.249718332003404,16,9,0.0
3825,33.96809916651496,16,9,0.0
3826,43.77918523928979,17,8,0.0
3827,33.62946564911973,16,9,0.0
3828,13.80056794944132,14,11,0.0
3829,12.242489743757735,14,11,0.0
3830,34.305532286516595,16,9,0.0
3831,34.47279792656462,16,9,0.0
3832,34.01602391345877,16,9,0.0
3833,5.282464940899924,13,12,0.0
3834,33.53773979606093,16,9,0.0
3835,23.035515482759443,15,10,0.0
3836,23.046500987627585,15,10,0.0
3837,4.183545895395872,13,12,0.0
3838,24.303263441824647,15,10,0.0
3839,-16.44773335137767,11,14,0.0
3840,33.27589475584802,16,9,0.0
3841,33.551281132262204,16,9,0.0
3842,33.37485026123038,16,9,0.0
3843,24.013571711748558,15,10,0.0
3844,44.5059564992293,17,8,0.0
3845,22.721133518205555,15,10,0.0
3846,34.093784915712405,16,9,0.0
3847,23.810035727269714,15,10,0.0
3848,14.059087922794506,14,11,0.0
3849,12.65834258591594,14,11,0.0
3850,33.93931113581663,16,9,0.0
3851,35.26164910402034,16,9,0.0
3852,24.238553969855545,15,10,0.0
3853,13.84524368137537,14,11,0.0
3854,14.201677775266685,14,11,0.0
3855,33.41628823431135,16,9,0.0
3856,45.661394381241244,17,8,0.0
3857,34.949411206358036,16,9,0.0
3858,33.999868638860875,16,9,0.0
3859,34.08304181450193,16,9,0.0
3860,13.15585577858905,14,11,0.0
3861,25.09422279036991,15,10,0.0
3862,24.45965321102873,15,10,0.0
3863,34.611673468818715,16,9,0.0
3864,22.87727002905464,15,10,0.0
3865,34.092051696662054,16,9,0.0
3866,24.85210232068187,15,10,0.0
3867,22.641354067543894,15,10,0.0
3868,13.953792674621262,14,11,0.0
3869,34.1227186963078,16,9,0.0
3870,34.19849238885002,16,9,0.0
3871,33.328753060541835,16,9,0.0
3872,33.89921187338437,16,9,0.0
3873,34.877382101190165,16,9,0.0
3874,33.81431543425613,16,9,0.0
3875,35.464554772527976,16,9,0.0
3876,13.613155265829072,14,11,0.0
3877,34.972204461240445,16,9,0.0
3878,34.63511818335243,16,9,0.0
3879,24.665379888059324,15,10,0.0
3880,44.90214149876236,17,8,0.0
3881,23.818771181621894,15,10,0.0
3882,24.839814717955832,15,10,0.0
3883,34.399881992822635,16,9,0.0
3884,33.52952777633092,16,9,0.0
3885,23.661118031110572,15,10,0.0
3886,13.149834829731537,14,11,0.0
3887,44.69054611616019,17,8,0.0
3888,24.238593709243634,15,10,0.0
3889,34.306460519175644,16,9,0.0
3890,34.227818796271755,16,9,0.0
3891,35.62178630661917,16,9,0.0
3892,23.733733104418235,15,10,0.0
3893,33.444906434132506,16,9,0.0
3894,34.01438776720788,16,9,0.0
3895,22.988526176911652,15,10,0.0
3896,13.446367316636415,14,11,0.0
3897,24.828039303927245,15,10,0.0
3898,34.13265209957613,16,9,0.0
3899,34.19977801701793,16,9,0.0
3900,23.52418973400616,15,10,0.0
3901,33.596052953910174,16,9,0.0
3902,22.43267820573475,15,10,0.0
3903,24.241044851403842,15,10,0.0
3904,36.20109997449288,16,9,0.0
3905,34.02413686037724,16,9,0.0
3906,33.795166800909406,16,9,0.0
3907,34.21398022708371,16,9,0.0
3908,35.241877667011195,16,9,0.0
3909,33.12536715410347,16,9,0.0
3910,43.305163235548584,17,8,0.0
3911,44.51263861200469,17,8,0.0
3912,24.04640546716449,15,10,0.0
3913,15.254293947999521,14,11,0.0
3914,34.42862999425925,16,9,0.0
3915,13.763652166217458,14,11,0.0
3916,33.209690233604874,16,9,0.0
3917,33.93065335081454,16,9,0.0
3918,-8.252393267166948,12,13,0.0
3919,33.20797770722259,16,9,0.0
3920,34.176579691749396,16,9,0.0
3921,32.623635934790244,16,9,0.0
3922,34.96538595932234,16,9,0.0
3923,35.03742213382437,16,9,0.0
3924,34.832285863968686,16,9,0.0
3925,32.86283549461492,16,9,0.0
3926,24.663433327490498,15,10,0.0
3927,22.684531573218997,15,10,0.0
3928,24.186613222213357,15,10,0.0
3929,23.202747180823952,15,10,0.0
3930,23.721430132709713,15,10,0.0
3931,22.80393760741164,15,10,0.0
3932,2.595644341843085,13,12,0.0
3933,23.77495234754322,15,10,0.0
3934,23.34842933164657,15,10,0.0
3935,23.58700103008389,15,10,0.0
3936,34.13248454672883,16,9,0.0
3937,24.28502555688685,15,10,0.0
3938,33.422612415286416,16,9,0.0
3939,33.80072724157732,16,9,0.0
3940,34.30982989893382,16,9,0.0
3941,44.40816433322429,17,8,0.0
3942,45.278853114494716,17,8,0.0
3943,13.019561173551487,14,11,0.0
3944,33.710629341047124,16,9,0.0
3945,23.37321919869684,15,10,0.0
3946,33.54192481292993,16,9,0.0
3947,24.42792382136621,15,10,0.0
3948,13.97521673789069,14,11,0.0
3949,3.592939756907767,13,12,0.0
3950,23.637080087018834,15,10,0.0
3951,35.59216232097834,16,9,0.0
3952,15.307803986211471,14,11,0.0
3953,14.059164762938488,14,11,0.0
3954,25.51447108796321,15,10,0.0
3955,23.622781908812414,15,10,0.0
3956,-7.269014710959176,12,13,0.0
3957,35.22120459023873,16,9,0.0
3958,33.44314000170452,16,9,0.0
3959,22.89204936001026,15,10,0.0
3960,3.6523946161168137,13,12,0.0
3961,44.71826666146655,17,8,0.0
3962,13.15613674390943,14,11,0.0
3963,33.8445427726336,16,9,0.0
3964,23.236296435639815,15,10,0.0
3965,35.34747458107368,16,9,0.0
3966,34.74857230052951,16,9,0.0
3967,34.893669825498044,16,9,0.0
3968,34.020128514955,16,9,0.0
3969,43.61589625401318,17,8,0.0
3970,33.42465897927091,16,9,0.0
3971,23.966317217843933,15,10,0.0
3972,34.078163129218936,16,9,0.0
3973,14.076383954022322,14,11,0.0
3974,34.91320388615091,16,9,0.0
3975,35.00961582216535,16,9,0.0
3976,34.07038377789395,16,9,0.0
3977,5.305291341787457,13,12,0.0
3978,33.27966861163492,16,9,0.0
3979,2.221729718053748,13,12,0.0
3980,34.054260399144155,16,9,0.0
3981,22.83871830772019,15,10,0.0
3982,24.555568408812007,15,10,0.0
3983,24.7669705866971,15,10,0.0
3984,23.824361635714975,15,10,0.0
3985,25.68082774086925,15,10,0.0
3986,24.363583449632838,15,10,0.0
3987,34.0575971063477,16,9,0.0
3988,33.29063790624988,16,9,0.0
3989,33.58877415534341,16,9,0.0
3990,34.76051645370431,16,9,0.0
3991,34.02151878107571,16,9,0.0
3992,2.3571852714945845,13,12,0.0
3993,24.083209379370185,15,10,0.0
3994,34.71249357327182,16,9,0.0
3995,34.72029497832681,16,9,0.0
3996,33.69321387772519,16,9,0.0
3997,11.861302355497148,14,11,0.0
3998,33.637469111396626,16,9,0.0
3999,34.96364314260237,16,9,0.0
4000,44.79394965096975,17,8,0.0
