"# mode=none d_value=0 d=[0,0] p=0.50 dr=0 seed=4 topology=fixed ch=3 fade=1(rho=0.70,sig=6.0) n_agents=5 obs_dim=34 n_episodes=4000 ue=25"
episode,sum_reward,success,fail,mean_delay
1,-66.56476314490902,6,19,0.0
2,-45.82316978574866,8,17,0.0
3,-24.23880060686499,10,15,0.0
4,-55.95776498836713,7,18,0.0
5,-25.054084185129902,10,15,0.0
6,-25.684029713912306,10,15,0.0
7,-44.203122508982005,8,17,0.0
8,-65.71551126044872,6,19,0.0
9,-54.627432643452245,7,18,0.0
10,-55.02485945708278,7,18,0.0
11,-45.06260152241057,8,17,0.0
12,-13.617770938171375,11,14,0.0
13,-55.46146484647784,7,18,0.0
14,-55.03969854628777,7,18,0.0
15,-65.9482020334078,6,19,0.0
16,-35.44486737680636,9,16,0.0
17,-54.77463564108501,7,18,0.0
18,-66.96902414912896,6,19,0.0
19,-54.47919537362767,7,18,0.0
20,-45.29815672777366,8,17,0.0
21,-64.79515165162591,6,19,0.0
22,-15.765372990793555,11,14,0.0
23,-45.21830921970127,8,17,0.0
24,-25.056040507389117,10,15,0.0
25,-35.573917701151636,9,16,0.0
26,-42.80409848945703,8,17,0.0
27,-14.97545192909216,11,14,0.0
28,-45.27139031999767,8,17,0.0
29,-55.256749081568216,7,18,0.0
30,-35.36500170094453,9,16,0.0
31,-23.74741915033094,10,15,0.0
32,-26.078440420046448,10,15,0.0
33,-35.76794462932992,9,16,0.0
34,-56.20848772672758,7,18,0.0
35,-65.31359166381773,6,19,0.0
36,-55.075244088920016,7,18,0.0
37,-75.49958525301443,5,20,0.0
38,-54.48724797548163,7,18,0.0
39,-54.51744853720617,7,18,0.0
40,-34.358445859521495,9,16,0.0
41,-55.304467753250876,7,18,0.0
42,-75.97433567595279,5,20,0.0
43,-44.16114007077341,8,17,0.0
44,-24.348743555388552,10,15,0.0
45,-44.92648964024295,8,17,0.0
46,-66.24560337204967,6,19,0.0
47,-65.7285409531152,6,19,0.0
48,-24.260768661716014,10,15,0.0
49,-34.573453539710414,9,16,0.0
50,-35.203633773432045,9,16,0.0
51,-55.49391277768512,7,18,0.0
52,-44.1723789285616,8,17,0.0
53,-25.763499106454564,10,15,0.0
54,-14.532735230276142,11,14,0.0
55,-35.12991269705122,9,16,0.0
56,-25.351996578079753,10,15,0.0
57,-46.90769151132604,8,17,0.0
58,-45.83878588418556,8,17,0.0
59,-65.5927762534221,6,19,0.0
60,-65.89113522107382,6,19,0.0
61,-76.08421280486505,5,20,0.0
62,-56.21445961498763,7,18,0.0
63,-15.077366395295519,11,14,0.0
64,-15.073252192464295,11,14,0.0
65,-15.044677327086234,11,14,0.0
66,-45.75993565917511,8,17,0.0
67,-55.26864186214047,7,18,0.0
68,-56.51296179387505,7,18,0.0
69,-65.16714592899507,6,19,0.0
70,-35.91664793521865,9,16,0.0
71,-65.42184925437593,6,19,0.0
72,-46.56862171490641,8,17,0.0
73,-34.697427909833074,9,16,0.0
74,-64.9323737673262,6,19,0.0
75,-47.00918448154875,8,17,0.0
76,-15.991291862445335,11,14,0.0
77,-55.50293148283797,7,18,0.0
78,-25.27340742361946,10,15,0.0
79,-54.06045929803234,7,18,0.0
80,-35.15698476743638,9,16,0.0
81,-25.477215960067575,10,15,0.0
82,-64.64785472768196,6,19,0.0
83,-44.18555882153241,8,17,0.0
84,-34.819352115358186,9,16,0.0
85,-24.148485704232314,10,15,0.0
86,-65.53257553702424,6,19,0.0
87,-55.38039399529545,7,18,0.0
88,-25.938610917682748,10,15,0.0
89,-64.37664757612308,6,19,0.0
90,-24.145739039339087,10,15,0.0
91,-15.52178078795953,11,14,0.0
92,-4.3356477474269814,12,13,0.0
93,-34.690162323872826,9,16,0.0
94,-54.89301157947049,7,18,0.0
95,-65.05413555366948,6,19,0.0
96,-24.048740130425298,10,15,0.0
97,-66.1702401793379,6,19,0.0
98,-65.55110299305873,6,19,0.0
99,-55.55917496635701,7,18,0.0
100,-75.11302682791292,5,20,0.0
101,-45.75116585177414,8,17,0.0
102,-74.75845278830177,5,20,0.0
103,-34.88971940249236,9,16,0.0
104,-45.60827788026815,8,17,0.0
105,-56.21799286684322,7,18,0.0
106,-45.496108321116836,8,17,0.0
107,-46.989306397283684,8,17,0.0
108,-65.65879949414149,6,19,0.0
109,-25.244168730433866,10,15,0.0
110,-14.45098268085199,11,14,0.0
111,-24.894775920354537,10,15,0.0
112,-66.88992792252208,6,19,0.0
113,-15.120764775261419,11,14,0.0
114,-26.051119728466286,10,15,0.0
115,-35.08162812414035,9,16,0.0
116,-64.92543506694798,6,19,0.0
117,-35.21609173530825,9,16,0.0
118,-35.70452074071114,9,16,0.0
119,-55.94510829762442,7,18,0.0
120,-24.01075266382906,10,15,0.0
121,-66.33795124570894,6,19,0.0
122,-25.78355926063189,10,15,0.0
123,-46.54827942027954,8,17,0.0
124,-26.75623691648706,10,15,0.0
125,-55.64894647558598,7,18,0.0
126,-25.232833377023177,10,15,0.0
127,-15.629587879234254,11,14,0.0
128,-33.71562429016272,9,16,0.0
129,-26.3498489379511,10,15,0.0
130,-15.22339805453921,11,14,0.0
131,-77.439153968268,5,20,0.0
132,-4.53436044970654,12,13,0.0
133,-26.12603713566805,10,15,0.0
134,-65.93905414845538,6,19,0.0
135,-56.40516474034703,7,18,0.0
136,-64.08872917885736,6,19,0.0
137,-34.894836376417075,9,16,0.0
138,-15.795331664426996,11,14,0.0
139,-35.69751853352717,9,16,0.0
140,-64.20052584980307,6,19,0.0
141,-45.516870144617606,8,17,0.0
142,-15.843679738401933,11,14,0.0
143,-55.746555012357675,7,18,0.0
144,-15.047178355178154,11,14,0.0
145,-76.18674795744745,5,20,0.0
146,-55.609006101469234,7,18,0.0
147,-24.38124155817224,10,15,0.0
148,-34.60757702351749,9,16,0.0
149,-35.66778566559612,9,16,0.0
150,-4.927960528869661,12,13,0.0
151,-24.843905069548796,10,15,0.0
152,-45.20852377048318,8,17,0.0
153,-55.48180994163159,7,18,0.0
154,-35.23075083136787,9,16,0.0
155,-36.93508240732964,9,16,0.0
156,-46.10192007478071,8,17,0.0
157,-45.9691237036241,8,17,0.0
158,-15.500964480494359,11,14,0.0
159,-35.79369073206469,9,16,0.0
160,-4.028764939655256,12,13,0.0
161,-45.160437300918886,8,17,0.0
162,-55.52868087213361,7,18,0.0
163,-45.425556593508944,8,17,0.0
164,-46.19815379982312,8,17,0.0
165,-36.626142556604215,9,16,0.0
166,-65.26057359935321,6,19,0.0
167,-5.463620446847221,12,13,0.0
168,-35.39295174060808,9,16,0.0
169,-26.43258889836745,10,15,0.0
170,-65.99343157105196,6,19,0.0
171,-37.08404873903814,9,16,0.0
172,-14.90267629233352,11,14,0.0
173,-57.1961126393693,7,18,0.0
174,-34.405863883258235,9,16,0.0
175,-45.26715024304988,8,17,0.0
176,-34.069532645319065,9,16,0.0
177,-45.24558803832287,8,17,0.0
178,-46.122391928588115,8,17,0.0
179,-24.989015277837105,10,15,0.0
180,-34.086675393280416,9,16,0.0
181,-76.16244468152698,5,20,0.0
182,-46.109789516842866,8,17,0.0
183,-74.67755138149175,5,20,0.0
184,-45.3101106349565,8,17,0.0
185,-34.48256595500722,9,16,0.0
186,-35.560674758856706,9,16,0.0
187,-3.4728544635532845,12,13,0.0
188,-35.31856119450265,9,16,0.0
189,-44.68905786239783,8,17,0.0
190,-14.610989194691236,11,14,0.0
191,-46.330834094520384,8,17,0.0
192,-66.72817621958919,6,19,0.0
193,-35.18538865754786,9,16,0.0
194,-34.424010505154605,9,16,0.0
195,-55.71719292104794,7,18,0.0
196,-46.46910848560509,8,17,0.0
197,-24.772870387306682,10,15,0.0
198,-35.159236636612974,9,16,0.0
199,-54.6543089231706,7,18,0.0
200,-45.02611545783557,8,17,0.0
201,-36.06779087365446,9,16,0.0
202,-44.38278502512233,8,17,0.0
203,-33.35448083852685,9,16,0.0
204,-35.57062246860224,9,16,0.0
205,-25.646667360085203,10,15,0.0
206,-25.046737915441916,10,15,0.0
207,-44.763147104660604,8,17,0.0
208,-25.296475737605512,10,15,0.0
209,-43.930717269591334,8,17,0.0
210,-55.290690113153275,7,18,0.0
211,-23.899883677502594,10,15,0.0
212,-44.8376559973609,8,17,0.0
213,-35.77456269917435,9,16,0.0
214,-55.39711799802682,7,18,0.0
215,-35.63106078984643,9,16,0.0
216,-44.942391691897015,8,17,0.0
217,-24.975459623766547,10,15,0.0
218,-47.035809777984184,8,17,0.0
219,-24.972234212687063,10,15,0.0
220,-14.780129332682218,11,14,0.0
221,-45.49713513960809,8,17,0.0
222,-34.513640353448054,9,16,0.0
223,-24.09656694519464,10,15,0.0
224,-35.960164753226806,9,16,0.0
225,-45.15821247419837,8,17,0.0
226,-13.157730469639946,11,14,0.0
227,-14.121539169071722,11,14,0.0
228,-25.123403428841748,10,15,0.0
229,-15.109331250821224,11,14,0.0
230,-26.606164478320125,10,15,0.0
231,-45.542226098703736,8,17,0.0
232,-35.61825716648225,9,16,0.0
233,5.9370660336005265,13,12,0.0
234,-15.055338447903644,11,14,0.0
235,-14.86049083063439,11,14,0.0
236,-44.84219666012693,8,17,0.0
237,-56.31849258172183,7,18,0.0
238,-66.34057309215876,6,19,0.0
239,-53.746923671428576,7,18,0.0
240,-25.863957857955807,10,15,0.0
241,-34.85422302362482,9,16,0.0
242,-46.215925913830645,8,17,0.0
243,-54.702651088789196,7,18,0.0
244,-25.00607191462239,10,15,0.0
245,-16.902522695340185,11,14,0.0
246,-45.044737207440654,8,17,0.0
247,-35.90407605738548,9,16,0.0
248,-5.17305710248306,12,13,0.0
249,-45.48259707471517,8,17,0.0
250,-25.156493818964965,10,15,0.0
251,-25.844433870502588,10,15,0.0
252,-55.32012221524371,7,18,0.0
253,-44.88463315965872,8,17,0.0
254,-46.571610844187674,8,17,0.0
255,-55.04256350002724,7,18,0.0
256,-15.732018185805668,11,14,0.0
257,-34.426993903401396,9,16,0.0
258,-26.182435497946056,10,15,0.0
259,-44.39771342099767,8,17,0.0
260,-35.890588464274316,9,16,0.0
261,-5.7038724657099165,12,13,0.0
262,-54.92496124789108,7,18,0.0
263,-44.66449632988552,8,17,0.0
264,-43.4868481198545,8,17,0.0
265,-13.561975169686015,11,14,0.0
266,-34.11016235723808,9,16,0.0
267,-14.7725013275446,11,14,0.0
268,-14.551383419722848,11,14,0.0
269,-65.83225612093369,6,19,0.0
270,-34.84811035540457,9,16,0.0
271,-35.30610617347364,9,16,0.0
272,-24.47235132476076,10,15,0.0
273,-5.289541710868258,12,13,0.0
274,-34.74643284803167,9,16,0.0
275,-25.381279798789812,10,15,0.0
276,-4.695965376551861,12,13,0.0
277,-56.334736269661335,7,18,0.0
278,-55.62809270241835,7,18,0.0
279,-56.028026566449135,7,18,0.0
280,-26.345676899791993,10,15,0.0
281,-45.868620676562315,8,17,0.0
282,-25.25235370789236,10,15,0.0
283,-34.31597895498181,9,16,0.0
284,-44.03446672422301,8,17,0.0
285,-35.33764789255588,9,16,0.0
286,-4.9941872829265135,12,13,0.0
287,-4.453228704120934,12,13,0.0
288,-25.947403136438684,10,15,0.0
289,-36.47455621270994,9,16,0.0
290,-55.18921440059127,7,18,0.0
291,-37.27132677119384,9,16,0.0
292,-15.598407573829963,11,14,0.0
293,-5.231615144746052,12,13,0.0
294,-33.94308976786088,9,16,0.0
295,-55.269283926776424,7,18,0.0
296,-3.7854994682064547,12,13,0.0
297,-25.396745017752334,10,15,0.0
298,-24.837358890165348,10,15,0.0
299,-55.961590114422606,7,18,0.0
300,-4.43828577209703,12,13,0.0
301,-33.75928656245982,9,16,0.0
302,-24.928355608311087,10,15,0.0
303,-44.864673060797145,8,17,0.0
304,-44.047497897677495,8,17,0.0
305,-34.83719717439804,9,16,0.0
306,-4.40684263735686,12,13,0.0
307,-56.86631652877359,7,18,0.0
308,-24.405612622634138,10,15,0.0
309,-15.574888816167572,11,14,0.0
310,-16.09281217907027,11,14,0.0
311,-24.77004703237136,10,15,0.0
312,5.347363748823627,13,12,0.0
313,-36.07224653912344,9,16,0.0
314,-4.540186952192047,12,13,0.0
315,-26.367018089141418,10,15,0.0
316,-45.40368197358785,8,17,0.0
317,-24.93911108743671,10,15,0.0
318,-34.12736563647082,9,16,0.0
319,-46.337907637490716,8,17,0.0
320,-44.12667077956945,8,17,0.0
321,-44.93342115698796,8,17,0.0
322,-24.993527533325157,10,15,0.0
323,-25.031732893910295,10,15,0.0
324,-35.15343555139373,9,16,0.0
325,-35.544334493089806,9,16,0.0
326,-55.353450136948794,7,18,0.0
327,-5.137371629223474,12,13,0.0
328,-15.457398017133487,11,14,0.0
329,-35.52558731869269,9,16,0.0
330,-46.03755664517598,8,17,0.0
331,-34.90892760211075,9,16,0.0
332,-15.16661190031284,11,14,0.0
333,-23.971154055790812,10,15,0.0
334,-15.264445339688788,11,14,0.0
335,-25.78991129771157,10,15,0.0
336,-25.386957570661696,10,15,0.0
337,-55.508542021766516,7,18,0.0
338,-13.31676007000919,11,14,0.0
339,-35.027044181381775,9,16,0.0
340,-36.51092512520357,9,16,0.0
341,-36.59269411826185,9,16,0.0
342,-34.62702856351698,9,16,0.0
343,-34.887097652072654,9,16,0.0
344,-5.0014460680823145,12,13,0.0
345,-34.663205012383095,9,16,0.0
346,4.541310067755978,13,12,0.0
347,-34.96688612214466,9,16,0.0
348,-25.340656961401827,10,15,0.0
349,-45.52388815157667,8,17,0.0
350,-34.48212469299918,9,16,0.0
351,-35.64253999829279,9,16,0.0
352,-35.21677107868719,9,16,0.0
353,-24.27892064227708,10,15,0.0
354,-34.003344298792584,9,16,0.0
355,-14.403982704964783,11,14,0.0
356,-35.69521614885599,9,16,0.0
357,-15.469350329802769,11,14,0.0
358,-35.43860629977017,9,16,0.0
359,-14.778934538482726,11,14,0.0
360,-5.1859244139356395,12,13,0.0
361,-33.869099048824545,9,16,0.0
362,-14.948241172532448,11,14,0.0
363,-14.397353594403201,11,14,0.0
364,-14.915317863254124,11,14,0.0
365,-24.42311901109619,10,15,0.0
366,-25.585120740918484,10,15,0.0
367,-34.685826025707385,9,16,0.0
368,-26.07445446718753,10,15,0.0
369,-14.508190736930592,11,14,0.0
370,-45.85939714922717,8,17,0.0
371,5.496056402461795,13,12,0.0
372,-13.720800100140305,11,14,0.0
373,-14.415411958495259,11,14,0.0
374,-33.9610913793924,9,16,0.0
375,-44.55798339596133,8,17,0.0
376,-16.054608425071244,11,14,0.0
377,-14.668179770086214,11,14,0.0
378,-25.084273983566053,10,15,0.0
379,-5.736502113573442,12,13,0.0
380,-34.97348648190054,9,16,0.0
381,-14.719137577731244,11,14,0.0
382,-24.92432324941788,10,15,0.0
383,-4.8926341583018855,12,13,0.0
384,-15.85363925520608,11,14,0.0
385,-24.845385893769613,10,15,0.0
386,-25.067239256039045,10,15,0.0
387,-23.89655971786115,10,15,0.0
388,-45.26752475580629,8,17,0.0
389,5.0842325341247365,13,12,0.0
390,-4.312449767961992,12,13,0.0
391,-66.57722182967672,6,19,0.0
392,-45.30070088485676,8,17,0.0
393,-75.6658504255008,5,20,0.0
394,5.592982673752024,13,12,0.0
395,-24.98985142531111,10,15,0.0
396,-34.51194977079886,9,16,0.0
397,-34.195501180543104,9,16,0.0
398,-24.55617829990678,10,15,0.0
399,-45.5734335257248,8,17,0.0
400,-44.57780047851605,8,17,0.0
401,5.048639419737324,13,12,0.0
402,-14.95907325863407,11,14,0.0
403,-35.092517932865114,9,16,0.0
404,-14.490591518898084,11,14,0.0
405,-26.67867302168849,10,15,0.0
406,-34.36003220217688,9,16,0.0
407,-26.911902122664372,10,15,0.0
408,-5.5140885458003135,12,13,0.0
409,-4.4068573904109885,12,13,0.0
410,-26.80267997823136,10,15,0.0
411,-85.05253004083494,4,21,0.0
412,-5.140870844562175,12,13,0.0
413,-26.59764167321601,10,15,0.0
414,-15.103723909811011,11,14,0.0
415,-14.79625636179599,11,14,0.0
416,-4.8030926824726015,12,13,0.0
417,-35.724841321359655,9,16,0.0
418,-25.520598104045916,10,15,0.0
419,-14.695538547838428,11,14,0.0
420,-45.81691532501378,8,17,0.0
421,-15.045242890323637,11,14,0.0
422,-44.61381935742888,8,17,0.0
423,-15.612323282099975,11,14,0.0
424,-14.464871817450817,11,14,0.0
425,-24.89702877839962,10,15,0.0
426,-4.784274228331741,12,13,0.0
427,-23.542426493291458,10,15,0.0
428,-44.27819331028479,8,17,0.0
429,-14.83327043178515,11,14,0.0
430,-13.641897740986982,11,14,0.0
431,-14.168234791649418,11,14,0.0
432,-4.123243539276719,12,13,0.0
433,-24.804152796513552,10,15,0.0
434,-15.17641266428556,11,14,0.0
435,-33.659815171256575,9,16,0.0
436,-25.699350603428353,10,15,0.0
437,-44.779685787477376,8,17,0.0
438,-37.01878743493478,9,16,0.0
439,-14.457001501344134,11,14,0.0
440,-35.65955471358856,9,16,0.0
441,-5.134893574813781,12,13,0.0
442,4.289940213688892,13,12,0.0
443,-14.372333442009408,11,14,0.0
444,-25.655810491958462,10,15,0.0
445,-15.414382600145604,11,14,0.0
446,-23.101933077963402,10,15,0.0
447,-36.302640291977006,9,16,0.0
448,-24.21334028918576,10,15,0.0
449,-4.22511761826098,12,13,0.0
450,-25.520397465717576,10,15,0.0
451,-23.12011866767902,10,15,0.0
452,-24.94918346966787,10,15,0.0
453,-25.0449974194654,10,15,0.0
454,-34.9843521735542,9,16,0.0
455,-44.908790429986176,8,17,0.0
456,-15.382327204415908,11,14,0.0
457,6.889157701593424,13,12,0.0
458,-25.223065303496384,10,15,0.0
459,-23.804497915071078,10,15,0.0
460,-35.188612568086135,9,16,0.0
461,-14.932920346619726,11,14,0.0
462,-24.889692702150676,10,15,0.0
463,-14.51289332229684,11,14,0.0
464,-25.686288191133492,10,15,0.0
465,-24.70179189656114,10,15,0.0
466,-5.49551027609461,12,13,0.0
467,-35.42423609336885,9,16,0.0
468,-25.61953422295662,10,15,0.0
469,-5.25688426064848,12,13,0.0
470,-35.25853191309529,9,16,0.0
471,-23.682216074345188,10,15,0.0
472,-13.968639374474211,11,14,0.0
473,-35.064910922913384,9,16,0.0
474,-14.433587623123257,11,14,0.0
475,-13.837932497658851,11,14,0.0
476,-3.761954820132618,12,13,0.0
477,-27.335020674213375,10,15,0.0
478,-35.28855448218475,9,16,0.0
479,-5.509048621101721,12,13,0.0
480,-45.14151135916512,8,17,0.0
481,-36.392391172754465,9,16,0.0
482,-45.84335217289457,8,17,0.0
483,-35.60627017285538,9,16,0.0
484,-4.019547493073873,12,13,0.0
485,-15.702588139497013,11,14,0.0
486,-24.338393878203156,10,15,0.0
487,-14.818011379253882,11,14,0.0
488,-14.527109587075296,11,14,0.0
489,3.562733722194384,13,12,0.0
490,-5.365879921386892,12,13,0.0
491,-46.07450845898802,8,17,0.0
492,-24.686507565779344,10,15,0.0
493,-25.268103036987338,10,15,0.0
494,-14.073788342936478,11,14,0.0
495,-25.468409888376392,10,15,0.0
496,-16.50605993645869,11,14,0.0
497,-25.29556261395902,10,15,0.0
498,-6.285744411082259,12,13,0.0
499,6.167917214887726,13,12,0.0
500,-34.369343575501084,9,16,0.0
501,-4.924179509672797,12,13,0.0
502,-24.996906114473447,10,15,0.0
503,5.261156503778683,13,12,0.0
504,-25.385671713560786,10,15,0.0
505,-34.62319150449436,9,16,0.0
506,-15.671859609875096,11,14,0.0
507,-24.148706158917953,10,15,0.0
508,-5.146466179361813,12,13,0.0
509,-25.40549620626967,10,15,0.0
510,-14.938182830022654,11,14,0.0
511,-14.598914397757923,11,14,0.0
512,-35.75467333061735,9,16,0.0
513,4.418829854281254,13,12,0.0
514,-15.285005527634112,11,14,0.0
515,-15.728438761229214,11,14,0.0
516,-4.827671178039667,12,13,0.0
517,-5.622996033435832,12,13,0.0
518,-46.02093148637498,8,17,0.0
519,-25.242324253313818,10,15,0.0
520,6.409326669840656,13,12,0.0
521,15.334884253577652,14,11,0.0
522,-5.154035811930839,12,13,0.0
523,-24.465520783909163,10,15,0.0
524,-4.268936608967795,12,13,0.0
525,-45.57886459460535,8,17,0.0
526,-5.964568680514931,12,13,0.0
527,-14.301277084904235,11,14,0.0
528,-5.556407154628546,12,13,0.0
529,5.583505875043514,13,12,0.0
530,-5.947497951885403,12,13,0.0
531,-14.228246609797448,11,14,0.0
532,-55.19116683450507,7,18,0.0
533,-6.0664431724063235,12,13,0.0
534,-5.522034117346664,12,13,0.0
535,-45.5649769118967,8,17,0.0
536,-15.310184461639896,11,14,0.0
537,-4.789600610501491,12,13,0.0
538,-13.802743010847252,11,14,0.0
539,-15.711786758215002,11,14,0.0
540,-4.477114033429309,12,13,0.0
541,-15.44218869390447,11,14,0.0
542,-14.356622224220274,11,14,0.0
543,-14.845989048943855,11,14,0.0
544,-14.615067063424814,11,14,0.0
545,-4.400660350501541,12,13,0.0
546,-25.308600860270282,10,15,0.0
547,-25.96159317467926,10,15,0.0
548,5.301266868311716,13,12,0.0
549,-25.683430926543675,10,15,0.0
550,-35.37811902113945,9,16,0.0
551,-5.6341297054171156,12,13,0.0
552,-34.481456379733736,9,16,0.0
553,-14.228372002565887,11,14,0.0
554,15.098502643799405,14,11,0.0
555,-24.730591837924845,10,15,0.0
556,-14.429558063124237,11,14,0.0
557,-24.4389850760209,10,15,0.0
558,-5.83542282843969,12,13,0.0
559,-4.112504668508327,12,13,0.0
560,-6.1418848007091515,12,13,0.0
561,-14.47503887354804,11,14,0.0
562,-36.24882914204841,9,16,0.0
563,-26.602998134926732,10,15,0.0
564,-56.8733056617311,7,18,0.0
565,-64.60737718654596,6,19,0.0
566,-15.772656362879323,11,14,0.0
567,-5.121556761787481,12,13,0.0
568,-16.44444374533088,11,14,0.0
569,-16.037324734807264,11,14,0.0
570,-26.455089187265333,10,15,0.0
571,-25.902233649808466,10,15,0.0
572,-14.37576605021488,11,14,0.0
573,5.7697579258642016,13,12,0.0
574,-13.56437845377222,11,14,0.0
575,-24.277512386034147,10,15,0.0
576,4.883621044586443,13,12,0.0
577,14.70336599499483,14,11,0.0
578,-4.9935268572729905,12,13,0.0
579,-15.459903400843217,11,14,0.0
580,-4.104740812601931,12,13,0.0
581,-35.46438773643693,9,16,0.0
582,4.64127355936872,13,12,0.0
583,4.003457130178658,13,12,0.0
584,-15.41858839413312,11,14,0.0
585,-15.452805198281938,11,14,0.0
586,-25.144915690054514,10,15,0.0
587,-15.29837759747078,11,14,0.0
588,6.287498986245955,13,12,0.0
589,6.1256418439281966,13,12,0.0
590,4.398454558155335,13,12,0.0
591,-44.216526402610896,8,17,0.0
592,-4.452004662120512,12,13,0.0
593,-5.062470199771189,12,13,0.0
594,-15.901769804976228,11,14,0.0
595,-3.5364278027320992,12,13,0.0
596,-4.992907637241802,12,13,0.0
597,6.327357389269759,13,12,0.0
598,-26.94343497407796,10,15,0.0
599,-5.445592370561093,12,13,0.0
600,-34.76911614278986,9,16,0.0
601,-14.53685114207418,11,14,0.0
602,-25.64647540359406,10,15,0.0
603,-16.309569220299718,11,14,0.0
604,-15.76105032410643,11,14,0.0
605,7.1116876982459445,13,12,0.0
606,-15.55081522735328,11,14,0.0
607,-5.886273319969898,12,13,0.0
608,3.982539178107057,13,12,0.0
609,-25.130777967935316,10,15,0.0
610,-15.045246840706863,11,14,0.0
611,-15.300314038976946,11,14,0.0
612,-5.088434473930941,12,13,0.0
613,-25.382719908711397,10,15,0.0
614,-15.037524676225807,11,14,0.0
615,-4.280401989606692,12,13,0.0
616,-26.349363147054,10,15,0.0
617,-14.654447585127333,11,14,0.0
618,-4.851905521223904,12,13,0.0
619,-25.985825294412063,10,15,0.0
620,-6.065279744509721,12,13,0.0
621,-15.034207378741609,11,14,0.0
622,-6.136990868998234,12,13,0.0
623,-15.635580369911112,11,14,0.0
624,-13.316211364555592,11,14,0.0
625,-25.251899351404045,10,15,0.0
626,4.80312079967721,13,12,0.0
627,4.28125159269314,13,12,0.0
628,-5.364445622822899,12,13,0.0
629,-6.212558923290285,12,13,0.0
630,4.033903622948724,13,12,0.0
631,-6.293665850123981,12,13,0.0
632,-6.089899910158072,12,13,0.0
633,-4.862250012133581,12,13,0.0
634,-14.618889382714052,11,14,0.0
635,-15.54526405103298,11,14,0.0
636,6.278554729382753,13,12,0.0
637,3.4788617255262073,13,12,0.0
638,-14.202955141548939,11,14,0.0
639,25.02320070141137,15,10,0.0
640,-16.90770736218718,11,14,0.0
641,-5.2865360778060575,12,13,0.0
642,-4.5078028482515275,12,13,0.0
643,4.877635228139715,13,12,0.0
644,-35.6821193609733,9,16,0.0
645,-4.545514494048678,12,13,0.0
646,-45.076937071986784,8,17,0.0
647,-34.47053116496903,9,16,0.0
648,-24.865612560304395,10,15,0.0
649,-24.397704937856837,10,15,0.0
650,-34.44150238019932,9,16,0.0
651,-4.425991164049655,12,13,0.0
652,-4.939003358569144,12,13,0.0
653,-5.773706960890198,12,13,0.0
654,-34.91598015448151,9,16,0.0
655,-5.540976975230762,12,13,0.0
656,-6.4969038217563115,12,13,0.0
657,-35.33083858256122,9,16,0.0
658,-15.432577356006245,11,14,0.0
659,4.366478734112498,13,12,0.0
660,4.980334949640004,13,12,0.0
661,15.196422871911476,14,11,0.0
662,-15.57798568501413,11,14,0.0
663,-26.35423983581938,10,15,0.0
664,-16.220779325170014,11,14,0.0
665,-15.249755698309942,11,14,0.0
666,-24.34811455562044,10,15,0.0
667,-6.585026908292686,12,13,0.0
668,-14.17278603967095,11,14,0.0
669,-15.870347731589575,11,14,0.0
670,14.523310131053526,14,11,0.0
671,-16.126104068229516,11,14,0.0
672,-5.107119765192431,12,13,0.0
673,3.6952455250414875,13,12,0.0
674,-15.952536748651113,11,14,0.0
675,14.547704532637308,14,11,0.0
676,15.132593168073974,14,11,0.0
677,-14.406701160870469,11,14,0.0
678,4.814205811855599,13,12,0.0
679,-5.34108593461991,12,13,0.0
680,4.389665622925744,13,12,0.0
681,-15.680285082022632,11,14,0.0
682,-16.722551460299197,11,14,0.0
683,-15.41843384560947,11,14,0.0
684,4.620069518362445,13,12,0.0
685,-5.963131431108636,12,13,0.0
686,4.30338460727288,13,12,0.0
687,-14.916508316146473,11,14,0.0
688,15.934254378113923,14,11,0.0
689,-15.797058013414656,11,14,0.0
690,-56.55841999613219,7,18,0.0
691,-25.478726482673395,10,15,0.0
692,-16.195976087866068,11,14,0.0
693,-5.4216621110939585,12,13,0.0
694,-6.081197918712185,12,13,0.0
695,-14.468720668616463,11,14,0.0
696,-25.6800552022224,10,15,0.0
697,5.269652297566431,13,12,0.0
698,-25.996079363369265,10,15,0.0
699,4.073381465555719,13,12,0.0
700,-5.453144481806102,12,13,0.0
701,-15.89126450996894,11,14,0.0
702,-14.878288783331366,11,14,0.0
703,-16.506257544527173,11,14,0.0
704,-6.3024056440182825,12,13,0.0
705,-5.139433351024769,12,13,0.0
706,-5.296990412105155,12,13,0.0
707,5.131568355080699,13,12,0.0
708,5.323411671809076,13,12,0.0
709,-16.735203536300688,11,14,0.0
710,-26.30215276635071,10,15,0.0
711,24.98689971769776,15,10,0.0
712,4.629863063985514,13,12,0.0
713,14.399915778931868,14,11,0.0
714,-5.30203329761234,12,13,0.0
715,-5.035199106169386,12,13,0.0
716,-24.239157690751664,10,15,0.0
717,-6.601641771447365,12,13,0.0
718,-4.356398371541879,12,13,0.0
719,-5.542263816886103,12,13,0.0
720,4.574346265195706,13,12,0.0
721,-6.268774770598068,12,13,0.0
722,4.785182430236215,13,12,0.0
723,-5.323700798282884,12,13,0.0
724,14.306506786422451,14,11,0.0
725,-36.27480302703097,9,16,0.0
726,-6.094438379341284,12,13,0.0
727,-25.594448109451193,10,15,0.0
728,-36.96217076087763,9,16,0.0
729,5.414801099232719,13,12,0.0
730,-25.182818546385914,10,15,0.0
731,-6.602964783995375,12,13,0.0
732,4.781310190712286,13,12,0.0
733,-16.11014679841877,11,14,0.0
734,-5.779275397566488,12,13,0.0
735,15.418569509152073,14,11,0.0
736,4.094598801172003,13,12,0.0
737,4.130961269617648,13,12,0.0
738,-35.52078695615025,9,16,0.0
739,-25.064069367717465,10,15,0.0
740,-4.474122943496913,12,13,0.0
741,-15.077193600352393,11,14,0.0
742,-6.042518231168545,12,13,0.0
743,-4.515414612215545,12,13,0.0
744,-6.307108895264365,12,13,0.0
745,4.587516079305766,13,12,0.0
746,4.309108918945735,13,12,0.0
747,4.733916558718773,13,12,0.0
748,-16.208310854661818,11,14,0.0
749,-16.766704414557108,11,14,0.0
750,-16.326859177874866,11,14,0.0
751,5.940101678062746,13,12,0.0
752,-14.72572298705049,11,14,0.0
753,13.937119340081736,14,11,0.0
754,3.506394975915205,13,12,0.0
755,14.230179203852815,14,11,0.0
756,16.020621518747085,14,11,0.0
757,5.359852277779175,13,12,0.0
758,-16.458725765690662,11,14,0.0
759,5.1759196105657095,13,12,0.0
760,15.60179480250507,14,11,0.0
761,-15.232909113662553,11,14,0.0
762,-5.54205210184056,12,13,0.0
763,14.441827158769,14,11,0.0
764,4.699569485690455,13,12,0.0
765,5.0225625897619155,13,12,0.0
766,-6.65287997257199,12,13,0.0
767,-25.15578132625769,10,15,0.0
768,-15.21766464335284,11,14,0.0
769,-4.325957652265818,12,13,0.0
770,-16.30195461575908,11,14,0.0
771,4.765724515912808,13,12,0.0
772,-5.41152136257335,12,13,0.0
773,4.695384622603424,13,12,0.0
774,-15.540906101601234,11,14,0.0
775,4.714301294190186,13,12,0.0
776,-26.13724834024846,10,15,0.0
777,5.713492776383232,13,12,0.0
778,5.369820870102357,13,12,0.0
779,14.405206854995864,14,11,0.0
780,-6.835185595218768,12,13,0.0
781,-26.0627725822011,10,15,0.0
782,5.706272158722506,13,12,0.0
783,5.017847491756089,13,12,0.0
784,-15.089180747570094,11,14,0.0
785,-16.114020944592248,11,14,0.0
786,14.880886933522133,14,11,0.0
787,-23.9445676424991,10,15,0.0
788,3.947875455070445,13,12,0.0
789,-15.361460011312111,11,14,0.0
790,-5.2801484890165415,12,13,0.0
791,-6.247089218600024,12,13,0.0
792,25.847220835472,15,10,0.0
793,3.946224133702673,13,12,0.0
794,4.150210823906148,13,12,0.0
795,-15.718862359412531,11,14,0.0
796,-4.251982103995838,12,13,0.0
797,-5.865165670565696,12,13,0.0
798,14.480787620312656,14,11,0.0
799,-16.854347334818094,11,14,0.0
800,-5.4085007421786635,12,13,0.0
801,-16.05479051229051,11,14,0.0
802,-5.119057212087403,12,13,0.0
803,5.916056245927061,13,12,0.0
804,-24.270699042779167,10,15,0.0
805,24.57155591667855,15,10,0.0
806,-5.8220612656867345,12,13,0.0
807,-23.8662477303402,10,15,0.0
808,5.394739375218206,13,12,0.0
809,-14.95402235486205,11,14,0.0
810,-26.50697525657037,10,15,0.0
811,25.13691789722495,15,10,0.0
812,-15.585384732249166,11,14,0.0
813,-4.422908700567201,12,13,0.0
814,-4.744479375437838,12,13,0.0
815,4.689849214741935,13,12,0.0
816,15.406856633446449,14,11,0.0
817,-6.236093755342244,12,13,0.0
818,5.819859007048595,13,12,0.0
819,15.249184242661856,14,11,0.0
820,24.57148968482982,15,10,0.0
821,6.594346318040412,13,12,0.0
822,-24.767691155827166,10,15,0.0
823,4.836610808418197,13,12,0.0
824,-4.971782436721385,12,13,0.0
825,-15.288646867968664,11,14,0.0
826,-6.099811479816771,12,13,0.0
827,16.17505086164393,14,11,0.0
828,5.522639164638175,13,12,0.0
829,-15.669032755455143,11,14,0.0
830,-5.589722675369826,12,13,0.0
831,-4.742611921860303,12,13,0.0
832,-4.998201715436933,12,13,0.0
833,-4.328260221472024,12,13,0.0
834,24.058377210683982,15,10,0.0
835,-5.42967553327721,12,13,0.0
836,4.6328291801997725,13,12,0.0
837,-26.05868986260979,10,15,0.0
838,-37.27371312076245,9,16,0.0
839,-4.890859163278311,12,13,0.0
840,-15.398979065527962,11,14,0.0
841,-5.858190861944372,12,13,0.0
842,4.493952854154708,13,12,0.0
843,-15.562510613270291,11,14,0.0
844,-34.29009773123328,9,16,0.0
845,4.2439701568969275,13,12,0.0
846,-15.443095097316126,11,14,0.0
847,-5.17912114236025,12,13,0.0
848,-5.530552696543406,12,13,0.0
849,-14.901189654821236,11,14,0.0
850,3.0990039853577604,13,12,0.0
851,-35.37725397187499,9,16,0.0
852,5.444464752703155,13,12,0.0
853,-5.029591989540807,12,13,0.0
854,-15.649348312956489,11,14,0.0
855,-6.05396202302469,12,13,0.0
856,-5.432497718685756,12,13,0.0
857,-5.357697240382477,12,13,0.0
858,-4.951599787754924,12,13,0.0
859,26.30894010546291,15,10,0.0
860,-5.664839629535312,12,13,0.0
861,4.95388546864859,13,12,0.0
862,5.6105718636273565,13,12,0.0
863,-5.985661360581084,12,13,0.0
864,14.183751612923494,14,11,0.0
865,5.047215836753535,13,12,0.0
866,-5.027376674480971,12,13,0.0
867,-16.472763629586144,11,14,0.0
868,3.8605592574853578,13,12,0.0
869,15.449110082177787,14,11,0.0
870,-14.848550806869866,11,14,0.0
871,-3.334068761981353,12,13,0.0
872,-15.45836298578196,11,14,0.0
873,-5.7669123489343015,12,13,0.0
874,1.8195613484688486,13,12,0.0
875,-5.2347713040867445,12,13,0.0
876,-15.727838128737803,11,14,0.0
877,4.821454277244363,13,12,0.0
878,-6.414415076957334,12,13,0.0
879,-6.5977736517231,12,13,0.0
880,15.156249280304682,14,11,0.0
881,-4.635056230994987,12,13,0.0
882,15.969286871750876,14,11,0.0
883,4.633283504288446,13,12,0.0
884,3.0479389613856673,13,12,0.0
885,15.699222541303005,14,11,0.0
886,-4.164515241952601,12,13,0.0
887,25.414667800691763,15,10,0.0
888,3.480138550894541,13,12,0.0
889,-3.9029454578442424,12,13,0.0
890,5.635456599939394,13,12,0.0
891,15.822060549069926,14,11,0.0
892,-5.782937553976777,12,13,0.0
893,4.5796869529691335,13,12,0.0
894,14.27752665140814,14,11,0.0
895,-14.771012533012824,11,14,0.0
896,-14.91806096514057,11,14,0.0
897,-5.399276273037444,12,13,0.0
898,5.572599098946522,13,12,0.0
899,-16.03163529664967,11,14,0.0
900,-5.601008807919417,12,13,0.0
901,5.216712801048814,13,12,0.0
902,-14.976789235567134,11,14,0.0
903,-5.4221007582664384,12,13,0.0
904,-6.01869899956781,12,13,0.0
905,-6.555901739111285,12,13,0.0
906,-34.550711659101445,9,16,0.0
907,26.13990686801146,15,10,0.0
908,4.525706354238308,13,12,0.0
909,6.383875138039156,13,12,0.0
910,14.331595500703791,14,11,0.0
911,-25.634377239106,10,15,0.0
912,-15.034259186593548,11,14,0.0
913,14.794935803657522,14,11,0.0
914,4.6333395313125845,13,12,0.0
915,14.887691635147604,14,11,0.0
916,24.914397668611763,15,10,0.0
917,15.135600619450974,14,11,0.0
918,6.2667179089342095,13,12,0.0
919,5.049195655376172,13,12,0.0
920,-15.65041481640177,11,14,0.0
921,-3.887032924232261,12,13,0.0
922,-26.219781994111912,10,15,0.0
923,13.942062907103416,14,11,0.0
924,-4.454846071641942,12,13,0.0
925,4.7558236997703265,13,12,0.0
926,-3.725392965429343,12,13,0.0
927,-4.219999584810267,12,13,0.0
928,6.191337258704003,13,12,0.0
929,4.538982475112162,13,12,0.0
930,5.789076922717161,13,12,0.0
931,35.21740030769624,16,9,0.0
932,4.733894540063556,13,12,0.0
933,3.4744043227053067,13,12,0.0
934,-15.671974015566187,11,14,0.0
935,-5.533145329144174,12,13,0.0
936,24.784236631557327,15,10,0.0
937,5.672002858656849,13,12,0.0
938,-16.566323694839134,11,14,0.0
939,-14.592023158192424,11,14,0.0
940,-25.8246354613686,10,15,0.0
941,-4.89424661952577,12,13,0.0
942,4.610604662936708,13,12,0.0
943,4.624736021128653,13,12,0.0
944,-4.509496307826559,12,13,0.0
945,15.371821849272415,14,11,0.0
946,14.438325916961755,14,11,0.0
947,15.27725557193553,14,11,0.0
948,6.081709082532445,13,12,0.0
949,25.329555656060748,15,10,0.0
950,14.703515332284521,14,11,0.0
951,-5.586806364153916,12,13,0.0
952,6.138696345944518,13,12,0.0
953,15.440744851696856,14,11,0.0
954,-6.405940024223461,12,13,0.0
955,5.676100824943175,13,12,0.0
956,-5.6403255568805095,12,13,0.0
957,5.376878484814079,13,12,0.0
958,-3.830130428480304,12,13,0.0
959,4.111027511412498,13,12,0.0
960,25.068169720709744,15,10,0.0
961,-5.74904911817972,12,13,0.0
962,14.103989560273689,14,11,0.0
963,-4.906669399389562,12,13,0.0
964,5.786042698412,13,12,0.0
965,-4.739006996453911,12,13,0.0
966,-15.921520205608758,11,14,0.0
967,24.836824345544613,15,10,0.0
968,-5.658515371021526,12,13,0.0
969,4.70564536336582,13,12,0.0
970,15.24591419232319,14,11,0.0
971,-25.851921614572202,10,15,0.0
972,-3.768084554415732,12,13,0.0
973,5.063093862576893,13,12,0.0
974,25.311429202830134,15,10,0.0
975,16.02785381069813,14,11,0.0
976,5.624384050155413,13,12,0.0
977,35.927613464381984,16,9,0.0
978,4.923864381447732,13,12,0.0
979,-6.959395800963946,12,13,0.0
980,-5.415984324169801,12,13,0.0
981,15.524566067184228,14,11,0.0
982,6.267373963700157,13,12,0.0
983,-5.359582641987481,12,13,0.0
984,5.162721872638499,13,12,0.0
985,-5.616075565051943,12,13,0.0
986,-15.97820027181049,11,14,0.0
987,-2.7531456171861235,12,13,0.0
988,15.893090990833272,14,11,0.0
989,-17.212071061811045,11,14,0.0
990,-4.098470705361381,12,13,0.0
991,14.86497088363104,14,11,0.0
992,-6.314722527838825,12,13,0.0
993,14.301155247258643,14,11,0.0
994,25.549641071318433,15,10,0.0
995,4.716988244893063,13,12,0.0
996,4.881587320791324,13,12,0.0
997,-5.792591175586448,12,13,0.0
998,13.997516239019848,14,11,0.0
999,5.74387688077371,13,12,0.0
1000,-4.93391439750013,12,13,0.0
1001,-5.042376100656085,12,13,0.0
1002,4.748904676959821,13,12,0.0
1003,-4.021554527186456,12,13,0.0
1004,5.073696030302511,13,12,0.0
1005,-25.48814753374678,10,15,0.0
1006,15.152421606752874,14,11,0.0
1007,-5.10549995230153,12,13,0.0
1008,4.920611472799376,13,12,0.0
1009,24.53620022457227,15,10,0.0
1010,14.90149097947905,14,11,0.0
1011,14.339349833818,14,11,0.0
1012,15.37546083444775,14,11,0.0
1013,-5.805059291523898,12,13,0.0
1014,13.319645238709581,14,11,0.0
1015,4.903106799881434,13,12,0.0
1016,6.465757405356943,13,12,0.0
1017,5.715642795102565,13,12,0.0
1018,-4.551335028338702,12,13,0.0
1019,16.431433879125898,14,11,0.0
1020,-4.852955728430475,12,13,0.0
1021,-4.828177392081084,12,13,0.0
1022,24.87740142804936,15,10,0.0
1023,4.981351939541497,13,12,0.0
1024,-5.008438353487277,12,13,0.0
1025,-5.458271849729381,12,13,0.0
1026,14.671919079392184,14,11,0.0
1027,5.443087372275149,13,12,0.0
1028,-5.022445476214875,12,13,0.0
1029,4.2022094727294546,13,12,0.0
1030,-26.049391114329246,10,15,0.0
1031,13.199522742363962,14,11,0.0
1032,6.120724395066096,13,12,0.0
1033,15.229624768451156,14,11,0.0
1034,-5.254594961640864,12,13,0.0
1035,-6.05935141713719,12,13,0.0
1036,5.533711195836284,13,12,0.0
1037,5.0866869112106965,13,12,0.0
1038,14.166178002576824,14,11,0.0
1039,-5.524909244676613,12,13,0.0
1040,-5.2294904268548175,12,13,0.0
1041,5.003936805216531,13,12,0.0
1042,-5.6470946299126785,12,13,0.0
1043,4.778789911458443,13,12,0.0
1044,-16.545011481978754,11,14,0.0
1045,5.286857370780345,13,12,0.0
1046,13.830500242050682,14,11,0.0
1047,14.12490053939921,14,11,0.0
1048,4.23033065910223,13,12,0.0
1049,25.22824428010607,15,10,0.0
1050,-15.00508854443291,11,14,0.0
1051,15.692213672627435,14,11,0.0
1052,25.95545602534488,15,10,0.0
1053,14.994931608108091,14,11,0.0
1054,-6.382204275242739,12,13,0.0
1055,-15.543412449470832,11,14,0.0
1056,-14.651535524208137,11,14,0.0
1057,-6.064234605000233,12,13,0.0
1058,25.690678621988223,15,10,0.0
1059,25.957753172652048,15,10,0.0
1060,5.398132349332034,13,12,0.0
1061,13.525800402081767,14,11,0.0
1062,15.250103029122846,14,11,0.0
1063,4.772192712386081,13,12,0.0
1064,5.401093789247,13,12,0.0
1065,-5.942349239112433,12,13,0.0
1066,4.757021232157158,13,12,0.0
1067,14.703886994259769,14,11,0.0
1068,15.710661473004066,14,11,0.0
1069,25.318632247224432,15,10,0.0
1070,24.467650184824688,15,10,0.0
1071,14.300162752892732,14,11,0.0
1072,25.601389410311654,15,10,0.0
1073,-35.5554133010996,9,16,0.0
1074,4.927467975586495,13,12,0.0
1075,14.642680979905363,14,11,0.0
1076,15.101340259065921,14,11,0.0
1077,14.611720412662219,14,11,0.0
1078,4.142386382394981,13,12,0.0
1079,5.281817901147889,13,12,0.0
1080,3.8991388923523864,13,12,0.0
1081,14.526342938158994,14,11,0.0
1082,16.093178667342578,14,11,0.0
1083,-5.867051293172947,12,13,0.0
1084,-5.167864438809762,12,13,0.0
1085,-5.006179111215747,12,13,0.0
1086,15.665197577180553,14,11,0.0
1087,-5.318414578259619,12,13,0.0
1088,-15.670606562666531,11,14,0.0
1089,24.237934682363637,15,10,0.0
1090,26.356793116853034,15,10,0.0
1091,25.416272395777185,15,10,0.0
1092,15.30935369287273,14,11,0.0
1093,-5.977853202009621,12,13,0.0
1094,-5.104601899865277,12,13,0.0
1095,14.502455816816317,14,11,0.0
1096,15.869342872888645,14,11,0.0
1097,-13.864914264706863,11,14,0.0
1098,5.363027781152111,13,12,0.0
1099,5.472438188669672,13,12,0.0
1100,24.286711755538953,15,10,0.0
1101,4.766346243414782,13,12,0.0
1102,-14.005843469580949,11,14,0.0
1103,5.915080552604117,13,12,0.0
1104,35.31430711929811,16,9,0.0
1105,-6.54325129055708,12,13,0.0
1106,6.168078265940228,13,12,0.0
1107,4.501969152278891,13,12,0.0
1108,24.702542709973265,15,10,0.0
1109,25.01136641511022,15,10,0.0
1110,-25.999806110800183,10,15,0.0
1111,13.32492757024918,14,11,0.0
1112,4.94464133347766,13,12,0.0
1113,4.485639851206469,13,12,0.0
1114,25.294273592700875,15,10,0.0
1115,35.79768060991641,16,9,0.0
1116,5.862506984970423,13,12,0.0
1117,15.182343777814044,14,11,0.0
1118,15.654180904393339,14,11,0.0
1119,14.004793847352648,14,11,0.0
1120,15.747339982640622,14,11,0.0
1121,-15.399694626856057,11,14,0.0
1122,4.804692600828757,13,12,0.0
1123,24.340403470957703,15,10,0.0
1124,-6.477490447969801,12,13,0.0
1125,14.14331923186236,14,11,0.0
1126,4.549583808361746,13,12,0.0
1127,15.441583418022496,14,11,0.0
1128,4.231668758783713,13,12,0.0
1129,4.528338449870306,13,12,0.0
1130,15.253990932933615,14,11,0.0
1131,24.655321610285085,15,10,0.0
1132,14.786220987225546,14,11,0.0
1133,-4.123879373428113,12,13,0.0
1134,15.215339773507667,14,11,0.0
1135,24.299491920398175,15,10,0.0
1136,-16.247030160621122,11,14,0.0
1137,4.129231160252779,13,12,0.0
1138,14.676195570350991,14,11,0.0
1139,14.84400784678682,14,11,0.0
1140,-6.079319415959249,12,13,0.0
1141,14.027435682407804,14,11,0.0
1142,25.54802916237855,15,10,0.0
1143,5.255036521885415,13,12,0.0
1144,16.068481089061844,14,11,0.0
1145,24.80119342553158,15,10,0.0
1146,15.28534585673484,14,11,0.0
1147,15.131613236791363,14,11,0.0
1148,4.4158181972352155,13,12,0.0
1149,34.34035270795685,16,9,0.0
1150,14.547554603834046,14,11,0.0
1151,33.823838396537624,16,9,0.0
1152,4.931688581013459,13,12,0.0
1153,15.027407969267257,14,11,0.0
1154,24.93652142209591,15,10,0.0
1155,4.568322019954341,13,12,0.0
1156,27.574575151448812,15,10,0.0
1157,3.89757605174983,13,12,0.0
1158,14.77333558380315,14,11,0.0
1159,15.356768613760186,14,11,0.0
1160,25.409573820388786,15,10,0.0
1161,5.009007579070339,13,12,0.0
1162,24.67371635642704,15,10,0.0
1163,14.051905797163778,14,11,0.0
1164,-5.329039993548642,12,13,0.0
1165,14.71775209944239,14,11,0.0
1166,-15.68417416135955,11,14,0.0
1167,25.952249825798305,15,10,0.0
1168,4.834456645329755,13,12,0.0
1169,-14.951230410526271,11,14,0.0
1170,14.763018538224653,14,11,0.0
1171,-36.26198410905025,9,16,0.0
1172,15.46244972285899,14,11,0.0
1173,24.887898082693745,15,10,0.0
1174,16.435733863976754,14,11,0.0
1175,-15.722932445935372,11,14,0.0
1176,-5.715993550944178,12,13,0.0
1177,-6.988950941419154,12,13,0.0
1178,14.132023449695701,14,11,0.0
1179,4.254178606213974,13,12,0.0
1180,34.457979668563986,16,9,0.0
1181,15.718253694870228,14,11,0.0
1182,34.439274772883756,16,9,0.0
1183,15.545549453841073,14,11,0.0
1184,3.091056484548317,13,12,0.0
1185,-5.307378387620391,12,13,0.0
1186,13.246354168925683,14,11,0.0
1187,15.567904547243078,14,11,0.0
1188,25.530598521434115,15,10,0.0
1189,14.851819311722448,14,11,0.0
1190,25.247147162961078,15,10,0.0
1191,3.9118248010144843,13,12,0.0
1192,4.874082900502497,13,12,0.0
1193,5.21304193185634,13,12,0.0
1194,-5.178627747251534,12,13,0.0
1195,25.462849044617712,15,10,0.0
1196,5.517916652644168,13,12,0.0
1197,-4.697905960979328,12,13,0.0
1198,24.817034898239463,15,10,0.0
1199,15.504196949478516,14,11,0.0
1200,22.937480525096504,15,10,0.0
1201,4.065736751098125,13,12,0.0
1202,24.925495471451868,15,10,0.0
1203,-5.29177776043192,12,13,0.0
1204,5.372656052280906,13,12,0.0
1205,14.285692588663228,14,11,0.0
1206,15.254919923012956,14,11,0.0
1207,4.885126922786474,13,12,0.0
1208,-4.200811508447039,12,13,0.0
1209,-6.00546877412216,12,13,0.0
1210,24.80459638314774,15,10,0.0
1211,26.27622732664755,15,10,0.0
1212,-4.861636274139888,12,13,0.0
1213,14.33130142982436,14,11,0.0
1214,15.169561522707788,14,11,0.0
1215,24.54754099239181,15,10,0.0
1216,14.496714327088954,14,11,0.0
1217,5.3280053966619025,13,12,0.0
1218,4.92190739457638,13,12,0.0
1219,5.569164162718115,13,12,0.0
1220,25.0804595193769,15,10,0.0
1221,16.18616944740168,14,11,0.0
1222,25.80012413036962,15,10,0.0
1223,15.078422046654005,14,11,0.0
1224,5.581020138239726,13,12,0.0
1225,15.645802845128262,14,11,0.0
1226,15.699726061250647,14,11,0.0
1227,3.9372280309118537,13,12,0.0
1228,-15.285960546125937,11,14,0.0
1229,24.806127151957824,15,10,0.0
1230,5.360357566883197,13,12,0.0
1231,24.632716384821222,15,10,0.0
1232,14.782070123186674,14,11,0.0
1233,14.919744128749528,14,11,0.0
1234,15.057962038838577,14,11,0.0
1235,5.179190935568455,13,12,0.0
1236,3.7327092600024767,13,12,0.0
1237,35.21182782922194,16,9,0.0
1238,16.06255194404597,14,11,0.0
1239,25.261387304151306,15,10,0.0
1240,25.676927589130102,15,10,0.0
1241,14.918522663842847,14,11,0.0
1242,15.379531965005235,14,11,0.0
1243,3.9423681884152995,13,12,0.0
1244,5.269558949680435,13,12,0.0
1245,-5.388082691505705,12,13,0.0
1246,14.379829865758955,14,11,0.0
1247,4.571277575187658,13,12,0.0
1248,3.165302607063417,13,12,0.0
1249,14.565202226371003,14,11,0.0
1250,13.900389759905396,14,11,0.0
1251,24.846271961061326,15,10,0.0
1252,15.013785872009882,14,11,0.0
1253,15.307967278721575,14,11,0.0
1254,5.847008842473107,13,12,0.0
1255,5.283367442693329,13,12,0.0
1256,-4.734418166951796,12,13,0.0
1257,15.178834108763397,14,11,0.0
1258,-5.857320423709643,12,13,0.0
1259,25.422290121441023,15,10,0.0
1260,6.536021490207551,13,12,0.0
1261,-15.076542518889875,11,14,0.0
1262,4.61247064540912,13,12,0.0
1263,15.54896016262417,14,11,0.0
1264,15.602740138764203,14,11,0.0
1265,23.89675255205248,15,10,0.0
1266,-5.459647864479822,12,13,0.0
1267,5.6767029204469726,13,12,0.0
1268,-6.1605953727420175,12,13,0.0
1269,4.586016716113109,13,12,0.0
1270,3.158055182697799,13,12,0.0
1271,16.075350043528545,14,11,0.0
1272,15.604915456327305,14,11,0.0
1273,16.258754730690463,14,11,0.0
1274,25.451978429486797,15,10,0.0
1275,15.158131050587926,14,11,0.0
1276,15.393133434850723,14,11,0.0
1277,16.294056042735082,14,11,0.0
1278,25.762080706640948,15,10,0.0
1279,4.254133140250442,13,12,0.0
1280,14.58176297616988,14,11,0.0
1281,14.493934851022644,14,11,0.0
1282,-25.722139709028387,10,15,0.0
1283,4.48268584051849,13,12,0.0
1284,14.695218239736393,14,11,0.0
1285,15.04938365977398,14,11,0.0
1286,25.91422590338128,15,10,0.0
1287,5.267064989288234,13,12,0.0
1288,25.22005962375912,15,10,0.0
1289,14.978863466995472,14,11,0.0
1290,25.11516104000683,15,10,0.0
1291,25.898970149737288,15,10,0.0
1292,5.321742161864506,13,12,0.0
1293,-5.052181690526096,12,13,0.0
1294,14.90220887512561,14,11,0.0
1295,4.054814889005151,13,12,0.0
1296,15.681119222843021,14,11,0.0
1297,24.298601834289844,15,10,0.0
1298,-14.88706386610961,11,14,0.0
1299,14.473399790518556,14,11,0.0
1300,6.538780078145845,13,12,0.0
1301,5.13440157017941,13,12,0.0
1302,24.75994797997081,15,10,0.0
1303,-7.017192595692935,12,13,0.0
1304,14.844672784934538,14,11,0.0
1305,5.685743899908305,13,12,0.0
1306,26.296506806471687,15,10,0.0
1307,24.787593397641594,15,10,0.0
1308,14.530741862541676,14,11,0.0
1309,3.8916085124440447,13,12,0.0
1310,14.633187712940543,14,11,0.0
1311,5.463961433375283,13,12,0.0
1312,15.455049077314648,14,11,0.0
1313,-16.235159266787583,11,14,0.0
1314,25.450115701485068,15,10,0.0
1315,5.290667152679015,13,12,0.0
1316,-15.162947313452364,11,14,0.0
1317,25.281910267438782,15,10,0.0
1318,4.02074668386307,13,12,0.0
1319,15.940762505150262,14,11,0.0
1320,15.520882222501575,14,11,0.0
1321,14.38658609144264,14,11,0.0
1322,14.51992242644914,14,11,0.0
1323,-5.986061690149597,12,13,0.0
1324,5.211096490045791,13,12,0.0
1325,14.985744162129746,14,11,0.0
1326,5.4440843522234665,13,12,0.0
1327,35.02239531206891,16,9,0.0
1328,14.446453204660756,14,11,0.0
1329,13.385125067717684,14,11,0.0
1330,25.14829482581096,15,10,0.0
1331,-4.887251178679179,12,13,0.0
1332,5.76456027704068,13,12,0.0
1333,15.334333600509218,14,11,0.0
1334,-15.336918986934212,11,14,0.0
1335,24.379256060392343,15,10,0.0
1336,-15.359718703100771,11,14,0.0
1337,-7.3031112321947935,12,13,0.0
1338,5.713716504738967,13,12,0.0
1339,14.676319625915125,14,11,0.0
1340,4.2687466628747055,13,12,0.0
1341,14.572849784003656,14,11,0.0
1342,23.63745602527476,15,10,0.0
1343,-5.2414470635252215,12,13,0.0
1344,12.90038776731517,14,11,0.0
1345,15.282272780730638,14,11,0.0
1346,14.913470304968182,14,11,0.0
1347,24.97383464633899,15,10,0.0
1348,36.044615576988726,16,9,0.0
1349,14.449707779601304,14,11,0.0
1350,15.473329994578895,14,11,0.0
1351,4.606775636964056,13,12,0.0
1352,3.670390582247925,13,12,0.0
1353,-6.157890168252138,12,13,0.0
1354,14.441855008701248,14,11,0.0
1355,4.365166439542077,13,12,0.0
1356,-6.007051544106746,12,13,0.0
1357,-5.036646967184836,12,13,0.0
1358,15.2530074534116,14,11,0.0
1359,3.746862642001319,13,12,0.0
1360,15.10593727072789,14,11,0.0
1361,15.12811362639804,14,11,0.0
1362,5.101640503374098,13,12,0.0
1363,16.13586236622774,14,11,0.0
1364,4.855178035680481,13,12,0.0
1365,24.23032883946162,15,10,0.0
1366,35.29249914961201,16,9,0.0
1367,15.865543468108754,14,11,0.0
1368,5.275300306960798,13,12,0.0
1369,25.187162924052448,15,10,0.0
1370,5.793711346661783,13,12,0.0
1371,6.357586552674393,13,12,0.0
1372,-5.212225070622345,12,13,0.0
1373,15.423971948916954,14,11,0.0
1374,-4.290946090203117,12,13,0.0
1375,25.8706670030279,15,10,0.0
1376,16.32683981350678,14,11,0.0
1377,14.173621988775103,14,11,0.0
1378,4.9203941123972985,13,12,0.0
1379,13.378241215499274,14,11,0.0
1380,15.498358571496404,14,11,0.0
1381,24.77661348020432,15,10,0.0
1382,15.153467361552106,14,11,0.0
1383,5.687726147324503,13,12,0.0
1384,23.517145288572856,15,10,0.0
1385,35.196104309720795,16,9,0.0
1386,4.6642076731098925,13,12,0.0
1387,-5.9823789416023905,12,13,0.0
1388,14.361222001941766,14,11,0.0
1389,5.105716681072284,13,12,0.0
1390,25.858853569642932,15,10,0.0
1391,13.702474005129869,14,11,0.0
1392,15.914409768111708,14,11,0.0
1393,14.585480559414307,14,11,0.0
1394,24.26335215086518,15,10,0.0
1395,5.455613266312126,13,12,0.0
1396,14.42316517591647,14,11,0.0
1397,4.224373286840658,13,12,0.0
1398,24.183078761761266,15,10,0.0
1399,14.311575234689448,14,11,0.0
1400,15.362088670049877,14,11,0.0
1401,34.901370883709816,16,9,0.0
1402,24.500612432080104,15,10,0.0
1403,3.5691562974978606,13,12,0.0
1404,15.115777584019622,14,11,0.0
1405,4.862582926930446,13,12,0.0
1406,4.34291721496114,13,12,0.0
1407,15.952295104429972,14,11,0.0
1408,14.092417587427864,14,11,0.0
1409,24.756132154683367,15,10,0.0
1410,4.9276951206607595,13,12,0.0
1411,15.76999314085251,14,11,0.0
1412,6.112082047780923,13,12,0.0
1413,-6.225224482330662,12,13,0.0
1414,-5.041909807815367,12,13,0.0
1415,14.887671488173307,14,11,0.0
1416,24.173648744730485,15,10,0.0
1417,5.774300640102954,13,12,0.0
1418,16.007336064887035,14,11,0.0
1419,23.753333739846344,15,10,0.0
1420,15.805179776614306,14,11,0.0
1421,15.252665806375987,14,11,0.0
1422,36.53051473401811,16,9,0.0
1423,15.172140829289564,14,11,0.0
1424,-5.932296342997166,12,13,0.0
1425,36.145123314434,16,9,0.0
1426,4.579802298290591,13,12,0.0
1427,25.585834109820325,15,10,0.0
1428,24.688042717170703,15,10,0.0
1429,13.540274145515347,14,11,0.0
1430,14.555131128844039,14,11,0.0
1431,-16.542733272577095,11,14,0.0
1432,24.791953910703725,15,10,0.0
1433,6.117947359116439,13,12,0.0
1434,4.112275329685806,13,12,0.0
1435,14.397154627568128,14,11,0.0
1436,4.446573899476872,13,12,0.0
1437,-14.270566083110324,11,14,0.0
1438,24.462589131924847,15,10,0.0
1439,5.301136858078497,13,12,0.0
1440,15.811844601625678,14,11,0.0
1441,13.443656489735792,14,11,0.0
1442,14.939071491227134,14,11,0.0
1443,35.415692963713084,16,9,0.0
1444,15.761153543152385,14,11,0.0
1445,35.48088430928265,16,9,0.0
1446,24.83327552776277,15,10,0.0
1447,14.949963625786403,14,11,0.0
1448,14.327396584171446,14,11,0.0
1449,-7.059704588848131,12,13,0.0
1450,13.292881547957213,14,11,0.0
1451,24.743187421823947,15,10,0.0
1452,13.648165010254873,14,11,0.0
1453,15.268316356066077,14,11,0.0
1454,24.466573429777878,15,10,0.0
1455,3.715733052932535,13,12,0.0
1456,5.036446096686316,13,12,0.0
1457,25.857129921541045,15,10,0.0
1458,15.951757289379998,14,11,0.0
1459,-5.254653340841818,12,13,0.0
1460,14.10375217344922,14,11,0.0
1461,4.535252110200847,13,12,0.0
1462,35.63622049215081,16,9,0.0
1463,3.2529927956180558,13,12,0.0
1464,14.295009037304833,14,11,0.0
1465,4.433730686498928,13,12,0.0
1466,14.882689489967238,14,11,0.0
1467,24.07177700225153,15,10,0.0
1468,25.07710008432376,15,10,0.0
1469,5.405869147184717,13,12,0.0
1470,16.037732968946287,14,11,0.0
1471,15.091551998947162,14,11,0.0
1472,35.078213958671775,16,9,0.0
1473,-15.642961181004626,11,14,0.0
1474,4.909042367590734,13,12,0.0
1475,13.400972348641407,14,11,0.0
1476,4.758350725898593,13,12,0.0
1477,14.794791078402508,14,11,0.0
1478,14.223588310341732,14,11,0.0
1479,35.24266273791894,16,9,0.0
1480,24.376828125435146,15,10,0.0
1481,34.703228424270584,16,9,0.0
1482,3.9146519317718056,13,12,0.0
1483,24.03824726088631,15,10,0.0
1484,4.67302622639152,13,12,0.0
1485,26.07421464357403,15,10,0.0
1486,-6.348013798081077,12,13,0.0
1487,14.043662969756028,14,11,0.0
1488,24.75688526577677,15,10,0.0
1489,23.58712119468713,15,10,0.0
1490,4.70188705968831,13,12,0.0
1491,14.273774600852105,14,11,0.0
1492,34.92468162523549,16,9,0.0
1493,23.894133928854018,15,10,0.0
1494,12.412331698365207,14,11,0.0
1495,-5.263777690134947,12,13,0.0
1496,4.9802732582895874,13,12,0.0
1497,-5.491210389669302,12,13,0.0
1498,34.78828275975073,16,9,0.0
1499,25.260732275614032,15,10,0.0
1500,5.1011059580371825,13,12,0.0
1501,-15.923929505759585,11,14,0.0
1502,26.63434788107334,15,10,0.0
1503,24.075082772417296,15,10,0.0
1504,4.623336520172129,13,12,0.0
1505,4.919106015690765,13,12,0.0
1506,-6.041859759233142,12,13,0.0
1507,15.408392791087351,14,11,0.0
1508,13.840913860397338,14,11,0.0
1509,26.216928485803052,15,10,0.0
1510,-15.73170393601056,11,14,0.0
1511,25.873777532518236,15,10,0.0
1512,4.902306428346774,13,12,0.0
1513,14.115626830127388,14,11,0.0
1514,34.55496058929015,16,9,0.0
1515,15.706825978970205,14,11,0.0
1516,25.03052253415288,15,10,0.0
1517,-6.591940015899659,12,13,0.0
1518,6.309439932286672,13,12,0.0
1519,14.208590182767374,14,11,0.0
1520,-6.5385650675452105,12,13,0.0
1521,-5.951305573615894,12,13,0.0
1522,24.799558704991533,15,10,0.0
1523,14.822265817167683,14,11,0.0
1524,24.454295068259814,15,10,0.0
1525,3.9819380619292417,13,12,0.0
1526,14.886388270759966,14,11,0.0
1527,23.96617868676804,15,10,0.0
1528,24.92826680244074,15,10,0.0
1529,33.85129385485639,16,9,0.0
1530,15.780222367379855,14,11,0.0
1531,15.24207719280908,14,11,0.0
1532,4.138260424639981,13,12,0.0
1533,15.425603539019363,14,11,0.0
1534,14.669193387886226,14,11,0.0
1535,36.742678276598,16,9,0.0
1536,14.562240162511975,14,11,0.0
1537,23.479479337079056,15,10,0.0
1538,4.9464314905328415,13,12,0.0
1539,14.358218287797587,14,11,0.0
1540,15.540876971043579,14,11,0.0
1541,25.740063702335362,15,10,0.0
1542,-16.454398034041205,11,14,0.0
1543,24.038501504055485,15,10,0.0
1544,14.47100463031103,14,11,0.0
1545,24.282915324399976,15,10,0.0
1546,15.273816863018935,14,11,0.0
1547,25.603715016783518,15,10,0.0
1548,25.348090744555385,15,10,0.0
1549,4.5765130152593505,13,12,0.0
1550,14.86031134171278,14,11,0.0
1551,5.214990222984316,13,12,0.0
1552,14.576673375313591,14,11,0.0
1553,15.334244367230617,14,11,0.0
1554,13.06768402844231,14,11,0.0
1555,44.86489836827175,17,8,0.0
1556,14.847018769330564,14,11,0.0
1557,4.845378869042024,13,12,0.0
1558,15.111763468097056,14,11,0.0
1559,15.029584646755861,14,11,0.0
1560,24.886244383651047,15,10,0.0
1561,4.323842020723546,13,12,0.0
1562,15.134357545994975,14,11,0.0
1563,35.07204024844375,16,9,0.0
1564,5.008632029416704,13,12,0.0
1565,-5.051073346233543,12,13,0.0
1566,14.239582495384688,14,11,0.0
1567,13.26805160161554,14,11,0.0
1568,4.630193440815306,13,12,0.0
1569,5.470060766499497,13,12,0.0
1570,2.959346742816434,13,12,0.0
1571,-6.039798656385325,12,13,0.0
1572,4.935375760097389,13,12,0.0
1573,34.97374113909864,16,9,0.0
1574,14.916634327222223,14,11,0.0
1575,25.52583988092397,15,10,0.0
1576,15.169829127561005,14,11,0.0
1577,-5.166233675523831,12,13,0.0
1578,4.912798988822022,13,12,0.0
1579,-15.542689057096815,11,14,0.0
1580,34.333645903352306,16,9,0.0
1581,25.127592451084453,15,10,0.0
1582,5.583591394064811,13,12,0.0
1583,26.35378675428589,15,10,0.0
1584,16.13265513608865,14,11,0.0
1585,-5.436326544009097,12,13,0.0
1586,14.749283015373937,14,11,0.0
1587,14.928183951918182,14,11,0.0
1588,-15.14453494329958,11,14,0.0
1589,25.51094975968075,15,10,0.0
1590,4.66080351181102,13,12,0.0
1591,24.999384639213755,15,10,0.0
1592,34.59942058658399,16,9,0.0
1593,4.02394695314498,13,12,0.0
1594,25.749328783698864,15,10,0.0
1595,4.319724050799636,13,12,0.0
1596,15.490946458835342,14,11,0.0
1597,-17.344788015703678,11,14,0.0
1598,25.741497246690646,15,10,0.0
1599,-5.235131854153311,12,13,0.0
1600,24.705120386335068,15,10,0.0
1601,14.941369924673968,14,11,0.0
1602,24.894106428931977,15,10,0.0
1603,4.108315975510877,13,12,0.0
1604,4.266708817779247,13,12,0.0
1605,4.857208155073183,13,12,0.0
1606,24.916207990931973,15,10,0.0
1607,5.328038761539916,13,12,0.0
1608,25.471791762239363,15,10,0.0
1609,4.32584480458782,13,12,0.0
1610,4.845422514955375,13,12,0.0
1611,13.76018398589408,14,11,0.0
1612,15.653491458142323,14,11,0.0
1613,5.627393293847748,13,12,0.0
1614,3.574115254673858,13,12,0.0
1615,14.484945891131806,14,11,0.0
1616,4.101468392187542,13,12,0.0
1617,25.26713087752199,15,10,0.0
1618,14.983987778734324,14,11,0.0
1619,4.896360527826994,13,12,0.0
1620,22.951022765487167,15,10,0.0
1621,4.154112445294176,13,12,0.0
1622,14.449291697624716,14,11,0.0
1623,16.018450775628345,14,11,0.0
1624,14.5924621037983,14,11,0.0
1625,14.169894650318119,14,11,0.0
1626,15.346511196449832,14,11,0.0
1627,3.8364149882680145,13,12,0.0
1628,24.638008404274633,15,10,0.0
1629,24.37767541930335,15,10,0.0
1630,15.508535063327164,14,11,0.0
1631,15.16573092185567,14,11,0.0
1632,24.033207066604763,15,10,0.0
1633,25.32890543524283,15,10,0.0
1634,25.48026932216451,15,10,0.0
1635,14.50843302908547,14,11,0.0
1636,24.471398619328077,15,10,0.0
1637,25.189738003164518,15,10,0.0
1638,34.69114106038703,16,9,0.0
1639,24.292564287159053,15,10,0.0
1640,24.12031228058217,15,10,0.0
1641,25.526364341757105,15,10,0.0
1642,35.54090753639306,16,9,0.0
1643,15.663432314448741,14,11,0.0
1644,15.126223585798545,14,11,0.0
1645,24.677233023285517,15,10,0.0
1646,3.0444361101717696,13,12,0.0
1647,-4.840971747574574,12,13,0.0
1648,24.554182717876095,15,10,0.0
1649,4.556888421517193,13,12,0.0
1650,34.19523043974894,16,9,0.0
1651,25.40282203946424,15,10,0.0
1652,15.787997415554488,14,11,0.0
1653,26.24559709291421,15,10,0.0
1654,24.970383975570638,15,10,0.0
1655,5.132479389393559,13,12,0.0
1656,-5.576388518791929,12,13,0.0
1657,5.174730623581078,13,12,0.0
1658,15.03035357559424,14,11,0.0
1659,13.76826942396565,14,11,0.0
1660,-15.170412415481863,11,14,0.0
1661,24.406814036758234,15,10,0.0
1662,24.098026468741892,15,10,0.0
1663,13.857870329973132,14,11,0.0
1664,15.97926955740343,14,11,0.0
1665,-5.043898743722919,12,13,0.0
1666,16.200668501102896,14,11,0.0
1667,14.621486131940404,14,11,0.0
1668,-4.375844350112137,12,13,0.0
1669,14.798813980012548,14,11,0.0
1670,14.26860469689878,14,11,0.0
1671,4.453543614842326,13,12,0.0
1672,14.737598085004405,14,11,0.0
1673,25.804181850203445,15,10,0.0
1674,24.45142580448493,15,10,0.0
1675,33.41776328265052,16,9,0.0
1676,34.549873604643295,16,9,0.0
1677,25.00595800916545,15,10,0.0
1678,5.02387468879755,13,12,0.0
1679,-4.357314776903957,12,13,0.0
1680,24.202899488906667,15,10,0.0
1681,5.479869441976305,13,12,0.0
1682,15.410986602808327,14,11,0.0
1683,23.200795035184324,15,10,0.0
1684,4.900606812475338,13,12,0.0
1685,24.765535984244792,15,10,0.0
1686,3.7982880836820905,13,12,0.0
1687,24.14203354037716,15,10,0.0
1688,14.37857979939125,14,11,0.0
1689,5.084437221392033,13,12,0.0
1690,25.78421129082774,15,10,0.0
1691,25.147082748274617,15,10,0.0
1692,14.553064819794807,14,11,0.0
1693,25.76523023729915,15,10,0.0
1694,35.28134451836452,16,9,0.0
1695,5.372494918024556,13,12,0.0
1696,-6.11123126496804,12,13,0.0
1697,14.702082309363483,14,11,0.0
1698,14.503894470032138,14,11,0.0
1699,14.150078547130814,14,11,0.0
1700,4.266425706054889,13,12,0.0
1701,6.335518174907939,13,12,0.0
1702,15.944145815850572,14,11,0.0
1703,26.301887942758263,15,10,0.0
1704,5.399765292188487,13,12,0.0
1705,25.675122714252026,15,10,0.0
1706,3.110878613409806,13,12,0.0
1707,34.79921939056703,16,9,0.0
1708,4.736290499436516,13,12,0.0
1709,24.79126206665697,15,10,0.0
1710,25.227404927350563,15,10,0.0
1711,24.991184004241994,15,10,0.0
1712,15.661471250348328,14,11,0.0
1713,25.639446413159252,15,10,0.0
1714,16.080609028082115,14,11,0.0
1715,25.14320729834685,15,10,0.0
1716,15.70625729787588,14,11,0.0
1717,34.70886716354197,16,9,0.0
1718,14.046803188759833,14,11,0.0
1719,-6.000695838030948,12,13,0.0
1720,15.457002739035206,14,11,0.0
1721,14.79821437505064,14,11,0.0
1722,-4.4830452078136105,12,13,0.0
1723,35.77309232648953,16,9,0.0
1724,16.121670761827772,14,11,0.0
1725,15.856597797304595,14,11,0.0
1726,13.587737261598889,14,11,0.0
1727,4.621554554182261,13,12,0.0
1728,25.083298503229507,15,10,0.0
1729,15.601252309935575,14,11,0.0
1730,4.718880704632118,13,12,0.0
1731,-3.501387863051132,12,13,0.0
1732,24.882754081070235,15,10,0.0
1733,34.873163689735705,16,9,0.0
1734,24.674760953269924,15,10,0.0
1735,4.417697522970487,13,12,0.0
1736,25.511228242774983,15,10,0.0
1737,3.8462727269137904,13,12,0.0
1738,24.894309311866607,15,10,0.0
1739,-5.5165348877607405,12,13,0.0
1740,13.651011245339797,14,11,0.0
1741,25.19034823567602,15,10,0.0
1742,15.450060014208113,14,11,0.0
1743,24.970171808720913,15,10,0.0
1744,4.366967389247056,13,12,0.0
1745,25.05692718234645,15,10,0.0
1746,24.299456495963682,15,10,0.0
1747,26.05260762825963,15,10,0.0
1748,2.3987338881418605,13,12,0.0
1749,15.248571023145466,14,11,0.0
1750,14.842880403843434,14,11,0.0
1751,26.181445826264554,15,10,0.0
1752,14.340384540679729,14,11,0.0
1753,24.907032007007068,15,10,0.0
1754,5.542655293595359,13,12,0.0
1755,25.027450351917853,15,10,0.0
1756,24.198511338785544,15,10,0.0
1757,5.416033090623989,13,12,0.0
1758,4.86861550076118,13,12,0.0
1759,14.811828209884167,14,11,0.0
1760,24.291992665251904,15,10,0.0
1761,35.081893659717934,16,9,0.0
1762,15.109877606486336,14,11,0.0
1763,-4.643799789794333,12,13,0.0
1764,14.942571530075233,14,11,0.0
1765,25.484701694049342,15,10,0.0
1766,15.194455539272798,14,11,0.0
1767,4.983961745219128,13,12,0.0
1768,25.000664637740215,15,10,0.0
1769,25.145165637834523,15,10,0.0
1770,15.557401856144308,14,11,0.0
1771,15.978187519429532,14,11,0.0
1772,14.215640680524727,14,11,0.0
1773,4.467328461803742,13,12,0.0
1774,26.635937222642276,15,10,0.0
1775,15.68250877695237,14,11,0.0
1776,5.893782125377024,13,12,0.0
1777,14.277483215350149,14,11,0.0
1778,15.896253505987808,14,11,0.0
1779,24.155748047230162,15,10,0.0
1780,24.456930503056785,15,10,0.0
1781,5.195630226419249,13,12,0.0
1782,25.85242709078566,15,10,0.0
1783,4.550762892039591,13,12,0.0
1784,25.838039606455286,15,10,0.0
1785,26.364507795712026,15,10,0.0
1786,13.98613376222159,14,11,0.0
1787,4.260482578738781,13,12,0.0
1788,14.331998533568758,14,11,0.0
1789,35.00192655412192,16,9,0.0
1790,14.266755285534487,14,11,0.0
1791,4.61864136225034,13,12,0.0
1792,4.145789545224734,13,12,0.0
1793,15.095493179567189,14,11,0.0
1794,15.555117835818628,14,11,0.0
1795,36.48754031062084,16,9,0.0
1796,24.844607755554776,15,10,0.0
1797,34.51714632030463,16,9,0.0
1798,23.945028975421664,15,10,0.0
1799,34.246602107853356,16,9,0.0
1800,-4.535900248767326,12,13,0.0
1801,14.607046677158461,14,11,0.0
1802,34.30307230034442,16,9,0.0
1803,24.69444104039991,15,10,0.0
1804,14.42326939194793,14,11,0.0
1805,4.35738035858706,13,12,0.0
1806,-3.8642757352164345,12,13,0.0
1807,35.19682903480596,16,9,0.0
1808,13.270405663370475,14,11,0.0
1809,24.688860488906464,15,10,0.0
1810,26.632037216252353,15,10,0.0
1811,-6.51768352128991,12,13,0.0
1812,25.443303680120003,15,10,0.0
1813,4.558640765044608,13,12,0.0
1814,-6.723941557263624,12,13,0.0
1815,25.631503842203706,15,10,0.0
1816,14.714853552296919,14,11,0.0
1817,14.903070472616832,14,11,0.0
1818,5.366659896211411,13,12,0.0
1819,26.097725162119943,15,10,0.0
1820,15.732989111568429,14,11,0.0
1821,4.811782630138528,13,12,0.0
1822,13.146328510813419,14,11,0.0
1823,14.12766375593775,14,11,0.0
1824,14.83989910568527,14,11,0.0
1825,14.68369227331085,14,11,0.0
1826,34.66624807418988,16,9,0.0
1827,15.167315321995117,14,11,0.0
1828,4.899418613186867,13,12,0.0
1829,24.92598730272303,15,10,0.0
1830,13.227429507579103,14,11,0.0
1831,15.153991432452322,14,11,0.0
1832,14.749150696463575,14,11,0.0
1833,15.32319727150401,14,11,0.0
1834,24.418942007337872,15,10,0.0
1835,15.15758338705761,14,11,0.0
1836,-6.554879993915451,12,13,0.0
1837,25.57619304829687,15,10,0.0
1838,14.906467950326915,14,11,0.0
1839,3.1745391757519705,13,12,0.0
1840,35.348553743677954,16,9,0.0
1841,14.871438450652565,14,11,0.0
1842,23.77327145991438,15,10,0.0
1843,24.62794209697974,15,10,0.0
1844,15.516424078369585,14,11,0.0
1845,45.956739586200364,17,8,0.0
1846,14.628607184107127,14,11,0.0
1847,13.464334752376615,14,11,0.0
1848,4.253132104228289,13,12,0.0
1849,15.5647195979836,14,11,0.0
1850,24.81839784986962,15,10,0.0
1851,34.289185277723234,16,9,0.0
1852,4.732552990474961,13,12,0.0
1853,15.007219626723117,14,11,0.0
1854,25.30542816307295,15,10,0.0
1855,13.030058816692435,14,11,0.0
1856,4.7374254940840315,13,12,0.0
1857,5.369414553232549,13,12,0.0
1858,14.528610011531878,14,11,0.0
1859,14.108340537577272,14,11,0.0
1860,15.533991295898144,14,11,0.0
1861,14.357219453181582,14,11,0.0
1862,15.749977911963947,14,11,0.0
1863,15.682500076585688,14,11,0.0
1864,4.054520488420106,13,12,0.0
1865,3.6003847029910485,13,12,0.0
1866,15.591392221311809,14,11,0.0
1867,5.2193030987221505,13,12,0.0
1868,24.595576692565288,15,10,0.0
1869,4.584156666422466,13,12,0.0
1870,14.804828878775975,14,11,0.0
1871,14.9313610935596,14,11,0.0
1872,13.070029911534464,14,11,0.0
1873,34.68594868101579,16,9,0.0
1874,24.484392660113997,15,10,0.0
1875,23.82681145687599,15,10,0.0
1876,5.1569267812194095,13,12,0.0
1877,35.537310680457054,16,9,0.0
1878,25.598586364916578,15,10,0.0
1879,26.032661318172437,15,10,0.0
1880,35.21943796575336,16,9,0.0
1881,25.028592617405344,15,10,0.0
1882,13.268813855956012,14,11,0.0
1883,24.67959803756949,15,10,0.0
1884,15.84054567873957,14,11,0.0
1885,14.67788831979274,14,11,0.0
1886,24.820865180458632,15,10,0.0
1887,25.372773812056714,15,10,0.0
1888,15.395025761221646,14,11,0.0
1889,35.57558182411318,16,9,0.0
1890,15.390371877039108,14,11,0.0
1891,15.01108512847329,14,11,0.0
1892,25.13461584145888,15,10,0.0
1893,33.835677712109685,16,9,0.0
1894,5.0576509918951,13,12,0.0
1895,4.516239672153224,13,12,0.0
1896,4.210570770244109,13,12,0.0
1897,24.56063617812175,15,10,0.0
1898,24.298493180720364,15,10,0.0
1899,14.525940060702027,14,11,0.0
1900,-6.269874571684096,12,13,0.0
1901,5.27556907717535,13,12,0.0
1902,4.530448280360906,13,12,0.0
1903,14.263030319374181,14,11,0.0
1904,14.641790346199777,14,11,0.0
1905,15.036886162097149,14,11,0.0
1906,25.066370270543917,15,10,0.0
1907,25.02870680252132,15,10,0.0
1908,23.981184908116475,15,10,0.0
1909,14.784004677332515,14,11,0.0
1910,13.886002468884325,14,11,0.0
1911,5.048991681963562,13,12,0.0
1912,25.589923827808352,15,10,0.0
1913,14.366382142312643,14,11,0.0
1914,23.85159449658659,15,10,0.0
1915,14.111721128298825,14,11,0.0
1916,-6.664732010724916,12,13,0.0
1917,45.78759276732105,17,8,0.0
1918,14.454424170723778,14,11,0.0
1919,5.101782554989969,13,12,0.0
1920,-6.1324743314482255,12,13,0.0
1921,14.784537983951704,14,11,0.0
1922,14.766282426664247,14,11,0.0
1923,5.1270067888884725,13,12,0.0
1924,15.338626312828957,14,11,0.0
1925,35.5808264227893,16,9,0.0
1926,4.835679731275153,13,12,0.0
1927,15.041907088016453,14,11,0.0
1928,15.205387706387237,14,11,0.0
1929,14.169399806989173,14,11,0.0
1930,5.070940697184493,13,12,0.0
1931,24.789442285996994,15,10,0.0
1932,4.7047106821702265,13,12,0.0
1933,35.471356094393826,16,9,0.0
1934,-14.976912571230173,11,14,0.0
1935,14.637438119421535,14,11,0.0
1936,24.60750496291509,15,10,0.0
1937,24.148140987700945,15,10,0.0
1938,34.403924280158314,16,9,0.0
1939,34.72107368225743,16,9,0.0
1940,14.440305108106875,14,11,0.0
1941,34.84630899073249,16,9,0.0
1942,34.49964855289933,16,9,0.0
1943,4.415681088742669,13,12,0.0
1944,4.056059821470049,13,12,0.0
1945,26.34567159726124,15,10,0.0
1946,24.695339155127506,15,10,0.0
1947,25.112220803299685,15,10,0.0
1948,-5.420453122678485,12,13,0.0
1949,5.2648371558658695,13,12,0.0
1950,14.281808958506913,14,11,0.0
1951,3.4314210757279255,13,12,0.0
1952,24.339100579510006,15,10,0.0
1953,33.48634137880593,16,9,0.0
1954,24.586573247917983,15,10,0.0
1955,26.361252653521085,15,10,0.0
1956,3.618100154621617,13,12,0.0
1957,5.441093796313298,13,12,0.0
1958,25.483399690316155,15,10,0.0
1959,14.960277783167031,14,11,0.0
1960,24.741618445002338,15,10,0.0
1961,14.1851469196128,14,11,0.0
1962,23.32319679699244,15,10,0.0
1963,4.384285278703539,13,12,0.0
1964,-5.878771120091918,12,13,0.0
1965,25.532630687352526,15,10,0.0
1966,4.6924592577619,13,12,0.0
1967,23.854568923236407,15,10,0.0
1968,3.7623082254509157,13,12,0.0
1969,-6.77699273237932,12,13,0.0
1970,14.517363553152375,14,11,0.0
1971,3.657628601189197,13,12,0.0
1972,14.20741443250275,14,11,0.0
1973,14.75096109867625,14,11,0.0
1974,13.862494504878534,14,11,0.0
1975,24.79352771724951,15,10,0.0
1976,23.976887928982674,15,10,0.0
1977,14.34776705759531,14,11,0.0
1978,26.78430474230456,15,10,0.0
1979,15.553958007058055,14,11,0.0
1980,15.657082792203521,14,11,0.0
1981,24.697888448984763,15,10,0.0
1982,-6.311274195892173,12,13,0.0
1983,4.048338541934458,13,12,0.0
1984,24.840217571713776,15,10,0.0
1985,4.236833087615036,13,12,0.0
1986,16.6097691052917,14,11,0.0
1987,14.218513621249176,14,11,0.0
1988,25.548333543243565,15,10,0.0
1989,14.754690949552547,14,11,0.0
1990,3.975903198493265,13,12,0.0
1991,24.710588831727677,15,10,0.0
1992,14.302461829230136,14,11,0.0
1993,35.7916176633609,16,9,0.0
1994,14.167744904931094,14,11,0.0
1995,15.931677745771161,14,11,0.0
1996,23.96671070935821,15,10,0.0
1997,13.458301471060391,14,11,0.0
1998,15.439013174202325,14,11,0.0
1999,5.011196049293105,13,12,0.0
2000,25.078426256140173,15,10,0.0
2001,14.747082653882753,14,11,0.0
2002,14.027599244291377,14,11,0.0
2003,25.002327300708128,15,10,0.0
2004,15.497167521113733,14,11,0.0
2005,6.00589740405295,13,12,0.0
2006,25.212843413377634,15,10,0.0
2007,24.141536784920053,15,10,0.0
2008,16.069898886393535,14,11,0.0
2009,24.861494785005096,15,10,0.0
2010,24.500873274150933,15,10,0.0
2011,14.323056323259957,14,11,0.0
2012,34.47891254079156,16,9,0.0
2013,24.8420946478018,15,10,0.0
2014,16.48635856708539,14,11,0.0
2015,13.63539203349628,14,11,0.0
2016,5.475185475065435,13,12,0.0
2017,34.51033519577531,16,9,0.0
2018,24.43003477918537,15,10,0.0
2019,15.01259799432137,14,11,0.0
2020,24.382187929728648,15,10,0.0
2021,5.678585230943433,13,12,0.0
2022,6.27418941138075,13,12,0.0
2023,15.18292663094796,14,11,0.0
2024,-4.612884164205234,12,13,0.0
2025,14.021675151073346,14,11,0.0
2026,4.6024374962133905,13,12,0.0
2027,26.312267508037994,15,10,0.0
2028,25.385227896627317,15,10,0.0
2029,15.075325259672692,14,11,0.0
2030,14.97698722018666,14,11,0.0
2031,16.031054579158415,14,11,0.0
2032,14.896106123622719,14,11,0.0
2033,-7.233787605671713,12,13,0.0
2034,14.988021847900333,14,11,0.0
2035,15.145046781140099,14,11,0.0
2036,15.075248853133306,14,11,0.0
2037,24.095899279750235,15,10,0.0
2038,23.97055021139744,15,10,0.0
2039,24.656178160610068,15,10,0.0
2040,24.78773541489359,15,10,0.0
2041,13.359993313457746,14,11,0.0
2042,15.800712549364327,14,11,0.0
2043,24.270146263075908,15,10,0.0
2044,24.865087868116373,15,10,0.0
2045,34.70807045535922,16,9,0.0
2046,13.990749731645924,14,11,0.0
2047,24.572637251126128,15,10,0.0
2048,16.007237444341285,14,11,0.0
2049,35.18658753357869,16,9,0.0
2050,14.642797324428336,14,11,0.0
2051,23.775847290359103,15,10,0.0
2052,34.15538117146067,16,9,0.0
2053,15.260984200785218,14,11,0.0
2054,4.718334901150586,13,12,0.0
2055,34.161594093312104,16,9,0.0
2056,24.70839520024842,15,10,0.0
2057,35.536299081123545,16,9,0.0
2058,14.273111844716267,14,11,0.0
2059,-14.76833011519013,11,14,0.0
2060,25.900862493458163,15,10,0.0
2061,25.20967650276782,15,10,0.0
2062,14.44483784797929,14,11,0.0
2063,15.061859144843506,14,11,0.0
2064,24.260129342489783,15,10,0.0
2065,25.263800318531214,15,10,0.0
2066,25.883342873161965,15,10,0.0
2067,25.49954370979408,15,10,0.0
2068,26.673304221122613,15,10,0.0
2069,15.36804967813029,14,11,0.0
2070,4.263285672499615,13,12,0.0
2071,-17.24143299138104,11,14,0.0
2072,24.551363815540533,15,10,0.0
2073,5.04883386951972,13,12,0.0
2074,14.095997225224812,14,11,0.0
2075,15.10873697174559,14,11,0.0
2076,4.53544275049557,13,12,0.0
2077,34.66641503039127,16,9,0.0
2078,3.0186913410155887,13,12,0.0
2079,24.439012298565316,15,10,0.0
2080,25.08594271759992,15,10,0.0
2081,35.25274713858176,16,9,0.0
2082,15.080912854270542,14,11,0.0
2083,5.098763199084512,13,12,0.0
2084,35.88528229902283,16,9,0.0
2085,15.02737457147613,14,11,0.0
2086,5.048868242577781,13,12,0.0
2087,13.548077135131614,14,11,0.0
2088,13.61906563838923,14,11,0.0
2089,4.918576993766216,13,12,0.0
2090,23.701454444853255,15,10,0.0
2091,35.71213584359624,16,9,0.0
2092,15.24335876512062,14,11,0.0
2093,24.954568406611152,15,10,0.0
2094,15.472296161758162,14,11,0.0
2095,24.258861131764775,15,10,0.0
2096,24.277222330651096,15,10,0.0
2097,-5.165279058962818,12,13,0.0
2098,34.461433939915935,16,9,0.0
2099,24.953908556931168,15,10,0.0
2100,4.400589748904368,13,12,0.0
2101,15.132904426296566,14,11,0.0
2102,24.303013560115424,15,10,0.0
2103,35.286027093236626,16,9,0.0
2104,4.147490628388256,13,12,0.0
2105,35.141874932814304,16,9,0.0
2106,14.096752582238679,14,11,0.0
2107,13.685676187150923,14,11,0.0
2108,25.260970919015605,15,10,0.0
2109,24.113591498585233,15,10,0.0
2110,34.82716342304697,16,9,0.0
2111,13.60820909304158,14,11,0.0
2112,13.403948236222654,14,11,0.0
2113,15.149304420318973,14,11,0.0
2114,4.090786644155475,13,12,0.0
2115,34.86271264600774,16,9,0.0
2116,24.248216807711103,15,10,0.0
2117,35.23762570480089,16,9,0.0
2118,24.630470126299187,15,10,0.0
2119,26.267614548799976,15,10,0.0
2120,25.479483681250066,15,10,0.0
2121,24.782165205743013,15,10,0.0
2122,25.271360462450986,15,10,0.0
2123,33.82697102338597,16,9,0.0
2124,35.607502310557585,16,9,0.0
2125,24.480542705647363,15,10,0.0
2126,25.78963210235491,15,10,0.0
2127,15.030339408342453,14,11,0.0
2128,25.768788450163726,15,10,0.0
2129,4.172346190421221,13,12,0.0
2130,14.605715419591458,14,11,0.0
2131,13.673219790418951,14,11,0.0
2132,15.157013149158889,14,11,0.0
2133,14.757274298305067,14,11,0.0
2134,25.52660990847466,15,10,0.0
2135,24.85955686518557,15,10,0.0
2136,25.742626943113006,15,10,0.0
2137,14.537246563385366,14,11,0.0
2138,14.126829965068866,14,11,0.0
2139,14.056251342171315,14,11,0.0
2140,4.82941523259097,13,12,0.0
2141,14.845735624034166,14,11,0.0
2142,14.920149434562468,14,11,0.0
2143,34.74729092380953,16,9,0.0
2144,4.073011403475791,13,12,0.0
2145,4.114594792051754,13,12,0.0
2146,3.9778579927053297,13,12,0.0
2147,14.567759755501863,14,11,0.0
2148,4.880380318504363,13,12,0.0
2149,3.8952461397527394,13,12,0.0
2150,24.50830551211142,15,10,0.0
2151,35.26120375442575,16,9,0.0
2152,-4.6446040282231555,12,13,0.0
2153,14.383484192554588,14,11,0.0
2154,45.50088624672263,17,8,0.0
2155,25.490431196448913,15,10,0.0
2156,25.971138144401557,15,10,0.0
2157,25.473333110008564,15,10,0.0
2158,25.474910367380726,15,10,0.0
2159,14.984505695197498,14,11,0.0
2160,14.219232089221682,14,11,0.0
2161,24.96914844881261,15,10,0.0
2162,4.25973692783897,13,12,0.0
2163,25.024374382612436,15,10,0.0
2164,5.078108290700531,13,12,0.0
2165,3.714892563333077,13,12,0.0
2166,25.19599986963585,15,10,0.0
2167,25.022737325948928,15,10,0.0
2168,24.00130736131008,15,10,0.0
2169,35.478104515606645,16,9,0.0
2170,3.4388145651803725,13,12,0.0
2171,4.012885289224027,13,12,0.0
2172,24.532278655729385,15,10,0.0
2173,24.85202520424954,15,10,0.0
2174,14.27249483277533,14,11,0.0
2175,25.605772325963617,15,10,0.0
2176,36.02835101013172,16,9,0.0
2177,25.56245388290764,15,10,0.0
2178,35.69090149636491,16,9,0.0
2179,34.71827748118398,16,9,0.0
2180,3.8911688365797774,13,12,0.0
2181,24.45761069823361,15,10,0.0
2182,13.807628751167048,14,11,0.0
2183,4.793436882110193,13,12,0.0
2184,24.706597145113808,15,10,0.0
2185,24.8840497247313,15,10,0.0
2186,15.29359921028571,14,11,0.0
2187,14.616458966062925,14,11,0.0
2188,14.325158066255893,14,11,0.0
2189,14.632326827261332,14,11,0.0
2190,26.227389127756048,15,10,0.0
2191,24.393190899402917,15,10,0.0
2192,24.43997013545221,15,10,0.0
2193,14.488867846495008,14,11,0.0
2194,24.45654706053245,15,10,0.0
2195,24.648832593213093,15,10,0.0
2196,25.715189798011068,15,10,0.0
2197,14.693446378148106,14,11,0.0
2198,-25.140400088662524,10,15,0.0
2199,36.37683605543255,16,9,0.0
2200,25.296683591175977,15,10,0.0
2201,15.171190727570691,14,11,0.0
2202,35.88217481545873,16,9,0.0
2203,14.973288194508221,14,11,0.0
2204,3.8755690452021536,13,12,0.0
2205,24.42445087897383,15,10,0.0
2206,6.210813453234177,13,12,0.0
2207,25.15939731481884,15,10,0.0
2208,24.38506798256643,15,10,0.0
2209,-5.954673834885526,12,13,0.0
2210,26.433168616698474,15,10,0.0
2211,34.68787024859771,16,9,0.0
2212,24.98767771222196,15,10,0.0
2213,15.462363537495035,14,11,0.0
2214,26.098422313821395,15,10,0.0
2215,24.167220369656437,15,10,0.0
2216,14.058137802298619,14,11,0.0
2217,14.17109430330806,14,11,0.0
2218,14.903247384135485,14,11,0.0
2219,15.104828722055649,14,11,0.0
2220,-5.7276334577341,12,13,0.0
2221,14.904854916159383,14,11,0.0
2222,24.428493203674947,15,10,0.0
2223,35.04598445463507,16,9,0.0
2224,14.598737727102579,14,11,0.0
2225,-6.005948600760348,12,13,0.0
2226,3.800829721551535,13,12,0.0
2227,13.877811216652823,14,11,0.0
2228,26.110777103634383,15,10,0.0
2229,24.910837926534462,15,10,0.0
2230,23.86031761920884,15,10,0.0
2231,15.359241567174044,14,11,0.0
2232,-6.610672466799858,12,13,0.0
2233,3.4931247411887583,13,12,0.0
2234,34.23802739386511,16,9,0.0
2235,5.171101704948603,13,12,0.0
2236,14.926251987306538,14,11,0.0
2237,14.266332278842048,14,11,0.0
2238,24.540901485639402,15,10,0.0
2239,24.74533821799394,15,10,0.0
2240,25.506010575195813,15,10,0.0
2241,13.636041092513457,14,11,0.0
2242,4.990419220731688,13,12,0.0
2243,14.829696441821095,14,11,0.0
2244,25.36657538654412,15,10,0.0
2245,24.859737356685912,15,10,0.0
2246,15.22961854444171,14,11,0.0
2247,5.3454591910703755,13,12,0.0
2248,25.973260488562513,15,10,0.0
2249,14.491152623787345,14,11,0.0
2250,15.100493974198844,14,11,0.0
2251,34.53744720280022,16,9,0.0
2252,34.750193422641054,16,9,0.0
2253,24.409600843695035,15,10,0.0
2254,4.388142491279922,13,12,0.0
2255,16.25143293153605,14,11,0.0
2256,3.6651556270537746,13,12,0.0
2257,14.746798360007732,14,11,0.0
2258,25.313350967885913,15,10,0.0
2259,35.735071759794785,16,9,0.0
2260,15.112135092033013,14,11,0.0
2261,24.72489357154006,15,10,0.0
2262,14.842283069390149,14,11,0.0
2263,13.643765642537574,14,11,0.0
2264,25.594984173031023,15,10,0.0
2265,15.958226478494694,14,11,0.0
2266,5.006467992825614,13,12,0.0
2267,5.139049465185407,13,12,0.0
2268,14.820047452874796,14,11,0.0
2269,4.642839943025336,13,12,0.0
2270,5.869681041034914,13,12,0.0
2271,14.706381065662693,14,11,0.0
2272,14.364874367496071,14,11,0.0
2273,13.487625835257331,14,11,0.0
2274,15.573496521892045,14,11,0.0
2275,14.825829556122024,14,11,0.0
2276,34.086307412888786,16,9,0.0
2277,24.61954330247165,15,10,0.0
2278,14.84640670980707,14,11,0.0
2279,15.097251851108727,14,11,0.0
2280,25.9697504131653,15,10,0.0
2281,25.17991124674656,15,10,0.0
2282,6.422378375392908,13,12,0.0
2283,13.454202865405204,14,11,0.0
2284,-5.3308724355013695,12,13,0.0
2285,25.488645418615974,15,10,0.0
2286,25.501176486939784,15,10,0.0
2287,15.348367702215326,14,11,0.0
2288,24.191259909745018,15,10,0.0
2289,15.754752757957945,14,11,0.0
2290,14.262442615157866,14,11,0.0
2291,34.08444088859719,16,9,0.0
2292,24.325061790053226,15,10,0.0
2293,14.958756152021941,14,11,0.0
2294,5.051838528901928,13,12,0.0
2295,24.163503615301867,15,10,0.0
2296,15.023398157249954,14,11,0.0
2297,24.6983761552151,15,10,0.0
2298,24.44047455028363,15,10,0.0
2299,15.851757203261752,14,11,0.0
2300,13.47871135790692,14,11,0.0
2301,25.44297083409011,15,10,0.0
2302,26.159825125704636,15,10,0.0
2303,24.914970725142986,15,10,0.0
2304,35.49604074062126,16,9,0.0
2305,15.587214144950702,14,11,0.0
2306,14.565752692081038,14,11,0.0
2307,3.2135650745208917,13,12,0.0
2308,-4.200255665831438,12,13,0.0
2309,25.35257059977836,15,10,0.0
2310,14.713770041113289,14,11,0.0
2311,3.6424884965768247,13,12,0.0
2312,35.9944732224671,16,9,0.0
2313,24.811945065040838,15,10,0.0
2314,14.385086193467043,14,11,0.0
2315,4.225023778667206,13,12,0.0
2316,34.81584785446498,16,9,0.0
2317,34.49588928540547,16,9,0.0
2318,15.085474192621312,14,11,0.0
2319,15.281436202124423,14,11,0.0
2320,13.880065011908833,14,11,0.0
2321,14.605679384284013,14,11,0.0
2322,24.969407300550657,15,10,0.0
2323,24.78773548455014,15,10,0.0
2324,16.158540441117914,14,11,0.0
2325,24.400291680845612,15,10,0.0
2326,35.23990830492199,16,9,0.0
2327,15.228370110939888,14,11,0.0
2328,25.18244911109911,15,10,0.0
2329,36.23241868461516,16,9,0.0
2330,14.789422154938997,14,11,0.0
2331,24.710826734541797,15,10,0.0
2332,25.74363230818244,15,10,0.0
2333,2.9120949806578285,13,12,0.0
2334,34.89788531180608,16,9,0.0
2335,25.754777172351098,15,10,0.0
2336,5.395916686694287,13,12,0.0
2337,14.40658602572283,14,11,0.0
2338,14.562264097946315,14,11,0.0
2339,24.396746666460878,15,10,0.0
2340,35.05713881310229,16,9,0.0
2341,23.3168913542753,15,10,0.0
2342,15.41622594464328,14,11,0.0
2343,14.29628879093404,14,11,0.0
2344,5.664018693535205,13,12,0.0
2345,23.902468855053133,15,10,0.0
2346,5.579875851903356,13,12,0.0
2347,17.007365894255038,14,11,0.0
2348,-4.454581732883124,12,13,0.0
2349,35.02040435910538,16,9,0.0
2350,15.265570346978116,14,11,0.0
2351,24.16428219090035,15,10,0.0
2352,25.186551313153245,15,10,0.0
2353,14.241389514428786,14,11,0.0
2354,34.35759444724814,16,9,0.0
2355,34.75205818032125,16,9,0.0
2356,24.63068303944009,15,10,0.0
2357,15.232049278413472,14,11,0.0
2358,3.462283349542979,13,12,0.0
2359,25.100358462324348,15,10,0.0
2360,34.421912604540594,16,9,0.0
2361,24.53253397729437,15,10,0.0
2362,14.812642224318083,14,11,0.0
2363,35.96201972897932,16,9,0.0
2364,24.967652567293513,15,10,0.0
2365,34.06778278551205,16,9,0.0
2366,24.542652930229725,15,10,0.0
2367,25.453401293022225,15,10,0.0
2368,25.837107088887088,15,10,0.0
2369,34.27375425305783,16,9,0.0
2370,25.122781745647856,15,10,0.0
2371,25.32778452921437,15,10,0.0
2372,23.891588147177337,15,10,0.0
2373,25.426021144646086,15,10,0.0
2374,14.436930102532715,14,11,0.0
2375,24.634924008894604,15,10,0.0
2376,35.11351852284062,16,9,0.0
2377,-5.788191498556313,12,13,0.0
2378,-16.254379609828113,11,14,0.0
2379,4.338821486775977,13,12,0.0
2380,15.328311957131916,14,11,0.0
2381,35.446862832343555,16,9,0.0
2382,35.29615696678627,16,9,0.0
2383,14.882524998947858,14,11,0.0
2384,5.182286637958134,13,12,0.0
2385,25.815582744924594,15,10,0.0
2386,25.762597895095986,15,10,0.0
2387,14.430878199930477,14,11,0.0
2388,4.810751151577774,13,12,0.0
2389,25.382582816629,15,10,0.0
2390,4.692193477941579,13,12,0.0
2391,15.872459754328199,14,11,0.0
2392,35.595008636471285,16,9,0.0
2393,24.664349152467423,15,10,0.0
2394,14.745008915715758,14,11,0.0
2395,-4.536923648746124,12,13,0.0
2396,24.689328222938666,15,10,0.0
2397,4.263883571698116,13,12,0.0
2398,15.040822577942212,14,11,0.0
2399,35.4035162944015,16,9,0.0
2400,4.704118019696036,13,12,0.0
2401,34.71516536443713,16,9,0.0
2402,24.47006064392682,15,10,0.0
2403,36.28425160870094,16,9,0.0
2404,15.201682395787202,14,11,0.0
2405,15.512258243992706,14,11,0.0
2406,12.747313484409492,14,11,0.0
2407,33.89633355956792,16,9,0.0
2408,24.394163215303813,15,10,0.0
2409,15.748837310203665,14,11,0.0
2410,15.931728229571227,14,11,0.0
2411,-4.687974402558227,12,13,0.0
2412,24.556659477593776,15,10,0.0
2413,25.55563686135872,15,10,0.0
2414,14.808614403262371,14,11,0.0
2415,25.049736584874633,15,10,0.0
2416,15.416001148032478,14,11,0.0
2417,24.853463858465304,15,10,0.0
2418,15.03453359128669,14,11,0.0
2419,15.647905058967652,14,11,0.0
2420,45.66726590191317,17,8,0.0
2421,34.82773367954909,16,9,0.0
2422,35.68340664474596,16,9,0.0
2423,25.93709028379626,15,10,0.0
2424,15.189468901381101,14,11,0.0
2425,14.335330332512592,14,11,0.0
2426,34.895988184522054,16,9,0.0
2427,25.50764388503037,15,10,0.0
2428,25.71335584596722,15,10,0.0
2429,24.91895170350959,15,10,0.0
2430,15.099327910129063,14,11,0.0
2431,14.749403227719569,14,11,0.0
2432,14.144512310939,14,11,0.0
2433,-4.884840307669559,12,13,0.0
2434,35.99135006785197,16,9,0.0
2435,45.661202886710065,17,8,0.0
2436,13.865151182842142,14,11,0.0
2437,15.13370560161025,14,11,0.0
2438,14.673850059974026,14,11,0.0
2439,24.60035360407213,15,10,0.0
2440,14.83110960646752,14,11,0.0
2441,14.605720390823596,14,11,0.0
2442,5.072449731206527,13,12,0.0
2443,26.670506353176954,15,10,0.0
2444,36.02009054961369,16,9,0.0
2445,35.67281197937955,16,9,0.0
2446,14.178548937175506,14,11,0.0
2447,16.270667997469026,14,11,0.0
2448,23.923349000407725,15,10,0.0
2449,16.173837481384723,14,11,0.0
2450,15.004077695859419,14,11,0.0
2451,14.487272340898425,14,11,0.0
2452,25.77324156897223,15,10,0.0
2453,16.422844384583776,14,11,0.0
2454,25.677811348317597,15,10,0.0
2455,24.653477590886347,15,10,0.0
2456,3.618629072941527,13,12,0.0
2457,25.503354227440152,15,10,0.0
2458,14.742425672673248,14,11,0.0
2459,25.19680092039423,15,10,0.0
2460,-5.865704336884242,12,13,0.0
2461,14.50029330304622,14,11,0.0
2462,25.093269845219307,15,10,0.0
2463,5.2891969578523135,13,12,0.0
2464,5.44778466147398,13,12,0.0
2465,24.77242429834452,15,10,0.0
2466,24.54131755182999,15,10,0.0
2467,35.33003602925936,16,9,0.0
2468,14.671619306908235,14,11,0.0
2469,34.216965299282016,16,9,0.0
2470,24.552538127779737,15,10,0.0
2471,25.112129593380633,15,10,0.0
2472,14.03537748583626,14,11,0.0
2473,15.223346383315839,14,11,0.0
2474,4.462947564727898,13,12,0.0
2475,25.006090855454225,15,10,0.0
2476,25.789743874215123,15,10,0.0
2477,25.38529655063192,15,10,0.0
2478,24.11425838586009,15,10,0.0
2479,34.189711344643214,16,9,0.0
2480,26.10149248995493,15,10,0.0
2481,25.88739836695768,15,10,0.0
2482,34.53394485885034,16,9,0.0
2483,14.233188470868763,14,11,0.0
2484,25.23076725931944,15,10,0.0
2485,14.751112112344849,14,11,0.0
2486,24.205636081896422,15,10,0.0
2487,15.358012712725841,14,11,0.0
2488,25.720292050247362,15,10,0.0
2489,-6.064146727493908,12,13,0.0
2490,35.41890220672092,16,9,0.0
2491,25.207234948639908,15,10,0.0
2492,34.664214095249605,16,9,0.0
2493,25.09265562729403,15,10,0.0
2494,26.423383867293513,15,10,0.0
2495,24.56762995179281,15,10,0.0
2496,-5.450126153000374,12,13,0.0
2497,35.23039879370898,16,9,0.0
2498,14.490414424161525,14,11,0.0
2499,25.348905173871337,15,10,0.0
2500,16.560634023903866,14,11,0.0
2501,14.650036381515914,14,11,0.0
2502,35.22007244690089,16,9,0.0
2503,26.058017248267863,15,10,0.0
2504,25.133209832076112,15,10,0.0
2505,25.66522942684169,15,10,0.0
2506,15.940473841452553,14,11,0.0
2507,4.361658856401359,13,12,0.0
2508,34.500820084842076,16,9,0.0
2509,26.20658999227821,15,10,0.0
2510,4.943522636420861,13,12,0.0
2511,34.50154273567023,16,9,0.0
2512,14.087240204105957,14,11,0.0
2513,24.915802682156297,15,10,0.0
2514,14.467935896637933,14,11,0.0
2515,16.197884394482834,14,11,0.0
2516,15.63110907480544,14,11,0.0
2517,14.493451813544745,14,11,0.0
2518,-5.727573467593288,12,13,0.0
2519,15.032787365364374,14,11,0.0
2520,34.696198403241134,16,9,0.0
2521,4.719148677557348,13,12,0.0
2522,14.776585838210076,14,11,0.0
2523,14.583099539954764,14,11,0.0
2524,24.756706224180192,15,10,0.0
2525,35.327776135728705,16,9,0.0
2526,25.762477511154035,15,10,0.0
2527,25.275879607336783,15,10,0.0
2528,15.745162329638484,14,11,0.0
2529,34.70785932421852,16,9,0.0
2530,15.659358378226791,14,11,0.0
2531,15.962815159676603,14,11,0.0
2532,25.68435205528875,15,10,0.0
2533,14.705383249952831,14,11,0.0
2534,25.39567496431235,15,10,0.0
2535,15.225837349293727,14,11,0.0
2536,5.248453728472594,13,12,0.0
2537,45.6136117616801,17,8,0.0
2538,14.598700923824143,14,11,0.0
2539,24.5317685005577,15,10,0.0
2540,24.186475453429523,15,10,0.0
2541,24.724017745921103,15,10,0.0
2542,25.92700967006368,15,10,0.0
2543,24.605611615347623,15,10,0.0
2544,24.9197715746814,15,10,0.0
2545,25.12893713980955,15,10,0.0
2546,3.672577703004647,13,12,0.0
2547,25.14191556629561,15,10,0.0
2548,34.96941113297322,16,9,0.0
2549,25.696819686697815,15,10,0.0
2550,24.544469187653583,15,10,0.0
2551,4.885912565072607,13,12,0.0
2552,4.785802409060789,13,12,0.0
2553,25.41320110575307,15,10,0.0
2554,25.668325495606112,15,10,0.0
2555,24.71470005746003,15,10,0.0
2556,15.453009988897097,14,11,0.0
2557,14.618391888656955,14,11,0.0
2558,24.936275335596903,15,10,0.0
2559,-5.704238833875133,12,13,0.0
2560,4.545928940692823,13,12,0.0
2561,25.329666535753333,15,10,0.0
2562,5.445370303753748,13,12,0.0
2563,25.061655939137985,15,10,0.0
2564,24.871171792318506,15,10,0.0
2565,35.75464171432922,16,9,0.0
2566,14.46254210528924,14,11,0.0
2567,-4.853103465577611,12,13,0.0
2568,14.800496997003702,14,11,0.0
2569,25.290576986994452,15,10,0.0
2570,-6.350115543864632,12,13,0.0
2571,25.50740670738266,15,10,0.0
2572,25.413908915304848,15,10,0.0
2573,15.163840865832451,14,11,0.0
2574,25.00951568640409,15,10,0.0
2575,14.977201514106714,14,11,0.0
2576,35.19499549284478,16,9,0.0
2577,5.6584403320731536,13,12,0.0
2578,24.55803400962985,15,10,0.0
2579,15.676560117815654,14,11,0.0
2580,15.626294332115487,14,11,0.0
2581,25.186630237729275,15,10,0.0
2582,13.77555274520089,14,11,0.0
2583,3.884053543752719,13,12,0.0
2584,24.93375795620937,15,10,0.0
2585,24.97873690049786,15,10,0.0
2586,15.487173566757848,14,11,0.0
2587,26.258873956383866,15,10,0.0
2588,26.127204704778137,15,10,0.0
2589,35.055652190568495,16,9,0.0
2590,-4.617838183374047,12,13,0.0
2591,15.018750477164161,14,11,0.0
2592,4.484957046473518,13,12,0.0
2593,36.0619032063179,16,9,0.0
2594,14.733223403708754,14,11,0.0
2595,13.259618865035874,14,11,0.0
2596,14.431260482408936,14,11,0.0
2597,34.06986928876518,16,9,0.0
2598,35.11085833521656,16,9,0.0
2599,25.742519927100062,15,10,0.0
2600,25.37571013595725,15,10,0.0
2601,15.512642771357967,14,11,0.0
2602,15.254373895865895,14,11,0.0
2603,24.937398160728264,15,10,0.0
2604,24.971317548399007,15,10,0.0
2605,4.3635824430298245,13,12,0.0
2606,24.557951570369553,15,10,0.0
2607,24.71599591933493,15,10,0.0
2608,-5.507756449168957,12,13,0.0
2609,14.449778917221623,14,11,0.0
2610,13.887723010191058,14,11,0.0
2611,34.944568926191444,16,9,0.0
2612,5.78094121882512,13,12,0.0
2613,5.952960950234827,13,12,0.0
2614,14.933820922836953,14,11,0.0
2615,25.306762078158044,15,10,0.0
2616,5.046107321690684,13,12,0.0
2617,15.113361433372845,14,11,0.0
2618,15.267128821985224,14,11,0.0
2619,13.575641494972153,14,11,0.0
2620,-16.602713106741948,11,14,0.0
2621,36.01648823106769,16,9,0.0
2622,-5.600353833128214,12,13,0.0
2623,24.154621897819023,15,10,0.0
2624,25.269001337393313,15,10,0.0
2625,5.391708840637077,13,12,0.0
2626,14.445008719217908,14,11,0.0
2627,24.610086195925344,15,10,0.0
2628,15.654344033316583,14,11,0.0
2629,14.684503781976336,14,11,0.0
2630,15.590365278523983,14,11,0.0
2631,25.281753835264666,15,10,0.0
2632,25.507746118752532,15,10,0.0
2633,35.444562076718746,16,9,0.0
2634,15.466860454205142,14,11,0.0
2635,36.21376858020477,16,9,0.0
2636,35.2653543514695,16,9,0.0
2637,25.028916680009935,15,10,0.0
2638,36.78379797968745,16,9,0.0
2639,14.843404497589786,14,11,0.0
2640,4.044260938439379,13,12,0.0
2641,25.07296973579855,15,10,0.0
2642,36.387439663414284,16,9,0.0
2643,24.166176682237772,15,10,0.0
2644,14.331663161494893,14,11,0.0
2645,24.6703544749421,15,10,0.0
2646,4.240138568144995,13,12,0.0
2647,14.525031843484376,14,11,0.0
2648,26.649409923562754,15,10,0.0
2649,15.230205976586243,14,11,0.0
2650,15.46839838323367,14,11,0.0
2651,34.31603218469503,16,9,0.0
2652,-5.3403999610027775,12,13,0.0
2653,14.834625572732959,14,11,0.0
2654,25.21828637531295,15,10,0.0
2655,25.061441142720312,15,10,0.0
2656,4.364514465323989,13,12,0.0
2657,26.21975020022666,15,10,0.0
2658,25.334948501951164,15,10,0.0
2659,34.44111752829835,16,9,0.0
2660,34.25032567151891,16,9,0.0
2661,36.07726643502849,16,9,0.0
2662,14.391546687942755,14,11,0.0
2663,25.291729197928234,15,10,0.0
2664,25.66892145288682,15,10,0.0
2665,-3.8125112499045217,12,13,0.0
2666,14.741937551234138,14,11,0.0
2667,24.249424499794475,15,10,0.0
2668,15.81145287084854,14,11,0.0
2669,15.61579579579725,14,11,0.0
2670,24.721085526106876,15,10,0.0
2671,15.24798661057952,14,11,0.0
2672,25.015126761882833,15,10,0.0
2673,24.79014956842722,15,10,0.0
2674,-25.76413098228423,10,15,0.0
2675,13.893061924160225,14,11,0.0
2676,34.840429993752984,16,9,0.0
2677,14.871228076167734,14,11,0.0
2678,15.05062430055501,14,11,0.0
2679,16.0785061310237,14,11,0.0
2680,5.634770082078175,13,12,0.0
2681,25.451329745516706,15,10,0.0
2682,5.76335745054239,13,12,0.0
2683,3.6898906129454536,13,12,0.0
2684,15.425163235095056,14,11,0.0
2685,4.769640076587188,13,12,0.0
2686,14.95665604579239,14,11,0.0
2687,24.020223634781733,15,10,0.0
2688,14.815077118415855,14,11,0.0
2689,44.90406788102542,17,8,0.0
2690,15.265498617532163,14,11,0.0
2691,-5.162689299400812,12,13,0.0
2692,36.63265607468515,16,9,0.0
2693,35.707099797091914,16,9,0.0
2694,35.01440664908607,16,9,0.0
2695,5.327778868552141,13,12,0.0
2696,35.4175381240799,16,9,0.0
2697,23.38456260764159,15,10,0.0
2698,34.683139228881586,16,9,0.0
2699,25.21013579005166,15,10,0.0
2700,25.322252712180344,15,10,0.0
2701,35.72599132999578,16,9,0.0
2702,25.220511001671106,15,10,0.0
2703,25.152883329424036,15,10,0.0
2704,14.878319786649989,14,11,0.0
2705,15.965859998279962,14,11,0.0
2706,4.601250067108483,13,12,0.0
2707,24.92294607338747,15,10,0.0
2708,5.329407048983395,13,12,0.0
2709,34.92090295628948,16,9,0.0
2710,35.451203593900026,16,9,0.0
2711,4.317123862060535,13,12,0.0
2712,23.86848166029658,15,10,0.0
2713,15.832048566824058,14,11,0.0
2714,25.305268181122358,15,10,0.0
2715,13.958367456307322,14,11,0.0
2716,34.3371830030957,16,9,0.0
2717,25.213917543576443,15,10,0.0
2718,36.05194537701911,16,9,0.0
2719,24.180964104153063,15,10,0.0
2720,35.53844087959145,16,9,0.0
2721,14.909877640704764,14,11,0.0
2722,24.600389119819724,15,10,0.0
2723,25.46359630177644,15,10,0.0
2724,26.054007430939578,15,10,0.0
2725,16.424663884511634,14,11,0.0
2726,26.453316429823218,15,10,0.0
2727,24.879389598435868,15,10,0.0
2728,5.317049699216696,13,12,0.0
2729,2.98516341996209,13,12,0.0
2730,36.41707022826352,16,9,0.0
2731,15.37926655963557,14,11,0.0
2732,16.170845523408737,14,11,0.0
2733,3.998381301403416,13,12,0.0
2734,15.206574130912081,14,11,0.0
2735,34.955858229598306,16,9,0.0
2736,14.829824121525151,14,11,0.0
2737,25.94105495773377,15,10,0.0
2738,5.80614452131293,13,12,0.0
2739,25.26692756947208,15,10,0.0
2740,35.291005077434924,16,9,0.0
2741,25.29903596495618,15,10,0.0
2742,35.03768290891758,16,9,0.0
2743,33.90486850791203,16,9,0.0
2744,35.348805572091294,16,9,0.0
2745,15.407528712213367,14,11,0.0
2746,24.703011734321294,15,10,0.0
2747,24.608355418469728,15,10,0.0
2748,3.6705854810653094,13,12,0.0
2749,24.912537571648844,15,10,0.0
2750,35.163503385133815,16,9,0.0
2751,34.62128126813693,16,9,0.0
2752,15.216319679889214,14,11,0.0
2753,5.320554510259638,13,12,0.0
2754,14.811487543644445,14,11,0.0
2755,25.91415703718254,15,10,0.0
2756,4.860538251182689,13,12,0.0
2757,23.649449419679048,15,10,0.0
2758,34.57640166292733,16,9,0.0
2759,24.82200650087443,15,10,0.0
2760,14.694823047441282,14,11,0.0
2761,24.654265461694884,15,10,0.0
2762,14.009099972090338,14,11,0.0
2763,15.21719359126565,14,11,0.0
2764,25.17593030146839,15,10,0.0
2765,35.2032327235321,16,9,0.0
2766,15.33231734345391,14,11,0.0
2767,15.80033863168882,14,11,0.0
2768,15.092413523633853,14,11,0.0
2769,34.82336359418156,16,9,0.0
2770,16.39217029022204,14,11,0.0
2771,34.784796672767825,16,9,0.0
2772,15.177193832364406,14,11,0.0
2773,23.995137807351625,15,10,0.0
2774,23.483869380719334,15,10,0.0
2775,25.547841920509285,15,10,0.0
2776,35.035143879293734,16,9,0.0
2777,25.153362288859135,15,10,0.0
2778,46.0727314314231,17,8,0.0
2779,-5.648019430968457,12,13,0.0
2780,35.63872698333725,16,9,0.0
2781,45.24695191281241,17,8,0.0
2782,14.934221439920414,14,11,0.0
2783,26.159718707303522,15,10,0.0
2784,46.01278394628162,17,8,0.0
2785,14.064804214274274,14,11,0.0
2786,25.541984586198765,15,10,0.0
2787,34.725840716769156,16,9,0.0
2788,36.72833924284005,16,9,0.0
2789,25.713425752824357,15,10,0.0
2790,14.280910223456619,14,11,0.0
2791,34.61826854401011,16,9,0.0
2792,34.3241321809505,16,9,0.0
2793,44.583709112414176,17,8,0.0
2794,25.895360073506637,15,10,0.0
2795,24.465258880195243,15,10,0.0
2796,26.382423218243645,15,10,0.0
2797,15.676876061949088,14,11,0.0
2798,15.182301198047107,14,11,0.0
2799,45.513097118166954,17,8,0.0
2800,25.300253898954082,15,10,0.0
2801,35.43632971485549,16,9,0.0
2802,25.192704048268794,15,10,0.0
2803,34.55818482136809,16,9,0.0
2804,44.27050646661963,17,8,0.0
2805,13.516248227905185,14,11,0.0
2806,44.160485692760155,17,8,0.0
2807,-5.666956744954268,12,13,0.0
2808,15.141412166930216,14,11,0.0
2809,24.859156058550564,15,10,0.0
2810,24.67205403492826,15,10,0.0
2811,16.38080833998977,14,11,0.0
2812,45.814352758162904,17,8,0.0
2813,14.668832075793265,14,11,0.0
2814,35.73683137542371,16,9,0.0
2815,-26.466136522770963,10,15,0.0
2816,32.7759229438772,16,9,0.0
2817,24.94707898941974,15,10,0.0
2818,34.682292562936446,16,9,0.0
2819,25.333939269850514,15,10,0.0
2820,15.136575782911898,14,11,0.0
2821,5.526787266214457,13,12,0.0
2822,36.15422676348551,16,9,0.0
2823,24.171707346835262,15,10,0.0
2824,15.536131439107443,14,11,0.0
2825,24.199583379241748,15,10,0.0
2826,4.826705498295874,13,12,0.0
2827,24.211195018810265,15,10,0.0
2828,14.479439126998452,14,11,0.0
2829,15.047300560187532,14,11,0.0
2830,34.06047902473892,16,9,0.0
2831,23.96552993942879,15,10,0.0
2832,14.502361965546122,14,11,0.0
2833,24.416887434547505,15,10,0.0
2834,3.6285490706600085,13,12,0.0
2835,34.65421661192801,16,9,0.0
2836,25.61429898546715,15,10,0.0
2837,25.202217086788135,15,10,0.0
2838,14.489021139781908,14,11,0.0
2839,35.89485526771079,16,9,0.0
2840,25.757697189561075,15,10,0.0
2841,-6.086348162278146,12,13,0.0
2842,34.638761871857355,16,9,0.0
2843,23.644791663188457,15,10,0.0
2844,35.27857601729035,16,9,0.0
2845,35.11609962837416,16,9,0.0
2846,36.040016378131796,16,9,0.0
2847,24.19552186847445,15,10,0.0
2848,46.2022496740521,17,8,0.0
2849,34.49661917491603,16,9,0.0
2850,45.6300832619577,17,8,0.0
2851,3.862668129716649,13,12,0.0
2852,25.20234095383107,15,10,0.0
2853,45.129806686002716,17,8,0.0
2854,14.629881666022815,14,11,0.0
2855,15.614180536547742,14,11,0.0
2856,15.024552495535556,14,11,0.0
2857,25.017658239086344,15,10,0.0
2858,14.040011899951804,14,11,0.0
2859,14.260274575644521,14,11,0.0
2860,35.0372445152374,16,9,0.0
2861,-26.55135527167214,10,15,0.0
2862,25.2148258339299,15,10,0.0
2863,24.524976696090267,15,10,0.0
2864,35.799241477493595,16,9,0.0
2865,25.239406402052886,15,10,0.0
2866,15.201613052192382,14,11,0.0
2867,25.926200818049,15,10,0.0
2868,14.82354603812038,14,11,0.0
2869,45.34888906262949,17,8,0.0
2870,3.6902700825261388,13,12,0.0
2871,24.850012572932588,15,10,0.0
2872,15.667485196511397,14,11,0.0
2873,34.61816868811444,16,9,0.0
2874,13.613871138264866,14,11,0.0
2875,25.992196356779402,15,10,0.0
2876,5.442830247251694,13,12,0.0
2877,23.840489903569374,15,10,0.0
2878,5.692851220999692,13,12,0.0
2879,33.4570866289174,16,9,0.0
2880,35.65279155567512,16,9,0.0
2881,4.003565601157112,13,12,0.0
2882,24.992801709267898,15,10,0.0
2883,25.87623432037477,15,10,0.0
2884,34.49291971225014,16,9,0.0
2885,25.066461034898747,15,10,0.0
2886,25.46658838250702,15,10,0.0
2887,36.63747935281516,16,9,0.0
2888,34.795472376746595,16,9,0.0
2889,34.45384702018295,16,9,0.0
2890,35.702364061565206,16,9,0.0
2891,25.97825615880469,15,10,0.0
2892,24.404246162619526,15,10,0.0
2893,34.14326669379981,16,9,0.0
2894,34.70387100781555,16,9,0.0
2895,45.53793167222481,17,8,0.0
2896,25.604694742820513,15,10,0.0
2897,35.30936175065774,16,9,0.0
2898,34.926602227943135,16,9,0.0
2899,15.851085783965923,14,11,0.0
2900,2.885296025017773,13,12,0.0
2901,25.04255597491118,15,10,0.0
2902,45.497036105128544,17,8,0.0
2903,44.05713319497861,17,8,0.0
2904,15.653192578400828,14,11,0.0
2905,35.75934414679786,16,9,0.0
2906,34.3441875599799,16,9,0.0
2907,24.97224407441076,15,10,0.0
2908,14.396097383801052,14,11,0.0
2909,24.657390671102092,15,10,0.0
2910,14.851074234668722,14,11,0.0
2911,45.267926781954685,17,8,0.0
2912,14.363131825825931,14,11,0.0
2913,25.359471867780456,15,10,0.0
2914,14.886571570362957,14,11,0.0
2915,25.61311948145693,15,10,0.0
2916,25.61092930059076,15,10,0.0
2917,44.68361124542715,17,8,0.0
2918,45.33555634606486,17,8,0.0
2919,24.327218346171186,15,10,0.0
2920,24.708977226109198,15,10,0.0
2921,24.520087186073916,15,10,0.0
2922,14.637280908929744,14,11,0.0
2923,14.372020745223061,14,11,0.0
2924,34.144909997364785,16,9,0.0
2925,46.15622090248168,17,8,0.0
2926,-4.739381259418058,12,13,0.0
2927,13.87780878357323,14,11,0.0
2928,24.226024909440376,15,10,0.0
2929,14.729946208577092,14,11,0.0
2930,34.743801235317356,16,9,0.0
2931,34.31353790013474,16,9,0.0
2932,14.280934898267367,14,11,0.0
2933,15.624281764520497,14,11,0.0
2934,15.838688390782337,14,11,0.0
2935,34.161723618658456,16,9,0.0
2936,15.06996914382388,14,11,0.0
2937,24.72620899065785,15,10,0.0
2938,36.036896748073175,16,9,0.0
2939,35.18856542764402,16,9,0.0
2940,2.1811844141990875,13,12,0.0
2941,25.603186264783766,15,10,0.0
2942,4.331034980995172,13,12,0.0
2943,45.36151404965311,17,8,0.0
2944,14.393938924698993,14,11,0.0
2945,25.536616948633714,15,10,0.0
2946,25.345334694934955,15,10,0.0
2947,4.3620802388842765,13,12,0.0
2948,45.76925532766333,17,8,0.0
2949,35.51576823873249,16,9,0.0
2950,36.14010175196122,16,9,0.0
2951,24.548793133040625,15,10,0.0
2952,15.950280165784473,14,11,0.0
2953,43.6234562025698,17,8,0.0
2954,15.556347085702475,14,11,0.0
2955,25.238836098782038,15,10,0.0
2956,16.353533072090208,14,11,0.0
2957,15.042194249956676,14,11,0.0
2958,25.369311290568888,15,10,0.0
2959,34.01308978446517,16,9,0.0
2960,35.26418415616812,16,9,0.0
2961,23.77494998825668,15,10,0.0
2962,4.374646083776385,13,12,0.0
2963,34.967801710668176,16,9,0.0
2964,44.26249915960148,17,8,0.0
2965,25.72587743533097,15,10,0.0
2966,25.28708498495933,15,10,0.0
2967,35.248650582678884,16,9,0.0
2968,35.68282491120484,16,9,0.0
2969,24.43551662903343,15,10,0.0
2970,15.181958468314422,14,11,0.0
2971,34.63761612486121,16,9,0.0
2972,26.21711480765885,15,10,0.0
2973,14.431780260387434,14,11,0.0
2974,35.0306738692934,16,9,0.0
2975,34.58185539350947,16,9,0.0
2976,24.470592249147085,15,10,0.0
2977,35.02638005337951,16,9,0.0
2978,24.859363279809223,15,10,0.0
2979,15.184933665409892,14,11,0.0
2980,36.537188588205126,16,9,0.0
2981,24.89277654715763,15,10,0.0
2982,14.68984280977519,14,11,0.0
2983,35.093717077588984,16,9,0.0
2984,13.81543313479835,14,11,0.0
2985,26.09524703313317,15,10,0.0
2986,-5.2742423050304925,12,13,0.0
2987,3.3208659866342636,13,12,0.0
2988,14.36931655494124,14,11,0.0
2989,3.854502440595695,13,12,0.0
2990,24.75901821235633,15,10,0.0
2991,35.56196587289056,16,9,0.0
2992,15.390928857625019,14,11,0.0
2993,4.391567590650515,13,12,0.0
2994,14.945314718824754,14,11,0.0
2995,35.666213343946055,16,9,0.0
2996,46.07021761714969,17,8,0.0
2997,3.8384406107152422,13,12,0.0
2998,-5.582454569113029,12,13,0.0
2999,24.62773281992198,15,10,0.0
3000,24.197237443627305,15,10,0.0
3001,14.764266532005866,14,11,0.0
3002,24.472788349786754,15,10,0.0
3003,24.89853165023182,15,10,0.0
3004,34.58131974615801,16,9,0.0
3005,45.17894087823012,17,8,0.0
3006,35.663284389641696,16,9,0.0
3007,25.9799328398228,15,10,0.0
3008,14.133428613874408,14,11,0.0
3009,15.811944921762892,14,11,0.0
3010,25.47795458810338,15,10,0.0
3011,23.901451572420118,15,10,0.0
3012,3.234014764796772,13,12,0.0
3013,34.94337043792456,16,9,0.0
3014,24.658337570632327,15,10,0.0
3015,24.69080139084712,15,10,0.0
3016,25.319659762745136,15,10,0.0
3017,34.86363101048888,16,9,0.0
3018,34.44826214084112,16,9,0.0
3019,24.381787559836898,15,10,0.0
3020,36.11313328149312,16,9,0.0
3021,33.71359882956284,16,9,0.0
3022,25.435315351880053,15,10,0.0
3023,43.92217860832755,17,8,0.0
3024,44.18973034412955,17,8,0.0
3025,-5.126273690135271,12,13,0.0
3026,44.35300270051788,17,8,0.0
3027,34.69933539423461,16,9,0.0
3028,13.505386956483402,14,11,0.0
3029,24.27915474029941,15,10,0.0
3030,23.301396497382772,15,10,0.0
3031,25.111541868032354,15,10,0.0
3032,24.223872158571037,15,10,0.0
3033,35.7787056724647,16,9,0.0
3034,33.82437165385471,16,9,0.0
3035,5.135462349030281,13,12,0.0
3036,14.64794561410725,14,11,0.0
3037,34.269168212450325,16,9,0.0
3038,23.901666264890395,15,10,0.0
3039,24.061996607642854,15,10,0.0
3040,25.52501851831674,15,10,0.0
3041,34.17600670104796,16,9,0.0
3042,-4.6608193342556135,12,13,0.0
3043,34.892611195890524,16,9,0.0
3044,35.202460563195416,16,9,0.0
3045,34.52103204946323,16,9,0.0
3046,34.61551072372513,16,9,0.0
3047,25.84741272201682,15,10,0.0
3048,3.4051815339748615,13,12,0.0
3049,25.221553999090418,15,10,0.0
3050,35.901575509335224,16,9,0.0
3051,-5.423186998507344,12,13,0.0
3052,25.668384942611993,15,10,0.0
3053,35.35746046103145,16,9,0.0
3054,34.444256735152464,16,9,0.0
3055,34.90108231621095,16,9,0.0
3056,4.8639894907121555,13,12,0.0
3057,25.76171511203347,15,10,0.0
3058,25.266947536052363,15,10,0.0
3059,24.601592052809615,15,10,0.0
3060,14.528857999927487,14,11,0.0
3061,25.27790888895403,15,10,0.0
3062,14.7543019339668,14,11,0.0
3063,15.998463092676907,14,11,0.0
3064,33.6917321333769,16,9,0.0
3065,13.78148737870746,14,11,0.0
3066,25.0147773647739,15,10,0.0
3067,4.592913378025978,13,12,0.0
3068,35.31781542626351,16,9,0.0
3069,14.992182200879673,14,11,0.0
3070,24.909098527105847,15,10,0.0
3071,46.26924722891983,17,8,0.0
3072,-6.519453741956765,12,13,0.0
3073,25.857200978474996,15,10,0.0
3074,15.680854592688977,14,11,0.0
3075,25.811878101517927,15,10,0.0
3076,34.45591644596795,16,9,0.0
3077,25.574996313928047,15,10,0.0
3078,35.88908640412076,16,9,0.0
3079,35.701148835322094,16,9,0.0
3080,13.968344396861815,14,11,0.0
3081,35.60503487481876,16,9,0.0
3082,24.659044926177614,15,10,0.0
3083,3.5560709004971134,13,12,0.0
3084,25.61528237767879,15,10,0.0
3085,34.884843019810525,16,9,0.0
3086,13.49349330801256,14,11,0.0
3087,24.224409575250363,15,10,0.0
3088,3.5288320741076173,13,12,0.0
3089,35.09696047805819,16,9,0.0
3090,15.192312355875352,14,11,0.0
3091,15.635312355295703,14,11,0.0
3092,3.055209985338882,13,12,0.0
3093,35.91788143113482,16,9,0.0
3094,24.597267040522667,15,10,0.0
3095,45.198161516978054,17,8,0.0
3096,45.60237988171967,17,8,0.0
3097,44.42768982650938,17,8,0.0
3098,34.01435251578343,16,9,0.0
3099,35.3928574489959,16,9,0.0
3100,35.46153136216864,16,9,0.0
3101,-5.237919025499714,12,13,0.0
3102,25.40972382700986,15,10,0.0
3103,33.340638701086576,16,9,0.0
3104,4.916466252815996,13,12,0.0
3105,45.40934528207444,17,8,0.0
3106,4.758726246673179,13,12,0.0
3107,4.841247913535408,13,12,0.0
3108,35.97020448750348,16,9,0.0
3109,35.56290498746881,16,9,0.0
3110,35.07755460488366,16,9,0.0
3111,23.845659910702846,15,10,0.0
3112,34.939713292914305,16,9,0.0
3113,4.022805461702848,13,12,0.0
3114,24.624293265274744,15,10,0.0
3115,14.083310543972516,14,11,0.0
3116,45.4877188624662,17,8,0.0
3117,25.501162974976594,15,10,0.0
3118,22.83676944129986,15,10,0.0
3119,35.6893825464556,16,9,0.0
3120,24.162354419675488,15,10,0.0
3121,25.012669459870786,15,10,0.0
3122,25.780223427753555,15,10,0.0
3123,25.354653176763037,15,10,0.0
3124,35.852888700037255,16,9,0.0
3125,34.99357914128591,16,9,0.0
3126,14.31246947537254,14,11,0.0
3127,35.30579343335754,16,9,0.0
3128,24.674359386062147,15,10,0.0
3129,25.662201223789573,15,10,0.0
3130,25.154602921942192,15,10,0.0
3131,45.50378206115191,17,8,0.0
3132,36.860514141580275,16,9,0.0
3133,46.26331534577674,17,8,0.0
3134,24.98039283744756,15,10,0.0
3135,24.6629754950974,15,10,0.0
3136,24.321341474478217,15,10,0.0
3137,35.26169501092187,16,9,0.0
3138,24.849784888980665,15,10,0.0
3139,13.854363273088325,14,11,0.0
3140,25.80023288724841,15,10,0.0
3141,24.6795574362018,15,10,0.0
3142,34.54812003342276,16,9,0.0
3143,24.582479313751538,15,10,0.0
3144,35.7356443769749,16,9,0.0
3145,15.167368714682937,14,11,0.0
3146,-5.923278728839327,12,13,0.0
3147,24.429256505152082,15,10,0.0
3148,34.99788192389509,16,9,0.0
3149,34.46831137798245,16,9,0.0
3150,3.9973739036285547,13,12,0.0
3151,25.064402648869805,15,10,0.0
3152,25.41790918910492,15,10,0.0
3153,34.85111343760331,16,9,0.0
3154,24.672837511701385,15,10,0.0
3155,24.666105187148858,15,10,0.0
3156,45.17248947875777,17,8,0.0
3157,46.50365516166767,17,8,0.0
3158,5.836030730480058,13,12,0.0
3159,45.54576686029701,17,8,0.0
3160,14.458899039858585,14,11,0.0
3161,14.008039107000384,14,11,0.0
3162,15.013895022872788,14,11,0.0
3163,33.334488123813685,16,9,0.0
3164,15.468043857333441,14,11,0.0
3165,15.688075210415352,14,11,0.0
3166,24.020723300879503,15,10,0.0
3167,45.01374947256561,17,8,0.0
3168,44.945114378484696,17,8,0.0
3169,14.800195682838082,14,11,0.0
3170,45.88183029946774,17,8,0.0
3171,24.727791015418873,15,10,0.0
3172,34.45034854494183,16,9,0.0
3173,15.979508576622838,14,11,0.0
3174,34.65440101762929,16,9,0.0
3175,34.556513968265264,16,9,0.0
3176,35.72481034364274,16,9,0.0
3177,35.75324699550301,16,9,0.0
3178,24.96667871030251,15,10,0.0
3179,23.871146214829956,15,10,0.0
3180,34.475040587726184,16,9,0.0
3181,33.50376359269268,16,9,0.0
3182,35.34120106544149,16,9,0.0
3183,13.890989944694265,14,11,0.0
3184,14.146060893468173,14,11,0.0
3185,13.406603559043242,14,11,0.0
3186,14.56959066000151,14,11,0.0
3187,34.66907806089575,16,9,0.0
3188,15.616035914378763,14,11,0.0
3189,15.006320546746151,14,11,0.0
3190,34.280378261392705,16,9,0.0
3191,13.822064982345843,14,11,0.0
3192,35.20182250542898,16,9,0.0
3193,35.165500525106836,16,9,0.0
3194,34.33750779788002,16,9,0.0
3195,14.010137263486769,14,11,0.0
3196,34.63105970058754,16,9,0.0
3197,24.82261338815853,15,10,0.0
3198,33.487268277205565,16,9,0.0
3199,13.795077748493878,14,11,0.0
3200,24.89054204514769,15,10,0.0
3201,24.920291963051206,15,10,0.0
3202,14.783206688729152,14,11,0.0
3203,35.511831652621424,16,9,0.0
3204,14.62567986187373,14,11,0.0
3205,33.89985595307988,16,9,0.0
3206,25.001755170375663,15,10,0.0
3207,23.83699021037375,15,10,0.0
3208,35.20823040181794,16,9,0.0
3209,14.098436372977055,14,11,0.0
3210,24.08778201010368,15,10,0.0
3211,4.695759397981654,13,12,0.0
3212,24.404795048200096,15,10,0.0
3213,34.793348143307455,16,9,0.0
3214,24.26133425528773,15,10,0.0
3215,34.482021830729025,16,9,0.0
3216,35.550715905477595,16,9,0.0
3217,44.50699889786972,17,8,0.0
3218,44.00565465891139,17,8,0.0
3219,14.91755056655761,14,11,0.0
3220,4.05137973502578,13,12,0.0
3221,45.58663929495357,17,8,0.0
3222,34.205878385316275,16,9,0.0
3223,24.20592976658184,15,10,0.0
3224,13.418097066647247,14,11,0.0
3225,33.84184758974784,16,9,0.0
3226,24.314275812401824,15,10,0.0
3227,14.320007190823853,14,11,0.0
3228,34.34960031659682,16,9,0.0
3229,45.45020260600165,17,8,0.0
3230,35.617658713163074,16,9,0.0
3231,33.89818182025402,16,9,0.0
3232,14.466475135007098,14,11,0.0
3233,44.747847784569615,17,8,0.0
3234,34.27830624441675,16,9,0.0
3235,34.66068665897866,16,9,0.0
3236,24.937501075616883,15,10,0.0
3237,13.284745605457301,14,11,0.0
3238,4.588890501904904,13,12,0.0
3239,44.74686006888092,17,8,0.0
3240,23.962060366471526,15,10,0.0
3241,15.047614312033518,14,11,0.0
3242,34.407268454449394,16,9,0.0
3243,34.239365044390986,16,9,0.0
3244,44.66671351694872,17,8,0.0
3245,25.992341756349138,15,10,0.0
3246,24.674858128666404,15,10,0.0
3247,24.387480251533837,15,10,0.0
3248,-16.64916285999142,11,14,0.0
3249,35.228532653951575,16,9,0.0
3250,14.577265518538574,14,11,0.0
3251,34.53960275076471,16,9,0.0
3252,35.2825026429898,16,9,0.0
3253,14.672366075263424,14,11,0.0
3254,26.335555700239787,15,10,0.0
3255,-16.288378475969758,11,14,0.0
3256,24.10004036629055,15,10,0.0
3257,24.093984075908207,15,10,0.0
3258,-5.429785467776288,12,13,0.0
3259,24.234990844593852,15,10,0.0
3260,-7.24986316045049,12,13,0.0
3261,13.76513878451441,14,11,0.0
3262,33.587073655448016,16,9,0.0
3263,34.78044807230332,16,9,0.0
3264,23.950213572670904,15,10,0.0
3265,24.88801112588341,15,10,0.0
3266,34.34756848453925,16,9,0.0
3267,3.4844993484324114,13,12,0.0
3268,13.906317285271065,14,11,0.0
3269,35.53423189541337,16,9,0.0
3270,23.788339181256422,15,10,0.0
3271,23.238207868291084,15,10,0.0
3272,23.559065161402252,15,10,0.0
3273,45.07081506972825,17,8,0.0
3274,24.58325140135535,15,10,0.0
3275,34.494449052652385,16,9,0.0
3276,45.344793954324594,17,8,0.0
3277,24.9845691820017,15,10,0.0
3278,34.24439968831,16,9,0.0
3279,45.483812603425235,17,8,0.0
3280,34.586432730130056,16,9,0.0
3281,33.281932367487855,16,9,0.0
3282,34.34366198431702,16,9,0.0
3283,34.408999234109224,16,9,0.0
3284,23.050784984315474,15,10,0.0
3285,34.0461695979417,16,9,0.0
3286,13.138734506234439,14,11,0.0
3287,34.28544567618967,16,9,0.0
3288,3.9517374085044654,13,12,0.0
3289,25.623498923719573,15,10,0.0
3290,45.60598599113977,17,8,0.0
3291,23.57024016691436,15,10,0.0
3292,34.214015311830146,16,9,0.0
3293,35.74309924685281,16,9,0.0
3294,24.661918854252114,15,10,0.0
3295,24.089881088552648,15,10,0.0
3296,24.1127696077507,15,10,0.0
3297,35.876375870167195,16,9,0.0
3298,35.086538186961704,16,9,0.0
3299,25.00844840407807,15,10,0.0
3300,45.54529291950491,17,8,0.0
3301,14.092379011742494,14,11,0.0
3302,35.78869701225474,16,9,0.0
3303,15.476684708140711,14,11,0.0
3304,23.871218394266897,15,10,0.0
3305,46.263566028836955,17,8,0.0
3306,15.081490732174661,14,11,0.0
3307,35.67354061859389,16,9,0.0
3308,13.538165920877669,14,11,0.0
3309,14.693280866059833,14,11,0.0
3310,45.59886737610521,17,8,0.0
3311,44.99470344801818,17,8,0.0
3312,25.013707350135057,15,10,0.0
3313,13.853414028944899,14,11,0.0
3314,24.977549965947475,15,10,0.0
3315,14.975474414723227,14,11,0.0
3316,35.41066617920515,16,9,0.0
3317,13.500077026996808,14,11,0.0
3318,45.722892673593165,17,8,0.0
3319,14.007488349155809,14,11,0.0
3320,23.416997000928536,15,10,0.0
3321,36.10597111180484,16,9,0.0
3322,33.8036387740705,16,9,0.0
3323,23.925665985767104,15,10,0.0
3324,35.03957141502002,16,9,0.0
3325,34.94413736961847,16,9,0.0
3326,2.9146873869469427,13,12,0.0
3327,45.1070917161022,17,8,0.0
3328,-6.818822729310991,12,13,0.0
3329,25.55724450597174,15,10,0.0
3330,24.735966785637142,15,10,0.0
3331,3.3801334819583175,13,12,0.0
3332,34.591046321568854,16,9,0.0
3333,13.98319579432807,14,11,0.0
3334,24.479724961096505,15,10,0.0
3335,15.570309298863167,14,11,0.0
3336,13.656921687657295,14,11,0.0
3337,44.528509131483744,17,8,0.0
3338,44.546957925784405,17,8,0.0
3339,34.970948027474094,16,9,0.0
3340,-6.3917322672309265,12,13,0.0
3341,44.87272658129596,17,8,0.0
3342,24.7487990202086,15,10,0.0
3343,34.722651557862335,16,9,0.0
3344,24.838258978397512,15,10,0.0
3345,35.51120911268655,16,9,0.0
3346,25.252523664090447,15,10,0.0
3347,35.901424938768514,16,9,0.0
3348,14.557036551948594,14,11,0.0
3349,23.36523297225485,15,10,0.0
3350,34.890806504553936,16,9,0.0
3351,25.80671713007585,15,10,0.0
3352,4.4819221023596505,13,12,0.0
3353,24.168826908525,15,10,0.0
3354,25.77609492645685,15,10,0.0
3355,25.773916418296288,15,10,0.0
3356,13.761774311507843,14,11,0.0
3357,45.88102453635148,17,8,0.0
3358,25.544058714245793,15,10,0.0
3359,35.75357030444716,16,9,0.0
3360,-6.749500410102156,12,13,0.0
3361,35.39028761565553,16,9,0.0
3362,15.404425139864498,14,11,0.0
3363,33.75165522571714,16,9,0.0
3364,3.9637612929052803,13,12,0.0
3365,45.45910016303852,17,8,0.0
3366,4.603879326275202,13,12,0.0
3367,14.0726462272842,14,11,0.0
3368,23.884286785738453,15,10,0.0
3369,24.60245021779088,15,10,0.0
3370,24.611605054246784,15,10,0.0
3371,23.587748183276553,15,10,0.0
3372,13.606986206455868,14,11,0.0
3373,15.19085285266013,14,11,0.0
3374,23.723830031658057,15,10,0.0
3375,25.291883135815567,15,10,0.0
3376,45.064408925002276,17,8,0.0
3377,14.983733308910542,14,11,0.0
3378,14.485226946787973,14,11,0.0
3379,35.530997198679856,16,9,0.0
3380,4.597435520527657,13,12,0.0
3381,44.94537862501594,17,8,0.0
3382,33.9836839630666,16,9,0.0
3383,35.151041971391166,16,9,0.0
3384,34.841076091573754,16,9,0.0
3385,14.584879013824029,14,11,0.0
3386,34.67484871434638,16,9,0.0
3387,34.639130290163656,16,9,0.0
3388,25.266579296633857,15,10,0.0
3389,44.882906910319576,17,8,0.0
3390,34.78369755364299,16,9,0.0
3391,33.02683369768828,16,9,0.0
3392,24.788608654110366,15,10,0.0
3393,24.328276012059362,15,10,0.0
3394,13.006576650396557,14,11,0.0
3395,24.423389533826402,15,10,0.0
3396,15.429838296777733,14,11,0.0
3397,23.816260822851323,15,10,0.0
3398,44.82677299247566,17,8,0.0
3399,5.068079699433828,13,12,0.0
3400,33.4691263196037,16,9,0.0
3401,44.46017406519519,17,8,0.0
3402,25.240335763962765,15,10,0.0
3403,24.85215316825022,15,10,0.0
3404,35.0729496661264,16,9,0.0
3405,35.2349077152944,16,9,0.0
3406,4.9295176704613475,13,12,0.0
3407,24.87731936630316,15,10,0.0
3408,14.633185076846766,14,11,0.0
3409,35.15198679966424,16,9,0.0
3410,34.10976993035311,16,9,0.0
3411,14.115950758622816,14,11,0.0
3412,23.191477735459557,15,10,0.0
3413,34.56729379030884,16,9,0.0
3414,35.102043873317456,16,9,0.0
3415,24.63214416484829,15,10,0.0
3416,33.604038276304934,16,9,0.0
3417,23.946748388035815,15,10,0.0
3418,-6.330362272875338,12,13,0.0
3419,13.845446919430124,14,11,0.0
3420,24.073636047733622,15,10,0.0
3421,13.48466646123933,14,11,0.0
3422,35.15127017234587,16,9,0.0
3423,24.233126475469906,15,10,0.0
3424,35.13538792834109,16,9,0.0
3425,35.535444379313425,16,9,0.0
3426,23.708337439669478,15,10,0.0
3427,23.473435712185406,15,10,0.0
3428,24.915845432547208,15,10,0.0
3429,34.155794785715365,16,9,0.0
3430,33.76663702501244,16,9,0.0
3431,24.665648996819645,15,10,0.0
3432,34.17983853054055,16,9,0.0
3433,14.692353355016152,14,11,0.0
3434,45.145077375246075,17,8,0.0
3435,44.58328817469434,17,8,0.0
3436,45.70939165173893,17,8,0.0
3437,25.150221346609154,15,10,0.0
3438,45.64092468702579,17,8,0.0
3439,34.33380587628288,16,9,0.0
3440,14.793564325593959,14,11,0.0
3441,33.443532488627355,16,9,0.0
3442,35.30347163495592,16,9,0.0
3443,4.452819102275573,13,12,0.0
3444,44.63835359171364,17,8,0.0
3445,45.81726335171968,17,8,0.0
3446,44.07295205376982,17,8,0.0
3447,24.032480734115396,15,10,0.0
3448,44.4683535688429,17,8,0.0
3449,35.64136998995246,16,9,0.0
3450,45.282635951626425,17,8,0.0
3451,35.50064814072045,16,9,0.0
3452,23.432731845701873,15,10,0.0
3453,24.564677408344636,15,10,0.0
3454,15.480691498980685,14,11,0.0
3455,24.74463708527442,15,10,0.0
3456,35.22443395445074,16,9,0.0
3457,44.05463786626418,17,8,0.0
3458,33.75330932625035,16,9,0.0
3459,25.58354911834016,15,10,0.0
3460,45.437140982521505,17,8,0.0
3461,35.41826797111374,16,9,0.0
3462,23.941859497362636,15,10,0.0
3463,35.80680120450688,16,9,0.0
3464,24.53022737483289,15,10,0.0
3465,45.5563133830749,17,8,0.0
3466,34.45251415484428,16,9,0.0
3467,24.51054266998377,15,10,0.0
3468,34.591753063208884,16,9,0.0
3469,34.20400337253474,16,9,0.0
3470,33.87067328381933,16,9,0.0
3471,24.094998769968683,15,10,0.0
3472,45.39622737936213,17,8,0.0
3473,3.58567592286847,13,12,0.0
3474,34.933961787419875,16,9,0.0
3475,-7.4849668284974165,12,13,0.0
3476,44.767085461942955,17,8,0.0
3477,33.96780031818901,16,9,0.0
3478,15.391884433581124,14,11,0.0
3479,24.334217291340373,15,10,0.0
3480,45.79280052068406,17,8,0.0
3481,23.386453564335238,15,10,0.0
3482,25.0405947175706,15,10,0.0
3483,25.302607754903818,15,10,0.0
3484,2.460964115930709,13,12,0.0
3485,23.942876038750676,15,10,0.0
3486,24.525262359944634,15,10,0.0
3487,25.36264068020155,15,10,0.0
3488,35.20702726350656,16,9,0.0
3489,33.67839965216097,16,9,0.0
3490,34.74995745509794,16,9,0.0
3491,23.352283767910137,15,10,0.0
3492,33.536901676868034,16,9,0.0
3493,13.620384293181743,14,11,0.0
3494,13.756056091752747,14,11,0.0
3495,13.512363231315447,14,11,0.0
3496,14.789415840883162,14,11,0.0
3497,25.2450715021405,15,10,0.0
3498,24.36741417020284,15,10,0.0
3499,24.340002843960697,15,10,0.0
3500,44.14714132191522,17,8,0.0
3501,24.773245216347064,15,10,0.0
3502,24.23620293132433,15,10,0.0
3503,25.627810360525608,15,10,0.0
3504,24.65084422527157,15,10,0.0
3505,34.75179885755459,16,9,0.0
3506,14.786296367789118,14,11,0.0
3507,44.04612615239115,17,8,0.0
3508,25.067113868833246,15,10,0.0
3509,23.206808398882767,15,10,0.0
3510,34.70336612603079,16,9,0.0
3511,13.04402267223043,14,11,0.0
3512,23.62631051872427,15,10,0.0
3513,14.906568144069677,14,11,0.0
3514,23.92430518880399,15,10,0.0
3515,24.6357631539713,15,10,0.0
3516,24.384637716403063,15,10,0.0
3517,24.31732330389405,15,10,0.0
3518,13.41678041294532,14,11,0.0
3519,24.982636421583457,15,10,0.0
3520,24.689475310303354,15,10,0.0
3521,24.445777616383104,15,10,0.0
3522,22.485986411336448,15,10,0.0
3523,35.54508045437592,16,9,0.0
3524,14.653815276716376,14,11,0.0
3525,45.52561707607372,17,8,0.0
3526,24.76670278956427,15,10,0.0
3527,24.72833449420402,15,10,0.0
3528,3.8970810659971846,13,12,0.0
3529,25.184952750240736,15,10,0.0
3530,25.02858642568919,15,10,0.0
3531,25.49846308375259,15,10,0.0
3532,25.25593861103278,15,10,0.0
3533,35.498184037823215,16,9,0.0
3534,14.41545383403937,14,11,0.0
3535,46.075298481728154,17,8,0.0
3536,25.299658884595726,15,10,0.0
3537,13.830158977437126,14,11,0.0
3538,24.887386810278862,15,10,0.0
3539,25.53090915055434,15,10,0.0
3540,35.78720933391696,16,9,0.0
3541,25.315119824652783,15,10,0.0
3542,13.657333530728398,14,11,0.0
3543,34.967992138953576,16,9,0.0
3544,35.60411875080636,16,9,0.0
3545,24.527182569066515,15,10,0.0
3546,33.65205980484658,16,9,0.0
3547,25.087593148504276,15,10,0.0
3548,45.80041442883551,17,8,0.0
3549,24.580583700365622,15,10,0.0
3550,45.42502812288576,17,8,0.0
3551,24.847471225290484,15,10,0.0
3552,35.03400757655311,16,9,0.0
3553,24.737270454609845,15,10,0.0
3554,24.971357540945462,15,10,0.0
3555,35.72586734487783,16,9,0.0
3556,34.85550467236585,16,9,0.0
3557,15.462404370809988,14,11,0.0
3558,5.035292937300284,13,12,0.0
3559,34.71534230020258,16,9,0.0
3560,35.10817694700514,16,9,0.0
3561,24.435136701801056,15,10,0.0
3562,3.703028682215729,13,12,0.0
3563,3.8526950080069797,13,12,0.0
3564,16.253310429126312,14,11,0.0
3565,24.95508484403807,15,10,0.0
3566,36.335043803180355,16,9,0.0
3567,24.396033979766138,15,10,0.0
3568,14.386980867319975,14,11,0.0
3569,34.607307514943415,16,9,0.0
3570,34.45185832958714,16,9,0.0
3571,12.888981088308917,14,11,0.0
3572,35.72275004024297,16,9,0.0
3573,35.76371344946424,16,9,0.0
3574,24.725831224237126,15,10,0.0
3575,24.85328979527071,15,10,0.0
3576,14.355501860322073,14,11,0.0
3577,25.753218015310974,15,10,0.0
3578,34.00606984945571,16,9,0.0
3579,35.58171175309623,16,9,0.0
3580,14.98652979326559,14,11,0.0
3581,24.171518999697337,15,10,0.0
3582,23.975235631139157,15,10,0.0
3583,45.92299177113366,17,8,0.0
3584,45.34048944283312,17,8,0.0
3585,23.58302903888601,15,10,0.0
3586,24.52259251854987,15,10,0.0
3587,24.653216628927638,15,10,0.0
3588,4.161766582778085,13,12,0.0
3589,24.785610888207678,15,10,0.0
3590,25.67311031850955,15,10,0.0
3591,14.486702109783902,14,11,0.0
3592,24.616463690229164,15,10,0.0
3593,24.998580909447124,15,10,0.0
3594,44.31689833723215,17,8,0.0
3595,14.728310579413371,14,11,0.0
3596,25.347159518648684,15,10,0.0
3597,24.914726222790105,15,10,0.0
3598,36.15862777582329,16,9,0.0
3599,26.02777829046639,15,10,0.0
3600,45.45628990378857,17,8,0.0
3601,25.266613885647764,15,10,0.0
3602,35.30560333150094,16,9,0.0
3603,25.22236144458364,15,10,0.0
3604,36.770966624203076,16,9,0.0
3605,45.74489182436667,17,8,0.0
3606,23.62057769944206,15,10,0.0
3607,24.29116156246659,15,10,0.0
3608,34.84006351716094,16,9,0.0
3609,26.936349439796633,15,10,0.0
3610,4.219541057165355,13,12,0.0
3611,13.84244744601897,14,11,0.0
3612,2.6578479757517464,13,12,0.0
3613,26.293985164229465,15,10,0.0
3614,34.309916274411485,16,9,0.0
3615,24.263622973892158,15,10,0.0
3616,25.66614856335967,15,10,0.0
3617,34.961273042357064,16,9,0.0
3618,35.99199537647446,16,9,0.0
3619,24.05262420690609,15,10,0.0
3620,23.806461234094744,15,10,0.0
3621,45.2321869261373,17,8,0.0
3622,34.632737833433566,16,9,0.0
3623,24.50665524715043,15,10,0.0
3624,36.25610188006385,16,9,0.0
3625,4.8426290009821935,13,12,0.0
3626,46.08309334361984,17,8,0.0
3627,23.46690905629567,15,10,0.0
3628,24.41065437768093,15,10,0.0
3629,33.856023639491234,16,9,0.0
3630,24.856902825320482,15,10,0.0
3631,35.119722324389826,16,9,0.0
3632,35.45661654440892,16,9,0.0
3633,14.351313534863014,14,11,0.0
3634,34.81661670133991,16,9,0.0
3635,25.51254614754225,15,10,0.0
3636,34.899885919196706,16,9,0.0
3637,23.493855647825058,15,10,0.0
3638,14.919365976070779,14,11,0.0
3639,35.86368265932514,16,9,0.0
3640,14.337799549485084,14,11,0.0
3641,33.875645735909565,16,9,0.0
3642,35.36847116459417,16,9,0.0
3643,35.16133854125924,16,9,0.0
3644,4.422125884478877,13,12,0.0
3645,25.41221400964103,15,10,0.0
3646,44.3485652381399,17,8,0.0
3647,13.633159654530546,14,11,0.0
3648,24.097168480768044,15,10,0.0
3649,35.635750098698324,16,9,0.0
3650,14.657578187149044,14,11,0.0
3651,35.065575142053866,16,9,0.0
3652,25.688066270710152,15,10,0.0
3653,23.921891635198232,15,10,0.0
3654,34.06637485756977,16,9,0.0
3655,44.11004080908649,17,8,0.0
3656,45.21254737312249,17,8,0.0
3657,14.20535425874321,14,11,0.0
3658,4.752413281263253,13,12,0.0
3659,24.868649199553722,15,10,0.0
3660,33.57255001916068,16,9,0.0
3661,34.42717769993239,16,9,0.0
3662,23.473825176503414,15,10,0.0
3663,13.322775754677295,14,11,0.0
3664,25.274970334307223,15,10,0.0
3665,45.51019069780004,17,8,0.0
3666,24.205306975617617,15,10,0.0
3667,36.11110146936247,16,9,0.0
3668,35.61336419766486,16,9,0.0
3669,24.78324034557349,15,10,0.0
3670,25.565441059748355,15,10,0.0
3671,45.80186399017085,17,8,0.0
3672,24.066404963424652,15,10,0.0
3673,33.50890835334328,16,9,0.0
3674,5.089296948736818,13,12,0.0
3675,35.81705028665282,16,9,0.0
3676,14.573613019956877,14,11,0.0
3677,35.22898613285337,16,9,0.0
3678,34.71524048795334,16,9,0.0
3679,35.81220279896125,16,9,0.0
3680,25.346505534634403,15,10,0.0
3681,24.086003419343683,15,10,0.0
3682,23.7608381819836,15,10,0.0
3683,35.90680019546519,16,9,0.0
3684,45.52615158053465,17,8,0.0
3685,34.47262826756825,16,9,0.0
3686,34.89995897655843,16,9,0.0
3687,4.264368258919413,13,12,0.0
3688,45.62049658157686,17,8,0.0
3689,25.51523553154798,15,10,0.0
3690,25.406504706679353,15,10,0.0
3691,36.65984082799017,16,9,0.0
3692,5.258844264727745,13,12,0.0
3693,14.615894102980615,14,11,0.0
3694,35.34964033510339,16,9,0.0
3695,25.313680870080503,15,10,0.0
3696,34.61551523215394,16,9,0.0
3697,24.87896683605701,15,10,0.0
3698,35.18959904644732,16,9,0.0
3699,14.051645662807033,14,11,0.0
3700,13.863084233817386,14,11,0.0
3701,24.622217018997617,15,10,0.0
3702,35.14086679427597,16,9,0.0
3703,14.476304455831189,14,11,0.0
3704,24.530411845181842,15,10,0.0
3705,33.75885769742379,16,9,0.0
3706,24.15442607814564,15,10,0.0
3707,34.707364771744395,16,9,0.0
3708,35.3696499374812,16,9,0.0
3709,35.21571845311098,16,9,0.0
3710,34.597167185907104,16,9,0.0
3711,24.834750730026073,15,10,0.0
3712,23.25506275414599,15,10,0.0
3713,34.42072793152237,16,9,0.0
3714,16.030352466596185,14,11,0.0
3715,35.06232483045773,16,9,0.0
3716,12.922728094205869,14,11,0.0
3717,27.02615289694795,15,10,0.0
3718,4.433186816729997,13,12,0.0
3719,34.94225070879966,16,9,0.0
3720,45.075133152347114,17,8,0.0
3721,34.81907472703209,16,9,0.0
3722,34.86334973734994,16,9,0.0
3723,24.889723581675103,15,10,0.0
3724,45.726830287783834,17,8,0.0
3725,34.795148115734904,16,9,0.0
3726,44.207677429750476,17,8,0.0
3727,45.12557266545392,17,8,0.0
3728,23.855289687274226,15,10,0.0
3729,34.16887269713393,16,9,0.0
3730,34.583850864932266,16,9,0.0
3731,46.083076170273614,17,8,0.0
3732,13.77269533664464,14,11,0.0
3733,33.082159612250635,16,9,0.0
3734,25.46996672914193,15,10,0.0
3735,35.019424948580635,16,9,0.0
3736,33.45075504614451,16,9,0.0
3737,44.486639947714025,17,8,0.0
3738,33.94474790932018,16,9,0.0
3739,44.47705235180284,17,8,0.0
3740,25.396726793758592,15,10,0.0
3741,24.49921337817579,15,10,0.0
3742,44.87058738097044,17,8,0.0
3743,44.78549921778381,17,8,0.0
3744,13.86440527004551,14,11,0.0
3745,24.163528937966216,15,10,0.0
3746,24.41232264549192,15,10,0.0
3747,34.24381997415426,16,9,0.0
3748,13.964061775426263,14,11,0.0
3749,24.159444067293347,15,10,0.0
3750,23.86459192556256,15,10,0.0
3751,34.03590053583179,16,9,0.0
3752,34.649999166074544,16,9,0.0
3753,34.203109732001934,16,9,0.0
3754,34.99495812988872,16,9,0.0
3755,34.48080564575464,16,9,0.0
3756,34.653973552914714,16,9,0.0
3757,33.82929261584665,16,9,0.0
3758,24.885623490679862,15,10,0.0
3759,34.80359158325662,16,9,0.0
3760,4.741294756998613,13,12,0.0
3761,15.351023503807822,14,11,0.0
3762,44.908608180861364,17,8,0.0
3763,24.65599900546196,15,10,0.0
3764,34.07990339784172,16,9,0.0
3765,35.270618928713354,16,9,0.0
3766,45.34712408867413,17,8,0.0
3767,14.269036159416874,14,11,0.0
3768,25.99899013931112,15,10,0.0
3769,3.619295997540761,13,12,0.0
3770,15.137142838795002,14,11,0.0
3771,13.262369108702279,14,11,0.0
3772,34.51917007406097,16,9,0.0
3773,34.748416703362736,16,9,0.0
3774,24.70380420049156,15,10,0.0
3775,24.577878221155565,15,10,0.0
3776,24.701064505747194,15,10,0.0
3777,45.74294682213532,17,8,0.0
3778,24.113705968060792,15,10,0.0
3779,13.843141362355036,14,11,0.0
3780,23.78391256574916,15,10,0.0
3781,34.44851389962314,16,9,0.0
3782,13.537427146586515,14,11,0.0
3783,14.259336524508834,14,11,0.0
3784,34.11098217028693,16,9,0.0
3785,13.695010470262796,14,11,0.0
3786,35.06531408597659,16,9,0.0
3787,35.26742031558329,16,9,0.0
3788,24.677503981405735,15,10,0.0
3789,35.335714356374744,16,9,0.0
3790,15.847925379257731,14,11,0.0
3791,34.62844566721568,16,9,0.0
3792,15.464040666681617,14,11,0.0
3793,24.331234064298812,15,10,0.0
3794,34.87832790217514,16,9,0.0
3795,34.09207844313693,16,9,0.0
3796,36.06109884917816,16,9,0.0
3797,44.619338228899935,17,8,0.0
3798,43.826283023347784,17,8,0.0
3799,14.855074731480627,14,11,0.0
3800,34.53001928386944,16,9,0.0
3801,35.776776705210466,16,9,0.0
3802,14.545027087588092,14,11,0.0
3803,15.47168414778044,14,11,0.0
3804,24.622436835120357,15,10,0.0
3805,33.20436755460285,16,9,0.0
3806,26.002551340080267,15,10,0.0
3807,24.493391309821142,15,10,0.0
3808,35.30603593344433,16,9,0.0
3809,13.704580670255378,14,11,0.0
3810,25.807772195753763,15,10,0.0
3811,34.5709501469412,16,9,0.0
3812,35.41083126235763,16,9,0.0
3813,25.56088809608751,15,10,0.0
3814,35.269832182936824,16,9,0.0
3815,25.824829678133128,15,10,0.0
3816,34.29990052681797,16,9,0.0
3817,45.83783982470697,17,8,0.0
3818,34.690677656722066,16,9,0.0
3819,44.598546913572186,17,8,0.0
3820,24.609400910561046,15,10,0.0
3821,-7.130569426364348,12,13,0.0
3822,45.22057479575201,17,8,0.0
3823,44.79170153481339,17,8,0.0
3824,25.25801844363196,15,10,0.0
3825,35.29118718950733,16,9,0.0
3826,34.273366380716105,16,9,0.0
3827,35.022875299858754,16,9,0.0
3828,24.575723801689126,15,10,0.0
3829,33.10690422024439,16,9,0.0
3830,13.818950982933949,14,11,0.0
3831,34.5978630238323,16,9,0.0
3832,44.03634451760262,17,8,0.0
3833,24.529991652326537,15,10,0.0
3834,13.34173486769414,14,11,0.0
3835,34.16852673741427,16,9,0.0
3836,15.8822223291092,14,11,0.0
3837,34.169748751304404,16,9,0.0
3838,33.965738713403994,16,9,0.0
3839,34.57488592185767,16,9,0.0
3840,24.30994191168725,15,10,0.0
3841,34.80196789448571,16,9,0.0
3842,24.13166848767338,15,10,0.0
3843,23.918680145338087,15,10,0.0
3844,24.183932865188986,15,10,0.0
3845,14.850214588161343,14,11,0.0
3846,45.90828079265833,17,8,0.0
3847,3.701632104572602,13,12,0.0
3848,35.296743645890125,16,9,0.0
3849,44.81600958433298,17,8,0.0
3850,24.57678524060195,15,10,0.0
3851,24.84284973993853,15,10,0.0
3852,24.79677781424969,15,10,0.0
3853,23.383896761822754,15,10,0.0
3854,44.964785283521266,17,8,0.0
3855,25.18187521194243,15,10,0.0
3856,24.456132124047024,15,10,0.0
3857,14.963106143122346,14,11,0.0
3858,24.251384647897666,15,10,0.0
3859,35.334003723786275,16,9,0.0
3860,23.46689516104338,15,10,0.0
3861,33.83703013106375,16,9,0.0
3862,23.571058089834587,15,10,0.0
3863,24.289258474984248,15,10,0.0
3864,34.257067147265026,16,9,0.0
3865,45.73225304015852,17,8,0.0
3866,24.00188770166298,15,10,0.0
3867,24.888910674369093,15,10,0.0
3868,34.93325459995913,16,9,0.0
3869,34.97761840649734,16,9,0.0
3870,13.450222858134667,14,11,0.0
3871,26.044008390073934,15,10,0.0
3872,44.642148695467455,17,8,0.0
3873,33.43842460730004,16,9,0.0
3874,14.195354021311264,14,11,0.0
3875,34.71814061986988,16,9,0.0
3876,33.4905394098819,16,9,0.0
3877,45.78513075522275,17,8,0.0
3878,45.60391672832474,17,8,0.0
3879,44.11653843503284,17,8,0.0
3880,44.378684570523674,17,8,0.0
3881,44.923782600067646,17,8,0.0
3882,24.004998063151966,15,10,0.0
3883,44.30320213253164,17,8,0.0
3884,24.210548303104034,15,10,0.0
3885,46.03953994167565,17,8,0.0
3886,13.052547368821836,14,11,0.0
3887,4.106495216004231,13,12,0.0
3888,33.615500854100425,16,9,0.0
3889,44.302585171409575,17,8,0.0
3890,45.071330968222554,17,8,0.0
3891,43.940615693783755,17,8,0.0
3892,24.406278049106223,15,10,0.0
3893,35.04648112820249,16,9,0.0
3894,13.179841964730624,14,11,0.0
3895,14.188835105572771,14,11,0.0
3896,43.92235404207223,17,8,0.0
3897,34.155754461263584,16,9,0.0
3898,44.64802206419951,17,8,0.0
3899,13.1923033917877,14,11,0.0
3900,24.768805099898934,15,10,0.0
3901,35.558969730957436,16,9,0.0
3902,24.63620911309026,15,10,0.0
3903,34.545404289423914,16,9,0.0
3904,43.05764379097193,17,8,0.0
3905,12.949011058193083,14,11,0.0
3906,13.966143118376776,14,11,0.0
3907,32.4671698545873,16,9,0.0
3908,13.20464080205717,14,11,0.0
3909,34.106164800564784,16,9,0.0
3910,34.79875403816518,16,9,0.0
3911,35.91702914212151,16,9,0.0
3912,35.124628628922494,16,9,0.0
3913,44.28131602395589,17,8,0.0
3914,43.95621070166993,17,8,0.0
3915,14.915552209381204,14,11,0.0
3916,33.62953759789681,16,9,0.0
3917,25.21350141645423,15,10,0.0
3918,24.75308448211093,15,10,0.0
3919,24.11133889183661,15,10,0.0
3920,25.081255647907692,15,10,0.0
3921,33.9832259702869,16,9,0.0
3922,34.958167420795874,16,9,0.0
3923,23.20835674705045,15,10,0.0
3924,43.984687928193054,17,8,0.0
3925,25.348011874376322,15,10,0.0
3926,24.720342768896575,15,10,0.0
3927,24.191793899284463,15,10,0.0
3928,14.509289943414727,14,11,0.0
3929,24.789767625021714,15,10,0.0
3930,44.98244273320021,17,8,0.0
3931,34.02165510804117,16,9,0.0
3932,13.550319470582082,14,11,0.0
3933,34.53643468073268,16,9,0.0
3934,23.528267622206833,15,10,0.0
3935,43.756943367796836,17,8,0.0
3936,24.931049238667875,15,10,0.0
3937,44.63492731228268,17,8,0.0
3938,44.38009887655455,17,8,0.0
3939,24.199057005571007,15,10,0.0
3940,23.787372789191686,15,10,0.0
3941,14.126358521562713,14,11,0.0
3942,33.580531278069024,16,9,0.0
3943,44.482205984177426,17,8,0.0
3944,23.485245447580994,15,10,0.0
3945,34.89017677419487,16,9,0.0
3946,34.53728132598508,16,9,0.0
3947,23.194676223507493,15,10,0.0
3948,35.66700364885219,16,9,0.0
3949,34.30949725733094,16,9,0.0
3950,33.829892899215544,16,9,0.0
3951,33.45350549456792,16,9,0.0
3952,35.644769318803625,16,9,0.0
3953,-6.253835726546264,12,13,0.0
3954,34.40404726336894,16,9,0.0
3955,25.345326027861425,15,10,0.0
3956,13.310754367860778,14,11,0.0
3957,45.3726776742584,17,8,0.0
3958,35.886326739270565,16,9,0.0
3959,33.73501612289395,16,9,0.0
3960,33.70617933312796,16,9,0.0
3961,15.1476498604643,14,11,0.0
3962,23.395790548258056,15,10,0.0
3963,33.80903464737265,16,9,0.0
3964,34.71116522668434,16,9,0.0
3965,14.019714601431794,14,11,0.0
3966,45.653353573403805,17,8,0.0
3967,14.82572859303481,14,11,0.0
3968,44.855384612302615,17,8,0.0
3969,35.447453939085904,16,9,0.0
3970,34.18588462990816,16,9,0.0
3971,23.702464248412497,15,10,0.0
3972,13.027065617033672,14,11,0.0
3973,34.81779737161719,16,9,0.0
3974,24.638310607315105,15,10,0.0
3975,24.032238770828325,15,10,0.0
3976,44.940237256966995,17,8,0.0
3977,35.17774038698483,16,9,0.0
3978,23.61753742982784,15,10,0.0
3979,14.12944992915709,14,11,0.0
3980,33.71438999955274,16,9,0.0
3981,14.229602943086896,14,11,0.0
3982,4.222414551085404,13,12,0.0
3983,24.944314685420025,15,10,0.0
3984,24.163992421842504,15,10,0.0
3985,34.42091986573449,16,9,0.0
3986,23.891332332171356,15,10,0.0
3987,23.41696296752766,15,10,0.0
3988,13.561672777378911,14,11,0.0
3989,44.495350973164705,17,8,0.0
3990,45.76716654361479,17,8,0.0
3991,23.6842434235757,15,10,0.0
3992,34.67622803625615,16,9,0.0
3993,25.33264524496909,15,10,0.0
3994,33.9834405970778,16,9,0.0
3995,24.296248892892052,15,10,0.0
3996,34.8676231417397,16,9,0.0
3997,45.393175355936634,17,8,0.0
3998,23.141362830321196,15,10,0.0
3999,24.91568557575423,15,10,0.0
4000,34.19067839959346,16,9,0.0
